underlying,option,root,expiry,cp,strike,bid,bid_size,ask,ask_size,iv,open_interest,volume,delta,gamma,vega,theta,rho,theo,change,open,high,low,tick,last_trade_price,last_trade_time,percent_change,prev_day_close,spot,cboe_timestamp,collected_et
AAPL,AAPL260921C00245000,AAPL,2026-09-21,C,245.0,92.95,113.0,95.35,56.0,0.0,1.0,9.0,1.0,0.0,0.0,-0.0001,0.0,94.4644,3.42,91.96,94.08,91.96,no_change,94.07,2026-09-21T12:55:13,3.77275,90.6500015258789,339.465,2026-09-21 19:44:12,2026-09-21 15:45:04
AAPL,AAPL260921C00250000,AAPL,2026-09-21,C,250.0,88.0,107.0,89.95,43.0,0.0,1.0,29.0,1.0,0.0,0.0,-0.0001,0.0,89.4644,2.97,85.83,89.14,85.83,no_change,89.12,2026-09-21T12:55:13,3.44747,86.1500015258789,339.465,2026-09-21 19:44:12,2026-09-21 15:45:04
AAPL,AAPL260921C00255000,AAPL,2026-09-21,C,255.0,83.0,110.0,84.95,58.0,0.0,1.0,59.0,1.0,0.0,0.0,-0.0001,0.0,84.4644,2.57,79.43,84.21,79.43,up,83.72,2026-09-21T14:24:42,3.16697,81.1500015258789,339.465,2026-09-21 19:44:12,2026-09-21 15:45:04
AAPL,AAPL260921C00260000,AAPL,2026-09-21,C,260.0,78.55,108.0,79.85,38.0,0.0,45.0,41.0,1.0,0.0,0.0,-0.0001,0.0,79.4645,2.66,74.5,79.28,74.5,no_change,78.81,2026-09-21T15:08:49,3.4931,76.1500015258789,339.465,2026-09-21 19:44:12,2026-09-21 15:45:04
AAPL,AAPL260921C00265000,AAPL,2026-09-21,C,265.0,72.95,106.0,75.45,48.0,0.0,13.0,27.0,1.0,0.0,0.0,-0.0002,0.0,74.4645,2.74,71.13,74.23,71.13,up,73.89,2026-09-21T15:08:49,3.85102,71.1500015258789,339.465,2026-09-21 19:44:12,2026-09-21 15:45:04
AAPL,AAPL260921C00270000,AAPL,2026-09-21,C,270.0,68.0,109.0,70.2,13.0,0.0,2.0,23.0,0.9999,0.0,0.0,-0.0002,0.0,69.4646,2.41,67.37,68.95,66.32,no_change,68.56,2026-09-21T14:38:15,3.64323,66.1500015258789,339.465,2026-09-21 19:44:12,2026-09-21 15:45:04
AAPL,AAPL260921C00275000,AAPL,2026-09-21,C,275.0,63.0,109.0,65.45,47.0,0.0,1.0,43.0,0.9999,0.0,0.0,-0.0003,0.0,64.4646,3.005,61.4,64.02,61.4,no_change,63.63,2026-09-21T14:38:15,4.9567,60.625,339.465,2026-09-21 19:44:12,2026-09-21 15:45:04
AAPL,AAPL260921C00280000,AAPL,2026-09-21,C,280.0,58.1,109.0,60.1,14.0,0.0,1.0,24.0,0.9999,0.0,0.0,-0.0004,0.0,59.4647,2.445,56.62,58.69,56.62,up,58.57,2026-09-21T14:23:02,4.35635,56.125,339.465,2026-09-21 19:44:12,2026-09-21 15:45:04
AAPL,AAPL260921C00282500,AAPL,2026-09-21,C,282.5,55.45,109.0,57.95,57.0,0.0,0.0,24.0,0.9999,0.0,0.0,-0.0004,0.0,56.9647,2.515,55.01,56.14,55.01,no_change,56.14,2026-09-21T14:41:10,4.68998,53.625,339.465,2026-09-21 19:44:12,2026-09-21 15:45:04
AAPL,AAPL260921C00285000,AAPL,2026-09-21,C,285.0,52.95,174.0,54.85,37.0,0.0,2.0,22.0,0.9999,0.0,0.0,-0.0005,0.0,54.4648,2.585,49.2,53.85,49.2,no_change,53.71,2026-09-21T14:41:10,5.05623,51.125,339.465,2026-09-21 19:44:12,2026-09-21 15:45:04
AAPL,AAPL260921C00287500,AAPL,2026-09-21,C,287.5,50.45,110.0,52.9,43.0,0.0,0.0,24.0,0.9998,0.0,0.0,-0.0005,0.0,51.9648,2.355,49.05,51.22,48.95,down,50.98,2026-09-21T14:38:25,4.84319,48.625,339.465,2026-09-21 19:44:12,2026-09-21 15:45:04
AAPL,AAPL260921C00290000,AAPL,2026-09-21,C,290.0,48.1,107.0,50.0,32.0,0.0,41.0,21.0,0.9998,0.0,0.0,-0.0006,0.0,49.4649,1.965,46.5,49.01,46.28,up,48.54,2026-09-21T14:23:10,4.219,46.5749988555908,339.465,2026-09-21 19:44:12,2026-09-21 15:45:04
AAPL,AAPL260921C00292500,AAPL,2026-09-21,C,292.5,45.45,109.0,48.1,55.0,0.0,2.0,3.0,0.9998,0.0,0.0,-0.0006,0.0,46.965,2.21,43.84,46.58,43.84,down,45.86,2026-09-21T14:21:34,5.063,43.6499996185303,339.465,2026-09-21 19:44:12,2026-09-21 15:45:04
AAPL,AAPL260921C00295000,AAPL,2026-09-21,C,295.0,43.1,107.0,45.4,58.0,0.0,14.0,6.0,0.9998,0.0001,0.0,-0.0007,0.0,44.465,3.17,43.48,43.72,43.4,up,43.72,2026-09-21T14:24:15,7.81751,40.5499992370606,339.465,2026-09-21 19:44:12,2026-09-21 15:45:04
AAPL,AAPL260921C00297500,AAPL,2026-09-21,C,297.5,40.45,108.0,42.7,54.0,0.0,1.0,6.0,0.9997,0.0001,0.0,-0.0008,0.0,41.9651,2.41,39.68,41.06,39.68,up,41.06,2026-09-21T14:23:05,6.23545,38.6499996185303,339.465,2026-09-21 19:44:12,2026-09-21 15:45:04
AAPL,AAPL260921C00300000,AAPL,2026-09-21,C,300.0,37.95,308.0,39.8,62.0,0.0,123.0,12.0,0.9997,0.0001,0.0,-0.0008,0.0,39.4652,2.46,36.9,38.56,36.9,up,38.56,2026-09-21T14:22:52,6.8144,36.1000003814697,339.465,2026-09-21 19:44:12,2026-09-21 15:45:04
AAPL,AAPL260921C00302500,AAPL,2026-09-21,C,302.5,35.45,109.0,38.4,57.0,0.0,11.0,3.0,0.9997,0.0001,0.0,-0.0009,0.0,36.9652,2.24,34.48,35.89,34.48,up,35.89,2026-09-21T14:21:47,6.65676,33.6499996185303,339.465,2026-09-21 19:44:12,2026-09-21 15:45:04
AAPL,AAPL260921C00305000,AAPL,2026-09-21,C,305.0,32.95,110.0,35.0,58.0,0.0,12.0,2.0,0.9996,0.0001,0.0,-0.001,0.0,34.4653,1.855,33.34,33.38,33.34,up,33.38,2026-09-21T14:21:13,5.88422,31.5249996185303,339.465,2026-09-21 19:44:12,2026-09-21 15:45:04
AAPL,AAPL260921C00307500,AAPL,2026-09-21,C,307.5,30.45,109.0,32.9,56.0,0.0,12.0,6.0,0.9996,0.0002,0.0001,-0.0011,0.0,31.9654,2.025,30.25,31.52,30.25,down,31.15,2026-09-21T14:34:15,6.95279,29.125,339.465,2026-09-21 19:44:12,2026-09-21 15:45:04
AAPL,AAPL260921C00310000,AAPL,2026-09-21,C,310.0,27.95,173.0,29.8,63.0,0.0,91.0,31.0,0.9995,0.0002,0.0001,-0.0012,0.0,29.4655,1.85,27.45,29.13,27.03,down,28.35,2026-09-21T14:20:08,6.98113,26.5,339.465,2026-09-21 19:44:12,2026-09-21 15:45:04
AAPL,AAPL260921C00312500,AAPL,2026-09-21,C,312.5,25.45,107.0,28.3,55.0,0.0,1.0,0.0,0.9994,0.0002,0.0001,-0.0013,0.0,26.9656,0.0,0.0,0.0,0.0,down,23.3,2026-09-18T15:21:46,0.0,23.9249992370605,339.465,2026-09-21 19:44:12,2026-09-21 15:45:04
AAPL,AAPL260921C00315000,AAPL,2026-09-21,C,315.0,24.0,232.0,24.6,65.0,0.0,336.0,40.0,0.9993,0.0003,0.0001,-0.0014,0.0,24.4657,3.2,19.63,24.0,18.66,up,24.0,2026-09-21T15:16:59,15.3846,20.8000001907349,339.465,2026-09-21 19:44:12,2026-09-21 15:45:04
AAPL,AAPL260921C00317500,AAPL,2026-09-21,C,317.5,20.45,111.0,22.9,56.0,0.0,40.0,8.0,0.9992,0.0004,0.0001,-0.0015,0.0,21.9658,2.24,19.5,21.53,19.5,no_change,21.24,2026-09-21T15:11:38,11.7895,19.0,339.465,2026-09-21 19:44:12,2026-09-21 15:45:04
AAPL,AAPL260921C00320000,AAPL,2026-09-21,C,320.0,18.5,339.0,20.2,313.0,0.0,4930.0,75.0,0.999,0.0005,0.0001,-0.0016,0.0,19.4659,3.29,14.58,19.23,14.5,down,18.99,2026-09-21T15:20:54,20.9554,15.7000002861023,339.465,2026-09-21 19:44:12,2026-09-21 15:45:04
AAPL,AAPL260921C00322500,AAPL,2026-09-21,C,322.5,15.85,320.0,17.6,78.0,0.0,156.0,33.0,0.9989,0.0007,0.0001,-0.0017,0.0,16.966,2.4,14.01,16.62,12.85,down,16.0,2026-09-21T15:01:40,17.6471,13.5999999046326,339.465,2026-09-21 19:44:12,2026-09-21 15:45:04
AAPL,AAPL260921C00325000,AAPL,2026-09-21,C,325.0,13.6,403.0,14.55,25.0,0.0,1757.0,266.0,0.9986,0.0009,0.0002,-0.0018,0.0,14.4662,2.75,9.6,14.16,8.27,up,13.95,2026-09-21T15:20:31,24.5536,11.2000002861023,339.465,2026-09-21 19:44:12,2026-09-21 15:45:04
AAPL,AAPL260921C00327500,AAPL,2026-09-21,C,327.5,11.1,454.0,12.65,165.0,0.0,282.0,122.0,0.9983,0.0013,0.0002,-0.002,0.0,11.9663,2.695,7.15,11.75,6.1,up,11.42,2026-09-21T15:21:04,30.8883,8.72499990463257,339.465,2026-09-21 19:44:12,2026-09-21 15:45:04
AAPL,AAPL260921C00330000,AAPL,2026-09-21,C,330.0,8.8,405.0,9.5,1.0,0.0,3864.0,920.0,0.9978,0.0021,0.0003,-0.0021,0.0,9.4664,2.7,5.55,9.25,3.49,up,9.25,2026-09-21T15:28:21,41.2214,6.54999995231628,339.465,2026-09-21 19:44:12,2026-09-21 15:45:04
AAPL,AAPL260921C00332500,AAPL,2026-09-21,C,332.5,6.75,189.0,7.4,214.0,1.2293,1573.0,4111.0,0.997,0.0036,0.0003,-0.0022,0.0,6.9666,2.25,3.4,7.03,1.67,no_change,6.65,2026-09-21T15:29:01,51.1364,4.40000009536743,339.465,2026-09-21 19:44:12,2026-09-21 15:45:04
AAPL,AAPL260921C00335000,AAPL,2026-09-21,C,335.0,4.2,248.0,4.5,4.0,0.0,4315.0,43109.0,0.9954,0.0078,0.0005,-0.0024,0.0,4.4667,1.495,2.01,4.3,0.6,down,4.25,2026-09-21T15:28:49,54.265,2.75499999523163,339.465,2026-09-21 19:44:12,2026-09-21 15:45:04
AAPL,AAPL260921C00337500,AAPL,2026-09-21,C,337.5,1.89,193.0,1.98,1.0,0.0,3274.0,165477.0,0.962,0.0743,0.0032,-0.0168,0.0,1.9811,0.425,0.8,1.96,0.16,up,1.95,2026-09-21T15:29:12,27.8689,1.52499997615814,339.465,2026-09-21 19:44:12,2026-09-21 15:45:04
AAPL,AAPL260921C00340000,AAPL,2026-09-21,C,340.0,0.09,205.0,0.1,117.0,0.1967,9834.0,270980.0,0.2533,0.3978,0.0118,-0.122,0.0,0.122,-0.645,0.29,0.5,0.03,up,0.1,2026-09-21T15:29:12,-86.5772,0.745000004768372,339.465,2026-09-21 19:44:12,2026-09-21 15:45:04
AAPL,AAPL260921C00342500,AAPL,2026-09-21,C,342.5,0.0,0.0,0.01,155.0,0.3626,3713.0,35764.0,0.0096,0.02,0.001,-0.0041,0.0,0.0041,-0.335,0.08,0.12,0.01,no_change,0.01,2026-09-21T15:27:10,-97.1014,0.344999998807907,339.465,2026-09-21 19:44:12,2026-09-21 15:45:04
AAPL,AAPL260921C00345000,AAPL,2026-09-21,C,345.0,0.0,0.0,0.01,3902.0,0.6122,11442.0,16364.0,0.0041,0.0059,0.0005,-0.0026,0.0,0.0026,-0.14,0.05,0.05,0.01,no_change,0.01,2026-09-21T15:22:25,-93.3333,0.149999998509884,339.465,2026-09-21 19:44:12,2026-09-21 15:45:04
AAPL,AAPL260921C00347500,AAPL,2026-09-21,C,347.5,0.0,0.0,0.01,319.0,0.8492,3477.0,1904.0,0.0029,0.0031,0.0003,-0.0024,0.0,0.0024,-0.06,0.03,0.04,0.01,no_change,0.01,2026-09-21T15:20:15,-85.7143,0.0699999984353781,339.465,2026-09-21 19:44:12,2026-09-21 15:45:04
AAPL,AAPL260921C00350000,AAPL,2026-09-21,C,350.0,0.0,0.0,0.01,167.0,1.0779,4261.0,3636.0,0.0022,0.0019,0.0003,-0.0023,0.0,0.0023,-0.025,0.01,0.02,0.01,no_change,0.01,2026-09-21T15:24:10,-71.4286,0.034999999217689,339.465,2026-09-21 19:44:12,2026-09-21 15:45:04
AAPL,AAPL260921C00352500,AAPL,2026-09-21,C,352.5,0.0,0.0,0.01,21.0,1.3004,309.0,86.0,0.0018,0.0013,0.0002,-0.0022,0.0,0.0021,-0.01,0.02,0.1,0.01,no_change,0.01,2026-09-21T11:59:55,-50.0,0.0199999995529652,339.465,2026-09-21 19:44:12,2026-09-21 15:45:04
AAPL,AAPL260921C00355000,AAPL,2026-09-21,C,355.0,0.0,0.0,0.01,21.0,1.5177,977.0,64.0,0.0015,0.001,0.0002,-0.002,0.0,0.002,-0.005,0.02,0.03,0.01,no_change,0.01,2026-09-21T14:05:03,-33.3333,0.0149999996647239,339.465,2026-09-21 19:44:12,2026-09-21 15:45:04
AAPL,AAPL260921C00357500,AAPL,2026-09-21,C,357.5,0.0,0.0,0.01,9.0,1.7306,15.0,29.0,0.0013,0.0007,0.0001,-0.0019,0.0,0.0019,-0.005,0.01,0.01,0.01,no_change,0.01,2026-09-21T15:26:20,-33.3333,0.0149999996647239,339.465,2026-09-21 19:44:12,2026-09-21 15:45:04
AAPL,AAPL260921C00360000,AAPL,2026-09-21,C,360.0,0.0,0.0,0.01,5.0,1.9396,1129.0,95.0,0.0011,0.0006,0.0001,-0.0018,0.0,0.0018,0.0,0.01,0.01,0.01,no_change,0.01,2026-09-21T14:59:33,2.23517e-06,0.00999999977648258,339.465,2026-09-21 19:44:12,2026-09-21 15:45:04
AAPL,AAPL260921C00362500,AAPL,2026-09-21,C,362.5,0.0,0.0,0.01,11.0,2.1452,10.0,56.0,0.0009,0.0004,0.0001,-0.0017,0.0,0.0017,0.005,0.01,0.01,0.01,no_change,0.01,2026-09-21T10:08:35,100.0,0.00499999988824129,339.465,2026-09-21 19:44:12,2026-09-21 15:45:04
AAPL,AAPL260921C00365000,AAPL,2026-09-21,C,365.0,0.0,0.0,0.01,30.0,2.3476,182.0,59.0,0.0008,0.0004,0.0001,-0.0016,0.0,0.0016,0.005,0.01,0.01,0.01,no_change,0.01,2026-09-21T12:49:55,100.0,0.00499999988824129,339.465,2026-09-21 19:44:12,2026-09-21 15:45:04
AAPL,AAPL260921C00370000,AAPL,2026-09-21,C,370.0,0.0,0.0,0.01,188.0,2.7438,45.0,32.0,0.0006,0.0002,0.0001,-0.0014,0.0,0.0014,0.005,0.01,0.01,0.01,no_change,0.01,2026-09-21T12:00:34,100.0,0.00499999988824129,339.465,2026-09-21 19:44:12,2026-09-21 15:45:04
AAPL,AAPL260921C00375000,AAPL,2026-09-21,C,375.0,0.0,0.0,0.01,2.0,3.1296,2.0,30.0,0.0005,0.0002,0.0001,-0.0013,0.0,0.0013,0.005,0.01,0.01,0.01,no_change,0.01,2026-09-21T10:08:35,100.0,0.00499999988824129,339.465,2026-09-21 19:44:12,2026-09-21 15:45:04
AAPL,AAPL260921C00380000,AAPL,2026-09-21,C,380.0,0.0,0.0,0.01,1.0,3.5063,2.0,0.0,0.0004,0.0001,0.0,-0.0011,0.0,0.0011,0.0,0.0,0.0,0.0,no_change,0.01,2026-09-17T15:48:38,0.0,0.00499999988824129,339.465,2026-09-21 19:44:12,2026-09-21 15:45:04
AAPL,AAPL260921C00385000,AAPL,2026-09-21,C,385.0,0.0,0.0,0.01,1.0,3.8746,0.0,0.0,0.0004,0.0001,0.0,-0.001,0.0,0.001,0.0,0.0,0.0,0.0,no_change,0.0,,0.0,0.00499999988824129,339.465,2026-09-21 19:44:12,2026-09-21 15:45:04
AAPL,AAPL260921C00390000,AAPL,2026-09-21,C,390.0,0.0,0.0,0.01,1072.0,4.2352,0.0,4.0,0.0003,0.0001,0.0,-0.0009,0.0,0.0009,0.005,0.01,0.01,0.01,up,0.01,2026-09-21T09:59:25,100.0,0.00499999988824129,339.465,2026-09-21 19:44:12,2026-09-21 15:45:04
AAPL,AAPL260921C00395000,AAPL,2026-09-21,C,395.0,0.0,0.0,0.01,1080.0,4.5885,22.0,22.0,0.0002,0.0001,0.0,-0.0008,0.0,0.0008,0.005,0.01,0.01,0.01,no_change,0.01,2026-09-21T12:31:33,100.0,0.00499999988824129,339.465,2026-09-21 19:44:12,2026-09-21 15:45:04
AAPL,AAPL260921P00245000,AAPL,2026-09-21,P,245.0,0.0,0.0,0.01,1010.0,0.0,11.0,0.0,0.0,0.0,0.0,-0.0001,0.0,0.0001,0.0,0.0,0.0,0.0,down,0.01,2026-09-17T15:58:31,0.0,0.00499999988824129,339.465,2026-09-21 19:44:12,2026-09-21 15:45:04
AAPL,AAPL260921P00250000,AAPL,2026-09-21,P,250.0,0.0,0.0,0.01,1010.0,0.0,66.0,0.0,0.0,0.0,0.0,-0.0001,0.0,0.0001,0.0,0.0,0.0,0.0,down,0.02,2026-09-17T15:58:31,0.0,0.00499999988824129,339.465,2026-09-21 19:44:12,2026-09-21 15:45:04
AAPL,AAPL260921P00255000,AAPL,2026-09-21,P,255.0,0.0,0.0,0.01,1010.0,8.3838,72.0,0.0,0.0,0.0,0.0,-0.0001,0.0,0.0001,0.0,0.0,0.0,0.0,down,0.01,2026-09-18T11:22:35,0.0,0.00499999988824129,339.465,2026-09-21 19:44:12,2026-09-21 15:45:04
AAPL,AAPL260921P00260000,AAPL,2026-09-21,P,260.0,0.0,0.0,0.01,21.0,7.8513,10.0,22.0,0.0,0.0,0.0,-0.0001,0.0,0.0001,0.005,0.16,0.16,0.01,no_change,0.01,2026-09-21T10:41:55,100.0,0.00499999988824129,339.465,2026-09-21 19:44:12,2026-09-21 15:45:04
AAPL,AAPL260921P00265000,AAPL,2026-09-21,P,265.0,0.0,0.0,0.01,11.0,7.3272,9522.0,8.0,0.0,0.0,0.0,-0.0002,0.0,0.0002,0.005,0.01,0.01,0.01,no_change,0.01,2026-09-21T09:53:50,100.0,0.00499999988824129,339.465,2026-09-21 19:44:12,2026-09-21 15:45:04
AAPL,AAPL260921P00270000,AAPL,2026-09-21,P,270.0,0.0,0.0,0.01,50.0,6.811,82.0,12.0,-0.0001,0.0,0.0,-0.0002,0.0,0.0002,0.005,0.01,0.01,0.01,no_change,0.01,2026-09-21T12:22:27,100.0,0.00499999988824129,339.465,2026-09-21 19:44:12,2026-09-21 15:45:04
AAPL,AAPL260921P00275000,AAPL,2026-09-21,P,275.0,0.0,0.0,0.03,13.0,6.9266,31.0,11.0,-0.0001,0.0,0.0,-0.0003,0.0,0.0003,-0.02,0.01,0.01,0.01,no_change,0.01,2026-09-21T09:58:44,-66.6667,0.0299999993294477,339.465,2026-09-21 19:44:12,2026-09-21 15:45:04
AAPL,AAPL260921P00280000,AAPL,2026-09-21,P,280.0,0.0,0.0,0.01,2.0,5.8002,23.0,6.0,-0.0001,0.0,0.0,-0.0004,0.0,0.0004,-0.06,0.01,0.01,0.01,no_change,0.01,2026-09-21T12:26:15,-85.7143,0.0700000002980232,339.465,2026-09-21 19:44:12,2026-09-21 15:45:04
AAPL,AAPL260921P00282500,AAPL,2026-09-21,P,282.5,0.0,0.0,0.04,23.0,6.2846,8.0,6.0,-0.0001,0.0,0.0,-0.0004,0.0,0.0004,-0.17,0.09,0.09,0.09,up,0.09,2026-09-21T12:26:15,-65.3846,0.259999990463257,339.465,2026-09-21 19:44:12,2026-09-21 15:45:04
AAPL,AAPL260921P00285000,AAPL,2026-09-21,P,285.0,0.0,0.0,0.01,6.0,5.3046,297.0,5.0,-0.0001,0.0,0.0,-0.0005,0.0,0.0005,-0.045,0.01,0.01,0.01,down,0.01,2026-09-21T09:49:11,-81.8182,0.0549999997019768,339.465,2026-09-21 19:44:12,2026-09-21 15:45:04
AAPL,AAPL260921P00287500,AAPL,2026-09-21,P,287.5,0.0,0.0,0.06,108.0,5.983,47.0,4.0,-0.0001,0.0,0.0,-0.0005,0.0,0.0005,-0.01,0.01,0.04,0.01,no_change,0.04,2026-09-21T13:12:56,-20.0,0.0500000007450581,339.465,2026-09-21 19:44:12,2026-09-21 15:45:04
AAPL,AAPL260921P00290000,AAPL,2026-09-21,P,290.0,0.0,0.0,0.01,18.0,4.8148,120.0,3.0,-0.0002,0.0,0.0,-0.0006,0.0,0.0006,-0.005,0.07,0.07,0.05,down,0.05,2026-09-21T13:12:56,-9.09091,0.0549999997019768,339.465,2026-09-21 19:44:12,2026-09-21 15:45:04
AAPL,AAPL260921P00292500,AAPL,2026-09-21,P,292.5,0.0,0.0,0.04,77.0,5.1939,242.0,4.0,-0.0002,0.0,0.0,-0.0006,0.0,0.0006,-0.11,0.01,0.01,0.01,no_change,0.01,2026-09-21T15:28:50,-91.6667,0.119999997317791,339.465,2026-09-21 19:44:12,2026-09-21 15:45:04
AAPL,AAPL260921P00295000,AAPL,2026-09-21,P,295.0,0.0,0.0,0.03,63.0,4.784,97.0,1.0,-0.0002,0.0001,0.0,-0.0007,0.0,0.0007,-0.22,0.03,0.03,0.03,no_change,0.03,2026-09-21T15:28:50,-88.0,0.25,339.465,2026-09-21 19:44:12,2026-09-21 15:45:04
AAPL,AAPL260921P00297500,AAPL,2026-09-21,P,297.5,0.0,0.0,0.11,226.0,5.2221,19.0,2.0,-0.0003,0.0001,0.0,-0.0008,0.0,0.0008,-0.235,0.01,0.01,0.01,down,0.01,2026-09-21T12:25:58,-95.9184,0.245000004768372,339.465,2026-09-21 19:44:12,2026-09-21 15:45:04
AAPL,AAPL260921P00300000,AAPL,2026-09-21,P,300.0,0.0,0.0,0.08,160.0,4.7411,422.0,14.0,-0.0003,0.0001,0.0,-0.0008,0.0,0.0008,-0.015,0.01,0.01,0.01,no_change,0.01,2026-09-21T09:45:53,-60.0,0.025000000372529,339.465,2026-09-21 19:44:12,2026-09-21 15:45:04
AAPL,AAPL260921P00302500,AAPL,2026-09-21,P,302.5,0.0,0.0,0.04,98.0,4.1225,140.0,15.0,-0.0003,0.0001,0.0,-0.0009,0.0,0.0009,0.0,0.01,0.01,0.01,no_change,0.01,2026-09-21T14:05:00,2.23517e-06,0.00999999977648258,339.465,2026-09-21 19:44:12,2026-09-21 15:45:04
AAPL,AAPL260921P00305000,AAPL,2026-09-21,P,305.0,0.0,0.0,0.01,34.0,3.3743,309.0,50.0,-0.0004,0.0001,0.0,-0.001,0.0,0.001,-0.01,0.01,0.01,0.01,no_change,0.01,2026-09-21T13:54:34,-50.0,0.0199999995529652,339.465,2026-09-21 19:44:12,2026-09-21 15:45:04
AAPL,AAPL260921P00307500,AAPL,2026-09-21,P,307.5,0.0,0.0,0.01,4.0,3.1376,80.0,48.0,-0.0004,0.0002,0.0001,-0.0011,0.0,0.0011,-0.015,0.01,0.01,0.01,no_change,0.01,2026-09-21T13:54:34,-60.0,0.0249999994412065,339.465,2026-09-21 19:44:12,2026-09-21 15:45:04
AAPL,AAPL260921P00310000,AAPL,2026-09-21,P,310.0,0.0,0.0,0.01,20.0,2.9014,2533.0,100.0,-0.0005,0.0002,0.0001,-0.0012,0.0,0.0012,-0.01,0.01,0.02,0.01,no_change,0.01,2026-09-21T14:05:03,-50.0,0.0199999995529652,339.465,2026-09-21 19:44:12,2026-09-21 15:45:04
AAPL,AAPL260921P00312500,AAPL,2026-09-21,P,312.5,0.0,0.0,0.1,193.0,3.4237,207.0,96.0,-0.0006,0.0002,0.0001,-0.0013,0.0,0.0013,0.0,0.01,0.04,0.01,no_change,0.02,2026-09-21T13:54:40,2.23517e-06,0.0199999995529652,339.465,2026-09-21 19:44:12,2026-09-21 15:45:04
AAPL,AAPL260921P00315000,AAPL,2026-09-21,P,315.0,0.0,0.0,0.01,12.0,2.4304,1287.0,247.0,-0.0007,0.0003,0.0001,-0.0014,0.0,0.0014,-0.015,0.01,0.04,0.01,no_change,0.01,2026-09-21T14:40:35,-60.0,0.0249999994412065,339.465,2026-09-21 19:44:12,2026-09-21 15:45:04
AAPL,AAPL260921P00317500,AAPL,2026-09-21,P,317.5,0.0,0.0,0.01,13.0,2.1952,340.0,13.0,-0.0008,0.0004,0.0001,-0.0015,0.0,0.0015,-0.02,0.03,0.03,0.01,no_change,0.01,2026-09-21T14:26:47,-66.6667,0.0299999993294477,339.465,2026-09-21 19:44:12,2026-09-21 15:45:04
AAPL,AAPL260921P00320000,AAPL,2026-09-21,P,320.0,0.0,0.0,0.01,17.0,1.9598,2215.0,247.0,-0.001,0.0005,0.0001,-0.0016,0.0,0.0016,-0.035,0.02,0.04,0.01,no_change,0.01,2026-09-21T13:31:55,-77.7778,0.0449999989941716,339.465,2026-09-21 19:44:12,2026-09-21 15:45:04
AAPL,AAPL260921P00322500,AAPL,2026-09-21,P,322.5,0.0,0.0,0.01,325.0,1.7239,1522.0,1338.0,-0.0011,0.0007,0.0001,-0.0017,0.0,0.0017,-0.07,0.03,0.05,0.01,down,0.01,2026-09-21T15:14:20,-87.5,0.080000001937151,339.465,2026-09-21 19:44:12,2026-09-21 15:45:04
AAPL,AAPL260921P00325000,AAPL,2026-09-21,P,325.0,0.0,0.0,0.01,168.0,1.4872,3358.0,11608.0,-0.0014,0.0009,0.0002,-0.0018,0.0,0.0018,-0.11,0.06,0.07,0.01,no_change,0.01,2026-09-21T13:13:27,-91.6667,0.120000001043081,339.465,2026-09-21 19:44:12,2026-09-21 15:45:04
AAPL,AAPL260921P00327500,AAPL,2026-09-21,P,327.5,0.0,0.0,0.01,70.0,1.249,2287.0,15886.0,-0.0017,0.0013,0.0002,-0.002,0.0,0.002,-0.215,0.11,0.17,0.01,no_change,0.01,2026-09-21T15:20:43,-95.5556,0.224999994039536,339.465,2026-09-21 19:44:12,2026-09-21 15:45:04
AAPL,AAPL260921P00330000,AAPL,2026-09-21,P,330.0,0.0,0.0,0.01,84.0,1.0085,3158.0,19159.0,-0.0022,0.0021,0.0003,-0.0021,0.0,0.0021,-0.43,0.2,0.45,0.01,up,0.03,2026-09-21T15:06:46,-93.4783,0.459999993443489,339.465,2026-09-21 19:44:12,2026-09-21 15:45:04
AAPL,AAPL260921P00332500,AAPL,2026-09-21,P,332.5,0.0,0.0,0.01,252.0,0.7643,2626.0,35248.0,-0.003,0.0036,0.0003,-0.0022,0.0,0.0022,-0.9,0.65,1.19,0.01,no_change,0.01,2026-09-21T15:04:45,-98.9011,0.909999996423721,339.465,2026-09-21 19:44:12,2026-09-21 15:45:04
AAPL,AAPL260921P00335000,AAPL,2026-09-21,P,335.0,0.0,0.0,0.01,686.0,0.5139,3401.0,68930.0,-0.0046,0.0078,0.0005,-0.0024,0.0,0.0024,-1.67,1.36,2.61,0.01,no_change,0.01,2026-09-21T15:27:08,-99.4048,1.68000000715256,339.465,2026-09-21 19:44:12,2026-09-21 15:45:04
AAPL,AAPL260921P00337500,AAPL,2026-09-21,P,337.5,0.02,6.0,0.03,1150.0,0.3286,1908.0,92883.0,-0.038,0.0743,0.0032,-0.0168,0.0,0.0168,-2.95,2.92,4.7,0.02,no_change,0.02,2026-09-21T15:29:08,-99.3266,2.97000002861023,339.465,2026-09-21 19:44:12,2026-09-21 15:45:04
AAPL,AAPL260921P00340000,AAPL,2026-09-21,P,340.0,0.65,46.0,0.67,1.0,0.2266,140.0,12582.0,-0.7467,0.3978,0.0118,-0.122,0.0,0.6577,-4.07,6.0,7.5,0.68,no_change,0.68,2026-09-21T15:29:10,-85.6842,4.75,339.465,2026-09-21 19:44:12,2026-09-21 15:45:04
AAPL,AAPL260921P00342500,AAPL,2026-09-21,P,342.5,3.0,4.0,3.2,165.0,0.5628,104.0,398.0,-0.9904,0.02,0.001,-0.0041,0.0,3.0398,-3.5,8.5,8.75,3.3,down,3.3,2026-09-21T15:28:07,-51.4706,6.79999995231628,339.465,2026-09-21 19:44:12,2026-09-21 15:45:04
AAPL,AAPL260921P00345000,AAPL,2026-09-21,P,345.0,5.0,164.0,6.65,94.0,1.2957,42.0,70.0,-0.9959,0.0059,0.0005,-0.0026,0.0,5.5382,-2.275,10.83,10.83,5.8,up,6.9,2026-09-21T13:57:31,-24.7956,9.1749997138977,339.465,2026-09-21 19:44:12,2026-09-21 15:45:04
AAPL,AAPL260921P00347500,AAPL,2026-09-21,P,347.5,7.95,37.0,9.15,92.0,1.9945,9.0,15.0,-0.9971,0.0031,0.0003,-0.0024,0.0,8.0381,-3.0,11.5,11.5,8.4,up,8.65,2026-09-21T14:29:49,-25.7511,11.6500000953674,339.465,2026-09-21 19:44:12,2026-09-21 15:45:04
AAPL,AAPL260921P00350000,AAPL,2026-09-21,P,350.0,10.0,174.0,11.85,104.0,2.2193,0.0,42.0,-0.9978,0.0019,0.0003,-0.0023,0.0,10.5379,-3.025,17.1,17.1,11.03,down,11.3,2026-09-21T14:11:57,-21.1169,14.3249998092651,339.465,2026-09-21 19:44:12,2026-09-21 15:45:04
AAPL,AAPL260921P00352500,AAPL,2026-09-21,P,352.5,12.4,114.0,14.9,57.0,2.9281,1.0,97.0,-0.9982,0.0013,0.0002,-0.0022,0.0,13.0378,-2.815,18.45,18.45,14.19,up,14.21,2026-09-21T14:19:29,-16.5345,17.0250005722046,339.465,2026-09-21 19:44:12,2026-09-21 15:45:04
AAPL,AAPL260921P00355000,AAPL,2026-09-21,P,355.0,15.4,36.0,17.45,58.0,3.6846,0.0,4.0,-0.9985,0.001,0.0002,-0.002,0.0,15.5377,-1.035,21.17,21.17,18.02,up,18.49,2026-09-21T10:51:28,-5.3009,19.5250005722046,339.465,2026-09-21 19:44:12,2026-09-21 15:45:04
AAPL,AAPL260921P00357500,AAPL,2026-09-21,P,357.5,17.45,100.0,19.85,56.0,3.6782,0.0,14.0,-0.9987,0.0007,0.0001,-0.0019,0.0,18.0376,-2.98,23.71,23.71,18.5,down,18.62,2026-09-21T13:13:44,-13.7963,21.6000003814697,339.465,2026-09-21 19:44:12,2026-09-21 15:45:04
AAPL,AAPL260921P00360000,AAPL,2026-09-21,P,360.0,20.15,32.0,22.45,67.0,4.2733,0.0,6.0,-0.9989,0.0006,0.0001,-0.0018,0.0,20.5375,-0.675,23.3,23.6,23.25,no_change,23.6,2026-09-21T10:50:47,-2.78064,24.2749996185303,339.465,2026-09-21 19:44:12,2026-09-21 15:45:04
AAPL,AAPL260921P00362500,AAPL,2026-09-21,P,362.5,22.85,37.0,25.0,59.0,4.8245,0.0,2.0,-0.9991,0.0004,0.0001,-0.0017,0.0,23.0374,-0.71,25.86,25.89,25.86,up,25.89,2026-09-21T10:52:49,-2.66917,26.6000003814697,339.465,2026-09-21 19:44:12,2026-09-21 15:45:04
AAPL,AAPL260921P00365000,AAPL,2026-09-21,P,365.0,25.1,94.0,27.45,57.0,4.9429,0.0,22.0,-0.9992,0.0004,0.0001,-0.0016,0.0,25.5373,-3.05,28.18,28.43,25.9,up,26.05,2026-09-21T12:47:23,-10.4811,29.1000003814697,339.465,2026-09-21 19:44:12,2026-09-21 15:45:04
AAPL,AAPL260921P00370000,AAPL,2026-09-21,P,370.0,30.2,32.0,31.6,60.0,4.8155,0.0,26.0,-0.9994,0.0002,0.0001,-0.0014,0.0,30.5371,-3.03,33.25,33.29,31.0,down,31.07,2026-09-21T12:47:47,-8.88563,34.1000003814697,339.465,2026-09-21 19:44:12,2026-09-21 15:45:04
AAPL,AAPL260921P00375000,AAPL,2026-09-21,P,375.0,34.6,107.0,37.55,50.0,5.8474,0.0,2.0,-0.9995,0.0002,0.0001,-0.0013,0.0,35.537,-1.6,37.7,37.85,37.7,up,37.85,2026-09-21T11:27:30,-4.05577,39.4500007629394,339.465,2026-09-21 19:44:12,2026-09-21 15:45:04
AAPL,AAPL260921P00380000,AAPL,2026-09-21,P,380.0,39.7,111.0,42.15,56.0,6.0475,0.0,3.0,-0.9996,0.0001,0.0,-0.0011,0.0,40.5368,-2.38,43.14,43.45,41.67,down,41.67,2026-09-21T13:50:20,-5.40295,44.0499992370606,339.465,2026-09-21 19:44:12,2026-09-21 15:45:04
AAPL,AAPL260921P00385000,AAPL,2026-09-21,P,385.0,45.15,54.0,47.55,55.0,7.6604,0.0,1.0,-0.9996,0.0001,0.0,-0.001,0.0,45.5367,-2.45,46.6,46.6,46.6,down,46.6,2026-09-21T13:50:20,-4.99491,49.0500011444092,339.465,2026-09-21 19:44:12,2026-09-21 15:45:04
AAPL,AAPL260921P00390000,AAPL,2026-09-21,P,390.0,50.05,102.0,52.2,55.0,7.7249,0.0,0.0,-0.9997,0.0001,0.0,-0.0009,0.0,50.5366,0.0,0.0,0.0,0.0,no_change,0.0,,0.0,54.0750007629394,339.465,2026-09-21 19:44:12,2026-09-21 15:45:04
AAPL,AAPL260921P00395000,AAPL,2026-09-21,P,395.0,54.6,108.0,57.55,38.0,8.1411,0.0,0.0,-0.9998,0.0001,0.0,-0.0008,0.0,55.5365,0.0,0.0,0.0,0.0,no_change,0.0,,0.0,59.1000003814697,339.465,2026-09-21 19:44:12,2026-09-21 15:45:04
AAPL,AAPL260923C00245000,AAPL,2026-09-23,C,245.0,93.0,114.0,95.1,56.0,0.0,0.0,0.0,0.9997,0.0,0.0002,0.0,0.0134,94.5072,0.0,0.0,0.0,0.0,no_change,0.0,,0.0,91.2000007629394,339.465,2026-09-21 19:44:12,2026-09-21 15:45:04
AAPL,AAPL260923C00250000,AAPL,2026-09-23,C,250.0,88.0,112.0,90.0,58.0,0.0,0.0,0.0,0.9996,0.0,0.0003,0.0,0.0137,89.5091,0.0,0.0,0.0,0.0,no_change,0.0,,0.0,86.25,339.465,2026-09-21 19:44:12,2026-09-21 15:45:04
AAPL,AAPL260923C00255000,AAPL,2026-09-23,C,255.0,83.0,109.0,85.0,58.0,0.0,0.0,0.0,0.9995,0.0,0.0004,0.0,0.014,84.511,0.0,0.0,0.0,0.0,no_change,0.0,,0.0,81.25,339.465,2026-09-21 19:44:12,2026-09-21 15:45:04
AAPL,AAPL260923C00260000,AAPL,2026-09-23,C,260.0,78.0,110.0,80.1,60.0,0.0,40.0,0.0,0.9994,0.0001,0.0005,0.0,0.0142,79.513,0.0,0.0,0.0,0.0,no_change,74.98,2026-09-18T12:00:13,0.0,76.125,339.465,2026-09-21 19:44:12,2026-09-21 15:45:04
AAPL,AAPL260923C00265000,AAPL,2026-09-23,C,265.0,73.0,109.0,75.2,55.0,0.0,6.0,0.0,0.9992,0.0001,0.0006,0.0,0.0145,74.5152,0.0,0.0,0.0,0.0,up,54.03,2026-09-10T09:42:10,0.0,71.25,339.465,2026-09-21 19:44:12,2026-09-21 15:45:04
AAPL,AAPL260923C00270000,AAPL,2026-09-23,C,270.0,68.2,172.0,70.4,66.0,0.0,14.0,1.0,0.999,0.0001,0.0008,0.0,0.0148,69.5175,2.7,68.95,68.95,68.95,up,68.95,2026-09-21T12:26:54,4.07547,66.25,339.465,2026-09-21 19:44:12,2026-09-21 15:45:04
AAPL,AAPL260923C00275000,AAPL,2026-09-23,C,275.0,63.95,98.0,65.05,55.0,0.0,0.0,2.0,0.9988,0.0002,0.001,0.0,0.015,64.5199,3.07,64.14,64.32,64.14,up,64.32,2026-09-21T15:25:23,5.01224,61.25,339.465,2026-09-21 19:44:12,2026-09-21 15:45:04
AAPL,AAPL260923C00280000,AAPL,2026-09-23,C,280.0,58.9,102.0,60.45,56.0,1.2082,8.0,2.0,0.9985,0.0002,0.0012,-0.0014,0.0153,59.5225,2.97,59.14,59.22,59.14,up,59.22,2026-09-21T15:24:25,5.28,56.25,339.465,2026-09-21 19:44:12,2026-09-21 15:45:04
AAPL,AAPL260923C00282500,AAPL,2026-09-23,C,282.5,56.1,107.0,57.75,66.0,0.0,0.0,0.0,0.9983,0.0002,0.0013,-0.0024,0.0154,57.0239,0.0,0.0,0.0,0.0,no_change,0.0,,0.0,53.75,339.465,2026-09-21 19:44:12,2026-09-21 15:45:04
AAPL,AAPL260923C00285000,AAPL,2026-09-23,C,285.0,53.5,104.0,54.9,29.0,0.0,2.0,1.0,0.9981,0.0003,0.0015,-0.0035,0.0156,54.5253,1.415,52.69,52.69,52.69,up,52.69,2026-09-21T10:37:07,2.75963,51.2750015258789,339.465,2026-09-21 19:44:12,2026-09-21 15:45:04
AAPL,AAPL260923C00287500,AAPL,2026-09-23,C,287.5,51.0,107.0,52.45,26.0,0.0,0.0,0.0,0.9979,0.0003,0.0016,-0.0047,0.0157,52.0268,0.0,0.0,0.0,0.0,no_change,0.0,,0.0,48.7750015258789,339.465,2026-09-21 19:44:12,2026-09-21 15:45:04
AAPL,AAPL260923C00290000,AAPL,2026-09-23,C,290.0,48.3,110.0,49.9,54.0,0.0,40.0,372.0,0.9977,0.0004,0.0018,-0.0059,0.0158,49.5283,3.035,48.04,49.21,47.06,up,49.21,2026-09-21T15:23:30,6.57282,46.1750011444092,339.465,2026-09-21 19:44:12,2026-09-21 15:45:04
AAPL,AAPL260923C00292500,AAPL,2026-09-23,C,292.5,45.5,113.0,47.7,60.0,0.0,0.0,0.0,0.9974,0.0004,0.002,-0.0072,0.016,47.0299,0.0,0.0,0.0,0.0,no_change,0.0,,0.0,43.7750015258789,339.465,2026-09-21 19:44:12,2026-09-21 15:45:04
AAPL,AAPL260923C00295000,AAPL,2026-09-23,C,295.0,43.0,111.0,45.9,48.0,0.0,6.0,0.0,0.9971,0.0005,0.0022,-0.0086,0.0161,44.5317,0.0,0.0,0.0,0.0,up,37.87,2026-09-16T13:03:45,0.0,41.2750015258789,339.465,2026-09-21 19:44:12,2026-09-21 15:45:04
AAPL,AAPL260923C00297500,AAPL,2026-09-23,C,297.5,41.2,114.0,42.7,66.0,0.0,0.0,38.0,0.9967,0.0006,0.0025,-0.0101,0.0162,42.0336,3.25,41.44,42.0,41.44,no_change,42.0,2026-09-21T15:29:11,8.3871,38.75,339.465,2026-09-21 19:44:12,2026-09-21 15:45:04
AAPL,AAPL260923C00300000,AAPL,2026-09-23,C,300.0,38.65,123.0,40.4,43.0,0.5659,10.0,42.0,0.9963,0.0007,0.0028,-0.0118,0.0164,39.5356,3.14,37.83,39.49,37.27,up,39.49,2026-09-21T15:29:11,8.63824,36.3500003814697,339.465,2026-09-21 19:44:12,2026-09-21 15:45:04
AAPL,AAPL260923C00302500,AAPL,2026-09-23,C,302.5,36.35,1.0,37.35,29.0,0.0,5.0,37.0,0.9957,0.0008,0.0032,-0.0138,0.0165,37.038,3.085,36.63,36.88,36.63,up,36.86,2026-09-21T15:29:11,9.13397,33.7750015258789,339.465,2026-09-21 19:44:12,2026-09-21 15:45:04
AAPL,AAPL260923C00305000,AAPL,2026-09-23,C,305.0,33.7,96.0,35.3,61.0,0.0,6.0,40.0,0.9951,0.001,0.0037,-0.0161,0.0166,34.5406,3.24,33.78,34.44,33.78,no_change,34.44,2026-09-21T15:29:11,10.3846,31.1999998092651,339.465,2026-09-21 19:44:12,2026-09-21 15:45:04
AAPL,AAPL260923C00307500,AAPL,2026-09-23,C,307.5,30.7,114.0,32.95,51.0,0.0,18.0,4.0,0.9942,0.0012,0.0042,-0.0188,0.0167,32.0438,2.27,31.27,31.33,31.27,down,31.27,2026-09-21T15:19:53,7.82759,29.0,339.465,2026-09-21 19:44:12,2026-09-21 15:45:04
AAPL,AAPL260923C00310000,AAPL,2026-09-23,C,310.0,29.1,73.0,30.05,1.0,0.569,69.0,25.0,0.9932,0.0015,0.0049,-0.0222,0.0168,29.5477,2.575,27.13,29.2,27.13,down,28.7,2026-09-21T15:23:47,9.85646,26.125,339.465,2026-09-21 19:44:12,2026-09-21 15:45:04
AAPL,AAPL260923C00312500,AAPL,2026-09-23,C,312.5,25.95,154.0,27.85,65.0,0.0,27.0,3.0,0.9917,0.0019,0.0059,-0.0266,0.017,27.0526,3.1,25.9,26.9,25.9,up,26.9,2026-09-21T15:28:29,13.0252,23.8000001907349,339.465,2026-09-21 19:44:12,2026-09-21 15:45:04
AAPL,AAPL260923C00315000,AAPL,2026-09-23,C,315.0,23.1,283.0,25.25,138.0,0.0,324.0,1.0,0.9897,0.0024,0.0071,-0.0325,0.0171,24.5592,2.665,23.54,23.54,23.54,up,23.54,2026-09-21T14:23:04,12.7665,20.875,339.465,2026-09-21 19:44:12,2026-09-21 15:45:04
AAPL,AAPL260923C00317500,AAPL,2026-09-23,C,317.5,20.55,275.0,22.2,38.0,0.0,218.0,136.0,0.9869,0.0032,0.0088,-0.0406,0.0171,22.0682,1.07,17.27,20.12,17.27,no_change,20.12,2026-09-21T10:36:55,5.6168,19.0500001907349,339.465,2026-09-21 19:44:12,2026-09-21 15:45:04
AAPL,AAPL260923C00320000,AAPL,2026-09-23,C,320.0,18.75,330.0,19.65,6.0,0.0,283.0,421.0,0.9826,0.0045,0.0113,-0.0524,0.0172,19.5815,2.85,14.0,19.25,14.0,up,19.25,2026-09-21T15:20:54,17.378,16.4000000953674,339.465,2026-09-21 19:44:12,2026-09-21 15:45:04
AAPL,AAPL260923C00322500,AAPL,2026-09-23,C,322.5,15.95,171.0,17.25,28.0,0.0,81.0,56.0,0.976,0.0063,0.0148,-0.07,0.0172,17.1017,2.075,12.15,16.75,12.15,up,16.2,2026-09-21T15:02:16,14.6903,14.125,339.465,2026-09-21 19:44:12,2026-09-21 15:45:04
AAPL,AAPL260923C00325000,AAPL,2026-09-23,C,325.0,13.65,339.0,14.75,59.0,0.0,355.0,1273.0,0.9653,0.0093,0.0201,-0.0976,0.0172,14.6344,2.475,9.51,14.15,8.76,up,13.85,2026-09-21T15:09:43,21.7582,11.375,339.465,2026-09-21 19:44:12,2026-09-21 15:45:04
AAPL,AAPL260923C00327500,AAPL,2026-09-23,C,327.5,11.25,329.0,12.8,201.0,0.0,213.0,175.0,0.9473,0.0141,0.0281,-0.142,0.017,12.1904,2.32,7.43,12.05,7.05,up,11.67,2026-09-21T15:21:04,24.8128,9.35000038146973,339.465,2026-09-21 19:44:12,2026-09-21 15:45:04
AAPL,AAPL260923C00330000,AAPL,2026-09-23,C,330.0,9.35,311.0,10.05,108.0,0.2502,627.0,488.0,0.9158,0.0219,0.0401,-0.2154,0.0165,9.7936,1.775,6.33,9.5,4.8,up,9.1,2026-09-21T15:09:43,24.2321,7.32500004768372,339.465,2026-09-21 19:44:12,2026-09-21 15:45:04
AAPL,AAPL260923C00332500,AAPL,2026-09-23,C,332.5,7.3,198.0,7.85,1.0,0.2778,762.0,1080.0,0.8598,0.0336,0.0574,-0.3337,0.0156,7.4952,1.58,4.65,7.35,3.2,up,7.08,2026-09-21T15:23:55,28.7273,5.5,339.465,2026-09-21 19:44:12,2026-09-21 15:45:04
AAPL,AAPL260923C00335000,AAPL,2026-09-23,C,335.0,5.25,125.0,5.4,1.0,0.2401,2474.0,9101.0,0.7666,0.0483,0.0783,-0.4958,0.014,5.3867,1.325,3.15,5.39,2.0,up,5.35,2026-09-21T15:29:08,32.9193,4.02499997615814,339.465,2026-09-21 19:44:12,2026-09-21 15:45:04
AAPL,AAPL260923C00337500,AAPL,2026-09-23,C,337.5,3.45,495.0,3.6,3.0,0.2351,3698.0,16139.0,0.6327,0.0612,0.0958,-0.6448,0.0116,3.5838,0.84,1.96,3.6,1.17,up,3.59,2026-09-21T15:29:12,30.5455,2.75,339.465,2026-09-21 19:44:12,2026-09-21 15:45:04
AAPL,AAPL260923C00340000,AAPL,2026-09-23,C,340.0,2.17,1.0,2.2,62.0,0.236,7099.0,31142.0,0.4727,0.0656,0.1011,-0.686,0.0087,2.1819,0.4,1.14,2.2,0.65,up,2.19,2026-09-21T15:29:12,22.3464,1.79000002145767,339.465,2026-09-21 19:44:12,2026-09-21 15:45:04
AAPL,AAPL260923C00342500,AAPL,2026-09-23,C,342.5,1.21,1.0,1.22,3.0,0.2357,5570.0,14595.0,0.3158,0.0588,0.0906,-0.5822,0.0058,1.2107,0.09,0.71,1.21,0.35,no_change,1.21,2026-09-21T15:29:10,8.03571,1.12000000476837,339.465,2026-09-21 19:44:12,2026-09-21 15:45:04
AAPL,AAPL260923C00345000,AAPL,2026-09-23,C,345.0,0.6,282.0,0.63,15.0,0.2382,2624.0,14360.0,0.189,0.0445,0.0695,-0.3989,0.0035,0.6167,-0.045,0.33,0.62,0.19,no_change,0.62,2026-09-21T15:29:10,-6.76692,0.66499999165535,339.465,2026-09-21 19:44:12,2026-09-21 15:45:04
AAPL,AAPL260923C00347500,AAPL,2026-09-23,C,347.5,0.29,337.0,0.3,4.0,0.2424,814.0,5826.0,0.1031,0.029,0.0466,-0.23,0.0019,0.2942,-0.095,0.21,0.3,0.11,up,0.29,2026-09-21T15:29:09,-24.6753,0.385000005364418,339.465,2026-09-21 19:44:12,2026-09-21 15:45:04
AAPL,AAPL260923C00350000,AAPL,2026-09-23,C,350.0,0.13,344.0,0.15,316.0,0.2498,1566.0,7341.0,0.0531,0.017,0.0285,-0.1193,0.001,0.1367,-0.095,0.12,0.15,0.03,up,0.13,2026-09-21T15:28:40,-42.2222,0.224999994039536,339.465,2026-09-21 19:44:12,2026-09-21 15:45:04
AAPL,AAPL260923C00352500,AAPL,2026-09-23,C,352.5,0.05,550.0,0.07,73.0,0.2546,756.0,418.0,0.0275,0.0096,0.0169,-0.0613,0.0005,0.0663,-0.065,0.08,0.08,0.03,no_change,0.06,2026-09-21T15:28:01,-52.0,0.125,339.465,2026-09-21 19:44:12,2026-09-21 15:45:04
AAPL,AAPL260923C00355000,AAPL,2026-09-23,C,355.0,0.03,254.0,0.04,253.0,0.2723,908.0,697.0,0.0154,0.0056,0.0104,-0.0345,0.0003,0.0363,-0.035,0.06,0.15,0.02,no_change,0.04,2026-09-21T15:23:11,-46.6667,0.0750000011175871,339.465,2026-09-21 19:44:12,2026-09-21 15:45:04
AAPL,AAPL260923C00357500,AAPL,2026-09-23,C,357.5,0.01,432.0,0.03,326.0,0.2877,64.0,165.0,0.0098,0.0035,0.0071,-0.0224,0.0002,0.0232,-0.03,0.02,0.03,0.01,up,0.02,2026-09-21T15:12:08,-60.0,0.0499999988824129,339.465,2026-09-21 19:44:12,2026-09-21 15:45:04
AAPL,AAPL260923C00360000,AAPL,2026-09-23,C,360.0,0.01,163.0,0.02,129.0,0.3111,324.0,289.0,0.0068,0.0024,0.0052,-0.0162,0.0001,0.0167,-0.03,0.03,0.03,0.01,down,0.01,2026-09-21T15:19:33,-75.0,0.0399999991059303,339.465,2026-09-21 19:44:12,2026-09-21 15:45:04
AAPL,AAPL260923C00362500,AAPL,2026-09-23,C,362.5,0.0,0.0,0.01,20.0,0.3077,0.0,21.0,0.0051,0.0017,0.0039,-0.0125,0.0001,0.0128,-0.075,0.06,0.06,0.01,no_change,0.01,2026-09-21T15:23:29,-88.2353,0.0850000008940697,339.465,2026-09-21 19:44:12,2026-09-21 15:45:04
AAPL,AAPL260923C00365000,AAPL,2026-09-23,C,365.0,0.0,0.0,0.09,376.0,0.4276,101.0,17.0,0.0039,0.0012,0.0031,-0.0099,0.0001,0.0102,-0.015,0.08,0.08,0.01,no_change,0.01,2026-09-21T13:53:26,-60.0,0.025000000372529,339.465,2026-09-21 19:44:12,2026-09-21 15:45:04
AAPL,AAPL260923C00370000,AAPL,2026-09-23,C,370.0,0.0,0.0,0.01,1.0,0.3938,57.0,25.0,0.0024,0.0007,0.002,-0.0065,0.0,0.0066,0.01,0.05,0.05,0.01,up,0.03,2026-09-21T14:29:04,50.0,0.0199999995529652,339.465,2026-09-21 19:44:12,2026-09-21 15:45:04
AAPL,AAPL260923C00375000,AAPL,2026-09-23,C,375.0,0.0,0.0,0.04,1.0,0.5132,9.0,26.0,0.0015,0.0004,0.0013,-0.0045,0.0,0.0045,-0.115,0.11,0.11,0.01,no_change,0.01,2026-09-21T12:46:10,-92.0,0.125,339.465,2026-09-21 19:44:12,2026-09-21 15:45:04
AAPL,AAPL260923C00380000,AAPL,2026-09-23,C,380.0,0.0,0.0,0.02,1.0,0.5355,1.0,4.0,0.001,0.0003,0.0009,-0.0031,0.0,0.0032,-0.24,0.52,0.52,0.02,down,0.02,2026-09-21T12:15:46,-92.3077,0.259999990463257,339.465,2026-09-21 19:44:12,2026-09-21 15:45:04
AAPL,AAPL260923C00385000,AAPL,2026-09-23,C,385.0,0.0,0.0,0.01,1.0,0.5564,0.0,1.0,0.0007,0.0002,0.0006,-0.0023,0.0,0.0023,-0.24,0.02,0.02,0.02,down,0.02,2026-09-21T12:15:46,-92.3077,0.259999990463257,339.465,2026-09-21 19:44:12,2026-09-21 15:45:04
AAPL,AAPL260923C00390000,AAPL,2026-09-23,C,390.0,0.0,0.0,0.01,1000.0,0.6082,9.0,0.0,0.0005,0.0001,0.0005,-0.0017,0.0,0.0017,0.0,0.0,0.0,0.0,down,0.02,2026-09-17T12:32:34,0.0,0.259999990463257,339.465,2026-09-21 19:44:12,2026-09-21 15:45:04
AAPL,AAPL260923C00395000,AAPL,2026-09-23,C,395.0,0.0,0.0,0.01,1062.0,0.6591,3.0,3.0,0.0004,0.0001,0.0004,-0.0013,0.0,0.0013,-0.01,0.01,0.01,0.01,no_change,0.01,2026-09-21T09:47:45,-50.0,0.0199999995529652,339.465,2026-09-21 19:44:12,2026-09-21 15:45:04
AAPL,AAPL260923P00245000,AAPL,2026-09-23,P,245.0,0.0,0.0,0.01,9500.0,1.3633,2.0,0.0,-0.0003,0.0,0.0002,-0.002,0.0,0.002,0.0,0.0,0.0,0.0,no_change,0.01,2026-09-18T10:20:12,0.0,0.00499999988824129,339.465,2026-09-21 19:44:12,2026-09-21 15:45:04
AAPL,AAPL260923P00250000,AAPL,2026-09-23,P,250.0,0.0,0.0,0.01,1062.0,1.2841,5.0,1.0,-0.0004,0.0,0.0003,-0.0026,0.0,0.0026,-0.01,0.02,0.02,0.02,no_change,0.02,2026-09-21T09:34:09,-33.3333,0.0299999993294477,339.465,2026-09-21 19:44:12,2026-09-21 15:45:04
AAPL,AAPL260923P00255000,AAPL,2026-09-23,P,255.0,0.0,0.0,0.01,1062.0,1.2063,9.0,2.0,-0.0004,0.0,0.0004,-0.0032,0.0,0.0033,-0.245,0.01,0.01,0.01,down,0.01,2026-09-21T11:03:57,-96.0784,0.254999995231628,339.465,2026-09-21 19:44:12,2026-09-21 15:45:04
AAPL,AAPL260923P00260000,AAPL,2026-09-23,P,260.0,0.0,0.0,0.01,1062.0,1.1297,22.0,145.0,-0.0006,0.0001,0.0005,-0.0041,0.0,0.0041,-0.035,0.52,0.52,0.01,no_change,0.01,2026-09-21T13:55:46,-77.7778,0.0450000017881393,339.465,2026-09-21 19:44:12,2026-09-21 15:45:04
AAPL,AAPL260923P00265000,AAPL,2026-09-23,P,265.0,0.0,0.0,0.01,1061.0,1.0544,8.0,134.0,-0.0007,0.0001,0.0006,-0.005,0.0,0.0051,-0.245,0.04,0.07,0.01,down,0.01,2026-09-21T14:21:53,-96.0784,0.254999995231628,339.465,2026-09-21 19:44:12,2026-09-21 15:45:04
AAPL,AAPL260923P00270000,AAPL,2026-09-23,P,270.0,0.0,0.0,0.02,1062.0,1.0379,96.0,107.0,-0.0009,0.0001,0.0008,-0.006,0.0,0.0061,-0.01,0.01,0.07,0.01,down,0.01,2026-09-21T11:42:00,-50.0,0.0199999995529652,339.465,2026-09-21 19:44:12,2026-09-21 15:45:04
AAPL,AAPL260923P00275000,AAPL,2026-09-23,P,275.0,0.0,0.0,0.21,181.0,1.233,31.0,62.0,-0.0012,0.0002,0.001,-0.0072,0.0,0.0073,-0.01,0.04,0.11,0.01,no_change,0.01,2026-09-21T13:29:37,-50.0,0.0199999995529652,339.465,2026-09-21 19:44:12,2026-09-21 15:45:04
AAPL,AAPL260923P00280000,AAPL,2026-09-23,P,280.0,0.0,0.0,0.11,306.0,1.0521,33.0,78.0,-0.0015,0.0002,0.0012,-0.0086,0.0,0.0087,-0.03,0.03,0.05,0.01,no_change,0.01,2026-09-21T13:31:10,-75.0,0.0400000000372529,339.465,2026-09-21 19:44:12,2026-09-21 15:45:04
AAPL,AAPL260923P00282500,AAPL,2026-09-23,P,282.5,0.0,0.0,0.13,269.0,1.0288,5.0,254.0,-0.0016,0.0002,0.0013,-0.0093,0.0,0.0095,-0.035,0.07,0.07,0.05,up,0.06,2026-09-21T15:24:53,-36.8421,0.0949999988079071,339.465,2026-09-21 19:44:12,2026-09-21 15:45:04
AAPL,AAPL260923P00285000,AAPL,2026-09-23,P,285.0,0.0,0.0,0.24,365.0,1.0659,25.0,254.0,-0.0018,0.0003,0.0015,-0.0101,0.0,0.0103,-0.135,0.1,0.1,0.07,down,0.07,2026-09-21T15:24:53,-65.8537,0.204999998211861,339.465,2026-09-21 19:44:12,2026-09-21 15:45:04
AAPL,AAPL260923P00287500,AAPL,2026-09-23,P,287.5,0.0,0.0,0.09,186.0,0.9009,13.0,0.0,-0.002,0.0003,0.0016,-0.0109,0.0,0.0111,0.0,0.0,0.0,0.0,down,0.04,2026-09-17T15:56:17,0.0,0.0500000007450581,339.465,2026-09-21 19:44:12,2026-09-21 15:45:04
AAPL,AAPL260923P00290000,AAPL,2026-09-23,P,290.0,0.0,0.0,0.1,235.0,0.8695,103.0,0.0,-0.0023,0.0004,0.0018,-0.0118,0.0,0.0121,0.0,0.0,0.0,0.0,down,0.02,2026-09-18T15:29:21,0.0,0.00999999977648258,339.465,2026-09-21 19:44:12,2026-09-21 15:45:04
AAPL,AAPL260923P00292500,AAPL,2026-09-23,P,292.5,0.0,0.0,0.1,525.0,0.8272,1.0,0.0,-0.0026,0.0004,0.002,-0.0128,0.0,0.0131,0.0,0.0,0.0,0.0,down,0.12,2026-09-15T13:12:26,0.0,0.0450000017881393,339.465,2026-09-21 19:44:12,2026-09-21 15:45:04
AAPL,AAPL260923P00295000,AAPL,2026-09-23,P,295.0,0.0,0.0,0.1,382.0,0.7851,120.0,0.0,-0.0029,0.0005,0.0022,-0.014,0.0,0.0142,0.0,0.0,0.0,0.0,down,0.05,2026-09-18T14:57:12,0.0,0.0550000006332994,339.465,2026-09-21 19:44:12,2026-09-21 15:45:04
AAPL,AAPL260923P00297500,AAPL,2026-09-23,P,297.5,0.01,4.0,0.04,575.0,0.6864,117.0,66.0,-0.0032,0.0006,0.0025,-0.0152,-0.0001,0.0155,-0.065,0.05,0.05,0.01,down,0.01,2026-09-21T14:50:01,-86.6667,0.0750000001862645,339.465,2026-09-21 19:44:12,2026-09-21 15:45:04
AAPL,AAPL260923P00300000,AAPL,2026-09-23,P,300.0,0.01,30.0,0.03,217.0,0.632,813.0,8.0,-0.0037,0.0007,0.0028,-0.0166,-0.0001,0.017,-0.035,0.02,0.02,0.01,no_change,0.01,2026-09-21T10:10:45,-77.7778,0.0449999999254942,339.465,2026-09-21 19:44:12,2026-09-21 15:45:04
AAPL,AAPL260923P00302500,AAPL,2026-09-23,P,302.5,0.01,151.0,0.02,146.0,0.5762,20.0,8.0,-0.0042,0.0008,0.0032,-0.0183,-0.0001,0.0187,-0.035,0.06,0.06,0.01,no_change,0.01,2026-09-21T14:28:42,-77.7778,0.0449999999254942,339.465,2026-09-21 19:44:12,2026-09-21 15:45:04
AAPL,AAPL260923P00305000,AAPL,2026-09-23,P,305.0,0.01,156.0,0.03,213.0,0.5555,108.0,132.0,-0.0049,0.001,0.0037,-0.0202,-0.0001,0.0208,-0.035,0.08,0.08,0.02,down,0.02,2026-09-21T14:12:20,-63.6364,0.0549999987706542,339.465,2026-09-21 19:44:12,2026-09-21 15:45:04
AAPL,AAPL260923P00307500,AAPL,2026-09-23,P,307.5,0.02,30.0,0.03,210.0,0.5303,161.0,65.0,-0.0057,0.0012,0.0042,-0.0227,-0.0001,0.0233,-0.03,0.08,0.08,0.02,no_change,0.03,2026-09-21T14:50:31,-50.0,0.0599999986588955,339.465,2026-09-21 19:44:12,2026-09-21 15:45:04
AAPL,AAPL260923P00310000,AAPL,2026-09-23,P,310.0,0.02,139.0,0.03,146.0,0.4915,713.0,166.0,-0.0068,0.0015,0.0049,-0.0258,-0.0001,0.0266,-0.04,0.05,0.06,0.02,no_change,0.04,2026-09-21T14:05:12,-50.0,0.0800000000745058,339.465,2026-09-21 19:44:12,2026-09-21 15:45:04
AAPL,AAPL260923P00312500,AAPL,2026-09-23,P,312.5,0.01,399.0,0.05,407.0,0.4626,178.0,28.0,-0.0082,0.0019,0.0059,-0.0299,-0.0001,0.0309,-0.075,0.12,0.12,0.03,no_change,0.03,2026-09-21T13:48:48,-71.4286,0.105000000447035,339.465,2026-09-21 19:44:12,2026-09-21 15:45:04
AAPL,AAPL260923P00315000,AAPL,2026-09-23,P,315.0,0.03,158.0,0.04,295.0,0.4312,440.0,390.0,-0.0102,0.0024,0.0071,-0.0354,-0.0002,0.0368,-0.11,0.09,0.09,0.01,down,0.02,2026-09-21T15:28:11,-84.6154,0.129999998956919,339.465,2026-09-21 19:44:12,2026-09-21 15:45:04
AAPL,AAPL260923P00317500,AAPL,2026-09-23,P,317.5,0.04,152.0,0.05,341.0,0.4042,222.0,104.0,-0.0131,0.0032,0.0088,-0.0432,-0.0002,0.0453,-0.14,0.14,0.14,0.03,down,0.04,2026-09-21T15:08:09,-77.7778,0.179999999701977,339.465,2026-09-21 19:44:12,2026-09-21 15:45:04
AAPL,AAPL260923P00320000,AAPL,2026-09-23,P,320.0,0.06,13.0,0.07,431.0,0.3825,590.0,999.0,-0.0174,0.0045,0.0113,-0.0547,-0.0003,0.0579,-0.15,0.13,0.2,0.04,down,0.06,2026-09-21T15:16:05,-71.4286,0.21000000089407,339.465,2026-09-21 19:44:12,2026-09-21 15:45:04
AAPL,AAPL260923P00322500,AAPL,2026-09-23,P,322.5,0.07,101.0,0.1,455.0,0.3538,470.0,2061.0,-0.024,0.0063,0.0148,-0.0721,-0.0004,0.0775,-0.27,0.32,0.34,0.07,no_change,0.09,2026-09-21T15:05:34,-75.0,0.359999999403954,339.465,2026-09-21 19:44:12,2026-09-21 15:45:04
AAPL,AAPL260923P00325000,AAPL,2026-09-23,P,325.0,0.1,251.0,0.12,194.0,0.3227,578.0,2460.0,-0.0347,0.0093,0.0201,-0.0993,-0.0006,0.1096,-0.41,0.45,0.58,0.1,down,0.11,2026-09-21T15:28:52,-78.8462,0.520000010728836,339.465,2026-09-21 19:44:12,2026-09-21 15:45:04
AAPL,AAPL260923P00327500,AAPL,2026-09-23,P,327.5,0.16,80.0,0.18,445.0,0.3001,627.0,2154.0,-0.0527,0.0141,0.0281,-0.1434,-0.001,0.165,-0.62,0.75,0.97,0.17,no_change,0.17,2026-09-21T15:29:00,-78.481,0.78999999165535,339.465,2026-09-21 19:44:12,2026-09-21 15:45:04
AAPL,AAPL260923P00330000,AAPL,2026-09-23,P,330.0,0.26,230.0,0.28,348.0,0.2774,1215.0,4642.0,-0.0842,0.0219,0.0401,-0.2165,-0.0016,0.2676,-0.975,1.15,1.6,0.27,down,0.27,2026-09-21T15:28:52,-78.3133,1.24500000476837,339.465,2026-09-21 19:44:12,2026-09-21 15:45:04
AAPL,AAPL260923P00332500,AAPL,2026-09-23,P,332.5,0.46,127.0,0.51,497.0,0.2627,868.0,4944.0,-0.1402,0.0336,0.0574,-0.3346,-0.0026,0.4687,-1.395,1.63,2.55,0.5,up,0.54,2026-09-21T15:28:56,-72.093,1.93500000238419,339.465,2026-09-21 19:44:12,2026-09-21 15:45:04
AAPL,AAPL260923P00335000,AAPL,2026-09-23,P,335.0,0.85,98.0,0.9,237.0,0.2501,1011.0,9262.0,-0.2334,0.0484,0.0783,-0.4966,-0.0042,0.8598,-1.99,2.69,3.9,0.88,down,0.88,2026-09-21T15:29:08,-69.338,2.87000000476837,339.465,2026-09-21 19:44:12,2026-09-21 15:45:04
AAPL,AAPL260923P00337500,AAPL,2026-09-23,P,337.5,1.54,72.0,1.63,476.0,0.2442,161.0,10372.0,-0.3677,0.0614,0.0958,-0.6459,-0.0065,1.5569,-2.55,4.5,5.5,1.6,down,1.6,2026-09-21T15:28:49,-61.4458,4.14999997615814,339.465,2026-09-21 19:44:12,2026-09-21 15:45:04
AAPL,AAPL260923P00340000,AAPL,2026-09-23,P,340.0,2.64,30.0,2.73,250.0,0.2406,1490.0,13235.0,-0.5282,0.0659,0.1011,-0.6883,-0.0091,2.6559,-2.975,5.08,6.92,2.7,down,2.7,2026-09-21T15:29:08,-52.4229,5.67499995231628,339.465,2026-09-21 19:44:12,2026-09-21 15:45:04
AAPL,AAPL260923P00342500,AAPL,2026-09-23,P,342.5,4.1,98.0,4.45,228.0,0.2466,21.0,183.0,-0.6858,0.0592,0.0903,-0.5861,-0.0106,4.1873,-3.675,8.7,8.7,3.95,down,4.3,2026-09-21T15:28:29,-46.0815,7.97499990463257,339.465,2026-09-21 19:44:12,2026-09-21 15:45:04
AAPL,AAPL260923P00345000,AAPL,2026-09-23,P,345.0,6.0,55.0,6.35,178.0,0.2496,27.0,206.0,-0.8135,0.0448,0.0687,-0.4023,-0.0114,6.0979,-3.775,11.5,11.5,6.15,down,6.15,2026-09-21T15:29:08,-38.0353,9.92500019073486,339.465,2026-09-21 19:44:12,2026-09-21 15:45:04
AAPL,AAPL260923P00347500,AAPL,2026-09-23,P,347.5,7.6,198.0,9.7,115.0,0.3111,13.0,50.0,-0.9005,0.0296,0.0453,-0.2304,-0.0108,8.282,-3.325,13.7,13.7,8.6,down,8.6,2026-09-21T14:48:33,-27.8826,11.9249997138977,339.465,2026-09-21 19:44:12,2026-09-21 15:45:04
AAPL,AAPL260923P00350000,AAPL,2026-09-23,P,350.0,9.9,174.0,11.35,102.0,0.2452,17.0,151.0,-0.9518,0.0177,0.0262,-0.1198,-0.0084,10.6334,-3.625,14.5,14.6,10.85,down,10.85,2026-09-21T15:25:23,-25.0432,14.4749999046326,339.465,2026-09-21 19:44:12,2026-09-21 15:45:04
AAPL,AAPL260923P00352500,AAPL,2026-09-23,P,352.5,12.9,38.0,14.8,65.0,0.4665,3.0,0.0,-0.9781,0.0097,0.0136,-0.0671,-0.0047,13.073,0.0,0.0,0.0,0.0,down,15.44,2026-09-17T15:16:00,0.0,17.1750001907349,339.465,2026-09-21 19:44:12,2026-09-21 15:45:04
AAPL,AAPL260923P00355000,AAPL,2026-09-23,P,355.0,15.4,51.0,17.15,99.0,0.5105,0.0,8.0,-0.9897,0.0052,0.007,-0.0467,-0.003,15.5512,-1.865,21.6,21.6,16.8,up,17.66,2026-09-21T10:28:54,-9.55186,19.5250005722046,339.465,2026-09-21 19:44:12,2026-09-21 15:45:04
AAPL,AAPL260923P00357500,AAPL,2026-09-23,P,357.5,17.65,60.0,19.9,67.0,0.5657,0.0,20.0,-0.9945,0.0029,0.0038,-0.0392,-0.0017,18.0434,-1.885,20.04,20.04,20.04,no_change,20.04,2026-09-21T10:36:55,-8.59749,21.9250001907349,339.465,2026-09-21 19:44:12,2026-09-21 15:45:04
AAPL,AAPL260923P00360000,AAPL,2026-09-23,P,360.0,19.9,99.0,21.3,53.0,0.3995,0.0,3.0,-0.9967,0.0018,0.0028,-0.0359,-0.0009,20.5401,2.295,26.02,26.57,26.02,up,26.57,2026-09-21T09:38:29,9.45417,24.2750005722046,339.465,2026-09-21 19:44:12,2026-09-21 15:45:04
AAPL,AAPL260923P00362500,AAPL,2026-09-23,P,362.5,22.7,57.0,24.9,67.0,0.677,0.0,0.0,-0.9978,0.0012,0.0016,-0.0345,-0.0008,23.0386,0.0,0.0,0.0,0.0,no_change,0.0,,0.0,26.8500003814697,339.465,2026-09-21 19:44:12,2026-09-21 15:45:04
AAPL,AAPL260923P00365000,AAPL,2026-09-23,P,365.0,25.2,49.0,27.05,57.0,0.6851,0.0,0.0,-0.9986,0.0008,0.0013,-0.0334,-0.0006,25.5375,0.0,0.0,0.0,0.0,no_change,0.0,,0.0,29.375,339.465,2026-09-21 19:44:12,2026-09-21 15:45:04
AAPL,AAPL260923P00370000,AAPL,2026-09-23,P,370.0,30.15,61.0,32.4,42.0,0.8205,0.0,0.0,-0.9993,0.0004,0.0006,-0.0325,-0.0004,30.5366,0.0,0.0,0.0,0.0,no_change,0.0,,0.0,34.1000003814697,339.465,2026-09-21 19:44:12,2026-09-21 15:45:04
AAPL,AAPL260923P00375000,AAPL,2026-09-23,P,375.0,35.15,54.0,37.5,51.0,0.9284,0.0,0.0,-0.9997,0.0002,0.0003,-0.032,-0.0001,35.5361,0.0,0.0,0.0,0.0,down,39.25,2026-09-14T14:41:10,0.0,39.1000003814697,339.465,2026-09-21 19:44:12,2026-09-21 15:45:04
AAPL,AAPL260923P00380000,AAPL,2026-09-23,P,380.0,40.1,74.0,42.6,55.0,1.0273,0.0,0.0,-0.9998,0.0001,0.0002,-0.0318,-0.0001,40.5359,0.0,0.0,0.0,0.0,no_change,0.0,,0.0,44.0750007629394,339.465,2026-09-21 19:44:12,2026-09-21 15:45:04
AAPL,AAPL260923P00385000,AAPL,2026-09-23,P,385.0,45.25,39.0,47.4,54.0,1.1092,0.0,0.0,-0.9999,0.0,0.0001,-0.0317,0.0,45.5358,0.0,0.0,0.0,0.0,no_change,0.0,,0.0,49.1000003814697,339.465,2026-09-21 19:44:12,2026-09-21 15:45:04
AAPL,AAPL260923P00390000,AAPL,2026-09-23,P,390.0,50.3,49.0,52.5,50.0,1.2183,0.0,0.0,-1.0,0.0,0.0,-0.0316,0.0,50.5357,0.0,0.0,0.0,0.0,no_change,0.0,,0.0,54.1000003814697,339.465,2026-09-21 19:44:12,2026-09-21 15:45:04
AAPL,AAPL260923P00395000,AAPL,2026-09-23,P,395.0,55.15,53.0,57.55,62.0,1.2875,0.0,0.0,-1.0,0.0,0.0,-0.0316,0.0,55.5357,0.0,0.0,0.0,0.0,no_change,0.0,,0.0,59.1000003814697,339.465,2026-09-21 19:44:12,2026-09-21 15:45:04
AAPL,AAPL260925C00110000,AAPL,2026-09-25,C,110.0,227.55,107.0,230.45,43.0,0.0,0.0,0.0,0.9999,0.0,0.0,0.0,0.018,229.5044,0.0,0.0,0.0,0.0,no_change,0.0,,0.0,226.074996948242,339.465,2026-09-21 19:44:12,2026-09-21 15:45:04
AAPL,AAPL260925C00120000,AAPL,2026-09-25,C,120.0,218.05,120.0,220.5,43.0,0.0,0.0,2.0,0.9999,0.0,0.0,0.0,0.0197,219.5118,3.07,217.76,219.27,217.76,up,219.27,2026-09-21T14:34:27,1.41998,216.200004577637,339.465,2026-09-21 19:44:12,2026-09-21 15:45:04
AAPL,AAPL260925C00125000,AAPL,2026-09-25,C,125.0,213.05,112.0,215.0,12.0,0.0,0.0,10.0,0.9999,0.0,0.0,0.0,0.0205,214.5156,3.02,211.83,214.27,211.83,up,214.27,2026-09-21T14:34:27,1.42959,211.25,339.465,2026-09-21 19:44:12,2026-09-21 15:45:04
AAPL,AAPL260925C00130000,AAPL,2026-09-25,C,130.0,208.0,115.0,210.6,43.0,0.0,0.0,8.0,0.9999,0.0,0.0,0.0,0.0213,209.5193,1.075,206.91,207.15,206.91,no_change,207.05,2026-09-21T11:16:04,0.521905,205.975006103516,339.465,2026-09-21 19:44:12,2026-09-21 15:45:04
AAPL,AAPL260925C00135000,AAPL,2026-09-25,C,135.0,203.05,118.0,205.6,43.0,0.0,0.0,2.0,0.9998,0.0,0.0,0.0,0.0222,204.5231,1.39,199.68,202.39,199.68,up,202.39,2026-09-21T10:30:10,0.691542,201.0,339.465,2026-09-21 19:44:12,2026-09-21 15:45:04
AAPL,AAPL260925C00140000,AAPL,2026-09-25,C,140.0,198.0,111.0,200.15,43.0,0.0,0.0,6.0,0.9998,0.0,0.0,0.0,0.023,199.5269,2.045,194.76,198.17,194.76,down,198.02,2026-09-21T11:59:51,1.0435,195.975006103516,339.465,2026-09-21 19:44:12,2026-09-21 15:45:04
AAPL,AAPL260925C00145000,AAPL,2026-09-25,C,145.0,193.0,120.0,195.2,43.0,0.0,0.0,4.0,0.9998,0.0,0.0001,0.0,0.0238,194.5308,1.995,192.31,193.25,192.31,down,193.02,2026-09-21T11:59:51,1.04437,191.024993896484,339.465,2026-09-21 19:44:12,2026-09-21 15:45:04
AAPL,AAPL260925C00150000,AAPL,2026-09-25,C,150.0,188.0,117.0,190.9,43.0,0.0,0.0,2.0,0.9998,0.0,0.0001,0.0,0.0246,189.5347,1.245,186.05,187.27,186.05,up,187.27,2026-09-21T10:15:58,0.669268,186.024993896484,339.465,2026-09-21 19:44:12,2026-09-21 15:45:04
AAPL,AAPL260925C00155000,AAPL,2026-09-25,C,155.0,183.0,118.0,185.45,43.0,0.0,0.0,4.0,0.9998,0.0,0.0001,0.0,0.0254,184.5386,1.345,179.5,182.37,179.5,up,182.37,2026-09-21T10:30:23,0.742995,181.024993896484,339.465,2026-09-21 19:44:12,2026-09-21 15:45:04
AAPL,AAPL260925C00160000,AAPL,2026-09-25,C,160.0,178.05,146.0,180.0,1.0,0.0,0.0,2.0,0.9998,0.0,0.0001,0.0,0.0263,179.5426,1.345,174.58,177.37,174.58,up,177.37,2026-09-21T10:30:23,0.764099,176.024993896484,339.465,2026-09-21 19:44:12,2026-09-21 15:45:04
AAPL,AAPL260925C00165000,AAPL,2026-09-25,C,165.0,173.05,119.0,175.55,43.0,0.0,0.0,0.0,0.9998,0.0,0.0002,0.0,0.0271,174.5467,0.0,0.0,0.0,0.0,no_change,0.0,,0.0,171.0,339.465,2026-09-21 19:44:12,2026-09-21 15:45:04
AAPL,AAPL260925C00170000,AAPL,2026-09-25,C,170.0,168.05,108.0,171.1,27.0,2.2504,2.0,0.0,0.9997,0.0,0.0002,0.0,0.0279,169.5508,0.0,0.0,0.0,0.0,up,148.09,2026-08-19T10:19:39,0.0,166.049995422363,339.465,2026-09-21 19:44:12,2026-09-21 15:45:04
AAPL,AAPL260925C00175000,AAPL,2026-09-25,C,175.0,163.1,107.0,165.15,17.0,0.0,2.0,2.0,0.9997,0.0,0.0002,0.0,0.0287,164.5549,1.365,162.36,162.39,162.36,up,162.39,2026-09-21T10:31:09,0.847698,161.024993896484,339.465,2026-09-21 19:44:12,2026-09-21 15:45:04
AAPL,AAPL260925C00180000,AAPL,2026-09-25,C,180.0,158.1,107.0,160.15,43.0,0.0,0.0,2.0,0.9997,0.0,0.0003,0.0,0.0295,159.5591,1.445,157.44,157.47,157.44,up,157.47,2026-09-21T10:31:09,0.926138,156.024993896484,339.465,2026-09-21 19:44:12,2026-09-21 15:45:04
AAPL,AAPL260925C00185000,AAPL,2026-09-25,C,185.0,153.05,127.0,155.55,43.0,0.0,0.0,0.0,0.9996,0.0,0.0003,0.0,0.0304,154.5633,0.0,0.0,0.0,0.0,up,149.7,2026-09-11T12:00:25,0.0,151.024993896484,339.465,2026-09-21 19:44:12,2026-09-21 15:45:04
AAPL,AAPL260925C00190000,AAPL,2026-09-25,C,190.0,148.05,108.0,151.05,27.0,0.0,2.0,2.0,0.9996,0.0,0.0004,0.0,0.0312,149.5676,2.445,145.08,148.47,145.08,up,148.47,2026-09-21T12:02:45,1.67438,146.024993896484,339.465,2026-09-21 19:44:12,2026-09-21 15:45:04
AAPL,AAPL260925C00195000,AAPL,2026-09-25,C,195.0,143.05,109.0,146.15,31.0,1.8663,1.0,2.0,0.9995,0.0,0.0005,0.0,0.032,144.5719,2.445,140.16,143.47,140.16,up,143.47,2026-09-21T12:02:45,1.73374,141.024993896484,339.465,2026-09-21 19:44:12,2026-09-21 15:45:04
AAPL,AAPL260925C00200000,AAPL,2026-09-25,C,200.0,138.05,116.0,140.65,31.0,0.0,1.0,5.0,0.9994,0.0,0.0005,0.0,0.0328,139.5763,2.925,138.8,138.95,138.8,no_change,138.95,2026-09-21T13:16:15,2.15034,136.024993896484,339.465,2026-09-21 19:44:12,2026-09-21 15:45:04
AAPL,AAPL260925C00205000,AAPL,2026-09-25,C,205.0,133.05,105.0,135.6,27.0,0.0,5.0,0.0,0.9994,0.0,0.0006,0.0,0.0336,134.5807,0.0,0.0,0.0,0.0,up,110.85,2026-08-19T15:57:48,0.0,131.024993896484,339.465,2026-09-21 19:44:12,2026-09-21 15:45:04
AAPL,AAPL260925C00210000,AAPL,2026-09-25,C,210.0,128.05,113.0,130.6,32.0,0.0,3.0,1.0,0.9993,0.0,0.0007,0.0,0.0344,129.5851,1.725,127.75,127.75,127.75,up,127.75,2026-09-21T12:45:01,1.36877,126.025001525879,339.465,2026-09-21 19:44:12,2026-09-21 15:45:04
AAPL,AAPL260925C00215000,AAPL,2026-09-25,C,215.0,123.05,105.0,126.25,13.0,1.6766,1.0,0.0,0.9992,0.0,0.0008,0.0,0.0353,124.5896,0.0,0.0,0.0,0.0,up,120.85,2026-09-17T12:51:01,0.0,121.049999237061,339.465,2026-09-21 19:44:12,2026-09-21 15:45:04
AAPL,AAPL260925C00220000,AAPL,2026-09-25,C,220.0,118.05,140.0,121.05,16.0,0.0,63.0,1.0,0.9992,0.0,0.0009,0.0,0.0361,119.5941,0.6,116.65,116.65,116.65,up,116.65,2026-09-21T10:04:18,0.517019,116.049999237061,339.465,2026-09-21 19:44:12,2026-09-21 15:45:04
AAPL,AAPL260925C00225000,AAPL,2026-09-25,C,225.0,113.1,116.0,115.6,29.0,0.0,6.0,0.0,0.999,0.0001,0.001,0.0,0.0369,114.5986,0.0,0.0,0.0,0.0,up,110.35,2026-09-11T10:53:38,0.0,111.049999237061,339.465,2026-09-21 19:44:12,2026-09-21 15:45:04
AAPL,AAPL260925C00230000,AAPL,2026-09-25,C,230.0,108.1,111.0,110.6,31.0,0.0,20.0,0.0,0.9989,0.0001,0.0011,0.0,0.0377,109.6032,0.0,0.0,0.0,0.0,down,105.98,2026-09-17T12:58:26,0.0,106.074996948242,339.465,2026-09-21 19:44:12,2026-09-21 15:45:04
AAPL,AAPL260925C00235000,AAPL,2026-09-25,C,235.0,103.1,116.0,105.7,31.0,0.0,29.0,0.0,0.9988,0.0001,0.0012,0.0,0.0385,104.6077,0.0,0.0,0.0,0.0,up,97.62,2026-09-16T15:09:30,0.0,101.324996948242,339.465,2026-09-21 19:44:12,2026-09-21 15:45:04
AAPL,AAPL260925C00240000,AAPL,2026-09-25,C,240.0,98.1,133.0,101.2,25.0,1.261,43.0,0.0,0.9987,0.0001,0.0014,0.0,0.0393,99.6123,0.0,0.0,0.0,0.0,up,96.3,2026-09-17T14:41:13,0.0,96.0749969482422,339.465,2026-09-21 19:44:12,2026-09-21 15:45:04
AAPL,AAPL260925C00245000,AAPL,2026-09-25,C,245.0,93.1,142.0,95.7,16.0,0.0,77.0,0.0,0.9986,0.0001,0.0016,0.0,0.0401,94.6169,0.0,0.0,0.0,0.0,up,91.84,2026-09-18T15:50:01,0.0,91.2000007629394,339.465,2026-09-21 19:44:12,2026-09-21 15:45:04
AAPL,AAPL260925C00250000,AAPL,2026-09-25,C,250.0,88.1,313.0,90.6,47.0,0.0,206.0,1.0,0.9984,0.0001,0.0017,-0.0012,0.041,89.6216,2.33,88.53,88.53,88.53,up,88.53,2026-09-21T14:04:15,2.70302,86.1999969482422,339.465,2026-09-21 19:44:12,2026-09-21 15:45:04
AAPL,AAPL260925C00255000,AAPL,2026-09-25,C,255.0,83.1,312.0,85.55,43.0,0.0,383.0,0.0,0.9982,0.0002,0.0019,-0.0025,0.0418,84.6262,0.0,0.0,0.0,0.0,up,81.49,2026-09-18T15:22:28,0.0,80.7999992370606,339.465,2026-09-21 19:44:12,2026-09-21 15:45:04
AAPL,AAPL260925C00260000,AAPL,2026-09-25,C,260.0,78.15,140.0,80.7,40.0,0.0,75.0,0.0,0.998,0.0002,0.0021,-0.0039,0.0426,79.6309,0.0,0.0,0.0,0.0,up,75.1,2026-09-18T12:50:24,0.0,76.0749969482422,339.465,2026-09-21 19:44:12,2026-09-21 15:45:04
AAPL,AAPL260925C00265000,AAPL,2026-09-25,C,265.0,73.1,111.0,75.65,23.0,0.0,24.0,2.0,0.9978,0.0002,0.0024,-0.0054,0.0434,74.6357,2.825,72.17,74.15,72.17,up,74.15,2026-09-21T15:25:18,3.96075,71.3249969482422,339.465,2026-09-21 19:44:12,2026-09-21 15:45:04
AAPL,AAPL260925C00270000,AAPL,2026-09-25,C,270.0,68.1,145.0,70.65,29.0,0.0,94.0,6.0,0.9975,0.0003,0.0026,-0.0068,0.0442,69.6405,2.135,65.6,68.36,65.6,up,68.36,2026-09-21T12:25:54,3.22386,66.2249984741211,339.465,2026-09-21 19:44:12,2026-09-21 15:45:04
AAPL,AAPL260925C00275000,AAPL,2026-09-25,C,275.0,63.1,287.0,65.7,53.0,0.0,107.0,0.0,0.9972,0.0003,0.003,-0.0083,0.045,64.6454,0.0,0.0,0.0,0.0,up,61.73,2026-09-18T15:56:59,0.0,61.3500003814697,339.465,2026-09-21 19:44:12,2026-09-21 15:45:04
AAPL,AAPL260925C00277500,AAPL,2026-09-25,C,277.5,60.65,105.0,63.75,30.0,0.8066,0.0,0.0,0.997,0.0004,0.0032,-0.0091,0.0454,62.1479,0.0,0.0,0.0,0.0,down,46.76,2026-09-10T12:53:15,0.0,58.625,339.465,2026-09-21 19:44:12,2026-09-21 15:45:04
AAPL,AAPL260925C00280000,AAPL,2026-09-25,C,280.0,58.1,345.0,60.9,117.0,0.0,170.0,8.0,0.9968,0.0004,0.0034,-0.01,0.0458,59.6505,3.175,57.8,59.05,57.62,up,59.05,2026-09-21T12:46:26,5.68233,55.875,339.465,2026-09-21 19:44:12,2026-09-21 15:45:04
AAPL,AAPL260925C00282500,AAPL,2026-09-25,C,282.5,55.65,174.0,57.85,64.0,0.0,10.0,2.0,0.9966,0.0004,0.0036,-0.0108,0.0462,57.1531,0.86,51.15,54.51,51.15,up,54.51,2026-09-21T11:31:18,1.60298,53.6499996185303,339.465,2026-09-21 19:44:12,2026-09-21 15:45:04
AAPL,AAPL260925C00285000,AAPL,2026-09-25,C,285.0,53.15,143.0,55.75,41.0,0.0,99.0,1.0,0.9964,0.0005,0.0038,-0.0118,0.0466,54.6559,2.925,54.05,54.05,54.05,up,54.05,2026-09-21T12:42:24,5.72127,51.125,339.465,2026-09-21 19:44:12,2026-09-21 15:45:04
AAPL,AAPL260925C00287500,AAPL,2026-09-25,C,287.5,50.65,113.0,53.75,42.0,0.671,27.0,0.0,0.9961,0.0005,0.0041,-0.0128,0.047,52.1588,0.0,0.0,0.0,0.0,up,48.45,2026-09-18T13:52:50,0.0,48.8500003814697,339.465,2026-09-21 19:44:12,2026-09-21 15:45:04
AAPL,AAPL260925C00290000,AAPL,2026-09-25,C,290.0,48.15,305.0,50.75,68.0,0.0,144.0,6.0,0.9957,0.0006,0.0045,-0.014,0.0474,49.6619,2.02,46.4,49.18,46.4,down,48.47,2026-09-21T14:28:11,4.34876,46.4500007629394,339.465,2026-09-21 19:44:12,2026-09-21 15:45:04
AAPL,AAPL260925C00292500,AAPL,2026-09-25,C,292.5,45.65,105.0,48.25,31.0,0.0,17.0,0.0,0.9953,0.0007,0.0049,-0.0154,0.0478,47.1652,0.0,0.0,0.0,0.0,down,43.03,2026-09-18T14:20:28,0.0,43.4500007629394,339.465,2026-09-21 19:44:12,2026-09-21 15:45:04
AAPL,AAPL260925C00295000,AAPL,2026-09-25,C,295.0,43.5,348.0,45.6,110.0,0.0,284.0,15.0,0.9948,0.0008,0.0054,-0.0169,0.0482,44.669,3.24,43.1,44.39,43.1,up,44.39,2026-09-21T15:21:23,7.87363,41.1499996185303,339.465,2026-09-21 19:44:12,2026-09-21 15:45:04
AAPL,AAPL260925C00297500,AAPL,2026-09-25,C,297.5,40.65,311.0,42.7,57.0,0.0,131.0,3.0,0.9942,0.0009,0.0059,-0.0189,0.0485,42.1732,1.87,40.82,40.82,40.82,up,40.82,2026-09-21T12:25:24,4.80103,38.9499988555908,339.465,2026-09-21 19:44:12,2026-09-21 15:45:04
AAPL,AAPL260925C00300000,AAPL,2026-09-25,C,300.0,39.05,269.0,40.6,1.0,0.6441,977.0,20.0,0.9934,0.001,0.0067,-0.0213,0.0489,39.6782,3.095,35.75,39.37,35.33,up,39.37,2026-09-21T14:47:24,8.53204,36.2750015258789,339.465,2026-09-21 19:44:12,2026-09-21 15:45:04
AAPL,AAPL260925C00302500,AAPL,2026-09-25,C,302.5,35.65,111.0,38.4,38.0,0.0,24.0,0.0,0.9924,0.0013,0.0076,-0.0243,0.0492,37.1842,0.0,0.0,0.0,0.0,up,32.92,2026-09-18T13:49:43,0.0,33.3249988555908,339.465,2026-09-21 19:44:12,2026-09-21 15:45:04
AAPL,AAPL260925C00305000,AAPL,2026-09-25,C,305.0,34.05,321.0,34.95,12.0,0.0,320.0,77.0,0.991,0.0015,0.0088,-0.0282,0.0496,34.6917,3.105,30.72,35.19,29.61,down,34.43,2026-09-21T15:21:23,9.91221,31.3249998092651,339.465,2026-09-21 19:44:12,2026-09-21 15:45:04
AAPL,AAPL260925C00307500,AAPL,2026-09-25,C,307.5,30.7,148.0,33.15,39.0,0.0,69.0,0.0,0.9892,0.0019,0.0104,-0.0334,0.0499,32.2013,0.0,0.0,0.0,0.0,up,29.37,2026-09-18T15:58:09,0.0,29.0999994277954,339.465,2026-09-21 19:44:12,2026-09-21 15:45:04
AAPL,AAPL260925C00310000,AAPL,2026-09-25,C,310.0,29.1,306.0,30.0,62.0,0.0,908.0,62.0,0.9867,0.0024,0.0125,-0.0402,0.0502,29.714,2.665,24.99,29.09,23.7,up,29.09,2026-09-21T14:54:49,10.0851,26.4250001907349,339.465,2026-09-21 19:44:12,2026-09-21 15:45:04
AAPL,AAPL260925C00312500,AAPL,2026-09-25,C,312.5,25.75,325.0,27.9,89.0,0.0,230.0,22.0,0.9832,0.0031,0.0154,-0.0492,0.0504,27.2311,2.59,21.82,26.14,21.15,up,26.14,2026-09-21T12:30:47,10.9979,23.5500001907349,339.465,2026-09-21 19:44:12,2026-09-21 15:45:04
AAPL,AAPL260925C00315000,AAPL,2026-09-25,C,315.0,23.45,361.0,25.05,76.0,0.0,868.0,61.0,0.9782,0.004,0.0191,-0.0614,0.0505,24.7546,2.7,19.28,24.25,19.28,up,24.25,2026-09-21T15:21:56,12.529,21.5500001907349,339.465,2026-09-21 19:44:12,2026-09-21 15:45:04
AAPL,AAPL260925C00317500,AAPL,2026-09-25,C,317.5,20.85,400.0,22.85,89.0,0.0,216.0,19.0,0.9712,0.0054,0.0242,-0.0775,0.0505,22.2876,2.465,17.45,21.59,17.45,no_change,21.59,2026-09-21T15:11:38,12.8889,19.125,339.465,2026-09-21 19:44:12,2026-09-21 15:45:04
AAPL,AAPL260925C00320000,AAPL,2026-09-25,C,320.0,19.15,339.0,20.05,42.0,0.0,5976.0,1931.0,0.9611,0.0072,0.0309,-0.099,0.0504,19.835,2.555,16.0,20.05,14.77,up,19.38,2026-09-21T15:24:02,15.1857,16.8249998092651,339.465,2026-09-21 19:44:12,2026-09-21 15:45:04
AAPL,AAPL260925C00322500,AAPL,2026-09-25,C,322.5,16.65,339.0,17.5,31.0,0.0,459.0,1135.0,0.9464,0.0098,0.0399,-0.1275,0.05,17.4046,2.69,12.6,17.1,11.71,up,16.99,2026-09-21T15:21:36,18.8112,14.2999997138977,339.465,2026-09-21 19:44:12,2026-09-21 15:45:04
AAPL,AAPL260925C00325000,AAPL,2026-09-25,C,325.0,14.4,376.0,15.1,17.0,0.2224,4891.0,494.0,0.925,0.0134,0.0517,-0.1653,0.0492,15.0097,2.675,11.4,14.8,9.55,up,14.8,2026-09-21T15:28:21,22.0619,12.125,339.465,2026-09-21 19:44:12,2026-09-21 15:45:04
AAPL,AAPL260925C00327500,AAPL,2026-09-25,C,327.5,12.1,350.0,12.75,13.0,0.2365,778.0,1402.0,0.8935,0.0182,0.0668,-0.2142,0.0478,12.6721,2.05,7.75,12.32,7.56,no_change,12.15,2026-09-21T15:17:40,20.297,10.0999999046326,339.465,2026-09-21 19:44:12,2026-09-21 15:45:04
AAPL,AAPL260925C00330000,AAPL,2026-09-25,C,330.0,10.2,199.0,10.5,26.0,0.26,3589.0,600.0,0.8479,0.0243,0.0851,-0.2745,0.0456,10.4252,2.02,6.5,10.23,5.75,down,10.17,2026-09-21T15:26:10,24.7853,8.15000009536743,339.465,2026-09-21 19:44:12,2026-09-21 15:45:04
AAPL,AAPL260925C00332500,AAPL,2026-09-25,C,332.5,8.05,293.0,8.4,13.0,0.2516,3040.0,668.0,0.7845,0.0313,0.1053,-0.3418,0.0425,8.3149,1.715,5.5,8.14,4.25,up,8.14,2026-09-21T15:29:04,26.6926,6.42500019073486,339.465,2026-09-21 19:44:12,2026-09-21 15:45:04
AAPL,AAPL260925C00335000,AAPL,2026-09-25,C,335.0,6.35,176.0,6.45,13.0,0.2538,11405.0,6540.0,0.7016,0.0381,0.1244,-0.4054,0.0381,6.3962,1.475,4.2,6.4,2.97,up,6.4,2026-09-21T15:29:11,29.9492,4.92499995231628,339.465,2026-09-21 19:44:12,2026-09-21 15:45:04
AAPL,AAPL260925C00337500,AAPL,2026-09-25,C,337.5,4.65,265.0,4.75,2.0,0.2469,8222.0,10355.0,0.6013,0.0433,0.138,-0.4498,0.0328,4.7232,1.075,2.97,4.7,2.0,up,4.7,2026-09-21T15:29:08,29.6552,3.625,339.465,2026-09-21 19:44:12,2026-09-21 15:45:04
AAPL,AAPL260925C00340000,AAPL,2026-09-25,C,340.0,3.3,240.0,3.35,12.0,0.2444,12001.0,21823.0,0.4904,0.0453,0.1425,-0.4608,0.0268,3.3358,0.73,1.99,3.31,1.3,up,3.31,2026-09-21T15:29:10,28.2946,2.58000004291534,339.465,2026-09-21 19:44:12,2026-09-21 15:45:04
AAPL,AAPL260925C00342500,AAPL,2026-09-25,C,342.5,2.18,415.0,2.25,6.0,0.2407,8071.0,10172.0,0.3787,0.0436,0.1361,-0.4325,0.0207,2.249,0.455,1.24,2.24,0.83,up,2.24,2026-09-21T15:29:10,25.4902,1.78500002622604,339.465,2026-09-21 19:44:12,2026-09-21 15:45:04
AAPL,AAPL260925C00345000,AAPL,2026-09-25,C,345.0,1.4,653.0,1.46,59.0,0.2409,7739.0,8946.0,0.2765,0.0385,0.1201,-0.3715,0.0151,1.4478,0.255,0.85,1.45,0.52,up,1.45,2026-09-21T15:29:10,21.3389,1.19499999284744,339.465,2026-09-21 19:44:12,2026-09-21 15:45:04
AAPL,AAPL260925C00347500,AAPL,2026-09-25,C,347.5,0.88,322.0,0.9,5.0,0.2424,2704.0,6574.0,0.1911,0.0313,0.0984,-0.2931,0.0104,0.8924,0.11,0.55,0.9,0.33,up,0.9,2026-09-21T15:29:10,13.9241,0.78999999165535,339.465,2026-09-21 19:44:12,2026-09-21 15:45:04
AAPL,AAPL260925C00350000,AAPL,2026-09-25,C,350.0,0.53,453.0,0.54,7.0,0.2446,18393.0,11910.0,0.1257,0.0236,0.0752,-0.2141,0.0068,0.5296,0.015,0.35,0.54,0.21,down,0.53,2026-09-21T15:29:11,2.91262,0.514999985694885,339.465,2026-09-21 19:44:12,2026-09-21 15:45:04
AAPL,AAPL260925C00352500,AAPL,2026-09-25,C,352.5,0.3,473.0,0.31,1.0,0.2461,2824.0,6608.0,0.0792,0.0167,0.0543,-0.1466,0.0043,0.305,-0.03,0.26,0.3,0.14,no_change,0.3,2026-09-21T15:29:03,-9.09091,0.329999998211861,339.465,2026-09-21 19:44:12,2026-09-21 15:45:04
AAPL,AAPL260925C00355000,AAPL,2026-09-25,C,355.0,0.17,428.0,0.18,269.0,0.25,5562.0,2077.0,0.0483,0.0112,0.0373,-0.0952,0.0026,0.172,-0.03,0.15,0.19,0.09,no_change,0.19,2026-09-21T15:29:10,-13.6364,0.219999998807907,339.465,2026-09-21 19:44:12,2026-09-21 15:45:04
AAPL,AAPL260925C00357500,AAPL,2026-09-25,C,357.5,0.08,500.0,0.1,626.0,0.2505,719.0,393.0,0.0288,0.0072,0.0247,-0.0596,0.0016,0.096,-0.035,0.06,0.13,0.06,up,0.1,2026-09-21T15:29:06,-25.9259,0.135000001639128,339.465,2026-09-21 19:44:12,2026-09-21 15:45:04
AAPL,AAPL260925C00360000,AAPL,2026-09-25,C,360.0,0.04,451.0,0.05,30.0,0.2517,9663.0,2213.0,0.017,0.0045,0.016,-0.0365,0.0009,0.0535,-0.05,0.07,0.07,0.03,no_change,0.04,2026-09-21T15:27:37,-55.5556,0.0899999998509884,339.465,2026-09-21 19:44:12,2026-09-21 15:45:04
AAPL,AAPL260925C00362500,AAPL,2026-09-25,C,362.5,0.01,287.0,0.03,10.0,0.2507,81.0,33.0,0.01,0.0028,0.0102,-0.022,0.0005,0.03,-0.005,0.05,0.07,0.01,up,0.04,2026-09-21T14:38:54,-11.1111,0.0449999999254942,339.465,2026-09-21 19:44:12,2026-09-21 15:45:04
AAPL,AAPL260925C00365000,AAPL,2026-09-25,C,365.0,0.01,182.0,0.02,13.0,0.2654,2654.0,222.0,0.0059,0.0017,0.0065,-0.0133,0.0003,0.017,-0.02,0.01,0.03,0.01,no_change,0.02,2026-09-21T15:22:00,-50.0,0.0400000000372529,339.465,2026-09-21 19:44:12,2026-09-21 15:45:04
AAPL,AAPL260925C00370000,AAPL,2026-09-25,C,370.0,0.0,0.0,0.02,1.0,0.2972,1535.0,658.0,0.0021,0.0007,0.0026,-0.0049,0.0001,0.0058,-0.015,0.01,0.03,0.01,no_change,0.01,2026-09-21T15:13:09,-60.0,0.0249999994412065,339.465,2026-09-21 19:44:12,2026-09-21 15:45:04
AAPL,AAPL260925C00375000,AAPL,2026-09-25,C,375.0,0.0,0.0,0.02,23.0,0.3388,1075.0,24.0,0.0008,0.0003,0.0011,-0.0019,0.0,0.0021,-0.01,0.03,0.03,0.01,no_change,0.01,2026-09-21T10:40:42,-50.0,0.0199999995529652,339.465,2026-09-21 19:44:12,2026-09-21 15:45:04
AAPL,AAPL260925C00380000,AAPL,2026-09-25,C,380.0,0.0,0.0,0.01,50.0,0.3566,525.0,18.0,0.0003,0.0001,0.0005,-0.0008,0.0,0.0009,-0.025,0.01,0.01,0.01,no_change,0.01,2026-09-21T14:11:45,-71.4286,0.0350000001490116,339.465,2026-09-21 19:44:12,2026-09-21 15:45:04
AAPL,AAPL260925C00385000,AAPL,2026-09-25,C,385.0,0.0,0.0,0.01,1.0,0.3943,143.0,0.0,0.0001,0.0,0.0002,-0.0004,0.0,0.0004,0.0,0.0,0.0,0.0,up,0.02,2026-09-16T14:59:20,0.0,0.0149999996647239,339.465,2026-09-21 19:44:12,2026-09-21 15:45:04
AAPL,AAPL260925C00390000,AAPL,2026-09-25,C,390.0,0.0,0.0,0.01,22.0,0.4311,105.0,0.0,0.0001,0.0,0.0001,-0.0002,0.0,0.0002,0.0,0.0,0.0,0.0,no_change,0.48,2026-09-17T11:52:51,0.0,0.0149999996647239,339.465,2026-09-21 19:44:12,2026-09-21 15:45:04
AAPL,AAPL260925C00395000,AAPL,2026-09-25,C,395.0,0.0,0.0,0.02,1.0,0.4957,66.0,1.0,0.0,0.0,0.0001,-0.0001,0.0,0.0001,0.135,0.14,0.14,0.14,up,0.14,2026-09-21T09:30:01,2700.0,0.00499999988824129,339.465,2026-09-21 19:44:12,2026-09-21 15:45:04
AAPL,AAPL260925C00400000,AAPL,2026-09-25,C,400.0,0.0,0.0,0.01,1.0,0.5027,309.0,50.0,0.0,0.0,0.0,0.0,0.0,0.0,0.005,0.01,0.01,0.01,no_change,0.01,2026-09-21T14:57:07,100.0,0.00499999988824129,339.465,2026-09-21 19:44:12,2026-09-21 15:45:04
AAPL,AAPL260925C00405000,AAPL,2026-09-25,C,405.0,0.0,0.0,0.01,1.0,0.5374,18.0,0.0,0.0,0.0,0.0,0.0,0.0,0.0,0.0,0.0,0.0,0.0,down,0.01,2026-09-17T10:39:10,0.0,0.0299999993294477,339.465,2026-09-21 19:44:12,2026-09-21 15:45:04
AAPL,AAPL260925C00410000,AAPL,2026-09-25,C,410.0,0.0,0.0,0.01,1062.0,0.5716,24.0,1.0,0.0,0.0,0.0,0.0,0.0,0.0,0.005,0.01,0.01,0.01,no_change,0.01,2026-09-21T09:30:06,100.0,0.00499999988824129,339.465,2026-09-21 19:44:12,2026-09-21 15:45:04
AAPL,AAPL260925C00415000,AAPL,2026-09-25,C,415.0,0.0,0.0,0.01,508.0,0.6052,136.0,0.0,0.0,0.0,0.0,0.0,0.0,0.0,0.0,0.0,0.0,0.0,no_change,0.01,2026-09-18T09:30:01,0.0,0.00499999988824129,339.465,2026-09-21 19:44:12,2026-09-21 15:45:04
AAPL,AAPL260925P00110000,AAPL,2026-09-25,P,110.0,0.0,0.0,0.01,3000.0,3.1546,100.0,0.0,0.0,0.0,0.0,0.0,0.0,0.0001,0.0,0.0,0.0,0.0,down,0.02,2026-08-19T11:20:24,0.0,0.00499999988824129,339.465,2026-09-21 19:44:12,2026-09-21 15:45:04
AAPL,AAPL260925P00120000,AAPL,2026-09-25,P,120.0,0.0,0.0,0.01,2500.0,2.9181,0.0,0.0,0.0,0.0,0.0,-0.0001,0.0,0.0001,0.0,0.0,0.0,0.0,no_change,0.0,,0.0,0.00499999988824129,339.465,2026-09-21 19:44:12,2026-09-21 15:45:04
AAPL,AAPL260925P00125000,AAPL,2026-09-25,P,125.0,0.0,0.0,0.01,2000.0,2.8072,0.0,0.0,0.0,0.0,0.0,-0.0002,0.0,0.0002,0.0,0.0,0.0,0.0,no_change,0.0,,0.0,0.00499999988824129,339.465,2026-09-21 19:44:12,2026-09-21 15:45:04
AAPL,AAPL260925P00130000,AAPL,2026-09-25,P,130.0,0.0,0.0,0.01,2000.0,2.7008,0.0,0.0,0.0,0.0,0.0,-0.0003,0.0,0.0003,0.0,0.0,0.0,0.0,no_change,0.0,,0.0,0.00499999988824129,339.465,2026-09-21 19:44:12,2026-09-21 15:45:04
AAPL,AAPL260925P00135000,AAPL,2026-09-25,P,135.0,0.0,0.0,0.01,19776.0,2.5983,0.0,0.0,0.0,0.0,0.0,-0.0004,0.0,0.0004,0.0,0.0,0.0,0.0,no_change,0.0,,0.0,0.00499999988824129,339.465,2026-09-21 19:44:12,2026-09-21 15:45:04
AAPL,AAPL260925P00140000,AAPL,2026-09-25,P,140.0,0.0,0.0,0.01,2000.0,2.4996,0.0,0.0,0.0,0.0,0.0,-0.0006,0.0,0.0006,0.0,0.0,0.0,0.0,no_change,0.0,,0.0,0.00499999988824129,339.465,2026-09-21 19:44:12,2026-09-21 15:45:04
AAPL,AAPL260925P00145000,AAPL,2026-09-25,P,145.0,0.0,0.0,0.01,2000.0,2.4044,0.0,0.0,0.0,0.0,0.0001,-0.0007,0.0,0.0008,0.0,0.0,0.0,0.0,no_change,0.0,,0.0,0.00499999988824129,339.465,2026-09-21 19:44:12,2026-09-21 15:45:04
AAPL,AAPL260925P00150000,AAPL,2026-09-25,P,150.0,0.0,0.0,0.01,2000.0,2.3123,0.0,0.0,-0.0001,0.0,0.0001,-0.001,0.0,0.001,0.0,0.0,0.0,0.0,no_change,0.0,,0.0,0.00499999988824129,339.465,2026-09-21 19:44:12,2026-09-21 15:45:04
AAPL,AAPL260925P00155000,AAPL,2026-09-25,P,155.0,0.0,0.0,0.01,1000.0,2.2233,0.0,0.0,-0.0001,0.0,0.0001,-0.0012,0.0,0.0013,0.0,0.0,0.0,0.0,no_change,0.0,,0.0,0.00499999988824129,339.465,2026-09-21 19:44:12,2026-09-21 15:45:04
AAPL,AAPL260925P00160000,AAPL,2026-09-25,P,160.0,0.0,0.0,0.01,1000.0,2.1371,0.0,0.0,-0.0001,0.0,0.0001,-0.0015,0.0,0.0016,0.0,0.0,0.0,0.0,no_change,0.0,,0.0,0.00499999988824129,339.465,2026-09-21 19:44:12,2026-09-21 15:45:04
AAPL,AAPL260925P00165000,AAPL,2026-09-25,P,165.0,0.0,0.0,0.01,1000.0,2.0535,0.0,0.0,-0.0001,0.0,0.0002,-0.0019,0.0,0.002,0.0,0.0,0.0,0.0,no_change,0.0,,0.0,0.00499999988824129,339.465,2026-09-21 19:44:12,2026-09-21 15:45:04
AAPL,AAPL260925P00170000,AAPL,2026-09-25,P,170.0,0.0,0.0,0.01,470.0,1.9723,552.0,0.0,-0.0001,0.0,0.0002,-0.0023,0.0,0.0024,0.0,0.0,0.0,0.0,no_change,0.01,2026-09-17T15:09:31,0.0,0.00499999988824129,339.465,2026-09-21 19:44:12,2026-09-21 15:45:04
AAPL,AAPL260925P00175000,AAPL,2026-09-25,P,175.0,0.0,0.0,0.01,1000.0,1.8934,30.0,0.0,-0.0002,0.0,0.0002,-0.0027,0.0,0.0029,0.0,0.0,0.0,0.0,no_change,0.01,2026-09-15T14:19:03,0.0,0.00499999988824129,339.465,2026-09-21 19:44:12,2026-09-21 15:45:04
AAPL,AAPL260925P00180000,AAPL,2026-09-25,P,180.0,0.0,0.0,0.01,1000.0,1.8167,11530.0,0.0,-0.0002,0.0,0.0003,-0.0032,0.0,0.0034,0.0,0.0,0.0,0.0,no_change,0.01,2026-09-18T13:46:14,0.0,0.00499999988824129,339.465,2026-09-21 19:44:12,2026-09-21 15:45:04
AAPL,AAPL260925P00185000,AAPL,2026-09-25,P,185.0,0.0,0.0,0.01,1000.0,1.7421,21079.0,0.0,-0.0003,0.0,0.0003,-0.0037,0.0,0.004,0.0,0.0,0.0,0.0,no_change,0.01,2026-09-18T13:46:10,0.0,0.00499999988824129,339.465,2026-09-21 19:44:12,2026-09-21 15:45:04
AAPL,AAPL260925P00190000,AAPL,2026-09-25,P,190.0,0.0,0.0,0.01,1000.0,1.6694,17.0,0.0,-0.0003,0.0,0.0004,-0.0042,0.0,0.0046,0.0,0.0,0.0,0.0,down,0.04,2026-09-01T10:50:33,0.0,0.00499999988824129,339.465,2026-09-21 19:44:12,2026-09-21 15:45:04
AAPL,AAPL260925P00195000,AAPL,2026-09-25,P,195.0,0.0,0.0,0.01,1062.0,1.5984,26.0,1.0,-0.0004,0.0,0.0005,-0.0048,0.0,0.0052,0.005,0.01,0.01,0.01,no_change,0.01,2026-09-21T09:30:35,100.0,0.00499999988824129,339.465,2026-09-21 19:44:12,2026-09-21 15:45:04
AAPL,AAPL260925P00200000,AAPL,2026-09-25,P,200.0,0.0,0.0,0.01,2000.0,1.5293,54.0,0.0,-0.0004,0.0,0.0005,-0.0054,0.0,0.0059,0.0,0.0,0.0,0.0,no_change,0.01,2026-09-14T15:42:58,0.0,0.0199999995529652,339.465,2026-09-21 19:44:12,2026-09-21 15:45:04
AAPL,AAPL260925P00205000,AAPL,2026-09-25,P,205.0,0.0,0.0,0.01,1000.0,1.4617,26.0,0.0,-0.0005,0.0,0.0006,-0.006,0.0,0.0066,0.0,0.0,0.0,0.0,up,0.1,2026-09-01T10:25:22,0.0,0.259999990463257,339.465,2026-09-21 19:44:12,2026-09-21 15:45:04
AAPL,AAPL260925P00210000,AAPL,2026-09-25,P,210.0,0.0,0.0,0.01,11.0,1.3956,54.0,0.0,-0.0006,0.0,0.0007,-0.0067,0.0,0.0074,0.0,0.0,0.0,0.0,down,0.09,2026-09-03T09:58:53,0.0,0.259999990463257,339.465,2026-09-21 19:44:12,2026-09-21 15:45:04
AAPL,AAPL260925P00215000,AAPL,2026-09-25,P,215.0,0.0,0.0,0.01,33.0,1.3311,241.0,0.0,-0.0006,0.0,0.0008,-0.0073,0.0,0.0082,0.0,0.0,0.0,0.0,down,0.01,2026-09-17T10:06:18,0.0,0.00999999977648258,339.465,2026-09-21 19:44:12,2026-09-21 15:45:04
AAPL,AAPL260925P00220000,AAPL,2026-09-25,P,220.0,0.0,0.0,0.01,11.0,1.2679,45.0,0.0,-0.0007,0.0,0.0009,-0.008,0.0,0.009,0.0,0.0,0.0,0.0,up,0.04,2026-09-15T11:45:30,0.0,0.0299999993294477,339.465,2026-09-21 19:44:12,2026-09-21 15:45:04
AAPL,AAPL260925P00225000,AAPL,2026-09-25,P,225.0,0.0,0.0,0.01,22.0,1.206,150.0,0.0,-0.0008,0.0001,0.001,-0.0087,0.0,0.0099,0.0,0.0,0.0,0.0,down,0.07,2026-09-18T14:31:12,0.0,0.0949999988079071,339.465,2026-09-21 19:44:12,2026-09-21 15:45:04
AAPL,AAPL260925P00230000,AAPL,2026-09-25,P,230.0,0.0,0.0,0.01,28.0,1.1453,310.0,5.0,-0.0009,0.0001,0.0011,-0.0094,0.0,0.0108,0.0,0.01,0.01,0.01,no_change,0.01,2026-09-21T14:34:20,2.23517e-06,0.00999999977648258,339.465,2026-09-21 19:44:12,2026-09-21 15:45:04
AAPL,AAPL260925P00235000,AAPL,2026-09-25,P,235.0,0.0,0.0,0.01,88.0,1.0859,910.0,0.0,-0.0011,0.0001,0.0012,-0.0102,-0.0001,0.0117,0.0,0.0,0.0,0.0,up,0.06,2026-09-18T14:18:03,0.0,0.0299999993294477,339.465,2026-09-21 19:44:12,2026-09-21 15:45:04
AAPL,AAPL260925P00240000,AAPL,2026-09-25,P,240.0,0.0,0.0,0.01,88.0,1.0275,813.0,0.0,-0.0012,0.0001,0.0014,-0.0109,-0.0001,0.0126,0.0,0.0,0.0,0.0,up,0.02,2026-09-18T10:41:34,0.0,0.025000000372529,339.465,2026-09-21 19:44:12,2026-09-21 15:45:04
AAPL,AAPL260925P00245000,AAPL,2026-09-25,P,245.0,0.0,0.0,0.01,62.0,1.1119,1020.0,50.0,-0.0013,0.0001,0.0016,-0.0117,-0.0001,0.0135,-0.02,0.01,0.01,0.01,no_change,0.01,2026-09-21T11:52:52,-66.6667,0.0300000002607703,339.465,2026-09-21 19:44:12,2026-09-21 15:45:04
AAPL,AAPL260925P00250000,AAPL,2026-09-25,P,250.0,0.0,0.0,0.01,111.0,0.9139,14619.0,0.0,-0.0015,0.0001,0.0017,-0.0124,-0.0001,0.0145,0.0,0.0,0.0,0.0,no_change,0.03,2026-09-18T12:18:50,0.0,0.0300000002607703,339.465,2026-09-21 19:44:12,2026-09-21 15:45:04
AAPL,AAPL260925P00255000,AAPL,2026-09-25,P,255.0,0.0,0.0,0.01,60.0,0.8586,950.0,17.0,-0.0017,0.0002,0.0019,-0.0132,-0.0001,0.0155,-0.015,0.01,0.01,0.01,no_change,0.01,2026-09-21T13:45:32,-60.0,0.025000000372529,339.465,2026-09-21 19:44:12,2026-09-21 15:45:04
AAPL,AAPL260925P00260000,AAPL,2026-09-25,P,260.0,0.0,0.0,0.05,380.0,0.9247,2314.0,220.0,-0.0019,0.0002,0.0021,-0.014,-0.0001,0.0165,-0.005,0.01,0.02,0.01,no_change,0.01,2026-09-21T11:08:07,-33.3333,0.0149999996647239,339.465,2026-09-21 19:44:12,2026-09-21 15:45:04
AAPL,AAPL260925P00265000,AAPL,2026-09-25,P,265.0,0.0,0.0,0.03,1.0,0.8235,573.0,1.0,-0.0021,0.0002,0.0024,-0.0148,-0.0001,0.0176,0.065,0.08,0.08,0.08,up,0.08,2026-09-21T09:32:36,433.333,0.0149999996647239,339.465,2026-09-21 19:44:12,2026-09-21 15:45:04
AAPL,AAPL260925P00270000,AAPL,2026-09-25,P,270.0,0.0,0.0,0.06,327.0,0.8195,546.0,7.0,-0.0024,0.0003,0.0026,-0.0156,-0.0001,0.0187,-0.05,0.03,0.1,0.01,no_change,0.01,2026-09-21T14:38:40,-83.3333,0.0599999986588955,339.465,2026-09-21 19:44:12,2026-09-21 15:45:04
AAPL,AAPL260925P00275000,AAPL,2026-09-25,P,275.0,0.0,0.0,0.01,1.0,0.6459,1671.0,5.0,-0.0027,0.0003,0.003,-0.0165,-0.0001,0.02,-0.03,0.03,0.03,0.01,no_change,0.01,2026-09-21T15:19:51,-75.0,0.0400000000372529,339.465,2026-09-21 19:44:12,2026-09-21 15:45:04
AAPL,AAPL260925P00277500,AAPL,2026-09-25,P,277.5,0.0,0.0,0.25,367.0,0.8643,75.0,1.0,-0.0029,0.0004,0.0032,-0.017,-0.0001,0.0207,0.025,0.13,0.13,0.13,up,0.13,2026-09-21T09:30:12,23.8095,0.104999996721745,339.465,2026-09-21 19:44:12,2026-09-21 15:45:04
AAPL,AAPL260925P00280000,AAPL,2026-09-25,P,280.0,0.0,0.0,0.01,6.0,0.5946,918.0,10.0,-0.0031,0.0004,0.0034,-0.0175,-0.0002,0.0214,-0.02,0.16,0.16,0.01,no_change,0.01,2026-09-21T15:13:24,-66.6667,0.0299999993294477,339.465,2026-09-21 19:44:12,2026-09-21 15:45:04
AAPL,AAPL260925P00282500,AAPL,2026-09-25,P,282.5,0.0,0.0,0.03,8.0,0.6266,157.0,24.0,-0.0033,0.0004,0.0036,-0.018,-0.0002,0.0222,-0.035,0.03,0.03,0.01,no_change,0.01,2026-09-21T13:33:06,-77.7778,0.0449999989941716,339.465,2026-09-21 19:44:12,2026-09-21 15:45:04
AAPL,AAPL260925P00285000,AAPL,2026-09-25,P,285.0,0.01,32.0,0.03,193.0,0.6162,779.0,396.0,-0.0035,0.0005,0.0038,-0.0187,-0.0002,0.0231,-0.035,0.04,0.04,0.01,down,0.01,2026-09-21T14:52:25,-77.7778,0.0449999999254942,339.465,2026-09-21 19:44:12,2026-09-21 15:45:04
AAPL,AAPL260925P00287500,AAPL,2026-09-25,P,287.5,0.0,0.0,0.09,413.0,0.6418,333.0,0.0,-0.0038,0.0005,0.0041,-0.0194,-0.0002,0.0242,0.0,0.0,0.0,0.0,down,0.03,2026-09-18T14:58:22,0.0,0.0850000008940697,339.465,2026-09-21 19:44:12,2026-09-21 15:45:04
AAPL,AAPL260925P00290000,AAPL,2026-09-25,P,290.0,0.01,138.0,0.03,203.0,0.5605,1719.0,40.0,-0.0042,0.0006,0.0045,-0.0203,-0.0002,0.0255,-0.035,0.04,0.04,0.01,no_change,0.02,2026-09-21T15:23:52,-63.6364,0.0550000006332994,339.465,2026-09-21 19:44:12,2026-09-21 15:45:04
AAPL,AAPL260925P00292500,AAPL,2026-09-25,P,292.5,0.01,22.0,0.06,536.0,0.5657,488.0,24.0,-0.0046,0.0007,0.0049,-0.0213,-0.0002,0.027,-0.005,0.05,0.06,0.02,no_change,0.03,2026-09-21T12:19:45,-14.2857,0.0350000001490116,339.465,2026-09-21 19:44:12,2026-09-21 15:45:04
AAPL,AAPL260925P00295000,AAPL,2026-09-25,P,295.0,0.02,180.0,0.04,535.0,0.5276,2647.0,180.0,-0.0051,0.0008,0.0054,-0.0226,-0.0003,0.0289,-0.02,0.03,0.04,0.02,no_change,0.03,2026-09-21T15:23:52,-40.0,0.0499999988824129,339.465,2026-09-21 19:44:12,2026-09-21 15:45:04
AAPL,AAPL260925P00297500,AAPL,2026-09-25,P,297.5,0.01,485.0,0.04,428.0,0.4893,245.0,15.0,-0.0057,0.0009,0.006,-0.0242,-0.0003,0.0313,-0.04,0.02,0.02,0.02,no_change,0.02,2026-09-21T13:51:23,-66.6667,0.0600000014528632,339.465,2026-09-21 19:44:12,2026-09-21 15:45:04
AAPL,AAPL260925P00300000,AAPL,2026-09-25,P,300.0,0.02,144.0,0.04,553.0,0.4708,2716.0,589.0,-0.0065,0.0011,0.0067,-0.0263,-0.0004,0.0345,-0.03,0.05,0.05,0.03,up,0.04,2026-09-21T15:28:44,-42.8571,0.0699999984353781,339.465,2026-09-21 19:44:12,2026-09-21 15:45:04
AAPL,AAPL260925P00302500,AAPL,2026-09-25,P,302.5,0.02,356.0,0.05,389.0,0.4505,154.0,12.0,-0.0075,0.0013,0.0076,-0.029,-0.0004,0.0386,-0.035,0.04,0.04,0.04,no_change,0.04,2026-09-21T15:08:50,-46.6667,0.0750000011175871,339.465,2026-09-21 19:44:12,2026-09-21 15:45:04
AAPL,AAPL260925P00305000,AAPL,2026-09-25,P,305.0,0.04,2.0,0.06,409.0,0.4407,4468.0,259.0,-0.0088,0.0015,0.0088,-0.0326,-0.0005,0.0443,-0.045,0.07,0.07,0.03,no_change,0.05,2026-09-21T15:27:46,-47.3684,0.0950000025331974,339.465,2026-09-21 19:44:12,2026-09-21 15:45:04
AAPL,AAPL260925P00307500,AAPL,2026-09-25,P,307.5,0.03,367.0,0.05,1.0,0.3999,421.0,54.0,-0.0107,0.0019,0.0104,-0.0374,-0.0006,0.0521,-0.115,0.07,0.07,0.03,down,0.03,2026-09-21T14:56:22,-79.3103,0.144999999552965,339.465,2026-09-21 19:44:12,2026-09-21 15:45:04
AAPL,AAPL260925P00310000,AAPL,2026-09-25,P,310.0,0.06,296.0,0.08,452.0,0.3993,3258.0,386.0,-0.0132,0.0024,0.0125,-0.044,-0.0007,0.0629,-0.105,0.13,0.14,0.05,no_change,0.07,2026-09-21T15:26:28,-60.0,0.174999997019768,339.465,2026-09-21 19:44:12,2026-09-21 15:45:04
AAPL,AAPL260925P00312500,AAPL,2026-09-25,P,312.5,0.08,155.0,0.1,401.0,0.3823,1005.0,233.0,-0.0167,0.0031,0.0154,-0.0527,-0.0009,0.0782,-0.12,0.13,0.15,0.07,no_change,0.09,2026-09-21T15:15:56,-57.1429,0.21000000089407,339.465,2026-09-21 19:44:12,2026-09-21 15:45:04
AAPL,AAPL260925P00315000,AAPL,2026-09-25,P,315.0,0.1,375.0,0.12,451.0,0.3619,4483.0,2534.0,-0.0217,0.004,0.0191,-0.0646,-0.0012,0.0999,-0.14,0.2,0.23,0.08,down,0.1,2026-09-21T15:28:11,-58.3333,0.239999994635582,339.465,2026-09-21 19:44:12,2026-09-21 15:45:04
AAPL,AAPL260925P00317500,AAPL,2026-09-25,P,317.5,0.13,396.0,0.15,462.0,0.343,1758.0,873.0,-0.0288,0.0054,0.0242,-0.0804,-0.0015,0.1312,-0.185,0.3,0.34,0.11,no_change,0.15,2026-09-21T15:24:36,-55.2239,0.334999993443489,339.465,2026-09-21 19:44:12,2026-09-21 15:45:04
AAPL,AAPL260925P00320000,AAPL,2026-09-25,P,320.0,0.17,156.0,0.19,468.0,0.3239,6216.0,5708.0,-0.0389,0.0073,0.031,-0.1017,-0.002,0.1768,-0.28,0.37,0.48,0.15,no_change,0.18,2026-09-21T15:28:33,-60.8696,0.459999993443489,339.465,2026-09-21 19:44:12,2026-09-21 15:45:04
AAPL,AAPL260925P00322500,AAPL,2026-09-25,P,322.5,0.2,550.0,0.25,202.0,0.302,1688.0,1767.0,-0.0536,0.0099,0.04,-0.1301,-0.0027,0.2448,-0.39,0.67,0.76,0.24,down,0.26,2026-09-21T15:28:07,-60.0,0.650000005960464,339.465,2026-09-21 19:44:12,2026-09-21 15:45:04
AAPL,AAPL260925P00325000,AAPL,2026-09-25,P,325.0,0.34,53.0,0.35,203.0,0.2922,2887.0,3704.0,-0.0751,0.0135,0.0519,-0.1678,-0.0038,0.3484,-0.575,0.83,1.1,0.35,no_change,0.35,2026-09-21T15:29:08,-62.1622,0.925000011920929,339.465,2026-09-21 19:44:12,2026-09-21 15:45:04
AAPL,AAPL260925P00327500,AAPL,2026-09-25,P,327.5,0.5,74.0,0.53,351.0,0.2809,1404.0,4859.0,-0.1069,0.0184,0.067,-0.2168,-0.0053,0.5097,-0.83,1.19,1.75,0.53,down,0.53,2026-09-21T15:28:43,-61.0294,1.35999995470047,339.465,2026-09-21 19:44:12,2026-09-21 15:45:04
AAPL,AAPL260925P00330000,AAPL,2026-09-25,P,330.0,0.75,131.0,0.77,71.0,0.2689,4989.0,5291.0,-0.1528,0.0245,0.0854,-0.2775,-0.0075,0.7624,-1.17,1.7,2.42,0.77,no_change,0.77,2026-09-21T15:29:10,-60.3093,1.93999999761581,339.465,2026-09-21 19:44:12,2026-09-21 15:45:04
AAPL,AAPL260925P00332500,AAPL,2026-09-25,P,332.5,1.15,24.0,1.22,388.0,0.2634,2644.0,2205.0,-0.2167,0.0316,0.1055,-0.3453,-0.0105,1.1526,-1.495,2.75,3.4,1.19,down,1.19,2026-09-21T15:28:21,-55.6797,2.68500006198883,339.465,2026-09-21 19:44:12,2026-09-21 15:45:04
AAPL,AAPL260925P00335000,AAPL,2026-09-25,P,335.0,1.75,1.0,1.81,324.0,0.2571,3520.0,6637.0,-0.3004,0.0385,0.1247,-0.4098,-0.0135,1.7361,-1.835,3.7,4.7,1.77,up,1.79,2026-09-21T15:29:08,-50.6207,3.625,339.465,2026-09-21 19:44:12,2026-09-21 15:45:04
AAPL,AAPL260925P00337500,AAPL,2026-09-25,P,337.5,2.56,83.0,2.66,445.0,0.2516,726.0,2449.0,-0.4017,0.0437,0.1381,-0.4549,-0.0178,2.5676,-2.235,4.9,6.2,2.64,down,2.64,2026-09-21T15:29:08,-45.8462,4.875,339.465,2026-09-21 19:44:12,2026-09-21 15:45:04
AAPL,AAPL260925P00340000,AAPL,2026-09-25,P,340.0,3.65,134.0,3.8,495.0,0.2478,3576.0,2079.0,-0.5139,0.0458,0.1422,-0.466,-0.0207,3.6883,-2.625,6.74,8.15,3.75,down,3.75,2026-09-21T15:28:42,-41.1765,6.375,339.465,2026-09-21 19:44:12,2026-09-21 15:45:04
AAPL,AAPL260925P00342500,AAPL,2026-09-25,P,342.5,4.9,466.0,5.45,541.0,0.2479,139.0,1781.0,-0.6268,0.0441,0.1355,-0.4373,-0.0228,5.1116,-2.55,9.2,9.2,5.35,up,5.55,2026-09-21T15:25:28,-31.4815,8.10000014305115,339.465,2026-09-21 19:44:12,2026-09-21 15:45:04
AAPL,AAPL260925P00345000,AAPL,2026-09-25,P,345.0,6.75,32.0,7.1,258.0,0.2508,2036.0,171.0,-0.7302,0.0389,0.1184,-0.3749,-0.025,6.8255,-2.875,11.2,11.2,7.05,no_change,7.05,2026-09-21T15:23:05,-28.9673,9.92500019073486,339.465,2026-09-21 19:44:12,2026-09-21 15:45:04
AAPL,AAPL260925P00347500,AAPL,2026-09-25,P,347.5,8.7,18.0,9.05,185.0,0.252,1962.0,12.0,-0.8166,0.0316,0.0952,-0.2954,-0.0234,8.7865,-2.125,11.5,11.5,9.73,up,9.9,2026-09-21T14:10:07,-17.6715,12.0250000953674,339.465,2026-09-21 19:44:12,2026-09-21 15:45:04
AAPL,AAPL260925P00350000,AAPL,2026-09-25,P,350.0,10.85,21.0,11.8,333.0,0.2924,1174.0,27.0,-0.8826,0.0238,0.0717,-0.2152,-0.0223,10.9419,-2.57,15.85,16.3,11.63,down,11.63,2026-09-21T13:06:37,-18.0986,14.2000002861023,339.465,2026-09-21 19:44:12,2026-09-21 15:45:04
AAPL,AAPL260925P00352500,AAPL,2026-09-25,P,352.5,12.65,215.0,14.3,144.0,0.2884,33.0,31.0,-0.9298,0.0171,0.0489,-0.1462,-0.0183,13.2364,-1.7,17.25,17.25,14.95,no_change,15.1,2026-09-21T11:40:35,-10.119,16.8000001907349,339.465,2026-09-21 19:44:12,2026-09-21 15:45:04
AAPL,AAPL260925P00355000,AAPL,2026-09-25,P,355.0,15.25,38.0,16.7,96.0,0.3267,17.0,1.0,-0.9616,0.0117,0.0308,-0.0941,-0.0152,15.6235,-3.2,16.2,16.2,16.2,down,16.2,2026-09-21T15:12:38,-16.4948,19.3999996185303,339.465,2026-09-21 19:44:12,2026-09-21 15:45:04
AAPL,AAPL260925P00357500,AAPL,2026-09-25,P,357.5,17.85,27.0,19.9,67.0,0.4246,0.0,0.0,-0.9815,0.0073,0.0175,-0.0608,-0.0069,18.0682,0.0,0.0,0.0,0.0,no_change,0.0,,0.0,21.8499994277954,339.465,2026-09-21 19:44:12,2026-09-21 15:45:04
AAPL,AAPL260925P00360000,AAPL,2026-09-25,P,360.0,20.35,14.0,21.8,99.0,0.4174,8.0,8.0,-0.9924,0.0038,0.0077,-0.0445,-0.0032,20.5459,-2.875,23.32,23.32,21.0,up,21.5,2026-09-21T13:39:06,-11.7949,24.375,339.465,2026-09-21 19:44:12,2026-09-21 15:45:04
AAPL,AAPL260925P00362500,AAPL,2026-09-25,P,362.5,22.1,123.0,24.55,66.0,0.402,0.0,0.0,-0.9974,0.0016,0.0027,-0.0382,-0.0012,23.0383,0.0,0.0,0.0,0.0,no_change,0.0,,0.0,26.8249998092651,339.465,2026-09-21 19:44:12,2026-09-21 15:45:04
AAPL,AAPL260925P00365000,AAPL,2026-09-25,P,365.0,25.25,30.0,27.4,40.0,0.5314,0.0,0.0,-0.9993,0.0005,0.0008,-0.0363,-0.0003,25.5362,0.0,0.0,0.0,0.0,up,28.7,2026-09-18T15:39:12,0.0,29.4750003814697,339.465,2026-09-21 19:44:12,2026-09-21 15:45:04
AAPL,AAPL260925P00370000,AAPL,2026-09-25,P,370.0,30.25,23.0,32.4,58.0,0.6027,0.0,0.0,-1.0,0.0,0.0,-0.0358,0.0,30.5357,0.0,0.0,0.0,0.0,up,37.2,2026-09-16T11:51:13,0.0,34.125,339.465,2026-09-21 19:44:12,2026-09-21 15:45:04
AAPL,AAPL260925P00375000,AAPL,2026-09-25,P,375.0,35.25,24.0,37.3,51.0,0.6618,0.0,0.0,-1.0,0.0,0.0,-0.0358,0.0,35.5357,0.0,0.0,0.0,0.0,up,38.91,2026-09-18T15:48:00,0.0,39.0,339.465,2026-09-21 19:44:12,2026-09-21 15:45:04
AAPL,AAPL260925P00380000,AAPL,2026-09-25,P,380.0,40.25,61.0,42.4,64.0,0.7372,0.0,0.0,-1.0,0.0,0.0,-0.0358,0.0,40.5357,0.0,0.0,0.0,0.0,up,43.93,2026-09-18T15:48:00,0.0,43.7999992370606,339.465,2026-09-21 19:44:12,2026-09-21 15:45:04
AAPL,AAPL260925P00385000,AAPL,2026-09-25,P,385.0,45.3,46.0,47.4,57.0,0.8062,0.0,0.0,-1.0,0.0,0.0,-0.0358,0.0,45.5357,0.0,0.0,0.0,0.0,up,64.24,2026-09-04T15:02:32,0.0,48.7999992370606,339.465,2026-09-21 19:44:12,2026-09-21 15:45:04
AAPL,AAPL260925P00390000,AAPL,2026-09-25,P,390.0,50.25,51.0,52.45,67.0,0.8685,0.0,0.0,-1.0,0.0,0.0,-0.0358,0.0,50.5357,0.0,0.0,0.0,0.0,no_change,54.0,2026-09-18T15:57:01,0.0,54.0999984741211,339.465,2026-09-21 19:44:12,2026-09-21 15:45:04
AAPL,AAPL260925P00395000,AAPL,2026-09-25,P,395.0,55.25,45.0,57.55,48.0,0.94,0.0,0.0,-1.0,0.0,0.0,-0.0358,0.0,55.5357,0.0,0.0,0.0,0.0,no_change,0.0,,0.0,58.7999992370606,339.465,2026-09-21 19:44:12,2026-09-21 15:45:04
AAPL,AAPL260925P00400000,AAPL,2026-09-25,P,400.0,60.25,52.0,62.4,60.0,0.9823,0.0,0.0,-1.0,0.0,0.0,-0.0358,0.0,60.5357,0.0,0.0,0.0,0.0,no_change,0.0,,0.0,63.7999992370606,339.465,2026-09-21 19:44:12,2026-09-21 15:45:04
AAPL,AAPL260925P00405000,AAPL,2026-09-25,P,405.0,65.25,52.0,67.1,53.0,1.0011,0.0,0.0,-1.0,0.0,0.0,-0.0358,0.0,65.5357,0.0,0.0,0.0,0.0,no_change,0.0,,0.0,68.7999992370606,339.465,2026-09-21 19:44:12,2026-09-21 15:45:04
AAPL,AAPL260925P00410000,AAPL,2026-09-25,P,410.0,70.25,67.0,72.4,66.0,1.0955,0.0,0.0,-1.0,0.0,0.0,-0.0358,0.0,70.5357,0.0,0.0,0.0,0.0,no_change,0.0,,0.0,73.8500022888184,339.465,2026-09-21 19:44:12,2026-09-21 15:45:04
AAPL,AAPL260925P00415000,AAPL,2026-09-25,P,415.0,75.25,45.0,77.05,59.0,1.1019,0.0,0.0,-1.0,0.0,0.0,-0.0358,0.0,75.5357,0.0,0.0,0.0,0.0,no_change,0.0,,0.0,78.7999992370606,339.465,2026-09-21 19:44:12,2026-09-21 15:45:04
AAPL,AAPL260928C00245000,AAPL,2026-09-28,C,245.0,93.1,102.0,96.45,4.0,1.0189,0.0,0.0,0.9992,0.0001,0.0012,0.0,0.0469,94.64,0.0,0.0,0.0,0.0,no_change,0.0,,0.0,91.375,339.465,2026-09-21 19:44:12,2026-09-21 15:45:04
AAPL,AAPL260928C00250000,AAPL,2026-09-28,C,250.0,88.1,105.0,91.25,5.0,0.8261,1.0,0.0,0.9991,0.0001,0.0013,0.0,0.0478,89.6451,0.0,0.0,0.0,0.0,up,80.46,2026-09-15T11:21:04,0.0,86.2749977111816,339.465,2026-09-21 19:44:12,2026-09-21 15:45:04
AAPL,AAPL260928C00255000,AAPL,2026-09-28,C,255.0,83.1,103.0,86.1,22.0,0.0,0.0,0.0,0.9989,0.0001,0.0016,0.0,0.0488,84.6503,0.0,0.0,0.0,0.0,no_change,0.0,,0.0,81.3250007629394,339.465,2026-09-21 19:44:12,2026-09-21 15:45:04
AAPL,AAPL260928C00260000,AAPL,2026-09-28,C,260.0,78.1,114.0,80.65,9.0,0.0,0.0,0.0,0.9987,0.0001,0.0018,0.0,0.0497,79.6557,0.0,0.0,0.0,0.0,no_change,0.0,,0.0,76.2749977111816,339.465,2026-09-21 19:44:12,2026-09-21 15:45:04
AAPL,AAPL260928C00265000,AAPL,2026-09-28,C,265.0,73.15,102.0,76.4,19.0,0.7848,5.0,0.0,0.9985,0.0002,0.0022,0.0,0.0507,74.6614,0.0,0.0,0.0,0.0,up,71.13,2026-09-18T11:25:17,0.0,71.2249984741211,339.465,2026-09-21 19:44:12,2026-09-21 15:45:04
AAPL,AAPL260928C00270000,AAPL,2026-09-28,C,270.0,68.15,104.0,70.75,24.0,0.0,3.0,0.0,0.9982,0.0002,0.0026,0.0,0.0516,69.6675,0.0,0.0,0.0,0.0,down,65.16,2026-09-18T11:16:18,0.0,66.5250015258789,339.465,2026-09-21 19:44:12,2026-09-21 15:45:04
AAPL,AAPL260928C00275000,AAPL,2026-09-28,C,275.0,63.15,97.0,65.85,3.0,0.0,0.0,0.0,0.9978,0.0003,0.0032,-0.001,0.0525,64.6742,0.0,0.0,0.0,0.0,no_change,0.0,,0.0,61.2999992370606,339.465,2026-09-21 19:44:12,2026-09-21 15:45:04
AAPL,AAPL260928C00280000,AAPL,2026-09-28,C,280.0,58.15,106.0,60.75,22.0,0.0,4.0,0.0,0.9972,0.0003,0.004,-0.0032,0.0534,59.6818,0.0,0.0,0.0,0.0,up,54.5,2026-09-16T09:51:38,0.0,56.75,339.465,2026-09-21 19:44:12,2026-09-21 15:45:04
AAPL,AAPL260928C00285000,AAPL,2026-09-28,C,285.0,53.15,106.0,55.7,22.0,0.0,0.0,0.0,0.9964,0.0005,0.0051,-0.006,0.0544,54.6906,0.0,0.0,0.0,0.0,no_change,0.0,,0.0,51.3250007629394,339.465,2026-09-21 19:44:12,2026-09-21 15:45:04
AAPL,AAPL260928C00290000,AAPL,2026-09-28,C,290.0,48.15,110.0,50.7,22.0,0.0,12.0,0.0,0.9952,0.0006,0.0066,-0.0095,0.0552,49.7013,0.0,0.0,0.0,0.0,up,45.87,2026-09-17T13:38:20,0.0,46.3500003814697,339.465,2026-09-21 19:44:12,2026-09-21 15:45:04
AAPL,AAPL260928C00295000,AAPL,2026-09-28,C,295.0,43.2,112.0,45.8,22.0,0.0,0.0,0.0,0.9935,0.0009,0.0088,-0.0141,0.0561,44.7148,0.0,0.0,0.0,0.0,no_change,0.0,,0.0,41.375,339.465,2026-09-21 19:44:12,2026-09-21 15:45:04
AAPL,AAPL260928C00297500,AAPL,2026-09-28,C,297.5,40.7,103.0,43.3,22.0,0.0,0.0,0.0,0.9924,0.0011,0.0101,-0.017,0.0565,42.223,0.0,0.0,0.0,0.0,no_change,0.0,,0.0,38.8999996185303,339.465,2026-09-21 19:44:12,2026-09-21 15:45:04
AAPL,AAPL260928C00300000,AAPL,2026-09-28,C,300.0,38.2,104.0,40.85,22.0,0.0,1.0,5.0,0.991,0.0013,0.0118,-0.0202,0.0569,39.7326,1.71,38.11,38.11,38.11,up,38.11,2026-09-21T11:49:41,4.6978,36.3999996185303,339.465,2026-09-21 19:44:12,2026-09-21 15:45:04
AAPL,AAPL260928C00302500,AAPL,2026-09-28,C,302.5,35.7,109.0,38.25,8.0,0.0,11.0,0.0,0.9892,0.0016,0.0138,-0.024,0.0572,37.2438,0.0,0.0,0.0,0.0,up,33.65,2026-09-18T11:24:47,0.0,33.8999996185303,339.465,2026-09-21 19:44:12,2026-09-21 15:45:04
AAPL,AAPL260928C00305000,AAPL,2026-09-28,C,305.0,33.25,116.0,35.75,17.0,0.0,12.0,2.0,0.987,0.002,0.0163,-0.0284,0.0576,34.7572,-0.61,30.84,30.84,30.84,down,30.84,2026-09-21T09:30:01,-1.93959,31.4500007629394,339.465,2026-09-21 19:44:12,2026-09-21 15:45:04
AAPL,AAPL260928C00307500,AAPL,2026-09-28,C,307.5,30.75,110.0,33.3,21.0,0.0,14.0,1.0,0.9842,0.0025,0.0193,-0.0336,0.0579,32.2734,1.55,30.55,30.55,30.55,up,30.55,2026-09-21T11:50:48,5.34483,29.0,339.465,2026-09-21 19:44:12,2026-09-21 15:45:04
AAPL,AAPL260928C00310000,AAPL,2026-09-28,C,310.0,28.3,156.0,30.75,53.0,0.0,9.0,1.0,0.9806,0.0031,0.0231,-0.0399,0.0581,29.7936,0.825,27.0,27.0,27.0,up,27.0,2026-09-21T10:52:52,3.15186,26.1750001907349,339.465,2026-09-21 19:44:12,2026-09-21 15:45:04
AAPL,AAPL260928C00312500,AAPL,2026-09-28,C,312.5,25.8,115.0,28.2,46.0,0.0,27.0,0.0,0.9758,0.0039,0.0278,-0.0476,0.0583,27.3195,0.0,0.0,0.0,0.0,down,23.09,2026-09-18T11:18:31,0.0,24.5249996185303,339.465,2026-09-21 19:44:12,2026-09-21 15:45:04
AAPL,AAPL260928C00315000,AAPL,2026-09-28,C,315.0,23.35,112.0,25.9,50.0,0.0,14.0,2.0,0.9693,0.005,0.0338,-0.0572,0.0583,24.854,1.35,23.4,23.4,23.4,up,23.4,2026-09-21T11:50:34,6.12245,22.0500001907349,339.465,2026-09-21 19:44:12,2026-09-21 15:45:04
AAPL,AAPL260928C00317500,AAPL,2026-09-28,C,317.5,20.9,112.0,23.2,36.0,0.0,1.0,5.0,0.9604,0.0064,0.0417,-0.0696,0.0582,22.402,1.04,20.49,20.72,20.49,down,20.64,2026-09-21T12:00:24,5.30612,19.6000003814697,339.465,2026-09-21 19:44:12,2026-09-21 15:45:04
AAPL,AAPL260928C00320000,AAPL,2026-09-28,C,320.0,18.75,357.0,20.3,57.0,0.0,254.0,18.0,0.9476,0.0084,0.0521,-0.0858,0.0579,19.9711,2.85,16.51,19.55,16.4,up,19.55,2026-09-21T13:34:47,17.0659,16.7000007629395,339.465,2026-09-21 19:44:12,2026-09-21 15:45:04
AAPL,AAPL260928C00322500,AAPL,2026-09-28,C,322.5,16.1,180.0,18.0,53.0,0.0,11.0,19.0,0.9295,0.0111,0.0654,-0.107,0.0572,17.573,1.76,15.92,16.36,15.4,no_change,16.36,2026-09-21T13:16:02,12.0548,14.5999999046326,339.465,2026-09-21 19:44:12,2026-09-21 15:45:04
AAPL,AAPL260928C00325000,AAPL,2026-09-28,C,325.0,13.8,186.0,15.55,11.0,0.0,51.0,20.0,0.9037,0.0146,0.0823,-0.1337,0.056,15.2246,1.57,10.3,14.7,10.3,down,14.02,2026-09-21T13:57:41,12.6104,12.4499998092651,339.465,2026-09-21 19:44:12,2026-09-21 15:45:04
AAPL,AAPL260928C00327500,AAPL,2026-09-28,C,327.5,11.45,418.0,13.8,118.0,0.2021,3.0,1.0,0.8679,0.0189,0.1026,-0.166,0.0541,12.9492,1.445,12.07,12.07,12.07,up,12.07,2026-09-21T14:18:12,13.6,10.625,339.465,2026-09-21 19:44:12,2026-09-21 15:45:04
AAPL,AAPL260928C00330000,AAPL,2026-09-28,C,330.0,9.75,288.0,11.0,14.0,0.1961,304.0,59.0,0.8196,0.024,0.1254,-0.2021,0.0513,10.777,0.98,6.6,10.32,6.6,down,9.53,2026-09-21T14:11:49,11.462,8.55000019073486,339.465,2026-09-21 19:44:12,2026-09-21 15:45:04
AAPL,AAPL260928C00332500,AAPL,2026-09-28,C,332.5,8.3,299.0,8.95,196.0,0.217,322.0,203.0,0.7572,0.0293,0.1486,-0.2386,0.0476,8.7441,1.75,5.75,8.55,4.81,up,8.55,2026-09-21T15:28:21,25.7353,6.79999995231628,339.465,2026-09-21 19:44:12,2026-09-21 15:45:04
AAPL,AAPL260928C00335000,AAPL,2026-09-28,C,335.0,5.95,503.0,7.0,45.0,0.1952,731.0,1000.0,0.6806,0.0343,0.1691,-0.2699,0.043,6.8899,1.475,4.65,6.75,3.45,up,6.75,2026-09-21T15:28:27,27.9621,5.27499985694885,339.465,2026-09-21 19:44:12,2026-09-21 15:45:04
AAPL,AAPL260928C00337500,AAPL,2026-09-28,C,337.5,5.1,160.0,5.3,14.0,0.2131,256.0,650.0,0.5916,0.038,0.1833,-0.2902,0.0375,5.2524,1.1,2.66,5.16,2.45,up,5.15,2026-09-21T15:28:45,27.1605,4.05000007152557,339.465,2026-09-21 19:44:12,2026-09-21 15:45:04
AAPL,AAPL260928C00340000,AAPL,2026-09-28,C,340.0,3.7,459.0,3.9,107.0,0.2094,966.0,1470.0,0.4947,0.0396,0.1881,-0.2942,0.0314,3.8615,0.83,2.39,3.75,1.6,no_change,3.75,2026-09-21T15:28:21,28.4247,2.91999995708466,339.465,2026-09-21 19:44:12,2026-09-21 15:45:04
AAPL,AAPL260928C00342500,AAPL,2026-09-28,C,342.5,2.66,11.0,2.75,10.0,0.2086,215.0,758.0,0.3962,0.0387,0.182,-0.28,0.0252,2.7322,0.565,1.72,2.71,1.16,up,2.7,2026-09-21T15:29:09,26.4637,2.13499999046326,339.465,2026-09-21 19:44:12,2026-09-21 15:45:04
AAPL,AAPL260928C00345000,AAPL,2026-09-28,C,345.0,1.73,517.0,1.89,37.0,0.2054,150.0,1527.0,0.3033,0.0354,0.1656,-0.2496,0.0193,1.8596,0.195,1.13,1.82,0.8,down,1.77,2026-09-21T15:27:32,12.3809,1.57500004768372,339.465,2026-09-21 19:44:12,2026-09-21 15:45:04
AAPL,AAPL260928C00347500,AAPL,2026-09-28,C,347.5,1.12,640.0,1.27,130.0,0.2058,248.0,195.0,0.2218,0.0302,0.1417,-0.2086,0.0141,1.2201,0.155,0.65,1.23,0.49,up,1.23,2026-09-21T15:27:23,14.4186,1.07499998807907,339.465,2026-09-21 19:44:12,2026-09-21 15:45:04
AAPL,AAPL260928C00350000,AAPL,2026-09-28,C,350.0,0.69,611.0,0.8,1.0,0.205,1312.0,2143.0,0.1555,0.0243,0.1147,-0.1642,0.0099,0.7747,0.07,0.63,0.8,0.35,up,0.8,2026-09-21T15:28:13,9.58904,0.730000019073486,339.465,2026-09-21 19:44:12,2026-09-21 15:45:04
AAPL,AAPL260928C00352500,AAPL,2026-09-28,C,352.5,0.42,702.0,0.56,625.0,0.2098,65.0,55.0,0.105,0.0184,0.0882,-0.1225,0.0067,0.4789,-0.07,0.3,0.49,0.3,up,0.49,2026-09-21T15:27:40,-12.5,0.560000017285347,339.465,2026-09-21 19:44:12,2026-09-21 15:45:04
AAPL,AAPL260928C00355000,AAPL,2026-09-28,C,355.0,0.26,468.0,0.33,167.0,0.2109,54.0,49.0,0.0688,0.0133,0.0649,-0.0874,0.0044,0.2902,-0.095,0.24,0.29,0.15,up,0.26,2026-09-21T15:26:12,-26.7606,0.354999989271164,339.465,2026-09-21 19:44:12,2026-09-21 15:45:04
AAPL,AAPL260928C00357500,AAPL,2026-09-28,C,357.5,0.13,406.0,0.18,2.0,0.208,0.0,25.0,0.0441,0.0092,0.0462,-0.0602,0.0028,0.1736,-0.24,0.15,0.22,0.12,up,0.14,2026-09-21T13:17:57,-63.1579,0.38000001013279,339.465,2026-09-21 19:44:12,2026-09-21 15:45:04
AAPL,AAPL260928C00360000,AAPL,2026-09-28,C,360.0,0.09,203.0,0.12,2.0,0.216,3178.0,966.0,0.0278,0.0062,0.0321,-0.0405,0.0018,0.1035,-0.07,0.11,0.13,0.09,no_change,0.1,2026-09-21T15:28:13,-41.1765,0.170000001788139,339.465,2026-09-21 19:44:12,2026-09-21 15:45:04
AAPL,AAPL260928C00362500,AAPL,2026-09-28,C,362.5,0.04,429.0,0.09,254.0,0.2207,0.0,8.0,0.0176,0.0042,0.022,-0.027,0.0011,0.0622,-0.04,0.09,0.11,0.07,down,0.07,2026-09-21T14:27:15,-36.3636,0.109999998472631,339.465,2026-09-21 19:44:12,2026-09-21 15:45:04
AAPL,AAPL260928C00365000,AAPL,2026-09-28,C,365.0,0.02,449.0,0.04,1.0,0.2173,8.0,3.0,0.0112,0.0028,0.0152,-0.0182,0.0007,0.0385,-0.055,0.04,0.04,0.04,no_change,0.04,2026-09-21T15:17:44,-57.8947,0.0950000006705522,339.465,2026-09-21 19:44:12,2026-09-21 15:45:04
AAPL,AAPL260928C00370000,AAPL,2026-09-28,C,370.0,0.0,0.0,0.04,355.0,0.2416,23.0,4.0,0.0052,0.0013,0.0078,-0.0093,0.0003,0.0174,-0.01,0.03,0.05,0.03,down,0.04,2026-09-21T10:38:11,-20.0,0.0500000016763806,339.465,2026-09-21 19:44:12,2026-09-21 15:45:04
AAPL,AAPL260928C00375000,AAPL,2026-09-28,C,375.0,0.0,0.0,0.04,461.0,0.275,22.0,5.0,0.0031,0.0008,0.005,-0.0061,0.0002,0.0107,0.06,0.08,0.08,0.08,up,0.08,2026-09-21T09:30:00,300.0,0.0199999995529652,339.465,2026-09-21 19:44:12,2026-09-21 15:45:04
AAPL,AAPL260928C00380000,AAPL,2026-09-28,C,380.0,0.0,0.0,0.16,308.0,0.3623,3.0,0.0,0.0023,0.0005,0.0037,-0.0049,0.0001,0.0083,0.0,0.0,0.0,0.0,down,0.16,2026-09-17T09:31:33,0.0,0.165000006556511,339.465,2026-09-21 19:44:12,2026-09-21 15:45:04
AAPL,AAPL260928C00385000,AAPL,2026-09-28,C,385.0,0.0,0.0,1.22,10.0,0.5553,0.0,0.0,0.0019,0.0004,0.0031,-0.0044,0.0001,0.0072,0.0,0.0,0.0,0.0,no_change,0.0,,0.0,0.159999996423721,339.465,2026-09-21 19:44:12,2026-09-21 15:45:04
AAPL,AAPL260928C00390000,AAPL,2026-09-28,C,390.0,0.0,0.0,2.13,11.0,0.676,0.0,0.0,0.0016,0.0003,0.0027,-0.0041,0.0001,0.0067,0.0,0.0,0.0,0.0,no_change,0.0,,0.0,0.159999996423721,339.465,2026-09-21 19:44:12,2026-09-21 15:45:04
AAPL,AAPL260928C00395000,AAPL,2026-09-28,C,395.0,0.0,0.0,2.13,8.0,0.7226,0.0,0.0,0.0014,0.0003,0.0024,-0.0039,0.0001,0.0063,0.0,0.0,0.0,0.0,no_change,0.0,,0.0,1.06500005722046,339.465,2026-09-21 19:44:12,2026-09-21 15:45:04
AAPL,AAPL260928C00400000,AAPL,2026-09-28,C,400.0,0.0,0.0,2.13,7.0,0.768,0.0,0.0,0.0013,0.0002,0.0021,-0.0038,0.0001,0.006,0.0,0.0,0.0,0.0,no_change,0.0,,0.0,1.06500005722046,339.465,2026-09-21 19:44:12,2026-09-21 15:45:04
AAPL,AAPL260928C00405000,AAPL,2026-09-28,C,405.0,0.0,0.0,2.13,8.0,0.8123,0.0,0.0,0.0012,0.0002,0.0019,-0.0037,0.0001,0.0057,0.0,0.0,0.0,0.0,no_change,0.0,,0.0,1.06500005722046,339.465,2026-09-21 19:44:12,2026-09-21 15:45:04
AAPL,AAPL260928P00245000,AAPL,2026-09-28,P,245.0,0.0,0.0,1.08,1.0,1.2385,0.0,0.0,-0.0007,0.0001,0.0012,-0.0041,0.0,0.0064,0.0,0.0,0.0,0.0,no_change,0.0,,0.0,1.06500005722046,339.465,2026-09-21 19:44:12,2026-09-21 15:45:04
AAPL,AAPL260928P00250000,AAPL,2026-09-28,P,250.0,0.0,0.0,2.13,8.0,1.3281,1.0,0.0,-0.0008,0.0001,0.0013,-0.0046,0.0,0.0071,0.0,0.0,0.0,0.0,up,0.14,2026-09-15T12:04:53,0.0,1.07000005245209,339.465,2026-09-21 19:44:12,2026-09-21 15:45:04
AAPL,AAPL260928P00255000,AAPL,2026-09-28,P,255.0,0.0,0.0,2.13,8.0,1.2565,2.0,0.0,-0.001,0.0001,0.0016,-0.0051,-0.0001,0.008,0.0,0.0,0.0,0.0,no_change,0.12,2026-09-15T13:05:59,0.0,1.07000005245209,339.465,2026-09-21 19:44:12,2026-09-21 15:45:04
AAPL,AAPL260928P00260000,AAPL,2026-09-28,P,260.0,0.0,0.0,2.13,11.0,1.1858,0.0,0.0,-0.0012,0.0001,0.0018,-0.0057,-0.0001,0.0092,0.0,0.0,0.0,0.0,no_change,0.0,,0.0,1.07000005245209,339.465,2026-09-21 19:44:12,2026-09-21 15:45:04
AAPL,AAPL260928P00265000,AAPL,2026-09-28,P,265.0,0.0,0.0,2.13,7.0,1.116,1.0,0.0,-0.0014,0.0002,0.0022,-0.0065,-0.0001,0.0106,0.0,0.0,0.0,0.0,down,0.04,2026-09-16T10:47:37,0.0,1.07500004768372,339.465,2026-09-21 19:44:12,2026-09-21 15:45:04
AAPL,AAPL260928P00270000,AAPL,2026-09-28,P,270.0,0.0,0.0,2.13,9.0,1.047,1.0,0.0,-0.0017,0.0002,0.0026,-0.0075,-0.0001,0.0124,0.0,0.0,0.0,0.0,down,0.08,2026-09-16T10:47:21,0.0,0.0299999993294477,339.465,2026-09-21 19:44:12,2026-09-21 15:45:04
AAPL,AAPL260928P00275000,AAPL,2026-09-28,P,275.0,0.0,0.0,2.13,7.0,0.9786,2.0,0.0,-0.0021,0.0003,0.0032,-0.0087,-0.0001,0.0149,0.0,0.0,0.0,0.0,down,0.06,2026-09-16T15:21:23,0.0,0.0500000007450581,339.465,2026-09-21 19:44:12,2026-09-21 15:45:04
AAPL,AAPL260928P00280000,AAPL,2026-09-28,P,280.0,0.0,0.0,0.15,674.0,0.5894,1.0,0.0,-0.0027,0.0003,0.004,-0.0104,-0.0002,0.0182,0.0,0.0,0.0,0.0,down,0.04,2026-09-18T12:46:39,0.0,0.0299999993294477,339.465,2026-09-21 19:44:12,2026-09-21 15:45:04
AAPL,AAPL260928P00285000,AAPL,2026-09-28,P,285.0,0.0,0.0,0.16,433.0,0.5457,32.0,2.0,-0.0035,0.0005,0.0051,-0.0126,-0.0002,0.0227,0.145,0.19,0.19,0.19,no_change,0.19,2026-09-21T09:35:24,322.222,0.0449999989941716,339.465,2026-09-21 19:44:12,2026-09-21 15:45:04
AAPL,AAPL260928P00290000,AAPL,2026-09-28,P,290.0,0.01,309.0,0.04,261.0,0.4348,8.0,3.0,-0.0046,0.0006,0.0066,-0.0155,-0.0003,0.0291,-0.03,0.12,0.12,0.02,down,0.02,2026-09-21T12:26:53,-60.0,0.0499999988824129,339.465,2026-09-21 19:44:12,2026-09-21 15:45:04
AAPL,AAPL260928P00295000,AAPL,2026-09-28,P,295.0,0.01,185.0,0.09,506.0,0.4242,20.0,5.0,-0.0063,0.0009,0.0088,-0.0195,-0.0004,0.0383,-0.04,0.09,0.09,0.05,down,0.05,2026-09-21T14:37:15,-44.4444,0.090000000782311,339.465,2026-09-21 19:44:12,2026-09-21 15:45:04
AAPL,AAPL260928P00297500,AAPL,2026-09-28,P,297.5,0.02,352.0,0.06,501.0,0.3911,5.0,3.0,-0.0075,0.0011,0.0101,-0.022,-0.0005,0.0444,-0.02,0.05,0.05,0.04,no_change,0.04,2026-09-21T12:28:08,-33.3333,0.0599999995902181,339.465,2026-09-21 19:44:12,2026-09-21 15:45:04
AAPL,AAPL260928P00300000,AAPL,2026-09-28,P,300.0,0.03,309.0,0.08,547.0,0.3836,21.0,2.0,-0.0089,0.0013,0.0118,-0.025,-0.0006,0.0518,-0.015,0.09,0.09,0.09,no_change,0.09,2026-09-21T15:00:15,-14.2857,0.105000003241003,339.465,2026-09-21 19:44:12,2026-09-21 15:45:04
AAPL,AAPL260928P00302500,AAPL,2026-09-28,P,302.5,0.04,327.0,0.07,412.0,0.361,4.0,3.0,-0.0107,0.0016,0.0139,-0.0285,-0.0007,0.0609,-0.035,0.09,0.09,0.07,down,0.07,2026-09-21T15:09:25,-33.3333,0.105000000447035,339.465,2026-09-21 19:44:12,2026-09-21 15:45:04
AAPL,AAPL260928P00305000,AAPL,2026-09-28,P,305.0,0.03,291.0,0.1,392.0,0.3458,28.0,2.0,-0.0129,0.002,0.0163,-0.0326,-0.0008,0.0721,-0.05,0.06,0.07,0.06,up,0.07,2026-09-21T13:34:09,-41.6667,0.120000001974404,339.465,2026-09-21 19:44:12,2026-09-21 15:45:04
AAPL,AAPL260928P00307500,AAPL,2026-09-28,P,307.5,0.07,235.0,0.14,430.0,0.3454,6.0,6.0,-0.0157,0.0025,0.0194,-0.0376,-0.001,0.0862,-0.065,0.45,0.45,0.07,down,0.07,2026-09-21T11:19:44,-48.1481,0.134999999776483,339.465,2026-09-21 19:44:12,2026-09-21 15:45:04
AAPL,AAPL260928P00310000,AAPL,2026-09-28,P,310.0,0.09,53.0,0.12,264.0,0.3211,110.0,8.0,-0.0193,0.0031,0.0231,-0.0435,-0.0012,0.1043,-0.13,0.21,0.21,0.09,up,0.12,2026-09-21T14:06:58,-52.0,0.250000007450581,339.465,2026-09-21 19:44:12,2026-09-21 15:45:04
AAPL,AAPL260928P00312500,AAPL,2026-09-28,P,312.5,0.03,579.0,0.16,378.0,0.2924,28.0,8.0,-0.0241,0.0039,0.0278,-0.0509,-0.0015,0.1281,-0.11,0.24,0.24,0.19,down,0.19,2026-09-21T09:58:27,-36.6667,0.299999986775219,339.465,2026-09-21 19:44:12,2026-09-21 15:45:04
AAPL,AAPL260928P00315000,AAPL,2026-09-28,P,315.0,0.14,210.0,0.19,473.0,0.2936,145.0,21.0,-0.0306,0.005,0.0338,-0.0602,-0.0019,0.1605,-0.215,0.2,0.2,0.15,no_change,0.16,2026-09-21T15:05:04,-57.3333,0.375,339.465,2026-09-21 19:44:12,2026-09-21 15:45:04
AAPL,AAPL260928P00317500,AAPL,2026-09-28,P,317.5,0.19,135.0,0.31,550.0,0.2894,66.0,7.0,-0.0396,0.0065,0.0417,-0.0724,-0.0025,0.2065,-0.21,0.44,0.44,0.26,up,0.27,2026-09-21T10:30:51,-43.75,0.479999989271164,339.465,2026-09-21 19:44:12,2026-09-21 15:45:04
AAPL,AAPL260928P00320000,AAPL,2026-09-28,P,320.0,0.26,114.0,0.44,459.0,0.2812,497.0,105.0,-0.0523,0.0084,0.0521,-0.0883,-0.0033,0.2735,-0.24,0.62,0.62,0.27,up,0.38,2026-09-21T14:53:41,-38.7097,0.619999974966049,339.465,2026-09-21 19:44:12,2026-09-21 15:45:04
AAPL,AAPL260928P00322500,AAPL,2026-09-28,P,322.5,0.33,353.0,0.5,826.0,0.2624,200.0,82.0,-0.0705,0.0111,0.0655,-0.1092,-0.0044,0.3734,-0.45,0.84,0.88,0.37,up,0.4,2026-09-21T13:52:35,-52.9412,0.849999994039536,339.465,2026-09-21 19:44:12,2026-09-21 15:45:04
AAPL,AAPL260928P00325000,AAPL,2026-09-28,P,325.0,0.5,3.0,0.58,349.0,0.2485,456.0,423.0,-0.0963,0.0146,0.0825,-0.1357,-0.0061,0.523,-0.64,1.03,1.3,0.51,down,0.55,2026-09-21T15:24:11,-53.7815,1.18999999761581,339.465,2026-09-21 19:44:12,2026-09-21 15:45:04
AAPL,AAPL260928P00327500,AAPL,2026-09-28,P,327.5,0.7,10.0,0.91,282.0,0.244,263.0,129.0,-0.1322,0.019,0.1028,-0.1678,-0.0082,0.746,-0.84,1.54,2.08,0.76,down,0.82,2026-09-21T15:24:02,-50.6024,1.66000002622604,339.465,2026-09-21 19:44:12,2026-09-21 15:45:04
AAPL,AAPL260928P00330000,AAPL,2026-09-28,P,330.0,1.01,111.0,1.15,448.0,0.2317,533.0,262.0,-0.1806,0.024,0.1256,-0.2038,-0.0113,1.0724,-1.135,2.19,2.93,1.1,down,1.15,2026-09-21T15:24:02,-49.6718,2.2849999666214,339.465,2026-09-21 19:44:12,2026-09-21 15:45:04
AAPL,AAPL260928P00332500,AAPL,2026-09-28,P,332.5,1.43,367.0,1.72,693.0,0.2276,162.0,191.0,-0.2432,0.0294,0.1488,-0.2401,-0.0151,1.5385,-1.445,3.45,3.7,1.54,down,1.66,2026-09-21T15:18:08,-46.5378,3.10500001907349,339.465,2026-09-21 19:44:12,2026-09-21 15:45:04
AAPL,AAPL260928P00335000,AAPL,2026-09-28,P,335.0,2.12,86.0,2.56,700.0,0.2294,307.0,186.0,-0.3202,0.0344,0.1692,-0.2715,-0.0198,2.1839,-1.715,4.25,4.41,2.23,down,2.46,2026-09-21T15:07:16,-41.0778,4.17500007152557,339.465,2026-09-21 19:44:12,2026-09-21 15:45:04
AAPL,AAPL260928P00337500,AAPL,2026-09-28,P,337.5,2.96,115.0,3.3,619.0,0.2205,53.0,563.0,-0.4096,0.0382,0.1834,-0.2919,-0.0247,3.0467,-2.2,6.4,6.4,3.18,down,3.2,2026-09-21T15:19:50,-40.7407,5.40000009536743,339.465,2026-09-21 19:44:12,2026-09-21 15:45:04
AAPL,AAPL260928P00340000,AAPL,2026-09-28,P,340.0,4.05,128.0,4.25,294.0,0.2122,208.0,289.0,-0.5072,0.0399,0.1879,-0.2963,-0.0297,4.1581,-2.6,7.5,7.5,4.28,down,4.3,2026-09-21T15:27:55,-37.6812,6.89999985694885,339.465,2026-09-21 19:44:12,2026-09-21 15:45:04
AAPL,AAPL260928P00342500,AAPL,2026-09-28,P,342.5,5.4,90.0,6.1,484.0,0.2221,0.0,32.0,-0.6068,0.0392,0.1815,-0.2829,-0.0346,5.5329,-2.935,6.95,6.95,5.55,up,5.74,2026-09-21T15:23:41,-33.8329,8.67500019073486,339.465,2026-09-21 19:44:12,2026-09-21 15:45:04
AAPL,AAPL260928P00345000,AAPL,2026-09-28,P,345.0,6.5,302.0,7.95,275.0,0.2119,9.0,10.0,-0.7012,0.0361,0.1642,-0.2536,-0.0373,7.1678,-2.825,8.0,8.0,7.5,no_change,7.8,2026-09-21T13:53:46,-26.5882,10.625,339.465,2026-09-21 19:44:12,2026-09-21 15:45:04
AAPL,AAPL260928P00347500,AAPL,2026-09-28,P,347.5,8.85,54.0,10.05,218.0,0.2364,0.0,17.0,-0.7845,0.0311,0.1388,-0.2136,-0.0385,9.0403,-2.975,11.4,11.4,9.7,down,9.7,2026-09-21T12:37:53,-23.4714,12.6749997138977,339.465,2026-09-21 19:44:12,2026-09-21 15:45:04
AAPL,AAPL260928P00350000,AAPL,2026-09-28,P,350.0,10.9,7.0,12.05,259.0,0.239,10.0,11.0,-0.8531,0.0252,0.11,-0.1699,-0.0365,11.1113,-2.425,13.25,13.25,11.9,down,11.9,2026-09-21T13:53:46,-16.9284,14.3250002861023,339.465,2026-09-21 19:44:12,2026-09-21 15:45:04
AAPL,AAPL260928P00352500,AAPL,2026-09-28,P,352.5,13.1,18.0,14.8,36.0,0.2712,27.0,0.0,-0.9058,0.0194,0.0807,-0.1283,-0.0319,13.3371,0.0,0.0,0.0,0.0,up,16.7,2026-09-18T15:23:22,0.0,16.9000005722046,339.465,2026-09-21 19:44:12,2026-09-21 15:45:04
AAPL,AAPL260928P00355000,AAPL,2026-09-28,P,355.0,15.2,146.0,16.85,86.0,0.2606,0.0,4.0,-0.9444,0.0146,0.0549,-0.0925,-0.0275,15.674,-3.6,17.6,18.35,15.9,down,15.9,2026-09-21T15:28:56,-18.4615,19.5,339.465,2026-09-21 19:44:12,2026-09-21 15:45:04
AAPL,AAPL260928P00357500,AAPL,2026-09-28,P,357.5,17.65,98.0,20.1,40.0,0.328,0.0,0.0,-0.9714,0.0103,0.0334,-0.0637,-0.0173,18.0875,0.0,0.0,0.0,0.0,no_change,0.0,,0.0,22.0,339.465,2026-09-21 19:44:12,2026-09-21 15:45:04
AAPL,AAPL260928P00360000,AAPL,2026-09-28,P,360.0,20.4,10.0,22.25,46.0,0.3529,0.0,0.0,-0.9881,0.0059,0.0162,-0.0455,-0.0054,20.5505,0.0,0.0,0.0,0.0,no_change,0.0,,0.0,24.4750003814697,339.465,2026-09-21 19:44:12,2026-09-21 15:45:04
AAPL,AAPL260928P00362500,AAPL,2026-09-28,P,362.5,22.6,91.0,24.9,32.0,0.3734,0.0,0.0,-0.9962,0.0025,0.006,-0.0378,-0.0014,23.0387,0.0,0.0,0.0,0.0,no_change,0.0,,0.0,27.0250005722046,339.465,2026-09-21 19:44:12,2026-09-21 15:45:04
AAPL,AAPL260928P00365000,AAPL,2026-09-28,P,365.0,25.1,94.0,27.65,50.0,0.4162,3.0,0.0,-0.9991,0.0007,0.0017,-0.0356,-0.0002,25.536,0.0,0.0,0.0,0.0,no_change,34.5,2026-09-15T09:49:32,0.0,29.4250001907349,339.465,2026-09-21 19:44:12,2026-09-21 15:45:04
AAPL,AAPL260928P00370000,AAPL,2026-09-28,P,370.0,30.2,22.0,32.4,41.0,0.4619,0.0,0.0,-1.0,0.0,0.0001,-0.0353,0.0,30.5357,0.0,0.0,0.0,0.0,no_change,0.0,,0.0,34.3500003814697,339.465,2026-09-21 19:44:12,2026-09-21 15:45:04
AAPL,AAPL260928P00375000,AAPL,2026-09-28,P,375.0,35.25,17.0,37.5,50.0,0.5244,0.0,0.0,-1.0,0.0,0.0,-0.0353,0.0,35.5357,0.0,0.0,0.0,0.0,no_change,0.0,,0.0,39.3500003814697,339.465,2026-09-21 19:44:12,2026-09-21 15:45:04
AAPL,AAPL260928P00380000,AAPL,2026-09-28,P,380.0,40.25,19.0,42.6,46.0,0.5825,0.0,0.0,-1.0,0.0,0.0,-0.0353,0.0,40.5357,0.0,0.0,0.0,0.0,no_change,0.0,,0.0,44.4500007629394,339.465,2026-09-21 19:44:12,2026-09-21 15:45:04
AAPL,AAPL260928P00385000,AAPL,2026-09-28,P,385.0,45.05,125.0,47.05,22.0,0.572,0.0,0.0,-1.0,0.0,0.0,-0.0353,0.0,45.5357,0.0,0.0,0.0,0.0,no_change,0.0,,0.0,49.4250011444092,339.465,2026-09-21 19:44:12,2026-09-21 15:45:04
AAPL,AAPL260928P00390000,AAPL,2026-09-28,P,390.0,50.1,95.0,52.05,29.0,0.6222,0.0,0.0,-1.0,0.0,0.0,-0.0353,0.0,50.5357,0.0,0.0,0.0,0.0,no_change,0.0,,0.0,54.0750007629394,339.465,2026-09-21 19:44:12,2026-09-21 15:45:04
AAPL,AAPL260928P00395000,AAPL,2026-09-28,P,395.0,55.2,10.0,57.15,26.0,0.6857,0.0,0.0,-1.0,0.0,0.0,-0.0353,0.0,55.5357,0.0,0.0,0.0,0.0,no_change,0.0,,0.0,59.3500003814697,339.465,2026-09-21 19:44:12,2026-09-21 15:45:04
AAPL,AAPL260928P00400000,AAPL,2026-09-28,P,400.0,60.25,10.0,62.4,23.0,0.7569,0.0,0.0,-1.0,0.0,0.0,-0.0353,0.0,60.5357,0.0,0.0,0.0,0.0,no_change,0.0,,0.0,64.0499992370606,339.465,2026-09-21 19:44:12,2026-09-21 15:45:04
AAPL,AAPL260928P00405000,AAPL,2026-09-28,P,405.0,65.15,26.0,67.5,17.0,0.8009,0.0,0.0,-1.0,0.0,0.0,-0.0353,0.0,65.5357,0.0,0.0,0.0,0.0,no_change,0.0,,0.0,69.0749969482422,339.465,2026-09-21 19:44:12,2026-09-21 15:45:04
AAPL,AAPL260930C00245000,AAPL,2026-09-30,C,245.0,93.2,119.0,95.7,13.0,0.0,0.0,0.0,0.9988,0.0001,0.0019,0.0,0.0602,94.7058,0.0,0.0,0.0,0.0,no_change,0.0,,0.0,91.375,339.465,2026-09-21 19:44:12,2026-09-21 15:45:04
AAPL,AAPL260930C00250000,AAPL,2026-09-30,C,250.0,88.2,115.0,90.7,13.0,0.0,0.0,0.0,0.9987,0.0001,0.0022,0.0,0.0614,89.7124,0.0,0.0,0.0,0.0,no_change,0.0,,0.0,86.3500022888184,339.465,2026-09-21 19:44:12,2026-09-21 15:45:04
AAPL,AAPL260930C00255000,AAPL,2026-09-30,C,255.0,83.2,99.0,85.8,27.0,0.0,0.0,0.0,0.9985,0.0001,0.0025,0.0,0.0626,84.7191,0.0,0.0,0.0,0.0,no_change,0.0,,0.0,81.375,339.465,2026-09-21 19:44:12,2026-09-21 15:45:04
AAPL,AAPL260930C00260000,AAPL,2026-09-30,C,260.0,78.2,101.0,81.3,25.0,0.6458,0.0,0.0,0.9982,0.0002,0.0029,0.0,0.0639,79.7262,0.0,0.0,0.0,0.0,no_change,0.0,,0.0,76.375,339.465,2026-09-21 19:44:12,2026-09-21 15:45:04
AAPL,AAPL260930C00265000,AAPL,2026-09-30,C,265.0,73.2,102.0,75.6,16.0,0.0,0.0,0.0,0.9979,0.0002,0.0034,0.0,0.0651,74.7337,0.0,0.0,0.0,0.0,no_change,0.0,,0.0,71.4249992370606,339.465,2026-09-21 19:44:12,2026-09-21 15:45:04
AAPL,AAPL260930C00270000,AAPL,2026-09-30,C,270.0,68.2,108.0,70.75,22.0,0.0,9.0,0.0,0.9975,0.0003,0.0041,-0.0006,0.0663,69.7418,0.0,0.0,0.0,0.0,up,67.87,2026-09-17T15:50:42,0.0,66.375,339.465,2026-09-21 19:44:12,2026-09-21 15:45:04
AAPL,AAPL260930C00275000,AAPL,2026-09-30,C,275.0,62.6,109.0,66.5,6.0,0.0,0.0,0.0,0.997,0.0003,0.005,-0.0026,0.0674,64.7509,0.0,0.0,0.0,0.0,no_change,0.0,,0.0,61.4500007629394,339.465,2026-09-21 19:44:12,2026-09-21 15:45:04
AAPL,AAPL260930C00280000,AAPL,2026-09-30,C,280.0,58.25,108.0,60.85,22.0,0.0,0.0,0.0,0.9962,0.0004,0.0062,-0.0052,0.0686,59.7614,0.0,0.0,0.0,0.0,no_change,0.0,,0.0,56.1499996185303,339.465,2026-09-21 19:44:12,2026-09-21 15:45:04
AAPL,AAPL260930C00285000,AAPL,2026-09-30,C,285.0,53.25,108.0,55.95,29.0,0.0,0.0,0.0,0.995,0.0006,0.0079,-0.0084,0.0698,54.7743,0.0,0.0,0.0,0.0,no_change,0.0,,0.0,51.4750003814697,339.465,2026-09-21 19:44:12,2026-09-21 15:45:04
AAPL,AAPL260930C00290000,AAPL,2026-09-30,C,290.0,48.25,109.0,50.85,22.0,0.0,1.0,0.0,0.9933,0.0008,0.0103,-0.0128,0.0708,49.7907,0.0,0.0,0.0,0.0,up,46.4,2026-09-18T14:59:12,0.0,47.0,339.465,2026-09-21 19:44:12,2026-09-21 15:45:04
AAPL,AAPL260930C00295000,AAPL,2026-09-30,C,295.0,43.3,108.0,45.9,22.0,0.0,2.0,0.0,0.9906,0.0012,0.0138,-0.0188,0.0718,44.8126,0.0,0.0,0.0,0.0,down,38.81,2026-09-17T10:34:56,0.0,41.5249996185303,339.465,2026-09-21 19:44:12,2026-09-21 15:45:04
AAPL,AAPL260930C00297500,AAPL,2026-09-30,C,297.5,40.8,106.0,43.65,18.0,0.0,0.0,0.0,0.9888,0.0014,0.0162,-0.0225,0.0723,42.3266,0.0,0.0,0.0,0.0,no_change,0.0,,0.0,39.0249996185303,339.465,2026-09-21 19:44:12,2026-09-21 15:45:04
AAPL,AAPL260930C00300000,AAPL,2026-09-30,C,300.0,38.3,114.0,40.85,22.0,0.0,3.0,0.0,0.9866,0.0018,0.019,-0.0269,0.0727,39.8434,0.0,0.0,0.0,0.0,up,34.4,2026-09-18T10:23:24,0.0,36.5749988555908,339.465,2026-09-21 19:44:12,2026-09-21 15:45:04
AAPL,AAPL260930C00302500,AAPL,2026-09-30,C,302.5,35.85,111.0,38.35,22.0,0.0,0.0,0.0,0.9838,0.0022,0.0224,-0.032,0.0731,37.3636,0.0,0.0,0.0,0.0,no_change,0.0,,0.0,34.0999984741211,339.465,2026-09-21 19:44:12,2026-09-21 15:45:04
AAPL,AAPL260930C00305000,AAPL,2026-09-30,C,305.0,33.4,147.0,35.9,54.0,0.0,8.0,6.0,0.9802,0.0026,0.0265,-0.038,0.0734,34.8884,-0.55,30.75,31.1,30.75,up,31.1,2026-09-21T10:13:57,-1.73776,31.6499996185303,339.465,2026-09-21 19:44:12,2026-09-21 15:45:04
AAPL,AAPL260930C00307500,AAPL,2026-09-30,C,307.5,30.9,113.0,33.3,45.0,0.0,7.0,0.0,0.9757,0.0033,0.0315,-0.0452,0.0737,32.4191,0.0,0.0,0.0,0.0,no_change,29.12,2026-09-17T14:18:39,0.0,29.125,339.465,2026-09-21 19:44:12,2026-09-21 15:45:04
AAPL,AAPL260930C00310000,AAPL,2026-09-30,C,310.0,28.45,112.0,30.6,50.0,0.0,6.0,0.0,0.9699,0.004,0.0376,-0.0537,0.0738,29.9579,0.0,0.0,0.0,0.0,up,27.25,2026-09-18T15:33:39,0.0,27.1500005722046,339.465,2026-09-21 19:44:12,2026-09-21 15:45:04
AAPL,AAPL260930C00312500,AAPL,2026-09-30,C,312.5,26.0,156.0,28.0,28.0,0.0,0.0,2.0,0.9624,0.005,0.0451,-0.0638,0.0738,27.5077,-1.225,21.95,23.3,21.95,up,23.3,2026-09-21T09:47:52,-4.9949,24.5249996185303,339.465,2026-09-21 19:44:12,2026-09-21 15:45:04
AAPL,AAPL260930C00315000,AAPL,2026-09-30,C,315.0,23.55,110.0,25.65,7.0,0.0,3.0,0.0,0.9526,0.0063,0.0543,-0.0761,0.0736,25.0731,0.0,0.0,0.0,0.0,up,21.5,2026-09-18T14:42:47,0.0,22.0,339.465,2026-09-21 19:44:12,2026-09-21 15:45:04
AAPL,AAPL260930C00317500,AAPL,2026-09-30,C,317.5,21.15,198.0,23.6,82.0,0.218,10.0,123.0,0.9397,0.0079,0.0656,-0.091,0.0731,22.6608,2.125,17.0,22.0,17.0,up,22.0,2026-09-21T13:17:55,10.6918,19.875,339.465,2026-09-21 19:44:12,2026-09-21 15:45:04
AAPL,AAPL260930C00320000,AAPL,2026-09-30,C,320.0,18.8,139.0,21.25,50.0,0.2315,19.0,92.0,0.9225,0.01,0.0794,-0.1089,0.0722,20.2802,2.035,17.89,19.41,17.54,up,19.41,2026-09-21T12:46:37,11.7122,17.375,339.465,2026-09-21 19:44:12,2026-09-21 15:45:04
AAPL,AAPL260930C00322500,AAPL,2026-09-30,C,322.5,16.45,188.0,18.45,44.0,0.1921,2.0,4.0,0.8997,0.0125,0.0959,-0.1302,0.0709,17.9448,1.1,13.7,16.6,13.7,up,16.6,2026-09-21T13:10:31,7.09678,15.4999995231628,339.465,2026-09-21 19:44:12,2026-09-21 15:45:04
AAPL,AAPL260930C00325000,AAPL,2026-09-30,C,325.0,14.35,375.0,15.95,10.0,0.1996,13.0,15.0,0.8698,0.0155,0.115,-0.1549,0.069,15.6719,2.37,12.2,15.22,12.2,up,15.22,2026-09-21T12:45:33,18.4436,12.8499999046326,339.465,2026-09-21 19:44:12,2026-09-21 15:45:04
AAPL,AAPL260930C00327500,AAPL,2026-09-30,C,327.5,12.1,419.0,13.8,37.0,0.2038,14.0,6.0,0.8313,0.0189,0.1361,-0.182,0.0663,13.4832,1.275,11.1,12.45,11.1,up,12.45,2026-09-21T11:46:37,11.4094,11.1750001907349,339.465,2026-09-21 19:44:12,2026-09-21 15:45:04
AAPL,AAPL260930C00330000,AAPL,2026-09-30,C,330.0,10.8,304.0,11.7,109.0,0.2318,54.0,98.0,0.7832,0.0226,0.1582,-0.2099,0.0628,11.404,2.075,7.5,11.25,7.5,up,11.25,2026-09-21T15:28:29,22.6158,9.17500019073486,339.465,2026-09-21 19:44:12,2026-09-21 15:45:04
AAPL,AAPL260930C00332500,AAPL,2026-09-30,C,332.5,8.95,302.0,9.8,260.0,0.2318,60.0,52.0,0.7249,0.0263,0.1792,-0.2361,0.0584,9.4618,1.475,7.0,9.1,5.66,up,9.1,2026-09-21T15:20:26,19.3443,7.625,339.465,2026-09-21 19:44:12,2026-09-21 15:45:04
AAPL,AAPL260930C00335000,AAPL,2026-09-30,C,335.0,7.1,523.0,7.85,83.0,0.2217,737.0,382.0,0.6571,0.0295,0.1969,-0.2574,0.0532,7.684,1.575,5.0,7.6,4.0,up,7.6,2026-09-21T15:28:37,26.1411,6.02500009536743,339.465,2026-09-21 19:44:12,2026-09-21 15:45:04
AAPL,AAPL260930C00337500,AAPL,2026-09-30,C,337.5,5.7,218.0,6.1,6.0,0.2194,107.0,372.0,0.5814,0.0318,0.2088,-0.2705,0.0472,6.095,1.15,3.9,5.9,3.3,up,5.9,2026-09-21T15:25:28,24.2105,4.75,339.465,2026-09-21 19:44:12,2026-09-21 15:45:04
AAPL,AAPL260930C00340000,AAPL,2026-09-30,C,340.0,4.4,384.0,4.75,27.0,0.2192,268.0,823.0,0.5006,0.0329,0.2132,-0.273,0.0407,4.7132,0.97,2.65,4.65,2.4,up,4.62,2026-09-21T15:29:07,26.5753,3.64999997615814,339.465,2026-09-21 19:44:12,2026-09-21 15:45:04
AAPL,AAPL260930C00342500,AAPL,2026-09-30,C,342.5,3.4,561.0,3.6,46.0,0.2208,247.0,168.0,0.4184,0.0326,0.2089,-0.264,0.0341,3.5481,0.62,2.34,3.5,1.85,down,3.4,2026-09-21T15:26:30,22.3022,2.77999997138977,339.465,2026-09-21 19:44:12,2026-09-21 15:45:04
AAPL,AAPL260930C00345000,AAPL,2026-09-30,C,345.0,2.36,739.0,2.65,112.0,0.2164,215.0,290.0,0.3388,0.0308,0.1961,-0.244,0.0276,2.5985,0.505,1.4,2.58,1.25,up,2.58,2026-09-21T15:29:11,24.3373,2.07500004768372,339.465,2026-09-21 19:44:12,2026-09-21 15:45:04
AAPL,AAPL260930C00347500,AAPL,2026-09-30,C,347.5,1.66,857.0,1.85,2.0,0.2142,47.0,185.0,0.2657,0.0278,0.1764,-0.2157,0.0217,1.8521,0.17,1.0,1.8,0.85,down,1.65,2026-09-21T14:51:20,11.4865,1.47999995946884,339.465,2026-09-21 19:44:12,2026-09-21 15:45:04
AAPL,AAPL260930C00350000,AAPL,2026-09-30,C,350.0,1.18,283.0,1.3,1.0,0.2159,410.0,462.0,0.2018,0.0239,0.1523,-0.1825,0.0165,1.2866,0.245,0.71,1.26,0.6,up,1.24,2026-09-21T15:22:25,24.6231,0.995000004768372,339.465,2026-09-21 19:44:12,2026-09-21 15:45:04
AAPL,AAPL260930C00352500,AAPL,2026-09-30,C,352.5,0.77,299.0,0.91,21.0,0.2161,18.0,187.0,0.1489,0.0197,0.1263,-0.1482,0.0121,0.8737,0.125,0.57,0.9,0.39,up,0.84,2026-09-21T15:20:14,17.4825,0.715000003576279,339.465,2026-09-21 19:44:12,2026-09-21 15:45:04
AAPL,AAPL260930C00355000,AAPL,2026-09-30,C,355.0,0.53,565.0,0.6,4.0,0.2176,51.0,85.0,0.107,0.0156,0.1011,-0.1161,0.0087,0.5822,0.02,0.35,0.56,0.35,no_change,0.55,2026-09-21T15:17:25,3.77358,0.530000001192093,339.465,2026-09-21 19:44:12,2026-09-21 15:45:04
AAPL,AAPL260930C00357500,AAPL,2026-09-30,C,357.5,0.34,434.0,0.42,83.0,0.2201,6.0,73.0,0.0752,0.012,0.0785,-0.0882,0.0061,0.3826,0.0,0.36,0.36,0.25,up,0.36,2026-09-21T15:20:02,1.65568e-07,0.359999999403954,339.465,2026-09-21 19:44:12,2026-09-21 15:45:04
AAPL,AAPL260930C00360000,AAPL,2026-09-30,C,360.0,0.19,432.0,0.27,12.0,0.2186,35.0,32.0,0.0521,0.0089,0.0594,-0.0654,0.0042,0.2494,0.015,0.16,0.26,0.16,up,0.26,2026-09-21T13:58:28,6.12245,0.244999997317791,339.465,2026-09-21 19:44:12,2026-09-21 15:45:04
AAPL,AAPL260930C00362500,AAPL,2026-09-30,C,362.5,0.08,376.0,0.18,33.0,0.2162,0.0,52.0,0.0357,0.0065,0.0443,-0.0477,0.0029,0.1626,0.0,0.05,0.18,0.05,no_change,0.18,2026-09-21T13:01:09,1.65568e-07,0.179999999701977,339.465,2026-09-21 19:44:12,2026-09-21 15:45:04
AAPL,AAPL260930C00365000,AAPL,2026-09-30,C,365.0,0.02,378.0,0.12,53.0,0.2138,1.0,116.0,0.0245,0.0047,0.0327,-0.0346,0.002,0.1069,-0.04,0.09,0.09,0.07,up,0.09,2026-09-21T13:11:05,-30.7692,0.129999998956919,339.465,2026-09-21 19:44:12,2026-09-21 15:45:04
AAPL,AAPL260930C00370000,AAPL,2026-09-30,C,370.0,0.02,299.0,0.08,335.0,0.2372,1.0,9.0,0.0121,0.0025,0.0181,-0.0189,0.001,0.0499,-0.015,0.04,0.08,0.02,up,0.08,2026-09-21T13:53:44,-15.7895,0.0950000006705522,339.465,2026-09-21 19:44:12,2026-09-21 15:45:04
AAPL,AAPL260930C00375000,AAPL,2026-09-30,C,375.0,0.01,190.0,0.04,292.0,0.2481,32.0,2.0,0.0068,0.0014,0.0111,-0.0117,0.0006,0.028,-0.01,0.03,0.03,0.03,no_change,0.03,2026-09-21T11:21:18,-25.0,0.0400000000372529,339.465,2026-09-21 19:44:12,2026-09-21 15:45:04
AAPL,AAPL260930C00380000,AAPL,2026-09-30,C,380.0,0.01,3.0,0.04,542.0,0.2774,1.0,2.0,0.0046,0.0009,0.0078,-0.0087,0.0004,0.0194,0.035,0.07,0.07,0.07,no_change,0.07,2026-09-21T11:21:24,100.0,0.034999999217689,339.465,2026-09-21 19:44:12,2026-09-21 15:45:04
AAPL,AAPL260930C00385000,AAPL,2026-09-30,C,385.0,0.0,0.0,0.03,291.0,0.2904,11.0,15.0,0.0036,0.0007,0.0062,-0.0074,0.0003,0.0159,0.0,0.08,0.08,0.02,no_change,0.03,2026-09-21T11:14:27,-8.69234e-07,0.0300000002607703,339.465,2026-09-21 19:44:12,2026-09-21 15:45:04
AAPL,AAPL260930C00390000,AAPL,2026-09-30,C,390.0,0.0,0.0,0.35,424.0,0.4258,4.0,0.0,0.003,0.0005,0.0053,-0.0068,0.0002,0.0142,0.0,0.0,0.0,0.0,down,0.04,2026-09-16T09:30:03,0.0,0.025000000372529,339.465,2026-09-21 19:44:12,2026-09-21 15:45:04
AAPL,AAPL260930C00395000,AAPL,2026-09-30,C,395.0,0.0,0.0,0.62,186.0,0.5016,8.0,0.0,0.0027,0.0004,0.0047,-0.0065,0.0002,0.0133,0.0,0.0,0.0,0.0,no_change,0.03,2026-09-16T13:49:38,0.0,0.100000001490116,339.465,2026-09-21 19:44:12,2026-09-21 15:45:04
AAPL,AAPL260930C00400000,AAPL,2026-09-30,C,400.0,0.0,0.0,2.13,99.0,0.677,0.0,0.0,0.0024,0.0004,0.0043,-0.0062,0.0002,0.0127,0.0,0.0,0.0,0.0,no_change,0.0,,0.0,1.06500005722046,339.465,2026-09-21 19:44:12,2026-09-21 15:45:04
AAPL,AAPL260930C00405000,AAPL,2026-09-30,C,405.0,0.0,0.0,2.13,15.0,0.7161,0.0,0.0,0.0022,0.0003,0.0039,-0.0061,0.0002,0.0122,0.0,0.0,0.0,0.0,no_change,0.0,,0.0,1.06500005722046,339.465,2026-09-21 19:44:12,2026-09-21 15:45:04
AAPL,AAPL260930P00245000,AAPL,2026-09-30,P,245.0,0.0,0.0,2.13,7.0,1.2369,0.0,0.0,-0.0011,0.0001,0.0019,-0.0055,-0.0001,0.0104,0.0,0.0,0.0,0.0,down,0.03,2026-09-16T10:48:19,0.0,1.06500005722046,339.465,2026-09-21 19:44:12,2026-09-21 15:45:04
AAPL,AAPL260930P00250000,AAPL,2026-09-30,P,250.0,0.0,0.0,2.13,7.0,1.1728,2.0,0.0,-0.0012,0.0001,0.0022,-0.0059,-0.0001,0.0115,0.0,0.0,0.0,0.0,down,0.03,2026-09-16T10:48:11,0.0,1.06500005722046,339.465,2026-09-21 19:44:12,2026-09-21 15:45:04
AAPL,AAPL260930P00255000,AAPL,2026-09-30,P,255.0,0.0,0.0,2.13,11.0,1.1096,4.0,0.0,-0.0014,0.0001,0.0025,-0.0065,-0.0001,0.0127,0.0,0.0,0.0,0.0,down,0.07,2026-09-16T10:45:14,0.0,0.455000013113022,339.465,2026-09-21 19:44:12,2026-09-21 15:45:04
AAPL,AAPL260930P00260000,AAPL,2026-09-30,P,260.0,0.0,0.0,2.13,161.0,1.0472,4.0,0.0,-0.0017,0.0002,0.0029,-0.0071,-0.0001,0.0143,0.0,0.0,0.0,0.0,down,0.03,2026-09-18T12:52:17,0.0,0.0300000002607703,339.465,2026-09-21 19:44:12,2026-09-21 15:45:04
AAPL,AAPL260930P00265000,AAPL,2026-09-30,P,265.0,0.0,0.0,0.55,294.0,0.7749,54.0,0.0,-0.002,0.0002,0.0034,-0.008,-0.0002,0.0162,0.0,0.0,0.0,0.0,down,0.04,2026-09-18T15:54:38,0.0,0.0300000002607703,339.465,2026-09-21 19:44:12,2026-09-21 15:45:04
AAPL,AAPL260930P00270000,AAPL,2026-09-30,P,270.0,0.0,0.0,0.05,230.0,0.5387,4.0,3.0,-0.0024,0.0003,0.0041,-0.009,-0.0002,0.0189,0.025,0.08,0.08,0.03,up,0.05,2026-09-21T14:22:22,100.0,0.0249999994412065,339.465,2026-09-21 19:44:12,2026-09-21 15:45:04
AAPL,AAPL260930P00275000,AAPL,2026-09-30,P,275.0,0.01,53.0,0.04,214.0,0.4994,6.0,1.0,-0.0029,0.0003,0.005,-0.0104,-0.0002,0.0224,-0.05,0.04,0.04,0.04,down,0.04,2026-09-21T10:00:03,-55.5556,0.090000000782311,339.465,2026-09-21 19:44:12,2026-09-21 15:45:04
AAPL,AAPL260930P00280000,AAPL,2026-09-30,P,280.0,0.01,417.0,0.04,188.0,0.4606,264.0,2.0,-0.0037,0.0004,0.0062,-0.0124,-0.0003,0.0275,-0.035,0.08,0.08,0.04,down,0.04,2026-09-21T12:20:34,-46.6667,0.0750000001862645,339.465,2026-09-21 19:44:12,2026-09-21 15:45:04
AAPL,AAPL260930P00285000,AAPL,2026-09-30,P,285.0,0.01,380.0,0.04,115.0,0.4222,8.0,2.0,-0.0049,0.0006,0.0079,-0.0151,-0.0004,0.0348,-0.035,0.09,0.09,0.04,down,0.04,2026-09-21T12:21:07,-46.6667,0.0750000001862645,339.465,2026-09-21 19:44:12,2026-09-21 15:45:04
AAPL,AAPL260930P00290000,AAPL,2026-09-30,P,290.0,0.03,141.0,0.06,187.0,0.41,3.0,2.0,-0.0066,0.0008,0.0103,-0.0188,-0.0005,0.0457,-0.04,0.09,0.09,0.05,down,0.05,2026-09-21T12:22:21,-44.4444,0.0900000026449561,339.465,2026-09-21 19:44:12,2026-09-21 15:45:04
AAPL,AAPL260930P00295000,AAPL,2026-09-30,P,295.0,0.01,412.0,0.11,364.0,0.3834,104.0,2.0,-0.0093,0.0012,0.0139,-0.0242,-0.0008,0.0622,-0.03,0.11,0.11,0.06,down,0.06,2026-09-21T10:10:43,-33.3333,0.0900000026449561,339.465,2026-09-21 19:44:12,2026-09-21 15:45:04
AAPL,AAPL260930P00297500,AAPL,2026-09-30,P,297.5,0.04,271.0,0.12,384.0,0.3768,12.0,1.0,-0.0111,0.0014,0.0162,-0.0276,-0.0009,0.0735,0.0,0.12,0.12,0.12,down,0.12,2026-09-21T09:41:26,-8.69234e-07,0.120000001043081,339.465,2026-09-21 19:44:12,2026-09-21 15:45:04
AAPL,AAPL260930P00300000,AAPL,2026-09-30,P,300.0,0.07,270.0,0.1,596.0,0.3589,17.0,1.0,-0.0133,0.0018,0.019,-0.0317,-0.0011,0.0875,-0.075,0.1,0.1,0.1,down,0.1,2026-09-21T10:16:03,-42.8571,0.175000000745058,339.465,2026-09-21 19:44:12,2026-09-21 15:45:04
AAPL,AAPL260930P00302500,AAPL,2026-09-30,P,302.5,0.08,286.0,0.13,318.0,0.3482,3.0,8.0,-0.0162,0.0022,0.0224,-0.0365,-0.0013,0.105,-0.125,0.11,0.13,0.08,down,0.08,2026-09-21T11:09:38,-60.9756,0.205000005662441,339.465,2026-09-21 19:44:12,2026-09-21 15:45:04
AAPL,AAPL260930P00305000,AAPL,2026-09-30,P,305.0,0.11,266.0,0.15,562.0,0.3374,41.0,4.0,-0.0197,0.0026,0.0265,-0.0423,-0.0016,0.127,-0.125,0.16,0.16,0.11,down,0.11,2026-09-21T13:04:57,-53.1915,0.234999997541308,339.465,2026-09-21 19:44:12,2026-09-21 15:45:04
AAPL,AAPL260930P00307500,AAPL,2026-09-30,P,307.5,0.13,262.0,0.18,358.0,0.3243,6.0,4.0,-0.0242,0.0033,0.0316,-0.0491,-0.002,0.1551,-0.135,0.24,0.24,0.14,up,0.15,2026-09-21T10:43:41,-47.3684,0.285000003874302,339.465,2026-09-21 19:44:12,2026-09-21 15:45:04
AAPL,AAPL260930P00310000,AAPL,2026-09-30,P,310.0,0.18,176.0,0.22,248.0,0.3152,28.0,15.0,-0.03,0.004,0.0376,-0.0574,-0.0024,0.1911,-0.155,0.18,0.18,0.18,down,0.18,2026-09-21T13:22:47,-46.2687,0.33500000834465,339.465,2026-09-21 19:44:12,2026-09-21 15:45:04
AAPL,AAPL260930P00312500,AAPL,2026-09-30,P,312.5,0.23,7.0,0.27,308.0,0.3041,26.0,19.0,-0.0375,0.005,0.0452,-0.0672,-0.003,0.2383,-0.195,0.23,0.23,0.22,down,0.22,2026-09-21T13:37:52,-46.988,0.415000006556511,339.465,2026-09-21 19:44:12,2026-09-21 15:45:04
AAPL,AAPL260930P00315000,AAPL,2026-09-30,P,315.0,0.28,150.0,0.34,515.0,0.2922,73.0,4.0,-0.0473,0.0063,0.0544,-0.0792,-0.0038,0.301,-0.145,0.4,0.4,0.33,no_change,0.36,2026-09-21T10:56:50,-28.7129,0.504999980330467,339.465,2026-09-21 19:44:12,2026-09-21 15:45:04
AAPL,AAPL260930P00317500,AAPL,2026-09-30,P,317.5,0.36,177.0,0.44,534.0,0.2824,28.0,15.0,-0.0603,0.008,0.0656,-0.0939,-0.0049,0.3862,-0.295,0.7,0.7,0.38,no_change,0.38,2026-09-21T15:28:29,-43.7037,0.675000011920929,339.465,2026-09-21 19:44:12,2026-09-21 15:45:04
AAPL,AAPL260930P00320000,AAPL,2026-09-30,P,320.0,0.48,7.0,0.52,208.0,0.2703,357.0,221.0,-0.0776,0.01,0.0796,-0.1116,-0.0062,0.5032,-0.37,0.85,1.02,0.46,down,0.53,2026-09-21T15:23:36,-41.1111,0.900000005960464,339.465,2026-09-21 19:44:12,2026-09-21 15:45:04
AAPL,AAPL260930P00322500,AAPL,2026-09-30,P,322.5,0.62,333.0,0.78,477.0,0.2657,34.0,25.0,-0.1004,0.0125,0.0961,-0.1327,-0.008,0.6653,-0.58,1.11,1.11,0.63,up,0.71,2026-09-21T15:03:53,-44.9612,1.29000002145767,339.465,2026-09-21 19:44:12,2026-09-21 15:45:04
AAPL,AAPL260930P00325000,AAPL,2026-09-30,P,325.0,0.83,436.0,1.03,644.0,0.2579,401.0,288.0,-0.1304,0.0156,0.1153,-0.1572,-0.0104,0.8902,-0.675,1.8,1.9,0.85,down,0.96,2026-09-21T15:21:18,-41.2844,1.63499999046326,339.465,2026-09-21 19:44:12,2026-09-21 15:45:04
AAPL,AAPL260930P00327500,AAPL,2026-09-30,P,327.5,1.1,480.0,1.39,675.0,0.251,66.0,1241.0,-0.1691,0.019,0.1364,-0.1842,-0.0135,1.1998,-0.9,2.5,2.54,1.15,no_change,1.31,2026-09-21T15:09:40,-40.724,2.21000003814697,339.465,2026-09-21 19:44:12,2026-09-21 15:45:04
AAPL,AAPL260930P00330000,AAPL,2026-09-30,P,330.0,1.6,5.0,1.71,521.0,0.244,272.0,340.0,-0.2174,0.0227,0.1584,-0.212,-0.0173,1.6193,-1.125,3.32,3.4,1.63,down,1.71,2026-09-21T15:23:07,-39.6825,2.83499991893768,339.465,2026-09-21 19:44:12,2026-09-21 15:45:04
AAPL,AAPL260930P00332500,AAPL,2026-09-30,P,332.5,2.03,686.0,2.43,631.0,0.2397,131.0,327.0,-0.276,0.0264,0.1795,-0.2382,-0.0215,2.1765,-1.5,3.1,3.1,2.22,down,2.3,2026-09-21T14:52:52,-39.4737,3.80000007152557,339.465,2026-09-21 19:44:12,2026-09-21 15:45:04
AAPL,AAPL260930P00335000,AAPL,2026-09-30,P,335.0,2.85,14.0,3.15,811.0,0.2376,231.0,145.0,-0.3442,0.0296,0.1972,-0.2594,-0.0263,2.8991,-1.9,5.9,5.9,2.9,down,2.9,2026-09-21T15:29:09,-39.5833,4.79999995231628,339.465,2026-09-21 19:44:12,2026-09-21 15:45:04
AAPL,AAPL260930P00337500,AAPL,2026-09-30,P,337.5,3.7,199.0,4.15,663.0,0.2342,46.0,170.0,-0.4205,0.032,0.209,-0.2726,-0.0316,3.8119,-2.125,6.15,6.3,3.9,down,3.9,2026-09-21T15:28:20,-35.2697,6.02499985694885,339.465,2026-09-21 19:44:12,2026-09-21 15:45:04
AAPL,AAPL260930P00340000,AAPL,2026-09-30,P,340.0,4.9,7.0,5.25,737.0,0.2323,23.0,106.0,-0.502,0.0332,0.2129,-0.2752,-0.0367,4.9335,-2.345,8.68,8.68,5.03,down,5.03,2026-09-21T15:27:41,-31.7966,7.375,339.465,2026-09-21 19:44:12,2026-09-21 15:45:04
AAPL,AAPL260930P00342500,AAPL,2026-09-30,P,342.5,6.15,26.0,6.75,473.0,0.2316,2.0,0.0,-0.5851,0.033,0.2082,-0.2664,-0.0417,6.2738,0.0,0.0,0.0,0.0,up,9.62,2026-09-18T11:20:16,0.0,9.0499997138977,339.465,2026-09-21 19:44:12,2026-09-21 15:45:04
AAPL,AAPL260930P00345000,AAPL,2026-09-30,P,345.0,7.7,10.0,8.55,730.0,0.2362,6.0,38.0,-0.6658,0.0313,0.1949,-0.247,-0.0457,7.8319,-2.59,8.35,8.47,8.18,down,8.21,2026-09-21T14:46:00,-23.9815,10.8000001907349,339.465,2026-09-21 19:44:12,2026-09-21 15:45:04
AAPL,AAPL260930P00347500,AAPL,2026-09-30,P,347.5,9.3,183.0,10.55,302.0,0.2385,17.0,15.0,-0.7404,0.0284,0.1744,-0.2196,-0.0485,9.596,-2.625,10.2,10.2,10.2,down,10.2,2026-09-21T12:35:07,-20.4678,12.8249998092651,339.465,2026-09-21 19:44:12,2026-09-21 15:45:04
AAPL,AAPL260930P00350000,AAPL,2026-09-30,P,350.0,11.25,33.0,13.15,227.0,0.2611,25.0,27.0,-0.806,0.0247,0.1485,-0.1874,-0.0479,11.5453,-2.45,16.0,16.0,12.3,down,12.3,2026-09-21T12:07:11,-16.6102,14.75,339.465,2026-09-21 19:44:12,2026-09-21 15:45:04
AAPL,AAPL260930P00352500,AAPL,2026-09-30,P,352.5,13.4,10.0,15.4,267.0,0.2748,0.0,5.0,-0.861,0.0206,0.1197,-0.1539,-0.044,13.6523,-2.85,14.4,14.4,14.4,down,14.4,2026-09-21T12:58:09,-16.5217,17.25,339.465,2026-09-21 19:44:12,2026-09-21 15:45:04
AAPL,AAPL260930P00355000,AAPL,2026-09-30,P,355.0,14.95,149.0,17.4,50.0,0.2485,1.0,0.0,-0.905,0.0166,0.0916,-0.122,-0.039,15.8852,0.0,0.0,0.0,0.0,down,19.77,2026-09-17T12:10:04,0.0,19.6750001907349,339.465,2026-09-21 19:44:12,2026-09-21 15:45:04
AAPL,AAPL260930P00357500,AAPL,2026-09-30,P,357.5,17.85,18.0,19.9,50.0,0.2936,0.0,0.0,-0.9392,0.0131,0.0658,-0.0938,-0.0323,18.2142,0.0,0.0,0.0,0.0,no_change,0.0,,0.0,22.2250003814697,339.465,2026-09-21 19:44:12,2026-09-21 15:45:04
AAPL,AAPL260930P00360000,AAPL,2026-09-30,P,360.0,20.2,76.0,22.5,50.0,0.3181,0.0,0.0,-0.9648,0.0101,0.0424,-0.07,-0.0232,20.614,0.0,0.0,0.0,0.0,no_change,0.0,,0.0,24.5,339.465,2026-09-21 19:44:12,2026-09-21 15:45:04
AAPL,AAPL260930P00362500,AAPL,2026-09-30,P,362.5,22.8,27.0,24.9,30.0,0.3441,0.0,0.0,-0.9825,0.0069,0.0229,-0.0525,-0.0127,23.0635,0.0,0.0,0.0,0.0,no_change,0.0,,0.0,26.9499998092651,339.465,2026-09-21 19:44:12,2026-09-21 15:45:04
AAPL,AAPL260930P00365000,AAPL,2026-09-30,P,365.0,25.1,76.0,27.4,43.0,0.3591,0.0,0.0,-0.9929,0.0037,0.0103,-0.0423,-0.0047,25.5431,0.0,0.0,0.0,0.0,no_change,0.0,,0.0,29.5500001907349,339.465,2026-09-21 19:44:12,2026-09-21 15:45:04
AAPL,AAPL260930P00370000,AAPL,2026-09-30,P,370.0,29.95,99.0,32.4,50.0,0.3985,0.0,0.0,-0.9994,0.0004,0.0009,-0.0369,-0.0007,30.5358,0.0,0.0,0.0,0.0,no_change,0.0,,0.0,34.3000011444092,339.465,2026-09-21 19:44:12,2026-09-21 15:45:04
AAPL,AAPL260930P00375000,AAPL,2026-09-30,P,375.0,35.3,15.0,37.5,28.0,0.4712,0.0,0.0,-1.0,0.0,0.0,-0.0368,0.0,35.5357,0.0,0.0,0.0,0.0,no_change,0.0,,0.0,39.25,339.465,2026-09-21 19:44:12,2026-09-21 15:45:04
AAPL,AAPL260930P00380000,AAPL,2026-09-30,P,380.0,40.1,76.0,42.4,22.0,0.4982,0.0,0.0,-1.0,0.0,0.0,-0.0368,0.0,40.5357,0.0,0.0,0.0,0.0,no_change,0.0,,0.0,44.25,339.465,2026-09-21 19:44:12,2026-09-21 15:45:04
AAPL,AAPL260930P00385000,AAPL,2026-09-30,P,385.0,44.95,97.0,47.45,48.0,0.5345,0.0,0.0,-1.0,0.0,0.0,-0.0368,0.0,45.5357,0.0,0.0,0.0,0.0,no_change,0.0,,0.0,49.5249996185303,339.465,2026-09-21 19:44:12,2026-09-21 15:45:04
AAPL,AAPL260930P00390000,AAPL,2026-09-30,P,390.0,50.3,14.0,52.5,30.0,0.6039,0.0,0.0,-1.0,0.0,0.0,-0.0368,0.0,50.5357,0.0,0.0,0.0,0.0,no_change,0.0,,0.0,54.0750007629394,339.465,2026-09-21 19:44:12,2026-09-21 15:45:04
AAPL,AAPL260930P00395000,AAPL,2026-09-30,P,395.0,55.1,10.0,57.4,34.0,0.6241,0.0,0.0,-1.0,0.0,0.0,-0.0368,0.0,55.5357,0.0,0.0,0.0,0.0,no_change,0.0,,0.0,59.4750003814697,339.465,2026-09-21 19:44:12,2026-09-21 15:45:04
AAPL,AAPL260930P00400000,AAPL,2026-09-30,P,400.0,60.15,10.0,62.4,27.0,0.6676,0.0,0.0,-1.0,0.0,0.0,-0.0368,0.0,60.5357,0.0,0.0,0.0,0.0,no_change,0.0,,0.0,64.4500007629394,339.465,2026-09-21 19:44:12,2026-09-21 15:45:04
AAPL,AAPL260930P00405000,AAPL,2026-09-30,P,405.0,65.35,10.0,67.4,10.0,0.722,0.0,0.0,-1.0,0.0,0.0,-0.0368,0.0,65.5357,0.0,0.0,0.0,0.0,no_change,0.0,,0.0,69.3999977111816,339.465,2026-09-21 19:44:12,2026-09-21 15:45:04
AAPL,AAPL261002C00110000,AAPL,2026-10-02,C,110.0,228.1,111.0,231.35,19.0,2.5337,0.0,0.0,0.9998,0.0,0.0,0.0,0.0391,229.5919,0.0,0.0,0.0,0.0,no_change,0.0,,0.0,226.299995422363,339.465,2026-09-21 19:44:12,2026-09-21 15:45:04
AAPL,AAPL261002C00120000,AAPL,2026-10-02,C,120.0,218.1,103.0,220.8,25.0,0.0,0.0,0.0,0.9998,0.0,0.0001,0.0,0.0426,219.608,0.0,0.0,0.0,0.0,no_change,0.0,,0.0,216.349998474121,339.465,2026-09-21 19:44:12,2026-09-21 15:45:04
AAPL,AAPL261002C00125000,AAPL,2026-10-02,C,125.0,213.1,136.0,215.65,30.0,0.0,0.0,0.0,0.9998,0.0,0.0001,0.0,0.0444,214.6161,0.0,0.0,0.0,0.0,no_change,0.0,,0.0,211.349998474121,339.465,2026-09-21 19:44:12,2026-09-21 15:45:04
AAPL,AAPL261002C00130000,AAPL,2026-10-02,C,130.0,208.15,103.0,210.8,21.0,0.0,0.0,0.0,0.9998,0.0,0.0001,0.0,0.0462,209.6242,0.0,0.0,0.0,0.0,no_change,0.0,,0.0,206.349998474121,339.465,2026-09-21 19:44:12,2026-09-21 15:45:04
AAPL,AAPL261002C00135000,AAPL,2026-10-02,C,135.0,202.6,104.0,205.75,27.0,0.0,0.0,0.0,0.9998,0.0,0.0001,0.0,0.048,204.6323,0.0,0.0,0.0,0.0,no_change,0.0,,0.0,201.375,339.465,2026-09-21 19:44:12,2026-09-21 15:45:04
AAPL,AAPL261002C00140000,AAPL,2026-10-02,C,140.0,198.15,121.0,200.65,10.0,0.0,0.0,0.0,0.9998,0.0,0.0001,0.0,0.0497,199.6404,0.0,0.0,0.0,0.0,no_change,0.0,,0.0,196.349998474121,339.465,2026-09-21 19:44:12,2026-09-21 15:45:04
AAPL,AAPL261002C00145000,AAPL,2026-10-02,C,145.0,193.15,115.0,195.65,12.0,0.0,0.0,0.0,0.9998,0.0,0.0002,0.0,0.0515,194.6486,0.0,0.0,0.0,0.0,no_change,0.0,,0.0,191.349998474121,339.465,2026-09-21 19:44:12,2026-09-21 15:45:04
AAPL,AAPL261002C00150000,AAPL,2026-10-02,C,150.0,188.15,140.0,190.7,30.0,0.0,0.0,0.0,0.9998,0.0,0.0002,0.0,0.0533,189.6567,0.0,0.0,0.0,0.0,no_change,0.0,,0.0,186.400001525879,339.465,2026-09-21 19:44:12,2026-09-21 15:45:04
AAPL,AAPL261002C00155000,AAPL,2026-10-02,C,155.0,183.15,125.0,185.7,10.0,0.0,0.0,0.0,0.9998,0.0,0.0002,0.0,0.0551,184.6649,0.0,0.0,0.0,0.0,no_change,0.0,,0.0,181.400001525879,339.465,2026-09-21 19:44:12,2026-09-21 15:45:04
AAPL,AAPL261002C00160000,AAPL,2026-10-02,C,160.0,178.15,120.0,180.7,11.0,0.0,0.0,0.0,0.9997,0.0,0.0003,0.0,0.0568,179.6732,0.0,0.0,0.0,0.0,no_change,0.0,,0.0,176.400001525879,339.465,2026-09-21 19:44:12,2026-09-21 15:45:04
AAPL,AAPL261002C00165000,AAPL,2026-10-02,C,165.0,173.2,102.0,175.8,12.0,0.0,0.0,0.0,0.9997,0.0,0.0003,0.0,0.0586,174.6814,0.0,0.0,0.0,0.0,no_change,0.0,,0.0,171.425003051758,339.465,2026-09-21 19:44:12,2026-09-21 15:45:04
AAPL,AAPL261002C00170000,AAPL,2026-10-02,C,170.0,168.2,93.0,170.75,22.0,0.0,0.0,0.0,0.9997,0.0,0.0004,0.0,0.0604,169.6897,0.0,0.0,0.0,0.0,no_change,0.0,,0.0,166.400001525879,339.465,2026-09-21 19:44:12,2026-09-21 15:45:04
AAPL,AAPL261002C00175000,AAPL,2026-10-02,C,175.0,163.2,134.0,165.7,34.0,0.0,0.0,0.0,0.9997,0.0,0.0004,0.0,0.0622,164.6981,0.0,0.0,0.0,0.0,no_change,0.0,,0.0,161.400001525879,339.465,2026-09-21 19:44:12,2026-09-21 15:45:04
AAPL,AAPL261002C00180000,AAPL,2026-10-02,C,180.0,158.2,105.0,160.85,22.0,0.0,0.0,0.0,0.9996,0.0,0.0005,0.0,0.0639,159.7064,0.0,0.0,0.0,0.0,no_change,0.0,,0.0,156.450004577637,339.465,2026-09-21 19:44:12,2026-09-21 15:45:04
AAPL,AAPL261002C00185000,AAPL,2026-10-02,C,185.0,152.7,103.0,155.85,16.0,0.0,1.0,0.0,0.9996,0.0,0.0006,0.0,0.0657,154.7148,0.0,0.0,0.0,0.0,up,149.85,2026-09-11T12:00:25,0.0,151.450004577637,339.465,2026-09-21 19:44:12,2026-09-21 15:45:04
AAPL,AAPL261002C00190000,AAPL,2026-10-02,C,190.0,148.2,105.0,150.75,11.0,0.0,0.0,0.0,0.9996,0.0,0.0006,0.0,0.0675,149.7232,0.0,0.0,0.0,0.0,no_change,0.0,,0.0,146.450004577637,339.465,2026-09-21 19:44:12,2026-09-21 15:45:04
AAPL,AAPL261002C00195000,AAPL,2026-10-02,C,195.0,143.2,105.0,145.75,22.0,0.0,1.0,0.0,0.9995,0.0,0.0007,0.0,0.0693,144.7317,0.0,0.0,0.0,0.0,up,130.4,2026-09-02T12:28:38,0.0,141.475006103516,339.465,2026-09-21 19:44:12,2026-09-21 15:45:04
AAPL,AAPL261002C00200000,AAPL,2026-10-02,C,200.0,137.75,104.0,140.8,22.0,0.0,3.0,1.0,0.9995,0.0,0.0008,0.0,0.071,139.7402,-0.09,136.36,136.36,136.36,up,136.36,2026-09-21T09:56:30,-0.0659616,136.450004577637,339.465,2026-09-21 19:44:12,2026-09-21 15:45:04
AAPL,AAPL261002C00205000,AAPL,2026-10-02,C,205.0,133.25,104.0,135.75,22.0,0.0,2.0,0.0,0.9994,0.0,0.001,0.0,0.0728,134.7488,0.0,0.0,0.0,0.0,no_change,112.99,2026-09-09T10:11:39,0.0,131.475006103516,339.465,2026-09-21 19:44:12,2026-09-21 15:45:04
AAPL,AAPL261002C00210000,AAPL,2026-10-02,C,210.0,128.25,101.0,131.4,3.0,1.073,2.0,0.0,0.9994,0.0,0.0011,0.0,0.0746,129.7574,0.0,0.0,0.0,0.0,no_change,120.25,2026-09-15T10:22:08,0.0,126.475002288818,339.465,2026-09-21 19:44:12,2026-09-21 15:45:04
AAPL,AAPL261002C00215000,AAPL,2026-10-02,C,215.0,123.25,106.0,125.8,22.0,0.0,16.0,0.0,0.9993,0.0,0.0012,0.0,0.0763,124.766,0.0,0.0,0.0,0.0,no_change,115.62,2026-09-15T13:35:51,0.0,121.5,339.465,2026-09-21 19:44:12,2026-09-21 15:45:04
AAPL,AAPL261002C00220000,AAPL,2026-10-02,C,220.0,118.25,103.0,120.8,22.0,0.0,0.0,1.0,0.9992,0.0,0.0014,0.0,0.0781,119.7747,0.31,116.81,116.81,116.81,up,116.81,2026-09-21T10:04:18,0.266094,116.5,339.465,2026-09-21 19:44:12,2026-09-21 15:45:04
AAPL,AAPL261002C00225000,AAPL,2026-10-02,C,225.0,113.25,127.0,115.9,34.0,0.0,0.0,0.0,0.9991,0.0001,0.0016,0.0,0.0799,114.7835,0.0,0.0,0.0,0.0,no_change,0.0,,0.0,111.525001525879,339.465,2026-09-21 19:44:12,2026-09-21 15:45:04
AAPL,AAPL261002C00230000,AAPL,2026-10-02,C,230.0,108.25,110.0,110.8,22.0,0.0,7.0,0.0,0.999,0.0001,0.0018,0.0,0.0816,109.7924,0.0,0.0,0.0,0.0,up,103.1,2026-09-14T11:33:44,0.0,106.525001525879,339.465,2026-09-21 19:44:12,2026-09-21 15:45:04
AAPL,AAPL261002C00235000,AAPL,2026-10-02,C,235.0,103.3,108.0,105.8,22.0,0.0,27.0,0.0,0.9989,0.0001,0.002,0.0,0.0834,104.8013,0.0,0.0,0.0,0.0,up,90.5,2026-09-10T13:29:50,0.0,101.525001525879,339.465,2026-09-21 19:44:12,2026-09-21 15:45:04
AAPL,AAPL261002C00240000,AAPL,2026-10-02,C,240.0,98.3,103.0,101.0,22.0,0.0,1.0,0.0,0.9987,0.0001,0.0023,0.0,0.0852,99.8105,0.0,0.0,0.0,0.0,up,92.63,2026-09-11T15:45:05,0.0,96.5499992370606,339.465,2026-09-21 19:44:12,2026-09-21 15:45:04
AAPL,AAPL261002C00245000,AAPL,2026-10-02,C,245.0,92.8,105.0,95.9,22.0,0.0,4.0,0.0,0.9986,0.0001,0.0026,0.0,0.0869,94.8198,0.0,0.0,0.0,0.0,up,67.63,2026-09-09T13:37:40,0.0,91.5250015258789,339.465,2026-09-21 19:44:12,2026-09-21 15:45:04
AAPL,AAPL261002C00250000,AAPL,2026-10-02,C,250.0,88.3,116.0,90.85,18.0,0.0,73.0,0.0,0.9983,0.0001,0.003,0.0,0.0887,89.8295,0.0,0.0,0.0,0.0,down,84.2,2026-09-18T10:33:32,0.0,86.5749969482422,339.465,2026-09-21 19:44:12,2026-09-21 15:45:04
AAPL,AAPL261002C00255000,AAPL,2026-10-02,C,255.0,82.8,108.0,85.85,22.0,0.0,16.0,0.0,0.998,0.0002,0.0035,0.0,0.0904,84.8396,0.0,0.0,0.0,0.0,up,81.67,2026-09-18T15:36:01,0.0,81.5499992370606,339.465,2026-09-21 19:44:12,2026-09-21 15:45:04
AAPL,AAPL261002C00260000,AAPL,2026-10-02,C,260.0,78.35,108.0,80.85,22.0,0.0,22.0,0.0,0.9977,0.0002,0.0042,0.0,0.0921,79.8502,0.0,0.0,0.0,0.0,up,74.15,2026-09-11T13:56:59,0.0,76.5999984741211,339.465,2026-09-21 19:44:12,2026-09-21 15:45:04
AAPL,AAPL261002C00265000,AAPL,2026-10-02,C,265.0,73.35,107.0,75.85,22.0,0.0,23.0,1.0,0.9972,0.0003,0.005,-0.0007,0.0938,74.8618,2.755,74.33,74.33,74.33,up,74.33,2026-09-21T15:25:18,3.84911,71.5749969482422,339.465,2026-09-21 19:44:12,2026-09-21 15:45:04
AAPL,AAPL261002C00270000,AAPL,2026-10-02,C,270.0,68.35,106.0,71.05,30.0,0.0,55.0,4.0,0.9965,0.0003,0.0061,-0.0029,0.0956,69.8747,2.2,68.36,69.2,68.36,up,69.2,2026-09-21T14:37:02,3.28358,67.0,339.465,2026-09-21 19:44:12,2026-09-21 15:45:04
AAPL,AAPL261002C00275000,AAPL,2026-10-02,C,275.0,63.5,118.0,65.2,1.0,0.0,77.0,0.0,0.9956,0.0004,0.0076,-0.0056,0.0972,64.8894,0.0,0.0,0.0,0.0,up,61.75,2026-09-18T15:50:00,0.0,61.1000003814697,339.465,2026-09-21 19:44:12,2026-09-21 15:45:04
AAPL,AAPL261002C00280000,AAPL,2026-10-02,C,280.0,58.4,301.0,61.15,64.0,0.0,106.0,1.0,0.9943,0.0006,0.0097,-0.009,0.0988,59.907,0.945,57.92,57.92,57.92,up,57.92,2026-09-21T10:45:17,1.65862,56.9750003814697,339.465,2026-09-21 19:44:12,2026-09-21 15:45:04
AAPL,AAPL261002C00285000,AAPL,2026-10-02,C,285.0,53.45,306.0,56.2,68.0,0.0,237.0,0.0,0.9925,0.0008,0.0125,-0.0134,0.1004,54.9285,0.0,0.0,0.0,0.0,up,51.9,2026-09-17T14:44:07,0.0,51.6749992370606,339.465,2026-09-21 19:44:12,2026-09-21 15:45:04
AAPL,AAPL261002C00290000,AAPL,2026-10-02,C,290.0,48.45,297.0,50.4,6.0,0.0,173.0,0.0,0.9898,0.0011,0.0164,-0.0191,0.1018,49.956,0.0,0.0,0.0,0.0,up,45.07,2026-09-18T12:59:35,0.0,46.875,339.465,2026-09-21 19:44:12,2026-09-21 15:45:04
AAPL,AAPL261002C00295000,AAPL,2026-10-02,C,295.0,43.5,164.0,45.4,6.0,0.0,92.0,0.0,0.9859,0.0016,0.0218,-0.0265,0.1032,44.9922,0.0,0.0,0.0,0.0,up,41.57,2026-09-18T15:37:36,0.0,41.75,339.465,2026-09-21 19:44:12,2026-09-21 15:45:04
AAPL,AAPL261002C00297500,AAPL,2026-10-02,C,297.5,41.0,159.0,43.6,35.0,0.0,0.0,1.0,0.9833,0.0019,0.0252,-0.031,0.1037,42.5149,0.915,40.24,40.24,40.24,up,40.24,2026-09-21T10:46:18,2.32676,39.3250007629394,339.465,2026-09-21 19:44:12,2026-09-21 15:45:04
AAPL,AAPL261002C00300000,AAPL,2026-10-02,C,300.0,38.85,343.0,40.3,11.0,0.0,643.0,13.0,0.9802,0.0023,0.0292,-0.0361,0.1042,40.0416,2.1,37.61,38.85,37.61,no_change,38.85,2026-09-21T14:01:25,5.71429,36.75,339.465,2026-09-21 19:44:12,2026-09-21 15:45:04
AAPL,AAPL261002C00302500,AAPL,2026-10-02,C,302.5,36.05,159.0,38.2,30.0,0.0,0.0,0.0,0.9763,0.0027,0.034,-0.042,0.1046,37.5732,0.0,0.0,0.0,0.0,no_change,0.0,,0.0,34.3999996185303,339.465,2026-09-21 19:44:12,2026-09-21 15:45:04
AAPL,AAPL261002C00305000,AAPL,2026-10-02,C,305.0,34.45,278.0,35.3,10.0,0.0,107.0,15.0,0.9716,0.0033,0.0395,-0.0487,0.105,35.1114,2.925,30.0,34.28,30.0,up,34.25,2026-09-21T15:00:31,9.33759,31.3250007629394,339.465,2026-09-21 19:44:12,2026-09-21 15:45:04
AAPL,AAPL261002C00307500,AAPL,2026-10-02,C,307.5,31.15,155.0,33.65,35.0,0.0,0.0,0.0,0.9657,0.004,0.0462,-0.0565,0.1051,32.658,0.0,0.0,0.0,0.0,no_change,0.0,,0.0,29.5,339.465,2026-09-21 19:44:12,2026-09-21 15:45:04
AAPL,AAPL261002C00310000,AAPL,2026-10-02,C,310.0,28.85,332.0,30.4,10.0,0.0,1944.0,20.0,0.9582,0.0048,0.0541,-0.0656,0.1051,30.216,3.0,26.99,30.0,26.99,no_change,30.0,2026-09-21T15:24:08,11.1111,27.0,339.465,2026-09-21 19:44:12,2026-09-21 15:45:04
AAPL,AAPL261002C00312500,AAPL,2026-10-02,C,312.5,26.3,199.0,28.0,1.0,0.0,5.0,20.0,0.9489,0.0059,0.0636,-0.0762,0.1049,27.7893,-0.85,24.35,24.35,24.35,up,24.35,2026-09-21T09:51:07,-3.37302,25.1999998092651,339.465,2026-09-21 19:44:12,2026-09-21 15:45:04
AAPL,AAPL261002C00315000,AAPL,2026-10-02,C,315.0,24.0,318.0,25.55,10.0,0.0,865.0,38.0,0.9369,0.0072,0.0749,-0.0887,0.1043,25.3839,2.205,21.7,24.55,19.66,down,24.43,2026-09-21T14:31:12,9.92126,22.2249994277954,339.465,2026-09-21 19:44:12,2026-09-21 15:45:04
AAPL,AAPL261002C00317500,AAPL,2026-10-02,C,317.5,21.5,164.0,23.15,10.0,0.0,30.0,7.0,0.9215,0.0088,0.0884,-0.1034,0.1033,23.0075,0.825,19.32,20.7,19.32,up,20.7,2026-09-21T10:13:18,4.15094,19.875,339.465,2026-09-21 19:44:12,2026-09-21 15:45:04
AAPL,AAPL261002C00320000,AAPL,2026-10-02,C,320.0,19.9,367.0,20.9,21.0,0.243,1278.0,60.0,0.9019,0.0107,0.1042,-0.1205,0.1017,20.6704,2.11,16.49,20.2,15.83,down,19.91,2026-09-21T14:50:33,11.8539,17.8000001907349,339.465,2026-09-21 19:44:12,2026-09-21 15:45:04
AAPL,AAPL261002C00322500,AAPL,2026-10-02,C,322.5,17.7,339.0,18.6,40.0,0.2441,142.0,16.0,0.8769,0.0129,0.1221,-0.1398,0.0996,18.3859,1.97,16.6,17.68,16.12,no_change,17.57,2026-09-21T13:09:38,12.6282,15.5999999046326,339.465,2026-09-21 19:44:12,2026-09-21 15:45:04
AAPL,AAPL261002C00325000,AAPL,2026-10-02,C,325.0,15.5,358.0,16.35,31.0,0.24,1951.0,62.0,0.8456,0.0155,0.1421,-0.1611,0.0966,16.1701,1.975,12.69,15.8,11.0,down,15.6,2026-09-21T15:09:55,14.4954,13.625,339.465,2026-09-21 19:44:12,2026-09-21 15:45:04
AAPL,AAPL261002C00327500,AAPL,2026-10-02,C,327.5,13.55,272.0,14.2,19.0,0.2417,253.0,104.0,0.8071,0.0183,0.1633,-0.1834,0.0926,14.0418,2.025,9.7,13.65,9.7,no_change,13.65,2026-09-21T15:19:28,17.4194,11.625,339.465,2026-09-21 19:44:12,2026-09-21 15:45:04
AAPL,AAPL261002C00330000,AAPL,2026-10-02,C,330.0,11.65,353.0,12.15,35.0,0.2403,1877.0,485.0,0.7608,0.0212,0.1845,-0.2054,0.0878,12.0215,1.98,8.88,12.1,7.37,up,11.73,2026-09-21T15:26:33,20.3077,9.75,339.465,2026-09-21 19:44:12,2026-09-21 15:45:04
AAPL,AAPL261002C00332500,AAPL,2026-10-02,C,332.5,9.85,287.0,10.25,81.0,0.2383,269.0,191.0,0.7067,0.0239,0.204,-0.2252,0.0819,10.1311,1.65,6.6,9.85,6.14,up,9.85,2026-09-21T15:22:10,20.1219,8.2000002861023,339.465,2026-09-21 19:44:12,2026-09-21 15:45:04
AAPL,AAPL261002C00335000,AAPL,2026-10-02,C,335.0,8.2,164.0,8.4,32.0,0.234,3598.0,1966.0,0.6454,0.0263,0.2202,-0.2408,0.0751,8.3915,1.6,6.0,8.3,4.9,down,8.25,2026-09-21T15:28:52,24.0601,6.65000009536743,339.465,2026-09-21 19:44:12,2026-09-21 15:45:04
AAPL,AAPL261002C00337500,AAPL,2026-10-02,C,337.5,6.5,717.0,6.85,12.0,0.2283,451.0,1950.0,0.5781,0.0281,0.2312,-0.2504,0.0675,6.8212,1.5,4.65,6.85,3.8,up,6.85,2026-09-21T15:28:40,28.0374,5.34999990463257,339.465,2026-09-21 19:44:12,2026-09-21 15:45:04
AAPL,AAPL261002C00340000,AAPL,2026-10-02,C,340.0,5.25,608.0,5.45,57.0,0.228,5857.0,5416.0,0.5069,0.029,0.2356,-0.2523,0.0593,5.4347,1.1,3.61,5.4,2.86,up,5.4,2026-09-21T15:29:09,25.5814,4.29999995231628,339.465,2026-09-21 19:44:12,2026-09-21 15:45:04
AAPL,AAPL261002C00342500,AAPL,2026-10-02,C,342.5,4.0,753.0,4.25,16.0,0.224,733.0,398.0,0.4342,0.029,0.2325,-0.246,0.0509,4.2402,0.815,2.54,4.1,2.13,no_change,4.09,2026-09-21T15:27:12,24.8855,3.27500009536743,339.465,2026-09-21 19:44:12,2026-09-21 15:45:04
AAPL,AAPL261002C00345000,AAPL,2026-10-02,C,345.0,3.05,599.0,3.25,30.0,0.223,6527.0,3981.0,0.363,0.0279,0.222,-0.2318,0.0426,3.2383,0.605,2.08,3.15,1.5,down,3.1,2026-09-21T15:27:50,24.2485,2.49500000476837,339.465,2026-09-21 19:44:12,2026-09-21 15:45:04
AAPL,AAPL261002C00347500,AAPL,2026-10-02,C,347.5,2.3,255.0,2.42,22.0,0.2224,569.0,267.0,0.2959,0.0258,0.205,-0.2109,0.0348,2.4215,0.535,1.53,2.39,1.14,up,2.39,2026-09-21T15:28:54,28.841,1.85499995946884,339.465,2026-09-21 19:44:12,2026-09-21 15:45:04
AAPL,AAPL261002C00350000,AAPL,2026-10-02,C,350.0,1.66,385.0,1.78,24.0,0.2213,2769.0,2496.0,0.2353,0.0231,0.1832,-0.1856,0.0276,1.7747,0.355,1.09,1.75,0.79,no_change,1.75,2026-09-21T15:29:08,25.448,1.39500004053116,339.465,2026-09-21 19:44:12,2026-09-21 15:45:04
AAPL,AAPL261002C00352500,AAPL,2026-10-02,C,352.5,1.19,622.0,1.32,729.0,0.2225,516.0,428.0,0.1828,0.0199,0.1585,-0.158,0.0215,1.2769,0.23,0.69,1.25,0.6,no_change,1.25,2026-09-21T15:29:10,22.549,1.01999998092651,339.465,2026-09-21 19:44:12,2026-09-21 15:45:04
AAPL,AAPL261002C00355000,AAPL,2026-10-02,C,355.0,0.84,545.0,0.9,2.0,0.2213,1750.0,4721.0,0.1388,0.0167,0.1332,-0.1306,0.0163,0.9035,0.115,0.6,0.87,0.41,no_change,0.86,2026-09-21T15:23:09,15.4362,0.744999974966049,339.465,2026-09-21 19:44:12,2026-09-21 15:45:04
AAPL,AAPL261002C00357500,AAPL,2026-10-02,C,357.5,0.57,682.0,0.64,84.0,0.2219,364.0,292.0,0.1034,0.0135,0.109,-0.1049,0.0121,0.6298,0.07,0.43,0.6,0.32,no_change,0.6,2026-09-21T15:20:16,13.2075,0.530000001192093,339.465,2026-09-21 19:44:12,2026-09-21 15:45:04
AAPL,AAPL261002C00360000,AAPL,2026-10-02,C,360.0,0.4,548.0,0.44,137.0,0.2234,3601.0,5962.0,0.0756,0.0106,0.0869,-0.0822,0.0088,0.4331,0.03,0.29,0.42,0.21,up,0.42,2026-09-21T15:28:32,7.69231,0.390000000596046,339.465,2026-09-21 19:44:12,2026-09-21 15:45:04
AAPL,AAPL261002C00362500,AAPL,2026-10-02,C,362.5,0.26,360.0,0.29,2.0,0.223,7.0,136.0,0.0543,0.0082,0.0678,-0.0629,0.0063,0.2943,-0.015,0.16,0.28,0.15,up,0.26,2026-09-21T15:27:05,-5.45455,0.275000005960464,339.465,2026-09-21 19:44:12,2026-09-21 15:45:04
AAPL,AAPL261002C00365000,AAPL,2026-10-02,C,365.0,0.16,351.0,0.21,133.0,0.2246,2814.0,209.0,0.0385,0.0062,0.0519,-0.0472,0.0045,0.1982,-0.03,0.13,0.19,0.11,down,0.16,2026-09-21T15:17:19,-15.7895,0.190000005066395,339.465,2026-09-21 19:44:12,2026-09-21 15:45:04
AAPL,AAPL261002C00367500,AAPL,2026-10-02,C,367.5,0.11,307.0,0.14,66.0,0.2269,10.0,18.0,0.0271,0.0046,0.0391,-0.0349,0.0032,0.133,-0.005,0.08,0.12,0.08,down,0.11,2026-09-21T14:55:24,-4.34782,0.114999998360872,339.465,2026-09-21 19:44:12,2026-09-21 15:45:04
AAPL,AAPL261002C00370000,AAPL,2026-10-02,C,370.0,0.07,253.0,0.1,131.0,0.2297,2380.0,192.0,0.019,0.0034,0.0293,-0.0257,0.0022,0.0898,-0.005,0.09,0.09,0.05,up,0.09,2026-09-21T14:43:03,-5.26316,0.0949999988079071,339.465,2026-09-21 19:44:12,2026-09-21 15:45:04
AAPL,AAPL261002C00375000,AAPL,2026-10-02,C,375.0,0.03,553.0,0.05,276.0,0.2361,239.0,61.0,0.0099,0.0018,0.0169,-0.0146,0.0011,0.0442,-0.015,0.06,0.06,0.04,no_change,0.04,2026-09-21T15:10:02,-27.2727,0.0549999997019768,339.465,2026-09-21 19:44:12,2026-09-21 15:45:04
AAPL,AAPL261002C00380000,AAPL,2026-10-02,C,380.0,0.02,131.0,0.03,106.0,0.2501,385.0,24.0,0.006,0.0011,0.011,-0.0096,0.0007,0.0267,-0.01,0.02,0.03,0.02,no_change,0.03,2026-09-21T14:15:08,-25.0,0.0400000000372529,339.465,2026-09-21 19:44:12,2026-09-21 15:45:04
AAPL,AAPL261002C00385000,AAPL,2026-10-02,C,385.0,0.01,161.0,0.03,201.0,0.2696,542.0,54.0,0.0044,0.0008,0.0083,-0.0077,0.0005,0.0203,0.005,0.04,0.04,0.02,no_change,0.02,2026-09-21T15:20:25,33.3333,0.0149999996647239,339.465,2026-09-21 19:44:12,2026-09-21 15:45:04
AAPL,AAPL261002C00390000,AAPL,2026-10-02,C,390.0,0.01,2.0,0.04,587.0,0.3012,127.0,13.0,0.0037,0.0006,0.007,-0.007,0.0004,0.0179,0.0,0.05,0.05,0.01,up,0.03,2026-09-21T13:46:59,-8.69234e-07,0.0300000002607703,339.465,2026-09-21 19:44:12,2026-09-21 15:45:04
AAPL,AAPL261002C00395000,AAPL,2026-10-02,C,395.0,0.0,0.0,0.02,92.0,0.2984,179.0,1.0,0.0033,0.0005,0.0063,-0.0067,0.0004,0.0169,0.005,0.02,0.02,0.02,down,0.02,2026-09-21T09:45:48,33.3333,0.0149999996647239,339.465,2026-09-21 19:44:12,2026-09-21 15:45:04
AAPL,AAPL261002C00400000,AAPL,2026-10-02,C,400.0,0.0,0.0,0.04,261.0,0.3424,508.0,2.0,0.003,0.0004,0.0057,-0.0065,0.0003,0.0162,0.01,0.04,0.04,0.04,up,0.04,2026-09-21T14:47:31,33.3333,0.0299999993294477,339.465,2026-09-21 19:44:12,2026-09-21 15:45:04
AAPL,AAPL261002C00405000,AAPL,2026-10-02,C,405.0,0.0,0.0,0.52,499.0,0.5,30.0,0.0,0.0027,0.0004,0.0052,-0.0064,0.0003,0.0156,0.0,0.0,0.0,0.0,up,0.05,2026-09-18T15:45:25,0.0,0.125,339.465,2026-09-21 19:44:12,2026-09-21 15:45:04
AAPL,AAPL261002C00410000,AAPL,2026-10-02,C,410.0,0.0,0.0,0.51,298.0,0.5275,22.0,0.0,0.0025,0.0003,0.0048,-0.0062,0.0003,0.0151,0.0,0.0,0.0,0.0,no_change,0.08,2026-09-14T12:08:10,0.0,0.259999990463257,339.465,2026-09-21 19:44:12,2026-09-21 15:45:04
AAPL,AAPL261002C00415000,AAPL,2026-10-02,C,415.0,0.0,0.0,0.52,482.0,0.5574,381.0,0.0,0.0023,0.0003,0.0045,-0.0061,0.0003,0.0146,0.0,0.0,0.0,0.0,no_change,0.03,2026-09-14T11:23:59,0.0,0.0149999996647239,339.465,2026-09-21 19:44:12,2026-09-21 15:45:04
AAPL,AAPL261002P00110000,AAPL,2026-10-02,P,110.0,0.0,0.0,0.01,3000.0,1.91,100.0,0.0,0.0,0.0,0.0,-0.0002,0.0,0.0003,0.0,0.0,0.0,0.0,no_change,0.31,2026-08-27T13:29:15,0.0,0.00499999988824129,339.465,2026-09-21 19:44:12,2026-09-21 15:45:04
AAPL,AAPL261002P00120000,AAPL,2026-10-02,P,120.0,0.0,0.0,0.01,2000.0,1.7669,0.0,0.0,0.0,0.0,0.0001,-0.0003,0.0,0.0004,0.0,0.0,0.0,0.0,no_change,0.0,,0.0,0.259999990463257,339.465,2026-09-21 19:44:12,2026-09-21 15:45:04
AAPL,AAPL261002P00125000,AAPL,2026-10-02,P,125.0,0.0,0.0,0.01,1000.0,1.6998,4.0,0.0,0.0,0.0,0.0001,-0.0003,0.0,0.0005,0.0,0.0,0.0,0.0,up,0.16,2026-08-27T15:53:19,0.0,0.259999990463257,339.465,2026-09-21 19:44:12,2026-09-21 15:45:04
AAPL,AAPL261002P00130000,AAPL,2026-10-02,P,130.0,0.0,0.0,0.01,1000.0,1.6354,0.0,0.0,0.0,0.0,0.0001,-0.0004,0.0,0.0007,0.0,0.0,0.0,0.0,no_change,0.0,,0.0,0.259999990463257,339.465,2026-09-21 19:44:12,2026-09-21 15:45:04
AAPL,AAPL261002P00135000,AAPL,2026-10-02,P,135.0,0.0,0.0,0.52,191.0,2.2655,0.0,0.0,0.0,0.0,0.0001,-0.0005,0.0,0.0008,0.0,0.0,0.0,0.0,no_change,0.0,,0.0,0.259999990463257,339.465,2026-09-21 19:44:12,2026-09-21 15:45:04
AAPL,AAPL261002P00140000,AAPL,2026-10-02,P,140.0,0.0,0.0,0.52,191.0,2.1819,2.0,0.0,-0.0001,0.0,0.0001,-0.0006,0.0,0.001,0.0,0.0,0.0,0.0,up,0.12,2026-08-27T14:37:23,0.0,0.259999990463257,339.465,2026-09-21 19:44:12,2026-09-21 15:45:04
AAPL,AAPL261002P00145000,AAPL,2026-10-02,P,145.0,0.0,0.0,0.52,192.0,2.1013,0.0,0.0,-0.0001,0.0,0.0002,-0.0007,0.0,0.0012,0.0,0.0,0.0,0.0,no_change,0.0,,0.0,0.259999990463257,339.465,2026-09-21 19:44:12,2026-09-21 15:45:04
AAPL,AAPL261002P00150000,AAPL,2026-10-02,P,150.0,0.0,0.0,0.52,201.0,2.0234,0.0,0.0,-0.0001,0.0,0.0002,-0.0008,0.0,0.0014,0.0,0.0,0.0,0.0,no_change,0.0,,0.0,0.259999990463257,339.465,2026-09-21 19:44:12,2026-09-21 15:45:04
AAPL,AAPL261002P00155000,AAPL,2026-10-02,P,155.0,0.0,0.0,0.52,196.0,1.9481,0.0,0.0,-0.0001,0.0,0.0002,-0.0009,0.0,0.0017,0.0,0.0,0.0,0.0,no_change,0.0,,0.0,0.259999990463257,339.465,2026-09-21 19:44:12,2026-09-21 15:45:04
AAPL,AAPL261002P00160000,AAPL,2026-10-02,P,160.0,0.0,0.0,0.52,197.0,1.8752,0.0,0.0,-0.0001,0.0,0.0003,-0.001,0.0,0.0019,0.0,0.0,0.0,0.0,no_change,0.0,,0.0,0.259999990463257,339.465,2026-09-21 19:44:12,2026-09-21 15:45:04
AAPL,AAPL261002P00165000,AAPL,2026-10-02,P,165.0,0.0,0.0,0.52,177.0,1.8044,0.0,0.0,-0.0001,0.0,0.0003,-0.0012,0.0,0.0022,0.0,0.0,0.0,0.0,no_change,0.0,,0.0,0.259999990463257,339.465,2026-09-21 19:44:12,2026-09-21 15:45:04
AAPL,AAPL261002P00170000,AAPL,2026-10-02,P,170.0,0.0,0.0,0.52,176.0,1.7358,0.0,0.0,-0.0002,0.0,0.0004,-0.0014,0.0,0.0026,0.0,0.0,0.0,0.0,no_change,0.0,,0.0,0.259999990463257,339.465,2026-09-21 19:44:12,2026-09-21 15:45:04
AAPL,AAPL261002P00175000,AAPL,2026-10-02,P,175.0,0.0,0.0,0.01,6.0,1.147,36.0,3.0,-0.0002,0.0,0.0004,-0.0015,0.0,0.003,0.005,0.01,0.01,0.01,no_change,0.01,2026-09-21T14:36:01,100.0,0.00499999988824129,339.465,2026-09-21 19:44:12,2026-09-21 15:45:04
AAPL,AAPL261002P00180000,AAPL,2026-10-02,P,180.0,0.0,0.0,0.01,8.0,1.1005,117.0,0.0,-0.0002,0.0,0.0005,-0.0017,0.0,0.0034,0.0,0.0,0.0,0.0,no_change,0.01,2026-09-18T14:39:35,0.0,0.00499999988824129,339.465,2026-09-21 19:44:12,2026-09-21 15:45:04
AAPL,AAPL261002P00185000,AAPL,2026-10-02,P,185.0,0.0,0.0,0.01,9.0,1.0554,7.0,0.0,-0.0003,0.0,0.0006,-0.0019,0.0,0.0038,0.0,0.0,0.0,0.0,down,0.01,2026-09-18T14:40:37,0.0,0.00499999988824129,339.465,2026-09-21 19:44:12,2026-09-21 15:45:04
AAPL,AAPL261002P00190000,AAPL,2026-10-02,P,190.0,0.0,0.0,0.52,155.0,1.4794,9.0,0.0,-0.0003,0.0,0.0006,-0.0022,0.0,0.0043,0.0,0.0,0.0,0.0,no_change,0.03,2026-08-26T12:49:38,0.0,0.259999990463257,339.465,2026-09-21 19:44:12,2026-09-21 15:45:04
AAPL,AAPL261002P00195000,AAPL,2026-10-02,P,195.0,0.0,0.0,0.05,30.0,1.1016,28.0,0.0,-0.0003,0.0,0.0007,-0.0024,0.0,0.0048,0.0,0.0,0.0,0.0,no_change,0.01,2026-09-15T11:19:44,0.0,0.025000000372529,339.465,2026-09-21 19:44:12,2026-09-21 15:45:04
AAPL,AAPL261002P00200000,AAPL,2026-10-02,P,200.0,0.0,0.0,0.04,30.0,1.034,52.0,0.0,-0.0004,0.0,0.0008,-0.0026,0.0,0.0053,0.0,0.0,0.0,0.0,up,0.04,2026-09-15T10:26:39,0.0,0.0199999995529652,339.465,2026-09-21 19:44:12,2026-09-21 15:45:04
AAPL,AAPL261002P00205000,AAPL,2026-10-02,P,205.0,0.0,0.0,0.04,43.0,0.9889,90.0,0.0,-0.0004,0.0,0.001,-0.0029,0.0,0.0059,0.0,0.0,0.0,0.0,no_change,0.01,2026-09-14T14:41:31,0.0,0.0199999995529652,339.465,2026-09-21 19:44:12,2026-09-21 15:45:04
AAPL,AAPL261002P00210000,AAPL,2026-10-02,P,210.0,0.0,0.0,0.01,18.0,0.8458,216.0,0.0,-0.0005,0.0,0.0011,-0.0032,-0.0001,0.0066,0.0,0.0,0.0,0.0,up,0.08,2026-09-15T15:57:41,0.0,0.025000000372529,339.465,2026-09-21 19:44:12,2026-09-21 15:45:04
AAPL,AAPL261002P00215000,AAPL,2026-10-02,P,215.0,0.0,0.0,0.13,112.0,1.0103,34.0,0.0,-0.0006,0.0,0.0012,-0.0034,-0.0001,0.0073,0.0,0.0,0.0,0.0,down,0.02,2026-09-15T10:27:24,0.0,0.245000004768372,339.465,2026-09-21 19:44:12,2026-09-21 15:45:04
AAPL,AAPL261002P00220000,AAPL,2026-10-02,P,220.0,0.0,0.0,0.1,207.0,0.9376,7.0,0.0,-0.0007,0.0,0.0014,-0.0038,-0.0001,0.008,0.0,0.0,0.0,0.0,down,0.01,2026-09-15T14:17:38,0.0,0.245000004768372,339.465,2026-09-21 19:44:12,2026-09-21 15:45:04
AAPL,AAPL261002P00225000,AAPL,2026-10-02,P,225.0,0.0,0.0,0.1,223.0,0.893,18.0,0.0,-0.0008,0.0001,0.0016,-0.0041,-0.0001,0.0088,0.0,0.0,0.0,0.0,no_change,0.02,2026-09-10T14:22:48,0.0,0.239999994635582,339.465,2026-09-21 19:44:12,2026-09-21 15:45:04
AAPL,AAPL261002P00230000,AAPL,2026-10-02,P,230.0,0.0,0.0,0.1,356.0,0.8492,112.0,0.0,-0.0009,0.0001,0.0018,-0.0044,-0.0001,0.0098,0.0,0.0,0.0,0.0,up,0.04,2026-09-15T15:50:59,0.0,0.119999997317791,339.465,2026-09-21 19:44:12,2026-09-21 15:45:04
AAPL,AAPL261002P00235000,AAPL,2026-10-02,P,235.0,0.0,0.0,0.01,4.0,0.6584,166.0,1.0,-0.001,0.0001,0.002,-0.0048,-0.0001,0.0108,-0.02,0.01,0.01,0.01,no_change,0.01,2026-09-21T09:53:23,-66.6667,0.0300000002607703,339.465,2026-09-21 19:44:12,2026-09-21 15:45:04
AAPL,AAPL261002P00240000,AAPL,2026-10-02,P,240.0,0.0,0.0,0.19,325.0,0.8204,128.0,0.0,-0.0011,0.0001,0.0023,-0.0053,-0.0001,0.012,0.0,0.0,0.0,0.0,down,0.02,2026-09-17T12:08:10,0.0,0.0949999988079071,339.465,2026-09-21 19:44:12,2026-09-21 15:45:04
AAPL,AAPL261002P00245000,AAPL,2026-10-02,P,245.0,0.0,0.0,0.42,406.0,0.8588,478.0,0.0,-0.0013,0.0001,0.0026,-0.0058,-0.0001,0.0134,0.0,0.0,0.0,0.0,up,0.03,2026-09-17T14:47:03,0.0,0.034999999217689,339.465,2026-09-21 19:44:12,2026-09-21 15:45:04
AAPL,AAPL261002P00250000,AAPL,2026-10-02,P,250.0,0.01,6.0,0.06,386.0,0.6572,1510.0,5.0,-0.0015,0.0001,0.003,-0.0064,-0.0002,0.0151,-0.03,0.06,0.06,0.03,no_change,0.03,2026-09-21T14:22:45,-50.0,0.0599999995902181,339.465,2026-09-21 19:44:12,2026-09-21 15:45:04
AAPL,AAPL261002P00255000,AAPL,2026-10-02,P,255.0,0.0,0.0,0.14,390.0,0.6663,305.0,3.0,-0.0018,0.0002,0.0035,-0.0072,-0.0002,0.0172,-0.025,0.02,0.02,0.02,no_change,0.02,2026-09-21T11:42:27,-55.5556,0.0449999989941716,339.465,2026-09-21 19:44:12,2026-09-21 15:45:04
AAPL,AAPL261002P00260000,AAPL,2026-10-02,P,260.0,0.0,0.0,0.07,386.0,0.5802,567.0,12.0,-0.0022,0.0002,0.0042,-0.0081,-0.0002,0.0199,-0.02,0.02,0.02,0.02,no_change,0.02,2026-09-21T11:02:49,-50.0,0.0400000000372529,339.465,2026-09-21 19:44:12,2026-09-21 15:45:04
AAPL,AAPL261002P00265000,AAPL,2026-10-02,P,265.0,0.01,59.0,0.03,56.0,0.5132,122.0,0.0,-0.0027,0.0003,0.005,-0.0094,-0.0003,0.0236,0.0,0.0,0.0,0.0,no_change,0.05,2026-09-18T09:42:09,0.0,0.0449999989941716,339.465,2026-09-21 19:44:12,2026-09-21 15:45:04
AAPL,AAPL261002P00270000,AAPL,2026-10-02,P,270.0,0.01,602.0,0.04,149.0,0.4884,586.0,57.0,-0.0033,0.0003,0.0061,-0.011,-0.0004,0.0285,-0.015,0.04,0.06,0.02,down,0.02,2026-09-21T14:35:28,-42.8571,0.0350000001490116,339.465,2026-09-21 19:44:12,2026-09-21 15:45:04
AAPL,AAPL261002P00275000,AAPL,2026-10-02,P,275.0,0.02,280.0,0.05,272.0,0.4688,405.0,11.0,-0.0042,0.0004,0.0076,-0.0131,-0.0005,0.0353,-0.03,0.03,0.03,0.02,down,0.02,2026-09-21T12:47:46,-60.0,0.0499999998137355,339.465,2026-09-21 19:44:12,2026-09-21 15:45:04
AAPL,AAPL261002P00280000,AAPL,2026-10-02,P,280.0,0.03,125.0,0.05,130.0,0.4389,534.0,68.0,-0.0055,0.0006,0.0097,-0.016,-0.0006,0.0449,-0.03,0.1,0.1,0.03,no_change,0.04,2026-09-21T14:38:17,-42.8571,0.0699999984353781,339.465,2026-09-21 19:44:12,2026-09-21 15:45:04
AAPL,AAPL261002P00285000,AAPL,2026-10-02,P,285.0,0.05,148.0,0.07,214.0,0.422,842.0,123.0,-0.0074,0.0008,0.0125,-0.0198,-0.0008,0.0586,-0.055,0.09,0.09,0.05,no_change,0.05,2026-09-21T13:00:16,-52.381,0.104999996721745,339.465,2026-09-21 19:44:12,2026-09-21 15:45:04
AAPL,AAPL261002P00290000,AAPL,2026-10-02,P,290.0,0.07,140.0,0.09,223.0,0.3989,1328.0,46.0,-0.0101,0.0011,0.0164,-0.0249,-0.0011,0.0782,-0.045,0.16,0.16,0.07,no_change,0.08,2026-09-21T15:22:22,-36.0,0.125,339.465,2026-09-21 19:44:12,2026-09-21 15:45:04
AAPL,AAPL261002P00295000,AAPL,2026-10-02,P,295.0,0.09,142.0,0.13,489.0,0.3767,1055.0,131.0,-0.014,0.0016,0.0219,-0.0318,-0.0016,0.1065,-0.06,0.16,0.16,0.1,no_change,0.11,2026-09-21T14:46:15,-35.2941,0.170000001788139,339.465,2026-09-21 19:44:12,2026-09-21 15:45:04
AAPL,AAPL261002P00297500,AAPL,2026-10-02,P,297.5,0.1,472.0,0.15,407.0,0.3638,0.0,0.0,-0.0166,0.0019,0.0252,-0.036,-0.0019,0.1254,0.0,0.0,0.0,0.0,no_change,0.0,,0.0,0.200000002980232,339.465,2026-09-21 19:44:12,2026-09-21 15:45:04
AAPL,AAPL261002P00300000,AAPL,2026-10-02,P,300.0,0.14,94.0,0.17,330.0,0.3552,3033.0,148.0,-0.0198,0.0023,0.0293,-0.0409,-0.0022,0.1481,-0.09,0.18,0.21,0.13,down,0.15,2026-09-21T15:21:35,-37.5,0.240000002086163,339.465,2026-09-21 19:44:12,2026-09-21 15:45:04
AAPL,AAPL261002P00302500,AAPL,2026-10-02,P,302.5,0.15,600.0,0.2,593.0,0.3414,27.0,13.0,-0.0236,0.0028,0.0341,-0.0465,-0.0026,0.176,-0.105,0.17,0.17,0.16,down,0.16,2026-09-21T11:58:52,-39.6226,0.264999993145466,339.465,2026-09-21 19:44:12,2026-09-21 15:45:04
AAPL,AAPL261002P00305000,AAPL,2026-10-02,P,305.0,0.2,99.0,0.23,333.0,0.332,1111.0,121.0,-0.0284,0.0033,0.0396,-0.053,-0.0032,0.2103,-0.105,0.29,0.32,0.19,up,0.22,2026-09-21T15:21:35,-32.3077,0.325000002980232,339.465,2026-09-21 19:44:12,2026-09-21 15:45:04
AAPL,AAPL261002P00307500,AAPL,2026-10-02,P,307.5,0.24,15.0,0.3,361.0,0.3238,8.0,24.0,-0.0344,0.004,0.0464,-0.0606,-0.0038,0.2532,-0.115,0.27,0.28,0.21,no_change,0.27,2026-09-21T15:28:22,-29.8701,0.384999990463257,339.465,2026-09-21 19:44:12,2026-09-21 15:45:04
AAPL,AAPL261002P00310000,AAPL,2026-10-02,P,310.0,0.28,314.0,0.32,370.0,0.3081,2287.0,166.0,-0.0418,0.0049,0.0542,-0.0694,-0.0046,0.3075,-0.155,0.41,0.5,0.28,down,0.31,2026-09-21T15:28:21,-33.3333,0.465000003576279,339.465,2026-09-21 19:44:12,2026-09-21 15:45:04
AAPL,AAPL261002P00312500,AAPL,2026-10-02,P,312.5,0.36,10.0,0.42,364.0,0.3014,65.0,37.0,-0.0513,0.0059,0.0639,-0.0799,-0.0056,0.3774,-0.18,0.57,0.57,0.35,down,0.39,2026-09-21T15:28:22,-31.579,0.570000022649765,339.465,2026-09-21 19:44:12,2026-09-21 15:45:04
AAPL,AAPL261002P00315000,AAPL,2026-10-02,P,315.0,0.43,207.0,0.5,486.0,0.2893,1809.0,353.0,-0.0634,0.0072,0.0753,-0.0922,-0.007,0.4686,-0.245,0.69,0.81,0.43,no_change,0.47,2026-09-21T15:27:29,-34.2657,0.715000003576279,339.465,2026-09-21 19:44:12,2026-09-21 15:45:04
AAPL,AAPL261002P00317500,AAPL,2026-10-02,P,317.5,0.55,55.0,0.61,235.0,0.2797,119.0,194.0,-0.0789,0.0088,0.0887,-0.1068,-0.0086,0.5892,-0.355,0.95,1.1,0.52,down,0.6,2026-09-21T15:20:15,-37.1728,0.9549999833107,339.465,2026-09-21 19:44:12,2026-09-21 15:45:04
AAPL,AAPL261002P00320000,AAPL,2026-10-02,P,320.0,0.72,7.0,0.75,60.0,0.2711,2080.0,1475.0,-0.0987,0.0108,0.1047,-0.1237,-0.0106,0.7493,-0.47,1.16,1.4,0.7,down,0.73,2026-09-21T15:28:33,-39.1667,1.19999998807907,339.465,2026-09-21 19:44:12,2026-09-21 15:45:04
AAPL,AAPL261002P00322500,AAPL,2026-10-02,P,322.5,0.93,7.0,1.02,354.0,0.266,623.0,539.0,-0.1238,0.013,0.123,-0.143,-0.013,0.9623,-0.565,1.45,1.83,0.9,down,0.99,2026-09-21T15:25:11,-36.3344,1.55500000715256,339.465,2026-09-21 19:44:12,2026-09-21 15:45:04
AAPL,AAPL261002P00325000,AAPL,2026-10-02,P,325.0,1.2,32.0,1.3,374.0,0.2586,2314.0,1115.0,-0.1555,0.0156,0.1425,-0.1643,-0.0166,1.2451,-0.755,2.0,2.46,1.19,down,1.26,2026-09-21T15:28:08,-37.469,2.01499998569489,339.465,2026-09-21 19:44:12,2026-09-21 15:45:04
AAPL,AAPL261002P00327500,AAPL,2026-10-02,P,327.5,1.57,24.0,1.68,594.0,0.2528,469.0,4329.0,-0.1944,0.0185,0.1638,-0.1867,-0.0203,1.6163,-0.92,2.51,3.2,1.6,down,1.63,2026-09-21T15:28:20,-36.0784,2.55000007152557,339.465,2026-09-21 19:44:12,2026-09-21 15:45:04
AAPL,AAPL261002P00330000,AAPL,2026-10-02,P,330.0,2.05,19.0,2.13,374.0,0.2466,1679.0,1499.0,-0.2412,0.0214,0.1851,-0.2087,-0.0248,2.0967,-1.2,3.27,4.0,2.07,no_change,2.1,2026-09-21T15:29:08,-36.3636,3.30000007152557,339.465,2026-09-21 19:44:12,2026-09-21 15:45:04
AAPL,AAPL261002P00332500,AAPL,2026-10-02,P,332.5,2.63,183.0,2.8,705.0,0.2426,539.0,788.0,-0.2959,0.0242,0.2046,-0.2285,-0.0299,2.7085,-1.305,4.85,4.95,2.71,down,2.87,2026-09-21T15:16:38,-31.2575,4.17499995231628,339.465,2026-09-21 19:44:12,2026-09-21 15:45:04
AAPL,AAPL261002P00335000,AAPL,2026-10-02,P,335.0,3.4,119.0,3.65,769.0,0.2406,1015.0,2721.0,-0.358,0.0266,0.2206,-0.2442,-0.0354,3.4729,-1.675,5.3,6.25,3.5,no_change,3.5,2026-09-21T15:28:21,-32.3671,5.17499995231628,339.465,2026-09-21 19:44:12,2026-09-21 15:45:04
AAPL,AAPL261002P00337500,AAPL,2026-10-02,P,337.5,4.35,32.0,4.65,568.0,0.2386,175.0,1193.0,-0.4262,0.0284,0.2313,-0.2536,-0.041,4.4088,-1.875,7.0,7.53,4.44,up,4.55,2026-09-21T15:26:30,-29.1829,6.42499995231628,339.465,2026-09-21 19:44:12,2026-09-21 15:45:04
AAPL,AAPL261002P00340000,AAPL,2026-10-02,P,340.0,5.45,69.0,5.65,536.0,0.2324,362.0,640.0,-0.4984,0.0294,0.2352,-0.2555,-0.0465,5.5309,-2.2,8.09,9.0,5.6,down,5.6,2026-09-21T15:28:58,-28.2051,7.79999995231628,339.465,2026-09-21 19:44:12,2026-09-21 15:45:04
AAPL,AAPL261002P00342500,AAPL,2026-10-02,P,342.5,6.75,21.0,7.2,562.0,0.2345,29.0,14.0,-0.5721,0.0294,0.2314,-0.249,-0.0516,6.8477,-2.08,10.51,10.8,7.2,down,7.27,2026-09-21T14:48:24,-22.246,9.34999990463257,339.465,2026-09-21 19:44:12,2026-09-21 15:45:04
AAPL,AAPL261002P00345000,AAPL,2026-10-02,P,345.0,8.25,21.0,8.7,464.0,0.2322,1057.0,581.0,-0.6445,0.0283,0.2199,-0.2347,-0.0554,8.3599,-2.315,12.25,12.25,8.61,no_change,8.71,2026-09-21T15:17:24,-20.9977,11.0250000953674,339.465,2026-09-21 19:44:12,2026-09-21 15:45:04
AAPL,AAPL261002P00347500,AAPL,2026-10-02,P,347.5,9.9,45.0,11.05,122.0,0.2458,26.0,0.0,-0.7128,0.0264,0.2015,-0.214,-0.0575,10.0604,0.0,0.0,0.0,0.0,no_change,13.93,2026-09-18T13:07:22,0.0,12.7249999046326,339.465,2026-09-21 19:44:12,2026-09-21 15:45:04
AAPL,AAPL261002P00350000,AAPL,2026-10-02,P,350.0,11.2,316.0,12.5,316.0,0.2195,79.0,2.0,-0.7748,0.0237,0.1779,-0.1891,-0.0577,11.9343,-2.975,12.05,12.05,12.05,no_change,12.05,2026-09-21T15:28:21,-19.8003,15.0249996185303,339.465,2026-09-21 19:44:12,2026-09-21 15:45:04
AAPL,AAPL261002P00352500,AAPL,2026-10-02,P,352.5,13.75,31.0,15.2,113.0,0.2565,0.0,0.0,-0.829,0.0207,0.1511,-0.1622,-0.056,13.9607,0.0,0.0,0.0,0.0,no_change,0.0,,0.0,17.5499992370605,339.465,2026-09-21 19:44:12,2026-09-21 15:45:04
AAPL,AAPL261002P00355000,AAPL,2026-10-02,P,355.0,15.85,72.0,17.5,99.0,0.2654,25.0,0.0,-0.8748,0.0174,0.1232,-0.1353,-0.0519,16.1154,0.0,0.0,0.0,0.0,up,21.5,2026-09-18T10:13:19,0.0,19.4250001907349,339.465,2026-09-21 19:44:12,2026-09-21 15:45:04
AAPL,AAPL261002P00357500,AAPL,2026-10-02,P,357.5,18.2,10.0,19.5,84.0,0.2676,32.0,20.0,-0.9121,0.0144,0.0961,-0.1099,-0.0452,18.3736,1.85,23.5,23.5,23.5,no_change,23.5,2026-09-21T09:36:45,8.54503,21.6500005722046,339.465,2026-09-21 19:44:12,2026-09-21 15:45:04
AAPL,AAPL261002P00360000,AAPL,2026-10-02,P,360.0,20.5,10.0,22.55,79.0,0.3061,4.0,1.0,-0.942,0.0117,0.0708,-0.0873,-0.0357,20.7124,-3.39,21.21,21.21,21.21,down,21.21,2026-09-21T12:18:34,-13.7805,24.5999994277954,339.465,2026-09-21 19:44:12,2026-09-21 15:45:04
AAPL,AAPL261002P00362500,AAPL,2026-10-02,P,362.5,23.0,10.0,24.95,31.0,0.3264,0.0,0.0,-0.9655,0.0094,0.048,-0.0678,-0.0233,23.1132,0.0,0.0,0.0,0.0,no_change,0.0,,0.0,26.9250001907349,339.465,2026-09-21 19:44:12,2026-09-21 15:45:04
AAPL,AAPL261002P00365000,AAPL,2026-10-02,P,365.0,25.3,16.0,27.05,30.0,0.3224,13.0,0.0,-0.9829,0.0067,0.0282,-0.05,-0.0115,25.561,0.0,0.0,0.0,0.0,no_change,31.58,2026-09-18T10:23:19,0.0,28.7250003814697,339.465,2026-09-21 19:44:12,2026-09-21 15:45:04
AAPL,AAPL261002P00367500,AAPL,2026-10-02,P,367.5,27.85,16.0,29.85,22.0,0.3616,0.0,0.0,-0.9934,0.0035,0.0115,-0.0402,-0.0086,28.0418,0.0,0.0,0.0,0.0,no_change,0.0,,0.0,31.8500003814697,339.465,2026-09-21 19:44:12,2026-09-21 15:45:04
AAPL,AAPL261002P00370000,AAPL,2026-10-02,P,370.0,30.1,67.0,32.45,22.0,0.3762,1.0,0.0,-0.998,0.0013,0.0023,-0.0367,-0.0016,30.5367,0.0,0.0,0.0,0.0,down,52.7,2026-08-20T09:55:35,0.0,34.3250007629394,339.465,2026-09-21 19:44:12,2026-09-21 15:45:04
AAPL,AAPL261002P00375000,AAPL,2026-10-02,P,375.0,35.15,36.0,37.4,156.0,0.4186,0.0,10.0,-1.0,0.0,0.0,-0.0358,0.0,35.5357,-1.575,38.0,38.0,38.0,down,38.0,2026-09-21T10:06:55,-3.97979,39.5750007629394,339.465,2026-09-21 19:44:12,2026-09-21 15:45:04
AAPL,AAPL261002P00380000,AAPL,2026-10-02,P,380.0,40.15,50.0,42.35,22.0,0.4566,0.0,0.0,-1.0,0.0,0.0,-0.0358,0.0,40.5357,0.0,0.0,0.0,0.0,down,45.74,2026-09-11T12:28:22,0.0,44.3500003814697,339.465,2026-09-21 19:44:12,2026-09-21 15:45:04
AAPL,AAPL261002P00385000,AAPL,2026-10-02,P,385.0,45.35,11.0,47.45,22.0,0.5136,0.0,0.0,-1.0,0.0,0.0,-0.0358,0.0,45.5357,0.0,0.0,0.0,0.0,no_change,0.0,,0.0,49.4250011444092,339.465,2026-09-21 19:44:12,2026-09-21 15:45:04
AAPL,AAPL261002P00390000,AAPL,2026-10-02,P,390.0,50.25,17.0,52.5,22.0,0.5497,0.0,0.0,-1.0,0.0,0.0,-0.0358,0.0,50.5357,0.0,0.0,0.0,0.0,no_change,0.0,,0.0,54.3500003814697,339.465,2026-09-21 19:44:12,2026-09-21 15:45:04
AAPL,AAPL261002P00395000,AAPL,2026-10-02,P,395.0,55.15,50.0,57.4,22.0,0.5747,0.0,0.0,-1.0,0.0,0.0,-0.0358,0.0,55.5357,0.0,0.0,0.0,0.0,no_change,0.0,,0.0,59.3500003814697,339.465,2026-09-21 19:44:12,2026-09-21 15:45:04
AAPL,AAPL261002P00400000,AAPL,2026-10-02,P,400.0,60.25,28.0,62.45,33.0,0.6211,0.0,0.0,-1.0,0.0,0.0,-0.0358,0.0,60.5357,0.0,0.0,0.0,0.0,no_change,0.0,,0.0,64.5749988555908,339.465,2026-09-21 19:44:12,2026-09-21 15:45:04
AAPL,AAPL261002P00405000,AAPL,2026-10-02,P,405.0,65.15,49.0,67.5,22.0,0.6535,0.0,0.0,-1.0,0.0,0.0,-0.0358,0.0,65.5357,0.0,0.0,0.0,0.0,no_change,0.0,,0.0,69.3499984741211,339.465,2026-09-21 19:44:12,2026-09-21 15:45:04
AAPL,AAPL261002P00410000,AAPL,2026-10-02,P,410.0,70.35,10.0,72.4,10.0,0.6954,0.0,0.0,-1.0,0.0,0.0,-0.0358,0.0,70.5357,0.0,0.0,0.0,0.0,no_change,0.0,,0.0,74.4749984741211,339.465,2026-09-21 19:44:12,2026-09-21 15:45:04
AAPL,AAPL261002P00415000,AAPL,2026-10-02,P,415.0,75.35,10.0,77.45,12.0,0.7333,0.0,0.0,-1.0,0.0,0.0,-0.0358,0.0,75.5357,0.0,0.0,0.0,0.0,no_change,0.0,,0.0,79.2999992370606,339.465,2026-09-21 19:44:12,2026-09-21 15:45:04
AAPL,AAPL261005C00260000,AAPL,2026-10-05,C,260.0,78.35,91.0,81.7,9.0,0.6121,0.0,0.0,0.9966,0.0003,0.0067,0.0,0.0991,79.9033,0.0,0.0,0.0,0.0,no_change,0.0,,0.0,0.0,339.465,2026-09-21 19:44:12,2026-09-21 15:45:04
AAPL,AAPL261005C00265000,AAPL,2026-10-05,C,265.0,73.35,105.0,76.55,13.0,0.52,0.0,0.0,0.9959,0.0004,0.008,-0.0017,0.1009,74.9178,0.0,0.0,0.0,0.0,no_change,0.0,,0.0,0.0,339.465,2026-09-21 19:44:12,2026-09-21 15:45:04
AAPL,AAPL261005C00270000,AAPL,2026-10-05,C,270.0,67.85,93.0,71.6,8.0,0.0,0.0,0.0,0.995,0.0005,0.0098,-0.0043,0.1027,69.9342,0.0,0.0,0.0,0.0,no_change,0.0,,0.0,0.0,339.465,2026-09-21 19:44:12,2026-09-21 15:45:04
AAPL,AAPL261005C00275000,AAPL,2026-10-05,C,275.0,63.4,101.0,66.75,17.0,0.5083,0.0,0.0,0.9937,0.0006,0.012,-0.0074,0.1044,64.9532,0.0,0.0,0.0,0.0,no_change,0.0,,0.0,0.0,339.465,2026-09-21 19:44:12,2026-09-21 15:45:04
AAPL,AAPL261005C00280000,AAPL,2026-10-05,C,280.0,58.4,104.0,61.05,7.0,0.0,0.0,0.0,0.992,0.0008,0.015,-0.0111,0.1061,59.9758,0.0,0.0,0.0,0.0,no_change,0.0,,0.0,0.0,339.465,2026-09-21 19:44:12,2026-09-21 15:45:04
AAPL,AAPL261005C00285000,AAPL,2026-10-05,C,285.0,52.95,109.0,56.7,6.0,0.0,0.0,0.0,0.9896,0.001,0.0189,-0.0157,0.1077,55.0036,0.0,0.0,0.0,0.0,no_change,0.0,,0.0,0.0,339.465,2026-09-21 19:44:12,2026-09-21 15:45:04
AAPL,AAPL261005C00290000,AAPL,2026-10-05,C,290.0,48.5,104.0,51.8,6.0,0.4112,0.0,0.0,0.9863,0.0014,0.0241,-0.0214,0.1092,50.0384,0.0,0.0,0.0,0.0,no_change,0.0,,0.0,0.0,339.465,2026-09-21 19:44:12,2026-09-21 15:45:04
AAPL,AAPL261005C00295000,AAPL,2026-10-05,C,295.0,43.55,156.0,46.7,44.0,0.3639,0.0,5.0,0.9816,0.0019,0.031,-0.0285,0.1105,45.0836,43.25,43.25,43.25,43.25,up,43.25,2026-09-21T14:34:13,0.0,0.0,339.465,2026-09-21 19:44:12,2026-09-21 15:45:04
AAPL,AAPL261005C00300000,AAPL,2026-10-05,C,300.0,38.6,111.0,41.7,6.0,0.3312,0.0,0.0,0.9749,0.0026,0.0403,-0.0374,0.1115,40.144,0.0,0.0,0.0,0.0,no_change,0.0,,0.0,0.0,339.465,2026-09-21 19:44:12,2026-09-21 15:45:04
AAPL,AAPL261005C00305000,AAPL,2026-10-05,C,305.0,33.7,111.0,36.95,7.0,0.3266,0.0,0.0,0.9651,0.0037,0.0529,-0.0486,0.1122,35.2282,0.0,0.0,0.0,0.0,no_change,0.0,,0.0,0.0,339.465,2026-09-21 19:44:12,2026-09-21 15:45:04
AAPL,AAPL261005C00310000,AAPL,2026-10-05,C,310.0,28.8,126.0,32.05,6.0,0.2995,0.0,0.0,0.9504,0.0053,0.0703,-0.0633,0.1121,30.3526,0.0,0.0,0.0,0.0,no_change,0.0,,0.0,0.0,339.465,2026-09-21 19:44:12,2026-09-21 15:45:04
AAPL,AAPL261005C00315000,AAPL,2026-10-05,C,315.0,24.0,111.0,27.3,14.0,0.2817,0.0,0.0,0.9272,0.0076,0.0945,-0.0829,0.111,25.5492,0.0,0.0,0.0,0.0,no_change,0.0,,0.0,0.0,339.465,2026-09-21 19:44:12,2026-09-21 15:45:04
AAPL,AAPL261005C00320000,AAPL,2026-10-05,C,320.0,19.7,385.0,21.95,119.0,0.2512,0.0,2.0,0.8903,0.011,0.1274,-0.109,0.108,20.8774,19.0,18.0,19.0,18.0,up,19.0,2026-09-21T11:15:42,0.0,0.0,339.465,2026-09-21 19:44:12,2026-09-21 15:45:04
AAPL,AAPL261005C00325000,AAPL,2026-10-05,C,325.0,14.9,414.0,17.05,23.0,0.2134,0.0,1.0,0.8329,0.0154,0.1687,-0.1413,0.1022,16.4342,14.9,14.9,14.9,14.9,up,14.9,2026-09-21T10:10:16,0.0,0.0,339.465,2026-09-21 19:44:12,2026-09-21 15:45:04
AAPL,AAPL261005C00330000,AAPL,2026-10-05,C,330.0,10.9,212.0,12.95,60.0,0.2125,0.0,15.0,0.7492,0.0204,0.2134,-0.1754,0.0929,12.3544,11.77,10.55,11.77,8.2,no_change,11.77,2026-09-21T14:36:02,0.0,0.0,339.465,2026-09-21 19:44:12,2026-09-21 15:45:04
AAPL,AAPL261005C00335000,AAPL,2026-10-05,C,335.0,8.2,86.0,8.8,20.0,0.2144,0.0,297.0,0.6386,0.0248,0.2499,-0.2022,0.0798,8.7894,8.34,6.25,9.0,5.5,down,8.34,2026-09-21T15:29:04,0.0,0.0,339.465,2026-09-21 19:44:12,2026-09-21 15:45:04
AAPL,AAPL261005C00340000,AAPL,2026-10-05,C,340.0,5.45,366.0,5.9,1.0,0.2135,0.0,62.0,0.5089,0.027,0.2656,-0.2112,0.064,5.8684,5.47,3.5,5.75,3.5,up,5.47,2026-09-21T15:00:42,0.0,0.0,339.465,2026-09-21 19:44:12,2026-09-21 15:45:04
AAPL,AAPL261005C00345000,AAPL,2026-10-05,C,345.0,2.95,378.0,3.6,1.0,0.202,0.0,113.0,0.375,0.0261,0.253,-0.1972,0.0473,3.6533,3.35,2.73,3.45,2.64,no_change,3.35,2026-09-21T15:18:51,0.0,0.0,339.465,2026-09-21 19:44:12,2026-09-21 15:45:04
AAPL,AAPL261005C00350000,AAPL,2026-10-05,C,350.0,1.83,184.0,2.36,679.0,0.2138,0.0,32.0,0.254,0.0223,0.2151,-0.1637,0.0321,2.1147,2.0,1.25,2.1,1.25,down,2.0,2026-09-21T15:06:05,0.0,0.0,339.465,2026-09-21 19:44:12,2026-09-21 15:45:04
AAPL,AAPL261005C00355000,AAPL,2026-10-05,C,355.0,0.97,179.0,1.32,482.0,0.2138,0.0,10.0,0.1581,0.0169,0.1636,-0.1212,0.02,1.1417,1.14,0.97,1.35,0.92,down,1.14,2026-09-21T15:22:22,0.0,0.0,339.465,2026-09-21 19:44:12,2026-09-21 15:45:04
AAPL,AAPL261005C00360000,AAPL,2026-10-05,C,360.0,0.48,178.0,0.6,1.0,0.21,0.0,6.0,0.0913,0.0115,0.1126,-0.0811,0.0115,0.5817,0.55,0.49,0.55,0.49,up,0.55,2026-09-21T15:01:07,0.0,0.0,339.465,2026-09-21 19:44:12,2026-09-21 15:45:04
AAPL,AAPL261005C00365000,AAPL,2026-10-05,C,365.0,0.0,0.0,0.44,642.0,0.2052,0.0,0.0,0.0499,0.0071,0.0718,-0.0504,0.0063,0.2865,0.0,0.0,0.0,0.0,no_change,0.0,,0.0,0.0,339.465,2026-09-21 19:44:12,2026-09-21 15:45:04
AAPL,AAPL261005C00370000,AAPL,2026-10-05,C,370.0,0.0,0.0,0.57,325.0,0.2481,0.0,0.0,0.0268,0.0042,0.0439,-0.0302,0.0034,0.1419,0.0,0.0,0.0,0.0,no_change,0.0,,0.0,0.0,339.465,2026-09-21 19:44:12,2026-09-21 15:45:04
AAPL,AAPL261005C00375000,AAPL,2026-10-05,C,375.0,0.0,0.0,2.17,434.0,0.3727,0.0,0.0,0.0149,0.0025,0.027,-0.0185,0.0018,0.0748,0.0,0.0,0.0,0.0,no_change,0.0,,0.0,0.0,339.465,2026-09-21 19:44:12,2026-09-21 15:45:04
AAPL,AAPL261005C00380000,AAPL,2026-10-05,C,380.0,0.0,0.0,1.6,316.0,0.3807,0.0,0.0,0.009,0.0015,0.0177,-0.0123,0.0011,0.0446,0.0,0.0,0.0,0.0,no_change,0.0,,0.0,0.0,339.465,2026-09-21 19:44:12,2026-09-21 15:45:04
AAPL,AAPL261005C00385000,AAPL,2026-10-05,C,385.0,0.0,0.0,2.13,399.0,0.4424,0.0,0.0,0.0062,0.001,0.0128,-0.0092,0.0008,0.0311,0.0,0.0,0.0,0.0,no_change,0.0,,0.0,0.0,339.465,2026-09-21 19:44:12,2026-09-21 15:45:04
AAPL,AAPL261005C00390000,AAPL,2026-10-05,C,390.0,0.0,0.0,2.13,403.0,0.4765,0.0,0.0,0.0048,0.0008,0.0101,-0.0077,0.0006,0.0248,0.0,0.0,0.0,0.0,no_change,0.0,,0.0,0.0,339.465,2026-09-21 19:44:12,2026-09-21 15:45:04
AAPL,AAPL261005C00395000,AAPL,2026-10-05,C,395.0,0.0,0.0,2.13,401.0,0.5095,0.0,0.0,0.004,0.0006,0.0086,-0.0069,0.0005,0.0216,0.0,0.0,0.0,0.0,no_change,0.0,,0.0,0.0,339.465,2026-09-21 19:44:12,2026-09-21 15:45:04
AAPL,AAPL261005C00400000,AAPL,2026-10-05,C,400.0,0.0,0.0,2.13,393.0,0.5417,0.0,0.0,0.0035,0.0005,0.0075,-0.0065,0.0004,0.0198,0.0,0.0,0.0,0.0,no_change,0.0,,0.0,0.0,339.465,2026-09-21 19:44:12,2026-09-21 15:45:04
AAPL,AAPL261005C00405000,AAPL,2026-10-05,C,405.0,0.0,0.0,2.13,399.0,0.5731,0.0,0.0,0.0031,0.0004,0.0068,-0.0062,0.0004,0.0186,0.0,0.0,0.0,0.0,no_change,0.0,,0.0,0.0,339.465,2026-09-21 19:44:12,2026-09-21 15:45:04
AAPL,AAPL261005P00260000,AAPL,2026-10-05,P,260.0,0.0,0.0,2.14,136.0,0.8427,0.0,0.0,-0.0032,0.0003,0.0067,-0.0103,-0.0004,0.0323,0.0,0.0,0.0,0.0,no_change,0.0,,0.0,0.0,339.465,2026-09-21 19:44:12,2026-09-21 15:45:04
AAPL,AAPL261005P00265000,AAPL,2026-10-05,P,265.0,0.0,0.0,2.14,145.0,0.7933,0.0,0.0,-0.004,0.0004,0.008,-0.0118,-0.0005,0.0383,0.0,0.0,0.0,0.0,no_change,0.0,,0.0,0.0,339.465,2026-09-21 19:44:12,2026-09-21 15:45:04
AAPL,AAPL261005P00270000,AAPL,2026-10-05,P,270.0,0.0,0.0,2.15,182.0,0.7451,0.0,0.0,-0.0049,0.0005,0.0098,-0.0138,-0.0006,0.0462,0.0,0.0,0.0,0.0,no_change,0.0,,0.0,0.0,339.465,2026-09-21 19:44:12,2026-09-21 15:45:04
AAPL,AAPL261005P00275000,AAPL,2026-10-05,P,275.0,0.0,0.0,2.16,192.0,0.6974,0.0,0.0,-0.0062,0.0006,0.012,-0.0162,-0.0008,0.0566,0.0,0.0,0.0,0.0,no_change,0.0,,0.0,0.0,339.465,2026-09-21 19:44:12,2026-09-21 15:45:04
AAPL,AAPL261005P00280000,AAPL,2026-10-05,P,280.0,0.0,0.0,1.03,284.0,0.5593,0.0,0.0,-0.0079,0.0008,0.015,-0.0193,-0.001,0.0707,0.0,0.0,0.0,0.0,no_change,0.0,,0.0,0.0,339.465,2026-09-21 19:44:12,2026-09-21 15:45:04
AAPL,AAPL261005P00285000,AAPL,2026-10-05,P,285.0,0.0,0.0,2.2,360.0,0.6042,0.0,0.0,-0.0103,0.001,0.0189,-0.0232,-0.0013,0.0899,0.0,0.0,0.0,0.0,no_change,0.0,,0.0,0.0,339.465,2026-09-21 19:44:12,2026-09-21 15:45:04
AAPL,AAPL261005P00290000,AAPL,2026-10-05,P,290.0,0.01,160.0,0.16,254.0,0.3569,0.0,12.0,-0.0136,0.0014,0.0241,-0.0282,-0.0017,0.1162,0.09,0.19,0.19,0.08,no_change,0.09,2026-09-21T15:21:32,0.0,0.0,339.465,2026-09-21 19:44:12,2026-09-21 15:45:04
AAPL,AAPL261005P00295000,AAPL,2026-10-05,P,295.0,0.02,204.0,0.21,153.0,0.3366,0.0,0.0,-0.0183,0.0019,0.031,-0.0347,-0.0023,0.1529,0.0,0.0,0.0,0.0,no_change,0.0,,0.0,0.0,339.465,2026-09-21 19:44:12,2026-09-21 15:45:04
AAPL,AAPL261005P00300000,AAPL,2026-10-05,P,300.0,0.0,0.0,0.33,279.0,0.3185,0.0,0.0,-0.025,0.0026,0.0403,-0.0429,-0.0032,0.2048,0.0,0.0,0.0,0.0,no_change,0.0,,0.0,0.0,339.465,2026-09-21 19:44:12,2026-09-21 15:45:04
AAPL,AAPL261005P00305000,AAPL,2026-10-05,P,305.0,0.0,0.0,0.44,299.0,0.296,0.0,0.0,-0.0348,0.0037,0.053,-0.0535,-0.0044,0.2806,0.0,0.0,0.0,0.0,no_change,0.0,,0.0,0.0,339.465,2026-09-21 19:44:12,2026-09-21 15:45:04
AAPL,AAPL261005P00310000,AAPL,2026-10-05,P,310.0,0.3,78.0,0.47,373.0,0.2874,0.0,57.0,-0.0496,0.0053,0.0704,-0.0675,-0.0063,0.3966,0.38,0.45,0.65,0.38,down,0.38,2026-09-21T12:09:39,0.0,0.0,339.465,2026-09-21 19:44:12,2026-09-21 15:45:04
AAPL,AAPL261005P00315000,AAPL,2026-10-05,P,315.0,0.5,21.0,0.93,355.0,0.2846,0.0,3.0,-0.0729,0.0076,0.0946,-0.0865,-0.0092,0.5852,0.98,0.98,0.98,0.98,up,0.98,2026-09-21T09:40:52,0.0,0.0,339.465,2026-09-21 19:44:12,2026-09-21 15:45:04
AAPL,AAPL261005P00320000,AAPL,2026-10-05,P,320.0,0.76,236.0,1.04,302.0,0.255,0.0,6.0,-0.1099,0.011,0.1276,-0.1121,-0.0138,0.9059,1.0,0.99,1.01,0.9,up,1.0,2026-09-21T13:42:04,0.0,0.0,339.465,2026-09-21 19:44:12,2026-09-21 15:45:04
AAPL,AAPL261005P00325000,AAPL,2026-10-05,P,325.0,1.27,120.0,1.92,583.0,0.2511,0.0,6.0,-0.1676,0.0155,0.1692,-0.1441,-0.021,1.456,1.3,1.65,1.65,1.3,down,1.3,2026-09-21T13:23:09,0.0,0.0,339.465,2026-09-21 19:44:12,2026-09-21 15:45:04
AAPL,AAPL261005P00330000,AAPL,2026-10-05,P,330.0,2.34,1.0,2.82,616.0,0.2429,0.0,62.0,-0.252,0.0206,0.2136,-0.178,-0.0309,2.3722,2.7,2.95,3.03,2.43,up,2.7,2026-09-21T14:49:26,0.0,0.0,339.465,2026-09-21 19:44:12,2026-09-21 15:45:04
AAPL,AAPL261005P00335000,AAPL,2026-10-05,P,335.0,3.5,162.0,4.7,577.0,0.2377,0.0,99.0,-0.3635,0.025,0.2502,-0.2049,-0.0431,3.8072,4.05,4.56,5.3,3.91,down,4.05,2026-09-21T14:55:21,0.0,0.0,339.465,2026-09-21 19:44:12,2026-09-21 15:45:04
AAPL,AAPL261005P00340000,AAPL,2026-10-05,P,340.0,5.65,70.0,6.4,374.0,0.2257,0.0,34.0,-0.4949,0.0274,0.2651,-0.2142,-0.0557,5.893,6.3,7.5,7.5,6.0,up,6.3,2026-09-21T15:00:42,0.0,0.0,339.465,2026-09-21 19:44:12,2026-09-21 15:45:04
AAPL,AAPL261005P00345000,AAPL,2026-10-05,P,345.0,8.2,76.0,10.15,382.0,0.2361,0.0,20.0,-0.6313,0.0267,0.2507,-0.2006,-0.067,8.6954,9.2,9.83,9.83,9.0,up,9.2,2026-09-21T14:55:13,0.0,0.0,339.465,2026-09-21 19:44:12,2026-09-21 15:45:04
AAPL,AAPL261005P00350000,AAPL,2026-10-05,P,350.0,11.45,87.0,13.75,81.0,0.2341,0.0,2.0,-0.7557,0.0231,0.209,-0.1678,-0.0712,12.1892,14.25,14.25,14.25,14.25,up,14.25,2026-09-21T11:13:37,0.0,0.0,339.465,2026-09-21 19:44:12,2026-09-21 15:45:04
AAPL,AAPL261005P00355000,AAPL,2026-10-05,P,355.0,15.6,324.0,17.75,178.0,0.2392,0.0,1.0,-0.8562,0.0179,0.1521,-0.1267,-0.0653,16.2676,17.8,17.8,17.8,17.8,up,17.8,2026-09-21T10:39:45,0.0,0.0,339.465,2026-09-21 19:44:12,2026-09-21 15:45:04
AAPL,AAPL261005P00360000,AAPL,2026-10-05,P,360.0,19.75,140.0,22.95,36.0,0.2636,0.0,0.0,-0.9282,0.0127,0.0934,-0.0874,-0.0493,20.7808,0.0,0.0,0.0,0.0,no_change,0.0,,0.0,0.0,339.465,2026-09-21 19:44:12,2026-09-21 15:45:04
AAPL,AAPL261005P00365000,AAPL,2026-10-05,P,365.0,25.1,91.0,27.7,15.0,0.3095,0.0,0.0,-0.975,0.0083,0.0427,-0.0557,-0.0203,25.5795,0.0,0.0,0.0,0.0,no_change,0.0,,0.0,0.0,339.465,2026-09-21 19:44:12,2026-09-21 15:45:04
AAPL,AAPL261005P00370000,AAPL,2026-10-05,P,370.0,29.65,128.0,32.7,18.0,0.3303,0.0,0.0,-0.996,0.0023,0.0053,-0.0438,-0.0037,30.5381,0.0,0.0,0.0,0.0,no_change,0.0,,0.0,0.0,339.465,2026-09-21 19:44:12,2026-09-21 15:45:04
AAPL,AAPL261005P00375000,AAPL,2026-10-05,P,375.0,34.6,103.0,37.7,10.0,0.3652,0.0,0.0,-0.9999,0.0,0.0,-0.0432,0.0,35.5357,0.0,0.0,0.0,0.0,no_change,0.0,,0.0,0.0,339.465,2026-09-21 19:44:12,2026-09-21 15:45:04
AAPL,AAPL261005P00380000,AAPL,2026-10-05,P,380.0,39.45,101.0,42.7,17.0,0.3927,0.0,0.0,-1.0,0.0,0.0,-0.0432,0.0,40.5357,0.0,0.0,0.0,0.0,no_change,0.0,,0.0,0.0,339.465,2026-09-21 19:44:12,2026-09-21 15:45:04
AAPL,AAPL261005P00385000,AAPL,2026-10-05,P,385.0,44.8,79.0,47.7,19.0,0.4469,0.0,0.0,-1.0,0.0,0.0,-0.0432,0.0,45.5357,0.0,0.0,0.0,0.0,no_change,0.0,,0.0,0.0,339.465,2026-09-21 19:44:12,2026-09-21 15:45:04
AAPL,AAPL261005P00390000,AAPL,2026-10-05,P,390.0,49.6,100.0,52.7,15.0,0.4696,0.0,0.0,-1.0,0.0,0.0,-0.0432,0.0,50.5357,0.0,0.0,0.0,0.0,no_change,0.0,,0.0,0.0,339.465,2026-09-21 19:44:12,2026-09-21 15:45:04
AAPL,AAPL261005P00395000,AAPL,2026-10-05,P,395.0,54.4,103.0,57.7,16.0,0.4897,0.0,0.0,-1.0,0.0,0.0,-0.0432,0.0,55.5357,0.0,0.0,0.0,0.0,no_change,0.0,,0.0,0.0,339.465,2026-09-21 19:44:12,2026-09-21 15:45:04
AAPL,AAPL261005P00400000,AAPL,2026-10-05,P,400.0,59.85,76.0,62.7,14.0,0.55,0.0,0.0,-1.0,0.0,0.0,-0.0432,0.0,60.5357,0.0,0.0,0.0,0.0,no_change,0.0,,0.0,0.0,339.465,2026-09-21 19:44:12,2026-09-21 15:45:04
AAPL,AAPL261005P00405000,AAPL,2026-10-05,P,405.0,64.8,77.0,67.7,12.0,0.5786,0.0,0.0,-1.0,0.0,0.0,-0.0432,0.0,65.5357,0.0,0.0,0.0,0.0,no_change,0.0,,0.0,0.0,339.465,2026-09-21 19:44:12,2026-09-21 15:45:04
AAPL,AAPL261009C00110000,AAPL,2026-10-09,C,110.0,227.65,87.0,231.0,1.0,0.0,0.0,0.0,0.9998,0.0,0.0,0.0,0.0601,229.6872,0.0,0.0,0.0,0.0,no_change,0.0,,0.0,226.400001525879,339.465,2026-09-21 19:44:12,2026-09-21 15:45:04
AAPL,AAPL261009C00120000,AAPL,2026-10-09,C,120.0,217.7,87.0,221.0,1.0,0.0,1.0,0.0,0.9998,0.0,0.0,0.0,0.0655,219.7118,0.0,0.0,0.0,0.0,up,213.52,2026-09-11T15:14:11,0.0,216.450004577637,339.465,2026-09-21 19:44:12,2026-09-21 15:45:04
AAPL,AAPL261009C00125000,AAPL,2026-10-09,C,125.0,212.7,87.0,216.0,1.0,0.0,0.0,0.0,0.9998,0.0,0.0001,0.0,0.0683,214.7242,0.0,0.0,0.0,0.0,no_change,0.0,,0.0,211.450004577637,339.465,2026-09-21 19:44:12,2026-09-21 15:45:04
AAPL,AAPL261009C00130000,AAPL,2026-10-09,C,130.0,207.7,87.0,211.05,1.0,0.0,0.0,0.0,0.9998,0.0,0.0001,0.0,0.071,209.7366,0.0,0.0,0.0,0.0,no_change,0.0,,0.0,206.450004577637,339.465,2026-09-21 19:44:12,2026-09-21 15:45:04
AAPL,AAPL261009C00135000,AAPL,2026-10-09,C,135.0,202.7,87.0,206.0,1.0,0.0,0.0,0.0,0.9998,0.0,0.0001,0.0,0.0737,204.749,0.0,0.0,0.0,0.0,no_change,0.0,,0.0,201.5,339.465,2026-09-21 19:44:12,2026-09-21 15:45:04
AAPL,AAPL261009C00140000,AAPL,2026-10-09,C,140.0,197.75,87.0,201.05,1.0,0.0,0.0,0.0,0.9998,0.0,0.0002,0.0,0.0765,199.7614,0.0,0.0,0.0,0.0,no_change,0.0,,0.0,196.5,339.465,2026-09-21 19:44:12,2026-09-21 15:45:04
AAPL,AAPL261009C00145000,AAPL,2026-10-09,C,145.0,192.75,87.0,196.05,1.0,0.0,0.0,0.0,0.9998,0.0,0.0002,0.0,0.0792,194.7739,0.0,0.0,0.0,0.0,no_change,0.0,,0.0,191.5,339.465,2026-09-21 19:44:12,2026-09-21 15:45:04
AAPL,AAPL261009C00150000,AAPL,2026-10-09,C,150.0,188.3,76.0,191.1,1.0,0.0,0.0,0.0,0.9998,0.0,0.0002,0.0,0.0819,189.7865,0.0,0.0,0.0,0.0,no_change,0.0,,0.0,186.524993896484,339.465,2026-09-21 19:44:12,2026-09-21 15:45:04
AAPL,AAPL261009C00155000,AAPL,2026-10-09,C,155.0,182.75,87.0,186.05,1.0,0.0,0.0,0.0,0.9998,0.0,0.0003,0.0,0.0846,184.799,0.0,0.0,0.0,0.0,no_change,0.0,,0.0,181.524993896484,339.465,2026-09-21 19:44:12,2026-09-21 15:45:04
AAPL,AAPL261009C00160000,AAPL,2026-10-09,C,160.0,177.75,87.0,181.1,1.0,0.0,0.0,0.0,0.9997,0.0,0.0004,0.0,0.0874,179.8117,0.0,0.0,0.0,0.0,no_change,0.0,,0.0,176.574996948242,339.465,2026-09-21 19:44:12,2026-09-21 15:45:04
AAPL,AAPL261009C00165000,AAPL,2026-10-09,C,165.0,172.8,87.0,176.1,1.0,0.0,0.0,0.0,0.9997,0.0,0.0005,0.0,0.0901,174.8244,0.0,0.0,0.0,0.0,no_change,0.0,,0.0,171.549995422363,339.465,2026-09-21 19:44:12,2026-09-21 15:45:04
AAPL,AAPL261009C00170000,AAPL,2026-10-09,C,170.0,167.8,87.0,171.15,1.0,0.0,0.0,0.0,0.9997,0.0,0.0006,0.0,0.0928,169.8372,0.0,0.0,0.0,0.0,no_change,0.0,,0.0,166.574996948242,339.465,2026-09-21 19:44:12,2026-09-21 15:45:04
AAPL,AAPL261009C00175000,AAPL,2026-10-09,C,175.0,162.8,87.0,166.1,1.0,0.0,0.0,0.0,0.9996,0.0,0.0007,0.0,0.0955,164.85,0.0,0.0,0.0,0.0,no_change,0.0,,0.0,161.599998474121,339.465,2026-09-21 19:44:12,2026-09-21 15:45:04
AAPL,AAPL261009C00180000,AAPL,2026-10-09,C,180.0,157.8,87.0,161.55,12.0,0.0,0.0,0.0,0.9996,0.0,0.0008,0.0,0.0983,159.8629,0.0,0.0,0.0,0.0,no_change,0.0,,0.0,156.599998474121,339.465,2026-09-21 19:44:12,2026-09-21 15:45:04
AAPL,AAPL261009C00185000,AAPL,2026-10-09,C,185.0,152.85,87.0,156.15,1.0,0.0,0.0,0.0,0.9995,0.0,0.0009,0.0,0.101,154.8759,0.0,0.0,0.0,0.0,no_change,0.0,,0.0,151.599998474121,339.465,2026-09-21 19:44:12,2026-09-21 15:45:04
AAPL,AAPL261009C00190000,AAPL,2026-10-09,C,190.0,147.85,87.0,151.2,1.0,0.0,0.0,0.0,0.9995,0.0,0.0011,0.0,0.1037,149.8891,0.0,0.0,0.0,0.0,no_change,0.0,,0.0,146.625,339.465,2026-09-21 19:44:12,2026-09-21 15:45:04
AAPL,AAPL261009C00195000,AAPL,2026-10-09,C,195.0,142.85,92.0,146.15,2.0,0.0,1.0,0.0,0.9994,0.0,0.0013,0.0,0.1064,144.9023,0.0,0.0,0.0,0.0,up,141.39,2026-09-18T14:37:37,0.0,141.625,339.465,2026-09-21 19:44:12,2026-09-21 15:45:04
AAPL,AAPL261009C00200000,AAPL,2026-10-09,C,200.0,137.85,87.0,141.5,1.0,0.0,0.0,0.0,0.9993,0.0,0.0015,0.0,0.1091,139.9157,0.0,0.0,0.0,0.0,no_change,0.0,,0.0,136.650001525879,339.465,2026-09-21 19:44:12,2026-09-21 15:45:04
AAPL,AAPL261009C00205000,AAPL,2026-10-09,C,205.0,132.9,92.0,136.2,1.0,0.0,0.0,0.0,0.9992,0.0,0.0018,0.0,0.1118,134.9292,0.0,0.0,0.0,0.0,no_change,0.0,,0.0,131.675003051758,339.465,2026-09-21 19:44:12,2026-09-21 15:45:04
AAPL,AAPL261009C00210000,AAPL,2026-10-09,C,210.0,128.45,123.0,131.2,1.0,0.0,0.0,1.0,0.9991,0.0,0.0021,0.0,0.1146,129.9428,1.385,128.06,128.06,128.06,up,128.06,2026-09-21T12:45:01,1.09335,126.675003051758,339.465,2026-09-21 19:44:12,2026-09-21 15:45:04
AAPL,AAPL261009C00215000,AAPL,2026-10-09,C,215.0,122.9,92.0,126.25,1.0,0.0,16.0,0.0,0.9989,0.0001,0.0024,0.0,0.1173,124.9567,0.0,0.0,0.0,0.0,no_change,115.81,2026-09-15T13:35:51,0.0,121.675003051758,339.465,2026-09-21 19:44:12,2026-09-21 15:45:04
AAPL,AAPL261009C00220000,AAPL,2026-10-09,C,220.0,117.9,87.0,121.65,12.0,0.0,1.0,0.0,0.9988,0.0001,0.0028,0.0,0.12,119.9709,0.0,0.0,0.0,0.0,up,101.32,2026-09-04T10:49:07,0.0,116.700000762939,339.465,2026-09-21 19:44:12,2026-09-21 15:45:04
AAPL,AAPL261009C00225000,AAPL,2026-10-09,C,225.0,113.5,76.0,116.65,12.0,0.7602,1.0,0.0,0.9986,0.0001,0.0033,0.0,0.1227,114.9853,0.0,0.0,0.0,0.0,up,111.7,2026-09-17T13:08:08,0.0,111.724998474121,339.465,2026-09-21 19:44:12,2026-09-21 15:45:04
AAPL,AAPL261009C00230000,AAPL,2026-10-09,C,230.0,108.5,76.0,111.7,13.0,0.7333,0.0,0.0,0.9983,0.0001,0.0038,0.0,0.1254,110.0001,0.0,0.0,0.0,0.0,no_change,0.0,,0.0,106.75,339.465,2026-09-21 19:44:12,2026-09-21 15:45:04
AAPL,AAPL261009C00235000,AAPL,2026-10-09,C,235.0,103.5,84.0,106.65,11.0,0.6669,65.0,0.0,0.998,0.0001,0.0045,0.0,0.128,105.0155,0.0,0.0,0.0,0.0,no_change,101.7,2026-09-18T15:12:29,0.0,101.824996948242,339.465,2026-09-21 19:44:12,2026-09-21 15:45:04
AAPL,AAPL261009C00240000,AAPL,2026-10-09,C,240.0,98.55,76.0,101.3,2.0,0.0,1.0,0.0,0.9977,0.0002,0.0053,0.0,0.1307,100.0314,0.0,0.0,0.0,0.0,up,94.35,2026-09-17T11:50:04,0.0,96.7750015258789,339.465,2026-09-21 19:44:12,2026-09-21 15:45:04
AAPL,AAPL261009C00245000,AAPL,2026-10-09,C,245.0,93.55,81.0,96.3,2.0,0.0,4.0,0.0,0.9973,0.0002,0.0062,0.0,0.1333,95.0482,0.0,0.0,0.0,0.0,down,90.64,2026-09-18T12:06:01,0.0,91.7750015258789,339.465,2026-09-21 19:44:12,2026-09-21 15:45:04
AAPL,AAPL261009C00250000,AAPL,2026-10-09,C,250.0,88.0,92.0,91.35,2.0,0.0,3.0,0.0,0.9967,0.0002,0.0074,0.0,0.136,90.066,0.0,0.0,0.0,0.0,up,87.0,2026-09-18T09:37:50,0.0,86.8249969482422,339.465,2026-09-21 19:44:12,2026-09-21 15:45:04
AAPL,AAPL261009C00255000,AAPL,2026-10-09,C,255.0,83.0,92.0,86.35,1.0,0.0,20.0,0.0,0.996,0.0003,0.0089,0.0,0.1386,85.0852,0.0,0.0,0.0,0.0,down,62.69,2026-09-08T13:45:30,0.0,81.8499984741211,339.465,2026-09-21 19:44:12,2026-09-21 15:45:04
AAPL,AAPL261009C00260000,AAPL,2026-10-09,C,260.0,78.05,92.0,81.75,6.0,0.0,10.0,0.0,0.9951,0.0004,0.0107,-0.0011,0.1411,80.1063,0.0,0.0,0.0,0.0,down,73.7,2026-09-14T13:02:25,0.0,76.875,339.465,2026-09-21 19:44:12,2026-09-21 15:45:04
AAPL,AAPL261009C00265000,AAPL,2026-10-09,C,265.0,73.35,81.0,76.4,1.0,0.0,16.0,0.0,0.994,0.0005,0.013,-0.0039,0.1437,75.1299,0.0,0.0,0.0,0.0,up,66.97,2026-09-15T09:56:03,0.0,71.9000015258789,339.465,2026-09-21 19:44:12,2026-09-21 15:45:04
AAPL,AAPL261009C00270000,AAPL,2026-10-09,C,270.0,68.1,92.0,71.45,1.0,0.0,18.0,0.0,0.9925,0.0006,0.0159,-0.0071,0.1461,70.1567,0.0,0.0,0.0,0.0,up,62.06,2026-09-15T09:56:03,0.0,66.9250030517578,339.465,2026-09-21 19:44:12,2026-09-21 15:45:04
AAPL,AAPL261009C00275000,AAPL,2026-10-09,C,275.0,63.1,92.0,66.45,1.0,0.0,18.0,0.0,0.9905,0.0008,0.0197,-0.011,0.1485,65.1879,0.0,0.0,0.0,0.0,up,63.11,2026-09-17T15:17:10,0.0,62.0999984741211,339.465,2026-09-21 19:44:12,2026-09-21 15:45:04
AAPL,AAPL261009C00280000,AAPL,2026-10-09,C,280.0,58.15,228.0,61.5,19.0,0.0,256.0,4.0,0.9879,0.001,0.0244,-0.0155,0.1507,60.2249,2.075,59.1,59.1,59.1,up,59.1,2026-09-21T12:22:52,3.63875,57.0250015258789,339.465,2026-09-21 19:44:12,2026-09-21 15:45:04
AAPL,AAPL261009C00285000,AAPL,2026-10-09,C,285.0,53.8,152.0,56.4,10.0,0.0,79.0,50.0,0.9844,0.0014,0.0304,-0.0209,0.1528,55.2699,1.35,52.79,53.5,52.76,no_change,53.4,2026-09-21T10:30:45,2.59366,52.0500011444092,339.465,2026-09-21 19:44:12,2026-09-21 15:45:04
AAPL,AAPL261009C00290000,AAPL,2026-10-09,C,290.0,48.85,143.0,51.65,19.0,0.332,34.0,55.0,0.9796,0.0018,0.0382,-0.0273,0.1546,50.3259,2.745,47.8,49.87,47.77,no_change,49.87,2026-09-21T15:16:19,5.82493,47.125,339.465,2026-09-21 19:44:12,2026-09-21 15:45:04
AAPL,AAPL261009C00295000,AAPL,2026-10-09,C,295.0,43.95,319.0,45.75,10.0,0.0,160.0,56.0,0.9731,0.0024,0.0482,-0.0351,0.1561,45.3977,0.49,43.41,43.81,43.09,down,43.09,2026-09-21T10:46:40,1.15024,42.5999984741211,339.465,2026-09-21 19:44:12,2026-09-21 15:45:04
AAPL,AAPL261009C00300000,AAPL,2026-10-09,C,300.0,39.6,121.0,40.75,1.0,0.2189,96.0,68.0,0.9641,0.0032,0.0613,-0.0447,0.1572,40.493,2.23,38.49,39.73,38.24,up,39.73,2026-09-21T13:04:51,5.94667,37.5,339.465,2026-09-21 19:44:12,2026-09-21 15:45:04
AAPL,AAPL261009C00305000,AAPL,2026-10-09,C,305.0,34.5,174.0,36.15,82.0,0.2494,93.0,9.0,0.9511,0.0044,0.0785,-0.0566,0.1574,35.626,2.1,34.0,35.1,34.0,no_change,35.1,2026-09-21T15:17:43,6.36363,33.0000009536743,339.465,2026-09-21 19:44:12,2026-09-21 15:45:04
AAPL,AAPL261009C00310000,AAPL,2026-10-09,C,310.0,29.6,417.0,31.35,91.0,0.2428,278.0,49.0,0.932,0.006,0.1014,-0.0719,0.1566,30.8208,2.725,29.9,30.5,29.9,up,30.5,2026-09-21T15:20:14,9.81098,27.7749996185303,339.465,2026-09-21 19:44:12,2026-09-21 15:45:04
AAPL,AAPL261009C00312500,AAPL,2026-10-09,C,312.5,27.0,158.0,29.05,37.0,0.2317,0.0,10.0,0.9193,0.0071,0.1154,-0.0811,0.1555,28.4533,27.34,27.84,27.84,27.34,down,27.34,2026-09-21T12:30:47,0.0,0.0,339.465,2026-09-21 19:44:12,2026-09-21 15:45:04
AAPL,AAPL261009C00315000,AAPL,2026-10-09,C,315.0,25.1,305.0,26.6,143.0,0.2481,532.0,5.0,0.9038,0.0083,0.1313,-0.0913,0.1539,26.1179,2.025,21.45,25.4,21.45,up,25.2,2026-09-21T12:17:16,8.73786,23.1750001907349,339.465,2026-09-21 19:44:12,2026-09-21 15:45:04
AAPL,AAPL261009C00317500,AAPL,2026-10-09,C,317.5,22.4,346.0,23.95,10.0,0.2116,0.0,0.0,0.8849,0.0097,0.149,-0.1026,0.1517,23.8232,0.0,0.0,0.0,0.0,no_change,0.0,,0.0,0.0,339.465,2026-09-21 19:44:12,2026-09-21 15:45:04
AAPL,AAPL261009C00320000,AAPL,2026-10-09,C,320.0,20.55,534.0,21.6,2.0,0.2251,522.0,22.0,0.8623,0.0112,0.1686,-0.1149,0.1487,21.579,2.32,17.55,21.17,17.55,up,21.07,2026-09-21T15:19:57,12.3733,18.75,339.465,2026-09-21 19:44:12,2026-09-21 15:45:04
AAPL,AAPL261009C00322500,AAPL,2026-10-09,C,322.5,18.2,371.0,19.65,10.0,0.2261,0.0,1.0,0.8352,0.0129,0.1894,-0.1279,0.1449,19.397,17.67,17.67,17.67,17.67,up,17.67,2026-09-21T10:43:31,0.0,0.0,339.465,2026-09-21 19:44:12,2026-09-21 15:45:04
AAPL,AAPL261009C00325000,AAPL,2026-10-09,C,325.0,16.7,295.0,17.6,77.0,0.2412,698.0,66.0,0.8035,0.0147,0.2111,-0.1411,0.1401,17.2895,1.35,14.03,16.9,12.62,down,16.1,2026-09-21T14:01:41,9.15254,14.75,339.465,2026-09-21 19:44:12,2026-09-21 15:45:04
AAPL,AAPL261009C00327500,AAPL,2026-10-09,C,327.5,14.25,155.0,15.65,133.0,0.2294,0.0,6.0,0.7667,0.0166,0.2327,-0.1541,0.1344,15.2701,14.68,14.32,14.68,14.32,up,14.68,2026-09-21T15:09:26,0.0,0.0,339.465,2026-09-21 19:44:12,2026-09-21 15:45:04
AAPL,AAPL261009C00330000,AAPL,2026-10-09,C,330.0,12.8,299.0,13.45,13.0,0.2303,4872.0,431.0,0.7249,0.0184,0.253,-0.1662,0.1277,13.3528,1.955,10.65,13.08,9.08,up,13.08,2026-09-21T15:26:50,17.573,11.125,339.465,2026-09-21 19:44:12,2026-09-21 15:45:04
AAPL,AAPL261009C00332500,AAPL,2026-10-09,C,332.5,11.0,445.0,11.85,143.0,0.2311,0.0,7.0,0.6783,0.02,0.2713,-0.1765,0.1199,11.5511,11.04,8.35,11.04,8.35,up,11.04,2026-09-21T15:00:47,0.0,0.0,339.465,2026-09-21 19:44:12,2026-09-21 15:45:04
AAPL,AAPL261009C00335000,AAPL,2026-10-09,C,335.0,9.45,540.0,9.95,33.0,0.2263,1643.0,385.0,0.6274,0.0215,0.2861,-0.1844,0.1113,9.8776,1.32,7.65,9.65,6.33,up,9.52,2026-09-21T15:19:35,16.0976,8.2000002861023,339.465,2026-09-21 19:44:12,2026-09-21 15:45:04
AAPL,AAPL261009C00337500,AAPL,2026-10-09,C,337.5,7.85,571.0,8.4,30.0,0.2222,0.0,152.0,0.5729,0.0225,0.2962,-0.1892,0.102,8.343,8.4,5.8,8.4,5.6,up,8.4,2026-09-21T15:19:01,0.0,0.0,339.465,2026-09-21 19:44:12,2026-09-21 15:45:04
AAPL,AAPL261009C00340000,AAPL,2026-10-09,C,340.0,6.7,600.0,7.0,59.0,0.2234,2949.0,1459.0,0.5159,0.0232,0.3009,-0.1903,0.0921,6.9558,1.085,4.86,6.9,4.2,down,6.76,2026-09-21T15:27:27,19.1189,5.67500019073486,339.465,2026-09-21 19:44:12,2026-09-21 15:45:04
AAPL,AAPL261009C00342500,AAPL,2026-10-09,C,342.5,5.45,586.0,5.8,68.0,0.2213,0.0,603.0,0.4578,0.0233,0.2996,-0.1876,0.082,5.721,5.51,3.57,5.54,3.4,no_change,5.51,2026-09-21T15:21:06,0.0,0.0,339.465,2026-09-21 19:44:12,2026-09-21 15:45:04
AAPL,AAPL261009C00345000,AAPL,2026-10-09,C,345.0,4.5,636.0,4.7,92.0,0.2211,4644.0,347.0,0.4,0.0229,0.292,-0.1809,0.0717,4.6399,0.8,3.34,4.55,2.75,up,4.55,2026-09-21T15:28:21,21.3333,3.75,339.465,2026-09-21 19:44:12,2026-09-21 15:45:04
AAPL,AAPL261009C00347500,AAPL,2026-10-09,C,347.5,3.5,732.0,3.8,135.0,0.2185,0.0,70.0,0.3439,0.022,0.2785,-0.1707,0.0617,3.7097,3.5,2.41,3.51,2.29,up,3.5,2026-09-21T15:26:57,0.0,0.0,339.465,2026-09-21 19:44:12,2026-09-21 15:45:04
AAPL,AAPL261009C00350000,AAPL,2026-10-09,C,350.0,2.83,263.0,2.94,1.0,0.2177,2945.0,756.0,0.2907,0.0206,0.26,-0.1576,0.0522,2.9239,0.515,2.17,2.88,1.54,up,2.88,2026-09-21T15:28:21,21.7759,2.36500000953674,339.465,2026-09-21 19:44:12,2026-09-21 15:45:04
AAPL,AAPL261009C00352500,AAPL,2026-10-09,C,352.5,2.19,532.0,2.43,720.0,0.2195,0.0,273.0,0.2418,0.0189,0.2376,-0.1423,0.0435,2.2725,2.2,1.41,2.2,1.27,up,2.2,2026-09-21T15:25:36,0.0,0.0,339.465,2026-09-21 19:44:12,2026-09-21 15:45:04
AAPL,AAPL261009C00355000,AAPL,2026-10-09,C,355.0,1.66,289.0,1.8,18.0,0.2164,909.0,178.0,0.1978,0.0169,0.2126,-0.1257,0.0356,1.7426,0.255,0.98,1.71,0.98,up,1.71,2026-09-21T15:27:23,17.5258,1.4549999833107,339.465,2026-09-21 19:44:12,2026-09-21 15:45:04
AAPL,AAPL261009C00357500,AAPL,2026-10-09,C,357.5,1.22,315.0,1.36,9.0,0.2147,0.0,56.0,0.1593,0.0148,0.1863,-0.1088,0.0287,1.3195,1.23,0.76,1.26,0.74,down,1.23,2026-09-21T14:58:33,0.0,0.0,339.465,2026-09-21 19:44:12,2026-09-21 15:45:04
AAPL,AAPL261009C00360000,AAPL,2026-10-09,C,360.0,0.91,677.0,1.04,446.0,0.2152,2104.0,555.0,0.1264,0.0127,0.1601,-0.0924,0.0227,0.9876,0.155,0.56,1.0,0.56,no_change,1.0,2026-09-21T15:29:08,18.3432,0.844999998807907,339.465,2026-09-21 19:44:12,2026-09-21 15:45:04
AAPL,AAPL261009C00365000,AAPL,2026-10-09,C,365.0,0.51,475.0,0.63,623.0,0.2191,1039.0,828.0,0.0765,0.0088,0.1123,-0.0632,0.0137,0.5371,0.02,0.49,0.54,0.33,up,0.52,2026-09-21T15:26:38,4.0,0.499999985098839,339.465,2026-09-21 19:44:12,2026-09-21 15:45:04
AAPL,AAPL261009C00370000,AAPL,2026-10-09,C,370.0,0.26,381.0,0.3,9.0,0.2166,439.0,69.0,0.0444,0.0057,0.0743,-0.0409,0.0079,0.2845,-0.015,0.11,0.28,0.11,down,0.27,2026-09-21T15:29:08,-5.26316,0.284999996423721,339.465,2026-09-21 19:44:12,2026-09-21 15:45:04
AAPL,AAPL261009C00375000,AAPL,2026-10-09,C,375.0,0.13,639.0,0.16,73.0,0.2187,938.0,87.0,0.0253,0.0035,0.0475,-0.0256,0.0045,0.1505,-0.03,0.07,0.15,0.07,no_change,0.14,2026-09-21T15:29:08,-17.6471,0.170000001788139,339.465,2026-09-21 19:44:12,2026-09-21 15:45:04
AAPL,AAPL261009C00380000,AAPL,2026-10-09,C,380.0,0.05,547.0,0.09,218.0,0.2197,416.0,39.0,0.0147,0.0022,0.0304,-0.0163,0.0026,0.083,-0.015,0.06,0.1,0.06,down,0.08,2026-09-21T14:22:52,-15.7895,0.0949999988079071,339.465,2026-09-21 19:44:12,2026-09-21 15:45:04
AAPL,AAPL261009C00385000,AAPL,2026-10-09,C,385.0,0.01,453.0,0.06,220.0,0.2226,105.0,16.0,0.0092,0.0014,0.0204,-0.011,0.0016,0.0507,0.005,0.05,0.13,0.04,down,0.06,2026-09-21T13:03:13,9.09091,0.0550000006332994,339.465,2026-09-21 19:44:12,2026-09-21 15:45:04
AAPL,AAPL261009C00390000,AAPL,2026-10-09,C,390.0,0.01,152.0,0.1,540.0,0.256,131.0,0.0,0.0064,0.001,0.015,-0.0084,0.0011,0.0356,0.0,0.0,0.0,0.0,up,0.13,2026-09-18T12:53:16,0.0,0.0400000000372529,339.465,2026-09-21 19:44:12,2026-09-21 15:45:04
AAPL,AAPL261009C00395000,AAPL,2026-10-09,C,395.0,0.01,131.0,0.06,467.0,0.2629,145.0,2.0,0.005,0.0007,0.012,-0.007,0.0009,0.0286,-0.02,0.11,0.11,0.06,down,0.06,2026-09-21T10:33:22,-25.0,0.0800000028684735,339.465,2026-09-21 19:44:12,2026-09-21 15:45:04
AAPL,AAPL261009C00400000,AAPL,2026-10-09,C,400.0,0.01,65.0,0.1,438.0,0.297,199.0,1.0,0.0042,0.0006,0.0103,-0.0064,0.0007,0.0251,-0.015,0.01,0.01,0.01,down,0.01,2026-09-21T12:27:33,-60.0,0.0249999994412065,339.465,2026-09-21 19:44:12,2026-09-21 15:45:04
AAPL,AAPL261009C00405000,AAPL,2026-10-09,C,405.0,0.0,0.0,0.13,394.0,0.3231,6.0,4.0,0.0037,0.0005,0.0091,-0.006,0.0006,0.023,0.0,0.06,0.06,0.02,no_change,0.02,2026-09-21T10:59:37,2.23517e-06,0.0199999995529652,339.465,2026-09-21 19:44:12,2026-09-21 15:45:04
AAPL,AAPL261009C00410000,AAPL,2026-10-09,C,410.0,0.0,0.0,0.02,9.0,0.2841,139.0,10.0,0.0034,0.0004,0.0083,-0.0057,0.0006,0.0217,0.01,0.02,0.02,0.02,down,0.02,2026-09-21T09:30:01,100.0,0.00999999977648258,339.465,2026-09-21 19:44:12,2026-09-21 15:45:04
AAPL,AAPL261009C00415000,AAPL,2026-10-09,C,415.0,0.0,0.0,0.31,321.0,0.4037,160.0,3.0,0.0031,0.0004,0.0076,-0.0055,0.0005,0.0206,0.04,0.19,0.19,0.19,up,0.19,2026-09-21T15:21:57,26.6667,0.150000005960464,339.465,2026-09-21 19:44:12,2026-09-21 15:45:04
AAPL,AAPL261009P00110000,AAPL,2026-10-09,P,110.0,0.0,0.0,0.52,50.0,2.1428,100.0,0.0,0.0,0.0,0.0,-0.0001,0.0,0.0002,0.0,0.0,0.0,0.0,no_change,0.14,2026-09-16T14:16:00,0.0,0.259999990463257,339.465,2026-09-21 19:44:12,2026-09-21 15:45:04
AAPL,AAPL261009P00120000,AAPL,2026-10-09,P,120.0,0.0,0.0,0.52,121.0,1.9858,0.0,0.0,0.0,0.0,0.0,-0.0001,0.0,0.0003,0.0,0.0,0.0,0.0,no_change,0.0,,0.0,0.259999990463257,339.465,2026-09-21 19:44:12,2026-09-21 15:45:04
AAPL,AAPL261009P00125000,AAPL,2026-10-09,P,125.0,0.0,0.0,0.52,110.0,1.9123,0.0,0.0,0.0,0.0,0.0001,-0.0002,0.0,0.0004,0.0,0.0,0.0,0.0,no_change,0.0,,0.0,0.259999990463257,339.465,2026-09-21 19:44:12,2026-09-21 15:45:04
AAPL,AAPL261009P00130000,AAPL,2026-10-09,P,130.0,0.0,0.0,0.52,115.0,1.8417,8.0,0.0,0.0,0.0,0.0001,-0.0002,0.0,0.0006,0.0,0.0,0.0,0.0,no_change,0.01,2026-09-01T11:46:16,0.0,0.259999990463257,339.465,2026-09-21 19:44:12,2026-09-21 15:45:04
AAPL,AAPL261009P00135000,AAPL,2026-10-09,P,135.0,0.0,0.0,0.52,110.0,1.7738,0.0,0.0,0.0,0.0,0.0001,-0.0003,0.0,0.0007,0.0,0.0,0.0,0.0,no_change,0.0,,0.0,0.259999990463257,339.465,2026-09-21 19:44:12,2026-09-21 15:45:04
AAPL,AAPL261009P00140000,AAPL,2026-10-09,P,140.0,0.0,0.0,0.52,118.0,1.7084,0.0,0.0,0.0,0.0,0.0002,-0.0004,0.0,0.0009,0.0,0.0,0.0,0.0,no_change,0.0,,0.0,0.259999990463257,339.465,2026-09-21 19:44:12,2026-09-21 15:45:04
AAPL,AAPL261009P00145000,AAPL,2026-10-09,P,145.0,0.0,0.0,0.52,113.0,1.6454,0.0,0.0,-0.0001,0.0,0.0002,-0.0005,0.0,0.0012,0.0,0.0,0.0,0.0,no_change,0.0,,0.0,0.259999990463257,339.465,2026-09-21 19:44:12,2026-09-21 15:45:04
AAPL,AAPL261009P00150000,AAPL,2026-10-09,P,150.0,0.0,0.0,0.52,50.0,1.5844,0.0,0.0,-0.0001,0.0,0.0002,-0.0006,0.0,0.0015,0.0,0.0,0.0,0.0,no_change,0.0,,0.0,0.259999990463257,339.465,2026-09-21 19:44:12,2026-09-21 15:45:04
AAPL,AAPL261009P00155000,AAPL,2026-10-09,P,155.0,0.0,0.0,0.52,110.0,1.5255,0.0,0.0,-0.0001,0.0,0.0003,-0.0007,0.0,0.0018,0.0,0.0,0.0,0.0,no_change,0.0,,0.0,0.259999990463257,339.465,2026-09-21 19:44:12,2026-09-21 15:45:04
AAPL,AAPL261009P00160000,AAPL,2026-10-09,P,160.0,0.0,0.0,0.52,118.0,1.4684,0.0,0.0,-0.0001,0.0,0.0004,-0.0008,0.0,0.0022,0.0,0.0,0.0,0.0,no_change,0.0,,0.0,0.259999990463257,339.465,2026-09-21 19:44:12,2026-09-21 15:45:04
AAPL,AAPL261009P00165000,AAPL,2026-10-09,P,165.0,0.0,0.0,0.52,102.0,1.4131,0.0,0.0,-0.0002,0.0,0.0005,-0.001,0.0,0.0027,0.0,0.0,0.0,0.0,no_change,0.0,,0.0,0.259999990463257,339.465,2026-09-21 19:44:12,2026-09-21 15:45:04
AAPL,AAPL261009P00170000,AAPL,2026-10-09,P,170.0,0.0,0.0,0.52,118.0,1.3594,0.0,0.0,-0.0002,0.0,0.0006,-0.0012,0.0,0.0032,0.0,0.0,0.0,0.0,no_change,0.0,,0.0,0.259999990463257,339.465,2026-09-21 19:44:12,2026-09-21 15:45:04
AAPL,AAPL261009P00175000,AAPL,2026-10-09,P,175.0,0.0,0.0,0.52,50.0,1.3072,0.0,0.0,-0.0002,0.0,0.0007,-0.0014,0.0,0.0038,0.0,0.0,0.0,0.0,no_change,0.0,,0.0,0.259999990463257,339.465,2026-09-21 19:44:12,2026-09-21 15:45:04
AAPL,AAPL261009P00180000,AAPL,2026-10-09,P,180.0,0.0,0.0,0.51,70.0,1.2533,0.0,0.0,-0.0003,0.0,0.0008,-0.0016,0.0,0.0045,0.0,0.0,0.0,0.0,no_change,0.0,,0.0,0.144999995827675,339.465,2026-09-21 19:44:12,2026-09-21 15:45:04
AAPL,AAPL261009P00185000,AAPL,2026-10-09,P,185.0,0.0,0.0,0.52,134.0,1.207,0.0,0.0,-0.0003,0.0,0.0009,-0.0018,-0.0001,0.0053,0.0,0.0,0.0,0.0,no_change,0.0,,0.0,0.254999995231628,339.465,2026-09-21 19:44:12,2026-09-21 15:45:04
AAPL,AAPL261009P00190000,AAPL,2026-10-09,P,190.0,0.0,0.0,0.52,136.0,1.1588,21.0,0.0,-0.0004,0.0,0.0011,-0.0021,-0.0001,0.0061,0.0,0.0,0.0,0.0,down,0.03,2026-09-08T10:22:50,0.0,0.254999995231628,339.465,2026-09-21 19:44:12,2026-09-21 15:45:04
AAPL,AAPL261009P00195000,AAPL,2026-10-09,P,195.0,0.0,0.0,0.5,15.0,1.1061,6.0,0.0,-0.0005,0.0,0.0013,-0.0024,-0.0001,0.0071,0.0,0.0,0.0,0.0,down,0.03,2026-09-04T13:21:38,0.0,0.144999995827675,339.465,2026-09-21 19:44:12,2026-09-21 15:45:04
AAPL,AAPL261009P00200000,AAPL,2026-10-09,P,200.0,0.0,0.0,0.24,71.0,0.9688,20.0,0.0,-0.0006,0.0,0.0015,-0.0027,-0.0001,0.0083,0.0,0.0,0.0,0.0,no_change,0.03,2026-09-10T15:52:58,0.0,0.245000004768372,339.465,2026-09-21 19:44:12,2026-09-21 15:45:04
AAPL,AAPL261009P00205000,AAPL,2026-10-09,P,205.0,0.0,0.0,0.47,168.0,1.0075,26.0,0.0,-0.0007,0.0,0.0018,-0.003,-0.0001,0.0095,0.0,0.0,0.0,0.0,down,0.04,2026-09-09T09:58:45,0.0,0.234999999403954,339.465,2026-09-21 19:44:12,2026-09-21 15:45:04
AAPL,AAPL261009P00210000,AAPL,2026-10-09,P,210.0,0.0,0.0,0.48,271.0,0.9668,3.0,0.0,-0.0008,0.0,0.0021,-0.0034,-0.0001,0.011,0.0,0.0,0.0,0.0,no_change,0.03,2026-09-11T12:51:13,0.0,0.224999994039536,339.465,2026-09-21 19:44:12,2026-09-21 15:45:04
AAPL,AAPL261009P00215000,AAPL,2026-10-09,P,215.0,0.0,0.0,0.47,298.0,0.9217,14.0,0.0,-0.0009,0.0001,0.0024,-0.0038,-0.0002,0.0126,0.0,0.0,0.0,0.0,down,0.03,2026-09-11T12:51:42,0.0,0.219999998807907,339.465,2026-09-21 19:44:12,2026-09-21 15:45:04
AAPL,AAPL261009P00220000,AAPL,2026-10-09,P,220.0,0.0,0.0,0.45,2.0,0.8751,11.0,0.0,-0.0011,0.0001,0.0028,-0.0043,-0.0002,0.0145,0.0,0.0,0.0,0.0,up,0.08,2026-09-15T15:45:33,0.0,0.209999993443489,339.465,2026-09-21 19:44:12,2026-09-21 15:45:04
AAPL,AAPL261009P00225000,AAPL,2026-10-09,P,225.0,0.0,0.0,0.44,2.0,0.8321,11.0,0.0,-0.0013,0.0001,0.0033,-0.0049,-0.0002,0.0167,0.0,0.0,0.0,0.0,no_change,0.03,2026-09-17T10:36:50,0.0,0.200000002980232,339.465,2026-09-21 19:44:12,2026-09-21 15:45:04
AAPL,AAPL261009P00230000,AAPL,2026-10-09,P,230.0,0.0,0.0,0.43,261.0,0.79,14.0,0.0,-0.0015,0.0001,0.0038,-0.0055,-0.0003,0.0193,0.0,0.0,0.0,0.0,down,0.03,2026-09-16T10:08:51,0.0,0.189999997615814,339.465,2026-09-21 19:44:12,2026-09-21 15:45:04
AAPL,AAPL261009P00235000,AAPL,2026-10-09,P,235.0,0.01,2.0,0.06,158.0,0.6097,35.0,5.0,-0.0018,0.0001,0.0045,-0.0062,-0.0003,0.0224,-0.02,0.09,0.09,0.03,no_change,0.03,2026-09-21T14:32:47,-40.0,0.0500000016763806,339.465,2026-09-21 19:44:12,2026-09-21 15:45:04
AAPL,AAPL261009P00240000,AAPL,2026-10-09,P,240.0,0.01,3.0,0.06,1.0,0.5777,24.0,0.0,-0.0022,0.0002,0.0053,-0.0071,-0.0004,0.0261,0.0,0.0,0.0,0.0,down,0.03,2026-09-18T11:17:15,0.0,0.034999999217689,339.465,2026-09-21 19:44:12,2026-09-21 15:45:04
AAPL,AAPL261009P00245000,AAPL,2026-10-09,P,245.0,0.01,77.0,0.06,369.0,0.5463,115.0,4.0,-0.0026,0.0002,0.0062,-0.0081,-0.0005,0.0306,-0.03,0.06,0.06,0.03,down,0.03,2026-09-21T10:18:21,-50.0,0.0599999995902181,339.465,2026-09-21 19:44:12,2026-09-21 15:45:04
AAPL,AAPL261009P00250000,AAPL,2026-10-09,P,250.0,0.01,139.0,0.06,123.0,0.5154,75.0,9.0,-0.0032,0.0002,0.0074,-0.0093,-0.0006,0.0363,-0.045,0.05,0.06,0.01,down,0.01,2026-09-21T10:18:43,-81.8182,0.0550000006332994,339.465,2026-09-21 19:44:12,2026-09-21 15:45:04
AAPL,AAPL261009P00255000,AAPL,2026-10-09,P,255.0,0.02,16.0,0.05,11.0,0.485,1020.0,26.0,-0.0038,0.0003,0.0089,-0.0107,-0.0007,0.0433,-0.015,0.04,0.05,0.03,no_change,0.03,2026-09-21T13:20:28,-33.3333,0.0449999989941716,339.465,2026-09-21 19:44:12,2026-09-21 15:45:04
AAPL,AAPL261009P00260000,AAPL,2026-10-09,P,260.0,0.03,154.0,0.06,176.0,0.4673,378.0,16.0,-0.0047,0.0004,0.0108,-0.0124,-0.0008,0.0521,-0.03,0.06,0.06,0.04,no_change,0.05,2026-09-21T10:58:16,-37.5,0.0799999972805381,339.465,2026-09-21 19:44:12,2026-09-21 15:45:04
AAPL,AAPL261009P00265000,AAPL,2026-10-09,P,265.0,0.04,79.0,0.09,454.0,0.4554,72.0,4.0,-0.0059,0.0005,0.0131,-0.0145,-0.001,0.0635,-0.015,0.05,0.1,0.05,no_change,0.06,2026-09-21T14:23:30,-20.0,0.0750000001862645,339.465,2026-09-21 19:44:12,2026-09-21 15:45:04
AAPL,AAPL261009P00270000,AAPL,2026-10-09,P,270.0,0.07,2.0,0.09,449.0,0.4353,917.0,12.0,-0.0074,0.0006,0.016,-0.0171,-0.0013,0.0781,-0.01,0.1,0.1,0.07,down,0.08,2026-09-21T14:24:05,-11.1111,0.0899999998509884,339.465,2026-09-21 19:44:12,2026-09-21 15:45:04
AAPL,AAPL261009P00275000,AAPL,2026-10-09,P,275.0,0.08,80.0,0.11,285.0,0.413,287.0,33.0,-0.0094,0.0008,0.0198,-0.0202,-0.0016,0.0972,-0.08,0.13,0.13,0.09,no_change,0.09,2026-09-21T15:10:48,-47.0588,0.170000001788139,339.465,2026-09-21 19:44:12,2026-09-21 15:45:04
AAPL,AAPL261009P00280000,AAPL,2026-10-09,P,280.0,0.11,27.0,0.13,50.0,0.3938,326.0,20.0,-0.012,0.001,0.0244,-0.0241,-0.0021,0.1221,-0.03,0.16,0.16,0.1,up,0.13,2026-09-21T15:20:04,-18.75,0.160000003874302,339.465,2026-09-21 19:44:12,2026-09-21 15:45:04
AAPL,AAPL261009P00285000,AAPL,2026-10-09,P,285.0,0.13,145.0,0.19,376.0,0.3771,620.0,96.0,-0.0156,0.0014,0.0305,-0.0288,-0.0027,0.1551,-0.005,0.15,0.23,0.13,down,0.16,2026-09-21T14:54:44,-3.0303,0.165000002831221,339.465,2026-09-21 19:44:12,2026-09-21 15:45:04
AAPL,AAPL261009P00290000,AAPL,2026-10-09,P,290.0,0.19,7.0,0.22,309.0,0.358,840.0,107.0,-0.0204,0.0018,0.0384,-0.0346,-0.0036,0.199,-0.045,0.24,0.24,0.16,no_change,0.22,2026-09-21T14:11:23,-16.9811,0.264999993145466,339.465,2026-09-21 19:44:12,2026-09-21 15:45:04
AAPL,AAPL261009P00295000,AAPL,2026-10-09,P,295.0,0.25,15.0,0.29,105.0,0.3399,430.0,47.0,-0.0269,0.0024,0.0483,-0.0417,-0.0047,0.259,-0.06,0.3,0.3,0.23,no_change,0.29,2026-09-21T14:59:14,-17.1429,0.350000008940697,339.465,2026-09-21 19:44:12,2026-09-21 15:45:04
AAPL,AAPL261009P00300000,AAPL,2026-10-09,P,300.0,0.32,108.0,0.36,313.0,0.3187,1461.0,184.0,-0.036,0.0033,0.0615,-0.0507,-0.0062,0.3428,-0.105,0.41,0.46,0.3,no_change,0.35,2026-09-21T14:55:51,-23.0769,0.454999998211861,339.465,2026-09-21 19:44:12,2026-09-21 15:45:04
AAPL,AAPL261009P00305000,AAPL,2026-10-09,P,305.0,0.45,6.0,0.49,119.0,0.3023,768.0,197.0,-0.0491,0.0044,0.079,-0.0621,-0.0083,0.4644,-0.16,0.59,0.64,0.43,down,0.47,2026-09-21T15:20:56,-25.3968,0.629999995231628,339.465,2026-09-21 19:44:12,2026-09-21 15:45:04
AAPL,AAPL261009P00310000,AAPL,2026-10-09,P,310.0,0.6,183.0,0.7,379.0,0.2854,604.0,103.0,-0.0683,0.0061,0.1022,-0.0768,-0.0115,0.6484,-0.23,0.86,1.01,0.6,up,0.67,2026-09-21T15:10:48,-25.5556,0.899999976158142,339.465,2026-09-21 19:44:12,2026-09-21 15:45:04
AAPL,AAPL261009P00312500,AAPL,2026-10-09,P,312.5,0.75,6.0,0.85,307.0,0.2799,0.0,6.0,-0.0812,0.0072,0.1157,-0.0857,-0.0138,0.7761,0.81,0.86,0.86,0.74,up,0.81,2026-09-21T14:54:54,0.0,0.0,339.465,2026-09-21 19:44:12,2026-09-21 15:45:04
AAPL,AAPL261009P00315000,AAPL,2026-10-09,P,315.0,0.88,111.0,1.03,377.0,0.2722,1332.0,295.0,-0.0969,0.0084,0.1322,-0.0957,-0.0162,0.936,-0.415,1.31,1.44,0.89,down,0.95,2026-09-21T15:21:21,-30.4029,1.36500000953674,339.465,2026-09-21 19:44:12,2026-09-21 15:45:04
AAPL,AAPL261009P00317500,AAPL,2026-10-09,P,317.5,0.99,350.0,1.25,686.0,0.2631,0.0,27.0,-0.1159,0.0098,0.1495,-0.1068,-0.0195,1.137,1.21,1.62,1.62,1.09,up,1.21,2026-09-21T14:54:54,0.0,0.0,339.465,2026-09-21 19:44:12,2026-09-21 15:45:04
AAPL,AAPL261009P00320000,AAPL,2026-10-09,P,320.0,1.25,436.0,1.51,523.0,0.2577,1407.0,412.0,-0.1389,0.0113,0.1694,-0.1189,-0.023,1.3896,-0.52,2.01,2.25,1.33,down,1.45,2026-09-21T15:27:07,-26.3959,1.96999996900558,339.465,2026-09-21 19:44:12,2026-09-21 15:45:04
AAPL,AAPL261009P00322500,AAPL,2026-10-09,P,322.5,1.63,165.0,1.83,259.0,0.2542,0.0,309.0,-0.1662,0.0131,0.191,-0.1317,-0.0272,1.7039,1.82,2.72,2.72,1.67,no_change,1.82,2026-09-21T15:09:08,0.0,0.0,339.465,2026-09-21 19:44:12,2026-09-21 15:45:04
AAPL,AAPL261009P00325000,AAPL,2026-10-09,P,325.0,1.94,404.0,2.22,475.0,0.2472,582.0,459.0,-0.1983,0.0149,0.2117,-0.1449,-0.0327,2.0948,-0.715,3.2,3.48,2.06,up,2.27,2026-09-21T15:03:50,-23.9531,2.98499989509582,339.465,2026-09-21 19:44:12,2026-09-21 15:45:04
AAPL,AAPL261009P00327500,AAPL,2026-10-09,P,327.5,2.5,225.0,2.69,614.0,0.2443,0.0,47.0,-0.2356,0.0168,0.2336,-0.1578,-0.0382,2.5751,2.66,3.99,3.99,2.55,down,2.66,2026-09-21T15:26:28,0.0,0.0,339.465,2026-09-21 19:44:12,2026-09-21 15:45:04
AAPL,AAPL261009P00330000,AAPL,2026-10-09,P,330.0,3.1,13.0,3.3,396.0,0.2411,881.0,312.0,-0.278,0.0186,0.2544,-0.1698,-0.0441,3.1581,-1.24,4.68,5.25,3.15,down,3.21,2026-09-21T15:26:28,-27.8652,4.45000004768372,339.465,2026-09-21 19:44:12,2026-09-21 15:45:04
AAPL,AAPL261009P00332500,AAPL,2026-10-09,P,332.5,3.8,54.0,4.1,658.0,0.2392,0.0,53.0,-0.3252,0.0203,0.2724,-0.1801,-0.0514,3.8576,4.05,6.0,6.13,3.9,down,4.05,2026-09-21T14:27:49,0.0,0.0,339.465,2026-09-21 19:44:12,2026-09-21 15:45:04
AAPL,AAPL261009P00335000,AAPL,2026-10-09,P,335.0,4.6,124.0,4.9,654.0,0.2346,602.0,159.0,-0.377,0.0218,0.2865,-0.1879,-0.0585,4.689,-1.55,6.94,6.94,4.7,down,4.85,2026-09-21T15:20:07,-24.2188,6.40000009536743,339.465,2026-09-21 19:44:12,2026-09-21 15:45:04
AAPL,AAPL261009P00337500,AAPL,2026-10-09,P,337.5,5.6,52.0,5.75,542.0,0.23,0.0,134.0,-0.4324,0.0229,0.2964,-0.1927,-0.0662,5.6617,5.78,7.11,7.11,5.78,down,5.78,2026-09-21T15:28:32,0.0,0.0,339.465,2026-09-21 19:44:12,2026-09-21 15:45:04
AAPL,AAPL261009P00340000,AAPL,2026-10-09,P,340.0,6.75,10.0,7.05,897.0,0.2308,115.0,162.0,-0.4905,0.0236,0.3004,-0.1938,-0.0726,6.7843,-1.9,9.95,9.95,6.85,up,7.0,2026-09-21T15:25:31,-21.3483,8.90000009536743,339.465,2026-09-21 19:44:12,2026-09-21 15:45:04
AAPL,AAPL261009P00342500,AAPL,2026-10-09,P,342.5,8.0,8.0,8.45,560.0,0.23,0.0,8.0,-0.5498,0.0238,0.2976,-0.1911,-0.0782,8.0615,8.37,9.85,9.85,8.37,down,8.37,2026-09-21T13:31:30,0.0,0.0,339.465,2026-09-21 19:44:12,2026-09-21 15:45:04
AAPL,AAPL261009P00345000,AAPL,2026-10-09,P,345.0,9.3,76.0,10.0,392.0,0.2278,43.0,5.0,-0.609,0.0234,0.289,-0.1844,-0.0831,9.4949,-2.4,9.8,9.8,9.8,no_change,9.8,2026-09-21T13:02:21,-19.6721,12.1999998092651,339.465,2026-09-21 19:44:12,2026-09-21 15:45:04
AAPL,AAPL261009P00347500,AAPL,2026-10-09,P,347.5,10.85,316.0,11.65,408.0,0.2267,0.0,0.0,-0.6666,0.0226,0.2742,-0.1742,-0.0872,11.0844,0.0,0.0,0.0,0.0,no_change,0.0,,0.0,0.0,339.465,2026-09-21 19:44:12,2026-09-21 15:45:04
AAPL,AAPL261009P00350000,AAPL,2026-10-09,P,350.0,12.4,214.0,13.55,367.0,0.2252,25.0,7.0,-0.7214,0.0213,0.2544,-0.1611,-0.0896,12.8224,-2.325,13.6,13.6,13.4,down,13.4,2026-09-21T13:16:24,-14.7854,15.7249999046326,339.465,2026-09-21 19:44:12,2026-09-21 15:45:04
AAPL,AAPL261009P00352500,AAPL,2026-10-09,P,352.5,14.3,130.0,15.55,146.0,0.2278,0.0,0.0,-0.7721,0.0196,0.2294,-0.1459,-0.0911,14.6996,0.0,0.0,0.0,0.0,no_change,0.0,,0.0,0.0,339.465,2026-09-21 19:44:12,2026-09-21 15:45:04
AAPL,AAPL261009P00355000,AAPL,2026-10-09,P,355.0,16.0,99.0,18.1,90.0,0.2342,9.0,0.0,-0.818,0.0177,0.2005,-0.1295,-0.0882,16.7025,0.0,0.0,0.0,0.0,no_change,19.87,2026-09-18T15:29:46,0.0,19.8249998092651,339.465,2026-09-21 19:44:12,2026-09-21 15:45:04
AAPL,AAPL261009P00357500,AAPL,2026-10-09,P,357.5,18.2,324.0,19.9,92.0,0.23,0.0,0.0,-0.8588,0.0157,0.1692,-0.1133,-0.0849,18.8172,0.0,0.0,0.0,0.0,no_change,0.0,,0.0,0.0,339.465,2026-09-21 19:44:12,2026-09-21 15:45:04
AAPL,AAPL261009P00360000,AAPL,2026-10-09,P,360.0,20.65,158.0,23.1,214.0,0.2682,29.0,3.0,-0.8943,0.0137,0.1385,-0.0974,-0.076,21.028,-3.0,21.93,21.93,21.6,down,21.6,2026-09-21T13:09:05,-12.1951,24.5999994277954,339.465,2026-09-21 19:44:12,2026-09-21 15:45:04
AAPL,AAPL261009P00365000,AAPL,2026-10-09,P,365.0,25.25,122.0,27.45,102.0,0.2757,0.0,1.0,-0.9498,0.0102,0.0802,-0.0681,-0.0498,25.6795,-3.205,26.22,26.22,26.22,down,26.22,2026-09-21T12:42:01,-10.8921,29.4250001907349,339.465,2026-09-21 19:44:12,2026-09-21 15:45:04
AAPL,AAPL261009P00370000,AAPL,2026-10-09,P,370.0,29.6,110.0,32.6,17.0,0.2917,0.0,0.0,-0.986,0.0059,0.0287,-0.0478,-0.0122,30.5512,0.0,0.0,0.0,0.0,no_change,0.0,,0.0,34.25,339.465,2026-09-21 19:44:12,2026-09-21 15:45:04
AAPL,AAPL261009P00375000,AAPL,2026-10-09,P,375.0,34.3,71.0,37.55,17.0,0.3079,0.0,0.0,-0.9988,0.0008,0.0009,-0.0454,0.0,35.5357,0.0,0.0,0.0,0.0,down,41.16,2026-09-14T15:21:44,0.0,39.1499996185303,339.465,2026-09-21 19:44:12,2026-09-21 15:45:04
AAPL,AAPL261009P00380000,AAPL,2026-10-09,P,380.0,39.5,81.0,42.55,16.0,0.3497,0.0,0.0,-1.0,0.0,0.0,-0.0454,0.0,40.5357,0.0,0.0,0.0,0.0,no_change,0.0,,0.0,44.1000003814697,339.465,2026-09-21 19:44:12,2026-09-21 15:45:04
AAPL,AAPL261009P00385000,AAPL,2026-10-09,P,385.0,44.65,75.0,47.55,16.0,0.3878,0.0,0.0,-1.0,0.0,0.0,-0.0454,0.0,45.5357,0.0,0.0,0.0,0.0,no_change,0.0,,0.0,49.2000007629394,339.465,2026-09-21 19:44:12,2026-09-21 15:45:04
AAPL,AAPL261009P00390000,AAPL,2026-10-09,P,390.0,49.6,80.0,52.55,16.0,0.4152,0.0,0.0,-1.0,0.0,0.0,-0.0454,0.0,50.5357,0.0,0.0,0.0,0.0,no_change,0.0,,0.0,54.1750011444092,339.465,2026-09-21 19:44:12,2026-09-21 15:45:04
AAPL,AAPL261009P00395000,AAPL,2026-10-09,P,395.0,54.95,79.0,57.55,16.0,0.4625,0.0,0.0,-1.0,0.0,0.0,-0.0454,0.0,55.5357,0.0,0.0,0.0,0.0,down,60.85,2026-09-11T15:35:56,0.0,59.1750011444092,339.465,2026-09-21 19:44:12,2026-09-21 15:45:04
AAPL,AAPL261009P00400000,AAPL,2026-10-09,P,400.0,60.1,71.0,62.55,16.0,0.4992,0.0,0.0,-1.0,0.0,0.0,-0.0454,0.0,60.5357,0.0,0.0,0.0,0.0,no_change,0.0,,0.0,64.2749977111816,339.465,2026-09-21 19:44:12,2026-09-21 15:45:04
AAPL,AAPL261009P00405000,AAPL,2026-10-09,P,405.0,64.65,75.0,67.55,16.0,0.5032,0.0,0.0,-1.0,0.0,0.0,-0.0454,0.0,65.5357,0.0,0.0,0.0,0.0,no_change,0.0,,0.0,69.25,339.465,2026-09-21 19:44:12,2026-09-21 15:45:04
AAPL,AAPL261009P00410000,AAPL,2026-10-09,P,410.0,69.65,75.0,72.55,16.0,0.5304,0.0,0.0,-1.0,0.0,0.0,-0.0454,0.0,70.5357,0.0,0.0,0.0,0.0,up,74.3,2026-09-18T15:48:00,0.0,74.2999992370606,339.465,2026-09-21 19:44:12,2026-09-21 15:45:04
AAPL,AAPL261009P00415000,AAPL,2026-10-09,P,415.0,74.9,79.0,77.55,16.0,0.572,1.0,0.0,-1.0,0.0,0.0,-0.0454,0.0,75.5357,0.0,0.0,0.0,0.0,down,79.28,2026-09-18T15:48:00,0.0,79.25,339.465,2026-09-21 19:44:12,2026-09-21 15:45:04
AAPL,AAPL261016C00130000,AAPL,2026-10-16,C,130.0,208.35,92.0,210.75,74.0,0.0,34.0,0.0,0.9998,0.0,0.0002,0.0,0.0958,209.833,0.0,0.0,0.0,0.0,up,185.0,2026-09-09T11:11:58,0.0,206.424995422363,339.465,2026-09-21 19:44:12,2026-09-21 15:45:04
AAPL,AAPL261016C00135000,AAPL,2026-10-16,C,135.0,203.35,89.0,205.85,80.0,0.0,61.0,0.0,0.9997,0.0,0.0003,0.0,0.0994,204.8498,0.0,0.0,0.0,0.0,up,190.63,2026-09-01T10:53:41,0.0,201.525001525879,339.465,2026-09-21 19:44:12,2026-09-21 15:45:04
AAPL,AAPL261016C00140000,AAPL,2026-10-16,C,140.0,198.35,336.0,201.05,199.0,0.0,998.0,3.0,0.9997,0.0,0.0003,0.0,0.1031,199.8666,3.075,197.81,199.5,197.81,up,199.5,2026-09-21T13:40:47,1.56549,196.424995422363,339.465,2026-09-21 19:44:12,2026-09-21 15:45:04
AAPL,AAPL261016C00145000,AAPL,2026-10-16,C,145.0,193.35,88.0,195.8,86.0,0.0,18.0,1.0,0.9997,0.0,0.0004,0.0,0.1068,194.8835,1.085,192.66,192.66,192.66,up,192.66,2026-09-21T11:08:16,0.566359,191.574996948242,339.465,2026-09-21 19:44:12,2026-09-21 15:45:04
AAPL,AAPL261016C00150000,AAPL,2026-10-16,C,150.0,188.4,89.0,190.8,81.0,0.0,16.0,1.0,0.9997,0.0,0.0005,0.0,0.1105,189.9005,2.675,189.25,189.25,189.25,up,189.25,2026-09-21T12:39:20,1.43374,186.574996948242,339.465,2026-09-21 19:44:12,2026-09-21 15:45:04
AAPL,AAPL261016C00155000,AAPL,2026-10-16,C,155.0,183.4,91.0,186.0,80.0,0.0,64.0,0.0,0.9996,0.0,0.0006,0.0,0.1142,184.9176,0.0,0.0,0.0,0.0,up,180.28,2026-09-14T12:59:57,0.0,181.574996948242,339.465,2026-09-21 19:44:12,2026-09-21 15:45:04
AAPL,AAPL261016C00160000,AAPL,2026-10-16,C,160.0,178.45,350.0,181.2,191.0,0.0,230.0,0.0,0.9996,0.0,0.0007,0.0,0.1178,179.9348,0.0,0.0,0.0,0.0,up,172.07,2026-09-15T10:58:09,0.0,176.5,339.465,2026-09-21 19:44:12,2026-09-21 15:45:04
AAPL,AAPL261016C00165000,AAPL,2026-10-16,C,165.0,173.45,82.0,175.95,80.0,0.0,82.0,0.0,0.9996,0.0,0.0009,0.0,0.1215,174.9521,0.0,0.0,0.0,0.0,up,170.4,2026-09-11T11:52:43,0.0,171.599998474121,339.465,2026-09-21 19:44:12,2026-09-21 15:45:04
AAPL,AAPL261016C00170000,AAPL,2026-10-16,C,170.0,167.9,90.0,171.25,76.0,0.0,63.0,0.0,0.9995,0.0,0.001,0.0,0.1252,169.9696,0.0,0.0,0.0,0.0,down,147.03,2026-09-08T15:55:28,0.0,166.625,339.465,2026-09-21 19:44:12,2026-09-21 15:45:04
AAPL,AAPL261016C00175000,AAPL,2026-10-16,C,175.0,162.95,87.0,165.9,76.0,0.0,25.0,0.0,0.9994,0.0,0.0013,0.0,0.1288,164.9873,0.0,0.0,0.0,0.0,up,139.72,2026-08-07T10:29:26,0.0,161.575004577637,339.465,2026-09-21 19:44:12,2026-09-21 15:45:04
AAPL,AAPL261016C00180000,AAPL,2026-10-16,C,180.0,158.5,83.0,160.95,81.0,0.0,98.0,0.0,0.9994,0.0,0.0015,0.0,0.1325,160.0052,0.0,0.0,0.0,0.0,up,155.65,2026-09-18T11:33:21,0.0,156.675003051758,339.465,2026-09-21 19:44:12,2026-09-21 15:45:04
AAPL,AAPL261016C00185000,AAPL,2026-10-16,C,185.0,153.5,82.0,155.75,71.0,0.0,34.0,0.0,0.9992,0.0,0.0018,0.0,0.1362,155.0233,0.0,0.0,0.0,0.0,down,130.39,2026-08-20T15:28:29,0.0,151.675003051758,339.465,2026-09-21 19:44:12,2026-09-21 15:45:04
AAPL,AAPL261016C00190000,AAPL,2026-10-16,C,190.0,148.55,92.0,150.95,80.0,0.0,55.0,0.0,0.9991,0.0,0.0022,0.0,0.1398,150.0417,0.0,0.0,0.0,0.0,down,120.98,2026-08-25T12:45:33,0.0,146.724998474121,339.465,2026-09-21 19:44:12,2026-09-21 15:45:04
AAPL,AAPL261016C00195000,AAPL,2026-10-16,C,195.0,143.55,297.0,146.05,186.0,0.0,215.0,0.0,0.999,0.0,0.0026,0.0,0.1435,145.0604,0.0,0.0,0.0,0.0,up,141.5,2026-09-18T14:37:37,0.0,141.799995422363,339.465,2026-09-21 19:44:12,2026-09-21 15:45:04
AAPL,AAPL261016C00200000,AAPL,2026-10-16,C,200.0,138.55,297.0,141.05,212.0,0.0,287.0,2.0,0.9988,0.0001,0.0031,0.0,0.1471,140.0796,2.205,139.65,139.65,139.43,down,139.43,2026-09-21T14:20:16,1.60685,137.224998474121,339.465,2026-09-21 19:44:12,2026-09-21 15:45:04
AAPL,AAPL261016C00205000,AAPL,2026-10-16,C,205.0,133.6,283.0,136.1,221.0,0.0,859.0,0.0,0.9986,0.0001,0.0036,0.0,0.1507,135.0992,0.0,0.0,0.0,0.0,up,128.53,2026-09-14T09:45:26,0.0,131.674995422363,339.465,2026-09-21 19:44:12,2026-09-21 15:45:04
AAPL,AAPL261016C00210000,AAPL,2026-10-16,C,210.0,128.6,285.0,131.0,183.0,0.0,472.0,0.0,0.9984,0.0001,0.0043,0.0,0.1543,130.1192,0.0,0.0,0.0,0.0,no_change,126.6,2026-09-18T15:26:51,0.0,126.700004577637,339.465,2026-09-21 19:44:12,2026-09-21 15:45:04
AAPL,AAPL261016C00215000,AAPL,2026-10-16,C,215.0,123.6,282.0,126.15,166.0,0.0,457.0,0.0,0.9981,0.0001,0.0051,0.0,0.158,125.1399,0.0,0.0,0.0,0.0,down,115.3,2026-09-15T10:54:26,0.0,121.699996948242,339.465,2026-09-21 19:44:12,2026-09-21 15:45:04
AAPL,AAPL261016C00220000,AAPL,2026-10-16,C,220.0,118.65,322.0,121.5,249.0,0.0,883.0,3.0,0.9977,0.0001,0.006,0.0,0.1616,120.1613,3.0,118.59,119.55,118.59,up,119.55,2026-09-21T13:01:38,2.574,116.549999237061,339.465,2026-09-21 19:44:12,2026-09-21 15:45:04
AAPL,AAPL261016C00225000,AAPL,2026-10-16,C,225.0,113.65,284.0,116.4,203.0,0.0,446.0,0.0,0.9973,0.0001,0.0071,0.0,0.1651,115.1835,0.0,0.0,0.0,0.0,up,109.05,2026-09-16T14:41:01,0.0,111.575000762939,339.465,2026-09-21 19:44:12,2026-09-21 15:45:04
AAPL,AAPL261016C00230000,AAPL,2026-10-16,C,230.0,108.7,285.0,110.65,10.0,0.0,657.0,5.0,0.9968,0.0002,0.0083,0.0,0.1687,110.2066,0.125,106.75,106.75,106.75,up,106.75,2026-09-21T10:00:22,0.117233,106.625,339.465,2026-09-21 19:44:12,2026-09-21 15:45:04
AAPL,AAPL261016C00235000,AAPL,2026-10-16,C,235.0,103.7,333.0,105.85,175.0,0.0,370.0,25.0,0.9962,0.0002,0.0098,0.0,0.1722,105.2308,2.49,104.43,104.43,104.29,down,104.29,2026-09-21T12:25:03,2.44597,101.800003051758,339.465,2026-09-21 19:44:12,2026-09-21 15:45:04
AAPL,AAPL261016C00240000,AAPL,2026-10-16,C,240.0,98.75,281.0,100.7,5.0,0.0,576.0,0.0,0.9955,0.0003,0.0115,0.0,0.1757,100.2563,0.0,0.0,0.0,0.0,up,96.05,2026-09-18T13:43:32,0.0,97.0250015258789,339.465,2026-09-21 19:44:12,2026-09-21 15:45:04
AAPL,AAPL261016C00245000,AAPL,2026-10-16,C,245.0,93.75,355.0,95.85,101.0,0.0,353.0,9.0,0.9947,0.0003,0.0135,0.0,0.1792,95.2834,3.575,93.53,95.3,93.53,up,95.3,2026-09-21T14:52:11,3.89752,91.7250022888184,339.465,2026-09-21 19:44:12,2026-09-21 15:45:04
AAPL,AAPL261016C00250000,AAPL,2026-10-16,C,250.0,88.9,366.0,90.75,10.0,0.0,1444.0,27.0,0.9937,0.0004,0.0159,-0.0001,0.1826,90.3124,2.825,90.0,90.75,89.54,down,89.95,2026-09-21T15:23:52,3.24247,87.125,339.465,2026-09-21 19:44:12,2026-09-21 15:45:04
AAPL,AAPL261016C00255000,AAPL,2026-10-16,C,255.0,83.9,356.0,85.85,152.0,0.0,1217.0,103.0,0.9924,0.0005,0.0187,-0.0027,0.186,85.3437,2.655,85.0,85.0,84.43,down,84.43,2026-09-21T14:52:48,3.24671,81.7750015258789,339.465,2026-09-21 19:44:12,2026-09-21 15:45:04
AAPL,AAPL261016C00260000,AAPL,2026-10-16,C,260.0,78.95,297.0,80.85,29.0,0.0,1488.0,2.0,0.9909,0.0006,0.022,-0.0056,0.1893,80.3779,1.325,78.45,78.45,78.45,no_change,78.45,2026-09-21T11:09:09,1.71799,77.125,339.465,2026-09-21 19:44:12,2026-09-21 15:45:04
AAPL,AAPL261016C00265000,AAPL,2026-10-16,C,265.0,73.9,329.0,75.9,78.0,0.0,944.0,2.0,0.9891,0.0008,0.026,-0.0088,0.1925,75.4157,2.425,75.0,75.0,75.0,up,75.0,2026-09-21T14:46:14,3.34137,72.5750007629394,339.465,2026-09-21 19:44:12,2026-09-21 15:45:04
AAPL,AAPL261016C00270000,AAPL,2026-10-16,C,270.0,68.95,341.0,71.6,197.0,0.0,1549.0,1.0,0.9868,0.0009,0.0308,-0.0123,0.1956,70.4582,-1.1,66.4,66.4,66.4,down,66.4,2026-09-21T09:30:01,-1.62963,67.5,339.465,2026-09-21 19:44:12,2026-09-21 15:45:04
AAPL,AAPL261016C00275000,AAPL,2026-10-16,C,275.0,64.0,343.0,66.05,153.0,0.0,1563.0,15.0,0.9838,0.0012,0.0367,-0.0162,0.1986,65.5068,1.645,64.45,64.45,63.47,down,63.47,2026-09-21T11:44:18,2.66073,61.8250007629394,339.465,2026-09-21 19:44:12,2026-09-21 15:45:04
AAPL,AAPL261016C00280000,AAPL,2026-10-16,C,280.0,59.05,304.0,61.45,188.0,0.0,2222.0,13.0,0.9802,0.0014,0.0438,-0.0208,0.2013,60.5636,1.825,57.6,60.29,57.6,down,58.95,2026-09-21T14:10:57,3.19475,57.125,339.465,2026-09-21 19:44:12,2026-09-21 15:45:04
AAPL,AAPL261016C00285000,AAPL,2026-10-16,C,285.0,54.15,344.0,56.25,292.0,0.0,1830.0,2.0,0.9754,0.0018,0.0526,-0.026,0.2038,55.6318,-0.51,52.09,52.09,52.09,up,52.09,2026-09-21T10:04:56,-0.969582,52.6000003814697,339.465,2026-09-21 19:44:12,2026-09-21 15:45:04
AAPL,AAPL261016C00290000,AAPL,2026-10-16,C,290.0,50.2,322.0,50.85,10.0,0.2953,3560.0,9.0,0.969,0.0023,0.0637,-0.0321,0.2058,50.7162,2.575,47.0,50.0,47.0,up,50.0,2026-09-21T14:37:02,5.42962,47.4250011444092,339.465,2026-09-21 19:44:12,2026-09-21 15:45:04
AAPL,AAPL261016C00295000,AAPL,2026-10-16,C,295.0,44.65,427.0,45.95,10.0,0.0,2018.0,10.0,0.9605,0.003,0.0777,-0.0395,0.2073,45.8247,2.45,44.95,45.0,44.95,up,45.0,2026-09-21T15:02:26,5.75793,42.5499992370606,339.465,2026-09-21 19:44:12,2026-09-21 15:45:04
AAPL,AAPL261016C00300000,AAPL,2026-10-16,C,300.0,40.15,384.0,41.0,10.0,0.2446,15601.0,238.0,0.9488,0.0039,0.0958,-0.0485,0.208,40.9699,2.815,37.1,40.69,35.47,up,40.69,2026-09-21T15:28:37,7.43234,37.875,339.465,2026-09-21 19:44:12,2026-09-21 15:45:04
AAPL,AAPL261016C00305000,AAPL,2026-10-16,C,305.0,36.0,49.0,36.25,12.0,0.2829,6995.0,63.0,0.9324,0.0051,0.1188,-0.0596,0.2075,36.1721,2.95,30.2,36.0,30.2,up,36.0,2026-09-21T15:28:22,8.92587,33.0500011444092,339.465,2026-09-21 19:44:12,2026-09-21 15:45:04
AAPL,AAPL261016C00310000,AAPL,2026-10-16,C,310.0,31.25,81.0,31.5,13.0,0.2678,10131.0,219.0,0.9093,0.0067,0.148,-0.0734,0.2052,31.4619,2.765,26.22,31.19,26.22,up,31.19,2026-09-21T15:28:37,9.72735,28.4250001907349,339.465,2026-09-21 19:44:12,2026-09-21 15:45:04
AAPL,AAPL261016C00312500,AAPL,2026-10-16,C,312.5,28.1,399.0,29.55,165.0,0.2463,0.0,3.0,0.8945,0.0076,0.1652,-0.0813,0.2032,29.1529,26.88,27.53,27.53,26.5,up,26.88,2026-09-21T10:14:47,0.0,0.0,339.465,2026-09-21 19:44:12,2026-09-21 15:45:04
AAPL,AAPL261016C00315000,AAPL,2026-10-16,C,315.0,26.7,40.0,27.0,16.0,0.2607,8034.0,422.0,0.877,0.0087,0.1838,-0.0899,0.2005,26.8835,2.72,22.35,26.72,21.65,no_change,26.72,2026-09-21T15:29:08,11.3333,24.0,339.465,2026-09-21 19:44:12,2026-09-21 15:45:04
AAPL,AAPL261016C00317500,AAPL,2026-10-16,C,317.5,23.55,353.0,25.05,93.0,0.2387,0.0,14.0,0.8566,0.0098,0.204,-0.099,0.197,24.6616,24.05,22.97,24.05,22.91,up,24.05,2026-09-21T15:21:56,0.0,0.0,339.465,2026-09-21 19:44:12,2026-09-21 15:45:04
AAPL,AAPL261016C00320000,AAPL,2026-10-16,C,320.0,22.35,94.0,22.5,8.0,0.2497,11516.0,1542.0,0.8329,0.0111,0.225,-0.1084,0.1927,22.4957,2.62,18.28,22.42,17.73,up,22.42,2026-09-21T15:29:10,13.2323,19.8000001907349,339.465,2026-09-21 19:44:12,2026-09-21 15:45:04
AAPL,AAPL261016C00322500,AAPL,2026-10-16,C,322.5,19.3,411.0,20.55,20.0,0.2287,0.0,4.0,0.8058,0.0124,0.2469,-0.118,0.1874,20.3953,19.8,19.8,19.8,19.7,up,19.8,2026-09-21T13:16:12,0.0,0.0,339.465,2026-09-21 19:44:12,2026-09-21 15:45:04
AAPL,AAPL261016C00325000,AAPL,2026-10-16,C,325.0,18.05,333.0,18.4,11.0,0.2392,10168.0,282.0,0.775,0.0137,0.2686,-0.1275,0.1812,18.3697,2.125,14.3,18.15,13.75,up,18.05,2026-09-21T15:26:59,13.3438,15.9250001907349,339.465,2026-09-21 19:44:12,2026-09-21 15:45:04
AAPL,AAPL261016C00327500,AAPL,2026-10-16,C,327.5,16.2,137.0,16.5,11.0,0.2383,0.0,2.0,0.7406,0.015,0.2896,-0.1365,0.174,16.4294,13.6,12.2,13.6,12.2,up,13.6,2026-09-21T09:57:38,0.0,0.0,339.465,2026-09-21 19:44:12,2026-09-21 15:45:04
AAPL,AAPL261016C00330000,AAPL,2026-10-16,C,330.0,14.2,477.0,14.55,1.0,0.231,16541.0,1409.0,0.7026,0.0163,0.3091,-0.1445,0.1657,14.5835,1.975,11.23,14.5,10.5,no_change,14.5,2026-09-21T15:29:08,15.7685,12.5250000953674,339.465,2026-09-21 19:44:12,2026-09-21 15:45:04
AAPL,AAPL261016C00332500,AAPL,2026-10-16,C,332.5,12.4,551.0,12.9,9.0,0.2289,0.0,106.0,0.6614,0.0174,0.326,-0.1513,0.1567,12.8416,12.75,9.6,12.75,9.3,up,12.75,2026-09-21T15:29:08,0.0,0.0,339.465,2026-09-21 19:44:12,2026-09-21 15:45:04
AAPL,AAPL261016C00335000,AAPL,2026-10-16,C,335.0,11.1,280.0,11.25,94.0,0.2309,13594.0,4332.0,0.6172,0.0184,0.3397,-0.1564,0.1467,11.2121,1.67,9.0,11.17,7.65,up,11.17,2026-09-21T15:29:10,17.5789,9.5,339.465,2026-09-21 19:44:12,2026-09-21 15:45:04
AAPL,AAPL261016C00337500,AAPL,2026-10-16,C,337.5,9.4,566.0,9.75,12.0,0.2258,0.0,7496.0,0.5706,0.0192,0.3493,-0.1596,0.1361,9.7018,9.39,6.51,9.55,6.51,up,9.39,2026-09-21T15:18:27,0.0,0.0,339.465,2026-09-21 19:44:12,2026-09-21 15:45:04
AAPL,AAPL261016C00340000,AAPL,2026-10-16,C,340.0,8.15,567.0,8.3,3.0,0.2246,107174.0,5881.0,0.5223,0.0196,0.3542,-0.1605,0.125,8.3164,1.25,6.55,8.25,5.4,up,8.25,2026-09-21T15:29:08,17.8571,7.0,339.465,2026-09-21 19:44:12,2026-09-21 15:45:04
AAPL,AAPL261016C00342500,AAPL,2026-10-16,C,342.5,6.75,786.0,7.1,55.0,0.2212,0.0,370.0,0.4731,0.0198,0.354,-0.159,0.1135,7.0596,7.0,4.65,7.0,4.65,up,7.0,2026-09-21T15:29:08,0.0,0.0,339.465,2026-09-21 19:44:12,2026-09-21 15:45:04
AAPL,AAPL261016C00345000,AAPL,2026-10-16,C,345.0,5.75,483.0,5.95,57.0,0.2207,28241.0,4054.0,0.4238,0.0197,0.3485,-0.1552,0.1018,5.9326,0.925,4.3,5.9,3.75,up,5.9,2026-09-21T15:29:10,18.593,4.97500014305115,339.465,2026-09-21 19:44:12,2026-09-21 15:45:04
AAPL,AAPL261016C00347500,AAPL,2026-10-16,C,347.5,4.7,431.0,4.95,18.0,0.218,0.0,1172.0,0.3752,0.0192,0.3379,-0.1491,0.0904,4.9346,4.77,3.5,4.77,3.45,up,4.77,2026-09-21T15:27:18,0.0,0.0,339.465,2026-09-21 19:44:12,2026-09-21 15:45:04
AAPL,AAPL261016C00350000,AAPL,2026-10-16,C,350.0,4.05,14.0,4.1,125.0,0.2201,22848.0,7048.0,0.3284,0.0184,0.3226,-0.141,0.0792,4.0626,0.675,3.1,4.05,2.37,no_change,4.05,2026-09-21T15:29:10,20.0,3.375,339.465,2026-09-21 19:44:12,2026-09-21 15:45:04
AAPL,AAPL261016C00352500,AAPL,2026-10-16,C,352.5,3.1,699.0,3.35,44.0,0.2156,0.0,100.0,0.284,0.0174,0.3031,-0.1312,0.0685,3.3106,3.28,2.17,3.28,2.12,up,3.28,2026-09-21T15:28:55,0.0,0.0,339.465,2026-09-21 19:44:12,2026-09-21 15:45:04
AAPL,AAPL261016C00355000,AAPL,2026-10-16,C,355.0,2.66,90.0,2.69,3.0,0.2174,10261.0,1719.0,0.2427,0.0161,0.2805,-0.1203,0.0586,2.671,0.44,1.82,2.67,1.52,no_change,2.67,2026-09-21T15:29:08,19.7309,2.23000001907349,339.465,2026-09-21 19:44:12,2026-09-21 15:45:04
AAPL,AAPL261016C00357500,AAPL,2026-10-16,C,357.5,2.05,373.0,2.16,6.0,0.2152,0.0,105.0,0.205,0.0147,0.2557,-0.1086,0.0496,2.1348,2.06,1.47,2.06,1.47,up,2.06,2026-09-21T15:22:31,0.0,0.0,339.465,2026-09-21 19:44:12,2026-09-21 15:45:04
AAPL,AAPL261016C00360000,AAPL,2026-10-16,C,360.0,1.65,386.0,1.72,64.0,0.2154,51617.0,4611.0,0.1712,0.0132,0.2296,-0.0966,0.0414,1.6911,0.275,1.22,1.71,0.97,up,1.71,2026-09-21T15:29:09,19.1638,1.43500000238419,339.465,2026-09-21 19:44:12,2026-09-21 15:45:04
AAPL,AAPL261016C00365000,AAPL,2026-10-16,C,365.0,1.01,292.0,1.05,3.0,0.2147,7195.0,2236.0,0.1158,0.0101,0.1779,-0.0734,0.028,1.0366,0.11,0.87,1.04,0.6,no_change,1.03,2026-09-21T15:28:26,11.9565,0.919999986886978,339.465,2026-09-21 19:44:12,2026-09-21 15:45:04
AAPL,AAPL261016C00370000,AAPL,2026-10-16,C,370.0,0.59,474.0,0.64,39.0,0.2149,9846.0,1101.0,0.0756,0.0074,0.1313,-0.0532,0.0182,0.6205,0.045,0.71,0.71,0.39,up,0.63,2026-09-21T15:28:55,7.69231,0.58500000834465,339.465,2026-09-21 19:44:12,2026-09-21 15:45:04
AAPL,AAPL261016C00375000,AAPL,2026-10-16,C,375.0,0.36,345.0,0.45,467.0,0.2208,4132.0,645.0,0.0482,0.0052,0.0934,-0.0374,0.0116,0.3671,0.03,0.26,0.37,0.25,up,0.37,2026-09-21T15:28:36,8.82353,0.340000003576279,339.465,2026-09-21 19:44:12,2026-09-21 15:45:04
AAPL,AAPL261016C00380000,AAPL,2026-10-16,C,380.0,0.21,268.0,0.23,187.0,0.2194,5468.0,1608.0,0.0305,0.0035,0.0651,-0.0257,0.0073,0.2181,0.005,0.18,0.23,0.17,no_change,0.23,2026-09-21T15:29:02,2.22222,0.224999994039536,339.465,2026-09-21 19:44:12,2026-09-21 15:45:04
AAPL,AAPL261016C00385000,AAPL,2026-10-16,C,385.0,0.11,285.0,0.13,177.0,0.2196,1699.0,681.0,0.0195,0.0024,0.0452,-0.0178,0.0047,0.1328,-0.005,0.13,0.13,0.11,no_change,0.12,2026-09-21T15:09:56,-4.0,0.12500000372529,339.465,2026-09-21 19:44:12,2026-09-21 15:45:04
AAPL,AAPL261016C00390000,AAPL,2026-10-16,C,390.0,0.06,516.0,0.09,365.0,0.2246,9333.0,552.0,0.0128,0.0016,0.0318,-0.0126,0.0031,0.0845,-0.02,0.07,0.1,0.03,down,0.07,2026-09-21T13:25:20,-22.2222,0.0899999998509884,339.465,2026-09-21 19:44:12,2026-09-21 15:45:04
AAPL,AAPL261016C00395000,AAPL,2026-10-16,C,395.0,0.04,140.0,0.08,486.0,0.2362,516.0,219.0,0.0088,0.0011,0.0231,-0.0092,0.0021,0.057,-0.02,0.07,0.07,0.03,up,0.04,2026-09-21T15:10:31,-33.3333,0.0599999986588955,339.465,2026-09-21 19:44:12,2026-09-21 15:45:04
AAPL,AAPL261016C00400000,AAPL,2026-10-16,C,400.0,0.03,244.0,0.05,385.0,0.2421,10107.0,497.0,0.0063,0.0008,0.0174,-0.0071,0.0015,0.0409,-0.01,0.04,0.05,0.03,no_change,0.04,2026-09-21T15:24:28,-20.0,0.0499999988824129,339.465,2026-09-21 19:44:12,2026-09-21 15:45:04
AAPL,AAPL261016C00405000,AAPL,2026-10-16,C,405.0,0.02,161.0,0.07,595.0,0.2619,113.0,8.0,0.0048,0.0006,0.0136,-0.0057,0.0011,0.031,0.0,0.02,0.04,0.02,up,0.04,2026-09-21T09:48:42,-9.31323e-08,0.0400000000372529,339.465,2026-09-21 19:44:12,2026-09-21 15:45:04
AAPL,AAPL261016C00410000,AAPL,2026-10-16,C,410.0,0.01,147.0,0.03,357.0,0.2559,3197.0,76.0,0.0038,0.0005,0.011,-0.0047,0.0009,0.0246,0.005,0.04,0.04,0.03,no_change,0.03,2026-09-21T14:43:16,20.0,0.0249999994412065,339.465,2026-09-21 19:44:12,2026-09-21 15:45:04
AAPL,AAPL261016C00415000,AAPL,2026-10-16,C,415.0,0.01,10.0,0.08,316.0,0.294,63.0,0.0,0.003,0.0004,0.009,-0.004,0.0007,0.0202,0.0,0.0,0.0,0.0,up,0.09,2026-09-18T15:59:12,0.0,0.0400000000372529,339.465,2026-09-21 19:44:12,2026-09-21 15:45:04
AAPL,AAPL261016C00420000,AAPL,2026-10-16,C,420.0,0.01,19.0,0.04,372.0,0.2916,454.0,215.0,0.0025,0.0003,0.0076,-0.0035,0.0006,0.017,-0.025,0.05,0.05,0.01,down,0.01,2026-09-21T13:50:42,-71.4286,0.034999999217689,339.465,2026-09-21 19:44:12,2026-09-21 15:45:04
AAPL,AAPL261016C00425000,AAPL,2026-10-16,C,425.0,0.01,6.0,0.1,470.0,0.3321,87.0,3.0,0.0021,0.0002,0.0065,-0.0031,0.0005,0.0145,0.01,0.1,0.1,0.05,down,0.05,2026-09-21T10:05:05,25.0,0.0400000000372529,339.465,2026-09-21 19:44:12,2026-09-21 15:45:04
AAPL,AAPL261016C00430000,AAPL,2026-10-16,C,430.0,0.0,0.0,0.19,529.0,0.3698,820.0,3.0,0.0018,0.0002,0.0056,-0.0028,0.0004,0.0126,-0.015,0.21,0.21,0.02,down,0.02,2026-09-21T09:59:27,-42.8571,0.0350000001490116,339.465,2026-09-21 19:44:12,2026-09-21 15:45:04
AAPL,AAPL261016C00435000,AAPL,2026-10-16,C,435.0,0.0,0.0,0.29,570.0,0.4062,2059.0,0.0,0.0015,0.0002,0.0048,-0.0025,0.0004,0.011,0.0,0.0,0.0,0.0,down,0.02,2026-09-17T09:30:04,0.0,0.0199999995529652,339.465,2026-09-21 19:44:12,2026-09-21 15:45:04
AAPL,AAPL261016C00440000,AAPL,2026-10-16,C,440.0,0.0,0.0,0.06,1.0,0.3549,362.0,0.0,0.0013,0.0001,0.0043,-0.0022,0.0003,0.0097,0.0,0.0,0.0,0.0,no_change,0.06,2026-09-16T14:40:16,0.0,0.0299999993294477,339.465,2026-09-21 19:44:12,2026-09-21 15:45:04
AAPL,AAPL261016C00450000,AAPL,2026-10-16,C,450.0,0.0,0.0,0.1,10.0,0.4024,3335.0,0.0,0.001,0.0001,0.0033,-0.0018,0.0002,0.0077,0.0,0.0,0.0,0.0,down,0.01,2026-09-14T14:25:30,0.0,0.0500000007450581,339.465,2026-09-21 19:44:12,2026-09-21 15:45:04
AAPL,AAPL261016C00460000,AAPL,2026-10-16,C,460.0,0.0,0.0,0.52,396.0,0.5226,1046.0,0.0,0.0008,0.0001,0.0026,-0.0015,0.0002,0.0062,0.0,0.0,0.0,0.0,down,0.01,2026-09-18T15:36:27,0.0,0.00499999988824129,339.465,2026-09-21 19:44:12,2026-09-21 15:45:04
AAPL,AAPL261016C00470000,AAPL,2026-10-16,C,470.0,0.0,0.0,0.37,416.0,0.5299,179.0,1.0,0.0006,0.0001,0.0021,-0.0013,0.0001,0.0051,-0.14,0.01,0.01,0.01,no_change,0.01,2026-09-21T10:24:59,-93.3333,0.150000005960464,339.465,2026-09-21 19:44:12,2026-09-21 15:45:04
AAPL,AAPL261016C00480000,AAPL,2026-10-16,C,480.0,0.0,0.0,0.03,1.0,0.4335,157.0,0.0,0.0005,0.0,0.0017,-0.0011,0.0001,0.0042,0.0,0.0,0.0,0.0,no_change,0.03,2026-09-09T10:24:08,0.0,0.0299999993294477,339.465,2026-09-21 19:44:12,2026-09-21 15:45:04
AAPL,AAPL261016C00490000,AAPL,2026-10-16,C,490.0,0.0,0.0,0.1,5.0,0.5093,81.0,0.0,0.0004,0.0,0.0014,-0.0009,0.0001,0.0035,0.0,0.0,0.0,0.0,down,0.01,2026-09-09T09:52:11,0.0,0.0500000007450581,339.465,2026-09-21 19:44:12,2026-09-21 15:45:04
AAPL,AAPL261016C00500000,AAPL,2026-10-16,C,500.0,0.0,0.0,0.01,1.0,0.4412,171.0,0.0,0.0003,0.0,0.0012,-0.0008,0.0001,0.0029,0.0,0.0,0.0,0.0,down,0.01,2026-09-15T11:24:18,0.0,0.0299999993294477,339.465,2026-09-21 19:44:12,2026-09-21 15:45:04
AAPL,AAPL261016C00510000,AAPL,2026-10-16,C,510.0,0.0,0.0,0.01,7.0,0.462,11.0,0.0,0.0003,0.0,0.001,-0.0007,0.0001,0.0024,0.0,0.0,0.0,0.0,down,0.1,2026-08-04T13:46:12,0.0,0.00499999988824129,339.465,2026-09-21 19:44:12,2026-09-21 15:45:04
AAPL,AAPL261016C00520000,AAPL,2026-10-16,C,520.0,0.0,0.0,1.5,264.0,0.8099,4.0,0.0,0.0002,0.0,0.0008,-0.0006,0.0,0.002,0.0,0.0,0.0,0.0,no_change,0.03,2026-08-19T11:26:47,0.0,0.259999990463257,339.465,2026-09-21 19:44:12,2026-09-21 15:45:04
AAPL,AAPL261016C00530000,AAPL,2026-10-16,C,530.0,0.0,0.0,1.54,191.0,0.8428,4.0,0.0,0.0002,0.0,0.0007,-0.0005,0.0,0.0017,0.0,0.0,0.0,0.0,down,0.03,2026-08-19T11:26:52,0.0,1.06500005722046,339.465,2026-09-21 19:44:12,2026-09-21 15:45:04
AAPL,AAPL261016C00540000,AAPL,2026-10-16,C,540.0,0.0,0.0,0.01,5.0,0.5215,8.0,0.0,0.0002,0.0,0.0006,-0.0004,0.0,0.0014,0.0,0.0,0.0,0.0,down,0.01,2026-09-14T12:01:27,0.0,0.00499999988824129,339.465,2026-09-21 19:44:12,2026-09-21 15:45:04
AAPL,AAPL261016C00550000,AAPL,2026-10-16,C,550.0,0.0,0.0,1.11,194.0,0.8573,12.0,0.0,0.0001,0.0,0.0005,-0.0004,0.0,0.0012,0.0,0.0,0.0,0.0,down,0.03,2026-08-19T11:26:59,0.0,0.625,339.465,2026-09-21 19:44:12,2026-09-21 15:45:04
AAPL,AAPL261016C00560000,AAPL,2026-10-16,C,560.0,0.0,0.0,0.95,214.0,0.8649,5.0,0.0,0.0001,0.0,0.0004,-0.0003,0.0,0.001,0.0,0.0,0.0,0.0,down,0.03,2026-08-19T11:27:05,0.0,0.879999995231628,339.465,2026-09-21 19:44:12,2026-09-21 15:45:04
AAPL,AAPL261016C00570000,AAPL,2026-10-16,C,570.0,0.0,0.0,0.01,4.0,0.5772,14.0,0.0,0.0001,0.0,0.0003,-0.0003,0.0,0.0009,0.0,0.0,0.0,0.0,down,0.03,2026-07-28T14:24:12,0.0,0.00499999988824129,339.465,2026-09-21 19:44:12,2026-09-21 15:45:04
AAPL,AAPL261016C00580000,AAPL,2026-10-16,C,580.0,0.0,0.0,0.63,199.0,0.8679,35.0,0.0,0.0001,0.0,0.0003,-0.0002,0.0,0.0007,0.0,0.0,0.0,0.0,no_change,0.03,2026-08-19T11:27:10,0.0,0.435000002384186,339.465,2026-09-21 19:44:12,2026-09-21 15:45:04
AAPL,AAPL261016C00590000,AAPL,2026-10-16,C,590.0,0.0,0.0,0.08,15.0,0.7188,107.0,0.0,0.0001,0.0,0.0002,-0.0002,0.0,0.0006,0.0,0.0,0.0,0.0,no_change,0.01,2026-09-11T12:18:34,0.0,0.0399999991059303,339.465,2026-09-21 19:44:12,2026-09-21 15:45:04
AAPL,AAPL261016C00600000,AAPL,2026-10-16,C,600.0,0.0,0.0,0.03,1.0,0.6812,72.0,2.0,0.0,0.0,0.0002,-0.0002,0.0,0.0005,-0.005,0.02,0.02,0.02,no_change,0.02,2026-09-21T11:49:56,-20.0,0.025000000372529,339.465,2026-09-21 19:44:12,2026-09-21 15:45:04
AAPL,AAPL261016P00130000,AAPL,2026-10-16,P,130.0,0.0,0.0,0.52,276.0,1.5644,66.0,0.0,-0.0001,0.0,0.0002,-0.0004,0.0,0.0012,0.0,0.0,0.0,0.0,no_change,0.02,2026-08-11T09:49:18,0.0,0.259999990463257,339.465,2026-09-21 19:44:12,2026-09-21 15:45:04
AAPL,AAPL261016P00135000,AAPL,2026-10-16,P,135.0,0.0,0.0,0.48,194.0,1.492,70.0,0.0,-0.0001,0.0,0.0003,-0.0004,0.0,0.0015,0.0,0.0,0.0,0.0,up,0.05,2026-07-16T13:24:05,0.0,0.259999990463257,339.465,2026-09-21 19:44:12,2026-09-21 15:45:04
AAPL,AAPL261016P00140000,AAPL,2026-10-16,P,140.0,0.0,0.0,0.02,10.0,1.0584,618.0,0.0,-0.0001,0.0,0.0003,-0.0005,0.0,0.0018,0.0,0.0,0.0,0.0,no_change,0.01,2026-09-09T11:36:41,0.0,0.00999999977648258,339.465,2026-09-21 19:44:12,2026-09-21 15:45:04
AAPL,AAPL261016P00145000,AAPL,2026-10-16,P,145.0,0.0,0.0,0.04,10.0,1.076,397.0,0.0,-0.0001,0.0,0.0004,-0.0006,0.0,0.0022,0.0,0.0,0.0,0.0,no_change,0.02,2026-09-14T15:11:27,0.0,0.00499999988824129,339.465,2026-09-21 19:44:12,2026-09-21 15:45:04
AAPL,AAPL261016P00150000,AAPL,2026-10-16,P,150.0,0.0,0.0,0.02,10.0,0.9796,440.0,0.0,-0.0001,0.0,0.0005,-0.0008,0.0,0.0026,0.0,0.0,0.0,0.0,no_change,0.01,2026-09-16T13:07:41,0.0,0.00999999977648258,339.465,2026-09-21 19:44:12,2026-09-21 15:45:04
AAPL,AAPL261016P00155000,AAPL,2026-10-16,P,155.0,0.0,0.0,0.06,2.0,1.0316,172.0,0.0,-0.0002,0.0,0.0006,-0.0009,0.0,0.0032,0.0,0.0,0.0,0.0,no_change,0.01,2026-09-14T14:32:54,0.0,0.0299999993294477,339.465,2026-09-21 19:44:12,2026-09-21 15:45:04
AAPL,AAPL261016P00160000,AAPL,2026-10-16,P,160.0,0.0,0.0,0.02,10.0,0.9058,475.0,10.0,-0.0002,0.0,0.0007,-0.001,0.0,0.0038,0.01,0.02,0.02,0.02,no_change,0.02,2026-09-21T14:24:56,100.0,0.00999999977648258,339.465,2026-09-21 19:44:12,2026-09-21 15:45:04
AAPL,AAPL261016P00165000,AAPL,2026-10-16,P,165.0,0.0,0.0,0.17,227.0,1.0546,226.0,0.0,-0.0003,0.0,0.0009,-0.0012,-0.0001,0.0046,0.0,0.0,0.0,0.0,up,0.05,2026-09-15T13:07:31,0.0,0.0750000029802322,339.465,2026-09-21 19:44:12,2026-09-21 15:45:04
AAPL,AAPL261016P00170000,AAPL,2026-10-16,P,170.0,0.0,0.0,0.04,1.0,0.885,462.0,0.0,-0.0003,0.0,0.001,-0.0014,-0.0001,0.0056,0.0,0.0,0.0,0.0,up,0.05,2026-09-18T15:53:51,0.0,0.034999999217689,339.465,2026-09-21 19:44:12,2026-09-21 15:45:04
AAPL,AAPL261016P00175000,AAPL,2026-10-16,P,175.0,0.0,0.0,0.07,191.0,0.8932,625.0,0.0,-0.0004,0.0,0.0013,-0.0017,-0.0001,0.0067,0.0,0.0,0.0,0.0,up,0.03,2026-09-18T11:18:09,0.0,0.0399999991059303,339.465,2026-09-21 19:44:12,2026-09-21 15:45:04
AAPL,AAPL261016P00180000,AAPL,2026-10-16,P,180.0,0.0,0.0,0.08,211.0,0.8684,427.0,0.0,-0.0005,0.0,0.0015,-0.002,-0.0001,0.0081,0.0,0.0,0.0,0.0,down,0.02,2026-09-16T12:12:11,0.0,0.0399999991059303,339.465,2026-09-21 19:44:12,2026-09-21 15:45:04
AAPL,AAPL261016P00185000,AAPL,2026-10-16,P,185.0,0.01,6.0,0.05,1.0,0.8115,875.0,17.0,-0.0006,0.0,0.0018,-0.0023,-0.0001,0.0097,-0.215,0.02,0.02,0.02,no_change,0.02,2026-09-21T15:10:06,-91.4894,0.234999999403954,339.465,2026-09-21 19:44:12,2026-09-21 15:45:04
AAPL,AAPL261016P00190000,AAPL,2026-10-16,P,190.0,0.0,0.0,0.17,464.0,0.8626,1614.0,0.0,-0.0007,0.0,0.0022,-0.0027,-0.0002,0.0116,0.0,0.0,0.0,0.0,no_change,0.04,2026-09-09T11:24:49,0.0,0.0850000008940697,339.465,2026-09-21 19:44:12,2026-09-21 15:45:04
AAPL,AAPL261016P00195000,AAPL,2026-10-16,P,195.0,0.0,0.0,0.05,251.0,0.7335,341.0,28.0,-0.0008,0.0,0.0026,-0.0032,-0.0002,0.0138,-0.035,0.01,0.02,0.01,up,0.02,2026-09-21T13:46:11,-63.6364,0.0550000006332994,339.465,2026-09-21 19:44:12,2026-09-21 15:45:04
AAPL,AAPL261016P00200000,AAPL,2026-10-16,P,200.0,0.0,0.0,0.05,1.0,0.7023,1128.0,11.0,-0.001,0.0001,0.0031,-0.0037,-0.0002,0.0164,-0.02,0.01,0.02,0.01,down,0.01,2026-09-21T13:47:46,-66.6667,0.0300000002607703,339.465,2026-09-21 19:44:12,2026-09-21 15:45:04
AAPL,AAPL261016P00205000,AAPL,2026-10-16,P,205.0,0.01,2.0,0.08,311.0,0.71,1878.0,64.0,-0.0012,0.0001,0.0036,-0.0042,-0.0003,0.0195,-0.005,0.03,0.08,0.01,up,0.05,2026-09-21T14:11:35,-9.09091,0.0550000006332994,339.465,2026-09-21 19:44:12,2026-09-21 15:45:04
AAPL,AAPL261016P00210000,AAPL,2026-10-16,P,210.0,0.01,60.0,0.08,341.0,0.6787,3203.0,2.0,-0.0015,0.0001,0.0043,-0.0049,-0.0004,0.023,-0.015,0.04,0.04,0.04,up,0.04,2026-09-21T14:31:46,-27.2727,0.0550000006332994,339.465,2026-09-21 19:44:12,2026-09-21 15:45:04
AAPL,AAPL261016P00215000,AAPL,2026-10-16,P,215.0,0.0,0.0,0.21,499.0,0.7095,3383.0,1.0,-0.0018,0.0001,0.0051,-0.0056,-0.0004,0.0272,0.035,0.09,0.09,0.09,up,0.09,2026-09-21T12:34:14,63.6364,0.0550000006332994,339.465,2026-09-21 19:44:12,2026-09-21 15:45:04
AAPL,AAPL261016P00220000,AAPL,2026-10-16,P,220.0,0.0,0.0,0.05,3.0,0.5843,3309.0,22.0,-0.0021,0.0001,0.006,-0.0064,-0.0005,0.032,-0.02,0.03,0.03,0.01,no_change,0.01,2026-09-21T14:37:19,-66.6667,0.0300000002607703,339.465,2026-09-21 19:44:12,2026-09-21 15:45:04
AAPL,AAPL261016P00225000,AAPL,2026-10-16,P,225.0,0.01,83.0,0.05,210.0,0.5659,1750.0,4.0,-0.0025,0.0001,0.0071,-0.0073,-0.0006,0.0377,-0.015,0.03,0.04,0.03,no_change,0.03,2026-09-21T14:11:47,-33.3333,0.0449999989941716,339.465,2026-09-21 19:44:12,2026-09-21 15:45:04
AAPL,AAPL261016P00230000,AAPL,2026-10-16,P,230.0,0.02,9.0,0.07,163.0,0.56,4544.0,0.0,-0.003,0.0002,0.0084,-0.0084,-0.0007,0.0443,0.0,0.0,0.0,0.0,up,0.06,2026-09-18T14:52:18,0.0,0.0549999997019768,339.465,2026-09-21 19:44:12,2026-09-21 15:45:04
AAPL,AAPL261016P00235000,AAPL,2026-10-16,P,235.0,0.05,4.0,0.07,219.0,0.548,6694.0,9.0,-0.0036,0.0002,0.0098,-0.0095,-0.0009,0.052,-0.01,0.05,0.05,0.04,no_change,0.05,2026-09-21T13:41:13,-16.6667,0.0600000005215406,339.465,2026-09-21 19:44:12,2026-09-21 15:45:04
AAPL,AAPL261016P00240000,AAPL,2026-10-16,P,240.0,0.04,147.0,0.07,218.0,0.5147,6481.0,23.0,-0.0043,0.0003,0.0115,-0.0108,-0.001,0.061,-0.02,0.06,0.06,0.04,no_change,0.05,2026-09-21T13:17:31,-28.5714,0.0699999984353781,339.465,2026-09-21 19:44:12,2026-09-21 15:45:04
AAPL,AAPL261016P00245000,AAPL,2026-10-16,P,245.0,0.05,147.0,0.08,218.0,0.4959,4923.0,7.0,-0.0052,0.0003,0.0136,-0.0123,-0.0012,0.0716,-0.035,0.06,0.08,0.06,down,0.06,2026-09-21T11:53:50,-36.8421,0.0950000006705522,339.465,2026-09-21 19:44:12,2026-09-21 15:45:04
AAPL,AAPL261016P00250000,AAPL,2026-10-16,P,250.0,0.07,31.0,0.14,245.0,0.495,7377.0,39.0,-0.0062,0.0004,0.0159,-0.0139,-0.0015,0.0841,-0.025,0.07,0.08,0.07,down,0.07,2026-09-21T15:09:57,-26.3158,0.0949999988079071,339.465,2026-09-21 19:44:12,2026-09-21 15:45:04
AAPL,AAPL261016P00255000,AAPL,2026-10-16,P,255.0,0.07,15.0,0.11,67.0,0.4579,8527.0,35.0,-0.0074,0.0005,0.0187,-0.0158,-0.0018,0.099,-0.035,0.08,0.08,0.08,no_change,0.08,2026-09-21T12:01:16,-30.4348,0.114999998360872,339.465,2026-09-21 19:44:12,2026-09-21 15:45:04
AAPL,AAPL261016P00260000,AAPL,2026-10-16,P,260.0,0.08,58.0,0.13,310.0,0.4384,6956.0,53.0,-0.0089,0.0006,0.0222,-0.0179,-0.0022,0.1167,-0.065,0.24,0.24,0.08,no_change,0.1,2026-09-21T14:38:43,-39.3939,0.16499999910593,339.465,2026-09-21 19:44:12,2026-09-21 15:45:04
AAPL,AAPL261016P00265000,AAPL,2026-10-16,P,265.0,0.11,53.0,0.15,553.0,0.422,3637.0,3.0,-0.0108,0.0008,0.0261,-0.0203,-0.0026,0.1382,-0.06,0.14,0.14,0.12,up,0.13,2026-09-21T15:21:20,-31.5789,0.189999993890524,339.465,2026-09-21 19:44:12,2026-09-21 15:45:04
AAPL,AAPL261016P00270000,AAPL,2026-10-16,P,270.0,0.15,38.0,0.18,179.0,0.4069,8746.0,61.0,-0.0131,0.0009,0.0309,-0.0231,-0.0031,0.1642,-0.035,0.13,0.19,0.1,up,0.17,2026-09-21T15:12:19,-17.0732,0.205000005662441,339.465,2026-09-21 19:44:12,2026-09-21 15:45:04
AAPL,AAPL261016P00275000,AAPL,2026-10-16,P,275.0,0.18,90.0,0.22,328.0,0.3891,5662.0,618.0,-0.016,0.0012,0.0368,-0.0263,-0.0038,0.1965,-0.035,0.23,0.24,0.17,up,0.21,2026-09-21T15:01:13,-14.2857,0.244999997317791,339.465,2026-09-21 19:44:12,2026-09-21 15:45:04
AAPL,AAPL261016P00280000,AAPL,2026-10-16,P,280.0,0.23,27.0,0.26,134.0,0.3718,14737.0,951.0,-0.0198,0.0014,0.0439,-0.0301,-0.0047,0.2371,-0.07,0.29,0.29,0.2,down,0.23,2026-09-21T15:28:21,-23.3333,0.299999997019768,339.465,2026-09-21 19:44:12,2026-09-21 15:45:04
AAPL,AAPL261016P00285000,AAPL,2026-10-16,P,285.0,0.28,39.0,0.31,185.0,0.3531,7160.0,124.0,-0.0246,0.0018,0.053,-0.0346,-0.0058,0.289,-0.06,0.32,0.34,0.26,down,0.29,2026-09-21T15:28:58,-17.1429,0.350000008940697,339.465,2026-09-21 19:44:12,2026-09-21 15:45:04
AAPL,AAPL261016P00290000,AAPL,2026-10-16,P,290.0,0.35,18.0,0.38,93.0,0.3356,10280.0,902.0,-0.031,0.0023,0.0638,-0.04,-0.0073,0.3574,-0.08,0.4,0.47,0.33,no_change,0.36,2026-09-21T15:28:58,-18.1818,0.439999997615814,339.465,2026-09-21 19:44:12,2026-09-21 15:45:04
AAPL,AAPL261016P00295000,AAPL,2026-10-16,P,295.0,0.44,26.0,0.46,24.0,0.3175,9941.0,937.0,-0.0396,0.003,0.0781,-0.0467,-0.0093,0.4503,-0.075,0.5,0.57,0.42,no_change,0.46,2026-09-21T15:28:50,-14.0187,0.534999996423721,339.465,2026-09-21 19:44:12,2026-09-21 15:45:04
AAPL,AAPL261016P00300000,AAPL,2026-10-16,P,300.0,0.57,6.0,0.6,277.0,0.3023,25903.0,6185.0,-0.0514,0.0039,0.0967,-0.055,-0.012,0.5797,-0.135,0.68,0.77,0.53,no_change,0.58,2026-09-21T15:28:33,-18.8811,0.715000003576279,339.465,2026-09-21 19:44:12,2026-09-21 15:45:04
AAPL,AAPL261016P00305000,AAPL,2026-10-16,P,305.0,0.74,105.0,0.8,366.0,0.2873,12152.0,653.0,-0.0679,0.0051,0.1195,-0.0656,-0.0159,0.767,-0.215,0.94,1.08,0.71,down,0.78,2026-09-21T15:26:59,-21.608,0.994999974966049,339.465,2026-09-21 19:44:12,2026-09-21 15:45:04
AAPL,AAPL261016P00310000,AAPL,2026-10-16,P,310.0,0.99,228.0,1.08,339.0,0.2734,12111.0,1739.0,-0.0913,0.0067,0.1485,-0.0788,-0.0211,1.0431,-0.33,1.39,1.53,0.98,down,1.05,2026-09-21T15:27:44,-23.913,1.38000005483627,339.465,2026-09-21 19:44:12,2026-09-21 15:45:04
AAPL,AAPL261016P00312500,AAPL,2026-10-16,P,312.5,1.15,342.0,1.3,476.0,0.2679,0.0,120.0,-0.1063,0.0077,0.1664,-0.0864,-0.0244,1.2277,1.25,1.71,1.79,1.18,down,1.25,2026-09-21T15:14:49,0.0,0.0,339.465,2026-09-21 19:44:12,2026-09-21 15:45:04
AAPL,AAPL261016P00315000,AAPL,2026-10-16,P,315.0,1.41,54.0,1.51,384.0,0.263,9823.0,1922.0,-0.124,0.0088,0.1844,-0.0947,-0.0284,1.4524,-0.525,1.97,2.2,1.38,down,1.44,2026-09-21T15:28:49,-26.7176,1.96499997377396,339.465,2026-09-21 19:44:12,2026-09-21 15:45:04
AAPL,AAPL261016P00317500,AAPL,2026-10-16,P,317.5,1.66,267.0,1.81,458.0,0.258,0.0,174.0,-0.1446,0.0099,0.2054,-0.1036,-0.033,1.7252,1.76,2.48,2.57,1.67,down,1.76,2026-09-21T15:14:49,0.0,0.0,339.465,2026-09-21 19:44:12,2026-09-21 15:45:04
AAPL,AAPL261016P00320000,AAPL,2026-10-16,P,320.0,2.01,58.0,2.11,387.0,0.2531,13207.0,1907.0,-0.1686,0.0112,0.2259,-0.1128,-0.0383,2.0543,-0.705,2.8,3.15,2.0,down,2.1,2026-09-21T15:27:44,-25.1337,2.80499994754791,339.465,2026-09-21 19:44:12,2026-09-21 15:45:04
AAPL,AAPL261016P00322500,AAPL,2026-10-16,P,322.5,2.39,64.0,2.54,407.0,0.2492,0.0,344.0,-0.1961,0.0125,0.2482,-0.1223,-0.044,2.4508,2.59,2.98,2.98,2.42,no_change,2.59,2026-09-21T14:55:25,0.0,0.0,339.465,2026-09-21 19:44:12,2026-09-21 15:45:04
AAPL,AAPL261016P00325000,AAPL,2026-10-16,P,325.0,2.88,23.0,2.97,196.0,0.2448,5205.0,850.0,-0.2273,0.0139,0.2707,-0.1316,-0.051,2.9212,-0.965,3.95,4.5,2.9,up,3.01,2026-09-21T15:27:21,-24.2767,3.97499990463257,339.465,2026-09-21 19:44:12,2026-09-21 15:45:04
AAPL,AAPL261016P00327500,AAPL,2026-10-16,P,327.5,3.4,179.0,3.65,489.0,0.2426,0.0,323.0,-0.2623,0.0152,0.2906,-0.1404,-0.0577,3.4807,3.57,5.19,5.19,3.5,down,3.57,2026-09-21T15:27:21,0.0,0.0,339.465,2026-09-21 19:44:12,2026-09-21 15:45:04
AAPL,AAPL261016P00330000,AAPL,2026-10-16,P,330.0,4.1,11.0,4.25,400.0,0.2391,9269.0,1711.0,-0.3008,0.0166,0.3107,-0.1484,-0.0654,4.1349,-1.35,5.65,6.3,4.1,down,4.2,2026-09-21T15:24:07,-24.3243,5.54999995231628,339.465,2026-09-21 19:44:12,2026-09-21 15:45:04
AAPL,AAPL261016P00332500,AAPL,2026-10-16,P,332.5,4.85,16.0,5.1,254.0,0.2373,0.0,160.0,-0.3428,0.0177,0.3268,-0.1551,-0.074,4.8939,5.0,6.95,7.35,4.93,down,5.0,2026-09-21T15:22:14,0.0,0.0,339.465,2026-09-21 19:44:12,2026-09-21 15:45:04
AAPL,AAPL261016P00335000,AAPL,2026-10-16,P,335.0,5.7,186.0,6.0,656.0,0.2344,3864.0,1184.0,-0.3879,0.0188,0.3403,-0.1601,-0.0818,5.7697,-1.63,7.84,8.53,5.8,up,5.92,2026-09-21T15:22:00,-21.5894,7.54999995231628,339.465,2026-09-21 19:44:12,2026-09-21 15:45:04
AAPL,AAPL261016P00337500,AAPL,2026-10-16,P,337.5,6.7,124.0,6.85,163.0,0.2297,0.0,371.0,-0.4354,0.0195,0.3496,-0.1632,-0.0901,6.7656,6.8,8.89,8.89,6.8,no_change,6.8,2026-09-21T15:28:33,0.0,0.0,339.465,2026-09-21 19:44:12,2026-09-21 15:45:04
AAPL,AAPL261016P00340000,AAPL,2026-10-16,P,340.0,7.85,1.0,8.05,324.0,0.2289,2910.0,1911.0,-0.4848,0.0201,0.3536,-0.1641,-0.099,7.8881,-2.075,11.0,11.3,7.9,no_change,7.9,2026-09-21T15:29:09,-20.802,9.97499990463257,339.465,2026-09-21 19:44:12,2026-09-21 15:45:04
AAPL,AAPL261016P00342500,AAPL,2026-10-16,P,342.5,9.05,171.0,9.45,404.0,0.228,0.0,47.0,-0.5353,0.0203,0.3523,-0.1626,-0.1057,9.1452,9.45,10.35,10.35,9.25,no_change,9.45,2026-09-21T14:42:57,0.0,0.0,339.465,2026-09-21 19:44:12,2026-09-21 15:45:04
AAPL,AAPL261016P00345000,AAPL,2026-10-16,P,345.0,10.45,138.0,10.9,532.0,0.2271,617.0,125.0,-0.586,0.0202,0.3451,-0.1588,-0.1126,10.5341,-2.375,11.57,12.22,10.6,down,10.6,2026-09-21T15:28:29,-18.3044,12.9749999046326,339.465,2026-09-21 19:44:12,2026-09-21 15:45:04
AAPL,AAPL261016P00347500,AAPL,2026-10-16,P,347.5,11.8,330.0,12.45,169.0,0.2234,0.0,3.0,-0.6361,0.0198,0.3328,-0.1528,-0.1179,12.0543,12.48,13.77,13.77,12.48,down,12.48,2026-09-21T12:17:14,0.0,0.0,339.465,2026-09-21 19:44:12,2026-09-21 15:45:04
AAPL,AAPL261016P00350000,AAPL,2026-10-16,P,350.0,13.6,24.0,14.1,230.0,0.2243,1383.0,54.0,-0.6846,0.0191,0.316,-0.1446,-0.1211,13.7069,-2.085,16.8,18.05,14.02,no_change,14.39,2026-09-21T14:03:01,-12.6555,16.4750003814697,339.465,2026-09-21 19:44:12,2026-09-21 15:45:04
AAPL,AAPL261016P00352500,AAPL,2026-10-16,P,352.5,15.4,11.0,16.2,299.0,0.2292,0.0,0.0,-0.7308,0.0181,0.2931,-0.1349,-0.1226,15.4842,0.0,0.0,0.0,0.0,no_change,0.0,,0.0,0.0,339.465,2026-09-21 19:44:12,2026-09-21 15:45:04
AAPL,AAPL261016P00355000,AAPL,2026-10-16,P,355.0,17.3,15.0,18.15,403.0,0.2303,46.0,24.0,-0.7742,0.0169,0.2661,-0.124,-0.1217,17.3775,-2.14,18.36,18.36,17.96,down,17.96,2026-09-21T13:08:47,-10.6468,20.0999994277954,339.465,2026-09-21 19:44:12,2026-09-21 15:45:04
AAPL,AAPL261016P00357500,AAPL,2026-10-16,P,357.5,18.9,346.0,20.9,345.0,0.2377,0.0,0.0,-0.8142,0.0156,0.239,-0.1126,-0.1178,19.3793,0.0,0.0,0.0,0.0,no_change,0.0,,0.0,0.0,339.465,2026-09-21 19:44:12,2026-09-21 15:45:04
AAPL,AAPL261016P00360000,AAPL,2026-10-16,P,360.0,21.0,380.0,22.45,383.0,0.2274,87.0,51.0,-0.8502,0.0142,0.208,-0.1009,-0.1116,21.4801,-2.3,26.75,26.75,22.5,down,22.5,2026-09-21T11:47:12,-9.27419,24.8000001907349,339.465,2026-09-21 19:44:12,2026-09-21 15:45:04
AAPL,AAPL261016P00365000,AAPL,2026-10-16,P,365.0,25.85,21.0,27.6,165.0,0.2616,15.0,1.0,-0.9113,0.0114,0.1437,-0.0786,-0.0919,25.9308,-2.72,26.48,26.48,26.48,down,26.48,2026-09-21T13:00:55,-9.31507,29.1999998092651,339.465,2026-09-21 19:44:12,2026-09-21 15:45:04
AAPL,AAPL261016P00370000,AAPL,2026-10-16,P,370.0,30.5,13.0,32.25,131.0,0.2743,1.0,1.0,-0.958,0.0092,0.0837,-0.0582,-0.0608,30.6428,-2.55,31.4,31.4,31.4,down,31.4,2026-09-21T14:58:11,-7.51104,33.9499988555908,339.465,2026-09-21 19:44:12,2026-09-21 15:45:04
AAPL,AAPL261016P00375000,AAPL,2026-10-16,P,375.0,34.85,104.0,37.55,118.0,0.2927,0.0,0.0,-0.9891,0.005,0.0259,-0.0451,-0.0183,35.5436,0.0,0.0,0.0,0.0,no_change,41.76,2026-09-11T13:41:04,0.0,38.8999996185303,339.465,2026-09-21 19:44:12,2026-09-21 15:45:04
AAPL,AAPL261016P00380000,AAPL,2026-10-16,P,380.0,39.3,86.0,42.55,87.0,0.2984,0.0,0.0,-0.9996,0.0002,0.0,-0.0491,0.0,40.5357,0.0,0.0,0.0,0.0,up,48.75,2026-07-30T10:10:28,0.0,43.7000007629394,339.465,2026-09-21 19:44:12,2026-09-21 15:45:04
AAPL,AAPL261016P00385000,AAPL,2026-10-16,P,385.0,44.5,76.0,47.55,91.0,0.3335,0.0,0.0,-1.0,0.0,0.0,-0.0491,0.0,45.5357,0.0,0.0,0.0,0.0,no_change,0.0,,0.0,48.75,339.465,2026-09-21 19:44:12,2026-09-21 15:45:04
AAPL,AAPL261016P00390000,AAPL,2026-10-16,P,390.0,49.65,80.0,52.55,91.0,0.366,0.0,0.0,-1.0,0.0,0.0,-0.0491,0.0,50.5357,0.0,0.0,0.0,0.0,down,53.15,2026-07-28T15:55:59,0.0,53.8999996185303,339.465,2026-09-21 19:44:12,2026-09-21 15:45:04
AAPL,AAPL261016P00395000,AAPL,2026-10-16,P,395.0,54.65,80.0,57.55,91.0,0.3913,0.0,0.0,-1.0,0.0,0.0,-0.0491,0.0,55.5357,0.0,0.0,0.0,0.0,down,78.23,2026-08-20T10:52:03,0.0,58.8999996185303,339.465,2026-09-21 19:44:12,2026-09-21 15:45:04
AAPL,AAPL261016P00400000,AAPL,2026-10-16,P,400.0,59.65,80.0,62.55,91.0,0.4159,0.0,0.0,-1.0,0.0,0.0,-0.0491,0.0,60.5357,0.0,0.0,0.0,0.0,up,71.0,2026-09-03T12:56:49,0.0,63.9750003814697,339.465,2026-09-21 19:44:12,2026-09-21 15:45:04
AAPL,AAPL261016P00405000,AAPL,2026-10-16,P,405.0,64.65,80.0,67.55,91.0,0.44,0.0,0.0,-1.0,0.0,0.0,-0.0491,0.0,65.5357,0.0,0.0,0.0,0.0,up,80.2,2026-07-22T14:51:37,0.0,68.7000007629394,339.465,2026-09-21 19:44:12,2026-09-21 15:45:04
AAPL,AAPL261016P00410000,AAPL,2026-10-16,P,410.0,69.85,18.0,71.6,80.0,0.4169,1.0,0.0,-1.0,0.0,0.0,-0.0491,0.0,70.5357,0.0,0.0,0.0,0.0,up,108.52,2026-08-12T15:46:25,0.0,73.9500007629394,339.465,2026-09-21 19:44:12,2026-09-21 15:45:04
AAPL,AAPL261016P00415000,AAPL,2026-10-16,P,415.0,75.1,75.0,77.55,83.0,0.5084,0.0,0.0,-1.0,0.0,0.0,-0.0491,0.0,75.5357,0.0,0.0,0.0,0.0,up,113.54,2026-08-12T15:46:25,0.0,78.9000015258789,339.465,2026-09-21 19:44:12,2026-09-21 15:45:04
AAPL,AAPL261016P00420000,AAPL,2026-10-16,P,420.0,80.1,75.0,82.4,76.0,0.5243,0.0,0.0,-1.0,0.0,0.0,-0.0491,0.0,80.5357,0.0,0.0,0.0,0.0,no_change,0.0,,0.0,83.6500015258789,339.465,2026-09-21 19:44:12,2026-09-21 15:45:04
AAPL,AAPL261016P00425000,AAPL,2026-10-16,P,425.0,84.65,80.0,87.55,92.0,0.5311,0.0,0.0,-1.0,0.0,0.0,-0.0491,0.0,85.5357,0.0,0.0,0.0,0.0,no_change,0.0,,0.0,88.6749992370606,339.465,2026-09-21 19:44:12,2026-09-21 15:45:04
AAPL,AAPL261016P00430000,AAPL,2026-10-16,P,430.0,89.5,82.0,92.55,92.0,0.5443,0.0,0.0,-1.0,0.0,0.0,-0.0491,0.0,90.5357,0.0,0.0,0.0,0.0,no_change,0.0,,0.0,93.9249992370606,339.465,2026-09-21 19:44:12,2026-09-21 15:45:04
AAPL,AAPL261016P00435000,AAPL,2026-10-16,P,435.0,94.65,80.0,97.55,92.0,0.574,0.0,0.0,-1.0,0.0,0.0,-0.0491,0.0,95.5357,0.0,0.0,0.0,0.0,no_change,0.0,,0.0,98.8250007629394,339.465,2026-09-21 19:44:12,2026-09-21 15:45:04
AAPL,AAPL261016P00440000,AAPL,2026-10-16,P,440.0,99.6,76.0,102.55,87.0,0.5921,0.0,0.0,-1.0,0.0,0.0,-0.0491,0.0,100.5357,0.0,0.0,0.0,0.0,no_change,0.0,,0.0,103.674999237061,339.465,2026-09-21 19:44:12,2026-09-21 15:45:04
AAPL,AAPL261016P00450000,AAPL,2026-10-16,P,450.0,109.95,71.0,112.55,87.0,0.6529,0.0,0.0,-1.0,0.0,0.0,-0.0491,0.0,110.5357,0.0,0.0,0.0,0.0,no_change,0.0,,0.0,113.849998474121,339.465,2026-09-21 19:44:12,2026-09-21 15:45:04
AAPL,AAPL261016P00460000,AAPL,2026-10-16,P,460.0,119.65,80.0,122.55,92.0,0.6749,0.0,0.0,-1.0,0.0,0.0,-0.0491,0.0,120.5357,0.0,0.0,0.0,0.0,no_change,0.0,,0.0,123.950000762939,339.465,2026-09-21 19:44:12,2026-09-21 15:45:04
AAPL,AAPL261016P00470000,AAPL,2026-10-16,P,470.0,129.65,80.0,132.55,92.0,0.7131,0.0,0.0,-1.0,0.0,0.0,-0.0491,0.0,130.5357,0.0,0.0,0.0,0.0,no_change,0.0,,0.0,133.650001525879,339.465,2026-09-21 19:44:12,2026-09-21 15:45:04
AAPL,AAPL261016P00480000,AAPL,2026-10-16,P,480.0,140.1,75.0,142.55,92.0,0.7779,0.0,0.0,-1.0,0.0,0.0,-0.0491,0.0,140.5357,0.0,0.0,0.0,0.0,no_change,0.0,,0.0,143.824996948242,339.465,2026-09-21 19:44:12,2026-09-21 15:45:04
AAPL,AAPL261016P00490000,AAPL,2026-10-16,P,490.0,149.5,10.0,152.55,87.0,0.7751,0.0,0.0,-1.0,0.0,0.0,-0.0491,0.0,150.5357,0.0,0.0,0.0,0.0,no_change,0.0,,0.0,153.900001525879,339.465,2026-09-21 19:44:12,2026-09-21 15:45:04
AAPL,AAPL261016P00500000,AAPL,2026-10-16,P,500.0,159.4,80.0,162.7,10.0,0.8135,0.0,0.0,-1.0,0.0,0.0,-0.0491,0.0,160.5357,0.0,0.0,0.0,0.0,no_change,0.0,,0.0,163.800003051758,339.465,2026-09-21 19:44:12,2026-09-21 15:45:04
AAPL,AAPL261016P00510000,AAPL,2026-10-16,P,510.0,169.5,76.0,172.7,16.0,0.8547,0.0,0.0,-1.0,0.0,0.0,-0.0491,0.0,170.5357,0.0,0.0,0.0,0.0,no_change,0.0,,0.0,173.875,339.465,2026-09-21 19:44:12,2026-09-21 15:45:04
AAPL,AAPL261016P00520000,AAPL,2026-10-16,P,520.0,179.3,76.0,182.7,16.0,0.8716,0.0,0.0,-1.0,0.0,0.0,-0.0491,0.0,180.5357,0.0,0.0,0.0,0.0,no_change,0.0,,0.0,183.775001525879,339.465,2026-09-21 19:44:12,2026-09-21 15:45:04
AAPL,AAPL261016P00530000,AAPL,2026-10-16,P,530.0,189.3,89.0,192.7,87.0,0.9034,0.0,0.0,-1.0,0.0,0.0,-0.0491,0.0,190.5357,0.0,0.0,0.0,0.0,no_change,0.0,,0.0,193.75,339.465,2026-09-21 19:44:12,2026-09-21 15:45:04
AAPL,AAPL261016P00540000,AAPL,2026-10-16,P,540.0,199.65,76.0,202.7,17.0,0.963,0.0,0.0,-1.0,0.0,0.0,-0.0491,0.0,200.5357,0.0,0.0,0.0,0.0,no_change,0.0,,0.0,203.650001525879,339.465,2026-09-21 19:44:12,2026-09-21 15:45:04
AAPL,AAPL261016P00550000,AAPL,2026-10-16,P,550.0,209.65,76.0,212.7,15.0,0.9939,0.0,0.0,-1.0,0.0,0.0,-0.0491,0.0,210.5357,0.0,0.0,0.0,0.0,no_change,0.0,,0.0,213.824996948242,339.465,2026-09-21 19:44:12,2026-09-21 15:45:04
AAPL,AAPL261016P00560000,AAPL,2026-10-16,P,560.0,219.35,76.0,222.7,17.0,0.999,0.0,0.0,-1.0,0.0,0.0,-0.0491,0.0,220.5357,0.0,0.0,0.0,0.0,no_change,0.0,,0.0,223.875,339.465,2026-09-21 19:44:12,2026-09-21 15:45:04
AAPL,AAPL261016P00570000,AAPL,2026-10-16,P,570.0,229.5,76.0,232.7,16.0,1.0414,0.0,0.0,-1.0,0.0,0.0,-0.0491,0.0,230.5357,0.0,0.0,0.0,0.0,no_change,0.0,,0.0,233.650001525879,339.465,2026-09-21 19:44:12,2026-09-21 15:45:04
AAPL,AAPL261016P00580000,AAPL,2026-10-16,P,580.0,239.65,76.0,242.7,16.0,1.0827,0.0,0.0,-1.0,0.0,0.0,-0.0491,0.0,240.5357,0.0,0.0,0.0,0.0,no_change,0.0,,0.0,243.775001525879,339.465,2026-09-21 19:44:12,2026-09-21 15:45:04
AAPL,AAPL261016P00590000,AAPL,2026-10-16,P,590.0,249.5,80.0,252.7,76.0,1.0981,0.0,0.0,-1.0,0.0,0.0,-0.0491,0.0,250.5357,0.0,0.0,0.0,0.0,down,250.65,2026-07-28T15:49:18,0.0,253.599998474121,339.465,2026-09-21 19:44:12,2026-09-21 15:45:04
AAPL,AAPL261016P00600000,AAPL,2026-10-16,P,600.0,259.65,80.0,262.55,92.0,1.1256,0.0,0.0,-1.0,0.0,0.0,-0.0491,0.0,260.5357,0.0,0.0,0.0,0.0,up,266.4,2026-07-30T09:33:22,0.0,263.725006103516,339.465,2026-09-21 19:44:12,2026-09-21 15:45:04
AAPL,AAPL261023C00110000,AAPL,2026-10-23,C,110.0,228.35,73.0,231.6,11.0,1.493,1.0,0.0,0.9997,0.0,0.0001,0.0,0.102,229.84,0.0,0.0,0.0,0.0,down,206.6,2026-09-08T12:28:09,0.0,226.625,339.465,2026-09-21 19:44:12,2026-09-21 15:45:04
AAPL,AAPL261023C00120000,AAPL,2026-10-23,C,120.0,217.9,86.0,221.65,11.0,0.0,0.0,0.0,0.9997,0.0,0.0001,0.0,0.1112,219.8819,0.0,0.0,0.0,0.0,no_change,0.0,,0.0,216.625,339.465,2026-09-21 19:44:12,2026-09-21 15:45:04
AAPL,AAPL261023C00125000,AAPL,2026-10-23,C,125.0,213.15,76.0,216.65,11.0,0.0,0.0,0.0,0.9997,0.0,0.0001,0.0,0.1159,214.9029,0.0,0.0,0.0,0.0,no_change,0.0,,0.0,211.650001525879,339.465,2026-09-21 19:44:12,2026-09-21 15:45:04
AAPL,AAPL261023C00130000,AAPL,2026-10-23,C,130.0,207.95,86.0,211.7,11.0,0.0,0.0,0.0,0.9997,0.0,0.0002,0.0,0.1205,209.9239,0.0,0.0,0.0,0.0,no_change,0.0,,0.0,206.700004577637,339.465,2026-09-21 19:44:12,2026-09-21 15:45:04
AAPL,AAPL261023C00135000,AAPL,2026-10-23,C,135.0,203.2,76.0,206.7,11.0,0.9391,0.0,0.0,0.9997,0.0,0.0002,0.0,0.1251,204.9449,0.0,0.0,0.0,0.0,no_change,0.0,,0.0,201.725006103516,339.465,2026-09-21 19:44:12,2026-09-21 15:45:04
AAPL,AAPL261023C00140000,AAPL,2026-10-23,C,140.0,198.0,86.0,201.7,12.0,0.0,0.0,0.0,0.9997,0.0,0.0003,0.0,0.1298,199.966,0.0,0.0,0.0,0.0,no_change,0.0,,0.0,196.700004577637,339.465,2026-09-21 19:44:12,2026-09-21 15:45:04
AAPL,AAPL261023C00145000,AAPL,2026-10-23,C,145.0,193.0,86.0,196.3,1.0,0.0,1.0,0.0,0.9997,0.0,0.0004,0.0,0.1344,194.9872,0.0,0.0,0.0,0.0,up,191.5,2026-09-17T13:56:47,0.0,191.75,339.465,2026-09-21 19:44:12,2026-09-21 15:45:04
AAPL,AAPL261023C00150000,AAPL,2026-10-23,C,150.0,188.0,87.0,191.65,11.0,0.0,0.0,0.0,0.9996,0.0,0.0004,0.0,0.139,190.0084,0.0,0.0,0.0,0.0,no_change,0.0,,0.0,186.75,339.465,2026-09-21 19:44:12,2026-09-21 15:45:04
AAPL,AAPL261023C00155000,AAPL,2026-10-23,C,155.0,183.05,87.0,186.5,1.0,0.0,0.0,0.0,0.9996,0.0,0.0006,0.0,0.1436,185.0298,0.0,0.0,0.0,0.0,no_change,0.0,,0.0,181.799995422363,339.465,2026-09-21 19:44:12,2026-09-21 15:45:04
AAPL,AAPL261023C00160000,AAPL,2026-10-23,C,160.0,178.55,76.0,181.8,12.0,1.0138,0.0,0.0,0.9996,0.0,0.0007,0.0,0.1483,180.0513,0.0,0.0,0.0,0.0,no_change,0.0,,0.0,176.799995422363,339.465,2026-09-21 19:44:12,2026-09-21 15:45:04
AAPL,AAPL261023C00165000,AAPL,2026-10-23,C,165.0,173.05,87.0,176.8,12.0,0.0,0.0,0.0,0.9995,0.0,0.0009,0.0,0.1529,175.0729,0.0,0.0,0.0,0.0,no_change,0.0,,0.0,171.824996948242,339.465,2026-09-21 19:44:12,2026-09-21 15:45:04
AAPL,AAPL261023C00170000,AAPL,2026-10-23,C,170.0,168.1,87.0,171.55,1.0,0.0,0.0,0.0,0.9995,0.0,0.0011,0.0,0.1575,170.0948,0.0,0.0,0.0,0.0,no_change,0.0,,0.0,166.849998474121,339.465,2026-09-21 19:44:12,2026-09-21 15:45:04
AAPL,AAPL261023C00175000,AAPL,2026-10-23,C,175.0,163.1,87.0,166.8,10.0,0.0,0.0,0.0,0.9994,0.0,0.0014,0.0,0.1621,165.117,0.0,0.0,0.0,0.0,no_change,0.0,,0.0,161.875,339.465,2026-09-21 19:44:12,2026-09-21 15:45:04
AAPL,AAPL261023C00180000,AAPL,2026-10-23,C,180.0,158.15,87.0,161.9,12.0,0.0,0.0,0.0,0.9993,0.0,0.0017,0.0,0.1667,160.1396,0.0,0.0,0.0,0.0,no_change,0.0,,0.0,156.900001525879,339.465,2026-09-21 19:44:12,2026-09-21 15:45:04
AAPL,AAPL261023C00185000,AAPL,2026-10-23,C,185.0,153.25,76.0,156.65,1.0,0.0,0.0,0.0,0.9992,0.0,0.0021,0.0,0.1713,155.1625,0.0,0.0,0.0,0.0,no_change,0.0,,0.0,151.900001525879,339.465,2026-09-21 19:44:12,2026-09-21 15:45:04
AAPL,AAPL261023C00190000,AAPL,2026-10-23,C,190.0,148.15,87.0,151.6,1.0,0.0,0.0,0.0,0.999,0.0,0.0027,0.0,0.1759,150.186,0.0,0.0,0.0,0.0,no_change,0.0,,0.0,146.925003051758,339.465,2026-09-21 19:44:12,2026-09-21 15:45:04
AAPL,AAPL261023C00195000,AAPL,2026-10-23,C,195.0,143.2,92.0,146.95,13.0,0.0,0.0,0.0,0.9988,0.0,0.0033,0.0,0.1804,145.2101,0.0,0.0,0.0,0.0,no_change,0.0,,0.0,141.925003051758,339.465,2026-09-21 19:44:12,2026-09-21 15:45:04
AAPL,AAPL261023C00200000,AAPL,2026-10-23,C,200.0,138.2,92.0,141.9,13.0,0.0,0.0,1.0,0.9986,0.0001,0.004,0.0,0.185,140.2348,-0.09,136.86,136.86,136.86,down,136.86,2026-09-21T09:56:30,-0.0657208,136.950004577637,339.465,2026-09-21 19:44:12,2026-09-21 15:45:04
AAPL,AAPL261023C00205000,AAPL,2026-10-23,C,205.0,133.25,92.0,137.0,13.0,0.0,0.0,0.0,0.9983,0.0001,0.005,0.0,0.1896,135.2603,0.0,0.0,0.0,0.0,no_change,0.0,,0.0,131.975006103516,339.465,2026-09-21 19:44:12,2026-09-21 15:45:04
AAPL,AAPL261023C00210000,AAPL,2026-10-23,C,210.0,128.25,87.0,132.0,12.0,0.0,1.0,0.0,0.9979,0.0001,0.006,0.0,0.1941,130.2867,0.0,0.0,0.0,0.0,up,110.97,2026-09-10T09:31:20,0.0,127.049999237061,339.465,2026-09-21 19:44:12,2026-09-21 15:45:04
AAPL,AAPL261023C00215000,AAPL,2026-10-23,C,215.0,123.8,76.0,126.6,10.0,0.0,2.0,0.0,0.9975,0.0001,0.0072,0.0,0.1986,125.3142,0.0,0.0,0.0,0.0,up,103.85,2026-09-08T10:13:49,0.0,122.049999237061,339.465,2026-09-21 19:44:12,2026-09-21 15:45:04
AAPL,AAPL261023C00220000,AAPL,2026-10-23,C,220.0,118.8,80.0,121.5,10.0,0.0,2.0,0.0,0.997,0.0001,0.0087,0.0,0.2031,120.3427,0.0,0.0,0.0,0.0,up,101.28,2026-09-10T10:32:17,0.0,117.099998474121,339.465,2026-09-21 19:44:12,2026-09-21 15:45:04
AAPL,AAPL261023C00225000,AAPL,2026-10-23,C,225.0,113.85,80.0,116.8,10.0,0.4369,6.0,0.0,0.9964,0.0002,0.0104,0.0,0.2075,115.3725,0.0,0.0,0.0,0.0,up,109.9,2026-09-11T14:13:27,0.0,112.074996948242,339.465,2026-09-21 19:44:12,2026-09-21 15:45:04
AAPL,AAPL261023C00230000,AAPL,2026-10-23,C,230.0,108.85,81.0,111.95,10.0,0.5112,10.0,0.0,0.9957,0.0002,0.0123,0.0,0.2119,110.4038,0.0,0.0,0.0,0.0,down,90.93,2026-09-10T10:28:50,0.0,107.150001525879,339.465,2026-09-21 19:44:12,2026-09-21 15:45:04
AAPL,AAPL261023C00235000,AAPL,2026-10-23,C,235.0,103.9,124.0,106.4,50.0,0.0,64.0,25.0,0.9949,0.0003,0.0146,0.0,0.2163,105.4367,2.62,105.0,105.0,104.77,no_change,104.77,2026-09-21T12:31:51,2.56485,102.150001525879,339.465,2026-09-21 19:44:12,2026-09-21 15:45:04
AAPL,AAPL261023C00240000,AAPL,2026-10-23,C,240.0,98.95,79.0,101.85,10.0,0.4097,28.0,0.0,0.9939,0.0003,0.0172,0.0,0.2206,100.4715,0.0,0.0,0.0,0.0,down,93.72,2026-09-16T15:55:39,0.0,97.2000007629394,339.465,2026-09-21 19:44:12,2026-09-21 15:45:04
AAPL,AAPL261023C00245000,AAPL,2026-10-23,C,245.0,94.0,81.0,96.95,10.0,0.4449,13.0,0.0,0.9928,0.0004,0.0202,-0.002,0.2249,95.5086,0.0,0.0,0.0,0.0,down,90.08,2026-09-14T11:32:57,0.0,92.2249984741211,339.465,2026-09-21 19:44:12,2026-09-21 15:45:04
AAPL,AAPL261023C00250000,AAPL,2026-10-23,C,250.0,89.0,81.0,91.95,10.0,0.4048,27.0,2.0,0.9914,0.0005,0.0237,-0.0043,0.229,90.5483,1.865,89.19,89.19,89.14,down,89.14,2026-09-21T11:56:33,2.13692,87.2750015258789,339.465,2026-09-21 19:44:12,2026-09-21 15:45:04
AAPL,AAPL261023C00255000,AAPL,2026-10-23,C,255.0,84.05,87.0,86.9,10.0,0.3613,26.0,34.0,0.9897,0.0006,0.0277,-0.0069,0.2332,85.5913,1.405,83.72,83.75,83.58,up,83.73,2026-09-21T11:38:59,1.70665,82.3249969482422,339.465,2026-09-21 19:44:12,2026-09-21 15:45:04
AAPL,AAPL261023C00260000,AAPL,2026-10-23,C,260.0,79.1,94.0,81.9,19.0,0.3435,20.0,34.0,0.9877,0.0008,0.0325,-0.0097,0.2372,80.6382,1.425,78.73,78.8,78.65,up,78.8,2026-09-21T11:38:59,1.84168,77.375,339.465,2026-09-21 19:44:12,2026-09-21 15:45:04
AAPL,AAPL261023C00265000,AAPL,2026-10-23,C,265.0,74.15,111.0,76.8,2.0,0.0,19.0,62.0,0.9853,0.0009,0.0381,-0.0128,0.241,75.6901,0.915,73.36,73.42,73.21,no_change,73.34,2026-09-21T11:12:21,1.26337,72.4250030517578,339.465,2026-09-21 19:44:12,2026-09-21 15:45:04
AAPL,AAPL261023C00270000,AAPL,2026-10-23,C,270.0,69.2,126.0,72.0,2.0,0.335,17.0,62.0,0.9823,0.0011,0.0447,-0.0162,0.2447,70.7483,1.33,68.41,68.47,68.27,down,68.43,2026-09-21T11:12:21,1.98211,67.1000022888184,339.465,2026-09-21 19:44:12,2026-09-21 15:45:04
AAPL,AAPL261023C00275000,AAPL,2026-10-23,C,275.0,63.75,114.0,66.95,10.0,0.0,8.0,68.0,0.9786,0.0014,0.0527,-0.02,0.2481,65.815,0.82,63.53,63.85,63.4,up,63.42,2026-09-21T10:56:26,1.3099,62.6000003814697,339.465,2026-09-21 19:44:12,2026-09-21 15:45:04
AAPL,AAPL261023C00280000,AAPL,2026-10-23,C,280.0,59.45,134.0,61.6,9.0,0.0,25.0,69.0,0.9739,0.0017,0.0623,-0.0244,0.2512,60.8932,2.205,58.56,59.88,58.49,up,59.88,2026-09-21T14:33:49,3.82315,57.6749992370606,339.465,2026-09-21 19:44:12,2026-09-21 15:45:04
AAPL,AAPL261023C00285000,AAPL,2026-10-23,C,285.0,54.45,128.0,56.25,1.0,0.0,10.0,1.0,0.9679,0.0021,0.0741,-0.0294,0.2539,55.9873,1.59,54.19,54.19,54.19,up,54.19,2026-09-21T10:37:07,3.02281,52.6000003814697,339.465,2026-09-21 19:44:12,2026-09-21 15:45:04
AAPL,AAPL261023C00290000,AAPL,2026-10-23,C,290.0,49.85,280.0,51.4,1.0,0.229,117.0,0.0,0.9601,0.0027,0.0886,-0.0354,0.256,51.1046,0.0,0.0,0.0,0.0,up,48.0,2026-09-18T15:54:47,0.0,48.1499996185303,339.465,2026-09-21 19:44:12,2026-09-21 15:45:04
AAPL,AAPL261023C00295000,AAPL,2026-10-23,C,295.0,44.85,250.0,47.4,49.0,0.2897,159.0,2.0,0.9496,0.0034,0.1069,-0.0424,0.2573,46.2555,2.625,45.8,45.8,45.8,no_change,45.8,2026-09-21T15:16:19,6.07991,43.1749992370606,339.465,2026-09-21 19:44:12,2026-09-21 15:45:04
AAPL,AAPL261023C00300000,AAPL,2026-10-23,C,300.0,39.95,305.0,42.0,30.0,0.2424,174.0,5.0,0.9356,0.0043,0.1294,-0.051,0.2574,41.4563,-0.165,38.06,38.06,38.06,down,38.06,2026-09-21T09:54:29,-0.431656,38.2250003814697,339.465,2026-09-21 19:44:12,2026-09-21 15:45:04
AAPL,AAPL261023C00305000,AAPL,2026-10-23,C,305.0,35.25,181.0,37.25,63.0,0.2417,49.0,1.0,0.9165,0.0055,0.1575,-0.0614,0.2557,36.7304,2.175,35.75,35.75,35.75,up,35.75,2026-09-21T15:01:45,6.47804,33.5749988555908,339.465,2026-09-21 19:44:12,2026-09-21 15:45:04
AAPL,AAPL261023C00310000,AAPL,2026-10-23,C,310.0,31.25,403.0,32.5,57.0,0.2537,260.0,7.0,0.8907,0.0069,0.1915,-0.0736,0.2519,32.1103,1.77,27.52,31.57,27.52,up,31.57,2026-09-21T14:46:10,5.9396,29.8000001907349,339.465,2026-09-21 19:44:12,2026-09-21 15:45:04
AAPL,AAPL261023C00315000,AAPL,2026-10-23,C,315.0,26.95,365.0,28.3,191.0,0.2567,442.0,6.0,0.8563,0.0087,0.2309,-0.0876,0.2452,27.6388,2.3,22.96,27.0,22.96,up,27.0,2026-09-21T12:17:14,9.31174,24.6999998092651,339.465,2026-09-21 19:44:12,2026-09-21 15:45:04
AAPL,AAPL261023C00320000,AAPL,2026-10-23,C,320.0,22.25,205.0,23.45,10.0,0.2294,862.0,30.0,0.8117,0.0107,0.2741,-0.1025,0.2351,23.3686,2.075,21.0,23.1,20.8,up,23.1,2026-09-21T14:46:15,9.8692,21.0250005722046,339.465,2026-09-21 19:44:12,2026-09-21 15:45:04
AAPL,AAPL261023C00325000,AAPL,2026-10-23,C,325.0,18.75,336.0,19.5,10.0,0.2347,445.0,1633.0,0.7559,0.0128,0.3175,-0.1171,0.2211,19.3597,1.72,16.41,19.02,15.37,up,19.02,2026-09-21T15:18:41,9.94219,17.3000001907349,339.465,2026-09-21 19:44:12,2026-09-21 15:45:04
AAPL,AAPL261023C00330000,AAPL,2026-10-23,C,330.0,15.15,274.0,15.8,1.0,0.2327,672.0,96.0,0.6887,0.0148,0.3566,-0.1297,0.2033,15.6745,1.9,12.4,15.6,11.65,up,15.6,2026-09-21T15:28:31,13.8686,13.6999998092651,339.465,2026-09-21 19:44:12,2026-09-21 15:45:04
AAPL,AAPL261023C00335000,AAPL,2026-10-23,C,335.0,11.95,358.0,12.5,54.0,0.2274,1302.0,529.0,0.6116,0.0164,0.3858,-0.1384,0.1819,12.371,1.575,10.25,12.3,8.85,no_change,12.3,2026-09-21T15:28:31,14.6853,10.7249999046326,339.465,2026-09-21 19:44:12,2026-09-21 15:45:04
AAPL,AAPL261023C00340000,AAPL,2026-10-23,C,340.0,9.35,293.0,9.5,3.0,0.2251,3874.0,925.0,0.5274,0.0174,0.4003,-0.1416,0.1579,9.4952,1.225,7.7,9.45,6.5,no_change,9.45,2026-09-21T15:29:08,14.8936,8.22499990463257,339.465,2026-09-21 19:44:12,2026-09-21 15:45:04
AAPL,AAPL261023C00345000,AAPL,2026-10-23,C,345.0,6.75,624.0,7.2,118.0,0.2207,1052.0,267.0,0.4402,0.0175,0.397,-0.1383,0.1324,7.0737,0.955,5.51,6.93,4.71,up,6.93,2026-09-21T15:23:57,15.9833,5.97500014305115,339.465,2026-09-21 19:44:12,2026-09-21 15:45:04
AAPL,AAPL261023C00350000,AAPL,2026-10-23,C,350.0,4.85,567.0,5.2,73.0,0.218,1889.0,253.0,0.3548,0.0167,0.3753,-0.1287,0.1071,5.1089,0.8,3.95,5.1,3.3,up,5.1,2026-09-21T15:28:31,18.6047,4.29999995231628,339.465,2026-09-21 19:44:12,2026-09-21 15:45:04
AAPL,AAPL261023C00355000,AAPL,2026-10-23,C,355.0,3.3,678.0,3.7,175.0,0.2156,1563.0,272.0,0.2757,0.0152,0.3382,-0.114,0.0835,3.5764,0.545,2.71,3.55,2.25,up,3.55,2026-09-21T15:24:09,18.1364,3.00499999523163,339.465,2026-09-21 19:44:12,2026-09-21 15:45:04
AAPL,AAPL261023C00360000,AAPL,2026-10-23,C,360.0,2.39,245.0,2.57,532.0,0.2179,5427.0,2590.0,0.2067,0.0131,0.2907,-0.0963,0.0627,2.4295,0.355,1.81,2.46,1.43,up,2.46,2026-09-21T15:28:38,16.8646,2.10500001907349,339.465,2026-09-21 19:44:12,2026-09-21 15:45:04
AAPL,AAPL261023C00365000,AAPL,2026-10-23,C,365.0,1.6,111.0,1.67,150.0,0.2163,1642.0,409.0,0.1497,0.0107,0.2388,-0.0778,0.0454,1.6061,0.16,1.2,1.62,0.96,down,1.6,2026-09-21T15:29:11,11.1111,1.43999999761581,339.465,2026-09-21 19:44:12,2026-09-21 15:45:04
AAPL,AAPL261023C00370000,AAPL,2026-10-23,C,370.0,1.0,475.0,1.11,72.0,0.2156,1021.0,319.0,0.1052,0.0084,0.1882,-0.0604,0.0319,1.0382,0.085,0.7,1.1,0.7,up,1.05,2026-09-21T15:26:48,8.80829,0.964999973773956,339.465,2026-09-21 19:44:12,2026-09-21 15:45:04
AAPL,AAPL261023C00375000,AAPL,2026-10-23,C,375.0,0.59,463.0,0.68,10.0,0.2132,429.0,235.0,0.0721,0.0063,0.1434,-0.0453,0.0218,0.6604,0.015,0.54,0.68,0.53,up,0.65,2026-09-21T14:55:15,2.36221,0.634999990463257,339.465,2026-09-21 19:44:12,2026-09-21 15:45:04
AAPL,AAPL261023C00380000,AAPL,2026-10-23,C,380.0,0.35,267.0,0.43,2.0,0.2135,437.0,37.0,0.0486,0.0046,0.1063,-0.0332,0.0147,0.4169,-0.04,0.38,0.43,0.3,up,0.4,2026-09-21T15:28:53,-9.09091,0.440000012516975,339.465,2026-09-21 19:44:12,2026-09-21 15:45:04
AAPL,AAPL261023C00385000,AAPL,2026-10-23,C,385.0,0.22,347.0,0.28,147.0,0.2162,571.0,140.0,0.0325,0.0033,0.0774,-0.0239,0.0098,0.2636,-0.06,0.2,0.32,0.2,no_change,0.25,2026-09-21T15:28:53,-19.3548,0.309999994933605,339.465,2026-09-21 19:44:12,2026-09-21 15:45:04
AAPL,AAPL261023C00390000,AAPL,2026-10-23,C,390.0,0.12,343.0,0.23,323.0,0.2222,311.0,15.0,0.0218,0.0023,0.056,-0.0172,0.0065,0.1686,-0.025,0.14,0.17,0.12,up,0.17,2026-09-21T14:28:17,-12.8205,0.195000000298023,339.465,2026-09-21 19:44:12,2026-09-21 15:45:04
AAPL,AAPL261023C00395000,AAPL,2026-10-23,C,395.0,0.07,304.0,0.13,243.0,0.2216,18.0,12.0,0.0148,0.0016,0.0406,-0.0124,0.0044,0.1101,-0.045,0.03,0.09,0.03,up,0.09,2026-09-21T12:21:20,-33.3333,0.13499999511987,339.465,2026-09-21 19:44:12,2026-09-21 15:45:04
AAPL,AAPL261023C00400000,AAPL,2026-10-23,C,400.0,0.03,371.0,0.1,250.0,0.2253,112.0,15.0,0.0102,0.0012,0.0297,-0.0091,0.003,0.0739,-0.005,0.09,0.09,0.07,up,0.08,2026-09-21T12:30:47,-5.88235,0.0849999999627471,339.465,2026-09-21 19:44:12,2026-09-21 15:45:04
AAPL,AAPL261023C00405000,AAPL,2026-10-23,C,405.0,0.01,290.0,0.14,388.0,0.2446,13.0,0.0,0.0072,0.0008,0.022,-0.0068,0.0021,0.0511,0.0,0.0,0.0,0.0,no_change,0.17,2026-09-14T11:11:48,0.0,0.0699999975040555,339.465,2026-09-21 19:44:12,2026-09-21 15:45:04
AAPL,AAPL261023C00410000,AAPL,2026-10-23,C,410.0,0.01,2.0,0.1,435.0,0.2504,7.0,4.0,0.0052,0.0006,0.0166,-0.0052,0.0015,0.0364,-0.005,0.05,0.05,0.05,no_change,0.05,2026-09-21T14:50:23,-9.09091,0.0549999997019768,339.465,2026-09-21 19:44:12,2026-09-21 15:45:04
AAPL,AAPL261023C00415000,AAPL,2026-10-23,C,415.0,0.01,2.0,0.08,370.0,0.259,258.0,4.0,0.0038,0.0005,0.0127,-0.004,0.0011,0.0266,-0.015,0.03,0.03,0.03,no_change,0.03,2026-09-21T13:34:53,-33.3333,0.0450000017881393,339.465,2026-09-21 19:44:12,2026-09-21 15:45:04
AAPL,AAPL261023P00110000,AAPL,2026-10-23,P,110.0,0.0,0.0,0.52,55.0,1.6101,0.0,0.0,0.0,0.0,0.0001,-0.0001,0.0,0.0004,0.0,0.0,0.0,0.0,no_change,0.0,,0.0,0.259999990463257,339.465,2026-09-21 19:44:12,2026-09-21 15:45:04
AAPL,AAPL261023P00120000,AAPL,2026-10-23,P,120.0,0.0,0.0,0.52,55.0,1.4922,0.0,0.0,0.0,0.0,0.0001,-0.0001,0.0,0.0006,0.0,0.0,0.0,0.0,no_change,0.0,,0.0,0.259999990463257,339.465,2026-09-21 19:44:12,2026-09-21 15:45:04
AAPL,AAPL261023P00125000,AAPL,2026-10-23,P,125.0,0.0,0.0,0.52,55.0,1.437,0.0,0.0,0.0,0.0,0.0001,-0.0002,0.0,0.0007,0.0,0.0,0.0,0.0,no_change,0.0,,0.0,0.259999990463257,339.465,2026-09-21 19:44:12,2026-09-21 15:45:04
AAPL,AAPL261023P00130000,AAPL,2026-10-23,P,130.0,0.0,0.0,0.52,55.0,1.3841,0.0,0.0,0.0,0.0,0.0002,-0.0002,0.0,0.0008,0.0,0.0,0.0,0.0,no_change,0.0,,0.0,0.259999990463257,339.465,2026-09-21 19:44:12,2026-09-21 15:45:04
AAPL,AAPL261023P00135000,AAPL,2026-10-23,P,135.0,0.0,0.0,0.52,55.0,1.3331,0.0,0.0,-0.0001,0.0,0.0002,-0.0002,0.0,0.001,0.0,0.0,0.0,0.0,no_change,0.0,,0.0,0.259999990463257,339.465,2026-09-21 19:44:12,2026-09-21 15:45:04
AAPL,AAPL261023P00140000,AAPL,2026-10-23,P,140.0,0.0,0.0,0.52,55.0,1.2841,0.0,0.0,-0.0001,0.0,0.0003,-0.0003,0.0,0.0013,0.0,0.0,0.0,0.0,no_change,0.0,,0.0,0.259999990463257,339.465,2026-09-21 19:44:12,2026-09-21 15:45:04
AAPL,AAPL261023P00145000,AAPL,2026-10-23,P,145.0,0.0,0.0,0.52,55.0,1.2368,0.0,0.0,-0.0001,0.0,0.0004,-0.0004,0.0,0.0016,0.0,0.0,0.0,0.0,no_change,0.0,,0.0,0.259999990463257,339.465,2026-09-21 19:44:12,2026-09-21 15:45:04
AAPL,AAPL261023P00150000,AAPL,2026-10-23,P,150.0,0.0,0.0,0.51,10.0,1.1878,0.0,0.0,-0.0001,0.0,0.0004,-0.0005,0.0,0.002,0.0,0.0,0.0,0.0,no_change,0.0,,0.0,0.209999993443489,339.465,2026-09-21 19:44:12,2026-09-21 15:45:04
AAPL,AAPL261023P00155000,AAPL,2026-10-23,P,155.0,0.0,0.0,0.51,69.0,1.1436,0.0,0.0,-0.0001,0.0,0.0006,-0.0006,0.0,0.0025,0.0,0.0,0.0,0.0,no_change,0.0,,0.0,0.209999993443489,339.465,2026-09-21 19:44:12,2026-09-21 15:45:04
AAPL,AAPL261023P00160000,AAPL,2026-10-23,P,160.0,0.0,0.0,0.26,67.0,1.0159,27.0,0.0,-0.0002,0.0,0.0007,-0.0007,0.0,0.0031,0.0,0.0,0.0,0.0,up,0.08,2026-09-15T15:43:12,0.0,0.0299999993294477,339.465,2026-09-21 19:44:12,2026-09-21 15:45:04
AAPL,AAPL261023P00165000,AAPL,2026-10-23,P,165.0,0.0,0.0,0.5,110.0,1.0572,1.0,0.0,-0.0002,0.0,0.0009,-0.0008,-0.0001,0.004,0.0,0.0,0.0,0.0,up,0.11,2026-09-15T12:23:41,0.0,0.245000004768372,339.465,2026-09-21 19:44:12,2026-09-21 15:45:04
AAPL,AAPL261023P00170000,AAPL,2026-10-23,P,170.0,0.0,0.0,0.49,110.0,1.0144,0.0,0.0,-0.0003,0.0,0.0011,-0.001,-0.0001,0.005,0.0,0.0,0.0,0.0,no_change,0.0,,0.0,0.239999994635582,339.465,2026-09-21 19:44:12,2026-09-21 15:45:04
AAPL,AAPL261023P00175000,AAPL,2026-10-23,P,175.0,0.0,0.0,0.48,110.0,0.973,0.0,0.0,-0.0004,0.0,0.0014,-0.0013,-0.0001,0.0064,0.0,0.0,0.0,0.0,no_change,0.0,,0.0,0.230000004172325,339.465,2026-09-21 19:44:12,2026-09-21 15:45:04
AAPL,AAPL261023P00180000,AAPL,2026-10-23,P,180.0,0.0,0.0,0.47,110.0,0.9327,0.0,0.0,-0.0005,0.0,0.0017,-0.0016,-0.0001,0.0081,0.0,0.0,0.0,0.0,no_change,0.0,,0.0,0.224999994039536,339.465,2026-09-21 19:44:12,2026-09-21 15:45:04
AAPL,AAPL261023P00185000,AAPL,2026-10-23,P,185.0,0.0,0.0,0.46,55.0,0.8936,0.0,0.0,-0.0006,0.0,0.0022,-0.0019,-0.0002,0.0102,0.0,0.0,0.0,0.0,no_change,0.0,,0.0,0.215000003576279,339.465,2026-09-21 19:44:12,2026-09-21 15:45:04
AAPL,AAPL261023P00190000,AAPL,2026-10-23,P,190.0,0.0,0.0,0.44,112.0,0.8531,0.0,0.0,-0.0008,0.0,0.0027,-0.0023,-0.0002,0.0128,0.0,0.0,0.0,0.0,no_change,0.0,,0.0,0.204999998211861,339.465,2026-09-21 19:44:12,2026-09-21 15:45:04
AAPL,AAPL261023P00195000,AAPL,2026-10-23,P,195.0,0.0,0.0,0.42,227.0,0.8136,2.0,0.0,-0.001,0.0,0.0033,-0.0028,-0.0003,0.0161,0.0,0.0,0.0,0.0,no_change,0.07,2026-09-09T10:44:29,0.0,0.194999992847443,339.465,2026-09-21 19:44:12,2026-09-21 15:45:04
AAPL,AAPL261023P00200000,AAPL,2026-10-23,P,200.0,0.0,0.0,0.39,258.0,0.7727,2.0,0.0,-0.0012,0.0001,0.0041,-0.0034,-0.0004,0.02,0.0,0.0,0.0,0.0,no_change,0.17,2026-09-04T11:55:41,0.0,0.174999997019768,339.465,2026-09-21 19:44:12,2026-09-21 15:45:04
AAPL,AAPL261023P00205000,AAPL,2026-10-23,P,205.0,0.0,0.0,0.36,223.0,0.7327,2.0,0.0,-0.0015,0.0001,0.005,-0.0041,-0.0004,0.0247,0.0,0.0,0.0,0.0,no_change,0.1,2026-09-04T11:55:56,0.0,0.155000001192093,339.465,2026-09-21 19:44:12,2026-09-21 15:45:04
AAPL,AAPL261023P00210000,AAPL,2026-10-23,P,210.0,0.0,0.0,0.31,181.0,0.6883,0.0,0.0,-0.0018,0.0001,0.006,-0.0048,-0.0006,0.0302,0.0,0.0,0.0,0.0,no_change,0.0,,0.0,0.125,339.465,2026-09-21 19:44:12,2026-09-21 15:45:04
AAPL,AAPL261023P00215000,AAPL,2026-10-23,P,215.0,0.0,0.0,0.09,29.0,0.5738,6.0,0.0,-0.0022,0.0001,0.0073,-0.0057,-0.0007,0.0368,0.0,0.0,0.0,0.0,up,0.12,2026-09-15T11:15:27,0.0,0.0549999997019768,339.465,2026-09-21 19:44:12,2026-09-21 15:45:04
AAPL,AAPL261023P00220000,AAPL,2026-10-23,P,220.0,0.0,0.0,0.2,329.0,0.5962,2.0,0.0,-0.0028,0.0001,0.0087,-0.0066,-0.0008,0.0446,0.0,0.0,0.0,0.0,up,0.1,2026-09-16T10:28:41,0.0,0.0599999986588955,339.465,2026-09-21 19:44:12,2026-09-21 15:45:04
AAPL,AAPL261023P00225000,AAPL,2026-10-23,P,225.0,0.01,115.0,0.11,340.0,0.5371,17.0,12.0,-0.0033,0.0002,0.0104,-0.0077,-0.001,0.0536,-0.005,0.06,0.06,0.05,up,0.06,2026-09-21T14:31:21,-7.69231,0.0649999985471368,339.465,2026-09-21 19:44:12,2026-09-21 15:45:04
AAPL,AAPL261023P00230000,AAPL,2026-10-23,P,230.0,0.01,20.0,0.13,250.0,0.5195,13.0,0.0,-0.004,0.0002,0.0124,-0.0089,-0.0012,0.064,0.0,0.0,0.0,0.0,down,0.1,2026-09-11T11:04:04,0.0,0.0750000001862645,339.465,2026-09-21 19:44:12,2026-09-21 15:45:04
AAPL,AAPL261023P00235000,AAPL,2026-10-23,P,235.0,0.02,256.0,0.13,334.0,0.4973,3.0,0.0,-0.0049,0.0003,0.0146,-0.0103,-0.0015,0.0762,0.0,0.0,0.0,0.0,up,0.09,2026-09-18T15:38:27,0.0,0.105000003241003,339.465,2026-09-21 19:44:12,2026-09-21 15:45:04
AAPL,AAPL261023P00240000,AAPL,2026-10-23,P,240.0,0.01,324.0,0.13,320.0,0.468,12.0,9.0,-0.0059,0.0003,0.0172,-0.0117,-0.0018,0.0902,0.005,0.09,0.1,0.09,no_change,0.1,2026-09-21T14:26:19,5.26315,0.09500000346452,339.465,2026-09-21 19:44:12,2026-09-21 15:45:04
AAPL,AAPL261023P00245000,AAPL,2026-10-23,P,245.0,0.05,300.0,0.17,400.0,0.4669,24.0,8.0,-0.007,0.0004,0.0202,-0.0134,-0.0021,0.1065,-0.005,0.11,0.11,0.11,down,0.11,2026-09-21T14:27:31,-4.34782,0.114999996498227,339.465,2026-09-21 19:44:12,2026-09-21 15:45:04
AAPL,AAPL261023P00250000,AAPL,2026-10-23,P,250.0,0.08,2.0,0.16,347.0,0.4458,17.0,0.0,-0.0084,0.0005,0.0237,-0.0152,-0.0026,0.1255,0.0,0.0,0.0,0.0,down,0.09,2026-09-18T09:51:57,0.0,0.155000001192093,339.465,2026-09-21 19:44:12,2026-09-21 15:45:04
AAPL,AAPL261023P00255000,AAPL,2026-10-23,P,255.0,0.06,281.0,0.18,295.0,0.4203,39.0,2.0,-0.0101,0.0006,0.0279,-0.0172,-0.0031,0.1477,-0.05,0.12,0.12,0.12,no_change,0.12,2026-09-21T10:43:20,-29.4118,0.169999998062849,339.465,2026-09-21 19:44:12,2026-09-21 15:45:04
AAPL,AAPL261023P00260000,AAPL,2026-10-23,P,260.0,0.14,1.0,0.2,358.0,0.4131,46.0,10.0,-0.0121,0.0008,0.0327,-0.0194,-0.0036,0.1744,-0.03,0.05,0.2,0.05,down,0.11,2026-09-21T13:49:46,-21.4286,0.140000000596046,339.465,2026-09-21 19:44:12,2026-09-21 15:45:04
AAPL,AAPL261023P00265000,AAPL,2026-10-23,P,265.0,0.13,259.0,0.34,509.0,0.406,45.0,0.0,-0.0145,0.0009,0.0382,-0.0219,-0.0044,0.2052,0.0,0.0,0.0,0.0,down,0.19,2026-09-17T13:48:36,0.0,0.214999996125698,339.465,2026-09-21 19:44:12,2026-09-21 15:45:04
AAPL,AAPL261023P00270000,AAPL,2026-10-23,P,270.0,0.17,273.0,0.39,491.0,0.3897,566.0,0.0,-0.0176,0.0011,0.045,-0.0248,-0.0053,0.2428,0.0,0.0,0.0,0.0,down,0.27,2026-09-18T12:40:18,0.0,0.25500001013279,339.465,2026-09-21 19:44:12,2026-09-21 15:45:04
AAPL,AAPL261023P00275000,AAPL,2026-10-23,P,275.0,0.22,272.0,0.36,314.0,0.3651,96.0,0.0,-0.0213,0.0014,0.0528,-0.028,-0.0064,0.289,0.0,0.0,0.0,0.0,up,0.35,2026-09-18T12:40:18,0.0,0.299999989569187,339.465,2026-09-21 19:44:12,2026-09-21 15:45:04
AAPL,AAPL261023P00280000,AAPL,2026-10-23,P,280.0,0.31,114.0,0.4,372.0,0.3501,509.0,23.0,-0.026,0.0017,0.0628,-0.0318,-0.0078,0.3466,-0.055,0.44,0.44,0.31,no_change,0.32,2026-09-21T14:04:34,-14.6667,0.375,339.465,2026-09-21 19:44:12,2026-09-21 15:45:04
AAPL,AAPL261023P00285000,AAPL,2026-10-23,P,285.0,0.38,244.0,0.48,329.0,0.3342,252.0,74.0,-0.0321,0.0021,0.0743,-0.0363,-0.0096,0.4208,-0.125,0.43,0.43,0.35,no_change,0.43,2026-09-21T15:15:12,-22.5225,0.554999992251396,339.465,2026-09-21 19:44:12,2026-09-21 15:45:04
AAPL,AAPL261023P00290000,AAPL,2026-10-23,P,290.0,0.5,84.0,0.58,460.0,0.3202,352.0,228.0,-0.04,0.0027,0.0893,-0.0417,-0.0119,0.5179,-0.08,0.61,0.61,0.49,no_change,0.54,2026-09-21T15:09:13,-12.9032,0.620000004768372,339.465,2026-09-21 19:44:12,2026-09-21 15:45:04
AAPL,AAPL261023P00295000,AAPL,2026-10-23,P,295.0,0.63,11.0,0.72,584.0,0.3057,458.0,539.0,-0.0505,0.0034,0.1071,-0.0483,-0.015,0.6492,-0.2,0.76,0.85,0.59,no_change,0.67,2026-09-21T15:15:01,-22.9885,0.870000004768372,339.465,2026-09-21 19:44:12,2026-09-21 15:45:04
AAPL,AAPL261023P00300000,AAPL,2026-10-23,P,300.0,0.75,338.0,0.85,229.0,0.2873,7132.0,598.0,-0.0648,0.0043,0.13,-0.0564,-0.019,0.8312,-0.26,1.0,1.12,0.79,no_change,0.85,2026-09-21T15:29:00,-23.4234,1.11000001430511,339.465,2026-09-21 19:44:12,2026-09-21 15:45:04
AAPL,AAPL261023P00305000,AAPL,2026-10-23,P,305.0,1.07,1.0,1.15,533.0,0.2791,498.0,312.0,-0.084,0.0055,0.1587,-0.0663,-0.0246,1.0869,-0.295,1.37,1.58,1.05,up,1.12,2026-09-21T15:25:24,-20.8481,1.41500002145767,339.465,2026-09-21 19:44:12,2026-09-21 15:45:04
AAPL,AAPL261023P00310000,AAPL,2026-10-23,P,310.0,1.35,279.0,1.51,386.0,0.2658,752.0,361.0,-0.1101,0.007,0.1935,-0.0781,-0.0322,1.4493,-0.42,1.97,2.1,1.41,no_change,1.49,2026-09-21T15:16:01,-21.9895,1.91000002622604,339.465,2026-09-21 19:44:12,2026-09-21 15:45:04
AAPL,AAPL261023P00315000,AAPL,2026-10-23,P,315.0,1.91,1.0,2.06,541.0,0.2583,545.0,730.0,-0.1449,0.0088,0.2334,-0.0917,-0.0421,1.9625,-0.625,2.55,2.89,1.89,down,2.0,2026-09-21T15:25:24,-23.8095,2.625,339.465,2026-09-21 19:44:12,2026-09-21 15:45:04
AAPL,AAPL261023P00320000,AAPL,2026-10-23,P,320.0,2.61,2.0,2.79,535.0,0.2499,1069.0,792.0,-0.1902,0.0109,0.2769,-0.1064,-0.0544,2.68,-0.925,3.55,4.0,2.64,down,2.7,2026-09-21T15:28:38,-25.5172,3.625,339.465,2026-09-21 19:44:12,2026-09-21 15:45:04
AAPL,AAPL261023P00325000,AAPL,2026-10-23,P,325.0,3.6,33.0,3.85,644.0,0.2441,571.0,230.0,-0.247,0.013,0.3202,-0.1208,-0.0692,3.6638,-1.175,5.0,5.29,3.65,no_change,3.75,2026-09-21T15:25:34,-23.8579,4.92499995231628,339.465,2026-09-21 19:44:12,2026-09-21 15:45:04
AAPL,AAPL261023P00330000,AAPL,2026-10-23,P,330.0,4.9,219.0,5.35,400.0,0.2404,561.0,177.0,-0.3154,0.0151,0.3586,-0.1333,-0.0865,4.9774,-1.225,6.6,7.05,4.95,down,5.2,2026-09-21T15:13:10,-19.0661,6.42499995231628,339.465,2026-09-21 19:44:12,2026-09-21 15:45:04
AAPL,AAPL261023P00335000,AAPL,2026-10-23,P,335.0,6.6,148.0,6.95,548.0,0.2336,221.0,175.0,-0.3942,0.0168,0.3866,-0.142,-0.1052,6.6804,-1.435,9.06,9.5,6.77,up,6.99,2026-09-21T15:11:25,-17.0326,8.4249997138977,339.465,2026-09-21 19:44:12,2026-09-21 15:45:04
AAPL,AAPL261023P00340000,AAPL,2026-10-23,P,340.0,8.6,326.0,9.2,438.0,0.2288,125.0,50.0,-0.4806,0.0178,0.3997,-0.1452,-0.1237,8.8199,-1.575,11.5,12.15,8.95,down,9.35,2026-09-21T15:05:14,-14.4165,10.9249997138977,339.465,2026-09-21 19:44:12,2026-09-21 15:45:04
AAPL,AAPL261023P00345000,AAPL,2026-10-23,P,345.0,11.35,6.0,12.35,462.0,0.234,54.0,1.0,-0.5704,0.018,0.3939,-0.1422,-0.14,11.4255,0.525,14.3,14.3,14.3,down,14.3,2026-09-21T09:33:38,3.81125,13.7750000953674,339.465,2026-09-21 19:44:12,2026-09-21 15:45:04
AAPL,AAPL261023P00350000,AAPL,2026-10-23,P,350.0,14.0,122.0,15.05,113.0,0.2208,6.0,3.0,-0.6591,0.0174,0.3661,-0.1328,-0.1503,14.5054,-2.225,14.65,15.1,14.65,up,15.1,2026-09-21T14:28:33,-12.8427,17.3249998092651,339.465,2026-09-21 19:44:12,2026-09-21 15:45:04
AAPL,AAPL261023P00355000,AAPL,2026-10-23,P,355.0,17.8,27.0,20.05,208.0,0.2448,17.0,4.0,-0.7421,0.016,0.3227,-0.1184,-0.1524,18.0377,-0.95,22.2,22.2,20.25,down,20.25,2026-09-21T10:48:38,-4.48113,21.1999998092651,339.465,2026-09-21 19:44:12,2026-09-21 15:45:04
AAPL,AAPL261023P00360000,AAPL,2026-10-23,P,360.0,21.65,70.0,24.0,202.0,0.2467,5.0,1.0,-0.8157,0.014,0.2683,-0.101,-0.1479,21.9738,-2.125,23.45,23.45,23.45,down,23.45,2026-09-21T12:53:24,-8.3089,25.5749998092651,339.465,2026-09-21 19:44:12,2026-09-21 15:45:04
AAPL,AAPL261023P00365000,AAPL,2026-10-23,P,365.0,25.3,315.0,28.3,83.0,0.2402,1.0,0.0,-0.8782,0.0119,0.2053,-0.0836,-0.1281,26.2565,0.0,0.0,0.0,0.0,up,32.9,2026-09-16T11:32:01,0.0,29.6750001907349,339.465,2026-09-21 19:44:12,2026-09-21 15:45:04
AAPL,AAPL261023P00370000,AAPL,2026-10-23,P,370.0,30.3,142.0,32.9,41.0,0.2602,7.0,0.0,-0.9285,0.0097,0.1376,-0.0667,-0.096,30.8211,0.0,0.0,0.0,0.0,no_change,34.0,2026-09-17T14:53:21,0.0,34.7750015258789,339.465,2026-09-21 19:44:12,2026-09-21 15:45:04
AAPL,AAPL261023P00375000,AAPL,2026-10-23,P,375.0,34.85,132.0,37.65,19.0,0.2688,7.0,0.0,-0.9681,0.0081,0.076,-0.0497,-0.0516,35.5997,0.0,0.0,0.0,0.0,down,38.76,2026-09-17T14:53:21,0.0,39.5249996185303,339.465,2026-09-21 19:44:12,2026-09-21 15:45:04
AAPL,AAPL261023P00380000,AAPL,2026-10-23,P,380.0,39.65,83.0,42.55,12.0,0.2845,0.0,0.0,-0.9929,0.0036,0.0227,-0.0383,0.0,40.5357,0.0,0.0,0.0,0.0,no_change,44.13,2026-09-17T14:49:25,0.0,44.1499996185303,339.465,2026-09-21 19:44:12,2026-09-21 15:45:04
AAPL,AAPL261023P00385000,AAPL,2026-10-23,P,385.0,44.65,76.0,47.55,12.0,0.3087,0.0,0.0,-1.0,0.0,0.0,-0.0383,0.0,45.5357,0.0,0.0,0.0,0.0,no_change,0.0,,0.0,49.125,339.465,2026-09-21 19:44:12,2026-09-21 15:45:04
AAPL,AAPL261023P00390000,AAPL,2026-10-23,P,390.0,49.65,76.0,52.55,11.0,0.3321,0.0,0.0,-1.0,0.0,0.0,-0.0383,0.0,50.5357,0.0,0.0,0.0,0.0,no_change,0.0,,0.0,54.1750011444092,339.465,2026-09-21 19:44:12,2026-09-21 15:45:04
AAPL,AAPL261023P00395000,AAPL,2026-10-23,P,395.0,54.65,76.0,57.55,11.0,0.3549,0.0,0.0,-1.0,0.0,0.0,-0.0383,0.0,55.5357,0.0,0.0,0.0,0.0,no_change,0.0,,0.0,59.1499996185303,339.465,2026-09-21 19:44:12,2026-09-21 15:45:04
AAPL,AAPL261023P00400000,AAPL,2026-10-23,P,400.0,59.95,76.0,62.55,18.0,0.3887,5.0,15.0,-1.0,0.0,0.0,-0.0383,0.0,60.5357,-2.525,64.5,64.5,61.6,down,61.6,2026-09-21T12:39:54,-3.93762,64.1249980926514,339.465,2026-09-21 19:44:12,2026-09-21 15:45:04
AAPL,AAPL261023P00405000,AAPL,2026-10-23,P,405.0,64.65,76.0,67.55,11.0,0.3989,0.0,0.0,-1.0,0.0,0.0,-0.0383,0.0,65.5357,0.0,0.0,0.0,0.0,no_change,69.28,2026-09-18T15:47:52,0.0,69.375,339.465,2026-09-21 19:44:12,2026-09-21 15:45:04
AAPL,AAPL261023P00410000,AAPL,2026-10-23,P,410.0,69.65,76.0,72.55,11.0,0.4201,0.0,0.0,-1.0,0.0,0.0,-0.0383,0.0,70.5357,0.0,0.0,0.0,0.0,down,77.3,2026-09-14T15:48:22,0.0,74.375,339.465,2026-09-21 19:44:12,2026-09-21 15:45:04
AAPL,AAPL261023P00415000,AAPL,2026-10-23,P,415.0,74.65,76.0,77.55,11.0,0.4408,0.0,0.0,-1.0,0.0,0.0,-0.0383,0.0,75.5357,0.0,0.0,0.0,0.0,up,84.0,2026-09-16T15:11:46,0.0,79.125,339.465,2026-09-21 19:44:12,2026-09-21 15:45:04
AAPL,AAPL261030C00110000,AAPL,2026-10-30,C,110.0,227.8,77.0,231.25,72.0,0.0,0.0,0.0,0.9998,0.0,0.0,0.0,0.1258,229.9568,0.0,0.0,0.0,0.0,no_change,0.0,,0.0,226.575004577637,339.465,2026-09-21 19:44:12,2026-09-21 15:45:04
AAPL,AAPL261030C00120000,AAPL,2026-10-30,C,120.0,218.2,76.0,221.3,72.0,0.0,0.0,0.0,0.9998,0.0,0.0,0.0,0.1373,220.0084,0.0,0.0,0.0,0.0,no_change,0.0,,0.0,216.599998474121,339.465,2026-09-21 19:44:12,2026-09-21 15:45:04
AAPL,AAPL261030C00125000,AAPL,2026-10-30,C,125.0,212.85,72.0,216.25,71.0,0.0,0.0,0.0,0.9998,0.0,0.0,0.0,0.143,215.0343,0.0,0.0,0.0,0.0,no_change,0.0,,0.0,211.649993896484,339.465,2026-09-21 19:44:12,2026-09-21 15:45:04
AAPL,AAPL261030C00130000,AAPL,2026-10-30,C,130.0,207.9,77.0,211.35,72.0,0.0,0.0,0.0,0.9998,0.0,0.0,0.0,0.1487,210.0601,0.0,0.0,0.0,0.0,no_change,0.0,,0.0,206.650001525879,339.465,2026-09-21 19:44:12,2026-09-21 15:45:04
AAPL,AAPL261030C00135000,AAPL,2026-10-30,C,135.0,202.9,26.0,206.3,72.0,0.0,0.0,0.0,0.9998,0.0,0.0001,0.0,0.1544,205.086,0.0,0.0,0.0,0.0,no_change,0.0,,0.0,201.699996948242,339.465,2026-09-21 19:44:12,2026-09-21 15:45:04
AAPL,AAPL261030C00140000,AAPL,2026-10-30,C,140.0,197.95,72.0,201.4,72.0,0.0,0.0,0.0,0.9998,0.0,0.0001,0.0,0.1601,200.112,0.0,0.0,0.0,0.0,no_change,0.0,,0.0,196.699996948242,339.465,2026-09-21 19:44:12,2026-09-21 15:45:04
AAPL,AAPL261030C00145000,AAPL,2026-10-30,C,145.0,193.25,76.0,196.35,72.0,0.0,0.0,0.0,0.9998,0.0,0.0001,0.0,0.1658,195.1379,0.0,0.0,0.0,0.0,no_change,0.0,,0.0,191.800003051758,339.465,2026-09-21 19:44:12,2026-09-21 15:45:04
AAPL,AAPL261030C00150000,AAPL,2026-10-30,C,150.0,188.6,76.0,191.45,73.0,0.0,0.0,0.0,0.9997,0.0,0.0002,0.0,0.1716,190.1639,0.0,0.0,0.0,0.0,no_change,0.0,,0.0,186.825004577637,339.465,2026-09-21 19:44:12,2026-09-21 15:45:04
AAPL,AAPL261030C00155000,AAPL,2026-10-30,C,155.0,183.65,76.0,186.4,71.0,0.0,0.0,0.0,0.9997,0.0,0.0003,0.0,0.1773,185.19,0.0,0.0,0.0,0.0,no_change,0.0,,0.0,181.775001525879,339.465,2026-09-21 19:44:12,2026-09-21 15:45:04
AAPL,AAPL261030C00160000,AAPL,2026-10-30,C,160.0,178.05,72.0,181.5,72.0,0.0,0.0,0.0,0.9997,0.0,0.0004,0.0,0.183,180.2163,0.0,0.0,0.0,0.0,no_change,0.0,,0.0,176.825004577637,339.465,2026-09-21 19:44:12,2026-09-21 15:45:04
AAPL,AAPL261030C00165000,AAPL,2026-10-30,C,165.0,173.05,27.0,176.45,71.0,0.0,0.0,0.0,0.9997,0.0,0.0005,0.0,0.1887,175.2426,0.0,0.0,0.0,0.0,no_change,0.0,,0.0,171.825004577637,339.465,2026-09-21 19:44:12,2026-09-21 15:45:04
AAPL,AAPL261030C00170000,AAPL,2026-10-30,C,170.0,168.75,76.0,171.4,71.0,0.0,0.0,0.0,0.9996,0.0,0.0007,0.0,0.1944,170.2691,0.0,0.0,0.0,0.0,no_change,0.0,,0.0,166.924995422363,339.465,2026-09-21 19:44:12,2026-09-21 15:45:04
AAPL,AAPL261030C00175000,AAPL,2026-10-30,C,175.0,163.75,76.0,166.5,72.0,0.0,0.0,0.0,0.9996,0.0,0.001,0.0,0.2001,165.2959,0.0,0.0,0.0,0.0,no_change,0.0,,0.0,161.875,339.465,2026-09-21 19:44:12,2026-09-21 15:45:04
AAPL,AAPL261030C00180000,AAPL,2026-10-30,C,180.0,158.8,76.0,161.35,71.0,0.0,0.0,0.0,0.9995,0.0,0.0013,0.0,0.2058,160.323,0.0,0.0,0.0,0.0,no_change,0.0,,0.0,156.949996948242,339.465,2026-09-21 19:44:12,2026-09-21 15:45:04
AAPL,AAPL261030C00185000,AAPL,2026-10-30,C,185.0,153.8,76.0,156.55,71.0,0.0,2.0,0.0,0.9994,0.0,0.0017,0.0,0.2115,155.3504,0.0,0.0,0.0,0.0,no_change,145.82,2026-09-15T10:55:44,0.0,151.724998474121,339.465,2026-09-21 19:44:12,2026-09-21 15:45:04
AAPL,AAPL261030C00190000,AAPL,2026-10-30,C,190.0,148.85,76.0,151.3,71.0,0.0,2.0,0.0,0.9992,0.0,0.0022,0.0,0.2171,150.3784,0.0,0.0,0.0,0.0,down,140.89,2026-09-15T10:55:44,0.0,147.0,339.465,2026-09-21 19:44:12,2026-09-21 15:45:04
AAPL,AAPL261030C00195000,AAPL,2026-10-30,C,195.0,143.85,76.0,146.7,71.0,0.0,0.0,0.0,0.9991,0.0,0.0028,0.0,0.2228,145.4069,0.0,0.0,0.0,0.0,no_change,0.0,,0.0,142.0,339.465,2026-09-21 19:44:12,2026-09-21 15:45:04
AAPL,AAPL261030C00200000,AAPL,2026-10-30,C,200.0,138.9,76.0,141.65,71.0,0.0,0.0,0.0,0.9988,0.0,0.0036,0.0,0.2284,140.4363,0.0,0.0,0.0,0.0,no_change,0.0,,0.0,137.050003051758,339.465,2026-09-21 19:44:12,2026-09-21 15:45:04
AAPL,AAPL261030C00205000,AAPL,2026-10-30,C,205.0,133.95,76.0,136.75,71.0,0.0,0.0,0.0,0.9986,0.0001,0.0046,0.0,0.234,135.4667,0.0,0.0,0.0,0.0,no_change,0.0,,0.0,132.100006103516,339.465,2026-09-21 19:44:12,2026-09-21 15:45:04
AAPL,AAPL261030C00210000,AAPL,2026-10-30,C,210.0,128.95,76.0,131.65,71.0,0.0,1.0,0.0,0.9982,0.0001,0.0058,0.0,0.2396,130.4982,0.0,0.0,0.0,0.0,up,125.54,2026-09-11T12:46:00,0.0,127.075000762939,339.465,2026-09-21 19:44:12,2026-09-21 15:45:04
AAPL,AAPL261030C00215000,AAPL,2026-10-30,C,215.0,124.0,81.0,126.5,71.0,0.0,11.0,0.0,0.9978,0.0001,0.0074,0.0,0.2451,125.5314,0.0,0.0,0.0,0.0,down,120.53,2026-09-14T13:54:26,0.0,122.174999237061,339.465,2026-09-21 19:44:12,2026-09-21 15:45:04
AAPL,AAPL261030C00220000,AAPL,2026-10-30,C,220.0,119.05,76.0,121.75,71.0,0.0,1.0,0.0,0.9972,0.0001,0.0092,0.0,0.2506,120.5664,0.0,0.0,0.0,0.0,down,116.57,2026-09-18T13:54:51,0.0,117.099998474121,339.465,2026-09-21 19:44:12,2026-09-21 15:45:04
AAPL,AAPL261030C00225000,AAPL,2026-10-30,C,225.0,113.6,77.0,116.85,71.0,0.0,0.0,0.0,0.9965,0.0002,0.0115,0.0,0.2561,115.6038,0.0,0.0,0.0,0.0,no_change,0.0,,0.0,112.125,339.465,2026-09-21 19:44:12,2026-09-21 15:45:04
AAPL,AAPL261030C00230000,AAPL,2026-10-30,C,230.0,108.65,76.0,111.8,71.0,0.0,0.0,0.0,0.9956,0.0002,0.0142,0.0,0.2614,110.6441,0.0,0.0,0.0,0.0,no_change,0.0,,0.0,107.150001525879,339.465,2026-09-21 19:44:12,2026-09-21 15:45:04
AAPL,AAPL261030C00235000,AAPL,2026-10-30,C,235.0,104.15,76.0,106.3,71.0,0.0,0.0,0.0,0.9944,0.0003,0.0176,0.0,0.2667,105.6881,0.0,0.0,0.0,0.0,no_change,0.0,,0.0,102.274997711182,339.465,2026-09-21 19:44:12,2026-09-21 15:45:04
AAPL,AAPL261030C00240000,AAPL,2026-10-30,C,240.0,99.25,123.0,101.45,71.0,0.0,28.0,25.0,0.993,0.0004,0.0216,-0.0014,0.2719,100.7366,3.08,100.05,100.43,100.05,up,100.43,2026-09-21T12:42:59,3.16384,97.3500022888184,339.465,2026-09-21 19:44:12,2026-09-21 15:45:04
AAPL,AAPL261030C00245000,AAPL,2026-10-30,C,245.0,94.3,76.0,97.0,71.0,0.0,3.0,0.0,0.9913,0.0005,0.0265,-0.0041,0.2769,95.7906,0.0,0.0,0.0,0.0,up,91.29,2026-09-18T12:06:01,0.0,92.375,339.465,2026-09-21 19:44:12,2026-09-21 15:45:04
AAPL,AAPL261030C00250000,AAPL,2026-10-30,C,250.0,89.35,117.0,91.45,70.0,0.0,10.0,4.0,0.9891,0.0006,0.0323,-0.0072,0.2817,90.8515,2.905,90.0,90.24,90.0,down,90.23,2026-09-21T14:20:16,3.32665,87.3250007629394,339.465,2026-09-21 19:44:12,2026-09-21 15:45:04
AAPL,AAPL261030C00255000,AAPL,2026-10-30,C,255.0,84.4,124.0,87.05,94.0,0.3144,26.0,0.0,0.9864,0.0007,0.0393,-0.0107,0.2864,85.9207,0.0,0.0,0.0,0.0,down,76.9,2026-09-15T15:47:35,0.0,82.2749977111816,339.465,2026-09-21 19:44:12,2026-09-21 15:45:04
AAPL,AAPL261030C00260000,AAPL,2026-10-30,C,260.0,79.5,113.0,82.15,88.0,0.3485,6.0,2.0,0.983,0.0009,0.0475,-0.0147,0.2907,81.0005,2.8,80.3,80.3,80.3,no_change,80.3,2026-09-21T13:44:43,3.6129,77.5,339.465,2026-09-21 19:44:12,2026-09-21 15:45:04
AAPL,AAPL261030C00265000,AAPL,2026-10-30,C,265.0,74.6,113.0,76.75,76.0,0.0,11.0,1.0,0.9789,0.0012,0.0573,-0.0192,0.2948,76.093,1.045,73.67,73.67,73.67,up,73.67,2026-09-21T10:46:43,1.4389,72.625,339.465,2026-09-21 19:44:12,2026-09-21 15:45:04
AAPL,AAPL261030C00270000,AAPL,2026-10-30,C,270.0,69.85,120.0,72.0,42.0,0.3217,21.0,2.0,0.9738,0.0014,0.0688,-0.0243,0.2985,71.2018,2.155,69.88,69.88,69.88,up,69.88,2026-09-21T12:25:54,3.18198,67.7250022888184,339.465,2026-09-21 19:44:12,2026-09-21 15:45:04
AAPL,AAPL261030C00275000,AAPL,2026-10-30,C,275.0,64.8,125.0,67.45,95.0,0.337,18.0,0.0,0.9675,0.0018,0.0824,-0.03,0.3016,66.3306,0.0,0.0,0.0,0.0,up,60.15,2026-09-18T10:33:40,0.0,62.8749980926514,339.465,2026-09-21 19:44:12,2026-09-21 15:45:04
AAPL,AAPL261030C00280000,AAPL,2026-10-30,C,280.0,59.95,129.0,62.0,30.0,0.2769,33.0,1.0,0.9596,0.0022,0.0983,-0.0365,0.3042,61.4854,2.08,60.33,60.33,60.33,up,60.33,2026-09-21T14:33:49,3.57082,58.25,339.465,2026-09-21 19:44:12,2026-09-21 15:45:04
AAPL,AAPL261030C00285000,AAPL,2026-10-30,C,285.0,55.3,148.0,57.25,44.0,0.3026,16.0,1.0,0.9498,0.0027,0.1171,-0.0437,0.3059,56.6735,1.1,54.45,54.45,54.45,up,54.45,2026-09-21T10:45:08,2.06185,53.3500003814697,339.465,2026-09-21 19:44:12,2026-09-21 15:45:04
AAPL,AAPL261030C00290000,AAPL,2026-10-30,C,290.0,50.35,320.0,52.45,61.0,0.2892,111.0,2.0,0.9376,0.0033,0.1388,-0.0519,0.3066,51.9055,2.85,51.0,51.2,51.0,up,51.2,2026-09-21T12:29:23,5.89452,48.3500003814697,339.465,2026-09-21 19:44:12,2026-09-21 15:45:04
AAPL,AAPL261030C00295000,AAPL,2026-10-30,C,295.0,45.65,365.0,47.65,30.0,0.2843,181.0,2.0,0.9222,0.004,0.1642,-0.061,0.3061,47.1959,1.725,45.93,45.95,45.93,up,45.95,2026-09-21T14:39:09,3.90051,44.2250003814697,339.465,2026-09-21 19:44:12,2026-09-21 15:45:04
AAPL,AAPL261030C00300000,AAPL,2026-10-30,C,300.0,41.0,151.0,43.75,151.0,0.3029,18.0,1.0,0.903,0.0049,0.1935,-0.0712,0.3039,42.5634,2.245,41.52,41.52,41.52,up,41.52,2026-09-21T14:39:09,5.71611,39.2749996185303,339.465,2026-09-21 19:44:12,2026-09-21 15:45:04
AAPL,AAPL261030C00305000,AAPL,2026-10-30,C,305.0,36.5,325.0,38.35,11.0,0.2746,37.0,5.0,0.8789,0.0059,0.2262,-0.0824,0.2998,38.0331,-1.225,34.05,34.05,34.05,down,34.05,2026-09-21T09:30:08,-3.47271,35.2749996185303,339.465,2026-09-21 19:44:12,2026-09-21 15:45:04
AAPL,AAPL261030C00310000,AAPL,2026-10-30,C,310.0,32.3,353.0,33.75,10.0,0.2708,98.0,9.0,0.8492,0.0071,0.2624,-0.0945,0.2932,33.6353,1.825,29.22,32.85,29.22,up,32.85,2026-09-21T15:02:53,5.88235,31.0250005722046,339.465,2026-09-21 19:44:12,2026-09-21 15:45:04
AAPL,AAPL261030C00315000,AAPL,2026-10-30,C,315.0,28.1,257.0,29.95,115.0,0.2748,371.0,9.0,0.8129,0.0084,0.3008,-0.1069,0.2839,29.4055,1.65,27.35,28.7,27.35,up,28.25,2026-09-21T14:16:21,6.20301,26.5999994277954,339.465,2026-09-21 19:44:12,2026-09-21 15:45:04
AAPL,AAPL261030C00320000,AAPL,2026-10-30,C,320.0,23.9,253.0,25.75,67.0,0.2642,133.0,9.0,0.7697,0.0097,0.3393,-0.119,0.2716,25.3829,1.225,24.78,24.82,24.5,down,24.5,2026-09-21T14:48:44,5.26316,23.2749996185303,339.465,2026-09-21 19:44:12,2026-09-21 15:45:04
AAPL,AAPL261030C00325000,AAPL,2026-10-30,C,325.0,20.65,207.0,22.1,102.0,0.2688,147.0,16.0,0.7193,0.011,0.3755,-0.1301,0.2563,21.6082,1.7,18.51,21.23,17.39,up,21.0,2026-09-21T15:06:53,8.80829,19.2999992370605,339.465,2026-09-21 19:44:12,2026-09-21 15:45:04
AAPL,AAPL261030C00330000,AAPL,2026-10-30,C,330.0,17.45,353.0,18.3,10.0,0.2638,424.0,59.0,0.6622,0.0122,0.4065,-0.1392,0.2379,18.1199,1.475,14.95,17.8,14.95,up,17.8,2026-09-21T15:19:56,9.03522,16.3250002861023,339.465,2026-09-21 19:44:12,2026-09-21 15:45:04
AAPL,AAPL261030C00335000,AAPL,2026-10-30,C,335.0,14.75,141.0,15.0,1.0,0.2634,1054.0,437.0,0.5995,0.0131,0.4293,-0.1452,0.217,14.951,1.395,12.5,14.77,11.41,up,14.77,2026-09-21T15:29:08,10.4299,13.375,339.465,2026-09-21 19:44:12,2026-09-21 15:45:04
AAPL,AAPL261030C00340000,AAPL,2026-10-30,C,340.0,11.95,91.0,12.25,20.0,0.2606,649.0,255.0,0.5328,0.0136,0.4415,-0.1475,0.1941,12.1263,1.095,9.58,12.0,9.0,up,11.97,2026-09-21T15:29:08,10.069,10.875,339.465,2026-09-21 19:44:12,2026-09-21 15:45:04
AAPL,AAPL261030C00345000,AAPL,2026-10-30,C,345.0,9.45,183.0,9.75,3.0,0.2563,1258.0,301.0,0.4643,0.0138,0.4413,-0.1456,0.1701,9.6595,1.215,8.05,9.59,7.15,up,9.59,2026-09-21T15:28:45,14.5075,8.375,339.465,2026-09-21 19:44:12,2026-09-21 15:45:04
AAPL,AAPL261030C00350000,AAPL,2026-10-30,C,350.0,7.3,346.0,7.7,37.0,0.2534,1789.0,308.0,0.3961,0.0136,0.4284,-0.1395,0.1458,7.5521,0.92,6.25,7.54,5.45,down,7.42,2026-09-21T15:27:04,14.1538,6.5,339.465,2026-09-21 19:44:12,2026-09-21 15:45:04
AAPL,AAPL261030C00355000,AAPL,2026-10-30,C,355.0,5.55,307.0,5.9,11.0,0.2502,1296.0,221.0,0.3307,0.0129,0.4037,-0.1298,0.1221,5.793,0.725,4.4,5.79,4.2,up,5.75,2026-09-21T15:28:07,14.4279,5.02500009536743,339.465,2026-09-21 19:44:12,2026-09-21 15:45:04
AAPL,AAPL261030C00360000,AAPL,2026-10-30,C,360.0,4.1,171.0,4.45,10.0,0.2474,1490.0,196.0,0.27,0.0119,0.3692,-0.1171,0.1,4.3601,0.395,3.18,4.4,3.18,down,4.32,2026-09-21T15:28:38,10.0637,3.92499995231628,339.465,2026-09-21 19:44:12,2026-09-21 15:45:04
AAPL,AAPL261030C00365000,AAPL,2026-10-30,C,365.0,3.1,424.0,3.4,230.0,0.2488,195.0,357.0,0.2156,0.0106,0.328,-0.1026,0.08,3.2216,0.4,2.64,3.4,2.57,up,3.21,2026-09-21T15:28:22,14.2349,2.80999994277954,339.465,2026-09-21 19:44:12,2026-09-21 15:45:04
AAPL,AAPL261030C00370000,AAPL,2026-10-30,C,370.0,2.07,443.0,2.35,15.0,0.2418,374.0,221.0,0.1686,0.0092,0.2833,-0.0874,0.0626,2.3394,0.275,2.24,2.35,1.94,no_change,2.35,2026-09-21T15:29:10,13.253,2.07500004768372,339.465,2026-09-21 19:44:12,2026-09-21 15:45:04
AAPL,AAPL261030C00375000,AAPL,2026-10-30,C,375.0,1.52,459.0,1.7,10.0,0.2428,212.0,28.0,0.1292,0.0077,0.2382,-0.0726,0.048,1.6723,0.095,0.95,1.64,0.95,no_change,1.64,2026-09-21T15:08:12,6.14887,1.5450000166893,339.465,2026-09-21 19:44:12,2026-09-21 15:45:04
AAPL,AAPL261030C00380000,AAPL,2026-10-30,C,380.0,1.07,435.0,1.2,1.0,0.2426,215.0,50.0,0.0972,0.0063,0.1955,-0.0588,0.0361,1.1793,0.035,0.63,1.17,0.63,up,1.17,2026-09-21T15:19:37,3.0837,1.13499996066093,339.465,2026-09-21 19:44:12,2026-09-21 15:45:04
AAPL,AAPL261030C00385000,AAPL,2026-10-30,C,385.0,0.7,331.0,0.87,82.0,0.2423,56.0,14.0,0.072,0.005,0.1571,-0.0466,0.0267,0.8223,0.045,0.7,0.82,0.7,down,0.79,2026-09-21T15:24:46,6.04027,0.745000004768372,339.465,2026-09-21 19:44:12,2026-09-21 15:45:04
AAPL,AAPL261030C00390000,AAPL,2026-10-30,C,390.0,0.45,388.0,0.63,142.0,0.2427,131.0,4.0,0.0526,0.0039,0.1238,-0.0363,0.0195,0.5682,-0.065,0.38,0.6,0.38,down,0.54,2026-09-21T15:24:46,-10.7438,0.605000004172325,339.465,2026-09-21 19:44:12,2026-09-21 15:45:04
AAPL,AAPL261030C00395000,AAPL,2026-10-30,C,395.0,0.14,554.0,0.49,279.0,0.2368,64.0,1.0,0.038,0.003,0.0961,-0.0278,0.0141,0.3901,0.055,0.46,0.46,0.46,down,0.46,2026-09-21T12:55:10,13.5802,0.404999993741512,339.465,2026-09-21 19:44:12,2026-09-21 15:45:04
AAPL,AAPL261030C00400000,AAPL,2026-10-30,C,400.0,0.24,346.0,0.31,249.0,0.2479,288.0,109.0,0.0272,0.0023,0.0736,-0.021,0.0101,0.2667,-0.04,0.22,0.34,0.2,down,0.27,2026-09-21T15:18:38,-12.9032,0.310000002384186,339.465,2026-09-21 19:44:12,2026-09-21 15:45:04
AAPL,AAPL261030C00405000,AAPL,2026-10-30,C,405.0,0.12,348.0,0.27,313.0,0.2504,1.0,23.0,0.0194,0.0017,0.0557,-0.0158,0.0072,0.1821,-0.15,0.17,0.19,0.17,up,0.19,2026-09-21T12:29:07,-44.1176,0.340000003576279,339.465,2026-09-21 19:44:12,2026-09-21 15:45:04
AAPL,AAPL261030C00410000,AAPL,2026-10-30,C,410.0,0.0,0.0,0.52,592.0,0.277,8.0,11.0,0.0138,0.0013,0.0419,-0.0118,0.0051,0.1248,0.23,0.1,0.53,0.1,up,0.53,2026-09-21T11:11:38,76.6667,0.300000011920929,339.465,2026-09-21 19:44:12,2026-09-21 15:45:04
AAPL,AAPL261030C00415000,AAPL,2026-10-30,C,415.0,0.0,0.0,0.26,466.0,0.265,17.0,13.0,0.0099,0.0009,0.0316,-0.0088,0.0036,0.0862,-0.09,0.25,0.25,0.18,down,0.18,2026-09-21T15:21:57,-33.3333,0.270000010728836,339.465,2026-09-21 19:44:12,2026-09-21 15:45:04
AAPL,AAPL261030P00110000,AAPL,2026-10-30,P,110.0,0.0,0.0,2.13,207.0,1.7825,0.0,0.0,0.0,0.0,0.0,0.0,0.0,0.0,0.0,0.0,0.0,0.0,no_change,0.0,,0.0,1.06500005722046,339.465,2026-09-21 19:44:12,2026-09-21 15:45:04
AAPL,AAPL261030P00120000,AAPL,2026-10-30,P,120.0,0.0,0.0,1.4,79.0,1.5483,0.0,0.0,0.0,0.0,0.0,0.0,0.0,0.0001,0.0,0.0,0.0,0.0,no_change,0.0,,0.0,0.899999976158142,339.465,2026-09-21 19:44:12,2026-09-21 15:45:04
AAPL,AAPL261030P00125000,AAPL,2026-10-30,P,125.0,0.0,0.0,0.91,151.0,1.4014,0.0,0.0,0.0,0.0,0.0,0.0,0.0,0.0001,0.0,0.0,0.0,0.0,no_change,0.0,,0.0,0.865000009536743,339.465,2026-09-21 19:44:12,2026-09-21 15:45:04
AAPL,AAPL261030P00130000,AAPL,2026-10-30,P,130.0,0.0,0.0,0.4,150.0,1.2157,0.0,0.0,0.0,0.0,0.0,0.0,0.0,0.0002,0.0,0.0,0.0,0.0,no_change,0.0,,0.0,0.155000001192093,339.465,2026-09-21 19:44:12,2026-09-21 15:45:04
AAPL,AAPL261030P00135000,AAPL,2026-10-30,P,135.0,0.0,0.0,0.93,150.0,1.3052,0.0,0.0,0.0,0.0,0.0001,0.0,0.0,0.0002,0.0,0.0,0.0,0.0,no_change,0.0,,0.0,0.644999980926514,339.465,2026-09-21 19:44:12,2026-09-21 15:45:04
AAPL,AAPL261030P00140000,AAPL,2026-10-30,P,140.0,0.0,0.0,0.62,148.0,1.1908,0.0,0.0,0.0,0.0,0.0001,-0.0001,0.0,0.0003,0.0,0.0,0.0,0.0,no_change,0.0,,0.0,0.569999992847443,339.465,2026-09-21 19:44:12,2026-09-21 15:45:04
AAPL,AAPL261030P00145000,AAPL,2026-10-30,P,145.0,0.0,0.0,0.94,150.0,1.2134,0.0,0.0,0.0,0.0,0.0001,-0.0001,0.0,0.0005,0.0,0.0,0.0,0.0,no_change,0.0,,0.0,1.06500005722046,339.465,2026-09-21 19:44:12,2026-09-21 15:45:04
AAPL,AAPL261030P00150000,AAPL,2026-10-30,P,150.0,0.0,0.0,0.93,150.0,1.1672,0.0,0.0,0.0,0.0,0.0002,-0.0001,0.0,0.0007,0.0,0.0,0.0,0.0,no_change,0.0,,0.0,0.649999976158142,339.465,2026-09-21 19:44:12,2026-09-21 15:45:04
AAPL,AAPL261030P00155000,AAPL,2026-10-30,P,155.0,0.0,0.0,0.73,151.0,1.0873,0.0,0.0,-0.0001,0.0,0.0003,-0.0002,0.0,0.001,0.0,0.0,0.0,0.0,no_change,0.0,,0.0,0.75,339.465,2026-09-21 19:44:12,2026-09-21 15:45:04
AAPL,AAPL261030P00160000,AAPL,2026-10-30,P,160.0,0.0,0.0,0.94,191.0,1.0844,0.0,0.0,-0.0001,0.0,0.0004,-0.0003,0.0,0.0014,0.0,0.0,0.0,0.0,no_change,0.0,,0.0,0.774999976158142,339.465,2026-09-21 19:44:12,2026-09-21 15:45:04
AAPL,AAPL261030P00165000,AAPL,2026-10-30,P,165.0,0.0,0.0,1.34,237.0,1.1007,0.0,0.0,-0.0001,0.0,0.0005,-0.0004,0.0,0.0019,0.0,0.0,0.0,0.0,no_change,0.0,,0.0,0.649999976158142,339.465,2026-09-21 19:44:12,2026-09-21 15:45:04
AAPL,AAPL261030P00170000,AAPL,2026-10-30,P,170.0,0.0,0.0,0.63,215.0,0.9507,0.0,0.0,-0.0002,0.0,0.0007,-0.0005,-0.0001,0.0026,0.0,0.0,0.0,0.0,no_change,0.0,,0.0,0.774999976158142,339.465,2026-09-21 19:44:12,2026-09-21 15:45:04
AAPL,AAPL261030P00175000,AAPL,2026-10-30,P,175.0,0.0,0.0,1.03,197.0,0.9799,0.0,0.0,-0.0002,0.0,0.001,-0.0006,-0.0001,0.0036,0.0,0.0,0.0,0.0,no_change,0.0,,0.0,0.660000026226044,339.465,2026-09-21 19:44:12,2026-09-21 15:45:04
AAPL,AAPL261030P00180000,AAPL,2026-10-30,P,180.0,0.0,0.0,0.84,404.0,0.9149,0.0,0.0,-0.0003,0.0,0.0013,-0.0008,-0.0001,0.0048,0.0,0.0,0.0,0.0,no_change,0.0,,0.0,0.564999997615814,339.465,2026-09-21 19:44:12,2026-09-21 15:45:04
AAPL,AAPL261030P00185000,AAPL,2026-10-30,P,185.0,0.0,0.0,0.29,524.0,0.7663,5.0,3.0,-0.0004,0.0,0.0017,-0.001,-0.0001,0.0065,-0.035,0.26,0.26,0.18,down,0.18,2026-09-21T10:28:12,-16.2791,0.215000003576279,339.465,2026-09-21 19:44:12,2026-09-21 15:45:04
AAPL,AAPL261030P00190000,AAPL,2026-10-30,P,190.0,0.0,0.0,0.29,537.0,0.7355,10.0,3.0,-0.0005,0.0,0.0022,-0.0014,-0.0002,0.0086,-0.475,0.25,0.25,0.16,down,0.16,2026-09-21T10:28:12,-74.8031,0.634999990463257,339.465,2026-09-21 19:44:12,2026-09-21 15:45:04
AAPL,AAPL261030P00195000,AAPL,2026-10-30,P,195.0,0.0,0.0,0.67,581.0,0.7853,0.0,0.0,-0.0007,0.0,0.0028,-0.0017,-0.0003,0.0114,0.0,0.0,0.0,0.0,no_change,0.0,,0.0,0.540000021457672,339.465,2026-09-21 19:44:12,2026-09-21 15:45:04
AAPL,AAPL261030P00200000,AAPL,2026-10-30,P,200.0,0.0,0.0,0.25,216.0,0.6646,0.0,0.0,-0.0009,0.0,0.0036,-0.0022,-0.0004,0.0149,0.0,0.0,0.0,0.0,no_change,0.0,,0.0,0.639999985694885,339.465,2026-09-21 19:44:12,2026-09-21 15:45:04
AAPL,AAPL261030P00205000,AAPL,2026-10-30,P,205.0,0.0,0.0,0.68,271.0,0.7234,0.0,0.0,-0.0012,0.0001,0.0046,-0.0027,-0.0004,0.0195,0.0,0.0,0.0,0.0,no_change,0.0,,0.0,0.564999997615814,339.465,2026-09-21 19:44:12,2026-09-21 15:45:04
AAPL,AAPL261030P00210000,AAPL,2026-10-30,P,210.0,0.0,0.0,0.77,611.0,0.7051,0.0,0.0,-0.0016,0.0001,0.0058,-0.0034,-0.0006,0.0253,0.0,0.0,0.0,0.0,no_change,0.0,,0.0,0.449999988079071,339.465,2026-09-21 19:44:12,2026-09-21 15:45:04
AAPL,AAPL261030P00215000,AAPL,2026-10-30,P,215.0,0.0,0.0,0.41,603.0,0.6185,0.0,3.0,-0.002,0.0001,0.0074,-0.0042,-0.0008,0.0326,0.095,0.29,0.29,0.29,up,0.29,2026-09-21T09:37:41,48.718,0.194999992847443,339.465,2026-09-21 19:44:12,2026-09-21 15:45:04
AAPL,AAPL261030P00220000,AAPL,2026-10-30,P,220.0,0.0,0.0,0.39,571.0,0.5869,2.0,0.0,-0.0026,0.0001,0.0092,-0.0052,-0.001,0.0419,0.0,0.0,0.0,0.0,down,0.08,2026-09-16T10:34:47,0.0,0.254999995231628,339.465,2026-09-21 19:44:12,2026-09-21 15:45:04
AAPL,AAPL261030P00225000,AAPL,2026-10-30,P,225.0,0.0,0.0,0.52,569.0,0.5817,0.0,0.0,-0.0033,0.0002,0.0116,-0.0064,-0.0012,0.0535,0.0,0.0,0.0,0.0,no_change,0.0,,0.0,0.264999985694885,339.465,2026-09-21 19:44:12,2026-09-21 15:45:04
AAPL,AAPL261030P00230000,AAPL,2026-10-30,P,230.0,0.0,0.0,0.42,569.0,0.5384,0.0,0.0,-0.0042,0.0002,0.0143,-0.0077,-0.0016,0.0682,0.0,0.0,0.0,0.0,no_change,0.0,,0.0,0.209999993443489,339.465,2026-09-21 19:44:12,2026-09-21 15:45:04
AAPL,AAPL261030P00235000,AAPL,2026-10-30,P,235.0,0.0,0.0,0.44,780.0,0.5153,0.0,0.0,-0.0054,0.0003,0.0177,-0.0094,-0.002,0.0864,0.0,0.0,0.0,0.0,no_change,0.0,,0.0,0.224999994039536,339.465,2026-09-21 19:44:12,2026-09-21 15:45:04
AAPL,AAPL261030P00240000,AAPL,2026-10-30,P,240.0,0.0,0.0,0.47,796.0,0.4938,22.0,7.0,-0.0068,0.0004,0.0217,-0.0113,-0.0025,0.1092,-0.035,0.2,0.2,0.2,no_change,0.2,2026-09-21T14:26:19,-14.8936,0.234999999403954,339.465,2026-09-21 19:44:12,2026-09-21 15:45:04
AAPL,AAPL261030P00245000,AAPL,2026-10-30,P,245.0,0.14,181.0,0.3,520.0,0.4638,101.0,10.0,-0.0086,0.0005,0.0266,-0.0136,-0.0032,0.1376,-0.005,0.22,0.23,0.22,no_change,0.23,2026-09-21T14:30:55,-2.12766,0.234999999403954,339.465,2026-09-21 19:44:12,2026-09-21 15:45:04
AAPL,AAPL261030P00250000,AAPL,2026-10-30,P,250.0,0.0,0.0,0.57,785.0,0.4552,344.0,0.0,-0.0107,0.0006,0.0325,-0.0162,-0.004,0.1729,0.0,0.0,0.0,0.0,no_change,0.27,2026-09-18T14:20:29,0.0,0.300000004470348,339.465,2026-09-21 19:44:12,2026-09-21 15:45:04
AAPL,AAPL261030P00255000,AAPL,2026-10-30,P,255.0,0.0,0.0,0.62,778.0,0.4351,74.0,0.0,-0.0135,0.0008,0.0394,-0.0192,-0.005,0.2166,0.0,0.0,0.0,0.0,down,0.25,2026-09-18T11:39:10,0.0,0.330000005662441,339.465,2026-09-21 19:44:12,2026-09-21 15:45:04
AAPL,AAPL261030P00260000,AAPL,2026-10-30,P,260.0,0.05,629.0,0.54,636.0,0.4066,26.0,1.0,-0.0168,0.0009,0.0478,-0.0228,-0.0062,0.271,-0.01,0.3,0.3,0.3,down,0.3,2026-09-21T14:30:16,-3.22581,0.309999998658896,339.465,2026-09-21 19:44:12,2026-09-21 15:45:04
AAPL,AAPL261030P00265000,AAPL,2026-10-30,P,265.0,0.07,516.0,0.79,818.0,0.4055,30.0,0.0,-0.021,0.0012,0.0575,-0.0268,-0.0078,0.3382,0.0,0.0,0.0,0.0,down,0.4,2026-09-16T12:04:37,0.0,0.414999986067414,339.465,2026-09-21 19:44:12,2026-09-21 15:45:04
AAPL,AAPL261030P00270000,AAPL,2026-10-30,P,270.0,0.39,106.0,0.5,234.0,0.3819,502.0,4.0,-0.0262,0.0014,0.0692,-0.0315,-0.0097,0.4219,-0.105,0.46,0.5,0.41,down,0.41,2026-09-21T13:09:25,-20.3884,0.515000008046627,339.465,2026-09-21 19:44:12,2026-09-21 15:45:04
AAPL,AAPL261030P00275000,AAPL,2026-10-30,P,275.0,0.47,114.0,0.64,314.0,0.3707,84.0,39.0,-0.0326,0.0018,0.0828,-0.0368,-0.012,0.5257,-0.06,0.57,0.57,0.51,down,0.51,2026-09-21T13:41:13,-10.5263,0.570000015199184,339.465,2026-09-21 19:44:12,2026-09-21 15:45:04
AAPL,AAPL261030P00280000,AAPL,2026-10-30,P,280.0,0.52,356.0,0.76,319.0,0.354,76.0,12.0,-0.0405,0.0022,0.0988,-0.0428,-0.0149,0.6561,-0.16,0.67,0.72,0.66,down,0.66,2026-09-21T14:28:40,-19.5122,0.819999992847443,339.465,2026-09-21 19:44:12,2026-09-21 15:45:04
AAPL,AAPL261030P00285000,AAPL,2026-10-30,P,285.0,0.75,246.0,0.95,335.0,0.3471,98.0,56.0,-0.0504,0.0027,0.1178,-0.0496,-0.0185,0.8196,-0.215,0.95,0.95,0.72,no_change,0.8,2026-09-21T13:37:05,-21.1823,1.01499998569489,339.465,2026-09-21 19:44:12,2026-09-21 15:45:04
AAPL,AAPL261030P00290000,AAPL,2026-10-30,P,290.0,0.98,81.0,1.06,3.0,0.3329,221.0,151.0,-0.0628,0.0033,0.1394,-0.0574,-0.0229,1.0283,-0.215,1.19,1.24,1.0,down,1.03,2026-09-21T14:47:11,-17.2691,1.24500000476837,339.465,2026-09-21 19:44:12,2026-09-21 15:45:04
AAPL,AAPL261030P00295000,AAPL,2026-10-30,P,295.0,1.23,135.0,1.4,396.0,0.3243,332.0,117.0,-0.0783,0.0041,0.1659,-0.0662,-0.0285,1.2953,-0.27,1.61,1.61,1.22,down,1.28,2026-09-21T15:25:07,-17.4194,1.55000001192093,339.465,2026-09-21 19:44:12,2026-09-21 15:45:04
AAPL,AAPL261030P00300000,AAPL,2026-10-30,P,300.0,1.5,166.0,1.75,418.0,0.3123,603.0,510.0,-0.0978,0.005,0.1944,-0.0761,-0.0353,1.6409,-0.365,1.99,2.12,1.55,no_change,1.67,2026-09-21T15:00:47,-17.9361,2.03500002622604,339.465,2026-09-21 19:44:12,2026-09-21 15:45:04
AAPL,AAPL261030P00305000,AAPL,2026-10-30,P,305.0,1.99,166.0,2.23,446.0,0.3048,479.0,170.0,-0.1222,0.006,0.2274,-0.087,-0.0439,2.0906,-0.515,2.5,2.79,2.0,no_change,2.1,2026-09-21T15:08:12,-19.6941,2.61500000953674,339.465,2026-09-21 19:44:12,2026-09-21 15:45:04
AAPL,AAPL261030P00310000,AAPL,2026-10-30,P,310.0,2.55,185.0,2.74,200.0,0.2943,543.0,167.0,-0.1524,0.0072,0.2641,-0.0988,-0.0544,2.6744,-0.615,3.26,3.53,2.5,up,2.76,2026-09-21T15:19:23,-18.2222,3.375,339.465,2026-09-21 19:44:12,2026-09-21 15:45:04
AAPL,AAPL261030P00315000,AAPL,2026-10-30,P,315.0,3.25,177.0,3.5,158.0,0.2861,601.0,158.0,-0.1891,0.0085,0.3037,-0.111,-0.0669,3.4278,-0.85,4.3,4.65,3.3,down,3.45,2026-09-21T15:23:23,-19.7674,4.29999995231628,339.465,2026-09-21 19:44:12,2026-09-21 15:45:04
AAPL,AAPL261030P00320000,AAPL,2026-10-30,P,320.0,4.25,166.0,4.5,265.0,0.2805,447.0,152.0,-0.2331,0.0098,0.3412,-0.123,-0.0815,4.3926,-1.16,5.6,6.5,4.25,up,4.44,2026-09-21T15:28:38,-20.7143,5.59999990463257,339.465,2026-09-21 19:44:12,2026-09-21 15:45:04
AAPL,AAPL261030P00325000,AAPL,2026-10-30,P,325.0,5.5,10.0,5.85,318.0,0.2768,346.0,83.0,-0.2845,0.0112,0.3771,-0.134,-0.0977,5.6104,-1.345,7.45,7.5,5.55,up,5.78,2026-09-21T15:19:23,-18.8772,7.125,339.465,2026-09-21 19:44:12,2026-09-21 15:45:04
AAPL,AAPL261030P00330000,AAPL,2026-10-30,P,330.0,7.0,105.0,7.35,408.0,0.2712,359.0,131.0,-0.3427,0.0124,0.4079,-0.143,-0.1153,7.12,-1.65,8.1,8.98,7.13,no_change,7.2,2026-09-21T15:29:05,-18.6441,8.84999990463257,339.465,2026-09-21 19:44:12,2026-09-21 15:45:04
AAPL,AAPL261030P00335000,AAPL,2026-10-30,P,335.0,8.85,70.0,9.25,293.0,0.2674,113.0,65.0,-0.4068,0.0134,0.43,-0.149,-0.1333,8.9559,-1.975,10.92,11.4,9.0,down,9.05,2026-09-21T15:29:05,-17.9138,11.0250000953674,339.465,2026-09-21 19:44:12,2026-09-21 15:45:04
AAPL,AAPL261030P00340000,AAPL,2026-10-30,P,340.0,11.0,87.0,11.6,253.0,0.2647,171.0,94.0,-0.4753,0.014,0.4407,-0.1514,-0.151,11.1445,-1.925,13.46,14.3,11.18,up,11.5,2026-09-21T15:14:21,-14.3389,13.4249997138977,339.465,2026-09-21 19:44:12,2026-09-21 15:45:04
AAPL,AAPL261030P00345000,AAPL,2026-10-30,P,345.0,12.95,265.0,14.65,409.0,0.2599,26.0,30.0,-0.5459,0.0142,0.4384,-0.1496,-0.1671,13.7011,-2.08,17.3,17.3,13.57,down,13.57,2026-09-21T13:34:59,-13.2907,15.6500000953674,339.465,2026-09-21 19:44:12,2026-09-21 15:45:04
AAPL,AAPL261030P00350000,AAPL,2026-10-30,P,350.0,16.05,101.0,18.3,658.0,0.2675,26.0,43.0,-0.6165,0.0141,0.4223,-0.1437,-0.1795,16.6291,-1.8,20.15,20.15,17.35,no_change,17.35,2026-09-21T11:57:08,-9.39948,19.1499996185303,339.465,2026-09-21 19:44:12,2026-09-21 15:45:04
AAPL,AAPL261030P00355000,AAPL,2026-10-30,P,355.0,19.45,77.0,21.35,445.0,0.2642,4.0,5.0,-0.6848,0.0135,0.393,-0.1342,-0.187,19.9192,-2.225,20.0,20.0,20.0,no_change,20.0,2026-09-21T13:13:09,-10.0112,22.2249994277954,339.465,2026-09-21 19:44:12,2026-09-21 15:45:04
AAPL,AAPL261030P00360000,AAPL,2026-10-30,P,360.0,22.5,156.0,25.05,395.0,0.2561,30.0,2.0,-0.7486,0.0125,0.3522,-0.1218,-0.1881,23.5508,-2.375,23.75,23.75,23.75,down,23.75,2026-09-21T12:44:49,-9.09091,26.125,339.465,2026-09-21 19:44:12,2026-09-21 15:45:04
AAPL,AAPL261030P00365000,AAPL,2026-10-30,P,365.0,26.55,87.0,29.35,352.0,0.2628,1.0,0.0,-0.8066,0.0113,0.3027,-0.1074,-0.1816,27.4935,0.0,0.0,0.0,0.0,down,31.05,2026-09-17T13:10:01,0.0,30.2249994277954,339.465,2026-09-21 19:44:12,2026-09-21 15:45:04
AAPL,AAPL261030P00370000,AAPL,2026-10-30,P,370.0,31.0,100.0,33.1,421.0,0.2601,1.0,1.0,-0.8576,0.01,0.2476,-0.0924,-0.1658,31.7103,-0.685,33.84,33.84,33.84,down,33.84,2026-09-21T10:45:05,-1.98407,34.5249996185303,339.465,2026-09-21 19:44:12,2026-09-21 15:45:04
AAPL,AAPL261030P00375000,AAPL,2026-10-30,P,375.0,34.9,161.0,37.8,176.0,0.2555,0.0,0.0,-0.9015,0.0087,0.1904,-0.0788,-0.1386,36.161,0.0,0.0,0.0,0.0,no_change,0.0,,0.0,39.0500011444092,339.465,2026-09-21 19:44:12,2026-09-21 15:45:04
AAPL,AAPL261030P00380000,AAPL,2026-10-30,P,380.0,39.85,149.0,42.55,118.0,0.2711,2.0,0.0,-0.9387,0.0075,0.1345,-0.067,-0.1017,40.8063,0.0,0.0,0.0,0.0,down,49.8,2026-09-15T10:11:57,0.0,43.9500007629394,339.465,2026-09-21 19:44:12,2026-09-21 15:45:04
AAPL,AAPL261030P00385000,AAPL,2026-10-30,P,385.0,44.75,118.0,47.7,3.0,0.2952,0.0,0.0,-0.9694,0.0064,0.0799,-0.0556,-0.0572,45.6091,0.0,0.0,0.0,0.0,no_change,0.0,,0.0,48.6999988555908,339.465,2026-09-21 19:44:12,2026-09-21 15:45:04
AAPL,AAPL261030P00390000,AAPL,2026-10-30,P,390.0,49.5,80.0,52.7,71.0,0.3091,0.0,0.0,-0.9906,0.0034,0.0286,-0.0368,-0.0243,50.5416,0.0,0.0,0.0,0.0,no_change,0.0,,0.0,53.9249992370606,339.465,2026-09-21 19:44:12,2026-09-21 15:45:04
AAPL,AAPL261030P00395000,AAPL,2026-10-30,P,395.0,54.65,80.0,57.7,72.0,0.3352,0.0,0.0,-0.9986,0.0006,0.0,-0.032,0.0,55.5357,0.0,0.0,0.0,0.0,no_change,0.0,,0.0,58.6749992370606,339.465,2026-09-21 19:44:12,2026-09-21 15:45:04
AAPL,AAPL261030P00400000,AAPL,2026-10-30,P,400.0,59.65,80.0,62.7,72.0,0.3559,0.0,0.0,-1.0,0.0,0.0,-0.032,0.0,60.5357,0.0,0.0,0.0,0.0,no_change,0.0,,0.0,63.625,339.465,2026-09-21 19:44:12,2026-09-21 15:45:04
AAPL,AAPL261030P00405000,AAPL,2026-10-30,P,405.0,64.65,80.0,67.7,71.0,0.3761,0.0,0.0,-1.0,0.0,0.0,-0.032,0.0,65.5357,0.0,0.0,0.0,0.0,no_change,0.0,,0.0,68.5750007629394,339.465,2026-09-21 19:44:12,2026-09-21 15:45:04
AAPL,AAPL261030P00410000,AAPL,2026-10-30,P,410.0,69.6,80.0,72.7,71.0,0.394,0.0,0.0,-1.0,0.0,0.0,-0.032,0.0,70.5357,0.0,0.0,0.0,0.0,no_change,0.0,,0.0,73.7000007629394,339.465,2026-09-21 19:44:12,2026-09-21 15:45:04
AAPL,AAPL261030P00415000,AAPL,2026-10-30,P,415.0,74.5,80.0,77.7,71.0,0.4093,0.0,0.0,-1.0,0.0,0.0,-0.032,0.0,75.5357,0.0,0.0,0.0,0.0,no_change,0.0,,0.0,78.6500015258789,339.465,2026-09-21 19:44:12,2026-09-21 15:45:04
AAPL,AAPL261120C00100000,AAPL,2026-11-20,C,100.0,238.05,86.0,241.4,76.0,0.0,13.0,0.0,0.9995,0.0,0.0008,0.0,0.1335,239.9631,0.0,0.0,0.0,0.0,up,237.25,2026-09-17T15:09:47,0.0,236.600006103516,339.465,2026-09-21 19:44:12,2026-09-21 15:45:04
AAPL,AAPL261120C00105000,AAPL,2026-11-20,C,105.0,233.05,86.0,236.35,76.0,0.0,12.0,0.0,0.9995,0.0,0.0009,0.0,0.1401,234.994,0.0,0.0,0.0,0.0,up,158.6,2026-01-27T09:32:54,0.0,231.700004577637,339.465,2026-09-21 19:44:12,2026-09-21 15:45:04
AAPL,AAPL261120C00110000,AAPL,2026-11-20,C,110.0,228.55,101.0,231.2,76.0,0.0,349.0,0.0,0.9995,0.0,0.001,0.0,0.1468,230.025,0.0,0.0,0.0,0.0,no_change,224.65,2026-09-16T14:36:21,0.0,226.674995422363,339.465,2026-09-21 19:44:12,2026-09-21 15:45:04
AAPL,AAPL261120C00115000,AAPL,2026-11-20,C,115.0,223.55,76.0,226.1,76.0,0.0,1.0,0.0,0.9994,0.0,0.0013,0.0,0.1536,225.0562,0.0,0.0,0.0,0.0,down,173.82,2026-05-07T15:51:36,0.0,221.699996948242,339.465,2026-09-21 19:44:12,2026-09-21 15:45:04
AAPL,AAPL261120C00120000,AAPL,2026-11-20,C,120.0,218.6,92.0,221.4,76.0,0.0,70.0,0.0,0.9994,0.0,0.0015,0.0,0.1602,220.0876,0.0,0.0,0.0,0.0,up,206.14,2026-09-02T09:59:58,0.0,216.824996948242,339.465,2026-09-21 19:44:12,2026-09-21 15:45:04
AAPL,AAPL261120C00125000,AAPL,2026-11-20,C,125.0,213.6,78.0,216.45,87.0,0.0,32.0,0.0,0.9993,0.0,0.0017,0.0,0.1669,215.1191,0.0,0.0,0.0,0.0,up,213.95,2026-09-17T15:10:45,0.0,211.824996948242,339.465,2026-09-21 19:44:12,2026-09-21 15:45:04
AAPL,AAPL261120C00130000,AAPL,2026-11-20,C,130.0,208.65,78.0,211.15,76.0,0.0,45.0,0.0,0.9993,0.0,0.0021,0.0,0.1738,210.1508,0.0,0.0,0.0,0.0,down,186.93,2026-09-08T15:28:15,0.0,206.800003051758,339.465,2026-09-21 19:44:12,2026-09-21 15:45:04
AAPL,AAPL261120C00135000,AAPL,2026-11-20,C,135.0,203.25,87.0,206.5,76.0,0.0,23.0,0.0,0.9992,0.0,0.0024,0.0,0.1805,205.1829,0.0,0.0,0.0,0.0,up,181.23,2026-08-31T11:28:19,0.0,201.925003051758,339.465,2026-09-21 19:44:12,2026-09-21 15:45:04
AAPL,AAPL261120C00140000,AAPL,2026-11-20,C,140.0,198.7,76.0,201.25,76.0,0.0,23.0,0.0,0.9991,0.0,0.0028,0.0,0.1871,200.2151,0.0,0.0,0.0,0.0,no_change,187.34,2026-09-01T12:09:02,0.0,196.950004577637,339.465,2026-09-21 19:44:12,2026-09-21 15:45:04
AAPL,AAPL261120C00145000,AAPL,2026-11-20,C,145.0,193.75,84.0,196.25,84.0,0.0,31.0,0.0,0.999,0.0,0.0033,0.0,0.1942,195.2477,0.0,0.0,0.0,0.0,down,171.02,2026-08-31T11:51:11,0.0,191.774993896484,339.465,2026-09-21 19:44:12,2026-09-21 15:45:04
AAPL,AAPL261120C00150000,AAPL,2026-11-20,C,150.0,188.75,351.0,191.8,233.0,0.6557,207.0,0.0,0.9989,0.0,0.0038,0.0,0.2009,190.2808,0.0,0.0,0.0,0.0,up,176.14,2026-09-01T11:25:35,0.0,186.849998474121,339.465,2026-09-21 19:44:12,2026-09-21 15:45:04
AAPL,AAPL261120C00155000,AAPL,2026-11-20,C,155.0,183.8,88.0,186.35,90.0,0.0,47.0,0.0,0.9987,0.0,0.0045,0.0,0.2081,185.3142,0.0,0.0,0.0,0.0,up,170.74,2026-09-01T11:29:06,0.0,181.924995422363,339.465,2026-09-21 19:44:12,2026-09-21 15:45:04
AAPL,AAPL261120C00160000,AAPL,2026-11-20,C,160.0,178.85,94.0,181.3,90.0,0.0,97.0,0.0,0.9986,0.0,0.0052,0.0,0.2149,180.3482,0.0,0.0,0.0,0.0,up,174.29,2026-09-16T14:36:59,0.0,176.949996948242,339.465,2026-09-21 19:44:12,2026-09-21 15:45:04
AAPL,AAPL261120C00165000,AAPL,2026-11-20,C,165.0,173.9,76.0,176.45,76.0,0.0,3.0,0.0,0.9984,0.0,0.006,0.0,0.2227,175.3827,0.0,0.0,0.0,0.0,down,141.77,2026-08-03T10:07:45,0.0,172.175003051758,339.465,2026-09-21 19:44:12,2026-09-21 15:45:04
AAPL,AAPL261120C00170000,AAPL,2026-11-20,C,170.0,168.95,91.0,171.8,76.0,0.0,52.0,0.0,0.9982,0.0001,0.007,0.0,0.2342,170.4181,0.0,0.0,0.0,0.0,up,165.6,2026-09-14T12:08:22,0.0,167.100006103516,339.465,2026-09-21 19:44:12,2026-09-21 15:45:04
AAPL,AAPL261120C00175000,AAPL,2026-11-20,C,175.0,164.0,87.0,166.5,86.0,0.0,46.0,0.0,0.9979,0.0001,0.0081,0.0,0.2616,165.4551,0.0,0.0,0.0,0.0,no_change,162.0,2026-09-18T14:53:45,0.0,162.150001525879,339.465,2026-09-21 19:44:12,2026-09-21 15:45:04
AAPL,AAPL261120C00180000,AAPL,2026-11-20,C,180.0,159.05,71.0,161.4,85.0,0.0,17.0,0.0,0.9975,0.0001,0.0093,0.0,0.2911,160.4959,0.0,0.0,0.0,0.0,up,137.79,2026-09-08T09:38:13,0.0,157.125,339.465,2026-09-21 19:44:12,2026-09-21 15:45:04
AAPL,AAPL261120C00185000,AAPL,2026-11-20,C,185.0,154.1,114.0,156.55,91.0,0.0,321.0,0.0,0.9971,0.0001,0.0108,0.0,0.3109,155.5406,0.0,0.0,0.0,0.0,no_change,149.25,2026-09-16T10:26:55,0.0,152.150001525879,339.465,2026-09-21 19:44:12,2026-09-21 15:45:04
AAPL,AAPL261120C00190000,AAPL,2026-11-20,C,190.0,149.15,93.0,151.5,76.0,0.0,91.0,0.0,0.9967,0.0001,0.0124,0.0,0.3229,150.5882,0.0,0.0,0.0,0.0,down,144.55,2026-09-16T10:22:53,0.0,147.175003051758,339.465,2026-09-21 19:44:12,2026-09-21 15:45:04
AAPL,AAPL261120C00195000,AAPL,2026-11-20,C,195.0,144.2,86.0,146.25,10.0,0.0,24.0,0.0,0.9962,0.0001,0.0144,0.0,0.3319,145.6382,0.0,0.0,0.0,0.0,up,122.6,2026-08-31T15:32:14,0.0,142.300003051758,339.465,2026-09-21 19:44:12,2026-09-21 15:45:04
AAPL,AAPL261120C00200000,AAPL,2026-11-20,C,200.0,139.25,326.0,141.7,196.0,0.0,139.0,1.0,0.9955,0.0002,0.0169,0.0,0.3402,140.6908,-0.6,136.75,136.75,136.75,up,136.75,2026-09-21T09:30:01,-0.436845,137.350006103516,339.465,2026-09-21 19:44:12,2026-09-21 15:45:04
AAPL,AAPL261120C00205000,AAPL,2026-11-20,C,205.0,134.3,99.0,136.4,65.0,0.0,59.0,0.0,0.9947,0.0002,0.0198,0.0,0.3483,135.7462,0.0,0.0,0.0,0.0,up,129.18,2026-09-11T14:46:46,0.0,132.424995422363,339.465,2026-09-21 19:44:12,2026-09-21 15:45:04
AAPL,AAPL261120C00210000,AAPL,2026-11-20,C,210.0,129.35,98.0,131.75,83.0,0.0,77.0,2.0,0.9938,0.0002,0.0231,0.0,0.3563,130.8052,2.65,130.1,130.1,130.1,up,130.1,2026-09-21T12:56:57,2.07925,127.449996948242,339.465,2026-09-21 19:44:12,2026-09-21 15:45:04
AAPL,AAPL261120C00215000,AAPL,2026-11-20,C,215.0,124.4,241.0,126.8,223.0,0.0,156.0,0.0,0.9927,0.0003,0.0271,0.0,0.3641,125.8681,0.0,0.0,0.0,0.0,up,121.52,2026-09-11T11:03:24,0.0,122.650001525879,339.465,2026-09-21 19:44:12,2026-09-21 15:45:04
AAPL,AAPL261120C00220000,AAPL,2026-11-20,C,220.0,119.5,283.0,121.7,160.0,0.0,406.0,0.0,0.9913,0.0003,0.0317,0.0,0.3719,120.9355,0.0,0.0,0.0,0.0,down,115.32,2026-09-16T10:45:13,0.0,117.650001525879,339.465,2026-09-21 19:44:12,2026-09-21 15:45:04
AAPL,AAPL261120C00225000,AAPL,2026-11-20,C,225.0,114.55,296.0,116.8,192.0,0.0,2449.0,0.0,0.9898,0.0004,0.037,0.0,0.3795,116.008,0.0,0.0,0.0,0.0,up,109.93,2026-09-17T11:44:46,0.0,112.474998474121,339.465,2026-09-21 19:44:12,2026-09-21 15:45:04
AAPL,AAPL261120C00230000,AAPL,2026-11-20,C,230.0,109.6,314.0,111.75,162.0,0.0,3687.0,15.0,0.9879,0.0005,0.043,-0.0009,0.3869,111.0859,0.945,107.52,109.02,107.52,up,109.02,2026-09-21T10:09:12,0.874392,108.075000762939,339.465,2026-09-21 19:44:12,2026-09-21 15:45:04
AAPL,AAPL261120C00235000,AAPL,2026-11-20,C,235.0,104.7,241.0,106.8,100.0,0.0,167.0,0.0,0.9857,0.0006,0.0499,-0.0035,0.3941,106.1699,0.0,0.0,0.0,0.0,up,100.65,2026-09-11T13:40:13,0.0,103.300003051758,339.465,2026-09-21 19:44:12,2026-09-21 15:45:04
AAPL,AAPL261120C00240000,AAPL,2026-11-20,C,240.0,99.8,296.0,101.9,119.0,0.0,417.0,2.0,0.9832,0.0007,0.0575,-0.0063,0.4012,101.2606,1.105,98.93,98.93,98.93,up,98.93,2026-09-21T10:25:17,1.12957,97.8250007629394,339.465,2026-09-21 19:44:12,2026-09-21 15:45:04
AAPL,AAPL261120C00245000,AAPL,2026-11-20,C,245.0,94.9,281.0,97.25,198.0,0.3484,1861.0,0.0,0.9803,0.0008,0.0662,-0.0092,0.4079,96.3589,0.0,0.0,0.0,0.0,down,92.0,2026-09-18T13:11:27,0.0,93.25,339.465,2026-09-21 19:44:12,2026-09-21 15:45:04
AAPL,AAPL261120C00250000,AAPL,2026-11-20,C,250.0,90.0,343.0,91.55,10.0,0.0,439.0,10.0,0.9769,0.001,0.076,-0.0123,0.4144,91.4662,1.79,90.19,90.19,90.19,no_change,90.19,2026-09-21T11:58:11,2.02489,88.4000015258789,339.465,2026-09-21 19:44:12,2026-09-21 15:45:04
AAPL,AAPL261120C00255000,AAPL,2026-11-20,C,255.0,85.1,397.0,86.8,10.0,0.0,1249.0,0.0,0.9729,0.0012,0.0869,-0.0157,0.4205,86.5842,0.0,0.0,0.0,0.0,up,82.46,2026-09-18T13:37:58,0.0,83.1000022888184,339.465,2026-09-21 19:44:12,2026-09-21 15:45:04
AAPL,AAPL261120C00260000,AAPL,2026-11-20,C,260.0,80.2,418.0,82.35,205.0,0.3131,1090.0,8.0,0.9682,0.0014,0.0995,-0.0192,0.4262,81.7154,3.05,81.01,81.4,81.0,no_change,81.4,2026-09-21T15:22:57,3.89279,78.3499984741211,339.465,2026-09-21 19:44:12,2026-09-21 15:45:04
AAPL,AAPL261120C00265000,AAPL,2026-11-20,C,265.0,75.35,426.0,77.3,51.0,0.296,1097.0,62.0,0.9627,0.0016,0.1136,-0.0231,0.4314,76.8637,2.2,75.15,76.25,74.47,up,76.25,2026-09-21T12:17:21,2.97097,74.0499992370606,339.465,2026-09-21 19:44:12,2026-09-21 15:45:04
AAPL,AAPL261120C00270000,AAPL,2026-11-20,C,270.0,70.55,448.0,72.45,71.0,0.2984,6590.0,50.0,0.956,0.0019,0.1299,-0.0274,0.4359,72.0341,2.105,66.25,71.15,66.25,down,71.13,2026-09-21T14:32:44,3.04962,69.0250015258789,339.465,2026-09-21 19:44:12,2026-09-21 15:45:04
AAPL,AAPL261120C00275000,AAPL,2026-11-20,C,275.0,66.05,426.0,67.85,219.0,0.32,3020.0,5.0,0.948,0.0022,0.1487,-0.0321,0.4394,67.2337,2.075,66.2,66.2,66.2,up,66.2,2026-09-21T12:17:08,3.23587,64.1249980926514,339.465,2026-09-21 19:44:12,2026-09-21 15:45:04
AAPL,AAPL261120C00280000,AAPL,2026-11-20,C,280.0,61.0,443.0,62.7,2.0,0.2865,2219.0,46.0,0.9382,0.0026,0.1703,-0.0373,0.442,62.4716,0.66,59.32,60.73,59.32,down,60.06,2026-09-21T11:42:00,1.11111,59.3999996185303,339.465,2026-09-21 19:44:12,2026-09-21 15:45:04
AAPL,AAPL261120C00285000,AAPL,2026-11-20,C,285.0,56.25,445.0,58.0,18.0,0.2832,2561.0,1199.0,0.9262,0.0031,0.1954,-0.0432,0.4431,57.7598,2.05,54.4,57.25,54.4,up,56.85,2026-09-21T14:32:44,3.74088,54.7999992370606,339.465,2026-09-21 19:44:12,2026-09-21 15:45:04
AAPL,AAPL261120C00290000,AAPL,2026-11-20,C,290.0,51.75,422.0,53.55,126.0,0.2895,1990.0,26.0,0.9114,0.0037,0.2237,-0.0498,0.4426,53.1128,2.07,49.8,52.39,49.8,down,52.27,2026-09-21T12:57:38,4.1235,50.2000007629394,339.465,2026-09-21 19:44:12,2026-09-21 15:45:04
AAPL,AAPL261120C00295000,AAPL,2026-11-20,C,295.0,47.85,347.0,48.85,81.0,0.2958,1372.0,11.0,0.8935,0.0044,0.2559,-0.057,0.4399,48.5485,2.225,46.44,47.92,46.44,down,47.8,2026-09-21T13:23:00,4.88207,45.5749988555908,339.465,2026-09-21 19:44:12,2026-09-21 15:45:04
AAPL,AAPL261120C00300000,AAPL,2026-11-20,C,300.0,43.45,357.0,44.3,37.0,0.2888,5631.0,54.0,0.8718,0.0051,0.2915,-0.0649,0.435,44.0871,2.25,39.3,43.55,39.3,up,43.45,2026-09-21T15:16:41,5.46116,41.2000007629394,339.465,2026-09-21 19:44:12,2026-09-21 15:45:04
AAPL,AAPL261120C00305000,AAPL,2026-11-20,C,305.0,39.15,317.0,40.0,39.0,0.2842,3418.0,45.0,0.8459,0.0059,0.3295,-0.0732,0.4273,39.7522,1.545,35.85,39.45,34.66,down,38.57,2026-09-21T14:11:01,4.17286,37.0249996185303,339.465,2026-09-21 19:44:12,2026-09-21 15:45:04
AAPL,AAPL261120C00310000,AAPL,2026-11-20,C,310.0,34.9,402.0,35.75,35.0,0.2769,13456.0,125.0,0.8154,0.0068,0.3696,-0.0817,0.4166,35.568,2.325,32.85,35.5,32.85,up,35.5,2026-09-21T15:29:10,7.00829,33.1750011444092,339.465,2026-09-21 19:44:12,2026-09-21 15:45:04
AAPL,AAPL261120C00315000,AAPL,2026-11-20,C,315.0,30.45,492.0,31.8,86.0,0.2674,5750.0,111.0,0.78,0.0077,0.4097,-0.0901,0.4028,31.5603,2.12,28.5,31.17,27.0,up,31.17,2026-09-21T14:45:14,7.29776,29.0500001907349,339.465,2026-09-21 19:44:12,2026-09-21 15:45:04
AAPL,AAPL261120C00320000,AAPL,2026-11-20,C,320.0,27.5,355.0,27.9,31.0,0.2722,6894.0,227.0,0.7399,0.0086,0.448,-0.098,0.3859,27.7551,2.05,25.23,27.6,23.1,up,27.6,2026-09-21T15:28:22,8.02348,25.5500001907349,339.465,2026-09-21 19:44:12,2026-09-21 15:45:04
AAPL,AAPL261120C00325000,AAPL,2026-11-20,C,325.0,23.7,626.0,24.3,34.0,0.2654,10936.0,371.0,0.6952,0.0094,0.483,-0.1049,0.3657,24.1763,2.05,20.75,24.1,20.0,up,24.1,2026-09-21T15:29:08,9.29706,22.0499992370605,339.465,2026-09-21 19:44:12,2026-09-21 15:45:04
AAPL,AAPL261120C00330000,AAPL,2026-11-20,C,330.0,20.55,524.0,20.95,24.0,0.2632,10444.0,435.0,0.6464,0.0101,0.5122,-0.1104,0.3427,20.8451,1.955,18.41,20.83,16.95,up,20.83,2026-09-21T15:29:08,10.3576,18.875,339.465,2026-09-21 19:44:12,2026-09-21 15:45:04
AAPL,AAPL261120C00335000,AAPL,2026-11-20,C,335.0,17.55,625.0,17.85,21.0,0.26,8416.0,1154.0,0.5944,0.0107,0.5337,-0.1141,0.3175,17.78,1.575,15.55,17.6,14.1,no_change,17.6,2026-09-21T15:24:58,9.82839,16.0250005722046,339.465,2026-09-21 19:44:12,2026-09-21 15:45:04
AAPL,AAPL261120C00340000,AAPL,2026-11-20,C,340.0,14.8,241.0,15.0,60.0,0.2565,8362.0,1360.0,0.5399,0.0111,0.5462,-0.1158,0.2903,14.995,1.55,12.95,14.95,11.75,up,14.95,2026-09-21T15:29:08,11.5672,13.4000000953674,339.465,2026-09-21 19:44:12,2026-09-21 15:45:04
AAPL,AAPL261120C00345000,AAPL,2026-11-20,C,345.0,12.3,744.0,12.7,520.0,0.2553,6342.0,409.0,0.4841,0.0113,0.5486,-0.1152,0.2617,12.4979,1.35,10.12,12.45,9.5,no_change,12.45,2026-09-21T15:29:08,12.1622,11.0999999046326,339.465,2026-09-21 19:44:12,2026-09-21 15:45:04
AAPL,AAPL261120C00350000,AAPL,2026-11-20,C,350.0,10.15,355.0,10.35,30.0,0.2518,14019.0,830.0,0.4282,0.0112,0.5404,-0.1124,0.2326,10.2911,1.15,8.82,10.25,7.8,up,10.25,2026-09-21T15:29:09,12.6374,9.09999990463257,339.465,2026-09-21 19:44:12,2026-09-21 15:45:04
AAPL,AAPL261120C00355000,AAPL,2026-11-20,C,355.0,8.25,347.0,8.6,330.0,0.2512,8469.0,585.0,0.3736,0.011,0.5221,-0.1076,0.2038,8.3714,0.92,6.85,8.35,6.2,down,8.32,2026-09-21T15:28:43,12.4324,7.40000009536743,339.465,2026-09-21 19:44:12,2026-09-21 15:45:04
AAPL,AAPL261120C00360000,AAPL,2026-11-20,C,360.0,6.65,388.0,6.8,19.0,0.248,14246.0,592.0,0.3213,0.0104,0.4948,-0.1009,0.176,6.7289,0.82,5.69,6.8,4.95,down,6.72,2026-09-21T15:29:09,13.8983,5.90000009536743,339.465,2026-09-21 19:44:12,2026-09-21 15:45:04
AAPL,AAPL261120C00365000,AAPL,2026-11-20,C,365.0,5.25,411.0,5.45,103.0,0.2463,5302.0,2287.0,0.2725,0.0098,0.4598,-0.0929,0.1497,5.3474,0.6,4.5,5.35,4.4,no_change,5.3,2026-09-21T15:25:21,12.766,4.70000004768372,339.465,2026-09-21 19:44:12,2026-09-21 15:45:04
AAPL,AAPL261120C00370000,AAPL,2026-11-20,C,370.0,4.15,358.0,4.3,210.0,0.2454,5853.0,652.0,0.228,0.0089,0.4193,-0.084,0.1255,4.2048,0.535,3.68,4.3,3.0,no_change,4.21,2026-09-21T15:28:55,14.5578,3.67499995231628,339.465,2026-09-21 19:44:12,2026-09-21 15:45:04
AAPL,AAPL261120C00375000,AAPL,2026-11-20,C,375.0,3.2,737.0,3.3,50.0,0.2432,3547.0,603.0,0.1884,0.008,0.3759,-0.0746,0.1038,3.2752,0.33,2.6,3.25,2.3,no_change,3.25,2026-09-21T15:25:21,11.3014,2.91999995708466,339.465,2026-09-21 19:44:12,2026-09-21 15:45:04
AAPL,AAPL261120C00380000,AAPL,2026-11-20,C,380.0,2.44,403.0,2.67,593.0,0.244,4595.0,1346.0,0.1539,0.007,0.3317,-0.0652,0.085,2.5307,0.265,2.04,2.54,1.77,up,2.54,2026-09-21T15:24:43,11.6484,2.27499997615814,339.465,2026-09-21 19:44:12,2026-09-21 15:45:04
AAPL,AAPL261120C00385000,AAPL,2026-11-20,C,385.0,1.84,589.0,1.99,5.0,0.242,496.0,430.0,0.1244,0.0061,0.2882,-0.0563,0.0688,1.9429,0.18,1.68,1.95,1.41,down,1.91,2026-09-21T15:28:50,10.4046,1.72999995946884,339.465,2026-09-21 19:44:12,2026-09-21 15:45:04
AAPL,AAPL261120C00390000,AAPL,2026-11-20,C,390.0,1.45,378.0,1.52,8.0,0.2431,2349.0,254.0,0.0997,0.0052,0.2469,-0.0479,0.0551,1.4843,0.11,1.28,1.45,1.06,no_change,1.45,2026-09-21T15:28:38,8.20896,1.33999997377396,339.465,2026-09-21 19:44:12,2026-09-21 15:45:04
AAPL,AAPL261120C00395000,AAPL,2026-11-20,C,395.0,1.1,413.0,1.16,31.0,0.2435,208.0,116.0,0.0794,0.0044,0.2095,-0.0404,0.0438,1.1303,0.08,0.77,1.13,0.77,no_change,1.11,2026-09-21T15:21:53,7.76699,1.03000003099442,339.465,2026-09-21 19:44:12,2026-09-21 15:45:04
AAPL,AAPL261120C00400000,AAPL,2026-11-20,C,400.0,0.83,502.0,0.88,87.0,0.244,34697.0,435.0,0.0629,0.0036,0.1761,-0.0338,0.0348,0.8597,0.09,0.58,0.88,0.58,up,0.87,2026-09-21T15:26:25,11.5385,0.780000001192093,339.465,2026-09-21 19:44:12,2026-09-21 15:45:04
AAPL,AAPL261120C00405000,AAPL,2026-11-20,C,405.0,0.61,376.0,0.67,64.0,0.2443,32.0,122.0,0.0497,0.003,0.1468,-0.0281,0.0274,0.6544,0.085,0.61,0.65,0.6,up,0.65,2026-09-21T14:58:39,15.0442,0.564999997615814,339.465,2026-09-21 19:44:12,2026-09-21 15:45:04
AAPL,AAPL261120C00410000,AAPL,2026-11-20,C,410.0,0.46,394.0,0.51,165.0,0.2455,1705.0,86.0,0.0392,0.0025,0.122,-0.0233,0.0216,0.4996,0.035,0.46,0.49,0.41,up,0.49,2026-09-21T14:41:34,7.69231,0.454999998211861,339.465,2026-09-21 19:44:12,2026-09-21 15:45:04
AAPL,AAPL261120C00415000,AAPL,2026-11-20,C,415.0,0.32,395.0,0.4,145.0,0.2461,0.0,1.0,0.031,0.002,0.101,-0.0192,0.0171,0.3834,0.015,0.33,0.33,0.33,up,0.33,2026-09-21T13:03:42,4.76191,0.314999997615814,339.465,2026-09-21 19:44:12,2026-09-21 15:45:04
AAPL,AAPL261120C00420000,AAPL,2026-11-20,C,420.0,0.27,528.0,0.31,180.0,0.2499,1064.0,113.0,0.0246,0.0016,0.0837,-0.0159,0.0135,0.2964,0.025,0.22,0.27,0.22,up,0.27,2026-09-21T15:02:37,10.2041,0.244999997317791,339.465,2026-09-21 19:44:12,2026-09-21 15:45:04
AAPL,AAPL261120C00425000,AAPL,2026-11-20,C,425.0,0.19,478.0,0.25,238.0,0.2515,75.0,6.0,0.0196,0.0014,0.0695,-0.0133,0.0108,0.2313,-0.045,0.17,0.2,0.17,down,0.19,2026-09-21T14:02:41,-19.1489,0.234999999403954,339.465,2026-09-21 19:44:12,2026-09-21 15:45:04
AAPL,AAPL261120C00430000,AAPL,2026-11-20,C,430.0,0.14,144.0,0.25,545.0,0.2584,1397.0,16.0,0.0157,0.0011,0.0579,-0.0111,0.0086,0.1825,-0.025,0.15,0.21,0.13,down,0.13,2026-09-21T11:42:50,-16.129,0.154999997466803,339.465,2026-09-21 19:44:12,2026-09-21 15:45:04
AAPL,AAPL261120C00440000,AAPL,2026-11-20,C,440.0,0.03,394.0,0.11,41.0,0.2477,676.0,1.0,0.0104,0.0008,0.0406,-0.0079,0.0056,0.1169,-0.055,0.07,0.07,0.07,down,0.07,2026-09-21T13:03:49,-44.0,0.125,339.465,2026-09-21 19:44:12,2026-09-21 15:45:04
AAPL,AAPL261120C00450000,AAPL,2026-11-20,C,450.0,0.05,211.0,0.14,523.0,0.2761,3193.0,10.0,0.0072,0.0005,0.0296,-0.0058,0.0039,0.0799,0.01,0.01,0.08,0.01,up,0.08,2026-09-21T13:03:42,14.2857,0.0700000021606684,339.465,2026-09-21 19:44:12,2026-09-21 15:45:04
AAPL,AAPL261120C00460000,AAPL,2026-11-20,C,460.0,0.02,126.0,0.08,379.0,0.2754,2402.0,1.0,0.0052,0.0004,0.0222,-0.0045,0.0028,0.0573,-0.02,0.06,0.06,0.06,no_change,0.06,2026-09-21T13:03:34,-25.0,0.0799999982118606,339.465,2026-09-21 19:44:12,2026-09-21 15:45:04
AAPL,AAPL261120C00470000,AAPL,2026-11-20,C,470.0,0.02,76.0,0.08,339.0,0.2929,136.0,1.0,0.0039,0.0003,0.0172,-0.0036,0.0021,0.0428,0.01,0.08,0.08,0.08,down,0.08,2026-09-21T14:02:41,14.2857,0.0699999993667006,339.465,2026-09-21 19:44:12,2026-09-21 15:45:04
AAPL,AAPL261120C00480000,AAPL,2026-11-20,C,480.0,0.01,82.0,0.06,269.0,0.2994,719.0,1.0,0.003,0.0002,0.0135,-0.0029,0.0016,0.033,0.0,0.06,0.06,0.06,down,0.06,2026-09-21T14:47:51,-2.42144e-06,0.0600000014528632,339.465,2026-09-21 19:44:12,2026-09-21 15:45:04
AAPL,AAPL261120C00490000,AAPL,2026-11-20,C,490.0,0.01,20.0,0.15,426.0,0.3424,708.0,0.0,0.0023,0.0002,0.0109,-0.0024,0.0012,0.026,0.0,0.0,0.0,0.0,down,0.08,2026-09-17T11:23:38,0.0,0.0899999979883432,339.465,2026-09-21 19:44:12,2026-09-21 15:45:04
AAPL,AAPL261120C00500000,AAPL,2026-11-20,C,500.0,0.02,2.0,0.04,5.0,0.3264,4542.0,76.0,0.0019,0.0001,0.0089,-0.002,0.001,0.0209,-0.005,0.03,0.04,0.01,no_change,0.03,2026-09-21T12:18:12,-14.2857,0.0350000001490116,339.465,2026-09-21 19:44:12,2026-09-21 15:45:04
AAPL,AAPL261120C00510000,AAPL,2026-11-20,C,510.0,0.01,10.0,0.1,430.0,0.3615,995.0,19.0,0.0015,0.0001,0.0073,-0.0017,0.0008,0.0171,0.005,0.1,0.1,0.02,no_change,0.05,2026-09-21T12:17:52,11.1111,0.0449999989941716,339.465,2026-09-21 19:44:12,2026-09-21 15:45:04
AAPL,AAPL261120C00520000,AAPL,2026-11-20,C,520.0,0.0,0.0,0.5,666.0,0.4452,47.0,0.0,0.0012,0.0001,0.0061,-0.0014,0.0007,0.0141,0.0,0.0,0.0,0.0,up,0.07,2026-09-16T09:46:57,0.0,0.259999990463257,339.465,2026-09-21 19:44:12,2026-09-21 15:45:04
AAPL,AAPL261120C00530000,AAPL,2026-11-20,C,530.0,0.0,0.0,0.24,487.0,0.4247,94.0,3.0,0.001,0.0001,0.0051,-0.0012,0.0005,0.0117,-0.23,0.06,0.06,0.03,no_change,0.03,2026-09-21T10:07:47,-88.4615,0.259999990463257,339.465,2026-09-21 19:44:12,2026-09-21 15:45:04
AAPL,AAPL261120C00540000,AAPL,2026-11-20,C,540.0,0.0,0.0,0.22,427.0,0.4362,30.0,3.0,0.0008,0.0001,0.0043,-0.0011,0.0004,0.0099,-0.23,0.07,0.07,0.03,no_change,0.03,2026-09-21T10:04:50,-88.4615,0.259999990463257,339.465,2026-09-21 19:44:12,2026-09-21 15:45:04
AAPL,AAPL261120C00550000,AAPL,2026-11-20,C,550.0,0.0,0.0,0.22,450.0,0.4513,30.0,19.0,0.0007,0.0,0.0037,-0.0009,0.0004,0.0084,-0.21,0.1,0.1,0.03,no_change,0.05,2026-09-21T12:16:03,-80.7692,0.259999990463257,339.465,2026-09-21 19:44:12,2026-09-21 15:45:04
AAPL,AAPL261120C00560000,AAPL,2026-11-20,C,560.0,0.0,0.0,0.52,515.0,0.5136,121.0,0.0,0.0006,0.0,0.0032,-0.0008,0.0003,0.0072,0.0,0.0,0.0,0.0,no_change,0.02,2026-09-18T13:18:23,0.0,0.259999990463257,339.465,2026-09-21 19:44:12,2026-09-21 15:45:04
AAPL,AAPL261120C00570000,AAPL,2026-11-20,C,570.0,0.0,0.0,0.52,501.0,0.5291,40.0,0.0,0.0005,0.0,0.0027,-0.0007,0.0003,0.0062,0.0,0.0,0.0,0.0,no_change,0.05,2026-09-18T13:17:56,0.0,0.0549999997019768,339.465,2026-09-21 19:44:12,2026-09-21 15:45:04
AAPL,AAPL261120C00580000,AAPL,2026-11-20,C,580.0,0.0,0.0,0.52,543.0,0.5444,711.0,0.0,0.0004,0.0,0.0024,-0.0006,0.0002,0.0053,0.0,0.0,0.0,0.0,no_change,0.05,2026-09-18T14:13:07,0.0,0.0500000007450581,339.465,2026-09-21 19:44:12,2026-09-21 15:45:04
AAPL,AAPL261120C00590000,AAPL,2026-11-20,C,590.0,0.0,0.0,0.1,11.0,0.4712,64.0,0.0,0.0004,0.0,0.0021,-0.0006,0.0002,0.0046,0.0,0.0,0.0,0.0,up,0.04,2026-09-18T14:11:38,0.0,0.0199999995529652,339.465,2026-09-21 19:44:12,2026-09-21 15:45:04
AAPL,AAPL261120C00600000,AAPL,2026-11-20,C,600.0,0.0,0.0,0.03,20.0,0.4377,633.0,1.0,0.0003,0.0,0.0018,-0.0005,0.0002,0.004,0.01,0.02,0.02,0.02,up,0.02,2026-09-21T10:16:59,100.0,0.00999999977648258,339.465,2026-09-21 19:44:12,2026-09-21 15:45:04
AAPL,AAPL261120P00100000,AAPL,2026-11-20,P,100.0,0.0,0.0,0.1,10.0,1.0679,206.0,0.0,-0.0002,0.0,0.0009,-0.0006,-0.0001,0.0049,0.0,0.0,0.0,0.0,down,0.01,2026-08-31T12:31:41,0.0,0.0500000007450581,339.465,2026-09-21 19:44:12,2026-09-21 15:45:04
AAPL,AAPL261120P00105000,AAPL,2026-11-20,P,105.0,0.0,0.0,0.52,294.0,1.2242,7.0,0.0,-0.0002,0.0,0.001,-0.0007,-0.0001,0.0057,0.0,0.0,0.0,0.0,down,0.14,2026-07-17T14:51:59,0.0,0.259999990463257,339.465,2026-09-21 19:44:12,2026-09-21 15:45:04
AAPL,AAPL261120P00110000,AAPL,2026-11-20,P,110.0,0.0,0.0,0.03,4.0,0.8911,231.0,0.0,-0.0002,0.0,0.0012,-0.0008,-0.0001,0.0067,0.0,0.0,0.0,0.0,up,0.02,2026-09-16T10:32:15,0.0,0.0149999996647239,339.465,2026-09-21 19:44:12,2026-09-21 15:45:04
AAPL,AAPL261120P00115000,AAPL,2026-11-20,P,115.0,0.0,0.0,0.02,10.0,0.831,563.0,0.0,-0.0003,0.0,0.0014,-0.0009,-0.0002,0.0077,0.0,0.0,0.0,0.0,no_change,0.01,2026-09-10T14:53:32,0.0,0.00999999977648258,339.465,2026-09-21 19:44:12,2026-09-21 15:45:04
AAPL,AAPL261120P00120000,AAPL,2026-11-20,P,120.0,0.0,0.0,0.24,207.0,0.9988,138.0,0.0,-0.0003,0.0,0.0016,-0.001,-0.0002,0.0089,0.0,0.0,0.0,0.0,down,0.07,2026-08-24T09:46:25,0.0,0.25,339.465,2026-09-21 19:44:12,2026-09-21 15:45:04
AAPL,AAPL261120P00125000,AAPL,2026-11-20,P,125.0,0.0,0.0,0.1,10.0,0.8806,80.0,0.0,-0.0004,0.0,0.0019,-0.0011,-0.0002,0.0103,0.0,0.0,0.0,0.0,up,0.05,2026-09-09T10:38:45,0.0,0.0500000007450581,339.465,2026-09-21 19:44:12,2026-09-21 15:45:04
AAPL,AAPL261120P00130000,AAPL,2026-11-20,P,130.0,0.0,0.0,0.47,312.0,1.0004,74.0,0.0,-0.0004,0.0,0.0022,-0.0012,-0.0003,0.0119,0.0,0.0,0.0,0.0,up,0.1,2026-09-03T10:04:36,0.0,0.234999999403954,339.465,2026-09-21 19:44:12,2026-09-21 15:45:04
AAPL,AAPL261120P00135000,AAPL,2026-11-20,P,135.0,0.0,0.0,0.04,2.0,0.7527,324.0,0.0,-0.0005,0.0,0.0026,-0.0014,-0.0003,0.0137,0.0,0.0,0.0,0.0,down,0.01,2026-09-10T14:59:33,0.0,0.0199999995529652,339.465,2026-09-21 19:44:12,2026-09-21 15:45:04
AAPL,AAPL261120P00140000,AAPL,2026-11-20,P,140.0,0.0,0.0,0.03,1.0,0.7077,698.0,0.0,-0.0006,0.0,0.003,-0.0016,-0.0004,0.0158,0.0,0.0,0.0,0.0,down,0.03,2026-09-14T15:13:02,0.0,0.025000000372529,339.465,2026-09-21 19:44:12,2026-09-21 15:45:04
AAPL,AAPL261120P00145000,AAPL,2026-11-20,P,145.0,0.0,0.0,0.14,267.0,0.7816,273.0,0.0,-0.0007,0.0,0.0034,-0.0018,-0.0004,0.0182,0.0,0.0,0.0,0.0,no_change,0.08,2026-09-03T11:43:47,0.0,0.0700000002980232,339.465,2026-09-21 19:44:12,2026-09-21 15:45:04
AAPL,AAPL261120P00150000,AAPL,2026-11-20,P,150.0,0.0,0.0,0.1,240.0,0.728,199.0,1.0,-0.0008,0.0,0.004,-0.002,-0.0005,0.021,-0.01,0.04,0.04,0.04,no_change,0.04,2026-09-21T14:52:35,-20.0,0.0500000007450581,339.465,2026-09-21 19:44:12,2026-09-21 15:45:04
AAPL,AAPL261120P00155000,AAPL,2026-11-20,P,155.0,0.0,0.0,0.1,11.0,0.7005,599.0,0.0,-0.001,0.0,0.0046,-0.0023,-0.0006,0.0241,0.0,0.0,0.0,0.0,no_change,0.04,2026-09-16T11:19:29,0.0,0.0500000007450581,339.465,2026-09-21 19:44:12,2026-09-21 15:45:04
AAPL,AAPL261120P00160000,AAPL,2026-11-20,P,160.0,0.01,70.0,0.06,2.0,0.6518,302.0,3.0,-0.0011,0.0,0.0053,-0.0026,-0.0007,0.0277,0.005,0.04,0.04,0.04,down,0.04,2026-09-21T09:30:00,14.2857,0.034999999217689,339.465,2026-09-21 19:44:12,2026-09-21 15:45:04
AAPL,AAPL261120P00165000,AAPL,2026-11-20,P,165.0,0.0,0.0,0.16,180.0,0.6798,153.0,0.0,-0.0013,0.0,0.0061,-0.0029,-0.0008,0.0318,0.0,0.0,0.0,0.0,down,0.04,2026-09-15T12:43:27,0.0,0.0500000007450581,339.465,2026-09-21 19:44:12,2026-09-21 15:45:04
AAPL,AAPL261120P00170000,AAPL,2026-11-20,P,170.0,0.0,0.0,0.1,10.0,0.6232,446.0,0.0,-0.0015,0.0001,0.007,-0.0032,-0.0009,0.0366,0.0,0.0,0.0,0.0,up,0.06,2026-09-10T15:08:29,0.0,0.0550000006332994,339.465,2026-09-21 19:44:12,2026-09-21 15:45:04
AAPL,AAPL261120P00175000,AAPL,2026-11-20,P,175.0,0.0,0.0,0.12,36.0,0.6097,161.0,0.0,-0.0018,0.0001,0.0081,-0.0036,-0.001,0.0421,0.0,0.0,0.0,0.0,no_change,0.06,2026-09-15T10:30:50,0.0,0.0550000006332994,339.465,2026-09-21 19:44:12,2026-09-21 15:45:04
AAPL,AAPL261120P00180000,AAPL,2026-11-20,P,180.0,0.01,108.0,0.1,111.0,0.5806,302.0,0.0,-0.0021,0.0001,0.0093,-0.0041,-0.0012,0.0485,0.0,0.0,0.0,0.0,down,0.05,2026-09-18T09:30:11,0.0,0.0599999995902181,339.465,2026-09-21 19:44:12,2026-09-21 15:45:04
AAPL,AAPL261120P00185000,AAPL,2026-11-20,P,185.0,0.01,106.0,0.11,19.0,0.5623,1129.0,0.0,-0.0025,0.0001,0.0108,-0.0046,-0.0014,0.0562,0.0,0.0,0.0,0.0,no_change,0.09,2026-09-15T10:31:06,0.0,0.0699999984353781,339.465,2026-09-21 19:44:12,2026-09-21 15:45:04
AAPL,AAPL261120P00190000,AAPL,2026-11-20,P,190.0,0.02,30.0,0.12,26.0,0.5482,563.0,0.0,-0.0029,0.0001,0.0125,-0.0052,-0.0017,0.0655,0.0,0.0,0.0,0.0,no_change,0.07,2026-09-16T14:32:27,0.0,0.0749999973922968,339.465,2026-09-21 19:44:12,2026-09-21 15:45:04
AAPL,AAPL261120P00195000,AAPL,2026-11-20,P,195.0,0.02,478.0,0.14,313.0,0.5331,539.0,0.0,-0.0034,0.0001,0.0145,-0.0059,-0.002,0.0767,0.0,0.0,0.0,0.0,up,0.14,2026-09-15T09:51:05,0.0,0.0900000026449561,339.465,2026-09-21 19:44:12,2026-09-21 15:45:04
AAPL,AAPL261120P00200000,AAPL,2026-11-20,P,200.0,0.08,208.0,0.11,459.0,0.5205,1932.0,13.0,-0.0041,0.0002,0.017,-0.0068,-0.0024,0.0903,-0.025,0.08,0.12,0.08,down,0.09,2026-09-21T14:05:07,-21.7391,0.115000002086163,339.465,2026-09-21 19:44:12,2026-09-21 15:45:04
AAPL,AAPL261120P00205000,AAPL,2026-11-20,P,205.0,0.09,215.0,0.11,1.0,0.5012,1466.0,2.0,-0.0048,0.0002,0.0198,-0.0077,-0.0028,0.107,0.0,0.11,0.11,0.11,no_change,0.11,2026-09-21T13:02:56,2.23517e-06,0.109999997541308,339.465,2026-09-21 19:44:12,2026-09-21 15:45:04
AAPL,AAPL261120P00210000,AAPL,2026-11-20,P,210.0,0.11,154.0,0.15,314.0,0.4942,1925.0,9.0,-0.0058,0.0002,0.0232,-0.0089,-0.0034,0.127,-0.005,0.15,0.15,0.12,up,0.15,2026-09-21T14:03:16,-3.22581,0.155000001192093,339.465,2026-09-21 19:44:12,2026-09-21 15:45:04
AAPL,AAPL261120P00215000,AAPL,2026-11-20,P,215.0,0.12,132.0,0.18,184.0,0.4806,1024.0,2.0,-0.0069,0.0003,0.0273,-0.0102,-0.004,0.1512,0.0,0.17,0.18,0.17,up,0.18,2026-09-21T13:03:09,2.23517e-06,0.179999995976686,339.465,2026-09-21 19:44:12,2026-09-21 15:45:04
AAPL,AAPL261120P00220000,AAPL,2026-11-20,P,220.0,0.14,237.0,0.2,172.0,0.4661,3774.0,2.0,-0.0083,0.0004,0.0319,-0.0116,-0.0048,0.1799,-0.015,0.18,0.18,0.18,no_change,0.18,2026-09-21T13:16:28,-7.69231,0.195000000298023,339.465,2026-09-21 19:44:12,2026-09-21 15:45:04
AAPL,AAPL261120P00225000,AAPL,2026-11-20,P,225.0,0.19,53.0,0.29,329.0,0.465,1467.0,23.0,-0.0099,0.0004,0.0373,-0.0133,-0.0057,0.2137,-0.045,0.22,0.23,0.19,down,0.19,2026-09-21T14:02:06,-19.1489,0.234999999403954,339.465,2026-09-21 19:44:12,2026-09-21 15:45:04
AAPL,AAPL261120P00230000,AAPL,2026-11-20,P,230.0,0.2,225.0,0.37,470.0,0.4542,6020.0,1.0,-0.0117,0.0005,0.0432,-0.0151,-0.0068,0.2522,-0.09,0.21,0.21,0.21,down,0.21,2026-09-21T13:02:56,-30.0,0.300000004470348,339.465,2026-09-21 19:44:12,2026-09-21 15:45:04
AAPL,AAPL261120P00235000,AAPL,2026-11-20,P,235.0,0.24,160.0,0.43,481.0,0.4425,2097.0,1.0,-0.0139,0.0006,0.05,-0.017,-0.008,0.2975,-0.085,0.27,0.27,0.27,down,0.27,2026-09-21T14:03:16,-23.9437,0.355000004172325,339.465,2026-09-21 19:44:12,2026-09-21 15:45:04
AAPL,AAPL261120P00240000,AAPL,2026-11-20,P,240.0,0.32,117.0,0.41,314.0,0.426,2838.0,29.0,-0.0164,0.0007,0.0579,-0.0192,-0.0095,0.3495,-0.065,0.38,0.38,0.27,no_change,0.34,2026-09-21T13:11:08,-16.0494,0.405000001192093,339.465,2026-09-21 19:44:12,2026-09-21 15:45:04
AAPL,AAPL261120P00245000,AAPL,2026-11-20,P,245.0,0.39,46.0,0.43,73.0,0.4115,2563.0,25.0,-0.0194,0.0008,0.0665,-0.0215,-0.0111,0.4094,-0.085,0.38,0.4,0.38,no_change,0.4,2026-09-21T14:55:19,-17.5258,0.484999999403954,339.465,2026-09-21 19:44:12,2026-09-21 15:45:04
AAPL,AAPL261120P00250000,AAPL,2026-11-20,P,250.0,0.42,342.0,0.5,87.0,0.3969,6877.0,426.0,-0.0228,0.001,0.0762,-0.024,-0.0131,0.4782,-0.09,0.51,0.51,0.45,down,0.46,2026-09-21T15:21:24,-16.3636,0.549999982118607,339.465,2026-09-21 19:44:12,2026-09-21 15:45:04
AAPL,AAPL261120P00255000,AAPL,2026-11-20,P,255.0,0.5,300.0,0.58,53.0,0.3854,6567.0,12.0,-0.0268,0.0012,0.0876,-0.0268,-0.0154,0.5576,-0.155,0.54,0.54,0.53,no_change,0.53,2026-09-21T13:19:23,-22.6277,0.685000002384186,339.465,2026-09-21 19:44:12,2026-09-21 15:45:04
AAPL,AAPL261120P00260000,AAPL,2026-11-20,P,260.0,0.62,246.0,0.7,322.0,0.3766,6297.0,55.0,-0.0315,0.0014,0.0998,-0.0298,-0.0181,0.6508,-0.1,0.7,0.74,0.59,no_change,0.65,2026-09-21T14:59:08,-13.3333,0.75,339.465,2026-09-21 19:44:12,2026-09-21 15:45:04
AAPL,AAPL261120P00265000,AAPL,2026-11-20,P,265.0,0.72,283.0,0.79,267.0,0.3634,4970.0,218.0,-0.0371,0.0016,0.1142,-0.033,-0.0213,0.7608,-0.125,0.77,0.77,0.71,down,0.75,2026-09-21T14:51:35,-14.2857,0.875,339.465,2026-09-21 19:44:12,2026-09-21 15:45:04
AAPL,AAPL261120P00270000,AAPL,2026-11-20,P,270.0,0.87,59.0,0.93,227.0,0.3529,7923.0,248.0,-0.0438,0.0019,0.1306,-0.0367,-0.025,0.8937,-0.12,1.05,1.05,0.84,up,0.92,2026-09-21T14:53:12,-11.5385,1.04000002145767,339.465,2026-09-21 19:44:12,2026-09-21 15:45:04
AAPL,AAPL261120P00275000,AAPL,2026-11-20,P,275.0,1.03,64.0,1.1,279.0,0.342,5522.0,145.0,-0.0522,0.0023,0.1498,-0.0409,-0.0298,1.0589,-0.165,1.25,1.25,0.99,no_change,1.06,2026-09-21T15:28:01,-13.4694,1.22500002384186,339.465,2026-09-21 19:44:12,2026-09-21 15:45:04
AAPL,AAPL261120P00280000,AAPL,2026-11-20,P,280.0,1.23,78.0,1.29,236.0,0.3312,8657.0,158.0,-0.0619,0.0027,0.1715,-0.0455,-0.0352,1.2565,-0.215,1.4,1.46,1.2,up,1.26,2026-09-21T15:11:39,-14.5763,1.47500002384186,339.465,2026-09-21 19:44:12,2026-09-21 15:45:04
AAPL,AAPL261120P00285000,AAPL,2026-11-20,P,285.0,1.48,53.0,1.58,239.0,0.3223,4990.0,99.0,-0.074,0.0032,0.1964,-0.0508,-0.042,1.508,-0.265,1.77,1.86,1.46,no_change,1.53,2026-09-21T15:15:12,-14.7632,1.7950000166893,339.465,2026-09-21 19:44:12,2026-09-21 15:45:04
AAPL,AAPL261120P00290000,AAPL,2026-11-20,P,290.0,1.8,51.0,1.9,317.0,0.3132,7068.0,614.0,-0.0889,0.0037,0.2252,-0.0569,-0.0502,1.8257,-0.33,2.3,2.3,1.74,no_change,1.86,2026-09-21T15:12:36,-15.0685,2.19000005722046,339.465,2026-09-21 19:44:12,2026-09-21 15:45:04
AAPL,AAPL261120P00295000,AAPL,2026-11-20,P,295.0,2.1,554.0,2.25,314.0,0.3018,6462.0,147.0,-0.107,0.0044,0.2575,-0.0636,-0.0603,2.2259,-0.455,2.65,2.69,2.15,down,2.23,2026-09-21T15:28:40,-16.946,2.68499994277954,339.465,2026-09-21 19:44:12,2026-09-21 15:45:04
AAPL,AAPL261120P00300000,AAPL,2026-11-20,P,300.0,2.7,4.0,2.75,131.0,0.2961,18571.0,787.0,-0.129,0.0052,0.2928,-0.0709,-0.0723,2.7319,-0.58,3.2,3.5,2.65,down,2.72,2026-09-21T15:28:50,-17.5758,3.30000007152557,339.465,2026-09-21 19:44:12,2026-09-21 15:45:04
AAPL,AAPL261120P00305000,AAPL,2026-11-20,P,305.0,3.3,169.0,3.5,307.0,0.2907,4962.0,321.0,-0.1553,0.006,0.3325,-0.0788,-0.0869,3.3644,-0.65,4.0,4.31,3.25,down,3.4,2026-09-21T15:20:15,-16.0494,4.05000007152557,339.465,2026-09-21 19:44:12,2026-09-21 15:45:04
AAPL,AAPL261120P00310000,AAPL,2026-11-20,P,310.0,4.1,26.0,4.25,335.0,0.2843,14886.0,3534.0,-0.1862,0.0069,0.3718,-0.0868,-0.1032,4.1503,-0.75,4.95,5.29,4.05,no_change,4.2,2026-09-21T15:24:27,-15.1515,4.95000004768372,339.465,2026-09-21 19:44:12,2026-09-21 15:45:04
AAPL,AAPL261120P00315000,AAPL,2026-11-20,P,315.0,5.05,173.0,5.25,387.0,0.2791,8491.0,289.0,-0.2221,0.0078,0.4114,-0.0948,-0.1224,5.1167,-0.935,6.2,6.5,5.0,down,5.14,2026-09-21T15:28:50,-15.3909,6.07500004768372,339.465,2026-09-21 19:44:12,2026-09-21 15:45:04
AAPL,AAPL261120P00320000,AAPL,2026-11-20,P,320.0,6.2,326.0,6.5,330.0,0.2748,5682.0,1924.0,-0.2629,0.0087,0.4506,-0.1023,-0.1432,6.2879,-0.98,7.55,7.89,6.15,no_change,6.42,2026-09-21T15:15:17,-13.2432,7.40000009536743,339.465,2026-09-21 19:44:12,2026-09-21 15:45:04
AAPL,AAPL261120P00325000,AAPL,2026-11-20,P,325.0,7.6,274.0,7.85,384.0,0.2698,2209.0,330.0,-0.3084,0.0096,0.4848,-0.1088,-0.1662,7.688,-1.335,9.4,9.55,7.6,down,7.69,2026-09-21T15:29:08,-14.7922,9.02499961853027,339.465,2026-09-21 19:44:12,2026-09-21 15:45:04
AAPL,AAPL261120P00330000,AAPL,2026-11-20,P,330.0,9.3,9.0,9.6,261.0,0.2672,3315.0,243.0,-0.3581,0.0103,0.5135,-0.114,-0.1893,9.3422,-1.225,11.01,11.65,9.25,down,9.6,2026-09-21T15:07:39,-11.3164,10.8249998092651,339.465,2026-09-21 19:44:12,2026-09-21 15:45:04
AAPL,AAPL261120P00335000,AAPL,2026-11-20,P,335.0,11.25,20.0,11.5,206.0,0.2635,2495.0,651.0,-0.4115,0.011,0.5344,-0.1176,-0.214,11.2697,-1.675,13.2,13.8,11.26,down,11.3,2026-09-21T15:29:08,-12.9094,12.9749999046326,339.465,2026-09-21 19:44:12,2026-09-21 15:45:04
AAPL,AAPL261120P00340000,AAPL,2026-11-20,P,340.0,13.45,9.0,13.75,452.0,0.2603,593.0,1495.0,-0.4675,0.0114,0.5455,-0.1191,-0.2363,13.484,-1.9,15.6,16.4,13.4,down,13.5,2026-09-21T15:29:10,-12.3377,15.4000000953674,339.465,2026-09-21 19:44:12,2026-09-21 15:45:04
AAPL,AAPL261120P00345000,AAPL,2026-11-20,P,345.0,15.95,13.0,16.3,153.0,0.2577,260.0,114.0,-0.525,0.0117,0.5458,-0.1185,-0.2559,15.9917,-1.645,18.62,18.62,16.03,no_change,16.53,2026-09-21T15:04:36,-9.05089,18.1750001907349,339.465,2026-09-21 19:44:12,2026-09-21 15:45:04
AAPL,AAPL261120P00350000,AAPL,2026-11-20,P,350.0,18.7,61.0,19.35,446.0,0.2567,181.0,68.0,-0.5831,0.0117,0.5346,-0.1158,-0.2758,18.8033,-1.805,21.35,21.9,19.0,no_change,19.12,2026-09-21T15:13:58,-8.62604,20.9249992370605,339.465,2026-09-21 19:44:12,2026-09-21 15:45:04
AAPL,AAPL261120P00355000,AAPL,2026-11-20,P,355.0,21.75,94.0,22.8,619.0,0.2572,243.0,1.0,-0.6404,0.0115,0.5124,-0.1112,-0.2867,21.9152,-1.43,22.57,22.57,22.57,down,22.57,2026-09-21T11:49:56,-5.95833,24.0,339.465,2026-09-21 19:44:12,2026-09-21 15:45:04
AAPL,AAPL261120P00360000,AAPL,2026-11-20,P,360.0,25.0,201.0,26.25,473.0,0.2544,466.0,42.0,-0.6958,0.0111,0.4793,-0.1048,-0.2945,25.3198,-2.17,26.45,26.51,25.63,down,25.63,2026-09-21T14:26:54,-7.80576,27.8000001907349,339.465,2026-09-21 19:44:12,2026-09-21 15:45:04
AAPL,AAPL261120P00365000,AAPL,2026-11-20,P,365.0,28.85,9.0,30.15,467.0,0.2578,67.0,53.0,-0.7481,0.0105,0.4332,-0.097,-0.2896,29.0013,-1.975,31.5,31.5,29.3,up,29.7,2026-09-21T14:48:20,-6.2352,31.6749992370606,339.465,2026-09-21 19:44:12,2026-09-21 15:45:04
AAPL,AAPL261120P00370000,AAPL,2026-11-20,P,370.0,32.75,9.0,34.55,352.0,0.2631,71.0,0.0,-0.7967,0.0098,0.3863,-0.0885,-0.2745,32.9368,0.0,0.0,0.0,0.0,down,36.67,2026-09-18T11:30:29,0.0,35.6000003814697,339.465,2026-09-21 19:44:12,2026-09-21 15:45:04
AAPL,AAPL261120P00375000,AAPL,2026-11-20,P,375.0,36.8,78.0,38.35,345.0,0.2577,62.0,0.0,-0.8411,0.009,0.3328,-0.0798,-0.2686,37.1093,0.0,0.0,0.0,0.0,down,41.52,2026-09-18T11:06:04,0.0,40.2749996185303,339.465,2026-09-21 19:44:12,2026-09-21 15:45:04
AAPL,AAPL261120P00380000,AAPL,2026-11-20,P,380.0,40.7,355.0,43.15,344.0,0.2589,6.0,0.0,-0.8808,0.0082,0.2693,-0.0709,-0.2308,41.4917,0.0,0.0,0.0,0.0,down,44.65,2026-09-17T13:47:16,0.0,44.875,339.465,2026-09-21 19:44:12,2026-09-21 15:45:04
AAPL,AAPL261120P00385000,AAPL,2026-11-20,P,385.0,45.75,14.0,47.7,138.0,0.2718,6.0,0.0,-0.9154,0.0074,0.207,-0.0625,-0.1767,46.0481,0.0,0.0,0.0,0.0,no_change,52.05,2026-09-11T12:40:09,0.0,48.7999992370606,339.465,2026-09-21 19:44:12,2026-09-21 15:45:04
AAPL,AAPL261120P00390000,AAPL,2026-11-20,P,390.0,50.4,16.0,52.55,147.0,0.281,2.0,0.0,-0.9452,0.0065,0.1575,-0.0531,-0.1443,50.7511,0.0,0.0,0.0,0.0,down,56.69,2026-09-16T10:17:27,0.0,54.1499996185303,339.465,2026-09-21 19:44:12,2026-09-21 15:45:04
AAPL,AAPL261120P00395000,AAPL,2026-11-20,P,395.0,55.2,7.0,57.4,116.0,0.2915,0.0,0.0,-0.9725,0.0059,0.0894,-0.0472,-0.1001,55.5929,0.0,0.0,0.0,0.0,no_change,0.0,,0.0,59.0750007629394,339.465,2026-09-21 19:44:12,2026-09-21 15:45:04
AAPL,AAPL261120P00400000,AAPL,2026-11-20,P,400.0,60.1,75.0,62.55,88.0,0.3104,0.0,0.0,-0.9897,0.0034,0.019,-0.0413,0.0,60.5357,0.0,0.0,0.0,0.0,up,67.05,2026-09-11T13:54:22,0.0,63.8999996185303,339.465,2026-09-21 19:44:12,2026-09-21 15:45:04
AAPL,AAPL261120P00405000,AAPL,2026-11-20,P,405.0,64.65,82.0,67.55,92.0,0.3155,0.0,0.0,-0.9998,0.0001,0.0,-0.0413,0.0,65.5357,0.0,0.0,0.0,0.0,no_change,0.0,,0.0,69.0999984741211,339.465,2026-09-21 19:44:12,2026-09-21 15:45:04
AAPL,AAPL261120P00410000,AAPL,2026-11-20,P,410.0,69.65,81.0,72.55,139.0,0.3319,0.0,1.0,-1.0,0.0,0.0,-0.0413,0.0,70.5357,-2.225,71.45,71.45,71.45,down,71.45,2026-09-21T15:06:55,-3.02002,73.6749992370606,339.465,2026-09-21 19:44:12,2026-09-21 15:45:04
AAPL,AAPL261120P00415000,AAPL,2026-11-20,P,415.0,74.65,78.0,77.55,91.0,0.3479,0.0,0.0,-1.0,0.0,0.0,-0.0413,0.0,75.5357,0.0,0.0,0.0,0.0,no_change,0.0,,0.0,78.9000015258789,339.465,2026-09-21 19:44:12,2026-09-21 15:45:04
AAPL,AAPL261120P00420000,AAPL,2026-11-20,P,420.0,79.65,80.0,82.55,91.0,0.3635,0.0,0.0,-1.0,0.0,0.0,-0.0413,0.0,80.5357,0.0,0.0,0.0,0.0,no_change,0.0,,0.0,83.625,339.465,2026-09-21 19:44:12,2026-09-21 15:45:04
AAPL,AAPL261120P00425000,AAPL,2026-11-20,P,425.0,84.55,90.0,87.55,91.0,0.3756,0.0,0.0,-1.0,0.0,0.0,-0.0413,0.0,85.5357,0.0,0.0,0.0,0.0,no_change,0.0,,0.0,88.7999992370606,339.465,2026-09-21 19:44:12,2026-09-21 15:45:04
AAPL,AAPL261120P00430000,AAPL,2026-11-20,P,430.0,89.55,80.0,92.55,91.0,0.3906,0.0,0.0,-1.0,0.0,0.0,-0.0413,0.0,90.5357,0.0,0.0,0.0,0.0,no_change,0.0,,0.0,93.75,339.465,2026-09-21 19:44:12,2026-09-21 15:45:04
AAPL,AAPL261120P00440000,AAPL,2026-11-20,P,440.0,99.65,80.0,102.55,91.0,0.4232,0.0,0.0,-1.0,0.0,0.0,-0.0413,0.0,100.5357,0.0,0.0,0.0,0.0,no_change,0.0,,0.0,103.625,339.465,2026-09-21 19:44:12,2026-09-21 15:45:04
AAPL,AAPL261120P00450000,AAPL,2026-11-20,P,450.0,109.1,85.0,112.55,91.0,0.4299,0.0,0.0,-1.0,0.0,0.0,-0.0413,0.0,110.5357,0.0,0.0,0.0,0.0,no_change,0.0,,0.0,113.625,339.465,2026-09-21 19:44:12,2026-09-21 15:45:04
AAPL,AAPL261120P00460000,AAPL,2026-11-20,P,460.0,119.65,80.0,122.55,91.0,0.4789,0.0,0.0,-1.0,0.0,0.0,-0.0413,0.0,120.5357,0.0,0.0,0.0,0.0,no_change,0.0,,0.0,123.674999237061,339.465,2026-09-21 19:44:12,2026-09-21 15:45:04
AAPL,AAPL261120P00470000,AAPL,2026-11-20,P,470.0,129.65,80.0,132.55,91.0,0.5055,0.0,0.0,-1.0,0.0,0.0,-0.0413,0.0,130.5357,0.0,0.0,0.0,0.0,no_change,0.0,,0.0,133.625,339.465,2026-09-21 19:44:12,2026-09-21 15:45:04
AAPL,AAPL261120P00480000,AAPL,2026-11-20,P,480.0,139.55,80.0,142.55,91.0,0.5273,0.0,0.0,-1.0,0.0,0.0,-0.0413,0.0,140.5357,0.0,0.0,0.0,0.0,no_change,0.0,,0.0,143.675003051758,339.465,2026-09-21 19:44:12,2026-09-21 15:45:04
AAPL,AAPL261120P00490000,AAPL,2026-11-20,P,490.0,149.55,80.0,152.55,91.0,0.5522,0.0,0.0,-1.0,0.0,0.0,-0.0413,0.0,150.5357,0.0,0.0,0.0,0.0,no_change,0.0,,0.0,153.875,339.465,2026-09-21 19:44:12,2026-09-21 15:45:04
AAPL,AAPL261120P00500000,AAPL,2026-11-20,P,500.0,159.55,80.0,162.55,91.0,0.5764,0.0,0.0,-1.0,0.0,0.0,-0.0413,0.0,160.5357,0.0,0.0,0.0,0.0,no_change,0.0,,0.0,163.625,339.465,2026-09-21 19:44:12,2026-09-21 15:45:04
AAPL,AAPL261120P00510000,AAPL,2026-11-20,P,510.0,169.65,80.0,172.55,91.0,0.6042,0.0,0.0,-1.0,0.0,0.0,-0.0413,0.0,170.5357,0.0,0.0,0.0,0.0,no_change,0.0,,0.0,173.625,339.465,2026-09-21 19:44:12,2026-09-21 15:45:04
AAPL,AAPL261120P00520000,AAPL,2026-11-20,P,520.0,179.65,80.0,182.55,91.0,0.6273,0.0,0.0,-1.0,0.0,0.0,-0.0413,0.0,180.5357,0.0,0.0,0.0,0.0,no_change,0.0,,0.0,183.675003051758,339.465,2026-09-21 19:44:12,2026-09-21 15:45:04
AAPL,AAPL261120P00530000,AAPL,2026-11-20,P,530.0,189.65,80.0,192.55,91.0,0.6498,0.0,0.0,-1.0,0.0,0.0,-0.0413,0.0,190.5357,0.0,0.0,0.0,0.0,no_change,0.0,,0.0,193.875,339.465,2026-09-21 19:44:12,2026-09-21 15:45:04
AAPL,AAPL261120P00540000,AAPL,2026-11-20,P,540.0,199.55,80.0,202.55,91.0,0.6673,0.0,0.0,-1.0,0.0,0.0,-0.0413,0.0,200.5357,0.0,0.0,0.0,0.0,no_change,0.0,,0.0,203.75,339.465,2026-09-21 19:44:12,2026-09-21 15:45:04
AAPL,AAPL261120P00550000,AAPL,2026-11-20,P,550.0,209.55,80.0,212.55,91.0,0.6887,0.0,0.0,-1.0,0.0,0.0,-0.0413,0.0,210.5357,0.0,0.0,0.0,0.0,no_change,0.0,,0.0,213.75,339.465,2026-09-21 19:44:12,2026-09-21 15:45:04
AAPL,AAPL261120P00560000,AAPL,2026-11-20,P,560.0,219.5,82.0,222.55,94.0,0.7073,0.0,0.0,-1.0,0.0,0.0,-0.0413,0.0,220.5357,0.0,0.0,0.0,0.0,no_change,0.0,,0.0,223.625,339.465,2026-09-21 19:44:12,2026-09-21 15:45:04
AAPL,AAPL261120P00570000,AAPL,2026-11-20,P,570.0,229.45,71.0,232.55,86.0,0.7253,0.0,0.0,-1.0,0.0,0.0,-0.0413,0.0,230.5357,0.0,0.0,0.0,0.0,no_change,0.0,,0.0,233.625,339.465,2026-09-21 19:44:12,2026-09-21 15:45:04
AAPL,AAPL261120P00580000,AAPL,2026-11-20,P,580.0,239.5,71.0,242.55,86.0,0.7478,0.0,0.0,-1.0,0.0,0.0,-0.0413,0.0,240.5357,0.0,0.0,0.0,0.0,no_change,0.0,,0.0,243.75,339.465,2026-09-21 19:44:12,2026-09-21 15:45:04
AAPL,AAPL261120P00590000,AAPL,2026-11-20,P,590.0,249.55,80.0,252.55,91.0,0.7698,0.0,0.0,-1.0,0.0,0.0,-0.0413,0.0,250.5357,0.0,0.0,0.0,0.0,no_change,0.0,,0.0,253.650001525879,339.465,2026-09-21 19:44:12,2026-09-21 15:45:04
AAPL,AAPL261120P00600000,AAPL,2026-11-20,P,600.0,259.75,76.0,262.55,91.0,0.7987,0.0,0.0,-1.0,0.0,0.0,-0.0413,0.0,260.5357,0.0,0.0,0.0,0.0,no_change,0.0,,0.0,263.774993896484,339.465,2026-09-21 19:44:12,2026-09-21 15:45:04
AAPL,AAPL261218C00005000,AAPL,2026-12-18,C,5.0,332.9,78.0,335.6,76.0,0.0,46.0,0.0,1.0,0.0,0.0,0.0,0.0022,334.4657,0.0,0.0,0.0,0.0,up,308.83,2026-08-26T14:45:34,0.0,331.174987792969,339.465,2026-09-21 19:44:12,2026-09-21 15:45:04
AAPL,AAPL261218C00010000,AAPL,2026-12-18,C,10.0,327.95,87.0,330.55,76.0,0.0,0.0,0.0,0.9999,0.0,0.0,0.0,0.0102,329.4827,0.0,0.0,0.0,0.0,up,303.27,2026-08-07T15:52:50,0.0,326.175003051758,339.465,2026-09-21 19:44:12,2026-09-21 15:45:04
AAPL,AAPL261218C00015000,AAPL,2026-12-18,C,15.0,323.0,94.0,325.4,76.0,0.0,0.0,0.0,0.9999,0.0,0.0,0.0,0.018,324.5074,0.0,0.0,0.0,0.0,up,298.33,2026-08-07T15:52:50,0.0,321.100006103516,339.465,2026-09-21 19:44:12,2026-09-21 15:45:04
AAPL,AAPL261218C00020000,AAPL,2026-12-18,C,20.0,318.0,88.0,320.45,76.0,0.0,2.0,0.0,0.9999,0.0,0.0,0.0,0.0256,319.5352,0.0,0.0,0.0,0.0,down,292.93,2026-08-07T14:06:08,0.0,316.224990844727,339.465,2026-09-21 19:44:12,2026-09-21 15:45:04
AAPL,AAPL261218C00025000,AAPL,2026-12-18,C,25.0,313.05,89.0,315.55,76.0,0.0,11.0,0.0,0.9998,0.0,0.0,0.0,0.0329,314.5645,0.0,0.0,0.0,0.0,no_change,286.17,2026-05-29T13:11:59,0.0,311.125,339.465,2026-09-21 19:44:12,2026-09-21 15:45:04
AAPL,AAPL261218C00030000,AAPL,2026-12-18,C,30.0,307.65,98.0,311.1,75.0,0.0,11.0,0.0,0.9998,0.0,0.0,0.0,0.0398,309.5944,0.0,0.0,0.0,0.0,up,283.62,2026-08-07T11:23:46,0.0,306.125,339.465,2026-09-21 19:44:12,2026-09-21 15:45:04
AAPL,AAPL261218C00035000,AAPL,2026-12-18,C,35.0,303.1,76.0,305.7,76.0,0.0,1.0,0.0,0.9998,0.0,0.0001,0.0,0.0467,304.6247,0.0,0.0,0.0,0.0,up,266.33,2026-06-22T10:33:53,0.0,301.350006103516,339.465,2026-09-21 19:44:12,2026-09-21 15:45:04
AAPL,AAPL261218C00040000,AAPL,2026-12-18,C,40.0,298.15,76.0,300.8,76.0,0.0,4.0,0.0,0.9998,0.0,0.0001,0.0,0.0535,299.6551,0.0,0.0,0.0,0.0,up,269.37,2026-08-25T15:26:10,0.0,296.375,339.465,2026-09-21 19:44:12,2026-09-21 15:45:04
AAPL,AAPL261218C00045000,AAPL,2026-12-18,C,45.0,293.15,95.0,295.65,93.0,0.0,50.0,0.0,0.9998,0.0,0.0002,0.0,0.0602,294.6856,0.0,0.0,0.0,0.0,up,254.68,2026-06-22T14:35:05,0.0,291.324996948242,339.465,2026-09-21 19:44:12,2026-09-21 15:45:04
AAPL,AAPL261218C00050000,AAPL,2026-12-18,C,50.0,288.2,340.0,290.7,247.0,0.0,2001.0,1.0,0.9998,0.0,0.0003,0.0,0.0671,289.7163,2.4,288.85,288.85,288.85,up,288.85,2026-09-21T14:27:41,0.837844,286.449996948242,339.465,2026-09-21 19:44:12,2026-09-21 15:45:04
AAPL,AAPL261218C00060000,AAPL,2026-12-18,C,60.0,278.3,325.0,280.85,226.0,0.0,262.0,0.0,0.9998,0.0,0.0006,0.0,0.0843,279.7789,0.0,0.0,0.0,0.0,up,247.25,2026-08-11T10:27:27,0.0,276.574996948242,339.465,2026-09-21 19:44:12,2026-09-21 15:45:04
AAPL,AAPL261218C00070000,AAPL,2026-12-18,C,70.0,268.4,113.0,271.05,76.0,0.0,2373.0,0.0,0.9996,0.0,0.001,0.0,0.1372,269.8532,0.0,0.0,0.0,0.0,up,266.36,2026-09-17T14:40:23,0.0,266.600006103516,339.465,2026-09-21 19:44:12,2026-09-21 15:45:04
AAPL,AAPL261218C00080000,AAPL,2026-12-18,C,80.0,258.5,111.0,261.35,29.0,0.0,367.0,0.0,0.9994,0.0,0.0013,0.0,0.1893,259.9543,0.0,0.0,0.0,0.0,up,234.77,2026-08-31T13:32:44,0.0,256.75,339.465,2026-09-21 19:44:12,2026-09-21 15:45:04
AAPL,AAPL261218C00085000,AAPL,2026-12-18,C,85.0,253.55,112.0,256.1,76.0,0.0,605.0,0.0,0.9993,0.0,0.0015,0.0,0.2068,255.0105,0.0,0.0,0.0,0.0,down,228.7,2026-08-06T15:44:31,0.0,251.75,339.465,2026-09-21 19:44:12,2026-09-21 15:45:04
AAPL,AAPL261218C00090000,AAPL,2026-12-18,C,90.0,248.6,122.0,251.15,76.0,0.0,477.0,0.0,0.9993,0.0,0.0017,0.0,0.2209,250.0681,0.0,0.0,0.0,0.0,down,236.72,2026-09-02T13:17:18,0.0,246.900001525879,339.465,2026-09-21 19:44:12,2026-09-21 15:45:04
AAPL,AAPL261218C00095000,AAPL,2026-12-18,C,95.0,243.65,122.0,246.6,76.0,0.8067,100.0,0.0,0.9992,0.0,0.002,0.0,0.2338,245.1264,0.0,0.0,0.0,0.0,down,211.1,2026-08-03T15:41:05,0.0,241.875,339.465,2026-09-21 19:44:12,2026-09-21 15:45:04
AAPL,AAPL261218C00100000,AAPL,2026-12-18,C,100.0,238.75,118.0,241.25,76.0,0.0,3253.0,0.0,0.9991,0.0,0.0023,0.0,0.2463,240.1849,0.0,0.0,0.0,0.0,up,237.84,2026-09-17T15:27:07,0.0,236.924995422363,339.465,2026-09-21 19:44:12,2026-09-21 15:45:04
AAPL,AAPL261218C00105000,AAPL,2026-12-18,C,105.0,233.8,282.0,237.05,248.0,0.9811,175.0,0.0,0.9991,0.0,0.0027,0.0,0.2586,235.2438,0.0,0.0,0.0,0.0,down,200.97,2026-08-13T15:51:32,0.0,232.0,339.465,2026-09-21 19:44:12,2026-09-21 15:45:04
AAPL,AAPL261218C00110000,AAPL,2026-12-18,C,110.0,228.85,306.0,231.4,190.0,0.0,523.0,0.0,0.999,0.0,0.0031,0.0,0.2708,230.3029,0.0,0.0,0.0,0.0,up,233.0,2026-07-29T13:00:56,0.0,227.050003051758,339.465,2026-09-21 19:44:12,2026-09-21 15:45:04
AAPL,AAPL261218C00115000,AAPL,2026-12-18,C,115.0,223.9,311.0,226.45,223.0,0.0,330.0,0.0,0.9989,0.0,0.0036,0.0,0.2831,225.3622,0.0,0.0,0.0,0.0,down,191.17,2026-08-13T15:51:32,0.0,222.200004577637,339.465,2026-09-21 19:44:12,2026-09-21 15:45:04
AAPL,AAPL261218C00120000,AAPL,2026-12-18,C,120.0,218.95,125.0,221.5,76.0,0.0,1311.0,0.0,0.9988,0.0,0.0041,0.0,0.2953,220.4219,0.0,0.0,0.0,0.0,no_change,213.99,2026-09-11T15:04:58,0.0,217.224998474121,339.465,2026-09-21 19:44:12,2026-09-21 15:45:04
AAPL,AAPL261218C00125000,AAPL,2026-12-18,C,125.0,214.0,94.0,216.55,76.0,0.0,460.0,0.0,0.9987,0.0,0.0047,0.0,0.3075,215.482,0.0,0.0,0.0,0.0,no_change,209.31,2026-09-11T15:07:38,0.0,212.299995422363,339.465,2026-09-21 19:44:12,2026-09-21 15:45:04
AAPL,AAPL261218C00130000,AAPL,2026-12-18,C,130.0,209.05,325.0,211.6,215.0,0.0,1382.0,0.0,0.9986,0.0,0.0054,0.0,0.3197,210.5424,0.0,0.0,0.0,0.0,down,184.95,2026-09-09T10:55:26,0.0,207.25,339.465,2026-09-21 19:44:12,2026-09-21 15:45:04
AAPL,AAPL261218C00135000,AAPL,2026-12-18,C,135.0,204.15,299.0,207.35,258.0,0.7744,696.0,0.0,0.9984,0.0,0.0062,0.0,0.3319,205.6033,0.0,0.0,0.0,0.0,no_change,181.46,2026-08-27T13:58:47,0.0,202.425003051758,339.465,2026-09-21 19:44:12,2026-09-21 15:45:04
AAPL,AAPL261218C00140000,AAPL,2026-12-18,C,140.0,199.2,256.0,201.75,221.0,0.0,1084.0,0.0,0.9983,0.0,0.007,0.0,0.3441,200.6648,0.0,0.0,0.0,0.0,no_change,194.33,2026-09-11T15:04:58,0.0,197.349998474121,339.465,2026-09-21 19:44:12,2026-09-21 15:45:04
AAPL,AAPL261218C00145000,AAPL,2026-12-18,C,145.0,194.25,283.0,196.75,222.0,0.0,444.0,0.0,0.9981,0.0,0.008,0.0,0.3562,195.7268,0.0,0.0,0.0,0.0,no_change,189.48,2026-09-11T15:07:38,0.0,192.275001525879,339.465,2026-09-21 19:44:12,2026-09-21 15:45:04
AAPL,AAPL261218C00150000,AAPL,2026-12-18,C,150.0,189.3,279.0,191.7,206.0,0.0,414.0,0.0,0.9979,0.0,0.0091,0.0,0.3683,190.7895,0.0,0.0,0.0,0.0,no_change,186.21,2026-09-14T13:00:24,0.0,187.474998474121,339.465,2026-09-21 19:44:12,2026-09-21 15:45:04
AAPL,AAPL261218C00155000,AAPL,2026-12-18,C,155.0,184.4,238.0,186.45,10.0,0.0,254.0,0.0,0.9976,0.0001,0.0104,0.0,0.3804,185.8529,0.0,0.0,0.0,0.0,up,172.08,2026-09-01T13:30:07,0.0,182.5,339.465,2026-09-21 19:44:12,2026-09-21 15:45:04
AAPL,AAPL261218C00160000,AAPL,2026-12-18,C,160.0,179.45,240.0,181.95,237.0,0.0,450.0,0.0,0.9973,0.0001,0.0118,0.0,0.3925,180.9172,0.0,0.0,0.0,0.0,up,179.0,2026-09-17T15:12:56,0.0,177.474998474121,339.465,2026-09-21 19:44:12,2026-09-21 15:45:04
AAPL,AAPL261218C00165000,AAPL,2026-12-18,C,165.0,174.5,292.0,177.05,230.0,0.0,524.0,1.0,0.997,0.0001,0.0134,0.0,0.4045,175.9826,2.475,175.0,175.0,175.0,up,175.0,2026-09-21T11:48:24,1.43457,172.525001525879,339.465,2026-09-21 19:44:12,2026-09-21 15:45:04
AAPL,AAPL261218C00170000,AAPL,2026-12-18,C,170.0,169.55,276.0,171.45,10.0,0.0,925.0,1.0,0.9966,0.0001,0.0152,0.0,0.4165,171.0493,2.43,170.13,170.13,170.13,up,170.13,2026-09-21T12:14:50,1.44902,167.699996948242,339.465,2026-09-21 19:44:12,2026-09-21 15:45:04
AAPL,AAPL261218C00175000,AAPL,2026-12-18,C,175.0,164.65,251.0,167.2,226.0,0.0,733.0,0.0,0.9962,0.0001,0.0173,0.0,0.4284,166.1174,0.0,0.0,0.0,0.0,up,161.51,2026-09-11T13:23:24,0.0,162.675003051758,339.465,2026-09-21 19:44:12,2026-09-21 15:45:04
AAPL,AAPL261218C00180000,AAPL,2026-12-18,C,180.0,159.7,239.0,161.8,10.0,0.0,744.0,0.0,0.9956,0.0001,0.0198,0.0,0.4402,161.1875,0.0,0.0,0.0,0.0,down,156.36,2026-09-18T12:11:59,0.0,157.75,339.465,2026-09-21 19:44:12,2026-09-21 15:45:04
AAPL,AAPL261218C00185000,AAPL,2026-12-18,C,185.0,154.8,249.0,157.4,224.0,0.0,947.0,0.0,0.995,0.0002,0.0226,0.0,0.452,156.2598,0.0,0.0,0.0,0.0,no_change,150.13,2026-09-11T15:07:38,0.0,153.050003051758,339.465,2026-09-21 19:44:12,2026-09-21 15:45:04
AAPL,AAPL261218C00190000,AAPL,2026-12-18,C,190.0,149.9,228.0,151.8,10.0,0.0,612.0,4.0,0.9943,0.0002,0.0258,0.0,0.4637,151.335,2.82,150.77,150.77,150.77,up,150.77,2026-09-21T14:37:05,1.90605,147.950004577637,339.465,2026-09-21 19:44:12,2026-09-21 15:45:04
AAPL,AAPL261218C00195000,AAPL,2026-12-18,C,195.0,144.95,236.0,146.85,10.0,0.0,1120.0,4.0,0.9934,0.0002,0.0295,0.0,0.4752,146.4134,2.865,145.84,145.84,145.84,up,145.84,2026-09-21T14:37:05,2.00385,142.974998474121,339.465,2026-09-21 19:44:12,2026-09-21 15:45:04
AAPL,AAPL261218C00200000,AAPL,2026-12-18,C,200.0,140.0,335.0,142.6,257.0,0.0,8853.0,3.0,0.9924,0.0002,0.0339,0.0,0.4866,141.4956,2.925,137.37,141.0,137.37,up,141.0,2026-09-21T12:17:50,2.11842,138.074996948242,339.465,2026-09-21 19:44:12,2026-09-21 15:45:04
AAPL,AAPL261218C00205000,AAPL,2026-12-18,C,205.0,135.1,230.0,137.2,84.0,0.0,178.0,0.0,0.9912,0.0003,0.0388,0.0,0.4979,136.5823,0.0,0.0,0.0,0.0,down,129.84,2026-09-16T11:29:32,0.0,133.150001525879,339.465,2026-09-21 19:44:12,2026-09-21 15:45:04
AAPL,AAPL261218C00210000,AAPL,2026-12-18,C,210.0,130.2,241.0,132.2,10.0,0.0,5594.0,0.0,0.9898,0.0004,0.0445,0.0,0.509,131.6741,0.0,0.0,0.0,0.0,down,128.03,2026-09-18T14:07:59,0.0,128.524997711182,339.465,2026-09-21 19:44:12,2026-09-21 15:45:04
AAPL,AAPL261218C00215000,AAPL,2026-12-18,C,215.0,125.35,319.0,127.75,252.0,0.3669,767.0,4.0,0.9882,0.0004,0.051,0.0,0.5198,126.7715,2.645,126.02,126.02,126.02,no_change,126.02,2026-09-21T13:09:02,2.14387,123.375,339.465,2026-09-21 19:44:12,2026-09-21 15:45:04
AAPL,AAPL261218C00220000,AAPL,2026-12-18,C,220.0,120.4,283.0,122.7,185.0,0.299,3075.0,2.0,0.9863,0.0005,0.0583,0.0,0.5304,121.8753,2.47,119.5,120.92,119.5,up,120.92,2026-09-21T12:24:44,2.08527,118.450000762939,339.465,2026-09-21 19:44:12,2026-09-21 15:45:04
AAPL,AAPL261218C00225000,AAPL,2026-12-18,C,225.0,115.5,228.0,117.4,10.0,0.0,385.0,0.0,0.9841,0.0006,0.0664,0.0,0.5408,116.9862,0.0,0.0,0.0,0.0,down,113.19,2026-09-18T14:06:05,0.0,113.924999237061,339.465,2026-09-21 19:44:12,2026-09-21 15:45:04
AAPL,AAPL261218C00230000,AAPL,2026-12-18,C,230.0,110.6,370.0,112.8,143.0,0.3065,4778.0,12.0,0.9816,0.0006,0.0757,0.0,0.5509,112.1051,2.445,109.69,111.18,109.69,down,111.12,2026-09-21T13:44:02,2.24983,108.674999237061,339.465,2026-09-21 19:44:12,2026-09-21 15:45:04
AAPL,AAPL261218C00235000,AAPL,2026-12-18,C,235.0,105.75,368.0,107.7,38.0,0.2637,569.0,1.0,0.9786,0.0008,0.086,0.0,0.5606,107.2331,0.97,104.97,104.97,104.97,up,104.97,2026-09-21T10:51:15,0.932692,104.0,339.465,2026-09-21 19:44:12,2026-09-21 15:45:04
AAPL,AAPL261218C00240000,AAPL,2026-12-18,C,240.0,101.2,344.0,102.5,10.0,0.2936,5330.0,58.0,0.9753,0.0009,0.0974,-0.0025,0.5699,102.3716,2.075,100.06,101.2,99.57,up,101.2,2026-09-21T13:41:53,2.09332,99.125,339.465,2026-09-21 19:44:12,2026-09-21 15:45:04
AAPL,AAPL261218C00245000,AAPL,2026-12-18,C,245.0,96.3,334.0,97.8,10.0,0.315,439.0,54.0,0.9714,0.001,0.1104,-0.0055,0.5787,97.5223,0.495,95.58,95.58,94.76,up,94.77,2026-09-21T11:02:33,0.525058,94.2750015258789,339.465,2026-09-21 19:44:12,2026-09-21 15:45:04
AAPL,AAPL261218C00250000,AAPL,2026-12-18,C,250.0,91.7,402.0,93.65,309.0,0.3645,14938.0,86.0,0.9668,0.0012,0.1248,-0.0086,0.5869,92.6877,2.96,88.0,92.7,87.1,down,92.46,2026-09-21T15:27:13,3.30726,89.5,339.465,2026-09-21 19:44:12,2026-09-21 15:45:04
AAPL,AAPL261218C00255000,AAPL,2026-12-18,C,255.0,86.4,396.0,88.1,10.0,0.2952,4700.0,82.0,0.9616,0.0014,0.1408,-0.012,0.5946,87.8712,2.475,83.14,87.2,82.25,no_change,87.2,2026-09-21T14:36:26,2.92121,84.7250022888184,339.465,2026-09-21 19:44:12,2026-09-21 15:45:04
AAPL,AAPL261218C00260000,AAPL,2026-12-18,C,260.0,81.6,401.0,83.2,10.0,0.2899,7163.0,58.0,0.9554,0.0016,0.1591,-0.0156,0.6014,83.0766,2.645,80.69,82.42,80.48,no_change,82.42,2026-09-21T13:44:43,3.31558,79.7749977111816,339.465,2026-09-21 19:44:12,2026-09-21 15:45:04
AAPL,AAPL261218C00265000,AAPL,2026-12-18,C,265.0,77.5,380.0,78.9,284.0,0.3308,2544.0,127.0,0.9482,0.0019,0.1794,-0.0195,0.6071,78.3098,3.28,75.87,78.08,75.72,up,78.08,2026-09-21T15:28:22,4.38503,74.7999992370606,339.465,2026-09-21 19:44:12,2026-09-21 15:45:04
AAPL,AAPL261218C00270000,AAPL,2026-12-18,C,270.0,72.35,453.0,73.85,3.0,0.3016,7115.0,11.0,0.9396,0.0022,0.2023,-0.0237,0.6118,73.5773,2.43,68.5,73.0,68.0,down,72.83,2026-09-21T13:05:01,3.4517,70.4000015258789,339.465,2026-09-21 19:44:12,2026-09-21 15:45:04
AAPL,AAPL261218C00275000,AAPL,2026-12-18,C,275.0,67.65,403.0,69.15,9.0,0.2963,2297.0,5.0,0.9296,0.0025,0.2282,-0.0282,0.6149,68.8878,2.255,68.18,68.3,68.15,down,68.18,2026-09-21T13:29:22,3.42055,65.9249992370606,339.465,2026-09-21 19:44:12,2026-09-21 15:45:04
AAPL,AAPL261218C00280000,AAPL,2026-12-18,C,280.0,63.8,281.0,64.5,53.0,0.3082,6869.0,104.0,0.9176,0.0029,0.2567,-0.0331,0.6165,64.2516,3.1,61.95,64.25,61.95,no_change,64.25,2026-09-21T15:28:32,5.0695,61.1499996185303,339.465,2026-09-21 19:44:12,2026-09-21 15:45:04
AAPL,AAPL261218C00285000,AAPL,2026-12-18,C,285.0,58.45,436.0,60.1,94.0,0.29,2520.0,30.0,0.9035,0.0033,0.2888,-0.0384,0.6159,59.6803,1.755,57.52,59.03,57.52,up,59.03,2026-09-21T13:29:22,3.06416,57.2749996185303,339.465,2026-09-21 19:44:12,2026-09-21 15:45:04
AAPL,AAPL261218C00290000,AAPL,2026-12-18,C,290.0,54.0,412.0,55.75,134.0,0.288,14765.0,78.0,0.8869,0.0038,0.3232,-0.044,0.6132,55.1883,0.805,53.26,53.26,53.03,down,53.03,2026-09-21T11:24:18,1.54141,52.2250003814697,339.465,2026-09-21 19:44:12,2026-09-21 15:45:04
AAPL,AAPL261218C00295000,AAPL,2026-12-18,C,295.0,49.8,416.0,51.25,239.0,0.2842,3524.0,5.0,0.8675,0.0044,0.361,-0.0499,0.6077,50.7903,2.025,48.75,49.9,48.75,up,49.9,2026-09-21T14:01:35,4.22976,47.875,339.465,2026-09-21 19:44:12,2026-09-21 15:45:04
AAPL,AAPL261218C00300000,AAPL,2026-12-18,C,300.0,46.05,356.0,46.7,30.0,0.2828,24403.0,39.0,0.8451,0.005,0.4003,-0.056,0.5996,46.5036,2.305,43.1,46.13,42.55,up,46.13,2026-09-21T15:27:31,5.25956,43.8249988555908,339.465,2026-09-21 19:44:12,2026-09-21 15:45:04
AAPL,AAPL261218C00305000,AAPL,2026-12-18,C,305.0,41.1,482.0,42.85,179.0,0.2722,5235.0,43.0,0.8194,0.0056,0.4414,-0.0622,0.588,42.3456,2.045,37.59,41.72,37.59,up,41.72,2026-09-21T15:08:47,5.15438,39.6750011444092,339.465,2026-09-21 19:44:12,2026-09-21 15:45:04
AAPL,AAPL261218C00310000,AAPL,2026-12-18,C,310.0,37.05,443.0,38.55,38.0,0.2646,7007.0,70.0,0.7903,0.0062,0.4825,-0.0683,0.5736,38.3342,2.015,34.58,38.04,34.58,up,37.79,2026-09-21T14:40:00,5.63243,35.7749996185303,339.465,2026-09-21 19:44:12,2026-09-21 15:45:04
AAPL,AAPL261218C00315000,AAPL,2026-12-18,C,315.0,33.3,503.0,34.7,51.0,0.262,4534.0,60.0,0.7579,0.0069,0.5227,-0.0741,0.5556,34.4883,2.275,32.4,34.35,32.05,up,34.35,2026-09-21T15:29:08,7.09276,32.0749988555908,339.465,2026-09-21 19:44:12,2026-09-21 15:45:04
AAPL,AAPL261218C00320000,AAPL,2026-12-18,C,320.0,30.05,299.0,30.85,33.0,0.2607,10863.0,256.0,0.7221,0.0075,0.5606,-0.0795,0.5344,30.8241,1.975,26.38,30.6,26.38,down,30.5,2026-09-21T15:28:32,6.92375,28.5249996185303,339.465,2026-09-21 19:44:12,2026-09-21 15:45:04
AAPL,AAPL261218C00325000,AAPL,2026-12-18,C,325.0,26.65,230.0,27.35,7.0,0.2576,6778.0,75.0,0.6833,0.0081,0.5943,-0.0842,0.5102,27.3593,1.475,23.8,27.0,23.8,no_change,26.7,2026-09-21T15:09:06,5.84737,25.2250003814697,339.465,2026-09-21 19:44:12,2026-09-21 15:45:04
AAPL,AAPL261218C00330000,AAPL,2026-12-18,C,330.0,23.7,336.0,24.1,13.0,0.2568,18693.0,363.0,0.6417,0.0086,0.623,-0.0879,0.4827,24.1076,1.825,20.75,23.95,20.0,up,23.95,2026-09-21T15:28:29,8.24859,22.125,339.465,2026-09-21 19:44:12,2026-09-21 15:45:04
AAPL,AAPL261218C00335000,AAPL,2026-12-18,C,335.0,20.7,615.0,21.3,462.0,0.2557,7491.0,220.0,0.5978,0.009,0.6448,-0.0906,0.4532,21.0812,1.775,18.6,21.0,17.5,no_change,21.0,2026-09-21T15:29:10,9.23277,19.2249994277954,339.465,2026-09-21 19:44:12,2026-09-21 15:45:04
AAPL,AAPL261218C00340000,AAPL,2026-12-18,C,340.0,18.05,214.0,18.25,2.0,0.2519,14348.0,1596.0,0.5522,0.0093,0.659,-0.0921,0.4214,18.2909,1.375,15.8,18.1,14.85,no_change,18.0,2026-09-21T15:28:32,8.27068,16.625,339.465,2026-09-21 19:44:12,2026-09-21 15:45:04
AAPL,AAPL261218C00345000,AAPL,2026-12-18,C,345.0,15.45,667.0,15.95,509.0,0.2507,6406.0,367.0,0.5055,0.0095,0.6646,-0.0924,0.3879,15.7421,1.41,13.61,15.66,12.6,no_change,15.66,2026-09-21T15:28:59,9.89474,14.25,339.465,2026-09-21 19:44:12,2026-09-21 15:45:04
AAPL,AAPL261218C00350000,AAPL,2026-12-18,C,350.0,13.2,326.0,13.45,27.0,0.2471,25264.0,1432.0,0.4586,0.0095,0.6613,-0.0913,0.354,13.4382,1.175,11.56,13.3,10.59,up,13.3,2026-09-21T15:24:55,9.69072,12.125,339.465,2026-09-21 19:44:12,2026-09-21 15:45:04
AAPL,AAPL261218C00360000,AAPL,2026-12-18,C,360.0,9.3,218.0,9.6,81.0,0.2429,17825.0,989.0,0.3667,0.0092,0.6284,-0.0856,0.2854,9.5586,1.075,8.3,9.6,7.4,no_change,9.6,2026-09-21T15:29:10,12.61,8.52499961853027,339.465,2026-09-21 19:44:12,2026-09-21 15:45:04
AAPL,AAPL261218C00370000,AAPL,2026-12-18,C,370.0,6.5,225.0,6.65,119.0,0.2412,9720.0,714.0,0.2823,0.0084,0.5662,-0.076,0.2213,6.5951,0.7,5.4,6.6,4.98,up,6.6,2026-09-21T15:28:34,11.8644,5.90000009536743,339.465,2026-09-21 19:44:12,2026-09-21 15:45:04
AAPL,AAPL261218C00380000,AAPL,2026-12-18,C,380.0,4.3,582.0,4.45,1.0,0.2384,13216.0,1540.0,0.2098,0.0072,0.4852,-0.0642,0.1653,4.4312,0.475,3.6,4.45,3.25,no_change,4.45,2026-09-21T15:28:34,11.9497,3.97499990463257,339.465,2026-09-21 19:44:12,2026-09-21 15:45:04
AAPL,AAPL261218C00390000,AAPL,2026-12-18,C,390.0,2.85,561.0,2.97,137.0,0.2384,2899.0,997.0,0.1511,0.0059,0.3971,-0.052,0.1194,2.9141,0.29,2.29,2.9,2.29,no_change,2.9,2026-09-21T15:28:20,11.1111,2.61000001430511,339.465,2026-09-21 19:44:12,2026-09-21 15:45:04
AAPL,AAPL261218C00400000,AAPL,2026-12-18,C,400.0,1.78,445.0,1.9,5.0,0.2369,16754.0,2567.0,0.1061,0.0046,0.3127,-0.0405,0.0839,1.886,0.185,1.64,1.88,1.38,up,1.88,2026-09-21T15:28:33,10.9145,1.69499999284744,339.465,2026-09-21 19:44:12,2026-09-21 15:45:04
AAPL,AAPL261218C00410000,AAPL,2026-12-18,C,410.0,1.14,529.0,1.23,64.0,0.238,2541.0,485.0,0.0731,0.0035,0.2387,-0.0306,0.0578,1.2083,0.09,0.94,1.19,0.94,up,1.19,2026-09-21T15:08:49,8.18182,1.09999996423721,339.465,2026-09-21 19:44:12,2026-09-21 15:45:04
AAPL,AAPL261218C00420000,AAPL,2026-12-18,C,420.0,0.71,494.0,0.82,319.0,0.2401,4673.0,46.0,0.0497,0.0025,0.1781,-0.0227,0.0393,0.7715,0.04,0.55,0.8,0.55,down,0.73,2026-09-21T15:00:07,5.7971,0.689999997615814,339.465,2026-09-21 19:44:12,2026-09-21 15:45:04
AAPL,AAPL261218C00430000,AAPL,2026-12-18,C,430.0,0.42,742.0,0.5,96.0,0.2396,4563.0,266.0,0.0336,0.0018,0.131,-0.0166,0.0266,0.4951,0.045,0.51,0.51,0.33,up,0.47,2026-09-21T15:00:07,10.5882,0.424999997019768,339.465,2026-09-21 19:44:12,2026-09-21 15:45:04
AAPL,AAPL261218C00440000,AAPL,2026-12-18,C,440.0,0.27,302.0,0.42,605.0,0.248,544.0,4.0,0.0229,0.0013,0.0959,-0.0121,0.018,0.3224,0.0,0.27,0.27,0.26,no_change,0.26,2026-09-21T11:26:52,8.0237e-07,0.259999997913837,339.465,2026-09-21 19:44:12,2026-09-21 15:45:04
AAPL,AAPL261218C00450000,AAPL,2026-12-18,C,450.0,0.15,326.0,0.23,259.0,0.2452,8670.0,25.0,0.0158,0.001,0.0706,-0.0089,0.0124,0.215,-0.035,0.18,0.18,0.15,down,0.15,2026-09-21T13:05:43,-18.9189,0.184999994933605,339.465,2026-09-21 19:44:12,2026-09-21 15:45:04
AAPL,AAPL261218C00460000,AAPL,2026-12-18,C,460.0,0.02,860.0,0.21,439.0,0.2466,586.0,1.0,0.0111,0.0007,0.0524,-0.0067,0.0087,0.1469,0.015,0.13,0.13,0.13,down,0.13,2026-09-21T13:23:07,13.0435,0.114999996498227,339.465,2026-09-21 19:44:12,2026-09-21 15:45:04
AAPL,AAPL261218C00470000,AAPL,2026-12-18,C,470.0,0.06,189.0,0.1,148.0,0.2515,7687.0,3.0,0.0081,0.0005,0.04,-0.0051,0.0064,0.1055,-0.005,0.06,0.08,0.06,up,0.08,2026-09-21T15:23:05,-5.88235,0.0850000008940697,339.465,2026-09-21 19:44:12,2026-09-21 15:45:04
AAPL,AAPL261218C00480000,AAPL,2026-12-18,C,480.0,0.02,268.0,0.1,131.0,0.2582,2678.0,1.0,0.0061,0.0004,0.0312,-0.0041,0.0047,0.0784,0.0,0.06,0.06,0.06,no_change,0.06,2026-09-21T14:14:43,2.23517e-06,0.0599999986588955,339.465,2026-09-21 19:44:12,2026-09-21 15:45:04
AAPL,AAPL261218C00490000,AAPL,2026-12-18,C,490.0,0.01,253.0,0.13,366.0,0.2764,458.0,0.0,0.0047,0.0003,0.0248,-0.0033,0.0037,0.0604,0.0,0.0,0.0,0.0,up,0.06,2026-09-15T11:15:59,0.0,0.0799999982118606,339.465,2026-09-21 19:44:12,2026-09-21 15:45:04
AAPL,AAPL261218C00500000,AAPL,2026-12-18,C,500.0,0.03,62.0,0.08,194.0,0.2831,787.0,633.0,0.0037,0.0002,0.0202,-0.0027,0.0029,0.0479,0.0,0.04,0.06,0.03,no_change,0.05,2026-09-21T15:23:19,3.72529e-07,0.0499999998137355,339.465,2026-09-21 19:44:12,2026-09-21 15:45:04
AAPL,AAPL261218C00510000,AAPL,2026-12-18,C,510.0,0.01,5.0,0.09,159.0,0.2934,165.0,8.0,0.003,0.0002,0.0168,-0.0023,0.0023,0.039,0.03,0.14,0.14,0.08,down,0.09,2026-09-21T15:06:43,50.0,0.0599999995902181,339.465,2026-09-21 19:44:12,2026-09-21 15:45:04
AAPL,AAPL261218C00520000,AAPL,2026-12-18,C,520.0,0.01,3.0,0.12,354.0,0.314,543.0,2.0,0.0025,0.0002,0.0141,-0.002,0.0019,0.0323,0.03,0.12,0.12,0.07,down,0.07,2026-09-21T10:35:50,75.0,0.0400000000372529,339.465,2026-09-21 19:44:12,2026-09-21 15:45:04
AAPL,AAPL261218C00530000,AAPL,2026-12-18,C,530.0,0.02,1.0,0.07,100.0,0.3152,2837.0,0.0,0.0021,0.0001,0.012,-0.0017,0.0016,0.0272,0.0,0.0,0.0,0.0,down,0.02,2026-09-14T14:00:48,0.0,0.0350000001490116,339.465,2026-09-21 19:44:12,2026-09-21 15:45:04
AAPL,AAPL261218C00540000,AAPL,2026-12-18,C,540.0,0.01,3.0,0.05,1.0,0.3154,35.0,0.0,0.0018,0.0001,0.0103,-0.0015,0.0014,0.0232,0.0,0.0,0.0,0.0,down,0.06,2026-09-18T14:12:26,0.0,0.0599999995902181,339.465,2026-09-21 19:44:12,2026-09-21 15:45:04
AAPL,AAPL261218C00550000,AAPL,2026-12-18,C,550.0,0.0,0.0,0.05,1.0,0.3217,76.0,1.0,0.0015,0.0001,0.0089,-0.0013,0.0012,0.0199,-0.015,0.01,0.01,0.01,down,0.01,2026-09-21T14:05:54,-60.0,0.025000000372529,339.465,2026-09-21 19:44:12,2026-09-21 15:45:04
AAPL,AAPL261218C00560000,AAPL,2026-12-18,C,560.0,0.0,0.0,0.03,50.0,0.3189,113.0,0.0,0.0013,0.0001,0.0078,-0.0012,0.001,0.0173,0.0,0.0,0.0,0.0,up,0.12,2026-09-04T09:43:47,0.0,0.0500000007450581,339.465,2026-09-21 19:44:12,2026-09-21 15:45:04
AAPL,AAPL261218C00570000,AAPL,2026-12-18,C,570.0,0.0,0.0,0.15,256.0,0.3794,20.0,0.0,0.0011,0.0001,0.0068,-0.0011,0.0008,0.0151,0.0,0.0,0.0,0.0,down,0.02,2026-09-14T10:05:45,0.0,0.0549999997019768,339.465,2026-09-21 19:44:12,2026-09-21 15:45:04
AAPL,AAPL261218C00580000,AAPL,2026-12-18,C,580.0,0.0,0.0,0.51,331.0,0.4462,5.0,0.0,0.001,0.0001,0.006,-0.001,0.0007,0.0132,0.0,0.0,0.0,0.0,down,0.02,2026-09-04T12:28:30,0.0,0.259999990463257,339.465,2026-09-21 19:44:12,2026-09-21 15:45:04
AAPL,AAPL261218C00590000,AAPL,2026-12-18,C,590.0,0.0,0.0,0.52,506.0,0.4596,174.0,0.0,0.0008,0.0,0.0053,-0.0009,0.0006,0.0117,0.0,0.0,0.0,0.0,down,0.02,2026-09-08T15:58:41,0.0,0.259999990463257,339.465,2026-09-21 19:44:12,2026-09-21 15:45:04
AAPL,AAPL261218C00600000,AAPL,2026-12-18,C,600.0,0.01,10.0,0.03,99.0,0.3674,1434.0,3.0,0.0008,0.0,0.0047,-0.0008,0.0006,0.0104,0.015,0.03,0.03,0.02,down,0.02,2026-09-21T11:37:23,300.0,0.00499999988824129,339.465,2026-09-21 19:44:12,2026-09-21 15:45:04
AAPL,AAPL261218P00005000,AAPL,2026-12-18,P,5.0,0.0,0.0,0.01,1000.0,2.6059,128.0,0.0,0.0,0.0,0.0,0.0,0.0,0.0001,0.0,0.0,0.0,0.0,down,0.01,2026-08-06T10:38:51,0.0,0.00499999988824129,339.465,2026-09-21 19:44:12,2026-09-21 15:45:04
AAPL,AAPL261218P00010000,AAPL,2026-12-18,P,10.0,0.0,0.0,0.01,1000.0,2.144,3101.0,0.0,0.0,0.0,0.0,0.0,0.0,0.0002,0.0,0.0,0.0,0.0,down,0.19,2026-08-05T09:30:02,0.0,0.00499999988824129,339.465,2026-09-21 19:44:12,2026-09-21 15:45:04
AAPL,AAPL261218P00015000,AAPL,2026-12-18,P,15.0,0.0,0.0,0.01,1000.0,1.8838,640.0,0.0,0.0,0.0,0.0,0.0,0.0,0.0003,0.0,0.0,0.0,0.0,no_change,0.46,2026-06-30T10:42:33,0.0,0.00499999988824129,339.465,2026-09-21 19:44:12,2026-09-21 15:45:04
AAPL,AAPL261218P00020000,AAPL,2026-12-18,P,20.0,0.0,0.0,0.01,1000.0,1.7031,3021.0,0.0,0.0,0.0,0.0001,0.0,0.0,0.0005,0.0,0.0,0.0,0.0,no_change,0.26,2026-08-05T09:30:48,0.0,0.00499999988824129,339.465,2026-09-21 19:44:12,2026-09-21 15:45:04
AAPL,AAPL261218P00025000,AAPL,2026-12-18,P,25.0,0.0,0.0,0.01,1.0,1.5646,601.0,0.0,0.0,0.0,0.0001,-0.0001,0.0,0.0007,0.0,0.0,0.0,0.0,down,0.01,2026-07-16T14:13:26,0.0,0.00499999988824129,339.465,2026-09-21 19:44:12,2026-09-21 15:45:04
AAPL,AAPL261218P00030000,AAPL,2026-12-18,P,30.0,0.0,0.0,0.01,1.0,1.4531,1174.0,0.0,0.0,0.0,0.0001,-0.0001,0.0,0.001,0.0,0.0,0.0,0.0,down,0.01,2026-06-23T15:36:51,0.0,0.00499999988824129,339.465,2026-09-21 19:44:12,2026-09-21 15:45:04
AAPL,AAPL261218P00035000,AAPL,2026-12-18,P,35.0,0.0,0.0,0.01,1.0,1.3594,1529.0,0.0,0.0,0.0,0.0002,-0.0001,0.0,0.0013,0.0,0.0,0.0,0.0,up,0.02,2026-08-11T09:33:07,0.0,0.00499999988824129,339.465,2026-09-21 19:44:12,2026-09-21 15:45:04
AAPL,AAPL261218P00040000,AAPL,2026-12-18,P,40.0,0.0,0.0,0.27,151.0,1.6956,330.0,0.0,0.0,0.0,0.0002,-0.0001,0.0,0.0016,0.0,0.0,0.0,0.0,up,0.04,2026-08-31T09:30:02,0.0,0.0949999988079071,339.465,2026-09-21 19:44:12,2026-09-21 15:45:04
AAPL,AAPL261218P00045000,AAPL,2026-12-18,P,45.0,0.0,0.0,0.52,238.0,1.7261,652.0,0.0,0.0,0.0,0.0003,-0.0002,0.0,0.0021,0.0,0.0,0.0,0.0,no_change,0.12,2026-07-16T14:24:26,0.0,0.259999990463257,339.465,2026-09-21 19:44:12,2026-09-21 15:45:04
AAPL,AAPL261218P00050000,AAPL,2026-12-18,P,50.0,0.0,0.0,0.02,23.0,1.2028,7640.0,0.0,-0.0001,0.0,0.0004,-0.0002,0.0,0.0025,0.0,0.0,0.0,0.0,no_change,0.01,2026-08-24T15:56:28,0.0,0.00999999977648258,339.465,2026-09-21 19:44:12,2026-09-21 15:45:04
AAPL,AAPL261218P00060000,AAPL,2026-12-18,P,60.0,0.0,0.0,0.01,1.0,1.0367,3908.0,0.0,-0.0001,0.0,0.0006,-0.0003,-0.0001,0.0038,0.0,0.0,0.0,0.0,no_change,0.01,2026-09-10T12:39:23,0.0,0.00499999988824129,339.465,2026-09-21 19:44:12,2026-09-21 15:45:04
AAPL,AAPL261218P00070000,AAPL,2026-12-18,P,70.0,0.0,0.0,0.03,1.0,1.0242,435.0,0.0,-0.0001,0.0,0.0009,-0.0004,-0.0001,0.0054,0.0,0.0,0.0,0.0,down,0.01,2026-09-01T10:03:08,0.0,0.0149999996647239,339.465,2026-09-21 19:44:12,2026-09-21 15:45:04
AAPL,AAPL261218P00080000,AAPL,2026-12-18,P,80.0,0.0,0.0,0.03,1.0,0.9393,3440.0,0.0,-0.0002,0.0,0.0012,-0.0006,-0.0002,0.0074,0.0,0.0,0.0,0.0,up,0.03,2026-09-17T14:47:38,0.0,0.00499999988824129,339.465,2026-09-21 19:44:12,2026-09-21 15:45:04
AAPL,AAPL261218P00085000,AAPL,2026-12-18,P,85.0,0.0,0.0,0.03,1.0,0.9009,229.0,0.0,-0.0002,0.0,0.0015,-0.0006,-0.0002,0.0086,0.0,0.0,0.0,0.0,down,0.09,2026-06-23T10:53:20,0.0,0.0149999996647239,339.465,2026-09-21 19:44:12,2026-09-21 15:45:04
AAPL,AAPL261218P00090000,AAPL,2026-12-18,P,90.0,0.0,0.0,0.05,9.0,0.9012,1774.0,0.0,-0.0003,0.0,0.0017,-0.0007,-0.0002,0.01,0.0,0.0,0.0,0.0,down,0.03,2026-08-14T14:53:54,0.0,0.0500000007450581,339.465,2026-09-21 19:44:12,2026-09-21 15:45:04
AAPL,AAPL261218P00095000,AAPL,2026-12-18,P,95.0,0.0,0.0,0.03,1.0,0.8305,2535.0,0.0,-0.0003,0.0,0.002,-0.0008,-0.0003,0.0116,0.0,0.0,0.0,0.0,down,0.01,2026-09-15T15:36:49,0.0,0.0149999996647239,339.465,2026-09-21 19:44:12,2026-09-21 15:45:04
AAPL,AAPL261218P00100000,AAPL,2026-12-18,P,100.0,0.0,0.0,0.01,6.0,0.7367,1818.0,0.0,-0.0004,0.0,0.0023,-0.001,-0.0003,0.0133,0.0,0.0,0.0,0.0,no_change,0.01,2026-09-09T11:37:16,0.0,0.00499999988824129,339.465,2026-09-21 19:44:12,2026-09-21 15:45:04
AAPL,AAPL261218P00105000,AAPL,2026-12-18,P,105.0,0.0,0.0,0.12,150.0,0.8653,1844.0,0.0,-0.0004,0.0,0.0027,-0.0011,-0.0004,0.0153,0.0,0.0,0.0,0.0,no_change,0.02,2026-09-18T13:16:24,0.0,0.0350000001490116,339.465,2026-09-21 19:44:12,2026-09-21 15:45:04
AAPL,AAPL261218P00110000,AAPL,2026-12-18,P,110.0,0.0,0.0,0.14,488.0,0.8451,2068.0,200.0,-0.0005,0.0,0.0031,-0.0012,-0.0004,0.0175,0.02,0.04,0.04,0.04,no_change,0.04,2026-09-21T13:16:54,100.0,0.0199999995529652,339.465,2026-09-21 19:44:12,2026-09-21 15:45:04
AAPL,AAPL261218P00115000,AAPL,2026-12-18,P,115.0,0.0,0.0,0.47,722.0,0.928,1400.0,0.0,-0.0006,0.0,0.0036,-0.0014,-0.0005,0.02,0.0,0.0,0.0,0.0,no_change,0.03,2026-09-08T11:45:32,0.0,0.230000004172325,339.465,2026-09-21 19:44:12,2026-09-21 15:45:04
AAPL,AAPL261218P00120000,AAPL,2026-12-18,P,120.0,0.01,40.0,0.05,1.0,0.7238,1572.0,0.0,-0.0007,0.0,0.0041,-0.0015,-0.0006,0.0228,0.0,0.0,0.0,0.0,no_change,0.02,2026-09-17T14:48:01,0.0,0.0300000002607703,339.465,2026-09-21 19:44:12,2026-09-21 15:45:04
AAPL,AAPL261218P00125000,AAPL,2026-12-18,P,125.0,0.0,0.0,0.27,291.0,0.8073,3289.0,0.0,-0.0008,0.0,0.0047,-0.0017,-0.0007,0.026,0.0,0.0,0.0,0.0,up,0.04,2026-09-08T09:46:46,0.0,0.135000005364418,339.465,2026-09-21 19:44:12,2026-09-21 15:45:04
AAPL,AAPL261218P00130000,AAPL,2026-12-18,P,130.0,0.0,0.0,0.08,11.0,0.6883,1210.0,0.0,-0.0009,0.0,0.0054,-0.0019,-0.0008,0.0296,0.0,0.0,0.0,0.0,up,0.05,2026-09-04T09:43:04,0.0,0.0399999991059303,339.465,2026-09-21 19:44:12,2026-09-21 15:45:04
AAPL,AAPL261218P00135000,AAPL,2026-12-18,P,135.0,0.01,62.0,0.09,233.0,0.6766,2512.0,6.0,-0.0011,0.0,0.0062,-0.0021,-0.0009,0.0336,-0.015,0.12,0.12,0.03,no_change,0.03,2026-09-21T14:12:27,-33.3333,0.0449999989941716,339.465,2026-09-21 19:44:12,2026-09-21 15:45:04
AAPL,AAPL261218P00140000,AAPL,2026-12-18,P,140.0,0.01,1.0,0.1,129.0,0.6573,1358.0,2.0,-0.0013,0.0,0.0071,-0.0023,-0.0011,0.0382,-0.005,0.05,0.05,0.05,no_change,0.05,2026-09-21T14:12:23,-9.09091,0.0550000006332994,339.465,2026-09-21 19:44:12,2026-09-21 15:45:04
AAPL,AAPL261218P00145000,AAPL,2026-12-18,P,145.0,0.0,0.0,0.24,580.0,0.6857,1079.0,1.0,-0.0014,0.0,0.008,-0.0026,-0.0012,0.0434,0.055,0.11,0.11,0.11,no_change,0.11,2026-09-21T12:32:16,100.0,0.0549999997019768,339.465,2026-09-21 19:44:12,2026-09-21 15:45:04
AAPL,AAPL261218P00150000,AAPL,2026-12-18,P,150.0,0.01,1.0,0.16,315.0,0.6364,2179.0,15.0,-0.0017,0.0,0.0092,-0.0029,-0.0014,0.0492,0.005,0.1,0.1,0.04,down,0.05,2026-09-21T15:28:56,11.1111,0.0449999989941716,339.465,2026-09-21 19:44:12,2026-09-21 15:45:04
AAPL,AAPL261218P00155000,AAPL,2026-12-18,P,155.0,0.0,0.0,0.11,19.0,0.5864,766.0,0.0,-0.0019,0.0001,0.0104,-0.0032,-0.0016,0.0558,0.0,0.0,0.0,0.0,down,0.04,2026-09-18T11:52:06,0.0,0.0399999991059303,339.465,2026-09-21 19:44:12,2026-09-21 15:45:04
AAPL,AAPL261218P00160000,AAPL,2026-12-18,P,160.0,0.01,41.0,0.11,144.0,0.5692,3006.0,39.0,-0.0022,0.0001,0.0119,-0.0035,-0.0019,0.0633,-0.005,0.06,0.07,0.06,no_change,0.06,2026-09-21T14:29:30,-7.69231,0.0649999985471368,339.465,2026-09-21 19:44:12,2026-09-21 15:45:04
AAPL,AAPL261218P00165000,AAPL,2026-12-18,P,165.0,0.05,2.0,0.13,80.0,0.5706,1928.0,2.0,-0.0026,0.0001,0.0135,-0.0039,-0.0022,0.0719,-0.01,0.08,0.08,0.08,no_change,0.08,2026-09-21T13:32:19,-11.1111,0.0899999979883432,339.465,2026-09-21 19:44:12,2026-09-21 15:45:04
AAPL,AAPL261218P00170000,AAPL,2026-12-18,P,170.0,0.05,1.0,0.14,187.0,0.552,2575.0,46.0,-0.0029,0.0001,0.0153,-0.0044,-0.0025,0.0817,-0.02,0.1,0.1,0.07,up,0.08,2026-09-21T13:32:19,-20.0,0.100000003352761,339.465,2026-09-21 19:44:12,2026-09-21 15:45:04
AAPL,AAPL261218P00175000,AAPL,2026-12-18,P,175.0,0.05,2.0,0.15,221.0,0.5337,2418.0,14.0,-0.0034,0.0001,0.0174,-0.0048,-0.0029,0.0931,-0.03,0.08,0.11,0.07,down,0.08,2026-09-21T14:40:29,-27.2727,0.110000001266599,339.465,2026-09-21 19:44:12,2026-09-21 15:45:04
AAPL,AAPL261218P00180000,AAPL,2026-12-18,P,180.0,0.03,529.0,0.13,283.0,0.5007,3365.0,11.0,-0.0039,0.0001,0.02,-0.0054,-0.0033,0.1064,-0.02,0.17,0.17,0.09,no_change,0.1,2026-09-21T13:26:48,-16.6667,0.119999999180436,339.465,2026-09-21 19:44:12,2026-09-21 15:45:04
AAPL,AAPL261218P00185000,AAPL,2026-12-18,P,185.0,0.08,374.0,0.16,521.0,0.5027,1860.0,154.0,-0.0045,0.0002,0.0227,-0.006,-0.0038,0.122,-0.04,0.2,0.2,0.09,no_change,0.1,2026-09-21T13:26:48,-28.5714,0.139999998733401,339.465,2026-09-21 19:44:12,2026-09-21 15:45:04
AAPL,AAPL261218P00190000,AAPL,2026-12-18,P,190.0,0.1,195.0,0.18,356.0,0.4913,2776.0,80.0,-0.0053,0.0002,0.0259,-0.0067,-0.0045,0.1404,-0.03,0.15,0.16,0.11,no_change,0.13,2026-09-21T14:06:44,-18.75,0.160000000149012,339.465,2026-09-21 19:44:12,2026-09-21 15:45:04
AAPL,AAPL261218P00195000,AAPL,2026-12-18,P,195.0,0.09,412.0,0.18,256.0,0.4694,1752.0,39.0,-0.0061,0.0002,0.0297,-0.0075,-0.0052,0.162,-0.05,0.18,0.18,0.15,down,0.15,2026-09-21T13:05:24,-25.0,0.199999999254942,339.465,2026-09-21 19:44:12,2026-09-21 15:45:04
AAPL,AAPL261218P00200000,AAPL,2026-12-18,P,200.0,0.15,1.0,0.26,568.0,0.4736,12068.0,44.0,-0.0072,0.0002,0.0342,-0.0084,-0.0061,0.1877,-0.045,0.23,0.26,0.16,down,0.17,2026-09-21T13:04:13,-20.9302,0.214999996125698,339.465,2026-09-21 19:44:12,2026-09-21 15:45:04
AAPL,AAPL261218P00205000,AAPL,2026-12-18,P,205.0,0.16,257.0,0.31,546.0,0.4618,832.0,5.0,-0.0084,0.0003,0.0391,-0.0095,-0.0071,0.218,-0.03,0.2,0.24,0.2,down,0.22,2026-09-21T13:04:21,-12.0,0.25,339.465,2026-09-21 19:44:12,2026-09-21 15:45:04
AAPL,AAPL261218P00210000,AAPL,2026-12-18,P,210.0,0.19,260.0,0.28,216.0,0.4423,3694.0,11.0,-0.0098,0.0004,0.0447,-0.0106,-0.0082,0.2529,-0.05,0.23,0.23,0.22,down,0.22,2026-09-21T15:10:54,-18.5185,0.270000003278255,339.465,2026-09-21 19:44:12,2026-09-21 15:45:04
AAPL,AAPL261218P00215000,AAPL,2026-12-18,P,215.0,0.27,78.0,0.32,95.0,0.4362,1455.0,17.0,-0.0114,0.0004,0.0516,-0.0119,-0.0096,0.2941,-0.065,0.28,0.28,0.26,no_change,0.26,2026-09-21T13:05:12,-20.0,0.324999995529652,339.465,2026-09-21 19:44:12,2026-09-21 15:45:04
AAPL,AAPL261218P00220000,AAPL,2026-12-18,P,220.0,0.31,123.0,0.37,242.0,0.4254,7402.0,31.0,-0.0134,0.0005,0.0587,-0.0133,-0.0113,0.3417,-0.04,0.24,0.34,0.24,no_change,0.31,2026-09-21T13:05:24,-11.4286,0.349999994039536,339.465,2026-09-21 19:44:12,2026-09-21 15:45:04
AAPL,AAPL261218P00225000,AAPL,2026-12-18,P,225.0,0.35,419.0,0.43,128.0,0.4145,3923.0,10.0,-0.0156,0.0006,0.0669,-0.0149,-0.0131,0.3963,-0.085,0.42,0.42,0.41,up,0.42,2026-09-21T10:53:25,-16.8317,0.504999995231628,339.465,2026-09-21 19:44:12,2026-09-21 15:45:04
AAPL,AAPL261218P00230000,AAPL,2026-12-18,P,230.0,0.43,87.0,0.5,261.0,0.4061,9121.0,160.0,-0.0182,0.0007,0.0766,-0.0165,-0.0153,0.4589,-0.04,0.48,0.53,0.46,no_change,0.49,2026-09-21T14:41:09,-7.54717,0.529999986290932,339.465,2026-09-21 19:44:12,2026-09-21 15:45:04
AAPL,AAPL261218P00235000,AAPL,2026-12-18,P,235.0,0.49,330.0,0.57,118.0,0.395,4080.0,10.0,-0.0211,0.0008,0.0867,-0.0184,-0.0177,0.5312,-0.105,0.49,0.52,0.49,no_change,0.52,2026-09-21T14:41:09,-16.8,0.625,339.465,2026-09-21 19:44:12,2026-09-21 15:45:04
AAPL,AAPL261218P00240000,AAPL,2026-12-18,P,240.0,0.6,52.0,0.65,261.0,0.3863,11002.0,74.0,-0.0246,0.0009,0.0982,-0.0204,-0.0205,0.6137,-0.13,0.63,0.63,0.57,up,0.62,2026-09-21T15:14:46,-17.3333,0.75,339.465,2026-09-21 19:44:12,2026-09-21 15:45:04
AAPL,AAPL261218P00245000,AAPL,2026-12-18,P,245.0,0.65,622.0,0.75,383.0,0.3744,3634.0,109.0,-0.0285,0.001,0.1117,-0.0225,-0.0238,0.7081,-0.145,0.74,0.74,0.68,no_change,0.68,2026-09-21T13:34:57,-17.5758,0.825000017881394,339.465,2026-09-21 19:44:12,2026-09-21 15:45:04
AAPL,AAPL261218P00250000,AAPL,2026-12-18,P,250.0,0.79,149.0,0.88,300.0,0.3667,26958.0,139.0,-0.0331,0.0012,0.1258,-0.0248,-0.0275,0.8185,-0.105,0.93,0.93,0.77,down,0.83,2026-09-21T15:03:55,-11.2299,0.935000002384186,339.465,2026-09-21 19:44:12,2026-09-21 15:45:04
AAPL,AAPL261218P00255000,AAPL,2026-12-18,P,255.0,0.93,64.0,0.99,272.0,0.3565,7018.0,3.0,-0.0385,0.0014,0.1421,-0.0274,-0.032,0.9474,-0.115,1.08,1.08,0.96,down,0.96,2026-09-21T15:17:56,-10.6977,1.07499998807907,339.465,2026-09-21 19:44:12,2026-09-21 15:45:04
AAPL,AAPL261218P00260000,AAPL,2026-12-18,P,260.0,1.07,142.0,1.12,215.0,0.3459,13851.0,201.0,-0.0447,0.0016,0.1608,-0.0302,-0.0372,1.0986,-0.15,1.25,1.25,1.06,no_change,1.1,2026-09-21T15:25:15,-12.0,1.25,339.465,2026-09-21 19:44:12,2026-09-21 15:45:04
AAPL,AAPL261218P00265000,AAPL,2026-12-18,P,265.0,1.24,83.0,1.35,379.0,0.3385,5100.0,1706.0,-0.0519,0.0019,0.1806,-0.0332,-0.0429,1.2733,-0.15,1.43,1.45,1.2,up,1.3,2026-09-21T15:26:28,-10.3448,1.44999998807907,339.465,2026-09-21 19:44:12,2026-09-21 15:45:04
AAPL,AAPL261218P00270000,AAPL,2026-12-18,P,270.0,1.46,59.0,1.57,371.0,0.3299,8836.0,109.0,-0.0606,0.0022,0.2044,-0.0366,-0.05,1.4863,-0.21,1.71,1.71,1.41,down,1.5,2026-09-21T14:46:57,-12.2807,1.70999997854233,339.465,2026-09-21 19:44:12,2026-09-21 15:45:04
AAPL,AAPL261218P00275000,AAPL,2026-12-18,P,275.0,1.71,101.0,1.8,280.0,0.3206,8645.0,98.0,-0.0708,0.0025,0.2298,-0.0404,-0.0581,1.744,-0.32,2.04,2.07,1.68,up,1.69,2026-09-21T13:31:00,-15.9204,2.00999999046326,339.465,2026-09-21 19:44:12,2026-09-21 15:45:04
AAPL,AAPL261218P00280000,AAPL,2026-12-18,P,280.0,2.02,104.0,2.18,329.0,0.3141,19532.0,146.0,-0.083,0.0029,0.2592,-0.0445,-0.068,2.0546,-0.345,2.35,2.48,1.97,down,2.05,2026-09-21T14:29:02,-14.405,2.39499998092651,339.465,2026-09-21 19:44:12,2026-09-21 15:45:04
AAPL,AAPL261218P00285000,AAPL,2026-12-18,P,285.0,2.34,545.0,2.53,417.0,0.305,3564.0,80.0,-0.0974,0.0034,0.2911,-0.0491,-0.0792,2.4328,-0.43,2.93,2.94,2.36,down,2.43,2026-09-21T14:36:28,-15.035,2.86000001430512,339.465,2026-09-21 19:44:12,2026-09-21 15:45:04
AAPL,AAPL261218P00290000,AAPL,2026-12-18,P,290.0,2.81,237.0,2.96,364.0,0.298,8038.0,406.0,-0.1143,0.0039,0.3263,-0.054,-0.0928,2.8901,-0.49,3.45,3.55,2.78,down,2.86,2026-09-21T15:29:10,-14.6269,3.35000002384186,339.465,2026-09-21 19:44:12,2026-09-21 15:45:04
AAPL,AAPL261218P00295000,AAPL,2026-12-18,P,295.0,3.35,520.0,3.6,578.0,0.2927,4824.0,175.0,-0.134,0.0045,0.3638,-0.0592,-0.108,3.4454,-0.55,4.1,4.15,3.3,no_change,3.5,2026-09-21T15:29:05,-13.5802,4.04999995231628,339.465,2026-09-21 19:44:12,2026-09-21 15:45:04
AAPL,AAPL261218P00300000,AAPL,2026-12-18,P,300.0,4.05,96.0,4.25,416.0,0.287,17258.0,393.0,-0.1569,0.0051,0.4045,-0.0646,-0.1262,4.1119,-0.65,4.69,5.05,3.95,down,4.1,2026-09-21T15:29:08,-13.6842,4.75,339.465,2026-09-21 19:44:12,2026-09-21 15:45:04
AAPL,AAPL261218P00305000,AAPL,2026-12-18,P,305.0,4.8,443.0,5.1,484.0,0.2816,4138.0,307.0,-0.1832,0.0057,0.4448,-0.0702,-0.1458,4.9124,-0.65,5.55,6.0,4.75,no_change,5.05,2026-09-21T15:03:22,-11.4035,5.70000004768372,339.465,2026-09-21 19:44:12,2026-09-21 15:45:04
AAPL,AAPL261218P00310000,AAPL,2026-12-18,P,310.0,5.75,314.0,6.1,654.0,0.2772,12729.0,497.0,-0.213,0.0064,0.4872,-0.0756,-0.1687,5.8615,-0.925,6.95,7.25,5.7,down,5.85,2026-09-21T15:12:19,-13.6531,6.77500009536743,339.465,2026-09-21 19:44:12,2026-09-21 15:45:04
AAPL,AAPL261218P00315000,AAPL,2026-12-18,P,315.0,6.9,8.0,7.2,360.0,0.2728,3269.0,135.0,-0.2463,0.007,0.5265,-0.0809,-0.1929,6.9807,-1.0,8.4,8.6,6.9,down,7.05,2026-09-21T15:21:14,-12.4224,8.0499997138977,339.465,2026-09-21 19:44:12,2026-09-21 15:45:04
AAPL,AAPL261218P00320000,AAPL,2026-12-18,P,320.0,8.1,574.0,8.5,693.0,0.2676,3296.0,307.0,-0.2831,0.0077,0.5645,-0.0857,-0.2186,8.2887,-1.05,9.65,10.15,8.15,down,8.4,2026-09-21T15:12:08,-11.1111,9.4500002861023,339.465,2026-09-21 19:44:12,2026-09-21 15:45:04
AAPL,AAPL261218P00325000,AAPL,2026-12-18,P,325.0,9.7,23.0,10.0,281.0,0.2645,3147.0,223.0,-0.3231,0.0083,0.598,-0.0898,-0.2466,9.7982,-1.34,11.31,11.9,9.68,up,9.91,2026-09-21T15:29:05,-11.9111,11.25,339.465,2026-09-21 19:44:12,2026-09-21 15:45:04
AAPL,AAPL261218P00330000,AAPL,2026-12-18,P,330.0,11.45,10.0,11.75,266.0,0.2613,2212.0,404.0,-0.3662,0.0088,0.6255,-0.0931,-0.275,11.5318,-1.3,13.28,13.9,11.5,up,11.75,2026-09-21T15:14:46,-9.96168,13.0499997138977,339.465,2026-09-21 19:44:12,2026-09-21 15:45:04
AAPL,AAPL261218P00335000,AAPL,2026-12-18,P,335.0,13.4,35.0,13.75,236.0,0.2582,2189.0,381.0,-0.4117,0.0093,0.646,-0.0953,-0.303,13.4987,-1.475,15.35,16.1,13.39,up,13.75,2026-09-21T14:54:59,-9.68801,15.2249999046326,339.465,2026-09-21 19:44:12,2026-09-21 15:45:04
AAPL,AAPL261218P00340000,AAPL,2026-12-18,P,340.0,15.6,109.0,16.0,260.0,0.2554,1036.0,516.0,-0.4592,0.0097,0.6579,-0.0964,-0.3302,15.708,-1.445,17.9,18.25,15.7,up,16.08,2026-09-21T14:50:30,-8.24537,17.5250005722046,339.465,2026-09-21 19:44:12,2026-09-21 15:45:04
AAPL,AAPL261218P00345000,AAPL,2026-12-18,P,345.0,18.1,16.0,18.5,268.0,0.2532,364.0,151.0,-0.5081,0.0099,0.6604,-0.0962,-0.3553,18.1742,-1.64,20.0,20.0,18.4,up,18.56,2026-09-21T15:15:50,-8.11881,20.1999998092651,339.465,2026-09-21 19:44:12,2026-09-21 15:45:04
AAPL,AAPL261218P00350000,AAPL,2026-12-18,P,350.0,20.8,69.0,21.45,539.0,0.2524,1483.0,34.0,-0.5576,0.01,0.6522,-0.0949,-0.3772,20.8962,-1.6,22.0,22.0,21.05,no_change,21.5,2026-09-21T15:01:56,-6.9264,23.0999994277954,339.465,2026-09-21 19:44:12,2026-09-21 15:45:04
AAPL,AAPL261218P00360000,AAPL,2026-12-18,P,360.0,27.05,7.0,28.2,602.0,0.2531,323.0,58.0,-0.6556,0.0099,0.6078,-0.0888,-0.406,27.112,-2.2,30.98,30.98,27.25,up,27.45,2026-09-21T13:38:45,-7.4199,29.6499996185303,339.465,2026-09-21 19:44:12,2026-09-21 15:45:04
AAPL,AAPL261218P00370000,AAPL,2026-12-18,P,370.0,33.7,249.0,35.5,444.0,0.2471,105.0,6.0,-0.748,0.0092,0.5252,-0.0793,-0.3998,34.313,-2.26,38.2,38.2,34.74,down,34.74,2026-09-21T13:05:01,-6.10811,37.0,339.465,2026-09-21 19:44:12,2026-09-21 15:45:04
AAPL,AAPL261218P00380000,AAPL,2026-12-18,P,380.0,42.25,55.0,44.0,384.0,0.2567,44.0,63.0,-0.8303,0.0083,0.4129,-0.0679,-0.363,42.4009,-1.275,46.7,46.7,43.7,down,43.7,2026-09-21T11:57:43,-2.83491,44.9750003814697,339.465,2026-09-21 19:44:12,2026-09-21 15:45:04
AAPL,AAPL261218P00390000,AAPL,2026-12-18,P,390.0,50.95,9.0,52.6,199.0,0.2569,2.0,2.0,-0.9006,0.0073,0.2847,-0.0564,-0.275,51.2286,1.675,55.8,55.9,55.8,up,55.9,2026-09-21T09:30:16,3.08898,54.2250003814697,339.465,2026-09-21 19:44:12,2026-09-21 15:45:04
AAPL,AAPL261218P00400000,AAPL,2026-12-18,P,400.0,60.3,57.0,62.45,189.0,0.2748,52.0,5.0,-0.9602,0.0067,0.1511,-0.0433,-0.1316,60.6456,-2.95,62.0,62.0,61.2,down,61.2,2026-09-21T12:54:48,-4.5986,64.1500015258789,339.465,2026-09-21 19:44:12,2026-09-21 15:45:04
AAPL,AAPL261218P00410000,AAPL,2026-12-18,P,410.0,70.0,82.0,72.4,92.0,0.297,0.0,0.0,-0.9948,0.0014,0.0,-0.058,0.0,70.5357,0.0,0.0,0.0,0.0,down,95.59,2026-07-08T13:55:06,0.0,74.0499992370606,339.465,2026-09-21 19:44:12,2026-09-21 15:45:04
AAPL,AAPL261218P00420000,AAPL,2026-12-18,P,420.0,80.05,71.0,82.55,91.0,0.3292,0.0,0.0,-1.0,0.0,0.0,-0.058,0.0,80.5357,0.0,0.0,0.0,0.0,down,109.21,2026-08-20T15:57:49,0.0,83.9249992370606,339.465,2026-09-21 19:44:12,2026-09-21 15:45:04
AAPL,AAPL261218P00430000,AAPL,2026-12-18,P,430.0,89.6,76.0,92.55,91.0,0.3449,0.0,0.0,-1.0,0.0,0.0,-0.058,0.0,90.5357,0.0,0.0,0.0,0.0,no_change,0.0,,0.0,93.6749992370606,339.465,2026-09-21 19:44:12,2026-09-21 15:45:04
AAPL,AAPL261218P00440000,AAPL,2026-12-18,P,440.0,99.65,78.0,102.55,94.0,0.3715,0.0,0.0,-1.0,0.0,0.0,-0.058,0.0,100.5357,0.0,0.0,0.0,0.0,up,197.3,2025-01-03T10:21:54,0.0,103.625,339.465,2026-09-21 19:44:12,2026-09-21 15:45:04
AAPL,AAPL261218P00450000,AAPL,2026-12-18,P,450.0,110.05,71.0,112.55,86.0,0.4065,0.0,0.0,-1.0,0.0,0.0,-0.058,0.0,110.5357,0.0,0.0,0.0,0.0,up,176.02,2025-12-15T13:20:00,0.0,113.674999237061,339.465,2026-09-21 19:44:12,2026-09-21 15:45:04
AAPL,AAPL261218P00460000,AAPL,2026-12-18,P,460.0,119.45,84.0,122.55,94.0,0.4137,0.0,0.0,-1.0,0.0,0.0,-0.058,0.0,120.5357,0.0,0.0,0.0,0.0,up,185.84,2025-12-15T13:20:00,0.0,123.900001525879,339.465,2026-09-21 19:44:12,2026-09-21 15:45:04
AAPL,AAPL261218P00470000,AAPL,2026-12-18,P,470.0,130.05,71.0,132.55,91.0,0.4537,0.0,0.0,-1.0,0.0,0.0,-0.058,0.0,130.5357,0.0,0.0,0.0,0.0,no_change,0.0,,0.0,133.675003051758,339.465,2026-09-21 19:44:12,2026-09-21 15:45:04
AAPL,AAPL261218P00480000,AAPL,2026-12-18,P,480.0,139.55,76.0,142.55,91.0,0.4616,0.0,0.0,-1.0,0.0,0.0,-0.058,0.0,140.5357,0.0,0.0,0.0,0.0,no_change,0.0,,0.0,143.625,339.465,2026-09-21 19:44:12,2026-09-21 15:45:04
AAPL,AAPL261218P00490000,AAPL,2026-12-18,P,490.0,150.05,71.0,152.55,91.0,0.4981,0.0,0.0,-1.0,0.0,0.0,-0.058,0.0,150.5357,0.0,0.0,0.0,0.0,no_change,0.0,,0.0,153.625,339.465,2026-09-21 19:44:12,2026-09-21 15:45:04
AAPL,AAPL261218P00500000,AAPL,2026-12-18,P,500.0,159.45,83.0,162.55,95.0,0.5007,0.0,0.0,-1.0,0.0,0.0,-0.058,0.0,160.5357,0.0,0.0,0.0,0.0,no_change,0.0,,0.0,163.625,339.465,2026-09-21 19:44:12,2026-09-21 15:45:04
AAPL,AAPL261218P00510000,AAPL,2026-12-18,P,510.0,169.55,81.0,172.55,91.0,0.5245,0.0,0.0,-1.0,0.0,0.0,-0.058,0.0,170.5357,0.0,0.0,0.0,0.0,no_change,0.0,,0.0,173.724998474121,339.465,2026-09-21 19:44:12,2026-09-21 15:45:04
AAPL,AAPL261218P00520000,AAPL,2026-12-18,P,520.0,179.65,76.0,182.55,91.0,0.5477,0.0,0.0,-1.0,0.0,0.0,-0.058,0.0,180.5357,0.0,0.0,0.0,0.0,no_change,0.0,,0.0,183.675003051758,339.465,2026-09-21 19:44:12,2026-09-21 15:45:04
AAPL,AAPL261218P00530000,AAPL,2026-12-18,P,530.0,189.6,80.0,192.55,91.0,0.5655,0.0,0.0,-1.0,0.0,0.0,-0.058,0.0,190.5357,0.0,0.0,0.0,0.0,no_change,0.0,,0.0,193.675003051758,339.465,2026-09-21 19:44:12,2026-09-21 15:45:04
AAPL,AAPL261218P00540000,AAPL,2026-12-18,P,540.0,199.6,76.0,202.55,90.0,0.5845,0.0,0.0,-1.0,0.0,0.0,-0.058,0.0,200.5357,0.0,0.0,0.0,0.0,no_change,0.0,,0.0,203.675003051758,339.465,2026-09-21 19:44:12,2026-09-21 15:45:04
AAPL,AAPL261218P00550000,AAPL,2026-12-18,P,550.0,209.65,76.0,212.55,91.0,0.6048,0.0,0.0,-1.0,0.0,0.0,-0.058,0.0,210.5357,0.0,0.0,0.0,0.0,no_change,0.0,,0.0,213.625,339.465,2026-09-21 19:44:12,2026-09-21 15:45:04
AAPL,AAPL261218P00560000,AAPL,2026-12-18,P,560.0,219.5,84.0,222.55,89.0,0.6171,0.0,0.0,-1.0,0.0,0.0,-0.058,0.0,220.5357,0.0,0.0,0.0,0.0,no_change,0.0,,0.0,223.675003051758,339.465,2026-09-21 19:44:12,2026-09-21 15:45:04
AAPL,AAPL261218P00570000,AAPL,2026-12-18,P,570.0,229.65,76.0,232.55,93.0,0.6406,0.0,0.0,-1.0,0.0,0.0,-0.058,0.0,230.5357,0.0,0.0,0.0,0.0,no_change,0.0,,0.0,233.675003051758,339.465,2026-09-21 19:44:12,2026-09-21 15:45:04
AAPL,AAPL261218P00580000,AAPL,2026-12-18,P,580.0,239.65,76.0,242.55,89.0,0.6579,0.0,0.0,-1.0,0.0,0.0,-0.058,0.0,240.5357,0.0,0.0,0.0,0.0,no_change,0.0,,0.0,243.849998474121,339.465,2026-09-21 19:44:12,2026-09-21 15:45:04
AAPL,AAPL261218P00590000,AAPL,2026-12-18,P,590.0,249.65,76.0,252.55,91.0,0.6748,0.0,0.0,-1.0,0.0,0.0,-0.058,0.0,250.5357,0.0,0.0,0.0,0.0,no_change,0.0,,0.0,253.675003051758,339.465,2026-09-21 19:44:12,2026-09-21 15:45:04
AAPL,AAPL261218P00600000,AAPL,2026-12-18,P,600.0,259.55,76.0,262.55,95.0,0.6874,0.0,0.0,-1.0,0.0,0.0,-0.058,0.0,260.5357,0.0,0.0,0.0,0.0,no_change,0.0,,0.0,263.675003051758,339.465,2026-09-21 19:44:12,2026-09-21 15:45:04
AAPL,AAPL270115C00005000,AAPL,2027-01-15,C,5.0,332.5,86.0,335.55,6.0,0.0,7.0,0.0,1.0,0.0,0.0,0.0,0.0064,334.5027,0.0,0.0,0.0,0.0,up,308.05,2026-08-26T14:16:02,0.0,331.0,339.465,2026-09-21 19:44:12,2026-09-21 15:45:04
AAPL,AAPL270115C00010000,AAPL,2027-01-15,C,10.0,327.55,86.0,330.55,6.0,0.0,1.0,0.0,1.0,0.0,0.0,0.0,0.0133,329.5322,0.0,0.0,0.0,0.0,down,296.34,2026-08-14T09:56:40,0.0,326.0,339.465,2026-09-21 19:44:12,2026-09-21 15:45:04
AAPL,AAPL270115C00015000,AAPL,2027-01-15,C,15.0,322.6,86.0,325.55,6.0,0.0,11.0,0.0,1.0,0.0,0.0,0.0,0.02,324.5623,0.0,0.0,0.0,0.0,down,289.93,2026-08-13T15:54:15,0.0,321.025009155273,339.465,2026-09-21 19:44:12,2026-09-21 15:45:04
AAPL,AAPL270115C00020000,AAPL,2027-01-15,C,20.0,317.65,86.0,321.1,6.0,0.0,12.0,0.0,1.0,0.0,0.0,0.0,0.0267,319.5926,0.0,0.0,0.0,0.0,up,286.39,2026-08-14T09:56:40,0.0,316.050003051758,339.465,2026-09-21 19:44:12,2026-09-21 15:45:04
AAPL,AAPL270115C00025000,AAPL,2027-01-15,C,25.0,312.75,86.0,315.7,6.0,0.0,0.0,0.0,1.0,0.0,0.0001,0.0,0.0335,314.6229,0.0,0.0,0.0,0.0,up,172.1,2025-05-23T13:36:45,0.0,311.125,339.465,2026-09-21 19:44:12,2026-09-21 15:45:04
AAPL,AAPL270115C00030000,AAPL,2027-01-15,C,30.0,307.8,86.0,310.65,6.0,0.0,4.0,0.0,1.0,0.0,0.0001,0.0,0.0406,309.6536,0.0,0.0,0.0,0.0,up,277.3,2026-08-10T11:49:09,0.0,306.199996948242,339.465,2026-09-21 19:44:12,2026-09-21 15:45:04
AAPL,AAPL270115C00035000,AAPL,2027-01-15,C,35.0,302.85,86.0,305.7,6.0,0.0,5.0,0.0,1.0,0.0,0.0003,0.0,0.0503,304.6851,0.0,0.0,0.0,0.0,up,270.14,2026-08-13T15:49:00,0.0,301.25,339.465,2026-09-21 19:44:12,2026-09-21 15:45:04
AAPL,AAPL270115C00040000,AAPL,2027-01-15,C,40.0,297.95,86.0,301.2,15.0,0.0,39.0,0.0,0.9999,0.0,0.0006,0.0,0.0795,299.7225,0.0,0.0,0.0,0.0,up,218.8,2026-04-09T11:52:31,0.0,296.550003051758,339.465,2026-09-21 19:44:12,2026-09-21 15:45:04
AAPL,AAPL270115C00045000,AAPL,2027-01-15,C,45.0,293.0,86.0,295.9,6.0,0.0,2.0,0.0,0.9997,0.0,0.0008,0.0,0.1224,294.7759,0.0,0.0,0.0,0.0,up,213.4,2025-10-09T09:39:11,0.0,291.399993896484,339.465,2026-09-21 19:44:12,2026-09-21 15:45:04
AAPL,AAPL270115C00050000,AAPL,2027-01-15,C,50.0,288.1,86.0,290.95,6.0,0.0,120.0,0.0,0.9996,0.0,0.0009,0.0,0.1546,289.8431,0.0,0.0,0.0,0.0,up,279.83,2026-09-03T13:02:37,0.0,286.475006103516,339.465,2026-09-21 19:44:12,2026-09-21 15:45:04
AAPL,AAPL270115C00060000,AAPL,2027-01-15,C,60.0,278.25,86.0,281.1,10.0,0.0,131.0,0.0,0.9995,0.0,0.0012,0.0,0.1937,279.9928,0.0,0.0,0.0,0.0,down,239.0,2026-06-23T09:30:01,0.0,276.625,339.465,2026-09-21 19:44:12,2026-09-21 15:45:04
AAPL,AAPL270115C00070000,AAPL,2027-01-15,C,70.0,268.4,86.0,271.25,6.0,0.0,139.0,0.0,0.9994,0.0,0.0016,0.0,0.2265,270.1464,0.0,0.0,0.0,0.0,down,222.74,2026-06-10T09:31:15,0.0,266.850006103516,339.465,2026-09-21 19:44:12,2026-09-21 15:45:04
AAPL,AAPL270115C00080000,AAPL,2027-01-15,C,80.0,258.5,86.0,261.4,10.0,0.0,283.0,0.0,0.9993,0.0,0.0022,0.0,0.2588,260.3009,0.0,0.0,0.0,0.0,up,233.3,2026-08-24T12:18:26,0.0,256.925003051758,339.465,2026-09-21 19:44:12,2026-09-21 15:45:04
AAPL,AAPL270115C00085000,AAPL,2027-01-15,C,85.0,253.6,86.0,256.5,10.0,0.0,116.0,0.0,0.9993,0.0,0.0026,0.0,0.2749,255.3785,0.0,0.0,0.0,0.0,up,245.95,2026-09-03T12:47:23,0.0,252.025001525879,339.465,2026-09-21 19:44:12,2026-09-21 15:45:04
AAPL,AAPL270115C00090000,AAPL,2027-01-15,C,90.0,248.65,86.0,251.55,6.0,0.0,273.0,0.0,0.9992,0.0,0.003,0.0,0.291,250.4564,0.0,0.0,0.0,0.0,up,241.5,2026-09-15T13:43:28,0.0,247.099998474121,339.465,2026-09-21 19:44:12,2026-09-21 15:45:04
AAPL,AAPL270115C00095000,AAPL,2027-01-15,C,95.0,243.75,86.0,246.6,10.0,0.0,28.0,4.0,0.9991,0.0,0.0035,0.0,0.3071,245.5344,2.725,244.78,245.14,244.78,down,244.9,2026-09-21T12:46:32,1.12522,242.174995422363,339.465,2026-09-21 19:44:12,2026-09-21 15:45:04
AAPL,AAPL270115C00100000,AAPL,2027-01-15,C,100.0,238.8,86.0,241.75,10.0,0.0,598.0,0.0,0.9991,0.0,0.0041,0.0,0.3232,240.6129,0.0,0.0,0.0,0.0,up,225.72,2026-09-10T14:29:38,0.0,237.125,339.465,2026-09-21 19:44:12,2026-09-21 15:45:04
AAPL,AAPL270115C00105000,AAPL,2027-01-15,C,105.0,233.9,86.0,236.8,10.0,0.0,89.0,0.0,0.999,0.0,0.0047,0.0,0.3393,235.6916,0.0,0.0,0.0,0.0,up,210.05,2026-08-07T15:44:17,0.0,232.349998474121,339.465,2026-09-21 19:44:12,2026-09-21 15:45:04
AAPL,AAPL270115C00110000,AAPL,2027-01-15,C,110.0,228.95,86.0,231.9,10.0,0.0,219.0,0.0,0.9988,0.0,0.0053,0.0,0.3553,230.7707,0.0,0.0,0.0,0.0,no_change,205.23,2026-09-09T12:26:45,0.0,227.400001525879,339.465,2026-09-21 19:44:12,2026-09-21 15:45:04
AAPL,AAPL270115C00115000,AAPL,2027-01-15,C,115.0,224.05,86.0,227.55,14.0,0.0,100.0,0.0,0.9987,0.0,0.0061,0.0,0.3713,225.8503,0.0,0.0,0.0,0.0,up,195.83,2026-06-05T15:42:29,0.0,222.474998474121,339.465,2026-09-21 19:44:12,2026-09-21 15:45:04
AAPL,AAPL270115C00120000,AAPL,2027-01-15,C,120.0,219.1,86.0,222.05,6.0,0.0,494.0,0.0,0.9986,0.0,0.007,0.0,0.3874,220.9304,0.0,0.0,0.0,0.0,no_change,187.21,2026-08-13T10:27:34,0.0,217.550003051758,339.465,2026-09-21 19:44:12,2026-09-21 15:45:04
AAPL,AAPL270115C00125000,AAPL,2027-01-15,C,125.0,214.2,87.0,217.15,6.0,0.0,334.0,0.0,0.9984,0.0,0.008,0.0,0.4033,216.011,0.0,0.0,0.0,0.0,down,195.65,2026-09-10T10:01:07,0.0,212.650001525879,339.465,2026-09-21 19:44:12,2026-09-21 15:45:04
AAPL,AAPL270115C00130000,AAPL,2027-01-15,C,130.0,209.25,87.0,212.2,10.0,0.0,479.0,0.0,0.9982,0.0,0.009,0.0,0.4193,211.0922,0.0,0.0,0.0,0.0,up,203.45,2026-09-11T15:52:21,0.0,207.699996948242,339.465,2026-09-21 19:44:12,2026-09-21 15:45:04
AAPL,AAPL270115C00135000,AAPL,2027-01-15,C,135.0,204.35,87.0,207.3,8.0,0.0,1576.0,0.0,0.998,0.0,0.0103,0.0,0.4352,206.1741,0.0,0.0,0.0,0.0,up,184.42,2026-08-20T10:58:22,0.0,202.900001525879,339.465,2026-09-21 19:44:12,2026-09-21 15:45:04
AAPL,AAPL270115C00140000,AAPL,2027-01-15,C,140.0,199.4,131.0,202.2,6.0,0.0,1592.0,0.0,0.9978,0.0,0.0116,0.0,0.4511,201.2568,0.0,0.0,0.0,0.0,up,179.61,2026-08-20T13:11:47,0.0,197.875,339.465,2026-09-21 19:44:12,2026-09-21 15:45:04
AAPL,AAPL270115C00145000,AAPL,2027-01-15,C,145.0,194.9,77.0,197.55,8.0,0.0,6414.0,0.0,0.9975,0.0001,0.0132,0.0,0.467,196.3404,0.0,0.0,0.0,0.0,up,191.3,2026-09-11T10:38:08,0.0,193.050003051758,339.465,2026-09-21 19:44:12,2026-09-21 15:45:04
AAPL,AAPL270115C00150000,AAPL,2027-01-15,C,150.0,189.6,87.0,192.5,10.0,0.0,1699.0,0.0,0.9972,0.0001,0.0149,0.0,0.4828,191.4251,0.0,0.0,0.0,0.0,no_change,186.5,2026-09-16T14:32:03,0.0,188.099998474121,339.465,2026-09-21 19:44:12,2026-09-21 15:45:04
AAPL,AAPL270115C00155000,AAPL,2027-01-15,C,155.0,184.65,87.0,187.65,10.0,0.0,82.0,0.0,0.9969,0.0001,0.0169,0.0,0.4986,186.5109,0.0,0.0,0.0,0.0,up,168.29,2026-09-04T12:33:07,0.0,183.275001525879,339.465,2026-09-21 19:44:12,2026-09-21 15:45:04
AAPL,AAPL270115C00160000,AAPL,2027-01-15,C,160.0,179.75,87.0,182.8,17.0,0.0,650.0,0.0,0.9964,0.0001,0.0191,0.0,0.5142,181.5983,0.0,0.0,0.0,0.0,up,171.3,2026-09-03T13:07:31,0.0,178.425003051758,339.465,2026-09-21 19:44:12,2026-09-21 15:45:04
AAPL,AAPL270115C00165000,AAPL,2027-01-15,C,165.0,174.85,87.0,177.8,10.0,0.0,460.0,0.0,0.996,0.0001,0.0216,0.0,0.5299,176.6874,0.0,0.0,0.0,0.0,down,170.0,2026-09-18T10:42:41,0.0,173.400001525879,339.465,2026-09-21 19:44:12,2026-09-21 15:45:04
AAPL,AAPL270115C00170000,AAPL,2027-01-15,C,170.0,170.35,170.0,173.0,38.0,0.4282,982.0,30.0,0.9954,0.0001,0.0246,0.0,0.5454,171.7786,3.1,171.5,171.5,171.5,no_change,171.5,2026-09-21T12:50:34,1.84085,168.400001525879,339.465,2026-09-21 19:44:12,2026-09-21 15:45:04
AAPL,AAPL270115C00175000,AAPL,2027-01-15,C,175.0,165.0,87.0,168.0,20.0,0.0,1149.0,0.0,0.9948,0.0001,0.0278,0.0,0.5608,166.8725,0.0,0.0,0.0,0.0,down,160.25,2026-09-16T13:18:54,0.0,163.625,339.465,2026-09-21 19:44:12,2026-09-21 15:45:04
AAPL,AAPL270115C00180000,AAPL,2027-01-15,C,180.0,160.1,87.0,163.1,10.0,0.0,1050.0,0.0,0.994,0.0002,0.0316,0.0,0.5761,161.9693,0.0,0.0,0.0,0.0,up,158.84,2026-09-18T15:00:43,0.0,158.724998474121,339.465,2026-09-21 19:44:12,2026-09-21 15:45:04
AAPL,AAPL270115C00185000,AAPL,2027-01-15,C,185.0,155.2,87.0,158.2,16.0,0.0,826.0,0.0,0.9932,0.0002,0.036,0.0,0.5913,157.0697,0.0,0.0,0.0,0.0,up,152.54,2026-09-11T12:23:31,0.0,153.875,339.465,2026-09-21 19:44:12,2026-09-21 15:45:04
AAPL,AAPL270115C00190000,AAPL,2027-01-15,C,190.0,150.3,139.0,153.3,17.0,0.0,797.0,0.0,0.9921,0.0002,0.0409,0.0,0.6062,152.1743,0.0,0.0,0.0,0.0,up,148.0,2026-09-17T13:37:20,0.0,148.699996948242,339.465,2026-09-21 19:44:12,2026-09-21 15:45:04
AAPL,AAPL270115C00195000,AAPL,2027-01-15,C,195.0,145.85,289.0,148.4,10.0,0.3978,641.0,0.0,0.991,0.0003,0.0465,0.0,0.621,147.2836,0.0,0.0,0.0,0.0,down,143.45,2026-09-18T14:06:05,0.0,144.125,339.465,2026-09-21 19:44:12,2026-09-21 15:45:04
AAPL,AAPL270115C00200000,AAPL,2027-01-15,C,200.0,141.15,391.0,143.0,65.0,0.0,12563.0,5.0,0.9896,0.0003,0.0529,0.0,0.6355,142.3983,3.125,142.0,142.3,141.0,up,142.3,2026-09-21T15:28:21,2.24537,139.175003051758,339.465,2026-09-21 19:44:12,2026-09-21 15:45:04
AAPL,AAPL270115C00205000,AAPL,2027-01-15,C,205.0,136.1,278.0,138.65,23.0,0.3968,118.0,0.0,0.988,0.0004,0.0602,0.0,0.6498,137.5191,0.0,0.0,0.0,0.0,up,115.27,2026-09-08T11:42:25,0.0,134.400001525879,339.465,2026-09-21 19:44:12,2026-09-21 15:45:04
AAPL,AAPL270115C00210000,AAPL,2027-01-15,C,210.0,131.25,273.0,133.6,23.0,0.3735,2325.0,0.0,0.9861,0.0004,0.0682,0.0,0.6638,132.6467,0.0,0.0,0.0,0.0,down,126.45,2026-09-17T10:16:41,0.0,128.899997711182,339.465,2026-09-21 19:44:12,2026-09-21 15:45:04
AAPL,AAPL270115C00215000,AAPL,2027-01-15,C,215.0,126.35,267.0,128.95,23.0,0.3882,248.0,0.0,0.984,0.0005,0.0772,0.0,0.6775,127.7819,0.0,0.0,0.0,0.0,up,122.96,2026-09-16T14:30:36,0.0,124.775001525879,339.465,2026-09-21 19:44:12,2026-09-21 15:45:04
AAPL,AAPL270115C00220000,AAPL,2027-01-15,C,220.0,121.7,353.0,123.95,73.0,0.3862,7242.0,3.0,0.9816,0.0006,0.0874,0.0,0.6908,122.9256,2.375,119.66,122.2,119.66,up,122.2,2026-09-21T12:22:46,1.98206,119.825000762939,339.465,2026-09-21 19:44:12,2026-09-21 15:45:04
AAPL,AAPL270115C00225000,AAPL,2027-01-15,C,225.0,116.65,375.0,118.7,45.0,0.3314,483.0,0.0,0.9788,0.0007,0.0986,-0.0002,0.7036,118.079,0.0,0.0,0.0,0.0,down,114.26,2026-09-18T14:06:05,0.0,114.849998474121,339.465,2026-09-21 19:44:12,2026-09-21 15:45:04
AAPL,AAPL270115C00230000,AAPL,2027-01-15,C,230.0,111.85,506.0,114.15,122.0,0.3552,10521.0,3.0,0.9756,0.0008,0.111,-0.0024,0.716,113.2432,1.15,109.61,110.99,109.61,down,110.95,2026-09-21T11:11:11,1.04736,109.799999237061,339.465,2026-09-21 19:44:12,2026-09-21 15:45:04
AAPL,AAPL270115C00235000,AAPL,2027-01-15,C,235.0,107.1,396.0,108.75,10.0,0.3182,381.0,0.0,0.972,0.0009,0.1249,-0.0048,0.7279,108.4198,0.0,0.0,0.0,0.0,up,104.81,2026-09-18T09:56:20,0.0,105.399997711182,339.465,2026-09-21 19:44:12,2026-09-21 15:45:04
AAPL,AAPL270115C00240000,AAPL,2027-01-15,C,240.0,102.15,514.0,103.8,1.0,0.2988,9177.0,2.0,0.9678,0.001,0.1402,-0.0073,0.7391,103.6112,2.4,102.8,103.0,102.8,up,103.0,2026-09-21T12:36:38,2.38569,100.599998474121,339.465,2026-09-21 19:44:12,2026-09-21 15:45:04
AAPL,AAPL270115C00245000,AAPL,2027-01-15,C,245.0,97.4,486.0,99.25,8.0,0.3162,3312.0,0.0,0.9631,0.0012,0.1569,-0.01,0.7496,98.8196,0.0,0.0,0.0,0.0,down,95.46,2026-09-18T15:41:20,0.0,95.5499992370606,339.465,2026-09-21 19:44:12,2026-09-21 15:45:04
AAPL,AAPL270115C00250000,AAPL,2027-01-15,C,250.0,93.45,331.0,94.5,55.0,0.3423,22616.0,17.0,0.9576,0.0014,0.1758,-0.0128,0.7592,94.0484,2.225,91.95,93.4,91.58,up,93.4,2026-09-21T15:27:43,2.44036,91.1749992370606,339.465,2026-09-21 19:44:12,2026-09-21 15:45:04
AAPL,AAPL270115C00255000,AAPL,2027-01-15,C,255.0,88.7,395.0,89.6,13.0,0.3303,5377.0,25.0,0.9513,0.0015,0.1966,-0.0158,0.7678,89.3018,1.125,88.81,88.92,88.05,down,88.05,2026-09-21T15:24:40,1.29422,86.9249992370606,339.465,2026-09-21 19:44:12,2026-09-21 15:45:04
AAPL,AAPL270115C00260000,AAPL,2027-01-15,C,260.0,83.4,519.0,85.5,272.0,0.3242,10209.0,55.0,0.944,0.0018,0.2194,-0.019,0.7753,84.5846,1.95,80.2,84.24,80.2,no_change,83.7,2026-09-21T15:06:41,2.38532,81.75,339.465,2026-09-21 19:44:12,2026-09-21 15:45:04
AAPL,AAPL270115C00265000,AAPL,2027-01-15,C,265.0,78.5,470.0,80.0,1.0,0.2925,2667.0,0.0,0.9356,0.002,0.245,-0.0224,0.7813,79.903,0.0,0.0,0.0,0.0,up,77.05,2026-09-18T15:25:54,0.0,77.2249984741211,339.465,2026-09-21 19:44:12,2026-09-21 15:45:04
AAPL,AAPL270115C00270000,AAPL,2027-01-15,C,270.0,74.7,281.0,75.6,44.0,0.3114,9477.0,67.0,0.9258,0.0023,0.2728,-0.0261,0.7856,75.2645,2.385,71.81,75.16,71.81,up,75.16,2026-09-21T15:28:22,3.27722,72.7750015258789,339.465,2026-09-21 19:44:12,2026-09-21 15:45:04
AAPL,AAPL270115C00275000,AAPL,2027-01-15,C,275.0,69.25,560.0,71.0,12.0,0.2891,1382.0,13.0,0.9145,0.0026,0.3035,-0.03,0.7882,70.6772,1.485,66.25,69.63,65.92,down,69.61,2026-09-21T12:26:26,2.17982,68.125,339.465,2026-09-21 19:44:12,2026-09-21 15:45:04
AAPL,AAPL270115C00280000,AAPL,2027-01-15,C,280.0,65.1,477.0,66.45,26.0,0.2906,31723.0,60.0,0.9014,0.003,0.3369,-0.0341,0.7885,66.1513,3.0,61.95,66.0,61.62,up,66.0,2026-09-21T15:24:07,4.7619,63.0,339.465,2026-09-21 19:44:12,2026-09-21 15:45:04
AAPL,AAPL270115C00285000,AAPL,2027-01-15,C,285.0,60.65,484.0,62.3,194.0,0.2901,3178.0,3.0,0.8864,0.0034,0.3726,-0.0384,0.7866,61.6974,0.85,58.66,60.0,58.66,up,60.0,2026-09-21T10:34:17,1.43703,59.1499996185303,339.465,2026-09-21 19:44:12,2026-09-21 15:45:04
AAPL,AAPL270115C00290000,AAPL,2027-01-15,C,290.0,56.15,434.0,57.95,216.0,0.2836,10658.0,156.0,0.8692,0.0038,0.4111,-0.043,0.7816,57.3278,2.125,52.4,56.9,52.4,up,56.8,2026-09-21T13:14:28,3.8866,54.6750011444092,339.465,2026-09-21 19:44:12,2026-09-21 15:45:04
AAPL,AAPL270115C00295000,AAPL,2027-01-15,C,295.0,51.95,516.0,53.3,59.0,0.2753,8065.0,91.0,0.8496,0.0043,0.4508,-0.0476,0.7741,53.0555,2.425,51.55,53.05,50.44,up,53.05,2026-09-21T15:29:09,4.79012,50.625,339.465,2026-09-21 19:44:12,2026-09-21 15:45:04
AAPL,AAPL270115C00300000,AAPL,2027-01-15,C,300.0,48.1,395.0,49.0,3.0,0.2731,64995.0,216.0,0.8276,0.0047,0.4926,-0.0523,0.763,48.8938,2.43,43.6,48.63,43.6,up,48.63,2026-09-21T15:21:42,5.25974,46.2000007629394,339.465,2026-09-21 19:44:12,2026-09-21 15:45:04
AAPL,AAPL270115C00305000,AAPL,2027-01-15,C,305.0,43.7,574.0,45.0,1.0,0.2659,5184.0,9.0,0.803,0.0052,0.5341,-0.0569,0.749,44.8574,1.62,42.86,44.35,42.0,down,44.02,2026-09-21T15:05:52,3.82076,42.3999996185303,339.465,2026-09-21 19:44:12,2026-09-21 15:45:04
AAPL,AAPL270115C00310000,AAPL,2027-01-15,C,310.0,39.95,458.0,41.5,180.0,0.2672,27849.0,111.0,0.7757,0.0057,0.5759,-0.0614,0.7311,40.9599,1.55,36.62,40.6,36.62,down,40.2,2026-09-21T15:05:47,4.01035,38.6499996185303,339.465,2026-09-21 19:44:12,2026-09-21 15:45:04
AAPL,AAPL270115C00315000,AAPL,2027-01-15,C,315.0,36.85,279.0,37.4,38.0,0.2658,13967.0,19.0,0.7458,0.0062,0.6155,-0.0657,0.7103,37.2157,2.1,33.3,37.1,33.0,up,37.1,2026-09-21T15:28:21,6.0,35.0,339.465,2026-09-21 19:44:12,2026-09-21 15:45:04
AAPL,AAPL270115C00320000,AAPL,2027-01-15,C,320.0,33.3,311.0,33.85,81.0,0.2626,37107.0,143.0,0.7134,0.0067,0.6531,-0.0696,0.6855,33.6379,2.125,30.5,33.5,30.0,up,33.5,2026-09-21T15:28:21,6.77291,31.375,339.465,2026-09-21 19:44:12,2026-09-21 15:45:04
AAPL,AAPL270115C00325000,AAPL,2027-01-15,C,325.0,29.65,553.0,30.4,45.0,0.257,8643.0,105.0,0.6787,0.0072,0.6864,-0.0729,0.6581,30.2388,1.445,26.0,29.9,26.0,no_change,29.77,2026-09-21T14:38:03,5.1015,28.3249998092651,339.465,2026-09-21 19:44:12,2026-09-21 15:45:04
AAPL,AAPL270115C00330000,AAPL,2027-01-15,C,330.0,26.5,601.0,27.0,3.0,0.253,22057.0,167.0,0.6418,0.0076,0.7152,-0.0757,0.6271,27.0303,1.455,24.4,26.75,23.26,up,26.58,2026-09-21T14:55:33,5.79104,25.125,339.465,2026-09-21 19:44:12,2026-09-21 15:45:04
AAPL,AAPL270115C00335000,AAPL,2027-01-15,C,335.0,23.5,563.0,24.25,279.0,0.252,7168.0,319.0,0.6032,0.0079,0.7377,-0.0777,0.594,24.0207,0.9,22.02,23.7,20.4,down,23.1,2026-09-21T15:14:18,4.05405,22.1999998092651,339.465,2026-09-21 19:44:12,2026-09-21 15:45:04
AAPL,AAPL270115C00340000,AAPL,2027-01-15,C,340.0,20.75,596.0,21.4,183.0,0.2493,10238.0,639.0,0.5632,0.0082,0.7536,-0.079,0.5583,21.2196,1.46,19.15,21.01,17.8,up,21.01,2026-09-21T15:25:58,7.46803,19.5500001907349,339.465,2026-09-21 19:44:12,2026-09-21 15:45:04
AAPL,AAPL270115C00345000,AAPL,2027-01-15,C,345.0,18.25,650.0,18.7,46.0,0.2466,6631.0,103.0,0.5224,0.0083,0.7619,-0.0794,0.5209,18.6306,1.2,16.77,18.35,15.87,no_change,18.3,2026-09-21T14:54:56,7.01754,17.1000003814697,339.465,2026-09-21 19:44:12,2026-09-21 15:45:04
AAPL,AAPL270115C00350000,AAPL,2027-01-15,C,350.0,16.0,729.0,16.4,525.0,0.2456,55082.0,762.0,0.481,0.0084,0.7624,-0.079,0.4827,16.2586,1.275,13.79,16.15,13.35,no_change,16.15,2026-09-21T15:28:21,8.57143,14.875,339.465,2026-09-21 19:44:12,2026-09-21 15:45:04
AAPL,AAPL270115C00355000,AAPL,2027-01-15,C,355.0,13.85,644.0,14.25,439.0,0.2436,13339.0,317.0,0.4398,0.0084,0.7548,-0.0777,0.4432,14.1027,0.99,11.85,13.9,11.65,down,13.84,2026-09-21T15:14:51,7.70428,12.8499999046326,339.465,2026-09-21 19:44:12,2026-09-21 15:45:04
AAPL,AAPL270115C00360000,AAPL,2027-01-15,C,360.0,11.85,426.0,12.2,29.0,0.2406,25506.0,481.0,0.3993,0.0083,0.7398,-0.0757,0.4046,12.1608,1.0,10.75,12.05,9.76,up,12.05,2026-09-21T15:29:00,9.04978,11.0499997138977,339.465,2026-09-21 19:44:12,2026-09-21 15:45:04
AAPL,AAPL270115C00365000,AAPL,2027-01-15,C,365.0,10.2,720.0,10.55,443.0,0.24,5317.0,180.0,0.3599,0.0081,0.7172,-0.0729,0.3658,10.4274,0.825,8.3,10.32,8.3,down,10.3,2026-09-21T15:29:00,8.70712,9.47500038146973,339.465,2026-09-21 19:44:12,2026-09-21 15:45:04
AAPL,AAPL270115C00370000,AAPL,2027-01-15,C,370.0,8.6,579.0,8.95,101.0,0.2376,10172.0,165.0,0.3221,0.0078,0.6886,-0.0696,0.3288,8.8929,0.775,7.15,8.85,7.15,up,8.85,2026-09-21T15:28:29,9.59753,8.07499980926514,339.465,2026-09-21 19:44:12,2026-09-21 15:45:04
AAPL,AAPL270115C00375000,AAPL,2027-01-15,C,375.0,7.3,409.0,7.6,68.0,0.2367,3445.0,351.0,0.2864,0.0074,0.6544,-0.0657,0.2932,7.5473,0.4,6.1,7.39,6.1,down,7.3,2026-09-21T15:08:30,5.7971,6.90000009536743,339.465,2026-09-21 19:44:12,2026-09-21 15:45:04
AAPL,AAPL270115C00380000,AAPL,2027-01-15,C,380.0,6.1,723.0,6.4,1.0,0.2352,11029.0,712.0,0.2529,0.007,0.6162,-0.0615,0.2596,6.3754,0.565,5.45,6.34,4.9,up,6.34,2026-09-21T15:29:08,9.78355,5.77500009536743,339.465,2026-09-21 19:44:12,2026-09-21 15:45:04
AAPL,AAPL270115C00385000,AAPL,2027-01-15,C,385.0,5.15,257.0,5.4,24.0,0.2349,8241.0,137.0,0.2221,0.0065,0.5751,-0.0571,0.2286,5.3636,0.45,4.52,5.29,4.52,no_change,5.25,2026-09-21T14:56:33,9.375,4.79999995231628,339.465,2026-09-21 19:44:12,2026-09-21 15:45:04
AAPL,AAPL270115C00390000,AAPL,2027-01-15,C,390.0,4.3,361.0,4.55,94.0,0.2346,5763.0,177.0,0.1939,0.006,0.5319,-0.0526,0.1997,4.4951,0.335,4.15,4.43,4.07,down,4.41,2026-09-21T14:58:06,8.22086,4.07500004768372,339.465,2026-09-21 19:44:12,2026-09-21 15:45:04
AAPL,AAPL270115C00395000,AAPL,2027-01-15,C,395.0,3.55,535.0,3.8,64.0,0.2339,1564.0,36.0,0.1684,0.0056,0.4885,-0.048,0.174,3.7547,0.265,2.97,3.71,2.97,no_change,3.69,2026-09-21T14:53:25,7.73723,3.42499995231628,339.465,2026-09-21 19:44:12,2026-09-21 15:45:04
AAPL,AAPL270115C00400000,AAPL,2027-01-15,C,400.0,3.0,444.0,3.15,87.0,0.2342,9697.0,1131.0,0.1455,0.005,0.4448,-0.0435,0.1503,3.1269,0.28,2.42,3.11,2.35,up,3.1,2026-09-21T15:24:55,9.92908,2.8199999332428,339.465,2026-09-21 19:44:12,2026-09-21 15:45:04
AAPL,AAPL270115C00410000,AAPL,2027-01-15,C,410.0,2.03,446.0,2.19,175.0,0.2342,3607.0,244.0,0.1073,0.0041,0.362,-0.0351,0.1111,2.1529,0.215,1.92,2.15,1.8,down,2.13,2026-09-21T14:55:03,11.2272,1.91500002145767,339.465,2026-09-21 19:44:12,2026-09-21 15:45:04
AAPL,AAPL270115C00420000,AAPL,2027-01-15,C,420.0,1.4,454.0,1.5,115.0,0.2352,3373.0,56.0,0.0781,0.0032,0.2881,-0.0277,0.0809,1.4721,0.185,1.14,1.47,1.14,no_change,1.46,2026-09-21T14:56:10,14.5098,1.27500003576279,339.465,2026-09-21 19:44:12,2026-09-21 15:45:04
AAPL,AAPL270115C00430000,AAPL,2027-01-15,C,430.0,0.97,453.0,1.03,25.0,0.2369,4654.0,79.0,0.0563,0.0025,0.2253,-0.0215,0.0583,1.0036,0.08,0.87,1.01,0.83,down,0.97,2026-09-21T15:07:17,8.98877,0.889999985694885,339.465,2026-09-21 19:44:12,2026-09-21 15:45:04
AAPL,AAPL270115C00440000,AAPL,2027-01-15,C,440.0,0.65,408.0,0.71,148.0,0.2382,4290.0,294.0,0.0404,0.0019,0.1741,-0.0165,0.0418,0.6856,0.11,0.53,0.71,0.52,up,0.71,2026-09-21T15:22:35,18.3333,0.599999994039536,339.465,2026-09-21 19:44:12,2026-09-21 15:45:04
AAPL,AAPL270115C00450000,AAPL,2027-01-15,C,450.0,0.42,496.0,0.49,153.0,0.2392,16173.0,2487.0,0.029,0.0014,0.1337,-0.0126,0.03,0.472,0.02,0.35,0.44,0.35,no_change,0.44,2026-09-21T13:59:18,4.7619,0.420000001788139,339.465,2026-09-21 19:44:12,2026-09-21 15:45:04
AAPL,AAPL270115C00460000,AAPL,2027-01-15,C,460.0,0.27,422.0,0.45,559.0,0.2464,451.0,2.0,0.021,0.0011,0.1025,-0.0097,0.0217,0.3294,-0.015,0.28,0.28,0.27,down,0.27,2026-09-21T14:04:05,-5.26316,0.285000003874302,339.465,2026-09-21 19:44:12,2026-09-21 15:45:04
AAPL,AAPL270115C00470000,AAPL,2027-01-15,C,470.0,0.1,623.0,0.25,173.0,0.2373,443.0,1.0,0.0154,0.0008,0.0791,-0.0075,0.0158,0.2345,-0.025,0.16,0.16,0.16,down,0.16,2026-09-21T10:43:59,-13.5135,0.184999994933605,339.465,2026-09-21 19:44:12,2026-09-21 15:45:04
AAPL,AAPL270115C00480000,AAPL,2027-01-15,C,480.0,0.05,752.0,0.21,402.0,0.2425,8867.0,1.0,0.0114,0.0006,0.0614,-0.0058,0.0117,0.1697,-0.02,0.15,0.15,0.15,no_change,0.15,2026-09-21T10:04:53,-11.7647,0.169999998062849,339.465,2026-09-21 19:44:12,2026-09-21 15:45:04
AAPL,AAPL270115C00490000,AAPL,2027-01-15,C,490.0,0.01,618.0,0.15,254.0,0.2419,1000.0,2.0,0.0087,0.0005,0.0487,-0.0047,0.0089,0.1277,0.005,0.08,0.08,0.08,no_change,0.08,2026-09-21T15:07:17,6.66666,0.0750000029802322,339.465,2026-09-21 19:44:12,2026-09-21 15:45:04
AAPL,AAPL270115C00500000,AAPL,2027-01-15,C,500.0,0.08,1.0,0.1,148.0,0.2569,12605.0,304.0,0.0068,0.0004,0.0395,-0.0038,0.007,0.0992,0.005,0.07,0.1,0.07,no_change,0.09,2026-09-21T15:14:25,5.88235,0.0850000008940697,339.465,2026-09-21 19:44:12,2026-09-21 15:45:04
AAPL,AAPL270115C00510000,AAPL,2027-01-15,C,510.0,0.0,0.0,0.12,262.0,0.2578,197.0,1.0,0.0054,0.0003,0.0324,-0.0032,0.0056,0.0788,0.0,0.08,0.08,0.08,up,0.08,2026-09-21T14:04:05,-3.58559e-06,0.0800000028684735,339.465,2026-09-21 19:44:12,2026-09-21 15:45:04
AAPL,AAPL270115C00520000,AAPL,2027-01-15,C,520.0,0.01,229.0,0.13,424.0,0.2731,4640.0,0.0,0.0044,0.0002,0.0271,-0.0027,0.0045,0.0641,0.0,0.0,0.0,0.0,no_change,0.06,2026-09-15T10:03:14,0.0,0.144999995827675,339.465,2026-09-21 19:44:12,2026-09-21 15:45:04
AAPL,AAPL270115C00530000,AAPL,2027-01-15,C,530.0,0.03,722.0,0.06,7.0,0.2722,5209.0,4.0,0.0037,0.0002,0.023,-0.0023,0.0037,0.0534,-0.015,0.05,0.05,0.04,up,0.05,2026-09-21T12:10:04,-23.0769,0.0650000004097819,339.465,2026-09-21 19:44:12,2026-09-21 15:45:04
AAPL,AAPL270115C00540000,AAPL,2027-01-15,C,540.0,0.0,0.0,0.05,4.0,0.2682,732.0,0.0,0.0031,0.0002,0.0197,-0.002,0.0032,0.0452,0.0,0.0,0.0,0.0,down,0.08,2026-09-04T11:25:28,0.0,0.0900000035762787,339.465,2026-09-21 19:44:12,2026-09-21 15:45:04
AAPL,AAPL270115C00550000,AAPL,2027-01-15,C,550.0,0.02,2.0,0.05,1.0,0.2863,11839.0,2.0,0.0026,0.0001,0.0172,-0.0018,0.0027,0.0388,-0.005,0.04,0.04,0.03,down,0.03,2026-09-21T14:43:23,-14.2857,0.034999999217689,339.465,2026-09-21 19:44:12,2026-09-21 15:45:04
AAPL,AAPL270115C00560000,AAPL,2027-01-15,C,560.0,0.01,2.0,0.18,394.0,0.326,42.0,2.0,0.0023,0.0001,0.015,-0.0016,0.0023,0.0335,0.005,0.08,0.08,0.04,down,0.04,2026-09-21T10:37:41,14.2857,0.034999999217689,339.465,2026-09-21 19:44:12,2026-09-21 15:45:04
AAPL,AAPL270115C00570000,AAPL,2027-01-15,C,570.0,0.01,4.0,0.05,12.0,0.3015,63.0,6.0,0.002,0.0001,0.0132,-0.0014,0.002,0.0295,0.0,0.05,0.05,0.03,no_change,0.03,2026-09-21T12:10:37,-8.69234e-07,0.0300000002607703,339.465,2026-09-21 19:44:12,2026-09-21 15:45:04
AAPL,AAPL270115C00580000,AAPL,2027-01-15,C,580.0,0.0,0.0,0.19,10.0,0.3461,127.0,0.0,0.0018,0.0001,0.0118,-0.0013,0.0018,0.0261,0.0,0.0,0.0,0.0,no_change,0.1,2026-09-04T09:46:54,0.0,0.0949999988079071,339.465,2026-09-21 19:44:12,2026-09-21 15:45:04
AAPL,AAPL270115C00590000,AAPL,2027-01-15,C,590.0,0.01,52.0,0.17,450.0,0.354,127.0,4.0,0.0015,0.0001,0.0105,-0.0012,0.0016,0.0232,0.0,0.09,0.09,0.03,down,0.05,2026-09-21T12:11:04,-3.35276e-06,0.0500000016763806,339.465,2026-09-21 19:44:12,2026-09-21 15:45:04
AAPL,AAPL270115C00600000,AAPL,2027-01-15,C,600.0,0.02,1.0,0.03,22.0,0.3238,13398.0,8.0,0.0014,0.0001,0.0094,-0.0011,0.0014,0.0207,0.01,0.02,0.03,0.02,up,0.03,2026-09-21T13:08:04,50.0,0.0199999995529652,339.465,2026-09-21 19:44:12,2026-09-21 15:45:04
AAPL,AAPL270115P00005000,AAPL,2027-01-15,P,5.0,0.0,0.0,0.01,1000.0,2.2722,1699.0,0.0,0.0,0.0,0.0,0.0,0.0,0.0002,0.0,0.0,0.0,0.0,no_change,0.01,2026-09-04T09:30:00,0.0,0.00499999988824129,339.465,2026-09-21 19:44:12,2026-09-21 15:45:04
AAPL,AAPL270115P00010000,AAPL,2027-01-15,P,10.0,0.0,0.0,0.04,30.0,2.0832,143.0,0.0,0.0,0.0,0.0,0.0,0.0,0.0004,0.0,0.0,0.0,0.0,up,0.2,2026-08-05T09:30:02,0.0,0.00499999988824129,339.465,2026-09-21 19:44:12,2026-09-21 15:45:04
AAPL,AAPL270115P00015000,AAPL,2027-01-15,P,15.0,0.0,0.0,0.05,1.0,1.8619,90.0,0.0,0.0,0.0,0.0001,0.0,0.0,0.0007,0.0,0.0,0.0,0.0,up,0.09,2026-08-05T09:38:00,0.0,0.00499999988824129,339.465,2026-09-21 19:44:12,2026-09-21 15:45:04
AAPL,AAPL270115P00020000,AAPL,2027-01-15,P,20.0,0.0,0.0,0.01,1.0,1.4851,3434.0,0.0,0.0,0.0,0.0001,-0.0001,0.0,0.001,0.0,0.0,0.0,0.0,no_change,0.27,2026-08-05T09:30:48,0.0,0.00499999988824129,339.465,2026-09-21 19:44:12,2026-09-21 15:45:04
AAPL,AAPL270115P00025000,AAPL,2027-01-15,P,25.0,0.0,0.0,0.02,15.0,1.4347,3415.0,0.0,0.0,0.0,0.0002,-0.0001,0.0,0.0014,0.0,0.0,0.0,0.0,no_change,0.01,2026-06-23T15:57:01,0.0,0.00999999977648258,339.465,2026-09-21 19:44:12,2026-09-21 15:45:04
AAPL,AAPL270115P00030000,AAPL,2027-01-15,P,30.0,0.0,0.0,0.52,194.0,1.8189,46.0,0.0,0.0,0.0,0.0003,-0.0001,0.0,0.0019,0.0,0.0,0.0,0.0,up,0.03,2025-11-07T11:25:28,0.0,0.259999990463257,339.465,2026-09-21 19:44:12,2026-09-21 15:45:04
AAPL,AAPL270115P00035000,AAPL,2027-01-15,P,35.0,0.0,0.0,0.52,194.0,1.6987,128.0,0.0,0.0,0.0,0.0004,-0.0002,-0.0001,0.0025,0.0,0.0,0.0,0.0,no_change,0.02,2026-04-09T11:36:12,0.0,0.259999990463257,339.465,2026-09-21 19:44:12,2026-09-21 15:45:04
AAPL,AAPL270115P00040000,AAPL,2027-01-15,P,40.0,0.0,0.0,0.01,1.0,1.1155,1024.0,0.0,-0.0001,0.0,0.0005,-0.0002,-0.0001,0.0032,0.0,0.0,0.0,0.0,no_change,0.02,2026-09-11T15:34:48,0.0,0.00499999988824129,339.465,2026-09-21 19:44:12,2026-09-21 15:45:04
AAPL,AAPL270115P00045000,AAPL,2027-01-15,P,45.0,0.0,0.0,0.52,194.0,1.5066,80.0,0.0,-0.0001,0.0,0.0006,-0.0002,-0.0001,0.004,0.0,0.0,0.0,0.0,down,0.05,2026-08-11T09:30:01,0.0,0.259999990463257,339.465,2026-09-21 19:44:12,2026-09-21 15:45:04
AAPL,AAPL270115P00050000,AAPL,2027-01-15,P,50.0,0.0,0.0,0.02,17.0,1.0498,2799.0,0.0,-0.0001,0.0,0.0008,-0.0003,-0.0001,0.0048,0.0,0.0,0.0,0.0,down,0.01,2026-09-10T10:09:58,0.0,0.0799999982118606,339.465,2026-09-21 19:44:12,2026-09-21 15:45:04
AAPL,AAPL270115P00060000,AAPL,2027-01-15,P,60.0,0.0,0.0,0.02,1.0,0.9506,1242.0,1.0,-0.0001,0.0,0.0011,-0.0004,-0.0002,0.007,0.01,0.02,0.02,0.02,no_change,0.02,2026-09-21T09:35:57,100.0,0.00999999977648258,339.465,2026-09-21 19:44:12,2026-09-21 15:45:04
AAPL,AAPL270115P00070000,AAPL,2027-01-15,P,70.0,0.0,0.0,0.18,193.0,1.0482,189.0,0.0,-0.0002,0.0,0.0016,-0.0006,-0.0003,0.0097,0.0,0.0,0.0,0.0,down,0.03,2026-08-21T15:43:15,0.0,0.00499999988824129,339.465,2026-09-21 19:44:12,2026-09-21 15:45:04
AAPL,AAPL270115P00080000,AAPL,2027-01-15,P,80.0,0.0,0.0,0.01,8.0,0.757,871.0,3.0,-0.0003,0.0,0.0023,-0.0007,-0.0004,0.0132,-0.005,0.01,0.01,0.01,no_change,0.01,2026-09-21T14:40:47,-33.3333,0.0149999996647239,339.465,2026-09-21 19:44:12,2026-09-21 15:45:04
AAPL,AAPL270115P00085000,AAPL,2027-01-15,P,85.0,0.0,0.0,0.1,10.0,0.8716,361.0,0.0,-0.0004,0.0,0.0026,-0.0008,-0.0004,0.0152,0.0,0.0,0.0,0.0,up,0.1,2026-09-17T14:25:29,0.0,0.0500000007450581,339.465,2026-09-21 19:44:12,2026-09-21 15:45:04
AAPL,AAPL270115P00090000,AAPL,2027-01-15,P,90.0,0.0,0.0,0.05,116.0,0.7873,1757.0,9.0,-0.0004,0.0,0.0031,-0.0009,-0.0005,0.0175,-0.03,0.01,0.02,0.01,up,0.02,2026-09-21T15:10:22,-60.0,0.0500000007450581,339.465,2026-09-21 19:44:12,2026-09-21 15:45:04
AAPL,AAPL270115P00095000,AAPL,2027-01-15,P,95.0,0.0,0.0,0.1,10.0,0.804,929.0,0.0,-0.0005,0.0,0.0036,-0.001,-0.0006,0.02,0.0,0.0,0.0,0.0,no_change,0.09,2026-09-11T12:53:10,0.0,0.0500000007450581,339.465,2026-09-21 19:44:12,2026-09-21 15:45:04
AAPL,AAPL270115P00100000,AAPL,2027-01-15,P,100.0,0.01,10.0,0.03,29.0,0.7138,3197.0,20.0,-0.0006,0.0,0.0041,-0.0012,-0.0007,0.0229,0.0,0.03,0.03,0.03,up,0.03,2026-09-21T10:08:59,-8.69234e-07,0.0300000002607703,339.465,2026-09-21 19:44:12,2026-09-21 15:45:04
AAPL,AAPL270115P00105000,AAPL,2027-01-15,P,105.0,0.01,1.0,0.12,286.0,0.7619,1535.0,8.0,-0.0007,0.0,0.0047,-0.0013,-0.0008,0.0261,-0.01,0.08,0.08,0.03,no_change,0.03,2026-09-21T14:12:52,-25.0,0.0400000000372529,339.465,2026-09-21 19:44:12,2026-09-21 15:45:04
AAPL,AAPL270115P00110000,AAPL,2027-01-15,P,110.0,0.0,0.0,0.21,590.0,0.7696,793.0,0.0,-0.0008,0.0,0.0054,-0.0014,-0.0009,0.0296,0.0,0.0,0.0,0.0,down,0.01,2026-09-17T14:18:12,0.0,0.0649999976158142,339.465,2026-09-21 19:44:12,2026-09-21 15:45:04
AAPL,AAPL270115P00115000,AAPL,2027-01-15,P,115.0,0.01,40.0,0.11,279.0,0.7004,790.0,2.0,-0.0009,0.0,0.0061,-0.0016,-0.0011,0.0337,0.015,0.11,0.11,0.06,down,0.06,2026-09-21T14:12:42,33.3333,0.0449999989941716,339.465,2026-09-21 19:44:12,2026-09-21 15:45:04
AAPL,AAPL270115P00120000,AAPL,2027-01-15,P,120.0,0.0,0.0,0.07,60.0,0.6416,3109.0,1.0,-0.0011,0.0,0.007,-0.0018,-0.0012,0.0382,-0.01,0.04,0.04,0.04,up,0.04,2026-09-21T10:12:19,-20.0,0.0500000007450581,339.465,2026-09-21 19:44:12,2026-09-21 15:45:04
AAPL,AAPL270115P00125000,AAPL,2027-01-15,P,125.0,0.01,1.0,0.06,16.0,0.6177,850.0,3.0,-0.0012,0.0,0.008,-0.002,-0.0014,0.0433,-0.02,0.12,0.12,0.04,down,0.04,2026-09-21T10:36:33,-33.3333,0.0599999995902181,339.465,2026-09-21 19:44:12,2026-09-21 15:45:04
AAPL,AAPL270115P00130000,AAPL,2027-01-15,P,130.0,0.0,0.0,0.1,245.0,0.6143,4941.0,18.0,-0.0014,0.0,0.0091,-0.0022,-0.0016,0.049,-0.09,0.04,0.04,0.03,no_change,0.03,2026-09-21T14:54:20,-75.0,0.119999997317791,339.465,2026-09-21 19:44:12,2026-09-21 15:45:04
AAPL,AAPL270115P00135000,AAPL,2027-01-15,P,135.0,0.01,1.0,0.11,331.0,0.6022,1584.0,14.0,-0.0016,0.0,0.0103,-0.0024,-0.0018,0.0554,-0.01,0.11,0.11,0.04,no_change,0.05,2026-09-21T14:44:09,-16.6667,0.0599999995902181,339.465,2026-09-21 19:44:12,2026-09-21 15:45:04
AAPL,AAPL270115P00140000,AAPL,2027-01-15,P,140.0,0.02,2.0,0.15,374.0,0.6005,2120.0,2.0,-0.0019,0.0,0.0117,-0.0027,-0.0021,0.0625,-0.01,0.06,0.06,0.06,no_change,0.06,2026-09-21T09:37:22,-14.2857,0.0700000002980232,339.465,2026-09-21 19:44:12,2026-09-21 15:45:04
AAPL,AAPL270115P00145000,AAPL,2027-01-15,P,145.0,0.0,0.0,0.11,114.0,0.5538,8856.0,0.0,-0.0022,0.0001,0.0133,-0.003,-0.0024,0.0706,0.0,0.0,0.0,0.0,up,0.07,2026-09-18T11:20:18,0.0,0.0599999986588955,339.465,2026-09-21 19:44:12,2026-09-21 15:45:04
AAPL,AAPL270115P00150000,AAPL,2027-01-15,P,150.0,0.03,1.0,0.1,13.0,0.542,5233.0,0.0,-0.0025,0.0001,0.015,-0.0033,-0.0028,0.0798,0.0,0.0,0.0,0.0,no_change,0.07,2026-09-16T10:21:44,0.0,0.0699999975040555,339.465,2026-09-21 19:44:12,2026-09-21 15:45:04
AAPL,AAPL270115P00155000,AAPL,2027-01-15,P,155.0,0.01,171.0,0.14,102.0,0.5294,1240.0,0.0,-0.0028,0.0001,0.0169,-0.0036,-0.0032,0.0902,0.0,0.0,0.0,0.0,up,0.14,2026-09-10T13:23:29,0.0,0.0750000001862645,339.465,2026-09-21 19:44:12,2026-09-21 15:45:04
AAPL,AAPL270115P00160000,AAPL,2027-01-15,P,160.0,0.05,75.0,0.15,191.0,0.5251,5217.0,31.0,-0.0032,0.0001,0.0192,-0.004,-0.0036,0.102,-0.035,0.07,0.07,0.07,no_change,0.07,2026-09-21T12:00:59,-33.3333,0.10499999858439,339.465,2026-09-21 19:44:12,2026-09-21 15:45:04
AAPL,AAPL270115P00165000,AAPL,2027-01-15,P,165.0,0.05,276.0,0.17,302.0,0.5106,3799.0,5.0,-0.0037,0.0001,0.0219,-0.0044,-0.0042,0.1156,-0.015,0.1,0.1,0.1,no_change,0.1,2026-09-21T11:48:01,-13.0435,0.115000003948808,339.465,2026-09-21 19:44:12,2026-09-21 15:45:04
AAPL,AAPL270115P00170000,AAPL,2027-01-15,P,170.0,0.04,360.0,0.19,280.0,0.4937,7679.0,0.0,-0.0043,0.0001,0.0247,-0.0049,-0.0048,0.1316,0.0,0.0,0.0,0.0,no_change,0.12,2026-09-18T15:32:55,0.0,0.125000001862645,339.465,2026-09-21 19:44:12,2026-09-21 15:45:04
AAPL,AAPL270115P00175000,AAPL,2027-01-15,P,175.0,0.06,371.0,0.22,394.0,0.4854,3628.0,1.0,-0.0049,0.0001,0.0279,-0.0055,-0.0055,0.15,-0.025,0.13,0.13,0.13,up,0.13,2026-09-21T14:20:03,-16.129,0.154999997466803,339.465,2026-09-21 19:44:12,2026-09-21 15:45:04
AAPL,AAPL270115P00180000,AAPL,2027-01-15,P,180.0,0.1,330.0,0.2,386.0,0.4705,9084.0,9.0,-0.0057,0.0002,0.0318,-0.0061,-0.0064,0.1713,-0.005,0.16,0.16,0.15,up,0.16,2026-09-21T13:06:11,-3.0303,0.16499999910593,339.465,2026-09-21 19:44:12,2026-09-21 15:45:04
AAPL,AAPL270115P00185000,AAPL,2027-01-15,P,185.0,0.12,318.0,0.24,329.0,0.4621,5487.0,2.0,-0.0066,0.0002,0.0363,-0.0068,-0.0074,0.1964,0.0,0.19,0.2,0.19,up,0.2,2026-09-21T13:06:17,2.23517e-06,0.199999995529652,339.465,2026-09-21 19:44:12,2026-09-21 15:45:04
AAPL,AAPL270115P00190000,AAPL,2027-01-15,P,190.0,0.16,299.0,0.28,542.0,0.455,7338.0,3.0,-0.0076,0.0002,0.0411,-0.0075,-0.0085,0.2258,-0.03,0.23,0.23,0.21,down,0.21,2026-09-21T14:13:23,-12.5,0.240000002086163,339.465,2026-09-21 19:44:12,2026-09-21 15:45:04
AAPL,AAPL270115P00195000,AAPL,2027-01-15,P,195.0,0.18,245.0,0.3,324.0,0.4415,5714.0,1.0,-0.0088,0.0003,0.0468,-0.0084,-0.0098,0.2603,-0.01,0.25,0.25,0.25,down,0.25,2026-09-21T13:06:35,-3.84615,0.259999997913837,339.465,2026-09-21 19:44:12,2026-09-21 15:45:04
AAPL,AAPL270115P00200000,AAPL,2027-01-15,P,200.0,0.28,5.0,0.31,5.0,0.4354,21277.0,3.0,-0.0102,0.0003,0.0536,-0.0094,-0.0114,0.2998,-0.01,0.3,0.3,0.3,no_change,0.3,2026-09-21T15:14:26,-3.22581,0.310000002384186,339.465,2026-09-21 19:44:12,2026-09-21 15:45:04
AAPL,AAPL270115P00205000,AAPL,2027-01-15,P,205.0,0.28,130.0,0.38,230.0,0.424,195.0,1.0,-0.0118,0.0004,0.0607,-0.0104,-0.0132,0.3458,-0.125,0.29,0.29,0.29,down,0.29,2026-09-21T13:06:11,-30.1205,0.415000006556511,339.465,2026-09-21 19:44:12,2026-09-21 15:45:04
AAPL,AAPL270115P00210000,AAPL,2027-01-15,P,210.0,0.38,61.0,0.43,490.0,0.4184,15866.0,36.0,-0.0137,0.0004,0.0686,-0.0116,-0.0152,0.3983,0.005,0.38,0.42,0.35,no_change,0.41,2026-09-21T15:07:42,1.23457,0.405000001192093,339.465,2026-09-21 19:44:12,2026-09-21 15:45:04
AAPL,AAPL270115P00215000,AAPL,2027-01-15,P,215.0,0.42,42.0,0.49,56.0,0.4076,563.0,1.0,-0.0158,0.0005,0.0781,-0.0129,-0.0176,0.4587,-0.06,0.42,0.42,0.42,down,0.42,2026-09-21T14:03:47,-12.5,0.480000004172325,339.465,2026-09-21 19:44:12,2026-09-21 15:45:04
AAPL,AAPL270115P00220000,AAPL,2027-01-15,P,220.0,0.5,121.0,0.56,553.0,0.3991,17142.0,172.0,-0.0183,0.0006,0.0884,-0.0143,-0.0204,0.5284,-0.015,0.51,0.55,0.47,up,0.55,2026-09-21T15:21:42,-2.65487,0.564999997615814,339.465,2026-09-21 19:44:12,2026-09-21 15:45:04
AAPL,AAPL270115P00225000,AAPL,2027-01-15,P,225.0,0.6,6.0,0.69,430.0,0.3938,1847.0,75.0,-0.0211,0.0007,0.0994,-0.0158,-0.0234,0.6074,-0.07,0.61,0.63,0.61,no_change,0.63,2026-09-21T14:58:21,-10.0,0.699999988079071,339.465,2026-09-21 19:44:12,2026-09-21 15:45:04
AAPL,AAPL270115P00230000,AAPL,2027-01-15,P,230.0,0.66,286.0,0.73,465.0,0.3808,25698.0,33.0,-0.0244,0.0008,0.1122,-0.0174,-0.027,0.6971,-0.03,0.69,0.71,0.65,no_change,0.71,2026-09-21T14:57:46,-4.05405,0.739999979734421,339.465,2026-09-21 19:44:12,2026-09-21 15:45:04
AAPL,AAPL270115P00235000,AAPL,2027-01-15,P,235.0,0.77,30.0,0.85,263.0,0.3729,1919.0,0.0,-0.0281,0.0009,0.1265,-0.0192,-0.0311,0.8001,0.0,0.0,0.0,0.0,down,0.87,2026-09-18T15:35:56,0.0,0.900000005960464,339.465,2026-09-21 19:44:12,2026-09-21 15:45:04
AAPL,AAPL270115P00240000,AAPL,2027-01-15,P,240.0,0.9,6.0,0.95,341.0,0.3639,59384.0,51.0,-0.0323,0.001,0.1413,-0.0211,-0.0356,0.9181,-0.05,0.85,0.94,0.85,no_change,0.93,2026-09-21T14:54:48,-5.10204,0.979999989271164,339.465,2026-09-21 19:44:12,2026-09-21 15:45:04
AAPL,AAPL270115P00245000,AAPL,2027-01-15,P,245.0,1.03,33.0,1.08,261.0,0.3551,4708.0,52.0,-0.0371,0.0012,0.1588,-0.0232,-0.0408,1.052,-0.06,1.18,1.18,0.96,no_change,1.07,2026-09-21T14:56:13,-5.30973,1.12999999523163,339.465,2026-09-21 19:44:12,2026-09-21 15:45:04
AAPL,AAPL270115P00250000,AAPL,2027-01-15,P,250.0,1.1,411.0,1.22,220.0,0.3436,25479.0,427.0,-0.0428,0.0014,0.1782,-0.0254,-0.047,1.2094,-0.09,1.31,1.37,1.1,down,1.21,2026-09-21T15:24:23,-6.92308,1.30000001192093,339.465,2026-09-21 19:44:12,2026-09-21 15:45:04
AAPL,AAPL270115P00255000,AAPL,2027-01-15,P,255.0,1.27,615.0,1.46,631.0,0.337,5422.0,99.0,-0.0492,0.0016,0.1985,-0.0278,-0.0539,1.3908,-0.1,1.35,1.41,1.28,up,1.41,2026-09-21T14:53:47,-6.62252,1.5100000500679,339.465,2026-09-21 19:44:12,2026-09-21 15:45:04
AAPL,AAPL270115P00260000,AAPL,2027-01-15,P,260.0,1.53,162.0,1.64,298.0,0.3301,12977.0,297.0,-0.0565,0.0018,0.2224,-0.0304,-0.0617,1.5964,-0.16,1.79,1.79,1.48,down,1.59,2026-09-21T15:02:12,-9.14286,1.75,339.465,2026-09-21 19:44:12,2026-09-21 15:45:04
AAPL,AAPL270115P00265000,AAPL,2027-01-15,P,265.0,1.79,52.0,1.9,341.0,0.3231,3870.0,139.0,-0.0651,0.0021,0.2472,-0.0333,-0.0708,1.8445,-0.17,2.09,2.13,1.75,up,1.9,2026-09-21T15:27:07,-8.21256,2.07000005245209,339.465,2026-09-21 19:44:12,2026-09-21 15:45:04
AAPL,AAPL270115P00270000,AAPL,2027-01-15,P,270.0,2.07,226.0,2.2,291.0,0.3158,17580.0,1051.0,-0.0751,0.0024,0.2756,-0.0364,-0.0814,2.1346,-0.205,2.5,2.5,2.05,no_change,2.17,2026-09-21T15:03:47,-8.63158,2.375,339.465,2026-09-21 19:44:12,2026-09-21 15:45:04
AAPL,AAPL270115P00275000,AAPL,2027-01-15,P,275.0,2.3,539.0,2.64,570.0,0.3082,6932.0,149.0,-0.0869,0.0027,0.3081,-0.0398,-0.0941,2.4857,-0.29,2.52,2.59,2.35,up,2.52,2026-09-21T14:51:24,-10.3203,2.80999994277954,339.465,2026-09-21 19:44:12,2026-09-21 15:45:04
AAPL,AAPL270115P00280000,AAPL,2027-01-15,P,280.0,2.8,487.0,2.99,464.0,0.3027,21220.0,211.0,-0.1,0.0031,0.34,-0.0433,-0.1073,2.8849,-0.345,3.14,3.14,2.77,down,2.93,2026-09-21T14:53:49,-10.5344,3.27499997615814,339.465,2026-09-21 19:44:12,2026-09-21 15:45:04
AAPL,AAPL270115P00285000,AAPL,2027-01-15,P,285.0,3.25,545.0,3.55,431.0,0.2972,4073.0,172.0,-0.1154,0.0034,0.3785,-0.0472,-0.1236,3.3645,-0.405,3.92,4.05,3.24,no_change,3.42,2026-09-21T14:53:26,-10.5882,3.82500004768372,339.465,2026-09-21 19:44:12,2026-09-21 15:45:04
AAPL,AAPL270115P00290000,AAPL,2027-01-15,P,290.0,3.85,196.0,4.15,492.0,0.2922,10282.0,119.0,-0.133,0.0039,0.4148,-0.0512,-0.1414,3.9323,-0.475,4.55,4.7,3.8,up,4.05,2026-09-21T15:09:35,-10.4972,4.52499985694885,339.465,2026-09-21 19:44:12,2026-09-21 15:45:04
AAPL,AAPL270115P00295000,AAPL,2027-01-15,P,295.0,4.5,363.0,4.8,746.0,0.2863,11137.0,88.0,-0.1531,0.0044,0.4579,-0.0554,-0.1621,4.5979,-0.555,5.5,5.5,4.51,up,4.67,2026-09-21T14:55:45,-10.622,5.22499990463257,339.465,2026-09-21 19:44:12,2026-09-21 15:45:04
AAPL,AAPL270115P00300000,AAPL,2027-01-15,P,300.0,5.25,547.0,5.55,628.0,0.2806,13789.0,508.0,-0.1758,0.0049,0.4972,-0.0596,-0.1843,5.3803,-0.725,6.3,6.5,5.2,up,5.4,2026-09-21T15:23:58,-11.8367,6.125,339.465,2026-09-21 19:44:12,2026-09-21 15:45:04
AAPL,AAPL270115P00305000,AAPL,2027-01-15,P,305.0,6.2,38.0,6.55,657.0,0.2772,8899.0,58.0,-0.2013,0.0054,0.5419,-0.0639,-0.2096,6.2892,-0.72,7.15,7.5,6.25,no_change,6.38,2026-09-21T15:08:16,-10.1408,7.09999990463257,339.465,2026-09-21 19:44:12,2026-09-21 15:45:04
AAPL,AAPL270115P00310000,AAPL,2027-01-15,P,310.0,7.25,7.0,7.55,326.0,0.2723,25276.0,152.0,-0.2295,0.0059,0.581,-0.068,-0.2359,7.3445,-0.625,8.65,8.7,7.25,down,7.65,2026-09-21T15:07:10,-7.55287,8.27499961853027,339.465,2026-09-21 19:44:12,2026-09-21 15:45:04
AAPL,AAPL270115P00315000,AAPL,2027-01-15,P,315.0,8.45,24.0,8.6,171.0,0.2668,14289.0,318.0,-0.2605,0.0065,0.6235,-0.072,-0.2665,8.557,-0.925,10.05,10.1,8.45,down,8.7,2026-09-21T15:08:40,-9.61039,9.625,339.465,2026-09-21 19:44:12,2026-09-21 15:45:04
AAPL,AAPL270115P00320000,AAPL,2027-01-15,P,320.0,9.85,2.0,10.0,225.0,0.2633,10912.0,548.0,-0.2942,0.007,0.6583,-0.0755,-0.2944,9.9434,-1.35,11.7,11.8,9.85,down,9.9,2026-09-21T15:29:00,-12.0,11.25,339.465,2026-09-21 19:44:12,2026-09-21 15:45:04
AAPL,AAPL270115P00325000,AAPL,2027-01-15,P,325.0,11.4,40.0,11.75,271.0,0.261,5736.0,286.0,-0.3306,0.0075,0.6919,-0.0786,-0.3276,11.5184,-1.1,13.45,13.45,11.25,no_change,11.7,2026-09-21T14:53:35,-8.59375,12.8000001907349,339.465,2026-09-21 19:44:12,2026-09-21 15:45:04
AAPL,AAPL270115P00330000,AAPL,2027-01-15,P,330.0,13.1,328.0,13.55,684.0,0.2575,4893.0,179.0,-0.3692,0.0079,0.7185,-0.0811,-0.3591,13.2885,-1.35,14.8,15.4,13.25,down,13.4,2026-09-21T15:12:19,-9.15254,14.75,339.465,2026-09-21 19:44:12,2026-09-21 15:45:04
AAPL,AAPL270115P00335000,AAPL,2027-01-15,P,335.0,15.1,137.0,15.65,711.0,0.2554,1748.0,264.0,-0.4098,0.0083,0.7392,-0.0829,-0.3913,15.2737,-1.47,17.85,17.85,15.15,no_change,15.53,2026-09-21T15:08:43,-8.64706,17.0,339.465,2026-09-21 19:44:12,2026-09-21 15:45:04
AAPL,AAPL270115P00340000,AAPL,2027-01-15,P,340.0,17.4,10.0,17.8,268.0,0.2529,2807.0,48.0,-0.4522,0.0086,0.7519,-0.084,-0.4208,17.4732,-1.375,18.55,18.55,17.43,up,17.9,2026-09-21T15:01:34,-7.13359,19.2749996185303,339.465,2026-09-21 19:44:12,2026-09-21 15:45:04
AAPL,AAPL270115P00345000,AAPL,2027-01-15,P,345.0,19.75,119.0,20.25,251.0,0.25,553.0,3.0,-0.4957,0.0088,0.7561,-0.0843,-0.4472,19.903,-1.775,21.03,21.03,20.0,up,20.1,2026-09-21T13:26:07,-8.11429,21.875,339.465,2026-09-21 19:44:12,2026-09-21 15:45:04
AAPL,AAPL270115P00350000,AAPL,2027-01-15,P,350.0,22.4,185.0,22.95,638.0,0.2479,671.0,64.0,-0.54,0.009,0.7509,-0.0837,-0.4724,22.5617,-1.825,23.5,23.73,22.8,down,22.8,2026-09-21T15:25:26,-7.41117,24.625,339.465,2026-09-21 19:44:12,2026-09-21 15:45:04
AAPL,AAPL270115P00355000,AAPL,2027-01-15,P,355.0,25.2,238.0,26.4,677.0,0.249,113.0,0.0,-0.5845,0.0091,0.7369,-0.0824,-0.4914,25.4545,0.0,0.0,0.0,0.0,no_change,30.1,2026-09-11T10:43:54,0.0,27.4499998092651,339.465,2026-09-21 19:44:12,2026-09-21 15:45:04
AAPL,AAPL270115P00360000,AAPL,2027-01-15,P,360.0,28.3,213.0,29.7,695.0,0.2483,198.0,8.0,-0.6287,0.009,0.7124,-0.0803,-0.5094,28.5808,-1.825,29.34,29.34,29.15,down,29.15,2026-09-21T14:28:33,-5.89185,30.9749994277954,339.465,2026-09-21 19:44:12,2026-09-21 15:45:04
AAPL,AAPL270115P00365000,AAPL,2027-01-15,P,365.0,31.75,96.0,32.95,638.0,0.2469,185.0,5.0,-0.6722,0.0089,0.68,-0.0777,-0.5122,31.9309,-2.39,33.48,33.48,32.41,down,32.41,2026-09-21T13:45:38,-6.86781,34.7999992370606,339.465,2026-09-21 19:44:12,2026-09-21 15:45:04
AAPL,AAPL270115P00370000,AAPL,2027-01-15,P,370.0,35.1,247.0,36.9,457.0,0.2471,203.0,0.0,-0.7145,0.0087,0.6393,-0.0745,-0.5084,35.5045,0.0,0.0,0.0,0.0,up,40.34,2026-09-18T10:51:09,0.0,37.9750003814697,339.465,2026-09-21 19:44:12,2026-09-21 15:45:04
AAPL,AAPL270115P00375000,AAPL,2027-01-15,P,375.0,38.3,385.0,40.4,484.0,0.2393,26.0,12.0,-0.7552,0.0085,0.589,-0.0709,-0.4971,39.2868,-2.675,40.8,40.8,39.7,no_change,39.7,2026-09-21T15:11:13,-6.31268,42.375,339.465,2026-09-21 19:44:12,2026-09-21 15:45:04
AAPL,AAPL270115P00380000,AAPL,2027-01-15,P,380.0,43.0,117.0,45.05,398.0,0.2513,23.0,0.0,-0.794,0.0082,0.5312,-0.0671,-0.4729,43.271,0.0,0.0,0.0,0.0,no_change,46.34,2026-09-18T15:42:04,0.0,46.3500003814697,339.465,2026-09-21 19:44:12,2026-09-21 15:45:04
AAPL,AAPL270115P00385000,AAPL,2027-01-15,P,385.0,46.8,131.0,49.2,342.0,0.2484,5.0,0.0,-0.8306,0.0078,0.4691,-0.063,-0.4395,47.4371,0.0,0.0,0.0,0.0,no_change,66.05,2026-09-10T10:07:39,0.0,50.1750011444092,339.465,2026-09-21 19:44:12,2026-09-21 15:45:04
AAPL,AAPL270115P00390000,AAPL,2027-01-15,P,390.0,51.1,193.0,53.5,369.0,0.2489,28.0,0.0,-0.8652,0.0075,0.4018,-0.0582,-0.3915,51.7744,0.0,0.0,0.0,0.0,no_change,70.75,2026-09-10T10:07:47,0.0,55.1749992370606,339.465,2026-09-21 19:44:12,2026-09-21 15:45:04
AAPL,AAPL270115P00395000,AAPL,2027-01-15,P,395.0,55.9,133.0,58.35,382.0,0.2596,0.0,0.0,-0.8975,0.0072,0.3282,-0.0533,-0.3186,56.266,0.0,0.0,0.0,0.0,down,91.63,2026-07-31T10:46:17,0.0,59.3500003814697,339.465,2026-09-21 19:44:12,2026-09-21 15:45:04
AAPL,AAPL270115P00400000,AAPL,2027-01-15,P,400.0,60.6,8.0,62.4,166.0,0.2568,9.0,0.0,-0.9281,0.0069,0.2562,-0.0518,-0.2766,60.8995,0.0,0.0,0.0,0.0,up,69.56,2026-09-15T09:33:25,0.0,63.9749984741211,339.465,2026-09-21 19:44:12,2026-09-21 15:45:04
AAPL,AAPL270115P00410000,AAPL,2027-01-15,P,410.0,69.65,13.0,72.45,147.0,0.2674,1.0,0.0,-0.9784,0.0051,0.0933,-0.048,-0.0785,70.5435,0.0,0.0,0.0,0.0,down,94.0,2026-09-08T15:32:36,0.0,73.8000030517578,339.465,2026-09-21 19:44:12,2026-09-21 15:45:04
AAPL,AAPL270115P00420000,AAPL,2027-01-15,P,420.0,79.85,4.0,82.4,93.0,0.2952,0.0,0.0,-0.9994,0.0001,0.0,-0.0453,0.0,80.5357,0.0,0.0,0.0,0.0,no_change,81.55,2026-07-28T13:36:16,0.0,83.7750015258789,339.465,2026-09-21 19:44:12,2026-09-21 15:45:04
AAPL,AAPL270115P00430000,AAPL,2027-01-15,P,430.0,89.25,7.0,92.55,91.0,0.3088,0.0,0.0,-1.0,0.0,0.0,-0.0453,0.0,90.5357,0.0,0.0,0.0,0.0,no_change,124.69,2026-08-03T14:57:33,0.0,93.7750015258789,339.465,2026-09-21 19:44:12,2026-09-21 15:45:04
AAPL,AAPL270115P00440000,AAPL,2027-01-15,P,440.0,99.3,7.0,102.55,91.0,0.3327,0.0,0.0,-1.0,0.0,0.0,-0.0453,0.0,100.5357,0.0,0.0,0.0,0.0,down,162.08,2025-11-26T09:30:02,0.0,103.674999237061,339.465,2026-09-21 19:44:12,2026-09-21 15:45:04
AAPL,AAPL270115P00450000,AAPL,2027-01-15,P,450.0,109.25,10.0,112.55,91.0,0.3531,0.0,0.0,-1.0,0.0,0.0,-0.0453,0.0,110.5357,0.0,0.0,0.0,0.0,up,245.9,2025-06-09T12:26:33,0.0,113.625,339.465,2026-09-21 19:44:12,2026-09-21 15:45:04
AAPL,AAPL270115P00460000,AAPL,2027-01-15,P,460.0,119.6,10.0,122.55,91.0,0.3833,0.0,0.0,-1.0,0.0,0.0,-0.0453,0.0,120.5357,0.0,0.0,0.0,0.0,no_change,0.0,,0.0,123.625,339.465,2026-09-21 19:44:12,2026-09-21 15:45:04
AAPL,AAPL270115P00470000,AAPL,2027-01-15,P,470.0,129.3,6.0,132.55,91.0,0.396,0.0,0.0,-1.0,0.0,0.0,-0.0453,0.0,130.5357,0.0,0.0,0.0,0.0,no_change,0.0,,0.0,133.699996948242,339.465,2026-09-21 19:44:12,2026-09-21 15:45:04
AAPL,AAPL270115P00480000,AAPL,2027-01-15,P,480.0,139.5,10.0,142.55,91.0,0.4214,0.0,0.0,-1.0,0.0,0.0,-0.0453,0.0,140.5357,0.0,0.0,0.0,0.0,no_change,0.0,,0.0,143.675003051758,339.465,2026-09-21 19:44:12,2026-09-21 15:45:04
AAPL,AAPL270115P00490000,AAPL,2027-01-15,P,490.0,149.5,6.0,152.55,91.0,0.4408,0.0,0.0,-1.0,0.0,0.0,-0.0453,0.0,150.5357,0.0,0.0,0.0,0.0,no_change,0.0,,0.0,153.699996948242,339.465,2026-09-21 19:44:12,2026-09-21 15:45:04
AAPL,AAPL270115P00500000,AAPL,2027-01-15,P,500.0,159.5,10.0,162.55,91.0,0.4597,0.0,0.0,-1.0,0.0,0.0,-0.0453,0.0,160.5357,0.0,0.0,0.0,0.0,no_change,0.0,,0.0,163.625,339.465,2026-09-21 19:44:12,2026-09-21 15:45:04
AAPL,AAPL270115P00510000,AAPL,2027-01-15,P,510.0,169.5,10.0,172.55,91.0,0.4781,0.0,0.0,-1.0,0.0,0.0,-0.0453,0.0,170.5357,0.0,0.0,0.0,0.0,no_change,0.0,,0.0,173.625,339.465,2026-09-21 19:44:12,2026-09-21 15:45:04
AAPL,AAPL270115P00520000,AAPL,2027-01-15,P,520.0,179.5,10.0,182.55,91.0,0.496,0.0,0.0,-1.0,0.0,0.0,-0.0453,0.0,180.5357,0.0,0.0,0.0,0.0,no_change,0.0,,0.0,183.625,339.465,2026-09-21 19:44:12,2026-09-21 15:45:04
AAPL,AAPL270115P00530000,AAPL,2027-01-15,P,530.0,189.25,10.0,192.55,91.0,0.5054,0.0,0.0,-1.0,0.0,0.0,-0.0453,0.0,190.5357,0.0,0.0,0.0,0.0,up,260.32,2025-11-19T09:49:13,0.0,193.675003051758,339.465,2026-09-21 19:44:12,2026-09-21 15:45:04
AAPL,AAPL270115P00540000,AAPL,2027-01-15,P,540.0,199.65,10.0,202.55,91.0,0.535,0.0,0.0,-1.0,0.0,0.0,-0.0453,0.0,200.5357,0.0,0.0,0.0,0.0,no_change,0.0,,0.0,203.625,339.465,2026-09-21 19:44:12,2026-09-21 15:45:04
AAPL,AAPL270115P00550000,AAPL,2027-01-15,P,550.0,209.5,6.0,212.55,91.0,0.5474,0.0,0.0,-1.0,0.0,0.0,-0.0453,0.0,210.5357,0.0,0.0,0.0,0.0,down,274.35,2025-12-24T12:56:42,0.0,213.724998474121,339.465,2026-09-21 19:44:12,2026-09-21 15:45:04
AAPL,AAPL270115P00560000,AAPL,2027-01-15,P,560.0,219.0,10.0,222.55,91.0,0.5449,0.0,0.0,-1.0,0.0,0.0,-0.0453,0.0,220.5357,0.0,0.0,0.0,0.0,no_change,0.0,,0.0,223.625,339.465,2026-09-21 19:44:12,2026-09-21 15:45:04
AAPL,AAPL270115P00570000,AAPL,2027-01-15,P,570.0,229.5,6.0,232.55,91.0,0.5796,0.0,0.0,-1.0,0.0,0.0,-0.0453,0.0,230.5357,0.0,0.0,0.0,0.0,no_change,0.0,,0.0,233.75,339.465,2026-09-21 19:44:12,2026-09-21 15:45:04
AAPL,AAPL270115P00580000,AAPL,2027-01-15,P,580.0,239.5,6.0,242.55,91.0,0.5952,0.0,0.0,-1.0,0.0,0.0,-0.0453,0.0,240.5357,0.0,0.0,0.0,0.0,no_change,0.0,,0.0,243.625,339.465,2026-09-21 19:44:12,2026-09-21 15:45:04
AAPL,AAPL270115P00590000,AAPL,2027-01-15,P,590.0,249.5,10.0,252.55,91.0,0.6105,0.0,0.0,-1.0,0.0,0.0,-0.0453,0.0,250.5357,0.0,0.0,0.0,0.0,no_change,0.0,,0.0,253.675003051758,339.465,2026-09-21 19:44:12,2026-09-21 15:45:04
AAPL,AAPL270115P00600000,AAPL,2027-01-15,P,600.0,259.5,10.0,262.55,91.0,0.6255,0.0,0.0,-1.0,0.0,0.0,-0.0453,0.0,260.5357,0.0,0.0,0.0,0.0,down,274.25,2026-07-20T11:34:53,0.0,263.625,339.465,2026-09-21 19:44:12,2026-09-21 15:45:04
AAPL,AAPL270219C00005000,AAPL,2027-02-19,C,5.0,332.5,86.0,335.45,6.0,0.0,0.0,0.0,1.0,0.0,0.0,0.0,0.0067,334.5745,0.0,0.0,0.0,0.0,no_change,299.6,2026-06-08T14:33:34,0.0,331.0,339.465,2026-09-21 19:44:12,2026-09-21 15:45:04
AAPL,AAPL270219C00010000,AAPL,2027-02-19,C,10.0,327.55,86.0,330.45,6.0,0.0,0.0,0.0,1.0,0.0,0.0,0.0,0.0133,329.6047,0.0,0.0,0.0,0.0,no_change,0.0,,0.0,325.975006103516,339.465,2026-09-21 19:44:12,2026-09-21 15:45:04
AAPL,AAPL270219C00015000,AAPL,2027-02-19,C,15.0,322.65,86.0,325.55,6.0,0.0,0.0,0.0,1.0,0.0,0.0,0.0,0.02,324.6349,0.0,0.0,0.0,0.0,no_change,0.0,,0.0,321.024993896484,339.465,2026-09-21 19:44:12,2026-09-21 15:45:04
AAPL,AAPL270219C00020000,AAPL,2027-02-19,C,20.0,317.75,86.0,320.6,6.0,0.0,2.0,0.0,1.0,0.0,0.0,0.0,0.0268,319.6652,0.0,0.0,0.0,0.0,up,319.94,2026-07-28T15:40:21,0.0,316.125,339.465,2026-09-21 19:44:12,2026-09-21 15:45:04
AAPL,AAPL270219C00025000,AAPL,2027-02-19,C,25.0,312.8,86.0,315.7,7.0,0.0,0.0,0.0,1.0,0.0,0.0002,0.0,0.0424,314.697,0.0,0.0,0.0,0.0,no_change,0.0,,0.0,311.200012207031,339.465,2026-09-21 19:44:12,2026-09-21 15:45:04
AAPL,AAPL270219C00030000,AAPL,2027-02-19,C,30.0,307.9,86.0,310.85,6.0,0.0,0.0,0.0,1.0,0.0,0.0005,0.0,0.1105,309.7637,0.0,0.0,0.0,0.0,no_change,0.0,,0.0,306.299987792969,339.465,2026-09-21 19:44:12,2026-09-21 15:45:04
AAPL,AAPL270219C00035000,AAPL,2027-02-19,C,35.0,303.0,86.0,305.8,6.0,0.0,0.0,0.0,1.0,0.0,0.0006,0.0,0.1318,304.8523,0.0,0.0,0.0,0.0,no_change,0.0,,0.0,301.375,339.465,2026-09-21 19:44:12,2026-09-21 15:45:04
AAPL,AAPL270219C00040000,AAPL,2027-02-19,C,40.0,298.1,86.0,301.5,9.0,0.0,0.0,0.0,1.0,0.0,0.0007,0.0,0.1507,299.9416,0.0,0.0,0.0,0.0,no_change,0.0,,0.0,296.475006103516,339.465,2026-09-21 19:44:12,2026-09-21 15:45:04
AAPL,AAPL270219C00045000,AAPL,2027-02-19,C,45.0,293.15,86.0,296.1,6.0,0.0,0.0,0.0,1.0,0.0,0.0009,0.0,0.1696,295.0313,0.0,0.0,0.0,0.0,no_change,0.0,,0.0,291.574996948242,339.465,2026-09-21 19:44:12,2026-09-21 15:45:04
AAPL,AAPL270219C00050000,AAPL,2027-02-19,C,50.0,288.25,86.0,291.05,6.0,0.0,0.0,0.0,1.0,0.0,0.0011,0.0,0.1884,290.1211,0.0,0.0,0.0,0.0,no_change,0.0,,0.0,286.649993896484,339.465,2026-09-21 19:44:12,2026-09-21 15:45:04
AAPL,AAPL270219C00055000,AAPL,2027-02-19,C,55.0,283.35,86.0,286.15,6.0,0.0,19.0,0.0,0.9999,0.0,0.0014,0.0,0.2072,285.2112,0.0,0.0,0.0,0.0,up,278.59,2026-09-16T12:10:43,0.0,281.725006103516,339.465,2026-09-21 19:44:12,2026-09-21 15:45:04
AAPL,AAPL270219C00060000,AAPL,2027-02-19,C,60.0,278.75,76.0,281.2,6.0,0.0,0.0,0.0,0.9999,0.0,0.0018,0.0,0.226,280.3014,0.0,0.0,0.0,0.0,no_change,0.0,,0.0,276.824996948242,339.465,2026-09-21 19:44:12,2026-09-21 15:45:04
AAPL,AAPL270219C00065000,AAPL,2027-02-19,C,65.0,273.5,86.0,276.3,6.0,0.0,20.0,0.0,0.9998,0.0,0.0021,0.0,0.2448,275.392,0.0,0.0,0.0,0.0,up,244.67,2026-06-05T15:46:18,0.0,271.925003051758,339.465,2026-09-21 19:44:12,2026-09-21 15:45:04
AAPL,AAPL270219C00070000,AAPL,2027-02-19,C,70.0,268.6,86.0,271.4,8.0,0.0,36.0,0.0,0.9998,0.0,0.0024,0.0,0.2636,270.4827,0.0,0.0,0.0,0.0,up,239.85,2026-06-05T15:45:59,0.0,267.024993896484,339.465,2026-09-21 19:44:12,2026-09-21 15:45:04
AAPL,AAPL270219C00075000,AAPL,2027-02-19,C,75.0,263.7,86.0,266.5,6.0,0.0,36.0,0.0,0.9997,0.0,0.003,0.0,0.2823,265.5737,0.0,0.0,0.0,0.0,up,234.84,2026-06-05T15:44:16,0.0,262.125,339.465,2026-09-21 19:44:12,2026-09-21 15:45:04
AAPL,AAPL270219C00080000,AAPL,2027-02-19,C,80.0,258.75,86.0,261.6,7.0,0.0,62.0,0.0,0.9997,0.0,0.0035,0.0,0.3011,260.6651,0.0,0.0,0.0,0.0,up,235.37,2026-08-31T13:32:44,0.0,257.425003051758,339.465,2026-09-21 19:44:12,2026-09-21 15:45:04
AAPL,AAPL270219C00085000,AAPL,2027-02-19,C,85.0,253.85,86.0,256.65,6.0,0.0,69.0,0.0,0.9996,0.0,0.004,0.0,0.3198,255.7568,0.0,0.0,0.0,0.0,up,225.21,2026-06-05T15:45:00,0.0,252.275001525879,339.465,2026-09-21 19:44:12,2026-09-21 15:45:04
AAPL,AAPL270219C00090000,AAPL,2027-02-19,C,90.0,248.95,86.0,251.75,6.0,0.0,35.0,0.0,0.9995,0.0,0.0046,0.0,0.3385,250.8488,0.0,0.0,0.0,0.0,up,245.75,2026-09-11T13:24:30,0.0,247.375,339.465,2026-09-21 19:44:12,2026-09-21 15:45:04
AAPL,AAPL270219C00095000,AAPL,2027-02-19,C,95.0,244.05,86.0,246.85,6.0,0.0,36.0,0.0,0.9994,0.0,0.0055,0.0,0.3573,245.9413,0.0,0.0,0.0,0.0,up,215.55,2026-06-05T15:16:00,0.0,242.449996948242,339.465,2026-09-21 19:44:12,2026-09-21 15:45:04
AAPL,AAPL270219C00100000,AAPL,2027-02-19,C,100.0,239.1,86.0,241.95,6.0,0.0,35.0,0.0,0.9993,0.0,0.0063,0.0,0.376,241.0344,0.0,0.0,0.0,0.0,no_change,214.06,2026-06-08T09:43:33,0.0,237.474998474121,339.465,2026-09-21 19:44:12,2026-09-21 15:45:04
AAPL,AAPL270219C00105000,AAPL,2027-02-19,C,105.0,234.2,86.0,237.05,5.0,0.0,56.0,0.0,0.9991,0.0,0.0072,0.0,0.3946,236.128,0.0,0.0,0.0,0.0,up,209.44,2026-06-08T09:43:16,0.0,232.600006103516,339.465,2026-09-21 19:44:12,2026-09-21 15:45:04
AAPL,AAPL270219C00110000,AAPL,2027-02-19,C,110.0,229.3,86.0,232.1,6.0,0.0,56.0,0.0,0.999,0.0,0.0084,0.0,0.4133,231.2221,0.0,0.0,0.0,0.0,no_change,204.53,2026-06-08T09:42:50,0.0,227.699996948242,339.465,2026-09-21 19:44:12,2026-09-21 15:45:04
AAPL,AAPL270219C00115000,AAPL,2027-02-19,C,115.0,224.4,86.0,227.25,6.0,0.0,54.0,0.0,0.9988,0.0,0.0096,0.0,0.4321,226.3171,0.0,0.0,0.0,0.0,down,178.38,2026-06-10T10:17:21,0.0,222.800003051758,339.465,2026-09-21 19:44:12,2026-09-21 15:45:04
AAPL,AAPL270219C00120000,AAPL,2027-02-19,C,120.0,219.5,87.0,222.25,6.0,0.0,40.0,0.0,0.9986,0.0,0.0109,0.0,0.4507,221.4129,0.0,0.0,0.0,0.0,down,185.94,2026-08-17T13:09:52,0.0,217.875,339.465,2026-09-21 19:44:12,2026-09-21 15:45:04
AAPL,AAPL270219C00125000,AAPL,2027-02-19,C,125.0,214.6,87.0,217.35,20.0,0.0,82.0,0.0,0.9984,0.0,0.0124,0.0,0.4692,216.5095,0.0,0.0,0.0,0.0,up,204.36,2026-09-01T11:56:07,0.0,212.974998474121,339.465,2026-09-21 19:44:12,2026-09-21 15:45:04
AAPL,AAPL270219C00130000,AAPL,2027-02-19,C,130.0,209.65,87.0,212.55,10.0,0.0,89.0,0.0,0.9981,0.0,0.0143,0.0,0.4881,211.6072,0.0,0.0,0.0,0.0,up,199.32,2026-09-01T12:28:54,0.0,208.125,339.465,2026-09-21 19:44:12,2026-09-21 15:45:04
AAPL,AAPL270219C00135000,AAPL,2027-02-19,C,135.0,204.75,87.0,207.65,10.0,0.0,50.0,0.0,0.9978,0.0001,0.0162,0.0,0.5065,206.7062,0.0,0.0,0.0,0.0,down,176.61,2026-06-05T15:21:12,0.0,203.400001525879,339.465,2026-09-21 19:44:12,2026-09-21 15:45:04
AAPL,AAPL270219C00140000,AAPL,2027-02-19,C,140.0,199.85,87.0,202.75,10.0,0.0,68.0,0.0,0.9974,0.0001,0.0183,0.0,0.5249,201.8067,0.0,0.0,0.0,0.0,down,187.73,2026-09-02T09:51:34,0.0,198.574996948242,339.465,2026-09-21 19:44:12,2026-09-21 15:45:04
AAPL,AAPL270219C00145000,AAPL,2027-02-19,C,145.0,195.0,87.0,197.9,10.0,0.0,71.0,0.0,0.997,0.0001,0.0209,0.0,0.5439,196.9088,0.0,0.0,0.0,0.0,up,173.08,2026-08-31T11:52:49,0.0,193.550003051758,339.465,2026-09-21 19:44:12,2026-09-21 15:45:04
AAPL,AAPL270219C00150000,AAPL,2027-02-19,C,150.0,190.1,87.0,192.95,10.0,0.0,71.0,0.0,0.9966,0.0001,0.0238,0.0,0.5631,192.013,0.0,0.0,0.0,0.0,up,177.79,2026-09-01T11:27:13,0.0,188.474998474121,339.465,2026-09-21 19:44:12,2026-09-21 15:45:04
AAPL,AAPL270219C00155000,AAPL,2027-02-19,C,155.0,185.2,87.0,188.05,10.0,0.0,49.0,0.0,0.996,0.0001,0.0271,0.0,0.6005,187.1202,0.0,0.0,0.0,0.0,up,173.14,2026-09-01T11:31:03,0.0,183.849998474121,339.465,2026-09-21 19:44:12,2026-09-21 15:45:04
AAPL,AAPL270219C00160000,AAPL,2027-02-19,C,160.0,180.3,87.0,183.25,10.0,0.0,57.0,0.0,0.9954,0.0001,0.0307,0.0,0.6432,182.2335,0.0,0.0,0.0,0.0,up,169.25,2026-09-01T12:14:24,0.0,179.049995422363,339.465,2026-09-21 19:44:12,2026-09-21 15:45:04
AAPL,AAPL270219C00165000,AAPL,2027-02-19,C,165.0,175.45,87.0,178.3,10.0,0.0,572.0,0.0,0.9946,0.0001,0.0348,0.0,0.6722,177.3534,0.0,0.0,0.0,0.0,up,153.48,2026-08-19T14:39:19,0.0,174.175003051758,339.465,2026-09-21 19:44:12,2026-09-21 15:45:04
AAPL,AAPL270219C00170000,AAPL,2027-02-19,C,170.0,170.55,87.0,173.45,10.0,0.0,41.0,0.0,0.9938,0.0002,0.0395,0.0,0.694,172.4783,0.0,0.0,0.0,0.0,up,146.7,2026-08-24T10:56:01,0.0,169.099998474121,339.465,2026-09-21 19:44:12,2026-09-21 15:45:04
AAPL,AAPL270219C00175000,AAPL,2027-02-19,C,175.0,165.7,87.0,168.65,10.0,0.0,80.0,0.0,0.9928,0.0002,0.0449,0.0,0.7136,167.6079,0.0,0.0,0.0,0.0,up,141.89,2026-09-09T11:50:31,0.0,164.074996948242,339.465,2026-09-21 19:44:12,2026-09-21 15:45:04
AAPL,AAPL270219C00180000,AAPL,2027-02-19,C,180.0,160.85,87.0,163.9,10.0,0.0,26.0,0.0,0.9917,0.0002,0.0509,0.0,0.7326,162.7425,0.0,0.0,0.0,0.0,up,156.35,2026-09-17T10:50:52,0.0,159.25,339.465,2026-09-21 19:44:12,2026-09-21 15:45:04
AAPL,AAPL270219C00185000,AAPL,2027-02-19,C,185.0,155.95,87.0,158.8,19.0,0.0,21.0,0.0,0.9904,0.0003,0.0577,0.0,0.7513,157.8828,0.0,0.0,0.0,0.0,up,150.35,2026-07-17T12:15:04,0.0,154.5,339.465,2026-09-21 19:44:12,2026-09-21 15:45:04
AAPL,AAPL270219C00190000,AAPL,2027-02-19,C,190.0,151.1,87.0,154.05,19.0,0.0,48.0,0.0,0.989,0.0003,0.0654,0.0,0.7697,153.0295,0.0,0.0,0.0,0.0,down,128.22,2026-09-09T13:03:30,0.0,149.550003051758,339.465,2026-09-21 19:44:12,2026-09-21 15:45:04
AAPL,AAPL270219C00195000,AAPL,2027-02-19,C,195.0,146.65,76.0,149.2,20.0,0.3746,9.0,0.0,0.9872,0.0004,0.0739,0.0,0.7877,148.1835,0.0,0.0,0.0,0.0,down,134.9,2026-07-22T12:53:51,0.0,145.0,339.465,2026-09-21 19:44:12,2026-09-21 15:45:04
AAPL,AAPL270219C00200000,AAPL,2027-02-19,C,200.0,141.85,222.0,144.35,27.0,0.3767,467.0,0.0,0.9853,0.0004,0.0834,0.0,0.8054,143.3454,0.0,0.0,0.0,0.0,up,128.98,2026-09-10T12:44:47,0.0,140.125,339.465,2026-09-21 19:44:12,2026-09-21 15:45:04
AAPL,AAPL270219C00210000,AAPL,2027-02-19,C,210.0,132.2,86.0,134.6,19.0,0.3632,42.0,0.0,0.9806,0.0005,0.1058,0.0,0.8394,133.6972,0.0,0.0,0.0,0.0,no_change,129.72,2026-09-17T12:06:14,0.0,130.824996948242,339.465,2026-09-21 19:44:12,2026-09-21 15:45:04
AAPL,AAPL270219C00220000,AAPL,2027-02-19,C,220.0,122.55,344.0,124.5,10.0,0.3225,199.0,0.0,0.9745,0.0007,0.1329,0.0,0.8714,124.0942,0.0,0.0,0.0,0.0,down,117.9,2026-09-16T12:11:35,0.0,120.75,339.465,2026-09-21 19:44:12,2026-09-21 15:45:04
AAPL,AAPL270219C00230000,AAPL,2027-02-19,C,230.0,113.0,337.0,115.8,62.0,0.3578,189.0,0.0,0.9667,0.0009,0.1656,-0.0019,0.9005,114.5497,0.0,0.0,0.0,0.0,up,110.44,2026-09-18T14:15:24,0.0,111.350002288818,339.465,2026-09-21 19:44:12,2026-09-21 15:45:04
AAPL,AAPL270219C00240000,AAPL,2027-02-19,C,240.0,103.55,313.0,105.5,10.0,0.3211,109.0,0.0,0.9567,0.0012,0.2051,-0.0071,0.9262,105.0819,0.0,0.0,0.0,0.0,up,101.45,2026-09-18T14:37:39,0.0,102.0,339.465,2026-09-21 19:44:12,2026-09-21 15:45:04
AAPL,AAPL270219C00250000,AAPL,2027-02-19,C,250.0,94.2,404.0,96.0,2.0,0.3114,561.0,0.0,0.9438,0.0015,0.2518,-0.0128,0.9475,95.7181,0.0,0.0,0.0,0.0,down,87.84,2026-09-17T09:53:24,0.0,92.5749969482422,339.465,2026-09-21 19:44:12,2026-09-21 15:45:04
AAPL,AAPL270219C00260000,AAPL,2027-02-19,C,260.0,85.25,496.0,86.75,8.0,0.309,617.0,107.0,0.9272,0.0019,0.3073,-0.0191,0.9627,86.4956,2.05,82.05,85.97,82.05,down,85.3,2026-09-21T14:52:48,2.46246,83.25,339.465,2026-09-21 19:44:12,2026-09-21 15:45:04
AAPL,AAPL270219C00270000,AAPL,2027-02-19,C,270.0,76.3,420.0,78.1,111.0,0.3074,283.0,0.0,0.9059,0.0024,0.3719,-0.0261,0.9704,77.4631,0.0,0.0,0.0,0.0,down,72.94,2026-09-16T10:38:04,0.0,74.2000007629394,339.465,2026-09-21 19:44:12,2026-09-21 15:45:04
AAPL,AAPL270219C00280000,AAPL,2027-02-19,C,280.0,67.45,457.0,69.25,149.0,0.2965,864.0,12.0,0.8789,0.003,0.4448,-0.0335,0.969,68.6821,2.415,66.65,68.12,66.65,down,68.04,2026-09-21T15:08:00,3.68,65.625,339.465,2026-09-21 19:44:12,2026-09-21 15:45:04
AAPL,AAPL270219C00290000,AAPL,2027-02-19,C,290.0,58.95,497.0,60.55,19.0,0.2855,1936.0,1.0,0.8454,0.0037,0.5241,-0.0413,0.9568,60.2244,0.75,58.35,58.35,58.35,up,58.35,2026-09-21T11:37:05,1.30208,57.6000003814697,339.465,2026-09-21 19:44:12,2026-09-21 15:45:04
AAPL,AAPL270219C00300000,AAPL,2027-02-19,C,300.0,50.95,438.0,52.8,248.0,0.2816,1595.0,1192.0,0.8045,0.0044,0.6064,-0.0491,0.9323,52.1683,2.125,49.2,51.75,49.2,up,51.55,2026-09-21T14:49:45,4.29945,49.4249992370606,339.465,2026-09-21 19:44:12,2026-09-21 15:45:04
AAPL,AAPL270219C00310000,AAPL,2027-02-19,C,310.0,43.2,509.0,44.6,1.0,0.2689,1563.0,13.0,0.7562,0.0051,0.687,-0.0564,0.895,44.5942,1.23,42.88,44.0,42.5,down,43.48,2026-09-21T14:03:47,2.91124,42.25,339.465,2026-09-21 19:44:12,2026-09-21 15:45:04
AAPL,AAPL270219C00320000,AAPL,2027-02-19,C,320.0,36.35,553.0,37.6,2.0,0.2646,3428.0,20.0,0.7008,0.0058,0.7595,-0.0628,0.8449,37.5793,1.875,34.91,37.45,34.91,up,37.45,2026-09-21T15:28:29,5.27055,35.5750007629394,339.465,2026-09-21 19:44:12,2026-09-21 15:45:04
AAPL,AAPL270219C00330000,AAPL,2027-02-19,C,330.0,30.25,592.0,31.25,3.0,0.2615,5037.0,92.0,0.6391,0.0064,0.8177,-0.0676,0.7832,31.1914,1.28,27.55,30.75,27.55,up,30.68,2026-09-21T14:34:34,4.35374,29.4000005722046,339.465,2026-09-21 19:44:12,2026-09-21 15:45:04
AAPL,AAPL270219C00340000,AAPL,2027-02-19,C,340.0,25.0,537.0,25.8,250.0,0.261,4350.0,113.0,0.5728,0.0068,0.8558,-0.0706,0.712,25.484,0.855,22.8,25.2,22.29,down,24.73,2026-09-21T14:49:02,3.58115,23.875,339.465,2026-09-21 19:44:12,2026-09-21 15:45:04
AAPL,AAPL270219C00350000,AAPL,2027-02-19,C,350.0,20.15,255.0,20.6,80.0,0.2563,5001.0,32.0,0.5041,0.0071,0.8702,-0.0713,0.6341,20.4903,0.975,18.0,20.15,18.0,down,20.1,2026-09-21T15:08:46,5.09804,19.125,339.465,2026-09-21 19:44:12,2026-09-21 15:45:04
AAPL,AAPL270219C00360000,AAPL,2027-02-19,C,360.0,15.9,246.0,16.35,92.0,0.253,3725.0,41.0,0.4352,0.0071,0.8591,-0.0699,0.5531,16.219,0.625,13.8,15.95,13.8,down,15.7,2026-09-21T15:05:13,4.14594,15.0750002861023,339.465,2026-09-21 19:44:12,2026-09-21 15:45:04
AAPL,AAPL270219C00370000,AAPL,2027-02-19,C,370.0,12.3,344.0,12.75,85.0,0.2497,4772.0,999.0,0.3687,0.0068,0.8241,-0.0666,0.4725,12.6504,0.725,11.44,12.53,11.25,up,12.5,2026-09-21T15:22:38,6.15711,11.7750000953674,339.465,2026-09-21 19:44:12,2026-09-21 15:45:04
AAPL,AAPL270219C00380000,AAPL,2027-02-19,C,380.0,9.4,398.0,9.8,8.0,0.2472,3053.0,97.0,0.3067,0.0064,0.769,-0.0616,0.3959,9.7367,0.7,8.9,9.8,8.9,up,9.8,2026-09-21T15:28:34,7.69231,9.09999990463257,339.465,2026-09-21 19:44:12,2026-09-21 15:45:04
AAPL,AAPL270219C00390000,AAPL,2027-02-19,C,390.0,7.15,419.0,7.5,156.0,0.2463,1656.0,18.0,0.2509,0.0059,0.6994,-0.0556,0.3257,7.4077,0.345,6.5,7.27,6.5,down,7.22,2026-09-21T15:08:16,5.01818,6.875,339.465,2026-09-21 19:44:12,2026-09-21 15:45:04
AAPL,AAPL270219C00400000,AAPL,2027-02-19,C,400.0,5.5,366.0,5.7,140.0,0.2468,6887.0,89.0,0.2022,0.0052,0.6214,-0.0491,0.2636,5.5802,0.25,4.82,5.6,4.6,down,5.5,2026-09-21T15:28:57,4.7619,5.25,339.465,2026-09-21 19:44:12,2026-09-21 15:45:04
AAPL,AAPL270219C00410000,AAPL,2027-02-19,C,410.0,3.95,638.0,4.3,205.0,0.2451,1592.0,22.0,0.1608,0.0045,0.5407,-0.0424,0.2105,4.1688,0.125,3.6,4.05,3.6,down,4.0,2026-09-21T14:34:34,3.22581,3.875,339.465,2026-09-21 19:44:12,2026-09-21 15:45:04
AAPL,AAPL270219C00420000,AAPL,2027-02-19,C,420.0,2.93,288.0,3.15,83.0,0.2446,1432.0,57.0,0.1264,0.0038,0.4618,-0.0359,0.1659,3.0935,0.11,2.97,3.0,2.93,up,3.0,2026-09-21T14:26:14,3.80623,2.88999998569488,339.465,2026-09-21 19:44:12,2026-09-21 15:45:04
AAPL,AAPL270219C00430000,AAPL,2027-02-19,C,430.0,2.13,327.0,2.33,13.0,0.2445,529.0,2.0,0.0984,0.0032,0.3879,-0.03,0.1294,2.2836,0.135,2.12,2.24,2.12,up,2.24,2026-09-21T12:49:50,6.4133,2.10500001907349,339.465,2026-09-21 19:44:12,2026-09-21 15:45:04
AAPL,AAPL270219C00440000,AAPL,2027-02-19,C,440.0,1.56,499.0,1.85,375.0,0.2473,400.0,0.0,0.076,0.0026,0.3215,-0.0247,0.1,1.6799,0.0,0.0,0.0,0.0,down,1.6,2026-09-18T14:48:23,0.0,1.59999996423721,339.465,2026-09-21 19:44:12,2026-09-21 15:45:04
AAPL,AAPL270219C00450000,AAPL,2027-02-19,C,450.0,1.15,556.0,1.28,6.0,0.2465,532.0,21.0,0.0584,0.0022,0.2638,-0.0202,0.0768,1.2339,-0.005,1.17,1.17,1.1,no_change,1.17,2026-09-21T13:13:16,-0.425533,1.17500001192093,339.465,2026-09-21 19:44:12,2026-09-21 15:45:04
AAPL,AAPL270219C00460000,AAPL,2027-02-19,C,460.0,0.84,348.0,1.05,401.0,0.2502,516.0,1.0,0.0447,0.0017,0.2147,-0.0163,0.0589,0.9071,-0.05,0.87,0.87,0.87,up,0.87,2026-09-21T10:36:04,-5.43478,0.919999986886978,339.465,2026-09-21 19:44:12,2026-09-21 15:45:04
AAPL,AAPL270219C00470000,AAPL,2027-02-19,C,470.0,0.61,314.0,0.71,64.0,0.2491,320.0,0.0,0.0342,0.0014,0.1736,-0.0132,0.045,0.6693,0.0,0.0,0.0,0.0,up,0.69,2026-09-16T14:19:24,0.0,0.66499999165535,339.465,2026-09-21 19:44:12,2026-09-21 15:45:04
AAPL,AAPL270219C00480000,AAPL,2027-02-19,C,480.0,0.44,186.0,0.54,48.0,0.2508,52.0,0.0,0.0262,0.0011,0.1401,-0.0106,0.0344,0.4967,0.0,0.0,0.0,0.0,down,0.48,2026-09-15T11:39:35,0.0,0.490000009536743,339.465,2026-09-21 19:44:12,2026-09-21 15:45:04
AAPL,AAPL270219C00490000,AAPL,2027-02-19,C,490.0,0.22,675.0,0.41,213.0,0.2475,132.0,0.0,0.0202,0.0009,0.1132,-0.0085,0.0266,0.3721,0.0,0.0,0.0,0.0,down,0.47,2026-09-14T13:36:17,0.0,0.344999991357326,339.465,2026-09-21 19:44:12,2026-09-21 15:45:04
AAPL,AAPL270219C00500000,AAPL,2027-02-19,C,500.0,0.17,678.0,0.32,330.0,0.251,2718.0,1.0,0.0157,0.0007,0.0916,-0.0069,0.0206,0.2821,-0.005,0.25,0.25,0.25,down,0.25,2026-09-21T10:57:50,-1.96078,0.254999995231628,339.465,2026-09-21 19:44:12,2026-09-21 15:45:04
AAPL,AAPL270219C00510000,AAPL,2027-02-19,C,510.0,0.09,642.0,0.24,196.0,0.2502,55.0,0.0,0.0122,0.0006,0.0744,-0.0056,0.016,0.2153,0.0,0.0,0.0,0.0,down,0.23,2026-09-16T11:07:08,0.0,0.179999995976686,339.465,2026-09-21 19:44:12,2026-09-21 15:45:04
AAPL,AAPL270219C00520000,AAPL,2027-02-19,C,520.0,0.03,545.0,0.21,149.0,0.2515,745.0,0.0,0.0098,0.0004,0.0612,-0.0046,0.0127,0.1688,0.0,0.0,0.0,0.0,down,0.21,2026-09-01T10:28:58,0.0,0.134999996982515,339.465,2026-09-21 19:44:12,2026-09-21 15:45:04
AAPL,AAPL270219C00530000,AAPL,2027-02-19,C,530.0,0.01,768.0,0.18,370.0,0.2549,154.0,0.0,0.0079,0.0004,0.0511,-0.0039,0.0103,0.1348,0.0,0.0,0.0,0.0,down,0.1,2026-09-17T09:47:44,0.0,0.105000001378357,339.465,2026-09-21 19:44:12,2026-09-21 15:45:04
AAPL,AAPL270219C00540000,AAPL,2027-02-19,C,540.0,0.01,445.0,0.15,389.0,0.26,23.0,1.0,0.0064,0.0003,0.0428,-0.0033,0.0084,0.1092,-0.01,0.08,0.08,0.08,down,0.08,2026-09-21T11:18:27,-11.1111,0.090000000782311,339.465,2026-09-21 19:44:12,2026-09-21 15:45:04
AAPL,AAPL270219C00550000,AAPL,2027-02-19,C,550.0,0.01,392.0,0.14,332.0,0.2676,49.0,0.0,0.0053,0.0003,0.0364,-0.0028,0.007,0.0899,0.0,0.0,0.0,0.0,up,0.09,2026-09-16T09:32:32,0.0,0.0750000001862645,339.465,2026-09-21 19:44:12,2026-09-21 15:45:04
AAPL,AAPL270219C00560000,AAPL,2027-02-19,C,560.0,0.01,209.0,0.14,270.0,0.2767,13.0,0.0,0.0045,0.0002,0.0312,-0.0024,0.0058,0.0753,0.0,0.0,0.0,0.0,down,0.01,2026-09-04T10:25:22,0.0,0.0750000001862645,339.465,2026-09-21 19:44:12,2026-09-21 15:45:04
AAPL,AAPL270219C00570000,AAPL,2027-02-19,C,570.0,0.01,18.0,0.13,39.0,0.2836,14.0,0.0,0.0038,0.0002,0.0271,-0.0022,0.005,0.064,0.0,0.0,0.0,0.0,up,0.11,2026-09-02T13:24:09,0.0,0.0750000001862645,339.465,2026-09-21 19:44:12,2026-09-21 15:45:04
AAPL,AAPL270219C00580000,AAPL,2027-02-19,C,580.0,0.01,106.0,0.13,421.0,0.2923,28.0,0.0,0.0033,0.0002,0.0237,-0.0019,0.0043,0.0552,0.0,0.0,0.0,0.0,down,0.03,2026-09-15T11:52:44,0.0,0.0599999995902181,339.465,2026-09-21 19:44:12,2026-09-21 15:45:04
AAPL,AAPL270219C00590000,AAPL,2027-02-19,C,590.0,0.01,234.0,0.13,441.0,0.3007,16.0,1.0,0.0029,0.0001,0.021,-0.0017,0.0037,0.0481,0.06,0.13,0.13,0.13,up,0.13,2026-09-21T11:17:30,85.7143,0.0699999975040555,339.465,2026-09-21 19:44:12,2026-09-21 15:45:04
AAPL,AAPL270219C00600000,AAPL,2027-02-19,C,600.0,0.03,82.0,0.08,354.0,0.3021,6033.0,5.0,0.0025,0.0001,0.0186,-0.0015,0.0032,0.0423,0.005,0.06,0.06,0.06,no_change,0.06,2026-09-21T09:30:01,9.09091,0.0549999987706542,339.465,2026-09-21 19:44:12,2026-09-21 15:45:04
AAPL,AAPL270219P00005000,AAPL,2027-02-19,P,5.0,0.0,0.0,0.01,1.0,1.9935,4.0,0.0,0.0,0.0,0.0,0.0,0.0,0.0003,0.0,0.0,0.0,0.0,no_change,0.01,2026-06-18T13:32:14,0.0,0.00499999988824129,339.465,2026-09-21 19:44:12,2026-09-21 15:45:04
AAPL,AAPL270219P00010000,AAPL,2027-02-19,P,10.0,0.0,0.0,0.28,231.0,2.2252,0.0,0.0,0.0,0.0,0.0001,0.0,0.0,0.0006,0.0,0.0,0.0,0.0,no_change,0.0,,0.0,0.00499999988824129,339.465,2026-09-21 19:44:12,2026-09-21 15:45:04
AAPL,AAPL270219P00015000,AAPL,2027-02-19,P,15.0,0.0,0.0,0.01,9500.0,1.4418,9500.0,0.0,0.0,0.0,0.0001,-0.0001,0.0,0.0011,0.0,0.0,0.0,0.0,down,0.01,2026-09-09T12:22:07,0.0,0.00499999988824129,339.465,2026-09-21 19:44:12,2026-09-21 15:45:04
AAPL,AAPL270219P00020000,AAPL,2027-02-19,P,20.0,0.0,0.0,0.28,240.0,1.7482,0.0,0.0,0.0,0.0,0.0002,-0.0001,0.0,0.0016,0.0,0.0,0.0,0.0,no_change,0.0,,0.0,0.140000000596046,339.465,2026-09-21 19:44:12,2026-09-21 15:45:04
AAPL,AAPL270219P00025000,AAPL,2027-02-19,P,25.0,0.0,0.0,0.28,297.0,1.6022,0.0,0.0,0.0,0.0,0.0003,-0.0001,-0.0001,0.0022,0.0,0.0,0.0,0.0,no_change,0.0,,0.0,0.140000000596046,339.465,2026-09-21 19:44:12,2026-09-21 15:45:04
AAPL,AAPL270219P00030000,AAPL,2027-02-19,P,30.0,0.0,0.0,0.28,236.0,1.4854,0.0,0.0,0.0,0.0,0.0005,-0.0001,-0.0001,0.003,0.0,0.0,0.0,0.0,no_change,0.0,,0.0,0.140000000596046,339.465,2026-09-21 19:44:12,2026-09-21 15:45:04
AAPL,AAPL270219P00035000,AAPL,2027-02-19,P,35.0,0.0,0.0,0.28,238.0,1.388,0.0,0.0,-0.0001,0.0,0.0006,-0.0002,-0.0001,0.0039,0.0,0.0,0.0,0.0,no_change,0.0,,0.0,0.140000000596046,339.465,2026-09-21 19:44:12,2026-09-21 15:45:04
AAPL,AAPL270219P00040000,AAPL,2027-02-19,P,40.0,0.0,0.0,0.34,275.0,1.3334,0.0,0.0,-0.0001,0.0,0.0008,-0.0002,-0.0001,0.005,0.0,0.0,0.0,0.0,no_change,0.0,,0.0,0.140000000596046,339.465,2026-09-21 19:44:12,2026-09-21 15:45:04
AAPL,AAPL270219P00045000,AAPL,2027-02-19,P,45.0,0.0,0.0,0.34,254.0,1.259,0.0,0.0,-0.0001,0.0,0.001,-0.0003,-0.0002,0.0062,0.0,0.0,0.0,0.0,no_change,0.0,,0.0,0.140000000596046,339.465,2026-09-21 19:44:12,2026-09-21 15:45:04
AAPL,AAPL270219P00050000,AAPL,2027-02-19,P,50.0,0.0,0.0,0.26,236.0,1.1582,248.0,0.0,-0.0001,0.0,0.0012,-0.0003,-0.0002,0.0075,0.0,0.0,0.0,0.0,down,0.01,2026-09-03T14:41:32,0.0,0.129999995231628,339.465,2026-09-21 19:44:12,2026-09-21 15:45:04
AAPL,AAPL270219P00055000,AAPL,2027-02-19,P,55.0,0.0,0.0,0.28,375.0,1.1097,0.0,0.0,-0.0002,0.0,0.0015,-0.0004,-0.0003,0.0091,0.0,0.0,0.0,0.0,no_change,0.0,,0.0,0.140000000596046,339.465,2026-09-21 19:44:12,2026-09-21 15:45:04
AAPL,AAPL270219P00060000,AAPL,2027-02-19,P,60.0,0.01,1.0,0.06,277.0,0.9236,720.0,3.0,-0.0002,0.0,0.0018,-0.0005,-0.0003,0.0108,0.04,0.06,0.06,0.06,no_change,0.06,2026-09-21T14:13:30,200.0,0.0199999995529652,339.465,2026-09-21 19:44:12,2026-09-21 15:45:04
AAPL,AAPL270219P00065000,AAPL,2027-02-19,P,65.0,0.0,0.0,0.03,216.0,0.8222,9.0,6.0,-0.0003,0.0,0.0022,-0.0005,-0.0004,0.0128,-0.12,0.03,0.03,0.02,down,0.02,2026-09-21T14:13:47,-85.7143,0.140000000596046,339.465,2026-09-21 19:44:12,2026-09-21 15:45:04
AAPL,AAPL270219P00070000,AAPL,2027-02-19,P,70.0,0.0,0.0,0.29,521.0,0.9685,0.0,0.0,-0.0003,0.0,0.0026,-0.0006,-0.0005,0.015,0.0,0.0,0.0,0.0,no_change,0.0,,0.0,0.140000000596046,339.465,2026-09-21 19:44:12,2026-09-21 15:45:04
AAPL,AAPL270219P00075000,AAPL,2027-02-19,P,75.0,0.0,0.0,0.29,336.0,0.9273,0.0,0.0,-0.0004,0.0,0.0031,-0.0007,-0.0006,0.0175,0.0,0.0,0.0,0.0,no_change,0.0,,0.0,0.144999995827675,339.465,2026-09-21 19:44:12,2026-09-21 15:45:04
AAPL,AAPL270219P00080000,AAPL,2027-02-19,P,80.0,0.0,0.0,0.29,478.0,0.8889,43.0,0.0,-0.0005,0.0,0.0036,-0.0008,-0.0007,0.0203,0.0,0.0,0.0,0.0,down,0.02,2026-09-10T14:14:27,0.0,0.144999995827675,339.465,2026-09-21 19:44:12,2026-09-21 15:45:04
AAPL,AAPL270219P00085000,AAPL,2027-02-19,P,85.0,0.0,0.0,0.1,321.0,0.7663,21.0,1.0,-0.0005,0.0,0.0042,-0.0009,-0.0008,0.0235,-0.06,0.01,0.01,0.01,down,0.01,2026-09-21T15:21:25,-85.7143,0.0700000002980232,339.465,2026-09-21 19:44:12,2026-09-21 15:45:04
AAPL,AAPL270219P00090000,AAPL,2027-02-19,P,90.0,0.01,1.0,0.08,305.0,0.7287,6.0,2.0,-0.0006,0.0,0.0049,-0.001,-0.001,0.027,-0.12,0.08,0.08,0.03,down,0.03,2026-09-21T15:27:59,-80.0,0.150000005960464,339.465,2026-09-21 19:44:12,2026-09-21 15:45:04
AAPL,AAPL270219P00095000,AAPL,2027-02-19,P,95.0,0.01,3.0,0.08,245.0,0.7002,4.0,0.0,-0.0007,0.0,0.0056,-0.0012,-0.0011,0.031,0.0,0.0,0.0,0.0,down,0.05,2026-09-08T09:57:17,0.0,0.150000005960464,339.465,2026-09-21 19:44:12,2026-09-21 15:45:04
AAPL,AAPL270219P00100000,AAPL,2027-02-19,P,100.0,0.01,53.0,0.08,354.0,0.6732,5.0,2.0,-0.0009,0.0,0.0065,-0.0013,-0.0013,0.0354,-0.01,0.08,0.08,0.03,down,0.03,2026-09-21T12:29:56,-25.0,0.0400000000372529,339.465,2026-09-21 19:44:12,2026-09-21 15:45:04
AAPL,AAPL270219P00105000,AAPL,2027-02-19,P,105.0,0.01,184.0,0.08,347.0,0.6475,9.0,2.0,-0.001,0.0,0.0075,-0.0014,-0.0015,0.0404,0.005,0.08,0.08,0.08,no_change,0.08,2026-09-21T12:29:42,6.66667,0.0750000001862645,339.465,2026-09-21 19:44:12,2026-09-21 15:45:04
AAPL,AAPL270219P00110000,AAPL,2027-02-19,P,110.0,0.01,142.0,0.06,141.0,0.6092,12.0,2.0,-0.0012,0.0,0.0086,-0.0016,-0.0017,0.0461,0.005,0.13,0.13,0.06,down,0.06,2026-09-21T10:39:03,9.09091,0.0550000006332994,339.465,2026-09-21 19:44:12,2026-09-21 15:45:04
AAPL,AAPL270219P00115000,AAPL,2027-02-19,P,115.0,0.01,113.0,0.09,399.0,0.6057,37.0,1.0,-0.0013,0.0,0.0098,-0.0018,-0.002,0.0524,0.035,0.09,0.09,0.09,down,0.09,2026-09-21T14:14:00,63.6364,0.0550000006332994,339.465,2026-09-21 19:44:12,2026-09-21 15:45:04
AAPL,AAPL270219P00120000,AAPL,2027-02-19,P,120.0,0.01,158.0,0.08,160.0,0.5775,27.0,2.0,-0.0015,0.0,0.0111,-0.002,-0.0023,0.0596,0.015,0.08,0.08,0.08,no_change,0.08,2026-09-21T14:14:34,23.0769,0.0649999985471368,339.465,2026-09-21 19:44:12,2026-09-21 15:45:04
AAPL,AAPL270219P00125000,AAPL,2027-02-19,P,125.0,0.02,110.0,0.1,353.0,0.5714,27.0,3.0,-0.0018,0.0,0.0127,-0.0022,-0.0026,0.0676,-0.005,0.06,0.06,0.06,no_change,0.06,2026-09-21T14:14:39,-7.69231,0.0649999985471368,339.465,2026-09-21 19:44:12,2026-09-21 15:45:04
AAPL,AAPL270219P00130000,AAPL,2027-02-19,P,130.0,0.01,112.0,0.12,120.0,0.5547,23.0,0.0,-0.002,0.0,0.0145,-0.0025,-0.003,0.0767,0.0,0.0,0.0,0.0,down,0.08,2026-09-03T10:25:52,0.0,0.0699999975040555,339.465,2026-09-21 19:44:12,2026-09-21 15:45:04
AAPL,AAPL270219P00135000,AAPL,2027-02-19,P,135.0,0.01,27.0,0.14,114.0,0.5419,30.0,0.0,-0.0023,0.0001,0.0164,-0.0027,-0.0035,0.087,0.0,0.0,0.0,0.0,no_change,0.12,2026-09-08T09:59:06,0.0,0.0750000001862645,339.465,2026-09-21 19:44:12,2026-09-21 15:45:04
AAPL,AAPL270219P00140000,AAPL,2027-02-19,P,140.0,0.01,104.0,0.15,18.0,0.5254,197.0,0.0,-0.0027,0.0001,0.0186,-0.003,-0.004,0.0987,0.0,0.0,0.0,0.0,no_change,0.1,2026-09-14T14:10:53,0.0,0.0950000006705522,339.465,2026-09-21 19:44:12,2026-09-21 15:45:04
AAPL,AAPL270219P00145000,AAPL,2027-02-19,P,145.0,0.03,31.0,0.17,29.0,0.518,47.0,0.0,-0.0031,0.0001,0.0211,-0.0034,-0.0046,0.112,0.0,0.0,0.0,0.0,no_change,0.26,2026-08-03T15:13:37,0.0,0.109999998472631,339.465,2026-09-21 19:44:12,2026-09-21 15:45:04
AAPL,AAPL270219P00150000,AAPL,2027-02-19,P,150.0,0.06,134.0,0.18,239.0,0.5089,34.0,0.0,-0.0036,0.0001,0.024,-0.0037,-0.0053,0.1274,0.0,0.0,0.0,0.0,down,0.16,2026-09-01T10:25:43,0.0,0.124999998137355,339.465,2026-09-21 19:44:12,2026-09-21 15:45:04
AAPL,AAPL270219P00155000,AAPL,2027-02-19,P,155.0,0.1,83.0,0.22,264.0,0.5062,46.0,0.0,-0.0041,0.0001,0.0271,-0.0042,-0.0061,0.1452,0.0,0.0,0.0,0.0,down,0.2,2026-08-12T09:58:46,0.0,0.169999998062849,339.465,2026-09-21 19:44:12,2026-09-21 15:45:04
AAPL,AAPL270219P00160000,AAPL,2027-02-19,P,160.0,0.1,133.0,0.25,336.0,0.4927,39.0,0.0,-0.0047,0.0001,0.0307,-0.0046,-0.007,0.1657,0.0,0.0,0.0,0.0,down,0.18,2026-09-10T11:00:58,0.0,0.185000006109476,339.465,2026-09-21 19:44:12,2026-09-21 15:45:04
AAPL,AAPL270219P00165000,AAPL,2027-02-19,P,165.0,0.11,228.0,0.28,355.0,0.4806,178.0,0.0,-0.0054,0.0001,0.035,-0.0051,-0.008,0.1895,0.0,0.0,0.0,0.0,down,0.19,2026-09-16T10:25:15,0.0,0.21000000089407,339.465,2026-09-21 19:44:12,2026-09-21 15:45:04
AAPL,AAPL270219P00170000,AAPL,2027-02-19,P,170.0,0.14,181.0,0.32,383.0,0.4721,58.0,0.0,-0.0063,0.0002,0.0398,-0.0057,-0.0093,0.2171,0.0,0.0,0.0,0.0,up,0.36,2026-09-02T14:01:25,0.0,0.244999997317791,339.465,2026-09-21 19:44:12,2026-09-21 15:45:04
AAPL,AAPL270219P00175000,AAPL,2027-02-19,P,175.0,0.17,217.0,0.36,406.0,0.4625,205.0,0.0,-0.0072,0.0002,0.045,-0.0064,-0.0107,0.2493,0.0,0.0,0.0,0.0,no_change,0.3,2026-09-11T15:30:39,0.0,0.279999993741512,339.465,2026-09-21 19:44:12,2026-09-21 15:45:04
AAPL,AAPL270219P00180000,AAPL,2027-02-19,P,180.0,0.21,336.0,0.41,661.0,0.4542,72.0,0.0,-0.0084,0.0002,0.0511,-0.0071,-0.0123,0.2864,0.0,0.0,0.0,0.0,no_change,0.34,2026-09-15T13:54:33,0.0,0.32999999076128,339.465,2026-09-21 19:44:12,2026-09-21 15:45:04
AAPL,AAPL270219P00185000,AAPL,2027-02-19,P,185.0,0.28,382.0,0.36,585.0,0.4387,118.0,1.0,-0.0097,0.0003,0.0581,-0.0079,-0.0142,0.3292,0.02,0.36,0.36,0.36,down,0.36,2026-09-21T09:57:30,5.88235,0.340000003576279,339.465,2026-09-21 19:44:12,2026-09-21 15:45:04
AAPL,AAPL270219P00190000,AAPL,2027-02-19,P,190.0,0.34,108.0,0.42,283.0,0.4316,341.0,1.0,-0.0112,0.0003,0.0659,-0.0088,-0.0165,0.3791,-0.075,0.38,0.38,0.38,down,0.38,2026-09-21T10:08:09,-16.4835,0.455000013113022,339.465,2026-09-21 19:44:12,2026-09-21 15:45:04
AAPL,AAPL270219P00195000,AAPL,2027-02-19,P,195.0,0.33,464.0,0.48,335.0,0.4184,101.0,0.0,-0.0129,0.0004,0.0744,-0.0098,-0.019,0.4359,0.0,0.0,0.0,0.0,down,0.46,2026-09-16T14:53:12,0.0,0.479999989271164,339.465,2026-09-21 19:44:12,2026-09-21 15:45:04
AAPL,AAPL270219P00200000,AAPL,2027-02-19,P,200.0,0.46,219.0,0.55,82.0,0.4153,561.0,1.0,-0.0148,0.0004,0.0839,-0.0108,-0.0218,0.4998,-0.075,0.52,0.52,0.52,down,0.52,2026-09-21T14:15:19,-12.605,0.594999998807907,339.465,2026-09-21 19:44:12,2026-09-21 15:45:04
AAPL,AAPL270219P00210000,AAPL,2027-02-19,P,210.0,0.62,278.0,0.71,267.0,0.3989,232.0,8.0,-0.0196,0.0006,0.1064,-0.0132,-0.0288,0.6587,-0.095,0.68,0.68,0.64,down,0.64,2026-09-21T13:25:30,-12.9252,0.734999984502792,339.465,2026-09-21 19:44:12,2026-09-21 15:45:04
AAPL,AAPL270219P00220000,AAPL,2027-02-19,P,220.0,0.81,284.0,1.0,589.0,0.3858,539.0,0.0,-0.0258,0.0007,0.1344,-0.0161,-0.0377,0.8626,0.0,0.0,0.0,0.0,up,0.98,2026-09-18T14:54:05,0.0,0.940000027418136,339.465,2026-09-21 19:44:12,2026-09-21 15:45:04
AAPL,AAPL270219P00230000,AAPL,2027-02-19,P,230.0,1.07,417.0,1.18,440.0,0.3673,1157.0,30.0,-0.0337,0.0009,0.167,-0.0193,-0.049,1.126,-0.17,1.19,1.22,1.1,down,1.1,2026-09-21T13:28:52,-13.3858,1.27000004053116,339.465,2026-09-21 19:44:12,2026-09-21 15:45:04
AAPL,AAPL270219P00240000,AAPL,2027-02-19,P,240.0,1.42,320.0,1.52,242.0,0.353,2702.0,3.0,-0.0439,0.0012,0.2069,-0.0231,-0.0636,1.468,-0.125,1.47,1.51,1.45,up,1.51,2026-09-21T15:01:44,-7.64526,1.6350000500679,339.465,2026-09-21 19:44:12,2026-09-21 15:45:04
AAPL,AAPL270219P00250000,AAPL,2027-02-19,P,250.0,1.9,5.0,1.97,175.0,0.3403,2538.0,25.0,-0.0569,0.0016,0.2547,-0.0274,-0.0822,1.9109,-0.2,2.13,2.21,1.85,no_change,1.92,2026-09-21T15:20:22,-9.43396,2.12000000476837,339.465,2026-09-21 19:44:12,2026-09-21 15:45:04
AAPL,AAPL270219P00260000,AAPL,2027-02-19,P,260.0,2.45,158.0,2.59,237.0,0.3271,3441.0,18.0,-0.0738,0.002,0.3099,-0.0324,-0.106,2.5016,-0.225,2.77,2.77,2.47,up,2.58,2026-09-21T15:00:50,-8.02139,2.80499994754791,339.465,2026-09-21 19:44:12,2026-09-21 15:45:04
AAPL,AAPL270219P00270000,AAPL,2027-02-19,P,270.0,3.2,348.0,3.4,403.0,0.3151,13258.0,24.0,-0.0956,0.0025,0.375,-0.038,-0.1359,3.287,-0.325,3.55,3.55,3.21,up,3.4,2026-09-21T15:01:07,-8.72483,3.72500002384186,339.465,2026-09-21 19:44:12,2026-09-21 15:45:04
AAPL,AAPL270219P00280000,AAPL,2027-02-19,P,280.0,4.3,6.0,4.5,384.0,0.3058,7552.0,40.0,-0.1232,0.0031,0.4491,-0.0443,-0.1735,4.3298,-0.575,5.07,5.07,4.29,up,4.35,2026-09-21T14:31:42,-11.6751,4.92500019073486,339.465,2026-09-21 19:44:12,2026-09-21 15:45:04
AAPL,AAPL270219P00290000,AAPL,2027-02-19,P,290.0,5.65,75.0,5.9,335.0,0.2962,8795.0,80.0,-0.1577,0.0038,0.5307,-0.0509,-0.2201,5.7033,-0.655,6.7,6.7,5.64,up,5.77,2026-09-21T15:17:36,-10.1946,6.42500019073486,339.465,2026-09-21 19:44:12,2026-09-21 15:45:04
AAPL,AAPL270219P00300000,AAPL,2027-02-19,P,300.0,7.45,2.0,7.75,378.0,0.2883,4452.0,72.0,-0.1998,0.0045,0.6141,-0.0576,-0.2745,7.4911,-0.875,8.65,8.65,7.39,up,7.55,2026-09-21T14:36:01,-10.3858,8.4249997138977,339.465,2026-09-21 19:44:12,2026-09-21 15:45:04
AAPL,AAPL270219P00310000,AAPL,2027-02-19,P,310.0,9.65,62.0,10.05,363.0,0.2802,3268.0,37.0,-0.25,0.0053,0.694,-0.064,-0.336,9.7795,-1.025,11.23,11.4,9.75,down,9.9,2026-09-21T15:07:57,-9.38215,10.9249997138977,339.465,2026-09-21 19:44:12,2026-09-21 15:45:04
AAPL,AAPL270219P00320000,AAPL,2027-02-19,P,320.0,12.45,350.0,12.95,470.0,0.2733,2218.0,34.0,-0.308,0.0061,0.7653,-0.0696,-0.4038,12.6518,-1.445,14.46,14.6,12.58,down,12.58,2026-09-21T12:20:54,-10.303,14.0250000953674,339.465,2026-09-21 19:44:12,2026-09-21 15:45:04
AAPL,AAPL270219P00330000,AAPL,2027-02-19,P,330.0,16.0,109.0,16.5,520.0,0.2677,1599.0,114.0,-0.373,0.0068,0.8208,-0.0738,-0.4726,16.184,-1.33,17.05,17.05,16.15,up,16.42,2026-09-21T14:58:40,-7.49296,17.75,339.465,2026-09-21 19:44:12,2026-09-21 15:45:04
AAPL,AAPL270219P00340000,AAPL,2027-02-19,P,340.0,20.2,212.0,20.8,408.0,0.2627,754.0,4.0,-0.4437,0.0073,0.8536,-0.0762,-0.5391,20.4392,-1.65,22.55,22.55,20.65,no_change,20.65,2026-09-21T14:36:01,-7.3991,22.3000001907349,339.465,2026-09-21 19:44:12,2026-09-21 15:45:04
AAPL,AAPL270219P00350000,AAPL,2027-02-19,P,350.0,25.3,93.0,25.85,234.0,0.259,392.0,13.0,-0.518,0.0076,0.8582,-0.0766,-0.5964,25.4614,-1.65,26.35,26.35,25.64,up,25.9,2026-09-21T14:18:42,-5.98911,27.5500001907349,339.465,2026-09-21 19:44:12,2026-09-21 15:45:04
AAPL,AAPL270219P00360000,AAPL,2027-02-19,P,360.0,30.95,171.0,32.2,619.0,0.2578,128.0,1.0,-0.5937,0.0078,0.8319,-0.0749,-0.6372,31.2703,-2.1,31.35,31.35,31.35,down,31.35,2026-09-21T13:11:57,-6.27803,33.4500007629394,339.465,2026-09-21 19:44:12,2026-09-21 15:45:04
AAPL,AAPL270219P00370000,AAPL,2027-02-19,P,370.0,37.4,243.0,38.85,591.0,0.2547,39.0,4.0,-0.6683,0.0077,0.7748,-0.0714,-0.6537,37.8575,-2.25,38.9,38.9,38.0,down,38.0,2026-09-21T12:42:51,-5.59006,40.25,339.465,2026-09-21 19:44:12,2026-09-21 15:45:04
AAPL,AAPL270219P00380000,AAPL,2027-02-19,P,380.0,44.7,192.0,47.0,415.0,0.2587,50.0,0.0,-0.74,0.0075,0.6891,-0.0666,-0.6367,45.1857,0.0,0.0,0.0,0.0,up,56.3,2026-09-01T11:52:12,0.0,47.8999996185303,339.465,2026-09-21 19:44:12,2026-09-21 15:45:04
AAPL,AAPL270219P00390000,AAPL,2027-02-19,P,390.0,52.85,44.0,54.8,349.0,0.2583,1.0,0.0,-0.807,0.0072,0.5778,-0.0612,-0.5833,53.1956,0.0,0.0,0.0,0.0,up,68.4,2026-09-10T09:38:31,0.0,56.0999984741211,339.465,2026-09-21 19:44:12,2026-09-21 15:45:04
AAPL,AAPL270219P00400000,AAPL,2027-02-19,P,400.0,61.2,153.0,63.15,345.0,0.2547,20.0,0.0,-0.8685,0.0067,0.4416,-0.0551,-0.48,61.8145,0.0,0.0,0.0,0.0,no_change,66.1,2026-09-18T11:07:17,0.0,65.1249980926514,339.465,2026-09-21 19:44:12,2026-09-21 15:45:04
AAPL,AAPL270219P00410000,AAPL,2027-02-19,P,410.0,70.4,42.0,73.0,147.0,0.2685,0.0,0.0,-0.9246,0.0065,0.2938,-0.0456,-0.3009,70.9553,0.0,0.0,0.0,0.0,no_change,78.32,2026-07-24T12:35:46,0.0,74.0250015258789,339.465,2026-09-21 19:44:12,2026-09-21 15:45:04
AAPL,AAPL270219P00420000,AAPL,2027-02-19,P,420.0,80.15,3.0,82.45,116.0,0.2805,0.0,0.0,-0.9721,0.005,0.1237,-0.0599,-0.1396,80.5706,0.0,0.0,0.0,0.0,no_change,0.0,,0.0,83.7750015258789,339.465,2026-09-21 19:44:12,2026-09-21 15:45:04
AAPL,AAPL270219P00430000,AAPL,2027-02-19,P,430.0,89.7,9.0,92.45,81.0,0.2948,0.0,0.0,-0.9955,0.0009,0.0,-0.0541,0.0,90.5357,0.0,0.0,0.0,0.0,no_change,0.0,,0.0,93.7000007629394,339.465,2026-09-21 19:44:12,2026-09-21 15:45:04
AAPL,AAPL270219P00440000,AAPL,2027-02-19,P,440.0,99.7,13.0,102.45,85.0,0.3157,0.0,0.0,-1.0,0.0,0.0,-0.0541,0.0,100.5357,0.0,0.0,0.0,0.0,no_change,0.0,,0.0,103.775001525879,339.465,2026-09-21 19:44:12,2026-09-21 15:45:04
AAPL,AAPL270219P00450000,AAPL,2027-02-19,P,450.0,110.15,2.0,112.45,86.0,0.3443,0.0,0.0,-1.0,0.0,0.0,-0.0541,0.0,110.5357,0.0,0.0,0.0,0.0,no_change,0.0,,0.0,113.625,339.465,2026-09-21 19:44:12,2026-09-21 15:45:04
AAPL,AAPL270219P00460000,AAPL,2027-02-19,P,460.0,119.65,6.0,122.55,91.0,0.3563,0.0,0.0,-1.0,0.0,0.0,-0.0541,0.0,120.5357,0.0,0.0,0.0,0.0,no_change,0.0,,0.0,123.625,339.465,2026-09-21 19:44:12,2026-09-21 15:45:04
AAPL,AAPL270219P00470000,AAPL,2027-02-19,P,470.0,129.5,6.0,132.55,91.0,0.3717,0.0,0.0,-1.0,0.0,0.0,-0.0541,0.0,130.5357,0.0,0.0,0.0,0.0,no_change,0.0,,0.0,133.625,339.465,2026-09-21 19:44:12,2026-09-21 15:45:04
AAPL,AAPL270219P00480000,AAPL,2027-02-19,P,480.0,139.5,6.0,142.55,86.0,0.3899,0.0,0.0,-1.0,0.0,0.0,-0.0541,0.0,140.5357,0.0,0.0,0.0,0.0,no_change,0.0,,0.0,143.625,339.465,2026-09-21 19:44:12,2026-09-21 15:45:04
AAPL,AAPL270219P00490000,AAPL,2027-02-19,P,490.0,149.65,6.0,152.55,91.0,0.4112,0.0,0.0,-1.0,0.0,0.0,-0.0541,0.0,150.5357,0.0,0.0,0.0,0.0,no_change,0.0,,0.0,153.625,339.465,2026-09-21 19:44:12,2026-09-21 15:45:04
AAPL,AAPL270219P00500000,AAPL,2027-02-19,P,500.0,159.65,6.0,162.55,91.0,0.4285,0.0,0.0,-1.0,0.0,0.0,-0.0541,0.0,160.5357,0.0,0.0,0.0,0.0,no_change,0.0,,0.0,163.625,339.465,2026-09-21 19:44:12,2026-09-21 15:45:04
AAPL,AAPL270219P00510000,AAPL,2027-02-19,P,510.0,169.65,6.0,172.55,91.0,0.4452,0.0,0.0,-1.0,0.0,0.0,-0.0541,0.0,170.5357,0.0,0.0,0.0,0.0,no_change,0.0,,0.0,173.625,339.465,2026-09-21 19:44:12,2026-09-21 15:45:04
AAPL,AAPL270219P00520000,AAPL,2027-02-19,P,520.0,179.65,6.0,182.55,86.0,0.4616,0.0,0.0,-1.0,0.0,0.0,-0.0541,0.0,180.5357,0.0,0.0,0.0,0.0,no_change,0.0,,0.0,183.875,339.465,2026-09-21 19:44:12,2026-09-21 15:45:04
AAPL,AAPL270219P00530000,AAPL,2027-02-19,P,530.0,189.65,6.0,192.55,91.0,0.4776,0.0,0.0,-1.0,0.0,0.0,-0.0541,0.0,190.5357,0.0,0.0,0.0,0.0,no_change,0.0,,0.0,193.625,339.465,2026-09-21 19:44:12,2026-09-21 15:45:04
AAPL,AAPL270219P00540000,AAPL,2027-02-19,P,540.0,199.65,10.0,202.55,91.0,0.4932,0.0,0.0,-1.0,0.0,0.0,-0.0541,0.0,200.5357,0.0,0.0,0.0,0.0,no_change,0.0,,0.0,203.824996948242,339.465,2026-09-21 19:44:12,2026-09-21 15:45:04
AAPL,AAPL270219P00550000,AAPL,2027-02-19,P,550.0,209.65,6.0,212.55,91.0,0.5084,0.0,0.0,-1.0,0.0,0.0,-0.0541,0.0,210.5357,0.0,0.0,0.0,0.0,no_change,0.0,,0.0,213.625,339.465,2026-09-21 19:44:12,2026-09-21 15:45:04
AAPL,AAPL270219P00560000,AAPL,2027-02-19,P,560.0,219.45,6.0,222.55,86.0,0.518,0.0,0.0,-1.0,0.0,0.0,-0.0541,0.0,220.5357,0.0,0.0,0.0,0.0,no_change,0.0,,0.0,223.625,339.465,2026-09-21 19:44:12,2026-09-21 15:45:04
AAPL,AAPL270219P00570000,AAPL,2027-02-19,P,570.0,229.45,6.0,232.55,86.0,0.5325,0.0,0.0,-1.0,0.0,0.0,-0.0541,0.0,230.5357,0.0,0.0,0.0,0.0,no_change,0.0,,0.0,233.625,339.465,2026-09-21 19:44:12,2026-09-21 15:45:04
AAPL,AAPL270219P00580000,AAPL,2027-02-19,P,580.0,239.55,6.0,242.55,91.0,0.5496,0.0,0.0,-1.0,0.0,0.0,-0.0541,0.0,240.5357,0.0,0.0,0.0,0.0,no_change,0.0,,0.0,243.625,339.465,2026-09-21 19:44:12,2026-09-21 15:45:04
AAPL,AAPL270219P00590000,AAPL,2027-02-19,P,590.0,249.65,6.0,252.55,91.0,0.5662,0.0,0.0,-1.0,0.0,0.0,-0.0541,0.0,250.5357,0.0,0.0,0.0,0.0,no_change,0.0,,0.0,253.625,339.465,2026-09-21 19:44:12,2026-09-21 15:45:04
AAPL,AAPL270219P00600000,AAPL,2027-02-19,P,600.0,259.6,10.0,262.55,91.0,0.5786,0.0,0.0,-1.0,0.0,0.0,-0.0541,0.0,260.5357,0.0,0.0,0.0,0.0,no_change,0.0,,0.0,263.625,339.465,2026-09-21 19:44:12,2026-09-21 15:45:04
AAPL,AAPL270319C00005000,AAPL,2027-03-19,C,5.0,332.5,86.0,336.15,76.0,0.0,0.0,0.0,1.0,0.0,0.0,0.0,0.0067,334.6101,0.0,0.0,0.0,0.0,no_change,299.0,2026-06-08T14:34:55,0.0,331.0,339.465,2026-09-21 19:44:12,2026-09-21 15:45:04
AAPL,AAPL270319C00010000,AAPL,2027-03-19,C,10.0,327.6,86.0,331.15,76.0,0.0,0.0,0.0,1.0,0.0,0.0,0.0,0.0133,329.6403,0.0,0.0,0.0,0.0,no_change,0.0,,0.0,326.050003051758,339.465,2026-09-21 19:44:12,2026-09-21 15:45:04
AAPL,AAPL270319C00015000,AAPL,2027-03-19,C,15.0,322.65,86.0,325.55,6.0,0.0,0.0,0.0,1.0,0.0,0.0,0.0,0.02,324.6705,0.0,0.0,0.0,0.0,no_change,0.0,,0.0,321.049987792969,339.465,2026-09-21 19:44:12,2026-09-21 15:45:04
AAPL,AAPL270319C00020000,AAPL,2027-03-19,C,20.0,317.75,86.0,320.6,6.0,0.0,0.0,0.0,1.0,0.0,0.0,0.0,0.0299,319.701,0.0,0.0,0.0,0.0,no_change,0.0,,0.0,316.125,339.465,2026-09-21 19:44:12,2026-09-21 15:45:04
AAPL,AAPL270319C00025000,AAPL,2027-03-19,C,25.0,312.85,86.0,316.0,76.0,0.0,0.0,0.0,1.0,0.0,0.0002,0.0,0.0945,314.7743,0.0,0.0,0.0,0.0,no_change,0.0,,0.0,311.200012207031,339.465,2026-09-21 19:44:12,2026-09-21 15:45:04
AAPL,AAPL270319C00030000,AAPL,2027-03-19,C,30.0,307.9,86.0,310.8,6.0,0.0,0.0,0.0,1.0,0.0,0.0003,0.0,0.1133,309.8635,0.0,0.0,0.0,0.0,down,218.22,2026-03-20T10:08:17,0.0,306.299987792969,339.465,2026-09-21 19:44:12,2026-09-21 15:45:04
AAPL,AAPL270319C00035000,AAPL,2027-03-19,C,35.0,303.0,86.0,305.9,6.0,0.0,0.0,0.0,1.0,0.0,0.0005,0.0,0.1322,304.9529,0.0,0.0,0.0,0.0,no_change,0.0,,0.0,301.425003051758,339.465,2026-09-21 19:44:12,2026-09-21 15:45:04
AAPL,AAPL270319C00040000,AAPL,2027-03-19,C,40.0,298.1,86.0,300.95,6.0,0.0,0.0,0.0,1.0,0.0,0.0007,0.0,0.1512,300.0426,0.0,0.0,0.0,0.0,no_change,0.0,,0.0,296.524993896484,339.465,2026-09-21 19:44:12,2026-09-21 15:45:04
AAPL,AAPL270319C00045000,AAPL,2027-03-19,C,45.0,293.2,86.0,296.8,75.0,0.0,1.0,0.0,1.0,0.0,0.001,0.0,0.1703,295.1325,0.0,0.0,0.0,0.0,down,264.84,2026-08-25T15:26:10,0.0,291.625,339.465,2026-09-21 19:44:12,2026-09-21 15:45:04
AAPL,AAPL270319C00050000,AAPL,2027-03-19,C,50.0,288.35,86.0,291.8,75.0,0.0,3.0,0.0,1.0,0.0,0.0013,0.0,0.1896,290.223,0.0,0.0,0.0,0.0,down,255.7,2026-08-17T10:31:49,0.0,286.75,339.465,2026-09-21 19:44:12,2026-09-21 15:45:04
AAPL,AAPL270319C00060000,AAPL,2027-03-19,C,60.0,278.55,86.0,281.75,1.0,0.0,2.0,0.0,1.0,0.0,0.0022,0.0,0.2661,280.4149,0.0,0.0,0.0,0.0,down,237.58,2026-06-15T14:48:45,0.0,277.050003051758,339.465,2026-09-21 19:44:12,2026-09-21 15:45:04
AAPL,AAPL270319C00070000,AAPL,2027-03-19,C,70.0,268.8,86.0,272.1,75.0,0.0,3.0,0.0,0.9999,0.0,0.0031,0.0,0.3358,270.6405,0.0,0.0,0.0,0.0,down,243.4,2026-06-04T14:34:12,0.0,267.274993896484,339.465,2026-09-21 19:44:12,2026-09-21 15:45:04
AAPL,AAPL270319C00080000,AAPL,2027-03-19,C,80.0,259.0,86.0,262.0,76.0,0.0,4.0,0.0,0.9997,0.0,0.0043,0.0,0.3873,260.8773,0.0,0.0,0.0,0.0,down,245.48,2026-09-02T15:42:22,0.0,257.449996948242,339.465,2026-09-21 19:44:12,2026-09-21 15:45:04
AAPL,AAPL270319C00085000,AAPL,2027-03-19,C,85.0,254.15,86.0,257.1,76.0,0.0,31.0,0.0,0.9996,0.0,0.0051,0.0,0.4116,255.9971,0.0,0.0,0.0,0.0,down,233.32,2026-08-19T11:54:34,0.0,252.550003051758,339.465,2026-09-21 19:44:12,2026-09-21 15:45:04
AAPL,AAPL270319C00090000,AAPL,2027-03-19,C,90.0,249.25,86.0,252.2,76.0,0.0,7.0,0.0,0.9995,0.0,0.006,0.0,0.4356,251.1175,0.0,0.0,0.0,0.0,up,246.05,2026-09-11T13:24:30,0.0,247.699996948242,339.465,2026-09-21 19:44:12,2026-09-21 15:45:04
AAPL,AAPL270319C00095000,AAPL,2027-03-19,C,95.0,244.35,86.0,247.35,76.0,0.0,1.0,0.0,0.9994,0.0,0.007,0.0,0.4596,246.2386,0.0,0.0,0.0,0.0,down,187.37,2026-06-25T10:39:13,0.0,242.824996948242,339.465,2026-09-21 19:44:12,2026-09-21 15:45:04
AAPL,AAPL270319C00100000,AAPL,2027-03-19,C,100.0,239.5,86.0,242.45,76.0,0.0,13.0,0.0,0.9992,0.0,0.0082,0.0,0.4835,241.3604,0.0,0.0,0.0,0.0,no_change,219.21,2026-08-31T15:59:17,0.0,237.899993896484,339.465,2026-09-21 19:44:12,2026-09-21 15:45:04
AAPL,AAPL270319C00105000,AAPL,2027-03-19,C,105.0,234.6,86.0,237.6,76.0,0.0,46.0,0.0,0.999,0.0,0.0096,0.0,0.5074,236.4832,0.0,0.0,0.0,0.0,up,208.4,2026-08-18T10:36:10,0.0,232.925003051758,339.465,2026-09-21 19:44:12,2026-09-21 15:45:04
AAPL,AAPL270319C00110000,AAPL,2027-03-19,C,110.0,229.7,86.0,232.7,76.0,0.0,2.0,0.0,0.9988,0.0,0.0111,0.0,0.5312,231.6069,0.0,0.0,0.0,0.0,up,209.87,2026-07-13T15:54:58,0.0,228.175003051758,339.465,2026-09-21 19:44:12,2026-09-21 15:45:04
AAPL,AAPL270319C00115000,AAPL,2027-03-19,C,115.0,224.85,87.0,227.85,76.0,0.0,2.0,0.0,0.9986,0.0,0.0128,0.0,0.555,226.7317,0.0,0.0,0.0,0.0,down,201.29,2026-09-09T13:04:25,0.0,223.324996948242,339.465,2026-09-21 19:44:12,2026-09-21 15:45:04
AAPL,AAPL270319C00120000,AAPL,2027-03-19,C,120.0,219.95,87.0,222.95,76.0,0.0,6.0,0.0,0.9983,0.0,0.0148,0.0,0.5787,221.8578,0.0,0.0,0.0,0.0,up,194.16,2026-08-21T12:30:11,0.0,218.375,339.465,2026-09-21 19:44:12,2026-09-21 15:45:04
AAPL,AAPL270319C00125000,AAPL,2027-03-19,C,125.0,215.1,87.0,217.8,10.0,0.0,44.0,0.0,0.998,0.0,0.017,0.0,0.6023,216.9853,0.0,0.0,0.0,0.0,up,200.1,2026-08-28T11:50:27,0.0,213.574996948242,339.465,2026-09-21 19:44:12,2026-09-21 15:45:04
AAPL,AAPL270319C00130000,AAPL,2027-03-19,C,130.0,210.2,87.0,213.25,77.0,0.0,26.0,0.0,0.9976,0.0001,0.0194,0.0,0.6259,212.1145,0.0,0.0,0.0,0.0,up,207.94,2026-09-18T14:41:42,0.0,208.525001525879,339.465,2026-09-21 19:44:12,2026-09-21 15:45:04
AAPL,AAPL270319C00135000,AAPL,2027-03-19,C,135.0,205.35,87.0,207.9,10.0,0.0,31.0,0.0,0.9972,0.0001,0.0222,0.0,0.6493,207.2455,0.0,0.0,0.0,0.0,up,183.35,2026-08-31T11:29:55,0.0,203.699996948242,339.465,2026-09-21 19:44:12,2026-09-21 15:45:04
AAPL,AAPL270319C00140000,AAPL,2027-03-19,C,140.0,200.45,87.0,203.5,84.0,0.0,44.0,0.0,0.9968,0.0001,0.0254,0.0,0.6727,202.3788,0.0,0.0,0.0,0.0,up,178.7,2026-08-31T11:17:08,0.0,199.0,339.465,2026-09-21 19:44:12,2026-09-21 15:45:04
AAPL,AAPL270319C00145000,AAPL,2027-03-19,C,145.0,195.6,87.0,198.55,80.0,0.0,61.0,0.0,0.9962,0.0001,0.0289,0.0,0.6959,197.5146,0.0,0.0,0.0,0.0,no_change,158.35,2026-06-16T12:10:06,0.0,194.099998474121,339.465,2026-09-21 19:44:12,2026-09-21 15:45:04
AAPL,AAPL270319C00150000,AAPL,2027-03-19,C,150.0,190.75,90.0,193.85,102.0,0.0,60.0,1.0,0.9956,0.0001,0.0329,0.0,0.7189,192.6534,2.845,191.87,191.87,191.87,up,191.87,2026-09-21T12:38:59,1.5051,189.024993896484,339.465,2026-09-21 19:44:12,2026-09-21 15:45:04
AAPL,AAPL270319C00155000,AAPL,2027-03-19,C,155.0,185.9,87.0,188.5,10.0,0.0,235.0,0.0,0.9949,0.0001,0.0374,0.0,0.7418,187.7955,0.0,0.0,0.0,0.0,no_change,159.69,2026-08-06T11:22:02,0.0,184.400001525879,339.465,2026-09-21 19:44:12,2026-09-21 15:45:04
AAPL,AAPL270319C00160000,AAPL,2027-03-19,C,160.0,181.0,87.0,184.0,198.0,0.0,266.0,0.0,0.994,0.0001,0.0426,0.0,0.7645,182.9416,0.0,0.0,0.0,0.0,up,168.91,2026-09-02T10:01:32,0.0,179.574996948242,339.465,2026-09-21 19:44:12,2026-09-21 15:45:04
AAPL,AAPL270319C00165000,AAPL,2027-03-19,C,165.0,176.15,105.0,178.95,209.0,0.0,551.0,0.0,0.9931,0.0002,0.0483,0.0,0.787,178.092,0.0,0.0,0.0,0.0,up,166.32,2026-09-03T15:29:37,0.0,174.675003051758,339.465,2026-09-21 19:44:12,2026-09-21 15:45:04
AAPL,AAPL270319C00170000,AAPL,2027-03-19,C,170.0,171.3,89.0,174.35,263.0,0.0,524.0,0.0,0.992,0.0002,0.0546,0.0,0.8092,173.2475,0.0,0.0,0.0,0.0,down,150.41,2026-08-19T10:00:09,0.0,169.800003051758,339.465,2026-09-21 19:44:12,2026-09-21 15:45:04
AAPL,AAPL270319C00175000,AAPL,2027-03-19,C,175.0,166.5,87.0,168.9,10.0,0.0,123.0,0.0,0.9908,0.0002,0.0618,0.0,0.8312,168.4085,0.0,0.0,0.0,0.0,up,161.37,2026-09-17T10:46:45,0.0,164.849998474121,339.465,2026-09-21 19:44:12,2026-09-21 15:45:04
AAPL,AAPL270319C00180000,AAPL,2027-03-19,C,180.0,162.05,76.0,164.55,165.0,0.3776,105.0,10.0,0.9894,0.0003,0.0698,0.0,0.8528,163.5757,0.59,160.54,160.54,160.54,up,160.54,2026-09-21T10:05:44,0.368862,159.950004577637,339.465,2026-09-21 19:44:12,2026-09-21 15:45:04
AAPL,AAPL270319C00185000,AAPL,2027-03-19,C,185.0,156.8,87.0,159.65,70.0,0.0,22.0,0.0,0.9878,0.0003,0.0786,0.0,0.874,158.75,0.0,0.0,0.0,0.0,up,131.8,2026-08-07T15:46:46,0.0,155.125,339.465,2026-09-21 19:44:12,2026-09-21 15:45:04
AAPL,AAPL270319C00190000,AAPL,2027-03-19,C,190.0,152.4,84.0,154.6,10.0,0.3383,29.0,0.0,0.986,0.0004,0.0882,0.0,0.895,153.9319,0.0,0.0,0.0,0.0,up,135.27,2026-09-04T10:48:25,0.0,150.599998474121,339.465,2026-09-21 19:44:12,2026-09-21 15:45:04
AAPL,AAPL270319C00195000,AAPL,2027-03-19,C,195.0,147.6,276.0,150.05,173.0,0.373,329.0,0.0,0.984,0.0004,0.0991,0.0,0.9154,149.1223,0.0,0.0,0.0,0.0,down,126.93,2026-08-06T09:59:04,0.0,145.75,339.465,2026-09-21 19:44:12,2026-09-21 15:45:04
AAPL,AAPL270319C00200000,AAPL,2027-03-19,C,200.0,142.8,232.0,144.85,10.0,0.3368,107.0,1.0,0.9816,0.0005,0.1109,0.0,0.9354,144.3224,0.725,141.7,141.7,141.7,up,141.7,2026-09-21T10:15:27,0.514277,140.974998474121,339.465,2026-09-21 19:44:12,2026-09-21 15:45:04
AAPL,AAPL270319C00210000,AAPL,2027-03-19,C,210.0,133.2,348.0,135.25,30.0,0.3368,168.0,0.0,0.9761,0.0006,0.1379,0.0,0.9737,134.7555,0.0,0.0,0.0,0.0,up,131.35,2026-09-18T09:52:16,0.0,131.25,339.465,2026-09-21 19:44:12,2026-09-21 15:45:04
AAPL,AAPL270319C00220000,AAPL,2027-03-19,C,220.0,123.7,375.0,125.5,10.0,0.3248,119.0,1.0,0.9692,0.0008,0.1703,-0.001,1.0092,125.2426,1.5,123.3,123.3,123.3,up,123.3,2026-09-21T12:27:09,1.23153,121.799999237061,339.465,2026-09-21 19:44:12,2026-09-21 15:45:04
AAPL,AAPL270319C00230000,AAPL,2027-03-19,C,230.0,114.25,394.0,116.05,10.0,0.3221,396.0,1.0,0.9604,0.001,0.2087,-0.0053,1.0414,115.7991,2.62,115.17,115.17,115.17,up,115.17,2026-09-21T12:46:16,2.32785,112.550003051758,339.465,2026-09-21 19:44:12,2026-09-21 15:45:04
AAPL,AAPL270319C00240000,AAPL,2027-03-19,C,240.0,104.9,429.0,106.75,19.0,0.3183,469.0,1.0,0.9492,0.0013,0.2538,-0.0101,1.0692,106.4474,1.775,104.9,104.9,104.9,up,104.9,2026-09-21T10:39:37,1.72121,103.125,339.465,2026-09-21 19:44:12,2026-09-21 15:45:04
AAPL,AAPL270319C00250000,AAPL,2027-03-19,C,250.0,95.7,402.0,97.55,12.0,0.3126,1172.0,1.0,0.9352,0.0016,0.3071,-0.0153,1.0913,97.2163,2.56,96.56,96.56,96.56,up,96.56,2026-09-21T12:18:14,2.7234,94.0,339.465,2026-09-21 19:44:12,2026-09-21 15:45:04
AAPL,AAPL270319C00260000,AAPL,2027-03-19,C,260.0,86.85,409.0,88.85,123.0,0.3138,2073.0,1.0,0.9174,0.002,0.3683,-0.021,1.1067,88.1441,0.92,85.82,85.82,85.82,up,85.82,2026-09-21T10:55:17,1.08363,84.9000015258789,339.465,2026-09-21 19:44:12,2026-09-21 15:45:04
AAPL,AAPL270319C00270000,AAPL,2027-03-19,C,270.0,77.9,382.0,79.8,90.0,0.3014,1803.0,1.0,0.8953,0.0024,0.4375,-0.0272,1.1136,79.2782,1.0,77.2,77.2,77.2,up,77.2,2026-09-21T11:12:01,1.31233,76.2000007629394,339.465,2026-09-21 19:44:12,2026-09-21 15:45:04
AAPL,AAPL270319C00280000,AAPL,2027-03-19,C,280.0,69.45,445.0,70.9,12.0,0.2919,2268.0,8.0,0.868,0.003,0.5142,-0.0336,1.1102,70.6733,2.01,68.6,70.01,68.6,up,70.01,2026-09-21T13:18:55,2.95588,68.0,339.465,2026-09-21 19:44:12,2026-09-21 15:45:04
AAPL,AAPL270319C00290000,AAPL,2027-03-19,C,290.0,61.15,480.0,62.9,181.0,0.287,2075.0,11.0,0.8348,0.0036,0.5958,-0.0402,1.0955,62.3915,2.605,61.0,62.28,60.0,up,62.28,2026-09-21T15:29:08,4.36531,59.6750011444092,339.465,2026-09-21 19:44:12,2026-09-21 15:45:04
AAPL,AAPL270319C00300000,AAPL,2027-03-19,C,300.0,53.0,520.0,55.4,349.0,0.281,3715.0,21.0,0.7955,0.0042,0.6785,-0.0467,1.0686,54.5,2.0,53.5,54.1,52.05,up,54.05,2026-09-21T14:45:26,3.84246,52.0499992370606,339.465,2026-09-21 19:44:12,2026-09-21 15:45:04
AAPL,AAPL270319C00310000,AAPL,2027-03-19,C,310.0,45.65,522.0,47.45,87.0,0.2716,4886.0,7.0,0.7499,0.0048,0.7582,-0.0528,1.0288,47.0673,1.55,43.18,46.5,43.18,no_change,46.5,2026-09-21T13:05:46,3.44828,44.9499988555908,339.465,2026-09-21 19:44:12,2026-09-21 15:45:04
AAPL,AAPL270319C00320000,AAPL,2027-03-19,C,320.0,39.2,461.0,40.35,17.0,0.2677,6245.0,42.0,0.6983,0.0054,0.83,-0.058,0.976,40.1591,1.155,36.9,39.45,36.9,down,39.28,2026-09-21T13:36:16,3.02951,38.125,339.465,2026-09-21 19:44:12,2026-09-21 15:45:04
AAPL,AAPL270319C00330000,AAPL,2027-03-19,C,330.0,33.25,563.0,33.85,1.0,0.2637,9030.0,568.0,0.6416,0.0059,0.8882,-0.062,0.9114,33.8342,1.2,32.53,33.55,31.6,up,33.55,2026-09-21T15:20:50,3.70943,32.3500003814697,339.465,2026-09-21 19:44:12,2026-09-21 15:45:04
AAPL,AAPL270319C00340000,AAPL,2027-03-19,C,340.0,27.75,606.0,28.35,103.0,0.2612,5149.0,368.0,0.581,0.0062,0.9282,-0.0646,0.837,28.1397,1.3,26.62,28.0,25.0,up,28.0,2026-09-21T15:20:15,4.86891,26.7000007629395,339.465,2026-09-21 19:44:12,2026-09-21 15:45:04
AAPL,AAPL270319C00350000,AAPL,2027-03-19,C,350.0,22.8,635.0,23.25,19.0,0.2573,6678.0,289.0,0.5181,0.0065,0.9465,-0.0655,0.7557,23.1056,1.075,21.13,23.0,20.45,no_change,23.0,2026-09-21T15:20:15,4.90308,21.9250001907349,339.465,2026-09-21 19:44:12,2026-09-21 15:45:04
AAPL,AAPL270319C00360000,AAPL,2027-03-19,C,360.0,18.45,639.0,18.95,339.0,0.2544,5887.0,172.0,0.4549,0.0065,0.9417,-0.0648,0.6707,18.74,1.15,17.05,18.8,16.4,up,18.8,2026-09-21T15:29:09,6.51558,17.6500005722046,339.465,2026-09-21 19:44:12,2026-09-21 15:45:04
AAPL,AAPL270319C00370000,AAPL,2027-03-19,C,370.0,14.75,674.0,15.2,34.0,0.2516,5234.0,108.0,0.3934,0.0064,0.9147,-0.0625,0.5854,15.0271,0.625,13.0,15.05,13.0,no_change,14.9,2026-09-21T14:55:42,4.37828,14.2750000953674,339.465,2026-09-21 19:44:12,2026-09-21 15:45:04
AAPL,AAPL270319C00380000,AAPL,2027-03-19,C,380.0,11.75,692.0,12.05,1.0,0.2498,6041.0,97.0,0.3353,0.0061,0.8683,-0.059,0.5029,11.9277,0.475,11.28,11.85,10.4,down,11.8,2026-09-21T15:19:13,4.19426,11.3250002861023,339.465,2026-09-21 19:44:12,2026-09-21 15:45:04
AAPL,AAPL270319C00390000,AAPL,2027-03-19,C,390.0,9.1,650.0,9.55,124.0,0.2479,2402.0,424.0,0.2819,0.0057,0.8066,-0.0544,0.4256,9.3841,0.55,8.5,9.5,8.5,down,9.4,2026-09-21T15:16:25,6.21468,8.85000038146973,339.465,2026-09-21 19:44:12,2026-09-21 15:45:04
AAPL,AAPL270319C00400000,AAPL,2027-03-19,C,400.0,7.05,638.0,7.5,375.0,0.247,4761.0,146.0,0.2342,0.0052,0.7345,-0.0493,0.3552,7.3274,0.295,6.45,7.28,6.45,no_change,7.27,2026-09-21T14:55:49,4.22939,6.97500014305115,339.465,2026-09-21 19:44:12,2026-09-21 15:45:04
AAPL,AAPL270319C00410000,AAPL,2027-03-19,C,410.0,5.45,606.0,5.95,413.0,0.2475,2735.0,39.0,0.1925,0.0046,0.6571,-0.0439,0.2929,5.6849,0.225,5.3,5.65,5.3,no_change,5.65,2026-09-21T15:11:07,4.14746,5.42500019073486,339.465,2026-09-21 19:44:12,2026-09-21 15:45:04
AAPL,AAPL270319C00420000,AAPL,2027-03-19,C,420.0,4.15,371.0,4.45,3.0,0.2455,4125.0,48.0,0.1567,0.0041,0.579,-0.0384,0.2392,4.3869,0.15,3.85,4.4,3.85,no_change,4.35,2026-09-21T14:56:16,3.57143,4.20000004768372,339.465,2026-09-21 19:44:12,2026-09-21 15:45:04
AAPL,AAPL270319C00430000,AAPL,2027-03-19,C,430.0,3.25,405.0,3.6,366.0,0.2483,700.0,206.0,0.1266,0.0035,0.5032,-0.0332,0.1938,3.3705,0.1,3.2,3.36,3.15,no_change,3.35,2026-09-21T14:56:18,3.07692,3.25,339.465,2026-09-21 19:44:12,2026-09-21 15:45:04
AAPL,AAPL270319C00440000,AAPL,2027-03-19,C,440.0,2.38,355.0,2.61,2.0,0.2455,1608.0,6.0,0.1015,0.003,0.4316,-0.0284,0.1557,2.5805,0.06,2.48,2.61,2.45,down,2.56,2026-09-21T14:56:32,2.4,2.5,339.465,2026-09-21 19:44:12,2026-09-21 15:45:04
AAPL,AAPL270319C00450000,AAPL,2027-03-19,C,450.0,1.93,182.0,2.01,32.0,0.248,804.0,5.0,0.0809,0.0025,0.3664,-0.024,0.1241,1.9701,-0.075,1.85,1.85,1.85,down,1.85,2026-09-21T15:26:01,-3.8961,1.92500001192093,339.465,2026-09-21 19:44:12,2026-09-21 15:45:04
AAPL,AAPL270319C00460000,AAPL,2027-03-19,C,460.0,1.39,503.0,1.55,83.0,0.2477,288.0,12.0,0.0642,0.0021,0.3087,-0.0201,0.0986,1.5012,-0.015,1.36,1.44,1.36,up,1.44,2026-09-21T12:27:20,-1.03093,1.4549999833107,339.465,2026-09-21 19:44:12,2026-09-21 15:45:04
AAPL,AAPL270319C00470000,AAPL,2027-03-19,C,470.0,1.12,357.0,1.19,33.0,0.25,312.0,29.0,0.0507,0.0018,0.2576,-0.0167,0.078,1.143,-0.01,1.07,1.12,1.07,up,1.12,2026-09-21T15:09:08,-0.884955,1.12999999523163,339.465,2026-09-21 19:44:12,2026-09-21 15:45:04
AAPL,AAPL270319C00480000,AAPL,2027-03-19,C,480.0,0.8,311.0,0.96,302.0,0.251,336.0,0.0,0.04,0.0014,0.2138,-0.0138,0.0614,0.87,0.0,0.0,0.0,0.0,down,0.82,2026-09-17T09:53:49,0.0,0.849999994039536,339.465,2026-09-21 19:44:12,2026-09-21 15:45:04
AAPL,AAPL270319C00490000,AAPL,2027-03-19,C,490.0,0.61,336.0,0.7,5.0,0.2511,459.0,4.0,0.0314,0.0012,0.1768,-0.0114,0.0484,0.6628,-0.05,0.6,0.6,0.6,no_change,0.6,2026-09-21T09:40:36,-7.69231,0.650000005960464,339.465,2026-09-21 19:44:12,2026-09-21 15:45:04
AAPL,AAPL270319C00500000,AAPL,2027-03-19,C,500.0,0.46,439.0,0.56,270.0,0.2531,305.0,11.0,0.0247,0.001,0.1454,-0.0093,0.038,0.506,0.02,0.47,0.51,0.47,up,0.51,2026-09-21T14:33:49,4.08163,0.489999994635582,339.465,2026-09-21 19:44:12,2026-09-21 15:45:04
AAPL,AAPL270319C00510000,AAPL,2027-03-19,C,510.0,0.34,364.0,0.43,95.0,0.2539,67.0,0.0,0.0195,0.0008,0.1195,-0.0076,0.0299,0.3873,0.0,0.0,0.0,0.0,down,0.39,2026-09-17T12:02:02,0.0,0.375,339.465,2026-09-21 19:44:12,2026-09-21 15:45:04
AAPL,AAPL270319C00520000,AAPL,2027-03-19,C,520.0,0.17,794.0,0.38,305.0,0.2531,143.0,0.0,0.0153,0.0006,0.0975,-0.0062,0.0234,0.2961,0.0,0.0,0.0,0.0,down,0.3,2026-09-18T15:18:54,0.0,0.304999992251396,339.465,2026-09-21 19:44:12,2026-09-21 15:45:04
AAPL,AAPL270319C00530000,AAPL,2027-03-19,C,530.0,0.14,460.0,0.32,365.0,0.2573,33.0,0.0,0.0121,0.0005,0.0801,-0.0051,0.0185,0.2286,0.0,0.0,0.0,0.0,down,0.17,2026-09-15T15:25:10,0.0,0.229999996721745,339.465,2026-09-21 19:44:12,2026-09-21 15:45:04
AAPL,AAPL270319C00540000,AAPL,2027-03-19,C,540.0,0.16,191.0,0.23,332.0,0.2617,229.0,2.0,0.0096,0.0004,0.0658,-0.0042,0.0147,0.1777,0.045,0.17,0.23,0.17,up,0.23,2026-09-21T14:57:56,24.3243,0.185000006109476,339.465,2026-09-21 19:44:12,2026-09-21 15:45:04
AAPL,AAPL270319C00550000,AAPL,2027-03-19,C,550.0,0.06,446.0,0.22,371.0,0.2608,49.0,0.0,0.0076,0.0003,0.0543,-0.0034,0.0117,0.139,0.0,0.0,0.0,0.0,up,0.15,2026-09-15T11:10:27,0.0,0.134999997913837,339.465,2026-09-21 19:44:12,2026-09-21 15:45:04
AAPL,AAPL270319C00560000,AAPL,2027-03-19,C,560.0,0.01,459.0,0.2,291.0,0.2614,83.0,0.0,0.0061,0.0003,0.0448,-0.0028,0.0094,0.1097,0.0,0.0,0.0,0.0,down,0.1,2026-09-16T15:37:45,0.0,0.119999999180436,339.465,2026-09-21 19:44:12,2026-09-21 15:45:04
AAPL,AAPL270319C00570000,AAPL,2027-03-19,C,570.0,0.05,114.0,0.08,20.0,0.2571,1416.0,0.0,0.005,0.0002,0.0372,-0.0024,0.0076,0.0872,0.0,0.0,0.0,0.0,down,0.08,2026-09-15T10:01:02,0.0,0.11500000115484,339.465,2026-09-21 19:44:12,2026-09-21 15:45:04
AAPL,AAPL270319C00580000,AAPL,2027-03-19,C,580.0,0.01,216.0,0.16,343.0,0.2721,128.0,0.0,0.004,0.0002,0.0311,-0.002,0.0061,0.07,0.0,0.0,0.0,0.0,down,0.04,2026-09-14T13:06:20,0.0,0.09500000346452,339.465,2026-09-21 19:44:12,2026-09-21 15:45:04
AAPL,AAPL270319C00590000,AAPL,2027-03-19,C,590.0,0.01,111.0,0.16,254.0,0.28,7.0,0.0,0.0033,0.0001,0.0261,-0.0016,0.005,0.0567,0.0,0.0,0.0,0.0,down,0.08,2026-09-02T10:50:15,0.0,0.090000000782311,339.465,2026-09-21 19:44:12,2026-09-21 15:45:04
AAPL,AAPL270319C00600000,AAPL,2027-03-19,C,600.0,0.04,82.0,0.1,287.0,0.2823,4247.0,310.0,0.0027,0.0001,0.022,-0.0014,0.0041,0.0463,0.01,0.05,0.1,0.05,no_change,0.1,2026-09-21T13:35:40,11.1111,0.0899999979883432,339.465,2026-09-21 19:44:12,2026-09-21 15:45:04
AAPL,AAPL270319P00005000,AAPL,2027-03-19,P,5.0,0.0,0.0,0.01,9500.0,1.8333,3.0,0.0,0.0,0.0,0.0,0.0,0.0,0.0001,0.0,0.0,0.0,0.0,down,0.01,2026-06-16T13:07:30,0.0,0.025000000372529,339.465,2026-09-21 19:44:12,2026-09-21 15:45:04
AAPL,AAPL270319P00010000,AAPL,2027-03-19,P,10.0,0.0,0.0,0.01,1.0,1.509,1.0,0.0,0.0,0.0,0.0001,0.0,0.0,0.0004,0.0,0.0,0.0,0.0,down,0.01,2026-06-12T13:26:43,0.0,0.00499999988824129,339.465,2026-09-21 19:44:12,2026-09-21 15:45:04
AAPL,AAPL270319P00015000,AAPL,2027-03-19,P,15.0,0.0,0.0,0.28,250.0,1.7856,0.0,0.0,0.0,0.0,0.0001,0.0,0.0,0.0007,0.0,0.0,0.0,0.0,up,0.11,2026-05-28T13:44:15,0.0,0.00499999988824129,339.465,2026-09-21 19:44:12,2026-09-21 15:45:04
AAPL,AAPL270319P00020000,AAPL,2027-03-19,P,20.0,0.0,0.0,0.28,278.0,1.6079,0.0,0.0,0.0,0.0,0.0002,0.0,0.0,0.0012,0.0,0.0,0.0,0.0,no_change,0.0,,0.0,0.140000000596046,339.465,2026-09-21 19:44:12,2026-09-21 15:45:04
AAPL,AAPL270319P00025000,AAPL,2027-03-19,P,25.0,0.0,0.0,0.28,371.0,1.4738,0.0,0.0,0.0,0.0,0.0003,-0.0001,0.0,0.0018,0.0,0.0,0.0,0.0,no_change,0.0,,0.0,0.140000000596046,339.465,2026-09-21 19:44:12,2026-09-21 15:45:04
AAPL,AAPL270319P00030000,AAPL,2027-03-19,P,30.0,0.0,0.0,0.28,375.0,1.3664,0.0,0.0,0.0,0.0,0.0004,-0.0001,-0.0001,0.0025,0.0,0.0,0.0,0.0,no_change,0.0,,0.0,0.140000000596046,339.465,2026-09-21 19:44:12,2026-09-21 15:45:04
AAPL,AAPL270319P00035000,AAPL,2027-03-19,P,35.0,0.0,0.0,0.28,339.0,1.277,0.0,0.0,-0.0001,0.0,0.0006,-0.0001,-0.0001,0.0034,0.0,0.0,0.0,0.0,no_change,0.0,,0.0,0.140000000596046,339.465,2026-09-21 19:44:12,2026-09-21 15:45:04
AAPL,AAPL270319P00040000,AAPL,2027-03-19,P,40.0,0.0,0.0,0.39,372.0,1.2462,0.0,0.0,-0.0001,0.0,0.0008,-0.0002,-0.0001,0.0044,0.0,0.0,0.0,0.0,no_change,0.0,,0.0,0.140000000596046,339.465,2026-09-21 19:44:12,2026-09-21 15:45:04
AAPL,AAPL270319P00045000,AAPL,2027-03-19,P,45.0,0.0,0.0,0.28,599.0,1.1337,0.0,0.0,-0.0001,0.0,0.001,-0.0002,-0.0002,0.0057,0.0,0.0,0.0,0.0,no_change,0.0,,0.0,0.140000000596046,339.465,2026-09-21 19:44:12,2026-09-21 15:45:04
AAPL,AAPL270319P00050000,AAPL,2027-03-19,P,50.0,0.01,1.0,0.06,78.0,0.9385,651.0,2.0,-0.0001,0.0,0.0013,-0.0003,-0.0002,0.0072,-0.005,0.06,0.06,0.06,no_change,0.06,2026-09-21T14:15:11,-7.69231,0.0649999985471368,339.465,2026-09-21 19:44:12,2026-09-21 15:45:04
AAPL,AAPL270319P00060000,AAPL,2027-03-19,P,60.0,0.02,1.0,0.05,37.0,0.8501,11.0,1.0,-0.0002,0.0,0.002,-0.0004,-0.0004,0.011,0.0,0.07,0.07,0.07,down,0.07,2026-09-21T14:15:06,2.23517e-06,0.0699999984353781,339.465,2026-09-21 19:44:12,2026-09-21 15:45:04
AAPL,AAPL270319P00070000,AAPL,2027-03-19,P,70.0,0.0,0.0,0.15,628.0,0.8327,41.0,3.0,-0.0003,0.0,0.003,-0.0006,-0.0006,0.0161,-0.105,0.03,0.03,0.03,no_change,0.03,2026-09-21T14:15:39,-77.7778,0.135000005364418,339.465,2026-09-21 19:44:12,2026-09-21 15:45:04
AAPL,AAPL270319P00080000,AAPL,2027-03-19,P,80.0,0.0,0.0,0.3,738.0,0.8216,126.0,0.0,-0.0005,0.0,0.0043,-0.0008,-0.0009,0.0229,0.0,0.0,0.0,0.0,down,0.07,2026-09-03T10:29:43,0.0,0.150000005960464,339.465,2026-09-21 19:44:12,2026-09-21 15:45:04
AAPL,AAPL270319P00085000,AAPL,2027-03-19,P,85.0,0.0,0.0,0.31,651.0,0.7913,64.0,0.0,-0.0006,0.0,0.0051,-0.0009,-0.0011,0.027,0.0,0.0,0.0,0.0,down,0.08,2026-09-03T11:25:39,0.0,0.155000001192093,339.465,2026-09-21 19:44:12,2026-09-21 15:45:04
AAPL,AAPL270319P00090000,AAPL,2027-03-19,P,90.0,0.01,53.0,0.08,320.0,0.6708,6.0,1.0,-0.0007,0.0,0.006,-0.001,-0.0013,0.0317,0.005,0.08,0.08,0.08,up,0.08,2026-09-21T14:16:18,6.66666,0.0750000029802322,339.465,2026-09-21 19:44:12,2026-09-21 15:45:04
AAPL,AAPL270319P00095000,AAPL,2027-03-19,P,95.0,0.01,45.0,0.08,69.0,0.6448,25.0,2.0,-0.0008,0.0,0.0071,-0.0011,-0.0015,0.0371,0.015,0.08,0.08,0.08,no_change,0.08,2026-09-21T14:16:32,23.0769,0.0649999985471368,339.465,2026-09-21 19:44:12,2026-09-21 15:45:04
AAPL,AAPL270319P00100000,AAPL,2027-03-19,P,100.0,0.01,168.0,0.11,378.0,0.6369,70.0,3.0,-0.001,0.0,0.0083,-0.0013,-0.0018,0.0434,-0.005,0.05,0.05,0.05,no_change,0.05,2026-09-21T14:16:42,-9.09091,0.0550000006332994,339.465,2026-09-21 19:44:12,2026-09-21 15:45:04
AAPL,AAPL270319P00105000,AAPL,2027-03-19,P,105.0,0.02,21.0,0.09,32.0,0.6074,28.0,2.0,-0.0012,0.0,0.0096,-0.0015,-0.0021,0.0505,0.025,0.1,0.1,0.1,no_change,0.1,2026-09-21T14:16:57,33.3333,0.0750000001862645,339.465,2026-09-21 19:44:12,2026-09-21 15:45:04
AAPL,AAPL270319P00110000,AAPL,2027-03-19,P,110.0,0.01,99.0,0.13,344.0,0.5988,71.0,2.0,-0.0014,0.0,0.0111,-0.0017,-0.0025,0.0585,0.005,0.07,0.07,0.07,up,0.07,2026-09-21T14:17:13,7.69231,0.0649999985471368,339.465,2026-09-21 19:44:12,2026-09-21 15:45:04
AAPL,AAPL270319P00115000,AAPL,2027-03-19,P,115.0,0.03,11.0,0.11,24.0,0.5765,62.0,0.0,-0.0016,0.0,0.0129,-0.0019,-0.0029,0.0677,0.0,0.0,0.0,0.0,down,0.08,2026-09-02T10:49:37,0.0,0.0699999975040555,339.465,2026-09-21 19:44:12,2026-09-21 15:45:04
AAPL,AAPL270319P00120000,AAPL,2027-03-19,P,120.0,0.05,14.0,0.13,20.0,0.5693,115.0,0.0,-0.0019,0.0,0.0149,-0.0021,-0.0034,0.0781,0.0,0.0,0.0,0.0,no_change,0.09,2026-09-09T12:26:19,0.0,0.0950000006705522,339.465,2026-09-21 19:44:12,2026-09-21 15:45:04
AAPL,AAPL270319P00125000,AAPL,2027-03-19,P,125.0,0.05,26.0,0.14,246.0,0.5515,33.0,0.0,-0.0022,0.0,0.017,-0.0024,-0.0039,0.0901,0.0,0.0,0.0,0.0,down,0.05,2026-09-16T15:57:05,0.0,0.0800000028684735,339.465,2026-09-21 19:44:12,2026-09-21 15:45:04
AAPL,AAPL270319P00130000,AAPL,2027-03-19,P,130.0,0.02,188.0,0.16,287.0,0.5283,84.0,1.0,-0.0026,0.0001,0.0195,-0.0027,-0.0045,0.1036,-0.035,0.1,0.1,0.1,no_change,0.1,2026-09-21T09:30:00,-25.9259,0.135000001639128,339.465,2026-09-21 19:44:12,2026-09-21 15:45:04
AAPL,AAPL270319P00135000,AAPL,2027-03-19,P,135.0,0.05,57.0,0.18,128.0,0.5222,73.0,0.0,-0.003,0.0001,0.0223,-0.003,-0.0053,0.119,0.0,0.0,0.0,0.0,down,0.11,2026-09-10T12:43:34,0.0,0.125000001862645,339.465,2026-09-21 19:44:12,2026-09-21 15:45:04
AAPL,AAPL270319P00140000,AAPL,2027-03-19,P,140.0,0.1,72.0,0.21,401.0,0.5201,87.0,0.0,-0.0035,0.0001,0.0256,-0.0034,-0.0061,0.1367,0.0,0.0,0.0,0.0,up,0.16,2026-09-15T14:59:10,0.0,0.160000000149012,339.465,2026-09-21 19:44:12,2026-09-21 15:45:04
AAPL,AAPL270319P00145000,AAPL,2027-03-19,P,145.0,0.11,77.0,0.21,367.0,0.503,96.0,36.0,-0.004,0.0001,0.0291,-0.0038,-0.007,0.1571,-0.02,0.13,0.15,0.13,down,0.14,2026-09-21T10:24:05,-12.5,0.159999996423721,339.465,2026-09-21 19:44:12,2026-09-21 15:45:04
AAPL,AAPL270319P00150000,AAPL,2027-03-19,P,150.0,0.11,298.0,0.21,271.0,0.4846,228.0,37.0,-0.0047,0.0001,0.0331,-0.0042,-0.0081,0.1803,-0.025,0.2,0.21,0.16,down,0.16,2026-09-21T13:29:40,-13.5135,0.185000002384186,339.465,2026-09-21 19:44:12,2026-09-21 15:45:04
AAPL,AAPL270319P00155000,AAPL,2027-03-19,P,155.0,0.11,343.0,0.3,500.0,0.4808,63.0,0.0,-0.0054,0.0001,0.0377,-0.0047,-0.0094,0.207,0.0,0.0,0.0,0.0,no_change,0.25,2026-09-08T09:36:22,0.0,0.219999995082617,339.465,2026-09-21 19:44:12,2026-09-21 15:45:04
AAPL,AAPL270319P00160000,AAPL,2027-03-19,P,160.0,0.18,105.0,0.27,383.0,0.4684,97.0,0.0,-0.0062,0.0002,0.043,-0.0052,-0.0109,0.2377,0.0,0.0,0.0,0.0,down,0.22,2026-09-11T11:46:36,0.0,0.239999994635582,339.465,2026-09-21 19:44:12,2026-09-21 15:45:04
AAPL,AAPL270319P00165000,AAPL,2027-03-19,P,165.0,0.18,333.0,0.32,349.0,0.4571,1883.0,60.0,-0.0072,0.0002,0.0486,-0.0058,-0.0125,0.2729,-0.06,0.32,0.33,0.21,no_change,0.22,2026-09-21T11:52:30,-21.4286,0.280000001192093,339.465,2026-09-21 19:44:12,2026-09-21 15:45:04
AAPL,AAPL270319P00170000,AAPL,2027-03-19,P,170.0,0.24,485.0,0.33,190.0,0.4476,517.0,54.0,-0.0083,0.0002,0.055,-0.0065,-0.0144,0.313,-0.035,0.35,0.35,0.25,up,0.27,2026-09-21T13:29:40,-11.4754,0.305000007152557,339.465,2026-09-21 19:44:12,2026-09-21 15:45:04
AAPL,AAPL270319P00175000,AAPL,2027-03-19,P,175.0,0.29,124.0,0.49,599.0,0.4496,1572.0,41.0,-0.0095,0.0002,0.0624,-0.0072,-0.0166,0.3585,-0.015,0.33,0.36,0.33,no_change,0.33,2026-09-21T12:17:32,-4.34783,0.344999998807907,339.465,2026-09-21 19:44:12,2026-09-21 15:45:04
AAPL,AAPL270319P00180000,AAPL,2027-03-19,P,180.0,0.35,19.0,0.45,216.0,0.4343,741.0,33.0,-0.0109,0.0003,0.0704,-0.008,-0.0191,0.4107,0.0,0.39,0.41,0.38,no_change,0.4,2026-09-21T13:35:03,2.23517e-06,0.399999991059303,339.465,2026-09-21 19:44:12,2026-09-21 15:45:04
AAPL,AAPL270319P00185000,AAPL,2027-03-19,P,185.0,0.41,53.0,0.58,413.0,0.4308,616.0,52.0,-0.0125,0.0003,0.079,-0.0089,-0.0218,0.47,-0.035,0.42,0.49,0.4,no_change,0.42,2026-09-21T13:35:03,-7.69231,0.454999998211861,339.465,2026-09-21 19:44:12,2026-09-21 15:45:04
AAPL,AAPL270319P00190000,AAPL,2027-03-19,P,190.0,0.47,18.0,0.66,377.0,0.4227,1010.0,18.0,-0.0144,0.0004,0.089,-0.0098,-0.0249,0.5368,-0.075,0.55,0.55,0.54,down,0.54,2026-09-21T11:07:42,-12.1951,0.614999979734421,339.465,2026-09-21 19:44:12,2026-09-21 15:45:04
AAPL,AAPL270319P00195000,AAPL,2027-03-19,P,195.0,0.54,102.0,0.75,440.0,0.4148,1011.0,20.0,-0.0164,0.0004,0.1001,-0.0108,-0.0286,0.6124,-0.12,0.57,0.58,0.55,up,0.57,2026-09-21T13:25:30,-17.3913,0.689999997615814,339.465,2026-09-21 19:44:12,2026-09-21 15:45:04
AAPL,AAPL270319P00200000,AAPL,2027-03-19,P,200.0,0.63,53.0,0.81,418.0,0.4054,2624.0,20.0,-0.0188,0.0005,0.1118,-0.0119,-0.0325,0.6989,-0.025,0.7,0.72,0.67,down,0.67,2026-09-21T12:23:47,-3.59712,0.694999992847443,339.465,2026-09-21 19:44:12,2026-09-21 15:45:04
AAPL,AAPL270319P00210000,AAPL,2027-03-19,P,210.0,0.81,326.0,1.0,354.0,0.3886,2057.0,0.0,-0.0244,0.0006,0.1394,-0.0143,-0.0421,0.902,0.0,0.0,0.0,0.0,no_change,0.96,2026-09-18T15:16:56,0.0,0.950000017881394,339.465,2026-09-21 19:44:12,2026-09-21 15:45:04
AAPL,AAPL270319P00220000,AAPL,2027-03-19,P,220.0,1.07,291.0,1.35,596.0,0.3766,2534.0,20.0,-0.0314,0.0008,0.1716,-0.0171,-0.054,1.1617,-0.07,1.18,1.18,1.18,down,1.18,2026-09-21T11:14:04,-5.6,1.25,339.465,2026-09-21 19:44:12,2026-09-21 15:45:04
AAPL,AAPL270319P00230000,AAPL,2027-03-19,P,230.0,1.39,385.0,1.68,646.0,0.3615,3545.0,14.0,-0.0405,0.001,0.2115,-0.0203,-0.0696,1.4928,-0.1,1.54,1.54,1.44,no_change,1.51,2026-09-21T14:55:19,-6.21118,1.61000001430511,339.465,2026-09-21 19:44:12,2026-09-21 15:45:04
AAPL,AAPL270319P00240000,AAPL,2027-03-19,P,240.0,1.72,469.0,1.96,429.0,0.3428,6276.0,289.0,-0.0519,0.0013,0.2571,-0.0239,-0.0884,1.9188,-0.175,2.16,2.16,1.83,no_change,1.94,2026-09-21T14:53:35,-8.27423,2.11500000953674,339.465,2026-09-21 19:44:12,2026-09-21 15:45:04
AAPL,AAPL270319P00250000,AAPL,2027-03-19,P,250.0,2.35,301.0,2.55,309.0,0.333,10281.0,82.0,-0.0663,0.0016,0.3103,-0.028,-0.1122,2.4661,-0.23,2.71,2.71,2.36,up,2.49,2026-09-21T14:55:20,-8.45588,2.72000002861023,339.465,2026-09-21 19:44:12,2026-09-21 15:45:04
AAPL,AAPL270319P00260000,AAPL,2027-03-19,P,260.0,3.05,58.0,3.3,335.0,0.3218,5653.0,204.0,-0.0845,0.002,0.3743,-0.0326,-0.1429,3.1789,-0.4,3.45,3.45,3.05,no_change,3.15,2026-09-21T15:28:21,-11.2676,3.54999995231628,339.465,2026-09-21 19:44:12,2026-09-21 15:45:04
AAPL,AAPL270319P00270000,AAPL,2027-03-19,P,270.0,4.0,274.0,4.25,327.0,0.3123,6341.0,156.0,-0.1071,0.0025,0.4433,-0.0377,-0.1792,4.0954,-0.45,4.39,4.43,4.05,no_change,4.15,2026-09-21T14:56:13,-9.78261,4.59999990463257,339.465,2026-09-21 19:44:12,2026-09-21 15:45:04
AAPL,AAPL270319P00280000,AAPL,2027-03-19,P,280.0,5.2,452.0,5.4,485.0,0.3022,8816.0,212.0,-0.1352,0.0031,0.5204,-0.0432,-0.2231,5.2877,-0.7,6.2,6.2,5.18,no_change,5.3,2026-09-21T15:24:55,-11.6667,6.0,339.465,2026-09-21 19:44:12,2026-09-21 15:45:04
AAPL,AAPL270319P00290000,AAPL,2027-03-19,P,290.0,6.8,2.0,7.0,420.0,0.2947,9718.0,331.0,-0.1695,0.0037,0.603,-0.0489,-0.2764,6.815,-0.95,8.0,8.0,6.69,no_change,6.8,2026-09-21T15:29:08,-12.2581,7.75,339.465,2026-09-21 19:44:12,2026-09-21 15:45:04
AAPL,AAPL270319P00300000,AAPL,2027-03-19,P,300.0,8.6,496.0,9.0,671.0,0.2863,7443.0,367.0,-0.2104,0.0043,0.6876,-0.0546,-0.339,8.7471,-1.05,9.57,9.57,8.6,down,8.75,2026-09-21T15:28:11,-10.7143,9.7999997138977,339.465,2026-09-21 19:44:12,2026-09-21 15:45:04
AAPL,AAPL270319P00310000,AAPL,2027-03-19,P,310.0,11.05,215.0,11.45,736.0,0.2797,5982.0,210.0,-0.2582,0.005,0.7685,-0.06,-0.407,11.1571,-1.275,12.88,12.88,11.05,down,11.15,2026-09-21T15:28:21,-10.2616,12.4250001907349,339.465,2026-09-21 19:44:12,2026-09-21 15:45:04
AAPL,AAPL270319P00320000,AAPL,2027-03-19,P,320.0,14.0,176.0,14.2,254.0,0.2721,5574.0,372.0,-0.3126,0.0057,0.8381,-0.0647,-0.4828,14.1208,-1.375,16.12,16.18,14.0,no_change,14.3,2026-09-21T15:16:30,-8.77193,15.6750001907349,339.465,2026-09-21 19:44:12,2026-09-21 15:45:04
AAPL,AAPL270319P00330000,AAPL,2027-03-19,P,330.0,17.65,101.0,17.8,118.0,0.2671,5311.0,10151.0,-0.3731,0.0062,0.8926,-0.0683,-0.5567,17.7056,-1.825,20.06,20.28,17.55,down,17.7,2026-09-21T15:29:08,-9.34699,19.5250005722046,339.465,2026-09-21 19:44:12,2026-09-21 15:45:04
AAPL,AAPL270319P00340000,AAPL,2027-03-19,P,340.0,21.7,513.0,22.1,88.0,0.2614,842.0,266.0,-0.4385,0.0067,0.9264,-0.0706,-0.6275,21.9679,-1.87,24.65,24.65,21.9,up,22.13,2026-09-21T15:21:10,-7.79167,24.0,339.465,2026-09-21 19:44:12,2026-09-21 15:45:04
AAPL,AAPL270319P00350000,AAPL,2027-03-19,P,350.0,26.8,183.0,27.1,35.0,0.2581,1055.0,133.0,-0.5072,0.0071,0.934,-0.0713,-0.687,26.9476,-2.275,30.12,30.29,26.9,down,27.0,2026-09-21T15:28:22,-7.77114,29.2750005722046,339.465,2026-09-21 19:44:12,2026-09-21 15:45:04
AAPL,AAPL270319P00360000,AAPL,2027-03-19,P,360.0,32.2,532.0,32.9,130.0,0.2535,115.0,50.0,-0.5775,0.0073,0.9118,-0.0705,-0.7302,32.6633,-2.25,35.52,35.52,32.85,down,32.95,2026-09-21T15:22:00,-6.39205,35.2000007629394,339.465,2026-09-21 19:44:12,2026-09-21 15:45:04
AAPL,AAPL270319P00370000,AAPL,2027-03-19,P,370.0,38.75,321.0,39.75,276.0,0.2538,27.0,1.0,-0.6474,0.0073,0.8601,-0.0684,-0.7486,39.1078,-1.335,40.64,40.64,40.64,down,40.64,2026-09-21T10:34:15,-3.18046,41.9749984741211,339.465,2026-09-21 19:44:12,2026-09-21 15:45:04
AAPL,AAPL270319P00380000,AAPL,2027-03-19,P,380.0,45.9,181.0,48.0,382.0,0.2591,43.0,0.0,-0.7152,0.0072,0.7804,-0.0651,-0.7378,46.2515,0.0,0.0,0.0,0.0,down,50.5,2026-09-17T11:56:23,0.0,48.8999996185303,339.465,2026-09-21 19:44:12,2026-09-21 15:45:04
AAPL,AAPL270319P00390000,AAPL,2027-03-19,P,390.0,53.65,153.0,55.7,428.0,0.258,25.0,9.0,-0.7798,0.007,0.6736,-0.0611,-0.6965,54.0485,1.15,58.25,58.25,58.25,up,58.25,2026-09-21T09:43:02,2.01401,57.1000003814697,339.465,2026-09-21 19:44:12,2026-09-21 15:45:04
AAPL,AAPL270319P00400000,AAPL,2027-03-19,P,400.0,61.85,339.0,63.75,340.0,0.2544,21.0,0.0,-0.8401,0.0066,0.5501,-0.057,-0.5883,62.4367,0.0,0.0,0.0,0.0,down,69.35,2026-09-16T15:47:52,0.0,65.75,339.465,2026-09-21 19:44:12,2026-09-21 15:45:04
AAPL,AAPL270319P00410000,AAPL,2027-03-19,P,410.0,70.55,308.0,72.25,266.0,0.2485,10.0,0.0,-0.8958,0.0063,0.4021,-0.051,-0.4686,71.3529,0.0,0.0,0.0,0.0,down,85.52,2026-09-10T14:51:33,0.0,74.7750015258789,339.465,2026-09-21 19:44:12,2026-09-21 15:45:04
AAPL,AAPL270319P00420000,AAPL,2027-03-19,P,420.0,80.0,146.0,82.45,126.0,0.2654,0.0,0.0,-0.9481,0.0062,0.2421,-0.0482,-0.2774,80.7313,0.0,0.0,0.0,0.0,no_change,0.0,,0.0,84.0499992370606,339.465,2026-09-21 19:44:12,2026-09-21 15:45:04
AAPL,AAPL270319P00430000,AAPL,2027-03-19,P,430.0,90.15,6.0,92.45,111.0,0.2884,0.0,0.0,-0.983,0.0032,0.0359,-0.0464,0.0,90.5357,0.0,0.0,0.0,0.0,no_change,0.0,,0.0,93.9000015258789,339.465,2026-09-21 19:44:12,2026-09-21 15:45:04
AAPL,AAPL270319P00440000,AAPL,2027-03-19,P,440.0,100.15,5.0,102.45,85.0,0.3084,0.0,0.0,-1.0,0.0,0.0,-0.0464,0.0,100.5357,0.0,0.0,0.0,0.0,down,120.21,2026-08-28T13:26:07,0.0,103.900001525879,339.465,2026-09-21 19:44:12,2026-09-21 15:45:04
AAPL,AAPL270319P00450000,AAPL,2027-03-19,P,450.0,110.15,5.0,112.45,85.0,0.3277,0.0,0.0,-1.0,0.0,0.0,-0.0464,0.0,110.5357,0.0,0.0,0.0,0.0,down,146.15,2026-06-08T14:57:57,0.0,113.900001525879,339.465,2026-09-21 19:44:12,2026-09-21 15:45:04
AAPL,AAPL270319P00460000,AAPL,2027-03-19,P,460.0,120.25,5.0,122.45,91.0,0.3479,0.0,0.0,-1.0,0.0,0.0,-0.0464,0.0,120.5357,0.0,0.0,0.0,0.0,no_change,0.0,,0.0,123.775001525879,339.465,2026-09-21 19:44:12,2026-09-21 15:45:04
AAPL,AAPL270319P00470000,AAPL,2027-03-19,P,470.0,129.65,80.0,132.55,91.0,0.357,0.0,0.0,-1.0,0.0,0.0,-0.0464,0.0,130.5357,0.0,0.0,0.0,0.0,no_change,0.0,,0.0,133.625,339.465,2026-09-21 19:44:12,2026-09-21 15:45:04
AAPL,AAPL270319P00480000,AAPL,2027-03-19,P,480.0,139.7,80.0,142.55,91.0,0.3752,0.0,0.0,-1.0,0.0,0.0,-0.0464,0.0,140.5357,0.0,0.0,0.0,0.0,no_change,0.0,,0.0,143.775001525879,339.465,2026-09-21 19:44:12,2026-09-21 15:45:04
AAPL,AAPL270319P00490000,AAPL,2027-03-19,P,490.0,149.75,80.0,152.55,91.0,0.393,0.0,0.0,-1.0,0.0,0.0,-0.0464,0.0,150.5357,0.0,0.0,0.0,0.0,no_change,0.0,,0.0,153.625,339.465,2026-09-21 19:44:12,2026-09-21 15:45:04
AAPL,AAPL270319P00500000,AAPL,2027-03-19,P,500.0,159.65,80.0,162.55,91.0,0.4072,0.0,0.0,-1.0,0.0,0.0,-0.0464,0.0,160.5357,0.0,0.0,0.0,0.0,no_change,0.0,,0.0,163.625,339.465,2026-09-21 19:44:12,2026-09-21 15:45:04
AAPL,AAPL270319P00510000,AAPL,2027-03-19,P,510.0,169.65,80.0,172.55,91.0,0.423,0.0,0.0,-1.0,0.0,0.0,-0.0464,0.0,170.5357,0.0,0.0,0.0,0.0,no_change,0.0,,0.0,173.675003051758,339.465,2026-09-21 19:44:12,2026-09-21 15:45:04
AAPL,AAPL270319P00520000,AAPL,2027-03-19,P,520.0,179.5,76.0,182.55,86.0,0.435,0.0,0.0,-1.0,0.0,0.0,-0.0464,0.0,180.5357,0.0,0.0,0.0,0.0,no_change,0.0,,0.0,183.625,339.465,2026-09-21 19:44:12,2026-09-21 15:45:04
AAPL,AAPL270319P00530000,AAPL,2027-03-19,P,530.0,189.65,80.0,192.55,91.0,0.4534,0.0,0.0,-1.0,0.0,0.0,-0.0464,0.0,190.5357,0.0,0.0,0.0,0.0,no_change,0.0,,0.0,193.625,339.465,2026-09-21 19:44:12,2026-09-21 15:45:04
AAPL,AAPL270319P00540000,AAPL,2027-03-19,P,540.0,199.65,80.0,202.55,91.0,0.4681,0.0,0.0,-1.0,0.0,0.0,-0.0464,0.0,200.5357,0.0,0.0,0.0,0.0,no_change,0.0,,0.0,203.675003051758,339.465,2026-09-21 19:44:12,2026-09-21 15:45:04
AAPL,AAPL270319P00550000,AAPL,2027-03-19,P,550.0,209.85,81.0,212.55,89.0,0.4871,0.0,0.0,-1.0,0.0,0.0,-0.0464,0.0,210.5357,0.0,0.0,0.0,0.0,no_change,0.0,,0.0,213.625,339.465,2026-09-21 19:44:12,2026-09-21 15:45:04
AAPL,AAPL270319P00560000,AAPL,2027-03-19,P,560.0,219.65,76.0,222.55,86.0,0.4965,0.0,0.0,-1.0,0.0,0.0,-0.0464,0.0,220.5357,0.0,0.0,0.0,0.0,no_change,0.0,,0.0,223.675003051758,339.465,2026-09-21 19:44:12,2026-09-21 15:45:04
AAPL,AAPL270319P00570000,AAPL,2027-03-19,P,570.0,229.5,76.0,232.55,88.0,0.5066,0.0,0.0,-1.0,0.0,0.0,-0.0464,0.0,230.5357,0.0,0.0,0.0,0.0,no_change,0.0,,0.0,233.650001525879,339.465,2026-09-21 19:44:12,2026-09-21 15:45:04
AAPL,AAPL270319P00580000,AAPL,2027-03-19,P,580.0,239.5,76.0,242.55,86.0,0.52,0.0,0.0,-1.0,0.0,0.0,-0.0464,0.0,240.5357,0.0,0.0,0.0,0.0,no_change,0.0,,0.0,243.625,339.465,2026-09-21 19:44:12,2026-09-21 15:45:04
AAPL,AAPL270319P00590000,AAPL,2027-03-19,P,590.0,249.65,80.0,252.55,91.0,0.5369,0.0,0.0,-1.0,0.0,0.0,-0.0464,0.0,250.5357,0.0,0.0,0.0,0.0,no_change,0.0,,0.0,253.675003051758,339.465,2026-09-21 19:44:12,2026-09-21 15:45:04
AAPL,AAPL270319P00600000,AAPL,2027-03-19,P,600.0,259.65,77.0,262.55,91.0,0.5498,0.0,0.0,-1.0,0.0,0.0,-0.0464,0.0,260.5357,0.0,0.0,0.0,0.0,up,283.39,2026-09-08T09:48:06,0.0,264.150009155273,339.465,2026-09-21 19:44:12,2026-09-21 15:45:04
AAPL,AAPL270416C00195000,AAPL,2027-04-16,C,195.0,148.45,90.0,151.15,76.0,0.3787,0.0,11.0,0.9822,0.0004,0.1166,0.0,1.0485,149.9599,0.265,147.05,147.05,147.04,down,147.04,2026-09-21T10:05:44,0.180547,146.775001525879,339.465,2026-09-21 19:44:12,2026-09-21 15:45:04
AAPL,AAPL270416C00200000,AAPL,2027-04-16,C,200.0,143.65,108.0,145.95,48.0,0.3489,3.0,0.0,0.9796,0.0005,0.1301,0.0,1.071,145.1928,0.0,0.0,0.0,0.0,no_change,140.96,2026-09-18T12:07:00,0.0,141.875,339.465,2026-09-21 19:44:12,2026-09-21 15:45:04
AAPL,AAPL270416C00210000,AAPL,2027-04-16,C,210.0,134.2,104.0,136.65,54.0,0.3543,1.0,0.0,0.9736,0.0006,0.1614,0.0,1.1138,135.6972,0.0,0.0,0.0,0.0,down,111.93,2026-08-27T14:22:02,0.0,132.599998474121,339.465,2026-09-21 19:44:12,2026-09-21 15:45:04
AAPL,AAPL270416C00215000,AAPL,2027-04-16,C,215.0,129.45,106.0,131.65,48.0,0.3391,5.0,0.0,0.97,0.0007,0.1791,-0.0007,1.1339,130.9723,0.0,0.0,0.0,0.0,up,112.89,2026-09-04T10:44:47,0.0,127.900001525879,339.465,2026-09-21 19:44:12,2026-09-21 15:45:04
AAPL,AAPL270416C00220000,AAPL,2027-04-16,C,220.0,124.75,117.0,127.5,115.0,0.3528,2.0,0.0,0.966,0.0008,0.1982,-0.0026,1.1532,126.2652,0.0,0.0,0.0,0.0,up,117.39,2026-09-03T11:54:22,0.0,123.149997711182,339.465,2026-09-21 19:44:12,2026-09-21 15:45:04
AAPL,AAPL270416C00225000,AAPL,2027-04-16,C,225.0,120.05,103.0,122.55,56.0,0.3402,3.0,0.0,0.9615,0.0009,0.2193,-0.0045,1.1714,121.5781,0.0,0.0,0.0,0.0,no_change,119.0,2026-09-18T09:38:53,0.0,118.375,339.465,2026-09-21 19:44:12,2026-09-21 15:45:04
AAPL,AAPL270416C00230000,AAPL,2027-04-16,C,230.0,115.4,112.0,117.95,90.0,0.3373,18.0,0.0,0.9565,0.001,0.242,-0.0066,1.1882,116.9143,0.0,0.0,0.0,0.0,no_change,111.61,2026-09-18T11:50:58,0.0,113.775001525879,339.465,2026-09-21 19:44:12,2026-09-21 15:45:04
AAPL,AAPL270416C00235000,AAPL,2027-04-16,C,235.0,110.8,119.0,112.85,22.0,0.3233,5.0,10.0,0.9508,0.0012,0.2663,-0.0088,1.204,112.2767,1.215,110.29,110.29,110.29,up,110.29,2026-09-21T10:09:12,1.11391,109.075000762939,339.465,2026-09-21 19:44:12,2026-09-21 15:45:04
AAPL,AAPL270416C00240000,AAPL,2027-04-16,C,240.0,106.15,134.0,108.6,72.0,0.3255,14.0,0.0,0.9445,0.0013,0.2928,-0.0111,1.2182,107.6687,0.0,0.0,0.0,0.0,down,86.0,2026-09-09T15:15:55,0.0,104.5,339.465,2026-09-21 19:44:12,2026-09-21 15:45:04
AAPL,AAPL270416C00245000,AAPL,2027-04-16,C,245.0,101.6,131.0,104.1,65.0,0.3226,28.0,0.0,0.9374,0.0015,0.3214,-0.0134,1.2306,103.0948,0.0,0.0,0.0,0.0,down,81.14,2026-09-09T09:45:41,0.0,99.9750022888184,339.465,2026-09-21 19:44:12,2026-09-21 15:45:04
AAPL,AAPL270416C00250000,AAPL,2027-04-16,C,250.0,97.05,200.0,99.0,10.0,0.3089,49.0,20.0,0.9296,0.0016,0.3515,-0.0159,1.2414,98.5597,0.575,96.2,96.2,96.2,down,96.2,2026-09-21T10:21:07,0.601307,95.625,339.465,2026-09-21 19:44:12,2026-09-21 15:45:04
AAPL,AAPL270416C00255000,AAPL,2027-04-16,C,255.0,92.55,150.0,94.75,48.0,0.3086,31.0,0.0,0.9208,0.0018,0.384,-0.0185,1.2503,94.0676,0.0,0.0,0.0,0.0,up,82.0,2026-09-10T15:34:17,0.0,91.1500015258789,339.465,2026-09-21 19:44:12,2026-09-21 15:45:04
AAPL,AAPL270416C00260000,AAPL,2027-04-16,C,260.0,88.25,168.0,90.15,18.0,0.3046,33.0,5.0,0.911,0.002,0.4187,-0.0212,1.2566,89.6249,0.615,87.54,87.54,87.54,up,87.54,2026-09-21T11:09:29,0.707507,86.9249992370606,339.465,2026-09-21 19:44:12,2026-09-21 15:45:04
AAPL,AAPL270416C00265000,AAPL,2027-04-16,C,265.0,83.85,169.0,85.65,10.0,0.2993,7.0,0.0,0.9002,0.0022,0.4547,-0.0239,1.2608,85.2374,0.0,0.0,0.0,0.0,up,81.03,2026-09-16T14:32:31,0.0,82.625,339.465,2026-09-21 19:44:12,2026-09-21 15:45:04
AAPL,AAPL270416C00270000,AAPL,2027-04-16,C,270.0,79.5,359.0,81.2,10.0,0.2941,47.0,0.0,0.8882,0.0024,0.4928,-0.0268,1.2626,80.9107,0.0,0.0,0.0,0.0,up,75.78,2026-09-18T10:56:59,0.0,78.5749969482422,339.465,2026-09-21 19:44:12,2026-09-21 15:45:04
AAPL,AAPL270416C00275000,AAPL,2027-04-16,C,275.0,75.25,461.0,77.15,33.0,0.293,60.0,0.0,0.8751,0.0027,0.5327,-0.0297,1.2612,76.6525,0.0,0.0,0.0,0.0,down,71.78,2026-09-16T15:54:02,0.0,74.25,339.465,2026-09-21 19:44:12,2026-09-21 15:45:04
AAPL,AAPL270416C00280000,AAPL,2027-04-16,C,280.0,70.95,426.0,73.1,78.0,0.2897,257.0,0.0,0.8606,0.0029,0.5731,-0.0326,1.2574,72.4693,0.0,0.0,0.0,0.0,down,67.05,2026-09-18T10:39:54,0.0,69.9000015258789,339.465,2026-09-21 19:44:12,2026-09-21 15:45:04
AAPL,AAPL270416C00285000,AAPL,2027-04-16,C,285.0,67.05,427.0,69.0,77.0,0.2881,2180.0,2.0,0.8449,0.0032,0.6152,-0.0355,1.2503,68.3678,1.69,67.64,67.64,67.64,up,67.64,2026-09-21T15:08:00,2.56255,65.9500007629394,339.465,2026-09-21 19:44:12,2026-09-21 15:45:04
AAPL,AAPL270416C00290000,AAPL,2027-04-16,C,290.0,63.1,402.0,65.0,81.0,0.2854,105.0,0.0,0.8278,0.0034,0.6575,-0.0385,1.2399,64.3566,0.0,0.0,0.0,0.0,down,61.1,2026-09-18T13:50:31,0.0,62.0750007629394,339.465,2026-09-21 19:44:12,2026-09-21 15:45:04
AAPL,AAPL270416C00295000,AAPL,2027-04-16,C,295.0,59.2,520.0,60.95,77.0,0.2813,22.0,20.0,0.8094,0.0037,0.6996,-0.0414,1.2268,60.4419,0.3,58.5,58.5,58.5,up,58.5,2026-09-21T10:21:07,0.515466,58.1999988555908,339.465,2026-09-21 19:44:12,2026-09-21 15:45:04
AAPL,AAPL270416C00300000,AAPL,2027-04-16,C,300.0,55.15,510.0,57.15,93.0,0.2768,107.0,18.0,0.7896,0.004,0.742,-0.0442,1.2098,56.6313,1.675,52.0,56.1,52.0,up,56.1,2026-09-21T14:57:36,3.07763,54.4249992370606,339.465,2026-09-21 19:44:12,2026-09-21 15:45:04
AAPL,AAPL270416C00305000,AAPL,2027-04-16,C,305.0,51.5,462.0,53.4,78.0,0.274,17.0,0.0,0.7684,0.0042,0.7826,-0.0469,1.1899,52.9329,0.0,0.0,0.0,0.0,up,50.0,2026-09-18T10:04:55,0.0,50.6500015258789,339.465,2026-09-21 19:44:12,2026-09-21 15:45:04
AAPL,AAPL270416C00310000,AAPL,2027-04-16,C,310.0,47.9,451.0,49.85,75.0,0.2714,85.0,0.0,0.746,0.0045,0.822,-0.0494,1.1668,49.3519,0.0,0.0,0.0,0.0,up,46.9,2026-09-18T10:12:50,0.0,47.7000007629394,339.465,2026-09-21 19:44:12,2026-09-21 15:45:04
AAPL,AAPL270416C00315000,AAPL,2027-04-16,C,315.0,44.95,343.0,46.35,67.0,0.2716,132.0,1.0,0.7222,0.0048,0.8595,-0.0518,1.14,45.8967,-1.725,42.35,42.35,42.35,down,42.35,2026-09-21T09:42:58,-3.91378,44.0750007629394,339.465,2026-09-21 19:44:12,2026-09-21 15:45:04
AAPL,AAPL270416C00320000,AAPL,2027-04-16,C,320.0,41.55,589.0,42.95,2.0,0.2682,133.0,29.0,0.6973,0.005,0.8937,-0.054,1.111,42.5723,1.475,40.85,42.05,40.85,up,42.05,2026-09-21T14:30:06,3.63524,40.5750007629394,339.465,2026-09-21 19:44:12,2026-09-21 15:45:04
AAPL,AAPL270416C00325000,AAPL,2027-04-16,C,325.0,38.55,343.0,39.75,37.0,0.2668,200.0,6.0,0.6714,0.0052,0.9252,-0.0559,1.0782,39.3843,1.125,37.88,38.7,37.88,no_change,38.7,2026-09-21T12:25:35,2.99401,37.5750007629394,339.465,2026-09-21 19:44:12,2026-09-21 15:45:04
AAPL,AAPL270416C00330000,AAPL,2027-04-16,C,330.0,35.8,121.0,36.9,123.0,0.2671,141.0,23.0,0.6444,0.0054,0.9525,-0.0575,1.0433,36.3386,1.275,34.17,36.2,34.17,no_change,36.2,2026-09-21T15:26:05,3.65068,34.9249992370606,339.465,2026-09-21 19:44:12,2026-09-21 15:45:04
AAPL,AAPL270416C00335000,AAPL,2027-04-16,C,335.0,32.1,769.0,33.75,11.0,0.2596,971.0,12.0,0.6167,0.0056,0.9757,-0.0588,1.0061,33.4375,1.05,30.5,33.0,30.5,down,32.85,2026-09-21T13:23:46,3.30189,31.7999992370606,339.465,2026-09-21 19:44:12,2026-09-21 15:45:04
AAPL,AAPL270416C00340000,AAPL,2027-04-16,C,340.0,29.8,637.0,31.1,251.0,0.2604,1628.0,25.0,0.5883,0.0058,0.9942,-0.0599,0.966,30.6861,1.01,27.31,30.15,27.31,no_change,30.01,2026-09-21T13:33:06,3.48276,29.0,339.465,2026-09-21 19:44:12,2026-09-21 15:45:04
AAPL,AAPL270416C00345000,AAPL,2027-04-16,C,345.0,27.4,328.0,28.35,83.0,0.2588,324.0,1.0,0.5594,0.0059,1.0076,-0.0606,0.9252,28.0853,0.845,27.52,27.52,27.52,up,27.52,2026-09-21T13:22:05,3.16776,26.6750001907349,339.465,2026-09-21 19:44:12,2026-09-21 15:45:04
AAPL,AAPL270416C00350000,AAPL,2027-04-16,C,350.0,25.1,653.0,25.95,128.0,0.258,1022.0,45.0,0.5302,0.006,1.0159,-0.0609,0.8817,25.6366,1.005,23.35,25.38,23.05,up,25.33,2026-09-21T14:46:41,4.13155,24.3249998092651,339.465,2026-09-21 19:44:12,2026-09-21 15:45:04
AAPL,AAPL270416C00355000,AAPL,2027-04-16,C,355.0,22.9,214.0,23.4,17.0,0.2555,256.0,68.0,0.501,0.006,1.0189,-0.061,0.8381,23.3411,0.5,20.95,22.8,20.95,down,22.6,2026-09-21T13:58:31,2.26245,22.0999994277954,339.465,2026-09-21 19:44:12,2026-09-21 15:45:04
AAPL,AAPL270416C00360000,AAPL,2027-04-16,C,360.0,20.95,230.0,21.3,18.0,0.2552,1482.0,34.0,0.4718,0.0061,1.0165,-0.0606,0.7935,21.196,0.975,18.95,21.1,18.95,up,21.1,2026-09-21T15:29:08,4.84472,20.125,339.465,2026-09-21 19:44:12,2026-09-21 15:45:04
AAPL,AAPL270416C00365000,AAPL,2027-04-16,C,365.0,18.8,217.0,19.35,78.0,0.2532,244.0,41.0,0.4428,0.006,1.0088,-0.06,0.7481,19.2013,0.375,17.15,18.95,17.15,down,18.55,2026-09-21T13:58:45,2.06327,18.1750001907349,339.465,2026-09-21 19:44:12,2026-09-21 15:45:04
AAPL,AAPL270416C00370000,AAPL,2027-04-16,C,370.0,16.95,616.0,17.6,133.0,0.2525,369.0,80.0,0.4144,0.006,0.9964,-0.0591,0.7038,17.3524,0.35,15.45,16.9,15.45,down,16.8,2026-09-21T14:08:37,2.12766,16.4499998092651,339.465,2026-09-21 19:44:12,2026-09-21 15:45:04
AAPL,AAPL270416C00375000,AAPL,2027-04-16,C,375.0,15.25,660.0,15.85,91.0,0.2511,151.0,104.0,0.3865,0.0059,0.9788,-0.0579,0.6587,15.6457,0.4,13.9,15.35,13.9,no_change,15.35,2026-09-21T14:24:47,2.67559,14.9499998092651,339.465,2026-09-21 19:44:12,2026-09-21 15:45:04
AAPL,AAPL270416C00380000,AAPL,2027-04-16,C,380.0,13.7,406.0,14.3,118.0,0.2503,403.0,60.0,0.3594,0.0058,0.9572,-0.0564,0.6152,14.077,0.35,12.55,13.8,12.55,no_change,13.75,2026-09-21T14:23:54,2.61194,13.3999996185303,339.465,2026-09-21 19:44:12,2026-09-21 15:45:04
AAPL,AAPL270416C00385000,AAPL,2027-04-16,C,385.0,12.3,654.0,12.85,102.0,0.2495,152.0,42.0,0.3333,0.0057,0.9316,-0.0547,0.5725,12.6389,0.325,11.2,12.35,11.2,up,12.35,2026-09-21T14:23:15,2.7027,12.0250000953674,339.465,2026-09-21 19:44:12,2026-09-21 15:45:04
AAPL,AAPL270416C00390000,AAPL,2027-04-16,C,390.0,11.2,307.0,11.6,616.0,0.2502,141.0,122.0,0.3082,0.0055,0.9022,-0.0528,0.5307,11.327,0.08,10.0,11.0,10.0,down,10.93,2026-09-21T14:15:26,0.737324,10.8500003814697,339.465,2026-09-21 19:44:12,2026-09-21 15:45:04
AAPL,AAPL270416C00395000,AAPL,2027-04-16,C,395.0,9.8,685.0,10.45,665.0,0.2486,833.0,48.0,0.2842,0.0053,0.8707,-0.0508,0.4913,10.1331,0.05,8.95,9.85,8.95,no_change,9.75,2026-09-21T14:01:40,0.515466,9.69999980926514,339.465,2026-09-21 19:44:12,2026-09-21 15:45:04
AAPL,AAPL270416C00400000,AAPL,2027-04-16,C,400.0,8.75,386.0,9.15,45.0,0.247,476.0,66.0,0.2614,0.0051,0.8361,-0.0487,0.4527,9.0501,0.045,7.98,8.85,7.95,up,8.72,2026-09-21T14:19:25,0.51873,8.67500019073486,339.465,2026-09-21 19:44:12,2026-09-21 15:45:04
AAPL,AAPL270416C00405000,AAPL,2027-04-16,C,405.0,7.7,775.0,8.15,1.0,0.2458,170.0,45.0,0.2398,0.0049,0.7998,-0.0464,0.4165,8.0716,0.2,7.05,7.85,7.05,up,7.85,2026-09-21T13:09:13,2.61438,7.64999985694885,339.465,2026-09-21 19:44:12,2026-09-21 15:45:04
AAPL,AAPL270416C00410000,AAPL,2027-04-16,C,410.0,6.8,395.0,7.45,314.0,0.2465,122.0,0.0,0.2195,0.0047,0.7627,-0.0441,0.3824,7.1887,0.0,0.0,0.0,0.0,down,6.8,2026-09-18T12:47:59,0.0,6.84999990463257,339.465,2026-09-21 19:44:12,2026-09-21 15:45:04
AAPL,AAPL270416C00420000,AAPL,2027-04-16,C,420.0,5.3,622.0,5.8,141.0,0.2448,306.0,0.0,0.1828,0.0042,0.6853,-0.0394,0.3196,5.6832,0.0,0.0,0.0,0.0,down,5.39,2026-09-18T14:27:01,0.0,5.40000009536743,339.465,2026-09-21 19:44:12,2026-09-21 15:45:04
AAPL,AAPL270416C00430000,AAPL,2027-04-16,C,430.0,4.15,715.0,4.55,45.0,0.2445,179.0,0.0,0.1511,0.0037,0.6081,-0.0348,0.2648,4.4763,0.0,0.0,0.0,0.0,up,4.1,2026-09-17T11:29:10,0.0,4.25,339.465,2026-09-21 19:44:12,2026-09-21 15:45:04
AAPL,AAPL270416C00440000,AAPL,2027-04-16,C,440.0,3.25,417.0,3.6,131.0,0.245,262.0,2.0,0.1242,0.0032,0.5343,-0.0304,0.2183,3.5163,0.105,3.05,3.48,3.05,up,3.48,2026-09-21T15:14:25,3.11111,3.375,339.465,2026-09-21 19:44:12,2026-09-21 15:45:04
AAPL,AAPL270416C00450000,AAPL,2027-04-16,C,450.0,2.62,381.0,2.93,362.0,0.2475,69.0,19.0,0.1016,0.0028,0.4645,-0.0264,0.1789,2.7578,-0.025,2.78,2.78,2.65,no_change,2.65,2026-09-21T14:21:48,-0.934578,2.67499995231628,339.465,2026-09-21 19:44:12,2026-09-21 15:45:04
AAPL,AAPL270416C00460000,AAPL,2027-04-16,C,460.0,2.06,396.0,2.35,521.0,0.2488,153.0,4.0,0.0827,0.0024,0.4007,-0.0226,0.1457,2.161,-0.025,1.9,2.04,1.9,up,2.04,2026-09-21T14:23:13,-1.21066,2.06500005722046,339.465,2026-09-21 19:44:12,2026-09-21 15:45:04
AAPL,AAPL270416C00470000,AAPL,2027-04-16,C,470.0,1.61,135.0,1.74,4.0,0.2478,93.0,2.0,0.0672,0.002,0.3437,-0.0193,0.1186,1.6935,-0.035,1.62,1.63,1.62,up,1.63,2026-09-21T10:35:57,-2.1021,1.66500002145767,339.465,2026-09-21 19:44:12,2026-09-21 15:45:04
AAPL,AAPL270416C00480000,AAPL,2027-04-16,C,480.0,1.26,284.0,1.37,77.0,0.2488,0.0,1.0,0.0545,0.0017,0.2928,-0.0164,0.0962,1.3286,0.06,1.3,1.3,1.3,up,1.3,2026-09-21T12:13:22,4.83871,1.24000000953674,339.465,2026-09-21 19:44:12,2026-09-21 15:45:04
AAPL,AAPL270416C00490000,AAPL,2027-04-16,C,490.0,0.99,285.0,1.22,341.0,0.253,0.0,0.0,0.0442,0.0014,0.2489,-0.0139,0.078,1.044,0.0,0.0,0.0,0.0,no_change,0.0,,0.0,1.00999996066093,339.465,2026-09-21 19:44:12,2026-09-21 15:45:04
AAPL,AAPL270416P00195000,AAPL,2027-04-16,P,195.0,0.67,297.0,0.75,2.0,0.3938,95.0,0.0,-0.0183,0.0004,0.1177,-0.0106,-0.0366,0.7154,0.0,0.0,0.0,0.0,down,0.83,2026-09-16T12:01:51,0.0,0.775000005960464,339.465,2026-09-21 19:44:12,2026-09-21 15:45:04
AAPL,AAPL270416P00200000,AAPL,2027-04-16,P,200.0,0.76,289.0,0.96,531.0,0.3908,210.0,2.0,-0.0209,0.0005,0.1312,-0.0116,-0.0416,0.815,-0.135,0.75,0.75,0.75,no_change,0.75,2026-09-21T09:30:02,-15.2542,0.885000020265579,339.465,2026-09-21 19:44:12,2026-09-21 15:45:04
AAPL,AAPL270416P00210000,AAPL,2027-04-16,P,210.0,0.99,376.0,1.11,229.0,0.3733,394.0,0.0,-0.027,0.0006,0.1634,-0.014,-0.0538,1.0541,0.0,0.0,0.0,0.0,down,1.27,2026-09-11T13:41:23,0.0,1.16500002145767,339.465,2026-09-21 19:44:12,2026-09-21 15:45:04
AAPL,AAPL270416P00215000,AAPL,2027-04-16,P,215.0,1.14,458.0,1.26,249.0,0.3671,83.0,3.0,-0.0307,0.0007,0.1807,-0.0153,-0.0608,1.197,-0.12,1.25,1.25,1.17,down,1.17,2026-09-21T12:31:24,-9.30232,1.28999996185303,339.465,2026-09-21 19:44:12,2026-09-21 15:45:04
AAPL,AAPL270416P00220000,AAPL,2027-04-16,P,220.0,1.3,266.0,1.56,618.0,0.3639,39.0,0.0,-0.0348,0.0008,0.2009,-0.0167,-0.0691,1.3595,0.0,0.0,0.0,0.0,no_change,1.77,2026-09-15T12:22:02,0.0,1.48000001907349,339.465,2026-09-21 19:44:12,2026-09-21 15:45:04
AAPL,AAPL270416P00225000,AAPL,2027-04-16,P,225.0,1.49,169.0,1.6,144.0,0.3542,42.0,0.0,-0.0394,0.0009,0.2228,-0.0182,-0.0783,1.5418,0.0,0.0,0.0,0.0,up,1.72,2026-09-18T09:30:30,0.0,1.70999997854233,339.465,2026-09-21 19:44:12,2026-09-21 15:45:04
AAPL,AAPL270416P00230000,AAPL,2027-04-16,P,230.0,1.7,117.0,1.84,311.0,0.3487,87.0,0.0,-0.0446,0.0011,0.245,-0.0198,-0.088,1.7488,0.0,0.0,0.0,0.0,no_change,1.97,2026-09-17T12:23:43,0.0,1.94999998807907,339.465,2026-09-21 19:44:12,2026-09-21 15:45:04
AAPL,AAPL270416P00235000,AAPL,2027-04-16,P,235.0,1.96,5.0,2.06,441.0,0.343,161.0,3.0,-0.0504,0.0012,0.27,-0.0215,-0.099,1.9809,-0.015,2.16,2.16,2.16,down,2.16,2026-09-21T09:58:32,-0.689658,2.17500007152557,339.465,2026-09-21 19:44:12,2026-09-21 15:45:04
AAPL,AAPL270416P00240000,AAPL,2027-04-16,P,240.0,2.09,483.0,2.47,629.0,0.3376,250.0,1.0,-0.0568,0.0013,0.2978,-0.0233,-0.1116,2.2399,-0.17,2.3,2.3,2.3,down,2.3,2026-09-21T14:08:02,-6.88259,2.47000002861023,339.465,2026-09-21 19:44:12,2026-09-21 15:45:04
AAPL,AAPL270416P00245000,AAPL,2027-04-16,P,245.0,2.5,10.0,2.7,419.0,0.3326,119.0,5.0,-0.064,0.0015,0.3254,-0.0252,-0.1253,2.5389,-0.38,2.67,2.67,2.47,no_change,2.47,2026-09-21T13:06:41,-13.3333,2.84999990463257,339.465,2026-09-21 19:44:12,2026-09-21 15:45:04
AAPL,AAPL270416P00250000,AAPL,2027-04-16,P,250.0,2.82,29.0,3.05,530.0,0.327,180.0,1.0,-0.0722,0.0017,0.3562,-0.0272,-0.1405,2.8756,-0.19,3.01,3.01,3.01,down,3.01,2026-09-21T10:33:15,-5.9375,3.19999992847443,339.465,2026-09-21 19:44:12,2026-09-21 15:45:04
AAPL,AAPL270416P00255000,AAPL,2027-04-16,P,255.0,3.1,449.0,3.35,273.0,0.3193,131.0,0.0,-0.0812,0.0018,0.391,-0.0293,-0.158,3.258,0.0,0.0,0.0,0.0,up,3.7,2026-09-18T12:22:13,0.0,3.64999997615814,339.465,2026-09-21 19:44:12,2026-09-21 15:45:04
AAPL,AAPL270416P00260000,AAPL,2027-04-16,P,260.0,3.55,330.0,3.8,339.0,0.3148,2537.0,2.0,-0.0913,0.002,0.4242,-0.0316,-0.1766,3.6927,-0.52,3.7,3.7,3.68,down,3.68,2026-09-21T12:17:15,-12.381,4.20000004768372,339.465,2026-09-21 19:44:12,2026-09-21 15:45:04
AAPL,AAPL270416P00265000,AAPL,2027-04-16,P,265.0,4.0,373.0,4.3,392.0,0.3098,91.0,10.0,-0.1024,0.0023,0.4615,-0.0339,-0.1974,4.1813,-0.6,4.75,4.75,4.15,no_change,4.15,2026-09-21T12:17:16,-12.6316,4.75,339.465,2026-09-21 19:44:12,2026-09-21 15:45:04
AAPL,AAPL270416P00270000,AAPL,2027-04-16,P,270.0,4.6,410.0,4.9,451.0,0.3063,287.0,16.0,-0.1148,0.0025,0.5014,-0.0363,-0.2213,4.7359,-0.625,5.02,5.02,4.65,down,4.65,2026-09-21T12:49:13,-11.8483,5.27500009536743,339.465,2026-09-21 19:44:12,2026-09-21 15:45:04
AAPL,AAPL270416P00275000,AAPL,2027-04-16,P,275.0,5.25,288.0,5.65,713.0,0.3034,208.0,137.0,-0.1285,0.0028,0.5398,-0.0388,-0.2453,5.3613,-0.675,5.4,5.4,5.3,no_change,5.4,2026-09-21T14:53:54,-11.1111,6.07500004768372,339.465,2026-09-21 19:44:12,2026-09-21 15:45:04
AAPL,AAPL270416P00280000,AAPL,2027-04-16,P,280.0,5.85,393.0,6.25,383.0,0.2975,230.0,11.0,-0.1434,0.003,0.5828,-0.0414,-0.2726,6.0616,-0.735,6.0,6.0,5.99,down,5.99,2026-09-21T12:50:00,-10.9294,6.72499990463257,339.465,2026-09-21 19:44:12,2026-09-21 15:45:04
AAPL,AAPL270416P00285000,AAPL,2027-04-16,P,285.0,6.7,456.0,7.1,435.0,0.2946,289.0,119.0,-0.1599,0.0033,0.6255,-0.044,-0.3019,6.852,-0.755,7.24,7.24,6.8,no_change,6.87,2026-09-21T13:56:46,-9.90164,7.625,339.465,2026-09-21 19:44:12,2026-09-21 15:45:04
AAPL,AAPL270416P00290000,AAPL,2027-04-16,P,290.0,7.6,254.0,7.95,399.0,0.2908,327.0,33.0,-0.1777,0.0036,0.6661,-0.0466,-0.3328,7.7331,-0.875,8.2,8.2,7.7,up,7.75,2026-09-21T13:09:13,-10.1449,8.625,339.465,2026-09-21 19:44:12,2026-09-21 15:45:04
AAPL,AAPL270416P00295000,AAPL,2027-04-16,P,295.0,8.5,495.0,8.95,440.0,0.2868,576.0,104.0,-0.197,0.0039,0.7122,-0.0492,-0.3671,8.7154,-1.075,10.1,10.1,8.65,no_change,8.65,2026-09-21T12:52:59,-11.054,9.72499990463257,339.465,2026-09-21 19:44:12,2026-09-21 15:45:04
AAPL,AAPL270416P00300000,AAPL,2027-04-16,P,300.0,9.7,157.0,10.1,427.0,0.2845,808.0,5.0,-0.2178,0.0042,0.7521,-0.0517,-0.4013,9.8113,-1.15,9.75,9.75,9.75,no_change,9.75,2026-09-21T13:01:45,-10.5505,10.9000000953674,339.465,2026-09-21 19:44:12,2026-09-21 15:45:04
AAPL,AAPL270416P00305000,AAPL,2027-04-16,P,305.0,10.85,301.0,11.35,687.0,0.2812,638.0,41.0,-0.2401,0.0045,0.7942,-0.0541,-0.4393,11.0182,-1.25,11.35,11.35,10.95,no_change,10.95,2026-09-21T12:42:51,-10.2459,12.2000002861023,339.465,2026-09-21 19:44:12,2026-09-21 15:45:04
AAPL,AAPL270416P00310000,AAPL,2027-04-16,P,310.0,12.2,263.0,12.7,688.0,0.2784,670.0,2.0,-0.2639,0.0048,0.8338,-0.0565,-0.4774,12.3572,-1.225,12.3,12.45,12.3,up,12.45,2026-09-21T14:01:18,-8.95795,13.6749997138977,339.465,2026-09-21 19:44:12,2026-09-21 15:45:04
AAPL,AAPL270416P00315000,AAPL,2027-04-16,P,315.0,13.7,88.0,14.2,444.0,0.2759,312.0,2.0,-0.2891,0.005,0.8687,-0.0586,-0.5161,13.8252,-1.375,13.85,13.85,13.85,no_change,13.85,2026-09-21T12:19:06,-9.0312,15.2250003814697,339.465,2026-09-21 19:44:12,2026-09-21 15:45:04
AAPL,AAPL270416P00320000,AAPL,2027-04-16,P,320.0,15.3,74.0,15.85,652.0,0.2734,302.0,2.0,-0.3157,0.0053,0.9039,-0.0606,-0.5572,15.4328,-1.45,15.5,15.5,15.4,down,15.4,2026-09-21T12:20:46,-8.60534,16.8499994277954,339.465,2026-09-21 19:44:12,2026-09-21 15:45:04
AAPL,AAPL270416P00325000,AAPL,2027-04-16,P,325.0,17.0,166.0,17.65,435.0,0.2708,154.0,6.0,-0.3436,0.0056,0.9326,-0.0624,-0.5967,17.1914,-1.15,18.0,18.0,17.6,down,17.6,2026-09-21T12:15:03,-6.13333,18.75,339.465,2026-09-21 19:44:12,2026-09-21 15:45:04
AAPL,AAPL270416P00330000,AAPL,2027-04-16,P,330.0,18.75,627.0,19.35,354.0,0.2665,117.0,103.0,-0.3726,0.0058,0.9584,-0.064,-0.6361,19.0948,-1.7,20.1,20.2,19.1,up,19.15,2026-09-21T14:27:23,-8.15347,20.8499994277954,339.465,2026-09-21 19:44:12,2026-09-21 15:45:04
AAPL,AAPL270416P00335000,AAPL,2027-04-16,P,335.0,20.75,550.0,21.5,536.0,0.2644,149.0,2.0,-0.4028,0.0061,0.978,-0.0652,-0.6719,21.165,-0.78,22.17,22.17,22.17,down,22.17,2026-09-21T10:34:31,-3.39869,22.9499998092651,339.465,2026-09-21 19:44:12,2026-09-21 15:45:04
AAPL,AAPL270416P00340000,AAPL,2027-04-16,P,340.0,23.15,222.0,23.9,430.0,0.2641,102.0,121.0,-0.4338,0.0063,0.9927,-0.0662,-0.712,23.3902,-1.795,23.42,23.48,23.42,up,23.48,2026-09-21T13:40:30,-7.10188,25.2749996185303,339.465,2026-09-21 19:44:12,2026-09-21 15:45:04
AAPL,AAPL270416P00345000,AAPL,2027-04-16,P,345.0,25.55,151.0,26.25,336.0,0.262,140.0,0.0,-0.4656,0.0065,1.0006,-0.0669,-0.7449,25.7849,0.0,0.0,0.0,0.0,no_change,29.7,2026-09-17T11:13:57,0.0,27.7749996185303,339.465,2026-09-21 19:44:12,2026-09-21 15:45:04
AAPL,AAPL270416P00350000,AAPL,2027-04-16,P,350.0,28.05,197.0,28.9,259.0,0.2603,23.0,1.0,-0.4979,0.0066,1.0026,-0.0673,-0.7766,28.3498,-1.975,28.6,28.6,28.6,down,28.6,2026-09-21T14:36:50,-6.45953,30.5750007629394,339.465,2026-09-21 19:44:12,2026-09-21 15:45:04
AAPL,AAPL270416P00355000,AAPL,2027-04-16,P,355.0,30.8,143.0,31.85,554.0,0.2599,1.0,0.0,-0.5307,0.0067,0.9964,-0.0673,-0.8032,31.0785,0.0,0.0,0.0,0.0,down,32.75,2026-09-17T15:21:09,0.0,33.2749996185303,339.465,2026-09-21 19:44:12,2026-09-21 15:45:04
AAPL,AAPL270416P00360000,AAPL,2027-04-16,P,360.0,33.7,150.0,34.85,450.0,0.2588,0.0,0.0,-0.5637,0.0068,0.9836,-0.0671,-0.8233,33.9868,0.0,0.0,0.0,0.0,no_change,0.0,,0.0,36.6750011444092,339.465,2026-09-21 19:44:12,2026-09-21 15:45:04
AAPL,AAPL270416P00365000,AAPL,2027-04-16,P,365.0,36.55,144.0,38.0,631.0,0.2568,0.0,0.0,-0.5967,0.0069,0.9673,-0.0665,-0.8356,37.0526,0.0,0.0,0.0,0.0,no_change,0.0,,0.0,39.5,339.465,2026-09-21 19:44:12,2026-09-21 15:45:04
AAPL,AAPL270416P00370000,AAPL,2027-04-16,P,370.0,39.75,145.0,41.6,623.0,0.2573,0.0,0.0,-0.6297,0.0069,0.9381,-0.0657,-0.8451,40.2955,0.0,0.0,0.0,0.0,no_change,0.0,,0.0,43.3250007629394,339.465,2026-09-21 19:44:12,2026-09-21 15:45:04
AAPL,AAPL270416P00375000,AAPL,2027-04-16,P,375.0,43.1,100.0,45.55,613.0,0.259,4.0,0.0,-0.6622,0.0069,0.9087,-0.0646,-0.8583,43.7003,0.0,0.0,0.0,0.0,down,49.6,2026-09-16T11:09:28,0.0,46.625,339.465,2026-09-21 19:44:12,2026-09-21 15:45:04
AAPL,AAPL270416P00380000,AAPL,2027-04-16,P,380.0,46.45,280.0,48.8,359.0,0.2553,4.0,0.0,-0.6946,0.0069,0.8637,-0.0635,-0.8423,47.2643,0.0,0.0,0.0,0.0,down,53.65,2026-09-11T09:37:49,0.0,50.2000007629394,339.465,2026-09-21 19:44:12,2026-09-21 15:45:04
AAPL,AAPL270416P00385000,AAPL,2027-04-16,P,385.0,50.45,91.0,52.85,366.0,0.2583,3.0,0.0,-0.7261,0.0068,0.8173,-0.062,-0.8284,50.9915,0.0,0.0,0.0,0.0,down,55.35,2026-09-14T11:57:05,0.0,54.2000007629394,339.465,2026-09-21 19:44:12,2026-09-21 15:45:04
AAPL,AAPL270416P00390000,AAPL,2027-04-16,P,390.0,54.75,1.0,55.8,159.0,0.2549,3.0,0.0,-0.7571,0.0068,0.768,-0.0604,-0.7871,54.8583,0.0,0.0,0.0,0.0,down,58.15,2026-09-17T14:09:47,0.0,57.9750003814697,339.465,2026-09-21 19:44:12,2026-09-21 15:45:04
AAPL,AAPL270416P00395000,AAPL,2027-04-16,P,395.0,58.7,6.0,60.95,210.0,0.262,3.0,3.0,-0.7875,0.0067,0.7045,-0.059,-0.7564,58.8824,-2.25,59.65,59.65,59.65,down,59.65,2026-09-21T14:48:26,-3.63489,61.8999996185303,339.465,2026-09-21 19:44:12,2026-09-21 15:45:04
AAPL,AAPL270416P00400000,AAPL,2027-04-16,P,400.0,62.1,402.0,65.05,433.0,0.2565,2.0,2.0,-0.8167,0.0066,0.6482,-0.0576,-0.7218,63.0366,-0.225,68.1,68.1,66.0,down,66.0,2026-09-21T09:51:16,-0.339754,66.2250022888184,339.465,2026-09-21 19:44:12,2026-09-21 15:45:04
AAPL,AAPL270416P00405000,AAPL,2027-04-16,P,405.0,66.85,176.0,69.3,359.0,0.2606,0.0,0.0,-0.846,0.0066,0.5634,-0.0554,-0.6422,67.3329,0.0,0.0,0.0,0.0,no_change,0.0,,0.0,70.7750015258789,339.465,2026-09-21 19:44:12,2026-09-21 15:45:04
AAPL,AAPL270416P00410000,AAPL,2027-04-16,P,410.0,71.35,96.0,73.4,338.0,0.2597,25.0,1.0,-0.8734,0.0065,0.4969,-0.0535,-0.5712,71.7518,-3.425,71.75,71.75,71.75,down,71.75,2026-09-21T15:29:09,-4.55604,75.1749992370606,339.465,2026-09-21 19:44:12,2026-09-21 15:45:04
AAPL,AAPL270416P00420000,AAPL,2027-04-16,P,420.0,80.15,156.0,82.7,144.0,0.261,0.0,0.0,-0.9269,0.0062,0.3102,-0.0528,-0.3781,80.9529,0.0,0.0,0.0,0.0,no_change,0.0,,0.0,84.3499984741211,339.465,2026-09-21 19:44:12,2026-09-21 15:45:04
AAPL,AAPL270416P00430000,AAPL,2027-04-16,P,430.0,89.7,76.0,92.6,113.0,0.2729,0.0,0.0,-0.9698,0.005,0.1562,-0.0462,-0.1366,90.5546,0.0,0.0,0.0,0.0,no_change,0.0,,0.0,94.3250007629394,339.465,2026-09-21 19:44:12,2026-09-21 15:45:04
AAPL,AAPL270416P00440000,AAPL,2027-04-16,P,440.0,98.95,77.0,102.55,87.0,0.2767,0.0,0.0,-0.9938,0.0011,0.0,-0.0405,0.0,100.5357,0.0,0.0,0.0,0.0,no_change,0.0,,0.0,104.099998474121,339.465,2026-09-21 19:44:12,2026-09-21 15:45:04
AAPL,AAPL270416P00450000,AAPL,2027-04-16,P,450.0,109.7,82.0,112.55,91.0,0.309,0.0,0.0,-1.0,0.0,0.0,-0.0405,0.0,110.5357,0.0,0.0,0.0,0.0,no_change,0.0,,0.0,113.75,339.465,2026-09-21 19:44:12,2026-09-21 15:45:04
AAPL,AAPL270416P00460000,AAPL,2027-04-16,P,460.0,119.65,76.0,122.55,94.0,0.3256,0.0,0.0,-1.0,0.0,0.0,-0.0405,0.0,120.5357,0.0,0.0,0.0,0.0,no_change,0.0,,0.0,123.799999237061,339.465,2026-09-21 19:44:12,2026-09-21 15:45:04
AAPL,AAPL270416P00470000,AAPL,2027-04-16,P,470.0,129.65,76.0,132.55,91.0,0.3424,0.0,0.0,-1.0,0.0,0.0,-0.0405,0.0,130.5357,0.0,0.0,0.0,0.0,no_change,0.0,,0.0,133.800003051758,339.465,2026-09-21 19:44:12,2026-09-21 15:45:04
AAPL,AAPL270416P00480000,AAPL,2027-04-16,P,480.0,139.6,88.0,142.55,91.0,0.3579,0.0,0.0,-1.0,0.0,0.0,-0.0405,0.0,140.5357,0.0,0.0,0.0,0.0,no_change,0.0,,0.0,143.800003051758,339.465,2026-09-21 19:44:12,2026-09-21 15:45:04
AAPL,AAPL270416P00490000,AAPL,2027-04-16,P,490.0,149.65,80.0,152.55,91.0,0.3748,0.0,0.0,-1.0,0.0,0.0,-0.0405,0.0,150.5357,0.0,0.0,0.0,0.0,no_change,0.0,,0.0,154.0,339.465,2026-09-21 19:44:12,2026-09-21 15:45:04
AAPL,AAPL270617C00005000,AAPL,2027-06-17,C,5.0,332.55,87.0,336.15,7.0,0.0,0.0,0.0,1.0,0.0,0.0001,0.0,0.0079,334.6828,0.0,0.0,0.0,0.0,down,299.91,2026-08-04T10:13:24,0.0,331.0,339.465,2026-09-21 19:44:12,2026-09-21 15:45:04
AAPL,AAPL270617C00010000,AAPL,2027-06-17,C,10.0,327.6,86.0,330.6,6.0,0.0,0.0,0.0,1.0,0.0,0.0002,0.0,0.0217,329.723,0.0,0.0,0.0,0.0,no_change,0.0,,0.0,325.949996948242,339.465,2026-09-21 19:44:12,2026-09-21 15:45:04
AAPL,AAPL270617C00015000,AAPL,2027-06-17,C,15.0,322.75,86.0,326.0,6.0,0.0,10.0,0.0,1.0,0.0,0.0001,0.0,0.0499,324.7842,0.0,0.0,0.0,0.0,up,291.6,2026-08-04T12:26:37,0.0,321.100006103516,339.465,2026-09-21 19:44:12,2026-09-21 15:45:04
AAPL,AAPL270617C00020000,AAPL,2027-06-17,C,20.0,317.9,86.0,321.4,6.0,0.0,0.0,0.0,1.0,0.0,0.0003,0.0,0.0761,319.8711,0.0,0.0,0.0,0.0,no_change,0.0,,0.0,316.25,339.465,2026-09-21 19:44:12,2026-09-21 15:45:04
AAPL,AAPL270617C00025000,AAPL,2027-06-17,C,25.0,313.05,77.0,316.35,6.0,0.0,2.0,0.0,1.0,0.0,0.0008,0.0,0.0998,314.9627,0.0,0.0,0.0,0.0,up,270.32,2026-06-24T14:53:24,0.0,311.425003051758,339.465,2026-09-21 19:44:12,2026-09-21 15:45:04
AAPL,AAPL270617C00030000,AAPL,2027-06-17,C,30.0,308.15,86.0,311.75,7.0,0.0,1.0,0.0,1.0,0.0,0.0013,0.0,0.156,310.0716,0.0,0.0,0.0,0.0,up,240.67,2026-02-24T09:32:49,0.0,306.574996948242,339.465,2026-09-21 19:44:12,2026-09-21 15:45:04
AAPL,AAPL270617C00035000,AAPL,2027-06-17,C,35.0,303.3,86.0,306.8,6.0,0.0,2.0,0.0,1.0,0.0,0.0017,0.0,0.2058,305.207,0.0,0.0,0.0,0.0,down,215.61,2026-04-07T09:55:15,0.0,301.725006103516,339.465,2026-09-21 19:44:12,2026-09-21 15:45:04
AAPL,AAPL270617C00040000,AAPL,2027-06-17,C,40.0,298.5,86.0,301.95,6.0,0.0,3.0,0.0,1.0,0.0,0.0022,0.0,0.2432,300.3541,0.0,0.0,0.0,0.0,down,271.5,2026-08-25T10:34:40,0.0,296.875,339.465,2026-09-21 19:44:12,2026-09-21 15:45:04
AAPL,AAPL270617C00045000,AAPL,2027-06-17,C,45.0,293.65,86.0,297.15,6.0,0.0,0.0,0.0,1.0,0.0,0.0027,0.0,0.2752,295.5052,0.0,0.0,0.0,0.0,no_change,0.0,,0.0,292.074996948242,339.465,2026-09-21 19:44:12,2026-09-21 15:45:04
AAPL,AAPL270617C00050000,AAPL,2027-06-17,C,50.0,288.8,87.0,292.4,63.0,0.0,11.0,1.0,1.0,0.0,0.0034,0.0,0.3065,290.6578,2.55,289.8,289.8,289.8,up,289.8,2026-09-21T14:36:34,0.887728,287.25,339.465,2026-09-21 19:44:12,2026-09-21 15:45:04
AAPL,AAPL270617C00055000,AAPL,2027-06-17,C,55.0,284.0,86.0,287.55,75.0,0.0,73.0,0.0,1.0,0.0,0.0043,0.0,0.3404,285.8117,0.0,0.0,0.0,0.0,down,275.7,2026-09-03T13:02:37,0.0,282.425003051758,339.465,2026-09-21 19:44:12,2026-09-21 15:45:04
AAPL,AAPL270617C00060000,AAPL,2027-06-17,C,60.0,279.15,77.0,282.55,6.0,0.0,22.0,0.0,1.0,0.0,0.0054,0.0,0.3824,280.969,0.0,0.0,0.0,0.0,up,246.22,2026-08-17T10:31:49,0.0,277.574996948242,339.465,2026-09-21 19:44:12,2026-09-21 15:45:04
AAPL,AAPL270617C00065000,AAPL,2027-06-17,C,65.0,274.35,86.0,277.85,56.0,0.569,4.0,0.0,1.0,0.0,0.0065,0.0,0.428,276.1321,0.0,0.0,0.0,0.0,down,214.35,2026-06-25T12:13:58,0.0,272.800003051758,339.465,2026-09-21 19:44:12,2026-09-21 15:45:04
AAPL,AAPL270617C00070000,AAPL,2027-06-17,C,70.0,269.55,86.0,273.05,59.0,0.6432,7.0,0.0,0.9998,0.0,0.0078,0.0,0.473,271.3013,0.0,0.0,0.0,0.0,up,237.67,2026-08-17T15:58:04,0.0,267.949996948242,339.465,2026-09-21 19:44:12,2026-09-21 15:45:04
AAPL,AAPL270617C00075000,AAPL,2027-06-17,C,75.0,264.7,86.0,267.6,6.0,0.0,24.0,0.0,0.9996,0.0,0.0092,0.0,0.5175,266.4758,0.0,0.0,0.0,0.0,no_change,233.95,2026-08-11T12:39:06,0.0,263.150009155273,339.465,2026-09-21 19:44:12,2026-09-21 15:45:04
AAPL,AAPL270617C00080000,AAPL,2027-06-17,C,80.0,259.9,86.0,262.7,7.0,0.0,237.0,0.0,0.9993,0.0,0.0107,0.0,0.5606,261.6548,0.0,0.0,0.0,0.0,down,237.35,2026-08-06T09:30:01,0.0,258.324996948242,339.465,2026-09-21 19:44:12,2026-09-21 15:45:04
AAPL,AAPL270617C00085000,AAPL,2027-06-17,C,85.0,255.05,86.0,258.15,6.0,0.0,73.0,0.0,0.9991,0.0,0.0123,0.0,0.5993,256.8376,0.0,0.0,0.0,0.0,down,203.49,2026-05-06T12:11:08,0.0,253.525001525879,339.465,2026-09-21 19:44:12,2026-09-21 15:45:04
AAPL,AAPL270617C00090000,AAPL,2027-06-17,C,90.0,250.25,86.0,253.05,6.0,0.0,30.0,0.0,0.9989,0.0,0.0141,0.0,0.6397,252.0233,0.0,0.0,0.0,0.0,up,248.36,2026-09-17T14:40:23,0.0,248.625,339.465,2026-09-21 19:44:12,2026-09-21 15:45:04
AAPL,AAPL270617C00095000,AAPL,2027-06-17,C,95.0,245.45,86.0,248.25,6.0,0.0,99.0,0.0,0.9986,0.0,0.0163,0.0,0.6765,247.2116,0.0,0.0,0.0,0.0,up,237.73,2026-09-03T12:47:23,0.0,243.925003051758,339.465,2026-09-21 19:44:12,2026-09-21 15:45:04
AAPL,AAPL270617C00100000,AAPL,2027-06-17,C,100.0,240.6,86.0,243.55,11.0,0.0,165.0,0.0,0.9983,0.0,0.0186,0.0,0.7134,242.4022,0.0,0.0,0.0,0.0,up,240.24,2026-09-17T15:27:07,0.0,239.0,339.465,2026-09-21 19:44:12,2026-09-21 15:45:04
AAPL,AAPL270617C00105000,AAPL,2027-06-17,C,105.0,235.8,86.0,238.65,6.0,0.0,80.0,0.0,0.998,0.0,0.0213,0.0,0.7494,237.5949,0.0,0.0,0.0,0.0,down,200.0,2026-07-31T11:49:36,0.0,234.275001525879,339.465,2026-09-21 19:44:12,2026-09-21 15:45:04
AAPL,AAPL270617C00110000,AAPL,2027-06-17,C,110.0,231.0,87.0,233.85,7.0,0.0,54.0,0.0,0.9976,0.0,0.0243,0.0,0.7847,232.7898,0.0,0.0,0.0,0.0,up,220.0,2026-07-20T11:42:16,0.0,229.650001525879,339.465,2026-09-21 19:44:12,2026-09-21 15:45:04
AAPL,AAPL270617C00115000,AAPL,2027-06-17,C,115.0,226.2,87.0,229.05,10.0,0.0,254.0,0.0,0.9972,0.0001,0.0278,0.0,0.8197,227.9871,0.0,0.0,0.0,0.0,no_change,194.8,2026-08-10T12:24:57,0.0,224.75,339.465,2026-09-21 19:44:12,2026-09-21 15:45:04
AAPL,AAPL270617C00120000,AAPL,2027-06-17,C,120.0,221.4,87.0,224.05,10.0,0.0,153.0,0.0,0.9967,0.0001,0.0316,0.0,0.8545,223.1869,0.0,0.0,0.0,0.0,up,216.02,2026-07-30T12:31:15,0.0,219.949996948242,339.465,2026-09-21 19:44:12,2026-09-21 15:45:04
AAPL,AAPL270617C00125000,AAPL,2027-06-17,C,125.0,216.85,135.0,219.25,10.0,0.0,241.0,2.0,0.9962,0.0001,0.0358,0.0,0.889,218.3896,2.475,217.6,217.75,217.6,up,217.75,2026-09-21T13:00:21,1.14969,215.275001525879,339.465,2026-09-21 19:44:12,2026-09-21 15:45:04
AAPL,AAPL270617C00130000,AAPL,2027-06-17,C,130.0,211.8,87.0,214.6,10.0,0.0,308.0,0.0,0.9956,0.0001,0.0406,0.0,0.9233,213.5954,0.0,0.0,0.0,0.0,down,190.28,2026-07-09T11:39:48,0.0,210.399993896484,339.465,2026-09-21 19:44:12,2026-09-21 15:45:04
AAPL,AAPL270617C00135000,AAPL,2027-06-17,C,135.0,207.0,87.0,209.65,10.0,0.0,195.0,0.0,0.9949,0.0001,0.0459,0.0,0.9573,208.8048,0.0,0.0,0.0,0.0,up,189.7,2026-08-28T14:16:28,0.0,205.650001525879,339.465,2026-09-21 19:44:12,2026-09-21 15:45:04
AAPL,AAPL270617C00140000,AAPL,2027-06-17,C,140.0,202.2,87.0,204.8,10.0,0.0,198.0,0.0,0.9941,0.0001,0.0518,0.0,0.991,204.0184,0.0,0.0,0.0,0.0,down,168.96,2026-08-17T13:24:37,0.0,200.875,339.465,2026-09-21 19:44:12,2026-09-21 15:45:04
AAPL,AAPL270617C00145000,AAPL,2027-06-17,C,145.0,197.4,87.0,200.4,44.0,0.0,176.0,0.0,0.9932,0.0001,0.0583,0.0,1.0244,199.2365,0.0,0.0,0.0,0.0,down,181.0,2026-09-04T12:36:20,0.0,196.150001525879,339.465,2026-09-21 19:44:12,2026-09-21 15:45:04
AAPL,AAPL270617C00150000,AAPL,2027-06-17,C,150.0,192.65,98.0,195.65,97.0,0.3634,1453.0,0.0,0.9922,0.0002,0.0656,0.0,1.0575,194.4598,0.0,0.0,0.0,0.0,down,185.41,2026-09-15T15:49:14,0.0,191.150001525879,339.465,2026-09-21 19:44:12,2026-09-21 15:45:04
AAPL,AAPL270617C00155000,AAPL,2027-06-17,C,155.0,187.85,87.0,190.0,10.0,0.0,141.0,0.0,0.9911,0.0002,0.0737,0.0,1.0902,189.6889,0.0,0.0,0.0,0.0,up,175.72,2026-09-01T15:56:13,0.0,186.375,339.465,2026-09-21 19:44:12,2026-09-21 15:45:04
AAPL,AAPL270617C00160000,AAPL,2027-06-17,C,160.0,183.4,157.0,186.0,17.0,0.3945,319.0,4.0,0.9898,0.0002,0.0826,0.0,1.1225,184.9246,2.6,184.2,184.35,184.2,up,184.35,2026-09-21T13:00:34,1.43054,181.75,339.465,2026-09-21 19:44:12,2026-09-21 15:45:04
AAPL,AAPL270617C00165000,AAPL,2027-06-17,C,165.0,178.35,87.0,181.3,83.0,0.3693,200.0,0.0,0.9884,0.0002,0.0924,0.0,1.1544,180.1677,0.0,0.0,0.0,0.0,up,162.0,2026-09-01T09:48:11,0.0,176.875,339.465,2026-09-21 19:44:12,2026-09-21 15:45:04
AAPL,AAPL270617C00170000,AAPL,2027-06-17,C,170.0,173.6,87.0,176.4,10.0,0.355,267.0,0.0,0.9868,0.0003,0.1031,0.0,1.1858,175.4189,0.0,0.0,0.0,0.0,up,162.05,2026-09-10T15:38:59,0.0,172.025001525879,339.465,2026-09-21 19:44:12,2026-09-21 15:45:04
AAPL,AAPL270617C00175000,AAPL,2027-06-17,C,175.0,168.85,101.0,171.65,11.0,0.3554,437.0,0.0,0.985,0.0003,0.115,0.0,1.2165,170.6791,0.0,0.0,0.0,0.0,up,146.58,2026-08-27T11:32:55,0.0,167.5,339.465,2026-09-21 19:44:12,2026-09-21 15:45:04
AAPL,AAPL270617C00180000,AAPL,2027-06-17,C,180.0,164.4,104.0,166.75,19.0,0.3628,1099.0,0.0,0.9829,0.0004,0.128,0.0,1.2466,165.9495,0.0,0.0,0.0,0.0,up,154.49,2026-09-02T09:30:10,0.0,162.625,339.465,2026-09-21 19:44:12,2026-09-21 15:45:04
AAPL,AAPL270617C00185000,AAPL,2027-06-17,C,185.0,159.55,167.0,162.0,75.0,0.3518,201.0,12.0,0.9806,0.0004,0.142,0.0,1.2761,161.2313,-0.375,157.8,157.8,157.8,up,157.8,2026-09-21T10:36:23,-0.237081,158.175003051758,339.465,2026-09-21 19:44:12,2026-09-21 15:45:04
AAPL,AAPL270617C00190000,AAPL,2027-06-17,C,190.0,154.95,247.0,157.4,49.0,0.3602,683.0,2.0,0.9781,0.0005,0.1574,0.0,1.3048,156.5255,0.72,154.2,154.22,154.2,up,154.22,2026-09-21T10:27:58,0.469055,153.5,339.465,2026-09-21 19:44:12,2026-09-21 15:45:04
AAPL,AAPL270617C00195000,AAPL,2027-06-17,C,195.0,150.3,218.0,152.3,37.0,0.342,345.0,2.0,0.9752,0.0005,0.1743,0.0,1.3326,151.8337,0.705,149.43,149.43,149.43,no_change,149.43,2026-09-21T11:12:27,0.47403,148.724998474121,339.465,2026-09-21 19:44:12,2026-09-21 15:45:04
AAPL,AAPL270617C00200000,AAPL,2027-06-17,C,200.0,145.6,510.0,147.5,10.0,0.3347,7496.0,1.0,0.9721,0.0006,0.1924,0.0,1.3595,147.1577,2.6,146.5,146.5,146.5,up,146.5,2026-09-21T14:34:25,1.80681,143.900001525879,339.465,2026-09-21 19:44:12,2026-09-21 15:45:04
AAPL,AAPL270617C00210000,AAPL,2027-06-17,C,210.0,136.3,387.0,138.25,10.0,0.3327,3612.0,2.0,0.9646,0.0007,0.2332,0.0,1.4102,137.8598,2.085,137.11,137.11,137.11,up,137.11,2026-09-21T14:45:26,1.54416,135.025001525879,339.465,2026-09-21 19:44:12,2026-09-21 15:45:04
AAPL,AAPL270617C00220000,AAPL,2027-06-17,C,220.0,127.2,567.0,128.8,5.0,0.3245,4300.0,11.0,0.9554,0.0009,0.2806,0.0,1.4556,128.6497,2.63,127.85,127.98,127.85,up,127.98,2026-09-21T15:03:04,2.09812,125.350002288818,339.465,2026-09-21 19:44:12,2026-09-21 15:45:04
AAPL,AAPL270617C00230000,AAPL,2027-06-17,C,230.0,118.0,424.0,120.55,259.0,0.3319,3915.0,1.0,0.9442,0.0011,0.3351,-0.0001,1.4952,119.5482,2.535,118.56,118.56,118.56,up,118.56,2026-09-21T12:26:12,2.18488,116.024997711182,339.465,2026-09-21 19:44:12,2026-09-21 15:45:04
AAPL,AAPL270617C00240000,AAPL,2027-06-17,C,240.0,109.3,503.0,111.15,99.0,0.3214,1681.0,3.0,0.9304,0.0014,0.3964,-0.0049,1.5275,110.5828,2.165,107.5,109.69,106.85,up,109.69,2026-09-21T12:26:12,2.01349,107.524997711182,339.465,2026-09-21 19:44:12,2026-09-21 15:45:04
AAPL,AAPL270617C00250000,AAPL,2027-06-17,C,250.0,100.55,417.0,102.0,33.0,0.3105,2901.0,2.0,0.9138,0.0017,0.4656,-0.0098,1.551,101.7833,2.225,100.98,101.0,100.98,up,101.0,2026-09-21T15:06:45,2.25259,98.7750015258789,339.465,2026-09-21 19:44:12,2026-09-21 15:45:04
AAPL,AAPL270617C00260000,AAPL,2027-06-17,C,260.0,92.1,330.0,93.8,91.0,0.3093,4123.0,0.0,0.8939,0.002,0.5405,-0.015,1.5653,93.1858,0.0,0.0,0.0,0.0,up,89.59,2026-09-18T13:23:31,0.0,90.5499992370606,339.465,2026-09-21 19:44:12,2026-09-21 15:45:04
AAPL,AAPL270617C00270000,AAPL,2027-06-17,C,270.0,83.35,444.0,85.1,32.0,0.2963,5734.0,7.0,0.8705,0.0024,0.6212,-0.0204,1.5682,84.8293,1.72,83.13,84.6,82.5,down,83.87,2026-09-21T14:08:10,2.09373,82.1500015258789,339.465,2026-09-21 19:44:12,2026-09-21 15:45:04
AAPL,AAPL270617C00280000,AAPL,2027-06-17,C,280.0,75.65,432.0,77.15,64.0,0.2944,8208.0,19.0,0.8432,0.0028,0.7056,-0.0257,1.5593,76.7543,2.215,72.0,76.2,72.0,up,75.99,2026-09-21T15:06:59,3.00238,73.7749977111816,339.465,2026-09-21 19:44:12,2026-09-21 15:45:04
AAPL,AAPL270617C00290000,AAPL,2027-06-17,C,290.0,67.8,446.0,69.45,85.0,0.2884,4999.0,7.0,0.8119,0.0032,0.7904,-0.031,1.5383,69.0046,2.11,65.25,68.43,65.25,up,68.41,2026-09-21T13:07:05,3.1825,66.2999992370606,339.465,2026-09-21 19:44:12,2026-09-21 15:45:04
AAPL,AAPL270617C00300000,AAPL,2027-06-17,C,300.0,60.4,443.0,62.0,109.0,0.2827,9341.0,84.0,0.7766,0.0036,0.8738,-0.036,1.5036,61.6217,2.35,57.0,61.5,57.0,up,61.5,2026-09-21T15:28:33,3.97295,59.1500015258789,339.465,2026-09-21 19:44:12,2026-09-21 15:45:04
AAPL,AAPL270617C00310000,AAPL,2027-06-17,C,310.0,54.45,94.0,54.8,1.0,0.2817,6840.0,48.0,0.7375,0.004,0.9521,-0.0406,1.4564,54.6443,2.2,51.5,54.5,50.7,no_change,54.5,2026-09-21T15:29:10,4.2065,52.3000011444092,339.465,2026-09-21 19:44:12,2026-09-21 15:45:04
AAPL,AAPL270617C00320000,AAPL,2027-06-17,C,320.0,47.45,576.0,48.6,267.0,0.2769,8258.0,24.0,0.6949,0.0043,1.0214,-0.0446,1.3979,48.1096,0.425,45.0,47.79,44.0,down,46.75,2026-09-21T15:11:46,0.91743,46.3250007629394,339.465,2026-09-21 19:44:12,2026-09-21 15:45:04
AAPL,AAPL270617C00330000,AAPL,2027-06-17,C,330.0,41.35,671.0,42.25,2.0,0.2713,6647.0,75.0,0.6494,0.0046,1.0794,-0.0478,1.3274,42.0475,1.325,38.42,41.8,38.42,up,41.6,2026-09-21T15:15:55,3.28988,40.2749996185303,339.465,2026-09-21 19:44:12,2026-09-21 15:45:04
AAPL,AAPL270617C00340000,AAPL,2027-06-17,C,340.0,36.0,210.0,36.6,24.0,0.2682,5837.0,61.0,0.6017,0.0049,1.1232,-0.0503,1.2474,36.4789,0.975,33.98,36.2,33.0,down,35.75,2026-09-21T15:05:29,2.80374,34.7749996185303,339.465,2026-09-21 19:44:12,2026-09-21 15:45:04
AAPL,AAPL270617C00350000,AAPL,2027-06-17,C,350.0,31.15,195.0,31.5,14.0,0.2656,10957.0,186.0,0.5526,0.0051,1.1504,-0.0518,1.1612,31.4186,1.175,28.7,31.15,28.7,up,31.15,2026-09-21T15:28:14,3.91993,29.9750003814697,339.465,2026-09-21 19:44:12,2026-09-21 15:45:04
AAPL,AAPL270617C00360000,AAPL,2027-06-17,C,360.0,26.35,741.0,27.25,209.0,0.2629,5731.0,119.0,0.503,0.0052,1.1606,-0.0524,1.0691,26.8709,0.8,25.25,26.51,24.6,up,26.45,2026-09-21T14:29:40,3.11891,25.6500005722046,339.465,2026-09-21 19:44:12,2026-09-21 15:45:04
AAPL,AAPL270617C00370000,AAPL,2027-06-17,C,370.0,22.35,272.0,22.95,43.0,0.2594,5473.0,44.0,0.4538,0.0052,1.1531,-0.0522,0.9737,22.8274,0.685,21.4,22.51,21.38,up,22.51,2026-09-21T15:06:40,3.1386,21.8249998092651,339.465,2026-09-21 19:44:12,2026-09-21 15:45:04
AAPL,AAPL270617C00380000,AAPL,2027-06-17,C,380.0,19.1,474.0,19.5,138.0,0.2591,6793.0,66.0,0.4059,0.0051,1.1294,-0.0511,0.8792,19.2721,0.875,17.35,19.25,17.05,no_change,19.25,2026-09-21T15:28:09,4.7619,18.375,339.465,2026-09-21 19:44:12,2026-09-21 15:45:04
AAPL,AAPL270617C00390000,AAPL,2027-06-17,C,390.0,15.8,633.0,16.55,610.0,0.257,3450.0,77.0,0.36,0.005,1.091,-0.0493,0.7862,16.1801,0.325,14.3,15.85,14.3,no_change,15.85,2026-09-21T14:23:52,2.0934,15.5250000953674,339.465,2026-09-21 19:44:12,2026-09-21 15:45:04
AAPL,AAPL270617C00400000,AAPL,2027-06-17,C,400.0,13.25,513.0,13.75,129.0,0.2555,5236.0,103.0,0.3169,0.0048,1.0398,-0.0469,0.6962,13.5166,0.61,12.0,13.56,12.0,up,13.56,2026-09-21T15:20:17,4.71042,12.9500002861023,339.465,2026-09-21 19:44:12,2026-09-21 15:45:04
AAPL,AAPL270617C00410000,AAPL,2027-06-17,C,410.0,10.9,626.0,11.45,47.0,0.2538,1413.0,15.0,0.277,0.0045,0.98,-0.0441,0.6126,11.2436,0.275,11.04,11.1,10.85,no_change,11.05,2026-09-21T15:12:21,2.55221,10.7749996185303,339.465,2026-09-21 19:44:12,2026-09-21 15:45:04
AAPL,AAPL270617C00420000,AAPL,2027-06-17,C,420.0,9.05,671.0,9.5,139.0,0.2532,1319.0,27.0,0.2407,0.0042,0.9127,-0.041,0.5347,9.3209,0.3,9.0,9.33,9.0,down,9.2,2026-09-21T14:59:44,3.37079,8.90000009536743,339.465,2026-09-21 19:44:12,2026-09-21 15:45:04
AAPL,AAPL270617C00430000,AAPL,2027-06-17,C,430.0,7.5,572.0,7.85,107.0,0.2528,1361.0,5.0,0.2079,0.0039,0.8419,-0.0377,0.4636,7.7047,0.175,7.65,7.65,7.6,down,7.6,2026-09-21T15:14:39,2.3569,7.42499995231628,339.465,2026-09-21 19:44:12,2026-09-21 15:45:04
AAPL,AAPL270617C00440000,AAPL,2027-06-17,C,440.0,6.1,594.0,6.5,154.0,0.2522,1809.0,3.0,0.1787,0.0035,0.77,-0.0344,0.4005,6.3559,0.105,6.1,6.25,6.1,down,6.23,2026-09-21T15:12:21,1.71429,6.125,339.465,2026-09-21 19:44:12,2026-09-21 15:45:04
AAPL,AAPL270617C00450000,AAPL,2027-06-17,C,450.0,5.05,551.0,5.35,188.0,0.2524,2517.0,43.0,0.153,0.0032,0.698,-0.0311,0.3435,5.2357,0.125,4.7,5.25,4.7,up,5.25,2026-09-21T15:20:21,2.43902,5.125,339.465,2026-09-21 19:44:12,2026-09-21 15:45:04
AAPL,AAPL270617C00460000,AAPL,2027-06-17,C,460.0,4.1,554.0,4.4,117.0,0.2521,518.0,1.0,0.1306,0.0029,0.6294,-0.028,0.2942,4.3091,-0.06,4.14,4.14,4.14,down,4.14,2026-09-21T11:02:36,-1.42857,4.20000004768372,339.465,2026-09-21 19:44:12,2026-09-21 15:45:04
AAPL,AAPL270617C00470000,AAPL,2027-06-17,C,470.0,3.3,491.0,3.65,123.0,0.252,1168.0,0.0,0.1112,0.0026,0.5632,-0.025,0.2507,3.546,0.0,0.0,0.0,0.0,up,3.47,2026-09-18T14:05:56,0.0,3.47499990463257,339.465,2026-09-21 19:44:12,2026-09-21 15:45:04
AAPL,AAPL270617C00480000,AAPL,2027-06-17,C,480.0,2.8,367.0,3.05,306.0,0.254,157.0,0.0,0.0944,0.0023,0.5024,-0.0222,0.2135,2.9184,0.0,0.0,0.0,0.0,no_change,2.78,2026-09-18T10:18:29,0.0,2.81500005722046,339.465,2026-09-21 19:44:12,2026-09-21 15:45:04
AAPL,AAPL270617C00490000,AAPL,2027-06-17,C,490.0,2.3,468.0,2.47,4.0,0.254,228.0,0.0,0.0801,0.002,0.4454,-0.0197,0.1813,2.4043,0.0,0.0,0.0,0.0,no_change,2.25,2026-09-18T10:18:29,0.0,2.32000005245209,339.465,2026-09-21 19:44:12,2026-09-21 15:45:04
AAPL,AAPL270617C00500000,AAPL,2027-06-17,C,500.0,1.93,289.0,2.04,67.0,0.2553,623.0,116.0,0.0679,0.0018,0.3944,-0.0174,0.154,1.983,0.0,1.85,1.96,1.85,up,1.96,2026-09-21T14:22:32,1.09478e-06,1.95999997854233,339.465,2026-09-21 19:44:12,2026-09-21 15:45:04
AAPL,AAPL270617C00510000,AAPL,2027-06-17,C,510.0,1.55,296.0,1.83,335.0,0.2577,226.0,0.0,0.0576,0.0015,0.3476,-0.0153,0.1305,1.6388,0.0,0.0,0.0,0.0,up,1.6,2026-09-17T11:12:54,0.0,1.625,339.465,2026-09-21 19:44:12,2026-09-21 15:45:04
AAPL,AAPL270617C00520000,AAPL,2027-06-17,C,520.0,1.31,114.0,1.53,131.0,0.2593,231.0,0.0,0.0488,0.0013,0.3064,-0.0135,0.1109,1.3572,0.0,0.0,0.0,0.0,down,1.46,2026-09-17T15:42:31,0.0,1.30000001192093,339.465,2026-09-21 19:44:12,2026-09-21 15:45:04
AAPL,AAPL270617C00530000,AAPL,2027-06-17,C,530.0,1.04,322.0,1.23,311.0,0.2586,3929.0,0.0,0.0415,0.0012,0.2693,-0.0118,0.094,1.1273,0.0,0.0,0.0,0.0,down,1.13,2026-09-15T09:38:08,0.0,1.09999996423721,339.465,2026-09-21 19:44:12,2026-09-21 15:45:04
AAPL,AAPL270617C00540000,AAPL,2027-06-17,C,540.0,0.86,391.0,0.97,103.0,0.2584,255.0,10.0,0.0353,0.001,0.2369,-0.0104,0.0801,0.9393,-0.02,0.87,0.88,0.87,up,0.88,2026-09-21T12:49:35,-2.22222,0.900000005960464,339.465,2026-09-21 19:44:12,2026-09-21 15:45:04
AAPL,AAPL270617C00550000,AAPL,2027-06-17,C,550.0,0.7,330.0,0.92,427.0,0.2621,1102.0,2.0,0.0301,0.0009,0.2084,-0.0092,0.0682,0.7854,0.005,0.79,0.79,0.75,down,0.75,2026-09-21T09:32:25,0.671144,0.744999974966049,339.465,2026-09-21 19:44:12,2026-09-21 15:45:04
AAPL,AAPL270617C00560000,AAPL,2027-06-17,C,560.0,0.58,257.0,0.79,382.0,0.2638,103.0,4.0,0.0257,0.0008,0.1831,-0.0081,0.0582,0.6596,-0.02,0.59,0.6,0.59,up,0.6,2026-09-21T12:14:45,-3.2258,0.619999974966049,339.465,2026-09-21 19:44:12,2026-09-21 15:45:04
AAPL,AAPL270617C00570000,AAPL,2027-06-17,C,570.0,0.47,175.0,0.59,220.0,0.262,131.0,8.0,0.022,0.0007,0.1615,-0.0071,0.0499,0.5562,0.035,0.54,0.54,0.52,up,0.54,2026-09-21T12:14:45,6.93069,0.50500001013279,339.465,2026-09-21 19:44:12,2026-09-21 15:45:04
AAPL,AAPL270617C00580000,AAPL,2027-06-17,C,580.0,0.38,107.0,0.59,500.0,0.2665,33.0,3.0,0.0189,0.0006,0.1424,-0.0063,0.0428,0.4713,0.01,0.39,0.39,0.39,no_change,0.39,2026-09-21T12:12:55,2.63158,0.379999995231628,339.465,2026-09-21 19:44:12,2026-09-21 15:45:04
AAPL,AAPL270617C00590000,AAPL,2027-06-17,C,590.0,0.35,190.0,0.49,660.0,0.2687,437.0,1.0,0.0163,0.0005,0.1258,-0.0056,0.0369,0.4014,-0.005,0.34,0.34,0.34,down,0.34,2026-09-21T13:15:06,-1.44928,0.344999998807907,339.465,2026-09-21 19:44:12,2026-09-21 15:45:04
AAPL,AAPL270617C00600000,AAPL,2027-06-17,C,600.0,0.28,99.0,0.34,110.0,0.2658,2890.0,236.0,0.0141,0.0004,0.1111,-0.0049,0.0318,0.3416,0.02,0.34,0.34,0.3,down,0.3,2026-09-21T13:45:15,7.14286,0.280000001192093,339.465,2026-09-21 19:44:12,2026-09-21 15:45:04
AAPL,AAPL270617P00005000,AAPL,2027-06-17,P,5.0,0.0,0.0,0.01,9500.0,1.5003,13.0,0.0,0.0,0.0,0.0001,0.0,0.0,0.0005,0.0,0.0,0.0,0.0,no_change,0.06,2026-08-19T14:46:08,0.0,0.00499999988824129,339.465,2026-09-21 19:44:12,2026-09-21 15:45:04
AAPL,AAPL270617P00010000,AAPL,2027-06-17,P,10.0,0.0,0.0,0.28,250.0,1.6758,10.0,0.0,0.0,0.0,0.0002,0.0,0.0,0.0013,0.0,0.0,0.0,0.0,down,0.01,2026-06-08T12:09:49,0.0,0.140000000596046,339.465,2026-09-21 19:44:12,2026-09-21 15:45:04
AAPL,AAPL270617P00015000,AAPL,2027-06-17,P,15.0,0.0,0.0,0.48,311.0,1.5622,2.0,0.0,0.0,0.0,0.0004,-0.0001,-0.0001,0.0023,0.0,0.0,0.0,0.0,up,0.05,2026-02-05T14:09:34,0.0,0.140000000596046,339.465,2026-09-21 19:44:12,2026-09-21 15:45:04
AAPL,AAPL270617P00020000,AAPL,2027-06-17,P,20.0,0.0,0.0,0.28,314.0,1.3176,15.0,0.0,0.0,0.0,0.0006,-0.0001,-0.0001,0.0036,0.0,0.0,0.0,0.0,no_change,0.02,2026-05-06T11:53:10,0.0,0.140000000596046,339.465,2026-09-21 19:44:12,2026-09-21 15:45:04
AAPL,AAPL270617P00025000,AAPL,2027-06-17,P,25.0,0.0,0.0,0.28,240.0,1.2081,56.0,0.0,-0.0001,0.0,0.0009,-0.0001,-0.0002,0.0052,0.0,0.0,0.0,0.0,no_change,0.03,2026-05-19T14:20:22,0.0,0.140000000596046,339.465,2026-09-21 19:44:12,2026-09-21 15:45:04
AAPL,AAPL270617P00030000,AAPL,2027-06-17,P,30.0,0.0,0.0,0.28,266.0,1.1204,67.0,0.0,-0.0001,0.0,0.0012,-0.0002,-0.0003,0.0072,0.0,0.0,0.0,0.0,no_change,0.04,2026-05-19T13:32:41,0.0,0.140000000596046,339.465,2026-09-21 19:44:12,2026-09-21 15:45:04
AAPL,AAPL270617P00035000,AAPL,2027-06-17,P,35.0,0.0,0.0,0.48,389.0,1.1147,106.0,0.0,-0.0001,0.0,0.0017,-0.0002,-0.0004,0.0094,0.0,0.0,0.0,0.0,no_change,0.11,2025-11-24T11:29:19,0.0,0.140000000596046,339.465,2026-09-21 19:44:12,2026-09-21 15:45:04
AAPL,AAPL270617P00040000,AAPL,2027-06-17,P,40.0,0.0,0.0,0.29,344.0,0.9887,9.0,0.0,-0.0002,0.0,0.0022,-0.0003,-0.0005,0.0122,0.0,0.0,0.0,0.0,no_change,0.11,2026-03-12T13:08:09,0.0,0.144999995827675,339.465,2026-09-21 19:44:12,2026-09-21 15:45:04
AAPL,AAPL270617P00045000,AAPL,2027-06-17,P,45.0,0.0,0.0,0.14,507.0,0.8661,83.0,0.0,-0.0002,0.0,0.0028,-0.0004,-0.0007,0.0153,0.0,0.0,0.0,0.0,no_change,0.15,2026-08-03T09:59:31,0.0,0.144999995827675,339.465,2026-09-21 19:44:12,2026-09-21 15:45:04
AAPL,AAPL270617P00050000,AAPL,2027-06-17,P,50.0,0.01,2.0,0.1,234.0,0.8025,717.0,0.0,-0.0003,0.0,0.0034,-0.0004,-0.0009,0.0189,0.0,0.0,0.0,0.0,down,0.03,2026-09-09T13:49:18,0.0,0.0550000006332994,339.465,2026-09-21 19:44:12,2026-09-21 15:45:04
AAPL,AAPL270617P00055000,AAPL,2027-06-17,P,55.0,0.0,0.0,0.3,529.0,0.8449,24.0,0.0,-0.0004,0.0,0.0042,-0.0005,-0.0011,0.0231,0.0,0.0,0.0,0.0,down,0.03,2026-07-10T12:52:14,0.0,0.150000005960464,339.465,2026-09-21 19:44:12,2026-09-21 15:45:04
AAPL,AAPL270617P00060000,AAPL,2027-06-17,P,60.0,0.0,0.0,0.3,393.0,0.8051,76.0,0.0,-0.0005,0.0,0.0052,-0.0006,-0.0014,0.028,0.0,0.0,0.0,0.0,down,0.05,2026-07-31T10:56:18,0.0,0.150000005960464,339.465,2026-09-21 19:44:12,2026-09-21 15:45:04
AAPL,AAPL270617P00065000,AAPL,2027-06-17,P,65.0,0.0,0.0,0.31,575.0,0.7716,49.0,0.0,-0.0006,0.0,0.0062,-0.0007,-0.0016,0.0335,0.0,0.0,0.0,0.0,down,0.09,2026-09-04T11:12:01,0.0,0.155000001192093,339.465,2026-09-21 19:44:12,2026-09-21 15:45:04
AAPL,AAPL270617P00070000,AAPL,2027-06-17,P,70.0,0.01,3.0,0.3,528.0,0.738,42.0,0.0,-0.0007,0.0,0.0074,-0.0008,-0.002,0.0397,0.0,0.0,0.0,0.0,down,0.12,2026-09-17T11:57:47,0.0,0.135000005364418,339.465,2026-09-21 19:44:12,2026-09-21 15:45:04
AAPL,AAPL270617P00075000,AAPL,2027-06-17,P,75.0,0.01,7.0,0.24,494.0,0.6905,1556.0,0.0,-0.0009,0.0,0.0088,-0.0009,-0.0024,0.0469,0.0,0.0,0.0,0.0,down,0.07,2026-09-16T13:45:38,0.0,0.109999996609986,339.465,2026-09-21 19:44:12,2026-09-21 15:45:04
AAPL,AAPL270617P00080000,AAPL,2027-06-17,P,80.0,0.01,22.0,0.17,275.0,0.64,164.0,0.0,-0.001,0.0,0.0103,-0.0011,-0.0028,0.055,0.0,0.0,0.0,0.0,down,0.07,2026-09-08T13:11:35,0.0,0.0750000001862645,339.465,2026-09-21 19:44:12,2026-09-21 15:45:04
AAPL,AAPL270617P00085000,AAPL,2027-06-17,P,85.0,0.05,3.0,0.13,100.0,0.6142,75.0,0.0,-0.0012,0.0,0.012,-0.0012,-0.0033,0.0642,0.0,0.0,0.0,0.0,down,0.1,2026-09-08T13:11:09,0.0,0.0899999979883432,339.465,2026-09-21 19:44:12,2026-09-21 15:45:04
AAPL,AAPL270617P00090000,AAPL,2027-06-17,P,90.0,0.05,2.0,0.14,101.0,0.5933,133.0,0.0,-0.0014,0.0,0.014,-0.0014,-0.0039,0.0746,0.0,0.0,0.0,0.0,no_change,0.1,2026-09-10T09:43:39,0.0,0.0950000006705522,339.465,2026-09-21 19:44:12,2026-09-21 15:45:04
AAPL,AAPL270617P00095000,AAPL,2027-06-17,P,95.0,0.01,21.0,0.15,103.0,0.5604,167.0,0.0,-0.0017,0.0,0.0162,-0.0016,-0.0046,0.0865,0.0,0.0,0.0,0.0,no_change,0.1,2026-09-01T10:49:28,0.0,0.0800000028684735,339.465,2026-09-21 19:44:12,2026-09-21 15:45:04
AAPL,AAPL270617P00100000,AAPL,2027-06-17,P,100.0,0.05,18.0,0.16,311.0,0.5542,1989.0,0.0,-0.002,0.0,0.0187,-0.0018,-0.0053,0.0998,0.0,0.0,0.0,0.0,no_change,0.12,2026-09-14T09:50:08,0.0,0.10499999858439,339.465,2026-09-21 19:44:12,2026-09-21 15:45:04
AAPL,AAPL270617P00105000,AAPL,2027-06-17,P,105.0,0.08,82.0,0.17,369.0,0.5433,521.0,6.0,-0.0023,0.0,0.0214,-0.002,-0.0062,0.1149,-0.045,0.1,0.1,0.1,no_change,0.1,2026-09-21T12:18:24,-31.0345,0.144999999552965,339.465,2026-09-21 19:44:12,2026-09-21 15:45:04
AAPL,AAPL270617P00110000,AAPL,2027-06-17,P,110.0,0.1,11.0,0.19,262.0,0.5317,202.0,0.0,-0.0027,0.0,0.0246,-0.0022,-0.0072,0.1318,0.0,0.0,0.0,0.0,down,0.17,2026-09-16T10:28:41,0.0,0.160000000149012,339.465,2026-09-21 19:44:12,2026-09-21 15:45:04
AAPL,AAPL270617P00115000,AAPL,2027-06-17,P,115.0,0.06,37.0,0.23,261.0,0.5122,119.0,0.0,-0.0031,0.0001,0.0281,-0.0025,-0.0084,0.1511,0.0,0.0,0.0,0.0,down,0.16,2026-09-15T15:51:41,0.0,0.149999996647239,339.465,2026-09-21 19:44:12,2026-09-21 15:45:04
AAPL,AAPL270617P00120000,AAPL,2027-06-17,P,120.0,0.12,86.0,0.24,467.0,0.5057,527.0,0.0,-0.0036,0.0001,0.0319,-0.0028,-0.0096,0.1729,0.0,0.0,0.0,0.0,no_change,0.15,2026-09-18T14:30:13,0.0,0.174999997019768,339.465,2026-09-21 19:44:12,2026-09-21 15:45:04
AAPL,AAPL270617P00125000,AAPL,2027-06-17,P,125.0,0.11,379.0,0.25,308.0,0.4874,644.0,0.0,-0.0041,0.0001,0.0362,-0.0031,-0.011,0.1974,0.0,0.0,0.0,0.0,no_change,0.19,2026-09-16T14:50:46,0.0,0.195000007748604,339.465,2026-09-21 19:44:12,2026-09-21 15:45:04
AAPL,AAPL270617P00130000,AAPL,2027-06-17,P,130.0,0.11,408.0,0.32,497.0,0.4797,531.0,0.0,-0.0047,0.0001,0.041,-0.0034,-0.0126,0.2252,0.0,0.0,0.0,0.0,down,0.29,2026-09-15T14:53:44,0.0,0.25,339.465,2026-09-21 19:44:12,2026-09-21 15:45:04
AAPL,AAPL270617P00135000,AAPL,2027-06-17,P,135.0,0.14,465.0,0.36,505.0,0.4711,532.0,0.0,-0.0054,0.0001,0.0466,-0.0038,-0.0145,0.2566,0.0,0.0,0.0,0.0,no_change,0.31,2026-09-09T12:30:35,0.0,0.269999995827675,339.465,2026-09-21 19:44:12,2026-09-21 15:45:04
AAPL,AAPL270617P00140000,AAPL,2027-06-17,P,140.0,0.18,414.0,0.41,878.0,0.4639,318.0,1.0,-0.0062,0.0001,0.0524,-0.0042,-0.0166,0.2919,-0.005,0.31,0.31,0.31,up,0.31,2026-09-21T09:42:59,-1.5873,0.314999997615814,339.465,2026-09-21 19:44:12,2026-09-21 15:45:04
AAPL,AAPL270617P00145000,AAPL,2027-06-17,P,145.0,0.27,68.0,0.37,270.0,0.4523,430.0,0.0,-0.0071,0.0001,0.0589,-0.0046,-0.0189,0.3318,0.0,0.0,0.0,0.0,down,0.36,2026-09-17T09:57:46,0.0,0.329999998211861,339.465,2026-09-21 19:44:12,2026-09-21 15:45:04
AAPL,AAPL270617P00150000,AAPL,2027-06-17,P,150.0,0.3,168.0,0.44,329.0,0.4441,4608.0,0.0,-0.0081,0.0002,0.0664,-0.0051,-0.0216,0.3783,0.0,0.0,0.0,0.0,down,0.42,2026-09-18T11:50:11,0.0,0.384999990463257,339.465,2026-09-21 19:44:12,2026-09-21 15:45:04
AAPL,AAPL270617P00155000,AAPL,2027-06-17,P,155.0,0.39,82.0,0.48,291.0,0.4381,806.0,1.0,-0.0093,0.0002,0.0748,-0.0056,-0.0247,0.429,0.135,0.53,0.53,0.53,up,0.53,2026-09-21T09:32:43,34.1772,0.394999995827675,339.465,2026-09-21 19:44:12,2026-09-21 15:45:04
AAPL,AAPL270617P00160000,AAPL,2027-06-17,P,160.0,0.45,18.0,0.52,21.0,0.4289,1600.0,0.0,-0.0106,0.0002,0.0836,-0.0062,-0.0281,0.4874,0.0,0.0,0.0,0.0,up,0.65,2026-09-08T10:06:43,0.0,0.500000014901161,339.465,2026-09-21 19:44:12,2026-09-21 15:45:04
AAPL,AAPL270617P00165000,AAPL,2027-06-17,P,165.0,0.49,20.0,0.59,41.0,0.42,1733.0,0.0,-0.012,0.0003,0.0934,-0.0068,-0.0319,0.5531,0.0,0.0,0.0,0.0,up,0.6,2026-09-18T11:36:39,0.0,0.575000017881394,339.465,2026-09-21 19:44:12,2026-09-21 15:45:04
AAPL,AAPL270617P00170000,AAPL,2027-06-17,P,170.0,0.55,84.0,0.67,28.0,0.4122,1751.0,0.0,-0.0137,0.0003,0.1045,-0.0075,-0.0361,0.627,0.0,0.0,0.0,0.0,no_change,0.66,2026-09-18T13:42:09,0.0,0.699999988079071,339.465,2026-09-21 19:44:12,2026-09-21 15:45:04
AAPL,AAPL270617P00175000,AAPL,2027-06-17,P,175.0,0.63,131.0,0.86,452.0,0.41,2169.0,0.0,-0.0155,0.0003,0.1166,-0.0082,-0.0412,0.7092,0.0,0.0,0.0,0.0,no_change,0.76,2026-09-16T13:38:19,0.0,0.744999974966049,339.465,2026-09-21 19:44:12,2026-09-21 15:45:04
AAPL,AAPL270617P00180000,AAPL,2027-06-17,P,180.0,0.78,40.0,0.86,255.0,0.4007,3167.0,1.0,-0.0176,0.0004,0.1299,-0.0091,-0.0466,0.8056,-0.025,0.82,0.82,0.82,no_change,0.82,2026-09-21T10:33:56,-2.95858,0.844999998807907,339.465,2026-09-21 19:44:12,2026-09-21 15:45:04
AAPL,AAPL270617P00185000,AAPL,2027-06-17,P,185.0,0.84,153.0,0.96,130.0,0.3924,995.0,0.0,-0.0199,0.0004,0.1436,-0.0099,-0.0525,0.908,0.0,0.0,0.0,0.0,no_change,1.09,2026-09-14T09:41:14,0.0,1.05500003695488,339.465,2026-09-21 19:44:12,2026-09-21 15:45:04
AAPL,AAPL270617P00190000,AAPL,2027-06-17,P,190.0,0.96,339.0,1.07,134.0,0.3857,1659.0,0.0,-0.0225,0.0005,0.1598,-0.0108,-0.0591,1.0256,0.0,0.0,0.0,0.0,no_change,1.13,2026-09-18T13:04:54,0.0,1.17999994754791,339.465,2026-09-21 19:44:12,2026-09-21 15:45:04
AAPL,AAPL270617P00195000,AAPL,2027-06-17,P,195.0,1.11,51.0,1.31,325.0,0.3828,4971.0,0.0,-0.0254,0.0005,0.177,-0.0118,-0.0671,1.1601,0.0,0.0,0.0,0.0,no_change,1.32,2026-09-11T13:44:14,0.0,1.23500001430511,339.465,2026-09-21 19:44:12,2026-09-21 15:45:04
AAPL,AAPL270617P00200000,AAPL,2027-06-17,P,200.0,1.26,204.0,1.36,260.0,0.3738,9078.0,13.0,-0.0287,0.0006,0.1952,-0.0128,-0.0752,1.3084,-0.21,1.36,1.36,1.25,down,1.25,2026-09-21T12:50:40,-14.3836,1.45999997854233,339.465,2026-09-21 19:44:12,2026-09-21 15:45:04
AAPL,AAPL270617P00210000,AAPL,2027-06-17,P,210.0,1.63,52.0,1.73,255.0,0.3627,5557.0,12.0,-0.0363,0.0008,0.2374,-0.0151,-0.095,1.661,-0.145,1.6,1.64,1.56,no_change,1.64,2026-09-21T14:42:00,-8.12325,1.78500002622604,339.465,2026-09-21 19:44:12,2026-09-21 15:45:04
AAPL,AAPL270617P00220000,AAPL,2027-06-17,P,220.0,2.08,5.0,2.16,275.0,0.3513,11189.0,71.0,-0.0458,0.001,0.285,-0.0177,-0.1192,2.1057,-0.155,2.21,2.23,2.04,down,2.13,2026-09-21T15:15:38,-6.78337,2.2849999666214,339.465,2026-09-21 19:44:12,2026-09-21 15:45:04
AAPL,AAPL270617P00230000,AAPL,2027-06-17,P,230.0,2.61,17.0,2.84,385.0,0.3425,5331.0,71.0,-0.0574,0.0012,0.3409,-0.0206,-0.1484,2.6572,-0.2,2.65,2.69,2.57,up,2.68,2026-09-21T14:41:23,-6.94444,2.87999999523163,339.465,2026-09-21 19:44:12,2026-09-21 15:45:04
AAPL,AAPL270617P00240000,AAPL,2027-06-17,P,240.0,3.2,307.0,3.45,279.0,0.3302,5941.0,0.0,-0.0716,0.0014,0.4026,-0.0239,-0.1832,3.353,0.0,0.0,0.0,0.0,up,3.8,2026-09-18T14:02:01,0.0,3.64999997615814,339.465,2026-09-21 19:44:12,2026-09-21 15:45:04
AAPL,AAPL270617P00250000,AAPL,2027-06-17,P,250.0,4.1,344.0,4.35,363.0,0.3221,8544.0,17.0,-0.0888,0.0017,0.4737,-0.0274,-0.2261,4.2216,-0.315,4.6,4.7,4.1,up,4.21,2026-09-21T14:14:09,-6.96132,4.52499985694885,339.465,2026-09-21 19:44:12,2026-09-21 15:45:04
AAPL,AAPL270617P00260000,AAPL,2027-06-17,P,260.0,5.15,463.0,5.4,416.0,0.3134,8968.0,14.0,-0.1094,0.0021,0.5519,-0.0312,-0.2766,5.2988,-0.58,5.7,5.7,5.27,down,5.27,2026-09-21T13:59:48,-9.91453,5.85000014305115,339.465,2026-09-21 19:44:12,2026-09-21 15:45:04
AAPL,AAPL270617P00270000,AAPL,2027-06-17,P,270.0,6.5,226.0,6.9,565.0,0.3074,6078.0,146.0,-0.134,0.0025,0.6314,-0.0352,-0.3342,6.6312,-0.475,7.4,7.4,6.6,up,6.7,2026-09-21T15:03:22,-6.62021,7.17499995231628,339.465,2026-09-21 19:44:12,2026-09-21 15:45:04
AAPL,AAPL270617P00280000,AAPL,2027-06-17,P,280.0,8.15,174.0,8.6,468.0,0.3011,9873.0,115.0,-0.1626,0.0029,0.7185,-0.0392,-0.4019,8.2578,-0.725,8.75,8.75,8.1,up,8.25,2026-09-21T14:58:24,-8.078,8.97500038146973,339.465,2026-09-21 19:44:12,2026-09-21 15:45:04
AAPL,AAPL270617P00290000,AAPL,2027-06-17,P,290.0,10.1,191.0,10.45,533.0,0.2939,12733.0,91.0,-0.1957,0.0033,0.8064,-0.0433,-0.4758,10.2261,-0.875,11.26,11.26,10.19,up,10.25,2026-09-21T14:31:20,-7.86517,11.125,339.465,2026-09-21 19:44:12,2026-09-21 15:45:04
AAPL,AAPL270617P00300000,AAPL,2027-06-17,P,300.0,12.45,136.0,12.95,637.0,0.2888,8237.0,129.0,-0.2333,0.0038,0.8873,-0.0472,-0.5573,12.5887,-0.925,13.8,13.8,12.4,up,12.8,2026-09-21T15:12:21,-6.73953,13.7249999046326,339.465,2026-09-21 19:44:12,2026-09-21 15:45:04
AAPL,AAPL270617P00310000,AAPL,2027-06-17,P,310.0,15.25,25.0,15.6,582.0,0.2826,3818.0,96.0,-0.2756,0.0042,0.9673,-0.0507,-0.6442,15.4069,-1.25,16.1,16.25,15.31,no_change,15.45,2026-09-21T15:25:40,-7.48503,16.6999998092651,339.465,2026-09-21 19:44:12,2026-09-21 15:45:04
AAPL,AAPL270617P00320000,AAPL,2027-06-17,P,320.0,18.5,7.0,19.05,535.0,0.2789,3126.0,18.0,-0.3213,0.0047,1.0343,-0.0538,-0.7364,18.6567,-1.225,19.85,19.85,18.8,down,18.8,2026-09-21T12:17:14,-6.11736,20.0250005722046,339.465,2026-09-21 19:44:12,2026-09-21 15:45:04
AAPL,AAPL270617P00330000,AAPL,2027-06-17,P,330.0,22.25,92.0,22.6,277.0,0.2734,1834.0,49.0,-0.3711,0.0051,1.0861,-0.0562,-0.8166,22.4462,-1.29,24.15,24.15,22.3,up,22.66,2026-09-21T15:02:09,-5.38622,23.9499998092651,339.465,2026-09-21 19:44:12,2026-09-21 15:45:04
AAPL,AAPL270617P00340000,AAPL,2027-06-17,P,340.0,26.55,162.0,27.3,303.0,0.271,1284.0,97.0,-0.4241,0.0054,1.1223,-0.058,-0.9032,26.7862,-1.75,29.2,29.2,26.7,down,26.9,2026-09-21T14:37:11,-6.1082,28.6499996185303,339.465,2026-09-21 19:44:12,2026-09-21 15:45:04
AAPL,AAPL270617P00350000,AAPL,2027-06-17,P,350.0,31.2,319.0,31.95,437.0,0.2654,614.0,13.0,-0.4795,0.0057,1.1361,-0.0589,-0.9759,31.6916,-1.65,32.4,32.4,31.65,up,32.0,2026-09-21T14:06:18,-4.90342,33.6499996185303,339.465,2026-09-21 19:44:12,2026-09-21 15:45:04
AAPL,AAPL270617P00360000,AAPL,2027-06-17,P,360.0,36.7,177.0,37.95,572.0,0.2648,154.0,6.0,-0.5366,0.006,1.1267,-0.059,-1.0297,37.1809,-2.125,37.45,37.45,37.25,no_change,37.25,2026-09-21T13:01:49,-5.39683,39.375,339.465,2026-09-21 19:44:12,2026-09-21 15:45:04
AAPL,AAPL270617P00370000,AAPL,2027-06-17,P,370.0,43.05,28.0,44.1,143.0,0.2639,19.0,0.0,-0.5943,0.0061,1.0953,-0.0583,-1.064,43.2589,0.0,0.0,0.0,0.0,up,49.6,2026-09-15T14:12:38,0.0,45.7749996185303,339.465,2026-09-21 19:44:12,2026-09-21 15:45:04
AAPL,AAPL270617P00380000,AAPL,2027-06-17,P,380.0,49.55,120.0,50.9,475.0,0.2619,38.0,0.0,-0.652,0.0062,1.0354,-0.0569,-1.072,49.9135,0.0,0.0,0.0,0.0,down,54.23,2026-09-17T11:43:10,0.0,52.5749988555908,339.465,2026-09-21 19:44:12,2026-09-21 15:45:04
AAPL,AAPL270617P00390000,AAPL,2027-06-17,P,390.0,56.6,128.0,58.4,312.0,0.261,23.0,3.0,-0.7089,0.0062,0.9529,-0.055,-1.0403,57.1277,-1.995,57.68,57.68,57.68,down,57.68,2026-09-21T14:48:26,-3.34311,59.6749992370606,339.465,2026-09-21 19:44:12,2026-09-21 15:45:04
AAPL,AAPL270617P00400000,AAPL,2027-06-17,P,400.0,64.05,300.0,66.6,355.0,0.2609,10.0,0.0,-0.7644,0.0062,0.8478,-0.0527,-0.9736,64.8808,0.0,0.0,0.0,0.0,no_change,99.13,2026-07-31T13:21:31,0.0,67.8000030517578,339.465,2026-09-21 19:44:12,2026-09-21 15:45:04
AAPL,AAPL270617P00410000,AAPL,2027-06-17,P,410.0,72.75,34.0,74.4,338.0,0.2607,0.0,0.0,-0.8177,0.0061,0.7173,-0.0496,-0.8424,73.1369,0.0,0.0,0.0,0.0,down,101.42,2026-07-31T15:58:02,0.0,76.1749992370606,339.465,2026-09-21 19:44:12,2026-09-21 15:45:04
AAPL,AAPL270617P00420000,AAPL,2027-06-17,P,420.0,80.95,355.0,83.25,344.0,0.258,1.0,0.0,-0.8702,0.0062,0.5691,-0.0471,-0.6998,81.8644,0.0,0.0,0.0,0.0,down,87.7,2026-09-11T10:36:34,0.0,85.5750007629394,339.465,2026-09-21 19:44:12,2026-09-21 15:45:04
AAPL,AAPL270617P00430000,AAPL,2027-06-17,P,430.0,90.35,136.0,92.85,142.0,0.2671,0.0,0.0,-0.9203,0.0063,0.3988,-0.0407,-0.5235,91.0186,0.0,0.0,0.0,0.0,down,109.39,2026-07-23T10:03:09,0.0,94.4249992370606,339.465,2026-09-21 19:44:12,2026-09-21 15:45:04
AAPL,AAPL270617P00440000,AAPL,2027-06-17,P,440.0,100.05,122.0,102.4,174.0,0.276,1.0,1.0,-0.9617,0.0049,0.1986,-0.048,-0.267,100.6042,-1.715,102.41,102.41,102.41,down,102.41,2026-09-21T10:34:29,-1.64706,104.125,339.465,2026-09-21 19:44:12,2026-09-21 15:45:04
AAPL,AAPL270617P00450000,AAPL,2027-06-17,P,450.0,109.75,90.0,112.55,93.0,0.2908,0.0,0.0,-0.9878,0.0018,0.0,-0.0636,0.0,110.5357,0.0,0.0,0.0,0.0,down,136.34,2026-08-26T15:56:55,0.0,113.849998474121,339.465,2026-09-21 19:44:12,2026-09-21 15:45:04
AAPL,AAPL270617P00460000,AAPL,2027-06-17,P,460.0,119.15,87.0,122.55,91.0,0.2972,0.0,0.0,-0.9998,0.0,0.0,-0.0636,0.0,120.5357,0.0,0.0,0.0,0.0,no_change,186.3,2025-12-15T15:39:13,0.0,123.849998474121,339.465,2026-09-21 19:44:12,2026-09-21 15:45:04
AAPL,AAPL270617P00470000,AAPL,2027-06-17,P,470.0,129.6,86.0,132.55,86.0,0.3205,0.0,0.0,-1.0,0.0,0.0,-0.0636,0.0,130.5357,0.0,0.0,0.0,0.0,no_change,159.85,2026-06-04T11:52:53,0.0,133.849998474121,339.465,2026-09-21 19:44:12,2026-09-21 15:45:04
AAPL,AAPL270617P00480000,AAPL,2027-06-17,P,480.0,139.65,93.0,142.55,97.0,0.3364,0.0,0.0,-1.0,0.0,0.0,-0.0636,0.0,140.5357,0.0,0.0,0.0,0.0,up,150.0,2026-07-20T09:50:10,0.0,143.849998474121,339.465,2026-09-21 19:44:12,2026-09-21 15:45:04
AAPL,AAPL270617P00490000,AAPL,2027-06-17,P,490.0,149.65,96.0,152.55,87.0,0.3511,0.0,0.0,-1.0,0.0,0.0,-0.0636,0.0,150.5357,0.0,0.0,0.0,0.0,no_change,0.0,,0.0,153.699996948242,339.465,2026-09-21 19:44:12,2026-09-21 15:45:04
AAPL,AAPL270617P00500000,AAPL,2027-06-17,P,500.0,159.6,96.0,162.55,98.0,0.3646,0.0,0.0,-1.0,0.0,0.0,-0.0636,0.0,160.5357,0.0,0.0,0.0,0.0,no_change,0.0,,0.0,163.800003051758,339.465,2026-09-21 19:44:12,2026-09-21 15:45:04
AAPL,AAPL270617P00510000,AAPL,2027-06-17,P,510.0,169.6,87.0,172.55,88.0,0.3786,0.0,0.0,-1.0,0.0,0.0,-0.0636,0.0,170.5357,0.0,0.0,0.0,0.0,no_change,0.0,,0.0,173.824996948242,339.465,2026-09-21 19:44:12,2026-09-21 15:45:04
AAPL,AAPL270617P00520000,AAPL,2027-06-17,P,520.0,179.2,88.0,182.55,86.0,0.3839,0.0,0.0,-1.0,0.0,0.0,-0.0636,0.0,180.5357,0.0,0.0,0.0,0.0,no_change,0.0,,0.0,183.800003051758,339.465,2026-09-21 19:44:12,2026-09-21 15:45:04
AAPL,AAPL270617P00530000,AAPL,2027-06-17,P,530.0,189.65,93.0,192.55,91.0,0.4062,0.0,0.0,-1.0,0.0,0.0,-0.0636,0.0,190.5357,0.0,0.0,0.0,0.0,no_change,0.0,,0.0,193.800003051758,339.465,2026-09-21 19:44:12,2026-09-21 15:45:04
AAPL,AAPL270617P00540000,AAPL,2027-06-17,P,540.0,199.55,76.0,202.55,91.0,0.4174,0.0,0.0,-1.0,0.0,0.0,-0.0636,0.0,200.5357,0.0,0.0,0.0,0.0,no_change,0.0,,0.0,203.850006103516,339.465,2026-09-21 19:44:12,2026-09-21 15:45:04
AAPL,AAPL270617P00550000,AAPL,2027-06-17,P,550.0,209.65,24.0,212.55,90.0,0.4317,0.0,0.0,-1.0,0.0,0.0,-0.0636,0.0,210.5357,0.0,0.0,0.0,0.0,no_change,0.0,,0.0,213.850006103516,339.465,2026-09-21 19:44:12,2026-09-21 15:45:04
AAPL,AAPL270617P00560000,AAPL,2027-06-17,P,560.0,219.65,6.0,222.55,88.0,0.444,0.0,0.0,-1.0,0.0,0.0,-0.0636,0.0,220.5357,0.0,0.0,0.0,0.0,no_change,0.0,,0.0,223.925003051758,339.465,2026-09-21 19:44:12,2026-09-21 15:45:04
AAPL,AAPL270617P00570000,AAPL,2027-06-17,P,570.0,229.65,8.0,232.55,90.0,0.456,0.0,0.0,-1.0,0.0,0.0,-0.0636,0.0,230.5357,0.0,0.0,0.0,0.0,no_change,0.0,,0.0,233.875,339.465,2026-09-21 19:44:12,2026-09-21 15:45:04
AAPL,AAPL270617P00580000,AAPL,2027-06-17,P,580.0,239.3,77.0,242.55,95.0,0.4601,0.0,0.0,-1.0,0.0,0.0,-0.0636,0.0,240.5357,0.0,0.0,0.0,0.0,no_change,0.0,,0.0,243.975006103516,339.465,2026-09-21 19:44:12,2026-09-21 15:45:04
AAPL,AAPL270617P00590000,AAPL,2027-06-17,P,590.0,249.6,6.0,252.55,91.0,0.4785,0.0,0.0,-1.0,0.0,0.0,-0.0636,0.0,250.5357,0.0,0.0,0.0,0.0,no_change,0.0,,0.0,253.925003051758,339.465,2026-09-21 19:44:12,2026-09-21 15:45:04
AAPL,AAPL270617P00600000,AAPL,2027-06-17,P,600.0,259.5,6.0,262.55,90.0,0.4877,0.0,0.0,-1.0,0.0,0.0,-0.0636,0.0,260.5357,0.0,0.0,0.0,0.0,no_change,0.0,,0.0,263.800003051758,339.465,2026-09-21 19:44:12,2026-09-21 15:45:04
AAPL,AAPL270917C00100000,AAPL,2027-09-17,C,100.0,241.65,88.0,245.3,23.0,0.4957,11.0,4.0,0.9975,0.0,0.0302,0.0,0.9379,243.5028,2.2,242.6,242.6,242.5,down,242.5,2026-09-21T12:59:41,0.915524,240.299995422363,339.465,2026-09-21 19:44:12,2026-09-21 15:45:04
AAPL,AAPL270917C00105000,AAPL,2027-09-17,C,105.0,237.05,87.0,240.65,10.0,0.5173,20.0,0.0,0.9971,0.0001,0.0345,0.0,0.9844,238.7686,0.0,0.0,0.0,0.0,down,206.35,2026-08-10T13:41:50,0.0,235.774993896484,339.465,2026-09-21 19:44:12,2026-09-21 15:45:04
AAPL,AAPL270917C00110000,AAPL,2027-09-17,C,110.0,232.3,87.0,235.5,10.0,0.433,10.0,0.0,0.9965,0.0001,0.0393,0.0,1.0301,234.0378,0.0,0.0,0.0,0.0,no_change,199.55,2026-08-17T11:34:46,0.0,231.0,339.465,2026-09-21 19:44:12,2026-09-21 15:45:04
AAPL,AAPL270917C00115000,AAPL,2027-09-17,C,115.0,227.55,87.0,230.8,10.0,0.4333,4.0,0.0,0.9959,0.0001,0.0447,0.0,1.0754,229.3107,0.0,0.0,0.0,0.0,no_change,192.15,2026-08-12T12:19:13,0.0,226.050003051758,339.465,2026-09-21 19:44:12,2026-09-21 15:45:04
AAPL,AAPL270917C00120000,AAPL,2027-09-17,C,120.0,222.85,87.0,226.0,10.0,0.4208,0.0,0.0,0.9953,0.0001,0.0507,0.0,1.1203,224.5875,0.0,0.0,0.0,0.0,no_change,0.0,,0.0,221.300003051758,339.465,2026-09-21 19:44:12,2026-09-21 15:45:04
AAPL,AAPL270917C00125000,AAPL,2027-09-17,C,125.0,218.1,89.0,220.8,10.0,0.0,136.0,48.0,0.9945,0.0001,0.0574,0.0,1.1648,219.8689,2.5,218.95,219.2,218.95,no_change,219.15,2026-09-21T12:59:17,1.15393,216.650001525879,339.465,2026-09-21 19:44:12,2026-09-21 15:45:04
AAPL,AAPL270917C00130000,AAPL,2027-09-17,C,130.0,213.4,87.0,216.5,10.0,0.4046,11.0,0.0,0.9937,0.0001,0.0646,0.0,1.2089,215.1552,0.0,0.0,0.0,0.0,down,182.05,2026-08-10T12:24:16,0.0,211.950004577637,339.465,2026-09-21 19:44:12,2026-09-21 15:45:04
AAPL,AAPL270917C00135000,AAPL,2027-09-17,C,135.0,208.65,87.0,211.95,10.0,0.4154,33.0,0.0,0.9927,0.0001,0.0727,0.0,1.2526,210.447,0.0,0.0,0.0,0.0,up,178.45,2026-08-10T13:56:28,0.0,207.225006103516,339.465,2026-09-21 19:44:12,2026-09-21 15:45:04
AAPL,AAPL270917C00140000,AAPL,2027-09-17,C,140.0,203.95,87.0,206.85,10.0,0.3662,9.0,0.0,0.9916,0.0002,0.0817,0.0,1.2957,205.7448,0.0,0.0,0.0,0.0,no_change,187.01,2026-09-10T11:50:20,0.0,202.5,339.465,2026-09-21 19:44:12,2026-09-21 15:45:04
AAPL,AAPL270917C00145000,AAPL,2027-09-17,C,145.0,199.25,89.0,202.15,10.0,0.3691,11.0,24.0,0.9904,0.0002,0.0915,0.0,1.3384,201.0497,2.525,200.15,200.4,200.15,up,200.35,2026-09-21T12:59:00,1.27638,197.824996948242,339.465,2026-09-21 19:44:12,2026-09-21 15:45:04
AAPL,AAPL270917C00150000,AAPL,2027-09-17,C,150.0,194.55,87.0,197.85,10.0,0.3987,71.0,0.0,0.9891,0.0002,0.1021,0.0,1.3805,196.3621,0.0,0.0,0.0,0.0,up,172.11,2026-08-24T10:56:22,0.0,193.150001525879,339.465,2026-09-21 19:44:12,2026-09-21 15:45:04
AAPL,AAPL270917C00155000,AAPL,2027-09-17,C,155.0,189.9,87.0,192.75,10.0,0.3689,44.0,0.0,0.9876,0.0002,0.1138,0.0,1.4221,191.6829,0.0,0.0,0.0,0.0,down,173.98,2026-09-04T13:45:42,0.0,188.450004577637,339.465,2026-09-21 19:44:12,2026-09-21 15:45:04
AAPL,AAPL270917C00160000,AAPL,2027-09-17,C,160.0,185.2,87.0,188.5,10.0,0.3888,9.0,0.0,0.9859,0.0003,0.1268,0.0,1.4629,187.0131,0.0,0.0,0.0,0.0,up,174.95,2026-09-03T14:22:30,0.0,183.799995422363,339.465,2026-09-21 19:44:12,2026-09-21 15:45:04
AAPL,AAPL270917C00165000,AAPL,2027-09-17,C,165.0,180.55,87.0,183.85,10.0,0.3847,24.0,0.0,0.984,0.0003,0.1407,0.0,1.5029,182.3538,0.0,0.0,0.0,0.0,up,168.68,2026-09-10T15:21:14,0.0,179.099998474121,339.465,2026-09-21 19:44:12,2026-09-21 15:45:04
AAPL,AAPL270917C00170000,AAPL,2027-09-17,C,170.0,175.9,87.0,179.15,10.0,0.3776,10.0,0.0,0.982,0.0003,0.1557,0.0,1.5422,177.706,0.0,0.0,0.0,0.0,up,169.59,2026-09-16T15:16:44,0.0,174.475006103516,339.465,2026-09-21 19:44:12,2026-09-21 15:45:04
AAPL,AAPL270917C00175000,AAPL,2027-09-17,C,175.0,171.25,87.0,174.15,10.0,0.3592,62.0,2.0,0.9797,0.0004,0.1721,0.0,1.5806,173.0707,2.225,172.15,172.25,172.15,up,172.25,2026-09-21T12:59:07,1.30863,170.025001525879,339.465,2026-09-21 19:44:12,2026-09-21 15:45:04
AAPL,AAPL270917C00180000,AAPL,2027-09-17,C,180.0,166.6,133.0,169.4,20.0,0.3506,6.0,0.0,0.9771,0.0004,0.19,0.0,1.618,168.4495,0.0,0.0,0.0,0.0,down,148.98,2026-09-10T10:31:03,0.0,165.400001525879,339.465,2026-09-21 19:44:12,2026-09-21 15:45:04
AAPL,AAPL270917C00185000,AAPL,2027-09-17,C,185.0,162.0,135.0,164.75,10.0,0.3468,23.0,0.0,0.9742,0.0005,0.2092,0.0,1.6542,163.8439,0.0,0.0,0.0,0.0,down,130.08,2026-08-03T10:01:38,0.0,160.799995422363,339.465,2026-09-21 19:44:12,2026-09-21 15:45:04
AAPL,AAPL270917C00190000,AAPL,2027-09-17,C,190.0,157.4,161.0,160.2,16.0,0.3448,265.0,0.0,0.9711,0.0005,0.2296,0.0,1.6894,159.2555,0.0,0.0,0.0,0.0,up,154.17,2026-09-14T14:04:19,0.0,156.25,339.465,2026-09-21 19:44:12,2026-09-21 15:45:04
AAPL,AAPL270917C00195000,AAPL,2027-09-17,C,195.0,152.8,120.0,155.5,20.0,0.3378,39.0,0.0,0.9676,0.0006,0.2517,0.0,1.7233,154.6858,0.0,0.0,0.0,0.0,down,126.75,2026-09-09T14:14:59,0.0,151.575004577637,339.465,2026-09-21 19:44:12,2026-09-21 15:45:04
AAPL,AAPL270917C00200000,AAPL,2027-09-17,C,200.0,148.55,210.0,150.55,10.0,0.3328,82.0,14.0,0.9638,0.0007,0.2756,0.0,1.7557,150.1368,2.1,146.82,149.25,146.82,up,149.25,2026-09-21T12:29:24,1.42711,147.150001525879,339.465,2026-09-21 19:44:12,2026-09-21 15:45:04
AAPL,AAPL270917C00205000,AAPL,2027-09-17,C,205.0,143.7,383.0,146.1,32.0,0.3251,486.0,8.0,0.9596,0.0007,0.3009,0.0,1.7865,145.611,2.175,144.7,144.8,144.7,up,144.8,2026-09-21T12:59:32,1.52498,142.625,339.465,2026-09-21 19:44:12,2026-09-21 15:45:04
AAPL,AAPL270917C00210000,AAPL,2027-09-17,C,210.0,139.2,160.0,141.7,80.0,0.3249,60.0,4.0,0.955,0.0008,0.3276,0.0,1.816,141.1104,2.655,140.3,140.58,140.3,up,140.58,2026-09-21T15:23:49,1.92496,137.925003051758,339.465,2026-09-21 19:44:12,2026-09-21 15:45:04
AAPL,AAPL270917C00215000,AAPL,2027-09-17,C,215.0,134.7,140.0,137.1,24.0,0.3198,13.0,0.0,0.95,0.0009,0.3562,0.0,1.8436,136.6372,0.0,0.0,0.0,0.0,no_change,134.0,2026-09-17T15:01:03,0.0,133.25,339.465,2026-09-21 19:44:12,2026-09-21 15:45:04
AAPL,AAPL270917C00220000,AAPL,2027-09-17,C,220.0,130.85,207.0,133.05,85.0,0.3317,41.0,5.0,0.9445,0.001,0.3869,-0.0008,1.8691,132.1945,-1.65,127.5,127.5,127.5,no_change,127.5,2026-09-21T09:33:38,-1.27758,129.149997711182,339.465,2026-09-21 19:44:12,2026-09-21 15:45:04
AAPL,AAPL270917C00225000,AAPL,2027-09-17,C,225.0,126.35,370.0,128.15,23.0,0.3204,152.0,0.0,0.9384,0.0011,0.4187,-0.0026,1.8926,127.7855,0.0,0.0,0.0,0.0,up,123.35,2026-09-14T09:30:02,0.0,124.775001525879,339.465,2026-09-21 19:44:12,2026-09-21 15:45:04
AAPL,AAPL270917C00230000,AAPL,2027-09-17,C,230.0,122.1,134.0,124.55,28.0,0.328,59.0,0.0,0.9319,0.0012,0.452,-0.0044,1.9143,123.4126,0.0,0.0,0.0,0.0,up,117.81,2026-09-18T10:21:35,0.0,119.975002288818,339.465,2026-09-21 19:44:12,2026-09-21 15:45:04
AAPL,AAPL270917C00235000,AAPL,2027-09-17,C,235.0,117.75,194.0,119.55,85.0,0.3168,60.0,20.0,0.9247,0.0013,0.4876,-0.0063,1.9334,119.0791,2.45,118.2,118.2,118.2,no_change,118.2,2026-09-21T12:59:04,2.11663,115.75,339.465,2026-09-21 19:44:12,2026-09-21 15:45:04
AAPL,AAPL270917C00240000,AAPL,2027-09-17,C,240.0,113.6,380.0,115.7,272.0,0.3196,574.0,1.0,0.917,0.0014,0.5246,-0.0083,1.9497,114.789,0.2,112.0,112.0,112.0,down,112.0,2026-09-21T10:01:44,0.178892,111.799999237061,339.465,2026-09-21 19:44:12,2026-09-21 15:45:04
AAPL,AAPL270917C00245000,AAPL,2027-09-17,C,245.0,109.25,163.0,111.2,40.0,0.3128,23.0,0.0,0.9086,0.0015,0.5625,-0.0103,1.9639,110.5457,0.0,0.0,0.0,0.0,down,104.44,2026-09-16T12:21:36,0.0,107.424999237061,339.465,2026-09-21 19:44:12,2026-09-21 15:45:04
AAPL,AAPL270917C00250000,AAPL,2027-09-17,C,250.0,104.95,379.0,107.45,195.0,0.3126,269.0,5.0,0.8996,0.0017,0.6021,-0.0123,1.9755,106.3522,2.225,101.45,105.5,101.45,up,105.5,2026-09-21T11:48:35,2.15444,103.275001525879,339.465,2026-09-21 19:44:12,2026-09-21 15:45:04
AAPL,AAPL270917C00255000,AAPL,2027-09-17,C,255.0,100.9,339.0,102.65,74.0,0.3048,64.0,10.0,0.8898,0.0018,0.6433,-0.0143,1.9837,102.2129,0.925,99.85,99.85,99.85,up,99.85,2026-09-21T11:06:01,0.935053,98.9249992370606,339.465,2026-09-21 19:44:12,2026-09-21 15:45:04
AAPL,AAPL270917C00260000,AAPL,2027-09-17,C,260.0,96.85,406.0,98.4,12.0,0.301,2342.0,7.0,0.8794,0.0019,0.6851,-0.0164,1.989,98.1322,1.65,97.1,97.1,96.8,no_change,97.05,2026-09-21T12:53:09,1.72956,95.4000015258789,339.465,2026-09-21 19:44:12,2026-09-21 15:45:04
AAPL,AAPL270917C00265000,AAPL,2027-09-17,C,265.0,92.8,404.0,94.8,134.0,0.3012,105.0,2.0,0.8683,0.0021,0.7274,-0.0184,1.9919,94.1131,2.03,93.53,93.53,93.53,up,93.53,2026-09-21T12:48:44,2.21858,91.5,339.465,2026-09-21 19:44:12,2026-09-21 15:45:04
AAPL,AAPL270917C00270000,AAPL,2027-09-17,C,270.0,88.9,450.0,90.8,118.0,0.2985,2316.0,11.0,0.8564,0.0022,0.771,-0.0205,1.9911,90.1596,2.0,89.0,89.7,89.0,up,89.7,2026-09-21T14:17:38,2.2805,87.7000007629394,339.465,2026-09-21 19:44:12,2026-09-21 15:45:04
AAPL,AAPL270917C00275000,AAPL,2027-09-17,C,275.0,85.15,421.0,86.9,67.0,0.2967,105.0,4.0,0.8438,0.0024,0.8149,-0.0225,1.9867,86.2765,1.7,81.93,85.0,81.93,up,85.0,2026-09-21T11:19:59,2.04082,83.2999992370606,339.465,2026-09-21 19:44:12,2026-09-21 15:45:04
AAPL,AAPL270917C00280000,AAPL,2027-09-17,C,280.0,81.2,480.0,83.45,269.0,0.2955,288.0,8.0,0.8304,0.0025,0.8583,-0.0245,1.9798,82.4674,1.9,80.63,82.0,80.46,up,82.0,2026-09-21T15:10:10,2.37204,80.0999984741211,339.465,2026-09-21 19:44:12,2026-09-21 15:45:04
AAPL,AAPL270917C00285000,AAPL,2027-09-17,C,285.0,77.55,355.0,79.5,107.0,0.2922,466.0,1.0,0.8163,0.0027,0.9018,-0.0265,1.9697,78.7351,2.105,78.18,78.18,78.18,up,78.18,2026-09-21T13:17:56,2.76701,76.0750007629394,339.465,2026-09-21 19:44:12,2026-09-21 15:45:04
AAPL,AAPL270917C00290000,AAPL,2027-09-17,C,290.0,73.65,486.0,76.1,288.0,0.2899,200.0,7.0,0.8015,0.0028,0.9454,-0.0285,1.9554,75.0844,2.4,73.43,74.55,73.43,up,74.55,2026-09-21T13:17:56,3.3264,72.1500015258789,339.465,2026-09-21 19:44:12,2026-09-21 15:45:04
AAPL,AAPL270917C00295000,AAPL,2027-09-17,C,295.0,70.4,458.0,71.95,58.0,0.2863,335.0,2.0,0.7859,0.003,0.9875,-0.0304,1.9383,71.5193,1.775,68.0,70.95,68.0,up,70.95,2026-09-21T14:56:17,2.56596,69.1749992370606,339.465,2026-09-21 19:44:12,2026-09-21 15:45:04
AAPL,AAPL270917C00300000,AAPL,2027-09-17,C,300.0,66.6,471.0,68.25,11.0,0.2815,1036.0,5.0,0.7697,0.0031,1.0284,-0.0322,1.9187,68.0417,1.49,64.1,67.29,64.1,no_change,67.29,2026-09-21T13:47:34,2.26444,65.7999992370606,339.465,2026-09-21 19:44:12,2026-09-21 15:45:04
AAPL,AAPL270917C00305000,AAPL,2027-09-17,C,305.0,64.3,188.0,65.4,204.0,0.2872,419.0,14.0,0.7528,0.0033,1.0686,-0.0339,1.8948,64.6553,1.525,63.0,64.3,63.0,up,64.3,2026-09-21T15:28:32,2.42931,62.7749996185303,339.465,2026-09-21 19:44:12,2026-09-21 15:45:04
AAPL,AAPL270917C00310000,AAPL,2027-09-17,C,310.0,60.3,474.0,61.65,2.0,0.2798,516.0,2.0,0.7352,0.0034,1.1068,-0.0356,1.8678,61.3643,1.0,60.72,60.72,60.2,down,60.2,2026-09-21T15:06:02,1.68919,59.2000007629394,339.465,2026-09-21 19:44:12,2026-09-21 15:45:04
AAPL,AAPL270917C00315000,AAPL,2027-09-17,C,315.0,57.05,473.0,58.9,210.0,0.2797,594.0,2.0,0.7171,0.0036,1.1425,-0.0371,1.839,58.1701,0.605,55.7,56.83,55.7,up,56.83,2026-09-21T11:15:06,1.07604,56.2249984741211,339.465,2026-09-21 19:44:12,2026-09-21 15:45:04
AAPL,AAPL270917C00320000,AAPL,2027-09-17,C,320.0,54.0,482.0,55.1,1.0,0.2751,2241.0,8.0,0.6984,0.0037,1.1764,-0.0386,1.8067,55.0745,1.025,53.63,54.56,53.63,down,54.0,2026-09-21T14:34:24,1.93487,52.9750003814697,339.465,2026-09-21 19:44:12,2026-09-21 15:45:04
AAPL,AAPL270917C00325000,AAPL,2027-09-17,C,325.0,51.15,350.0,52.45,84.0,0.2755,636.0,0.0,0.6793,0.0038,1.2079,-0.0399,1.7708,52.0813,0.0,0.0,0.0,0.0,down,50.39,2026-09-18T09:58:09,0.0,50.0750007629394,339.465,2026-09-21 19:44:12,2026-09-21 15:45:04
AAPL,AAPL270917C00330000,AAPL,2027-09-17,C,330.0,48.65,500.0,49.95,469.0,0.277,871.0,4.0,0.6597,0.0039,1.2361,-0.0411,1.7336,49.1919,1.8,47.7,48.7,47.7,up,48.7,2026-09-21T12:16:39,3.83795,46.8999996185303,339.465,2026-09-21 19:44:12,2026-09-21 15:45:04
AAPL,AAPL270917C00335000,AAPL,2027-09-17,C,335.0,45.9,320.0,46.5,1.0,0.2729,2700.0,44.0,0.6397,0.004,1.2614,-0.0422,1.6943,46.4061,1.925,43.5,46.23,43.09,down,46.15,2026-09-21T15:21:13,4.35274,44.2250003814697,339.465,2026-09-21 19:44:12,2026-09-21 15:45:04
AAPL,AAPL270917C00340000,AAPL,2027-09-17,C,340.0,42.95,421.0,44.1,121.0,0.2714,1016.0,35.0,0.6194,0.0041,1.2838,-0.0431,1.6514,43.7264,1.25,41.1,43.3,41.1,down,42.95,2026-09-21T15:07:27,2.9976,41.7000007629394,339.465,2026-09-21 19:44:12,2026-09-21 15:45:04
AAPL,AAPL270917C00345000,AAPL,2027-09-17,C,345.0,40.25,539.0,41.4,67.0,0.269,1030.0,19.0,0.5988,0.0042,1.3026,-0.0439,1.6072,41.154,1.525,40.01,40.85,40.0,up,40.85,2026-09-21T14:47:14,3.87794,39.3249988555908,339.465,2026-09-21 19:44:12,2026-09-21 15:45:04
AAPL,AAPL270917C00350000,AAPL,2027-09-17,C,350.0,38.35,379.0,39.4,465.0,0.2716,12016.0,52.0,0.5781,0.0043,1.3179,-0.0446,1.5625,38.6877,1.5,35.9,38.5,35.9,up,38.5,2026-09-21T15:27:31,4.05405,37.0,339.465,2026-09-21 19:44:12,2026-09-21 15:45:04
AAPL,AAPL270917C00355000,AAPL,2027-09-17,C,355.0,35.55,613.0,36.6,72.0,0.267,975.0,18.0,0.5572,0.0044,1.3297,-0.0451,1.515,36.3275,0.97,35.05,36.03,35.05,down,35.82,2026-09-21T14:49:10,2.78336,34.8500003814697,339.465,2026-09-21 19:44:12,2026-09-21 15:45:04
AAPL,AAPL270917C00360000,AAPL,2027-09-17,C,360.0,33.5,602.0,34.5,479.0,0.2671,2152.0,17.0,0.5363,0.0044,1.3378,-0.0455,1.466,34.0745,0.765,33.6,33.6,32.84,down,33.39,2026-09-21T15:07:27,2.34483,32.625,339.465,2026-09-21 19:44:12,2026-09-21 15:45:04
AAPL,AAPL270917C00365000,AAPL,2027-09-17,C,365.0,31.5,579.0,32.3,275.0,0.2663,1718.0,36.0,0.5154,0.0044,1.3424,-0.0457,1.4173,31.9269,0.94,31.75,31.75,31.3,up,31.59,2026-09-21T14:42:09,3.06689,30.6499996185303,339.465,2026-09-21 19:44:12,2026-09-21 15:45:04
AAPL,AAPL270917C00370000,AAPL,2027-09-17,C,370.0,29.4,595.0,30.15,92.0,0.2647,790.0,46.0,0.4946,0.0044,1.3435,-0.0458,1.3677,29.8824,0.775,28.75,29.4,28.74,up,29.4,2026-09-21T15:03:52,2.70742,28.625,339.465,2026-09-21 19:44:12,2026-09-21 15:45:04
AAPL,AAPL270917C00375000,AAPL,2027-09-17,C,375.0,27.6,549.0,28.25,121.0,0.2644,2050.0,255.0,0.474,0.0044,1.3408,-0.0457,1.3163,27.9411,0.925,26.7,27.7,26.7,up,27.7,2026-09-21T13:13:29,3.45471,26.7750005722046,339.465,2026-09-21 19:44:12,2026-09-21 15:45:04
AAPL,AAPL270917C00380000,AAPL,2027-09-17,C,380.0,25.6,644.0,26.5,480.0,0.2632,1250.0,71.0,0.4536,0.0044,1.3348,-0.0455,1.2655,26.1013,0.6,25.31,25.9,25.07,no_change,25.7,2026-09-21T15:03:35,2.39044,25.1000003814697,339.465,2026-09-21 19:44:12,2026-09-21 15:45:04
AAPL,AAPL270917C00385000,AAPL,2027-09-17,C,385.0,24.0,547.0,24.75,210.0,0.2628,884.0,7.0,0.4334,0.0044,1.3258,-0.0452,1.2155,24.3593,0.1,23.7,23.7,23.4,up,23.45,2026-09-21T11:31:04,0.428264,23.3500003814697,339.465,2026-09-21 19:44:12,2026-09-21 15:45:04
AAPL,AAPL270917C00390000,AAPL,2027-09-17,C,390.0,22.25,412.0,23.05,292.0,0.2614,501.0,61.0,0.4136,0.0044,1.3133,-0.0448,1.1646,22.713,0.7,21.0,22.5,21.0,no_change,22.5,2026-09-21T14:59:46,3.21101,21.7999992370605,339.465,2026-09-21 19:44:12,2026-09-21 15:45:04
AAPL,AAPL270917C00395000,AAPL,2027-09-17,C,395.0,20.7,612.0,21.5,273.0,0.2606,575.0,11.0,0.3942,0.0044,1.2976,-0.0443,1.1136,21.1611,0.65,20.85,20.85,20.85,up,20.85,2026-09-21T15:07:41,3.21782,20.1999998092651,339.465,2026-09-21 19:44:12,2026-09-21 15:45:04
AAPL,AAPL270917C00400000,AAPL,2027-09-17,C,400.0,19.35,593.0,19.9,67.0,0.2598,3094.0,39.0,0.3752,0.0043,1.2796,-0.0436,1.0645,19.6998,0.575,18.65,19.55,18.65,no_change,19.5,2026-09-21T14:37:31,3.03831,18.9250001907349,339.465,2026-09-21 19:44:12,2026-09-21 15:45:04
AAPL,AAPL270917C00410000,AAPL,2027-09-17,C,410.0,16.55,668.0,17.4,303.0,0.2587,800.0,21.0,0.3388,0.0042,1.2359,-0.0421,0.9675,17.0346,0.65,16.95,16.95,16.95,no_change,16.95,2026-09-21T14:50:42,3.98773,16.2999997138977,339.465,2026-09-21 19:44:12,2026-09-21 15:45:04
AAPL,AAPL270917C00420000,AAPL,2027-09-17,C,420.0,14.35,630.0,15.05,372.0,0.2583,1573.0,48.0,0.3044,0.004,1.1838,-0.0403,0.8752,14.6938,0.61,13.25,14.66,13.25,up,14.66,2026-09-21T15:25:40,4.34164,14.0500001907349,339.465,2026-09-21 19:44:12,2026-09-21 15:45:04
AAPL,AAPL270917C00430000,AAPL,2027-09-17,C,430.0,12.15,609.0,12.8,38.0,0.256,515.0,21.0,0.2725,0.0038,1.1252,-0.0382,0.7871,12.6467,0.2,12.45,12.45,12.45,up,12.45,2026-09-21T15:06:23,1.63265,12.25,339.465,2026-09-21 19:44:12,2026-09-21 15:45:04
AAPL,AAPL270917C00440000,AAPL,2027-09-17,C,440.0,10.55,323.0,11.0,4.0,0.256,195.0,0.0,0.243,0.0036,1.0622,-0.036,0.7058,10.8674,0.0,0.0,0.0,0.0,up,10.95,2026-09-17T15:09:59,0.0,10.4749999046326,339.465,2026-09-21 19:44:12,2026-09-21 15:45:04
AAPL,AAPL270917C00450000,AAPL,2027-09-17,C,450.0,9.0,607.0,9.45,39.0,0.2555,417.0,3.0,0.216,0.0034,0.9962,-0.0337,0.6295,9.3257,-0.05,9.11,9.11,8.95,down,8.95,2026-09-21T11:34:03,-0.555556,9.0,339.465,2026-09-21 19:44:12,2026-09-21 15:45:04
AAPL,AAPL270917C00460000,AAPL,2027-09-17,C,460.0,7.65,455.0,8.35,410.0,0.2564,144.0,15.0,0.1915,0.0031,0.929,-0.0314,0.5605,7.9967,0.075,7.8,7.8,7.8,up,7.8,2026-09-21T12:32:50,0.970872,7.72500014305115,339.465,2026-09-21 19:44:12,2026-09-21 15:45:04
AAPL,AAPL270917C00470000,AAPL,2027-09-17,C,470.0,6.55,556.0,6.95,65.0,0.255,343.0,8.0,0.1694,0.0029,0.8622,-0.0291,0.4971,6.8531,0.15,6.75,6.75,6.75,no_change,6.75,2026-09-21T14:52:28,2.27273,6.60000014305115,339.465,2026-09-21 19:44:12,2026-09-21 15:45:04
AAPL,AAPL270917C00480000,AAPL,2027-09-17,C,480.0,5.55,431.0,6.0,79.0,0.2551,155.0,1.0,0.1495,0.0027,0.7961,-0.0268,0.4402,5.8734,0.125,5.8,5.8,5.8,up,5.8,2026-09-21T11:45:38,2.20264,5.67499995231628,339.465,2026-09-21 19:44:12,2026-09-21 15:45:04
AAPL,AAPL270917C00490000,AAPL,2027-09-17,C,490.0,4.8,452.0,5.1,1.0,0.2554,58.0,0.0,0.1318,0.0025,0.7331,-0.0246,0.3891,5.0344,0.0,0.0,0.0,0.0,up,5.25,2026-09-17T15:12:56,0.0,4.85000014305115,339.465,2026-09-21 19:44:12,2026-09-21 15:45:04
AAPL,AAPL270917C00500000,AAPL,2027-09-17,C,500.0,4.1,382.0,4.5,356.0,0.2567,387.0,1.0,0.1161,0.0022,0.6718,-0.0226,0.3431,4.3186,0.05,4.25,4.25,4.25,up,4.25,2026-09-21T10:58:31,1.19047,4.20000004768372,339.465,2026-09-21 19:44:12,2026-09-21 15:45:04
AAPL,AAPL270917C00510000,AAPL,2027-09-17,C,510.0,3.5,445.0,3.8,53.0,0.2564,94.0,0.0,0.1022,0.002,0.615,-0.0206,0.303,3.7077,0.0,0.0,0.0,0.0,up,4.1,2026-09-14T11:47:01,0.0,3.625,339.465,2026-09-21 19:44:12,2026-09-21 15:45:04
AAPL,AAPL270917C00520000,AAPL,2027-09-17,C,520.0,3.0,151.0,3.3,99.0,0.2573,120.0,0.0,0.0899,0.0018,0.5609,-0.0188,0.2665,3.1874,0.0,0.0,0.0,0.0,up,3.1,2026-09-15T13:46:28,0.0,3.125,339.465,2026-09-21 19:44:12,2026-09-21 15:45:04
AAPL,AAPL270917C00530000,AAPL,2027-09-17,C,530.0,2.63,133.0,2.82,19.0,0.2583,71.0,0.0,0.0791,0.0017,0.5109,-0.0171,0.2352,2.7446,0.0,0.0,0.0,0.0,up,2.76,2026-09-03T12:21:38,0.0,2.65499997138977,339.465,2026-09-21 19:44:12,2026-09-21 15:45:04
AAPL,AAPL270917C00540000,AAPL,2027-09-17,C,540.0,2.28,125.0,2.44,20.0,0.2593,49.0,0.0,0.0697,0.0015,0.4651,-0.0156,0.2072,2.3673,0.0,0.0,0.0,0.0,down,2.0,2026-09-10T10:38:08,0.0,2.375,339.465,2026-09-21 19:44:12,2026-09-21 15:45:04
AAPL,AAPL270917C00550000,AAPL,2027-09-17,C,550.0,1.97,126.0,2.11,6.0,0.2601,1280.0,0.0,0.0614,0.0014,0.4223,-0.0141,0.1825,2.0465,0.0,0.0,0.0,0.0,up,2.2,2026-09-16T09:39:02,0.0,1.95499992370605,339.465,2026-09-21 19:44:12,2026-09-21 15:45:04
AAPL,AAPL270917C00560000,AAPL,2027-09-17,C,560.0,1.69,128.0,1.84,10.0,0.261,442.0,0.0,0.0542,0.0012,0.3838,-0.0128,0.1614,1.7732,0.0,0.0,0.0,0.0,no_change,2.07,2026-09-14T09:47:05,0.0,1.75,339.465,2026-09-21 19:44:12,2026-09-21 15:45:04
AAPL,AAPL270917C00570000,AAPL,2027-09-17,C,570.0,1.49,93.0,1.77,239.0,0.265,41.0,0.0,0.0478,0.0011,0.3487,-0.0117,0.1425,1.5402,0.0,0.0,0.0,0.0,up,1.5,2026-09-10T09:37:23,0.0,1.45500004291534,339.465,2026-09-21 19:44:12,2026-09-21 15:45:04
AAPL,AAPL270917C00580000,AAPL,2027-09-17,C,580.0,1.27,380.0,1.4,105.0,0.2632,78.0,0.0,0.0423,0.001,0.3164,-0.0106,0.126,1.3417,0.0,0.0,0.0,0.0,up,1.34,2026-09-18T15:05:03,0.0,1.28500002622604,339.465,2026-09-21 19:44:12,2026-09-21 15:45:04
AAPL,AAPL270917C00590000,AAPL,2027-09-17,C,590.0,1.1,264.0,1.27,297.0,0.2651,105.0,0.0,0.0375,0.0009,0.2876,-0.0096,0.1119,1.1722,0.0,0.0,0.0,0.0,down,1.11,2026-09-18T10:58:46,0.0,1.08500000834465,339.465,2026-09-21 19:44:12,2026-09-21 15:45:04
AAPL,AAPL270917C00600000,AAPL,2027-09-17,C,600.0,1.0,5.0,1.06,129.0,0.266,1656.0,100.0,0.0333,0.0008,0.2618,-0.0088,0.0993,1.027,0.055,1.01,1.06,1.0,up,1.06,2026-09-21T15:26:42,5.47264,1.00499996542931,339.465,2026-09-21 19:44:12,2026-09-21 15:45:04
AAPL,AAPL270917P00100000,AAPL,2027-09-17,P,100.0,0.08,188.0,0.22,306.0,0.5017,432.0,2.0,-0.0029,0.0,0.0304,-0.002,-0.0105,0.1615,-0.015,0.14,0.14,0.14,no_change,0.14,2026-09-21T11:45:03,-9.67742,0.154999999329448,339.465,2026-09-21 19:44:12,2026-09-21 15:45:04
AAPL,AAPL270917P00105000,AAPL,2027-09-17,P,105.0,0.04,267.0,0.29,485.0,0.4882,94.0,0.0,-0.0033,0.0001,0.0347,-0.0022,-0.0122,0.1864,0.0,0.0,0.0,0.0,down,0.37,2026-07-29T09:30:15,0.0,0.180000005289912,339.465,2026-09-21 19:44:12,2026-09-21 15:45:04
AAPL,AAPL270917P00110000,AAPL,2027-09-17,P,110.0,0.07,234.0,0.32,336.0,0.4794,41.0,0.0,-0.0039,0.0001,0.0397,-0.0025,-0.0141,0.2144,0.0,0.0,0.0,0.0,down,0.25,2026-09-02T13:02:31,0.0,0.21000000089407,339.465,2026-09-21 19:44:12,2026-09-21 15:45:04
AAPL,AAPL270917P00115000,AAPL,2027-09-17,P,115.0,0.1,455.0,0.37,624.0,0.4723,6.0,0.0,-0.0045,0.0001,0.0453,-0.0028,-0.0163,0.246,0.0,0.0,0.0,0.0,down,0.25,2026-09-18T11:49:52,0.0,0.244999997317791,339.465,2026-09-21 19:44:12,2026-09-21 15:45:04
AAPL,AAPL270917P00120000,AAPL,2027-09-17,P,120.0,0.13,431.0,0.41,633.0,0.4631,151.0,0.0,-0.0051,0.0001,0.0514,-0.0031,-0.0188,0.2816,0.0,0.0,0.0,0.0,down,0.37,2026-08-31T10:29:40,0.0,0.285000003874302,339.465,2026-09-21 19:44:12,2026-09-21 15:45:04
AAPL,AAPL270917P00125000,AAPL,2027-09-17,P,125.0,0.17,571.0,0.34,249.0,0.4434,15.0,1.0,-0.0059,0.0001,0.058,-0.0034,-0.0215,0.3219,-0.01,0.32,0.32,0.32,down,0.32,2026-09-21T12:46:40,-3.0303,0.329999998211861,339.465,2026-09-21 19:44:12,2026-09-21 15:45:04
AAPL,AAPL270917P00130000,AAPL,2027-09-17,P,130.0,0.21,435.0,0.52,659.0,0.4477,32.0,3.0,-0.0068,0.0001,0.0656,-0.0038,-0.0246,0.367,0.0,0.38,0.38,0.38,up,0.38,2026-09-21T09:30:00,-2.66652e-06,0.38000001013279,339.465,2026-09-21 19:44:12,2026-09-21 15:45:04
AAPL,AAPL270917P00135000,AAPL,2027-09-17,P,135.0,0.34,72.0,0.44,177.0,0.4357,63.0,0.0,-0.0078,0.0001,0.074,-0.0042,-0.0281,0.4178,0.0,0.0,0.0,0.0,up,0.54,2026-09-14T09:32:24,0.0,0.399999991059303,339.465,2026-09-21 19:44:12,2026-09-21 15:45:04
AAPL,AAPL270917P00140000,AAPL,2027-09-17,P,140.0,0.4,68.0,0.66,626.0,0.4386,36.0,1.0,-0.0088,0.0002,0.0831,-0.0046,-0.0322,0.475,0.03,0.49,0.49,0.49,down,0.49,2026-09-21T09:42:59,6.52174,0.459999993443489,339.465,2026-09-21 19:44:12,2026-09-21 15:45:04
AAPL,AAPL270917P00145000,AAPL,2027-09-17,P,145.0,0.47,68.0,0.73,617.0,0.4309,29.0,3.0,-0.0101,0.0002,0.0928,-0.0051,-0.0364,0.5393,0.005,0.54,0.54,0.54,down,0.54,2026-09-21T09:30:10,0.93458,0.534999996423721,339.465,2026-09-21 19:44:12,2026-09-21 15:45:04
AAPL,AAPL270917P00150000,AAPL,2027-09-17,P,150.0,0.53,116.0,0.81,577.0,0.4227,74.0,1.0,-0.0115,0.0002,0.1038,-0.0056,-0.0413,0.6112,0.035,0.65,0.65,0.65,no_change,0.65,2026-09-21T11:36:19,5.69106,0.615000009536743,339.465,2026-09-21 19:44:12,2026-09-21 15:45:04
AAPL,AAPL270917P00155000,AAPL,2027-09-17,P,155.0,0.65,42.0,0.9,572.0,0.4172,111.0,0.0,-0.013,0.0002,0.116,-0.0062,-0.0468,0.6919,0.0,0.0,0.0,0.0,down,0.87,2026-09-02T10:15:28,0.0,0.705000013113022,339.465,2026-09-21 19:44:12,2026-09-21 15:45:04
AAPL,AAPL270917P00160000,AAPL,2027-09-17,P,160.0,0.74,130.0,0.83,339.0,0.4036,63.0,1.0,-0.0147,0.0003,0.1289,-0.0067,-0.0531,0.7803,-0.055,0.75,0.75,0.75,down,0.75,2026-09-21T13:48:01,-6.8323,0.805000007152557,339.465,2026-09-21 19:44:12,2026-09-21 15:45:04
AAPL,AAPL270917P00165000,AAPL,2027-09-17,P,165.0,0.84,45.0,0.99,364.0,0.399,37.0,0.0,-0.0167,0.0003,0.1429,-0.0074,-0.0597,0.8827,0.0,0.0,0.0,0.0,down,0.92,2026-09-18T13:51:06,0.0,0.91499999165535,339.465,2026-09-21 19:44:12,2026-09-21 15:45:04
AAPL,AAPL270917P00170000,AAPL,2027-09-17,P,170.0,0.96,28.0,1.05,211.0,0.3914,66.0,0.0,-0.0187,0.0004,0.1581,-0.008,-0.0671,0.9921,0.0,0.0,0.0,0.0,down,1.08,2026-09-18T10:08:30,0.0,1.03500002622604,339.465,2026-09-21 19:44:12,2026-09-21 15:45:04
AAPL,AAPL270917P00175000,AAPL,2027-09-17,P,175.0,1.02,342.0,1.18,159.0,0.3834,76.0,0.0,-0.0211,0.0004,0.1751,-0.0088,-0.0754,1.1176,0.0,0.0,0.0,0.0,down,1.4,2026-09-11T09:32:33,0.0,1.17500001192093,339.465,2026-09-21 19:44:12,2026-09-21 15:45:04
AAPL,AAPL270917P00180000,AAPL,2027-09-17,P,180.0,1.03,428.0,1.49,455.0,0.3787,140.0,0.0,-0.0237,0.0004,0.1932,-0.0096,-0.085,1.2578,0.0,0.0,0.0,0.0,down,1.45,2026-09-11T15:30:39,0.0,1.33500003814697,339.465,2026-09-21 19:44:12,2026-09-21 15:45:04
AAPL,AAPL270917P00185000,AAPL,2027-09-17,P,185.0,1.37,48.0,1.49,95.0,0.3737,52.0,0.0,-0.0266,0.0005,0.2123,-0.0104,-0.0948,1.4139,0.0,0.0,0.0,0.0,down,1.69,2026-09-11T10:02:00,0.0,1.5100000500679,339.465,2026-09-21 19:44:12,2026-09-21 15:45:04
AAPL,AAPL270917P00190000,AAPL,2027-09-17,P,190.0,1.57,6.0,1.66,78.0,0.3687,42.0,0.0,-0.0299,0.0006,0.2336,-0.0113,-0.106,1.5873,0.0,0.0,0.0,0.0,down,1.76,2026-09-16T13:34:04,0.0,1.60000002384186,339.465,2026-09-21 19:44:12,2026-09-21 15:45:04
AAPL,AAPL270917P00195000,AAPL,2027-09-17,P,195.0,1.73,129.0,2.01,436.0,0.3658,104.0,0.0,-0.0334,0.0006,0.2567,-0.0122,-0.1185,1.7803,0.0,0.0,0.0,0.0,down,2.05,2026-09-16T10:03:07,0.0,1.9750000834465,339.465,2026-09-21 19:44:12,2026-09-21 15:45:04
AAPL,AAPL270917P00200000,AAPL,2027-09-17,P,200.0,1.79,557.0,2.1,286.0,0.355,437.0,3.0,-0.0375,0.0007,0.2808,-0.0132,-0.1328,1.9994,-0.105,2.05,2.05,2.0,down,2.0,2026-09-21T12:17:13,-4.98812,2.10500001907349,339.465,2026-09-21 19:44:12,2026-09-21 15:45:04
AAPL,AAPL270917P00205000,AAPL,2027-09-17,P,205.0,2.18,164.0,2.31,204.0,0.3523,487.0,0.0,-0.0418,0.0008,0.3067,-0.0143,-0.147,2.2383,0.0,0.0,0.0,0.0,up,2.45,2026-09-18T11:05:08,0.0,2.36500000953674,339.465,2026-09-21 19:44:12,2026-09-21 15:45:04
AAPL,AAPL270917P00210000,AAPL,2027-09-17,P,210.0,2.44,221.0,2.58,285.0,0.3475,172.0,0.0,-0.0466,0.0008,0.3342,-0.0154,-0.1641,2.5022,0.0,0.0,0.0,0.0,down,3.4,2026-09-10T09:41:37,0.0,2.67499995231628,339.465,2026-09-21 19:44:12,2026-09-21 15:45:04
AAPL,AAPL270917P00215000,AAPL,2027-09-17,P,215.0,2.57,324.0,2.86,104.0,0.3406,203.0,0.0,-0.0517,0.0009,0.3641,-0.0166,-0.1816,2.792,0.0,0.0,0.0,0.0,down,3.0,2026-09-17T14:32:22,0.0,3.07000005245209,339.465,2026-09-21 19:44:12,2026-09-21 15:45:04
AAPL,AAPL270917P00220000,AAPL,2027-09-17,P,220.0,3.05,168.0,3.2,335.0,0.3386,917.0,22.0,-0.0575,0.001,0.394,-0.0178,-0.2009,3.1181,-0.15,3.23,3.23,3.15,no_change,3.15,2026-09-21T15:13:03,-4.54546,3.30000007152557,339.465,2026-09-21 19:44:12,2026-09-21 15:45:04
AAPL,AAPL270917P00225000,AAPL,2027-09-17,P,225.0,3.4,175.0,3.6,310.0,0.3346,280.0,0.0,-0.0638,0.0011,0.4271,-0.0191,-0.2222,3.4776,0.0,0.0,0.0,0.0,down,3.7,2026-09-17T15:36:08,0.0,3.69999992847443,339.465,2026-09-21 19:44:12,2026-09-21 15:45:04
AAPL,AAPL270917P00230000,AAPL,2027-09-17,P,230.0,3.8,163.0,4.0,316.0,0.3306,376.0,0.0,-0.0706,0.0012,0.4619,-0.0204,-0.2454,3.8755,0.0,0.0,0.0,0.0,down,4.1,2026-09-18T15:50:00,0.0,4.20000004768372,339.465,2026-09-21 19:44:12,2026-09-21 15:45:04
AAPL,AAPL270917P00235000,AAPL,2027-09-17,P,235.0,4.25,88.0,4.4,359.0,0.326,214.0,85.0,-0.0782,0.0014,0.4992,-0.0218,-0.2714,4.3227,-0.175,4.75,4.75,4.35,down,4.35,2026-09-21T15:11:30,-3.8674,4.52499985694885,339.465,2026-09-21 19:44:12,2026-09-21 15:45:04
AAPL,AAPL270917P00240000,AAPL,2027-09-17,P,240.0,4.7,330.0,4.95,419.0,0.3227,1024.0,11.0,-0.0862,0.0015,0.5355,-0.0232,-0.2964,4.8011,-0.25,4.9,4.9,4.78,up,4.85,2026-09-21T15:13:01,-4.90196,5.09999990463257,339.465,2026-09-21 19:44:12,2026-09-21 15:45:04
AAPL,AAPL270917P00245000,AAPL,2027-09-17,P,245.0,5.1,377.0,5.5,341.0,0.318,313.0,17.0,-0.095,0.0016,0.5753,-0.0247,-0.3269,5.3343,-0.35,5.6,5.6,5.25,up,5.35,2026-09-21T14:34:54,-6.14035,5.70000004768372,339.465,2026-09-21 19:44:12,2026-09-21 15:45:04
AAPL,AAPL270917P00250000,AAPL,2027-09-17,P,250.0,5.85,90.0,6.05,377.0,0.3156,965.0,1.0,-0.1045,0.0017,0.6169,-0.0263,-0.3574,5.9217,-0.01,6.34,6.34,6.34,down,6.34,2026-09-21T10:02:39,-0.157483,6.35000014305115,339.465,2026-09-21 19:44:12,2026-09-21 15:45:04
AAPL,AAPL270917P00255000,AAPL,2027-09-17,P,255.0,6.4,385.0,6.75,390.0,0.3119,270.0,8.0,-0.1148,0.0019,0.6576,-0.0278,-0.3898,6.5676,-0.37,6.68,6.68,6.68,down,6.68,2026-09-21T15:07:27,-5.24823,7.04999995231628,339.465,2026-09-21 19:44:12,2026-09-21 15:45:04
AAPL,AAPL270917P00260000,AAPL,2027-09-17,P,260.0,7.05,415.0,7.45,412.0,0.3083,312.0,12.0,-0.1258,0.002,0.7004,-0.0294,-0.4255,7.2728,-0.455,7.25,7.37,7.25,up,7.37,2026-09-21T15:07:27,-5.81469,7.82499980926514,339.465,2026-09-21 19:44:12,2026-09-21 15:45:04
AAPL,AAPL270917P00265000,AAPL,2027-09-17,P,265.0,7.95,258.0,8.25,561.0,0.3063,849.0,4.0,-0.1376,0.0022,0.7449,-0.031,-0.4622,8.0446,-0.525,8.2,8.2,8.1,no_change,8.1,2026-09-21T15:23:58,-6.08696,8.625,339.465,2026-09-21 19:44:12,2026-09-21 15:45:04
AAPL,AAPL270917P00270000,AAPL,2027-09-17,P,270.0,8.7,418.0,9.1,387.0,0.3028,1103.0,0.0,-0.1503,0.0024,0.79,-0.0327,-0.503,8.8881,0.0,0.0,0.0,0.0,up,9.57,2026-09-18T09:32:54,0.0,9.44999980926514,339.465,2026-09-21 19:44:12,2026-09-21 15:45:04
AAPL,AAPL270917P00275000,AAPL,2027-09-17,P,275.0,9.6,442.0,10.05,485.0,0.3,1840.0,12.0,-0.1638,0.0025,0.8332,-0.0343,-0.5418,9.8057,-0.675,10.8,10.8,9.8,down,9.8,2026-09-21T12:31:41,-6.44391,10.4749999046326,339.465,2026-09-21 19:44:12,2026-09-21 15:45:04
AAPL,AAPL270917P00280000,AAPL,2027-09-17,P,280.0,10.6,443.0,11.15,574.0,0.298,2114.0,7.0,-0.1781,0.0027,0.8789,-0.036,-0.5869,10.8011,-0.675,11.19,11.19,10.6,up,10.8,2026-09-21T13:57:56,-5.88235,11.4749999046326,339.465,2026-09-21 19:44:12,2026-09-21 15:45:04
AAPL,AAPL270917P00285000,AAPL,2027-09-17,P,285.0,11.65,393.0,12.3,550.0,0.2956,673.0,3.0,-0.1933,0.0029,0.9249,-0.0376,-0.632,11.8816,-0.1,12.65,12.65,12.65,down,12.65,2026-09-21T11:19:09,-0.784314,12.75,339.465,2026-09-21 19:44:12,2026-09-21 15:45:04
AAPL,AAPL270917P00290000,AAPL,2027-09-17,P,290.0,12.85,456.0,13.3,449.0,0.2924,733.0,1.0,-0.2093,0.003,0.9657,-0.0392,-0.6766,13.0526,-0.5,13.5,13.5,13.5,down,13.5,2026-09-21T10:36:54,-3.57143,14.0,339.465,2026-09-21 19:44:12,2026-09-21 15:45:04
AAPL,AAPL270917P00295000,AAPL,2027-09-17,P,295.0,14.15,363.0,14.5,475.0,0.2899,920.0,13.0,-0.2262,0.0032,1.01,-0.0407,-0.7262,14.3108,-0.875,15.0,15.0,14.45,no_change,14.45,2026-09-21T15:23:58,-5.70963,15.3250002861023,339.465,2026-09-21 19:44:12,2026-09-21 15:45:04
AAPL,AAPL270917P00300000,AAPL,2027-09-17,P,300.0,15.6,39.0,15.85,545.0,0.2881,1408.0,147.0,-0.2439,0.0034,1.0509,-0.0422,-0.7767,15.6687,-1.025,16.65,16.65,15.6,down,15.85,2026-09-21T14:50:52,-6.07407,16.875,339.465,2026-09-21 19:44:12,2026-09-21 15:45:04
AAPL,AAPL270917P00305000,AAPL,2027-09-17,P,305.0,17.0,81.0,17.5,549.0,0.2865,491.0,23.0,-0.2625,0.0036,1.09,-0.0437,-0.8234,17.1297,-1.05,17.8,17.8,17.26,up,17.3,2026-09-21T14:50:39,-5.72207,18.3500003814697,339.465,2026-09-21 19:44:12,2026-09-21 15:45:04
AAPL,AAPL270917P00310000,AAPL,2027-09-17,P,310.0,18.55,132.0,19.1,495.0,0.2843,10102.0,38.0,-0.2822,0.0038,1.1272,-0.0451,-0.8756,18.7148,-0.925,20.65,20.65,18.68,down,18.85,2026-09-21T15:16:59,-4.67763,19.7750005722046,339.465,2026-09-21 19:44:12,2026-09-21 15:45:04
AAPL,AAPL270917P00315000,AAPL,2027-09-17,P,315.0,20.2,186.0,20.6,492.0,0.2818,575.0,19.0,-0.3019,0.0039,1.1617,-0.0464,-0.9264,20.3594,-1.2,20.55,20.55,20.55,down,20.55,2026-09-21T14:59:52,-5.51724,21.75,339.465,2026-09-21 19:44:12,2026-09-21 15:45:04
AAPL,AAPL270917P00320000,AAPL,2027-09-17,P,320.0,22.0,69.0,22.6,594.0,0.2809,428.0,2.0,-0.3228,0.0041,1.1948,-0.0476,-0.9768,22.1426,-1.1,22.94,22.94,22.4,down,22.4,2026-09-21T14:13:46,-4.68085,23.5,339.465,2026-09-21 19:44:12,2026-09-21 15:45:04
AAPL,AAPL270917P00325000,AAPL,2027-09-17,P,325.0,23.9,10.0,24.4,624.0,0.2787,544.0,33.0,-0.3443,0.0043,1.2222,-0.0488,-1.0265,24.0368,-1.325,25.2,25.2,24.15,down,24.15,2026-09-21T15:16:59,-5.20118,25.4750003814697,339.465,2026-09-21 19:44:12,2026-09-21 15:45:04
AAPL,AAPL270917P00330000,AAPL,2027-09-17,P,330.0,25.8,254.0,26.3,445.0,0.2761,408.0,47.0,-0.3665,0.0044,1.2476,-0.0498,-1.073,26.0483,-1.38,27.82,27.82,26.18,down,26.27,2026-09-21T15:20:57,-4.99096,27.6500005722046,339.465,2026-09-21 19:44:12,2026-09-21 15:45:04
AAPL,AAPL270917P00335000,AAPL,2027-09-17,P,335.0,28.0,101.0,28.45,449.0,0.2749,672.0,81.0,-0.3893,0.0046,1.269,-0.0508,-1.125,28.1801,-1.56,30.45,30.45,28.2,no_change,28.44,2026-09-21T15:20:15,-5.2,30.0,339.465,2026-09-21 19:44:12,2026-09-21 15:45:04
AAPL,AAPL270917P00340000,AAPL,2027-09-17,P,340.0,29.75,274.0,30.8,343.0,0.2717,188.0,26.0,-0.4126,0.0047,1.2847,-0.0516,-1.1664,30.4366,-1.515,30.55,30.66,30.55,no_change,30.66,2026-09-21T14:45:49,-4.70862,32.1749992370606,339.465,2026-09-21 19:44:12,2026-09-21 15:45:04
AAPL,AAPL270917P00345000,AAPL,2027-09-17,P,345.0,32.6,173.0,33.4,611.0,0.273,119.0,18.0,-0.4364,0.0048,1.2966,-0.0523,-1.2071,32.8094,-1.775,33.2,33.2,32.95,no_change,33.05,2026-09-21T15:13:19,-5.09691,34.8249988555908,339.465,2026-09-21 19:44:12,2026-09-21 15:45:04
AAPL,AAPL270917P00350000,AAPL,2027-09-17,P,350.0,34.7,496.0,35.9,431.0,0.2701,191.0,13.0,-0.4607,0.005,1.3045,-0.0529,-1.2465,35.3106,-1.825,35.45,35.45,35.45,down,35.45,2026-09-21T14:36:28,-4.89604,37.2749996185303,339.465,2026-09-21 19:44:12,2026-09-21 15:45:04
AAPL,AAPL270917P00355000,AAPL,2027-09-17,P,355.0,37.65,268.0,38.75,416.0,0.2709,215.0,64.0,-0.4854,0.0051,1.3051,-0.0534,-1.279,37.9429,-1.775,39.24,39.36,38.15,down,38.15,2026-09-21T14:33:25,-4.44584,39.9250011444092,339.465,2026-09-21 19:44:12,2026-09-21 15:45:04
AAPL,AAPL270917P00360000,AAPL,2027-09-17,P,360.0,40.35,167.0,41.2,106.0,0.2683,19.0,0.0,-0.5103,0.0052,1.3025,-0.0537,-1.3019,40.6914,0.0,0.0,0.0,0.0,up,63.5,2026-08-13T15:43:55,0.0,42.8999996185303,339.465,2026-09-21 19:44:12,2026-09-21 15:45:04
AAPL,AAPL270917P00365000,AAPL,2027-09-17,P,365.0,43.3,94.0,44.5,317.0,0.2691,4.0,0.0,-0.5356,0.0053,1.2944,-0.054,-1.3398,43.5729,0.0,0.0,0.0,0.0,no_change,52.73,2026-09-01T14:52:31,0.0,45.7999992370606,339.465,2026-09-21 19:44:12,2026-09-21 15:45:04
AAPL,AAPL270917P00370000,AAPL,2027-09-17,P,370.0,46.35,37.0,48.1,235.0,0.2705,100.0,0.0,-0.5609,0.0054,1.2773,-0.0541,-1.3466,46.5816,0.0,0.0,0.0,0.0,down,47.05,2026-09-18T15:53:12,0.0,48.5249996185303,339.465,2026-09-21 19:44:12,2026-09-21 15:45:04
AAPL,AAPL270917P00375000,AAPL,2027-09-17,P,375.0,49.25,140.0,50.65,204.0,0.2664,29.0,0.0,-0.5865,0.0055,1.2617,-0.054,-1.3631,49.7126,0.0,0.0,0.0,0.0,down,73.3,2026-08-11T12:54:07,0.0,52.3500003814697,339.465,2026-09-21 19:44:12,2026-09-21 15:45:04
AAPL,AAPL270917P00380000,AAPL,2027-09-17,P,380.0,52.5,144.0,54.6,636.0,0.2682,67.0,2.0,-0.6121,0.0055,1.2308,-0.0539,-1.3656,52.972,-1.92,53.43,53.43,53.43,down,53.43,2026-09-21T12:29:31,-3.46884,55.3500003814697,339.465,2026-09-21 19:44:12,2026-09-21 15:45:04
AAPL,AAPL270917P00385000,AAPL,2027-09-17,P,385.0,56.1,25.0,57.4,150.0,0.266,26.0,0.0,-0.6378,0.0056,1.2028,-0.0537,-1.3644,56.3521,0.0,0.0,0.0,0.0,no_change,74.75,2026-08-20T14:01:26,0.0,58.9500007629394,339.465,2026-09-21 19:44:12,2026-09-21 15:45:04
AAPL,AAPL270917P00390000,AAPL,2027-09-17,P,390.0,58.9,212.0,61.65,368.0,0.2654,12.0,0.0,-0.6632,0.0056,1.1656,-0.0533,-1.3583,59.8603,0.0,0.0,0.0,0.0,down,73.3,2026-09-10T09:38:22,0.0,62.8500003814697,339.465,2026-09-21 19:44:12,2026-09-21 15:45:04
AAPL,AAPL270917P00395000,AAPL,2027-09-17,P,395.0,63.25,11.0,64.65,166.0,0.2653,3.0,0.0,-0.6887,0.0057,1.1221,-0.0529,-1.3208,63.4827,0.0,0.0,0.0,0.0,down,82.2,2026-08-19T10:55:06,0.0,66.0750007629394,339.465,2026-09-21 19:44:12,2026-09-21 15:45:04
AAPL,AAPL270917P00400000,AAPL,2027-09-17,P,400.0,66.0,413.0,69.25,437.0,0.2641,20.0,7.0,-0.7142,0.0057,1.0721,-0.0526,-1.3025,67.23,-1.5,70.0,70.0,68.55,down,68.55,2026-09-21T11:16:11,-2.14133,70.0499992370606,339.465,2026-09-21 19:44:12,2026-09-21 15:45:04
AAPL,AAPL270917P00410000,AAPL,2027-09-17,P,410.0,73.75,386.0,76.2,311.0,0.2583,16.0,0.0,-0.7644,0.0058,0.9636,-0.0514,-1.2155,75.0641,0.0,0.0,0.0,0.0,down,90.35,2026-09-10T11:19:25,0.0,77.8000030517578,339.465,2026-09-21 19:44:12,2026-09-21 15:45:04
AAPL,AAPL270917P00420000,AAPL,2027-09-17,P,420.0,82.85,37.0,84.9,358.0,0.2647,0.0,0.0,-0.8139,0.0058,0.8225,-0.0496,-1.0756,83.3495,0.0,0.0,0.0,0.0,no_change,89.11,2026-07-27T09:46:50,0.0,86.7999992370606,339.465,2026-09-21 19:44:12,2026-09-21 15:45:04
AAPL,AAPL270917P00430000,AAPL,2027-09-17,P,430.0,90.9,347.0,93.5,340.0,0.2598,10.0,0.0,-0.8627,0.0059,0.6635,-0.0494,-0.882,92.0543,0.0,0.0,0.0,0.0,down,104.8,2026-09-02T12:09:07,0.0,95.3000030517578,339.465,2026-09-21 19:44:12,2026-09-21 15:45:04
AAPL,AAPL270917P00440000,AAPL,2027-09-17,P,440.0,100.3,116.0,102.85,127.0,0.2655,0.0,0.0,-0.9106,0.006,0.4796,-0.0495,-0.6574,101.1691,0.0,0.0,0.0,0.0,up,112.8,2026-07-16T09:45:28,0.0,104.375,339.465,2026-09-21 19:44:12,2026-09-21 15:45:04
AAPL,AAPL270917P00450000,AAPL,2027-09-17,P,450.0,109.4,137.0,112.35,133.0,0.2647,0.0,0.0,-0.9508,0.0051,0.2624,-0.0486,-0.3596,110.6688,0.0,0.0,0.0,0.0,up,144.45,2026-08-10T12:46:36,0.0,114.200000762939,339.465,2026-09-21 19:44:12,2026-09-21 15:45:04
AAPL,AAPL270917P00460000,AAPL,2027-09-17,P,460.0,119.8,76.0,122.55,115.0,0.2872,0.0,0.0,-0.9786,0.0027,0.0342,-0.0485,0.0,120.5357,0.0,0.0,0.0,0.0,no_change,0.0,,0.0,124.0,339.465,2026-09-21 19:44:12,2026-09-21 15:45:04
AAPL,AAPL270917P00470000,AAPL,2027-09-17,P,470.0,129.8,11.0,132.55,88.0,0.3015,0.0,0.0,-0.9948,0.0007,0.0,-0.0485,0.0,130.5357,0.0,0.0,0.0,0.0,no_change,0.0,,0.0,133.949996948242,339.465,2026-09-21 19:44:12,2026-09-21 15:45:04
AAPL,AAPL270917P00480000,AAPL,2027-09-17,P,480.0,139.65,76.0,142.55,87.0,0.3136,0.0,0.0,-1.0,0.0,0.0,-0.0485,0.0,140.5357,0.0,0.0,0.0,0.0,no_change,0.0,,0.0,143.949996948242,339.465,2026-09-21 19:44:12,2026-09-21 15:45:04
AAPL,AAPL270917P00490000,AAPL,2027-09-17,P,490.0,149.5,96.0,152.55,92.0,0.3251,0.0,0.0,-1.0,0.0,0.0,-0.0485,0.0,150.5357,0.0,0.0,0.0,0.0,no_change,0.0,,0.0,153.875,339.465,2026-09-21 19:44:12,2026-09-21 15:45:04
AAPL,AAPL270917P00500000,AAPL,2027-09-17,P,500.0,159.7,13.0,162.55,92.0,0.3407,0.0,0.0,-1.0,0.0,0.0,-0.0485,0.0,160.5357,0.0,0.0,0.0,0.0,no_change,0.0,,0.0,163.974998474121,339.465,2026-09-21 19:44:12,2026-09-21 15:45:04
AAPL,AAPL270917P00510000,AAPL,2027-09-17,P,510.0,168.95,91.0,172.55,92.0,0.34,0.0,0.0,-1.0,0.0,0.0,-0.0485,0.0,170.5357,0.0,0.0,0.0,0.0,no_change,0.0,,0.0,173.875,339.465,2026-09-21 19:44:12,2026-09-21 15:45:04
AAPL,AAPL270917P00520000,AAPL,2027-09-17,P,520.0,179.65,8.0,182.55,87.0,0.3652,0.0,0.0,-1.0,0.0,0.0,-0.0485,0.0,180.5357,0.0,0.0,0.0,0.0,no_change,0.0,,0.0,183.875,339.465,2026-09-21 19:44:12,2026-09-21 15:45:04
AAPL,AAPL270917P00530000,AAPL,2027-09-17,P,530.0,188.8,88.0,192.55,87.0,0.3604,0.0,0.0,-1.0,0.0,0.0,-0.0485,0.0,190.5357,0.0,0.0,0.0,0.0,down,223.26,2026-08-11T10:55:54,0.0,193.875,339.465,2026-09-21 19:44:12,2026-09-21 15:45:04
AAPL,AAPL270917P00540000,AAPL,2027-09-17,P,540.0,199.65,8.0,202.55,89.0,0.3891,0.0,0.0,-1.0,0.0,0.0,-0.0485,0.0,200.5357,0.0,0.0,0.0,0.0,no_change,0.0,,0.0,203.925003051758,339.465,2026-09-21 19:44:12,2026-09-21 15:45:04
AAPL,AAPL270917P00550000,AAPL,2027-09-17,P,550.0,209.65,7.0,212.55,87.0,0.4006,0.0,0.0,-1.0,0.0,0.0,-0.0485,0.0,210.5357,0.0,0.0,0.0,0.0,no_change,0.0,,0.0,213.974998474121,339.465,2026-09-21 19:44:12,2026-09-21 15:45:04
AAPL,AAPL270917P00560000,AAPL,2027-09-17,P,560.0,219.65,7.0,222.55,87.0,0.4118,0.0,0.0,-1.0,0.0,0.0,-0.0485,0.0,220.5357,0.0,0.0,0.0,0.0,no_change,0.0,,0.0,223.974998474121,339.465,2026-09-21 19:44:12,2026-09-21 15:45:04
AAPL,AAPL270917P00570000,AAPL,2027-09-17,P,570.0,229.25,6.0,232.55,86.0,0.4154,0.0,0.0,-1.0,0.0,0.0,-0.0485,0.0,230.5357,0.0,0.0,0.0,0.0,no_change,0.0,,0.0,233.875,339.465,2026-09-21 19:44:12,2026-09-21 15:45:04
AAPL,AAPL270917P00580000,AAPL,2027-09-17,P,580.0,238.95,76.0,242.55,86.0,0.419,0.0,0.0,-1.0,0.0,0.0,-0.0485,0.0,240.5357,0.0,0.0,0.0,0.0,no_change,0.0,,0.0,243.875,339.465,2026-09-21 19:44:12,2026-09-21 15:45:04
AAPL,AAPL270917P00590000,AAPL,2027-09-17,P,590.0,249.25,10.0,252.55,91.0,0.4363,0.0,0.0,-1.0,0.0,0.0,-0.0485,0.0,250.5357,0.0,0.0,0.0,0.0,no_change,0.0,,0.0,253.875,339.465,2026-09-21 19:44:12,2026-09-21 15:45:04
AAPL,AAPL270917P00600000,AAPL,2027-09-17,P,600.0,259.25,10.0,262.55,91.0,0.4465,0.0,0.0,-1.0,0.0,0.0,-0.0485,0.0,260.5357,0.0,0.0,0.0,0.0,no_change,0.0,,0.0,264.100006103516,339.465,2026-09-21 19:44:12,2026-09-21 15:45:04
AAPL,AAPL271217C00005000,AAPL,2027-12-17,C,5.0,332.55,17.0,336.3,17.0,0.0,1.0,0.0,1.0,0.0,0.0004,0.0,0.0148,334.8428,0.0,0.0,0.0,0.0,up,310.06,2026-08-06T09:52:35,0.0,331.024993896484,339.465,2026-09-21 19:44:12,2026-09-21 15:45:04
AAPL,AAPL271217C00010000,AAPL,2027-12-17,C,10.0,327.65,16.0,331.4,16.0,0.0,3.0,0.0,1.0,0.0,0.0001,0.0,0.0368,329.9207,0.0,0.0,0.0,0.0,down,295.0,2026-08-11T15:21:42,0.0,326.149993896484,339.465,2026-09-21 19:44:12,2026-09-21 15:45:04
AAPL,AAPL271217C00015000,AAPL,2027-12-17,C,15.0,322.9,16.0,326.6,11.0,0.0,25.0,0.0,1.0,0.0,0.0002,0.0,0.0598,324.9105,0.0,0.0,0.0,0.0,down,231.29,2026-01-21T11:23:55,0.0,321.375,339.465,2026-09-21 19:44:12,2026-09-21 15:45:04
AAPL,AAPL271217C00020000,AAPL,2027-12-17,C,20.0,318.15,16.0,321.9,16.0,0.0,1.0,0.0,1.0,0.0,0.0012,0.0,0.125,320.1221,0.0,0.0,0.0,0.0,down,227.46,2026-04-07T10:46:03,0.0,316.649993896484,339.465,2026-09-21 19:44:12,2026-09-21 15:45:04
AAPL,AAPL271217C00025000,AAPL,2027-12-17,C,25.0,313.4,69.0,317.05,6.0,0.0,1.0,0.0,1.0,0.0,0.0027,0.0,0.1641,315.28,0.0,0.0,0.0,0.0,down,223.24,2026-04-07T10:46:39,0.0,311.899993896484,339.465,2026-09-21 19:44:12,2026-09-21 15:45:04
AAPL,AAPL271217C00030000,AAPL,2027-12-17,C,30.0,308.7,69.0,312.45,16.0,0.8736,9.0,0.0,1.0,0.0,0.0046,0.0,0.2328,310.456,0.0,0.0,0.0,0.0,up,270.6,2026-06-24T12:02:03,0.0,307.199996948242,339.465,2026-09-21 19:44:12,2026-09-21 15:45:04
AAPL,AAPL271217C00035000,AAPL,2027-12-17,C,35.0,303.95,70.0,307.7,16.0,0.8394,0.0,0.0,1.0,0.0,0.0062,0.0,0.3164,305.668,0.0,0.0,0.0,0.0,no_change,0.0,,0.0,302.475006103516,339.465,2026-09-21 19:44:12,2026-09-21 15:45:04
AAPL,AAPL271217C00040000,AAPL,2027-12-17,C,40.0,299.25,71.0,302.95,11.0,0.8084,8.0,0.0,1.0,0.0,0.0079,0.0,0.3899,300.9101,0.0,0.0,0.0,0.0,down,214.49,2026-03-16T12:49:21,0.0,297.75,339.465,2026-09-21 19:44:12,2026-09-21 15:45:04
AAPL,AAPL271217C00045000,AAPL,2027-12-17,C,45.0,294.5,73.0,298.25,16.0,0.7732,17.0,0.0,1.0,0.0,0.0094,0.0,0.4606,296.0716,0.0,0.0,0.0,0.0,down,204.68,2026-04-07T10:47:27,0.0,293.024993896484,339.465,2026-09-21 19:44:12,2026-09-21 15:45:04
AAPL,AAPL271217C00050000,AAPL,2027-12-17,C,50.0,289.8,65.0,293.4,6.0,0.7199,820.0,0.0,1.0,0.0,0.0111,0.0,0.5243,291.4451,0.0,0.0,0.0,0.0,up,284.25,2026-09-11T15:57:08,0.0,288.300003051758,339.465,2026-09-21 19:44:12,2026-09-21 15:45:04
AAPL,AAPL271217C00055000,AAPL,2027-12-17,C,55.0,285.1,66.0,288.7,6.0,0.6951,411.0,0.0,0.9998,0.0,0.0131,0.0,0.5978,286.7293,0.0,0.0,0.0,0.0,down,249.56,2026-07-31T13:40:55,0.0,283.600006103516,339.465,2026-09-21 19:44:12,2026-09-21 15:45:04
AAPL,AAPL271217C00060000,AAPL,2027-12-17,C,60.0,280.4,76.0,284.15,20.0,0.6903,297.0,0.0,0.9995,0.0,0.0154,0.0,0.67,282.0254,0.0,0.0,0.0,0.0,no_change,277.0,2026-09-18T10:11:52,0.0,278.924987792969,339.465,2026-09-21 19:44:12,2026-09-21 15:45:04
AAPL,AAPL271217C00065000,AAPL,2027-12-17,C,65.0,275.7,68.0,279.35,6.0,0.6491,157.0,0.0,0.9992,0.0,0.018,0.0,0.7398,277.3307,0.0,0.0,0.0,0.0,up,246.9,2026-08-21T15:14:24,0.0,274.25,339.465,2026-09-21 19:44:12,2026-09-21 15:45:04
AAPL,AAPL271217C00070000,AAPL,2027-12-17,C,70.0,271.0,69.0,274.65,6.0,0.6225,168.0,0.0,0.9989,0.0,0.0208,0.0,0.8051,272.6431,0.0,0.0,0.0,0.0,down,235.95,2026-07-31T10:58:55,0.0,269.550003051758,339.465,2026-09-21 19:44:12,2026-09-21 15:45:04
AAPL,AAPL271217C00075000,AAPL,2027-12-17,C,75.0,266.35,77.0,269.65,4.0,0.5594,132.0,0.0,0.9985,0.0,0.0238,0.0,0.8679,267.9607,0.0,0.0,0.0,0.0,up,268.6,2026-07-28T13:03:07,0.0,264.850006103516,339.465,2026-09-21 19:44:12,2026-09-21 15:45:04
AAPL,AAPL271217C00080000,AAPL,2027-12-17,C,80.0,261.65,79.0,264.95,6.0,0.5361,427.0,0.0,0.9982,0.0,0.0274,0.0,0.9274,263.2826,0.0,0.0,0.0,0.0,up,229.45,2026-08-10T12:33:53,0.0,260.149993896484,339.465,2026-09-21 19:44:12,2026-09-21 15:45:04
AAPL,AAPL271217C00085000,AAPL,2027-12-17,C,85.0,256.95,80.0,260.25,6.0,0.5139,435.0,0.0,0.9978,0.0,0.0313,0.0,0.9865,258.6081,0.0,0.0,0.0,0.0,down,232.42,2026-08-06T11:10:32,0.0,255.5,339.465,2026-09-21 19:44:12,2026-09-21 15:45:04
AAPL,AAPL271217C00090000,AAPL,2027-12-17,C,90.0,252.15,95.0,256.0,15.0,0.5382,172.0,30.0,0.9974,0.0,0.0357,0.0,1.0439,253.9369,2.05,253.1,253.1,252.85,down,252.85,2026-09-21T12:58:28,0.817386,250.799995422363,339.465,2026-09-21 19:44:12,2026-09-21 15:45:04
AAPL,AAPL271217C00095000,AAPL,2027-12-17,C,95.0,247.6,81.0,250.5,1.0,0.3476,151.0,0.0,0.9969,0.0001,0.0405,0.0,1.1012,249.2691,0.0,0.0,0.0,0.0,up,217.3,2026-08-14T09:34:47,0.0,246.150001525879,339.465,2026-09-21 19:44:12,2026-09-21 15:45:04
AAPL,AAPL271217C00100000,AAPL,2027-12-17,C,100.0,242.8,100.0,246.2,23.0,0.4532,361.0,44.0,0.9964,0.0001,0.0459,0.0,1.1575,244.6047,2.58,243.7,244.24,243.7,up,244.03,2026-09-21T15:15:36,1.06854,241.450004577637,339.465,2026-09-21 19:44:12,2026-09-21 15:45:04
AAPL,AAPL271217C00105000,AAPL,2027-12-17,C,105.0,238.25,84.0,241.55,10.0,0.4622,102.0,2.0,0.9958,0.0001,0.052,0.0,1.2133,239.9441,2.15,239.3,239.3,238.95,down,238.95,2026-09-21T13:02:39,0.907941,236.799995422363,339.465,2026-09-21 19:44:12,2026-09-21 15:45:04
AAPL,AAPL271217C00110000,AAPL,2027-12-17,C,110.0,233.6,85.0,236.9,28.0,0.4548,232.0,0.0,0.9951,0.0001,0.0586,0.0,1.2686,235.2877,0.0,0.0,0.0,0.0,up,230.2,2026-09-14T15:48:00,0.0,232.349998474121,339.465,2026-09-21 19:44:12,2026-09-21 15:45:04
AAPL,AAPL271217C00115000,AAPL,2027-12-17,C,115.0,228.9,103.0,232.2,13.0,0.4375,383.0,2.0,0.9944,0.0001,0.0658,0.0,1.3236,230.636,2.15,229.65,229.85,229.65,up,229.85,2026-09-21T12:58:20,0.944223,227.700004577637,339.465,2026-09-21 19:44:12,2026-09-21 15:45:04
AAPL,AAPL271217C00120000,AAPL,2027-12-17,C,120.0,224.25,87.0,227.45,10.0,0.421,271.0,0.0,0.9936,0.0001,0.0737,0.0,1.3781,225.9894,0.0,0.0,0.0,0.0,down,193.6,2026-08-11T10:42:30,0.0,223.024993896484,339.465,2026-09-21 19:44:12,2026-09-21 15:45:04
AAPL,AAPL271217C00125000,AAPL,2027-12-17,C,125.0,219.6,87.0,222.45,10.0,0.3771,437.0,1.0,0.9926,0.0001,0.0826,0.0,1.4321,221.3485,2.63,221.03,221.03,221.03,up,221.03,2026-09-21T12:22:36,1.20421,218.400001525879,339.465,2026-09-21 19:44:12,2026-09-21 15:45:04
AAPL,AAPL271217C00130000,AAPL,2027-12-17,C,130.0,214.95,87.0,218.25,16.0,0.4133,1042.0,0.0,0.9916,0.0001,0.0923,0.0,1.4854,216.7141,0.0,0.0,0.0,0.0,up,210.21,2026-09-16T09:30:01,0.0,213.549995422363,339.465,2026-09-21 19:44:12,2026-09-21 15:45:04
AAPL,AAPL271217C00135000,AAPL,2027-12-17,C,135.0,210.35,89.0,214.0,15.0,0.4284,108.0,62.0,0.9904,0.0002,0.1028,0.0,1.5382,212.0869,2.55,211.15,211.45,211.1,up,211.45,2026-09-21T12:58:48,1.22068,208.900001525879,339.465,2026-09-21 19:44:12,2026-09-21 15:45:04
AAPL,AAPL271217C00140000,AAPL,2027-12-17,C,140.0,205.7,94.0,208.9,17.0,0.3956,347.0,0.0,0.9891,0.0002,0.1142,0.0,1.5904,207.4677,0.0,0.0,0.0,0.0,up,201.57,2026-09-14T11:18:54,0.0,204.524993896484,339.465,2026-09-21 19:44:12,2026-09-21 15:45:04
AAPL,AAPL271217C00145000,AAPL,2027-12-17,C,145.0,201.1,87.0,204.3,16.0,0.3916,577.0,0.0,0.9877,0.0002,0.1269,0.0,1.6418,202.8573,0.0,0.0,0.0,0.0,up,189.0,2026-09-01T10:22:51,0.0,199.900001525879,339.465,2026-09-21 19:44:12,2026-09-21 15:45:04
AAPL,AAPL271217C00150000,AAPL,2027-12-17,C,150.0,196.5,94.0,199.75,11.0,0.3886,636.0,1.0,0.9861,0.0002,0.1408,0.0,1.6924,198.2568,1.745,197.02,197.02,197.02,up,197.02,2026-09-21T13:31:21,0.893615,195.274993896484,339.465,2026-09-21 19:44:12,2026-09-21 15:45:04
AAPL,AAPL271217C00155000,AAPL,2027-12-17,C,155.0,191.9,87.0,195.15,10.0,0.3825,100.0,0.0,0.9843,0.0003,0.1556,0.0,1.742,193.6674,0.0,0.0,0.0,0.0,up,167.6,2026-08-26T13:48:41,0.0,190.5,339.465,2026-09-21 19:44:12,2026-09-21 15:45:04
AAPL,AAPL271217C00160000,AAPL,2027-12-17,C,160.0,187.2,119.0,190.7,25.0,0.3776,410.0,80.0,0.9823,0.0003,0.1716,0.0,1.7909,189.0899,2.35,188.1,188.35,188.05,up,188.25,2026-09-21T12:57:51,1.26412,185.900001525879,339.465,2026-09-21 19:44:12,2026-09-21 15:45:04
AAPL,AAPL271217C00165000,AAPL,2027-12-17,C,165.0,182.7,87.0,186.0,10.0,0.3706,266.0,0.0,0.9801,0.0003,0.1892,0.0,1.8386,184.5256,0.0,0.0,0.0,0.0,up,180.15,2026-09-11T11:47:50,0.0,181.524993896484,339.465,2026-09-21 19:44:12,2026-09-21 15:45:04
AAPL,AAPL271217C00170000,AAPL,2027-12-17,C,170.0,178.15,157.0,180.85,21.0,0.3482,496.0,0.0,0.9777,0.0004,0.2082,0.0,1.885,179.9759,0.0,0.0,0.0,0.0,up,175.97,2026-09-17T12:02:21,0.0,176.574996948242,339.465,2026-09-21 19:44:12,2026-09-21 15:45:04
AAPL,AAPL271217C00175000,AAPL,2027-12-17,C,175.0,173.6,167.0,176.5,36.0,0.3503,341.0,0.0,0.975,0.0004,0.2285,0.0,1.9302,175.4426,0.0,0.0,0.0,0.0,up,166.79,2026-09-15T13:35:31,0.0,172.425003051758,339.465,2026-09-21 19:44:12,2026-09-21 15:45:04
AAPL,AAPL271217C00180000,AAPL,2027-12-17,C,180.0,169.1,201.0,171.85,30.0,0.3442,835.0,0.0,0.9721,0.0005,0.25,0.0,1.9743,170.9268,0.0,0.0,0.0,0.0,up,169.28,2026-09-17T15:36:09,0.0,167.975006103516,339.465,2026-09-21 19:44:12,2026-09-21 15:45:04
AAPL,AAPL271217C00185000,AAPL,2027-12-17,C,185.0,164.9,244.0,167.4,93.0,0.3486,1142.0,4.0,0.9688,0.0005,0.2734,0.0,2.0168,166.4302,2.215,165.43,165.64,165.43,up,165.64,2026-09-21T15:07:31,1.35536,163.425003051758,339.465,2026-09-21 19:44:12,2026-09-21 15:45:04
AAPL,AAPL271217C00190000,AAPL,2027-12-17,C,190.0,160.1,325.0,162.5,31.0,0.33,574.0,3.0,0.9653,0.0006,0.2985,0.0,2.0576,161.9548,1.33,160.33,160.33,160.33,up,160.33,2026-09-21T10:36:20,0.836478,159.0,339.465,2026-09-21 19:44:12,2026-09-21 15:45:04
AAPL,AAPL271217C00195000,AAPL,2027-12-17,C,195.0,156.15,406.0,158.3,89.0,0.3414,369.0,2.0,0.9614,0.0006,0.325,0.0,2.0966,157.5028,2.3,156.55,156.7,156.55,up,156.7,2026-09-21T12:57:40,1.48964,154.399993896484,339.465,2026-09-21 19:44:12,2026-09-21 15:45:04
AAPL,AAPL271217C00200000,AAPL,2027-12-17,C,200.0,151.4,439.0,153.75,34.0,0.3307,3928.0,11.0,0.9571,0.0007,0.3528,0.0,2.1341,153.0759,1.78,151.48,151.93,151.48,up,151.93,2026-09-21T13:55:52,1.18548,150.150001525879,339.465,2026-09-21 19:44:12,2026-09-21 15:45:04
AAPL,AAPL271217C00205000,AAPL,2027-12-17,C,205.0,146.8,331.0,149.2,40.0,0.3225,856.0,0.0,0.9525,0.0008,0.3827,0.0,2.1696,148.6762,0.0,0.0,0.0,0.0,up,141.9,2026-09-16T15:42:46,0.0,145.575004577637,339.465,2026-09-21 19:44:12,2026-09-21 15:45:04
AAPL,AAPL271217C00210000,AAPL,2027-12-17,C,210.0,143.0,413.0,145.3,39.0,0.334,750.0,0.0,0.9475,0.0008,0.4144,0.0,2.2027,144.3064,0.0,0.0,0.0,0.0,up,137.65,2026-09-16T09:30:01,0.0,141.150001525879,339.465,2026-09-21 19:44:12,2026-09-21 15:45:04
AAPL,AAPL271217C00215000,AAPL,2027-12-17,C,215.0,138.25,502.0,140.95,59.0,0.3254,829.0,2.0,0.942,0.0009,0.4474,0.0,2.2336,139.9693,-2.05,134.25,134.6,134.25,up,134.6,2026-09-21T09:37:45,-1.50018,136.650001525879,339.465,2026-09-21 19:44:12,2026-09-21 15:45:04
AAPL,AAPL271217C00220000,AAPL,2027-12-17,C,220.0,134.25,407.0,136.45,101.0,0.3235,989.0,9.0,0.9361,0.001,0.4817,-0.0011,2.2626,135.6669,1.7,129.95,134.5,129.95,up,134.5,2026-09-21T12:35:53,1.28012,132.799995422363,339.465,2026-09-21 19:44:12,2026-09-21 15:45:04
AAPL,AAPL271217C00225000,AAPL,2027-12-17,C,225.0,129.5,406.0,131.8,28.0,0.3114,2016.0,8.0,0.9297,0.0011,0.518,-0.0027,2.289,131.4017,2.615,125.8,130.64,125.8,up,130.64,2026-09-21T12:56:57,2.04257,128.024997711182,339.465,2026-09-21 19:44:12,2026-09-21 15:45:04
AAPL,AAPL271217C00230000,AAPL,2027-12-17,C,230.0,125.5,570.0,127.65,70.0,0.312,1555.0,69.0,0.9228,0.0012,0.556,-0.0044,2.3122,127.1772,1.92,121.65,126.4,121.65,up,126.37,2026-09-21T14:35:46,1.54279,124.450000762939,339.465,2026-09-21 19:44:12,2026-09-21 15:45:04
AAPL,AAPL271217C00235000,AAPL,2027-12-17,C,235.0,121.65,464.0,124.05,187.0,0.3177,567.0,83.0,0.9154,0.0013,0.5948,-0.006,2.333,122.9964,0.145,117.5,120.71,117.5,down,120.62,2026-09-21T11:03:11,0.120358,120.474998474121,339.465,2026-09-21 19:44:12,2026-09-21 15:45:04
AAPL,AAPL271217C00240000,AAPL,2027-12-17,C,240.0,117.55,435.0,119.25,44.0,0.3095,790.0,27.0,0.9074,0.0014,0.6348,-0.0078,2.3515,118.8616,2.225,113.5,118.0,113.5,up,118.0,2026-09-21T15:06:33,1.92183,115.774997711182,339.465,2026-09-21 19:44:12,2026-09-21 15:45:04
AAPL,AAPL271217C00245000,AAPL,2027-12-17,C,245.0,113.45,424.0,115.75,212.0,0.3114,575.0,1.0,0.8989,0.0015,0.6765,-0.0095,2.3666,114.7757,1.15,112.9,112.9,112.9,up,112.9,2026-09-21T11:00:08,1.02908,111.75,339.465,2026-09-21 19:44:12,2026-09-21 15:45:04
AAPL,AAPL271217C00250000,AAPL,2027-12-17,C,250.0,109.65,380.0,111.55,101.0,0.3092,3462.0,8.0,0.8899,0.0016,0.7193,-0.0112,2.3782,110.7427,1.95,105.4,110.1,105.4,down,109.9,2026-09-21T15:10:35,1.80639,107.950000762939,339.465,2026-09-21 19:44:12,2026-09-21 15:45:04
AAPL,AAPL271217C00255000,AAPL,2027-12-17,C,255.0,105.2,451.0,107.2,74.0,0.3008,542.0,5.0,0.8802,0.0017,0.7624,-0.013,2.3872,106.7656,1.52,101.5,105.12,101.5,up,105.12,2026-09-21T11:38:37,1.46718,103.599998474121,339.465,2026-09-21 19:44:12,2026-09-21 15:45:04
AAPL,AAPL271217C00260000,AAPL,2027-12-17,C,260.0,100.9,457.0,103.55,137.0,0.2979,2137.0,9.0,0.87,0.0018,0.806,-0.0147,2.3934,102.8465,-0.355,97.65,102.2,97.65,down,100.32,2026-09-21T11:37:19,-0.352623,100.675003051758,339.465,2026-09-21 19:44:12,2026-09-21 15:45:04
AAPL,AAPL271217C00265000,AAPL,2027-12-17,C,265.0,97.2,487.0,99.85,73.0,0.2977,588.0,0.0,0.8592,0.002,0.8509,-0.0165,2.3956,98.9888,0.0,0.0,0.0,0.0,up,97.0,2026-09-11T11:12:52,0.0,96.5499992370606,339.465,2026-09-21 19:44:12,2026-09-21 15:45:04
AAPL,AAPL271217C00270000,AAPL,2027-12-17,C,270.0,93.6,480.0,96.1,144.0,0.2969,2438.0,20.0,0.8478,0.0021,0.8958,-0.0182,2.3942,95.1965,2.05,91.0,94.86,91.0,no_change,94.7,2026-09-21T12:53:09,2.21263,92.6499977111816,339.465,2026-09-21 19:44:12,2026-09-21 15:45:04
AAPL,AAPL271217C00275000,AAPL,2027-12-17,C,275.0,90.75,261.0,92.5,175.0,0.3001,392.0,6.0,0.8358,0.0022,0.9402,-0.0199,2.3904,91.4719,1.025,89.0,90.2,89.0,up,90.2,2026-09-21T11:55:08,1.14943,89.1749992370606,339.465,2026-09-21 19:44:12,2026-09-21 15:45:04
AAPL,AAPL271217C00280000,AAPL,2027-12-17,C,280.0,86.5,481.0,88.6,77.0,0.2935,2181.0,3.0,0.8233,0.0023,0.9846,-0.0216,2.3833,87.8172,1.7,85.76,87.4,85.76,up,87.4,2026-09-21T14:28:32,1.98366,85.7000007629394,339.465,2026-09-21 19:44:12,2026-09-21 15:45:04
AAPL,AAPL271217C00285000,AAPL,2027-12-17,C,285.0,83.2,489.0,85.4,323.0,0.2947,450.0,2.0,0.8101,0.0024,1.0291,-0.0233,2.3719,84.2358,1.75,84.05,84.05,84.05,up,84.05,2026-09-21T15:14:58,2.12636,82.3000030517578,339.465,2026-09-21 19:44:12,2026-09-21 15:45:04
AAPL,AAPL271217C00290000,AAPL,2027-12-17,C,290.0,79.45,447.0,81.45,72.0,0.2894,1607.0,3.0,0.7964,0.0026,1.0726,-0.0249,2.3572,80.7312,1.825,78.93,80.0,78.93,up,80.0,2026-09-21T12:12:10,2.33451,78.1749992370606,339.465,2026-09-21 19:44:12,2026-09-21 15:45:04
AAPL,AAPL271217C00295000,AAPL,2027-12-17,C,295.0,75.35,529.0,77.65,18.0,0.2828,442.0,5.0,0.7822,0.0027,1.1147,-0.0265,2.3404,77.3048,1.375,76.35,76.35,76.35,up,76.35,2026-09-21T13:52:38,1.83394,74.9750022888184,339.465,2026-09-21 19:44:12,2026-09-21 15:45:04
AAPL,AAPL271217C00300000,AAPL,2027-12-17,C,300.0,72.8,435.0,74.75,224.0,0.2866,8565.0,13.0,0.7674,0.0028,1.156,-0.028,2.32,73.9585,2.375,73.21,74.0,73.0,up,74.0,2026-09-21T15:29:08,3.31588,71.625,339.465,2026-09-21 19:44:12,2026-09-21 15:45:04
AAPL,AAPL271217C00305000,AAPL,2027-12-17,C,305.0,69.6,301.0,71.55,132.0,0.2854,757.0,0.0,0.7522,0.0029,1.1963,-0.0295,2.2953,70.6956,0.0,0.0,0.0,0.0,up,68.35,2026-09-18T14:58:58,0.0,68.8250007629394,339.465,2026-09-21 19:44:12,2026-09-21 15:45:04
AAPL,AAPL271217C00310000,AAPL,2027-12-17,C,310.0,65.9,485.0,68.35,197.0,0.2815,6416.0,0.0,0.7365,0.003,1.2344,-0.0308,2.2682,67.5185,0.0,0.0,0.0,0.0,down,63.31,2026-09-18T10:43:17,0.0,65.4749984741211,339.465,2026-09-21 19:44:12,2026-09-21 15:45:04
AAPL,AAPL271217C00315000,AAPL,2027-12-17,C,315.0,62.9,455.0,65.2,220.0,0.28,782.0,2.0,0.7204,0.0032,1.2704,-0.0322,2.2393,64.4275,-0.65,61.8,61.8,61.8,down,61.8,2026-09-21T10:02:27,-1.04083,62.4500007629394,339.465,2026-09-21 19:44:12,2026-09-21 15:45:04
AAPL,AAPL271217C00320000,AAPL,2027-12-17,C,320.0,60.25,417.0,61.75,52.0,0.2782,3979.0,5.0,0.7038,0.0032,1.3048,-0.0334,2.2065,61.4241,1.25,59.0,60.85,59.0,down,60.7,2026-09-21T12:56:05,2.10261,59.4500007629394,339.465,2026-09-21 19:44:12,2026-09-21 15:45:04
AAPL,AAPL271217C00325000,AAPL,2027-12-17,C,325.0,56.85,575.0,59.4,185.0,0.2771,593.0,0.0,0.6869,0.0034,1.337,-0.0345,2.1703,58.5113,0.0,0.0,0.0,0.0,down,56.2,2026-09-18T15:45:56,0.0,56.1999988555908,339.465,2026-09-21 19:44:12,2026-09-21 15:45:04
AAPL,AAPL271217C00330000,AAPL,2027-12-17,C,330.0,54.5,504.0,56.45,406.0,0.2769,1414.0,13.0,0.6697,0.0034,1.3664,-0.0356,2.1327,55.6896,1.27,54.1,54.9,54.1,up,54.82,2026-09-21T14:22:57,2.37162,53.5499992370606,339.465,2026-09-21 19:44:12,2026-09-21 15:45:04
AAPL,AAPL271217C00335000,AAPL,2027-12-17,C,335.0,52.45,467.0,53.35,53.0,0.2767,2452.0,35.0,0.6522,0.0035,1.393,-0.0366,2.0934,52.9585,1.075,50.0,52.57,49.75,up,52.25,2026-09-21T13:28:17,2.10063,51.1750011444092,339.465,2026-09-21 19:44:12,2026-09-21 15:45:04
AAPL,AAPL271217C00340000,AAPL,2027-12-17,C,340.0,49.65,214.0,50.55,2.0,0.2743,2242.0,6.0,0.6344,0.0036,1.4172,-0.0374,2.0507,50.3193,0.88,49.1,50.1,49.0,no_change,49.73,2026-09-21T13:37:04,1.80143,48.8500003814697,339.465,2026-09-21 19:44:12,2026-09-21 15:45:04
AAPL,AAPL271217C00345000,AAPL,2027-12-17,C,345.0,46.95,560.0,48.4,156.0,0.2739,715.0,46.0,0.6165,0.0037,1.4386,-0.0382,2.0055,47.7735,1.425,46.43,47.92,46.43,up,47.4,2026-09-21T15:06:43,3.09951,45.9750003814697,339.465,2026-09-21 19:44:12,2026-09-21 15:45:04
AAPL,AAPL271217C00350000,AAPL,2027-12-17,C,350.0,44.4,749.0,45.85,288.0,0.2721,1652.0,36.0,0.5984,0.0037,1.4568,-0.0388,1.9599,45.3204,1.125,44.34,45.2,44.0,no_change,44.9,2026-09-21T14:58:06,2.56996,43.7749996185303,339.465,2026-09-21 19:44:12,2026-09-21 15:45:04
AAPL,AAPL271217C00355000,AAPL,2027-12-17,C,355.0,42.35,179.0,43.15,18.0,0.2709,2240.0,1.0,0.5802,0.0038,1.4719,-0.0394,1.9131,42.9586,-1.25,40.15,40.15,40.15,down,40.15,2026-09-21T09:37:43,-3.01932,41.3999996185303,339.465,2026-09-21 19:44:12,2026-09-21 15:45:04
AAPL,AAPL271217C00360000,AAPL,2027-12-17,C,360.0,39.8,590.0,41.35,506.0,0.2705,1275.0,2.0,0.562,0.0038,1.4841,-0.0399,1.8635,40.6886,0.825,39.96,40.0,39.96,up,40.0,2026-09-21T14:18:34,2.10594,39.1749992370606,339.465,2026-09-21 19:44:12,2026-09-21 15:45:04
AAPL,AAPL271217C00365000,AAPL,2027-12-17,C,365.0,37.9,607.0,38.9,118.0,0.2695,1526.0,12.0,0.5438,0.0039,1.4931,-0.0402,1.8125,38.5107,0.725,37.2,38.14,37.2,down,37.8,2026-09-21T13:39:52,1.95549,37.0750007629394,339.465,2026-09-21 19:44:12,2026-09-21 15:45:04
AAPL,AAPL271217C00370000,AAPL,2027-12-17,C,370.0,35.75,581.0,36.85,259.0,0.2684,1247.0,0.0,0.5256,0.0039,1.499,-0.0405,1.762,36.4232,0.0,0.0,0.0,0.0,up,34.85,2026-09-18T12:11:17,0.0,35.0499992370606,339.465,2026-09-21 19:44:12,2026-09-21 15:45:04
AAPL,AAPL271217C00375000,AAPL,2027-12-17,C,375.0,33.8,523.0,34.85,369.0,0.2677,1192.0,0.0,0.5074,0.0039,1.502,-0.0407,1.7108,34.4238,0.0,0.0,0.0,0.0,no_change,34.34,2026-09-17T15:40:00,0.0,33.125,339.465,2026-09-21 19:44:12,2026-09-21 15:45:04
AAPL,AAPL271217C00380000,AAPL,2027-12-17,C,380.0,31.9,217.0,32.7,24.0,0.2661,740.0,11.0,0.4894,0.0039,1.5018,-0.0407,1.6577,32.5121,0.955,31.75,32.18,31.6,up,32.18,2026-09-21T13:23:21,3.05845,31.2250003814697,339.465,2026-09-21 19:44:12,2026-09-21 15:45:04
AAPL,AAPL271217C00385000,AAPL,2027-12-17,C,385.0,30.05,664.0,30.95,98.0,0.2655,514.0,1.0,0.4716,0.004,1.4986,-0.0407,1.6041,30.6876,0.815,30.34,30.34,30.34,up,30.34,2026-09-21T14:56:53,2.76037,29.5249996185303,339.465,2026-09-21 19:44:12,2026-09-21 15:45:04
AAPL,AAPL271217C00390000,AAPL,2027-12-17,C,390.0,28.6,541.0,29.15,44.0,0.2655,1056.0,1.0,0.454,0.0039,1.4928,-0.0406,1.5517,28.9474,0.255,28.03,28.03,28.03,up,28.03,2026-09-21T10:52:22,0.91809,27.7750005722046,339.465,2026-09-21 19:44:12,2026-09-21 15:45:04
AAPL,AAPL271217C00395000,AAPL,2027-12-17,C,395.0,26.7,607.0,27.55,100.0,0.2642,726.0,7.0,0.4366,0.0039,1.4843,-0.0404,1.4995,27.2889,0.075,26.65,26.65,26.35,down,26.35,2026-09-21T10:57:52,0.285444,26.2749996185303,339.465,2026-09-21 19:44:12,2026-09-21 15:45:04
AAPL,AAPL271217C00400000,AAPL,2027-12-17,C,400.0,25.25,569.0,26.2,491.0,0.2647,5555.0,14.0,0.4195,0.0039,1.473,-0.0401,1.4461,25.7106,0.325,23.8,25.47,23.8,no_change,25.2,2026-09-21T14:08:01,1.30653,24.875,339.465,2026-09-21 19:44:12,2026-09-21 15:45:04
AAPL,AAPL271217C00405000,AAPL,2027-12-17,C,405.0,23.6,639.0,24.55,121.0,0.263,506.0,0.0,0.4027,0.0039,1.4589,-0.0398,1.3928,24.2114,0.0,0.0,0.0,0.0,no_change,22.45,2026-09-16T15:32:10,0.0,23.3000001907349,339.465,2026-09-21 19:44:12,2026-09-21 15:45:04
AAPL,AAPL271217C00410000,AAPL,2027-12-17,C,410.0,22.2,664.0,23.15,277.0,0.2626,214.0,32.0,0.3862,0.0038,1.443,-0.0393,1.3411,22.7883,0.495,21.9,22.52,21.9,up,22.52,2026-09-21T14:42:34,2.24744,22.0250005722046,339.465,2026-09-21 19:44:12,2026-09-21 15:45:04
AAPL,AAPL271217C00415000,AAPL,2027-12-17,C,415.0,20.85,586.0,21.85,252.0,0.2623,189.0,40.0,0.3701,0.0038,1.4251,-0.0388,1.2906,21.4378,0.695,21.27,21.27,21.27,up,21.27,2026-09-21T12:29:44,3.37789,20.5749998092651,339.465,2026-09-21 19:44:12,2026-09-21 15:45:04
AAPL,AAPL271217C00420000,AAPL,2027-12-17,C,420.0,19.65,568.0,20.45,140.0,0.2616,520.0,31.0,0.3544,0.0038,1.4048,-0.0383,1.2397,20.158,0.875,19.45,20.2,19.45,up,20.2,2026-09-21T15:28:22,4.52781,19.3249998092651,339.465,2026-09-21 19:44:12,2026-09-21 15:45:04
AAPL,AAPL271217C00425000,AAPL,2027-12-17,C,425.0,18.5,563.0,19.4,300.0,0.262,389.0,0.0,0.3391,0.0037,1.3823,-0.0377,1.1891,18.9474,0.0,0.0,0.0,0.0,up,18.7,2026-09-16T09:39:02,0.0,18.1749992370605,339.465,2026-09-21 19:44:12,2026-09-21 15:45:04
AAPL,AAPL271217C00430000,AAPL,2027-12-17,C,430.0,17.25,650.0,18.25,342.0,0.2611,587.0,63.0,0.3242,0.0036,1.3585,-0.037,1.1402,17.803,0.2,17.55,17.65,17.45,no_change,17.45,2026-09-21T13:32:15,1.15942,17.25,339.465,2026-09-21 19:44:12,2026-09-21 15:45:04
AAPL,AAPL271217C00435000,AAPL,2027-12-17,C,435.0,16.25,398.0,17.15,307.0,0.261,364.0,0.0,0.3097,0.0036,1.3336,-0.0364,1.0933,16.7214,0.0,0.0,0.0,0.0,up,16.17,2026-09-11T10:15:44,0.0,16.0,339.465,2026-09-21 19:44:12,2026-09-21 15:45:04
AAPL,AAPL271217C00440000,AAPL,2027-12-17,C,440.0,15.25,646.0,16.0,369.0,0.2602,7514.0,21.0,0.2957,0.0035,1.3073,-0.0356,1.0469,15.6998,0.425,15.05,15.45,15.05,up,15.45,2026-09-21T12:00:55,2.82862,15.0249996185303,339.465,2026-09-21 19:44:12,2026-09-21 15:45:04
AAPL,AAPL271217C00450000,AAPL,2027-12-17,C,450.0,13.45,523.0,14.1,364.0,0.2598,2966.0,47.0,0.269,0.0034,1.2501,-0.034,0.9561,13.8293,0.36,13.55,13.81,13.3,up,13.81,2026-09-21T15:26:22,2.67658,13.4500002861023,339.465,2026-09-21 19:44:12,2026-09-21 15:45:04
AAPL,AAPL271217C00460000,AAPL,2027-12-17,C,460.0,11.75,549.0,12.35,32.0,0.2588,536.0,0.0,0.2442,0.0032,1.1909,-0.0324,0.8728,12.1703,0.0,0.0,0.0,0.0,up,11.65,2026-09-11T13:54:54,0.0,11.75,339.465,2026-09-21 19:44:12,2026-09-21 15:45:04
AAPL,AAPL271217C00470000,AAPL,2027-12-17,C,470.0,10.3,467.0,10.9,163.0,0.2586,132.0,0.0,0.2212,0.003,1.1286,-0.0307,0.793,10.7023,0.0,0.0,0.0,0.0,down,10.3,2026-09-18T12:36:08,0.0,10.4249997138977,339.465,2026-09-21 19:44:12,2026-09-21 15:45:04
AAPL,AAPL271217C00480000,AAPL,2027-12-17,C,480.0,9.0,156.0,9.7,71.0,0.2587,122.0,0.0,0.2,0.0028,1.0654,-0.0289,0.7199,9.408,0.0,0.0,0.0,0.0,up,10.11,2026-09-11T11:24:34,0.0,9.09999990463257,339.465,2026-09-21 19:44:12,2026-09-21 15:45:04
AAPL,AAPL271217C00490000,AAPL,2027-12-17,C,490.0,7.85,359.0,8.55,280.0,0.2585,297.0,0.0,0.1805,0.0027,1.0029,-0.0272,0.6523,8.2673,0.0,0.0,0.0,0.0,down,8.0,2026-09-18T11:06:53,0.0,8.02500009536743,339.465,2026-09-21 19:44:12,2026-09-21 15:45:04
AAPL,AAPL271217C00500000,AAPL,2027-12-17,C,500.0,7.0,606.0,7.3,1.0,0.2579,843.0,0.0,0.1627,0.0025,0.9397,-0.0254,0.5892,7.2657,0.0,0.0,0.0,0.0,down,7.02,2026-09-18T15:59:44,0.0,7.04999995231628,339.465,2026-09-21 19:44:12,2026-09-21 15:45:04
AAPL,AAPL271217C00510000,AAPL,2027-12-17,C,510.0,6.1,438.0,6.5,68.0,0.2582,430.0,0.0,0.1466,0.0023,0.8791,-0.0238,0.5328,6.3866,0.0,0.0,0.0,0.0,up,5.65,2026-09-10T15:28:13,0.0,6.20000004768372,339.465,2026-09-21 19:44:12,2026-09-21 15:45:04
AAPL,AAPL271217C00520000,AAPL,2027-12-17,C,520.0,5.35,431.0,5.75,140.0,0.2586,64.0,1.0,0.1319,0.0022,0.82,-0.0221,0.4803,5.6158,0.125,5.6,5.6,5.6,up,5.6,2026-09-21T11:48:24,2.28311,5.47499990463257,339.465,2026-09-21 19:44:12,2026-09-21 15:45:04
AAPL,AAPL271217C00530000,AAPL,2027-12-17,C,530.0,4.65,400.0,5.05,78.0,0.2584,344.0,0.0,0.1187,0.002,0.7625,-0.0206,0.4328,4.9419,0.0,0.0,0.0,0.0,up,5.25,2026-09-17T15:36:17,0.0,4.77499985694885,339.465,2026-09-21 19:44:12,2026-09-21 15:45:04
AAPL,AAPL271217C00540000,AAPL,2027-12-17,C,540.0,4.15,412.0,4.45,44.0,0.2592,157.0,21.0,0.1067,0.0019,0.7089,-0.0191,0.3904,4.352,0.1,4.35,4.35,4.3,up,4.35,2026-09-21T12:38:05,2.35294,4.25,339.465,2026-09-21 19:44:12,2026-09-21 15:45:04
AAPL,AAPL271217C00550000,AAPL,2027-12-17,C,550.0,3.6,379.0,3.95,118.0,0.2594,776.0,0.0,0.096,0.0017,0.6574,-0.0177,0.3512,3.8364,0.0,0.0,0.0,0.0,no_change,3.79,2026-09-18T13:51:47,0.0,3.77500009536743,339.465,2026-09-21 19:44:12,2026-09-21 15:45:04
AAPL,AAPL271217C00560000,AAPL,2027-12-17,C,560.0,3.2,150.0,3.5,98.0,0.2602,31.0,0.0,0.0863,0.0016,0.6085,-0.0164,0.3163,3.3865,0.0,0.0,0.0,0.0,up,3.45,2026-09-01T10:26:35,0.0,3.35000002384186,339.465,2026-09-21 19:44:12,2026-09-21 15:45:04
AAPL,AAPL271217C00570000,AAPL,2027-12-17,C,570.0,2.91,117.0,3.1,57.0,0.2616,37.0,0.0,0.0776,0.0015,0.5636,-0.0152,0.2853,2.9932,0.0,0.0,0.0,0.0,up,3.23,2026-09-11T10:15:52,0.0,3.0,339.465,2026-09-21 19:44:12,2026-09-21 15:45:04
AAPL,AAPL271217C00580000,AAPL,2027-12-17,C,580.0,2.56,123.0,2.73,9.0,0.262,21.0,0.0,0.0699,0.0014,0.5213,-0.014,0.2568,2.6496,0.0,0.0,0.0,0.0,up,2.7,2026-09-03T10:40:50,0.0,2.64999997615814,339.465,2026-09-21 19:44:12,2026-09-21 15:45:04
AAPL,AAPL271217C00590000,AAPL,2027-12-17,C,590.0,2.28,254.0,2.6,383.0,0.2647,74.0,0.0,0.063,0.0012,0.4814,-0.013,0.2315,2.3498,0.0,0.0,0.0,0.0,up,2.8,2026-09-11T11:30:43,0.0,2.35000002384186,339.465,2026-09-21 19:44:12,2026-09-21 15:45:04
AAPL,AAPL271217C00600000,AAPL,2027-12-17,C,600.0,2.02,307.0,2.21,317.0,0.2641,597.0,26.0,0.0568,0.0011,0.4451,-0.012,0.2092,2.0877,-0.015,2.05,2.08,2.0,up,2.08,2026-09-21T14:38:02,-0.715992,2.09500002861023,339.465,2026-09-21 19:44:12,2026-09-21 15:45:04
AAPL,AAPL271217P00005000,AAPL,2027-12-17,P,5.0,0.0,0.0,0.28,358.0,1.6074,41.0,0.0,0.0,0.0,0.0003,0.0,-0.0001,0.0023,0.0,0.0,0.0,0.0,down,0.01,2026-07-09T09:30:07,0.0,0.140000000596046,339.465,2026-09-21 19:44:12,2026-09-21 15:45:04
AAPL,AAPL271217P00010000,AAPL,2027-12-17,P,10.0,0.0,0.0,0.28,324.0,1.303,0.0,0.0,0.0,0.0,0.0008,-0.0001,-0.0003,0.0052,0.0,0.0,0.0,0.0,no_change,0.0,,0.0,0.140000000596046,339.465,2026-09-21 19:44:12,2026-09-21 15:45:04
AAPL,AAPL271217P00015000,AAPL,2027-12-17,P,15.0,0.0,0.0,0.28,322.0,1.1381,0.0,0.0,-0.0001,0.0,0.0014,-0.0001,-0.0005,0.0088,0.0,0.0,0.0,0.0,no_change,0.0,,0.0,0.140000000596046,339.465,2026-09-21 19:44:12,2026-09-21 15:45:04
AAPL,AAPL271217P00020000,AAPL,2027-12-17,P,20.0,0.0,0.0,0.28,300.0,1.0259,62.0,0.0,-0.0001,0.0,0.0022,-0.0002,-0.0007,0.0132,0.0,0.0,0.0,0.0,no_change,0.03,2026-06-04T12:43:23,0.0,0.140000000596046,339.465,2026-09-21 19:44:12,2026-09-21 15:45:04
AAPL,AAPL271217P00025000,AAPL,2027-12-17,P,25.0,0.0,0.0,0.29,491.0,0.9449,40.0,0.0,-0.0002,0.0,0.0031,-0.0002,-0.0011,0.0183,0.0,0.0,0.0,0.0,no_change,0.06,2026-05-19T13:12:41,0.0,0.144999995827675,339.465,2026-09-21 19:44:12,2026-09-21 15:45:04
AAPL,AAPL271217P00030000,AAPL,2027-12-17,P,30.0,0.0,0.0,0.29,382.0,0.8767,174.0,0.0,-0.0003,0.0,0.0042,-0.0003,-0.0015,0.0242,0.0,0.0,0.0,0.0,down,0.01,2026-09-03T14:34:56,0.0,0.144999995827675,339.465,2026-09-21 19:44:12,2026-09-21 15:45:04
AAPL,AAPL271217P00035000,AAPL,2027-12-17,P,35.0,0.02,149.0,0.12,79.0,0.76,847.0,0.0,-0.0004,0.0,0.0054,-0.0004,-0.0019,0.0311,0.0,0.0,0.0,0.0,up,0.15,2026-09-15T10:31:27,0.0,0.0850000027567148,339.465,2026-09-21 19:44:12,2026-09-21 15:45:04
AAPL,AAPL271217P00040000,AAPL,2027-12-17,P,40.0,0.0,0.0,0.3,507.0,0.7744,12.0,0.0,-0.0005,0.0,0.0068,-0.0005,-0.0024,0.0389,0.0,0.0,0.0,0.0,up,0.06,2026-06-17T13:35:02,0.0,0.144999995827675,339.465,2026-09-21 19:44:12,2026-09-21 15:45:04
AAPL,AAPL271217P00045000,AAPL,2027-12-17,P,45.0,0.0,0.0,0.25,442.0,0.7175,6.0,0.0,-0.0006,0.0,0.0085,-0.0006,-0.0031,0.0478,0.0,0.0,0.0,0.0,down,0.13,2026-08-05T15:18:02,0.0,0.115000002086163,339.465,2026-09-21 19:44:12,2026-09-21 15:45:04
AAPL,AAPL271217P00050000,AAPL,2027-12-17,P,50.0,0.0,0.0,0.08,7.0,0.6089,1240.0,0.0,-0.0008,0.0,0.0103,-0.0007,-0.0038,0.0579,0.0,0.0,0.0,0.0,up,0.06,2026-09-18T09:30:02,0.0,0.0399999991059303,339.465,2026-09-21 19:44:12,2026-09-21 15:45:04
AAPL,AAPL271217P00055000,AAPL,2027-12-17,P,55.0,0.06,1.0,0.16,31.0,0.6387,43.0,0.0,-0.001,0.0,0.0125,-0.0008,-0.0046,0.0692,0.0,0.0,0.0,0.0,up,0.17,2026-09-01T13:27:48,0.0,0.10500000230968,339.465,2026-09-21 19:44:12,2026-09-21 15:45:04
AAPL,AAPL271217P00060000,AAPL,2027-12-17,P,60.0,0.05,2.0,0.16,27.0,0.6061,94.0,0.0,-0.0012,0.0,0.0149,-0.0009,-0.0055,0.082,0.0,0.0,0.0,0.0,down,0.08,2026-08-25T10:10:09,0.0,0.10499999858439,339.465,2026-09-21 19:44:12,2026-09-21 15:45:04
AAPL,AAPL271217P00065000,AAPL,2027-12-17,P,65.0,0.05,3.0,0.18,191.0,0.5846,537.0,0.0,-0.0014,0.0,0.0175,-0.001,-0.0066,0.0963,0.0,0.0,0.0,0.0,up,0.14,2026-09-14T09:30:02,0.0,0.110000001266599,339.465,2026-09-21 19:44:12,2026-09-21 15:45:04
AAPL,AAPL271217P00070000,AAPL,2027-12-17,P,70.0,0.1,5.0,0.19,189.0,0.5735,213.0,0.0,-0.0016,0.0,0.0204,-0.0012,-0.0078,0.1123,0.0,0.0,0.0,0.0,down,0.24,2026-07-16T09:38:09,0.0,0.150000002235174,339.465,2026-09-21 19:44:12,2026-09-21 15:45:04
AAPL,AAPL271217P00075000,AAPL,2027-12-17,P,75.0,0.1,4.0,0.21,246.0,0.5537,89.0,0.0,-0.0019,0.0,0.0238,-0.0013,-0.0092,0.1304,0.0,0.0,0.0,0.0,down,0.19,2026-08-31T13:55:41,0.0,0.154999997466803,339.465,2026-09-21 19:44:12,2026-09-21 15:45:04
AAPL,AAPL271217P00080000,AAPL,2027-12-17,P,80.0,0.1,4.0,0.23,256.0,0.5349,298.0,0.0,-0.0023,0.0,0.0275,-0.0015,-0.0107,0.1504,0.0,0.0,0.0,0.0,no_change,0.16,2026-09-10T15:08:05,0.0,0.169999998062849,339.465,2026-09-21 19:44:12,2026-09-21 15:45:04
AAPL,AAPL271217P00085000,AAPL,2027-12-17,P,85.0,0.1,16.0,0.25,393.0,0.5172,71.0,0.0,-0.0026,0.0,0.0316,-0.0017,-0.0125,0.1729,0.0,0.0,0.0,0.0,up,0.25,2026-09-04T15:11:00,0.0,0.185000006109476,339.465,2026-09-21 19:44:12,2026-09-21 15:45:04
AAPL,AAPL271217P00090000,AAPL,2027-12-17,P,90.0,0.1,52.0,0.3,452.0,0.5048,105.0,0.0,-0.0031,0.0,0.036,-0.0018,-0.0144,0.1981,0.0,0.0,0.0,0.0,down,0.22,2026-09-10T15:07:44,0.0,0.200000006705523,339.465,2026-09-21 19:44:12,2026-09-21 15:45:04
AAPL,AAPL271217P00095000,AAPL,2027-12-17,P,95.0,0.13,18.0,0.33,461.0,0.4938,54.0,0.0,-0.0035,0.0001,0.041,-0.0021,-0.0165,0.2262,0.0,0.0,0.0,0.0,up,0.2,2026-09-17T10:39:01,0.0,0.235000006854534,339.465,2026-09-21 19:44:12,2026-09-21 15:45:04
AAPL,AAPL271217P00100000,AAPL,2027-12-17,P,100.0,0.18,78.0,0.29,394.0,0.4766,1339.0,4.0,-0.0041,0.0001,0.0466,-0.0023,-0.019,0.2576,0.0,0.12,0.24,0.12,up,0.24,2026-09-21T09:43:30,2.23517e-06,0.239999994635582,339.465,2026-09-21 19:44:12,2026-09-21 15:45:04
AAPL,AAPL271217P00105000,AAPL,2027-12-17,P,105.0,0.1,563.0,0.42,572.0,0.4647,149.0,0.0,-0.0047,0.0001,0.0528,-0.0025,-0.0217,0.2928,0.0,0.0,0.0,0.0,down,0.48,2026-08-06T14:35:26,0.0,0.274999998509884,339.465,2026-09-21 19:44:12,2026-09-21 15:45:04
AAPL,AAPL271217P00110000,AAPL,2027-12-17,P,110.0,0.12,682.0,0.37,319.0,0.4446,869.0,0.0,-0.0053,0.0001,0.0593,-0.0028,-0.0248,0.3323,0.0,0.0,0.0,0.0,down,0.33,2026-09-11T14:21:55,0.0,0.264999993145466,339.465,2026-09-21 19:44:12,2026-09-21 15:45:04
AAPL,AAPL271217P00115000,AAPL,2027-12-17,P,115.0,0.16,502.0,0.53,576.0,0.4474,881.0,0.0,-0.0061,0.0001,0.0669,-0.0031,-0.0282,0.3764,0.0,0.0,0.0,0.0,down,0.36,2026-09-17T11:39:18,0.0,0.365000009536743,339.465,2026-09-21 19:44:12,2026-09-21 15:45:04
AAPL,AAPL271217P00120000,AAPL,2027-12-17,P,120.0,0.34,183.0,0.43,92.0,0.4377,1255.0,1.0,-0.007,0.0001,0.075,-0.0034,-0.0321,0.4258,-0.03,0.4,0.4,0.4,down,0.4,2026-09-21T12:17:20,-6.97675,0.430000007152557,339.465,2026-09-21 19:44:12,2026-09-21 15:45:04
AAPL,AAPL271217P00125000,AAPL,2027-12-17,P,125.0,0.33,463.0,0.5,52.0,0.4266,834.0,0.0,-0.0079,0.0001,0.0843,-0.0038,-0.0365,0.4811,0.0,0.0,0.0,0.0,down,0.66,2026-08-31T12:16:18,0.0,0.480000004172325,339.465,2026-09-21 19:44:12,2026-09-21 15:45:04
AAPL,AAPL271217P00130000,AAPL,2027-12-17,P,130.0,0.37,466.0,0.57,91.0,0.4187,512.0,0.0,-0.009,0.0001,0.0938,-0.0041,-0.0414,0.5433,0.0,0.0,0.0,0.0,no_change,0.53,2026-09-16T11:58:13,0.0,0.444999992847443,339.465,2026-09-21 19:44:12,2026-09-21 15:45:04
AAPL,AAPL271217P00135000,AAPL,2027-12-17,P,135.0,0.35,677.0,0.64,171.0,0.407,2953.0,0.0,-0.0102,0.0002,0.1047,-0.0045,-0.0467,0.6127,0.0,0.0,0.0,0.0,down,0.63,2026-09-17T15:49:01,0.0,0.625,339.465,2026-09-21 19:44:12,2026-09-21 15:45:04
AAPL,AAPL271217P00140000,AAPL,2027-12-17,P,140.0,0.65,1.0,0.72,12.0,0.4119,3722.0,0.0,-0.0115,0.0002,0.1165,-0.005,-0.0528,0.6904,0.0,0.0,0.0,0.0,down,0.68,2026-09-16T10:26:41,0.0,0.655000001192093,339.465,2026-09-21 19:44:12,2026-09-21 15:45:04
AAPL,AAPL271217P00145000,AAPL,2027-12-17,P,145.0,0.65,343.0,0.85,349.0,0.4036,612.0,1.0,-0.0129,0.0002,0.1293,-0.0054,-0.059,0.7732,0.07,0.76,0.76,0.76,down,0.76,2026-09-21T13:50:14,10.1449,0.689999997615814,339.465,2026-09-21 19:44:12,2026-09-21 15:45:04
AAPL,AAPL271217P00150000,AAPL,2027-12-17,P,150.0,0.81,89.0,0.95,256.0,0.3997,919.0,3.0,-0.0146,0.0002,0.143,-0.0059,-0.0668,0.87,0.015,0.82,0.83,0.82,up,0.83,2026-09-21T13:49:21,1.84049,0.814999997615814,339.465,2026-09-21 19:44:12,2026-09-21 15:45:04
AAPL,AAPL271217P00155000,AAPL,2027-12-17,P,155.0,0.91,33.0,1.07,28.0,0.393,1076.0,0.0,-0.0165,0.0003,0.1586,-0.0065,-0.075,0.9806,0.0,0.0,0.0,0.0,down,1.22,2026-09-04T14:50:30,0.0,1.01500001549721,339.465,2026-09-21 19:44:12,2026-09-21 15:45:04
AAPL,AAPL271217P00160000,AAPL,2027-12-17,P,160.0,1.05,6.0,1.21,64.0,0.3883,1046.0,3.0,-0.0185,0.0003,0.1749,-0.007,-0.0842,1.0993,-0.005,1.13,1.13,1.13,down,1.13,2026-09-21T09:30:00,-0.440533,1.1350000500679,339.465,2026-09-21 19:44:12,2026-09-21 15:45:04
AAPL,AAPL271217P00165000,AAPL,2027-12-17,P,165.0,1.18,15.0,1.46,350.0,0.3852,1022.0,0.0,-0.0208,0.0004,0.1933,-0.0077,-0.094,1.2339,0.0,0.0,0.0,0.0,down,1.42,2026-09-15T13:07:31,0.0,1.28500002622604,339.465,2026-09-21 19:44:12,2026-09-21 15:45:04
AAPL,AAPL271217P00170000,AAPL,2027-12-17,P,170.0,1.33,11.0,1.5,22.0,0.3766,1043.0,3.0,-0.0233,0.0004,0.2124,-0.0083,-0.1056,1.3837,-0.005,1.44,1.44,1.44,down,1.44,2026-09-21T09:30:10,-0.34602,1.44499999284744,339.465,2026-09-21 19:44:12,2026-09-21 15:45:04
AAPL,AAPL271217P00175000,AAPL,2027-12-17,P,175.0,1.3,408.0,1.79,285.0,0.3697,1871.0,0.0,-0.026,0.0004,0.2328,-0.009,-0.1173,1.5476,0.0,0.0,0.0,0.0,down,1.71,2026-09-16T13:21:23,0.0,1.69499999284744,339.465,2026-09-21 19:44:12,2026-09-21 15:45:04
AAPL,AAPL271217P00180000,AAPL,2027-12-17,P,180.0,1.64,113.0,1.99,219.0,0.3678,3475.0,0.0,-0.0291,0.0005,0.2555,-0.0098,-0.1312,1.7346,0.0,0.0,0.0,0.0,down,1.91,2026-09-17T09:47:07,0.0,1.83999997377396,339.465,2026-09-21 19:44:12,2026-09-21 15:45:04
AAPL,AAPL271217P00185000,AAPL,2027-12-17,P,185.0,1.8,295.0,2.07,219.0,0.3596,980.0,1.0,-0.0325,0.0005,0.2799,-0.0106,-0.1453,1.9381,-0.23,1.9,1.9,1.9,down,1.9,2026-09-21T12:53:00,-10.7981,2.12999999523163,339.465,2026-09-21 19:44:12,2026-09-21 15:45:04
AAPL,AAPL271217P00190000,AAPL,2027-12-17,P,190.0,2.12,11.0,2.41,294.0,0.3583,1518.0,2.0,-0.0362,0.0006,0.305,-0.0114,-0.1623,2.1652,-0.245,2.11,2.13,2.11,up,2.13,2026-09-21T12:59:11,-10.3158,2.375,339.465,2026-09-21 19:44:12,2026-09-21 15:45:04
AAPL,AAPL271217P00195000,AAPL,2027-12-17,P,195.0,2.35,73.0,2.67,324.0,0.3533,1830.0,1.0,-0.0402,0.0007,0.3324,-0.0123,-0.1794,2.4169,-0.035,2.53,2.53,2.53,down,2.53,2026-09-21T09:52:44,-1.36452,2.56499993801117,339.465,2026-09-21 19:44:12,2026-09-21 15:45:04
AAPL,AAPL271217P00200000,AAPL,2027-12-17,P,200.0,2.62,71.0,2.93,299.0,0.3484,5649.0,16.0,-0.0447,0.0007,0.3613,-0.0132,-0.1989,2.6946,-0.27,2.93,2.93,2.65,down,2.65,2026-09-21T13:07:06,-9.24657,2.91999995708466,339.465,2026-09-21 19:44:12,2026-09-21 15:45:04
AAPL,AAPL271217P00205000,AAPL,2027-12-17,P,205.0,2.94,13.0,3.1,40.0,0.3426,614.0,0.0,-0.0494,0.0008,0.3925,-0.0142,-0.2195,2.9968,0.0,0.0,0.0,0.0,down,4.15,2026-09-01T10:10:17,0.0,3.19999992847443,339.465,2026-09-21 19:44:12,2026-09-21 15:45:04
AAPL,AAPL271217P00210000,AAPL,2027-12-17,P,210.0,3.0,379.0,3.45,198.0,0.3351,1226.0,2.0,-0.0548,0.0009,0.4242,-0.0153,-0.2429,3.3395,-0.23,3.6,3.6,3.32,down,3.32,2026-09-21T12:47:45,-6.47888,3.55000007152557,339.465,2026-09-21 19:44:12,2026-09-21 15:45:04
AAPL,AAPL271217P00215000,AAPL,2027-12-17,P,215.0,3.5,254.0,4.0,288.0,0.3351,946.0,1.0,-0.0605,0.001,0.4587,-0.0163,-0.2664,3.7055,-0.25,3.7,3.7,3.7,down,3.7,2026-09-21T12:58:04,-6.32911,3.95000004768372,339.465,2026-09-21 19:44:12,2026-09-21 15:45:04
AAPL,AAPL271217P00220000,AAPL,2027-12-17,P,220.0,3.95,259.0,4.25,209.0,0.3301,1413.0,1.0,-0.0667,0.0011,0.494,-0.0174,-0.293,4.114,-0.225,4.15,4.15,4.15,down,4.15,2026-09-21T12:17:16,-5.14286,4.375,339.465,2026-09-21 19:44:12,2026-09-21 15:45:04
AAPL,AAPL271217P00225000,AAPL,2027-12-17,P,225.0,4.4,106.0,4.8,141.0,0.3276,686.0,0.0,-0.0735,0.0012,0.5325,-0.0186,-0.321,4.5618,0.0,0.0,0.0,0.0,up,5.49,2026-09-15T15:36:17,0.0,4.875,339.465,2026-09-21 19:44:12,2026-09-21 15:45:04
AAPL,AAPL271217P00230000,AAPL,2027-12-17,P,230.0,4.85,235.0,5.15,169.0,0.3225,2681.0,1.0,-0.0808,0.0012,0.5698,-0.0198,-0.3522,5.0534,-0.215,5.21,5.21,5.21,down,5.21,2026-09-21T11:17:15,-3.96314,5.42500019073486,339.465,2026-09-21 19:44:12,2026-09-21 15:45:04
AAPL,AAPL271217P00235000,AAPL,2027-12-17,P,235.0,5.4,326.0,5.9,339.0,0.3212,687.0,0.0,-0.0886,0.0014,0.6112,-0.0211,-0.3844,5.5897,0.0,0.0,0.0,0.0,up,6.8,2026-09-15T12:53:07,0.0,5.97499990463257,339.465,2026-09-21 19:44:12,2026-09-21 15:45:04
AAPL,AAPL271217P00240000,AAPL,2027-12-17,P,240.0,5.95,310.0,6.3,221.0,0.3162,1704.0,4.0,-0.0971,0.0015,0.6521,-0.0223,-0.4184,6.1771,-0.165,6.75,6.77,6.47,up,6.51,2026-09-21T11:36:49,-2.47191,6.67499995231628,339.465,2026-09-21 19:44:12,2026-09-21 15:45:04
AAPL,AAPL271217P00245000,AAPL,2027-12-17,P,245.0,6.6,379.0,7.0,378.0,0.3138,841.0,3.0,-0.1061,0.0016,0.6958,-0.0237,-0.459,6.8161,-0.21,7.52,7.52,7.12,up,7.14,2026-09-21T11:36:49,-2.85714,7.34999990463257,339.465,2026-09-21 19:44:12,2026-09-21 15:45:04
AAPL,AAPL271217P00250000,AAPL,2027-12-17,P,250.0,7.3,418.0,7.8,430.0,0.3117,12903.0,14.0,-0.1158,0.0017,0.7387,-0.025,-0.4946,7.5118,-0.575,8.2,8.2,7.45,down,7.45,2026-09-21T14:25:01,-7.16511,8.02499985694885,339.465,2026-09-21 19:44:12,2026-09-21 15:45:04
AAPL,AAPL271217P00255000,AAPL,2027-12-17,P,255.0,8.1,337.0,8.45,396.0,0.3085,701.0,3.0,-0.1262,0.0018,0.7849,-0.0264,-0.5375,8.2668,-0.41,8.64,8.64,8.34,no_change,8.34,2026-09-21T12:38:14,-4.68571,8.75,339.465,2026-09-21 19:44:12,2026-09-21 15:45:04
AAPL,AAPL271217P00260000,AAPL,2027-12-17,P,260.0,8.9,380.0,9.25,395.0,0.3056,1477.0,6.0,-0.1372,0.002,0.829,-0.0277,-0.5777,9.0863,-0.305,9.5,9.5,9.47,down,9.47,2026-09-21T11:36:49,-3.12021,9.77500009536743,339.465,2026-09-21 19:44:12,2026-09-21 15:45:04
AAPL,AAPL271217P00265000,AAPL,2027-12-17,P,265.0,9.85,173.0,10.25,447.0,0.3041,2396.0,4.0,-0.1489,0.0021,0.8753,-0.0291,-0.6271,9.9719,-0.75,10.03,10.03,9.93,up,9.95,2026-09-21T14:07:02,-7.00934,10.6999998092651,339.465,2026-09-21 19:44:12,2026-09-21 15:45:04
AAPL,AAPL271217P00270000,AAPL,2027-12-17,P,270.0,10.75,359.0,11.15,387.0,0.301,1122.0,3.0,-0.1612,0.0022,0.9209,-0.0305,-0.6726,10.9271,-0.35,11.7,11.7,11.4,down,11.4,2026-09-21T10:54:32,-2.97872,11.75,339.465,2026-09-21 19:44:12,2026-09-21 15:45:04
AAPL,AAPL271217P00275000,AAPL,2027-12-17,P,275.0,11.65,436.0,12.4,446.0,0.2992,1122.0,6.0,-0.1743,0.0024,0.9678,-0.0319,-0.7202,11.9581,-0.42,12.38,12.38,12.38,down,12.38,2026-09-21T10:57:57,-3.28125,12.8000001907349,339.465,2026-09-21 19:44:12,2026-09-21 15:45:04
AAPL,AAPL271217P00280000,AAPL,2027-12-17,P,280.0,12.95,91.0,13.55,552.0,0.2981,2945.0,79.0,-0.1881,0.0025,1.0135,-0.0333,-0.7734,13.0653,-0.86,13.96,13.96,13.24,down,13.24,2026-09-21T12:37:27,-6.09929,14.0999999046326,339.465,2026-09-21 19:44:12,2026-09-21 15:45:04
AAPL,AAPL271217P00285000,AAPL,2027-12-17,P,285.0,14.1,197.0,14.65,433.0,0.2952,480.0,5.0,-0.2025,0.0027,1.0577,-0.0346,-0.8257,14.2538,-0.85,14.83,14.83,14.35,no_change,14.35,2026-09-21T12:36:03,-5.5921,15.1999998092651,339.465,2026-09-21 19:44:12,2026-09-21 15:45:04
AAPL,AAPL271217P00290000,AAPL,2027-12-17,P,290.0,15.35,244.0,16.0,422.0,0.2934,983.0,3.0,-0.2176,0.0028,1.1028,-0.036,-0.8774,15.5248,-0.86,15.75,15.75,15.64,down,15.64,2026-09-21T12:37:27,-5.21212,16.4999995231628,339.465,2026-09-21 19:44:12,2026-09-21 15:45:04
AAPL,AAPL271217P00295000,AAPL,2027-12-17,P,295.0,16.35,461.0,17.25,251.0,0.2893,745.0,0.0,-0.2335,0.003,1.1437,-0.0373,-0.9298,16.8885,0.0,0.0,0.0,0.0,down,18.49,2026-09-18T13:27:52,0.0,17.8999996185303,339.465,2026-09-21 19:44:12,2026-09-21 15:45:04
AAPL,AAPL271217P00300000,AAPL,2027-12-17,P,300.0,18.15,322.0,18.9,452.0,0.2898,1888.0,33.0,-0.2499,0.0031,1.1864,-0.0386,-0.993,18.3368,-1.025,19.2,19.24,18.4,down,18.4,2026-09-21T13:07:58,-5.27671,19.4250001907349,339.465,2026-09-21 19:44:12,2026-09-21 15:45:04
AAPL,AAPL271217P00305000,AAPL,2027-12-17,P,305.0,19.7,289.0,20.2,448.0,0.287,360.0,46.0,-0.267,0.0033,1.2241,-0.0398,-1.0459,19.8807,-1.15,21.7,21.7,19.95,down,19.95,2026-09-21T15:28:22,-5.45024,21.1000003814697,339.465,2026-09-21 19:44:12,2026-09-21 15:45:04
AAPL,AAPL271217P00310000,AAPL,2027-12-17,P,310.0,21.35,149.0,21.85,492.0,0.2853,3604.0,3.0,-0.2848,0.0034,1.2626,-0.0409,-1.0964,21.5211,-1.265,22.35,22.35,21.35,up,21.61,2026-09-21T14:05:16,-5.53005,22.875,339.465,2026-09-21 19:44:12,2026-09-21 15:45:04
AAPL,AAPL271217P00315000,AAPL,2027-12-17,P,315.0,23.1,96.0,23.95,364.0,0.2851,356.0,1.0,-0.3032,0.0036,1.2957,-0.0421,-1.1554,23.2629,-1.185,23.54,23.54,23.54,down,23.54,2026-09-21T15:14:45,-4.79272,24.7250003814697,339.465,2026-09-21 19:44:12,2026-09-21 15:45:04
AAPL,AAPL271217P00320000,AAPL,2027-12-17,P,320.0,24.95,62.0,25.7,620.0,0.2831,487.0,0.0,-0.3222,0.0037,1.3287,-0.0432,-1.2142,25.1019,0.0,0.0,0.0,0.0,down,26.4,2026-09-18T09:32:26,0.0,26.6750001907349,339.465,2026-09-21 19:44:12,2026-09-21 15:45:04
AAPL,AAPL271217P00325000,AAPL,2027-12-17,P,325.0,26.75,347.0,27.6,519.0,0.2809,779.0,16.0,-0.3416,0.0038,1.3568,-0.0442,-1.2652,27.0428,-1.39,27.9,27.94,27.21,down,27.21,2026-09-21T14:54:39,-4.86014,28.5999994277954,339.465,2026-09-21 19:44:12,2026-09-21 15:45:04
AAPL,AAPL271217P00330000,AAPL,2027-12-17,P,330.0,28.5,184.0,30.0,409.0,0.2796,260.0,6.0,-0.3617,0.004,1.3816,-0.0451,-1.3096,29.0981,-1.195,30.0,30.0,29.15,up,29.43,2026-09-21T15:14:45,-3.90204,30.625,339.465,2026-09-21 19:44:12,2026-09-21 15:45:04
AAPL,AAPL271217P00335000,AAPL,2027-12-17,P,335.0,30.95,189.0,32.15,603.0,0.2793,73.0,15.0,-0.3823,0.0041,1.4032,-0.046,-1.3674,31.2549,-1.53,32.31,32.31,31.3,up,31.42,2026-09-21T14:36:23,-4.6434,32.9499988555908,339.465,2026-09-21 19:44:12,2026-09-21 15:45:04
AAPL,AAPL271217P00340000,AAPL,2027-12-17,P,340.0,33.3,79.0,33.95,488.0,0.2766,2731.0,9.0,-0.4032,0.0042,1.4221,-0.0468,-1.4232,33.5194,-1.385,36.0,36.0,33.68,up,33.74,2026-09-21T14:55:43,-3.94306,35.125,339.465,2026-09-21 19:44:12,2026-09-21 15:45:04
AAPL,AAPL271217P00345000,AAPL,2027-12-17,P,345.0,35.4,176.0,36.85,284.0,0.2762,61.0,0.0,-0.4245,0.0044,1.4344,-0.0475,-1.4523,35.8915,0.0,0.0,0.0,0.0,no_change,38.18,2026-09-17T14:18:26,0.0,37.7999992370606,339.465,2026-09-21 19:44:12,2026-09-21 15:45:04
AAPL,AAPL271217P00350000,AAPL,2027-12-17,P,350.0,38.2,1.0,39.25,347.0,0.2758,418.0,1.0,-0.4464,0.0045,1.4419,-0.0482,-1.4964,38.3897,-1.15,39.2,39.2,39.2,down,39.2,2026-09-21T11:39:07,-2.85006,40.3500003814697,339.465,2026-09-21 19:44:12,2026-09-21 15:45:04
AAPL,AAPL271217P00355000,AAPL,2027-12-17,P,355.0,40.4,166.0,41.65,183.0,0.2726,63.0,0.0,-0.4686,0.0046,1.4489,-0.0488,-1.5447,40.9868,0.0,0.0,0.0,0.0,up,45.75,2026-09-11T15:04:44,0.0,43.0500011444092,339.465,2026-09-21 19:44:12,2026-09-21 15:45:04
AAPL,AAPL271217P00360000,AAPL,2027-12-17,P,360.0,43.3,265.0,44.7,538.0,0.2733,272.0,0.0,-0.4909,0.0047,1.4513,-0.0492,-1.584,43.6949,0.0,0.0,0.0,0.0,down,47.4,2026-09-11T13:33:53,0.0,45.5249996185303,339.465,2026-09-21 19:44:12,2026-09-21 15:45:04
AAPL,AAPL271217P00365000,AAPL,2027-12-17,P,365.0,45.55,252.0,46.9,108.0,0.2682,90.0,0.0,-0.5136,0.0048,1.439,-0.0497,-1.587,46.5206,0.0,0.0,0.0,0.0,no_change,56.45,2026-07-20T09:54:55,0.0,48.5749988555908,339.465,2026-09-21 19:44:12,2026-09-21 15:45:04
AAPL,AAPL271217P00370000,AAPL,2027-12-17,P,370.0,48.7,175.0,50.55,262.0,0.2704,95.0,0.0,-0.5367,0.0049,1.43,-0.0499,-1.6092,49.4712,0.0,0.0,0.0,0.0,down,59.35,2026-09-01T13:56:16,0.0,51.7749996185303,339.465,2026-09-21 19:44:12,2026-09-21 15:45:04
AAPL,AAPL271217P00375000,AAPL,2027-12-17,P,375.0,52.1,167.0,53.35,182.0,0.2698,106.0,0.0,-0.5598,0.005,1.4203,-0.0502,-1.65,52.5187,0.0,0.0,0.0,0.0,no_change,69.95,2026-08-20T14:50:39,0.0,55.0499992370606,339.465,2026-09-21 19:44:12,2026-09-21 15:45:04
AAPL,AAPL271217P00380000,AAPL,2027-12-17,P,380.0,54.5,307.0,56.7,264.0,0.267,43.0,0.0,-0.5829,0.005,1.4016,-0.0504,-1.6554,55.6755,0.0,0.0,0.0,0.0,down,57.15,2026-09-17T15:42:05,0.0,58.0500011444092,339.465,2026-09-21 19:44:12,2026-09-21 15:45:04
AAPL,AAPL271217P00385000,AAPL,2027-12-17,P,385.0,58.35,162.0,60.1,264.0,0.2687,32.0,0.0,-0.6064,0.0051,1.3641,-0.0505,-1.6185,58.9573,0.0,0.0,0.0,0.0,down,65.95,2026-09-15T15:38:12,0.0,61.1499996185303,339.465,2026-09-21 19:44:12,2026-09-21 15:45:04
AAPL,AAPL271217P00390000,AAPL,2027-12-17,P,390.0,61.85,128.0,63.35,323.0,0.2678,8.0,0.0,-0.6298,0.0052,1.3342,-0.0504,-1.6294,62.3578,0.0,0.0,0.0,0.0,down,67.9,2026-09-14T09:50:11,0.0,65.125,339.465,2026-09-21 19:44:12,2026-09-21 15:45:04
AAPL,AAPL271217P00395000,AAPL,2027-12-17,P,395.0,64.8,257.0,66.9,234.0,0.2653,77.0,0.0,-0.6531,0.0052,1.3096,-0.0502,-1.6451,65.8476,0.0,0.0,0.0,0.0,down,77.55,2026-09-01T11:24:05,0.0,68.5249977111816,339.465,2026-09-21 19:44:12,2026-09-21 15:45:04
AAPL,AAPL271217P00400000,AAPL,2027-12-17,P,400.0,68.8,119.0,70.7,401.0,0.267,89.0,0.0,-0.6766,0.0053,1.2657,-0.0502,-1.5951,69.4463,0.0,0.0,0.0,0.0,down,74.15,2026-09-14T09:55:06,0.0,72.2000007629394,339.465,2026-09-21 19:44:12,2026-09-21 15:45:04
AAPL,AAPL271217P00405000,AAPL,2027-12-17,P,405.0,71.9,352.0,74.3,346.0,0.2634,72.0,2.0,-0.7004,0.0054,1.203,-0.0503,-1.5426,73.1704,-2.45,73.55,73.55,73.45,down,73.45,2026-09-21T12:58:19,-3.22793,75.8999977111816,339.465,2026-09-21 19:44:12,2026-09-21 15:45:04
AAPL,AAPL271217P00410000,AAPL,2027-12-17,P,410.0,76.5,71.0,78.2,313.0,0.2665,5.0,0.0,-0.7235,0.0054,1.1539,-0.0498,-1.5222,77.0008,0.0,0.0,0.0,0.0,down,85.4,2026-09-03T11:12:22,0.0,80.0499992370606,339.465,2026-09-21 19:44:12,2026-09-21 15:45:04
AAPL,AAPL271217P00415000,AAPL,2027-12-17,P,415.0,80.25,123.0,82.15,362.0,0.2655,0.0,0.0,-0.7464,0.0054,1.1137,-0.0493,-1.4925,80.9124,0.0,0.0,0.0,0.0,down,87.15,2026-09-11T09:37:30,0.0,83.875,339.465,2026-09-21 19:44:12,2026-09-21 15:45:04
AAPL,AAPL271217P00420000,AAPL,2027-12-17,P,420.0,84.1,299.0,86.2,368.0,0.2646,16.0,3.0,-0.7702,0.0055,1.0446,-0.0491,-1.3548,84.9325,-0.1,87.85,87.85,87.85,down,87.85,2026-09-21T09:52:18,-0.113697,87.9499969482422,339.465,2026-09-21 19:44:12,2026-09-21 15:45:04
AAPL,AAPL271217P00425000,AAPL,2027-12-17,P,425.0,88.05,345.0,91.05,347.0,0.267,5.0,3.0,-0.7942,0.0056,0.9497,-0.0493,-1.297,89.0784,-2.275,89.7,89.7,89.7,down,89.7,2026-09-21T14:48:14,-2.4735,91.9750022888184,339.465,2026-09-21 19:44:12,2026-09-21 15:45:04
AAPL,AAPL271217P00430000,AAPL,2027-12-17,P,430.0,92.9,3.0,94.55,455.0,0.2663,0.0,0.0,-0.8167,0.0056,0.891,-0.0487,-1.2557,93.309,0.0,0.0,0.0,0.0,down,122.75,2026-07-02T13:35:29,0.0,96.75,339.465,2026-09-21 19:44:12,2026-09-21 15:45:04
AAPL,AAPL271217P00435000,AAPL,2027-12-17,P,435.0,96.45,376.0,99.0,327.0,0.2626,0.0,0.0,-0.8382,0.0056,0.8394,-0.0479,-1.1397,97.6097,0.0,0.0,0.0,0.0,up,133.15,2026-07-31T14:20:26,0.0,100.625,339.465,2026-09-21 19:44:12,2026-09-21 15:45:04
AAPL,AAPL271217P00440000,AAPL,2027-12-17,P,440.0,100.55,378.0,103.45,355.0,0.2605,0.0,0.0,-0.8619,0.0057,0.7345,-0.0493,-0.8748,102.023,0.0,0.0,0.0,0.0,down,125.59,2026-07-14T11:41:32,0.0,105.25,339.465,2026-09-21 19:44:12,2026-09-21 15:45:04
AAPL,AAPL271217P00450000,AAPL,2027-12-17,P,450.0,110.7,20.0,113.2,157.0,0.2743,0.0,0.0,-0.9092,0.0058,0.5289,-0.0497,-0.7931,111.193,0.0,0.0,0.0,0.0,no_change,0.0,,0.0,114.600002288818,339.465,2026-09-21 19:44:12,2026-09-21 15:45:04
AAPL,AAPL271217P00460000,AAPL,2027-12-17,P,460.0,120.0,43.0,122.45,133.0,0.2748,0.0,0.0,-0.9478,0.0055,0.3978,-0.0465,-0.4726,120.5842,0.0,0.0,0.0,0.0,up,124.1,2026-07-27T12:11:38,0.0,124.325000762939,339.465,2026-09-21 19:44:12,2026-09-21 15:45:04
AAPL,AAPL271217P00470000,AAPL,2027-12-17,P,470.0,129.65,7.0,132.55,116.0,0.2857,0.0,0.0,-0.9737,0.0029,0.0,-0.0458,0.0,130.5357,0.0,0.0,0.0,0.0,no_change,0.0,,0.0,134.299995422363,339.465,2026-09-21 19:44:12,2026-09-21 15:45:04
AAPL,AAPL271217P00480000,AAPL,2027-12-17,P,480.0,139.75,7.0,142.5,88.0,0.2992,0.0,0.0,-0.9938,0.0007,0.0,-0.0458,0.0,140.5357,0.0,0.0,0.0,0.0,no_change,0.0,,0.0,144.099998474121,339.465,2026-09-21 19:44:12,2026-09-21 15:45:04
AAPL,AAPL271217P00490000,AAPL,2027-12-17,P,490.0,149.7,6.0,152.55,87.0,0.3118,0.0,0.0,-1.0,0.0,0.0,-0.0458,0.0,150.5357,0.0,0.0,0.0,0.0,no_change,0.0,,0.0,153.925003051758,339.465,2026-09-21 19:44:12,2026-09-21 15:45:04
AAPL,AAPL271217P00500000,AAPL,2027-12-17,P,500.0,159.65,7.0,162.55,88.0,0.3235,0.0,0.0,-1.0,0.0,0.0,-0.0458,0.0,160.5357,0.0,0.0,0.0,0.0,no_change,0.0,,0.0,163.925003051758,339.465,2026-09-21 19:44:12,2026-09-21 15:45:04
AAPL,AAPL271217P00510000,AAPL,2027-12-17,P,510.0,169.65,13.0,172.55,90.0,0.3355,0.0,0.0,-1.0,0.0,0.0,-0.0458,0.0,170.5357,0.0,0.0,0.0,0.0,no_change,0.0,,0.0,173.949996948242,339.465,2026-09-21 19:44:12,2026-09-21 15:45:04
AAPL,AAPL271217P00520000,AAPL,2027-12-17,P,520.0,179.65,11.0,182.55,88.0,0.3471,0.0,0.0,-1.0,0.0,0.0,-0.0458,0.0,180.5357,0.0,0.0,0.0,0.0,no_change,0.0,,0.0,183.925003051758,339.465,2026-09-21 19:44:12,2026-09-21 15:45:04
AAPL,AAPL271217P00530000,AAPL,2027-12-17,P,530.0,189.65,6.0,192.55,91.0,0.3584,0.0,0.0,-1.0,0.0,0.0,-0.0458,0.0,190.5357,0.0,0.0,0.0,0.0,no_change,0.0,,0.0,193.875,339.465,2026-09-21 19:44:12,2026-09-21 15:45:04
AAPL,AAPL271217P00540000,AAPL,2027-12-17,P,540.0,198.95,95.0,202.55,92.0,0.3611,0.0,0.0,-1.0,0.0,0.0,-0.0458,0.0,200.5357,0.0,0.0,0.0,0.0,no_change,0.0,,0.0,203.875,339.465,2026-09-21 19:44:12,2026-09-21 15:45:04
AAPL,AAPL271217P00550000,AAPL,2027-12-17,P,550.0,208.95,95.0,212.55,92.0,0.3718,0.0,0.0,-1.0,0.0,0.0,-0.0458,0.0,210.5357,0.0,0.0,0.0,0.0,no_change,0.0,,0.0,213.875,339.465,2026-09-21 19:44:12,2026-09-21 15:45:04
AAPL,AAPL271217P00560000,AAPL,2027-12-17,P,560.0,219.35,7.0,222.55,87.0,0.3876,0.0,0.0,-1.0,0.0,0.0,-0.0458,0.0,220.5357,0.0,0.0,0.0,0.0,no_change,0.0,,0.0,224.074996948242,339.465,2026-09-21 19:44:12,2026-09-21 15:45:04
AAPL,AAPL271217P00570000,AAPL,2027-12-17,P,570.0,229.25,8.0,232.55,87.0,0.3967,0.0,0.0,-1.0,0.0,0.0,-0.0458,0.0,230.5357,0.0,0.0,0.0,0.0,no_change,0.0,,0.0,234.099998474121,339.465,2026-09-21 19:44:12,2026-09-21 15:45:04
AAPL,AAPL271217P00580000,AAPL,2027-12-17,P,580.0,239.25,7.0,242.55,87.0,0.4068,0.0,0.0,-1.0,0.0,0.0,-0.0458,0.0,240.5357,0.0,0.0,0.0,0.0,no_change,0.0,,0.0,244.099998474121,339.465,2026-09-21 19:44:12,2026-09-21 15:45:04
AAPL,AAPL271217P00590000,AAPL,2027-12-17,P,590.0,249.25,13.0,252.55,92.0,0.4167,0.0,0.0,-1.0,0.0,0.0,-0.0458,0.0,250.5357,0.0,0.0,0.0,0.0,no_change,0.0,,0.0,254.099998474121,339.465,2026-09-21 19:44:12,2026-09-21 15:45:04
AAPL,AAPL271217P00600000,AAPL,2027-12-17,P,600.0,259.25,11.0,262.55,90.0,0.4264,0.0,0.0,-1.0,0.0,0.0,-0.0458,0.0,260.5357,0.0,0.0,0.0,0.0,no_change,0.0,,0.0,264.100006103516,339.465,2026-09-21 19:44:12,2026-09-21 15:45:04
AAPL,AAPL280121C00005000,AAPL,2028-01-21,C,5.0,332.55,17.0,336.3,12.0,0.0,58.0,0.0,1.0,0.0,0.0004,0.0,0.0162,334.7182,0.0,0.0,0.0,0.0,down,325.76,2026-09-15T12:27:19,0.0,331.024993896484,339.465,2026-09-21 19:44:12,2026-09-21 15:45:04
AAPL,AAPL280121C00010000,AAPL,2028-01-21,C,10.0,327.65,16.0,331.4,11.0,0.0,24.0,0.0,1.0,0.0,0.0002,0.0,0.0388,329.9482,0.0,0.0,0.0,0.0,up,303.35,2026-08-07T13:47:58,0.0,326.149993896484,339.465,2026-09-21 19:44:12,2026-09-21 15:45:04
AAPL,AAPL280121C00015000,AAPL,2028-01-21,C,15.0,322.9,16.0,326.65,11.0,0.0,0.0,0.0,1.0,0.0,0.0004,0.0,0.0707,324.8929,0.0,0.0,0.0,0.0,up,245.12,2026-02-19T15:28:14,0.0,321.399993896484,339.465,2026-09-21 19:44:12,2026-09-21 15:45:04
AAPL,AAPL280121C00020000,AAPL,2028-01-21,C,20.0,318.2,16.0,321.95,16.0,0.0,8.0,0.0,1.0,0.0,0.0013,0.0,0.1259,320.029,0.0,0.0,0.0,0.0,down,308.2,2026-07-21T11:25:38,0.0,316.699996948242,339.465,2026-09-21 19:44:12,2026-09-21 15:45:04
AAPL,AAPL280121C00025000,AAPL,2028-01-21,C,25.0,313.4,11.0,317.15,14.0,0.0,10.0,2.0,1.0,0.0,0.0029,0.0,0.1666,315.3394,1.975,314.35,314.35,314.0,down,314.0,2026-09-21T13:00:09,0.632964,312.024993896484,339.465,2026-09-21 19:44:12,2026-09-21 15:45:04
AAPL,AAPL280121C00030000,AAPL,2028-01-21,C,30.0,308.85,16.0,312.45,6.0,0.8446,12.0,0.0,1.0,0.0,0.0052,0.0,0.2511,310.5228,0.0,0.0,0.0,0.0,down,229.09,2026-04-09T11:52:31,0.0,307.350006103516,339.465,2026-09-21 19:44:12,2026-09-21 15:45:04
AAPL,AAPL280121C00035000,AAPL,2028-01-21,C,35.0,304.15,16.0,307.8,6.0,0.8346,4.0,0.0,1.0,0.0,0.0071,0.0,0.3525,305.7572,0.0,0.0,0.0,0.0,down,241.75,2026-02-11T09:45:54,0.0,302.649993896484,339.465,2026-09-21 19:44:12,2026-09-21 15:45:04
AAPL,AAPL280121C00040000,AAPL,2028-01-21,C,40.0,299.5,16.0,303.1,7.0,0.8062,15.0,0.0,1.0,0.0,0.0088,0.0,0.446,301.033,0.0,0.0,0.0,0.0,up,252.2,2026-05-08T12:46:39,0.0,298.0,339.465,2026-09-21 19:44:12,2026-09-21 15:45:04
AAPL,AAPL280121C00045000,AAPL,2028-01-21,C,45.0,294.8,68.0,298.4,7.0,0.7655,4.0,0.0,1.0,0.0,0.0104,0.0,0.5299,296.3354,0.0,0.0,0.0,0.0,down,262.25,2026-08-10T12:32:32,0.0,293.300003051758,339.465,2026-09-21 19:44:12,2026-09-21 15:45:04
AAPL,AAPL280121C00050000,AAPL,2028-01-21,C,50.0,290.15,68.0,293.75,7.0,0.7394,129.0,0.0,1.0,0.0,0.012,0.0,0.6073,291.6541,0.0,0.0,0.0,0.0,down,285.65,2026-09-14T14:01:26,0.0,288.649993896484,339.465,2026-09-21 19:44:12,2026-09-21 15:45:04
AAPL,AAPL280121C00060000,AAPL,2028-01-21,C,60.0,280.8,70.0,284.55,16.0,0.6925,5.0,0.0,0.9994,0.0,0.0162,0.0,0.7455,282.1677,0.0,0.0,0.0,0.0,down,249.74,2026-08-10T10:25:23,0.0,279.300003051758,339.465,2026-09-21 19:44:12,2026-09-21 15:45:04
AAPL,AAPL280121C00070000,AAPL,2028-01-21,C,70.0,271.45,72.0,275.05,6.0,0.6185,154.0,0.0,0.9988,0.0,0.0219,0.0,0.8734,273.0022,0.0,0.0,0.0,0.0,down,249.83,2026-09-08T14:16:54,0.0,269.975006103516,339.465,2026-09-21 19:44:12,2026-09-21 15:45:04
AAPL,AAPL280121C00080000,AAPL,2028-01-21,C,80.0,262.1,74.0,265.45,1.0,0.5385,183.0,0.0,0.9982,0.0,0.0291,0.0,0.9974,263.6987,0.0,0.0,0.0,0.0,down,237.5,2026-08-26T13:27:20,0.0,260.649993896484,339.465,2026-09-21 19:44:12,2026-09-21 15:45:04
AAPL,AAPL280121C00090000,AAPL,2028-01-21,C,90.0,252.8,75.0,256.45,6.0,0.5369,184.0,0.0,0.9973,0.0,0.0381,0.0,1.1189,254.4069,0.0,0.0,0.0,0.0,down,224.95,2026-08-27T10:23:48,0.0,251.349998474121,339.465,2026-09-21 19:44:12,2026-09-21 15:45:04
AAPL,AAPL280121C00100000,AAPL,2028-01-21,C,100.0,243.4,79.0,247.0,24.0,0.4835,1121.0,4.0,0.9963,0.0001,0.0494,0.0,1.2389,245.1283,1.95,244.0,244.2,244.0,down,244.0,2026-09-21T13:32:11,0.805621,242.049995422363,339.465,2026-09-21 19:44:12,2026-09-21 15:45:04
AAPL,AAPL280121C00110000,AAPL,2028-01-21,C,110.0,234.25,78.0,237.25,11.0,0.4281,315.0,0.0,0.995,0.0001,0.0631,0.0,1.3573,235.8662,0.0,0.0,0.0,0.0,up,200.6,2026-08-13T11:32:01,0.0,232.75,339.465,2026-09-21 19:44:12,2026-09-21 15:45:04
AAPL,AAPL280121C00115000,AAPL,2028-01-21,C,115.0,229.6,80.0,233.35,14.0,0.4711,19.0,0.0,0.9942,0.0001,0.071,0.0,1.4158,231.2425,0.0,0.0,0.0,0.0,up,230.0,2026-09-17T15:36:16,0.0,228.175003051758,339.465,2026-09-21 19:44:12,2026-09-21 15:45:04
AAPL,AAPL280121C00120000,AAPL,2028-01-21,C,120.0,224.95,82.0,228.25,10.0,0.4301,94.0,0.0,0.9933,0.0001,0.0797,0.0,1.4739,226.6245,0.0,0.0,0.0,0.0,up,224.49,2026-09-17T15:19:01,0.0,223.5,339.465,2026-09-21 19:44:12,2026-09-21 15:45:04
AAPL,AAPL280121C00125000,AAPL,2028-01-21,C,125.0,220.35,85.0,223.6,10.0,0.4209,23.0,34.0,0.9923,0.0001,0.0894,0.0,1.5313,222.0128,2.39,220.95,221.45,220.95,down,221.29,2026-09-21T13:00:33,1.09182,218.900001525879,339.465,2026-09-21 19:44:12,2026-09-21 15:45:04
AAPL,AAPL280121C00130000,AAPL,2028-01-21,C,130.0,215.75,83.0,219.0,10.0,0.4144,133.0,0.0,0.9912,0.0001,0.0999,0.0,1.5881,217.4083,0.0,0.0,0.0,0.0,down,184.95,2026-08-10T14:46:03,0.0,214.299995422363,339.465,2026-09-21 19:44:12,2026-09-21 15:45:04
AAPL,AAPL280121C00135000,AAPL,2028-01-21,C,135.0,211.15,85.0,214.8,10.0,0.4252,119.0,0.0,0.99,0.0002,0.1113,0.0,1.6443,212.8117,0.0,0.0,0.0,0.0,up,199.52,2026-09-10T15:33:38,0.0,209.700004577637,339.465,2026-09-21 19:44:12,2026-09-21 15:45:04
AAPL,AAPL280121C00140000,AAPL,2028-01-21,C,140.0,206.55,86.0,209.8,10.0,0.3998,73.0,0.0,0.9886,0.0002,0.1239,0.0,1.6997,208.2238,0.0,0.0,0.0,0.0,up,176.3,2026-08-10T14:24:49,0.0,205.099998474121,339.465,2026-09-21 19:44:12,2026-09-21 15:45:04
AAPL,AAPL280121C00145000,AAPL,2028-01-21,C,145.0,201.95,87.0,205.2,10.0,0.392,18.0,0.0,0.9871,0.0002,0.1377,0.0,1.7542,203.6456,0.0,0.0,0.0,0.0,up,189.31,2026-09-01T11:35:02,0.0,200.5,339.465,2026-09-21 19:44:12,2026-09-21 15:45:04
AAPL,AAPL280121C00150000,AAPL,2028-01-21,C,150.0,197.35,87.0,200.6,10.0,0.384,286.0,0.0,0.9854,0.0002,0.1526,0.0,1.8078,199.0782,0.0,0.0,0.0,0.0,down,188.0,2026-09-15T13:29:23,0.0,195.950004577637,339.465,2026-09-21 19:44:12,2026-09-21 15:45:04
AAPL,AAPL280121C00155000,AAPL,2028-01-21,C,155.0,192.8,87.0,196.0,10.0,0.3775,73.0,0.0,0.9835,0.0003,0.1686,0.0,1.8605,194.5228,0.0,0.0,0.0,0.0,up,163.96,2026-08-18T10:02:33,0.0,191.400001525879,339.465,2026-09-21 19:44:12,2026-09-21 15:45:04
AAPL,AAPL280121C00160000,AAPL,2028-01-21,C,160.0,188.25,88.0,191.55,10.0,0.3752,1253.0,1.0,0.9815,0.0003,0.186,0.0,1.9122,189.9802,1.88,188.93,188.93,188.93,up,188.93,2026-09-21T14:49:14,1.00508,187.049995422363,339.465,2026-09-21 19:44:12,2026-09-21 15:45:04
AAPL,AAPL280121C00165000,AAPL,2028-01-21,C,165.0,183.7,151.0,186.1,25.0,0.3416,808.0,0.0,0.9792,0.0004,0.205,0.0,1.9626,185.452,0.0,0.0,0.0,0.0,down,180.81,2026-09-14T15:39:16,0.0,182.524993896484,339.465,2026-09-21 19:44:12,2026-09-21 15:45:04
AAPL,AAPL280121C00170000,AAPL,2028-01-21,C,170.0,179.2,143.0,182.2,51.0,0.3575,210.0,0.0,0.9766,0.0004,0.2253,0.0,2.0115,180.9396,0.0,0.0,0.0,0.0,up,176.65,2026-09-11T11:37:26,0.0,178.0,339.465,2026-09-21 19:44:12,2026-09-21 15:45:04
AAPL,AAPL280121C00175000,AAPL,2028-01-21,C,175.0,174.7,188.0,177.55,38.0,0.3499,109.0,0.0,0.9738,0.0004,0.2468,0.0,2.0593,176.4445,0.0,0.0,0.0,0.0,up,151.25,2026-08-26T12:20:07,0.0,173.524993896484,339.465,2026-09-21 19:44:12,2026-09-21 15:45:04
AAPL,AAPL280121C00180000,AAPL,2028-01-21,C,180.0,170.2,138.0,173.25,40.0,0.3496,510.0,2.0,0.9708,0.0005,0.27,0.0,2.1057,171.968,2.66,171.71,171.71,171.71,up,171.71,2026-09-21T12:48:14,1.5735,169.049995422363,339.465,2026-09-21 19:44:12,2026-09-21 15:45:04
AAPL,AAPL280121C00185000,AAPL,2028-01-21,C,185.0,165.95,291.0,168.65,49.0,0.3471,353.0,0.0,0.9674,0.0005,0.295,0.0,2.1503,167.512,0.0,0.0,0.0,0.0,up,154.19,2026-09-02T13:59:15,0.0,164.549995422363,339.465,2026-09-21 19:44:12,2026-09-21 15:45:04
AAPL,AAPL280121C00190000,AAPL,2028-01-21,C,190.0,161.25,296.0,163.75,22.0,0.3302,142.0,0.0,0.9637,0.0006,0.3216,0.0,2.193,163.0785,0.0,0.0,0.0,0.0,up,154.44,2026-09-15T15:22:21,0.0,160.150001525879,339.465,2026-09-21 19:44:12,2026-09-21 15:45:04
AAPL,AAPL280121C00195000,AAPL,2028-01-21,C,195.0,156.85,315.0,160.3,51.0,0.3433,286.0,0.0,0.9597,0.0006,0.3493,0.0,2.234,158.6696,0.0,0.0,0.0,0.0,up,132.4,2026-08-24T14:55:58,0.0,155.699996948242,339.465,2026-09-21 19:44:12,2026-09-21 15:45:04
AAPL,AAPL280121C00200000,AAPL,2028-01-21,C,200.0,152.45,387.0,155.6,230.0,0.3348,1026.0,30.0,0.9554,0.0007,0.3788,0.0,2.2734,154.2867,2.945,151.5,153.99,151.5,down,153.87,2026-09-21T15:21:41,1.9513,150.925003051758,339.465,2026-09-21 19:44:12,2026-09-21 15:45:04
AAPL,AAPL280121C00210000,AAPL,2028-01-21,C,210.0,144.2,396.0,146.25,53.0,0.3252,261.0,2.0,0.9455,0.0008,0.4434,0.0,2.3447,145.6091,1.925,144.75,144.75,144.75,no_change,144.75,2026-09-21T12:56:39,1.3478,142.825004577637,339.465,2026-09-21 19:44:12,2026-09-21 15:45:04
AAPL,AAPL280121C00220000,AAPL,2028-01-21,C,220.0,135.35,402.0,137.75,79.0,0.3167,854.0,2.0,0.9339,0.001,0.5134,0.0,2.4074,137.065,1.87,136.1,136.12,136.1,up,136.12,2026-09-21T12:56:39,1.39292,134.25,339.465,2026-09-21 19:44:12,2026-09-21 15:45:04
AAPL,AAPL280121C00230000,AAPL,2028-01-21,C,230.0,126.8,402.0,129.9,309.0,0.3151,3156.0,8.0,0.9205,0.0012,0.5902,-0.0028,2.4588,128.6742,1.55,124.0,127.8,123.15,down,127.7,2026-09-21T12:56:39,1.22869,126.150001525879,339.465,2026-09-21 19:44:12,2026-09-21 15:45:04
AAPL,AAPL280121C00240000,AAPL,2028-01-21,C,240.0,119.15,427.0,121.3,167.0,0.3112,2820.0,12.0,0.9051,0.0014,0.6712,-0.0062,2.4999,120.4588,2.675,119.42,120.35,118.18,up,120.35,2026-09-21T14:45:26,2.27321,117.674999237061,339.465,2026-09-21 19:44:12,2026-09-21 15:45:04
AAPL,AAPL280121C00250000,AAPL,2028-01-21,C,250.0,110.75,425.0,113.6,223.0,0.3056,2011.0,122.0,0.8877,0.0016,0.7574,-0.0095,2.5275,112.4409,2.03,108.3,111.8,108.3,down,111.73,2026-09-21T14:46:24,1.8505,109.699996948242,339.465,2026-09-21 19:44:12,2026-09-21 15:45:04
AAPL,AAPL280121C00260000,AAPL,2028-01-21,C,260.0,102.95,399.0,105.5,215.0,0.2991,2261.0,21.0,0.868,0.0018,0.8456,-0.0129,2.5438,104.6434,2.225,100.7,104.15,100.7,up,103.8,2026-09-21T12:56:39,2.1905,101.575000762939,339.465,2026-09-21 19:44:12,2026-09-21 15:45:04
AAPL,AAPL280121C00270000,AAPL,2028-01-21,C,270.0,96.05,369.0,97.6,166.0,0.2966,3826.0,162.0,0.8463,0.002,0.9362,-0.0163,2.5452,97.0891,2.9,95.0,97.8,95.0,up,97.8,2026-09-21T15:27:29,3.05585,94.9000015258789,339.465,2026-09-21 19:44:12,2026-09-21 15:45:04
AAPL,AAPL280121C00280000,AAPL,2028-01-21,C,280.0,88.6,405.0,90.2,126.0,0.2911,2384.0,14.0,0.8223,0.0022,1.0258,-0.0196,2.5349,89.799,3.0,88.08,89.9,87.92,up,89.9,2026-09-21T12:50:11,3.45224,86.9000015258789,339.465,2026-09-21 19:44:12,2026-09-21 15:45:04
AAPL,AAPL280121C00290000,AAPL,2028-01-21,C,290.0,81.65,412.0,83.25,155.0,0.288,5449.0,18.0,0.7962,0.0025,1.1142,-0.0227,2.5093,82.7948,3.3,81.45,83.55,81.45,up,83.55,2026-09-21T15:27:06,4.11215,80.25,339.465,2026-09-21 19:44:12,2026-09-21 15:45:04
AAPL,AAPL280121C00300000,AAPL,2028-01-21,C,300.0,74.95,387.0,76.4,34.0,0.2839,21113.0,31.0,0.7682,0.0027,1.1981,-0.0257,2.4724,76.0933,1.675,73.35,75.92,73.35,down,75.9,2026-09-21T15:27:13,2.25665,74.2249984741211,339.465,2026-09-21 19:44:12,2026-09-21 15:45:04
AAPL,AAPL280121C00310000,AAPL,2028-01-21,C,310.0,68.55,421.0,70.2,144.0,0.2814,2590.0,42.0,0.7383,0.0029,1.277,-0.0285,2.421,69.7129,1.47,65.53,69.27,65.53,up,69.27,2026-09-21T13:14:20,2.16814,67.7999992370606,339.465,2026-09-21 19:44:12,2026-09-21 15:45:04
AAPL,AAPL280121C00320000,AAPL,2028-01-21,C,320.0,62.65,445.0,63.95,94.0,0.2782,3873.0,35.0,0.7069,0.0031,1.3481,-0.0309,2.3596,63.6645,0.975,60.0,63.47,59.39,up,63.05,2026-09-21T12:56:25,1.57068,62.0750007629394,339.465,2026-09-21 19:44:12,2026-09-21 15:45:04
AAPL,AAPL280121C00330000,AAPL,2028-01-21,C,330.0,57.0,496.0,58.65,228.0,0.2771,3741.0,65.0,0.6741,0.0033,1.4109,-0.0331,2.2857,57.961,1.5,54.5,57.6,54.2,up,57.45,2026-09-21T15:03:04,2.68096,55.9500007629394,339.465,2026-09-21 19:44:12,2026-09-21 15:45:04
AAPL,AAPL280121C00340000,AAPL,2028-01-21,C,340.0,51.7,705.0,53.05,200.0,0.2739,3655.0,86.0,0.6403,0.0035,1.4633,-0.0349,2.2041,52.6064,1.225,50.57,52.4,49.0,down,51.95,2026-09-21T15:03:59,2.41498,50.7250003814697,339.465,2026-09-21 19:44:12,2026-09-21 15:45:04
AAPL,AAPL280121C00350000,AAPL,2028-01-21,C,350.0,46.75,604.0,47.9,82.0,0.2712,7965.0,58.0,0.6057,0.0036,1.505,-0.0364,2.1126,47.6069,1.225,44.93,47.5,44.25,up,47.05,2026-09-21T15:03:42,2.67322,45.8249988555908,339.465,2026-09-21 19:44:12,2026-09-21 15:45:04
AAPL,AAPL280121C00360000,AAPL,2028-01-21,C,360.0,42.3,611.0,43.25,103.0,0.2698,3263.0,14.0,0.5708,0.0037,1.5349,-0.0375,2.0164,42.9588,1.5,41.2,42.75,41.2,up,42.75,2026-09-21T15:11:10,3.63636,41.25,339.465,2026-09-21 19:44:12,2026-09-21 15:45:04
AAPL,AAPL280121C00370000,AAPL,2028-01-21,C,370.0,38.05,619.0,39.1,281.0,0.2685,1233.0,0.0,0.5358,0.0038,1.553,-0.0382,1.9131,38.6615,0.0,0.0,0.0,0.0,no_change,37.27,2026-09-18T15:39:52,0.0,37.2749996185303,339.465,2026-09-21 19:44:12,2026-09-21 15:45:04
AAPL,AAPL280121C00380000,AAPL,2028-01-21,C,380.0,34.1,637.0,34.95,103.0,0.2661,4887.0,18.0,0.501,0.0038,1.5595,-0.0386,1.8086,34.7045,0.855,32.35,34.55,32.22,down,34.28,2026-09-21T12:39:40,2.55797,33.4249992370606,339.465,2026-09-21 19:44:12,2026-09-21 15:45:04
AAPL,AAPL280121C00390000,AAPL,2028-01-21,C,390.0,30.4,695.0,31.25,40.0,0.2641,1528.0,10.0,0.4668,0.0038,1.5542,-0.0386,1.6997,31.0802,0.975,30.8,31.0,30.8,up,31.0,2026-09-21T12:49:05,3.2473,30.0249996185303,339.465,2026-09-21 19:44:12,2026-09-21 15:45:04
AAPL,AAPL280121C00400000,AAPL,2028-01-21,C,400.0,27.2,695.0,27.9,1.0,0.2629,4708.0,42.0,0.4334,0.0038,1.5388,-0.0384,1.593,27.7731,0.725,26.0,27.85,25.5,no_change,27.4,2026-09-21T14:55:12,2.7179,26.6750001907349,339.465,2026-09-21 19:44:12,2026-09-21 15:45:04
AAPL,AAPL280121C00410000,AAPL,2028-01-21,C,410.0,24.15,640.0,25.0,75.0,0.2619,954.0,6.0,0.401,0.0037,1.5128,-0.0378,1.4842,24.7696,0.775,23.6,24.5,23.6,up,24.5,2026-09-21T13:14:20,3.26659,23.7250003814697,339.465,2026-09-21 19:44:12,2026-09-21 15:45:04
AAPL,AAPL280121C00420000,AAPL,2028-01-21,C,420.0,21.65,527.0,22.25,39.0,0.2614,3009.0,14.0,0.3699,0.0037,1.4791,-0.037,1.3803,22.052,0.65,21.87,21.9,21.7,up,21.75,2026-09-21T15:05:18,3.08057,21.1000003814697,339.465,2026-09-21 19:44:12,2026-09-21 15:45:04
AAPL,AAPL280121C00430000,AAPL,2028-01-21,C,430.0,19.1,684.0,19.75,28.0,0.26,495.0,0.0,0.3402,0.0036,1.4368,-0.036,1.2766,19.6017,0.0,0.0,0.0,0.0,up,19.0,2026-09-17T11:55:02,0.0,18.875,339.465,2026-09-21 19:44:12,2026-09-21 15:45:04
AAPL,AAPL280121C00440000,AAPL,2028-01-21,C,440.0,16.9,643.0,17.8,534.0,0.2601,1358.0,9.0,0.3121,0.0035,1.3889,-0.0348,1.1788,17.4014,0.385,16.86,17.07,16.86,down,17.06,2026-09-21T14:07:43,2.30885,16.6749992370605,339.465,2026-09-21 19:44:12,2026-09-21 15:45:04
AAPL,AAPL280121C00450000,AAPL,2028-01-21,C,450.0,15.3,202.0,15.85,471.0,0.2609,7621.0,29.0,0.2856,0.0033,1.3357,-0.0334,1.0842,15.4293,0.675,14.8,15.45,14.8,up,15.45,2026-09-21T15:20:15,4.56853,14.7749996185303,339.465,2026-09-21 19:44:12,2026-09-21 15:45:04
AAPL,AAPL280121C00460000,AAPL,2028-01-21,C,460.0,13.1,702.0,13.9,54.0,0.258,618.0,4.0,0.2608,0.0032,1.2781,-0.032,0.9944,13.6697,-0.025,13.1,13.1,13.1,up,13.1,2026-09-21T10:05:08,-0.190476,13.125,339.465,2026-09-21 19:44:12,2026-09-21 15:45:04
AAPL,AAPL280121C00470000,AAPL,2028-01-21,C,470.0,11.65,729.0,12.25,32.0,0.2577,538.0,100.0,0.2376,0.003,1.2189,-0.0305,0.911,12.101,-0.1,11.5,11.5,11.5,no_change,11.5,2026-09-21T10:15:20,-0.862068,11.5999999046326,339.465,2026-09-21 19:44:12,2026-09-21 15:45:04
AAPL,AAPL280121C00480000,AAPL,2028-01-21,C,480.0,10.35,517.0,11.05,347.0,0.2586,234.0,1.0,0.2162,0.0029,1.1566,-0.0289,0.8309,10.7074,-0.35,10.0,10.0,10.0,down,10.0,2026-09-21T09:32:13,-3.38164,10.3499999046326,339.465,2026-09-21 19:44:12,2026-09-21 15:45:04
AAPL,AAPL280121C00490000,AAPL,2028-01-21,C,490.0,9.05,398.0,9.75,320.0,0.2578,303.0,0.0,0.1964,0.0027,1.0946,-0.0273,0.7582,9.4716,0.0,0.0,0.0,0.0,up,9.08,2026-09-17T11:47:51,0.0,9.15000009536743,339.465,2026-09-21 19:44:12,2026-09-21 15:45:04
AAPL,AAPL280121C00500000,AAPL,2028-01-21,C,500.0,8.05,530.0,8.5,46.0,0.2573,5077.0,96.0,0.1781,0.0026,1.0326,-0.0258,0.6898,8.3765,0.15,8.1,8.4,8.1,up,8.25,2026-09-21T14:22:28,1.85185,8.09999990463257,339.465,2026-09-21 19:44:12,2026-09-21 15:45:04
AAPL,AAPL280121C00510000,AAPL,2028-01-21,C,510.0,7.15,524.0,7.55,107.0,0.2577,1247.0,0.0,0.1614,0.0024,0.9704,-0.0242,0.6264,7.4095,0.0,0.0,0.0,0.0,no_change,7.36,2026-09-16T14:44:31,0.0,7.22500014305115,339.465,2026-09-21 19:44:12,2026-09-21 15:45:04
AAPL,AAPL280121C00520000,AAPL,2028-01-21,C,520.0,6.3,568.0,6.7,109.0,0.2578,581.0,2.0,0.1461,0.0022,0.911,-0.0227,0.5694,6.5551,0.3,6.6,6.6,6.6,up,6.6,2026-09-21T10:08:28,4.7619,6.30000019073486,339.465,2026-09-21 19:44:12,2026-09-21 15:45:04
AAPL,AAPL280121C00530000,AAPL,2028-01-21,C,530.0,5.65,468.0,5.95,132.0,0.2585,2813.0,13.0,0.1322,0.0021,0.8525,-0.0212,0.5159,5.8014,0.075,5.75,5.75,5.75,no_change,5.75,2026-09-21T14:27:59,1.32159,5.67499995231628,339.465,2026-09-21 19:44:12,2026-09-21 15:45:04
AAPL,AAPL280121C00540000,AAPL,2028-01-21,C,540.0,4.9,319.0,5.4,297.0,0.2589,174.0,0.0,0.1196,0.002,0.7958,-0.0198,0.4674,5.1381,0.0,0.0,0.0,0.0,up,5.5,2026-09-17T15:36:48,0.0,5.04999995231628,339.465,2026-09-21 19:44:12,2026-09-21 15:45:04
AAPL,AAPL280121C00550000,AAPL,2028-01-21,C,550.0,4.4,446.0,4.7,136.0,0.259,432.0,6.0,0.1081,0.0018,0.7427,-0.0184,0.424,4.5534,0.075,4.53,4.53,4.5,no_change,4.5,2026-09-21T13:04:20,1.69492,4.42499995231628,339.465,2026-09-21 19:44:12,2026-09-21 15:45:04
AAPL,AAPL280121C00560000,AAPL,2028-01-21,C,560.0,3.85,313.0,4.3,310.0,0.2599,102.0,0.0,0.0977,0.0017,0.6916,-0.0172,0.3835,4.0388,0.0,0.0,0.0,0.0,up,4.0,2026-09-18T15:47:10,0.0,3.92499995231628,339.465,2026-09-21 19:44:12,2026-09-21 15:45:04
AAPL,AAPL280121C00570000,AAPL,2028-01-21,C,570.0,3.35,199.0,3.7,23.0,0.2588,122.0,0.0,0.0884,0.0016,0.6428,-0.016,0.3471,3.5866,0.0,0.0,0.0,0.0,down,3.45,2026-09-17T11:27:55,0.0,3.55000007152557,339.465,2026-09-21 19:44:12,2026-09-21 15:45:04
AAPL,AAPL280121C00580000,AAPL,2028-01-21,C,580.0,2.99,183.0,3.3,13.0,0.2595,25.0,0.0,0.0799,0.0014,0.5977,-0.0148,0.3148,3.1885,0.0,0.0,0.0,0.0,down,3.1,2026-09-17T11:28:17,0.0,3.14999997615814,339.465,2026-09-21 19:44:12,2026-09-21 15:45:04
AAPL,AAPL280121C00590000,AAPL,2028-01-21,C,590.0,2.77,259.0,3.05,354.0,0.2622,340.0,0.0,0.0723,0.0013,0.5552,-0.0138,0.285,2.8381,0.0,0.0,0.0,0.0,up,2.9,2026-09-18T15:51:21,0.0,2.82000005245209,339.465,2026-09-21 19:44:12,2026-09-21 15:45:04
AAPL,AAPL280121C00600000,AAPL,2028-01-21,C,600.0,2.51,176.0,2.74,317.0,0.2633,1511.0,345.0,0.0655,0.0012,0.5149,-0.0127,0.258,2.5303,0.0,2.47,2.6,2.45,up,2.55,2026-09-21T14:27:02,-2.80492e-06,2.55000007152557,339.465,2026-09-21 19:44:12,2026-09-21 15:45:04
AAPL,AAPL280121P00005000,AAPL,2028-01-21,P,5.0,0.0,0.0,0.06,27.0,1.3063,274.0,0.0,0.0,0.0,0.0003,0.0,-0.0001,0.0022,0.0,0.0,0.0,0.0,no_change,0.01,2026-08-26T11:49:14,0.0,0.0299999993294477,339.465,2026-09-21 19:44:12,2026-09-21 15:45:04
AAPL,AAPL280121P00010000,AAPL,2028-01-21,P,10.0,0.0,0.0,0.28,334.0,1.2572,34.0,0.0,0.0,0.0,0.0008,-0.0001,-0.0003,0.0051,0.0,0.0,0.0,0.0,up,0.03,2026-06-10T11:17:12,0.0,0.140000000596046,339.465,2026-09-21 19:44:12,2026-09-21 15:45:04
AAPL,AAPL280121P00015000,AAPL,2028-01-21,P,15.0,0.0,0.0,0.28,282.0,1.0983,369.0,0.0,-0.0001,0.0,0.0015,-0.0001,-0.0005,0.0088,0.0,0.0,0.0,0.0,no_change,0.03,2026-06-01T14:22:00,0.0,0.140000000596046,339.465,2026-09-21 19:44:12,2026-09-21 15:45:04
AAPL,AAPL280121P00020000,AAPL,2028-01-21,P,20.0,0.0,0.0,0.46,333.0,1.0504,316.0,0.0,-0.0001,0.0,0.0022,-0.0002,-0.0008,0.0132,0.0,0.0,0.0,0.0,up,0.05,2026-06-10T11:01:07,0.0,0.144999995827675,339.465,2026-09-21 19:44:12,2026-09-21 15:45:04
AAPL,AAPL280121P00025000,AAPL,2028-01-21,P,25.0,0.0,0.0,0.29,592.0,0.9121,580.0,0.0,-0.0002,0.0,0.0032,-0.0002,-0.0012,0.0184,0.0,0.0,0.0,0.0,no_change,0.07,2026-05-04T15:15:59,0.0,0.144999995827675,339.465,2026-09-21 19:44:12,2026-09-21 15:45:04
AAPL,AAPL280121P00030000,AAPL,2028-01-21,P,30.0,0.0,0.0,0.29,527.0,0.8464,397.0,0.0,-0.0003,0.0,0.0044,-0.0003,-0.0016,0.0245,0.0,0.0,0.0,0.0,down,0.02,2026-09-10T14:31:49,0.0,0.144999995827675,339.465,2026-09-21 19:44:12,2026-09-21 15:45:04
AAPL,AAPL280121P00035000,AAPL,2028-01-21,P,35.0,0.0,0.0,0.3,372.0,0.7947,75.0,0.0,-0.0004,0.0,0.0057,-0.0004,-0.0021,0.0315,0.0,0.0,0.0,0.0,no_change,0.05,2026-06-17T13:33:59,0.0,0.150000005960464,339.465,2026-09-21 19:44:12,2026-09-21 15:45:04
AAPL,AAPL280121P00040000,AAPL,2028-01-21,P,40.0,0.0,0.0,0.3,355.0,0.7478,86.0,0.0,-0.0005,0.0,0.0072,-0.0004,-0.0027,0.0396,0.0,0.0,0.0,0.0,down,0.01,2026-09-09T15:24:05,0.0,0.144999995827675,339.465,2026-09-21 19:44:12,2026-09-21 15:45:04
AAPL,AAPL280121P00045000,AAPL,2028-01-21,P,45.0,0.0,0.0,0.25,363.0,0.6929,13.0,0.0,-0.0006,0.0,0.009,-0.0005,-0.0034,0.0489,0.0,0.0,0.0,0.0,down,0.1,2026-08-18T12:27:41,0.0,0.115000002086163,339.465,2026-09-21 19:44:12,2026-09-21 15:45:04
AAPL,AAPL280121P00050000,AAPL,2028-01-21,P,50.0,0.04,1.0,0.11,20.0,0.6238,2629.0,0.0,-0.0008,0.0,0.0109,-0.0006,-0.0041,0.0594,0.0,0.0,0.0,0.0,down,0.06,2026-09-14T10:05:30,0.0,0.0800000000745058,339.465,2026-09-21 19:44:12,2026-09-21 15:45:04
AAPL,AAPL280121P00060000,AAPL,2028-01-21,P,60.0,0.01,38.0,0.18,334.0,0.5795,94.0,0.0,-0.0012,0.0,0.0158,-0.0008,-0.0061,0.0846,0.0,0.0,0.0,0.0,up,0.17,2026-08-10T10:12:40,0.0,0.125,339.465,2026-09-21 19:44:12,2026-09-21 15:45:04
AAPL,AAPL280121P00070000,AAPL,2028-01-21,P,70.0,0.1,2.0,0.21,500.0,0.5583,68.0,1.0,-0.0017,0.0,0.0218,-0.0011,-0.0086,0.1167,-0.015,0.14,0.14,0.14,down,0.14,2026-09-21T12:31:25,-9.67742,0.154999997466803,339.465,2026-09-21 19:44:12,2026-09-21 15:45:04
AAPL,AAPL280121P00080000,AAPL,2028-01-21,P,80.0,0.1,6.0,0.26,421.0,0.522,44.0,0.0,-0.0023,0.0,0.0294,-0.0014,-0.0119,0.1572,0.0,0.0,0.0,0.0,down,0.18,2026-09-10T15:07:42,0.0,0.179999995976686,339.465,2026-09-21 19:44:12,2026-09-21 15:45:04
AAPL,AAPL280121P00090000,AAPL,2028-01-21,P,90.0,0.1,280.0,0.33,512.0,0.4921,120.0,1.0,-0.0032,0.0,0.0386,-0.0018,-0.016,0.2083,-0.02,0.2,0.2,0.2,down,0.2,2026-09-21T13:30:57,-9.09091,0.220000006258488,339.465,2026-09-21 19:44:12,2026-09-21 15:45:04
AAPL,AAPL280121P00100000,AAPL,2028-01-21,P,100.0,0.2,46.0,0.39,842.0,0.4737,1654.0,0.0,-0.0042,0.0001,0.0503,-0.0022,-0.0213,0.2725,0.0,0.0,0.0,0.0,down,0.28,2026-09-11T14:21:55,0.0,0.28999999910593,339.465,2026-09-21 19:44:12,2026-09-21 15:45:04
AAPL,AAPL280121P00110000,AAPL,2028-01-21,P,110.0,0.17,456.0,0.38,152.0,0.4361,442.0,0.0,-0.0056,0.0001,0.0641,-0.0027,-0.0279,0.3537,0.0,0.0,0.0,0.0,no_change,0.36,2026-09-18T09:38:03,0.0,0.275000005960464,339.465,2026-09-21 19:44:12,2026-09-21 15:45:04
AAPL,AAPL280121P00115000,AAPL,2028-01-21,P,115.0,0.16,368.0,0.59,556.0,0.4374,12.0,0.0,-0.0064,0.0001,0.0723,-0.003,-0.0318,0.4018,0.0,0.0,0.0,0.0,down,0.5,2026-09-02T09:59:25,0.0,0.390000015497208,339.465,2026-09-21 19:44:12,2026-09-21 15:45:04
AAPL,AAPL280121P00120000,AAPL,2028-01-21,P,120.0,0.22,590.0,0.49,244.0,0.419,821.0,0.0,-0.0073,0.0001,0.0814,-0.0034,-0.0364,0.4554,0.0,0.0,0.0,0.0,up,0.47,2026-09-18T09:32:23,0.0,0.444999992847443,339.465,2026-09-21 19:44:12,2026-09-21 15:45:04
AAPL,AAPL280121P00125000,AAPL,2028-01-21,P,125.0,0.45,32.0,0.55,29.0,0.4234,305.0,0.0,-0.0083,0.0001,0.0912,-0.0037,-0.0413,0.5162,0.0,0.0,0.0,0.0,down,0.61,2026-09-11T14:36:35,0.0,0.514999985694885,339.465,2026-09-21 19:44:12,2026-09-21 15:45:04
AAPL,AAPL280121P00130000,AAPL,2028-01-21,P,130.0,0.49,311.0,0.68,332.0,0.4179,215.0,0.0,-0.0094,0.0002,0.1017,-0.0041,-0.0467,0.5841,0.0,0.0,0.0,0.0,down,0.61,2026-09-17T15:55:14,0.0,0.620000004768372,339.465,2026-09-21 19:44:12,2026-09-21 15:45:04
AAPL,AAPL280121P00135000,AAPL,2028-01-21,P,135.0,0.65,1.0,0.67,1.0,0.4106,2872.0,0.0,-0.0107,0.0002,0.1135,-0.0045,-0.0528,0.6603,0.0,0.0,0.0,0.0,down,1.01,2026-08-24T13:35:28,0.0,0.655000001192093,339.465,2026-09-21 19:44:12,2026-09-21 15:45:04
AAPL,AAPL280121P00140000,AAPL,2028-01-21,P,140.0,0.74,1.0,0.9,662.0,0.4099,1569.0,0.0,-0.0121,0.0002,0.1268,-0.0049,-0.0596,0.7451,0.0,0.0,0.0,0.0,down,0.85,2026-09-15T15:34:19,0.0,0.75,339.465,2026-09-21 19:44:12,2026-09-21 15:45:04
AAPL,AAPL280121P00145000,AAPL,2028-01-21,P,145.0,0.73,355.0,0.9,88.0,0.3954,494.0,1.0,-0.0137,0.0002,0.1408,-0.0054,-0.0677,0.8408,-0.115,0.85,0.85,0.85,down,0.85,2026-09-21T14:43:22,-11.9171,0.965000003576279,339.465,2026-09-21 19:44:12,2026-09-21 15:45:04
AAPL,AAPL280121P00150000,AAPL,2028-01-21,P,150.0,0.88,33.0,1.19,387.0,0.3969,945.0,0.0,-0.0154,0.0003,0.1558,-0.0059,-0.0759,0.9475,0.0,0.0,0.0,0.0,no_change,1.01,2026-09-18T13:25:25,0.0,1.08000001311302,339.465,2026-09-21 19:44:12,2026-09-21 15:45:04
AAPL,AAPL280121P00155000,AAPL,2028-01-21,P,155.0,1.02,11.0,1.33,386.0,0.3919,520.0,0.0,-0.0174,0.0003,0.172,-0.0064,-0.0851,1.0644,0.0,0.0,0.0,0.0,down,1.11,2026-09-18T14:30:56,0.0,1.10999995470047,339.465,2026-09-21 19:44:12,2026-09-21 15:45:04
AAPL,AAPL280121P00160000,AAPL,2028-01-21,P,160.0,1.15,11.0,1.45,329.0,0.3853,555.0,0.0,-0.0195,0.0003,0.1904,-0.007,-0.0953,1.196,0.0,0.0,0.0,0.0,up,1.66,2026-09-04T15:55:31,0.0,1.35500001907349,339.465,2026-09-21 19:44:12,2026-09-21 15:45:04
AAPL,AAPL280121P00165000,AAPL,2028-01-21,P,165.0,1.3,14.0,1.59,307.0,0.3792,456.0,0.0,-0.0219,0.0004,0.2098,-0.0076,-0.1074,1.3432,0.0,0.0,0.0,0.0,down,1.51,2026-09-16T13:38:31,0.0,1.49500000476837,339.465,2026-09-21 19:44:12,2026-09-21 15:45:04
AAPL,AAPL280121P00170000,AAPL,2028-01-21,P,170.0,1.48,46.0,1.76,383.0,0.374,1295.0,52.0,-0.0246,0.0004,0.2304,-0.0082,-0.1196,1.5079,-0.115,1.48,1.48,1.48,no_change,1.48,2026-09-21T13:28:04,-7.21003,1.59499996900558,339.465,2026-09-21 19:44:12,2026-09-21 15:45:04
AAPL,AAPL280121P00175000,AAPL,2028-01-21,P,175.0,1.46,322.0,1.99,336.0,0.3657,570.0,0.0,-0.0274,0.0004,0.2522,-0.0089,-0.1332,1.6867,0.0,0.0,0.0,0.0,down,1.85,2026-09-14T15:50:01,0.0,1.7950000166893,339.465,2026-09-21 19:44:12,2026-09-21 15:45:04
AAPL,AAPL280121P00180000,AAPL,2028-01-21,P,180.0,1.85,26.0,1.99,20.0,0.3605,2014.0,0.0,-0.0306,0.0005,0.2771,-0.0097,-0.1484,1.8891,0.0,0.0,0.0,0.0,down,2.09,2026-09-18T11:29:08,0.0,1.99999994039536,339.465,2026-09-21 19:44:12,2026-09-21 15:45:04
AAPL,AAPL280121P00185000,AAPL,2028-01-21,P,185.0,2.0,238.0,2.38,355.0,0.3575,926.0,12.0,-0.0341,0.0006,0.3026,-0.0105,-0.1658,2.11,-0.115,2.04,2.12,2.04,up,2.12,2026-09-21T12:59:11,-5.14541,2.23500001430511,339.465,2026-09-21 19:44:12,2026-09-21 15:45:04
AAPL,AAPL280121P00190000,AAPL,2028-01-21,P,190.0,2.27,231.0,2.49,243.0,0.3511,1136.0,144.0,-0.038,0.0006,0.3293,-0.0113,-0.1829,2.3563,-0.14,2.3,2.35,2.3,up,2.35,2026-09-21T12:59:38,-5.62249,2.49000000953674,339.465,2026-09-21 19:44:12,2026-09-21 15:45:04
AAPL,AAPL280121P00195000,AAPL,2028-01-21,P,195.0,2.57,30.0,2.78,259.0,0.3473,1214.0,24.0,-0.0423,0.0007,0.3583,-0.0122,-0.2026,2.6323,-0.26,2.58,2.62,2.58,down,2.6,2026-09-21T13:02:37,-9.09091,2.85999989509582,339.465,2026-09-21 19:44:12,2026-09-21 15:45:04
AAPL,AAPL280121P00200000,AAPL,2028-01-21,P,200.0,2.83,175.0,3.05,215.0,0.3424,2945.0,4.0,-0.0467,0.0007,0.3895,-0.0131,-0.2244,2.9263,-0.25,3.05,3.05,2.9,down,2.9,2026-09-21T13:12:08,-7.93651,3.14999997615814,339.465,2026-09-21 19:44:12,2026-09-21 15:45:04
AAPL,AAPL280121P00210000,AAPL,2028-01-21,P,210.0,3.45,164.0,3.9,186.0,0.3357,2324.0,0.0,-0.0572,0.0009,0.4555,-0.015,-0.272,3.6189,0.0,0.0,0.0,0.0,down,3.87,2026-09-18T15:50:26,0.0,3.875,339.465,2026-09-21 19:44:12,2026-09-21 15:45:04
AAPL,AAPL280121P00220000,AAPL,2028-01-21,P,220.0,4.3,231.0,4.6,202.0,0.3273,5680.0,13.0,-0.0694,0.0011,0.5287,-0.0172,-0.329,4.4513,-0.325,4.6,4.6,4.4,up,4.45,2026-09-21T15:20:33,-6.80628,4.77500009536743,339.465,2026-09-21 19:44:12,2026-09-21 15:45:04
AAPL,AAPL280121P00230000,AAPL,2028-01-21,P,230.0,5.25,252.0,5.6,210.0,0.3204,4096.0,12.0,-0.0837,0.0012,0.608,-0.0194,-0.3908,5.4487,-0.37,5.8,5.8,5.43,down,5.43,2026-09-21T14:05:46,-6.37931,5.79999995231628,339.465,2026-09-21 19:44:12,2026-09-21 15:45:04
AAPL,AAPL280121P00240000,AAPL,2028-01-21,P,240.0,6.5,118.0,6.75,186.0,0.3147,4810.0,2.0,-0.1001,0.0015,0.6925,-0.0218,-0.4656,6.6328,-0.205,6.92,6.92,6.92,down,6.92,2026-09-21T11:10:20,-2.87719,7.125,339.465,2026-09-21 19:44:12,2026-09-21 15:45:04
AAPL,AAPL280121P00250000,AAPL,2028-01-21,P,250.0,7.9,338.0,8.2,487.0,0.3095,11201.0,68.0,-0.1189,0.0017,0.7805,-0.0243,-0.5461,8.0321,-0.62,8.7,8.73,7.95,up,8.03,2026-09-21T14:24:46,-7.16763,8.64999961853027,339.465,2026-09-21 19:44:12,2026-09-21 15:45:04
AAPL,AAPL280121P00260000,AAPL,2028-01-21,P,260.0,9.5,342.0,9.85,390.0,0.3042,3231.0,0.0,-0.1402,0.0019,0.8738,-0.0269,-0.6368,9.6673,0.0,0.0,0.0,0.0,no_change,10.36,2026-09-18T15:49:44,0.0,10.375,339.465,2026-09-21 19:44:12,2026-09-21 15:45:04
AAPL,AAPL280121P00270000,AAPL,2028-01-21,P,270.0,11.55,47.0,11.75,355.0,0.3002,1945.0,2.0,-0.164,0.0022,0.964,-0.0295,-0.735,11.573,-0.725,11.55,11.55,11.55,down,11.55,2026-09-21T14:37:45,-5.90631,12.2750000953674,339.465,2026-09-21 19:44:12,2026-09-21 15:45:04
AAPL,AAPL280121P00280000,AAPL,2028-01-21,P,280.0,13.55,478.0,14.1,501.0,0.2956,5384.0,4.0,-0.1904,0.0025,1.0599,-0.0321,-0.8419,13.7653,-0.75,13.85,13.85,13.85,no_change,13.85,2026-09-21T12:36:03,-5.13699,14.5999999046326,339.465,2026-09-21 19:44:12,2026-09-21 15:45:04
AAPL,AAPL280121P00290000,AAPL,2028-01-21,P,290.0,15.85,598.0,16.6,517.0,0.2906,3846.0,25.0,-0.2194,0.0028,1.1462,-0.0346,-0.947,16.2807,-1.05,16.5,16.5,16.4,down,16.4,2026-09-21T14:11:00,-6.01719,17.4499998092651,339.465,2026-09-21 19:44:12,2026-09-21 15:45:04
AAPL,AAPL280121P00300000,AAPL,2028-01-21,P,300.0,19.0,188.0,19.8,430.0,0.2896,2186.0,68.0,-0.251,0.003,1.2326,-0.037,-1.0662,19.1343,-1.13,19.65,19.65,19.17,no_change,19.27,2026-09-21T14:48:23,-5.53921,20.3999996185303,339.465,2026-09-21 19:44:12,2026-09-21 15:45:04
AAPL,AAPL280121P00310000,AAPL,2028-01-21,P,310.0,21.9,548.0,23.1,577.0,0.2851,4564.0,2.0,-0.285,0.0033,1.3072,-0.0393,-1.1761,22.3541,-1.35,22.8,22.8,22.4,down,22.4,2026-09-21T13:45:24,-5.68421,23.75,339.465,2026-09-21 19:44:12,2026-09-21 15:45:04
AAPL,AAPL280121P00320000,AAPL,2028-01-21,P,320.0,25.5,551.0,26.6,666.0,0.2816,1740.0,21.0,-0.3213,0.0036,1.3753,-0.0414,-1.2941,25.9589,-1.1,26.04,26.2,25.95,up,26.2,2026-09-21T14:11:48,-4.0293,27.3000001907349,339.465,2026-09-21 19:44:12,2026-09-21 15:45:04
AAPL,AAPL280121P00330000,AAPL,2028-01-21,P,330.0,29.7,289.0,30.35,429.0,0.2785,4506.0,0.0,-0.3597,0.0039,1.4286,-0.0432,-1.4002,29.9627,0.0,0.0,0.0,0.0,down,32.52,2026-09-18T10:15:12,0.0,31.3499994277954,339.465,2026-09-21 19:44:12,2026-09-21 15:45:04
AAPL,AAPL280121P00340000,AAPL,2028-01-21,P,340.0,33.9,10.0,34.75,141.0,0.2749,742.0,0.0,-0.4001,0.0041,1.4691,-0.0448,-1.5076,34.388,0.0,0.0,0.0,0.0,down,35.93,2026-09-18T15:50:02,0.0,36.1999988555908,339.465,2026-09-21 19:44:12,2026-09-21 15:45:04
AAPL,AAPL280121P00350000,AAPL,2028-01-21,P,350.0,38.45,604.0,39.6,511.0,0.2717,615.0,6.0,-0.4421,0.0044,1.4924,-0.0462,-1.5931,39.2342,-1.6,39.55,39.55,39.55,down,39.55,2026-09-21T12:17:55,-3.88821,41.1499996185303,339.465,2026-09-21 19:44:12,2026-09-21 15:45:04
AAPL,AAPL280121P00360000,AAPL,2028-01-21,P,360.0,44.3,80.0,44.85,204.0,0.2713,313.0,4.0,-0.4855,0.0046,1.4978,-0.0473,-1.6707,44.5236,-1.725,44.8,44.8,44.8,down,44.8,2026-09-21T12:17:55,-3.70768,46.5249996185303,339.465,2026-09-21 19:44:12,2026-09-21 15:45:04
AAPL,AAPL280121P00370000,AAPL,2028-01-21,P,370.0,49.9,107.0,50.55,110.0,0.2689,366.0,6.0,-0.5299,0.0048,1.4841,-0.048,-1.713,50.2444,-1.775,50.5,50.5,50.5,down,50.5,2026-09-21T12:17:55,-3.3955,52.2749996185303,339.465,2026-09-21 19:44:12,2026-09-21 15:45:04
AAPL,AAPL280121P00380000,AAPL,2028-01-21,P,380.0,55.5,393.0,56.65,9.0,0.2649,298.0,12.0,-0.5753,0.0049,1.449,-0.0485,-1.7518,56.414,-2.0,56.65,56.65,56.65,down,56.65,2026-09-21T12:17:55,-3.41006,58.6499996185303,339.465,2026-09-21 19:44:12,2026-09-21 15:45:04
AAPL,AAPL280121P00390000,AAPL,2028-01-21,P,390.0,62.55,136.0,63.2,10.0,0.2647,160.0,11.0,-0.6211,0.0051,1.3936,-0.0487,-1.7234,63.0133,-1.8,63.2,63.2,63.2,down,63.2,2026-09-21T12:17:55,-2.76923,65.0,339.465,2026-09-21 19:44:12,2026-09-21 15:45:04
AAPL,AAPL280121P00400000,AAPL,2028-01-21,P,400.0,69.2,304.0,71.45,573.0,0.2665,228.0,14.0,-0.6672,0.0052,1.3157,-0.0487,-1.7008,70.0515,-2.785,70.34,70.34,70.34,down,70.34,2026-09-21T14:47:01,-3.80855,73.125,339.465,2026-09-21 19:44:12,2026-09-21 15:45:04
AAPL,AAPL280121P00410000,AAPL,2028-01-21,P,410.0,76.3,321.0,78.85,329.0,0.2638,5.0,0.0,-0.7134,0.0054,1.2187,-0.0485,-1.5848,77.5049,0.0,0.0,0.0,0.0,up,98.29,2026-08-19T13:31:41,0.0,80.2750015258789,339.465,2026-09-21 19:44:12,2026-09-21 15:45:04
AAPL,AAPL280121P00420000,AAPL,2028-01-21,P,420.0,84.1,363.0,86.7,344.0,0.2623,3.0,0.0,-0.7595,0.0054,1.1014,-0.048,-1.503,85.3792,0.0,0.0,0.0,0.0,down,90.79,2026-09-16T11:17:42,0.0,88.5250015258789,339.465,2026-09-21 19:44:12,2026-09-21 15:45:04
AAPL,AAPL280121P00430000,AAPL,2028-01-21,P,430.0,93.0,95.0,95.35,336.0,0.2668,2.0,0.0,-0.8059,0.0056,0.9656,-0.0479,-1.3188,93.6441,0.0,0.0,0.0,0.0,up,115.35,2026-08-31T11:34:40,0.0,96.8499984741211,339.465,2026-09-21 19:44:12,2026-09-21 15:45:04
AAPL,AAPL280121P00440000,AAPL,2028-01-21,P,440.0,101.7,89.0,104.05,327.0,0.2677,0.0,0.0,-0.8504,0.0056,0.7897,-0.0465,-1.1464,102.3081,0.0,0.0,0.0,0.0,up,138.11,2026-07-31T09:36:00,0.0,105.800003051758,339.465,2026-09-21 19:44:12,2026-09-21 15:45:04
AAPL,AAPL280121P00450000,AAPL,2028-01-21,P,450.0,110.8,31.0,113.2,137.0,0.2707,0.0,0.0,-0.8988,0.0059,0.5887,-0.0477,-0.8758,111.3574,0.0,0.0,0.0,0.0,up,146.4,2026-07-31T15:05:42,0.0,115.0,339.465,2026-09-21 19:44:12,2026-09-21 15:45:04
AAPL,AAPL280121P00460000,AAPL,2028-01-21,P,460.0,120.3,20.0,122.75,125.0,0.2765,20.0,0.0,-0.938,0.0056,0.4297,-0.043,-0.5055,120.7046,0.0,0.0,0.0,0.0,no_change,126.05,2026-09-11T10:48:41,0.0,124.400001525879,339.465,2026-09-21 19:44:12,2026-09-21 15:45:04
AAPL,AAPL280121P00470000,AAPL,2028-01-21,P,470.0,129.65,7.0,132.55,126.0,0.2818,0.0,0.0,-0.9673,0.0035,0.0707,-0.0488,0.0,130.5357,0.0,0.0,0.0,0.0,up,139.6,2026-07-16T10:38:22,0.0,134.275001525879,339.465,2026-09-21 19:44:12,2026-09-21 15:45:04
AAPL,AAPL280121P00480000,AAPL,2028-01-21,P,480.0,139.65,7.0,142.55,88.0,0.2945,0.0,0.0,-0.9885,0.0012,0.0,-0.0488,0.0,140.5357,0.0,0.0,0.0,0.0,no_change,0.0,,0.0,144.25,339.465,2026-09-21 19:44:12,2026-09-21 15:45:04
AAPL,AAPL280121P00490000,AAPL,2028-01-21,P,490.0,149.35,11.0,152.55,88.0,0.3035,0.0,0.0,-1.0,0.0,0.0,-0.0488,0.0,150.5357,0.0,0.0,0.0,0.0,no_change,0.0,,0.0,153.974998474121,339.465,2026-09-21 19:44:12,2026-09-21 15:45:04
AAPL,AAPL280121P00500000,AAPL,2028-01-21,P,500.0,158.95,83.0,162.55,92.0,0.3102,0.0,0.0,-1.0,0.0,0.0,-0.0488,0.0,160.5357,0.0,0.0,0.0,0.0,up,167.23,2026-09-11T14:27:55,0.0,163.925003051758,339.465,2026-09-21 19:44:12,2026-09-21 15:45:04
AAPL,AAPL280121P00510000,AAPL,2028-01-21,P,510.0,168.95,87.0,172.55,92.0,0.3217,0.0,0.0,-1.0,0.0,0.0,-0.0488,0.0,170.5357,0.0,0.0,0.0,0.0,no_change,0.0,,0.0,173.925003051758,339.465,2026-09-21 19:44:12,2026-09-21 15:45:04
AAPL,AAPL280121P00520000,AAPL,2028-01-21,P,520.0,178.8,88.0,182.55,92.0,0.3303,0.0,0.0,-1.0,0.0,0.0,-0.0488,0.0,180.5357,0.0,0.0,0.0,0.0,no_change,0.0,,0.0,183.875,339.465,2026-09-21 19:44:12,2026-09-21 15:45:04
AAPL,AAPL280121P00530000,AAPL,2028-01-21,P,530.0,189.05,13.0,192.55,92.0,0.3454,0.0,0.0,-1.0,0.0,0.0,-0.0488,0.0,190.5357,0.0,0.0,0.0,0.0,up,253.67,2025-11-25T09:30:10,0.0,193.875,339.465,2026-09-21 19:44:12,2026-09-21 15:45:04
AAPL,AAPL280121P00540000,AAPL,2028-01-21,P,540.0,199.05,10.0,202.55,92.0,0.3561,0.0,0.0,-1.0,0.0,0.0,-0.0488,0.0,200.5357,0.0,0.0,0.0,0.0,no_change,0.0,,0.0,204.099998474121,339.465,2026-09-21 19:44:12,2026-09-21 15:45:04
AAPL,AAPL280121P00550000,AAPL,2028-01-21,P,550.0,209.05,13.0,212.55,92.0,0.3666,0.0,0.0,-1.0,0.0,0.0,-0.0488,0.0,210.5357,0.0,0.0,0.0,0.0,no_change,0.0,,0.0,214.050003051758,339.465,2026-09-21 19:44:12,2026-09-21 15:45:04
AAPL,AAPL280121P00560000,AAPL,2028-01-21,P,560.0,219.25,13.0,222.55,92.0,0.3796,0.0,0.0,-1.0,0.0,0.0,-0.0488,0.0,220.5357,0.0,0.0,0.0,0.0,no_change,0.0,,0.0,224.099998474121,339.465,2026-09-21 19:44:12,2026-09-21 15:45:04
AAPL,AAPL280121P00570000,AAPL,2028-01-21,P,570.0,229.25,7.0,232.55,87.0,0.3897,0.0,0.0,-1.0,0.0,0.0,-0.0488,0.0,230.5357,0.0,0.0,0.0,0.0,no_change,0.0,,0.0,234.099998474121,339.465,2026-09-21 19:44:12,2026-09-21 15:45:04
AAPL,AAPL280121P00580000,AAPL,2028-01-21,P,580.0,239.25,8.0,242.55,85.0,0.3995,0.0,0.0,-1.0,0.0,0.0,-0.0488,0.0,240.5357,0.0,0.0,0.0,0.0,no_change,0.0,,0.0,244.025001525879,339.465,2026-09-21 19:44:12,2026-09-21 15:45:04
AAPL,AAPL280121P00590000,AAPL,2028-01-21,P,590.0,249.25,6.0,252.55,22.0,0.4091,5.0,0.0,-1.0,0.0,0.0,-0.0488,0.0,250.5357,0.0,0.0,0.0,0.0,down,250.37,2026-07-28T14:00:38,0.0,254.099998474121,339.465,2026-09-21 19:44:12,2026-09-21 15:45:04
AAPL,AAPL280121P00600000,AAPL,2028-01-21,P,600.0,259.25,2.0,262.55,22.0,0.4186,0.0,0.0,-1.0,0.0,0.0,-0.0488,0.0,260.5357,0.0,0.0,0.0,0.0,up,264.41,2026-07-27T09:42:03,0.0,264.100006103516,339.465,2026-09-21 19:44:12,2026-09-21 15:45:04
AAPL,AAPL280317C00100000,AAPL,2028-03-17,C,100.0,243.5,81.0,247.35,10.0,0.3787,741.0,94.0,0.9956,0.0001,0.0604,0.0,1.3629,245.7027,0.3,239.3,242.8,239.3,no_change,242.8,2026-09-21T10:06:37,0.123711,242.5,339.465,2026-09-21 19:44:12,2026-09-21 15:45:04
AAPL,AAPL280317C00105000,AAPL,2028-03-17,C,105.0,238.5,80.0,242.95,10.0,0.0,23.0,0.0,0.9949,0.0001,0.0679,0.0,1.4285,241.1147,0.0,0.0,0.0,0.0,down,231.1,2026-09-15T11:48:01,0.0,237.75,339.465,2026-09-21 19:44:12,2026-09-21 15:45:04
AAPL,AAPL280317C00110000,AAPL,2028-03-17,C,110.0,234.0,82.0,238.5,11.0,0.3874,44.0,2.0,0.9941,0.0001,0.0763,0.0,1.4934,236.5323,2.25,235.5,235.5,235.5,up,235.5,2026-09-21T12:17:13,0.96463,233.25,339.465,2026-09-21 19:44:12,2026-09-21 15:45:04
AAPL,AAPL280317C00115000,AAPL,2028-03-17,C,115.0,229.5,81.0,233.85,11.0,0.388,17.0,2.0,0.9932,0.0001,0.0856,0.0,1.5575,231.9558,2.25,231.35,231.35,231.0,down,231.0,2026-09-21T13:01:19,0.983607,228.75,339.465,2026-09-21 19:44:12,2026-09-21 15:45:04
AAPL,AAPL280317C00120000,AAPL,2028-03-17,C,120.0,225.0,80.0,229.2,10.0,0.3856,35.0,0.0,0.9922,0.0001,0.0957,0.0,1.6208,227.386,0.0,0.0,0.0,0.0,down,203.75,2026-09-08T12:22:29,0.0,224.25,339.465,2026-09-21 19:44:12,2026-09-21 15:45:04
AAPL,AAPL280317C00125000,AAPL,2028-03-17,C,125.0,220.5,80.0,224.5,10.0,0.3776,20.0,1.0,0.9911,0.0001,0.1067,0.0,1.6835,222.8237,2.51,222.26,222.26,222.26,up,222.26,2026-09-21T12:22:36,1.14221,219.75,339.465,2026-09-21 19:44:12,2026-09-21 15:45:04
AAPL,AAPL280317C00130000,AAPL,2028-03-17,C,130.0,216.0,81.0,220.05,10.0,0.3857,75.0,0.0,0.9899,0.0002,0.1187,0.0,1.7454,218.2696,0.0,0.0,0.0,0.0,up,190.95,2026-09-09T13:42:02,0.0,215.25,339.465,2026-09-21 19:44:12,2026-09-21 15:45:04
AAPL,AAPL280317C00135000,AAPL,2028-03-17,C,135.0,211.5,99.0,215.8,10.0,0.3975,191.0,0.0,0.9885,0.0002,0.1318,0.0,1.8065,213.7244,0.0,0.0,0.0,0.0,up,189.95,2026-09-08T12:11:40,0.0,210.75,339.465,2026-09-21 19:44:12,2026-09-21 15:45:04
AAPL,AAPL280317C00140000,AAPL,2028-03-17,C,140.0,207.0,80.0,210.85,5.0,0.376,51.0,0.0,0.987,0.0002,0.1463,0.0,1.8666,209.1893,0.0,0.0,0.0,0.0,up,208.11,2026-09-18T09:30:01,0.0,206.074996948242,339.465,2026-09-21 19:44:12,2026-09-21 15:45:04
AAPL,AAPL280317C00145000,AAPL,2028-03-17,C,145.0,202.5,80.0,206.45,10.0,0.3779,127.0,0.0,0.9854,0.0002,0.1617,0.0,1.9256,204.6653,0.0,0.0,0.0,0.0,no_change,181.05,2026-09-08T12:26:33,0.0,201.75,339.465,2026-09-21 19:44:12,2026-09-21 15:45:04
AAPL,AAPL280317C00150000,AAPL,2028-03-17,C,150.0,198.0,96.0,202.0,6.0,0.3757,245.0,0.0,0.9835,0.0003,0.1783,0.0,1.9838,200.1534,0.0,0.0,0.0,0.0,down,190.3,2026-09-15T11:52:12,0.0,197.25,339.465,2026-09-21 19:44:12,2026-09-21 15:45:04
AAPL,AAPL280317C00155000,AAPL,2028-03-17,C,155.0,193.5,80.0,197.5,6.0,0.371,27.0,0.0,0.9814,0.0003,0.1964,0.0,2.0407,195.6548,0.0,0.0,0.0,0.0,up,190.65,2026-09-14T14:13:12,0.0,192.5,339.465,2026-09-21 19:44:12,2026-09-21 15:45:04
AAPL,AAPL280317C00160000,AAPL,2028-03-17,C,160.0,189.0,137.0,192.6,21.0,0.3546,175.0,0.0,0.9792,0.0003,0.216,0.0,2.0963,191.1708,0.0,0.0,0.0,0.0,up,186.15,2026-09-14T14:13:12,0.0,188.25,339.465,2026-09-21 19:44:12,2026-09-21 15:45:04
AAPL,AAPL280317C00165000,AAPL,2028-03-17,C,165.0,184.5,142.0,187.85,15.0,0.343,1204.0,4.0,0.9767,0.0004,0.237,0.0,2.1504,186.7029,0.05,184.85,184.87,183.8,down,183.8,2026-09-21T10:12:23,0.0272109,183.75,339.465,2026-09-21 19:44:12,2026-09-21 15:45:04
AAPL,AAPL280317C00170000,AAPL,2028-03-17,C,170.0,180.0,119.0,183.95,20.0,0.3525,26.0,0.0,0.974,0.0004,0.2591,0.0,2.2032,182.2525,0.0,0.0,0.0,0.0,down,177.7,2026-09-14T13:48:41,0.0,179.175003051758,339.465,2026-09-21 19:44:12,2026-09-21 15:45:04
AAPL,AAPL280317C00175000,AAPL,2028-03-17,C,175.0,175.75,134.0,179.2,28.0,0.3461,98.0,0.0,0.971,0.0004,0.283,0.0,2.2546,177.8209,0.0,0.0,0.0,0.0,up,173.2,2026-09-14T14:30:18,0.0,174.75,339.465,2026-09-21 19:44:12,2026-09-21 15:45:04
AAPL,AAPL280317C00180000,AAPL,2028-03-17,C,180.0,171.0,138.0,174.85,20.0,0.3375,39.0,0.0,0.9678,0.0005,0.3087,0.0,2.3039,173.41,0.0,0.0,0.0,0.0,up,167.45,2026-09-16T12:06:58,0.0,170.25,339.465,2026-09-21 19:44:12,2026-09-21 15:45:04
AAPL,AAPL280317C00185000,AAPL,2028-03-17,C,185.0,166.55,113.0,170.3,20.0,0.3309,8.0,0.0,0.9642,0.0006,0.3358,0.0,2.3514,169.0217,0.0,0.0,0.0,0.0,up,144.2,2026-08-20T15:30:34,0.0,165.849998474121,339.465,2026-09-21 19:44:12,2026-09-21 15:45:04
AAPL,AAPL280317C00190000,AAPL,2028-03-17,C,190.0,163.1,337.0,166.0,34.0,0.3435,505.0,0.0,0.9603,0.0006,0.3641,0.0,2.3972,164.6578,0.0,0.0,0.0,0.0,down,155.75,2026-09-15T14:54:55,0.0,161.425003051758,339.465,2026-09-21 19:44:12,2026-09-21 15:45:04
AAPL,AAPL280317C00195000,AAPL,2028-03-17,C,195.0,158.7,107.0,161.5,20.0,0.3367,57.0,0.0,0.9561,0.0007,0.3942,0.0,2.441,160.3198,0.0,0.0,0.0,0.0,up,152.3,2026-09-15T09:57:08,0.0,157.0,339.465,2026-09-21 19:44:12,2026-09-21 15:45:04
AAPL,AAPL280317C00200000,AAPL,2028-03-17,C,200.0,154.6,336.0,156.6,36.0,0.3286,194.0,0.0,0.9516,0.0007,0.4263,0.0,2.4824,156.01,0.0,0.0,0.0,0.0,up,152.49,2026-09-18T15:29:08,0.0,153.0,339.465,2026-09-21 19:44:12,2026-09-21 15:45:04
AAPL,AAPL280317C00210000,AAPL,2028-03-17,C,210.0,145.6,431.0,147.85,10.0,0.3152,126.0,1.0,0.9414,0.0009,0.4944,0.0,2.558,147.4849,-2.425,141.5,141.5,141.5,up,141.5,2026-09-21T09:48:54,-1.68491,143.925003051758,339.465,2026-09-21 19:44:12,2026-09-21 15:45:04
AAPL,AAPL280317C00220000,AAPL,2028-03-17,C,220.0,137.35,389.0,140.0,40.0,0.3174,201.0,0.0,0.9295,0.001,0.5688,0.0,2.6238,139.099,0.0,0.0,0.0,0.0,up,134.0,2026-09-17T11:17:03,0.0,135.724998474121,339.465,2026-09-21 19:44:12,2026-09-21 15:45:04
AAPL,AAPL280317C00230000,AAPL,2028-03-17,C,230.0,129.45,480.0,131.25,80.0,0.3107,572.0,114.0,0.916,0.0012,0.6483,-0.0021,2.6778,130.8732,2.255,125.85,130.38,125.45,up,130.38,2026-09-21T15:03:04,1.76,128.124996185303,339.465,2026-09-21 19:44:12,2026-09-21 15:45:04
AAPL,AAPL280317C00240000,AAPL,2028-03-17,C,240.0,121.5,347.0,123.2,33.0,0.3069,479.0,0.0,0.9006,0.0014,0.7327,-0.0052,2.7206,122.8258,0.0,0.0,0.0,0.0,up,120.1,2026-09-18T15:23:30,0.0,120.125,339.465,2026-09-21 19:44:12,2026-09-21 15:45:04
AAPL,AAPL280317C00250000,AAPL,2028-03-17,C,250.0,112.75,398.0,115.55,52.0,0.298,624.0,0.0,0.8833,0.0015,0.8205,-0.0084,2.7499,114.9793,0.0,0.0,0.0,0.0,up,112.32,2026-09-18T15:29:08,0.0,112.050003051758,339.465,2026-09-21 19:44:12,2026-09-21 15:45:04
AAPL,AAPL280317C00260000,AAPL,2028-03-17,C,260.0,106.45,317.0,108.05,179.0,0.3026,744.0,2.0,0.864,0.0017,0.9107,-0.0116,2.7669,107.3517,1.95,104.45,106.4,104.45,up,106.4,2026-09-21T15:19:39,1.86693,104.449996948242,339.465,2026-09-21 19:44:12,2026-09-21 15:45:04
AAPL,AAPL280317C00270000,AAPL,2028-03-17,C,270.0,97.95,496.0,100.8,213.0,0.2934,709.0,13.0,0.8428,0.002,1.0018,-0.0147,2.7694,99.9654,1.025,99.05,99.58,98.25,down,98.25,2026-09-21T14:17:38,1.05426,97.2249984741211,339.465,2026-09-21 19:44:12,2026-09-21 15:45:04
AAPL,AAPL280317C00280000,AAPL,2028-03-17,C,280.0,92.05,269.0,93.7,223.0,0.2958,1174.0,2.0,0.8197,0.0022,1.0922,-0.0178,2.7593,92.8363,1.57,91.2,92.07,91.2,up,92.07,2026-09-21T14:48:34,1.73481,90.5,339.465,2026-09-21 19:44:12,2026-09-21 15:45:04
AAPL,AAPL280317C00290000,AAPL,2028-03-17,C,290.0,84.05,388.0,86.35,23.0,0.285,726.0,0.0,0.7947,0.0024,1.1804,-0.0207,2.7345,85.9847,0.0,0.0,0.0,0.0,up,84.51,2026-09-17T15:27:18,0.0,83.3499984741211,339.465,2026-09-21 19:44:12,2026-09-21 15:45:04
AAPL,AAPL280317C00300000,AAPL,2028-03-17,C,300.0,78.15,352.0,80.05,152.0,0.2858,2320.0,12.0,0.768,0.0026,1.2645,-0.0234,2.698,79.4231,1.575,75.0,79.4,75.0,up,79.4,2026-09-21T12:38:48,2.02377,77.8250007629394,339.465,2026-09-21 19:44:12,2026-09-21 15:45:04
AAPL,AAPL280317C00310000,AAPL,2028-03-17,C,310.0,71.45,379.0,73.45,11.0,0.2799,1637.0,0.0,0.7398,0.0028,1.3434,-0.026,2.6474,73.1675,0.0,0.0,0.0,0.0,down,71.1,2026-09-18T14:59:16,0.0,70.9000015258789,339.465,2026-09-21 19:44:12,2026-09-21 15:45:04
AAPL,AAPL280317C00320000,AAPL,2028-03-17,C,320.0,66.2,379.0,67.85,131.0,0.281,807.0,4.0,0.7102,0.0029,1.4149,-0.0283,2.587,67.2255,1.25,65.6,66.53,65.6,down,66.2,2026-09-21T14:27:01,1.92456,64.9500007629394,339.465,2026-09-21 19:44:12,2026-09-21 15:45:04
AAPL,AAPL280317C00330000,AAPL,2028-03-17,C,330.0,60.65,359.0,62.2,93.0,0.2785,743.0,1.0,0.6795,0.0031,1.4786,-0.0304,2.5139,61.608,1.675,61.1,61.1,61.1,up,61.1,2026-09-21T13:27:23,2.81868,59.4249992370606,339.465,2026-09-21 19:44:12,2026-09-21 15:45:04
AAPL,AAPL280317C00340000,AAPL,2028-03-17,C,340.0,55.4,433.0,57.25,115.0,0.2774,1140.0,1.0,0.6479,0.0032,1.5324,-0.0321,2.4338,56.3168,1.795,56.07,56.07,56.07,up,56.07,2026-09-21T12:42:03,3.30723,54.2749996185303,339.465,2026-09-21 19:44:12,2026-09-21 15:45:04
AAPL,AAPL280317C00350000,AAPL,2028-03-17,C,350.0,50.5,525.0,52.2,369.0,0.2752,4336.0,4.0,0.6156,0.0034,1.5765,-0.0336,2.3427,51.3564,1.1,49.1,51.03,49.1,down,50.95,2026-09-21T14:49:30,2.20662,49.8500003814697,339.465,2026-09-21 19:44:12,2026-09-21 15:45:04
AAPL,AAPL280317C00360000,AAPL,2028-03-17,C,360.0,45.6,582.0,47.25,80.0,0.2714,762.0,0.0,0.5831,0.0034,1.6097,-0.0348,2.2481,46.7235,0.0,0.0,0.0,0.0,up,44.73,2026-09-18T13:13:31,0.0,44.8999996185303,339.465,2026-09-21 19:44:12,2026-09-21 15:45:04
AAPL,AAPL280317C00370000,AAPL,2028-03-17,C,370.0,40.9,728.0,43.55,524.0,0.2703,743.0,1.0,0.5504,0.0035,1.632,-0.0356,2.1448,42.4153,1.7,42.55,42.55,42.55,up,42.55,2026-09-21T15:28:23,4.16157,40.8500003814697,339.465,2026-09-21 19:44:12,2026-09-21 15:45:04
AAPL,AAPL280317C00380000,AAPL,2028-03-17,C,380.0,37.2,549.0,39.05,255.0,0.268,641.0,0.0,0.5179,0.0036,1.6436,-0.0361,2.041,38.4249,0.0,0.0,0.0,0.0,no_change,37.54,2026-09-17T13:35:28,0.0,37.125,339.465,2026-09-21 19:44:12,2026-09-21 15:45:04
AAPL,AAPL280317C00390000,AAPL,2028-03-17,C,390.0,34.05,518.0,35.75,322.0,0.2693,297.0,0.0,0.4858,0.0036,1.6443,-0.0364,1.9318,34.7419,0.0,0.0,0.0,0.0,down,34.02,2026-09-17T13:59:14,0.0,33.4750003814697,339.465,2026-09-21 19:44:12,2026-09-21 15:45:04
AAPL,AAPL280317C00400000,AAPL,2028-03-17,C,400.0,30.75,707.0,31.7,22.0,0.2662,899.0,2.0,0.4544,0.0036,1.6352,-0.0363,1.8237,31.3574,0.55,31.2,31.2,31.2,up,31.2,2026-09-21T12:57:06,1.79445,30.6499996185303,339.465,2026-09-21 19:44:12,2026-09-21 15:45:04
AAPL,AAPL280317C00410000,AAPL,2028-03-17,C,410.0,27.4,319.0,28.5,8.0,0.264,1107.0,15.0,0.4238,0.0036,1.6166,-0.0361,1.7146,28.2548,0.83,28.23,28.23,28.23,no_change,28.23,2026-09-21T12:54:58,3.02919,27.4000005722046,339.465,2026-09-21 19:44:12,2026-09-21 15:45:04
AAPL,AAPL280317C00420000,AAPL,2028-03-17,C,420.0,24.85,736.0,25.7,13.0,0.2639,664.0,6.0,0.3942,0.0035,1.5892,-0.0356,1.6062,25.4238,1.1,25.35,25.4,25.19,up,25.4,2026-09-21T13:17:26,4.52675,24.3000001907349,339.465,2026-09-21 19:44:12,2026-09-21 15:45:04
AAPL,AAPL280317C00430000,AAPL,2028-03-17,C,430.0,21.9,694.0,23.35,188.0,0.2625,471.0,2.0,0.3658,0.0034,1.5551,-0.0348,1.5017,22.8451,0.505,22.75,22.75,22.63,down,22.63,2026-09-21T11:55:07,2.28249,22.125,339.465,2026-09-21 19:44:12,2026-09-21 15:45:04
AAPL,AAPL280317C00440000,AAPL,2028-03-17,C,440.0,20.05,378.0,20.9,73.0,0.263,350.0,7.0,0.3386,0.0034,1.5132,-0.034,1.3975,20.5052,0.75,20.45,20.45,20.31,up,20.35,2026-09-21T15:08:08,3.82653,19.5999994277954,339.465,2026-09-21 19:44:12,2026-09-21 15:45:04
AAPL,AAPL280317C00450000,AAPL,2028-03-17,C,450.0,17.9,551.0,18.75,49.0,0.2621,786.0,46.0,0.3128,0.0033,1.4669,-0.033,1.2996,18.3872,0.45,18.5,18.5,18.05,up,18.2,2026-09-21T15:08:44,2.53521,17.75,339.465,2026-09-21 19:44:12,2026-09-21 15:45:04
AAPL,AAPL280317C00460000,AAPL,2028-03-17,C,460.0,15.9,556.0,16.9,257.0,0.2614,133.0,7.0,0.2884,0.0031,1.4156,-0.0318,1.204,16.4734,0.25,16.4,16.4,16.25,down,16.25,2026-09-21T11:55:44,1.5625,16.0,339.465,2026-09-21 19:44:12,2026-09-21 15:45:04
AAPL,AAPL280317C00470000,AAPL,2028-03-17,C,470.0,14.35,281.0,15.1,123.0,0.2613,237.0,0.0,0.2655,0.003,1.3604,-0.0306,1.1129,14.7504,0.0,0.0,0.0,0.0,down,13.5,2026-09-17T09:48:40,0.0,14.1500000953674,339.465,2026-09-21 19:44:12,2026-09-21 15:45:04
AAPL,AAPL280317C00480000,AAPL,2028-03-17,C,480.0,12.95,479.0,13.75,524.0,0.2623,67.0,5.0,0.244,0.0029,1.3039,-0.0293,1.0283,13.1999,0.3,13.1,13.1,13.1,up,13.1,2026-09-21T15:08:09,2.34375,12.8000001907349,339.465,2026-09-21 19:44:12,2026-09-21 15:45:04
AAPL,AAPL280317C00490000,AAPL,2028-03-17,C,490.0,11.3,505.0,12.3,280.0,0.2608,96.0,0.0,0.2238,0.0028,1.2445,-0.028,0.9462,11.8083,0.0,0.0,0.0,0.0,down,11.15,2026-09-17T11:59:29,0.0,11.4499998092651,339.465,2026-09-21 19:44:12,2026-09-21 15:45:04
AAPL,AAPL280317C00500000,AAPL,2028-03-17,C,500.0,10.3,107.0,10.85,67.0,0.2608,416.0,0.0,0.2052,0.0026,1.1845,-0.0266,0.8707,10.5621,0.0,0.0,0.0,0.0,no_change,9.69,2026-09-15T10:51:24,0.0,10.2750000953674,339.465,2026-09-21 19:44:12,2026-09-21 15:45:04
AAPL,AAPL280317C00510000,AAPL,2028-03-17,C,510.0,9.15,86.0,9.9,66.0,0.2612,268.0,0.0,0.1878,0.0025,1.1253,-0.0253,0.8004,9.4457,0.0,0.0,0.0,0.0,no_change,8.32,2026-09-02T11:03:57,0.0,9.2999997138977,339.465,2026-09-21 19:44:12,2026-09-21 15:45:04
AAPL,AAPL280317C00520000,AAPL,2028-03-17,C,520.0,8.0,161.0,8.8,62.0,0.26,169.0,0.0,0.1718,0.0024,1.0651,-0.0239,0.7334,8.4486,0.0,0.0,0.0,0.0,up,8.72,2026-09-17T15:20:49,0.0,8.12499976158142,339.465,2026-09-21 19:44:12,2026-09-21 15:45:04
AAPL,AAPL280317C00530000,AAPL,2028-03-17,C,530.0,7.05,189.0,7.8,61.0,0.2591,213.0,0.0,0.1571,0.0022,1.0064,-0.0226,0.6727,7.5589,0.0,0.0,0.0,0.0,up,7.68,2026-09-17T09:30:01,0.0,7.32500004768372,339.465,2026-09-21 19:44:12,2026-09-21 15:45:04
AAPL,AAPL280317C00540000,AAPL,2028-03-17,C,540.0,6.55,320.0,7.05,228.0,0.261,102.0,0.0,0.1435,0.0021,0.9498,-0.0213,0.6165,6.7646,0.0,0.0,0.0,0.0,up,6.75,2026-09-14T11:29:02,0.0,6.60000014305115,339.465,2026-09-21 19:44:12,2026-09-21 15:45:04
AAPL,AAPL280317C00550000,AAPL,2028-03-17,C,550.0,5.8,422.0,6.25,136.0,0.2604,1564.0,3.0,0.131,0.002,0.8938,-0.02,0.5635,6.057,0.3,5.97,6.15,5.97,up,6.15,2026-09-21T11:35:14,5.12821,5.84999990463257,339.465,2026-09-21 19:44:12,2026-09-21 15:45:04
AAPL,AAPL280317C00560000,AAPL,2028-03-17,C,560.0,5.05,351.0,5.7,282.0,0.2603,149.0,0.0,0.1196,0.0018,0.84,-0.0188,0.5157,5.4274,0.0,0.0,0.0,0.0,down,5.15,2026-09-16T15:28:40,0.0,5.35000014305115,339.465,2026-09-21 19:44:12,2026-09-21 15:45:04
AAPL,AAPL280317C00570000,AAPL,2028-03-17,C,570.0,4.5,166.0,5.15,66.0,0.2606,34.0,0.0,0.1092,0.0017,0.7892,-0.0177,0.4722,4.8662,0.0,0.0,0.0,0.0,down,5.0,2026-09-16T09:30:00,0.0,4.79999995231628,339.465,2026-09-21 19:44:12,2026-09-21 15:45:04
AAPL,AAPL280317C00580000,AAPL,2028-03-17,C,580.0,4.1,222.0,4.5,23.0,0.2606,121.0,0.0,0.0997,0.0016,0.7402,-0.0166,0.4314,4.367,0.0,0.0,0.0,0.0,down,4.65,2026-09-11T15:11:53,0.0,4.29999995231628,339.465,2026-09-21 19:44:12,2026-09-21 15:45:04
AAPL,AAPL280317C00590000,AAPL,2028-03-17,C,590.0,3.75,287.0,4.05,76.0,0.2615,213.0,0.0,0.0911,0.0015,0.693,-0.0155,0.3943,3.9233,0.0,0.0,0.0,0.0,down,3.65,2026-09-10T11:34:38,0.0,3.97499990463257,339.465,2026-09-21 19:44:12,2026-09-21 15:45:04
AAPL,AAPL280317C00600000,AAPL,2028-03-17,C,600.0,3.2,465.0,3.65,64.0,0.2606,639.0,1.0,0.0832,0.0014,0.6491,-0.0145,0.3611,3.5284,-0.1,3.4,3.4,3.4,down,3.4,2026-09-21T13:44:04,-2.85714,3.5,339.465,2026-09-21 19:44:12,2026-09-21 15:45:04
AAPL,AAPL280317P00100000,AAPL,2028-03-17,P,100.0,0.1,614.0,0.56,590.0,0.4576,562.0,0.0,-0.005,0.0001,0.0611,-0.0024,-0.0281,0.3398,0.0,0.0,0.0,0.0,no_change,0.35,2026-09-14T09:40:20,0.0,0.325000006705523,339.465,2026-09-21 19:44:12,2026-09-21 15:45:04
AAPL,AAPL280317P00105000,AAPL,2028-03-17,P,105.0,0.1,646.0,0.63,632.0,0.447,123.0,0.0,-0.0057,0.0001,0.0688,-0.0026,-0.0321,0.3855,0.0,0.0,0.0,0.0,no_change,0.45,2026-08-28T14:05:25,0.0,0.360000003129244,339.465,2026-09-21 19:44:12,2026-09-21 15:45:04
AAPL,AAPL280317P00110000,AAPL,2028-03-17,P,110.0,0.21,573.0,0.63,548.0,0.4388,18.0,0.0,-0.0065,0.0001,0.0778,-0.0029,-0.0367,0.4392,0.0,0.0,0.0,0.0,up,0.48,2026-09-10T10:16:16,0.0,0.425000011920929,339.465,2026-09-21 19:44:12,2026-09-21 15:45:04
AAPL,AAPL280317P00115000,AAPL,2028-03-17,P,115.0,0.21,706.0,0.77,621.0,0.4322,431.0,0.0,-0.0074,0.0001,0.0874,-0.0032,-0.0417,0.497,0.0,0.0,0.0,0.0,no_change,0.82,2026-08-20T14:59:42,0.0,0.479999996721745,339.465,2026-09-21 19:44:12,2026-09-21 15:45:04
AAPL,AAPL280317P00120000,AAPL,2028-03-17,P,120.0,0.46,83.0,0.76,566.0,0.4302,132.0,0.0,-0.0084,0.0001,0.0976,-0.0035,-0.0474,0.5617,0.0,0.0,0.0,0.0,down,0.5,2026-09-18T09:32:12,0.0,0.535000011324882,339.465,2026-09-21 19:44:12,2026-09-21 15:45:04
AAPL,AAPL280317P00125000,AAPL,2028-03-17,P,125.0,0.55,28.0,0.67,10.0,0.4152,17.0,0.0,-0.0096,0.0001,0.1088,-0.0039,-0.0535,0.6339,0.0,0.0,0.0,0.0,down,0.66,2026-09-18T09:30:15,0.0,0.615000009536743,339.465,2026-09-21 19:44:12,2026-09-21 15:45:04
AAPL,AAPL280317P00130000,AAPL,2028-03-17,P,130.0,0.61,20.0,0.77,45.0,0.4085,120.0,0.0,-0.0108,0.0002,0.121,-0.0042,-0.06,0.7111,0.0,0.0,0.0,0.0,up,0.75,2026-09-17T15:55:00,0.0,0.7049999833107,339.465,2026-09-21 19:44:12,2026-09-21 15:45:04
AAPL,AAPL280317P00135000,AAPL,2028-03-17,P,135.0,0.74,52.0,1.02,633.0,0.4097,127.0,1.0,-0.0122,0.0002,0.1345,-0.0046,-0.0678,0.8001,-0.015,0.8,0.8,0.8,down,0.8,2026-09-21T15:03:50,-1.84049,0.815000027418136,339.465,2026-09-21 19:44:12,2026-09-21 15:45:04
AAPL,AAPL280317P00140000,AAPL,2028-03-17,P,140.0,0.83,67.0,1.17,499.0,0.4038,237.0,0.0,-0.0138,0.0002,0.1492,-0.0051,-0.0765,0.9016,0.0,0.0,0.0,0.0,up,1.05,2026-09-15T14:14:20,0.0,0.930000007152557,339.465,2026-09-21 19:44:12,2026-09-21 15:45:04
AAPL,AAPL280317P00145000,AAPL,2028-03-17,P,145.0,0.77,519.0,1.26,479.0,0.3909,122.0,0.0,-0.0155,0.0002,0.165,-0.0056,-0.0857,1.0145,0.0,0.0,0.0,0.0,down,1.04,2026-09-18T14:30:33,0.0,0.944999992847443,339.465,2026-09-21 19:44:12,2026-09-21 15:45:04
AAPL,AAPL280317P00150000,AAPL,2028-03-17,P,150.0,1.08,276.0,1.4,550.0,0.3908,718.0,1.0,-0.0174,0.0003,0.1822,-0.006,-0.0958,1.1368,0.005,1.3,1.3,1.3,up,1.3,2026-09-21T09:37:46,0.386099,1.2950000166893,339.465,2026-09-21 19:44:12,2026-09-21 15:45:04
AAPL,AAPL280317P00155000,AAPL,2028-03-17,P,155.0,1.23,134.0,1.56,523.0,0.3853,135.0,0.0,-0.0196,0.0003,0.2014,-0.0066,-0.108,1.2772,0.0,0.0,0.0,0.0,down,1.53,2026-09-15T15:32:09,0.0,1.4549999833107,339.465,2026-09-21 19:44:12,2026-09-21 15:45:04
AAPL,AAPL280317P00160000,AAPL,2028-03-17,P,160.0,1.38,14.0,1.57,22.0,0.376,131.0,0.0,-0.0219,0.0003,0.2213,-0.0072,-0.1207,1.4312,0.0,0.0,0.0,0.0,up,1.88,2026-09-04T15:53:33,0.0,1.55000001192093,339.465,2026-09-21 19:44:12,2026-09-21 15:45:04
AAPL,AAPL280317P00165000,AAPL,2028-03-17,P,165.0,1.36,309.0,1.71,16.0,0.3663,599.0,0.0,-0.0244,0.0004,0.242,-0.0078,-0.1336,1.5972,0.0,0.0,0.0,0.0,up,1.85,2026-09-14T14:29:45,0.0,1.71499997377396,339.465,2026-09-21 19:44:12,2026-09-21 15:45:04
AAPL,AAPL280317P00170000,AAPL,2028-03-17,P,170.0,1.55,301.0,2.07,223.0,0.3651,220.0,0.0,-0.0273,0.0004,0.2651,-0.0084,-0.1486,1.7851,0.0,0.0,0.0,0.0,no_change,1.94,2026-09-17T13:48:14,0.0,1.8299999833107,339.465,2026-09-21 19:44:12,2026-09-21 15:45:04
AAPL,AAPL280317P00175000,AAPL,2028-03-17,P,175.0,1.87,27.0,2.12,14.0,0.3595,889.0,0.0,-0.0304,0.0005,0.2903,-0.0091,-0.1661,1.993,0.0,0.0,0.0,0.0,up,2.17,2026-09-17T13:48:14,0.0,2.16499996185303,339.465,2026-09-21 19:44:12,2026-09-21 15:45:04
AAPL,AAPL280317P00180000,AAPL,2028-03-17,P,180.0,1.99,345.0,2.35,16.0,0.3532,224.0,0.0,-0.0338,0.0005,0.3165,-0.0098,-0.1842,2.2231,0.0,0.0,0.0,0.0,down,2.47,2026-09-17T10:10:30,0.0,2.39999997615814,339.465,2026-09-21 19:44:12,2026-09-21 15:45:04
AAPL,AAPL280317P00185000,AAPL,2028-03-17,P,185.0,2.45,35.0,2.6,63.0,0.3519,148.0,2.0,-0.0376,0.0006,0.3445,-0.0106,-0.2033,2.4813,-0.13,2.52,2.54,2.52,up,2.54,2026-09-21T12:59:11,-4.86891,2.66999995708466,339.465,2026-09-21 19:44:12,2026-09-21 15:45:04
AAPL,AAPL280317P00190000,AAPL,2028-03-17,P,190.0,2.73,24.0,2.84,22.0,0.3474,249.0,4.0,-0.0416,0.0006,0.3734,-0.0114,-0.2239,2.7555,-0.145,2.8,2.83,2.8,up,2.83,2026-09-21T12:59:11,-4.87395,2.97499990463257,339.465,2026-09-21 19:44:12,2026-09-21 15:45:04
AAPL,AAPL280317P00195000,AAPL,2028-03-17,P,195.0,2.99,118.0,3.2,110.0,0.3434,315.0,1.0,-0.046,0.0007,0.4055,-0.0122,-0.2483,3.0619,0.25,3.5,3.5,3.5,down,3.5,2026-09-21T10:12:40,7.69231,3.25,339.465,2026-09-21 19:44:12,2026-09-21 15:45:04
AAPL,AAPL280317P00200000,AAPL,2028-03-17,P,200.0,3.3,22.0,3.55,32.0,0.3393,2214.0,0.0,-0.0509,0.0008,0.4385,-0.0131,-0.2737,3.4032,0.0,0.0,0.0,0.0,down,3.52,2026-09-16T14:36:17,0.0,3.625,339.465,2026-09-21 19:44:12,2026-09-21 15:45:04
AAPL,AAPL280317P00210000,AAPL,2028-03-17,P,210.0,4.05,85.0,4.4,75.0,0.3326,1236.0,0.0,-0.0617,0.0009,0.5088,-0.015,-0.328,4.177,0.0,0.0,0.0,0.0,down,4.75,2026-09-18T10:14:29,0.0,4.54999995231628,339.465,2026-09-21 19:44:12,2026-09-21 15:45:04
AAPL,AAPL280317P00220000,AAPL,2028-03-17,P,220.0,4.95,103.0,5.2,10.0,0.3246,597.0,0.0,-0.0743,0.0011,0.5862,-0.017,-0.3941,5.1009,0.0,0.0,0.0,0.0,down,6.13,2026-09-11T10:51:33,0.0,5.45000004768372,339.465,2026-09-21 19:44:12,2026-09-21 15:45:04
AAPL,AAPL280317P00230000,AAPL,2028-03-17,P,230.0,6.05,16.0,6.35,36.0,0.3193,805.0,1.0,-0.0887,0.0012,0.6683,-0.0191,-0.4642,6.1876,0.08,6.68,6.68,6.68,down,6.68,2026-09-21T09:45:19,1.21212,6.59999990463257,339.465,2026-09-21 19:44:12,2026-09-21 15:45:04
AAPL,AAPL280317P00240000,AAPL,2028-03-17,P,240.0,7.35,152.0,7.7,226.0,0.3142,597.0,10.0,-0.1053,0.0014,0.756,-0.0213,-0.5486,7.475,-0.475,7.98,8.4,7.5,down,7.5,2026-09-21T14:24:46,-5.95611,7.97500014305115,339.465,2026-09-21 19:44:12,2026-09-21 15:45:04
AAPL,AAPL280317P00250000,AAPL,2028-03-17,P,250.0,8.75,224.0,9.15,120.0,0.3081,698.0,4.0,-0.1241,0.0017,0.8473,-0.0236,-0.636,8.979,-0.48,9.73,9.73,9.07,no_change,9.07,2026-09-21T14:10:24,-5.02618,9.5499997138977,339.465,2026-09-21 19:44:12,2026-09-21 15:45:04
AAPL,AAPL280317P00260000,AAPL,2028-03-17,P,260.0,10.55,206.0,11.0,348.0,0.3043,626.0,2.0,-0.1452,0.0019,0.9415,-0.026,-0.7377,10.7246,-0.68,10.85,10.85,10.82,down,10.82,2026-09-21T12:59:12,-5.91304,11.5,339.465,2026-09-21 19:44:12,2026-09-21 15:45:04
AAPL,AAPL280317P00270000,AAPL,2028-03-17,P,270.0,12.5,200.0,12.95,74.0,0.2993,539.0,0.0,-0.1686,0.0021,1.0352,-0.0284,-0.8402,12.7355,0.0,0.0,0.0,0.0,up,17.4,2026-09-08T09:30:00,0.0,13.4749999046326,339.465,2026-09-21 19:44:12,2026-09-21 15:45:04
AAPL,AAPL280317P00280000,AAPL,2028-03-17,P,280.0,14.85,79.0,15.3,136.0,0.2958,655.0,0.0,-0.1944,0.0024,1.1291,-0.0308,-0.9545,15.0347,0.0,0.0,0.0,0.0,up,16.37,2026-09-17T13:10:05,0.0,15.9249997138977,339.465,2026-09-21 19:44:12,2026-09-21 15:45:04
AAPL,AAPL280317P00290000,AAPL,2028-03-17,P,290.0,17.45,131.0,18.3,507.0,0.2936,661.0,3.0,-0.2225,0.0026,1.2178,-0.0331,-1.069,17.6461,-0.875,18.5,18.5,17.65,down,17.65,2026-09-21T12:58:30,-4.72334,18.5249996185303,339.465,2026-09-21 19:44:12,2026-09-21 15:45:04
AAPL,AAPL280317P00300000,AAPL,2028-03-17,P,300.0,20.4,13.0,21.1,458.0,0.2896,1385.0,3.0,-0.2529,0.0029,1.3025,-0.0353,-1.1912,20.5889,-1.2,20.65,20.65,20.6,down,20.6,2026-09-21T14:38:24,-5.50459,21.8000001907349,339.465,2026-09-21 19:44:12,2026-09-21 15:45:04
AAPL,AAPL280317P00310000,AAPL,2028-03-17,P,310.0,23.7,11.0,24.3,178.0,0.2861,251.0,1.0,-0.2855,0.0032,1.3781,-0.0374,-1.3115,23.8847,-1.16,24.04,24.04,24.04,down,24.04,2026-09-21T13:49:38,-4.60317,25.1999998092651,339.465,2026-09-21 19:44:12,2026-09-21 15:45:04
AAPL,AAPL280317P00320000,AAPL,2028-03-17,P,320.0,27.3,95.0,28.1,200.0,0.2834,370.0,1.0,-0.3202,0.0034,1.4452,-0.0394,-1.4332,27.5479,-1.56,27.69,27.69,27.69,down,27.69,2026-09-21T13:45:24,-5.33333,29.25,339.465,2026-09-21 19:44:12,2026-09-21 15:45:04
AAPL,AAPL280317P00330000,AAPL,2028-03-17,P,330.0,31.35,123.0,32.25,227.0,0.2811,135.0,1.0,-0.3568,0.0037,1.4991,-0.0411,-1.5441,31.5965,-1.635,31.74,31.74,31.74,down,31.74,2026-09-21T13:49:38,-4.89888,33.375,339.465,2026-09-21 19:44:12,2026-09-21 15:45:04
AAPL,AAPL280317P00340000,AAPL,2028-03-17,P,340.0,35.3,448.0,36.8,284.0,0.2774,40.0,0.0,-0.3951,0.0039,1.54,-0.0427,-1.6538,36.0389,0.0,0.0,0.0,0.0,down,37.6,2026-09-18T09:35:24,0.0,37.6999988555908,339.465,2026-09-21 19:44:12,2026-09-21 15:45:04
AAPL,AAPL280317P00350000,AAPL,2028-03-17,P,350.0,40.65,90.0,41.45,499.0,0.2762,281.0,15.0,-0.4349,0.0041,1.5654,-0.044,-1.7427,40.8897,-1.45,41.15,41.2,41.15,up,41.2,2026-09-21T15:11:47,-3.39976,42.6499996185303,339.465,2026-09-21 19:44:12,2026-09-21 15:45:04
AAPL,AAPL280317P00360000,AAPL,2028-03-17,P,360.0,45.85,160.0,46.85,159.0,0.2745,275.0,0.0,-0.4761,0.0043,1.5721,-0.0451,-1.8213,46.1483,0.0,0.0,0.0,0.0,no_change,47.85,2026-09-17T15:15:12,0.0,48.1000003814697,339.465,2026-09-21 19:44:12,2026-09-21 15:45:04
AAPL,AAPL280317P00370000,AAPL,2028-03-17,P,370.0,51.5,92.0,53.3,232.0,0.2751,26.0,13.0,-0.5183,0.0045,1.562,-0.046,-1.8768,51.8287,-1.82,52.38,52.38,52.38,down,52.38,2026-09-21T14:21:27,-3.35793,54.2000007629394,339.465,2026-09-21 19:44:12,2026-09-21 15:45:04
AAPL,AAPL280317P00380000,AAPL,2028-03-17,P,380.0,57.35,158.0,59.2,270.0,0.2721,64.0,0.0,-0.5614,0.0047,1.5304,-0.0466,-1.8889,57.92,0.0,0.0,0.0,0.0,no_change,62.65,2026-09-11T11:38:28,0.0,60.0749988555908,339.465,2026-09-21 19:44:12,2026-09-21 15:45:04
AAPL,AAPL280317P00390000,AAPL,2028-03-17,P,390.0,63.2,216.0,65.7,297.0,0.2685,61.0,0.0,-0.6051,0.0049,1.4836,-0.047,-1.8968,64.4309,0.0,0.0,0.0,0.0,down,68.07,2026-09-18T11:24:46,0.0,66.9000015258789,339.465,2026-09-21 19:44:12,2026-09-21 15:45:04
AAPL,AAPL280317P00400000,AAPL,2028-03-17,P,400.0,70.9,147.0,72.65,373.0,0.2701,1.0,0.0,-0.6491,0.005,1.4119,-0.0471,-1.8407,71.3447,0.0,0.0,0.0,0.0,down,100.82,2026-07-31T10:03:42,0.0,74.0250015258789,339.465,2026-09-21 19:44:12,2026-09-21 15:45:04
AAPL,AAPL280317P00410000,AAPL,2028-03-17,P,410.0,78.4,7.0,80.25,171.0,0.2708,6.0,0.0,-0.6937,0.0052,1.3276,-0.0472,-1.7965,78.6708,0.0,0.0,0.0,0.0,down,88.0,2026-07-17T12:00:30,0.0,81.3999977111816,339.465,2026-09-21 19:44:12,2026-09-21 15:45:04
AAPL,AAPL280317P00420000,AAPL,2028-03-17,P,420.0,85.55,151.0,88.05,352.0,0.2684,64.0,0.0,-0.7384,0.0053,1.2199,-0.0473,-1.6904,86.3802,0.0,0.0,0.0,0.0,no_change,88.81,2026-09-18T15:56:31,0.0,89.4749984741211,339.465,2026-09-21 19:44:12,2026-09-21 15:45:04
AAPL,AAPL280317P00430000,AAPL,2028-03-17,P,430.0,93.3,358.0,96.55,414.0,0.2679,62.0,3.0,-0.7835,0.0054,1.0676,-0.0474,-1.5521,94.5061,-2.375,95.3,95.3,95.3,down,95.3,2026-09-21T14:48:31,-2.43153,97.6749992370606,339.465,2026-09-21 19:44:12,2026-09-21 15:45:04
AAPL,AAPL280317P00440000,AAPL,2028-03-17,P,440.0,102.6,8.0,104.8,330.0,0.2712,0.0,0.0,-0.8274,0.0055,0.9076,-0.0477,-1.3459,102.9869,0.0,0.0,0.0,0.0,down,127.25,2026-08-06T10:14:08,0.0,106.0,339.465,2026-09-21 19:44:12,2026-09-21 15:45:04
AAPL,AAPL280317P00450000,AAPL,2028-03-17,P,450.0,110.8,304.0,113.85,322.0,0.2695,3.0,0.0,-0.8733,0.0057,0.7154,-0.0466,-0.9932,111.8465,0.0,0.0,0.0,0.0,up,120.63,2026-09-15T12:37:17,0.0,115.024997711182,339.465,2026-09-21 19:44:12,2026-09-21 15:45:04
AAPL,AAPL280317P00460000,AAPL,2028-03-17,P,460.0,120.45,20.0,122.85,144.0,0.2728,0.0,0.0,-0.9164,0.0058,0.5747,-0.0454,-0.7441,121.0237,0.0,0.0,0.0,0.0,down,201.55,2026-04-06T15:36:53,0.0,124.424999237061,339.465,2026-09-21 19:44:12,2026-09-21 15:45:04
AAPL,AAPL280317P00470000,AAPL,2028-03-17,P,470.0,129.65,28.0,132.6,119.0,0.2768,0.0,0.0,-0.9505,0.0049,0.3385,-0.0414,-0.0987,130.5455,0.0,0.0,0.0,0.0,no_change,0.0,,0.0,134.399993896484,339.465,2026-09-21 19:44:12,2026-09-21 15:45:04
AAPL,AAPL280317P00480000,AAPL,2028-03-17,P,480.0,139.6,6.0,143.0,116.0,0.2923,0.0,0.0,-0.9748,0.0025,0.0,-0.0496,0.0,140.5357,0.0,0.0,0.0,0.0,up,148.0,2026-07-24T13:13:07,0.0,143.849998474121,339.465,2026-09-21 19:44:12,2026-09-21 15:45:04
AAPL,AAPL280317P00490000,AAPL,2028-03-17,P,490.0,149.25,11.0,153.0,88.0,0.3011,0.0,0.0,-0.9925,0.0008,0.0,-0.0496,0.0,150.5357,0.0,0.0,0.0,0.0,down,209.65,2026-02-06T09:52:18,0.0,153.599998474121,339.465,2026-09-21 19:44:12,2026-09-21 15:45:04
AAPL,AAPL280317P00500000,AAPL,2028-03-17,P,500.0,159.2,8.0,163.0,90.0,0.3122,0.0,0.0,-1.0,0.0,0.0,-0.0496,0.0,160.5357,0.0,0.0,0.0,0.0,no_change,0.0,,0.0,164.0,339.465,2026-09-21 19:44:12,2026-09-21 15:45:04
AAPL,AAPL280317P00510000,AAPL,2028-03-17,P,510.0,169.5,7.0,173.0,87.0,0.3266,0.0,0.0,-1.0,0.0,0.0,-0.0496,0.0,170.5357,0.0,0.0,0.0,0.0,no_change,0.0,,0.0,174.025001525879,339.465,2026-09-21 19:44:12,2026-09-21 15:45:04
AAPL,AAPL280317P00520000,AAPL,2028-03-17,P,520.0,179.5,2.0,183.0,85.0,0.3377,0.0,0.0,-1.0,0.0,0.0,-0.0496,0.0,180.5357,0.0,0.0,0.0,0.0,no_change,0.0,,0.0,184.0,339.465,2026-09-21 19:44:12,2026-09-21 15:45:04
AAPL,AAPL280317P00530000,AAPL,2028-03-17,P,530.0,188.8,81.0,193.0,83.0,0.3405,0.0,0.0,-1.0,0.0,0.0,-0.0496,0.0,190.5357,0.0,0.0,0.0,0.0,no_change,0.0,,0.0,194.0,339.465,2026-09-21 19:44:12,2026-09-21 15:45:04
AAPL,AAPL280317P00540000,AAPL,2028-03-17,P,540.0,199.0,13.0,203.0,95.0,0.3534,0.0,0.0,-1.0,0.0,0.0,-0.0496,0.0,200.5357,0.0,0.0,0.0,0.0,no_change,0.0,,0.0,203.849998474121,339.465,2026-09-21 19:44:12,2026-09-21 15:45:04
AAPL,AAPL280317P00550000,AAPL,2028-03-17,P,550.0,209.2,13.0,213.0,84.0,0.366,0.0,0.0,-1.0,0.0,0.0,-0.0496,0.0,210.5357,0.0,0.0,0.0,0.0,up,277.5,2025-12-31T12:39:47,0.0,213.974998474121,339.465,2026-09-21 19:44:12,2026-09-21 15:45:04
AAPL,AAPL280317P00560000,AAPL,2028-03-17,P,560.0,219.05,13.0,223.0,82.0,0.3742,0.0,0.0,-1.0,0.0,0.0,-0.0496,0.0,220.5357,0.0,0.0,0.0,0.0,no_change,0.0,,0.0,223.925003051758,339.465,2026-09-21 19:44:12,2026-09-21 15:45:04
AAPL,AAPL280317P00570000,AAPL,2028-03-17,P,570.0,229.2,2.0,233.0,78.0,0.3858,0.0,0.0,-1.0,0.0,0.0,-0.0496,0.0,230.5357,0.0,0.0,0.0,0.0,no_change,0.0,,0.0,233.75,339.465,2026-09-21 19:44:12,2026-09-21 15:45:04
AAPL,AAPL280317P00580000,AAPL,2028-03-17,P,580.0,239.0,7.0,243.0,83.0,0.3929,0.0,0.0,-1.0,0.0,0.0,-0.0496,0.0,240.5357,0.0,0.0,0.0,0.0,no_change,0.0,,0.0,244.025001525879,339.465,2026-09-21 19:44:12,2026-09-21 15:45:04
AAPL,AAPL280317P00590000,AAPL,2028-03-17,P,590.0,248.65,10.0,253.0,83.0,0.3971,0.0,0.0,-1.0,0.0,0.0,-0.0496,0.0,250.5357,0.0,0.0,0.0,0.0,no_change,0.0,,0.0,254.025001525879,339.465,2026-09-21 19:44:12,2026-09-21 15:45:04
AAPL,AAPL280317P00600000,AAPL,2028-03-17,P,600.0,259.0,11.0,263.0,83.0,0.4115,0.0,0.0,-1.0,0.0,0.0,-0.0496,0.0,260.5357,0.0,0.0,0.0,0.0,no_change,0.0,,0.0,263.75,339.465,2026-09-21 19:44:12,2026-09-21 15:45:04
AAPL,AAPL280616C00050000,AAPL,2028-06-16,C,50.0,290.0,77.0,295.0,2.0,0.6445,0.0,0.0,0.9997,0.0,0.0196,0.0,0.7503,292.3038,0.0,0.0,0.0,0.0,no_change,0.0,,0.0,0.0,339.465,2026-09-21 19:44:12,2026-09-21 15:45:04
AAPL,AAPL280616C00055000,AAPL,2028-06-16,C,55.0,285.5,77.0,290.5,4.0,0.6367,0.0,0.0,0.9994,0.0,0.0228,0.0,0.83,287.7235,0.0,0.0,0.0,0.0,no_change,0.0,,0.0,0.0,339.465,2026-09-21 19:44:12,2026-09-21 15:45:04
AAPL,AAPL280616C00060000,AAPL,2028-06-16,C,60.0,280.5,77.0,285.5,7.0,0.361,0.0,0.0,0.999,0.0,0.0268,0.0,0.9266,283.15,0.0,0.0,0.0,0.0,no_change,0.0,,0.0,0.0,339.465,2026-09-21 19:44:12,2026-09-21 15:45:04
AAPL,AAPL280616C00065000,AAPL,2028-06-16,C,65.0,276.0,78.0,281.0,7.0,0.4836,0.0,0.0,0.9987,0.0,0.0311,0.0,1.0249,278.5918,0.0,0.0,0.0,0.0,no_change,0.0,,0.0,0.0,339.465,2026-09-21 19:44:12,2026-09-21 15:45:04
AAPL,AAPL280616C00070000,AAPL,2028-06-16,C,70.0,271.5,79.0,276.5,8.0,0.496,0.0,2.0,0.9983,0.0,0.0358,0.0,1.1094,274.0433,272.45,272.6,272.6,272.45,down,272.45,2026-09-21T14:19:42,0.0,0.0,339.465,2026-09-21 19:44:12,2026-09-21 15:45:04
AAPL,AAPL280616C00075000,AAPL,2028-06-16,C,75.0,267.0,77.0,271.75,5.0,0.4553,0.0,0.0,0.9978,0.0,0.041,0.0,1.1892,269.5002,0.0,0.0,0.0,0.0,no_change,0.0,,0.0,0.0,339.465,2026-09-21 19:44:12,2026-09-21 15:45:04
AAPL,AAPL280616C00080000,AAPL,2028-06-16,C,80.0,262.7,77.0,267.5,7.0,0.5121,0.0,0.0,0.9974,0.0,0.0468,0.0,1.2665,264.9613,0.0,0.0,0.0,0.0,no_change,0.0,,0.0,0.0,339.465,2026-09-21 19:44:12,2026-09-21 15:45:04
AAPL,AAPL280616C00085000,AAPL,2028-06-16,C,85.0,258.0,78.0,263.0,5.0,0.4876,0.0,0.0,0.9968,0.0,0.0533,0.0,1.3429,260.4266,0.0,0.0,0.0,0.0,no_change,0.0,,0.0,0.0,339.465,2026-09-21 19:44:12,2026-09-21 15:45:04
AAPL,AAPL280616C00090000,AAPL,2028-06-16,C,90.0,253.5,79.0,258.5,8.0,0.4802,0.0,2.0,0.9962,0.0001,0.0605,0.0,1.4185,255.8962,254.65,254.9,254.9,254.65,down,254.65,2026-09-21T14:57:48,0.0,0.0,339.465,2026-09-21 19:44:12,2026-09-21 15:45:04
AAPL,AAPL280616C00095000,AAPL,2028-06-16,C,95.0,249.0,78.0,253.5,6.0,0.4327,0.0,0.0,0.9956,0.0001,0.0682,0.0,1.4936,251.3708,0.0,0.0,0.0,0.0,no_change,0.0,,0.0,0.0,339.465,2026-09-21 19:44:12,2026-09-21 15:45:04
AAPL,AAPL280616C00100000,AAPL,2028-06-16,C,100.0,244.5,79.0,249.0,6.0,0.4296,0.0,4.0,0.9948,0.0001,0.0768,0.0,1.5682,246.8505,246.04,245.93,246.26,245.93,down,246.04,2026-09-21T12:46:32,0.0,0.0,339.465,2026-09-21 19:44:12,2026-09-21 15:45:04
AAPL,AAPL280616C00105000,AAPL,2028-06-16,C,105.0,240.0,78.0,244.5,6.0,0.4247,0.0,0.0,0.994,0.0001,0.0863,0.0,1.6422,242.3362,0.0,0.0,0.0,0.0,no_change,0.0,,0.0,0.0,339.465,2026-09-21 19:44:12,2026-09-21 15:45:04
AAPL,AAPL280616C00110000,AAPL,2028-06-16,C,110.0,235.5,78.0,239.85,6.0,0.4092,0.0,0.0,0.9931,0.0001,0.0967,0.0,1.7153,237.8286,0.0,0.0,0.0,0.0,no_change,0.0,,0.0,0.0,339.465,2026-09-21 19:44:12,2026-09-21 15:45:04
AAPL,AAPL280616C00115000,AAPL,2028-06-16,C,115.0,231.0,78.0,235.5,6.0,0.4121,0.0,0.0,0.9921,0.0001,0.1079,0.0,1.7878,233.3283,0.0,0.0,0.0,0.0,no_change,0.0,,0.0,0.0,339.465,2026-09-21 19:44:12,2026-09-21 15:45:04
AAPL,AAPL280616C00120000,AAPL,2028-06-16,C,120.0,226.5,78.0,231.5,2.0,0.4262,0.0,0.0,0.9909,0.0001,0.12,0.0,1.8595,228.8362,0.0,0.0,0.0,0.0,no_change,0.0,,0.0,0.0,339.465,2026-09-21 19:44:12,2026-09-21 15:45:04
AAPL,AAPL280616C00125000,AAPL,2028-06-16,C,125.0,222.0,77.0,226.5,6.0,0.3974,0.0,0.0,0.9897,0.0002,0.1334,0.0,1.9304,224.353,0.0,0.0,0.0,0.0,no_change,0.0,,0.0,0.0,339.465,2026-09-21 19:44:12,2026-09-21 15:45:04
AAPL,AAPL280616C00130000,AAPL,2028-06-16,C,130.0,217.5,77.0,222.0,6.0,0.3896,0.0,0.0,0.9883,0.0002,0.148,0.0,2.0001,219.8797,0.0,0.0,0.0,0.0,no_change,0.0,,0.0,0.0,339.465,2026-09-21 19:44:12,2026-09-21 15:45:04
AAPL,AAPL280616C00135000,AAPL,2028-06-16,C,135.0,213.0,78.0,217.5,6.0,0.3817,0.0,0.0,0.9867,0.0002,0.1638,0.0,2.0688,215.4176,0.0,0.0,0.0,0.0,no_change,0.0,,0.0,0.0,339.465,2026-09-21 19:44:12,2026-09-21 15:45:04
AAPL,AAPL280616C00140000,AAPL,2028-06-16,C,140.0,208.5,77.0,213.0,6.0,0.3738,0.0,0.0,0.985,0.0002,0.1805,0.0,2.1364,210.9676,0.0,0.0,0.0,0.0,no_change,0.0,,0.0,0.0,339.465,2026-09-21 19:44:12,2026-09-21 15:45:04
AAPL,AAPL280616C00145000,AAPL,2028-06-16,C,145.0,204.05,77.0,208.5,6.0,0.3673,0.0,0.0,0.9831,0.0003,0.1988,0.0,2.2029,206.5306,0.0,0.0,0.0,0.0,no_change,0.0,,0.0,0.0,339.465,2026-09-21 19:44:12,2026-09-21 15:45:04
AAPL,AAPL280616C00150000,AAPL,2028-06-16,C,150.0,200.0,80.0,204.5,6.0,0.3829,0.0,0.0,0.981,0.0003,0.2186,0.0,2.2678,202.1079,0.0,0.0,0.0,0.0,no_change,0.0,,0.0,0.0,339.465,2026-09-21 19:44:12,2026-09-21 15:45:04
AAPL,AAPL280616C00155000,AAPL,2028-06-16,C,155.0,195.5,106.0,199.65,11.0,0.3656,0.0,0.0,0.9788,0.0003,0.2398,0.0,2.3311,197.7012,0.0,0.0,0.0,0.0,no_change,0.0,,0.0,0.0,339.465,2026-09-21 19:44:12,2026-09-21 15:45:04
AAPL,AAPL280616C00160000,AAPL,2028-06-16,C,160.0,191.0,98.0,195.1,12.0,0.3555,0.0,0.0,0.9763,0.0004,0.2622,0.0,2.3931,193.3116,0.0,0.0,0.0,0.0,no_change,0.0,,0.0,0.0,339.465,2026-09-21 19:44:12,2026-09-21 15:45:04
AAPL,AAPL280616C00165000,AAPL,2028-06-16,C,165.0,186.5,110.0,190.5,20.0,0.3446,0.0,0.0,0.9735,0.0004,0.2861,0.0,2.4535,188.9404,0.0,0.0,0.0,0.0,no_change,0.0,,0.0,0.0,339.465,2026-09-21 19:44:12,2026-09-21 15:45:04
AAPL,AAPL280616C00170000,AAPL,2028-06-16,C,170.0,182.5,94.0,187.0,19.0,0.3626,0.0,0.0,0.9706,0.0004,0.3118,0.0,2.512,184.5891,0.0,0.0,0.0,0.0,no_change,0.0,,0.0,0.0,339.465,2026-09-21 19:44:12,2026-09-21 15:45:04
AAPL,AAPL280616C00175000,AAPL,2028-06-16,C,175.0,178.0,103.0,181.7,20.0,0.34,0.0,0.0,0.9673,0.0005,0.3392,0.0,2.5682,180.2597,0.0,0.0,0.0,0.0,no_change,0.0,,0.0,0.0,339.465,2026-09-21 19:44:12,2026-09-21 15:45:04
AAPL,AAPL280616C00180000,AAPL,2028-06-16,C,180.0,173.5,110.0,177.75,16.0,0.3396,0.0,0.0,0.9638,0.0005,0.3677,0.0,2.6226,175.9537,0.0,0.0,0.0,0.0,no_change,0.0,,0.0,0.0,339.465,2026-09-21 19:44:12,2026-09-21 15:45:04
AAPL,AAPL280616C00185000,AAPL,2028-06-16,C,185.0,169.5,105.0,173.45,17.0,0.3401,0.0,0.0,0.96,0.0006,0.3977,0.0,2.6752,171.6727,0.0,0.0,0.0,0.0,no_change,0.0,,0.0,0.0,339.465,2026-09-21 19:44:12,2026-09-21 15:45:04
AAPL,AAPL280616C00190000,AAPL,2028-06-16,C,190.0,165.0,118.0,168.8,20.0,0.3287,0.0,0.0,0.9559,0.0006,0.4296,0.0,2.7254,167.4183,0.0,0.0,0.0,0.0,no_change,0.0,,0.0,0.0,339.465,2026-09-21 19:44:12,2026-09-21 15:45:04
AAPL,AAPL280616C00195000,AAPL,2028-06-16,C,195.0,161.0,103.0,164.95,15.0,0.3332,0.0,0.0,0.9515,0.0007,0.4632,0.0,2.7728,163.1927,0.0,0.0,0.0,0.0,no_change,0.0,,0.0,0.0,339.465,2026-09-21 19:44:12,2026-09-21 15:45:04
AAPL,AAPL280616C00200000,AAPL,2028-06-16,C,200.0,156.5,108.0,160.5,20.0,0.3241,0.0,0.0,0.9467,0.0007,0.498,0.0,2.8177,158.9982,0.0,0.0,0.0,0.0,no_change,0.0,,0.0,0.0,339.465,2026-09-21 19:44:12,2026-09-21 15:45:04
AAPL,AAPL280616C00210000,AAPL,2028-06-16,C,210.0,148.5,121.0,152.05,15.0,0.3205,0.0,0.0,0.9361,0.0009,0.5716,0.0,2.9007,150.7087,0.0,0.0,0.0,0.0,no_change,0.0,,0.0,0.0,339.465,2026-09-21 19:44:12,2026-09-21 15:45:04
AAPL,AAPL280616C00220000,AAPL,2028-06-16,C,220.0,140.0,140.0,143.8,34.0,0.3119,0.0,0.0,0.9241,0.001,0.6514,0.0,2.971,142.5665,0.0,0.0,0.0,0.0,no_change,0.0,,0.0,0.0,339.465,2026-09-21 19:44:12,2026-09-21 15:45:04
AAPL,AAPL280616C00230000,AAPL,2028-06-16,C,230.0,132.0,189.0,136.3,43.0,0.311,0.0,0.0,0.9104,0.0012,0.7347,-0.0018,3.0306,134.5886,0.0,0.0,0.0,0.0,no_change,0.0,,0.0,0.0,339.465,2026-09-21 19:44:12,2026-09-21 15:45:04
AAPL,AAPL280616C00240000,AAPL,2028-06-16,C,240.0,124.95,283.0,127.35,30.0,0.3042,0.0,2.0,0.8952,0.0013,0.823,-0.0046,3.0759,126.7918,125.9,125.95,125.95,125.9,down,125.9,2026-09-21T13:00:24,0.0,0.0,339.465,2026-09-21 19:44:12,2026-09-21 15:45:04
AAPL,AAPL280616C00250000,AAPL,2028-06-16,C,250.0,117.4,275.0,120.6,78.0,0.3055,0.0,0.0,0.8783,0.0015,0.9127,-0.0075,3.1095,119.1941,0.0,0.0,0.0,0.0,no_change,0.0,,0.0,0.0,339.465,2026-09-21 19:44:12,2026-09-21 15:45:04
AAPL,AAPL280616C00260000,AAPL,2028-06-16,C,260.0,109.95,266.0,112.7,50.0,0.2986,0.0,0.0,0.8597,0.0016,1.0053,-0.0103,3.1279,111.8108,0.0,0.0,0.0,0.0,no_change,0.0,,0.0,0.0,339.465,2026-09-21 19:44:12,2026-09-21 15:45:04
AAPL,AAPL280616C00270000,AAPL,2028-06-16,C,270.0,102.5,133.0,105.2,34.0,0.2921,0.0,5.0,0.8395,0.0018,1.0967,-0.0131,3.1339,104.6598,104.05,104.03,104.05,104.03,no_change,104.05,2026-09-21T14:48:23,0.0,0.0,339.465,2026-09-21 19:44:12,2026-09-21 15:45:04
AAPL,AAPL280616C00280000,AAPL,2028-06-16,C,280.0,95.5,145.0,99.25,103.0,0.2928,0.0,0.0,0.8178,0.002,1.1882,-0.0158,3.125,97.7535,0.0,0.0,0.0,0.0,no_change,0.0,,0.0,0.0,339.465,2026-09-21 19:44:12,2026-09-21 15:45:04
AAPL,AAPL280616C00290000,AAPL,2028-06-16,C,290.0,88.8,378.0,91.85,49.0,0.2865,0.0,0.0,0.7945,0.0022,1.2761,-0.0184,3.1034,91.1083,0.0,0.0,0.0,0.0,no_change,0.0,,0.0,0.0,339.465,2026-09-21 19:44:12,2026-09-21 15:45:04
AAPL,AAPL280616C00300000,AAPL,2028-06-16,C,300.0,82.5,121.0,85.85,78.0,0.2855,0.0,0.0,0.7698,0.0024,1.3606,-0.0208,3.0686,84.7327,0.0,0.0,0.0,0.0,no_change,0.0,,0.0,0.0,339.465,2026-09-21 19:44:12,2026-09-21 15:45:04
AAPL,AAPL280616C00310000,AAPL,2028-06-16,C,310.0,76.55,264.0,79.75,97.0,0.2834,0.0,7.0,0.7438,0.0025,1.4397,-0.0231,3.0206,78.6401,78.22,77.45,78.22,77.45,up,78.22,2026-09-21T12:14:34,0.0,0.0,339.465,2026-09-21 19:44:12,2026-09-21 15:45:04
AAPL,AAPL280616C00320000,AAPL,2028-06-16,C,320.0,71.25,231.0,74.15,109.0,0.2833,0.0,10.0,0.7168,0.0027,1.5121,-0.0252,2.9628,72.8348,72.4,72.6,72.75,72.4,down,72.4,2026-09-21T12:55:48,0.0,0.0,339.465,2026-09-21 19:44:12,2026-09-21 15:45:04
AAPL,AAPL280616C00330000,AAPL,2028-06-16,C,330.0,65.65,429.0,68.0,36.0,0.2786,0.0,4.0,0.6888,0.0028,1.5775,-0.027,2.8917,67.3255,66.16,65.62,66.16,65.62,up,66.16,2026-09-21T11:28:18,0.0,0.0,339.465,2026-09-21 19:44:12,2026-09-21 15:45:04
AAPL,AAPL280616C00340000,AAPL,2028-06-16,C,340.0,60.25,530.0,63.3,123.0,0.2775,0.0,9.0,0.6602,0.0029,1.6338,-0.0287,2.8143,62.1132,61.22,61.9,61.9,61.22,down,61.22,2026-09-21T14:22:57,0.0,0.0,339.465,2026-09-21 19:44:12,2026-09-21 15:45:04
AAPL,AAPL280616C00350000,AAPL,2028-06-16,C,350.0,55.5,423.0,57.9,2.0,0.2746,0.0,13.0,0.631,0.003,1.6817,-0.0301,2.7252,57.1996,56.1,56.25,56.8,56.1,down,56.1,2026-09-21T14:34:24,0.0,0.0,339.465,2026-09-21 19:44:12,2026-09-21 15:45:04
AAPL,AAPL280616C00360000,AAPL,2028-06-16,C,360.0,50.8,482.0,53.6,101.0,0.2736,0.0,47.0,0.6014,0.0031,1.7198,-0.0312,2.632,52.5842,51.75,51.69,51.87,51.69,no_change,51.75,2026-09-21T11:33:09,0.0,0.0,339.465,2026-09-21 19:44:12,2026-09-21 15:45:04
AAPL,AAPL280616C00370000,AAPL,2028-06-16,C,370.0,46.1,276.0,49.5,152.0,0.2715,0.0,0.0,0.5718,0.0032,1.7481,-0.0321,2.5313,48.2606,0.0,0.0,0.0,0.0,no_change,0.0,,0.0,0.0,339.465,2026-09-21 19:44:12,2026-09-21 15:45:04
AAPL,AAPL280616C00380000,AAPL,2028-06-16,C,380.0,42.8,178.0,45.25,2.0,0.2715,0.0,3.0,0.5423,0.0033,1.7668,-0.0328,2.4261,44.227,43.75,42.73,43.75,42.73,up,43.75,2026-09-21T13:44:03,0.0,0.0,339.465,2026-09-21 19:44:12,2026-09-21 15:45:04
AAPL,AAPL280616C00390000,AAPL,2028-06-16,C,390.0,40.55,10.0,41.3,58.0,0.2739,0.0,84.0,0.5131,0.0033,1.7759,-0.0333,2.3196,40.4718,40.6,40.47,40.6,40.35,up,40.6,2026-09-21T15:28:46,0.0,0.0,339.465,2026-09-21 19:44:12,2026-09-21 15:45:04
AAPL,AAPL280616C00400000,AAPL,2028-06-16,C,400.0,35.65,105.0,38.6,107.0,0.2709,0.0,0.0,0.4843,0.0033,1.7755,-0.0335,2.2077,36.9885,0.0,0.0,0.0,0.0,no_change,0.0,,0.0,0.0,339.465,2026-09-21 19:44:12,2026-09-21 15:45:04
AAPL,AAPL280616C00410000,AAPL,2028-06-16,C,410.0,32.7,147.0,34.8,9.0,0.2689,0.0,0.0,0.4561,0.0033,1.7669,-0.0335,2.0986,33.7659,0.0,0.0,0.0,0.0,no_change,0.0,,0.0,0.0,339.465,2026-09-21 19:44:12,2026-09-21 15:45:04
AAPL,AAPL280616C00420000,AAPL,2028-06-16,C,420.0,29.6,133.0,32.05,87.0,0.2683,0.0,0.0,0.4287,0.0033,1.7498,-0.0333,1.9873,30.7904,0.0,0.0,0.0,0.0,no_change,0.0,,0.0,0.0,339.465,2026-09-21 19:44:12,2026-09-21 15:45:04
AAPL,AAPL280616C00430000,AAPL,2028-06-16,C,430.0,26.85,200.0,29.05,4.0,0.2666,0.0,0.0,0.4022,0.0032,1.7251,-0.033,1.8769,28.053,0.0,0.0,0.0,0.0,no_change,0.0,,0.0,0.0,339.465,2026-09-21 19:44:12,2026-09-21 15:45:04
AAPL,AAPL280616C00440000,AAPL,2028-06-16,C,440.0,23.95,177.0,27.7,205.0,0.2682,0.0,0.0,0.3766,0.0032,1.6946,-0.0325,1.7708,25.5372,0.0,0.0,0.0,0.0,no_change,0.0,,0.0,0.0,339.465,2026-09-21 19:44:12,2026-09-21 15:45:04
AAPL,AAPL280616C00450000,AAPL,2028-06-16,C,450.0,22.15,127.0,24.35,97.0,0.266,0.0,0.0,0.352,0.0031,1.6573,-0.0319,1.6641,23.231,0.0,0.0,0.0,0.0,no_change,0.0,,0.0,0.0,339.465,2026-09-21 19:44:12,2026-09-21 15:45:04
AAPL,AAPL280616C00460000,AAPL,2028-06-16,C,460.0,20.15,86.0,22.15,32.0,0.2655,0.0,0.0,0.3286,0.0031,1.6154,-0.0311,1.5623,21.1224,0.0,0.0,0.0,0.0,no_change,0.0,,0.0,0.0,339.465,2026-09-21 19:44:12,2026-09-21 15:45:04
AAPL,AAPL280616C00470000,AAPL,2028-06-16,C,470.0,17.8,182.0,20.4,132.0,0.2643,0.0,0.0,0.3062,0.003,1.5701,-0.0303,1.4648,19.1949,0.0,0.0,0.0,0.0,no_change,0.0,,0.0,0.0,339.465,2026-09-21 19:44:12,2026-09-21 15:45:04
AAPL,AAPL280616C00480000,AAPL,2028-06-16,C,480.0,16.4,173.0,18.3,4.0,0.2639,0.0,0.0,0.2851,0.0029,1.5201,-0.0294,1.3687,17.4379,0.0,0.0,0.0,0.0,no_change,0.0,,0.0,0.0,339.465,2026-09-21 19:44:12,2026-09-21 15:45:04
AAPL,AAPL280616C00490000,AAPL,2028-06-16,C,490.0,14.95,67.0,17.2,275.0,0.2658,0.0,0.0,0.2651,0.0028,1.4681,-0.0284,1.2789,15.8387,0.0,0.0,0.0,0.0,no_change,0.0,,0.0,0.0,339.465,2026-09-21 19:44:12,2026-09-21 15:45:04
AAPL,AAPL280616C00500000,AAPL,2028-06-16,C,500.0,12.55,825.0,15.2,208.0,0.2603,0.0,37.0,0.2462,0.0027,1.4149,-0.0274,1.1937,14.3831,13.85,14.1,14.15,13.85,no_change,13.85,2026-09-21T13:12:06,0.0,0.0,339.465,2026-09-21 19:44:12,2026-09-21 15:45:04
AAPL,AAPL280616C00510000,AAPL,2028-06-16,C,510.0,12.1,172.0,14.65,278.0,0.2661,0.0,0.0,0.2285,0.0026,1.3591,-0.0263,1.1108,13.0613,0.0,0.0,0.0,0.0,no_change,0.0,,0.0,0.0,339.465,2026-09-21 19:44:12,2026-09-21 15:45:04
AAPL,AAPL280616C00520000,AAPL,2028-06-16,C,520.0,10.9,238.0,12.55,2.0,0.2626,0.0,0.0,0.2119,0.0024,1.3029,-0.0253,1.0339,11.8625,0.0,0.0,0.0,0.0,no_change,0.0,,0.0,0.0,339.465,2026-09-21 19:44:12,2026-09-21 15:45:04
AAPL,AAPL280616C00530000,AAPL,2028-06-16,C,530.0,9.6,268.0,12.25,263.0,0.2649,0.0,0.0,0.1964,0.0023,1.2476,-0.0242,0.9623,10.7747,0.0,0.0,0.0,0.0,no_change,0.0,,0.0,0.0,339.465,2026-09-21 19:44:12,2026-09-21 15:45:04
AAPL,AAPL280616C00540000,AAPL,2028-06-16,C,540.0,9.2,3.0,10.75,220.0,0.2653,0.0,0.0,0.1819,0.0022,1.1916,-0.0231,0.8932,9.7891,0.0,0.0,0.0,0.0,no_change,0.0,,0.0,0.0,339.465,2026-09-21 19:44:12,2026-09-21 15:45:04
AAPL,AAPL280616C00550000,AAPL,2028-06-16,C,550.0,8.25,194.0,9.5,4.0,0.2635,0.0,2.0,0.1685,0.0021,1.1357,-0.022,0.8289,8.8976,8.6,8.7,8.7,8.6,down,8.6,2026-09-21T13:12:21,0.0,0.0,339.465,2026-09-21 19:44:12,2026-09-21 15:45:04
AAPL,AAPL280616C00560000,AAPL,2028-06-16,C,560.0,7.2,201.0,10.4,593.0,0.2705,0.0,0.0,0.1559,0.002,1.082,-0.021,0.7701,8.0905,0.0,0.0,0.0,0.0,no_change,0.0,,0.0,0.0,339.465,2026-09-21 19:44:12,2026-09-21 15:45:04
AAPL,AAPL280616C00570000,AAPL,2028-06-16,C,570.0,6.75,30.0,7.95,9.0,0.2639,0.0,0.0,0.1443,0.0019,1.0295,-0.0199,0.7144,7.36,0.0,0.0,0.0,0.0,no_change,0.0,,0.0,0.0,339.465,2026-09-21 19:44:12,2026-09-21 15:45:04
AAPL,AAPL280616C00580000,AAPL,2028-06-16,C,580.0,5.0,844.0,7.4,292.0,0.2589,0.0,0.0,0.1336,0.0018,0.9774,-0.019,0.6617,6.7,0.0,0.0,0.0,0.0,no_change,0.0,,0.0,0.0,339.465,2026-09-21 19:44:12,2026-09-21 15:45:04
AAPL,AAPL280616C00590000,AAPL,2028-06-16,C,590.0,5.4,217.0,6.75,77.0,0.2642,0.0,0.0,0.1236,0.0017,0.9273,-0.018,0.6137,6.1038,0.0,0.0,0.0,0.0,no_change,0.0,,0.0,0.0,339.465,2026-09-21 19:44:12,2026-09-21 15:45:04
AAPL,AAPL280616C00600000,AAPL,2028-06-16,C,600.0,4.9,245.0,6.35,292.0,0.2655,0.0,0.0,0.1144,0.0016,0.8798,-0.017,0.5697,5.5643,0.0,0.0,0.0,0.0,no_change,0.0,,0.0,0.0,339.465,2026-09-21 19:44:12,2026-09-21 15:45:04
AAPL,AAPL280616C00610000,AAPL,2028-06-16,C,610.0,4.15,678.0,5.5,226.0,0.262,0.0,0.0,0.1059,0.0015,0.834,-0.0162,0.528,5.0767,0.0,0.0,0.0,0.0,no_change,0.0,,0.0,0.0,339.465,2026-09-21 19:44:12,2026-09-21 15:45:04
AAPL,AAPL280616C00620000,AAPL,2028-06-16,C,620.0,4.1,194.0,5.35,170.0,0.2667,0.0,0.0,0.0981,0.0014,0.7893,-0.0153,0.4891,4.6364,0.0,0.0,0.0,0.0,no_change,0.0,,0.0,0.0,339.465,2026-09-21 19:44:12,2026-09-21 15:45:04
AAPL,AAPL280616C00630000,AAPL,2028-06-16,C,630.0,3.65,285.0,4.6,7.0,0.2644,0.0,0.0,0.0909,0.0014,0.7468,-0.0145,0.4539,4.2387,0.0,0.0,0.0,0.0,no_change,0.0,,0.0,0.0,339.465,2026-09-21 19:44:12,2026-09-21 15:45:04
AAPL,AAPL280616C00640000,AAPL,2028-06-16,C,640.0,3.25,256.0,6.4,455.0,0.2796,0.0,0.0,0.0842,0.0013,0.7071,-0.0137,0.4217,3.8788,0.0,0.0,0.0,0.0,no_change,0.0,,0.0,0.0,339.465,2026-09-21 19:44:12,2026-09-21 15:45:04
AAPL,AAPL280616C00650000,AAPL,2028-06-16,C,650.0,3.0,301.0,4.05,28.0,0.2665,0.0,0.0,0.0781,0.0012,0.6693,-0.013,0.3914,3.5532,0.0,0.0,0.0,0.0,no_change,0.0,,0.0,0.0,339.465,2026-09-21 19:44:12,2026-09-21 15:45:04
AAPL,AAPL280616C00660000,AAPL,2028-06-16,C,660.0,2.84,154.0,3.9,229.0,0.2693,0.0,0.0,0.0725,0.0012,0.6329,-0.0123,0.3631,3.259,0.0,0.0,0.0,0.0,no_change,0.0,,0.0,0.0,339.465,2026-09-21 19:44:12,2026-09-21 15:45:04
AAPL,AAPL280616C00670000,AAPL,2028-06-16,C,670.0,2.59,217.0,3.4,24.0,0.2681,0.0,0.0,0.0673,0.0011,0.5982,-0.0116,0.3374,2.9931,0.0,0.0,0.0,0.0,no_change,0.0,,0.0,0.0,339.465,2026-09-21 19:44:12,2026-09-21 15:45:04
AAPL,AAPL280616P00050000,AAPL,2028-06-16,P,50.0,0.0,0.0,4.3,633.0,0.877,0.0,0.0,-0.0013,0.0,0.019,-0.0008,-0.0088,0.1071,0.0,0.0,0.0,0.0,no_change,0.0,,0.0,0.0,339.465,2026-09-21 19:44:12,2026-09-21 15:45:04
AAPL,AAPL280616P00055000,AAPL,2028-06-16,P,55.0,0.0,0.0,4.35,636.0,0.8352,0.0,0.0,-0.0015,0.0,0.0226,-0.0009,-0.0105,0.1266,0.0,0.0,0.0,0.0,no_change,0.0,,0.0,0.0,339.465,2026-09-21 19:44:12,2026-09-21 15:45:04
AAPL,AAPL280616P00060000,AAPL,2028-06-16,P,60.0,0.0,0.0,4.35,609.0,0.7959,0.0,0.0,-0.0018,0.0,0.0267,-0.001,-0.0126,0.1484,0.0,0.0,0.0,0.0,no_change,0.0,,0.0,0.0,339.465,2026-09-21 19:44:12,2026-09-21 15:45:04
AAPL,AAPL280616P00065000,AAPL,2028-06-16,P,65.0,0.0,0.0,4.35,634.0,0.7602,0.0,0.0,-0.0022,0.0,0.0311,-0.0012,-0.0148,0.1729,0.0,0.0,0.0,0.0,no_change,0.0,,0.0,0.0,339.465,2026-09-21 19:44:12,2026-09-21 15:45:04
AAPL,AAPL280616P00070000,AAPL,2028-06-16,P,70.0,0.0,0.0,4.4,642.0,0.7287,0.0,0.0,-0.0025,0.0,0.0359,-0.0013,-0.0172,0.2001,0.0,0.0,0.0,0.0,no_change,0.0,,0.0,0.0,339.465,2026-09-21 19:44:12,2026-09-21 15:45:04
AAPL,AAPL280616P00075000,AAPL,2028-06-16,P,75.0,0.0,0.0,2.63,678.0,0.6361,0.0,0.0,-0.003,0.0,0.0414,-0.0015,-0.02,0.2304,0.0,0.0,0.0,0.0,no_change,0.0,,0.0,0.0,339.465,2026-09-21 19:44:12,2026-09-21 15:45:04
AAPL,AAPL280616P00080000,AAPL,2028-06-16,P,80.0,0.0,0.0,2.65,658.0,0.6114,0.0,0.0,-0.0034,0.0,0.0476,-0.0017,-0.0232,0.2642,0.0,0.0,0.0,0.0,no_change,0.0,,0.0,0.0,339.465,2026-09-21 19:44:12,2026-09-21 15:45:04
AAPL,AAPL280616P00085000,AAPL,2028-06-16,P,85.0,0.0,0.0,0.5,558.0,0.4629,0.0,0.0,-0.004,0.0001,0.0543,-0.0019,-0.0269,0.3021,0.0,0.0,0.0,0.0,no_change,0.0,,0.0,0.0,339.465,2026-09-21 19:44:12,2026-09-21 15:45:04
AAPL,AAPL280616P00090000,AAPL,2028-06-16,P,90.0,0.0,0.0,0.56,641.0,0.4515,0.0,0.0,-0.0046,0.0001,0.0612,-0.0021,-0.0307,0.3444,0.0,0.0,0.0,0.0,no_change,0.0,,0.0,0.0,339.465,2026-09-21 19:44:12,2026-09-21 15:45:04
AAPL,AAPL280616P00095000,AAPL,2028-06-16,P,95.0,0.13,290.0,0.42,83.0,0.4337,0.0,80.0,-0.0053,0.0001,0.0693,-0.0023,-0.0352,0.3914,0.32,0.19,0.32,0.19,up,0.32,2026-09-21T10:42:21,0.0,0.0,339.465,2026-09-21 19:44:12,2026-09-21 15:45:04
AAPL,AAPL280616P00100000,AAPL,2028-06-16,P,100.0,0.12,512.0,0.68,649.0,0.4382,0.0,0.0,-0.006,0.0001,0.0783,-0.0025,-0.0401,0.4439,0.0,0.0,0.0,0.0,no_change,0.0,,0.0,0.0,339.465,2026-09-21 19:44:12,2026-09-21 15:45:04
AAPL,AAPL280616P00105000,AAPL,2028-06-16,P,105.0,0.19,499.0,0.76,638.0,0.4323,0.0,0.0,-0.0069,0.0001,0.0882,-0.0028,-0.0456,0.5028,0.0,0.0,0.0,0.0,no_change,0.0,,0.0,0.0,339.465,2026-09-21 19:44:12,2026-09-21 15:45:04
AAPL,AAPL280616P00110000,AAPL,2028-06-16,P,110.0,0.34,104.0,0.63,139.0,0.4181,0.0,0.0,-0.0078,0.0001,0.0983,-0.0031,-0.0518,0.5688,0.0,0.0,0.0,0.0,no_change,0.0,,0.0,0.0,339.465,2026-09-21 19:44:12,2026-09-21 15:45:04
AAPL,AAPL280616P00115000,AAPL,2028-06-16,P,115.0,0.33,457.0,1.87,771.0,0.4564,0.0,0.0,-0.0089,0.0001,0.1099,-0.0034,-0.0585,0.642,0.0,0.0,0.0,0.0,no_change,0.0,,0.0,0.0,339.465,2026-09-21 19:44:12,2026-09-21 15:45:04
AAPL,AAPL280616P00120000,AAPL,2028-06-16,P,120.0,0.53,9.0,1.06,654.0,0.4187,0.0,0.0,-0.01,0.0001,0.1227,-0.0037,-0.0662,0.7223,0.0,0.0,0.0,0.0,no_change,0.0,,0.0,0.0,339.465,2026-09-21 19:44:12,2026-09-21 15:45:04
AAPL,AAPL280616P00125000,AAPL,2028-06-16,P,125.0,0.61,134.0,0.94,322.0,0.4028,0.0,0.0,-0.0113,0.0002,0.1367,-0.0041,-0.0746,0.8134,0.0,0.0,0.0,0.0,no_change,0.0,,0.0,0.0,339.465,2026-09-21 19:44:12,2026-09-21 15:45:04
AAPL,AAPL280616P00130000,AAPL,2028-06-16,P,130.0,0.0,0.0,1.29,644.0,0.3782,0.0,0.0,-0.0128,0.0002,0.1514,-0.0044,-0.0843,0.917,0.0,0.0,0.0,0.0,no_change,0.0,,0.0,0.0,339.465,2026-09-21 19:44:12,2026-09-21 15:45:04
AAPL,AAPL280616P00135000,AAPL,2028-06-16,P,135.0,0.0,0.0,2.27,793.0,0.3995,0.0,0.0,-0.0144,0.0002,0.167,-0.0048,-0.094,1.0278,0.0,0.0,0.0,0.0,no_change,0.0,,0.0,0.0,339.465,2026-09-21 19:44:12,2026-09-21 15:45:04
AAPL,AAPL280616P00140000,AAPL,2028-06-16,P,140.0,0.96,241.0,1.5,529.0,0.3914,0.0,2.0,-0.0162,0.0002,0.1849,-0.0053,-0.1052,1.1528,1.0,1.0,1.0,1.0,up,1.0,2026-09-21T13:47:11,0.0,0.0,339.465,2026-09-21 19:44:12,2026-09-21 15:45:04
AAPL,AAPL280616P00145000,AAPL,2028-06-16,P,145.0,0.95,440.0,1.88,666.0,0.3876,0.0,0.0,-0.0182,0.0003,0.2044,-0.0058,-0.1185,1.2927,0.0,0.0,0.0,0.0,no_change,0.0,,0.0,0.0,339.465,2026-09-21 19:44:12,2026-09-21 15:45:04
AAPL,AAPL280616P00150000,AAPL,2028-06-16,P,150.0,1.11,370.0,1.72,150.0,0.3749,0.0,0.0,-0.0203,0.0003,0.2241,-0.0062,-0.1324,1.4453,0.0,0.0,0.0,0.0,no_change,0.0,,0.0,0.0,339.465,2026-09-21 19:44:12,2026-09-21 15:45:04
AAPL,AAPL280616P00155000,AAPL,2028-06-16,P,155.0,1.32,368.0,2.04,508.0,0.3738,0.0,0.0,-0.0227,0.0003,0.2455,-0.0068,-0.1464,1.6179,0.0,0.0,0.0,0.0,no_change,0.0,,0.0,0.0,339.465,2026-09-21 19:44:12,2026-09-21 15:45:04
AAPL,AAPL280616P00160000,AAPL,2028-06-16,P,160.0,1.67,99.0,2.29,535.0,0.3729,0.0,0.0,-0.0253,0.0004,0.269,-0.0073,-0.1629,1.8061,0.0,0.0,0.0,0.0,no_change,0.0,,0.0,0.0,339.465,2026-09-21 19:44:12,2026-09-21 15:45:04
AAPL,AAPL280616P00165000,AAPL,2028-06-16,P,165.0,0.95,607.0,2.32,28.0,0.3475,0.0,0.0,-0.0282,0.0004,0.2947,-0.0079,-0.181,2.0144,0.0,0.0,0.0,0.0,no_change,0.0,,0.0,0.0,339.465,2026-09-21 19:44:12,2026-09-21 15:45:04
AAPL,AAPL280616P00170000,AAPL,2028-06-16,P,170.0,1.94,212.0,2.59,162.0,0.358,0.0,0.0,-0.0313,0.0004,0.3214,-0.0086,-0.2019,2.2443,0.0,0.0,0.0,0.0,no_change,0.0,,0.0,0.0,339.465,2026-09-21 19:44:12,2026-09-21 15:45:04
AAPL,AAPL280616P00175000,AAPL,2028-06-16,P,175.0,1.75,575.0,2.85,43.0,0.3471,0.0,0.0,-0.0348,0.0005,0.3484,-0.0092,-0.2214,2.4975,0.0,0.0,0.0,0.0,no_change,0.0,,0.0,0.0,339.465,2026-09-21 19:44:12,2026-09-21 15:45:04
AAPL,AAPL280616P00180000,AAPL,2028-06-16,P,180.0,2.2,442.0,3.25,276.0,0.3478,0.0,0.0,-0.0385,0.0005,0.3783,-0.0099,-0.2447,2.7743,0.0,0.0,0.0,0.0,no_change,0.0,,0.0,0.0,339.465,2026-09-21 19:44:12,2026-09-21 15:45:04
AAPL,AAPL280616P00185000,AAPL,2028-06-16,P,185.0,0.64,613.0,3.7,389.0,0.3203,0.0,0.0,-0.0425,0.0006,0.4106,-0.0106,-0.2696,3.078,0.0,0.0,0.0,0.0,no_change,0.0,,0.0,0.0,339.465,2026-09-21 19:44:12,2026-09-21 15:45:04
AAPL,AAPL280616P00190000,AAPL,2028-06-16,P,190.0,3.0,337.0,4.45,433.0,0.3487,0.0,0.0,-0.0469,0.0007,0.4446,-0.0114,-0.2962,3.4109,0.0,0.0,0.0,0.0,no_change,0.0,,0.0,0.0,339.465,2026-09-21 19:44:12,2026-09-21 15:45:04
AAPL,AAPL280616P00195000,AAPL,2028-06-16,P,195.0,1.5,426.0,4.65,399.0,0.3223,0.0,0.0,-0.0516,0.0007,0.4774,-0.0122,-0.3246,3.7757,0.0,0.0,0.0,0.0,no_change,0.0,,0.0,0.0,339.465,2026-09-21 19:44:12,2026-09-21 15:45:04
AAPL,AAPL280616P00200000,AAPL,2028-06-16,P,200.0,3.85,298.0,5.05,391.0,0.3404,0.0,0.0,-0.0566,0.0008,0.5134,-0.013,-0.3557,4.1665,0.0,0.0,0.0,0.0,no_change,0.0,,0.0,0.0,339.465,2026-09-21 19:44:12,2026-09-21 15:45:04
AAPL,AAPL280616P00210000,AAPL,2028-06-16,P,210.0,4.7,234.0,5.5,31.0,0.329,0.0,0.0,-0.0679,0.0009,0.5928,-0.0148,-0.4233,5.0659,0.0,0.0,0.0,0.0,no_change,0.0,,0.0,0.0,339.465,2026-09-21 19:44:12,2026-09-21 15:45:04
AAPL,AAPL280616P00220000,AAPL,2028-06-16,P,220.0,5.65,324.0,6.7,252.0,0.3233,0.0,0.0,-0.0809,0.0011,0.6734,-0.0166,-0.4992,6.1253,0.0,0.0,0.0,0.0,no_change,0.0,,0.0,0.0,339.465,2026-09-21 19:44:12,2026-09-21 15:45:04
AAPL,AAPL280616P00230000,AAPL,2028-06-16,P,230.0,5.9,560.0,7.95,276.0,0.3113,0.0,1.0,-0.0957,0.0012,0.7635,-0.0186,-0.5863,7.3629,8.1,8.1,8.1,8.1,up,8.1,2026-09-21T09:39:03,0.0,0.0,339.465,2026-09-21 19:44:12,2026-09-21 15:45:04
AAPL,AAPL280616P00240000,AAPL,2028-06-16,P,240.0,8.4,381.0,9.25,195.0,0.3126,0.0,0.0,-0.1124,0.0014,0.8526,-0.0206,-0.6797,8.8006,0.0,0.0,0.0,0.0,no_change,0.0,,0.0,0.0,339.465,2026-09-21 19:44:12,2026-09-21 15:45:04
AAPL,AAPL280616P00250000,AAPL,2028-06-16,P,250.0,10.15,13.0,11.0,190.0,0.309,0.0,0.0,-0.1311,0.0016,0.9489,-0.0227,-0.7844,10.4569,0.0,0.0,0.0,0.0,no_change,0.0,,0.0,0.0,339.465,2026-09-21 19:44:12,2026-09-21 15:45:04
AAPL,AAPL280616P00260000,AAPL,2028-06-16,P,260.0,12.05,134.0,12.9,222.0,0.3046,0.0,1.0,-0.1517,0.0018,1.0427,-0.0248,-0.8934,12.3551,12.5,12.5,12.5,12.5,up,12.5,2026-09-21T12:50:33,0.0,0.0,339.465,2026-09-21 19:44:12,2026-09-21 15:45:04
AAPL,AAPL280616P00270000,AAPL,2028-06-16,P,270.0,13.95,256.0,16.3,379.0,0.3048,0.0,0.0,-0.1747,0.002,1.1394,-0.027,-1.0159,14.5273,0.0,0.0,0.0,0.0,no_change,0.0,,0.0,0.0,339.465,2026-09-21 19:44:12,2026-09-21 15:45:04
AAPL,AAPL280616P00280000,AAPL,2028-06-16,P,280.0,16.5,9.0,17.9,204.0,0.298,0.0,4.0,-0.1992,0.0023,1.2312,-0.0291,-1.1355,16.9519,17.83,17.92,17.92,17.83,down,17.83,2026-09-21T11:28:18,0.0,0.0,339.465,2026-09-21 19:44:12,2026-09-21 15:45:04
AAPL,AAPL280616P00290000,AAPL,2028-06-16,P,290.0,19.05,97.0,20.6,129.0,0.2937,0.0,0.0,-0.226,0.0025,1.322,-0.0311,-1.2636,19.6878,0.0,0.0,0.0,0.0,no_change,0.0,,0.0,0.0,339.465,2026-09-21 19:44:12,2026-09-21 15:45:04
AAPL,AAPL280616P00300000,AAPL,2028-06-16,P,300.0,22.1,108.0,23.75,122.0,0.2909,0.0,0.0,-0.2548,0.0027,1.4047,-0.0331,-1.3966,22.7445,0.0,0.0,0.0,0.0,no_change,0.0,,0.0,0.0,339.465,2026-09-21 19:44:12,2026-09-21 15:45:04
AAPL,AAPL280616P00310000,AAPL,2028-06-16,P,310.0,25.5,26.0,27.25,124.0,0.2884,0.0,0.0,-0.2855,0.003,1.4817,-0.035,-1.524,26.1293,0.0,0.0,0.0,0.0,no_change,0.0,,0.0,0.0,339.465,2026-09-21 19:44:12,2026-09-21 15:45:04
AAPL,AAPL280616P00320000,AAPL,2028-06-16,P,320.0,29.2,30.0,30.85,84.0,0.2852,0.0,0.0,-0.318,0.0032,1.5487,-0.0368,-1.6511,29.8657,0.0,0.0,0.0,0.0,no_change,0.0,,0.0,0.0,339.465,2026-09-21 19:44:12,2026-09-21 15:45:04
AAPL,AAPL280616P00330000,AAPL,2028-06-16,P,330.0,32.85,241.0,35.85,358.0,0.2842,0.0,1.0,-0.3522,0.0034,1.6045,-0.0384,-1.7693,33.9565,33.92,33.92,33.92,33.92,up,33.92,2026-09-21T13:31:09,0.0,0.0,339.465,2026-09-21 19:44:12,2026-09-21 15:45:04
AAPL,AAPL280616P00340000,AAPL,2028-06-16,P,340.0,36.95,264.0,39.55,212.0,0.2786,0.0,0.0,-0.3879,0.0036,1.6475,-0.0399,-1.8891,38.4212,0.0,0.0,0.0,0.0,no_change,0.0,,0.0,0.0,339.465,2026-09-21 19:44:12,2026-09-21 15:45:04
AAPL,AAPL280616P00350000,AAPL,2028-06-16,P,350.0,42.45,21.0,44.6,150.0,0.2792,0.0,0.0,-0.425,0.0038,1.6725,-0.0413,-1.9774,43.2632,0.0,0.0,0.0,0.0,no_change,0.0,,0.0,0.0,339.465,2026-09-21 19:44:12,2026-09-21 15:45:04
AAPL,AAPL280616P00360000,AAPL,2028-06-16,P,360.0,47.35,93.0,51.0,116.0,0.2799,0.0,0.0,-0.4633,0.004,1.6851,-0.0425,-2.0622,48.486,0.0,0.0,0.0,0.0,no_change,0.0,,0.0,0.0,339.465,2026-09-21 19:44:12,2026-09-21 15:45:04
AAPL,AAPL280616P00370000,AAPL,2028-06-16,P,370.0,53.3,4.0,55.7,211.0,0.2765,0.0,0.0,-0.5028,0.0042,1.6792,-0.0436,-2.109,54.1009,0.0,0.0,0.0,0.0,no_change,0.0,,0.0,0.0,339.465,2026-09-21 19:44:12,2026-09-21 15:45:04
AAPL,AAPL280616P00380000,AAPL,2028-06-16,P,380.0,58.4,206.0,61.7,218.0,0.2724,0.0,23.0,-0.543,0.0044,1.6525,-0.0444,-2.1463,60.0998,60.25,60.63,60.63,60.25,no_change,60.25,2026-09-21T15:14:03,0.0,0.0,339.465,2026-09-21 19:44:12,2026-09-21 15:45:04
AAPL,AAPL280616P00390000,AAPL,2028-06-16,P,390.0,65.25,75.0,68.35,255.0,0.2732,0.0,0.0,-0.584,0.0046,1.6084,-0.045,-2.1412,66.49,0.0,0.0,0.0,0.0,no_change,0.0,,0.0,0.0,339.465,2026-09-21 19:44:12,2026-09-21 15:45:04
AAPL,AAPL280616P00400000,AAPL,2028-06-16,P,400.0,71.6,125.0,75.0,169.0,0.2704,0.0,0.0,-0.6254,0.0047,1.5603,-0.0455,-2.108,73.2555,0.0,0.0,0.0,0.0,no_change,0.0,,0.0,0.0,339.465,2026-09-21 19:44:12,2026-09-21 15:45:04
AAPL,AAPL280616P00410000,AAPL,2028-06-16,P,410.0,79.35,6.0,82.3,267.0,0.2718,0.0,0.0,-0.6677,0.0049,1.473,-0.0459,-2.0856,80.4117,0.0,0.0,0.0,0.0,no_change,0.0,,0.0,0.0,339.465,2026-09-21 19:44:12,2026-09-21 15:45:04
AAPL,AAPL280616P00420000,AAPL,2028-06-16,P,420.0,86.55,111.0,89.75,185.0,0.2696,0.0,0.0,-0.7101,0.005,1.3615,-0.0459,-1.9967,87.9516,0.0,0.0,0.0,0.0,no_change,0.0,,0.0,0.0,339.465,2026-09-21 19:44:12,2026-09-21 15:45:04
AAPL,AAPL280616P00430000,AAPL,2028-06-16,P,430.0,94.7,17.0,97.9,190.0,0.271,0.0,0.0,-0.7529,0.0052,1.2224,-0.0466,-1.788,95.845,0.0,0.0,0.0,0.0,no_change,0.0,,0.0,0.0,339.465,2026-09-21 19:44:12,2026-09-21 15:45:04
AAPL,AAPL280616P00440000,AAPL,2028-06-16,P,440.0,103.05,17.0,106.2,201.0,0.2715,0.0,2.0,-0.795,0.0053,1.1007,-0.0466,-1.5746,104.0955,104.15,104.45,104.45,104.15,down,104.15,2026-09-21T13:01:26,0.0,0.0,339.465,2026-09-21 19:44:12,2026-09-21 15:45:04
AAPL,AAPL280616P00450000,AAPL,2028-06-16,P,450.0,111.8,6.0,114.85,182.0,0.2725,0.0,0.0,-0.8379,0.0054,0.9559,-0.0476,-1.4204,112.6895,0.0,0.0,0.0,0.0,no_change,0.0,,0.0,0.0,339.465,2026-09-21 19:44:12,2026-09-21 15:45:04
AAPL,AAPL280616P00460000,AAPL,2028-06-16,P,460.0,120.8,53.0,123.9,320.0,0.2748,0.0,0.0,-0.8825,0.0056,0.7078,-0.0476,-1.1386,121.6814,0.0,0.0,0.0,0.0,no_change,0.0,,0.0,0.0,339.465,2026-09-21 19:44:12,2026-09-21 15:45:04
AAPL,AAPL280616P00470000,AAPL,2028-06-16,P,470.0,130.05,35.0,133.25,121.0,0.2773,0.0,0.0,-0.9208,0.0055,0.5453,-0.0449,-0.6533,130.9411,0.0,0.0,0.0,0.0,no_change,0.0,,0.0,0.0,339.465,2026-09-21 19:44:12,2026-09-21 15:45:04
AAPL,AAPL280616P00480000,AAPL,2028-06-16,P,480.0,139.0,108.0,143.0,94.0,0.2781,0.0,0.0,-0.9522,0.0044,0.3254,-0.0474,0.0,140.5357,0.0,0.0,0.0,0.0,no_change,0.0,,0.0,0.0,339.465,2026-09-21 19:44:12,2026-09-21 15:45:04
AAPL,AAPL280616P00490000,AAPL,2028-06-16,P,490.0,148.5,116.0,152.95,111.0,0.2822,0.0,0.0,-0.9745,0.0024,0.0,-0.0475,0.0,150.5357,0.0,0.0,0.0,0.0,no_change,0.0,,0.0,0.0,339.465,2026-09-21 19:44:12,2026-09-21 15:45:04
AAPL,AAPL280616P00500000,AAPL,2028-06-16,P,500.0,159.0,6.0,163.0,78.0,0.3006,0.0,0.0,-0.9908,0.0008,0.0,-0.0475,0.0,160.5357,0.0,0.0,0.0,0.0,no_change,0.0,,0.0,0.0,339.465,2026-09-21 19:44:12,2026-09-21 15:45:04
AAPL,AAPL280616P00510000,AAPL,2028-06-16,P,510.0,169.15,10.0,173.0,78.0,0.3133,0.0,0.0,-1.0,0.0,0.0,-0.0475,0.0,170.5357,0.0,0.0,0.0,0.0,no_change,0.0,,0.0,0.0,339.465,2026-09-21 19:44:12,2026-09-21 15:45:04
AAPL,AAPL280616P00520000,AAPL,2028-06-16,P,520.0,179.0,6.0,183.0,78.0,0.3218,0.0,0.0,-1.0,0.0,0.0,-0.0475,0.0,180.5357,0.0,0.0,0.0,0.0,no_change,0.0,,0.0,0.0,339.465,2026-09-21 19:44:12,2026-09-21 15:45:04
AAPL,AAPL280616P00530000,AAPL,2028-06-16,P,530.0,189.0,6.0,193.0,78.0,0.332,0.0,0.0,-1.0,0.0,0.0,-0.0475,0.0,190.5357,0.0,0.0,0.0,0.0,no_change,0.0,,0.0,0.0,339.465,2026-09-21 19:44:12,2026-09-21 15:45:04
AAPL,AAPL280616P00540000,AAPL,2028-06-16,P,540.0,199.0,6.0,203.0,78.0,0.342,0.0,0.0,-1.0,0.0,0.0,-0.0475,0.0,200.5357,0.0,0.0,0.0,0.0,no_change,0.0,,0.0,0.0,339.465,2026-09-21 19:44:12,2026-09-21 15:45:04
AAPL,AAPL280616P00550000,AAPL,2028-06-16,P,550.0,209.05,6.0,213.0,78.0,0.3524,0.0,0.0,-1.0,0.0,0.0,-0.0475,0.0,210.5357,0.0,0.0,0.0,0.0,no_change,0.0,,0.0,0.0,339.465,2026-09-21 19:44:12,2026-09-21 15:45:04
AAPL,AAPL280616P00560000,AAPL,2028-06-16,P,560.0,219.0,6.0,223.0,78.0,0.3612,0.0,0.0,-1.0,0.0,0.0,-0.0475,0.0,220.5357,0.0,0.0,0.0,0.0,no_change,0.0,,0.0,0.0,339.465,2026-09-21 19:44:12,2026-09-21 15:45:04
AAPL,AAPL280616P00570000,AAPL,2028-06-16,P,570.0,228.75,2.0,233.0,78.0,0.3671,0.0,0.0,-1.0,0.0,0.0,-0.0475,0.0,230.5357,0.0,0.0,0.0,0.0,no_change,0.0,,0.0,0.0,339.465,2026-09-21 19:44:12,2026-09-21 15:45:04
AAPL,AAPL280616P00580000,AAPL,2028-06-16,P,580.0,238.0,78.0,243.0,7.0,0.0,0.0,0.0,-1.0,0.0,0.0,-0.0475,0.0,240.5357,0.0,0.0,0.0,0.0,no_change,0.0,,0.0,0.0,339.465,2026-09-21 19:44:12,2026-09-21 15:45:04
AAPL,AAPL280616P00590000,AAPL,2028-06-16,P,590.0,248.75,6.0,253.0,9.0,0.3852,0.0,0.0,-1.0,0.0,0.0,-0.0475,0.0,250.5357,0.0,0.0,0.0,0.0,no_change,0.0,,0.0,0.0,339.465,2026-09-21 19:44:12,2026-09-21 15:45:04
AAPL,AAPL280616P00600000,AAPL,2028-06-16,P,600.0,258.65,6.0,263.0,9.0,0.3925,0.0,0.0,-1.0,0.0,0.0,-0.0475,0.0,260.5357,0.0,0.0,0.0,0.0,no_change,0.0,,0.0,0.0,339.465,2026-09-21 19:44:12,2026-09-21 15:45:04
AAPL,AAPL280616P00610000,AAPL,2028-06-16,P,610.0,268.5,6.0,273.0,7.0,0.399,0.0,0.0,-1.0,0.0,0.0,-0.0475,0.0,270.5357,0.0,0.0,0.0,0.0,no_change,0.0,,0.0,0.0,339.465,2026-09-21 19:44:12,2026-09-21 15:45:04
AAPL,AAPL280616P00620000,AAPL,2028-06-16,P,620.0,278.0,7.0,283.0,7.0,0.0,0.0,0.0,-1.0,0.0,0.0,-0.0475,0.0,280.5357,0.0,0.0,0.0,0.0,no_change,0.0,,0.0,0.0,339.465,2026-09-21 19:44:12,2026-09-21 15:45:04
AAPL,AAPL280616P00630000,AAPL,2028-06-16,P,630.0,288.0,2.0,293.0,7.0,0.0,0.0,0.0,-1.0,0.0,0.0,-0.0475,0.0,290.5357,0.0,0.0,0.0,0.0,no_change,0.0,,0.0,0.0,339.465,2026-09-21 19:44:12,2026-09-21 15:45:04
AAPL,AAPL280616P00640000,AAPL,2028-06-16,P,640.0,298.0,2.0,303.0,7.0,0.0,0.0,0.0,-1.0,0.0,0.0,-0.0475,0.0,300.5357,0.0,0.0,0.0,0.0,no_change,0.0,,0.0,0.0,339.465,2026-09-21 19:44:12,2026-09-21 15:45:04
AAPL,AAPL280616P00650000,AAPL,2028-06-16,P,650.0,308.3,6.0,313.0,9.0,0.4287,0.0,0.0,-1.0,0.0,0.0,-0.0475,0.0,310.5357,0.0,0.0,0.0,0.0,no_change,0.0,,0.0,0.0,339.465,2026-09-21 19:44:12,2026-09-21 15:45:04
AAPL,AAPL280616P00660000,AAPL,2028-06-16,P,660.0,318.3,6.0,323.0,9.0,0.4365,0.0,0.0,-1.0,0.0,0.0,-0.0475,0.0,320.5357,0.0,0.0,0.0,0.0,no_change,0.0,,0.0,0.0,339.465,2026-09-21 19:44:12,2026-09-21 15:45:04
AAPL,AAPL280616P00670000,AAPL,2028-06-16,P,670.0,328.0,7.0,333.0,2.0,0.0,0.0,0.0,-1.0,0.0,0.0,-0.0475,0.0,330.5357,0.0,0.0,0.0,0.0,no_change,0.0,,0.0,0.0,339.465,2026-09-21 19:44:12,2026-09-21 15:45:04
AAPL,AAPL281215C00005000,AAPL,2028-12-15,C,5.0,330.1,54.0,338.65,1.0,0.0,58.0,0.0,1.0,0.0,0.0004,0.0,0.0197,334.8478,0.0,0.0,0.0,0.0,up,331.0,2026-09-18T13:20:27,0.0,331.150009155273,339.465,2026-09-21 19:44:12,2026-09-21 15:45:04
AAPL,AAPL281215C00010000,AAPL,2028-12-15,C,10.0,325.15,55.0,333.5,6.0,0.0,20.0,0.0,1.0,0.0,0.0003,0.0,0.0479,330.0774,0.0,0.0,0.0,0.0,down,301.0,2026-08-27T10:04:41,0.0,326.125,339.465,2026-09-21 19:44:12,2026-09-21 15:45:04
AAPL,AAPL281215C00015000,AAPL,2028-12-15,C,15.0,322.0,2.0,327.0,2.0,0.0,74.0,0.0,1.0,0.0,0.0003,0.0,0.085,325.1972,0.0,0.0,0.0,0.0,up,318.15,2026-07-16T14:55:37,0.0,321.0,339.465,2026-09-21 19:44:12,2026-09-21 15:45:04
AAPL,AAPL281215C00020000,AAPL,2028-12-15,C,20.0,317.5,2.0,322.5,2.0,0.0,2.0,0.0,1.0,0.0,0.0027,0.0,0.1322,320.353,0.0,0.0,0.0,0.0,down,242.96,2026-03-03T15:33:09,0.0,316.5,339.465,2026-09-21 19:44:12,2026-09-21 15:45:04
AAPL,AAPL281215C00025000,AAPL,2028-12-15,C,25.0,313.0,2.0,318.0,2.0,0.532,17.0,0.0,1.0,0.0,0.0085,0.0,0.2355,315.5484,0.0,0.0,0.0,0.0,up,296.57,2026-08-28T10:56:09,0.0,312.0,339.465,2026-09-21 19:44:12,2026-09-21 15:45:04
AAPL,AAPL281215C00030000,AAPL,2028-12-15,C,30.0,308.5,2.0,313.5,2.0,0.6824,101.0,0.0,1.0,0.0,0.0141,0.0,0.469,310.8836,0.0,0.0,0.0,0.0,no_change,304.0,2026-09-14T10:20:38,0.0,307.5,339.465,2026-09-21 19:44:12,2026-09-21 15:45:04
AAPL,AAPL281215C00035000,AAPL,2028-12-15,C,35.0,304.0,2.0,309.0,2.0,0.66,1.0,0.0,1.0,0.0,0.0168,0.0,0.6356,306.346,0.0,0.0,0.0,0.0,down,221.31,2026-01-26T11:18:50,0.0,303.0,339.465,2026-09-21 19:44:12,2026-09-21 15:45:04
AAPL,AAPL281215C00040000,AAPL,2028-12-15,C,40.0,299.5,2.0,304.5,1.0,0.6248,9.0,0.0,0.9998,0.0,0.0203,0.0,0.7615,301.861,0.0,0.0,0.0,0.0,down,244.55,2026-06-29T14:27:41,0.0,298.5,339.465,2026-09-21 19:44:12,2026-09-21 15:45:04
AAPL,AAPL281215C00045000,AAPL,2028-12-15,C,45.0,295.0,7.0,300.0,1.0,0.5871,6.0,0.0,0.9995,0.0,0.0237,0.0,0.8784,297.3998,0.0,0.0,0.0,0.0,up,267.35,2026-08-10T09:30:01,0.0,294.0,339.465,2026-09-21 19:44:12,2026-09-21 15:45:04
AAPL,AAPL281215C00050000,AAPL,2028-12-15,C,50.0,290.5,8.0,294.0,1.0,0.0,1364.0,6.0,0.9992,0.0,0.0281,0.0,1.007,292.9595,2.45,289.0,292.05,289.0,down,291.95,2026-09-21T15:18:22,0.846287,289.5,339.465,2026-09-21 19:44:12,2026-09-21 15:45:04
AAPL,AAPL281215C00060000,AAPL,2028-12-15,C,60.0,282.0,7.0,287.0,2.0,0.5753,201.0,0.0,0.9984,0.0,0.0386,0.0,1.2018,284.1086,0.0,0.0,0.0,0.0,down,275.05,2026-09-15T12:18:23,0.0,280.5,339.465,2026-09-21 19:44:12,2026-09-21 15:45:04
AAPL,AAPL281215C00070000,AAPL,2028-12-15,C,70.0,273.0,8.0,278.0,2.0,0.5151,256.0,14.0,0.9975,0.0,0.0515,0.0,1.3933,275.2725,2.2,273.65,274.45,273.65,no_change,274.2,2026-09-21T15:12:59,0.808824,272.0,339.465,2026-09-21 19:44:12,2026-09-21 15:45:04
AAPL,AAPL281215C00080000,AAPL,2028-12-15,C,80.0,264.0,7.0,269.0,1.0,0.4623,261.0,0.0,0.9964,0.0001,0.0672,0.0,1.5824,266.4538,0.0,0.0,0.0,0.0,down,262.86,2026-09-18T14:19:59,0.0,263.0,339.465,2026-09-21 19:44:12,2026-09-21 15:45:04
AAPL,AAPL281215C00090000,AAPL,2028-12-15,C,90.0,255.5,7.0,260.5,7.0,0.4715,193.0,0.0,0.995,0.0001,0.0859,0.0,1.7692,257.6561,0.0,0.0,0.0,0.0,up,251.56,2026-09-16T11:42:30,0.0,254.5,339.465,2026-09-21 19:44:12,2026-09-21 15:45:04
AAPL,AAPL281215C00100000,AAPL,2028-12-15,C,100.0,246.65,10.0,250.5,1.0,0.0,2535.0,932.0,0.9933,0.0001,0.1083,0.0,1.9526,248.8848,2.8,246.85,248.79,246.85,down,248.3,2026-09-21T15:28:55,1.14053,245.5,339.465,2026-09-21 19:44:12,2026-09-21 15:45:04
AAPL,AAPL281215C00110000,AAPL,2028-12-15,C,110.0,238.0,10.0,242.75,10.0,0.4216,1272.0,1.0,0.9911,0.0001,0.1346,0.0,2.1325,240.1457,0.76,237.76,237.76,237.76,up,237.76,2026-09-21T10:19:02,0.320675,237.0,339.465,2026-09-21 19:44:12,2026-09-21 15:45:04
AAPL,AAPL281215C00120000,AAPL,2028-12-15,C,120.0,229.0,95.0,234.0,10.0,0.3955,190.0,2.0,0.9885,0.0002,0.1659,0.0,2.3077,231.4457,2.25,230.5,230.5,230.45,down,230.45,2026-09-21T14:45:45,0.985979,228.199996948242,339.465,2026-09-21 19:44:12,2026-09-21 15:45:04
AAPL,AAPL281215C00125000,AAPL,2028-12-15,C,125.0,225.0,77.0,229.65,7.0,0.3977,71.0,2.0,0.987,0.0002,0.1831,0.0,2.3935,227.1129,1.65,225.5,225.65,225.5,up,225.65,2026-09-21T14:19:12,0.736607,224.0,339.465,2026-09-21 19:44:12,2026-09-21 15:45:04
AAPL,AAPL281215C00130000,AAPL,2028-12-15,C,130.0,220.5,80.0,225.2,10.0,0.3835,108.0,0.0,0.9853,0.0002,0.2017,0.0,2.478,222.7929,0.0,0.0,0.0,0.0,up,208.0,2026-09-02T09:39:25,0.0,219.599998474121,339.465,2026-09-21 19:44:12,2026-09-21 15:45:04
AAPL,AAPL281215C00135000,AAPL,2028-12-15,C,135.0,216.0,80.0,220.55,10.0,0.3649,54.0,0.0,0.9835,0.0002,0.2219,0.0,2.5608,218.4868,0.0,0.0,0.0,0.0,up,209.3,2026-09-15T14:37:04,0.0,215.25,339.465,2026-09-21 19:44:12,2026-09-21 15:45:04
AAPL,AAPL281215C00140000,AAPL,2028-12-15,C,140.0,212.0,94.0,216.75,10.0,0.3777,154.0,0.0,0.9815,0.0002,0.2436,0.0,2.6418,214.1959,0.0,0.0,0.0,0.0,down,207.5,2026-09-16T12:15:45,0.0,211.099998474121,339.465,2026-09-21 19:44:12,2026-09-21 15:45:04
AAPL,AAPL281215C00145000,AAPL,2028-12-15,C,145.0,207.5,168.0,211.8,5.0,0.3544,208.0,2.0,0.9793,0.0003,0.2665,0.0,2.7211,209.9216,0.7,203.93,207.45,203.93,up,207.45,2026-09-21T10:19:02,0.338573,206.75,339.465,2026-09-21 19:44:12,2026-09-21 15:45:04
AAPL,AAPL281215C00150000,AAPL,2028-12-15,C,150.0,203.5,144.0,207.0,12.0,0.3452,635.0,2.0,0.977,0.0003,0.2907,0.0,2.7987,205.665,2.25,200.85,205.0,200.85,up,205.0,2026-09-21T12:38:31,1.10974,202.75,339.465,2026-09-21 19:44:12,2026-09-21 15:45:04
AAPL,AAPL281215C00155000,AAPL,2028-12-15,C,155.0,199.0,113.0,203.05,10.0,0.3428,133.0,0.0,0.9744,0.0003,0.3166,0.0,2.8745,201.4273,0.0,0.0,0.0,0.0,up,190.95,2026-09-11T09:31:07,0.0,198.400001525879,339.465,2026-09-21 19:44:12,2026-09-21 15:45:04
AAPL,AAPL281215C00160000,AAPL,2028-12-15,C,160.0,195.0,123.0,199.25,12.0,0.3501,293.0,0.0,0.9716,0.0004,0.3444,0.0,2.9478,197.2101,0.0,0.0,0.0,0.0,up,192.36,2026-09-14T14:44:16,0.0,194.25,339.465,2026-09-21 19:44:12,2026-09-21 15:45:04
AAPL,AAPL281215C00165000,AAPL,2028-12-15,C,165.0,190.5,178.0,194.9,12.0,0.3398,305.0,2.0,0.9685,0.0004,0.3735,0.0,3.0187,193.015,2.25,192.45,192.5,192.45,up,192.5,2026-09-21T14:47:49,1.18265,190.25,339.465,2026-09-21 19:44:12,2026-09-21 15:45:04
AAPL,AAPL281215C00170000,AAPL,2028-12-15,C,170.0,186.5,132.0,190.95,12.0,0.3421,123.0,0.0,0.9653,0.0004,0.4038,0.0,3.0876,188.8436,0.0,0.0,0.0,0.0,up,183.02,2026-09-17T11:15:38,0.0,185.75,339.465,2026-09-21 19:44:12,2026-09-21 15:45:04
AAPL,AAPL281215C00175000,AAPL,2028-12-15,C,175.0,182.45,191.0,186.15,2.0,0.3319,561.0,1.0,0.9617,0.0005,0.4357,0.0,3.1543,184.6969,2.45,184.2,184.2,184.2,up,184.2,2026-09-21T14:40:38,1.34801,181.75,339.465,2026-09-21 19:44:12,2026-09-21 15:45:04
AAPL,AAPL281215C00180000,AAPL,2028-12-15,C,180.0,178.15,146.0,182.4,12.0,0.3315,444.0,2.0,0.958,0.0005,0.4694,0.0,3.2182,180.5766,2.05,180.0,180.0,179.75,down,179.75,2026-09-21T14:47:44,1.15363,177.699996948242,339.465,2026-09-21 19:44:12,2026-09-21 15:45:04
AAPL,AAPL281215C00185000,AAPL,2028-12-15,C,185.0,174.1,267.0,178.5,21.0,0.3312,149.0,5.0,0.9539,0.0006,0.5048,0.0,3.2789,176.4846,0.63,174.38,174.38,174.38,up,174.38,2026-09-21T10:19:47,0.36259,173.75,339.465,2026-09-21 19:44:12,2026-09-21 15:45:04
AAPL,AAPL281215C00190000,AAPL,2028-12-15,C,190.0,170.45,360.0,173.05,21.0,0.3187,1175.0,0.0,0.9496,0.0006,0.5411,0.0,3.337,172.4228,0.0,0.0,0.0,0.0,up,170.11,2026-09-17T15:24:42,0.0,169.300003051758,339.465,2026-09-21 19:44:12,2026-09-21 15:45:04
AAPL,AAPL281215C00195000,AAPL,2028-12-15,C,195.0,167.4,38.0,169.0,30.0,0.3256,1797.0,4.0,0.9449,0.0007,0.5786,0.0,3.3928,168.3924,2.695,167.8,168.02,167.8,up,168.02,2026-09-21T15:26:28,1.63012,165.324996948242,339.465,2026-09-21 19:44:12,2026-09-21 15:45:04
AAPL,AAPL281215C00200000,AAPL,2028-12-15,C,200.0,163.1,165.0,165.05,9.0,0.3209,2201.0,6.0,0.94,0.0007,0.6178,0.0,3.4456,164.3948,0.74,162.33,162.44,162.33,up,162.44,2026-09-21T11:25:47,0.457635,161.700004577637,339.465,2026-09-21 19:44:12,2026-09-21 15:45:04
AAPL,AAPL281215C00210000,AAPL,2028-12-15,C,210.0,154.95,334.0,156.95,31.0,0.3127,575.0,3.0,0.9292,0.0008,0.7004,0.0,3.5402,156.5062,1.925,152.58,155.65,152.58,no_change,155.65,2026-09-21T14:47:49,1.25223,153.725006103516,339.465,2026-09-21 19:44:12,2026-09-21 15:45:04
AAPL,AAPL281215C00220000,AAPL,2028-12-15,C,220.0,146.75,434.0,149.65,52.0,0.3086,1534.0,3.0,0.9172,0.001,0.786,0.0,3.6234,148.771,1.975,147.95,148.0,147.95,up,148.0,2026-09-21T13:10:50,1.35251,146.025001525879,339.465,2026-09-21 19:44:12,2026-09-21 15:45:04
AAPL,AAPL281215C00230000,AAPL,2028-12-15,C,230.0,138.95,418.0,142.05,96.0,0.3034,948.0,8.0,0.9039,0.0011,0.8766,0.0,3.6917,141.2012,0.875,137.9,139.3,136.35,up,139.3,2026-09-21T11:22:31,0.632115,138.424995422363,339.465,2026-09-21 19:44:12,2026-09-21 15:45:04
AAPL,AAPL281215C00240000,AAPL,2028-12-15,C,240.0,132.3,310.0,134.75,126.0,0.3045,1793.0,252.0,0.8893,0.0012,0.9686,-0.0017,3.7466,133.8121,1.725,132.15,133.53,132.15,down,133.1,2026-09-21T14:46:58,1.31304,131.375,339.465,2026-09-21 19:44:12,2026-09-21 15:45:04
AAPL,AAPL281215C00250000,AAPL,2028-12-15,C,250.0,125.45,241.0,127.6,126.0,0.3029,2664.0,963.0,0.8734,0.0014,1.063,-0.0041,3.7876,126.6135,1.6,125.28,126.35,125.25,up,126.1,2026-09-21T14:46:14,1.28514,124.5,339.465,2026-09-21 19:44:12,2026-09-21 15:45:04
AAPL,AAPL281215C00260000,AAPL,2028-12-15,C,260.0,118.35,310.0,119.75,5.0,0.2952,1486.0,31.0,0.8561,0.0015,1.1578,-0.0065,3.8128,119.6199,2.575,118.4,119.35,118.4,up,119.35,2026-09-21T13:23:42,2.2051,116.774997711182,339.465,2026-09-21 19:44:12,2026-09-21 15:45:04
AAPL,AAPL281215C00270000,AAPL,2028-12-15,C,270.0,111.35,347.0,113.25,32.0,0.2926,2238.0,66.0,0.8377,0.0016,1.2515,-0.0089,3.8262,112.8398,1.24,112.15,112.6,111.74,down,111.74,2026-09-21T14:09:11,1.12217,110.5,339.465,2026-09-21 19:44:12,2026-09-21 15:45:04
AAPL,AAPL281215C00280000,AAPL,2028-12-15,C,280.0,104.5,373.0,107.3,97.0,0.2911,2129.0,37.0,0.8181,0.0018,1.3446,-0.0112,3.8225,106.2844,1.7,104.49,105.6,104.49,up,105.6,2026-09-21T14:50:13,1.63619,103.899997711182,339.465,2026-09-21 19:44:12,2026-09-21 15:45:04
AAPL,AAPL281215C00290000,AAPL,2028-12-15,C,290.0,98.25,411.0,100.9,130.0,0.2884,1924.0,30.0,0.7973,0.0019,1.4335,-0.0133,3.8079,99.9625,1.08,99.0,99.67,98.3,up,99.13,2026-09-21T15:18:26,1.10148,98.0499992370606,339.465,2026-09-21 19:44:12,2026-09-21 15:45:04
AAPL,AAPL281215C00300000,AAPL,2028-12-15,C,300.0,92.95,209.0,94.4,100.0,0.2872,3860.0,61.0,0.7756,0.0021,1.5197,-0.0154,3.7785,93.8793,1.75,90.8,93.6,89.5,no_change,93.35,2026-09-21T14:47:46,1.91048,91.6000022888184,339.465,2026-09-21 19:44:12,2026-09-21 15:45:04
AAPL,AAPL281215C00310000,AAPL,2028-12-15,C,310.0,86.9,339.0,89.3,250.0,0.2865,3042.0,261.0,0.7529,0.0022,1.6006,-0.0174,3.7364,88.0439,0.85,86.9,88.0,86.9,up,87.35,2026-09-21T13:52:51,0.982659,86.5,339.465,2026-09-21 19:44:12,2026-09-21 15:45:04
AAPL,AAPL281215C00320000,AAPL,2028-12-15,C,320.0,81.5,248.0,82.75,13.0,0.282,3605.0,143.0,0.7295,0.0023,1.6754,-0.0192,3.685,82.457,0.795,82.2,82.5,80.75,up,81.87,2026-09-21T15:10:05,0.980573,81.0750007629394,339.465,2026-09-21 19:44:12,2026-09-21 15:45:04
AAPL,AAPL281215C00330000,AAPL,2028-12-15,C,330.0,76.2,291.0,78.1,175.0,0.2821,3041.0,119.0,0.7054,0.0024,1.7446,-0.0208,3.619,77.1238,1.625,73.5,77.25,73.5,up,77.1,2026-09-21T15:14:24,2.15303,75.4750022888184,339.465,2026-09-21 19:44:12,2026-09-21 15:45:04
AAPL,AAPL281215C00340000,AAPL,2028-12-15,C,340.0,71.3,307.0,72.45,90.0,0.2791,8261.0,170.0,0.6808,0.0025,1.8058,-0.0223,3.5467,72.0456,1.07,70.6,72.1,70.6,down,71.77,2026-09-21T15:19:58,1.51344,70.7000007629394,339.465,2026-09-21 19:44:12,2026-09-21 15:45:04
AAPL,AAPL281215C00350000,AAPL,2028-12-15,C,350.0,66.5,186.0,67.95,110.0,0.2783,4162.0,222.0,0.6557,0.0026,1.8598,-0.0236,3.4643,67.2195,0.825,65.0,67.15,64.0,no_change,66.65,2026-09-21T15:07:44,1.25332,65.8250007629394,339.465,2026-09-21 19:44:12,2026-09-21 15:45:04
AAPL,AAPL281215C00360000,AAPL,2028-12-15,C,360.0,61.25,527.0,62.95,6.0,0.2738,1590.0,84.0,0.6304,0.0027,1.9058,-0.0248,3.3725,62.6477,0.625,61.47,62.4,61.25,no_change,62.2,2026-09-21T13:11:33,1.01502,61.5749988555908,339.465,2026-09-21 19:44:12,2026-09-21 15:45:04
AAPL,AAPL281215C00370000,AAPL,2028-12-15,C,370.0,57.45,196.0,59.15,55.0,0.275,2764.0,20.0,0.605,0.0028,1.9434,-0.0258,3.278,58.3241,0.475,57.11,58.05,57.11,up,57.8,2026-09-21T15:05:14,0.828607,57.3250007629394,339.465,2026-09-21 19:44:12,2026-09-21 15:45:04
AAPL,AAPL281215C00380000,AAPL,2028-12-15,C,380.0,53.35,264.0,55.0,91.0,0.2735,1700.0,213.0,0.5796,0.0028,1.9729,-0.0266,3.1744,54.2443,0.5,52.48,54.05,52.48,no_change,53.8,2026-09-21T15:00:27,0.938088,53.2999992370606,339.465,2026-09-21 19:44:12,2026-09-21 15:45:04
AAPL,AAPL281215C00390000,AAPL,2028-12-15,C,390.0,49.65,229.0,51.5,199.0,0.2734,2932.0,79.0,0.5543,0.0029,1.9941,-0.0273,3.0671,50.4058,0.325,50.7,50.7,49.8,no_change,49.85,2026-09-21T13:26:52,0.656231,49.5250015258789,339.465,2026-09-21 19:44:12,2026-09-21 15:45:04
AAPL,AAPL281215C00400000,AAPL,2028-12-15,C,400.0,46.5,112.0,47.1,10.0,0.2715,4901.0,317.0,0.5292,0.0029,2.0074,-0.0278,2.9593,46.7981,0.45,45.32,46.96,45.32,no_change,46.35,2026-09-21T14:22:10,0.980393,45.8999996185303,339.465,2026-09-21 19:44:12,2026-09-21 15:45:04
AAPL,AAPL281215C00410000,AAPL,2028-12-15,C,410.0,42.4,236.0,44.15,73.0,0.2697,1091.0,34.0,0.5045,0.0029,2.0126,-0.0282,2.845,43.4155,-0.05,43.4,43.4,42.7,down,42.7,2026-09-21T14:08:44,-0.116959,42.75,339.465,2026-09-21 19:44:12,2026-09-21 15:45:04
AAPL,AAPL281215C00420000,AAPL,2028-12-15,C,420.0,39.05,241.0,40.95,11.0,0.2682,907.0,1.0,0.4802,0.0029,2.0106,-0.0284,2.7311,40.2514,0.75,40.2,40.2,40.2,up,40.2,2026-09-21T12:49:05,1.90114,39.4499988555908,339.465,2026-09-21 19:44:12,2026-09-21 15:45:04
AAPL,AAPL281215C00430000,AAPL,2028-12-15,C,430.0,36.95,165.0,37.7,11.0,0.2688,1519.0,4.0,0.4565,0.0029,2.002,-0.0285,2.6187,37.2938,0.2,37.2,37.2,37.15,no_change,37.15,2026-09-21T13:02:43,0.54127,36.9500007629394,339.465,2026-09-21 19:44:12,2026-09-21 15:45:04
AAPL,AAPL281215C00440000,AAPL,2028-12-15,C,440.0,33.95,245.0,34.8,7.0,0.2671,1264.0,73.0,0.4334,0.0029,1.9861,-0.0285,2.5027,34.535,0.85,33.5,34.6,32.71,up,34.45,2026-09-21T14:54:21,2.52976,33.6000003814697,339.465,2026-09-21 19:44:12,2026-09-21 15:45:04
AAPL,AAPL281215C00450000,AAPL,2028-12-15,C,450.0,31.4,212.0,32.4,116.0,0.2669,5282.0,118.0,0.4109,0.0029,1.9645,-0.0283,2.3889,31.9673,1.1,31.5,32.0,31.5,up,32.0,2026-09-21T15:20:22,3.55987,30.8999996185303,339.465,2026-09-21 19:44:12,2026-09-21 15:45:04
AAPL,AAPL281215C00460000,AAPL,2028-12-15,C,460.0,28.85,161.0,30.45,30.0,0.267,606.0,0.0,0.3892,0.0028,1.9383,-0.028,2.2791,29.5778,0.0,0.0,0.0,0.0,up,29.3,2026-09-17T13:22:17,0.0,29.0,339.465,2026-09-21 19:44:12,2026-09-21 15:45:04
AAPL,AAPL281215C00470000,AAPL,2028-12-15,C,470.0,26.45,206.0,27.65,11.0,0.2644,428.0,0.0,0.3682,0.0028,1.9064,-0.0277,2.1683,27.3578,0.0,0.0,0.0,0.0,up,27.5,2026-09-17T13:54:33,0.0,26.9250001907349,339.465,2026-09-21 19:44:12,2026-09-21 15:45:04
AAPL,AAPL281215C00480000,AAPL,2028-12-15,C,480.0,24.6,245.0,25.7,29.0,0.2648,393.0,2.0,0.3481,0.0028,1.8699,-0.0273,2.0597,25.2997,0.325,25.15,25.15,25.1,down,25.1,2026-09-21T14:54:15,1.3118,24.7750005722046,339.465,2026-09-21 19:44:12,2026-09-21 15:45:04
AAPL,AAPL281215C00490000,AAPL,2028-12-15,C,490.0,23.0,31.0,23.85,11.0,0.2654,323.0,0.0,0.3287,0.0027,1.831,-0.0268,1.957,23.3918,0.0,0.0,0.0,0.0,down,22.32,2026-09-17T10:04:35,0.0,23.2249994277954,339.465,2026-09-21 19:44:12,2026-09-21 15:45:04
AAPL,AAPL281215C00500000,AAPL,2028-12-15,C,500.0,21.25,238.0,21.95,42.0,0.2647,2182.0,36.0,0.3102,0.0026,1.7886,-0.0262,1.856,21.6242,0.47,21.2,21.75,21.2,up,21.57,2026-09-21T15:10:41,2.22749,21.0999994277954,339.465,2026-09-21 19:44:12,2026-09-21 15:45:04
AAPL,AAPL281215C00510000,AAPL,2028-12-15,C,510.0,19.55,104.0,20.6,3.0,0.265,314.0,0.0,0.2925,0.0026,1.7426,-0.0256,1.7564,19.99,0.0,0.0,0.0,0.0,down,19.4,2026-09-17T15:57:37,0.0,19.4750003814697,339.465,2026-09-21 19:44:12,2026-09-21 15:45:04
AAPL,AAPL281215C00520000,AAPL,2028-12-15,C,520.0,18.2,34.0,18.8,11.0,0.2644,1966.0,0.0,0.2756,0.0025,1.6951,-0.025,1.6626,18.4801,0.0,0.0,0.0,0.0,down,18.15,2026-09-18T15:50:08,0.0,17.9499998092651,339.465,2026-09-21 19:44:12,2026-09-21 15:45:04
AAPL,AAPL281215C00530000,AAPL,2028-12-15,C,530.0,16.35,50.0,17.7,4.0,0.2638,172.0,0.0,0.2596,0.0024,1.647,-0.0243,1.5736,17.0844,0.0,0.0,0.0,0.0,up,17.07,2026-09-17T15:17:31,0.0,17.0,339.465,2026-09-21 19:44:12,2026-09-21 15:45:04
AAPL,AAPL281215C00540000,AAPL,2028-12-15,C,540.0,15.3,171.0,16.25,12.0,0.2638,81.0,0.0,0.2444,0.0023,1.5967,-0.0236,1.4861,15.7957,0.0,0.0,0.0,0.0,up,15.0,2026-09-16T11:01:27,0.0,15.625,339.465,2026-09-21 19:44:12,2026-09-21 15:45:04
AAPL,AAPL281215C00550000,AAPL,2028-12-15,C,550.0,14.05,260.0,15.05,102.0,0.2635,381.0,1.0,0.23,0.0023,1.5449,-0.0229,1.402,14.6078,-0.95,13.5,13.5,13.5,down,13.5,2026-09-21T10:48:14,-6.57439,14.4499998092651,339.465,2026-09-21 19:44:12,2026-09-21 15:45:04
AAPL,AAPL281215C00560000,AAPL,2028-12-15,C,560.0,13.05,145.0,13.75,6.0,0.263,108.0,0.0,0.2163,0.0022,1.4936,-0.0221,1.3239,13.5124,0.0,0.0,0.0,0.0,down,12.7,2026-09-15T12:59:40,0.0,13.2750000953674,339.465,2026-09-21 19:44:12,2026-09-21 15:45:04
AAPL,AAPL281215C00570000,AAPL,2028-12-15,C,570.0,11.9,214.0,12.9,12.0,0.2631,54.0,0.0,0.2034,0.0021,1.4429,-0.0214,1.2497,12.5018,0.0,0.0,0.0,0.0,no_change,12.52,2026-09-18T09:47:42,0.0,12.1750001907349,339.465,2026-09-21 19:44:12,2026-09-21 15:45:04
AAPL,AAPL281215C00580000,AAPL,2028-12-15,C,580.0,11.0,38.0,12.3,16.0,0.2644,145.0,0.0,0.1912,0.002,1.3915,-0.0206,1.1776,11.5705,0.0,0.0,0.0,0.0,down,11.08,2026-09-17T10:04:35,0.0,11.4499998092651,339.465,2026-09-21 19:44:12,2026-09-21 15:45:04
AAPL,AAPL281215C00590000,AAPL,2028-12-15,C,590.0,9.9,275.0,11.2,23.0,0.2626,201.0,0.0,0.1798,0.002,1.3398,-0.0199,1.1089,10.7134,0.0,0.0,0.0,0.0,up,10.6,2026-09-17T11:54:17,0.0,10.5999999046326,339.465,2026-09-21 19:44:12,2026-09-21 15:45:04
AAPL,AAPL281215C00600000,AAPL,2028-12-15,C,600.0,9.35,285.0,10.3,160.0,0.2632,4501.0,17.0,0.169,0.0019,1.2894,-0.0192,1.0454,9.9241,0.15,9.8,10.0,9.4,up,9.8,2026-09-21T14:39:25,1.5544,9.65000009536743,339.465,2026-09-21 19:44:12,2026-09-21 15:45:04
AAPL,AAPL281215P00005000,AAPL,2028-12-15,P,5.0,0.0,0.0,0.13,121.0,1.107,855.0,0.0,-0.0001,0.0,0.0012,-0.0001,-0.0006,0.008,0.0,0.0,0.0,0.0,no_change,0.01,2026-08-28T12:19:50,0.0,0.0299999993294477,339.465,2026-09-21 19:44:12,2026-09-21 15:45:04
AAPL,AAPL281215P00010000,AAPL,2028-12-15,P,10.0,0.0,0.0,0.69,372.0,1.1115,26.0,0.0,-0.0001,0.0,0.0027,-0.0001,-0.0014,0.0173,0.0,0.0,0.0,0.0,up,0.02,2026-09-03T10:22:37,0.0,0.245000004768372,339.465,2026-09-21 19:44:12,2026-09-21 15:45:04
AAPL,AAPL281215P00015000,AAPL,2028-12-15,P,15.0,0.0,0.0,0.29,329.0,0.8657,6.0,0.0,-0.0002,0.0,0.0046,-0.0002,-0.0023,0.0282,0.0,0.0,0.0,0.0,up,0.04,2026-03-20T14:44:02,0.0,0.245000004768372,339.465,2026-09-21 19:44:12,2026-09-21 15:45:04
AAPL,AAPL281215P00020000,AAPL,2028-12-15,P,20.0,0.0,0.0,0.25,370.0,0.7682,54.0,0.0,-0.0004,0.0,0.0068,-0.0003,-0.0035,0.0408,0.0,0.0,0.0,0.0,up,0.06,2026-07-21T09:54:49,0.0,0.25,339.465,2026-09-21 19:44:12,2026-09-21 15:45:04
AAPL,AAPL281215P00025000,AAPL,2028-12-15,P,25.0,0.02,3.0,0.31,405.0,0.7282,92.0,0.0,-0.0005,0.0,0.0094,-0.0003,-0.0049,0.0552,0.0,0.0,0.0,0.0,no_change,0.05,2026-08-25T14:44:32,0.0,0.269999990239739,339.465,2026-09-21 19:44:12,2026-09-21 15:45:04
AAPL,AAPL281215P00030000,AAPL,2028-12-15,P,30.0,0.0,0.0,0.32,406.0,0.6741,76.0,0.0,-0.0007,0.0,0.0123,-0.0004,-0.0065,0.0714,0.0,0.0,0.0,0.0,down,0.39,2026-07-27T09:47:41,0.0,0.0599999986588955,339.465,2026-09-21 19:44:12,2026-09-21 15:45:04
AAPL,AAPL281215P00035000,AAPL,2028-12-15,P,35.0,0.0,0.0,0.33,406.0,0.6333,426.0,0.0,-0.0009,0.0,0.0157,-0.0005,-0.0083,0.0896,0.0,0.0,0.0,0.0,up,0.07,2026-08-12T11:18:24,0.0,0.245000004768372,339.465,2026-09-21 19:44:12,2026-09-21 15:45:04
AAPL,AAPL281215P00040000,AAPL,2028-12-15,P,40.0,0.0,0.0,0.54,472.0,0.6323,1107.0,0.0,-0.0011,0.0,0.0194,-0.0006,-0.0104,0.1101,0.0,0.0,0.0,0.0,down,0.1,2026-08-10T12:45:08,0.0,0.370000004768372,339.465,2026-09-21 19:44:12,2026-09-21 15:45:04
AAPL,AAPL281215P00045000,AAPL,2028-12-15,P,45.0,0.01,14.0,0.55,450.0,0.6004,74.0,0.0,-0.0014,0.0,0.0236,-0.0007,-0.0127,0.133,0.0,0.0,0.0,0.0,down,0.11,2026-09-08T14:23:31,0.0,0.379999999888241,339.465,2026-09-21 19:44:12,2026-09-21 15:45:04
AAPL,AAPL281215P00050000,AAPL,2028-12-15,P,50.0,0.01,13.0,0.26,266.0,0.5237,276.0,0.0,-0.0017,0.0,0.0283,-0.0008,-0.0154,0.1585,0.0,0.0,0.0,0.0,down,0.14,2026-09-14T12:25:21,0.0,0.25999999511987,339.465,2026-09-21 19:44:12,2026-09-21 15:45:04
AAPL,AAPL281215P00060000,AAPL,2028-12-15,P,60.0,0.05,83.0,0.33,321.0,0.4945,565.0,8.0,-0.0024,0.0,0.0391,-0.0011,-0.0217,0.2185,-0.14,0.17,0.17,0.17,down,0.17,2026-09-21T13:01:36,-45.1613,0.310000007040799,339.465,2026-09-21 19:44:12,2026-09-21 15:45:04
AAPL,AAPL281215P00070000,AAPL,2028-12-15,P,70.0,0.15,14.0,0.41,293.0,0.4744,63.0,0.0,-0.0033,0.0,0.0525,-0.0014,-0.0297,0.2926,0.0,0.0,0.0,0.0,up,0.43,2026-08-10T10:25:23,0.0,0.310000002384186,339.465,2026-09-21 19:44:12,2026-09-21 15:45:04
AAPL,AAPL281215P00080000,AAPL,2028-12-15,P,80.0,0.11,392.0,0.5,386.0,0.4418,136.0,0.0,-0.0045,0.0001,0.0684,-0.0018,-0.0397,0.3847,0.0,0.0,0.0,0.0,down,0.54,2026-08-10T13:00:19,0.0,0.344999987632036,339.465,2026-09-21 19:44:12,2026-09-21 15:45:04
AAPL,AAPL281215P00090000,AAPL,2028-12-15,P,90.0,0.17,424.0,0.61,355.0,0.4219,199.0,0.0,-0.006,0.0001,0.0878,-0.0022,-0.0521,0.4987,0.0,0.0,0.0,0.0,down,0.49,2026-09-15T10:12:27,0.0,0.445000007748604,339.465,2026-09-21 19:44:12,2026-09-21 15:45:04
AAPL,AAPL281215P00100000,AAPL,2028-12-15,P,100.0,0.55,1.0,0.76,317.0,0.4209,1267.0,0.0,-0.0078,0.0001,0.1107,-0.0026,-0.0675,0.6405,0.0,0.0,0.0,0.0,down,0.58,2026-09-18T09:33:22,0.0,0.620000004768372,339.465,2026-09-21 19:44:12,2026-09-21 15:45:04
AAPL,AAPL281215P00110000,AAPL,2028-12-15,P,110.0,0.67,66.0,0.93,264.0,0.4038,681.0,0.0,-0.01,0.0001,0.1381,-0.0032,-0.0858,0.8152,0.0,0.0,0.0,0.0,down,0.88,2026-09-16T09:30:05,0.0,0.9200000166893,339.465,2026-09-21 19:44:12,2026-09-21 15:45:04
AAPL,AAPL281215P00120000,AAPL,2028-12-15,P,120.0,0.94,13.0,1.15,13.0,0.393,170.0,0.0,-0.0127,0.0002,0.17,-0.0038,-0.1088,1.0301,0.0,0.0,0.0,0.0,down,1.01,2026-09-18T14:28:49,0.0,1.12999999523163,339.465,2026-09-21 19:44:12,2026-09-21 15:45:04
AAPL,AAPL281215P00125000,AAPL,2028-12-15,P,125.0,1.08,12.0,1.28,12.0,0.3872,50.0,0.0,-0.0143,0.0002,0.188,-0.0041,-0.122,1.1592,0.0,0.0,0.0,0.0,down,1.25,2026-09-16T13:39:41,0.0,1.21499997377396,339.465,2026-09-21 19:44:12,2026-09-21 15:45:04
AAPL,AAPL281215P00130000,AAPL,2028-12-15,P,130.0,1.22,12.0,1.42,12.0,0.3815,323.0,0.0,-0.0161,0.0002,0.2079,-0.0045,-0.1366,1.299,0.0,0.0,0.0,0.0,up,1.98,2026-08-28T09:33:35,0.0,1.41499996185303,339.465,2026-09-21 19:44:12,2026-09-21 15:45:04
AAPL,AAPL281215P00135000,AAPL,2028-12-15,P,135.0,1.38,12.0,1.58,12.0,0.3766,297.0,7.0,-0.0179,0.0002,0.2285,-0.0049,-0.1521,1.4508,-0.035,1.42,1.42,1.42,down,1.42,2026-09-21T14:27:14,-2.4055,1.4549999833107,339.465,2026-09-21 19:44:12,2026-09-21 15:45:04
AAPL,AAPL281215P00140000,AAPL,2028-12-15,P,140.0,1.55,12.0,1.73,3.0,0.371,495.0,0.0,-0.02,0.0003,0.2511,-0.0053,-0.1702,1.6214,0.0,0.0,0.0,0.0,down,1.75,2026-09-17T14:42:45,0.0,1.71999996900558,339.465,2026-09-21 19:44:12,2026-09-21 15:45:04
AAPL,AAPL281215P00145000,AAPL,2028-12-15,P,145.0,1.73,12.0,1.93,12.0,0.3663,447.0,14.0,-0.0223,0.0003,0.2743,-0.0058,-0.1885,1.8098,-0.115,1.9,1.92,1.78,up,1.8,2026-09-21T12:31:36,-6.00522,1.91500002145767,339.465,2026-09-21 19:44:12,2026-09-21 15:45:04
AAPL,AAPL281215P00150000,AAPL,2028-12-15,P,150.0,1.95,12.0,2.12,12.0,0.3618,847.0,46.0,-0.0248,0.0003,0.3002,-0.0062,-0.2092,2.0147,-0.13,2.1,2.13,2.04,down,2.04,2026-09-21T15:09:42,-5.99078,2.16999995708466,339.465,2026-09-21 19:44:12,2026-09-21 15:45:04
AAPL,AAPL281215P00155000,AAPL,2028-12-15,P,155.0,2.19,12.0,2.37,12.0,0.3579,482.0,18.0,-0.0276,0.0004,0.3272,-0.0067,-0.2318,2.2437,0.015,2.4,2.4,2.27,down,2.39,2026-09-21T12:31:36,0.631579,2.375,339.465,2026-09-21 19:44:12,2026-09-21 15:45:04
AAPL,AAPL281215P00160000,AAPL,2028-12-15,P,160.0,2.35,4.0,2.67,12.0,0.3532,594.0,0.0,-0.0306,0.0004,0.3569,-0.0072,-0.257,2.4927,0.0,0.0,0.0,0.0,down,2.89,2026-09-16T11:24:39,0.0,2.64499998092651,339.465,2026-09-21 19:44:12,2026-09-21 15:45:04
AAPL,AAPL281215P00165000,AAPL,2028-12-15,P,165.0,2.52,192.0,2.97,52.0,0.3482,559.0,3.0,-0.0338,0.0004,0.386,-0.0078,-0.2822,2.7664,-0.045,2.9,2.9,2.9,down,2.9,2026-09-21T11:12:40,-1.52802,2.94500005245209,339.465,2026-09-21 19:44:12,2026-09-21 15:45:04
AAPL,AAPL281215P00170000,AAPL,2028-12-15,P,170.0,2.91,12.0,3.3,5.0,0.3462,817.0,0.0,-0.0373,0.0005,0.4184,-0.0084,-0.3091,3.0612,0.0,0.0,0.0,0.0,down,3.49,2026-09-17T10:38:44,0.0,3.29999995231628,339.465,2026-09-21 19:44:12,2026-09-21 15:45:04
AAPL,AAPL281215P00175000,AAPL,2028-12-15,P,175.0,3.25,3.0,3.65,6.0,0.343,325.0,0.0,-0.0411,0.0005,0.4516,-0.009,-0.3391,3.3862,0.0,0.0,0.0,0.0,up,4.0,2026-09-16T10:28:22,0.0,3.52499997615814,339.465,2026-09-21 19:44:12,2026-09-21 15:45:04
AAPL,AAPL281215P00180000,AAPL,2028-12-15,P,180.0,3.55,98.0,4.0,68.0,0.339,2199.0,1.0,-0.0452,0.0006,0.4886,-0.0096,-0.3717,3.7393,-0.325,3.8,3.8,3.8,down,3.8,2026-09-21T15:00:28,-7.87879,4.125,339.465,2026-09-21 19:44:12,2026-09-21 15:45:04
AAPL,AAPL281215P00185000,AAPL,2028-12-15,P,185.0,4.0,3.0,4.4,6.0,0.3364,430.0,0.0,-0.0496,0.0006,0.5244,-0.0103,-0.4067,4.1286,0.0,0.0,0.0,0.0,up,4.67,2026-09-16T10:22:54,0.0,4.32500004768372,339.465,2026-09-21 19:44:12,2026-09-21 15:45:04
AAPL,AAPL281215P00190000,AAPL,2028-12-15,P,190.0,4.35,131.0,4.75,222.0,0.3321,1988.0,2.0,-0.0542,0.0007,0.5625,-0.0109,-0.4432,4.5414,0.105,4.93,4.93,4.93,no_change,4.93,2026-09-21T09:32:38,2.17617,4.82499980926514,339.465,2026-09-21 19:44:12,2026-09-21 15:45:04
AAPL,AAPL281215P00195000,AAPL,2028-12-15,P,195.0,4.8,69.0,5.3,249.0,0.33,843.0,2.0,-0.0593,0.0007,0.6023,-0.0116,-0.4822,4.9926,-0.3,5.0,5.0,4.95,down,4.95,2026-09-21T14:03:24,-5.71429,5.25,339.465,2026-09-21 19:44:12,2026-09-21 15:45:04
AAPL,AAPL281215P00200000,AAPL,2028-12-15,P,200.0,5.3,47.0,5.6,36.0,0.3258,4037.0,5.0,-0.0646,0.0008,0.6445,-0.0124,-0.5237,5.4798,-0.525,6.15,6.15,5.45,down,5.45,2026-09-21T14:03:24,-8.78661,5.97499990463257,339.465,2026-09-21 19:44:12,2026-09-21 15:45:04
AAPL,AAPL281215P00210000,AAPL,2028-12-15,P,210.0,6.4,53.0,6.7,36.0,0.3206,2110.0,14.0,-0.0765,0.0009,0.7293,-0.0139,-0.6148,6.5738,-0.5,7.1,7.1,6.55,down,6.55,2026-09-21T13:59:15,-7.0922,7.05000019073486,339.465,2026-09-21 19:44:12,2026-09-21 15:45:04
AAPL,AAPL281215P00220000,AAPL,2028-12-15,P,220.0,7.6,44.0,8.0,17.0,0.3157,2138.0,1.0,-0.0898,0.0011,0.8204,-0.0154,-0.7155,7.8355,-0.53,7.82,7.82,7.82,down,7.82,2026-09-21T13:35:11,-6.3473,8.34999990463257,339.465,2026-09-21 19:44:12,2026-09-21 15:45:04
AAPL,AAPL281215P00230000,AAPL,2028-12-15,P,230.0,9.0,174.0,9.65,251.0,0.3121,1117.0,18.0,-0.1046,0.0012,0.9162,-0.0171,-0.8215,9.2863,-0.65,9.95,9.95,9.25,down,9.25,2026-09-21T14:02:58,-6.56566,9.90000009536743,339.465,2026-09-21 19:44:12,2026-09-21 15:45:04
AAPL,AAPL281215P00240000,AAPL,2028-12-15,P,240.0,10.75,50.0,11.2,264.0,0.3079,1542.0,32.0,-0.1211,0.0014,1.0136,-0.0188,-0.9399,10.9381,-0.675,11.0,11.0,11.0,no_change,11.0,2026-09-21T15:27:44,-5.78158,11.6749997138977,339.465,2026-09-21 19:44:12,2026-09-21 15:45:04
AAPL,AAPL281215P00250000,AAPL,2028-12-15,P,250.0,12.6,13.0,13.1,269.0,0.3041,1764.0,28.0,-0.1393,0.0015,1.1135,-0.0205,-1.0673,12.8115,-0.605,14.15,14.15,13.02,down,13.02,2026-09-21T13:11:44,-4.44037,13.625,339.465,2026-09-21 19:44:12,2026-09-21 15:45:04
AAPL,AAPL281215P00260000,AAPL,2028-12-15,P,260.0,14.6,193.0,15.3,414.0,0.3005,10045.0,32.0,-0.1591,0.0017,1.2134,-0.0223,-1.2027,14.9181,-1.05,16.35,16.35,14.85,down,14.85,2026-09-21T13:25:11,-6.60378,15.9000005722046,339.465,2026-09-21 19:44:12,2026-09-21 15:45:04
AAPL,AAPL281215P00270000,AAPL,2028-12-15,P,270.0,17.0,194.0,17.65,405.0,0.2974,718.0,51.0,-0.1806,0.0019,1.3139,-0.024,-1.3403,17.276,-0.98,18.67,18.67,17.2,up,17.42,2026-09-21T14:59:23,-5.32609,18.3999996185303,339.465,2026-09-21 19:44:12,2026-09-21 15:45:04
AAPL,AAPL281215P00280000,AAPL,2028-12-15,P,280.0,19.75,50.0,20.25,432.0,0.2947,2842.0,37.0,-0.2039,0.0021,1.4054,-0.0258,-1.4791,19.9039,-0.875,21.0,21.0,19.9,up,20.05,2026-09-21T14:09:11,-4.1816,20.9250001907349,339.465,2026-09-21 19:44:12,2026-09-21 15:45:04
AAPL,AAPL281215P00290000,AAPL,2028-12-15,P,290.0,22.5,192.0,23.25,421.0,0.2916,884.0,4.0,-0.2287,0.0023,1.4976,-0.0275,-1.6254,22.8059,-1.075,23.8,23.8,22.85,down,22.85,2026-09-21T13:18:03,-4.49321,23.9250001907349,339.465,2026-09-21 19:44:12,2026-09-21 15:45:04
AAPL,AAPL281215P00300000,AAPL,2028-12-15,P,300.0,25.5,348.0,26.5,451.0,0.2885,2413.0,57.0,-0.2552,0.0025,1.5825,-0.0292,-1.7618,26.008,-1.125,27.5,27.5,26.04,no_change,26.25,2026-09-21T14:45:48,-4.10959,27.375,339.465,2026-09-21 19:44:12,2026-09-21 15:45:04
AAPL,AAPL281215P00310000,AAPL,2028-12-15,P,310.0,29.2,86.0,30.1,409.0,0.287,1294.0,12.0,-0.2832,0.0027,1.6574,-0.0308,-1.9179,29.5096,-1.075,29.85,29.85,29.85,no_change,29.85,2026-09-21T13:01:02,-3.47615,30.9250001907349,339.465,2026-09-21 19:44:12,2026-09-21 15:45:04
AAPL,AAPL281215P00320000,AAPL,2028-12-15,P,320.0,32.75,287.0,34.1,339.0,0.2845,910.0,14.0,-0.3128,0.0029,1.7285,-0.0323,-2.0591,33.3293,-1.64,34.5,34.77,33.41,down,33.41,2026-09-21T13:58:08,-4.67903,35.0499992370606,339.465,2026-09-21 19:44:12,2026-09-21 15:45:04
AAPL,AAPL281215P00330000,AAPL,2028-12-15,P,330.0,37.0,183.0,38.0,444.0,0.2821,1927.0,1.0,-0.3438,0.0031,1.7842,-0.0338,-2.1914,37.4757,0.825,40.1,40.1,40.1,up,40.1,2026-09-21T09:30:46,2.10057,39.2750015258789,339.465,2026-09-21 19:44:12,2026-09-21 15:45:04
AAPL,AAPL281215P00340000,AAPL,2028-12-15,P,340.0,41.25,373.0,43.1,557.0,0.2812,334.0,3.0,-0.3762,0.0033,1.8285,-0.0352,-2.3113,41.9531,-0.625,43.5,43.5,42.9,down,42.9,2026-09-21T12:10:03,-1.43596,43.5249996185303,339.465,2026-09-21 19:44:12,2026-09-21 15:45:04
AAPL,AAPL281215P00350000,AAPL,2028-12-15,P,350.0,46.0,496.0,47.75,607.0,0.2788,574.0,26.0,-0.4097,0.0035,1.8566,-0.0364,-2.3919,46.7761,-1.695,47.37,47.37,47.04,down,47.08,2026-09-21T14:45:34,-3.47514,48.7749996185303,339.465,2026-09-21 19:44:12,2026-09-21 15:45:04
AAPL,AAPL281215P00360000,AAPL,2028-12-15,P,360.0,51.45,53.0,53.15,230.0,0.2786,1686.0,4.0,-0.4444,0.0037,1.878,-0.0376,-2.4718,51.9302,-1.6,53.55,53.55,52.25,up,52.3,2026-09-21T13:09:54,-2.96846,53.9000015258789,339.465,2026-09-21 19:44:12,2026-09-21 15:45:04
AAPL,AAPL281215P00370000,AAPL,2028-12-15,P,370.0,56.75,94.0,58.9,204.0,0.2772,136.0,11.0,-0.4804,0.0039,1.8821,-0.0388,-2.5822,57.4437,-1.515,57.75,57.86,57.75,no_change,57.86,2026-09-21T14:23:47,-2.55158,59.375,339.465,2026-09-21 19:44:12,2026-09-21 15:45:04
AAPL,AAPL281215P00380000,AAPL,2028-12-15,P,380.0,63.0,20.0,64.65,237.0,0.2766,1037.0,132.0,-0.5172,0.004,1.8608,-0.0399,-2.6241,63.3168,-1.4,64.6,64.9,64.0,down,64.0,2026-09-21T14:23:17,-2.14067,65.3999977111816,339.465,2026-09-21 19:44:12,2026-09-21 15:45:04
AAPL,AAPL281215P00390000,AAPL,2028-12-15,P,390.0,68.5,100.0,70.7,84.0,0.273,112.0,6.0,-0.5549,0.0042,1.813,-0.0408,-2.5914,69.5321,-1.905,70.02,70.02,70.02,down,70.02,2026-09-21T14:36:22,-2.64859,71.9249992370606,339.465,2026-09-21 19:44:12,2026-09-21 15:45:04
AAPL,AAPL281215P00400000,AAPL,2028-12-15,P,400.0,75.45,5.0,77.75,214.0,0.2744,142.0,0.0,-0.5929,0.0044,1.78,-0.0415,-2.5593,76.087,0.0,0.0,0.0,0.0,no_change,79.0,2026-09-18T10:04:48,0.0,78.7000007629394,339.465,2026-09-21 19:44:12,2026-09-21 15:45:04
AAPL,AAPL281215P00410000,AAPL,2028-12-15,P,410.0,82.3,6.0,84.5,120.0,0.2727,16.0,1.0,-0.6323,0.0046,1.7106,-0.0422,-2.5952,83.0139,-0.775,84.7,84.7,84.7,down,84.7,2026-09-21T10:47:19,-0.906696,85.4749984741211,339.465,2026-09-21 19:44:12,2026-09-21 15:45:04
AAPL,AAPL281215P00420000,AAPL,2028-12-15,P,420.0,89.3,106.0,91.9,326.0,0.2714,19.0,0.0,-0.6721,0.0047,1.591,-0.0426,-2.4628,90.2932,0.0,0.0,0.0,0.0,up,93.7,2026-09-18T12:18:50,0.0,93.0,339.465,2026-09-21 19:44:12,2026-09-21 15:45:04
AAPL,AAPL281215P00430000,AAPL,2028-12-15,P,430.0,96.9,91.0,99.35,236.0,0.2703,10.0,2.0,-0.712,0.0049,1.5005,-0.043,-2.2259,97.8831,-1.285,99.49,99.49,99.49,no_change,99.49,2026-09-21T11:01:35,-1.27512,100.775001525879,339.465,2026-09-21 19:44:12,2026-09-21 15:45:04
AAPL,AAPL281215P00440000,AAPL,2028-12-15,P,440.0,104.8,89.0,108.0,133.0,0.272,7.0,0.0,-0.753,0.0051,1.3785,-0.0436,-2.2553,105.837,0.0,0.0,0.0,0.0,up,129.98,2026-08-24T12:42:51,0.0,108.825000762939,339.465,2026-09-21 19:44:12,2026-09-21 15:45:04
AAPL,AAPL281215P00450000,AAPL,2028-12-15,P,450.0,112.95,165.0,116.35,418.0,0.2715,8.0,8.0,-0.7945,0.0053,1.1691,-0.0445,-1.9276,114.1504,-2.725,114.5,114.5,114.5,down,114.5,2026-09-21T14:46:50,-2.32459,117.225002288818,339.465,2026-09-21 19:44:12,2026-09-21 15:45:04
AAPL,AAPL281215P00460000,AAPL,2028-12-15,P,460.0,121.55,105.0,124.25,70.0,0.2684,1.0,0.0,-0.8365,0.0055,1.0465,-0.0461,-1.449,122.7414,0.0,0.0,0.0,0.0,up,148.54,2026-08-24T12:41:57,0.0,126.075000762939,339.465,2026-09-21 19:44:12,2026-09-21 15:45:04
AAPL,AAPL281215P00470000,AAPL,2028-12-15,P,470.0,130.6,73.0,134.0,139.0,0.2732,0.0,0.0,-0.8789,0.0057,0.8332,-0.0469,-1.4408,131.7091,0.0,0.0,0.0,0.0,up,158.23,2026-08-24T12:42:51,0.0,135.024993896484,339.465,2026-09-21 19:44:12,2026-09-21 15:45:04
AAPL,AAPL281215P00480000,AAPL,2028-12-15,P,480.0,139.9,90.0,142.6,90.0,0.2709,0.0,2.0,-0.9147,0.0053,0.5607,-0.0469,-0.8227,141.001,-2.55,141.7,141.7,141.7,down,141.7,2026-09-21T12:26:52,-1.76776,144.25,339.465,2026-09-21 19:44:12,2026-09-21 15:45:04
AAPL,AAPL281215P00490000,AAPL,2028-12-15,P,490.0,149.35,28.0,153.0,114.0,0.28,2.0,0.0,-0.9456,0.0044,0.4142,-0.0481,0.0,150.5357,0.0,0.0,0.0,0.0,down,156.6,2026-09-16T10:42:28,0.0,154.074996948242,339.465,2026-09-21 19:44:12,2026-09-21 15:45:04
AAPL,AAPL281215P00500000,AAPL,2028-12-15,P,500.0,159.1,7.0,163.0,109.0,0.2877,0.0,0.0,-0.9677,0.0026,0.0,-0.0481,0.0,160.5357,0.0,0.0,0.0,0.0,down,167.0,2026-09-14T11:17:34,0.0,163.875,339.465,2026-09-21 19:44:12,2026-09-21 15:45:04
AAPL,AAPL281215P00510000,AAPL,2028-12-15,P,510.0,168.65,13.0,173.0,83.0,0.2929,0.0,0.0,-0.9855,0.0012,0.0,-0.0481,0.0,170.5357,0.0,0.0,0.0,0.0,down,177.95,2026-09-11T09:56:11,0.0,173.875,339.465,2026-09-21 19:44:12,2026-09-21 15:45:04
AAPL,AAPL281215P00520000,AAPL,2028-12-15,P,520.0,178.9,7.0,183.0,9.0,0.3055,0.0,0.0,-0.9963,0.0003,0.0,-0.0481,0.0,180.5357,0.0,0.0,0.0,0.0,down,191.8,2026-09-03T10:18:15,0.0,183.875,339.465,2026-09-21 19:44:12,2026-09-21 15:45:04
AAPL,AAPL281215P00530000,AAPL,2028-12-15,P,530.0,188.8,8.0,193.0,10.0,0.314,0.0,0.0,-1.0,0.0,0.0,-0.0481,0.0,190.5357,0.0,0.0,0.0,0.0,down,205.0,2026-09-01T11:23:27,0.0,193.974998474121,339.465,2026-09-21 19:44:12,2026-09-21 15:45:04
AAPL,AAPL281215P00540000,AAPL,2028-12-15,P,540.0,199.05,3.0,203.0,9.0,0.3261,0.0,0.0,-1.0,0.0,0.0,-0.0481,0.0,200.5357,0.0,0.0,0.0,0.0,down,207.0,2026-09-11T14:24:20,0.0,204.0,339.465,2026-09-21 19:44:12,2026-09-21 15:45:04
AAPL,AAPL281215P00550000,AAPL,2028-12-15,P,550.0,208.35,8.0,213.0,10.0,0.3274,0.0,0.0,-1.0,0.0,0.0,-0.0481,0.0,210.5357,0.0,0.0,0.0,0.0,up,216.5,2026-09-17T12:19:00,0.0,214.0,339.465,2026-09-21 19:44:12,2026-09-21 15:45:04
AAPL,AAPL281215P00560000,AAPL,2028-12-15,P,560.0,219.15,6.0,223.0,9.0,0.3453,0.0,0.0,-1.0,0.0,0.0,-0.0481,0.0,220.5357,0.0,0.0,0.0,0.0,no_change,0.0,,0.0,224.0,339.465,2026-09-21 19:44:12,2026-09-21 15:45:04
AAPL,AAPL281215P00570000,AAPL,2028-12-15,P,570.0,228.5,1.0,233.0,10.0,0.3468,0.0,0.0,-1.0,0.0,0.0,-0.0481,0.0,230.5357,0.0,0.0,0.0,0.0,up,241.93,2026-07-21T15:54:13,0.0,234.0,339.465,2026-09-21 19:44:12,2026-09-21 15:45:04
AAPL,AAPL281215P00580000,AAPL,2028-12-15,P,580.0,238.3,1.0,243.0,10.0,0.353,0.0,0.0,-1.0,0.0,0.0,-0.0481,0.0,240.5357,0.0,0.0,0.0,0.0,up,252.6,2026-07-21T15:53:36,0.0,244.0,339.465,2026-09-21 19:44:12,2026-09-21 15:45:04
AAPL,AAPL281215P00590000,AAPL,2028-12-15,P,590.0,248.55,2.0,253.0,9.0,0.3643,0.0,0.0,-1.0,0.0,0.0,-0.0481,0.0,250.5357,0.0,0.0,0.0,0.0,no_change,264.5,2026-07-21T15:36:46,0.0,254.0,339.465,2026-09-21 19:44:12,2026-09-21 15:45:04
AAPL,AAPL281215P00600000,AAPL,2028-12-15,P,600.0,258.3,2.0,263.0,10.0,0.3695,0.0,0.0,-1.0,0.0,0.0,-0.0481,0.0,260.5357,0.0,0.0,0.0,0.0,up,318.86,2026-06-26T14:16:43,0.0,264.0,339.465,2026-09-21 19:44:12,2026-09-21 15:45:04
AAPL,AAPL290119C00005000,AAPL,2029-01-19,C,5.0,330.1,71.0,338.65,1.0,0.0,0.0,0.0,1.0,0.0,0.0004,0.0,0.0199,334.794,0.0,0.0,0.0,0.0,no_change,0.0,,0.0,331.074996948242,339.465,2026-09-21 19:44:12,2026-09-21 15:45:04
AAPL,AAPL290119C00010000,AAPL,2029-01-19,C,10.0,325.1,54.0,333.55,6.0,0.0,0.0,0.0,1.0,0.0,0.0003,0.0,0.0449,330.0646,0.0,0.0,0.0,0.0,no_change,0.0,,0.0,326.375,339.465,2026-09-21 19:44:12,2026-09-21 15:45:04
AAPL,AAPL290119C00015000,AAPL,2029-01-19,C,15.0,322.0,2.0,327.0,2.0,0.0,0.0,0.0,1.0,0.0,0.0004,0.0,0.0853,325.1825,0.0,0.0,0.0,0.0,no_change,0.0,,0.0,321.0,339.465,2026-09-21 19:44:12,2026-09-21 15:45:04
AAPL,AAPL290119C00020000,AAPL,2029-01-19,C,20.0,317.5,2.0,322.5,2.0,0.0,0.0,0.0,1.0,0.0,0.0034,0.0,0.1344,320.3365,0.0,0.0,0.0,0.0,no_change,0.0,,0.0,316.5,339.465,2026-09-21 19:44:12,2026-09-21 15:45:04
AAPL,AAPL290119C00025000,AAPL,2029-01-19,C,25.0,313.0,2.0,318.0,2.0,0.5797,0.0,0.0,1.0,0.0,0.0099,0.0,0.2573,315.5416,0.0,0.0,0.0,0.0,no_change,0.0,,0.0,312.0,339.465,2026-09-21 19:44:12,2026-09-21 15:45:04
AAPL,AAPL290119C00030000,AAPL,2029-01-19,C,30.0,308.5,1.0,313.5,1.0,0.6584,0.0,0.0,1.0,0.0,0.0154,0.0,0.5368,310.9172,0.0,0.0,0.0,0.0,no_change,0.0,,0.0,307.5,339.465,2026-09-21 19:44:12,2026-09-21 15:45:04
AAPL,AAPL290119C00035000,AAPL,2029-01-19,C,35.0,304.0,7.0,309.0,1.0,0.6156,0.0,0.0,1.0,0.0,0.0184,0.0,0.7141,306.4442,0.0,0.0,0.0,0.0,no_change,0.0,,0.0,303.0,339.465,2026-09-21 19:44:12,2026-09-21 15:45:04
AAPL,AAPL290119C00040000,AAPL,2029-01-19,C,40.0,300.0,2.0,305.0,2.0,0.6907,0.0,0.0,0.9997,0.0,0.0216,0.0,0.8343,302.0178,0.0,0.0,0.0,0.0,no_change,0.0,,0.0,298.5,339.465,2026-09-21 19:44:12,2026-09-21 15:45:04
AAPL,AAPL290119C00045000,AAPL,2029-01-19,C,45.0,295.5,2.0,300.5,2.0,0.6436,0.0,0.0,0.9994,0.0,0.0257,0.0,0.9418,297.6055,0.0,0.0,0.0,0.0,no_change,0.0,,0.0,294.0,339.465,2026-09-21 19:44:12,2026-09-21 15:45:04
AAPL,AAPL290119C00050000,AAPL,2029-01-19,C,50.0,291.0,2.0,293.0,10.0,0.0,140.0,0.0,0.999,0.0,0.0305,0.0,1.044,293.199,0.0,0.0,0.0,0.0,down,289.53,2026-09-18T14:32:10,0.0,290.0,339.465,2026-09-21 19:44:12,2026-09-21 15:45:04
AAPL,AAPL290119C00060000,AAPL,2029-01-19,C,60.0,282.0,1.0,287.0,1.0,0.5218,1.0,0.0,0.9983,0.0,0.0418,0.0,1.2443,284.3973,0.0,0.0,0.0,0.0,down,280.14,2026-09-18T14:19:59,0.0,281.0,339.465,2026-09-21 19:44:12,2026-09-21 15:45:04
AAPL,AAPL290119C00070000,AAPL,2029-01-19,C,70.0,273.5,2.0,278.5,2.0,0.5289,0.0,2.0,0.9973,0.0,0.0556,0.0,1.4422,275.6105,2.5,274.55,274.55,274.5,down,274.5,2026-09-21T14:57:34,0.919118,272.0,339.465,2026-09-21 19:44:12,2026-09-21 15:45:04
AAPL,AAPL290119C00080000,AAPL,2029-01-19,C,80.0,264.5,7.0,269.5,2.0,0.4728,107.0,0.0,0.9962,0.0001,0.0722,0.0,1.6379,266.842,0.0,0.0,0.0,0.0,down,262.0,2026-09-18T12:42:54,0.0,263.5,339.465,2026-09-21 19:44:12,2026-09-21 15:45:04
AAPL,AAPL290119C00090000,AAPL,2029-01-19,C,90.0,256.0,7.0,261.0,2.0,0.4716,0.0,0.0,0.9947,0.0001,0.0921,0.0,1.8309,258.0957,0.0,0.0,0.0,0.0,no_change,0.0,,0.0,254.5,339.465,2026-09-21 19:44:12,2026-09-21 15:45:04
AAPL,AAPL290119C00100000,AAPL,2029-01-19,C,100.0,247.0,10.0,252.0,2.0,0.4277,4.0,2.0,0.9929,0.0001,0.1156,0.0,2.0204,249.3773,2.55,248.6,248.6,248.55,down,248.55,2026-09-21T14:46:31,1.03659,246.0,339.465,2026-09-21 19:44:12,2026-09-21 15:45:04
AAPL,AAPL290119C00110000,AAPL,2029-01-19,C,110.0,238.5,2.0,243.5,2.0,0.4231,1.0,0.0,0.9907,0.0001,0.1434,0.0,2.2061,240.6924,0.0,0.0,0.0,0.0,down,233.95,2026-09-16T12:16:22,0.0,237.5,339.465,2026-09-21 19:44:12,2026-09-21 15:45:04
AAPL,AAPL290119C00115000,AAPL,2029-01-19,C,115.0,234.0,78.0,238.85,10.0,0.4,0.0,0.0,0.9894,0.0001,0.1591,0.0,2.2971,236.3648,0.0,0.0,0.0,0.0,no_change,0.0,,0.0,233.0,339.465,2026-09-21 19:44:12,2026-09-21 15:45:04
AAPL,AAPL290119C00120000,AAPL,2029-01-19,C,120.0,230.0,10.0,234.65,10.0,0.4053,10.0,0.0,0.988,0.0002,0.1759,0.0,2.3868,232.0485,0.0,0.0,0.0,0.0,up,223.59,2026-09-15T14:30:30,0.0,228.800003051758,339.465,2026-09-21 19:44:12,2026-09-21 15:45:04
AAPL,AAPL290119C00125000,AAPL,2029-01-19,C,125.0,225.5,80.0,230.3,10.0,0.3922,35.0,0.0,0.9864,0.0002,0.1939,0.0,2.4753,227.7444,0.0,0.0,0.0,0.0,down,223.93,2026-09-18T09:56:32,0.0,224.5,339.465,2026-09-21 19:44:12,2026-09-21 15:45:04
AAPL,AAPL290119C00130000,AAPL,2029-01-19,C,130.0,221.5,10.0,225.9,10.0,0.3901,0.0,2.0,0.9847,0.0002,0.2133,0.0,2.5623,223.4535,2.4,222.6,222.6,222.55,down,222.55,2026-09-21T14:47:20,1.09017,220.150001525879,339.465,2026-09-21 19:44:12,2026-09-21 15:45:04
AAPL,AAPL290119C00135000,AAPL,2029-01-19,C,135.0,217.0,76.0,221.95,10.0,0.386,5.0,0.0,0.9828,0.0002,0.2344,0.0,2.6475,219.1769,0.0,0.0,0.0,0.0,up,209.4,2026-09-15T14:37:04,0.0,216.0,339.465,2026-09-21 19:44:12,2026-09-21 15:45:04
AAPL,AAPL290119C00140000,AAPL,2029-01-19,C,140.0,213.0,10.0,217.35,10.0,0.3786,0.0,0.0,0.9808,0.0002,0.2568,0.0,2.7309,214.9161,0.0,0.0,0.0,0.0,no_change,0.0,,0.0,211.650001525879,339.465,2026-09-21 19:44:12,2026-09-21 15:45:04
AAPL,AAPL290119C00145000,AAPL,2029-01-19,C,145.0,208.65,108.0,212.2,9.0,0.3543,17.0,1.0,0.9786,0.0003,0.2804,0.0,2.8126,210.6723,-2.585,204.94,204.94,204.94,down,204.94,2026-09-21T09:42:59,-1.24563,207.525001525879,339.465,2026-09-21 19:44:12,2026-09-21 15:45:04
AAPL,AAPL290119C00150000,AAPL,2029-01-19,C,150.0,204.5,38.0,208.15,12.0,0.3552,11.0,1.0,0.9761,0.0003,0.3054,0.0,2.8926,206.4465,-1.55,201.7,201.7,201.7,down,201.7,2026-09-21T09:37:51,-0.762608,203.25,339.465,2026-09-21 19:44:12,2026-09-21 15:45:04
AAPL,AAPL290119C00155000,AAPL,2029-01-19,C,155.0,200.0,94.0,203.95,12.0,0.3467,0.0,2.0,0.9735,0.0003,0.3322,0.0,2.9704,202.24,2.45,201.45,201.45,201.45,no_change,201.45,2026-09-21T15:10:58,1.23116,199.0,339.465,2026-09-21 19:44:12,2026-09-21 15:45:04
AAPL,AAPL290119C00160000,AAPL,2029-01-19,C,160.0,196.0,104.0,199.8,12.0,0.3467,1.0,2.0,0.9707,0.0004,0.3608,0.0,3.0456,198.0546,1.06,196.31,196.31,196.31,up,196.31,2026-09-21T10:35:51,0.542894,195.25,339.465,2026-09-21 19:44:12,2026-09-21 15:45:04
AAPL,AAPL290119C00165000,AAPL,2029-01-19,C,165.0,191.5,98.0,195.1,12.0,0.3308,14.0,2.0,0.9676,0.0004,0.3905,0.0,3.1186,193.8917,2.35,193.35,193.35,193.1,down,193.1,2026-09-21T14:47:04,1.23198,190.75,339.465,2026-09-21 19:44:12,2026-09-21 15:45:04
AAPL,AAPL290119C00170000,AAPL,2029-01-19,C,170.0,187.5,149.0,191.7,21.0,0.34,6.0,70.0,0.9643,0.0004,0.4215,0.0,3.1896,189.7527,2.2,189.2,189.2,188.9,down,188.95,2026-09-21T14:47:06,1.17805,186.75,339.465,2026-09-21 19:44:12,2026-09-21 15:45:04
AAPL,AAPL290119C00175000,AAPL,2029-01-19,C,175.0,183.55,94.0,187.55,12.0,0.3383,8.0,1.0,0.9608,0.0005,0.4542,0.0,3.2581,185.6386,2.81,185.56,185.56,185.56,up,185.56,2026-09-21T14:42:20,1.53762,182.75,339.465,2026-09-21 19:44:12,2026-09-21 15:45:04
AAPL,AAPL290119C00180000,AAPL,2029-01-19,C,180.0,179.55,81.0,183.5,22.0,0.3365,2.0,0.0,0.9569,0.0005,0.4887,0.0,3.3236,181.5513,0.0,0.0,0.0,0.0,down,176.77,2026-09-16T09:38:11,0.0,178.75,339.465,2026-09-21 19:44:12,2026-09-21 15:45:04
AAPL,AAPL290119C00185000,AAPL,2029-01-19,C,185.0,175.1,110.0,179.3,12.0,0.328,73.0,1.0,0.9529,0.0006,0.5246,0.0,3.386,177.4928,3.75,178.5,178.5,178.5,up,178.5,2026-09-21T14:47:35,2.14592,174.75,339.465,2026-09-21 19:44:12,2026-09-21 15:45:04
AAPL,AAPL290119C00190000,AAPL,2029-01-19,C,190.0,171.1,124.0,175.35,12.0,0.3264,3.0,0.0,0.9485,0.0006,0.5615,0.0,3.4459,173.4644,0.0,0.0,0.0,0.0,up,171.31,2026-09-17T15:24:42,0.0,170.75,339.465,2026-09-21 19:44:12,2026-09-21 15:45:04
AAPL,AAPL290119C00195000,AAPL,2029-01-19,C,195.0,167.05,200.0,170.95,15.0,0.3198,0.0,2.0,0.9439,0.0007,0.5996,0.0,3.5033,169.4674,-0.1,168.35,168.35,166.65,down,166.65,2026-09-21T09:57:17,-0.05997,166.75,339.465,2026-09-21 19:44:12,2026-09-21 15:45:04
AAPL,AAPL290119C00200000,AAPL,2029-01-19,C,200.0,163.65,412.0,166.8,91.0,0.3207,147.0,3.0,0.939,0.0007,0.6395,0.0,3.5574,165.5033,2.475,163.62,165.2,163.62,down,165.05,2026-09-21T15:27:55,1.52237,162.575004577637,339.465,2026-09-21 19:44:12,2026-09-21 15:45:04
AAPL,AAPL290119C00210000,AAPL,2029-01-19,C,210.0,155.9,134.0,159.35,32.0,0.3192,13.0,4.0,0.9282,0.0008,0.7229,0.0,3.6548,157.682,1.4,153.62,156.4,153.62,up,156.4,2026-09-21T14:47:49,0.903226,155.0,339.465,2026-09-21 19:44:12,2026-09-21 15:45:04
AAPL,AAPL290119C00220000,AAPL,2029-01-19,C,220.0,148.15,230.0,151.0,52.0,0.3097,3.0,5.0,0.9163,0.001,0.8094,0.0,3.7407,150.013,2.4,145.45,149.65,145.45,up,149.65,2026-09-21T15:18:26,1.62988,147.25,339.465,2026-09-21 19:44:12,2026-09-21 15:45:04
AAPL,AAPL290119C00230000,AAPL,2029-01-19,C,230.0,140.5,211.0,143.9,76.0,0.3074,9.0,3.0,0.9031,0.0011,0.9007,0.0,3.8111,142.5086,1.025,141.4,141.4,141.0,down,141.0,2026-09-21T14:07:56,0.732275,139.974998474121,339.465,2026-09-21 19:44:12,2026-09-21 15:45:04
AAPL,AAPL290119C00240000,AAPL,2029-01-19,C,240.0,133.1,159.0,136.25,3.0,0.3016,11.0,0.0,0.8886,0.0012,0.9931,-0.0006,3.8687,135.1826,0.0,0.0,0.0,0.0,down,132.6,2026-09-18T15:43:47,0.0,132.599998474121,339.465,2026-09-21 19:44:12,2026-09-21 15:45:04
AAPL,AAPL290119C00250000,AAPL,2029-01-19,C,250.0,126.2,418.0,129.2,102.0,0.2999,328.0,74.0,0.873,0.0013,1.088,-0.003,3.9115,128.0446,1.88,127.0,127.18,127.0,up,127.18,2026-09-21T14:35:46,1.5004,125.299999237061,339.465,2026-09-21 19:44:12,2026-09-21 15:45:04
AAPL,AAPL290119C00260000,AAPL,2029-01-19,C,260.0,119.6,330.0,121.85,95.0,0.2963,3.0,4.0,0.856,0.0015,1.183,-0.0054,3.939,121.1084,1.525,120.7,120.7,120.5,down,120.5,2026-09-21T15:07:46,1.28178,118.975002288818,339.465,2026-09-21 19:44:12,2026-09-21 15:45:04
AAPL,AAPL290119C00270000,AAPL,2029-01-19,C,270.0,112.9,333.0,115.55,134.0,0.2952,8.0,2.0,0.8379,0.0016,1.277,-0.0077,3.9543,114.3816,1.1,113.0,113.0,113.0,up,113.0,2026-09-21T10:30:07,0.983019,111.900001525879,339.465,2026-09-21 19:44:12,2026-09-21 15:45:04
AAPL,AAPL290119C00280000,AAPL,2029-01-19,C,280.0,106.0,370.0,108.65,56.0,0.2894,70.0,33.0,0.8187,0.0017,1.3703,-0.0099,3.9524,107.875,1.2,106.52,106.95,106.52,down,106.85,2026-09-21T15:04:37,1.13583,105.649997711182,339.465,2026-09-21 19:44:12,2026-09-21 15:45:04
AAPL,AAPL290119C00290000,AAPL,2029-01-19,C,290.0,100.2,313.0,102.15,39.0,0.2877,14.0,2.0,0.7984,0.0019,1.4595,-0.0121,3.9398,101.5968,0.85,100.5,100.9,100.5,up,100.9,2026-09-21T14:59:23,0.849576,100.049999237061,339.465,2026-09-21 19:44:12,2026-09-21 15:45:04
AAPL,AAPL290119C00300000,AAPL,2029-01-19,C,300.0,94.0,353.0,96.5,120.0,0.2861,49.0,22.0,0.7772,0.002,1.546,-0.0141,3.9121,95.5516,1.065,93.99,96.65,93.99,up,94.89,2026-09-21T15:18:26,1.13509,93.8250007629394,339.465,2026-09-21 19:44:12,2026-09-21 15:45:04
AAPL,AAPL290119C00310000,AAPL,2029-01-19,C,310.0,88.25,371.0,90.95,144.0,0.2848,5.0,250.0,0.755,0.0021,1.6274,-0.016,3.8716,89.7482,0.75,88.81,89.45,88.6,up,88.8,2026-09-21T13:52:43,0.85179,88.0499992370606,339.465,2026-09-21 19:44:12,2026-09-21 15:45:04
AAPL,AAPL290119C00320000,AAPL,2029-01-19,C,320.0,82.85,252.0,84.75,13.0,0.2812,59.0,4.0,0.7321,0.0022,1.7027,-0.0178,3.8219,84.1872,1.475,84.05,84.05,84.05,up,84.05,2026-09-21T12:33:51,1.78626,82.5749969482422,339.465,2026-09-21 19:44:12,2026-09-21 15:45:04
AAPL,AAPL290119C00330000,AAPL,2029-01-19,C,330.0,78.25,89.0,79.65,67.0,0.2819,68.0,1.0,0.7086,0.0024,1.7727,-0.0195,3.7575,78.8731,-0.11,77.64,77.64,77.64,up,77.64,2026-09-21T11:03:27,-0.141479,77.75,339.465,2026-09-21 19:44:12,2026-09-21 15:45:04
AAPL,AAPL290119C00340000,AAPL,2029-01-19,C,340.0,72.8,429.0,74.4,108.0,0.2784,123.0,4.0,0.6846,0.0025,1.835,-0.021,3.6862,73.8077,1.595,73.75,73.82,73.14,up,73.82,2026-09-21T15:14:24,2.20838,72.2249984741211,339.465,2026-09-21 19:44:12,2026-09-21 15:45:04
AAPL,AAPL290119C00350000,AAPL,2029-01-19,C,350.0,68.35,345.0,70.3,486.0,0.2796,127.0,24.0,0.6602,0.0026,1.89,-0.0223,3.6056,68.9877,1.375,67.36,69.0,67.36,no_change,68.8,2026-09-21T15:25:40,2.0393,67.4249992370606,339.465,2026-09-21 19:44:12,2026-09-21 15:45:04
AAPL,AAPL290119C00360000,AAPL,2029-01-19,C,360.0,62.35,466.0,65.05,55.0,0.2725,29.0,1.0,0.6355,0.0026,1.9376,-0.0235,3.5144,64.4152,-0.15,63.1,63.1,63.1,up,63.1,2026-09-21T11:17:01,-0.237154,63.25,339.465,2026-09-21 19:44:12,2026-09-21 15:45:04
AAPL,AAPL290119C00370000,AAPL,2029-01-19,C,370.0,58.45,473.0,60.75,18.0,0.2723,12.0,4.0,0.6106,0.0027,1.9769,-0.0245,3.4206,60.0854,0.025,58.54,58.75,58.54,no_change,58.75,2026-09-21T10:55:59,0.0425707,58.7250003814697,339.465,2026-09-21 19:44:12,2026-09-21 15:45:04
AAPL,AAPL290119C00380000,AAPL,2029-01-19,C,380.0,54.9,500.0,56.6,81.0,0.2722,41.0,4.0,0.5858,0.0028,2.0082,-0.0254,3.3184,55.9928,0.825,53.5,55.6,53.5,down,55.55,2026-09-21T13:11:54,1.50754,54.7249984741211,339.465,2026-09-21 19:44:12,2026-09-21 15:45:04
AAPL,AAPL290119C00390000,AAPL,2029-01-19,C,390.0,50.8,455.0,52.35,2.0,0.2694,39.0,0.0,0.5611,0.0028,2.0314,-0.0261,3.2106,52.1359,0.0,0.0,0.0,0.0,no_change,50.58,2026-09-18T11:18:41,0.0,50.7749996185303,339.465,2026-09-21 19:44:12,2026-09-21 15:45:04
AAPL,AAPL290119C00400000,AAPL,2029-01-19,C,400.0,47.2,510.0,49.55,422.0,0.2703,180.0,98.0,0.5365,0.0028,2.0469,-0.0266,3.103,48.5054,0.45,46.0,48.72,46.0,up,47.85,2026-09-21T13:51:00,0.949368,47.3999996185303,339.465,2026-09-21 19:44:12,2026-09-21 15:45:04
AAPL,AAPL290119C00410000,AAPL,2029-01-19,C,410.0,43.85,542.0,45.75,129.0,0.2685,29.0,3.0,0.5123,0.0029,2.0545,-0.027,2.9894,45.0942,0.755,44.88,44.88,44.88,up,44.88,2026-09-21T13:07:43,1.71105,44.125,339.465,2026-09-21 19:44:12,2026-09-21 15:45:04
AAPL,AAPL290119C00420000,AAPL,2029-01-19,C,420.0,40.85,278.0,42.7,56.0,0.2684,16.0,5.0,0.4885,0.0029,2.0547,-0.0273,2.8737,41.8977,0.535,41.78,41.78,41.76,down,41.76,2026-09-21T13:02:08,1.29776,41.2250003814697,339.465,2026-09-21 19:44:12,2026-09-21 15:45:04
AAPL,AAPL290119C00430000,AAPL,2029-01-19,C,430.0,37.7,345.0,39.6,227.0,0.2669,2.0,0.0,0.4652,0.0029,2.0486,-0.0275,2.7608,38.9045,0.0,0.0,0.0,0.0,no_change,38.1,2026-09-17T14:10:47,0.0,38.1000003814697,339.465,2026-09-21 19:44:12,2026-09-21 15:45:04
AAPL,AAPL290119C00440000,AAPL,2029-01-19,C,440.0,35.55,43.0,36.9,20.0,0.2679,0.0,0.0,0.4424,0.0029,2.0355,-0.0275,2.6448,36.1059,0.0,0.0,0.0,0.0,no_change,0.0,,0.0,35.2000007629394,339.465,2026-09-21 19:44:12,2026-09-21 15:45:04
AAPL,AAPL290119C00450000,AAPL,2029-01-19,C,450.0,32.5,185.0,34.2,83.0,0.2659,7.0,2.0,0.4203,0.0028,2.0161,-0.0274,2.5285,33.4957,0.8,32.7,33.25,32.7,up,33.25,2026-09-21T13:19:18,2.46533,32.4499998092651,339.465,2026-09-21 19:44:12,2026-09-21 15:45:04
AAPL,AAPL290119C00460000,AAPL,2029-01-19,C,460.0,30.0,291.0,31.5,1.0,0.2644,1.0,1.0,0.3988,0.0028,1.9921,-0.0272,2.4169,31.0626,0.655,30.98,30.98,30.98,up,30.98,2026-09-21T14:32:15,2.15993,30.3250007629394,339.465,2026-09-21 19:44:12,2026-09-21 15:45:04
AAPL,AAPL290119C00470000,AAPL,2029-01-19,C,470.0,27.65,577.0,29.95,492.0,0.2655,0.0,0.0,0.3781,0.0028,1.963,-0.027,2.3056,28.7962,0.0,0.0,0.0,0.0,no_change,0.0,,0.0,28.3000001907349,339.465,2026-09-21 19:44:12,2026-09-21 15:45:04
AAPL,AAPL290119C00480000,AAPL,2029-01-19,C,480.0,25.9,30.0,27.25,11.0,0.2644,3.0,0.0,0.3581,0.0027,1.9287,-0.0266,2.1941,26.69,0.0,0.0,0.0,0.0,up,25.48,2026-09-17T09:34:34,0.0,26.25,339.465,2026-09-21 19:44:12,2026-09-21 15:45:04
AAPL,AAPL290119C00490000,AAPL,2029-01-19,C,490.0,23.95,31.0,25.5,3.0,0.2645,1.0,0.0,0.3388,0.0027,1.8913,-0.0262,2.088,24.7342,0.0,0.0,0.0,0.0,up,23.15,2026-09-15T10:05:09,0.0,24.0750007629395,339.465,2026-09-21 19:44:12,2026-09-21 15:45:04
AAPL,AAPL290119C00500000,AAPL,2029-01-19,C,500.0,22.25,164.0,23.35,11.0,0.2635,18.0,0.0,0.3204,0.0026,1.8513,-0.0257,1.9858,22.9178,0.0,0.0,0.0,0.0,down,21.3,2026-09-18T11:24:07,0.0,22.25,339.465,2026-09-21 19:44:12,2026-09-21 15:45:04
AAPL,AAPL290119C00510000,AAPL,2029-01-19,C,510.0,20.75,131.0,22.05,214.0,0.2648,5.0,2.0,0.3027,0.0026,1.8074,-0.0252,1.884,21.2336,0.6,21.05,21.3,21.05,up,21.3,2026-09-21T14:54:43,2.89855,20.6999998092651,339.465,2026-09-21 19:44:12,2026-09-21 15:45:04
AAPL,AAPL290119C00520000,AAPL,2029-01-19,C,520.0,19.05,152.0,20.0,4.0,0.2627,7.0,0.0,0.2859,0.0025,1.761,-0.0246,1.7858,19.6745,0.0,0.0,0.0,0.0,up,19.55,2026-09-17T13:56:28,0.0,19.0999994277954,339.465,2026-09-21 19:44:12,2026-09-21 15:45:04
AAPL,AAPL290119C00530000,AAPL,2029-01-19,C,530.0,17.65,240.0,18.55,11.0,0.2626,39.0,1.0,0.2698,0.0024,1.7138,-0.024,1.6937,18.2305,0.45,18.15,18.15,18.15,up,18.15,2026-09-21T10:08:07,2.54237,17.6999998092651,339.465,2026-09-21 19:44:12,2026-09-21 15:45:04
AAPL,AAPL290119C00540000,AAPL,2029-01-19,C,540.0,16.1,141.0,18.1,128.0,0.2645,0.0,0.0,0.2545,0.0024,1.6655,-0.0233,1.6045,16.8934,0.0,0.0,0.0,0.0,no_change,0.0,,0.0,16.3999996185303,339.465,2026-09-21 19:44:12,2026-09-21 15:45:04
AAPL,AAPL290119C00550000,AAPL,2029-01-19,C,550.0,14.95,27.0,16.0,12.0,0.2619,0.0,0.0,0.24,0.0023,1.6149,-0.0227,1.517,15.6573,0.0,0.0,0.0,0.0,no_change,0.0,,0.0,15.2000002861023,339.465,2026-09-21 19:44:12,2026-09-21 15:45:04
AAPL,AAPL290119C00560000,AAPL,2029-01-19,C,560.0,13.8,37.0,15.1,12.0,0.2626,1.0,0.0,0.2262,0.0022,1.5637,-0.022,1.4342,14.5155,0.0,0.0,0.0,0.0,up,14.29,2026-09-16T11:08:39,0.0,14.1499996185303,339.465,2026-09-21 19:44:12,2026-09-21 15:45:04
AAPL,AAPL290119C00570000,AAPL,2029-01-19,C,570.0,12.7,40.0,14.1,6.0,0.2625,0.0,0.0,0.2132,0.0021,1.5132,-0.0213,1.357,13.4601,0.0,0.0,0.0,0.0,no_change,0.0,,0.0,13.0499997138977,339.465,2026-09-21 19:44:12,2026-09-21 15:45:04
AAPL,AAPL290119C00580000,AAPL,2029-01-19,C,580.0,11.8,29.0,13.1,4.0,0.2627,0.0,0.0,0.2008,0.0021,1.4629,-0.0206,1.2828,12.4844,0.0,0.0,0.0,0.0,no_change,0.0,,0.0,12.3249998092651,339.465,2026-09-21 19:44:12,2026-09-21 15:45:04
AAPL,AAPL290119C00590000,AAPL,2029-01-19,C,590.0,10.95,27.0,12.3,5.0,0.2632,1.0,0.0,0.1892,0.002,1.4118,-0.0199,1.2106,11.5837,0.0,0.0,0.0,0.0,up,11.49,2026-09-16T11:08:39,0.0,11.375,339.465,2026-09-21 19:44:12,2026-09-21 15:45:04
AAPL,AAPL290119C00600000,AAPL,2029-01-19,C,600.0,10.15,21.0,11.35,11.0,0.263,41.0,0.0,0.1782,0.0019,1.3608,-0.0192,1.1425,10.7529,0.0,0.0,0.0,0.0,up,11.1,2026-09-17T15:36:28,0.0,10.4250001907349,339.465,2026-09-21 19:44:12,2026-09-21 15:45:04
AAPL,AAPL290119C00610000,AAPL,2029-01-19,C,610.0,9.3,167.0,10.55,114.0,0.2626,0.0,0.0,0.1678,0.0018,1.3114,-0.0185,1.0794,9.9859,0.0,0.0,0.0,0.0,no_change,0.0,,0.0,9.75,339.465,2026-09-21 19:44:12,2026-09-21 15:45:04
AAPL,AAPL290119C00620000,AAPL,2029-01-19,C,620.0,8.6,167.0,9.85,78.0,0.2628,10.0,0.0,0.158,0.0018,1.2633,-0.0179,1.0197,9.2773,0.0,0.0,0.0,0.0,down,9.1,2026-09-17T14:23:08,0.0,9.02500009536743,339.465,2026-09-21 19:44:12,2026-09-21 15:45:04
AAPL,AAPL290119C00630000,AAPL,2029-01-19,C,630.0,8.05,14.0,9.35,23.0,0.264,0.0,0.0,0.1488,0.0017,1.2157,-0.0172,0.962,8.6232,0.0,0.0,0.0,0.0,no_change,0.0,,0.0,8.40000009536743,339.465,2026-09-21 19:44:12,2026-09-21 15:45:04
AAPL,AAPL290119C00640000,AAPL,2029-01-19,C,640.0,7.45,205.0,8.35,23.0,0.2625,0.0,0.0,0.1402,0.0016,1.1683,-0.0166,0.907,8.0201,0.0,0.0,0.0,0.0,no_change,0.0,,0.0,7.82500004768372,339.465,2026-09-21 19:44:12,2026-09-21 15:45:04
AAPL,AAPL290119C00650000,AAPL,2029-01-19,C,650.0,6.85,502.0,7.75,400.0,0.2622,0.0,1.0,0.1321,0.0016,1.1224,-0.0159,0.856,7.4638,0.025,7.4,7.4,7.4,up,7.4,2026-09-21T15:25:11,0.338983,7.375,339.465,2026-09-21 19:44:12,2026-09-21 15:45:04
AAPL,AAPL290119C00660000,AAPL,2029-01-19,C,660.0,6.4,217.0,8.15,501.0,0.2671,0.0,0.0,0.1244,0.0015,1.0785,-0.0153,0.8087,6.9501,0.0,0.0,0.0,0.0,no_change,0.0,,0.0,6.67499995231628,339.465,2026-09-21 19:44:12,2026-09-21 15:45:04
AAPL,AAPL290119C00670000,AAPL,2029-01-19,C,670.0,6.0,185.0,6.5,1.0,0.262,92.0,97.0,0.1173,0.0014,1.0362,-0.0147,0.7639,6.4754,0.125,6.35,6.35,6.2,no_change,6.3,2026-09-21T15:00:19,2.02429,6.17499995231628,339.465,2026-09-21 19:44:12,2026-09-21 15:45:04
AAPL,AAPL290119P00005000,AAPL,2029-01-19,P,5.0,0.0,0.0,0.15,245.0,1.1027,1.0,0.0,-0.0001,0.0,0.0013,-0.0001,-0.0007,0.0092,0.0,0.0,0.0,0.0,down,0.2,2026-09-16T10:45:21,0.0,0.0800000028684735,339.465,2026-09-21 19:44:12,2026-09-21 15:45:04
AAPL,AAPL290119P00010000,AAPL,2029-01-19,P,10.0,0.0,0.0,0.69,408.0,1.0896,0.0,0.0,-0.0001,0.0,0.003,-0.0001,-0.0016,0.0196,0.0,0.0,0.0,0.0,no_change,0.0,,0.0,0.25,339.465,2026-09-21 19:44:12,2026-09-21 15:45:04
AAPL,AAPL290119P00015000,AAPL,2029-01-19,P,15.0,0.0,0.0,0.49,383.0,0.9055,0.0,0.0,-0.0003,0.0,0.0051,-0.0002,-0.0027,0.0317,0.0,0.0,0.0,0.0,no_change,0.0,,0.0,0.270000010728836,339.465,2026-09-21 19:44:12,2026-09-21 15:45:04
AAPL,AAPL290119P00020000,AAPL,2029-01-19,P,20.0,0.01,5.0,0.7,377.0,0.857,0.0,0.0,-0.0004,0.0,0.0076,-0.0003,-0.004,0.0457,0.0,0.0,0.0,0.0,no_change,0.0,,0.0,0.359999989159405,339.465,2026-09-21 19:44:12,2026-09-21 15:45:04
AAPL,AAPL290119P00025000,AAPL,2029-01-19,P,25.0,0.01,5.0,0.59,381.0,0.7684,19.0,0.0,-0.0006,0.0,0.0104,-0.0004,-0.0055,0.0616,0.0,0.0,0.0,0.0,no_change,0.1,2026-09-18T09:58:50,0.0,0.129999999888241,339.465,2026-09-21 19:44:12,2026-09-21 15:45:04
AAPL,AAPL290119P00030000,AAPL,2029-01-19,P,30.0,0.01,5.0,0.52,363.0,0.702,3.0,0.0,-0.0008,0.0,0.0136,-0.0004,-0.0073,0.0795,0.0,0.0,0.0,0.0,down,0.09,2026-09-17T12:49:58,0.0,0.199999992735684,339.465,2026-09-21 19:44:12,2026-09-21 15:45:04
AAPL,AAPL290119P00035000,AAPL,2029-01-19,P,35.0,0.0,0.0,2.53,411.0,0.8277,2.0,0.0,-0.001,0.0,0.0172,-0.0005,-0.0094,0.0996,0.0,0.0,0.0,0.0,down,0.12,2026-09-17T12:49:58,0.0,0.224999994039536,339.465,2026-09-21 19:44:12,2026-09-21 15:45:04
AAPL,AAPL290119P00040000,AAPL,2029-01-19,P,40.0,0.0,0.0,2.55,375.0,0.7787,0.0,0.0,-0.0012,0.0,0.0213,-0.0006,-0.0117,0.1219,0.0,0.0,0.0,0.0,no_change,0.0,,0.0,0.294999986886978,339.465,2026-09-21 19:44:12,2026-09-21 15:45:04
AAPL,AAPL290119P00045000,AAPL,2029-01-19,P,45.0,0.0,0.0,2.58,377.0,0.7369,0.0,0.0,-0.0015,0.0,0.0258,-0.0008,-0.0144,0.1468,0.0,0.0,0.0,0.0,no_change,0.0,,0.0,0.455000013113022,339.465,2026-09-21 19:44:12,2026-09-21 15:45:04
AAPL,AAPL290119P00050000,AAPL,2029-01-19,P,50.0,0.0,0.0,0.77,385.0,0.5824,0.0,0.0,-0.0018,0.0,0.0308,-0.0009,-0.0174,0.1746,0.0,0.0,0.0,0.0,no_change,0.0,,0.0,0.495000004768372,339.465,2026-09-21 19:44:12,2026-09-21 15:45:04
AAPL,AAPL290119P00060000,AAPL,2029-01-19,P,60.0,0.01,14.0,0.82,400.0,0.5344,0.0,0.0,-0.0026,0.0,0.0426,-0.0011,-0.0243,0.2396,0.0,0.0,0.0,0.0,no_change,0.0,,0.0,0.514999990351498,339.465,2026-09-21 19:44:12,2026-09-21 15:45:04
AAPL,AAPL290119P00070000,AAPL,2029-01-19,P,70.0,0.01,189.0,0.9,389.0,0.4957,0.0,0.0,-0.0036,0.0,0.0567,-0.0014,-0.0332,0.32,0.0,0.0,0.0,0.0,no_change,0.0,,0.0,0.354999993927777,339.465,2026-09-21 19:44:12,2026-09-21 15:45:04
AAPL,AAPL290119P00080000,AAPL,2029-01-19,P,80.0,0.06,299.0,0.62,457.0,0.4397,0.0,0.0,-0.0048,0.0001,0.0738,-0.0018,-0.044,0.4192,0.0,0.0,0.0,0.0,no_change,0.0,,0.0,0.43499999679625,339.465,2026-09-21 19:44:12,2026-09-21 15:45:04
AAPL,AAPL290119P00090000,AAPL,2029-01-19,P,90.0,0.23,253.0,0.68,397.0,0.4229,0.0,0.0,-0.0063,0.0001,0.0944,-0.0022,-0.0575,0.5419,0.0,0.0,0.0,0.0,no_change,0.0,,0.0,0.479999989271164,339.465,2026-09-21 19:44:12,2026-09-21 15:45:04
AAPL,AAPL290119P00100000,AAPL,2029-01-19,P,100.0,0.47,14.0,0.82,200.0,0.4124,3.0,0.0,-0.0082,0.0001,0.1186,-0.0027,-0.0742,0.6937,0.0,0.0,0.0,0.0,down,0.67,2026-09-18T12:52:44,0.0,0.650000005960464,339.465,2026-09-21 19:44:12,2026-09-21 15:45:04
AAPL,AAPL290119P00110000,AAPL,2029-01-19,P,110.0,0.69,13.0,0.97,34.0,0.3989,0.0,0.0,-0.0105,0.0001,0.1475,-0.0032,-0.0946,0.8804,0.0,0.0,0.0,0.0,no_change,0.0,,0.0,0.884999990463257,339.465,2026-09-21 19:44:12,2026-09-21 15:45:04
AAPL,AAPL290119P00115000,AAPL,2029-01-19,P,115.0,0.64,221.0,1.31,479.0,0.395,1.0,0.0,-0.0119,0.0001,0.1636,-0.0035,-0.1066,0.9905,0.0,0.0,0.0,0.0,down,0.96,2026-09-18T14:29:41,0.0,0.990000009536743,339.465,2026-09-21 19:44:12,2026-09-21 15:45:04
AAPL,AAPL290119P00120000,AAPL,2029-01-19,P,120.0,0.91,13.0,1.26,38.0,0.3882,0.0,0.0,-0.0134,0.0002,0.1811,-0.0038,-0.1197,1.1115,0.0,0.0,0.0,0.0,no_change,0.0,,0.0,1.15000000596046,339.465,2026-09-21 19:44:12,2026-09-21 15:45:04
AAPL,AAPL290119P00125000,AAPL,2029-01-19,P,125.0,1.04,13.0,1.61,300.0,0.388,2.0,0.0,-0.015,0.0002,0.2004,-0.0042,-0.134,1.2455,0.0,0.0,0.0,0.0,down,1.07,2026-09-18T15:56:49,0.0,1.26499998569489,339.465,2026-09-21 19:44:12,2026-09-21 15:45:04
AAPL,AAPL290119P00130000,AAPL,2029-01-19,P,130.0,1.21,12.0,1.8,425.0,0.3836,0.0,0.0,-0.0168,0.0002,0.2206,-0.0046,-0.1497,1.3935,0.0,0.0,0.0,0.0,no_change,0.0,,0.0,1.4650000333786,339.465,2026-09-21 19:44:12,2026-09-21 15:45:04
AAPL,AAPL290119P00135000,AAPL,2029-01-19,P,135.0,1.38,12.0,1.7,14.0,0.3729,0.0,7.0,-0.0187,0.0002,0.2416,-0.005,-0.1659,1.5533,-0.215,1.51,1.51,1.51,down,1.51,2026-09-21T14:27:14,-12.4638,1.72499996423721,339.465,2026-09-21 19:44:12,2026-09-21 15:45:04
AAPL,AAPL290119P00140000,AAPL,2029-01-19,P,140.0,1.57,20.0,2.15,335.0,0.3734,5.0,0.0,-0.0209,0.0003,0.2649,-0.0054,-0.1846,1.7328,0.0,0.0,0.0,0.0,down,1.8,2026-09-17T14:42:45,0.0,1.8850000500679,339.465,2026-09-21 19:44:12,2026-09-21 15:45:04
AAPL,AAPL290119P00145000,AAPL,2029-01-19,P,145.0,1.79,16.0,2.23,162.0,0.3667,18.0,0.0,-0.0232,0.0003,0.29,-0.0058,-0.2044,1.9304,0.0,0.0,0.0,0.0,up,2.19,2026-09-15T11:06:10,0.0,2.08999997377396,339.465,2026-09-21 19:44:12,2026-09-21 15:45:04
AAPL,AAPL290119P00150000,AAPL,2029-01-19,P,150.0,1.99,38.0,2.7,364.0,0.3656,14.0,0.0,-0.0258,0.0003,0.3166,-0.0063,-0.2267,2.1498,0.0,0.0,0.0,0.0,down,2.55,2026-09-17T10:15:29,0.0,2.41500008106232,339.465,2026-09-21 19:44:12,2026-09-21 15:45:04
AAPL,AAPL290119P00155000,AAPL,2029-01-19,P,155.0,2.19,81.0,2.75,188.0,0.3577,1.0,0.0,-0.0286,0.0004,0.3441,-0.0068,-0.2503,2.386,0.0,0.0,0.0,0.0,down,2.18,2026-09-18T12:36:02,0.0,2.61500000953674,339.465,2026-09-21 19:44:12,2026-09-21 15:45:04
AAPL,AAPL290119P00160000,AAPL,2029-01-19,P,160.0,2.47,46.0,2.9,122.0,0.3521,3.0,0.0,-0.0317,0.0004,0.3742,-0.0073,-0.2765,2.6501,0.0,0.0,0.0,0.0,down,2.9,2026-09-16T13:33:48,0.0,2.79999995231628,339.465,2026-09-21 19:44:12,2026-09-21 15:45:04
AAPL,AAPL290119P00165000,AAPL,2029-01-19,P,165.0,2.72,87.0,3.1,38.0,0.3467,0.0,0.0,-0.035,0.0004,0.4057,-0.0078,-0.3038,2.9352,0.0,0.0,0.0,0.0,no_change,0.0,,0.0,3.00999999046326,339.465,2026-09-21 19:44:12,2026-09-21 15:45:04
AAPL,AAPL290119P00170000,AAPL,2029-01-19,P,170.0,3.1,159.0,3.45,188.0,0.3444,8.0,10.0,-0.0386,0.0005,0.4387,-0.0084,-0.3345,3.2463,-0.25,3.25,3.25,3.25,down,3.25,2026-09-21T13:31:00,-7.14286,3.5,339.465,2026-09-21 19:44:12,2026-09-21 15:45:04
AAPL,AAPL290119P00175000,AAPL,2029-01-19,P,175.0,3.35,99.0,3.9,107.0,0.3411,0.0,0.0,-0.0424,0.0005,0.4728,-0.009,-0.3666,3.585,0.0,0.0,0.0,0.0,no_change,0.0,,0.0,3.79999995231628,339.465,2026-09-21 19:44:12,2026-09-21 15:45:04
AAPL,AAPL290119P00180000,AAPL,2029-01-19,P,180.0,3.7,24.0,4.15,13.0,0.3365,0.0,0.0,-0.0465,0.0006,0.5089,-0.0096,-0.4009,3.9498,0.0,0.0,0.0,0.0,no_change,0.0,,0.0,4.125,339.465,2026-09-21 19:44:12,2026-09-21 15:45:04
AAPL,AAPL290119P00185000,AAPL,2029-01-19,P,185.0,4.15,13.0,4.6,13.0,0.3343,0.0,4.0,-0.051,0.0006,0.5468,-0.0102,-0.4364,4.3495,-0.155,4.37,4.37,4.37,down,4.37,2026-09-21T15:09:42,-3.42542,4.52500009536743,339.465,2026-09-21 19:44:12,2026-09-21 15:45:04
AAPL,AAPL290119P00190000,AAPL,2029-01-19,P,190.0,4.6,184.0,5.15,238.0,0.3325,6.0,6.0,-0.0557,0.0007,0.5862,-0.0109,-0.4738,4.7811,-0.2,4.85,4.85,4.85,down,4.85,2026-09-21T13:29:53,-3.9604,5.04999995231628,339.465,2026-09-21 19:44:12,2026-09-21 15:45:04
AAPL,AAPL290119P00195000,AAPL,2029-01-19,P,195.0,4.9,254.0,5.6,215.0,0.3281,0.0,0.0,-0.0607,0.0007,0.6265,-0.0115,-0.5143,5.2417,0.0,0.0,0.0,0.0,no_change,0.0,,0.0,5.5,339.465,2026-09-21 19:44:12,2026-09-21 15:45:04
AAPL,AAPL290119P00200000,AAPL,2029-01-19,P,200.0,5.35,230.0,6.0,131.0,0.3242,111.0,4.0,-0.0661,0.0008,0.6681,-0.0122,-0.5587,5.7444,-0.275,5.97,5.97,5.75,down,5.75,2026-09-21T15:13:50,-4.56431,6.02499985694885,339.465,2026-09-21 19:44:12,2026-09-21 15:45:04
AAPL,AAPL290119P00210000,AAPL,2029-01-19,P,210.0,6.7,178.0,7.15,289.0,0.3208,2.0,1.0,-0.0779,0.0009,0.7563,-0.0137,-0.6529,6.8677,-0.02,7.18,7.18,7.18,down,7.18,2026-09-21T10:25:27,-0.277778,7.20000004768372,339.465,2026-09-21 19:44:12,2026-09-21 15:45:04
AAPL,AAPL290119P00220000,AAPL,2029-01-19,P,220.0,8.0,166.0,8.35,281.0,0.3154,3.0,5.0,-0.0912,0.001,0.8483,-0.0152,-0.7571,8.1614,-0.45,8.8,8.8,8.15,down,8.15,2026-09-21T13:48:55,-5.23256,8.59999990463257,339.465,2026-09-21 19:44:12,2026-09-21 15:45:04
AAPL,AAPL290119P00230000,AAPL,2029-01-19,P,230.0,9.45,146.0,9.9,247.0,0.3113,23.0,5.0,-0.1061,0.0012,0.9447,-0.0168,-0.8695,9.6416,-0.45,10.2,10.2,9.7,no_change,9.7,2026-09-21T14:16:09,-4.4335,10.1500000953674,339.465,2026-09-21 19:44:12,2026-09-21 15:45:04
AAPL,AAPL290119P00240000,AAPL,2029-01-19,P,240.0,11.05,103.0,11.6,187.0,0.3068,12.0,0.0,-0.1225,0.0014,1.0433,-0.0185,-0.9884,11.3238,0.0,0.0,0.0,0.0,down,12.05,2026-09-17T15:16:23,0.0,11.9499998092651,339.465,2026-09-21 19:44:12,2026-09-21 15:45:04
AAPL,AAPL290119P00250000,AAPL,2029-01-19,P,250.0,12.95,176.0,13.55,341.0,0.3033,354.0,2.0,-0.1405,0.0015,1.1434,-0.0201,-1.118,13.2246,-0.675,14.02,14.02,13.25,down,13.25,2026-09-21T14:45:10,-4.84739,13.9249997138977,339.465,2026-09-21 19:44:12,2026-09-21 15:45:04
AAPL,AAPL290119P00260000,AAPL,2029-01-19,P,260.0,15.15,8.0,15.8,145.0,0.3006,11.0,0.0,-0.1602,0.0017,1.2426,-0.0218,-1.2598,15.3592,0.0,0.0,0.0,0.0,no_change,16.15,2026-09-18T15:20:37,0.0,16.1500005722046,339.465,2026-09-21 19:44:12,2026-09-21 15:45:04
AAPL,AAPL290119P00270000,AAPL,2029-01-19,P,270.0,17.45,92.0,18.05,391.0,0.2965,76.0,21.0,-0.1815,0.0019,1.3413,-0.0235,-1.3972,17.742,-0.865,18.65,18.65,17.96,down,17.96,2026-09-21T13:22:08,-4.59496,18.8250007629395,339.465,2026-09-21 19:44:12,2026-09-21 15:45:04
AAPL,AAPL290119P00280000,AAPL,2029-01-19,P,280.0,20.05,107.0,20.95,512.0,0.2942,139.0,4.0,-0.2044,0.0021,1.4353,-0.0252,-1.5474,20.3895,-0.97,21.5,21.5,20.43,down,20.43,2026-09-21T13:51:19,-4.53271,21.4000005722046,339.465,2026-09-21 19:44:12,2026-09-21 15:45:04
AAPL,AAPL290119P00290000,AAPL,2029-01-19,P,290.0,23.0,56.0,23.8,208.0,0.2912,100.0,30.0,-0.229,0.0022,1.5278,-0.0268,-1.6955,23.3113,-0.975,24.88,24.88,23.4,down,23.4,2026-09-21T13:51:34,-4.0,24.375,339.465,2026-09-21 19:44:12,2026-09-21 15:45:04
AAPL,AAPL290119P00300000,AAPL,2029-01-19,P,300.0,26.2,10.0,26.95,446.0,0.2884,3.0,1.0,-0.2551,0.0024,1.6127,-0.0284,-1.8346,26.5241,-0.5,27.2,27.2,27.2,down,27.2,2026-09-21T15:13:07,-1.80505,27.6999998092651,339.465,2026-09-21 19:44:12,2026-09-21 15:45:04
AAPL,AAPL290119P00310000,AAPL,2029-01-19,P,310.0,29.7,10.0,30.45,114.0,0.286,45.0,0.0,-0.2827,0.0026,1.689,-0.03,-1.9827,30.0352,0.0,0.0,0.0,0.0,down,30.85,2026-09-18T15:27:19,0.0,31.5499992370606,339.465,2026-09-21 19:44:12,2026-09-21 15:45:04
AAPL,AAPL290119P00320000,AAPL,2029-01-19,P,320.0,33.7,1.0,34.6,618.0,0.2852,15.0,15.0,-0.3118,0.0028,1.7577,-0.0315,-2.1206,33.8571,-0.975,34.94,35.17,34.4,down,34.4,2026-09-21T14:03:16,-2.75618,35.375,339.465,2026-09-21 19:44:12,2026-09-21 15:45:04
AAPL,AAPL290119P00330000,AAPL,2029-01-19,P,330.0,37.85,24.0,38.4,494.0,0.2821,34.0,55.0,-0.3424,0.003,1.816,-0.0329,-2.2717,38.0035,-1.455,39.6,39.6,38.25,up,38.42,2026-09-21T14:59:23,-3.6489,39.875,339.465,2026-09-21 19:44:12,2026-09-21 15:45:04
AAPL,AAPL290119P00340000,AAPL,2029-01-19,P,340.0,42.05,50.0,43.5,143.0,0.2812,3.0,1.0,-0.3744,0.0032,1.8615,-0.0342,-2.3973,42.4752,-0.195,44.03,44.03,44.03,down,44.03,2026-09-21T10:34:31,-0.440924,44.2249984741211,339.465,2026-09-21 19:44:12,2026-09-21 15:45:04
AAPL,AAPL290119P00350000,AAPL,2029-01-19,P,350.0,46.8,104.0,48.15,303.0,0.2788,14.0,5.0,-0.4075,0.0034,1.8894,-0.0355,-2.4765,47.286,-1.645,47.63,47.63,47.63,down,47.63,2026-09-21T13:05:20,-3.33841,49.2749996185303,339.465,2026-09-21 19:44:12,2026-09-21 15:45:04
AAPL,AAPL290119P00360000,AAPL,2029-01-19,P,360.0,51.85,83.0,53.55,176.0,0.2777,10.0,5.0,-0.4416,0.0036,1.9079,-0.0366,-2.5498,52.4251,-1.33,53.02,53.02,53.02,down,53.02,2026-09-21T12:18:45,-2.4471,54.3499984741211,339.465,2026-09-21 19:44:12,2026-09-21 15:45:04
AAPL,AAPL290119P00370000,AAPL,2029-01-19,P,370.0,56.9,580.0,59.35,581.0,0.2758,15.0,5.0,-0.477,0.0038,1.9158,-0.0378,-2.6632,57.9135,-0.265,59.81,59.81,59.81,down,59.81,2026-09-21T10:11:55,-0.441117,60.0750007629394,339.465,2026-09-21 19:44:12,2026-09-21 15:45:04
AAPL,AAPL290119P00380000,AAPL,2029-01-19,P,380.0,63.05,76.0,64.9,124.0,0.2745,375.0,23.0,-0.5135,0.004,1.8973,-0.0388,-2.7095,63.7631,-1.605,65.35,65.75,64.05,no_change,64.12,2026-09-21T14:23:47,-2.44199,65.7249984741211,339.465,2026-09-21 19:44:12,2026-09-21 15:45:04
AAPL,AAPL290119P00390000,AAPL,2029-01-19,P,390.0,69.3,14.0,71.25,98.0,0.2739,5.0,7.0,-0.5507,0.0042,1.8504,-0.0397,-2.6834,69.9475,-1.525,70.45,70.45,70.45,down,70.45,2026-09-21T14:23:17,-2.11879,71.9750022888184,339.465,2026-09-21 19:44:12,2026-09-21 15:45:04
AAPL,AAPL290119P00400000,AAPL,2029-01-19,P,400.0,75.6,113.0,78.05,338.0,0.273,2.0,6.0,-0.5885,0.0044,1.8144,-0.0404,-2.623,76.4689,-1.765,76.91,76.91,76.91,down,76.91,2026-09-21T14:36:22,-2.24341,78.6749992370606,339.465,2026-09-21 19:44:12,2026-09-21 15:45:04
AAPL,AAPL290119P00410000,AAPL,2029-01-19,P,410.0,82.65,87.0,84.65,221.0,0.2716,2.0,0.0,-0.6276,0.0046,1.7498,-0.0412,-2.6985,83.3603,0.0,0.0,0.0,0.0,up,88.6,2026-09-14T11:08:24,0.0,86.0999984741211,339.465,2026-09-21 19:44:12,2026-09-21 15:45:04
AAPL,AAPL290119P00420000,AAPL,2029-01-19,P,420.0,90.05,41.0,92.8,471.0,0.2741,1.0,1.0,-0.6671,0.0047,1.6276,-0.0419,-2.5402,90.5977,-0.885,92.24,92.24,92.24,down,92.24,2026-09-21T10:47:19,-0.950336,93.125,339.465,2026-09-21 19:44:12,2026-09-21 15:45:04
AAPL,AAPL290119P00430000,AAPL,2029-01-19,P,430.0,97.05,90.0,100.5,135.0,0.2723,2.0,2.0,-0.7069,0.0049,1.5369,-0.0425,-2.2892,98.152,-1.185,99.77,99.79,99.77,up,99.79,2026-09-21T11:01:35,-1.17356,100.974998474121,339.465,2026-09-21 19:44:12,2026-09-21 15:45:04
AAPL,AAPL290119P00440000,AAPL,2029-01-19,P,440.0,105.3,78.0,108.2,338.0,0.2722,0.0,0.0,-0.7478,0.0051,1.4174,-0.0432,-2.3391,106.0712,0.0,0.0,0.0,0.0,no_change,0.0,,0.0,109.25,339.465,2026-09-21 19:44:12,2026-09-21 15:45:04
AAPL,AAPL290119P00450000,AAPL,2029-01-19,P,450.0,113.8,13.0,115.9,119.0,0.271,0.0,0.0,-0.7894,0.0053,1.207,-0.0436,-1.9826,114.3328,0.0,0.0,0.0,0.0,no_change,0.0,,0.0,117.150001525879,339.465,2026-09-21 19:44:12,2026-09-21 15:45:04
AAPL,AAPL290119P00460000,AAPL,2029-01-19,P,460.0,121.95,52.0,125.3,360.0,0.273,0.0,0.0,-0.8311,0.0055,1.0956,-0.0441,-1.5019,122.8782,0.0,0.0,0.0,0.0,no_change,0.0,,0.0,126.174999237061,339.465,2026-09-21 19:44:12,2026-09-21 15:45:04
AAPL,AAPL290119P00470000,AAPL,2029-01-19,P,470.0,130.55,59.0,134.5,140.0,0.2737,0.0,0.0,-0.8736,0.0057,0.8567,-0.0447,-1.4963,131.8252,0.0,0.0,0.0,0.0,no_change,0.0,,0.0,135.074996948242,339.465,2026-09-21 19:44:12,2026-09-21 15:45:04
AAPL,AAPL290119P00480000,AAPL,2029-01-19,P,480.0,140.0,15.0,143.5,175.0,0.2758,0.0,0.0,-0.9103,0.0053,0.6084,-0.0469,-0.848,141.0706,0.0,0.0,0.0,0.0,no_change,0.0,,0.0,144.375,339.465,2026-09-21 19:44:12,2026-09-21 15:45:04
AAPL,AAPL290119P00490000,AAPL,2029-01-19,P,490.0,149.5,19.0,153.0,117.0,0.2793,0.0,0.0,-0.9416,0.0046,0.4635,-0.0472,-0.2295,150.5586,0.0,0.0,0.0,0.0,no_change,0.0,,0.0,154.049995422363,339.465,2026-09-21 19:44:12,2026-09-21 15:45:04
AAPL,AAPL290119P00500000,AAPL,2029-01-19,P,500.0,158.5,6.0,163.0,91.0,0.279,0.0,0.0,-0.9644,0.0028,0.0,-0.0496,0.0,160.5357,0.0,0.0,0.0,0.0,no_change,0.0,,0.0,164.0,339.465,2026-09-21 19:44:12,2026-09-21 15:45:04
AAPL,AAPL290119P00510000,AAPL,2029-01-19,P,510.0,168.0,73.0,173.0,78.0,0.0,0.0,0.0,-0.9835,0.0013,0.0,-0.0496,0.0,170.5357,0.0,0.0,0.0,0.0,no_change,0.0,,0.0,173.875,339.465,2026-09-21 19:44:12,2026-09-21 15:45:04
AAPL,AAPL290119P00520000,AAPL,2029-01-19,P,520.0,178.35,9.0,183.0,7.0,0.297,0.0,0.0,-0.9943,0.0004,0.0,-0.0496,0.0,180.5357,0.0,0.0,0.0,0.0,no_change,0.0,,0.0,184.0,339.465,2026-09-21 19:44:12,2026-09-21 15:45:04
AAPL,AAPL290119P00530000,AAPL,2029-01-19,P,530.0,188.75,6.0,193.0,9.0,0.3109,0.0,0.0,-1.0,0.0,0.0,-0.0496,0.0,190.5357,0.0,0.0,0.0,0.0,no_change,0.0,,0.0,194.0,339.465,2026-09-21 19:44:12,2026-09-21 15:45:04
AAPL,AAPL290119P00540000,AAPL,2029-01-19,P,540.0,198.3,8.0,203.0,2.0,0.3151,0.0,0.0,-1.0,0.0,0.0,-0.0496,0.0,200.5357,0.0,0.0,0.0,0.0,no_change,0.0,,0.0,204.0,339.465,2026-09-21 19:44:12,2026-09-21 15:45:04
AAPL,AAPL290119P00550000,AAPL,2029-01-19,P,550.0,208.5,6.0,213.0,7.0,0.3264,0.0,0.0,-1.0,0.0,0.0,-0.0496,0.0,210.5357,0.0,0.0,0.0,0.0,no_change,0.0,,0.0,214.0,339.465,2026-09-21 19:44:12,2026-09-21 15:45:04
AAPL,AAPL290119P00560000,AAPL,2029-01-19,P,560.0,218.5,1.0,223.0,7.0,0.3352,0.0,0.0,-1.0,0.0,0.0,-0.0496,0.0,220.5357,0.0,0.0,0.0,0.0,no_change,0.0,,0.0,224.0,339.465,2026-09-21 19:44:12,2026-09-21 15:45:04
AAPL,AAPL290119P00570000,AAPL,2029-01-19,P,570.0,228.0,7.0,233.0,7.0,0.0,0.0,0.0,-1.0,0.0,0.0,-0.0496,0.0,230.5357,0.0,0.0,0.0,0.0,no_change,0.0,,0.0,234.0,339.465,2026-09-21 19:44:12,2026-09-21 15:45:04
AAPL,AAPL290119P00580000,AAPL,2029-01-19,P,580.0,238.25,6.0,243.0,9.0,0.3493,0.0,0.0,-1.0,0.0,0.0,-0.0496,0.0,240.5357,0.0,0.0,0.0,0.0,no_change,0.0,,0.0,244.0,339.465,2026-09-21 19:44:12,2026-09-21 15:45:04
AAPL,AAPL290119P00590000,AAPL,2029-01-19,P,590.0,248.0,2.0,253.0,2.0,0.0,0.0,0.0,-1.0,0.0,0.0,-0.0496,0.0,250.5357,0.0,0.0,0.0,0.0,no_change,0.0,,0.0,254.0,339.465,2026-09-21 19:44:12,2026-09-21 15:45:04
AAPL,AAPL290119P00600000,AAPL,2029-01-19,P,600.0,258.0,2.0,263.0,2.0,0.0,0.0,0.0,-1.0,0.0,0.0,-0.0496,0.0,260.5357,0.0,0.0,0.0,0.0,no_change,0.0,,0.0,264.0,339.465,2026-09-21 19:44:12,2026-09-21 15:45:04
AAPL,AAPL290119P00610000,AAPL,2029-01-19,P,610.0,268.0,2.0,273.0,2.0,0.0,0.0,0.0,-1.0,0.0,0.0,-0.0496,0.0,270.5357,0.0,0.0,0.0,0.0,no_change,0.0,,0.0,274.0,339.465,2026-09-21 19:44:12,2026-09-21 15:45:04
AAPL,AAPL290119P00620000,AAPL,2029-01-19,P,620.0,278.0,2.0,283.0,2.0,0.0,0.0,0.0,-1.0,0.0,0.0,-0.0496,0.0,280.5357,0.0,0.0,0.0,0.0,no_change,0.0,,0.0,284.0,339.465,2026-09-21 19:44:12,2026-09-21 15:45:04
AAPL,AAPL290119P00630000,AAPL,2029-01-19,P,630.0,288.0,2.0,293.0,2.0,0.0,0.0,0.0,-1.0,0.0,0.0,-0.0496,0.0,290.5357,0.0,0.0,0.0,0.0,no_change,0.0,,0.0,294.0,339.465,2026-09-21 19:44:12,2026-09-21 15:45:04
AAPL,AAPL290119P00640000,AAPL,2029-01-19,P,640.0,298.0,2.0,303.0,2.0,0.0,0.0,0.0,-1.0,0.0,0.0,-0.0496,0.0,300.5357,0.0,0.0,0.0,0.0,no_change,0.0,,0.0,304.0,339.465,2026-09-21 19:44:12,2026-09-21 15:45:04
AAPL,AAPL290119P00650000,AAPL,2029-01-19,P,650.0,308.0,2.0,313.0,2.0,0.0,0.0,0.0,-1.0,0.0,0.0,-0.0496,0.0,310.5357,0.0,0.0,0.0,0.0,no_change,0.0,,0.0,314.0,339.465,2026-09-21 19:44:12,2026-09-21 15:45:04
AAPL,AAPL290119P00660000,AAPL,2029-01-19,P,660.0,318.0,2.0,323.0,2.0,0.0,0.0,0.0,-1.0,0.0,0.0,-0.0496,0.0,320.5357,0.0,0.0,0.0,0.0,no_change,0.0,,0.0,324.0,339.465,2026-09-21 19:44:12,2026-09-21 15:45:04
AAPL,AAPL290119P00670000,AAPL,2029-01-19,P,670.0,328.0,2.0,333.0,2.0,0.0,0.0,0.0,-1.0,0.0,0.0,-0.0496,0.0,330.5357,0.0,0.0,0.0,0.0,no_change,0.0,,0.0,334.0,339.465,2026-09-21 19:44:12,2026-09-21 15:45:04
