underlying,option,root,expiry,cp,strike,bid,bid_size,ask,ask_size,iv,open_interest,volume,delta,gamma,vega,theta,rho,theo,change,open,high,low,tick,last_trade_price,last_trade_time,percent_change,prev_day_close,spot,cboe_timestamp,collected_et
IBIT,IBIT260904C00020000,IBIT,2026-09-04,C,20.0,0.0,0.0,0.0,0.0,0.0,106.0,0.0,0.0,0.0,0.0,0.0,0.0,0.0,0.0,0.0,0.0,0.0,no_change,24.95,2026-08-28T10:48:38,0.0,23.7249994277954,44.42,2026-09-03 13:44:14,2026-09-03 09:45:06
IBIT,IBIT260904C00025000,IBIT,2026-09-04,C,25.0,0.0,0.0,0.0,0.0,0.0,90.0,0.0,0.0,0.0,0.0,0.0,0.0,0.0,0.0,0.0,0.0,0.0,up,19.15,2026-08-31T10:26:12,0.0,18.75,44.42,2026-09-03 13:44:14,2026-09-03 09:45:06
IBIT,IBIT260904C00026000,IBIT,2026-09-04,C,26.0,0.0,0.0,0.0,0.0,0.0,12.0,0.0,0.0,0.0,0.0,0.0,0.0,0.0,0.0,0.0,0.0,0.0,up,18.19,2026-08-31T09:34:21,0.0,17.8000001907349,44.42,2026-09-03 13:44:14,2026-09-03 09:45:06
IBIT,IBIT260904C00027000,IBIT,2026-09-04,C,27.0,0.0,0.0,0.0,0.0,0.0,12.0,0.0,0.0,0.0,0.0,0.0,0.0,0.0,0.0,0.0,0.0,0.0,down,16.95,2026-08-21T11:49:02,0.0,16.8000001907349,44.42,2026-09-03 13:44:14,2026-09-03 09:45:06
IBIT,IBIT260904C00028000,IBIT,2026-09-04,C,28.0,0.0,0.0,0.0,0.0,0.0,6.0,0.0,0.0,0.0,0.0,0.0,0.0,0.0,0.0,0.0,0.0,0.0,up,16.62,2026-08-31T13:41:34,0.0,15.7999997138977,44.42,2026-09-03 13:44:14,2026-09-03 09:45:06
IBIT,IBIT260904C00029000,IBIT,2026-09-04,C,29.0,0.0,0.0,0.0,0.0,0.0,2.0,0.0,0.0,0.0,0.0,0.0,0.0,0.0,0.0,0.0,0.0,0.0,up,15.71,2026-08-31T13:41:34,0.0,14.7999997138977,44.42,2026-09-03 13:44:14,2026-09-03 09:45:06
IBIT,IBIT260904C00030000,IBIT,2026-09-04,C,30.0,0.0,0.0,0.0,0.0,0.0,92.0,0.0,0.0,0.0,0.0,0.0,0.0,0.0,0.0,0.0,0.0,0.0,down,13.78,2026-09-02T15:29:59,0.0,13.7749996185303,44.42,2026-09-03 13:44:14,2026-09-03 09:45:06
IBIT,IBIT260904C00030500,IBIT,2026-09-04,C,30.5,0.0,0.0,0.0,0.0,0.0,10.0,0.0,0.0,0.0,0.0,0.0,0.0,0.0,0.0,0.0,0.0,0.0,down,13.57,2026-09-01T11:26:47,0.0,13.2999997138977,44.42,2026-09-03 13:44:14,2026-09-03 09:45:06
IBIT,IBIT260904C00031000,IBIT,2026-09-04,C,31.0,0.0,0.0,0.0,0.0,0.0,15.0,0.0,0.0,0.0,0.0,0.0,0.0,0.0,0.0,0.0,0.0,0.0,down,13.07,2026-09-01T11:26:47,0.0,12.7999997138977,44.42,2026-09-03 13:44:14,2026-09-03 09:45:06
IBIT,IBIT260904C00031500,IBIT,2026-09-04,C,31.5,0.0,0.0,0.0,0.0,0.0,5.0,0.0,0.0,0.0,0.0,0.0,0.0,0.0,0.0,0.0,0.0,0.0,up,13.05,2026-08-31T12:36:00,0.0,12.2999997138977,44.42,2026-09-03 13:44:14,2026-09-03 09:45:06
IBIT,IBIT260904C00032000,IBIT,2026-09-04,C,32.0,0.0,0.0,0.0,0.0,0.0,57.0,0.0,0.0,0.0,0.0,0.0,0.0,0.0,0.0,0.0,0.0,0.0,up,11.71,2026-09-02T11:19:21,0.0,11.7999997138977,44.42,2026-09-03 13:44:14,2026-09-03 09:45:06
IBIT,IBIT260904C00032500,IBIT,2026-09-04,C,32.5,0.0,0.0,0.0,0.0,0.0,12.0,0.0,0.0,0.0,0.0,0.0,0.0,0.0,0.0,0.0,0.0,0.0,up,11.3,2026-09-02T15:52:36,0.0,11.2249999046326,44.42,2026-09-03 13:44:14,2026-09-03 09:45:06
IBIT,IBIT260904C00033000,IBIT,2026-09-04,C,33.0,0.0,0.0,0.0,0.0,0.0,67.0,0.0,0.0,0.0,0.0,0.0,0.0,0.0,0.0,0.0,0.0,0.0,up,10.66,2026-09-02T09:44:03,0.0,10.75,44.42,2026-09-03 13:44:14,2026-09-03 09:45:06
IBIT,IBIT260904C00033500,IBIT,2026-09-04,C,33.5,0.0,0.0,0.0,0.0,0.0,82.0,0.0,0.0,0.0,0.0,0.0,0.0,0.0,0.0,0.0,0.0,0.0,down,10.2,2026-09-02T09:44:03,0.0,10.25,44.42,2026-09-03 13:44:14,2026-09-03 09:45:06
IBIT,IBIT260904C00034000,IBIT,2026-09-04,C,34.0,0.0,0.0,0.0,0.0,0.0,29.0,0.0,0.0,0.0,0.0,0.0,0.0,0.0,0.0,0.0,0.0,0.0,down,9.9,2026-09-01T13:59:34,0.0,9.77500009536743,44.42,2026-09-03 13:44:14,2026-09-03 09:45:06
IBIT,IBIT260904C00034500,IBIT,2026-09-04,C,34.5,0.0,0.0,0.0,0.0,0.0,41.0,0.0,0.0,0.0,0.0,0.0,0.0,0.0,0.0,0.0,0.0,0.0,down,10.36,2026-08-31T15:51:32,0.0,9.2999997138977,44.42,2026-09-03 13:44:14,2026-09-03 09:45:06
IBIT,IBIT260904C00035000,IBIT,2026-09-04,C,35.0,0.0,0.0,0.0,0.0,0.0,109.0,0.0,0.0,0.0,0.0,0.0,0.0,0.0,0.0,0.0,0.0,0.0,down,8.73,2026-09-02T15:55:28,0.0,8.72499990463257,44.42,2026-09-03 13:44:14,2026-09-03 09:45:06
IBIT,IBIT260904C00035500,IBIT,2026-09-04,C,35.5,0.0,0.0,0.0,0.0,0.0,339.0,0.0,0.0,0.0,0.0,0.0,0.0,0.0,0.0,0.0,0.0,0.0,up,8.24,2026-09-02T15:56:35,0.0,8.27499961853027,44.42,2026-09-03 13:44:14,2026-09-03 09:45:06
IBIT,IBIT260904C00036000,IBIT,2026-09-04,C,36.0,0.0,0.0,0.0,0.0,0.0,922.0,0.0,0.0,0.0,0.0,0.0,0.0,0.0,0.0,0.0,0.0,0.0,no_change,7.72,2026-09-02T13:05:44,0.0,7.72500014305115,44.42,2026-09-03 13:44:14,2026-09-03 09:45:06
IBIT,IBIT260904C00036500,IBIT,2026-09-04,C,36.5,0.0,0.0,0.0,0.0,0.0,5891.0,0.0,0.0,0.0,0.0,0.0,0.0,0.0,0.0,0.0,0.0,0.0,down,7.23,2026-09-02T15:57:32,0.0,7.22500014305115,44.42,2026-09-03 13:44:14,2026-09-03 09:45:06
IBIT,IBIT260904C00037000,IBIT,2026-09-04,C,37.0,0.0,0.0,0.0,0.0,0.0,4050.0,0.0,0.0,0.0,0.0,0.0,0.0,0.0,0.0,0.0,0.0,0.0,down,6.71,2026-09-02T15:51:32,0.0,6.75,44.42,2026-09-03 13:44:14,2026-09-03 09:45:06
IBIT,IBIT260904C00037500,IBIT,2026-09-04,C,37.5,0.0,0.0,0.0,0.0,0.0,2938.0,0.0,0.0,0.0,0.0,0.0,0.0,0.0,0.0,0.0,0.0,0.0,up,6.28,2026-09-02T15:58:46,0.0,6.22500014305115,44.42,2026-09-03 13:44:14,2026-09-03 09:45:06
IBIT,IBIT260904C00038000,IBIT,2026-09-04,C,38.0,0.0,0.0,0.0,0.0,0.0,3273.0,0.0,0.0,0.0,0.0,0.0,0.0,0.0,0.0,0.0,0.0,0.0,down,5.69,2026-09-02T15:35:42,0.0,5.75,44.42,2026-09-03 13:44:14,2026-09-03 09:45:06
IBIT,IBIT260904C00038500,IBIT,2026-09-04,C,38.5,0.0,0.0,0.0,0.0,0.0,2978.0,0.0,0.0,0.0,0.0,0.0,0.0,0.0,0.0,0.0,0.0,0.0,up,5.3,2026-09-02T12:53:46,0.0,5.22500014305115,44.42,2026-09-03 13:44:14,2026-09-03 09:45:06
IBIT,IBIT260904C00039000,IBIT,2026-09-04,C,39.0,0.0,0.0,0.0,0.0,0.0,10061.0,0.0,0.0,0.0,0.0,0.0,0.0,0.0,0.0,0.0,0.0,0.0,down,4.72,2026-09-02T15:40:14,0.0,4.75,44.42,2026-09-03 13:44:14,2026-09-03 09:45:06
IBIT,IBIT260904C00039500,IBIT,2026-09-04,C,39.5,0.0,0.0,0.0,0.0,0.0,1763.0,0.0,0.0,0.0,0.0,0.0,0.0,0.0,0.0,0.0,0.0,0.0,up,4.35,2026-09-02T14:51:47,0.0,4.22500014305115,44.42,2026-09-03 13:44:14,2026-09-03 09:45:06
IBIT,IBIT260904C00040000,IBIT,2026-09-04,C,40.0,0.0,0.0,0.0,0.0,0.0,4861.0,0.0,0.0,0.0,0.0,0.0,0.0,0.0,0.0,0.0,0.0,0.0,up,3.9,2026-09-02T14:29:49,0.0,3.75,44.42,2026-09-03 13:44:14,2026-09-03 09:45:06
IBIT,IBIT260904C00040500,IBIT,2026-09-04,C,40.5,0.0,0.0,0.0,0.0,0.0,932.0,0.0,0.0,0.0,0.0,0.0,0.0,0.0,0.0,0.0,0.0,0.0,up,3.38,2026-09-02T14:16:10,0.0,3.22500002384186,44.42,2026-09-03 13:44:14,2026-09-03 09:45:06
IBIT,IBIT260904C00041000,IBIT,2026-09-04,C,41.0,0.0,0.0,0.0,0.0,0.0,5558.0,0.0,0.0,0.0,0.0,0.0,0.0,0.0,0.0,0.0,0.0,0.0,no_change,2.79,2026-09-02T15:53:29,0.0,2.76999998092651,44.42,2026-09-03 13:44:14,2026-09-03 09:45:06
IBIT,IBIT260904C00041500,IBIT,2026-09-04,C,41.5,0.0,0.0,0.0,0.0,0.0,2095.0,0.0,0.0,0.0,0.0,0.0,0.0,0.0,0.0,0.0,0.0,0.0,up,2.27,2026-09-02T15:47:38,0.0,2.27499997615814,44.42,2026-09-03 13:44:14,2026-09-03 09:45:06
IBIT,IBIT260904C00042000,IBIT,2026-09-04,C,42.0,0.0,0.0,0.0,0.0,0.0,5320.0,0.0,0.0,0.0,0.0,0.0,0.0,0.0,0.0,0.0,0.0,0.0,down,1.79,2026-09-02T15:29:10,0.0,1.78999996185303,44.42,2026-09-03 13:44:14,2026-09-03 09:45:06
IBIT,IBIT260904C00042500,IBIT,2026-09-04,C,42.5,0.0,0.0,0.0,0.0,0.0,9061.0,0.0,0.0,0.0,0.0,0.0,0.0,0.0,0.0,0.0,0.0,0.0,down,1.28,2026-09-02T15:56:03,0.0,1.3299999833107,44.42,2026-09-03 13:44:14,2026-09-03 09:45:06
IBIT,IBIT260904C00043000,IBIT,2026-09-04,C,43.0,0.0,0.0,0.0,0.0,0.0,8507.0,0.0,0.0,0.0,0.0,0.0,0.0,0.0,0.0,0.0,0.0,0.0,no_change,0.9,2026-09-02T15:42:24,0.0,0.91499999165535,44.42,2026-09-03 13:44:14,2026-09-03 09:45:06
IBIT,IBIT260904C00043500,IBIT,2026-09-04,C,43.5,0.0,0.0,0.0,0.0,0.0,2304.0,0.0,0.0,0.0,0.0,0.0,0.0,0.0,0.0,0.0,0.0,0.0,up,0.62,2026-09-02T15:59:48,0.0,0.5799999833107,44.42,2026-09-03 13:44:14,2026-09-03 09:45:06
IBIT,IBIT260904C00044000,IBIT,2026-09-04,C,44.0,0.0,0.0,0.0,0.0,0.0,15134.0,0.0,0.0,0.0,0.0,0.0,0.0,0.0,0.0,0.0,0.0,0.0,up,0.36,2026-09-02T15:59:58,0.0,0.33500000834465,44.42,2026-09-03 13:44:14,2026-09-03 09:45:06
IBIT,IBIT260904C00044500,IBIT,2026-09-04,C,44.5,0.0,0.0,0.0,0.0,0.0,16420.0,0.0,0.0,0.0,0.0,0.0,0.0,0.0,0.0,0.0,0.0,0.0,no_change,0.2,2026-09-02T15:59:52,0.0,0.185000002384186,44.42,2026-09-03 13:44:14,2026-09-03 09:45:06
IBIT,IBIT260904C00045000,IBIT,2026-09-04,C,45.0,0.0,0.0,0.0,0.0,0.0,27248.0,0.0,0.0,0.0,0.0,0.0,0.0,0.0,0.0,0.0,0.0,0.0,no_change,0.1,2026-09-02T15:58:53,0.0,0.105000000447035,44.42,2026-09-03 13:44:14,2026-09-03 09:45:06
IBIT,IBIT260904C00045500,IBIT,2026-09-04,C,45.5,0.0,0.0,0.0,0.0,0.0,5932.0,0.0,0.0,0.0,0.0,0.0,0.0,0.0,0.0,0.0,0.0,0.0,no_change,0.07,2026-09-02T15:55:19,0.0,0.0649999994784594,44.42,2026-09-03 13:44:14,2026-09-03 09:45:06
IBIT,IBIT260904C00046000,IBIT,2026-09-04,C,46.0,0.0,0.0,0.0,0.0,0.0,18196.0,0.0,0.0,0.0,0.0,0.0,0.0,0.0,0.0,0.0,0.0,0.0,no_change,0.04,2026-09-02T15:54:18,0.0,0.0449999999254942,44.42,2026-09-03 13:44:14,2026-09-03 09:45:06
IBIT,IBIT260904C00046500,IBIT,2026-09-04,C,46.5,0.0,0.0,0.0,0.0,0.0,12330.0,0.0,0.0,0.0,0.0,0.0,0.0,0.0,0.0,0.0,0.0,0.0,no_change,0.03,2026-09-02T15:44:54,0.0,0.034999999217689,44.42,2026-09-03 13:44:14,2026-09-03 09:45:06
IBIT,IBIT260904C00047000,IBIT,2026-09-04,C,47.0,0.0,0.0,0.0,0.0,0.0,9995.0,0.0,0.0,0.0,0.0,0.0,0.0,0.0,0.0,0.0,0.0,0.0,no_change,0.02,2026-09-02T15:47:58,0.0,0.0249999994412065,44.42,2026-09-03 13:44:14,2026-09-03 09:45:06
IBIT,IBIT260904C00047500,IBIT,2026-09-04,C,47.5,0.0,0.0,0.0,0.0,0.0,2304.0,0.0,0.0,0.0,0.0,0.0,0.0,0.0,0.0,0.0,0.0,0.0,up,0.02,2026-09-02T13:32:57,0.0,0.0149999996647239,44.42,2026-09-03 13:44:14,2026-09-03 09:45:06
IBIT,IBIT260904C00048000,IBIT,2026-09-04,C,48.0,0.0,0.0,0.0,0.0,0.0,6841.0,0.0,0.0,0.0,0.0,0.0,0.0,0.0,0.0,0.0,0.0,0.0,down,0.01,2026-09-02T15:44:16,0.0,0.0149999996647239,44.42,2026-09-03 13:44:14,2026-09-03 09:45:06
IBIT,IBIT260904C00048500,IBIT,2026-09-04,C,48.5,0.0,0.0,0.0,0.0,0.0,8614.0,0.0,0.0,0.0,0.0,0.0,0.0,0.0,0.0,0.0,0.0,0.0,up,0.02,2026-09-02T11:43:11,0.0,0.0149999996647239,44.42,2026-09-03 13:44:14,2026-09-03 09:45:06
IBIT,IBIT260904C00049000,IBIT,2026-09-04,C,49.0,0.0,0.0,0.0,0.0,0.0,2895.0,0.0,0.0,0.0,0.0,0.0,0.0,0.0,0.0,0.0,0.0,0.0,no_change,0.01,2026-09-02T15:45:49,0.0,0.0149999996647239,44.42,2026-09-03 13:44:14,2026-09-03 09:45:06
IBIT,IBIT260904C00049500,IBIT,2026-09-04,C,49.5,0.0,0.0,0.0,0.0,0.0,752.0,0.0,0.0,0.0,0.0,0.0,0.0,0.0,0.0,0.0,0.0,0.0,down,0.01,2026-09-02T12:31:16,0.0,0.00499999988824129,44.42,2026-09-03 13:44:14,2026-09-03 09:45:06
IBIT,IBIT260904C00050000,IBIT,2026-09-04,C,50.0,0.0,0.0,0.0,0.0,0.0,11060.0,0.0,0.0,0.0,0.0,0.0,0.0,0.0,0.0,0.0,0.0,0.0,no_change,0.01,2026-09-02T14:58:18,0.0,0.00499999988824129,44.42,2026-09-03 13:44:14,2026-09-03 09:45:06
IBIT,IBIT260904C00050500,IBIT,2026-09-04,C,50.5,0.0,0.0,0.0,0.0,0.0,994.0,0.0,0.0,0.0,0.0,0.0,0.0,0.0,0.0,0.0,0.0,0.0,no_change,0.01,2026-09-01T15:34:05,0.0,0.00499999988824129,44.42,2026-09-03 13:44:14,2026-09-03 09:45:06
IBIT,IBIT260904C00051000,IBIT,2026-09-04,C,51.0,0.0,0.0,0.0,0.0,0.0,643.0,0.0,0.0,0.0,0.0,0.0,0.0,0.0,0.0,0.0,0.0,0.0,no_change,0.01,2026-09-02T14:11:53,0.0,0.00499999988824129,44.42,2026-09-03 13:44:14,2026-09-03 09:45:06
IBIT,IBIT260904C00051500,IBIT,2026-09-04,C,51.5,0.0,0.0,0.0,0.0,0.0,207.0,0.0,0.0,0.0,0.0,0.0,0.0,0.0,0.0,0.0,0.0,0.0,no_change,0.01,2026-09-01T11:20:00,0.0,0.00499999988824129,44.42,2026-09-03 13:44:14,2026-09-03 09:45:06
IBIT,IBIT260904C00052000,IBIT,2026-09-04,C,52.0,0.0,0.0,0.0,0.0,0.0,1055.0,0.0,0.0,0.0,0.0,0.0,0.0,0.0,0.0,0.0,0.0,0.0,no_change,0.01,2026-09-02T10:02:17,0.0,0.00499999988824129,44.42,2026-09-03 13:44:14,2026-09-03 09:45:06
IBIT,IBIT260904C00052500,IBIT,2026-09-04,C,52.5,0.0,0.0,0.0,0.0,0.0,289.0,0.0,0.0,0.0,0.0,0.0,0.0,0.0,0.0,0.0,0.0,0.0,no_change,0.01,2026-08-31T14:45:39,0.0,0.00499999988824129,44.42,2026-09-03 13:44:14,2026-09-03 09:45:06
IBIT,IBIT260904C00053000,IBIT,2026-09-04,C,53.0,0.0,0.0,0.0,0.0,0.0,1187.0,0.0,0.0,0.0,0.0,0.0,0.0,0.0,0.0,0.0,0.0,0.0,no_change,0.01,2026-09-01T09:34:32,0.0,0.00499999988824129,44.42,2026-09-03 13:44:14,2026-09-03 09:45:06
IBIT,IBIT260904C00053500,IBIT,2026-09-04,C,53.5,0.0,0.0,0.0,0.0,0.0,312.0,0.0,0.0,0.0,0.0,0.0,0.0,0.0,0.0,0.0,0.0,0.0,down,0.01,2026-08-31T09:35:27,0.0,0.00499999988824129,44.42,2026-09-03 13:44:14,2026-09-03 09:45:06
IBIT,IBIT260904C00054000,IBIT,2026-09-04,C,54.0,0.0,0.0,0.0,0.0,0.0,320.0,0.0,0.0,0.0,0.0,0.0,0.0,0.0,0.0,0.0,0.0,0.0,no_change,0.01,2026-08-31T10:25:49,0.0,0.00499999988824129,44.42,2026-09-03 13:44:14,2026-09-03 09:45:06
IBIT,IBIT260904C00054500,IBIT,2026-09-04,C,54.5,0.0,0.0,0.0,0.0,0.0,289.0,0.0,0.0,0.0,0.0,0.0,0.0,0.0,0.0,0.0,0.0,0.0,no_change,0.01,2026-08-31T11:36:10,0.0,0.00499999988824129,44.42,2026-09-03 13:44:14,2026-09-03 09:45:06
IBIT,IBIT260904C00055000,IBIT,2026-09-04,C,55.0,0.0,0.0,0.0,0.0,0.0,2270.0,0.0,0.0,0.0,0.0,0.0,0.0,0.0,0.0,0.0,0.0,0.0,no_change,0.01,2026-09-01T09:46:38,0.0,0.00499999988824129,44.42,2026-09-03 13:44:14,2026-09-03 09:45:06
IBIT,IBIT260904C00060000,IBIT,2026-09-04,C,60.0,0.0,0.0,0.0,0.0,0.0,12452.0,0.0,0.0,0.0,0.0,0.0,0.0,0.0,0.0,0.0,0.0,0.0,no_change,0.01,2026-09-02T10:26:13,0.0,0.00499999988824129,44.42,2026-09-03 13:44:14,2026-09-03 09:45:06
IBIT,IBIT260904C00065000,IBIT,2026-09-04,C,65.0,0.0,0.0,0.0,0.0,0.0,388.0,0.0,0.0,0.0,0.0,0.0,0.0,0.0,0.0,0.0,0.0,0.0,no_change,0.01,2026-09-02T14:56:07,0.0,0.00499999988824129,44.42,2026-09-03 13:44:14,2026-09-03 09:45:06
IBIT,IBIT260904P00020000,IBIT,2026-09-04,P,20.0,0.0,0.0,0.0,0.0,0.0,118.0,0.0,0.0,0.0,0.0,0.0,0.0,0.0,0.0,0.0,0.0,0.0,no_change,0.01,2026-08-21T12:51:28,0.0,0.00499999988824129,44.42,2026-09-03 13:44:14,2026-09-03 09:45:06
IBIT,IBIT260904P00025000,IBIT,2026-09-04,P,25.0,0.0,0.0,0.0,0.0,0.0,306.0,0.0,0.0,0.0,0.0,0.0,0.0,0.0,0.0,0.0,0.0,0.0,up,0.02,2026-09-02T11:31:17,0.0,0.00499999988824129,44.42,2026-09-03 13:44:14,2026-09-03 09:45:06
IBIT,IBIT260904P00026000,IBIT,2026-09-04,P,26.0,0.0,0.0,0.0,0.0,0.0,781.0,0.0,0.0,0.0,0.0,0.0,0.0,0.0,0.0,0.0,0.0,0.0,down,0.01,2026-08-25T15:54:22,0.0,0.00499999988824129,44.42,2026-09-03 13:44:14,2026-09-03 09:45:06
IBIT,IBIT260904P00027000,IBIT,2026-09-04,P,27.0,0.0,0.0,0.0,0.0,0.0,10.0,0.0,0.0,0.0,0.0,0.0,0.0,0.0,0.0,0.0,0.0,0.0,down,0.01,2026-08-26T10:06:22,0.0,0.00499999988824129,44.42,2026-09-03 13:44:14,2026-09-03 09:45:06
IBIT,IBIT260904P00028000,IBIT,2026-09-04,P,28.0,0.0,0.0,0.0,0.0,0.0,16.0,0.0,0.0,0.0,0.0,0.0,0.0,0.0,0.0,0.0,0.0,0.0,down,0.01,2026-08-25T15:54:22,0.0,0.00499999988824129,44.42,2026-09-03 13:44:14,2026-09-03 09:45:06
IBIT,IBIT260904P00029000,IBIT,2026-09-04,P,29.0,0.0,0.0,0.0,0.0,0.0,525.0,0.0,0.0,0.0,0.0,0.0,0.0,0.0,0.0,0.0,0.0,0.0,no_change,0.01,2026-09-01T09:33:53,0.0,0.00499999988824129,44.42,2026-09-03 13:44:14,2026-09-03 09:45:06
IBIT,IBIT260904P00030000,IBIT,2026-09-04,P,30.0,0.0,0.0,0.0,0.0,0.0,277.0,0.0,0.0,0.0,0.0,0.0,0.0,0.0,0.0,0.0,0.0,0.0,down,0.01,2026-08-28T12:54:09,0.0,0.00499999988824129,44.42,2026-09-03 13:44:14,2026-09-03 09:45:06
IBIT,IBIT260904P00030500,IBIT,2026-09-04,P,30.5,0.0,0.0,0.0,0.0,0.0,10.0,0.0,0.0,0.0,0.0,0.0,0.0,0.0,0.0,0.0,0.0,0.0,no_change,0.03,2026-08-25T15:38:18,0.0,0.00499999988824129,44.42,2026-09-03 13:44:14,2026-09-03 09:45:06
IBIT,IBIT260904P00031000,IBIT,2026-09-04,P,31.0,0.0,0.0,0.0,0.0,0.0,512.0,0.0,0.0,0.0,0.0,0.0,0.0,0.0,0.0,0.0,0.0,0.0,up,0.03,2026-08-28T12:19:42,0.0,0.00499999988824129,44.42,2026-09-03 13:44:14,2026-09-03 09:45:06
IBIT,IBIT260904P00031500,IBIT,2026-09-04,P,31.5,0.0,0.0,0.0,0.0,0.0,158.0,0.0,0.0,0.0,0.0,0.0,0.0,0.0,0.0,0.0,0.0,0.0,no_change,0.02,2026-08-28T14:48:28,0.0,0.00499999988824129,44.42,2026-09-03 13:44:14,2026-09-03 09:45:06
IBIT,IBIT260904P00032000,IBIT,2026-09-04,P,32.0,0.0,0.0,0.0,0.0,0.0,2453.0,0.0,0.0,0.0,0.0,0.0,0.0,0.0,0.0,0.0,0.0,0.0,no_change,0.01,2026-08-31T15:51:17,0.0,0.00499999988824129,44.42,2026-09-03 13:44:14,2026-09-03 09:45:06
IBIT,IBIT260904P00032500,IBIT,2026-09-04,P,32.5,0.0,0.0,0.0,0.0,0.0,25525.0,0.0,0.0,0.0,0.0,0.0,0.0,0.0,0.0,0.0,0.0,0.0,no_change,0.01,2026-08-28T10:25:47,0.0,0.00499999988824129,44.42,2026-09-03 13:44:14,2026-09-03 09:45:06
IBIT,IBIT260904P00033000,IBIT,2026-09-04,P,33.0,0.0,0.0,0.0,0.0,0.0,2826.0,0.0,0.0,0.0,0.0,0.0,0.0,0.0,0.0,0.0,0.0,0.0,no_change,0.01,2026-08-31T14:31:50,0.0,0.00499999988824129,44.42,2026-09-03 13:44:14,2026-09-03 09:45:06
IBIT,IBIT260904P00033500,IBIT,2026-09-04,P,33.5,0.0,0.0,0.0,0.0,0.0,859.0,0.0,0.0,0.0,0.0,0.0,0.0,0.0,0.0,0.0,0.0,0.0,no_change,0.01,2026-09-01T12:54:47,0.0,0.00499999988824129,44.42,2026-09-03 13:44:14,2026-09-03 09:45:06
IBIT,IBIT260904P00034000,IBIT,2026-09-04,P,34.0,0.0,0.0,0.0,0.0,0.0,5556.0,0.0,0.0,0.0,0.0,0.0,0.0,0.0,0.0,0.0,0.0,0.0,down,0.01,2026-09-02T09:52:53,0.0,0.00499999988824129,44.42,2026-09-03 13:44:14,2026-09-03 09:45:06
IBIT,IBIT260904P00034500,IBIT,2026-09-04,P,34.5,0.0,0.0,0.0,0.0,0.0,843.0,0.0,0.0,0.0,0.0,0.0,0.0,0.0,0.0,0.0,0.0,0.0,no_change,0.03,2026-08-26T12:28:02,0.0,0.00499999988824129,44.42,2026-09-03 13:44:14,2026-09-03 09:45:06
IBIT,IBIT260904P00035000,IBIT,2026-09-04,P,35.0,0.0,0.0,0.0,0.0,0.0,3761.0,0.0,0.0,0.0,0.0,0.0,0.0,0.0,0.0,0.0,0.0,0.0,no_change,0.01,2026-09-01T13:35:21,0.0,0.00499999988824129,44.42,2026-09-03 13:44:14,2026-09-03 09:45:06
IBIT,IBIT260904P00035500,IBIT,2026-09-04,P,35.5,0.0,0.0,0.0,0.0,0.0,964.0,0.0,0.0,0.0,0.0,0.0,0.0,0.0,0.0,0.0,0.0,0.0,no_change,0.01,2026-09-02T15:07:59,0.0,0.00499999988824129,44.42,2026-09-03 13:44:14,2026-09-03 09:45:06
IBIT,IBIT260904P00036000,IBIT,2026-09-04,P,36.0,0.0,0.0,0.0,0.0,0.0,2806.0,0.0,0.0,0.0,0.0,0.0,0.0,0.0,0.0,0.0,0.0,0.0,no_change,0.01,2026-09-02T10:04:31,0.0,0.00499999988824129,44.42,2026-09-03 13:44:14,2026-09-03 09:45:06
IBIT,IBIT260904P00036500,IBIT,2026-09-04,P,36.5,0.0,0.0,0.0,0.0,0.0,2654.0,0.0,0.0,0.0,0.0,0.0,0.0,0.0,0.0,0.0,0.0,0.0,no_change,0.01,2026-09-02T12:21:49,0.0,0.00499999988824129,44.42,2026-09-03 13:44:14,2026-09-03 09:45:06
IBIT,IBIT260904P00037000,IBIT,2026-09-04,P,37.0,0.0,0.0,0.0,0.0,0.0,2967.0,0.0,0.0,0.0,0.0,0.0,0.0,0.0,0.0,0.0,0.0,0.0,up,0.02,2026-09-01T15:15:38,0.0,0.00499999988824129,44.42,2026-09-03 13:44:14,2026-09-03 09:45:06
IBIT,IBIT260904P00037500,IBIT,2026-09-04,P,37.5,0.0,0.0,0.0,0.0,0.0,239.0,0.0,0.0,0.0,0.0,0.0,0.0,0.0,0.0,0.0,0.0,0.0,no_change,0.02,2026-08-28T15:08:37,0.0,0.00499999988824129,44.42,2026-09-03 13:44:14,2026-09-03 09:45:06
IBIT,IBIT260904P00038000,IBIT,2026-09-04,P,38.0,0.0,0.0,0.0,0.0,0.0,3680.0,0.0,0.0,0.0,0.0,0.0,0.0,0.0,0.0,0.0,0.0,0.0,no_change,0.01,2026-09-02T13:56:30,0.0,0.00999999977648258,44.42,2026-09-03 13:44:14,2026-09-03 09:45:06
IBIT,IBIT260904P00038500,IBIT,2026-09-04,P,38.5,0.0,0.0,0.0,0.0,0.0,2466.0,0.0,0.0,0.0,0.0,0.0,0.0,0.0,0.0,0.0,0.0,0.0,no_change,0.01,2026-09-02T13:38:01,0.0,0.00999999977648258,44.42,2026-09-03 13:44:14,2026-09-03 09:45:06
IBIT,IBIT260904P00039000,IBIT,2026-09-04,P,39.0,0.0,0.0,0.0,0.0,0.0,1317.0,0.0,0.0,0.0,0.0,0.0,0.0,0.0,0.0,0.0,0.0,0.0,no_change,0.01,2026-09-02T15:54:25,0.0,0.0149999996647239,44.42,2026-09-03 13:44:14,2026-09-03 09:45:06
IBIT,IBIT260904P00039500,IBIT,2026-09-04,P,39.5,0.0,0.0,0.0,0.0,0.0,1626.0,0.0,0.0,0.0,0.0,0.0,0.0,0.0,0.0,0.0,0.0,0.0,no_change,0.01,2026-09-02T13:25:04,0.0,0.0149999996647239,44.42,2026-09-03 13:44:14,2026-09-03 09:45:06
IBIT,IBIT260904P00040000,IBIT,2026-09-04,P,40.0,0.0,0.0,0.0,0.0,0.0,6224.0,0.0,0.0,0.0,0.0,0.0,0.0,0.0,0.0,0.0,0.0,0.0,no_change,0.02,2026-09-02T13:26:09,0.0,0.0149999996647239,44.42,2026-09-03 13:44:14,2026-09-03 09:45:06
IBIT,IBIT260904P00040500,IBIT,2026-09-04,P,40.5,0.0,0.0,0.0,0.0,0.0,3539.0,0.0,0.0,0.0,0.0,0.0,0.0,0.0,0.0,0.0,0.0,0.0,up,0.02,2026-09-02T15:54:19,0.0,0.0149999996647239,44.42,2026-09-03 13:44:14,2026-09-03 09:45:06
IBIT,IBIT260904P00041000,IBIT,2026-09-04,P,41.0,0.0,0.0,0.0,0.0,0.0,3225.0,0.0,0.0,0.0,0.0,0.0,0.0,0.0,0.0,0.0,0.0,0.0,down,0.02,2026-09-02T13:44:19,0.0,0.0249999994412065,44.42,2026-09-03 13:44:14,2026-09-03 09:45:06
IBIT,IBIT260904P00041500,IBIT,2026-09-04,P,41.5,0.0,0.0,0.0,0.0,0.0,6048.0,0.0,0.0,0.0,0.0,0.0,0.0,0.0,0.0,0.0,0.0,0.0,down,0.03,2026-09-02T15:55:44,0.0,0.034999999217689,44.42,2026-09-03 13:44:14,2026-09-03 09:45:06
IBIT,IBIT260904P00042000,IBIT,2026-09-04,P,42.0,0.0,0.0,0.0,0.0,0.0,10475.0,0.0,0.0,0.0,0.0,0.0,0.0,0.0,0.0,0.0,0.0,0.0,no_change,0.04,2026-09-02T15:58:41,0.0,0.0449999999254942,44.42,2026-09-03 13:44:14,2026-09-03 09:45:06
IBIT,IBIT260904P00042500,IBIT,2026-09-04,P,42.5,0.0,0.0,0.0,0.0,0.0,11115.0,0.0,0.0,0.0,0.0,0.0,0.0,0.0,0.0,0.0,0.0,0.0,down,0.08,2026-09-02T15:59:24,0.0,0.0850000008940697,44.42,2026-09-03 13:44:14,2026-09-03 09:45:06
IBIT,IBIT260904P00043000,IBIT,2026-09-04,P,43.0,0.0,0.0,0.0,0.0,0.0,11982.0,0.0,0.0,0.0,0.0,0.0,0.0,0.0,0.0,0.0,0.0,0.0,no_change,0.16,2026-09-02T15:59:56,0.0,0.170000001788139,44.42,2026-09-03 13:44:14,2026-09-03 09:45:06
IBIT,IBIT260904P00043500,IBIT,2026-09-04,P,43.5,0.0,0.0,0.0,0.0,0.0,11683.0,0.0,0.0,0.0,0.0,0.0,0.0,0.0,0.0,0.0,0.0,0.0,down,0.3,2026-09-02T15:59:55,0.0,0.33500000834465,44.42,2026-09-03 13:44:14,2026-09-03 09:45:06
IBIT,IBIT260904P00044000,IBIT,2026-09-04,P,44.0,0.0,0.0,0.0,0.0,0.0,8649.0,0.0,0.0,0.0,0.0,0.0,0.0,0.0,0.0,0.0,0.0,0.0,down,0.6,2026-09-02T15:57:35,0.0,0.590000003576279,44.42,2026-09-03 13:44:14,2026-09-03 09:45:06
IBIT,IBIT260904P00044500,IBIT,2026-09-04,P,44.5,0.0,0.0,0.0,0.0,0.0,11029.0,0.0,0.0,0.0,0.0,0.0,0.0,0.0,0.0,0.0,0.0,0.0,down,0.92,2026-09-02T15:52:54,0.0,0.939999997615814,44.42,2026-09-03 13:44:14,2026-09-03 09:45:06
IBIT,IBIT260904P00045000,IBIT,2026-09-04,P,45.0,0.0,0.0,0.0,0.0,0.0,2316.0,0.0,0.0,0.0,0.0,0.0,0.0,0.0,0.0,0.0,0.0,0.0,up,1.35,2026-09-02T15:51:03,0.0,1.36500000953674,44.42,2026-09-03 13:44:14,2026-09-03 09:45:06
IBIT,IBIT260904P00045500,IBIT,2026-09-04,P,45.5,0.0,0.0,0.0,0.0,0.0,442.0,0.0,0.0,0.0,0.0,0.0,0.0,0.0,0.0,0.0,0.0,0.0,up,1.88,2026-09-02T15:35:27,0.0,1.82499998807907,44.42,2026-09-03 13:44:14,2026-09-03 09:45:06
IBIT,IBIT260904P00046000,IBIT,2026-09-04,P,46.0,0.0,0.0,0.0,0.0,0.0,1476.0,0.0,0.0,0.0,0.0,0.0,0.0,0.0,0.0,0.0,0.0,0.0,up,2.31,2026-09-02T15:53:53,0.0,2.30999994277954,44.42,2026-09-03 13:44:14,2026-09-03 09:45:06
IBIT,IBIT260904P00046500,IBIT,2026-09-04,P,46.5,0.0,0.0,0.0,0.0,0.0,535.0,0.0,0.0,0.0,0.0,0.0,0.0,0.0,0.0,0.0,0.0,0.0,up,2.87,2026-09-02T13:13:33,0.0,2.79499995708466,44.42,2026-09-03 13:44:14,2026-09-03 09:45:06
IBIT,IBIT260904P00047000,IBIT,2026-09-04,P,47.0,0.0,0.0,0.0,0.0,0.0,44.0,0.0,0.0,0.0,0.0,0.0,0.0,0.0,0.0,0.0,0.0,0.0,down,3.2,2026-09-02T15:59:41,0.0,3.29999995231628,44.42,2026-09-03 13:44:14,2026-09-03 09:45:06
IBIT,IBIT260904P00047500,IBIT,2026-09-04,P,47.5,0.0,0.0,0.0,0.0,0.0,49.0,0.0,0.0,0.0,0.0,0.0,0.0,0.0,0.0,0.0,0.0,0.0,down,2.38,2026-08-27T12:40:57,0.0,3.80000007152557,44.42,2026-09-03 13:44:14,2026-09-03 09:45:06
IBIT,IBIT260904P00048000,IBIT,2026-09-04,P,48.0,0.0,0.0,0.0,0.0,0.0,115.0,0.0,0.0,0.0,0.0,0.0,0.0,0.0,0.0,0.0,0.0,0.0,up,4.23,2026-09-02T14:46:24,0.0,4.29999995231628,44.42,2026-09-03 13:44:14,2026-09-03 09:45:06
IBIT,IBIT260904P00048500,IBIT,2026-09-04,P,48.5,0.0,0.0,0.0,0.0,0.0,0.0,0.0,0.0,0.0,0.0,0.0,0.0,0.0,0.0,0.0,0.0,0.0,down,3.65,2026-08-27T10:17:02,0.0,4.75,44.42,2026-09-03 13:44:14,2026-09-03 09:45:06
IBIT,IBIT260904P00049000,IBIT,2026-09-04,P,49.0,0.0,0.0,0.0,0.0,0.0,1.0,0.0,0.0,0.0,0.0,0.0,0.0,0.0,0.0,0.0,0.0,0.0,down,5.27,2026-09-02T10:30:07,0.0,5.25,44.42,2026-09-03 13:44:14,2026-09-03 09:45:06
IBIT,IBIT260904P00049500,IBIT,2026-09-04,P,49.5,0.0,0.0,0.0,0.0,0.0,1.0,0.0,0.0,0.0,0.0,0.0,0.0,0.0,0.0,0.0,0.0,0.0,up,5.55,2026-08-28T14:35:55,0.0,5.75,44.42,2026-09-03 13:44:14,2026-09-03 09:45:06
IBIT,IBIT260904P00050000,IBIT,2026-09-04,P,50.0,0.0,0.0,0.0,0.0,0.0,0.0,0.0,0.0,0.0,0.0,0.0,0.0,0.0,0.0,0.0,0.0,0.0,down,6.27,2026-09-02T10:07:32,0.0,6.25,44.42,2026-09-03 13:44:14,2026-09-03 09:45:06
IBIT,IBIT260904P00050500,IBIT,2026-09-04,P,50.5,0.0,0.0,0.0,0.0,0.0,0.0,0.0,0.0,0.0,0.0,0.0,0.0,0.0,0.0,0.0,0.0,0.0,no_change,6.4,2026-08-28T12:40:19,0.0,6.75,44.42,2026-09-03 13:44:14,2026-09-03 09:45:06
IBIT,IBIT260904P00051000,IBIT,2026-09-04,P,51.0,0.0,0.0,0.0,0.0,0.0,0.0,0.0,0.0,0.0,0.0,0.0,0.0,0.0,0.0,0.0,0.0,0.0,no_change,7.25,2026-09-01T15:56:11,0.0,7.25,44.42,2026-09-03 13:44:14,2026-09-03 09:45:06
IBIT,IBIT260904P00051500,IBIT,2026-09-04,P,51.5,0.0,0.0,0.0,0.0,0.0,0.0,0.0,0.0,0.0,0.0,0.0,0.0,0.0,0.0,0.0,0.0,0.0,up,6.8,2026-08-31T14:42:13,0.0,7.75,44.42,2026-09-03 13:44:14,2026-09-03 09:45:06
IBIT,IBIT260904P00052000,IBIT,2026-09-04,P,52.0,0.0,0.0,0.0,0.0,0.0,0.0,0.0,0.0,0.0,0.0,0.0,0.0,0.0,0.0,0.0,0.0,0.0,no_change,7.68,2026-09-01T10:29:16,0.0,8.22499990463257,44.42,2026-09-03 13:44:14,2026-09-03 09:45:06
IBIT,IBIT260904P00052500,IBIT,2026-09-04,P,52.5,0.0,0.0,0.0,0.0,0.0,0.0,0.0,0.0,0.0,0.0,0.0,0.0,0.0,0.0,0.0,0.0,0.0,down,7.85,2026-08-31T12:55:24,0.0,8.72499990463257,44.42,2026-09-03 13:44:14,2026-09-03 09:45:06
IBIT,IBIT260904P00053000,IBIT,2026-09-04,P,53.0,0.0,0.0,0.0,0.0,0.0,0.0,0.0,0.0,0.0,0.0,0.0,0.0,0.0,0.0,0.0,0.0,0.0,down,9.49,2026-09-02T11:12:52,0.0,9.27500009536743,44.42,2026-09-03 13:44:14,2026-09-03 09:45:06
IBIT,IBIT260904P00053500,IBIT,2026-09-04,P,53.5,0.0,0.0,0.0,0.0,0.0,2.0,0.0,0.0,0.0,0.0,0.0,0.0,0.0,0.0,0.0,0.0,0.0,down,9.93,2026-09-02T11:12:52,0.0,9.77500009536743,44.42,2026-09-03 13:44:14,2026-09-03 09:45:06
IBIT,IBIT260904P00054000,IBIT,2026-09-04,P,54.0,0.0,0.0,0.0,0.0,0.0,0.0,0.0,0.0,0.0,0.0,0.0,0.0,0.0,0.0,0.0,0.0,0.0,down,10.49,2026-09-02T11:12:07,0.0,10.3000001907349,44.42,2026-09-03 13:44:14,2026-09-03 09:45:06
IBIT,IBIT260904P00054500,IBIT,2026-09-04,P,54.5,0.0,0.0,0.0,0.0,0.0,3.0,0.0,0.0,0.0,0.0,0.0,0.0,0.0,0.0,0.0,0.0,0.0,down,10.93,2026-09-02T11:12:07,0.0,10.75,44.42,2026-09-03 13:44:14,2026-09-03 09:45:06
IBIT,IBIT260904P00055000,IBIT,2026-09-04,P,55.0,0.0,0.0,0.0,0.0,0.0,3.0,0.0,0.0,0.0,0.0,0.0,0.0,0.0,0.0,0.0,0.0,0.0,down,11.25,2026-09-02T11:42:03,0.0,11.25,44.42,2026-09-03 13:44:14,2026-09-03 09:45:06
IBIT,IBIT260904P00060000,IBIT,2026-09-04,P,60.0,0.0,0.0,0.0,0.0,0.0,0.0,0.0,0.0,0.0,0.0,0.0,0.0,0.0,0.0,0.0,0.0,0.0,up,15.85,2026-08-26T13:00:33,0.0,16.25,44.42,2026-09-03 13:44:14,2026-09-03 09:45:06
IBIT,IBIT260904P00065000,IBIT,2026-09-04,P,65.0,0.0,0.0,0.0,0.0,0.0,0.0,0.0,0.0,0.0,0.0,0.0,0.0,0.0,0.0,0.0,0.0,0.0,no_change,0.0,,0.0,21.25,44.42,2026-09-03 13:44:14,2026-09-03 09:45:06
IBIT,IBIT260909C00021000,IBIT,2026-09-09,C,21.0,0.0,0.0,0.0,0.0,0.0,0.0,0.0,0.0,0.0,0.0,0.0,0.0,0.0,0.0,0.0,0.0,0.0,no_change,0.0,,0.0,22.4249992370605,44.42,2026-09-03 13:44:14,2026-09-03 09:45:06
IBIT,IBIT260909C00022000,IBIT,2026-09-09,C,22.0,0.0,0.0,0.0,0.0,0.0,0.0,0.0,0.0,0.0,0.0,0.0,0.0,0.0,0.0,0.0,0.0,0.0,no_change,0.0,,0.0,21.5249996185303,44.42,2026-09-03 13:44:14,2026-09-03 09:45:06
IBIT,IBIT260909C00023000,IBIT,2026-09-09,C,23.0,0.0,0.0,0.0,0.0,0.0,0.0,0.0,0.0,0.0,0.0,0.0,0.0,0.0,0.0,0.0,0.0,0.0,no_change,0.0,,0.0,20.5249996185303,44.42,2026-09-03 13:44:14,2026-09-03 09:45:06
IBIT,IBIT260909C00024000,IBIT,2026-09-09,C,24.0,0.0,0.0,0.0,0.0,0.0,0.0,0.0,0.0,0.0,0.0,0.0,0.0,0.0,0.0,0.0,0.0,0.0,no_change,0.0,,0.0,19.5249996185303,44.42,2026-09-03 13:44:14,2026-09-03 09:45:06
IBIT,IBIT260909C00025000,IBIT,2026-09-09,C,25.0,0.0,0.0,0.0,0.0,0.0,0.0,0.0,0.0,0.0,0.0,0.0,0.0,0.0,0.0,0.0,0.0,0.0,no_change,0.0,,0.0,18.5249996185303,44.42,2026-09-03 13:44:14,2026-09-03 09:45:06
IBIT,IBIT260909C00026000,IBIT,2026-09-09,C,26.0,0.0,0.0,0.0,0.0,0.0,1.0,0.0,0.0,0.0,0.0,0.0,0.0,0.0,0.0,0.0,0.0,0.0,up,18.92,2026-08-31T14:48:03,0.0,17.5249996185303,44.42,2026-09-03 13:44:14,2026-09-03 09:45:06
IBIT,IBIT260909C00027000,IBIT,2026-09-09,C,27.0,0.0,0.0,0.0,0.0,0.0,1.0,0.0,0.0,0.0,0.0,0.0,0.0,0.0,0.0,0.0,0.0,0.0,up,17.92,2026-08-31T14:48:09,0.0,16.5249996185303,44.42,2026-09-03 13:44:14,2026-09-03 09:45:06
IBIT,IBIT260909C00028000,IBIT,2026-09-09,C,28.0,0.0,0.0,0.0,0.0,0.0,0.0,0.0,0.0,0.0,0.0,0.0,0.0,0.0,0.0,0.0,0.0,0.0,no_change,0.0,,0.0,15.5249996185303,44.42,2026-09-03 13:44:14,2026-09-03 09:45:06
IBIT,IBIT260909C00029000,IBIT,2026-09-09,C,29.0,0.0,0.0,0.0,0.0,0.0,0.0,0.0,0.0,0.0,0.0,0.0,0.0,0.0,0.0,0.0,0.0,0.0,no_change,0.0,,0.0,14.5250000953674,44.42,2026-09-03 13:44:14,2026-09-03 09:45:06
IBIT,IBIT260909C00030000,IBIT,2026-09-09,C,30.0,0.0,0.0,0.0,0.0,0.0,0.0,0.0,0.0,0.0,0.0,0.0,0.0,0.0,0.0,0.0,0.0,0.0,no_change,0.0,,0.0,13.5250000953674,44.42,2026-09-03 13:44:14,2026-09-03 09:45:06
IBIT,IBIT260909C00031000,IBIT,2026-09-09,C,31.0,0.0,0.0,0.0,0.0,0.0,0.0,0.0,0.0,0.0,0.0,0.0,0.0,0.0,0.0,0.0,0.0,0.0,no_change,0.0,,0.0,12.5250000953674,44.42,2026-09-03 13:44:14,2026-09-03 09:45:06
IBIT,IBIT260909C00032000,IBIT,2026-09-09,C,32.0,0.0,0.0,0.0,0.0,0.0,1.0,0.0,0.0,0.0,0.0,0.0,0.0,0.0,0.0,0.0,0.0,0.0,up,13.7,2026-08-27T12:22:46,0.0,11.5250000953674,44.42,2026-09-03 13:44:14,2026-09-03 09:45:06
IBIT,IBIT260909C00033000,IBIT,2026-09-09,C,33.0,0.0,0.0,0.0,0.0,0.0,0.0,0.0,0.0,0.0,0.0,0.0,0.0,0.0,0.0,0.0,0.0,0.0,no_change,0.0,,0.0,10.625,44.42,2026-09-03 13:44:14,2026-09-03 09:45:06
IBIT,IBIT260909C00034000,IBIT,2026-09-09,C,34.0,0.0,0.0,0.0,0.0,0.0,15.0,0.0,0.0,0.0,0.0,0.0,0.0,0.0,0.0,0.0,0.0,0.0,down,9.78,2026-08-28T12:27:41,0.0,9.625,44.42,2026-09-03 13:44:14,2026-09-03 09:45:06
IBIT,IBIT260909C00035000,IBIT,2026-09-09,C,35.0,0.0,0.0,0.0,0.0,0.0,14.0,0.0,0.0,0.0,0.0,0.0,0.0,0.0,0.0,0.0,0.0,0.0,down,10.62,2026-08-27T12:03:20,0.0,8.625,44.42,2026-09-03 13:44:14,2026-09-03 09:45:06
IBIT,IBIT260909C00035500,IBIT,2026-09-09,C,35.5,0.0,0.0,0.0,0.0,0.0,13.0,0.0,0.0,0.0,0.0,0.0,0.0,0.0,0.0,0.0,0.0,0.0,down,10.23,2026-08-27T11:19:01,0.0,8.125,44.42,2026-09-03 13:44:14,2026-09-03 09:45:06
IBIT,IBIT260909C00036000,IBIT,2026-09-09,C,36.0,0.0,0.0,0.0,0.0,0.0,14.0,0.0,0.0,0.0,0.0,0.0,0.0,0.0,0.0,0.0,0.0,0.0,up,7.78,2026-09-02T14:45:48,0.0,7.82500004768372,44.42,2026-09-03 13:44:14,2026-09-03 09:45:06
IBIT,IBIT260909C00036500,IBIT,2026-09-09,C,36.5,0.0,0.0,0.0,0.0,0.0,8.0,0.0,0.0,0.0,0.0,0.0,0.0,0.0,0.0,0.0,0.0,0.0,no_change,7.34,2026-09-02T10:15:42,0.0,7.22499990463257,44.42,2026-09-03 13:44:14,2026-09-03 09:45:06
IBIT,IBIT260909C00037000,IBIT,2026-09-09,C,37.0,0.0,0.0,0.0,0.0,0.0,1.0,0.0,0.0,0.0,0.0,0.0,0.0,0.0,0.0,0.0,0.0,0.0,down,7.36,2026-08-26T12:13:35,0.0,6.70000004768372,44.42,2026-09-03 13:44:14,2026-09-03 09:45:06
IBIT,IBIT260909C00037500,IBIT,2026-09-09,C,37.5,0.0,0.0,0.0,0.0,0.0,5.0,0.0,0.0,0.0,0.0,0.0,0.0,0.0,0.0,0.0,0.0,0.0,down,6.25,2026-09-02T13:42:41,0.0,6.22499990463257,44.42,2026-09-03 13:44:14,2026-09-03 09:45:06
IBIT,IBIT260909C00038000,IBIT,2026-09-09,C,38.0,0.0,0.0,0.0,0.0,0.0,29.0,0.0,0.0,0.0,0.0,0.0,0.0,0.0,0.0,0.0,0.0,0.0,down,5.79,2026-09-02T15:34:33,0.0,5.79999995231628,44.42,2026-09-03 13:44:14,2026-09-03 09:45:06
IBIT,IBIT260909C00038500,IBIT,2026-09-09,C,38.5,0.0,0.0,0.0,0.0,0.0,13.0,0.0,0.0,0.0,0.0,0.0,0.0,0.0,0.0,0.0,0.0,0.0,up,5.94,2026-08-31T11:27:43,0.0,5.32499980926514,44.42,2026-09-03 13:44:14,2026-09-03 09:45:06
IBIT,IBIT260909C00039000,IBIT,2026-09-09,C,39.0,0.0,0.0,0.0,0.0,0.0,21.0,0.0,0.0,0.0,0.0,0.0,0.0,0.0,0.0,0.0,0.0,0.0,down,4.82,2026-08-28T12:27:41,0.0,4.79999995231628,44.42,2026-09-03 13:44:14,2026-09-03 09:45:06
IBIT,IBIT260909C00039500,IBIT,2026-09-09,C,39.5,0.0,0.0,0.0,0.0,0.0,45.0,0.0,0.0,0.0,0.0,0.0,0.0,0.0,0.0,0.0,0.0,0.0,down,4.44,2026-09-01T13:14:37,0.0,4.29999995231628,44.42,2026-09-03 13:44:14,2026-09-03 09:45:06
IBIT,IBIT260909C00040000,IBIT,2026-09-09,C,40.0,0.0,0.0,0.0,0.0,0.0,79.0,0.0,0.0,0.0,0.0,0.0,0.0,0.0,0.0,0.0,0.0,0.0,no_change,3.8,2026-09-02T15:26:51,0.0,3.79999995231628,44.42,2026-09-03 13:44:14,2026-09-03 09:45:06
IBIT,IBIT260909C00040500,IBIT,2026-09-09,C,40.5,0.0,0.0,0.0,0.0,0.0,22.0,0.0,0.0,0.0,0.0,0.0,0.0,0.0,0.0,0.0,0.0,0.0,down,3.39,2026-09-02T14:42:15,0.0,3.32499992847443,44.42,2026-09-03 13:44:14,2026-09-03 09:45:06
IBIT,IBIT260909C00041000,IBIT,2026-09-09,C,41.0,0.0,0.0,0.0,0.0,0.0,40.0,0.0,0.0,0.0,0.0,0.0,0.0,0.0,0.0,0.0,0.0,0.0,down,2.87,2026-09-02T15:42:03,0.0,2.84499990940094,44.42,2026-09-03 13:44:14,2026-09-03 09:45:06
IBIT,IBIT260909C00041500,IBIT,2026-09-09,C,41.5,0.0,0.0,0.0,0.0,0.0,8.0,0.0,0.0,0.0,0.0,0.0,0.0,0.0,0.0,0.0,0.0,0.0,down,2.38,2026-09-02T15:42:50,0.0,2.37999999523163,44.42,2026-09-03 13:44:14,2026-09-03 09:45:06
IBIT,IBIT260909C00042000,IBIT,2026-09-09,C,42.0,0.0,0.0,0.0,0.0,0.0,31.0,0.0,0.0,0.0,0.0,0.0,0.0,0.0,0.0,0.0,0.0,0.0,no_change,1.94,2026-09-02T15:43:44,0.0,1.94999998807907,44.42,2026-09-03 13:44:14,2026-09-03 09:45:06
IBIT,IBIT260909C00042500,IBIT,2026-09-09,C,42.5,0.0,0.0,0.0,0.0,0.0,22.0,0.0,0.0,0.0,0.0,0.0,0.0,0.0,0.0,0.0,0.0,0.0,no_change,1.56,2026-09-02T15:51:41,0.0,1.53999996185303,44.42,2026-09-03 13:44:14,2026-09-03 09:45:06
IBIT,IBIT260909C00043000,IBIT,2026-09-09,C,43.0,0.0,0.0,0.0,0.0,0.0,137.0,0.0,0.0,0.0,0.0,0.0,0.0,0.0,0.0,0.0,0.0,0.0,down,1.16,2026-09-02T13:04:00,0.0,1.18500000238419,44.42,2026-09-03 13:44:14,2026-09-03 09:45:06
IBIT,IBIT260909C00043500,IBIT,2026-09-09,C,43.5,0.0,0.0,0.0,0.0,0.0,119.0,0.0,0.0,0.0,0.0,0.0,0.0,0.0,0.0,0.0,0.0,0.0,up,0.88,2026-09-02T15:58:00,0.0,0.879999995231628,44.42,2026-09-03 13:44:14,2026-09-03 09:45:06
IBIT,IBIT260909C00044000,IBIT,2026-09-09,C,44.0,0.0,0.0,0.0,0.0,0.0,652.0,0.0,0.0,0.0,0.0,0.0,0.0,0.0,0.0,0.0,0.0,0.0,up,0.65,2026-09-02T15:59:08,0.0,0.629999995231628,44.42,2026-09-03 13:44:14,2026-09-03 09:45:06
IBIT,IBIT260909C00044500,IBIT,2026-09-09,C,44.5,0.0,0.0,0.0,0.0,0.0,1151.0,0.0,0.0,0.0,0.0,0.0,0.0,0.0,0.0,0.0,0.0,0.0,no_change,0.47,2026-09-02T15:59:58,0.0,0.439999997615814,44.42,2026-09-03 13:44:14,2026-09-03 09:45:06
IBIT,IBIT260909C00045000,IBIT,2026-09-09,C,45.0,0.0,0.0,0.0,0.0,0.0,2517.0,0.0,0.0,0.0,0.0,0.0,0.0,0.0,0.0,0.0,0.0,0.0,up,0.31,2026-09-02T15:51:15,0.0,0.305000007152557,44.42,2026-09-03 13:44:14,2026-09-03 09:45:06
IBIT,IBIT260909C00045500,IBIT,2026-09-09,C,45.5,0.0,0.0,0.0,0.0,0.0,757.0,0.0,0.0,0.0,0.0,0.0,0.0,0.0,0.0,0.0,0.0,0.0,no_change,0.22,2026-09-02T15:04:57,0.0,0.204999998211861,44.42,2026-09-03 13:44:14,2026-09-03 09:45:06
IBIT,IBIT260909C00046000,IBIT,2026-09-09,C,46.0,0.0,0.0,0.0,0.0,0.0,1615.0,0.0,0.0,0.0,0.0,0.0,0.0,0.0,0.0,0.0,0.0,0.0,no_change,0.15,2026-09-02T14:56:10,0.0,0.145000003278255,44.42,2026-09-03 13:44:14,2026-09-03 09:45:06
IBIT,IBIT260909C00046500,IBIT,2026-09-09,C,46.5,0.0,0.0,0.0,0.0,0.0,2197.0,0.0,0.0,0.0,0.0,0.0,0.0,0.0,0.0,0.0,0.0,0.0,down,0.1,2026-09-02T15:05:08,0.0,0.0950000025331974,44.42,2026-09-03 13:44:14,2026-09-03 09:45:06
IBIT,IBIT260909C00047000,IBIT,2026-09-09,C,47.0,0.0,0.0,0.0,0.0,0.0,767.0,0.0,0.0,0.0,0.0,0.0,0.0,0.0,0.0,0.0,0.0,0.0,no_change,0.07,2026-09-02T13:57:02,0.0,0.0749999992549419,44.42,2026-09-03 13:44:14,2026-09-03 09:45:06
IBIT,IBIT260909C00047500,IBIT,2026-09-09,C,47.5,0.0,0.0,0.0,0.0,0.0,103.0,0.0,0.0,0.0,0.0,0.0,0.0,0.0,0.0,0.0,0.0,0.0,down,0.05,2026-09-02T15:52:16,0.0,0.0549999997019768,44.42,2026-09-03 13:44:14,2026-09-03 09:45:06
IBIT,IBIT260909C00048000,IBIT,2026-09-09,C,48.0,0.0,0.0,0.0,0.0,0.0,680.0,0.0,0.0,0.0,0.0,0.0,0.0,0.0,0.0,0.0,0.0,0.0,down,0.04,2026-09-02T15:43:46,0.0,0.0449999999254942,44.42,2026-09-03 13:44:14,2026-09-03 09:45:06
IBIT,IBIT260909C00048500,IBIT,2026-09-09,C,48.5,0.0,0.0,0.0,0.0,0.0,78.0,0.0,0.0,0.0,0.0,0.0,0.0,0.0,0.0,0.0,0.0,0.0,down,0.03,2026-09-02T15:52:16,0.0,0.034999999217689,44.42,2026-09-03 13:44:14,2026-09-03 09:45:06
IBIT,IBIT260909C00049000,IBIT,2026-09-09,C,49.0,0.0,0.0,0.0,0.0,0.0,3179.0,0.0,0.0,0.0,0.0,0.0,0.0,0.0,0.0,0.0,0.0,0.0,up,0.03,2026-09-02T14:41:16,0.0,0.0249999994412065,44.42,2026-09-03 13:44:14,2026-09-03 09:45:06
IBIT,IBIT260909C00049500,IBIT,2026-09-09,C,49.5,0.0,0.0,0.0,0.0,0.0,240.0,0.0,0.0,0.0,0.0,0.0,0.0,0.0,0.0,0.0,0.0,0.0,down,0.04,2026-09-01T14:09:26,0.0,0.0249999994412065,44.42,2026-09-03 13:44:14,2026-09-03 09:45:06
IBIT,IBIT260909C00050000,IBIT,2026-09-09,C,50.0,0.0,0.0,0.0,0.0,0.0,292.0,0.0,0.0,0.0,0.0,0.0,0.0,0.0,0.0,0.0,0.0,0.0,down,0.02,2026-09-02T14:41:16,0.0,0.0249999994412065,44.42,2026-09-03 13:44:14,2026-09-03 09:45:06
IBIT,IBIT260909C00051000,IBIT,2026-09-09,C,51.0,0.0,0.0,0.0,0.0,0.0,705.0,0.0,0.0,0.0,0.0,0.0,0.0,0.0,0.0,0.0,0.0,0.0,down,0.01,2026-09-02T15:59:40,0.0,0.0149999996647239,44.42,2026-09-03 13:44:14,2026-09-03 09:45:06
IBIT,IBIT260909C00052000,IBIT,2026-09-09,C,52.0,0.0,0.0,0.0,0.0,0.0,129.0,0.0,0.0,0.0,0.0,0.0,0.0,0.0,0.0,0.0,0.0,0.0,down,0.02,2026-09-01T14:59:03,0.0,0.0149999996647239,44.42,2026-09-03 13:44:14,2026-09-03 09:45:06
IBIT,IBIT260909C00053000,IBIT,2026-09-09,C,53.0,0.0,0.0,0.0,0.0,0.0,190.0,0.0,0.0,0.0,0.0,0.0,0.0,0.0,0.0,0.0,0.0,0.0,no_change,0.02,2026-09-01T11:36:00,0.0,0.0149999996647239,44.42,2026-09-03 13:44:14,2026-09-03 09:45:06
IBIT,IBIT260909C00054000,IBIT,2026-09-09,C,54.0,0.0,0.0,0.0,0.0,0.0,340.0,0.0,0.0,0.0,0.0,0.0,0.0,0.0,0.0,0.0,0.0,0.0,no_change,0.01,2026-09-02T15:58:22,0.0,0.0149999996647239,44.42,2026-09-03 13:44:14,2026-09-03 09:45:06
IBIT,IBIT260909C00055000,IBIT,2026-09-09,C,55.0,0.0,0.0,0.0,0.0,0.0,300.0,0.0,0.0,0.0,0.0,0.0,0.0,0.0,0.0,0.0,0.0,0.0,down,0.01,2026-09-02T15:43:44,0.0,0.00999999977648258,44.42,2026-09-03 13:44:14,2026-09-03 09:45:06
IBIT,IBIT260909C00056000,IBIT,2026-09-09,C,56.0,0.0,0.0,0.0,0.0,0.0,302.0,0.0,0.0,0.0,0.0,0.0,0.0,0.0,0.0,0.0,0.0,0.0,down,0.01,2026-09-02T15:23:19,0.0,0.00999999977648258,44.42,2026-09-03 13:44:14,2026-09-03 09:45:06
IBIT,IBIT260909C00057000,IBIT,2026-09-09,C,57.0,0.0,0.0,0.0,0.0,0.0,30.0,0.0,0.0,0.0,0.0,0.0,0.0,0.0,0.0,0.0,0.0,0.0,down,0.01,2026-09-02T14:59:41,0.0,0.00999999977648258,44.42,2026-09-03 13:44:14,2026-09-03 09:45:06
IBIT,IBIT260909C00058000,IBIT,2026-09-09,C,58.0,0.0,0.0,0.0,0.0,0.0,23.0,0.0,0.0,0.0,0.0,0.0,0.0,0.0,0.0,0.0,0.0,0.0,no_change,0.01,2026-09-02T10:38:51,0.0,0.00999999977648258,44.42,2026-09-03 13:44:14,2026-09-03 09:45:06
IBIT,IBIT260909C00059000,IBIT,2026-09-09,C,59.0,0.0,0.0,0.0,0.0,0.0,63.0,0.0,0.0,0.0,0.0,0.0,0.0,0.0,0.0,0.0,0.0,0.0,down,0.01,2026-09-01T11:52:35,0.0,0.00499999988824129,44.42,2026-09-03 13:44:14,2026-09-03 09:45:06
IBIT,IBIT260909C00060000,IBIT,2026-09-09,C,60.0,0.0,0.0,0.0,0.0,0.0,0.0,0.0,0.0,0.0,0.0,0.0,0.0,0.0,0.0,0.0,0.0,0.0,no_change,0.0,,0.0,0.00999999977648258,44.42,2026-09-03 13:44:14,2026-09-03 09:45:06
IBIT,IBIT260909C00061000,IBIT,2026-09-09,C,61.0,0.0,0.0,0.0,0.0,0.0,0.0,0.0,0.0,0.0,0.0,0.0,0.0,0.0,0.0,0.0,0.0,0.0,no_change,0.0,,0.0,0.00999999977648258,44.42,2026-09-03 13:44:14,2026-09-03 09:45:06
IBIT,IBIT260909C00062000,IBIT,2026-09-09,C,62.0,0.0,0.0,0.0,0.0,0.0,0.0,0.0,0.0,0.0,0.0,0.0,0.0,0.0,0.0,0.0,0.0,0.0,no_change,0.0,,0.0,0.00999999977648258,44.42,2026-09-03 13:44:14,2026-09-03 09:45:06
IBIT,IBIT260909C00063000,IBIT,2026-09-09,C,63.0,0.0,0.0,0.0,0.0,0.0,44.0,0.0,0.0,0.0,0.0,0.0,0.0,0.0,0.0,0.0,0.0,0.0,no_change,0.01,2026-09-01T10:51:53,0.0,0.00999999977648258,44.42,2026-09-03 13:44:14,2026-09-03 09:45:06
IBIT,IBIT260909C00064000,IBIT,2026-09-09,C,64.0,0.0,0.0,0.0,0.0,0.0,92.0,0.0,0.0,0.0,0.0,0.0,0.0,0.0,0.0,0.0,0.0,0.0,down,0.01,2026-08-31T14:18:19,0.0,0.00999999977648258,44.42,2026-09-03 13:44:14,2026-09-03 09:45:06
IBIT,IBIT260909P00021000,IBIT,2026-09-09,P,21.0,0.0,0.0,0.0,0.0,0.0,3.0,0.0,0.0,0.0,0.0,0.0,0.0,0.0,0.0,0.0,0.0,0.0,no_change,0.01,2026-09-01T10:47:22,0.0,0.00499999988824129,44.42,2026-09-03 13:44:14,2026-09-03 09:45:06
IBIT,IBIT260909P00022000,IBIT,2026-09-09,P,22.0,0.0,0.0,0.0,0.0,0.0,25.0,0.0,0.0,0.0,0.0,0.0,0.0,0.0,0.0,0.0,0.0,0.0,no_change,0.01,2026-09-02T10:36:01,0.0,0.00499999988824129,44.42,2026-09-03 13:44:14,2026-09-03 09:45:06
IBIT,IBIT260909P00023000,IBIT,2026-09-09,P,23.0,0.0,0.0,0.0,0.0,0.0,8.0,0.0,0.0,0.0,0.0,0.0,0.0,0.0,0.0,0.0,0.0,0.0,down,0.01,2026-09-01T13:50:55,0.0,0.00499999988824129,44.42,2026-09-03 13:44:14,2026-09-03 09:45:06
IBIT,IBIT260909P00024000,IBIT,2026-09-09,P,24.0,0.0,0.0,0.0,0.0,0.0,12.0,0.0,0.0,0.0,0.0,0.0,0.0,0.0,0.0,0.0,0.0,0.0,no_change,0.01,2026-09-02T10:36:56,0.0,0.00499999988824129,44.42,2026-09-03 13:44:14,2026-09-03 09:45:06
IBIT,IBIT260909P00025000,IBIT,2026-09-09,P,25.0,0.0,0.0,0.0,0.0,0.0,19.0,0.0,0.0,0.0,0.0,0.0,0.0,0.0,0.0,0.0,0.0,0.0,no_change,0.01,2026-09-02T11:57:06,0.0,0.00999999977648258,44.42,2026-09-03 13:44:14,2026-09-03 09:45:06
IBIT,IBIT260909P00026000,IBIT,2026-09-09,P,26.0,0.0,0.0,0.0,0.0,0.0,9.0,0.0,0.0,0.0,0.0,0.0,0.0,0.0,0.0,0.0,0.0,0.0,no_change,0.01,2026-09-02T15:16:30,0.0,0.00999999977648258,44.42,2026-09-03 13:44:14,2026-09-03 09:45:06
IBIT,IBIT260909P00027000,IBIT,2026-09-09,P,27.0,0.0,0.0,0.0,0.0,0.0,17.0,0.0,0.0,0.0,0.0,0.0,0.0,0.0,0.0,0.0,0.0,0.0,down,0.01,2026-09-02T15:44:10,0.0,0.00999999977648258,44.42,2026-09-03 13:44:14,2026-09-03 09:45:06
IBIT,IBIT260909P00028000,IBIT,2026-09-09,P,28.0,0.0,0.0,0.0,0.0,0.0,14.0,0.0,0.0,0.0,0.0,0.0,0.0,0.0,0.0,0.0,0.0,0.0,down,0.01,2026-09-02T15:41:46,0.0,0.00999999977648258,44.42,2026-09-03 13:44:14,2026-09-03 09:45:06
IBIT,IBIT260909P00029000,IBIT,2026-09-09,P,29.0,0.0,0.0,0.0,0.0,0.0,34.0,0.0,0.0,0.0,0.0,0.0,0.0,0.0,0.0,0.0,0.0,0.0,no_change,0.01,2026-08-28T15:21:49,0.0,0.00999999977648258,44.42,2026-09-03 13:44:14,2026-09-03 09:45:06
IBIT,IBIT260909P00030000,IBIT,2026-09-09,P,30.0,0.0,0.0,0.0,0.0,0.0,8.0,0.0,0.0,0.0,0.0,0.0,0.0,0.0,0.0,0.0,0.0,0.0,down,0.01,2026-08-28T15:22:37,0.0,0.00999999977648258,44.42,2026-09-03 13:44:14,2026-09-03 09:45:06
IBIT,IBIT260909P00031000,IBIT,2026-09-09,P,31.0,0.0,0.0,0.0,0.0,0.0,1.0,0.0,0.0,0.0,0.0,0.0,0.0,0.0,0.0,0.0,0.0,0.0,down,0.01,2026-08-28T15:59:53,0.0,0.00999999977648258,44.42,2026-09-03 13:44:14,2026-09-03 09:45:06
IBIT,IBIT260909P00032000,IBIT,2026-09-09,P,32.0,0.0,0.0,0.0,0.0,0.0,2.0,0.0,0.0,0.0,0.0,0.0,0.0,0.0,0.0,0.0,0.0,0.0,no_change,0.01,2026-08-31T09:50:38,0.0,0.00999999977648258,44.42,2026-09-03 13:44:14,2026-09-03 09:45:06
IBIT,IBIT260909P00033000,IBIT,2026-09-09,P,33.0,0.0,0.0,0.0,0.0,0.0,4.0,0.0,0.0,0.0,0.0,0.0,0.0,0.0,0.0,0.0,0.0,0.0,up,0.02,2026-09-02T14:28:50,0.0,0.00999999977648258,44.42,2026-09-03 13:44:14,2026-09-03 09:45:06
IBIT,IBIT260909P00034000,IBIT,2026-09-09,P,34.0,0.0,0.0,0.0,0.0,0.0,1000.0,0.0,0.0,0.0,0.0,0.0,0.0,0.0,0.0,0.0,0.0,0.0,no_change,0.01,2026-09-02T11:51:52,0.0,0.0149999996647239,44.42,2026-09-03 13:44:14,2026-09-03 09:45:06
IBIT,IBIT260909P00035000,IBIT,2026-09-09,P,35.0,0.0,0.0,0.0,0.0,0.0,107.0,0.0,0.0,0.0,0.0,0.0,0.0,0.0,0.0,0.0,0.0,0.0,no_change,0.01,2026-09-01T11:46:21,0.0,0.0149999996647239,44.42,2026-09-03 13:44:14,2026-09-03 09:45:06
IBIT,IBIT260909P00035500,IBIT,2026-09-09,P,35.5,0.0,0.0,0.0,0.0,0.0,24.0,0.0,0.0,0.0,0.0,0.0,0.0,0.0,0.0,0.0,0.0,0.0,down,0.01,2026-09-02T15:23:33,0.0,0.0149999996647239,44.42,2026-09-03 13:44:14,2026-09-03 09:45:06
IBIT,IBIT260909P00036000,IBIT,2026-09-09,P,36.0,0.0,0.0,0.0,0.0,0.0,12.0,0.0,0.0,0.0,0.0,0.0,0.0,0.0,0.0,0.0,0.0,0.0,down,0.01,2026-09-02T12:05:27,0.0,0.0149999996647239,44.42,2026-09-03 13:44:14,2026-09-03 09:45:06
IBIT,IBIT260909P00036500,IBIT,2026-09-09,P,36.5,0.0,0.0,0.0,0.0,0.0,6.0,0.0,0.0,0.0,0.0,0.0,0.0,0.0,0.0,0.0,0.0,0.0,no_change,0.02,2026-09-02T09:59:55,0.0,0.0149999996647239,44.42,2026-09-03 13:44:14,2026-09-03 09:45:06
IBIT,IBIT260909P00037000,IBIT,2026-09-09,P,37.0,0.0,0.0,0.0,0.0,0.0,10.0,0.0,0.0,0.0,0.0,0.0,0.0,0.0,0.0,0.0,0.0,0.0,no_change,0.02,2026-09-01T09:40:40,0.0,0.0199999995529652,44.42,2026-09-03 13:44:14,2026-09-03 09:45:06
IBIT,IBIT260909P00037500,IBIT,2026-09-09,P,37.5,0.0,0.0,0.0,0.0,0.0,14.0,0.0,0.0,0.0,0.0,0.0,0.0,0.0,0.0,0.0,0.0,0.0,down,0.03,2026-09-02T09:55:29,0.0,0.0249999994412065,44.42,2026-09-03 13:44:14,2026-09-03 09:45:06
IBIT,IBIT260909P00038000,IBIT,2026-09-09,P,38.0,0.0,0.0,0.0,0.0,0.0,119.0,0.0,0.0,0.0,0.0,0.0,0.0,0.0,0.0,0.0,0.0,0.0,down,0.04,2026-09-01T15:25:25,0.0,0.0299999993294477,44.42,2026-09-03 13:44:14,2026-09-03 09:45:06
IBIT,IBIT260909P00038500,IBIT,2026-09-09,P,38.5,0.0,0.0,0.0,0.0,0.0,25.0,0.0,0.0,0.0,0.0,0.0,0.0,0.0,0.0,0.0,0.0,0.0,down,0.03,2026-09-02T11:28:10,0.0,0.034999999217689,44.42,2026-09-03 13:44:14,2026-09-03 09:45:06
IBIT,IBIT260909P00039000,IBIT,2026-09-09,P,39.0,0.0,0.0,0.0,0.0,0.0,245.0,0.0,0.0,0.0,0.0,0.0,0.0,0.0,0.0,0.0,0.0,0.0,down,0.03,2026-09-02T14:28:37,0.0,0.0400000000372529,44.42,2026-09-03 13:44:14,2026-09-03 09:45:06
IBIT,IBIT260909P00039500,IBIT,2026-09-09,P,39.5,0.0,0.0,0.0,0.0,0.0,292.0,0.0,0.0,0.0,0.0,0.0,0.0,0.0,0.0,0.0,0.0,0.0,no_change,0.05,2026-09-02T15:51:05,0.0,0.0449999999254942,44.42,2026-09-03 13:44:14,2026-09-03 09:45:06
IBIT,IBIT260909P00040000,IBIT,2026-09-09,P,40.0,0.0,0.0,0.0,0.0,0.0,432.0,0.0,0.0,0.0,0.0,0.0,0.0,0.0,0.0,0.0,0.0,0.0,up,0.06,2026-09-02T15:33:00,0.0,0.0549999997019768,44.42,2026-09-03 13:44:14,2026-09-03 09:45:06
IBIT,IBIT260909P00040500,IBIT,2026-09-09,P,40.5,0.0,0.0,0.0,0.0,0.0,576.0,0.0,0.0,0.0,0.0,0.0,0.0,0.0,0.0,0.0,0.0,0.0,no_change,0.07,2026-09-02T14:01:08,0.0,0.0699999984353781,44.42,2026-09-03 13:44:14,2026-09-03 09:45:06
IBIT,IBIT260909P00041000,IBIT,2026-09-09,P,41.0,0.0,0.0,0.0,0.0,0.0,4573.0,0.0,0.0,0.0,0.0,0.0,0.0,0.0,0.0,0.0,0.0,0.0,up,0.1,2026-09-02T15:43:32,0.0,0.0950000025331974,44.42,2026-09-03 13:44:14,2026-09-03 09:45:06
IBIT,IBIT260909P00041500,IBIT,2026-09-09,P,41.5,0.0,0.0,0.0,0.0,0.0,255.0,0.0,0.0,0.0,0.0,0.0,0.0,0.0,0.0,0.0,0.0,0.0,down,0.13,2026-09-02T14:40:09,0.0,0.129999998956919,44.42,2026-09-03 13:44:14,2026-09-03 09:45:06
IBIT,IBIT260909P00042000,IBIT,2026-09-09,P,42.0,0.0,0.0,0.0,0.0,0.0,5267.0,0.0,0.0,0.0,0.0,0.0,0.0,0.0,0.0,0.0,0.0,0.0,down,0.18,2026-09-02T15:53:37,0.0,0.195000000298023,44.42,2026-09-03 13:44:14,2026-09-03 09:45:06
IBIT,IBIT260909P00042500,IBIT,2026-09-09,P,42.5,0.0,0.0,0.0,0.0,0.0,471.0,0.0,0.0,0.0,0.0,0.0,0.0,0.0,0.0,0.0,0.0,0.0,no_change,0.28,2026-09-02T15:52:59,0.0,0.290000006556511,44.42,2026-09-03 13:44:14,2026-09-03 09:45:06
IBIT,IBIT260909P00043000,IBIT,2026-09-09,P,43.0,0.0,0.0,0.0,0.0,0.0,866.0,0.0,0.0,0.0,0.0,0.0,0.0,0.0,0.0,0.0,0.0,0.0,no_change,0.43,2026-09-02T15:43:51,0.0,0.429999992251396,44.42,2026-09-03 13:44:14,2026-09-03 09:45:06
IBIT,IBIT260909P00043500,IBIT,2026-09-09,P,43.5,0.0,0.0,0.0,0.0,0.0,576.0,0.0,0.0,0.0,0.0,0.0,0.0,0.0,0.0,0.0,0.0,0.0,up,0.61,2026-09-02T15:53:39,0.0,0.625,44.42,2026-09-03 13:44:14,2026-09-03 09:45:06
IBIT,IBIT260909P00044000,IBIT,2026-09-09,P,44.0,0.0,0.0,0.0,0.0,0.0,750.0,0.0,0.0,0.0,0.0,0.0,0.0,0.0,0.0,0.0,0.0,0.0,up,0.89,2026-09-02T15:57:17,0.0,0.879999995231628,44.42,2026-09-03 13:44:14,2026-09-03 09:45:06
IBIT,IBIT260909P00044500,IBIT,2026-09-09,P,44.5,0.0,0.0,0.0,0.0,0.0,310.0,0.0,0.0,0.0,0.0,0.0,0.0,0.0,0.0,0.0,0.0,0.0,down,1.17,2026-09-02T15:51:24,0.0,1.18999999761581,44.42,2026-09-03 13:44:14,2026-09-03 09:45:06
IBIT,IBIT260909P00045000,IBIT,2026-09-09,P,45.0,0.0,0.0,0.0,0.0,0.0,1243.0,0.0,0.0,0.0,0.0,0.0,0.0,0.0,0.0,0.0,0.0,0.0,up,1.54,2026-09-02T15:54:03,0.0,1.55000001192093,44.42,2026-09-03 13:44:14,2026-09-03 09:45:06
IBIT,IBIT260909P00045500,IBIT,2026-09-09,P,45.5,0.0,0.0,0.0,0.0,0.0,36.0,0.0,0.0,0.0,0.0,0.0,0.0,0.0,0.0,0.0,0.0,0.0,up,1.97,2026-09-02T15:54:47,0.0,1.94999998807907,44.42,2026-09-03 13:44:14,2026-09-03 09:45:06
IBIT,IBIT260909P00046000,IBIT,2026-09-09,P,46.0,0.0,0.0,0.0,0.0,0.0,2121.0,0.0,0.0,0.0,0.0,0.0,0.0,0.0,0.0,0.0,0.0,0.0,down,2.29,2026-09-02T15:15:53,0.0,2.38999998569489,44.42,2026-09-03 13:44:14,2026-09-03 09:45:06
IBIT,IBIT260909P00046500,IBIT,2026-09-09,P,46.5,0.0,0.0,0.0,0.0,0.0,5.0,0.0,0.0,0.0,0.0,0.0,0.0,0.0,0.0,0.0,0.0,0.0,no_change,1.86,2026-08-27T11:13:13,0.0,2.84499990940094,44.42,2026-09-03 13:44:14,2026-09-03 09:45:06
IBIT,IBIT260909P00047000,IBIT,2026-09-09,P,47.0,0.0,0.0,0.0,0.0,0.0,0.0,0.0,0.0,0.0,0.0,0.0,0.0,0.0,0.0,0.0,0.0,0.0,no_change,0.0,,0.0,3.32499992847443,44.42,2026-09-03 13:44:14,2026-09-03 09:45:06
IBIT,IBIT260909P00047500,IBIT,2026-09-09,P,47.5,0.0,0.0,0.0,0.0,0.0,0.0,0.0,0.0,0.0,0.0,0.0,0.0,0.0,0.0,0.0,0.0,0.0,up,3.28,2026-09-01T10:44:01,0.0,3.79999995231628,44.42,2026-09-03 13:44:14,2026-09-03 09:45:06
IBIT,IBIT260909P00048000,IBIT,2026-09-09,P,48.0,0.0,0.0,0.0,0.0,0.0,0.0,0.0,0.0,0.0,0.0,0.0,0.0,0.0,0.0,0.0,0.0,0.0,up,4.55,2026-09-01T14:50:33,0.0,4.29999995231628,44.42,2026-09-03 13:44:14,2026-09-03 09:45:06
IBIT,IBIT260909P00048500,IBIT,2026-09-09,P,48.5,0.0,0.0,0.0,0.0,0.0,6.0,0.0,0.0,0.0,0.0,0.0,0.0,0.0,0.0,0.0,0.0,0.0,down,3.9,2026-08-31T15:59:27,0.0,4.79999995231628,44.42,2026-09-03 13:44:14,2026-09-03 09:45:06
IBIT,IBIT260909P00049000,IBIT,2026-09-09,P,49.0,0.0,0.0,0.0,0.0,0.0,1.0,0.0,0.0,0.0,0.0,0.0,0.0,0.0,0.0,0.0,0.0,0.0,up,5.25,2026-08-28T14:58:33,0.0,5.29999995231628,44.42,2026-09-03 13:44:14,2026-09-03 09:45:06
IBIT,IBIT260909P00049500,IBIT,2026-09-09,P,49.5,0.0,0.0,0.0,0.0,0.0,0.0,0.0,0.0,0.0,0.0,0.0,0.0,0.0,0.0,0.0,0.0,0.0,down,5.15,2026-09-01T10:44:01,0.0,5.75,44.42,2026-09-03 13:44:14,2026-09-03 09:45:06
IBIT,IBIT260909P00050000,IBIT,2026-09-09,P,50.0,0.0,0.0,0.0,0.0,0.0,0.0,0.0,0.0,0.0,0.0,0.0,0.0,0.0,0.0,0.0,0.0,0.0,no_change,0.0,,0.0,6.42500019073486,44.42,2026-09-03 13:44:14,2026-09-03 09:45:06
IBIT,IBIT260909P00051000,IBIT,2026-09-09,P,51.0,0.0,0.0,0.0,0.0,0.0,0.0,0.0,0.0,0.0,0.0,0.0,0.0,0.0,0.0,0.0,0.0,0.0,no_change,0.0,,0.0,7.42500019073486,44.42,2026-09-03 13:44:14,2026-09-03 09:45:06
IBIT,IBIT260909P00052000,IBIT,2026-09-09,P,52.0,0.0,0.0,0.0,0.0,0.0,0.0,0.0,0.0,0.0,0.0,0.0,0.0,0.0,0.0,0.0,0.0,0.0,no_change,0.0,,0.0,8.42500019073486,44.42,2026-09-03 13:44:14,2026-09-03 09:45:06
IBIT,IBIT260909P00053000,IBIT,2026-09-09,P,53.0,0.0,0.0,0.0,0.0,0.0,0.0,0.0,0.0,0.0,0.0,0.0,0.0,0.0,0.0,0.0,0.0,0.0,no_change,0.0,,0.0,9.42500019073486,44.42,2026-09-03 13:44:14,2026-09-03 09:45:06
IBIT,IBIT260909P00054000,IBIT,2026-09-09,P,54.0,0.0,0.0,0.0,0.0,0.0,0.0,0.0,0.0,0.0,0.0,0.0,0.0,0.0,0.0,0.0,0.0,0.0,no_change,0.0,,0.0,10.4250001907349,44.42,2026-09-03 13:44:14,2026-09-03 09:45:06
IBIT,IBIT260909P00055000,IBIT,2026-09-09,P,55.0,0.0,0.0,0.0,0.0,0.0,0.0,0.0,0.0,0.0,0.0,0.0,0.0,0.0,0.0,0.0,0.0,0.0,no_change,0.0,,0.0,11.5250000953674,44.42,2026-09-03 13:44:14,2026-09-03 09:45:06
IBIT,IBIT260909P00056000,IBIT,2026-09-09,P,56.0,0.0,0.0,0.0,0.0,0.0,0.0,0.0,0.0,0.0,0.0,0.0,0.0,0.0,0.0,0.0,0.0,0.0,no_change,0.0,,0.0,12.5250000953674,44.42,2026-09-03 13:44:14,2026-09-03 09:45:06
IBIT,IBIT260909P00057000,IBIT,2026-09-09,P,57.0,0.0,0.0,0.0,0.0,0.0,0.0,0.0,0.0,0.0,0.0,0.0,0.0,0.0,0.0,0.0,0.0,0.0,no_change,0.0,,0.0,13.5250000953674,44.42,2026-09-03 13:44:14,2026-09-03 09:45:06
IBIT,IBIT260909P00058000,IBIT,2026-09-09,P,58.0,0.0,0.0,0.0,0.0,0.0,0.0,0.0,0.0,0.0,0.0,0.0,0.0,0.0,0.0,0.0,0.0,0.0,no_change,0.0,,0.0,14.4250001907349,44.42,2026-09-03 13:44:14,2026-09-03 09:45:06
IBIT,IBIT260909P00059000,IBIT,2026-09-09,P,59.0,0.0,0.0,0.0,0.0,0.0,0.0,0.0,0.0,0.0,0.0,0.0,0.0,0.0,0.0,0.0,0.0,0.0,no_change,0.0,,0.0,15.5249996185303,44.42,2026-09-03 13:44:14,2026-09-03 09:45:06
IBIT,IBIT260909P00060000,IBIT,2026-09-09,P,60.0,0.0,0.0,0.0,0.0,0.0,0.0,0.0,0.0,0.0,0.0,0.0,0.0,0.0,0.0,0.0,0.0,0.0,no_change,0.0,,0.0,16.5249996185303,44.42,2026-09-03 13:44:14,2026-09-03 09:45:06
IBIT,IBIT260909P00061000,IBIT,2026-09-09,P,61.0,0.0,0.0,0.0,0.0,0.0,0.0,0.0,0.0,0.0,0.0,0.0,0.0,0.0,0.0,0.0,0.0,0.0,no_change,0.0,,0.0,17.4249992370605,44.42,2026-09-03 13:44:14,2026-09-03 09:45:06
IBIT,IBIT260909P00062000,IBIT,2026-09-09,P,62.0,0.0,0.0,0.0,0.0,0.0,0.0,0.0,0.0,0.0,0.0,0.0,0.0,0.0,0.0,0.0,0.0,0.0,no_change,0.0,,0.0,18.5249996185303,44.42,2026-09-03 13:44:14,2026-09-03 09:45:06
IBIT,IBIT260909P00063000,IBIT,2026-09-09,P,63.0,0.0,0.0,0.0,0.0,0.0,0.0,0.0,0.0,0.0,0.0,0.0,0.0,0.0,0.0,0.0,0.0,0.0,no_change,0.0,,0.0,19.5249996185303,44.42,2026-09-03 13:44:14,2026-09-03 09:45:06
IBIT,IBIT260909P00064000,IBIT,2026-09-09,P,64.0,0.0,0.0,0.0,0.0,0.0,0.0,0.0,0.0,0.0,0.0,0.0,0.0,0.0,0.0,0.0,0.0,0.0,no_change,0.0,,0.0,20.5249996185303,44.42,2026-09-03 13:44:14,2026-09-03 09:45:06
IBIT,IBIT260911C00020000,IBIT,2026-09-11,C,20.0,0.0,0.0,0.0,0.0,0.0,1.0,0.0,0.0,0.0,0.0,0.0,0.0,0.0,0.0,0.0,0.0,0.0,up,23.77,2026-09-02T10:59:03,0.0,23.9249992370605,44.42,2026-09-03 13:44:14,2026-09-03 09:45:06
IBIT,IBIT260911C00025000,IBIT,2026-09-11,C,25.0,0.0,0.0,0.0,0.0,0.0,8.0,0.0,0.0,0.0,0.0,0.0,0.0,0.0,0.0,0.0,0.0,0.0,up,19.0,2026-08-21T13:16:09,0.0,18.6749992370605,44.42,2026-09-03 13:44:14,2026-09-03 09:45:06
IBIT,IBIT260911C00029000,IBIT,2026-09-11,C,29.0,0.0,0.0,0.0,0.0,0.0,1.0,0.0,0.0,0.0,0.0,0.0,0.0,0.0,0.0,0.0,0.0,0.0,up,14.78,2026-09-01T15:52:23,0.0,14.6500000953674,44.42,2026-09-03 13:44:14,2026-09-03 09:45:06
IBIT,IBIT260911C00030000,IBIT,2026-09-11,C,30.0,0.0,0.0,0.0,0.0,0.0,7.0,0.0,0.0,0.0,0.0,0.0,0.0,0.0,0.0,0.0,0.0,0.0,down,14.25,2026-09-01T11:33:09,0.0,13.6750001907349,44.42,2026-09-03 13:44:14,2026-09-03 09:45:06
IBIT,IBIT260911C00031000,IBIT,2026-09-11,C,31.0,0.0,0.0,0.0,0.0,0.0,3.0,0.0,0.0,0.0,0.0,0.0,0.0,0.0,0.0,0.0,0.0,0.0,up,13.21,2026-09-01T11:54:54,0.0,12.6750001907349,44.42,2026-09-03 13:44:14,2026-09-03 09:45:06
IBIT,IBIT260911C00031500,IBIT,2026-09-11,C,31.5,0.0,0.0,0.0,0.0,0.0,9.0,0.0,0.0,0.0,0.0,0.0,0.0,0.0,0.0,0.0,0.0,0.0,no_change,12.75,2026-09-01T11:39:15,0.0,12.1750001907349,44.42,2026-09-03 13:44:14,2026-09-03 09:45:06
IBIT,IBIT260911C00032000,IBIT,2026-09-11,C,32.0,0.0,0.0,0.0,0.0,0.0,47.0,0.0,0.0,0.0,0.0,0.0,0.0,0.0,0.0,0.0,0.0,0.0,down,11.78,2026-09-01T15:52:23,0.0,11.6750001907349,44.42,2026-09-03 13:44:14,2026-09-03 09:45:06
IBIT,IBIT260911C00032500,IBIT,2026-09-11,C,32.5,0.0,0.0,0.0,0.0,0.0,43.0,0.0,0.0,0.0,0.0,0.0,0.0,0.0,0.0,0.0,0.0,0.0,up,11.72,2026-09-01T11:37:07,0.0,11.1750001907349,44.42,2026-09-03 13:44:14,2026-09-03 09:45:06
IBIT,IBIT260911C00033000,IBIT,2026-09-11,C,33.0,0.0,0.0,0.0,0.0,0.0,1724.0,0.0,0.0,0.0,0.0,0.0,0.0,0.0,0.0,0.0,0.0,0.0,up,11.25,2026-09-01T11:24:12,0.0,10.6500000953674,44.42,2026-09-03 13:44:14,2026-09-03 09:45:06
IBIT,IBIT260911C00033500,IBIT,2026-09-11,C,33.5,0.0,0.0,0.0,0.0,0.0,1004.0,0.0,0.0,0.0,0.0,0.0,0.0,0.0,0.0,0.0,0.0,0.0,no_change,5.55,2026-08-19T12:12:09,0.0,10.1500000953674,44.42,2026-09-03 13:44:14,2026-09-03 09:45:06
IBIT,IBIT260911C00034000,IBIT,2026-09-11,C,34.0,0.0,0.0,0.0,0.0,0.0,49.0,0.0,0.0,0.0,0.0,0.0,0.0,0.0,0.0,0.0,0.0,0.0,no_change,10.25,2026-09-01T11:40:54,0.0,9.65000009536743,44.42,2026-09-03 13:44:14,2026-09-03 09:45:06
IBIT,IBIT260911C00034500,IBIT,2026-09-11,C,34.5,0.0,0.0,0.0,0.0,0.0,32.0,0.0,0.0,0.0,0.0,0.0,0.0,0.0,0.0,0.0,0.0,0.0,down,9.75,2026-09-01T11:33:48,0.0,9.22499990463257,44.42,2026-09-03 13:44:14,2026-09-03 09:45:06
IBIT,IBIT260911C00035000,IBIT,2026-09-11,C,35.0,0.0,0.0,0.0,0.0,0.0,497.0,0.0,0.0,0.0,0.0,0.0,0.0,0.0,0.0,0.0,0.0,0.0,down,8.78,2026-09-01T15:52:23,0.0,8.69999980926514,44.42,2026-09-03 13:44:14,2026-09-03 09:45:06
IBIT,IBIT260911C00035500,IBIT,2026-09-11,C,35.5,0.0,0.0,0.0,0.0,0.0,127.0,0.0,0.0,0.0,0.0,0.0,0.0,0.0,0.0,0.0,0.0,0.0,up,8.25,2026-09-02T15:55:41,0.0,8.30000019073486,44.42,2026-09-03 13:44:14,2026-09-03 09:45:06
IBIT,IBIT260911C00036000,IBIT,2026-09-11,C,36.0,0.0,0.0,0.0,0.0,0.0,2063.0,0.0,0.0,0.0,0.0,0.0,0.0,0.0,0.0,0.0,0.0,0.0,no_change,7.76,2026-09-02T13:05:44,0.0,7.79999995231628,44.42,2026-09-03 13:44:14,2026-09-03 09:45:06
IBIT,IBIT260911C00036500,IBIT,2026-09-11,C,36.5,0.0,0.0,0.0,0.0,0.0,179.0,0.0,0.0,0.0,0.0,0.0,0.0,0.0,0.0,0.0,0.0,0.0,down,7.35,2026-09-01T15:28:12,0.0,7.32500004768372,44.42,2026-09-03 13:44:14,2026-09-03 09:45:06
IBIT,IBIT260911C00037000,IBIT,2026-09-11,C,37.0,0.0,0.0,0.0,0.0,0.0,1053.0,0.0,0.0,0.0,0.0,0.0,0.0,0.0,0.0,0.0,0.0,0.0,down,6.85,2026-09-02T15:26:15,0.0,6.84999990463257,44.42,2026-09-03 13:44:14,2026-09-03 09:45:06
IBIT,IBIT260911C00037500,IBIT,2026-09-11,C,37.5,0.0,0.0,0.0,0.0,0.0,666.0,0.0,0.0,0.0,0.0,0.0,0.0,0.0,0.0,0.0,0.0,0.0,down,6.33,2026-09-02T15:58:46,0.0,6.29999995231628,44.42,2026-09-03 13:44:14,2026-09-03 09:45:06
IBIT,IBIT260911C00038000,IBIT,2026-09-11,C,38.0,0.0,0.0,0.0,0.0,0.0,1605.0,0.0,0.0,0.0,0.0,0.0,0.0,0.0,0.0,0.0,0.0,0.0,up,5.85,2026-09-02T15:50:44,0.0,5.82500004768372,44.42,2026-09-03 13:44:14,2026-09-03 09:45:06
IBIT,IBIT260911C00038500,IBIT,2026-09-11,C,38.5,0.0,0.0,0.0,0.0,0.0,1647.0,0.0,0.0,0.0,0.0,0.0,0.0,0.0,0.0,0.0,0.0,0.0,down,5.65,2026-09-01T12:01:15,0.0,5.32500004768372,44.42,2026-09-03 13:44:14,2026-09-03 09:45:06
IBIT,IBIT260911C00039000,IBIT,2026-09-11,C,39.0,0.0,0.0,0.0,0.0,0.0,1370.0,0.0,0.0,0.0,0.0,0.0,0.0,0.0,0.0,0.0,0.0,0.0,down,4.94,2026-09-02T14:30:06,0.0,4.82500004768372,44.42,2026-09-03 13:44:14,2026-09-03 09:45:06
IBIT,IBIT260911C00039500,IBIT,2026-09-11,C,39.5,0.0,0.0,0.0,0.0,0.0,539.0,0.0,0.0,0.0,0.0,0.0,0.0,0.0,0.0,0.0,0.0,0.0,up,5.3,2026-08-31T15:57:12,0.0,4.35000014305115,44.42,2026-09-03 13:44:14,2026-09-03 09:45:06
IBIT,IBIT260911C00040000,IBIT,2026-09-11,C,40.0,0.0,0.0,0.0,0.0,0.0,1396.0,0.0,0.0,0.0,0.0,0.0,0.0,0.0,0.0,0.0,0.0,0.0,down,3.8,2026-09-02T15:36:52,0.0,3.85000002384186,44.42,2026-09-03 13:44:14,2026-09-03 09:45:06
IBIT,IBIT260911C00040500,IBIT,2026-09-11,C,40.5,0.0,0.0,0.0,0.0,0.0,855.0,0.0,0.0,0.0,0.0,0.0,0.0,0.0,0.0,0.0,0.0,0.0,up,3.3,2026-09-02T09:43:23,0.0,3.39999997615814,44.42,2026-09-03 13:44:14,2026-09-03 09:45:06
IBIT,IBIT260911C00041000,IBIT,2026-09-11,C,41.0,0.0,0.0,0.0,0.0,0.0,2411.0,0.0,0.0,0.0,0.0,0.0,0.0,0.0,0.0,0.0,0.0,0.0,up,2.95,2026-09-02T15:58:45,0.0,2.92000007629394,44.42,2026-09-03 13:44:14,2026-09-03 09:45:06
IBIT,IBIT260911C00041500,IBIT,2026-09-11,C,41.5,0.0,0.0,0.0,0.0,0.0,1923.0,0.0,0.0,0.0,0.0,0.0,0.0,0.0,0.0,0.0,0.0,0.0,no_change,2.5,2026-09-02T15:53:35,0.0,2.48000001907349,44.42,2026-09-03 13:44:14,2026-09-03 09:45:06
IBIT,IBIT260911C00042000,IBIT,2026-09-11,C,42.0,0.0,0.0,0.0,0.0,0.0,1997.0,0.0,0.0,0.0,0.0,0.0,0.0,0.0,0.0,0.0,0.0,0.0,up,2.09,2026-09-02T15:58:45,0.0,2.05999994277954,44.42,2026-09-03 13:44:14,2026-09-03 09:45:06
IBIT,IBIT260911C00042500,IBIT,2026-09-11,C,42.5,0.0,0.0,0.0,0.0,0.0,381.0,0.0,0.0,0.0,0.0,0.0,0.0,0.0,0.0,0.0,0.0,0.0,no_change,1.64,2026-09-02T15:31:19,0.0,1.6700000166893,44.42,2026-09-03 13:44:14,2026-09-03 09:45:06
IBIT,IBIT260911C00043000,IBIT,2026-09-11,C,43.0,0.0,0.0,0.0,0.0,0.0,15212.0,0.0,0.0,0.0,0.0,0.0,0.0,0.0,0.0,0.0,0.0,0.0,down,1.35,2026-09-02T15:21:56,0.0,1.3299999833107,44.42,2026-09-03 13:44:14,2026-09-03 09:45:06
IBIT,IBIT260911C00043500,IBIT,2026-09-11,C,43.5,0.0,0.0,0.0,0.0,0.0,2490.0,0.0,0.0,0.0,0.0,0.0,0.0,0.0,0.0,0.0,0.0,0.0,no_change,1.04,2026-09-02T15:42:24,0.0,1.02999997138977,44.42,2026-09-03 13:44:14,2026-09-03 09:45:06
IBIT,IBIT260911C00044000,IBIT,2026-09-11,C,44.0,0.0,0.0,0.0,0.0,0.0,11059.0,0.0,0.0,0.0,0.0,0.0,0.0,0.0,0.0,0.0,0.0,0.0,down,0.78,2026-09-02T15:54:40,0.0,0.78999999165535,44.42,2026-09-03 13:44:14,2026-09-03 09:45:06
IBIT,IBIT260911C00044500,IBIT,2026-09-11,C,44.5,0.0,0.0,0.0,0.0,0.0,4781.0,0.0,0.0,0.0,0.0,0.0,0.0,0.0,0.0,0.0,0.0,0.0,no_change,0.59,2026-09-02T15:59:23,0.0,0.590000003576279,44.42,2026-09-03 13:44:14,2026-09-03 09:45:06
IBIT,IBIT260911C00045000,IBIT,2026-09-11,C,45.0,0.0,0.0,0.0,0.0,0.0,5730.0,0.0,0.0,0.0,0.0,0.0,0.0,0.0,0.0,0.0,0.0,0.0,no_change,0.43,2026-09-02T15:45:08,0.0,0.429999992251396,44.42,2026-09-03 13:44:14,2026-09-03 09:45:06
IBIT,IBIT260911C00045500,IBIT,2026-09-11,C,45.5,0.0,0.0,0.0,0.0,0.0,3805.0,0.0,0.0,0.0,0.0,0.0,0.0,0.0,0.0,0.0,0.0,0.0,up,0.32,2026-09-02T15:42:35,0.0,0.314999997615814,44.42,2026-09-03 13:44:14,2026-09-03 09:45:06
IBIT,IBIT260911C00046000,IBIT,2026-09-11,C,46.0,0.0,0.0,0.0,0.0,0.0,9446.0,0.0,0.0,0.0,0.0,0.0,0.0,0.0,0.0,0.0,0.0,0.0,no_change,0.24,2026-09-02T15:52:55,0.0,0.229999996721745,44.42,2026-09-03 13:44:14,2026-09-03 09:45:06
IBIT,IBIT260911C00046500,IBIT,2026-09-11,C,46.5,0.0,0.0,0.0,0.0,0.0,1388.0,0.0,0.0,0.0,0.0,0.0,0.0,0.0,0.0,0.0,0.0,0.0,down,0.16,2026-09-02T15:53:01,0.0,0.16499999910593,44.42,2026-09-03 13:44:14,2026-09-03 09:45:06
IBIT,IBIT260911C00047000,IBIT,2026-09-11,C,47.0,0.0,0.0,0.0,0.0,0.0,2427.0,0.0,0.0,0.0,0.0,0.0,0.0,0.0,0.0,0.0,0.0,0.0,up,0.13,2026-09-02T15:57:10,0.0,0.12499999627471,44.42,2026-09-03 13:44:14,2026-09-03 09:45:06
IBIT,IBIT260911C00047500,IBIT,2026-09-11,C,47.5,0.0,0.0,0.0,0.0,0.0,923.0,0.0,0.0,0.0,0.0,0.0,0.0,0.0,0.0,0.0,0.0,0.0,no_change,0.1,2026-09-02T14:07:06,0.0,0.0950000025331974,44.42,2026-09-03 13:44:14,2026-09-03 09:45:06
IBIT,IBIT260911C00048000,IBIT,2026-09-11,C,48.0,0.0,0.0,0.0,0.0,0.0,3630.0,0.0,0.0,0.0,0.0,0.0,0.0,0.0,0.0,0.0,0.0,0.0,no_change,0.08,2026-09-02T15:13:53,0.0,0.0749999992549419,44.42,2026-09-03 13:44:14,2026-09-03 09:45:06
IBIT,IBIT260911C00048500,IBIT,2026-09-11,C,48.5,0.0,0.0,0.0,0.0,0.0,1186.0,0.0,0.0,0.0,0.0,0.0,0.0,0.0,0.0,0.0,0.0,0.0,no_change,0.05,2026-09-02T15:53:01,0.0,0.0549999997019768,44.42,2026-09-03 13:44:14,2026-09-03 09:45:06
IBIT,IBIT260911C00049000,IBIT,2026-09-11,C,49.0,0.0,0.0,0.0,0.0,0.0,465.0,0.0,0.0,0.0,0.0,0.0,0.0,0.0,0.0,0.0,0.0,0.0,down,0.04,2026-09-02T14:28:57,0.0,0.0449999999254942,44.42,2026-09-03 13:44:14,2026-09-03 09:45:06
IBIT,IBIT260911C00049500,IBIT,2026-09-11,C,49.5,0.0,0.0,0.0,0.0,0.0,660.0,0.0,0.0,0.0,0.0,0.0,0.0,0.0,0.0,0.0,0.0,0.0,no_change,0.05,2026-09-02T12:22:28,0.0,0.034999999217689,44.42,2026-09-03 13:44:14,2026-09-03 09:45:06
IBIT,IBIT260911C00050000,IBIT,2026-09-11,C,50.0,0.0,0.0,0.0,0.0,0.0,13496.0,0.0,0.0,0.0,0.0,0.0,0.0,0.0,0.0,0.0,0.0,0.0,down,0.03,2026-09-02T14:41:26,0.0,0.034999999217689,44.42,2026-09-03 13:44:14,2026-09-03 09:45:06
IBIT,IBIT260911C00050500,IBIT,2026-09-11,C,50.5,0.0,0.0,0.0,0.0,0.0,355.0,0.0,0.0,0.0,0.0,0.0,0.0,0.0,0.0,0.0,0.0,0.0,no_change,0.04,2026-09-01T14:28:01,0.0,0.0249999994412065,44.42,2026-09-03 13:44:14,2026-09-03 09:45:06
IBIT,IBIT260911C00051000,IBIT,2026-09-11,C,51.0,0.0,0.0,0.0,0.0,0.0,260.0,0.0,0.0,0.0,0.0,0.0,0.0,0.0,0.0,0.0,0.0,0.0,down,0.03,2026-09-02T15:50:12,0.0,0.0249999994412065,44.42,2026-09-03 13:44:14,2026-09-03 09:45:06
IBIT,IBIT260911C00051500,IBIT,2026-09-11,C,51.5,0.0,0.0,0.0,0.0,0.0,13.0,0.0,0.0,0.0,0.0,0.0,0.0,0.0,0.0,0.0,0.0,0.0,down,0.04,2026-09-01T13:58:02,0.0,0.0249999994412065,44.42,2026-09-03 13:44:14,2026-09-03 09:45:06
IBIT,IBIT260911C00052000,IBIT,2026-09-11,C,52.0,0.0,0.0,0.0,0.0,0.0,1978.0,0.0,0.0,0.0,0.0,0.0,0.0,0.0,0.0,0.0,0.0,0.0,up,0.03,2026-09-01T13:24:21,0.0,0.0249999994412065,44.42,2026-09-03 13:44:14,2026-09-03 09:45:06
IBIT,IBIT260911C00052500,IBIT,2026-09-11,C,52.5,0.0,0.0,0.0,0.0,0.0,2.0,0.0,0.0,0.0,0.0,0.0,0.0,0.0,0.0,0.0,0.0,0.0,up,0.2,2026-08-27T11:20:24,0.0,0.0149999996647239,44.42,2026-09-03 13:44:14,2026-09-03 09:45:06
IBIT,IBIT260911C00053000,IBIT,2026-09-11,C,53.0,0.0,0.0,0.0,0.0,0.0,448.0,0.0,0.0,0.0,0.0,0.0,0.0,0.0,0.0,0.0,0.0,0.0,no_change,0.02,2026-09-02T15:22:58,0.0,0.0149999996647239,44.42,2026-09-03 13:44:14,2026-09-03 09:45:06
IBIT,IBIT260911C00053500,IBIT,2026-09-11,C,53.5,0.0,0.0,0.0,0.0,0.0,94.0,0.0,0.0,0.0,0.0,0.0,0.0,0.0,0.0,0.0,0.0,0.0,no_change,0.01,2026-09-02T10:53:54,0.0,0.0149999996647239,44.42,2026-09-03 13:44:14,2026-09-03 09:45:06
IBIT,IBIT260911C00054000,IBIT,2026-09-11,C,54.0,0.0,0.0,0.0,0.0,0.0,265.0,0.0,0.0,0.0,0.0,0.0,0.0,0.0,0.0,0.0,0.0,0.0,no_change,0.02,2026-09-02T10:07:30,0.0,0.0149999996647239,44.42,2026-09-03 13:44:14,2026-09-03 09:45:06
IBIT,IBIT260911C00054500,IBIT,2026-09-11,C,54.5,0.0,0.0,0.0,0.0,0.0,0.0,0.0,0.0,0.0,0.0,0.0,0.0,0.0,0.0,0.0,0.0,0.0,no_change,0.0,,0.0,0.0149999996647239,44.42,2026-09-03 13:44:14,2026-09-03 09:45:06
IBIT,IBIT260911C00055000,IBIT,2026-09-11,C,55.0,0.0,0.0,0.0,0.0,0.0,1619.0,0.0,0.0,0.0,0.0,0.0,0.0,0.0,0.0,0.0,0.0,0.0,up,0.02,2026-09-02T15:50:12,0.0,0.0149999996647239,44.42,2026-09-03 13:44:14,2026-09-03 09:45:06
IBIT,IBIT260911C00060000,IBIT,2026-09-11,C,60.0,0.0,0.0,0.0,0.0,0.0,448.0,0.0,0.0,0.0,0.0,0.0,0.0,0.0,0.0,0.0,0.0,0.0,no_change,0.01,2026-09-02T12:02:36,0.0,0.00499999988824129,44.42,2026-09-03 13:44:14,2026-09-03 09:45:06
IBIT,IBIT260911C00065000,IBIT,2026-09-11,C,65.0,0.0,0.0,0.0,0.0,0.0,869.0,0.0,0.0,0.0,0.0,0.0,0.0,0.0,0.0,0.0,0.0,0.0,no_change,0.01,2026-09-01T11:34:07,0.0,0.00499999988824129,44.42,2026-09-03 13:44:14,2026-09-03 09:45:06
IBIT,IBIT260911P00020000,IBIT,2026-09-11,P,20.0,0.0,0.0,0.0,0.0,0.0,159.0,0.0,0.0,0.0,0.0,0.0,0.0,0.0,0.0,0.0,0.0,0.0,no_change,0.01,2026-09-02T10:59:06,0.0,0.00499999988824129,44.42,2026-09-03 13:44:14,2026-09-03 09:45:06
IBIT,IBIT260911P00025000,IBIT,2026-09-11,P,25.0,0.0,0.0,0.0,0.0,0.0,165.0,0.0,0.0,0.0,0.0,0.0,0.0,0.0,0.0,0.0,0.0,0.0,no_change,0.01,2026-08-27T14:48:56,0.0,0.00499999988824129,44.42,2026-09-03 13:44:14,2026-09-03 09:45:06
IBIT,IBIT260911P00029000,IBIT,2026-09-11,P,29.0,0.0,0.0,0.0,0.0,0.0,781.0,0.0,0.0,0.0,0.0,0.0,0.0,0.0,0.0,0.0,0.0,0.0,up,0.02,2026-08-31T11:07:27,0.0,0.00499999988824129,44.42,2026-09-03 13:44:14,2026-09-03 09:45:06
IBIT,IBIT260911P00030000,IBIT,2026-09-11,P,30.0,0.0,0.0,0.0,0.0,0.0,237.0,0.0,0.0,0.0,0.0,0.0,0.0,0.0,0.0,0.0,0.0,0.0,no_change,0.01,2026-09-02T09:51:34,0.0,0.00499999988824129,44.42,2026-09-03 13:44:14,2026-09-03 09:45:06
IBIT,IBIT260911P00031000,IBIT,2026-09-11,P,31.0,0.0,0.0,0.0,0.0,0.0,808.0,0.0,0.0,0.0,0.0,0.0,0.0,0.0,0.0,0.0,0.0,0.0,no_change,0.01,2026-09-02T13:58:35,0.0,0.00499999988824129,44.42,2026-09-03 13:44:14,2026-09-03 09:45:06
IBIT,IBIT260911P00031500,IBIT,2026-09-11,P,31.5,0.0,0.0,0.0,0.0,0.0,1620.0,0.0,0.0,0.0,0.0,0.0,0.0,0.0,0.0,0.0,0.0,0.0,no_change,0.02,2026-09-02T13:29:05,0.0,0.0149999996647239,44.42,2026-09-03 13:44:14,2026-09-03 09:45:06
IBIT,IBIT260911P00032000,IBIT,2026-09-11,P,32.0,0.0,0.0,0.0,0.0,0.0,1475.0,0.0,0.0,0.0,0.0,0.0,0.0,0.0,0.0,0.0,0.0,0.0,no_change,0.01,2026-09-02T10:31:43,0.0,0.0149999996647239,44.42,2026-09-03 13:44:14,2026-09-03 09:45:06
IBIT,IBIT260911P00032500,IBIT,2026-09-11,P,32.5,0.0,0.0,0.0,0.0,0.0,487.0,0.0,0.0,0.0,0.0,0.0,0.0,0.0,0.0,0.0,0.0,0.0,down,0.01,2026-09-02T13:27:57,0.0,0.0149999996647239,44.42,2026-09-03 13:44:14,2026-09-03 09:45:06
IBIT,IBIT260911P00033000,IBIT,2026-09-11,P,33.0,0.0,0.0,0.0,0.0,0.0,1700.0,0.0,0.0,0.0,0.0,0.0,0.0,0.0,0.0,0.0,0.0,0.0,down,0.01,2026-09-01T11:24:15,0.0,0.0149999996647239,44.42,2026-09-03 13:44:14,2026-09-03 09:45:06
IBIT,IBIT260911P00033500,IBIT,2026-09-11,P,33.5,0.0,0.0,0.0,0.0,0.0,133.0,0.0,0.0,0.0,0.0,0.0,0.0,0.0,0.0,0.0,0.0,0.0,no_change,0.02,2026-09-01T14:21:00,0.0,0.0199999995529652,44.42,2026-09-03 13:44:14,2026-09-03 09:45:06
IBIT,IBIT260911P00034000,IBIT,2026-09-11,P,34.0,0.0,0.0,0.0,0.0,0.0,750.0,0.0,0.0,0.0,0.0,0.0,0.0,0.0,0.0,0.0,0.0,0.0,no_change,0.01,2026-09-02T13:45:27,0.0,0.0199999995529652,44.42,2026-09-03 13:44:14,2026-09-03 09:45:06
IBIT,IBIT260911P00034500,IBIT,2026-09-11,P,34.5,0.0,0.0,0.0,0.0,0.0,123.0,0.0,0.0,0.0,0.0,0.0,0.0,0.0,0.0,0.0,0.0,0.0,no_change,0.02,2026-09-02T12:01:43,0.0,0.0149999996647239,44.42,2026-09-03 13:44:14,2026-09-03 09:45:06
IBIT,IBIT260911P00035000,IBIT,2026-09-11,P,35.0,0.0,0.0,0.0,0.0,0.0,690.0,0.0,0.0,0.0,0.0,0.0,0.0,0.0,0.0,0.0,0.0,0.0,no_change,0.02,2026-09-02T12:41:16,0.0,0.0249999994412065,44.42,2026-09-03 13:44:14,2026-09-03 09:45:06
IBIT,IBIT260911P00035500,IBIT,2026-09-11,P,35.5,0.0,0.0,0.0,0.0,0.0,579.0,0.0,0.0,0.0,0.0,0.0,0.0,0.0,0.0,0.0,0.0,0.0,down,0.02,2026-09-02T12:36:22,0.0,0.0249999994412065,44.42,2026-09-03 13:44:14,2026-09-03 09:45:06
IBIT,IBIT260911P00036000,IBIT,2026-09-11,P,36.0,0.0,0.0,0.0,0.0,0.0,993.0,0.0,0.0,0.0,0.0,0.0,0.0,0.0,0.0,0.0,0.0,0.0,no_change,0.03,2026-09-02T15:59:46,0.0,0.034999999217689,44.42,2026-09-03 13:44:14,2026-09-03 09:45:06
IBIT,IBIT260911P00036500,IBIT,2026-09-11,P,36.5,0.0,0.0,0.0,0.0,0.0,972.0,0.0,0.0,0.0,0.0,0.0,0.0,0.0,0.0,0.0,0.0,0.0,no_change,0.03,2026-09-02T10:13:22,0.0,0.034999999217689,44.42,2026-09-03 13:44:14,2026-09-03 09:45:06
IBIT,IBIT260911P00037000,IBIT,2026-09-11,P,37.0,0.0,0.0,0.0,0.0,0.0,1453.0,0.0,0.0,0.0,0.0,0.0,0.0,0.0,0.0,0.0,0.0,0.0,up,0.06,2026-09-01T15:24:05,0.0,0.034999999217689,44.42,2026-09-03 13:44:14,2026-09-03 09:45:06
IBIT,IBIT260911P00037500,IBIT,2026-09-11,P,37.5,0.0,0.0,0.0,0.0,0.0,1308.0,0.0,0.0,0.0,0.0,0.0,0.0,0.0,0.0,0.0,0.0,0.0,no_change,0.03,2026-09-02T15:14:46,0.0,0.0400000000372529,44.42,2026-09-03 13:44:14,2026-09-03 09:45:06
IBIT,IBIT260911P00038000,IBIT,2026-09-11,P,38.0,0.0,0.0,0.0,0.0,0.0,3298.0,0.0,0.0,0.0,0.0,0.0,0.0,0.0,0.0,0.0,0.0,0.0,no_change,0.04,2026-09-02T14:43:02,0.0,0.0499999988824129,44.42,2026-09-03 13:44:14,2026-09-03 09:45:06
IBIT,IBIT260911P00038500,IBIT,2026-09-11,P,38.5,0.0,0.0,0.0,0.0,0.0,659.0,0.0,0.0,0.0,0.0,0.0,0.0,0.0,0.0,0.0,0.0,0.0,down,0.05,2026-09-02T14:37:55,0.0,0.0549999997019768,44.42,2026-09-03 13:44:14,2026-09-03 09:45:06
IBIT,IBIT260911P00039000,IBIT,2026-09-11,P,39.0,0.0,0.0,0.0,0.0,0.0,703.0,0.0,0.0,0.0,0.0,0.0,0.0,0.0,0.0,0.0,0.0,0.0,down,0.09,2026-09-01T15:57:56,0.0,0.0649999994784594,44.42,2026-09-03 13:44:14,2026-09-03 09:45:06
IBIT,IBIT260911P00039500,IBIT,2026-09-11,P,39.5,0.0,0.0,0.0,0.0,0.0,1129.0,0.0,0.0,0.0,0.0,0.0,0.0,0.0,0.0,0.0,0.0,0.0,down,0.07,2026-09-02T13:09:05,0.0,0.0749999992549419,44.42,2026-09-03 13:44:14,2026-09-03 09:45:06
IBIT,IBIT260911P00040000,IBIT,2026-09-11,P,40.0,0.0,0.0,0.0,0.0,0.0,6012.0,0.0,0.0,0.0,0.0,0.0,0.0,0.0,0.0,0.0,0.0,0.0,no_change,0.08,2026-09-02T14:49:41,0.0,0.0899999998509884,44.42,2026-09-03 13:44:14,2026-09-03 09:45:06
IBIT,IBIT260911P00040500,IBIT,2026-09-11,P,40.5,0.0,0.0,0.0,0.0,0.0,716.0,0.0,0.0,0.0,0.0,0.0,0.0,0.0,0.0,0.0,0.0,0.0,down,0.12,2026-09-02T11:58:11,0.0,0.114999998360872,44.42,2026-09-03 13:44:14,2026-09-03 09:45:06
IBIT,IBIT260911P00041000,IBIT,2026-09-11,P,41.0,0.0,0.0,0.0,0.0,0.0,2475.0,0.0,0.0,0.0,0.0,0.0,0.0,0.0,0.0,0.0,0.0,0.0,no_change,0.16,2026-09-02T15:32:46,0.0,0.149999998509884,44.42,2026-09-03 13:44:14,2026-09-03 09:45:06
IBIT,IBIT260911P00041500,IBIT,2026-09-11,P,41.5,0.0,0.0,0.0,0.0,0.0,1106.0,0.0,0.0,0.0,0.0,0.0,0.0,0.0,0.0,0.0,0.0,0.0,down,0.2,2026-09-02T15:01:15,0.0,0.204999998211861,44.42,2026-09-03 13:44:14,2026-09-03 09:45:06
IBIT,IBIT260911P00042000,IBIT,2026-09-11,P,42.0,0.0,0.0,0.0,0.0,0.0,3367.0,0.0,0.0,0.0,0.0,0.0,0.0,0.0,0.0,0.0,0.0,0.0,no_change,0.27,2026-09-02T15:59:46,0.0,0.284999996423721,44.42,2026-09-03 13:44:14,2026-09-03 09:45:06
IBIT,IBIT260911P00042500,IBIT,2026-09-11,P,42.5,0.0,0.0,0.0,0.0,0.0,2187.0,0.0,0.0,0.0,0.0,0.0,0.0,0.0,0.0,0.0,0.0,0.0,up,0.41,2026-09-02T15:39:31,0.0,0.399999991059303,44.42,2026-09-03 13:44:14,2026-09-03 09:45:06
IBIT,IBIT260911P00043000,IBIT,2026-09-11,P,43.0,0.0,0.0,0.0,0.0,0.0,5420.0,0.0,0.0,0.0,0.0,0.0,0.0,0.0,0.0,0.0,0.0,0.0,no_change,0.54,2026-09-02T15:59:46,0.0,0.560000002384186,44.42,2026-09-03 13:44:14,2026-09-03 09:45:06
IBIT,IBIT260911P00043500,IBIT,2026-09-11,P,43.5,0.0,0.0,0.0,0.0,0.0,1695.0,0.0,0.0,0.0,0.0,0.0,0.0,0.0,0.0,0.0,0.0,0.0,up,0.79,2026-09-02T15:57:16,0.0,0.759999990463257,44.42,2026-09-03 13:44:14,2026-09-03 09:45:06
IBIT,IBIT260911P00044000,IBIT,2026-09-11,P,44.0,0.0,0.0,0.0,0.0,0.0,1821.0,0.0,0.0,0.0,0.0,0.0,0.0,0.0,0.0,0.0,0.0,0.0,up,1.04,2026-09-02T15:37:02,0.0,1.00999999046326,44.42,2026-09-03 13:44:14,2026-09-03 09:45:06
IBIT,IBIT260911P00044500,IBIT,2026-09-11,P,44.5,0.0,0.0,0.0,0.0,0.0,1661.0,0.0,0.0,0.0,0.0,0.0,0.0,0.0,0.0,0.0,0.0,0.0,up,1.33,2026-09-02T15:50:13,0.0,1.31499999761581,44.42,2026-09-03 13:44:14,2026-09-03 09:45:06
IBIT,IBIT260911P00045000,IBIT,2026-09-11,P,45.0,0.0,0.0,0.0,0.0,0.0,1717.0,0.0,0.0,0.0,0.0,0.0,0.0,0.0,0.0,0.0,0.0,0.0,no_change,1.64,2026-09-02T15:58:46,0.0,1.6599999666214,44.42,2026-09-03 13:44:14,2026-09-03 09:45:06
IBIT,IBIT260911P00045500,IBIT,2026-09-11,P,45.5,0.0,0.0,0.0,0.0,0.0,1238.0,0.0,0.0,0.0,0.0,0.0,0.0,0.0,0.0,0.0,0.0,0.0,down,1.97,2026-09-02T14:49:39,0.0,2.04999995231628,44.42,2026-09-03 13:44:14,2026-09-03 09:45:06
IBIT,IBIT260911P00046000,IBIT,2026-09-11,P,46.0,0.0,0.0,0.0,0.0,0.0,507.0,0.0,0.0,0.0,0.0,0.0,0.0,0.0,0.0,0.0,0.0,0.0,no_change,2.49,2026-09-02T13:40:56,0.0,2.45500004291534,44.42,2026-09-03 13:44:14,2026-09-03 09:45:06
IBIT,IBIT260911P00046500,IBIT,2026-09-11,P,46.5,0.0,0.0,0.0,0.0,0.0,43.0,0.0,0.0,0.0,0.0,0.0,0.0,0.0,0.0,0.0,0.0,0.0,down,2.77,2026-09-02T14:18:51,0.0,2.90000009536743,44.42,2026-09-03 13:44:14,2026-09-03 09:45:06
IBIT,IBIT260911P00047000,IBIT,2026-09-11,P,47.0,0.0,0.0,0.0,0.0,0.0,62.0,0.0,0.0,0.0,0.0,0.0,0.0,0.0,0.0,0.0,0.0,0.0,up,3.31,2026-09-02T14:40:09,0.0,3.35000002384186,44.42,2026-09-03 13:44:14,2026-09-03 09:45:06
IBIT,IBIT260911P00047500,IBIT,2026-09-11,P,47.5,0.0,0.0,0.0,0.0,0.0,22.0,0.0,0.0,0.0,0.0,0.0,0.0,0.0,0.0,0.0,0.0,0.0,up,2.97,2026-08-28T11:10:47,0.0,3.82499992847443,44.42,2026-09-03 13:44:14,2026-09-03 09:45:06
IBIT,IBIT260911P00048000,IBIT,2026-09-11,P,48.0,0.0,0.0,0.0,0.0,0.0,50.0,0.0,0.0,0.0,0.0,0.0,0.0,0.0,0.0,0.0,0.0,0.0,no_change,4.5,2026-09-01T14:27:22,0.0,4.29999995231628,44.42,2026-09-03 13:44:14,2026-09-03 09:45:06
IBIT,IBIT260911P00048500,IBIT,2026-09-11,P,48.5,0.0,0.0,0.0,0.0,0.0,6.0,0.0,0.0,0.0,0.0,0.0,0.0,0.0,0.0,0.0,0.0,0.0,no_change,3.7,2026-08-28T11:00:06,0.0,4.79999995231628,44.42,2026-09-03 13:44:14,2026-09-03 09:45:06
IBIT,IBIT260911P00049000,IBIT,2026-09-11,P,49.0,0.0,0.0,0.0,0.0,0.0,35.0,0.0,0.0,0.0,0.0,0.0,0.0,0.0,0.0,0.0,0.0,0.0,down,5.24,2026-09-02T15:53:04,0.0,5.29999995231628,44.42,2026-09-03 13:44:14,2026-09-03 09:45:06
IBIT,IBIT260911P00049500,IBIT,2026-09-11,P,49.5,0.0,0.0,0.0,0.0,0.0,5.0,0.0,0.0,0.0,0.0,0.0,0.0,0.0,0.0,0.0,0.0,0.0,down,4.95,2026-08-28T10:03:10,0.0,5.79999995231628,44.42,2026-09-03 13:44:14,2026-09-03 09:45:06
IBIT,IBIT260911P00050000,IBIT,2026-09-11,P,50.0,0.0,0.0,0.0,0.0,0.0,25.0,0.0,0.0,0.0,0.0,0.0,0.0,0.0,0.0,0.0,0.0,0.0,down,6.23,2026-09-02T15:59:41,0.0,6.29999995231628,44.42,2026-09-03 13:44:14,2026-09-03 09:45:06
IBIT,IBIT260911P00050500,IBIT,2026-09-11,P,50.5,0.0,0.0,0.0,0.0,0.0,0.0,0.0,0.0,0.0,0.0,0.0,0.0,0.0,0.0,0.0,0.0,0.0,up,6.75,2026-09-01T12:36:57,0.0,6.77500009536743,44.42,2026-09-03 13:44:14,2026-09-03 09:45:06
IBIT,IBIT260911P00051000,IBIT,2026-09-11,P,51.0,0.0,0.0,0.0,0.0,0.0,2.0,0.0,0.0,0.0,0.0,0.0,0.0,0.0,0.0,0.0,0.0,0.0,down,7.18,2026-09-02T14:25:56,0.0,7.22500014305115,44.42,2026-09-03 13:44:14,2026-09-03 09:45:06
IBIT,IBIT260911P00051500,IBIT,2026-09-11,P,51.5,0.0,0.0,0.0,0.0,0.0,0.0,0.0,0.0,0.0,0.0,0.0,0.0,0.0,0.0,0.0,0.0,0.0,no_change,0.0,,0.0,7.90000009536743,44.42,2026-09-03 13:44:14,2026-09-03 09:45:06
IBIT,IBIT260911P00052000,IBIT,2026-09-11,P,52.0,0.0,0.0,0.0,0.0,0.0,0.0,0.0,0.0,0.0,0.0,0.0,0.0,0.0,0.0,0.0,0.0,0.0,no_change,8.27,2026-09-02T10:19:22,0.0,8.30000019073486,44.42,2026-09-03 13:44:14,2026-09-03 09:45:06
IBIT,IBIT260911P00052500,IBIT,2026-09-11,P,52.5,0.0,0.0,0.0,0.0,0.0,0.0,0.0,0.0,0.0,0.0,0.0,0.0,0.0,0.0,0.0,0.0,0.0,down,7.65,2026-08-27T09:44:04,0.0,8.84999990463257,44.42,2026-09-03 13:44:14,2026-09-03 09:45:06
IBIT,IBIT260911P00053000,IBIT,2026-09-11,P,53.0,0.0,0.0,0.0,0.0,0.0,0.0,0.0,0.0,0.0,0.0,0.0,0.0,0.0,0.0,0.0,0.0,0.0,no_change,9.1,2026-09-01T13:39:48,0.0,9.375,44.42,2026-09-03 13:44:14,2026-09-03 09:45:06
IBIT,IBIT260911P00053500,IBIT,2026-09-11,P,53.5,0.0,0.0,0.0,0.0,0.0,5.0,0.0,0.0,0.0,0.0,0.0,0.0,0.0,0.0,0.0,0.0,0.0,no_change,8.95,2026-08-28T10:28:44,0.0,9.875,44.42,2026-09-03 13:44:14,2026-09-03 09:45:06
IBIT,IBIT260911P00054000,IBIT,2026-09-11,P,54.0,0.0,0.0,0.0,0.0,0.0,1.0,0.0,0.0,0.0,0.0,0.0,0.0,0.0,0.0,0.0,0.0,0.0,down,9.63,2026-09-01T10:44:34,0.0,10.2999997138977,44.42,2026-09-03 13:44:14,2026-09-03 09:45:06
IBIT,IBIT260911P00054500,IBIT,2026-09-11,P,54.5,0.0,0.0,0.0,0.0,0.0,0.0,0.0,0.0,0.0,0.0,0.0,0.0,0.0,0.0,0.0,0.0,0.0,up,9.4,2026-08-28T10:38:12,0.0,10.875,44.42,2026-09-03 13:44:14,2026-09-03 09:45:06
IBIT,IBIT260911P00055000,IBIT,2026-09-11,P,55.0,0.0,0.0,0.0,0.0,0.0,0.0,0.0,0.0,0.0,0.0,0.0,0.0,0.0,0.0,0.0,0.0,0.0,no_change,10.8,2026-08-31T10:16:27,0.0,11.3499999046326,44.42,2026-09-03 13:44:14,2026-09-03 09:45:06
IBIT,IBIT260911P00060000,IBIT,2026-09-11,P,60.0,0.0,0.0,0.0,0.0,0.0,0.0,0.0,0.0,0.0,0.0,0.0,0.0,0.0,0.0,0.0,0.0,0.0,down,15.2,2026-08-25T10:16:59,0.0,16.2250003814697,44.42,2026-09-03 13:44:14,2026-09-03 09:45:06
IBIT,IBIT260911P00065000,IBIT,2026-09-11,P,65.0,0.0,0.0,0.0,0.0,0.0,0.0,0.0,0.0,0.0,0.0,0.0,0.0,0.0,0.0,0.0,0.0,0.0,no_change,0.0,,0.0,21.3500003814697,44.42,2026-09-03 13:44:14,2026-09-03 09:45:06
IBIT,IBIT260914C00030000,IBIT,2026-09-14,C,30.0,0.0,0.0,0.0,0.0,0.0,1.0,0.0,0.0,0.0,0.0,0.0,0.0,0.0,0.0,0.0,0.0,0.0,up,14.35,2026-08-31T10:29:48,0.0,13.5750002861023,44.42,2026-09-03 13:44:14,2026-09-03 09:45:06
IBIT,IBIT260914C00031000,IBIT,2026-09-14,C,31.0,0.0,0.0,0.0,0.0,0.0,0.0,0.0,0.0,0.0,0.0,0.0,0.0,0.0,0.0,0.0,0.0,0.0,no_change,0.0,,0.0,12.5750002861023,44.42,2026-09-03 13:44:14,2026-09-03 09:45:06
IBIT,IBIT260914C00032000,IBIT,2026-09-14,C,32.0,0.0,0.0,0.0,0.0,0.0,0.0,0.0,0.0,0.0,0.0,0.0,0.0,0.0,0.0,0.0,0.0,0.0,no_change,0.0,,0.0,11.5750002861023,44.42,2026-09-03 13:44:14,2026-09-03 09:45:06
IBIT,IBIT260914C00033000,IBIT,2026-09-14,C,33.0,0.0,0.0,0.0,0.0,0.0,0.0,0.0,0.0,0.0,0.0,0.0,0.0,0.0,0.0,0.0,0.0,0.0,no_change,0.0,,0.0,10.6750001907349,44.42,2026-09-03 13:44:14,2026-09-03 09:45:06
IBIT,IBIT260914C00034000,IBIT,2026-09-14,C,34.0,0.0,0.0,0.0,0.0,0.0,26.0,0.0,0.0,0.0,0.0,0.0,0.0,0.0,0.0,0.0,0.0,0.0,no_change,9.82,2026-09-02T12:11:09,0.0,9.80000019073486,44.42,2026-09-03 13:44:14,2026-09-03 09:45:06
IBIT,IBIT260914C00035000,IBIT,2026-09-14,C,35.0,0.0,0.0,0.0,0.0,0.0,1.0,0.0,0.0,0.0,0.0,0.0,0.0,0.0,0.0,0.0,0.0,0.0,no_change,9.23,2026-09-01T11:37:52,0.0,8.67500019073486,44.42,2026-09-03 13:44:14,2026-09-03 09:45:06
IBIT,IBIT260914C00036000,IBIT,2026-09-14,C,36.0,0.0,0.0,0.0,0.0,0.0,0.0,0.0,0.0,0.0,0.0,0.0,0.0,0.0,0.0,0.0,0.0,0.0,no_change,0.0,,0.0,7.8250002861023,44.42,2026-09-03 13:44:14,2026-09-03 09:45:06
IBIT,IBIT260914C00037000,IBIT,2026-09-14,C,37.0,0.0,0.0,0.0,0.0,0.0,11.0,0.0,0.0,0.0,0.0,0.0,0.0,0.0,0.0,0.0,0.0,0.0,up,6.87,2026-09-02T12:07:56,0.0,6.82500004768372,44.42,2026-09-03 13:44:14,2026-09-03 09:45:06
IBIT,IBIT260914C00038000,IBIT,2026-09-14,C,38.0,0.0,0.0,0.0,0.0,0.0,6.0,0.0,0.0,0.0,0.0,0.0,0.0,0.0,0.0,0.0,0.0,0.0,down,5.68,2026-09-01T14:28:01,0.0,5.85000014305115,44.42,2026-09-03 13:44:14,2026-09-03 09:45:06
IBIT,IBIT260914C00039000,IBIT,2026-09-14,C,39.0,0.0,0.0,0.0,0.0,0.0,27.0,0.0,0.0,0.0,0.0,0.0,0.0,0.0,0.0,0.0,0.0,0.0,no_change,4.9,2026-09-02T12:11:09,0.0,4.85000014305115,44.42,2026-09-03 13:44:14,2026-09-03 09:45:06
IBIT,IBIT260914C00040000,IBIT,2026-09-14,C,40.0,0.0,0.0,0.0,0.0,0.0,16.0,0.0,0.0,0.0,0.0,0.0,0.0,0.0,0.0,0.0,0.0,0.0,down,4.04,2026-09-02T14:30:06,0.0,3.89999997615814,44.42,2026-09-03 13:44:14,2026-09-03 09:45:06
IBIT,IBIT260914C00041000,IBIT,2026-09-14,C,41.0,0.0,0.0,0.0,0.0,0.0,1.0,0.0,0.0,0.0,0.0,0.0,0.0,0.0,0.0,0.0,0.0,0.0,up,3.04,2026-09-02T15:20:06,0.0,3.00499999523163,44.42,2026-09-03 13:44:14,2026-09-03 09:45:06
IBIT,IBIT260914C00042000,IBIT,2026-09-14,C,42.0,0.0,0.0,0.0,0.0,0.0,32.0,0.0,0.0,0.0,0.0,0.0,0.0,0.0,0.0,0.0,0.0,0.0,down,2.15,2026-09-02T15:29:10,0.0,2.16500008106232,44.42,2026-09-03 13:44:14,2026-09-03 09:45:06
IBIT,IBIT260914C00043000,IBIT,2026-09-14,C,43.0,0.0,0.0,0.0,0.0,0.0,81.0,0.0,0.0,0.0,0.0,0.0,0.0,0.0,0.0,0.0,0.0,0.0,up,1.54,2026-09-02T14:37:09,0.0,1.47000002861023,44.42,2026-09-03 13:44:14,2026-09-03 09:45:06
IBIT,IBIT260914C00044000,IBIT,2026-09-14,C,44.0,0.0,0.0,0.0,0.0,0.0,283.0,0.0,0.0,0.0,0.0,0.0,0.0,0.0,0.0,0.0,0.0,0.0,down,0.95,2026-09-02T15:24:39,0.0,0.935000002384186,44.42,2026-09-03 13:44:14,2026-09-03 09:45:06
IBIT,IBIT260914C00045000,IBIT,2026-09-14,C,45.0,0.0,0.0,0.0,0.0,0.0,387.0,0.0,0.0,0.0,0.0,0.0,0.0,0.0,0.0,0.0,0.0,0.0,down,0.52,2026-09-02T13:26:16,0.0,0.555000007152557,44.42,2026-09-03 13:44:14,2026-09-03 09:45:06
IBIT,IBIT260914C00046000,IBIT,2026-09-14,C,46.0,0.0,0.0,0.0,0.0,0.0,537.0,0.0,0.0,0.0,0.0,0.0,0.0,0.0,0.0,0.0,0.0,0.0,no_change,0.34,2026-09-02T15:12:27,0.0,0.325000002980232,44.42,2026-09-03 13:44:14,2026-09-03 09:45:06
IBIT,IBIT260914C00047000,IBIT,2026-09-14,C,47.0,0.0,0.0,0.0,0.0,0.0,1214.0,0.0,0.0,0.0,0.0,0.0,0.0,0.0,0.0,0.0,0.0,0.0,down,0.19,2026-09-02T15:38:05,0.0,0.190000005066395,44.42,2026-09-03 13:44:14,2026-09-03 09:45:06
IBIT,IBIT260914C00048000,IBIT,2026-09-14,C,48.0,0.0,0.0,0.0,0.0,0.0,254.0,0.0,0.0,0.0,0.0,0.0,0.0,0.0,0.0,0.0,0.0,0.0,down,0.13,2026-09-02T11:45:31,0.0,0.119999997317791,44.42,2026-09-03 13:44:14,2026-09-03 09:45:06
IBIT,IBIT260914C00049000,IBIT,2026-09-14,C,49.0,0.0,0.0,0.0,0.0,0.0,265.0,0.0,0.0,0.0,0.0,0.0,0.0,0.0,0.0,0.0,0.0,0.0,no_change,0.1,2026-09-01T15:38:57,0.0,0.0750000011175871,44.42,2026-09-03 13:44:14,2026-09-03 09:45:06
IBIT,IBIT260914C00050000,IBIT,2026-09-14,C,50.0,0.0,0.0,0.0,0.0,0.0,411.0,0.0,0.0,0.0,0.0,0.0,0.0,0.0,0.0,0.0,0.0,0.0,no_change,0.05,2026-09-02T13:26:35,0.0,0.0549999997019768,44.42,2026-09-03 13:44:14,2026-09-03 09:45:06
IBIT,IBIT260914C00051000,IBIT,2026-09-14,C,51.0,0.0,0.0,0.0,0.0,0.0,1.0,0.0,0.0,0.0,0.0,0.0,0.0,0.0,0.0,0.0,0.0,0.0,no_change,0.08,2026-09-01T10:50:50,0.0,0.0400000000372529,44.42,2026-09-03 13:44:14,2026-09-03 09:45:06
IBIT,IBIT260914C00052000,IBIT,2026-09-14,C,52.0,0.0,0.0,0.0,0.0,0.0,62.0,0.0,0.0,0.0,0.0,0.0,0.0,0.0,0.0,0.0,0.0,0.0,up,0.07,2026-08-31T12:23:25,0.0,0.0299999993294477,44.42,2026-09-03 13:44:14,2026-09-03 09:45:06
IBIT,IBIT260914C00053000,IBIT,2026-09-14,C,53.0,0.0,0.0,0.0,0.0,0.0,1.0,0.0,0.0,0.0,0.0,0.0,0.0,0.0,0.0,0.0,0.0,0.0,down,0.05,2026-09-01T12:27:03,0.0,0.0249999994412065,44.42,2026-09-03 13:44:14,2026-09-03 09:45:06
IBIT,IBIT260914C00054000,IBIT,2026-09-14,C,54.0,0.0,0.0,0.0,0.0,0.0,0.0,0.0,0.0,0.0,0.0,0.0,0.0,0.0,0.0,0.0,0.0,0.0,no_change,0.0,,0.0,0.0199999995529652,44.42,2026-09-03 13:44:14,2026-09-03 09:45:06
IBIT,IBIT260914C00055000,IBIT,2026-09-14,C,55.0,0.0,0.0,0.0,0.0,0.0,1.0,0.0,0.0,0.0,0.0,0.0,0.0,0.0,0.0,0.0,0.0,0.0,up,0.06,2026-08-31T15:37:18,0.0,0.0199999995529652,44.42,2026-09-03 13:44:14,2026-09-03 09:45:06
IBIT,IBIT260914C00056000,IBIT,2026-09-14,C,56.0,0.0,0.0,0.0,0.0,0.0,0.0,0.0,0.0,0.0,0.0,0.0,0.0,0.0,0.0,0.0,0.0,0.0,no_change,0.0,,0.0,0.0199999995529652,44.42,2026-09-03 13:44:14,2026-09-03 09:45:06
IBIT,IBIT260914C00057000,IBIT,2026-09-14,C,57.0,0.0,0.0,0.0,0.0,0.0,0.0,0.0,0.0,0.0,0.0,0.0,0.0,0.0,0.0,0.0,0.0,0.0,no_change,0.0,,0.0,0.0199999995529652,44.42,2026-09-03 13:44:14,2026-09-03 09:45:06
IBIT,IBIT260914C00058000,IBIT,2026-09-14,C,58.0,0.0,0.0,0.0,0.0,0.0,0.0,0.0,0.0,0.0,0.0,0.0,0.0,0.0,0.0,0.0,0.0,0.0,no_change,0.0,,0.0,0.0199999995529652,44.42,2026-09-03 13:44:14,2026-09-03 09:45:06
IBIT,IBIT260914C00059000,IBIT,2026-09-14,C,59.0,0.0,0.0,0.0,0.0,0.0,1.0,0.0,0.0,0.0,0.0,0.0,0.0,0.0,0.0,0.0,0.0,0.0,up,0.02,2026-09-02T15:23:31,0.0,0.0149999996647239,44.42,2026-09-03 13:44:14,2026-09-03 09:45:06
IBIT,IBIT260914P00030000,IBIT,2026-09-14,P,30.0,0.0,0.0,0.0,0.0,0.0,22.0,0.0,0.0,0.0,0.0,0.0,0.0,0.0,0.0,0.0,0.0,0.0,up,0.02,2026-09-02T15:51:32,0.0,0.0199999995529652,44.42,2026-09-03 13:44:14,2026-09-03 09:45:06
IBIT,IBIT260914P00031000,IBIT,2026-09-14,P,31.0,0.0,0.0,0.0,0.0,0.0,9.0,0.0,0.0,0.0,0.0,0.0,0.0,0.0,0.0,0.0,0.0,0.0,up,0.03,2026-09-02T15:46:46,0.0,0.0199999995529652,44.42,2026-09-03 13:44:14,2026-09-03 09:45:06
IBIT,IBIT260914P00032000,IBIT,2026-09-14,P,32.0,0.0,0.0,0.0,0.0,0.0,2.0,0.0,0.0,0.0,0.0,0.0,0.0,0.0,0.0,0.0,0.0,0.0,down,0.01,2026-09-02T15:46:46,0.0,0.0199999995529652,44.42,2026-09-03 13:44:14,2026-09-03 09:45:06
IBIT,IBIT260914P00033000,IBIT,2026-09-14,P,33.0,0.0,0.0,0.0,0.0,0.0,5.0,0.0,0.0,0.0,0.0,0.0,0.0,0.0,0.0,0.0,0.0,0.0,up,0.03,2026-09-02T15:46:46,0.0,0.0199999995529652,44.42,2026-09-03 13:44:14,2026-09-03 09:45:06
IBIT,IBIT260914P00034000,IBIT,2026-09-14,P,34.0,0.0,0.0,0.0,0.0,0.0,6.0,0.0,0.0,0.0,0.0,0.0,0.0,0.0,0.0,0.0,0.0,0.0,down,0.01,2026-09-02T15:32:31,0.0,0.0300000002607703,44.42,2026-09-03 13:44:14,2026-09-03 09:45:06
IBIT,IBIT260914P00035000,IBIT,2026-09-14,P,35.0,0.0,0.0,0.0,0.0,0.0,2.0,0.0,0.0,0.0,0.0,0.0,0.0,0.0,0.0,0.0,0.0,0.0,down,0.02,2026-09-02T15:00:08,0.0,0.0350000001490116,44.42,2026-09-03 13:44:14,2026-09-03 09:45:06
IBIT,IBIT260914P00036000,IBIT,2026-09-14,P,36.0,0.0,0.0,0.0,0.0,0.0,0.0,0.0,0.0,0.0,0.0,0.0,0.0,0.0,0.0,0.0,0.0,0.0,no_change,0.0,,0.0,0.0449999989941716,44.42,2026-09-03 13:44:14,2026-09-03 09:45:06
IBIT,IBIT260914P00037000,IBIT,2026-09-14,P,37.0,0.0,0.0,0.0,0.0,0.0,9.0,0.0,0.0,0.0,0.0,0.0,0.0,0.0,0.0,0.0,0.0,0.0,no_change,0.04,2026-08-31T11:45:34,0.0,0.0549999997019768,44.42,2026-09-03 13:44:14,2026-09-03 09:45:06
IBIT,IBIT260914P00038000,IBIT,2026-09-14,P,38.0,0.0,0.0,0.0,0.0,0.0,3.0,0.0,0.0,0.0,0.0,0.0,0.0,0.0,0.0,0.0,0.0,0.0,down,0.07,2026-09-02T09:54:03,0.0,0.0649999994784594,44.42,2026-09-03 13:44:14,2026-09-03 09:45:06
IBIT,IBIT260914P00039000,IBIT,2026-09-14,P,39.0,0.0,0.0,0.0,0.0,0.0,15.0,0.0,0.0,0.0,0.0,0.0,0.0,0.0,0.0,0.0,0.0,0.0,down,0.08,2026-09-02T12:30:20,0.0,0.0850000008940697,44.42,2026-09-03 13:44:14,2026-09-03 09:45:06
IBIT,IBIT260914P00040000,IBIT,2026-09-14,P,40.0,0.0,0.0,0.0,0.0,0.0,3234.0,0.0,0.0,0.0,0.0,0.0,0.0,0.0,0.0,0.0,0.0,0.0,up,0.14,2026-09-02T14:09:38,0.0,0.129999998956919,44.42,2026-09-03 13:44:14,2026-09-03 09:45:06
IBIT,IBIT260914P00041000,IBIT,2026-09-14,P,41.0,0.0,0.0,0.0,0.0,0.0,1710.0,0.0,0.0,0.0,0.0,0.0,0.0,0.0,0.0,0.0,0.0,0.0,down,0.22,2026-09-02T13:12:50,0.0,0.219999998807907,44.42,2026-09-03 13:44:14,2026-09-03 09:45:06
IBIT,IBIT260914P00042000,IBIT,2026-09-14,P,42.0,0.0,0.0,0.0,0.0,0.0,251.0,0.0,0.0,0.0,0.0,0.0,0.0,0.0,0.0,0.0,0.0,0.0,down,0.4,2026-09-02T13:34:06,0.0,0.394999995827675,44.42,2026-09-03 13:44:14,2026-09-03 09:45:06
IBIT,IBIT260914P00043000,IBIT,2026-09-14,P,43.0,0.0,0.0,0.0,0.0,0.0,237.0,0.0,0.0,0.0,0.0,0.0,0.0,0.0,0.0,0.0,0.0,0.0,down,0.69,2026-09-02T15:53:53,0.0,0.689999997615814,44.42,2026-09-03 13:44:14,2026-09-03 09:45:06
IBIT,IBIT260914P00044000,IBIT,2026-09-14,P,44.0,0.0,0.0,0.0,0.0,0.0,182.0,0.0,0.0,0.0,0.0,0.0,0.0,0.0,0.0,0.0,0.0,0.0,no_change,1.11,2026-09-02T15:02:32,0.0,1.14999997615814,44.42,2026-09-03 13:44:14,2026-09-03 09:45:06
IBIT,IBIT260914P00045000,IBIT,2026-09-14,P,45.0,0.0,0.0,0.0,0.0,0.0,9.0,0.0,0.0,0.0,0.0,0.0,0.0,0.0,0.0,0.0,0.0,0.0,down,1.71,2026-09-02T14:14:12,0.0,1.78500002622604,44.42,2026-09-03 13:44:14,2026-09-03 09:45:06
IBIT,IBIT260914P00046000,IBIT,2026-09-14,P,46.0,0.0,0.0,0.0,0.0,0.0,4.0,0.0,0.0,0.0,0.0,0.0,0.0,0.0,0.0,0.0,0.0,0.0,up,2.78,2026-09-02T11:14:30,0.0,2.54999995231628,44.42,2026-09-03 13:44:14,2026-09-03 09:45:06
IBIT,IBIT260914P00047000,IBIT,2026-09-14,P,47.0,0.0,0.0,0.0,0.0,0.0,1.0,0.0,0.0,0.0,0.0,0.0,0.0,0.0,0.0,0.0,0.0,0.0,down,3.35,2026-09-02T13:47:41,0.0,3.42499995231628,44.42,2026-09-03 13:44:14,2026-09-03 09:45:06
IBIT,IBIT260914P00048000,IBIT,2026-09-14,P,48.0,0.0,0.0,0.0,0.0,0.0,12.0,0.0,0.0,0.0,0.0,0.0,0.0,0.0,0.0,0.0,0.0,0.0,up,4.41,2026-09-02T10:32:57,0.0,4.35000014305115,44.42,2026-09-03 13:44:14,2026-09-03 09:45:06
IBIT,IBIT260914P00049000,IBIT,2026-09-14,P,49.0,0.0,0.0,0.0,0.0,0.0,6.0,0.0,0.0,0.0,0.0,0.0,0.0,0.0,0.0,0.0,0.0,0.0,down,5.21,2026-09-02T10:23:21,0.0,5.29999995231628,44.42,2026-09-03 13:44:14,2026-09-03 09:45:06
IBIT,IBIT260914P00050000,IBIT,2026-09-14,P,50.0,0.0,0.0,0.0,0.0,0.0,5.0,0.0,0.0,0.0,0.0,0.0,0.0,0.0,0.0,0.0,0.0,0.0,down,5.97,2026-09-01T11:25:33,0.0,6.27499985694885,44.42,2026-09-03 13:44:14,2026-09-03 09:45:06
IBIT,IBIT260914P00051000,IBIT,2026-09-14,P,51.0,0.0,0.0,0.0,0.0,0.0,7.0,0.0,0.0,0.0,0.0,0.0,0.0,0.0,0.0,0.0,0.0,0.0,up,7.31,2026-09-02T10:32:57,0.0,7.27499985694885,44.42,2026-09-03 13:44:14,2026-09-03 09:45:06
IBIT,IBIT260914P00052000,IBIT,2026-09-14,P,52.0,0.0,0.0,0.0,0.0,0.0,0.0,0.0,0.0,0.0,0.0,0.0,0.0,0.0,0.0,0.0,0.0,0.0,no_change,0.0,,0.0,8.40000009536743,44.42,2026-09-03 13:44:14,2026-09-03 09:45:06
IBIT,IBIT260914P00053000,IBIT,2026-09-14,P,53.0,0.0,0.0,0.0,0.0,0.0,0.0,0.0,0.0,0.0,0.0,0.0,0.0,0.0,0.0,0.0,0.0,0.0,no_change,0.0,,0.0,9.40000009536743,44.42,2026-09-03 13:44:14,2026-09-03 09:45:06
IBIT,IBIT260914P00054000,IBIT,2026-09-14,P,54.0,0.0,0.0,0.0,0.0,0.0,0.0,0.0,0.0,0.0,0.0,0.0,0.0,0.0,0.0,0.0,0.0,0.0,no_change,0.0,,0.0,10.4000000953674,44.42,2026-09-03 13:44:14,2026-09-03 09:45:06
IBIT,IBIT260914P00055000,IBIT,2026-09-14,P,55.0,0.0,0.0,0.0,0.0,0.0,0.0,0.0,0.0,0.0,0.0,0.0,0.0,0.0,0.0,0.0,0.0,0.0,no_change,0.0,,0.0,11.5250000953674,44.42,2026-09-03 13:44:14,2026-09-03 09:45:06
IBIT,IBIT260914P00056000,IBIT,2026-09-14,P,56.0,0.0,0.0,0.0,0.0,0.0,0.0,0.0,0.0,0.0,0.0,0.0,0.0,0.0,0.0,0.0,0.0,0.0,no_change,0.0,,0.0,12.5250000953674,44.42,2026-09-03 13:44:14,2026-09-03 09:45:06
IBIT,IBIT260914P00057000,IBIT,2026-09-14,P,57.0,0.0,0.0,0.0,0.0,0.0,0.0,0.0,0.0,0.0,0.0,0.0,0.0,0.0,0.0,0.0,0.0,0.0,no_change,0.0,,0.0,13.5250000953674,44.42,2026-09-03 13:44:14,2026-09-03 09:45:06
IBIT,IBIT260914P00058000,IBIT,2026-09-14,P,58.0,0.0,0.0,0.0,0.0,0.0,0.0,0.0,0.0,0.0,0.0,0.0,0.0,0.0,0.0,0.0,0.0,0.0,no_change,0.0,,0.0,14.5250000953674,44.42,2026-09-03 13:44:14,2026-09-03 09:45:06
IBIT,IBIT260914P00059000,IBIT,2026-09-14,P,59.0,0.0,0.0,0.0,0.0,0.0,0.0,0.0,0.0,0.0,0.0,0.0,0.0,0.0,0.0,0.0,0.0,0.0,no_change,0.0,,0.0,15.5249996185303,44.42,2026-09-03 13:44:14,2026-09-03 09:45:06
IBIT,IBIT260916C00030000,IBIT,2026-09-16,C,30.0,0.0,0.0,0.0,0.0,0.0,0.0,0.0,0.0,0.0,0.0,0.0,0.0,0.0,0.0,0.0,0.0,0.0,no_change,0.0,,0.0,13.5750002861023,44.42,2026-09-03 13:44:14,2026-09-03 09:45:06
IBIT,IBIT260916C00031000,IBIT,2026-09-16,C,31.0,0.0,0.0,0.0,0.0,0.0,0.0,0.0,0.0,0.0,0.0,0.0,0.0,0.0,0.0,0.0,0.0,0.0,no_change,0.0,,0.0,12.5750002861023,44.42,2026-09-03 13:44:14,2026-09-03 09:45:06
IBIT,IBIT260916C00032000,IBIT,2026-09-16,C,32.0,0.0,0.0,0.0,0.0,0.0,0.0,0.0,0.0,0.0,0.0,0.0,0.0,0.0,0.0,0.0,0.0,0.0,no_change,0.0,,0.0,11.5750002861023,44.42,2026-09-03 13:44:14,2026-09-03 09:45:06
IBIT,IBIT260916C00033000,IBIT,2026-09-16,C,33.0,0.0,0.0,0.0,0.0,0.0,0.0,0.0,0.0,0.0,0.0,0.0,0.0,0.0,0.0,0.0,0.0,0.0,no_change,0.0,,0.0,10.75,44.42,2026-09-03 13:44:14,2026-09-03 09:45:06
IBIT,IBIT260916C00034000,IBIT,2026-09-16,C,34.0,0.0,0.0,0.0,0.0,0.0,3.0,0.0,0.0,0.0,0.0,0.0,0.0,0.0,0.0,0.0,0.0,0.0,no_change,9.99,2026-09-02T12:27:22,0.0,9.85000038146973,44.42,2026-09-03 13:44:14,2026-09-03 09:45:06
IBIT,IBIT260916C00035000,IBIT,2026-09-16,C,35.0,0.0,0.0,0.0,0.0,0.0,3.0,0.0,0.0,0.0,0.0,0.0,0.0,0.0,0.0,0.0,0.0,0.0,up,9.19,2026-09-01T11:48:55,0.0,8.8250002861023,44.42,2026-09-03 13:44:14,2026-09-03 09:45:06
IBIT,IBIT260916C00036000,IBIT,2026-09-16,C,36.0,0.0,0.0,0.0,0.0,0.0,0.0,0.0,0.0,0.0,0.0,0.0,0.0,0.0,0.0,0.0,0.0,0.0,no_change,0.0,,0.0,7.82500004768372,44.42,2026-09-03 13:44:14,2026-09-03 09:45:06
IBIT,IBIT260916C00037000,IBIT,2026-09-16,C,37.0,0.0,0.0,0.0,0.0,0.0,0.0,0.0,0.0,0.0,0.0,0.0,0.0,0.0,0.0,0.0,0.0,0.0,no_change,0.0,,0.0,6.875,44.42,2026-09-03 13:44:14,2026-09-03 09:45:06
IBIT,IBIT260916C00038000,IBIT,2026-09-16,C,38.0,0.0,0.0,0.0,0.0,0.0,0.0,0.0,0.0,0.0,0.0,0.0,0.0,0.0,0.0,0.0,0.0,0.0,no_change,0.0,,0.0,5.875,44.42,2026-09-03 13:44:14,2026-09-03 09:45:06
IBIT,IBIT260916C00039000,IBIT,2026-09-16,C,39.0,0.0,0.0,0.0,0.0,0.0,3.0,0.0,0.0,0.0,0.0,0.0,0.0,0.0,0.0,0.0,0.0,0.0,no_change,5.03,2026-09-02T12:27:22,0.0,4.92499995231628,44.42,2026-09-03 13:44:14,2026-09-03 09:45:06
IBIT,IBIT260916C00040000,IBIT,2026-09-16,C,40.0,0.0,0.0,0.0,0.0,0.0,49.0,0.0,0.0,0.0,0.0,0.0,0.0,0.0,0.0,0.0,0.0,0.0,down,4.1,2026-09-02T14:29:49,0.0,3.97500014305115,44.42,2026-09-03 13:44:14,2026-09-03 09:45:06
IBIT,IBIT260916C00041000,IBIT,2026-09-16,C,41.0,0.0,0.0,0.0,0.0,0.0,0.0,0.0,0.0,0.0,0.0,0.0,0.0,0.0,0.0,0.0,0.0,0.0,no_change,0.0,,0.0,3.07500004768372,44.42,2026-09-03 13:44:14,2026-09-03 09:45:06
IBIT,IBIT260916C00042000,IBIT,2026-09-16,C,42.0,0.0,0.0,0.0,0.0,0.0,1.0,0.0,0.0,0.0,0.0,0.0,0.0,0.0,0.0,0.0,0.0,0.0,up,2.29,2026-09-02T10:09:00,0.0,2.27499997615814,44.42,2026-09-03 13:44:14,2026-09-03 09:45:06
IBIT,IBIT260916C00043000,IBIT,2026-09-16,C,43.0,0.0,0.0,0.0,0.0,0.0,88.0,0.0,0.0,0.0,0.0,0.0,0.0,0.0,0.0,0.0,0.0,0.0,up,1.63,2026-09-02T09:57:01,0.0,1.60500001907349,44.42,2026-09-03 13:44:14,2026-09-03 09:45:06
IBIT,IBIT260916C00044000,IBIT,2026-09-16,C,44.0,0.0,0.0,0.0,0.0,0.0,298.0,0.0,0.0,0.0,0.0,0.0,0.0,0.0,0.0,0.0,0.0,0.0,up,1.07,2026-09-02T15:34:39,0.0,1.07499998807907,44.42,2026-09-03 13:44:14,2026-09-03 09:45:06
IBIT,IBIT260916C00045000,IBIT,2026-09-16,C,45.0,0.0,0.0,0.0,0.0,0.0,13.0,0.0,0.0,0.0,0.0,0.0,0.0,0.0,0.0,0.0,0.0,0.0,down,0.68,2026-09-02T15:42:13,0.0,0.685000002384186,44.42,2026-09-03 13:44:14,2026-09-03 09:45:06
IBIT,IBIT260916C00046000,IBIT,2026-09-16,C,46.0,0.0,0.0,0.0,0.0,0.0,12.0,0.0,0.0,0.0,0.0,0.0,0.0,0.0,0.0,0.0,0.0,0.0,down,0.46,2026-09-02T10:30:23,0.0,0.429999992251396,44.42,2026-09-03 13:44:14,2026-09-03 09:45:06
IBIT,IBIT260916C00047000,IBIT,2026-09-16,C,47.0,0.0,0.0,0.0,0.0,0.0,503.0,0.0,0.0,0.0,0.0,0.0,0.0,0.0,0.0,0.0,0.0,0.0,no_change,0.29,2026-09-02T14:12:09,0.0,0.269999995827675,44.42,2026-09-03 13:44:14,2026-09-03 09:45:06
IBIT,IBIT260916C00048000,IBIT,2026-09-16,C,48.0,0.0,0.0,0.0,0.0,0.0,7.0,0.0,0.0,0.0,0.0,0.0,0.0,0.0,0.0,0.0,0.0,0.0,no_change,0.18,2026-09-02T13:49:52,0.0,0.174999997019768,44.42,2026-09-03 13:44:14,2026-09-03 09:45:06
IBIT,IBIT260916C00049000,IBIT,2026-09-16,C,49.0,0.0,0.0,0.0,0.0,0.0,1.0,0.0,0.0,0.0,0.0,0.0,0.0,0.0,0.0,0.0,0.0,0.0,down,0.11,2026-09-02T13:44:21,0.0,0.114999998360872,44.42,2026-09-03 13:44:14,2026-09-03 09:45:06
IBIT,IBIT260916C00050000,IBIT,2026-09-16,C,50.0,0.0,0.0,0.0,0.0,0.0,5.0,0.0,0.0,0.0,0.0,0.0,0.0,0.0,0.0,0.0,0.0,0.0,down,0.1,2026-09-01T15:57:42,0.0,0.0800000000745058,44.42,2026-09-03 13:44:14,2026-09-03 09:45:06
IBIT,IBIT260916C00051000,IBIT,2026-09-16,C,51.0,0.0,0.0,0.0,0.0,0.0,3.0,0.0,0.0,0.0,0.0,0.0,0.0,0.0,0.0,0.0,0.0,0.0,down,0.07,2026-09-02T14:13:04,0.0,0.0549999997019768,44.42,2026-09-03 13:44:14,2026-09-03 09:45:06
IBIT,IBIT260916C00052000,IBIT,2026-09-16,C,52.0,0.0,0.0,0.0,0.0,0.0,2.0,0.0,0.0,0.0,0.0,0.0,0.0,0.0,0.0,0.0,0.0,0.0,down,0.06,2026-09-01T15:58:07,0.0,0.0399999991059303,44.42,2026-09-03 13:44:14,2026-09-03 09:45:06
IBIT,IBIT260916C00053000,IBIT,2026-09-16,C,53.0,0.0,0.0,0.0,0.0,0.0,0.0,0.0,0.0,0.0,0.0,0.0,0.0,0.0,0.0,0.0,0.0,0.0,no_change,0.0,,0.0,0.0350000001490116,44.42,2026-09-03 13:44:14,2026-09-03 09:45:06
IBIT,IBIT260916C00054000,IBIT,2026-09-16,C,54.0,0.0,0.0,0.0,0.0,0.0,0.0,0.0,0.0,0.0,0.0,0.0,0.0,0.0,0.0,0.0,0.0,0.0,no_change,0.0,,0.0,0.0300000002607703,44.42,2026-09-03 13:44:14,2026-09-03 09:45:06
IBIT,IBIT260916C00055000,IBIT,2026-09-16,C,55.0,0.0,0.0,0.0,0.0,0.0,0.0,0.0,0.0,0.0,0.0,0.0,0.0,0.0,0.0,0.0,0.0,0.0,no_change,0.0,,0.0,0.0249999994412065,44.42,2026-09-03 13:44:14,2026-09-03 09:45:06
IBIT,IBIT260916C00056000,IBIT,2026-09-16,C,56.0,0.0,0.0,0.0,0.0,0.0,0.0,0.0,0.0,0.0,0.0,0.0,0.0,0.0,0.0,0.0,0.0,0.0,no_change,0.0,,0.0,0.0249999994412065,44.42,2026-09-03 13:44:14,2026-09-03 09:45:06
IBIT,IBIT260916C00057000,IBIT,2026-09-16,C,57.0,0.0,0.0,0.0,0.0,0.0,0.0,0.0,0.0,0.0,0.0,0.0,0.0,0.0,0.0,0.0,0.0,0.0,no_change,0.0,,0.0,0.0249999994412065,44.42,2026-09-03 13:44:14,2026-09-03 09:45:06
IBIT,IBIT260916C00058000,IBIT,2026-09-16,C,58.0,0.0,0.0,0.0,0.0,0.0,0.0,0.0,0.0,0.0,0.0,0.0,0.0,0.0,0.0,0.0,0.0,0.0,no_change,0.0,,0.0,0.0249999994412065,44.42,2026-09-03 13:44:14,2026-09-03 09:45:06
IBIT,IBIT260916C00059000,IBIT,2026-09-16,C,59.0,0.0,0.0,0.0,0.0,0.0,0.0,0.0,0.0,0.0,0.0,0.0,0.0,0.0,0.0,0.0,0.0,0.0,no_change,0.0,,0.0,0.0199999995529652,44.42,2026-09-03 13:44:14,2026-09-03 09:45:06
IBIT,IBIT260916P00030000,IBIT,2026-09-16,P,30.0,0.0,0.0,0.0,0.0,0.0,7.0,0.0,0.0,0.0,0.0,0.0,0.0,0.0,0.0,0.0,0.0,0.0,down,0.01,2026-09-02T15:38:04,0.0,0.0199999995529652,44.42,2026-09-03 13:44:14,2026-09-03 09:45:06
IBIT,IBIT260916P00031000,IBIT,2026-09-16,P,31.0,0.0,0.0,0.0,0.0,0.0,1.0,0.0,0.0,0.0,0.0,0.0,0.0,0.0,0.0,0.0,0.0,0.0,down,0.01,2026-09-02T12:06:55,0.0,0.0199999995529652,44.42,2026-09-03 13:44:14,2026-09-03 09:45:06
IBIT,IBIT260916P00032000,IBIT,2026-09-16,P,32.0,0.0,0.0,0.0,0.0,0.0,4.0,0.0,0.0,0.0,0.0,0.0,0.0,0.0,0.0,0.0,0.0,0.0,down,0.01,2026-09-02T15:38:04,0.0,0.0199999995529652,44.42,2026-09-03 13:44:14,2026-09-03 09:45:06
IBIT,IBIT260916P00033000,IBIT,2026-09-16,P,33.0,0.0,0.0,0.0,0.0,0.0,1.0,0.0,0.0,0.0,0.0,0.0,0.0,0.0,0.0,0.0,0.0,0.0,no_change,0.02,2026-09-02T12:10:24,0.0,0.0300000002607703,44.42,2026-09-03 13:44:14,2026-09-03 09:45:06
IBIT,IBIT260916P00034000,IBIT,2026-09-16,P,34.0,0.0,0.0,0.0,0.0,0.0,6.0,0.0,0.0,0.0,0.0,0.0,0.0,0.0,0.0,0.0,0.0,0.0,no_change,0.02,2026-09-02T12:11:36,0.0,0.0350000001490116,44.42,2026-09-03 13:44:14,2026-09-03 09:45:06
IBIT,IBIT260916P00035000,IBIT,2026-09-16,P,35.0,0.0,0.0,0.0,0.0,0.0,6.0,0.0,0.0,0.0,0.0,0.0,0.0,0.0,0.0,0.0,0.0,0.0,no_change,0.02,2026-09-02T12:14:13,0.0,0.0399999991059303,44.42,2026-09-03 13:44:14,2026-09-03 09:45:06
IBIT,IBIT260916P00036000,IBIT,2026-09-16,P,36.0,0.0,0.0,0.0,0.0,0.0,6.0,0.0,0.0,0.0,0.0,0.0,0.0,0.0,0.0,0.0,0.0,0.0,no_change,0.03,2026-09-02T12:16:49,0.0,0.0499999998137355,44.42,2026-09-03 13:44:14,2026-09-03 09:45:06
IBIT,IBIT260916P00037000,IBIT,2026-09-16,P,37.0,0.0,0.0,0.0,0.0,0.0,0.0,0.0,0.0,0.0,0.0,0.0,0.0,0.0,0.0,0.0,0.0,0.0,no_change,0.0,,0.0,0.0800000000745058,44.42,2026-09-03 13:44:14,2026-09-03 09:45:06
IBIT,IBIT260916P00038000,IBIT,2026-09-16,P,38.0,0.0,0.0,0.0,0.0,0.0,17.0,0.0,0.0,0.0,0.0,0.0,0.0,0.0,0.0,0.0,0.0,0.0,no_change,0.1,2026-09-02T13:35:40,0.0,0.0999999977648258,44.42,2026-09-03 13:44:14,2026-09-03 09:45:06
IBIT,IBIT260916P00039000,IBIT,2026-09-16,P,39.0,0.0,0.0,0.0,0.0,0.0,58.0,0.0,0.0,0.0,0.0,0.0,0.0,0.0,0.0,0.0,0.0,0.0,up,0.18,2026-09-01T15:19:13,0.0,0.125,44.42,2026-09-03 13:44:14,2026-09-03 09:45:06
IBIT,IBIT260916P00040000,IBIT,2026-09-16,P,40.0,0.0,0.0,0.0,0.0,0.0,12.0,0.0,0.0,0.0,0.0,0.0,0.0,0.0,0.0,0.0,0.0,0.0,down,0.2,2026-09-02T11:36:58,0.0,0.185000002384186,44.42,2026-09-03 13:44:14,2026-09-03 09:45:06
IBIT,IBIT260916P00041000,IBIT,2026-09-16,P,41.0,0.0,0.0,0.0,0.0,0.0,5.0,0.0,0.0,0.0,0.0,0.0,0.0,0.0,0.0,0.0,0.0,0.0,down,0.29,2026-09-02T12:27:01,0.0,0.299999997019768,44.42,2026-09-03 13:44:14,2026-09-03 09:45:06
IBIT,IBIT260916P00042000,IBIT,2026-09-16,P,42.0,0.0,0.0,0.0,0.0,0.0,134.0,0.0,0.0,0.0,0.0,0.0,0.0,0.0,0.0,0.0,0.0,0.0,no_change,0.46,2026-09-02T12:26:04,0.0,0.499999985098839,44.42,2026-09-03 13:44:14,2026-09-03 09:45:06
IBIT,IBIT260916P00043000,IBIT,2026-09-16,P,43.0,0.0,0.0,0.0,0.0,0.0,16.0,0.0,0.0,0.0,0.0,0.0,0.0,0.0,0.0,0.0,0.0,0.0,up,0.81,2026-09-02T15:34:14,0.0,0.814999997615814,44.42,2026-09-03 13:44:14,2026-09-03 09:45:06
IBIT,IBIT260916P00044000,IBIT,2026-09-16,P,44.0,0.0,0.0,0.0,0.0,0.0,27.0,0.0,0.0,0.0,0.0,0.0,0.0,0.0,0.0,0.0,0.0,0.0,down,1.21,2026-09-02T14:18:46,0.0,1.2849999666214,44.42,2026-09-03 13:44:14,2026-09-03 09:45:06
IBIT,IBIT260916P00045000,IBIT,2026-09-16,P,45.0,0.0,0.0,0.0,0.0,0.0,0.0,0.0,0.0,0.0,0.0,0.0,0.0,0.0,0.0,0.0,0.0,0.0,no_change,0.0,,0.0,1.89999997615814,44.42,2026-09-03 13:44:14,2026-09-03 09:45:06
IBIT,IBIT260916P00046000,IBIT,2026-09-16,P,46.0,0.0,0.0,0.0,0.0,0.0,0.0,0.0,0.0,0.0,0.0,0.0,0.0,0.0,0.0,0.0,0.0,0.0,no_change,0.0,,0.0,2.65499997138977,44.42,2026-09-03 13:44:14,2026-09-03 09:45:06
IBIT,IBIT260916P00047000,IBIT,2026-09-16,P,47.0,0.0,0.0,0.0,0.0,0.0,0.0,0.0,0.0,0.0,0.0,0.0,0.0,0.0,0.0,0.0,0.0,0.0,no_change,0.0,,0.0,3.52499997615814,44.42,2026-09-03 13:44:14,2026-09-03 09:45:06
IBIT,IBIT260916P00048000,IBIT,2026-09-16,P,48.0,0.0,0.0,0.0,0.0,0.0,0.0,0.0,0.0,0.0,0.0,0.0,0.0,0.0,0.0,0.0,0.0,0.0,no_change,0.0,,0.0,4.42499995231628,44.42,2026-09-03 13:44:14,2026-09-03 09:45:06
IBIT,IBIT260916P00049000,IBIT,2026-09-16,P,49.0,0.0,0.0,0.0,0.0,0.0,0.0,0.0,0.0,0.0,0.0,0.0,0.0,0.0,0.0,0.0,0.0,0.0,no_change,0.0,,0.0,5.34999990463257,44.42,2026-09-03 13:44:14,2026-09-03 09:45:06
IBIT,IBIT260916P00050000,IBIT,2026-09-16,P,50.0,0.0,0.0,0.0,0.0,0.0,0.0,0.0,0.0,0.0,0.0,0.0,0.0,0.0,0.0,0.0,0.0,0.0,no_change,0.0,,0.0,6.32500004768372,44.42,2026-09-03 13:44:14,2026-09-03 09:45:06
IBIT,IBIT260916P00051000,IBIT,2026-09-16,P,51.0,0.0,0.0,0.0,0.0,0.0,0.0,0.0,0.0,0.0,0.0,0.0,0.0,0.0,0.0,0.0,0.0,0.0,no_change,0.0,,0.0,7.29999995231628,44.42,2026-09-03 13:44:14,2026-09-03 09:45:06
IBIT,IBIT260916P00052000,IBIT,2026-09-16,P,52.0,0.0,0.0,0.0,0.0,0.0,0.0,0.0,0.0,0.0,0.0,0.0,0.0,0.0,0.0,0.0,0.0,0.0,no_change,0.0,,0.0,8.2999997138977,44.42,2026-09-03 13:44:14,2026-09-03 09:45:06
IBIT,IBIT260916P00053000,IBIT,2026-09-16,P,53.0,0.0,0.0,0.0,0.0,0.0,0.0,0.0,0.0,0.0,0.0,0.0,0.0,0.0,0.0,0.0,0.0,0.0,no_change,0.0,,0.0,9.40000009536743,44.42,2026-09-03 13:44:14,2026-09-03 09:45:06
IBIT,IBIT260916P00054000,IBIT,2026-09-16,P,54.0,0.0,0.0,0.0,0.0,0.0,0.0,0.0,0.0,0.0,0.0,0.0,0.0,0.0,0.0,0.0,0.0,0.0,no_change,0.0,,0.0,10.4000000953674,44.42,2026-09-03 13:44:14,2026-09-03 09:45:06
IBIT,IBIT260916P00055000,IBIT,2026-09-16,P,55.0,0.0,0.0,0.0,0.0,0.0,0.0,0.0,0.0,0.0,0.0,0.0,0.0,0.0,0.0,0.0,0.0,0.0,no_change,0.0,,0.0,11.5250000953674,44.42,2026-09-03 13:44:14,2026-09-03 09:45:06
IBIT,IBIT260916P00056000,IBIT,2026-09-16,P,56.0,0.0,0.0,0.0,0.0,0.0,0.0,0.0,0.0,0.0,0.0,0.0,0.0,0.0,0.0,0.0,0.0,0.0,no_change,0.0,,0.0,12.5250000953674,44.42,2026-09-03 13:44:14,2026-09-03 09:45:06
IBIT,IBIT260916P00057000,IBIT,2026-09-16,P,57.0,0.0,0.0,0.0,0.0,0.0,0.0,0.0,0.0,0.0,0.0,0.0,0.0,0.0,0.0,0.0,0.0,0.0,no_change,0.0,,0.0,13.5250000953674,44.42,2026-09-03 13:44:14,2026-09-03 09:45:06
IBIT,IBIT260916P00058000,IBIT,2026-09-16,P,58.0,0.0,0.0,0.0,0.0,0.0,0.0,0.0,0.0,0.0,0.0,0.0,0.0,0.0,0.0,0.0,0.0,0.0,no_change,0.0,,0.0,14.5250000953674,44.42,2026-09-03 13:44:14,2026-09-03 09:45:06
IBIT,IBIT260916P00059000,IBIT,2026-09-16,P,59.0,0.0,0.0,0.0,0.0,0.0,0.0,0.0,0.0,0.0,0.0,0.0,0.0,0.0,0.0,0.0,0.0,0.0,no_change,0.0,,0.0,15.5249996185303,44.42,2026-09-03 13:44:14,2026-09-03 09:45:06
IBIT,IBIT260918C00005000,IBIT,2026-09-18,C,5.0,0.0,0.0,0.0,0.0,0.0,1105.0,0.0,0.0,0.0,0.0,0.0,0.0,0.0,0.0,0.0,0.0,0.0,down,38.4,2026-09-02T11:15:49,0.0,38.6750011444092,44.42,2026-09-03 13:44:14,2026-09-03 09:45:06
IBIT,IBIT260918C00010000,IBIT,2026-09-18,C,10.0,0.0,0.0,0.0,0.0,0.0,24.0,0.0,0.0,0.0,0.0,0.0,0.0,0.0,0.0,0.0,0.0,0.0,down,33.43,2026-09-02T11:15:49,0.0,33.7749996185303,44.42,2026-09-03 13:44:14,2026-09-03 09:45:06
IBIT,IBIT260918C00015000,IBIT,2026-09-18,C,15.0,0.0,0.0,0.0,0.0,0.0,12.0,0.0,0.0,0.0,0.0,0.0,0.0,0.0,0.0,0.0,0.0,0.0,down,19.2,2026-06-26T10:35:49,0.0,28.8249998092651,44.42,2026-09-03 13:44:14,2026-09-03 09:45:06
IBIT,IBIT260918C00020000,IBIT,2026-09-18,C,20.0,0.0,0.0,0.0,0.0,0.0,180.0,0.0,0.0,0.0,0.0,0.0,0.0,0.0,0.0,0.0,0.0,0.0,up,25.12,2026-08-28T11:18:53,0.0,23.7250003814697,44.42,2026-09-03 13:44:14,2026-09-03 09:45:06
IBIT,IBIT260918C00021000,IBIT,2026-09-18,C,21.0,0.0,0.0,0.0,0.0,0.0,12.0,0.0,0.0,0.0,0.0,0.0,0.0,0.0,0.0,0.0,0.0,0.0,up,18.12,2026-08-19T12:02:27,0.0,22.7750005722046,44.42,2026-09-03 13:44:14,2026-09-03 09:45:06
IBIT,IBIT260918C00022000,IBIT,2026-09-18,C,22.0,0.0,0.0,0.0,0.0,0.0,52.0,0.0,0.0,0.0,0.0,0.0,0.0,0.0,0.0,0.0,0.0,0.0,up,15.85,2026-08-19T11:16:04,0.0,21.6499996185303,44.42,2026-09-03 13:44:14,2026-09-03 09:45:06
IBIT,IBIT260918C00023000,IBIT,2026-09-18,C,23.0,0.0,0.0,0.0,0.0,0.0,39.0,0.0,0.0,0.0,0.0,0.0,0.0,0.0,0.0,0.0,0.0,0.0,up,21.15,2026-08-28T14:30:28,0.0,20.6499996185303,44.42,2026-09-03 13:44:14,2026-09-03 09:45:06
IBIT,IBIT260918C00024000,IBIT,2026-09-18,C,24.0,0.0,0.0,0.0,0.0,0.0,11.0,0.0,0.0,0.0,0.0,0.0,0.0,0.0,0.0,0.0,0.0,0.0,up,12.53,2026-08-17T13:25:37,0.0,19.6749992370605,44.42,2026-09-03 13:44:14,2026-09-03 09:45:06
IBIT,IBIT260918C00025000,IBIT,2026-09-18,C,25.0,0.0,0.0,0.0,0.0,0.0,321.0,0.0,0.0,0.0,0.0,0.0,0.0,0.0,0.0,0.0,0.0,0.0,no_change,19.25,2026-09-01T11:32:46,0.0,18.6749992370605,44.42,2026-09-03 13:44:14,2026-09-03 09:45:06
IBIT,IBIT260918C00026000,IBIT,2026-09-18,C,26.0,0.0,0.0,0.0,0.0,0.0,264.0,0.0,0.0,0.0,0.0,0.0,0.0,0.0,0.0,0.0,0.0,0.0,up,18.05,2026-08-21T12:56:38,0.0,17.6999998092651,44.42,2026-09-03 13:44:14,2026-09-03 09:45:06
IBIT,IBIT260918C00027000,IBIT,2026-09-18,C,27.0,0.0,0.0,0.0,0.0,0.0,21.0,0.0,0.0,0.0,0.0,0.0,0.0,0.0,0.0,0.0,0.0,0.0,up,16.85,2026-09-02T15:44:48,0.0,16.8000001907349,44.42,2026-09-03 13:44:14,2026-09-03 09:45:06
IBIT,IBIT260918C00028000,IBIT,2026-09-18,C,28.0,0.0,0.0,0.0,0.0,0.0,34.0,0.0,0.0,0.0,0.0,0.0,0.0,0.0,0.0,0.0,0.0,0.0,down,15.56,2026-09-01T14:28:33,0.0,15.6999998092651,44.42,2026-09-03 13:44:14,2026-09-03 09:45:06
IBIT,IBIT260918C00029000,IBIT,2026-09-18,C,29.0,0.0,0.0,0.0,0.0,0.0,46.0,0.0,0.0,0.0,0.0,0.0,0.0,0.0,0.0,0.0,0.0,0.0,down,15.31,2026-08-28T12:11:42,0.0,14.7000002861023,44.42,2026-09-03 13:44:14,2026-09-03 09:45:06
IBIT,IBIT260918C00030000,IBIT,2026-09-18,C,30.0,0.0,0.0,0.0,0.0,0.0,1341.0,0.0,0.0,0.0,0.0,0.0,0.0,0.0,0.0,0.0,0.0,0.0,down,13.61,2026-09-02T15:25:39,0.0,13.875,44.42,2026-09-03 13:44:14,2026-09-03 09:45:06
IBIT,IBIT260918C00031000,IBIT,2026-09-18,C,31.0,0.0,0.0,0.0,0.0,0.0,187.0,0.0,0.0,0.0,0.0,0.0,0.0,0.0,0.0,0.0,0.0,0.0,down,13.11,2026-08-21T13:14:03,0.0,12.7000002861023,44.42,2026-09-03 13:44:14,2026-09-03 09:45:06
IBIT,IBIT260918C00032000,IBIT,2026-09-18,C,32.0,0.0,0.0,0.0,0.0,0.0,352.0,0.0,0.0,0.0,0.0,0.0,0.0,0.0,0.0,0.0,0.0,0.0,up,11.83,2026-09-02T15:25:34,0.0,11.8250002861023,44.42,2026-09-03 13:44:14,2026-09-03 09:45:06
IBIT,IBIT260918C00033000,IBIT,2026-09-18,C,33.0,0.0,0.0,0.0,0.0,0.0,582.0,0.0,0.0,0.0,0.0,0.0,0.0,0.0,0.0,0.0,0.0,0.0,no_change,10.8,2026-09-02T11:26:51,0.0,10.9000000953674,44.42,2026-09-03 13:44:14,2026-09-03 09:45:06
IBIT,IBIT260918C00034000,IBIT,2026-09-18,C,34.0,0.0,0.0,0.0,0.0,0.0,3341.0,0.0,0.0,0.0,0.0,0.0,0.0,0.0,0.0,0.0,0.0,0.0,up,9.95,2026-09-02T14:16:39,0.0,9.90000009536743,44.42,2026-09-03 13:44:14,2026-09-03 09:45:06
IBIT,IBIT260918C00035000,IBIT,2026-09-18,C,35.0,0.0,0.0,0.0,0.0,0.0,17421.0,0.0,0.0,0.0,0.0,0.0,0.0,0.0,0.0,0.0,0.0,0.0,down,8.9,2026-09-02T15:56:45,0.0,8.92500019073486,44.42,2026-09-03 13:44:14,2026-09-03 09:45:06
IBIT,IBIT260918C00036000,IBIT,2026-09-18,C,36.0,0.0,0.0,0.0,0.0,0.0,10412.0,0.0,0.0,0.0,0.0,0.0,0.0,0.0,0.0,0.0,0.0,0.0,down,7.87,2026-09-02T15:46:10,0.0,7.85000014305115,44.42,2026-09-03 13:44:14,2026-09-03 09:45:06
IBIT,IBIT260918C00037000,IBIT,2026-09-18,C,37.0,0.0,0.0,0.0,0.0,0.0,17507.0,0.0,0.0,0.0,0.0,0.0,0.0,0.0,0.0,0.0,0.0,0.0,up,6.9,2026-09-02T15:50:27,0.0,6.89999985694885,44.42,2026-09-03 13:44:14,2026-09-03 09:45:06
IBIT,IBIT260918C00038000,IBIT,2026-09-18,C,38.0,0.0,0.0,0.0,0.0,0.0,28270.0,0.0,0.0,0.0,0.0,0.0,0.0,0.0,0.0,0.0,0.0,0.0,no_change,5.95,2026-09-02T14:46:17,0.0,5.89999985694885,44.42,2026-09-03 13:44:14,2026-09-03 09:45:06
IBIT,IBIT260918C00038500,IBIT,2026-09-18,C,38.5,0.0,0.0,0.0,0.0,0.0,167.0,0.0,0.0,0.0,0.0,0.0,0.0,0.0,0.0,0.0,0.0,0.0,down,5.87,2026-09-01T11:53:10,0.0,5.42499995231628,44.42,2026-09-03 13:44:14,2026-09-03 09:45:06
IBIT,IBIT260918C00039000,IBIT,2026-09-18,C,39.0,0.0,0.0,0.0,0.0,0.0,25507.0,0.0,0.0,0.0,0.0,0.0,0.0,0.0,0.0,0.0,0.0,0.0,up,5.05,2026-09-02T15:15:14,0.0,4.95000004768372,44.42,2026-09-03 13:44:14,2026-09-03 09:45:06
IBIT,IBIT260918C00039500,IBIT,2026-09-18,C,39.5,0.0,0.0,0.0,0.0,0.0,21.0,0.0,0.0,0.0,0.0,0.0,0.0,0.0,0.0,0.0,0.0,0.0,down,4.59,2026-09-02T14:29:33,0.0,4.5,44.42,2026-09-03 13:44:14,2026-09-03 09:45:06
IBIT,IBIT260918C00040000,IBIT,2026-09-18,C,40.0,0.0,0.0,0.0,0.0,0.0,67415.0,0.0,0.0,0.0,0.0,0.0,0.0,0.0,0.0,0.0,0.0,0.0,up,4.1,2026-09-02T15:59:51,0.0,4.04999995231628,44.42,2026-09-03 13:44:14,2026-09-03 09:45:06
IBIT,IBIT260918C00040500,IBIT,2026-09-18,C,40.5,0.0,0.0,0.0,0.0,0.0,29.0,0.0,0.0,0.0,0.0,0.0,0.0,0.0,0.0,0.0,0.0,0.0,up,3.68,2026-09-01T15:58:07,0.0,3.60000002384186,44.42,2026-09-03 13:44:14,2026-09-03 09:45:06
IBIT,IBIT260918C00041000,IBIT,2026-09-18,C,41.0,0.0,0.0,0.0,0.0,0.0,11013.0,0.0,0.0,0.0,0.0,0.0,0.0,0.0,0.0,0.0,0.0,0.0,no_change,3.15,2026-09-02T15:41:41,0.0,3.17500007152557,44.42,2026-09-03 13:44:14,2026-09-03 09:45:06
IBIT,IBIT260918C00041500,IBIT,2026-09-18,C,41.5,0.0,0.0,0.0,0.0,0.0,58.0,0.0,0.0,0.0,0.0,0.0,0.0,0.0,0.0,0.0,0.0,0.0,down,2.79,2026-09-02T12:53:46,0.0,2.75999999046326,44.42,2026-09-03 13:44:14,2026-09-03 09:45:06
IBIT,IBIT260918C00042000,IBIT,2026-09-18,C,42.0,0.0,0.0,0.0,0.0,0.0,32337.0,0.0,0.0,0.0,0.0,0.0,0.0,0.0,0.0,0.0,0.0,0.0,down,2.41,2026-09-02T14:45:24,0.0,2.38999998569489,44.42,2026-09-03 13:44:14,2026-09-03 09:45:06
IBIT,IBIT260918C00042500,IBIT,2026-09-18,C,42.5,0.0,0.0,0.0,0.0,0.0,231.0,0.0,0.0,0.0,0.0,0.0,0.0,0.0,0.0,0.0,0.0,0.0,up,2.05,2026-09-02T13:44:45,0.0,2.03999996185303,44.42,2026-09-03 13:44:14,2026-09-03 09:45:06
IBIT,IBIT260918C00043000,IBIT,2026-09-18,C,43.0,0.0,0.0,0.0,0.0,0.0,23206.0,0.0,0.0,0.0,0.0,0.0,0.0,0.0,0.0,0.0,0.0,0.0,no_change,1.73,2026-09-02T15:57:49,0.0,1.73000001907349,44.42,2026-09-03 13:44:14,2026-09-03 09:45:06
IBIT,IBIT260918C00044000,IBIT,2026-09-18,C,44.0,0.0,0.0,0.0,0.0,0.0,30196.0,0.0,0.0,0.0,0.0,0.0,0.0,0.0,0.0,0.0,0.0,0.0,down,1.17,2026-09-02T15:56:06,0.0,1.20000004768372,44.42,2026-09-03 13:44:14,2026-09-03 09:45:06
IBIT,IBIT260918C00045000,IBIT,2026-09-18,C,45.0,0.0,0.0,0.0,0.0,0.0,62473.0,0.0,0.0,0.0,0.0,0.0,0.0,0.0,0.0,0.0,0.0,0.0,up,0.82,2026-09-02T15:59:45,0.0,0.805000007152557,44.42,2026-09-03 13:44:14,2026-09-03 09:45:06
IBIT,IBIT260918C00046000,IBIT,2026-09-18,C,46.0,0.0,0.0,0.0,0.0,0.0,26312.0,0.0,0.0,0.0,0.0,0.0,0.0,0.0,0.0,0.0,0.0,0.0,no_change,0.54,2026-09-02T15:59:41,0.0,0.524999976158142,44.42,2026-09-03 13:44:14,2026-09-03 09:45:06
IBIT,IBIT260918C00047000,IBIT,2026-09-18,C,47.0,0.0,0.0,0.0,0.0,0.0,16592.0,0.0,0.0,0.0,0.0,0.0,0.0,0.0,0.0,0.0,0.0,0.0,no_change,0.34,2026-09-02T15:59:23,0.0,0.344999998807907,44.42,2026-09-03 13:44:14,2026-09-03 09:45:06
IBIT,IBIT260918C00048000,IBIT,2026-09-18,C,48.0,0.0,0.0,0.0,0.0,0.0,32180.0,0.0,0.0,0.0,0.0,0.0,0.0,0.0,0.0,0.0,0.0,0.0,down,0.22,2026-09-02T15:57:46,0.0,0.225000001490116,44.42,2026-09-03 13:44:14,2026-09-03 09:45:06
IBIT,IBIT260918C00049000,IBIT,2026-09-18,C,49.0,0.0,0.0,0.0,0.0,0.0,8397.0,0.0,0.0,0.0,0.0,0.0,0.0,0.0,0.0,0.0,0.0,0.0,no_change,0.14,2026-09-02T15:58:03,0.0,0.145000003278255,44.42,2026-09-03 13:44:14,2026-09-03 09:45:06
IBIT,IBIT260918C00050000,IBIT,2026-09-18,C,50.0,0.0,0.0,0.0,0.0,0.0,34939.0,0.0,0.0,0.0,0.0,0.0,0.0,0.0,0.0,0.0,0.0,0.0,no_change,0.1,2026-09-02T15:53:29,0.0,0.105000000447035,44.42,2026-09-03 13:44:14,2026-09-03 09:45:06
IBIT,IBIT260918C00051000,IBIT,2026-09-18,C,51.0,0.0,0.0,0.0,0.0,0.0,12422.0,0.0,0.0,0.0,0.0,0.0,0.0,0.0,0.0,0.0,0.0,0.0,up,0.08,2026-09-02T10:16:49,0.0,0.0749999992549419,44.42,2026-09-03 13:44:14,2026-09-03 09:45:06
IBIT,IBIT260918C00052000,IBIT,2026-09-18,C,52.0,0.0,0.0,0.0,0.0,0.0,5382.0,0.0,0.0,0.0,0.0,0.0,0.0,0.0,0.0,0.0,0.0,0.0,no_change,0.05,2026-09-02T15:42:22,0.0,0.0549999997019768,44.42,2026-09-03 13:44:14,2026-09-03 09:45:06
IBIT,IBIT260918C00053000,IBIT,2026-09-18,C,53.0,0.0,0.0,0.0,0.0,0.0,5122.0,0.0,0.0,0.0,0.0,0.0,0.0,0.0,0.0,0.0,0.0,0.0,no_change,0.05,2026-09-02T12:13:30,0.0,0.0449999999254942,44.42,2026-09-03 13:44:14,2026-09-03 09:45:06
IBIT,IBIT260918C00054000,IBIT,2026-09-18,C,54.0,0.0,0.0,0.0,0.0,0.0,7381.0,0.0,0.0,0.0,0.0,0.0,0.0,0.0,0.0,0.0,0.0,0.0,no_change,0.04,2026-09-02T12:30:56,0.0,0.034999999217689,44.42,2026-09-03 13:44:14,2026-09-03 09:45:06
IBIT,IBIT260918C00055000,IBIT,2026-09-18,C,55.0,0.0,0.0,0.0,0.0,0.0,35416.0,0.0,0.0,0.0,0.0,0.0,0.0,0.0,0.0,0.0,0.0,0.0,no_change,0.03,2026-09-02T15:57:01,0.0,0.034999999217689,44.42,2026-09-03 13:44:14,2026-09-03 09:45:06
IBIT,IBIT260918C00056000,IBIT,2026-09-18,C,56.0,0.0,0.0,0.0,0.0,0.0,4305.0,0.0,0.0,0.0,0.0,0.0,0.0,0.0,0.0,0.0,0.0,0.0,no_change,0.03,2026-09-02T13:44:52,0.0,0.0249999994412065,44.42,2026-09-03 13:44:14,2026-09-03 09:45:06
IBIT,IBIT260918C00057000,IBIT,2026-09-18,C,57.0,0.0,0.0,0.0,0.0,0.0,1176.0,0.0,0.0,0.0,0.0,0.0,0.0,0.0,0.0,0.0,0.0,0.0,no_change,0.03,2026-09-02T13:36:41,0.0,0.0249999994412065,44.42,2026-09-03 13:44:14,2026-09-03 09:45:06
IBIT,IBIT260918C00058000,IBIT,2026-09-18,C,58.0,0.0,0.0,0.0,0.0,0.0,1205.0,0.0,0.0,0.0,0.0,0.0,0.0,0.0,0.0,0.0,0.0,0.0,up,0.03,2026-09-01T15:59:49,0.0,0.0249999994412065,44.42,2026-09-03 13:44:14,2026-09-03 09:45:06
IBIT,IBIT260918C00059000,IBIT,2026-09-18,C,59.0,0.0,0.0,0.0,0.0,0.0,1426.0,0.0,0.0,0.0,0.0,0.0,0.0,0.0,0.0,0.0,0.0,0.0,no_change,0.02,2026-09-02T13:46:02,0.0,0.0249999994412065,44.42,2026-09-03 13:44:14,2026-09-03 09:45:06
IBIT,IBIT260918C00060000,IBIT,2026-09-18,C,60.0,0.0,0.0,0.0,0.0,0.0,25073.0,0.0,0.0,0.0,0.0,0.0,0.0,0.0,0.0,0.0,0.0,0.0,no_change,0.01,2026-09-02T14:55:01,0.0,0.0149999996647239,44.42,2026-09-03 13:44:14,2026-09-03 09:45:06
IBIT,IBIT260918C00065000,IBIT,2026-09-18,C,65.0,0.0,0.0,0.0,0.0,0.0,34089.0,0.0,0.0,0.0,0.0,0.0,0.0,0.0,0.0,0.0,0.0,0.0,no_change,0.02,2026-09-02T15:29:32,0.0,0.0149999996647239,44.42,2026-09-03 13:44:14,2026-09-03 09:45:06
IBIT,IBIT260918C00070000,IBIT,2026-09-18,C,70.0,0.0,0.0,0.0,0.0,0.0,21430.0,0.0,0.0,0.0,0.0,0.0,0.0,0.0,0.0,0.0,0.0,0.0,no_change,0.01,2026-09-02T13:37:08,0.0,0.00499999988824129,44.42,2026-09-03 13:44:14,2026-09-03 09:45:06
IBIT,IBIT260918C00075000,IBIT,2026-09-18,C,75.0,0.0,0.0,0.0,0.0,0.0,3525.0,0.0,0.0,0.0,0.0,0.0,0.0,0.0,0.0,0.0,0.0,0.0,no_change,0.01,2026-09-02T09:36:42,0.0,0.00499999988824129,44.42,2026-09-03 13:44:14,2026-09-03 09:45:06
IBIT,IBIT260918C00080000,IBIT,2026-09-18,C,80.0,0.0,0.0,0.0,0.0,0.0,11600.0,0.0,0.0,0.0,0.0,0.0,0.0,0.0,0.0,0.0,0.0,0.0,down,0.01,2026-08-26T10:12:34,0.0,0.00499999988824129,44.42,2026-09-03 13:44:14,2026-09-03 09:45:06
IBIT,IBIT260918C00085000,IBIT,2026-09-18,C,85.0,0.0,0.0,0.0,0.0,0.0,4581.0,0.0,0.0,0.0,0.0,0.0,0.0,0.0,0.0,0.0,0.0,0.0,up,0.02,2026-08-27T10:02:22,0.0,0.00499999988824129,44.42,2026-09-03 13:44:14,2026-09-03 09:45:06
IBIT,IBIT260918C00090000,IBIT,2026-09-18,C,90.0,0.0,0.0,0.0,0.0,0.0,10274.0,0.0,0.0,0.0,0.0,0.0,0.0,0.0,0.0,0.0,0.0,0.0,no_change,0.02,2026-08-27T15:47:44,0.0,0.00499999988824129,44.42,2026-09-03 13:44:14,2026-09-03 09:45:06
IBIT,IBIT260918C00095000,IBIT,2026-09-18,C,95.0,0.0,0.0,0.0,0.0,0.0,8371.0,0.0,0.0,0.0,0.0,0.0,0.0,0.0,0.0,0.0,0.0,0.0,no_change,0.01,2026-08-27T15:47:44,0.0,0.00499999988824129,44.42,2026-09-03 13:44:14,2026-09-03 09:45:06
IBIT,IBIT260918C00100000,IBIT,2026-09-18,C,100.0,0.0,0.0,0.0,0.0,0.0,16999.0,0.0,0.0,0.0,0.0,0.0,0.0,0.0,0.0,0.0,0.0,0.0,no_change,0.01,2026-08-26T10:20:55,0.0,0.00499999988824129,44.42,2026-09-03 13:44:14,2026-09-03 09:45:06
IBIT,IBIT260918C00105000,IBIT,2026-09-18,C,105.0,0.0,0.0,0.0,0.0,0.0,14345.0,0.0,0.0,0.0,0.0,0.0,0.0,0.0,0.0,0.0,0.0,0.0,no_change,0.01,2026-08-26T10:05:51,0.0,0.00499999988824129,44.42,2026-09-03 13:44:14,2026-09-03 09:45:06
IBIT,IBIT260918P00005000,IBIT,2026-09-18,P,5.0,0.0,0.0,0.0,0.0,0.0,471.0,0.0,0.0,0.0,0.0,0.0,0.0,0.0,0.0,0.0,0.0,0.0,up,0.11,2026-08-26T09:30:00,0.0,0.00499999988824129,44.42,2026-09-03 13:44:14,2026-09-03 09:45:06
IBIT,IBIT260918P00010000,IBIT,2026-09-18,P,10.0,0.0,0.0,0.0,0.0,0.0,1550.0,0.0,0.0,0.0,0.0,0.0,0.0,0.0,0.0,0.0,0.0,0.0,no_change,0.01,2026-09-01T11:41:03,0.0,0.00499999988824129,44.42,2026-09-03 13:44:14,2026-09-03 09:45:06
IBIT,IBIT260918P00015000,IBIT,2026-09-18,P,15.0,0.0,0.0,0.0,0.0,0.0,12230.0,0.0,0.0,0.0,0.0,0.0,0.0,0.0,0.0,0.0,0.0,0.0,down,0.01,2026-08-27T15:45:45,0.0,0.00499999988824129,44.42,2026-09-03 13:44:14,2026-09-03 09:45:06
IBIT,IBIT260918P00020000,IBIT,2026-09-18,P,20.0,0.0,0.0,0.0,0.0,0.0,13683.0,0.0,0.0,0.0,0.0,0.0,0.0,0.0,0.0,0.0,0.0,0.0,no_change,0.01,2026-09-01T10:25:43,0.0,0.00499999988824129,44.42,2026-09-03 13:44:14,2026-09-03 09:45:06
IBIT,IBIT260918P00021000,IBIT,2026-09-18,P,21.0,0.0,0.0,0.0,0.0,0.0,513.0,0.0,0.0,0.0,0.0,0.0,0.0,0.0,0.0,0.0,0.0,0.0,no_change,0.01,2026-08-31T10:01:38,0.0,0.00499999988824129,44.42,2026-09-03 13:44:14,2026-09-03 09:45:06
IBIT,IBIT260918P00022000,IBIT,2026-09-18,P,22.0,0.0,0.0,0.0,0.0,0.0,3682.0,0.0,0.0,0.0,0.0,0.0,0.0,0.0,0.0,0.0,0.0,0.0,no_change,0.01,2026-09-01T14:16:34,0.0,0.00499999988824129,44.42,2026-09-03 13:44:14,2026-09-03 09:45:06
IBIT,IBIT260918P00023000,IBIT,2026-09-18,P,23.0,0.0,0.0,0.0,0.0,0.0,1644.0,0.0,0.0,0.0,0.0,0.0,0.0,0.0,0.0,0.0,0.0,0.0,no_change,0.01,2026-09-01T14:51:14,0.0,0.00499999988824129,44.42,2026-09-03 13:44:14,2026-09-03 09:45:06
IBIT,IBIT260918P00024000,IBIT,2026-09-18,P,24.0,0.0,0.0,0.0,0.0,0.0,17349.0,0.0,0.0,0.0,0.0,0.0,0.0,0.0,0.0,0.0,0.0,0.0,no_change,0.02,2026-08-31T11:05:12,0.0,0.00499999988824129,44.42,2026-09-03 13:44:14,2026-09-03 09:45:06
IBIT,IBIT260918P00025000,IBIT,2026-09-18,P,25.0,0.0,0.0,0.0,0.0,0.0,42600.0,0.0,0.0,0.0,0.0,0.0,0.0,0.0,0.0,0.0,0.0,0.0,no_change,0.01,2026-09-02T15:53:21,0.0,0.0149999996647239,44.42,2026-09-03 13:44:14,2026-09-03 09:45:06
IBIT,IBIT260918P00026000,IBIT,2026-09-18,P,26.0,0.0,0.0,0.0,0.0,0.0,10190.0,0.0,0.0,0.0,0.0,0.0,0.0,0.0,0.0,0.0,0.0,0.0,no_change,0.02,2026-09-01T15:56:59,0.0,0.0149999996647239,44.42,2026-09-03 13:44:14,2026-09-03 09:45:06
IBIT,IBIT260918P00027000,IBIT,2026-09-18,P,27.0,0.0,0.0,0.0,0.0,0.0,16451.0,0.0,0.0,0.0,0.0,0.0,0.0,0.0,0.0,0.0,0.0,0.0,no_change,0.02,2026-09-01T14:16:34,0.0,0.0149999996647239,44.42,2026-09-03 13:44:14,2026-09-03 09:45:06
IBIT,IBIT260918P00028000,IBIT,2026-09-18,P,28.0,0.0,0.0,0.0,0.0,0.0,6470.0,0.0,0.0,0.0,0.0,0.0,0.0,0.0,0.0,0.0,0.0,0.0,no_change,0.02,2026-09-02T15:01:05,0.0,0.0149999996647239,44.42,2026-09-03 13:44:14,2026-09-03 09:45:06
IBIT,IBIT260918P00029000,IBIT,2026-09-18,P,29.0,0.0,0.0,0.0,0.0,0.0,13062.0,0.0,0.0,0.0,0.0,0.0,0.0,0.0,0.0,0.0,0.0,0.0,down,0.02,2026-09-02T14:59:47,0.0,0.0149999996647239,44.42,2026-09-03 13:44:14,2026-09-03 09:45:06
IBIT,IBIT260918P00030000,IBIT,2026-09-18,P,30.0,0.0,0.0,0.0,0.0,0.0,51239.0,0.0,0.0,0.0,0.0,0.0,0.0,0.0,0.0,0.0,0.0,0.0,no_change,0.03,2026-09-02T14:54:09,0.0,0.0249999994412065,44.42,2026-09-03 13:44:14,2026-09-03 09:45:06
IBIT,IBIT260918P00031000,IBIT,2026-09-18,P,31.0,0.0,0.0,0.0,0.0,0.0,2594.0,0.0,0.0,0.0,0.0,0.0,0.0,0.0,0.0,0.0,0.0,0.0,no_change,0.02,2026-09-02T14:15:14,0.0,0.0299999993294477,44.42,2026-09-03 13:44:14,2026-09-03 09:45:06
IBIT,IBIT260918P00032000,IBIT,2026-09-18,P,32.0,0.0,0.0,0.0,0.0,0.0,11214.0,0.0,0.0,0.0,0.0,0.0,0.0,0.0,0.0,0.0,0.0,0.0,down,0.03,2026-09-02T15:03:14,0.0,0.034999999217689,44.42,2026-09-03 13:44:14,2026-09-03 09:45:06
IBIT,IBIT260918P00033000,IBIT,2026-09-18,P,33.0,0.0,0.0,0.0,0.0,0.0,11614.0,0.0,0.0,0.0,0.0,0.0,0.0,0.0,0.0,0.0,0.0,0.0,down,0.04,2026-09-02T11:50:49,0.0,0.0400000000372529,44.42,2026-09-03 13:44:14,2026-09-03 09:45:06
IBIT,IBIT260918P00034000,IBIT,2026-09-18,P,34.0,0.0,0.0,0.0,0.0,0.0,20914.0,0.0,0.0,0.0,0.0,0.0,0.0,0.0,0.0,0.0,0.0,0.0,no_change,0.05,2026-09-02T15:01:05,0.0,0.0499999988824129,44.42,2026-09-03 13:44:14,2026-09-03 09:45:06
IBIT,IBIT260918P00035000,IBIT,2026-09-18,P,35.0,0.0,0.0,0.0,0.0,0.0,37739.0,0.0,0.0,0.0,0.0,0.0,0.0,0.0,0.0,0.0,0.0,0.0,down,0.05,2026-09-02T15:53:58,0.0,0.0549999997019768,44.42,2026-09-03 13:44:14,2026-09-03 09:45:06
IBIT,IBIT260918P00036000,IBIT,2026-09-18,P,36.0,0.0,0.0,0.0,0.0,0.0,25582.0,0.0,0.0,0.0,0.0,0.0,0.0,0.0,0.0,0.0,0.0,0.0,no_change,0.07,2026-09-02T15:39:28,0.0,0.0749999992549419,44.42,2026-09-03 13:44:14,2026-09-03 09:45:06
IBIT,IBIT260918P00037000,IBIT,2026-09-18,P,37.0,0.0,0.0,0.0,0.0,0.0,12259.0,0.0,0.0,0.0,0.0,0.0,0.0,0.0,0.0,0.0,0.0,0.0,down,0.08,2026-09-02T15:09:02,0.0,0.0850000008940697,44.42,2026-09-03 13:44:14,2026-09-03 09:45:06
IBIT,IBIT260918P00038000,IBIT,2026-09-18,P,38.0,0.0,0.0,0.0,0.0,0.0,20550.0,0.0,0.0,0.0,0.0,0.0,0.0,0.0,0.0,0.0,0.0,0.0,no_change,0.12,2026-09-02T14:08:01,0.0,0.114999998360872,44.42,2026-09-03 13:44:14,2026-09-03 09:45:06
IBIT,IBIT260918P00038500,IBIT,2026-09-18,P,38.5,0.0,0.0,0.0,0.0,0.0,3959.0,0.0,0.0,0.0,0.0,0.0,0.0,0.0,0.0,0.0,0.0,0.0,down,0.13,2026-09-02T12:35:37,0.0,0.129999998956919,44.42,2026-09-03 13:44:14,2026-09-03 09:45:06
IBIT,IBIT260918P00039000,IBIT,2026-09-18,P,39.0,0.0,0.0,0.0,0.0,0.0,11788.0,0.0,0.0,0.0,0.0,0.0,0.0,0.0,0.0,0.0,0.0,0.0,no_change,0.14,2026-09-02T15:20:15,0.0,0.155000001192093,44.42,2026-09-03 13:44:14,2026-09-03 09:45:06
IBIT,IBIT260918P00039500,IBIT,2026-09-18,P,39.5,0.0,0.0,0.0,0.0,0.0,4831.0,0.0,0.0,0.0,0.0,0.0,0.0,0.0,0.0,0.0,0.0,0.0,down,0.18,2026-09-02T12:55:25,0.0,0.185000002384186,44.42,2026-09-03 13:44:14,2026-09-03 09:45:06
IBIT,IBIT260918P00040000,IBIT,2026-09-18,P,40.0,0.0,0.0,0.0,0.0,0.0,52695.0,0.0,0.0,0.0,0.0,0.0,0.0,0.0,0.0,0.0,0.0,0.0,up,0.24,2026-09-02T15:34:55,0.0,0.229999996721745,44.42,2026-09-03 13:44:14,2026-09-03 09:45:06
IBIT,IBIT260918P00040500,IBIT,2026-09-18,P,40.5,0.0,0.0,0.0,0.0,0.0,1517.0,0.0,0.0,0.0,0.0,0.0,0.0,0.0,0.0,0.0,0.0,0.0,no_change,0.28,2026-09-02T15:16:04,0.0,0.284999996423721,44.42,2026-09-03 13:44:14,2026-09-03 09:45:06
IBIT,IBIT260918P00041000,IBIT,2026-09-18,P,41.0,0.0,0.0,0.0,0.0,0.0,14058.0,0.0,0.0,0.0,0.0,0.0,0.0,0.0,0.0,0.0,0.0,0.0,no_change,0.36,2026-09-02T15:44:41,0.0,0.359999999403954,44.42,2026-09-03 13:44:14,2026-09-03 09:45:06
IBIT,IBIT260918P00041500,IBIT,2026-09-18,P,41.5,0.0,0.0,0.0,0.0,0.0,3347.0,0.0,0.0,0.0,0.0,0.0,0.0,0.0,0.0,0.0,0.0,0.0,no_change,0.45,2026-09-02T15:45:04,0.0,0.454999998211861,44.42,2026-09-03 13:44:14,2026-09-03 09:45:06
IBIT,IBIT260918P00042000,IBIT,2026-09-18,P,42.0,0.0,0.0,0.0,0.0,0.0,15558.0,0.0,0.0,0.0,0.0,0.0,0.0,0.0,0.0,0.0,0.0,0.0,no_change,0.57,2026-09-02T15:59:29,0.0,0.5799999833107,44.42,2026-09-03 13:44:14,2026-09-03 09:45:06
IBIT,IBIT260918P00042500,IBIT,2026-09-18,P,42.5,0.0,0.0,0.0,0.0,0.0,3651.0,0.0,0.0,0.0,0.0,0.0,0.0,0.0,0.0,0.0,0.0,0.0,no_change,0.74,2026-09-02T15:55:25,0.0,0.735000014305115,44.42,2026-09-03 13:44:14,2026-09-03 09:45:06
IBIT,IBIT260918P00043000,IBIT,2026-09-18,P,43.0,0.0,0.0,0.0,0.0,0.0,12278.0,0.0,0.0,0.0,0.0,0.0,0.0,0.0,0.0,0.0,0.0,0.0,up,0.92,2026-09-02T15:54:08,0.0,0.9200000166893,44.42,2026-09-03 13:44:14,2026-09-03 09:45:06
IBIT,IBIT260918P00044000,IBIT,2026-09-18,P,44.0,0.0,0.0,0.0,0.0,0.0,14548.0,0.0,0.0,0.0,0.0,0.0,0.0,0.0,0.0,0.0,0.0,0.0,down,1.41,2026-09-02T15:56:35,0.0,1.39499998092651,44.42,2026-09-03 13:44:14,2026-09-03 09:45:06
IBIT,IBIT260918P00045000,IBIT,2026-09-18,P,45.0,0.0,0.0,0.0,0.0,0.0,27862.0,0.0,0.0,0.0,0.0,0.0,0.0,0.0,0.0,0.0,0.0,0.0,up,2.03,2026-09-02T15:56:46,0.0,1.99500000476837,44.42,2026-09-03 13:44:14,2026-09-03 09:45:06
IBIT,IBIT260918P00046000,IBIT,2026-09-18,P,46.0,0.0,0.0,0.0,0.0,0.0,2665.0,0.0,0.0,0.0,0.0,0.0,0.0,0.0,0.0,0.0,0.0,0.0,down,2.71,2026-09-02T15:47:07,0.0,2.72000002861023,44.42,2026-09-03 13:44:14,2026-09-03 09:45:06
IBIT,IBIT260918P00047000,IBIT,2026-09-18,P,47.0,0.0,0.0,0.0,0.0,0.0,412.0,0.0,0.0,0.0,0.0,0.0,0.0,0.0,0.0,0.0,0.0,0.0,up,3.4,2026-09-02T12:26:22,0.0,3.54999995231628,44.42,2026-09-03 13:44:14,2026-09-03 09:45:06
IBIT,IBIT260918P00048000,IBIT,2026-09-18,P,48.0,0.0,0.0,0.0,0.0,0.0,81.0,0.0,0.0,0.0,0.0,0.0,0.0,0.0,0.0,0.0,0.0,0.0,no_change,4.55,2026-09-02T11:18:46,0.0,4.45000004768372,44.42,2026-09-03 13:44:14,2026-09-03 09:45:06
IBIT,IBIT260918P00049000,IBIT,2026-09-18,P,49.0,0.0,0.0,0.0,0.0,0.0,865.0,0.0,0.0,0.0,0.0,0.0,0.0,0.0,0.0,0.0,0.0,0.0,down,5.3,2026-09-02T12:37:09,0.0,5.375,44.42,2026-09-03 13:44:14,2026-09-03 09:45:06
IBIT,IBIT260918P00050000,IBIT,2026-09-18,P,50.0,0.0,0.0,0.0,0.0,0.0,600.0,0.0,0.0,0.0,0.0,0.0,0.0,0.0,0.0,0.0,0.0,0.0,down,6.32,2026-09-02T13:11:18,0.0,6.32500004768372,44.42,2026-09-03 13:44:14,2026-09-03 09:45:06
IBIT,IBIT260918P00051000,IBIT,2026-09-18,P,51.0,0.0,0.0,0.0,0.0,0.0,1.0,0.0,0.0,0.0,0.0,0.0,0.0,0.0,0.0,0.0,0.0,0.0,down,6.67,2026-09-01T10:49:49,0.0,7.29999995231628,44.42,2026-09-03 13:44:14,2026-09-03 09:45:06
IBIT,IBIT260918P00052000,IBIT,2026-09-18,P,52.0,0.0,0.0,0.0,0.0,0.0,29.0,0.0,0.0,0.0,0.0,0.0,0.0,0.0,0.0,0.0,0.0,0.0,no_change,8.17,2026-09-02T14:10:41,0.0,8.30000019073486,44.42,2026-09-03 13:44:14,2026-09-03 09:45:06
IBIT,IBIT260918P00053000,IBIT,2026-09-18,P,53.0,0.0,0.0,0.0,0.0,0.0,0.0,0.0,0.0,0.0,0.0,0.0,0.0,0.0,0.0,0.0,0.0,0.0,up,8.79,2026-08-26T12:35:46,0.0,9.40000009536743,44.42,2026-09-03 13:44:14,2026-09-03 09:45:06
IBIT,IBIT260918P00054000,IBIT,2026-09-18,P,54.0,0.0,0.0,0.0,0.0,0.0,4.0,0.0,0.0,0.0,0.0,0.0,0.0,0.0,0.0,0.0,0.0,0.0,up,9.02,2026-08-28T11:03:22,0.0,10.4000000953674,44.42,2026-09-03 13:44:14,2026-09-03 09:45:06
IBIT,IBIT260918P00055000,IBIT,2026-09-18,P,55.0,0.0,0.0,0.0,0.0,0.0,22.0,0.0,0.0,0.0,0.0,0.0,0.0,0.0,0.0,0.0,0.0,0.0,no_change,10.8,2026-08-31T10:10:14,0.0,11.3499999046326,44.42,2026-09-03 13:44:14,2026-09-03 09:45:06
IBIT,IBIT260918P00056000,IBIT,2026-09-18,P,56.0,0.0,0.0,0.0,0.0,0.0,1.0,0.0,0.0,0.0,0.0,0.0,0.0,0.0,0.0,0.0,0.0,0.0,up,12.4,2026-09-02T10:25:17,0.0,12.3250002861023,44.42,2026-09-03 13:44:14,2026-09-03 09:45:06
IBIT,IBIT260918P00057000,IBIT,2026-09-18,P,57.0,0.0,0.0,0.0,0.0,0.0,1.0,0.0,0.0,0.0,0.0,0.0,0.0,0.0,0.0,0.0,0.0,0.0,up,12.25,2026-08-31T13:41:31,0.0,13.375,44.42,2026-09-03 13:44:14,2026-09-03 09:45:06
IBIT,IBIT260918P00058000,IBIT,2026-09-18,P,58.0,0.0,0.0,0.0,0.0,0.0,0.0,0.0,0.0,0.0,0.0,0.0,0.0,0.0,0.0,0.0,0.0,0.0,up,21.55,2026-06-17T15:24:48,0.0,14.4000000953674,44.42,2026-09-03 13:44:14,2026-09-03 09:45:06
IBIT,IBIT260918P00059000,IBIT,2026-09-18,P,59.0,0.0,0.0,0.0,0.0,0.0,0.0,0.0,0.0,0.0,0.0,0.0,0.0,0.0,0.0,0.0,0.0,0.0,down,14.25,2026-08-31T13:41:31,0.0,15.4000000953674,44.42,2026-09-03 13:44:14,2026-09-03 09:45:06
IBIT,IBIT260918P00060000,IBIT,2026-09-18,P,60.0,0.0,0.0,0.0,0.0,0.0,1.0,0.0,0.0,0.0,0.0,0.0,0.0,0.0,0.0,0.0,0.0,0.0,up,16.27,2026-09-02T10:45:06,0.0,16.3249998092651,44.42,2026-09-03 13:44:14,2026-09-03 09:45:06
IBIT,IBIT260918P00065000,IBIT,2026-09-18,P,65.0,0.0,0.0,0.0,0.0,0.0,0.0,0.0,0.0,0.0,0.0,0.0,0.0,0.0,0.0,0.0,0.0,0.0,up,28.78,2026-08-10T12:22:01,0.0,21.3499994277954,44.42,2026-09-03 13:44:14,2026-09-03 09:45:06
IBIT,IBIT260918P00070000,IBIT,2026-09-18,P,70.0,0.0,0.0,0.0,0.0,0.0,0.0,0.0,0.0,0.0,0.0,0.0,0.0,0.0,0.0,0.0,0.0,0.0,down,25.7,2026-08-31T10:49:09,0.0,26.2749996185303,44.42,2026-09-03 13:44:14,2026-09-03 09:45:06
IBIT,IBIT260918P00075000,IBIT,2026-09-18,P,75.0,0.0,0.0,0.0,0.0,0.0,0.0,0.0,0.0,0.0,0.0,0.0,0.0,0.0,0.0,0.0,0.0,0.0,up,38.95,2026-08-13T10:25:10,0.0,31.3499994277954,44.42,2026-09-03 13:44:14,2026-09-03 09:45:06
IBIT,IBIT260918P00080000,IBIT,2026-09-18,P,80.0,0.0,0.0,0.0,0.0,0.0,0.0,0.0,0.0,0.0,0.0,0.0,0.0,0.0,0.0,0.0,0.0,0.0,down,38.05,2026-03-04T14:19:21,0.0,36.3500003814697,44.42,2026-09-03 13:44:14,2026-09-03 09:45:06
IBIT,IBIT260918P00085000,IBIT,2026-09-18,P,85.0,0.0,0.0,0.0,0.0,0.0,0.0,0.0,0.0,0.0,0.0,0.0,0.0,0.0,0.0,0.0,0.0,0.0,up,45.69,2026-02-10T11:23:19,0.0,41.3500003814697,44.42,2026-09-03 13:44:14,2026-09-03 09:45:06
IBIT,IBIT260918P00090000,IBIT,2026-09-18,P,90.0,0.0,0.0,0.0,0.0,0.0,0.0,0.0,0.0,0.0,0.0,0.0,0.0,0.0,0.0,0.0,0.0,0.0,no_change,39.2,2026-01-20T15:22:04,0.0,46.3500003814697,44.42,2026-09-03 13:44:14,2026-09-03 09:45:06
IBIT,IBIT260918P00095000,IBIT,2026-09-18,P,95.0,0.0,0.0,0.0,0.0,0.0,0.0,0.0,0.0,0.0,0.0,0.0,0.0,0.0,0.0,0.0,0.0,0.0,down,39.65,2026-01-14T15:06:58,0.0,51.3500003814697,44.42,2026-09-03 13:44:14,2026-09-03 09:45:06
IBIT,IBIT260918P00100000,IBIT,2026-09-18,P,100.0,0.0,0.0,0.0,0.0,0.0,0.0,0.0,0.0,0.0,0.0,0.0,0.0,0.0,0.0,0.0,0.0,0.0,no_change,49.94,2025-12-30T14:01:49,0.0,56.3500003814697,44.42,2026-09-03 13:44:14,2026-09-03 09:45:06
IBIT,IBIT260918P00105000,IBIT,2026-09-18,P,105.0,0.0,0.0,0.0,0.0,0.0,0.0,0.0,0.0,0.0,0.0,0.0,0.0,0.0,0.0,0.0,0.0,0.0,down,59.75,2026-08-27T10:34:10,0.0,61.3500003814697,44.42,2026-09-03 13:44:14,2026-09-03 09:45:06
IBIT,IBIT260925C00020000,IBIT,2026-09-25,C,20.0,0.0,0.0,0.0,0.0,0.0,4.0,0.0,0.0,0.0,0.0,0.0,0.0,0.0,0.0,0.0,0.0,0.0,down,23.95,2026-09-02T10:09:10,0.0,23.9749994277954,44.42,2026-09-03 13:44:14,2026-09-03 09:45:06
IBIT,IBIT260925C00025000,IBIT,2026-09-25,C,25.0,0.0,0.0,0.0,0.0,0.0,0.0,0.0,0.0,0.0,0.0,0.0,0.0,0.0,0.0,0.0,0.0,0.0,no_change,0.0,,0.0,19.3499994277954,44.42,2026-09-03 13:44:14,2026-09-03 09:45:06
IBIT,IBIT260925C00029000,IBIT,2026-09-25,C,29.0,0.0,0.0,0.0,0.0,0.0,6.0,0.0,0.0,0.0,0.0,0.0,0.0,0.0,0.0,0.0,0.0,0.0,up,14.92,2026-09-02T15:50:55,0.0,14.9499998092651,44.42,2026-09-03 13:44:14,2026-09-03 09:45:06
IBIT,IBIT260925C00030000,IBIT,2026-09-25,C,30.0,0.0,0.0,0.0,0.0,0.0,90.0,0.0,0.0,0.0,0.0,0.0,0.0,0.0,0.0,0.0,0.0,0.0,no_change,14.4,2026-09-01T11:56:17,0.0,14.1500000953674,44.42,2026-09-03 13:44:14,2026-09-03 09:45:06
IBIT,IBIT260925C00031000,IBIT,2026-09-25,C,31.0,0.0,0.0,0.0,0.0,0.0,22.0,0.0,0.0,0.0,0.0,0.0,0.0,0.0,0.0,0.0,0.0,0.0,down,13.47,2026-09-01T11:51:19,0.0,13.3249998092651,44.42,2026-09-03 13:44:14,2026-09-03 09:45:06
IBIT,IBIT260925C00031500,IBIT,2026-09-25,C,31.5,0.0,0.0,0.0,0.0,0.0,4.0,0.0,0.0,0.0,0.0,0.0,0.0,0.0,0.0,0.0,0.0,0.0,up,13.55,2026-08-31T14:42:04,0.0,12.5999999046326,44.42,2026-09-03 13:44:14,2026-09-03 09:45:06
IBIT,IBIT260925C00032000,IBIT,2026-09-25,C,32.0,0.0,0.0,0.0,0.0,0.0,3.0,0.0,0.0,0.0,0.0,0.0,0.0,0.0,0.0,0.0,0.0,0.0,up,13.85,2026-08-27T12:25:45,0.0,11.6749997138977,44.42,2026-09-03 13:44:14,2026-09-03 09:45:06
IBIT,IBIT260925C00032500,IBIT,2026-09-25,C,32.5,0.0,0.0,0.0,0.0,0.0,48.0,0.0,0.0,0.0,0.0,0.0,0.0,0.0,0.0,0.0,0.0,0.0,up,11.81,2026-08-21T15:45:19,0.0,11.1749997138977,44.42,2026-09-03 13:44:14,2026-09-03 09:45:06
IBIT,IBIT260925C00033000,IBIT,2026-09-25,C,33.0,0.0,0.0,0.0,0.0,0.0,31.0,0.0,0.0,0.0,0.0,0.0,0.0,0.0,0.0,0.0,0.0,0.0,down,11.45,2026-08-31T10:54:11,0.0,10.75,44.42,2026-09-03 13:44:14,2026-09-03 09:45:06
IBIT,IBIT260925C00033500,IBIT,2026-09-25,C,33.5,0.0,0.0,0.0,0.0,0.0,5.0,0.0,0.0,0.0,0.0,0.0,0.0,0.0,0.0,0.0,0.0,0.0,up,11.6,2026-08-28T09:35:22,0.0,10.3499999046326,44.42,2026-09-03 13:44:14,2026-09-03 09:45:06
IBIT,IBIT260925C00034000,IBIT,2026-09-25,C,34.0,0.0,0.0,0.0,0.0,0.0,94.0,0.0,0.0,0.0,0.0,0.0,0.0,0.0,0.0,0.0,0.0,0.0,up,10.34,2026-08-28T12:55:41,0.0,9.9249997138977,44.42,2026-09-03 13:44:14,2026-09-03 09:45:06
IBIT,IBIT260925C00034500,IBIT,2026-09-25,C,34.5,0.0,0.0,0.0,0.0,0.0,52.0,0.0,0.0,0.0,0.0,0.0,0.0,0.0,0.0,0.0,0.0,0.0,no_change,9.3,2026-09-02T09:51:37,0.0,9.40000009536743,44.42,2026-09-03 13:44:14,2026-09-03 09:45:06
IBIT,IBIT260925C00035000,IBIT,2026-09-25,C,35.0,0.0,0.0,0.0,0.0,0.0,499.0,0.0,0.0,0.0,0.0,0.0,0.0,0.0,0.0,0.0,0.0,0.0,down,9.2,2026-09-01T09:36:35,0.0,8.90000009536743,44.42,2026-09-03 13:44:14,2026-09-03 09:45:06
IBIT,IBIT260925C00035500,IBIT,2026-09-25,C,35.5,0.0,0.0,0.0,0.0,0.0,135.0,0.0,0.0,0.0,0.0,0.0,0.0,0.0,0.0,0.0,0.0,0.0,down,8.82,2026-08-28T13:38:10,0.0,8.44999980926514,44.42,2026-09-03 13:44:14,2026-09-03 09:45:06
IBIT,IBIT260925C00036000,IBIT,2026-09-25,C,36.0,0.0,0.0,0.0,0.0,0.0,1065.0,0.0,0.0,0.0,0.0,0.0,0.0,0.0,0.0,0.0,0.0,0.0,down,7.91,2026-09-02T15:56:35,0.0,7.95000004768372,44.42,2026-09-03 13:44:14,2026-09-03 09:45:06
IBIT,IBIT260925C00036500,IBIT,2026-09-25,C,36.5,0.0,0.0,0.0,0.0,0.0,205.0,0.0,0.0,0.0,0.0,0.0,0.0,0.0,0.0,0.0,0.0,0.0,up,7.45,2026-09-02T15:54:39,0.0,7.45000004768372,44.42,2026-09-03 13:44:14,2026-09-03 09:45:06
IBIT,IBIT260925C00037000,IBIT,2026-09-25,C,37.0,0.0,0.0,0.0,0.0,0.0,1242.0,0.0,0.0,0.0,0.0,0.0,0.0,0.0,0.0,0.0,0.0,0.0,down,6.99,2026-09-02T15:50:55,0.0,6.95000004768372,44.42,2026-09-03 13:44:14,2026-09-03 09:45:06
IBIT,IBIT260925C00037500,IBIT,2026-09-25,C,37.5,0.0,0.0,0.0,0.0,0.0,467.0,0.0,0.0,0.0,0.0,0.0,0.0,0.0,0.0,0.0,0.0,0.0,down,6.85,2026-09-01T11:35:25,0.0,6.5,44.42,2026-09-03 13:44:14,2026-09-03 09:45:06
IBIT,IBIT260925C00038000,IBIT,2026-09-25,C,38.0,0.0,0.0,0.0,0.0,0.0,721.0,0.0,0.0,0.0,0.0,0.0,0.0,0.0,0.0,0.0,0.0,0.0,down,5.75,2026-09-02T09:38:20,0.0,6.0,44.42,2026-09-03 13:44:14,2026-09-03 09:45:06
IBIT,IBIT260925C00038500,IBIT,2026-09-25,C,38.5,0.0,0.0,0.0,0.0,0.0,4199.0,0.0,0.0,0.0,0.0,0.0,0.0,0.0,0.0,0.0,0.0,0.0,up,5.55,2026-09-02T15:54:39,0.0,5.54999995231628,44.42,2026-09-03 13:44:14,2026-09-03 09:45:06
IBIT,IBIT260925C00039000,IBIT,2026-09-25,C,39.0,0.0,0.0,0.0,0.0,0.0,2238.0,0.0,0.0,0.0,0.0,0.0,0.0,0.0,0.0,0.0,0.0,0.0,down,5.1,2026-09-02T15:50:31,0.0,5.10000014305115,44.42,2026-09-03 13:44:14,2026-09-03 09:45:06
IBIT,IBIT260925C00039500,IBIT,2026-09-25,C,39.5,0.0,0.0,0.0,0.0,0.0,39425.0,0.0,0.0,0.0,0.0,0.0,0.0,0.0,0.0,0.0,0.0,0.0,down,4.7,2026-09-02T10:07:36,0.0,4.64999985694885,44.42,2026-09-03 13:44:14,2026-09-03 09:45:06
IBIT,IBIT260925C00040000,IBIT,2026-09-25,C,40.0,0.0,0.0,0.0,0.0,0.0,13009.0,0.0,0.0,0.0,0.0,0.0,0.0,0.0,0.0,0.0,0.0,0.0,up,4.27,2026-09-02T15:01:46,0.0,4.20000004768372,44.42,2026-09-03 13:44:14,2026-09-03 09:45:06
IBIT,IBIT260925C00040500,IBIT,2026-09-25,C,40.5,0.0,0.0,0.0,0.0,0.0,558.0,0.0,0.0,0.0,0.0,0.0,0.0,0.0,0.0,0.0,0.0,0.0,up,3.9,2026-09-02T14:18:46,0.0,3.79999995231628,44.42,2026-09-03 13:44:14,2026-09-03 09:45:06
IBIT,IBIT260925C00041000,IBIT,2026-09-25,C,41.0,0.0,0.0,0.0,0.0,0.0,5220.0,0.0,0.0,0.0,0.0,0.0,0.0,0.0,0.0,0.0,0.0,0.0,up,3.47,2026-09-02T15:04:54,0.0,3.375,44.42,2026-09-03 13:44:14,2026-09-03 09:45:06
IBIT,IBIT260925C00041500,IBIT,2026-09-25,C,41.5,0.0,0.0,0.0,0.0,0.0,1400.0,0.0,0.0,0.0,0.0,0.0,0.0,0.0,0.0,0.0,0.0,0.0,up,3.02,2026-09-02T10:50:37,0.0,3.00999999046326,44.42,2026-09-03 13:44:14,2026-09-03 09:45:06
IBIT,IBIT260925C00042000,IBIT,2026-09-25,C,42.0,0.0,0.0,0.0,0.0,0.0,1035.0,0.0,0.0,0.0,0.0,0.0,0.0,0.0,0.0,0.0,0.0,0.0,up,2.73,2026-09-02T12:21:16,0.0,2.63999998569489,44.42,2026-09-03 13:44:14,2026-09-03 09:45:06
IBIT,IBIT260925C00042500,IBIT,2026-09-25,C,42.5,0.0,0.0,0.0,0.0,0.0,1404.0,0.0,0.0,0.0,0.0,0.0,0.0,0.0,0.0,0.0,0.0,0.0,up,2.31,2026-09-02T09:47:52,0.0,2.30999994277954,44.42,2026-09-03 13:44:14,2026-09-03 09:45:06
IBIT,IBIT260925C00043000,IBIT,2026-09-25,C,43.0,0.0,0.0,0.0,0.0,0.0,7302.0,0.0,0.0,0.0,0.0,0.0,0.0,0.0,0.0,0.0,0.0,0.0,down,2.0,2026-09-02T15:54:22,0.0,2.00499999523163,44.42,2026-09-03 13:44:14,2026-09-03 09:45:06
IBIT,IBIT260925C00043500,IBIT,2026-09-25,C,43.5,0.0,0.0,0.0,0.0,0.0,348.0,0.0,0.0,0.0,0.0,0.0,0.0,0.0,0.0,0.0,0.0,0.0,up,1.83,2026-09-02T12:33:36,0.0,1.73000001907349,44.42,2026-09-03 13:44:14,2026-09-03 09:45:06
IBIT,IBIT260925C00044000,IBIT,2026-09-25,C,44.0,0.0,0.0,0.0,0.0,0.0,25864.0,0.0,0.0,0.0,0.0,0.0,0.0,0.0,0.0,0.0,0.0,0.0,no_change,1.48,2026-09-02T15:49:25,0.0,1.48000001907349,44.42,2026-09-03 13:44:14,2026-09-03 09:45:06
IBIT,IBIT260925C00044500,IBIT,2026-09-25,C,44.5,0.0,0.0,0.0,0.0,0.0,2176.0,0.0,0.0,0.0,0.0,0.0,0.0,0.0,0.0,0.0,0.0,0.0,down,1.25,2026-09-02T15:55:32,0.0,1.25999999046326,44.42,2026-09-03 13:44:14,2026-09-03 09:45:06
IBIT,IBIT260925C00045000,IBIT,2026-09-25,C,45.0,0.0,0.0,0.0,0.0,0.0,17046.0,0.0,0.0,0.0,0.0,0.0,0.0,0.0,0.0,0.0,0.0,0.0,no_change,1.08,2026-09-02T15:52:01,0.0,1.06999999284744,44.42,2026-09-03 13:44:14,2026-09-03 09:45:06
IBIT,IBIT260925C00045500,IBIT,2026-09-25,C,45.5,0.0,0.0,0.0,0.0,0.0,1991.0,0.0,0.0,0.0,0.0,0.0,0.0,0.0,0.0,0.0,0.0,0.0,down,0.89,2026-09-02T15:39:28,0.0,0.905000001192093,44.42,2026-09-03 13:44:14,2026-09-03 09:45:06
IBIT,IBIT260925C00046000,IBIT,2026-09-25,C,46.0,0.0,0.0,0.0,0.0,0.0,7146.0,0.0,0.0,0.0,0.0,0.0,0.0,0.0,0.0,0.0,0.0,0.0,down,0.76,2026-09-02T15:49:02,0.0,0.759999990463257,44.42,2026-09-03 13:44:14,2026-09-03 09:45:06
IBIT,IBIT260925C00046500,IBIT,2026-09-25,C,46.5,0.0,0.0,0.0,0.0,0.0,2452.0,0.0,0.0,0.0,0.0,0.0,0.0,0.0,0.0,0.0,0.0,0.0,no_change,0.66,2026-09-02T14:37:34,0.0,0.639999985694885,44.42,2026-09-03 13:44:14,2026-09-03 09:45:06
IBIT,IBIT260925C00047000,IBIT,2026-09-25,C,47.0,0.0,0.0,0.0,0.0,0.0,824.0,0.0,0.0,0.0,0.0,0.0,0.0,0.0,0.0,0.0,0.0,0.0,down,0.55,2026-09-02T15:20:15,0.0,0.53999999165535,44.42,2026-09-03 13:44:14,2026-09-03 09:45:06
IBIT,IBIT260925C00047500,IBIT,2026-09-25,C,47.5,0.0,0.0,0.0,0.0,0.0,738.0,0.0,0.0,0.0,0.0,0.0,0.0,0.0,0.0,0.0,0.0,0.0,no_change,0.47,2026-09-02T14:24:42,0.0,0.450000002980232,44.42,2026-09-03 13:44:14,2026-09-03 09:45:06
IBIT,IBIT260925C00048000,IBIT,2026-09-25,C,48.0,0.0,0.0,0.0,0.0,0.0,4703.0,0.0,0.0,0.0,0.0,0.0,0.0,0.0,0.0,0.0,0.0,0.0,down,0.37,2026-09-02T15:27:58,0.0,0.379999995231628,44.42,2026-09-03 13:44:14,2026-09-03 09:45:06
IBIT,IBIT260925C00048500,IBIT,2026-09-25,C,48.5,0.0,0.0,0.0,0.0,0.0,441.0,0.0,0.0,0.0,0.0,0.0,0.0,0.0,0.0,0.0,0.0,0.0,no_change,0.32,2026-09-02T15:49:02,0.0,0.320000007748604,44.42,2026-09-03 13:44:14,2026-09-03 09:45:06
IBIT,IBIT260925C00049000,IBIT,2026-09-25,C,49.0,0.0,0.0,0.0,0.0,0.0,423.0,0.0,0.0,0.0,0.0,0.0,0.0,0.0,0.0,0.0,0.0,0.0,no_change,0.28,2026-09-02T15:18:35,0.0,0.269999995827675,44.42,2026-09-03 13:44:14,2026-09-03 09:45:06
IBIT,IBIT260925C00049500,IBIT,2026-09-25,C,49.5,0.0,0.0,0.0,0.0,0.0,768.0,0.0,0.0,0.0,0.0,0.0,0.0,0.0,0.0,0.0,0.0,0.0,down,0.22,2026-09-02T15:37:17,0.0,0.229999996721745,44.42,2026-09-03 13:44:14,2026-09-03 09:45:06
IBIT,IBIT260925C00050000,IBIT,2026-09-25,C,50.0,0.0,0.0,0.0,0.0,0.0,21638.0,0.0,0.0,0.0,0.0,0.0,0.0,0.0,0.0,0.0,0.0,0.0,no_change,0.2,2026-09-02T15:58:24,0.0,0.195000000298023,44.42,2026-09-03 13:44:14,2026-09-03 09:45:06
IBIT,IBIT260925C00050500,IBIT,2026-09-25,C,50.5,0.0,0.0,0.0,0.0,0.0,5372.0,0.0,0.0,0.0,0.0,0.0,0.0,0.0,0.0,0.0,0.0,0.0,no_change,0.16,2026-09-02T13:47:29,0.0,0.16499999910593,44.42,2026-09-03 13:44:14,2026-09-03 09:45:06
IBIT,IBIT260925C00051000,IBIT,2026-09-25,C,51.0,0.0,0.0,0.0,0.0,0.0,4126.0,0.0,0.0,0.0,0.0,0.0,0.0,0.0,0.0,0.0,0.0,0.0,no_change,0.14,2026-09-02T10:11:12,0.0,0.145000003278255,44.42,2026-09-03 13:44:14,2026-09-03 09:45:06
IBIT,IBIT260925C00051500,IBIT,2026-09-25,C,51.5,0.0,0.0,0.0,0.0,0.0,2174.0,0.0,0.0,0.0,0.0,0.0,0.0,0.0,0.0,0.0,0.0,0.0,no_change,0.13,2026-09-02T14:05:38,0.0,0.12499999627471,44.42,2026-09-03 13:44:14,2026-09-03 09:45:06
IBIT,IBIT260925C00052000,IBIT,2026-09-25,C,52.0,0.0,0.0,0.0,0.0,0.0,3461.0,0.0,0.0,0.0,0.0,0.0,0.0,0.0,0.0,0.0,0.0,0.0,up,0.11,2026-09-02T12:43:23,0.0,0.105000000447035,44.42,2026-09-03 13:44:14,2026-09-03 09:45:06
IBIT,IBIT260925C00052500,IBIT,2026-09-25,C,52.5,0.0,0.0,0.0,0.0,0.0,373.0,0.0,0.0,0.0,0.0,0.0,0.0,0.0,0.0,0.0,0.0,0.0,no_change,0.11,2026-09-01T15:21:35,0.0,0.0950000025331974,44.42,2026-09-03 13:44:14,2026-09-03 09:45:06
IBIT,IBIT260925C00053000,IBIT,2026-09-25,C,53.0,0.0,0.0,0.0,0.0,0.0,19219.0,0.0,0.0,0.0,0.0,0.0,0.0,0.0,0.0,0.0,0.0,0.0,up,0.09,2026-09-02T09:41:01,0.0,0.0850000008940697,44.42,2026-09-03 13:44:14,2026-09-03 09:45:06
IBIT,IBIT260925C00053500,IBIT,2026-09-25,C,53.5,0.0,0.0,0.0,0.0,0.0,4542.0,0.0,0.0,0.0,0.0,0.0,0.0,0.0,0.0,0.0,0.0,0.0,no_change,0.12,2026-09-01T10:55:15,0.0,0.0749999992549419,44.42,2026-09-03 13:44:14,2026-09-03 09:45:06
IBIT,IBIT260925C00054000,IBIT,2026-09-25,C,54.0,0.0,0.0,0.0,0.0,0.0,554.0,0.0,0.0,0.0,0.0,0.0,0.0,0.0,0.0,0.0,0.0,0.0,no_change,0.09,2026-09-01T13:28:24,0.0,0.0749999992549419,44.42,2026-09-03 13:44:14,2026-09-03 09:45:06
IBIT,IBIT260925C00054500,IBIT,2026-09-25,C,54.5,0.0,0.0,0.0,0.0,0.0,346.0,0.0,0.0,0.0,0.0,0.0,0.0,0.0,0.0,0.0,0.0,0.0,no_change,0.06,2026-09-02T13:20:47,0.0,0.0649999994784594,44.42,2026-09-03 13:44:14,2026-09-03 09:45:06
IBIT,IBIT260925C00055000,IBIT,2026-09-25,C,55.0,0.0,0.0,0.0,0.0,0.0,4880.0,0.0,0.0,0.0,0.0,0.0,0.0,0.0,0.0,0.0,0.0,0.0,no_change,0.06,2026-09-02T15:53:51,0.0,0.0549999997019768,44.42,2026-09-03 13:44:14,2026-09-03 09:45:06
IBIT,IBIT260925C00060000,IBIT,2026-09-25,C,60.0,0.0,0.0,0.0,0.0,0.0,1485.0,0.0,0.0,0.0,0.0,0.0,0.0,0.0,0.0,0.0,0.0,0.0,down,0.03,2026-09-02T09:56:38,0.0,0.034999999217689,44.42,2026-09-03 13:44:14,2026-09-03 09:45:06
IBIT,IBIT260925C00065000,IBIT,2026-09-25,C,65.0,0.0,0.0,0.0,0.0,0.0,613.0,0.0,0.0,0.0,0.0,0.0,0.0,0.0,0.0,0.0,0.0,0.0,no_change,0.02,2026-09-02T11:27:27,0.0,0.0249999994412065,44.42,2026-09-03 13:44:14,2026-09-03 09:45:06
IBIT,IBIT260925P00020000,IBIT,2026-09-25,P,20.0,0.0,0.0,0.0,0.0,0.0,756.0,0.0,0.0,0.0,0.0,0.0,0.0,0.0,0.0,0.0,0.0,0.0,up,0.02,2026-09-02T10:58:32,0.0,0.0149999996647239,44.42,2026-09-03 13:44:14,2026-09-03 09:45:06
IBIT,IBIT260925P00025000,IBIT,2026-09-25,P,25.0,0.0,0.0,0.0,0.0,0.0,6202.0,0.0,0.0,0.0,0.0,0.0,0.0,0.0,0.0,0.0,0.0,0.0,no_change,0.02,2026-09-02T13:09:43,0.0,0.0249999994412065,44.42,2026-09-03 13:44:14,2026-09-03 09:45:06
IBIT,IBIT260925P00029000,IBIT,2026-09-25,P,29.0,0.0,0.0,0.0,0.0,0.0,189.0,0.0,0.0,0.0,0.0,0.0,0.0,0.0,0.0,0.0,0.0,0.0,down,0.04,2026-09-02T12:48:27,0.0,0.034999999217689,44.42,2026-09-03 13:44:14,2026-09-03 09:45:06
IBIT,IBIT260925P00030000,IBIT,2026-09-25,P,30.0,0.0,0.0,0.0,0.0,0.0,858.0,0.0,0.0,0.0,0.0,0.0,0.0,0.0,0.0,0.0,0.0,0.0,no_change,0.05,2026-09-01T15:09:20,0.0,0.0449999999254942,44.42,2026-09-03 13:44:14,2026-09-03 09:45:06
IBIT,IBIT260925P00031000,IBIT,2026-09-25,P,31.0,0.0,0.0,0.0,0.0,0.0,836.0,0.0,0.0,0.0,0.0,0.0,0.0,0.0,0.0,0.0,0.0,0.0,no_change,0.05,2026-09-02T15:49:30,0.0,0.0499999988824129,44.42,2026-09-03 13:44:14,2026-09-03 09:45:06
IBIT,IBIT260925P00031500,IBIT,2026-09-25,P,31.5,0.0,0.0,0.0,0.0,0.0,898.0,0.0,0.0,0.0,0.0,0.0,0.0,0.0,0.0,0.0,0.0,0.0,down,0.05,2026-08-31T14:42:07,0.0,0.0549999997019768,44.42,2026-09-03 13:44:14,2026-09-03 09:45:06
IBIT,IBIT260925P00032000,IBIT,2026-09-25,P,32.0,0.0,0.0,0.0,0.0,0.0,1955.0,0.0,0.0,0.0,0.0,0.0,0.0,0.0,0.0,0.0,0.0,0.0,up,0.06,2026-09-02T15:26:43,0.0,0.0549999997019768,44.42,2026-09-03 13:44:14,2026-09-03 09:45:06
IBIT,IBIT260925P00032500,IBIT,2026-09-25,P,32.5,0.0,0.0,0.0,0.0,0.0,318.0,0.0,0.0,0.0,0.0,0.0,0.0,0.0,0.0,0.0,0.0,0.0,down,0.07,2026-08-31T09:58:46,0.0,0.0600000005215406,44.42,2026-09-03 13:44:14,2026-09-03 09:45:06
IBIT,IBIT260925P00033000,IBIT,2026-09-25,P,33.0,0.0,0.0,0.0,0.0,0.0,590.0,0.0,0.0,0.0,0.0,0.0,0.0,0.0,0.0,0.0,0.0,0.0,no_change,0.08,2026-09-01T13:23:09,0.0,0.0649999994784594,44.42,2026-09-03 13:44:14,2026-09-03 09:45:06
IBIT,IBIT260925P00033500,IBIT,2026-09-25,P,33.5,0.0,0.0,0.0,0.0,0.0,1612.0,0.0,0.0,0.0,0.0,0.0,0.0,0.0,0.0,0.0,0.0,0.0,up,0.09,2026-09-01T13:46:43,0.0,0.0699999984353781,44.42,2026-09-03 13:44:14,2026-09-03 09:45:06
IBIT,IBIT260925P00034000,IBIT,2026-09-25,P,34.0,0.0,0.0,0.0,0.0,0.0,1267.0,0.0,0.0,0.0,0.0,0.0,0.0,0.0,0.0,0.0,0.0,0.0,down,0.08,2026-09-02T15:54:11,0.0,0.0749999992549419,44.42,2026-09-03 13:44:14,2026-09-03 09:45:06
IBIT,IBIT260925P00034500,IBIT,2026-09-25,P,34.5,0.0,0.0,0.0,0.0,0.0,1770.0,0.0,0.0,0.0,0.0,0.0,0.0,0.0,0.0,0.0,0.0,0.0,up,0.1,2026-09-01T14:28:01,0.0,0.080000001937151,44.42,2026-09-03 13:44:14,2026-09-03 09:45:06
IBIT,IBIT260925P00035000,IBIT,2026-09-25,P,35.0,0.0,0.0,0.0,0.0,0.0,598.0,0.0,0.0,0.0,0.0,0.0,0.0,0.0,0.0,0.0,0.0,0.0,no_change,0.08,2026-09-02T13:32:02,0.0,0.0850000008940697,44.42,2026-09-03 13:44:14,2026-09-03 09:45:06
IBIT,IBIT260925P00035500,IBIT,2026-09-25,P,35.5,0.0,0.0,0.0,0.0,0.0,984.0,0.0,0.0,0.0,0.0,0.0,0.0,0.0,0.0,0.0,0.0,0.0,up,0.13,2026-09-01T14:37:04,0.0,0.0950000025331974,44.42,2026-09-03 13:44:14,2026-09-03 09:45:06
IBIT,IBIT260925P00036000,IBIT,2026-09-25,P,36.0,0.0,0.0,0.0,0.0,0.0,2456.0,0.0,0.0,0.0,0.0,0.0,0.0,0.0,0.0,0.0,0.0,0.0,down,0.11,2026-09-02T15:06:07,0.0,0.105000000447035,44.42,2026-09-03 13:44:14,2026-09-03 09:45:06
IBIT,IBIT260925P00036500,IBIT,2026-09-25,P,36.5,0.0,0.0,0.0,0.0,0.0,211.0,0.0,0.0,0.0,0.0,0.0,0.0,0.0,0.0,0.0,0.0,0.0,down,0.11,2026-09-02T14:17:05,0.0,0.114999998360872,44.42,2026-09-03 13:44:14,2026-09-03 09:45:06
IBIT,IBIT260925P00037000,IBIT,2026-09-25,P,37.0,0.0,0.0,0.0,0.0,0.0,1210.0,0.0,0.0,0.0,0.0,0.0,0.0,0.0,0.0,0.0,0.0,0.0,down,0.13,2026-09-02T12:20:36,0.0,0.134999997913837,44.42,2026-09-03 13:44:14,2026-09-03 09:45:06
IBIT,IBIT260925P00037500,IBIT,2026-09-25,P,37.5,0.0,0.0,0.0,0.0,0.0,873.0,0.0,0.0,0.0,0.0,0.0,0.0,0.0,0.0,0.0,0.0,0.0,up,0.19,2026-09-01T15:58:08,0.0,0.149999998509884,44.42,2026-09-03 13:44:14,2026-09-03 09:45:06
IBIT,IBIT260925P00038000,IBIT,2026-09-25,P,38.0,0.0,0.0,0.0,0.0,0.0,8598.0,0.0,0.0,0.0,0.0,0.0,0.0,0.0,0.0,0.0,0.0,0.0,no_change,0.18,2026-09-02T13:48:10,0.0,0.175000004470348,44.42,2026-09-03 13:44:14,2026-09-03 09:45:06
IBIT,IBIT260925P00038500,IBIT,2026-09-25,P,38.5,0.0,0.0,0.0,0.0,0.0,3509.0,0.0,0.0,0.0,0.0,0.0,0.0,0.0,0.0,0.0,0.0,0.0,down,0.22,2026-09-02T10:47:57,0.0,0.204999998211861,44.42,2026-09-03 13:44:14,2026-09-03 09:45:06
IBIT,IBIT260925P00039000,IBIT,2026-09-25,P,39.0,0.0,0.0,0.0,0.0,0.0,1300.0,0.0,0.0,0.0,0.0,0.0,0.0,0.0,0.0,0.0,0.0,0.0,no_change,0.24,2026-09-02T15:49:02,0.0,0.244999997317791,44.42,2026-09-03 13:44:14,2026-09-03 09:45:06
IBIT,IBIT260925P00039500,IBIT,2026-09-25,P,39.5,0.0,0.0,0.0,0.0,0.0,2004.0,0.0,0.0,0.0,0.0,0.0,0.0,0.0,0.0,0.0,0.0,0.0,no_change,0.3,2026-09-02T15:58:43,0.0,0.295000001788139,44.42,2026-09-03 13:44:14,2026-09-03 09:45:06
IBIT,IBIT260925P00040000,IBIT,2026-09-25,P,40.0,0.0,0.0,0.0,0.0,0.0,7342.0,0.0,0.0,0.0,0.0,0.0,0.0,0.0,0.0,0.0,0.0,0.0,down,0.36,2026-09-02T15:59:18,0.0,0.355000004172325,44.42,2026-09-03 13:44:14,2026-09-03 09:45:06
IBIT,IBIT260925P00040500,IBIT,2026-09-25,P,40.5,0.0,0.0,0.0,0.0,0.0,519.0,0.0,0.0,0.0,0.0,0.0,0.0,0.0,0.0,0.0,0.0,0.0,up,0.42,2026-09-02T14:28:59,0.0,0.435000002384186,44.42,2026-09-03 13:44:14,2026-09-03 09:45:06
IBIT,IBIT260925P00041000,IBIT,2026-09-25,P,41.0,0.0,0.0,0.0,0.0,0.0,11507.0,0.0,0.0,0.0,0.0,0.0,0.0,0.0,0.0,0.0,0.0,0.0,down,0.53,2026-09-02T15:58:56,0.0,0.534999996423721,44.42,2026-09-03 13:44:14,2026-09-03 09:45:06
IBIT,IBIT260925P00041500,IBIT,2026-09-25,P,41.5,0.0,0.0,0.0,0.0,0.0,943.0,0.0,0.0,0.0,0.0,0.0,0.0,0.0,0.0,0.0,0.0,0.0,down,0.64,2026-09-02T15:58:56,0.0,0.650000005960464,44.42,2026-09-03 13:44:14,2026-09-03 09:45:06
IBIT,IBIT260925P00042000,IBIT,2026-09-25,P,42.0,0.0,0.0,0.0,0.0,0.0,3997.0,0.0,0.0,0.0,0.0,0.0,0.0,0.0,0.0,0.0,0.0,0.0,up,0.8,2026-09-02T15:40:35,0.0,0.7950000166893,44.42,2026-09-03 13:44:14,2026-09-03 09:45:06
IBIT,IBIT260925P00042500,IBIT,2026-09-25,P,42.5,0.0,0.0,0.0,0.0,0.0,4292.0,0.0,0.0,0.0,0.0,0.0,0.0,0.0,0.0,0.0,0.0,0.0,no_change,0.94,2026-09-02T15:17:09,0.0,0.96000000834465,44.42,2026-09-03 13:44:14,2026-09-03 09:45:06
IBIT,IBIT260925P00043000,IBIT,2026-09-25,P,43.0,0.0,0.0,0.0,0.0,0.0,2022.0,0.0,0.0,0.0,0.0,0.0,0.0,0.0,0.0,0.0,0.0,0.0,no_change,1.13,2026-09-02T15:12:03,0.0,1.1599999666214,44.42,2026-09-03 13:44:14,2026-09-03 09:45:06
IBIT,IBIT260925P00043500,IBIT,2026-09-25,P,43.5,0.0,0.0,0.0,0.0,0.0,1057.0,0.0,0.0,0.0,0.0,0.0,0.0,0.0,0.0,0.0,0.0,0.0,up,1.33,2026-09-02T14:20:26,0.0,1.38999998569489,44.42,2026-09-03 13:44:14,2026-09-03 09:45:06
IBIT,IBIT260925P00044000,IBIT,2026-09-25,P,44.0,0.0,0.0,0.0,0.0,0.0,2080.0,0.0,0.0,0.0,0.0,0.0,0.0,0.0,0.0,0.0,0.0,0.0,up,1.61,2026-09-02T14:45:13,0.0,1.63999998569489,44.42,2026-09-03 13:44:14,2026-09-03 09:45:06
IBIT,IBIT260925P00044500,IBIT,2026-09-25,P,44.5,0.0,0.0,0.0,0.0,0.0,527.0,0.0,0.0,0.0,0.0,0.0,0.0,0.0,0.0,0.0,0.0,0.0,up,1.92,2026-09-02T13:38:02,0.0,1.91999995708466,44.42,2026-09-03 13:44:14,2026-09-03 09:45:06
IBIT,IBIT260925P00045000,IBIT,2026-09-25,P,45.0,0.0,0.0,0.0,0.0,0.0,1034.0,0.0,0.0,0.0,0.0,0.0,0.0,0.0,0.0,0.0,0.0,0.0,no_change,2.2,2026-09-02T15:12:26,0.0,2.23000001907349,44.42,2026-09-03 13:44:14,2026-09-03 09:45:06
IBIT,IBIT260925P00045500,IBIT,2026-09-25,P,45.5,0.0,0.0,0.0,0.0,0.0,402.0,0.0,0.0,0.0,0.0,0.0,0.0,0.0,0.0,0.0,0.0,0.0,down,2.51,2026-09-02T15:14:12,0.0,2.55999994277954,44.42,2026-09-03 13:44:14,2026-09-03 09:45:06
IBIT,IBIT260925P00046000,IBIT,2026-09-25,P,46.0,0.0,0.0,0.0,0.0,0.0,194.0,0.0,0.0,0.0,0.0,0.0,0.0,0.0,0.0,0.0,0.0,0.0,up,2.9,2026-09-02T12:45:56,0.0,2.93500006198883,44.42,2026-09-03 13:44:14,2026-09-03 09:45:06
IBIT,IBIT260925P00046500,IBIT,2026-09-25,P,46.5,0.0,0.0,0.0,0.0,0.0,83.0,0.0,0.0,0.0,0.0,0.0,0.0,0.0,0.0,0.0,0.0,0.0,no_change,3.52,2026-09-01T14:54:38,0.0,3.29999995231628,44.42,2026-09-03 13:44:14,2026-09-03 09:45:06
IBIT,IBIT260925P00047000,IBIT,2026-09-25,P,47.0,0.0,0.0,0.0,0.0,0.0,19.0,0.0,0.0,0.0,0.0,0.0,0.0,0.0,0.0,0.0,0.0,0.0,down,3.02,2026-08-31T15:04:31,0.0,3.70000004768372,44.42,2026-09-03 13:44:14,2026-09-03 09:45:06
IBIT,IBIT260925P00047500,IBIT,2026-09-25,P,47.5,0.0,0.0,0.0,0.0,0.0,195.0,0.0,0.0,0.0,0.0,0.0,0.0,0.0,0.0,0.0,0.0,0.0,no_change,3.71,2026-08-28T11:52:16,0.0,4.125,44.42,2026-09-03 13:44:14,2026-09-03 09:45:06
IBIT,IBIT260925P00048000,IBIT,2026-09-25,P,48.0,0.0,0.0,0.0,0.0,0.0,54.0,0.0,0.0,0.0,0.0,0.0,0.0,0.0,0.0,0.0,0.0,0.0,up,4.55,2026-09-02T10:13:49,0.0,4.54999995231628,44.42,2026-09-03 13:44:14,2026-09-03 09:45:06
IBIT,IBIT260925P00048500,IBIT,2026-09-25,P,48.5,0.0,0.0,0.0,0.0,0.0,10.0,0.0,0.0,0.0,0.0,0.0,0.0,0.0,0.0,0.0,0.0,0.0,up,4.6,2026-09-01T11:00:10,0.0,5.0,44.42,2026-09-03 13:44:14,2026-09-03 09:45:06
IBIT,IBIT260925P00049000,IBIT,2026-09-25,P,49.0,0.0,0.0,0.0,0.0,0.0,99.0,0.0,0.0,0.0,0.0,0.0,0.0,0.0,0.0,0.0,0.0,0.0,down,4.76,2026-08-31T13:19:59,0.0,5.45000004768372,44.42,2026-09-03 13:44:14,2026-09-03 09:45:06
IBIT,IBIT260925P00049500,IBIT,2026-09-25,P,49.5,0.0,0.0,0.0,0.0,0.0,2.0,0.0,0.0,0.0,0.0,0.0,0.0,0.0,0.0,0.0,0.0,0.0,up,5.83,2026-08-28T13:01:41,0.0,5.89999985694885,44.42,2026-09-03 13:44:14,2026-09-03 09:45:06
IBIT,IBIT260925P00050000,IBIT,2026-09-25,P,50.0,0.0,0.0,0.0,0.0,0.0,2251.0,0.0,0.0,0.0,0.0,0.0,0.0,0.0,0.0,0.0,0.0,0.0,down,6.35,2026-09-02T12:01:21,0.0,6.39999985694885,44.42,2026-09-03 13:44:14,2026-09-03 09:45:06
IBIT,IBIT260925P00050500,IBIT,2026-09-25,P,50.5,0.0,0.0,0.0,0.0,0.0,1.0,0.0,0.0,0.0,0.0,0.0,0.0,0.0,0.0,0.0,0.0,0.0,up,6.9,2026-08-28T12:23:08,0.0,6.85000014305115,44.42,2026-09-03 13:44:14,2026-09-03 09:45:06
IBIT,IBIT260925P00051000,IBIT,2026-09-25,P,51.0,0.0,0.0,0.0,0.0,0.0,25.0,0.0,0.0,0.0,0.0,0.0,0.0,0.0,0.0,0.0,0.0,0.0,down,6.96,2026-08-31T09:32:47,0.0,7.35000014305115,44.42,2026-09-03 13:44:14,2026-09-03 09:45:06
IBIT,IBIT260925P00051500,IBIT,2026-09-25,P,51.5,0.0,0.0,0.0,0.0,0.0,1.0,0.0,0.0,0.0,0.0,0.0,0.0,0.0,0.0,0.0,0.0,0.0,up,6.85,2026-08-28T11:30:30,0.0,7.82500004768372,44.42,2026-09-03 13:44:14,2026-09-03 09:45:06
IBIT,IBIT260925P00052000,IBIT,2026-09-25,P,52.0,0.0,0.0,0.0,0.0,0.0,0.0,0.0,0.0,0.0,0.0,0.0,0.0,0.0,0.0,0.0,0.0,0.0,no_change,0.0,,0.0,8.30000019073486,44.42,2026-09-03 13:44:14,2026-09-03 09:45:06
IBIT,IBIT260925P00052500,IBIT,2026-09-25,P,52.5,0.0,0.0,0.0,0.0,0.0,0.0,0.0,0.0,0.0,0.0,0.0,0.0,0.0,0.0,0.0,0.0,0.0,no_change,0.0,,0.0,8.80000019073486,44.42,2026-09-03 13:44:14,2026-09-03 09:45:06
IBIT,IBIT260925P00053000,IBIT,2026-09-25,P,53.0,0.0,0.0,0.0,0.0,0.0,0.0,0.0,0.0,0.0,0.0,0.0,0.0,0.0,0.0,0.0,0.0,0.0,no_change,0.0,,0.0,9.30000019073486,44.42,2026-09-03 13:44:14,2026-09-03 09:45:06
IBIT,IBIT260925P00053500,IBIT,2026-09-25,P,53.5,0.0,0.0,0.0,0.0,0.0,0.0,0.0,0.0,0.0,0.0,0.0,0.0,0.0,0.0,0.0,0.0,0.0,no_change,0.0,,0.0,9.77500009536743,44.42,2026-09-03 13:44:14,2026-09-03 09:45:06
IBIT,IBIT260925P00054000,IBIT,2026-09-25,P,54.0,0.0,0.0,0.0,0.0,0.0,0.0,0.0,0.0,0.0,0.0,0.0,0.0,0.0,0.0,0.0,0.0,0.0,no_change,0.0,,0.0,10.2750000953674,44.42,2026-09-03 13:44:14,2026-09-03 09:45:06
IBIT,IBIT260925P00054500,IBIT,2026-09-25,P,54.5,0.0,0.0,0.0,0.0,0.0,1.0,0.0,0.0,0.0,0.0,0.0,0.0,0.0,0.0,0.0,0.0,0.0,up,10.7,2026-08-28T12:23:08,0.0,11.3000001907349,44.42,2026-09-03 13:44:14,2026-09-03 09:45:06
IBIT,IBIT260925P00055000,IBIT,2026-09-25,P,55.0,0.0,0.0,0.0,0.0,0.0,19.0,0.0,0.0,0.0,0.0,0.0,0.0,0.0,0.0,0.0,0.0,0.0,no_change,9.77,2026-08-27T15:47:09,0.0,11.8000001907349,44.42,2026-09-03 13:44:14,2026-09-03 09:45:06
IBIT,IBIT260925P00060000,IBIT,2026-09-25,P,60.0,0.0,0.0,0.0,0.0,0.0,0.0,0.0,0.0,0.0,0.0,0.0,0.0,0.0,0.0,0.0,0.0,0.0,no_change,0.0,,0.0,16.5999994277954,44.42,2026-09-03 13:44:14,2026-09-03 09:45:06
IBIT,IBIT260925P00065000,IBIT,2026-09-25,P,65.0,0.0,0.0,0.0,0.0,0.0,0.0,0.0,0.0,0.0,0.0,0.0,0.0,0.0,0.0,0.0,0.0,0.0,no_change,0.0,,0.0,21.8499994277954,44.42,2026-09-03 13:44:14,2026-09-03 09:45:06
IBIT,IBIT261002C00020000,IBIT,2026-10-02,C,20.0,0.0,0.0,0.0,0.0,0.0,2.0,0.0,0.0,0.0,0.0,0.0,0.0,0.0,0.0,0.0,0.0,0.0,no_change,24.3,2026-09-01T11:35:12,0.0,23.875,44.42,2026-09-03 13:44:14,2026-09-03 09:45:06
IBIT,IBIT261002C00025000,IBIT,2026-10-02,C,25.0,0.0,0.0,0.0,0.0,0.0,3.0,0.0,0.0,0.0,0.0,0.0,0.0,0.0,0.0,0.0,0.0,0.0,no_change,19.32,2026-09-01T11:35:42,0.0,18.7250003814697,44.42,2026-09-03 13:44:14,2026-09-03 09:45:06
IBIT,IBIT261002C00029000,IBIT,2026-10-02,C,29.0,0.0,0.0,0.0,0.0,0.0,1.0,0.0,0.0,0.0,0.0,0.0,0.0,0.0,0.0,0.0,0.0,0.0,down,16.27,2026-08-28T11:18:18,0.0,14.6749997138977,44.42,2026-09-03 13:44:14,2026-09-03 09:45:06
IBIT,IBIT261002C00030000,IBIT,2026-10-02,C,30.0,0.0,0.0,0.0,0.0,0.0,101.0,0.0,0.0,0.0,0.0,0.0,0.0,0.0,0.0,0.0,0.0,0.0,no_change,14.35,2026-09-01T11:32:55,0.0,13.6749997138977,44.42,2026-09-03 13:44:14,2026-09-03 09:45:06
IBIT,IBIT261002C00031000,IBIT,2026-10-02,C,31.0,0.0,0.0,0.0,0.0,0.0,100.0,0.0,0.0,0.0,0.0,0.0,0.0,0.0,0.0,0.0,0.0,0.0,up,13.24,2026-09-01T09:31:27,0.0,12.7249999046326,44.42,2026-09-03 13:44:14,2026-09-03 09:45:06
IBIT,IBIT261002C00031500,IBIT,2026-10-02,C,31.5,0.0,0.0,0.0,0.0,0.0,101.0,0.0,0.0,0.0,0.0,0.0,0.0,0.0,0.0,0.0,0.0,0.0,no_change,12.72,2026-09-01T09:31:54,0.0,12.2249999046326,44.42,2026-09-03 13:44:14,2026-09-03 09:45:06
IBIT,IBIT261002C00032000,IBIT,2026-10-02,C,32.0,0.0,0.0,0.0,0.0,0.0,10.0,0.0,0.0,0.0,0.0,0.0,0.0,0.0,0.0,0.0,0.0,0.0,down,11.81,2026-09-01T14:27:22,0.0,11.7249999046326,44.42,2026-09-03 13:44:14,2026-09-03 09:45:06
IBIT,IBIT261002C00032500,IBIT,2026-10-02,C,32.5,0.0,0.0,0.0,0.0,0.0,100.0,0.0,0.0,0.0,0.0,0.0,0.0,0.0,0.0,0.0,0.0,0.0,down,11.75,2026-09-01T09:31:27,0.0,11.4749999046326,44.42,2026-09-03 13:44:14,2026-09-03 09:45:06
IBIT,IBIT261002C00033000,IBIT,2026-10-02,C,33.0,0.0,0.0,0.0,0.0,0.0,10.0,0.0,0.0,0.0,0.0,0.0,0.0,0.0,0.0,0.0,0.0,0.0,up,12.45,2026-08-24T12:30:13,0.0,10.9250001907349,44.42,2026-09-03 13:44:14,2026-09-03 09:45:06
IBIT,IBIT261002C00033500,IBIT,2026-10-02,C,33.5,0.0,0.0,0.0,0.0,0.0,14.0,0.0,0.0,0.0,0.0,0.0,0.0,0.0,0.0,0.0,0.0,0.0,no_change,10.55,2026-09-02T14:31:58,0.0,10.4499998092651,44.42,2026-09-03 13:44:14,2026-09-03 09:45:06
IBIT,IBIT261002C00034000,IBIT,2026-10-02,C,34.0,0.0,0.0,0.0,0.0,0.0,4.0,0.0,0.0,0.0,0.0,0.0,0.0,0.0,0.0,0.0,0.0,0.0,no_change,10.06,2026-08-21T10:45:20,0.0,9.97499990463257,44.42,2026-09-03 13:44:14,2026-09-03 09:45:06
IBIT,IBIT261002C00034500,IBIT,2026-10-02,C,34.5,0.0,0.0,0.0,0.0,0.0,172.0,0.0,0.0,0.0,0.0,0.0,0.0,0.0,0.0,0.0,0.0,0.0,up,9.67,2026-08-28T14:55:54,0.0,9.5,44.42,2026-09-03 13:44:14,2026-09-03 09:45:06
IBIT,IBIT261002C00035000,IBIT,2026-10-02,C,35.0,0.0,0.0,0.0,0.0,0.0,45.0,0.0,0.0,0.0,0.0,0.0,0.0,0.0,0.0,0.0,0.0,0.0,up,8.95,2026-09-02T15:35:30,0.0,9.0,44.42,2026-09-03 13:44:14,2026-09-03 09:45:06
IBIT,IBIT261002C00035500,IBIT,2026-10-02,C,35.5,0.0,0.0,0.0,0.0,0.0,75.0,0.0,0.0,0.0,0.0,0.0,0.0,0.0,0.0,0.0,0.0,0.0,up,8.48,2026-09-02T10:13:08,0.0,8.5,44.42,2026-09-03 13:44:14,2026-09-03 09:45:06
IBIT,IBIT261002C00036000,IBIT,2026-10-02,C,36.0,0.0,0.0,0.0,0.0,0.0,161.0,0.0,0.0,0.0,0.0,0.0,0.0,0.0,0.0,0.0,0.0,0.0,down,8.35,2026-08-28T15:09:02,0.0,8.02500009536743,44.42,2026-09-03 13:44:14,2026-09-03 09:45:06
IBIT,IBIT261002C00036500,IBIT,2026-10-02,C,36.5,0.0,0.0,0.0,0.0,0.0,21.0,0.0,0.0,0.0,0.0,0.0,0.0,0.0,0.0,0.0,0.0,0.0,no_change,7.6,2026-09-02T10:15:42,0.0,7.54999995231628,44.42,2026-09-03 13:44:14,2026-09-03 09:45:06
IBIT,IBIT261002C00037000,IBIT,2026-10-02,C,37.0,0.0,0.0,0.0,0.0,0.0,205.0,0.0,0.0,0.0,0.0,0.0,0.0,0.0,0.0,0.0,0.0,0.0,no_change,7.25,2026-09-02T14:31:58,0.0,7.04999995231628,44.42,2026-09-03 13:44:14,2026-09-03 09:45:06
IBIT,IBIT261002C00037500,IBIT,2026-10-02,C,37.5,0.0,0.0,0.0,0.0,0.0,100.0,0.0,0.0,0.0,0.0,0.0,0.0,0.0,0.0,0.0,0.0,0.0,down,6.95,2026-09-01T12:02:18,0.0,6.60000014305115,44.42,2026-09-03 13:44:14,2026-09-03 09:45:06
IBIT,IBIT261002C00038000,IBIT,2026-10-02,C,38.0,0.0,0.0,0.0,0.0,0.0,254.0,0.0,0.0,0.0,0.0,0.0,0.0,0.0,0.0,0.0,0.0,0.0,down,6.01,2026-09-02T11:07:51,0.0,6.14999985694885,44.42,2026-09-03 13:44:14,2026-09-03 09:45:06
IBIT,IBIT261002C00038500,IBIT,2026-10-02,C,38.5,0.0,0.0,0.0,0.0,0.0,195.0,0.0,0.0,0.0,0.0,0.0,0.0,0.0,0.0,0.0,0.0,0.0,down,5.65,2026-09-02T13:07:15,0.0,5.70000004768372,44.42,2026-09-03 13:44:14,2026-09-03 09:45:06
IBIT,IBIT261002C00039000,IBIT,2026-10-02,C,39.0,0.0,0.0,0.0,0.0,0.0,284.0,0.0,0.0,0.0,0.0,0.0,0.0,0.0,0.0,0.0,0.0,0.0,up,5.25,2026-09-02T11:58:22,0.0,5.25,44.42,2026-09-03 13:44:14,2026-09-03 09:45:06
IBIT,IBIT261002C00039500,IBIT,2026-10-02,C,39.5,0.0,0.0,0.0,0.0,0.0,103.0,0.0,0.0,0.0,0.0,0.0,0.0,0.0,0.0,0.0,0.0,0.0,down,5.0,2026-09-01T12:19:13,0.0,4.79999995231628,44.42,2026-09-03 13:44:14,2026-09-03 09:45:06
IBIT,IBIT261002C00040000,IBIT,2026-10-02,C,40.0,0.0,0.0,0.0,0.0,0.0,819.0,0.0,0.0,0.0,0.0,0.0,0.0,0.0,0.0,0.0,0.0,0.0,down,4.31,2026-09-02T09:57:21,0.0,4.39999985694885,44.42,2026-09-03 13:44:14,2026-09-03 09:45:06
IBIT,IBIT261002C00040500,IBIT,2026-10-02,C,40.5,0.0,0.0,0.0,0.0,0.0,351.0,0.0,0.0,0.0,0.0,0.0,0.0,0.0,0.0,0.0,0.0,0.0,down,3.82,2026-09-01T14:40:04,0.0,3.97500002384186,44.42,2026-09-03 13:44:14,2026-09-03 09:45:06
IBIT,IBIT261002C00041000,IBIT,2026-10-02,C,41.0,0.0,0.0,0.0,0.0,0.0,295.0,0.0,0.0,0.0,0.0,0.0,0.0,0.0,0.0,0.0,0.0,0.0,up,3.7,2026-09-02T12:33:39,0.0,3.60000002384186,44.42,2026-09-03 13:44:14,2026-09-03 09:45:06
IBIT,IBIT261002C00041500,IBIT,2026-10-02,C,41.5,0.0,0.0,0.0,0.0,0.0,234.0,0.0,0.0,0.0,0.0,0.0,0.0,0.0,0.0,0.0,0.0,0.0,down,3.19,2026-09-01T14:36:17,0.0,3.22500002384186,44.42,2026-09-03 13:44:14,2026-09-03 09:45:06
IBIT,IBIT261002C00042000,IBIT,2026-10-02,C,42.0,0.0,0.0,0.0,0.0,0.0,1374.0,0.0,0.0,0.0,0.0,0.0,0.0,0.0,0.0,0.0,0.0,0.0,up,2.95,2026-09-02T12:16:23,0.0,2.87999999523163,44.42,2026-09-03 13:44:14,2026-09-03 09:45:06
IBIT,IBIT261002C00042500,IBIT,2026-10-02,C,42.5,0.0,0.0,0.0,0.0,0.0,29.0,0.0,0.0,0.0,0.0,0.0,0.0,0.0,0.0,0.0,0.0,0.0,up,2.62,2026-09-02T15:05:57,0.0,2.55999994277954,44.42,2026-09-03 13:44:14,2026-09-03 09:45:06
IBIT,IBIT261002C00043000,IBIT,2026-10-02,C,43.0,0.0,0.0,0.0,0.0,0.0,696.0,0.0,0.0,0.0,0.0,0.0,0.0,0.0,0.0,0.0,0.0,0.0,up,2.25,2026-09-02T10:58:50,0.0,2.26999998092651,44.42,2026-09-03 13:44:14,2026-09-03 09:45:06
IBIT,IBIT261002C00043500,IBIT,2026-10-02,C,43.5,0.0,0.0,0.0,0.0,0.0,72.0,0.0,0.0,0.0,0.0,0.0,0.0,0.0,0.0,0.0,0.0,0.0,down,2.01,2026-09-02T15:23:54,0.0,1.99500000476837,44.42,2026-09-03 13:44:14,2026-09-03 09:45:06
IBIT,IBIT261002C00044000,IBIT,2026-10-02,C,44.0,0.0,0.0,0.0,0.0,0.0,3238.0,0.0,0.0,0.0,0.0,0.0,0.0,0.0,0.0,0.0,0.0,0.0,up,1.79,2026-09-02T15:03:13,0.0,1.75,44.42,2026-09-03 13:44:14,2026-09-03 09:45:06
IBIT,IBIT261002C00044500,IBIT,2026-10-02,C,44.5,0.0,0.0,0.0,0.0,0.0,252.0,0.0,0.0,0.0,0.0,0.0,0.0,0.0,0.0,0.0,0.0,0.0,up,1.45,2026-09-02T11:17:09,0.0,1.52499997615814,44.42,2026-09-03 13:44:14,2026-09-03 09:45:06
IBIT,IBIT261002C00045000,IBIT,2026-10-02,C,45.0,0.0,0.0,0.0,0.0,0.0,9631.0,0.0,0.0,0.0,0.0,0.0,0.0,0.0,0.0,0.0,0.0,0.0,down,1.27,2026-09-02T13:21:58,0.0,1.33000004291534,44.42,2026-09-03 13:44:14,2026-09-03 09:45:06
IBIT,IBIT261002C00045500,IBIT,2026-10-02,C,45.5,0.0,0.0,0.0,0.0,0.0,172.0,0.0,0.0,0.0,0.0,0.0,0.0,0.0,0.0,0.0,0.0,0.0,down,1.14,2026-09-02T15:37:23,0.0,1.14999997615814,44.42,2026-09-03 13:44:14,2026-09-03 09:45:06
IBIT,IBIT261002C00046000,IBIT,2026-10-02,C,46.0,0.0,0.0,0.0,0.0,0.0,761.0,0.0,0.0,0.0,0.0,0.0,0.0,0.0,0.0,0.0,0.0,0.0,no_change,0.99,2026-09-02T15:32:41,0.0,0.990000009536743,44.42,2026-09-03 13:44:14,2026-09-03 09:45:06
IBIT,IBIT261002C00046500,IBIT,2026-10-02,C,46.5,0.0,0.0,0.0,0.0,0.0,489.0,0.0,0.0,0.0,0.0,0.0,0.0,0.0,0.0,0.0,0.0,0.0,no_change,0.87,2026-09-02T15:22:28,0.0,0.860000014305115,44.42,2026-09-03 13:44:14,2026-09-03 09:45:06
IBIT,IBIT261002C00047000,IBIT,2026-10-02,C,47.0,0.0,0.0,0.0,0.0,0.0,513.0,0.0,0.0,0.0,0.0,0.0,0.0,0.0,0.0,0.0,0.0,0.0,down,0.73,2026-09-02T15:30:35,0.0,0.740000009536743,44.42,2026-09-03 13:44:14,2026-09-03 09:45:06
IBIT,IBIT261002C00047500,IBIT,2026-10-02,C,47.5,0.0,0.0,0.0,0.0,0.0,594.0,0.0,0.0,0.0,0.0,0.0,0.0,0.0,0.0,0.0,0.0,0.0,down,0.66,2026-09-02T15:16:41,0.0,0.639999985694885,44.42,2026-09-03 13:44:14,2026-09-03 09:45:06
IBIT,IBIT261002C00048000,IBIT,2026-10-02,C,48.0,0.0,0.0,0.0,0.0,0.0,437.0,0.0,0.0,0.0,0.0,0.0,0.0,0.0,0.0,0.0,0.0,0.0,up,0.58,2026-09-02T14:18:50,0.0,0.550000011920929,44.42,2026-09-03 13:44:14,2026-09-03 09:45:06
IBIT,IBIT261002C00048500,IBIT,2026-10-02,C,48.5,0.0,0.0,0.0,0.0,0.0,529.0,0.0,0.0,0.0,0.0,0.0,0.0,0.0,0.0,0.0,0.0,0.0,down,0.47,2026-09-02T11:27:21,0.0,0.474999994039536,44.42,2026-09-03 13:44:14,2026-09-03 09:45:06
IBIT,IBIT261002C00049000,IBIT,2026-10-02,C,49.0,0.0,0.0,0.0,0.0,0.0,169.0,0.0,0.0,0.0,0.0,0.0,0.0,0.0,0.0,0.0,0.0,0.0,down,0.41,2026-09-02T15:29:27,0.0,0.409999996423721,44.42,2026-09-03 13:44:14,2026-09-03 09:45:06
IBIT,IBIT261002C00049500,IBIT,2026-10-02,C,49.5,0.0,0.0,0.0,0.0,0.0,37.0,0.0,0.0,0.0,0.0,0.0,0.0,0.0,0.0,0.0,0.0,0.0,no_change,0.36,2026-09-02T14:27:15,0.0,0.355000004172325,44.42,2026-09-03 13:44:14,2026-09-03 09:45:06
IBIT,IBIT261002C00050000,IBIT,2026-10-02,C,50.0,0.0,0.0,0.0,0.0,0.0,2123.0,0.0,0.0,0.0,0.0,0.0,0.0,0.0,0.0,0.0,0.0,0.0,no_change,0.31,2026-09-02T15:44:34,0.0,0.305000007152557,44.42,2026-09-03 13:44:14,2026-09-03 09:45:06
IBIT,IBIT261002C00050500,IBIT,2026-10-02,C,50.5,0.0,0.0,0.0,0.0,0.0,34.0,0.0,0.0,0.0,0.0,0.0,0.0,0.0,0.0,0.0,0.0,0.0,down,0.28,2026-09-02T10:14:11,0.0,0.265000000596046,44.42,2026-09-03 13:44:14,2026-09-03 09:45:06
IBIT,IBIT261002C00051000,IBIT,2026-10-02,C,51.0,0.0,0.0,0.0,0.0,0.0,105.0,0.0,0.0,0.0,0.0,0.0,0.0,0.0,0.0,0.0,0.0,0.0,no_change,0.24,2026-09-02T12:17:30,0.0,0.234999999403954,44.42,2026-09-03 13:44:14,2026-09-03 09:45:06
IBIT,IBIT261002C00051500,IBIT,2026-10-02,C,51.5,0.0,0.0,0.0,0.0,0.0,191.0,0.0,0.0,0.0,0.0,0.0,0.0,0.0,0.0,0.0,0.0,0.0,up,0.21,2026-09-02T15:54:40,0.0,0.204999998211861,44.42,2026-09-03 13:44:14,2026-09-03 09:45:06
IBIT,IBIT261002C00052000,IBIT,2026-10-02,C,52.0,0.0,0.0,0.0,0.0,0.0,378.0,0.0,0.0,0.0,0.0,0.0,0.0,0.0,0.0,0.0,0.0,0.0,no_change,0.17,2026-09-02T13:05:11,0.0,0.185000002384186,44.42,2026-09-03 13:44:14,2026-09-03 09:45:06
IBIT,IBIT261002C00052500,IBIT,2026-10-02,C,52.5,0.0,0.0,0.0,0.0,0.0,1086.0,0.0,0.0,0.0,0.0,0.0,0.0,0.0,0.0,0.0,0.0,0.0,up,0.27,2026-08-31T15:14:13,0.0,0.16499999910593,44.42,2026-09-03 13:44:14,2026-09-03 09:45:06
IBIT,IBIT261002C00053000,IBIT,2026-10-02,C,53.0,0.0,0.0,0.0,0.0,0.0,150.0,0.0,0.0,0.0,0.0,0.0,0.0,0.0,0.0,0.0,0.0,0.0,down,0.14,2026-09-02T15:12:41,0.0,0.145000003278255,44.42,2026-09-03 13:44:14,2026-09-03 09:45:06
IBIT,IBIT261002C00053500,IBIT,2026-10-02,C,53.5,0.0,0.0,0.0,0.0,0.0,105.0,0.0,0.0,0.0,0.0,0.0,0.0,0.0,0.0,0.0,0.0,0.0,no_change,0.21,2026-08-31T15:11:56,0.0,0.134999997913837,44.42,2026-09-03 13:44:14,2026-09-03 09:45:06
IBIT,IBIT261002C00054000,IBIT,2026-10-02,C,54.0,0.0,0.0,0.0,0.0,0.0,320.0,0.0,0.0,0.0,0.0,0.0,0.0,0.0,0.0,0.0,0.0,0.0,down,0.11,2026-09-02T13:08:51,0.0,0.119999997317791,44.42,2026-09-03 13:44:14,2026-09-03 09:45:06
IBIT,IBIT261002C00054500,IBIT,2026-10-02,C,54.5,0.0,0.0,0.0,0.0,0.0,165.0,0.0,0.0,0.0,0.0,0.0,0.0,0.0,0.0,0.0,0.0,0.0,no_change,0.14,2026-09-01T09:30:00,0.0,0.109999999403954,44.42,2026-09-03 13:44:14,2026-09-03 09:45:06
IBIT,IBIT261002C00055000,IBIT,2026-10-02,C,55.0,0.0,0.0,0.0,0.0,0.0,2205.0,0.0,0.0,0.0,0.0,0.0,0.0,0.0,0.0,0.0,0.0,0.0,no_change,0.11,2026-09-02T14:30:14,0.0,0.100000001490116,44.42,2026-09-03 13:44:14,2026-09-03 09:45:06
IBIT,IBIT261002C00060000,IBIT,2026-10-02,C,60.0,0.0,0.0,0.0,0.0,0.0,753.0,0.0,0.0,0.0,0.0,0.0,0.0,0.0,0.0,0.0,0.0,0.0,down,0.06,2026-09-02T09:48:41,0.0,0.0549999997019768,44.42,2026-09-03 13:44:14,2026-09-03 09:45:06
IBIT,IBIT261002C00065000,IBIT,2026-10-02,C,65.0,0.0,0.0,0.0,0.0,0.0,549.0,0.0,0.0,0.0,0.0,0.0,0.0,0.0,0.0,0.0,0.0,0.0,no_change,0.03,2026-09-02T12:14:09,0.0,0.034999999217689,44.42,2026-09-03 13:44:14,2026-09-03 09:45:06
IBIT,IBIT261002P00020000,IBIT,2026-10-02,P,20.0,0.0,0.0,0.0,0.0,0.0,188.0,0.0,0.0,0.0,0.0,0.0,0.0,0.0,0.0,0.0,0.0,0.0,no_change,0.02,2026-09-02T12:42:40,0.0,0.0199999995529652,44.42,2026-09-03 13:44:14,2026-09-03 09:45:06
IBIT,IBIT261002P00025000,IBIT,2026-10-02,P,25.0,0.0,0.0,0.0,0.0,0.0,314.0,0.0,0.0,0.0,0.0,0.0,0.0,0.0,0.0,0.0,0.0,0.0,down,0.04,2026-09-01T11:35:45,0.0,0.034999999217689,44.42,2026-09-03 13:44:14,2026-09-03 09:45:06
IBIT,IBIT261002P00029000,IBIT,2026-10-02,P,29.0,0.0,0.0,0.0,0.0,0.0,473.0,0.0,0.0,0.0,0.0,0.0,0.0,0.0,0.0,0.0,0.0,0.0,down,0.06,2026-09-02T13:22:41,0.0,0.0649999994784594,44.42,2026-09-03 13:44:14,2026-09-03 09:45:06
IBIT,IBIT261002P00030000,IBIT,2026-10-02,P,30.0,0.0,0.0,0.0,0.0,0.0,1213.0,0.0,0.0,0.0,0.0,0.0,0.0,0.0,0.0,0.0,0.0,0.0,up,0.09,2026-09-01T15:32:44,0.0,0.0699999984353781,44.42,2026-09-03 13:44:14,2026-09-03 09:45:06
IBIT,IBIT261002P00031000,IBIT,2026-10-02,P,31.0,0.0,0.0,0.0,0.0,0.0,1644.0,0.0,0.0,0.0,0.0,0.0,0.0,0.0,0.0,0.0,0.0,0.0,up,0.09,2026-09-01T14:16:28,0.0,0.080000001937151,44.42,2026-09-03 13:44:14,2026-09-03 09:45:06
IBIT,IBIT261002P00031500,IBIT,2026-10-02,P,31.5,0.0,0.0,0.0,0.0,0.0,290.0,0.0,0.0,0.0,0.0,0.0,0.0,0.0,0.0,0.0,0.0,0.0,no_change,0.19,2026-08-20T09:37:07,0.0,0.080000001937151,44.42,2026-09-03 13:44:14,2026-09-03 09:45:06
IBIT,IBIT261002P00032000,IBIT,2026-10-02,P,32.0,0.0,0.0,0.0,0.0,0.0,334.0,0.0,0.0,0.0,0.0,0.0,0.0,0.0,0.0,0.0,0.0,0.0,up,0.1,2026-09-01T15:42:53,0.0,0.0899999998509884,44.42,2026-09-03 13:44:14,2026-09-03 09:45:06
IBIT,IBIT261002P00032500,IBIT,2026-10-02,P,32.5,0.0,0.0,0.0,0.0,0.0,100.0,0.0,0.0,0.0,0.0,0.0,0.0,0.0,0.0,0.0,0.0,0.0,down,0.11,2026-08-27T09:34:48,0.0,0.0899999998509884,44.42,2026-09-03 13:44:14,2026-09-03 09:45:06
IBIT,IBIT261002P00033000,IBIT,2026-10-02,P,33.0,0.0,0.0,0.0,0.0,0.0,499.0,0.0,0.0,0.0,0.0,0.0,0.0,0.0,0.0,0.0,0.0,0.0,up,0.11,2026-09-01T14:01:20,0.0,0.100000001490116,44.42,2026-09-03 13:44:14,2026-09-03 09:45:06
IBIT,IBIT261002P00033500,IBIT,2026-10-02,P,33.5,0.0,0.0,0.0,0.0,0.0,10.0,0.0,0.0,0.0,0.0,0.0,0.0,0.0,0.0,0.0,0.0,0.0,no_change,0.12,2026-08-28T09:44:55,0.0,0.105000000447035,44.42,2026-09-03 13:44:14,2026-09-03 09:45:06
IBIT,IBIT261002P00034000,IBIT,2026-10-02,P,34.0,0.0,0.0,0.0,0.0,0.0,247.0,0.0,0.0,0.0,0.0,0.0,0.0,0.0,0.0,0.0,0.0,0.0,no_change,0.13,2026-09-02T10:10:11,0.0,0.114999998360872,44.42,2026-09-03 13:44:14,2026-09-03 09:45:06
IBIT,IBIT261002P00034500,IBIT,2026-10-02,P,34.5,0.0,0.0,0.0,0.0,0.0,346.0,0.0,0.0,0.0,0.0,0.0,0.0,0.0,0.0,0.0,0.0,0.0,no_change,0.13,2026-09-02T12:24:42,0.0,0.119999997317791,44.42,2026-09-03 13:44:14,2026-09-03 09:45:06
IBIT,IBIT261002P00035000,IBIT,2026-10-02,P,35.0,0.0,0.0,0.0,0.0,0.0,2673.0,0.0,0.0,0.0,0.0,0.0,0.0,0.0,0.0,0.0,0.0,0.0,up,0.14,2026-09-02T15:53:58,0.0,0.134999997913837,44.42,2026-09-03 13:44:14,2026-09-03 09:45:06
IBIT,IBIT261002P00035500,IBIT,2026-10-02,P,35.5,0.0,0.0,0.0,0.0,0.0,1107.0,0.0,0.0,0.0,0.0,0.0,0.0,0.0,0.0,0.0,0.0,0.0,no_change,0.15,2026-09-02T14:11:53,0.0,0.145000003278255,44.42,2026-09-03 13:44:14,2026-09-03 09:45:06
IBIT,IBIT261002P00036000,IBIT,2026-10-02,P,36.0,0.0,0.0,0.0,0.0,0.0,584.0,0.0,0.0,0.0,0.0,0.0,0.0,0.0,0.0,0.0,0.0,0.0,down,0.16,2026-09-02T11:42:47,0.0,0.160000003874302,44.42,2026-09-03 13:44:14,2026-09-03 09:45:06
IBIT,IBIT261002P00036500,IBIT,2026-10-02,P,36.5,0.0,0.0,0.0,0.0,0.0,508.0,0.0,0.0,0.0,0.0,0.0,0.0,0.0,0.0,0.0,0.0,0.0,down,0.17,2026-09-02T13:19:04,0.0,0.179999999701977,44.42,2026-09-03 13:44:14,2026-09-03 09:45:06
IBIT,IBIT261002P00037000,IBIT,2026-10-02,P,37.0,0.0,0.0,0.0,0.0,0.0,1216.0,0.0,0.0,0.0,0.0,0.0,0.0,0.0,0.0,0.0,0.0,0.0,no_change,0.2,2026-09-02T13:36:54,0.0,0.199999995529652,44.42,2026-09-03 13:44:14,2026-09-03 09:45:06
IBIT,IBIT261002P00037500,IBIT,2026-10-02,P,37.5,0.0,0.0,0.0,0.0,0.0,1812.0,0.0,0.0,0.0,0.0,0.0,0.0,0.0,0.0,0.0,0.0,0.0,no_change,0.29,2026-09-01T15:16:41,0.0,0.229999996721745,44.42,2026-09-03 13:44:14,2026-09-03 09:45:06
IBIT,IBIT261002P00038000,IBIT,2026-10-02,P,38.0,0.0,0.0,0.0,0.0,0.0,1795.0,0.0,0.0,0.0,0.0,0.0,0.0,0.0,0.0,0.0,0.0,0.0,no_change,0.26,2026-09-02T15:34:39,0.0,0.265000000596046,44.42,2026-09-03 13:44:14,2026-09-03 09:45:06
IBIT,IBIT261002P00038500,IBIT,2026-10-02,P,38.5,0.0,0.0,0.0,0.0,0.0,417.0,0.0,0.0,0.0,0.0,0.0,0.0,0.0,0.0,0.0,0.0,0.0,down,0.32,2026-09-02T10:49:24,0.0,0.305000007152557,44.42,2026-09-03 13:44:14,2026-09-03 09:45:06
IBIT,IBIT261002P00039000,IBIT,2026-10-02,P,39.0,0.0,0.0,0.0,0.0,0.0,1044.0,0.0,0.0,0.0,0.0,0.0,0.0,0.0,0.0,0.0,0.0,0.0,up,0.36,2026-09-02T15:35:42,0.0,0.359999999403954,44.42,2026-09-03 13:44:14,2026-09-03 09:45:06
IBIT,IBIT261002P00039500,IBIT,2026-10-02,P,39.5,0.0,0.0,0.0,0.0,0.0,821.0,0.0,0.0,0.0,0.0,0.0,0.0,0.0,0.0,0.0,0.0,0.0,down,0.41,2026-09-02T13:52:06,0.0,0.424999997019768,44.42,2026-09-03 13:44:14,2026-09-03 09:45:06
IBIT,IBIT261002P00040000,IBIT,2026-10-02,P,40.0,0.0,0.0,0.0,0.0,0.0,5145.0,0.0,0.0,0.0,0.0,0.0,0.0,0.0,0.0,0.0,0.0,0.0,down,0.49,2026-09-02T15:59:27,0.0,0.504999995231628,44.42,2026-09-03 13:44:14,2026-09-03 09:45:06
IBIT,IBIT261002P00040500,IBIT,2026-10-02,P,40.5,0.0,0.0,0.0,0.0,0.0,735.0,0.0,0.0,0.0,0.0,0.0,0.0,0.0,0.0,0.0,0.0,0.0,no_change,0.61,2026-09-02T15:55:25,0.0,0.594999998807907,44.42,2026-09-03 13:44:14,2026-09-03 09:45:06
IBIT,IBIT261002P00041000,IBIT,2026-10-02,P,41.0,0.0,0.0,0.0,0.0,0.0,1378.0,0.0,0.0,0.0,0.0,0.0,0.0,0.0,0.0,0.0,0.0,0.0,down,0.7,2026-09-02T15:58:27,0.0,0.71000000834465,44.42,2026-09-03 13:44:14,2026-09-03 09:45:06
IBIT,IBIT261002P00041500,IBIT,2026-10-02,P,41.5,0.0,0.0,0.0,0.0,0.0,285.0,0.0,0.0,0.0,0.0,0.0,0.0,0.0,0.0,0.0,0.0,0.0,down,0.8,2026-09-02T12:28:26,0.0,0.840000003576279,44.42,2026-09-03 13:44:14,2026-09-03 09:45:06
IBIT,IBIT261002P00042000,IBIT,2026-10-02,P,42.0,0.0,0.0,0.0,0.0,0.0,2764.0,0.0,0.0,0.0,0.0,0.0,0.0,0.0,0.0,0.0,0.0,0.0,down,0.95,2026-09-02T14:19:54,0.0,1.0,44.42,2026-09-03 13:44:14,2026-09-03 09:45:06
IBIT,IBIT261002P00042500,IBIT,2026-10-02,P,42.5,0.0,0.0,0.0,0.0,0.0,456.0,0.0,0.0,0.0,0.0,0.0,0.0,0.0,0.0,0.0,0.0,0.0,up,1.18,2026-09-02T15:20:30,0.0,1.18000000715256,44.42,2026-09-03 13:44:14,2026-09-03 09:45:06
IBIT,IBIT261002P00043000,IBIT,2026-10-02,P,43.0,0.0,0.0,0.0,0.0,0.0,364.0,0.0,0.0,0.0,0.0,0.0,0.0,0.0,0.0,0.0,0.0,0.0,down,1.34,2026-09-02T14:15:16,0.0,1.38499999046326,44.42,2026-09-03 13:44:14,2026-09-03 09:45:06
IBIT,IBIT261002P00043500,IBIT,2026-10-02,P,43.5,0.0,0.0,0.0,0.0,0.0,310.0,0.0,0.0,0.0,0.0,0.0,0.0,0.0,0.0,0.0,0.0,0.0,up,1.62,2026-09-02T15:32:46,0.0,1.61500000953674,44.42,2026-09-03 13:44:14,2026-09-03 09:45:06
IBIT,IBIT261002P00044000,IBIT,2026-10-02,P,44.0,0.0,0.0,0.0,0.0,0.0,1640.0,0.0,0.0,0.0,0.0,0.0,0.0,0.0,0.0,0.0,0.0,0.0,no_change,1.88,2026-09-02T15:48:22,0.0,1.87000000476837,44.42,2026-09-03 13:44:14,2026-09-03 09:45:06
IBIT,IBIT261002P00044500,IBIT,2026-10-02,P,44.5,0.0,0.0,0.0,0.0,0.0,179.0,0.0,0.0,0.0,0.0,0.0,0.0,0.0,0.0,0.0,0.0,0.0,no_change,2.17,2026-09-02T10:12:20,0.0,2.1450001001358,44.42,2026-09-03 13:44:14,2026-09-03 09:45:06
IBIT,IBIT261002P00045000,IBIT,2026-10-02,P,45.0,0.0,0.0,0.0,0.0,0.0,686.0,0.0,0.0,0.0,0.0,0.0,0.0,0.0,0.0,0.0,0.0,0.0,down,2.39,2026-09-02T14:35:39,0.0,2.44500005245209,44.42,2026-09-03 13:44:14,2026-09-03 09:45:06
IBIT,IBIT261002P00045500,IBIT,2026-10-02,P,45.5,0.0,0.0,0.0,0.0,0.0,429.0,0.0,0.0,0.0,0.0,0.0,0.0,0.0,0.0,0.0,0.0,0.0,up,3.0,2026-09-01T14:53:59,0.0,2.77499997615814,44.42,2026-09-03 13:44:14,2026-09-03 09:45:06
IBIT,IBIT261002P00046000,IBIT,2026-10-02,P,46.0,0.0,0.0,0.0,0.0,0.0,192.0,0.0,0.0,0.0,0.0,0.0,0.0,0.0,0.0,0.0,0.0,0.0,up,3.3,2026-09-01T14:27:30,0.0,3.125,44.42,2026-09-03 13:44:14,2026-09-03 09:45:06
IBIT,IBIT261002P00046500,IBIT,2026-10-02,P,46.5,0.0,0.0,0.0,0.0,0.0,30.0,0.0,0.0,0.0,0.0,0.0,0.0,0.0,0.0,0.0,0.0,0.0,down,3.5,2026-09-01T12:38:04,0.0,3.5,44.42,2026-09-03 13:44:14,2026-09-03 09:45:06
IBIT,IBIT261002P00047000,IBIT,2026-10-02,P,47.0,0.0,0.0,0.0,0.0,0.0,50.0,0.0,0.0,0.0,0.0,0.0,0.0,0.0,0.0,0.0,0.0,0.0,down,4.1,2026-09-02T09:33:54,0.0,3.875,44.42,2026-09-03 13:44:14,2026-09-03 09:45:06
IBIT,IBIT261002P00047500,IBIT,2026-10-02,P,47.5,0.0,0.0,0.0,0.0,0.0,14.0,0.0,0.0,0.0,0.0,0.0,0.0,0.0,0.0,0.0,0.0,0.0,up,3.9,2026-09-01T10:30:25,0.0,4.27499985694885,44.42,2026-09-03 13:44:14,2026-09-03 09:45:06
IBIT,IBIT261002P00048000,IBIT,2026-10-02,P,48.0,0.0,0.0,0.0,0.0,0.0,22.0,0.0,0.0,0.0,0.0,0.0,0.0,0.0,0.0,0.0,0.0,0.0,up,4.32,2026-08-31T11:20:33,0.0,4.70000004768372,44.42,2026-09-03 13:44:14,2026-09-03 09:45:06
IBIT,IBIT261002P00048500,IBIT,2026-10-02,P,48.5,0.0,0.0,0.0,0.0,0.0,11.0,0.0,0.0,0.0,0.0,0.0,0.0,0.0,0.0,0.0,0.0,0.0,down,4.0,2026-08-27T13:35:48,0.0,5.125,44.42,2026-09-03 13:44:14,2026-09-03 09:45:06
IBIT,IBIT261002P00049000,IBIT,2026-10-02,P,49.0,0.0,0.0,0.0,0.0,0.0,24.0,0.0,0.0,0.0,0.0,0.0,0.0,0.0,0.0,0.0,0.0,0.0,down,4.83,2026-08-31T13:06:42,0.0,5.57500004768372,44.42,2026-09-03 13:44:14,2026-09-03 09:45:06
IBIT,IBIT261002P00049500,IBIT,2026-10-02,P,49.5,0.0,0.0,0.0,0.0,0.0,10.0,0.0,0.0,0.0,0.0,0.0,0.0,0.0,0.0,0.0,0.0,0.0,down,5.51,2026-09-01T10:30:25,0.0,6.02499985694885,44.42,2026-09-03 13:44:14,2026-09-03 09:45:06
IBIT,IBIT261002P00050000,IBIT,2026-10-02,P,50.0,0.0,0.0,0.0,0.0,0.0,61.0,0.0,0.0,0.0,0.0,0.0,0.0,0.0,0.0,0.0,0.0,0.0,up,6.2,2026-09-01T11:30:35,0.0,6.47500014305115,44.42,2026-09-03 13:44:14,2026-09-03 09:45:06
IBIT,IBIT261002P00050500,IBIT,2026-10-02,P,50.5,0.0,0.0,0.0,0.0,0.0,0.0,0.0,0.0,0.0,0.0,0.0,0.0,0.0,0.0,0.0,0.0,0.0,no_change,0.0,,0.0,6.92499995231628,44.42,2026-09-03 13:44:14,2026-09-03 09:45:06
IBIT,IBIT261002P00051000,IBIT,2026-10-02,P,51.0,0.0,0.0,0.0,0.0,0.0,0.0,0.0,0.0,0.0,0.0,0.0,0.0,0.0,0.0,0.0,0.0,0.0,no_change,0.0,,0.0,7.40000009536743,44.42,2026-09-03 13:44:14,2026-09-03 09:45:06
IBIT,IBIT261002P00051500,IBIT,2026-10-02,P,51.5,0.0,0.0,0.0,0.0,0.0,0.0,0.0,0.0,0.0,0.0,0.0,0.0,0.0,0.0,0.0,0.0,0.0,no_change,0.0,,0.0,7.875,44.42,2026-09-03 13:44:14,2026-09-03 09:45:06
IBIT,IBIT261002P00052000,IBIT,2026-10-02,P,52.0,0.0,0.0,0.0,0.0,0.0,0.0,0.0,0.0,0.0,0.0,0.0,0.0,0.0,0.0,0.0,0.0,0.0,no_change,0.0,,0.0,8.375,44.42,2026-09-03 13:44:14,2026-09-03 09:45:06
IBIT,IBIT261002P00052500,IBIT,2026-10-02,P,52.5,0.0,0.0,0.0,0.0,0.0,0.0,0.0,0.0,0.0,0.0,0.0,0.0,0.0,0.0,0.0,0.0,0.0,no_change,0.0,,0.0,8.82499980926514,44.42,2026-09-03 13:44:14,2026-09-03 09:45:06
IBIT,IBIT261002P00053000,IBIT,2026-10-02,P,53.0,0.0,0.0,0.0,0.0,0.0,0.0,0.0,0.0,0.0,0.0,0.0,0.0,0.0,0.0,0.0,0.0,0.0,no_change,0.0,,0.0,9.32499980926514,44.42,2026-09-03 13:44:14,2026-09-03 09:45:06
IBIT,IBIT261002P00053500,IBIT,2026-10-02,P,53.5,0.0,0.0,0.0,0.0,0.0,0.0,0.0,0.0,0.0,0.0,0.0,0.0,0.0,0.0,0.0,0.0,0.0,no_change,0.0,,0.0,9.82499980926514,44.42,2026-09-03 13:44:14,2026-09-03 09:45:06
IBIT,IBIT261002P00054000,IBIT,2026-10-02,P,54.0,0.0,0.0,0.0,0.0,0.0,1.0,0.0,0.0,0.0,0.0,0.0,0.0,0.0,0.0,0.0,0.0,0.0,down,9.5,2026-08-25T09:36:02,0.0,10.3000001907349,44.42,2026-09-03 13:44:14,2026-09-03 09:45:06
IBIT,IBIT261002P00054500,IBIT,2026-10-02,P,54.5,0.0,0.0,0.0,0.0,0.0,1.0,0.0,0.0,0.0,0.0,0.0,0.0,0.0,0.0,0.0,0.0,0.0,up,10.75,2026-08-28T12:27:51,0.0,10.8000001907349,44.42,2026-09-03 13:44:14,2026-09-03 09:45:06
IBIT,IBIT261002P00055000,IBIT,2026-10-02,P,55.0,0.0,0.0,0.0,0.0,0.0,3.0,0.0,0.0,0.0,0.0,0.0,0.0,0.0,0.0,0.0,0.0,0.0,down,10.54,2026-08-24T15:03:04,0.0,11.2750000953674,44.42,2026-09-03 13:44:14,2026-09-03 09:45:06
IBIT,IBIT261002P00060000,IBIT,2026-10-02,P,60.0,0.0,0.0,0.0,0.0,0.0,0.0,0.0,0.0,0.0,0.0,0.0,0.0,0.0,0.0,0.0,0.0,0.0,no_change,0.0,,0.0,16.1999998092651,44.42,2026-09-03 13:44:14,2026-09-03 09:45:06
IBIT,IBIT261002P00065000,IBIT,2026-10-02,P,65.0,0.0,0.0,0.0,0.0,0.0,0.0,0.0,0.0,0.0,0.0,0.0,0.0,0.0,0.0,0.0,0.0,0.0,no_change,0.0,,0.0,21.3000001907349,44.42,2026-09-03 13:44:14,2026-09-03 09:45:06
IBIT,IBIT261009C00020000,IBIT,2026-10-09,C,20.0,0.0,0.0,0.0,0.0,0.0,0.0,0.0,0.0,0.0,0.0,0.0,0.0,0.0,0.0,0.0,0.0,0.0,no_change,0.0,,0.0,23.5249996185303,44.42,2026-09-03 13:44:14,2026-09-03 09:45:06
IBIT,IBIT261009C00025000,IBIT,2026-10-09,C,25.0,0.0,0.0,0.0,0.0,0.0,1.0,0.0,0.0,0.0,0.0,0.0,0.0,0.0,0.0,0.0,0.0,0.0,up,19.75,2026-08-31T11:35:18,0.0,18.7749996185303,44.42,2026-09-03 13:44:14,2026-09-03 09:45:06
IBIT,IBIT261009C00030000,IBIT,2026-10-09,C,30.0,0.0,0.0,0.0,0.0,0.0,0.0,0.0,0.0,0.0,0.0,0.0,0.0,0.0,0.0,0.0,0.0,0.0,no_change,0.0,,0.0,13.7750000953674,44.42,2026-09-03 13:44:14,2026-09-03 09:45:06
IBIT,IBIT261009C00031000,IBIT,2026-10-09,C,31.0,0.0,0.0,0.0,0.0,0.0,0.0,0.0,0.0,0.0,0.0,0.0,0.0,0.0,0.0,0.0,0.0,0.0,no_change,0.0,,0.0,12.7750000953674,44.42,2026-09-03 13:44:14,2026-09-03 09:45:06
IBIT,IBIT261009C00032000,IBIT,2026-10-09,C,32.0,0.0,0.0,0.0,0.0,0.0,0.0,0.0,0.0,0.0,0.0,0.0,0.0,0.0,0.0,0.0,0.0,0.0,no_change,0.0,,0.0,12.0,44.42,2026-09-03 13:44:14,2026-09-03 09:45:06
IBIT,IBIT261009C00033000,IBIT,2026-10-09,C,33.0,0.0,0.0,0.0,0.0,0.0,0.0,0.0,0.0,0.0,0.0,0.0,0.0,0.0,0.0,0.0,0.0,0.0,no_change,0.0,,0.0,11.0250000953674,44.42,2026-09-03 13:44:14,2026-09-03 09:45:06
IBIT,IBIT261009C00034000,IBIT,2026-10-09,C,34.0,0.0,0.0,0.0,0.0,0.0,0.0,0.0,0.0,0.0,0.0,0.0,0.0,0.0,0.0,0.0,0.0,0.0,no_change,0.0,,0.0,10.0500001907349,44.42,2026-09-03 13:44:14,2026-09-03 09:45:06
IBIT,IBIT261009C00035000,IBIT,2026-10-09,C,35.0,0.0,0.0,0.0,0.0,0.0,15.0,0.0,0.0,0.0,0.0,0.0,0.0,0.0,0.0,0.0,0.0,0.0,no_change,8.95,2026-09-02T10:36:23,0.0,9.07499980926514,44.42,2026-09-03 13:44:14,2026-09-03 09:45:06
IBIT,IBIT261009C00036000,IBIT,2026-10-09,C,36.0,0.0,0.0,0.0,0.0,0.0,0.0,0.0,0.0,0.0,0.0,0.0,0.0,0.0,0.0,0.0,0.0,0.0,no_change,0.0,,0.0,8.125,44.42,2026-09-03 13:44:14,2026-09-03 09:45:06
IBIT,IBIT261009C00037000,IBIT,2026-10-09,C,37.0,0.0,0.0,0.0,0.0,0.0,2.0,0.0,0.0,0.0,0.0,0.0,0.0,0.0,0.0,0.0,0.0,0.0,down,7.3,2026-09-01T14:01:36,0.0,7.17499995231628,44.42,2026-09-03 13:44:14,2026-09-03 09:45:06
IBIT,IBIT261009C00038000,IBIT,2026-10-09,C,38.0,0.0,0.0,0.0,0.0,0.0,10.0,0.0,0.0,0.0,0.0,0.0,0.0,0.0,0.0,0.0,0.0,0.0,down,6.62,2026-09-01T09:44:39,0.0,6.25,44.42,2026-09-03 13:44:14,2026-09-03 09:45:06
IBIT,IBIT261009C00039000,IBIT,2026-10-09,C,39.0,0.0,0.0,0.0,0.0,0.0,15.0,0.0,0.0,0.0,0.0,0.0,0.0,0.0,0.0,0.0,0.0,0.0,down,5.32,2026-09-02T13:06:58,0.0,5.375,44.42,2026-09-03 13:44:14,2026-09-03 09:45:06
IBIT,IBIT261009C00039500,IBIT,2026-10-09,C,39.5,0.0,0.0,0.0,0.0,0.0,214.0,0.0,0.0,0.0,0.0,0.0,0.0,0.0,0.0,0.0,0.0,0.0,no_change,5.15,2026-09-01T12:40:09,0.0,4.97500014305115,44.42,2026-09-03 13:44:14,2026-09-03 09:45:06
IBIT,IBIT261009C00040000,IBIT,2026-10-09,C,40.0,0.0,0.0,0.0,0.0,0.0,37.0,0.0,0.0,0.0,0.0,0.0,0.0,0.0,0.0,0.0,0.0,0.0,down,4.55,2026-09-02T09:59:40,0.0,4.54999995231628,44.42,2026-09-03 13:44:14,2026-09-03 09:45:06
IBIT,IBIT261009C00040500,IBIT,2026-10-09,C,40.5,0.0,0.0,0.0,0.0,0.0,3.0,0.0,0.0,0.0,0.0,0.0,0.0,0.0,0.0,0.0,0.0,0.0,down,4.1,2026-09-02T10:04:46,0.0,4.14999985694885,44.42,2026-09-03 13:44:14,2026-09-03 09:45:06
IBIT,IBIT261009C00041000,IBIT,2026-10-09,C,41.0,0.0,0.0,0.0,0.0,0.0,208.0,0.0,0.0,0.0,0.0,0.0,0.0,0.0,0.0,0.0,0.0,0.0,down,4.15,2026-08-28T15:58:07,0.0,3.79999995231628,44.42,2026-09-03 13:44:14,2026-09-03 09:45:06
IBIT,IBIT261009C00041500,IBIT,2026-10-09,C,41.5,0.0,0.0,0.0,0.0,0.0,3.0,0.0,0.0,0.0,0.0,0.0,0.0,0.0,0.0,0.0,0.0,0.0,down,3.54,2026-09-02T15:04:54,0.0,3.45000004768372,44.42,2026-09-03 13:44:14,2026-09-03 09:45:06
IBIT,IBIT261009C00042000,IBIT,2026-10-09,C,42.0,0.0,0.0,0.0,0.0,0.0,55.0,0.0,0.0,0.0,0.0,0.0,0.0,0.0,0.0,0.0,0.0,0.0,down,3.13,2026-09-02T10:50:37,0.0,3.10000002384186,44.42,2026-09-03 13:44:14,2026-09-03 09:45:06
IBIT,IBIT261009C00042500,IBIT,2026-10-09,C,42.5,0.0,0.0,0.0,0.0,0.0,200.0,0.0,0.0,0.0,0.0,0.0,0.0,0.0,0.0,0.0,0.0,0.0,no_change,3.15,2026-08-28T14:54:57,0.0,2.79499995708466,44.42,2026-09-03 13:44:14,2026-09-03 09:45:06
IBIT,IBIT261009C00043000,IBIT,2026-10-09,C,43.0,0.0,0.0,0.0,0.0,0.0,9.0,0.0,0.0,0.0,0.0,0.0,0.0,0.0,0.0,0.0,0.0,0.0,up,3.25,2026-08-31T15:03:27,0.0,2.50999999046326,44.42,2026-09-03 13:44:14,2026-09-03 09:45:06
IBIT,IBIT261009C00043500,IBIT,2026-10-09,C,43.5,0.0,0.0,0.0,0.0,0.0,89.0,0.0,0.0,0.0,0.0,0.0,0.0,0.0,0.0,0.0,0.0,0.0,down,2.18,2026-09-02T13:24:11,0.0,2.24500000476837,44.42,2026-09-03 13:44:14,2026-09-03 09:45:06
IBIT,IBIT261009C00044000,IBIT,2026-10-09,C,44.0,0.0,0.0,0.0,0.0,0.0,20.0,0.0,0.0,0.0,0.0,0.0,0.0,0.0,0.0,0.0,0.0,0.0,up,2.05,2026-09-02T13:52:32,0.0,1.99500000476837,44.42,2026-09-03 13:44:14,2026-09-03 09:45:06
IBIT,IBIT261009C00044500,IBIT,2026-10-09,C,44.5,0.0,0.0,0.0,0.0,0.0,306.0,0.0,0.0,0.0,0.0,0.0,0.0,0.0,0.0,0.0,0.0,0.0,up,1.81,2026-09-02T14:54:36,0.0,1.76999998092651,44.42,2026-09-03 13:44:14,2026-09-03 09:45:06
IBIT,IBIT261009C00045000,IBIT,2026-10-09,C,45.0,0.0,0.0,0.0,0.0,0.0,46.0,0.0,0.0,0.0,0.0,0.0,0.0,0.0,0.0,0.0,0.0,0.0,down,1.56,2026-09-02T15:40:26,0.0,1.56499999761581,44.42,2026-09-03 13:44:14,2026-09-03 09:45:06
IBIT,IBIT261009C00045500,IBIT,2026-10-09,C,45.5,0.0,0.0,0.0,0.0,0.0,59.0,0.0,0.0,0.0,0.0,0.0,0.0,0.0,0.0,0.0,0.0,0.0,down,1.35,2026-09-02T11:31:43,0.0,1.37999999523163,44.42,2026-09-03 13:44:14,2026-09-03 09:45:06
IBIT,IBIT261009C00046000,IBIT,2026-10-09,C,46.0,0.0,0.0,0.0,0.0,0.0,38.0,0.0,0.0,0.0,0.0,0.0,0.0,0.0,0.0,0.0,0.0,0.0,up,1.26,2026-09-02T14:30:49,0.0,1.2150000333786,44.42,2026-09-03 13:44:14,2026-09-03 09:45:06
IBIT,IBIT261009C00046500,IBIT,2026-10-09,C,46.5,0.0,0.0,0.0,0.0,0.0,18.0,0.0,0.0,0.0,0.0,0.0,0.0,0.0,0.0,0.0,0.0,0.0,down,1.18,2026-09-01T12:24:44,0.0,1.06999999284744,44.42,2026-09-03 13:44:14,2026-09-03 09:45:06
IBIT,IBIT261009C00047000,IBIT,2026-10-09,C,47.0,0.0,0.0,0.0,0.0,0.0,122.0,0.0,0.0,0.0,0.0,0.0,0.0,0.0,0.0,0.0,0.0,0.0,no_change,0.95,2026-09-02T15:22:28,0.0,0.939999997615814,44.42,2026-09-03 13:44:14,2026-09-03 09:45:06
IBIT,IBIT261009C00047500,IBIT,2026-10-09,C,47.5,0.0,0.0,0.0,0.0,0.0,115.0,0.0,0.0,0.0,0.0,0.0,0.0,0.0,0.0,0.0,0.0,0.0,down,0.85,2026-09-02T10:10:37,0.0,0.824999988079071,44.42,2026-09-03 13:44:14,2026-09-03 09:45:06
IBIT,IBIT261009C00048000,IBIT,2026-10-09,C,48.0,0.0,0.0,0.0,0.0,0.0,170.0,0.0,0.0,0.0,0.0,0.0,0.0,0.0,0.0,0.0,0.0,0.0,down,0.72,2026-09-02T11:55:24,0.0,0.730000019073486,44.42,2026-09-03 13:44:14,2026-09-03 09:45:06
IBIT,IBIT261009C00048500,IBIT,2026-10-09,C,48.5,0.0,0.0,0.0,0.0,0.0,12.0,0.0,0.0,0.0,0.0,0.0,0.0,0.0,0.0,0.0,0.0,0.0,down,0.62,2026-09-02T11:00:21,0.0,0.639999985694885,44.42,2026-09-03 13:44:14,2026-09-03 09:45:06
IBIT,IBIT261009C00049000,IBIT,2026-10-09,C,49.0,0.0,0.0,0.0,0.0,0.0,314.0,0.0,0.0,0.0,0.0,0.0,0.0,0.0,0.0,0.0,0.0,0.0,up,0.57,2026-09-02T12:41:33,0.0,0.560000002384186,44.42,2026-09-03 13:44:14,2026-09-03 09:45:06
IBIT,IBIT261009C00049500,IBIT,2026-10-09,C,49.5,0.0,0.0,0.0,0.0,0.0,31.0,0.0,0.0,0.0,0.0,0.0,0.0,0.0,0.0,0.0,0.0,0.0,down,0.49,2026-09-02T11:00:21,0.0,0.495000004768372,44.42,2026-09-03 13:44:14,2026-09-03 09:45:06
IBIT,IBIT261009C00050000,IBIT,2026-10-09,C,50.0,0.0,0.0,0.0,0.0,0.0,222.0,0.0,0.0,0.0,0.0,0.0,0.0,0.0,0.0,0.0,0.0,0.0,down,0.43,2026-09-02T11:00:21,0.0,0.435000002384186,44.42,2026-09-03 13:44:14,2026-09-03 09:45:06
IBIT,IBIT261009C00050500,IBIT,2026-10-09,C,50.5,0.0,0.0,0.0,0.0,0.0,6.0,0.0,0.0,0.0,0.0,0.0,0.0,0.0,0.0,0.0,0.0,0.0,down,0.5,2026-08-28T15:37:23,0.0,0.384999990463257,44.42,2026-09-03 13:44:14,2026-09-03 09:45:06
IBIT,IBIT261009C00051000,IBIT,2026-10-09,C,51.0,0.0,0.0,0.0,0.0,0.0,48.0,0.0,0.0,0.0,0.0,0.0,0.0,0.0,0.0,0.0,0.0,0.0,down,0.33,2026-09-02T10:59:29,0.0,0.344999998807907,44.42,2026-09-03 13:44:14,2026-09-03 09:45:06
IBIT,IBIT261009C00052000,IBIT,2026-10-09,C,52.0,0.0,0.0,0.0,0.0,0.0,4540.0,0.0,0.0,0.0,0.0,0.0,0.0,0.0,0.0,0.0,0.0,0.0,up,0.28,2026-09-02T15:54:17,0.0,0.275000005960464,44.42,2026-09-03 13:44:14,2026-09-03 09:45:06
IBIT,IBIT261009C00053000,IBIT,2026-10-09,C,53.0,0.0,0.0,0.0,0.0,0.0,97.0,0.0,0.0,0.0,0.0,0.0,0.0,0.0,0.0,0.0,0.0,0.0,no_change,0.21,2026-09-02T13:21:19,0.0,0.219999998807907,44.42,2026-09-03 13:44:14,2026-09-03 09:45:06
IBIT,IBIT261009C00054000,IBIT,2026-10-09,C,54.0,0.0,0.0,0.0,0.0,0.0,21.0,0.0,0.0,0.0,0.0,0.0,0.0,0.0,0.0,0.0,0.0,0.0,down,0.22,2026-09-01T12:05:49,0.0,0.179999999701977,44.42,2026-09-03 13:44:14,2026-09-03 09:45:06
IBIT,IBIT261009C00055000,IBIT,2026-10-09,C,55.0,0.0,0.0,0.0,0.0,0.0,304.0,0.0,0.0,0.0,0.0,0.0,0.0,0.0,0.0,0.0,0.0,0.0,up,0.15,2026-09-02T11:04:51,0.0,0.155000001192093,44.42,2026-09-03 13:44:14,2026-09-03 09:45:06
IBIT,IBIT261009C00060000,IBIT,2026-10-09,C,60.0,0.0,0.0,0.0,0.0,0.0,2001.0,0.0,0.0,0.0,0.0,0.0,0.0,0.0,0.0,0.0,0.0,0.0,up,0.11,2026-09-01T10:53:43,0.0,0.080000001937151,44.42,2026-09-03 13:44:14,2026-09-03 09:45:06
IBIT,IBIT261009C00065000,IBIT,2026-10-09,C,65.0,0.0,0.0,0.0,0.0,0.0,0.0,0.0,0.0,0.0,0.0,0.0,0.0,0.0,0.0,0.0,0.0,0.0,no_change,0.0,,0.0,0.0549999997019768,44.42,2026-09-03 13:44:14,2026-09-03 09:45:06
IBIT,IBIT261009P00020000,IBIT,2026-10-09,P,20.0,0.0,0.0,0.0,0.0,0.0,5.0,0.0,0.0,0.0,0.0,0.0,0.0,0.0,0.0,0.0,0.0,0.0,up,0.03,2026-09-01T14:17:08,0.0,0.0249999994412065,44.42,2026-09-03 13:44:14,2026-09-03 09:45:06
IBIT,IBIT261009P00025000,IBIT,2026-10-09,P,25.0,0.0,0.0,0.0,0.0,0.0,24.0,0.0,0.0,0.0,0.0,0.0,0.0,0.0,0.0,0.0,0.0,0.0,no_change,0.06,2026-09-01T15:48:29,0.0,0.0449999999254942,44.42,2026-09-03 13:44:14,2026-09-03 09:45:06
IBIT,IBIT261009P00030000,IBIT,2026-10-09,P,30.0,0.0,0.0,0.0,0.0,0.0,916.0,0.0,0.0,0.0,0.0,0.0,0.0,0.0,0.0,0.0,0.0,0.0,down,0.09,2026-09-02T13:05:46,0.0,0.0899999998509884,44.42,2026-09-03 13:44:14,2026-09-03 09:45:06
IBIT,IBIT261009P00031000,IBIT,2026-10-09,P,31.0,0.0,0.0,0.0,0.0,0.0,130.0,0.0,0.0,0.0,0.0,0.0,0.0,0.0,0.0,0.0,0.0,0.0,no_change,0.11,2026-09-01T14:05:24,0.0,0.100000001490116,44.42,2026-09-03 13:44:14,2026-09-03 09:45:06
IBIT,IBIT261009P00032000,IBIT,2026-10-09,P,32.0,0.0,0.0,0.0,0.0,0.0,31.0,0.0,0.0,0.0,0.0,0.0,0.0,0.0,0.0,0.0,0.0,0.0,no_change,0.13,2026-08-28T13:20:22,0.0,0.109999999403954,44.42,2026-09-03 13:44:14,2026-09-03 09:45:06
IBIT,IBIT261009P00033000,IBIT,2026-10-09,P,33.0,0.0,0.0,0.0,0.0,0.0,58.0,0.0,0.0,0.0,0.0,0.0,0.0,0.0,0.0,0.0,0.0,0.0,no_change,0.12,2026-08-31T14:30:24,0.0,0.129999998956919,44.42,2026-09-03 13:44:14,2026-09-03 09:45:06
IBIT,IBIT261009P00034000,IBIT,2026-10-09,P,34.0,0.0,0.0,0.0,0.0,0.0,6.0,0.0,0.0,0.0,0.0,0.0,0.0,0.0,0.0,0.0,0.0,0.0,up,0.2,2026-09-01T14:37:07,0.0,0.149999998509884,44.42,2026-09-03 13:44:14,2026-09-03 09:45:06
IBIT,IBIT261009P00035000,IBIT,2026-10-09,P,35.0,0.0,0.0,0.0,0.0,0.0,1416.0,0.0,0.0,0.0,0.0,0.0,0.0,0.0,0.0,0.0,0.0,0.0,no_change,0.18,2026-09-02T14:18:47,0.0,0.175000004470348,44.42,2026-09-03 13:44:14,2026-09-03 09:45:06
IBIT,IBIT261009P00036000,IBIT,2026-10-09,P,36.0,0.0,0.0,0.0,0.0,0.0,222.0,0.0,0.0,0.0,0.0,0.0,0.0,0.0,0.0,0.0,0.0,0.0,no_change,0.22,2026-09-02T14:18:46,0.0,0.214999996125698,44.42,2026-09-03 13:44:14,2026-09-03 09:45:06
IBIT,IBIT261009P00037000,IBIT,2026-10-09,P,37.0,0.0,0.0,0.0,0.0,0.0,527.0,0.0,0.0,0.0,0.0,0.0,0.0,0.0,0.0,0.0,0.0,0.0,down,0.33,2026-09-01T15:48:05,0.0,0.275000005960464,44.42,2026-09-03 13:44:14,2026-09-03 09:45:06
IBIT,IBIT261009P00038000,IBIT,2026-10-09,P,38.0,0.0,0.0,0.0,0.0,0.0,854.0,0.0,0.0,0.0,0.0,0.0,0.0,0.0,0.0,0.0,0.0,0.0,down,0.36,2026-09-02T13:18:02,0.0,0.355000004172325,44.42,2026-09-03 13:44:14,2026-09-03 09:45:06
IBIT,IBIT261009P00039000,IBIT,2026-10-09,P,39.0,0.0,0.0,0.0,0.0,0.0,28.0,0.0,0.0,0.0,0.0,0.0,0.0,0.0,0.0,0.0,0.0,0.0,no_change,0.48,2026-09-02T12:11:33,0.0,0.480000004172325,44.42,2026-09-03 13:44:14,2026-09-03 09:45:06
IBIT,IBIT261009P00039500,IBIT,2026-10-09,P,39.5,0.0,0.0,0.0,0.0,0.0,72.0,0.0,0.0,0.0,0.0,0.0,0.0,0.0,0.0,0.0,0.0,0.0,down,0.54,2026-09-02T12:48:27,0.0,0.555000007152557,44.42,2026-09-03 13:44:14,2026-09-03 09:45:06
IBIT,IBIT261009P00040000,IBIT,2026-10-09,P,40.0,0.0,0.0,0.0,0.0,0.0,150.0,0.0,0.0,0.0,0.0,0.0,0.0,0.0,0.0,0.0,0.0,0.0,down,0.64,2026-09-02T12:11:07,0.0,0.650000005960464,44.42,2026-09-03 13:44:14,2026-09-03 09:45:06
IBIT,IBIT261009P00040500,IBIT,2026-10-09,P,40.5,0.0,0.0,0.0,0.0,0.0,402.0,0.0,0.0,0.0,0.0,0.0,0.0,0.0,0.0,0.0,0.0,0.0,down,0.74,2026-09-02T12:36:36,0.0,0.75,44.42,2026-09-03 13:44:14,2026-09-03 09:45:06
IBIT,IBIT261009P00041000,IBIT,2026-10-09,P,41.0,0.0,0.0,0.0,0.0,0.0,81.0,0.0,0.0,0.0,0.0,0.0,0.0,0.0,0.0,0.0,0.0,0.0,down,0.93,2026-09-01T12:45:49,0.0,0.879999995231628,44.42,2026-09-03 13:44:14,2026-09-03 09:45:06
IBIT,IBIT261009P00041500,IBIT,2026-10-09,P,41.5,0.0,0.0,0.0,0.0,0.0,223.0,0.0,0.0,0.0,0.0,0.0,0.0,0.0,0.0,0.0,0.0,0.0,down,0.99,2026-09-02T14:51:27,0.0,1.02499997615814,44.42,2026-09-03 13:44:14,2026-09-03 09:45:06
IBIT,IBIT261009P00042000,IBIT,2026-10-09,P,42.0,0.0,0.0,0.0,0.0,0.0,56.0,0.0,0.0,0.0,0.0,0.0,0.0,0.0,0.0,0.0,0.0,0.0,down,1.15,2026-09-02T12:36:36,0.0,1.18999999761581,44.42,2026-09-03 13:44:14,2026-09-03 09:45:06
IBIT,IBIT261009P00042500,IBIT,2026-10-09,P,42.5,0.0,0.0,0.0,0.0,0.0,29.0,0.0,0.0,0.0,0.0,0.0,0.0,0.0,0.0,0.0,0.0,0.0,up,1.36,2026-09-02T15:59:33,0.0,1.37999999523163,44.42,2026-09-03 13:44:14,2026-09-03 09:45:06
IBIT,IBIT261009P00043000,IBIT,2026-10-09,P,43.0,0.0,0.0,0.0,0.0,0.0,133.0,0.0,0.0,0.0,0.0,0.0,0.0,0.0,0.0,0.0,0.0,0.0,down,1.66,2026-09-02T09:53:56,0.0,1.5900000333786,44.42,2026-09-03 13:44:14,2026-09-03 09:45:06
IBIT,IBIT261009P00043500,IBIT,2026-10-09,P,43.5,0.0,0.0,0.0,0.0,0.0,150.0,0.0,0.0,0.0,0.0,0.0,0.0,0.0,0.0,0.0,0.0,0.0,up,1.89,2026-09-02T13:21:19,0.0,1.82499998807907,44.42,2026-09-03 13:44:14,2026-09-03 09:45:06
IBIT,IBIT261009P00044000,IBIT,2026-10-09,P,44.0,0.0,0.0,0.0,0.0,0.0,52.0,0.0,0.0,0.0,0.0,0.0,0.0,0.0,0.0,0.0,0.0,0.0,down,2.2,2026-09-01T15:17:53,0.0,2.07999992370605,44.42,2026-09-03 13:44:14,2026-09-03 09:45:06
IBIT,IBIT261009P00044500,IBIT,2026-10-09,P,44.5,0.0,0.0,0.0,0.0,0.0,56.0,0.0,0.0,0.0,0.0,0.0,0.0,0.0,0.0,0.0,0.0,0.0,no_change,2.44,2026-09-01T14:03:04,0.0,2.3549998998642,44.42,2026-09-03 13:44:14,2026-09-03 09:45:06
IBIT,IBIT261009P00045000,IBIT,2026-10-09,P,45.0,0.0,0.0,0.0,0.0,0.0,64.0,0.0,0.0,0.0,0.0,0.0,0.0,0.0,0.0,0.0,0.0,0.0,up,2.55,2026-09-02T12:33:34,0.0,2.65000009536743,44.42,2026-09-03 13:44:14,2026-09-03 09:45:06
IBIT,IBIT261009P00045500,IBIT,2026-10-09,P,45.5,0.0,0.0,0.0,0.0,0.0,6.0,0.0,0.0,0.0,0.0,0.0,0.0,0.0,0.0,0.0,0.0,0.0,down,2.9,2026-09-02T14:18:45,0.0,2.9650000333786,44.42,2026-09-03 13:44:14,2026-09-03 09:45:06
IBIT,IBIT261009P00046000,IBIT,2026-10-09,P,46.0,0.0,0.0,0.0,0.0,0.0,53.0,0.0,0.0,0.0,0.0,0.0,0.0,0.0,0.0,0.0,0.0,0.0,up,3.21,2026-09-01T11:12:35,0.0,3.29999995231628,44.42,2026-09-03 13:44:14,2026-09-03 09:45:06
IBIT,IBIT261009P00046500,IBIT,2026-10-09,P,46.5,0.0,0.0,0.0,0.0,0.0,20.0,0.0,0.0,0.0,0.0,0.0,0.0,0.0,0.0,0.0,0.0,0.0,up,3.05,2026-08-27T15:59:01,0.0,3.67499995231628,44.42,2026-09-03 13:44:14,2026-09-03 09:45:06
IBIT,IBIT261009P00047000,IBIT,2026-10-09,P,47.0,0.0,0.0,0.0,0.0,0.0,62.0,0.0,0.0,0.0,0.0,0.0,0.0,0.0,0.0,0.0,0.0,0.0,no_change,3.75,2026-09-01T10:19:42,0.0,4.04999995231628,44.42,2026-09-03 13:44:14,2026-09-03 09:45:06
IBIT,IBIT261009P00047500,IBIT,2026-10-09,P,47.5,0.0,0.0,0.0,0.0,0.0,0.0,0.0,0.0,0.0,0.0,0.0,0.0,0.0,0.0,0.0,0.0,0.0,up,4.45,2026-08-28T15:48:09,0.0,4.42499995231628,44.42,2026-09-03 13:44:14,2026-09-03 09:45:06
IBIT,IBIT261009P00048000,IBIT,2026-10-09,P,48.0,0.0,0.0,0.0,0.0,0.0,28.0,0.0,0.0,0.0,0.0,0.0,0.0,0.0,0.0,0.0,0.0,0.0,up,4.8,2026-09-01T13:46:25,0.0,4.82500004768372,44.42,2026-09-03 13:44:14,2026-09-03 09:45:06
IBIT,IBIT261009P00048500,IBIT,2026-10-09,P,48.5,0.0,0.0,0.0,0.0,0.0,0.0,0.0,0.0,0.0,0.0,0.0,0.0,0.0,0.0,0.0,0.0,0.0,no_change,0.0,,0.0,5.25,44.42,2026-09-03 13:44:14,2026-09-03 09:45:06
IBIT,IBIT261009P00049000,IBIT,2026-10-09,P,49.0,0.0,0.0,0.0,0.0,0.0,0.0,0.0,0.0,0.0,0.0,0.0,0.0,0.0,0.0,0.0,0.0,0.0,no_change,0.0,,0.0,5.67499995231628,44.42,2026-09-03 13:44:14,2026-09-03 09:45:06
IBIT,IBIT261009P00049500,IBIT,2026-10-09,P,49.5,0.0,0.0,0.0,0.0,0.0,0.0,0.0,0.0,0.0,0.0,0.0,0.0,0.0,0.0,0.0,0.0,0.0,no_change,0.0,,0.0,6.125,44.42,2026-09-03 13:44:14,2026-09-03 09:45:06
IBIT,IBIT261009P00050000,IBIT,2026-10-09,P,50.0,0.0,0.0,0.0,0.0,0.0,0.0,0.0,0.0,0.0,0.0,0.0,0.0,0.0,0.0,0.0,0.0,0.0,no_change,0.0,,0.0,6.54999995231628,44.42,2026-09-03 13:44:14,2026-09-03 09:45:06
IBIT,IBIT261009P00050500,IBIT,2026-10-09,P,50.5,0.0,0.0,0.0,0.0,0.0,0.0,0.0,0.0,0.0,0.0,0.0,0.0,0.0,0.0,0.0,0.0,0.0,no_change,0.0,,0.0,7.02499985694885,44.42,2026-09-03 13:44:14,2026-09-03 09:45:06
IBIT,IBIT261009P00051000,IBIT,2026-10-09,P,51.0,0.0,0.0,0.0,0.0,0.0,0.0,0.0,0.0,0.0,0.0,0.0,0.0,0.0,0.0,0.0,0.0,0.0,no_change,0.0,,0.0,7.47500014305115,44.42,2026-09-03 13:44:14,2026-09-03 09:45:06
IBIT,IBIT261009P00052000,IBIT,2026-10-09,P,52.0,0.0,0.0,0.0,0.0,0.0,0.0,0.0,0.0,0.0,0.0,0.0,0.0,0.0,0.0,0.0,0.0,0.0,no_change,0.0,,0.0,8.40000009536743,44.42,2026-09-03 13:44:14,2026-09-03 09:45:06
IBIT,IBIT261009P00053000,IBIT,2026-10-09,P,53.0,0.0,0.0,0.0,0.0,0.0,0.0,0.0,0.0,0.0,0.0,0.0,0.0,0.0,0.0,0.0,0.0,0.0,no_change,0.0,,0.0,9.375,44.42,2026-09-03 13:44:14,2026-09-03 09:45:06
IBIT,IBIT261009P00054000,IBIT,2026-10-09,P,54.0,0.0,0.0,0.0,0.0,0.0,0.0,0.0,0.0,0.0,0.0,0.0,0.0,0.0,0.0,0.0,0.0,0.0,no_change,0.0,,0.0,10.3249998092651,44.42,2026-09-03 13:44:14,2026-09-03 09:45:06
IBIT,IBIT261009P00055000,IBIT,2026-10-09,P,55.0,0.0,0.0,0.0,0.0,0.0,0.0,0.0,0.0,0.0,0.0,0.0,0.0,0.0,0.0,0.0,0.0,0.0,no_change,0.0,,0.0,11.2999997138977,44.42,2026-09-03 13:44:14,2026-09-03 09:45:06
IBIT,IBIT261009P00060000,IBIT,2026-10-09,P,60.0,0.0,0.0,0.0,0.0,0.0,0.0,0.0,0.0,0.0,0.0,0.0,0.0,0.0,0.0,0.0,0.0,0.0,no_change,0.0,,0.0,16.1249995231628,44.42,2026-09-03 13:44:14,2026-09-03 09:45:06
IBIT,IBIT261009P00065000,IBIT,2026-10-09,P,65.0,0.0,0.0,0.0,0.0,0.0,0.0,0.0,0.0,0.0,0.0,0.0,0.0,0.0,0.0,0.0,0.0,0.0,no_change,0.0,,0.0,21.1750001907349,44.42,2026-09-03 13:44:14,2026-09-03 09:45:06
IBIT,IBIT261016C00005000,IBIT,2026-10-16,C,5.0,0.0,0.0,0.0,0.0,0.0,312.0,0.0,0.0,0.0,0.0,0.0,0.0,0.0,0.0,0.0,0.0,0.0,no_change,39.0,2026-08-21T09:51:27,0.0,38.6999988555908,44.42,2026-09-03 13:44:14,2026-09-03 09:45:06
IBIT,IBIT261016C00010000,IBIT,2026-10-16,C,10.0,0.0,0.0,0.0,0.0,0.0,3.0,0.0,0.0,0.0,0.0,0.0,0.0,0.0,0.0,0.0,0.0,0.0,up,28.4,2026-06-02T14:37:50,0.0,33.75,44.42,2026-09-03 13:44:14,2026-09-03 09:45:06
IBIT,IBIT261016C00015000,IBIT,2026-10-16,C,15.0,0.0,0.0,0.0,0.0,0.0,10.0,0.0,0.0,0.0,0.0,0.0,0.0,0.0,0.0,0.0,0.0,0.0,up,29.27,2026-09-01T11:41:40,0.0,28.7750005722046,44.42,2026-09-03 13:44:14,2026-09-03 09:45:06
IBIT,IBIT261016C00020000,IBIT,2026-10-16,C,20.0,0.0,0.0,0.0,0.0,0.0,181.0,0.0,0.0,0.0,0.0,0.0,0.0,0.0,0.0,0.0,0.0,0.0,no_change,25.05,2026-08-31T15:30:59,0.0,23.75,44.42,2026-09-03 13:44:14,2026-09-03 09:45:06
IBIT,IBIT261016C00021000,IBIT,2026-10-16,C,21.0,0.0,0.0,0.0,0.0,0.0,109.0,0.0,0.0,0.0,0.0,0.0,0.0,0.0,0.0,0.0,0.0,0.0,up,15.8,2026-08-17T15:44:13,0.0,22.7750005722046,44.42,2026-09-03 13:44:14,2026-09-03 09:45:06
IBIT,IBIT261016C00022000,IBIT,2026-10-16,C,22.0,0.0,0.0,0.0,0.0,0.0,40.0,0.0,0.0,0.0,0.0,0.0,0.0,0.0,0.0,0.0,0.0,0.0,down,21.9,2026-08-21T12:02:22,0.0,21.9250001907349,44.42,2026-09-03 13:44:14,2026-09-03 09:45:06
IBIT,IBIT261016C00023000,IBIT,2026-10-16,C,23.0,0.0,0.0,0.0,0.0,0.0,2.0,0.0,0.0,0.0,0.0,0.0,0.0,0.0,0.0,0.0,0.0,0.0,no_change,12.54,2026-07-02T11:22:28,0.0,20.8499994277954,44.42,2026-09-03 13:44:14,2026-09-03 09:45:06
IBIT,IBIT261016C00024000,IBIT,2026-10-16,C,24.0,0.0,0.0,0.0,0.0,0.0,124.0,0.0,0.0,0.0,0.0,0.0,0.0,0.0,0.0,0.0,0.0,0.0,up,21.0,2026-08-25T12:26:21,0.0,19.7999992370605,44.42,2026-09-03 13:44:14,2026-09-03 09:45:06
IBIT,IBIT261016C00025000,IBIT,2026-10-16,C,25.0,0.0,0.0,0.0,0.0,0.0,348.0,0.0,0.0,0.0,0.0,0.0,0.0,0.0,0.0,0.0,0.0,0.0,up,19.1,2026-08-21T14:26:43,0.0,18.8000001907349,44.42,2026-09-03 13:44:14,2026-09-03 09:45:06
IBIT,IBIT261016C00026000,IBIT,2026-10-16,C,26.0,0.0,0.0,0.0,0.0,0.0,58.0,0.0,0.0,0.0,0.0,0.0,0.0,0.0,0.0,0.0,0.0,0.0,up,17.81,2026-09-01T15:29:57,0.0,17.8500003814697,44.42,2026-09-03 13:44:14,2026-09-03 09:45:06
IBIT,IBIT261016C00027000,IBIT,2026-10-16,C,27.0,0.0,0.0,0.0,0.0,0.0,35.0,0.0,0.0,0.0,0.0,0.0,0.0,0.0,0.0,0.0,0.0,0.0,down,16.82,2026-09-01T15:29:57,0.0,16.875,44.42,2026-09-03 13:44:14,2026-09-03 09:45:06
IBIT,IBIT261016C00028000,IBIT,2026-10-16,C,28.0,0.0,0.0,0.0,0.0,0.0,30.0,0.0,0.0,0.0,0.0,0.0,0.0,0.0,0.0,0.0,0.0,0.0,up,16.45,2026-09-01T09:59:37,0.0,15.8500003814697,44.42,2026-09-03 13:44:14,2026-09-03 09:45:06
IBIT,IBIT261016C00029000,IBIT,2026-10-16,C,29.0,0.0,0.0,0.0,0.0,0.0,116.0,0.0,0.0,0.0,0.0,0.0,0.0,0.0,0.0,0.0,0.0,0.0,no_change,15.14,2026-09-01T13:49:47,0.0,14.9499998092651,44.42,2026-09-03 13:44:14,2026-09-03 09:45:06
IBIT,IBIT261016C00030000,IBIT,2026-10-16,C,30.0,0.0,0.0,0.0,0.0,0.0,1114.0,0.0,0.0,0.0,0.0,0.0,0.0,0.0,0.0,0.0,0.0,0.0,no_change,14.15,2026-09-01T13:49:47,0.0,13.9499998092651,44.42,2026-09-03 13:44:14,2026-09-03 09:45:06
IBIT,IBIT261016C00031000,IBIT,2026-10-16,C,31.0,0.0,0.0,0.0,0.0,0.0,64.0,0.0,0.0,0.0,0.0,0.0,0.0,0.0,0.0,0.0,0.0,0.0,down,13.3,2026-09-01T12:19:27,0.0,13.0,44.42,2026-09-03 13:44:14,2026-09-03 09:45:06
IBIT,IBIT261016C00032000,IBIT,2026-10-16,C,32.0,0.0,0.0,0.0,0.0,0.0,183.0,0.0,0.0,0.0,0.0,0.0,0.0,0.0,0.0,0.0,0.0,0.0,down,13.35,2026-08-28T11:03:20,0.0,12.0500001907349,44.42,2026-09-03 13:44:14,2026-09-03 09:45:06
IBIT,IBIT261016C00033000,IBIT,2026-10-16,C,33.0,0.0,0.0,0.0,0.0,0.0,180.0,0.0,0.0,0.0,0.0,0.0,0.0,0.0,0.0,0.0,0.0,0.0,up,11.47,2026-08-31T10:12:28,0.0,11.0749998092651,44.42,2026-09-03 13:44:14,2026-09-03 09:45:06
IBIT,IBIT261016C00034000,IBIT,2026-10-16,C,34.0,0.0,0.0,0.0,0.0,0.0,456.0,0.0,0.0,0.0,0.0,0.0,0.0,0.0,0.0,0.0,0.0,0.0,down,10.0,2026-09-02T09:55:28,0.0,10.0999999046326,44.42,2026-09-03 13:44:14,2026-09-03 09:45:06
IBIT,IBIT261016C00035000,IBIT,2026-10-16,C,35.0,0.0,0.0,0.0,0.0,0.0,2170.0,0.0,0.0,0.0,0.0,0.0,0.0,0.0,0.0,0.0,0.0,0.0,down,9.2,2026-09-02T15:59:15,0.0,9.15000009536743,44.42,2026-09-03 13:44:14,2026-09-03 09:45:06
IBIT,IBIT261016C00036000,IBIT,2026-10-16,C,36.0,0.0,0.0,0.0,0.0,0.0,4421.0,0.0,0.0,0.0,0.0,0.0,0.0,0.0,0.0,0.0,0.0,0.0,up,8.27,2026-09-02T14:05:51,0.0,8.19999980926514,44.42,2026-09-03 13:44:14,2026-09-03 09:45:06
IBIT,IBIT261016C00037000,IBIT,2026-10-16,C,37.0,0.0,0.0,0.0,0.0,0.0,5341.0,0.0,0.0,0.0,0.0,0.0,0.0,0.0,0.0,0.0,0.0,0.0,up,7.3,2026-09-02T15:49:48,0.0,7.27499985694885,44.42,2026-09-03 13:44:14,2026-09-03 09:45:06
IBIT,IBIT261016C00038000,IBIT,2026-10-16,C,38.0,0.0,0.0,0.0,0.0,0.0,16638.0,0.0,0.0,0.0,0.0,0.0,0.0,0.0,0.0,0.0,0.0,0.0,down,6.42,2026-09-02T14:46:16,0.0,6.39999985694885,44.42,2026-09-03 13:44:14,2026-09-03 09:45:06
IBIT,IBIT261016C00039000,IBIT,2026-10-16,C,39.0,0.0,0.0,0.0,0.0,0.0,7800.0,0.0,0.0,0.0,0.0,0.0,0.0,0.0,0.0,0.0,0.0,0.0,up,5.52,2026-09-02T15:40:28,0.0,5.54999995231628,44.42,2026-09-03 13:44:14,2026-09-03 09:45:06
IBIT,IBIT261016C00040000,IBIT,2026-10-16,C,40.0,0.0,0.0,0.0,0.0,0.0,24261.0,0.0,0.0,0.0,0.0,0.0,0.0,0.0,0.0,0.0,0.0,0.0,up,4.75,2026-09-02T15:58:37,0.0,4.72499990463257,44.42,2026-09-03 13:44:14,2026-09-03 09:45:06
IBIT,IBIT261016C00041000,IBIT,2026-10-16,C,41.0,0.0,0.0,0.0,0.0,0.0,7498.0,0.0,0.0,0.0,0.0,0.0,0.0,0.0,0.0,0.0,0.0,0.0,up,4.0,2026-09-02T13:35:10,0.0,4.00000011920929,44.42,2026-09-03 13:44:14,2026-09-03 09:45:06
IBIT,IBIT261016C00042000,IBIT,2026-10-16,C,42.0,0.0,0.0,0.0,0.0,0.0,19551.0,0.0,0.0,0.0,0.0,0.0,0.0,0.0,0.0,0.0,0.0,0.0,no_change,3.3,2026-09-02T15:39:36,0.0,3.29999995231628,44.42,2026-09-03 13:44:14,2026-09-03 09:45:06
IBIT,IBIT261016C00043000,IBIT,2026-10-16,C,43.0,0.0,0.0,0.0,0.0,0.0,17419.0,0.0,0.0,0.0,0.0,0.0,0.0,0.0,0.0,0.0,0.0,0.0,down,2.74,2026-09-02T15:52:52,0.0,2.72500002384186,44.42,2026-09-03 13:44:14,2026-09-03 09:45:06
IBIT,IBIT261016C00044000,IBIT,2026-10-16,C,44.0,0.0,0.0,0.0,0.0,0.0,10892.0,0.0,0.0,0.0,0.0,0.0,0.0,0.0,0.0,0.0,0.0,0.0,up,2.22,2026-09-02T15:58:06,0.0,2.21000003814697,44.42,2026-09-03 13:44:14,2026-09-03 09:45:06
IBIT,IBIT261016C00045000,IBIT,2026-10-16,C,45.0,0.0,0.0,0.0,0.0,0.0,24393.0,0.0,0.0,0.0,0.0,0.0,0.0,0.0,0.0,0.0,0.0,0.0,up,1.8,2026-09-02T15:58:57,0.0,1.77499997615814,44.42,2026-09-03 13:44:14,2026-09-03 09:45:06
IBIT,IBIT261016C00046000,IBIT,2026-10-16,C,46.0,0.0,0.0,0.0,0.0,0.0,14361.0,0.0,0.0,0.0,0.0,0.0,0.0,0.0,0.0,0.0,0.0,0.0,no_change,1.44,2026-09-02T15:59:56,0.0,1.4099999666214,44.42,2026-09-03 13:44:14,2026-09-03 09:45:06
IBIT,IBIT261016C00047000,IBIT,2026-10-16,C,47.0,0.0,0.0,0.0,0.0,0.0,17027.0,0.0,0.0,0.0,0.0,0.0,0.0,0.0,0.0,0.0,0.0,0.0,no_change,1.12,2026-09-02T15:57:35,0.0,1.11500000953674,44.42,2026-09-03 13:44:14,2026-09-03 09:45:06
IBIT,IBIT261016C00048000,IBIT,2026-10-16,C,48.0,0.0,0.0,0.0,0.0,0.0,72900.0,0.0,0.0,0.0,0.0,0.0,0.0,0.0,0.0,0.0,0.0,0.0,no_change,0.88,2026-09-02T15:54:12,0.0,0.879999995231628,44.42,2026-09-03 13:44:14,2026-09-03 09:45:06
IBIT,IBIT261016C00049000,IBIT,2026-10-16,C,49.0,0.0,0.0,0.0,0.0,0.0,8081.0,0.0,0.0,0.0,0.0,0.0,0.0,0.0,0.0,0.0,0.0,0.0,up,0.71,2026-09-02T14:49:38,0.0,0.699999988079071,44.42,2026-09-03 13:44:14,2026-09-03 09:45:06
IBIT,IBIT261016C00050000,IBIT,2026-10-16,C,50.0,0.0,0.0,0.0,0.0,0.0,29765.0,0.0,0.0,0.0,0.0,0.0,0.0,0.0,0.0,0.0,0.0,0.0,no_change,0.56,2026-09-02T15:59:41,0.0,0.555000007152557,44.42,2026-09-03 13:44:14,2026-09-03 09:45:06
IBIT,IBIT261016C00051000,IBIT,2026-10-16,C,51.0,0.0,0.0,0.0,0.0,0.0,3246.0,0.0,0.0,0.0,0.0,0.0,0.0,0.0,0.0,0.0,0.0,0.0,down,0.45,2026-09-02T15:45:28,0.0,0.444999992847443,44.42,2026-09-03 13:44:14,2026-09-03 09:45:06
IBIT,IBIT261016C00052000,IBIT,2026-10-16,C,52.0,0.0,0.0,0.0,0.0,0.0,7978.0,0.0,0.0,0.0,0.0,0.0,0.0,0.0,0.0,0.0,0.0,0.0,down,0.35,2026-09-02T15:46:57,0.0,0.359999999403954,44.42,2026-09-03 13:44:14,2026-09-03 09:45:06
IBIT,IBIT261016C00053000,IBIT,2026-10-16,C,53.0,0.0,0.0,0.0,0.0,0.0,4037.0,0.0,0.0,0.0,0.0,0.0,0.0,0.0,0.0,0.0,0.0,0.0,no_change,0.28,2026-09-02T13:22:11,0.0,0.295000001788139,44.42,2026-09-03 13:44:14,2026-09-03 09:45:06
IBIT,IBIT261016C00054000,IBIT,2026-10-16,C,54.0,0.0,0.0,0.0,0.0,0.0,37950.0,0.0,0.0,0.0,0.0,0.0,0.0,0.0,0.0,0.0,0.0,0.0,up,0.24,2026-09-02T15:40:03,0.0,0.244999997317791,44.42,2026-09-03 13:44:14,2026-09-03 09:45:06
IBIT,IBIT261016C00055000,IBIT,2026-10-16,C,55.0,0.0,0.0,0.0,0.0,0.0,17327.0,0.0,0.0,0.0,0.0,0.0,0.0,0.0,0.0,0.0,0.0,0.0,down,0.2,2026-09-02T15:52:48,0.0,0.204999998211861,44.42,2026-09-03 13:44:14,2026-09-03 09:45:06
IBIT,IBIT261016C00056000,IBIT,2026-10-16,C,56.0,0.0,0.0,0.0,0.0,0.0,1380.0,0.0,0.0,0.0,0.0,0.0,0.0,0.0,0.0,0.0,0.0,0.0,no_change,0.17,2026-09-02T10:39:05,0.0,0.175000004470348,44.42,2026-09-03 13:44:14,2026-09-03 09:45:06
IBIT,IBIT261016C00057000,IBIT,2026-10-16,C,57.0,0.0,0.0,0.0,0.0,0.0,1375.0,0.0,0.0,0.0,0.0,0.0,0.0,0.0,0.0,0.0,0.0,0.0,up,0.15,2026-09-02T09:52:53,0.0,0.149999998509884,44.42,2026-09-03 13:44:14,2026-09-03 09:45:06
IBIT,IBIT261016C00058000,IBIT,2026-10-16,C,58.0,0.0,0.0,0.0,0.0,0.0,1915.0,0.0,0.0,0.0,0.0,0.0,0.0,0.0,0.0,0.0,0.0,0.0,down,0.12,2026-09-02T10:39:33,0.0,0.129999998956919,44.42,2026-09-03 13:44:14,2026-09-03 09:45:06
IBIT,IBIT261016C00059000,IBIT,2026-10-16,C,59.0,0.0,0.0,0.0,0.0,0.0,9013.0,0.0,0.0,0.0,0.0,0.0,0.0,0.0,0.0,0.0,0.0,0.0,no_change,0.11,2026-09-02T10:40:32,0.0,0.114999998360872,44.42,2026-09-03 13:44:14,2026-09-03 09:45:06
IBIT,IBIT261016C00060000,IBIT,2026-10-16,C,60.0,0.0,0.0,0.0,0.0,0.0,11378.0,0.0,0.0,0.0,0.0,0.0,0.0,0.0,0.0,0.0,0.0,0.0,no_change,0.09,2026-09-02T14:18:13,0.0,0.0950000025331974,44.42,2026-09-03 13:44:14,2026-09-03 09:45:06
IBIT,IBIT261016C00065000,IBIT,2026-10-16,C,65.0,0.0,0.0,0.0,0.0,0.0,7512.0,0.0,0.0,0.0,0.0,0.0,0.0,0.0,0.0,0.0,0.0,0.0,up,0.07,2026-09-02T11:13:55,0.0,0.0649999994784594,44.42,2026-09-03 13:44:14,2026-09-03 09:45:06
IBIT,IBIT261016C00070000,IBIT,2026-10-16,C,70.0,0.0,0.0,0.0,0.0,0.0,9918.0,0.0,0.0,0.0,0.0,0.0,0.0,0.0,0.0,0.0,0.0,0.0,down,0.04,2026-09-02T13:27:46,0.0,0.0449999999254942,44.42,2026-09-03 13:44:14,2026-09-03 09:45:06
IBIT,IBIT261016C00075000,IBIT,2026-10-16,C,75.0,0.0,0.0,0.0,0.0,0.0,3594.0,0.0,0.0,0.0,0.0,0.0,0.0,0.0,0.0,0.0,0.0,0.0,down,0.03,2026-09-02T14:48:23,0.0,0.034999999217689,44.42,2026-09-03 13:44:14,2026-09-03 09:45:06
IBIT,IBIT261016C00080000,IBIT,2026-10-16,C,80.0,0.0,0.0,0.0,0.0,0.0,5087.0,0.0,0.0,0.0,0.0,0.0,0.0,0.0,0.0,0.0,0.0,0.0,no_change,0.04,2026-09-02T15:13:31,0.0,0.034999999217689,44.42,2026-09-03 13:44:14,2026-09-03 09:45:06
IBIT,IBIT261016C00085000,IBIT,2026-10-16,C,85.0,0.0,0.0,0.0,0.0,0.0,4716.0,0.0,0.0,0.0,0.0,0.0,0.0,0.0,0.0,0.0,0.0,0.0,no_change,0.02,2026-08-31T09:54:44,0.0,0.0249999994412065,44.42,2026-09-03 13:44:14,2026-09-03 09:45:06
IBIT,IBIT261016C00090000,IBIT,2026-10-16,C,90.0,0.0,0.0,0.0,0.0,0.0,4205.0,0.0,0.0,0.0,0.0,0.0,0.0,0.0,0.0,0.0,0.0,0.0,no_change,0.02,2026-09-02T10:38:57,0.0,0.0249999994412065,44.42,2026-09-03 13:44:14,2026-09-03 09:45:06
IBIT,IBIT261016C00095000,IBIT,2026-10-16,C,95.0,0.0,0.0,0.0,0.0,0.0,2472.0,0.0,0.0,0.0,0.0,0.0,0.0,0.0,0.0,0.0,0.0,0.0,down,0.02,2026-09-02T10:38:58,0.0,0.0199999995529652,44.42,2026-09-03 13:44:14,2026-09-03 09:45:06
IBIT,IBIT261016C00100000,IBIT,2026-10-16,C,100.0,0.0,0.0,0.0,0.0,0.0,1464.0,0.0,0.0,0.0,0.0,0.0,0.0,0.0,0.0,0.0,0.0,0.0,no_change,0.02,2026-09-02T10:45:34,0.0,0.0149999996647239,44.42,2026-09-03 13:44:14,2026-09-03 09:45:06
IBIT,IBIT261016C00105000,IBIT,2026-10-16,C,105.0,0.0,0.0,0.0,0.0,0.0,9349.0,0.0,0.0,0.0,0.0,0.0,0.0,0.0,0.0,0.0,0.0,0.0,no_change,0.01,2026-09-02T13:59:39,0.0,0.0149999996647239,44.42,2026-09-03 13:44:14,2026-09-03 09:45:06
IBIT,IBIT261016P00005000,IBIT,2026-10-16,P,5.0,0.0,0.0,0.0,0.0,0.0,2778.0,0.0,0.0,0.0,0.0,0.0,0.0,0.0,0.0,0.0,0.0,0.0,no_change,0.01,2026-09-02T13:44:41,0.0,0.00499999988824129,44.42,2026-09-03 13:44:14,2026-09-03 09:45:06
IBIT,IBIT261016P00010000,IBIT,2026-10-16,P,10.0,0.0,0.0,0.0,0.0,0.0,2236.0,0.0,0.0,0.0,0.0,0.0,0.0,0.0,0.0,0.0,0.0,0.0,up,0.02,2026-09-02T13:44:41,0.0,0.00999999977648258,44.42,2026-09-03 13:44:14,2026-09-03 09:45:06
IBIT,IBIT261016P00015000,IBIT,2026-10-16,P,15.0,0.0,0.0,0.0,0.0,0.0,2073.0,0.0,0.0,0.0,0.0,0.0,0.0,0.0,0.0,0.0,0.0,0.0,no_change,0.03,2026-09-02T15:11:18,0.0,0.0249999994412065,44.42,2026-09-03 13:44:14,2026-09-03 09:45:06
IBIT,IBIT261016P00020000,IBIT,2026-10-16,P,20.0,0.0,0.0,0.0,0.0,0.0,6224.0,0.0,0.0,0.0,0.0,0.0,0.0,0.0,0.0,0.0,0.0,0.0,no_change,0.03,2026-09-01T13:21:12,0.0,0.034999999217689,44.42,2026-09-03 13:44:14,2026-09-03 09:45:06
IBIT,IBIT261016P00021000,IBIT,2026-10-16,P,21.0,0.0,0.0,0.0,0.0,0.0,1014.0,0.0,0.0,0.0,0.0,0.0,0.0,0.0,0.0,0.0,0.0,0.0,down,0.04,2026-08-28T14:32:07,0.0,0.0449999999254942,44.42,2026-09-03 13:44:14,2026-09-03 09:45:06
IBIT,IBIT261016P00022000,IBIT,2026-10-16,P,22.0,0.0,0.0,0.0,0.0,0.0,1450.0,0.0,0.0,0.0,0.0,0.0,0.0,0.0,0.0,0.0,0.0,0.0,no_change,0.05,2026-08-31T12:15:40,0.0,0.0499999988824129,44.42,2026-09-03 13:44:14,2026-09-03 09:45:06
IBIT,IBIT261016P00023000,IBIT,2026-10-16,P,23.0,0.0,0.0,0.0,0.0,0.0,3870.0,0.0,0.0,0.0,0.0,0.0,0.0,0.0,0.0,0.0,0.0,0.0,no_change,0.05,2026-09-02T15:13:37,0.0,0.0549999997019768,44.42,2026-09-03 13:44:14,2026-09-03 09:45:06
IBIT,IBIT261016P00024000,IBIT,2026-10-16,P,24.0,0.0,0.0,0.0,0.0,0.0,1601.0,0.0,0.0,0.0,0.0,0.0,0.0,0.0,0.0,0.0,0.0,0.0,up,0.07,2026-08-31T10:35:13,0.0,0.0600000005215406,44.42,2026-09-03 13:44:14,2026-09-03 09:45:06
IBIT,IBIT261016P00025000,IBIT,2026-10-16,P,25.0,0.0,0.0,0.0,0.0,0.0,16627.0,0.0,0.0,0.0,0.0,0.0,0.0,0.0,0.0,0.0,0.0,0.0,down,0.07,2026-09-02T13:04:27,0.0,0.0699999984353781,44.42,2026-09-03 13:44:14,2026-09-03 09:45:06
IBIT,IBIT261016P00026000,IBIT,2026-10-16,P,26.0,0.0,0.0,0.0,0.0,0.0,3465.0,0.0,0.0,0.0,0.0,0.0,0.0,0.0,0.0,0.0,0.0,0.0,down,0.07,2026-09-02T12:25:59,0.0,0.0749999992549419,44.42,2026-09-03 13:44:14,2026-09-03 09:45:06
IBIT,IBIT261016P00027000,IBIT,2026-10-16,P,27.0,0.0,0.0,0.0,0.0,0.0,15381.0,0.0,0.0,0.0,0.0,0.0,0.0,0.0,0.0,0.0,0.0,0.0,up,0.09,2026-09-01T14:09:20,0.0,0.080000001937151,44.42,2026-09-03 13:44:14,2026-09-03 09:45:06
IBIT,IBIT261016P00028000,IBIT,2026-10-16,P,28.0,0.0,0.0,0.0,0.0,0.0,8401.0,0.0,0.0,0.0,0.0,0.0,0.0,0.0,0.0,0.0,0.0,0.0,up,0.1,2026-09-02T15:16:04,0.0,0.0899999998509884,44.42,2026-09-03 13:44:14,2026-09-03 09:45:06
IBIT,IBIT261016P00029000,IBIT,2026-10-16,P,29.0,0.0,0.0,0.0,0.0,0.0,3599.0,0.0,0.0,0.0,0.0,0.0,0.0,0.0,0.0,0.0,0.0,0.0,no_change,0.11,2026-09-02T13:07:30,0.0,0.100000001490116,44.42,2026-09-03 13:44:14,2026-09-03 09:45:06
IBIT,IBIT261016P00030000,IBIT,2026-10-16,P,30.0,0.0,0.0,0.0,0.0,0.0,17883.0,0.0,0.0,0.0,0.0,0.0,0.0,0.0,0.0,0.0,0.0,0.0,down,0.1,2026-09-02T15:52:09,0.0,0.105000000447035,44.42,2026-09-03 13:44:14,2026-09-03 09:45:06
IBIT,IBIT261016P00031000,IBIT,2026-10-16,P,31.0,0.0,0.0,0.0,0.0,0.0,10224.0,0.0,0.0,0.0,0.0,0.0,0.0,0.0,0.0,0.0,0.0,0.0,no_change,0.14,2026-09-01T12:58:48,0.0,0.12499999627471,44.42,2026-09-03 13:44:14,2026-09-03 09:45:06
IBIT,IBIT261016P00032000,IBIT,2026-10-16,P,32.0,0.0,0.0,0.0,0.0,0.0,6287.0,0.0,0.0,0.0,0.0,0.0,0.0,0.0,0.0,0.0,0.0,0.0,down,0.16,2026-09-01T15:17:26,0.0,0.145000003278255,44.42,2026-09-03 13:44:14,2026-09-03 09:45:06
IBIT,IBIT261016P00033000,IBIT,2026-10-16,P,33.0,0.0,0.0,0.0,0.0,0.0,7949.0,0.0,0.0,0.0,0.0,0.0,0.0,0.0,0.0,0.0,0.0,0.0,up,0.17,2026-09-02T15:47:22,0.0,0.16499999910593,44.42,2026-09-03 13:44:14,2026-09-03 09:45:06
IBIT,IBIT261016P00034000,IBIT,2026-10-16,P,34.0,0.0,0.0,0.0,0.0,0.0,21084.0,0.0,0.0,0.0,0.0,0.0,0.0,0.0,0.0,0.0,0.0,0.0,down,0.19,2026-09-02T14:18:19,0.0,0.190000005066395,44.42,2026-09-03 13:44:14,2026-09-03 09:45:06
IBIT,IBIT261016P00035000,IBIT,2026-10-16,P,35.0,0.0,0.0,0.0,0.0,0.0,19632.0,0.0,0.0,0.0,0.0,0.0,0.0,0.0,0.0,0.0,0.0,0.0,no_change,0.22,2026-09-02T15:39:12,0.0,0.229999996721745,44.42,2026-09-03 13:44:14,2026-09-03 09:45:06
IBIT,IBIT261016P00036000,IBIT,2026-10-16,P,36.0,0.0,0.0,0.0,0.0,0.0,18597.0,0.0,0.0,0.0,0.0,0.0,0.0,0.0,0.0,0.0,0.0,0.0,no_change,0.28,2026-09-02T15:39:28,0.0,0.284999996423721,44.42,2026-09-03 13:44:14,2026-09-03 09:45:06
IBIT,IBIT261016P00037000,IBIT,2026-10-16,P,37.0,0.0,0.0,0.0,0.0,0.0,8131.0,0.0,0.0,0.0,0.0,0.0,0.0,0.0,0.0,0.0,0.0,0.0,no_change,0.35,2026-09-02T15:50:26,0.0,0.355000004172325,44.42,2026-09-03 13:44:14,2026-09-03 09:45:06
IBIT,IBIT261016P00038000,IBIT,2026-10-16,P,38.0,0.0,0.0,0.0,0.0,0.0,8280.0,0.0,0.0,0.0,0.0,0.0,0.0,0.0,0.0,0.0,0.0,0.0,up,0.45,2026-09-02T15:56:53,0.0,0.454999998211861,44.42,2026-09-03 13:44:14,2026-09-03 09:45:06
IBIT,IBIT261016P00039000,IBIT,2026-10-16,P,39.0,0.0,0.0,0.0,0.0,0.0,8462.0,0.0,0.0,0.0,0.0,0.0,0.0,0.0,0.0,0.0,0.0,0.0,no_change,0.59,2026-09-02T15:45:28,0.0,0.590000003576279,44.42,2026-09-03 13:44:14,2026-09-03 09:45:06
IBIT,IBIT261016P00040000,IBIT,2026-10-16,P,40.0,0.0,0.0,0.0,0.0,0.0,23331.0,0.0,0.0,0.0,0.0,0.0,0.0,0.0,0.0,0.0,0.0,0.0,up,0.78,2026-09-02T15:52:08,0.0,0.780000001192093,44.42,2026-09-03 13:44:14,2026-09-03 09:45:06
IBIT,IBIT261016P00041000,IBIT,2026-10-16,P,41.0,0.0,0.0,0.0,0.0,0.0,8571.0,0.0,0.0,0.0,0.0,0.0,0.0,0.0,0.0,0.0,0.0,0.0,down,1.03,2026-09-02T15:59:59,0.0,1.0349999666214,44.42,2026-09-03 13:44:14,2026-09-03 09:45:06
IBIT,IBIT261016P00042000,IBIT,2026-10-16,P,42.0,0.0,0.0,0.0,0.0,0.0,8250.0,0.0,0.0,0.0,0.0,0.0,0.0,0.0,0.0,0.0,0.0,0.0,no_change,1.36,2026-09-02T15:56:44,0.0,1.36500000953674,44.42,2026-09-03 13:44:14,2026-09-03 09:45:06
IBIT,IBIT261016P00043000,IBIT,2026-10-16,P,43.0,0.0,0.0,0.0,0.0,0.0,6682.0,0.0,0.0,0.0,0.0,0.0,0.0,0.0,0.0,0.0,0.0,0.0,down,1.77,2026-09-02T15:51:07,0.0,1.76999998092651,44.42,2026-09-03 13:44:14,2026-09-03 09:45:06
IBIT,IBIT261016P00044000,IBIT,2026-10-16,P,44.0,0.0,0.0,0.0,0.0,0.0,20813.0,0.0,0.0,0.0,0.0,0.0,0.0,0.0,0.0,0.0,0.0,0.0,no_change,2.25,2026-09-02T15:53:44,0.0,2.25,44.42,2026-09-03 13:44:14,2026-09-03 09:45:06
IBIT,IBIT261016P00045000,IBIT,2026-10-16,P,45.0,0.0,0.0,0.0,0.0,0.0,6929.0,0.0,0.0,0.0,0.0,0.0,0.0,0.0,0.0,0.0,0.0,0.0,no_change,2.84,2026-09-02T15:47:31,0.0,2.82499992847443,44.42,2026-09-03 13:44:14,2026-09-03 09:45:06
IBIT,IBIT261016P00046000,IBIT,2026-10-16,P,46.0,0.0,0.0,0.0,0.0,0.0,1798.0,0.0,0.0,0.0,0.0,0.0,0.0,0.0,0.0,0.0,0.0,0.0,no_change,3.52,2026-09-02T13:22:41,0.0,3.47500002384186,44.42,2026-09-03 13:44:14,2026-09-03 09:45:06
IBIT,IBIT261016P00047000,IBIT,2026-10-16,P,47.0,0.0,0.0,0.0,0.0,0.0,289.0,0.0,0.0,0.0,0.0,0.0,0.0,0.0,0.0,0.0,0.0,0.0,down,4.23,2026-09-01T15:43:47,0.0,4.20000004768372,44.42,2026-09-03 13:44:14,2026-09-03 09:45:06
IBIT,IBIT261016P00048000,IBIT,2026-10-16,P,48.0,0.0,0.0,0.0,0.0,0.0,639.0,0.0,0.0,0.0,0.0,0.0,0.0,0.0,0.0,0.0,0.0,0.0,up,5.2,2026-09-02T09:35:26,0.0,4.95000004768372,44.42,2026-09-03 13:44:14,2026-09-03 09:45:06
IBIT,IBIT261016P00049000,IBIT,2026-10-16,P,49.0,0.0,0.0,0.0,0.0,0.0,89.0,0.0,0.0,0.0,0.0,0.0,0.0,0.0,0.0,0.0,0.0,0.0,down,6.01,2026-09-02T09:40:05,0.0,5.77499985694885,44.42,2026-09-03 13:44:14,2026-09-03 09:45:06
IBIT,IBIT261016P00050000,IBIT,2026-10-16,P,50.0,0.0,0.0,0.0,0.0,0.0,1418.0,0.0,0.0,0.0,0.0,0.0,0.0,0.0,0.0,0.0,0.0,0.0,down,6.58,2026-09-02T12:57:06,0.0,6.625,44.42,2026-09-03 13:44:14,2026-09-03 09:45:06
IBIT,IBIT261016P00051000,IBIT,2026-10-16,P,51.0,0.0,0.0,0.0,0.0,0.0,52.0,0.0,0.0,0.0,0.0,0.0,0.0,0.0,0.0,0.0,0.0,0.0,no_change,7.17,2026-08-31T10:04:08,0.0,7.54999995231628,44.42,2026-09-03 13:44:14,2026-09-03 09:45:06
IBIT,IBIT261016P00052000,IBIT,2026-10-16,P,52.0,0.0,0.0,0.0,0.0,0.0,738.0,0.0,0.0,0.0,0.0,0.0,0.0,0.0,0.0,0.0,0.0,0.0,down,8.27,2026-08-26T10:49:22,0.0,8.47499990463257,44.42,2026-09-03 13:44:14,2026-09-03 09:45:06
IBIT,IBIT261016P00053000,IBIT,2026-10-16,P,53.0,0.0,0.0,0.0,0.0,0.0,8.0,0.0,0.0,0.0,0.0,0.0,0.0,0.0,0.0,0.0,0.0,0.0,no_change,8.95,2026-08-24T13:00:29,0.0,9.40000009536743,44.42,2026-09-03 13:44:14,2026-09-03 09:45:06
IBIT,IBIT261016P00054000,IBIT,2026-10-16,P,54.0,0.0,0.0,0.0,0.0,0.0,1.0,0.0,0.0,0.0,0.0,0.0,0.0,0.0,0.0,0.0,0.0,0.0,down,10.15,2026-08-25T09:51:26,0.0,10.3499999046326,44.42,2026-09-03 13:44:14,2026-09-03 09:45:06
IBIT,IBIT261016P00055000,IBIT,2026-10-16,P,55.0,0.0,0.0,0.0,0.0,0.0,32.0,0.0,0.0,0.0,0.0,0.0,0.0,0.0,0.0,0.0,0.0,0.0,up,10.32,2026-08-28T09:49:21,0.0,11.3499999046326,44.42,2026-09-03 13:44:14,2026-09-03 09:45:06
IBIT,IBIT261016P00056000,IBIT,2026-10-16,P,56.0,0.0,0.0,0.0,0.0,0.0,0.0,0.0,0.0,0.0,0.0,0.0,0.0,0.0,0.0,0.0,0.0,0.0,up,22.1,2026-06-26T14:27:16,0.0,12.2999997138977,44.42,2026-09-03 13:44:14,2026-09-03 09:45:06
IBIT,IBIT261016P00057000,IBIT,2026-10-16,P,57.0,0.0,0.0,0.0,0.0,0.0,1.0,0.0,0.0,0.0,0.0,0.0,0.0,0.0,0.0,0.0,0.0,0.0,down,12.58,2026-08-31T10:42:23,0.0,13.2999997138977,44.42,2026-09-03 13:44:14,2026-09-03 09:45:06
IBIT,IBIT261016P00058000,IBIT,2026-10-16,P,58.0,0.0,0.0,0.0,0.0,0.0,1.0,0.0,0.0,0.0,0.0,0.0,0.0,0.0,0.0,0.0,0.0,0.0,down,12.6,2026-08-27T11:45:25,0.0,14.2999997138977,44.42,2026-09-03 13:44:14,2026-09-03 09:45:06
IBIT,IBIT261016P00059000,IBIT,2026-10-16,P,59.0,0.0,0.0,0.0,0.0,0.0,0.0,0.0,0.0,0.0,0.0,0.0,0.0,0.0,0.0,0.0,0.0,0.0,down,22.8,2026-08-13T11:04:25,0.0,15.3249998092651,44.42,2026-09-03 13:44:14,2026-09-03 09:45:06
IBIT,IBIT261016P00060000,IBIT,2026-10-16,P,60.0,0.0,0.0,0.0,0.0,0.0,16.0,0.0,0.0,0.0,0.0,0.0,0.0,0.0,0.0,0.0,0.0,0.0,up,14.7,2026-08-27T11:07:54,0.0,16.3000001907349,44.42,2026-09-03 13:44:14,2026-09-03 09:45:06
IBIT,IBIT261016P00065000,IBIT,2026-10-16,P,65.0,0.0,0.0,0.0,0.0,0.0,7.0,0.0,0.0,0.0,0.0,0.0,0.0,0.0,0.0,0.0,0.0,0.0,down,19.4,2026-08-27T11:16:35,0.0,21.2249994277954,44.42,2026-09-03 13:44:14,2026-09-03 09:45:06
IBIT,IBIT261016P00070000,IBIT,2026-10-16,P,70.0,0.0,0.0,0.0,0.0,0.0,8.0,0.0,0.0,0.0,0.0,0.0,0.0,0.0,0.0,0.0,0.0,0.0,up,26.15,2026-09-02T10:45:18,0.0,26.25,44.42,2026-09-03 13:44:14,2026-09-03 09:45:06
IBIT,IBIT261016P00075000,IBIT,2026-10-16,P,75.0,0.0,0.0,0.0,0.0,0.0,0.0,0.0,0.0,0.0,0.0,0.0,0.0,0.0,0.0,0.0,0.0,0.0,down,30.45,2026-08-24T10:04:47,0.0,31.3000001907349,44.42,2026-09-03 13:44:14,2026-09-03 09:45:06
IBIT,IBIT261016P00080000,IBIT,2026-10-16,P,80.0,0.0,0.0,0.0,0.0,0.0,10.0,0.0,0.0,0.0,0.0,0.0,0.0,0.0,0.0,0.0,0.0,0.0,up,35.66,2026-08-31T10:42:44,0.0,36.3000011444092,44.42,2026-09-03 13:44:14,2026-09-03 09:45:06
IBIT,IBIT261016P00085000,IBIT,2026-10-16,P,85.0,0.0,0.0,0.0,0.0,0.0,0.0,0.0,0.0,0.0,0.0,0.0,0.0,0.0,0.0,0.0,0.0,0.0,down,48.4,2026-08-06T11:27:50,0.0,41.3250007629394,44.42,2026-09-03 13:44:14,2026-09-03 09:45:06
IBIT,IBIT261016P00090000,IBIT,2026-10-16,P,90.0,0.0,0.0,0.0,0.0,0.0,0.0,0.0,0.0,0.0,0.0,0.0,0.0,0.0,0.0,0.0,0.0,0.0,up,45.43,2026-08-24T10:02:56,0.0,46.3250007629394,44.42,2026-09-03 13:44:14,2026-09-03 09:45:06
IBIT,IBIT261016P00095000,IBIT,2026-10-16,P,95.0,0.0,0.0,0.0,0.0,0.0,0.0,0.0,0.0,0.0,0.0,0.0,0.0,0.0,0.0,0.0,0.0,0.0,down,50.45,2026-08-24T10:04:00,0.0,51.3000011444092,44.42,2026-09-03 13:44:14,2026-09-03 09:45:06
IBIT,IBIT261016P00100000,IBIT,2026-10-16,P,100.0,0.0,0.0,0.0,0.0,0.0,0.0,0.0,0.0,0.0,0.0,0.0,0.0,0.0,0.0,0.0,0.0,0.0,up,50.1,2025-12-19T10:04:08,0.0,56.2749996185303,44.42,2026-09-03 13:44:14,2026-09-03 09:45:06
IBIT,IBIT261016P00105000,IBIT,2026-10-16,P,105.0,0.0,0.0,0.0,0.0,0.0,0.0,0.0,0.0,0.0,0.0,0.0,0.0,0.0,0.0,0.0,0.0,0.0,down,60.45,2026-08-24T10:05:12,0.0,61.2999992370606,44.42,2026-09-03 13:44:14,2026-09-03 09:45:06
IBIT,IBIT261023C00039000,IBIT,2026-10-23,C,39.0,0.0,0.0,0.0,0.0,0.0,0.0,0.0,0.0,0.0,0.0,0.0,0.0,0.0,0.0,0.0,0.0,0.0,no_change,0.0,,0.0,0.0,44.42,2026-09-03 13:44:14,2026-09-03 09:45:06
IBIT,IBIT261023C00039500,IBIT,2026-10-23,C,39.5,0.0,0.0,0.0,0.0,0.0,0.0,0.0,0.0,0.0,0.0,0.0,0.0,0.0,0.0,0.0,0.0,0.0,no_change,0.0,,0.0,0.0,44.42,2026-09-03 13:44:14,2026-09-03 09:45:06
IBIT,IBIT261023C00040000,IBIT,2026-10-23,C,40.0,0.0,0.0,0.0,0.0,0.0,0.0,0.0,0.0,0.0,0.0,0.0,0.0,0.0,0.0,0.0,0.0,0.0,no_change,0.0,,0.0,0.0,44.42,2026-09-03 13:44:14,2026-09-03 09:45:06
IBIT,IBIT261023C00040500,IBIT,2026-10-23,C,40.5,0.0,0.0,0.0,0.0,0.0,0.0,0.0,0.0,0.0,0.0,0.0,0.0,0.0,0.0,0.0,0.0,0.0,no_change,0.0,,0.0,0.0,44.42,2026-09-03 13:44:14,2026-09-03 09:45:06
IBIT,IBIT261023C00041000,IBIT,2026-10-23,C,41.0,0.0,0.0,0.0,0.0,0.0,0.0,0.0,0.0,0.0,0.0,0.0,0.0,0.0,0.0,0.0,0.0,0.0,no_change,0.0,,0.0,0.0,44.42,2026-09-03 13:44:14,2026-09-03 09:45:06
IBIT,IBIT261023C00041500,IBIT,2026-10-23,C,41.5,0.0,0.0,0.0,0.0,0.0,0.0,0.0,0.0,0.0,0.0,0.0,0.0,0.0,0.0,0.0,0.0,0.0,no_change,0.0,,0.0,0.0,44.42,2026-09-03 13:44:14,2026-09-03 09:45:06
IBIT,IBIT261023C00042000,IBIT,2026-10-23,C,42.0,0.0,0.0,0.0,0.0,0.0,0.0,0.0,0.0,0.0,0.0,0.0,0.0,0.0,0.0,0.0,0.0,0.0,no_change,0.0,,0.0,0.0,44.42,2026-09-03 13:44:14,2026-09-03 09:45:06
IBIT,IBIT261023C00042500,IBIT,2026-10-23,C,42.5,0.0,0.0,0.0,0.0,0.0,0.0,0.0,0.0,0.0,0.0,0.0,0.0,0.0,0.0,0.0,0.0,0.0,no_change,0.0,,0.0,0.0,44.42,2026-09-03 13:44:14,2026-09-03 09:45:06
IBIT,IBIT261023C00043000,IBIT,2026-10-23,C,43.0,0.0,0.0,0.0,0.0,0.0,0.0,0.0,0.0,0.0,0.0,0.0,0.0,0.0,0.0,0.0,0.0,0.0,no_change,0.0,,0.0,0.0,44.42,2026-09-03 13:44:14,2026-09-03 09:45:06
IBIT,IBIT261023C00043500,IBIT,2026-10-23,C,43.5,0.0,0.0,0.0,0.0,0.0,0.0,0.0,0.0,0.0,0.0,0.0,0.0,0.0,0.0,0.0,0.0,0.0,no_change,0.0,,0.0,0.0,44.42,2026-09-03 13:44:14,2026-09-03 09:45:06
IBIT,IBIT261023C00044000,IBIT,2026-10-23,C,44.0,0.0,0.0,0.0,0.0,0.0,0.0,0.0,0.0,0.0,0.0,0.0,0.0,0.0,0.0,0.0,0.0,0.0,no_change,0.0,,0.0,0.0,44.42,2026-09-03 13:44:14,2026-09-03 09:45:06
IBIT,IBIT261023C00044500,IBIT,2026-10-23,C,44.5,0.0,0.0,0.0,0.0,0.0,0.0,0.0,0.0,0.0,0.0,0.0,0.0,0.0,0.0,0.0,0.0,0.0,no_change,0.0,,0.0,0.0,44.42,2026-09-03 13:44:14,2026-09-03 09:45:06
IBIT,IBIT261023C00045000,IBIT,2026-10-23,C,45.0,0.0,0.0,0.0,0.0,0.0,0.0,0.0,0.0,0.0,0.0,0.0,0.0,0.0,0.0,0.0,0.0,0.0,no_change,0.0,,0.0,0.0,44.42,2026-09-03 13:44:14,2026-09-03 09:45:06
IBIT,IBIT261023C00045500,IBIT,2026-10-23,C,45.5,0.0,0.0,0.0,0.0,0.0,0.0,0.0,0.0,0.0,0.0,0.0,0.0,0.0,0.0,0.0,0.0,0.0,no_change,0.0,,0.0,0.0,44.42,2026-09-03 13:44:14,2026-09-03 09:45:06
IBIT,IBIT261023C00046000,IBIT,2026-10-23,C,46.0,0.0,0.0,0.0,0.0,0.0,0.0,0.0,0.0,0.0,0.0,0.0,0.0,0.0,0.0,0.0,0.0,0.0,no_change,0.0,,0.0,0.0,44.42,2026-09-03 13:44:14,2026-09-03 09:45:06
IBIT,IBIT261023C00046500,IBIT,2026-10-23,C,46.5,0.0,0.0,0.0,0.0,0.0,0.0,0.0,0.0,0.0,0.0,0.0,0.0,0.0,0.0,0.0,0.0,0.0,no_change,0.0,,0.0,0.0,44.42,2026-09-03 13:44:14,2026-09-03 09:45:06
IBIT,IBIT261023C00047000,IBIT,2026-10-23,C,47.0,0.0,0.0,0.0,0.0,0.0,0.0,0.0,0.0,0.0,0.0,0.0,0.0,0.0,0.0,0.0,0.0,0.0,no_change,0.0,,0.0,0.0,44.42,2026-09-03 13:44:14,2026-09-03 09:45:06
IBIT,IBIT261023C00047500,IBIT,2026-10-23,C,47.5,0.0,0.0,0.0,0.0,0.0,0.0,0.0,0.0,0.0,0.0,0.0,0.0,0.0,0.0,0.0,0.0,0.0,no_change,0.0,,0.0,0.0,44.42,2026-09-03 13:44:14,2026-09-03 09:45:06
IBIT,IBIT261023C00048000,IBIT,2026-10-23,C,48.0,0.0,0.0,0.0,0.0,0.0,0.0,0.0,0.0,0.0,0.0,0.0,0.0,0.0,0.0,0.0,0.0,0.0,no_change,0.0,,0.0,0.0,44.42,2026-09-03 13:44:14,2026-09-03 09:45:06
IBIT,IBIT261023C00048500,IBIT,2026-10-23,C,48.5,0.0,0.0,0.0,0.0,0.0,0.0,0.0,0.0,0.0,0.0,0.0,0.0,0.0,0.0,0.0,0.0,0.0,no_change,0.0,,0.0,0.0,44.42,2026-09-03 13:44:14,2026-09-03 09:45:06
IBIT,IBIT261023C00049000,IBIT,2026-10-23,C,49.0,0.0,0.0,0.0,0.0,0.0,0.0,0.0,0.0,0.0,0.0,0.0,0.0,0.0,0.0,0.0,0.0,0.0,no_change,0.0,,0.0,0.0,44.42,2026-09-03 13:44:14,2026-09-03 09:45:06
IBIT,IBIT261023P00039000,IBIT,2026-10-23,P,39.0,0.0,0.0,0.0,0.0,0.0,0.0,0.0,0.0,0.0,0.0,0.0,0.0,0.0,0.0,0.0,0.0,0.0,no_change,0.0,,0.0,0.0,44.42,2026-09-03 13:44:14,2026-09-03 09:45:06
IBIT,IBIT261023P00039500,IBIT,2026-10-23,P,39.5,0.0,0.0,0.0,0.0,0.0,0.0,0.0,0.0,0.0,0.0,0.0,0.0,0.0,0.0,0.0,0.0,0.0,no_change,0.0,,0.0,0.0,44.42,2026-09-03 13:44:14,2026-09-03 09:45:06
IBIT,IBIT261023P00040000,IBIT,2026-10-23,P,40.0,0.0,0.0,0.0,0.0,0.0,0.0,0.0,0.0,0.0,0.0,0.0,0.0,0.0,0.0,0.0,0.0,0.0,no_change,0.0,,0.0,0.0,44.42,2026-09-03 13:44:14,2026-09-03 09:45:06
IBIT,IBIT261023P00040500,IBIT,2026-10-23,P,40.5,0.0,0.0,0.0,0.0,0.0,0.0,0.0,0.0,0.0,0.0,0.0,0.0,0.0,0.0,0.0,0.0,0.0,no_change,0.0,,0.0,0.0,44.42,2026-09-03 13:44:14,2026-09-03 09:45:06
IBIT,IBIT261023P00041000,IBIT,2026-10-23,P,41.0,0.0,0.0,0.0,0.0,0.0,0.0,0.0,0.0,0.0,0.0,0.0,0.0,0.0,0.0,0.0,0.0,0.0,no_change,0.0,,0.0,0.0,44.42,2026-09-03 13:44:14,2026-09-03 09:45:06
IBIT,IBIT261023P00041500,IBIT,2026-10-23,P,41.5,0.0,0.0,0.0,0.0,0.0,0.0,0.0,0.0,0.0,0.0,0.0,0.0,0.0,0.0,0.0,0.0,0.0,no_change,0.0,,0.0,0.0,44.42,2026-09-03 13:44:14,2026-09-03 09:45:06
IBIT,IBIT261023P00042000,IBIT,2026-10-23,P,42.0,0.0,0.0,0.0,0.0,0.0,0.0,0.0,0.0,0.0,0.0,0.0,0.0,0.0,0.0,0.0,0.0,0.0,no_change,0.0,,0.0,0.0,44.42,2026-09-03 13:44:14,2026-09-03 09:45:06
IBIT,IBIT261023P00042500,IBIT,2026-10-23,P,42.5,0.0,0.0,0.0,0.0,0.0,0.0,0.0,0.0,0.0,0.0,0.0,0.0,0.0,0.0,0.0,0.0,0.0,no_change,0.0,,0.0,0.0,44.42,2026-09-03 13:44:14,2026-09-03 09:45:06
IBIT,IBIT261023P00043000,IBIT,2026-10-23,P,43.0,0.0,0.0,0.0,0.0,0.0,0.0,0.0,0.0,0.0,0.0,0.0,0.0,0.0,0.0,0.0,0.0,0.0,no_change,0.0,,0.0,0.0,44.42,2026-09-03 13:44:14,2026-09-03 09:45:06
IBIT,IBIT261023P00043500,IBIT,2026-10-23,P,43.5,0.0,0.0,0.0,0.0,0.0,0.0,0.0,0.0,0.0,0.0,0.0,0.0,0.0,0.0,0.0,0.0,0.0,no_change,0.0,,0.0,0.0,44.42,2026-09-03 13:44:14,2026-09-03 09:45:06
IBIT,IBIT261023P00044000,IBIT,2026-10-23,P,44.0,0.0,0.0,0.0,0.0,0.0,0.0,0.0,0.0,0.0,0.0,0.0,0.0,0.0,0.0,0.0,0.0,0.0,no_change,0.0,,0.0,0.0,44.42,2026-09-03 13:44:14,2026-09-03 09:45:06
IBIT,IBIT261023P00044500,IBIT,2026-10-23,P,44.5,0.0,0.0,0.0,0.0,0.0,0.0,0.0,0.0,0.0,0.0,0.0,0.0,0.0,0.0,0.0,0.0,0.0,no_change,0.0,,0.0,0.0,44.42,2026-09-03 13:44:14,2026-09-03 09:45:06
IBIT,IBIT261023P00045000,IBIT,2026-10-23,P,45.0,0.0,0.0,0.0,0.0,0.0,0.0,0.0,0.0,0.0,0.0,0.0,0.0,0.0,0.0,0.0,0.0,0.0,no_change,0.0,,0.0,0.0,44.42,2026-09-03 13:44:14,2026-09-03 09:45:06
IBIT,IBIT261023P00045500,IBIT,2026-10-23,P,45.5,0.0,0.0,0.0,0.0,0.0,0.0,0.0,0.0,0.0,0.0,0.0,0.0,0.0,0.0,0.0,0.0,0.0,no_change,0.0,,0.0,0.0,44.42,2026-09-03 13:44:14,2026-09-03 09:45:06
IBIT,IBIT261023P00046000,IBIT,2026-10-23,P,46.0,0.0,0.0,0.0,0.0,0.0,0.0,0.0,0.0,0.0,0.0,0.0,0.0,0.0,0.0,0.0,0.0,0.0,no_change,0.0,,0.0,0.0,44.42,2026-09-03 13:44:14,2026-09-03 09:45:06
IBIT,IBIT261023P00046500,IBIT,2026-10-23,P,46.5,0.0,0.0,0.0,0.0,0.0,0.0,0.0,0.0,0.0,0.0,0.0,0.0,0.0,0.0,0.0,0.0,0.0,no_change,0.0,,0.0,0.0,44.42,2026-09-03 13:44:14,2026-09-03 09:45:06
IBIT,IBIT261023P00047000,IBIT,2026-10-23,P,47.0,0.0,0.0,0.0,0.0,0.0,0.0,0.0,0.0,0.0,0.0,0.0,0.0,0.0,0.0,0.0,0.0,0.0,no_change,0.0,,0.0,0.0,44.42,2026-09-03 13:44:14,2026-09-03 09:45:06
IBIT,IBIT261023P00047500,IBIT,2026-10-23,P,47.5,0.0,0.0,0.0,0.0,0.0,0.0,0.0,0.0,0.0,0.0,0.0,0.0,0.0,0.0,0.0,0.0,0.0,no_change,0.0,,0.0,0.0,44.42,2026-09-03 13:44:14,2026-09-03 09:45:06
IBIT,IBIT261023P00048000,IBIT,2026-10-23,P,48.0,0.0,0.0,0.0,0.0,0.0,0.0,0.0,0.0,0.0,0.0,0.0,0.0,0.0,0.0,0.0,0.0,0.0,no_change,0.0,,0.0,0.0,44.42,2026-09-03 13:44:14,2026-09-03 09:45:06
IBIT,IBIT261023P00048500,IBIT,2026-10-23,P,48.5,0.0,0.0,0.0,0.0,0.0,0.0,0.0,0.0,0.0,0.0,0.0,0.0,0.0,0.0,0.0,0.0,0.0,no_change,0.0,,0.0,0.0,44.42,2026-09-03 13:44:14,2026-09-03 09:45:06
IBIT,IBIT261023P00049000,IBIT,2026-10-23,P,49.0,0.0,0.0,0.0,0.0,0.0,0.0,0.0,0.0,0.0,0.0,0.0,0.0,0.0,0.0,0.0,0.0,0.0,no_change,0.0,,0.0,0.0,44.42,2026-09-03 13:44:14,2026-09-03 09:45:06
IBIT,IBIT261120C00020000,IBIT,2026-11-20,C,20.0,0.0,0.0,0.0,0.0,0.0,43.0,0.0,0.0,0.0,0.0,0.0,0.0,0.0,0.0,0.0,0.0,0.0,down,25.21,2026-08-31T15:30:59,0.0,24.25,44.42,2026-09-03 13:44:14,2026-09-03 09:45:06
IBIT,IBIT261120C00021000,IBIT,2026-11-20,C,21.0,0.0,0.0,0.0,0.0,0.0,2.0,0.0,0.0,0.0,0.0,0.0,0.0,0.0,0.0,0.0,0.0,0.0,up,14.83,2026-07-13T14:54:50,0.0,23.0,44.42,2026-09-03 13:44:14,2026-09-03 09:45:06
IBIT,IBIT261120C00022000,IBIT,2026-11-20,C,22.0,0.0,0.0,0.0,0.0,0.0,13.0,0.0,0.0,0.0,0.0,0.0,0.0,0.0,0.0,0.0,0.0,0.0,down,14.1,2026-08-14T11:37:34,0.0,21.9749994277954,44.42,2026-09-03 13:44:14,2026-09-03 09:45:06
IBIT,IBIT261120C00023000,IBIT,2026-11-20,C,23.0,0.0,0.0,0.0,0.0,0.0,1.0,0.0,0.0,0.0,0.0,0.0,0.0,0.0,0.0,0.0,0.0,0.0,down,14.36,2026-07-16T11:52:18,0.0,21.125,44.42,2026-09-03 13:44:14,2026-09-03 09:45:06
IBIT,IBIT261120C00024000,IBIT,2026-11-20,C,24.0,0.0,0.0,0.0,0.0,0.0,6.0,0.0,0.0,0.0,0.0,0.0,0.0,0.0,0.0,0.0,0.0,0.0,up,13.47,2026-07-27T09:30:57,0.0,19.9750003814697,44.42,2026-09-03 13:44:14,2026-09-03 09:45:06
IBIT,IBIT261120C00025000,IBIT,2026-11-20,C,25.0,0.0,0.0,0.0,0.0,0.0,294.0,0.0,0.0,0.0,0.0,0.0,0.0,0.0,0.0,0.0,0.0,0.0,up,21.0,2026-08-27T11:12:56,0.0,19.0249996185303,44.42,2026-09-03 13:44:14,2026-09-03 09:45:06
IBIT,IBIT261120C00026000,IBIT,2026-11-20,C,26.0,0.0,0.0,0.0,0.0,0.0,11.0,0.0,0.0,0.0,0.0,0.0,0.0,0.0,0.0,0.0,0.0,0.0,down,18.65,2026-08-28T13:18:43,0.0,18.0249996185303,44.42,2026-09-03 13:44:14,2026-09-03 09:45:06
IBIT,IBIT261120C00027000,IBIT,2026-11-20,C,27.0,0.0,0.0,0.0,0.0,0.0,11.0,0.0,0.0,0.0,0.0,0.0,0.0,0.0,0.0,0.0,0.0,0.0,up,11.4,2026-08-19T11:12:13,0.0,17.1000003814697,44.42,2026-09-03 13:44:14,2026-09-03 09:45:06
IBIT,IBIT261120C00028000,IBIT,2026-11-20,C,28.0,0.0,0.0,0.0,0.0,0.0,4.0,0.0,0.0,0.0,0.0,0.0,0.0,0.0,0.0,0.0,0.0,0.0,no_change,9.37,2026-08-04T15:25:24,0.0,16.2249994277954,44.42,2026-09-03 13:44:14,2026-09-03 09:45:06
IBIT,IBIT261120C00029000,IBIT,2026-11-20,C,29.0,0.0,0.0,0.0,0.0,0.0,10.0,0.0,0.0,0.0,0.0,0.0,0.0,0.0,0.0,0.0,0.0,0.0,down,15.32,2026-09-01T15:29:12,0.0,15.2249999046326,44.42,2026-09-03 13:44:14,2026-09-03 09:45:06
IBIT,IBIT261120C00030000,IBIT,2026-11-20,C,30.0,0.0,0.0,0.0,0.0,0.0,234.0,0.0,0.0,0.0,0.0,0.0,0.0,0.0,0.0,0.0,0.0,0.0,down,14.2,2026-09-01T15:00:25,0.0,14.2750000953674,44.42,2026-09-03 13:44:14,2026-09-03 09:45:06
IBIT,IBIT261120C00031000,IBIT,2026-11-20,C,31.0,0.0,0.0,0.0,0.0,0.0,14.0,0.0,0.0,0.0,0.0,0.0,0.0,0.0,0.0,0.0,0.0,0.0,no_change,13.25,2026-09-01T15:00:41,0.0,13.3249998092651,44.42,2026-09-03 13:44:14,2026-09-03 09:45:06
IBIT,IBIT261120C00032000,IBIT,2026-11-20,C,32.0,0.0,0.0,0.0,0.0,0.0,109.0,0.0,0.0,0.0,0.0,0.0,0.0,0.0,0.0,0.0,0.0,0.0,down,12.4,2026-09-01T15:20:36,0.0,12.375,44.42,2026-09-03 13:44:14,2026-09-03 09:45:06
IBIT,IBIT261120C00033000,IBIT,2026-11-20,C,33.0,0.0,0.0,0.0,0.0,0.0,149.0,0.0,0.0,0.0,0.0,0.0,0.0,0.0,0.0,0.0,0.0,0.0,no_change,13.41,2026-08-27T11:20:09,0.0,11.4250001907349,44.42,2026-09-03 13:44:14,2026-09-03 09:45:06
IBIT,IBIT261120C00034000,IBIT,2026-11-20,C,34.0,0.0,0.0,0.0,0.0,0.0,587.0,0.0,0.0,0.0,0.0,0.0,0.0,0.0,0.0,0.0,0.0,0.0,down,10.75,2026-08-28T12:17:24,0.0,10.5,44.42,2026-09-03 13:44:14,2026-09-03 09:45:06
IBIT,IBIT261120C00035000,IBIT,2026-11-20,C,35.0,0.0,0.0,0.0,0.0,0.0,486.0,0.0,0.0,0.0,0.0,0.0,0.0,0.0,0.0,0.0,0.0,0.0,up,10.19,2026-08-31T10:41:24,0.0,9.59999990463257,44.42,2026-09-03 13:44:14,2026-09-03 09:45:06
IBIT,IBIT261120C00036000,IBIT,2026-11-20,C,36.0,0.0,0.0,0.0,0.0,0.0,2275.0,0.0,0.0,0.0,0.0,0.0,0.0,0.0,0.0,0.0,0.0,0.0,down,8.51,2026-09-02T09:30:01,0.0,8.72499990463257,44.42,2026-09-03 13:44:14,2026-09-03 09:45:06
IBIT,IBIT261120C00037000,IBIT,2026-11-20,C,37.0,0.0,0.0,0.0,0.0,0.0,2505.0,0.0,0.0,0.0,0.0,0.0,0.0,0.0,0.0,0.0,0.0,0.0,down,7.85,2026-09-02T10:52:41,0.0,7.875,44.42,2026-09-03 13:44:14,2026-09-03 09:45:06
IBIT,IBIT261120C00038000,IBIT,2026-11-20,C,38.0,0.0,0.0,0.0,0.0,0.0,2499.0,0.0,0.0,0.0,0.0,0.0,0.0,0.0,0.0,0.0,0.0,0.0,up,7.16,2026-09-02T14:32:08,0.0,7.07500004768372,44.42,2026-09-03 13:44:14,2026-09-03 09:45:06
IBIT,IBIT261120C00039000,IBIT,2026-11-20,C,39.0,0.0,0.0,0.0,0.0,0.0,7712.0,0.0,0.0,0.0,0.0,0.0,0.0,0.0,0.0,0.0,0.0,0.0,up,6.37,2026-09-02T14:31:46,0.0,6.29999995231628,44.42,2026-09-03 13:44:14,2026-09-03 09:45:06
IBIT,IBIT261120C00040000,IBIT,2026-11-20,C,40.0,0.0,0.0,0.0,0.0,0.0,28610.0,0.0,0.0,0.0,0.0,0.0,0.0,0.0,0.0,0.0,0.0,0.0,up,5.6,2026-09-02T15:33:07,0.0,5.54999995231628,44.42,2026-09-03 13:44:14,2026-09-03 09:45:06
IBIT,IBIT261120C00041000,IBIT,2026-11-20,C,41.0,0.0,0.0,0.0,0.0,0.0,5487.0,0.0,0.0,0.0,0.0,0.0,0.0,0.0,0.0,0.0,0.0,0.0,down,4.9,2026-09-02T15:47:11,0.0,4.89999985694885,44.42,2026-09-03 13:44:14,2026-09-03 09:45:06
IBIT,IBIT261120C00042000,IBIT,2026-11-20,C,42.0,0.0,0.0,0.0,0.0,0.0,4189.0,0.0,0.0,0.0,0.0,0.0,0.0,0.0,0.0,0.0,0.0,0.0,up,4.3,2026-09-02T15:44:20,0.0,4.27500009536743,44.42,2026-09-03 13:44:14,2026-09-03 09:45:06
IBIT,IBIT261120C00043000,IBIT,2026-11-20,C,43.0,0.0,0.0,0.0,0.0,0.0,3349.0,0.0,0.0,0.0,0.0,0.0,0.0,0.0,0.0,0.0,0.0,0.0,down,3.75,2026-09-02T14:40:13,0.0,3.72500002384186,44.42,2026-09-03 13:44:14,2026-09-03 09:45:06
IBIT,IBIT261120C00044000,IBIT,2026-11-20,C,44.0,0.0,0.0,0.0,0.0,0.0,3390.0,0.0,0.0,0.0,0.0,0.0,0.0,0.0,0.0,0.0,0.0,0.0,down,3.2,2026-09-02T15:39:23,0.0,3.22500002384186,44.42,2026-09-03 13:44:14,2026-09-03 09:45:06
IBIT,IBIT261120C00045000,IBIT,2026-11-20,C,45.0,0.0,0.0,0.0,0.0,0.0,20724.0,0.0,0.0,0.0,0.0,0.0,0.0,0.0,0.0,0.0,0.0,0.0,up,2.79,2026-09-02T15:50:00,0.0,2.76499998569489,44.42,2026-09-03 13:44:14,2026-09-03 09:45:06
IBIT,IBIT261120C00046000,IBIT,2026-11-20,C,46.0,0.0,0.0,0.0,0.0,0.0,23705.0,0.0,0.0,0.0,0.0,0.0,0.0,0.0,0.0,0.0,0.0,0.0,up,2.4,2026-09-02T15:58:50,0.0,2.37999999523163,44.42,2026-09-03 13:44:14,2026-09-03 09:45:06
IBIT,IBIT261120C00047000,IBIT,2026-11-20,C,47.0,0.0,0.0,0.0,0.0,0.0,3598.0,0.0,0.0,0.0,0.0,0.0,0.0,0.0,0.0,0.0,0.0,0.0,up,2.06,2026-09-02T15:59:37,0.0,2.0349999666214,44.42,2026-09-03 13:44:14,2026-09-03 09:45:06
IBIT,IBIT261120C00048000,IBIT,2026-11-20,C,48.0,0.0,0.0,0.0,0.0,0.0,6833.0,0.0,0.0,0.0,0.0,0.0,0.0,0.0,0.0,0.0,0.0,0.0,down,1.77,2026-09-02T14:28:05,0.0,1.72000002861023,44.42,2026-09-03 13:44:14,2026-09-03 09:45:06
IBIT,IBIT261120C00049000,IBIT,2026-11-20,C,49.0,0.0,0.0,0.0,0.0,0.0,8624.0,0.0,0.0,0.0,0.0,0.0,0.0,0.0,0.0,0.0,0.0,0.0,no_change,1.45,2026-09-02T11:51:50,0.0,1.4650000333786,44.42,2026-09-03 13:44:14,2026-09-03 09:45:06
IBIT,IBIT261120C00050000,IBIT,2026-11-20,C,50.0,0.0,0.0,0.0,0.0,0.0,12021.0,0.0,0.0,0.0,0.0,0.0,0.0,0.0,0.0,0.0,0.0,0.0,no_change,1.26,2026-09-02T14:59:27,0.0,1.24500000476837,44.42,2026-09-03 13:44:14,2026-09-03 09:45:06
IBIT,IBIT261120C00051000,IBIT,2026-11-20,C,51.0,0.0,0.0,0.0,0.0,0.0,2449.0,0.0,0.0,0.0,0.0,0.0,0.0,0.0,0.0,0.0,0.0,0.0,no_change,1.07,2026-09-02T15:52:52,0.0,1.06000000238419,44.42,2026-09-03 13:44:14,2026-09-03 09:45:06
IBIT,IBIT261120C00052000,IBIT,2026-11-20,C,52.0,0.0,0.0,0.0,0.0,0.0,2453.0,0.0,0.0,0.0,0.0,0.0,0.0,0.0,0.0,0.0,0.0,0.0,down,0.91,2026-09-02T10:38:04,0.0,0.905000001192093,44.42,2026-09-03 13:44:14,2026-09-03 09:45:06
IBIT,IBIT261120C00053000,IBIT,2026-11-20,C,53.0,0.0,0.0,0.0,0.0,0.0,2931.0,0.0,0.0,0.0,0.0,0.0,0.0,0.0,0.0,0.0,0.0,0.0,up,0.81,2026-09-01T14:58:46,0.0,0.769999980926514,44.42,2026-09-03 13:44:14,2026-09-03 09:45:06
IBIT,IBIT261120C00054000,IBIT,2026-11-20,C,54.0,0.0,0.0,0.0,0.0,0.0,598.0,0.0,0.0,0.0,0.0,0.0,0.0,0.0,0.0,0.0,0.0,0.0,down,0.66,2026-09-02T12:02:01,0.0,0.659999996423721,44.42,2026-09-03 13:44:14,2026-09-03 09:45:06
IBIT,IBIT261120C00055000,IBIT,2026-11-20,C,55.0,0.0,0.0,0.0,0.0,0.0,5959.0,0.0,0.0,0.0,0.0,0.0,0.0,0.0,0.0,0.0,0.0,0.0,no_change,0.57,2026-09-02T15:55:37,0.0,0.569999992847443,44.42,2026-09-03 13:44:14,2026-09-03 09:45:06
IBIT,IBIT261120C00056000,IBIT,2026-11-20,C,56.0,0.0,0.0,0.0,0.0,0.0,1207.0,0.0,0.0,0.0,0.0,0.0,0.0,0.0,0.0,0.0,0.0,0.0,no_change,0.5,2026-09-02T15:32:25,0.0,0.5,44.42,2026-09-03 13:44:14,2026-09-03 09:45:06
IBIT,IBIT261120C00057000,IBIT,2026-11-20,C,57.0,0.0,0.0,0.0,0.0,0.0,36515.0,0.0,0.0,0.0,0.0,0.0,0.0,0.0,0.0,0.0,0.0,0.0,no_change,0.43,2026-09-02T14:06:40,0.0,0.429999992251396,44.42,2026-09-03 13:44:14,2026-09-03 09:45:06
IBIT,IBIT261120C00058000,IBIT,2026-11-20,C,58.0,0.0,0.0,0.0,0.0,0.0,3651.0,0.0,0.0,0.0,0.0,0.0,0.0,0.0,0.0,0.0,0.0,0.0,no_change,0.39,2026-09-02T15:39:34,0.0,0.379999995231628,44.42,2026-09-03 13:44:14,2026-09-03 09:45:06
IBIT,IBIT261120C00059000,IBIT,2026-11-20,C,59.0,0.0,0.0,0.0,0.0,0.0,756.0,0.0,0.0,0.0,0.0,0.0,0.0,0.0,0.0,0.0,0.0,0.0,down,0.35,2026-09-01T15:43:55,0.0,0.340000003576279,44.42,2026-09-03 13:44:14,2026-09-03 09:45:06
IBIT,IBIT261120C00060000,IBIT,2026-11-20,C,60.0,0.0,0.0,0.0,0.0,0.0,6046.0,0.0,0.0,0.0,0.0,0.0,0.0,0.0,0.0,0.0,0.0,0.0,no_change,0.3,2026-09-02T14:55:01,0.0,0.299999997019768,44.42,2026-09-03 13:44:14,2026-09-03 09:45:06
IBIT,IBIT261120C00065000,IBIT,2026-11-20,C,65.0,0.0,0.0,0.0,0.0,0.0,3197.0,0.0,0.0,0.0,0.0,0.0,0.0,0.0,0.0,0.0,0.0,0.0,no_change,0.2,2026-09-02T14:18:13,0.0,0.190000005066395,44.42,2026-09-03 13:44:14,2026-09-03 09:45:06
IBIT,IBIT261120C00070000,IBIT,2026-11-20,C,70.0,0.0,0.0,0.0,0.0,0.0,4503.0,0.0,0.0,0.0,0.0,0.0,0.0,0.0,0.0,0.0,0.0,0.0,down,0.14,2026-09-02T13:02:24,0.0,0.140000000596046,44.42,2026-09-03 13:44:14,2026-09-03 09:45:06
IBIT,IBIT261120C00075000,IBIT,2026-11-20,C,75.0,0.0,0.0,0.0,0.0,0.0,4443.0,0.0,0.0,0.0,0.0,0.0,0.0,0.0,0.0,0.0,0.0,0.0,no_change,0.11,2026-09-02T13:01:57,0.0,0.109999999403954,44.42,2026-09-03 13:44:14,2026-09-03 09:45:06
IBIT,IBIT261120C00080000,IBIT,2026-11-20,C,80.0,0.0,0.0,0.0,0.0,0.0,1019.0,0.0,0.0,0.0,0.0,0.0,0.0,0.0,0.0,0.0,0.0,0.0,no_change,0.09,2026-09-02T15:32:58,0.0,0.0899999998509884,44.42,2026-09-03 13:44:14,2026-09-03 09:45:06
IBIT,IBIT261120C00085000,IBIT,2026-11-20,C,85.0,0.0,0.0,0.0,0.0,0.0,335.0,0.0,0.0,0.0,0.0,0.0,0.0,0.0,0.0,0.0,0.0,0.0,no_change,0.1,2026-08-31T15:43:06,0.0,0.080000001937151,44.42,2026-09-03 13:44:14,2026-09-03 09:45:06
IBIT,IBIT261120C00090000,IBIT,2026-11-20,C,90.0,0.0,0.0,0.0,0.0,0.0,7979.0,0.0,0.0,0.0,0.0,0.0,0.0,0.0,0.0,0.0,0.0,0.0,no_change,0.06,2026-09-02T14:56:38,0.0,0.0649999994784594,44.42,2026-09-03 13:44:14,2026-09-03 09:45:06
IBIT,IBIT261120P00020000,IBIT,2026-11-20,P,20.0,0.0,0.0,0.0,0.0,0.0,2220.0,0.0,0.0,0.0,0.0,0.0,0.0,0.0,0.0,0.0,0.0,0.0,no_change,0.1,2026-09-02T10:23:02,0.0,0.0950000025331974,44.42,2026-09-03 13:44:14,2026-09-03 09:45:06
IBIT,IBIT261120P00021000,IBIT,2026-11-20,P,21.0,0.0,0.0,0.0,0.0,0.0,668.0,0.0,0.0,0.0,0.0,0.0,0.0,0.0,0.0,0.0,0.0,0.0,no_change,0.11,2026-09-01T15:07:45,0.0,0.109999999403954,44.42,2026-09-03 13:44:14,2026-09-03 09:45:06
IBIT,IBIT261120P00022000,IBIT,2026-11-20,P,22.0,0.0,0.0,0.0,0.0,0.0,137.0,0.0,0.0,0.0,0.0,0.0,0.0,0.0,0.0,0.0,0.0,0.0,no_change,0.12,2026-09-01T13:09:11,0.0,0.119999997317791,44.42,2026-09-03 13:44:14,2026-09-03 09:45:06
IBIT,IBIT261120P00023000,IBIT,2026-11-20,P,23.0,0.0,0.0,0.0,0.0,0.0,921.0,0.0,0.0,0.0,0.0,0.0,0.0,0.0,0.0,0.0,0.0,0.0,down,0.13,2026-08-31T13:58:57,0.0,0.129999998956919,44.42,2026-09-03 13:44:14,2026-09-03 09:45:06
IBIT,IBIT261120P00024000,IBIT,2026-11-20,P,24.0,0.0,0.0,0.0,0.0,0.0,806.0,0.0,0.0,0.0,0.0,0.0,0.0,0.0,0.0,0.0,0.0,0.0,down,0.15,2026-08-27T11:04:40,0.0,0.140000000596046,44.42,2026-09-03 13:44:14,2026-09-03 09:45:06
IBIT,IBIT261120P00025000,IBIT,2026-11-20,P,25.0,0.0,0.0,0.0,0.0,0.0,4476.0,0.0,0.0,0.0,0.0,0.0,0.0,0.0,0.0,0.0,0.0,0.0,no_change,0.15,2026-09-02T12:57:34,0.0,0.145000003278255,44.42,2026-09-03 13:44:14,2026-09-03 09:45:06
IBIT,IBIT261120P00026000,IBIT,2026-11-20,P,26.0,0.0,0.0,0.0,0.0,0.0,496.0,0.0,0.0,0.0,0.0,0.0,0.0,0.0,0.0,0.0,0.0,0.0,no_change,0.17,2026-09-01T15:41:20,0.0,0.165000006556511,44.42,2026-09-03 13:44:14,2026-09-03 09:45:06
IBIT,IBIT261120P00027000,IBIT,2026-11-20,P,27.0,0.0,0.0,0.0,0.0,0.0,1846.0,0.0,0.0,0.0,0.0,0.0,0.0,0.0,0.0,0.0,0.0,0.0,up,0.19,2026-09-02T10:09:54,0.0,0.179999999701977,44.42,2026-09-03 13:44:14,2026-09-03 09:45:06
IBIT,IBIT261120P00028000,IBIT,2026-11-20,P,28.0,0.0,0.0,0.0,0.0,0.0,1759.0,0.0,0.0,0.0,0.0,0.0,0.0,0.0,0.0,0.0,0.0,0.0,down,0.19,2026-09-02T15:26:49,0.0,0.190000005066395,44.42,2026-09-03 13:44:14,2026-09-03 09:45:06
IBIT,IBIT261120P00029000,IBIT,2026-11-20,P,29.0,0.0,0.0,0.0,0.0,0.0,1896.0,0.0,0.0,0.0,0.0,0.0,0.0,0.0,0.0,0.0,0.0,0.0,down,0.21,2026-09-02T15:26:49,0.0,0.215000003576279,44.42,2026-09-03 13:44:14,2026-09-03 09:45:06
IBIT,IBIT261120P00030000,IBIT,2026-11-20,P,30.0,0.0,0.0,0.0,0.0,0.0,11074.0,0.0,0.0,0.0,0.0,0.0,0.0,0.0,0.0,0.0,0.0,0.0,down,0.24,2026-09-02T15:25:22,0.0,0.244999997317791,44.42,2026-09-03 13:44:14,2026-09-03 09:45:06
IBIT,IBIT261120P00031000,IBIT,2026-11-20,P,31.0,0.0,0.0,0.0,0.0,0.0,6145.0,0.0,0.0,0.0,0.0,0.0,0.0,0.0,0.0,0.0,0.0,0.0,down,0.29,2026-09-01T14:12:44,0.0,0.280000001192093,44.42,2026-09-03 13:44:14,2026-09-03 09:45:06
IBIT,IBIT261120P00032000,IBIT,2026-11-20,P,32.0,0.0,0.0,0.0,0.0,0.0,4653.0,0.0,0.0,0.0,0.0,0.0,0.0,0.0,0.0,0.0,0.0,0.0,up,0.33,2026-09-02T11:57:07,0.0,0.320000007748604,44.42,2026-09-03 13:44:14,2026-09-03 09:45:06
IBIT,IBIT261120P00033000,IBIT,2026-11-20,P,33.0,0.0,0.0,0.0,0.0,0.0,13921.0,0.0,0.0,0.0,0.0,0.0,0.0,0.0,0.0,0.0,0.0,0.0,up,0.38,2026-09-02T15:56:45,0.0,0.370000004768372,44.42,2026-09-03 13:44:14,2026-09-03 09:45:06
IBIT,IBIT261120P00034000,IBIT,2026-11-20,P,34.0,0.0,0.0,0.0,0.0,0.0,21722.0,0.0,0.0,0.0,0.0,0.0,0.0,0.0,0.0,0.0,0.0,0.0,up,0.45,2026-09-02T12:00:47,0.0,0.439999997615814,44.42,2026-09-03 13:44:14,2026-09-03 09:45:06
IBIT,IBIT261120P00035000,IBIT,2026-11-20,P,35.0,0.0,0.0,0.0,0.0,0.0,24004.0,0.0,0.0,0.0,0.0,0.0,0.0,0.0,0.0,0.0,0.0,0.0,up,0.54,2026-09-02T15:20:56,0.0,0.530000001192093,44.42,2026-09-03 13:44:14,2026-09-03 09:45:06
IBIT,IBIT261120P00036000,IBIT,2026-11-20,P,36.0,0.0,0.0,0.0,0.0,0.0,27189.0,0.0,0.0,0.0,0.0,0.0,0.0,0.0,0.0,0.0,0.0,0.0,no_change,0.65,2026-09-02T15:10:24,0.0,0.650000005960464,44.42,2026-09-03 13:44:14,2026-09-03 09:45:06
IBIT,IBIT261120P00037000,IBIT,2026-11-20,P,37.0,0.0,0.0,0.0,0.0,0.0,20578.0,0.0,0.0,0.0,0.0,0.0,0.0,0.0,0.0,0.0,0.0,0.0,down,0.79,2026-09-02T13:51:02,0.0,0.794999986886978,44.42,2026-09-03 13:44:14,2026-09-03 09:45:06
IBIT,IBIT261120P00038000,IBIT,2026-11-20,P,38.0,0.0,0.0,0.0,0.0,0.0,3331.0,0.0,0.0,0.0,0.0,0.0,0.0,0.0,0.0,0.0,0.0,0.0,up,0.97,2026-09-02T15:53:30,0.0,0.969999998807907,44.42,2026-09-03 13:44:14,2026-09-03 09:45:06
IBIT,IBIT261120P00039000,IBIT,2026-11-20,P,39.0,0.0,0.0,0.0,0.0,0.0,17446.0,0.0,0.0,0.0,0.0,0.0,0.0,0.0,0.0,0.0,0.0,0.0,down,1.19,2026-09-02T15:59:38,0.0,1.20000004768372,44.42,2026-09-03 13:44:14,2026-09-03 09:45:06
IBIT,IBIT261120P00040000,IBIT,2026-11-20,P,40.0,0.0,0.0,0.0,0.0,0.0,24702.0,0.0,0.0,0.0,0.0,0.0,0.0,0.0,0.0,0.0,0.0,0.0,down,1.47,2026-09-02T15:55:50,0.0,1.4650000333786,44.42,2026-09-03 13:44:14,2026-09-03 09:45:06
IBIT,IBIT261120P00041000,IBIT,2026-11-20,P,41.0,0.0,0.0,0.0,0.0,0.0,10212.0,0.0,0.0,0.0,0.0,0.0,0.0,0.0,0.0,0.0,0.0,0.0,no_change,1.76,2026-09-02T14:13:26,0.0,1.7849999666214,44.42,2026-09-03 13:44:14,2026-09-03 09:45:06
IBIT,IBIT261120P00042000,IBIT,2026-11-20,P,42.0,0.0,0.0,0.0,0.0,0.0,2316.0,0.0,0.0,0.0,0.0,0.0,0.0,0.0,0.0,0.0,0.0,0.0,up,2.16,2026-09-02T15:52:58,0.0,2.16500008106232,44.42,2026-09-03 13:44:14,2026-09-03 09:45:06
IBIT,IBIT261120P00043000,IBIT,2026-11-20,P,43.0,0.0,0.0,0.0,0.0,0.0,6425.0,0.0,0.0,0.0,0.0,0.0,0.0,0.0,0.0,0.0,0.0,0.0,no_change,2.61,2026-09-02T15:44:41,0.0,2.59999990463257,44.42,2026-09-03 13:44:14,2026-09-03 09:45:06
IBIT,IBIT261120P00044000,IBIT,2026-11-20,P,44.0,0.0,0.0,0.0,0.0,0.0,17171.0,0.0,0.0,0.0,0.0,0.0,0.0,0.0,0.0,0.0,0.0,0.0,up,3.1,2026-09-02T15:59:47,0.0,3.10000002384186,44.42,2026-09-03 13:44:14,2026-09-03 09:45:06
IBIT,IBIT261120P00045000,IBIT,2026-11-20,P,45.0,0.0,0.0,0.0,0.0,0.0,3519.0,0.0,0.0,0.0,0.0,0.0,0.0,0.0,0.0,0.0,0.0,0.0,up,3.66,2026-09-02T15:58:27,0.0,3.64999997615814,44.42,2026-09-03 13:44:14,2026-09-03 09:45:06
IBIT,IBIT261120P00046000,IBIT,2026-11-20,P,46.0,0.0,0.0,0.0,0.0,0.0,488.0,0.0,0.0,0.0,0.0,0.0,0.0,0.0,0.0,0.0,0.0,0.0,down,4.3,2026-09-02T10:49:42,0.0,4.25,44.42,2026-09-03 13:44:14,2026-09-03 09:45:06
IBIT,IBIT261120P00047000,IBIT,2026-11-20,P,47.0,0.0,0.0,0.0,0.0,0.0,375.0,0.0,0.0,0.0,0.0,0.0,0.0,0.0,0.0,0.0,0.0,0.0,down,4.85,2026-09-02T10:22:14,0.0,4.89999985694885,44.42,2026-09-03 13:44:14,2026-09-03 09:45:06
IBIT,IBIT261120P00048000,IBIT,2026-11-20,P,48.0,0.0,0.0,0.0,0.0,0.0,1817.0,0.0,0.0,0.0,0.0,0.0,0.0,0.0,0.0,0.0,0.0,0.0,no_change,5.26,2026-09-01T10:52:43,0.0,5.57500004768372,44.42,2026-09-03 13:44:14,2026-09-03 09:45:06
IBIT,IBIT261120P00049000,IBIT,2026-11-20,P,49.0,0.0,0.0,0.0,0.0,0.0,112.0,0.0,0.0,0.0,0.0,0.0,0.0,0.0,0.0,0.0,0.0,0.0,down,6.3,2026-09-02T14:06:03,0.0,6.32500004768372,44.42,2026-09-03 13:44:14,2026-09-03 09:45:06
IBIT,IBIT261120P00050000,IBIT,2026-11-20,P,50.0,0.0,0.0,0.0,0.0,0.0,1286.0,0.0,0.0,0.0,0.0,0.0,0.0,0.0,0.0,0.0,0.0,0.0,down,7.05,2026-09-02T15:30:48,0.0,7.125,44.42,2026-09-03 13:44:14,2026-09-03 09:45:06
IBIT,IBIT261120P00051000,IBIT,2026-11-20,P,51.0,0.0,0.0,0.0,0.0,0.0,21.0,0.0,0.0,0.0,0.0,0.0,0.0,0.0,0.0,0.0,0.0,0.0,down,8.03,2026-09-02T09:59:48,0.0,7.95000004768372,44.42,2026-09-03 13:44:14,2026-09-03 09:45:06
IBIT,IBIT261120P00052000,IBIT,2026-11-20,P,52.0,0.0,0.0,0.0,0.0,0.0,17.0,0.0,0.0,0.0,0.0,0.0,0.0,0.0,0.0,0.0,0.0,0.0,no_change,8.69,2026-09-02T14:10:41,0.0,8.7999997138977,44.42,2026-09-03 13:44:14,2026-09-03 09:45:06
IBIT,IBIT261120P00053000,IBIT,2026-11-20,P,53.0,0.0,0.0,0.0,0.0,0.0,10.0,0.0,0.0,0.0,0.0,0.0,0.0,0.0,0.0,0.0,0.0,0.0,down,9.45,2026-08-25T15:48:31,0.0,9.7000002861023,44.42,2026-09-03 13:44:14,2026-09-03 09:45:06
IBIT,IBIT261120P00054000,IBIT,2026-11-20,P,54.0,0.0,0.0,0.0,0.0,0.0,11.0,0.0,0.0,0.0,0.0,0.0,0.0,0.0,0.0,0.0,0.0,0.0,down,9.96,2026-08-28T11:51:15,0.0,10.5999999046326,44.42,2026-09-03 13:44:14,2026-09-03 09:45:06
IBIT,IBIT261120P00055000,IBIT,2026-11-20,P,55.0,0.0,0.0,0.0,0.0,0.0,45.0,0.0,0.0,0.0,0.0,0.0,0.0,0.0,0.0,0.0,0.0,0.0,up,11.4,2026-08-31T09:47:44,0.0,11.5,44.42,2026-09-03 13:44:14,2026-09-03 09:45:06
IBIT,IBIT261120P00056000,IBIT,2026-11-20,P,56.0,0.0,0.0,0.0,0.0,0.0,9.0,0.0,0.0,0.0,0.0,0.0,0.0,0.0,0.0,0.0,0.0,0.0,no_change,12.5,2026-09-02T13:02:46,0.0,12.4500002861023,44.42,2026-09-03 13:44:14,2026-09-03 09:45:06
IBIT,IBIT261120P00057000,IBIT,2026-11-20,P,57.0,0.0,0.0,0.0,0.0,0.0,0.0,0.0,0.0,0.0,0.0,0.0,0.0,0.0,0.0,0.0,0.0,0.0,no_change,20.93,2026-06-18T10:57:14,0.0,13.4000000953674,44.42,2026-09-03 13:44:14,2026-09-03 09:45:06
IBIT,IBIT261120P00058000,IBIT,2026-11-20,P,58.0,0.0,0.0,0.0,0.0,0.0,75.0,0.0,0.0,0.0,0.0,0.0,0.0,0.0,0.0,0.0,0.0,0.0,no_change,12.95,2026-08-27T11:08:36,0.0,14.3499999046326,44.42,2026-09-03 13:44:14,2026-09-03 09:45:06
IBIT,IBIT261120P00059000,IBIT,2026-11-20,P,59.0,0.0,0.0,0.0,0.0,0.0,0.0,0.0,0.0,0.0,0.0,0.0,0.0,0.0,0.0,0.0,0.0,0.0,down,21.89,2026-06-16T13:33:57,0.0,15.3499999046326,44.42,2026-09-03 13:44:14,2026-09-03 09:45:06
IBIT,IBIT261120P00060000,IBIT,2026-11-20,P,60.0,0.0,0.0,0.0,0.0,0.0,394.0,0.0,0.0,0.0,0.0,0.0,0.0,0.0,0.0,0.0,0.0,0.0,down,15.33,2026-08-31T15:20:52,0.0,16.3000001907349,44.42,2026-09-03 13:44:14,2026-09-03 09:45:06
IBIT,IBIT261120P00065000,IBIT,2026-11-20,P,65.0,0.0,0.0,0.0,0.0,0.0,2.0,0.0,0.0,0.0,0.0,0.0,0.0,0.0,0.0,0.0,0.0,0.0,no_change,20.85,2026-08-31T09:38:53,0.0,21.3999996185303,44.42,2026-09-03 13:44:14,2026-09-03 09:45:06
IBIT,IBIT261120P00070000,IBIT,2026-11-20,P,70.0,0.0,0.0,0.0,0.0,0.0,0.0,0.0,0.0,0.0,0.0,0.0,0.0,0.0,0.0,0.0,0.0,0.0,no_change,0.0,,0.0,26.3000001907349,44.42,2026-09-03 13:44:14,2026-09-03 09:45:06
IBIT,IBIT261120P00075000,IBIT,2026-11-20,P,75.0,0.0,0.0,0.0,0.0,0.0,0.0,0.0,0.0,0.0,0.0,0.0,0.0,0.0,0.0,0.0,0.0,0.0,no_change,0.0,,0.0,31.375,44.42,2026-09-03 13:44:14,2026-09-03 09:45:06
IBIT,IBIT261120P00080000,IBIT,2026-11-20,P,80.0,0.0,0.0,0.0,0.0,0.0,0.0,0.0,0.0,0.0,0.0,0.0,0.0,0.0,0.0,0.0,0.0,0.0,up,43.47,2026-08-10T11:15:20,0.0,36.2250003814697,44.42,2026-09-03 13:44:14,2026-09-03 09:45:06
IBIT,IBIT261120P00085000,IBIT,2026-11-20,P,85.0,0.0,0.0,0.0,0.0,0.0,0.0,0.0,0.0,0.0,0.0,0.0,0.0,0.0,0.0,0.0,0.0,0.0,no_change,0.0,,0.0,41.3250007629394,44.42,2026-09-03 13:44:14,2026-09-03 09:45:06
IBIT,IBIT261120P00090000,IBIT,2026-11-20,P,90.0,0.0,0.0,0.0,0.0,0.0,0.0,0.0,0.0,0.0,0.0,0.0,0.0,0.0,0.0,0.0,0.0,0.0,no_change,0.0,,0.0,46.375,44.42,2026-09-03 13:44:14,2026-09-03 09:45:06
IBIT,IBIT261130C00020000,IBIT,2026-11-30,C,20.0,0.0,0.0,0.0,0.0,0.0,188.0,0.0,0.0,0.0,0.0,0.0,0.0,0.0,0.0,0.0,0.0,0.0,up,25.72,2026-08-27T14:54:42,0.0,24.0,44.42,2026-09-03 13:44:14,2026-09-03 09:45:06
IBIT,IBIT261130C00025000,IBIT,2026-11-30,C,25.0,0.0,0.0,0.0,0.0,0.0,272.0,0.0,0.0,0.0,0.0,0.0,0.0,0.0,0.0,0.0,0.0,0.0,up,21.25,2026-08-27T13:21:23,0.0,19.0500001907349,44.42,2026-09-03 13:44:14,2026-09-03 09:45:06
IBIT,IBIT261130C00026000,IBIT,2026-11-30,C,26.0,0.0,0.0,0.0,0.0,0.0,1.0,0.0,0.0,0.0,0.0,0.0,0.0,0.0,0.0,0.0,0.0,0.0,no_change,11.64,2026-07-14T14:12:14,0.0,18.0750007629395,44.42,2026-09-03 13:44:14,2026-09-03 09:45:06
IBIT,IBIT261130C00027000,IBIT,2026-11-30,C,27.0,0.0,0.0,0.0,0.0,0.0,29.0,0.0,0.0,0.0,0.0,0.0,0.0,0.0,0.0,0.0,0.0,0.0,down,17.1,2026-08-21T14:54:45,0.0,17.25,44.42,2026-09-03 13:44:14,2026-09-03 09:45:06
IBIT,IBIT261130C00028000,IBIT,2026-11-30,C,28.0,0.0,0.0,0.0,0.0,0.0,1.0,0.0,0.0,0.0,0.0,0.0,0.0,0.0,0.0,0.0,0.0,0.0,down,9.9,2026-07-14T14:14:58,0.0,16.25,44.42,2026-09-03 13:44:14,2026-09-03 09:45:06
IBIT,IBIT261130C00029000,IBIT,2026-11-30,C,29.0,0.0,0.0,0.0,0.0,0.0,6.0,0.0,0.0,0.0,0.0,0.0,0.0,0.0,0.0,0.0,0.0,0.0,no_change,8.6,2026-08-04T14:20:20,0.0,15.2750000953674,44.42,2026-09-03 13:44:14,2026-09-03 09:45:06
IBIT,IBIT261130C00030000,IBIT,2026-11-30,C,30.0,0.0,0.0,0.0,0.0,0.0,134.0,0.0,0.0,0.0,0.0,0.0,0.0,0.0,0.0,0.0,0.0,0.0,up,14.36,2026-09-02T15:29:59,0.0,14.3249998092651,44.42,2026-09-03 13:44:14,2026-09-03 09:45:06
IBIT,IBIT261130C00031000,IBIT,2026-11-30,C,31.0,0.0,0.0,0.0,0.0,0.0,33.0,0.0,0.0,0.0,0.0,0.0,0.0,0.0,0.0,0.0,0.0,0.0,up,9.0,2026-08-19T12:52:28,0.0,13.375,44.42,2026-09-03 13:44:14,2026-09-03 09:45:06
IBIT,IBIT261130C00032000,IBIT,2026-11-30,C,32.0,0.0,0.0,0.0,0.0,0.0,20.0,0.0,0.0,0.0,0.0,0.0,0.0,0.0,0.0,0.0,0.0,0.0,up,13.29,2026-08-26T15:36:07,0.0,12.4500002861023,44.42,2026-09-03 13:44:14,2026-09-03 09:45:06
IBIT,IBIT261130C00033000,IBIT,2026-11-30,C,33.0,0.0,0.0,0.0,0.0,0.0,23.0,0.0,0.0,0.0,0.0,0.0,0.0,0.0,0.0,0.0,0.0,0.0,up,13.08,2026-08-27T14:29:28,0.0,11.5250000953674,44.42,2026-09-03 13:44:14,2026-09-03 09:45:06
IBIT,IBIT261130C00034000,IBIT,2026-11-30,C,34.0,0.0,0.0,0.0,0.0,0.0,99.0,0.0,0.0,0.0,0.0,0.0,0.0,0.0,0.0,0.0,0.0,0.0,down,11.9,2026-08-25T11:12:03,0.0,10.5999999046326,44.42,2026-09-03 13:44:14,2026-09-03 09:45:06
IBIT,IBIT261130C00035000,IBIT,2026-11-30,C,35.0,0.0,0.0,0.0,0.0,0.0,5773.0,0.0,0.0,0.0,0.0,0.0,0.0,0.0,0.0,0.0,0.0,0.0,no_change,9.65,2026-09-02T10:01:24,0.0,9.72499990463257,44.42,2026-09-03 13:44:14,2026-09-03 09:45:06
IBIT,IBIT261130C00036000,IBIT,2026-11-30,C,36.0,0.0,0.0,0.0,0.0,0.0,1167.0,0.0,0.0,0.0,0.0,0.0,0.0,0.0,0.0,0.0,0.0,0.0,down,8.97,2026-09-01T13:57:04,0.0,8.84999990463257,44.42,2026-09-03 13:44:14,2026-09-03 09:45:06
IBIT,IBIT261130C00037000,IBIT,2026-11-30,C,37.0,0.0,0.0,0.0,0.0,0.0,245.0,0.0,0.0,0.0,0.0,0.0,0.0,0.0,0.0,0.0,0.0,0.0,down,8.25,2026-08-28T12:28:15,0.0,8.02500009536743,44.42,2026-09-03 13:44:14,2026-09-03 09:45:06
IBIT,IBIT261130C00038000,IBIT,2026-11-30,C,38.0,0.0,0.0,0.0,0.0,0.0,738.0,0.0,0.0,0.0,0.0,0.0,0.0,0.0,0.0,0.0,0.0,0.0,down,7.15,2026-09-01T14:29:43,0.0,7.20000004768372,44.42,2026-09-03 13:44:14,2026-09-03 09:45:06
IBIT,IBIT261130C00039000,IBIT,2026-11-30,C,39.0,0.0,0.0,0.0,0.0,0.0,5852.0,0.0,0.0,0.0,0.0,0.0,0.0,0.0,0.0,0.0,0.0,0.0,down,6.7,2026-09-01T12:14:15,0.0,6.45000004768372,44.42,2026-09-03 13:44:14,2026-09-03 09:45:06
IBIT,IBIT261130C00040000,IBIT,2026-11-30,C,40.0,0.0,0.0,0.0,0.0,0.0,3222.0,0.0,0.0,0.0,0.0,0.0,0.0,0.0,0.0,0.0,0.0,0.0,no_change,5.88,2026-09-01T13:48:48,0.0,5.75,44.42,2026-09-03 13:44:14,2026-09-03 09:45:06
IBIT,IBIT261130C00041000,IBIT,2026-11-30,C,41.0,0.0,0.0,0.0,0.0,0.0,1758.0,0.0,0.0,0.0,0.0,0.0,0.0,0.0,0.0,0.0,0.0,0.0,down,5.05,2026-09-02T13:39:15,0.0,5.07500004768372,44.42,2026-09-03 13:44:14,2026-09-03 09:45:06
IBIT,IBIT261130C00042000,IBIT,2026-11-30,C,42.0,0.0,0.0,0.0,0.0,0.0,2045.0,0.0,0.0,0.0,0.0,0.0,0.0,0.0,0.0,0.0,0.0,0.0,down,4.5,2026-09-02T10:11:27,0.0,4.45000004768372,44.42,2026-09-03 13:44:14,2026-09-03 09:45:06
IBIT,IBIT261130C00043000,IBIT,2026-11-30,C,43.0,0.0,0.0,0.0,0.0,0.0,1654.0,0.0,0.0,0.0,0.0,0.0,0.0,0.0,0.0,0.0,0.0,0.0,up,3.95,2026-09-02T15:59:42,0.0,3.92500007152557,44.42,2026-09-03 13:44:14,2026-09-03 09:45:06
IBIT,IBIT261130C00044000,IBIT,2026-11-30,C,44.0,0.0,0.0,0.0,0.0,0.0,3081.0,0.0,0.0,0.0,0.0,0.0,0.0,0.0,0.0,0.0,0.0,0.0,up,3.47,2026-09-02T10:27:50,0.0,3.42500007152557,44.42,2026-09-03 13:44:14,2026-09-03 09:45:06
IBIT,IBIT261130C00045000,IBIT,2026-11-30,C,45.0,0.0,0.0,0.0,0.0,0.0,3480.0,0.0,0.0,0.0,0.0,0.0,0.0,0.0,0.0,0.0,0.0,0.0,up,2.97,2026-09-02T15:56:19,0.0,2.9650000333786,44.42,2026-09-03 13:44:14,2026-09-03 09:45:06
IBIT,IBIT261130C00046000,IBIT,2026-11-30,C,46.0,0.0,0.0,0.0,0.0,0.0,1282.0,0.0,0.0,0.0,0.0,0.0,0.0,0.0,0.0,0.0,0.0,0.0,down,2.56,2026-09-02T15:57:51,0.0,2.55999994277954,44.42,2026-09-03 13:44:14,2026-09-03 09:45:06
IBIT,IBIT261130C00047000,IBIT,2026-11-30,C,47.0,0.0,0.0,0.0,0.0,0.0,1498.0,0.0,0.0,0.0,0.0,0.0,0.0,0.0,0.0,0.0,0.0,0.0,down,2.21,2026-09-02T15:53:59,0.0,2.21000003814697,44.42,2026-09-03 13:44:14,2026-09-03 09:45:06
IBIT,IBIT261130C00048000,IBIT,2026-11-30,C,48.0,0.0,0.0,0.0,0.0,0.0,2572.0,0.0,0.0,0.0,0.0,0.0,0.0,0.0,0.0,0.0,0.0,0.0,down,1.88,2026-09-02T12:02:57,0.0,1.89999997615814,44.42,2026-09-03 13:44:14,2026-09-03 09:45:06
IBIT,IBIT261130C00049000,IBIT,2026-11-30,C,49.0,0.0,0.0,0.0,0.0,0.0,12967.0,0.0,0.0,0.0,0.0,0.0,0.0,0.0,0.0,0.0,0.0,0.0,no_change,1.71,2026-09-01T15:18:12,0.0,1.63499999046326,44.42,2026-09-03 13:44:14,2026-09-03 09:45:06
IBIT,IBIT261130C00050000,IBIT,2026-11-30,C,50.0,0.0,0.0,0.0,0.0,0.0,40298.0,0.0,0.0,0.0,0.0,0.0,0.0,0.0,0.0,0.0,0.0,0.0,up,1.44,2026-09-02T10:44:08,0.0,1.40499997138977,44.42,2026-09-03 13:44:14,2026-09-03 09:45:06
IBIT,IBIT261130C00055000,IBIT,2026-11-30,C,55.0,0.0,0.0,0.0,0.0,0.0,5670.0,0.0,0.0,0.0,0.0,0.0,0.0,0.0,0.0,0.0,0.0,0.0,down,0.67,2026-09-02T15:53:59,0.0,0.680000007152557,44.42,2026-09-03 13:44:14,2026-09-03 09:45:06
IBIT,IBIT261130C00060000,IBIT,2026-11-30,C,60.0,0.0,0.0,0.0,0.0,0.0,9385.0,0.0,0.0,0.0,0.0,0.0,0.0,0.0,0.0,0.0,0.0,0.0,down,0.35,2026-09-02T12:02:46,0.0,0.370000004768372,44.42,2026-09-03 13:44:14,2026-09-03 09:45:06
IBIT,IBIT261130C00065000,IBIT,2026-11-30,C,65.0,0.0,0.0,0.0,0.0,0.0,1828.0,0.0,0.0,0.0,0.0,0.0,0.0,0.0,0.0,0.0,0.0,0.0,no_change,0.23,2026-09-02T11:40:59,0.0,0.229999996721745,44.42,2026-09-03 13:44:14,2026-09-03 09:45:06
IBIT,IBIT261130P00020000,IBIT,2026-11-30,P,20.0,0.0,0.0,0.0,0.0,0.0,1076.0,0.0,0.0,0.0,0.0,0.0,0.0,0.0,0.0,0.0,0.0,0.0,no_change,0.12,2026-09-01T14:38:49,0.0,0.114999998360872,44.42,2026-09-03 13:44:14,2026-09-03 09:45:06
IBIT,IBIT261130P00025000,IBIT,2026-11-30,P,25.0,0.0,0.0,0.0,0.0,0.0,1019.0,0.0,0.0,0.0,0.0,0.0,0.0,0.0,0.0,0.0,0.0,0.0,up,0.18,2026-09-01T14:38:49,0.0,0.165000006556511,44.42,2026-09-03 13:44:14,2026-09-03 09:45:06
IBIT,IBIT261130P00026000,IBIT,2026-11-30,P,26.0,0.0,0.0,0.0,0.0,0.0,276.0,0.0,0.0,0.0,0.0,0.0,0.0,0.0,0.0,0.0,0.0,0.0,no_change,0.19,2026-09-01T15:28:10,0.0,0.174999997019768,44.42,2026-09-03 13:44:14,2026-09-03 09:45:06
IBIT,IBIT261130P00027000,IBIT,2026-11-30,P,27.0,0.0,0.0,0.0,0.0,0.0,520.0,0.0,0.0,0.0,0.0,0.0,0.0,0.0,0.0,0.0,0.0,0.0,no_change,0.22,2026-08-25T10:02:20,0.0,0.195000000298023,44.42,2026-09-03 13:44:14,2026-09-03 09:45:06
IBIT,IBIT261130P00028000,IBIT,2026-11-30,P,28.0,0.0,0.0,0.0,0.0,0.0,2519.0,0.0,0.0,0.0,0.0,0.0,0.0,0.0,0.0,0.0,0.0,0.0,up,0.22,2026-09-02T12:42:59,0.0,0.219999998807907,44.42,2026-09-03 13:44:14,2026-09-03 09:45:06
IBIT,IBIT261130P00029000,IBIT,2026-11-30,P,29.0,0.0,0.0,0.0,0.0,0.0,1557.0,0.0,0.0,0.0,0.0,0.0,0.0,0.0,0.0,0.0,0.0,0.0,no_change,0.27,2026-09-01T14:45:17,0.0,0.240000002086163,44.42,2026-09-03 13:44:14,2026-09-03 09:45:06
IBIT,IBIT261130P00030000,IBIT,2026-11-30,P,30.0,0.0,0.0,0.0,0.0,0.0,4232.0,0.0,0.0,0.0,0.0,0.0,0.0,0.0,0.0,0.0,0.0,0.0,down,0.26,2026-09-02T15:56:35,0.0,0.269999995827675,44.42,2026-09-03 13:44:14,2026-09-03 09:45:06
IBIT,IBIT261130P00031000,IBIT,2026-11-30,P,31.0,0.0,0.0,0.0,0.0,0.0,999.0,0.0,0.0,0.0,0.0,0.0,0.0,0.0,0.0,0.0,0.0,0.0,down,0.32,2026-09-02T11:24:43,0.0,0.310000002384186,44.42,2026-09-03 13:44:14,2026-09-03 09:45:06
IBIT,IBIT261130P00032000,IBIT,2026-11-30,P,32.0,0.0,0.0,0.0,0.0,0.0,3255.0,0.0,0.0,0.0,0.0,0.0,0.0,0.0,0.0,0.0,0.0,0.0,no_change,0.34,2026-08-31T11:42:03,0.0,0.359999999403954,44.42,2026-09-03 13:44:14,2026-09-03 09:45:06
IBIT,IBIT261130P00033000,IBIT,2026-11-30,P,33.0,0.0,0.0,0.0,0.0,0.0,777.0,0.0,0.0,0.0,0.0,0.0,0.0,0.0,0.0,0.0,0.0,0.0,down,0.41,2026-09-01T09:57:48,0.0,0.420000001788139,44.42,2026-09-03 13:44:14,2026-09-03 09:45:06
IBIT,IBIT261130P00034000,IBIT,2026-11-30,P,34.0,0.0,0.0,0.0,0.0,0.0,1097.0,0.0,0.0,0.0,0.0,0.0,0.0,0.0,0.0,0.0,0.0,0.0,down,0.44,2026-08-31T13:31:55,0.0,0.504999995231628,44.42,2026-09-03 13:44:14,2026-09-03 09:45:06
IBIT,IBIT261130P00035000,IBIT,2026-11-30,P,35.0,0.0,0.0,0.0,0.0,0.0,3113.0,0.0,0.0,0.0,0.0,0.0,0.0,0.0,0.0,0.0,0.0,0.0,up,0.61,2026-09-02T13:34:22,0.0,0.604999989271164,44.42,2026-09-03 13:44:14,2026-09-03 09:45:06
IBIT,IBIT261130P00036000,IBIT,2026-11-30,P,36.0,0.0,0.0,0.0,0.0,0.0,1159.0,0.0,0.0,0.0,0.0,0.0,0.0,0.0,0.0,0.0,0.0,0.0,no_change,0.79,2026-09-01T15:23:27,0.0,0.735000014305115,44.42,2026-09-03 13:44:14,2026-09-03 09:45:06
IBIT,IBIT261130P00037000,IBIT,2026-11-30,P,37.0,0.0,0.0,0.0,0.0,0.0,650.0,0.0,0.0,0.0,0.0,0.0,0.0,0.0,0.0,0.0,0.0,0.0,down,0.88,2026-09-02T13:01:55,0.0,0.895000010728836,44.42,2026-09-03 13:44:14,2026-09-03 09:45:06
IBIT,IBIT261130P00038000,IBIT,2026-11-30,P,38.0,0.0,0.0,0.0,0.0,0.0,350.0,0.0,0.0,0.0,0.0,0.0,0.0,0.0,0.0,0.0,0.0,0.0,up,1.12,2026-09-02T10:59:04,0.0,1.08500003814697,44.42,2026-09-03 13:44:14,2026-09-03 09:45:06
IBIT,IBIT261130P00039000,IBIT,2026-11-30,P,39.0,0.0,0.0,0.0,0.0,0.0,755.0,0.0,0.0,0.0,0.0,0.0,0.0,0.0,0.0,0.0,0.0,0.0,no_change,1.29,2026-09-02T12:34:03,0.0,1.33000004291534,44.42,2026-09-03 13:44:14,2026-09-03 09:45:06
IBIT,IBIT261130P00040000,IBIT,2026-11-30,P,40.0,0.0,0.0,0.0,0.0,0.0,2499.0,0.0,0.0,0.0,0.0,0.0,0.0,0.0,0.0,0.0,0.0,0.0,down,1.65,2026-09-02T10:59:16,0.0,1.60500001907349,44.42,2026-09-03 13:44:14,2026-09-03 09:45:06
IBIT,IBIT261130P00041000,IBIT,2026-11-30,P,41.0,0.0,0.0,0.0,0.0,0.0,1298.0,0.0,0.0,0.0,0.0,0.0,0.0,0.0,0.0,0.0,0.0,0.0,no_change,1.91,2026-09-02T12:37:47,0.0,1.93500000238419,44.42,2026-09-03 13:44:14,2026-09-03 09:45:06
IBIT,IBIT261130P00042000,IBIT,2026-11-30,P,42.0,0.0,0.0,0.0,0.0,0.0,979.0,0.0,0.0,0.0,0.0,0.0,0.0,0.0,0.0,0.0,0.0,0.0,up,2.4,2026-09-02T11:03:12,0.0,2.3199999332428,44.42,2026-09-03 13:44:14,2026-09-03 09:45:06
IBIT,IBIT261130P00043000,IBIT,2026-11-30,P,43.0,0.0,0.0,0.0,0.0,0.0,558.0,0.0,0.0,0.0,0.0,0.0,0.0,0.0,0.0,0.0,0.0,0.0,no_change,2.71,2026-09-02T12:36:12,0.0,2.75999999046326,44.42,2026-09-03 13:44:14,2026-09-03 09:45:06
IBIT,IBIT261130P00044000,IBIT,2026-11-30,P,44.0,0.0,0.0,0.0,0.0,0.0,381.0,0.0,0.0,0.0,0.0,0.0,0.0,0.0,0.0,0.0,0.0,0.0,up,3.27,2026-09-02T15:57:46,0.0,3.25,44.42,2026-09-03 13:44:14,2026-09-03 09:45:06
IBIT,IBIT261130P00045000,IBIT,2026-11-30,P,45.0,0.0,0.0,0.0,0.0,0.0,895.0,0.0,0.0,0.0,0.0,0.0,0.0,0.0,0.0,0.0,0.0,0.0,no_change,3.85,2026-09-02T13:18:30,0.0,3.79999995231628,44.42,2026-09-03 13:44:14,2026-09-03 09:45:06
IBIT,IBIT261130P00046000,IBIT,2026-11-30,P,46.0,0.0,0.0,0.0,0.0,0.0,468.0,0.0,0.0,0.0,0.0,0.0,0.0,0.0,0.0,0.0,0.0,0.0,up,4.65,2026-08-28T12:24:56,0.0,4.39999985694885,44.42,2026-09-03 13:44:14,2026-09-03 09:45:06
IBIT,IBIT261130P00047000,IBIT,2026-11-30,P,47.0,0.0,0.0,0.0,0.0,0.0,94.0,0.0,0.0,0.0,0.0,0.0,0.0,0.0,0.0,0.0,0.0,0.0,no_change,5.3,2026-08-28T12:24:56,0.0,5.04999995231628,44.42,2026-09-03 13:44:14,2026-09-03 09:45:06
IBIT,IBIT261130P00048000,IBIT,2026-11-30,P,48.0,0.0,0.0,0.0,0.0,0.0,1246.0,0.0,0.0,0.0,0.0,0.0,0.0,0.0,0.0,0.0,0.0,0.0,down,5.7,2026-08-28T15:39:23,0.0,5.75,44.42,2026-09-03 13:44:14,2026-09-03 09:45:06
IBIT,IBIT261130P00049000,IBIT,2026-11-30,P,49.0,0.0,0.0,0.0,0.0,0.0,86.0,0.0,0.0,0.0,0.0,0.0,0.0,0.0,0.0,0.0,0.0,0.0,up,6.2,2026-08-31T09:42:59,0.0,6.47500014305115,44.42,2026-09-03 13:44:14,2026-09-03 09:45:06
IBIT,IBIT261130P00050000,IBIT,2026-11-30,P,50.0,0.0,0.0,0.0,0.0,0.0,67.0,0.0,0.0,0.0,0.0,0.0,0.0,0.0,0.0,0.0,0.0,0.0,down,7.15,2026-09-02T12:18:05,0.0,7.25,44.42,2026-09-03 13:44:14,2026-09-03 09:45:06
IBIT,IBIT261130P00055000,IBIT,2026-11-30,P,55.0,0.0,0.0,0.0,0.0,0.0,8.0,0.0,0.0,0.0,0.0,0.0,0.0,0.0,0.0,0.0,0.0,0.0,no_change,12.0,2026-09-01T14:45:27,0.0,11.5749998092651,44.42,2026-09-03 13:44:14,2026-09-03 09:45:06
IBIT,IBIT261130P00060000,IBIT,2026-11-30,P,60.0,0.0,0.0,0.0,0.0,0.0,0.0,0.0,0.0,0.0,0.0,0.0,0.0,0.0,0.0,0.0,0.0,0.0,up,23.35,2026-06-18T09:32:21,0.0,16.3250007629395,44.42,2026-09-03 13:44:14,2026-09-03 09:45:06
IBIT,IBIT261130P00065000,IBIT,2026-11-30,P,65.0,0.0,0.0,0.0,0.0,0.0,2.0,0.0,0.0,0.0,0.0,0.0,0.0,0.0,0.0,0.0,0.0,0.0,down,21.34,2026-09-02T09:49:39,0.0,21.3500003814697,44.42,2026-09-03 13:44:14,2026-09-03 09:45:06
IBIT,IBIT261218C00005000,IBIT,2026-12-18,C,5.0,0.0,0.0,0.0,0.0,0.0,45.0,0.0,0.0,0.0,0.0,0.0,0.0,0.0,0.0,0.0,0.0,0.0,down,31.05,2026-07-24T13:22:41,0.0,38.7000007629394,44.42,2026-09-03 13:44:14,2026-09-03 09:45:06
IBIT,IBIT261218C00010000,IBIT,2026-12-18,C,10.0,0.0,0.0,0.0,0.0,0.0,29.0,0.0,0.0,0.0,0.0,0.0,0.0,0.0,0.0,0.0,0.0,0.0,up,34.87,2026-08-25T09:52:37,0.0,33.8500003814697,44.42,2026-09-03 13:44:14,2026-09-03 09:45:06
IBIT,IBIT261218C00015000,IBIT,2026-12-18,C,15.0,0.0,0.0,0.0,0.0,0.0,44.0,0.0,0.0,0.0,0.0,0.0,0.0,0.0,0.0,0.0,0.0,0.0,no_change,30.13,2026-08-25T15:22:36,0.0,28.8999996185303,44.42,2026-09-03 13:44:14,2026-09-03 09:45:06
IBIT,IBIT261218C00020000,IBIT,2026-12-18,C,20.0,0.0,0.0,0.0,0.0,0.0,298.0,0.0,0.0,0.0,0.0,0.0,0.0,0.0,0.0,0.0,0.0,0.0,down,24.2,2026-09-02T12:45:28,0.0,24.0999994277954,44.42,2026-09-03 13:44:14,2026-09-03 09:45:06
IBIT,IBIT261218C00025000,IBIT,2026-12-18,C,25.0,0.0,0.0,0.0,0.0,0.0,655.0,0.0,0.0,0.0,0.0,0.0,0.0,0.0,0.0,0.0,0.0,0.0,down,19.4,2026-08-28T12:34:49,0.0,19.1499996185303,44.42,2026-09-03 13:44:14,2026-09-03 09:45:06
IBIT,IBIT261218C00026000,IBIT,2026-12-18,C,26.0,0.0,0.0,0.0,0.0,0.0,200.0,0.0,0.0,0.0,0.0,0.0,0.0,0.0,0.0,0.0,0.0,0.0,no_change,11.28,2026-08-03T10:56:57,0.0,18.3249998092651,44.42,2026-09-03 13:44:14,2026-09-03 09:45:06
IBIT,IBIT261218C00027000,IBIT,2026-12-18,C,27.0,0.0,0.0,0.0,0.0,0.0,15.0,0.0,0.0,0.0,0.0,0.0,0.0,0.0,0.0,0.0,0.0,0.0,no_change,17.35,2026-08-28T12:27:28,0.0,17.3500003814697,44.42,2026-09-03 13:44:14,2026-09-03 09:45:06
IBIT,IBIT261218C00028000,IBIT,2026-12-18,C,28.0,0.0,0.0,0.0,0.0,0.0,24.0,0.0,0.0,0.0,0.0,0.0,0.0,0.0,0.0,0.0,0.0,0.0,down,16.52,2026-09-02T12:34:01,0.0,16.375,44.42,2026-09-03 13:44:14,2026-09-03 09:45:06
IBIT,IBIT261218C00029000,IBIT,2026-12-18,C,29.0,0.0,0.0,0.0,0.0,0.0,229.0,0.0,0.0,0.0,0.0,0.0,0.0,0.0,0.0,0.0,0.0,0.0,down,15.47,2026-09-02T12:46:41,0.0,15.4250001907349,44.42,2026-09-03 13:44:14,2026-09-03 09:45:06
IBIT,IBIT261218C00030000,IBIT,2026-12-18,C,30.0,0.0,0.0,0.0,0.0,0.0,711.0,0.0,0.0,0.0,0.0,0.0,0.0,0.0,0.0,0.0,0.0,0.0,up,14.54,2026-09-02T12:46:41,0.0,14.5,44.42,2026-09-03 13:44:14,2026-09-03 09:45:06
IBIT,IBIT261218C00031000,IBIT,2026-12-18,C,31.0,0.0,0.0,0.0,0.0,0.0,107.0,0.0,0.0,0.0,0.0,0.0,0.0,0.0,0.0,0.0,0.0,0.0,down,13.59,2026-09-02T12:44:30,0.0,13.5499997138977,44.42,2026-09-03 13:44:14,2026-09-03 09:45:06
IBIT,IBIT261218C00032000,IBIT,2026-12-18,C,32.0,0.0,0.0,0.0,0.0,0.0,82.0,0.0,0.0,0.0,0.0,0.0,0.0,0.0,0.0,0.0,0.0,0.0,down,12.96,2026-08-28T13:37:37,0.0,12.6500000953674,44.42,2026-09-03 13:44:14,2026-09-03 09:45:06
IBIT,IBIT261218C00033000,IBIT,2026-12-18,C,33.0,0.0,0.0,0.0,0.0,0.0,362.0,0.0,0.0,0.0,0.0,0.0,0.0,0.0,0.0,0.0,0.0,0.0,down,11.9,2026-09-01T12:20:03,0.0,11.7249999046326,44.42,2026-09-03 13:44:14,2026-09-03 09:45:06
IBIT,IBIT261218C00034000,IBIT,2026-12-18,C,34.0,0.0,0.0,0.0,0.0,0.0,485.0,0.0,0.0,0.0,0.0,0.0,0.0,0.0,0.0,0.0,0.0,0.0,down,11.05,2026-09-01T12:26:41,0.0,10.8499999046326,44.42,2026-09-03 13:44:14,2026-09-03 09:45:06
IBIT,IBIT261218C00035000,IBIT,2026-12-18,C,35.0,0.0,0.0,0.0,0.0,0.0,2689.0,0.0,0.0,0.0,0.0,0.0,0.0,0.0,0.0,0.0,0.0,0.0,down,9.89,2026-09-02T13:30:35,0.0,9.97499990463257,44.42,2026-09-03 13:44:14,2026-09-03 09:45:06
IBIT,IBIT261218C00036000,IBIT,2026-12-18,C,36.0,0.0,0.0,0.0,0.0,0.0,1228.0,0.0,0.0,0.0,0.0,0.0,0.0,0.0,0.0,0.0,0.0,0.0,down,9.25,2026-09-02T14:57:58,0.0,9.125,44.42,2026-09-03 13:44:14,2026-09-03 09:45:06
IBIT,IBIT261218C00037000,IBIT,2026-12-18,C,37.0,0.0,0.0,0.0,0.0,0.0,1152.0,0.0,0.0,0.0,0.0,0.0,0.0,0.0,0.0,0.0,0.0,0.0,up,8.4,2026-09-01T15:15:31,0.0,8.32499980926514,44.42,2026-09-03 13:44:14,2026-09-03 09:45:06
IBIT,IBIT261218C00038000,IBIT,2026-12-18,C,38.0,0.0,0.0,0.0,0.0,0.0,6027.0,0.0,0.0,0.0,0.0,0.0,0.0,0.0,0.0,0.0,0.0,0.0,down,7.58,2026-09-02T15:42:57,0.0,7.57500004768372,44.42,2026-09-03 13:44:14,2026-09-03 09:45:06
IBIT,IBIT261218C00039000,IBIT,2026-12-18,C,39.0,0.0,0.0,0.0,0.0,0.0,2870.0,0.0,0.0,0.0,0.0,0.0,0.0,0.0,0.0,0.0,0.0,0.0,up,6.86,2026-09-02T15:46:00,0.0,6.85000014305115,44.42,2026-09-03 13:44:14,2026-09-03 09:45:06
IBIT,IBIT261218C00040000,IBIT,2026-12-18,C,40.0,0.0,0.0,0.0,0.0,0.0,8859.0,0.0,0.0,0.0,0.0,0.0,0.0,0.0,0.0,0.0,0.0,0.0,down,6.2,2026-09-02T15:44:23,0.0,6.14999985694885,44.42,2026-09-03 13:44:14,2026-09-03 09:45:06
IBIT,IBIT261218C00041000,IBIT,2026-12-18,C,41.0,0.0,0.0,0.0,0.0,0.0,1674.0,0.0,0.0,0.0,0.0,0.0,0.0,0.0,0.0,0.0,0.0,0.0,no_change,5.41,2026-09-01T14:39:58,0.0,5.52499985694885,44.42,2026-09-03 13:44:14,2026-09-03 09:45:06
IBIT,IBIT261218C00042000,IBIT,2026-12-18,C,42.0,0.0,0.0,0.0,0.0,0.0,3021.0,0.0,0.0,0.0,0.0,0.0,0.0,0.0,0.0,0.0,0.0,0.0,down,4.85,2026-09-02T13:27:31,0.0,4.92499995231628,44.42,2026-09-03 13:44:14,2026-09-03 09:45:06
IBIT,IBIT261218C00043000,IBIT,2026-12-18,C,43.0,0.0,0.0,0.0,0.0,0.0,8265.0,0.0,0.0,0.0,0.0,0.0,0.0,0.0,0.0,0.0,0.0,0.0,no_change,4.45,2026-09-02T14:14:21,0.0,4.39999985694885,44.42,2026-09-03 13:44:14,2026-09-03 09:45:06
IBIT,IBIT261218C00044000,IBIT,2026-12-18,C,44.0,0.0,0.0,0.0,0.0,0.0,6780.0,0.0,0.0,0.0,0.0,0.0,0.0,0.0,0.0,0.0,0.0,0.0,up,3.85,2026-09-02T15:30:00,0.0,3.89999997615814,44.42,2026-09-03 13:44:14,2026-09-03 09:45:06
IBIT,IBIT261218C00045000,IBIT,2026-12-18,C,45.0,0.0,0.0,0.0,0.0,0.0,15542.0,0.0,0.0,0.0,0.0,0.0,0.0,0.0,0.0,0.0,0.0,0.0,up,3.45,2026-09-02T15:40:47,0.0,3.42500007152557,44.42,2026-09-03 13:44:14,2026-09-03 09:45:06
IBIT,IBIT261218C00046000,IBIT,2026-12-18,C,46.0,0.0,0.0,0.0,0.0,0.0,3497.0,0.0,0.0,0.0,0.0,0.0,0.0,0.0,0.0,0.0,0.0,0.0,no_change,3.03,2026-09-02T15:02:34,0.0,3.02499997615814,44.42,2026-09-03 13:44:14,2026-09-03 09:45:06
IBIT,IBIT261218C00047000,IBIT,2026-12-18,C,47.0,0.0,0.0,0.0,0.0,0.0,6941.0,0.0,0.0,0.0,0.0,0.0,0.0,0.0,0.0,0.0,0.0,0.0,down,2.65,2026-09-02T10:53:50,0.0,2.65000009536743,44.42,2026-09-03 13:44:14,2026-09-03 09:45:06
IBIT,IBIT261218C00048000,IBIT,2026-12-18,C,48.0,0.0,0.0,0.0,0.0,0.0,1997.0,0.0,0.0,0.0,0.0,0.0,0.0,0.0,0.0,0.0,0.0,0.0,down,2.31,2026-09-02T15:32:00,0.0,2.32499992847443,44.42,2026-09-03 13:44:14,2026-09-03 09:45:06
IBIT,IBIT261218C00049000,IBIT,2026-12-18,C,49.0,0.0,0.0,0.0,0.0,0.0,3456.0,0.0,0.0,0.0,0.0,0.0,0.0,0.0,0.0,0.0,0.0,0.0,up,2.08,2026-09-02T14:37:13,0.0,2.0349999666214,44.42,2026-09-03 13:44:14,2026-09-03 09:45:06
IBIT,IBIT261218C00050000,IBIT,2026-12-18,C,50.0,0.0,0.0,0.0,0.0,0.0,26620.0,0.0,0.0,0.0,0.0,0.0,0.0,0.0,0.0,0.0,0.0,0.0,down,1.79,2026-09-02T15:23:21,0.0,1.7849999666214,44.42,2026-09-03 13:44:14,2026-09-03 09:45:06
IBIT,IBIT261218C00051000,IBIT,2026-12-18,C,51.0,0.0,0.0,0.0,0.0,0.0,968.0,0.0,0.0,0.0,0.0,0.0,0.0,0.0,0.0,0.0,0.0,0.0,down,1.55,2026-09-02T15:46:53,0.0,1.55500000715256,44.42,2026-09-03 13:44:14,2026-09-03 09:45:06
IBIT,IBIT261218C00052000,IBIT,2026-12-18,C,52.0,0.0,0.0,0.0,0.0,0.0,1369.0,0.0,0.0,0.0,0.0,0.0,0.0,0.0,0.0,0.0,0.0,0.0,no_change,1.38,2026-09-02T15:56:15,0.0,1.36500000953674,44.42,2026-09-03 13:44:14,2026-09-03 09:45:06
IBIT,IBIT261218C00053000,IBIT,2026-12-18,C,53.0,0.0,0.0,0.0,0.0,0.0,958.0,0.0,0.0,0.0,0.0,0.0,0.0,0.0,0.0,0.0,0.0,0.0,down,1.19,2026-09-02T15:50:19,0.0,1.20000004768372,44.42,2026-09-03 13:44:14,2026-09-03 09:45:06
IBIT,IBIT261218C00054000,IBIT,2026-12-18,C,54.0,0.0,0.0,0.0,0.0,0.0,4531.0,0.0,0.0,0.0,0.0,0.0,0.0,0.0,0.0,0.0,0.0,0.0,no_change,1.09,2026-09-02T14:32:02,0.0,1.05500000715256,44.42,2026-09-03 13:44:14,2026-09-03 09:45:06
IBIT,IBIT261218C00055000,IBIT,2026-12-18,C,55.0,0.0,0.0,0.0,0.0,0.0,22686.0,0.0,0.0,0.0,0.0,0.0,0.0,0.0,0.0,0.0,0.0,0.0,down,0.93,2026-09-02T15:31:08,0.0,0.930000007152557,44.42,2026-09-03 13:44:14,2026-09-03 09:45:06
IBIT,IBIT261218C00056000,IBIT,2026-12-18,C,56.0,0.0,0.0,0.0,0.0,0.0,907.0,0.0,0.0,0.0,0.0,0.0,0.0,0.0,0.0,0.0,0.0,0.0,no_change,0.83,2026-09-02T15:02:34,0.0,0.819999992847443,44.42,2026-09-03 13:44:14,2026-09-03 09:45:06
IBIT,IBIT261218C00057000,IBIT,2026-12-18,C,57.0,0.0,0.0,0.0,0.0,0.0,654.0,0.0,0.0,0.0,0.0,0.0,0.0,0.0,0.0,0.0,0.0,0.0,down,0.76,2026-09-01T15:04:42,0.0,0.730000019073486,44.42,2026-09-03 13:44:14,2026-09-03 09:45:06
IBIT,IBIT261218C00058000,IBIT,2026-12-18,C,58.0,0.0,0.0,0.0,0.0,0.0,511.0,0.0,0.0,0.0,0.0,0.0,0.0,0.0,0.0,0.0,0.0,0.0,up,0.66,2026-09-02T14:11:10,0.0,0.650000005960464,44.42,2026-09-03 13:44:14,2026-09-03 09:45:06
IBIT,IBIT261218C00059000,IBIT,2026-12-18,C,59.0,0.0,0.0,0.0,0.0,0.0,329.0,0.0,0.0,0.0,0.0,0.0,0.0,0.0,0.0,0.0,0.0,0.0,no_change,0.64,2026-09-01T13:20:22,0.0,0.5799999833107,44.42,2026-09-03 13:44:14,2026-09-03 09:45:06
IBIT,IBIT261218C00060000,IBIT,2026-12-18,C,60.0,0.0,0.0,0.0,0.0,0.0,27977.0,0.0,0.0,0.0,0.0,0.0,0.0,0.0,0.0,0.0,0.0,0.0,no_change,0.53,2026-09-02T15:43:36,0.0,0.524999976158142,44.42,2026-09-03 13:44:14,2026-09-03 09:45:06
IBIT,IBIT261218C00061000,IBIT,2026-12-18,C,61.0,0.0,0.0,0.0,0.0,0.0,494.0,0.0,0.0,0.0,0.0,0.0,0.0,0.0,0.0,0.0,0.0,0.0,no_change,0.48,2026-09-01T14:57:29,0.0,0.469999998807907,44.42,2026-09-03 13:44:14,2026-09-03 09:45:06
IBIT,IBIT261218C00062000,IBIT,2026-12-18,C,62.0,0.0,0.0,0.0,0.0,0.0,1161.0,0.0,0.0,0.0,0.0,0.0,0.0,0.0,0.0,0.0,0.0,0.0,down,0.42,2026-09-02T09:32:58,0.0,0.424999997019768,44.42,2026-09-03 13:44:14,2026-09-03 09:45:06
IBIT,IBIT261218C00063000,IBIT,2026-12-18,C,63.0,0.0,0.0,0.0,0.0,0.0,7083.0,0.0,0.0,0.0,0.0,0.0,0.0,0.0,0.0,0.0,0.0,0.0,no_change,0.4,2026-09-02T15:43:33,0.0,0.390000000596046,44.42,2026-09-03 13:44:14,2026-09-03 09:45:06
IBIT,IBIT261218C00064000,IBIT,2026-12-18,C,64.0,0.0,0.0,0.0,0.0,0.0,275.0,0.0,0.0,0.0,0.0,0.0,0.0,0.0,0.0,0.0,0.0,0.0,down,0.36,2026-09-02T13:47:14,0.0,0.355000004172325,44.42,2026-09-03 13:44:14,2026-09-03 09:45:06
IBIT,IBIT261218C00065000,IBIT,2026-12-18,C,65.0,0.0,0.0,0.0,0.0,0.0,4767.0,0.0,0.0,0.0,0.0,0.0,0.0,0.0,0.0,0.0,0.0,0.0,no_change,0.33,2026-09-02T12:23:36,0.0,0.329999998211861,44.42,2026-09-03 13:44:14,2026-09-03 09:45:06
IBIT,IBIT261218C00066000,IBIT,2026-12-18,C,66.0,0.0,0.0,0.0,0.0,0.0,1658.0,0.0,0.0,0.0,0.0,0.0,0.0,0.0,0.0,0.0,0.0,0.0,no_change,0.32,2026-09-01T15:26:22,0.0,0.299999997019768,44.42,2026-09-03 13:44:14,2026-09-03 09:45:06
IBIT,IBIT261218C00067000,IBIT,2026-12-18,C,67.0,0.0,0.0,0.0,0.0,0.0,1439.0,0.0,0.0,0.0,0.0,0.0,0.0,0.0,0.0,0.0,0.0,0.0,no_change,0.28,2026-09-01T14:50:15,0.0,0.280000001192093,44.42,2026-09-03 13:44:14,2026-09-03 09:45:06
IBIT,IBIT261218C00068000,IBIT,2026-12-18,C,68.0,0.0,0.0,0.0,0.0,0.0,2927.0,0.0,0.0,0.0,0.0,0.0,0.0,0.0,0.0,0.0,0.0,0.0,no_change,0.34,2026-08-31T15:44:22,0.0,0.260000005364418,44.42,2026-09-03 13:44:14,2026-09-03 09:45:06
IBIT,IBIT261218C00069000,IBIT,2026-12-18,C,69.0,0.0,0.0,0.0,0.0,0.0,4789.0,0.0,0.0,0.0,0.0,0.0,0.0,0.0,0.0,0.0,0.0,0.0,down,0.25,2026-09-02T15:26:48,0.0,0.240000002086163,44.42,2026-09-03 13:44:14,2026-09-03 09:45:06
IBIT,IBIT261218C00070000,IBIT,2026-12-18,C,70.0,0.0,0.0,0.0,0.0,0.0,12066.0,0.0,0.0,0.0,0.0,0.0,0.0,0.0,0.0,0.0,0.0,0.0,no_change,0.22,2026-09-02T12:49:22,0.0,0.229999996721745,44.42,2026-09-03 13:44:14,2026-09-03 09:45:06
IBIT,IBIT261218C00071000,IBIT,2026-12-18,C,71.0,0.0,0.0,0.0,0.0,0.0,317.0,0.0,0.0,0.0,0.0,0.0,0.0,0.0,0.0,0.0,0.0,0.0,down,0.35,2026-08-28T11:00:12,0.0,0.215000003576279,44.42,2026-09-03 13:44:14,2026-09-03 09:45:06
IBIT,IBIT261218C00072000,IBIT,2026-12-18,C,72.0,0.0,0.0,0.0,0.0,0.0,241.0,0.0,0.0,0.0,0.0,0.0,0.0,0.0,0.0,0.0,0.0,0.0,no_change,0.37,2026-08-27T11:05:16,0.0,0.204999998211861,44.42,2026-09-03 13:44:14,2026-09-03 09:45:06
IBIT,IBIT261218C00073000,IBIT,2026-12-18,C,73.0,0.0,0.0,0.0,0.0,0.0,204.0,0.0,0.0,0.0,0.0,0.0,0.0,0.0,0.0,0.0,0.0,0.0,up,0.41,2026-08-25T15:59:17,0.0,0.190000005066395,44.42,2026-09-03 13:44:14,2026-09-03 09:45:06
IBIT,IBIT261218C00074000,IBIT,2026-12-18,C,74.0,0.0,0.0,0.0,0.0,0.0,10.0,0.0,0.0,0.0,0.0,0.0,0.0,0.0,0.0,0.0,0.0,0.0,down,0.38,2026-08-25T10:16:26,0.0,0.185000002384186,44.42,2026-09-03 13:44:14,2026-09-03 09:45:06
IBIT,IBIT261218C00075000,IBIT,2026-12-18,C,75.0,0.0,0.0,0.0,0.0,0.0,10405.0,0.0,0.0,0.0,0.0,0.0,0.0,0.0,0.0,0.0,0.0,0.0,down,0.17,2026-09-02T15:59:42,0.0,0.174999997019768,44.42,2026-09-03 13:44:14,2026-09-03 09:45:06
IBIT,IBIT261218C00080000,IBIT,2026-12-18,C,80.0,0.0,0.0,0.0,0.0,0.0,4746.0,0.0,0.0,0.0,0.0,0.0,0.0,0.0,0.0,0.0,0.0,0.0,down,0.13,2026-09-02T13:16:20,0.0,0.140000000596046,44.42,2026-09-03 13:44:14,2026-09-03 09:45:06
IBIT,IBIT261218C00085000,IBIT,2026-12-18,C,85.0,0.0,0.0,0.0,0.0,0.0,306.0,0.0,0.0,0.0,0.0,0.0,0.0,0.0,0.0,0.0,0.0,0.0,down,0.27,2026-08-21T15:04:54,0.0,0.119999997317791,44.42,2026-09-03 13:44:14,2026-09-03 09:45:06
IBIT,IBIT261218C00090000,IBIT,2026-12-18,C,90.0,0.0,0.0,0.0,0.0,0.0,1457.0,0.0,0.0,0.0,0.0,0.0,0.0,0.0,0.0,0.0,0.0,0.0,no_change,0.1,2026-09-02T15:47:35,0.0,0.105000000447035,44.42,2026-09-03 13:44:14,2026-09-03 09:45:06
IBIT,IBIT261218P00005000,IBIT,2026-12-18,P,5.0,0.0,0.0,0.0,0.0,0.0,1103.0,0.0,0.0,0.0,0.0,0.0,0.0,0.0,0.0,0.0,0.0,0.0,no_change,0.03,2026-09-02T14:50:30,0.0,0.0199999995529652,44.42,2026-09-03 13:44:14,2026-09-03 09:45:06
IBIT,IBIT261218P00010000,IBIT,2026-12-18,P,10.0,0.0,0.0,0.0,0.0,0.0,2582.0,0.0,0.0,0.0,0.0,0.0,0.0,0.0,0.0,0.0,0.0,0.0,no_change,0.05,2026-09-02T12:53:28,0.0,0.0499999988824129,44.42,2026-09-03 13:44:14,2026-09-03 09:45:06
IBIT,IBIT261218P00015000,IBIT,2026-12-18,P,15.0,0.0,0.0,0.0,0.0,0.0,11680.0,0.0,0.0,0.0,0.0,0.0,0.0,0.0,0.0,0.0,0.0,0.0,up,0.09,2026-09-02T14:50:30,0.0,0.0899999998509884,44.42,2026-09-03 13:44:14,2026-09-03 09:45:06
IBIT,IBIT261218P00020000,IBIT,2026-12-18,P,20.0,0.0,0.0,0.0,0.0,0.0,9402.0,0.0,0.0,0.0,0.0,0.0,0.0,0.0,0.0,0.0,0.0,0.0,up,0.14,2026-09-02T12:33:45,0.0,0.135000001639128,44.42,2026-09-03 13:44:14,2026-09-03 09:45:06
IBIT,IBIT261218P00025000,IBIT,2026-12-18,P,25.0,0.0,0.0,0.0,0.0,0.0,15002.0,0.0,0.0,0.0,0.0,0.0,0.0,0.0,0.0,0.0,0.0,0.0,no_change,0.2,2026-09-02T15:46:02,0.0,0.195000000298023,44.42,2026-09-03 13:44:14,2026-09-03 09:45:06
IBIT,IBIT261218P00026000,IBIT,2026-12-18,P,26.0,0.0,0.0,0.0,0.0,0.0,2929.0,0.0,0.0,0.0,0.0,0.0,0.0,0.0,0.0,0.0,0.0,0.0,down,0.21,2026-09-02T09:56:31,0.0,0.224999994039536,44.42,2026-09-03 13:44:14,2026-09-03 09:45:06
IBIT,IBIT261218P00027000,IBIT,2026-12-18,P,27.0,0.0,0.0,0.0,0.0,0.0,5569.0,0.0,0.0,0.0,0.0,0.0,0.0,0.0,0.0,0.0,0.0,0.0,down,0.24,2026-08-28T12:33:32,0.0,0.244999997317791,44.42,2026-09-03 13:44:14,2026-09-03 09:45:06
IBIT,IBIT261218P00028000,IBIT,2026-12-18,P,28.0,0.0,0.0,0.0,0.0,0.0,5987.0,0.0,0.0,0.0,0.0,0.0,0.0,0.0,0.0,0.0,0.0,0.0,no_change,0.27,2026-09-02T12:12:51,0.0,0.269999995827675,44.42,2026-09-03 13:44:14,2026-09-03 09:45:06
IBIT,IBIT261218P00029000,IBIT,2026-12-18,P,29.0,0.0,0.0,0.0,0.0,0.0,2303.0,0.0,0.0,0.0,0.0,0.0,0.0,0.0,0.0,0.0,0.0,0.0,up,0.33,2026-09-01T09:42:34,0.0,0.304999992251396,44.42,2026-09-03 13:44:14,2026-09-03 09:45:06
IBIT,IBIT261218P00030000,IBIT,2026-12-18,P,30.0,0.0,0.0,0.0,0.0,0.0,15970.0,0.0,0.0,0.0,0.0,0.0,0.0,0.0,0.0,0.0,0.0,0.0,up,0.36,2026-09-02T14:55:42,0.0,0.359999999403954,44.42,2026-09-03 13:44:14,2026-09-03 09:45:06
IBIT,IBIT261218P00031000,IBIT,2026-12-18,P,31.0,0.0,0.0,0.0,0.0,0.0,3008.0,0.0,0.0,0.0,0.0,0.0,0.0,0.0,0.0,0.0,0.0,0.0,down,0.42,2026-09-02T10:20:05,0.0,0.404999986290932,44.42,2026-09-03 13:44:14,2026-09-03 09:45:06
IBIT,IBIT261218P00032000,IBIT,2026-12-18,P,32.0,0.0,0.0,0.0,0.0,0.0,8913.0,0.0,0.0,0.0,0.0,0.0,0.0,0.0,0.0,0.0,0.0,0.0,down,0.47,2026-09-02T13:14:21,0.0,0.469999998807907,44.42,2026-09-03 13:44:14,2026-09-03 09:45:06
IBIT,IBIT261218P00033000,IBIT,2026-12-18,P,33.0,0.0,0.0,0.0,0.0,0.0,12764.0,0.0,0.0,0.0,0.0,0.0,0.0,0.0,0.0,0.0,0.0,0.0,down,0.57,2026-09-02T11:34:17,0.0,0.555000007152557,44.42,2026-09-03 13:44:14,2026-09-03 09:45:06
IBIT,IBIT261218P00034000,IBIT,2026-12-18,P,34.0,0.0,0.0,0.0,0.0,0.0,7067.0,0.0,0.0,0.0,0.0,0.0,0.0,0.0,0.0,0.0,0.0,0.0,no_change,0.66,2026-09-02T12:12:51,0.0,0.655000001192093,44.42,2026-09-03 13:44:14,2026-09-03 09:45:06
IBIT,IBIT261218P00035000,IBIT,2026-12-18,P,35.0,0.0,0.0,0.0,0.0,0.0,17563.0,0.0,0.0,0.0,0.0,0.0,0.0,0.0,0.0,0.0,0.0,0.0,down,0.78,2026-09-02T14:18:49,0.0,0.784999996423721,44.42,2026-09-03 13:44:14,2026-09-03 09:45:06
IBIT,IBIT261218P00036000,IBIT,2026-12-18,P,36.0,0.0,0.0,0.0,0.0,0.0,2596.0,0.0,0.0,0.0,0.0,0.0,0.0,0.0,0.0,0.0,0.0,0.0,down,0.98,2026-09-02T09:42:45,0.0,0.944999992847443,44.42,2026-09-03 13:44:14,2026-09-03 09:45:06
IBIT,IBIT261218P00037000,IBIT,2026-12-18,P,37.0,0.0,0.0,0.0,0.0,0.0,9670.0,0.0,0.0,0.0,0.0,0.0,0.0,0.0,0.0,0.0,0.0,0.0,up,1.18,2026-09-02T11:16:33,0.0,1.12999999523163,44.42,2026-09-03 13:44:14,2026-09-03 09:45:06
IBIT,IBIT261218P00038000,IBIT,2026-12-18,P,38.0,0.0,0.0,0.0,0.0,0.0,5479.0,0.0,0.0,0.0,0.0,0.0,0.0,0.0,0.0,0.0,0.0,0.0,up,1.32,2026-09-02T14:28:45,0.0,1.35000002384186,44.42,2026-09-03 13:44:14,2026-09-03 09:45:06
IBIT,IBIT261218P00039000,IBIT,2026-12-18,P,39.0,0.0,0.0,0.0,0.0,0.0,1247.0,0.0,0.0,0.0,0.0,0.0,0.0,0.0,0.0,0.0,0.0,0.0,no_change,1.65,2026-09-01T09:40:43,0.0,1.62000000476837,44.42,2026-09-03 13:44:14,2026-09-03 09:45:06
IBIT,IBIT261218P00040000,IBIT,2026-12-18,P,40.0,0.0,0.0,0.0,0.0,0.0,4597.0,0.0,0.0,0.0,0.0,0.0,0.0,0.0,0.0,0.0,0.0,0.0,no_change,1.93,2026-09-02T15:28:22,0.0,1.91500002145767,44.42,2026-09-03 13:44:14,2026-09-03 09:45:06
IBIT,IBIT261218P00041000,IBIT,2026-12-18,P,41.0,0.0,0.0,0.0,0.0,0.0,1520.0,0.0,0.0,0.0,0.0,0.0,0.0,0.0,0.0,0.0,0.0,0.0,up,2.25,2026-09-02T15:14:41,0.0,2.27499997615814,44.42,2026-09-03 13:44:14,2026-09-03 09:45:06
IBIT,IBIT261218P00042000,IBIT,2026-12-18,P,42.0,0.0,0.0,0.0,0.0,0.0,6354.0,0.0,0.0,0.0,0.0,0.0,0.0,0.0,0.0,0.0,0.0,0.0,down,2.64,2026-09-02T15:08:28,0.0,2.67500007152557,44.42,2026-09-03 13:44:14,2026-09-03 09:45:06
IBIT,IBIT261218P00043000,IBIT,2026-12-18,P,43.0,0.0,0.0,0.0,0.0,0.0,3564.0,0.0,0.0,0.0,0.0,0.0,0.0,0.0,0.0,0.0,0.0,0.0,down,3.08,2026-09-02T14:01:52,0.0,3.10000002384186,44.42,2026-09-03 13:44:14,2026-09-03 09:45:06
IBIT,IBIT261218P00044000,IBIT,2026-12-18,P,44.0,0.0,0.0,0.0,0.0,0.0,691.0,0.0,0.0,0.0,0.0,0.0,0.0,0.0,0.0,0.0,0.0,0.0,down,3.53,2026-09-02T12:38:46,0.0,3.60000002384186,44.42,2026-09-03 13:44:14,2026-09-03 09:45:06
IBIT,IBIT261218P00045000,IBIT,2026-12-18,P,45.0,0.0,0.0,0.0,0.0,0.0,2240.0,0.0,0.0,0.0,0.0,0.0,0.0,0.0,0.0,0.0,0.0,0.0,up,4.1,2026-09-02T15:53:28,0.0,4.14999985694885,44.42,2026-09-03 13:44:14,2026-09-03 09:45:06
IBIT,IBIT261218P00046000,IBIT,2026-12-18,P,46.0,0.0,0.0,0.0,0.0,0.0,389.0,0.0,0.0,0.0,0.0,0.0,0.0,0.0,0.0,0.0,0.0,0.0,up,4.72,2026-09-01T13:02:18,0.0,4.75,44.42,2026-09-03 13:44:14,2026-09-03 09:45:06
IBIT,IBIT261218P00047000,IBIT,2026-12-18,P,47.0,0.0,0.0,0.0,0.0,0.0,179.0,0.0,0.0,0.0,0.0,0.0,0.0,0.0,0.0,0.0,0.0,0.0,down,5.52,2026-09-02T11:13:09,0.0,5.375,44.42,2026-09-03 13:44:14,2026-09-03 09:45:06
IBIT,IBIT261218P00048000,IBIT,2026-12-18,P,48.0,0.0,0.0,0.0,0.0,0.0,413.0,0.0,0.0,0.0,0.0,0.0,0.0,0.0,0.0,0.0,0.0,0.0,up,6.05,2026-08-28T12:47:20,0.0,6.04999995231628,44.42,2026-09-03 13:44:14,2026-09-03 09:45:06
IBIT,IBIT261218P00049000,IBIT,2026-12-18,P,49.0,0.0,0.0,0.0,0.0,0.0,33.0,0.0,0.0,0.0,0.0,0.0,0.0,0.0,0.0,0.0,0.0,0.0,no_change,6.64,2026-09-01T12:17:29,0.0,6.75,44.42,2026-09-03 13:44:14,2026-09-03 09:45:06
IBIT,IBIT261218P00050000,IBIT,2026-12-18,P,50.0,0.0,0.0,0.0,0.0,0.0,3296.0,0.0,0.0,0.0,0.0,0.0,0.0,0.0,0.0,0.0,0.0,0.0,down,7.44,2026-09-02T13:50:09,0.0,7.5,44.42,2026-09-03 13:44:14,2026-09-03 09:45:06
IBIT,IBIT261218P00051000,IBIT,2026-12-18,P,51.0,0.0,0.0,0.0,0.0,0.0,18.0,0.0,0.0,0.0,0.0,0.0,0.0,0.0,0.0,0.0,0.0,0.0,down,8.36,2026-08-28T15:53:53,0.0,8.27499961853027,44.42,2026-09-03 13:44:14,2026-09-03 09:45:06
IBIT,IBIT261218P00052000,IBIT,2026-12-18,P,52.0,0.0,0.0,0.0,0.0,0.0,166.0,0.0,0.0,0.0,0.0,0.0,0.0,0.0,0.0,0.0,0.0,0.0,up,8.92,2026-08-25T13:02:42,0.0,9.09999990463257,44.42,2026-09-03 13:44:14,2026-09-03 09:45:06
IBIT,IBIT261218P00053000,IBIT,2026-12-18,P,53.0,0.0,0.0,0.0,0.0,0.0,26.0,0.0,0.0,0.0,0.0,0.0,0.0,0.0,0.0,0.0,0.0,0.0,down,12.4,2026-08-20T13:06:40,0.0,9.92500019073486,44.42,2026-09-03 13:44:14,2026-09-03 09:45:06
IBIT,IBIT261218P00054000,IBIT,2026-12-18,P,54.0,0.0,0.0,0.0,0.0,0.0,26.0,0.0,0.0,0.0,0.0,0.0,0.0,0.0,0.0,0.0,0.0,0.0,no_change,10.8,2026-09-02T11:34:15,0.0,10.7749996185303,44.42,2026-09-03 13:44:14,2026-09-03 09:45:06
IBIT,IBIT261218P00055000,IBIT,2026-12-18,P,55.0,0.0,0.0,0.0,0.0,0.0,36.0,0.0,0.0,0.0,0.0,0.0,0.0,0.0,0.0,0.0,0.0,0.0,up,11.33,2026-09-01T10:35:15,0.0,11.6750001907349,44.42,2026-09-03 13:44:14,2026-09-03 09:45:06
IBIT,IBIT261218P00056000,IBIT,2026-12-18,P,56.0,0.0,0.0,0.0,0.0,0.0,11.0,0.0,0.0,0.0,0.0,0.0,0.0,0.0,0.0,0.0,0.0,0.0,down,11.97,2026-08-28T11:44:21,0.0,12.5749998092651,44.42,2026-09-03 13:44:14,2026-09-03 09:45:06
IBIT,IBIT261218P00057000,IBIT,2026-12-18,P,57.0,0.0,0.0,0.0,0.0,0.0,14.0,0.0,0.0,0.0,0.0,0.0,0.0,0.0,0.0,0.0,0.0,0.0,down,12.5,2026-08-27T14:43:08,0.0,13.5249996185303,44.42,2026-09-03 13:44:14,2026-09-03 09:45:06
IBIT,IBIT261218P00058000,IBIT,2026-12-18,P,58.0,0.0,0.0,0.0,0.0,0.0,15.0,0.0,0.0,0.0,0.0,0.0,0.0,0.0,0.0,0.0,0.0,0.0,down,13.4,2026-08-27T14:43:08,0.0,14.4500002861023,44.42,2026-09-03 13:44:14,2026-09-03 09:45:06
IBIT,IBIT261218P00059000,IBIT,2026-12-18,P,59.0,0.0,0.0,0.0,0.0,0.0,0.0,0.0,0.0,0.0,0.0,0.0,0.0,0.0,0.0,0.0,0.0,0.0,up,22.63,2026-08-06T09:40:24,0.0,15.4000000953674,44.42,2026-09-03 13:44:14,2026-09-03 09:45:06
IBIT,IBIT261218P00060000,IBIT,2026-12-18,P,60.0,0.0,0.0,0.0,0.0,0.0,581.0,0.0,0.0,0.0,0.0,0.0,0.0,0.0,0.0,0.0,0.0,0.0,no_change,16.05,2026-08-31T10:23:03,0.0,16.3500003814697,44.42,2026-09-03 13:44:14,2026-09-03 09:45:06
IBIT,IBIT261218P00061000,IBIT,2026-12-18,P,61.0,0.0,0.0,0.0,0.0,0.0,0.0,0.0,0.0,0.0,0.0,0.0,0.0,0.0,0.0,0.0,0.0,0.0,no_change,0.0,,0.0,17.3500003814697,44.42,2026-09-03 13:44:14,2026-09-03 09:45:06
IBIT,IBIT261218P00062000,IBIT,2026-12-18,P,62.0,0.0,0.0,0.0,0.0,0.0,0.0,0.0,0.0,0.0,0.0,0.0,0.0,0.0,0.0,0.0,0.0,0.0,up,20.82,2026-05-29T10:09:05,0.0,18.3000001907349,44.42,2026-09-03 13:44:14,2026-09-03 09:45:06
IBIT,IBIT261218P00063000,IBIT,2026-12-18,P,63.0,0.0,0.0,0.0,0.0,0.0,0.0,0.0,0.0,0.0,0.0,0.0,0.0,0.0,0.0,0.0,0.0,0.0,no_change,0.0,,0.0,19.3000001907349,44.42,2026-09-03 13:44:14,2026-09-03 09:45:06
IBIT,IBIT261218P00064000,IBIT,2026-12-18,P,64.0,0.0,0.0,0.0,0.0,0.0,1.0,0.0,0.0,0.0,0.0,0.0,0.0,0.0,0.0,0.0,0.0,0.0,up,20.3,2026-08-28T12:23:08,0.0,20.3250007629395,44.42,2026-09-03 13:44:14,2026-09-03 09:45:06
IBIT,IBIT261218P00065000,IBIT,2026-12-18,P,65.0,0.0,0.0,0.0,0.0,0.0,10.0,0.0,0.0,0.0,0.0,0.0,0.0,0.0,0.0,0.0,0.0,0.0,no_change,20.2,2026-08-24T12:37:09,0.0,21.2749996185303,44.42,2026-09-03 13:44:14,2026-09-03 09:45:06
IBIT,IBIT261218P00066000,IBIT,2026-12-18,P,66.0,0.0,0.0,0.0,0.0,0.0,0.0,0.0,0.0,0.0,0.0,0.0,0.0,0.0,0.0,0.0,0.0,0.0,down,31.1,2026-07-02T11:36:51,0.0,22.3999996185303,44.42,2026-09-03 13:44:14,2026-09-03 09:45:06
IBIT,IBIT261218P00067000,IBIT,2026-12-18,P,67.0,0.0,0.0,0.0,0.0,0.0,0.0,0.0,0.0,0.0,0.0,0.0,0.0,0.0,0.0,0.0,0.0,0.0,up,33.5,2026-06-29T10:07:47,0.0,23.4250001907349,44.42,2026-09-03 13:44:14,2026-09-03 09:45:06
IBIT,IBIT261218P00068000,IBIT,2026-12-18,P,68.0,0.0,0.0,0.0,0.0,0.0,0.0,0.0,0.0,0.0,0.0,0.0,0.0,0.0,0.0,0.0,0.0,0.0,no_change,0.0,,0.0,24.2249994277954,44.42,2026-09-03 13:44:14,2026-09-03 09:45:06
IBIT,IBIT261218P00069000,IBIT,2026-12-18,P,69.0,0.0,0.0,0.0,0.0,0.0,0.0,0.0,0.0,0.0,0.0,0.0,0.0,0.0,0.0,0.0,0.0,0.0,no_change,0.0,,0.0,25.3250007629395,44.42,2026-09-03 13:44:14,2026-09-03 09:45:06
IBIT,IBIT261218P00070000,IBIT,2026-12-18,P,70.0,0.0,0.0,0.0,0.0,0.0,13.0,0.0,0.0,0.0,0.0,0.0,0.0,0.0,0.0,0.0,0.0,0.0,down,24.55,2026-08-27T13:05:03,0.0,26.4750003814697,44.42,2026-09-03 13:44:14,2026-09-03 09:45:06
IBIT,IBIT261218P00071000,IBIT,2026-12-18,P,71.0,0.0,0.0,0.0,0.0,0.0,0.0,0.0,0.0,0.0,0.0,0.0,0.0,0.0,0.0,0.0,0.0,0.0,no_change,0.0,,0.0,27.25,44.42,2026-09-03 13:44:14,2026-09-03 09:45:06
IBIT,IBIT261218P00072000,IBIT,2026-12-18,P,72.0,0.0,0.0,0.0,0.0,0.0,0.0,0.0,0.0,0.0,0.0,0.0,0.0,0.0,0.0,0.0,0.0,0.0,down,35.5,2026-08-05T13:32:33,0.0,28.5500001907349,44.42,2026-09-03 13:44:14,2026-09-03 09:45:06
IBIT,IBIT261218P00073000,IBIT,2026-12-18,P,73.0,0.0,0.0,0.0,0.0,0.0,0.0,0.0,0.0,0.0,0.0,0.0,0.0,0.0,0.0,0.0,0.0,0.0,no_change,0.0,,0.0,29.25,44.42,2026-09-03 13:44:14,2026-09-03 09:45:06
IBIT,IBIT261218P00074000,IBIT,2026-12-18,P,74.0,0.0,0.0,0.0,0.0,0.0,0.0,0.0,0.0,0.0,0.0,0.0,0.0,0.0,0.0,0.0,0.0,0.0,no_change,0.0,,0.0,30.4500007629394,44.42,2026-09-03 13:44:14,2026-09-03 09:45:06
IBIT,IBIT261218P00075000,IBIT,2026-12-18,P,75.0,0.0,0.0,0.0,0.0,0.0,0.0,0.0,0.0,0.0,0.0,0.0,0.0,0.0,0.0,0.0,0.0,0.0,down,29.48,2026-05-08T14:26:46,0.0,31.3250007629394,44.42,2026-09-03 13:44:14,2026-09-03 09:45:06
IBIT,IBIT261218P00080000,IBIT,2026-12-18,P,80.0,0.0,0.0,0.0,0.0,0.0,0.0,0.0,0.0,0.0,0.0,0.0,0.0,0.0,0.0,0.0,0.0,0.0,no_change,35.13,2026-08-27T09:33:50,0.0,36.4500007629394,44.42,2026-09-03 13:44:14,2026-09-03 09:45:06
IBIT,IBIT261218P00085000,IBIT,2026-12-18,P,85.0,0.0,0.0,0.0,0.0,0.0,0.0,0.0,0.0,0.0,0.0,0.0,0.0,0.0,0.0,0.0,0.0,0.0,no_change,0.0,,0.0,41.25,44.42,2026-09-03 13:44:14,2026-09-03 09:45:06
IBIT,IBIT261218P00090000,IBIT,2026-12-18,P,90.0,0.0,0.0,0.0,0.0,0.0,0.0,0.0,0.0,0.0,0.0,0.0,0.0,0.0,0.0,0.0,0.0,0.0,down,46.55,2026-05-26T13:31:14,0.0,46.5249996185303,44.42,2026-09-03 13:44:14,2026-09-03 09:45:06
IBIT,IBIT270115C00001000,IBIT,2027-01-15,C,1.0,0.0,0.0,0.0,0.0,0.0,20412.0,0.0,0.0,0.0,0.0,0.0,0.0,0.0,0.0,0.0,0.0,0.0,no_change,44.39,2026-08-28T10:02:13,0.0,42.7250003814697,44.42,2026-09-03 13:44:14,2026-09-03 09:45:06
IBIT,IBIT270115C00002000,IBIT,2027-01-15,C,2.0,0.0,0.0,0.0,0.0,0.0,531.0,0.0,0.0,0.0,0.0,0.0,0.0,0.0,0.0,0.0,0.0,0.0,down,34.26,2026-07-29T11:01:11,0.0,41.7250003814697,44.42,2026-09-03 13:44:14,2026-09-03 09:45:06
IBIT,IBIT270115C00003000,IBIT,2027-01-15,C,3.0,0.0,0.0,0.0,0.0,0.0,11.0,0.0,0.0,0.0,0.0,0.0,0.0,0.0,0.0,0.0,0.0,0.0,no_change,33.86,2026-07-30T09:45:20,0.0,40.6499996185303,44.42,2026-09-03 13:44:14,2026-09-03 09:45:06
IBIT,IBIT270115C00004000,IBIT,2027-01-15,C,4.0,0.0,0.0,0.0,0.0,0.0,10.0,0.0,0.0,0.0,0.0,0.0,0.0,0.0,0.0,0.0,0.0,0.0,down,35.49,2026-03-02T14:35:50,0.0,40.0249996185303,44.42,2026-09-03 13:44:14,2026-09-03 09:45:06
IBIT,IBIT270115C00005000,IBIT,2027-01-15,C,5.0,0.0,0.0,0.0,0.0,0.0,18954.0,0.0,0.0,0.0,0.0,0.0,0.0,0.0,0.0,0.0,0.0,0.0,up,40.4,2026-08-27T10:31:45,0.0,38.8500003814697,44.42,2026-09-03 13:44:14,2026-09-03 09:45:06
IBIT,IBIT270115C00006000,IBIT,2027-01-15,C,6.0,0.0,0.0,0.0,0.0,0.0,0.0,0.0,0.0,0.0,0.0,0.0,0.0,0.0,0.0,0.0,0.0,0.0,no_change,0.0,,0.0,38.0,44.42,2026-09-03 13:44:14,2026-09-03 09:45:06
IBIT,IBIT270115C00007000,IBIT,2027-01-15,C,7.0,0.0,0.0,0.0,0.0,0.0,0.0,0.0,0.0,0.0,0.0,0.0,0.0,0.0,0.0,0.0,0.0,0.0,no_change,0.0,,0.0,36.8250007629394,44.42,2026-09-03 13:44:14,2026-09-03 09:45:06
IBIT,IBIT270115C00008000,IBIT,2027-01-15,C,8.0,0.0,0.0,0.0,0.0,0.0,1.0,0.0,0.0,0.0,0.0,0.0,0.0,0.0,0.0,0.0,0.0,0.0,down,30.14,2026-03-02T09:34:01,0.0,35.8499984741211,44.42,2026-09-03 13:44:14,2026-09-03 09:45:06
IBIT,IBIT270115C00009000,IBIT,2027-01-15,C,9.0,0.0,0.0,0.0,0.0,0.0,0.0,0.0,0.0,0.0,0.0,0.0,0.0,0.0,0.0,0.0,0.0,0.0,up,29.23,2026-02-12T14:47:19,0.0,34.8499984741211,44.42,2026-09-03 13:44:14,2026-09-03 09:45:06
IBIT,IBIT270115C00010000,IBIT,2027-01-15,C,10.0,0.0,0.0,0.0,0.0,0.0,453.0,0.0,0.0,0.0,0.0,0.0,0.0,0.0,0.0,0.0,0.0,0.0,down,34.08,2026-09-02T13:51:39,0.0,33.9500007629394,44.42,2026-09-03 13:44:14,2026-09-03 09:45:06
IBIT,IBIT270115C00011000,IBIT,2027-01-15,C,11.0,0.0,0.0,0.0,0.0,0.0,1.0,0.0,0.0,0.0,0.0,0.0,0.0,0.0,0.0,0.0,0.0,0.0,down,31.28,2026-04-10T13:53:14,0.0,32.9250011444092,44.42,2026-09-03 13:44:14,2026-09-03 09:45:06
IBIT,IBIT270115C00012000,IBIT,2027-01-15,C,12.0,0.0,0.0,0.0,0.0,0.0,2.0,0.0,0.0,0.0,0.0,0.0,0.0,0.0,0.0,0.0,0.0,0.0,down,26.4,2026-03-30T15:26:34,0.0,31.9750003814697,44.42,2026-09-03 13:44:14,2026-09-03 09:45:06
IBIT,IBIT270115C00013000,IBIT,2027-01-15,C,13.0,0.0,0.0,0.0,0.0,0.0,3.0,0.0,0.0,0.0,0.0,0.0,0.0,0.0,0.0,0.0,0.0,0.0,up,32.45,2026-08-24T10:44:35,0.0,30.9250001907349,44.42,2026-09-03 13:44:14,2026-09-03 09:45:06
IBIT,IBIT270115C00014000,IBIT,2027-01-15,C,14.0,0.0,0.0,0.0,0.0,0.0,10.0,0.0,0.0,0.0,0.0,0.0,0.0,0.0,0.0,0.0,0.0,0.0,up,23.24,2026-07-30T12:26:00,0.0,29.9250001907349,44.42,2026-09-03 13:44:14,2026-09-03 09:45:06
IBIT,IBIT270115C00015000,IBIT,2027-01-15,C,15.0,0.0,0.0,0.0,0.0,0.0,6987.0,0.0,0.0,0.0,0.0,0.0,0.0,0.0,0.0,0.0,0.0,0.0,down,29.01,2026-09-02T14:21:50,0.0,29.0749998092651,44.42,2026-09-03 13:44:14,2026-09-03 09:45:06
IBIT,IBIT270115C00016000,IBIT,2027-01-15,C,16.0,0.0,0.0,0.0,0.0,0.0,75.0,0.0,0.0,0.0,0.0,0.0,0.0,0.0,0.0,0.0,0.0,0.0,up,30.0,2026-05-13T10:26:17,0.0,28.0499992370605,44.42,2026-09-03 13:44:14,2026-09-03 09:45:06
IBIT,IBIT270115C00017000,IBIT,2027-01-15,C,17.0,0.0,0.0,0.0,0.0,0.0,4.0,0.0,0.0,0.0,0.0,0.0,0.0,0.0,0.0,0.0,0.0,0.0,up,17.09,2026-06-30T15:54:16,0.0,27.0749998092651,44.42,2026-09-03 13:44:14,2026-09-03 09:45:06
IBIT,IBIT270115C00018000,IBIT,2027-01-15,C,18.0,0.0,0.0,0.0,0.0,0.0,7.0,0.0,0.0,0.0,0.0,0.0,0.0,0.0,0.0,0.0,0.0,0.0,up,28.01,2026-08-27T15:29:43,0.0,26.0749998092651,44.42,2026-09-03 13:44:14,2026-09-03 09:45:06
IBIT,IBIT270115C00019000,IBIT,2027-01-15,C,19.0,0.0,0.0,0.0,0.0,0.0,22.0,0.0,0.0,0.0,0.0,0.0,0.0,0.0,0.0,0.0,0.0,0.0,up,18.83,2026-07-27T09:49:06,0.0,25.0250005722046,44.42,2026-09-03 13:44:14,2026-09-03 09:45:06
IBIT,IBIT270115C00020000,IBIT,2027-01-15,C,20.0,0.0,0.0,0.0,0.0,0.0,1108.0,0.0,0.0,0.0,0.0,0.0,0.0,0.0,0.0,0.0,0.0,0.0,down,24.08,2026-09-02T13:24:42,0.0,24.3000001907349,44.42,2026-09-03 13:44:14,2026-09-03 09:45:06
IBIT,IBIT270115C00021000,IBIT,2027-01-15,C,21.0,0.0,0.0,0.0,0.0,0.0,99.0,0.0,0.0,0.0,0.0,0.0,0.0,0.0,0.0,0.0,0.0,0.0,down,16.02,2026-08-10T12:38:07,0.0,23.125,44.42,2026-09-03 13:44:14,2026-09-03 09:45:06
IBIT,IBIT270115C00022000,IBIT,2027-01-15,C,22.0,0.0,0.0,0.0,0.0,0.0,241.0,0.0,0.0,0.0,0.0,0.0,0.0,0.0,0.0,0.0,0.0,0.0,up,22.97,2026-08-26T10:12:15,0.0,22.1999998092651,44.42,2026-09-03 13:44:14,2026-09-03 09:45:06
IBIT,IBIT270115C00023000,IBIT,2027-01-15,C,23.0,0.0,0.0,0.0,0.0,0.0,104.0,0.0,0.0,0.0,0.0,0.0,0.0,0.0,0.0,0.0,0.0,0.0,up,21.98,2026-08-26T09:37:23,0.0,21.2250003814697,44.42,2026-09-03 13:44:14,2026-09-03 09:45:06
IBIT,IBIT270115C00024000,IBIT,2027-01-15,C,24.0,0.0,0.0,0.0,0.0,0.0,178.0,0.0,0.0,0.0,0.0,0.0,0.0,0.0,0.0,0.0,0.0,0.0,up,22.5,2026-08-27T11:15:02,0.0,20.3249998092651,44.42,2026-09-03 13:44:14,2026-09-03 09:45:06
IBIT,IBIT270115C00025000,IBIT,2027-01-15,C,25.0,0.0,0.0,0.0,0.0,0.0,1579.0,0.0,0.0,0.0,0.0,0.0,0.0,0.0,0.0,0.0,0.0,0.0,down,19.3,2026-09-02T13:20:15,0.0,19.3999996185303,44.42,2026-09-03 13:44:14,2026-09-03 09:45:06
IBIT,IBIT270115C00026000,IBIT,2027-01-15,C,26.0,0.0,0.0,0.0,0.0,0.0,218.0,0.0,0.0,0.0,0.0,0.0,0.0,0.0,0.0,0.0,0.0,0.0,up,19.4,2026-08-31T13:41:27,0.0,18.4499998092651,44.42,2026-09-03 13:44:14,2026-09-03 09:45:06
IBIT,IBIT270115C00027000,IBIT,2027-01-15,C,27.0,0.0,0.0,0.0,0.0,0.0,600.0,0.0,0.0,0.0,0.0,0.0,0.0,0.0,0.0,0.0,0.0,0.0,down,18.1,2026-09-01T10:16:45,0.0,17.5,44.42,2026-09-03 13:44:14,2026-09-03 09:45:06
IBIT,IBIT270115C00028000,IBIT,2027-01-15,C,28.0,0.0,0.0,0.0,0.0,0.0,686.0,0.0,0.0,0.0,0.0,0.0,0.0,0.0,0.0,0.0,0.0,0.0,up,17.1,2026-09-01T10:21:26,0.0,16.5500001907349,44.42,2026-09-03 13:44:14,2026-09-03 09:45:06
IBIT,IBIT270115C00029000,IBIT,2027-01-15,C,29.0,0.0,0.0,0.0,0.0,0.0,527.0,0.0,0.0,0.0,0.0,0.0,0.0,0.0,0.0,0.0,0.0,0.0,up,16.55,2026-08-31T14:33:11,0.0,15.625,44.42,2026-09-03 13:44:14,2026-09-03 09:45:06
IBIT,IBIT270115C00030000,IBIT,2027-01-15,C,30.0,0.0,0.0,0.0,0.0,0.0,11863.0,0.0,0.0,0.0,0.0,0.0,0.0,0.0,0.0,0.0,0.0,0.0,up,14.75,2026-09-02T11:34:11,0.0,14.7000002861023,44.42,2026-09-03 13:44:14,2026-09-03 09:45:06
IBIT,IBIT270115C00031000,IBIT,2027-01-15,C,31.0,0.0,0.0,0.0,0.0,0.0,1714.0,0.0,0.0,0.0,0.0,0.0,0.0,0.0,0.0,0.0,0.0,0.0,down,13.95,2026-09-01T12:41:25,0.0,13.7750000953674,44.42,2026-09-03 13:44:14,2026-09-03 09:45:06
IBIT,IBIT270115C00032000,IBIT,2027-01-15,C,32.0,0.0,0.0,0.0,0.0,0.0,1877.0,0.0,0.0,0.0,0.0,0.0,0.0,0.0,0.0,0.0,0.0,0.0,down,13.24,2026-09-01T12:09:06,0.0,12.9000000953674,44.42,2026-09-03 13:44:14,2026-09-03 09:45:06
IBIT,IBIT270115C00033000,IBIT,2027-01-15,C,33.0,0.0,0.0,0.0,0.0,0.0,674.0,0.0,0.0,0.0,0.0,0.0,0.0,0.0,0.0,0.0,0.0,0.0,down,11.98,2026-09-02T15:43:17,0.0,12.0250000953674,44.42,2026-09-03 13:44:14,2026-09-03 09:45:06
IBIT,IBIT270115C00034000,IBIT,2027-01-15,C,34.0,0.0,0.0,0.0,0.0,0.0,872.0,0.0,0.0,0.0,0.0,0.0,0.0,0.0,0.0,0.0,0.0,0.0,down,11.04,2026-09-02T11:08:54,0.0,11.1750001907349,44.42,2026-09-03 13:44:14,2026-09-03 09:45:06
IBIT,IBIT270115C00035000,IBIT,2027-01-15,C,35.0,0.0,0.0,0.0,0.0,0.0,6114.0,0.0,0.0,0.0,0.0,0.0,0.0,0.0,0.0,0.0,0.0,0.0,no_change,10.35,2026-09-02T13:44:10,0.0,10.3249998092651,44.42,2026-09-03 13:44:14,2026-09-03 09:45:06
IBIT,IBIT270115C00036000,IBIT,2027-01-15,C,36.0,0.0,0.0,0.0,0.0,0.0,2474.0,0.0,0.0,0.0,0.0,0.0,0.0,0.0,0.0,0.0,0.0,0.0,down,9.52,2026-09-02T15:40:14,0.0,9.55000019073486,44.42,2026-09-03 13:44:14,2026-09-03 09:45:06
IBIT,IBIT270115C00037000,IBIT,2027-01-15,C,37.0,0.0,0.0,0.0,0.0,0.0,3387.0,0.0,0.0,0.0,0.0,0.0,0.0,0.0,0.0,0.0,0.0,0.0,no_change,8.85,2026-09-02T15:13:11,0.0,8.77500009536743,44.42,2026-09-03 13:44:14,2026-09-03 09:45:06
IBIT,IBIT270115C00038000,IBIT,2027-01-15,C,38.0,0.0,0.0,0.0,0.0,0.0,3354.0,0.0,0.0,0.0,0.0,0.0,0.0,0.0,0.0,0.0,0.0,0.0,no_change,8.15,2026-09-02T14:09:53,0.0,8.02500009536743,44.42,2026-09-03 13:44:14,2026-09-03 09:45:06
IBIT,IBIT270115C00039000,IBIT,2027-01-15,C,39.0,0.0,0.0,0.0,0.0,0.0,1868.0,0.0,0.0,0.0,0.0,0.0,0.0,0.0,0.0,0.0,0.0,0.0,up,7.42,2026-09-02T14:49:01,0.0,7.32500004768372,44.42,2026-09-03 13:44:14,2026-09-03 09:45:06
IBIT,IBIT270115C00040000,IBIT,2027-01-15,C,40.0,0.0,0.0,0.0,0.0,0.0,21029.0,0.0,0.0,0.0,0.0,0.0,0.0,0.0,0.0,0.0,0.0,0.0,up,6.66,2026-09-02T15:39:59,0.0,6.70000004768372,44.42,2026-09-03 13:44:14,2026-09-03 09:45:06
IBIT,IBIT270115C00041000,IBIT,2027-01-15,C,41.0,0.0,0.0,0.0,0.0,0.0,3518.0,0.0,0.0,0.0,0.0,0.0,0.0,0.0,0.0,0.0,0.0,0.0,up,6.05,2026-09-02T15:59:41,0.0,6.07500004768372,44.42,2026-09-03 13:44:14,2026-09-03 09:45:06
IBIT,IBIT270115C00042000,IBIT,2027-01-15,C,42.0,0.0,0.0,0.0,0.0,0.0,2646.0,0.0,0.0,0.0,0.0,0.0,0.0,0.0,0.0,0.0,0.0,0.0,down,5.4,2026-09-02T11:02:18,0.0,5.47500014305115,44.42,2026-09-03 13:44:14,2026-09-03 09:45:06
IBIT,IBIT270115C00043000,IBIT,2027-01-15,C,43.0,0.0,0.0,0.0,0.0,0.0,7360.0,0.0,0.0,0.0,0.0,0.0,0.0,0.0,0.0,0.0,0.0,0.0,down,4.9,2026-09-02T15:32:54,0.0,4.95000004768372,44.42,2026-09-03 13:44:14,2026-09-03 09:45:06
IBIT,IBIT270115C00044000,IBIT,2027-01-15,C,44.0,0.0,0.0,0.0,0.0,0.0,5658.0,0.0,0.0,0.0,0.0,0.0,0.0,0.0,0.0,0.0,0.0,0.0,down,4.47,2026-09-02T15:21:32,0.0,4.45000004768372,44.42,2026-09-03 13:44:14,2026-09-03 09:45:06
IBIT,IBIT270115C00045000,IBIT,2027-01-15,C,45.0,0.0,0.0,0.0,0.0,0.0,22751.0,0.0,0.0,0.0,0.0,0.0,0.0,0.0,0.0,0.0,0.0,0.0,up,4.04,2026-09-02T15:52:25,0.0,4.00000011920929,44.42,2026-09-03 13:44:14,2026-09-03 09:45:06
IBIT,IBIT270115C00046000,IBIT,2027-01-15,C,46.0,0.0,0.0,0.0,0.0,0.0,12037.0,0.0,0.0,0.0,0.0,0.0,0.0,0.0,0.0,0.0,0.0,0.0,down,3.61,2026-09-02T15:21:32,0.0,3.60000002384186,44.42,2026-09-03 13:44:14,2026-09-03 09:45:06
IBIT,IBIT270115C00047000,IBIT,2027-01-15,C,47.0,0.0,0.0,0.0,0.0,0.0,8614.0,0.0,0.0,0.0,0.0,0.0,0.0,0.0,0.0,0.0,0.0,0.0,up,3.21,2026-09-02T11:54:57,0.0,3.20000004768372,44.42,2026-09-03 13:44:14,2026-09-03 09:45:06
IBIT,IBIT270115C00048000,IBIT,2027-01-15,C,48.0,0.0,0.0,0.0,0.0,0.0,5764.0,0.0,0.0,0.0,0.0,0.0,0.0,0.0,0.0,0.0,0.0,0.0,up,2.87,2026-09-02T10:36:27,0.0,2.87000000476837,44.42,2026-09-03 13:44:14,2026-09-03 09:45:06
IBIT,IBIT270115C00049000,IBIT,2027-01-15,C,49.0,0.0,0.0,0.0,0.0,0.0,6891.0,0.0,0.0,0.0,0.0,0.0,0.0,0.0,0.0,0.0,0.0,0.0,down,2.54,2026-09-02T11:00:30,0.0,2.55999994277954,44.42,2026-09-03 13:44:14,2026-09-03 09:45:06
IBIT,IBIT270115C00050000,IBIT,2027-01-15,C,50.0,0.0,0.0,0.0,0.0,0.0,54863.0,0.0,0.0,0.0,0.0,0.0,0.0,0.0,0.0,0.0,0.0,0.0,down,2.27,2026-09-02T15:32:36,0.0,2.27999997138977,44.42,2026-09-03 13:44:14,2026-09-03 09:45:06
IBIT,IBIT270115C00051000,IBIT,2027-01-15,C,51.0,0.0,0.0,0.0,0.0,0.0,25970.0,0.0,0.0,0.0,0.0,0.0,0.0,0.0,0.0,0.0,0.0,0.0,no_change,2.07,2026-09-02T15:17:53,0.0,2.03999996185303,44.42,2026-09-03 13:44:14,2026-09-03 09:45:06
IBIT,IBIT270115C00052000,IBIT,2027-01-15,C,52.0,0.0,0.0,0.0,0.0,0.0,6982.0,0.0,0.0,0.0,0.0,0.0,0.0,0.0,0.0,0.0,0.0,0.0,no_change,1.83,2026-09-02T15:24:02,0.0,1.81999999284744,44.42,2026-09-03 13:44:14,2026-09-03 09:45:06
IBIT,IBIT270115C00053000,IBIT,2027-01-15,C,53.0,0.0,0.0,0.0,0.0,0.0,9079.0,0.0,0.0,0.0,0.0,0.0,0.0,0.0,0.0,0.0,0.0,0.0,up,1.61,2026-09-02T13:26:25,0.0,1.62999999523163,44.42,2026-09-03 13:44:14,2026-09-03 09:45:06
IBIT,IBIT270115C00054000,IBIT,2027-01-15,C,54.0,0.0,0.0,0.0,0.0,0.0,2555.0,0.0,0.0,0.0,0.0,0.0,0.0,0.0,0.0,0.0,0.0,0.0,down,1.47,2026-09-02T14:37:28,0.0,1.46000003814697,44.42,2026-09-03 13:44:14,2026-09-03 09:45:06
IBIT,IBIT270115C00055000,IBIT,2027-01-15,C,55.0,0.0,0.0,0.0,0.0,0.0,19176.0,0.0,0.0,0.0,0.0,0.0,0.0,0.0,0.0,0.0,0.0,0.0,down,1.3,2026-09-02T15:49:19,0.0,1.31499999761581,44.42,2026-09-03 13:44:14,2026-09-03 09:45:06
IBIT,IBIT270115C00056000,IBIT,2027-01-15,C,56.0,0.0,0.0,0.0,0.0,0.0,6892.0,0.0,0.0,0.0,0.0,0.0,0.0,0.0,0.0,0.0,0.0,0.0,no_change,1.18,2026-09-02T15:03:47,0.0,1.17500001192093,44.42,2026-09-03 13:44:14,2026-09-03 09:45:06
IBIT,IBIT270115C00057000,IBIT,2027-01-15,C,57.0,0.0,0.0,0.0,0.0,0.0,3106.0,0.0,0.0,0.0,0.0,0.0,0.0,0.0,0.0,0.0,0.0,0.0,down,1.07,2026-09-02T09:51:29,0.0,1.06499999761581,44.42,2026-09-03 13:44:14,2026-09-03 09:45:06
IBIT,IBIT270115C00058000,IBIT,2027-01-15,C,58.0,0.0,0.0,0.0,0.0,0.0,2520.0,0.0,0.0,0.0,0.0,0.0,0.0,0.0,0.0,0.0,0.0,0.0,down,0.98,2026-09-02T09:55:14,0.0,0.96000000834465,44.42,2026-09-03 13:44:14,2026-09-03 09:45:06
IBIT,IBIT270115C00059000,IBIT,2027-01-15,C,59.0,0.0,0.0,0.0,0.0,0.0,3061.0,0.0,0.0,0.0,0.0,0.0,0.0,0.0,0.0,0.0,0.0,0.0,down,1.04,2026-09-01T10:29:32,0.0,0.865000009536743,44.42,2026-09-03 13:44:14,2026-09-03 09:45:06
IBIT,IBIT270115C00060000,IBIT,2027-01-15,C,60.0,0.0,0.0,0.0,0.0,0.0,48996.0,0.0,0.0,0.0,0.0,0.0,0.0,0.0,0.0,0.0,0.0,0.0,no_change,0.79,2026-09-02T15:49:32,0.0,0.78999999165535,44.42,2026-09-03 13:44:14,2026-09-03 09:45:06
IBIT,IBIT270115C00061000,IBIT,2027-01-15,C,61.0,0.0,0.0,0.0,0.0,0.0,4476.0,0.0,0.0,0.0,0.0,0.0,0.0,0.0,0.0,0.0,0.0,0.0,down,0.71,2026-09-02T15:51:41,0.0,0.719999998807907,44.42,2026-09-03 13:44:14,2026-09-03 09:45:06
IBIT,IBIT270115C00062000,IBIT,2027-01-15,C,62.0,0.0,0.0,0.0,0.0,0.0,8079.0,0.0,0.0,0.0,0.0,0.0,0.0,0.0,0.0,0.0,0.0,0.0,down,0.65,2026-09-02T15:50:19,0.0,0.659999996423721,44.42,2026-09-03 13:44:14,2026-09-03 09:45:06
IBIT,IBIT270115C00063000,IBIT,2027-01-15,C,63.0,0.0,0.0,0.0,0.0,0.0,1791.0,0.0,0.0,0.0,0.0,0.0,0.0,0.0,0.0,0.0,0.0,0.0,up,0.62,2026-09-02T15:08:45,0.0,0.599999994039536,44.42,2026-09-03 13:44:14,2026-09-03 09:45:06
IBIT,IBIT270115C00064000,IBIT,2027-01-15,C,64.0,0.0,0.0,0.0,0.0,0.0,2587.0,0.0,0.0,0.0,0.0,0.0,0.0,0.0,0.0,0.0,0.0,0.0,down,0.56,2026-09-01T14:42:36,0.0,0.555000007152557,44.42,2026-09-03 13:44:14,2026-09-03 09:45:06
IBIT,IBIT270115C00065000,IBIT,2027-01-15,C,65.0,0.0,0.0,0.0,0.0,0.0,17923.0,0.0,0.0,0.0,0.0,0.0,0.0,0.0,0.0,0.0,0.0,0.0,down,0.5,2026-09-02T15:31:34,0.0,0.509999990463257,44.42,2026-09-03 13:44:14,2026-09-03 09:45:06
IBIT,IBIT270115C00066000,IBIT,2027-01-15,C,66.0,0.0,0.0,0.0,0.0,0.0,1694.0,0.0,0.0,0.0,0.0,0.0,0.0,0.0,0.0,0.0,0.0,0.0,down,0.47,2026-09-02T15:37:49,0.0,0.469999998807907,44.42,2026-09-03 13:44:14,2026-09-03 09:45:06
IBIT,IBIT270115C00067000,IBIT,2027-01-15,C,67.0,0.0,0.0,0.0,0.0,0.0,1607.0,0.0,0.0,0.0,0.0,0.0,0.0,0.0,0.0,0.0,0.0,0.0,no_change,0.43,2026-09-02T15:56:26,0.0,0.435000002384186,44.42,2026-09-03 13:44:14,2026-09-03 09:45:06
IBIT,IBIT270115C00068000,IBIT,2027-01-15,C,68.0,0.0,0.0,0.0,0.0,0.0,8117.0,0.0,0.0,0.0,0.0,0.0,0.0,0.0,0.0,0.0,0.0,0.0,down,0.41,2026-09-02T11:00:52,0.0,0.404999986290932,44.42,2026-09-03 13:44:14,2026-09-03 09:45:06
IBIT,IBIT270115C00069000,IBIT,2027-01-15,C,69.0,0.0,0.0,0.0,0.0,0.0,1092.0,0.0,0.0,0.0,0.0,0.0,0.0,0.0,0.0,0.0,0.0,0.0,no_change,0.47,2026-08-28T15:47:09,0.0,0.375,44.42,2026-09-03 13:44:14,2026-09-03 09:45:06
IBIT,IBIT270115C00070000,IBIT,2027-01-15,C,70.0,0.0,0.0,0.0,0.0,0.0,32607.0,0.0,0.0,0.0,0.0,0.0,0.0,0.0,0.0,0.0,0.0,0.0,up,0.36,2026-09-02T15:31:34,0.0,0.350000008940697,44.42,2026-09-03 13:44:14,2026-09-03 09:45:06
IBIT,IBIT270115C00071000,IBIT,2027-01-15,C,71.0,0.0,0.0,0.0,0.0,0.0,1280.0,0.0,0.0,0.0,0.0,0.0,0.0,0.0,0.0,0.0,0.0,0.0,down,0.36,2026-09-01T12:39:03,0.0,0.329999998211861,44.42,2026-09-03 13:44:14,2026-09-03 09:45:06
IBIT,IBIT270115C00072000,IBIT,2027-01-15,C,72.0,0.0,0.0,0.0,0.0,0.0,2158.0,0.0,0.0,0.0,0.0,0.0,0.0,0.0,0.0,0.0,0.0,0.0,down,0.38,2026-08-31T11:58:05,0.0,0.310000002384186,44.42,2026-09-03 13:44:14,2026-09-03 09:45:06
IBIT,IBIT270115C00073000,IBIT,2027-01-15,C,73.0,0.0,0.0,0.0,0.0,0.0,662.0,0.0,0.0,0.0,0.0,0.0,0.0,0.0,0.0,0.0,0.0,0.0,no_change,0.3,2026-09-02T15:35:58,0.0,0.290000006556511,44.42,2026-09-03 13:44:14,2026-09-03 09:45:06
IBIT,IBIT270115C00074000,IBIT,2027-01-15,C,74.0,0.0,0.0,0.0,0.0,0.0,792.0,0.0,0.0,0.0,0.0,0.0,0.0,0.0,0.0,0.0,0.0,0.0,down,0.3,2026-09-01T12:21:14,0.0,0.274999991059303,44.42,2026-09-03 13:44:14,2026-09-03 09:45:06
IBIT,IBIT270115C00075000,IBIT,2027-01-15,C,75.0,0.0,0.0,0.0,0.0,0.0,11952.0,0.0,0.0,0.0,0.0,0.0,0.0,0.0,0.0,0.0,0.0,0.0,down,0.26,2026-09-02T12:46:53,0.0,0.260000005364418,44.42,2026-09-03 13:44:14,2026-09-03 09:45:06
IBIT,IBIT270115C00076000,IBIT,2027-01-15,C,76.0,0.0,0.0,0.0,0.0,0.0,809.0,0.0,0.0,0.0,0.0,0.0,0.0,0.0,0.0,0.0,0.0,0.0,down,0.25,2026-09-01T14:21:54,0.0,0.244999997317791,44.42,2026-09-03 13:44:14,2026-09-03 09:45:06
IBIT,IBIT270115C00077000,IBIT,2027-01-15,C,77.0,0.0,0.0,0.0,0.0,0.0,1472.0,0.0,0.0,0.0,0.0,0.0,0.0,0.0,0.0,0.0,0.0,0.0,down,0.29,2026-08-28T15:55:09,0.0,0.234999999403954,44.42,2026-09-03 13:44:14,2026-09-03 09:45:06
IBIT,IBIT270115C00078000,IBIT,2027-01-15,C,78.0,0.0,0.0,0.0,0.0,0.0,3207.0,0.0,0.0,0.0,0.0,0.0,0.0,0.0,0.0,0.0,0.0,0.0,no_change,0.23,2026-09-02T12:42:45,0.0,0.219999998807907,44.42,2026-09-03 13:44:14,2026-09-03 09:45:06
IBIT,IBIT270115C00079000,IBIT,2027-01-15,C,79.0,0.0,0.0,0.0,0.0,0.0,5267.0,0.0,0.0,0.0,0.0,0.0,0.0,0.0,0.0,0.0,0.0,0.0,down,0.21,2026-09-02T10:16:44,0.0,0.21000000089407,44.42,2026-09-03 13:44:14,2026-09-03 09:45:06
IBIT,IBIT270115C00080000,IBIT,2027-01-15,C,80.0,0.0,0.0,0.0,0.0,0.0,25330.0,0.0,0.0,0.0,0.0,0.0,0.0,0.0,0.0,0.0,0.0,0.0,no_change,0.21,2026-09-02T12:57:58,0.0,0.21000000089407,44.42,2026-09-03 13:44:14,2026-09-03 09:45:06
IBIT,IBIT270115C00081000,IBIT,2027-01-15,C,81.0,0.0,0.0,0.0,0.0,0.0,1866.0,0.0,0.0,0.0,0.0,0.0,0.0,0.0,0.0,0.0,0.0,0.0,down,0.2,2026-09-02T15:50:21,0.0,0.195000000298023,44.42,2026-09-03 13:44:14,2026-09-03 09:45:06
IBIT,IBIT270115C00082000,IBIT,2027-01-15,C,82.0,0.0,0.0,0.0,0.0,0.0,1639.0,0.0,0.0,0.0,0.0,0.0,0.0,0.0,0.0,0.0,0.0,0.0,down,0.18,2026-09-01T14:44:12,0.0,0.190000005066395,44.42,2026-09-03 13:44:14,2026-09-03 09:45:06
IBIT,IBIT270115C00083000,IBIT,2027-01-15,C,83.0,0.0,0.0,0.0,0.0,0.0,2328.0,0.0,0.0,0.0,0.0,0.0,0.0,0.0,0.0,0.0,0.0,0.0,down,0.17,2026-09-01T14:47:44,0.0,0.179999999701977,44.42,2026-09-03 13:44:14,2026-09-03 09:45:06
IBIT,IBIT270115C00084000,IBIT,2027-01-15,C,84.0,0.0,0.0,0.0,0.0,0.0,4364.0,0.0,0.0,0.0,0.0,0.0,0.0,0.0,0.0,0.0,0.0,0.0,down,0.31,2026-08-27T14:53:11,0.0,0.170000001788139,44.42,2026-09-03 13:44:14,2026-09-03 09:45:06
IBIT,IBIT270115C00085000,IBIT,2027-01-15,C,85.0,0.0,0.0,0.0,0.0,0.0,15051.0,0.0,0.0,0.0,0.0,0.0,0.0,0.0,0.0,0.0,0.0,0.0,no_change,0.17,2026-09-02T15:44:52,0.0,0.170000001788139,44.42,2026-09-03 13:44:14,2026-09-03 09:45:06
IBIT,IBIT270115C00086000,IBIT,2027-01-15,C,86.0,0.0,0.0,0.0,0.0,0.0,294.0,0.0,0.0,0.0,0.0,0.0,0.0,0.0,0.0,0.0,0.0,0.0,down,0.16,2026-09-01T15:15:15,0.0,0.160000003874302,44.42,2026-09-03 13:44:14,2026-09-03 09:45:06
IBIT,IBIT270115C00087000,IBIT,2027-01-15,C,87.0,0.0,0.0,0.0,0.0,0.0,494.0,0.0,0.0,0.0,0.0,0.0,0.0,0.0,0.0,0.0,0.0,0.0,down,0.15,2026-09-02T13:08:06,0.0,0.155000001192093,44.42,2026-09-03 13:44:14,2026-09-03 09:45:06
IBIT,IBIT270115C00088000,IBIT,2027-01-15,C,88.0,0.0,0.0,0.0,0.0,0.0,965.0,0.0,0.0,0.0,0.0,0.0,0.0,0.0,0.0,0.0,0.0,0.0,no_change,0.15,2026-09-01T15:26:02,0.0,0.149999998509884,44.42,2026-09-03 13:44:14,2026-09-03 09:45:06
IBIT,IBIT270115C00089000,IBIT,2027-01-15,C,89.0,0.0,0.0,0.0,0.0,0.0,332.0,0.0,0.0,0.0,0.0,0.0,0.0,0.0,0.0,0.0,0.0,0.0,no_change,0.15,2026-09-01T15:29:48,0.0,0.144999995827675,44.42,2026-09-03 13:44:14,2026-09-03 09:45:06
IBIT,IBIT270115C00090000,IBIT,2027-01-15,C,90.0,0.0,0.0,0.0,0.0,0.0,34715.0,0.0,0.0,0.0,0.0,0.0,0.0,0.0,0.0,0.0,0.0,0.0,down,0.13,2026-09-02T15:02:37,0.0,0.140000000596046,44.42,2026-09-03 13:44:14,2026-09-03 09:45:06
IBIT,IBIT270115C00095000,IBIT,2027-01-15,C,95.0,0.0,0.0,0.0,0.0,0.0,17564.0,0.0,0.0,0.0,0.0,0.0,0.0,0.0,0.0,0.0,0.0,0.0,no_change,0.12,2026-09-01T15:32:05,0.0,0.119999997317791,44.42,2026-09-03 13:44:14,2026-09-03 09:45:06
IBIT,IBIT270115C00100000,IBIT,2027-01-15,C,100.0,0.0,0.0,0.0,0.0,0.0,42273.0,0.0,0.0,0.0,0.0,0.0,0.0,0.0,0.0,0.0,0.0,0.0,no_change,0.11,2026-09-02T15:55:26,0.0,0.109999999403954,44.42,2026-09-03 13:44:14,2026-09-03 09:45:06
IBIT,IBIT270115C00105000,IBIT,2027-01-15,C,105.0,0.0,0.0,0.0,0.0,0.0,4467.0,0.0,0.0,0.0,0.0,0.0,0.0,0.0,0.0,0.0,0.0,0.0,down,0.1,2026-09-02T13:12:25,0.0,0.100000001490116,44.42,2026-09-03 13:44:14,2026-09-03 09:45:06
IBIT,IBIT270115C00110000,IBIT,2027-01-15,C,110.0,0.0,0.0,0.0,0.0,0.0,29594.0,0.0,0.0,0.0,0.0,0.0,0.0,0.0,0.0,0.0,0.0,0.0,no_change,0.1,2026-09-02T15:02:37,0.0,0.0899999998509884,44.42,2026-09-03 13:44:14,2026-09-03 09:45:06
IBIT,IBIT270115C00115000,IBIT,2027-01-15,C,115.0,0.0,0.0,0.0,0.0,0.0,5473.0,0.0,0.0,0.0,0.0,0.0,0.0,0.0,0.0,0.0,0.0,0.0,no_change,0.1,2026-09-02T15:31:07,0.0,0.080000001937151,44.42,2026-09-03 13:44:14,2026-09-03 09:45:06
IBIT,IBIT270115C00120000,IBIT,2027-01-15,C,120.0,0.0,0.0,0.0,0.0,0.0,17999.0,0.0,0.0,0.0,0.0,0.0,0.0,0.0,0.0,0.0,0.0,0.0,no_change,0.07,2026-09-02T15:31:07,0.0,0.0749999992549419,44.42,2026-09-03 13:44:14,2026-09-03 09:45:06
IBIT,IBIT270115C00125000,IBIT,2027-01-15,C,125.0,0.0,0.0,0.0,0.0,0.0,3373.0,0.0,0.0,0.0,0.0,0.0,0.0,0.0,0.0,0.0,0.0,0.0,down,0.08,2026-09-02T11:26:30,0.0,0.0699999984353781,44.42,2026-09-03 13:44:14,2026-09-03 09:45:06
IBIT,IBIT270115C00130000,IBIT,2027-01-15,C,130.0,0.0,0.0,0.0,0.0,0.0,3188.0,0.0,0.0,0.0,0.0,0.0,0.0,0.0,0.0,0.0,0.0,0.0,up,0.08,2026-08-31T15:42:24,0.0,0.0699999984353781,44.42,2026-09-03 13:44:14,2026-09-03 09:45:06
IBIT,IBIT270115C00135000,IBIT,2027-01-15,C,135.0,0.0,0.0,0.0,0.0,0.0,12681.0,0.0,0.0,0.0,0.0,0.0,0.0,0.0,0.0,0.0,0.0,0.0,down,0.06,2026-09-01T14:05:26,0.0,0.0649999994784594,44.42,2026-09-03 13:44:14,2026-09-03 09:45:06
IBIT,IBIT270115C00140000,IBIT,2027-01-15,C,140.0,0.0,0.0,0.0,0.0,0.0,29557.0,0.0,0.0,0.0,0.0,0.0,0.0,0.0,0.0,0.0,0.0,0.0,no_change,0.06,2026-09-02T15:31:33,0.0,0.0600000005215406,44.42,2026-09-03 13:44:14,2026-09-03 09:45:06
IBIT,IBIT270115P00001000,IBIT,2027-01-15,P,1.0,0.0,0.0,0.0,0.0,0.0,36397.0,0.0,0.0,0.0,0.0,0.0,0.0,0.0,0.0,0.0,0.0,0.0,down,0.01,2026-08-27T09:30:04,0.0,0.00499999988824129,44.42,2026-09-03 13:44:14,2026-09-03 09:45:06
IBIT,IBIT270115P00002000,IBIT,2027-01-15,P,2.0,0.0,0.0,0.0,0.0,0.0,18.0,0.0,0.0,0.0,0.0,0.0,0.0,0.0,0.0,0.0,0.0,0.0,no_change,0.01,2026-09-02T14:50:49,0.0,0.0149999996647239,44.42,2026-09-03 13:44:14,2026-09-03 09:45:06
IBIT,IBIT270115P00003000,IBIT,2027-01-15,P,3.0,0.0,0.0,0.0,0.0,0.0,4.0,0.0,0.0,0.0,0.0,0.0,0.0,0.0,0.0,0.0,0.0,0.0,up,0.05,2026-06-23T15:03:46,0.0,0.0149999996647239,44.42,2026-09-03 13:44:14,2026-09-03 09:45:06
IBIT,IBIT270115P00004000,IBIT,2027-01-15,P,4.0,0.0,0.0,0.0,0.0,0.0,837.0,0.0,0.0,0.0,0.0,0.0,0.0,0.0,0.0,0.0,0.0,0.0,no_change,0.03,2026-07-09T10:30:12,0.0,0.0249999994412065,44.42,2026-09-03 13:44:14,2026-09-03 09:45:06
IBIT,IBIT270115P00005000,IBIT,2027-01-15,P,5.0,0.0,0.0,0.0,0.0,0.0,12175.0,0.0,0.0,0.0,0.0,0.0,0.0,0.0,0.0,0.0,0.0,0.0,up,0.03,2026-09-02T09:31:20,0.0,0.0249999994412065,44.42,2026-09-03 13:44:14,2026-09-03 09:45:06
IBIT,IBIT270115P00006000,IBIT,2027-01-15,P,6.0,0.0,0.0,0.0,0.0,0.0,170.0,0.0,0.0,0.0,0.0,0.0,0.0,0.0,0.0,0.0,0.0,0.0,down,0.04,2026-08-20T14:05:46,0.0,0.0350000001490116,44.42,2026-09-03 13:44:14,2026-09-03 09:45:06
IBIT,IBIT270115P00007000,IBIT,2027-01-15,P,7.0,0.0,0.0,0.0,0.0,0.0,3770.0,0.0,0.0,0.0,0.0,0.0,0.0,0.0,0.0,0.0,0.0,0.0,down,0.05,2026-08-25T13:21:38,0.0,0.0449999989941716,44.42,2026-09-03 13:44:14,2026-09-03 09:45:06
IBIT,IBIT270115P00008000,IBIT,2027-01-15,P,8.0,0.0,0.0,0.0,0.0,0.0,206.0,0.0,0.0,0.0,0.0,0.0,0.0,0.0,0.0,0.0,0.0,0.0,no_change,0.06,2026-08-25T10:54:00,0.0,0.0549999997019768,44.42,2026-09-03 13:44:14,2026-09-03 09:45:06
IBIT,IBIT270115P00009000,IBIT,2027-01-15,P,9.0,0.0,0.0,0.0,0.0,0.0,1078.0,0.0,0.0,0.0,0.0,0.0,0.0,0.0,0.0,0.0,0.0,0.0,down,0.06,2026-08-24T09:50:48,0.0,0.0599999986588955,44.42,2026-09-03 13:44:14,2026-09-03 09:45:06
IBIT,IBIT270115P00010000,IBIT,2027-01-15,P,10.0,0.0,0.0,0.0,0.0,0.0,11677.0,0.0,0.0,0.0,0.0,0.0,0.0,0.0,0.0,0.0,0.0,0.0,no_change,0.07,2026-08-27T10:55:17,0.0,0.0649999994784594,44.42,2026-09-03 13:44:14,2026-09-03 09:45:06
IBIT,IBIT270115P00011000,IBIT,2027-01-15,P,11.0,0.0,0.0,0.0,0.0,0.0,969.0,0.0,0.0,0.0,0.0,0.0,0.0,0.0,0.0,0.0,0.0,0.0,down,0.08,2026-09-01T11:06:33,0.0,0.0750000011175871,44.42,2026-09-03 13:44:14,2026-09-03 09:45:06
IBIT,IBIT270115P00012000,IBIT,2027-01-15,P,12.0,0.0,0.0,0.0,0.0,0.0,333.0,0.0,0.0,0.0,0.0,0.0,0.0,0.0,0.0,0.0,0.0,0.0,down,0.11,2026-08-18T10:28:21,0.0,0.0850000008940697,44.42,2026-09-03 13:44:14,2026-09-03 09:45:06
IBIT,IBIT270115P00013000,IBIT,2027-01-15,P,13.0,0.0,0.0,0.0,0.0,0.0,257.0,0.0,0.0,0.0,0.0,0.0,0.0,0.0,0.0,0.0,0.0,0.0,no_change,0.09,2026-08-27T15:43:37,0.0,0.0949999988079071,44.42,2026-09-03 13:44:14,2026-09-03 09:45:06
IBIT,IBIT270115P00014000,IBIT,2027-01-15,P,14.0,0.0,0.0,0.0,0.0,0.0,188.0,0.0,0.0,0.0,0.0,0.0,0.0,0.0,0.0,0.0,0.0,0.0,no_change,0.08,2026-09-01T14:05:45,0.0,0.105000000447035,44.42,2026-09-03 13:44:14,2026-09-03 09:45:06
IBIT,IBIT270115P00015000,IBIT,2027-01-15,P,15.0,0.0,0.0,0.0,0.0,0.0,21808.0,0.0,0.0,0.0,0.0,0.0,0.0,0.0,0.0,0.0,0.0,0.0,no_change,0.11,2026-09-02T09:37:07,0.0,0.109999999403954,44.42,2026-09-03 13:44:14,2026-09-03 09:45:06
IBIT,IBIT270115P00016000,IBIT,2027-01-15,P,16.0,0.0,0.0,0.0,0.0,0.0,2264.0,0.0,0.0,0.0,0.0,0.0,0.0,0.0,0.0,0.0,0.0,0.0,no_change,0.11,2026-09-01T14:29:49,0.0,0.109999999403954,44.42,2026-09-03 13:44:14,2026-09-03 09:45:06
IBIT,IBIT270115P00017000,IBIT,2027-01-15,P,17.0,0.0,0.0,0.0,0.0,0.0,180.0,0.0,0.0,0.0,0.0,0.0,0.0,0.0,0.0,0.0,0.0,0.0,up,0.2,2026-08-19T15:45:36,0.0,0.130000002682209,44.42,2026-09-03 13:44:14,2026-09-03 09:45:06
IBIT,IBIT270115P00018000,IBIT,2027-01-15,P,18.0,0.0,0.0,0.0,0.0,0.0,7324.0,0.0,0.0,0.0,0.0,0.0,0.0,0.0,0.0,0.0,0.0,0.0,no_change,0.14,2026-08-27T12:04:51,0.0,0.129999998956919,44.42,2026-09-03 13:44:14,2026-09-03 09:45:06
IBIT,IBIT270115P00019000,IBIT,2027-01-15,P,19.0,0.0,0.0,0.0,0.0,0.0,8117.0,0.0,0.0,0.0,0.0,0.0,0.0,0.0,0.0,0.0,0.0,0.0,no_change,0.15,2026-09-01T09:30:21,0.0,0.149999998509884,44.42,2026-09-03 13:44:14,2026-09-03 09:45:06
IBIT,IBIT270115P00020000,IBIT,2027-01-15,P,20.0,0.0,0.0,0.0,0.0,0.0,33347.0,0.0,0.0,0.0,0.0,0.0,0.0,0.0,0.0,0.0,0.0,0.0,up,0.17,2026-09-02T15:30:04,0.0,0.165000006556511,44.42,2026-09-03 13:44:14,2026-09-03 09:45:06
IBIT,IBIT270115P00021000,IBIT,2027-01-15,P,21.0,0.0,0.0,0.0,0.0,0.0,10047.0,0.0,0.0,0.0,0.0,0.0,0.0,0.0,0.0,0.0,0.0,0.0,down,0.18,2026-08-28T13:45:06,0.0,0.174999997019768,44.42,2026-09-03 13:44:14,2026-09-03 09:45:06
IBIT,IBIT270115P00022000,IBIT,2027-01-15,P,22.0,0.0,0.0,0.0,0.0,0.0,13412.0,0.0,0.0,0.0,0.0,0.0,0.0,0.0,0.0,0.0,0.0,0.0,no_change,0.19,2026-08-28T13:45:17,0.0,0.189999997615814,44.42,2026-09-03 13:44:14,2026-09-03 09:45:06
IBIT,IBIT270115P00023000,IBIT,2027-01-15,P,23.0,0.0,0.0,0.0,0.0,0.0,14055.0,0.0,0.0,0.0,0.0,0.0,0.0,0.0,0.0,0.0,0.0,0.0,down,0.22,2026-09-01T10:24:51,0.0,0.204999998211861,44.42,2026-09-03 13:44:14,2026-09-03 09:45:06
IBIT,IBIT270115P00024000,IBIT,2027-01-15,P,24.0,0.0,0.0,0.0,0.0,0.0,11988.0,0.0,0.0,0.0,0.0,0.0,0.0,0.0,0.0,0.0,0.0,0.0,down,0.22,2026-09-02T14:00:43,0.0,0.224999994039536,44.42,2026-09-03 13:44:14,2026-09-03 09:45:06
IBIT,IBIT270115P00025000,IBIT,2027-01-15,P,25.0,0.0,0.0,0.0,0.0,0.0,33610.0,0.0,0.0,0.0,0.0,0.0,0.0,0.0,0.0,0.0,0.0,0.0,no_change,0.26,2026-09-02T15:45:35,0.0,0.265000000596046,44.42,2026-09-03 13:44:14,2026-09-03 09:45:06
IBIT,IBIT270115P00026000,IBIT,2027-01-15,P,26.0,0.0,0.0,0.0,0.0,0.0,2426.0,0.0,0.0,0.0,0.0,0.0,0.0,0.0,0.0,0.0,0.0,0.0,down,0.28,2026-09-02T15:48:28,0.0,0.274999991059303,44.42,2026-09-03 13:44:14,2026-09-03 09:45:06
IBIT,IBIT270115P00027000,IBIT,2027-01-15,P,27.0,0.0,0.0,0.0,0.0,0.0,3342.0,0.0,0.0,0.0,0.0,0.0,0.0,0.0,0.0,0.0,0.0,0.0,no_change,0.31,2026-08-31T14:56:59,0.0,0.310000002384186,44.42,2026-09-03 13:44:14,2026-09-03 09:45:06
IBIT,IBIT270115P00028000,IBIT,2027-01-15,P,28.0,0.0,0.0,0.0,0.0,0.0,5396.0,0.0,0.0,0.0,0.0,0.0,0.0,0.0,0.0,0.0,0.0,0.0,up,0.36,2026-09-02T13:37:23,0.0,0.355000004172325,44.42,2026-09-03 13:44:14,2026-09-03 09:45:06
IBIT,IBIT270115P00029000,IBIT,2027-01-15,P,29.0,0.0,0.0,0.0,0.0,0.0,4723.0,0.0,0.0,0.0,0.0,0.0,0.0,0.0,0.0,0.0,0.0,0.0,down,0.4,2026-09-02T13:38:17,0.0,0.405000001192093,44.42,2026-09-03 13:44:14,2026-09-03 09:45:06
IBIT,IBIT270115P00030000,IBIT,2027-01-15,P,30.0,0.0,0.0,0.0,0.0,0.0,43236.0,0.0,0.0,0.0,0.0,0.0,0.0,0.0,0.0,0.0,0.0,0.0,no_change,0.47,2026-09-02T14:18:46,0.0,0.464999988675118,44.42,2026-09-03 13:44:14,2026-09-03 09:45:06
IBIT,IBIT270115P00031000,IBIT,2027-01-15,P,31.0,0.0,0.0,0.0,0.0,0.0,22156.0,0.0,0.0,0.0,0.0,0.0,0.0,0.0,0.0,0.0,0.0,0.0,down,0.53,2026-09-02T13:17:22,0.0,0.53999999165535,44.42,2026-09-03 13:44:14,2026-09-03 09:45:06
IBIT,IBIT270115P00032000,IBIT,2027-01-15,P,32.0,0.0,0.0,0.0,0.0,0.0,3117.0,0.0,0.0,0.0,0.0,0.0,0.0,0.0,0.0,0.0,0.0,0.0,no_change,0.62,2026-09-02T13:03:03,0.0,0.629999995231628,44.42,2026-09-03 13:44:14,2026-09-03 09:45:06
IBIT,IBIT270115P00033000,IBIT,2027-01-15,P,33.0,0.0,0.0,0.0,0.0,0.0,7161.0,0.0,0.0,0.0,0.0,0.0,0.0,0.0,0.0,0.0,0.0,0.0,down,0.73,2026-09-02T14:00:43,0.0,0.735000014305115,44.42,2026-09-03 13:44:14,2026-09-03 09:45:06
IBIT,IBIT270115P00034000,IBIT,2027-01-15,P,34.0,0.0,0.0,0.0,0.0,0.0,18888.0,0.0,0.0,0.0,0.0,0.0,0.0,0.0,0.0,0.0,0.0,0.0,down,0.87,2026-09-02T11:59:24,0.0,0.870000004768372,44.42,2026-09-03 13:44:14,2026-09-03 09:45:06
IBIT,IBIT270115P00035000,IBIT,2027-01-15,P,35.0,0.0,0.0,0.0,0.0,0.0,44450.0,0.0,0.0,0.0,0.0,0.0,0.0,0.0,0.0,0.0,0.0,0.0,up,1.03,2026-09-02T15:29:05,0.0,1.0349999666214,44.42,2026-09-03 13:44:14,2026-09-03 09:45:06
IBIT,IBIT270115P00036000,IBIT,2027-01-15,P,36.0,0.0,0.0,0.0,0.0,0.0,3483.0,0.0,0.0,0.0,0.0,0.0,0.0,0.0,0.0,0.0,0.0,0.0,down,1.2,2026-09-02T14:38:02,0.0,1.21000003814697,44.42,2026-09-03 13:44:14,2026-09-03 09:45:06
IBIT,IBIT270115P00037000,IBIT,2027-01-15,P,37.0,0.0,0.0,0.0,0.0,0.0,10600.0,0.0,0.0,0.0,0.0,0.0,0.0,0.0,0.0,0.0,0.0,0.0,up,1.49,2026-09-02T11:01:33,0.0,1.43000000715256,44.42,2026-09-03 13:44:14,2026-09-03 09:45:06
IBIT,IBIT270115P00038000,IBIT,2027-01-15,P,38.0,0.0,0.0,0.0,0.0,0.0,14397.0,0.0,0.0,0.0,0.0,0.0,0.0,0.0,0.0,0.0,0.0,0.0,down,1.7,2026-09-02T11:33:16,0.0,1.68500000238419,44.42,2026-09-03 13:44:14,2026-09-03 09:45:06
IBIT,IBIT270115P00039000,IBIT,2027-01-15,P,39.0,0.0,0.0,0.0,0.0,0.0,2919.0,0.0,0.0,0.0,0.0,0.0,0.0,0.0,0.0,0.0,0.0,0.0,up,2.01,2026-09-02T11:40:41,0.0,1.98000001907349,44.42,2026-09-03 13:44:14,2026-09-03 09:45:06
IBIT,IBIT270115P00040000,IBIT,2027-01-15,P,40.0,0.0,0.0,0.0,0.0,0.0,28595.0,0.0,0.0,0.0,0.0,0.0,0.0,0.0,0.0,0.0,0.0,0.0,down,2.3,2026-09-02T15:59:19,0.0,2.30999994277954,44.42,2026-09-03 13:44:14,2026-09-03 09:45:06
IBIT,IBIT270115P00041000,IBIT,2027-01-15,P,41.0,0.0,0.0,0.0,0.0,0.0,2183.0,0.0,0.0,0.0,0.0,0.0,0.0,0.0,0.0,0.0,0.0,0.0,no_change,2.67,2026-09-02T13:09:15,0.0,2.68500006198883,44.42,2026-09-03 13:44:14,2026-09-03 09:45:06
IBIT,IBIT270115P00042000,IBIT,2027-01-15,P,42.0,0.0,0.0,0.0,0.0,0.0,1576.0,0.0,0.0,0.0,0.0,0.0,0.0,0.0,0.0,0.0,0.0,0.0,no_change,3.1,2026-09-02T13:17:22,0.0,3.10000002384186,44.42,2026-09-03 13:44:14,2026-09-03 09:45:06
IBIT,IBIT270115P00043000,IBIT,2027-01-15,P,43.0,0.0,0.0,0.0,0.0,0.0,2386.0,0.0,0.0,0.0,0.0,0.0,0.0,0.0,0.0,0.0,0.0,0.0,up,3.56,2026-09-02T15:46:25,0.0,3.54999995231628,44.42,2026-09-03 13:44:14,2026-09-03 09:45:06
IBIT,IBIT270115P00044000,IBIT,2027-01-15,P,44.0,0.0,0.0,0.0,0.0,0.0,2678.0,0.0,0.0,0.0,0.0,0.0,0.0,0.0,0.0,0.0,0.0,0.0,no_change,4.07,2026-09-02T13:33:02,0.0,4.04999995231628,44.42,2026-09-03 13:44:14,2026-09-03 09:45:06
IBIT,IBIT270115P00045000,IBIT,2027-01-15,P,45.0,0.0,0.0,0.0,0.0,0.0,27102.0,0.0,0.0,0.0,0.0,0.0,0.0,0.0,0.0,0.0,0.0,0.0,down,4.58,2026-09-02T15:46:25,0.0,4.60000014305115,44.42,2026-09-03 13:44:14,2026-09-03 09:45:06
IBIT,IBIT270115P00046000,IBIT,2027-01-15,P,46.0,0.0,0.0,0.0,0.0,0.0,5582.0,0.0,0.0,0.0,0.0,0.0,0.0,0.0,0.0,0.0,0.0,0.0,down,5.15,2026-09-02T12:49:03,0.0,5.17499995231628,44.42,2026-09-03 13:44:14,2026-09-03 09:45:06
IBIT,IBIT270115P00047000,IBIT,2027-01-15,P,47.0,0.0,0.0,0.0,0.0,0.0,2879.0,0.0,0.0,0.0,0.0,0.0,0.0,0.0,0.0,0.0,0.0,0.0,no_change,5.85,2026-09-02T13:32:04,0.0,5.79999995231628,44.42,2026-09-03 13:44:14,2026-09-03 09:45:06
IBIT,IBIT270115P00048000,IBIT,2027-01-15,P,48.0,0.0,0.0,0.0,0.0,0.0,3353.0,0.0,0.0,0.0,0.0,0.0,0.0,0.0,0.0,0.0,0.0,0.0,no_change,6.49,2026-09-02T13:32:04,0.0,6.45000004768372,44.42,2026-09-03 13:44:14,2026-09-03 09:45:06
IBIT,IBIT270115P00049000,IBIT,2027-01-15,P,49.0,0.0,0.0,0.0,0.0,0.0,3930.0,0.0,0.0,0.0,0.0,0.0,0.0,0.0,0.0,0.0,0.0,0.0,up,7.05,2026-09-02T14:24:42,0.0,7.14999985694885,44.42,2026-09-03 13:44:14,2026-09-03 09:45:06
IBIT,IBIT270115P00050000,IBIT,2027-01-15,P,50.0,0.0,0.0,0.0,0.0,0.0,15270.0,0.0,0.0,0.0,0.0,0.0,0.0,0.0,0.0,0.0,0.0,0.0,down,7.95,2026-09-01T15:46:25,0.0,7.84999990463257,44.42,2026-09-03 13:44:14,2026-09-03 09:45:06
IBIT,IBIT270115P00051000,IBIT,2027-01-15,P,51.0,0.0,0.0,0.0,0.0,0.0,5593.0,0.0,0.0,0.0,0.0,0.0,0.0,0.0,0.0,0.0,0.0,0.0,up,8.15,2026-08-31T12:11:24,0.0,8.625,44.42,2026-09-03 13:44:14,2026-09-03 09:45:06
IBIT,IBIT270115P00052000,IBIT,2027-01-15,P,52.0,0.0,0.0,0.0,0.0,0.0,8475.0,0.0,0.0,0.0,0.0,0.0,0.0,0.0,0.0,0.0,0.0,0.0,no_change,9.25,2026-09-01T11:04:15,0.0,9.40000009536743,44.42,2026-09-03 13:44:14,2026-09-03 09:45:06
IBIT,IBIT270115P00053000,IBIT,2027-01-15,P,53.0,0.0,0.0,0.0,0.0,0.0,4364.0,0.0,0.0,0.0,0.0,0.0,0.0,0.0,0.0,0.0,0.0,0.0,down,10.05,2026-08-26T14:30:04,0.0,10.2250003814697,44.42,2026-09-03 13:44:14,2026-09-03 09:45:06
IBIT,IBIT270115P00054000,IBIT,2027-01-15,P,54.0,0.0,0.0,0.0,0.0,0.0,3290.0,0.0,0.0,0.0,0.0,0.0,0.0,0.0,0.0,0.0,0.0,0.0,down,10.8,2026-08-28T12:07:08,0.0,11.0499997138977,44.42,2026-09-03 13:44:14,2026-09-03 09:45:06
IBIT,IBIT270115P00055000,IBIT,2027-01-15,P,55.0,0.0,0.0,0.0,0.0,0.0,2720.0,0.0,0.0,0.0,0.0,0.0,0.0,0.0,0.0,0.0,0.0,0.0,no_change,12.1,2026-09-02T09:42:39,0.0,11.9000000953674,44.42,2026-09-03 13:44:14,2026-09-03 09:45:06
IBIT,IBIT270115P00056000,IBIT,2027-01-15,P,56.0,0.0,0.0,0.0,0.0,0.0,1216.0,0.0,0.0,0.0,0.0,0.0,0.0,0.0,0.0,0.0,0.0,0.0,no_change,12.8,2026-09-02T11:33:58,0.0,12.7999997138977,44.42,2026-09-03 13:44:14,2026-09-03 09:45:06
IBIT,IBIT270115P00057000,IBIT,2027-01-15,P,57.0,0.0,0.0,0.0,0.0,0.0,59.0,0.0,0.0,0.0,0.0,0.0,0.0,0.0,0.0,0.0,0.0,0.0,no_change,13.5,2026-09-01T11:04:15,0.0,13.7000002861023,44.42,2026-09-03 13:44:14,2026-09-03 09:45:06
IBIT,IBIT270115P00058000,IBIT,2027-01-15,P,58.0,0.0,0.0,0.0,0.0,0.0,77.0,0.0,0.0,0.0,0.0,0.0,0.0,0.0,0.0,0.0,0.0,0.0,down,14.05,2026-08-25T11:15:51,0.0,14.5999999046326,44.42,2026-09-03 13:44:14,2026-09-03 09:45:06
IBIT,IBIT270115P00059000,IBIT,2027-01-15,P,59.0,0.0,0.0,0.0,0.0,0.0,126.0,0.0,0.0,0.0,0.0,0.0,0.0,0.0,0.0,0.0,0.0,0.0,no_change,15.75,2026-08-21T11:28:28,0.0,15.5250000953674,44.42,2026-09-03 13:44:14,2026-09-03 09:45:06
IBIT,IBIT270115P00060000,IBIT,2027-01-15,P,60.0,0.0,0.0,0.0,0.0,0.0,1166.0,0.0,0.0,0.0,0.0,0.0,0.0,0.0,0.0,0.0,0.0,0.0,up,16.45,2026-09-02T15:27:27,0.0,16.5,44.42,2026-09-03 13:44:14,2026-09-03 09:45:06
IBIT,IBIT270115P00061000,IBIT,2027-01-15,P,61.0,0.0,0.0,0.0,0.0,0.0,13.0,0.0,0.0,0.0,0.0,0.0,0.0,0.0,0.0,0.0,0.0,0.0,up,26.7,2026-07-02T12:04:19,0.0,17.3999996185303,44.42,2026-09-03 13:44:14,2026-09-03 09:45:06
IBIT,IBIT270115P00062000,IBIT,2027-01-15,P,62.0,0.0,0.0,0.0,0.0,0.0,1517.0,0.0,0.0,0.0,0.0,0.0,0.0,0.0,0.0,0.0,0.0,0.0,no_change,18.8,2026-08-21T15:16:38,0.0,18.3500003814697,44.42,2026-09-03 13:44:14,2026-09-03 09:45:06
IBIT,IBIT270115P00063000,IBIT,2027-01-15,P,63.0,0.0,0.0,0.0,0.0,0.0,226.0,0.0,0.0,0.0,0.0,0.0,0.0,0.0,0.0,0.0,0.0,0.0,down,25.7,2026-08-17T15:15:10,0.0,19.3250007629395,44.42,2026-09-03 13:44:14,2026-09-03 09:45:06
IBIT,IBIT270115P00064000,IBIT,2027-01-15,P,64.0,0.0,0.0,0.0,0.0,0.0,50.0,0.0,0.0,0.0,0.0,0.0,0.0,0.0,0.0,0.0,0.0,0.0,down,25.1,2026-08-19T12:45:23,0.0,20.3000001907349,44.42,2026-09-03 13:44:14,2026-09-03 09:45:06
IBIT,IBIT270115P00065000,IBIT,2027-01-15,P,65.0,0.0,0.0,0.0,0.0,0.0,510.0,0.0,0.0,0.0,0.0,0.0,0.0,0.0,0.0,0.0,0.0,0.0,down,20.47,2026-08-25T15:01:10,0.0,21.3000001907349,44.42,2026-09-03 13:44:14,2026-09-03 09:45:06
IBIT,IBIT270115P00066000,IBIT,2027-01-15,P,66.0,0.0,0.0,0.0,0.0,0.0,13.0,0.0,0.0,0.0,0.0,0.0,0.0,0.0,0.0,0.0,0.0,0.0,no_change,28.95,2026-08-19T10:33:52,0.0,22.3249998092651,44.42,2026-09-03 13:44:14,2026-09-03 09:45:06
IBIT,IBIT270115P00067000,IBIT,2027-01-15,P,67.0,0.0,0.0,0.0,0.0,0.0,6.0,0.0,0.0,0.0,0.0,0.0,0.0,0.0,0.0,0.0,0.0,0.0,down,23.2,2026-09-02T15:07:25,0.0,23.3249998092651,44.42,2026-09-03 13:44:14,2026-09-03 09:45:06
IBIT,IBIT270115P00068000,IBIT,2027-01-15,P,68.0,0.0,0.0,0.0,0.0,0.0,1.0,0.0,0.0,0.0,0.0,0.0,0.0,0.0,0.0,0.0,0.0,0.0,up,30.25,2026-06-03T10:07:12,0.0,24.3500003814697,44.42,2026-09-03 13:44:14,2026-09-03 09:45:06
IBIT,IBIT270115P00069000,IBIT,2027-01-15,P,69.0,0.0,0.0,0.0,0.0,0.0,1.0,0.0,0.0,0.0,0.0,0.0,0.0,0.0,0.0,0.0,0.0,0.0,up,24.04,2026-08-28T11:03:11,0.0,25.4749994277954,44.42,2026-09-03 13:44:14,2026-09-03 09:45:06
IBIT,IBIT270115P00070000,IBIT,2027-01-15,P,70.0,0.0,0.0,0.0,0.0,0.0,31.0,0.0,0.0,0.0,0.0,0.0,0.0,0.0,0.0,0.0,0.0,0.0,up,26.3,2026-08-28T15:07:36,0.0,26.2999992370605,44.42,2026-09-03 13:44:14,2026-09-03 09:45:06
IBIT,IBIT270115P00071000,IBIT,2027-01-15,P,71.0,0.0,0.0,0.0,0.0,0.0,1.0,0.0,0.0,0.0,0.0,0.0,0.0,0.0,0.0,0.0,0.0,0.0,no_change,26.93,2026-08-28T12:44:58,0.0,27.0750007629395,44.42,2026-09-03 13:44:14,2026-09-03 09:45:06
IBIT,IBIT270115P00072000,IBIT,2027-01-15,P,72.0,0.0,0.0,0.0,0.0,0.0,0.0,0.0,0.0,0.0,0.0,0.0,0.0,0.0,0.0,0.0,0.0,0.0,up,28.37,2026-09-02T13:06:27,0.0,28.375,44.42,2026-09-03 13:44:14,2026-09-03 09:45:06
IBIT,IBIT270115P00073000,IBIT,2027-01-15,P,73.0,0.0,0.0,0.0,0.0,0.0,0.0,0.0,0.0,0.0,0.0,0.0,0.0,0.0,0.0,0.0,0.0,0.0,up,29.1,2026-08-28T15:07:36,0.0,29.2749996185303,44.42,2026-09-03 13:44:14,2026-09-03 09:45:06
IBIT,IBIT270115P00074000,IBIT,2027-01-15,P,74.0,0.0,0.0,0.0,0.0,0.0,0.0,0.0,0.0,0.0,0.0,0.0,0.0,0.0,0.0,0.0,0.0,0.0,up,30.37,2026-09-02T13:06:27,0.0,30.3499994277954,44.42,2026-09-03 13:44:14,2026-09-03 09:45:06
IBIT,IBIT270115P00075000,IBIT,2027-01-15,P,75.0,0.0,0.0,0.0,0.0,0.0,1.0,0.0,0.0,0.0,0.0,0.0,0.0,0.0,0.0,0.0,0.0,0.0,down,30.88,2026-09-01T13:49:08,0.0,31.1999998092651,44.42,2026-09-03 13:44:14,2026-09-03 09:45:06
IBIT,IBIT270115P00076000,IBIT,2027-01-15,P,76.0,0.0,0.0,0.0,0.0,0.0,0.0,0.0,0.0,0.0,0.0,0.0,0.0,0.0,0.0,0.0,0.0,0.0,up,32.07,2026-09-01T14:25:03,0.0,32.2749996185303,44.42,2026-09-03 13:44:14,2026-09-03 09:45:06
IBIT,IBIT270115P00077000,IBIT,2027-01-15,P,77.0,0.0,0.0,0.0,0.0,0.0,0.0,0.0,0.0,0.0,0.0,0.0,0.0,0.0,0.0,0.0,0.0,0.0,down,32.95,2026-09-01T14:27:24,0.0,33.4249992370606,44.42,2026-09-03 13:44:14,2026-09-03 09:45:06
IBIT,IBIT270115P00078000,IBIT,2027-01-15,P,78.0,0.0,0.0,0.0,0.0,0.0,0.0,0.0,0.0,0.0,0.0,0.0,0.0,0.0,0.0,0.0,0.0,0.0,down,29.08,2026-01-26T15:04:28,0.0,34.2750015258789,44.42,2026-09-03 13:44:14,2026-09-03 09:45:06
IBIT,IBIT270115P00079000,IBIT,2027-01-15,P,79.0,0.0,0.0,0.0,0.0,0.0,0.0,0.0,0.0,0.0,0.0,0.0,0.0,0.0,0.0,0.0,0.0,0.0,up,35.45,2026-09-01T14:38:24,0.0,35.3499984741211,44.42,2026-09-03 13:44:14,2026-09-03 09:45:06
IBIT,IBIT270115P00080000,IBIT,2027-01-15,P,80.0,0.0,0.0,0.0,0.0,0.0,0.0,0.0,0.0,0.0,0.0,0.0,0.0,0.0,0.0,0.0,0.0,0.0,down,46.36,2026-06-25T10:26:37,0.0,36.3999996185303,44.42,2026-09-03 13:44:14,2026-09-03 09:45:06
IBIT,IBIT270115P00081000,IBIT,2027-01-15,P,81.0,0.0,0.0,0.0,0.0,0.0,0.0,0.0,0.0,0.0,0.0,0.0,0.0,0.0,0.0,0.0,0.0,0.0,down,37.23,2026-05-21T09:30:26,0.0,37.4249992370606,44.42,2026-09-03 13:44:14,2026-09-03 09:45:06
IBIT,IBIT270115P00082000,IBIT,2027-01-15,P,82.0,0.0,0.0,0.0,0.0,0.0,0.0,0.0,0.0,0.0,0.0,0.0,0.0,0.0,0.0,0.0,0.0,0.0,up,38.45,2026-09-01T14:42:33,0.0,38.375,44.42,2026-09-03 13:44:14,2026-09-03 09:45:06
IBIT,IBIT270115P00083000,IBIT,2027-01-15,P,83.0,0.0,0.0,0.0,0.0,0.0,0.0,0.0,0.0,0.0,0.0,0.0,0.0,0.0,0.0,0.0,0.0,0.0,up,26.38,2025-10-31T11:44:14,0.0,39.2250003814697,44.42,2026-09-03 13:44:14,2026-09-03 09:45:06
IBIT,IBIT270115P00084000,IBIT,2027-01-15,P,84.0,0.0,0.0,0.0,0.0,0.0,0.0,0.0,0.0,0.0,0.0,0.0,0.0,0.0,0.0,0.0,0.0,0.0,up,40.45,2026-09-01T14:42:33,0.0,40.375,44.42,2026-09-03 13:44:14,2026-09-03 09:45:06
IBIT,IBIT270115P00085000,IBIT,2027-01-15,P,85.0,0.0,0.0,0.0,0.0,0.0,0.0,0.0,0.0,0.0,0.0,0.0,0.0,0.0,0.0,0.0,0.0,0.0,up,50.7,2026-07-01T15:19:00,0.0,41.4499988555908,44.42,2026-09-03 13:44:14,2026-09-03 09:45:06
IBIT,IBIT270115P00086000,IBIT,2027-01-15,P,86.0,0.0,0.0,0.0,0.0,0.0,0.0,0.0,0.0,0.0,0.0,0.0,0.0,0.0,0.0,0.0,0.0,0.0,no_change,47.37,2026-02-05T10:19:40,0.0,42.3000011444092,44.42,2026-09-03 13:44:14,2026-09-03 09:45:06
IBIT,IBIT270115P00087000,IBIT,2027-01-15,P,87.0,0.0,0.0,0.0,0.0,0.0,0.0,0.0,0.0,0.0,0.0,0.0,0.0,0.0,0.0,0.0,0.0,0.0,up,47.33,2026-02-05T09:30:24,0.0,43.3249988555908,44.42,2026-09-03 13:44:14,2026-09-03 09:45:06
IBIT,IBIT270115P00088000,IBIT,2027-01-15,P,88.0,0.0,0.0,0.0,0.0,0.0,0.0,0.0,0.0,0.0,0.0,0.0,0.0,0.0,0.0,0.0,0.0,0.0,no_change,44.05,2026-02-03T10:21:34,0.0,44.3249988555908,44.42,2026-09-03 13:44:14,2026-09-03 09:45:06
IBIT,IBIT270115P00089000,IBIT,2027-01-15,P,89.0,0.0,0.0,0.0,0.0,0.0,0.0,0.0,0.0,0.0,0.0,0.0,0.0,0.0,0.0,0.0,0.0,0.0,down,45.25,2026-09-01T15:34:31,0.0,45.4750003814697,44.42,2026-09-03 13:44:14,2026-09-03 09:45:06
IBIT,IBIT270115P00090000,IBIT,2027-01-15,P,90.0,0.0,0.0,0.0,0.0,0.0,2.0,0.0,0.0,0.0,0.0,0.0,0.0,0.0,0.0,0.0,0.0,0.0,down,46.0,2026-09-02T13:03:30,0.0,46.375,44.42,2026-09-03 13:44:14,2026-09-03 09:45:06
IBIT,IBIT270115P00095000,IBIT,2027-01-15,P,95.0,0.0,0.0,0.0,0.0,0.0,0.0,0.0,0.0,0.0,0.0,0.0,0.0,0.0,0.0,0.0,0.0,0.0,up,45.35,2026-01-26T11:29:05,0.0,51.375,44.42,2026-09-03 13:44:14,2026-09-03 09:45:06
IBIT,IBIT270115P00100000,IBIT,2027-01-15,P,100.0,0.0,0.0,0.0,0.0,0.0,67.0,0.0,0.0,0.0,0.0,0.0,0.0,0.0,0.0,0.0,0.0,0.0,up,54.85,2026-08-27T14:56:21,0.0,56.25,44.42,2026-09-03 13:44:14,2026-09-03 09:45:06
IBIT,IBIT270115P00105000,IBIT,2027-01-15,P,105.0,0.0,0.0,0.0,0.0,0.0,0.0,0.0,0.0,0.0,0.0,0.0,0.0,0.0,0.0,0.0,0.0,0.0,down,67.65,2026-02-05T14:34:44,0.0,61.375,44.42,2026-09-03 13:44:14,2026-09-03 09:45:06
IBIT,IBIT270115P00110000,IBIT,2027-01-15,P,110.0,0.0,0.0,0.0,0.0,0.0,0.0,0.0,0.0,0.0,0.0,0.0,0.0,0.0,0.0,0.0,0.0,0.0,down,58.9,2026-01-21T15:49:18,0.0,66.5250015258789,44.42,2026-09-03 13:44:14,2026-09-03 09:45:06
IBIT,IBIT270115P00115000,IBIT,2027-01-15,P,115.0,0.0,0.0,0.0,0.0,0.0,0.0,0.0,0.0,0.0,0.0,0.0,0.0,0.0,0.0,0.0,0.0,0.0,down,79.17,2026-07-23T15:50:16,0.0,71.4000015258789,44.42,2026-09-03 13:44:14,2026-09-03 09:45:06
IBIT,IBIT270115P00120000,IBIT,2027-01-15,P,120.0,0.0,0.0,0.0,0.0,0.0,0.0,0.0,0.0,0.0,0.0,0.0,0.0,0.0,0.0,0.0,0.0,0.0,down,81.56,2026-08-19T15:48:06,0.0,76.3250007629394,44.42,2026-09-03 13:44:14,2026-09-03 09:45:06
IBIT,IBIT270115P00125000,IBIT,2027-01-15,P,125.0,0.0,0.0,0.0,0.0,0.0,7.0,0.0,0.0,0.0,0.0,0.0,0.0,0.0,0.0,0.0,0.0,0.0,down,80.2,2026-08-24T14:48:33,0.0,81.4000015258789,44.42,2026-09-03 13:44:14,2026-09-03 09:45:06
IBIT,IBIT270115P00130000,IBIT,2027-01-15,P,130.0,0.0,0.0,0.0,0.0,0.0,0.0,0.0,0.0,0.0,0.0,0.0,0.0,0.0,0.0,0.0,0.0,0.0,up,93.58,2026-08-06T15:49:46,0.0,86.3250007629394,44.42,2026-09-03 13:44:14,2026-09-03 09:45:06
IBIT,IBIT270115P00135000,IBIT,2027-01-15,P,135.0,0.0,0.0,0.0,0.0,0.0,0.0,0.0,0.0,0.0,0.0,0.0,0.0,0.0,0.0,0.0,0.0,0.0,up,81.69,2025-11-17T10:52:43,0.0,91.3499984741211,44.42,2026-09-03 13:44:14,2026-09-03 09:45:06
IBIT,IBIT270115P00140000,IBIT,2027-01-15,P,140.0,0.0,0.0,0.0,0.0,0.0,0.0,0.0,0.0,0.0,0.0,0.0,0.0,0.0,0.0,0.0,0.0,0.0,down,106.77,2026-06-30T15:50:12,0.0,96.3250007629394,44.42,2026-09-03 13:44:14,2026-09-03 09:45:06
IBIT,IBIT270219C00020000,IBIT,2027-02-19,C,20.0,0.0,0.0,0.0,0.0,0.0,12.0,0.0,0.0,0.0,0.0,0.0,0.0,0.0,0.0,0.0,0.0,0.0,up,25.69,2026-08-28T11:11:29,0.0,24.2750005722046,44.42,2026-09-03 13:44:14,2026-09-03 09:45:06
IBIT,IBIT270219C00025000,IBIT,2027-02-19,C,25.0,0.0,0.0,0.0,0.0,0.0,34.0,0.0,0.0,0.0,0.0,0.0,0.0,0.0,0.0,0.0,0.0,0.0,up,20.9,2026-08-28T11:12:12,0.0,19.6000003814697,44.42,2026-09-03 13:44:14,2026-09-03 09:45:06
IBIT,IBIT270219C00027000,IBIT,2027-02-19,C,27.0,0.0,0.0,0.0,0.0,0.0,8.0,0.0,0.0,0.0,0.0,0.0,0.0,0.0,0.0,0.0,0.0,0.0,up,18.55,2026-08-26T14:56:57,0.0,17.75,44.42,2026-09-03 13:44:14,2026-09-03 09:45:06
IBIT,IBIT270219C00028000,IBIT,2027-02-19,C,28.0,0.0,0.0,0.0,0.0,0.0,9.0,0.0,0.0,0.0,0.0,0.0,0.0,0.0,0.0,0.0,0.0,0.0,up,14.0,2026-08-20T09:51:08,0.0,16.8250007629395,44.42,2026-09-03 13:44:14,2026-09-03 09:45:06
IBIT,IBIT270219C00029000,IBIT,2027-02-19,C,29.0,0.0,0.0,0.0,0.0,0.0,2.0,0.0,0.0,0.0,0.0,0.0,0.0,0.0,0.0,0.0,0.0,0.0,up,10.35,2026-07-20T14:54:27,0.0,15.9000000953674,44.42,2026-09-03 13:44:14,2026-09-03 09:45:06
IBIT,IBIT270219C00030000,IBIT,2027-02-19,C,30.0,0.0,0.0,0.0,0.0,0.0,33.0,0.0,0.0,0.0,0.0,0.0,0.0,0.0,0.0,0.0,0.0,0.0,up,15.63,2026-09-01T10:51:02,0.0,15.0249996185303,44.42,2026-09-03 13:44:14,2026-09-03 09:45:06
IBIT,IBIT270219C00031000,IBIT,2027-02-19,C,31.0,0.0,0.0,0.0,0.0,0.0,39.0,0.0,0.0,0.0,0.0,0.0,0.0,0.0,0.0,0.0,0.0,0.0,up,15.1,2026-08-28T10:19:33,0.0,14.125,44.42,2026-09-03 13:44:14,2026-09-03 09:45:06
IBIT,IBIT270219C00032000,IBIT,2027-02-19,C,32.0,0.0,0.0,0.0,0.0,0.0,7.0,0.0,0.0,0.0,0.0,0.0,0.0,0.0,0.0,0.0,0.0,0.0,down,14.12,2026-08-26T14:59:18,0.0,13.25,44.42,2026-09-03 13:44:14,2026-09-03 09:45:06
IBIT,IBIT270219C00033000,IBIT,2027-02-19,C,33.0,0.0,0.0,0.0,0.0,0.0,49.0,0.0,0.0,0.0,0.0,0.0,0.0,0.0,0.0,0.0,0.0,0.0,down,12.75,2026-08-28T12:19:10,0.0,12.4000000953674,44.42,2026-09-03 13:44:14,2026-09-03 09:45:06
IBIT,IBIT270219C00034000,IBIT,2027-02-19,C,34.0,0.0,0.0,0.0,0.0,0.0,369.0,0.0,0.0,0.0,0.0,0.0,0.0,0.0,0.0,0.0,0.0,0.0,down,11.57,2026-09-01T14:25:42,0.0,11.5999999046326,44.42,2026-09-03 13:44:14,2026-09-03 09:45:06
IBIT,IBIT270219C00035000,IBIT,2027-02-19,C,35.0,0.0,0.0,0.0,0.0,0.0,126.0,0.0,0.0,0.0,0.0,0.0,0.0,0.0,0.0,0.0,0.0,0.0,no_change,11.14,2026-09-01T11:14:00,0.0,10.7999997138977,44.42,2026-09-03 13:44:14,2026-09-03 09:45:06
IBIT,IBIT270219C00036000,IBIT,2027-02-19,C,36.0,0.0,0.0,0.0,0.0,0.0,146.0,0.0,0.0,0.0,0.0,0.0,0.0,0.0,0.0,0.0,0.0,0.0,down,10.48,2026-08-28T13:36:12,0.0,10.0499997138977,44.42,2026-09-03 13:44:14,2026-09-03 09:45:06
IBIT,IBIT270219C00037000,IBIT,2027-02-19,C,37.0,0.0,0.0,0.0,0.0,0.0,136.0,0.0,0.0,0.0,0.0,0.0,0.0,0.0,0.0,0.0,0.0,0.0,down,10.6,2026-08-28T10:56:44,0.0,9.32499980926514,44.42,2026-09-03 13:44:14,2026-09-03 09:45:06
IBIT,IBIT270219C00038000,IBIT,2027-02-19,C,38.0,0.0,0.0,0.0,0.0,0.0,127.0,0.0,0.0,0.0,0.0,0.0,0.0,0.0,0.0,0.0,0.0,0.0,no_change,10.35,2026-08-27T12:36:41,0.0,8.625,44.42,2026-09-03 13:44:14,2026-09-03 09:45:06
IBIT,IBIT270219C00039000,IBIT,2027-02-19,C,39.0,0.0,0.0,0.0,0.0,0.0,177.0,0.0,0.0,0.0,0.0,0.0,0.0,0.0,0.0,0.0,0.0,0.0,down,8.0,2026-09-02T09:30:07,0.0,7.95000004768372,44.42,2026-09-03 13:44:14,2026-09-03 09:45:06
IBIT,IBIT270219C00040000,IBIT,2027-02-19,C,40.0,0.0,0.0,0.0,0.0,0.0,2392.0,0.0,0.0,0.0,0.0,0.0,0.0,0.0,0.0,0.0,0.0,0.0,up,7.32,2026-09-02T15:40:03,0.0,7.32500004768372,44.42,2026-09-03 13:44:14,2026-09-03 09:45:06
IBIT,IBIT270219C00041000,IBIT,2027-02-19,C,41.0,0.0,0.0,0.0,0.0,0.0,266.0,0.0,0.0,0.0,0.0,0.0,0.0,0.0,0.0,0.0,0.0,0.0,down,6.8,2026-09-02T14:49:01,0.0,6.72500014305115,44.42,2026-09-03 13:44:14,2026-09-03 09:45:06
IBIT,IBIT270219C00042000,IBIT,2027-02-19,C,42.0,0.0,0.0,0.0,0.0,0.0,231.0,0.0,0.0,0.0,0.0,0.0,0.0,0.0,0.0,0.0,0.0,0.0,no_change,6.35,2026-09-01T12:54:23,0.0,6.17499995231628,44.42,2026-09-03 13:44:14,2026-09-03 09:45:06
IBIT,IBIT270219C00043000,IBIT,2027-02-19,C,43.0,0.0,0.0,0.0,0.0,0.0,95.0,0.0,0.0,0.0,0.0,0.0,0.0,0.0,0.0,0.0,0.0,0.0,down,5.61,2026-09-01T14:28:01,0.0,5.64999985694885,44.42,2026-09-03 13:44:14,2026-09-03 09:45:06
IBIT,IBIT270219C00044000,IBIT,2027-02-19,C,44.0,0.0,0.0,0.0,0.0,0.0,378.0,0.0,0.0,0.0,0.0,0.0,0.0,0.0,0.0,0.0,0.0,0.0,down,5.1,2026-09-02T13:27:31,0.0,5.14999985694885,44.42,2026-09-03 13:44:14,2026-09-03 09:45:06
IBIT,IBIT270219C00045000,IBIT,2027-02-19,C,45.0,0.0,0.0,0.0,0.0,0.0,1172.0,0.0,0.0,0.0,0.0,0.0,0.0,0.0,0.0,0.0,0.0,0.0,down,4.7,2026-09-02T15:36:08,0.0,4.70000004768372,44.42,2026-09-03 13:44:14,2026-09-03 09:45:06
IBIT,IBIT270219C00046000,IBIT,2027-02-19,C,46.0,0.0,0.0,0.0,0.0,0.0,431.0,0.0,0.0,0.0,0.0,0.0,0.0,0.0,0.0,0.0,0.0,0.0,no_change,4.17,2026-09-02T11:12:37,0.0,4.29999995231628,44.42,2026-09-03 13:44:14,2026-09-03 09:45:06
IBIT,IBIT270219C00047000,IBIT,2027-02-19,C,47.0,0.0,0.0,0.0,0.0,0.0,1955.0,0.0,0.0,0.0,0.0,0.0,0.0,0.0,0.0,0.0,0.0,0.0,down,3.92,2026-09-01T14:56:45,0.0,3.89999997615814,44.42,2026-09-03 13:44:14,2026-09-03 09:45:06
IBIT,IBIT270219C00050000,IBIT,2027-02-19,C,50.0,0.0,0.0,0.0,0.0,0.0,4342.0,0.0,0.0,0.0,0.0,0.0,0.0,0.0,0.0,0.0,0.0,0.0,down,2.81,2026-09-02T09:34:01,0.0,2.91500008106232,44.42,2026-09-03 13:44:14,2026-09-03 09:45:06
IBIT,IBIT270219C00055000,IBIT,2027-02-19,C,55.0,0.0,0.0,0.0,0.0,0.0,2727.0,0.0,0.0,0.0,0.0,0.0,0.0,0.0,0.0,0.0,0.0,0.0,no_change,1.85,2026-09-02T15:07:34,0.0,1.81999999284744,44.42,2026-09-03 13:44:14,2026-09-03 09:45:06
IBIT,IBIT270219C00060000,IBIT,2027-02-19,C,60.0,0.0,0.0,0.0,0.0,0.0,500.0,0.0,0.0,0.0,0.0,0.0,0.0,0.0,0.0,0.0,0.0,0.0,no_change,1.25,2026-09-01T13:11:19,0.0,1.18999999761581,44.42,2026-09-03 13:44:14,2026-09-03 09:45:06
IBIT,IBIT270219C00065000,IBIT,2027-02-19,C,65.0,0.0,0.0,0.0,0.0,0.0,814.0,0.0,0.0,0.0,0.0,0.0,0.0,0.0,0.0,0.0,0.0,0.0,up,0.83,2026-09-02T15:59:55,0.0,0.810000002384186,44.42,2026-09-03 13:44:14,2026-09-03 09:45:06
IBIT,IBIT270219P00020000,IBIT,2027-02-19,P,20.0,0.0,0.0,0.0,0.0,0.0,150.0,0.0,0.0,0.0,0.0,0.0,0.0,0.0,0.0,0.0,0.0,0.0,down,0.2,2026-09-02T10:11:57,0.0,0.21000000089407,44.42,2026-09-03 13:44:14,2026-09-03 09:45:06
IBIT,IBIT270219P00025000,IBIT,2027-02-19,P,25.0,0.0,0.0,0.0,0.0,0.0,301.0,0.0,0.0,0.0,0.0,0.0,0.0,0.0,0.0,0.0,0.0,0.0,down,0.35,2026-08-27T12:12:06,0.0,0.344999998807907,44.42,2026-09-03 13:44:14,2026-09-03 09:45:06
IBIT,IBIT270219P00027000,IBIT,2027-02-19,P,27.0,0.0,0.0,0.0,0.0,0.0,116.0,0.0,0.0,0.0,0.0,0.0,0.0,0.0,0.0,0.0,0.0,0.0,up,0.46,2026-09-02T13:15:23,0.0,0.439999997615814,44.42,2026-09-03 13:44:14,2026-09-03 09:45:06
IBIT,IBIT270219P00028000,IBIT,2027-02-19,P,28.0,0.0,0.0,0.0,0.0,0.0,114.0,0.0,0.0,0.0,0.0,0.0,0.0,0.0,0.0,0.0,0.0,0.0,down,0.49,2026-09-02T13:15:23,0.0,0.499999985098839,44.42,2026-09-03 13:44:14,2026-09-03 09:45:06
IBIT,IBIT270219P00029000,IBIT,2027-02-19,P,29.0,0.0,0.0,0.0,0.0,0.0,167.0,0.0,0.0,0.0,0.0,0.0,0.0,0.0,0.0,0.0,0.0,0.0,up,0.57,2026-09-02T13:15:30,0.0,0.569999992847443,44.42,2026-09-03 13:44:14,2026-09-03 09:45:06
IBIT,IBIT270219P00030000,IBIT,2027-02-19,P,30.0,0.0,0.0,0.0,0.0,0.0,455.0,0.0,0.0,0.0,0.0,0.0,0.0,0.0,0.0,0.0,0.0,0.0,down,0.63,2026-09-02T13:15:30,0.0,0.650000005960464,44.42,2026-09-03 13:44:14,2026-09-03 09:45:06
IBIT,IBIT270219P00031000,IBIT,2027-02-19,P,31.0,0.0,0.0,0.0,0.0,0.0,141.0,0.0,0.0,0.0,0.0,0.0,0.0,0.0,0.0,0.0,0.0,0.0,up,0.74,2026-08-28T09:53:17,0.0,0.75,44.42,2026-09-03 13:44:14,2026-09-03 09:45:06
IBIT,IBIT270219P00032000,IBIT,2027-02-19,P,32.0,0.0,0.0,0.0,0.0,0.0,244.0,0.0,0.0,0.0,0.0,0.0,0.0,0.0,0.0,0.0,0.0,0.0,down,0.81,2026-08-31T14:09:17,0.0,0.870000004768372,44.42,2026-09-03 13:44:14,2026-09-03 09:45:06
IBIT,IBIT270219P00033000,IBIT,2027-02-19,P,33.0,0.0,0.0,0.0,0.0,0.0,273.0,0.0,0.0,0.0,0.0,0.0,0.0,0.0,0.0,0.0,0.0,0.0,up,1.02,2026-09-02T13:15:49,0.0,1.0,44.42,2026-09-03 13:44:14,2026-09-03 09:45:06
IBIT,IBIT270219P00034000,IBIT,2027-02-19,P,34.0,0.0,0.0,0.0,0.0,0.0,571.0,0.0,0.0,0.0,0.0,0.0,0.0,0.0,0.0,0.0,0.0,0.0,up,1.15,2026-09-02T13:15:49,0.0,1.1700000166893,44.42,2026-09-03 13:44:14,2026-09-03 09:45:06
IBIT,IBIT270219P00035000,IBIT,2027-02-19,P,35.0,0.0,0.0,0.0,0.0,0.0,740.0,0.0,0.0,0.0,0.0,0.0,0.0,0.0,0.0,0.0,0.0,0.0,no_change,1.37,2026-09-02T13:19:30,0.0,1.35000002384186,44.42,2026-09-03 13:44:14,2026-09-03 09:45:06
IBIT,IBIT270219P00036000,IBIT,2027-02-19,P,36.0,0.0,0.0,0.0,0.0,0.0,724.0,0.0,0.0,0.0,0.0,0.0,0.0,0.0,0.0,0.0,0.0,0.0,up,1.57,2026-09-02T13:43:49,0.0,1.56499999761581,44.42,2026-09-03 13:44:14,2026-09-03 09:45:06
IBIT,IBIT270219P00037000,IBIT,2027-02-19,P,37.0,0.0,0.0,0.0,0.0,0.0,304.0,0.0,0.0,0.0,0.0,0.0,0.0,0.0,0.0,0.0,0.0,0.0,down,1.8,2026-09-02T15:01:30,0.0,1.81499999761581,44.42,2026-09-03 13:44:14,2026-09-03 09:45:06
IBIT,IBIT270219P00038000,IBIT,2027-02-19,P,38.0,0.0,0.0,0.0,0.0,0.0,1129.0,0.0,0.0,0.0,0.0,0.0,0.0,0.0,0.0,0.0,0.0,0.0,no_change,2.12,2026-09-02T15:57:55,0.0,2.10000002384186,44.42,2026-09-03 13:44:14,2026-09-03 09:45:06
IBIT,IBIT270219P00039000,IBIT,2027-02-19,P,39.0,0.0,0.0,0.0,0.0,0.0,190.0,0.0,0.0,0.0,0.0,0.0,0.0,0.0,0.0,0.0,0.0,0.0,down,2.44,2026-09-02T10:34:32,0.0,2.42000007629395,44.42,2026-09-03 13:44:14,2026-09-03 09:45:06
IBIT,IBIT270219P00040000,IBIT,2027-02-19,P,40.0,0.0,0.0,0.0,0.0,0.0,1483.0,0.0,0.0,0.0,0.0,0.0,0.0,0.0,0.0,0.0,0.0,0.0,down,2.79,2026-09-02T10:29:51,0.0,2.77499997615814,44.42,2026-09-03 13:44:14,2026-09-03 09:45:06
IBIT,IBIT270219P00041000,IBIT,2027-02-19,P,41.0,0.0,0.0,0.0,0.0,0.0,208.0,0.0,0.0,0.0,0.0,0.0,0.0,0.0,0.0,0.0,0.0,0.0,down,3.15,2026-09-02T15:47:55,0.0,3.14999997615814,44.42,2026-09-03 13:44:14,2026-09-03 09:45:06
IBIT,IBIT270219P00042000,IBIT,2027-02-19,P,42.0,0.0,0.0,0.0,0.0,0.0,155.0,0.0,0.0,0.0,0.0,0.0,0.0,0.0,0.0,0.0,0.0,0.0,no_change,3.58,2026-09-02T14:56:28,0.0,3.60000002384186,44.42,2026-09-03 13:44:14,2026-09-03 09:45:06
IBIT,IBIT270219P00043000,IBIT,2027-02-19,P,43.0,0.0,0.0,0.0,0.0,0.0,89.0,0.0,0.0,0.0,0.0,0.0,0.0,0.0,0.0,0.0,0.0,0.0,no_change,4.03,2026-09-02T12:45:22,0.0,4.07500004768372,44.42,2026-09-03 13:44:14,2026-09-03 09:45:06
IBIT,IBIT270219P00044000,IBIT,2027-02-19,P,44.0,0.0,0.0,0.0,0.0,0.0,64.0,0.0,0.0,0.0,0.0,0.0,0.0,0.0,0.0,0.0,0.0,0.0,up,4.6,2026-09-02T10:12:16,0.0,4.57500004768372,44.42,2026-09-03 13:44:14,2026-09-03 09:45:06
IBIT,IBIT270219P00045000,IBIT,2027-02-19,P,45.0,0.0,0.0,0.0,0.0,0.0,157.0,0.0,0.0,0.0,0.0,0.0,0.0,0.0,0.0,0.0,0.0,0.0,down,5.05,2026-09-02T14:29:29,0.0,5.10000014305115,44.42,2026-09-03 13:44:14,2026-09-03 09:45:06
IBIT,IBIT270219P00046000,IBIT,2027-02-19,P,46.0,0.0,0.0,0.0,0.0,0.0,114.0,0.0,0.0,0.0,0.0,0.0,0.0,0.0,0.0,0.0,0.0,0.0,down,5.65,2026-09-02T15:15:31,0.0,5.67499995231628,44.42,2026-09-03 13:44:14,2026-09-03 09:45:06
IBIT,IBIT270219P00047000,IBIT,2027-02-19,P,47.0,0.0,0.0,0.0,0.0,0.0,764.0,0.0,0.0,0.0,0.0,0.0,0.0,0.0,0.0,0.0,0.0,0.0,no_change,6.35,2026-09-02T11:50:44,0.0,6.27499985694885,44.42,2026-09-03 13:44:14,2026-09-03 09:45:06
IBIT,IBIT270219P00050000,IBIT,2027-02-19,P,50.0,0.0,0.0,0.0,0.0,0.0,37.0,0.0,0.0,0.0,0.0,0.0,0.0,0.0,0.0,0.0,0.0,0.0,down,8.0,2026-08-31T11:11:46,0.0,8.2999997138977,44.42,2026-09-03 13:44:14,2026-09-03 09:45:06
IBIT,IBIT270219P00055000,IBIT,2027-02-19,P,55.0,0.0,0.0,0.0,0.0,0.0,2.0,0.0,0.0,0.0,0.0,0.0,0.0,0.0,0.0,0.0,0.0,0.0,down,12.2,2026-08-28T15:08:55,0.0,12.2249999046326,44.42,2026-09-03 13:44:14,2026-09-03 09:45:06
IBIT,IBIT270219P00060000,IBIT,2027-02-19,P,60.0,0.0,0.0,0.0,0.0,0.0,0.0,0.0,0.0,0.0,0.0,0.0,0.0,0.0,0.0,0.0,0.0,0.0,no_change,0.0,,0.0,16.6500005722046,44.42,2026-09-03 13:44:14,2026-09-03 09:45:06
IBIT,IBIT270219P00065000,IBIT,2027-02-19,P,65.0,0.0,0.0,0.0,0.0,0.0,1.0,0.0,0.0,0.0,0.0,0.0,0.0,0.0,0.0,0.0,0.0,0.0,down,21.1,2026-08-31T10:27:07,0.0,21.375,44.42,2026-09-03 13:44:14,2026-09-03 09:45:06
IBIT,IBIT270319C00001000,IBIT,2027-03-19,C,1.0,0.0,0.0,0.0,0.0,0.0,2971.0,0.0,0.0,0.0,0.0,0.0,0.0,0.0,0.0,0.0,0.0,0.0,up,34.78,2026-07-28T09:34:54,0.0,42.0499992370606,44.42,2026-09-03 13:44:14,2026-09-03 09:45:06
IBIT,IBIT270319C00002000,IBIT,2027-03-19,C,2.0,0.0,0.0,0.0,0.0,0.0,8.0,0.0,0.0,0.0,0.0,0.0,0.0,0.0,0.0,0.0,0.0,0.0,up,42.92,2026-08-25T11:25:52,0.0,41.7000007629394,44.42,2026-09-03 13:44:14,2026-09-03 09:45:06
IBIT,IBIT270319C00003000,IBIT,2027-03-19,C,3.0,0.0,0.0,0.0,0.0,0.0,2.0,0.0,0.0,0.0,0.0,0.0,0.0,0.0,0.0,0.0,0.0,0.0,up,33.82,2026-07-27T15:19:20,0.0,40.9250011444092,44.42,2026-09-03 13:44:14,2026-09-03 09:45:06
IBIT,IBIT270319C00004000,IBIT,2027-03-19,C,4.0,0.0,0.0,0.0,0.0,0.0,0.0,0.0,0.0,0.0,0.0,0.0,0.0,0.0,0.0,0.0,0.0,0.0,no_change,0.0,,0.0,39.7999992370606,44.42,2026-09-03 13:44:14,2026-09-03 09:45:06
IBIT,IBIT270319C00005000,IBIT,2027-03-19,C,5.0,0.0,0.0,0.0,0.0,0.0,19.0,0.0,0.0,0.0,0.0,0.0,0.0,0.0,0.0,0.0,0.0,0.0,no_change,30.43,2026-06-10T14:06:28,0.0,38.875,44.42,2026-09-03 13:44:14,2026-09-03 09:45:06
IBIT,IBIT270319C00006000,IBIT,2027-03-19,C,6.0,0.0,0.0,0.0,0.0,0.0,0.0,0.0,0.0,0.0,0.0,0.0,0.0,0.0,0.0,0.0,0.0,0.0,no_change,0.0,,0.0,37.8249988555908,44.42,2026-09-03 13:44:14,2026-09-03 09:45:06
IBIT,IBIT270319C00007000,IBIT,2027-03-19,C,7.0,0.0,0.0,0.0,0.0,0.0,0.0,0.0,0.0,0.0,0.0,0.0,0.0,0.0,0.0,0.0,0.0,0.0,no_change,0.0,,0.0,36.9750003814697,44.42,2026-09-03 13:44:14,2026-09-03 09:45:06
IBIT,IBIT270319C00008000,IBIT,2027-03-19,C,8.0,0.0,0.0,0.0,0.0,0.0,0.0,0.0,0.0,0.0,0.0,0.0,0.0,0.0,0.0,0.0,0.0,0.0,no_change,0.0,,0.0,35.9000015258789,44.42,2026-09-03 13:44:14,2026-09-03 09:45:06
IBIT,IBIT270319C00009000,IBIT,2027-03-19,C,9.0,0.0,0.0,0.0,0.0,0.0,0.0,0.0,0.0,0.0,0.0,0.0,0.0,0.0,0.0,0.0,0.0,0.0,no_change,0.0,,0.0,34.8999996185303,44.42,2026-09-03 13:44:14,2026-09-03 09:45:06
IBIT,IBIT270319C00010000,IBIT,2027-03-19,C,10.0,0.0,0.0,0.0,0.0,0.0,4.0,0.0,0.0,0.0,0.0,0.0,0.0,0.0,0.0,0.0,0.0,0.0,down,27.14,2026-08-10T10:36:55,0.0,34.0,44.42,2026-09-03 13:44:14,2026-09-03 09:45:06
IBIT,IBIT270319C00011000,IBIT,2027-03-19,C,11.0,0.0,0.0,0.0,0.0,0.0,0.0,0.0,0.0,0.0,0.0,0.0,0.0,0.0,0.0,0.0,0.0,0.0,no_change,0.0,,0.0,33.1000003814697,44.42,2026-09-03 13:44:14,2026-09-03 09:45:06
IBIT,IBIT270319C00012000,IBIT,2027-03-19,C,12.0,0.0,0.0,0.0,0.0,0.0,0.0,0.0,0.0,0.0,0.0,0.0,0.0,0.0,0.0,0.0,0.0,0.0,no_change,0.0,,0.0,32.0750007629394,44.42,2026-09-03 13:44:14,2026-09-03 09:45:06
IBIT,IBIT270319C00013000,IBIT,2027-03-19,C,13.0,0.0,0.0,0.0,0.0,0.0,0.0,0.0,0.0,0.0,0.0,0.0,0.0,0.0,0.0,0.0,0.0,0.0,no_change,0.0,,0.0,31.1750001907349,44.42,2026-09-03 13:44:14,2026-09-03 09:45:06
IBIT,IBIT270319C00014000,IBIT,2027-03-19,C,14.0,0.0,0.0,0.0,0.0,0.0,0.0,0.0,0.0,0.0,0.0,0.0,0.0,0.0,0.0,0.0,0.0,0.0,no_change,0.0,,0.0,30.1500005722046,44.42,2026-09-03 13:44:14,2026-09-03 09:45:06
IBIT,IBIT270319C00015000,IBIT,2027-03-19,C,15.0,0.0,0.0,0.0,0.0,0.0,1.0,0.0,0.0,0.0,0.0,0.0,0.0,0.0,0.0,0.0,0.0,0.0,no_change,0.0,,0.0,29.1500005722046,44.42,2026-09-03 13:44:14,2026-09-03 09:45:06
IBIT,IBIT270319C00016000,IBIT,2027-03-19,C,16.0,0.0,0.0,0.0,0.0,0.0,0.0,0.0,0.0,0.0,0.0,0.0,0.0,0.0,0.0,0.0,0.0,0.0,no_change,0.0,,0.0,28.1750001907349,44.42,2026-09-03 13:44:14,2026-09-03 09:45:06
IBIT,IBIT270319C00017000,IBIT,2027-03-19,C,17.0,0.0,0.0,0.0,0.0,0.0,11.0,0.0,0.0,0.0,0.0,0.0,0.0,0.0,0.0,0.0,0.0,0.0,down,21.06,2026-07-20T12:15:57,0.0,27.2249994277954,44.42,2026-09-03 13:44:14,2026-09-03 09:45:06
IBIT,IBIT270319C00018000,IBIT,2027-03-19,C,18.0,0.0,0.0,0.0,0.0,0.0,1.0,0.0,0.0,0.0,0.0,0.0,0.0,0.0,0.0,0.0,0.0,0.0,no_change,17.22,2026-06-26T13:03:39,0.0,26.2250003814697,44.42,2026-09-03 13:44:14,2026-09-03 09:45:06
IBIT,IBIT270319C00019000,IBIT,2027-03-19,C,19.0,0.0,0.0,0.0,0.0,0.0,1.0,0.0,0.0,0.0,0.0,0.0,0.0,0.0,0.0,0.0,0.0,0.0,up,26.4,2026-08-25T14:57:43,0.0,25.3249998092651,44.42,2026-09-03 13:44:14,2026-09-03 09:45:06
IBIT,IBIT270319C00020000,IBIT,2027-03-19,C,20.0,0.0,0.0,0.0,0.0,0.0,124.0,0.0,0.0,0.0,0.0,0.0,0.0,0.0,0.0,0.0,0.0,0.0,down,25.5,2026-08-31T15:52:04,0.0,24.3499994277954,44.42,2026-09-03 13:44:14,2026-09-03 09:45:06
IBIT,IBIT270319C00021000,IBIT,2027-03-19,C,21.0,0.0,0.0,0.0,0.0,0.0,10.0,0.0,0.0,0.0,0.0,0.0,0.0,0.0,0.0,0.0,0.0,0.0,no_change,16.32,2026-08-10T15:13:45,0.0,23.4750003814697,44.42,2026-09-03 13:44:14,2026-09-03 09:45:06
IBIT,IBIT270319C00022000,IBIT,2027-03-19,C,22.0,0.0,0.0,0.0,0.0,0.0,5.0,0.0,0.0,0.0,0.0,0.0,0.0,0.0,0.0,0.0,0.0,0.0,up,22.65,2026-08-28T14:47:19,0.0,22.5750007629395,44.42,2026-09-03 13:44:14,2026-09-03 09:45:06
IBIT,IBIT270319C00023000,IBIT,2027-03-19,C,23.0,0.0,0.0,0.0,0.0,0.0,5.0,0.0,0.0,0.0,0.0,0.0,0.0,0.0,0.0,0.0,0.0,0.0,up,21.35,2026-08-21T09:31:13,0.0,21.6499996185303,44.42,2026-09-03 13:44:14,2026-09-03 09:45:06
IBIT,IBIT270319C00024000,IBIT,2027-03-19,C,24.0,0.0,0.0,0.0,0.0,0.0,7.0,0.0,0.0,0.0,0.0,0.0,0.0,0.0,0.0,0.0,0.0,0.0,up,20.65,2026-08-21T10:03:02,0.0,20.7250003814697,44.42,2026-09-03 13:44:14,2026-09-03 09:45:06
IBIT,IBIT270319C00025000,IBIT,2027-03-19,C,25.0,0.0,0.0,0.0,0.0,0.0,406.0,0.0,0.0,0.0,0.0,0.0,0.0,0.0,0.0,0.0,0.0,0.0,down,19.75,2026-09-02T11:32:32,0.0,19.7749996185303,44.42,2026-09-03 13:44:14,2026-09-03 09:45:06
IBIT,IBIT270319C00026000,IBIT,2027-03-19,C,26.0,0.0,0.0,0.0,0.0,0.0,523.0,0.0,0.0,0.0,0.0,0.0,0.0,0.0,0.0,0.0,0.0,0.0,up,12.42,2026-08-18T11:27:13,0.0,18.875,44.42,2026-09-03 13:44:14,2026-09-03 09:45:06
IBIT,IBIT270319C00027000,IBIT,2027-03-19,C,27.0,0.0,0.0,0.0,0.0,0.0,135.0,0.0,0.0,0.0,0.0,0.0,0.0,0.0,0.0,0.0,0.0,0.0,up,18.83,2026-08-24T09:59:07,0.0,17.9750003814697,44.42,2026-09-03 13:44:14,2026-09-03 09:45:06
IBIT,IBIT270319C00028000,IBIT,2027-03-19,C,28.0,0.0,0.0,0.0,0.0,0.0,22.0,0.0,0.0,0.0,0.0,0.0,0.0,0.0,0.0,0.0,0.0,0.0,up,17.2,2026-08-21T12:05:15,0.0,17.0750007629395,44.42,2026-09-03 13:44:14,2026-09-03 09:45:06
IBIT,IBIT270319C00029000,IBIT,2027-03-19,C,29.0,0.0,0.0,0.0,0.0,0.0,33.0,0.0,0.0,0.0,0.0,0.0,0.0,0.0,0.0,0.0,0.0,0.0,down,17.05,2026-08-26T15:57:12,0.0,16.1749992370605,44.42,2026-09-03 13:44:14,2026-09-03 09:45:06
IBIT,IBIT270319C00030000,IBIT,2027-03-19,C,30.0,0.0,0.0,0.0,0.0,0.0,354.0,0.0,0.0,0.0,0.0,0.0,0.0,0.0,0.0,0.0,0.0,0.0,down,15.0,2026-09-02T09:40:17,0.0,15.2749996185303,44.42,2026-09-03 13:44:14,2026-09-03 09:45:06
IBIT,IBIT270319C00031000,IBIT,2027-03-19,C,31.0,0.0,0.0,0.0,0.0,0.0,32.0,0.0,0.0,0.0,0.0,0.0,0.0,0.0,0.0,0.0,0.0,0.0,up,16.2,2026-08-27T15:43:47,0.0,14.4250001907349,44.42,2026-09-03 13:44:14,2026-09-03 09:45:06
IBIT,IBIT270319C00032000,IBIT,2027-03-19,C,32.0,0.0,0.0,0.0,0.0,0.0,327.0,0.0,0.0,0.0,0.0,0.0,0.0,0.0,0.0,0.0,0.0,0.0,down,13.65,2026-09-02T10:27:53,0.0,13.5999999046326,44.42,2026-09-03 13:44:14,2026-09-03 09:45:06
IBIT,IBIT270319C00033000,IBIT,2027-03-19,C,33.0,0.0,0.0,0.0,0.0,0.0,311.0,0.0,0.0,0.0,0.0,0.0,0.0,0.0,0.0,0.0,0.0,0.0,no_change,13.53,2026-08-26T10:38:33,0.0,12.7749996185303,44.42,2026-09-03 13:44:14,2026-09-03 09:45:06
IBIT,IBIT270319C00034000,IBIT,2027-03-19,C,34.0,0.0,0.0,0.0,0.0,0.0,151.0,0.0,0.0,0.0,0.0,0.0,0.0,0.0,0.0,0.0,0.0,0.0,up,12.01,2026-09-02T15:43:17,0.0,11.9750003814697,44.42,2026-09-03 13:44:14,2026-09-03 09:45:06
IBIT,IBIT270319C00035000,IBIT,2027-03-19,C,35.0,0.0,0.0,0.0,0.0,0.0,439.0,0.0,0.0,0.0,0.0,0.0,0.0,0.0,0.0,0.0,0.0,0.0,down,11.14,2026-09-02T11:08:54,0.0,11.25,44.42,2026-09-03 13:44:14,2026-09-03 09:45:06
IBIT,IBIT270319C00036000,IBIT,2027-03-19,C,36.0,0.0,0.0,0.0,0.0,0.0,568.0,0.0,0.0,0.0,0.0,0.0,0.0,0.0,0.0,0.0,0.0,0.0,no_change,10.5,2026-09-02T15:26:01,0.0,10.5,44.42,2026-09-03 13:44:14,2026-09-03 09:45:06
IBIT,IBIT270319C00037000,IBIT,2027-03-19,C,37.0,0.0,0.0,0.0,0.0,0.0,164.0,0.0,0.0,0.0,0.0,0.0,0.0,0.0,0.0,0.0,0.0,0.0,up,9.88,2026-09-02T14:38:02,0.0,9.7999997138977,44.42,2026-09-03 13:44:14,2026-09-03 09:45:06
IBIT,IBIT270319C00038000,IBIT,2027-03-19,C,38.0,0.0,0.0,0.0,0.0,0.0,1217.0,0.0,0.0,0.0,0.0,0.0,0.0,0.0,0.0,0.0,0.0,0.0,up,9.12,2026-09-02T15:52:32,0.0,9.09999990463257,44.42,2026-09-03 13:44:14,2026-09-03 09:45:06
IBIT,IBIT270319C00039000,IBIT,2027-03-19,C,39.0,0.0,0.0,0.0,0.0,0.0,657.0,0.0,0.0,0.0,0.0,0.0,0.0,0.0,0.0,0.0,0.0,0.0,down,8.5,2026-09-02T10:18:08,0.0,8.4500002861023,44.42,2026-09-03 13:44:14,2026-09-03 09:45:06
IBIT,IBIT270319C00040000,IBIT,2027-03-19,C,40.0,0.0,0.0,0.0,0.0,0.0,24173.0,0.0,0.0,0.0,0.0,0.0,0.0,0.0,0.0,0.0,0.0,0.0,down,7.85,2026-09-02T15:26:09,0.0,7.84999990463257,44.42,2026-09-03 13:44:14,2026-09-03 09:45:06
IBIT,IBIT270319C00041000,IBIT,2027-03-19,C,41.0,0.0,0.0,0.0,0.0,0.0,427.0,0.0,0.0,0.0,0.0,0.0,0.0,0.0,0.0,0.0,0.0,0.0,down,7.3,2026-09-01T15:58:22,0.0,7.27499985694885,44.42,2026-09-03 13:44:14,2026-09-03 09:45:06
IBIT,IBIT270319C00042000,IBIT,2027-03-19,C,42.0,0.0,0.0,0.0,0.0,0.0,1152.0,0.0,0.0,0.0,0.0,0.0,0.0,0.0,0.0,0.0,0.0,0.0,down,6.75,2026-09-02T11:49:31,0.0,6.72500014305115,44.42,2026-09-03 13:44:14,2026-09-03 09:45:06
IBIT,IBIT270319C00043000,IBIT,2027-03-19,C,43.0,0.0,0.0,0.0,0.0,0.0,2582.0,0.0,0.0,0.0,0.0,0.0,0.0,0.0,0.0,0.0,0.0,0.0,up,6.27,2026-09-02T12:41:19,0.0,6.20000004768372,44.42,2026-09-03 13:44:14,2026-09-03 09:45:06
IBIT,IBIT270319C00044000,IBIT,2027-03-19,C,44.0,0.0,0.0,0.0,0.0,0.0,975.0,0.0,0.0,0.0,0.0,0.0,0.0,0.0,0.0,0.0,0.0,0.0,down,5.74,2026-09-02T15:09:12,0.0,5.70000004768372,44.42,2026-09-03 13:44:14,2026-09-03 09:45:06
IBIT,IBIT270319C00045000,IBIT,2027-03-19,C,45.0,0.0,0.0,0.0,0.0,0.0,10836.0,0.0,0.0,0.0,0.0,0.0,0.0,0.0,0.0,0.0,0.0,0.0,down,5.27,2026-09-02T15:46:10,0.0,5.25,44.42,2026-09-03 13:44:14,2026-09-03 09:45:06
IBIT,IBIT270319C00046000,IBIT,2027-03-19,C,46.0,0.0,0.0,0.0,0.0,0.0,2042.0,0.0,0.0,0.0,0.0,0.0,0.0,0.0,0.0,0.0,0.0,0.0,no_change,4.76,2026-09-01T14:38:32,0.0,4.85000014305115,44.42,2026-09-03 13:44:14,2026-09-03 09:45:06
IBIT,IBIT270319C00047000,IBIT,2027-03-19,C,47.0,0.0,0.0,0.0,0.0,0.0,1534.0,0.0,0.0,0.0,0.0,0.0,0.0,0.0,0.0,0.0,0.0,0.0,down,4.45,2026-09-02T12:01:25,0.0,4.45000004768372,44.42,2026-09-03 13:44:14,2026-09-03 09:45:06
IBIT,IBIT270319C00048000,IBIT,2027-03-19,C,48.0,0.0,0.0,0.0,0.0,0.0,1638.0,0.0,0.0,0.0,0.0,0.0,0.0,0.0,0.0,0.0,0.0,0.0,down,4.05,2026-09-02T11:49:31,0.0,4.04999995231628,44.42,2026-09-03 13:44:14,2026-09-03 09:45:06
IBIT,IBIT270319C00049000,IBIT,2027-03-19,C,49.0,0.0,0.0,0.0,0.0,0.0,918.0,0.0,0.0,0.0,0.0,0.0,0.0,0.0,0.0,0.0,0.0,0.0,down,3.95,2026-09-01T09:39:42,0.0,3.75,44.42,2026-09-03 13:44:14,2026-09-03 09:45:06
IBIT,IBIT270319C00050000,IBIT,2027-03-19,C,50.0,0.0,0.0,0.0,0.0,0.0,17229.0,0.0,0.0,0.0,0.0,0.0,0.0,0.0,0.0,0.0,0.0,0.0,down,3.45,2026-09-02T15:52:32,0.0,3.45000004768372,44.42,2026-09-03 13:44:14,2026-09-03 09:45:06
IBIT,IBIT270319C00051000,IBIT,2027-03-19,C,51.0,0.0,0.0,0.0,0.0,0.0,1273.0,0.0,0.0,0.0,0.0,0.0,0.0,0.0,0.0,0.0,0.0,0.0,down,3.2,2026-09-02T12:15:42,0.0,3.14999997615814,44.42,2026-09-03 13:44:14,2026-09-03 09:45:06
IBIT,IBIT270319C00052000,IBIT,2027-03-19,C,52.0,0.0,0.0,0.0,0.0,0.0,1682.0,0.0,0.0,0.0,0.0,0.0,0.0,0.0,0.0,0.0,0.0,0.0,no_change,3.25,2026-09-01T10:07:24,0.0,2.88999998569488,44.42,2026-09-03 13:44:14,2026-09-03 09:45:06
IBIT,IBIT270319C00053000,IBIT,2027-03-19,C,53.0,0.0,0.0,0.0,0.0,0.0,923.0,0.0,0.0,0.0,0.0,0.0,0.0,0.0,0.0,0.0,0.0,0.0,up,2.72,2026-09-01T15:53:41,0.0,2.65500009059906,44.42,2026-09-03 13:44:14,2026-09-03 09:45:06
IBIT,IBIT270319C00054000,IBIT,2027-03-19,C,54.0,0.0,0.0,0.0,0.0,0.0,905.0,0.0,0.0,0.0,0.0,0.0,0.0,0.0,0.0,0.0,0.0,0.0,down,2.55,2026-09-01T13:25:35,0.0,2.44500005245209,44.42,2026-09-03 13:44:14,2026-09-03 09:45:06
IBIT,IBIT270319C00055000,IBIT,2027-03-19,C,55.0,0.0,0.0,0.0,0.0,0.0,9211.0,0.0,0.0,0.0,0.0,0.0,0.0,0.0,0.0,0.0,0.0,0.0,down,2.23,2026-09-02T13:04:54,0.0,2.25499999523163,44.42,2026-09-03 13:44:14,2026-09-03 09:45:06
IBIT,IBIT270319C00056000,IBIT,2027-03-19,C,56.0,0.0,0.0,0.0,0.0,0.0,424.0,0.0,0.0,0.0,0.0,0.0,0.0,0.0,0.0,0.0,0.0,0.0,down,2.09,2026-09-02T11:45:56,0.0,2.07499992847443,44.42,2026-09-03 13:44:14,2026-09-03 09:45:06
IBIT,IBIT270319C00057000,IBIT,2027-03-19,C,57.0,0.0,0.0,0.0,0.0,0.0,1234.0,0.0,0.0,0.0,0.0,0.0,0.0,0.0,0.0,0.0,0.0,0.0,up,1.91,2026-09-02T11:24:25,0.0,1.9200000166893,44.42,2026-09-03 13:44:14,2026-09-03 09:45:06
IBIT,IBIT270319C00058000,IBIT,2027-03-19,C,58.0,0.0,0.0,0.0,0.0,0.0,161.0,0.0,0.0,0.0,0.0,0.0,0.0,0.0,0.0,0.0,0.0,0.0,down,1.96,2026-09-01T11:48:21,0.0,1.77499997615814,44.42,2026-09-03 13:44:14,2026-09-03 09:45:06
IBIT,IBIT270319C00059000,IBIT,2027-03-19,C,59.0,0.0,0.0,0.0,0.0,0.0,167.0,0.0,0.0,0.0,0.0,0.0,0.0,0.0,0.0,0.0,0.0,0.0,down,1.61,2026-09-02T13:18:16,0.0,1.64499998092651,44.42,2026-09-03 13:44:14,2026-09-03 09:45:06
IBIT,IBIT270319C00060000,IBIT,2027-03-19,C,60.0,0.0,0.0,0.0,0.0,0.0,6108.0,0.0,0.0,0.0,0.0,0.0,0.0,0.0,0.0,0.0,0.0,0.0,up,1.53,2026-09-02T15:34:02,0.0,1.52499997615814,44.42,2026-09-03 13:44:14,2026-09-03 09:45:06
IBIT,IBIT270319C00061000,IBIT,2027-03-19,C,61.0,0.0,0.0,0.0,0.0,0.0,371.0,0.0,0.0,0.0,0.0,0.0,0.0,0.0,0.0,0.0,0.0,0.0,down,1.67,2026-08-28T13:29:16,0.0,1.41500002145767,44.42,2026-09-03 13:44:14,2026-09-03 09:45:06
IBIT,IBIT270319C00062000,IBIT,2027-03-19,C,62.0,0.0,0.0,0.0,0.0,0.0,20533.0,0.0,0.0,0.0,0.0,0.0,0.0,0.0,0.0,0.0,0.0,0.0,no_change,1.31,2026-09-02T12:02:59,0.0,1.31499999761581,44.42,2026-09-03 13:44:14,2026-09-03 09:45:06
IBIT,IBIT270319C00063000,IBIT,2027-03-19,C,63.0,0.0,0.0,0.0,0.0,0.0,418.0,0.0,0.0,0.0,0.0,0.0,0.0,0.0,0.0,0.0,0.0,0.0,no_change,1.51,2026-08-31T14:39:45,0.0,1.22500002384186,44.42,2026-09-03 13:44:14,2026-09-03 09:45:06
IBIT,IBIT270319C00064000,IBIT,2027-03-19,C,64.0,0.0,0.0,0.0,0.0,0.0,2731.0,0.0,0.0,0.0,0.0,0.0,0.0,0.0,0.0,0.0,0.0,0.0,down,1.13,2026-09-02T15:59:50,0.0,1.14499998092651,44.42,2026-09-03 13:44:14,2026-09-03 09:45:06
IBIT,IBIT270319C00065000,IBIT,2027-03-19,C,65.0,0.0,0.0,0.0,0.0,0.0,24264.0,0.0,0.0,0.0,0.0,0.0,0.0,0.0,0.0,0.0,0.0,0.0,down,1.04,2026-09-02T13:19:06,0.0,1.06999999284744,44.42,2026-09-03 13:44:14,2026-09-03 09:45:06
IBIT,IBIT270319C00066000,IBIT,2027-03-19,C,66.0,0.0,0.0,0.0,0.0,0.0,253.0,0.0,0.0,0.0,0.0,0.0,0.0,0.0,0.0,0.0,0.0,0.0,no_change,1.01,2026-09-02T10:06:35,0.0,1.0,44.42,2026-09-03 13:44:14,2026-09-03 09:45:06
IBIT,IBIT270319C00067000,IBIT,2027-03-19,C,67.0,0.0,0.0,0.0,0.0,0.0,554.0,0.0,0.0,0.0,0.0,0.0,0.0,0.0,0.0,0.0,0.0,0.0,down,1.11,2026-09-01T10:13:20,0.0,0.939999997615814,44.42,2026-09-03 13:44:14,2026-09-03 09:45:06
IBIT,IBIT270319C00068000,IBIT,2027-03-19,C,68.0,0.0,0.0,0.0,0.0,0.0,123.0,0.0,0.0,0.0,0.0,0.0,0.0,0.0,0.0,0.0,0.0,0.0,down,0.86,2026-09-02T13:17:38,0.0,0.879999995231628,44.42,2026-09-03 13:44:14,2026-09-03 09:45:06
IBIT,IBIT270319C00069000,IBIT,2027-03-19,C,69.0,0.0,0.0,0.0,0.0,0.0,461.0,0.0,0.0,0.0,0.0,0.0,0.0,0.0,0.0,0.0,0.0,0.0,down,0.83,2026-09-02T13:17:38,0.0,0.830000013113022,44.42,2026-09-03 13:44:14,2026-09-03 09:45:06
IBIT,IBIT270319C00070000,IBIT,2027-03-19,C,70.0,0.0,0.0,0.0,0.0,0.0,2472.0,0.0,0.0,0.0,0.0,0.0,0.0,0.0,0.0,0.0,0.0,0.0,down,0.76,2026-09-02T13:17:30,0.0,0.775000005960464,44.42,2026-09-03 13:44:14,2026-09-03 09:45:06
IBIT,IBIT270319C00071000,IBIT,2027-03-19,C,71.0,0.0,0.0,0.0,0.0,0.0,434.0,0.0,0.0,0.0,0.0,0.0,0.0,0.0,0.0,0.0,0.0,0.0,down,0.74,2026-09-02T13:17:30,0.0,0.729999989271164,44.42,2026-09-03 13:44:14,2026-09-03 09:45:06
IBIT,IBIT270319C00072000,IBIT,2027-03-19,C,72.0,0.0,0.0,0.0,0.0,0.0,70.0,0.0,0.0,0.0,0.0,0.0,0.0,0.0,0.0,0.0,0.0,0.0,down,0.68,2026-09-02T13:17:24,0.0,0.689999997615814,44.42,2026-09-03 13:44:14,2026-09-03 09:45:06
IBIT,IBIT270319C00073000,IBIT,2027-03-19,C,73.0,0.0,0.0,0.0,0.0,0.0,142.0,0.0,0.0,0.0,0.0,0.0,0.0,0.0,0.0,0.0,0.0,0.0,down,0.67,2026-09-02T13:17:24,0.0,0.650000005960464,44.42,2026-09-03 13:44:14,2026-09-03 09:45:06
IBIT,IBIT270319C00074000,IBIT,2027-03-19,C,74.0,0.0,0.0,0.0,0.0,0.0,17.0,0.0,0.0,0.0,0.0,0.0,0.0,0.0,0.0,0.0,0.0,0.0,no_change,0.75,2026-09-01T10:19:23,0.0,0.620000004768372,44.42,2026-09-03 13:44:14,2026-09-03 09:45:06
IBIT,IBIT270319C00075000,IBIT,2027-03-19,C,75.0,0.0,0.0,0.0,0.0,0.0,16019.0,0.0,0.0,0.0,0.0,0.0,0.0,0.0,0.0,0.0,0.0,0.0,down,0.57,2026-09-02T14:48:23,0.0,0.590000003576279,44.42,2026-09-03 13:44:14,2026-09-03 09:45:06
IBIT,IBIT270319C00076000,IBIT,2027-03-19,C,76.0,0.0,0.0,0.0,0.0,0.0,30.0,0.0,0.0,0.0,0.0,0.0,0.0,0.0,0.0,0.0,0.0,0.0,down,0.55,2026-09-02T13:06:17,0.0,0.555000007152557,44.42,2026-09-03 13:44:14,2026-09-03 09:45:06
IBIT,IBIT270319C00077000,IBIT,2027-03-19,C,77.0,0.0,0.0,0.0,0.0,0.0,10283.0,0.0,0.0,0.0,0.0,0.0,0.0,0.0,0.0,0.0,0.0,0.0,no_change,0.63,2026-09-01T09:44:00,0.0,0.534999996423721,44.42,2026-09-03 13:44:14,2026-09-03 09:45:06
IBIT,IBIT270319C00078000,IBIT,2027-03-19,C,78.0,0.0,0.0,0.0,0.0,0.0,503.0,0.0,0.0,0.0,0.0,0.0,0.0,0.0,0.0,0.0,0.0,0.0,down,0.51,2026-09-01T14:59:57,0.0,0.509999990463257,44.42,2026-09-03 13:44:14,2026-09-03 09:45:06
IBIT,IBIT270319C00079000,IBIT,2027-03-19,C,79.0,0.0,0.0,0.0,0.0,0.0,152.0,0.0,0.0,0.0,0.0,0.0,0.0,0.0,0.0,0.0,0.0,0.0,down,0.54,2026-09-01T09:44:00,0.0,0.484999999403954,44.42,2026-09-03 13:44:14,2026-09-03 09:45:06
IBIT,IBIT270319C00080000,IBIT,2027-03-19,C,80.0,0.0,0.0,0.0,0.0,0.0,22924.0,0.0,0.0,0.0,0.0,0.0,0.0,0.0,0.0,0.0,0.0,0.0,up,0.47,2026-09-02T15:36:11,0.0,0.464999988675118,44.42,2026-09-03 13:44:14,2026-09-03 09:45:06
IBIT,IBIT270319C00081000,IBIT,2027-03-19,C,81.0,0.0,0.0,0.0,0.0,0.0,303.0,0.0,0.0,0.0,0.0,0.0,0.0,0.0,0.0,0.0,0.0,0.0,down,0.53,2026-08-28T14:05:19,0.0,0.439999997615814,44.42,2026-09-03 13:44:14,2026-09-03 09:45:06
IBIT,IBIT270319C00082000,IBIT,2027-03-19,C,82.0,0.0,0.0,0.0,0.0,0.0,322.0,0.0,0.0,0.0,0.0,0.0,0.0,0.0,0.0,0.0,0.0,0.0,down,0.4,2026-09-02T09:30:01,0.0,0.424999997019768,44.42,2026-09-03 13:44:14,2026-09-03 09:45:06
IBIT,IBIT270319C00085000,IBIT,2027-03-19,C,85.0,0.0,0.0,0.0,0.0,0.0,20009.0,0.0,0.0,0.0,0.0,0.0,0.0,0.0,0.0,0.0,0.0,0.0,down,0.42,2026-09-01T11:08:21,0.0,0.375,44.42,2026-09-03 13:44:14,2026-09-03 09:45:06
IBIT,IBIT270319C00090000,IBIT,2027-03-19,C,90.0,0.0,0.0,0.0,0.0,0.0,22723.0,0.0,0.0,0.0,0.0,0.0,0.0,0.0,0.0,0.0,0.0,0.0,no_change,0.3,2026-09-02T15:44:52,0.0,0.310000002384186,44.42,2026-09-03 13:44:14,2026-09-03 09:45:06
IBIT,IBIT270319P00001000,IBIT,2027-03-19,P,1.0,0.0,0.0,0.0,0.0,0.0,1.0,0.0,0.0,0.0,0.0,0.0,0.0,0.0,0.0,0.0,0.0,0.0,down,0.02,2026-04-14T15:33:57,0.0,0.025000000372529,44.42,2026-09-03 13:44:14,2026-09-03 09:45:06
IBIT,IBIT270319P00002000,IBIT,2027-03-19,P,2.0,0.0,0.0,0.0,0.0,0.0,1.0,0.0,0.0,0.0,0.0,0.0,0.0,0.0,0.0,0.0,0.0,0.0,down,0.02,2026-08-20T09:40:54,0.0,0.0199999995529652,44.42,2026-09-03 13:44:14,2026-09-03 09:45:06
IBIT,IBIT270319P00003000,IBIT,2027-03-19,P,3.0,0.0,0.0,0.0,0.0,0.0,0.0,0.0,0.0,0.0,0.0,0.0,0.0,0.0,0.0,0.0,0.0,0.0,down,0.03,2026-07-29T10:06:24,0.0,0.0300000002607703,44.42,2026-09-03 13:44:14,2026-09-03 09:45:06
IBIT,IBIT270319P00004000,IBIT,2027-03-19,P,4.0,0.0,0.0,0.0,0.0,0.0,3.0,0.0,0.0,0.0,0.0,0.0,0.0,0.0,0.0,0.0,0.0,0.0,no_change,0.04,2026-08-21T10:20:13,0.0,0.034999999217689,44.42,2026-09-03 13:44:14,2026-09-03 09:45:06
IBIT,IBIT270319P00005000,IBIT,2027-03-19,P,5.0,0.0,0.0,0.0,0.0,0.0,700.0,0.0,0.0,0.0,0.0,0.0,0.0,0.0,0.0,0.0,0.0,0.0,down,0.06,2026-08-14T10:11:00,0.0,0.0449999989941716,44.42,2026-09-03 13:44:14,2026-09-03 09:45:06
IBIT,IBIT270319P00006000,IBIT,2027-03-19,P,6.0,0.0,0.0,0.0,0.0,0.0,5.0,0.0,0.0,0.0,0.0,0.0,0.0,0.0,0.0,0.0,0.0,0.0,down,0.06,2026-08-28T13:29:08,0.0,0.0549999987706542,44.42,2026-09-03 13:44:14,2026-09-03 09:45:06
IBIT,IBIT270319P00007000,IBIT,2027-03-19,P,7.0,0.0,0.0,0.0,0.0,0.0,202.0,0.0,0.0,0.0,0.0,0.0,0.0,0.0,0.0,0.0,0.0,0.0,down,0.07,2026-08-28T13:29:48,0.0,0.0650000013411045,44.42,2026-09-03 13:44:14,2026-09-03 09:45:06
IBIT,IBIT270319P00008000,IBIT,2027-03-19,P,8.0,0.0,0.0,0.0,0.0,0.0,3338.0,0.0,0.0,0.0,0.0,0.0,0.0,0.0,0.0,0.0,0.0,0.0,down,0.07,2026-08-28T10:10:25,0.0,0.0800000000745058,44.42,2026-09-03 13:44:14,2026-09-03 09:45:06
IBIT,IBIT270319P00009000,IBIT,2027-03-19,P,9.0,0.0,0.0,0.0,0.0,0.0,13.0,0.0,0.0,0.0,0.0,0.0,0.0,0.0,0.0,0.0,0.0,0.0,down,0.08,2026-09-01T11:48:15,0.0,0.0899999998509884,44.42,2026-09-03 13:44:14,2026-09-03 09:45:06
IBIT,IBIT270319P00010000,IBIT,2027-03-19,P,10.0,0.0,0.0,0.0,0.0,0.0,158.0,0.0,0.0,0.0,0.0,0.0,0.0,0.0,0.0,0.0,0.0,0.0,up,0.13,2026-08-28T10:10:25,0.0,0.0999999977648258,44.42,2026-09-03 13:44:14,2026-09-03 09:45:06
IBIT,IBIT270319P00011000,IBIT,2027-03-19,P,11.0,0.0,0.0,0.0,0.0,0.0,106.0,0.0,0.0,0.0,0.0,0.0,0.0,0.0,0.0,0.0,0.0,0.0,up,0.13,2026-09-01T11:48:15,0.0,0.115000002086163,44.42,2026-09-03 13:44:14,2026-09-03 09:45:06
IBIT,IBIT270319P00012000,IBIT,2027-03-19,P,12.0,0.0,0.0,0.0,0.0,0.0,3.0,0.0,0.0,0.0,0.0,0.0,0.0,0.0,0.0,0.0,0.0,0.0,up,0.15,2026-08-28T13:29:48,0.0,0.12500000372529,44.42,2026-09-03 13:44:14,2026-09-03 09:45:06
IBIT,IBIT270319P00013000,IBIT,2027-03-19,P,13.0,0.0,0.0,0.0,0.0,0.0,408.0,0.0,0.0,0.0,0.0,0.0,0.0,0.0,0.0,0.0,0.0,0.0,up,0.17,2026-08-28T13:29:08,0.0,0.134999997913837,44.42,2026-09-03 13:44:14,2026-09-03 09:45:06
IBIT,IBIT270319P00014000,IBIT,2027-03-19,P,14.0,0.0,0.0,0.0,0.0,0.0,10.0,0.0,0.0,0.0,0.0,0.0,0.0,0.0,0.0,0.0,0.0,0.0,down,0.14,2026-08-25T10:16:34,0.0,0.144999999552965,44.42,2026-09-03 13:44:14,2026-09-03 09:45:06
IBIT,IBIT270319P00015000,IBIT,2027-03-19,P,15.0,0.0,0.0,0.0,0.0,0.0,413.0,0.0,0.0,0.0,0.0,0.0,0.0,0.0,0.0,0.0,0.0,0.0,down,0.15,2026-09-01T11:48:28,0.0,0.160000003874302,44.42,2026-09-03 13:44:14,2026-09-03 09:45:06
IBIT,IBIT270319P00016000,IBIT,2027-03-19,P,16.0,0.0,0.0,0.0,0.0,0.0,110.0,0.0,0.0,0.0,0.0,0.0,0.0,0.0,0.0,0.0,0.0,0.0,down,0.16,2026-09-01T10:14:31,0.0,0.175000004470348,44.42,2026-09-03 13:44:14,2026-09-03 09:45:06
IBIT,IBIT270319P00017000,IBIT,2027-03-19,P,17.0,0.0,0.0,0.0,0.0,0.0,122.0,0.0,0.0,0.0,0.0,0.0,0.0,0.0,0.0,0.0,0.0,0.0,down,0.21,2026-08-31T11:03:50,0.0,0.195000000298023,44.42,2026-09-03 13:44:14,2026-09-03 09:45:06
IBIT,IBIT270319P00018000,IBIT,2027-03-19,P,18.0,0.0,0.0,0.0,0.0,0.0,27.0,0.0,0.0,0.0,0.0,0.0,0.0,0.0,0.0,0.0,0.0,0.0,down,0.19,2026-08-31T11:03:32,0.0,0.21000000089407,44.42,2026-09-03 13:44:14,2026-09-03 09:45:06
IBIT,IBIT270319P00019000,IBIT,2027-03-19,P,19.0,0.0,0.0,0.0,0.0,0.0,781.0,0.0,0.0,0.0,0.0,0.0,0.0,0.0,0.0,0.0,0.0,0.0,down,0.22,2026-09-02T09:30:01,0.0,0.229999996721745,44.42,2026-09-03 13:44:14,2026-09-03 09:45:06
IBIT,IBIT270319P00020000,IBIT,2027-03-19,P,20.0,0.0,0.0,0.0,0.0,0.0,1945.0,0.0,0.0,0.0,0.0,0.0,0.0,0.0,0.0,0.0,0.0,0.0,down,0.24,2026-09-02T12:18:38,0.0,0.255000002682209,44.42,2026-09-03 13:44:14,2026-09-03 09:45:06
IBIT,IBIT270319P00021000,IBIT,2027-03-19,P,21.0,0.0,0.0,0.0,0.0,0.0,101.0,0.0,0.0,0.0,0.0,0.0,0.0,0.0,0.0,0.0,0.0,0.0,down,0.28,2026-09-01T09:43:46,0.0,0.275000005960464,44.42,2026-09-03 13:44:14,2026-09-03 09:45:06
IBIT,IBIT270319P00022000,IBIT,2027-03-19,P,22.0,0.0,0.0,0.0,0.0,0.0,8481.0,0.0,0.0,0.0,0.0,0.0,0.0,0.0,0.0,0.0,0.0,0.0,no_change,0.29,2026-09-02T15:45:35,0.0,0.295000001788139,44.42,2026-09-03 13:44:14,2026-09-03 09:45:06
IBIT,IBIT270319P00023000,IBIT,2027-03-19,P,23.0,0.0,0.0,0.0,0.0,0.0,16201.0,0.0,0.0,0.0,0.0,0.0,0.0,0.0,0.0,0.0,0.0,0.0,down,0.32,2026-09-02T13:16:12,0.0,0.344999998807907,44.42,2026-09-03 13:44:14,2026-09-03 09:45:06
IBIT,IBIT270319P00024000,IBIT,2027-03-19,P,24.0,0.0,0.0,0.0,0.0,0.0,10823.0,0.0,0.0,0.0,0.0,0.0,0.0,0.0,0.0,0.0,0.0,0.0,down,0.39,2026-09-02T13:16:20,0.0,0.385000005364418,44.42,2026-09-03 13:44:14,2026-09-03 09:45:06
IBIT,IBIT270319P00025000,IBIT,2027-03-19,P,25.0,0.0,0.0,0.0,0.0,0.0,21406.0,0.0,0.0,0.0,0.0,0.0,0.0,0.0,0.0,0.0,0.0,0.0,up,0.43,2026-09-02T14:00:43,0.0,0.435000002384186,44.42,2026-09-03 13:44:14,2026-09-03 09:45:06
IBIT,IBIT270319P00026000,IBIT,2027-03-19,P,26.0,0.0,0.0,0.0,0.0,0.0,3067.0,0.0,0.0,0.0,0.0,0.0,0.0,0.0,0.0,0.0,0.0,0.0,down,0.5,2026-09-01T14:59:51,0.0,0.49499998986721,44.42,2026-09-03 13:44:14,2026-09-03 09:45:06
IBIT,IBIT270319P00027000,IBIT,2027-03-19,P,27.0,0.0,0.0,0.0,0.0,0.0,12655.0,0.0,0.0,0.0,0.0,0.0,0.0,0.0,0.0,0.0,0.0,0.0,down,0.55,2026-09-02T15:14:08,0.0,0.554999977350235,44.42,2026-09-03 13:44:14,2026-09-03 09:45:06
IBIT,IBIT270319P00028000,IBIT,2027-03-19,P,28.0,0.0,0.0,0.0,0.0,0.0,3064.0,0.0,0.0,0.0,0.0,0.0,0.0,0.0,0.0,0.0,0.0,0.0,down,0.64,2026-09-02T13:16:34,0.0,0.635000020265579,44.42,2026-09-03 13:44:14,2026-09-03 09:45:06
IBIT,IBIT270319P00029000,IBIT,2027-03-19,P,29.0,0.0,0.0,0.0,0.0,0.0,3413.0,0.0,0.0,0.0,0.0,0.0,0.0,0.0,0.0,0.0,0.0,0.0,up,0.72,2026-09-02T13:39:57,0.0,0.719999998807907,44.42,2026-09-03 13:44:14,2026-09-03 09:45:06
IBIT,IBIT270319P00030000,IBIT,2027-03-19,P,30.0,0.0,0.0,0.0,0.0,0.0,19906.0,0.0,0.0,0.0,0.0,0.0,0.0,0.0,0.0,0.0,0.0,0.0,up,0.84,2026-09-02T14:30:15,0.0,0.824999988079071,44.42,2026-09-03 13:44:14,2026-09-03 09:45:06
IBIT,IBIT270319P00031000,IBIT,2027-03-19,P,31.0,0.0,0.0,0.0,0.0,0.0,3613.0,0.0,0.0,0.0,0.0,0.0,0.0,0.0,0.0,0.0,0.0,0.0,up,0.94,2026-09-02T13:17:22,0.0,0.945000022649765,44.42,2026-09-03 13:44:14,2026-09-03 09:45:06
IBIT,IBIT270319P00032000,IBIT,2027-03-19,P,32.0,0.0,0.0,0.0,0.0,0.0,2913.0,0.0,0.0,0.0,0.0,0.0,0.0,0.0,0.0,0.0,0.0,0.0,up,1.11,2026-09-01T09:44:34,0.0,1.0799999833107,44.42,2026-09-03 13:44:14,2026-09-03 09:45:06
IBIT,IBIT270319P00033000,IBIT,2027-03-19,P,33.0,0.0,0.0,0.0,0.0,0.0,635.0,0.0,0.0,0.0,0.0,0.0,0.0,0.0,0.0,0.0,0.0,0.0,up,1.23,2026-09-02T15:40:29,0.0,1.24000000953674,44.42,2026-09-03 13:44:14,2026-09-03 09:45:06
IBIT,IBIT270319P00034000,IBIT,2027-03-19,P,34.0,0.0,0.0,0.0,0.0,0.0,1126.0,0.0,0.0,0.0,0.0,0.0,0.0,0.0,0.0,0.0,0.0,0.0,no_change,1.46,2026-08-28T13:47:24,0.0,1.42500001192093,44.42,2026-09-03 13:44:14,2026-09-03 09:45:06
IBIT,IBIT270319P00035000,IBIT,2027-03-19,P,35.0,0.0,0.0,0.0,0.0,0.0,15207.0,0.0,0.0,0.0,0.0,0.0,0.0,0.0,0.0,0.0,0.0,0.0,down,1.63,2026-09-02T15:14:08,0.0,1.63999998569489,44.42,2026-09-03 13:44:14,2026-09-03 09:45:06
IBIT,IBIT270319P00036000,IBIT,2027-03-19,P,36.0,0.0,0.0,0.0,0.0,0.0,3474.0,0.0,0.0,0.0,0.0,0.0,0.0,0.0,0.0,0.0,0.0,0.0,down,1.88,2026-09-02T14:47:15,0.0,1.87999999523163,44.42,2026-09-03 13:44:14,2026-09-03 09:45:06
IBIT,IBIT270319P00037000,IBIT,2027-03-19,P,37.0,0.0,0.0,0.0,0.0,0.0,456.0,0.0,0.0,0.0,0.0,0.0,0.0,0.0,0.0,0.0,0.0,0.0,up,2.21,2026-08-28T13:29:00,0.0,2.14999997615814,44.42,2026-09-03 13:44:14,2026-09-03 09:45:06
IBIT,IBIT270319P00038000,IBIT,2027-03-19,P,38.0,0.0,0.0,0.0,0.0,0.0,153.0,0.0,0.0,0.0,0.0,0.0,0.0,0.0,0.0,0.0,0.0,0.0,down,2.48,2026-08-27T09:55:46,0.0,2.46000003814697,44.42,2026-09-03 13:44:14,2026-09-03 09:45:06
IBIT,IBIT270319P00039000,IBIT,2027-03-19,P,39.0,0.0,0.0,0.0,0.0,0.0,160.0,0.0,0.0,0.0,0.0,0.0,0.0,0.0,0.0,0.0,0.0,0.0,up,2.76,2026-09-01T12:18:03,0.0,2.79499995708466,44.42,2026-09-03 13:44:14,2026-09-03 09:45:06
IBIT,IBIT270319P00040000,IBIT,2027-03-19,P,40.0,0.0,0.0,0.0,0.0,0.0,12717.0,0.0,0.0,0.0,0.0,0.0,0.0,0.0,0.0,0.0,0.0,0.0,no_change,3.14,2026-09-02T14:50:36,0.0,3.14999997615814,44.42,2026-09-03 13:44:14,2026-09-03 09:45:06
IBIT,IBIT270319P00041000,IBIT,2027-03-19,P,41.0,0.0,0.0,0.0,0.0,0.0,364.0,0.0,0.0,0.0,0.0,0.0,0.0,0.0,0.0,0.0,0.0,0.0,up,3.6,2026-09-01T15:45:41,0.0,3.54999995231628,44.42,2026-09-03 13:44:14,2026-09-03 09:45:06
IBIT,IBIT270319P00042000,IBIT,2027-03-19,P,42.0,0.0,0.0,0.0,0.0,0.0,2673.0,0.0,0.0,0.0,0.0,0.0,0.0,0.0,0.0,0.0,0.0,0.0,no_change,3.97,2026-09-02T15:09:12,0.0,4.00000011920929,44.42,2026-09-03 13:44:14,2026-09-03 09:45:06
IBIT,IBIT270319P00043000,IBIT,2027-03-19,P,43.0,0.0,0.0,0.0,0.0,0.0,187.0,0.0,0.0,0.0,0.0,0.0,0.0,0.0,0.0,0.0,0.0,0.0,down,4.5,2026-09-02T10:07:04,0.0,4.47500014305115,44.42,2026-09-03 13:44:14,2026-09-03 09:45:06
IBIT,IBIT270319P00044000,IBIT,2027-03-19,P,44.0,0.0,0.0,0.0,0.0,0.0,1664.0,0.0,0.0,0.0,0.0,0.0,0.0,0.0,0.0,0.0,0.0,0.0,up,5.0,2026-09-02T10:10:25,0.0,4.97500014305115,44.42,2026-09-03 13:44:14,2026-09-03 09:45:06
IBIT,IBIT270319P00045000,IBIT,2027-03-19,P,45.0,0.0,0.0,0.0,0.0,0.0,1114.0,0.0,0.0,0.0,0.0,0.0,0.0,0.0,0.0,0.0,0.0,0.0,down,5.51,2026-09-02T10:10:25,0.0,5.5,44.42,2026-09-03 13:44:14,2026-09-03 09:45:06
IBIT,IBIT270319P00046000,IBIT,2027-03-19,P,46.0,0.0,0.0,0.0,0.0,0.0,237.0,0.0,0.0,0.0,0.0,0.0,0.0,0.0,0.0,0.0,0.0,0.0,no_change,5.9,2026-08-28T09:37:28,0.0,6.07500004768372,44.42,2026-09-03 13:44:14,2026-09-03 09:45:06
IBIT,IBIT270319P00047000,IBIT,2027-03-19,P,47.0,0.0,0.0,0.0,0.0,0.0,22.0,0.0,0.0,0.0,0.0,0.0,0.0,0.0,0.0,0.0,0.0,0.0,up,6.25,2026-08-27T13:02:18,0.0,6.67499995231628,44.42,2026-09-03 13:44:14,2026-09-03 09:45:06
IBIT,IBIT270319P00048000,IBIT,2027-03-19,P,48.0,0.0,0.0,0.0,0.0,0.0,8775.0,0.0,0.0,0.0,0.0,0.0,0.0,0.0,0.0,0.0,0.0,0.0,up,7.24,2026-09-01T13:14:45,0.0,7.29999995231628,44.42,2026-09-03 13:44:14,2026-09-03 09:45:06
IBIT,IBIT270319P00049000,IBIT,2027-03-19,P,49.0,0.0,0.0,0.0,0.0,0.0,46.0,0.0,0.0,0.0,0.0,0.0,0.0,0.0,0.0,0.0,0.0,0.0,down,7.6,2026-08-27T10:15:07,0.0,7.95000004768372,44.42,2026-09-03 13:44:14,2026-09-03 09:45:06
IBIT,IBIT270319P00050000,IBIT,2027-03-19,P,50.0,0.0,0.0,0.0,0.0,0.0,162.0,0.0,0.0,0.0,0.0,0.0,0.0,0.0,0.0,0.0,0.0,0.0,down,8.02,2026-08-27T12:47:04,0.0,8.65000009536743,44.42,2026-09-03 13:44:14,2026-09-03 09:45:06
IBIT,IBIT270319P00051000,IBIT,2027-03-19,P,51.0,0.0,0.0,0.0,0.0,0.0,14.0,0.0,0.0,0.0,0.0,0.0,0.0,0.0,0.0,0.0,0.0,0.0,down,9.32,2026-08-26T14:26:11,0.0,9.34999990463257,44.42,2026-09-03 13:44:14,2026-09-03 09:45:06
IBIT,IBIT270319P00052000,IBIT,2027-03-19,P,52.0,0.0,0.0,0.0,0.0,0.0,29.0,0.0,0.0,0.0,0.0,0.0,0.0,0.0,0.0,0.0,0.0,0.0,down,15.37,2026-08-19T10:52:03,0.0,10.125,44.42,2026-09-03 13:44:14,2026-09-03 09:45:06
IBIT,IBIT270319P00053000,IBIT,2027-03-19,P,53.0,0.0,0.0,0.0,0.0,0.0,27.0,0.0,0.0,0.0,0.0,0.0,0.0,0.0,0.0,0.0,0.0,0.0,down,10.8,2026-08-24T10:54:39,0.0,10.875,44.42,2026-09-03 13:44:14,2026-09-03 09:45:06
IBIT,IBIT270319P00054000,IBIT,2027-03-19,P,54.0,0.0,0.0,0.0,0.0,0.0,13.0,0.0,0.0,0.0,0.0,0.0,0.0,0.0,0.0,0.0,0.0,0.0,down,12.35,2026-08-21T09:40:09,0.0,11.6750001907349,44.42,2026-09-03 13:44:14,2026-09-03 09:45:06
IBIT,IBIT270319P00055000,IBIT,2027-03-19,P,55.0,0.0,0.0,0.0,0.0,0.0,45.0,0.0,0.0,0.0,0.0,0.0,0.0,0.0,0.0,0.0,0.0,0.0,up,12.0,2026-08-31T12:11:25,0.0,12.5,44.42,2026-09-03 13:44:14,2026-09-03 09:45:06
IBIT,IBIT270319P00056000,IBIT,2027-03-19,P,56.0,0.0,0.0,0.0,0.0,0.0,5.0,0.0,0.0,0.0,0.0,0.0,0.0,0.0,0.0,0.0,0.0,0.0,down,20.16,2026-08-13T12:00:29,0.0,13.3499999046326,44.42,2026-09-03 13:44:14,2026-09-03 09:45:06
IBIT,IBIT270319P00057000,IBIT,2027-03-19,P,57.0,0.0,0.0,0.0,0.0,0.0,12.0,0.0,0.0,0.0,0.0,0.0,0.0,0.0,0.0,0.0,0.0,0.0,up,23.43,2026-07-01T10:04:24,0.0,14.1999998092651,44.42,2026-09-03 13:44:14,2026-09-03 09:45:06
IBIT,IBIT270319P00058000,IBIT,2027-03-19,P,58.0,0.0,0.0,0.0,0.0,0.0,1.0,0.0,0.0,0.0,0.0,0.0,0.0,0.0,0.0,0.0,0.0,0.0,up,24.67,2026-06-30T10:17:50,0.0,15.0500001907349,44.42,2026-09-03 13:44:14,2026-09-03 09:45:06
IBIT,IBIT270319P00059000,IBIT,2027-03-19,P,59.0,0.0,0.0,0.0,0.0,0.0,0.0,0.0,0.0,0.0,0.0,0.0,0.0,0.0,0.0,0.0,0.0,0.0,no_change,24.3,2026-06-24T10:09:24,0.0,15.9249997138977,44.42,2026-09-03 13:44:14,2026-09-03 09:45:06
IBIT,IBIT270319P00060000,IBIT,2027-03-19,P,60.0,0.0,0.0,0.0,0.0,0.0,9.0,0.0,0.0,0.0,0.0,0.0,0.0,0.0,0.0,0.0,0.0,0.0,down,19.3,2026-08-20T14:16:29,0.0,16.8249998092651,44.42,2026-09-03 13:44:14,2026-09-03 09:45:06
IBIT,IBIT270319P00061000,IBIT,2027-03-19,P,61.0,0.0,0.0,0.0,0.0,0.0,2.0,0.0,0.0,0.0,0.0,0.0,0.0,0.0,0.0,0.0,0.0,0.0,down,17.25,2026-08-25T10:38:43,0.0,17.7250003814697,44.42,2026-09-03 13:44:14,2026-09-03 09:45:06
IBIT,IBIT270319P00062000,IBIT,2027-03-19,P,62.0,0.0,0.0,0.0,0.0,0.0,6.0,0.0,0.0,0.0,0.0,0.0,0.0,0.0,0.0,0.0,0.0,0.0,down,18.66,2026-09-01T12:55:31,0.0,18.6499996185303,44.42,2026-09-03 13:44:14,2026-09-03 09:45:06
IBIT,IBIT270319P00063000,IBIT,2027-03-19,P,63.0,0.0,0.0,0.0,0.0,0.0,0.0,0.0,0.0,0.0,0.0,0.0,0.0,0.0,0.0,0.0,0.0,0.0,down,20.15,2026-05-26T14:07:01,0.0,19.6000003814697,44.42,2026-09-03 13:44:14,2026-09-03 09:45:06
IBIT,IBIT270319P00064000,IBIT,2027-03-19,P,64.0,0.0,0.0,0.0,0.0,0.0,0.0,0.0,0.0,0.0,0.0,0.0,0.0,0.0,0.0,0.0,0.0,0.0,no_change,0.0,,0.0,20.5249996185303,44.42,2026-09-03 13:44:14,2026-09-03 09:45:06
IBIT,IBIT270319P00065000,IBIT,2027-03-19,P,65.0,0.0,0.0,0.0,0.0,0.0,15.0,0.0,0.0,0.0,0.0,0.0,0.0,0.0,0.0,0.0,0.0,0.0,down,21.5,2026-08-26T12:19:54,0.0,21.4500007629395,44.42,2026-09-03 13:44:14,2026-09-03 09:45:06
IBIT,IBIT270319P00066000,IBIT,2027-03-19,P,66.0,0.0,0.0,0.0,0.0,0.0,4.0,0.0,0.0,0.0,0.0,0.0,0.0,0.0,0.0,0.0,0.0,0.0,up,21.6,2026-08-28T10:32:07,0.0,22.4500007629395,44.42,2026-09-03 13:44:14,2026-09-03 09:45:06
IBIT,IBIT270319P00067000,IBIT,2027-03-19,P,67.0,0.0,0.0,0.0,0.0,0.0,0.0,0.0,0.0,0.0,0.0,0.0,0.0,0.0,0.0,0.0,0.0,0.0,no_change,28.5,2026-06-02T10:38:58,0.0,23.375,44.42,2026-09-03 13:44:14,2026-09-03 09:45:06
IBIT,IBIT270319P00068000,IBIT,2027-03-19,P,68.0,0.0,0.0,0.0,0.0,0.0,0.0,0.0,0.0,0.0,0.0,0.0,0.0,0.0,0.0,0.0,0.0,0.0,no_change,0.0,,0.0,24.3249998092651,44.42,2026-09-03 13:44:14,2026-09-03 09:45:06
IBIT,IBIT270319P00069000,IBIT,2027-03-19,P,69.0,0.0,0.0,0.0,0.0,0.0,0.0,0.0,0.0,0.0,0.0,0.0,0.0,0.0,0.0,0.0,0.0,0.0,no_change,27.82,2026-05-28T10:36:37,0.0,25.3249998092651,44.42,2026-09-03 13:44:14,2026-09-03 09:45:06
IBIT,IBIT270319P00070000,IBIT,2027-03-19,P,70.0,0.0,0.0,0.0,0.0,0.0,3.0,0.0,0.0,0.0,0.0,0.0,0.0,0.0,0.0,0.0,0.0,0.0,no_change,25.34,2026-08-31T14:39:23,0.0,26.2749996185303,44.42,2026-09-03 13:44:14,2026-09-03 09:45:06
IBIT,IBIT270319P00071000,IBIT,2027-03-19,P,71.0,0.0,0.0,0.0,0.0,0.0,0.0,0.0,0.0,0.0,0.0,0.0,0.0,0.0,0.0,0.0,0.0,0.0,no_change,0.0,,0.0,27.3249998092651,44.42,2026-09-03 13:44:14,2026-09-03 09:45:06
IBIT,IBIT270319P00072000,IBIT,2027-03-19,P,72.0,0.0,0.0,0.0,0.0,0.0,0.0,0.0,0.0,0.0,0.0,0.0,0.0,0.0,0.0,0.0,0.0,0.0,no_change,0.0,,0.0,28.1999998092651,44.42,2026-09-03 13:44:14,2026-09-03 09:45:06
IBIT,IBIT270319P00073000,IBIT,2027-03-19,P,73.0,0.0,0.0,0.0,0.0,0.0,0.0,0.0,0.0,0.0,0.0,0.0,0.0,0.0,0.0,0.0,0.0,0.0,no_change,0.0,,0.0,29.3249998092651,44.42,2026-09-03 13:44:14,2026-09-03 09:45:06
IBIT,IBIT270319P00074000,IBIT,2027-03-19,P,74.0,0.0,0.0,0.0,0.0,0.0,0.0,0.0,0.0,0.0,0.0,0.0,0.0,0.0,0.0,0.0,0.0,0.0,no_change,0.0,,0.0,30.4500007629394,44.42,2026-09-03 13:44:14,2026-09-03 09:45:06
IBIT,IBIT270319P00075000,IBIT,2027-03-19,P,75.0,0.0,0.0,0.0,0.0,0.0,0.0,0.0,0.0,0.0,0.0,0.0,0.0,0.0,0.0,0.0,0.0,0.0,up,30.6,2026-08-26T14:34:55,0.0,31.1499996185303,44.42,2026-09-03 13:44:14,2026-09-03 09:45:06
IBIT,IBIT270319P00076000,IBIT,2027-03-19,P,76.0,0.0,0.0,0.0,0.0,0.0,0.0,0.0,0.0,0.0,0.0,0.0,0.0,0.0,0.0,0.0,0.0,0.0,no_change,0.0,,0.0,32.4500007629394,44.42,2026-09-03 13:44:14,2026-09-03 09:45:06
IBIT,IBIT270319P00077000,IBIT,2027-03-19,P,77.0,0.0,0.0,0.0,0.0,0.0,0.0,0.0,0.0,0.0,0.0,0.0,0.0,0.0,0.0,0.0,0.0,0.0,no_change,0.0,,0.0,33.2999992370606,44.42,2026-09-03 13:44:14,2026-09-03 09:45:06
IBIT,IBIT270319P00078000,IBIT,2027-03-19,P,78.0,0.0,0.0,0.0,0.0,0.0,0.0,0.0,0.0,0.0,0.0,0.0,0.0,0.0,0.0,0.0,0.0,0.0,no_change,0.0,,0.0,34.2750015258789,44.42,2026-09-03 13:44:14,2026-09-03 09:45:06
IBIT,IBIT270319P00079000,IBIT,2027-03-19,P,79.0,0.0,0.0,0.0,0.0,0.0,0.0,0.0,0.0,0.0,0.0,0.0,0.0,0.0,0.0,0.0,0.0,0.0,up,35.1,2026-04-23T10:14:40,0.0,35.2999992370606,44.42,2026-09-03 13:44:14,2026-09-03 09:45:06
IBIT,IBIT270319P00080000,IBIT,2027-03-19,P,80.0,0.0,0.0,0.0,0.0,0.0,0.0,0.0,0.0,0.0,0.0,0.0,0.0,0.0,0.0,0.0,0.0,0.0,up,45.91,2026-06-05T14:28:50,0.0,36.1499996185303,44.42,2026-09-03 13:44:14,2026-09-03 09:45:06
IBIT,IBIT270319P00081000,IBIT,2027-03-19,P,81.0,0.0,0.0,0.0,0.0,0.0,0.0,0.0,0.0,0.0,0.0,0.0,0.0,0.0,0.0,0.0,0.0,0.0,down,34.85,2026-05-05T09:50:58,0.0,37.4000015258789,44.42,2026-09-03 13:44:14,2026-09-03 09:45:06
IBIT,IBIT270319P00082000,IBIT,2027-03-19,P,82.0,0.0,0.0,0.0,0.0,0.0,0.0,0.0,0.0,0.0,0.0,0.0,0.0,0.0,0.0,0.0,0.0,0.0,down,36.47,2026-05-04T13:11:26,0.0,38.2750015258789,44.42,2026-09-03 13:44:14,2026-09-03 09:45:06
IBIT,IBIT270319P00085000,IBIT,2027-03-19,P,85.0,0.0,0.0,0.0,0.0,0.0,0.0,0.0,0.0,0.0,0.0,0.0,0.0,0.0,0.0,0.0,0.0,0.0,down,41.26,2026-09-01T15:51:27,0.0,41.4250011444092,44.42,2026-09-03 13:44:14,2026-09-03 09:45:06
IBIT,IBIT270319P00090000,IBIT,2027-03-19,P,90.0,0.0,0.0,0.0,0.0,0.0,0.0,0.0,0.0,0.0,0.0,0.0,0.0,0.0,0.0,0.0,0.0,0.0,up,45.93,2026-08-28T12:54:45,0.0,46.4250011444092,44.42,2026-09-03 13:44:14,2026-09-03 09:45:06
IBIT,IBIT270617C00001000,IBIT,2027-06-17,C,1.0,0.0,0.0,0.0,0.0,0.0,191.0,0.0,0.0,0.0,0.0,0.0,0.0,0.0,0.0,0.0,0.0,0.0,down,43.1,2026-08-28T13:27:05,0.0,42.8999996185303,44.42,2026-09-03 13:44:14,2026-09-03 09:45:06
IBIT,IBIT270617C00002000,IBIT,2027-06-17,C,2.0,0.0,0.0,0.0,0.0,0.0,2.0,0.0,0.0,0.0,0.0,0.0,0.0,0.0,0.0,0.0,0.0,0.0,down,34.53,2026-07-29T15:04:39,0.0,41.9249992370606,44.42,2026-09-03 13:44:14,2026-09-03 09:45:06
IBIT,IBIT270617C00003000,IBIT,2027-06-17,C,3.0,0.0,0.0,0.0,0.0,0.0,1.0,0.0,0.0,0.0,0.0,0.0,0.0,0.0,0.0,0.0,0.0,0.0,down,33.48,2026-07-29T10:20:27,0.0,40.9000015258789,44.42,2026-09-03 13:44:14,2026-09-03 09:45:06
IBIT,IBIT270617C00004000,IBIT,2027-06-17,C,4.0,0.0,0.0,0.0,0.0,0.0,0.0,0.0,0.0,0.0,0.0,0.0,0.0,0.0,0.0,0.0,0.0,0.0,no_change,0.0,,0.0,39.8999996185303,44.42,2026-09-03 13:44:14,2026-09-03 09:45:06
IBIT,IBIT270617C00005000,IBIT,2027-06-17,C,5.0,0.0,0.0,0.0,0.0,0.0,6053.0,0.0,0.0,0.0,0.0,0.0,0.0,0.0,0.0,0.0,0.0,0.0,no_change,32.65,2026-06-16T14:15:12,0.0,38.875,44.42,2026-09-03 13:44:14,2026-09-03 09:45:06
IBIT,IBIT270617C00006000,IBIT,2027-06-17,C,6.0,0.0,0.0,0.0,0.0,0.0,2.0,0.0,0.0,0.0,0.0,0.0,0.0,0.0,0.0,0.0,0.0,0.0,up,34.17,2026-04-06T11:07:05,0.0,38.125,44.42,2026-09-03 13:44:14,2026-09-03 09:45:06
IBIT,IBIT270617C00007000,IBIT,2027-06-17,C,7.0,0.0,0.0,0.0,0.0,0.0,0.0,0.0,0.0,0.0,0.0,0.0,0.0,0.0,0.0,0.0,0.0,0.0,no_change,0.0,,0.0,37.0500011444092,44.42,2026-09-03 13:44:14,2026-09-03 09:45:06
IBIT,IBIT270617C00008000,IBIT,2027-06-17,C,8.0,0.0,0.0,0.0,0.0,0.0,0.0,0.0,0.0,0.0,0.0,0.0,0.0,0.0,0.0,0.0,0.0,0.0,no_change,0.0,,0.0,36.1000003814697,44.42,2026-09-03 13:44:14,2026-09-03 09:45:06
IBIT,IBIT270617C00009000,IBIT,2027-06-17,C,9.0,0.0,0.0,0.0,0.0,0.0,2.0,0.0,0.0,0.0,0.0,0.0,0.0,0.0,0.0,0.0,0.0,0.0,up,33.41,2026-04-10T13:26:43,0.0,35.125,44.42,2026-09-03 13:44:14,2026-09-03 09:45:06
IBIT,IBIT270617C00010000,IBIT,2027-06-17,C,10.0,0.0,0.0,0.0,0.0,0.0,20.0,0.0,0.0,0.0,0.0,0.0,0.0,0.0,0.0,0.0,0.0,0.0,up,36.35,2026-08-27T12:17:22,0.0,34.4250011444092,44.42,2026-09-03 13:44:14,2026-09-03 09:45:06
IBIT,IBIT270617C00011000,IBIT,2027-06-17,C,11.0,0.0,0.0,0.0,0.0,0.0,0.0,0.0,0.0,0.0,0.0,0.0,0.0,0.0,0.0,0.0,0.0,0.0,no_change,0.0,,0.0,33.4500007629394,44.42,2026-09-03 13:44:14,2026-09-03 09:45:06
IBIT,IBIT270617C00012000,IBIT,2027-06-17,C,12.0,0.0,0.0,0.0,0.0,0.0,2.0,0.0,0.0,0.0,0.0,0.0,0.0,0.0,0.0,0.0,0.0,0.0,down,25.1,2026-07-14T09:59:37,0.0,32.3499994277954,44.42,2026-09-03 13:44:14,2026-09-03 09:45:06
IBIT,IBIT270617C00013000,IBIT,2027-06-17,C,13.0,0.0,0.0,0.0,0.0,0.0,1.0,0.0,0.0,0.0,0.0,0.0,0.0,0.0,0.0,0.0,0.0,0.0,down,30.4,2026-04-14T14:41:57,0.0,31.2250003814697,44.42,2026-09-03 13:44:14,2026-09-03 09:45:06
IBIT,IBIT270617C00014000,IBIT,2027-06-17,C,14.0,0.0,0.0,0.0,0.0,0.0,25.0,0.0,0.0,0.0,0.0,0.0,0.0,0.0,0.0,0.0,0.0,0.0,no_change,30.48,2026-08-21T09:43:38,0.0,30.3500003814697,44.42,2026-09-03 13:44:14,2026-09-03 09:45:06
IBIT,IBIT270617C00015000,IBIT,2027-06-17,C,15.0,0.0,0.0,0.0,0.0,0.0,45.0,0.0,0.0,0.0,0.0,0.0,0.0,0.0,0.0,0.0,0.0,0.0,up,30.56,2026-08-25T15:39:17,0.0,29.25,44.42,2026-09-03 13:44:14,2026-09-03 09:45:06
IBIT,IBIT270617C00016000,IBIT,2027-06-17,C,16.0,0.0,0.0,0.0,0.0,0.0,20.0,0.0,0.0,0.0,0.0,0.0,0.0,0.0,0.0,0.0,0.0,0.0,up,29.2,2026-08-24T13:12:33,0.0,28.4000005722046,44.42,2026-09-03 13:44:14,2026-09-03 09:45:06
IBIT,IBIT270617C00017000,IBIT,2027-06-17,C,17.0,0.0,0.0,0.0,0.0,0.0,25.0,0.0,0.0,0.0,0.0,0.0,0.0,0.0,0.0,0.0,0.0,0.0,up,27.71,2026-08-21T12:27:21,0.0,27.4750003814697,44.42,2026-09-03 13:44:14,2026-09-03 09:45:06
IBIT,IBIT270617C00018000,IBIT,2027-06-17,C,18.0,0.0,0.0,0.0,0.0,0.0,27.0,0.0,0.0,0.0,0.0,0.0,0.0,0.0,0.0,0.0,0.0,0.0,no_change,26.65,2026-08-21T09:39:55,0.0,26.5249996185303,44.42,2026-09-03 13:44:14,2026-09-03 09:45:06
IBIT,IBIT270617C00019000,IBIT,2027-06-17,C,19.0,0.0,0.0,0.0,0.0,0.0,1.0,0.0,0.0,0.0,0.0,0.0,0.0,0.0,0.0,0.0,0.0,0.0,up,18.44,2026-08-17T10:28:52,0.0,25.7999992370605,44.42,2026-09-03 13:44:14,2026-09-03 09:45:06
IBIT,IBIT270617C00020000,IBIT,2027-06-17,C,20.0,0.0,0.0,0.0,0.0,0.0,1982.0,0.0,0.0,0.0,0.0,0.0,0.0,0.0,0.0,0.0,0.0,0.0,up,24.9,2026-09-02T13:35:00,0.0,24.875,44.42,2026-09-03 13:44:14,2026-09-03 09:45:06
IBIT,IBIT270617C00021000,IBIT,2027-06-17,C,21.0,0.0,0.0,0.0,0.0,0.0,4.0,0.0,0.0,0.0,0.0,0.0,0.0,0.0,0.0,0.0,0.0,0.0,up,20.96,2026-08-20T10:44:57,0.0,23.9499998092651,44.42,2026-09-03 13:44:14,2026-09-03 09:45:06
IBIT,IBIT270617C00022000,IBIT,2027-06-17,C,22.0,0.0,0.0,0.0,0.0,0.0,87.0,0.0,0.0,0.0,0.0,0.0,0.0,0.0,0.0,0.0,0.0,0.0,down,23.28,2026-08-21T11:33:40,0.0,23.0749998092651,44.42,2026-09-03 13:44:14,2026-09-03 09:45:06
IBIT,IBIT270617C00023000,IBIT,2027-06-17,C,23.0,0.0,0.0,0.0,0.0,0.0,131.0,0.0,0.0,0.0,0.0,0.0,0.0,0.0,0.0,0.0,0.0,0.0,up,22.49,2026-08-21T14:23:22,0.0,22.1750001907349,44.42,2026-09-03 13:44:14,2026-09-03 09:45:06
IBIT,IBIT270617C00024000,IBIT,2027-06-17,C,24.0,0.0,0.0,0.0,0.0,0.0,65.0,0.0,0.0,0.0,0.0,0.0,0.0,0.0,0.0,0.0,0.0,0.0,down,21.27,2026-09-02T15:39:23,0.0,21.2750005722046,44.42,2026-09-03 13:44:14,2026-09-03 09:45:06
IBIT,IBIT270617C00025000,IBIT,2027-06-17,C,25.0,0.0,0.0,0.0,0.0,0.0,1663.0,0.0,0.0,0.0,0.0,0.0,0.0,0.0,0.0,0.0,0.0,0.0,up,20.6,2026-09-01T13:36:41,0.0,20.4000005722046,44.42,2026-09-03 13:44:14,2026-09-03 09:45:06
IBIT,IBIT270617C00026000,IBIT,2027-06-17,C,26.0,0.0,0.0,0.0,0.0,0.0,194.0,0.0,0.0,0.0,0.0,0.0,0.0,0.0,0.0,0.0,0.0,0.0,up,20.8,2026-08-25T13:43:03,0.0,19.5500001907349,44.42,2026-09-03 13:44:14,2026-09-03 09:45:06
IBIT,IBIT270617C00027000,IBIT,2027-06-17,C,27.0,0.0,0.0,0.0,0.0,0.0,180.0,0.0,0.0,0.0,0.0,0.0,0.0,0.0,0.0,0.0,0.0,0.0,no_change,19.7,2026-08-31T13:45:20,0.0,18.7249994277954,44.42,2026-09-03 13:44:14,2026-09-03 09:45:06
IBIT,IBIT270617C00028000,IBIT,2027-06-17,C,28.0,0.0,0.0,0.0,0.0,0.0,81.0,0.0,0.0,0.0,0.0,0.0,0.0,0.0,0.0,0.0,0.0,0.0,up,18.28,2026-08-31T10:07:58,0.0,17.875,44.42,2026-09-03 13:44:14,2026-09-03 09:45:06
IBIT,IBIT270617C00029000,IBIT,2027-06-17,C,29.0,0.0,0.0,0.0,0.0,0.0,2389.0,0.0,0.0,0.0,0.0,0.0,0.0,0.0,0.0,0.0,0.0,0.0,down,17.41,2026-08-31T10:07:58,0.0,17.0749998092651,44.42,2026-09-03 13:44:14,2026-09-03 09:45:06
IBIT,IBIT270617C00030000,IBIT,2027-06-17,C,30.0,0.0,0.0,0.0,0.0,0.0,2311.0,0.0,0.0,0.0,0.0,0.0,0.0,0.0,0.0,0.0,0.0,0.0,up,16.25,2026-09-02T12:00:10,0.0,16.25,44.42,2026-09-03 13:44:14,2026-09-03 09:45:06
IBIT,IBIT270617C00031000,IBIT,2027-06-17,C,31.0,0.0,0.0,0.0,0.0,0.0,46.0,0.0,0.0,0.0,0.0,0.0,0.0,0.0,0.0,0.0,0.0,0.0,up,15.47,2026-09-02T14:06:58,0.0,15.4749999046326,44.42,2026-09-03 13:44:14,2026-09-03 09:45:06
IBIT,IBIT270617C00032000,IBIT,2027-06-17,C,32.0,0.0,0.0,0.0,0.0,0.0,86.0,0.0,0.0,0.0,0.0,0.0,0.0,0.0,0.0,0.0,0.0,0.0,down,14.75,2026-09-02T10:46:48,0.0,14.7249999046326,44.42,2026-09-03 13:44:14,2026-09-03 09:45:06
IBIT,IBIT270617C00033000,IBIT,2027-06-17,C,33.0,0.0,0.0,0.0,0.0,0.0,493.0,0.0,0.0,0.0,0.0,0.0,0.0,0.0,0.0,0.0,0.0,0.0,down,13.95,2026-09-02T15:55:52,0.0,13.9749999046326,44.42,2026-09-03 13:44:14,2026-09-03 09:45:06
IBIT,IBIT270617C00034000,IBIT,2027-06-17,C,34.0,0.0,0.0,0.0,0.0,0.0,303.0,0.0,0.0,0.0,0.0,0.0,0.0,0.0,0.0,0.0,0.0,0.0,down,13.25,2026-09-02T10:18:59,0.0,13.25,44.42,2026-09-03 13:44:14,2026-09-03 09:45:06
IBIT,IBIT270617C00035000,IBIT,2027-06-17,C,35.0,0.0,0.0,0.0,0.0,0.0,1750.0,0.0,0.0,0.0,0.0,0.0,0.0,0.0,0.0,0.0,0.0,0.0,down,12.55,2026-09-02T10:35:15,0.0,12.5499997138977,44.42,2026-09-03 13:44:14,2026-09-03 09:45:06
IBIT,IBIT270617C00036000,IBIT,2027-06-17,C,36.0,0.0,0.0,0.0,0.0,0.0,1727.0,0.0,0.0,0.0,0.0,0.0,0.0,0.0,0.0,0.0,0.0,0.0,up,11.9,2026-09-02T15:15:26,0.0,11.8499999046326,44.42,2026-09-03 13:44:14,2026-09-03 09:45:06
IBIT,IBIT270617C00037000,IBIT,2027-06-17,C,37.0,0.0,0.0,0.0,0.0,0.0,366.0,0.0,0.0,0.0,0.0,0.0,0.0,0.0,0.0,0.0,0.0,0.0,down,10.9,2026-09-02T15:50:34,0.0,11.2000002861023,44.42,2026-09-03 13:44:14,2026-09-03 09:45:06
IBIT,IBIT270617C00038000,IBIT,2027-06-17,C,38.0,0.0,0.0,0.0,0.0,0.0,501.0,0.0,0.0,0.0,0.0,0.0,0.0,0.0,0.0,0.0,0.0,0.0,down,10.5,2026-09-02T15:40:28,0.0,10.5,44.42,2026-09-03 13:44:14,2026-09-03 09:45:06
IBIT,IBIT270617C00039000,IBIT,2027-06-17,C,39.0,0.0,0.0,0.0,0.0,0.0,751.0,0.0,0.0,0.0,0.0,0.0,0.0,0.0,0.0,0.0,0.0,0.0,down,9.97,2026-09-02T12:10:26,0.0,9.97499990463257,44.42,2026-09-03 13:44:14,2026-09-03 09:45:06
IBIT,IBIT270617C00040000,IBIT,2027-06-17,C,40.0,0.0,0.0,0.0,0.0,0.0,9033.0,0.0,0.0,0.0,0.0,0.0,0.0,0.0,0.0,0.0,0.0,0.0,no_change,9.35,2026-09-02T15:59:50,0.0,9.32499980926514,44.42,2026-09-03 13:44:14,2026-09-03 09:45:06
IBIT,IBIT270617C00041000,IBIT,2027-06-17,C,41.0,0.0,0.0,0.0,0.0,0.0,1310.0,0.0,0.0,0.0,0.0,0.0,0.0,0.0,0.0,0.0,0.0,0.0,down,8.75,2026-09-02T15:31:43,0.0,8.77500009536743,44.42,2026-09-03 13:44:14,2026-09-03 09:45:06
IBIT,IBIT270617C00042000,IBIT,2027-06-17,C,42.0,0.0,0.0,0.0,0.0,0.0,1950.0,0.0,0.0,0.0,0.0,0.0,0.0,0.0,0.0,0.0,0.0,0.0,up,8.37,2026-09-02T13:00:48,0.0,8.2999997138977,44.42,2026-09-03 13:44:14,2026-09-03 09:45:06
IBIT,IBIT270617C00043000,IBIT,2027-06-17,C,43.0,0.0,0.0,0.0,0.0,0.0,1322.0,0.0,0.0,0.0,0.0,0.0,0.0,0.0,0.0,0.0,0.0,0.0,down,7.7,2026-09-02T13:19:21,0.0,7.79999995231628,44.42,2026-09-03 13:44:14,2026-09-03 09:45:06
IBIT,IBIT270617C00044000,IBIT,2027-06-17,C,44.0,0.0,0.0,0.0,0.0,0.0,1493.0,0.0,0.0,0.0,0.0,0.0,0.0,0.0,0.0,0.0,0.0,0.0,up,7.32,2026-09-02T14:06:58,0.0,7.27499985694885,44.42,2026-09-03 13:44:14,2026-09-03 09:45:06
IBIT,IBIT270617C00045000,IBIT,2027-06-17,C,45.0,0.0,0.0,0.0,0.0,0.0,37838.0,0.0,0.0,0.0,0.0,0.0,0.0,0.0,0.0,0.0,0.0,0.0,down,6.84,2026-09-02T12:58:46,0.0,6.82500004768372,44.42,2026-09-03 13:44:14,2026-09-03 09:45:06
IBIT,IBIT270617C00046000,IBIT,2027-06-17,C,46.0,0.0,0.0,0.0,0.0,0.0,2463.0,0.0,0.0,0.0,0.0,0.0,0.0,0.0,0.0,0.0,0.0,0.0,up,6.45,2026-09-02T11:36:57,0.0,6.42499995231628,44.42,2026-09-03 13:44:14,2026-09-03 09:45:06
IBIT,IBIT270617C00047000,IBIT,2027-06-17,C,47.0,0.0,0.0,0.0,0.0,0.0,2888.0,0.0,0.0,0.0,0.0,0.0,0.0,0.0,0.0,0.0,0.0,0.0,up,6.15,2026-09-02T15:25:45,0.0,6.02499985694885,44.42,2026-09-03 13:44:14,2026-09-03 09:45:06
IBIT,IBIT270617C00048000,IBIT,2027-06-17,C,48.0,0.0,0.0,0.0,0.0,0.0,2819.0,0.0,0.0,0.0,0.0,0.0,0.0,0.0,0.0,0.0,0.0,0.0,down,5.65,2026-09-02T13:44:17,0.0,5.625,44.42,2026-09-03 13:44:14,2026-09-03 09:45:06
IBIT,IBIT270617C00049000,IBIT,2027-06-17,C,49.0,0.0,0.0,0.0,0.0,0.0,1514.0,0.0,0.0,0.0,0.0,0.0,0.0,0.0,0.0,0.0,0.0,0.0,down,5.3,2026-09-02T15:33:27,0.0,5.29999995231628,44.42,2026-09-03 13:44:14,2026-09-03 09:45:06
IBIT,IBIT270617C00050000,IBIT,2027-06-17,C,50.0,0.0,0.0,0.0,0.0,0.0,23312.0,0.0,0.0,0.0,0.0,0.0,0.0,0.0,0.0,0.0,0.0,0.0,no_change,4.96,2026-09-02T15:44:12,0.0,4.95000004768372,44.42,2026-09-03 13:44:14,2026-09-03 09:45:06
IBIT,IBIT270617C00051000,IBIT,2027-06-17,C,51.0,0.0,0.0,0.0,0.0,0.0,1516.0,0.0,0.0,0.0,0.0,0.0,0.0,0.0,0.0,0.0,0.0,0.0,up,4.7,2026-09-02T15:59:55,0.0,4.64999985694885,44.42,2026-09-03 13:44:14,2026-09-03 09:45:06
IBIT,IBIT270617C00052000,IBIT,2027-06-17,C,52.0,0.0,0.0,0.0,0.0,0.0,2322.0,0.0,0.0,0.0,0.0,0.0,0.0,0.0,0.0,0.0,0.0,0.0,up,4.3,2026-09-02T11:19:03,0.0,4.375,44.42,2026-09-03 13:44:14,2026-09-03 09:45:06
IBIT,IBIT270617C00053000,IBIT,2027-06-17,C,53.0,0.0,0.0,0.0,0.0,0.0,2069.0,0.0,0.0,0.0,0.0,0.0,0.0,0.0,0.0,0.0,0.0,0.0,no_change,4.1,2026-09-02T15:58:25,0.0,4.10000014305115,44.42,2026-09-03 13:44:14,2026-09-03 09:45:06
IBIT,IBIT270617C00054000,IBIT,2027-06-17,C,54.0,0.0,0.0,0.0,0.0,0.0,3303.0,0.0,0.0,0.0,0.0,0.0,0.0,0.0,0.0,0.0,0.0,0.0,no_change,3.83,2026-09-02T15:59:55,0.0,3.82500004768372,44.42,2026-09-03 13:44:14,2026-09-03 09:45:06
IBIT,IBIT270617C00055000,IBIT,2027-06-17,C,55.0,0.0,0.0,0.0,0.0,0.0,31948.0,0.0,0.0,0.0,0.0,0.0,0.0,0.0,0.0,0.0,0.0,0.0,up,3.65,2026-09-02T15:58:05,0.0,3.60000002384186,44.42,2026-09-03 13:44:14,2026-09-03 09:45:06
IBIT,IBIT270617C00056000,IBIT,2027-06-17,C,56.0,0.0,0.0,0.0,0.0,0.0,1700.0,0.0,0.0,0.0,0.0,0.0,0.0,0.0,0.0,0.0,0.0,0.0,up,3.45,2026-09-02T14:31:13,0.0,3.39999997615814,44.42,2026-09-03 13:44:14,2026-09-03 09:45:06
IBIT,IBIT270617C00057000,IBIT,2027-06-17,C,57.0,0.0,0.0,0.0,0.0,0.0,590.0,0.0,0.0,0.0,0.0,0.0,0.0,0.0,0.0,0.0,0.0,0.0,no_change,3.39,2026-09-01T11:05:13,0.0,3.20000004768372,44.42,2026-09-03 13:44:14,2026-09-03 09:45:06
IBIT,IBIT270617C00058000,IBIT,2027-06-17,C,58.0,0.0,0.0,0.0,0.0,0.0,335.0,0.0,0.0,0.0,0.0,0.0,0.0,0.0,0.0,0.0,0.0,0.0,down,3.0,2026-09-02T15:30:05,0.0,3.0,44.42,2026-09-03 13:44:14,2026-09-03 09:45:06
IBIT,IBIT270617C00059000,IBIT,2027-06-17,C,59.0,0.0,0.0,0.0,0.0,0.0,2716.0,0.0,0.0,0.0,0.0,0.0,0.0,0.0,0.0,0.0,0.0,0.0,down,2.75,2026-09-01T14:45:37,0.0,2.82499992847443,44.42,2026-09-03 13:44:14,2026-09-03 09:45:06
IBIT,IBIT270617C00060000,IBIT,2027-06-17,C,60.0,0.0,0.0,0.0,0.0,0.0,8256.0,0.0,0.0,0.0,0.0,0.0,0.0,0.0,0.0,0.0,0.0,0.0,up,2.7,2026-09-02T14:37:33,0.0,2.6599999666214,44.42,2026-09-03 13:44:14,2026-09-03 09:45:06
IBIT,IBIT270617C00061000,IBIT,2027-06-17,C,61.0,0.0,0.0,0.0,0.0,0.0,260.0,0.0,0.0,0.0,0.0,0.0,0.0,0.0,0.0,0.0,0.0,0.0,up,3.5,2026-08-27T11:13:10,0.0,2.50999999046326,44.42,2026-09-03 13:44:14,2026-09-03 09:45:06
IBIT,IBIT270617C00062000,IBIT,2027-06-17,C,62.0,0.0,0.0,0.0,0.0,0.0,7693.0,0.0,0.0,0.0,0.0,0.0,0.0,0.0,0.0,0.0,0.0,0.0,up,2.83,2026-08-31T15:39:58,0.0,2.37000000476837,44.42,2026-09-03 13:44:14,2026-09-03 09:45:06
IBIT,IBIT270617C00063000,IBIT,2027-06-17,C,63.0,0.0,0.0,0.0,0.0,0.0,381.0,0.0,0.0,0.0,0.0,0.0,0.0,0.0,0.0,0.0,0.0,0.0,up,2.61,2026-08-31T14:14:52,0.0,2.24000000953674,44.42,2026-09-03 13:44:14,2026-09-03 09:45:06
IBIT,IBIT270617C00064000,IBIT,2027-06-17,C,64.0,0.0,0.0,0.0,0.0,0.0,473.0,0.0,0.0,0.0,0.0,0.0,0.0,0.0,0.0,0.0,0.0,0.0,up,2.13,2026-09-02T13:31:58,0.0,2.13999998569489,44.42,2026-09-03 13:44:14,2026-09-03 09:45:06
IBIT,IBIT270617C00065000,IBIT,2027-06-17,C,65.0,0.0,0.0,0.0,0.0,0.0,10177.0,0.0,0.0,0.0,0.0,0.0,0.0,0.0,0.0,0.0,0.0,0.0,no_change,2.02,2026-09-02T15:57:32,0.0,2.02999997138977,44.42,2026-09-03 13:44:14,2026-09-03 09:45:06
IBIT,IBIT270617C00066000,IBIT,2027-06-17,C,66.0,0.0,0.0,0.0,0.0,0.0,1719.0,0.0,0.0,0.0,0.0,0.0,0.0,0.0,0.0,0.0,0.0,0.0,no_change,1.96,2026-09-02T12:27:37,0.0,1.90500003099442,44.42,2026-09-03 13:44:14,2026-09-03 09:45:06
IBIT,IBIT270617C00067000,IBIT,2027-06-17,C,67.0,0.0,0.0,0.0,0.0,0.0,597.0,0.0,0.0,0.0,0.0,0.0,0.0,0.0,0.0,0.0,0.0,0.0,no_change,2.62,2026-08-27T14:00:52,0.0,1.81000000238419,44.42,2026-09-03 13:44:14,2026-09-03 09:45:06
IBIT,IBIT270617C00068000,IBIT,2027-06-17,C,68.0,0.0,0.0,0.0,0.0,0.0,627.0,0.0,0.0,0.0,0.0,0.0,0.0,0.0,0.0,0.0,0.0,0.0,down,2.06,2026-08-31T14:28:13,0.0,1.71999996900558,44.42,2026-09-03 13:44:14,2026-09-03 09:45:06
IBIT,IBIT270617C00069000,IBIT,2027-06-17,C,69.0,0.0,0.0,0.0,0.0,0.0,1425.0,0.0,0.0,0.0,0.0,0.0,0.0,0.0,0.0,0.0,0.0,0.0,no_change,2.11,2026-08-28T10:05:30,0.0,1.62999999523163,44.42,2026-09-03 13:44:14,2026-09-03 09:45:06
IBIT,IBIT270617C00070000,IBIT,2027-06-17,C,70.0,0.0,0.0,0.0,0.0,0.0,13589.0,0.0,0.0,0.0,0.0,0.0,0.0,0.0,0.0,0.0,0.0,0.0,down,1.53,2026-09-02T15:54:43,0.0,1.55500000715256,44.42,2026-09-03 13:44:14,2026-09-03 09:45:06
IBIT,IBIT270617C00071000,IBIT,2027-06-17,C,71.0,0.0,0.0,0.0,0.0,0.0,512.0,0.0,0.0,0.0,0.0,0.0,0.0,0.0,0.0,0.0,0.0,0.0,down,1.83,2026-08-26T12:25:17,0.0,1.48000001907349,44.42,2026-09-03 13:44:14,2026-09-03 09:45:06
IBIT,IBIT270617C00072000,IBIT,2027-06-17,C,72.0,0.0,0.0,0.0,0.0,0.0,324.0,0.0,0.0,0.0,0.0,0.0,0.0,0.0,0.0,0.0,0.0,0.0,no_change,1.41,2026-09-02T15:51:36,0.0,1.41500002145767,44.42,2026-09-03 13:44:14,2026-09-03 09:45:06
IBIT,IBIT270617C00073000,IBIT,2027-06-17,C,73.0,0.0,0.0,0.0,0.0,0.0,660.0,0.0,0.0,0.0,0.0,0.0,0.0,0.0,0.0,0.0,0.0,0.0,up,1.51,2026-09-01T09:33:09,0.0,1.34499996900558,44.42,2026-09-03 13:44:14,2026-09-03 09:45:06
IBIT,IBIT270617C00074000,IBIT,2027-06-17,C,74.0,0.0,0.0,0.0,0.0,0.0,392.0,0.0,0.0,0.0,0.0,0.0,0.0,0.0,0.0,0.0,0.0,0.0,down,1.3,2026-09-02T10:26:02,0.0,1.28500002622604,44.42,2026-09-03 13:44:14,2026-09-03 09:45:06
IBIT,IBIT270617C00075000,IBIT,2027-06-17,C,75.0,0.0,0.0,0.0,0.0,0.0,18486.0,0.0,0.0,0.0,0.0,0.0,0.0,0.0,0.0,0.0,0.0,0.0,no_change,1.23,2026-09-02T13:15:41,0.0,1.23500001430511,44.42,2026-09-03 13:44:14,2026-09-03 09:45:06
IBIT,IBIT270617C00080000,IBIT,2027-06-17,C,80.0,0.0,0.0,0.0,0.0,0.0,11035.0,0.0,0.0,0.0,0.0,0.0,0.0,0.0,0.0,0.0,0.0,0.0,no_change,0.98,2026-09-02T12:51:15,0.0,0.994999974966049,44.42,2026-09-03 13:44:14,2026-09-03 09:45:06
IBIT,IBIT270617C00085000,IBIT,2027-06-17,C,85.0,0.0,0.0,0.0,0.0,0.0,22845.0,0.0,0.0,0.0,0.0,0.0,0.0,0.0,0.0,0.0,0.0,0.0,no_change,0.82,2026-09-02T15:19:32,0.0,0.825000017881394,44.42,2026-09-03 13:44:14,2026-09-03 09:45:06
IBIT,IBIT270617C00090000,IBIT,2027-06-17,C,90.0,0.0,0.0,0.0,0.0,0.0,35928.0,0.0,0.0,0.0,0.0,0.0,0.0,0.0,0.0,0.0,0.0,0.0,no_change,0.69,2026-09-02T15:57:47,0.0,0.71000000834465,44.42,2026-09-03 13:44:14,2026-09-03 09:45:06
IBIT,IBIT270617C00095000,IBIT,2027-06-17,C,95.0,0.0,0.0,0.0,0.0,0.0,1745.0,0.0,0.0,0.0,0.0,0.0,0.0,0.0,0.0,0.0,0.0,0.0,down,0.61,2026-09-02T13:19:33,0.0,0.599999994039536,44.42,2026-09-03 13:44:14,2026-09-03 09:45:06
IBIT,IBIT270617C00100000,IBIT,2027-06-17,C,100.0,0.0,0.0,0.0,0.0,0.0,16986.0,0.0,0.0,0.0,0.0,0.0,0.0,0.0,0.0,0.0,0.0,0.0,no_change,0.52,2026-09-02T14:16:39,0.0,0.53999999165535,44.42,2026-09-03 13:44:14,2026-09-03 09:45:06
IBIT,IBIT270617C00105000,IBIT,2027-06-17,C,105.0,0.0,0.0,0.0,0.0,0.0,1487.0,0.0,0.0,0.0,0.0,0.0,0.0,0.0,0.0,0.0,0.0,0.0,down,0.49,2026-09-02T13:19:11,0.0,0.465000003576279,44.42,2026-09-03 13:44:14,2026-09-03 09:45:06
IBIT,IBIT270617C00110000,IBIT,2027-06-17,C,110.0,0.0,0.0,0.0,0.0,0.0,1166.0,0.0,0.0,0.0,0.0,0.0,0.0,0.0,0.0,0.0,0.0,0.0,down,0.41,2026-09-02T13:19:18,0.0,0.41499999165535,44.42,2026-09-03 13:44:14,2026-09-03 09:45:06
IBIT,IBIT270617C00115000,IBIT,2027-06-17,C,115.0,0.0,0.0,0.0,0.0,0.0,1169.0,0.0,0.0,0.0,0.0,0.0,0.0,0.0,0.0,0.0,0.0,0.0,up,0.39,2026-09-02T13:19:18,0.0,0.379999995231628,44.42,2026-09-03 13:44:14,2026-09-03 09:45:06
IBIT,IBIT270617C00120000,IBIT,2027-06-17,C,120.0,0.0,0.0,0.0,0.0,0.0,3290.0,0.0,0.0,0.0,0.0,0.0,0.0,0.0,0.0,0.0,0.0,0.0,no_change,0.39,2026-09-01T10:49:34,0.0,0.344999998807907,44.42,2026-09-03 13:44:14,2026-09-03 09:45:06
IBIT,IBIT270617C00125000,IBIT,2027-06-17,C,125.0,0.0,0.0,0.0,0.0,0.0,1112.0,0.0,0.0,0.0,0.0,0.0,0.0,0.0,0.0,0.0,0.0,0.0,down,0.36,2026-08-28T12:23:09,0.0,0.314999997615814,44.42,2026-09-03 13:44:14,2026-09-03 09:45:06
IBIT,IBIT270617C00130000,IBIT,2027-06-17,C,130.0,0.0,0.0,0.0,0.0,0.0,482.0,0.0,0.0,0.0,0.0,0.0,0.0,0.0,0.0,0.0,0.0,0.0,up,0.32,2026-08-31T09:30:27,0.0,0.295000001788139,44.42,2026-09-03 13:44:14,2026-09-03 09:45:06
IBIT,IBIT270617C00135000,IBIT,2027-06-17,C,135.0,0.0,0.0,0.0,0.0,0.0,346.0,0.0,0.0,0.0,0.0,0.0,0.0,0.0,0.0,0.0,0.0,0.0,no_change,0.28,2026-09-02T14:18:32,0.0,0.274999998509884,44.42,2026-09-03 13:44:14,2026-09-03 09:45:06
IBIT,IBIT270617C00140000,IBIT,2027-06-17,C,140.0,0.0,0.0,0.0,0.0,0.0,53629.0,0.0,0.0,0.0,0.0,0.0,0.0,0.0,0.0,0.0,0.0,0.0,no_change,0.25,2026-09-02T15:57:35,0.0,0.259999997913837,44.42,2026-09-03 13:44:14,2026-09-03 09:45:06
IBIT,IBIT270617P00001000,IBIT,2027-06-17,P,1.0,0.0,0.0,0.0,0.0,0.0,14.0,0.0,0.0,0.0,0.0,0.0,0.0,0.0,0.0,0.0,0.0,0.0,down,0.01,2026-07-23T10:06:46,0.0,0.025000000372529,44.42,2026-09-03 13:44:14,2026-09-03 09:45:06
IBIT,IBIT270617P00002000,IBIT,2027-06-17,P,2.0,0.0,0.0,0.0,0.0,0.0,2.0,0.0,0.0,0.0,0.0,0.0,0.0,0.0,0.0,0.0,0.0,0.0,down,0.01,2026-08-06T09:58:01,0.0,0.0299999993294477,44.42,2026-09-03 13:44:14,2026-09-03 09:45:06
IBIT,IBIT270617P00003000,IBIT,2027-06-17,P,3.0,0.0,0.0,0.0,0.0,0.0,51.0,0.0,0.0,0.0,0.0,0.0,0.0,0.0,0.0,0.0,0.0,0.0,down,0.03,2026-08-06T09:59:08,0.0,0.0399999991059303,44.42,2026-09-03 13:44:14,2026-09-03 09:45:06
IBIT,IBIT270617P00004000,IBIT,2027-06-17,P,4.0,0.0,0.0,0.0,0.0,0.0,72.0,0.0,0.0,0.0,0.0,0.0,0.0,0.0,0.0,0.0,0.0,0.0,no_change,0.05,2026-08-13T15:44:52,0.0,0.0500000016763806,44.42,2026-09-03 13:44:14,2026-09-03 09:45:06
IBIT,IBIT270617P00005000,IBIT,2027-06-17,P,5.0,0.0,0.0,0.0,0.0,0.0,1130.0,0.0,0.0,0.0,0.0,0.0,0.0,0.0,0.0,0.0,0.0,0.0,no_change,0.04,2026-08-31T15:07:11,0.0,0.0350000001490116,44.42,2026-09-03 13:44:14,2026-09-03 09:45:06
IBIT,IBIT270617P00006000,IBIT,2027-06-17,P,6.0,0.0,0.0,0.0,0.0,0.0,22.0,0.0,0.0,0.0,0.0,0.0,0.0,0.0,0.0,0.0,0.0,0.0,up,0.12,2026-08-04T09:48:32,0.0,0.0749999983236194,44.42,2026-09-03 13:44:14,2026-09-03 09:45:06
IBIT,IBIT270617P00007000,IBIT,2027-06-17,P,7.0,0.0,0.0,0.0,0.0,0.0,71.0,0.0,0.0,0.0,0.0,0.0,0.0,0.0,0.0,0.0,0.0,0.0,up,0.12,2026-08-06T09:59:08,0.0,0.0899999979883432,44.42,2026-09-03 13:44:14,2026-09-03 09:45:06
IBIT,IBIT270617P00008000,IBIT,2027-06-17,P,8.0,0.0,0.0,0.0,0.0,0.0,343.0,0.0,0.0,0.0,0.0,0.0,0.0,0.0,0.0,0.0,0.0,0.0,no_change,0.12,2026-08-19T11:10:15,0.0,0.10500000230968,44.42,2026-09-03 13:44:14,2026-09-03 09:45:06
IBIT,IBIT270617P00009000,IBIT,2027-06-17,P,9.0,0.0,0.0,0.0,0.0,0.0,33.0,0.0,0.0,0.0,0.0,0.0,0.0,0.0,0.0,0.0,0.0,0.0,down,0.17,2026-08-04T10:03:36,0.0,0.114999998360872,44.42,2026-09-03 13:44:14,2026-09-03 09:45:06
IBIT,IBIT270617P00010000,IBIT,2027-06-17,P,10.0,0.0,0.0,0.0,0.0,0.0,17994.0,0.0,0.0,0.0,0.0,0.0,0.0,0.0,0.0,0.0,0.0,0.0,no_change,0.09,2026-08-26T11:03:28,0.0,0.125,44.42,2026-09-03 13:44:14,2026-09-03 09:45:06
IBIT,IBIT270617P00011000,IBIT,2027-06-17,P,11.0,0.0,0.0,0.0,0.0,0.0,9.0,0.0,0.0,0.0,0.0,0.0,0.0,0.0,0.0,0.0,0.0,0.0,down,0.2,2026-08-18T10:17:48,0.0,0.144999999552965,44.42,2026-09-03 13:44:14,2026-09-03 09:45:06
IBIT,IBIT270617P00012000,IBIT,2027-06-17,P,12.0,0.0,0.0,0.0,0.0,0.0,20.0,0.0,0.0,0.0,0.0,0.0,0.0,0.0,0.0,0.0,0.0,0.0,down,0.19,2026-08-20T10:34:28,0.0,0.160000000149012,44.42,2026-09-03 13:44:14,2026-09-03 09:45:06
IBIT,IBIT270617P00013000,IBIT,2027-06-17,P,13.0,0.0,0.0,0.0,0.0,0.0,53.0,0.0,0.0,0.0,0.0,0.0,0.0,0.0,0.0,0.0,0.0,0.0,down,0.2,2026-08-24T10:14:36,0.0,0.179999999701977,44.42,2026-09-03 13:44:14,2026-09-03 09:45:06
IBIT,IBIT270617P00014000,IBIT,2027-06-17,P,14.0,0.0,0.0,0.0,0.0,0.0,10.0,0.0,0.0,0.0,0.0,0.0,0.0,0.0,0.0,0.0,0.0,0.0,down,0.2,2026-08-27T13:10:47,0.0,0.200000002980232,44.42,2026-09-03 13:44:14,2026-09-03 09:45:06
IBIT,IBIT270617P00015000,IBIT,2027-06-17,P,15.0,0.0,0.0,0.0,0.0,0.0,37766.0,0.0,0.0,0.0,0.0,0.0,0.0,0.0,0.0,0.0,0.0,0.0,down,0.22,2026-08-27T13:53:19,0.0,0.225000008940697,44.42,2026-09-03 13:44:14,2026-09-03 09:45:06
IBIT,IBIT270617P00016000,IBIT,2027-06-17,P,16.0,0.0,0.0,0.0,0.0,0.0,605.0,0.0,0.0,0.0,0.0,0.0,0.0,0.0,0.0,0.0,0.0,0.0,down,0.33,2026-08-21T10:46:21,0.0,0.255000002682209,44.42,2026-09-03 13:44:14,2026-09-03 09:45:06
IBIT,IBIT270617P00017000,IBIT,2027-06-17,P,17.0,0.0,0.0,0.0,0.0,0.0,400.0,0.0,0.0,0.0,0.0,0.0,0.0,0.0,0.0,0.0,0.0,0.0,down,0.34,2026-08-24T14:38:55,0.0,0.300000011920929,44.42,2026-09-03 13:44:14,2026-09-03 09:45:06
IBIT,IBIT270617P00018000,IBIT,2027-06-17,P,18.0,0.0,0.0,0.0,0.0,0.0,694.0,0.0,0.0,0.0,0.0,0.0,0.0,0.0,0.0,0.0,0.0,0.0,down,0.42,2026-08-21T13:13:37,0.0,0.320000007748604,44.42,2026-09-03 13:44:14,2026-09-03 09:45:06
IBIT,IBIT270617P00019000,IBIT,2027-06-17,P,19.0,0.0,0.0,0.0,0.0,0.0,182.0,0.0,0.0,0.0,0.0,0.0,0.0,0.0,0.0,0.0,0.0,0.0,down,0.37,2026-08-31T14:14:06,0.0,0.364999994635582,44.42,2026-09-03 13:44:14,2026-09-03 09:45:06
IBIT,IBIT270617P00020000,IBIT,2027-06-17,P,20.0,0.0,0.0,0.0,0.0,0.0,10906.0,0.0,0.0,0.0,0.0,0.0,0.0,0.0,0.0,0.0,0.0,0.0,down,0.39,2026-09-01T13:32:37,0.0,0.410000011324882,44.42,2026-09-03 13:44:14,2026-09-03 09:45:06
IBIT,IBIT270617P00021000,IBIT,2027-06-17,P,21.0,0.0,0.0,0.0,0.0,0.0,11.0,0.0,0.0,0.0,0.0,0.0,0.0,0.0,0.0,0.0,0.0,0.0,down,0.48,2026-08-31T12:04:30,0.0,0.464999988675118,44.42,2026-09-03 13:44:14,2026-09-03 09:45:06
IBIT,IBIT270617P00022000,IBIT,2027-06-17,P,22.0,0.0,0.0,0.0,0.0,0.0,10276.0,0.0,0.0,0.0,0.0,0.0,0.0,0.0,0.0,0.0,0.0,0.0,down,0.59,2026-08-25T13:10:45,0.0,0.519999995827675,44.42,2026-09-03 13:44:14,2026-09-03 09:45:06
IBIT,IBIT270617P00023000,IBIT,2027-06-17,P,23.0,0.0,0.0,0.0,0.0,0.0,11658.0,0.0,0.0,0.0,0.0,0.0,0.0,0.0,0.0,0.0,0.0,0.0,down,0.67,2026-08-26T11:16:45,0.0,0.590000003576279,44.42,2026-09-03 13:44:14,2026-09-03 09:45:06
IBIT,IBIT270617P00024000,IBIT,2027-06-17,P,24.0,0.0,0.0,0.0,0.0,0.0,484.0,0.0,0.0,0.0,0.0,0.0,0.0,0.0,0.0,0.0,0.0,0.0,down,0.76,2026-08-26T11:36:58,0.0,0.675000011920929,44.42,2026-09-03 13:44:14,2026-09-03 09:45:06
IBIT,IBIT270617P00025000,IBIT,2027-06-17,P,25.0,0.0,0.0,0.0,0.0,0.0,17311.0,0.0,0.0,0.0,0.0,0.0,0.0,0.0,0.0,0.0,0.0,0.0,down,0.76,2026-09-02T13:40:28,0.0,0.775000005960464,44.42,2026-09-03 13:44:14,2026-09-03 09:45:06
IBIT,IBIT270617P00026000,IBIT,2027-06-17,P,26.0,0.0,0.0,0.0,0.0,0.0,8450.0,0.0,0.0,0.0,0.0,0.0,0.0,0.0,0.0,0.0,0.0,0.0,up,0.86,2026-09-02T15:17:01,0.0,0.865000009536743,44.42,2026-09-03 13:44:14,2026-09-03 09:45:06
IBIT,IBIT270617P00027000,IBIT,2027-06-17,P,27.0,0.0,0.0,0.0,0.0,0.0,3990.0,0.0,0.0,0.0,0.0,0.0,0.0,0.0,0.0,0.0,0.0,0.0,up,0.98,2026-09-02T13:32:39,0.0,0.974999994039536,44.42,2026-09-03 13:44:14,2026-09-03 09:45:06
IBIT,IBIT270617P00028000,IBIT,2027-06-17,P,28.0,0.0,0.0,0.0,0.0,0.0,2772.0,0.0,0.0,0.0,0.0,0.0,0.0,0.0,0.0,0.0,0.0,0.0,down,1.09,2026-09-02T14:31:27,0.0,1.11000001430511,44.42,2026-09-03 13:44:14,2026-09-03 09:45:06
IBIT,IBIT270617P00029000,IBIT,2027-06-17,P,29.0,0.0,0.0,0.0,0.0,0.0,1308.0,0.0,0.0,0.0,0.0,0.0,0.0,0.0,0.0,0.0,0.0,0.0,down,1.23,2026-09-02T15:10:22,0.0,1.25499999523163,44.42,2026-09-03 13:44:14,2026-09-03 09:45:06
IBIT,IBIT270617P00030000,IBIT,2027-06-17,P,30.0,0.0,0.0,0.0,0.0,0.0,23473.0,0.0,0.0,0.0,0.0,0.0,0.0,0.0,0.0,0.0,0.0,0.0,no_change,1.4,2026-09-02T15:10:19,0.0,1.40500003099442,44.42,2026-09-03 13:44:14,2026-09-03 09:45:06
IBIT,IBIT270617P00031000,IBIT,2027-06-17,P,31.0,0.0,0.0,0.0,0.0,0.0,1463.0,0.0,0.0,0.0,0.0,0.0,0.0,0.0,0.0,0.0,0.0,0.0,down,1.72,2026-08-25T14:52:29,0.0,1.59999996423721,44.42,2026-09-03 13:44:14,2026-09-03 09:45:06
IBIT,IBIT270617P00032000,IBIT,2027-06-17,P,32.0,0.0,0.0,0.0,0.0,0.0,744.0,0.0,0.0,0.0,0.0,0.0,0.0,0.0,0.0,0.0,0.0,0.0,down,1.81,2026-09-02T11:19:03,0.0,1.7950000166893,44.42,2026-09-03 13:44:14,2026-09-03 09:45:06
IBIT,IBIT270617P00033000,IBIT,2027-06-17,P,33.0,0.0,0.0,0.0,0.0,0.0,2384.0,0.0,0.0,0.0,0.0,0.0,0.0,0.0,0.0,0.0,0.0,0.0,no_change,2.03,2026-09-02T14:47:19,0.0,2.02499997615814,44.42,2026-09-03 13:44:14,2026-09-03 09:45:06
IBIT,IBIT270617P00034000,IBIT,2027-06-17,P,34.0,0.0,0.0,0.0,0.0,0.0,13061.0,0.0,0.0,0.0,0.0,0.0,0.0,0.0,0.0,0.0,0.0,0.0,up,2.27,2026-09-02T13:39:25,0.0,2.25999999046326,44.42,2026-09-03 13:44:14,2026-09-03 09:45:06
IBIT,IBIT270617P00035000,IBIT,2027-06-17,P,35.0,0.0,0.0,0.0,0.0,0.0,32216.0,0.0,0.0,0.0,0.0,0.0,0.0,0.0,0.0,0.0,0.0,0.0,no_change,2.52,2026-09-02T14:49:55,0.0,2.52499997615814,44.42,2026-09-03 13:44:14,2026-09-03 09:45:06
IBIT,IBIT270617P00036000,IBIT,2027-06-17,P,36.0,0.0,0.0,0.0,0.0,0.0,2143.0,0.0,0.0,0.0,0.0,0.0,0.0,0.0,0.0,0.0,0.0,0.0,up,2.8,2026-09-01T13:44:34,0.0,2.81500005722046,44.42,2026-09-03 13:44:14,2026-09-03 09:45:06
IBIT,IBIT270617P00037000,IBIT,2027-06-17,P,37.0,0.0,0.0,0.0,0.0,0.0,5267.0,0.0,0.0,0.0,0.0,0.0,0.0,0.0,0.0,0.0,0.0,0.0,down,3.27,2026-09-01T14:50:06,0.0,3.125,44.42,2026-09-03 13:44:14,2026-09-03 09:45:06
IBIT,IBIT270617P00038000,IBIT,2027-06-17,P,38.0,0.0,0.0,0.0,0.0,0.0,2910.0,0.0,0.0,0.0,0.0,0.0,0.0,0.0,0.0,0.0,0.0,0.0,down,3.39,2026-08-31T11:20:11,0.0,3.47500002384186,44.42,2026-09-03 13:44:14,2026-09-03 09:45:06
IBIT,IBIT270617P00039000,IBIT,2027-06-17,P,39.0,0.0,0.0,0.0,0.0,0.0,1132.0,0.0,0.0,0.0,0.0,0.0,0.0,0.0,0.0,0.0,0.0,0.0,up,3.85,2026-09-02T10:16:48,0.0,3.85000002384186,44.42,2026-09-03 13:44:14,2026-09-03 09:45:06
IBIT,IBIT270617P00040000,IBIT,2027-06-17,P,40.0,0.0,0.0,0.0,0.0,0.0,15917.0,0.0,0.0,0.0,0.0,0.0,0.0,0.0,0.0,0.0,0.0,0.0,down,4.23,2026-09-02T15:44:47,0.0,4.20000004768372,44.42,2026-09-03 13:44:14,2026-09-03 09:45:06
IBIT,IBIT270617P00041000,IBIT,2027-06-17,P,41.0,0.0,0.0,0.0,0.0,0.0,814.0,0.0,0.0,0.0,0.0,0.0,0.0,0.0,0.0,0.0,0.0,0.0,no_change,4.62,2026-09-02T15:59:55,0.0,4.64999985694885,44.42,2026-09-03 13:44:14,2026-09-03 09:45:06
IBIT,IBIT270617P00042000,IBIT,2027-06-17,P,42.0,0.0,0.0,0.0,0.0,0.0,297.0,0.0,0.0,0.0,0.0,0.0,0.0,0.0,0.0,0.0,0.0,0.0,no_change,5.1,2026-09-02T15:28:03,0.0,5.09999990463257,44.42,2026-09-03 13:44:14,2026-09-03 09:45:06
IBIT,IBIT270617P00043000,IBIT,2027-06-17,P,43.0,0.0,0.0,0.0,0.0,0.0,1331.0,0.0,0.0,0.0,0.0,0.0,0.0,0.0,0.0,0.0,0.0,0.0,up,5.56,2026-09-02T15:28:03,0.0,5.54999995231628,44.42,2026-09-03 13:44:14,2026-09-03 09:45:06
IBIT,IBIT270617P00044000,IBIT,2027-06-17,P,44.0,0.0,0.0,0.0,0.0,0.0,1630.0,0.0,0.0,0.0,0.0,0.0,0.0,0.0,0.0,0.0,0.0,0.0,down,6.17,2026-09-02T09:43:58,0.0,6.07499980926514,44.42,2026-09-03 13:44:14,2026-09-03 09:45:06
IBIT,IBIT270617P00045000,IBIT,2027-06-17,P,45.0,0.0,0.0,0.0,0.0,0.0,31995.0,0.0,0.0,0.0,0.0,0.0,0.0,0.0,0.0,0.0,0.0,0.0,no_change,6.3,2026-08-31T15:44:07,0.0,6.625,44.42,2026-09-03 13:44:14,2026-09-03 09:45:06
IBIT,IBIT270617P00046000,IBIT,2027-06-17,P,46.0,0.0,0.0,0.0,0.0,0.0,224.0,0.0,0.0,0.0,0.0,0.0,0.0,0.0,0.0,0.0,0.0,0.0,up,7.08,2026-08-31T09:44:46,0.0,7.17500019073486,44.42,2026-09-03 13:44:14,2026-09-03 09:45:06
IBIT,IBIT270617P00047000,IBIT,2027-06-17,P,47.0,0.0,0.0,0.0,0.0,0.0,153.0,0.0,0.0,0.0,0.0,0.0,0.0,0.0,0.0,0.0,0.0,0.0,no_change,7.27,2026-08-27T11:58:32,0.0,7.77500009536743,44.42,2026-09-03 13:44:14,2026-09-03 09:45:06
IBIT,IBIT270617P00048000,IBIT,2027-06-17,P,48.0,0.0,0.0,0.0,0.0,0.0,96.0,0.0,0.0,0.0,0.0,0.0,0.0,0.0,0.0,0.0,0.0,0.0,up,8.5,2026-09-02T11:09:14,0.0,8.375,44.42,2026-09-03 13:44:14,2026-09-03 09:45:06
IBIT,IBIT270617P00049000,IBIT,2027-06-17,P,49.0,0.0,0.0,0.0,0.0,0.0,727.0,0.0,0.0,0.0,0.0,0.0,0.0,0.0,0.0,0.0,0.0,0.0,up,9.05,2026-09-02T15:33:25,0.0,9.02500009536743,44.42,2026-09-03 13:44:14,2026-09-03 09:45:06
IBIT,IBIT270617P00050000,IBIT,2027-06-17,P,50.0,0.0,0.0,0.0,0.0,0.0,4102.0,0.0,0.0,0.0,0.0,0.0,0.0,0.0,0.0,0.0,0.0,0.0,up,9.7,2026-09-02T15:43:38,0.0,9.69999980926514,44.42,2026-09-03 13:44:14,2026-09-03 09:45:06
IBIT,IBIT270617P00051000,IBIT,2027-06-17,P,51.0,0.0,0.0,0.0,0.0,0.0,363.0,0.0,0.0,0.0,0.0,0.0,0.0,0.0,0.0,0.0,0.0,0.0,no_change,10.35,2026-09-02T15:13:41,0.0,10.3499999046326,44.42,2026-09-03 13:44:14,2026-09-03 09:45:06
IBIT,IBIT270617P00052000,IBIT,2027-06-17,P,52.0,0.0,0.0,0.0,0.0,0.0,15.0,0.0,0.0,0.0,0.0,0.0,0.0,0.0,0.0,0.0,0.0,0.0,no_change,10.98,2026-08-28T13:32:29,0.0,11.0749998092651,44.42,2026-09-03 13:44:14,2026-09-03 09:45:06
IBIT,IBIT270617P00053000,IBIT,2027-06-17,P,53.0,0.0,0.0,0.0,0.0,0.0,26.0,0.0,0.0,0.0,0.0,0.0,0.0,0.0,0.0,0.0,0.0,0.0,up,14.12,2026-08-20T09:49:24,0.0,11.7750000953674,44.42,2026-09-03 13:44:14,2026-09-03 09:45:06
IBIT,IBIT270617P00054000,IBIT,2027-06-17,P,54.0,0.0,0.0,0.0,0.0,0.0,34.0,0.0,0.0,0.0,0.0,0.0,0.0,0.0,0.0,0.0,0.0,0.0,down,12.52,2026-08-28T15:46:38,0.0,12.5250000953674,44.42,2026-09-03 13:44:14,2026-09-03 09:45:06
IBIT,IBIT270617P00055000,IBIT,2027-06-17,P,55.0,0.0,0.0,0.0,0.0,0.0,38132.0,0.0,0.0,0.0,0.0,0.0,0.0,0.0,0.0,0.0,0.0,0.0,down,12.81,2026-08-31T13:57:12,0.0,13.3500003814697,44.42,2026-09-03 13:44:14,2026-09-03 09:45:06
IBIT,IBIT270617P00056000,IBIT,2027-06-17,P,56.0,0.0,0.0,0.0,0.0,0.0,50.0,0.0,0.0,0.0,0.0,0.0,0.0,0.0,0.0,0.0,0.0,0.0,down,16.44,2026-08-20T15:19:23,0.0,14.2249999046326,44.42,2026-09-03 13:44:14,2026-09-03 09:45:06
IBIT,IBIT270617P00057000,IBIT,2027-06-17,P,57.0,0.0,0.0,0.0,0.0,0.0,13.0,0.0,0.0,0.0,0.0,0.0,0.0,0.0,0.0,0.0,0.0,0.0,down,14.7,2026-09-01T11:06:14,0.0,15.0250000953674,44.42,2026-09-03 13:44:14,2026-09-03 09:45:06
IBIT,IBIT270617P00058000,IBIT,2027-06-17,P,58.0,0.0,0.0,0.0,0.0,0.0,12.0,0.0,0.0,0.0,0.0,0.0,0.0,0.0,0.0,0.0,0.0,0.0,up,24.7,2026-06-30T10:17:50,0.0,15.8500003814697,44.42,2026-09-03 13:44:14,2026-09-03 09:45:06
IBIT,IBIT270617P00059000,IBIT,2027-06-17,P,59.0,0.0,0.0,0.0,0.0,0.0,25.0,0.0,0.0,0.0,0.0,0.0,0.0,0.0,0.0,0.0,0.0,0.0,down,17.1,2026-08-21T10:25:46,0.0,16.6749992370605,44.42,2026-09-03 13:44:14,2026-09-03 09:45:06
IBIT,IBIT270617P00060000,IBIT,2027-06-17,P,60.0,0.0,0.0,0.0,0.0,0.0,2163.0,0.0,0.0,0.0,0.0,0.0,0.0,0.0,0.0,0.0,0.0,0.0,up,17.5,2026-08-28T12:24:29,0.0,17.5249996185303,44.42,2026-09-03 13:44:14,2026-09-03 09:45:06
IBIT,IBIT270617P00061000,IBIT,2027-06-17,P,61.0,0.0,0.0,0.0,0.0,0.0,0.0,0.0,0.0,0.0,0.0,0.0,0.0,0.0,0.0,0.0,0.0,0.0,up,27.32,2026-06-24T14:20:05,0.0,18.3999996185303,44.42,2026-09-03 13:44:14,2026-09-03 09:45:06
IBIT,IBIT270617P00062000,IBIT,2027-06-17,P,62.0,0.0,0.0,0.0,0.0,0.0,0.0,0.0,0.0,0.0,0.0,0.0,0.0,0.0,0.0,0.0,0.0,0.0,no_change,20.55,2026-04-27T11:28:28,0.0,19.25,44.42,2026-09-03 13:44:14,2026-09-03 09:45:06
IBIT,IBIT270617P00063000,IBIT,2027-06-17,P,63.0,0.0,0.0,0.0,0.0,0.0,0.0,0.0,0.0,0.0,0.0,0.0,0.0,0.0,0.0,0.0,0.0,0.0,up,21.26,2026-05-26T14:14:41,0.0,20.0500001907349,44.42,2026-09-03 13:44:14,2026-09-03 09:45:06
IBIT,IBIT270617P00064000,IBIT,2027-06-17,P,64.0,0.0,0.0,0.0,0.0,0.0,0.0,0.0,0.0,0.0,0.0,0.0,0.0,0.0,0.0,0.0,0.0,0.0,up,28.65,2026-07-31T11:18:00,0.0,20.9250001907349,44.42,2026-09-03 13:44:14,2026-09-03 09:45:06
IBIT,IBIT270617P00065000,IBIT,2027-06-17,P,65.0,0.0,0.0,0.0,0.0,0.0,6175.0,0.0,0.0,0.0,0.0,0.0,0.0,0.0,0.0,0.0,0.0,0.0,down,21.15,2026-08-31T12:13:52,0.0,21.8499994277954,44.42,2026-09-03 13:44:14,2026-09-03 09:45:06
IBIT,IBIT270617P00066000,IBIT,2027-06-17,P,66.0,0.0,0.0,0.0,0.0,0.0,1.0,0.0,0.0,0.0,0.0,0.0,0.0,0.0,0.0,0.0,0.0,0.0,down,22.41,2026-08-31T10:41:19,0.0,22.875,44.42,2026-09-03 13:44:14,2026-09-03 09:45:06
IBIT,IBIT270617P00067000,IBIT,2027-06-17,P,67.0,0.0,0.0,0.0,0.0,0.0,0.0,0.0,0.0,0.0,0.0,0.0,0.0,0.0,0.0,0.0,0.0,0.0,up,31.7,2026-06-05T09:30:01,0.0,23.7749996185303,44.42,2026-09-03 13:44:14,2026-09-03 09:45:06
IBIT,IBIT270617P00068000,IBIT,2027-06-17,P,68.0,0.0,0.0,0.0,0.0,0.0,0.0,0.0,0.0,0.0,0.0,0.0,0.0,0.0,0.0,0.0,0.0,0.0,down,31.78,2026-06-18T09:41:23,0.0,24.7250003814697,44.42,2026-09-03 13:44:14,2026-09-03 09:45:06
IBIT,IBIT270617P00069000,IBIT,2027-06-17,P,69.0,0.0,0.0,0.0,0.0,0.0,0.0,0.0,0.0,0.0,0.0,0.0,0.0,0.0,0.0,0.0,0.0,0.0,down,33.76,2026-06-10T09:48:20,0.0,25.6000003814697,44.42,2026-09-03 13:44:14,2026-09-03 09:45:06
IBIT,IBIT270617P00070000,IBIT,2027-06-17,P,70.0,0.0,0.0,0.0,0.0,0.0,4.0,0.0,0.0,0.0,0.0,0.0,0.0,0.0,0.0,0.0,0.0,0.0,down,25.3,2026-08-27T14:54:14,0.0,26.5500001907349,44.42,2026-09-03 13:44:14,2026-09-03 09:45:06
IBIT,IBIT270617P00071000,IBIT,2027-06-17,P,71.0,0.0,0.0,0.0,0.0,0.0,0.0,0.0,0.0,0.0,0.0,0.0,0.0,0.0,0.0,0.0,0.0,0.0,no_change,0.0,,0.0,27.5249996185303,44.42,2026-09-03 13:44:14,2026-09-03 09:45:06
IBIT,IBIT270617P00072000,IBIT,2027-06-17,P,72.0,0.0,0.0,0.0,0.0,0.0,0.0,0.0,0.0,0.0,0.0,0.0,0.0,0.0,0.0,0.0,0.0,0.0,no_change,0.0,,0.0,28.4750003814697,44.42,2026-09-03 13:44:14,2026-09-03 09:45:06
IBIT,IBIT270617P00073000,IBIT,2027-06-17,P,73.0,0.0,0.0,0.0,0.0,0.0,0.0,0.0,0.0,0.0,0.0,0.0,0.0,0.0,0.0,0.0,0.0,0.0,no_change,0.0,,0.0,29.4249992370606,44.42,2026-09-03 13:44:14,2026-09-03 09:45:06
IBIT,IBIT270617P00074000,IBIT,2027-06-17,P,74.0,0.0,0.0,0.0,0.0,0.0,0.0,0.0,0.0,0.0,0.0,0.0,0.0,0.0,0.0,0.0,0.0,0.0,no_change,0.0,,0.0,30.3500003814697,44.42,2026-09-03 13:44:14,2026-09-03 09:45:06
IBIT,IBIT270617P00075000,IBIT,2027-06-17,P,75.0,0.0,0.0,0.0,0.0,0.0,0.0,0.0,0.0,0.0,0.0,0.0,0.0,0.0,0.0,0.0,0.0,0.0,no_change,40.56,2026-06-05T11:12:37,0.0,31.3499994277954,44.42,2026-09-03 13:44:14,2026-09-03 09:45:06
IBIT,IBIT270617P00080000,IBIT,2027-06-17,P,80.0,0.0,0.0,0.0,0.0,0.0,1.0,0.0,0.0,0.0,0.0,0.0,0.0,0.0,0.0,0.0,0.0,0.0,down,46.09,2026-06-05T15:45:49,0.0,36.2249984741211,44.42,2026-09-03 13:44:14,2026-09-03 09:45:06
IBIT,IBIT270617P00085000,IBIT,2027-06-17,P,85.0,0.0,0.0,0.0,0.0,0.0,0.0,0.0,0.0,0.0,0.0,0.0,0.0,0.0,0.0,0.0,0.0,0.0,up,49.39,2026-06-11T10:49:56,0.0,41.1999988555908,44.42,2026-09-03 13:44:14,2026-09-03 09:45:06
IBIT,IBIT270617P00090000,IBIT,2027-06-17,P,90.0,0.0,0.0,0.0,0.0,0.0,2.0,0.0,0.0,0.0,0.0,0.0,0.0,0.0,0.0,0.0,0.0,0.0,up,44.75,2026-08-24T11:27:27,0.0,46.3249988555908,44.42,2026-09-03 13:44:14,2026-09-03 09:45:06
IBIT,IBIT270617P00095000,IBIT,2027-06-17,P,95.0,0.0,0.0,0.0,0.0,0.0,0.0,0.0,0.0,0.0,0.0,0.0,0.0,0.0,0.0,0.0,0.0,0.0,no_change,54.75,2026-06-01T15:35:08,0.0,51.5,44.42,2026-09-03 13:44:14,2026-09-03 09:45:06
IBIT,IBIT270617P00100000,IBIT,2027-06-17,P,100.0,0.0,0.0,0.0,0.0,0.0,0.0,0.0,0.0,0.0,0.0,0.0,0.0,0.0,0.0,0.0,0.0,0.0,up,63.0,2026-07-15T14:18:48,0.0,56.3000011444092,44.42,2026-09-03 13:44:14,2026-09-03 09:45:06
IBIT,IBIT270617P00105000,IBIT,2027-06-17,P,105.0,0.0,0.0,0.0,0.0,0.0,0.0,0.0,0.0,0.0,0.0,0.0,0.0,0.0,0.0,0.0,0.0,0.0,down,54.8,2026-01-21T14:27:40,0.0,61.4500007629394,44.42,2026-09-03 13:44:14,2026-09-03 09:45:06
IBIT,IBIT270617P00110000,IBIT,2027-06-17,P,110.0,0.0,0.0,0.0,0.0,0.0,1.0,0.0,0.0,0.0,0.0,0.0,0.0,0.0,0.0,0.0,0.0,0.0,no_change,73.35,2026-07-30T15:50:32,0.0,66.3499984741211,44.42,2026-09-03 13:44:14,2026-09-03 09:45:06
IBIT,IBIT270617P00115000,IBIT,2027-06-17,P,115.0,0.0,0.0,0.0,0.0,0.0,7.0,0.0,0.0,0.0,0.0,0.0,0.0,0.0,0.0,0.0,0.0,0.0,down,70.34,2026-08-28T10:42:49,0.0,71.5250015258789,44.42,2026-09-03 13:44:14,2026-09-03 09:45:06
IBIT,IBIT270617P00120000,IBIT,2027-06-17,P,120.0,0.0,0.0,0.0,0.0,0.0,0.0,0.0,0.0,0.0,0.0,0.0,0.0,0.0,0.0,0.0,0.0,0.0,up,68.54,2026-01-20T11:16:33,0.0,76.2750015258789,44.42,2026-09-03 13:44:14,2026-09-03 09:45:06
IBIT,IBIT270617P00125000,IBIT,2027-06-17,P,125.0,0.0,0.0,0.0,0.0,0.0,0.0,0.0,0.0,0.0,0.0,0.0,0.0,0.0,0.0,0.0,0.0,0.0,up,74.93,2026-01-21T14:16:44,0.0,81.4000015258789,44.42,2026-09-03 13:44:14,2026-09-03 09:45:06
IBIT,IBIT270617P00130000,IBIT,2027-06-17,P,130.0,0.0,0.0,0.0,0.0,0.0,0.0,0.0,0.0,0.0,0.0,0.0,0.0,0.0,0.0,0.0,0.0,0.0,up,85.3,2026-08-28T10:42:49,0.0,86.5249977111816,44.42,2026-09-03 13:44:14,2026-09-03 09:45:06
IBIT,IBIT270617P00135000,IBIT,2027-06-17,P,135.0,0.0,0.0,0.0,0.0,0.0,0.0,0.0,0.0,0.0,0.0,0.0,0.0,0.0,0.0,0.0,0.0,0.0,down,85.68,2025-12-26T12:24:36,0.0,91.375,44.42,2026-09-03 13:44:14,2026-09-03 09:45:06
IBIT,IBIT270617P00140000,IBIT,2027-06-17,P,140.0,0.0,0.0,0.0,0.0,0.0,0.0,0.0,0.0,0.0,0.0,0.0,0.0,0.0,0.0,0.0,0.0,0.0,no_change,95.3,2026-08-28T10:42:49,0.0,96.375,44.42,2026-09-03 13:44:14,2026-09-03 09:45:06
IBIT,IBIT271217C00005000,IBIT,2027-12-17,C,5.0,0.0,0.0,0.0,0.0,0.0,6491.0,0.0,0.0,0.0,0.0,0.0,0.0,0.0,0.0,0.0,0.0,0.0,down,39.02,2026-08-28T15:29:28,0.0,38.9750003814697,44.42,2026-09-03 13:44:14,2026-09-03 09:45:06
IBIT,IBIT271217C00010000,IBIT,2027-12-17,C,10.0,0.0,0.0,0.0,0.0,0.0,207.0,0.0,0.0,0.0,0.0,0.0,0.0,0.0,0.0,0.0,0.0,0.0,down,26.91,2026-07-17T10:12:07,0.0,34.5500011444092,44.42,2026-09-03 13:44:14,2026-09-03 09:45:06
IBIT,IBIT271217C00015000,IBIT,2027-12-17,C,15.0,0.0,0.0,0.0,0.0,0.0,70.0,0.0,0.0,0.0,0.0,0.0,0.0,0.0,0.0,0.0,0.0,0.0,up,31.57,2026-08-24T12:15:31,0.0,30.7249994277954,44.42,2026-09-03 13:44:14,2026-09-03 09:45:06
IBIT,IBIT271217C00020000,IBIT,2027-12-17,C,20.0,0.0,0.0,0.0,0.0,0.0,810.0,0.0,0.0,0.0,0.0,0.0,0.0,0.0,0.0,0.0,0.0,0.0,down,26.53,2026-09-01T10:13:56,0.0,25.9000005722046,44.42,2026-09-03 13:44:14,2026-09-03 09:45:06
IBIT,IBIT271217C00025000,IBIT,2027-12-17,C,25.0,0.0,0.0,0.0,0.0,0.0,1207.0,0.0,0.0,0.0,0.0,0.0,0.0,0.0,0.0,0.0,0.0,0.0,up,22.2,2026-09-01T12:11:40,0.0,21.875,44.42,2026-09-03 13:44:14,2026-09-03 09:45:06
IBIT,IBIT271217C00030000,IBIT,2027-12-17,C,30.0,0.0,0.0,0.0,0.0,0.0,2568.0,0.0,0.0,0.0,0.0,0.0,0.0,0.0,0.0,0.0,0.0,0.0,no_change,18.1,2026-09-02T15:29:44,0.0,18.1000003814697,44.42,2026-09-03 13:44:14,2026-09-03 09:45:06
IBIT,IBIT271217C00031000,IBIT,2027-12-17,C,31.0,0.0,0.0,0.0,0.0,0.0,218.0,0.0,0.0,0.0,0.0,0.0,0.0,0.0,0.0,0.0,0.0,0.0,down,18.1,2026-08-26T10:56:38,0.0,17.4500007629395,44.42,2026-09-03 13:44:14,2026-09-03 09:45:06
IBIT,IBIT271217C00032000,IBIT,2027-12-17,C,32.0,0.0,0.0,0.0,0.0,0.0,306.0,0.0,0.0,0.0,0.0,0.0,0.0,0.0,0.0,0.0,0.0,0.0,up,17.19,2026-08-31T10:34:06,0.0,16.7749996185303,44.42,2026-09-03 13:44:14,2026-09-03 09:45:06
IBIT,IBIT271217C00033000,IBIT,2027-12-17,C,33.0,0.0,0.0,0.0,0.0,0.0,144.0,0.0,0.0,0.0,0.0,0.0,0.0,0.0,0.0,0.0,0.0,0.0,down,16.05,2026-09-02T10:00:06,0.0,16.125,44.42,2026-09-03 13:44:14,2026-09-03 09:45:06
IBIT,IBIT271217C00034000,IBIT,2027-12-17,C,34.0,0.0,0.0,0.0,0.0,0.0,187.0,0.0,0.0,0.0,0.0,0.0,0.0,0.0,0.0,0.0,0.0,0.0,up,15.45,2026-09-02T13:22:21,0.0,15.4749999046326,44.42,2026-09-03 13:44:14,2026-09-03 09:45:06
IBIT,IBIT271217C00035000,IBIT,2027-12-17,C,35.0,0.0,0.0,0.0,0.0,0.0,3324.0,0.0,0.0,0.0,0.0,0.0,0.0,0.0,0.0,0.0,0.0,0.0,down,14.85,2026-09-02T10:23:55,0.0,14.8250002861023,44.42,2026-09-03 13:44:14,2026-09-03 09:45:06
IBIT,IBIT271217C00036000,IBIT,2027-12-17,C,36.0,0.0,0.0,0.0,0.0,0.0,759.0,0.0,0.0,0.0,0.0,0.0,0.0,0.0,0.0,0.0,0.0,0.0,down,14.22,2026-09-01T15:54:36,0.0,14.2249999046326,44.42,2026-09-03 13:44:14,2026-09-03 09:45:06
IBIT,IBIT271217C00037000,IBIT,2027-12-17,C,37.0,0.0,0.0,0.0,0.0,0.0,762.0,0.0,0.0,0.0,0.0,0.0,0.0,0.0,0.0,0.0,0.0,0.0,no_change,13.67,2026-09-01T15:51:58,0.0,13.6500000953674,44.42,2026-09-03 13:44:14,2026-09-03 09:45:06
IBIT,IBIT271217C00038000,IBIT,2027-12-17,C,38.0,0.0,0.0,0.0,0.0,0.0,1259.0,0.0,0.0,0.0,0.0,0.0,0.0,0.0,0.0,0.0,0.0,0.0,up,13.06,2026-09-02T14:34:38,0.0,13.0750002861023,44.42,2026-09-03 13:44:14,2026-09-03 09:45:06
IBIT,IBIT271217C00039000,IBIT,2027-12-17,C,39.0,0.0,0.0,0.0,0.0,0.0,675.0,0.0,0.0,0.0,0.0,0.0,0.0,0.0,0.0,0.0,0.0,0.0,down,12.44,2026-09-02T09:30:05,0.0,12.5750002861023,44.42,2026-09-03 13:44:14,2026-09-03 09:45:06
IBIT,IBIT271217C00040000,IBIT,2027-12-17,C,40.0,0.0,0.0,0.0,0.0,0.0,28944.0,0.0,0.0,0.0,0.0,0.0,0.0,0.0,0.0,0.0,0.0,0.0,down,11.9,2026-09-02T15:51:25,0.0,12.0749998092651,44.42,2026-09-03 13:44:14,2026-09-03 09:45:06
IBIT,IBIT271217C00041000,IBIT,2027-12-17,C,41.0,0.0,0.0,0.0,0.0,0.0,274.0,0.0,0.0,0.0,0.0,0.0,0.0,0.0,0.0,0.0,0.0,0.0,up,11.7,2026-09-02T13:50:32,0.0,11.5500001907349,44.42,2026-09-03 13:44:14,2026-09-03 09:45:06
IBIT,IBIT271217C00042000,IBIT,2027-12-17,C,42.0,0.0,0.0,0.0,0.0,0.0,369.0,0.0,0.0,0.0,0.0,0.0,0.0,0.0,0.0,0.0,0.0,0.0,up,11.08,2026-09-02T12:59:36,0.0,11.0500001907349,44.42,2026-09-03 13:44:14,2026-09-03 09:45:06
IBIT,IBIT271217C00043000,IBIT,2027-12-17,C,43.0,0.0,0.0,0.0,0.0,0.0,478.0,0.0,0.0,0.0,0.0,0.0,0.0,0.0,0.0,0.0,0.0,0.0,up,10.6,2026-09-02T12:01:25,0.0,10.5999999046326,44.42,2026-09-03 13:44:14,2026-09-03 09:45:06
IBIT,IBIT271217C00044000,IBIT,2027-12-17,C,44.0,0.0,0.0,0.0,0.0,0.0,473.0,0.0,0.0,0.0,0.0,0.0,0.0,0.0,0.0,0.0,0.0,0.0,down,10.25,2026-09-02T14:50:33,0.0,10.1750001907349,44.42,2026-09-03 13:44:14,2026-09-03 09:45:06
IBIT,IBIT271217C00045000,IBIT,2027-12-17,C,45.0,0.0,0.0,0.0,0.0,0.0,6750.0,0.0,0.0,0.0,0.0,0.0,0.0,0.0,0.0,0.0,0.0,0.0,up,9.55,2026-09-02T15:50:49,0.0,9.7000002861023,44.42,2026-09-03 13:44:14,2026-09-03 09:45:06
IBIT,IBIT271217C00046000,IBIT,2027-12-17,C,46.0,0.0,0.0,0.0,0.0,0.0,338.0,0.0,0.0,0.0,0.0,0.0,0.0,0.0,0.0,0.0,0.0,0.0,down,9.2,2026-09-02T11:25:07,0.0,9.2999997138977,44.42,2026-09-03 13:44:14,2026-09-03 09:45:06
IBIT,IBIT271217C00047000,IBIT,2027-12-17,C,47.0,0.0,0.0,0.0,0.0,0.0,2535.0,0.0,0.0,0.0,0.0,0.0,0.0,0.0,0.0,0.0,0.0,0.0,up,9.57,2026-08-31T12:34:57,0.0,8.90000009536743,44.42,2026-09-03 13:44:14,2026-09-03 09:45:06
IBIT,IBIT271217C00048000,IBIT,2027-12-17,C,48.0,0.0,0.0,0.0,0.0,0.0,1413.0,0.0,0.0,0.0,0.0,0.0,0.0,0.0,0.0,0.0,0.0,0.0,down,8.86,2026-09-01T11:55:57,0.0,8.5499997138977,44.42,2026-09-03 13:44:14,2026-09-03 09:45:06
IBIT,IBIT271217C00049000,IBIT,2027-12-17,C,49.0,0.0,0.0,0.0,0.0,0.0,263.0,0.0,0.0,0.0,0.0,0.0,0.0,0.0,0.0,0.0,0.0,0.0,down,8.35,2026-09-01T13:43:32,0.0,8.2000002861023,44.42,2026-09-03 13:44:14,2026-09-03 09:45:06
IBIT,IBIT271217C00050000,IBIT,2027-12-17,C,50.0,0.0,0.0,0.0,0.0,0.0,5642.0,0.0,0.0,0.0,0.0,0.0,0.0,0.0,0.0,0.0,0.0,0.0,down,7.9,2026-09-02T15:20:25,0.0,7.875,44.42,2026-09-03 13:44:14,2026-09-03 09:45:06
IBIT,IBIT271217C00051000,IBIT,2027-12-17,C,51.0,0.0,0.0,0.0,0.0,0.0,591.0,0.0,0.0,0.0,0.0,0.0,0.0,0.0,0.0,0.0,0.0,0.0,down,7.65,2026-09-01T13:46:43,0.0,7.52499985694885,44.42,2026-09-03 13:44:14,2026-09-03 09:45:06
IBIT,IBIT271217C00052000,IBIT,2027-12-17,C,52.0,0.0,0.0,0.0,0.0,0.0,423.0,0.0,0.0,0.0,0.0,0.0,0.0,0.0,0.0,0.0,0.0,0.0,down,7.31,2026-09-02T14:16:10,0.0,7.22500014305115,44.42,2026-09-03 13:44:14,2026-09-03 09:45:06
IBIT,IBIT271217C00053000,IBIT,2027-12-17,C,53.0,0.0,0.0,0.0,0.0,0.0,451.0,0.0,0.0,0.0,0.0,0.0,0.0,0.0,0.0,0.0,0.0,0.0,down,6.85,2026-09-02T09:33:10,0.0,6.92499995231628,44.42,2026-09-03 13:44:14,2026-09-03 09:45:06
IBIT,IBIT271217C00054000,IBIT,2027-12-17,C,54.0,0.0,0.0,0.0,0.0,0.0,620.0,0.0,0.0,0.0,0.0,0.0,0.0,0.0,0.0,0.0,0.0,0.0,down,6.57,2026-09-01T15:00:41,0.0,6.65000009536743,44.42,2026-09-03 13:44:14,2026-09-03 09:45:06
IBIT,IBIT271217C00055000,IBIT,2027-12-17,C,55.0,0.0,0.0,0.0,0.0,0.0,5263.0,0.0,0.0,0.0,0.0,0.0,0.0,0.0,0.0,0.0,0.0,0.0,down,6.3,2026-09-02T15:49:53,0.0,6.42499995231628,44.42,2026-09-03 13:44:14,2026-09-03 09:45:06
IBIT,IBIT271217C00056000,IBIT,2027-12-17,C,56.0,0.0,0.0,0.0,0.0,0.0,1309.0,0.0,0.0,0.0,0.0,0.0,0.0,0.0,0.0,0.0,0.0,0.0,down,6.5,2026-09-01T09:51:49,0.0,6.14999985694885,44.42,2026-09-03 13:44:14,2026-09-03 09:45:06
IBIT,IBIT271217C00057000,IBIT,2027-12-17,C,57.0,0.0,0.0,0.0,0.0,0.0,618.0,0.0,0.0,0.0,0.0,0.0,0.0,0.0,0.0,0.0,0.0,0.0,no_change,5.9,2026-09-02T10:15:33,0.0,5.90000009536743,44.42,2026-09-03 13:44:14,2026-09-03 09:45:06
IBIT,IBIT271217C00058000,IBIT,2027-12-17,C,58.0,0.0,0.0,0.0,0.0,0.0,2733.0,0.0,0.0,0.0,0.0,0.0,0.0,0.0,0.0,0.0,0.0,0.0,no_change,6.28,2026-08-31T15:17:40,0.0,5.65000009536743,44.42,2026-09-03 13:44:14,2026-09-03 09:45:06
IBIT,IBIT271217C00059000,IBIT,2027-12-17,C,59.0,0.0,0.0,0.0,0.0,0.0,1259.0,0.0,0.0,0.0,0.0,0.0,0.0,0.0,0.0,0.0,0.0,0.0,up,6.05,2026-08-21T13:16:27,0.0,5.42499995231628,44.42,2026-09-03 13:44:14,2026-09-03 09:45:06
IBIT,IBIT271217C00060000,IBIT,2027-12-17,C,60.0,0.0,0.0,0.0,0.0,0.0,22546.0,0.0,0.0,0.0,0.0,0.0,0.0,0.0,0.0,0.0,0.0,0.0,down,5.1,2026-09-02T15:51:09,0.0,5.22500014305115,44.42,2026-09-03 13:44:14,2026-09-03 09:45:06
IBIT,IBIT271217C00061000,IBIT,2027-12-17,C,61.0,0.0,0.0,0.0,0.0,0.0,1059.0,0.0,0.0,0.0,0.0,0.0,0.0,0.0,0.0,0.0,0.0,0.0,no_change,5.0,2026-09-02T10:46:17,0.0,5.02499985694885,44.42,2026-09-03 13:44:14,2026-09-03 09:45:06
IBIT,IBIT271217C00062000,IBIT,2027-12-17,C,62.0,0.0,0.0,0.0,0.0,0.0,1389.0,0.0,0.0,0.0,0.0,0.0,0.0,0.0,0.0,0.0,0.0,0.0,down,5.23,2026-08-28T12:03:19,0.0,4.84999990463257,44.42,2026-09-03 13:44:14,2026-09-03 09:45:06
IBIT,IBIT271217C00063000,IBIT,2027-12-17,C,63.0,0.0,0.0,0.0,0.0,0.0,1018.0,0.0,0.0,0.0,0.0,0.0,0.0,0.0,0.0,0.0,0.0,0.0,down,5.57,2026-08-28T09:58:55,0.0,4.65000009536743,44.42,2026-09-03 13:44:14,2026-09-03 09:45:06
IBIT,IBIT271217C00064000,IBIT,2027-12-17,C,64.0,0.0,0.0,0.0,0.0,0.0,924.0,0.0,0.0,0.0,0.0,0.0,0.0,0.0,0.0,0.0,0.0,0.0,down,4.44,2026-09-02T13:31:08,0.0,4.5,44.42,2026-09-03 13:44:14,2026-09-03 09:45:06
IBIT,IBIT271217C00065000,IBIT,2027-12-17,C,65.0,0.0,0.0,0.0,0.0,0.0,2056.0,0.0,0.0,0.0,0.0,0.0,0.0,0.0,0.0,0.0,0.0,0.0,down,4.16,2026-09-01T14:45:52,0.0,4.32500004768372,44.42,2026-09-03 13:44:14,2026-09-03 09:45:06
IBIT,IBIT271217C00066000,IBIT,2027-12-17,C,66.0,0.0,0.0,0.0,0.0,0.0,1175.0,0.0,0.0,0.0,0.0,0.0,0.0,0.0,0.0,0.0,0.0,0.0,down,3.99,2026-09-01T14:45:52,0.0,4.15000009536743,44.42,2026-09-03 13:44:14,2026-09-03 09:45:06
IBIT,IBIT271217C00067000,IBIT,2027-12-17,C,67.0,0.0,0.0,0.0,0.0,0.0,1519.0,0.0,0.0,0.0,0.0,0.0,0.0,0.0,0.0,0.0,0.0,0.0,no_change,4.8,2026-08-24T15:23:25,0.0,4.0,44.42,2026-09-03 13:44:14,2026-09-03 09:45:06
IBIT,IBIT271217C00068000,IBIT,2027-12-17,C,68.0,0.0,0.0,0.0,0.0,0.0,1067.0,0.0,0.0,0.0,0.0,0.0,0.0,0.0,0.0,0.0,0.0,0.0,up,4.74,2026-08-25T11:24:25,0.0,3.875,44.42,2026-09-03 13:44:14,2026-09-03 09:45:06
IBIT,IBIT271217C00069000,IBIT,2027-12-17,C,69.0,0.0,0.0,0.0,0.0,0.0,1187.0,0.0,0.0,0.0,0.0,0.0,0.0,0.0,0.0,0.0,0.0,0.0,down,4.1,2026-08-31T12:09:34,0.0,3.72500002384186,44.42,2026-09-03 13:44:14,2026-09-03 09:45:06
IBIT,IBIT271217C00070000,IBIT,2027-12-17,C,70.0,0.0,0.0,0.0,0.0,0.0,19459.0,0.0,0.0,0.0,0.0,0.0,0.0,0.0,0.0,0.0,0.0,0.0,no_change,3.62,2026-09-02T15:24:43,0.0,3.57500004768372,44.42,2026-09-03 13:44:14,2026-09-03 09:45:06
IBIT,IBIT271217C00075000,IBIT,2027-12-17,C,75.0,0.0,0.0,0.0,0.0,0.0,2567.0,0.0,0.0,0.0,0.0,0.0,0.0,0.0,0.0,0.0,0.0,0.0,down,3.32,2026-09-01T10:51:51,0.0,3.0349999666214,44.42,2026-09-03 13:44:14,2026-09-03 09:45:06
IBIT,IBIT271217C00080000,IBIT,2027-12-17,C,80.0,0.0,0.0,0.0,0.0,0.0,6250.0,0.0,0.0,0.0,0.0,0.0,0.0,0.0,0.0,0.0,0.0,0.0,down,2.53,2026-09-02T11:39:09,0.0,2.57000005245209,44.42,2026-09-03 13:44:14,2026-09-03 09:45:06
IBIT,IBIT271217C00085000,IBIT,2027-12-17,C,85.0,0.0,0.0,0.0,0.0,0.0,1794.0,0.0,0.0,0.0,0.0,0.0,0.0,0.0,0.0,0.0,0.0,0.0,up,2.18,2026-09-02T10:14:02,0.0,2.18999993801117,44.42,2026-09-03 13:44:14,2026-09-03 09:45:06
IBIT,IBIT271217C00090000,IBIT,2027-12-17,C,90.0,0.0,0.0,0.0,0.0,0.0,4869.0,0.0,0.0,0.0,0.0,0.0,0.0,0.0,0.0,0.0,0.0,0.0,no_change,1.87,2026-09-02T13:19:38,0.0,1.91500002145767,44.42,2026-09-03 13:44:14,2026-09-03 09:45:06
IBIT,IBIT271217C00095000,IBIT,2027-12-17,C,95.0,0.0,0.0,0.0,0.0,0.0,4348.0,0.0,0.0,0.0,0.0,0.0,0.0,0.0,0.0,0.0,0.0,0.0,down,1.6,2026-09-01T15:57:40,0.0,1.64000004529953,44.42,2026-09-03 13:44:14,2026-09-03 09:45:06
IBIT,IBIT271217C00100000,IBIT,2027-12-17,C,100.0,0.0,0.0,0.0,0.0,0.0,24345.0,0.0,0.0,0.0,0.0,0.0,0.0,0.0,0.0,0.0,0.0,0.0,up,1.47,2026-09-02T15:28:37,0.0,1.47500002384186,44.42,2026-09-03 13:44:14,2026-09-03 09:45:06
IBIT,IBIT271217C00120000,IBIT,2027-12-17,C,120.0,0.0,0.0,0.0,0.0,0.0,7371.0,0.0,0.0,0.0,0.0,0.0,0.0,0.0,0.0,0.0,0.0,0.0,up,0.94,2026-09-02T15:52:18,0.0,0.969999998807907,44.42,2026-09-03 13:44:14,2026-09-03 09:45:06
IBIT,IBIT271217C00125000,IBIT,2027-12-17,C,125.0,0.0,0.0,0.0,0.0,0.0,1171.0,0.0,0.0,0.0,0.0,0.0,0.0,0.0,0.0,0.0,0.0,0.0,no_change,0.92,2026-09-02T10:04:56,0.0,0.879999995231628,44.42,2026-09-03 13:44:14,2026-09-03 09:45:06
IBIT,IBIT271217C00130000,IBIT,2027-12-17,C,130.0,0.0,0.0,0.0,0.0,0.0,3445.0,0.0,0.0,0.0,0.0,0.0,0.0,0.0,0.0,0.0,0.0,0.0,up,1.08,2026-08-27T15:07:13,0.0,0.819999992847443,44.42,2026-09-03 13:44:14,2026-09-03 09:45:06
IBIT,IBIT271217C00135000,IBIT,2027-12-17,C,135.0,0.0,0.0,0.0,0.0,0.0,8348.0,0.0,0.0,0.0,0.0,0.0,0.0,0.0,0.0,0.0,0.0,0.0,down,0.75,2026-09-01T15:18:43,0.0,0.759999990463257,44.42,2026-09-03 13:44:14,2026-09-03 09:45:06
IBIT,IBIT271217C00140000,IBIT,2027-12-17,C,140.0,0.0,0.0,0.0,0.0,0.0,6511.0,0.0,0.0,0.0,0.0,0.0,0.0,0.0,0.0,0.0,0.0,0.0,no_change,0.7,2026-09-02T15:05:16,0.0,0.7049999833107,44.42,2026-09-03 13:44:14,2026-09-03 09:45:06
IBIT,IBIT271217P00005000,IBIT,2027-12-17,P,5.0,0.0,0.0,0.0,0.0,0.0,2290.0,0.0,0.0,0.0,0.0,0.0,0.0,0.0,0.0,0.0,0.0,0.0,no_change,0.08,2026-09-02T12:36:16,0.0,0.0849999999627471,44.42,2026-09-03 13:44:14,2026-09-03 09:45:06
IBIT,IBIT271217P00010000,IBIT,2027-12-17,P,10.0,0.0,0.0,0.0,0.0,0.0,1353.0,0.0,0.0,0.0,0.0,0.0,0.0,0.0,0.0,0.0,0.0,0.0,down,0.23,2026-08-28T09:30:33,0.0,0.270000003278255,44.42,2026-09-03 13:44:14,2026-09-03 09:45:06
IBIT,IBIT271217P00015000,IBIT,2027-12-17,P,15.0,0.0,0.0,0.0,0.0,0.0,23004.0,0.0,0.0,0.0,0.0,0.0,0.0,0.0,0.0,0.0,0.0,0.0,no_change,0.51,2026-09-02T13:56:14,0.0,0.519999995827675,44.42,2026-09-03 13:44:14,2026-09-03 09:45:06
IBIT,IBIT271217P00020000,IBIT,2027-12-17,P,20.0,0.0,0.0,0.0,0.0,0.0,8759.0,0.0,0.0,0.0,0.0,0.0,0.0,0.0,0.0,0.0,0.0,0.0,down,0.91,2026-09-01T10:46:16,0.0,0.9549999833107,44.42,2026-09-03 13:44:14,2026-09-03 09:45:06
IBIT,IBIT271217P00025000,IBIT,2027-12-17,P,25.0,0.0,0.0,0.0,0.0,0.0,33115.0,0.0,0.0,0.0,0.0,0.0,0.0,0.0,0.0,0.0,0.0,0.0,down,1.59,2026-09-02T10:58:04,0.0,1.57499998807907,44.42,2026-09-03 13:44:14,2026-09-03 09:45:06
IBIT,IBIT271217P00030000,IBIT,2027-12-17,P,30.0,0.0,0.0,0.0,0.0,0.0,2866.0,0.0,0.0,0.0,0.0,0.0,0.0,0.0,0.0,0.0,0.0,0.0,up,2.61,2026-09-02T15:43:59,0.0,2.61000001430511,44.42,2026-09-03 13:44:14,2026-09-03 09:45:06
IBIT,IBIT271217P00031000,IBIT,2027-12-17,P,31.0,0.0,0.0,0.0,0.0,0.0,480.0,0.0,0.0,0.0,0.0,0.0,0.0,0.0,0.0,0.0,0.0,0.0,down,2.89,2026-08-31T11:26:36,0.0,2.86000001430512,44.42,2026-09-03 13:44:14,2026-09-03 09:45:06
IBIT,IBIT271217P00032000,IBIT,2027-12-17,P,32.0,0.0,0.0,0.0,0.0,0.0,1644.0,0.0,0.0,0.0,0.0,0.0,0.0,0.0,0.0,0.0,0.0,0.0,down,3.14,2026-08-31T11:26:36,0.0,3.14999997615814,44.42,2026-09-03 13:44:14,2026-09-03 09:45:06
IBIT,IBIT271217P00033000,IBIT,2027-12-17,P,33.0,0.0,0.0,0.0,0.0,0.0,324.0,0.0,0.0,0.0,0.0,0.0,0.0,0.0,0.0,0.0,0.0,0.0,down,3.39,2026-08-31T10:50:58,0.0,3.39999997615814,44.42,2026-09-03 13:44:14,2026-09-03 09:45:06
IBIT,IBIT271217P00034000,IBIT,2027-12-17,P,34.0,0.0,0.0,0.0,0.0,0.0,831.0,0.0,0.0,0.0,0.0,0.0,0.0,0.0,0.0,0.0,0.0,0.0,down,3.75,2026-08-27T13:15:25,0.0,3.69999992847443,44.42,2026-09-03 13:44:14,2026-09-03 09:45:06
IBIT,IBIT271217P00035000,IBIT,2027-12-17,P,35.0,0.0,0.0,0.0,0.0,0.0,4749.0,0.0,0.0,0.0,0.0,0.0,0.0,0.0,0.0,0.0,0.0,0.0,up,4.08,2026-09-02T15:43:59,0.0,4.07500004768372,44.42,2026-09-03 13:44:14,2026-09-03 09:45:06
IBIT,IBIT271217P00036000,IBIT,2027-12-17,P,36.0,0.0,0.0,0.0,0.0,0.0,1810.0,0.0,0.0,0.0,0.0,0.0,0.0,0.0,0.0,0.0,0.0,0.0,no_change,4.35,2026-08-31T13:00:01,0.0,4.40000009536743,44.42,2026-09-03 13:44:14,2026-09-03 09:45:06
IBIT,IBIT271217P00037000,IBIT,2027-12-17,P,37.0,0.0,0.0,0.0,0.0,0.0,1921.0,0.0,0.0,0.0,0.0,0.0,0.0,0.0,0.0,0.0,0.0,0.0,up,4.8,2026-09-02T10:16:48,0.0,4.79999995231628,44.42,2026-09-03 13:44:14,2026-09-03 09:45:06
IBIT,IBIT271217P00038000,IBIT,2027-12-17,P,38.0,0.0,0.0,0.0,0.0,0.0,1688.0,0.0,0.0,0.0,0.0,0.0,0.0,0.0,0.0,0.0,0.0,0.0,down,5.2,2026-08-27T11:15:19,0.0,5.20000004768372,44.42,2026-09-03 13:44:14,2026-09-03 09:45:06
IBIT,IBIT271217P00039000,IBIT,2027-12-17,P,39.0,0.0,0.0,0.0,0.0,0.0,535.0,0.0,0.0,0.0,0.0,0.0,0.0,0.0,0.0,0.0,0.0,0.0,up,5.85,2026-08-25T12:55:15,0.0,5.625,44.42,2026-09-03 13:44:14,2026-09-03 09:45:06
IBIT,IBIT271217P00040000,IBIT,2027-12-17,P,40.0,0.0,0.0,0.0,0.0,0.0,6818.0,0.0,0.0,0.0,0.0,0.0,0.0,0.0,0.0,0.0,0.0,0.0,down,6.1,2026-09-02T09:41:58,0.0,6.07499980926514,44.42,2026-09-03 13:44:14,2026-09-03 09:45:06
IBIT,IBIT271217P00041000,IBIT,2027-12-17,P,41.0,0.0,0.0,0.0,0.0,0.0,1009.0,0.0,0.0,0.0,0.0,0.0,0.0,0.0,0.0,0.0,0.0,0.0,down,6.71,2026-09-02T09:37:28,0.0,6.5,44.42,2026-09-03 13:44:14,2026-09-03 09:45:06
IBIT,IBIT271217P00042000,IBIT,2027-12-17,P,42.0,0.0,0.0,0.0,0.0,0.0,713.0,0.0,0.0,0.0,0.0,0.0,0.0,0.0,0.0,0.0,0.0,0.0,down,7.12,2026-09-02T09:41:41,0.0,6.97499990463257,44.42,2026-09-03 13:44:14,2026-09-03 09:45:06
IBIT,IBIT271217P00043000,IBIT,2027-12-17,P,43.0,0.0,0.0,0.0,0.0,0.0,396.0,0.0,0.0,0.0,0.0,0.0,0.0,0.0,0.0,0.0,0.0,0.0,down,7.49,2026-09-02T15:25:51,0.0,7.47499990463257,44.42,2026-09-03 13:44:14,2026-09-03 09:45:06
IBIT,IBIT271217P00044000,IBIT,2027-12-17,P,44.0,0.0,0.0,0.0,0.0,0.0,117.0,0.0,0.0,0.0,0.0,0.0,0.0,0.0,0.0,0.0,0.0,0.0,down,7.94,2026-09-02T15:25:51,0.0,7.97500014305115,44.42,2026-09-03 13:44:14,2026-09-03 09:45:06
IBIT,IBIT271217P00045000,IBIT,2027-12-17,P,45.0,0.0,0.0,0.0,0.0,0.0,3964.0,0.0,0.0,0.0,0.0,0.0,0.0,0.0,0.0,0.0,0.0,0.0,up,8.5,2026-09-01T11:26:11,0.0,8.5499997138977,44.42,2026-09-03 13:44:14,2026-09-03 09:45:06
IBIT,IBIT271217P00046000,IBIT,2027-12-17,P,46.0,0.0,0.0,0.0,0.0,0.0,395.0,0.0,0.0,0.0,0.0,0.0,0.0,0.0,0.0,0.0,0.0,0.0,down,8.95,2026-08-31T14:00:00,0.0,9.125,44.42,2026-09-03 13:44:14,2026-09-03 09:45:06
IBIT,IBIT271217P00047000,IBIT,2027-12-17,P,47.0,0.0,0.0,0.0,0.0,0.0,700.0,0.0,0.0,0.0,0.0,0.0,0.0,0.0,0.0,0.0,0.0,0.0,up,9.8,2026-08-24T11:03:05,0.0,9.72499990463257,44.42,2026-09-03 13:44:14,2026-09-03 09:45:06
IBIT,IBIT271217P00048000,IBIT,2027-12-17,P,48.0,0.0,0.0,0.0,0.0,0.0,648.0,0.0,0.0,0.0,0.0,0.0,0.0,0.0,0.0,0.0,0.0,0.0,down,10.15,2026-08-27T10:26:58,0.0,10.3000001907349,44.42,2026-09-03 13:44:14,2026-09-03 09:45:06
IBIT,IBIT271217P00049000,IBIT,2027-12-17,P,49.0,0.0,0.0,0.0,0.0,0.0,740.0,0.0,0.0,0.0,0.0,0.0,0.0,0.0,0.0,0.0,0.0,0.0,no_change,11.0,2026-09-02T09:55:28,0.0,10.9500002861023,44.42,2026-09-03 13:44:14,2026-09-03 09:45:06
IBIT,IBIT271217P00050000,IBIT,2027-12-17,P,50.0,0.0,0.0,0.0,0.0,0.0,2008.0,0.0,0.0,0.0,0.0,0.0,0.0,0.0,0.0,0.0,0.0,0.0,up,11.6,2026-09-02T13:21:21,0.0,11.5249996185303,44.42,2026-09-03 13:44:14,2026-09-03 09:45:06
IBIT,IBIT271217P00051000,IBIT,2027-12-17,P,51.0,0.0,0.0,0.0,0.0,0.0,255.0,0.0,0.0,0.0,0.0,0.0,0.0,0.0,0.0,0.0,0.0,0.0,no_change,12.25,2026-08-25T10:16:39,0.0,12.125,44.42,2026-09-03 13:44:14,2026-09-03 09:45:06
IBIT,IBIT271217P00052000,IBIT,2027-12-17,P,52.0,0.0,0.0,0.0,0.0,0.0,800.0,0.0,0.0,0.0,0.0,0.0,0.0,0.0,0.0,0.0,0.0,0.0,up,12.85,2026-09-01T12:36:17,0.0,12.8000001907349,44.42,2026-09-03 13:44:14,2026-09-03 09:45:06
IBIT,IBIT271217P00053000,IBIT,2027-12-17,P,53.0,0.0,0.0,0.0,0.0,0.0,847.0,0.0,0.0,0.0,0.0,0.0,0.0,0.0,0.0,0.0,0.0,0.0,down,13.3,2026-08-31T14:00:08,0.0,13.6000003814697,44.42,2026-09-03 13:44:14,2026-09-03 09:45:06
IBIT,IBIT271217P00054000,IBIT,2027-12-17,P,54.0,0.0,0.0,0.0,0.0,0.0,229.0,0.0,0.0,0.0,0.0,0.0,0.0,0.0,0.0,0.0,0.0,0.0,down,14.4,2026-08-25T10:16:29,0.0,14.3250002861023,44.42,2026-09-03 13:44:14,2026-09-03 09:45:06
IBIT,IBIT271217P00055000,IBIT,2027-12-17,P,55.0,0.0,0.0,0.0,0.0,0.0,3032.0,0.0,0.0,0.0,0.0,0.0,0.0,0.0,0.0,0.0,0.0,0.0,up,15.17,2026-09-02T10:03:03,0.0,15.0500001907349,44.42,2026-09-03 13:44:14,2026-09-03 09:45:06
IBIT,IBIT271217P00056000,IBIT,2027-12-17,P,56.0,0.0,0.0,0.0,0.0,0.0,109.0,0.0,0.0,0.0,0.0,0.0,0.0,0.0,0.0,0.0,0.0,0.0,no_change,20.94,2026-08-13T12:00:29,0.0,15.7749996185303,44.42,2026-09-03 13:44:14,2026-09-03 09:45:06
IBIT,IBIT271217P00057000,IBIT,2027-12-17,P,57.0,0.0,0.0,0.0,0.0,0.0,154.0,0.0,0.0,0.0,0.0,0.0,0.0,0.0,0.0,0.0,0.0,0.0,no_change,16.21,2026-08-28T12:01:32,0.0,16.5249996185303,44.42,2026-09-03 13:44:14,2026-09-03 09:45:06
IBIT,IBIT271217P00058000,IBIT,2027-12-17,P,58.0,0.0,0.0,0.0,0.0,0.0,197.0,0.0,0.0,0.0,0.0,0.0,0.0,0.0,0.0,0.0,0.0,0.0,up,17.75,2026-08-21T11:54:20,0.0,17.3000001907349,44.42,2026-09-03 13:44:14,2026-09-03 09:45:06
IBIT,IBIT271217P00059000,IBIT,2027-12-17,P,59.0,0.0,0.0,0.0,0.0,0.0,448.0,0.0,0.0,0.0,0.0,0.0,0.0,0.0,0.0,0.0,0.0,0.0,up,25.5,2026-06-26T10:06:31,0.0,18.0249996185303,44.42,2026-09-03 13:44:14,2026-09-03 09:45:06
IBIT,IBIT271217P00060000,IBIT,2027-12-17,P,60.0,0.0,0.0,0.0,0.0,0.0,1226.0,0.0,0.0,0.0,0.0,0.0,0.0,0.0,0.0,0.0,0.0,0.0,up,18.97,2026-09-02T10:03:03,0.0,18.8250007629395,44.42,2026-09-03 13:44:14,2026-09-03 09:45:06
IBIT,IBIT271217P00061000,IBIT,2027-12-17,P,61.0,0.0,0.0,0.0,0.0,0.0,121.0,0.0,0.0,0.0,0.0,0.0,0.0,0.0,0.0,0.0,0.0,0.0,down,19.3,2026-08-24T10:39:55,0.0,19.8000001907349,44.42,2026-09-03 13:44:14,2026-09-03 09:45:06
IBIT,IBIT271217P00062000,IBIT,2027-12-17,P,62.0,0.0,0.0,0.0,0.0,0.0,297.0,0.0,0.0,0.0,0.0,0.0,0.0,0.0,0.0,0.0,0.0,0.0,down,26.05,2026-07-10T09:46:46,0.0,20.625,44.42,2026-09-03 13:44:14,2026-09-03 09:45:06
IBIT,IBIT271217P00063000,IBIT,2027-12-17,P,63.0,0.0,0.0,0.0,0.0,0.0,552.0,0.0,0.0,0.0,0.0,0.0,0.0,0.0,0.0,0.0,0.0,0.0,down,26.65,2026-08-18T15:27:01,0.0,21.375,44.42,2026-09-03 13:44:14,2026-09-03 09:45:06
IBIT,IBIT271217P00064000,IBIT,2027-12-17,P,64.0,0.0,0.0,0.0,0.0,0.0,169.0,0.0,0.0,0.0,0.0,0.0,0.0,0.0,0.0,0.0,0.0,0.0,up,26.75,2026-06-02T10:29:59,0.0,22.2749996185303,44.42,2026-09-03 13:44:14,2026-09-03 09:45:06
IBIT,IBIT271217P00065000,IBIT,2027-12-17,P,65.0,0.0,0.0,0.0,0.0,0.0,381.0,0.0,0.0,0.0,0.0,0.0,0.0,0.0,0.0,0.0,0.0,0.0,up,22.82,2026-08-28T10:16:18,0.0,23.1000003814697,44.42,2026-09-03 13:44:14,2026-09-03 09:45:06
IBIT,IBIT271217P00066000,IBIT,2027-12-17,P,66.0,0.0,0.0,0.0,0.0,0.0,144.0,0.0,0.0,0.0,0.0,0.0,0.0,0.0,0.0,0.0,0.0,0.0,no_change,32.6,2026-06-25T10:32:00,0.0,23.9500007629395,44.42,2026-09-03 13:44:14,2026-09-03 09:45:06
IBIT,IBIT271217P00067000,IBIT,2027-12-17,P,67.0,0.0,0.0,0.0,0.0,0.0,171.0,0.0,0.0,0.0,0.0,0.0,0.0,0.0,0.0,0.0,0.0,0.0,down,33.31,2026-06-26T10:52:53,0.0,24.8249998092651,44.42,2026-09-03 13:44:14,2026-09-03 09:45:06
IBIT,IBIT271217P00068000,IBIT,2027-12-17,P,68.0,0.0,0.0,0.0,0.0,0.0,315.0,0.0,0.0,0.0,0.0,0.0,0.0,0.0,0.0,0.0,0.0,0.0,no_change,25.5,2026-09-02T09:42:40,0.0,25.625,44.42,2026-09-03 13:44:14,2026-09-03 09:45:06
IBIT,IBIT271217P00069000,IBIT,2027-12-17,P,69.0,0.0,0.0,0.0,0.0,0.0,681.0,0.0,0.0,0.0,0.0,0.0,0.0,0.0,0.0,0.0,0.0,0.0,down,26.6,2026-09-01T14:28:01,0.0,26.5499992370605,44.42,2026-09-03 13:44:14,2026-09-03 09:45:06
IBIT,IBIT271217P00070000,IBIT,2027-12-17,P,70.0,0.0,0.0,0.0,0.0,0.0,144.0,0.0,0.0,0.0,0.0,0.0,0.0,0.0,0.0,0.0,0.0,0.0,no_change,26.35,2026-08-27T11:00:41,0.0,27.4250001907349,44.42,2026-09-03 13:44:14,2026-09-03 09:45:06
IBIT,IBIT271217P00075000,IBIT,2027-12-17,P,75.0,0.0,0.0,0.0,0.0,0.0,1.0,0.0,0.0,0.0,0.0,0.0,0.0,0.0,0.0,0.0,0.0,0.0,up,31.72,2026-08-26T11:08:30,0.0,31.9499998092651,44.42,2026-09-03 13:44:14,2026-09-03 09:45:06
IBIT,IBIT271217P00080000,IBIT,2027-12-17,P,80.0,0.0,0.0,0.0,0.0,0.0,26.0,0.0,0.0,0.0,0.0,0.0,0.0,0.0,0.0,0.0,0.0,0.0,up,36.32,2026-08-26T11:08:30,0.0,36.6749992370606,44.42,2026-09-03 13:44:14,2026-09-03 09:45:06
IBIT,IBIT271217P00085000,IBIT,2027-12-17,P,85.0,0.0,0.0,0.0,0.0,0.0,0.0,0.0,0.0,0.0,0.0,0.0,0.0,0.0,0.0,0.0,0.0,0.0,up,49.95,2026-07-01T14:58:35,0.0,41.4750003814697,44.42,2026-09-03 13:44:14,2026-09-03 09:45:06
IBIT,IBIT271217P00090000,IBIT,2027-12-17,P,90.0,0.0,0.0,0.0,0.0,0.0,5.0,0.0,0.0,0.0,0.0,0.0,0.0,0.0,0.0,0.0,0.0,0.0,up,53.4,2026-08-18T15:27:10,0.0,46.0,44.42,2026-09-03 13:44:14,2026-09-03 09:45:06
IBIT,IBIT271217P00095000,IBIT,2027-12-17,P,95.0,0.0,0.0,0.0,0.0,0.0,3.0,0.0,0.0,0.0,0.0,0.0,0.0,0.0,0.0,0.0,0.0,0.0,no_change,57.38,2026-06-15T15:43:36,0.0,51.0,44.42,2026-09-03 13:44:14,2026-09-03 09:45:06
IBIT,IBIT271217P00100000,IBIT,2027-12-17,P,100.0,0.0,0.0,0.0,0.0,0.0,1.0,0.0,0.0,0.0,0.0,0.0,0.0,0.0,0.0,0.0,0.0,0.0,down,59.58,2026-04-08T12:30:55,0.0,56.125,44.42,2026-09-03 13:44:14,2026-09-03 09:45:06
IBIT,IBIT271217P00120000,IBIT,2027-12-17,P,120.0,0.0,0.0,0.0,0.0,0.0,3.0,0.0,0.0,0.0,0.0,0.0,0.0,0.0,0.0,0.0,0.0,0.0,no_change,82.25,2026-06-15T15:43:36,0.0,76.5,44.42,2026-09-03 13:44:14,2026-09-03 09:45:06
IBIT,IBIT271217P00125000,IBIT,2027-12-17,P,125.0,0.0,0.0,0.0,0.0,0.0,0.0,0.0,0.0,0.0,0.0,0.0,0.0,0.0,0.0,0.0,0.0,0.0,up,86.65,2026-02-12T10:02:40,0.0,81.5,44.42,2026-09-03 13:44:14,2026-09-03 09:45:06
IBIT,IBIT271217P00130000,IBIT,2027-12-17,P,130.0,0.0,0.0,0.0,0.0,0.0,0.0,0.0,0.0,0.0,0.0,0.0,0.0,0.0,0.0,0.0,0.0,0.0,up,86.54,2026-02-03T11:48:39,0.0,86.5250015258789,44.42,2026-09-03 13:44:14,2026-09-03 09:45:06
IBIT,IBIT271217P00135000,IBIT,2027-12-17,P,135.0,0.0,0.0,0.0,0.0,0.0,0.0,0.0,0.0,0.0,0.0,0.0,0.0,0.0,0.0,0.0,0.0,0.0,down,97.17,2026-04-02T11:46:49,0.0,91.5249977111816,44.42,2026-09-03 13:44:14,2026-09-03 09:45:06
IBIT,IBIT271217P00140000,IBIT,2027-12-17,P,140.0,0.0,0.0,0.0,0.0,0.0,0.0,0.0,0.0,0.0,0.0,0.0,0.0,0.0,0.0,0.0,0.0,0.0,no_change,96.5,2026-02-03T11:48:22,0.0,96.5249977111816,44.42,2026-09-03 13:44:14,2026-09-03 09:45:06
IBIT,IBIT280121C00001000,IBIT,2028-01-21,C,1.0,0.0,0.0,0.0,0.0,0.0,7077.0,0.0,0.0,0.0,0.0,0.0,0.0,0.0,0.0,0.0,0.0,0.0,up,43.76,2026-08-25T15:50:58,0.0,42.3500003814697,44.42,2026-09-03 13:44:14,2026-09-03 09:45:06
IBIT,IBIT280121C00002000,IBIT,2028-01-21,C,2.0,0.0,0.0,0.0,0.0,0.0,33.0,0.0,0.0,0.0,0.0,0.0,0.0,0.0,0.0,0.0,0.0,0.0,down,34.42,2026-07-29T13:55:00,0.0,41.9249992370606,44.42,2026-09-03 13:44:14,2026-09-03 09:45:06
IBIT,IBIT280121C00003000,IBIT,2028-01-21,C,3.0,0.0,0.0,0.0,0.0,0.0,1.0,0.0,0.0,0.0,0.0,0.0,0.0,0.0,0.0,0.0,0.0,0.0,up,48.14,2025-12-22T12:44:46,0.0,40.9750003814697,44.42,2026-09-03 13:44:14,2026-09-03 09:45:06
IBIT,IBIT280121C00004000,IBIT,2028-01-21,C,4.0,0.0,0.0,0.0,0.0,0.0,6.0,0.0,0.0,0.0,0.0,0.0,0.0,0.0,0.0,0.0,0.0,0.0,no_change,30.24,2026-06-24T14:00:10,0.0,40.125,44.42,2026-09-03 13:44:14,2026-09-03 09:45:06
IBIT,IBIT280121C00005000,IBIT,2028-01-21,C,5.0,0.0,0.0,0.0,0.0,0.0,2101.0,0.0,0.0,0.0,0.0,0.0,0.0,0.0,0.0,0.0,0.0,0.0,up,34.0,2026-08-19T13:17:31,0.0,39.0500011444092,44.42,2026-09-03 13:44:14,2026-09-03 09:45:06
IBIT,IBIT280121C00006000,IBIT,2028-01-21,C,6.0,0.0,0.0,0.0,0.0,0.0,8.0,0.0,0.0,0.0,0.0,0.0,0.0,0.0,0.0,0.0,0.0,0.0,no_change,28.48,2026-06-24T14:07:14,0.0,38.0499992370606,44.42,2026-09-03 13:44:14,2026-09-03 09:45:06
IBIT,IBIT280121C00007000,IBIT,2028-01-21,C,7.0,0.0,0.0,0.0,0.0,0.0,3.0,0.0,0.0,0.0,0.0,0.0,0.0,0.0,0.0,0.0,0.0,0.0,up,39.0,2026-05-13T09:57:34,0.0,37.0750007629394,44.42,2026-09-03 13:44:14,2026-09-03 09:45:06
IBIT,IBIT280121C00008000,IBIT,2028-01-21,C,8.0,0.0,0.0,0.0,0.0,0.0,8.0,0.0,0.0,0.0,0.0,0.0,0.0,0.0,0.0,0.0,0.0,0.0,up,28.35,2026-08-14T10:55:25,0.0,36.2750015258789,44.42,2026-09-03 13:44:14,2026-09-03 09:45:06
IBIT,IBIT280121C00009000,IBIT,2028-01-21,C,9.0,0.0,0.0,0.0,0.0,0.0,2.0,0.0,0.0,0.0,0.0,0.0,0.0,0.0,0.0,0.0,0.0,0.0,up,30.6,2026-02-11T11:10:43,0.0,35.5,44.42,2026-09-03 13:44:14,2026-09-03 09:45:06
IBIT,IBIT280121C00010000,IBIT,2028-01-21,C,10.0,0.0,0.0,0.0,0.0,0.0,255.0,0.0,0.0,0.0,0.0,0.0,0.0,0.0,0.0,0.0,0.0,0.0,down,34.89,2026-08-21T14:16:33,0.0,34.4750003814697,44.42,2026-09-03 13:44:14,2026-09-03 09:45:06
IBIT,IBIT280121C00011000,IBIT,2028-01-21,C,11.0,0.0,0.0,0.0,0.0,0.0,62.0,0.0,0.0,0.0,0.0,0.0,0.0,0.0,0.0,0.0,0.0,0.0,no_change,28.0,2026-07-22T09:38:42,0.0,33.7000007629394,44.42,2026-09-03 13:44:14,2026-09-03 09:45:06
IBIT,IBIT280121C00012000,IBIT,2028-01-21,C,12.0,0.0,0.0,0.0,0.0,0.0,14.0,0.0,0.0,0.0,0.0,0.0,0.0,0.0,0.0,0.0,0.0,0.0,down,23.54,2026-06-05T15:13:08,0.0,33.0750007629394,44.42,2026-09-03 13:44:14,2026-09-03 09:45:06
IBIT,IBIT280121C00013000,IBIT,2028-01-21,C,13.0,0.0,0.0,0.0,0.0,0.0,13.0,0.0,0.0,0.0,0.0,0.0,0.0,0.0,0.0,0.0,0.0,0.0,up,25.3,2026-08-18T10:27:05,0.0,32.0249996185303,44.42,2026-09-03 13:44:14,2026-09-03 09:45:06
IBIT,IBIT280121C00014000,IBIT,2028-01-21,C,14.0,0.0,0.0,0.0,0.0,0.0,77.0,0.0,0.0,0.0,0.0,0.0,0.0,0.0,0.0,0.0,0.0,0.0,down,31.6,2026-08-28T13:49:35,0.0,31.0,44.42,2026-09-03 13:44:14,2026-09-03 09:45:06
IBIT,IBIT280121C00015000,IBIT,2028-01-21,C,15.0,0.0,0.0,0.0,0.0,0.0,92.0,0.0,0.0,0.0,0.0,0.0,0.0,0.0,0.0,0.0,0.0,0.0,down,31.35,2026-08-25T13:39:53,0.0,30.2749996185303,44.42,2026-09-03 13:44:14,2026-09-03 09:45:06
IBIT,IBIT280121C00016000,IBIT,2028-01-21,C,16.0,0.0,0.0,0.0,0.0,0.0,33.0,0.0,0.0,0.0,0.0,0.0,0.0,0.0,0.0,0.0,0.0,0.0,no_change,24.6,2026-08-19T13:57:41,0.0,29.4249992370606,44.42,2026-09-03 13:44:14,2026-09-03 09:45:06
IBIT,IBIT280121C00017000,IBIT,2028-01-21,C,17.0,0.0,0.0,0.0,0.0,0.0,7.0,0.0,0.0,0.0,0.0,0.0,0.0,0.0,0.0,0.0,0.0,0.0,no_change,23.82,2026-08-19T13:55:25,0.0,28.5750007629394,44.42,2026-09-03 13:44:14,2026-09-03 09:45:06
IBIT,IBIT280121C00018000,IBIT,2028-01-21,C,18.0,0.0,0.0,0.0,0.0,0.0,40.0,0.0,0.0,0.0,0.0,0.0,0.0,0.0,0.0,0.0,0.0,0.0,up,27.78,2026-08-21T12:07:06,0.0,27.7250003814697,44.42,2026-09-03 13:44:14,2026-09-03 09:45:06
IBIT,IBIT280121C00019000,IBIT,2028-01-21,C,19.0,0.0,0.0,0.0,0.0,0.0,55.0,0.0,0.0,0.0,0.0,0.0,0.0,0.0,0.0,0.0,0.0,0.0,up,27.05,2026-08-21T12:26:46,0.0,26.875,44.42,2026-09-03 13:44:14,2026-09-03 09:45:06
IBIT,IBIT280121C00020000,IBIT,2028-01-21,C,20.0,0.0,0.0,0.0,0.0,0.0,690.0,0.0,0.0,0.0,0.0,0.0,0.0,0.0,0.0,0.0,0.0,0.0,down,26.16,2026-09-01T14:04:38,0.0,26.0999994277954,44.42,2026-09-03 13:44:14,2026-09-03 09:45:06
IBIT,IBIT280121C00021000,IBIT,2028-01-21,C,21.0,0.0,0.0,0.0,0.0,0.0,129.0,0.0,0.0,0.0,0.0,0.0,0.0,0.0,0.0,0.0,0.0,0.0,up,26.2,2026-08-24T15:54:54,0.0,25.2750005722046,44.42,2026-09-03 13:44:14,2026-09-03 09:45:06
IBIT,IBIT280121C00022000,IBIT,2028-01-21,C,22.0,0.0,0.0,0.0,0.0,0.0,14.0,0.0,0.0,0.0,0.0,0.0,0.0,0.0,0.0,0.0,0.0,0.0,no_change,25.7,2026-08-25T11:30:45,0.0,24.4749994277954,44.42,2026-09-03 13:44:14,2026-09-03 09:45:06
IBIT,IBIT280121C00023000,IBIT,2028-01-21,C,23.0,0.0,0.0,0.0,0.0,0.0,435.0,0.0,0.0,0.0,0.0,0.0,0.0,0.0,0.0,0.0,0.0,0.0,no_change,24.7,2026-08-31T15:25:08,0.0,23.6750001907349,44.42,2026-09-03 13:44:14,2026-09-03 09:45:06
IBIT,IBIT280121C00024000,IBIT,2028-01-21,C,24.0,0.0,0.0,0.0,0.0,0.0,121.0,0.0,0.0,0.0,0.0,0.0,0.0,0.0,0.0,0.0,0.0,0.0,down,23.25,2026-09-01T12:12:26,0.0,22.9000005722046,44.42,2026-09-03 13:44:14,2026-09-03 09:45:06
IBIT,IBIT280121C00025000,IBIT,2028-01-21,C,25.0,0.0,0.0,0.0,0.0,0.0,513.0,0.0,0.0,0.0,0.0,0.0,0.0,0.0,0.0,0.0,0.0,0.0,down,22.1,2026-09-02T10:55:38,0.0,22.125,44.42,2026-09-03 13:44:14,2026-09-03 09:45:06
IBIT,IBIT280121C00026000,IBIT,2028-01-21,C,26.0,0.0,0.0,0.0,0.0,0.0,271.0,0.0,0.0,0.0,0.0,0.0,0.0,0.0,0.0,0.0,0.0,0.0,up,21.55,2026-09-01T15:01:49,0.0,21.375,44.42,2026-09-03 13:44:14,2026-09-03 09:45:06
IBIT,IBIT280121C00027000,IBIT,2028-01-21,C,27.0,0.0,0.0,0.0,0.0,0.0,341.0,0.0,0.0,0.0,0.0,0.0,0.0,0.0,0.0,0.0,0.0,0.0,up,20.85,2026-09-01T15:01:49,0.0,20.625,44.42,2026-09-03 13:44:14,2026-09-03 09:45:06
IBIT,IBIT280121C00028000,IBIT,2028-01-21,C,28.0,0.0,0.0,0.0,0.0,0.0,192.0,0.0,0.0,0.0,0.0,0.0,0.0,0.0,0.0,0.0,0.0,0.0,up,20.6,2026-08-31T10:42:04,0.0,19.9250001907349,44.42,2026-09-03 13:44:14,2026-09-03 09:45:06
IBIT,IBIT280121C00029000,IBIT,2028-01-21,C,29.0,0.0,0.0,0.0,0.0,0.0,54.0,0.0,0.0,0.0,0.0,0.0,0.0,0.0,0.0,0.0,0.0,0.0,no_change,21.18,2026-08-27T11:31:06,0.0,19.1999998092651,44.42,2026-09-03 13:44:14,2026-09-03 09:45:06
IBIT,IBIT280121C00030000,IBIT,2028-01-21,C,30.0,0.0,0.0,0.0,0.0,0.0,3133.0,0.0,0.0,0.0,0.0,0.0,0.0,0.0,0.0,0.0,0.0,0.0,no_change,18.5,2026-09-02T09:51:14,0.0,18.5,44.42,2026-09-03 13:44:14,2026-09-03 09:45:06
IBIT,IBIT280121C00031000,IBIT,2028-01-21,C,31.0,0.0,0.0,0.0,0.0,0.0,261.0,0.0,0.0,0.0,0.0,0.0,0.0,0.0,0.0,0.0,0.0,0.0,no_change,18.1,2026-09-02T13:25:25,0.0,17.75,44.42,2026-09-03 13:44:14,2026-09-03 09:45:06
IBIT,IBIT280121C00032000,IBIT,2028-01-21,C,32.0,0.0,0.0,0.0,0.0,0.0,399.0,0.0,0.0,0.0,0.0,0.0,0.0,0.0,0.0,0.0,0.0,0.0,up,17.2,2026-09-02T12:48:06,0.0,17.1500005722046,44.42,2026-09-03 13:44:14,2026-09-03 09:45:06
IBIT,IBIT280121C00033000,IBIT,2028-01-21,C,33.0,0.0,0.0,0.0,0.0,0.0,143.0,0.0,0.0,0.0,0.0,0.0,0.0,0.0,0.0,0.0,0.0,0.0,down,16.49,2026-09-02T10:43:20,0.0,16.5250005722046,44.42,2026-09-03 13:44:14,2026-09-03 09:45:06
IBIT,IBIT280121C00034000,IBIT,2028-01-21,C,34.0,0.0,0.0,0.0,0.0,0.0,374.0,0.0,0.0,0.0,0.0,0.0,0.0,0.0,0.0,0.0,0.0,0.0,down,15.82,2026-09-02T10:41:35,0.0,15.875,44.42,2026-09-03 13:44:14,2026-09-03 09:45:06
IBIT,IBIT280121C00035000,IBIT,2028-01-21,C,35.0,0.0,0.0,0.0,0.0,0.0,3255.0,0.0,0.0,0.0,0.0,0.0,0.0,0.0,0.0,0.0,0.0,0.0,up,15.28,2026-09-02T15:59:37,0.0,15.3000001907349,44.42,2026-09-03 13:44:14,2026-09-03 09:45:06
IBIT,IBIT280121C00036000,IBIT,2028-01-21,C,36.0,0.0,0.0,0.0,0.0,0.0,503.0,0.0,0.0,0.0,0.0,0.0,0.0,0.0,0.0,0.0,0.0,0.0,down,14.65,2026-09-02T14:01:53,0.0,14.75,44.42,2026-09-03 13:44:14,2026-09-03 09:45:06
IBIT,IBIT280121C00037000,IBIT,2028-01-21,C,37.0,0.0,0.0,0.0,0.0,0.0,686.0,0.0,0.0,0.0,0.0,0.0,0.0,0.0,0.0,0.0,0.0,0.0,down,14.05,2026-09-02T10:43:22,0.0,14.0750002861023,44.42,2026-09-03 13:44:14,2026-09-03 09:45:06
IBIT,IBIT280121C00038000,IBIT,2028-01-21,C,38.0,0.0,0.0,0.0,0.0,0.0,2170.0,0.0,0.0,0.0,0.0,0.0,0.0,0.0,0.0,0.0,0.0,0.0,up,13.54,2026-09-02T12:24:11,0.0,13.5750002861023,44.42,2026-09-03 13:44:14,2026-09-03 09:45:06
IBIT,IBIT280121C00039000,IBIT,2028-01-21,C,39.0,0.0,0.0,0.0,0.0,0.0,421.0,0.0,0.0,0.0,0.0,0.0,0.0,0.0,0.0,0.0,0.0,0.0,down,12.98,2026-09-02T14:34:38,0.0,12.9749999046326,44.42,2026-09-03 13:44:14,2026-09-03 09:45:06
IBIT,IBIT280121C00040000,IBIT,2028-01-21,C,40.0,0.0,0.0,0.0,0.0,0.0,6240.0,0.0,0.0,0.0,0.0,0.0,0.0,0.0,0.0,0.0,0.0,0.0,down,12.35,2026-09-02T15:33:24,0.0,12.5500001907349,44.42,2026-09-03 13:44:14,2026-09-03 09:45:06
IBIT,IBIT280121C00041000,IBIT,2028-01-21,C,41.0,0.0,0.0,0.0,0.0,0.0,882.0,0.0,0.0,0.0,0.0,0.0,0.0,0.0,0.0,0.0,0.0,0.0,up,12.15,2026-09-02T13:49:30,0.0,12.0749998092651,44.42,2026-09-03 13:44:14,2026-09-03 09:45:06
IBIT,IBIT280121C00042000,IBIT,2028-01-21,C,42.0,0.0,0.0,0.0,0.0,0.0,716.0,0.0,0.0,0.0,0.0,0.0,0.0,0.0,0.0,0.0,0.0,0.0,down,11.7,2026-09-01T12:55:14,0.0,11.5250000953674,44.42,2026-09-03 13:44:14,2026-09-03 09:45:06
IBIT,IBIT280121C00043000,IBIT,2028-01-21,C,43.0,0.0,0.0,0.0,0.0,0.0,574.0,0.0,0.0,0.0,0.0,0.0,0.0,0.0,0.0,0.0,0.0,0.0,up,11.13,2026-09-02T15:19:14,0.0,11.125,44.42,2026-09-03 13:44:14,2026-09-03 09:45:06
IBIT,IBIT280121C00044000,IBIT,2028-01-21,C,44.0,0.0,0.0,0.0,0.0,0.0,284.0,0.0,0.0,0.0,0.0,0.0,0.0,0.0,0.0,0.0,0.0,0.0,up,10.76,2026-09-02T11:47:28,0.0,10.625,44.42,2026-09-03 13:44:14,2026-09-03 09:45:06
IBIT,IBIT280121C00045000,IBIT,2028-01-21,C,45.0,0.0,0.0,0.0,0.0,0.0,2799.0,0.0,0.0,0.0,0.0,0.0,0.0,0.0,0.0,0.0,0.0,0.0,up,10.3,2026-09-02T14:23:26,0.0,10.2000002861023,44.42,2026-09-03 13:44:14,2026-09-03 09:45:06
IBIT,IBIT280121C00046000,IBIT,2028-01-21,C,46.0,0.0,0.0,0.0,0.0,0.0,127.0,0.0,0.0,0.0,0.0,0.0,0.0,0.0,0.0,0.0,0.0,0.0,down,10.0,2026-09-01T12:52:14,0.0,9.82499980926514,44.42,2026-09-03 13:44:14,2026-09-03 09:45:06
IBIT,IBIT280121C00047000,IBIT,2028-01-21,C,47.0,0.0,0.0,0.0,0.0,0.0,267.0,0.0,0.0,0.0,0.0,0.0,0.0,0.0,0.0,0.0,0.0,0.0,up,9.55,2026-09-02T14:43:02,0.0,9.4500002861023,44.42,2026-09-03 13:44:14,2026-09-03 09:45:06
IBIT,IBIT280121C00048000,IBIT,2028-01-21,C,48.0,0.0,0.0,0.0,0.0,0.0,366.0,0.0,0.0,0.0,0.0,0.0,0.0,0.0,0.0,0.0,0.0,0.0,down,9.14,2026-09-02T13:12:22,0.0,9.0499997138977,44.42,2026-09-03 13:44:14,2026-09-03 09:45:06
IBIT,IBIT280121C00049000,IBIT,2028-01-21,C,49.0,0.0,0.0,0.0,0.0,0.0,312.0,0.0,0.0,0.0,0.0,0.0,0.0,0.0,0.0,0.0,0.0,0.0,down,8.5,2026-09-01T14:39:02,0.0,8.7000002861023,44.42,2026-09-03 13:44:14,2026-09-03 09:45:06
IBIT,IBIT280121C00050000,IBIT,2028-01-21,C,50.0,0.0,0.0,0.0,0.0,0.0,8973.0,0.0,0.0,0.0,0.0,0.0,0.0,0.0,0.0,0.0,0.0,0.0,down,8.35,2026-09-02T15:36:28,0.0,8.375,44.42,2026-09-03 13:44:14,2026-09-03 09:45:06
IBIT,IBIT280121C00051000,IBIT,2028-01-21,C,51.0,0.0,0.0,0.0,0.0,0.0,453.0,0.0,0.0,0.0,0.0,0.0,0.0,0.0,0.0,0.0,0.0,0.0,down,8.35,2026-09-01T11:03:55,0.0,8.0499997138977,44.42,2026-09-03 13:44:14,2026-09-03 09:45:06
IBIT,IBIT280121C00052000,IBIT,2028-01-21,C,52.0,0.0,0.0,0.0,0.0,0.0,2151.0,0.0,0.0,0.0,0.0,0.0,0.0,0.0,0.0,0.0,0.0,0.0,up,8.25,2026-09-01T09:30:01,0.0,7.75,44.42,2026-09-03 13:44:14,2026-09-03 09:45:06
IBIT,IBIT280121C00053000,IBIT,2028-01-21,C,53.0,0.0,0.0,0.0,0.0,0.0,836.0,0.0,0.0,0.0,0.0,0.0,0.0,0.0,0.0,0.0,0.0,0.0,up,8.65,2026-08-24T10:32:07,0.0,7.45000004768372,44.42,2026-09-03 13:44:14,2026-09-03 09:45:06
IBIT,IBIT280121C00054000,IBIT,2028-01-21,C,54.0,0.0,0.0,0.0,0.0,0.0,345.0,0.0,0.0,0.0,0.0,0.0,0.0,0.0,0.0,0.0,0.0,0.0,down,7.3,2026-08-28T14:55:08,0.0,7.15000009536743,44.42,2026-09-03 13:44:14,2026-09-03 09:45:06
IBIT,IBIT280121C00055000,IBIT,2028-01-21,C,55.0,0.0,0.0,0.0,0.0,0.0,5418.0,0.0,0.0,0.0,0.0,0.0,0.0,0.0,0.0,0.0,0.0,0.0,up,6.97,2026-09-02T14:30:57,0.0,6.90000009536743,44.42,2026-09-03 13:44:14,2026-09-03 09:45:06
IBIT,IBIT280121C00056000,IBIT,2028-01-21,C,56.0,0.0,0.0,0.0,0.0,0.0,360.0,0.0,0.0,0.0,0.0,0.0,0.0,0.0,0.0,0.0,0.0,0.0,up,7.9,2026-08-27T12:46:25,0.0,6.65000009536743,44.42,2026-09-03 13:44:14,2026-09-03 09:45:06
IBIT,IBIT280121C00057000,IBIT,2028-01-21,C,57.0,0.0,0.0,0.0,0.0,0.0,1115.0,0.0,0.0,0.0,0.0,0.0,0.0,0.0,0.0,0.0,0.0,0.0,up,6.87,2026-08-31T10:57:47,0.0,6.375,44.42,2026-09-03 13:44:14,2026-09-03 09:45:06
IBIT,IBIT280121C00058000,IBIT,2028-01-21,C,58.0,0.0,0.0,0.0,0.0,0.0,567.0,0.0,0.0,0.0,0.0,0.0,0.0,0.0,0.0,0.0,0.0,0.0,down,6.05,2026-09-02T11:30:53,0.0,6.15000009536743,44.42,2026-09-03 13:44:14,2026-09-03 09:45:06
IBIT,IBIT280121C00059000,IBIT,2028-01-21,C,59.0,0.0,0.0,0.0,0.0,0.0,1286.0,0.0,0.0,0.0,0.0,0.0,0.0,0.0,0.0,0.0,0.0,0.0,up,6.3,2026-09-01T10:01:46,0.0,5.90000009536743,44.42,2026-09-03 13:44:14,2026-09-03 09:45:06
IBIT,IBIT280121C00060000,IBIT,2028-01-21,C,60.0,0.0,0.0,0.0,0.0,0.0,8039.0,0.0,0.0,0.0,0.0,0.0,0.0,0.0,0.0,0.0,0.0,0.0,no_change,5.7,2026-09-02T15:26:01,0.0,5.70000004768372,44.42,2026-09-03 13:44:14,2026-09-03 09:45:06
IBIT,IBIT280121C00061000,IBIT,2028-01-21,C,61.0,0.0,0.0,0.0,0.0,0.0,1620.0,0.0,0.0,0.0,0.0,0.0,0.0,0.0,0.0,0.0,0.0,0.0,no_change,6.18,2026-08-25T09:52:21,0.0,5.5,44.42,2026-09-03 13:44:14,2026-09-03 09:45:06
IBIT,IBIT280121C00062000,IBIT,2028-01-21,C,62.0,0.0,0.0,0.0,0.0,0.0,5618.0,0.0,0.0,0.0,0.0,0.0,0.0,0.0,0.0,0.0,0.0,0.0,down,5.5,2026-09-01T09:39:21,0.0,5.29999995231628,44.42,2026-09-03 13:44:14,2026-09-03 09:45:06
IBIT,IBIT280121C00063000,IBIT,2028-01-21,C,63.0,0.0,0.0,0.0,0.0,0.0,614.0,0.0,0.0,0.0,0.0,0.0,0.0,0.0,0.0,0.0,0.0,0.0,down,5.46,2026-08-28T13:20:06,0.0,5.09999990463257,44.42,2026-09-03 13:44:14,2026-09-03 09:45:06
IBIT,IBIT280121C00064000,IBIT,2028-01-21,C,64.0,0.0,0.0,0.0,0.0,0.0,597.0,0.0,0.0,0.0,0.0,0.0,0.0,0.0,0.0,0.0,0.0,0.0,up,5.5,2026-08-21T13:14:19,0.0,4.95000004768372,44.42,2026-09-03 13:44:14,2026-09-03 09:45:06
IBIT,IBIT280121C00065000,IBIT,2028-01-21,C,65.0,0.0,0.0,0.0,0.0,0.0,3273.0,0.0,0.0,0.0,0.0,0.0,0.0,0.0,0.0,0.0,0.0,0.0,down,4.75,2026-09-02T12:59:28,0.0,4.75,44.42,2026-09-03 13:44:14,2026-09-03 09:45:06
IBIT,IBIT280121C00066000,IBIT,2028-01-21,C,66.0,0.0,0.0,0.0,0.0,0.0,987.0,0.0,0.0,0.0,0.0,0.0,0.0,0.0,0.0,0.0,0.0,0.0,down,4.77,2026-08-28T15:45:47,0.0,4.59999990463257,44.42,2026-09-03 13:44:14,2026-09-03 09:45:06
IBIT,IBIT280121C00067000,IBIT,2028-01-21,C,67.0,0.0,0.0,0.0,0.0,0.0,132.0,0.0,0.0,0.0,0.0,0.0,0.0,0.0,0.0,0.0,0.0,0.0,down,4.36,2026-09-01T15:01:45,0.0,4.45000004768372,44.42,2026-09-03 13:44:14,2026-09-03 09:45:06
IBIT,IBIT280121C00068000,IBIT,2028-01-21,C,68.0,0.0,0.0,0.0,0.0,0.0,1372.0,0.0,0.0,0.0,0.0,0.0,0.0,0.0,0.0,0.0,0.0,0.0,no_change,4.76,2026-08-31T13:46:10,0.0,4.29999995231628,44.42,2026-09-03 13:44:14,2026-09-03 09:45:06
IBIT,IBIT280121C00069000,IBIT,2028-01-21,C,69.0,0.0,0.0,0.0,0.0,0.0,887.0,0.0,0.0,0.0,0.0,0.0,0.0,0.0,0.0,0.0,0.0,0.0,down,4.4,2026-09-01T10:06:19,0.0,4.15000009536743,44.42,2026-09-03 13:44:14,2026-09-03 09:45:06
IBIT,IBIT280121C00070000,IBIT,2028-01-21,C,70.0,0.0,0.0,0.0,0.0,0.0,15976.0,0.0,0.0,0.0,0.0,0.0,0.0,0.0,0.0,0.0,0.0,0.0,no_change,4.0,2026-09-02T15:42:33,0.0,4.0,44.42,2026-09-03 13:44:14,2026-09-03 09:45:06
IBIT,IBIT280121C00071000,IBIT,2028-01-21,C,71.0,0.0,0.0,0.0,0.0,0.0,655.0,0.0,0.0,0.0,0.0,0.0,0.0,0.0,0.0,0.0,0.0,0.0,down,4.2,2026-08-31T10:41:45,0.0,3.875,44.42,2026-09-03 13:44:14,2026-09-03 09:45:06
IBIT,IBIT280121C00072000,IBIT,2028-01-21,C,72.0,0.0,0.0,0.0,0.0,0.0,895.0,0.0,0.0,0.0,0.0,0.0,0.0,0.0,0.0,0.0,0.0,0.0,up,4.78,2026-08-27T15:17:17,0.0,3.75,44.42,2026-09-03 13:44:14,2026-09-03 09:45:06
IBIT,IBIT280121C00073000,IBIT,2028-01-21,C,73.0,0.0,0.0,0.0,0.0,0.0,790.0,0.0,0.0,0.0,0.0,0.0,0.0,0.0,0.0,0.0,0.0,0.0,up,4.55,2026-08-24T11:23:15,0.0,3.625,44.42,2026-09-03 13:44:14,2026-09-03 09:45:06
IBIT,IBIT280121C00074000,IBIT,2028-01-21,C,74.0,0.0,0.0,0.0,0.0,0.0,2007.0,0.0,0.0,0.0,0.0,0.0,0.0,0.0,0.0,0.0,0.0,0.0,up,4.3,2026-08-28T10:53:38,0.0,3.5,44.42,2026-09-03 13:44:14,2026-09-03 09:45:06
IBIT,IBIT280121C00075000,IBIT,2028-01-21,C,75.0,0.0,0.0,0.0,0.0,0.0,5462.0,0.0,0.0,0.0,0.0,0.0,0.0,0.0,0.0,0.0,0.0,0.0,down,3.35,2026-09-02T11:10:50,0.0,3.39999997615814,44.42,2026-09-03 13:44:14,2026-09-03 09:45:06
IBIT,IBIT280121C00076000,IBIT,2028-01-21,C,76.0,0.0,0.0,0.0,0.0,0.0,93.0,0.0,0.0,0.0,0.0,0.0,0.0,0.0,0.0,0.0,0.0,0.0,down,3.25,2026-09-02T15:26:54,0.0,3.27499997615814,44.42,2026-09-03 13:44:14,2026-09-03 09:45:06
IBIT,IBIT280121C00077000,IBIT,2028-01-21,C,77.0,0.0,0.0,0.0,0.0,0.0,322.0,0.0,0.0,0.0,0.0,0.0,0.0,0.0,0.0,0.0,0.0,0.0,down,3.17,2026-09-02T15:26:54,0.0,3.17499995231628,44.42,2026-09-03 13:44:14,2026-09-03 09:45:06
IBIT,IBIT280121C00078000,IBIT,2028-01-21,C,78.0,0.0,0.0,0.0,0.0,0.0,120.0,0.0,0.0,0.0,0.0,0.0,0.0,0.0,0.0,0.0,0.0,0.0,up,3.5,2026-08-21T11:59:17,0.0,3.07500004768372,44.42,2026-09-03 13:44:14,2026-09-03 09:45:06
IBIT,IBIT280121C00079000,IBIT,2028-01-21,C,79.0,0.0,0.0,0.0,0.0,0.0,262.0,0.0,0.0,0.0,0.0,0.0,0.0,0.0,0.0,0.0,0.0,0.0,up,3.65,2026-08-25T09:30:01,0.0,3.01499998569488,44.42,2026-09-03 13:44:14,2026-09-03 09:45:06
IBIT,IBIT280121C00080000,IBIT,2028-01-21,C,80.0,0.0,0.0,0.0,0.0,0.0,6947.0,0.0,0.0,0.0,0.0,0.0,0.0,0.0,0.0,0.0,0.0,0.0,no_change,2.9,2026-09-02T15:08:00,0.0,2.90499997138977,44.42,2026-09-03 13:44:14,2026-09-03 09:45:06
IBIT,IBIT280121C00081000,IBIT,2028-01-21,C,81.0,0.0,0.0,0.0,0.0,0.0,590.0,0.0,0.0,0.0,0.0,0.0,0.0,0.0,0.0,0.0,0.0,0.0,up,2.77,2026-09-02T11:09:52,0.0,2.82000005245209,44.42,2026-09-03 13:44:14,2026-09-03 09:45:06
IBIT,IBIT280121C00082000,IBIT,2028-01-21,C,82.0,0.0,0.0,0.0,0.0,0.0,524.0,0.0,0.0,0.0,0.0,0.0,0.0,0.0,0.0,0.0,0.0,0.0,down,2.71,2026-09-02T11:09:13,0.0,2.73500001430511,44.42,2026-09-03 13:44:14,2026-09-03 09:45:06
IBIT,IBIT280121C00083000,IBIT,2028-01-21,C,83.0,0.0,0.0,0.0,0.0,0.0,574.0,0.0,0.0,0.0,0.0,0.0,0.0,0.0,0.0,0.0,0.0,0.0,down,2.58,2026-09-02T11:09:13,0.0,2.65499997138977,44.42,2026-09-03 13:44:14,2026-09-03 09:45:06
IBIT,IBIT280121C00084000,IBIT,2028-01-21,C,84.0,0.0,0.0,0.0,0.0,0.0,40.0,0.0,0.0,0.0,0.0,0.0,0.0,0.0,0.0,0.0,0.0,0.0,up,2.54,2026-09-01T14:10:29,0.0,2.56500005722046,44.42,2026-09-03 13:44:14,2026-09-03 09:45:06
IBIT,IBIT280121C00085000,IBIT,2028-01-21,C,85.0,0.0,0.0,0.0,0.0,0.0,15641.0,0.0,0.0,0.0,0.0,0.0,0.0,0.0,0.0,0.0,0.0,0.0,up,2.51,2026-09-02T15:47:02,0.0,2.47500002384186,44.42,2026-09-03 13:44:14,2026-09-03 09:45:06
IBIT,IBIT280121C00086000,IBIT,2028-01-21,C,86.0,0.0,0.0,0.0,0.0,0.0,151.0,0.0,0.0,0.0,0.0,0.0,0.0,0.0,0.0,0.0,0.0,0.0,no_change,2.34,2026-09-02T11:31:34,0.0,2.41999995708466,44.42,2026-09-03 13:44:14,2026-09-03 09:45:06
IBIT,IBIT280121C00087000,IBIT,2028-01-21,C,87.0,0.0,0.0,0.0,0.0,0.0,165.0,0.0,0.0,0.0,0.0,0.0,0.0,0.0,0.0,0.0,0.0,0.0,no_change,2.33,2026-09-02T11:31:34,0.0,2.36000001430511,44.42,2026-09-03 13:44:14,2026-09-03 09:45:06
IBIT,IBIT280121C00088000,IBIT,2028-01-21,C,88.0,0.0,0.0,0.0,0.0,0.0,633.0,0.0,0.0,0.0,0.0,0.0,0.0,0.0,0.0,0.0,0.0,0.0,no_change,2.28,2026-09-02T11:07:45,0.0,2.28999996185303,44.42,2026-09-03 13:44:14,2026-09-03 09:45:06
IBIT,IBIT280121C00089000,IBIT,2028-01-21,C,89.0,0.0,0.0,0.0,0.0,0.0,33.0,0.0,0.0,0.0,0.0,0.0,0.0,0.0,0.0,0.0,0.0,0.0,no_change,2.18,2026-09-02T11:07:45,0.0,2.23500001430511,44.42,2026-09-03 13:44:14,2026-09-03 09:45:06
IBIT,IBIT280121C00090000,IBIT,2028-01-21,C,90.0,0.0,0.0,0.0,0.0,0.0,5096.0,0.0,0.0,0.0,0.0,0.0,0.0,0.0,0.0,0.0,0.0,0.0,down,2.07,2026-09-02T09:42:20,0.0,2.17499995231628,44.42,2026-09-03 13:44:14,2026-09-03 09:45:06
IBIT,IBIT280121C00091000,IBIT,2028-01-21,C,91.0,0.0,0.0,0.0,0.0,0.0,75.0,0.0,0.0,0.0,0.0,0.0,0.0,0.0,0.0,0.0,0.0,0.0,down,2.28,2026-09-01T11:53:37,0.0,2.11500000953674,44.42,2026-09-03 13:44:14,2026-09-03 09:45:06
IBIT,IBIT280121C00092000,IBIT,2028-01-21,C,92.0,0.0,0.0,0.0,0.0,0.0,23.0,0.0,0.0,0.0,0.0,0.0,0.0,0.0,0.0,0.0,0.0,0.0,down,2.18,2026-09-01T11:53:37,0.0,2.06500005722046,44.42,2026-09-03 13:44:14,2026-09-03 09:45:06
IBIT,IBIT280121C00093000,IBIT,2028-01-21,C,93.0,0.0,0.0,0.0,0.0,0.0,64.0,0.0,0.0,0.0,0.0,0.0,0.0,0.0,0.0,0.0,0.0,0.0,down,2.16,2026-09-01T11:52:56,0.0,2.00499993562698,44.42,2026-09-03 13:44:14,2026-09-03 09:45:06
IBIT,IBIT280121C00094000,IBIT,2028-01-21,C,94.0,0.0,0.0,0.0,0.0,0.0,237.0,0.0,0.0,0.0,0.0,0.0,0.0,0.0,0.0,0.0,0.0,0.0,down,2.06,2026-09-01T11:52:56,0.0,1.9549999833107,44.42,2026-09-03 13:44:14,2026-09-03 09:45:06
IBIT,IBIT280121C00095000,IBIT,2028-01-21,C,95.0,0.0,0.0,0.0,0.0,0.0,5970.0,0.0,0.0,0.0,0.0,0.0,0.0,0.0,0.0,0.0,0.0,0.0,down,1.94,2026-09-01T13:52:23,0.0,1.90000003576279,44.42,2026-09-03 13:44:14,2026-09-03 09:45:06
IBIT,IBIT280121C00096000,IBIT,2028-01-21,C,96.0,0.0,0.0,0.0,0.0,0.0,10602.0,0.0,0.0,0.0,0.0,0.0,0.0,0.0,0.0,0.0,0.0,0.0,down,2.05,2026-08-31T11:53:10,0.0,1.85999995470047,44.42,2026-09-03 13:44:14,2026-09-03 09:45:06
IBIT,IBIT280121C00097000,IBIT,2028-01-21,C,97.0,0.0,0.0,0.0,0.0,0.0,226.0,0.0,0.0,0.0,0.0,0.0,0.0,0.0,0.0,0.0,0.0,0.0,down,1.7,2026-09-02T09:30:14,0.0,1.81499999761581,44.42,2026-09-03 13:44:14,2026-09-03 09:45:06
IBIT,IBIT280121C00098000,IBIT,2028-01-21,C,98.0,0.0,0.0,0.0,0.0,0.0,387.0,0.0,0.0,0.0,0.0,0.0,0.0,0.0,0.0,0.0,0.0,0.0,down,1.97,2026-08-28T12:03:51,0.0,1.77000004053116,44.42,2026-09-03 13:44:14,2026-09-03 09:45:06
IBIT,IBIT280121C00099000,IBIT,2028-01-21,C,99.0,0.0,0.0,0.0,0.0,0.0,715.0,0.0,0.0,0.0,0.0,0.0,0.0,0.0,0.0,0.0,0.0,0.0,down,1.92,2026-08-31T13:44:32,0.0,1.71999996900558,44.42,2026-09-03 13:44:14,2026-09-03 09:45:06
IBIT,IBIT280121C00100000,IBIT,2028-01-21,C,100.0,0.0,0.0,0.0,0.0,0.0,19223.0,0.0,0.0,0.0,0.0,0.0,0.0,0.0,0.0,0.0,0.0,0.0,down,1.69,2026-09-02T15:51:37,0.0,1.68500000238419,44.42,2026-09-03 13:44:14,2026-09-03 09:45:06
IBIT,IBIT280121C00105000,IBIT,2028-01-21,C,105.0,0.0,0.0,0.0,0.0,0.0,940.0,0.0,0.0,0.0,0.0,0.0,0.0,0.0,0.0,0.0,0.0,0.0,down,1.48,2026-09-01T14:27:01,0.0,1.5,44.42,2026-09-03 13:44:14,2026-09-03 09:45:06
IBIT,IBIT280121C00110000,IBIT,2028-01-21,C,110.0,0.0,0.0,0.0,0.0,0.0,2545.0,0.0,0.0,0.0,0.0,0.0,0.0,0.0,0.0,0.0,0.0,0.0,no_change,1.29,2026-09-01T14:39:09,0.0,1.34499996900558,44.42,2026-09-03 13:44:14,2026-09-03 09:45:06
IBIT,IBIT280121C00115000,IBIT,2028-01-21,C,115.0,0.0,0.0,0.0,0.0,0.0,2161.0,0.0,0.0,0.0,0.0,0.0,0.0,0.0,0.0,0.0,0.0,0.0,no_change,1.26,2026-09-01T11:50:06,0.0,1.21999996900558,44.42,2026-09-03 13:44:14,2026-09-03 09:45:06
IBIT,IBIT280121C00120000,IBIT,2028-01-21,C,120.0,0.0,0.0,0.0,0.0,0.0,3958.0,0.0,0.0,0.0,0.0,0.0,0.0,0.0,0.0,0.0,0.0,0.0,no_change,1.16,2026-09-02T09:49:27,0.0,1.10499995946884,44.42,2026-09-03 13:44:14,2026-09-03 09:45:06
IBIT,IBIT280121C00125000,IBIT,2028-01-21,C,125.0,0.0,0.0,0.0,0.0,0.0,3513.0,0.0,0.0,0.0,0.0,0.0,0.0,0.0,0.0,0.0,0.0,0.0,no_change,1.06,2026-09-02T10:04:56,0.0,1.00999996066093,44.42,2026-09-03 13:44:14,2026-09-03 09:45:06
IBIT,IBIT280121C00130000,IBIT,2028-01-21,C,130.0,0.0,0.0,0.0,0.0,0.0,2054.0,0.0,0.0,0.0,0.0,0.0,0.0,0.0,0.0,0.0,0.0,0.0,down,1.04,2026-08-31T15:42:24,0.0,0.939999997615814,44.42,2026-09-03 13:44:14,2026-09-03 09:45:06
IBIT,IBIT280121C00135000,IBIT,2028-01-21,C,135.0,0.0,0.0,0.0,0.0,0.0,3954.0,0.0,0.0,0.0,0.0,0.0,0.0,0.0,0.0,0.0,0.0,0.0,no_change,1.14,2026-08-27T10:37:58,0.0,0.870000004768372,44.42,2026-09-03 13:44:14,2026-09-03 09:45:06
IBIT,IBIT280121C00140000,IBIT,2028-01-21,C,140.0,0.0,0.0,0.0,0.0,0.0,33386.0,0.0,0.0,0.0,0.0,0.0,0.0,0.0,0.0,0.0,0.0,0.0,up,0.81,2026-09-02T15:53:03,0.0,0.819999992847443,44.42,2026-09-03 13:44:14,2026-09-03 09:45:06
IBIT,IBIT280121P00001000,IBIT,2028-01-21,P,1.0,0.0,0.0,0.0,0.0,0.0,2854.0,0.0,0.0,0.0,0.0,0.0,0.0,0.0,0.0,0.0,0.0,0.0,down,0.01,2026-08-24T10:34:24,0.0,0.025000000372529,44.42,2026-09-03 13:44:14,2026-09-03 09:45:06
IBIT,IBIT280121P00002000,IBIT,2028-01-21,P,2.0,0.0,0.0,0.0,0.0,0.0,508.0,0.0,0.0,0.0,0.0,0.0,0.0,0.0,0.0,0.0,0.0,0.0,down,0.04,2026-07-24T12:55:23,0.0,0.0500000007450581,44.42,2026-09-03 13:44:14,2026-09-03 09:45:06
IBIT,IBIT280121P00003000,IBIT,2028-01-21,P,3.0,0.0,0.0,0.0,0.0,0.0,285.0,0.0,0.0,0.0,0.0,0.0,0.0,0.0,0.0,0.0,0.0,0.0,no_change,0.2,2026-03-30T11:37:38,0.0,0.0649999985471368,44.42,2026-09-03 13:44:14,2026-09-03 09:45:06
IBIT,IBIT280121P00004000,IBIT,2028-01-21,P,4.0,0.0,0.0,0.0,0.0,0.0,14.0,0.0,0.0,0.0,0.0,0.0,0.0,0.0,0.0,0.0,0.0,0.0,down,0.12,2026-08-20T11:46:24,0.0,0.0800000028684735,44.42,2026-09-03 13:44:14,2026-09-03 09:45:06
IBIT,IBIT280121P00005000,IBIT,2028-01-21,P,5.0,0.0,0.0,0.0,0.0,0.0,1325.0,0.0,0.0,0.0,0.0,0.0,0.0,0.0,0.0,0.0,0.0,0.0,down,0.09,2026-08-26T14:21:50,0.0,0.105000000447035,44.42,2026-09-03 13:44:14,2026-09-03 09:45:06
IBIT,IBIT280121P00006000,IBIT,2028-01-21,P,6.0,0.0,0.0,0.0,0.0,0.0,14.0,0.0,0.0,0.0,0.0,0.0,0.0,0.0,0.0,0.0,0.0,0.0,down,0.15,2026-08-21T15:58:55,0.0,0.139999998733401,44.42,2026-09-03 13:44:14,2026-09-03 09:45:06
IBIT,IBIT280121P00007000,IBIT,2028-01-21,P,7.0,0.0,0.0,0.0,0.0,0.0,24.0,0.0,0.0,0.0,0.0,0.0,0.0,0.0,0.0,0.0,0.0,0.0,up,0.19,2026-08-19T11:01:53,0.0,0.170000001788139,44.42,2026-09-03 13:44:14,2026-09-03 09:45:06
IBIT,IBIT280121P00008000,IBIT,2028-01-21,P,8.0,0.0,0.0,0.0,0.0,0.0,40.0,0.0,0.0,0.0,0.0,0.0,0.0,0.0,0.0,0.0,0.0,0.0,down,0.23,2026-08-21T15:45:52,0.0,0.209999993443489,44.42,2026-09-03 13:44:14,2026-09-03 09:45:06
IBIT,IBIT280121P00009000,IBIT,2028-01-21,P,9.0,0.0,0.0,0.0,0.0,0.0,52.0,0.0,0.0,0.0,0.0,0.0,0.0,0.0,0.0,0.0,0.0,0.0,down,0.25,2026-08-24T15:41:34,0.0,0.250000007450581,44.42,2026-09-03 13:44:14,2026-09-03 09:45:06
IBIT,IBIT280121P00010000,IBIT,2028-01-21,P,10.0,0.0,0.0,0.0,0.0,0.0,20963.0,0.0,0.0,0.0,0.0,0.0,0.0,0.0,0.0,0.0,0.0,0.0,no_change,0.27,2026-09-01T13:24:01,0.0,0.284999996423721,44.42,2026-09-03 13:44:14,2026-09-03 09:45:06
IBIT,IBIT280121P00011000,IBIT,2028-01-21,P,11.0,0.0,0.0,0.0,0.0,0.0,140.0,0.0,0.0,0.0,0.0,0.0,0.0,0.0,0.0,0.0,0.0,0.0,down,0.44,2026-08-19T11:01:53,0.0,0.350000008940697,44.42,2026-09-03 13:44:14,2026-09-03 09:45:06
IBIT,IBIT280121P00012000,IBIT,2028-01-21,P,12.0,0.0,0.0,0.0,0.0,0.0,72.0,0.0,0.0,0.0,0.0,0.0,0.0,0.0,0.0,0.0,0.0,0.0,up,0.4,2026-09-02T09:38:38,0.0,0.410000011324882,44.42,2026-09-03 13:44:14,2026-09-03 09:45:06
IBIT,IBIT280121P00013000,IBIT,2028-01-21,P,13.0,0.0,0.0,0.0,0.0,0.0,324.0,0.0,0.0,0.0,0.0,0.0,0.0,0.0,0.0,0.0,0.0,0.0,up,0.45,2026-09-01T11:51:17,0.0,0.420000001788139,44.42,2026-09-03 13:44:14,2026-09-03 09:45:06
IBIT,IBIT280121P00014000,IBIT,2028-01-21,P,14.0,0.0,0.0,0.0,0.0,0.0,24.0,0.0,0.0,0.0,0.0,0.0,0.0,0.0,0.0,0.0,0.0,0.0,down,0.54,2026-09-02T11:01:38,0.0,0.525000005960464,44.42,2026-09-03 13:44:14,2026-09-03 09:45:06
IBIT,IBIT280121P00015000,IBIT,2028-01-21,P,15.0,0.0,0.0,0.0,0.0,0.0,6435.0,0.0,0.0,0.0,0.0,0.0,0.0,0.0,0.0,0.0,0.0,0.0,no_change,0.56,2026-09-02T13:56:14,0.0,0.569999992847443,44.42,2026-09-03 13:44:14,2026-09-03 09:45:06
IBIT,IBIT280121P00016000,IBIT,2028-01-21,P,16.0,0.0,0.0,0.0,0.0,0.0,415.0,0.0,0.0,0.0,0.0,0.0,0.0,0.0,0.0,0.0,0.0,0.0,up,0.7,2026-08-31T11:47:21,0.0,0.674999982118606,44.42,2026-09-03 13:44:14,2026-09-03 09:45:06
IBIT,IBIT280121P00017000,IBIT,2028-01-21,P,17.0,0.0,0.0,0.0,0.0,0.0,16.0,0.0,0.0,0.0,0.0,0.0,0.0,0.0,0.0,0.0,0.0,0.0,down,0.73,2026-09-02T14:02:35,0.0,0.754999995231628,44.42,2026-09-03 13:44:14,2026-09-03 09:45:06
IBIT,IBIT280121P00018000,IBIT,2028-01-21,P,18.0,0.0,0.0,0.0,0.0,0.0,517.0,0.0,0.0,0.0,0.0,0.0,0.0,0.0,0.0,0.0,0.0,0.0,up,1.24,2026-08-13T11:38:15,0.0,0.840000003576279,44.42,2026-09-03 13:44:14,2026-09-03 09:45:06
IBIT,IBIT280121P00019000,IBIT,2028-01-21,P,19.0,0.0,0.0,0.0,0.0,0.0,83.0,0.0,0.0,0.0,0.0,0.0,0.0,0.0,0.0,0.0,0.0,0.0,up,1.28,2026-08-20T09:56:07,0.0,0.935000002384186,44.42,2026-09-03 13:44:14,2026-09-03 09:45:06
IBIT,IBIT280121P00020000,IBIT,2028-01-21,P,20.0,0.0,0.0,0.0,0.0,0.0,16395.0,0.0,0.0,0.0,0.0,0.0,0.0,0.0,0.0,0.0,0.0,0.0,no_change,1.05,2026-09-02T10:59:23,0.0,1.06000000238419,44.42,2026-09-03 13:44:14,2026-09-03 09:45:06
IBIT,IBIT280121P00021000,IBIT,2028-01-21,P,21.0,0.0,0.0,0.0,0.0,0.0,147.0,0.0,0.0,0.0,0.0,0.0,0.0,0.0,0.0,0.0,0.0,0.0,up,1.21,2026-09-02T10:59:23,0.0,1.17500001192093,44.42,2026-09-03 13:44:14,2026-09-03 09:45:06
IBIT,IBIT280121P00022000,IBIT,2028-01-21,P,22.0,0.0,0.0,0.0,0.0,0.0,644.0,0.0,0.0,0.0,0.0,0.0,0.0,0.0,0.0,0.0,0.0,0.0,down,1.33,2026-09-02T10:59:50,0.0,1.30500000715256,44.42,2026-09-03 13:44:14,2026-09-03 09:45:06
IBIT,IBIT280121P00023000,IBIT,2028-01-21,P,23.0,0.0,0.0,0.0,0.0,0.0,57.0,0.0,0.0,0.0,0.0,0.0,0.0,0.0,0.0,0.0,0.0,0.0,down,1.43,2026-09-02T10:59:50,0.0,1.44499999284744,44.42,2026-09-03 13:44:14,2026-09-03 09:45:06
IBIT,IBIT280121P00024000,IBIT,2028-01-21,P,24.0,0.0,0.0,0.0,0.0,0.0,1209.0,0.0,0.0,0.0,0.0,0.0,0.0,0.0,0.0,0.0,0.0,0.0,down,1.98,2026-08-20T14:04:15,0.0,1.56999999284744,44.42,2026-09-03 13:44:14,2026-09-03 09:45:06
IBIT,IBIT280121P00025000,IBIT,2028-01-21,P,25.0,0.0,0.0,0.0,0.0,0.0,21735.0,0.0,0.0,0.0,0.0,0.0,0.0,0.0,0.0,0.0,0.0,0.0,down,1.75,2026-09-01T11:59:48,0.0,1.77500003576279,44.42,2026-09-03 13:44:14,2026-09-03 09:45:06
IBIT,IBIT280121P00026000,IBIT,2028-01-21,P,26.0,0.0,0.0,0.0,0.0,0.0,929.0,0.0,0.0,0.0,0.0,0.0,0.0,0.0,0.0,0.0,0.0,0.0,down,2.28,2026-08-21T14:15:12,0.0,1.96999996900558,44.42,2026-09-03 13:44:14,2026-09-03 09:45:06
IBIT,IBIT280121P00027000,IBIT,2028-01-21,P,27.0,0.0,0.0,0.0,0.0,0.0,842.0,0.0,0.0,0.0,0.0,0.0,0.0,0.0,0.0,0.0,0.0,0.0,down,2.5,2026-08-21T14:15:12,0.0,2.15499997138977,44.42,2026-09-03 13:44:14,2026-09-03 09:45:06
IBIT,IBIT280121P00028000,IBIT,2028-01-21,P,28.0,0.0,0.0,0.0,0.0,0.0,529.0,0.0,0.0,0.0,0.0,0.0,0.0,0.0,0.0,0.0,0.0,0.0,down,2.38,2026-09-01T14:15:06,0.0,2.37999999523163,44.42,2026-09-03 13:44:14,2026-09-03 09:45:06
IBIT,IBIT280121P00029000,IBIT,2028-01-21,P,29.0,0.0,0.0,0.0,0.0,0.0,546.0,0.0,0.0,0.0,0.0,0.0,0.0,0.0,0.0,0.0,0.0,0.0,down,2.67,2026-08-28T11:30:51,0.0,2.61500000953674,44.42,2026-09-03 13:44:14,2026-09-03 09:45:06
IBIT,IBIT280121P00030000,IBIT,2028-01-21,P,30.0,0.0,0.0,0.0,0.0,0.0,12784.0,0.0,0.0,0.0,0.0,0.0,0.0,0.0,0.0,0.0,0.0,0.0,down,2.82,2026-09-02T14:49:22,0.0,2.875,44.42,2026-09-03 13:44:14,2026-09-03 09:45:06
IBIT,IBIT280121P00031000,IBIT,2028-01-21,P,31.0,0.0,0.0,0.0,0.0,0.0,1141.0,0.0,0.0,0.0,0.0,0.0,0.0,0.0,0.0,0.0,0.0,0.0,down,3.2,2026-08-28T12:03:09,0.0,3.125,44.42,2026-09-03 13:44:14,2026-09-03 09:45:06
IBIT,IBIT280121P00032000,IBIT,2028-01-21,P,32.0,0.0,0.0,0.0,0.0,0.0,571.0,0.0,0.0,0.0,0.0,0.0,0.0,0.0,0.0,0.0,0.0,0.0,no_change,3.4,2026-09-02T14:38:04,0.0,3.39999997615814,44.42,2026-09-03 13:44:14,2026-09-03 09:45:06
IBIT,IBIT280121P00033000,IBIT,2028-01-21,P,33.0,0.0,0.0,0.0,0.0,0.0,763.0,0.0,0.0,0.0,0.0,0.0,0.0,0.0,0.0,0.0,0.0,0.0,no_change,3.8,2026-09-01T14:36:34,0.0,3.72499990463257,44.42,2026-09-03 13:44:14,2026-09-03 09:45:06
IBIT,IBIT280121P00034000,IBIT,2028-01-21,P,34.0,0.0,0.0,0.0,0.0,0.0,583.0,0.0,0.0,0.0,0.0,0.0,0.0,0.0,0.0,0.0,0.0,0.0,up,4.1,2026-09-01T15:00:17,0.0,4.04999995231628,44.42,2026-09-03 13:44:14,2026-09-03 09:45:06
IBIT,IBIT280121P00035000,IBIT,2028-01-21,P,35.0,0.0,0.0,0.0,0.0,0.0,12906.0,0.0,0.0,0.0,0.0,0.0,0.0,0.0,0.0,0.0,0.0,0.0,up,4.43,2026-09-02T11:22:45,0.0,4.34999990463257,44.42,2026-09-03 13:44:14,2026-09-03 09:45:06
IBIT,IBIT280121P00036000,IBIT,2028-01-21,P,36.0,0.0,0.0,0.0,0.0,0.0,13923.0,0.0,0.0,0.0,0.0,0.0,0.0,0.0,0.0,0.0,0.0,0.0,down,4.73,2026-09-02T14:27:02,0.0,4.75,44.42,2026-09-03 13:44:14,2026-09-03 09:45:06
IBIT,IBIT280121P00037000,IBIT,2028-01-21,P,37.0,0.0,0.0,0.0,0.0,0.0,6319.0,0.0,0.0,0.0,0.0,0.0,0.0,0.0,0.0,0.0,0.0,0.0,down,5.05,2026-09-02T14:01:53,0.0,5.07499980926514,44.42,2026-09-03 13:44:14,2026-09-03 09:45:06
IBIT,IBIT280121P00038000,IBIT,2028-01-21,P,38.0,0.0,0.0,0.0,0.0,0.0,552.0,0.0,0.0,0.0,0.0,0.0,0.0,0.0,0.0,0.0,0.0,0.0,down,5.5,2026-09-02T14:29:57,0.0,5.5,44.42,2026-09-03 13:44:14,2026-09-03 09:45:06
IBIT,IBIT280121P00039000,IBIT,2028-01-21,P,39.0,0.0,0.0,0.0,0.0,0.0,387.0,0.0,0.0,0.0,0.0,0.0,0.0,0.0,0.0,0.0,0.0,0.0,down,6.16,2026-09-01T14:50:29,0.0,5.97500014305115,44.42,2026-09-03 13:44:14,2026-09-03 09:45:06
IBIT,IBIT280121P00040000,IBIT,2028-01-21,P,40.0,0.0,0.0,0.0,0.0,0.0,1929.0,0.0,0.0,0.0,0.0,0.0,0.0,0.0,0.0,0.0,0.0,0.0,down,6.36,2026-09-02T13:18:06,0.0,6.375,44.42,2026-09-03 13:44:14,2026-09-03 09:45:06
IBIT,IBIT280121P00041000,IBIT,2028-01-21,P,41.0,0.0,0.0,0.0,0.0,0.0,222.0,0.0,0.0,0.0,0.0,0.0,0.0,0.0,0.0,0.0,0.0,0.0,up,6.88,2026-08-28T10:35:45,0.0,6.875,44.42,2026-09-03 13:44:14,2026-09-03 09:45:06
IBIT,IBIT280121P00042000,IBIT,2028-01-21,P,42.0,0.0,0.0,0.0,0.0,0.0,1228.0,0.0,0.0,0.0,0.0,0.0,0.0,0.0,0.0,0.0,0.0,0.0,no_change,7.32,2026-09-02T14:36:32,0.0,7.32499980926514,44.42,2026-09-03 13:44:14,2026-09-03 09:45:06
IBIT,IBIT280121P00043000,IBIT,2028-01-21,P,43.0,0.0,0.0,0.0,0.0,0.0,174.0,0.0,0.0,0.0,0.0,0.0,0.0,0.0,0.0,0.0,0.0,0.0,up,7.98,2026-09-01T14:46:57,0.0,7.82499980926514,44.42,2026-09-03 13:44:14,2026-09-03 09:45:06
IBIT,IBIT280121P00044000,IBIT,2028-01-21,P,44.0,0.0,0.0,0.0,0.0,0.0,429.0,0.0,0.0,0.0,0.0,0.0,0.0,0.0,0.0,0.0,0.0,0.0,up,8.33,2026-09-02T11:43:41,0.0,8.32499980926514,44.42,2026-09-03 13:44:14,2026-09-03 09:45:06
IBIT,IBIT280121P00045000,IBIT,2028-01-21,P,45.0,0.0,0.0,0.0,0.0,0.0,2427.0,0.0,0.0,0.0,0.0,0.0,0.0,0.0,0.0,0.0,0.0,0.0,up,8.87,2026-09-02T12:41:57,0.0,8.90000009536743,44.42,2026-09-03 13:44:14,2026-09-03 09:45:06
IBIT,IBIT280121P00046000,IBIT,2028-01-21,P,46.0,0.0,0.0,0.0,0.0,0.0,261.0,0.0,0.0,0.0,0.0,0.0,0.0,0.0,0.0,0.0,0.0,0.0,no_change,10.05,2026-08-21T14:18:56,0.0,9.52500009536743,44.42,2026-09-03 13:44:14,2026-09-03 09:45:06
IBIT,IBIT280121P00047000,IBIT,2028-01-21,P,47.0,0.0,0.0,0.0,0.0,0.0,118.0,0.0,0.0,0.0,0.0,0.0,0.0,0.0,0.0,0.0,0.0,0.0,up,10.15,2026-08-24T11:08:57,0.0,10.1000003814697,44.42,2026-09-03 13:44:14,2026-09-03 09:45:06
IBIT,IBIT280121P00048000,IBIT,2028-01-21,P,48.0,0.0,0.0,0.0,0.0,0.0,576.0,0.0,0.0,0.0,0.0,0.0,0.0,0.0,0.0,0.0,0.0,0.0,down,10.6,2026-08-28T09:55:57,0.0,10.6749997138977,44.42,2026-09-03 13:44:14,2026-09-03 09:45:06
IBIT,IBIT280121P00049000,IBIT,2028-01-21,P,49.0,0.0,0.0,0.0,0.0,0.0,652.0,0.0,0.0,0.0,0.0,0.0,0.0,0.0,0.0,0.0,0.0,0.0,up,11.45,2026-08-26T14:34:45,0.0,11.3000001907349,44.42,2026-09-03 13:44:14,2026-09-03 09:45:06
IBIT,IBIT280121P00050000,IBIT,2028-01-21,P,50.0,0.0,0.0,0.0,0.0,0.0,1973.0,0.0,0.0,0.0,0.0,0.0,0.0,0.0,0.0,0.0,0.0,0.0,up,11.88,2026-08-28T14:59:40,0.0,11.8999996185303,44.42,2026-09-03 13:44:14,2026-09-03 09:45:06
IBIT,IBIT280121P00051000,IBIT,2028-01-21,P,51.0,0.0,0.0,0.0,0.0,0.0,1789.0,0.0,0.0,0.0,0.0,0.0,0.0,0.0,0.0,0.0,0.0,0.0,down,16.7,2026-07-14T11:31:56,0.0,12.5500001907349,44.42,2026-09-03 13:44:14,2026-09-03 09:45:06
IBIT,IBIT280121P00052000,IBIT,2028-01-21,P,52.0,0.0,0.0,0.0,0.0,0.0,694.0,0.0,0.0,0.0,0.0,0.0,0.0,0.0,0.0,0.0,0.0,0.0,no_change,13.35,2026-08-28T12:25:02,0.0,13.2249999046326,44.42,2026-09-03 13:44:14,2026-09-03 09:45:06
IBIT,IBIT280121P00053000,IBIT,2028-01-21,P,53.0,0.0,0.0,0.0,0.0,0.0,88.0,0.0,0.0,0.0,0.0,0.0,0.0,0.0,0.0,0.0,0.0,0.0,down,19.5,2026-07-08T13:26:06,0.0,13.9250001907349,44.42,2026-09-03 13:44:14,2026-09-03 09:45:06
IBIT,IBIT280121P00054000,IBIT,2028-01-21,P,54.0,0.0,0.0,0.0,0.0,0.0,298.0,0.0,0.0,0.0,0.0,0.0,0.0,0.0,0.0,0.0,0.0,0.0,down,14.83,2026-08-26T12:01:40,0.0,14.6750001907349,44.42,2026-09-03 13:44:14,2026-09-03 09:45:06
IBIT,IBIT280121P00055000,IBIT,2028-01-21,P,55.0,0.0,0.0,0.0,0.0,0.0,1900.0,0.0,0.0,0.0,0.0,0.0,0.0,0.0,0.0,0.0,0.0,0.0,no_change,15.43,2026-09-02T09:42:39,0.0,15.3000001907349,44.42,2026-09-03 13:44:14,2026-09-03 09:45:06
IBIT,IBIT280121P00056000,IBIT,2028-01-21,P,56.0,0.0,0.0,0.0,0.0,0.0,204.0,0.0,0.0,0.0,0.0,0.0,0.0,0.0,0.0,0.0,0.0,0.0,up,21.32,2026-08-17T09:30:09,0.0,16.1000003814697,44.42,2026-09-03 13:44:14,2026-09-03 09:45:06
IBIT,IBIT280121P00057000,IBIT,2028-01-21,P,57.0,0.0,0.0,0.0,0.0,0.0,166.0,0.0,0.0,0.0,0.0,0.0,0.0,0.0,0.0,0.0,0.0,0.0,down,24.13,2026-07-01T10:04:24,0.0,16.8500003814697,44.42,2026-09-03 13:44:14,2026-09-03 09:45:06
IBIT,IBIT280121P00058000,IBIT,2028-01-21,P,58.0,0.0,0.0,0.0,0.0,0.0,383.0,0.0,0.0,0.0,0.0,0.0,0.0,0.0,0.0,0.0,0.0,0.0,up,17.15,2026-08-28T10:00:23,0.0,17.6000003814697,44.42,2026-09-03 13:44:14,2026-09-03 09:45:06
IBIT,IBIT280121P00059000,IBIT,2028-01-21,P,59.0,0.0,0.0,0.0,0.0,0.0,3265.0,0.0,0.0,0.0,0.0,0.0,0.0,0.0,0.0,0.0,0.0,0.0,down,18.2,2026-08-24T10:05:13,0.0,18.2250003814697,44.42,2026-09-03 13:44:14,2026-09-03 09:45:06
IBIT,IBIT280121P00060000,IBIT,2028-01-21,P,60.0,0.0,0.0,0.0,0.0,0.0,441.0,0.0,0.0,0.0,0.0,0.0,0.0,0.0,0.0,0.0,0.0,0.0,no_change,19.0,2026-08-28T14:57:28,0.0,19.125,44.42,2026-09-03 13:44:14,2026-09-03 09:45:06
IBIT,IBIT280121P00061000,IBIT,2028-01-21,P,61.0,0.0,0.0,0.0,0.0,0.0,125.0,0.0,0.0,0.0,0.0,0.0,0.0,0.0,0.0,0.0,0.0,0.0,down,25.65,2026-06-18T09:57:05,0.0,19.9249992370605,44.42,2026-09-03 13:44:14,2026-09-03 09:45:06
IBIT,IBIT280121P00062000,IBIT,2028-01-21,P,62.0,0.0,0.0,0.0,0.0,0.0,586.0,0.0,0.0,0.0,0.0,0.0,0.0,0.0,0.0,0.0,0.0,0.0,no_change,26.25,2026-07-10T09:58:46,0.0,20.8249998092651,44.42,2026-09-03 13:44:14,2026-09-03 09:45:06
IBIT,IBIT280121P00063000,IBIT,2028-01-21,P,63.0,0.0,0.0,0.0,0.0,0.0,549.0,0.0,0.0,0.0,0.0,0.0,0.0,0.0,0.0,0.0,0.0,0.0,up,27.24,2026-07-29T09:33:02,0.0,21.625,44.42,2026-09-03 13:44:14,2026-09-03 09:45:06
IBIT,IBIT280121P00064000,IBIT,2028-01-21,P,64.0,0.0,0.0,0.0,0.0,0.0,150.0,0.0,0.0,0.0,0.0,0.0,0.0,0.0,0.0,0.0,0.0,0.0,down,24.34,2026-08-20T11:53:21,0.0,22.4500007629395,44.42,2026-09-03 13:44:14,2026-09-03 09:45:06
IBIT,IBIT280121P00065000,IBIT,2028-01-21,P,65.0,0.0,0.0,0.0,0.0,0.0,945.0,0.0,0.0,0.0,0.0,0.0,0.0,0.0,0.0,0.0,0.0,0.0,up,23.2,2026-09-02T13:37:54,0.0,23.0250005722046,44.42,2026-09-03 13:44:14,2026-09-03 09:45:06
IBIT,IBIT280121P00066000,IBIT,2028-01-21,P,66.0,0.0,0.0,0.0,0.0,0.0,125.0,0.0,0.0,0.0,0.0,0.0,0.0,0.0,0.0,0.0,0.0,0.0,down,23.46,2026-08-28T10:57:07,0.0,24.0500001907349,44.42,2026-09-03 13:44:14,2026-09-03 09:45:06
IBIT,IBIT280121P00067000,IBIT,2028-01-21,P,67.0,0.0,0.0,0.0,0.0,0.0,125.0,0.0,0.0,0.0,0.0,0.0,0.0,0.0,0.0,0.0,0.0,0.0,down,33.61,2026-06-25T11:24:53,0.0,24.9750003814697,44.42,2026-09-03 13:44:14,2026-09-03 09:45:06
IBIT,IBIT280121P00068000,IBIT,2028-01-21,P,68.0,0.0,0.0,0.0,0.0,0.0,213.0,0.0,0.0,0.0,0.0,0.0,0.0,0.0,0.0,0.0,0.0,0.0,no_change,34.46,2026-07-01T09:50:17,0.0,25.8500003814697,44.42,2026-09-03 13:44:14,2026-09-03 09:45:06
IBIT,IBIT280121P00069000,IBIT,2028-01-21,P,69.0,0.0,0.0,0.0,0.0,0.0,11.0,0.0,0.0,0.0,0.0,0.0,0.0,0.0,0.0,0.0,0.0,0.0,up,32.45,2026-06-17T11:10:13,0.0,26.7000007629395,44.42,2026-09-03 13:44:14,2026-09-03 09:45:06
IBIT,IBIT280121P00070000,IBIT,2028-01-21,P,70.0,0.0,0.0,0.0,0.0,0.0,130.0,0.0,0.0,0.0,0.0,0.0,0.0,0.0,0.0,0.0,0.0,0.0,no_change,27.5,2026-08-28T12:24:11,0.0,27.6000003814697,44.42,2026-09-03 13:44:14,2026-09-03 09:45:06
IBIT,IBIT280121P00071000,IBIT,2028-01-21,P,71.0,0.0,0.0,0.0,0.0,0.0,3.0,0.0,0.0,0.0,0.0,0.0,0.0,0.0,0.0,0.0,0.0,0.0,up,37.7,2026-07-01T09:38:47,0.0,28.2250003814697,44.42,2026-09-03 13:44:14,2026-09-03 09:45:06
IBIT,IBIT280121P00072000,IBIT,2028-01-21,P,72.0,0.0,0.0,0.0,0.0,0.0,0.0,0.0,0.0,0.0,0.0,0.0,0.0,0.0,0.0,0.0,0.0,0.0,down,35.7,2026-08-04T12:03:26,0.0,29.375,44.42,2026-09-03 13:44:14,2026-09-03 09:45:06
IBIT,IBIT280121P00073000,IBIT,2028-01-21,P,73.0,0.0,0.0,0.0,0.0,0.0,0.0,0.0,0.0,0.0,0.0,0.0,0.0,0.0,0.0,0.0,0.0,0.0,down,35.5,2026-03-02T11:18:59,0.0,30.2249994277954,44.42,2026-09-03 13:44:14,2026-09-03 09:45:06
IBIT,IBIT280121P00074000,IBIT,2028-01-21,P,74.0,0.0,0.0,0.0,0.0,0.0,0.0,0.0,0.0,0.0,0.0,0.0,0.0,0.0,0.0,0.0,0.0,0.0,up,39.03,2026-02-24T10:18:18,0.0,31.1999998092651,44.42,2026-09-03 13:44:14,2026-09-03 09:45:06
IBIT,IBIT280121P00075000,IBIT,2028-01-21,P,75.0,0.0,0.0,0.0,0.0,0.0,0.0,0.0,0.0,0.0,0.0,0.0,0.0,0.0,0.0,0.0,0.0,0.0,up,39.65,2026-06-23T10:41:05,0.0,32.1000003814697,44.42,2026-09-03 13:44:14,2026-09-03 09:45:06
IBIT,IBIT280121P00076000,IBIT,2028-01-21,P,76.0,0.0,0.0,0.0,0.0,0.0,0.0,0.0,0.0,0.0,0.0,0.0,0.0,0.0,0.0,0.0,0.0,0.0,down,31.55,2026-05-14T15:26:54,0.0,33.0249996185303,44.42,2026-09-03 13:44:14,2026-09-03 09:45:06
IBIT,IBIT280121P00077000,IBIT,2028-01-21,P,77.0,0.0,0.0,0.0,0.0,0.0,0.0,0.0,0.0,0.0,0.0,0.0,0.0,0.0,0.0,0.0,0.0,0.0,up,41.25,2026-06-04T13:23:30,0.0,33.9249992370606,44.42,2026-09-03 13:44:14,2026-09-03 09:45:06
IBIT,IBIT280121P00078000,IBIT,2028-01-21,P,78.0,0.0,0.0,0.0,0.0,0.0,0.0,0.0,0.0,0.0,0.0,0.0,0.0,0.0,0.0,0.0,0.0,0.0,no_change,41.59,2026-02-19T11:14:15,0.0,34.875,44.42,2026-09-03 13:44:14,2026-09-03 09:45:06
IBIT,IBIT280121P00079000,IBIT,2028-01-21,P,79.0,0.0,0.0,0.0,0.0,0.0,0.0,0.0,0.0,0.0,0.0,0.0,0.0,0.0,0.0,0.0,0.0,0.0,down,42.06,2026-03-03T10:16:03,0.0,35.7750015258789,44.42,2026-09-03 13:44:14,2026-09-03 09:45:06
IBIT,IBIT280121P00080000,IBIT,2028-01-21,P,80.0,0.0,0.0,0.0,0.0,0.0,0.0,0.0,0.0,0.0,0.0,0.0,0.0,0.0,0.0,0.0,0.0,0.0,up,42.0,2026-06-02T12:01:33,0.0,36.7750015258789,44.42,2026-09-03 13:44:14,2026-09-03 09:45:06
IBIT,IBIT280121P00081000,IBIT,2028-01-21,P,81.0,0.0,0.0,0.0,0.0,0.0,200.0,0.0,0.0,0.0,0.0,0.0,0.0,0.0,0.0,0.0,0.0,0.0,no_change,37.55,2026-08-28T12:26:47,0.0,37.7749996185303,44.42,2026-09-03 13:44:14,2026-09-03 09:45:06
IBIT,IBIT280121P00082000,IBIT,2028-01-21,P,82.0,0.0,0.0,0.0,0.0,0.0,0.0,0.0,0.0,0.0,0.0,0.0,0.0,0.0,0.0,0.0,0.0,0.0,down,38.5,2026-04-23T13:35:21,0.0,38.625,44.42,2026-09-03 13:44:14,2026-09-03 09:45:06
IBIT,IBIT280121P00083000,IBIT,2028-01-21,P,83.0,0.0,0.0,0.0,0.0,0.0,0.0,0.0,0.0,0.0,0.0,0.0,0.0,0.0,0.0,0.0,0.0,0.0,up,44.1,2026-03-11T12:54:22,0.0,39.5750007629394,44.42,2026-09-03 13:44:14,2026-09-03 09:45:06
IBIT,IBIT280121P00084000,IBIT,2028-01-21,P,84.0,0.0,0.0,0.0,0.0,0.0,0.0,0.0,0.0,0.0,0.0,0.0,0.0,0.0,0.0,0.0,0.0,0.0,up,45.4,2026-03-02T11:10:44,0.0,40.6499996185303,44.42,2026-09-03 13:44:14,2026-09-03 09:45:06
IBIT,IBIT280121P00085000,IBIT,2028-01-21,P,85.0,0.0,0.0,0.0,0.0,0.0,8.0,0.0,0.0,0.0,0.0,0.0,0.0,0.0,0.0,0.0,0.0,0.0,no_change,41.47,2026-08-21T11:56:32,0.0,41.6000003814697,44.42,2026-09-03 13:44:14,2026-09-03 09:45:06
IBIT,IBIT280121P00086000,IBIT,2028-01-21,P,86.0,0.0,0.0,0.0,0.0,0.0,0.0,0.0,0.0,0.0,0.0,0.0,0.0,0.0,0.0,0.0,0.0,0.0,down,47.75,2026-03-02T10:15:48,0.0,42.5500011444092,44.42,2026-09-03 13:44:14,2026-09-03 09:45:06
IBIT,IBIT280121P00087000,IBIT,2028-01-21,P,87.0,0.0,0.0,0.0,0.0,0.0,0.0,0.0,0.0,0.0,0.0,0.0,0.0,0.0,0.0,0.0,0.0,0.0,up,48.3,2026-03-02T11:13:25,0.0,43.4499988555908,44.42,2026-09-03 13:44:14,2026-09-03 09:45:06
IBIT,IBIT280121P00088000,IBIT,2028-01-21,P,88.0,0.0,0.0,0.0,0.0,0.0,1.0,0.0,0.0,0.0,0.0,0.0,0.0,0.0,0.0,0.0,0.0,0.0,down,43.95,2026-08-28T12:02:44,0.0,44.4249992370606,44.42,2026-09-03 13:44:14,2026-09-03 09:45:06
IBIT,IBIT280121P00089000,IBIT,2028-01-21,P,89.0,0.0,0.0,0.0,0.0,0.0,0.0,0.0,0.0,0.0,0.0,0.0,0.0,0.0,0.0,0.0,0.0,0.0,up,51.23,2026-02-18T10:19:44,0.0,45.25,44.42,2026-09-03 13:44:14,2026-09-03 09:45:06
IBIT,IBIT280121P00090000,IBIT,2028-01-21,P,90.0,0.0,0.0,0.0,0.0,0.0,0.0,0.0,0.0,0.0,0.0,0.0,0.0,0.0,0.0,0.0,0.0,0.0,down,45.79,2026-08-26T14:28:33,0.0,46.0,44.42,2026-09-03 13:44:14,2026-09-03 09:45:06
IBIT,IBIT280121P00091000,IBIT,2028-01-21,P,91.0,0.0,0.0,0.0,0.0,0.0,3.0,0.0,0.0,0.0,0.0,0.0,0.0,0.0,0.0,0.0,0.0,0.0,down,46.37,2026-08-31T15:59:25,0.0,46.9249992370606,44.42,2026-09-03 13:44:14,2026-09-03 09:45:06
IBIT,IBIT280121P00092000,IBIT,2028-01-21,P,92.0,0.0,0.0,0.0,0.0,0.0,6.0,0.0,0.0,0.0,0.0,0.0,0.0,0.0,0.0,0.0,0.0,0.0,down,47.26,2026-08-31T15:58:40,0.0,48.2249984741211,44.42,2026-09-03 13:44:14,2026-09-03 09:45:06
IBIT,IBIT280121P00093000,IBIT,2028-01-21,P,93.0,0.0,0.0,0.0,0.0,0.0,0.0,0.0,0.0,0.0,0.0,0.0,0.0,0.0,0.0,0.0,0.0,0.0,down,48.25,2026-04-22T11:42:37,0.0,49.125,44.42,2026-09-03 13:44:14,2026-09-03 09:45:06
IBIT,IBIT280121P00094000,IBIT,2028-01-21,P,94.0,0.0,0.0,0.0,0.0,0.0,0.0,0.0,0.0,0.0,0.0,0.0,0.0,0.0,0.0,0.0,0.0,0.0,down,49.1,2026-04-22T11:48:33,0.0,50.2249984741211,44.42,2026-09-03 13:44:14,2026-09-03 09:45:06
IBIT,IBIT280121P00095000,IBIT,2028-01-21,P,95.0,0.0,0.0,0.0,0.0,0.0,1.0,0.0,0.0,0.0,0.0,0.0,0.0,0.0,0.0,0.0,0.0,0.0,down,50.95,2026-04-24T09:54:51,0.0,50.9249992370606,44.42,2026-09-03 13:44:14,2026-09-03 09:45:06
IBIT,IBIT280121P00096000,IBIT,2028-01-21,P,96.0,0.0,0.0,0.0,0.0,0.0,4.0,0.0,0.0,0.0,0.0,0.0,0.0,0.0,0.0,0.0,0.0,0.0,up,51.35,2026-08-31T15:59:25,0.0,52.0,44.42,2026-09-03 13:44:14,2026-09-03 09:45:06
IBIT,IBIT280121P00097000,IBIT,2028-01-21,P,97.0,0.0,0.0,0.0,0.0,0.0,0.0,0.0,0.0,0.0,0.0,0.0,0.0,0.0,0.0,0.0,0.0,0.0,down,60.71,2026-02-24T13:14:42,0.0,53.2749996185303,44.42,2026-09-03 13:44:14,2026-09-03 09:45:06
IBIT,IBIT280121P00098000,IBIT,2028-01-21,P,98.0,0.0,0.0,0.0,0.0,0.0,0.0,0.0,0.0,0.0,0.0,0.0,0.0,0.0,0.0,0.0,0.0,0.0,down,59.5,2026-02-18T10:38:05,0.0,54.2249984741211,44.42,2026-09-03 13:44:14,2026-09-03 09:45:06
IBIT,IBIT280121P00099000,IBIT,2028-01-21,P,99.0,0.0,0.0,0.0,0.0,0.0,0.0,0.0,0.0,0.0,0.0,0.0,0.0,0.0,0.0,0.0,0.0,0.0,up,57.9,2026-02-03T13:47:31,0.0,55.2749996185303,44.42,2026-09-03 13:44:14,2026-09-03 09:45:06
IBIT,IBIT280121P00100000,IBIT,2028-01-21,P,100.0,0.0,0.0,0.0,0.0,0.0,0.0,0.0,0.0,0.0,0.0,0.0,0.0,0.0,0.0,0.0,0.0,0.0,no_change,55.52,2026-08-31T11:04:58,0.0,56.2249984741211,44.42,2026-09-03 13:44:14,2026-09-03 09:45:06
IBIT,IBIT280121P00105000,IBIT,2028-01-21,P,105.0,0.0,0.0,0.0,0.0,0.0,0.0,0.0,0.0,0.0,0.0,0.0,0.0,0.0,0.0,0.0,0.0,0.0,down,65.87,2026-02-13T11:29:00,0.0,61.4249992370606,44.42,2026-09-03 13:44:14,2026-09-03 09:45:06
IBIT,IBIT280121P00110000,IBIT,2028-01-21,P,110.0,0.0,0.0,0.0,0.0,0.0,1.0,0.0,0.0,0.0,0.0,0.0,0.0,0.0,0.0,0.0,0.0,0.0,up,75.8,2026-06-26T09:51:52,0.0,66.3499984741211,44.42,2026-09-03 13:44:14,2026-09-03 09:45:06
IBIT,IBIT280121P00115000,IBIT,2028-01-21,P,115.0,0.0,0.0,0.0,0.0,0.0,0.0,0.0,0.0,0.0,0.0,0.0,0.0,0.0,0.0,0.0,0.0,0.0,up,77.1,2026-02-12T11:06:02,0.0,71.5,44.42,2026-09-03 13:44:14,2026-09-03 09:45:06
IBIT,IBIT280121P00120000,IBIT,2028-01-21,P,120.0,0.0,0.0,0.0,0.0,0.0,25.0,0.0,0.0,0.0,0.0,0.0,0.0,0.0,0.0,0.0,0.0,0.0,up,83.67,2026-08-10T12:42:46,0.0,76.4249992370606,44.42,2026-09-03 13:44:14,2026-09-03 09:45:06
IBIT,IBIT280121P00125000,IBIT,2028-01-21,P,125.0,0.0,0.0,0.0,0.0,0.0,1.0,0.0,0.0,0.0,0.0,0.0,0.0,0.0,0.0,0.0,0.0,0.0,up,88.0,2026-02-12T13:19:51,0.0,81.5250015258789,44.42,2026-09-03 13:44:14,2026-09-03 09:45:06
IBIT,IBIT280121P00130000,IBIT,2028-01-21,P,130.0,0.0,0.0,0.0,0.0,0.0,0.0,0.0,0.0,0.0,0.0,0.0,0.0,0.0,0.0,0.0,0.0,0.0,no_change,92.95,2026-02-27T12:19:55,0.0,86.5249977111816,44.42,2026-09-03 13:44:14,2026-09-03 09:45:06
IBIT,IBIT280121P00135000,IBIT,2028-01-21,P,135.0,0.0,0.0,0.0,0.0,0.0,0.0,0.0,0.0,0.0,0.0,0.0,0.0,0.0,0.0,0.0,0.0,0.0,up,96.0,2026-02-13T12:04:25,0.0,91.5250015258789,44.42,2026-09-03 13:44:14,2026-09-03 09:45:06
IBIT,IBIT280121P00140000,IBIT,2028-01-21,P,140.0,0.0,0.0,0.0,0.0,0.0,2.0,0.0,0.0,0.0,0.0,0.0,0.0,0.0,0.0,0.0,0.0,0.0,no_change,95.8,2026-08-31T09:31:07,0.0,96.5250015258789,44.42,2026-09-03 13:44:14,2026-09-03 09:45:06
IBIT,IBIT280616C00001000,IBIT,2028-06-16,C,1.0,0.0,0.0,0.0,0.0,0.0,75.0,0.0,0.0,0.0,0.0,0.0,0.0,0.0,0.0,0.0,0.0,0.0,up,34.0,2026-07-20T11:41:49,0.0,42.7749996185303,44.42,2026-09-03 13:44:14,2026-09-03 09:45:06
IBIT,IBIT280616C00002000,IBIT,2028-06-16,C,2.0,0.0,0.0,0.0,0.0,0.0,9.0,0.0,0.0,0.0,0.0,0.0,0.0,0.0,0.0,0.0,0.0,0.0,no_change,36.35,2026-06-15T14:08:32,0.0,41.6749992370606,44.42,2026-09-03 13:44:14,2026-09-03 09:45:06
IBIT,IBIT280616C00003000,IBIT,2028-06-16,C,3.0,0.0,0.0,0.0,0.0,0.0,0.0,0.0,0.0,0.0,0.0,0.0,0.0,0.0,0.0,0.0,0.0,0.0,no_change,0.0,,0.0,41.6500015258789,44.42,2026-09-03 13:44:14,2026-09-03 09:45:06
IBIT,IBIT280616C00004000,IBIT,2028-06-16,C,4.0,0.0,0.0,0.0,0.0,0.0,0.0,0.0,0.0,0.0,0.0,0.0,0.0,0.0,0.0,0.0,0.0,0.0,no_change,0.0,,0.0,40.2749996185303,44.42,2026-09-03 13:44:14,2026-09-03 09:45:06
IBIT,IBIT280616C00005000,IBIT,2028-06-16,C,5.0,0.0,0.0,0.0,0.0,0.0,2389.0,0.0,0.0,0.0,0.0,0.0,0.0,0.0,0.0,0.0,0.0,0.0,down,41.4,2026-08-27T13:41:20,0.0,39.5750007629394,44.42,2026-09-03 13:44:14,2026-09-03 09:45:06
IBIT,IBIT280616C00006000,IBIT,2028-06-16,C,6.0,0.0,0.0,0.0,0.0,0.0,0.0,0.0,0.0,0.0,0.0,0.0,0.0,0.0,0.0,0.0,0.0,0.0,no_change,0.0,,0.0,38.625,44.42,2026-09-03 13:44:14,2026-09-03 09:45:06
IBIT,IBIT280616C00007000,IBIT,2028-06-16,C,7.0,0.0,0.0,0.0,0.0,0.0,0.0,0.0,0.0,0.0,0.0,0.0,0.0,0.0,0.0,0.0,0.0,0.0,no_change,33.85,2026-03-26T11:50:13,0.0,37.625,44.42,2026-09-03 13:44:14,2026-09-03 09:45:06
IBIT,IBIT280616C00008000,IBIT,2028-06-16,C,8.0,0.0,0.0,0.0,0.0,0.0,0.0,0.0,0.0,0.0,0.0,0.0,0.0,0.0,0.0,0.0,0.0,0.0,no_change,0.0,,0.0,36.875,44.42,2026-09-03 13:44:14,2026-09-03 09:45:06
IBIT,IBIT280616C00009000,IBIT,2028-06-16,C,9.0,0.0,0.0,0.0,0.0,0.0,0.0,0.0,0.0,0.0,0.0,0.0,0.0,0.0,0.0,0.0,0.0,0.0,no_change,0.0,,0.0,35.9750003814697,44.42,2026-09-03 13:44:14,2026-09-03 09:45:06
IBIT,IBIT280616C00010000,IBIT,2028-06-16,C,10.0,0.0,0.0,0.0,0.0,0.0,106.0,0.0,0.0,0.0,0.0,0.0,0.0,0.0,0.0,0.0,0.0,0.0,up,34.5,2026-08-26T15:27:26,0.0,35.1000003814697,44.42,2026-09-03 13:44:14,2026-09-03 09:45:06
IBIT,IBIT280616C00011000,IBIT,2028-06-16,C,11.0,0.0,0.0,0.0,0.0,0.0,0.0,0.0,0.0,0.0,0.0,0.0,0.0,0.0,0.0,0.0,0.0,0.0,no_change,0.0,,0.0,34.3500003814697,44.42,2026-09-03 13:44:14,2026-09-03 09:45:06
IBIT,IBIT280616C00012000,IBIT,2028-06-16,C,12.0,0.0,0.0,0.0,0.0,0.0,29.0,0.0,0.0,0.0,0.0,0.0,0.0,0.0,0.0,0.0,0.0,0.0,up,26.07,2026-07-10T14:00:05,0.0,33.5,44.42,2026-09-03 13:44:14,2026-09-03 09:45:06
IBIT,IBIT280616C00013000,IBIT,2028-06-16,C,13.0,0.0,0.0,0.0,0.0,0.0,2.0,0.0,0.0,0.0,0.0,0.0,0.0,0.0,0.0,0.0,0.0,0.0,up,25.9,2026-08-18T11:53:24,0.0,32.5,44.42,2026-09-03 13:44:14,2026-09-03 09:45:06
IBIT,IBIT280616C00014000,IBIT,2028-06-16,C,14.0,0.0,0.0,0.0,0.0,0.0,0.0,0.0,0.0,0.0,0.0,0.0,0.0,0.0,0.0,0.0,0.0,0.0,no_change,0.0,,0.0,31.6499996185303,44.42,2026-09-03 13:44:14,2026-09-03 09:45:06
IBIT,IBIT280616C00015000,IBIT,2028-06-16,C,15.0,0.0,0.0,0.0,0.0,0.0,400.0,0.0,0.0,0.0,0.0,0.0,0.0,0.0,0.0,0.0,0.0,0.0,no_change,32.19,2026-08-25T10:57:10,0.0,30.8499994277954,44.42,2026-09-03 13:44:14,2026-09-03 09:45:06
IBIT,IBIT280616C00016000,IBIT,2028-06-16,C,16.0,0.0,0.0,0.0,0.0,0.0,3.0,0.0,0.0,0.0,0.0,0.0,0.0,0.0,0.0,0.0,0.0,0.0,up,27.76,2026-08-20T13:41:32,0.0,30.0500001907349,44.42,2026-09-03 13:44:14,2026-09-03 09:45:06
IBIT,IBIT280616C00017000,IBIT,2028-06-16,C,17.0,0.0,0.0,0.0,0.0,0.0,22.0,0.0,0.0,0.0,0.0,0.0,0.0,0.0,0.0,0.0,0.0,0.0,up,29.27,2026-08-21T14:48:33,0.0,29.25,44.42,2026-09-03 13:44:14,2026-09-03 09:45:06
IBIT,IBIT280616C00018000,IBIT,2028-06-16,C,18.0,0.0,0.0,0.0,0.0,0.0,64.0,0.0,0.0,0.0,0.0,0.0,0.0,0.0,0.0,0.0,0.0,0.0,down,28.46,2026-08-21T14:48:33,0.0,28.4499998092651,44.42,2026-09-03 13:44:14,2026-09-03 09:45:06
IBIT,IBIT280616C00019000,IBIT,2028-06-16,C,19.0,0.0,0.0,0.0,0.0,0.0,129.0,0.0,0.0,0.0,0.0,0.0,0.0,0.0,0.0,0.0,0.0,0.0,down,28.2,2026-08-31T10:39:05,0.0,27.6500005722046,44.42,2026-09-03 13:44:14,2026-09-03 09:45:06
IBIT,IBIT280616C00020000,IBIT,2028-06-16,C,20.0,0.0,0.0,0.0,0.0,0.0,616.0,0.0,0.0,0.0,0.0,0.0,0.0,0.0,0.0,0.0,0.0,0.0,down,26.82,2026-09-02T11:04:47,0.0,26.9000005722046,44.42,2026-09-03 13:44:14,2026-09-03 09:45:06
IBIT,IBIT280616C00021000,IBIT,2028-06-16,C,21.0,0.0,0.0,0.0,0.0,0.0,7.0,0.0,0.0,0.0,0.0,0.0,0.0,0.0,0.0,0.0,0.0,0.0,down,26.07,2026-09-02T11:01:51,0.0,26.0999994277954,44.42,2026-09-03 13:44:14,2026-09-03 09:45:06
IBIT,IBIT280616C00022000,IBIT,2028-06-16,C,22.0,0.0,0.0,0.0,0.0,0.0,23.0,0.0,0.0,0.0,0.0,0.0,0.0,0.0,0.0,0.0,0.0,0.0,down,25.3,2026-09-02T11:01:51,0.0,25.375,44.42,2026-09-03 13:44:14,2026-09-03 09:45:06
IBIT,IBIT280616C00023000,IBIT,2028-06-16,C,23.0,0.0,0.0,0.0,0.0,0.0,41.0,0.0,0.0,0.0,0.0,0.0,0.0,0.0,0.0,0.0,0.0,0.0,up,24.63,2026-09-02T10:22:39,0.0,24.625,44.42,2026-09-03 13:44:14,2026-09-03 09:45:06
IBIT,IBIT280616C00024000,IBIT,2028-06-16,C,24.0,0.0,0.0,0.0,0.0,0.0,7.0,0.0,0.0,0.0,0.0,0.0,0.0,0.0,0.0,0.0,0.0,0.0,down,23.82,2026-09-02T11:12:40,0.0,23.9250001907349,44.42,2026-09-03 13:44:14,2026-09-03 09:45:06
IBIT,IBIT280616C00025000,IBIT,2028-06-16,C,25.0,0.0,0.0,0.0,0.0,0.0,1990.0,0.0,0.0,0.0,0.0,0.0,0.0,0.0,0.0,0.0,0.0,0.0,up,23.07,2026-09-02T11:12:40,0.0,23.1750001907349,44.42,2026-09-03 13:44:14,2026-09-03 09:45:06
IBIT,IBIT280616C00026000,IBIT,2028-06-16,C,26.0,0.0,0.0,0.0,0.0,0.0,83.0,0.0,0.0,0.0,0.0,0.0,0.0,0.0,0.0,0.0,0.0,0.0,up,22.94,2026-09-01T12:18:40,0.0,22.5,44.42,2026-09-03 13:44:14,2026-09-03 09:45:06
IBIT,IBIT280616C00027000,IBIT,2028-06-16,C,27.0,0.0,0.0,0.0,0.0,0.0,27.0,0.0,0.0,0.0,0.0,0.0,0.0,0.0,0.0,0.0,0.0,0.0,down,22.22,2026-09-01T13:40:35,0.0,21.8249998092651,44.42,2026-09-03 13:44:14,2026-09-03 09:45:06
IBIT,IBIT280616C00028000,IBIT,2028-06-16,C,28.0,0.0,0.0,0.0,0.0,0.0,120.0,0.0,0.0,0.0,0.0,0.0,0.0,0.0,0.0,0.0,0.0,0.0,down,21.42,2026-09-01T12:50:27,0.0,21.1750001907349,44.42,2026-09-03 13:44:14,2026-09-03 09:45:06
IBIT,IBIT280616C00029000,IBIT,2028-06-16,C,29.0,0.0,0.0,0.0,0.0,0.0,19.0,0.0,0.0,0.0,0.0,0.0,0.0,0.0,0.0,0.0,0.0,0.0,down,20.77,2026-09-01T12:50:27,0.0,20.5250005722046,44.42,2026-09-03 13:44:14,2026-09-03 09:45:06
IBIT,IBIT280616C00030000,IBIT,2028-06-16,C,30.0,0.0,0.0,0.0,0.0,0.0,2961.0,0.0,0.0,0.0,0.0,0.0,0.0,0.0,0.0,0.0,0.0,0.0,up,19.9,2026-09-02T12:19:11,0.0,19.8999996185303,44.42,2026-09-03 13:44:14,2026-09-03 09:45:06
IBIT,IBIT280616C00031000,IBIT,2028-06-16,C,31.0,0.0,0.0,0.0,0.0,0.0,27.0,0.0,0.0,0.0,0.0,0.0,0.0,0.0,0.0,0.0,0.0,0.0,up,19.28,2026-09-02T12:19:11,0.0,19.3000001907349,44.42,2026-09-03 13:44:14,2026-09-03 09:45:06
IBIT,IBIT280616C00032000,IBIT,2028-06-16,C,32.0,0.0,0.0,0.0,0.0,0.0,38.0,0.0,0.0,0.0,0.0,0.0,0.0,0.0,0.0,0.0,0.0,0.0,down,18.66,2026-09-02T11:03:47,0.0,18.7250003814697,44.42,2026-09-03 13:44:14,2026-09-03 09:45:06
IBIT,IBIT280616C00033000,IBIT,2028-06-16,C,33.0,0.0,0.0,0.0,0.0,0.0,122.0,0.0,0.0,0.0,0.0,0.0,0.0,0.0,0.0,0.0,0.0,0.0,down,18.07,2026-09-02T11:02:05,0.0,18.125,44.42,2026-09-03 13:44:14,2026-09-03 09:45:06
IBIT,IBIT280616C00034000,IBIT,2028-06-16,C,34.0,0.0,0.0,0.0,0.0,0.0,310.0,0.0,0.0,0.0,0.0,0.0,0.0,0.0,0.0,0.0,0.0,0.0,up,17.64,2026-09-02T14:11:45,0.0,17.5750007629395,44.42,2026-09-03 13:44:14,2026-09-03 09:45:06
IBIT,IBIT280616C00035000,IBIT,2028-06-16,C,35.0,0.0,0.0,0.0,0.0,0.0,4463.0,0.0,0.0,0.0,0.0,0.0,0.0,0.0,0.0,0.0,0.0,0.0,down,17.08,2026-09-02T14:11:53,0.0,17.0749998092651,44.42,2026-09-03 13:44:14,2026-09-03 09:45:06
IBIT,IBIT280616C00036000,IBIT,2028-06-16,C,36.0,0.0,0.0,0.0,0.0,0.0,131.0,0.0,0.0,0.0,0.0,0.0,0.0,0.0,0.0,0.0,0.0,0.0,down,16.46,2026-09-02T10:56:01,0.0,16.4499998092651,44.42,2026-09-03 13:44:14,2026-09-03 09:45:06
IBIT,IBIT280616C00037000,IBIT,2028-06-16,C,37.0,0.0,0.0,0.0,0.0,0.0,200.0,0.0,0.0,0.0,0.0,0.0,0.0,0.0,0.0,0.0,0.0,0.0,up,15.93,2026-09-02T10:53:50,0.0,15.9749994277954,44.42,2026-09-03 13:44:14,2026-09-03 09:45:06
IBIT,IBIT280616C00038000,IBIT,2028-06-16,C,38.0,0.0,0.0,0.0,0.0,0.0,162.0,0.0,0.0,0.0,0.0,0.0,0.0,0.0,0.0,0.0,0.0,0.0,no_change,15.45,2026-09-02T10:51:59,0.0,15.4250001907349,44.42,2026-09-03 13:44:14,2026-09-03 09:45:06
IBIT,IBIT280616C00039000,IBIT,2028-06-16,C,39.0,0.0,0.0,0.0,0.0,0.0,157.0,0.0,0.0,0.0,0.0,0.0,0.0,0.0,0.0,0.0,0.0,0.0,down,14.98,2026-09-02T10:59:24,0.0,14.9499998092651,44.42,2026-09-03 13:44:14,2026-09-03 09:45:06
IBIT,IBIT280616C00040000,IBIT,2028-06-16,C,40.0,0.0,0.0,0.0,0.0,0.0,6171.0,0.0,0.0,0.0,0.0,0.0,0.0,0.0,0.0,0.0,0.0,0.0,up,14.49,2026-09-02T13:29:41,0.0,14.4250001907349,44.42,2026-09-03 13:44:14,2026-09-03 09:45:06
IBIT,IBIT280616C00041000,IBIT,2028-06-16,C,41.0,0.0,0.0,0.0,0.0,0.0,131.0,0.0,0.0,0.0,0.0,0.0,0.0,0.0,0.0,0.0,0.0,0.0,up,14.08,2026-09-02T14:12:02,0.0,14.0,44.42,2026-09-03 13:44:14,2026-09-03 09:45:06
IBIT,IBIT280616C00042000,IBIT,2028-06-16,C,42.0,0.0,0.0,0.0,0.0,0.0,253.0,0.0,0.0,0.0,0.0,0.0,0.0,0.0,0.0,0.0,0.0,0.0,no_change,14.35,2026-08-31T13:20:35,0.0,13.5,44.42,2026-09-03 13:44:14,2026-09-03 09:45:06
IBIT,IBIT280616C00043000,IBIT,2028-06-16,C,43.0,0.0,0.0,0.0,0.0,0.0,206.0,0.0,0.0,0.0,0.0,0.0,0.0,0.0,0.0,0.0,0.0,0.0,down,13.14,2026-09-02T09:51:37,0.0,13.1500000953674,44.42,2026-09-03 13:44:14,2026-09-03 09:45:06
IBIT,IBIT280616C00044000,IBIT,2028-06-16,C,44.0,0.0,0.0,0.0,0.0,0.0,249.0,0.0,0.0,0.0,0.0,0.0,0.0,0.0,0.0,0.0,0.0,0.0,no_change,12.7,2026-09-02T11:38:46,0.0,12.6750001907349,44.42,2026-09-03 13:44:14,2026-09-03 09:45:06
IBIT,IBIT280616C00045000,IBIT,2028-06-16,C,45.0,0.0,0.0,0.0,0.0,0.0,5202.0,0.0,0.0,0.0,0.0,0.0,0.0,0.0,0.0,0.0,0.0,0.0,no_change,12.26,2026-09-02T13:31:38,0.0,12.375,44.42,2026-09-03 13:44:14,2026-09-03 09:45:06
IBIT,IBIT280616C00046000,IBIT,2028-06-16,C,46.0,0.0,0.0,0.0,0.0,0.0,40.0,0.0,0.0,0.0,0.0,0.0,0.0,0.0,0.0,0.0,0.0,0.0,down,12.4,2026-08-28T15:17:54,0.0,11.875,44.42,2026-09-03 13:44:14,2026-09-03 09:45:06
IBIT,IBIT280616C00047000,IBIT,2028-06-16,C,47.0,0.0,0.0,0.0,0.0,0.0,23.0,0.0,0.0,0.0,0.0,0.0,0.0,0.0,0.0,0.0,0.0,0.0,down,11.66,2026-09-02T14:15:02,0.0,11.6000003814697,44.42,2026-09-03 13:44:14,2026-09-03 09:45:06
IBIT,IBIT280616C00048000,IBIT,2028-06-16,C,48.0,0.0,0.0,0.0,0.0,0.0,63.0,0.0,0.0,0.0,0.0,0.0,0.0,0.0,0.0,0.0,0.0,0.0,down,11.19,2026-09-02T11:40:05,0.0,11.2250003814697,44.42,2026-09-03 13:44:14,2026-09-03 09:45:06
IBIT,IBIT280616C00049000,IBIT,2028-06-16,C,49.0,0.0,0.0,0.0,0.0,0.0,25.0,0.0,0.0,0.0,0.0,0.0,0.0,0.0,0.0,0.0,0.0,0.0,no_change,11.5,2026-08-21T15:42:54,0.0,10.9000000953674,44.42,2026-09-03 13:44:14,2026-09-03 09:45:06
IBIT,IBIT280616C00050000,IBIT,2028-06-16,C,50.0,0.0,0.0,0.0,0.0,0.0,8400.0,0.0,0.0,0.0,0.0,0.0,0.0,0.0,0.0,0.0,0.0,0.0,up,10.6,2026-09-02T12:17:13,0.0,10.5749998092651,44.42,2026-09-03 13:44:14,2026-09-03 09:45:06
IBIT,IBIT280616C00051000,IBIT,2028-06-16,C,51.0,0.0,0.0,0.0,0.0,0.0,123.0,0.0,0.0,0.0,0.0,0.0,0.0,0.0,0.0,0.0,0.0,0.0,up,11.77,2026-08-24T11:41:59,0.0,10.25,44.42,2026-09-03 13:44:14,2026-09-03 09:45:06
IBIT,IBIT280616C00052000,IBIT,2028-06-16,C,52.0,0.0,0.0,0.0,0.0,0.0,36.0,0.0,0.0,0.0,0.0,0.0,0.0,0.0,0.0,0.0,0.0,0.0,up,11.18,2026-08-25T13:37:02,0.0,9.9500002861023,44.42,2026-09-03 13:44:14,2026-09-03 09:45:06
IBIT,IBIT280616C00053000,IBIT,2028-06-16,C,53.0,0.0,0.0,0.0,0.0,0.0,64.0,0.0,0.0,0.0,0.0,0.0,0.0,0.0,0.0,0.0,0.0,0.0,up,8.23,2026-08-20T10:22:01,0.0,9.65000009536743,44.42,2026-09-03 13:44:14,2026-09-03 09:45:06
IBIT,IBIT280616C00054000,IBIT,2028-06-16,C,54.0,0.0,0.0,0.0,0.0,0.0,66.0,0.0,0.0,0.0,0.0,0.0,0.0,0.0,0.0,0.0,0.0,0.0,no_change,5.85,2026-08-10T10:07:10,0.0,9.375,44.42,2026-09-03 13:44:14,2026-09-03 09:45:06
IBIT,IBIT280616C00055000,IBIT,2028-06-16,C,55.0,0.0,0.0,0.0,0.0,0.0,2214.0,0.0,0.0,0.0,0.0,0.0,0.0,0.0,0.0,0.0,0.0,0.0,up,9.0,2026-09-02T10:59:27,0.0,9.09999990463257,44.42,2026-09-03 13:44:14,2026-09-03 09:45:06
IBIT,IBIT280616C00056000,IBIT,2028-06-16,C,56.0,0.0,0.0,0.0,0.0,0.0,689.0,0.0,0.0,0.0,0.0,0.0,0.0,0.0,0.0,0.0,0.0,0.0,down,9.8,2026-08-28T10:07:10,0.0,8.84999990463257,44.42,2026-09-03 13:44:14,2026-09-03 09:45:06
IBIT,IBIT280616C00057000,IBIT,2028-06-16,C,57.0,0.0,0.0,0.0,0.0,0.0,74.0,0.0,0.0,0.0,0.0,0.0,0.0,0.0,0.0,0.0,0.0,0.0,up,8.95,2026-08-28T12:34:46,0.0,8.59999990463257,44.42,2026-09-03 13:44:14,2026-09-03 09:45:06
IBIT,IBIT280616C00058000,IBIT,2028-06-16,C,58.0,0.0,0.0,0.0,0.0,0.0,409.0,0.0,0.0,0.0,0.0,0.0,0.0,0.0,0.0,0.0,0.0,0.0,down,8.3,2026-09-02T15:29:30,0.0,8.34999990463257,44.42,2026-09-03 13:44:14,2026-09-03 09:45:06
IBIT,IBIT280616C00059000,IBIT,2028-06-16,C,59.0,0.0,0.0,0.0,0.0,0.0,89.0,0.0,0.0,0.0,0.0,0.0,0.0,0.0,0.0,0.0,0.0,0.0,up,8.05,2026-09-02T15:29:08,0.0,8.07499980926514,44.42,2026-09-03 13:44:14,2026-09-03 09:45:06
IBIT,IBIT280616C00060000,IBIT,2028-06-16,C,60.0,0.0,0.0,0.0,0.0,0.0,4045.0,0.0,0.0,0.0,0.0,0.0,0.0,0.0,0.0,0.0,0.0,0.0,up,7.9,2026-09-02T11:43:21,0.0,7.875,44.42,2026-09-03 13:44:14,2026-09-03 09:45:06
IBIT,IBIT280616C00061000,IBIT,2028-06-16,C,61.0,0.0,0.0,0.0,0.0,0.0,49.0,0.0,0.0,0.0,0.0,0.0,0.0,0.0,0.0,0.0,0.0,0.0,up,4.58,2026-08-17T12:12:57,0.0,7.67500019073486,44.42,2026-09-03 13:44:14,2026-09-03 09:45:06
IBIT,IBIT280616C00062000,IBIT,2028-06-16,C,62.0,0.0,0.0,0.0,0.0,0.0,70.0,0.0,0.0,0.0,0.0,0.0,0.0,0.0,0.0,0.0,0.0,0.0,up,8.19,2026-08-26T13:18:36,0.0,7.45000004768372,44.42,2026-09-03 13:44:14,2026-09-03 09:45:06
IBIT,IBIT280616C00063000,IBIT,2028-06-16,C,63.0,0.0,0.0,0.0,0.0,0.0,436.0,0.0,0.0,0.0,0.0,0.0,0.0,0.0,0.0,0.0,0.0,0.0,down,7.85,2026-08-28T11:58:56,0.0,7.25,44.42,2026-09-03 13:44:14,2026-09-03 09:45:06
IBIT,IBIT280616C00064000,IBIT,2028-06-16,C,64.0,0.0,0.0,0.0,0.0,0.0,501.0,0.0,0.0,0.0,0.0,0.0,0.0,0.0,0.0,0.0,0.0,0.0,up,7.54,2026-08-31T11:41:14,0.0,7.04999995231628,44.42,2026-09-03 13:44:14,2026-09-03 09:45:06
IBIT,IBIT280616C00065000,IBIT,2028-06-16,C,65.0,0.0,0.0,0.0,0.0,0.0,6562.0,0.0,0.0,0.0,0.0,0.0,0.0,0.0,0.0,0.0,0.0,0.0,down,6.85,2026-09-02T14:11:59,0.0,6.84999990463257,44.42,2026-09-03 13:44:14,2026-09-03 09:45:06
IBIT,IBIT280616C00066000,IBIT,2028-06-16,C,66.0,0.0,0.0,0.0,0.0,0.0,102.0,0.0,0.0,0.0,0.0,0.0,0.0,0.0,0.0,0.0,0.0,0.0,down,7.09,2026-08-31T11:40:41,0.0,6.67500019073486,44.42,2026-09-03 13:44:14,2026-09-03 09:45:06
IBIT,IBIT280616C00067000,IBIT,2028-06-16,C,67.0,0.0,0.0,0.0,0.0,0.0,451.0,0.0,0.0,0.0,0.0,0.0,0.0,0.0,0.0,0.0,0.0,0.0,down,6.94,2026-08-31T11:39:21,0.0,6.5,44.42,2026-09-03 13:44:14,2026-09-03 09:45:06
IBIT,IBIT280616C00068000,IBIT,2028-06-16,C,68.0,0.0,0.0,0.0,0.0,0.0,471.0,0.0,0.0,0.0,0.0,0.0,0.0,0.0,0.0,0.0,0.0,0.0,down,6.74,2026-08-31T11:37:23,0.0,6.34999990463257,44.42,2026-09-03 13:44:14,2026-09-03 09:45:06
IBIT,IBIT280616C00069000,IBIT,2028-06-16,C,69.0,0.0,0.0,0.0,0.0,0.0,110.0,0.0,0.0,0.0,0.0,0.0,0.0,0.0,0.0,0.0,0.0,0.0,down,6.55,2026-08-28T12:03:29,0.0,6.17500019073486,44.42,2026-09-03 13:44:14,2026-09-03 09:45:06
IBIT,IBIT280616C00070000,IBIT,2028-06-16,C,70.0,0.0,0.0,0.0,0.0,0.0,4113.0,0.0,0.0,0.0,0.0,0.0,0.0,0.0,0.0,0.0,0.0,0.0,no_change,6.0,2026-09-02T15:59:29,0.0,5.92499995231628,44.42,2026-09-03 13:44:14,2026-09-03 09:45:06
IBIT,IBIT280616C00071000,IBIT,2028-06-16,C,71.0,0.0,0.0,0.0,0.0,0.0,159.0,0.0,0.0,0.0,0.0,0.0,0.0,0.0,0.0,0.0,0.0,0.0,down,5.8,2026-09-02T15:28:03,0.0,5.875,44.42,2026-09-03 13:44:14,2026-09-03 09:45:06
IBIT,IBIT280616C00072000,IBIT,2028-06-16,C,72.0,0.0,0.0,0.0,0.0,0.0,148.0,0.0,0.0,0.0,0.0,0.0,0.0,0.0,0.0,0.0,0.0,0.0,no_change,6.3,2026-08-25T09:52:54,0.0,5.70000004768372,44.42,2026-09-03 13:44:14,2026-09-03 09:45:06
IBIT,IBIT280616C00073000,IBIT,2028-06-16,C,73.0,0.0,0.0,0.0,0.0,0.0,3546.0,0.0,0.0,0.0,0.0,0.0,0.0,0.0,0.0,0.0,0.0,0.0,up,5.45,2026-09-02T09:43:44,0.0,5.54999995231628,44.42,2026-09-03 13:44:14,2026-09-03 09:45:06
IBIT,IBIT280616C00074000,IBIT,2028-06-16,C,74.0,0.0,0.0,0.0,0.0,0.0,113.0,0.0,0.0,0.0,0.0,0.0,0.0,0.0,0.0,0.0,0.0,0.0,no_change,5.4,2026-09-02T10:44:22,0.0,5.45000004768372,44.42,2026-09-03 13:44:14,2026-09-03 09:45:06
IBIT,IBIT280616C00075000,IBIT,2028-06-16,C,75.0,0.0,0.0,0.0,0.0,0.0,2542.0,0.0,0.0,0.0,0.0,0.0,0.0,0.0,0.0,0.0,0.0,0.0,down,5.28,2026-09-02T12:26:59,0.0,5.25,44.42,2026-09-03 13:44:14,2026-09-03 09:45:06
IBIT,IBIT280616C00080000,IBIT,2028-06-16,C,80.0,0.0,0.0,0.0,0.0,0.0,2154.0,0.0,0.0,0.0,0.0,0.0,0.0,0.0,0.0,0.0,0.0,0.0,down,4.44,2026-09-02T09:30:02,0.0,4.67500019073486,44.42,2026-09-03 13:44:14,2026-09-03 09:45:06
IBIT,IBIT280616C00085000,IBIT,2028-06-16,C,85.0,0.0,0.0,0.0,0.0,0.0,4298.0,0.0,0.0,0.0,0.0,0.0,0.0,0.0,0.0,0.0,0.0,0.0,down,4.19,2026-09-01T14:21:10,0.0,4.15000009536743,44.42,2026-09-03 13:44:14,2026-09-03 09:45:06
IBIT,IBIT280616C00090000,IBIT,2028-06-16,C,90.0,0.0,0.0,0.0,0.0,0.0,16230.0,0.0,0.0,0.0,0.0,0.0,0.0,0.0,0.0,0.0,0.0,0.0,down,3.86,2026-09-01T13:37:54,0.0,3.69999992847443,44.42,2026-09-03 13:44:14,2026-09-03 09:45:06
IBIT,IBIT280616C00095000,IBIT,2028-06-16,C,95.0,0.0,0.0,0.0,0.0,0.0,1291.0,0.0,0.0,0.0,0.0,0.0,0.0,0.0,0.0,0.0,0.0,0.0,down,3.4,2026-08-31T09:34:23,0.0,3.32500004768372,44.42,2026-09-03 13:44:14,2026-09-03 09:45:06
IBIT,IBIT280616C00100000,IBIT,2028-06-16,C,100.0,0.0,0.0,0.0,0.0,0.0,32151.0,0.0,0.0,0.0,0.0,0.0,0.0,0.0,0.0,0.0,0.0,0.0,no_change,3.0,2026-09-02T15:59:30,0.0,2.93499994277954,44.42,2026-09-03 13:44:14,2026-09-03 09:45:06
IBIT,IBIT280616P00001000,IBIT,2028-06-16,P,1.0,0.0,0.0,0.0,0.0,0.0,17.0,0.0,0.0,0.0,0.0,0.0,0.0,0.0,0.0,0.0,0.0,0.0,no_change,0.04,2026-08-27T14:27:47,0.0,0.0399999991059303,44.42,2026-09-03 13:44:14,2026-09-03 09:45:06
IBIT,IBIT280616P00002000,IBIT,2028-06-16,P,2.0,0.0,0.0,0.0,0.0,0.0,0.0,0.0,0.0,0.0,0.0,0.0,0.0,0.0,0.0,0.0,0.0,0.0,no_change,0.0,,0.0,0.0649999976158142,44.42,2026-09-03 13:44:14,2026-09-03 09:45:06
IBIT,IBIT280616P00003000,IBIT,2028-06-16,P,3.0,0.0,0.0,0.0,0.0,0.0,0.0,0.0,0.0,0.0,0.0,0.0,0.0,0.0,0.0,0.0,0.0,0.0,no_change,0.0,,0.0,0.0850000008940697,44.42,2026-09-03 13:44:14,2026-09-03 09:45:06
IBIT,IBIT280616P00004000,IBIT,2028-06-16,P,4.0,0.0,0.0,0.0,0.0,0.0,3.0,0.0,0.0,0.0,0.0,0.0,0.0,0.0,0.0,0.0,0.0,0.0,no_change,0.18,2026-05-08T11:58:07,0.0,0.149999998509884,44.42,2026-09-03 13:44:14,2026-09-03 09:45:06
IBIT,IBIT280616P00005000,IBIT,2028-06-16,P,5.0,0.0,0.0,0.0,0.0,0.0,3149.0,0.0,0.0,0.0,0.0,0.0,0.0,0.0,0.0,0.0,0.0,0.0,up,0.15,2026-08-31T12:11:58,0.0,0.150000002235174,44.42,2026-09-03 13:44:14,2026-09-03 09:45:06
IBIT,IBIT280616P00006000,IBIT,2028-06-16,P,6.0,0.0,0.0,0.0,0.0,0.0,28.0,0.0,0.0,0.0,0.0,0.0,0.0,0.0,0.0,0.0,0.0,0.0,down,0.25,2026-08-17T13:27:54,0.0,0.179999995976686,44.42,2026-09-03 13:44:14,2026-09-03 09:45:06
IBIT,IBIT280616P00007000,IBIT,2028-06-16,P,7.0,0.0,0.0,0.0,0.0,0.0,9561.0,0.0,0.0,0.0,0.0,0.0,0.0,0.0,0.0,0.0,0.0,0.0,no_change,0.32,2026-08-17T13:27:55,0.0,0.230000000447035,44.42,2026-09-03 13:44:14,2026-09-03 09:45:06
IBIT,IBIT280616P00008000,IBIT,2028-06-16,P,8.0,0.0,0.0,0.0,0.0,0.0,72.0,0.0,0.0,0.0,0.0,0.0,0.0,0.0,0.0,0.0,0.0,0.0,no_change,0.34,2026-08-06T13:55:18,0.0,0.274999991059303,44.42,2026-09-03 13:44:14,2026-09-03 09:45:06
IBIT,IBIT280616P00009000,IBIT,2028-06-16,P,9.0,0.0,0.0,0.0,0.0,0.0,58.0,0.0,0.0,0.0,0.0,0.0,0.0,0.0,0.0,0.0,0.0,0.0,no_change,0.42,2026-08-06T13:54:23,0.0,0.299999997019768,44.42,2026-09-03 13:44:14,2026-09-03 09:45:06
IBIT,IBIT280616P00010000,IBIT,2028-06-16,P,10.0,0.0,0.0,0.0,0.0,0.0,881.0,0.0,0.0,0.0,0.0,0.0,0.0,0.0,0.0,0.0,0.0,0.0,up,0.54,2026-08-11T10:10:48,0.0,0.439999997615814,44.42,2026-09-03 13:44:14,2026-09-03 09:45:06
IBIT,IBIT280616P00011000,IBIT,2028-06-16,P,11.0,0.0,0.0,0.0,0.0,0.0,51.0,0.0,0.0,0.0,0.0,0.0,0.0,0.0,0.0,0.0,0.0,0.0,down,0.81,2026-06-09T14:17:49,0.0,0.469999983906746,44.42,2026-09-03 13:44:14,2026-09-03 09:45:06
IBIT,IBIT280616P00012000,IBIT,2028-06-16,P,12.0,0.0,0.0,0.0,0.0,0.0,280.0,0.0,0.0,0.0,0.0,0.0,0.0,0.0,0.0,0.0,0.0,0.0,no_change,0.79,2026-08-19T14:46:36,0.0,0.555000007152557,44.42,2026-09-03 13:44:14,2026-09-03 09:45:06
IBIT,IBIT280616P00013000,IBIT,2028-06-16,P,13.0,0.0,0.0,0.0,0.0,0.0,458.0,0.0,0.0,0.0,0.0,0.0,0.0,0.0,0.0,0.0,0.0,0.0,down,0.89,2026-08-20T10:30:24,0.0,0.634999990463257,44.42,2026-09-03 13:44:14,2026-09-03 09:45:06
IBIT,IBIT280616P00014000,IBIT,2028-06-16,P,14.0,0.0,0.0,0.0,0.0,0.0,365.0,0.0,0.0,0.0,0.0,0.0,0.0,0.0,0.0,0.0,0.0,0.0,no_change,1.07,2026-08-11T13:06:27,0.0,0.754999995231628,44.42,2026-09-03 13:44:14,2026-09-03 09:45:06
IBIT,IBIT280616P00015000,IBIT,2028-06-16,P,15.0,0.0,0.0,0.0,0.0,0.0,4790.0,0.0,0.0,0.0,0.0,0.0,0.0,0.0,0.0,0.0,0.0,0.0,down,0.85,2026-08-31T14:42:05,0.0,0.840000003576279,44.42,2026-09-03 13:44:14,2026-09-03 09:45:06
IBIT,IBIT280616P00016000,IBIT,2028-06-16,P,16.0,0.0,0.0,0.0,0.0,0.0,679.0,0.0,0.0,0.0,0.0,0.0,0.0,0.0,0.0,0.0,0.0,0.0,down,1.49,2026-08-17T13:27:54,0.0,0.940000027418136,44.42,2026-09-03 13:44:14,2026-09-03 09:45:06
IBIT,IBIT280616P00017000,IBIT,2028-06-16,P,17.0,0.0,0.0,0.0,0.0,0.0,405.0,0.0,0.0,0.0,0.0,0.0,0.0,0.0,0.0,0.0,0.0,0.0,down,1.65,2026-08-17T13:27:54,0.0,1.06000003218651,44.42,2026-09-03 13:44:14,2026-09-03 09:45:06
IBIT,IBIT280616P00018000,IBIT,2028-06-16,P,18.0,0.0,0.0,0.0,0.0,0.0,183.0,0.0,0.0,0.0,0.0,0.0,0.0,0.0,0.0,0.0,0.0,0.0,down,1.69,2026-08-10T11:45:33,0.0,1.19499999284744,44.42,2026-09-03 13:44:14,2026-09-03 09:45:06
IBIT,IBIT280616P00019000,IBIT,2028-06-16,P,19.0,0.0,0.0,0.0,0.0,0.0,103.0,0.0,0.0,0.0,0.0,0.0,0.0,0.0,0.0,0.0,0.0,0.0,down,1.69,2026-07-21T10:22:15,0.0,1.33500003814697,44.42,2026-09-03 13:44:14,2026-09-03 09:45:06
IBIT,IBIT280616P00020000,IBIT,2028-06-16,P,20.0,0.0,0.0,0.0,0.0,0.0,2251.0,0.0,0.0,0.0,0.0,0.0,0.0,0.0,0.0,0.0,0.0,0.0,up,1.55,2026-09-02T10:53:57,0.0,1.48500001430511,44.42,2026-09-03 13:44:14,2026-09-03 09:45:06
IBIT,IBIT280616P00021000,IBIT,2028-06-16,P,21.0,0.0,0.0,0.0,0.0,0.0,863.0,0.0,0.0,0.0,0.0,0.0,0.0,0.0,0.0,0.0,0.0,0.0,no_change,1.89,2026-08-26T11:35:56,0.0,1.64499998092651,44.42,2026-09-03 13:44:14,2026-09-03 09:45:06
IBIT,IBIT280616P00022000,IBIT,2028-06-16,P,22.0,0.0,0.0,0.0,0.0,0.0,25.0,0.0,0.0,0.0,0.0,0.0,0.0,0.0,0.0,0.0,0.0,0.0,no_change,2.57,2026-08-19T14:46:36,0.0,1.82499998807907,44.42,2026-09-03 13:44:14,2026-09-03 09:45:06
IBIT,IBIT280616P00023000,IBIT,2028-06-16,P,23.0,0.0,0.0,0.0,0.0,0.0,132.0,0.0,0.0,0.0,0.0,0.0,0.0,0.0,0.0,0.0,0.0,0.0,up,2.17,2026-08-28T12:18:34,0.0,2.01500004529953,44.42,2026-09-03 13:44:14,2026-09-03 09:45:06
IBIT,IBIT280616P00024000,IBIT,2028-06-16,P,24.0,0.0,0.0,0.0,0.0,0.0,142.0,0.0,0.0,0.0,0.0,0.0,0.0,0.0,0.0,0.0,0.0,0.0,down,2.54,2026-08-26T11:35:39,0.0,2.21999990940094,44.42,2026-09-03 13:44:14,2026-09-03 09:45:06
IBIT,IBIT280616P00025000,IBIT,2028-06-16,P,25.0,0.0,0.0,0.0,0.0,0.0,1101.0,0.0,0.0,0.0,0.0,0.0,0.0,0.0,0.0,0.0,0.0,0.0,no_change,2.45,2026-09-02T10:58:04,0.0,2.4449999332428,44.42,2026-09-03 13:44:14,2026-09-03 09:45:06
IBIT,IBIT280616P00026000,IBIT,2028-06-16,P,26.0,0.0,0.0,0.0,0.0,0.0,155.0,0.0,0.0,0.0,0.0,0.0,0.0,0.0,0.0,0.0,0.0,0.0,no_change,2.89,2026-08-28T11:32:39,0.0,2.67999994754791,44.42,2026-09-03 13:44:14,2026-09-03 09:45:06
IBIT,IBIT280616P00027000,IBIT,2028-06-16,P,27.0,0.0,0.0,0.0,0.0,0.0,3.0,0.0,0.0,0.0,0.0,0.0,0.0,0.0,0.0,0.0,0.0,0.0,up,5.4,2026-06-05T15:41:12,0.0,2.93499994277954,44.42,2026-09-03 13:44:14,2026-09-03 09:45:06
IBIT,IBIT280616P00028000,IBIT,2028-06-16,P,28.0,0.0,0.0,0.0,0.0,0.0,433.0,0.0,0.0,0.0,0.0,0.0,0.0,0.0,0.0,0.0,0.0,0.0,no_change,3.35,2026-08-31T10:02:11,0.0,3.20000004768372,44.42,2026-09-03 13:44:14,2026-09-03 09:45:06
IBIT,IBIT280616P00029000,IBIT,2028-06-16,P,29.0,0.0,0.0,0.0,0.0,0.0,41.0,0.0,0.0,0.0,0.0,0.0,0.0,0.0,0.0,0.0,0.0,0.0,up,4.68,2026-08-19T11:41:24,0.0,3.5,44.42,2026-09-03 13:44:14,2026-09-03 09:45:06
IBIT,IBIT280616P00030000,IBIT,2028-06-16,P,30.0,0.0,0.0,0.0,0.0,0.0,10843.0,0.0,0.0,0.0,0.0,0.0,0.0,0.0,0.0,0.0,0.0,0.0,down,3.79,2026-09-02T09:30:02,0.0,3.80000007152557,44.42,2026-09-03 13:44:14,2026-09-03 09:45:06
IBIT,IBIT280616P00031000,IBIT,2028-06-16,P,31.0,0.0,0.0,0.0,0.0,0.0,13.0,0.0,0.0,0.0,0.0,0.0,0.0,0.0,0.0,0.0,0.0,0.0,down,4.55,2026-08-26T10:25:40,0.0,4.10000014305115,44.42,2026-09-03 13:44:14,2026-09-03 09:45:06
IBIT,IBIT280616P00032000,IBIT,2028-06-16,P,32.0,0.0,0.0,0.0,0.0,0.0,591.0,0.0,0.0,0.0,0.0,0.0,0.0,0.0,0.0,0.0,0.0,0.0,no_change,4.7,2026-08-28T12:25:35,0.0,4.42499995231628,44.42,2026-09-03 13:44:14,2026-09-03 09:45:06
IBIT,IBIT280616P00033000,IBIT,2028-06-16,P,33.0,0.0,0.0,0.0,0.0,0.0,62.0,0.0,0.0,0.0,0.0,0.0,0.0,0.0,0.0,0.0,0.0,0.0,up,5.25,2026-08-26T12:02:30,0.0,4.77500009536743,44.42,2026-09-03 13:44:14,2026-09-03 09:45:06
IBIT,IBIT280616P00034000,IBIT,2028-06-16,P,34.0,0.0,0.0,0.0,0.0,0.0,624.0,0.0,0.0,0.0,0.0,0.0,0.0,0.0,0.0,0.0,0.0,0.0,down,5.15,2026-08-31T13:22:08,0.0,5.17499995231628,44.42,2026-09-03 13:44:14,2026-09-03 09:45:06
IBIT,IBIT280616P00035000,IBIT,2028-06-16,P,35.0,0.0,0.0,0.0,0.0,0.0,2206.0,0.0,0.0,0.0,0.0,0.0,0.0,0.0,0.0,0.0,0.0,0.0,down,5.5,2026-09-02T14:56:19,0.0,5.52499985694885,44.42,2026-09-03 13:44:14,2026-09-03 09:45:06
IBIT,IBIT280616P00036000,IBIT,2028-06-16,P,36.0,0.0,0.0,0.0,0.0,0.0,562.0,0.0,0.0,0.0,0.0,0.0,0.0,0.0,0.0,0.0,0.0,0.0,down,6.1,2026-08-27T11:57:07,0.0,5.94999980926514,44.42,2026-09-03 13:44:14,2026-09-03 09:45:06
IBIT,IBIT280616P00037000,IBIT,2028-06-16,P,37.0,0.0,0.0,0.0,0.0,0.0,91.0,0.0,0.0,0.0,0.0,0.0,0.0,0.0,0.0,0.0,0.0,0.0,down,6.56,2026-08-27T12:06:09,0.0,6.29999995231628,44.42,2026-09-03 13:44:14,2026-09-03 09:45:06
IBIT,IBIT280616P00038000,IBIT,2028-06-16,P,38.0,0.0,0.0,0.0,0.0,0.0,82.0,0.0,0.0,0.0,0.0,0.0,0.0,0.0,0.0,0.0,0.0,0.0,down,6.95,2026-08-27T10:34:57,0.0,6.75,44.42,2026-09-03 13:44:14,2026-09-03 09:45:06
IBIT,IBIT280616P00039000,IBIT,2028-06-16,P,39.0,0.0,0.0,0.0,0.0,0.0,136.0,0.0,0.0,0.0,0.0,0.0,0.0,0.0,0.0,0.0,0.0,0.0,down,7.6,2026-08-26T12:37:22,0.0,7.20000004768372,44.42,2026-09-03 13:44:14,2026-09-03 09:45:06
IBIT,IBIT280616P00040000,IBIT,2028-06-16,P,40.0,0.0,0.0,0.0,0.0,0.0,3242.0,0.0,0.0,0.0,0.0,0.0,0.0,0.0,0.0,0.0,0.0,0.0,down,7.72,2026-09-02T10:59:55,0.0,7.67500019073486,44.42,2026-09-03 13:44:14,2026-09-03 09:45:06
IBIT,IBIT280616P00041000,IBIT,2028-06-16,P,41.0,0.0,0.0,0.0,0.0,0.0,76.0,0.0,0.0,0.0,0.0,0.0,0.0,0.0,0.0,0.0,0.0,0.0,down,9.5,2026-08-20T11:41:45,0.0,8.125,44.42,2026-09-03 13:44:14,2026-09-03 09:45:06
IBIT,IBIT280616P00042000,IBIT,2028-06-16,P,42.0,0.0,0.0,0.0,0.0,0.0,248.0,0.0,0.0,0.0,0.0,0.0,0.0,0.0,0.0,0.0,0.0,0.0,down,10.24,2026-08-20T10:07:17,0.0,8.625,44.42,2026-09-03 13:44:14,2026-09-03 09:45:06
IBIT,IBIT280616P00043000,IBIT,2028-06-16,P,43.0,0.0,0.0,0.0,0.0,0.0,9.0,0.0,0.0,0.0,0.0,0.0,0.0,0.0,0.0,0.0,0.0,0.0,up,11.16,2026-05-28T09:49:26,0.0,9.17500019073486,44.42,2026-09-03 13:44:14,2026-09-03 09:45:06
IBIT,IBIT280616P00044000,IBIT,2028-06-16,P,44.0,0.0,0.0,0.0,0.0,0.0,163.0,0.0,0.0,0.0,0.0,0.0,0.0,0.0,0.0,0.0,0.0,0.0,down,10.15,2026-08-26T12:05:28,0.0,9.72499990463257,44.42,2026-09-03 13:44:14,2026-09-03 09:45:06
IBIT,IBIT280616P00045000,IBIT,2028-06-16,P,45.0,0.0,0.0,0.0,0.0,0.0,4729.0,0.0,0.0,0.0,0.0,0.0,0.0,0.0,0.0,0.0,0.0,0.0,up,10.5,2026-09-02T10:05:43,0.0,10.2750000953674,44.42,2026-09-03 13:44:14,2026-09-03 09:45:06
IBIT,IBIT280616P00046000,IBIT,2028-06-16,P,46.0,0.0,0.0,0.0,0.0,0.0,1998.0,0.0,0.0,0.0,0.0,0.0,0.0,0.0,0.0,0.0,0.0,0.0,no_change,11.0,2026-09-01T14:48:02,0.0,10.8249998092651,44.42,2026-09-03 13:44:14,2026-09-03 09:45:06
IBIT,IBIT280616P00047000,IBIT,2028-06-16,P,47.0,0.0,0.0,0.0,0.0,0.0,3.0,0.0,0.0,0.0,0.0,0.0,0.0,0.0,0.0,0.0,0.0,0.0,down,12.18,2026-08-21T09:58:18,0.0,11.4250001907349,44.42,2026-09-03 13:44:14,2026-09-03 09:45:06
IBIT,IBIT280616P00048000,IBIT,2028-06-16,P,48.0,0.0,0.0,0.0,0.0,0.0,3.0,0.0,0.0,0.0,0.0,0.0,0.0,0.0,0.0,0.0,0.0,0.0,no_change,16.1,2026-07-09T14:07:34,0.0,12.0250000953674,44.42,2026-09-03 13:44:14,2026-09-03 09:45:06
IBIT,IBIT280616P00049000,IBIT,2028-06-16,P,49.0,0.0,0.0,0.0,0.0,0.0,4.0,0.0,0.0,0.0,0.0,0.0,0.0,0.0,0.0,0.0,0.0,0.0,up,18.45,2026-03-27T10:13:21,0.0,12.5999999046326,44.42,2026-09-03 13:44:14,2026-09-03 09:45:06
IBIT,IBIT280616P00050000,IBIT,2028-06-16,P,50.0,0.0,0.0,0.0,0.0,0.0,2284.0,0.0,0.0,0.0,0.0,0.0,0.0,0.0,0.0,0.0,0.0,0.0,up,13.36,2026-08-28T09:54:07,0.0,13.25,44.42,2026-09-03 13:44:14,2026-09-03 09:45:06
IBIT,IBIT280616P00051000,IBIT,2028-06-16,P,51.0,0.0,0.0,0.0,0.0,0.0,5.0,0.0,0.0,0.0,0.0,0.0,0.0,0.0,0.0,0.0,0.0,0.0,down,14.05,2026-08-28T12:30:10,0.0,13.9000000953674,44.42,2026-09-03 13:44:14,2026-09-03 09:45:06
IBIT,IBIT280616P00052000,IBIT,2028-06-16,P,52.0,0.0,0.0,0.0,0.0,0.0,107.0,0.0,0.0,0.0,0.0,0.0,0.0,0.0,0.0,0.0,0.0,0.0,up,14.8,2026-08-28T12:26:09,0.0,14.5499997138977,44.42,2026-09-03 13:44:14,2026-09-03 09:45:06
IBIT,IBIT280616P00053000,IBIT,2028-06-16,P,53.0,0.0,0.0,0.0,0.0,0.0,3.0,0.0,0.0,0.0,0.0,0.0,0.0,0.0,0.0,0.0,0.0,0.0,down,15.15,2026-08-31T10:39:23,0.0,15.3000001907349,44.42,2026-09-03 13:44:14,2026-09-03 09:45:06
IBIT,IBIT280616P00054000,IBIT,2028-06-16,P,54.0,0.0,0.0,0.0,0.0,0.0,13.0,0.0,0.0,0.0,0.0,0.0,0.0,0.0,0.0,0.0,0.0,0.0,up,15.33,2026-08-31T15:58:57,0.0,16.0500001907349,44.42,2026-09-03 13:44:14,2026-09-03 09:45:06
IBIT,IBIT280616P00055000,IBIT,2028-06-16,P,55.0,0.0,0.0,0.0,0.0,0.0,2022.0,0.0,0.0,0.0,0.0,0.0,0.0,0.0,0.0,0.0,0.0,0.0,down,16.55,2026-08-31T12:03:27,0.0,16.7749996185303,44.42,2026-09-03 13:44:14,2026-09-03 09:45:06
IBIT,IBIT280616P00056000,IBIT,2028-06-16,P,56.0,0.0,0.0,0.0,0.0,0.0,6.0,0.0,0.0,0.0,0.0,0.0,0.0,0.0,0.0,0.0,0.0,0.0,up,22.0,2026-06-03T13:03:23,0.0,17.4499998092651,44.42,2026-09-03 13:44:14,2026-09-03 09:45:06
IBIT,IBIT280616P00057000,IBIT,2028-06-16,P,57.0,0.0,0.0,0.0,0.0,0.0,3.0,0.0,0.0,0.0,0.0,0.0,0.0,0.0,0.0,0.0,0.0,0.0,up,22.8,2026-06-03T13:01:35,0.0,18.1750001907349,44.42,2026-09-03 13:44:14,2026-09-03 09:45:06
IBIT,IBIT280616P00058000,IBIT,2028-06-16,P,58.0,0.0,0.0,0.0,0.0,0.0,0.0,0.0,0.0,0.0,0.0,0.0,0.0,0.0,0.0,0.0,0.0,0.0,no_change,0.0,,0.0,18.8999996185303,44.42,2026-09-03 13:44:14,2026-09-03 09:45:06
IBIT,IBIT280616P00059000,IBIT,2028-06-16,P,59.0,0.0,0.0,0.0,0.0,0.0,38.0,0.0,0.0,0.0,0.0,0.0,0.0,0.0,0.0,0.0,0.0,0.0,down,24.0,2026-06-22T10:25:59,0.0,19.625,44.42,2026-09-03 13:44:14,2026-09-03 09:45:06
IBIT,IBIT280616P00060000,IBIT,2028-06-16,P,60.0,0.0,0.0,0.0,0.0,0.0,423.0,0.0,0.0,0.0,0.0,0.0,0.0,0.0,0.0,0.0,0.0,0.0,down,20.05,2026-08-28T10:57:07,0.0,20.4250001907349,44.42,2026-09-03 13:44:14,2026-09-03 09:45:06
IBIT,IBIT280616P00061000,IBIT,2028-06-16,P,61.0,0.0,0.0,0.0,0.0,0.0,109.0,0.0,0.0,0.0,0.0,0.0,0.0,0.0,0.0,0.0,0.0,0.0,down,25.95,2026-08-12T12:40:58,0.0,21.1750001907349,44.42,2026-09-03 13:44:14,2026-09-03 09:45:06
IBIT,IBIT280616P00062000,IBIT,2028-06-16,P,62.0,0.0,0.0,0.0,0.0,0.0,4.0,0.0,0.0,0.0,0.0,0.0,0.0,0.0,0.0,0.0,0.0,0.0,up,29.1,2026-06-26T11:11:08,0.0,21.9499998092651,44.42,2026-09-03 13:44:14,2026-09-03 09:45:06
IBIT,IBIT280616P00063000,IBIT,2028-06-16,P,63.0,0.0,0.0,0.0,0.0,0.0,3.0,0.0,0.0,0.0,0.0,0.0,0.0,0.0,0.0,0.0,0.0,0.0,up,30.26,2026-06-25T15:11:56,0.0,22.5749998092651,44.42,2026-09-03 13:44:14,2026-09-03 09:45:06
IBIT,IBIT280616P00064000,IBIT,2028-06-16,P,64.0,0.0,0.0,0.0,0.0,0.0,64.0,0.0,0.0,0.0,0.0,0.0,0.0,0.0,0.0,0.0,0.0,0.0,up,28.8,2026-08-11T15:13:37,0.0,23.5249996185303,44.42,2026-09-03 13:44:14,2026-09-03 09:45:06
IBIT,IBIT280616P00065000,IBIT,2028-06-16,P,65.0,0.0,0.0,0.0,0.0,0.0,584.0,0.0,0.0,0.0,0.0,0.0,0.0,0.0,0.0,0.0,0.0,0.0,no_change,26.2,2026-08-20T13:59:14,0.0,24.3499994277954,44.42,2026-09-03 13:44:14,2026-09-03 09:45:06
IBIT,IBIT280616P00066000,IBIT,2028-06-16,P,66.0,0.0,0.0,0.0,0.0,0.0,17.0,0.0,0.0,0.0,0.0,0.0,0.0,0.0,0.0,0.0,0.0,0.0,down,24.58,2026-08-28T10:57:07,0.0,24.9750003814697,44.42,2026-09-03 13:44:14,2026-09-03 09:45:06
IBIT,IBIT280616P00067000,IBIT,2028-06-16,P,67.0,0.0,0.0,0.0,0.0,0.0,3.0,0.0,0.0,0.0,0.0,0.0,0.0,0.0,0.0,0.0,0.0,0.0,up,28.6,2026-06-01T14:22:07,0.0,26.0,44.42,2026-09-03 13:44:14,2026-09-03 09:45:06
IBIT,IBIT280616P00068000,IBIT,2028-06-16,P,68.0,0.0,0.0,0.0,0.0,0.0,123.0,0.0,0.0,0.0,0.0,0.0,0.0,0.0,0.0,0.0,0.0,0.0,down,31.85,2026-08-18T15:27:10,0.0,26.8249998092651,44.42,2026-09-03 13:44:14,2026-09-03 09:45:06
IBIT,IBIT280616P00069000,IBIT,2028-06-16,P,69.0,0.0,0.0,0.0,0.0,0.0,546.0,0.0,0.0,0.0,0.0,0.0,0.0,0.0,0.0,0.0,0.0,0.0,up,35.49,2026-06-26T10:54:54,0.0,27.6500005722046,44.42,2026-09-03 13:44:14,2026-09-03 09:45:06
IBIT,IBIT280616P00070000,IBIT,2028-06-16,P,70.0,0.0,0.0,0.0,0.0,0.0,788.0,0.0,0.0,0.0,0.0,0.0,0.0,0.0,0.0,0.0,0.0,0.0,down,28.95,2026-08-21T10:15:19,0.0,28.5,44.42,2026-09-03 13:44:14,2026-09-03 09:45:06
IBIT,IBIT280616P00071000,IBIT,2028-06-16,P,71.0,0.0,0.0,0.0,0.0,0.0,0.0,0.0,0.0,0.0,0.0,0.0,0.0,0.0,0.0,0.0,0.0,0.0,no_change,0.0,,0.0,29.3499994277954,44.42,2026-09-03 13:44:14,2026-09-03 09:45:06
IBIT,IBIT280616P00072000,IBIT,2028-06-16,P,72.0,0.0,0.0,0.0,0.0,0.0,144.0,0.0,0.0,0.0,0.0,0.0,0.0,0.0,0.0,0.0,0.0,0.0,down,33.05,2026-04-14T14:50:04,0.0,30.2249994277954,44.42,2026-09-03 13:44:14,2026-09-03 09:45:06
IBIT,IBIT280616P00073000,IBIT,2028-06-16,P,73.0,0.0,0.0,0.0,0.0,0.0,0.0,0.0,0.0,0.0,0.0,0.0,0.0,0.0,0.0,0.0,0.0,0.0,no_change,0.0,,0.0,31.1000003814697,44.42,2026-09-03 13:44:14,2026-09-03 09:45:06
IBIT,IBIT280616P00074000,IBIT,2028-06-16,P,74.0,0.0,0.0,0.0,0.0,0.0,0.0,0.0,0.0,0.0,0.0,0.0,0.0,0.0,0.0,0.0,0.0,0.0,no_change,0.0,,0.0,31.9749994277954,44.42,2026-09-03 13:44:14,2026-09-03 09:45:06
IBIT,IBIT280616P00075000,IBIT,2028-06-16,P,75.0,0.0,0.0,0.0,0.0,0.0,50.0,0.0,0.0,0.0,0.0,0.0,0.0,0.0,0.0,0.0,0.0,0.0,down,38.85,2026-08-13T10:53:49,0.0,32.875,44.42,2026-09-03 13:44:14,2026-09-03 09:45:06
IBIT,IBIT280616P00080000,IBIT,2028-06-16,P,80.0,0.0,0.0,0.0,0.0,0.0,0.0,0.0,0.0,0.0,0.0,0.0,0.0,0.0,0.0,0.0,0.0,0.0,no_change,42.32,2026-06-15T09:38:41,0.0,37.3500003814697,44.42,2026-09-03 13:44:14,2026-09-03 09:45:06
IBIT,IBIT280616P00085000,IBIT,2028-06-16,P,85.0,0.0,0.0,0.0,0.0,0.0,0.0,0.0,0.0,0.0,0.0,0.0,0.0,0.0,0.0,0.0,0.0,0.0,up,49.46,2026-06-04T14:16:21,0.0,41.9250011444092,44.42,2026-09-03 13:44:14,2026-09-03 09:45:06
IBIT,IBIT280616P00090000,IBIT,2028-06-16,P,90.0,0.0,0.0,0.0,0.0,0.0,27.0,0.0,0.0,0.0,0.0,0.0,0.0,0.0,0.0,0.0,0.0,0.0,up,46.25,2026-09-02T13:36:06,0.0,46.3250007629394,44.42,2026-09-03 13:44:14,2026-09-03 09:45:06
IBIT,IBIT280616P00095000,IBIT,2028-06-16,P,95.0,0.0,0.0,0.0,0.0,0.0,0.0,0.0,0.0,0.0,0.0,0.0,0.0,0.0,0.0,0.0,0.0,0.0,down,53.54,2026-05-28T10:21:24,0.0,51.5749988555908,44.42,2026-09-03 13:44:14,2026-09-03 09:45:06
IBIT,IBIT280616P00100000,IBIT,2028-06-16,P,100.0,0.0,0.0,0.0,0.0,0.0,11.0,0.0,0.0,0.0,0.0,0.0,0.0,0.0,0.0,0.0,0.0,0.0,up,63.68,2026-08-05T10:06:59,0.0,56.25,44.42,2026-09-03 13:44:14,2026-09-03 09:45:06
IBIT,IBIT281215C00001000,IBIT,2028-12-15,C,1.0,0.0,0.0,0.0,0.0,0.0,102.0,0.0,0.0,0.0,0.0,0.0,0.0,0.0,0.0,0.0,0.0,0.0,down,32.85,2026-08-13T13:25:33,0.0,42.9749984741211,44.42,2026-09-03 13:44:14,2026-09-03 09:45:06
IBIT,IBIT281215C00002000,IBIT,2028-12-15,C,2.0,0.0,0.0,0.0,0.0,0.0,321.0,0.0,0.0,0.0,0.0,0.0,0.0,0.0,0.0,0.0,0.0,0.0,up,42.7,2026-08-25T09:50:35,0.0,41.9500007629394,44.42,2026-09-03 13:44:14,2026-09-03 09:45:06
IBIT,IBIT281215C00003000,IBIT,2028-12-15,C,3.0,0.0,0.0,0.0,0.0,0.0,891.0,0.0,0.0,0.0,0.0,0.0,0.0,0.0,0.0,0.0,0.0,0.0,up,41.7,2026-08-28T13:17:44,0.0,41.0500011444092,44.42,2026-09-03 13:44:14,2026-09-03 09:45:06
IBIT,IBIT281215C00004000,IBIT,2028-12-15,C,4.0,0.0,0.0,0.0,0.0,0.0,6.0,0.0,0.0,0.0,0.0,0.0,0.0,0.0,0.0,0.0,0.0,0.0,up,41.43,2026-08-24T10:52:38,0.0,40.3999996185303,44.42,2026-09-03 13:44:14,2026-09-03 09:45:06
IBIT,IBIT281215C00005000,IBIT,2028-12-15,C,5.0,0.0,0.0,0.0,0.0,0.0,1619.0,0.0,0.0,0.0,0.0,0.0,0.0,0.0,0.0,0.0,0.0,0.0,up,39.69,2026-09-02T14:09:22,0.0,39.8999996185303,44.42,2026-09-03 13:44:14,2026-09-03 09:45:06
IBIT,IBIT281215C00006000,IBIT,2028-12-15,C,6.0,0.0,0.0,0.0,0.0,0.0,29.0,0.0,0.0,0.0,0.0,0.0,0.0,0.0,0.0,0.0,0.0,0.0,up,39.2,2026-08-25T09:51:56,0.0,38.6499996185303,44.42,2026-09-03 13:44:14,2026-09-03 09:45:06
IBIT,IBIT281215C00007000,IBIT,2028-12-15,C,7.0,0.0,0.0,0.0,0.0,0.0,10.0,0.0,0.0,0.0,0.0,0.0,0.0,0.0,0.0,0.0,0.0,0.0,down,28.2,2026-06-26T12:14:42,0.0,38.0,44.42,2026-09-03 13:44:14,2026-09-03 09:45:06
IBIT,IBIT281215C00008000,IBIT,2028-12-15,C,8.0,0.0,0.0,0.0,0.0,0.0,2.0,0.0,0.0,0.0,0.0,0.0,0.0,0.0,0.0,0.0,0.0,0.0,up,30.66,2026-07-22T14:24:05,0.0,37.0499992370606,44.42,2026-09-03 13:44:14,2026-09-03 09:45:06
IBIT,IBIT281215C00009000,IBIT,2028-12-15,C,9.0,0.0,0.0,0.0,0.0,0.0,0.0,0.0,0.0,0.0,0.0,0.0,0.0,0.0,0.0,0.0,0.0,0.0,down,30.75,2026-06-15T14:45:36,0.0,36.2749996185303,44.42,2026-09-03 13:44:14,2026-09-03 09:45:06
IBIT,IBIT281215C00010000,IBIT,2028-12-15,C,10.0,0.0,0.0,0.0,0.0,0.0,617.0,0.0,0.0,0.0,0.0,0.0,0.0,0.0,0.0,0.0,0.0,0.0,down,35.65,2026-09-02T10:07:45,0.0,35.4750003814697,44.42,2026-09-03 13:44:14,2026-09-03 09:45:06
IBIT,IBIT281215C00011000,IBIT,2028-12-15,C,11.0,0.0,0.0,0.0,0.0,0.0,0.0,0.0,0.0,0.0,0.0,0.0,0.0,0.0,0.0,0.0,0.0,0.0,no_change,0.0,,0.0,34.6749992370606,44.42,2026-09-03 13:44:14,2026-09-03 09:45:06
IBIT,IBIT281215C00012000,IBIT,2028-12-15,C,12.0,0.0,0.0,0.0,0.0,0.0,6.0,0.0,0.0,0.0,0.0,0.0,0.0,0.0,0.0,0.0,0.0,0.0,down,25.57,2026-06-05T13:05:51,0.0,33.8999996185303,44.42,2026-09-03 13:44:14,2026-09-03 09:45:06
IBIT,IBIT281215C00013000,IBIT,2028-12-15,C,13.0,0.0,0.0,0.0,0.0,0.0,72.0,0.0,0.0,0.0,0.0,0.0,0.0,0.0,0.0,0.0,0.0,0.0,up,34.55,2026-08-27T10:45:36,0.0,33.1499996185303,44.42,2026-09-03 13:44:14,2026-09-03 09:45:06
IBIT,IBIT281215C00014000,IBIT,2028-12-15,C,14.0,0.0,0.0,0.0,0.0,0.0,11.0,0.0,0.0,0.0,0.0,0.0,0.0,0.0,0.0,0.0,0.0,0.0,up,27.68,2026-08-19T15:43:56,0.0,32.375,44.42,2026-09-03 13:44:14,2026-09-03 09:45:06
IBIT,IBIT281215C00015000,IBIT,2028-12-15,C,15.0,0.0,0.0,0.0,0.0,0.0,297.0,0.0,0.0,0.0,0.0,0.0,0.0,0.0,0.0,0.0,0.0,0.0,down,31.5,2026-09-02T11:32:31,0.0,31.625,44.42,2026-09-03 13:44:14,2026-09-03 09:45:06
IBIT,IBIT281215C00016000,IBIT,2028-12-15,C,16.0,0.0,0.0,0.0,0.0,0.0,33.0,0.0,0.0,0.0,0.0,0.0,0.0,0.0,0.0,0.0,0.0,0.0,up,31.23,2026-08-21T15:49:50,0.0,30.8499994277954,44.42,2026-09-03 13:44:14,2026-09-03 09:45:06
IBIT,IBIT281215C00017000,IBIT,2028-12-15,C,17.0,0.0,0.0,0.0,0.0,0.0,74.0,0.0,0.0,0.0,0.0,0.0,0.0,0.0,0.0,0.0,0.0,0.0,down,30.48,2026-08-21T15:49:50,0.0,30.125,44.42,2026-09-03 13:44:14,2026-09-03 09:45:06
IBIT,IBIT281215C00018000,IBIT,2028-12-15,C,18.0,0.0,0.0,0.0,0.0,0.0,409.0,0.0,0.0,0.0,0.0,0.0,0.0,0.0,0.0,0.0,0.0,0.0,up,30.0,2026-08-28T13:35:32,0.0,29.4000005722046,44.42,2026-09-03 13:44:14,2026-09-03 09:45:06
IBIT,IBIT281215C00019000,IBIT,2028-12-15,C,19.0,0.0,0.0,0.0,0.0,0.0,32.0,0.0,0.0,0.0,0.0,0.0,0.0,0.0,0.0,0.0,0.0,0.0,up,30.3,2026-08-25T11:58:24,0.0,28.6750001907349,44.42,2026-09-03 13:44:14,2026-09-03 09:45:06
IBIT,IBIT281215C00020000,IBIT,2028-12-15,C,20.0,0.0,0.0,0.0,0.0,0.0,519.0,0.0,0.0,0.0,0.0,0.0,0.0,0.0,0.0,0.0,0.0,0.0,no_change,28.4,2026-09-02T15:21:00,0.0,28.125,44.42,2026-09-03 13:44:14,2026-09-03 09:45:06
IBIT,IBIT281215C00021000,IBIT,2028-12-15,C,21.0,0.0,0.0,0.0,0.0,0.0,110.0,0.0,0.0,0.0,0.0,0.0,0.0,0.0,0.0,0.0,0.0,0.0,down,27.69,2026-08-21T15:41:04,0.0,27.25,44.42,2026-09-03 13:44:14,2026-09-03 09:45:06
IBIT,IBIT281215C00022000,IBIT,2028-12-15,C,22.0,0.0,0.0,0.0,0.0,0.0,58.0,0.0,0.0,0.0,0.0,0.0,0.0,0.0,0.0,0.0,0.0,0.0,down,27.05,2026-09-01T09:37:51,0.0,26.5749998092651,44.42,2026-09-03 13:44:14,2026-09-03 09:45:06
IBIT,IBIT281215C00023000,IBIT,2028-12-15,C,23.0,0.0,0.0,0.0,0.0,0.0,37.0,0.0,0.0,0.0,0.0,0.0,0.0,0.0,0.0,0.0,0.0,0.0,down,26.38,2026-09-01T11:25:42,0.0,26.1750001907349,44.42,2026-09-03 13:44:14,2026-09-03 09:45:06
IBIT,IBIT281215C00024000,IBIT,2028-12-15,C,24.0,0.0,0.0,0.0,0.0,0.0,221.0,0.0,0.0,0.0,0.0,0.0,0.0,0.0,0.0,0.0,0.0,0.0,down,25.25,2026-09-02T14:20:43,0.0,25.5,44.42,2026-09-03 13:44:14,2026-09-03 09:45:06
IBIT,IBIT281215C00025000,IBIT,2028-12-15,C,25.0,0.0,0.0,0.0,0.0,0.0,927.0,0.0,0.0,0.0,0.0,0.0,0.0,0.0,0.0,0.0,0.0,0.0,down,24.58,2026-09-02T14:20:43,0.0,24.8999996185303,44.42,2026-09-03 13:44:14,2026-09-03 09:45:06
IBIT,IBIT281215C00026000,IBIT,2028-12-15,C,26.0,0.0,0.0,0.0,0.0,0.0,426.0,0.0,0.0,0.0,0.0,0.0,0.0,0.0,0.0,0.0,0.0,0.0,up,24.0,2026-09-02T09:45:05,0.0,24.0749998092651,44.42,2026-09-03 13:44:14,2026-09-03 09:45:06
IBIT,IBIT281215C00027000,IBIT,2028-12-15,C,27.0,0.0,0.0,0.0,0.0,0.0,157.0,0.0,0.0,0.0,0.0,0.0,0.0,0.0,0.0,0.0,0.0,0.0,up,23.45,2026-09-02T14:33:18,0.0,23.4499998092651,44.42,2026-09-03 13:44:14,2026-09-03 09:45:06
IBIT,IBIT281215C00028000,IBIT,2028-12-15,C,28.0,0.0,0.0,0.0,0.0,0.0,210.0,0.0,0.0,0.0,0.0,0.0,0.0,0.0,0.0,0.0,0.0,0.0,no_change,22.9,2026-09-02T14:33:18,0.0,22.8999996185303,44.42,2026-09-03 13:44:14,2026-09-03 09:45:06
IBIT,IBIT281215C00029000,IBIT,2028-12-15,C,29.0,0.0,0.0,0.0,0.0,0.0,181.0,0.0,0.0,0.0,0.0,0.0,0.0,0.0,0.0,0.0,0.0,0.0,up,22.43,2026-09-02T14:11:20,0.0,22.4000005722046,44.42,2026-09-03 13:44:14,2026-09-03 09:45:06
IBIT,IBIT281215C00030000,IBIT,2028-12-15,C,30.0,0.0,0.0,0.0,0.0,0.0,2544.0,0.0,0.0,0.0,0.0,0.0,0.0,0.0,0.0,0.0,0.0,0.0,down,21.81,2026-09-02T15:57:22,0.0,21.8500003814697,44.42,2026-09-03 13:44:14,2026-09-03 09:45:06
IBIT,IBIT281215C00031000,IBIT,2028-12-15,C,31.0,0.0,0.0,0.0,0.0,0.0,99.0,0.0,0.0,0.0,0.0,0.0,0.0,0.0,0.0,0.0,0.0,0.0,down,21.25,2026-09-01T15:23:08,0.0,21.1499996185303,44.42,2026-09-03 13:44:14,2026-09-03 09:45:06
IBIT,IBIT281215C00032000,IBIT,2028-12-15,C,32.0,0.0,0.0,0.0,0.0,0.0,221.0,0.0,0.0,0.0,0.0,0.0,0.0,0.0,0.0,0.0,0.0,0.0,down,20.75,2026-09-02T15:58:22,0.0,20.6500005722046,44.42,2026-09-03 13:44:14,2026-09-03 09:45:06
IBIT,IBIT281215C00033000,IBIT,2028-12-15,C,33.0,0.0,0.0,0.0,0.0,0.0,590.0,0.0,0.0,0.0,0.0,0.0,0.0,0.0,0.0,0.0,0.0,0.0,down,20.22,2026-09-02T15:57:59,0.0,20.2250003814697,44.42,2026-09-03 13:44:14,2026-09-03 09:45:06
IBIT,IBIT281215C00034000,IBIT,2028-12-15,C,34.0,0.0,0.0,0.0,0.0,0.0,750.0,0.0,0.0,0.0,0.0,0.0,0.0,0.0,0.0,0.0,0.0,0.0,down,19.5,2026-09-02T13:21:42,0.0,19.5999994277954,44.42,2026-09-03 13:44:14,2026-09-03 09:45:06
IBIT,IBIT281215C00035000,IBIT,2028-12-15,C,35.0,0.0,0.0,0.0,0.0,0.0,8473.0,0.0,0.0,0.0,0.0,0.0,0.0,0.0,0.0,0.0,0.0,0.0,up,19.1,2026-09-02T15:44:48,0.0,19.0749998092651,44.42,2026-09-03 13:44:14,2026-09-03 09:45:06
IBIT,IBIT281215C00036000,IBIT,2028-12-15,C,36.0,0.0,0.0,0.0,0.0,0.0,2503.0,0.0,0.0,0.0,0.0,0.0,0.0,0.0,0.0,0.0,0.0,0.0,up,18.55,2026-09-02T15:33:44,0.0,18.5749998092651,44.42,2026-09-03 13:44:14,2026-09-03 09:45:06
IBIT,IBIT281215C00037000,IBIT,2028-12-15,C,37.0,0.0,0.0,0.0,0.0,0.0,788.0,0.0,0.0,0.0,0.0,0.0,0.0,0.0,0.0,0.0,0.0,0.0,up,18.17,2026-09-02T15:33:44,0.0,18.1750001907349,44.42,2026-09-03 13:44:14,2026-09-03 09:45:06
IBIT,IBIT281215C00038000,IBIT,2028-12-15,C,38.0,0.0,0.0,0.0,0.0,0.0,2261.0,0.0,0.0,0.0,0.0,0.0,0.0,0.0,0.0,0.0,0.0,0.0,no_change,17.67,2026-09-02T14:34:32,0.0,17.6750001907349,44.42,2026-09-03 13:44:14,2026-09-03 09:45:06
IBIT,IBIT281215C00039000,IBIT,2028-12-15,C,39.0,0.0,0.0,0.0,0.0,0.0,754.0,0.0,0.0,0.0,0.0,0.0,0.0,0.0,0.0,0.0,0.0,0.0,no_change,17.32,2026-09-02T14:34:32,0.0,17.3249998092651,44.42,2026-09-03 13:44:14,2026-09-03 09:45:06
IBIT,IBIT281215C00040000,IBIT,2028-12-15,C,40.0,0.0,0.0,0.0,0.0,0.0,5292.0,0.0,0.0,0.0,0.0,0.0,0.0,0.0,0.0,0.0,0.0,0.0,down,16.8,2026-09-02T15:54:30,0.0,16.8250007629395,44.42,2026-09-03 13:44:14,2026-09-03 09:45:06
IBIT,IBIT281215C00041000,IBIT,2028-12-15,C,41.0,0.0,0.0,0.0,0.0,0.0,229.0,0.0,0.0,0.0,0.0,0.0,0.0,0.0,0.0,0.0,0.0,0.0,down,16.05,2026-09-02T15:55:19,0.0,16.3249998092651,44.42,2026-09-03 13:44:14,2026-09-03 09:45:06
IBIT,IBIT281215C00042000,IBIT,2028-12-15,C,42.0,0.0,0.0,0.0,0.0,0.0,445.0,0.0,0.0,0.0,0.0,0.0,0.0,0.0,0.0,0.0,0.0,0.0,down,16.49,2026-09-01T10:33:35,0.0,15.8249998092651,44.42,2026-09-03 13:44:14,2026-09-03 09:45:06
IBIT,IBIT281215C00043000,IBIT,2028-12-15,C,43.0,0.0,0.0,0.0,0.0,0.0,377.0,0.0,0.0,0.0,0.0,0.0,0.0,0.0,0.0,0.0,0.0,0.0,up,15.65,2026-09-02T12:28:11,0.0,15.5999999046326,44.42,2026-09-03 13:44:14,2026-09-03 09:45:06
IBIT,IBIT281215C00044000,IBIT,2028-12-15,C,44.0,0.0,0.0,0.0,0.0,0.0,1764.0,0.0,0.0,0.0,0.0,0.0,0.0,0.0,0.0,0.0,0.0,0.0,up,15.3,2026-09-02T14:28:21,0.0,15.1999998092651,44.42,2026-09-03 13:44:14,2026-09-03 09:45:06
IBIT,IBIT281215C00045000,IBIT,2028-12-15,C,45.0,0.0,0.0,0.0,0.0,0.0,7297.0,0.0,0.0,0.0,0.0,0.0,0.0,0.0,0.0,0.0,0.0,0.0,down,14.75,2026-09-02T15:53:27,0.0,14.7750000953674,44.42,2026-09-03 13:44:14,2026-09-03 09:45:06
IBIT,IBIT281215C00046000,IBIT,2028-12-15,C,46.0,0.0,0.0,0.0,0.0,0.0,502.0,0.0,0.0,0.0,0.0,0.0,0.0,0.0,0.0,0.0,0.0,0.0,no_change,14.38,2026-09-02T14:12:10,0.0,14.2999997138977,44.42,2026-09-03 13:44:14,2026-09-03 09:45:06
IBIT,IBIT281215C00047000,IBIT,2028-12-15,C,47.0,0.0,0.0,0.0,0.0,0.0,4881.0,0.0,0.0,0.0,0.0,0.0,0.0,0.0,0.0,0.0,0.0,0.0,no_change,14.06,2026-09-02T10:26:17,0.0,14.0,44.42,2026-09-03 13:44:14,2026-09-03 09:45:06
IBIT,IBIT281215C00048000,IBIT,2028-12-15,C,48.0,0.0,0.0,0.0,0.0,0.0,417.0,0.0,0.0,0.0,0.0,0.0,0.0,0.0,0.0,0.0,0.0,0.0,up,13.62,2026-09-02T11:47:07,0.0,13.6749997138977,44.42,2026-09-03 13:44:14,2026-09-03 09:45:06
IBIT,IBIT281215C00049000,IBIT,2028-12-15,C,49.0,0.0,0.0,0.0,0.0,0.0,245.0,0.0,0.0,0.0,0.0,0.0,0.0,0.0,0.0,0.0,0.0,0.0,down,13.1,2026-09-01T14:44:08,0.0,13.2749996185303,44.42,2026-09-03 13:44:14,2026-09-03 09:45:06
IBIT,IBIT281215C00050000,IBIT,2028-12-15,C,50.0,0.0,0.0,0.0,0.0,0.0,5188.0,0.0,0.0,0.0,0.0,0.0,0.0,0.0,0.0,0.0,0.0,0.0,up,13.13,2026-09-02T15:01:01,0.0,13.0749998092651,44.42,2026-09-03 13:44:14,2026-09-03 09:45:06
IBIT,IBIT281215C00051000,IBIT,2028-12-15,C,51.0,0.0,0.0,0.0,0.0,0.0,145.0,0.0,0.0,0.0,0.0,0.0,0.0,0.0,0.0,0.0,0.0,0.0,down,12.8,2026-09-02T14:56:07,0.0,12.8000001907349,44.42,2026-09-03 13:44:14,2026-09-03 09:45:06
IBIT,IBIT281215C00052000,IBIT,2028-12-15,C,52.0,0.0,0.0,0.0,0.0,0.0,4963.0,0.0,0.0,0.0,0.0,0.0,0.0,0.0,0.0,0.0,0.0,0.0,up,12.42,2026-09-02T10:01:09,0.0,12.4749999046326,44.42,2026-09-03 13:44:14,2026-09-03 09:45:06
IBIT,IBIT281215C00053000,IBIT,2028-12-15,C,53.0,0.0,0.0,0.0,0.0,0.0,608.0,0.0,0.0,0.0,0.0,0.0,0.0,0.0,0.0,0.0,0.0,0.0,up,12.81,2026-08-31T12:54:52,0.0,12.1750001907349,44.42,2026-09-03 13:44:14,2026-09-03 09:45:06
IBIT,IBIT281215C00054000,IBIT,2028-12-15,C,54.0,0.0,0.0,0.0,0.0,0.0,238.0,0.0,0.0,0.0,0.0,0.0,0.0,0.0,0.0,0.0,0.0,0.0,down,11.9,2026-09-02T14:10:12,0.0,11.9499998092651,44.42,2026-09-03 13:44:14,2026-09-03 09:45:06
IBIT,IBIT281215C00055000,IBIT,2028-12-15,C,55.0,0.0,0.0,0.0,0.0,0.0,7061.0,0.0,0.0,0.0,0.0,0.0,0.0,0.0,0.0,0.0,0.0,0.0,up,11.7,2026-09-02T13:55:50,0.0,11.6500000953674,44.42,2026-09-03 13:44:14,2026-09-03 09:45:06
IBIT,IBIT281215C00056000,IBIT,2028-12-15,C,56.0,0.0,0.0,0.0,0.0,0.0,542.0,0.0,0.0,0.0,0.0,0.0,0.0,0.0,0.0,0.0,0.0,0.0,no_change,11.25,2026-09-02T11:19:18,0.0,11.375,44.42,2026-09-03 13:44:14,2026-09-03 09:45:06
IBIT,IBIT281215C00057000,IBIT,2028-12-15,C,57.0,0.0,0.0,0.0,0.0,0.0,613.0,0.0,0.0,0.0,0.0,0.0,0.0,0.0,0.0,0.0,0.0,0.0,down,11.45,2026-09-01T10:55:30,0.0,11.125,44.42,2026-09-03 13:44:14,2026-09-03 09:45:06
IBIT,IBIT281215C00058000,IBIT,2028-12-15,C,58.0,0.0,0.0,0.0,0.0,0.0,279.0,0.0,0.0,0.0,0.0,0.0,0.0,0.0,0.0,0.0,0.0,0.0,up,12.5,2026-08-27T11:13:06,0.0,10.8499999046326,44.42,2026-09-03 13:44:14,2026-09-03 09:45:06
IBIT,IBIT281215C00059000,IBIT,2028-12-15,C,59.0,0.0,0.0,0.0,0.0,0.0,417.0,0.0,0.0,0.0,0.0,0.0,0.0,0.0,0.0,0.0,0.0,0.0,no_change,10.9,2026-08-28T12:20:04,0.0,10.625,44.42,2026-09-03 13:44:14,2026-09-03 09:45:06
IBIT,IBIT281215C00060000,IBIT,2028-12-15,C,60.0,0.0,0.0,0.0,0.0,0.0,3245.0,0.0,0.0,0.0,0.0,0.0,0.0,0.0,0.0,0.0,0.0,0.0,up,10.45,2026-09-02T13:02:04,0.0,10.3249998092651,44.42,2026-09-03 13:44:14,2026-09-03 09:45:06
IBIT,IBIT281215C00061000,IBIT,2028-12-15,C,61.0,0.0,0.0,0.0,0.0,0.0,3148.0,0.0,0.0,0.0,0.0,0.0,0.0,0.0,0.0,0.0,0.0,0.0,up,10.15,2026-09-02T12:20:18,0.0,10.125,44.42,2026-09-03 13:44:14,2026-09-03 09:45:06
IBIT,IBIT281215C00062000,IBIT,2028-12-15,C,62.0,0.0,0.0,0.0,0.0,0.0,646.0,0.0,0.0,0.0,0.0,0.0,0.0,0.0,0.0,0.0,0.0,0.0,down,9.87,2026-09-01T13:55:37,0.0,9.90000009536743,44.42,2026-09-03 13:44:14,2026-09-03 09:45:06
IBIT,IBIT281215C00063000,IBIT,2028-12-15,C,63.0,0.0,0.0,0.0,0.0,0.0,433.0,0.0,0.0,0.0,0.0,0.0,0.0,0.0,0.0,0.0,0.0,0.0,no_change,9.55,2026-09-02T13:19:18,0.0,9.65000009536743,44.42,2026-09-03 13:44:14,2026-09-03 09:45:06
IBIT,IBIT281215C00064000,IBIT,2028-12-15,C,64.0,0.0,0.0,0.0,0.0,0.0,70.0,0.0,0.0,0.0,0.0,0.0,0.0,0.0,0.0,0.0,0.0,0.0,down,9.5,2026-09-02T15:01:36,0.0,9.4500002861023,44.42,2026-09-03 13:44:14,2026-09-03 09:45:06
IBIT,IBIT281215C00065000,IBIT,2028-12-15,C,65.0,0.0,0.0,0.0,0.0,0.0,2723.0,0.0,0.0,0.0,0.0,0.0,0.0,0.0,0.0,0.0,0.0,0.0,no_change,9.21,2026-09-02T15:29:17,0.0,9.2000002861023,44.42,2026-09-03 13:44:14,2026-09-03 09:45:06
IBIT,IBIT281215C00066000,IBIT,2028-12-15,C,66.0,0.0,0.0,0.0,0.0,0.0,118.0,0.0,0.0,0.0,0.0,0.0,0.0,0.0,0.0,0.0,0.0,0.0,up,9.47,2026-08-31T13:27:45,0.0,9.0499997138977,44.42,2026-09-03 13:44:14,2026-09-03 09:45:06
IBIT,IBIT281215C00067000,IBIT,2028-12-15,C,67.0,0.0,0.0,0.0,0.0,0.0,974.0,0.0,0.0,0.0,0.0,0.0,0.0,0.0,0.0,0.0,0.0,0.0,no_change,8.86,2026-09-02T12:20:18,0.0,8.84999990463257,44.42,2026-09-03 13:44:14,2026-09-03 09:45:06
IBIT,IBIT281215C00068000,IBIT,2028-12-15,C,68.0,0.0,0.0,0.0,0.0,0.0,31.0,0.0,0.0,0.0,0.0,0.0,0.0,0.0,0.0,0.0,0.0,0.0,down,9.5,2026-08-28T10:13:17,0.0,8.67500019073486,44.42,2026-09-03 13:44:14,2026-09-03 09:45:06
IBIT,IBIT281215C00069000,IBIT,2028-12-15,C,69.0,0.0,0.0,0.0,0.0,0.0,539.0,0.0,0.0,0.0,0.0,0.0,0.0,0.0,0.0,0.0,0.0,0.0,up,8.5,2026-09-02T12:42:30,0.0,8.47500038146973,44.42,2026-09-03 13:44:14,2026-09-03 09:45:06
IBIT,IBIT281215C00070000,IBIT,2028-12-15,C,70.0,0.0,0.0,0.0,0.0,0.0,6668.0,0.0,0.0,0.0,0.0,0.0,0.0,0.0,0.0,0.0,0.0,0.0,down,8.25,2026-09-02T15:25:57,0.0,8.25,44.42,2026-09-03 13:44:14,2026-09-03 09:45:06
IBIT,IBIT281215C00071000,IBIT,2028-12-15,C,71.0,0.0,0.0,0.0,0.0,0.0,308.0,0.0,0.0,0.0,0.0,0.0,0.0,0.0,0.0,0.0,0.0,0.0,down,9.53,2026-08-27T11:56:17,0.0,8.125,44.42,2026-09-03 13:44:14,2026-09-03 09:45:06
IBIT,IBIT281215C00072000,IBIT,2028-12-15,C,72.0,0.0,0.0,0.0,0.0,0.0,208.0,0.0,0.0,0.0,0.0,0.0,0.0,0.0,0.0,0.0,0.0,0.0,up,7.9,2026-09-02T11:40:56,0.0,7.99999976158142,44.42,2026-09-03 13:44:14,2026-09-03 09:45:06
IBIT,IBIT281215C00073000,IBIT,2028-12-15,C,73.0,0.0,0.0,0.0,0.0,0.0,31.0,0.0,0.0,0.0,0.0,0.0,0.0,0.0,0.0,0.0,0.0,0.0,no_change,8.4,2026-08-26T11:37:56,0.0,7.79999995231628,44.42,2026-09-03 13:44:14,2026-09-03 09:45:06
IBIT,IBIT281215C00074000,IBIT,2028-12-15,C,74.0,0.0,0.0,0.0,0.0,0.0,107.0,0.0,0.0,0.0,0.0,0.0,0.0,0.0,0.0,0.0,0.0,0.0,down,7.8,2026-09-01T09:45:50,0.0,7.625,44.42,2026-09-03 13:44:14,2026-09-03 09:45:06
IBIT,IBIT281215C00075000,IBIT,2028-12-15,C,75.0,0.0,0.0,0.0,0.0,0.0,5222.0,0.0,0.0,0.0,0.0,0.0,0.0,0.0,0.0,0.0,0.0,0.0,down,7.32,2026-09-02T11:13:00,0.0,7.45000004768372,44.42,2026-09-03 13:44:14,2026-09-03 09:45:06
IBIT,IBIT281215C00076000,IBIT,2028-12-15,C,76.0,0.0,0.0,0.0,0.0,0.0,153.0,0.0,0.0,0.0,0.0,0.0,0.0,0.0,0.0,0.0,0.0,0.0,up,8.9,2026-08-27T11:56:40,0.0,7.32499980926514,44.42,2026-09-03 13:44:14,2026-09-03 09:45:06
IBIT,IBIT281215C00077000,IBIT,2028-12-15,C,77.0,0.0,0.0,0.0,0.0,0.0,43.0,0.0,0.0,0.0,0.0,0.0,0.0,0.0,0.0,0.0,0.0,0.0,down,7.2,2026-09-02T10:25:50,0.0,7.20000004768372,44.42,2026-09-03 13:44:14,2026-09-03 09:45:06
IBIT,IBIT281215C00078000,IBIT,2028-12-15,C,78.0,0.0,0.0,0.0,0.0,0.0,65.0,0.0,0.0,0.0,0.0,0.0,0.0,0.0,0.0,0.0,0.0,0.0,down,7.53,2026-08-31T15:01:41,0.0,7.04999995231628,44.42,2026-09-03 13:44:14,2026-09-03 09:45:06
IBIT,IBIT281215C00079000,IBIT,2028-12-15,C,79.0,0.0,0.0,0.0,0.0,0.0,196.0,0.0,0.0,0.0,0.0,0.0,0.0,0.0,0.0,0.0,0.0,0.0,up,6.9,2026-09-02T10:25:28,0.0,6.875,44.42,2026-09-03 13:44:14,2026-09-03 09:45:06
IBIT,IBIT281215C00080000,IBIT,2028-12-15,C,80.0,0.0,0.0,0.0,0.0,0.0,30792.0,0.0,0.0,0.0,0.0,0.0,0.0,0.0,0.0,0.0,0.0,0.0,up,6.65,2026-09-01T15:55:21,0.0,6.75,44.42,2026-09-03 13:44:14,2026-09-03 09:45:06
IBIT,IBIT281215C00081000,IBIT,2028-12-15,C,81.0,0.0,0.0,0.0,0.0,0.0,317.0,0.0,0.0,0.0,0.0,0.0,0.0,0.0,0.0,0.0,0.0,0.0,down,3.83,2026-08-04T10:10:30,0.0,6.625,44.42,2026-09-03 13:44:14,2026-09-03 09:45:06
IBIT,IBIT281215C00082000,IBIT,2028-12-15,C,82.0,0.0,0.0,0.0,0.0,0.0,3745.0,0.0,0.0,0.0,0.0,0.0,0.0,0.0,0.0,0.0,0.0,0.0,up,6.5,2026-09-02T10:25:03,0.0,6.47499990463257,44.42,2026-09-03 13:44:14,2026-09-03 09:45:06
IBIT,IBIT281215C00085000,IBIT,2028-12-15,C,85.0,0.0,0.0,0.0,0.0,0.0,3679.0,0.0,0.0,0.0,0.0,0.0,0.0,0.0,0.0,0.0,0.0,0.0,down,6.05,2026-09-01T15:39:52,0.0,6.125,44.42,2026-09-03 13:44:14,2026-09-03 09:45:06
IBIT,IBIT281215C00090000,IBIT,2028-12-15,C,90.0,0.0,0.0,0.0,0.0,0.0,36606.0,0.0,0.0,0.0,0.0,0.0,0.0,0.0,0.0,0.0,0.0,0.0,up,5.65,2026-09-02T15:59:38,0.0,5.59999990463257,44.42,2026-09-03 13:44:14,2026-09-03 09:45:06
IBIT,IBIT281215P00001000,IBIT,2028-12-15,P,1.0,0.0,0.0,0.0,0.0,0.0,412.0,0.0,0.0,0.0,0.0,0.0,0.0,0.0,0.0,0.0,0.0,0.0,no_change,0.02,2026-08-21T12:37:06,0.0,0.0399999991059303,44.42,2026-09-03 13:44:14,2026-09-03 09:45:06
IBIT,IBIT281215P00002000,IBIT,2028-12-15,P,2.0,0.0,0.0,0.0,0.0,0.0,24.0,0.0,0.0,0.0,0.0,0.0,0.0,0.0,0.0,0.0,0.0,0.0,up,0.1,2026-08-18T15:22:14,0.0,0.0850000008940697,44.42,2026-09-03 13:44:14,2026-09-03 09:45:06
IBIT,IBIT281215P00003000,IBIT,2028-12-15,P,3.0,0.0,0.0,0.0,0.0,0.0,36.0,0.0,0.0,0.0,0.0,0.0,0.0,0.0,0.0,0.0,0.0,0.0,down,0.12,2026-08-20T10:11:18,0.0,0.140000000596046,44.42,2026-09-03 13:44:14,2026-09-03 09:45:06
IBIT,IBIT281215P00004000,IBIT,2028-12-15,P,4.0,0.0,0.0,0.0,0.0,0.0,12.0,0.0,0.0,0.0,0.0,0.0,0.0,0.0,0.0,0.0,0.0,0.0,no_change,0.19,2026-08-18T12:48:44,0.0,0.139999999664724,44.42,2026-09-03 13:44:14,2026-09-03 09:45:06
IBIT,IBIT281215P00005000,IBIT,2028-12-15,P,5.0,0.0,0.0,0.0,0.0,0.0,3406.0,0.0,0.0,0.0,0.0,0.0,0.0,0.0,0.0,0.0,0.0,0.0,down,0.2,2026-09-01T09:40:49,0.0,0.190000005066395,44.42,2026-09-03 13:44:14,2026-09-03 09:45:06
IBIT,IBIT281215P00006000,IBIT,2028-12-15,P,6.0,0.0,0.0,0.0,0.0,0.0,668.0,0.0,0.0,0.0,0.0,0.0,0.0,0.0,0.0,0.0,0.0,0.0,down,0.34,2026-08-24T10:35:38,0.0,0.319999992847443,44.42,2026-09-03 13:44:14,2026-09-03 09:45:06
IBIT,IBIT281215P00007000,IBIT,2028-12-15,P,7.0,0.0,0.0,0.0,0.0,0.0,55.0,0.0,0.0,0.0,0.0,0.0,0.0,0.0,0.0,0.0,0.0,0.0,up,0.41,2026-09-02T11:03:58,0.0,0.369999997317791,44.42,2026-09-03 13:44:14,2026-09-03 09:45:06
IBIT,IBIT281215P00008000,IBIT,2028-12-15,P,8.0,0.0,0.0,0.0,0.0,0.0,345.0,0.0,0.0,0.0,0.0,0.0,0.0,0.0,0.0,0.0,0.0,0.0,down,0.43,2026-09-02T11:03:58,0.0,0.454999983310699,44.42,2026-09-03 13:44:14,2026-09-03 09:45:06
IBIT,IBIT281215P00009000,IBIT,2028-12-15,P,9.0,0.0,0.0,0.0,0.0,0.0,173.0,0.0,0.0,0.0,0.0,0.0,0.0,0.0,0.0,0.0,0.0,0.0,no_change,0.81,2026-08-18T10:16:45,0.0,0.545000001788139,44.42,2026-09-03 13:44:14,2026-09-03 09:45:06
IBIT,IBIT281215P00010000,IBIT,2028-12-15,P,10.0,0.0,0.0,0.0,0.0,0.0,1953.0,0.0,0.0,0.0,0.0,0.0,0.0,0.0,0.0,0.0,0.0,0.0,down,0.69,2026-08-31T09:30:46,0.0,0.665000021457672,44.42,2026-09-03 13:44:14,2026-09-03 09:45:06
IBIT,IBIT281215P00011000,IBIT,2028-12-15,P,11.0,0.0,0.0,0.0,0.0,0.0,218.0,0.0,0.0,0.0,0.0,0.0,0.0,0.0,0.0,0.0,0.0,0.0,down,0.98,2026-08-14T15:59:57,0.0,0.760000020265579,44.42,2026-09-03 13:44:14,2026-09-03 09:45:06
IBIT,IBIT281215P00012000,IBIT,2028-12-15,P,12.0,0.0,0.0,0.0,0.0,0.0,2151.0,0.0,0.0,0.0,0.0,0.0,0.0,0.0,0.0,0.0,0.0,0.0,no_change,1.22,2026-08-19T14:47:33,0.0,0.884999990463257,44.42,2026-09-03 13:44:14,2026-09-03 09:45:06
IBIT,IBIT281215P00013000,IBIT,2028-12-15,P,13.0,0.0,0.0,0.0,0.0,0.0,525.0,0.0,0.0,0.0,0.0,0.0,0.0,0.0,0.0,0.0,0.0,0.0,no_change,1.18,2026-08-25T14:52:57,0.0,1.01999998092651,44.42,2026-09-03 13:44:14,2026-09-03 09:45:06
IBIT,IBIT281215P00014000,IBIT,2028-12-15,P,14.0,0.0,0.0,0.0,0.0,0.0,1161.0,0.0,0.0,0.0,0.0,0.0,0.0,0.0,0.0,0.0,0.0,0.0,up,1.28,2026-08-24T13:10:12,0.0,1.18000000715256,44.42,2026-09-03 13:44:14,2026-09-03 09:45:06
IBIT,IBIT281215P00015000,IBIT,2028-12-15,P,15.0,0.0,0.0,0.0,0.0,0.0,27344.0,0.0,0.0,0.0,0.0,0.0,0.0,0.0,0.0,0.0,0.0,0.0,up,1.39,2026-08-31T09:30:46,0.0,1.33500003814697,44.42,2026-09-03 13:44:14,2026-09-03 09:45:06
IBIT,IBIT281215P00016000,IBIT,2028-12-15,P,16.0,0.0,0.0,0.0,0.0,0.0,548.0,0.0,0.0,0.0,0.0,0.0,0.0,0.0,0.0,0.0,0.0,0.0,down,1.59,2026-08-24T09:30:24,0.0,1.5,44.42,2026-09-03 13:44:14,2026-09-03 09:45:06
IBIT,IBIT281215P00017000,IBIT,2028-12-15,P,17.0,0.0,0.0,0.0,0.0,0.0,560.0,0.0,0.0,0.0,0.0,0.0,0.0,0.0,0.0,0.0,0.0,0.0,down,1.71,2026-08-28T12:42:13,0.0,1.66000002622604,44.42,2026-09-03 13:44:14,2026-09-03 09:45:06
IBIT,IBIT281215P00018000,IBIT,2028-12-15,P,18.0,0.0,0.0,0.0,0.0,0.0,758.0,0.0,0.0,0.0,0.0,0.0,0.0,0.0,0.0,0.0,0.0,0.0,down,2.06,2026-08-26T09:33:16,0.0,1.86000001430511,44.42,2026-09-03 13:44:14,2026-09-03 09:45:06
IBIT,IBIT281215P00019000,IBIT,2028-12-15,P,19.0,0.0,0.0,0.0,0.0,0.0,507.0,0.0,0.0,0.0,0.0,0.0,0.0,0.0,0.0,0.0,0.0,0.0,up,2.07,2026-09-02T09:54:33,0.0,2.0550000667572,44.42,2026-09-03 13:44:14,2026-09-03 09:45:06
IBIT,IBIT281215P00020000,IBIT,2028-12-15,P,20.0,0.0,0.0,0.0,0.0,0.0,166395.0,0.0,0.0,0.0,0.0,0.0,0.0,0.0,0.0,0.0,0.0,0.0,up,2.35,2026-09-01T14:42:20,0.0,2.25,44.42,2026-09-03 13:44:14,2026-09-03 09:45:06
IBIT,IBIT281215P00021000,IBIT,2028-12-15,P,21.0,0.0,0.0,0.0,0.0,0.0,466.0,0.0,0.0,0.0,0.0,0.0,0.0,0.0,0.0,0.0,0.0,0.0,down,2.56,2026-08-24T13:10:12,0.0,2.4650000333786,44.42,2026-09-03 13:44:14,2026-09-03 09:45:06
IBIT,IBIT281215P00022000,IBIT,2028-12-15,P,22.0,0.0,0.0,0.0,0.0,0.0,168.0,0.0,0.0,0.0,0.0,0.0,0.0,0.0,0.0,0.0,0.0,0.0,down,2.67,2026-08-31T15:08:21,0.0,2.73499989509583,44.42,2026-09-03 13:44:14,2026-09-03 09:45:06
IBIT,IBIT281215P00023000,IBIT,2028-12-15,P,23.0,0.0,0.0,0.0,0.0,0.0,23.0,0.0,0.0,0.0,0.0,0.0,0.0,0.0,0.0,0.0,0.0,0.0,down,3.11,2026-08-28T10:19:51,0.0,2.9650000333786,44.42,2026-09-03 13:44:14,2026-09-03 09:45:06
IBIT,IBIT281215P00024000,IBIT,2028-12-15,P,24.0,0.0,0.0,0.0,0.0,0.0,383.0,0.0,0.0,0.0,0.0,0.0,0.0,0.0,0.0,0.0,0.0,0.0,down,3.36,2026-08-28T12:27:27,0.0,3.19999992847443,44.42,2026-09-03 13:44:14,2026-09-03 09:45:06
IBIT,IBIT281215P00025000,IBIT,2028-12-15,P,25.0,0.0,0.0,0.0,0.0,0.0,2490.0,0.0,0.0,0.0,0.0,0.0,0.0,0.0,0.0,0.0,0.0,0.0,up,3.75,2026-08-28T10:14:11,0.0,3.42499995231628,44.42,2026-09-03 13:44:14,2026-09-03 09:45:06
IBIT,IBIT281215P00026000,IBIT,2028-12-15,P,26.0,0.0,0.0,0.0,0.0,0.0,471.0,0.0,0.0,0.0,0.0,0.0,0.0,0.0,0.0,0.0,0.0,0.0,up,3.8,2026-09-01T14:43:35,0.0,3.72500002384186,44.42,2026-09-03 13:44:14,2026-09-03 09:45:06
IBIT,IBIT281215P00027000,IBIT,2028-12-15,P,27.0,0.0,0.0,0.0,0.0,0.0,50.0,0.0,0.0,0.0,0.0,0.0,0.0,0.0,0.0,0.0,0.0,0.0,down,4.15,2026-08-27T14:12:55,0.0,3.97500002384186,44.42,2026-09-03 13:44:14,2026-09-03 09:45:06
IBIT,IBIT281215P00028000,IBIT,2028-12-15,P,28.0,0.0,0.0,0.0,0.0,0.0,145.0,0.0,0.0,0.0,0.0,0.0,0.0,0.0,0.0,0.0,0.0,0.0,up,4.55,2026-08-28T12:14:37,0.0,4.32500004768372,44.42,2026-09-03 13:44:14,2026-09-03 09:45:06
IBIT,IBIT281215P00029000,IBIT,2028-12-15,P,29.0,0.0,0.0,0.0,0.0,0.0,2710.0,0.0,0.0,0.0,0.0,0.0,0.0,0.0,0.0,0.0,0.0,0.0,up,4.75,2026-09-01T14:37:06,0.0,4.67499995231628,44.42,2026-09-03 13:44:14,2026-09-03 09:45:06
IBIT,IBIT281215P00030000,IBIT,2028-12-15,P,30.0,0.0,0.0,0.0,0.0,0.0,1195.0,0.0,0.0,0.0,0.0,0.0,0.0,0.0,0.0,0.0,0.0,0.0,down,4.95,2026-09-02T12:46:20,0.0,4.90000009536743,44.42,2026-09-03 13:44:14,2026-09-03 09:45:06
IBIT,IBIT281215P00031000,IBIT,2028-12-15,P,31.0,0.0,0.0,0.0,0.0,0.0,35.0,0.0,0.0,0.0,0.0,0.0,0.0,0.0,0.0,0.0,0.0,0.0,down,5.35,2026-09-01T12:43:32,0.0,5.29999995231628,44.42,2026-09-03 13:44:14,2026-09-03 09:45:06
IBIT,IBIT281215P00032000,IBIT,2028-12-15,P,32.0,0.0,0.0,0.0,0.0,0.0,467.0,0.0,0.0,0.0,0.0,0.0,0.0,0.0,0.0,0.0,0.0,0.0,down,5.7,2026-09-01T12:43:32,0.0,5.75,44.42,2026-09-03 13:44:14,2026-09-03 09:45:06
IBIT,IBIT281215P00033000,IBIT,2028-12-15,P,33.0,0.0,0.0,0.0,0.0,0.0,1462.0,0.0,0.0,0.0,0.0,0.0,0.0,0.0,0.0,0.0,0.0,0.0,no_change,6.35,2026-08-26T14:21:37,0.0,6.10000014305115,44.42,2026-09-03 13:44:14,2026-09-03 09:45:06
IBIT,IBIT281215P00034000,IBIT,2028-12-15,P,34.0,0.0,0.0,0.0,0.0,0.0,184.0,0.0,0.0,0.0,0.0,0.0,0.0,0.0,0.0,0.0,0.0,0.0,down,6.5,2026-09-01T09:36:44,0.0,6.55000019073486,44.42,2026-09-03 13:44:14,2026-09-03 09:45:06
IBIT,IBIT281215P00035000,IBIT,2028-12-15,P,35.0,0.0,0.0,0.0,0.0,0.0,2560.0,0.0,0.0,0.0,0.0,0.0,0.0,0.0,0.0,0.0,0.0,0.0,no_change,6.92,2026-09-02T10:23:30,0.0,6.90000009536743,44.42,2026-09-03 13:44:14,2026-09-03 09:45:06
IBIT,IBIT281215P00036000,IBIT,2028-12-15,P,36.0,0.0,0.0,0.0,0.0,0.0,454.0,0.0,0.0,0.0,0.0,0.0,0.0,0.0,0.0,0.0,0.0,0.0,up,7.75,2026-08-25T10:23:23,0.0,7.40000009536743,44.42,2026-09-03 13:44:14,2026-09-03 09:45:06
IBIT,IBIT281215P00037000,IBIT,2028-12-15,P,37.0,0.0,0.0,0.0,0.0,0.0,385.0,0.0,0.0,0.0,0.0,0.0,0.0,0.0,0.0,0.0,0.0,0.0,no_change,7.8,2026-09-01T12:17:23,0.0,7.77499985694885,44.42,2026-09-03 13:44:14,2026-09-03 09:45:06
IBIT,IBIT281215P00038000,IBIT,2028-12-15,P,38.0,0.0,0.0,0.0,0.0,0.0,503.0,0.0,0.0,0.0,0.0,0.0,0.0,0.0,0.0,0.0,0.0,0.0,down,8.21,2026-09-01T09:34:45,0.0,8.25,44.42,2026-09-03 13:44:14,2026-09-03 09:45:06
IBIT,IBIT281215P00039000,IBIT,2028-12-15,P,39.0,0.0,0.0,0.0,0.0,0.0,142.0,0.0,0.0,0.0,0.0,0.0,0.0,0.0,0.0,0.0,0.0,0.0,no_change,8.64,2026-08-31T14:23:47,0.0,8.77500009536743,44.42,2026-09-03 13:44:14,2026-09-03 09:45:06
IBIT,IBIT281215P00040000,IBIT,2028-12-15,P,40.0,0.0,0.0,0.0,0.0,0.0,889.0,0.0,0.0,0.0,0.0,0.0,0.0,0.0,0.0,0.0,0.0,0.0,no_change,9.15,2026-09-02T15:18:08,0.0,9.22500038146973,44.42,2026-09-03 13:44:14,2026-09-03 09:45:06
IBIT,IBIT281215P00041000,IBIT,2028-12-15,P,41.0,0.0,0.0,0.0,0.0,0.0,285.0,0.0,0.0,0.0,0.0,0.0,0.0,0.0,0.0,0.0,0.0,0.0,down,9.95,2026-08-27T13:34:48,0.0,9.72499990463257,44.42,2026-09-03 13:44:14,2026-09-03 09:45:06
IBIT,IBIT281215P00042000,IBIT,2028-12-15,P,42.0,0.0,0.0,0.0,0.0,0.0,369.0,0.0,0.0,0.0,0.0,0.0,0.0,0.0,0.0,0.0,0.0,0.0,no_change,10.1,2026-09-02T12:20:31,0.0,10.1750001907349,44.42,2026-09-03 13:44:14,2026-09-03 09:45:06
IBIT,IBIT281215P00043000,IBIT,2028-12-15,P,43.0,0.0,0.0,0.0,0.0,0.0,200.0,0.0,0.0,0.0,0.0,0.0,0.0,0.0,0.0,0.0,0.0,0.0,up,10.78,2026-09-01T12:21:09,0.0,10.75,44.42,2026-09-03 13:44:14,2026-09-03 09:45:06
IBIT,IBIT281215P00044000,IBIT,2028-12-15,P,44.0,0.0,0.0,0.0,0.0,0.0,1651.0,0.0,0.0,0.0,0.0,0.0,0.0,0.0,0.0,0.0,0.0,0.0,up,11.4,2026-09-02T12:43:26,0.0,11.2999997138977,44.42,2026-09-03 13:44:14,2026-09-03 09:45:06
IBIT,IBIT281215P00045000,IBIT,2028-12-15,P,45.0,0.0,0.0,0.0,0.0,0.0,1099.0,0.0,0.0,0.0,0.0,0.0,0.0,0.0,0.0,0.0,0.0,0.0,up,11.9,2026-09-02T11:09:13,0.0,11.8249998092651,44.42,2026-09-03 13:44:14,2026-09-03 09:45:06
IBIT,IBIT281215P00046000,IBIT,2028-12-15,P,46.0,0.0,0.0,0.0,0.0,0.0,148.0,0.0,0.0,0.0,0.0,0.0,0.0,0.0,0.0,0.0,0.0,0.0,up,12.6,2026-09-02T12:45:33,0.0,12.4250001907349,44.42,2026-09-03 13:44:14,2026-09-03 09:45:06
IBIT,IBIT281215P00047000,IBIT,2028-12-15,P,47.0,0.0,0.0,0.0,0.0,0.0,23.0,0.0,0.0,0.0,0.0,0.0,0.0,0.0,0.0,0.0,0.0,0.0,up,12.92,2026-09-01T15:21:13,0.0,13.0,44.42,2026-09-03 13:44:14,2026-09-03 09:45:06
IBIT,IBIT281215P00048000,IBIT,2028-12-15,P,48.0,0.0,0.0,0.0,0.0,0.0,362.0,0.0,0.0,0.0,0.0,0.0,0.0,0.0,0.0,0.0,0.0,0.0,up,13.48,2026-08-31T11:13:28,0.0,13.5749998092651,44.42,2026-09-03 13:44:14,2026-09-03 09:45:06
IBIT,IBIT281215P00049000,IBIT,2028-12-15,P,49.0,0.0,0.0,0.0,0.0,0.0,291.0,0.0,0.0,0.0,0.0,0.0,0.0,0.0,0.0,0.0,0.0,0.0,no_change,14.3,2026-09-01T14:51:04,0.0,14.1750001907349,44.42,2026-09-03 13:44:14,2026-09-03 09:45:06
IBIT,IBIT281215P00050000,IBIT,2028-12-15,P,50.0,0.0,0.0,0.0,0.0,0.0,3681.0,0.0,0.0,0.0,0.0,0.0,0.0,0.0,0.0,0.0,0.0,0.0,up,14.33,2026-08-31T15:58:57,0.0,14.8250002861023,44.42,2026-09-03 13:44:14,2026-09-03 09:45:06
IBIT,IBIT281215P00051000,IBIT,2028-12-15,P,51.0,0.0,0.0,0.0,0.0,0.0,11.0,0.0,0.0,0.0,0.0,0.0,0.0,0.0,0.0,0.0,0.0,0.0,down,15.67,2026-08-24T10:23:40,0.0,15.4250001907349,44.42,2026-09-03 13:44:14,2026-09-03 09:45:06
IBIT,IBIT281215P00052000,IBIT,2028-12-15,P,52.0,0.0,0.0,0.0,0.0,0.0,684.0,0.0,0.0,0.0,0.0,0.0,0.0,0.0,0.0,0.0,0.0,0.0,down,15.82,2026-09-01T10:58:05,0.0,16.0749998092651,44.42,2026-09-03 13:44:14,2026-09-03 09:45:06
IBIT,IBIT281215P00053000,IBIT,2028-12-15,P,53.0,0.0,0.0,0.0,0.0,0.0,40.0,0.0,0.0,0.0,0.0,0.0,0.0,0.0,0.0,0.0,0.0,0.0,no_change,17.16,2026-08-26T11:33:53,0.0,16.7250003814697,44.42,2026-09-03 13:44:14,2026-09-03 09:45:06
IBIT,IBIT281215P00054000,IBIT,2028-12-15,P,54.0,0.0,0.0,0.0,0.0,0.0,0.0,0.0,0.0,0.0,0.0,0.0,0.0,0.0,0.0,0.0,0.0,0.0,up,21.4,2026-06-22T10:31:06,0.0,17.4000005722046,44.42,2026-09-03 13:44:14,2026-09-03 09:45:06
IBIT,IBIT281215P00055000,IBIT,2028-12-15,P,55.0,0.0,0.0,0.0,0.0,0.0,353.0,0.0,0.0,0.0,0.0,0.0,0.0,0.0,0.0,0.0,0.0,0.0,down,17.88,2026-08-31T12:03:27,0.0,18.0250005722046,44.42,2026-09-03 13:44:14,2026-09-03 09:45:06
IBIT,IBIT281215P00056000,IBIT,2028-12-15,P,56.0,0.0,0.0,0.0,0.0,0.0,17.0,0.0,0.0,0.0,0.0,0.0,0.0,0.0,0.0,0.0,0.0,0.0,up,22.75,2026-08-18T15:22:46,0.0,18.75,44.42,2026-09-03 13:44:14,2026-09-03 09:45:06
IBIT,IBIT281215P00057000,IBIT,2028-12-15,P,57.0,0.0,0.0,0.0,0.0,0.0,10.0,0.0,0.0,0.0,0.0,0.0,0.0,0.0,0.0,0.0,0.0,0.0,down,24.01,2026-08-18T09:30:01,0.0,19.6000003814697,44.42,2026-09-03 13:44:14,2026-09-03 09:45:06
IBIT,IBIT281215P00058000,IBIT,2028-12-15,P,58.0,0.0,0.0,0.0,0.0,0.0,34.0,0.0,0.0,0.0,0.0,0.0,0.0,0.0,0.0,0.0,0.0,0.0,down,24.47,2026-08-18T09:30:01,0.0,20.2250003814697,44.42,2026-09-03 13:44:14,2026-09-03 09:45:06
IBIT,IBIT281215P00059000,IBIT,2028-12-15,P,59.0,0.0,0.0,0.0,0.0,0.0,43.0,0.0,0.0,0.0,0.0,0.0,0.0,0.0,0.0,0.0,0.0,0.0,down,21.1,2026-08-25T15:00:54,0.0,21.0749998092651,44.42,2026-09-03 13:44:14,2026-09-03 09:45:06
IBIT,IBIT281215P00060000,IBIT,2028-12-15,P,60.0,0.0,0.0,0.0,0.0,0.0,439.0,0.0,0.0,0.0,0.0,0.0,0.0,0.0,0.0,0.0,0.0,0.0,up,21.63,2026-09-01T09:58:31,0.0,21.8500003814697,44.42,2026-09-03 13:44:14,2026-09-03 09:45:06
IBIT,IBIT281215P00061000,IBIT,2028-12-15,P,61.0,0.0,0.0,0.0,0.0,0.0,321.0,0.0,0.0,0.0,0.0,0.0,0.0,0.0,0.0,0.0,0.0,0.0,up,26.7,2026-08-18T15:23:06,0.0,22.6000003814697,44.42,2026-09-03 13:44:14,2026-09-03 09:45:06
IBIT,IBIT281215P00062000,IBIT,2028-12-15,P,62.0,0.0,0.0,0.0,0.0,0.0,2.0,0.0,0.0,0.0,0.0,0.0,0.0,0.0,0.0,0.0,0.0,0.0,no_change,25.0,2026-08-20T09:51:57,0.0,23.2750005722046,44.42,2026-09-03 13:44:14,2026-09-03 09:45:06
IBIT,IBIT281215P00063000,IBIT,2028-12-15,P,63.0,0.0,0.0,0.0,0.0,0.0,8.0,0.0,0.0,0.0,0.0,0.0,0.0,0.0,0.0,0.0,0.0,0.0,down,25.62,2026-08-20T14:30:17,0.0,24.0500001907349,44.42,2026-09-03 13:44:14,2026-09-03 09:45:06
IBIT,IBIT281215P00064000,IBIT,2028-12-15,P,64.0,0.0,0.0,0.0,0.0,0.0,271.0,0.0,0.0,0.0,0.0,0.0,0.0,0.0,0.0,0.0,0.0,0.0,up,24.8,2026-08-21T12:49:28,0.0,24.8000001907349,44.42,2026-09-03 13:44:14,2026-09-03 09:45:06
IBIT,IBIT281215P00065000,IBIT,2028-12-15,P,65.0,0.0,0.0,0.0,0.0,0.0,1755.0,0.0,0.0,0.0,0.0,0.0,0.0,0.0,0.0,0.0,0.0,0.0,no_change,25.72,2026-08-21T13:13:32,0.0,25.6499996185303,44.42,2026-09-03 13:44:14,2026-09-03 09:45:06
IBIT,IBIT281215P00066000,IBIT,2028-12-15,P,66.0,0.0,0.0,0.0,0.0,0.0,53.0,0.0,0.0,0.0,0.0,0.0,0.0,0.0,0.0,0.0,0.0,0.0,no_change,30.42,2026-07-27T10:53:20,0.0,26.4250001907349,44.42,2026-09-03 13:44:14,2026-09-03 09:45:06
IBIT,IBIT281215P00067000,IBIT,2028-12-15,P,67.0,0.0,0.0,0.0,0.0,0.0,51.0,0.0,0.0,0.0,0.0,0.0,0.0,0.0,0.0,0.0,0.0,0.0,down,26.43,2026-08-31T14:47:01,0.0,27.25,44.42,2026-09-03 13:44:14,2026-09-03 09:45:06
IBIT,IBIT281215P00068000,IBIT,2028-12-15,P,68.0,0.0,0.0,0.0,0.0,0.0,16.0,0.0,0.0,0.0,0.0,0.0,0.0,0.0,0.0,0.0,0.0,0.0,down,32.5,2026-08-18T15:27:10,0.0,27.9749994277954,44.42,2026-09-03 13:44:14,2026-09-03 09:45:06
IBIT,IBIT281215P00069000,IBIT,2028-12-15,P,69.0,0.0,0.0,0.0,0.0,0.0,753.0,0.0,0.0,0.0,0.0,0.0,0.0,0.0,0.0,0.0,0.0,0.0,no_change,28.05,2026-08-28T11:19:49,0.0,28.875,44.42,2026-09-03 13:44:14,2026-09-03 09:45:06
IBIT,IBIT281215P00070000,IBIT,2028-12-15,P,70.0,0.0,0.0,0.0,0.0,0.0,1917.0,0.0,0.0,0.0,0.0,0.0,0.0,0.0,0.0,0.0,0.0,0.0,up,29.2,2026-08-28T10:21:29,0.0,29.6749992370606,44.42,2026-09-03 13:44:14,2026-09-03 09:45:06
IBIT,IBIT281215P00071000,IBIT,2028-12-15,P,71.0,0.0,0.0,0.0,0.0,0.0,178.0,0.0,0.0,0.0,0.0,0.0,0.0,0.0,0.0,0.0,0.0,0.0,up,35.3,2026-08-18T15:25:35,0.0,30.4750003814697,44.42,2026-09-03 13:44:14,2026-09-03 09:45:06
IBIT,IBIT281215P00072000,IBIT,2028-12-15,P,72.0,0.0,0.0,0.0,0.0,0.0,8.0,0.0,0.0,0.0,0.0,0.0,0.0,0.0,0.0,0.0,0.0,0.0,no_change,33.2,2026-08-20T09:52:24,0.0,31.3000001907349,44.42,2026-09-03 13:44:14,2026-09-03 09:45:06
IBIT,IBIT281215P00073000,IBIT,2028-12-15,P,73.0,0.0,0.0,0.0,0.0,0.0,248.0,0.0,0.0,0.0,0.0,0.0,0.0,0.0,0.0,0.0,0.0,0.0,up,31.89,2026-09-02T09:41:29,0.0,31.8500003814697,44.42,2026-09-03 13:44:14,2026-09-03 09:45:06
IBIT,IBIT281215P00074000,IBIT,2028-12-15,P,74.0,0.0,0.0,0.0,0.0,0.0,835.0,0.0,0.0,0.0,0.0,0.0,0.0,0.0,0.0,0.0,0.0,0.0,no_change,34.65,2026-08-20T15:57:25,0.0,32.9750003814697,44.42,2026-09-03 13:44:14,2026-09-03 09:45:06
IBIT,IBIT281215P00075000,IBIT,2028-12-15,P,75.0,0.0,0.0,0.0,0.0,0.0,1341.0,0.0,0.0,0.0,0.0,0.0,0.0,0.0,0.0,0.0,0.0,0.0,up,33.38,2026-09-01T09:58:31,0.0,33.8000011444092,44.42,2026-09-03 13:44:14,2026-09-03 09:45:06
IBIT,IBIT281215P00076000,IBIT,2028-12-15,P,76.0,0.0,0.0,0.0,0.0,0.0,448.0,0.0,0.0,0.0,0.0,0.0,0.0,0.0,0.0,0.0,0.0,0.0,down,33.65,2026-08-28T11:20:05,0.0,34.625,44.42,2026-09-03 13:44:14,2026-09-03 09:45:06
IBIT,IBIT281215P00077000,IBIT,2028-12-15,P,77.0,0.0,0.0,0.0,0.0,0.0,95.0,0.0,0.0,0.0,0.0,0.0,0.0,0.0,0.0,0.0,0.0,0.0,no_change,35.5,2026-08-21T15:52:26,0.0,35.5,44.42,2026-09-03 13:44:14,2026-09-03 09:45:06
IBIT,IBIT281215P00078000,IBIT,2028-12-15,P,78.0,0.0,0.0,0.0,0.0,0.0,0.0,0.0,0.0,0.0,0.0,0.0,0.0,0.0,0.0,0.0,0.0,0.0,down,38.1,2026-08-20T11:11:01,0.0,36.3500003814697,44.42,2026-09-03 13:44:14,2026-09-03 09:45:06
IBIT,IBIT281215P00079000,IBIT,2028-12-15,P,79.0,0.0,0.0,0.0,0.0,0.0,1.0,0.0,0.0,0.0,0.0,0.0,0.0,0.0,0.0,0.0,0.0,0.0,down,37.22,2026-08-21T14:46:54,0.0,37.2250003814697,44.42,2026-09-03 13:44:14,2026-09-03 09:45:06
IBIT,IBIT281215P00080000,IBIT,2028-12-15,P,80.0,0.0,0.0,0.0,0.0,0.0,447.0,0.0,0.0,0.0,0.0,0.0,0.0,0.0,0.0,0.0,0.0,0.0,down,37.42,2026-09-01T10:13:59,0.0,37.9249992370606,44.42,2026-09-03 13:44:14,2026-09-03 09:45:06
IBIT,IBIT281215P00081000,IBIT,2028-12-15,P,81.0,0.0,0.0,0.0,0.0,0.0,14.0,0.0,0.0,0.0,0.0,0.0,0.0,0.0,0.0,0.0,0.0,0.0,up,38.45,2026-08-28T12:20:20,0.0,39.0,44.42,2026-09-03 13:44:14,2026-09-03 09:45:06
IBIT,IBIT281215P00082000,IBIT,2028-12-15,P,82.0,0.0,0.0,0.0,0.0,0.0,10.0,0.0,0.0,0.0,0.0,0.0,0.0,0.0,0.0,0.0,0.0,0.0,up,39.35,2026-08-28T12:20:20,0.0,39.8500003814697,44.42,2026-09-03 13:44:14,2026-09-03 09:45:06
IBIT,IBIT281215P00085000,IBIT,2028-12-15,P,85.0,0.0,0.0,0.0,0.0,0.0,100.0,0.0,0.0,0.0,0.0,0.0,0.0,0.0,0.0,0.0,0.0,0.0,no_change,41.95,2026-08-28T12:20:20,0.0,42.5249996185303,44.42,2026-09-03 13:44:14,2026-09-03 09:45:06
IBIT,IBIT281215P00090000,IBIT,2028-12-15,P,90.0,0.0,0.0,0.0,0.0,0.0,513.0,0.0,0.0,0.0,0.0,0.0,0.0,0.0,0.0,0.0,0.0,0.0,up,46.75,2026-09-02T10:08:24,0.0,46.8999996185303,44.42,2026-09-03 13:44:14,2026-09-03 09:45:06
