underlying,option,root,expiry,cp,strike,bid,bid_size,ask,ask_size,iv,open_interest,volume,delta,gamma,vega,theta,rho,theo,change,open,high,low,tick,last_trade_price,last_trade_time,percent_change,prev_day_close,spot,cboe_timestamp,collected_et
AAPL,AAPL260911C00110000,AAPL,2026-09-11,C,110.0,221.7,134.0,224.6,17.0,0.0,0.0,0.0,1.0,0.0,0.0,0.0,0.0,222.68,0.0,0.0,0.0,0.0,up,213.0,2026-09-10T11:04:47,0.0,215.724998474121,332.685,2026-09-11 19:44:22,2026-09-11 15:45:04
AAPL,AAPL260911C00120000,AAPL,2026-09-11,C,120.0,211.95,93.0,214.6,16.0,0.0,3.0,5.0,1.0,0.0,0.0,0.0,0.0,212.68,7.495,212.51,215.12,212.51,down,213.02,2026-09-11T15:14:11,3.64676,205.524993896484,332.685,2026-09-11 19:44:22,2026-09-11 15:45:04
AAPL,AAPL260911C00125000,AAPL,2026-09-11,C,125.0,206.7,128.0,209.6,28.0,0.0,12.0,5.0,1.0,0.0,0.0,0.0,0.0,207.68,8.275,207.59,210.57,207.59,down,208.25,2026-09-11T14:21:33,4.13802,199.974998474121,332.685,2026-09-11 19:44:22,2026-09-11 15:45:04
AAPL,AAPL260911C00130000,AAPL,2026-09-11,C,130.0,201.7,134.0,204.6,27.0,0.0,11.0,2.0,1.0,0.0,0.0,0.0,0.0,202.68,9.65,205.65,205.65,205.35,down,205.35,2026-09-11T11:45:35,4.93102,195.699996948242,332.685,2026-09-11 19:44:22,2026-09-11 15:45:04
AAPL,AAPL260911C00135000,AAPL,2026-09-11,C,135.0,197.0,93.0,199.6,18.0,0.0,1.0,1.0,1.0,0.0,0.0,-0.0001,0.0,197.68,9.475,200.15,200.15,200.15,up,200.15,2026-09-11T11:51:26,4.96919,190.675003051758,332.685,2026-09-11 19:44:22,2026-09-11 15:45:04
AAPL,AAPL260911C00140000,AAPL,2026-09-11,C,140.0,192.0,97.0,194.6,41.0,0.0,2.0,3.0,1.0,0.0,0.0,-0.0001,0.0,192.68,9.545,195.0,195.25,195.0,down,195.22,2026-09-11T11:51:26,5.1407,185.675003051758,332.685,2026-09-11 19:44:22,2026-09-11 15:45:04
AAPL,AAPL260911C00145000,AAPL,2026-09-11,C,145.0,186.9,115.0,189.6,41.0,0.0,3.0,3.0,1.0,0.0,0.0,-0.0001,0.0,187.6801,9.655,189.68,190.33,189.68,up,190.33,2026-09-11T11:49:11,5.34385,180.675003051758,332.685,2026-09-11 19:44:22,2026-09-11 15:45:04
AAPL,AAPL260911C00150000,AAPL,2026-09-11,C,150.0,181.95,98.0,184.65,38.0,0.0,5.0,3.0,1.0,0.0,0.0,-0.0001,0.0,182.6801,9.3,182.27,185.1,182.27,up,185.1,2026-09-11T11:49:19,5.29011,175.799995422363,332.685,2026-09-11 19:44:22,2026-09-11 15:45:04
AAPL,AAPL260911C00155000,AAPL,2026-09-11,C,155.0,176.7,121.0,179.65,41.0,0.0,7.0,2.0,1.0,0.0,0.0,-0.0001,0.0,177.6801,9.38,177.35,180.18,177.35,up,180.18,2026-09-11T11:49:19,5.49181,170.799995422363,332.685,2026-09-11 19:44:22,2026-09-11 15:45:04
AAPL,AAPL260911C00160000,AAPL,2026-09-11,C,160.0,171.95,97.0,174.6,27.0,0.0,6.0,5.0,1.0,0.0,0.0,-0.0002,0.0,172.6801,9.525,174.85,175.27,174.85,up,175.25,2026-09-11T11:49:48,5.74747,165.724998474121,332.685,2026-09-11 19:44:22,2026-09-11 15:45:04
AAPL,AAPL260911C00165000,AAPL,2026-09-11,C,165.0,166.85,119.0,169.65,31.0,0.0,5.0,6.0,1.0,0.0,0.0,-0.0002,0.0,167.6802,9.605,169.93,170.4,169.93,up,170.33,2026-09-11T11:49:48,5.97604,160.725006103516,332.685,2026-09-11 19:44:22,2026-09-11 15:45:04
AAPL,AAPL260911C00170000,AAPL,2026-09-11,C,170.0,161.95,111.0,164.6,37.0,0.0,5.0,3.0,1.0,0.0,0.0,-0.0002,0.0,162.6802,9.83,162.72,165.48,162.72,up,165.48,2026-09-11T11:09:03,6.31545,155.650001525879,332.685,2026-09-11 19:44:22,2026-09-11 15:45:04
AAPL,AAPL260911C00175000,AAPL,2026-09-11,C,175.0,156.55,134.0,159.65,42.0,0.0,13.0,2.0,1.0,0.0,0.0,-0.0002,0.0,157.6802,9.675,157.79,160.4,157.79,up,160.4,2026-09-11T10:56:11,6.41898,150.724998474121,332.685,2026-09-11 19:44:22,2026-09-11 15:45:04
AAPL,AAPL260911C00180000,AAPL,2026-09-11,C,180.0,151.9,106.0,154.6,20.0,0.0,25.0,1.0,1.0,0.0,0.0,-0.0003,0.0,152.6802,9.325,155.05,155.05,155.05,up,155.05,2026-09-11T11:54:09,6.39904,145.724998474121,332.685,2026-09-11 19:44:22,2026-09-11 15:45:04
AAPL,AAPL260911C00185000,AAPL,2026-09-11,C,185.0,147.0,91.0,149.6,25.0,0.0,24.0,1.0,1.0,0.0,0.0,-0.0003,0.0,147.6803,9.355,150.13,150.13,150.13,up,150.13,2026-09-11T11:54:09,6.64536,140.774993896484,332.685,2026-09-11 19:44:22,2026-09-11 15:45:04
AAPL,AAPL260911C00190000,AAPL,2026-09-11,C,190.0,142.0,101.0,144.6,24.0,0.0,28.0,1.0,1.0,0.0,0.0,-0.0004,0.0,142.6803,9.445,145.22,145.22,145.22,up,145.22,2026-09-11T11:07:35,6.95637,135.774993896484,332.685,2026-09-11 19:44:22,2026-09-11 15:45:04
AAPL,AAPL260911C00195000,AAPL,2026-09-11,C,195.0,136.8,116.0,139.65,28.0,0.0,36.0,0.0,1.0,0.0,0.0,-0.0004,0.0,137.6804,0.0,0.0,0.0,0.0,up,130.58,2026-09-10T15:39:29,0.0,130.774993896484,332.685,2026-09-11 19:44:22,2026-09-11 15:45:04
AAPL,AAPL260911C00200000,AAPL,2026-09-11,C,200.0,132.0,108.0,134.6,27.0,0.0,33.0,2.0,1.0,0.0,0.0,-0.0005,0.0,132.6804,9.625,134.91,135.35,134.91,up,135.35,2026-09-11T11:39:05,7.6556,125.725002288818,332.685,2026-09-11 19:44:22,2026-09-11 15:45:04
AAPL,AAPL260911C00205000,AAPL,2026-09-11,C,205.0,126.9,111.0,129.6,28.0,0.0,37.0,2.0,0.9999,0.0,0.0,-0.0005,0.0,127.6805,9.705,129.99,130.43,129.99,up,130.43,2026-09-11T11:39:05,8.03893,120.725002288818,332.685,2026-09-11 19:44:22,2026-09-11 15:45:04
AAPL,AAPL260911C00210000,AAPL,2026-09-11,C,210.0,121.8,126.0,124.75,16.0,0.0,49.0,1.0,0.9999,0.0,0.0,-0.0006,0.0,122.6805,5.135,120.91,120.91,120.91,up,120.91,2026-09-11T09:34:35,4.43533,115.775001525879,332.685,2026-09-11 19:44:22,2026-09-11 15:45:04
AAPL,AAPL260911C00215000,AAPL,2026-09-11,C,215.0,116.85,120.0,119.6,16.0,0.0,53.0,4.0,0.9999,0.0,0.0,-0.0006,0.0,117.6806,7.635,115.99,118.36,115.99,no_change,118.36,2026-09-11T14:22:08,6.89546,110.725002288818,332.685,2026-09-11 19:44:22,2026-09-11 15:45:04
AAPL,AAPL260911C00220000,AAPL,2026-09-11,C,220.0,112.05,122.0,114.6,34.0,0.0,64.0,2.0,0.9999,0.0,0.0,-0.0007,0.0,112.6806,7.68,113.43,113.43,113.43,no_change,113.43,2026-09-11T14:22:08,7.26241,105.75,332.685,2026-09-11 19:44:22,2026-09-11 15:45:04
AAPL,AAPL260911C00225000,AAPL,2026-09-11,C,225.0,106.9,111.0,109.6,38.0,0.0,21.0,2.0,0.9999,0.0,0.0,-0.0008,0.0,107.6807,8.465,109.97,109.97,108.39,down,108.39,2026-09-11T14:17:10,8.47135,99.9249992370606,332.685,2026-09-11 19:44:22,2026-09-11 15:45:04
AAPL,AAPL260911C00230000,AAPL,2026-09-11,C,230.0,101.35,333.0,104.5,68.0,0.0,102.0,4.0,0.9999,0.0,0.0,-0.0008,0.0,102.6808,9.375,104.88,105.1,104.88,up,105.1,2026-09-11T11:52:18,9.79368,95.7250022888184,332.685,2026-09-11 19:44:22,2026-09-11 15:45:04
AAPL,AAPL260911C00235000,AAPL,2026-09-11,C,235.0,96.9,105.0,99.6,15.0,0.0,43.0,4.0,0.9999,0.0,0.0,-0.0009,0.0,97.6808,10.295,99.95,100.17,99.95,up,100.17,2026-09-11T11:52:18,11.4548,89.875,332.685,2026-09-11 19:44:22,2026-09-11 15:45:04
AAPL,AAPL260911C00240000,AAPL,2026-09-11,C,240.0,91.95,285.0,94.6,236.0,0.0,138.0,65.0,0.9999,0.0,0.0,-0.001,0.0,92.6809,7.785,93.46,95.27,93.46,down,93.61,2026-09-11T13:43:32,9.07078,85.8250007629394,332.685,2026-09-11 19:44:22,2026-09-11 15:45:04
AAPL,AAPL260911C00245000,AAPL,2026-09-11,C,245.0,87.0,117.0,89.6,31.0,0.0,11.0,2.0,0.9998,0.0,0.0,-0.001,0.0,87.681,7.625,86.51,87.5,86.51,up,87.5,2026-09-11T10:03:18,9.54617,79.875,332.685,2026-09-11 19:44:22,2026-09-11 15:45:04
AAPL,AAPL260911C00250000,AAPL,2026-09-11,C,250.0,82.0,383.0,84.55,273.0,0.0,600.0,541.0,0.9998,0.0,0.0,-0.0011,0.0,82.6811,6.4,83.2,84.67,81.22,down,82.0,2026-09-11T15:28:11,8.46561,75.5999984741211,332.685,2026-09-11 19:44:22,2026-09-11 15:45:04
AAPL,AAPL260911C00255000,AAPL,2026-09-11,C,255.0,76.95,161.0,79.5,109.0,0.0,33.0,22.0,0.9998,0.0,0.0,-0.0012,0.0,77.6812,8.055,78.28,80.14,76.3,up,77.93,2026-09-11T15:28:47,11.5277,69.875,332.685,2026-09-11 19:44:22,2026-09-11 15:45:04
AAPL,AAPL260911C00257500,AAPL,2026-09-11,C,257.5,74.4,334.0,77.2,68.0,0.0,355.0,337.0,0.9998,0.0,0.0,-0.0012,0.0,75.1812,7.28,74.2,77.71,74.2,up,75.23,2026-09-11T14:11:13,10.7138,67.9499969482422,332.685,2026-09-11 19:44:22,2026-09-11 15:45:04
AAPL,AAPL260911C00260000,AAPL,2026-09-11,C,260.0,71.9,161.0,73.85,87.0,0.0,53.0,39.0,0.9998,0.0,0.0,-0.0013,0.0,72.6813,7.715,75.03,75.03,72.74,down,72.74,2026-09-11T14:09:44,11.8647,65.0249977111816,332.685,2026-09-11 19:44:22,2026-09-11 15:45:04
AAPL,AAPL260911C00262500,AAPL,2026-09-11,C,262.5,69.4,116.0,72.1,14.0,0.0,17.0,2.0,0.9998,0.0,0.0,-0.0013,0.0,70.1813,7.645,72.28,72.28,70.92,down,70.92,2026-09-11T14:05:05,12.0822,63.2749996185303,332.685,2026-09-11 19:44:22,2026-09-11 15:45:04
AAPL,AAPL260911C00265000,AAPL,2026-09-11,C,265.0,66.9,118.0,69.7,39.0,0.0,56.0,4.0,0.9997,0.0,0.0,-0.0014,0.0,67.6813,7.46,69.85,69.85,68.21,down,68.21,2026-09-11T14:05:23,12.2798,60.75,332.685,2026-09-11 19:44:22,2026-09-11 15:45:04
AAPL,AAPL260911C00267500,AAPL,2026-09-11,C,267.5,63.6,145.0,67.2,29.0,0.0,31.0,0.0,0.9997,0.0,0.0,-0.0014,0.0,65.1814,0.0,0.0,0.0,0.0,down,58.07,2026-09-10T15:39:18,0.0,58.25,332.685,2026-09-11 19:44:22,2026-09-11 15:45:04
AAPL,AAPL260911C00270000,AAPL,2026-09-11,C,270.0,61.75,312.0,64.65,43.0,0.0,121.0,74.0,0.9997,0.0001,0.0,-0.0015,0.0,62.6814,8.145,64.39,64.59,63.07,down,63.07,2026-09-11T14:06:44,14.8293,54.9250011444092,332.685,2026-09-11 19:44:22,2026-09-11 15:45:04
AAPL,AAPL260911C00272500,AAPL,2026-09-11,C,272.5,59.2,123.0,62.2,28.0,0.0,13.0,0.0,0.9997,0.0001,0.0,-0.0015,0.0,60.1815,0.0,0.0,0.0,0.0,down,52.99,2026-09-10T15:39:32,0.0,52.8250007629394,332.685,2026-09-11 19:44:22,2026-09-11 15:45:04
AAPL,AAPL260911C00275000,AAPL,2026-09-11,C,275.0,57.05,110.0,58.35,29.0,6.5141,44.0,15.0,0.9996,0.0001,0.0,-0.0016,0.0,57.6815,7.975,58.76,59.21,56.75,down,57.85,2026-09-11T14:22:36,15.99,49.875,332.685,2026-09-11 19:44:22,2026-09-11 15:45:04
AAPL,AAPL260911C00277500,AAPL,2026-09-11,C,277.5,54.35,118.0,56.35,30.0,8.0609,12.0,15.0,0.9996,0.0001,0.0,-0.0016,0.0,55.1816,7.945,55.01,55.87,54.59,up,55.87,2026-09-11T13:58:20,16.578,47.9250011444092,332.685,2026-09-11 19:44:22,2026-09-11 15:45:04
AAPL,AAPL260911C00280000,AAPL,2026-09-11,C,280.0,51.95,334.0,53.7,216.0,7.5383,241.0,17.0,0.9996,0.0001,0.0,-0.0017,0.0,52.6816,7.55,51.83,54.85,51.83,down,53.0,2026-09-11T14:46:59,16.6117,45.4500007629394,332.685,2026-09-11 19:44:22,2026-09-11 15:45:04
AAPL,AAPL260911C00282500,AAPL,2026-09-11,C,282.5,49.45,94.0,51.45,17.0,7.9239,78.0,21.0,0.9996,0.0001,0.0,-0.0017,0.0,50.1817,6.925,50.44,53.16,49.35,down,50.5,2026-09-11T13:54:07,15.8921,43.5750007629394,332.685,2026-09-11 19:44:22,2026-09-11 15:45:04
AAPL,AAPL260911C00285000,AAPL,2026-09-11,C,285.0,47.1,315.0,48.4,199.0,6.2163,243.0,163.0,0.9995,0.0001,0.0001,-0.0018,0.0,47.6818,7.695,47.09,49.9,46.92,no_change,47.77,2026-09-11T15:19:39,19.2015,40.0749988555908,332.685,2026-09-11 19:44:22,2026-09-11 15:45:04
AAPL,AAPL260911C00287500,AAPL,2026-09-11,C,287.5,44.4,144.0,46.8,77.0,7.7859,72.0,30.0,0.9995,0.0001,0.0001,-0.0018,0.0,45.1818,7.3,42.1,45.8,42.1,no_change,45.7,2026-09-11T15:22:20,19.0104,38.4000015258789,332.685,2026-09-11 19:44:22,2026-09-11 15:45:04
AAPL,AAPL260911C00290000,AAPL,2026-09-11,C,290.0,42.0,338.0,43.55,247.0,5.8276,197.0,121.0,0.9994,0.0001,0.0001,-0.0019,0.0,42.6819,7.365,37.61,45.64,37.61,down,42.74,2026-09-11T15:20:48,20.8198,35.375,332.685,2026-09-11 19:44:22,2026-09-11 15:45:04
AAPL,AAPL260911C00292500,AAPL,2026-09-11,C,292.5,39.4,292.0,41.65,223.0,6.7655,154.0,18.0,0.9994,0.0002,0.0001,-0.002,0.0,40.1819,7.725,40.42,41.77,39.92,up,40.7,2026-09-11T14:56:47,23.4268,32.9750003814697,332.685,2026-09-11 19:44:22,2026-09-11 15:45:04
AAPL,AAPL260911C00295000,AAPL,2026-09-11,C,295.0,37.1,369.0,38.45,224.0,5.1908,2761.0,566.0,0.9994,0.0002,0.0001,-0.002,0.0,37.682,6.875,38.41,40.7,37.77,no_change,37.95,2026-09-11T15:05:04,22.1239,31.0749998092651,332.685,2026-09-11 19:44:22,2026-09-11 15:45:04
AAPL,AAPL260911C00297500,AAPL,2026-09-11,C,297.5,34.55,363.0,36.35,261.0,5.7562,229.0,97.0,0.9993,0.0002,0.0001,-0.0021,0.0,35.182,6.935,34.2,37.05,34.2,no_change,35.56,2026-09-11T14:41:05,24.2271,28.625,332.685,2026-09-11 19:44:22,2026-09-11 15:45:04
AAPL,AAPL260911C00300000,AAPL,2026-09-11,C,300.0,32.1,330.0,32.8,52.0,0.0,2061.0,239.0,0.9992,0.0002,0.0001,-0.0021,0.0,32.6821,7.275,27.45,35.41,27.45,down,32.6,2026-09-11T15:24:17,28.7266,25.3249998092651,332.685,2026-09-11 19:44:22,2026-09-11 15:45:04
AAPL,AAPL260911C00302500,AAPL,2026-09-11,C,302.5,29.95,81.0,30.5,82.0,3.8288,153.0,55.0,0.9992,0.0003,0.0001,-0.0022,0.0,30.1822,7.125,31.17,33.02,30.0,down,30.0,2026-09-11T15:25:30,31.1475,22.875,332.685,2026-09-11 19:44:22,2026-09-11 15:45:04
AAPL,AAPL260911C00305000,AAPL,2026-09-11,C,305.0,27.55,86.0,27.8,60.0,3.5362,1965.0,148.0,0.9991,0.0003,0.0001,-0.0023,0.0,27.6822,7.36,26.0,30.67,26.0,down,27.91,2026-09-11T14:53:36,35.8151,20.5499992370605,332.685,2026-09-11 19:44:22,2026-09-11 15:45:04
AAPL,AAPL260911C00307500,AAPL,2026-09-11,C,307.5,24.15,410.0,26.5,260.0,3.8568,730.0,76.0,0.999,0.0004,0.0001,-0.0023,0.0,25.1823,7.1,19.58,28.17,19.58,down,25.0,2026-09-11T15:25:18,39.6648,17.8999996185303,332.685,2026-09-11 19:44:22,2026-09-11 15:45:04
AAPL,AAPL260911C00310000,AAPL,2026-09-11,C,310.0,22.55,99.0,22.85,125.0,2.668,4352.0,426.0,0.9988,0.0005,0.0001,-0.0024,0.0,22.6823,6.89,17.72,25.7,17.72,down,22.54,2026-09-11T15:24:17,44.0256,15.6500000953674,332.685,2026-09-11 19:44:22,2026-09-11 15:45:04
AAPL,AAPL260911C00312500,AAPL,2026-09-11,C,312.5,20.05,79.0,20.35,121.0,2.3969,1876.0,260.0,0.9987,0.0006,0.0001,-0.0024,0.0,20.1824,7.125,14.62,23.3,14.62,down,20.15,2026-09-11T15:21:01,54.7025,13.0250000953674,332.685,2026-09-11 19:44:22,2026-09-11 15:45:04
AAPL,AAPL260911C00315000,AAPL,2026-09-11,C,315.0,17.6,138.0,17.8,188.0,2.1249,8781.0,1317.0,0.9985,0.0008,0.0002,-0.0025,0.0,17.6825,7.1,12.5,20.89,11.75,up,17.7,2026-09-11T15:29:07,66.9811,10.5999999046326,332.685,2026-09-11 19:44:22,2026-09-11 15:45:04
AAPL,AAPL260911C00317500,AAPL,2026-09-11,C,317.5,15.1,93.0,15.35,137.0,2.0638,4586.0,896.0,0.9982,0.0011,0.0002,-0.0026,0.0,15.1825,6.9,10.35,19.05,8.7,no_change,15.1,2026-09-11T15:27:11,84.1463,8.19999980926514,332.685,2026-09-11 19:44:22,2026-09-11 15:45:04
AAPL,AAPL260911C00320000,AAPL,2026-09-11,C,320.0,12.6,45.0,12.75,1.0,0.0,19355.0,4111.0,0.9979,0.0015,0.0002,-0.0027,0.0,12.6826,6.555,7.8,16.05,6.55,down,12.53,2026-09-11T15:27:11,109.707,5.97499990463257,332.685,2026-09-11 19:44:22,2026-09-11 15:45:04
AAPL,AAPL260911C00322500,AAPL,2026-09-11,C,322.5,10.05,147.0,10.25,51.0,0.0,8037.0,4310.0,0.9974,0.0022,0.0003,-0.0027,0.0,10.1827,6.16,5.8,13.33,4.4,up,10.16,2026-09-11T15:27:43,154.0,4.00000011920929,332.685,2026-09-11 19:44:22,2026-09-11 15:45:04
AAPL,AAPL260911C00325000,AAPL,2026-09-11,C,325.0,7.6,94.0,7.7,1.0,0.0,21327.0,21118.0,0.9967,0.0035,0.0004,-0.0028,0.0,7.6828,5.265,3.62,11.05,2.5,up,7.7,2026-09-11T15:29:07,216.222,2.43500006198883,332.685,2026-09-11 19:44:22,2026-09-11 15:45:04
AAPL,AAPL260911C00327500,AAPL,2026-09-11,C,327.5,5.1,125.0,5.25,53.0,0.0,11630.0,28268.0,0.9952,0.0069,0.0005,-0.003,0.0,5.1829,3.725,1.85,8.6,1.16,no_change,5.05,2026-09-11T15:29:01,281.132,1.32500004768372,332.685,2026-09-11 19:44:22,2026-09-11 15:45:04
AAPL,AAPL260911C00330000,AAPL,2026-09-11,C,330.0,2.61,108.0,2.73,18.0,0.0,31941.0,109484.0,0.9778,0.0395,0.002,-0.0109,0.0,2.6909,2.025,0.97,6.25,0.5,down,2.69,2026-09-11T15:29:18,304.511,0.665000021457672,332.685,2026-09-11 19:44:22,2026-09-11 15:45:04
AAPL,AAPL260911C00332500,AAPL,2026-09-11,C,332.5,0.48,4.0,0.5,87.0,0.2616,16772.0,187688.0,0.5736,0.401,0.014,-0.3069,0.0,0.4869,0.155,0.37,3.9,0.18,up,0.48,2026-09-11T15:29:21,47.6923,0.325000002980232,332.685,2026-09-11 19:44:22,2026-09-11 15:45:04
AAPL,AAPL260911C00335000,AAPL,2026-09-11,C,335.0,0.01,255.0,0.02,482.0,0.3473,20538.0,458324.0,0.033,0.0586,0.0028,-0.0161,0.0,0.0161,-0.145,0.17,1.95,0.01,no_change,0.01,2026-09-11T15:29:18,-93.5484,0.155000001192093,332.685,2026-09-11 19:44:22,2026-09-11 15:45:04
AAPL,AAPL260911C00337500,AAPL,2026-09-11,C,337.5,0.0,0.0,0.01,176.0,0.5538,7953.0,211759.0,0.0048,0.0076,0.0005,-0.0027,0.0,0.0027,-0.065,0.13,0.76,0.01,no_change,0.01,2026-09-11T15:27:19,-86.6667,0.0749999992549419,332.685,2026-09-11 19:44:22,2026-09-11 15:45:04
AAPL,AAPL260911C00340000,AAPL,2026-09-11,C,340.0,0.0,0.0,0.01,385.0,0.7989,13497.0,123569.0,0.0033,0.0037,0.0004,-0.0025,0.0,0.0025,-0.025,0.03,0.36,0.01,no_change,0.01,2026-09-11T15:28:05,-71.4286,0.034999999217689,332.685,2026-09-11 19:44:22,2026-09-11 15:45:04
AAPL,AAPL260911C00342500,AAPL,2026-09-11,C,342.5,0.0,0.0,0.01,723.0,1.0345,7285.0,23087.0,0.0025,0.0023,0.0003,-0.0025,0.0,0.0025,-0.005,0.03,0.19,0.01,no_change,0.01,2026-09-11T15:22:52,-33.3333,0.0149999996647239,332.685,2026-09-11 19:44:22,2026-09-11 15:45:04
AAPL,AAPL260911C00345000,AAPL,2026-09-11,C,345.0,0.0,0.0,0.01,235.0,1.2633,6359.0,16332.0,0.0021,0.0016,0.0002,-0.0024,0.0,0.0024,0.005,0.02,0.09,0.01,no_change,0.01,2026-09-11T15:17:56,100.0,0.00499999988824129,332.685,2026-09-11 19:44:22,2026-09-11 15:45:04
AAPL,AAPL260911C00350000,AAPL,2026-09-11,C,350.0,0.0,0.0,0.01,571.0,1.7049,9579.0,2752.0,0.0015,0.0009,0.0002,-0.0023,0.0,0.0023,0.005,0.01,0.05,0.01,no_change,0.01,2026-09-11T14:21:27,100.0,0.00499999988824129,332.685,2026-09-11 19:44:22,2026-09-11 15:45:04
AAPL,AAPL260911C00355000,AAPL,2026-09-11,C,355.0,0.0,0.0,0.01,680.0,2.1299,5020.0,409.0,0.0012,0.0006,0.0001,-0.0022,0.0,0.0022,0.005,0.01,0.03,0.01,no_change,0.01,2026-09-11T14:09:42,100.0,0.00499999988824129,332.685,2026-09-11 19:44:22,2026-09-11 15:45:04
AAPL,AAPL260911C00360000,AAPL,2026-09-11,C,360.0,0.0,0.0,0.01,170.0,2.5416,3559.0,194.0,0.001,0.0004,0.0001,-0.0022,0.0,0.0022,0.005,0.01,0.01,0.01,no_change,0.01,2026-09-11T15:26:17,100.0,0.00499999988824129,332.685,2026-09-11 19:44:22,2026-09-11 15:45:04
AAPL,AAPL260911C00365000,AAPL,2026-09-11,C,365.0,0.0,0.0,0.01,201.0,2.9416,1614.0,58.0,0.0008,0.0003,0.0001,-0.0021,0.0,0.0021,0.025,0.01,0.03,0.01,up,0.03,2026-09-11T09:42:44,500.0,0.00499999988824129,332.685,2026-09-11 19:44:22,2026-09-11 15:45:04
AAPL,AAPL260911C00370000,AAPL,2026-09-11,C,370.0,0.0,0.0,0.01,95.0,3.3315,739.0,55.0,0.0007,0.0002,0.0001,-0.002,0.0,0.002,0.005,0.01,0.01,0.01,no_change,0.01,2026-09-11T09:39:05,100.0,0.00499999988824129,332.685,2026-09-11 19:44:22,2026-09-11 15:45:04
AAPL,AAPL260911C00375000,AAPL,2026-09-11,C,375.0,0.0,0.0,0.01,95.0,3.7122,491.0,10.0,0.0006,0.0002,0.0001,-0.002,0.0,0.002,0.005,0.01,0.01,0.01,no_change,0.01,2026-09-11T10:14:17,100.0,0.00499999988824129,332.685,2026-09-11 19:44:22,2026-09-11 15:45:04
AAPL,AAPL260911C00380000,AAPL,2026-09-11,C,380.0,0.0,0.0,0.01,38.0,4.0846,301.0,1.0,0.0006,0.0001,0.0001,-0.0019,0.0,0.0019,0.005,0.01,0.01,0.01,no_change,0.01,2026-09-11T09:47:01,100.0,0.00499999988824129,332.685,2026-09-11 19:44:22,2026-09-11 15:45:04
AAPL,AAPL260911C00385000,AAPL,2026-09-11,C,385.0,0.0,0.0,0.01,1.0,4.4492,50.0,10.0,0.0005,0.0001,0.0001,-0.0018,0.0,0.0018,0.005,0.01,0.01,0.01,down,0.01,2026-09-11T10:36:02,100.0,0.00499999988824129,332.685,2026-09-11 19:44:22,2026-09-11 15:45:04
AAPL,AAPL260911C00390000,AAPL,2026-09-11,C,390.0,0.0,0.0,0.01,1.0,4.8065,243.0,0.0,0.0005,0.0001,0.0001,-0.0018,0.0,0.0018,0.0,0.0,0.0,0.0,down,0.01,2026-09-10T13:29:33,0.0,0.00499999988824129,332.685,2026-09-11 19:44:22,2026-09-11 15:45:04
AAPL,AAPL260911C00395000,AAPL,2026-09-11,C,395.0,0.0,0.0,0.01,5.0,5.1569,86.0,14.0,0.0004,0.0001,0.0,-0.0017,0.0,0.0017,0.005,0.01,0.01,0.01,no_change,0.01,2026-09-11T11:21:32,100.0,0.00499999988824129,332.685,2026-09-11 19:44:22,2026-09-11 15:45:04
AAPL,AAPL260911C00400000,AAPL,2026-09-11,C,400.0,0.0,0.0,0.01,1.0,5.5009,134.0,0.0,0.0004,0.0001,0.0,-0.0016,0.0,0.0017,0.0,0.0,0.0,0.0,down,0.02,2026-09-08T09:30:01,0.0,0.00499999988824129,332.685,2026-09-11 19:44:22,2026-09-11 15:45:04
AAPL,AAPL260911C00405000,AAPL,2026-09-11,C,405.0,0.0,0.0,0.01,1020.0,5.8387,128.0,0.0,0.0004,0.0001,0.0,-0.0016,0.0,0.0016,0.0,0.0,0.0,0.0,down,0.01,2026-09-08T09:30:01,0.0,0.00499999988824129,332.685,2026-09-11 19:44:22,2026-09-11 15:45:04
AAPL,AAPL260911C00410000,AAPL,2026-09-11,C,410.0,0.0,0.0,0.01,1029.0,6.1707,486.0,0.0,0.0003,0.0001,0.0,-0.0016,0.0,0.0015,0.0,0.0,0.0,0.0,no_change,0.01,2026-09-10T09:33:04,0.0,0.00499999988824129,332.685,2026-09-11 19:44:22,2026-09-11 15:45:04
AAPL,AAPL260911C00415000,AAPL,2026-09-11,C,415.0,0.0,0.0,0.01,3400.0,6.4972,180.0,11.0,0.0003,0.0,0.0,-0.0015,0.0,0.0015,0.005,0.01,0.01,0.01,no_change,0.01,2026-09-11T12:31:34,100.0,0.00499999988824129,332.685,2026-09-11 19:44:22,2026-09-11 15:45:04
AAPL,AAPL260911P00110000,AAPL,2026-09-11,P,110.0,0.0,0.0,0.01,1000.0,0.0,132.0,0.0,0.0,0.0,0.0,0.0,0.0,0.0,0.0,0.0,0.0,0.0,down,0.01,2026-09-10T12:19:38,0.0,0.00499999988824129,332.685,2026-09-11 19:44:22,2026-09-11 15:45:04
AAPL,AAPL260911P00120000,AAPL,2026-09-11,P,120.0,0.0,0.0,0.01,1000.0,0.0,0.0,0.0,0.0,0.0,0.0,0.0,0.0,0.0,0.0,0.0,0.0,0.0,no_change,0.0,,0.0,0.00499999988824129,332.685,2026-09-11 19:44:22,2026-09-11 15:45:04
AAPL,AAPL260911P00125000,AAPL,2026-09-11,P,125.0,0.0,0.0,0.01,1000.0,0.0,0.0,4.0,0.0,0.0,0.0,0.0,0.0,0.0,0.005,0.01,0.01,0.01,up,0.01,2026-09-11T09:30:50,100.0,0.00499999988824129,332.685,2026-09-11 19:44:22,2026-09-11 15:45:04
AAPL,AAPL260911P00130000,AAPL,2026-09-11,P,130.0,0.0,0.0,0.01,1000.0,0.0,0.0,0.0,0.0,0.0,0.0,0.0,0.0,0.0001,0.0,0.0,0.0,0.0,no_change,0.0,,0.0,0.00499999988824129,332.685,2026-09-11 19:44:22,2026-09-11 15:45:04
AAPL,AAPL260911P00135000,AAPL,2026-09-11,P,135.0,0.0,0.0,0.01,1000.0,0.0,0.0,0.0,0.0,0.0,0.0,-0.0001,0.0,0.0001,0.0,0.0,0.0,0.0,no_change,0.0,,0.0,0.00499999988824129,332.685,2026-09-11 19:44:22,2026-09-11 15:45:04
AAPL,AAPL260911P00140000,AAPL,2026-09-11,P,140.0,0.0,0.0,0.01,1000.0,0.0,0.0,0.0,0.0,0.0,0.0,-0.0001,0.0,0.0001,0.0,0.0,0.0,0.0,no_change,0.0,,0.0,0.00499999988824129,332.685,2026-09-11 19:44:22,2026-09-11 15:45:04
AAPL,AAPL260911P00145000,AAPL,2026-09-11,P,145.0,0.0,0.0,0.01,1.0,0.0,1.0,0.0,0.0,0.0,0.0,-0.0001,0.0,0.0001,0.0,0.0,0.0,0.0,down,0.01,2026-09-02T15:46:59,0.0,0.00499999988824129,332.685,2026-09-11 19:44:22,2026-09-11 15:45:04
AAPL,AAPL260911P00150000,AAPL,2026-09-11,P,150.0,0.0,0.0,0.01,1.0,0.0,0.0,0.0,0.0,0.0,0.0,-0.0001,0.0,0.0001,0.0,0.0,0.0,0.0,no_change,0.0,,0.0,0.00499999988824129,332.685,2026-09-11 19:44:22,2026-09-11 15:45:04
AAPL,AAPL260911P00155000,AAPL,2026-09-11,P,155.0,0.0,0.0,0.01,1.0,0.0,3.0,0.0,0.0,0.0,0.0,-0.0001,0.0,0.0001,0.0,0.0,0.0,0.0,up,0.02,2026-09-09T10:58:36,0.0,0.00499999988824129,332.685,2026-09-11 19:44:22,2026-09-11 15:45:04
AAPL,AAPL260911P00160000,AAPL,2026-09-11,P,160.0,0.0,0.0,0.01,1.0,0.0,6.0,0.0,0.0,0.0,0.0,-0.0002,0.0,0.0002,0.0,0.0,0.0,0.0,no_change,0.01,2026-08-25T12:15:05,0.0,0.00499999988824129,332.685,2026-09-11 19:44:22,2026-09-11 15:45:04
AAPL,AAPL260911P00165000,AAPL,2026-09-11,P,165.0,0.0,0.0,0.01,19.0,0.0,19.0,0.0,0.0,0.0,0.0,-0.0002,0.0,0.0002,0.0,0.0,0.0,0.0,down,0.01,2026-08-25T12:14:06,0.0,0.00499999988824129,332.685,2026-09-11 19:44:22,2026-09-11 15:45:04
AAPL,AAPL260911P00170000,AAPL,2026-09-11,P,170.0,0.0,0.0,0.01,30.0,0.0,39.0,0.0,0.0,0.0,0.0,-0.0002,0.0,0.0002,0.0,0.0,0.0,0.0,no_change,0.01,2026-08-25T14:53:59,0.0,0.00499999988824129,332.685,2026-09-11 19:44:22,2026-09-11 15:45:04
AAPL,AAPL260911P00175000,AAPL,2026-09-11,P,175.0,0.0,0.0,0.01,31.0,0.0,36.0,0.0,0.0,0.0,0.0,-0.0002,0.0,0.0003,0.0,0.0,0.0,0.0,down,0.03,2026-09-09T10:59:33,0.0,0.00499999988824129,332.685,2026-09-11 19:44:22,2026-09-11 15:45:04
AAPL,AAPL260911P00180000,AAPL,2026-09-11,P,180.0,0.0,0.0,0.01,1000.0,0.0,9.0,0.0,0.0,0.0,0.0,-0.0003,0.0,0.0003,0.0,0.0,0.0,0.0,up,0.31,2026-08-25T12:15:21,0.0,0.00499999988824129,332.685,2026-09-11 19:44:22,2026-09-11 15:45:04
AAPL,AAPL260911P00185000,AAPL,2026-09-11,P,185.0,0.0,0.0,0.01,1000.0,0.0,20.0,0.0,0.0,0.0,0.0,-0.0003,0.0,0.0003,0.0,0.0,0.0,0.0,no_change,0.01,2026-09-08T09:31:37,0.0,0.00499999988824129,332.685,2026-09-11 19:44:22,2026-09-11 15:45:04
AAPL,AAPL260911P00190000,AAPL,2026-09-11,P,190.0,0.0,0.0,0.01,1.0,0.0,109.0,0.0,0.0,0.0,0.0,-0.0004,0.0,0.0004,0.0,0.0,0.0,0.0,up,0.04,2026-09-09T11:10:47,0.0,0.00499999988824129,332.685,2026-09-11 19:44:22,2026-09-11 15:45:04
AAPL,AAPL260911P00195000,AAPL,2026-09-11,P,195.0,0.0,0.0,0.01,7.0,0.0,56.0,0.0,0.0,0.0,0.0,-0.0004,0.0,0.0004,0.0,0.0,0.0,0.0,no_change,0.01,2026-09-09T11:10:47,0.0,0.00499999988824129,332.685,2026-09-11 19:44:22,2026-09-11 15:45:04
AAPL,AAPL260911P00200000,AAPL,2026-09-11,P,200.0,0.0,0.0,0.01,2000.0,0.0,3047.0,0.0,0.0,0.0,0.0,-0.0005,0.0,0.0005,0.0,0.0,0.0,0.0,no_change,0.01,2026-09-09T13:17:34,0.0,0.00499999988824129,332.685,2026-09-11 19:44:22,2026-09-11 15:45:04
AAPL,AAPL260911P00205000,AAPL,2026-09-11,P,205.0,0.0,0.0,0.01,4.0,0.0,34.0,0.0,-0.0001,0.0,0.0,-0.0005,0.0,0.0005,0.0,0.0,0.0,0.0,no_change,0.01,2026-08-28T12:53:53,0.0,0.00499999988824129,332.685,2026-09-11 19:44:22,2026-09-11 15:45:04
AAPL,AAPL260911P00210000,AAPL,2026-09-11,P,210.0,0.0,0.0,0.01,111.0,0.0,144.0,0.0,-0.0001,0.0,0.0,-0.0006,0.0,0.0006,0.0,0.0,0.0,0.0,no_change,0.01,2026-09-01T14:48:14,0.0,0.00499999988824129,332.685,2026-09-11 19:44:22,2026-09-11 15:45:04
AAPL,AAPL260911P00215000,AAPL,2026-09-11,P,215.0,0.0,0.0,0.01,111.0,0.0,364.0,0.0,-0.0001,0.0,0.0,-0.0006,0.0,0.0006,0.0,0.0,0.0,0.0,no_change,0.01,2026-09-10T11:01:33,0.0,0.00499999988824129,332.685,2026-09-11 19:44:22,2026-09-11 15:45:04
AAPL,AAPL260911P00220000,AAPL,2026-09-11,P,220.0,0.0,0.0,0.01,55.0,0.0,338.0,0.0,-0.0001,0.0,0.0,-0.0007,0.0,0.0007,0.0,0.0,0.0,0.0,no_change,0.01,2026-09-08T15:59:37,0.0,0.00499999988824129,332.685,2026-09-11 19:44:22,2026-09-11 15:45:04
AAPL,AAPL260911P00225000,AAPL,2026-09-11,P,225.0,0.0,0.0,0.01,151.0,0.0,1001.0,0.0,-0.0001,0.0,0.0,-0.0008,0.0,0.0007,0.0,0.0,0.0,0.0,down,0.01,2026-09-08T15:53:16,0.0,0.00499999988824129,332.685,2026-09-11 19:44:22,2026-09-11 15:45:04
AAPL,AAPL260911P00230000,AAPL,2026-09-11,P,230.0,0.0,0.0,0.01,75.0,0.0,403.0,0.0,-0.0001,0.0,0.0,-0.0008,0.0,0.0008,0.0,0.0,0.0,0.0,no_change,0.07,2026-09-08T15:56:26,0.0,0.00499999988824129,332.685,2026-09-11 19:44:22,2026-09-11 15:45:04
AAPL,AAPL260911P00235000,AAPL,2026-09-11,P,235.0,0.0,0.0,0.01,1.0,0.0,108.0,0.0,-0.0001,0.0,0.0,-0.0009,0.0,0.0009,0.0,0.0,0.0,0.0,up,0.07,2026-09-08T15:56:58,0.0,0.00999999977648258,332.685,2026-09-11 19:44:22,2026-09-11 15:45:04
AAPL,AAPL260911P00240000,AAPL,2026-09-11,P,240.0,0.0,0.0,0.01,250.0,0.0,10024.0,0.0,-0.0001,0.0,0.0,-0.001,0.0,0.001,0.0,0.0,0.0,0.0,no_change,0.01,2026-09-09T12:22:41,0.0,0.00499999988824129,332.685,2026-09-11 19:44:22,2026-09-11 15:45:04
AAPL,AAPL260911P00245000,AAPL,2026-09-11,P,245.0,0.0,0.0,0.01,2000.0,0.0,1187.0,0.0,-0.0002,0.0,0.0,-0.001,0.0,0.001,0.0,0.0,0.0,0.0,no_change,0.01,2026-09-09T13:56:57,0.0,0.00499999988824129,332.685,2026-09-11 19:44:22,2026-09-11 15:45:04
AAPL,AAPL260911P00250000,AAPL,2026-09-11,P,250.0,0.0,0.0,0.01,1000.0,8.3945,1137.0,0.0,-0.0002,0.0,0.0,-0.0011,0.0,0.0011,0.0,0.0,0.0,0.0,no_change,0.01,2026-09-09T12:23:04,0.0,0.00499999988824129,332.685,2026-09-11 19:44:22,2026-09-11 15:45:04
AAPL,AAPL260911P00255000,AAPL,2026-09-11,P,255.0,0.0,0.0,0.01,1000.0,7.8501,13666.0,0.0,-0.0002,0.0,0.0,-0.0012,0.0,0.0012,0.0,0.0,0.0,0.0,no_change,0.01,2026-09-10T11:14:26,0.0,0.00499999988824129,332.685,2026-09-11 19:44:22,2026-09-11 15:45:04
AAPL,AAPL260911P00257500,AAPL,2026-09-11,P,257.5,0.0,0.0,0.01,26.0,7.5813,9515.0,0.0,-0.0002,0.0,0.0,-0.0012,0.0,0.0012,0.0,0.0,0.0,0.0,no_change,0.01,2026-09-09T15:54:26,0.0,0.00499999988824129,332.685,2026-09-11 19:44:22,2026-09-11 15:45:04
AAPL,AAPL260911P00260000,AAPL,2026-09-11,P,260.0,0.0,0.0,0.01,30.0,7.3145,1123.0,0.0,-0.0002,0.0,0.0,-0.0013,0.0,0.0013,0.0,0.0,0.0,0.0,no_change,0.01,2026-09-10T13:55:55,0.0,0.00499999988824129,332.685,2026-09-11 19:44:22,2026-09-11 15:45:04
AAPL,AAPL260911P00262500,AAPL,2026-09-11,P,262.5,0.0,0.0,0.01,1.0,7.0498,885.0,0.0,-0.0002,0.0,0.0,-0.0013,0.0,0.0013,0.0,0.0,0.0,0.0,no_change,0.01,2026-09-10T09:31:25,0.0,0.00499999988824129,332.685,2026-09-11 19:44:22,2026-09-11 15:45:04
AAPL,AAPL260911P00265000,AAPL,2026-09-11,P,265.0,0.0,0.0,0.01,53.0,6.7871,684.0,1.0,-0.0003,0.0,0.0,-0.0014,0.0,0.0014,0.005,0.01,0.01,0.01,no_change,0.01,2026-09-11T12:36:05,100.0,0.00499999988824129,332.685,2026-09-11 19:44:22,2026-09-11 15:45:04
AAPL,AAPL260911P00267500,AAPL,2026-09-11,P,267.5,0.0,0.0,0.01,1.0,6.5262,98.0,0.0,-0.0003,0.0,0.0,-0.0014,0.0,0.0014,0.0,0.0,0.0,0.0,no_change,0.01,2026-09-10T15:57:33,0.0,0.0299999993294477,332.685,2026-09-11 19:44:22,2026-09-11 15:45:04
AAPL,AAPL260911P00270000,AAPL,2026-09-11,P,270.0,0.0,0.0,0.01,3.0,6.2673,1378.0,1.0,-0.0003,0.0001,0.0,-0.0015,0.0,0.0015,0.005,0.01,0.01,0.01,no_change,0.01,2026-09-11T10:03:01,100.0,0.00499999988824129,332.685,2026-09-11 19:44:22,2026-09-11 15:45:04
AAPL,AAPL260911P00272500,AAPL,2026-09-11,P,272.5,0.0,0.0,0.01,1.0,6.0101,141.0,60.0,-0.0003,0.0001,0.0,-0.0015,0.0,0.0015,-0.005,0.01,0.01,0.01,no_change,0.01,2026-09-11T14:21:09,-33.3333,0.0149999996647239,332.685,2026-09-11 19:44:22,2026-09-11 15:45:04
AAPL,AAPL260911P00275000,AAPL,2026-09-11,P,275.0,0.0,0.0,0.01,43.0,5.7546,1669.0,104.0,-0.0004,0.0001,0.0,-0.0016,0.0,0.0016,0.005,0.01,0.01,0.01,no_change,0.01,2026-09-11T14:14:51,100.0,0.00499999988824129,332.685,2026-09-11 19:44:22,2026-09-11 15:45:04
AAPL,AAPL260911P00277500,AAPL,2026-09-11,P,277.5,0.0,0.0,0.01,20.0,5.5007,464.0,65.0,-0.0004,0.0001,0.0,-0.0016,0.0,0.0016,0.005,0.01,0.01,0.01,no_change,0.01,2026-09-11T13:12:28,100.0,0.00499999988824129,332.685,2026-09-11 19:44:22,2026-09-11 15:45:04
AAPL,AAPL260911P00280000,AAPL,2026-09-11,P,280.0,0.0,0.0,0.01,49.0,5.2484,2563.0,253.0,-0.0004,0.0001,0.0,-0.0017,0.0,0.0017,0.005,0.01,0.02,0.01,no_change,0.01,2026-09-11T13:48:08,100.0,0.00499999988824129,332.685,2026-09-11 19:44:22,2026-09-11 15:45:04
AAPL,AAPL260911P00282500,AAPL,2026-09-11,P,282.5,0.0,0.0,0.01,1.0,4.9976,926.0,9.0,-0.0004,0.0001,0.0,-0.0017,0.0,0.0017,0.005,0.01,0.01,0.01,no_change,0.01,2026-09-11T11:20:17,100.0,0.00499999988824129,332.685,2026-09-11 19:44:22,2026-09-11 15:45:04
AAPL,AAPL260911P00285000,AAPL,2026-09-11,P,285.0,0.0,0.0,0.01,1.0,4.7479,2494.0,73.0,-0.0005,0.0001,0.0001,-0.0018,0.0,0.0018,0.005,0.01,0.01,0.01,no_change,0.01,2026-09-11T14:18:14,100.0,0.00499999988824129,332.685,2026-09-11 19:44:22,2026-09-11 15:45:04
AAPL,AAPL260911P00287500,AAPL,2026-09-11,P,287.5,0.0,0.0,0.01,56.0,4.5001,857.0,6.0,-0.0005,0.0001,0.0001,-0.0018,0.0,0.0018,0.0,0.01,0.01,0.01,no_change,0.01,2026-09-11T11:35:53,2.23517e-06,0.00999999977648258,332.685,2026-09-11 19:44:22,2026-09-11 15:45:04
AAPL,AAPL260911P00290000,AAPL,2026-09-11,P,290.0,0.0,0.0,0.01,50.0,4.2535,4044.0,40.0,-0.0006,0.0001,0.0001,-0.0019,0.0,0.0019,0.0,0.01,0.01,0.01,no_change,0.01,2026-09-11T13:11:23,2.23517e-06,0.00999999977648258,332.685,2026-09-11 19:44:22,2026-09-11 15:45:04
AAPL,AAPL260911P00292500,AAPL,2026-09-11,P,292.5,0.0,0.0,0.01,2.0,4.0079,1790.0,385.0,-0.0006,0.0002,0.0001,-0.002,0.0,0.002,-0.005,0.01,0.01,0.01,no_change,0.01,2026-09-11T11:53:27,-33.3333,0.0149999996647239,332.685,2026-09-11 19:44:22,2026-09-11 15:45:04
AAPL,AAPL260911P00295000,AAPL,2026-09-11,P,295.0,0.0,0.0,0.01,77.0,3.7634,3588.0,445.0,-0.0006,0.0002,0.0001,-0.002,0.0,0.002,-0.005,0.01,0.02,0.01,no_change,0.01,2026-09-11T15:27:24,-33.3333,0.0149999996647239,332.685,2026-09-11 19:44:22,2026-09-11 15:45:04
AAPL,AAPL260911P00297500,AAPL,2026-09-11,P,297.5,0.0,0.0,0.01,36.0,3.52,2509.0,140.0,-0.0007,0.0002,0.0001,-0.0021,0.0,0.0021,-0.005,0.09,0.09,0.01,no_change,0.01,2026-09-11T14:42:44,-33.3333,0.0149999996647239,332.685,2026-09-11 19:44:22,2026-09-11 15:45:04
AAPL,AAPL260911P00300000,AAPL,2026-09-11,P,300.0,0.0,0.0,0.01,1699.0,3.2773,13238.0,3119.0,-0.0008,0.0002,0.0001,-0.0021,0.0,0.0021,-0.005,0.03,0.04,0.01,no_change,0.01,2026-09-11T15:21:42,-33.3333,0.0149999996647239,332.685,2026-09-11 19:44:22,2026-09-11 15:45:04
AAPL,AAPL260911P00302500,AAPL,2026-09-11,P,302.5,0.0,0.0,0.01,1360.0,3.0355,2853.0,650.0,-0.0008,0.0003,0.0001,-0.0022,0.0,0.0022,-0.015,0.02,0.1,0.01,no_change,0.01,2026-09-11T15:16:37,-60.0,0.0249999994412065,332.685,2026-09-11 19:44:22,2026-09-11 15:45:04
AAPL,AAPL260911P00305000,AAPL,2026-09-11,P,305.0,0.0,0.0,0.01,1190.0,2.7942,8638.0,706.0,-0.0009,0.0003,0.0001,-0.0023,0.0,0.0023,-0.015,0.02,0.03,0.01,no_change,0.01,2026-09-11T15:27:01,-60.0,0.0249999994412065,332.685,2026-09-11 19:44:22,2026-09-11 15:45:04
AAPL,AAPL260911P00307500,AAPL,2026-09-11,P,307.5,0.0,0.0,0.01,1011.0,2.5533,4259.0,876.0,-0.001,0.0004,0.0001,-0.0023,0.0,0.0023,-0.025,0.02,0.04,0.01,no_change,0.01,2026-09-11T15:24:14,-71.4286,0.034999999217689,332.685,2026-09-11 19:44:22,2026-09-11 15:45:04
AAPL,AAPL260911P00310000,AAPL,2026-09-11,P,310.0,0.0,0.0,0.01,850.0,2.3126,9912.0,1890.0,-0.0012,0.0005,0.0001,-0.0024,0.0,0.0024,-0.025,0.03,0.04,0.01,up,0.03,2026-09-11T15:27:01,-45.4545,0.0549999997019768,332.685,2026-09-11 19:44:22,2026-09-11 15:45:04
AAPL,AAPL260911P00312500,AAPL,2026-09-11,P,312.5,0.0,0.0,0.01,680.0,2.0718,4980.0,5731.0,-0.0013,0.0006,0.0001,-0.0024,0.0,0.0024,-0.065,0.03,0.05,0.01,no_change,0.01,2026-09-11T15:27:23,-86.6667,0.0749999992549419,332.685,2026-09-11 19:44:22,2026-09-11 15:45:04
AAPL,AAPL260911P00315000,AAPL,2026-09-11,P,315.0,0.0,0.0,0.01,543.0,1.8308,10789.0,6115.0,-0.0015,0.0008,0.0002,-0.0025,0.0,0.0025,-0.105,0.01,0.06,0.01,no_change,0.01,2026-09-11T15:25:06,-91.3043,0.114999998360872,332.685,2026-09-11 19:44:22,2026-09-11 15:45:04
AAPL,AAPL260911P00317500,AAPL,2026-09-11,P,317.5,0.0,0.0,0.01,131.0,1.5891,8784.0,7436.0,-0.0018,0.0011,0.0002,-0.0026,0.0,0.0026,-0.215,0.01,0.09,0.01,down,0.01,2026-09-11T15:12:04,-95.5556,0.225000001490116,332.685,2026-09-11 19:44:22,2026-09-11 15:45:04
AAPL,AAPL260911P00320000,AAPL,2026-09-11,P,320.0,0.0,0.0,0.01,338.0,1.3461,16374.0,14109.0,-0.0021,0.0015,0.0002,-0.0027,0.0,0.0027,-0.465,0.26,0.26,0.01,up,0.02,2026-09-11T15:13:18,-95.8763,0.484999999403954,332.685,2026-09-11 19:44:22,2026-09-11 15:45:04
AAPL,AAPL260911P00322500,AAPL,2026-09-11,P,322.5,0.0,0.0,0.01,64.0,1.101,11745.0,23443.0,-0.0026,0.0022,0.0003,-0.0027,0.0,0.0027,-1.01,0.02,0.58,0.01,no_change,0.01,2026-09-11T15:28:22,-99.0196,1.01999998092651,332.685,2026-09-11 19:44:22,2026-09-11 15:45:04
AAPL,AAPL260911P00325000,AAPL,2026-09-11,P,325.0,0.0,0.0,0.01,757.0,0.8528,11313.0,50340.0,-0.0033,0.0035,0.0004,-0.0028,0.0,0.0028,-1.94,1.1,1.1,0.01,no_change,0.01,2026-09-11T15:29:04,-99.4872,1.95000004768372,332.685,2026-09-11 19:44:22,2026-09-11 15:45:04
AAPL,AAPL260911P00327500,AAPL,2026-09-11,P,327.5,0.0,0.0,0.01,134.0,0.5991,2211.0,55201.0,-0.0048,0.0069,0.0005,-0.003,0.0,0.003,-3.295,1.7,2.36,0.01,no_change,0.03,2026-09-11T15:28:35,-99.0977,3.32499992847443,332.685,2026-09-11 19:44:22,2026-09-11 15:45:04
AAPL,AAPL260911P00330000,AAPL,2026-09-11,P,330.0,0.01,233.0,0.02,335.0,0.3944,3126.0,177834.0,-0.0222,0.0395,0.002,-0.0109,0.0,0.0109,-5.165,3.25,4.15,0.01,no_change,0.01,2026-09-11T15:29:15,-99.8068,5.17499995231628,332.685,2026-09-11 19:44:22,2026-09-11 15:45:04
AAPL,AAPL260911P00332500,AAPL,2026-09-11,P,332.5,0.29,1.0,0.3,84.0,0.2652,212.0,213185.0,-0.4264,0.401,0.014,-0.3069,0.0,0.3069,-7.06,5.25,5.39,0.15,down,0.29,2026-09-11T15:29:21,-96.0544,7.34999990463257,332.685,2026-09-11 19:44:22,2026-09-11 15:45:04
AAPL,AAPL260911P00335000,AAPL,2026-09-11,P,335.0,2.24,94.0,2.35,4.0,0.0,4065.0,117951.0,-0.967,0.0586,0.0028,-0.0161,0.0,2.3361,-7.28,7.65,8.35,0.73,down,2.32,2026-09-11T15:29:07,-75.8333,9.59999990463257,332.685,2026-09-11 19:44:22,2026-09-11 15:45:04
AAPL,AAPL260911P00337500,AAPL,2026-09-11,P,337.5,4.75,52.0,5.0,73.0,0.7977,8.0,8821.0,-0.9952,0.0076,0.0005,-0.0027,0.0,4.8227,-7.425,8.39,8.39,1.97,down,4.8,2026-09-11T15:29:01,-60.7362,12.2249999046326,332.685,2026-09-11 19:44:22,2026-09-11 15:45:04
AAPL,AAPL260911P00340000,AAPL,2026-09-11,P,340.0,7.25,23.0,7.4,20.0,0.7982,38.0,3572.0,-0.9967,0.0037,0.0004,-0.0025,0.0,7.3226,-7.375,12.75,12.75,4.03,down,7.3,2026-09-11T15:29:01,-50.2555,14.6749997138977,332.685,2026-09-11 19:44:22,2026-09-11 15:45:04
AAPL,AAPL260911P00342500,AAPL,2026-09-11,P,342.5,9.75,14.0,9.9,50.0,1.0337,1.0,246.0,-0.9975,0.0023,0.0003,-0.0025,0.0,9.8225,-7.475,10.5,11.3,6.45,up,9.95,2026-09-11T15:29:01,-42.8981,17.4250001907349,332.685,2026-09-11 19:44:22,2026-09-11 15:45:04
AAPL,AAPL260911P00345000,AAPL,2026-09-11,P,345.0,12.25,7.0,12.4,27.0,1.2623,3.0,90.0,-0.9979,0.0016,0.0002,-0.0024,0.0,12.3225,-7.63,12.4,13.74,9.08,up,12.37,2026-09-11T15:27:43,-38.15,20.0,332.685,2026-09-11 19:44:22,2026-09-11 15:45:04
AAPL,AAPL260911P00350000,AAPL,2026-09-11,P,350.0,16.4,190.0,17.85,81.0,0.0,10.0,183.0,-0.9985,0.0009,0.0002,-0.0023,0.0,17.3224,-6.85,16.0,18.96,14.09,up,17.4,2026-09-11T15:24:59,-28.2474,24.25,332.685,2026-09-11 19:44:22,2026-09-11 15:45:04
AAPL,AAPL260911P00355000,AAPL,2026-09-11,P,355.0,21.6,142.0,23.7,87.0,3.7964,0.0,87.0,-0.9988,0.0006,0.0001,-0.0022,0.0,22.3223,-8.825,22.8,23.13,19.45,up,21.0,2026-09-11T13:29:38,-29.5893,29.8249998092651,332.685,2026-09-11 19:44:22,2026-09-11 15:45:04
AAPL,AAPL260911P00360000,AAPL,2026-09-11,P,360.0,26.4,116.0,29.25,34.0,4.8422,0.0,3.0,-0.999,0.0004,0.0001,-0.0022,0.0,27.3222,-9.745,27.74,27.74,24.4,up,24.98,2026-09-11T11:26:56,-28.0634,34.7250003814697,332.685,2026-09-11 19:44:22,2026-09-11 15:45:04
AAPL,AAPL260911P00365000,AAPL,2026-09-11,P,365.0,31.2,132.0,34.2,28.0,5.1734,0.0,0.0,-0.9992,0.0003,0.0001,-0.0021,0.0,32.3221,0.0,0.0,0.0,0.0,up,49.48,2026-09-09T15:25:39,0.0,39.7749996185303,332.685,2026-09-11 19:44:22,2026-09-11 15:45:04
AAPL,AAPL260911P00370000,AAPL,2026-09-11,P,370.0,36.4,152.0,39.25,64.0,6.1034,0.0,4.0,-0.9993,0.0002,0.0001,-0.002,0.0,37.3221,-8.25,36.35,36.4,36.35,up,36.4,2026-09-11T13:43:55,-18.477,44.6499996185303,332.685,2026-09-11 19:44:22,2026-09-11 15:45:04
AAPL,AAPL260911P00375000,AAPL,2026-09-11,P,375.0,41.1,117.0,44.2,30.0,6.1845,0.0,0.0,-0.9994,0.0002,0.0001,-0.002,0.0,42.322,0.0,0.0,0.0,0.0,no_change,0.0,,0.0,49.8000011444092,332.685,2026-09-11 19:44:22,2026-09-11 15:45:04
AAPL,AAPL260911P00380000,AAPL,2026-09-11,P,380.0,45.75,129.0,49.15,42.0,5.8127,0.0,0.0,-0.9994,0.0001,0.0001,-0.0019,0.0,47.3219,0.0,0.0,0.0,0.0,no_change,0.0,,0.0,54.6999988555908,332.685,2026-09-11 19:44:22,2026-09-11 15:45:04
AAPL,AAPL260911P00385000,AAPL,2026-09-11,P,385.0,51.35,125.0,54.25,35.0,7.772,0.0,0.0,-0.9995,0.0001,0.0001,-0.0018,0.0,52.3219,0.0,0.0,0.0,0.0,no_change,0.0,,0.0,59.6999988555908,332.685,2026-09-11 19:44:22,2026-09-11 15:45:04
AAPL,AAPL260911P00390000,AAPL,2026-09-11,P,390.0,55.75,129.0,59.25,46.0,7.0844,0.0,0.0,-0.9995,0.0001,0.0001,-0.0018,0.0,57.3218,0.0,0.0,0.0,0.0,no_change,0.0,,0.0,64.7000007629394,332.685,2026-09-11 19:44:22,2026-09-11 15:45:04
AAPL,AAPL260911P00395000,AAPL,2026-09-11,P,395.0,61.1,118.0,64.2,46.0,8.2994,0.0,0.0,-0.9996,0.0001,0.0,-0.0017,0.0,62.3217,0.0,0.0,0.0,0.0,no_change,0.0,,0.0,69.6750030517578,332.685,2026-09-11 19:44:22,2026-09-11 15:45:04
AAPL,AAPL260911P00400000,AAPL,2026-09-11,P,400.0,66.1,126.0,69.2,29.0,0.0,0.0,0.0,-0.9996,0.0001,0.0,-0.0016,0.0,67.3217,0.0,0.0,0.0,0.0,no_change,75.0,2026-09-10T13:55:59,0.0,74.5250015258789,332.685,2026-09-11 19:44:22,2026-09-11 15:45:04
AAPL,AAPL260911P00405000,AAPL,2026-09-11,P,405.0,71.1,122.0,74.25,44.0,0.0,0.0,0.0,-0.9996,0.0001,0.0,-0.0016,0.0,72.3216,0.0,0.0,0.0,0.0,no_change,0.0,,0.0,79.7749977111816,332.685,2026-09-11 19:44:22,2026-09-11 15:45:04
AAPL,AAPL260911P00410000,AAPL,2026-09-11,P,410.0,76.1,132.0,79.25,34.0,0.0,0.0,0.0,-0.9997,0.0001,0.0,-0.0016,0.0,77.3216,0.0,0.0,0.0,0.0,no_change,0.0,,0.0,84.6750030517578,332.685,2026-09-11 19:44:22,2026-09-11 15:45:04
AAPL,AAPL260911P00415000,AAPL,2026-09-11,P,415.0,81.3,122.0,84.25,35.0,0.0,0.0,0.0,-0.9997,0.0,0.0,-0.0015,0.0,82.3215,0.0,0.0,0.0,0.0,no_change,0.0,,0.0,89.7750015258789,332.685,2026-09-11 19:44:22,2026-09-11 15:45:04
AAPL,AAPL260914C00245000,AAPL,2026-09-14,C,245.0,86.7,128.0,89.5,43.0,1.7007,1.0,3.0,0.9999,0.0,0.0001,-0.0007,0.0067,87.7007,7.02,87.76,87.82,87.72,up,87.82,2026-09-11T15:29:01,8.68812,80.7999992370606,332.685,2026-09-11 19:44:22,2026-09-11 15:45:04
AAPL,AAPL260914C00250000,AAPL,2026-09-14,C,250.0,81.9,99.0,84.55,42.0,1.677,0.0,4.0,0.9998,0.0,0.0002,-0.0008,0.0068,82.7015,7.025,82.85,82.86,82.75,up,82.8,2026-09-11T15:28:31,9.27087,75.7749977111816,332.685,2026-09-11 19:44:22,2026-09-11 15:45:04
AAPL,AAPL260914C00255000,AAPL,2026-09-14,C,255.0,76.9,100.0,79.5,22.0,1.5639,0.0,5.0,0.9998,0.0,0.0002,-0.0011,0.007,77.7023,7.01,79.36,79.36,77.81,down,77.81,2026-09-11T15:24:54,9.90113,70.7999992370606,332.685,2026-09-11 19:44:22,2026-09-11 15:45:04
AAPL,AAPL260914C00260000,AAPL,2026-09-14,C,260.0,71.75,122.0,74.5,37.0,1.4256,0.0,3.0,0.9997,0.0,0.0003,-0.0014,0.0071,72.7032,7.02,74.43,74.43,72.82,down,72.82,2026-09-11T15:26:32,10.6687,65.7999992370606,332.685,2026-09-11 19:44:22,2026-09-11 15:45:04
AAPL,AAPL260914C00265000,AAPL,2026-09-14,C,265.0,66.75,117.0,69.55,52.0,1.3442,0.0,1.0,0.9996,0.0001,0.0004,-0.0018,0.0072,67.7043,6.895,67.72,67.72,67.72,up,67.72,2026-09-11T15:27:05,11.3358,60.8250007629394,332.685,2026-09-11 19:44:22,2026-09-11 15:45:04
AAPL,AAPL260914C00270000,AAPL,2026-09-14,C,270.0,61.9,98.0,63.85,43.0,1.0745,0.0,259.0,0.9995,0.0001,0.0005,-0.0023,0.0074,62.7055,6.97,61.97,65.77,61.86,down,62.77,2026-09-11T15:27:39,12.491,55.8000011444092,332.685,2026-09-11 19:44:22,2026-09-11 15:45:04
AAPL,AAPL260914C00272500,AAPL,2026-09-14,C,272.5,58.8,132.0,62.05,47.0,1.0726,0.0,16.0,0.9994,0.0001,0.0006,-0.0027,0.0074,60.2061,8.635,62.38,62.42,61.85,down,61.96,2026-09-11T12:23:52,16.1932,53.3250007629394,332.685,2026-09-11 19:44:22,2026-09-11 15:45:04
AAPL,AAPL260914C00275000,AAPL,2026-09-14,C,275.0,56.6,133.0,59.4,43.0,1.0785,0.0,14.0,0.9993,0.0001,0.0007,-0.0031,0.0075,57.7069,8.705,59.95,59.99,59.43,down,59.43,2026-09-11T12:23:48,17.1612,50.7249984741211,332.685,2026-09-11 19:44:22,2026-09-11 15:45:04
AAPL,AAPL260914C00277500,AAPL,2026-09-14,C,277.5,54.4,103.0,56.35,43.0,0.9501,0.0,92.0,0.9992,0.0001,0.0008,-0.0036,0.0076,55.2077,7.065,57.26,57.27,55.37,no_change,55.39,2026-09-11T15:11:18,14.6198,48.3250007629394,332.685,2026-09-11 19:44:22,2026-09-11 15:45:04
AAPL,AAPL260914C00280000,AAPL,2026-09-14,C,280.0,51.95,106.0,53.95,43.0,0.9613,2.0,94.0,0.999,0.0002,0.001,-0.0041,0.0077,52.7086,7.06,54.85,54.85,52.91,no_change,52.91,2026-09-11T15:11:18,15.398,45.8500003814697,332.685,2026-09-11 19:44:22,2026-09-11 15:45:04
AAPL,AAPL260914C00282500,AAPL,2026-09-14,C,282.5,48.8,122.0,52.0,40.0,0.8864,0.0,2.0,0.9989,0.0002,0.0011,-0.0048,0.0077,50.2096,9.0,52.42,52.42,52.35,down,52.35,2026-09-11T11:55:37,20.7612,43.3500003814697,332.685,2026-09-11 19:44:22,2026-09-11 15:45:04
AAPL,AAPL260914C00285000,AAPL,2026-09-14,C,285.0,47.65,18.0,47.75,1.0,0.0,12.0,1.0,0.9987,0.0002,0.0014,-0.0056,0.0078,47.7108,10.125,50.2,50.2,50.2,up,50.2,2026-09-11T11:38:06,25.2651,40.0750007629394,332.685,2026-09-11 19:44:22,2026-09-11 15:45:04
AAPL,AAPL260914C00287500,AAPL,2026-09-14,C,287.5,44.3,116.0,47.0,48.0,0.9269,0.0,6.0,0.9984,0.0003,0.0016,-0.0065,0.0079,45.2121,8.305,46.86,46.86,46.45,up,46.68,2026-09-11T12:23:42,21.6417,38.375,332.685,2026-09-11 19:44:22,2026-09-11 15:45:04
AAPL,AAPL260914C00290000,AAPL,2026-09-14,C,290.0,42.65,21.0,42.8,28.0,0.0,10.0,7.0,0.9981,0.0004,0.0019,-0.0076,0.0079,42.7137,8.375,41.9,44.43,41.9,up,44.2,2026-09-11T12:23:42,23.3775,35.8250007629394,332.685,2026-09-11 19:44:22,2026-09-11 15:45:04
AAPL,AAPL260914C00292500,AAPL,2026-09-14,C,292.5,39.45,94.0,42.0,48.0,0.8622,0.0,2.0,0.9977,0.0005,0.0023,-0.009,0.008,40.2155,7.375,41.87,41.87,40.75,down,40.75,2026-09-11T14:56:47,22.0974,33.375,332.685,2026-09-11 19:44:22,2026-09-11 15:45:04
AAPL,AAPL260914C00295000,AAPL,2026-09-14,C,295.0,37.65,20.0,37.8,32.0,0.503,35.0,4.0,0.9972,0.0006,0.0027,-0.0106,0.008,37.7177,6.525,37.6,37.75,37.6,up,37.75,2026-09-11T15:29:01,20.8967,31.2249994277954,332.685,2026-09-11 19:44:22,2026-09-11 15:45:04
AAPL,AAPL260914C00297500,AAPL,2026-09-14,C,297.5,34.55,110.0,37.05,25.0,0.7917,0.0,0.0,0.9965,0.0008,0.0033,-0.0125,0.0081,35.2203,0.0,0.0,0.0,0.0,no_change,0.0,,0.0,28.3999996185303,332.685,2026-09-11 19:44:22,2026-09-11 15:45:04
AAPL,AAPL260914C00300000,AAPL,2026-09-14,C,300.0,32.65,21.0,32.8,22.0,0.4378,40.0,272.0,0.9957,0.001,0.004,-0.0149,0.0082,32.7234,6.975,32.02,35.71,31.83,up,32.75,2026-09-11T15:28:31,27.0611,25.7750005722046,332.685,2026-09-11 19:44:22,2026-09-11 15:45:04
AAPL,AAPL260914C00302500,AAPL,2026-09-14,C,302.5,29.35,144.0,31.65,64.0,0.6024,4.0,2.0,0.9946,0.0012,0.0049,-0.0178,0.0082,30.2272,6.825,29.25,30.2,29.25,up,30.2,2026-09-11T15:07:24,29.1979,23.375,332.685,2026-09-11 19:44:22,2026-09-11 15:45:04
AAPL,AAPL260914C00305000,AAPL,2026-09-14,C,305.0,27.65,52.0,27.8,48.0,0.3732,363.0,34.0,0.9932,0.0016,0.006,-0.0213,0.0083,27.732,7.67,25.0,31.0,25.0,down,28.47,2026-09-11T13:58:51,36.875,20.8000001907349,332.685,2026-09-11 19:44:22,2026-09-11 15:45:04
AAPL,AAPL260914C00307500,AAPL,2026-09-14,C,307.5,24.5,131.0,26.4,75.0,0.4978,14.0,10.0,0.9914,0.0021,0.0074,-0.0257,0.0083,25.2379,8.725,25.0,27.45,25.0,up,27.45,2026-09-11T10:58:31,46.5955,18.7250003814697,332.685,2026-09-11 19:44:22,2026-09-11 15:45:04
AAPL,AAPL260914C00310000,AAPL,2026-09-14,C,310.0,22.7,1.0,22.8,6.0,0.309,303.0,43.0,0.9889,0.0028,0.0092,-0.0312,0.0084,22.7454,7.15,17.95,25.82,17.95,up,23.05,2026-09-11T13:55:55,44.9686,15.8999996185303,332.685,2026-09-11 19:44:22,2026-09-11 15:45:04
AAPL,AAPL260914C00312500,AAPL,2026-09-14,C,312.5,19.2,191.0,20.55,40.0,0.0,60.0,23.0,0.9856,0.0038,0.0117,-0.0381,0.0084,20.2552,6.625,15.31,22.6,15.31,down,19.95,2026-09-11T15:22:34,49.7186,13.3249998092651,332.685,2026-09-11 19:44:22,2026-09-11 15:45:04
AAPL,AAPL260914C00315000,AAPL,2026-09-14,C,315.0,17.7,84.0,17.85,61.0,0.2947,6497.0,303.0,0.9808,0.0053,0.0148,-0.0468,0.0084,17.768,6.685,12.6,21.2,12.32,up,17.76,2026-09-11T15:28:35,60.3612,11.0750002861023,332.685,2026-09-11 19:44:22,2026-09-11 15:45:04
AAPL,AAPL260914C00317500,AAPL,2026-09-14,C,317.5,14.7,329.0,15.55,95.0,0.0,1193.0,66.0,0.974,0.0075,0.0192,-0.058,0.0085,15.2856,6.9,10.2,18.2,10.2,down,15.25,2026-09-11T14:57:52,82.6347,8.35000014305115,332.685,2026-09-11 19:44:22,2026-09-11 15:45:04
AAPL,AAPL260914C00320000,AAPL,2026-09-14,C,320.0,12.75,72.0,12.85,1.0,0.2332,10731.0,2268.0,0.9634,0.011,0.0255,-0.0738,0.0084,12.8122,5.975,8.5,16.0,7.74,down,12.7,2026-09-11T15:26:05,88.8476,6.72500014305115,332.685,2026-09-11 19:44:22,2026-09-11 15:45:04
AAPL,AAPL260914C00322500,AAPL,2026-09-14,C,322.5,10.25,76.0,10.45,1.0,0.2114,2647.0,449.0,0.9441,0.0172,0.0357,-0.1002,0.0083,10.3615,5.22,5.6,13.27,5.2,down,10.27,2026-09-11T15:26:00,103.366,5.04999995231628,332.685,2026-09-11 19:44:22,2026-09-11 15:45:04
AAPL,AAPL260914C00325000,AAPL,2026-09-14,C,325.0,7.9,67.0,8.05,79.0,0.1918,3263.0,3881.0,0.9046,0.0282,0.0531,-0.1508,0.008,7.9733,4.395,4.3,11.15,3.7,down,7.97,2026-09-11T15:28:33,122.937,3.57500004768372,332.685,2026-09-11 19:44:22,2026-09-11 15:45:04
AAPL,AAPL260914C00327500,AAPL,2026-09-14,C,327.5,5.7,81.0,5.8,89.0,0.1837,745.0,6457.0,0.8254,0.0455,0.0796,-0.237,0.0074,5.7364,3.29,2.88,9.0,2.7,up,5.7,2026-09-11T15:23:14,136.515,2.41000008583069,332.685,2026-09-11 19:44:22,2026-09-11 15:45:04
AAPL,AAPL260914C00330000,AAPL,2026-09-14,C,330.0,3.75,163.0,3.85,227.0,0.1808,5843.0,17920.0,0.6928,0.0641,0.1073,-0.337,0.0062,3.7874,2.225,1.89,6.9,1.51,up,3.8,2026-09-11T15:27:59,141.27,1.57499998807907,332.685,2026-09-11 19:44:22,2026-09-11 15:45:04
AAPL,AAPL260914C00332500,AAPL,2026-09-14,C,332.5,2.26,71.0,2.29,44.0,0.1785,1009.0,17720.0,0.5187,0.0735,0.1211,-0.3891,0.0047,2.2605,1.3,1.2,5.0,0.86,no_change,2.28,2026-09-11T15:29:13,132.653,0.979999989271164,332.685,2026-09-11 19:44:22,2026-09-11 15:45:04
AAPL,AAPL260914C00335000,AAPL,2026-09-14,C,335.0,1.2,46.0,1.22,216.0,0.1771,2911.0,56252.0,0.3408,0.0674,0.1118,-0.352,0.0031,1.2133,0.595,0.72,3.35,0.55,down,1.21,2026-09-11T15:29:16,96.748,0.615000009536743,332.685,2026-09-11 19:44:22,2026-09-11 15:45:04
AAPL,AAPL260914C00337500,AAPL,2026-09-14,C,337.5,0.58,168.0,0.6,150.0,0.1807,658.0,22010.0,0.1979,0.0503,0.0858,-0.2544,0.0018,0.5955,0.205,0.45,2.1,0.29,down,0.58,2026-09-11T15:29:03,54.6667,0.375,332.685,2026-09-11 19:44:22,2026-09-11 15:45:04
AAPL,AAPL260914C00340000,AAPL,2026-09-14,C,340.0,0.28,172.0,0.29,205.0,0.1883,2511.0,23508.0,0.1059,0.0319,0.0574,-0.1574,0.001,0.282,0.065,0.24,1.21,0.22,up,0.29,2026-09-11T15:28:55,28.8889,0.225000001490116,332.685,2026-09-11 19:44:22,2026-09-11 15:45:04
AAPL,AAPL260914C00342500,AAPL,2026-09-14,C,342.5,0.14,81.0,0.15,350.0,0.1996,200.0,13515.0,0.0563,0.0187,0.0361,-0.0924,0.0005,0.1394,0.005,0.16,0.69,0.14,no_change,0.14,2026-09-11T15:28:10,3.70371,0.134999997913837,332.685,2026-09-11 19:44:22,2026-09-11 15:45:04
AAPL,AAPL260914C00345000,AAPL,2026-09-14,C,345.0,0.07,200.0,0.08,254.0,0.2112,714.0,9026.0,0.0315,0.0109,0.0228,-0.0558,0.0003,0.0757,-0.015,0.08,0.42,0.05,down,0.07,2026-09-11T15:29:10,-17.6471,0.0850000008940697,332.685,2026-09-11 19:44:22,2026-09-11 15:45:04
AAPL,AAPL260914C00347500,AAPL,2026-09-14,C,347.5,0.04,18.0,0.05,347.0,0.227,531.0,2677.0,0.0188,0.0066,0.0149,-0.0356,0.0002,0.045,-0.015,0.06,0.25,0.04,down,0.04,2026-09-11T15:28:20,-27.2727,0.0549999997019768,332.685,2026-09-11 19:44:22,2026-09-11 15:45:04
AAPL,AAPL260914C00350000,AAPL,2026-09-14,C,350.0,0.02,142.0,0.03,278.0,0.2391,1760.0,5217.0,0.0118,0.0042,0.0101,-0.0237,0.0001,0.0286,-0.005,0.04,0.15,0.02,no_change,0.03,2026-09-11T15:28:22,-14.2857,0.034999999217689,332.685,2026-09-11 19:44:22,2026-09-11 15:45:04
AAPL,AAPL260914C00352500,AAPL,2026-09-14,C,352.5,0.01,103.0,0.03,331.0,0.261,157.0,701.0,0.0078,0.0027,0.007,-0.0163,0.0001,0.019,-0.03,0.17,0.17,0.01,down,0.01,2026-09-11T15:28:32,-75.0,0.0399999991059303,332.685,2026-09-11 19:44:22,2026-09-11 15:45:04
AAPL,AAPL260914C00355000,AAPL,2026-09-14,C,355.0,0.01,5.0,0.02,220.0,0.2797,272.0,941.0,0.0053,0.0018,0.005,-0.0115,0.0,0.0131,-0.01,0.03,0.05,0.01,down,0.01,2026-09-11T15:24:59,-50.0,0.0199999995529652,332.685,2026-09-11 19:44:22,2026-09-11 15:45:04
AAPL,AAPL260914C00360000,AAPL,2026-09-14,C,360.0,0.0,0.0,0.02,69.0,0.3191,496.0,684.0,0.0026,0.0009,0.0027,-0.0062,0.0,0.0068,0.01,0.01,0.03,0.01,no_change,0.02,2026-09-11T15:20:01,100.0,0.00999999977648258,332.685,2026-09-11 19:44:22,2026-09-11 15:45:04
AAPL,AAPL260914C00365000,AAPL,2026-09-14,C,365.0,0.0,0.0,0.02,18.0,0.3687,88.0,40.0,0.0014,0.0004,0.0015,-0.0036,0.0,0.0038,-0.01,0.02,0.02,0.01,down,0.01,2026-09-11T09:43:27,-50.0,0.0199999995529652,332.685,2026-09-11 19:44:22,2026-09-11 15:45:04
AAPL,AAPL260914C00370000,AAPL,2026-09-14,C,370.0,0.0,0.0,0.02,2.0,0.4171,277.0,15.0,0.0008,0.0002,0.0009,-0.0022,0.0,0.0023,0.005,0.01,0.01,0.01,no_change,0.01,2026-09-11T10:48:22,100.0,0.00499999988824129,332.685,2026-09-11 19:44:22,2026-09-11 15:45:04
AAPL,AAPL260914C00375000,AAPL,2026-09-14,C,375.0,0.0,0.0,0.02,10.0,0.4643,14.0,4.0,0.0005,0.0001,0.0006,-0.0014,0.0,0.0014,0.005,0.01,0.27,0.01,no_change,0.01,2026-09-11T10:41:42,100.0,0.00499999988824129,332.685,2026-09-11 19:44:22,2026-09-11 15:45:04
AAPL,AAPL260914C00380000,AAPL,2026-09-14,C,380.0,0.0,0.0,0.01,11.0,0.4805,23.0,1.0,0.0003,0.0001,0.0004,-0.0009,0.0,0.0009,0.015,0.02,0.02,0.02,down,0.02,2026-09-11T09:37:01,300.0,0.00499999988824129,332.685,2026-09-11 19:44:22,2026-09-11 15:45:04
AAPL,AAPL260914C00385000,AAPL,2026-09-14,C,385.0,0.0,0.0,0.01,12.0,0.5234,20.0,1.0,0.0002,0.0001,0.0002,-0.0006,0.0,0.0006,0.005,0.01,0.01,0.01,no_change,0.01,2026-09-11T12:42:44,100.0,0.00499999988824129,332.685,2026-09-11 19:44:22,2026-09-11 15:45:04
AAPL,AAPL260914C00390000,AAPL,2026-09-14,C,390.0,0.0,0.0,0.01,11.0,0.5654,1.0,8.0,0.0001,0.0,0.0002,-0.0004,0.0,0.0004,0.005,0.01,0.01,0.01,no_change,0.01,2026-09-11T09:45:38,100.0,0.00499999988824129,332.685,2026-09-11 19:44:22,2026-09-11 15:45:04
AAPL,AAPL260914P00245000,AAPL,2026-09-14,P,245.0,0.0,0.0,0.01,9500.0,1.0535,3.0,0.0,-0.0001,0.0,0.0001,-0.0007,0.0,0.0007,0.0,0.0,0.0,0.0,down,0.04,2026-09-08T15:40:09,0.0,0.00499999988824129,332.685,2026-09-11 19:44:22,2026-09-11 15:45:04
AAPL,AAPL260914P00250000,AAPL,2026-09-14,P,250.0,0.0,0.0,0.01,9500.0,0.9883,3.0,9501.0,-0.0001,0.0,0.0002,-0.0008,0.0,0.0009,0.005,0.01,0.01,0.01,no_change,0.01,2026-09-11T09:36:13,100.0,0.00499999988824129,332.685,2026-09-11 19:44:22,2026-09-11 15:45:04
AAPL,AAPL260914P00255000,AAPL,2026-09-14,P,255.0,0.0,0.0,0.01,9750.0,0.9243,373.0,10500.0,-0.0002,0.0,0.0002,-0.0011,0.0,0.0011,0.005,0.01,0.01,0.01,no_change,0.01,2026-09-11T09:36:33,100.0,0.00499999988824129,332.685,2026-09-11 19:44:22,2026-09-11 15:45:04
AAPL,AAPL260914P00260000,AAPL,2026-09-14,P,260.0,0.0,0.0,0.01,14999.0,0.8612,369.0,1.0,-0.0003,0.0,0.0003,-0.0014,0.0,0.0014,0.0,0.01,0.01,0.01,no_change,0.01,2026-09-11T13:20:15,2.23517e-06,0.00999999977648258,332.685,2026-09-11 19:44:22,2026-09-11 15:45:04
AAPL,AAPL260914P00265000,AAPL,2026-09-14,P,265.0,0.0,0.0,0.01,250.0,0.7992,161.0,4.0,-0.0004,0.0001,0.0004,-0.0018,0.0,0.0019,0.015,0.01,0.02,0.01,no_change,0.02,2026-09-11T10:34:53,300.0,0.00499999988824129,332.685,2026-09-11 19:44:22,2026-09-11 15:45:04
AAPL,AAPL260914P00270000,AAPL,2026-09-14,P,270.0,0.0,0.0,0.3,11.0,1.054,33.0,1.0,-0.0005,0.0001,0.0005,-0.0023,0.0,0.0025,-0.095,0.02,0.02,0.02,no_change,0.02,2026-09-11T09:59:34,-82.6087,0.115000002086163,332.685,2026-09-11 19:44:22,2026-09-11 15:45:04
AAPL,AAPL260914P00272500,AAPL,2026-09-14,P,272.5,0.0,0.0,0.52,42.0,1.0993,2.0,0.0,-0.0006,0.0001,0.0006,-0.0027,0.0,0.0028,0.0,0.0,0.0,0.0,up,0.09,2026-09-10T09:35:34,0.0,0.0350000001490116,332.685,2026-09-11 19:44:22,2026-09-11 15:45:04
AAPL,AAPL260914P00275000,AAPL,2026-09-14,P,275.0,0.0,0.0,0.01,40.0,0.6776,152.0,12.0,-0.0007,0.0001,0.0007,-0.0031,0.0,0.0033,-0.01,0.01,0.01,0.01,no_change,0.01,2026-09-11T10:48:54,-50.0,0.0199999995529652,332.685,2026-09-11 19:44:22,2026-09-11 15:45:04
AAPL,AAPL260914P00277500,AAPL,2026-09-14,P,277.5,0.0,0.0,0.5,12.0,1.0066,1.0,0.0,-0.0008,0.0001,0.0008,-0.0036,0.0,0.0038,0.0,0.0,0.0,0.0,up,0.06,2026-09-10T09:37:47,0.0,0.0500000007450581,332.685,2026-09-11 19:44:22,2026-09-11 15:45:04
AAPL,AAPL260914P00280000,AAPL,2026-09-14,P,280.0,0.0,0.0,0.02,5.0,0.656,309.0,0.0,-0.0009,0.0002,0.001,-0.0041,0.0,0.0044,0.0,0.0,0.0,0.0,down,0.01,2026-09-10T15:46:19,0.0,0.0199999995529652,332.685,2026-09-11 19:44:22,2026-09-11 15:45:04
AAPL,AAPL260914P00282500,AAPL,2026-09-14,P,282.5,0.0,0.0,0.5,41.0,0.9214,34.0,0.0,-0.0011,0.0002,0.0011,-0.0048,0.0,0.0051,0.0,0.0,0.0,0.0,down,0.03,2026-09-10T14:53:52,0.0,0.0249999994412065,332.685,2026-09-11 19:44:22,2026-09-11 15:45:04
AAPL,AAPL260914P00285000,AAPL,2026-09-14,P,285.0,0.0,0.0,0.01,1.0,0.5592,1280.0,8.0,-0.0013,0.0002,0.0014,-0.0056,0.0,0.006,-0.015,0.01,0.01,0.01,no_change,0.01,2026-09-11T11:25:29,-60.0,0.0249999994412065,332.685,2026-09-11 19:44:22,2026-09-11 15:45:04
AAPL,AAPL260914P00287500,AAPL,2026-09-14,P,287.5,0.0,0.0,0.25,14.0,0.7521,81.0,0.0,-0.0016,0.0003,0.0016,-0.0065,0.0,0.0071,0.0,0.0,0.0,0.0,no_change,0.02,2026-09-10T13:19:17,0.0,0.0350000001490116,332.685,2026-09-11 19:44:22,2026-09-11 15:45:04
AAPL,AAPL260914P00290000,AAPL,2026-09-14,P,290.0,0.0,0.0,0.01,9.0,0.501,1328.0,13.0,-0.0019,0.0004,0.0019,-0.0076,0.0,0.0083,-0.03,0.02,0.02,0.01,no_change,0.01,2026-09-11T14:33:32,-75.0,0.0400000000372529,332.685,2026-09-11 19:44:22,2026-09-11 15:45:04
AAPL,AAPL260914P00292500,AAPL,2026-09-14,P,292.5,0.0,0.0,0.09,398.0,0.5891,2.0,24.0,-0.0023,0.0005,0.0023,-0.009,0.0,0.0098,-0.04,0.1,0.1,0.02,down,0.02,2026-09-11T11:04:28,-66.6667,0.0600000005215406,332.685,2026-09-11 19:44:22,2026-09-11 15:45:04
AAPL,AAPL260914P00295000,AAPL,2026-09-14,P,295.0,0.0,0.0,0.02,201.0,0.4718,1342.0,200.0,-0.0028,0.0006,0.0027,-0.0106,0.0,0.0117,-0.045,0.02,0.03,0.01,no_change,0.01,2026-09-11T15:29:01,-81.8182,0.0549999997019768,332.685,2026-09-11 19:44:22,2026-09-11 15:45:04
AAPL,AAPL260914P00297500,AAPL,2026-09-14,P,297.5,0.0,0.0,0.02,112.0,0.4416,29.0,45.0,-0.0035,0.0008,0.0033,-0.0125,0.0,0.014,-0.045,0.25,0.25,0.01,up,0.02,2026-09-11T13:45:05,-69.2308,0.0649999994784594,332.685,2026-09-11 19:44:22,2026-09-11 15:45:04
AAPL,AAPL260914P00300000,AAPL,2026-09-14,P,300.0,0.01,95.0,0.02,91.0,0.4285,3923.0,914.0,-0.0043,0.001,0.004,-0.0149,0.0,0.0168,-0.065,0.06,0.06,0.01,no_change,0.01,2026-09-11T15:28:31,-86.6667,0.0749999992549419,332.685,2026-09-11 19:44:22,2026-09-11 15:45:04
AAPL,AAPL260914P00302500,AAPL,2026-09-14,P,302.5,0.01,117.0,0.03,150.0,0.4099,233.0,168.0,-0.0054,0.0012,0.0049,-0.0178,0.0,0.0203,-0.085,0.03,0.06,0.02,no_change,0.02,2026-09-11T14:15:19,-80.9524,0.105000000447035,332.685,2026-09-11 19:44:22,2026-09-11 15:45:04
AAPL,AAPL260914P00305000,AAPL,2026-09-14,P,305.0,0.02,3.0,0.03,106.0,0.3877,1128.0,421.0,-0.0068,0.0016,0.006,-0.0213,-0.0001,0.0248,-0.105,0.1,0.1,0.01,no_change,0.02,2026-09-11T15:08:13,-84.0,0.12499999627471,332.685,2026-09-11 19:44:22,2026-09-11 15:45:04
AAPL,AAPL260914P00307500,AAPL,2026-09-14,P,307.5,0.02,169.0,0.03,156.0,0.3552,1867.0,835.0,-0.0086,0.0021,0.0074,-0.0257,-0.0001,0.0304,-0.135,0.12,0.12,0.01,no_change,0.02,2026-09-11T15:12:27,-87.0968,0.155000001192093,332.685,2026-09-11 19:44:22,2026-09-11 15:45:04
AAPL,AAPL260914P00310000,AAPL,2026-09-14,P,310.0,0.03,138.0,0.04,94.0,0.3364,4346.0,876.0,-0.0111,0.0028,0.0092,-0.0312,-0.0001,0.0376,-0.185,0.15,0.15,0.01,down,0.03,2026-09-11T15:27:02,-86.0465,0.214999996125698,332.685,2026-09-11 19:44:22,2026-09-11 15:45:04
AAPL,AAPL260914P00312500,AAPL,2026-09-14,P,312.5,0.04,158.0,0.05,90.0,0.313,206.0,380.0,-0.0144,0.0038,0.0117,-0.0381,-0.0001,0.0471,-0.265,0.09,0.13,0.03,down,0.04,2026-09-11T15:17:42,-86.8852,0.305000007152557,332.685,2026-09-11 19:44:22,2026-09-11 15:45:04
AAPL,AAPL260914P00315000,AAPL,2026-09-14,P,315.0,0.06,62.0,0.07,403.0,0.2936,1551.0,1407.0,-0.0191,0.0053,0.0148,-0.0468,-0.0002,0.0597,-0.41,0.24,0.3,0.04,down,0.06,2026-09-11T15:28:42,-87.234,0.469999998807907,332.685,2026-09-11 19:44:22,2026-09-11 15:45:04
AAPL,AAPL260914P00317500,AAPL,2026-09-14,P,317.5,0.07,418.0,0.08,185.0,0.2631,1184.0,712.0,-0.026,0.0075,0.0192,-0.058,-0.0002,0.077,-0.685,0.4,0.45,0.06,no_change,0.07,2026-09-11T15:28:02,-90.7285,0.754999995231628,332.685,2026-09-11 19:44:22,2026-09-11 15:45:04
AAPL,AAPL260914P00320000,AAPL,2026-09-14,P,320.0,0.1,86.0,0.11,137.0,0.2392,1786.0,8151.0,-0.0366,0.011,0.0256,-0.0738,-0.0003,0.1033,-1.15,0.63,0.91,0.09,no_change,0.1,2026-09-11T15:27:46,-92.0,1.25,332.685,2026-09-11 19:44:22,2026-09-11 15:45:04
AAPL,AAPL260914P00322500,AAPL,2026-09-14,P,322.5,0.15,239.0,0.16,134.0,0.2162,1033.0,4189.0,-0.0557,0.0171,0.0356,-0.1003,-0.0005,0.1522,-1.855,1.11,1.23,0.13,no_change,0.15,2026-09-11T15:26:39,-92.5187,2.00499999523163,332.685,2026-09-11 19:44:22,2026-09-11 15:45:04
AAPL,AAPL260914P00325000,AAPL,2026-09-14,P,325.0,0.25,337.0,0.27,357.0,0.1957,1722.0,15948.0,-0.0954,0.0283,0.0532,-0.1509,-0.0008,0.2639,-2.78,1.67,2.15,0.21,up,0.27,2026-09-11T15:29:19,-91.1475,3.04999995231628,332.685,2026-09-11 19:44:22,2026-09-11 15:45:04
AAPL,AAPL260914P00327500,AAPL,2026-09-14,P,327.5,0.51,119.0,0.53,259.0,0.1843,263.0,12818.0,-0.1748,0.0456,0.0796,-0.2373,-0.0014,0.527,-3.82,2.68,2.92,0.38,up,0.53,2026-09-11T15:28:26,-87.8161,4.34999990463257,332.685,2026-09-11 19:44:22,2026-09-11 15:45:04
AAPL,AAPL260914P00330000,AAPL,2026-09-14,P,330.0,1.06,175.0,1.08,78.0,0.1798,212.0,32317.0,-0.3078,0.0643,0.1074,-0.338,-0.0022,1.0787,-4.92,4.5,4.9,0.7,up,1.08,2026-09-11T15:29:20,-82.0,6.0,332.685,2026-09-11 19:44:22,2026-09-11 15:45:04
AAPL,AAPL260914P00332500,AAPL,2026-09-14,P,332.5,2.05,5.0,2.06,38.0,0.1783,23.0,33340.0,-0.4825,0.0738,0.121,-0.3909,-0.0028,2.0537,-5.9,5.6,5.6,1.28,no_change,2.05,2026-09-11T15:29:12,-74.2138,7.9500002861023,332.685,2026-09-11 19:44:22,2026-09-11 15:45:04
AAPL,AAPL260914P00335000,AAPL,2026-09-14,P,335.0,3.45,147.0,3.55,253.0,0.1774,90.0,25222.0,-0.6612,0.0677,0.1115,-0.3538,-0.0033,3.5106,-6.85,5.55,5.55,2.15,down,3.5,2026-09-11T15:29:07,-66.1836,10.3500003814697,332.685,2026-09-11 19:44:22,2026-09-11 15:45:04
AAPL,AAPL260914P00337500,AAPL,2026-09-14,P,337.5,5.35,4.0,5.4,55.0,0.1816,16.0,1923.0,-0.8046,0.0504,0.0853,-0.255,-0.0025,5.3979,-6.475,5.7,7.3,3.4,no_change,5.4,2026-09-11T15:28:16,-54.5263,11.875,332.685,2026-09-11 19:44:22,2026-09-11 15:45:04
AAPL,AAPL260914P00340000,AAPL,2026-09-14,P,340.0,7.5,55.0,7.65,66.0,0.1849,62.0,674.0,-0.8964,0.0318,0.0564,-0.1564,-0.0019,7.5899,-7.675,8.05,9.05,5.08,down,7.6,2026-09-11T15:28:16,-50.2455,15.2750005722046,332.685,2026-09-11 19:44:22,2026-09-11 15:45:04
AAPL,AAPL260914P00342500,AAPL,2026-09-14,P,342.5,9.85,30.0,10.0,31.0,0.1976,1.0,141.0,-0.9456,0.0185,0.0353,-0.0906,-0.0012,9.9512,-7.61,9.5,11.1,7.2,down,9.84,2026-09-11T15:18:54,-43.6103,17.4499998092651,332.685,2026-09-11 19:44:22,2026-09-11 15:45:04
AAPL,AAPL260914P00345000,AAPL,2026-09-14,P,345.0,12.3,18.0,12.45,33.0,0.2035,0.0,34.0,-0.9699,0.0107,0.0218,-0.0539,-0.001,12.3903,-7.35,12.0,13.5,9.5,up,12.35,2026-09-11T14:46:02,-37.3096,19.7000007629395,332.685,2026-09-11 19:44:22,2026-09-11 15:45:04
AAPL,AAPL260914P00347500,AAPL,2026-09-14,P,347.5,14.75,17.0,14.9,19.0,0.1777,0.0,6.0,-0.9822,0.0064,0.0142,-0.0338,-0.0007,14.8612,-8.785,16.35,16.35,13.44,down,13.44,2026-09-11T12:44:05,-39.5276,22.2249994277954,332.685,2026-09-11 19:44:22,2026-09-11 15:45:04
AAPL,AAPL260914P00350000,AAPL,2026-09-14,P,350.0,17.25,28.0,17.4,39.0,0.2036,0.0,238.0,-0.9889,0.004,0.0095,-0.0222,-0.0005,17.3459,-8.54,16.5,17.22,14.1,no_change,16.21,2026-09-11T14:02:07,-34.5051,24.75,332.685,2026-09-11 19:44:22,2026-09-11 15:45:04
AAPL,AAPL260914P00352500,AAPL,2026-09-14,P,352.5,19.35,143.0,20.4,67.0,0.3008,0.0,75.0,-0.9928,0.0026,0.0065,-0.0151,-0.0003,19.8371,-8.86,18.7,18.7,18.01,down,18.29,2026-09-11T13:24:32,-32.6335,27.1500005722046,332.685,2026-09-11 19:44:22,2026-09-11 15:45:04
AAPL,AAPL260914P00355000,AAPL,2026-09-14,P,355.0,22.25,21.0,22.4,39.0,0.2539,0.0,172.0,-0.9952,0.0017,0.0046,-0.0105,-0.0002,22.3317,-7.775,22.1,22.1,19.89,up,21.8,2026-09-11T13:42:04,-26.2891,29.5749998092651,332.685,2026-09-11 19:44:22,2026-09-11 15:45:04
AAPL,AAPL260914P00360000,AAPL,2026-09-14,P,360.0,27.25,26.0,27.4,39.0,0.3026,0.0,111.0,-0.9976,0.0008,0.0024,-0.0055,-0.0001,27.3259,-7.85,24.5,26.8,24.5,no_change,26.8,2026-09-11T13:42:04,-22.6551,34.6499996185303,332.685,2026-09-11 19:44:22,2026-09-11 15:45:04
AAPL,AAPL260914P00365000,AAPL,2026-09-14,P,365.0,32.25,7.0,32.4,25.0,0.35,0.0,13.0,-0.9987,0.0004,0.0014,-0.0031,-0.0001,32.3233,-9.425,30.25,30.25,30.25,no_change,30.25,2026-09-11T12:59:16,-23.7555,39.6749992370606,332.685,2026-09-11 19:44:22,2026-09-11 15:45:04
AAPL,AAPL260914P00370000,AAPL,2026-09-14,P,370.0,37.25,16.0,37.4,30.0,0.4715,0.0,0.0,-0.9993,0.0002,0.0008,-0.0018,0.0,37.322,0.0,0.0,0.0,0.0,no_change,0.0,,0.0,44.7249984741211,332.685,2026-09-11 19:44:22,2026-09-11 15:45:04
AAPL,AAPL260914P00375000,AAPL,2026-09-14,P,375.0,42.25,17.0,42.4,21.0,0.4413,0.0,0.0,-0.9996,0.0001,0.0005,-0.0011,0.0,42.3212,0.0,0.0,0.0,0.0,no_change,0.0,,0.0,49.7250003814697,332.685,2026-09-11 19:44:22,2026-09-11 15:45:04
AAPL,AAPL260914P00380000,AAPL,2026-09-14,P,380.0,47.25,18.0,47.4,20.0,0.4853,0.0,0.0,-0.9997,0.0001,0.0003,-0.0007,0.0,47.3208,0.0,0.0,0.0,0.0,no_change,0.0,,0.0,54.75,332.685,2026-09-11 19:44:22,2026-09-11 15:45:04
AAPL,AAPL260914P00385000,AAPL,2026-09-14,P,385.0,51.1,121.0,54.2,50.0,0.8588,0.0,0.0,-0.9998,0.0,0.0002,-0.0005,0.0,52.3205,0.0,0.0,0.0,0.0,no_change,0.0,,0.0,59.7749996185303,332.685,2026-09-11 19:44:22,2026-09-11 15:45:04
AAPL,AAPL260914P00390000,AAPL,2026-09-14,P,390.0,56.1,120.0,59.2,44.0,0.9202,0.0,0.0,-0.9999,0.0,0.0001,-0.0003,0.0,57.3204,0.0,0.0,0.0,0.0,no_change,0.0,,0.0,64.7250022888184,332.685,2026-09-11 19:44:22,2026-09-11 15:45:04
AAPL,AAPL260916C00245000,AAPL,2026-09-16,C,245.0,86.95,117.0,89.65,30.0,1.3887,0.0,0.0,0.9999,0.0,0.0001,-0.0004,0.0201,87.7607,0.0,0.0,0.0,0.0,no_change,0.0,,0.0,80.875,332.685,2026-09-11 19:44:22,2026-09-11 15:45:04
AAPL,AAPL260916C00250000,AAPL,2026-09-16,C,250.0,81.6,126.0,84.65,30.0,1.227,0.0,0.0,0.9998,0.0,0.0002,-0.0007,0.0205,82.7629,0.0,0.0,0.0,0.0,no_change,0.0,,0.0,75.9000015258789,332.685,2026-09-11 19:44:22,2026-09-11 15:45:04
AAPL,AAPL260916C00255000,AAPL,2026-09-16,C,255.0,76.8,140.0,79.6,34.0,1.1884,0.0,650.0,0.9997,0.0,0.0004,-0.0012,0.0209,77.7653,7.28,79.17,79.17,78.18,down,78.18,2026-09-11T14:43:31,10.268,70.9000015258789,332.685,2026-09-11 19:44:22,2026-09-11 15:45:04
AAPL,AAPL260916C00260000,AAPL,2026-09-16,C,260.0,71.95,110.0,74.65,30.0,1.1538,0.0,2.0,0.9996,0.0001,0.0006,-0.002,0.0213,72.7681,10.065,75.85,75.89,75.85,up,75.89,2026-09-11T11:18:43,15.2905,65.8250007629394,332.685,2026-09-11 19:44:22,2026-09-11 15:45:04
AAPL,AAPL260916C00265000,AAPL,2026-09-16,C,265.0,66.2,128.0,69.7,30.0,0.908,0.0,2.0,0.9993,0.0001,0.001,-0.0034,0.0217,67.7716,10.01,70.92,70.92,70.91,down,70.91,2026-09-11T11:18:43,16.4368,60.8999996185303,332.685,2026-09-11 19:44:22,2026-09-11 15:45:04
AAPL,AAPL260916C00270000,AAPL,2026-09-16,C,270.0,61.45,122.0,64.65,30.0,0.8994,0.0,0.0,0.9988,0.0002,0.0015,-0.0054,0.0221,62.7762,0.0,0.0,0.0,0.0,no_change,0.0,,0.0,55.8999996185303,332.685,2026-09-11 19:44:22,2026-09-11 15:45:04
AAPL,AAPL260916C00272500,AAPL,2026-09-16,C,272.5,59.35,118.0,62.15,30.0,0.9476,0.0,0.0,0.9985,0.0002,0.0019,-0.0068,0.0223,60.2791,0.0,0.0,0.0,0.0,no_change,0.0,,0.0,53.4249992370606,332.685,2026-09-11 19:44:22,2026-09-11 15:45:04
AAPL,AAPL260916C00275000,AAPL,2026-09-16,C,275.0,56.75,125.0,59.05,29.0,0.7405,1.0,0.0,0.9981,0.0003,0.0024,-0.0085,0.0225,57.7824,0.0,0.0,0.0,0.0,down,41.13,2026-09-08T14:59:54,0.0,50.9499988555908,332.685,2026-09-11 19:44:22,2026-09-11 15:45:04
AAPL,AAPL260916C00277500,AAPL,2026-09-16,C,277.5,54.5,106.0,57.15,30.0,0.8986,0.0,0.0,0.9976,0.0003,0.0029,-0.0105,0.0227,55.2862,0.0,0.0,0.0,0.0,no_change,0.0,,0.0,48.4499988555908,332.685,2026-09-11 19:44:22,2026-09-11 15:45:04
AAPL,AAPL260916C00280000,AAPL,2026-09-16,C,280.0,51.3,131.0,54.65,27.0,0.7251,7.0,2.0,0.997,0.0004,0.0036,-0.0128,0.0229,52.7906,7.53,53.48,53.48,53.48,up,53.48,2026-09-11T14:10:41,16.3874,45.9499988555908,332.685,2026-09-11 19:44:22,2026-09-11 15:45:04
AAPL,AAPL260916C00282500,AAPL,2026-09-16,C,282.5,48.9,122.0,52.15,29.0,0.7172,0.0,0.0,0.9963,0.0005,0.0044,-0.0155,0.0231,50.2957,0.0,0.0,0.0,0.0,no_change,0.0,,0.0,43.4249992370606,332.685,2026-09-11 19:44:22,2026-09-11 15:45:04
AAPL,AAPL260916C00285000,AAPL,2026-09-16,C,285.0,46.35,130.0,49.65,47.0,0.6723,15.0,0.0,0.9955,0.0006,0.0053,-0.0185,0.0233,47.8015,0.0,0.0,0.0,0.0,down,36.78,2026-09-04T12:24:49,0.0,41.2999992370606,332.685,2026-09-11 19:44:22,2026-09-11 15:45:04
AAPL,AAPL260916C00287500,AAPL,2026-09-16,C,287.5,44.35,115.0,47.15,19.0,0.7298,0.0,0.0,0.9945,0.0008,0.0063,-0.022,0.0235,45.3082,0.0,0.0,0.0,0.0,no_change,0.0,,0.0,38.5,332.685,2026-09-11 19:44:22,2026-09-11 15:45:04
AAPL,AAPL260916C00290000,AAPL,2026-09-16,C,290.0,41.85,121.0,44.65,18.0,0.694,17.0,0.0,0.9933,0.001,0.0076,-0.0258,0.0236,42.8158,0.0,0.0,0.0,0.0,up,34.08,2026-09-10T14:39:14,0.0,36.2000007629394,332.685,2026-09-11 19:44:22,2026-09-11 15:45:04
AAPL,AAPL260916C00292500,AAPL,2026-09-16,C,292.5,39.4,98.0,42.2,29.0,0.6716,0.0,0.0,0.9918,0.0012,0.009,-0.0301,0.0238,40.3244,0.0,0.0,0.0,0.0,no_change,0.0,,0.0,33.5500001907349,332.685,2026-09-11 19:44:22,2026-09-11 15:45:04
AAPL,AAPL260916C00295000,AAPL,2026-09-16,C,295.0,36.9,100.0,39.7,47.0,0.6353,14.0,0.0,0.9901,0.0015,0.0106,-0.0347,0.024,37.8341,0.0,0.0,0.0,0.0,down,30.62,2026-09-10T15:22:13,0.0,31.1500005722046,332.685,2026-09-11 19:44:22,2026-09-11 15:45:04
AAPL,AAPL260916C00297500,AAPL,2026-09-16,C,297.5,34.55,107.0,37.2,27.0,0.6165,0.0,0.0,0.9881,0.0018,0.0124,-0.0398,0.0241,35.345,0.0,0.0,0.0,0.0,no_change,0.0,,0.0,28.6000003814697,332.685,2026-09-11 19:44:22,2026-09-11 15:45:04
AAPL,AAPL260916C00300000,AAPL,2026-09-16,C,300.0,32.2,111.0,34.15,71.0,0.5318,22.0,3.0,0.9858,0.0023,0.0146,-0.0453,0.0242,32.8573,8.425,35.26,36.0,34.5,down,34.5,2026-09-11T12:53:40,32.3106,26.0749998092651,332.685,2026-09-11 19:44:22,2026-09-11 15:45:04
AAPL,AAPL260916C00302500,AAPL,2026-09-16,C,302.5,28.8,123.0,32.25,28.0,0.4533,0.0,1.0,0.9829,0.0028,0.017,-0.0513,0.0244,30.3712,8.42,31.37,31.37,31.37,up,31.37,2026-09-11T09:42:58,36.6885,22.9499998092651,332.685,2026-09-11 19:44:22,2026-09-11 15:45:04
AAPL,AAPL260916C00305000,AAPL,2026-09-16,C,305.0,27.05,130.0,29.75,82.0,0.5103,25.0,1.0,0.9795,0.0034,0.02,-0.0578,0.0245,27.8872,5.825,27.0,27.0,27.0,up,27.0,2026-09-11T09:38:13,27.5089,21.1750001907349,332.685,2026-09-11 19:44:22,2026-09-11 15:45:04
AAPL,AAPL260916C00307500,AAPL,2026-09-16,C,307.5,24.65,106.0,27.05,23.0,0.4634,1.0,7.0,0.9751,0.0043,0.0235,-0.0653,0.0246,25.4064,8.65,27.6,27.6,27.6,up,27.6,2026-09-11T10:58:31,45.6464,18.9500007629395,332.685,2026-09-11 19:44:22,2026-09-11 15:45:04
AAPL,AAPL260916C00310000,AAPL,2026-09-16,C,310.0,22.15,329.0,23.15,53.0,0.0,137.0,49.0,0.9695,0.0054,0.0279,-0.0743,0.0246,22.9308,6.38,18.56,25.35,18.56,down,22.78,2026-09-11T15:03:16,38.9024,16.4000000953674,332.685,2026-09-11 19:44:22,2026-09-11 15:45:04
AAPL,AAPL260916C00312500,AAPL,2026-09-16,C,312.5,19.8,76.0,20.75,18.0,0.0,20.0,13.0,0.9616,0.007,0.0336,-0.0859,0.0246,20.4642,8.255,20.18,23.22,20.18,up,22.03,2026-09-11T11:59:42,59.9274,13.7750000953674,332.685,2026-09-11 19:44:22,2026-09-11 15:45:04
AAPL,AAPL260916C00315000,AAPL,2026-09-16,C,315.0,17.8,79.0,18.2,59.0,0.2817,995.0,348.0,0.9503,0.0092,0.0414,-0.1019,0.0245,18.0137,6.105,13.45,21.1,13.31,up,17.98,2026-09-11T15:16:32,51.4105,11.875,332.685,2026-09-11 19:44:22,2026-09-11 15:45:04
AAPL,AAPL260916C00317500,AAPL,2026-09-16,C,317.5,15.2,54.0,16.15,92.0,0.2841,95.0,177.0,0.933,0.0123,0.0522,-0.1246,0.0242,15.5919,6.375,12.49,17.67,12.49,down,16.1,2026-09-11T13:57:00,65.5527,9.72500038146973,332.685,2026-09-11 19:44:22,2026-09-11 15:45:04
AAPL,AAPL260916C00320000,AAPL,2026-09-16,C,320.0,12.75,315.0,13.7,281.0,0.2552,3112.0,425.0,0.9063,0.0167,0.0669,-0.1568,0.0237,13.2201,5.71,9.0,16.4,8.87,up,13.56,2026-09-11T14:55:58,72.7389,7.84999990463257,332.685,2026-09-11 19:44:22,2026-09-11 15:45:04
AAPL,AAPL260916C00322500,AAPL,2026-09-16,C,322.5,10.3,332.0,11.1,78.0,0.2133,968.0,155.0,0.8657,0.0226,0.0861,-0.1997,0.0228,10.9314,4.925,6.93,13.5,6.55,down,11.05,2026-09-11T14:09:53,80.4082,6.125,332.685,2026-09-11 19:44:22,2026-09-11 15:45:04
AAPL,AAPL260916C00325000,AAPL,2026-09-16,C,325.0,8.6,151.0,8.95,135.0,0.2352,2852.0,954.0,0.8069,0.0297,0.1084,-0.2514,0.0214,8.7728,4.1,5.55,12.0,5.35,no_change,8.85,2026-09-11T15:19:53,86.3158,4.75,332.685,2026-09-11 19:44:22,2026-09-11 15:45:04
AAPL,AAPL260916C00327500,AAPL,2026-09-16,C,327.5,6.65,213.0,6.95,187.0,0.229,297.0,673.0,0.7273,0.0369,0.1306,-0.3041,0.0194,6.8015,3.2,4.0,9.65,4.0,down,6.85,2026-09-11T14:27:45,87.6712,3.64999997615814,332.685,2026-09-11 19:44:22,2026-09-11 15:45:04
AAPL,AAPL260916C00330000,AAPL,2026-09-16,C,330.0,5.0,328.0,5.2,243.0,0.2272,6173.0,3343.0,0.6289,0.0427,0.1481,-0.3457,0.0168,5.0755,2.435,3.1,7.9,2.68,down,5.04,2026-09-11T15:25:10,93.4741,2.60500001907349,332.685,2026-09-11 19:44:22,2026-09-11 15:45:04
AAPL,AAPL260916C00332500,AAPL,2026-09-16,C,332.5,3.6,376.0,3.75,210.0,0.2262,370.0,3115.0,0.5185,0.0453,0.1559,-0.3638,0.0139,3.6387,1.775,2.4,6.18,2.12,no_change,3.68,2026-09-11T15:26:27,93.1758,1.90500003099442,332.685,2026-09-11 19:44:22,2026-09-11 15:45:04
AAPL,AAPL260916C00335000,AAPL,2026-09-16,C,335.0,2.48,113.0,2.54,5.0,0.2238,1477.0,6624.0,0.4065,0.0442,0.1519,-0.3525,0.0109,2.5073,1.18,1.56,4.66,1.37,down,2.5,2026-09-11T15:28:40,89.3939,1.31999999284744,332.685,2026-09-11 19:44:22,2026-09-11 15:45:04
AAPL,AAPL260916C00337500,AAPL,2026-09-16,C,337.5,1.64,44.0,1.67,2.0,0.224,374.0,4606.0,0.3033,0.0396,0.1373,-0.3149,0.0081,1.6653,0.75,1.05,3.4,1.05,up,1.66,2026-09-11T15:25:30,82.4176,0.909999996423721,332.685,2026-09-11 19:44:22,2026-09-11 15:45:04
AAPL,AAPL260916C00340000,AAPL,2026-09-16,C,340.0,1.06,67.0,1.08,89.0,0.2268,1776.0,8129.0,0.2164,0.0329,0.1158,-0.2612,0.0058,1.0716,0.44,0.71,2.41,0.69,no_change,1.06,2026-09-11T15:28:59,70.9677,0.620000004768372,332.685,2026-09-11 19:44:22,2026-09-11 15:45:04
AAPL,AAPL260916C00342500,AAPL,2026-09-16,C,342.5,0.66,90.0,0.68,62.0,0.2304,275.0,2525.0,0.1484,0.0256,0.0921,-0.2031,0.004,0.672,0.26,0.5,1.67,0.49,up,0.68,2026-09-11T15:27:56,61.9048,0.420000001788139,332.685,2026-09-11 19:44:22,2026-09-11 15:45:04
AAPL,AAPL260916C00345000,AAPL,2026-09-16,C,345.0,0.41,165.0,0.42,60.0,0.2342,1683.0,4446.0,0.0987,0.0189,0.0697,-0.1497,0.0026,0.4133,0.125,0.32,1.1,0.31,no_change,0.42,2026-09-11T15:28:20,42.3729,0.295000001788139,332.685,2026-09-11 19:44:22,2026-09-11 15:45:04
AAPL,AAPL260916C00347500,AAPL,2026-09-16,C,347.5,0.25,153.0,0.26,332.0,0.2392,16.0,1666.0,0.0641,0.0134,0.0507,-0.1058,0.0017,0.2508,0.03,0.25,0.76,0.25,down,0.25,2026-09-11T15:28:56,13.6364,0.219999998807907,332.685,2026-09-11 19:44:22,2026-09-11 15:45:04
AAPL,AAPL260916C00350000,AAPL,2026-09-16,C,350.0,0.15,264.0,0.17,311.0,0.2455,1225.0,3334.0,0.0408,0.0092,0.0358,-0.0722,0.0011,0.1506,0.015,0.22,0.49,0.15,no_change,0.16,2026-09-11T15:27:21,10.3448,0.144999995827675,332.685,2026-09-11 19:44:22,2026-09-11 15:45:04
AAPL,AAPL260916C00352500,AAPL,2026-09-16,C,352.5,0.08,403.0,0.1,200.0,0.2478,22.0,448.0,0.0258,0.0061,0.0248,-0.0482,0.0007,0.0905,0.005,0.12,0.33,0.09,no_change,0.1,2026-09-11T15:20:49,5.26316,0.0950000006705522,332.685,2026-09-11 19:44:22,2026-09-11 15:45:04
AAPL,AAPL260916C00355000,AAPL,2026-09-16,C,355.0,0.05,339.0,0.06,205.0,0.2541,590.0,2661.0,0.0162,0.004,0.0169,-0.0318,0.0004,0.0546,0.005,0.07,0.23,0.06,no_change,0.06,2026-09-11T15:25:21,9.09091,0.0549999997019768,332.685,2026-09-11 19:44:22,2026-09-11 15:45:04
AAPL,AAPL260916C00360000,AAPL,2026-09-16,C,360.0,0.01,251.0,0.02,1.0,0.2574,479.0,602.0,0.0065,0.0017,0.0077,-0.0137,0.0002,0.0205,-0.005,0.03,0.1,0.02,no_change,0.03,2026-09-11T14:58:07,-14.2857,0.034999999217689,332.685,2026-09-11 19:44:22,2026-09-11 15:45:04
AAPL,AAPL260916C00365000,AAPL,2026-09-16,C,365.0,0.0,0.0,0.05,570.0,0.3142,25.0,30.0,0.0027,0.0008,0.0036,-0.006,0.0001,0.0082,-0.02,0.05,0.06,0.01,down,0.01,2026-09-11T14:41:07,-66.6667,0.0299999993294477,332.685,2026-09-11 19:44:22,2026-09-11 15:45:04
AAPL,AAPL260916C00370000,AAPL,2026-09-16,C,370.0,0.0,0.0,0.04,67.0,0.3463,62.0,27.0,0.0012,0.0003,0.0017,-0.0028,0.0,0.0035,-0.025,0.02,0.04,0.01,no_change,0.01,2026-09-11T14:02:16,-71.4286,0.0350000001490116,332.685,2026-09-11 19:44:22,2026-09-11 15:45:04
AAPL,AAPL260916C00375000,AAPL,2026-09-16,C,375.0,0.0,0.0,0.01,10.0,0.3383,32.0,0.0,0.0005,0.0001,0.0008,-0.0013,0.0,0.0015,0.0,0.0,0.0,0.0,down,0.03,2026-09-10T09:36:50,0.0,0.0299999993294477,332.685,2026-09-11 19:44:22,2026-09-11 15:45:04
AAPL,AAPL260916C00380000,AAPL,2026-09-16,C,380.0,0.0,0.0,0.04,4.0,0.423,30.0,37.0,0.0002,0.0001,0.0004,-0.0006,0.0,0.0007,-0.01,0.07,0.07,0.01,down,0.03,2026-09-11T10:55:01,-25.0,0.0399999991059303,332.685,2026-09-11 19:44:22,2026-09-11 15:45:04
AAPL,AAPL260916C00385000,AAPL,2026-09-16,C,385.0,0.0,0.0,0.07,2.0,0.4878,92.0,0.0,0.0001,0.0,0.0002,-0.0003,0.0,0.0003,0.0,0.0,0.0,0.0,no_change,0.07,2026-09-08T13:00:50,0.0,0.0299999993294477,332.685,2026-09-11 19:44:22,2026-09-11 15:45:04
AAPL,AAPL260916C00390000,AAPL,2026-09-16,C,390.0,0.0,0.0,0.05,1.0,0.5075,16.0,2.0,0.0001,0.0,0.0001,-0.0001,0.0,0.0002,0.005,0.03,0.03,0.03,up,0.03,2026-09-11T11:22:25,20.0,0.025000000372529,332.685,2026-09-11 19:44:22,2026-09-11 15:45:04
AAPL,AAPL260916P00245000,AAPL,2026-09-16,P,245.0,0.0,0.0,0.01,9500.0,0.8189,3.0,0.0,-0.0001,0.0,0.0001,-0.0004,0.0,0.0004,0.0,0.0,0.0,0.0,down,0.02,2026-09-10T12:55:38,0.0,0.00999999977648258,332.685,2026-09-11 19:44:22,2026-09-11 15:45:04
AAPL,AAPL260916P00250000,AAPL,2026-09-16,P,250.0,0.0,0.0,0.52,171.0,1.1665,123.0,0.0,-0.0001,0.0,0.0002,-0.0007,0.0,0.0008,0.0,0.0,0.0,0.0,up,0.05,2026-09-09T15:50:43,0.0,0.234999999403954,332.685,2026-09-11 19:44:22,2026-09-11 15:45:04
AAPL,AAPL260916P00255000,AAPL,2026-09-16,P,255.0,0.0,0.0,0.52,161.0,1.0957,5.0,0.0,-0.0002,0.0,0.0004,-0.0012,0.0,0.0014,0.0,0.0,0.0,0.0,up,0.11,2026-09-09T09:44:20,0.0,0.219999998807907,332.685,2026-09-11 19:44:22,2026-09-11 15:45:04
AAPL,AAPL260916P00260000,AAPL,2026-09-16,P,260.0,0.0,0.0,0.26,10.0,0.9305,17.0,0.0,-0.0004,0.0001,0.0006,-0.002,0.0,0.0024,0.0,0.0,0.0,0.0,up,0.05,2026-09-09T15:39:40,0.0,0.0599999986588955,332.685,2026-09-11 19:44:22,2026-09-11 15:45:04
AAPL,AAPL260916P00265000,AAPL,2026-09-16,P,265.0,0.0,0.0,0.02,15.0,0.6827,12.0,33.0,-0.0007,0.0001,0.001,-0.0034,0.0,0.0042,-0.035,0.05,0.05,0.01,no_change,0.01,2026-09-11T13:58:12,-77.7778,0.0450000017881393,332.685,2026-09-11 19:44:22,2026-09-11 15:45:04
AAPL,AAPL260916P00270000,AAPL,2026-09-16,P,270.0,0.0,0.0,0.07,491.0,0.6868,32.0,0.0,-0.0012,0.0002,0.0015,-0.0055,0.0,0.007,0.0,0.0,0.0,0.0,down,0.05,2026-09-10T13:49:39,0.0,0.0449999989941716,332.685,2026-09-11 19:44:22,2026-09-11 15:45:04
AAPL,AAPL260916P00272500,AAPL,2026-09-16,P,272.5,0.01,1.0,0.04,538.0,0.6366,3.0,3.0,-0.0015,0.0002,0.0019,-0.0069,0.0,0.0089,0.025,0.05,0.06,0.05,up,0.06,2026-09-11T14:02:44,71.4286,0.034999999217689,332.685,2026-09-11 19:44:22,2026-09-11 15:45:04
AAPL,AAPL260916P00275000,AAPL,2026-09-16,P,275.0,0.0,0.0,0.39,543.0,0.7856,14.0,0.0,-0.0019,0.0003,0.0024,-0.0085,0.0,0.0113,0.0,0.0,0.0,0.0,up,0.14,2026-09-09T14:04:46,0.0,0.0500000016763806,332.685,2026-09-11 19:44:22,2026-09-11 15:45:04
AAPL,AAPL260916P00277500,AAPL,2026-09-16,P,277.5,0.0,0.0,0.18,612.0,0.6764,0.0,1.0,-0.0023,0.0003,0.0029,-0.0105,-0.0001,0.0142,0.155,0.21,0.21,0.21,up,0.21,2026-09-11T13:59:17,281.818,0.0550000015646219,332.685,2026-09-11 19:44:22,2026-09-11 15:45:04
AAPL,AAPL260916P00280000,AAPL,2026-09-16,P,280.0,0.01,239.0,0.03,437.0,0.5449,170.0,132.0,-0.0029,0.0004,0.0036,-0.0128,-0.0001,0.0177,-0.03,0.01,0.06,0.01,down,0.02,2026-09-11T15:01:55,-60.0,0.0499999988824129,332.685,2026-09-11 19:44:22,2026-09-11 15:45:04
AAPL,AAPL260916P00282500,AAPL,2026-09-16,P,282.5,0.0,0.0,0.09,640.0,0.5669,4.0,2.0,-0.0036,0.0005,0.0044,-0.0155,-0.0001,0.0219,0.0,0.08,0.08,0.08,no_change,0.08,2026-09-11T10:14:51,-3.58559e-06,0.0800000028684735,332.685,2026-09-11 19:44:22,2026-09-11 15:45:04
AAPL,AAPL260916P00285000,AAPL,2026-09-16,P,285.0,0.0,0.0,0.05,547.0,0.5056,230.0,64.0,-0.0045,0.0006,0.0053,-0.0185,-0.0001,0.0269,-0.055,0.05,0.09,0.02,down,0.02,2026-09-11T15:10:02,-73.3333,0.0750000011175871,332.685,2026-09-11 19:44:22,2026-09-11 15:45:04
AAPL,AAPL260916P00287500,AAPL,2026-09-16,P,287.5,0.0,0.0,0.07,529.0,0.4978,5.0,0.0,-0.0055,0.0008,0.0063,-0.022,-0.0001,0.0327,0.0,0.0,0.0,0.0,up,0.11,2026-09-10T11:33:54,0.0,0.0899999979883432,332.685,2026-09-11 19:44:22,2026-09-11 15:45:04
AAPL,AAPL260916P00290000,AAPL,2026-09-16,P,290.0,0.04,4.0,0.05,430.0,0.4853,201.0,181.0,-0.0067,0.001,0.0076,-0.0258,-0.0002,0.0394,-0.06,0.04,0.05,0.04,down,0.04,2026-09-11T15:16:12,-60.0,0.100000001490116,332.685,2026-09-11 19:44:22,2026-09-11 15:45:04
AAPL,AAPL260916P00292500,AAPL,2026-09-16,P,292.5,0.01,432.0,0.07,492.0,0.452,88.0,1.0,-0.0081,0.0012,0.009,-0.0301,-0.0002,0.0471,-0.06,0.05,0.05,0.05,down,0.05,2026-09-11T11:29:47,-54.5455,0.109999999403954,332.685,2026-09-11 19:44:22,2026-09-11 15:45:04
AAPL,AAPL260916P00295000,AAPL,2026-09-16,P,295.0,0.04,1.0,0.06,330.0,0.4371,314.0,39.0,-0.0098,0.0015,0.0106,-0.0348,-0.0003,0.0559,-0.085,0.08,0.08,0.04,no_change,0.05,2026-09-11T14:15:57,-62.963,0.135000001639128,332.685,2026-09-11 19:44:22,2026-09-11 15:45:04
AAPL,AAPL260916P00297500,AAPL,2026-09-16,P,297.5,0.03,533.0,0.08,427.0,0.4149,10.0,61.0,-0.0118,0.0018,0.0124,-0.0398,-0.0003,0.0659,-0.12,0.1,0.1,0.06,down,0.06,2026-09-11T15:19:45,-66.6667,0.179999999701977,332.685,2026-09-11 19:44:22,2026-09-11 15:45:04
AAPL,AAPL260916P00300000,AAPL,2026-09-16,P,300.0,0.07,46.0,0.08,217.0,0.404,596.0,286.0,-0.0142,0.0023,0.0146,-0.0453,-0.0004,0.0772,-0.14,0.16,0.16,0.06,no_change,0.07,2026-09-11T15:29:03,-66.6667,0.21000000089407,332.685,2026-09-11 19:44:22,2026-09-11 15:45:04
AAPL,AAPL260916P00302500,AAPL,2026-09-16,P,302.5,0.04,613.0,0.1,180.0,0.3722,52.0,275.0,-0.017,0.0028,0.017,-0.0513,-0.0004,0.0902,-0.185,0.08,0.1,0.08,no_change,0.09,2026-09-11T15:23:14,-67.2727,0.274999998509884,332.685,2026-09-11 19:44:22,2026-09-11 15:45:04
AAPL,AAPL260916P00305000,AAPL,2026-09-16,P,305.0,0.1,1.0,0.11,88.0,0.3652,2266.0,408.0,-0.0205,0.0034,0.02,-0.0579,-0.0005,0.1054,-0.225,0.22,0.24,0.1,up,0.11,2026-09-11T15:26:35,-67.1642,0.334999993443489,332.685,2026-09-11 19:44:22,2026-09-11 15:45:04
AAPL,AAPL260916P00307500,AAPL,2026-09-16,P,307.5,0.11,311.0,0.13,206.0,0.343,918.0,149.0,-0.0248,0.0043,0.0235,-0.0654,-0.0007,0.1237,-0.285,0.23,0.24,0.12,up,0.14,2026-09-11T14:28:36,-67.0588,0.424999997019768,332.685,2026-09-11 19:44:22,2026-09-11 15:45:04
AAPL,AAPL260916P00310000,AAPL,2026-09-16,P,310.0,0.14,231.0,0.17,466.0,0.327,534.0,229.0,-0.0305,0.0054,0.0279,-0.0744,-0.0008,0.1472,-0.425,0.37,0.37,0.14,down,0.14,2026-09-11T15:25:35,-75.2212,0.564999997615814,332.685,2026-09-11 19:44:22,2026-09-11 15:45:04
AAPL,AAPL260916P00312500,AAPL,2026-09-16,P,312.5,0.18,2.0,0.2,148.0,0.3071,104.0,1788.0,-0.0384,0.007,0.0336,-0.086,-0.001,0.1797,-0.57,0.27,0.33,0.18,down,0.19,2026-09-11T14:58:09,-75.0,0.759999990463257,332.685,2026-09-11 19:44:22,2026-09-11 15:45:04
AAPL,AAPL260916P00315000,AAPL,2026-09-16,P,315.0,0.22,136.0,0.23,1.0,0.286,622.0,6598.0,-0.0497,0.0092,0.0414,-0.1021,-0.0013,0.2286,-0.845,0.67,0.83,0.23,no_change,0.24,2026-09-11T15:27:48,-77.8802,1.08499997854233,332.685,2026-09-11 19:44:22,2026-09-11 15:45:04
AAPL,AAPL260916P00317500,AAPL,2026-09-16,P,317.5,0.3,170.0,0.31,103.0,0.2688,793.0,556.0,-0.0669,0.0123,0.0521,-0.1246,-0.0018,0.3051,-1.215,1.0,1.0,0.29,no_change,0.33,2026-09-11T15:22:50,-78.6408,1.5450000166893,332.685,2026-09-11 19:44:22,2026-09-11 15:45:04
AAPL,AAPL260916P00320000,AAPL,2026-09-16,P,320.0,0.43,393.0,0.44,140.0,0.2547,1469.0,2825.0,-0.0938,0.0168,0.067,-0.157,-0.0024,0.4332,-1.795,1.52,1.52,0.4,no_change,0.43,2026-09-11T15:29:21,-80.6742,2.22500002384186,332.685,2026-09-11 19:44:22,2026-09-11 15:45:04
AAPL,AAPL260916P00322500,AAPL,2026-09-16,P,322.5,0.63,159.0,0.65,116.0,0.2428,840.0,1842.0,-0.1345,0.0227,0.0862,-0.2002,-0.0035,0.644,-2.435,2.44,2.44,0.55,no_change,0.64,2026-09-11T15:28:21,-79.187,3.07500004768372,332.685,2026-09-11 19:44:22,2026-09-11 15:45:04
AAPL,AAPL260916P00325000,AAPL,2026-09-16,P,325.0,0.98,67.0,1.0,78.0,0.2354,1130.0,4819.0,-0.1936,0.0298,0.1085,-0.2521,-0.0048,0.9854,-3.115,3.05,3.28,0.79,up,1.01,2026-09-11T15:27:39,-75.5152,4.125,332.685,2026-09-11 19:44:22,2026-09-11 15:45:04
AAPL,AAPL260916P00327500,AAPL,2026-09-16,P,327.5,1.5,88.0,1.57,284.0,0.2308,57.0,1038.0,-0.2734,0.0371,0.1307,-0.3053,-0.0067,1.5145,-3.91,3.3,3.46,1.19,up,1.54,2026-09-11T15:21:49,-71.7431,5.45000004768372,332.685,2026-09-11 19:44:22,2026-09-11 15:45:04
AAPL,AAPL260916P00330000,AAPL,2026-09-16,P,330.0,2.3,55.0,2.34,143.0,0.2276,72.0,4178.0,-0.3723,0.0429,0.1482,-0.3475,-0.0087,2.2902,-4.645,5.65,5.65,1.7,no_change,2.33,2026-09-11T15:29:15,-66.595,6.97500014305115,332.685,2026-09-11 19:44:22,2026-09-11 15:45:04
AAPL,AAPL260916P00332500,AAPL,2026-09-16,P,332.5,3.3,287.0,3.4,12.0,0.2234,7.0,2472.0,-0.4834,0.0457,0.1558,-0.3664,-0.0104,3.3563,-5.38,6.5,6.5,2.5,down,3.42,2026-09-11T15:27:07,-61.1364,8.80000019073486,332.685,2026-09-11 19:44:22,2026-09-11 15:45:04
AAPL,AAPL260916P00335000,AAPL,2026-09-16,P,335.0,4.65,367.0,4.9,458.0,0.2266,20.0,1889.0,-0.5964,0.0446,0.1514,-0.3557,-0.0118,4.7304,-5.75,8.2,8.2,3.46,up,4.8,2026-09-11T15:26:59,-54.5024,10.5500001907349,332.685,2026-09-11 19:44:22,2026-09-11 15:45:04
AAPL,AAPL260916P00337500,AAPL,2026-09-16,P,337.5,6.25,193.0,6.55,218.0,0.225,0.0,234.0,-0.7006,0.04,0.1361,-0.3186,-0.0122,6.3961,-6.205,8.1,8.1,4.65,up,6.47,2026-09-11T15:24:29,-48.9546,12.6750001907349,332.685,2026-09-11 19:44:22,2026-09-11 15:45:04
AAPL,AAPL260916P00340000,AAPL,2026-09-16,P,340.0,8.15,225.0,8.5,244.0,0.2281,13.0,418.0,-0.7884,0.0333,0.114,-0.2647,-0.0112,8.3121,-6.635,9.03,9.5,6.35,up,8.39,2026-09-11T15:23:54,-44.1597,15.0250000953674,332.685,2026-09-11 19:44:22,2026-09-11 15:45:04
AAPL,AAPL260916P00342500,AAPL,2026-09-16,P,342.5,10.2,118.0,10.7,241.0,0.233,11.0,116.0,-0.857,0.0258,0.0895,-0.2056,-0.0102,10.424,-7.55,8.9,10.05,8.1,up,10.05,2026-09-11T13:54:47,-42.8977,17.6000003814697,332.685,2026-09-11 19:44:22,2026-09-11 15:45:04
AAPL,AAPL260916P00345000,AAPL,2026-09-16,P,345.0,12.15,139.0,13.05,97.0,0.2211,13.0,12.0,-0.907,0.019,0.0667,-0.1505,-0.0085,12.6772,-7.4,11.76,12.55,10.7,up,12.55,2026-09-11T14:50:34,-37.0927,19.9499998092651,332.685,2026-09-11 19:44:22,2026-09-11 15:45:04
AAPL,AAPL260916P00347500,AAPL,2026-09-16,P,347.5,14.1,131.0,16.15,40.0,0.2582,0.0,0.0,-0.9414,0.0132,0.0472,-0.1044,-0.006,15.0263,0.0,0.0,0.0,0.0,no_change,0.0,,0.0,22.125,332.685,2026-09-11 19:44:22,2026-09-11 15:45:04
AAPL,AAPL260916P00350000,AAPL,2026-09-16,P,350.0,16.6,114.0,18.05,48.0,0.1684,0.0,0.0,-0.9641,0.0089,0.032,-0.0691,-0.0046,17.4371,0.0,0.0,0.0,0.0,up,23.71,2026-09-10T15:59:07,0.0,24.7250003814697,332.685,2026-09-11 19:44:22,2026-09-11 15:45:04
AAPL,AAPL260916P00352500,AAPL,2026-09-16,P,352.5,18.6,128.0,21.4,28.0,0.2904,0.0,0.0,-0.9784,0.0058,0.021,-0.044,-0.0032,19.8857,0.0,0.0,0.0,0.0,no_change,0.0,,0.0,27.1999998092651,332.685,2026-09-11 19:44:22,2026-09-11 15:45:04
AAPL,AAPL260916P00355000,AAPL,2026-09-16,P,355.0,21.2,198.0,23.15,55.0,0.0,0.0,2.0,-0.9872,0.0036,0.0135,-0.0272,-0.0022,22.3566,-7.4,21.62,22.2,21.62,up,22.2,2026-09-11T15:27:33,-25.0,29.5999994277954,332.685,2026-09-11 19:44:22,2026-09-11 15:45:04
AAPL,AAPL260916P00360000,AAPL,2026-09-16,P,360.0,26.1,124.0,28.85,30.0,0.364,0.0,0.0,-0.9956,0.0014,0.0054,-0.0098,-0.0009,27.3315,0.0,0.0,0.0,0.0,no_change,0.0,,0.0,34.8249988555908,332.685,2026-09-11 19:44:22,2026-09-11 15:45:04
AAPL,AAPL260916P00365000,AAPL,2026-09-16,P,365.0,31.1,124.0,33.85,21.0,0.4152,0.0,0.0,-0.9984,0.0005,0.0022,-0.0034,-0.0005,32.3237,0.0,0.0,0.0,0.0,down,39.25,2026-09-02T11:27:10,0.0,39.7999992370606,332.685,2026-09-11 19:44:22,2026-09-11 15:45:04
AAPL,AAPL260916P00370000,AAPL,2026-09-16,P,370.0,36.1,123.0,38.85,30.0,0.4648,0.0,0.0,-0.9994,0.0002,0.0009,-0.0012,-0.0001,37.3213,0.0,0.0,0.0,0.0,no_change,0.0,,0.0,44.6000003814697,332.685,2026-09-11 19:44:22,2026-09-11 15:45:04
AAPL,AAPL260916P00375000,AAPL,2026-09-16,P,375.0,41.1,124.0,43.85,32.0,0.513,0.0,0.0,-0.9998,0.0001,0.0003,-0.0004,-0.0001,42.3205,0.0,0.0,0.0,0.0,no_change,0.0,,0.0,49.5750007629394,332.685,2026-09-11 19:44:22,2026-09-11 15:45:04
AAPL,AAPL260916P00380000,AAPL,2026-09-16,P,380.0,46.1,127.0,49.05,34.0,0.6026,0.0,0.0,-0.9999,0.0,0.0001,-0.0002,0.0,47.3202,0.0,0.0,0.0,0.0,no_change,0.0,,0.0,54.5749988555908,332.685,2026-09-11 19:44:22,2026-09-11 15:45:04
AAPL,AAPL260916P00385000,AAPL,2026-09-16,P,385.0,51.1,122.0,53.85,29.0,0.6053,0.0,0.0,-1.0,0.0,0.0,-0.0001,0.0,52.3201,0.0,0.0,0.0,0.0,no_change,0.0,,0.0,59.7249984741211,332.685,2026-09-11 19:44:22,2026-09-11 15:45:04
AAPL,AAPL260916P00390000,AAPL,2026-09-16,P,390.0,56.1,128.0,58.85,23.0,0.6498,0.0,0.0,-1.0,0.0,0.0,0.0,0.0,57.3201,0.0,0.0,0.0,0.0,up,67.8,2026-09-04T10:40:05,0.0,64.6750011444092,332.685,2026-09-11 19:44:22,2026-09-11 15:45:04
AAPL,AAPL260918C00050000,AAPL,2026-09-18,C,50.0,281.35,86.0,283.3,104.0,0.0,7.0,0.0,1.0,0.0,0.0,0.0,0.0096,282.7101,0.0,0.0,0.0,0.0,down,271.0,2026-09-04T13:38:38,0.0,275.449996948242,332.685,2026-09-11 19:44:22,2026-09-11 15:45:04
AAPL,AAPL260918C00055000,AAPL,2026-09-18,C,55.0,276.8,121.0,278.55,93.0,0.0,40.0,0.0,1.0,0.0,0.0,0.0,0.0105,277.7143,0.0,0.0,0.0,0.0,up,270.04,2026-09-01T11:32:28,0.0,270.949996948242,332.685,2026-09-11 19:44:22,2026-09-11 15:45:04
AAPL,AAPL260918C00060000,AAPL,2026-09-18,C,60.0,271.5,135.0,274.55,133.0,5.2643,2.0,0.0,1.0,0.0,0.0,-0.0001,0.0115,272.7186,0.0,0.0,0.0,0.0,up,258.0,2026-09-10T09:42:12,0.0,265.574996948242,332.685,2026-09-11 19:44:22,2026-09-11 15:45:04
AAPL,AAPL260918C00065000,AAPL,2026-09-18,C,65.0,266.45,104.0,269.55,112.0,4.958,1.0,0.0,1.0,0.0,0.0,-0.0001,0.0124,267.7228,0.0,0.0,0.0,0.0,down,241.99,2026-08-03T13:21:10,0.0,260.774993896484,332.685,2026-09-11 19:44:22,2026-09-11 15:45:04
AAPL,AAPL260918C00070000,AAPL,2026-09-18,C,70.0,261.85,132.0,263.9,133.0,4.4022,3.0,0.0,1.0,0.0,0.0,-0.0001,0.0134,262.7271,0.0,0.0,0.0,0.0,down,237.04,2026-08-03T13:21:10,0.0,255.400009155273,332.685,2026-09-11 19:44:22,2026-09-11 15:45:04
AAPL,AAPL260918C00075000,AAPL,2026-09-18,C,75.0,256.85,153.0,258.9,169.0,4.1975,81.0,0.0,1.0,0.0,0.0,-0.0001,0.0144,257.7313,0.0,0.0,0.0,0.0,up,252.03,2026-09-02T15:42:22,0.0,250.649993896484,332.685,2026-09-11 19:44:22,2026-09-11 15:45:04
AAPL,AAPL260918C00080000,AAPL,2026-09-18,C,80.0,250.95,192.0,254.2,175.0,0.0,109.0,0.0,1.0,0.0,0.0,-0.0002,0.0153,252.7356,0.0,0.0,0.0,0.0,up,231.73,2026-05-27T14:29:55,0.0,245.824996948242,332.685,2026-09-11 19:44:22,2026-09-11 15:45:04
AAPL,AAPL260918C00085000,AAPL,2026-09-18,C,85.0,246.85,128.0,248.9,130.0,3.8277,29.0,0.0,1.0,0.0,0.0,-0.0002,0.0163,247.7399,0.0,0.0,0.0,0.0,up,192.23,2026-02-11T15:23:39,0.0,240.799995422363,332.685,2026-09-11 19:44:22,2026-09-11 15:45:04
AAPL,AAPL260918C00090000,AAPL,2026-09-18,C,90.0,242.0,130.0,243.9,139.0,3.8509,19.0,0.0,1.0,0.0,0.0,-0.0003,0.0172,242.7442,0.0,0.0,0.0,0.0,down,235.9,2026-09-02T13:17:18,0.0,235.799995422363,332.685,2026-09-11 19:44:22,2026-09-11 15:45:04
AAPL,AAPL260918C00095000,AAPL,2026-09-18,C,95.0,236.5,136.0,238.95,130.0,0.0,3.0,0.0,0.9999,0.0,0.0,-0.0003,0.0182,237.7485,0.0,0.0,0.0,0.0,up,161.7,2026-04-02T10:57:40,0.0,230.824996948242,332.685,2026-09-11 19:44:22,2026-09-11 15:45:04
AAPL,AAPL260918C00100000,AAPL,2026-09-18,C,100.0,231.85,165.0,233.9,166.0,3.3505,127.0,0.0,0.9999,0.0,0.0,-0.0004,0.0192,232.7528,0.0,0.0,0.0,0.0,down,204.68,2026-08-17T14:09:51,0.0,225.824996948242,332.685,2026-09-11 19:44:22,2026-09-11 15:45:04
AAPL,AAPL260918C00105000,AAPL,2026-09-18,C,105.0,226.75,134.0,228.9,129.0,3.0325,15.0,0.0,0.9999,0.0,0.0,-0.0005,0.0201,227.7571,0.0,0.0,0.0,0.0,up,200.51,2026-07-31T15:19:13,0.0,220.824996948242,332.685,2026-09-11 19:44:22,2026-09-11 15:45:04
AAPL,AAPL260918C00110000,AAPL,2026-09-18,C,110.0,221.95,473.0,223.9,453.0,3.1971,376.0,0.0,0.9999,0.0,0.0001,-0.0006,0.0211,222.7615,0.0,0.0,0.0,0.0,no_change,199.61,2026-08-04T14:39:09,0.0,215.824996948242,332.685,2026-09-11 19:44:22,2026-09-11 15:45:04
AAPL,AAPL260918C00115000,AAPL,2026-09-18,C,115.0,216.5,133.0,218.9,124.0,0.0,28.0,5.0,0.9999,0.0,0.0001,-0.0006,0.022,217.7658,8.585,219.41,219.41,219.41,up,219.41,2026-09-11T12:35:12,4.0721,210.824996948242,332.685,2026-09-11 19:44:22,2026-09-11 15:45:04
AAPL,AAPL260918C00120000,AAPL,2026-09-18,C,120.0,211.85,435.0,213.9,439.0,2.818,113.0,0.0,0.9999,0.0,0.0001,-0.0007,0.023,212.7702,0.0,0.0,0.0,0.0,no_change,185.56,2026-08-13T10:27:34,0.0,205.824996948242,332.685,2026-09-11 19:44:22,2026-09-11 15:45:04
AAPL,AAPL260918C00125000,AAPL,2026-09-18,C,125.0,207.0,223.0,208.9,175.0,2.8694,663.0,0.0,0.9999,0.0,0.0001,-0.0008,0.0239,207.7745,0.0,0.0,0.0,0.0,down,178.45,2026-07-31T11:26:04,0.0,200.875,332.685,2026-09-11 19:44:22,2026-09-11 15:45:04
AAPL,AAPL260918C00130000,AAPL,2026-09-18,C,130.0,202.0,132.0,203.95,124.0,2.7973,26.0,0.0,0.9999,0.0,0.0001,-0.001,0.0249,202.7789,0.0,0.0,0.0,0.0,down,186.09,2026-09-08T15:28:15,0.0,195.875,332.685,2026-09-11 19:44:22,2026-09-11 15:45:04
AAPL,AAPL260918C00135000,AAPL,2026-09-18,C,135.0,197.0,124.0,198.95,128.0,2.6848,48.0,0.0,0.9999,0.0,0.0001,-0.0011,0.0258,197.7833,0.0,0.0,0.0,0.0,no_change,185.71,2026-09-10T11:50:20,0.0,190.824996948242,332.685,2026-09-11 19:44:22,2026-09-11 15:45:04
AAPL,AAPL260918C00140000,AAPL,2026-09-18,C,140.0,192.05,173.0,193.95,169.0,2.6153,1903.0,0.0,0.9999,0.0,0.0002,-0.0012,0.0268,192.7877,0.0,0.0,0.0,0.0,up,187.6,2026-09-03T15:15:33,0.0,185.824996948242,332.685,2026-09-11 19:44:22,2026-09-11 15:45:04
AAPL,AAPL260918C00145000,AAPL,2026-09-18,C,145.0,187.0,133.0,188.95,173.0,2.4722,56.0,0.0,0.9999,0.0,0.0002,-0.0013,0.0278,187.7921,0.0,0.0,0.0,0.0,up,180.49,2026-09-10T13:52:10,0.0,180.875,332.685,2026-09-11 19:44:22,2026-09-11 15:45:04
AAPL,AAPL260918C00150000,AAPL,2026-09-18,C,150.0,181.7,176.0,183.95,164.0,1.9758,86.0,0.0,0.9998,0.0,0.0002,-0.0015,0.0287,182.7965,0.0,0.0,0.0,0.0,down,162.36,2026-09-09T14:33:08,0.0,175.875,332.685,2026-09-11 19:44:22,2026-09-11 15:45:04
AAPL,AAPL260918C00155000,AAPL,2026-09-18,C,155.0,176.55,167.0,178.95,158.0,0.0,87.0,0.0,0.9998,0.0,0.0002,-0.0016,0.0297,177.801,0.0,0.0,0.0,0.0,down,166.09,2026-09-04T12:33:07,0.0,170.875,332.685,2026-09-11 19:44:22,2026-09-11 15:45:04
AAPL,AAPL260918C00160000,AAPL,2026-09-18,C,160.0,172.05,356.0,173.95,474.0,2.2161,168.0,0.0,0.9998,0.0,0.0003,-0.0018,0.0306,172.8054,0.0,0.0,0.0,0.0,up,166.27,2026-09-10T15:57:56,0.0,165.900001525879,332.685,2026-09-11 19:44:22,2026-09-11 15:45:04
AAPL,AAPL260918C00165000,AAPL,2026-09-18,C,165.0,166.8,471.0,168.95,345.0,1.8911,138.0,1.0,0.9998,0.0,0.0003,-0.0019,0.0316,167.8099,8.875,169.75,169.75,169.75,up,169.75,2026-09-11T11:52:43,5.51671,160.875,332.685,2026-09-11 19:44:22,2026-09-11 15:45:04
AAPL,AAPL260918C00170000,AAPL,2026-09-18,C,170.0,161.8,463.0,163.95,444.0,1.804,161.0,9.0,0.9998,0.0,0.0003,-0.0021,0.0325,162.8144,8.8,164.7,164.7,164.7,up,164.7,2026-09-11T13:02:40,5.64464,155.900001525879,332.685,2026-09-11 19:44:22,2026-09-11 15:45:04
AAPL,AAPL260918C00175000,AAPL,2026-09-18,C,175.0,156.9,433.0,158.95,426.0,1.8341,153.0,0.0,0.9998,0.0,0.0004,-0.0023,0.0335,157.8189,0.0,0.0,0.0,0.0,up,138.68,2026-09-09T13:59:39,0.0,150.900001525879,332.685,2026-09-11 19:44:22,2026-09-11 15:45:04
AAPL,AAPL260918C00180000,AAPL,2026-09-18,C,180.0,151.9,333.0,153.85,319.0,1.6369,212.0,1.0,0.9997,0.0,0.0004,-0.0025,0.0344,152.8234,7.925,153.85,153.85,153.85,up,153.85,2026-09-11T15:04:25,5.43087,145.925003051758,332.685,2026-09-11 19:44:22,2026-09-11 15:45:04
AAPL,AAPL260918C00185000,AAPL,2026-09-18,C,185.0,146.8,432.0,148.95,418.0,1.5564,332.0,0.0,0.9997,0.0,0.0005,-0.0027,0.0354,147.828,0.0,0.0,0.0,0.0,down,134.78,2026-09-10T10:36:00,0.0,140.925003051758,332.685,2026-09-11 19:44:22,2026-09-11 15:45:04
AAPL,AAPL260918C00190000,AAPL,2026-09-18,C,190.0,141.95,351.0,144.0,355.0,1.6725,185.0,21.0,0.9996,0.0,0.0005,-0.0029,0.0364,142.8326,8.93,141.95,144.73,141.95,up,144.73,2026-09-11T11:51:59,6.57584,135.800003051758,332.685,2026-09-11 19:44:22,2026-09-11 15:45:04
AAPL,AAPL260918C00195000,AAPL,2026-09-18,C,195.0,136.9,487.0,139.0,454.0,1.5603,305.0,0.0,0.9996,0.0,0.0006,-0.0032,0.0373,137.8372,0.0,0.0,0.0,0.0,down,121.05,2026-08-31T15:27:44,0.0,130.900001525879,332.685,2026-09-11 19:44:22,2026-09-11 15:45:04
AAPL,AAPL260918C00200000,AAPL,2026-09-18,C,200.0,131.8,354.0,134.0,340.0,1.3944,1181.0,1.0,0.9996,0.0,0.0006,-0.0034,0.0383,132.8419,7.275,133.2,133.2,133.2,up,133.2,2026-09-11T14:40:44,5.77725,125.924999237061,332.685,2026-09-11 19:44:22,2026-09-11 15:45:04
AAPL,AAPL260918C00205000,AAPL,2026-09-18,C,205.0,126.8,419.0,129.0,420.0,1.3224,1219.0,1.0,0.9995,0.0,0.0007,-0.0037,0.0392,127.8466,8.85,129.7,129.7,129.7,up,129.7,2026-09-11T13:15:24,7.32313,120.850002288818,332.685,2026-09-11 19:44:22,2026-09-11 15:45:04
AAPL,AAPL260918C00210000,AAPL,2026-09-18,C,210.0,122.0,398.0,124.65,418.0,1.6451,2481.0,1.0,0.9995,0.0,0.0008,-0.004,0.0402,122.8513,6.975,123.0,123.0,123.0,up,123.0,2026-09-11T15:26:35,6.01163,116.025001525879,332.685,2026-09-11 19:44:22,2026-09-11 15:45:04
AAPL,AAPL260918C00215000,AAPL,2026-09-18,C,215.0,116.9,481.0,119.0,416.0,1.2749,676.0,0.0,0.9994,0.0,0.0009,-0.0044,0.0411,117.8562,0.0,0.0,0.0,0.0,up,110.15,2026-09-10T14:50:19,0.0,110.924999237061,332.685,2026-09-11 19:44:22,2026-09-11 15:45:04
AAPL,AAPL260918C00220000,AAPL,2026-09-18,C,220.0,112.0,385.0,113.45,417.0,0.0,1170.0,14.0,0.9993,0.0,0.001,-0.0048,0.0421,112.8611,6.51,112.82,115.3,112.71,down,112.71,2026-09-11T15:09:30,6.12994,106.200000762939,332.685,2026-09-11 19:44:22,2026-09-11 15:45:04
AAPL,AAPL260918C00225000,AAPL,2026-09-18,C,225.0,106.85,419.0,108.05,85.0,0.0,840.0,79.0,0.9992,0.0001,0.0012,-0.0053,0.043,107.8661,7.445,109.31,109.31,107.82,no_change,107.82,2026-09-11T15:15:26,7.41719,100.375,332.685,2026-09-11 19:44:22,2026-09-11 15:45:04
AAPL,AAPL260918C00230000,AAPL,2026-09-18,C,230.0,102.1,412.0,103.05,68.0,0.0,1646.0,7.0,0.9991,0.0001,0.0014,-0.0058,0.044,102.8713,7.25,102.46,102.9,102.46,up,102.75,2026-09-11T15:23:47,7.59162,95.5,332.685,2026-09-11 19:44:22,2026-09-11 15:45:04
AAPL,AAPL260918C00235000,AAPL,2026-09-18,C,235.0,97.15,424.0,98.7,414.0,0.9759,1764.0,29.0,0.999,0.0001,0.0016,-0.0065,0.0449,97.8767,6.825,97.43,97.8,97.43,no_change,97.8,2026-09-11T15:03:00,7.50206,90.9749984741211,332.685,2026-09-11 19:44:22,2026-09-11 15:45:04
AAPL,AAPL260918C00240000,AAPL,2026-09-18,C,240.0,92.35,387.0,93.05,67.0,0.0,2088.0,168.0,0.9988,0.0001,0.0018,-0.0072,0.0459,92.8823,7.5,87.79,95.54,87.79,no_change,93.0,2026-09-11T15:05:38,8.77193,85.5,332.685,2026-09-11 19:44:22,2026-09-11 15:45:04
AAPL,AAPL260918C00245000,AAPL,2026-09-18,C,245.0,87.25,369.0,88.4,375.0,0.0,1108.0,9.0,0.9985,0.0001,0.0022,-0.0082,0.0468,87.8882,6.45,84.0,90.47,84.0,down,87.5,2026-09-11T14:15:57,7.95805,81.0499992370606,332.685,2026-09-11 19:44:22,2026-09-11 15:45:04
AAPL,AAPL260918C00250000,AAPL,2026-09-18,C,250.0,82.7,77.0,83.05,50.0,0.0,4235.0,562.0,0.9983,0.0002,0.0026,-0.0093,0.0478,82.8946,7.45,77.82,85.7,77.82,down,83.0,2026-09-11T15:06:38,9.86102,75.5499992370606,332.685,2026-09-11 19:44:22,2026-09-11 15:45:04
AAPL,AAPL260918C00255000,AAPL,2026-09-18,C,255.0,77.25,292.0,78.45,339.0,0.0,2881.0,341.0,0.9979,0.0002,0.0031,-0.0107,0.0487,77.9015,7.315,75.76,79.13,75.76,up,78.14,2026-09-11T15:28:47,10.3283,70.8250007629394,332.685,2026-09-11 19:44:22,2026-09-11 15:45:04
AAPL,AAPL260918C00260000,AAPL,2026-09-18,C,260.0,72.4,374.0,73.45,382.0,0.6813,4288.0,83.0,0.9974,0.0003,0.0037,-0.0124,0.0496,72.9092,7.335,71.7,76.44,71.7,no_change,73.11,2026-09-11T14:35:53,11.1517,65.7750015258789,332.685,2026-09-11 19:44:22,2026-09-11 15:45:04
AAPL,AAPL260918C00265000,AAPL,2026-09-18,C,265.0,67.35,397.0,68.0,75.0,0.0,6322.0,73.0,0.9968,0.0003,0.0045,-0.0146,0.0505,67.9179,7.865,62.35,69.8,62.35,no_change,68.19,2026-09-11T15:06:17,13.0377,60.3250007629394,332.685,2026-09-11 19:44:22,2026-09-11 15:45:04
AAPL,AAPL260918C00270000,AAPL,2026-09-18,C,270.0,62.7,54.0,63.5,391.0,0.7261,5122.0,96.0,0.9959,0.0004,0.0056,-0.0173,0.0514,62.928,7.625,63.0,65.51,63.0,down,63.1,2026-09-11T15:04:47,13.7449,55.4750003814697,332.685,2026-09-11 19:44:22,2026-09-11 15:45:04
AAPL,AAPL260918C00275000,AAPL,2026-09-18,C,275.0,57.6,162.0,58.05,67.0,0.0,3802.0,69.0,0.9948,0.0006,0.007,-0.0208,0.0523,57.94,7.95,59.01,61.11,57.3,up,58.15,2026-09-11T14:35:34,15.8367,50.2000007629394,332.685,2026-09-11 19:44:22,2026-09-11 15:45:04
AAPL,AAPL260918C00280000,AAPL,2026-09-18,C,280.0,52.8,42.0,53.05,23.0,0.4636,6416.0,30.0,0.9932,0.0008,0.0089,-0.0253,0.0532,52.9546,7.5,53.45,56.0,52.9,down,52.9,2026-09-11T15:13:23,16.5198,45.4000015258789,332.685,2026-09-11 19:44:22,2026-09-11 15:45:04
AAPL,AAPL260918C00282500,AAPL,2026-09-18,C,282.5,49.45,121.0,51.6,122.0,0.5436,1.0,3.0,0.9922,0.0009,0.0101,-0.0279,0.0536,50.4633,6.815,50.49,50.49,50.49,up,50.49,2026-09-11T09:46:59,15.6039,43.6749992370606,332.685,2026-09-11 19:44:22,2026-09-11 15:45:04
AAPL,AAPL260918C00285000,AAPL,2026-09-18,C,285.0,47.9,31.0,48.05,9.0,0.4798,5852.0,87.0,0.991,0.0011,0.0115,-0.031,0.054,47.9731,7.225,42.45,50.96,42.45,up,48.0,2026-09-11T15:16:07,17.7192,40.7749996185303,332.685,2026-09-11 19:44:22,2026-09-11 15:45:04
AAPL,AAPL260918C00287500,AAPL,2026-09-18,C,287.5,44.0,134.0,46.65,125.0,0.0,21.0,0.0,0.9896,0.0013,0.0131,-0.0344,0.0544,45.4842,0.0,0.0,0.0,0.0,no_change,29.19,2026-09-08T10:23:56,0.0,38.6749992370606,332.685,2026-09-11 19:44:22,2026-09-11 15:45:04
AAPL,AAPL260918C00290000,AAPL,2026-09-18,C,290.0,42.95,5.0,43.05,6.0,0.4285,8434.0,415.0,0.9879,0.0015,0.0149,-0.0383,0.0548,42.9969,7.225,37.79,45.8,36.48,up,43.0,2026-09-11T15:22:57,20.1957,35.7750015258789,332.685,2026-09-11 19:44:22,2026-09-11 15:45:04
AAPL,AAPL260918C00292500,AAPL,2026-09-18,C,292.5,39.85,320.0,41.4,315.0,0.4828,107.0,100.0,0.9858,0.0018,0.0171,-0.0428,0.0551,40.5115,8.47,41.47,41.47,41.47,up,41.47,2026-09-11T09:45:11,25.6667,33.0,332.685,2026-09-11 19:44:22,2026-09-11 15:45:04
AAPL,AAPL260918C00295000,AAPL,2026-09-18,C,295.0,37.95,41.0,38.1,6.0,0.4113,10907.0,1198.0,0.9834,0.0022,0.0196,-0.0478,0.0554,38.0285,7.0,35.42,41.03,35.42,down,37.95,2026-09-11T15:27:04,22.6171,30.9499998092651,332.685,2026-09-11 19:44:22,2026-09-11 15:45:04
AAPL,AAPL260918C00297500,AAPL,2026-09-18,C,297.5,34.2,347.0,36.7,322.0,0.3285,109.0,0.0,0.9804,0.0026,0.0226,-0.0535,0.0557,35.5483,0.0,0.0,0.0,0.0,up,27.08,2026-09-10T14:44:05,0.0,28.8000001907349,332.685,2026-09-11 19:44:22,2026-09-11 15:45:04
AAPL,AAPL260918C00300000,AAPL,2026-09-18,C,300.0,33.0,51.0,33.15,28.0,0.3817,19823.0,830.0,0.9767,0.0031,0.0262,-0.06,0.056,33.0717,6.905,27.85,36.1,27.0,down,32.98,2026-09-11T15:24:17,26.4813,26.0749998092651,332.685,2026-09-11 19:44:22,2026-09-11 15:45:04
AAPL,AAPL260918C00302500,AAPL,2026-09-18,C,302.5,30.1,131.0,31.55,396.0,0.4238,130.0,54.0,0.9722,0.0038,0.0303,-0.0675,0.0562,30.5997,9.355,25.72,33.03,25.4,up,33.03,2026-09-11T10:51:32,39.5143,23.6750001907349,332.685,2026-09-11 19:44:22,2026-09-11 15:45:04
AAPL,AAPL260918C00305000,AAPL,2026-09-18,C,305.0,28.05,46.0,28.2,30.0,0.3449,17176.0,571.0,0.9665,0.0046,0.0354,-0.0762,0.0563,28.1338,6.745,23.32,31.25,22.1,down,28.07,2026-09-11T15:26:11,31.6295,21.3249998092651,332.685,2026-09-11 19:44:22,2026-09-11 15:45:04
AAPL,AAPL260918C00307500,AAPL,2026-09-18,C,307.5,24.9,377.0,26.4,366.0,0.3244,165.0,42.0,0.9592,0.0057,0.0415,-0.0865,0.0563,25.6769,7.99,22.03,28.62,22.03,down,27.09,2026-09-11T13:24:48,41.8325,19.0999994277954,332.685,2026-09-11 19:44:22,2026-09-11 15:45:04
AAPL,AAPL260918C00310000,AAPL,2026-09-18,C,310.0,23.15,65.0,23.3,30.0,0.3139,20135.0,1130.0,0.9497,0.0071,0.0491,-0.099,0.0562,23.2333,6.525,18.34,26.6,17.82,down,23.2,2026-09-11T15:22:57,39.1304,16.6750001907349,332.685,2026-09-11 19:44:22,2026-09-11 15:45:04
AAPL,AAPL260918C00312500,AAPL,2026-09-18,C,312.5,20.65,93.0,20.9,57.0,0.2946,1388.0,98.0,0.9368,0.0089,0.0587,-0.1148,0.0558,20.8106,6.295,15.9,23.7,15.62,down,20.77,2026-09-11T14:58:53,43.4888,14.4749999046326,332.685,2026-09-11 19:44:22,2026-09-11 15:45:04
AAPL,AAPL260918C00315000,AAPL,2026-09-18,C,315.0,18.35,51.0,18.45,1.0,0.2847,12224.0,1252.0,0.9191,0.0112,0.0708,-0.1349,0.0551,18.4203,6.15,13.95,21.56,13.13,no_change,18.5,2026-09-11T15:27:57,49.7976,12.3499999046326,332.685,2026-09-11 19:44:22,2026-09-11 15:45:04
AAPL,AAPL260918C00317500,AAPL,2026-09-18,C,317.5,15.8,252.0,16.2,152.0,0.2663,2218.0,508.0,0.8945,0.0142,0.0859,-0.1603,0.054,16.0798,5.655,11.6,19.02,11.03,up,16.08,2026-09-11T15:16:10,54.2446,10.4250001907349,332.685,2026-09-11 19:44:22,2026-09-11 15:45:04
AAPL,AAPL260918C00320000,AAPL,2026-09-18,C,320.0,13.75,51.0,13.85,10.0,0.2652,28166.0,4756.0,0.8608,0.0179,0.104,-0.1912,0.0523,13.8127,5.155,9.8,17.0,9.1,up,13.78,2026-09-11T15:28:40,59.7681,8.625,332.685,2026-09-11 19:44:22,2026-09-11 15:45:04
AAPL,AAPL260918C00322500,AAPL,2026-09-18,C,322.5,11.6,10.0,11.7,13.0,0.2588,3192.0,927.0,0.8159,0.0222,0.1243,-0.2264,0.0499,11.6488,4.455,8.0,14.55,7.35,down,11.58,2026-09-11T15:28:40,62.5263,7.125,332.685,2026-09-11 19:44:22,2026-09-11 15:45:04
AAPL,AAPL260918C00325000,AAPL,2026-09-18,C,325.0,9.6,48.0,9.7,110.0,0.2528,23064.0,5177.0,0.7586,0.0266,0.1451,-0.2626,0.0466,9.6219,3.95,6.5,12.75,5.85,no_change,9.6,2026-09-11T15:28:16,69.9115,5.64999985694885,332.685,2026-09-11 19:44:22,2026-09-11 15:45:04
AAPL,AAPL260918C00327500,AAPL,2026-09-18,C,327.5,7.75,67.0,7.85,79.0,0.25,4597.0,3515.0,0.6891,0.0307,0.1638,-0.2952,0.0425,7.7666,3.34,5.05,10.7,4.68,down,7.74,2026-09-11T15:28:36,75.9091,4.39999985694885,332.685,2026-09-11 19:44:22,2026-09-11 15:45:04
AAPL,AAPL260918C00330000,AAPL,2026-09-18,C,330.0,6.1,144.0,6.2,209.0,0.2465,36643.0,20407.0,0.6093,0.0338,0.1776,-0.3185,0.0377,6.1138,2.765,3.9,8.85,3.5,up,6.14,2026-09-11T15:29:08,81.9259,3.375,332.685,2026-09-11 19:44:22,2026-09-11 15:45:04
AAPL,AAPL260918C00332500,AAPL,2026-09-18,C,332.5,4.65,400.0,4.75,252.0,0.2427,1734.0,5753.0,0.5227,0.0355,0.1841,-0.328,0.0324,4.686,2.12,3.0,7.2,2.54,down,4.66,2026-09-11T15:29:04,83.4646,2.53999996185303,332.685,2026-09-11 19:44:22,2026-09-11 15:45:04
AAPL,AAPL260918C00335000,AAPL,2026-09-18,C,335.0,3.45,427.0,3.55,401.0,0.2406,21799.0,30175.0,0.4341,0.0353,0.182,-0.3214,0.027,3.4937,1.6,2.19,5.7,1.9,no_change,3.5,2026-09-11T15:27:53,84.2105,1.89999997615814,332.685,2026-09-11 19:44:22,2026-09-11 15:45:04
AAPL,AAPL260918C00337500,AAPL,2026-09-18,C,337.5,2.52,72.0,2.55,42.0,0.2391,2664.0,10444.0,0.3487,0.0333,0.1714,-0.2991,0.0217,2.5339,1.16,1.56,4.4,1.48,up,2.55,2026-09-11T15:27:59,83.4532,1.38999998569489,332.685,2026-09-11 19:44:22,2026-09-11 15:45:04
AAPL,AAPL260918C00340000,AAPL,2026-09-18,C,340.0,1.78,10.0,1.8,50.0,0.2391,31408.0,39850.0,0.271,0.0298,0.1539,-0.2649,0.0169,1.7902,0.775,1.17,3.37,0.95,up,1.79,2026-09-11T15:29:19,76.3547,1.01499998569489,332.685,2026-09-11 19:44:22,2026-09-11 15:45:04
AAPL,AAPL260918C00342500,AAPL,2026-09-18,C,342.5,1.22,76.0,1.24,58.0,0.2396,645.0,5702.0,0.2041,0.0255,0.1323,-0.2239,0.0127,1.2357,0.5,0.87,2.51,0.7,up,1.23,2026-09-11T15:28:16,68.4931,0.730000019073486,332.685,2026-09-11 19:44:22,2026-09-11 15:45:04
AAPL,AAPL260918C00345000,AAPL,2026-09-18,C,345.0,0.83,103.0,0.85,157.0,0.2413,12462.0,17138.0,0.1496,0.0208,0.1093,-0.1817,0.0093,0.8376,0.3,0.59,1.85,0.55,down,0.83,2026-09-11T15:29:04,56.6038,0.530000001192093,332.685,2026-09-11 19:44:22,2026-09-11 15:45:04
AAPL,AAPL260918C00347500,AAPL,2026-09-18,C,347.5,0.56,115.0,0.57,90.0,0.2438,258.0,2492.0,0.1074,0.0163,0.0874,-0.1427,0.0067,0.5617,0.175,0.48,1.31,0.43,up,0.56,2026-09-11T15:28:42,45.4545,0.385000005364418,332.685,2026-09-11 19:44:22,2026-09-11 15:45:04
AAPL,AAPL260918C00350000,AAPL,2026-09-18,C,350.0,0.38,160.0,0.39,201.0,0.2478,46415.0,45098.0,0.0766,0.0125,0.0684,-0.11,0.0047,0.3784,0.115,0.27,0.94,0.25,no_change,0.39,2026-09-11T15:29:17,41.8182,0.275000005960464,332.685,2026-09-11 19:44:22,2026-09-11 15:45:04
AAPL,AAPL260918C00355000,AAPL,2026-09-18,C,355.0,0.17,432.0,0.18,553.0,0.2567,8855.0,5151.0,0.0387,0.007,0.0404,-0.0636,0.0024,0.1763,0.02,0.18,0.45,0.16,down,0.17,2026-09-11T15:28:46,13.3333,0.149999998509884,332.685,2026-09-11 19:44:22,2026-09-11 15:45:04
AAPL,AAPL260918C00360000,AAPL,2026-09-18,C,360.0,0.08,184.0,0.09,305.0,0.269,9851.0,7196.0,0.0209,0.004,0.0244,-0.0385,0.0013,0.0918,0.01,0.1,0.24,0.08,no_change,0.09,2026-09-11T15:27:28,12.5,0.080000001937151,332.685,2026-09-11 19:44:22,2026-09-11 15:45:04
AAPL,AAPL260918C00365000,AAPL,2026-09-18,C,365.0,0.05,72.0,0.06,494.0,0.2912,3198.0,1444.0,0.0124,0.0024,0.0158,-0.0254,0.0008,0.0547,0.005,0.05,0.12,0.05,down,0.05,2026-09-11T15:23:28,11.1111,0.0449999999254942,332.685,2026-09-11 19:44:22,2026-09-11 15:45:04
AAPL,AAPL260918C00370000,AAPL,2026-09-18,C,370.0,0.03,144.0,0.04,1386.0,0.3106,5079.0,2097.0,0.0082,0.0015,0.0109,-0.0183,0.0005,0.0365,0.015,0.04,0.08,0.01,no_change,0.04,2026-09-11T15:28:30,60.0,0.0249999994412065,332.685,2026-09-11 19:44:22,2026-09-11 15:45:04
AAPL,AAPL260918C00375000,AAPL,2026-09-18,C,375.0,0.02,75.0,0.03,173.0,0.3324,4394.0,331.0,0.0058,0.001,0.008,-0.014,0.0004,0.0265,0.0,0.02,0.05,0.02,no_change,0.02,2026-09-11T14:59:55,2.23517e-06,0.0199999995529652,332.685,2026-09-11 19:44:22,2026-09-11 15:45:04
AAPL,AAPL260918C00380000,AAPL,2026-09-18,C,380.0,0.01,151.0,0.03,186.0,0.3567,5887.0,937.0,0.0043,0.0008,0.0062,-0.0113,0.0003,0.0206,0.0,0.02,0.04,0.01,no_change,0.02,2026-09-11T14:15:19,2.23517e-06,0.0199999995529652,332.685,2026-09-11 19:44:22,2026-09-11 15:45:04
AAPL,AAPL260918C00385000,AAPL,2026-09-18,C,385.0,0.01,44.0,0.02,44.0,0.3772,2703.0,63.0,0.0034,0.0006,0.005,-0.0096,0.0002,0.0169,0.01,0.02,0.02,0.02,no_change,0.02,2026-09-11T11:23:32,100.0,0.00999999977648258,332.685,2026-09-11 19:44:22,2026-09-11 15:45:04
AAPL,AAPL260918C00390000,AAPL,2026-09-18,C,390.0,0.01,1.0,0.02,155.0,0.4072,6023.0,16.0,0.0028,0.0004,0.0042,-0.0084,0.0002,0.0144,0.045,0.02,0.06,0.01,up,0.06,2026-09-11T13:50:57,300.0,0.0149999996647239,332.685,2026-09-11 19:44:22,2026-09-11 15:45:04
AAPL,AAPL260918C00395000,AAPL,2026-09-18,C,395.0,0.01,10.0,0.02,106.0,0.4366,924.0,5.0,0.0024,0.0004,0.0036,-0.0076,0.0001,0.0128,0.005,0.02,0.03,0.02,down,0.02,2026-09-11T15:17:07,33.3333,0.0149999996647239,332.685,2026-09-11 19:44:22,2026-09-11 15:45:04
AAPL,AAPL260918C00400000,AAPL,2026-09-18,C,400.0,0.0,0.0,0.02,487.0,0.4487,15483.0,721.0,0.0021,0.0003,0.0032,-0.007,0.0001,0.0116,0.005,0.03,0.03,0.01,no_change,0.01,2026-09-11T15:00:07,100.0,0.00499999988824129,332.685,2026-09-11 19:44:22,2026-09-11 15:45:04
AAPL,AAPL260918C00405000,AAPL,2026-09-18,C,405.0,0.0,0.0,0.02,344.0,0.4762,954.0,4.0,0.0018,0.0003,0.0028,-0.0066,0.0001,0.0107,-0.005,0.03,0.03,0.01,down,0.01,2026-09-11T15:17:07,-33.3333,0.0149999996647239,332.685,2026-09-11 19:44:22,2026-09-11 15:45:04
AAPL,AAPL260918C00410000,AAPL,2026-09-18,C,410.0,0.0,0.0,0.02,30.0,0.5031,910.0,0.0,0.0017,0.0002,0.0026,-0.0062,0.0001,0.0101,0.0,0.0,0.0,0.0,no_change,0.01,2026-09-10T15:13:59,0.0,0.00999999977648258,332.685,2026-09-11 19:44:22,2026-09-11 15:45:04
AAPL,AAPL260918C00415000,AAPL,2026-09-18,C,415.0,0.0,0.0,0.03,1.0,0.5486,321.0,0.0,0.0015,0.0002,0.0024,-0.006,0.0001,0.0096,0.0,0.0,0.0,0.0,no_change,0.03,2026-09-10T13:30:34,0.0,0.0149999996647239,332.685,2026-09-11 19:44:22,2026-09-11 15:45:04
AAPL,AAPL260918C00420000,AAPL,2026-09-18,C,420.0,0.0,0.0,0.02,8.0,0.5556,3491.0,10.0,0.0014,0.0002,0.0022,-0.0058,0.0001,0.0092,-0.005,0.01,0.01,0.01,no_change,0.01,2026-09-11T10:24:14,-33.3333,0.0149999996647239,332.685,2026-09-11 19:44:22,2026-09-11 15:45:04
AAPL,AAPL260918C00430000,AAPL,2026-09-18,C,430.0,0.0,0.0,0.02,1.0,0.6064,344.0,0.0,0.0012,0.0001,0.0019,-0.0054,0.0001,0.0085,0.0,0.0,0.0,0.0,no_change,0.01,2026-09-10T10:28:14,0.0,0.00999999977648258,332.685,2026-09-11 19:44:22,2026-09-11 15:45:04
AAPL,AAPL260918C00440000,AAPL,2026-09-18,C,440.0,0.0,0.0,0.02,1.0,0.6557,363.0,0.0,0.0011,0.0001,0.0017,-0.0052,0.0001,0.008,0.0,0.0,0.0,0.0,no_change,0.01,2026-09-10T10:52:22,0.0,0.00999999977648258,332.685,2026-09-11 19:44:22,2026-09-11 15:45:04
AAPL,AAPL260918C00450000,AAPL,2026-09-18,C,450.0,0.0,0.0,0.02,35.0,0.7035,2486.0,662.0,0.001,0.0001,0.0015,-0.005,0.0001,0.0077,0.005,0.01,0.01,0.01,no_change,0.01,2026-09-11T15:01:13,100.0,0.00499999988824129,332.685,2026-09-11 19:44:22,2026-09-11 15:45:04
AAPL,AAPL260918C00460000,AAPL,2026-09-18,C,460.0,0.0,0.0,0.01,11.0,0.7113,189.0,0.0,0.0009,0.0001,0.0014,-0.0048,0.0,0.0073,0.0,0.0,0.0,0.0,no_change,0.01,2026-09-02T10:05:26,0.0,0.00999999977648258,332.685,2026-09-11 19:44:22,2026-09-11 15:45:04
AAPL,AAPL260918C00470000,AAPL,2026-09-18,C,470.0,0.0,0.0,0.01,1.0,0.7545,78.0,0.0,0.0008,0.0001,0.0013,-0.0047,0.0,0.007,0.0,0.0,0.0,0.0,up,0.1,2026-07-31T11:20:04,0.0,0.00999999977648258,332.685,2026-09-11 19:44:22,2026-09-11 15:45:04
AAPL,AAPL260918C00480000,AAPL,2026-09-18,C,480.0,0.0,0.0,0.01,1.0,0.7965,200.0,0.0,0.0008,0.0001,0.0012,-0.0045,0.0,0.0067,0.0,0.0,0.0,0.0,up,0.06,2026-08-11T12:05:51,0.0,0.00999999977648258,332.685,2026-09-11 19:44:22,2026-09-11 15:45:04
AAPL,AAPL260918C00490000,AAPL,2026-09-18,C,490.0,0.0,0.0,0.01,1.0,0.8376,951.0,0.0,0.0007,0.0001,0.0011,-0.0044,0.0,0.0065,0.0,0.0,0.0,0.0,no_change,0.01,2026-08-21T09:30:12,0.0,0.00499999988824129,332.685,2026-09-11 19:44:22,2026-09-11 15:45:04
AAPL,AAPL260918C00500000,AAPL,2026-09-18,C,500.0,0.0,0.0,0.01,25.0,0.8776,1060.0,202.0,0.0006,0.0,0.001,-0.0042,0.0,0.0063,0.005,0.03,0.03,0.01,down,0.01,2026-09-11T11:06:03,100.0,0.00499999988824129,332.685,2026-09-11 19:44:22,2026-09-11 15:45:04
AAPL,AAPL260918C00510000,AAPL,2026-09-18,C,510.0,0.0,0.0,0.01,1.0,0.9166,323.0,0.0,0.0006,0.0,0.001,-0.0041,0.0,0.006,0.0,0.0,0.0,0.0,down,0.04,2026-08-25T12:24:48,0.0,0.00499999988824129,332.685,2026-09-11 19:44:22,2026-09-11 15:45:04
AAPL,AAPL260918C00520000,AAPL,2026-09-18,C,520.0,0.0,0.0,0.01,1.0,0.9547,599.0,0.0,0.0006,0.0,0.0009,-0.004,0.0,0.0058,0.0,0.0,0.0,0.0,down,0.01,2026-08-11T12:30:19,0.0,0.00499999988824129,332.685,2026-09-11 19:44:22,2026-09-11 15:45:04
AAPL,AAPL260918C00530000,AAPL,2026-09-18,C,530.0,0.0,0.0,0.01,215.0,0.992,9426.0,4.0,0.0005,0.0,0.0008,-0.0039,0.0,0.0056,0.005,0.01,0.01,0.01,no_change,0.01,2026-09-11T10:14:31,100.0,0.00499999988824129,332.685,2026-09-11 19:44:22,2026-09-11 15:45:04
AAPL,AAPL260918C00540000,AAPL,2026-09-18,C,540.0,0.0,0.0,0.01,1.0,1.0284,105.0,0.0,0.0005,0.0,0.0008,-0.0038,0.0,0.0054,0.0,0.0,0.0,0.0,down,0.01,2026-08-24T15:44:20,0.0,0.00499999988824129,332.685,2026-09-11 19:44:22,2026-09-11 15:45:04
AAPL,AAPL260918C00550000,AAPL,2026-09-18,C,550.0,0.0,0.0,0.01,1.0,1.0641,3.0,0.0,0.0005,0.0,0.0008,-0.0037,0.0,0.0052,0.0,0.0,0.0,0.0,down,0.03,2026-07-17T13:55:16,0.0,0.00499999988824129,332.685,2026-09-11 19:44:22,2026-09-11 15:45:04
AAPL,AAPL260918C00560000,AAPL,2026-09-18,C,560.0,0.0,0.0,0.01,1.0,1.099,11.0,0.0,0.0004,0.0,0.0007,-0.0036,0.0,0.0051,0.0,0.0,0.0,0.0,down,0.07,2026-08-11T13:17:53,0.0,0.00499999988824129,332.685,2026-09-11 19:44:22,2026-09-11 15:45:04
AAPL,AAPL260918C00570000,AAPL,2026-09-18,C,570.0,0.0,0.0,0.01,1.0,1.1331,4.0,0.0,0.0004,0.0,0.0007,-0.0035,0.0,0.0049,0.0,0.0,0.0,0.0,up,0.51,2026-08-25T10:09:31,0.0,0.00499999988824129,332.685,2026-09-11 19:44:22,2026-09-11 15:45:04
AAPL,AAPL260918C00580000,AAPL,2026-09-18,C,580.0,0.0,0.0,0.01,1010.0,1.1666,2.0,0.0,0.0004,0.0,0.0006,-0.0034,0.0,0.0047,0.0,0.0,0.0,0.0,down,0.01,2026-08-26T11:43:07,0.0,0.00499999988824129,332.685,2026-09-11 19:44:22,2026-09-11 15:45:04
AAPL,AAPL260918C00590000,AAPL,2026-09-18,C,590.0,0.0,0.0,0.01,1010.0,1.1994,3.0,0.0,0.0004,0.0,0.0006,-0.0033,0.0,0.0046,0.0,0.0,0.0,0.0,down,0.01,2026-08-19T13:59:24,0.0,0.00499999988824129,332.685,2026-09-11 19:44:22,2026-09-11 15:45:04
AAPL,AAPL260918C00600000,AAPL,2026-09-18,C,600.0,0.0,0.0,0.01,1019.0,1.2316,4590.0,0.0,0.0004,0.0,0.0006,-0.0032,0.0,0.0044,0.0,0.0,0.0,0.0,no_change,0.01,2026-08-20T09:51:54,0.0,0.00499999988824129,332.685,2026-09-11 19:44:22,2026-09-11 15:45:04
AAPL,AAPL260918P00050000,AAPL,2026-09-18,P,50.0,0.0,0.0,0.01,2010.0,3.9937,1590.0,0.0,0.0,0.0,0.0,0.0,0.0,0.0,0.0,0.0,0.0,0.0,no_change,0.01,2026-09-08T15:13:05,0.0,0.00499999988824129,332.685,2026-09-11 19:44:22,2026-09-11 15:45:04
AAPL,AAPL260918P00055000,AAPL,2026-09-18,P,55.0,0.0,0.0,0.01,2010.0,3.793,1294.0,0.0,0.0,0.0,0.0,0.0,0.0,0.0,0.0,0.0,0.0,0.0,down,0.11,2026-08-05T10:12:15,0.0,0.00499999988824129,332.685,2026-09-11 19:44:22,2026-09-11 15:45:04
AAPL,AAPL260918P00060000,AAPL,2026-09-18,P,60.0,0.0,0.0,0.01,2010.0,3.6105,123.0,0.0,0.0,0.0,0.0,-0.0001,0.0,0.0001,0.0,0.0,0.0,0.0,no_change,0.01,2026-08-24T13:40:27,0.0,0.00499999988824129,332.685,2026-09-11 19:44:22,2026-09-11 15:45:04
AAPL,AAPL260918P00065000,AAPL,2026-09-18,P,65.0,0.0,0.0,0.01,2010.0,3.4431,24.0,0.0,0.0,0.0,0.0,-0.0001,0.0,0.0001,0.0,0.0,0.0,0.0,down,0.02,2026-08-21T12:29:12,0.0,0.00499999988824129,332.685,2026-09-11 19:44:22,2026-09-11 15:45:04
AAPL,AAPL260918P00070000,AAPL,2026-09-18,P,70.0,0.0,0.0,0.01,1010.0,3.2885,141.0,0.0,0.0,0.0,0.0,-0.0001,0.0,0.0001,0.0,0.0,0.0,0.0,no_change,0.01,2026-08-28T14:30:06,0.0,0.00499999988824129,332.685,2026-09-11 19:44:22,2026-09-11 15:45:04
AAPL,AAPL260918P00075000,AAPL,2026-09-18,P,75.0,0.0,0.0,0.01,1010.0,3.1449,215.0,0.0,0.0,0.0,0.0,-0.0001,0.0,0.0002,0.0,0.0,0.0,0.0,no_change,0.01,2026-08-11T12:21:48,0.0,0.00999999977648258,332.685,2026-09-11 19:44:22,2026-09-11 15:45:04
AAPL,AAPL260918P00080000,AAPL,2026-09-18,P,80.0,0.0,0.0,0.01,1010.0,3.0108,82.0,0.0,0.0,0.0,0.0,-0.0002,0.0,0.0002,0.0,0.0,0.0,0.0,down,0.02,2026-04-20T15:49:10,0.0,0.00499999988824129,332.685,2026-09-11 19:44:22,2026-09-11 15:45:04
AAPL,AAPL260918P00085000,AAPL,2026-09-18,P,85.0,0.0,0.0,0.01,1010.0,2.8851,1041.0,0.0,0.0,0.0,0.0,-0.0002,0.0,0.0003,0.0,0.0,0.0,0.0,no_change,0.01,2026-09-09T12:23:19,0.0,0.259999990463257,332.685,2026-09-11 19:44:22,2026-09-11 15:45:04
AAPL,AAPL260918P00090000,AAPL,2026-09-18,P,90.0,0.0,0.0,0.01,1010.0,2.7667,1079.0,0.0,0.0,0.0,0.0,-0.0003,0.0,0.0004,0.0,0.0,0.0,0.0,no_change,0.01,2026-09-09T12:21:52,0.0,0.259999990463257,332.685,2026-09-11 19:44:22,2026-09-11 15:45:04
AAPL,AAPL260918P00095000,AAPL,2026-09-18,P,95.0,0.0,0.0,0.01,1010.0,2.6548,1146.0,0.0,0.0,0.0,0.0,-0.0003,0.0,0.0004,0.0,0.0,0.0,0.0,down,0.01,2026-09-09T12:21:50,0.0,0.00499999988824129,332.685,2026-09-11 19:44:22,2026-09-11 15:45:04
AAPL,AAPL260918P00100000,AAPL,2026-09-18,P,100.0,0.0,0.0,0.01,1010.0,2.5489,1477.0,0.0,0.0,0.0,0.0,-0.0004,0.0,0.0005,0.0,0.0,0.0,0.0,no_change,0.01,2026-09-10T15:20:38,0.0,0.00499999988824129,332.685,2026-09-11 19:44:22,2026-09-11 15:45:04
AAPL,AAPL260918P00105000,AAPL,2026-09-18,P,105.0,0.0,0.0,0.01,1.0,2.4482,202.0,0.0,0.0,0.0,0.0,-0.0005,0.0,0.0006,0.0,0.0,0.0,0.0,down,0.02,2026-08-19T10:22:47,0.0,0.0350000001490116,332.685,2026-09-11 19:44:22,2026-09-11 15:45:04
AAPL,AAPL260918P00110000,AAPL,2026-09-18,P,110.0,0.0,0.0,0.26,270.0,3.1151,295.0,0.0,0.0,0.0,0.0001,-0.0006,0.0,0.0007,0.0,0.0,0.0,0.0,no_change,0.01,2026-09-02T15:34:36,0.0,0.254999995231628,332.685,2026-09-11 19:44:22,2026-09-11 15:45:04
AAPL,AAPL260918P00115000,AAPL,2026-09-18,P,115.0,0.0,0.0,0.01,1.0,2.2606,339.0,0.0,0.0,0.0,0.0001,-0.0006,0.0,0.0008,0.0,0.0,0.0,0.0,no_change,0.01,2026-08-11T09:30:29,0.0,0.00499999988824129,332.685,2026-09-11 19:44:22,2026-09-11 15:45:04
AAPL,AAPL260918P00120000,AAPL,2026-09-18,P,120.0,0.0,0.0,0.03,14.0,2.3569,1423.0,0.0,0.0,0.0,0.0001,-0.0007,0.0,0.001,0.0,0.0,0.0,0.0,up,0.07,2026-08-25T15:56:49,0.0,0.0149999996647239,332.685,2026-09-11 19:44:22,2026-09-11 15:45:04
AAPL,AAPL260918P00125000,AAPL,2026-09-18,P,125.0,0.0,0.0,0.03,37.0,2.2661,287.0,0.0,-0.0001,0.0,0.0001,-0.0008,0.0,0.0011,0.0,0.0,0.0,0.0,down,0.01,2026-08-07T09:30:03,0.0,0.0149999996647239,332.685,2026-09-11 19:44:22,2026-09-11 15:45:04
AAPL,AAPL260918P00130000,AAPL,2026-09-18,P,130.0,0.0,0.0,0.01,1010.0,2.008,1083.0,0.0,-0.0001,0.0,0.0001,-0.001,0.0,0.0013,0.0,0.0,0.0,0.0,no_change,0.01,2026-08-26T10:45:58,0.0,0.00499999988824129,332.685,2026-09-11 19:44:22,2026-09-11 15:45:04
AAPL,AAPL260918P00135000,AAPL,2026-09-18,P,135.0,0.0,0.0,0.01,1010.0,1.9303,293.0,0.0,-0.0001,0.0,0.0001,-0.0011,0.0,0.0014,0.0,0.0,0.0,0.0,no_change,0.01,2026-08-26T14:12:19,0.0,0.00499999988824129,332.685,2026-09-11 19:44:22,2026-09-11 15:45:04
AAPL,AAPL260918P00140000,AAPL,2026-09-18,P,140.0,0.0,0.0,0.01,1003.0,1.8554,1074.0,0.0,-0.0001,0.0,0.0002,-0.0012,0.0,0.0016,0.0,0.0,0.0,0.0,down,0.01,2026-09-10T15:42:35,0.0,0.00499999988824129,332.685,2026-09-11 19:44:22,2026-09-11 15:45:04
AAPL,AAPL260918P00145000,AAPL,2026-09-18,P,145.0,0.0,0.0,0.01,1010.0,1.7832,545.0,0.0,-0.0001,0.0,0.0002,-0.0013,0.0,0.0018,0.0,0.0,0.0,0.0,down,0.02,2026-09-02T15:39:37,0.0,0.00499999988824129,332.685,2026-09-11 19:44:22,2026-09-11 15:45:04
AAPL,AAPL260918P00150000,AAPL,2026-09-18,P,150.0,0.0,0.0,0.01,1007.0,1.7133,4769.0,0.0,-0.0001,0.0,0.0002,-0.0014,0.0,0.002,0.0,0.0,0.0,0.0,no_change,0.01,2026-09-10T15:42:35,0.0,0.00499999988824129,332.685,2026-09-11 19:44:22,2026-09-11 15:45:04
AAPL,AAPL260918P00155000,AAPL,2026-09-18,P,155.0,0.0,0.0,0.01,1010.0,1.6458,1271.0,0.0,-0.0001,0.0,0.0002,-0.0016,0.0,0.0022,0.0,0.0,0.0,0.0,no_change,0.02,2026-09-02T14:53:13,0.0,0.00499999988824129,332.685,2026-09-11 19:44:22,2026-09-11 15:45:04
AAPL,AAPL260918P00160000,AAPL,2026-09-18,P,160.0,0.0,0.0,0.01,1010.0,1.5803,4269.0,0.0,-0.0001,0.0,0.0003,-0.0018,0.0,0.0024,0.0,0.0,0.0,0.0,down,0.02,2026-08-28T12:21:19,0.0,0.00499999988824129,332.685,2026-09-11 19:44:22,2026-09-11 15:45:04
AAPL,AAPL260918P00165000,AAPL,2026-09-18,P,165.0,0.0,0.0,0.01,1009.0,1.5169,3005.0,1.0,-0.0002,0.0,0.0003,-0.0019,0.0,0.0027,0.005,0.01,0.01,0.01,down,0.01,2026-09-11T11:42:54,100.0,0.00499999988824129,332.685,2026-09-11 19:44:22,2026-09-11 15:45:04
AAPL,AAPL260918P00170000,AAPL,2026-09-18,P,170.0,0.0,0.0,0.01,1010.0,1.4553,3846.0,0.0,-0.0002,0.0,0.0003,-0.0021,0.0,0.003,0.0,0.0,0.0,0.0,no_change,0.02,2026-09-09T10:52:52,0.0,0.00499999988824129,332.685,2026-09-11 19:44:22,2026-09-11 15:45:04
AAPL,AAPL260918P00175000,AAPL,2026-09-18,P,175.0,0.0,0.0,0.01,9500.0,1.3955,1813.0,0.0,-0.0002,0.0,0.0004,-0.0023,0.0,0.0032,0.0,0.0,0.0,0.0,down,0.01,2026-08-31T12:40:25,0.0,0.00499999988824129,332.685,2026-09-11 19:44:22,2026-09-11 15:45:04
AAPL,AAPL260918P00180000,AAPL,2026-09-18,P,180.0,0.0,0.0,0.01,9500.0,1.3373,5077.0,0.0,-0.0002,0.0,0.0004,-0.0025,0.0,0.0035,0.0,0.0,0.0,0.0,down,0.01,2026-09-10T15:42:35,0.0,0.00499999988824129,332.685,2026-09-11 19:44:22,2026-09-11 15:45:04
AAPL,AAPL260918P00185000,AAPL,2026-09-18,P,185.0,0.0,0.0,0.01,9500.0,1.2806,4961.0,10500.0,-0.0003,0.0,0.0005,-0.0027,0.0,0.0039,-0.02,0.01,0.01,0.01,no_change,0.01,2026-09-11T11:18:36,-66.6667,0.0299999993294477,332.685,2026-09-11 19:44:22,2026-09-11 15:45:04
AAPL,AAPL260918P00190000,AAPL,2026-09-18,P,190.0,0.0,0.0,0.01,9500.0,1.2254,3009.0,1000.0,-0.0003,0.0,0.0005,-0.0029,0.0,0.0042,-0.01,0.01,0.01,0.01,no_change,0.01,2026-09-11T11:18:34,-50.0,0.0199999995529652,332.685,2026-09-11 19:44:22,2026-09-11 15:45:04
AAPL,AAPL260918P00195000,AAPL,2026-09-18,P,195.0,0.0,0.0,0.01,9200.0,1.1715,9782.0,1310.0,-0.0004,0.0,0.0006,-0.0032,0.0,0.0046,-0.015,0.01,0.01,0.01,no_change,0.01,2026-09-11T12:56:47,-60.0,0.025000000372529,332.685,2026-09-11 19:44:22,2026-09-11 15:45:04
AAPL,AAPL260918P00200000,AAPL,2026-09-18,P,200.0,0.0,0.0,0.01,26.0,1.119,12605.0,5097.0,-0.0004,0.0,0.0006,-0.0034,0.0,0.005,0.005,0.01,0.01,0.01,no_change,0.01,2026-09-11T15:23:08,100.0,0.00499999988824129,332.685,2026-09-11 19:44:22,2026-09-11 15:45:04
AAPL,AAPL260918P00205000,AAPL,2026-09-18,P,205.0,0.0,0.0,0.01,9.0,1.0676,8338.0,0.0,-0.0004,0.0,0.0007,-0.0037,0.0,0.0055,0.0,0.0,0.0,0.0,down,0.01,2026-09-08T15:59:30,0.0,0.00499999988824129,332.685,2026-09-11 19:44:22,2026-09-11 15:45:04
AAPL,AAPL260918P00210000,AAPL,2026-09-18,P,210.0,0.0,0.0,0.01,1.0,1.0175,6704.0,0.0,-0.0005,0.0,0.0008,-0.004,0.0,0.006,0.0,0.0,0.0,0.0,up,0.02,2026-09-09T15:25:28,0.0,0.0299999993294477,332.685,2026-09-11 19:44:22,2026-09-11 15:45:04
AAPL,AAPL260918P00215000,AAPL,2026-09-18,P,215.0,0.0,0.0,0.03,519.0,1.0565,6183.0,10.0,-0.0006,0.0,0.0009,-0.0044,0.0,0.0067,0.01,0.01,0.03,0.01,no_change,0.02,2026-09-11T13:59:21,100.0,0.00999999977648258,332.685,2026-09-11 19:44:22,2026-09-11 15:45:04
AAPL,AAPL260918P00220000,AAPL,2026-09-18,P,220.0,0.0,0.0,0.05,108.0,1.0514,9594.0,2.0,-0.0007,0.0,0.001,-0.0048,0.0,0.0073,0.005,0.01,0.01,0.01,down,0.01,2026-09-11T12:24:52,100.0,0.00499999988824129,332.685,2026-09-11 19:44:22,2026-09-11 15:45:04
AAPL,AAPL260918P00225000,AAPL,2026-09-18,P,225.0,0.0,0.0,0.02,121.0,0.9219,8125.0,11.0,-0.0008,0.0001,0.0012,-0.0053,0.0,0.0082,0.005,0.02,0.02,0.02,no_change,0.02,2026-09-11T15:21:34,33.3333,0.0149999996647239,332.685,2026-09-11 19:44:22,2026-09-11 15:45:04
AAPL,AAPL260918P00230000,AAPL,2026-09-18,P,230.0,0.0,0.0,0.05,474.0,0.9466,6652.0,25.0,-0.0009,0.0001,0.0014,-0.0058,0.0,0.0091,-0.02,0.02,0.02,0.01,no_change,0.01,2026-09-11T13:03:52,-66.6667,0.0300000002607703,332.685,2026-09-11 19:44:22,2026-09-11 15:45:04
AAPL,AAPL260918P00235000,AAPL,2026-09-18,P,235.0,0.01,1.0,0.03,388.0,0.8773,6397.0,47.0,-0.001,0.0001,0.0016,-0.0064,-0.0001,0.0102,0.0,0.01,0.03,0.01,down,0.02,2026-09-11T15:27:46,2.23517e-06,0.0199999995529652,332.685,2026-09-11 19:44:22,2026-09-11 15:45:04
AAPL,AAPL260918P00240000,AAPL,2026-09-18,P,240.0,0.01,1.0,0.03,251.0,0.8282,11264.0,10.0,-0.0012,0.0001,0.0018,-0.0072,-0.0001,0.0116,0.04,0.05,0.05,0.05,up,0.05,2026-09-11T12:15:24,400.0,0.00999999977648258,332.685,2026-09-11 19:44:22,2026-09-11 15:45:04
AAPL,AAPL260918P00245000,AAPL,2026-09-18,P,245.0,0.01,4.0,0.04,415.0,0.7966,4916.0,52.0,-0.0014,0.0001,0.0022,-0.0081,-0.0001,0.0133,0.045,0.02,0.06,0.02,up,0.06,2026-09-11T14:35:50,300.0,0.0149999996647239,332.685,2026-09-11 19:44:22,2026-09-11 15:45:04
AAPL,AAPL260918P00250000,AAPL,2026-09-18,P,250.0,0.01,30.0,0.05,330.0,0.7618,8759.0,370.0,-0.0017,0.0002,0.0026,-0.0092,-0.0001,0.0154,0.0,0.03,0.03,0.01,up,0.02,2026-09-11T14:35:22,2.23517e-06,0.0199999995529652,332.685,2026-09-11 19:44:22,2026-09-11 15:45:04
AAPL,AAPL260918P00255000,AAPL,2026-09-18,P,255.0,0.01,227.0,0.03,456.0,0.6859,9961.0,36.0,-0.0021,0.0002,0.003,-0.0106,-0.0001,0.0181,-0.005,0.02,0.03,0.02,no_change,0.02,2026-09-11T13:49:04,-20.0,0.0249999994412065,332.685,2026-09-11 19:44:22,2026-09-11 15:45:04
AAPL,AAPL260918P00260000,AAPL,2026-09-18,P,260.0,0.01,132.0,0.06,617.0,0.6766,8464.0,85.0,-0.0025,0.0003,0.0037,-0.0123,-0.0001,0.0215,-0.015,0.03,0.07,0.01,down,0.02,2026-09-11T14:26:14,-42.8571,0.034999999217689,332.685,2026-09-11 19:44:22,2026-09-11 15:45:04
AAPL,AAPL260918P00265000,AAPL,2026-09-18,P,265.0,0.01,522.0,0.03,523.0,0.5947,8038.0,430.0,-0.0032,0.0003,0.0045,-0.0146,-0.0002,0.0261,-0.015,0.02,0.05,0.01,no_change,0.03,2026-09-11T15:22:05,-33.3333,0.0449999999254942,332.685,2026-09-11 19:44:22,2026-09-11 15:45:04
AAPL,AAPL260918P00270000,AAPL,2026-09-18,P,270.0,0.02,74.0,0.03,81.0,0.5624,12413.0,252.0,-0.004,0.0004,0.0056,-0.0173,-0.0002,0.032,-0.02,0.05,0.05,0.02,up,0.04,2026-09-11T14:43:00,-33.3333,0.0600000005215406,332.685,2026-09-11 19:44:22,2026-09-11 15:45:04
AAPL,AAPL260918P00275000,AAPL,2026-09-18,P,275.0,0.03,5.0,0.04,91.0,0.5361,10583.0,282.0,-0.0052,0.0006,0.007,-0.0208,-0.0003,0.0398,-0.045,0.06,0.06,0.03,no_change,0.04,2026-09-11T14:43:01,-52.9412,0.0850000008940697,332.685,2026-09-11 19:44:22,2026-09-11 15:45:04
AAPL,AAPL260918P00280000,AAPL,2026-09-18,P,280.0,0.04,117.0,0.05,134.0,0.5044,11320.0,560.0,-0.0068,0.0008,0.0089,-0.0253,-0.0004,0.0502,-0.06,0.09,0.09,0.03,no_change,0.05,2026-09-11T14:43:00,-54.5455,0.109999999403954,332.685,2026-09-11 19:44:22,2026-09-11 15:45:04
AAPL,AAPL260918P00282500,AAPL,2026-09-18,P,282.5,0.05,488.0,0.06,81.0,0.4926,43.0,398.0,-0.0078,0.0009,0.0101,-0.028,-0.0005,0.0568,-0.075,0.09,0.09,0.05,no_change,0.05,2026-09-11T15:29:21,-60.0,0.125,332.685,2026-09-11 19:44:22,2026-09-11 15:45:04
AAPL,AAPL260918P00285000,AAPL,2026-09-18,P,285.0,0.05,298.0,0.06,100.0,0.4691,11228.0,538.0,-0.009,0.0011,0.0115,-0.031,-0.0005,0.0644,-0.095,0.13,0.13,0.05,no_change,0.05,2026-09-11T15:25:25,-65.5172,0.145000003278255,332.685,2026-09-11 19:44:22,2026-09-11 15:45:04
AAPL,AAPL260918P00287500,AAPL,2026-09-18,P,287.5,0.07,109.0,0.08,384.0,0.4633,763.0,164.0,-0.0104,0.0013,0.0131,-0.0344,-0.0006,0.0734,-0.09,0.08,0.09,0.05,up,0.08,2026-09-11T15:21:28,-52.9412,0.170000001788139,332.685,2026-09-11 19:44:22,2026-09-11 15:45:04
AAPL,AAPL260918P00290000,AAPL,2026-09-18,P,290.0,0.08,38.0,0.09,41.0,0.4465,13885.0,1478.0,-0.0121,0.0015,0.0149,-0.0384,-0.0007,0.084,-0.105,0.18,0.18,0.07,up,0.09,2026-09-11T15:21:03,-53.8462,0.195000000298023,332.685,2026-09-11 19:44:22,2026-09-11 15:45:04
AAPL,AAPL260918P00292500,AAPL,2026-09-18,P,292.5,0.09,86.0,0.1,48.0,0.4286,931.0,479.0,-0.0142,0.0018,0.0171,-0.0428,-0.0008,0.0966,-0.125,0.18,0.18,0.08,no_change,0.1,2026-09-11T15:22:32,-55.5556,0.225000001490116,332.685,2026-09-11 19:44:22,2026-09-11 15:45:04
AAPL,AAPL260918P00295000,AAPL,2026-09-18,P,295.0,0.11,5.0,0.12,63.0,0.4152,10949.0,907.0,-0.0166,0.0022,0.0197,-0.0479,-0.001,0.1114,-0.135,0.19,0.22,0.1,up,0.12,2026-09-11T15:25:25,-52.9412,0.254999995231628,332.685,2026-09-11 19:44:22,2026-09-11 15:45:04
AAPL,AAPL260918P00297500,AAPL,2026-09-18,P,297.5,0.12,259.0,0.14,240.0,0.3973,3383.0,570.0,-0.0195,0.0026,0.0225,-0.0533,-0.0011,0.1282,-0.17,0.22,0.22,0.12,no_change,0.13,2026-09-11T15:28:27,-56.6667,0.299999997019768,332.685,2026-09-11 19:44:22,2026-09-11 15:45:04
AAPL,AAPL260918P00300000,AAPL,2026-09-18,P,300.0,0.15,24.0,0.16,21.0,0.3824,31326.0,3162.0,-0.0233,0.0031,0.0262,-0.0602,-0.0014,0.1505,-0.21,0.29,0.31,0.13,no_change,0.15,2026-09-11T15:27:46,-58.3333,0.359999999403954,332.685,2026-09-11 19:44:22,2026-09-11 15:45:04
AAPL,AAPL260918P00302500,AAPL,2026-09-18,P,302.5,0.17,176.0,0.19,174.0,0.3654,3219.0,432.0,-0.0278,0.0038,0.0304,-0.0677,-0.0016,0.1764,-0.245,0.31,0.36,0.16,no_change,0.19,2026-09-11T14:38:26,-56.3218,0.435000002384186,332.685,2026-09-11 19:44:22,2026-09-11 15:45:04
AAPL,AAPL260918P00305000,AAPL,2026-09-18,P,305.0,0.21,4.0,0.22,146.0,0.3493,11459.0,1525.0,-0.0336,0.0046,0.0354,-0.0765,-0.0019,0.209,-0.325,0.42,0.45,0.17,no_change,0.22,2026-09-11T15:28:39,-59.633,0.545000016689301,332.685,2026-09-11 19:44:22,2026-09-11 15:45:04
AAPL,AAPL260918P00307500,AAPL,2026-09-18,P,307.5,0.25,183.0,0.26,158.0,0.3326,2383.0,1353.0,-0.0409,0.0057,0.0417,-0.0869,-0.0023,0.2501,-0.44,0.51,0.56,0.21,no_change,0.25,2026-09-11T15:26:03,-63.7681,0.689999997615814,332.685,2026-09-11 19:44:22,2026-09-11 15:45:04
AAPL,AAPL260918P00310000,AAPL,2026-09-18,P,310.0,0.3,123.0,0.31,113.0,0.3158,13248.0,10913.0,-0.0505,0.0071,0.0492,-0.0995,-0.0029,0.3047,-0.6,0.64,0.75,0.26,no_change,0.3,2026-09-11T15:26:18,-66.6667,0.900000005960464,332.685,2026-09-11 19:44:22,2026-09-11 15:45:04
AAPL,AAPL260918P00312500,AAPL,2026-09-18,P,312.5,0.37,212.0,0.39,138.0,0.301,2363.0,1625.0,-0.0635,0.0089,0.0588,-0.1155,-0.0035,0.3804,-0.83,0.85,0.97,0.32,down,0.38,2026-09-11T15:27:35,-68.595,1.21000003814697,332.685,2026-09-11 19:44:22,2026-09-11 15:45:04
AAPL,AAPL260918P00315000,AAPL,2026-09-18,P,315.0,0.48,198.0,0.49,116.0,0.2872,8003.0,5565.0,-0.0814,0.0113,0.0712,-0.1358,-0.0044,0.4887,-1.155,1.13,1.32,0.41,down,0.47,2026-09-11T15:29:12,-71.0769,1.625,332.685,2026-09-11 19:44:22,2026-09-11 15:45:04
AAPL,AAPL260918P00317500,AAPL,2026-09-18,P,317.5,0.63,79.0,0.65,133.0,0.2753,3269.0,1507.0,-0.1062,0.0143,0.0865,-0.1614,-0.0056,0.647,-1.545,1.5,1.65,0.52,no_change,0.64,2026-09-11T15:28:27,-70.7094,2.18500006198883,332.685,2026-09-11 19:44:22,2026-09-11 15:45:04
AAPL,AAPL260918P00320000,AAPL,2026-09-18,P,320.0,0.86,130.0,0.88,64.0,0.2655,8127.0,8550.0,-0.1402,0.0181,0.1046,-0.1928,-0.0076,0.8796,-2.055,2.09,2.14,0.7,no_change,0.87,2026-09-11T15:28:42,-70.2564,2.92500007152557,332.685,2026-09-11 19:44:22,2026-09-11 15:45:04
AAPL,AAPL260918P00322500,AAPL,2026-09-18,P,322.5,1.2,20.0,1.22,20.0,0.2582,1861.0,4638.0,-0.1855,0.0224,0.1251,-0.2284,-0.0092,1.2163,-2.545,2.73,2.78,0.98,no_change,1.23,2026-09-11T15:27:43,-67.4172,3.77499997615814,332.685,2026-09-11 19:44:22,2026-09-11 15:45:04
AAPL,AAPL260918P00325000,AAPL,2026-09-18,P,325.0,1.69,22.0,1.71,48.0,0.2532,6871.0,13490.0,-0.2434,0.0269,0.1458,-0.2653,-0.0119,1.6917,-3.21,3.7,4.25,1.31,down,1.69,2026-09-11T15:29:12,-65.5102,4.89999985694885,332.685,2026-09-11 19:44:22,2026-09-11 15:45:04
AAPL,AAPL260918P00327500,AAPL,2026-09-18,P,327.5,2.35,1.0,2.37,71.0,0.2494,500.0,3315.0,-0.3137,0.031,0.1643,-0.2984,-0.015,2.3406,-3.815,5.15,5.15,1.82,down,2.36,2026-09-11T15:28:35,-61.7814,6.17499995231628,332.685,2026-09-11 19:44:22,2026-09-11 15:45:04
AAPL,AAPL260918P00330000,AAPL,2026-09-18,P,330.0,3.15,475.0,3.25,310.0,0.2448,7475.0,16708.0,-0.3945,0.0342,0.1778,-0.3222,-0.0183,3.194,-4.4,6.5,6.5,2.45,no_change,3.2,2026-09-11T15:28:33,-57.8947,7.59999990463257,332.685,2026-09-11 19:44:22,2026-09-11 15:45:04
AAPL,AAPL260918P00332500,AAPL,2026-09-18,P,332.5,4.25,89.0,4.35,392.0,0.2433,152.0,4534.0,-0.4821,0.0359,0.1839,-0.3321,-0.0209,4.2746,-5.045,7.0,7.0,3.25,down,4.28,2026-09-11T15:29:07,-54.1019,9.32499980926514,332.685,2026-09-11 19:44:22,2026-09-11 15:45:04
AAPL,AAPL260918P00335000,AAPL,2026-09-18,P,335.0,5.55,45.0,5.65,276.0,0.2406,2573.0,10578.0,-0.5719,0.0358,0.1807,-0.3256,-0.022,5.5942,-5.65,10.09,10.09,4.3,up,5.65,2026-09-11T15:26:56,-50.0,11.3000001907349,332.685,2026-09-11 19:44:22,2026-09-11 15:45:04
AAPL,AAPL260918P00337500,AAPL,2026-09-18,P,337.5,7.1,13.0,7.2,42.0,0.2393,1219.0,1563.0,-0.6585,0.0338,0.1694,-0.3033,-0.024,7.1503,-6.0,7.8,8.15,5.57,no_change,7.15,2026-09-11T15:22:08,-45.6274,13.1500000953674,332.685,2026-09-11 19:44:22,2026-09-11 15:45:04
AAPL,AAPL260918P00340000,AAPL,2026-09-18,P,340.0,8.85,13.0,8.95,87.0,0.2375,2593.0,2387.0,-0.7374,0.0303,0.1515,-0.2689,-0.0249,8.9239,-6.26,13.6,13.87,7.0,up,8.99,2026-09-11T15:24:22,-41.0492,15.25,332.685,2026-09-11 19:44:22,2026-09-11 15:45:04
AAPL,AAPL260918P00342500,AAPL,2026-09-18,P,342.5,10.8,30.0,10.9,18.0,0.2386,0.0,995.0,-0.8052,0.0258,0.1288,-0.2275,-0.0226,10.8888,-6.725,15.33,15.33,8.95,up,10.75,2026-09-11T13:51:44,-38.4836,17.4750003814697,332.685,2026-09-11 19:44:22,2026-09-11 15:45:04
AAPL,AAPL260918P00345000,AAPL,2026-09-18,P,345.0,12.9,69.0,13.05,33.0,0.2373,1219.0,3212.0,-0.8604,0.021,0.1039,-0.1844,-0.0196,13.0124,-6.755,12.0,13.17,10.85,up,13.02,2026-09-11T15:29:00,-34.1593,19.7749996185303,332.685,2026-09-11 19:44:22,2026-09-11 15:45:04
AAPL,AAPL260918P00347500,AAPL,2026-09-18,P,347.5,15.15,26.0,15.3,45.0,0.2389,3.0,49.0,-0.9028,0.0164,0.08,-0.1438,-0.0161,15.259,-6.9,13.85,15.4,13.0,down,15.25,2026-09-11T15:29:00,-31.1512,22.1499996185303,332.685,2026-09-11 19:44:22,2026-09-11 15:45:04
AAPL,AAPL260918P00350000,AAPL,2026-09-18,P,350.0,17.5,18.0,17.6,1.0,0.2433,32.0,3330.0,-0.9338,0.0124,0.0598,-0.1086,-0.0131,17.5946,-6.99,21.2,21.48,14.7,down,17.46,2026-09-11T15:19:51,-28.589,24.4499998092651,332.685,2026-09-11 19:44:22,2026-09-11 15:45:04
AAPL,AAPL260918P00355000,AAPL,2026-09-18,P,355.0,22.3,25.0,22.45,30.0,0.2355,0.0,88.0,-0.97,0.0065,0.0327,-0.0582,-0.0071,22.4281,-7.355,23.3,23.3,19.6,up,22.32,2026-09-11T14:44:25,-24.7852,29.6750001907349,332.685,2026-09-11 19:44:22,2026-09-11 15:45:04
AAPL,AAPL260918P00360000,AAPL,2026-09-18,P,360.0,27.25,23.0,27.4,32.0,0.2222,3.0,163.0,-0.9857,0.0034,0.0168,-0.0311,-0.0049,27.3675,-7.615,28.25,28.25,24.22,down,27.16,2026-09-11T14:56:57,-21.8979,34.7749996185303,332.685,2026-09-11 19:44:22,2026-09-11 15:45:04
AAPL,AAPL260918P00365000,AAPL,2026-09-18,P,365.0,32.25,12.0,32.4,40.0,0.2558,3.0,3.0,-0.9924,0.0019,0.0097,-0.0179,-0.0031,32.3442,-7.555,31.42,31.42,31.42,down,31.42,2026-09-11T10:34:51,-19.3842,38.9750003814697,332.685,2026-09-11 19:44:22,2026-09-11 15:45:04
AAPL,AAPL260918P00370000,AAPL,2026-09-18,P,370.0,37.25,30.0,37.4,50.0,0.2884,0.0,13.0,-0.9955,0.0011,0.006,-0.0113,-0.0018,37.3342,-7.475,37.1,38.0,35.4,up,37.35,2026-09-11T14:11:34,-16.676,44.8249988555908,332.685,2026-09-11 19:44:22,2026-09-11 15:45:04
AAPL,AAPL260918P00375000,AAPL,2026-09-18,P,375.0,42.25,20.0,42.4,50.0,0.3203,0.0,2.0,-0.9971,0.0007,0.0044,-0.0076,-0.0016,42.3291,-7.375,40.85,42.35,40.85,up,42.35,2026-09-11T14:58:04,-14.8316,49.7250003814697,332.685,2026-09-11 19:44:22,2026-09-11 15:45:04
AAPL,AAPL260918P00380000,AAPL,2026-09-18,P,380.0,47.25,18.0,47.4,50.0,0.3514,0.0,3.0,-0.998,0.0005,0.0029,-0.0057,-0.001,47.3266,-9.825,44.8,44.8,44.8,down,44.8,2026-09-11T11:03:24,-17.9863,54.625,332.685,2026-09-11 19:44:22,2026-09-11 15:45:04
AAPL,AAPL260918P00385000,AAPL,2026-09-18,P,385.0,50.75,132.0,53.1,115.0,0.0,0.0,0.0,-0.9985,0.0004,0.0023,-0.0044,-0.0009,52.325,0.0,0.0,0.0,0.0,no_change,0.0,,0.0,59.6749992370606,332.685,2026-09-11 19:44:22,2026-09-11 15:45:04
AAPL,AAPL260918P00390000,AAPL,2026-09-18,P,390.0,56.1,131.0,58.7,126.0,0.5209,0.0,0.0,-0.9988,0.0003,0.0019,-0.0036,-0.0008,57.324,0.0,0.0,0.0,0.0,down,82.21,2026-08-21T10:15:01,0.0,64.5500011444092,332.685,2026-09-11 19:44:22,2026-09-11 15:45:04
AAPL,AAPL260918P00395000,AAPL,2026-09-18,P,395.0,61.1,126.0,63.3,120.0,0.0,0.0,0.0,-0.999,0.0002,0.0015,-0.0031,-0.0005,62.3235,0.0,0.0,0.0,0.0,up,93.51,2026-08-12T15:46:25,0.0,69.8250007629394,332.685,2026-09-11 19:44:22,2026-09-11 15:45:04
AAPL,AAPL260918P00400000,AAPL,2026-09-18,P,400.0,66.1,129.0,68.05,117.0,0.0,0.0,0.0,-0.9992,0.0002,0.0012,-0.0028,-0.0005,67.3231,0.0,0.0,0.0,0.0,down,90.51,2026-08-05T15:32:10,0.0,74.5750007629394,332.685,2026-09-11 19:44:22,2026-09-11 15:45:04
AAPL,AAPL260918P00405000,AAPL,2026-09-18,P,405.0,71.1,127.0,73.35,122.0,0.0,0.0,0.0,-0.9993,0.0001,0.0011,-0.0025,-0.0005,72.3228,0.0,0.0,0.0,0.0,up,72.95,2026-07-16T13:06:56,0.0,79.5750007629394,332.685,2026-09-11 19:44:22,2026-09-11 15:45:04
AAPL,AAPL260918P00410000,AAPL,2026-09-18,P,410.0,76.1,129.0,78.75,122.0,0.6768,0.0,0.0,-0.9994,0.0001,0.001,-0.0024,-0.0004,77.3226,0.0,0.0,0.0,0.0,up,77.51,2026-07-24T15:33:04,0.0,84.5500030517578,332.685,2026-09-11 19:44:22,2026-09-11 15:45:04
AAPL,AAPL260918P00415000,AAPL,2026-09-18,P,415.0,81.1,127.0,83.2,124.0,0.0,0.0,0.0,-0.9994,0.0001,0.0009,-0.0022,-0.0005,82.3224,0.0,0.0,0.0,0.0,no_change,0.0,,0.0,89.7999992370606,332.685,2026-09-11 19:44:22,2026-09-11 15:45:04
AAPL,AAPL260918P00420000,AAPL,2026-09-18,P,420.0,86.1,127.0,88.2,137.0,0.0,0.0,0.0,-0.9995,0.0001,0.0008,-0.0021,-0.0005,87.3223,0.0,0.0,0.0,0.0,up,147.75,2025-11-21T14:47:51,0.0,94.6500015258789,332.685,2026-09-11 19:44:22,2026-09-11 15:45:04
AAPL,AAPL260918P00430000,AAPL,2026-09-18,P,430.0,96.1,137.0,98.1,117.0,0.0,0.0,0.0,-0.9996,0.0001,0.0008,-0.0019,-0.0004,97.3221,0.0,0.0,0.0,0.0,down,133.65,2026-06-24T13:18:48,0.0,104.650001525879,332.685,2026-09-11 19:44:22,2026-09-11 15:45:04
AAPL,AAPL260918P00440000,AAPL,2026-09-18,P,440.0,106.1,175.0,108.1,120.0,0.0,0.0,0.0,-0.9996,0.0001,0.0007,-0.0018,-0.0004,107.3219,0.0,0.0,0.0,0.0,no_change,0.0,,0.0,114.775001525879,332.685,2026-09-11 19:44:22,2026-09-11 15:45:04
AAPL,AAPL260918P00450000,AAPL,2026-09-18,P,450.0,116.1,124.0,118.3,117.0,0.0,0.0,0.0,-0.9996,0.0,0.0006,-0.0017,-0.0002,117.3218,0.0,0.0,0.0,0.0,no_change,0.0,,0.0,124.675003051758,332.685,2026-09-11 19:44:22,2026-09-11 15:45:04
AAPL,AAPL260918P00460000,AAPL,2026-09-18,P,460.0,126.1,141.0,128.2,125.0,0.0,0.0,0.0,-0.9997,0.0,0.0005,-0.0016,-0.0002,127.3217,0.0,0.0,0.0,0.0,no_change,0.0,,0.0,134.5,332.685,2026-09-11 19:44:22,2026-09-11 15:45:04
AAPL,AAPL260918P00470000,AAPL,2026-09-18,P,470.0,136.1,127.0,138.3,126.0,0.0,0.0,0.0,-0.9997,0.0,0.0004,-0.0016,-0.0002,137.3217,0.0,0.0,0.0,0.0,no_change,0.0,,0.0,144.550003051758,332.685,2026-09-11 19:44:22,2026-09-11 15:45:04
AAPL,AAPL260918P00480000,AAPL,2026-09-18,P,480.0,146.1,131.0,148.15,118.0,0.0,0.0,0.0,-0.9997,0.0,0.0004,-0.0015,-0.0002,147.3216,0.0,0.0,0.0,0.0,no_change,0.0,,0.0,154.599998474121,332.685,2026-09-11 19:44:22,2026-09-11 15:45:04
AAPL,AAPL260918P00490000,AAPL,2026-09-18,P,490.0,156.1,124.0,158.1,121.0,0.0,0.0,0.0,-0.9998,0.0,0.0004,-0.0014,-0.0002,157.3215,0.0,0.0,0.0,0.0,no_change,0.0,,0.0,164.75,332.685,2026-09-11 19:44:22,2026-09-11 15:45:04
AAPL,AAPL260918P00500000,AAPL,2026-09-18,P,500.0,166.1,127.0,168.3,123.0,0.0,0.0,0.0,-0.9998,0.0,0.0003,-0.0014,-0.0002,167.3215,0.0,0.0,0.0,0.0,up,194.27,2026-08-14T15:56:13,0.0,174.575004577637,332.685,2026-09-11 19:44:22,2026-09-11 15:45:04
AAPL,AAPL260918P00510000,AAPL,2026-09-18,P,510.0,176.1,142.0,178.2,127.0,0.0,0.0,0.0,-0.9998,0.0,0.0003,-0.0013,-0.0002,177.3214,0.0,0.0,0.0,0.0,no_change,0.0,,0.0,184.650001525879,332.685,2026-09-11 19:44:22,2026-09-11 15:45:04
AAPL,AAPL260918P00520000,AAPL,2026-09-18,P,520.0,186.1,127.0,188.2,122.0,0.0,0.0,0.0,-0.9998,0.0,0.0003,-0.0013,-0.0002,187.3214,0.0,0.0,0.0,0.0,no_change,0.0,,0.0,194.675003051758,332.685,2026-09-11 19:44:22,2026-09-11 15:45:04
AAPL,AAPL260918P00530000,AAPL,2026-09-18,P,530.0,196.1,128.0,198.3,134.0,0.0,0.0,0.0,-0.9998,0.0,0.0003,-0.0012,-0.0002,197.3213,0.0,0.0,0.0,0.0,no_change,0.0,,0.0,204.800003051758,332.685,2026-09-11 19:44:22,2026-09-11 15:45:04
AAPL,AAPL260918P00540000,AAPL,2026-09-18,P,540.0,206.1,127.0,208.2,119.0,0.0,0.0,0.0,-0.9998,0.0,0.0003,-0.0012,-0.0002,207.3212,0.0,0.0,0.0,0.0,no_change,0.0,,0.0,214.625,332.685,2026-09-11 19:44:22,2026-09-11 15:45:04
AAPL,AAPL260918P00550000,AAPL,2026-09-18,P,550.0,216.1,137.0,218.1,128.0,0.0,0.0,0.0,-0.9998,0.0,0.0003,-0.0011,-0.0002,217.3212,0.0,0.0,0.0,0.0,no_change,0.0,,0.0,224.625,332.685,2026-09-11 19:44:22,2026-09-11 15:45:04
AAPL,AAPL260918P00560000,AAPL,2026-09-18,P,560.0,226.1,132.0,228.25,124.0,0.0,0.0,0.0,-0.9998,0.0,0.0002,-0.001,-0.0002,227.3211,0.0,0.0,0.0,0.0,no_change,0.0,,0.0,234.550003051758,332.685,2026-09-11 19:44:22,2026-09-11 15:45:04
AAPL,AAPL260918P00570000,AAPL,2026-09-18,P,570.0,236.1,129.0,238.25,130.0,0.0,0.0,0.0,-0.9999,0.0,0.0002,-0.001,-0.0002,237.3211,0.0,0.0,0.0,0.0,no_change,0.0,,0.0,244.625,332.685,2026-09-11 19:44:22,2026-09-11 15:45:04
AAPL,AAPL260918P00580000,AAPL,2026-09-18,P,580.0,246.1,133.0,248.1,122.0,0.0,0.0,0.0,-0.9999,0.0,0.0002,-0.0009,-0.0002,247.321,0.0,0.0,0.0,0.0,no_change,0.0,,0.0,254.675003051758,332.685,2026-09-11 19:44:22,2026-09-11 15:45:04
AAPL,AAPL260918P00590000,AAPL,2026-09-18,P,590.0,256.1,129.0,258.3,128.0,0.0,0.0,0.0,-0.9999,0.0,0.0002,-0.0009,-0.0002,257.321,0.0,0.0,0.0,0.0,no_change,0.0,,0.0,264.899993896484,332.685,2026-09-11 19:44:22,2026-09-11 15:45:04
AAPL,AAPL260918P00600000,AAPL,2026-09-18,P,600.0,266.1,124.0,268.05,121.0,0.0,0.0,0.0,-0.9999,0.0,0.0002,-0.0008,-0.0001,267.3209,0.0,0.0,0.0,0.0,no_change,0.0,,0.0,274.774993896484,332.685,2026-09-11 19:44:22,2026-09-11 15:45:04
AAPL,AAPL260921C00250000,AAPL,2026-09-21,C,250.0,82.15,128.0,84.75,30.0,0.92,0.0,0.0,0.9961,0.0003,0.0064,-0.0174,0.0544,82.9864,0.0,0.0,0.0,0.0,no_change,0.0,,0.0,76.0,332.685,2026-09-11 19:44:22,2026-09-11 15:45:04
AAPL,AAPL260921C00255000,AAPL,2026-09-21,C,255.0,76.4,128.0,79.3,42.0,0.6614,0.0,0.0,0.9956,0.0004,0.0072,-0.0187,0.0555,77.9952,0.0,0.0,0.0,0.0,no_change,0.0,,0.0,71.0499992370606,332.685,2026-09-11 19:44:22,2026-09-11 15:45:04
AAPL,AAPL260921C00260000,AAPL,2026-09-21,C,260.0,71.55,131.0,74.8,30.0,0.7113,0.0,0.0,0.9949,0.0004,0.0082,-0.0201,0.0565,73.0047,0.0,0.0,0.0,0.0,up,60.92,2026-09-10T10:49:06,0.0,66.0749969482422,332.685,2026-09-11 19:44:22,2026-09-11 15:45:04
AAPL,AAPL260921C00265000,AAPL,2026-09-21,C,265.0,67.15,122.0,69.8,30.0,0.7614,0.0,0.0,0.9941,0.0005,0.0094,-0.0218,0.0576,68.0151,0.0,0.0,0.0,0.0,no_change,0.0,,0.0,61.1000003814697,332.685,2026-09-11 19:44:22,2026-09-11 15:45:04
AAPL,AAPL260921C00270000,AAPL,2026-09-21,C,270.0,61.95,120.0,64.8,30.0,0.6808,0.0,2.0,0.993,0.0007,0.0109,-0.0237,0.0586,63.0268,8.57,64.67,64.67,64.67,up,64.67,2026-09-11T12:06:52,15.2763,56.1000003814697,332.685,2026-09-11 19:44:22,2026-09-11 15:45:04
AAPL,AAPL260921C00275000,AAPL,2026-09-21,C,275.0,56.95,120.0,59.8,25.0,0.6289,0.0,0.0,0.9917,0.0008,0.0127,-0.0261,0.0596,58.0402,0.0,0.0,0.0,0.0,no_change,0.0,,0.0,51.1499996185303,332.685,2026-09-11 19:44:22,2026-09-11 15:45:04
AAPL,AAPL260921C00280000,AAPL,2026-09-21,C,280.0,51.75,127.0,54.85,30.0,0.5572,1.0,0.0,0.99,0.001,0.0151,-0.0291,0.0605,53.0561,0.0,0.0,0.0,0.0,up,40.55,2026-09-10T09:38:12,0.0,45.6000003814697,332.685,2026-09-11 19:44:22,2026-09-11 15:45:04
AAPL,AAPL260921C00282500,AAPL,2026-09-21,C,282.5,49.2,130.0,52.35,30.0,0.5251,0.0,0.0,0.9889,0.0012,0.0165,-0.0308,0.061,50.5653,0.0,0.0,0.0,0.0,no_change,0.0,,0.0,43.6999988555908,332.685,2026-09-11 19:44:22,2026-09-11 15:45:04
AAPL,AAPL260921C00285000,AAPL,2026-09-21,C,285.0,47.1,125.0,49.85,28.0,0.5493,1.0,0.0,0.9876,0.0014,0.0182,-0.0328,0.0615,48.0755,0.0,0.0,0.0,0.0,down,32.0,2026-09-09T09:55:14,0.0,41.2249984741211,332.685,2026-09-11 19:44:22,2026-09-11 15:45:04
AAPL,AAPL260921C00287500,AAPL,2026-09-21,C,287.5,43.75,127.0,47.35,19.0,0.3847,0.0,0.0,0.9862,0.0016,0.0201,-0.035,0.0619,45.587,0.0,0.0,0.0,0.0,no_change,0.0,,0.0,38.75,332.685,2026-09-11 19:44:22,2026-09-11 15:45:04
AAPL,AAPL260921C00290000,AAPL,2026-09-21,C,290.0,41.7,126.0,44.9,30.0,0.4584,2.0,0.0,0.9844,0.0018,0.0223,-0.0376,0.0623,43.1,0.0,0.0,0.0,0.0,down,29.1,2026-09-08T12:39:30,0.0,36.2750015258789,332.685,2026-09-11 19:44:22,2026-09-11 15:45:04
AAPL,AAPL260921C00292500,AAPL,2026-09-21,C,292.5,39.65,117.0,42.4,24.0,0.4811,1.0,0.0,0.9823,0.0021,0.0248,-0.0404,0.0627,40.615,0.0,0.0,0.0,0.0,no_change,28.07,2026-09-10T09:52:07,0.0,33.8500003814697,332.685,2026-09-11 19:44:22,2026-09-11 15:45:04
AAPL,AAPL260921C00295000,AAPL,2026-09-21,C,295.0,36.65,127.0,39.95,24.0,0.4096,1.0,0.0,0.9798,0.0024,0.0278,-0.0437,0.0631,38.1325,0.0,0.0,0.0,0.0,no_change,25.7,2026-09-10T09:52:07,0.0,31.3500003814697,332.685,2026-09-11 19:44:22,2026-09-11 15:45:04
AAPL,AAPL260921C00297500,AAPL,2026-09-21,C,297.5,34.7,197.0,37.35,94.0,0.429,0.0,1.0,0.9767,0.0029,0.0314,-0.0475,0.0634,35.653,5.715,34.64,34.64,34.64,up,34.64,2026-09-11T10:08:53,19.758,28.9249992370606,332.685,2026-09-11 19:44:22,2026-09-11 15:45:04
AAPL,AAPL260921C00300000,AAPL,2026-09-21,C,300.0,32.55,403.0,33.25,60.0,0.0,122.0,4.0,0.9729,0.0034,0.0356,-0.052,0.0637,33.1779,8.225,33.8,35.45,32.64,down,35.0,2026-09-11T10:56:36,30.719,26.7749996185303,332.685,2026-09-11 19:44:22,2026-09-11 15:45:04
AAPL,AAPL260921C00302500,AAPL,2026-09-21,C,302.5,30.0,128.0,31.8,50.0,0.3562,0.0,84.0,0.9681,0.0041,0.0408,-0.0574,0.0639,30.7088,9.3,33.97,34.08,33.39,no_change,33.4,2026-09-11T11:33:07,38.5892,24.1000003814697,332.685,2026-09-11 19:44:22,2026-09-11 15:45:04
AAPL,AAPL260921C00305000,AAPL,2026-09-21,C,305.0,27.55,127.0,29.55,42.0,0.3546,8.0,70.0,0.9619,0.0049,0.0472,-0.0641,0.064,28.2485,8.005,31.0,31.0,29.48,down,29.48,2026-09-11T13:42:53,37.2759,21.4749994277954,332.685,2026-09-11 19:44:22,2026-09-11 15:45:04
AAPL,AAPL260921C00307500,AAPL,2026-09-21,C,307.5,25.1,123.0,26.9,34.0,0.3212,1.0,84.0,0.9536,0.0061,0.0552,-0.0725,0.0639,25.8014,9.28,29.02,29.12,28.52,no_change,28.53,2026-09-11T11:33:07,48.2078,19.25,332.685,2026-09-11 19:44:22,2026-09-11 15:45:04
AAPL,AAPL260921C00310000,AAPL,2026-09-21,C,310.0,22.7,174.0,23.85,72.0,0.2594,60.0,96.0,0.9425,0.0075,0.0654,-0.0832,0.0636,23.374,6.175,23.5,26.08,23.2,down,23.2,2026-09-11T14:21:35,36.2702,17.0249996185303,332.685,2026-09-11 19:44:22,2026-09-11 15:45:04
AAPL,AAPL260921C00312500,AAPL,2026-09-21,C,312.5,20.25,114.0,22.25,26.0,0.2982,0.0,0.0,0.9274,0.0094,0.0782,-0.097,0.0631,20.9762,0.0,0.0,0.0,0.0,no_change,0.0,,0.0,14.4500002861023,332.685,2026-09-11 19:44:22,2026-09-11 15:45:04
AAPL,AAPL260921C00315000,AAPL,2026-09-21,C,315.0,18.15,262.0,18.85,83.0,0.2425,519.0,320.0,0.9068,0.0117,0.094,-0.1142,0.0621,18.6215,5.875,16.25,20.95,16.25,down,18.5,2026-09-11T13:56:22,46.5347,12.625,332.685,2026-09-11 19:44:22,2026-09-11 15:45:04
AAPL,AAPL260921C00317500,AAPL,2026-09-21,C,317.5,15.65,372.0,16.75,171.0,0.2367,28.0,35.0,0.8792,0.0146,0.1129,-0.1351,0.0606,16.3279,6.95,13.1,17.85,13.1,up,17.85,2026-09-11T10:39:08,63.7615,10.9000000953674,332.685,2026-09-11 19:44:22,2026-09-11 15:45:04
AAPL,AAPL260921C00320000,AAPL,2026-09-21,C,320.0,13.65,560.0,14.5,339.0,0.239,6146.0,3693.0,0.843,0.0179,0.1345,-0.159,0.0584,14.1174,5.45,10.51,17.2,10.51,up,14.5,2026-09-11T15:12:28,60.221,9.0499997138977,332.685,2026-09-11 19:44:22,2026-09-11 15:45:04
AAPL,AAPL260921C00322500,AAPL,2026-09-21,C,322.5,11.55,296.0,12.35,205.0,0.2328,160.0,35.0,0.7971,0.0215,0.1574,-0.1846,0.0555,12.0156,5.625,8.6,14.56,8.6,down,13.15,2026-09-11T13:18:45,74.7508,7.52499985694885,332.685,2026-09-11 19:44:22,2026-09-11 15:45:04
AAPL,AAPL260921C00325000,AAPL,2026-09-21,C,325.0,9.75,321.0,10.35,319.0,0.2328,2294.0,816.0,0.7412,0.0251,0.1797,-0.2095,0.0519,10.0497,3.875,7.21,12.57,6.7,down,10.0,2026-09-11T15:14:04,63.2653,6.125,332.685,2026-09-11 19:44:22,2026-09-11 15:45:04
AAPL,AAPL260921C00327500,AAPL,2026-09-21,C,327.5,7.95,423.0,8.4,217.0,0.2259,184.0,143.0,0.6757,0.0283,0.1991,-0.2309,0.0475,8.2465,3.355,5.62,10.54,5.62,down,8.28,2026-09-11T15:06:28,68.1218,4.92500019073486,332.685,2026-09-11 19:44:22,2026-09-11 15:45:04
AAPL,AAPL260921C00330000,AAPL,2026-09-21,C,330.0,6.5,141.0,6.75,181.0,0.2267,5541.0,557.0,0.6025,0.0307,0.2131,-0.2458,0.0425,6.6291,2.8,4.49,9.3,4.4,up,6.65,2026-09-11T15:26:18,72.7273,3.85000002384186,332.685,2026-09-11 19:44:22,2026-09-11 15:45:04
AAPL,AAPL260921C00332500,AAPL,2026-09-21,C,332.5,5.05,417.0,5.3,269.0,0.2231,349.0,450.0,0.5243,0.032,0.2198,-0.252,0.0371,5.2142,2.3,3.35,7.4,3.35,up,5.3,2026-09-11T15:28:29,76.6667,3.0,332.685,2026-09-11 19:44:22,2026-09-11 15:45:04
AAPL,AAPL260921C00335000,AAPL,2026-09-21,C,335.0,3.85,655.0,4.1,388.0,0.2218,361.0,971.0,0.4444,0.0319,0.2182,-0.2482,0.0315,4.01,1.61,2.74,6.1,2.66,down,3.95,2026-09-11T15:27:08,68.8034,2.3400000333786,332.685,2026-09-11 19:44:22,2026-09-11 15:45:04
AAPL,AAPL260921C00337500,AAPL,2026-09-21,C,337.5,2.88,232.0,3.1,187.0,0.2213,63.0,348.0,0.3667,0.0305,0.2082,-0.2347,0.026,3.0149,1.21,1.93,4.9,1.93,no_change,3.0,2026-09-11T15:26:09,67.5978,1.78999996185303,332.685,2026-09-11 19:44:22,2026-09-11 15:45:04
AAPL,AAPL260921C00340000,AAPL,2026-09-21,C,340.0,2.1,479.0,2.3,216.0,0.2211,5882.0,3915.0,0.2944,0.028,0.1912,-0.2133,0.0209,2.2174,0.9,1.45,3.9,1.26,down,2.22,2026-09-11T15:27:34,68.1818,1.31999999284744,332.685,2026-09-11 19:44:22,2026-09-11 15:45:04
AAPL,AAPL260921C00342500,AAPL,2026-09-21,C,342.5,1.5,524.0,1.65,301.0,0.2207,11.0,211.0,0.2303,0.0247,0.1692,-0.1866,0.0163,1.5977,0.66,1.15,2.92,1.15,up,1.64,2026-09-11T15:28:32,67.3469,0.979999989271164,332.685,2026-09-11 19:44:22,2026-09-11 15:45:04
AAPL,AAPL260921C00345000,AAPL,2026-09-21,C,345.0,1.1,1.0,1.18,347.0,0.2234,39.0,2172.0,0.1758,0.0209,0.1447,-0.1576,0.0125,1.1308,0.415,1.65,2.22,1.06,no_change,1.14,2026-09-11T15:28:09,57.2414,0.724999994039536,332.685,2026-09-11 19:44:22,2026-09-11 15:45:04
AAPL,AAPL260921C00347500,AAPL,2026-09-21,C,347.5,0.73,531.0,0.83,147.0,0.2231,10.0,131.0,0.1314,0.0172,0.12,-0.129,0.0093,0.789,0.29,0.6,1.59,0.6,up,0.84,2026-09-11T15:27:32,52.7273,0.550000011920929,332.685,2026-09-11 19:44:22,2026-09-11 15:45:04
AAPL,AAPL260921C00350000,AAPL,2026-09-21,C,350.0,0.53,159.0,0.59,90.0,0.2272,88.0,521.0,0.0965,0.0136,0.097,-0.103,0.0068,0.5455,0.15,0.5,1.2,0.48,down,0.55,2026-09-11T15:27:40,37.5,0.400000005960464,332.685,2026-09-11 19:44:22,2026-09-11 15:45:04
AAPL,AAPL260921C00355000,AAPL,2026-09-21,C,355.0,0.24,304.0,0.32,561.0,0.2348,55.0,549.0,0.0508,0.0081,0.0601,-0.0625,0.0036,0.2602,0.055,0.34,0.67,0.28,down,0.28,2026-09-11T15:06:10,24.4444,0.225000001490116,332.685,2026-09-11 19:44:22,2026-09-11 15:45:04
AAPL,AAPL260921C00360000,AAPL,2026-09-21,C,360.0,0.13,78.0,0.15,81.0,0.2434,12.0,69.0,0.0269,0.0046,0.0363,-0.0374,0.0019,0.1294,0.005,0.16,0.33,0.13,no_change,0.13,2026-09-11T15:21:14,4.0,0.12500000372529,332.685,2026-09-11 19:44:22,2026-09-11 15:45:04
AAPL,AAPL260921C00365000,AAPL,2026-09-21,C,365.0,0.05,504.0,0.09,311.0,0.2518,62.0,125.0,0.0153,0.0028,0.0227,-0.0237,0.0011,0.0716,-0.015,0.05,0.21,0.05,down,0.05,2026-09-11T15:26:55,-23.0769,0.0649999994784594,332.685,2026-09-11 19:44:22,2026-09-11 15:45:04
AAPL,AAPL260921C00370000,AAPL,2026-09-21,C,370.0,0.03,1.0,0.09,489.0,0.2778,5.0,12.0,0.0095,0.0017,0.0151,-0.0162,0.0007,0.0444,0.03,0.07,0.08,0.06,up,0.08,2026-09-11T10:56:27,60.0,0.0500000016763806,332.685,2026-09-11 19:44:22,2026-09-11 15:45:04
AAPL,AAPL260921C00375000,AAPL,2026-09-21,C,375.0,0.0,0.0,0.14,898.0,0.3145,0.0,1.0,0.0064,0.0011,0.0107,-0.0119,0.0004,0.0303,-0.015,0.08,0.08,0.08,down,0.08,2026-09-11T09:36:25,-15.7895,0.0949999988079071,332.685,2026-09-11 19:44:22,2026-09-11 15:45:04
AAPL,AAPL260921C00380000,AAPL,2026-09-21,C,380.0,0.0,0.0,0.11,728.0,0.3342,0.0,0.0,0.0046,0.0008,0.008,-0.0093,0.0003,0.0224,0.0,0.0,0.0,0.0,no_change,0.0,,0.0,0.165000006556511,332.685,2026-09-11 19:44:22,2026-09-11 15:45:04
AAPL,AAPL260921C00385000,AAPL,2026-09-21,C,385.0,0.0,0.0,0.29,356.0,0.4119,0.0,0.0,0.0035,0.0006,0.0062,-0.0075,0.0002,0.0174,0.0,0.0,0.0,0.0,no_change,0.0,,0.0,0.200000002980232,332.685,2026-09-11 19:44:22,2026-09-11 15:45:04
AAPL,AAPL260921C00390000,AAPL,2026-09-21,C,390.0,0.0,0.0,0.43,606.0,0.469,0.0,0.0,0.0027,0.0004,0.005,-0.0063,0.0002,0.0141,0.0,0.0,0.0,0.0,no_change,0.0,,0.0,0.234999999403954,332.685,2026-09-11 19:44:22,2026-09-11 15:45:04
AAPL,AAPL260921C00395000,AAPL,2026-09-21,C,395.0,0.0,0.0,0.49,790.0,0.5105,1.0,1.0,0.0022,0.0004,0.0041,-0.0054,0.0001,0.0118,-0.205,0.02,0.02,0.02,up,0.02,2026-09-11T10:47:51,-91.1111,0.224999994039536,332.685,2026-09-11 19:44:22,2026-09-11 15:45:04
AAPL,AAPL260921P00250000,AAPL,2026-09-21,P,250.0,0.0,0.0,0.48,164.0,0.8185,0.0,0.0,-0.0039,0.0003,0.0064,-0.0174,-0.0003,0.0424,0.0,0.0,0.0,0.0,down,0.06,2026-09-08T10:03:22,0.0,0.0299999993294477,332.685,2026-09-11 19:44:22,2026-09-11 15:45:04
AAPL,AAPL260921P00255000,AAPL,2026-09-21,P,255.0,0.0,0.0,0.07,728.0,0.6072,7.0,1.0,-0.0044,0.0004,0.0072,-0.0187,-0.0003,0.0464,0.04,0.09,0.09,0.09,up,0.09,2026-09-11T10:39:34,80.0,0.0500000016763806,332.685,2026-09-11 19:44:22,2026-09-11 15:45:04
AAPL,AAPL260921P00260000,AAPL,2026-09-21,P,260.0,0.0,0.0,0.17,804.0,0.6263,5.0,5.0,-0.0051,0.0004,0.0082,-0.0201,-0.0004,0.051,-0.035,0.04,0.1,0.03,no_change,0.03,2026-09-11T10:43:42,-53.8462,0.0649999985471368,332.685,2026-09-11 19:44:22,2026-09-11 15:45:04
AAPL,AAPL260921P00265000,AAPL,2026-09-21,P,265.0,0.0,0.0,0.09,709.0,0.5416,10.0,0.0,-0.0059,0.0005,0.0094,-0.0218,-0.0004,0.0566,0.0,0.0,0.0,0.0,down,0.11,2026-09-09T10:59:04,0.0,0.0599999995902181,332.685,2026-09-11 19:44:22,2026-09-11 15:45:04
AAPL,AAPL260921P00270000,AAPL,2026-09-21,P,270.0,0.01,249.0,0.1,674.0,0.513,75.0,1.0,-0.0069,0.0007,0.0109,-0.0238,-0.0005,0.0635,-0.05,0.03,0.03,0.03,down,0.03,2026-09-11T12:19:15,-62.5,0.0800000028684735,332.685,2026-09-11 19:44:22,2026-09-11 15:45:04
AAPL,AAPL260921P00275000,AAPL,2026-09-21,P,275.0,0.01,551.0,0.12,631.0,0.4821,7.0,0.0,-0.0082,0.0008,0.0127,-0.0262,-0.0006,0.072,0.0,0.0,0.0,0.0,no_change,0.12,2026-09-10T10:05:48,0.0,0.120000001043081,332.685,2026-09-11 19:44:22,2026-09-11 15:45:04
AAPL,AAPL260921P00280000,AAPL,2026-09-21,P,280.0,0.02,455.0,0.13,675.0,0.4494,8.0,1.0,-0.01,0.001,0.0151,-0.0291,-0.0007,0.0831,-0.07,0.08,0.08,0.08,down,0.08,2026-09-11T11:11:48,-46.6667,0.149999994784594,332.685,2026-09-11 19:44:22,2026-09-11 15:45:04
AAPL,AAPL260921P00282500,AAPL,2026-09-21,P,282.5,0.01,400.0,0.15,493.0,0.4325,0.0,0.0,-0.0111,0.0012,0.0165,-0.0309,-0.0008,0.0899,0.0,0.0,0.0,0.0,no_change,0.0,,0.0,0.170000001788139,332.685,2026-09-11 19:44:22,2026-09-11 15:45:04
AAPL,AAPL260921P00285000,AAPL,2026-09-21,P,285.0,0.05,139.0,0.17,460.0,0.4299,212.0,0.0,-0.0123,0.0014,0.0182,-0.0328,-0.0009,0.0977,0.0,0.0,0.0,0.0,down,0.23,2026-09-10T09:39:56,0.0,0.200000002980232,332.685,2026-09-11 19:44:22,2026-09-11 15:45:04
AAPL,AAPL260921P00287500,AAPL,2026-09-21,P,287.5,0.02,556.0,0.17,525.0,0.4006,0.0,0.0,-0.0138,0.0016,0.0201,-0.0351,-0.001,0.1068,0.0,0.0,0.0,0.0,no_change,0.0,,0.0,0.214999999850988,332.685,2026-09-11 19:44:22,2026-09-11 15:45:04
AAPL,AAPL260921P00290000,AAPL,2026-09-21,P,290.0,0.08,86.0,0.2,529.0,0.4015,40.0,8.0,-0.0156,0.0018,0.0223,-0.0376,-0.0011,0.1174,-0.09,0.12,0.13,0.1,up,0.13,2026-09-11T13:23:51,-40.9091,0.219999998807907,332.685,2026-09-11 19:44:22,2026-09-11 15:45:04
AAPL,AAPL260921P00292500,AAPL,2026-09-21,P,292.5,0.02,536.0,0.15,380.0,0.3539,1.0,3.0,-0.0177,0.0021,0.0248,-0.0405,-0.0012,0.13,-0.115,0.14,0.14,0.14,down,0.14,2026-09-11T15:27:35,-45.098,0.255000002682209,332.685,2026-09-11 19:44:22,2026-09-11 15:45:04
AAPL,AAPL260921P00295000,AAPL,2026-09-21,P,295.0,0.1,329.0,0.18,381.0,0.3584,68.0,8.0,-0.0202,0.0024,0.0278,-0.0438,-0.0014,0.145,-0.2,0.19,0.19,0.14,down,0.14,2026-09-11T11:43:01,-58.8235,0.340000003576279,332.685,2026-09-11 19:44:22,2026-09-11 15:45:04
AAPL,AAPL260921P00297500,AAPL,2026-09-21,P,297.5,0.15,23.0,0.18,19.0,0.3458,4.0,13.0,-0.0233,0.0029,0.0314,-0.0476,-0.0016,0.1632,-0.215,0.2,0.2,0.19,down,0.19,2026-09-11T10:38:50,-53.0864,0.405000001192093,332.685,2026-09-11 19:44:22,2026-09-11 15:45:04
AAPL,AAPL260921P00300000,AAPL,2026-09-21,P,300.0,0.18,31.0,0.2,29.0,0.3315,367.0,94.0,-0.0271,0.0034,0.0356,-0.0521,-0.0019,0.1857,-0.28,0.3,0.32,0.17,down,0.18,2026-09-11T15:00:59,-60.8696,0.46000000834465,332.685,2026-09-11 19:44:22,2026-09-11 15:45:04
AAPL,AAPL260921P00302500,AAPL,2026-09-21,P,302.5,0.14,527.0,0.27,529.0,0.313,1.0,1.0,-0.032,0.0041,0.0409,-0.0576,-0.0023,0.2147,-0.335,0.25,0.25,0.25,down,0.25,2026-09-11T09:42:01,-57.265,0.58500000834465,332.685,2026-09-11 19:44:22,2026-09-11 15:45:04
AAPL,AAPL260921P00305000,AAPL,2026-09-21,P,305.0,0.23,71.0,0.28,56.0,0.3022,223.0,16.0,-0.0383,0.005,0.0474,-0.0643,-0.0027,0.2522,-0.45,0.5,0.5,0.21,no_change,0.26,2026-09-11T15:20:28,-63.3803,0.709999978542328,332.685,2026-09-11 19:44:22,2026-09-11 15:45:04
AAPL,AAPL260921P00307500,AAPL,2026-09-21,P,307.5,0.28,64.0,0.44,394.0,0.299,56.0,65.0,-0.0464,0.0061,0.0553,-0.0726,-0.0033,0.3021,-0.565,0.39,0.39,0.29,up,0.32,2026-09-11T15:11:38,-63.8418,0.884999990463257,332.685,2026-09-11 19:44:22,2026-09-11 15:45:04
AAPL,AAPL260921P00310000,AAPL,2026-09-21,P,310.0,0.37,1.0,0.39,310.0,0.2773,545.0,84.0,-0.0578,0.0075,0.0656,-0.0836,-0.0041,0.3739,-0.785,0.74,0.74,0.35,down,0.35,2026-09-11T15:28:08,-69.163,1.13499999046326,332.685,2026-09-11 19:44:22,2026-09-11 15:45:04
AAPL,AAPL260921P00312500,AAPL,2026-09-21,P,312.5,0.43,389.0,0.52,561.0,0.2662,41.0,53.0,-0.0727,0.0094,0.0784,-0.0972,-0.0051,0.4724,-1.01,0.55,0.61,0.42,no_change,0.48,2026-09-11T15:02:15,-67.7852,1.49000000953674,332.685,2026-09-11 19:44:22,2026-09-11 15:45:04
AAPL,AAPL260921P00315000,AAPL,2026-09-21,P,315.0,0.6,1.0,0.63,136.0,0.256,671.0,322.0,-0.0937,0.0118,0.0945,-0.1148,-0.0066,0.6185,-1.355,1.48,1.61,0.54,down,0.61,2026-09-11T15:28:08,-68.9567,1.96499997377396,332.685,2026-09-11 19:44:22,2026-09-11 15:45:04
AAPL,AAPL260921P00317500,AAPL,2026-09-21,P,317.5,0.8,1.0,0.94,267.0,0.2532,21.0,172.0,-0.121,0.0146,0.113,-0.1355,-0.0085,0.8201,-1.645,2.0,2.0,0.69,up,0.93,2026-09-11T15:20:54,-63.8835,2.57500004768372,332.685,2026-09-11 19:44:22,2026-09-11 15:45:04
AAPL,AAPL260921P00320000,AAPL,2026-09-21,P,320.0,1.06,86.0,1.18,420.0,0.2432,340.0,237.0,-0.1574,0.018,0.1346,-0.1596,-0.011,1.108,-2.16,2.78,2.78,0.9,up,1.14,2026-09-11T15:27:34,-65.4545,3.30000007152557,332.685,2026-09-11 19:44:22,2026-09-11 15:45:04
AAPL,AAPL260921P00322500,AAPL,2026-09-21,P,322.5,1.41,250.0,1.61,440.0,0.2373,33.0,289.0,-0.2035,0.0216,0.1576,-0.1853,-0.014,1.505,-2.625,3.08,3.08,1.2,down,1.55,2026-09-11T15:10:16,-62.8743,4.17499995231628,332.685,2026-09-11 19:44:22,2026-09-11 15:45:04
AAPL,AAPL260921P00325000,AAPL,2026-09-21,P,325.0,1.95,326.0,2.1,102.0,0.2321,214.0,303.0,-0.2597,0.0252,0.1799,-0.2106,-0.0176,2.0386,-3.255,3.97,4.4,1.6,down,2.02,2026-09-11T15:28:09,-61.7062,5.27499985694885,332.685,2026-09-11 19:44:22,2026-09-11 15:45:04
AAPL,AAPL260921P00327500,AAPL,2026-09-21,P,327.5,2.63,382.0,2.85,676.0,0.2297,10.0,124.0,-0.3256,0.0285,0.1992,-0.2324,-0.0217,2.7357,-3.79,4.85,4.85,2.14,down,2.76,2026-09-11T15:26:08,-57.8626,6.54999995231628,332.685,2026-09-11 19:44:22,2026-09-11 15:45:04
AAPL,AAPL260921P00330000,AAPL,2026-09-21,P,330.0,3.55,545.0,3.75,305.0,0.2283,13.0,634.0,-0.3994,0.031,0.2131,-0.2479,-0.0259,3.6199,-4.175,4.6,4.9,2.85,up,3.8,2026-09-11T15:24:58,-52.3511,7.97499990463257,332.685,2026-09-11 19:44:22,2026-09-11 15:45:04
AAPL,AAPL260921P00332500,AAPL,2026-09-21,P,332.5,4.65,130.0,4.8,131.0,0.2256,1.0,327.0,-0.4785,0.0323,0.2196,-0.2548,-0.0298,4.7086,-4.72,5.35,5.77,3.9,no_change,4.78,2026-09-11T15:24:31,-49.6842,9.5,332.685,2026-09-11 19:44:22,2026-09-11 15:45:04
AAPL,AAPL260921P00335000,AAPL,2026-09-21,P,335.0,5.9,408.0,6.2,217.0,0.2252,1.0,401.0,-0.5594,0.0324,0.2174,-0.2518,-0.0334,6.0108,-5.325,7.1,7.15,4.75,no_change,6.05,2026-09-11T15:24:31,-46.8132,11.375,332.685,2026-09-11 19:44:22,2026-09-11 15:45:04
AAPL,AAPL260921P00337500,AAPL,2026-09-21,P,337.5,7.4,92.0,8.55,434.0,0.2442,0.0,97.0,-0.6385,0.0311,0.2066,-0.2392,-0.036,7.525,-5.85,8.75,8.75,6.17,up,7.6,2026-09-11T15:24:28,-43.4944,13.4500002861023,332.685,2026-09-11 19:44:22,2026-09-11 15:45:04
AAPL,AAPL260921P00340000,AAPL,2026-09-21,P,340.0,8.95,307.0,9.6,343.0,0.2239,4.0,53.0,-0.7124,0.0287,0.1886,-0.2186,-0.0375,9.2401,-5.845,9.0,9.7,7.55,up,9.43,2026-09-11T15:14:42,-38.2651,15.2750000953674,332.685,2026-09-11 19:44:22,2026-09-11 15:45:04
AAPL,AAPL260921P00342500,AAPL,2026-09-21,P,342.5,10.35,365.0,11.6,250.0,0.212,2.0,9.0,-0.7782,0.0254,0.1653,-0.1925,-0.0374,11.1369,-7.175,12.5,12.5,8.45,up,10.75,2026-09-11T14:11:38,-40.0279,17.9250001907349,332.685,2026-09-11 19:44:22,2026-09-11 15:45:04
AAPL,AAPL260921P00345000,AAPL,2026-09-21,P,345.0,12.75,205.0,14.4,302.0,0.2496,0.0,17.0,-0.8345,0.0217,0.1392,-0.1637,-0.034,13.1902,-6.575,12.2,13.4,12.2,up,13.4,2026-09-11T14:48:47,-32.9161,19.9750003814697,332.685,2026-09-11 19:44:22,2026-09-11 15:45:04
AAPL,AAPL260921P00347500,AAPL,2026-09-21,P,347.5,14.2,424.0,15.95,159.0,0.1921,0.0,2.0,-0.8804,0.0178,0.1124,-0.1346,-0.0305,15.3725,-9.675,13.4,13.4,13.0,down,13.0,2026-09-11T11:23:39,-42.6681,22.6750001907349,332.685,2026-09-11 19:44:22,2026-09-11 15:45:04
AAPL,AAPL260921P00350000,AAPL,2026-09-21,P,350.0,16.5,144.0,18.3,49.0,0.1856,0.0,0.0,-0.9163,0.0141,0.0872,-0.107,-0.026,17.6554,0.0,0.0,0.0,0.0,no_change,0.0,,0.0,25.0500001907349,332.685,2026-09-11 19:44:22,2026-09-11 15:45:04
AAPL,AAPL260921P00355000,AAPL,2026-09-21,P,355.0,21.2,127.0,24.25,38.0,0.2805,0.0,0.0,-0.9621,0.0079,0.0465,-0.0607,-0.016,22.4234,0.0,0.0,0.0,0.0,no_change,0.0,,0.0,29.5749998092651,332.685,2026-09-11 19:44:22,2026-09-11 15:45:04
AAPL,AAPL260921P00360000,AAPL,2026-09-21,P,360.0,26.1,126.0,29.35,42.0,0.3249,0.0,0.0,-0.9837,0.004,0.0232,-0.0306,-0.0069,27.3356,0.0,0.0,0.0,0.0,no_change,0.0,,0.0,34.7999992370606,332.685,2026-09-11 19:44:22,2026-09-11 15:45:04
AAPL,AAPL260921P00365000,AAPL,2026-09-21,P,365.0,31.1,131.0,33.85,40.0,0.3213,0.0,0.0,-0.9927,0.002,0.011,-0.0149,-0.0037,32.3053,0.0,0.0,0.0,0.0,no_change,0.0,,0.0,39.6750011444092,332.685,2026-09-11 19:44:22,2026-09-11 15:45:04
AAPL,AAPL260921P00370000,AAPL,2026-09-21,P,370.0,36.1,125.0,39.15,29.0,0.3911,0.0,0.0,-0.9964,0.001,0.006,-0.0077,-0.0019,37.2942,0.0,0.0,0.0,0.0,no_change,0.0,,0.0,44.7000007629394,332.685,2026-09-11 19:44:22,2026-09-11 15:45:04
AAPL,AAPL260921P00375000,AAPL,2026-09-21,P,375.0,41.1,131.0,44.25,28.0,0.4392,0.0,0.0,-0.9981,0.0006,0.0037,-0.0043,-0.0014,42.2897,0.0,0.0,0.0,0.0,no_change,0.0,,0.0,49.7250003814697,332.685,2026-09-11 19:44:22,2026-09-11 15:45:04
AAPL,AAPL260921P00380000,AAPL,2026-09-21,P,380.0,46.1,132.0,49.25,39.0,0.477,0.0,0.0,-0.9988,0.0003,0.002,-0.0027,-0.0008,47.2879,0.0,0.0,0.0,0.0,no_change,0.0,,0.0,54.7749996185303,332.685,2026-09-11 19:44:22,2026-09-11 15:45:04
AAPL,AAPL260921P00385000,AAPL,2026-09-21,P,385.0,51.1,130.0,54.25,26.0,0.5138,0.0,0.0,-0.9993,0.0002,0.0015,-0.0017,-0.0007,52.2868,0.0,0.0,0.0,0.0,no_change,0.0,,0.0,59.7000007629394,332.685,2026-09-11 19:44:22,2026-09-11 15:45:04
AAPL,AAPL260921P00390000,AAPL,2026-09-21,P,390.0,56.1,126.0,59.2,37.0,0.5441,0.0,0.0,-0.9995,0.0001,0.001,-0.0012,-0.0003,57.2863,0.0,0.0,0.0,0.0,no_change,0.0,,0.0,64.6749992370606,332.685,2026-09-11 19:44:22,2026-09-11 15:45:04
AAPL,AAPL260921P00395000,AAPL,2026-09-21,P,395.0,61.1,127.0,64.25,40.0,0.5846,0.0,0.0,-0.9996,0.0001,0.0006,-0.0009,-0.0003,62.2859,0.0,0.0,0.0,0.0,no_change,0.0,,0.0,69.7000007629394,332.685,2026-09-11 19:44:22,2026-09-11 15:45:04
AAPL,AAPL260923C00250000,AAPL,2026-09-23,C,250.0,81.2,126.0,84.85,27.0,0.5985,0.0,0.0,0.9969,0.0003,0.0056,-0.0113,0.0681,83.0171,0.0,0.0,0.0,0.0,no_change,0.0,,0.0,76.0499992370606,332.685,2026-09-11 19:44:22,2026-09-11 15:45:04
AAPL,AAPL260923C00255000,AAPL,2026-09-23,C,255.0,76.2,127.0,79.85,30.0,0.551,0.0,0.0,0.9964,0.0003,0.0066,-0.0126,0.0694,78.0276,0.0,0.0,0.0,0.0,no_change,0.0,,0.0,71.0999984741211,332.685,2026-09-11 19:44:22,2026-09-11 15:45:04
AAPL,AAPL260923C00260000,AAPL,2026-09-23,C,260.0,71.9,133.0,74.85,30.0,0.7056,0.0,0.0,0.9957,0.0004,0.0078,-0.0142,0.0707,73.0393,0.0,0.0,0.0,0.0,no_change,0.0,,0.0,66.125,332.685,2026-09-11 19:44:22,2026-09-11 15:45:04
AAPL,AAPL260923C00265000,AAPL,2026-09-23,C,265.0,66.5,127.0,69.85,22.0,0.5839,6.0,0.0,0.9948,0.0005,0.0093,-0.0162,0.072,68.0525,0.0,0.0,0.0,0.0,up,54.03,2026-09-10T09:42:10,0.0,61.1499996185303,332.685,2026-09-11 19:44:22,2026-09-11 15:45:04
AAPL,AAPL260923C00270000,AAPL,2026-09-23,C,270.0,62.25,124.0,64.9,30.0,0.6583,12.0,0.0,0.9935,0.0006,0.0112,-0.0186,0.0732,63.0678,0.0,0.0,0.0,0.0,up,48.98,2026-09-10T09:42:10,0.0,56.1749992370606,332.685,2026-09-11 19:44:22,2026-09-11 15:45:04
AAPL,AAPL260923C00275000,AAPL,2026-09-23,C,275.0,56.4,131.0,59.9,30.0,0.4834,0.0,0.0,0.9919,0.0008,0.0137,-0.0216,0.0745,58.0862,0.0,0.0,0.0,0.0,no_change,0.0,,0.0,51.2249984741211,332.685,2026-09-11 19:44:22,2026-09-11 15:45:04
AAPL,AAPL260923C00280000,AAPL,2026-09-23,C,280.0,52.05,123.0,54.95,30.0,0.5447,7.0,0.0,0.9897,0.0011,0.017,-0.0255,0.0756,53.1087,0.0,0.0,0.0,0.0,up,40.0,2026-09-10T10:23:42,0.0,46.2750015258789,332.685,2026-09-11 19:44:22,2026-09-11 15:45:04
AAPL,AAPL260923C00282500,AAPL,2026-09-23,C,282.5,49.6,119.0,52.45,30.0,0.5259,0.0,0.0,0.9882,0.0012,0.019,-0.0278,0.0762,50.622,0.0,0.0,0.0,0.0,no_change,0.0,,0.0,43.8000011444092,332.685,2026-09-11 19:44:22,2026-09-11 15:45:04
AAPL,AAPL260923C00285000,AAPL,2026-09-23,C,285.0,46.65,136.0,49.95,21.0,0.4506,1.0,0.0,0.9866,0.0014,0.0214,-0.0304,0.0767,48.1371,0.0,0.0,0.0,0.0,down,28.42,2026-09-09T13:27:11,0.0,41.3250007629394,332.685,2026-09-11 19:44:22,2026-09-11 15:45:04
AAPL,AAPL260923C00287500,AAPL,2026-09-23,C,287.5,44.75,119.0,47.5,30.0,0.4961,0.0,0.0,0.9846,0.0017,0.0241,-0.0333,0.0772,45.6543,0.0,0.0,0.0,0.0,no_change,0.0,,0.0,38.8500003814697,332.685,2026-09-11 19:44:22,2026-09-11 15:45:04
AAPL,AAPL260923C00290000,AAPL,2026-09-23,C,290.0,41.75,134.0,45.0,30.0,0.4243,1.0,0.0,0.9822,0.002,0.0272,-0.0366,0.0777,43.1741,0.0,0.0,0.0,0.0,up,27.15,2026-09-08T14:36:25,0.0,36.5750007629394,332.685,2026-09-11 19:44:22,2026-09-11 15:45:04
AAPL,AAPL260923C00292500,AAPL,2026-09-23,C,292.5,39.65,141.0,42.55,40.0,0.4436,0.0,0.0,0.9794,0.0023,0.0309,-0.0404,0.0781,40.697,0.0,0.0,0.0,0.0,no_change,0.0,,0.0,33.9749984741211,332.685,2026-09-11 19:44:22,2026-09-11 15:45:04
AAPL,AAPL260923C00295000,AAPL,2026-09-23,C,295.0,37.05,152.0,40.05,40.0,0.4115,2.0,0.0,0.976,0.0027,0.0352,-0.0447,0.0785,38.224,0.0,0.0,0.0,0.0,up,24.1,2026-09-09T14:51:37,0.0,31.4999990463257,332.685,2026-09-11 19:44:22,2026-09-11 15:45:04
AAPL,AAPL260923C00297500,AAPL,2026-09-23,C,297.5,34.95,110.0,37.6,40.0,0.4202,0.0,0.0,0.9718,0.0032,0.0403,-0.0497,0.0788,35.7563,0.0,0.0,0.0,0.0,no_change,0.0,,0.0,29.125,332.685,2026-09-11 19:44:22,2026-09-11 15:45:04
AAPL,AAPL260923C00300000,AAPL,2026-09-23,C,300.0,32.1,161.0,34.55,33.0,0.3241,4.0,2.0,0.9666,0.0038,0.0463,-0.0554,0.079,33.2955,8.92,33.04,35.52,33.04,up,35.52,2026-09-11T11:01:52,33.5338,26.6000003814697,332.685,2026-09-11 19:44:22,2026-09-11 15:45:04
AAPL,AAPL260923C00302500,AAPL,2026-09-23,C,302.5,30.0,149.0,32.7,68.0,0.3792,1.0,99.0,0.9601,0.0046,0.0535,-0.0623,0.0791,30.8445,10.425,31.01,34.3,30.39,up,34.3,2026-09-11T11:13:36,43.6649,23.875,332.685,2026-09-11 19:44:22,2026-09-11 15:45:04
AAPL,AAPL260923C00305000,AAPL,2026-09-23,C,305.0,27.6,140.0,29.55,31.0,0.3202,3.0,98.0,0.9518,0.0056,0.0623,-0.0705,0.079,28.4069,8.125,28.54,30.0,27.96,up,30.0,2026-09-11T10:34:30,37.1429,21.875,332.685,2026-09-11 19:44:22,2026-09-11 15:45:04
AAPL,AAPL260923C00307500,AAPL,2026-09-23,C,307.5,24.95,146.0,27.15,30.0,0.293,0.0,104.0,0.941,0.0068,0.0729,-0.0804,0.0787,25.9888,8.49,27.33,28.44,27.33,no_change,28.39,2026-09-11T10:58:39,42.6633,19.8999996185303,332.685,2026-09-11 19:44:22,2026-09-11 15:45:04
AAPL,AAPL260923C00310000,AAPL,2026-09-23,C,310.0,22.8,202.0,24.75,62.0,0.2951,60.0,110.0,0.9271,0.0083,0.0858,-0.0925,0.0781,23.5977,8.645,23.7,26.03,23.7,no_change,26.02,2026-09-11T10:58:39,49.7554,17.375,332.685,2026-09-11 19:44:22,2026-09-11 15:45:04
AAPL,AAPL260923C00312500,AAPL,2026-09-23,C,312.5,20.55,221.0,22.4,101.0,0.2886,5.0,20.0,0.9088,0.0101,0.1012,-0.1069,0.0771,21.2448,5.025,20.75,20.75,20.75,no_change,20.75,2026-09-11T10:01:33,31.9555,15.7249999046326,332.685,2026-09-11 19:44:22,2026-09-11 15:45:04
AAPL,AAPL260923C00315000,AAPL,2026-09-23,C,315.0,18.35,349.0,20.15,319.0,0.2841,331.0,15.0,0.8853,0.0123,0.1192,-0.124,0.0756,18.9436,6.025,18.15,21.75,18.15,down,19.4,2026-09-11T15:09:07,45.0467,13.375,332.685,2026-09-11 19:44:22,2026-09-11 15:45:04
AAPL,AAPL260923C00317500,AAPL,2026-09-23,C,317.5,16.05,400.0,17.85,321.0,0.2698,16.0,34.0,0.8553,0.0148,0.1396,-0.1432,0.0734,16.7112,4.9,16.25,17.05,16.25,no_change,16.75,2026-09-11T14:06:42,41.3502,11.8499999046326,332.685,2026-09-11 19:44:22,2026-09-11 15:45:04
AAPL,AAPL260923C00320000,AAPL,2026-09-23,C,320.0,13.4,355.0,15.55,320.0,0.2418,249.0,57.0,0.8181,0.0176,0.1615,-0.164,0.0706,14.5674,6.25,11.77,16.5,11.77,down,16.1,2026-09-11T13:15:24,63.4518,9.84999990463257,332.685,2026-09-11 19:44:22,2026-09-11 15:45:04
AAPL,AAPL260923C00322500,AAPL,2026-09-23,C,322.5,12.05,249.0,13.3,335.0,0.251,61.0,20.0,0.7729,0.0204,0.1836,-0.1851,0.0671,12.5337,5.535,8.65,13.8,8.65,down,13.71,2026-09-11T12:48:36,67.7064,8.17500019073486,332.685,2026-09-11 19:44:22,2026-09-11 15:45:04
AAPL,AAPL260923C00325000,AAPL,2026-09-23,C,325.0,10.1,404.0,10.85,68.0,0.2319,150.0,46.0,0.72,0.0231,0.2044,-0.2047,0.0628,10.6318,3.755,7.5,12.84,7.5,down,10.53,2026-09-11T15:21:55,55.4244,6.77499985694885,332.685,2026-09-11 19:44:22,2026-09-11 15:45:04
AAPL,AAPL260923C00327500,AAPL,2026-09-23,C,327.5,8.6,502.0,9.35,529.0,0.2409,31.0,26.0,0.66,0.0255,0.222,-0.2211,0.0578,8.882,3.42,6.95,10.8,6.95,up,8.97,2026-09-11T14:45:48,61.6216,5.54999995231628,332.685,2026-09-11 19:44:22,2026-09-11 15:45:04
AAPL,AAPL260923C00330000,AAPL,2026-09-23,C,330.0,7.1,524.0,7.55,561.0,0.2354,229.0,106.0,0.5943,0.0272,0.2345,-0.2323,0.0522,7.3014,3.3,5.88,9.74,5.4,up,7.8,2026-09-11T15:09:07,73.3333,4.5,332.685,2026-09-11 19:44:22,2026-09-11 15:45:04
AAPL,AAPL260923C00332500,AAPL,2026-09-23,C,332.5,5.7,526.0,6.1,387.0,0.2325,69.0,162.0,0.525,0.0282,0.2407,-0.2369,0.0462,5.9016,2.35,6.55,8.04,5.78,down,5.95,2026-09-11T15:18:07,65.2778,3.60000002384186,332.685,2026-09-11 19:44:22,2026-09-11 15:45:04
AAPL,AAPL260923C00335000,AAPL,2026-09-23,C,335.0,4.55,638.0,4.85,300.0,0.2317,132.0,396.0,0.4546,0.0282,0.2397,-0.2344,0.0401,4.6882,1.955,3.25,6.8,3.25,up,4.73,2026-09-11T15:06:59,70.4505,2.77499997615814,332.685,2026-09-11 19:44:22,2026-09-11 15:45:04
AAPL,AAPL260923C00337500,AAPL,2026-09-23,C,337.5,3.5,526.0,3.85,571.0,0.2309,8.0,64.0,0.3854,0.0274,0.2315,-0.2247,0.0341,3.6598,1.43,2.93,5.43,2.93,down,3.64,2026-09-11T14:46:34,64.7059,2.20999991893768,332.685,2026-09-11 19:44:22,2026-09-11 15:45:04
AAPL,AAPL260923C00340000,AAPL,2026-09-23,C,340.0,2.69,287.0,2.88,187.0,0.2286,516.0,257.0,0.3199,0.0256,0.217,-0.2089,0.0283,2.808,1.16,2.1,4.3,2.1,down,2.83,2026-09-11T15:26:07,69.4611,1.6700000166893,332.685,2026-09-11 19:44:22,2026-09-11 15:45:04
AAPL,AAPL260923C00342500,AAPL,2026-09-23,C,342.5,2.0,702.0,2.25,654.0,0.2298,21.0,50.0,0.2602,0.0233,0.1975,-0.1884,0.023,2.1192,0.865,1.35,3.45,1.35,no_change,2.2,2026-09-11T15:02:19,64.794,1.33499997854233,332.685,2026-09-11 19:44:22,2026-09-11 15:45:04
AAPL,AAPL260923C00345000,AAPL,2026-09-23,C,345.0,1.5,718.0,1.73,630.0,0.232,2350.0,249.0,0.2074,0.0205,0.1748,-0.1651,0.0184,1.575,0.55,1.02,2.67,1.02,down,1.57,2026-09-11T14:20:33,53.9216,1.01999998092651,332.685,2026-09-11 19:44:22,2026-09-11 15:45:04
AAPL,AAPL260923C00347500,AAPL,2026-09-23,C,347.5,1.1,578.0,1.3,597.0,0.2334,81.0,113.0,0.1623,0.0176,0.1507,-0.141,0.0144,1.155,0.41,1.4,1.95,1.17,down,1.17,2026-09-11T14:11:54,53.9474,0.759999990463257,332.685,2026-09-11 19:44:22,2026-09-11 15:45:04
AAPL,AAPL260923C00350000,AAPL,2026-09-23,C,350.0,0.82,561.0,0.9,133.0,0.2331,1360.0,276.0,0.125,0.0146,0.127,-0.1176,0.011,0.8379,0.315,0.84,1.45,0.8,no_change,0.88,2026-09-11T15:14:51,55.7522,0.564999997615814,332.685,2026-09-11 19:44:22,2026-09-11 15:45:04
AAPL,AAPL260923C00352500,AAPL,2026-09-23,C,352.5,0.57,443.0,0.7,483.0,0.2359,4.0,36.0,0.095,0.012,0.1049,-0.0962,0.0084,0.6033,0.195,0.79,1.09,0.63,down,0.63,2026-09-11T14:58:29,44.8276,0.434999987483025,332.685,2026-09-11 19:44:22,2026-09-11 15:45:04
AAPL,AAPL260923C00355000,AAPL,2026-09-23,C,355.0,0.42,391.0,0.58,577.0,0.2427,21.0,26.0,0.0716,0.0096,0.0853,-0.0774,0.0063,0.4329,0.325,0.44,0.9,0.44,down,0.61,2026-09-11T13:58:23,114.035,0.285000003874302,332.685,2026-09-11 19:44:22,2026-09-11 15:45:04
AAPL,AAPL260923C00360000,AAPL,2026-09-23,C,360.0,0.2,418.0,0.33,560.0,0.2479,48.0,42.0,0.0402,0.0059,0.0547,-0.049,0.0035,0.2248,0.14,0.32,0.47,0.26,down,0.27,2026-09-11T14:20:33,107.692,0.130000002682209,332.685,2026-09-11 19:44:22,2026-09-11 15:45:04
AAPL,AAPL260923C00365000,AAPL,2026-09-23,C,365.0,0.09,411.0,0.17,559.0,0.2509,91.0,4.0,0.023,0.0036,0.0348,-0.0311,0.002,0.122,0.075,0.23,0.26,0.15,down,0.15,2026-09-11T13:26:32,100.0,0.0749999983236194,332.685,2026-09-11 19:44:22,2026-09-11 15:45:04
AAPL,AAPL260923C00370000,AAPL,2026-09-23,C,370.0,0.05,11.0,0.07,12.0,0.2531,21.0,39.0,0.0138,0.0022,0.0228,-0.0206,0.0012,0.0716,0.005,0.09,0.11,0.09,down,0.1,2026-09-11T13:40:26,5.26316,0.0950000006705522,332.685,2026-09-11 19:44:22,2026-09-11 15:45:04
AAPL,AAPL260923C00375000,AAPL,2026-09-23,C,375.0,0.01,418.0,0.1,696.0,0.2778,1.0,8.0,0.009,0.0015,0.0157,-0.0145,0.0008,0.046,0.005,0.08,0.17,0.06,down,0.06,2026-09-11T13:24:38,9.09091,0.0550000006332994,332.685,2026-09-11 19:44:22,2026-09-11 15:45:04
AAPL,AAPL260923C00380000,AAPL,2026-09-23,C,380.0,0.0,0.0,0.12,721.0,0.3079,1.0,0.0,0.0062,0.001,0.0114,-0.0109,0.0005,0.0323,0.0,0.0,0.0,0.0,up,0.17,2026-09-08T13:03:18,0.0,0.0949999988079071,332.685,2026-09-11 19:44:22,2026-09-11 15:45:04
AAPL,AAPL260923C00385000,AAPL,2026-09-23,C,385.0,0.0,0.0,0.17,342.0,0.3492,0.0,0.0,0.0046,0.0007,0.0087,-0.0087,0.0004,0.0244,0.0,0.0,0.0,0.0,no_change,0.0,,0.0,0.170000001788139,332.685,2026-09-11 19:44:22,2026-09-11 15:45:04
AAPL,AAPL260923C00390000,AAPL,2026-09-23,C,390.0,0.0,0.0,0.3,107.0,0.4056,0.0,0.0,0.0036,0.0006,0.007,-0.0073,0.0003,0.0196,0.0,0.0,0.0,0.0,no_change,0.0,,0.0,0.204999998211861,332.685,2026-09-11 19:44:22,2026-09-11 15:45:04
AAPL,AAPL260923C00395000,AAPL,2026-09-23,C,395.0,0.0,0.0,0.47,59.0,0.4625,0.0,0.0,0.0029,0.0004,0.0058,-0.0063,0.0002,0.0166,0.0,0.0,0.0,0.0,no_change,0.0,,0.0,0.224999994039536,332.685,2026-09-11 19:44:22,2026-09-11 15:45:04
AAPL,AAPL260923P00250000,AAPL,2026-09-23,P,250.0,0.0,0.0,0.44,205.0,0.7386,2.0,0.0,-0.003,0.0003,0.0056,-0.0113,-0.0003,0.0309,0.0,0.0,0.0,0.0,down,0.06,2026-09-09T11:06:48,0.0,0.0500000007450581,332.685,2026-09-11 19:44:22,2026-09-11 15:45:04
AAPL,AAPL260923P00255000,AAPL,2026-09-23,P,255.0,0.0,0.0,0.23,711.0,0.6356,4.0,0.0,-0.0036,0.0003,0.0066,-0.0126,-0.0003,0.0353,0.0,0.0,0.0,0.0,down,0.05,2026-09-10T11:19:51,0.0,0.0399999991059303,332.685,2026-09-11 19:44:22,2026-09-11 15:45:04
AAPL,AAPL260923P00260000,AAPL,2026-09-23,P,260.0,0.0,0.0,0.18,396.0,0.5763,8.0,0.0,-0.0043,0.0004,0.0078,-0.0142,-0.0004,0.0409,0.0,0.0,0.0,0.0,down,0.09,2026-09-09T14:20:48,0.0,0.0750000001862645,332.685,2026-09-11 19:44:22,2026-09-11 15:45:04
AAPL,AAPL260923P00265000,AAPL,2026-09-23,P,265.0,0.0,0.0,0.12,359.0,0.5112,3.0,0.0,-0.0052,0.0005,0.0093,-0.0162,-0.0005,0.0481,0.0,0.0,0.0,0.0,no_change,0.21,2026-09-08T11:50:18,0.0,0.0900000026449561,332.685,2026-09-11 19:44:22,2026-09-11 15:45:04
AAPL,AAPL260923P00270000,AAPL,2026-09-23,P,270.0,0.01,133.0,0.13,260.0,0.4823,21.0,0.0,-0.0064,0.0006,0.0112,-0.0186,-0.0006,0.0574,0.0,0.0,0.0,0.0,up,0.23,2026-09-09T13:28:26,0.0,0.0800000028684735,332.685,2026-09-11 19:44:22,2026-09-11 15:45:04
AAPL,AAPL260923P00275000,AAPL,2026-09-23,P,275.0,0.01,592.0,0.13,587.0,0.4446,12.0,0.0,-0.008,0.0008,0.0137,-0.0216,-0.0007,0.0697,0.0,0.0,0.0,0.0,down,0.16,2026-09-10T09:41:12,0.0,0.154999999329448,332.685,2026-09-11 19:44:22,2026-09-11 15:45:04
AAPL,AAPL260923P00280000,AAPL,2026-09-23,P,280.0,0.01,502.0,0.18,664.0,0.4234,22.0,1.0,-0.0103,0.0011,0.017,-0.0255,-0.0009,0.0861,-0.055,0.11,0.11,0.11,down,0.11,2026-09-11T11:11:21,-33.3333,0.16499999910593,332.685,2026-09-11 19:44:22,2026-09-11 15:45:04
AAPL,AAPL260923P00282500,AAPL,2026-09-23,P,282.5,0.01,525.0,0.2,535.0,0.4097,3.0,0.0,-0.0117,0.0012,0.019,-0.0278,-0.001,0.0965,0.0,0.0,0.0,0.0,no_change,0.21,2026-09-10T10:35:14,0.0,0.21000000834465,332.685,2026-09-11 19:44:22,2026-09-11 15:45:04
AAPL,AAPL260923P00285000,AAPL,2026-09-23,P,285.0,0.06,355.0,0.12,1.0,0.3825,26.0,1.0,-0.0134,0.0014,0.0214,-0.0304,-0.0012,0.1085,-0.12,0.11,0.11,0.11,down,0.11,2026-09-11T09:54:04,-52.1739,0.229999996721745,332.685,2026-09-11 19:44:22,2026-09-11 15:45:04
AAPL,AAPL260923P00287500,AAPL,2026-09-23,P,287.5,0.02,521.0,0.24,534.0,0.3826,11.0,0.0,-0.0153,0.0017,0.0241,-0.0334,-0.0014,0.1227,0.0,0.0,0.0,0.0,down,0.29,2026-09-10T15:17:42,0.0,0.270000003278255,332.685,2026-09-11 19:44:22,2026-09-11 15:45:04
AAPL,AAPL260923P00290000,AAPL,2026-09-23,P,290.0,0.07,509.0,0.27,732.0,0.378,75.0,8.0,-0.0177,0.002,0.0273,-0.0367,-0.0016,0.1395,-0.145,0.19,0.19,0.14,no_change,0.14,2026-09-11T10:53:29,-50.8772,0.284999996423721,332.685,2026-09-11 19:44:22,2026-09-11 15:45:04
AAPL,AAPL260923P00292500,AAPL,2026-09-23,P,292.5,0.07,450.0,0.3,524.0,0.3626,2.0,0.0,-0.0206,0.0023,0.031,-0.0405,-0.0018,0.1595,0.0,0.0,0.0,0.0,down,0.34,2026-09-10T15:17:33,0.0,0.359999999403954,332.685,2026-09-11 19:44:22,2026-09-11 15:45:04
AAPL,AAPL260923P00295000,AAPL,2026-09-23,P,295.0,0.1,673.0,0.33,690.0,0.3508,99.0,2.0,-0.024,0.0027,0.0353,-0.0448,-0.0021,0.1835,-0.22,0.24,0.24,0.2,down,0.2,2026-09-11T10:50:49,-52.381,0.420000001788139,332.685,2026-09-11 19:44:22,2026-09-11 15:45:04
AAPL,AAPL260923P00297500,AAPL,2026-09-23,P,297.5,0.14,420.0,0.29,394.0,0.3302,1.0,0.0,-0.0282,0.0032,0.0403,-0.0498,-0.0025,0.2127,0.0,0.0,0.0,0.0,up,0.51,2026-09-10T14:21:19,0.0,0.484999999403954,332.685,2026-09-11 19:44:22,2026-09-11 15:45:04
AAPL,AAPL260923P00300000,AAPL,2026-09-23,P,300.0,0.23,159.0,0.33,418.0,0.3244,694.0,167.0,-0.0334,0.0038,0.0464,-0.0556,-0.0029,0.249,-0.335,0.3,0.3,0.24,no_change,0.25,2026-09-11T15:10:56,-57.265,0.58500000834465,332.685,2026-09-11 19:44:22,2026-09-11 15:45:04
AAPL,AAPL260923P00302500,AAPL,2026-09-23,P,302.5,0.19,529.0,0.44,547.0,0.3098,14.0,2.0,-0.0399,0.0046,0.0536,-0.0624,-0.0035,0.2951,-0.46,0.33,0.33,0.33,down,0.33,2026-09-11T10:40:49,-58.2278,0.78999999165535,332.685,2026-09-11 19:44:22,2026-09-11 15:45:04
AAPL,AAPL260923P00305000,AAPL,2026-09-23,P,305.0,0.31,192.0,0.47,510.0,0.3005,53.0,14.0,-0.0482,0.0056,0.0624,-0.0706,-0.0042,0.3543,-0.57,0.43,0.43,0.26,down,0.38,2026-09-11T15:20:28,-60.0,0.949999988079071,332.685,2026-09-11 19:44:22,2026-09-11 15:45:04
AAPL,AAPL260923P00307500,AAPL,2026-09-23,P,307.5,0.35,422.0,0.49,359.0,0.2826,9.0,3.0,-0.059,0.0068,0.073,-0.0806,-0.0052,0.4337,-0.76,0.49,0.49,0.42,down,0.42,2026-09-11T12:12:10,-64.4068,1.18000000715256,332.685,2026-09-11 19:44:22,2026-09-11 15:45:04
AAPL,AAPL260923P00310000,AAPL,2026-09-23,P,310.0,0.5,338.0,0.59,236.0,0.2757,530.0,51.0,-0.073,0.0083,0.086,-0.0928,-0.0063,0.54,-0.93,0.77,0.86,0.51,no_change,0.57,2026-09-11T15:26:07,-62.0,1.5,332.685,2026-09-11 19:44:22,2026-09-11 15:45:04
AAPL,AAPL260923P00312500,AAPL,2026-09-23,P,312.5,0.66,61.0,0.77,337.0,0.2698,2.0,112.0,-0.0913,0.0102,0.1014,-0.1073,-0.0079,0.6844,-1.24,0.79,0.84,0.59,down,0.68,2026-09-11T15:09:32,-64.5833,1.91999995708466,332.685,2026-09-11 19:44:22,2026-09-11 15:45:04
AAPL,AAPL260923P00315000,AAPL,2026-09-23,P,315.0,0.82,429.0,0.96,272.0,0.2601,209.0,168.0,-0.115,0.0124,0.1195,-0.1244,-0.01,0.8808,-1.515,1.07,1.09,0.88,no_change,0.89,2026-09-11T15:06:26,-62.9938,2.40499997138977,332.685,2026-09-11 19:44:22,2026-09-11 15:45:04
AAPL,AAPL260923P00317500,AAPL,2026-09-23,P,317.5,1.08,259.0,1.17,3.0,0.2514,23.0,116.0,-0.1451,0.0149,0.1398,-0.1438,-0.0125,1.1465,-1.89,1.32,1.55,1.01,up,1.16,2026-09-11T14:53:05,-61.9672,3.05000007152557,332.685,2026-09-11 19:44:22,2026-09-11 15:45:04
AAPL,AAPL260923P00320000,AAPL,2026-09-23,P,320.0,1.45,145.0,1.59,434.0,0.2488,84.0,335.0,-0.1826,0.0176,0.1617,-0.1648,-0.0155,1.5011,-2.355,3.05,3.05,1.32,down,1.52,2026-09-11T15:13:54,-60.7742,3.875,332.685,2026-09-11 19:44:22,2026-09-11 15:45:04
AAPL,AAPL260923P00322500,AAPL,2026-09-23,P,322.5,1.91,181.0,2.03,118.0,0.2434,31.0,33.0,-0.228,0.0205,0.184,-0.1861,-0.0191,1.9663,-2.78,3.25,3.25,1.7,down,1.97,2026-09-11T15:28:33,-58.5263,4.75,332.685,2026-09-11 19:44:22,2026-09-11 15:45:04
AAPL,AAPL260923P00325000,AAPL,2026-09-23,P,325.0,2.5,230.0,2.68,213.0,0.2409,65.0,85.0,-0.2812,0.0233,0.2048,-0.206,-0.0232,2.5641,-3.27,3.5,3.5,2.19,up,2.58,2026-09-11T15:20:10,-55.8974,5.85000014305115,332.685,2026-09-11 19:44:22,2026-09-11 15:45:04
AAPL,AAPL260923P00327500,AAPL,2026-09-23,P,327.5,3.1,655.0,3.45,619.0,0.2349,1.0,7.0,-0.3417,0.0257,0.2223,-0.2227,-0.0277,3.3151,-3.85,3.95,3.95,3.15,up,3.25,2026-09-11T13:55:27,-54.2254,7.10000014305115,332.685,2026-09-11 19:44:22,2026-09-11 15:45:04
AAPL,AAPL260923P00330000,AAPL,2026-09-23,P,330.0,4.1,560.0,4.4,305.0,0.235,50.0,143.0,-0.4079,0.0275,0.2347,-0.2343,-0.0324,4.2366,-4.3,6.7,6.7,3.5,no_change,4.2,2026-09-11T14:52:22,-50.5882,8.5,332.685,2026-09-11 19:44:22,2026-09-11 15:45:04
AAPL,AAPL260923P00332500,AAPL,2026-09-23,P,332.5,5.2,571.0,5.55,472.0,0.234,0.0,532.0,-0.478,0.0285,0.2405,-0.2395,-0.0369,5.3407,-5.225,5.96,6.4,4.55,down,5.35,2026-09-11T15:18:00,-49.409,10.5750002861023,332.685,2026-09-11 19:44:22,2026-09-11 15:45:04
AAPL,AAPL260923P00335000,AAPL,2026-09-23,P,335.0,6.45,531.0,6.85,265.0,0.2319,0.0,277.0,-0.5494,0.0286,0.2389,-0.2376,-0.0408,6.6333,-5.575,7.0,7.17,5.6,up,6.8,2026-09-11T14:48:48,-45.0505,12.375,332.685,2026-09-11 19:44:22,2026-09-11 15:45:04
AAPL,AAPL260923P00337500,AAPL,2026-09-23,P,337.5,7.0,563.0,8.55,319.0,0.2154,0.0,6.0,-0.6197,0.0278,0.2299,-0.2286,-0.0438,8.1134,-5.775,7.6,8.21,7.6,down,8.15,2026-09-11T15:14:18,-41.4722,13.9250001907349,332.685,2026-09-11 19:44:22,2026-09-11 15:45:04
AAPL,AAPL260923P00340000,AAPL,2026-09-23,P,340.0,9.0,522.0,10.5,320.0,0.2286,9.0,4.0,-0.6864,0.0262,0.2145,-0.2135,-0.0457,9.7732,-7.275,10.67,10.67,8.6,down,8.6,2026-09-11T12:58:45,-45.8268,15.875,332.685,2026-09-11 19:44:22,2026-09-11 15:45:04
AAPL,AAPL260923P00342500,AAPL,2026-09-23,P,342.5,10.55,226.0,12.85,218.0,0.2348,0.0,0.0,-0.7477,0.0239,0.1938,-0.1937,-0.0463,11.5993,0.0,0.0,0.0,0.0,no_change,0.0,,0.0,17.9749994277954,332.685,2026-09-11 19:44:22,2026-09-11 15:45:04
AAPL,AAPL260923P00345000,AAPL,2026-09-23,P,345.0,12.8,188.0,14.1,158.0,0.2221,0.0,0.0,-0.8022,0.0212,0.1695,-0.1711,-0.0447,13.5738,0.0,0.0,0.0,0.0,no_change,0.0,,0.0,20.3500003814697,332.685,2026-09-11 19:44:22,2026-09-11 15:45:04
AAPL,AAPL260923P00347500,AAPL,2026-09-23,P,347.5,14.45,288.0,16.5,265.0,0.2151,0.0,11.0,-0.8489,0.0183,0.1432,-0.1472,-0.0425,15.6763,-8.1,13.94,14.55,13.94,up,14.55,2026-09-11T12:22:15,-35.7616,22.6500005722046,332.685,2026-09-11 19:44:22,2026-09-11 15:45:04
AAPL,AAPL260923P00350000,AAPL,2026-09-23,P,350.0,16.7,370.0,19.0,121.0,0.2282,2.0,0.0,-0.8877,0.0153,0.1171,-0.1235,-0.0379,17.8852,0.0,0.0,0.0,0.0,down,30.54,2026-09-10T10:19:37,0.0,24.9499998092651,332.685,2026-09-11 19:44:22,2026-09-11 15:45:04
AAPL,AAPL260923P00352500,AAPL,2026-09-23,P,352.5,18.7,174.0,21.2,47.0,0.201,0.0,0.0,-0.9187,0.0124,0.0928,-0.1009,-0.0308,20.1787,0.0,0.0,0.0,0.0,no_change,0.0,,0.0,27.3249998092651,332.685,2026-09-11 19:44:22,2026-09-11 15:45:04
AAPL,AAPL260923P00355000,AAPL,2026-09-23,P,355.0,21.55,163.0,23.6,46.0,0.2402,1.0,0.0,-0.9428,0.0098,0.0712,-0.0802,-0.026,22.5372,0.0,0.0,0.0,0.0,no_change,39.13,2026-09-08T11:38:28,0.0,29.7249994277954,332.685,2026-09-11 19:44:22,2026-09-11 15:45:04
AAPL,AAPL260923P00360000,AAPL,2026-09-23,P,360.0,26.15,141.0,28.9,39.0,0.271,0.0,0.0,-0.9735,0.0055,0.0371,-0.0453,-0.0141,27.3851,0.0,0.0,0.0,0.0,no_change,0.0,,0.0,34.5999984741211,332.685,2026-09-11 19:44:22,2026-09-11 15:45:04
AAPL,AAPL260923P00365000,AAPL,2026-09-23,P,365.0,31.1,131.0,34.2,39.0,0.3284,0.0,0.0,-0.9883,0.0029,0.0188,-0.0228,-0.0086,32.3256,0.0,0.0,0.0,0.0,no_change,0.0,,0.0,39.7000007629394,332.685,2026-09-11 19:44:22,2026-09-11 15:45:04
AAPL,AAPL260923P00370000,AAPL,2026-09-23,P,370.0,36.1,127.0,38.85,38.0,0.3318,0.0,0.0,-0.9948,0.0014,0.0095,-0.0109,-0.0047,37.3039,0.0,0.0,0.0,0.0,no_change,0.0,,0.0,44.6499996185303,332.685,2026-09-11 19:44:22,2026-09-11 15:45:04
AAPL,AAPL260923P00375000,AAPL,2026-09-23,P,375.0,41.1,128.0,43.85,40.0,0.3652,0.0,0.0,-0.9975,0.0007,0.0046,-0.0054,-0.0022,42.2963,0.0,0.0,0.0,0.0,no_change,0.0,,0.0,49.6000003814697,332.685,2026-09-11 19:44:22,2026-09-11 15:45:04
AAPL,AAPL260923P00380000,AAPL,2026-09-23,P,380.0,46.1,145.0,49.2,29.0,0.4356,0.0,0.0,-0.9986,0.0004,0.0026,-0.0029,-0.001,47.2932,0.0,0.0,0.0,0.0,no_change,0.0,,0.0,54.7000007629394,332.685,2026-09-11 19:44:22,2026-09-11 15:45:04
AAPL,AAPL260923P00385000,AAPL,2026-09-23,P,385.0,51.1,172.0,54.25,31.0,0.4739,0.0,0.0,-0.9992,0.0002,0.0017,-0.0017,-0.0009,52.2918,0.0,0.0,0.0,0.0,no_change,0.0,,0.0,59.6000003814697,332.685,2026-09-11 19:44:22,2026-09-11 15:45:04
AAPL,AAPL260923P00390000,AAPL,2026-09-23,P,390.0,56.1,127.0,59.2,26.0,0.5021,0.0,0.0,-0.9995,0.0002,0.0012,-0.0011,-0.0004,57.2912,0.0,0.0,0.0,0.0,no_change,0.0,,0.0,64.6500015258789,332.685,2026-09-11 19:44:22,2026-09-11 15:45:04
AAPL,AAPL260923P00395000,AAPL,2026-09-23,P,395.0,61.1,144.0,63.6,28.0,0.4364,0.0,0.0,-0.9996,0.0001,0.0007,-0.0008,-0.0003,62.2909,0.0,0.0,0.0,0.0,no_change,0.0,,0.0,69.625,332.685,2026-09-11 19:44:22,2026-09-11 15:45:04
AAPL,AAPL260925C00110000,AAPL,2026-09-25,C,110.0,221.1,149.0,224.7,30.0,2.0182,0.0,0.0,0.9998,0.0,0.0,-0.0001,0.0421,222.8464,0.0,0.0,0.0,0.0,no_change,0.0,,0.0,215.925003051758,332.685,2026-09-11 19:44:22,2026-09-11 15:45:04
AAPL,AAPL260925C00120000,AAPL,2026-09-25,C,120.0,211.4,136.0,214.7,20.0,2.1275,0.0,0.0,0.9998,0.0,0.0001,-0.0002,0.0459,212.8636,0.0,0.0,0.0,0.0,no_change,0.0,,0.0,205.925003051758,332.685,2026-09-11 19:44:22,2026-09-11 15:45:04
AAPL,AAPL260925C00125000,AAPL,2026-09-25,C,125.0,207.05,115.0,209.75,30.0,2.3418,0.0,0.0,0.9998,0.0,0.0001,-0.0002,0.0478,207.8722,0.0,0.0,0.0,0.0,no_change,0.0,,0.0,200.925003051758,332.685,2026-09-11 19:44:22,2026-09-11 15:45:04
AAPL,AAPL260925C00130000,AAPL,2026-09-25,C,130.0,201.95,133.0,204.75,30.0,2.2172,0.0,0.0,0.9998,0.0,0.0001,-0.0003,0.0497,202.8809,0.0,0.0,0.0,0.0,no_change,0.0,,0.0,195.950004577637,332.685,2026-09-11 19:44:22,2026-09-11 15:45:04
AAPL,AAPL260925C00135000,AAPL,2026-09-25,C,135.0,196.45,138.0,199.75,27.0,1.9234,0.0,0.0,0.9998,0.0,0.0001,-0.0004,0.0516,197.8895,0.0,0.0,0.0,0.0,no_change,0.0,,0.0,190.975006103516,332.685,2026-09-11 19:44:22,2026-09-11 15:45:04
AAPL,AAPL260925C00140000,AAPL,2026-09-25,C,140.0,192.0,118.0,194.75,30.0,2.0597,0.0,0.0,0.9998,0.0,0.0001,-0.0004,0.0536,192.8982,0.0,0.0,0.0,0.0,no_change,0.0,,0.0,185.950004577637,332.685,2026-09-11 19:44:22,2026-09-11 15:45:04
AAPL,AAPL260925C00145000,AAPL,2026-09-25,C,145.0,186.9,122.0,189.75,30.0,1.9466,0.0,0.0,0.9998,0.0,0.0002,-0.0005,0.0555,187.9069,0.0,0.0,0.0,0.0,no_change,0.0,,0.0,180.975006103516,332.685,2026-09-11 19:44:22,2026-09-11 15:45:04
AAPL,AAPL260925C00150000,AAPL,2026-09-25,C,150.0,181.85,135.0,184.75,25.0,1.8519,0.0,0.0,0.9998,0.0,0.0002,-0.0006,0.0574,182.9156,0.0,0.0,0.0,0.0,up,171.25,2026-09-10T09:40:55,0.0,175.975006103516,332.685,2026-09-11 19:44:22,2026-09-11 15:45:04
AAPL,AAPL260925C00155000,AAPL,2026-09-25,C,155.0,176.3,144.0,179.8,30.0,1.5526,0.0,0.0,0.9997,0.0,0.0002,-0.0007,0.0593,177.9243,0.0,0.0,0.0,0.0,no_change,0.0,,0.0,171.0,332.685,2026-09-11 19:44:22,2026-09-11 15:45:04
AAPL,AAPL260925C00160000,AAPL,2026-09-25,C,160.0,172.15,120.0,174.8,30.0,1.8002,0.0,0.0,0.9997,0.0,0.0003,-0.0008,0.0612,172.9331,0.0,0.0,0.0,0.0,no_change,0.0,,0.0,166.024993896484,332.685,2026-09-11 19:44:22,2026-09-11 15:45:04
AAPL,AAPL260925C00165000,AAPL,2026-09-25,C,165.0,167.2,117.0,169.8,30.0,1.7393,0.0,0.0,0.9997,0.0,0.0003,-0.0009,0.0631,167.9418,0.0,0.0,0.0,0.0,no_change,0.0,,0.0,161.024993896484,332.685,2026-09-11 19:44:22,2026-09-11 15:45:04
AAPL,AAPL260925C00170000,AAPL,2026-09-25,C,170.0,161.35,144.0,164.8,30.0,1.3769,2.0,0.0,0.9997,0.0,0.0004,-0.001,0.065,162.9506,0.0,0.0,0.0,0.0,up,148.09,2026-08-19T10:19:39,0.0,156.024993896484,332.685,2026-09-11 19:44:22,2026-09-11 15:45:04
AAPL,AAPL260925C00175000,AAPL,2026-09-25,C,175.0,156.6,141.0,159.8,30.0,1.4305,0.0,0.0,0.9997,0.0,0.0004,-0.0011,0.0669,157.9595,0.0,0.0,0.0,0.0,no_change,0.0,,0.0,151.024993896484,332.685,2026-09-11 19:44:22,2026-09-11 15:45:04
AAPL,AAPL260925C00180000,AAPL,2026-09-25,C,180.0,152.15,116.0,154.8,27.0,1.522,0.0,0.0,0.9996,0.0,0.0005,-0.0012,0.0688,152.9683,0.0,0.0,0.0,0.0,no_change,0.0,,0.0,146.049995422363,332.685,2026-09-11 19:44:22,2026-09-11 15:45:04
AAPL,AAPL260925C00185000,AAPL,2026-09-25,C,185.0,146.15,130.0,149.8,30.0,0.8113,1.0,1.0,0.9996,0.0,0.0006,-0.0014,0.0708,147.9772,8.65,149.7,149.7,149.7,up,149.7,2026-09-11T12:00:25,6.13258,141.049995422363,332.685,2026-09-11 19:44:22,2026-09-11 15:45:04
AAPL,AAPL260925C00190000,AAPL,2026-09-25,C,190.0,142.2,126.0,144.85,30.0,1.4152,1.0,1.0,0.9996,0.0,0.0006,-0.0015,0.0727,142.9862,9.375,145.45,145.45,145.45,up,145.45,2026-09-11T11:07:35,6.88959,136.074996948242,332.685,2026-09-11 19:44:22,2026-09-11 15:45:04
AAPL,AAPL260925C00195000,AAPL,2026-09-25,C,195.0,137.1,120.0,139.85,30.0,1.3333,1.0,0.0,0.9995,0.0,0.0007,-0.0017,0.0746,137.9951,0.0,0.0,0.0,0.0,up,122.25,2026-08-27T15:59:29,0.0,131.025001525879,332.685,2026-09-11 19:44:22,2026-09-11 15:45:04
AAPL,AAPL260925C00200000,AAPL,2026-09-25,C,200.0,131.7,126.0,134.85,30.0,1.1777,1.0,0.0,0.9995,0.0,0.0008,-0.0019,0.0765,133.0042,0.0,0.0,0.0,0.0,up,120.5,2026-08-28T13:48:59,0.0,126.074996948242,332.685,2026-09-11 19:44:22,2026-09-11 15:45:04
AAPL,AAPL260925C00205000,AAPL,2026-09-25,C,205.0,127.25,119.0,129.85,30.0,1.2438,5.0,0.0,0.9994,0.0,0.001,-0.0021,0.0784,128.0133,0.0,0.0,0.0,0.0,up,110.85,2026-08-19T15:57:48,0.0,121.099998474121,332.685,2026-09-11 19:44:22,2026-09-11 15:45:04
AAPL,AAPL260925C00210000,AAPL,2026-09-25,C,210.0,121.6,132.0,123.7,19.0,0.0,3.0,1.0,0.9994,0.0,0.0011,-0.0024,0.0803,123.0225,8.315,124.54,124.54,124.54,up,124.54,2026-09-11T12:46:00,7.15423,116.224998474121,332.685,2026-09-11 19:44:22,2026-09-11 15:45:04
AAPL,AAPL260925C00215000,AAPL,2026-09-25,C,215.0,116.7,126.0,119.85,30.0,1.0133,0.0,0.0,0.9993,0.0,0.0013,-0.0026,0.0822,118.0318,0.0,0.0,0.0,0.0,no_change,0.0,,0.0,111.125,332.685,2026-09-11 19:44:22,2026-09-11 15:45:04
AAPL,AAPL260925C00220000,AAPL,2026-09-25,C,220.0,111.45,139.0,114.9,77.0,0.8968,62.0,0.0,0.9992,0.0,0.0015,-0.003,0.0841,113.0412,0.0,0.0,0.0,0.0,down,97.97,2026-09-09T10:00:02,0.0,106.125,332.685,2026-09-11 19:44:22,2026-09-11 15:45:04
AAPL,AAPL260925C00225000,AAPL,2026-09-25,C,225.0,106.6,133.0,109.9,30.0,0.8962,6.0,2.0,0.999,0.0001,0.0018,-0.0033,0.086,108.0509,9.225,102.53,110.35,102.53,up,110.35,2026-09-11T10:53:38,9.12237,101.125,332.685,2026-09-11 19:44:22,2026-09-11 15:45:04
AAPL,AAPL260925C00230000,AAPL,2026-09-25,C,230.0,102.25,207.0,104.9,91.0,0.9765,3.0,2.0,0.9989,0.0001,0.0021,-0.0038,0.0879,103.0608,6.35,102.9,102.9,102.5,down,102.5,2026-09-11T14:24:06,6.60426,96.1500015258789,332.685,2026-09-11 19:44:22,2026-09-11 15:45:04
AAPL,AAPL260925C00235000,AAPL,2026-09-25,C,235.0,97.15,129.0,99.9,30.0,0.9095,29.0,0.0,0.9987,0.0001,0.0025,-0.0043,0.0898,98.071,0.0,0.0,0.0,0.0,up,95.14,2026-09-03T10:37:33,0.0,91.1750030517578,332.685,2026-09-11 19:44:22,2026-09-11 15:45:04
AAPL,AAPL260925C00240000,AAPL,2026-09-25,C,240.0,92.3,122.0,94.9,30.0,0.881,13.0,0.0,0.9985,0.0001,0.003,-0.005,0.0917,93.0817,0.0,0.0,0.0,0.0,up,82.11,2026-09-04T15:11:06,0.0,85.8500022888184,332.685,2026-09-11 19:44:22,2026-09-11 15:45:04
AAPL,AAPL260925C00245000,AAPL,2026-09-25,C,245.0,87.1,131.0,89.25,43.0,0.76,44.0,1.0,0.9982,0.0001,0.0036,-0.0058,0.0935,88.093,7.585,88.76,88.76,88.76,up,88.76,2026-09-11T14:14:16,9.34401,81.1750030517578,332.685,2026-09-11 19:44:22,2026-09-11 15:45:04
AAPL,AAPL260925C00250000,AAPL,2026-09-25,C,250.0,82.3,128.0,84.95,45.0,0.7881,54.0,21.0,0.9977,0.0002,0.0045,-0.0069,0.0954,83.1051,8.025,82.45,84.38,82.45,down,84.25,2026-09-11T13:34:24,10.528,76.2249984741211,332.685,2026-09-11 19:44:22,2026-09-11 15:45:04
AAPL,AAPL260925C00255000,AAPL,2026-09-25,C,255.0,76.9,133.0,79.95,35.0,0.6842,58.0,0.0,0.9972,0.0002,0.0056,-0.0082,0.0972,78.1185,0.0,0.0,0.0,0.0,up,64.7,2026-09-10T10:05:32,0.0,71.2249984741211,332.685,2026-09-11 19:44:22,2026-09-11 15:45:04
AAPL,AAPL260925C00260000,AAPL,2026-09-25,C,260.0,71.65,133.0,74.95,29.0,0.5932,37.0,0.0,0.9964,0.0003,0.007,-0.01,0.099,73.1335,0.0,0.0,0.0,0.0,up,64.3,2026-09-10T13:15:13,0.0,66.2750015258789,332.685,2026-09-11 19:44:22,2026-09-11 15:45:04
AAPL,AAPL260925C00265000,AAPL,2026-09-25,C,265.0,66.9,131.0,70.0,30.0,0.6008,22.0,1.0,0.9954,0.0004,0.0089,-0.0122,0.1008,68.1508,7.61,68.91,68.91,68.91,up,68.91,2026-09-11T13:55:48,12.4144,61.3000011444092,332.685,2026-09-11 19:44:22,2026-09-11 15:45:04
AAPL,AAPL260925C00270000,AAPL,2026-09-25,C,270.0,61.8,140.0,65.0,26.0,0.5419,35.0,0.0,0.9939,0.0006,0.0114,-0.015,0.1026,63.1712,0.0,0.0,0.0,0.0,down,49.05,2026-09-09T14:56:40,0.0,56.3250007629394,332.685,2026-09-11 19:44:22,2026-09-11 15:45:04
AAPL,AAPL260925C00275000,AAPL,2026-09-25,C,275.0,57.0,142.0,60.05,35.0,0.5311,67.0,14.0,0.9919,0.0008,0.0147,-0.0187,0.1042,58.1961,6.73,56.92,59.73,56.92,down,58.13,2026-09-11T14:22:36,13.0934,51.3999996185303,332.685,2026-09-11 19:44:22,2026-09-11 15:45:04
AAPL,AAPL260925C00277500,AAPL,2026-09-25,C,277.5,54.85,120.0,57.55,25.0,0.5445,8.0,0.0,0.9906,0.0009,0.0167,-0.0209,0.105,55.7107,0.0,0.0,0.0,0.0,down,46.76,2026-09-10T12:53:15,0.0,48.8999996185303,332.685,2026-09-11 19:44:22,2026-09-11 15:45:04
AAPL,AAPL260925C00280000,AAPL,2026-09-25,C,280.0,52.4,341.0,55.05,229.0,0.526,154.0,7.0,0.9892,0.0011,0.0191,-0.0233,0.1058,53.2271,9.09,51.92,55.69,51.92,up,55.69,2026-09-11T11:41:45,19.5064,46.6000003814697,332.685,2026-09-11 19:44:22,2026-09-11 15:45:04
AAPL,AAPL260925C00282500,AAPL,2026-09-25,C,282.5,50.0,119.0,52.6,27.0,0.5155,7.0,0.0,0.9874,0.0013,0.0218,-0.0261,0.1065,50.7456,0.0,0.0,0.0,0.0,down,43.34,2026-09-10T13:42:40,0.0,43.8499984741211,332.685,2026-09-11 19:44:22,2026-09-11 15:45:04
AAPL,AAPL260925C00285000,AAPL,2026-09-25,C,285.0,47.3,166.0,50.1,136.0,0.4762,99.0,3.0,0.9853,0.0015,0.025,-0.0292,0.1072,48.2666,9.335,48.0,50.81,47.65,up,50.81,2026-09-11T11:38:06,22.5075,41.4750003814697,332.685,2026-09-11 19:44:22,2026-09-11 15:45:04
AAPL,AAPL260925C00287500,AAPL,2026-09-25,C,287.5,44.65,133.0,47.6,22.0,0.4408,7.0,15.0,0.9828,0.0018,0.0286,-0.0327,0.1078,45.7907,7.38,46.28,46.28,46.28,no_change,46.28,2026-09-11T15:22:20,18.9717,38.8999996185303,332.685,2026-09-11 19:44:22,2026-09-11 15:45:04
AAPL,AAPL260925C00290000,AAPL,2026-09-25,C,290.0,42.6,355.0,43.7,81.0,0.0,132.0,5.0,0.9798,0.0021,0.0327,-0.0366,0.1084,43.3185,8.425,44.5,45.78,44.5,down,45.05,2026-09-11T12:58:09,23.0034,36.625,332.685,2026-09-11 19:44:22,2026-09-11 15:45:04
AAPL,AAPL260925C00292500,AAPL,2026-09-25,C,292.5,39.55,136.0,42.7,43.0,0.3968,0.0,10.0,0.9762,0.0025,0.0376,-0.0411,0.1089,40.8508,6.92,41.07,41.07,41.07,up,41.07,2026-09-11T14:45:29,20.2635,34.1499996185303,332.685,2026-09-11 19:44:22,2026-09-11 15:45:04
AAPL,AAPL260925C00295000,AAPL,2026-09-25,C,295.0,36.85,335.0,40.15,124.0,0.3529,196.0,41.0,0.9719,0.003,0.0432,-0.0461,0.1093,38.3889,6.35,39.92,39.92,38.15,down,38.15,2026-09-11T14:50:53,19.9686,31.8000001907349,332.685,2026-09-11 19:44:22,2026-09-11 15:45:04
AAPL,AAPL260925C00297500,AAPL,2026-09-25,C,297.5,35.1,134.0,37.1,30.0,0.3491,1.0,88.0,0.9667,0.0035,0.0498,-0.0518,0.1096,35.9344,7.79,37.78,37.78,37.14,down,37.14,2026-09-11T13:37:19,26.5417,29.3499994277954,332.685,2026-09-11 19:44:22,2026-09-11 15:45:04
AAPL,AAPL260925C00300000,AAPL,2026-09-25,C,300.0,32.9,327.0,33.75,54.0,0.2725,982.0,52.0,0.9602,0.0042,0.0575,-0.0584,0.1097,33.4897,7.2,30.0,36.63,30.0,down,34.05,2026-09-11T13:42:04,26.8156,26.8500003814697,332.685,2026-09-11 19:44:22,2026-09-11 15:45:04
AAPL,AAPL260925C00302500,AAPL,2026-09-25,C,302.5,30.85,44.0,31.3,58.0,0.302,4.0,54.0,0.9522,0.005,0.0666,-0.0661,0.1096,31.058,8.295,33.27,34.21,32.77,down,32.77,2026-09-11T12:55:30,33.8917,24.4750003814697,332.685,2026-09-11 19:44:22,2026-09-11 15:45:04
AAPL,AAPL260925C00305000,AAPL,2026-09-25,C,305.0,28.25,254.0,28.9,155.0,0.2806,274.0,74.0,0.9422,0.0061,0.0773,-0.0751,0.1093,28.6443,6.525,27.0,31.33,27.0,down,28.65,2026-09-11T15:20:06,29.4915,22.125,332.685,2026-09-11 19:44:22,2026-09-11 15:45:04
AAPL,AAPL260925C00307500,AAPL,2026-09-25,C,307.5,25.75,134.0,27.35,91.0,0.3124,2.0,19.0,0.9296,0.0073,0.0901,-0.0856,0.1086,26.2547,7.96,26.05,27.96,26.05,up,27.96,2026-09-11T13:13:11,39.8,20.0,332.685,2026-09-11 19:44:22,2026-09-11 15:45:04
AAPL,AAPL260925C00310000,AAPL,2026-09-25,C,310.0,23.6,279.0,24.0,22.0,0.264,990.0,160.0,0.9136,0.0088,0.1049,-0.0979,0.1075,23.898,6.085,20.5,26.8,19.81,down,23.91,2026-09-11T15:20:06,34.1374,17.8249998092651,332.685,2026-09-11 19:44:22,2026-09-11 15:45:04
AAPL,AAPL260925C00312500,AAPL,2026-09-25,C,312.5,21.25,210.0,22.25,286.0,0.2803,153.0,12.0,0.8934,0.0105,0.1221,-0.112,0.1058,21.5849,5.01,18.55,23.31,18.55,down,20.86,2026-09-11T14:12:20,31.6088,15.8500003814697,332.685,2026-09-11 19:44:22,2026-09-11 15:45:04
AAPL,AAPL260925C00315000,AAPL,2026-09-25,C,315.0,19.0,255.0,19.55,158.0,0.2568,1150.0,209.0,0.8683,0.0125,0.1414,-0.1279,0.1035,19.3288,5.275,15.25,22.25,15.25,down,19.25,2026-09-11T15:16:50,37.746,13.9749999046326,332.685,2026-09-11 19:44:22,2026-09-11 15:45:04
AAPL,AAPL260925C00317500,AAPL,2026-09-25,C,317.5,16.9,230.0,17.25,24.0,0.2509,94.0,69.0,0.8375,0.0147,0.1623,-0.1451,0.1004,17.1455,5.37,17.5,19.9,17.05,down,17.32,2026-09-11T15:06:08,44.9372,11.9500002861023,332.685,2026-09-11 19:44:22,2026-09-11 15:45:04
AAPL,AAPL260925C00320000,AAPL,2026-09-25,C,320.0,14.9,148.0,15.15,15.0,0.2492,6716.0,392.0,0.8003,0.017,0.1842,-0.1631,0.0964,15.0524,4.775,11.5,18.1,11.2,no_change,15.1,2026-09-11T15:02:53,46.247,10.3249998092651,332.685,2026-09-11 19:44:22,2026-09-11 15:45:04
AAPL,AAPL260925C00322500,AAPL,2026-09-25,C,322.5,12.8,300.0,13.2,93.0,0.2436,417.0,189.0,0.7566,0.0194,0.2058,-0.1807,0.0916,13.0678,4.225,12.1,15.7,12.1,down,13.0,2026-09-11T14:58:44,48.1482,8.77499961853027,332.685,2026-09-11 19:44:22,2026-09-11 15:45:04
AAPL,AAPL260925C00325000,AAPL,2026-09-25,C,325.0,11.0,382.0,11.35,142.0,0.2422,5325.0,805.0,0.7066,0.0215,0.2255,-0.1968,0.0859,11.2097,3.76,8.2,14.0,8.05,down,11.11,2026-09-11T15:27:21,51.1565,7.34999990463257,332.685,2026-09-11 19:44:22,2026-09-11 15:45:04
AAPL,AAPL260925C00327500,AAPL,2026-09-25,C,327.5,9.3,449.0,9.6,91.0,0.2392,237.0,346.0,0.6509,0.0234,0.242,-0.2099,0.0795,9.4947,3.495,6.6,12.3,6.6,down,9.62,2026-09-11T14:33:40,57.0612,6.125,332.685,2026-09-11 19:44:22,2026-09-11 15:45:04
AAPL,AAPL260925C00330000,AAPL,2026-09-25,C,330.0,7.9,92.0,8.0,10.0,0.2396,3346.0,1373.0,0.5908,0.0248,0.2537,-0.2189,0.0724,7.9361,2.875,5.55,10.65,5.22,down,7.9,2026-09-11T15:29:05,57.2139,5.02499985694885,332.685,2026-09-11 19:44:22,2026-09-11 15:45:04
AAPL,AAPL260925C00332500,AAPL,2026-09-25,C,332.5,6.45,416.0,6.65,225.0,0.2376,225.0,773.0,0.5279,0.0256,0.2598,-0.2229,0.0648,6.543,2.46,4.35,8.8,4.22,up,6.56,2026-09-11T15:28:43,60.0,4.09999990463257,332.685,2026-09-11 19:44:22,2026-09-11 15:45:04
AAPL,AAPL260925C00335000,AAPL,2026-09-25,C,335.0,5.2,635.0,5.4,338.0,0.2354,5772.0,2327.0,0.464,0.0257,0.2594,-0.2213,0.0571,5.3195,1.95,3.8,7.5,3.4,down,5.25,2026-09-11T15:25:24,59.0909,3.30000007152557,332.685,2026-09-11 19:44:22,2026-09-11 15:45:04
AAPL,AAPL260925C00337500,AAPL,2026-09-25,C,337.5,4.15,382.0,4.3,179.0,0.2337,55.0,870.0,0.4009,0.0251,0.2526,-0.2142,0.0494,4.2644,1.63,2.96,6.25,2.62,no_change,4.25,2026-09-11T15:27:43,62.2137,2.62000000476837,332.685,2026-09-11 19:44:22,2026-09-11 15:45:04
AAPL,AAPL260925C00340000,AAPL,2026-09-25,C,340.0,3.25,734.0,3.4,627.0,0.2328,5622.0,4742.0,0.3406,0.0238,0.2399,-0.2022,0.042,3.3711,1.2,2.42,5.1,1.93,down,3.25,2026-09-11T15:28:05,58.5366,2.04999995231628,332.685,2026-09-11 19:44:22,2026-09-11 15:45:04
AAPL,AAPL260925C00342500,AAPL,2026-09-25,C,342.5,2.53,629.0,2.64,216.0,0.2324,261.0,538.0,0.2844,0.0221,0.2225,-0.1862,0.0351,2.629,1.035,1.77,4.1,1.77,up,2.66,2026-09-11T15:20:19,63.6923,1.625,332.685,2026-09-11 19:44:22,2026-09-11 15:45:04
AAPL,AAPL260925C00345000,AAPL,2026-09-25,C,345.0,1.95,632.0,2.04,588.0,0.233,3036.0,1587.0,0.2337,0.0199,0.2016,-0.1674,0.0289,2.0238,0.765,1.48,3.25,1.42,down,2.0,2026-09-11T15:29:07,61.9433,1.23500001430511,332.685,2026-09-11 19:44:22,2026-09-11 15:45:04
AAPL,AAPL260925C00347500,AAPL,2026-09-25,C,347.5,1.48,483.0,1.57,618.0,0.234,96.0,385.0,0.189,0.0176,0.1787,-0.1472,0.0233,1.5393,0.56,1.13,2.59,1.13,down,1.53,2026-09-11T15:01:43,57.732,0.969999998807907,332.685,2026-09-11 19:44:22,2026-09-11 15:45:04
AAPL,AAPL260925C00350000,AAPL,2026-09-25,C,350.0,1.13,165.0,1.17,252.0,0.2348,4422.0,3729.0,0.1506,0.0151,0.1552,-0.1267,0.0186,1.1582,0.39,0.89,2.01,0.81,down,1.13,2026-09-11T15:26:58,52.7027,0.740000009536743,332.685,2026-09-11 19:44:22,2026-09-11 15:45:04
AAPL,AAPL260925C00352500,AAPL,2026-09-25,C,352.5,0.85,89.0,0.89,570.0,0.2364,163.0,893.0,0.1185,0.0128,0.1322,-0.1071,0.0146,0.8635,0.32,0.6,1.55,0.6,up,0.9,2026-09-11T14:57:13,55.1724,0.580000013113022,332.685,2026-09-11 19:44:22,2026-09-11 15:45:04
AAPL,AAPL260925C00355000,AAPL,2026-09-25,C,355.0,0.63,141.0,0.64,122.0,0.2375,2559.0,1211.0,0.0922,0.0106,0.1107,-0.089,0.0114,0.6391,0.195,0.53,1.15,0.5,down,0.63,2026-09-11T15:26:20,44.8276,0.435000002384186,332.685,2026-09-11 19:44:22,2026-09-11 15:45:04
AAPL,AAPL260925C00360000,AAPL,2026-09-25,C,360.0,0.34,154.0,0.35,153.0,0.2411,2321.0,2318.0,0.054,0.0069,0.0744,-0.0588,0.0066,0.3431,0.09,0.3,0.7,0.3,up,0.34,2026-09-11T15:27:29,36.0,0.249999992549419,332.685,2026-09-11 19:44:22,2026-09-11 15:45:04
AAPL,AAPL260925C00365000,AAPL,2026-09-25,C,365.0,0.18,1.0,0.19,114.0,0.2455,554.0,415.0,0.0313,0.0044,0.0484,-0.0378,0.0038,0.1858,0.015,0.16,0.39,0.16,down,0.17,2026-09-11T15:13:17,9.67742,0.155000001192093,332.685,2026-09-11 19:44:22,2026-09-11 15:45:04
AAPL,AAPL260925C00370000,AAPL,2026-09-25,C,370.0,0.07,524.0,0.12,352.0,0.2485,777.0,707.0,0.0186,0.0027,0.0315,-0.0246,0.0023,0.1048,0.025,0.11,0.21,0.07,up,0.11,2026-09-11T15:02:23,29.4118,0.0850000008940697,332.685,2026-09-11 19:44:22,2026-09-11 15:45:04
AAPL,AAPL260925C00375000,AAPL,2026-09-25,C,375.0,0.02,459.0,0.06,60.0,0.2503,373.0,140.0,0.0114,0.0017,0.0208,-0.0163,0.0014,0.0621,0.02,0.09,0.13,0.06,up,0.08,2026-09-11T13:43:04,33.3333,0.0600000014528632,332.685,2026-09-11 19:44:22,2026-09-11 15:45:04
AAPL,AAPL260925C00380000,AAPL,2026-09-25,C,380.0,0.03,91.0,0.05,385.0,0.2713,299.0,215.0,0.0073,0.0011,0.0143,-0.0114,0.0009,0.0396,-0.025,0.01,0.09,0.01,no_change,0.05,2026-09-11T15:02:53,-33.3333,0.0749999973922968,332.685,2026-09-11 19:44:22,2026-09-11 15:45:04
AAPL,AAPL260925C00385000,AAPL,2026-09-25,C,385.0,0.02,89.0,0.04,568.0,0.2856,81.0,62.0,0.0051,0.0008,0.0104,-0.0086,0.0006,0.0278,0.01,0.04,0.04,0.03,up,0.04,2026-09-11T14:33:47,33.3333,0.0299999993294477,332.685,2026-09-11 19:44:22,2026-09-11 15:45:04
AAPL,AAPL260925C00390000,AAPL,2026-09-25,C,390.0,0.01,52.0,0.06,466.0,0.3129,98.0,0.0,0.0039,0.0006,0.0081,-0.0069,0.0005,0.0214,0.0,0.0,0.0,0.0,down,0.01,2026-09-10T15:51:32,0.0,0.0249999994412065,332.685,2026-09-11 19:44:22,2026-09-11 15:45:04
AAPL,AAPL260925C00395000,AAPL,2026-09-25,C,395.0,0.01,79.0,0.03,247.0,0.317,64.0,40.0,0.0031,0.0005,0.0066,-0.0059,0.0004,0.0176,0.0,0.02,0.1,0.01,up,0.02,2026-09-11T14:59:17,2.23517e-06,0.0199999995529652,332.685,2026-09-11 19:44:22,2026-09-11 15:45:04
AAPL,AAPL260925C00400000,AAPL,2026-09-25,C,400.0,0.01,10.0,0.02,19.0,0.3283,156.0,43.0,0.0026,0.0004,0.0057,-0.0053,0.0003,0.0153,0.015,0.02,0.07,0.01,no_change,0.02,2026-09-11T14:06:14,300.0,0.00499999988824129,332.685,2026-09-11 19:44:22,2026-09-11 15:45:04
AAPL,AAPL260925C00405000,AAPL,2026-09-25,C,405.0,0.0,0.0,0.08,690.0,0.3841,13.0,2.0,0.0023,0.0003,0.005,-0.0049,0.0003,0.0139,-0.03,0.09,0.09,0.09,up,0.09,2026-09-11T09:49:52,-25.0,0.119999997317791,332.685,2026-09-11 19:44:22,2026-09-11 15:45:04
AAPL,AAPL260925C00410000,AAPL,2026-09-25,C,410.0,0.0,0.0,0.35,547.0,0.4842,23.0,0.0,0.002,0.0003,0.0045,-0.0046,0.0002,0.0129,0.0,0.0,0.0,0.0,down,0.03,2026-09-04T10:59:31,0.0,0.259999990463257,332.685,2026-09-11 19:44:22,2026-09-11 15:45:04
AAPL,AAPL260925C00415000,AAPL,2026-09-25,C,415.0,0.0,0.0,0.03,8.0,0.3877,135.0,2.0,0.0019,0.0002,0.0041,-0.0044,0.0002,0.0122,-0.005,0.03,0.03,0.03,up,0.03,2026-09-11T12:49:20,-14.2857,0.0350000001490116,332.685,2026-09-11 19:44:22,2026-09-11 15:45:04
AAPL,AAPL260925P00110000,AAPL,2026-09-25,P,110.0,0.0,0.0,0.01,9500.0,1.6666,100.0,0.0,0.0,0.0,0.0,-0.0001,0.0,0.0002,0.0,0.0,0.0,0.0,down,0.02,2026-08-19T11:20:24,0.0,0.259999990463257,332.685,2026-09-11 19:44:22,2026-09-11 15:45:04
AAPL,AAPL260925P00120000,AAPL,2026-09-25,P,120.0,0.0,0.0,0.52,44.0,2.2135,0.0,0.0,0.0,0.0,0.0001,-0.0002,0.0,0.0004,0.0,0.0,0.0,0.0,no_change,0.0,,0.0,0.259999990463257,332.685,2026-09-11 19:44:22,2026-09-11 15:45:04
AAPL,AAPL260925P00125000,AAPL,2026-09-25,P,125.0,0.0,0.0,0.52,44.0,2.13,0.0,0.0,0.0,0.0,0.0001,-0.0002,0.0,0.0005,0.0,0.0,0.0,0.0,no_change,0.0,,0.0,0.259999990463257,332.685,2026-09-11 19:44:22,2026-09-11 15:45:04
AAPL,AAPL260925P00130000,AAPL,2026-09-25,P,130.0,0.0,0.0,0.52,44.0,2.0498,0.0,0.0,0.0,0.0,0.0001,-0.0003,0.0,0.0006,0.0,0.0,0.0,0.0,no_change,0.0,,0.0,0.259999990463257,332.685,2026-09-11 19:44:22,2026-09-11 15:45:04
AAPL,AAPL260925P00135000,AAPL,2026-09-25,P,135.0,0.0,0.0,0.52,44.0,1.9728,0.0,0.0,0.0,0.0,0.0001,-0.0004,0.0,0.0007,0.0,0.0,0.0,0.0,no_change,0.0,,0.0,0.259999990463257,332.685,2026-09-11 19:44:22,2026-09-11 15:45:04
AAPL,AAPL260925P00140000,AAPL,2026-09-25,P,140.0,0.0,0.0,0.52,44.0,1.8985,0.0,0.0,0.0,0.0,0.0001,-0.0004,0.0,0.0008,0.0,0.0,0.0,0.0,no_change,0.0,,0.0,0.259999990463257,332.685,2026-09-11 19:44:22,2026-09-11 15:45:04
AAPL,AAPL260925P00145000,AAPL,2026-09-25,P,145.0,0.0,0.0,0.52,44.0,1.8268,0.0,0.0,-0.0001,0.0,0.0002,-0.0005,0.0,0.001,0.0,0.0,0.0,0.0,no_change,0.0,,0.0,0.259999990463257,332.685,2026-09-11 19:44:22,2026-09-11 15:45:04
AAPL,AAPL260925P00150000,AAPL,2026-09-25,P,150.0,0.0,0.0,0.52,44.0,1.7576,0.0,0.0,-0.0001,0.0,0.0002,-0.0006,0.0,0.0012,0.0,0.0,0.0,0.0,no_change,0.0,,0.0,0.259999990463257,332.685,2026-09-11 19:44:22,2026-09-11 15:45:04
AAPL,AAPL260925P00155000,AAPL,2026-09-25,P,155.0,0.0,0.0,0.52,44.0,1.6907,0.0,0.0,-0.0001,0.0,0.0002,-0.0007,0.0,0.0014,0.0,0.0,0.0,0.0,no_change,0.0,,0.0,0.259999990463257,332.685,2026-09-11 19:44:22,2026-09-11 15:45:04
AAPL,AAPL260925P00160000,AAPL,2026-09-25,P,160.0,0.0,0.0,0.52,44.0,1.6258,0.0,0.0,-0.0001,0.0,0.0003,-0.0008,0.0,0.0016,0.0,0.0,0.0,0.0,no_change,0.0,,0.0,0.259999990463257,332.685,2026-09-11 19:44:22,2026-09-11 15:45:04
AAPL,AAPL260925P00165000,AAPL,2026-09-25,P,165.0,0.0,0.0,0.52,44.0,1.5629,0.0,0.0,-0.0001,0.0,0.0003,-0.0009,0.0,0.0018,0.0,0.0,0.0,0.0,no_change,0.0,,0.0,0.259999990463257,332.685,2026-09-11 19:44:22,2026-09-11 15:45:04
AAPL,AAPL260925P00170000,AAPL,2026-09-25,P,170.0,0.0,0.0,0.3,1.0,1.4037,1.0,0.0,-0.0001,0.0,0.0004,-0.001,0.0,0.0021,0.0,0.0,0.0,0.0,down,0.05,2026-08-17T09:30:01,0.0,0.150000005960464,332.685,2026-09-11 19:44:22,2026-09-11 15:45:04
AAPL,AAPL260925P00175000,AAPL,2026-09-25,P,175.0,0.0,0.0,0.01,6.0,0.9891,26.0,9.0,-0.0002,0.0,0.0004,-0.0011,0.0,0.0024,0.005,0.01,0.01,0.01,no_change,0.01,2026-09-11T14:07:17,100.0,0.00499999988824129,332.685,2026-09-11 19:44:22,2026-09-11 15:45:04
AAPL,AAPL260925P00180000,AAPL,2026-09-25,P,180.0,0.0,0.0,0.03,10.0,1.0314,30.0,0.0,-0.0002,0.0,0.0005,-0.0012,0.0,0.0027,0.0,0.0,0.0,0.0,no_change,0.01,2026-09-01T15:47:12,0.0,0.0149999996647239,332.685,2026-09-11 19:44:22,2026-09-11 15:45:04
AAPL,AAPL260925P00185000,AAPL,2026-09-25,P,185.0,0.0,0.0,0.06,2.0,1.0495,20.0,0.0,-0.0002,0.0,0.0006,-0.0014,0.0,0.0031,0.0,0.0,0.0,0.0,up,0.03,2026-09-01T09:51:25,0.0,0.0299999993294477,332.685,2026-09-11 19:44:22,2026-09-11 15:45:04
AAPL,AAPL260925P00190000,AAPL,2026-09-25,P,190.0,0.0,0.0,0.01,5.0,0.8686,17.0,0.0,-0.0003,0.0,0.0006,-0.0015,0.0,0.0035,0.0,0.0,0.0,0.0,down,0.04,2026-09-01T10:50:33,0.0,0.254999995231628,332.685,2026-09-11 19:44:22,2026-09-11 15:45:04
AAPL,AAPL260925P00195000,AAPL,2026-09-25,P,195.0,0.0,0.0,0.09,11.0,0.9993,26.0,5.0,-0.0003,0.0,0.0007,-0.0017,0.0,0.004,-0.03,0.01,0.01,0.01,down,0.01,2026-09-11T14:00:41,-75.0,0.0399999991059303,332.685,2026-09-11 19:44:22,2026-09-11 15:45:04
AAPL,AAPL260925P00200000,AAPL,2026-09-25,P,200.0,0.0,0.0,0.04,10.0,0.8861,49.0,0.0,-0.0004,0.0,0.0008,-0.0019,0.0,0.0045,0.0,0.0,0.0,0.0,no_change,0.01,2026-09-10T12:25:12,0.0,0.00999999977648258,332.685,2026-09-11 19:44:22,2026-09-11 15:45:04
AAPL,AAPL260925P00205000,AAPL,2026-09-25,P,205.0,0.0,0.0,0.5,26.0,1.1116,26.0,0.0,-0.0004,0.0,0.001,-0.0021,0.0,0.0051,0.0,0.0,0.0,0.0,up,0.1,2026-09-01T10:25:22,0.0,0.239999994635582,332.685,2026-09-11 19:44:22,2026-09-11 15:45:04
AAPL,AAPL260925P00210000,AAPL,2026-09-25,P,210.0,0.0,0.0,0.5,20.0,1.0619,54.0,0.0,-0.0005,0.0,0.0011,-0.0024,-0.0001,0.0057,0.0,0.0,0.0,0.0,down,0.09,2026-09-03T09:58:53,0.0,0.234999999403954,332.685,2026-09-11 19:44:22,2026-09-11 15:45:04
AAPL,AAPL260925P00215000,AAPL,2026-09-25,P,215.0,0.0,0.0,0.04,4.0,0.7684,130.0,87.0,-0.0006,0.0,0.0013,-0.0026,-0.0001,0.0065,-0.005,0.14,0.14,0.01,up,0.04,2026-09-11T12:33:03,-11.1111,0.0449999989941716,332.685,2026-09-11 19:44:22,2026-09-11 15:45:04
AAPL,AAPL260925P00220000,AAPL,2026-09-25,P,220.0,0.0,0.0,0.06,16.0,0.7586,46.0,0.0,-0.0007,0.0,0.0015,-0.003,-0.0001,0.0074,0.0,0.0,0.0,0.0,down,0.02,2026-09-08T15:06:30,0.0,0.0299999993294477,332.685,2026-09-11 19:44:22,2026-09-11 15:45:04
AAPL,AAPL260925P00225000,AAPL,2026-09-25,P,225.0,0.0,0.0,0.26,519.0,0.8441,128.0,31.0,-0.0008,0.0001,0.0018,-0.0033,-0.0001,0.0086,-0.17,0.09,0.09,0.04,down,0.04,2026-09-11T12:50:01,-80.9524,0.209999993443489,332.685,2026-09-11 19:44:22,2026-09-11 15:45:04
AAPL,AAPL260925P00230000,AAPL,2026-09-25,P,230.0,0.0,0.0,0.05,256.0,0.6715,62.0,1.0,-0.0009,0.0001,0.0021,-0.0038,-0.0001,0.0099,0.0,0.03,0.03,0.03,up,0.03,2026-09-11T11:05:29,2.23517e-06,0.0299999993294477,332.685,2026-09-11 19:44:22,2026-09-11 15:45:04
AAPL,AAPL260925P00235000,AAPL,2026-09-25,P,235.0,0.01,33.0,0.05,308.0,0.6467,873.0,29.0,-0.0011,0.0001,0.0025,-0.0043,-0.0001,0.0116,-0.02,0.03,0.03,0.02,no_change,0.02,2026-09-11T10:54:33,-50.0,0.0400000000372529,332.685,2026-09-11 19:44:22,2026-09-11 15:45:04
AAPL,AAPL260925P00240000,AAPL,2026-09-25,P,240.0,0.0,0.0,0.05,70.0,0.6001,425.0,0.0,-0.0014,0.0001,0.003,-0.005,-0.0002,0.0138,0.0,0.0,0.0,0.0,no_change,0.05,2026-09-09T14:44:39,0.0,0.0400000000372529,332.685,2026-09-11 19:44:22,2026-09-11 15:45:04
AAPL,AAPL260925P00245000,AAPL,2026-09-25,P,245.0,0.01,23.0,0.05,516.0,0.5754,397.0,24.0,-0.0017,0.0001,0.0036,-0.0058,-0.0002,0.0166,-0.02,0.05,0.05,0.02,no_change,0.02,2026-09-11T14:54:30,-50.0,0.0400000000372529,332.685,2026-09-11 19:44:22,2026-09-11 15:45:04
AAPL,AAPL260925P00250000,AAPL,2026-09-25,P,250.0,0.01,165.0,0.03,243.0,0.5199,256.0,5.0,-0.0021,0.0002,0.0045,-0.0069,-0.0002,0.0202,-0.015,0.06,0.06,0.02,up,0.03,2026-09-11T11:20:43,-33.3333,0.0449999999254942,332.685,2026-09-11 19:44:22,2026-09-11 15:45:04
AAPL,AAPL260925P00255000,AAPL,2026-09-25,P,255.0,0.01,303.0,0.04,215.0,0.4975,555.0,9.0,-0.0027,0.0002,0.0056,-0.0083,-0.0003,0.0251,-0.03,0.07,0.08,0.03,down,0.03,2026-09-11T14:38:13,-50.0,0.0600000005215406,332.685,2026-09-11 19:44:22,2026-09-11 15:45:04
AAPL,AAPL260925P00260000,AAPL,2026-09-25,P,260.0,0.02,366.0,0.03,78.0,0.4643,477.0,21.0,-0.0034,0.0003,0.007,-0.01,-0.0004,0.0316,-0.045,0.04,0.06,0.03,no_change,0.03,2026-09-11T14:04:57,-60.0,0.0750000011175871,332.685,2026-09-11 19:44:22,2026-09-11 15:45:04
AAPL,AAPL260925P00265000,AAPL,2026-09-25,P,265.0,0.03,83.0,0.06,251.0,0.4585,181.0,2.0,-0.0045,0.0004,0.0089,-0.0123,-0.0005,0.0405,-0.015,0.08,0.08,0.08,down,0.08,2026-09-11T09:30:04,-15.7895,0.0950000025331974,332.685,2026-09-11 19:44:22,2026-09-11 15:45:04
AAPL,AAPL260925P00270000,AAPL,2026-09-25,P,270.0,0.04,138.0,0.06,105.0,0.4301,472.0,217.0,-0.0059,0.0006,0.0114,-0.0151,-0.0007,0.0523,-0.07,0.11,0.11,0.04,up,0.05,2026-09-11T15:17:37,-58.3333,0.119999997317791,332.685,2026-09-11 19:44:22,2026-09-11 15:45:04
AAPL,AAPL260925P00275000,AAPL,2026-09-25,P,275.0,0.06,40.0,0.08,97.0,0.4087,766.0,701.0,-0.0079,0.0008,0.0147,-0.0188,-0.0009,0.0687,-0.1,0.14,0.14,0.06,no_change,0.06,2026-09-11T15:21:41,-62.5,0.160000003874302,332.685,2026-09-11 19:44:22,2026-09-11 15:45:04
AAPL,AAPL260925P00277500,AAPL,2026-09-25,P,277.5,0.04,295.0,0.14,450.0,0.4073,61.0,0.0,-0.0092,0.001,0.0168,-0.021,-0.0011,0.0794,0.0,0.0,0.0,0.0,no_change,0.19,2026-09-10T15:52:08,0.0,0.189999997615814,332.685,2026-09-11 19:44:22,2026-09-11 15:45:04
AAPL,AAPL260925P00280000,AAPL,2026-09-25,P,280.0,0.08,105.0,0.13,446.0,0.3976,809.0,175.0,-0.0108,0.0011,0.0192,-0.0235,-0.0013,0.0916,-0.14,0.2,0.2,0.08,down,0.08,2026-09-11T14:29:19,-63.6364,0.219999998807907,332.685,2026-09-11 19:44:22,2026-09-11 15:45:04
AAPL,AAPL260925P00282500,AAPL,2026-09-25,P,282.5,0.07,287.0,0.15,330.0,0.3821,4.0,128.0,-0.0126,0.0013,0.022,-0.0263,-0.0015,0.106,-0.1,0.08,0.15,0.08,no_change,0.14,2026-09-11T12:02:54,-41.6667,0.239999994635582,332.685,2026-09-11 19:44:22,2026-09-11 15:45:04
AAPL,AAPL260925P00285000,AAPL,2026-09-25,P,285.0,0.11,93.0,0.15,459.0,0.3733,698.0,433.0,-0.0146,0.0015,0.025,-0.0293,-0.0017,0.1224,-0.16,0.25,0.26,0.12,down,0.12,2026-09-11T14:55:53,-57.1429,0.280000001192093,332.685,2026-09-11 19:44:22,2026-09-11 15:45:04
AAPL,AAPL260925P00287500,AAPL,2026-09-25,P,287.5,0.13,27.0,0.17,208.0,0.3626,238.0,1.0,-0.0171,0.0018,0.0287,-0.0329,-0.002,0.1423,-0.155,0.15,0.15,0.15,down,0.15,2026-09-11T13:35:49,-50.8197,0.304999992251396,332.685,2026-09-11 19:44:22,2026-09-11 15:45:04
AAPL,AAPL260925P00290000,AAPL,2026-09-25,P,290.0,0.16,169.0,0.17,71.0,0.3492,1440.0,519.0,-0.0201,0.0021,0.0329,-0.0368,-0.0023,0.166,-0.22,0.3,0.3,0.15,down,0.16,2026-09-11T15:25:58,-57.8947,0.379999995231628,332.685,2026-09-11 19:44:22,2026-09-11 15:45:04
AAPL,AAPL260925P00292500,AAPL,2026-09-25,P,292.5,0.18,97.0,0.2,2.0,0.3376,108.0,221.0,-0.0238,0.0025,0.0378,-0.0414,-0.0028,0.1948,-0.27,0.24,0.25,0.18,down,0.18,2026-09-11T13:20:41,-60.0,0.450000002980232,332.685,2026-09-11 19:44:22,2026-09-11 15:45:04
AAPL,AAPL260925P00295000,AAPL,2026-09-25,P,295.0,0.21,336.0,0.24,104.0,0.3282,1944.0,441.0,-0.028,0.003,0.0435,-0.0464,-0.0032,0.2282,-0.29,0.45,0.47,0.22,no_change,0.22,2026-09-11T15:28:49,-56.8627,0.509999990463257,332.685,2026-09-11 19:44:22,2026-09-11 15:45:04
AAPL,AAPL260925P00297500,AAPL,2026-09-25,P,297.5,0.24,257.0,0.34,411.0,0.323,77.0,75.0,-0.0333,0.0036,0.05,-0.0522,-0.0039,0.2698,-0.355,0.53,0.53,0.27,down,0.27,2026-09-11T13:58:31,-56.8,0.625,332.685,2026-09-11 19:44:22,2026-09-11 15:45:04
AAPL,AAPL260925P00300000,AAPL,2026-09-25,P,300.0,0.32,52.0,0.33,134.0,0.3097,2185.0,1082.0,-0.0398,0.0042,0.0579,-0.0588,-0.0046,0.321,-0.435,0.54,0.64,0.31,no_change,0.32,2026-09-11T15:26:24,-57.6159,0.754999995231628,332.685,2026-09-11 19:44:22,2026-09-11 15:45:04
AAPL,AAPL260925P00302500,AAPL,2026-09-25,P,302.5,0.33,425.0,0.41,110.0,0.2969,117.0,36.0,-0.0479,0.0051,0.0668,-0.0666,-0.0055,0.3858,-0.56,0.6,0.6,0.34,no_change,0.36,2026-09-11T14:14:13,-60.8696,0.919999986886978,332.685,2026-09-11 19:44:22,2026-09-11 15:45:04
AAPL,AAPL260925P00305000,AAPL,2026-09-25,P,305.0,0.46,88.0,0.48,159.0,0.2902,3937.0,920.0,-0.058,0.0061,0.078,-0.0756,-0.0067,0.468,-0.665,0.73,0.93,0.44,no_change,0.47,2026-09-11T15:26:35,-58.5903,1.13499999046326,332.685,2026-09-11 19:44:22,2026-09-11 15:45:04
AAPL,AAPL260925P00307500,AAPL,2026-09-25,P,307.5,0.56,128.0,0.61,341.0,0.2829,136.0,128.0,-0.0707,0.0073,0.0904,-0.0863,-0.008,0.5754,-0.855,0.9,0.92,0.52,down,0.57,2026-09-11T14:44:45,-60.0,1.42500001192093,332.685,2026-09-11 19:44:22,2026-09-11 15:45:04
AAPL,AAPL260925P00310000,AAPL,2026-09-25,P,310.0,0.71,124.0,0.72,66.0,0.2734,1236.0,2742.0,-0.0869,0.0088,0.1055,-0.0987,-0.0097,0.7155,-1.07,1.33,1.44,0.63,down,0.72,2026-09-11T15:27:00,-59.7765,1.79000002145767,332.685,2026-09-11 19:44:22,2026-09-11 15:45:04
AAPL,AAPL260925P00312500,AAPL,2026-09-25,P,312.5,0.89,76.0,0.92,231.0,0.267,274.0,506.0,-0.1072,0.0106,0.1227,-0.113,-0.0121,0.8995,-1.32,1.68,1.68,0.81,no_change,0.91,2026-09-11T15:14:06,-59.1928,2.23000001907349,332.685,2026-09-11 19:44:22,2026-09-11 15:45:04
AAPL,AAPL260925P00315000,AAPL,2026-09-25,P,315.0,1.13,46.0,1.16,145.0,0.2606,2576.0,836.0,-0.1326,0.0126,0.1419,-0.129,-0.0146,1.1416,-1.64,2.5,2.5,0.98,down,1.15,2026-09-11T15:25:29,-58.7814,2.78999996185303,332.685,2026-09-11 19:44:22,2026-09-11 15:45:04
AAPL,AAPL260925P00317500,AAPL,2026-09-25,P,317.5,1.44,71.0,1.48,70.0,0.2558,62.0,477.0,-0.1638,0.0148,0.1631,-0.1465,-0.0179,1.4569,-2.005,2.3,2.36,1.26,up,1.47,2026-09-11T15:14:06,-57.6978,3.47500002384186,332.685,2026-09-11 19:44:22,2026-09-11 15:45:04
AAPL,AAPL260925P00320000,AAPL,2026-09-25,P,320.0,1.85,137.0,1.89,85.0,0.2514,4096.0,6415.0,-0.2013,0.0172,0.1853,-0.1647,-0.0216,1.8631,-2.465,3.55,3.55,1.58,down,1.86,2026-09-11T15:28:50,-56.9942,4.32500004768372,332.685,2026-09-11 19:44:22,2026-09-11 15:45:04
AAPL,AAPL260925P00322500,AAPL,2026-09-25,P,322.5,2.36,188.0,2.47,659.0,0.2487,745.0,1493.0,-0.2455,0.0196,0.2069,-0.1826,-0.0266,2.3787,-2.865,3.75,4.25,2.02,no_change,2.41,2026-09-11T15:16:21,-54.3128,5.27500009536743,332.685,2026-09-11 19:44:22,2026-09-11 15:45:04
AAPL,AAPL260925P00325000,AAPL,2026-09-25,P,325.0,3.0,603.0,3.1,650.0,0.2449,1044.0,948.0,-0.2961,0.0218,0.226,-0.1989,-0.0313,3.0232,-3.29,5.4,5.45,2.53,down,3.06,2026-09-11T15:28:50,-51.811,6.34999990463257,332.685,2026-09-11 19:44:22,2026-09-11 15:45:04
AAPL,AAPL260925P00327500,AAPL,2026-09-25,P,327.5,3.75,620.0,3.95,639.0,0.2427,165.0,351.0,-0.3524,0.0237,0.2424,-0.2123,-0.0362,3.8123,-3.775,6.0,6.0,3.2,no_change,3.85,2026-09-11T15:15:52,-49.5082,7.625,332.685,2026-09-11 19:44:22,2026-09-11 15:45:04
AAPL,AAPL260925P00330000,AAPL,2026-09-25,P,330.0,4.75,59.0,4.9,787.0,0.2416,227.0,2821.0,-0.4133,0.0251,0.254,-0.2216,-0.0411,4.7596,-4.15,7.1,7.1,3.96,no_change,4.85,2026-09-11T15:27:00,-46.1111,9.0,332.685,2026-09-11 19:44:22,2026-09-11 15:45:04
AAPL,AAPL260925P00332500,AAPL,2026-09-25,P,332.5,5.8,356.0,6.05,508.0,0.2393,0.0,1498.0,-0.4771,0.0259,0.2595,-0.2258,-0.0461,5.8745,-4.655,6.7,7.11,5.0,no_change,5.92,2026-09-11T15:22:18,-44.0189,10.5749998092651,332.685,2026-09-11 19:44:22,2026-09-11 15:45:04
AAPL,AAPL260925P00335000,AAPL,2026-09-25,P,335.0,7.1,126.0,7.3,500.0,0.2376,89.0,1492.0,-0.542,0.0261,0.2585,-0.2246,-0.0506,7.1612,-5.095,8.1,8.5,5.9,down,7.18,2026-09-11T15:26:34,-41.5071,12.2750000953674,332.685,2026-09-11 19:44:22,2026-09-11 15:45:04
AAPL,AAPL260925P00337500,AAPL,2026-09-25,P,337.5,8.55,35.0,8.8,386.0,0.2375,0.0,57.0,-0.6061,0.0255,0.2506,-0.2179,-0.0543,8.6189,-5.85,9.68,9.68,7.2,down,8.45,2026-09-11T14:38:07,-40.9091,14.2999997138977,332.685,2026-09-11 19:44:22,2026-09-11 15:45:04
AAPL,AAPL260925P00340000,AAPL,2026-09-25,P,340.0,10.1,147.0,10.4,378.0,0.2351,106.0,184.0,-0.6676,0.0243,0.2363,-0.2063,-0.0561,10.2411,-6.125,13.0,13.0,8.5,down,10.25,2026-09-11T15:16:32,-37.4046,16.375,332.685,2026-09-11 19:44:22,2026-09-11 15:45:04
AAPL,AAPL260925P00342500,AAPL,2026-09-25,P,342.5,11.55,354.0,12.3,298.0,0.2301,3.0,8.0,-0.7251,0.0226,0.2176,-0.1908,-0.057,12.017,-6.3,10.9,11.9,10.45,up,11.9,2026-09-11T14:51:56,-34.6154,18.1999998092651,332.685,2026-09-11 19:44:22,2026-09-11 15:45:04
AAPL,AAPL260925P00345000,AAPL,2026-09-25,P,345.0,13.55,307.0,14.15,214.0,0.2301,86.0,53.0,-0.7773,0.0205,0.196,-0.1725,-0.0573,13.9332,-6.575,12.4,14.0,12.4,up,14.0,2026-09-11T15:16:32,-31.9563,20.5749998092651,332.685,2026-09-11 19:44:22,2026-09-11 15:45:04
AAPL,AAPL260925P00347500,AAPL,2026-09-25,P,347.5,15.3,161.0,16.3,126.0,0.224,0.0,0.0,-0.8233,0.0182,0.171,-0.1527,-0.0533,15.9741,0.0,0.0,0.0,0.0,no_change,0.0,,0.0,22.8500003814697,332.685,2026-09-11 19:44:22,2026-09-11 15:45:04
AAPL,AAPL260925P00350000,AAPL,2026-09-25,P,350.0,17.5,403.0,18.5,267.0,0.2265,111.0,41.0,-0.8631,0.0158,0.1448,-0.1324,-0.0509,18.1215,-7.065,17.62,17.96,17.05,up,17.96,2026-09-11T14:19:23,-28.2318,25.0249996185303,332.685,2026-09-11 19:44:22,2026-09-11 15:45:04
AAPL,AAPL260925P00352500,AAPL,2026-09-25,P,352.5,19.6,357.0,21.2,135.0,0.2399,0.0,5.0,-0.8965,0.0133,0.1188,-0.1124,-0.0456,20.358,-8.78,18.67,18.67,18.67,down,18.67,2026-09-11T11:53:25,-31.9854,27.4499998092651,332.685,2026-09-11 19:44:22,2026-09-11 15:45:04
AAPL,AAPL260925P00355000,AAPL,2026-09-25,P,355.0,22.2,176.0,23.05,53.0,0.2327,1.0,5.0,-0.9238,0.011,0.0936,-0.0932,-0.0379,22.6668,-9.255,20.67,20.67,20.67,down,20.67,2026-09-11T11:53:25,-30.9273,29.9250001907349,332.685,2026-09-11 19:44:22,2026-09-11 15:45:04
AAPL,AAPL260925P00360000,AAPL,2026-09-25,P,360.0,26.9,120.0,28.0,42.0,0.2428,0.0,0.0,-0.9621,0.0068,0.0557,-0.0584,-0.0211,27.4399,0.0,0.0,0.0,0.0,down,35.77,2026-09-04T09:45:44,0.0,34.6999988555908,332.685,2026-09-11 19:44:22,2026-09-11 15:45:04
AAPL,AAPL260925P00365000,AAPL,2026-09-25,P,365.0,31.65,117.0,34.3,24.0,0.3462,0.0,0.0,-0.9829,0.0038,0.0269,-0.0313,-0.0125,32.3429,0.0,0.0,0.0,0.0,up,43.0,2026-09-04T10:30:17,0.0,39.6000003814697,332.685,2026-09-11 19:44:22,2026-09-11 15:45:04
AAPL,AAPL260925P00370000,AAPL,2026-09-25,P,370.0,36.1,204.0,38.4,75.0,0.0,0.0,12.0,-0.9928,0.0018,0.013,-0.0145,-0.0068,37.3052,-9.075,36.0,37.0,35.0,up,35.5,2026-09-11T11:53:04,-20.3589,44.5749988555908,332.685,2026-09-11 19:44:22,2026-09-11 15:45:04
AAPL,AAPL260925P00375000,AAPL,2026-09-25,P,375.0,41.1,127.0,44.15,38.0,0.3729,0.0,0.0,-0.997,0.0009,0.0059,-0.0062,-0.0032,42.2922,0.0,0.0,0.0,0.0,up,66.47,2026-08-25T14:28:33,0.0,49.7250003814697,332.685,2026-09-11 19:44:22,2026-09-11 15:45:04
AAPL,AAPL260925P00380000,AAPL,2026-09-25,P,380.0,46.1,137.0,49.2,27.0,0.4093,0.0,0.0,-0.9987,0.0004,0.0025,-0.0028,-0.0013,47.2879,0.0,0.0,0.0,0.0,down,54.9,2026-09-04T09:52:47,0.0,54.5499992370606,332.685,2026-09-11 19:44:22,2026-09-11 15:45:04
AAPL,AAPL260925P00385000,AAPL,2026-09-25,P,385.0,51.1,128.0,54.25,34.0,0.4451,0.0,0.0,-0.9994,0.0002,0.0015,-0.0013,-0.0004,52.2863,0.0,0.0,0.0,0.0,up,64.24,2026-09-04T15:02:32,0.0,59.5749988555908,332.685,2026-09-11 19:44:22,2026-09-11 15:45:04
AAPL,AAPL260925P00390000,AAPL,2026-09-25,P,390.0,56.1,132.0,59.2,23.0,0.4714,0.0,0.0,-0.9996,0.0001,0.0007,-0.0008,-0.0004,57.2857,0.0,0.0,0.0,0.0,no_change,0.0,,0.0,64.5749988555908,332.685,2026-09-11 19:44:22,2026-09-11 15:45:04
AAPL,AAPL260925P00395000,AAPL,2026-09-25,P,395.0,61.1,140.0,64.05,25.0,0.4858,0.0,0.0,-0.9998,0.0001,0.0006,-0.0004,-0.0001,62.2854,0.0,0.0,0.0,0.0,no_change,0.0,,0.0,69.6000022888184,332.685,2026-09-11 19:44:22,2026-09-11 15:45:04
AAPL,AAPL260925P00400000,AAPL,2026-09-25,P,400.0,66.1,135.0,69.15,27.0,0.5251,0.0,0.0,-0.9998,0.0,0.0004,-0.0003,-0.0001,67.2853,0.0,0.0,0.0,0.0,no_change,0.0,,0.0,74.6500015258789,332.685,2026-09-11 19:44:22,2026-09-11 15:45:04
AAPL,AAPL260925P00405000,AAPL,2026-09-25,P,405.0,71.1,121.0,74.25,25.0,0.564,0.0,0.0,-0.9999,0.0,0.0003,-0.0003,-0.0001,72.2853,0.0,0.0,0.0,0.0,no_change,0.0,,0.0,79.5750007629394,332.685,2026-09-11 19:44:22,2026-09-11 15:45:04
AAPL,AAPL260925P00410000,AAPL,2026-09-25,P,410.0,76.1,132.0,79.05,26.0,0.5698,0.0,0.0,-0.9999,0.0,0.0002,-0.0002,-0.0001,77.2852,0.0,0.0,0.0,0.0,no_change,0.0,,0.0,84.7250022888184,332.685,2026-09-11 19:44:22,2026-09-11 15:45:04
AAPL,AAPL260925P00415000,AAPL,2026-09-25,P,415.0,81.6,121.0,84.0,26.0,0.6442,0.0,0.0,-0.9999,0.0,0.0002,-0.0002,-0.0001,82.2852,0.0,0.0,0.0,0.0,no_change,0.0,,0.0,89.5250015258789,332.685,2026-09-11 19:44:22,2026-09-11 15:45:04
AAPL,AAPL261002C00110000,AAPL,2026-10-02,C,110.0,221.45,108.0,224.75,12.0,1.8557,0.0,0.0,0.9998,0.0,0.0,-0.0001,0.0631,222.9333,0.0,0.0,0.0,0.0,no_change,0.0,,0.0,215.949996948242,332.685,2026-09-11 19:44:22,2026-09-11 15:45:04
AAPL,AAPL261002C00120000,AAPL,2026-10-02,C,120.0,211.15,111.0,214.75,12.0,0.0,0.0,0.0,0.9998,0.0,0.0001,-0.0002,0.0688,212.9593,0.0,0.0,0.0,0.0,no_change,0.0,,0.0,205.799995422363,332.685,2026-09-11 19:44:22,2026-09-11 15:45:04
AAPL,AAPL261002C00125000,AAPL,2026-10-02,C,125.0,206.2,111.0,209.8,12.0,1.3839,0.0,0.0,0.9998,0.0,0.0001,-0.0002,0.0717,207.9724,0.0,0.0,0.0,0.0,no_change,0.0,,0.0,200.824996948242,332.685,2026-09-11 19:44:22,2026-09-11 15:45:04
AAPL,AAPL261002C00130000,AAPL,2026-10-02,C,130.0,201.2,111.0,204.8,12.0,1.2649,0.0,0.0,0.9998,0.0,0.0001,-0.0003,0.0745,202.9855,0.0,0.0,0.0,0.0,no_change,0.0,,0.0,195.824996948242,332.685,2026-09-11 19:44:22,2026-09-11 15:45:04
AAPL,AAPL261002C00135000,AAPL,2026-10-02,C,135.0,196.2,110.0,199.85,12.0,1.2767,0.0,0.0,0.9997,0.0,0.0002,-0.0004,0.0774,197.9986,0.0,0.0,0.0,0.0,no_change,0.0,,0.0,191.025001525879,332.685,2026-09-11 19:44:22,2026-09-11 15:45:04
AAPL,AAPL261002C00140000,AAPL,2026-10-02,C,140.0,191.2,106.0,194.8,12.0,0.0,0.0,0.0,0.9997,0.0,0.0002,-0.0004,0.0803,193.0117,0.0,0.0,0.0,0.0,no_change,0.0,,0.0,185.875,332.685,2026-09-11 19:44:22,2026-09-11 15:45:04
AAPL,AAPL261002C00145000,AAPL,2026-10-02,C,145.0,186.25,110.0,189.8,12.0,0.9597,0.0,0.0,0.9997,0.0,0.0003,-0.0005,0.0831,188.0249,0.0,0.0,0.0,0.0,no_change,0.0,,0.0,180.875,332.685,2026-09-11 19:44:22,2026-09-11 15:45:04
AAPL,AAPL261002C00150000,AAPL,2026-10-02,C,150.0,181.55,105.0,184.85,12.0,1.359,0.0,0.0,0.9997,0.0,0.0004,-0.0006,0.086,183.0382,0.0,0.0,0.0,0.0,no_change,0.0,,0.0,176.050003051758,332.685,2026-09-11 19:44:22,2026-09-11 15:45:04
AAPL,AAPL261002C00155000,AAPL,2026-10-02,C,155.0,176.4,97.0,179.85,12.0,1.2012,0.0,0.0,0.9997,0.0,0.0004,-0.0008,0.0889,178.0515,0.0,0.0,0.0,0.0,no_change,0.0,,0.0,170.950004577637,332.685,2026-09-11 19:44:22,2026-09-11 15:45:04
AAPL,AAPL261002C00160000,AAPL,2026-10-02,C,160.0,171.6,111.0,174.85,12.0,1.2559,0.0,0.0,0.9996,0.0,0.0005,-0.0009,0.0917,173.0649,0.0,0.0,0.0,0.0,no_change,0.0,,0.0,165.950004577637,332.685,2026-09-11 19:44:22,2026-09-11 15:45:04
AAPL,AAPL261002C00165000,AAPL,2026-10-02,C,165.0,166.3,112.0,169.85,12.0,0.0,0.0,0.0,0.9996,0.0,0.0006,-0.001,0.0946,168.0783,0.0,0.0,0.0,0.0,no_change,0.0,,0.0,161.099998474121,332.685,2026-09-11 19:44:22,2026-09-11 15:45:04
AAPL,AAPL261002C00170000,AAPL,2026-10-02,C,170.0,161.3,115.0,164.85,12.0,0.0,0.0,0.0,0.9996,0.0,0.0007,-0.0012,0.0974,163.0918,0.0,0.0,0.0,0.0,no_change,0.0,,0.0,155.974998474121,332.685,2026-09-11 19:44:22,2026-09-11 15:45:04
AAPL,AAPL261002C00175000,AAPL,2026-10-02,C,175.0,157.0,108.0,159.9,13.0,1.2278,0.0,0.0,0.9995,0.0,0.0009,-0.0014,0.1003,158.1054,0.0,0.0,0.0,0.0,no_change,0.0,,0.0,151.125,332.685,2026-09-11 19:44:22,2026-09-11 15:45:04
AAPL,AAPL261002C00180000,AAPL,2026-10-02,C,180.0,151.4,117.0,154.9,13.0,0.9117,0.0,0.0,0.9995,0.0,0.001,-0.0016,0.1032,153.1191,0.0,0.0,0.0,0.0,no_change,0.0,,0.0,146.025001525879,332.685,2026-09-11 19:44:22,2026-09-11 15:45:04
AAPL,AAPL261002C00185000,AAPL,2026-10-02,C,185.0,146.4,116.0,149.9,13.0,0.8395,0.0,1.0,0.9994,0.0,0.0012,-0.0018,0.106,148.1329,8.825,149.85,149.85,149.85,up,149.85,2026-09-11T12:00:25,6.25775,141.025001525879,332.685,2026-09-11 19:44:22,2026-09-11 15:45:04
AAPL,AAPL261002C00190000,AAPL,2026-10-02,C,190.0,141.35,114.0,144.9,12.0,0.0,0.0,0.0,0.9993,0.0,0.0014,-0.0021,0.1089,143.1468,0.0,0.0,0.0,0.0,no_change,0.0,,0.0,136.274993896484,332.685,2026-09-11 19:44:22,2026-09-11 15:45:04
AAPL,AAPL261002C00195000,AAPL,2026-10-02,C,195.0,136.65,114.0,139.95,13.0,0.9298,1.0,0.0,0.9992,0.0,0.0017,-0.0024,0.1117,138.1609,0.0,0.0,0.0,0.0,up,130.4,2026-09-02T12:28:38,0.0,131.074996948242,332.685,2026-09-11 19:44:22,2026-09-11 15:45:04
AAPL,AAPL261002C00200000,AAPL,2026-10-02,C,200.0,132.05,105.0,134.95,13.0,0.9899,3.0,0.0,0.9991,0.0,0.002,-0.0027,0.1146,133.1752,0.0,0.0,0.0,0.0,up,118.42,2026-09-09T10:10:58,0.0,126.275001525879,332.685,2026-09-11 19:44:22,2026-09-11 15:45:04
AAPL,AAPL261002C00205000,AAPL,2026-10-02,C,205.0,126.45,109.0,129.95,13.0,0.6973,2.0,0.0,0.999,0.0,0.0023,-0.0031,0.1174,128.1898,0.0,0.0,0.0,0.0,no_change,112.99,2026-09-09T10:11:39,0.0,121.324996948242,332.685,2026-09-11 19:44:22,2026-09-11 15:45:04
AAPL,AAPL261002C00210000,AAPL,2026-10-02,C,210.0,121.7,113.0,124.95,12.0,0.8026,0.0,0.0,0.9988,0.0001,0.0027,-0.0035,0.1202,123.2046,0.0,0.0,0.0,0.0,no_change,0.0,,0.0,116.125,332.685,2026-09-11 19:44:22,2026-09-11 15:45:04
AAPL,AAPL261002C00215000,AAPL,2026-10-02,C,215.0,116.4,106.0,120.0,13.0,0.0,16.0,0.0,0.9986,0.0001,0.0032,-0.004,0.1231,118.2198,0.0,0.0,0.0,0.0,no_change,102.1,2026-08-31T15:28:26,0.0,111.324996948242,332.685,2026-09-11 19:44:22,2026-09-11 15:45:04
AAPL,AAPL261002C00220000,AAPL,2026-10-02,C,220.0,111.45,107.0,114.45,3.0,0.0,0.0,0.0,0.9984,0.0001,0.0038,-0.0046,0.1259,113.2354,0.0,0.0,0.0,0.0,no_change,0.0,,0.0,106.200000762939,332.685,2026-09-11 19:44:22,2026-09-11 15:45:04
AAPL,AAPL261002C00225000,AAPL,2026-10-02,C,225.0,106.6,116.0,110.0,13.0,0.6434,0.0,0.0,0.9981,0.0001,0.0045,-0.0052,0.1287,108.2517,0.0,0.0,0.0,0.0,no_change,0.0,,0.0,101.275001525879,332.685,2026-09-11 19:44:22,2026-09-11 15:45:04
AAPL,AAPL261002C00230000,AAPL,2026-10-02,C,230.0,101.8,111.0,105.05,17.0,0.6848,6.0,0.0,0.9977,0.0001,0.0054,-0.006,0.1315,103.2687,0.0,0.0,0.0,0.0,up,87.71,2026-09-09T10:12:50,0.0,96.25,332.685,2026-09-11 19:44:22,2026-09-11 15:45:04
AAPL,AAPL261002C00235000,AAPL,2026-10-02,C,235.0,96.5,115.0,100.05,17.0,0.508,27.0,0.0,0.9973,0.0002,0.0064,-0.007,0.1343,98.2866,0.0,0.0,0.0,0.0,up,90.5,2026-09-10T13:29:50,0.0,90.6749992370606,332.685,2026-09-11 19:44:22,2026-09-11 15:45:04
AAPL,AAPL261002C00240000,AAPL,2026-10-02,C,240.0,91.5,109.0,95.05,21.0,0.4367,1.0,0.0,0.9967,0.0002,0.0077,-0.0081,0.137,93.3058,0.0,0.0,0.0,0.0,up,86.19,2026-09-10T15:22:34,0.0,86.1750030517578,332.685,2026-09-11 19:44:22,2026-09-11 15:45:04
AAPL,AAPL261002C00245000,AAPL,2026-10-02,C,245.0,87.5,98.0,90.1,19.0,0.6792,4.0,0.0,0.996,0.0003,0.0093,-0.0095,0.1398,88.3266,0.0,0.0,0.0,0.0,up,67.63,2026-09-09T13:37:40,0.0,81.4749984741211,332.685,2026-09-11 19:44:22,2026-09-11 15:45:04
AAPL,AAPL261002C00250000,AAPL,2026-10-02,C,250.0,82.4,104.0,85.1,18.0,0.6272,15.0,0.0,0.9951,0.0004,0.0114,-0.0112,0.1425,83.3494,0.0,0.0,0.0,0.0,up,70.69,2026-09-10T10:23:41,0.0,76.5,332.685,2026-09-11 19:44:22,2026-09-11 15:45:04
AAPL,AAPL261002C00255000,AAPL,2026-10-02,C,255.0,76.8,106.0,80.15,19.0,0.5074,16.0,0.0,0.9939,0.0005,0.0139,-0.0132,0.1451,78.375,0.0,0.0,0.0,0.0,up,63.4,2026-09-09T14:51:45,0.0,71.5250015258789,332.685,2026-09-11 19:44:22,2026-09-11 15:45:04
AAPL,AAPL261002C00260000,AAPL,2026-10-02,C,260.0,71.7,109.0,75.15,20.0,0.4463,21.0,1.0,0.9923,0.0006,0.017,-0.0156,0.1477,73.404,7.575,74.15,74.15,74.15,up,74.15,2026-09-11T13:56:59,11.3781,66.5749969482422,332.685,2026-09-11 19:44:22,2026-09-11 15:45:04
AAPL,AAPL261002C00265000,AAPL,2026-10-02,C,265.0,66.9,107.0,70.2,19.0,0.4594,23.0,0.0,0.9903,0.0008,0.021,-0.0186,0.1501,68.4376,0.0,0.0,0.0,0.0,up,52.14,2026-09-09T15:04:00,0.0,61.625,332.685,2026-09-11 19:44:22,2026-09-11 15:45:04
AAPL,AAPL261002C00270000,AAPL,2026-10-02,C,270.0,62.05,179.0,65.25,58.0,0.4498,29.0,2.0,0.9877,0.001,0.026,-0.0221,0.1525,63.4772,8.235,64.55,64.91,64.55,up,64.91,2026-09-11T12:44:59,14.5302,56.6749992370606,332.685,2026-09-11 19:44:22,2026-09-11 15:45:04
AAPL,AAPL261002C00275000,AAPL,2026-10-02,C,275.0,57.5,91.0,60.1,22.0,0.4435,88.0,50.0,0.9843,0.0013,0.0322,-0.0263,0.1547,58.5245,9.295,58.92,61.32,58.92,down,61.02,2026-09-11T11:09:28,17.97,51.7250003814697,332.685,2026-09-11 19:44:22,2026-09-11 15:45:04
AAPL,AAPL261002C00280000,AAPL,2026-10-02,C,280.0,52.65,186.0,55.35,91.0,0.4369,72.0,57.0,0.9798,0.0017,0.04,-0.0314,0.1567,53.5823,9.095,52.44,56.42,52.44,up,55.92,2026-09-11T12:44:09,19.4234,46.8250007629394,332.685,2026-09-11 19:44:22,2026-09-11 15:45:04
AAPL,AAPL261002C00285000,AAPL,2026-10-02,C,285.0,48.05,336.0,49.25,199.0,0.3419,103.0,161.0,0.9738,0.0022,0.0499,-0.0374,0.1584,48.6546,6.835,50.85,51.88,48.55,no_change,48.71,2026-09-11T15:19:39,16.3224,41.875,332.685,2026-09-11 19:44:22,2026-09-11 15:45:04
AAPL,AAPL261002C00290000,AAPL,2026-10-02,C,290.0,43.1,110.0,45.5,126.0,0.3943,79.0,96.0,0.9656,0.0029,0.0626,-0.0449,0.1597,43.748,9.335,39.0,46.9,39.0,down,46.46,2026-09-11T11:19:28,25.1448,37.125,332.685,2026-09-11 19:44:22,2026-09-11 15:45:04
AAPL,AAPL261002C00295000,AAPL,2026-10-02,C,295.0,38.1,161.0,40.6,129.0,0.3595,88.0,2.0,0.9541,0.0039,0.0789,-0.0542,0.1603,38.8746,7.3,39.15,39.15,39.15,up,39.15,2026-09-11T09:46:24,22.9199,31.8500003814697,332.685,2026-09-11 19:44:22,2026-09-11 15:45:04
AAPL,AAPL261002C00300000,AAPL,2026-10-02,C,300.0,33.25,374.0,35.3,289.0,0.3133,623.0,171.0,0.9376,0.0052,0.1003,-0.0662,0.16,34.0554,6.495,29.93,36.0,29.93,down,34.02,2026-09-11T15:16:17,23.5967,27.5249996185303,332.685,2026-09-11 19:44:22,2026-09-11 15:45:04
AAPL,AAPL261002C00305000,AAPL,2026-10-02,C,305.0,28.8,306.0,30.5,304.0,0.3025,136.0,17.0,0.9135,0.007,0.1284,-0.0816,0.1581,29.3255,7.405,25.85,32.2,25.85,down,30.33,2026-09-11T15:02:31,32.301,22.9249992370605,332.685,2026-09-11 19:44:22,2026-09-11 15:45:04
AAPL,AAPL261002C00310000,AAPL,2026-10-02,C,310.0,24.3,331.0,25.2,233.0,0.2671,2053.0,108.0,0.8785,0.0094,0.1636,-0.1008,0.1541,24.7391,6.0,23.8,28.0,23.35,up,24.85,2026-09-11T15:17:59,31.8302,18.8499994277954,332.685,2026-09-11 19:44:22,2026-09-11 15:45:04
AAPL,AAPL261002C00315000,AAPL,2026-10-02,C,315.0,20.15,97.0,20.7,216.0,0.2596,896.0,140.0,0.829,0.0123,0.2051,-0.1234,0.1471,20.371,4.9,16.33,23.34,16.33,down,20.0,2026-09-11T14:48:48,32.4503,15.1000003814697,332.685,2026-09-11 19:44:22,2026-09-11 15:45:04
AAPL,AAPL261002C00320000,AAPL,2026-10-02,C,320.0,16.1,336.0,16.4,72.0,0.2481,1139.0,606.0,0.7628,0.0154,0.2484,-0.1468,0.1367,16.3121,4.655,12.81,19.2,12.35,up,16.28,2026-09-11T15:24:35,40.043,11.625,332.685,2026-09-11 19:44:22,2026-09-11 15:45:04
AAPL,AAPL261002C00325000,AAPL,2026-10-02,C,325.0,12.35,502.0,13.0,482.0,0.2447,1991.0,550.0,0.6799,0.0182,0.2865,-0.167,0.123,12.658,3.65,9.9,15.6,9.65,down,12.45,2026-09-11T14:51:00,41.4773,8.7999997138977,332.685,2026-09-11 19:44:22,2026-09-11 15:45:04
AAPL,AAPL261002C00330000,AAPL,2026-10-02,C,330.0,9.4,314.0,9.6,92.0,0.2404,2041.0,1286.0,0.5836,0.0202,0.3118,-0.1797,0.1063,9.4904,3.125,7.1,12.05,7.1,no_change,9.5,2026-09-11T15:29:00,49.0196,6.375,332.685,2026-09-11 19:44:22,2026-09-11 15:45:04
AAPL,AAPL261002C00335000,AAPL,2026-10-02,C,335.0,6.75,595.0,6.95,240.0,0.237,1791.0,1890.0,0.4805,0.0209,0.3184,-0.1815,0.0879,6.8617,2.325,5.05,9.05,5.0,up,6.85,2026-09-11T15:29:00,51.3812,4.52499985694885,332.685,2026-09-11 19:44:22,2026-09-11 15:45:04
AAPL,AAPL261002C00340000,AAPL,2026-10-02,C,340.0,4.65,684.0,4.85,412.0,0.2346,4835.0,1788.0,0.3784,0.0201,0.3043,-0.1716,0.0695,4.7801,1.65,3.35,6.64,3.1,no_change,4.75,2026-09-11T15:27:05,53.2258,3.10000002384186,332.685,2026-09-11 19:44:22,2026-09-11 15:45:04
AAPL,AAPL261002C00345000,AAPL,2026-10-02,C,345.0,3.1,729.0,3.25,268.0,0.2334,6011.0,766.0,0.2849,0.018,0.2725,-0.152,0.0524,3.2118,1.11,2.33,4.6,2.33,no_change,3.2,2026-09-11T15:27:30,53.11,2.0900000333786,332.685,2026-09-11 19:44:22,2026-09-11 15:45:04
AAPL,AAPL261002C00350000,AAPL,2026-10-02,C,350.0,2.03,385.0,2.13,625.0,0.2344,2190.0,3366.0,0.2055,0.0151,0.2298,-0.1266,0.0379,2.0872,0.71,1.44,3.13,1.44,up,2.08,2026-09-11T15:28:34,51.8248,1.37000000476837,332.685,2026-09-11 19:44:22,2026-09-11 15:45:04
AAPL,AAPL261002C00355000,AAPL,2026-10-02,C,355.0,1.29,185.0,1.36,360.0,0.2359,1164.0,282.0,0.1426,0.0119,0.1832,-0.0998,0.0263,1.3188,0.42,1.1,2.04,1.1,down,1.33,2026-09-11T15:18:22,46.1538,0.909999996423721,332.685,2026-09-11 19:44:22,2026-09-11 15:45:04
AAPL,AAPL261002C00360000,AAPL,2026-10-02,C,360.0,0.79,419.0,0.87,410.0,0.2382,2397.0,998.0,0.0959,0.0089,0.1395,-0.0752,0.0176,0.8166,0.225,0.61,1.32,0.61,down,0.8,2026-09-11T15:25:17,39.1304,0.574999988079071,332.685,2026-09-11 19:44:22,2026-09-11 15:45:04
AAPL,AAPL261002C00365000,AAPL,2026-10-02,C,365.0,0.49,150.0,0.52,173.0,0.2403,328.0,741.0,0.0631,0.0064,0.1026,-0.0547,0.0116,0.5009,0.115,0.33,0.85,0.33,no_change,0.5,2026-09-11T15:04:21,29.8701,0.384999990463257,332.685,2026-09-11 19:44:22,2026-09-11 15:45:04
AAPL,AAPL261002C00370000,AAPL,2026-10-02,C,370.0,0.3,134.0,0.32,204.0,0.2443,1241.0,1279.0,0.0409,0.0045,0.0733,-0.0389,0.0075,0.3057,0.05,0.28,0.51,0.28,no_change,0.3,2026-09-11T15:23:31,20.0,0.249999992549419,332.685,2026-09-11 19:44:22,2026-09-11 15:45:04
AAPL,AAPL261002C00375000,AAPL,2026-10-02,C,375.0,0.17,339.0,0.25,640.0,0.2518,100.0,199.0,0.027,0.0031,0.0526,-0.0279,0.0049,0.1935,0.04,0.18,0.34,0.16,down,0.21,2026-09-11T14:20:11,23.5294,0.170000001788139,332.685,2026-09-11 19:44:22,2026-09-11 15:45:04
AAPL,AAPL261002C00380000,AAPL,2026-10-02,C,380.0,0.1,474.0,0.14,319.0,0.2533,223.0,23.0,0.0182,0.0022,0.038,-0.0203,0.0033,0.1267,0.08,0.14,0.21,0.14,down,0.16,2026-09-11T14:21:07,100.0,0.0799999982118606,332.685,2026-09-11 19:44:22,2026-09-11 15:45:04
AAPL,AAPL261002C00385000,AAPL,2026-10-02,C,385.0,0.08,117.0,0.09,231.0,0.2621,176.0,430.0,0.0126,0.0015,0.0278,-0.015,0.0023,0.0855,0.0,0.09,0.17,0.08,no_change,0.08,2026-09-11T15:03:15,-9.31323e-08,0.0800000000745058,332.685,2026-09-11 19:44:22,2026-09-11 15:45:04
AAPL,AAPL261002C00390000,AAPL,2026-10-02,C,390.0,0.05,218.0,0.07,394.0,0.2705,221.0,38.0,0.0091,0.0011,0.021,-0.0116,0.0016,0.0614,0.01,0.08,0.09,0.05,down,0.06,2026-09-11T14:15:40,20.0,0.0499999988824129,332.685,2026-09-11 19:44:22,2026-09-11 15:45:04
AAPL,AAPL261002C00395000,AAPL,2026-10-02,C,395.0,0.02,132.0,0.08,598.0,0.2836,198.0,5.0,0.0069,0.0008,0.0165,-0.0093,0.0012,0.0467,-0.015,0.02,0.04,0.02,up,0.04,2026-09-11T13:54:45,-27.2727,0.0550000006332994,332.685,2026-09-11 19:44:22,2026-09-11 15:45:04
AAPL,AAPL261002C00400000,AAPL,2026-10-02,C,400.0,0.02,124.0,0.06,590.0,0.2948,437.0,25.0,0.0055,0.0007,0.0134,-0.0078,0.001,0.0376,0.03,0.04,0.06,0.03,up,0.06,2026-09-11T13:35:57,100.0,0.0299999993294477,332.685,2026-09-11 19:44:22,2026-09-11 15:45:04
AAPL,AAPL261002C00405000,AAPL,2026-10-02,C,405.0,0.01,31.0,0.09,485.0,0.3202,28.0,0.0,0.0045,0.0005,0.0113,-0.0068,0.0008,0.0315,0.0,0.0,0.0,0.0,down,0.04,2026-09-10T10:32:42,0.0,0.0350000001490116,332.685,2026-09-11 19:44:22,2026-09-11 15:45:04
AAPL,AAPL261002C00410000,AAPL,2026-10-02,C,410.0,0.01,89.0,0.07,540.0,0.33,23.0,1.0,0.0038,0.0004,0.0097,-0.0061,0.0007,0.0273,0.045,0.08,0.08,0.08,down,0.08,2026-09-11T10:35:20,128.571,0.034999999217689,332.685,2026-09-11 19:44:22,2026-09-11 15:45:04
AAPL,AAPL261002C00415000,AAPL,2026-10-02,C,415.0,0.0,0.0,0.09,462.0,0.3514,373.0,34.0,0.0033,0.0004,0.0086,-0.0056,0.0006,0.0245,0.01,0.13,0.13,0.02,down,0.03,2026-09-11T12:58:53,50.0,0.0199999995529652,332.685,2026-09-11 19:44:22,2026-09-11 15:45:04
AAPL,AAPL261002P00110000,AAPL,2026-10-02,P,110.0,0.0,0.0,0.52,49.0,1.9553,100.0,0.0,0.0,0.0,0.0,-0.0001,0.0,0.0003,0.0,0.0,0.0,0.0,no_change,0.31,2026-08-27T13:29:15,0.0,0.259999990463257,332.685,2026-09-11 19:44:22,2026-09-11 15:45:04
AAPL,AAPL261002P00120000,AAPL,2026-10-02,P,120.0,0.0,0.0,0.52,49.0,1.8095,0.0,0.0,0.0,0.0,0.0001,-0.0002,0.0,0.0005,0.0,0.0,0.0,0.0,no_change,0.0,,0.0,0.259999990463257,332.685,2026-09-11 19:44:22,2026-09-11 15:45:04
AAPL,AAPL261002P00125000,AAPL,2026-10-02,P,125.0,0.0,0.0,0.52,49.0,1.7415,4.0,0.0,0.0,0.0,0.0001,-0.0002,0.0,0.0006,0.0,0.0,0.0,0.0,up,0.16,2026-08-27T15:53:19,0.0,0.259999990463257,332.685,2026-09-11 19:44:22,2026-09-11 15:45:04
AAPL,AAPL261002P00130000,AAPL,2026-10-02,P,130.0,0.0,0.0,0.52,49.0,1.676,0.0,0.0,0.0,0.0,0.0001,-0.0003,0.0,0.0008,0.0,0.0,0.0,0.0,no_change,0.0,,0.0,0.259999990463257,332.685,2026-09-11 19:44:22,2026-09-11 15:45:04
AAPL,AAPL261002P00135000,AAPL,2026-10-02,P,135.0,0.0,0.0,0.52,49.0,1.613,0.0,0.0,-0.0001,0.0,0.0002,-0.0004,0.0,0.001,0.0,0.0,0.0,0.0,no_change,0.0,,0.0,0.259999990463257,332.685,2026-09-11 19:44:22,2026-09-11 15:45:04
AAPL,AAPL261002P00140000,AAPL,2026-10-02,P,140.0,0.0,0.0,0.52,49.0,1.5523,2.0,0.0,-0.0001,0.0,0.0002,-0.0004,0.0,0.0013,0.0,0.0,0.0,0.0,up,0.12,2026-08-27T14:37:23,0.0,0.259999990463257,332.685,2026-09-11 19:44:22,2026-09-11 15:45:04
AAPL,AAPL261002P00145000,AAPL,2026-10-02,P,145.0,0.0,0.0,0.52,49.0,1.4938,0.0,0.0,-0.0001,0.0,0.0003,-0.0005,0.0,0.0016,0.0,0.0,0.0,0.0,no_change,0.0,,0.0,0.259999990463257,332.685,2026-09-11 19:44:22,2026-09-11 15:45:04
AAPL,AAPL261002P00150000,AAPL,2026-10-02,P,150.0,0.0,0.0,0.52,49.0,1.4373,0.0,0.0,-0.0001,0.0,0.0004,-0.0006,0.0,0.0019,0.0,0.0,0.0,0.0,no_change,0.0,,0.0,0.259999990463257,332.685,2026-09-11 19:44:22,2026-09-11 15:45:04
AAPL,AAPL261002P00155000,AAPL,2026-10-02,P,155.0,0.0,0.0,0.52,49.0,1.3826,0.0,0.0,-0.0001,0.0,0.0004,-0.0007,0.0,0.0023,0.0,0.0,0.0,0.0,no_change,0.0,,0.0,0.259999990463257,332.685,2026-09-11 19:44:22,2026-09-11 15:45:04
AAPL,AAPL261002P00160000,AAPL,2026-10-02,P,160.0,0.0,0.0,0.52,49.0,1.3296,0.0,0.0,-0.0002,0.0,0.0005,-0.0009,0.0,0.0027,0.0,0.0,0.0,0.0,no_change,0.0,,0.0,0.259999990463257,332.685,2026-09-11 19:44:22,2026-09-11 15:45:04
AAPL,AAPL261002P00165000,AAPL,2026-10-02,P,165.0,0.0,0.0,0.52,49.0,1.2782,0.0,0.0,-0.0002,0.0,0.0006,-0.001,0.0,0.0033,0.0,0.0,0.0,0.0,no_change,0.0,,0.0,0.259999990463257,332.685,2026-09-11 19:44:22,2026-09-11 15:45:04
AAPL,AAPL261002P00170000,AAPL,2026-10-02,P,170.0,0.0,0.0,0.5,20.0,1.2224,0.0,0.0,-0.0002,0.0,0.0007,-0.0012,0.0,0.0039,0.0,0.0,0.0,0.0,no_change,0.0,,0.0,0.259999990463257,332.685,2026-09-11 19:44:22,2026-09-11 15:45:04
AAPL,AAPL261002P00175000,AAPL,2026-10-02,P,175.0,0.01,1.0,0.08,288.0,0.9702,2.0,22.0,-0.0003,0.0,0.0009,-0.0014,0.0,0.0046,-0.01,0.09,0.09,0.03,no_change,0.04,2026-09-11T12:36:04,-20.0,0.0500000016763806,332.685,2026-09-11 19:44:22,2026-09-11 15:45:04
AAPL,AAPL261002P00180000,AAPL,2026-10-02,P,180.0,0.01,1.0,0.05,287.0,0.8958,3.0,35.0,-0.0004,0.0,0.001,-0.0016,-0.0001,0.0053,-0.005,0.1,0.1,0.03,no_change,0.05,2026-09-11T15:10:45,-9.09091,0.0550000006332994,332.685,2026-09-11 19:44:22,2026-09-11 15:45:04
AAPL,AAPL261002P00185000,AAPL,2026-10-02,P,185.0,0.0,0.0,0.5,17.0,1.0814,2.0,0.0,-0.0004,0.0,0.0012,-0.0018,-0.0001,0.0062,0.0,0.0,0.0,0.0,down,0.02,2026-09-08T12:04:38,0.0,0.25,332.685,2026-09-11 19:44:22,2026-09-11 15:45:04
AAPL,AAPL261002P00190000,AAPL,2026-10-02,P,190.0,0.0,0.0,0.5,134.0,1.0369,9.0,0.0,-0.0005,0.0,0.0014,-0.0021,-0.0001,0.0073,0.0,0.0,0.0,0.0,no_change,0.03,2026-08-26T12:49:38,0.0,0.239999994635582,332.685,2026-09-11 19:44:22,2026-09-11 15:45:04
AAPL,AAPL261002P00195000,AAPL,2026-10-02,P,195.0,0.01,1.0,0.02,10.0,0.7401,12.0,8.0,-0.0006,0.0,0.0017,-0.0024,-0.0001,0.0085,-0.22,0.1,0.1,0.01,no_change,0.01,2026-09-11T10:28:14,-95.6522,0.230000004172325,332.685,2026-09-11 19:44:22,2026-09-11 15:45:04
AAPL,AAPL261002P00200000,AAPL,2026-10-02,P,200.0,0.0,0.0,0.02,9.0,0.6843,26.0,6.0,-0.0007,0.0,0.002,-0.0027,-0.0001,0.0099,-0.215,0.03,0.13,0.01,no_change,0.01,2026-09-11T12:50:45,-95.5556,0.224999994039536,332.685,2026-09-11 19:44:22,2026-09-11 15:45:04
AAPL,AAPL261002P00205000,AAPL,2026-10-02,P,205.0,0.0,0.0,0.02,6.0,0.6531,36.0,23.0,-0.0008,0.0,0.0023,-0.0031,-0.0001,0.0115,-0.19,0.01,0.02,0.01,no_change,0.02,2026-09-11T15:11:08,-90.4762,0.209999993443489,332.685,2026-09-11 19:44:22,2026-09-11 15:45:04
AAPL,AAPL261002P00210000,AAPL,2026-10-02,P,210.0,0.01,6.0,0.03,426.0,0.6601,94.0,16.0,-0.001,0.0001,0.0027,-0.0035,-0.0002,0.0134,-0.02,0.11,0.16,0.02,down,0.02,2026-09-11T15:10:46,-50.0,0.0400000000372529,332.685,2026-09-11 19:44:22,2026-09-11 15:45:04
AAPL,AAPL261002P00215000,AAPL,2026-10-02,P,215.0,0.0,0.0,0.44,306.0,0.815,34.0,0.0,-0.0012,0.0001,0.0032,-0.004,-0.0002,0.0157,0.0,0.0,0.0,0.0,no_change,0.04,2026-09-09T10:27:09,0.0,0.180000007152557,332.685,2026-09-11 19:44:22,2026-09-11 15:45:04
AAPL,AAPL261002P00220000,AAPL,2026-10-02,P,220.0,0.0,0.0,0.08,11.0,0.6384,7.0,0.0,-0.0014,0.0001,0.0038,-0.0046,-0.0003,0.0185,0.0,0.0,0.0,0.0,down,0.04,2026-09-10T09:37:49,0.0,0.0399999991059303,332.685,2026-09-11 19:44:22,2026-09-11 15:45:04
AAPL,AAPL261002P00225000,AAPL,2026-10-02,P,225.0,0.0,0.0,0.4,411.0,0.7297,18.0,0.0,-0.0017,0.0001,0.0045,-0.0052,-0.0003,0.0218,0.0,0.0,0.0,0.0,no_change,0.02,2026-09-10T14:22:48,0.0,0.034999999217689,332.685,2026-09-11 19:44:22,2026-09-11 15:45:04
AAPL,AAPL261002P00230000,AAPL,2026-10-02,P,230.0,0.0,0.0,0.06,266.0,0.5593,102.0,11.0,-0.0021,0.0001,0.0054,-0.0061,-0.0004,0.0259,-0.01,0.05,0.05,0.03,down,0.03,2026-09-11T10:25:40,-25.0,0.0399999991059303,332.685,2026-09-11 19:44:22,2026-09-11 15:45:04
AAPL,AAPL261002P00235000,AAPL,2026-10-02,P,235.0,0.02,1.0,0.08,351.0,0.5574,13.0,3.0,-0.0025,0.0002,0.0064,-0.007,-0.0004,0.031,-0.015,0.05,0.05,0.03,down,0.03,2026-09-11T10:58:24,-33.3333,0.0449999999254942,332.685,2026-09-11 19:44:22,2026-09-11 15:45:04
AAPL,AAPL261002P00240000,AAPL,2026-10-02,P,240.0,0.01,294.0,0.12,639.0,0.5419,43.0,0.0,-0.0031,0.0002,0.0078,-0.0082,-0.0006,0.0373,0.0,0.0,0.0,0.0,no_change,0.1,2026-09-09T11:33:32,0.0,0.0600000005215406,332.685,2026-09-11 19:44:22,2026-09-11 15:45:04
AAPL,AAPL261002P00245000,AAPL,2026-10-02,P,245.0,0.01,288.0,0.1,637.0,0.5017,28.0,1.0,-0.0038,0.0003,0.0094,-0.0096,-0.0007,0.0452,-0.015,0.05,0.05,0.05,down,0.05,2026-09-11T11:01:31,-23.0769,0.0650000004097819,332.685,2026-09-11 19:44:22,2026-09-11 15:45:04
AAPL,AAPL261002P00250000,AAPL,2026-10-02,P,250.0,0.03,435.0,0.06,132.0,0.4613,533.0,9.0,-0.0048,0.0004,0.0114,-0.0113,-0.0009,0.0553,-0.045,0.06,0.06,0.04,down,0.04,2026-09-11T14:41:49,-52.9412,0.0849999990314245,332.685,2026-09-11 19:44:22,2026-09-11 15:45:04
AAPL,AAPL261002P00255000,AAPL,2026-10-02,P,255.0,0.03,438.0,0.08,589.0,0.4423,112.0,15.0,-0.006,0.0005,0.014,-0.0132,-0.0011,0.0679,-0.025,0.07,0.08,0.03,up,0.08,2026-09-11T10:43:04,-23.8095,0.104999996721745,332.685,2026-09-11 19:44:22,2026-09-11 15:45:04
AAPL,AAPL261002P00260000,AAPL,2026-10-02,P,260.0,0.04,567.0,0.13,687.0,0.4348,565.0,3.0,-0.0075,0.0006,0.0171,-0.0157,-0.0014,0.0841,-0.04,0.1,0.1,0.1,no_change,0.1,2026-09-11T11:36:32,-28.5714,0.140000004321337,332.685,2026-09-11 19:44:22,2026-09-11 15:45:04
AAPL,AAPL261002P00265000,AAPL,2026-10-02,P,265.0,0.07,284.0,0.12,347.0,0.4106,124.0,13.0,-0.0095,0.0008,0.0212,-0.0186,-0.0017,0.1048,-0.08,0.12,0.13,0.09,down,0.09,2026-09-11T14:22:37,-47.0588,0.170000001788139,332.685,2026-09-11 19:44:22,2026-09-11 15:45:04
AAPL,AAPL261002P00270000,AAPL,2026-10-02,P,270.0,0.09,282.0,0.18,456.0,0.3987,339.0,65.0,-0.0122,0.001,0.026,-0.0222,-0.0022,0.1317,-0.09,0.22,0.22,0.11,down,0.11,2026-09-11T14:08:43,-45.0,0.199999995529652,332.685,2026-09-11 19:44:22,2026-09-11 15:45:04
AAPL,AAPL261002P00275000,AAPL,2026-10-02,P,275.0,0.14,114.0,0.18,423.0,0.3771,206.0,261.0,-0.0156,0.0013,0.0324,-0.0264,-0.0028,0.1662,-0.13,0.24,0.24,0.14,no_change,0.15,2026-09-11T14:08:43,-46.4286,0.280000001192093,332.685,2026-09-11 19:44:22,2026-09-11 15:45:04
AAPL,AAPL261002P00280000,AAPL,2026-10-02,P,280.0,0.19,57.0,0.24,476.0,0.3619,400.0,306.0,-0.0201,0.0017,0.0401,-0.0315,-0.0036,0.2114,-0.15,0.3,0.35,0.2,no_change,0.21,2026-09-11T15:29:00,-41.6667,0.359999999403954,332.685,2026-09-11 19:44:22,2026-09-11 15:45:04
AAPL,AAPL261002P00285000,AAPL,2026-10-02,P,285.0,0.26,82.0,0.28,252.0,0.3422,808.0,101.0,-0.0263,0.0022,0.0502,-0.0378,-0.0046,0.2723,-0.2,0.4,0.41,0.23,no_change,0.27,2026-09-11T15:29:00,-42.5532,0.469999998807907,332.685,2026-09-11 19:44:22,2026-09-11 15:45:04
AAPL,AAPL261002P00290000,AAPL,2026-10-02,P,290.0,0.35,57.0,0.36,135.0,0.3256,1170.0,434.0,-0.0345,0.0029,0.0631,-0.0452,-0.0061,0.3522,-0.27,0.49,0.55,0.33,no_change,0.35,2026-09-11T14:59:38,-43.5484,0.620000004768372,332.685,2026-09-11 19:44:22,2026-09-11 15:45:04
AAPL,AAPL261002P00295000,AAPL,2026-10-02,P,295.0,0.46,97.0,0.48,205.0,0.3081,1193.0,432.0,-0.0461,0.0039,0.0792,-0.0546,-0.0081,0.4673,-0.405,0.75,0.75,0.43,no_change,0.47,2026-09-11T15:04:52,-46.2857,0.875,332.685,2026-09-11 19:44:22,2026-09-11 15:45:04
AAPL,AAPL261002P00300000,AAPL,2026-10-02,P,300.0,0.62,41.0,0.64,90.0,0.2916,2736.0,2044.0,-0.0627,0.0053,0.1007,-0.0667,-0.0109,0.6363,-0.555,0.81,1.07,0.58,up,0.66,2026-09-11T15:28:23,-45.679,1.21499997377396,332.685,2026-09-11 19:44:22,2026-09-11 15:45:04
AAPL,AAPL261002P00305000,AAPL,2026-10-02,P,305.0,0.88,33.0,0.9,41.0,0.2774,1810.0,1331.0,-0.0873,0.0071,0.1292,-0.0824,-0.0151,0.8991,-0.905,1.31,1.63,0.82,up,0.89,2026-09-11T15:28:49,-50.4178,1.7950000166893,332.685,2026-09-11 19:44:22,2026-09-11 15:45:04
AAPL,AAPL261002P00310000,AAPL,2026-10-02,P,310.0,1.27,143.0,1.41,518.0,0.2688,1328.0,692.0,-0.1224,0.0095,0.1643,-0.1018,-0.0209,1.3006,-1.285,2.09,2.09,1.17,up,1.33,2026-09-11T15:28:23,-49.1396,2.61500000953674,332.685,2026-09-11 19:44:22,2026-09-11 15:45:04
AAPL,AAPL261002P00315000,AAPL,2026-10-02,P,315.0,1.88,391.0,1.97,261.0,0.2565,604.0,329.0,-0.1729,0.0125,0.2066,-0.1249,-0.0292,1.9318,-1.925,3.2,3.35,1.7,no_change,1.9,2026-09-11T15:20:01,-50.3268,3.82500004768372,332.685,2026-09-11 19:44:22,2026-09-11 15:45:04
AAPL,AAPL261002P00320000,AAPL,2026-10-02,P,320.0,2.84,150.0,2.9,2.0,0.2498,925.0,1260.0,-0.2395,0.0156,0.2498,-0.1485,-0.0394,2.8644,-2.55,4.6,4.6,2.5,down,2.85,2026-09-11T15:20:39,-47.2222,5.40000009536743,332.685,2026-09-11 19:44:22,2026-09-11 15:45:04
AAPL,AAPL261002P00325000,AAPL,2026-10-02,P,325.0,4.15,602.0,4.35,705.0,0.2454,898.0,554.0,-0.3236,0.0185,0.2874,-0.1693,-0.0517,4.2127,-3.295,6.14,6.85,3.68,up,4.23,2026-09-11T15:18:48,-43.7874,7.52500009536743,332.685,2026-09-11 19:44:22,2026-09-11 15:45:04
AAPL,AAPL261002P00330000,AAPL,2026-10-02,P,330.0,6.0,189.0,6.2,604.0,0.2416,301.0,844.0,-0.4213,0.0206,0.3124,-0.1826,-0.0651,6.0543,-3.95,9.0,9.0,5.25,up,6.2,2026-09-11T15:29:14,-38.9163,10.1500000953674,332.685,2026-09-11 19:44:22,2026-09-11 15:45:04
AAPL,AAPL261002P00335000,AAPL,2026-10-02,P,335.0,8.35,165.0,8.6,466.0,0.2383,65.0,813.0,-0.5264,0.0213,0.3175,-0.185,-0.0779,8.4449,-4.875,9.4,9.6,7.3,up,8.6,2026-09-11T14:48:56,-36.1781,13.4749999046326,332.685,2026-09-11 19:44:22,2026-09-11 15:45:04
AAPL,AAPL261002P00340000,AAPL,2026-10-02,P,340.0,11.25,93.0,11.95,505.0,0.2425,30.0,86.0,-0.6309,0.0206,0.3014,-0.1759,-0.086,11.392,-5.55,14.5,14.5,10.0,up,11.35,2026-09-11T14:57:04,-32.8402,16.8999996185303,332.685,2026-09-11 19:44:22,2026-09-11 15:45:04
AAPL,AAPL261002P00345000,AAPL,2026-10-02,P,345.0,13.7,433.0,15.45,398.0,0.2235,38.0,29.0,-0.7271,0.0186,0.2658,-0.1572,-0.0909,14.8668,-6.8,14.75,14.8,13.3,no_change,14.25,2026-09-11T13:39:59,-32.304,21.0500001907349,332.685,2026-09-11 19:44:22,2026-09-11 15:45:04
AAPL,AAPL261002P00350000,AAPL,2026-10-02,P,350.0,18.0,332.0,19.3,303.0,0.2277,47.0,5.0,-0.8099,0.0158,0.217,-0.1328,-0.0854,18.7985,-6.595,17.47,18.88,16.68,up,18.88,2026-09-11T15:12:21,-25.8881,25.4750003814697,332.685,2026-09-11 19:44:22,2026-09-11 15:45:04
AAPL,AAPL261002P00355000,AAPL,2026-10-02,P,355.0,21.85,421.0,23.7,234.0,0.2128,28.0,2.0,-0.8762,0.0127,0.1636,-0.1069,-0.0743,23.1017,-5.925,23.95,23.95,23.95,down,23.95,2026-09-11T13:44:04,-19.8326,29.875,332.685,2026-09-11 19:44:22,2026-09-11 15:45:04
AAPL,AAPL261002P00360000,AAPL,2026-10-02,P,360.0,26.4,168.0,28.55,48.0,0.2138,10.0,0.0,-0.926,0.0095,0.1129,-0.0815,-0.0554,27.6841,0.0,0.0,0.0,0.0,down,34.6,2026-09-10T15:43:07,0.0,34.6000003814697,332.685,2026-09-11 19:44:22,2026-09-11 15:45:04
AAPL,AAPL261002P00365000,AAPL,2026-10-02,P,365.0,31.2,205.0,33.3,80.0,0.0,2.0,1.0,-0.9599,0.0065,0.0683,-0.0562,-0.037,32.4605,-7.805,32.02,32.02,32.02,down,32.02,2026-09-11T13:47:14,-19.5982,39.8250007629394,332.685,2026-09-11 19:44:22,2026-09-11 15:45:04
AAPL,AAPL261002P00370000,AAPL,2026-10-02,P,370.0,35.8,104.0,39.05,13.0,0.2607,1.0,0.0,-0.9805,0.0039,0.0372,-0.033,-0.0206,37.3542,0.0,0.0,0.0,0.0,down,52.7,2026-08-20T09:55:35,0.0,44.5750007629394,332.685,2026-09-11 19:44:22,2026-09-11 15:45:04
AAPL,AAPL261002P00375000,AAPL,2026-10-02,P,375.0,41.1,170.0,43.85,49.0,0.2961,0.0,11.0,-0.9913,0.0021,0.0179,-0.0163,-0.0102,42.3102,-7.945,41.02,41.68,39.4,up,41.68,2026-09-11T12:29:13,-16.0101,49.625,332.685,2026-09-11 19:44:22,2026-09-11 15:45:04
AAPL,AAPL261002P00380000,AAPL,2026-10-02,P,380.0,46.1,175.0,49.15,51.0,0.3453,0.0,12.0,-0.9963,0.001,0.0079,-0.007,-0.0043,47.2938,-8.935,48.5,48.5,44.51,down,45.74,2026-09-11T12:28:22,-16.342,54.6749992370606,332.685,2026-09-11 19:44:22,2026-09-11 15:45:04
AAPL,AAPL261002P00385000,AAPL,2026-10-02,P,385.0,50.5,105.0,54.0,14.0,0.0,0.0,0.0,-0.9984,0.0005,0.0039,-0.0028,-0.0014,52.288,0.0,0.0,0.0,0.0,no_change,0.0,,0.0,59.6749992370606,332.685,2026-09-11 19:44:22,2026-09-11 15:45:04
AAPL,AAPL261002P00390000,AAPL,2026-10-02,P,390.0,56.1,102.0,59.25,11.0,0.4044,0.0,0.0,-0.9993,0.0002,0.0018,-0.0011,-0.001,57.2861,0.0,0.0,0.0,0.0,no_change,0.0,,0.0,64.75,332.685,2026-09-11 19:44:22,2026-09-11 15:45:04
AAPL,AAPL261002P00395000,AAPL,2026-10-02,P,395.0,60.75,102.0,64.25,11.0,0.4004,0.0,0.0,-0.9997,0.0001,0.0008,-0.0005,-0.0003,62.2855,0.0,0.0,0.0,0.0,no_change,0.0,,0.0,69.8500022888184,332.685,2026-09-11 19:44:22,2026-09-11 15:45:04
AAPL,AAPL261002P00400000,AAPL,2026-10-02,P,400.0,65.5,107.0,69.0,16.0,0.0,0.0,0.0,-0.9998,0.0001,0.0004,-0.0002,-0.0003,67.2852,0.0,0.0,0.0,0.0,no_change,0.0,,0.0,74.8500022888184,332.685,2026-09-11 19:44:22,2026-09-11 15:45:04
AAPL,AAPL261002P00405000,AAPL,2026-10-02,P,405.0,71.1,104.0,74.25,12.0,0.4785,0.0,0.0,-0.9999,0.0,0.0003,-0.0001,0.0,72.2851,0.0,0.0,0.0,0.0,no_change,0.0,,0.0,79.8000030517578,332.685,2026-09-11 19:44:22,2026-09-11 15:45:04
AAPL,AAPL261002P00410000,AAPL,2026-10-02,P,410.0,76.1,102.0,79.25,11.0,0.5021,0.0,0.0,-0.9999,0.0,0.0002,-0.0001,0.0,77.2851,0.0,0.0,0.0,0.0,no_change,0.0,,0.0,84.7999992370606,332.685,2026-09-11 19:44:22,2026-09-11 15:45:04
AAPL,AAPL261002P00415000,AAPL,2026-10-02,P,415.0,81.1,104.0,84.0,15.0,0.5024,0.0,0.0,-1.0,0.0,0.0001,0.0,0.0,82.2851,0.0,0.0,0.0,0.0,no_change,0.0,,0.0,89.8000030517578,332.685,2026-09-11 19:44:22,2026-09-11 15:45:04
AAPL,AAPL261009C00110000,AAPL,2026-10-09,C,110.0,221.3,90.0,224.85,13.0,1.4724,0.0,0.0,0.9998,0.0,0.0,-0.0001,0.084,223.0027,0.0,0.0,0.0,0.0,no_change,0.0,,0.0,215.925003051758,332.685,2026-09-11 19:44:22,2026-09-11 15:45:04
AAPL,AAPL261009C00120000,AAPL,2026-10-09,C,120.0,211.6,1.0,214.9,12.0,1.5314,0.0,1.0,0.9998,0.0,0.0001,-0.0001,0.0917,213.0376,7.57,213.52,213.52,213.52,up,213.52,2026-09-11T15:14:11,3.67565,205.950004577637,332.685,2026-09-11 19:44:22,2026-09-11 15:45:04
AAPL,AAPL261009C00125000,AAPL,2026-10-09,C,125.0,206.35,90.0,209.9,17.0,1.3061,0.0,0.0,0.9998,0.0,0.0001,-0.0002,0.0955,208.0552,0.0,0.0,0.0,0.0,no_change,0.0,,0.0,201.0,332.685,2026-09-11 19:44:22,2026-09-11 15:45:04
AAPL,AAPL261009C00130000,AAPL,2026-10-09,C,130.0,201.35,87.0,204.95,12.0,1.2695,0.0,0.0,0.9998,0.0,0.0002,-0.0002,0.0993,203.0728,0.0,0.0,0.0,0.0,no_change,0.0,,0.0,195.975006103516,332.685,2026-09-11 19:44:22,2026-09-11 15:45:04
AAPL,AAPL261009C00135000,AAPL,2026-10-09,C,135.0,196.65,91.0,199.95,12.0,1.3631,0.0,0.0,0.9998,0.0,0.0002,-0.0003,0.1031,198.0904,0.0,0.0,0.0,0.0,no_change,0.0,,0.0,191.0,332.685,2026-09-11 19:44:22,2026-09-11 15:45:04
AAPL,AAPL261009C00140000,AAPL,2026-10-09,C,140.0,191.35,87.0,194.95,12.0,1.1093,0.0,0.0,0.9997,0.0,0.0003,-0.0004,0.1069,193.1081,0.0,0.0,0.0,0.0,no_change,0.0,,0.0,186.024993896484,332.685,2026-09-11 19:44:22,2026-09-11 15:45:04
AAPL,AAPL261009C00145000,AAPL,2026-10-09,C,145.0,186.7,87.0,189.95,12.0,1.255,0.0,0.0,0.9997,0.0,0.0004,-0.0005,0.1107,188.1259,0.0,0.0,0.0,0.0,no_change,0.0,,0.0,181.024993896484,332.685,2026-09-11 19:44:22,2026-09-11 15:45:04
AAPL,AAPL261009C00150000,AAPL,2026-10-09,C,150.0,181.4,87.0,185.0,12.0,1.0558,0.0,0.0,0.9997,0.0,0.0005,-0.0006,0.1146,183.1438,0.0,0.0,0.0,0.0,no_change,0.0,,0.0,176.049995422363,332.685,2026-09-11 19:44:22,2026-09-11 15:45:04
AAPL,AAPL261009C00155000,AAPL,2026-10-09,C,155.0,176.4,87.0,180.0,12.0,0.9813,0.0,0.0,0.9996,0.0,0.0006,-0.0008,0.1184,178.1617,0.0,0.0,0.0,0.0,no_change,0.0,,0.0,171.099998474121,332.685,2026-09-11 19:44:22,2026-09-11 15:45:04
AAPL,AAPL261009C00160000,AAPL,2026-10-09,C,160.0,171.7,87.0,175.0,12.0,1.0974,0.0,0.0,0.9996,0.0,0.0008,-0.0009,0.1222,173.1798,0.0,0.0,0.0,0.0,no_change,0.0,,0.0,166.099998474121,332.685,2026-09-11 19:44:22,2026-09-11 15:45:04
AAPL,AAPL261009C00165000,AAPL,2026-10-09,C,165.0,166.45,87.0,170.05,12.0,0.9337,0.0,0.0,0.9996,0.0,0.0009,-0.0011,0.126,168.1981,0.0,0.0,0.0,0.0,no_change,0.0,,0.0,161.099998474121,332.685,2026-09-11 19:44:22,2026-09-11 15:45:04
AAPL,AAPL261009C00170000,AAPL,2026-10-09,C,170.0,161.4,86.0,165.05,12.0,0.7919,0.0,0.0,0.9995,0.0,0.0011,-0.0013,0.1298,163.2165,0.0,0.0,0.0,0.0,no_change,0.0,,0.0,156.150001525879,332.685,2026-09-11 19:44:22,2026-09-11 15:45:04
AAPL,AAPL261009C00175000,AAPL,2026-10-09,C,175.0,156.5,91.0,160.05,12.0,0.8447,0.0,0.0,0.9994,0.0,0.0014,-0.0015,0.1336,158.235,0.0,0.0,0.0,0.0,no_change,0.0,,0.0,151.375,332.685,2026-09-11 19:44:22,2026-09-11 15:45:04
AAPL,AAPL261009C00180000,AAPL,2026-10-09,C,180.0,151.5,86.0,155.1,12.0,0.8224,0.0,0.0,0.9993,0.0,0.0017,-0.0018,0.1374,153.2538,0.0,0.0,0.0,0.0,no_change,0.0,,0.0,146.175003051758,332.685,2026-09-11 19:44:22,2026-09-11 15:45:04
AAPL,AAPL261009C00185000,AAPL,2026-10-09,C,185.0,146.5,87.0,150.1,12.0,0.7594,0.0,0.0,0.9992,0.0,0.002,-0.0021,0.1412,148.2728,0.0,0.0,0.0,0.0,no_change,0.0,,0.0,141.224998474121,332.685,2026-09-11 19:44:22,2026-09-11 15:45:04
AAPL,AAPL261009C00190000,AAPL,2026-10-09,C,190.0,141.85,86.0,145.1,12.0,0.8712,0.0,0.0,0.9991,0.0,0.0024,-0.0025,0.145,143.2921,0.0,0.0,0.0,0.0,no_change,0.0,,0.0,136.425003051758,332.685,2026-09-11 19:44:22,2026-09-11 15:45:04
AAPL,AAPL261009C00195000,AAPL,2026-10-09,C,195.0,136.45,87.0,140.15,12.0,0.5587,1.0,0.0,0.9989,0.0,0.0029,-0.0029,0.1487,138.3118,0.0,0.0,0.0,0.0,down,130.58,2026-09-02T12:28:38,0.0,131.275001525879,332.685,2026-09-11 19:44:22,2026-09-11 15:45:04
AAPL,AAPL261009C00200000,AAPL,2026-10-09,C,200.0,131.6,87.0,135.15,12.0,0.6981,0.0,0.0,0.9987,0.0001,0.0034,-0.0033,0.1525,133.3318,0.0,0.0,0.0,0.0,no_change,0.0,,0.0,126.275001525879,332.685,2026-09-11 19:44:22,2026-09-11 15:45:04
AAPL,AAPL261009C00205000,AAPL,2026-10-09,C,205.0,126.6,90.0,130.2,13.0,0.6754,0.0,0.0,0.9985,0.0001,0.0041,-0.0038,0.1563,128.3524,0.0,0.0,0.0,0.0,no_change,0.0,,0.0,121.474998474121,332.685,2026-09-11 19:44:22,2026-09-11 15:45:04
AAPL,AAPL261009C00210000,AAPL,2026-10-09,C,210.0,121.6,90.0,125.2,13.0,0.625,0.0,0.0,0.9982,0.0001,0.0048,-0.0044,0.16,123.3734,0.0,0.0,0.0,0.0,no_change,0.0,,0.0,116.325000762939,332.685,2026-09-11 19:44:22,2026-09-11 15:45:04
AAPL,AAPL261009C00215000,AAPL,2026-10-09,C,215.0,116.65,91.0,120.2,12.0,0.6044,0.0,0.0,0.9979,0.0001,0.0057,-0.0051,0.1638,118.3952,0.0,0.0,0.0,0.0,no_change,0.0,,0.0,111.375,332.685,2026-09-11 19:44:22,2026-09-11 15:45:04
AAPL,AAPL261009C00220000,AAPL,2026-10-09,C,220.0,111.65,90.0,115.25,17.0,0.583,1.0,0.0,0.9975,0.0001,0.0068,-0.0059,0.1675,113.4179,0.0,0.0,0.0,0.0,up,101.32,2026-09-04T10:49:07,0.0,106.574996948242,332.685,2026-09-11 19:44:22,2026-09-11 15:45:04
AAPL,AAPL261009C00225000,AAPL,2026-10-09,C,225.0,106.7,91.0,110.25,17.0,0.5609,0.0,0.0,0.997,0.0002,0.0081,-0.0068,0.1712,108.4415,0.0,0.0,0.0,0.0,no_change,0.0,,0.0,101.599998474121,332.685,2026-09-11 19:44:22,2026-09-11 15:45:04
AAPL,AAPL261009C00230000,AAPL,2026-10-09,C,230.0,102.4,89.0,105.3,17.0,0.6723,0.0,0.0,0.9965,0.0002,0.0096,-0.0078,0.1748,103.4664,0.0,0.0,0.0,0.0,no_change,0.0,,0.0,96.625,332.685,2026-09-11 19:44:22,2026-09-11 15:45:04
AAPL,AAPL261009C00235000,AAPL,2026-10-09,C,235.0,97.45,89.0,100.3,17.0,0.6401,0.0,0.0,0.9957,0.0003,0.0114,-0.009,0.1785,98.4929,0.0,0.0,0.0,0.0,no_change,0.0,,0.0,91.6750030517578,332.685,2026-09-11 19:44:22,2026-09-11 15:45:04
AAPL,AAPL261009C00240000,AAPL,2026-10-09,C,240.0,92.0,85.0,95.35,12.0,0.5477,25.0,0.0,0.9948,0.0003,0.0137,-0.0104,0.1821,93.5213,0.0,0.0,0.0,0.0,up,81.96,2026-08-28T11:10:57,0.0,86.7000007629394,332.685,2026-09-11 19:44:22,2026-09-11 15:45:04
AAPL,AAPL261009C00245000,AAPL,2026-10-09,C,245.0,87.5,90.0,90.35,10.0,0.5768,5.0,0.0,0.9938,0.0004,0.0163,-0.012,0.1856,88.5522,0.0,0.0,0.0,0.0,up,75.09,2026-09-10T10:12:37,0.0,81.7249984741211,332.685,2026-09-11 19:44:22,2026-09-11 15:45:04
AAPL,AAPL261009C00250000,AAPL,2026-10-09,C,250.0,82.55,89.0,85.4,17.0,0.5506,2.0,0.0,0.9924,0.0005,0.0195,-0.0138,0.1891,83.586,0.0,0.0,0.0,0.0,no_change,75.33,2026-09-10T13:29:33,0.0,76.7750015258789,332.685,2026-09-11 19:44:22,2026-09-11 15:45:04
AAPL,AAPL261009C00255000,AAPL,2026-10-09,C,255.0,77.55,90.0,80.45,17.0,0.5195,20.0,0.0,0.9907,0.0006,0.0234,-0.016,0.1924,78.6235,0.0,0.0,0.0,0.0,down,62.69,2026-09-08T13:45:30,0.0,71.75,332.685,2026-09-11 19:44:22,2026-09-11 15:45:04
AAPL,AAPL261009C00260000,AAPL,2026-10-09,C,260.0,72.7,89.0,75.5,17.0,0.501,9.0,0.0,0.9886,0.0008,0.0281,-0.0185,0.1957,73.6659,0.0,0.0,0.0,0.0,no_change,65.61,2026-09-10T13:29:33,0.0,66.875,332.685,2026-09-11 19:44:22,2026-09-11 15:45:04
AAPL,AAPL261009C00265000,AAPL,2026-10-09,C,265.0,67.75,90.0,69.5,10.0,0.3516,10.0,0.0,0.9859,0.001,0.0339,-0.0214,0.1988,68.7143,0.0,0.0,0.0,0.0,no_change,59.81,2026-09-10T13:15:57,0.0,61.9749984741211,332.685,2026-09-11 19:44:22,2026-09-11 15:45:04
AAPL,AAPL261009C00270000,AAPL,2026-10-09,C,270.0,62.7,93.0,65.6,19.0,0.4388,9.0,174.0,0.9825,0.0012,0.0408,-0.0249,0.2018,63.7707,8.62,66.17,66.86,64.77,no_change,65.57,2026-09-11T12:15:48,15.1361,56.9500007629394,332.685,2026-09-11 19:44:22,2026-09-11 15:45:04
AAPL,AAPL261009C00275000,AAPL,2026-10-09,C,275.0,58.05,142.0,60.65,34.0,0.4292,12.0,174.0,0.9781,0.0016,0.0495,-0.0289,0.2045,58.8378,8.605,61.18,61.88,59.89,no_change,60.68,2026-09-11T12:15:48,16.5242,52.0750007629394,332.685,2026-09-11 19:44:22,2026-09-11 15:45:04
AAPL,AAPL261009C00280000,AAPL,2026-10-09,C,280.0,52.85,390.0,55.25,235.0,0.3576,244.0,129.0,0.9723,0.002,0.0602,-0.0338,0.2068,53.9202,8.03,49.31,56.04,49.31,up,55.23,2026-09-11T12:51:29,17.0127,47.1999988555908,332.685,2026-09-11 19:44:22,2026-09-11 15:45:04
AAPL,AAPL261009C00285000,AAPL,2026-10-09,C,285.0,48.3,179.0,50.35,130.0,0.3578,55.0,128.0,0.9646,0.0026,0.0738,-0.0397,0.2086,49.025,7.975,50.54,51.26,50.11,no_change,50.35,2026-09-11T12:51:29,18.8201,42.375,332.685,2026-09-11 19:44:22,2026-09-11 15:45:04
AAPL,AAPL261009C00290000,AAPL,2026-10-09,C,290.0,43.45,127.0,46.0,22.0,0.3593,19.0,0.0,0.9541,0.0034,0.0911,-0.0472,0.2097,44.164,0.0,0.0,0.0,0.0,up,32.1,2026-09-10T09:53:19,0.0,37.5499992370606,332.685,2026-09-11 19:44:22,2026-09-11 15:45:04
AAPL,AAPL261009C00295000,AAPL,2026-10-09,C,295.0,38.65,383.0,40.65,259.0,0.3181,152.0,60.0,0.9394,0.0044,0.1132,-0.0565,0.2096,39.3558,7.55,34.97,41.1,34.97,down,40.7,2026-09-11T13:31:05,22.7753,33.1499996185303,332.685,2026-09-11 19:44:22,2026-09-11 15:45:04
AAPL,AAPL261009C00300000,AAPL,2026-10-09,C,300.0,33.8,268.0,35.4,68.0,0.2795,37.0,14.0,0.9189,0.0057,0.1413,-0.0683,0.2081,34.628,9.4,32.75,37.55,32.7,up,37.55,2026-09-11T11:18:09,33.3925,28.1499996185303,332.685,2026-09-11 19:44:22,2026-09-11 15:45:04
AAPL,AAPL261009C00305000,AAPL,2026-10-09,C,305.0,29.35,348.0,31.35,287.0,0.2897,74.0,32.0,0.8905,0.0074,0.1757,-0.0826,0.2044,30.0198,6.47,27.75,32.86,27.7,down,30.62,2026-09-11T14:06:22,26.7909,24.1500005722046,332.685,2026-09-11 19:44:22,2026-09-11 15:45:04
AAPL,AAPL261009C00310000,AAPL,2026-10-09,C,310.0,25.5,1.0,26.25,276.0,0.2761,277.0,32.0,0.8521,0.0095,0.2158,-0.0991,0.198,25.5824,6.26,21.8,28.2,20.99,down,26.21,2026-09-11T14:06:22,31.3784,19.9499998092651,332.685,2026-09-11 19:44:22,2026-09-11 15:45:04
AAPL,AAPL261009C00315000,AAPL,2026-10-09,C,315.0,21.0,247.0,22.0,290.0,0.2602,620.0,37.0,0.8018,0.0118,0.259,-0.1168,0.1884,21.3782,6.6,22.0,24.4,21.0,up,22.7,2026-09-11T13:12:38,40.9938,16.0999999046326,332.685,2026-09-11 19:44:22,2026-09-11 15:45:04
AAPL,AAPL261009C00320000,AAPL,2026-10-09,C,320.0,17.15,422.0,17.75,78.0,0.2488,415.0,239.0,0.7389,0.014,0.3012,-0.1337,0.1753,17.4758,4.5,14.05,20.5,14.05,up,17.45,2026-09-11T15:25:51,34.749,12.9500002861023,332.685,2026-09-11 19:44:22,2026-09-11 15:45:04
AAPL,AAPL261009C00325000,AAPL,2026-10-09,C,325.0,13.7,512.0,14.5,518.0,0.2496,743.0,250.0,0.6642,0.0161,0.337,-0.1476,0.1589,13.9427,4.125,11.1,16.25,10.8,down,14.2,2026-09-11T14:36:45,40.9429,10.0749998092651,332.685,2026-09-11 19:44:22,2026-09-11 15:45:04
AAPL,AAPL261009C00330000,AAPL,2026-10-09,C,330.0,10.7,404.0,11.05,235.0,0.2424,848.0,374.0,0.5804,0.0175,0.3606,-0.1561,0.1398,10.8362,3.2,8.55,13.3,8.55,down,10.85,2026-09-11T15:27:12,41.8301,7.65000009536743,332.685,2026-09-11 19:44:22,2026-09-11 15:45:04
AAPL,AAPL261009C00335000,AAPL,2026-10-09,C,335.0,8.1,443.0,8.3,187.0,0.2386,758.0,904.0,0.4914,0.0181,0.3678,-0.1575,0.119,8.1937,2.55,6.25,10.46,6.25,down,8.2,2026-09-11T15:25:51,45.1327,5.64999985694885,332.685,2026-09-11 19:44:22,2026-09-11 15:45:04
AAPL,AAPL261009C00340000,AAPL,2026-10-09,C,340.0,5.9,594.0,6.1,293.0,0.2357,1472.0,1197.0,0.4026,0.0177,0.3573,-0.1513,0.0979,6.0247,1.89,4.55,7.85,4.55,up,5.99,2026-09-11T15:27:04,46.0976,4.09999990463257,332.685,2026-09-11 19:44:22,2026-09-11 15:45:04
AAPL,AAPL261009C00345000,AAPL,2026-10-09,C,345.0,4.15,741.0,4.35,175.0,0.233,4014.0,515.0,0.3194,0.0164,0.3308,-0.1386,0.0779,4.3199,1.345,3.35,5.9,3.35,down,4.25,2026-09-11T15:27:04,46.2995,2.90499997138977,332.685,2026-09-11 19:44:22,2026-09-11 15:45:04
AAPL,AAPL261009C00350000,AAPL,2026-10-09,C,350.0,2.91,619.0,3.05,443.0,0.2334,1001.0,995.0,0.2448,0.0145,0.2921,-0.1212,0.0598,3.013,0.88,2.16,4.25,2.12,down,2.91,2026-09-11T15:27:46,43.3498,2.02999997138977,332.685,2026-09-11 19:44:22,2026-09-11 15:45:04
AAPL,AAPL261009C00355000,AAPL,2026-10-09,C,355.0,1.97,560.0,2.11,531.0,0.2343,365.0,436.0,0.1819,0.0121,0.2467,-0.1016,0.0445,2.0546,0.645,1.41,3.01,1.41,no_change,2.05,2026-09-11T15:13:40,45.9075,1.40500003099442,332.685,2026-09-11 19:44:22,2026-09-11 15:45:04
AAPL,AAPL261009C00360000,AAPL,2026-10-09,C,360.0,1.31,455.0,1.45,533.0,0.2359,504.0,514.0,0.1318,0.0098,0.2007,-0.0819,0.0322,1.3765,0.425,0.97,2.0,0.97,down,1.37,2026-09-11T15:19:07,44.9735,0.945000022649765,332.685,2026-09-11 19:44:22,2026-09-11 15:45:04
AAPL,AAPL261009C00365000,AAPL,2026-10-09,C,365.0,0.87,334.0,0.98,562.0,0.2383,389.0,378.0,0.0933,0.0076,0.1579,-0.0639,0.0228,0.9083,0.295,0.74,1.44,0.74,no_change,0.95,2026-09-11T14:55:47,45.0382,0.655000001192093,332.685,2026-09-11 19:44:22,2026-09-11 15:45:04
AAPL,AAPL261009C00370000,AAPL,2026-10-09,C,370.0,0.57,260.0,0.66,522.0,0.2407,248.0,47.0,0.0654,0.0057,0.1215,-0.0489,0.016,0.599,0.18,0.84,0.94,0.61,up,0.62,2026-09-11T15:21:12,40.9091,0.439999997615814,332.685,2026-09-11 19:44:22,2026-09-11 15:45:04
AAPL,AAPL261009C00375000,AAPL,2026-10-09,C,375.0,0.37,202.0,0.44,504.0,0.2435,374.0,226.0,0.0454,0.0042,0.0917,-0.0368,0.0111,0.3944,0.08,0.38,0.62,0.38,down,0.38,2026-09-11T15:26:34,26.6667,0.300000011920929,332.685,2026-09-11 19:44:22,2026-09-11 15:45:04
AAPL,AAPL261009C00380000,AAPL,2026-10-09,C,380.0,0.18,426.0,0.3,511.0,0.2424,262.0,38.0,0.0315,0.0031,0.0686,-0.0275,0.0076,0.2624,0.16,0.22,0.41,0.22,up,0.35,2026-09-11T13:02:51,84.2105,0.189999997615814,332.685,2026-09-11 19:44:22,2026-09-11 15:45:04
AAPL,AAPL261009C00385000,AAPL,2026-10-09,C,385.0,0.13,547.0,0.2,476.0,0.2475,34.0,26.0,0.0222,0.0023,0.0515,-0.0207,0.0054,0.1786,0.05,0.15,0.27,0.15,down,0.19,2026-09-11T14:55:47,35.7143,0.140000000596046,332.685,2026-09-11 19:44:22,2026-09-11 15:45:04
AAPL,AAPL261009C00390000,AAPL,2026-10-09,C,390.0,0.1,55.0,0.14,415.0,0.2548,120.0,19.0,0.0158,0.0017,0.0389,-0.0158,0.0038,0.1242,0.015,0.22,0.22,0.1,down,0.1,2026-09-11T14:55:01,17.6471,0.0849999990314245,332.685,2026-09-11 19:44:22,2026-09-11 15:45:04
AAPL,AAPL261009C00395000,AAPL,2026-10-09,C,395.0,0.06,56.0,0.14,552.0,0.2661,36.0,122.0,0.0116,0.0012,0.0299,-0.0123,0.0028,0.0898,0.04,0.12,0.12,0.11,down,0.11,2026-09-11T10:40:20,57.1429,0.0699999984353781,332.685,2026-09-11 19:44:22,2026-09-11 15:45:04
AAPL,AAPL261009C00400000,AAPL,2026-10-09,C,400.0,0.03,340.0,0.08,482.0,0.2634,71.0,66.0,0.0088,0.001,0.0236,-0.0098,0.0021,0.0676,0.0,0.11,0.11,0.04,down,0.06,2026-09-11T14:34:58,6.8297e-07,0.0599999995902181,332.685,2026-09-11 19:44:22,2026-09-11 15:45:04
AAPL,AAPL261009C00405000,AAPL,2026-10-09,C,405.0,0.01,188.0,0.11,500.0,0.282,3.0,0.0,0.0069,0.0007,0.0191,-0.0081,0.0016,0.053,0.0,0.0,0.0,0.0,no_change,0.07,2026-09-01T10:05:00,0.0,0.0550000006332994,332.685,2026-09-11 19:44:22,2026-09-11 15:45:04
AAPL,AAPL261009C00410000,AAPL,2026-10-09,C,410.0,0.01,109.0,0.06,469.0,0.2806,4.0,127.0,0.0055,0.0006,0.0157,-0.0069,0.0013,0.0429,-0.05,0.04,0.04,0.04,down,0.04,2026-09-11T14:36:23,-55.5556,0.090000000782311,332.685,2026-09-11 19:44:22,2026-09-11 15:45:04
AAPL,AAPL261009C00415000,AAPL,2026-10-09,C,415.0,0.01,30.0,0.11,392.0,0.3128,172.0,1.0,0.0046,0.0005,0.0134,-0.006,0.0011,0.0364,-0.035,0.01,0.01,0.01,no_change,0.01,2026-09-11T10:24:56,-77.7778,0.0449999989941716,332.685,2026-09-11 19:44:22,2026-09-11 15:45:04
AAPL,AAPL261009P00110000,AAPL,2026-10-09,P,110.0,0.0,0.0,0.52,46.0,1.6952,0.0,0.0,0.0,0.0,0.0,-0.0001,0.0,0.0002,0.0,0.0,0.0,0.0,no_change,0.0,,0.0,0.259999990463257,332.685,2026-09-11 19:44:22,2026-09-11 15:45:04
AAPL,AAPL261009P00120000,AAPL,2026-10-09,P,120.0,0.0,0.0,0.52,46.0,1.569,0.0,0.0,0.0,0.0,0.0001,-0.0001,0.0,0.0005,0.0,0.0,0.0,0.0,no_change,0.0,,0.0,0.259999990463257,332.685,2026-09-11 19:44:22,2026-09-11 15:45:04
AAPL,AAPL261009P00125000,AAPL,2026-10-09,P,125.0,0.0,0.0,0.52,46.0,1.5099,0.0,0.0,0.0,0.0,0.0001,-0.0002,0.0,0.0007,0.0,0.0,0.0,0.0,no_change,0.0,,0.0,0.259999990463257,332.685,2026-09-11 19:44:22,2026-09-11 15:45:04
AAPL,AAPL261009P00130000,AAPL,2026-10-09,P,130.0,0.0,0.0,0.52,46.0,1.4532,8.0,0.0,0.0,0.0,0.0002,-0.0002,0.0,0.0009,0.0,0.0,0.0,0.0,no_change,0.01,2026-09-01T11:46:16,0.0,0.259999990463257,332.685,2026-09-11 19:44:22,2026-09-11 15:45:04
AAPL,AAPL261009P00135000,AAPL,2026-10-09,P,135.0,0.0,0.0,0.52,46.0,1.3986,0.0,0.0,-0.0001,0.0,0.0002,-0.0003,0.0,0.0011,0.0,0.0,0.0,0.0,no_change,0.0,,0.0,0.259999990463257,332.685,2026-09-11 19:44:22,2026-09-11 15:45:04
AAPL,AAPL261009P00140000,AAPL,2026-10-09,P,140.0,0.0,0.0,0.52,46.0,1.3461,0.0,0.0,-0.0001,0.0,0.0003,-0.0004,0.0,0.0015,0.0,0.0,0.0,0.0,no_change,0.0,,0.0,0.259999990463257,332.685,2026-09-11 19:44:22,2026-09-11 15:45:04
AAPL,AAPL261009P00145000,AAPL,2026-10-09,P,145.0,0.0,0.0,0.52,46.0,1.2954,0.0,0.0,-0.0001,0.0,0.0004,-0.0005,0.0,0.0019,0.0,0.0,0.0,0.0,no_change,0.0,,0.0,0.259999990463257,332.685,2026-09-11 19:44:22,2026-09-11 15:45:04
AAPL,AAPL261009P00150000,AAPL,2026-10-09,P,150.0,0.0,0.0,0.52,46.0,1.2464,0.0,0.0,-0.0001,0.0,0.0005,-0.0006,0.0,0.0024,0.0,0.0,0.0,0.0,no_change,0.0,,0.0,0.259999990463257,332.685,2026-09-11 19:44:22,2026-09-11 15:45:04
AAPL,AAPL261009P00155000,AAPL,2026-10-09,P,155.0,0.0,0.0,0.52,46.0,1.199,0.0,0.0,-0.0002,0.0,0.0006,-0.0008,0.0,0.003,0.0,0.0,0.0,0.0,no_change,0.0,,0.0,0.259999990463257,332.685,2026-09-11 19:44:22,2026-09-11 15:45:04
AAPL,AAPL261009P00160000,AAPL,2026-10-09,P,160.0,0.0,0.0,0.52,46.0,1.1531,0.0,0.0,-0.0002,0.0,0.0008,-0.0009,0.0,0.0037,0.0,0.0,0.0,0.0,no_change,0.0,,0.0,0.259999990463257,332.685,2026-09-11 19:44:22,2026-09-11 15:45:04
AAPL,AAPL261009P00165000,AAPL,2026-10-09,P,165.0,0.0,0.0,0.52,46.0,1.1087,0.0,0.0,-0.0003,0.0,0.0009,-0.0011,-0.0001,0.0046,0.0,0.0,0.0,0.0,no_change,0.0,,0.0,0.259999990463257,332.685,2026-09-11 19:44:22,2026-09-11 15:45:04
AAPL,AAPL261009P00170000,AAPL,2026-10-09,P,170.0,0.0,0.0,0.52,74.0,1.0654,0.0,0.0,-0.0003,0.0,0.0011,-0.0013,-0.0001,0.0056,0.0,0.0,0.0,0.0,no_change,0.0,,0.0,0.254999995231628,332.685,2026-09-11 19:44:22,2026-09-11 15:45:04
AAPL,AAPL261009P00175000,AAPL,2026-10-09,P,175.0,0.0,0.0,0.51,72.0,1.0209,0.0,0.0,-0.0004,0.0,0.0014,-0.0015,-0.0001,0.0068,0.0,0.0,0.0,0.0,no_change,0.0,,0.0,0.245000004768372,332.685,2026-09-11 19:44:22,2026-09-11 15:45:04
AAPL,AAPL261009P00180000,AAPL,2026-10-09,P,180.0,0.0,0.0,0.5,75.0,0.9776,0.0,0.0,-0.0005,0.0,0.0017,-0.0018,-0.0001,0.0082,0.0,0.0,0.0,0.0,no_change,0.0,,0.0,0.234999999403954,332.685,2026-09-11 19:44:22,2026-09-11 15:45:04
AAPL,AAPL261009P00185000,AAPL,2026-10-09,P,185.0,0.0,0.0,0.49,47.0,0.9356,0.0,0.0,-0.0006,0.0,0.002,-0.0021,-0.0001,0.0099,0.0,0.0,0.0,0.0,no_change,0.0,,0.0,0.224999994039536,332.685,2026-09-11 19:44:22,2026-09-11 15:45:04
AAPL,AAPL261009P00190000,AAPL,2026-10-09,P,190.0,0.0,0.0,0.47,10.0,0.8922,21.0,0.0,-0.0007,0.0,0.0024,-0.0025,-0.0002,0.0118,0.0,0.0,0.0,0.0,down,0.03,2026-09-08T10:22:50,0.0,0.215000003576279,332.685,2026-09-11 19:44:22,2026-09-11 15:45:04
AAPL,AAPL261009P00195000,AAPL,2026-10-09,P,195.0,0.0,0.0,0.46,47.0,0.8524,6.0,0.0,-0.0009,0.0,0.0029,-0.0029,-0.0002,0.0141,0.0,0.0,0.0,0.0,down,0.03,2026-09-04T13:21:38,0.0,0.200000002980232,332.685,2026-09-11 19:44:22,2026-09-11 15:45:04
AAPL,AAPL261009P00200000,AAPL,2026-10-09,P,200.0,0.02,1.0,0.03,1.0,0.6415,20.0,0.0,-0.0011,0.0001,0.0034,-0.0033,-0.0003,0.0168,0.0,0.0,0.0,0.0,no_change,0.03,2026-09-10T15:52:58,0.0,0.0149999996647239,332.685,2026-09-11 19:44:22,2026-09-11 15:45:04
AAPL,AAPL261009P00205000,AAPL,2026-10-09,P,205.0,0.0,0.0,0.41,327.0,0.7687,26.0,0.0,-0.0013,0.0001,0.0041,-0.0038,-0.0003,0.02,0.0,0.0,0.0,0.0,down,0.04,2026-09-09T09:58:45,0.0,0.159999996423721,332.685,2026-09-11 19:44:22,2026-09-11 15:45:04
AAPL,AAPL261009P00210000,AAPL,2026-10-09,P,210.0,0.0,0.0,0.35,379.0,0.7196,4.0,1.0,-0.0016,0.0001,0.0048,-0.0044,-0.0004,0.0237,-0.105,0.03,0.03,0.03,no_change,0.03,2026-09-11T12:51:13,-77.7778,0.135000005364418,332.685,2026-09-11 19:44:22,2026-09-11 15:45:04
AAPL,AAPL261009P00215000,AAPL,2026-10-09,P,215.0,0.0,0.0,0.23,365.0,0.6522,14.0,1.0,-0.0019,0.0001,0.0058,-0.0051,-0.0005,0.0281,-0.015,0.03,0.03,0.03,down,0.03,2026-09-11T12:51:42,-33.3333,0.0449999989941716,332.685,2026-09-11 19:44:22,2026-09-11 15:45:04
AAPL,AAPL261009P00220000,AAPL,2026-10-09,P,220.0,0.01,130.0,0.13,445.0,0.5872,6.0,7.0,-0.0023,0.0001,0.0068,-0.0059,-0.0006,0.0334,-0.02,0.12,0.13,0.04,down,0.04,2026-09-11T15:11:29,-33.3333,0.0599999995902181,332.685,2026-09-11 19:44:22,2026-09-11 15:45:04
AAPL,AAPL261009P00225000,AAPL,2026-10-09,P,225.0,0.01,119.0,0.09,452.0,0.5386,3.0,1.0,-0.0028,0.0002,0.0081,-0.0068,-0.0007,0.0397,0.035,0.09,0.09,0.09,down,0.09,2026-09-11T10:41:23,63.6364,0.0550000006332994,332.685,2026-09-11 19:44:22,2026-09-11 15:45:04
AAPL,AAPL261009P00230000,AAPL,2026-10-09,P,230.0,0.01,479.0,0.11,613.0,0.5209,8.0,3.0,-0.0034,0.0002,0.0096,-0.0078,-0.0008,0.0473,-0.015,0.05,0.05,0.05,down,0.05,2026-09-11T10:41:41,-23.0769,0.0649999994784594,332.685,2026-09-11 19:44:22,2026-09-11 15:45:04
AAPL,AAPL261009P00235000,AAPL,2026-10-09,P,235.0,0.01,441.0,0.09,386.0,0.4839,22.0,0.0,-0.0041,0.0003,0.0115,-0.009,-0.001,0.0564,0.0,0.0,0.0,0.0,up,0.12,2026-09-09T13:29:32,0.0,0.0650000004097819,332.685,2026-09-11 19:44:22,2026-09-11 15:45:04
AAPL,AAPL261009P00240000,AAPL,2026-10-09,P,240.0,0.02,166.0,0.11,231.0,0.4705,20.0,0.0,-0.005,0.0003,0.0137,-0.0104,-0.0012,0.0675,0.0,0.0,0.0,0.0,no_change,0.12,2026-09-09T14:09:06,0.0,0.0799999982118606,332.685,2026-09-11 19:44:22,2026-09-11 15:45:04
AAPL,AAPL261009P00245000,AAPL,2026-10-09,P,245.0,0.03,469.0,0.13,513.0,0.4544,116.0,0.0,-0.0061,0.0004,0.0164,-0.012,-0.0015,0.081,0.0,0.0,0.0,0.0,down,0.16,2026-09-09T14:44:20,0.0,0.109999997541308,332.685,2026-09-11 19:44:22,2026-09-11 15:45:04
AAPL,AAPL261009P00250000,AAPL,2026-10-09,P,250.0,0.06,470.0,0.13,505.0,0.4363,133.0,1.0,-0.0074,0.0005,0.0196,-0.0139,-0.0018,0.0976,-0.04,0.09,0.09,0.09,down,0.09,2026-09-11T14:54:30,-30.7692,0.129999998956919,332.685,2026-09-11 19:44:22,2026-09-11 15:45:04
AAPL,AAPL261009P00255000,AAPL,2026-10-09,P,255.0,0.08,491.0,0.17,546.0,0.4238,31.0,0.0,-0.0092,0.0006,0.0235,-0.0161,-0.0022,0.1178,0.0,0.0,0.0,0.0,down,0.17,2026-09-10T13:21:47,0.0,0.16499999910593,332.685,2026-09-11 19:44:22,2026-09-11 15:45:04
AAPL,AAPL261009P00260000,AAPL,2026-10-09,P,260.0,0.12,184.0,0.21,467.0,0.4115,84.0,305.0,-0.0113,0.0008,0.0282,-0.0186,-0.0027,0.143,-0.07,0.18,0.19,0.14,no_change,0.14,2026-09-11T11:25:18,-33.3333,0.21000000089407,332.685,2026-09-11 19:44:22,2026-09-11 15:45:04
AAPL,AAPL261009P00265000,AAPL,2026-10-09,P,265.0,0.15,70.0,0.2,389.0,0.3869,46.0,24.0,-0.014,0.001,0.0339,-0.0216,-0.0034,0.1742,-0.075,0.19,0.22,0.19,down,0.2,2026-09-11T13:39:50,-27.2727,0.275000005960464,332.685,2026-09-11 19:44:22,2026-09-11 15:45:04
AAPL,AAPL261009P00270000,AAPL,2026-10-09,P,270.0,0.15,581.0,0.24,464.0,0.3651,626.0,59.0,-0.0174,0.0013,0.0411,-0.025,-0.0042,0.2134,-0.125,0.23,0.25,0.2,down,0.2,2026-09-11T14:07:53,-38.4615,0.325000002980232,332.685,2026-09-11 19:44:22,2026-09-11 15:45:04
AAPL,AAPL261009P00275000,AAPL,2026-10-09,P,275.0,0.21,484.0,0.3,344.0,0.3516,106.0,143.0,-0.0218,0.0016,0.0496,-0.0291,-0.0052,0.2635,-0.14,0.3,0.3,0.27,up,0.29,2026-09-11T12:00:49,-32.5581,0.429999992251396,332.685,2026-09-11 19:44:22,2026-09-11 15:45:04
AAPL,AAPL261009P00280000,AAPL,2026-10-09,P,280.0,0.31,57.0,0.36,306.0,0.3383,404.0,37.0,-0.0277,0.002,0.0605,-0.034,-0.0066,0.329,-0.24,0.45,0.45,0.3,down,0.3,2026-09-11T15:12:41,-44.4444,0.53999999165535,332.685,2026-09-11 19:44:22,2026-09-11 15:45:04
AAPL,AAPL261009P00285000,AAPL,2026-10-09,P,285.0,0.37,425.0,0.45,184.0,0.3207,299.0,63.0,-0.0354,0.0026,0.0742,-0.04,-0.0084,0.4169,-0.29,0.66,0.66,0.4,down,0.42,2026-09-11T14:55:47,-40.8451,0.71000000834465,332.685,2026-09-11 19:44:22,2026-09-11 15:45:04
AAPL,AAPL261009P00290000,AAPL,2026-10-09,P,290.0,0.51,289.0,0.57,104.0,0.307,797.0,256.0,-0.046,0.0034,0.0913,-0.0475,-0.0108,0.5396,-0.41,0.8,0.87,0.52,up,0.54,2026-09-11T14:59:57,-43.1579,0.950000017881394,332.685,2026-09-11 19:44:22,2026-09-11 15:45:04
AAPL,AAPL261009P00295000,AAPL,2026-10-09,P,295.0,0.69,107.0,0.75,218.0,0.2936,548.0,228.0,-0.0608,0.0044,0.1138,-0.0569,-0.0142,0.7143,-0.525,1.1,1.16,0.64,up,0.74,2026-09-11T15:19:07,-41.502,1.26500004529953,332.685,2026-09-11 19:44:22,2026-09-11 15:45:04
AAPL,AAPL261009P00300000,AAPL,2026-10-09,P,300.0,0.94,276.0,1.0,218.0,0.2811,1527.0,426.0,-0.0816,0.0058,0.1425,-0.0688,-0.019,0.9722,-0.795,1.49,1.61,0.87,down,0.95,2026-09-11T15:19:24,-45.5587,1.74500000476837,332.685,2026-09-11 19:44:22,2026-09-11 15:45:04
AAPL,AAPL261009P00305000,AAPL,2026-10-09,P,305.0,1.33,1.0,1.38,205.0,0.2712,605.0,360.0,-0.1104,0.0075,0.1776,-0.0834,-0.0256,1.3515,-1.065,1.9,2.05,1.22,down,1.35,2026-09-11T15:26:51,-44.0994,2.41499996185303,332.685,2026-09-11 19:44:22,2026-09-11 15:45:04
AAPL,AAPL261009P00310000,AAPL,2026-10-09,P,310.0,1.85,262.0,1.99,451.0,0.2632,346.0,481.0,-0.1495,0.0096,0.2179,-0.1003,-0.0341,1.9051,-1.505,2.93,3.1,1.66,no_change,1.92,2026-09-11T15:27:04,-43.9416,3.42499995231628,332.685,2026-09-11 19:44:22,2026-09-11 15:45:04
AAPL,AAPL261009P00315000,AAPL,2026-10-09,P,315.0,2.65,71.0,2.75,349.0,0.2557,392.0,734.0,-0.2004,0.0119,0.2608,-0.1183,-0.0451,2.6922,-2.035,4.0,4.0,2.43,down,2.69,2026-09-11T15:27:04,-43.0688,4.72499990463257,332.685,2026-09-11 19:44:22,2026-09-11 15:45:04
AAPL,AAPL261009P00320000,AAPL,2026-10-09,P,320.0,3.7,536.0,3.9,658.0,0.2504,551.0,1219.0,-0.2638,0.0142,0.3023,-0.1356,-0.0583,3.7787,-2.6,5.09,5.4,3.4,up,3.8,2026-09-11T15:26:42,-40.625,6.40000009536743,332.685,2026-09-11 19:44:22,2026-09-11 15:45:04
AAPL,AAPL261009P00325000,AAPL,2026-10-09,P,325.0,5.15,589.0,5.35,599.0,0.2452,234.0,198.0,-0.3396,0.0163,0.3377,-0.15,-0.0736,5.2448,-3.315,6.8,7.0,4.66,up,5.21,2026-09-11T14:55:47,-38.8856,8.52499961853027,332.685,2026-09-11 19:44:22,2026-09-11 15:45:04
AAPL,AAPL261009P00330000,AAPL,2026-10-09,P,330.0,7.05,351.0,7.3,502.0,0.2418,259.0,605.0,-0.4256,0.0178,0.3607,-0.1592,-0.0889,7.1565,-4.025,9.45,9.45,6.28,down,7.1,2026-09-11T15:20:06,-36.1798,11.125,332.685,2026-09-11 19:44:22,2026-09-11 15:45:04
AAPL,AAPL261009P00335000,AAPL,2026-10-09,P,335.0,9.45,14.0,9.7,491.0,0.2396,222.0,335.0,-0.5166,0.0185,0.3662,-0.1612,-0.1032,9.5349,-4.7,10.65,10.65,8.4,no_change,9.4,2026-09-11T15:20:04,-33.3333,14.1000003814697,332.685,2026-09-11 19:44:22,2026-09-11 15:45:04
AAPL,AAPL261009P00340000,AAPL,2026-10-09,P,340.0,12.25,35.0,12.95,456.0,0.2421,28.0,52.0,-0.608,0.0182,0.3532,-0.1558,-0.1143,12.3986,-5.275,12.66,12.66,11.15,up,12.5,2026-09-11T14:48:47,-29.6765,17.7750005722046,332.685,2026-09-11 19:44:22,2026-09-11 15:45:04
AAPL,AAPL261009P00345000,AAPL,2026-10-09,P,345.0,14.5,382.0,16.05,281.0,0.2208,29.0,10.0,-0.6947,0.017,0.323,-0.144,-0.1192,15.7282,-6.35,14.8,15.0,14.8,up,15.0,2026-09-11T14:01:09,-29.7424,21.3500003814697,332.685,2026-09-11 19:44:22,2026-09-11 15:45:04
AAPL,AAPL261009P00350000,AAPL,2026-10-09,P,350.0,18.25,374.0,20.5,369.0,0.2306,13.0,4.0,-0.7726,0.0152,0.2787,-0.1274,-0.1188,19.4833,-7.425,18.25,18.65,17.98,up,18.65,2026-09-11T11:59:18,-28.4756,26.0750007629395,332.685,2026-09-11 19:44:22,2026-09-11 15:45:04
AAPL,AAPL261009P00355000,AAPL,2026-10-09,P,355.0,22.75,264.0,25.05,290.0,0.2477,4.0,10.0,-0.8391,0.013,0.2245,-0.1088,-0.1086,23.6051,-7.725,22.15,22.15,22.15,down,22.15,2026-09-11T12:19:07,-25.8577,29.875,332.685,2026-09-11 19:44:22,2026-09-11 15:45:04
AAPL,AAPL261009P00360000,AAPL,2026-10-09,P,360.0,26.45,399.0,28.95,125.0,0.2129,2.0,0.0,-0.8933,0.0107,0.1678,-0.0901,-0.0884,28.0228,0.0,0.0,0.0,0.0,up,40.0,2026-09-04T11:38:49,0.0,35.0999984741211,332.685,2026-09-11 19:44:22,2026-09-11 15:45:04
AAPL,AAPL261009P00365000,AAPL,2026-10-09,P,365.0,31.4,219.0,33.65,50.0,0.2222,0.0,0.0,-0.935,0.0082,0.1148,-0.0708,-0.0656,32.6673,0.0,0.0,0.0,0.0,no_change,0.0,,0.0,39.9250011444092,332.685,2026-09-11 19:44:22,2026-09-11 15:45:04
AAPL,AAPL261009P00370000,AAPL,2026-10-09,P,370.0,36.15,153.0,38.95,22.0,0.2501,0.0,0.0,-0.9643,0.0057,0.0697,-0.0498,-0.0423,37.4723,0.0,0.0,0.0,0.0,no_change,0.0,,0.0,44.7000007629394,332.685,2026-09-11 19:44:22,2026-09-11 15:45:04
AAPL,AAPL261009P00375000,AAPL,2026-10-09,P,375.0,41.1,91.0,44.35,10.0,0.2935,0.0,0.0,-0.9826,0.0035,0.0366,-0.0294,-0.0224,42.3787,0.0,0.0,0.0,0.0,no_change,0.0,,0.0,49.5750007629394,332.685,2026-09-11 19:44:22,2026-09-11 15:45:04
AAPL,AAPL261009P00380000,AAPL,2026-10-09,P,380.0,46.1,90.0,49.3,10.0,0.3153,0.0,0.0,-0.9924,0.0018,0.0165,-0.014,-0.0093,47.3399,0.0,0.0,0.0,0.0,no_change,0.0,,0.0,54.6750011444092,332.685,2026-09-11 19:44:22,2026-09-11 15:45:04
AAPL,AAPL261009P00385000,AAPL,2026-10-09,P,385.0,50.5,91.0,54.2,10.0,0.2724,0.0,0.0,-0.9971,0.0008,0.0078,-0.0053,-0.0029,52.3258,0.0,0.0,0.0,0.0,no_change,0.0,,0.0,59.7999992370606,332.685,2026-09-11 19:44:22,2026-09-11 15:45:04
AAPL,AAPL261009P00390000,AAPL,2026-10-09,P,390.0,56.1,90.0,59.25,10.0,0.3589,0.0,0.0,-0.999,0.0003,0.0033,-0.0015,-0.0007,57.3214,0.0,0.0,0.0,0.0,no_change,0.0,,0.0,64.6249980926514,332.685,2026-09-11 19:44:22,2026-09-11 15:45:04
AAPL,AAPL261009P00395000,AAPL,2026-10-09,P,395.0,60.85,90.0,64.25,10.0,0.3639,0.0,0.0,-0.9996,0.0001,0.0008,-0.0005,-0.0005,62.3205,0.0,0.0,0.0,0.0,no_change,0.0,,0.0,69.75,332.685,2026-09-11 19:44:22,2026-09-11 15:45:04
AAPL,AAPL261009P00400000,AAPL,2026-10-09,P,400.0,66.1,90.0,69.25,10.0,0.403,0.0,0.0,-0.9999,0.0,0.0005,-0.0001,-0.0001,67.3201,0.0,0.0,0.0,0.0,no_change,0.0,,0.0,74.6500015258789,332.685,2026-09-11 19:44:22,2026-09-11 15:45:04
AAPL,AAPL261009P00405000,AAPL,2026-10-09,P,405.0,70.85,91.0,74.05,10.0,0.3853,0.0,0.0,-0.9999,0.0,0.0001,0.0,0.0,72.3201,0.0,0.0,0.0,0.0,no_change,0.0,,0.0,79.625,332.685,2026-09-11 19:44:22,2026-09-11 15:45:04
AAPL,AAPL261009P00410000,AAPL,2026-10-09,P,410.0,76.1,90.0,79.25,10.0,0.4452,0.0,0.0,-1.0,0.0,0.0,0.0,0.0,77.32,0.0,0.0,0.0,0.0,no_change,0.0,,0.0,84.75,332.685,2026-09-11 19:44:22,2026-09-11 15:45:04
AAPL,AAPL261009P00415000,AAPL,2026-10-09,P,415.0,81.1,91.0,84.25,10.0,0.4657,0.0,0.0,-1.0,0.0,0.0,0.0,0.0,82.32,0.0,0.0,0.0,0.0,no_change,0.0,,0.0,89.7249984741211,332.685,2026-09-11 19:44:22,2026-09-11 15:45:04
AAPL,AAPL261016C00130000,AAPL,2026-10-16,C,130.0,201.55,102.0,204.75,127.0,0.0,34.0,0.0,0.9997,0.0,0.0002,-0.0002,0.124,203.2097,0.0,0.0,0.0,0.0,up,185.0,2026-09-09T11:11:58,0.0,196.25,332.685,2026-09-11 19:44:22,2026-09-11 15:45:04
AAPL,AAPL261016C00135000,AAPL,2026-10-16,C,135.0,196.45,104.0,199.8,102.0,0.0,61.0,0.0,0.9997,0.0,0.0003,-0.0003,0.1288,198.2318,0.0,0.0,0.0,0.0,up,190.63,2026-09-01T10:53:41,0.0,191.150001525879,332.685,2026-09-11 19:44:22,2026-09-11 15:45:04
AAPL,AAPL261016C00140000,AAPL,2026-10-16,C,140.0,191.6,98.0,195.1,117.0,1.0769,24.0,0.0,0.9997,0.0,0.0004,-0.0004,0.1335,193.254,0.0,0.0,0.0,0.0,up,186.05,2026-09-01T14:37:22,0.0,186.275001525879,332.685,2026-09-11 19:44:22,2026-09-11 15:45:04
AAPL,AAPL261016C00145000,AAPL,2026-10-16,C,145.0,186.5,116.0,190.15,143.0,0.9702,18.0,0.0,0.9996,0.0,0.0005,-0.0005,0.1383,188.2763,0.0,0.0,0.0,0.0,up,162.99,2026-08-04T10:21:00,0.0,181.175003051758,332.685,2026-09-11 19:44:22,2026-09-11 15:45:04
AAPL,AAPL261016C00150000,AAPL,2026-10-16,C,150.0,181.5,116.0,185.15,98.0,0.8864,18.0,0.0,0.9996,0.0,0.0007,-0.0006,0.143,183.2988,0.0,0.0,0.0,0.0,up,173.5,2026-09-01T11:13:09,0.0,176.200004577637,332.685,2026-09-11 19:44:22,2026-09-11 15:45:04
AAPL,AAPL261016C00155000,AAPL,2026-10-16,C,155.0,176.8,115.0,179.85,114.0,0.7633,62.0,0.0,0.9996,0.0,0.0008,-0.0008,0.1478,178.3213,0.0,0.0,0.0,0.0,down,165.77,2026-08-28T13:36:20,0.0,171.200004577637,332.685,2026-09-11 19:44:22,2026-09-11 15:45:04
AAPL,AAPL261016C00160000,AAPL,2026-10-16,C,160.0,172.6,256.0,175.2,268.0,1.1486,232.0,0.0,0.9995,0.0,0.0011,-0.0009,0.1526,173.3441,0.0,0.0,0.0,0.0,down,154.2,2026-09-09T11:00:54,0.0,166.375,332.685,2026-09-11 19:44:22,2026-09-11 15:45:04
AAPL,AAPL261016C00165000,AAPL,2026-10-16,C,165.0,166.6,118.0,169.9,93.0,0.0,81.0,1.0,0.9994,0.0,0.0013,-0.0011,0.1573,168.3671,9.0,170.4,170.4,170.4,up,170.4,2026-09-11T11:52:43,5.57621,161.400001525879,332.685,2026-09-11 19:44:22,2026-09-11 15:45:04
AAPL,AAPL261016C00170000,AAPL,2026-10-16,C,170.0,161.9,100.0,165.2,97.0,0.9036,63.0,0.0,0.9994,0.0,0.0016,-0.0014,0.162,163.3903,0.0,0.0,0.0,0.0,down,147.03,2026-09-08T15:55:28,0.0,156.425003051758,332.685,2026-09-11 19:44:22,2026-09-11 15:45:04
AAPL,AAPL261016C00175000,AAPL,2026-10-16,C,175.0,156.8,102.0,159.95,101.0,0.0,25.0,0.0,0.9992,0.0,0.002,-0.0016,0.1668,158.4138,0.0,0.0,0.0,0.0,up,139.72,2026-08-07T10:29:26,0.0,151.425003051758,332.685,2026-09-11 19:44:22,2026-09-11 15:45:04
AAPL,AAPL261016C00180000,AAPL,2026-10-16,C,180.0,151.65,101.0,155.25,117.0,0.6818,97.0,0.0,0.9991,0.0,0.0024,-0.0019,0.1715,153.4377,0.0,0.0,0.0,0.0,up,146.09,2026-09-01T14:22:43,0.0,146.449996948242,332.685,2026-09-11 19:44:22,2026-09-11 15:45:04
AAPL,AAPL261016C00185000,AAPL,2026-10-16,C,185.0,147.15,101.0,150.3,102.0,0.8519,34.0,0.0,0.999,0.0,0.003,-0.0023,0.1762,148.462,0.0,0.0,0.0,0.0,down,130.39,2026-08-20T15:28:29,0.0,141.375,332.685,2026-09-11 19:44:22,2026-09-11 15:45:04
AAPL,AAPL261016C00190000,AAPL,2026-10-16,C,190.0,141.85,105.0,145.05,103.0,0.0,55.0,0.0,0.9988,0.0,0.0036,-0.0027,0.181,143.4868,0.0,0.0,0.0,0.0,down,120.98,2026-08-25T12:45:33,0.0,136.449996948242,332.685,2026-09-11 19:44:22,2026-09-11 15:45:04
AAPL,AAPL261016C00195000,AAPL,2026-10-16,C,195.0,137.7,243.0,139.75,259.0,0.7653,215.0,0.0,0.9986,0.0001,0.0043,-0.0032,0.1856,138.5121,0.0,0.0,0.0,0.0,up,133.35,2026-09-03T15:15:05,0.0,131.549995422363,332.685,2026-09-11 19:44:22,2026-09-11 15:45:04
AAPL,AAPL261016C00200000,AAPL,2026-10-16,C,200.0,132.1,316.0,134.7,280.0,0.0,299.0,20.0,0.9983,0.0001,0.0052,-0.0037,0.1903,133.5381,8.725,136.2,136.2,135.0,down,135.0,2026-09-11T12:29:11,6.90952,126.275001525879,332.685,2026-09-11 19:44:22,2026-09-11 15:45:04
AAPL,AAPL261016C00205000,AAPL,2026-10-16,C,205.0,127.85,214.0,129.45,371.0,0.642,863.0,4.0,0.998,0.0001,0.0062,-0.0044,0.195,128.5649,10.125,131.6,131.6,131.6,up,131.6,2026-09-11T11:16:20,8.33505,121.475002288818,332.685,2026-09-11 19:44:22,2026-09-11 15:45:04
AAPL,AAPL261016C00210000,AAPL,2026-10-16,C,210.0,122.15,285.0,124.4,281.0,0.0,471.0,0.0,0.9976,0.0001,0.0074,-0.0051,0.1996,123.5926,0.0,0.0,0.0,0.0,down,107.32,2026-08-31T10:20:24,0.0,116.5,332.685,2026-09-11 19:44:22,2026-09-11 15:45:04
AAPL,AAPL261016C00215000,AAPL,2026-10-16,C,215.0,117.65,274.0,119.35,228.0,0.0,478.0,14.0,0.9971,0.0001,0.0088,-0.0059,0.2042,118.6214,8.695,120.71,120.71,119.97,down,119.97,2026-09-11T13:22:33,7.81398,111.274997711182,332.685,2026-09-11 19:44:22,2026-09-11 15:45:04
AAPL,AAPL261016C00220000,AAPL,2026-10-16,C,220.0,112.7,244.0,114.45,217.0,0.0,872.0,1.0,0.9965,0.0002,0.0104,-0.0068,0.2088,113.6516,10.0,116.05,116.05,116.05,up,116.05,2026-09-11T11:28:46,9.42951,106.049999237061,332.685,2026-09-11 19:44:22,2026-09-11 15:45:04
AAPL,AAPL261016C00225000,AAPL,2026-10-16,C,225.0,107.95,227.0,109.3,230.0,0.3797,283.0,0.0,0.9958,0.0002,0.0124,-0.0079,0.2134,108.6834,0.0,0.0,0.0,0.0,down,89.12,2026-09-09T12:23:09,0.0,101.350002288818,332.685,2026-09-11 19:44:22,2026-09-11 15:45:04
AAPL,AAPL261016C00230000,AAPL,2026-10-16,C,230.0,103.0,266.0,104.25,226.0,0.0,593.0,10.0,0.995,0.0003,0.0148,-0.0091,0.2179,103.7171,9.875,106.0,106.0,106.0,up,106.0,2026-09-11T10:57:40,10.2731,96.125,332.685,2026-09-11 19:44:22,2026-09-11 15:45:04
AAPL,AAPL261016C00235000,AAPL,2026-10-16,C,235.0,97.9,229.0,100.2,267.0,0.5623,280.0,0.0,0.994,0.0003,0.0175,-0.0104,0.2223,98.7532,0.0,0.0,0.0,0.0,down,81.3,2026-09-08T14:48:58,0.0,91.5499992370606,332.685,2026-09-11 19:44:22,2026-09-11 15:45:04
AAPL,AAPL261016C00240000,AAPL,2026-10-16,C,240.0,93.05,281.0,94.4,235.0,0.0,569.0,1.0,0.9928,0.0004,0.0208,-0.012,0.2267,93.7921,8.45,95.2,95.2,95.2,up,95.2,2026-09-11T10:38:49,9.74063,86.75,332.685,2026-09-11 19:44:22,2026-09-11 15:45:04
AAPL,AAPL261016C00245000,AAPL,2026-10-16,C,245.0,87.95,230.0,89.15,10.0,0.0,314.0,0.0,0.9913,0.0005,0.0247,-0.0138,0.231,88.8344,0.0,0.0,0.0,0.0,down,67.71,2026-09-09T14:14:56,0.0,81.2999992370606,332.685,2026-09-11 19:44:22,2026-09-11 15:45:04
AAPL,AAPL261016C00250000,AAPL,2026-10-16,C,250.0,83.3,272.0,84.2,46.0,0.3306,1396.0,23.0,0.9894,0.0006,0.0292,-0.0158,0.2352,83.881,9.08,83.7,85.85,83.2,up,85.78,2026-09-11T12:12:16,11.8383,76.7000007629394,332.685,2026-09-11 19:44:22,2026-09-11 15:45:04
AAPL,AAPL261016C00255000,AAPL,2026-10-16,C,255.0,78.0,300.0,80.0,320.0,0.4178,1010.0,90.0,0.9872,0.0008,0.0347,-0.0182,0.2392,78.9327,7.37,75.65,81.0,75.65,up,79.32,2026-09-11T14:12:52,10.2432,71.9500007629394,332.685,2026-09-11 19:44:22,2026-09-11 15:45:04
AAPL,AAPL261016C00260000,AAPL,2026-10-16,C,260.0,73.3,263.0,74.5,224.0,0.3562,1526.0,15.0,0.9844,0.001,0.0412,-0.0208,0.2431,73.9909,7.795,70.0,76.5,70.0,down,74.37,2026-09-11T14:36:59,11.7086,66.5750007629394,332.685,2026-09-11 19:44:22,2026-09-11 15:45:04
AAPL,AAPL261016C00265000,AAPL,2026-10-16,C,265.0,68.05,285.0,69.95,255.0,0.3552,904.0,4.0,0.9809,0.0012,0.049,-0.0239,0.2467,69.0575,8.16,65.0,70.56,65.0,up,70.56,2026-09-11T13:04:11,13.0769,62.3999996185303,332.685,2026-09-11 19:44:22,2026-09-11 15:45:04
AAPL,AAPL261016C00270000,AAPL,2026-10-16,C,270.0,63.85,69.0,65.3,427.0,0.4132,1429.0,10.0,0.9766,0.0015,0.0584,-0.0274,0.25,64.1353,6.65,62.28,65.77,62.28,down,64.05,2026-09-11T14:06:57,11.5854,57.4000015258789,332.685,2026-09-11 19:44:22,2026-09-11 15:45:04
AAPL,AAPL261016C00275000,AAPL,2026-10-16,C,275.0,58.25,460.0,59.8,336.0,0.301,1494.0,16.0,0.971,0.0019,0.0698,-0.0316,0.253,59.2284,8.315,60.38,62.0,60.38,down,60.39,2026-09-11T11:56:37,15.9674,52.0750007629394,332.685,2026-09-11 19:44:22,2026-09-11 15:45:04
AAPL,AAPL261016C00280000,AAPL,2026-10-16,C,280.0,53.85,352.0,54.8,311.0,0.3222,2268.0,79.0,0.9638,0.0024,0.084,-0.0366,0.2554,54.3436,7.105,54.94,57.39,54.15,up,54.38,2026-09-11T15:17:22,15.0291,47.2749996185303,332.685,2026-09-11 19:44:22,2026-09-11 15:45:04
AAPL,AAPL261016C00285000,AAPL,2026-10-16,C,285.0,48.9,393.0,49.85,228.0,0.2985,1829.0,33.0,0.9542,0.003,0.1015,-0.0426,0.2571,49.4908,6.27,48.91,52.01,48.91,down,49.12,2026-09-11T14:59:54,14.6324,42.8499984741211,332.685,2026-09-11 19:44:22,2026-09-11 15:45:04
AAPL,AAPL261016C00290000,AAPL,2026-10-16,C,290.0,43.8,443.0,44.9,76.0,0.2662,3638.0,184.0,0.9414,0.0038,0.1232,-0.0501,0.2576,44.6854,6.215,39.72,47.54,39.72,down,44.44,2026-09-11T15:00:04,16.259,38.2250003814697,332.685,2026-09-11 19:44:22,2026-09-11 15:45:04
AAPL,AAPL261016C00295000,AAPL,2026-10-16,C,295.0,39.65,297.0,40.05,85.0,0.2805,2024.0,43.0,0.9241,0.0048,0.1503,-0.0592,0.2566,39.9487,6.275,35.63,42.31,35.63,no_change,39.8,2026-09-11T15:25:33,18.7174,33.5249996185303,332.685,2026-09-11 19:44:22,2026-09-11 15:45:04
AAPL,AAPL261016C00300000,AAPL,2026-10-16,C,300.0,35.1,226.0,35.4,83.0,0.2756,15655.0,571.0,0.9009,0.006,0.1829,-0.0702,0.2537,35.3102,6.185,30.6,38.45,30.56,no_change,35.21,2026-09-11T15:25:33,21.3092,29.0249996185303,332.685,2026-09-11 19:44:22,2026-09-11 15:45:04
AAPL,AAPL261016C00305000,AAPL,2026-10-16,C,305.0,30.6,221.0,30.9,111.0,0.2674,6638.0,107.0,0.8704,0.0076,0.2208,-0.0828,0.2484,30.8079,5.845,26.08,33.95,26.08,up,30.72,2026-09-11T15:10:52,23.4975,24.875,332.685,2026-09-11 19:44:22,2026-09-11 15:45:04
AAPL,AAPL261016C00310000,AAPL,2026-10-16,C,310.0,26.25,254.0,26.6,48.0,0.2592,10358.0,316.0,0.831,0.0093,0.2626,-0.0966,0.24,26.4876,5.75,21.3,29.41,21.3,down,26.7,2026-09-11T14:42:26,27.4463,20.9499998092651,332.685,2026-09-11 19:44:22,2026-09-11 15:45:04
AAPL,AAPL261016C00315000,AAPL,2026-10-16,C,315.0,22.25,202.0,22.55,198.0,0.2546,10396.0,862.0,0.7818,0.0111,0.3059,-0.1107,0.2282,22.4013,5.2,18.5,25.41,18.5,no_change,22.5,2026-09-11T15:18:54,30.0578,17.3000001907349,332.685,2026-09-11 19:44:22,2026-09-11 15:45:04
AAPL,AAPL261016C00320000,AAPL,2026-10-16,C,320.0,18.4,338.0,18.75,166.0,0.2486,11896.0,1860.0,0.7228,0.0129,0.3467,-0.1236,0.213,18.6035,4.495,15.2,21.5,14.77,up,18.57,2026-09-11T15:26:30,31.9361,14.0749998092651,332.685,2026-09-11 19:44:22,2026-09-11 15:45:04
AAPL,AAPL261016C00325000,AAPL,2026-10-16,C,325.0,15.0,400.0,15.25,88.0,0.2453,10261.0,3457.0,0.6548,0.0145,0.3806,-0.134,0.1945,15.1464,3.825,12.2,17.8,12.01,down,15.1,2026-09-11T15:24:17,33.9246,11.2750000953674,332.685,2026-09-11 19:44:22,2026-09-11 15:45:04
AAPL,AAPL261016C00330000,AAPL,2026-10-16,C,330.0,12.05,117.0,12.15,67.0,0.2429,15785.0,4607.0,0.5797,0.0156,0.4032,-0.1402,0.1733,12.0733,3.325,9.5,14.7,9.41,no_change,12.1,2026-09-11T15:29:18,37.8917,8.77500009536743,332.685,2026-09-11 19:44:22,2026-09-11 15:45:04
AAPL,AAPL261016C00335000,AAPL,2026-10-16,C,335.0,9.4,75.0,9.5,270.0,0.2402,11135.0,4597.0,0.5005,0.0161,0.4113,-0.1414,0.1505,9.413,2.775,7.37,11.7,7.22,up,9.5,2026-09-11T15:29:12,41.2639,6.72500014305115,332.685,2026-09-11 19:44:22,2026-09-11 15:45:04
AAPL,AAPL261016C00340000,AAPL,2026-10-16,C,340.0,7.1,462.0,7.25,501.0,0.2371,106553.0,8842.0,0.4209,0.0159,0.4035,-0.1372,0.1271,7.1753,2.12,5.5,9.25,5.41,no_change,7.17,2026-09-11T15:29:11,41.9802,5.04999995231628,332.685,2026-09-11 19:44:22,2026-09-11 15:45:04
AAPL,AAPL261016C00345000,AAPL,2026-10-16,C,345.0,5.25,571.0,5.4,554.0,0.2348,25115.0,5744.0,0.3445,0.0151,0.3806,-0.1281,0.1044,5.3489,1.57,4.1,7.0,4.1,down,5.32,2026-09-11T15:29:11,41.8667,3.75,332.685,2026-09-11 19:44:22,2026-09-11 15:45:04
AAPL,AAPL261016C00350000,AAPL,2026-10-16,C,350.0,3.8,639.0,3.95,728.0,0.2336,17621.0,8808.0,0.2745,0.0137,0.3457,-0.1151,0.0834,3.9033,1.14,2.98,5.3,2.8,down,3.85,2026-09-11T15:27:38,42.0664,2.71000003814697,332.685,2026-09-11 19:44:22,2026-09-11 15:45:04
AAPL,AAPL261016C00355000,AAPL,2026-10-16,C,355.0,2.77,1.0,2.79,87.0,0.2336,7952.0,2111.0,0.2132,0.012,0.3029,-0.0998,0.0649,2.7933,0.825,2.12,3.85,2.0,no_change,2.76,2026-09-11T15:28:40,42.6357,1.93500000238419,332.685,2026-09-11 19:44:22,2026-09-11 15:45:04
AAPL,AAPL261016C00360000,AAPL,2026-10-16,C,360.0,1.94,233.0,1.97,104.0,0.2333,121770.0,10006.0,0.1618,0.0101,0.2567,-0.0838,0.0493,1.9652,0.565,1.54,2.87,1.32,up,1.94,2026-09-11T15:29:19,41.0909,1.375,332.685,2026-09-11 19:44:22,2026-09-11 15:45:04
AAPL,AAPL261016C00365000,AAPL,2026-10-16,C,365.0,1.34,223.0,1.39,379.0,0.2346,5866.0,1525.0,0.1203,0.0082,0.2112,-0.0683,0.0367,1.3636,0.36,1.04,2.06,1.0,no_change,1.36,2026-09-11T15:29:19,36.0,0.999999970197678,332.685,2026-09-11 19:44:22,2026-09-11 15:45:04
AAPL,AAPL261016C00370000,AAPL,2026-10-16,C,370.0,0.93,241.0,0.95,99.0,0.2361,8533.0,2081.0,0.0877,0.0065,0.169,-0.0542,0.0267,0.9338,0.24,0.76,1.45,0.76,up,0.94,2026-09-11T15:28:32,34.2857,0.700000017881394,332.685,2026-09-11 19:44:22,2026-09-11 15:45:04
AAPL,AAPL261016C00375000,AAPL,2026-10-16,C,375.0,0.64,154.0,0.66,76.0,0.2379,2192.0,1297.0,0.0634,0.005,0.1328,-0.0423,0.0193,0.6382,0.14,0.67,1.04,0.58,down,0.64,2026-09-11T15:16:11,28.0,0.499999985098839,332.685,2026-09-11 19:44:22,2026-09-11 15:45:04
AAPL,AAPL261016C00380000,AAPL,2026-10-16,C,380.0,0.43,187.0,0.45,93.0,0.2401,4647.0,566.0,0.0453,0.0038,0.1025,-0.0325,0.0138,0.4338,0.085,0.48,0.74,0.43,up,0.44,2026-09-11T15:23:45,23.9437,0.355000004172325,332.685,2026-09-11 19:44:22,2026-09-11 15:45:04
AAPL,AAPL261016C00385000,AAPL,2026-10-16,C,385.0,0.28,461.0,0.32,382.0,0.2423,630.0,183.0,0.0326,0.0029,0.0791,-0.025,0.0099,0.3005,0.01,0.3,0.49,0.27,down,0.27,2026-09-11T15:15:46,3.84615,0.260000005364418,332.685,2026-09-11 19:44:22,2026-09-11 15:45:04
AAPL,AAPL261016C00390000,AAPL,2026-10-16,C,390.0,0.2,5.0,0.23,553.0,0.247,9304.0,1074.0,0.0233,0.0022,0.0602,-0.019,0.007,0.2067,0.04,0.2,0.36,0.2,down,0.23,2026-09-11T13:36:14,21.0526,0.190000005066395,332.685,2026-09-11 19:44:22,2026-09-11 15:45:04
AAPL,AAPL261016C00395000,AAPL,2026-10-16,C,395.0,0.14,113.0,0.15,212.0,0.2493,607.0,38.0,0.017,0.0016,0.0463,-0.0146,0.0051,0.1463,0.005,0.18,0.25,0.14,no_change,0.15,2026-09-11T15:06:39,3.44827,0.145000003278255,332.685,2026-09-11 19:44:22,2026-09-11 15:45:04
AAPL,AAPL261016C00400000,AAPL,2026-10-16,C,400.0,0.09,191.0,0.1,1.0,0.2507,9381.0,1127.0,0.0126,0.0012,0.0359,-0.0114,0.0038,0.1061,-0.015,0.1,0.17,0.07,down,0.1,2026-09-11T14:55:52,-13.0435,0.114999998360872,332.685,2026-09-11 19:44:22,2026-09-11 15:45:04
AAPL,AAPL261016C00405000,AAPL,2026-10-16,C,405.0,0.05,360.0,0.1,478.0,0.2578,80.0,0.0,0.0094,0.0009,0.0282,-0.009,0.0028,0.0787,0.0,0.0,0.0,0.0,no_change,0.08,2026-09-10T15:20:48,0.0,0.0749999992549419,332.685,2026-09-11 19:44:22,2026-09-11 15:45:04
AAPL,AAPL261016C00410000,AAPL,2026-10-16,C,410.0,0.02,447.0,0.06,263.0,0.2536,3024.0,18.0,0.0073,0.0007,0.0226,-0.0074,0.0022,0.0608,-0.02,0.09,0.09,0.06,no_change,0.06,2026-09-11T15:28:18,-25.0,0.0799999982118606,332.685,2026-09-11 19:44:22,2026-09-11 15:45:04
AAPL,AAPL261016C00415000,AAPL,2026-10-16,C,415.0,0.01,405.0,0.11,593.0,0.2788,62.0,0.0,0.0059,0.0006,0.0186,-0.0062,0.0018,0.0485,0.0,0.0,0.0,0.0,no_change,0.04,2026-09-10T10:30:14,0.0,0.0699999993667006,332.685,2026-09-11 19:44:22,2026-09-11 15:45:04
AAPL,AAPL261016C00420000,AAPL,2026-10-16,C,420.0,0.03,2.0,0.05,485.0,0.2798,443.0,8.0,0.0048,0.0005,0.0156,-0.0053,0.0014,0.0401,-0.03,0.05,0.05,0.03,up,0.04,2026-09-11T13:09:42,-42.8571,0.0700000002980232,332.685,2026-09-11 19:44:22,2026-09-11 15:45:04
AAPL,AAPL261016C00425000,AAPL,2026-10-16,C,425.0,0.01,81.0,0.11,577.0,0.3054,80.0,0.0,0.004,0.0004,0.0134,-0.0046,0.0012,0.034,0.0,0.0,0.0,0.0,no_change,0.07,2026-09-10T15:20:37,0.0,0.0400000000372529,332.685,2026-09-11 19:44:22,2026-09-11 15:45:04
AAPL,AAPL261016C00430000,AAPL,2026-10-16,C,430.0,0.01,75.0,0.08,544.0,0.3088,817.0,1.0,0.0035,0.0003,0.0117,-0.0042,0.001,0.0296,0.05,0.09,0.09,0.09,up,0.09,2026-09-11T12:33:09,125.0,0.0400000000372529,332.685,2026-09-11 19:44:22,2026-09-11 15:45:04
AAPL,AAPL261016C00435000,AAPL,2026-10-16,C,435.0,0.01,39.0,0.05,421.0,0.3086,2044.0,2.0,0.003,0.0003,0.0103,-0.0038,0.0009,0.0262,-0.055,0.06,0.06,0.06,down,0.06,2026-09-11T12:52:10,-47.8261,0.114999996498227,332.685,2026-09-11 19:44:22,2026-09-11 15:45:04
AAPL,AAPL261016C00440000,AAPL,2026-10-16,C,440.0,0.01,26.0,0.09,515.0,0.3372,358.0,5.0,0.0027,0.0002,0.0093,-0.0035,0.0008,0.0236,-0.015,0.08,0.08,0.03,down,0.03,2026-09-11T12:51:56,-33.3333,0.0449999999254942,332.685,2026-09-11 19:44:22,2026-09-11 15:45:04
AAPL,AAPL261016C00450000,AAPL,2026-10-16,C,450.0,0.01,51.0,0.03,11.0,0.3313,3335.0,7.0,0.0022,0.0002,0.0077,-0.003,0.0006,0.0198,0.0,0.01,0.02,0.01,up,0.02,2026-09-11T12:51:12,2.23517e-06,0.0199999995529652,332.685,2026-09-11 19:44:22,2026-09-11 15:45:04
AAPL,AAPL261016C00460000,AAPL,2026-10-16,C,460.0,0.0,0.0,0.05,21.0,0.3604,1047.0,5.0,0.0018,0.0002,0.0064,-0.0027,0.0005,0.017,0.005,0.02,0.04,0.02,up,0.04,2026-09-11T11:11:41,14.2857,0.0350000001490116,332.685,2026-09-11 19:44:22,2026-09-11 15:45:04
AAPL,AAPL261016C00470000,AAPL,2026-10-16,C,470.0,0.01,1.0,0.06,476.0,0.394,159.0,15.0,0.0015,0.0001,0.0055,-0.0024,0.0004,0.0148,-0.215,0.02,0.11,0.02,no_change,0.03,2026-09-11T13:55:51,-87.7551,0.245000004768372,332.685,2026-09-11 19:44:22,2026-09-11 15:45:04
AAPL,AAPL261016C00480000,AAPL,2026-10-16,C,480.0,0.0,0.0,0.04,1.0,0.3952,157.0,0.0,0.0013,0.0001,0.0048,-0.0022,0.0004,0.013,0.0,0.0,0.0,0.0,no_change,0.03,2026-09-09T10:24:08,0.0,0.025000000372529,332.685,2026-09-11 19:44:22,2026-09-11 15:45:04
AAPL,AAPL261016C00490000,AAPL,2026-10-16,C,490.0,0.0,0.0,0.1,5.0,0.4516,81.0,0.0,0.0011,0.0001,0.0041,-0.0019,0.0003,0.0115,0.0,0.0,0.0,0.0,down,0.01,2026-09-09T09:52:11,0.0,0.0450000017881393,332.685,2026-09-11 19:44:22,2026-09-11 15:45:04
AAPL,AAPL261016C00500000,AAPL,2026-10-16,C,500.0,0.0,0.0,0.06,7.0,0.4506,171.0,0.0,0.001,0.0001,0.0036,-0.0018,0.0003,0.0102,0.0,0.0,0.0,0.0,up,0.07,2026-09-02T10:24:36,0.0,0.0750000029802322,332.685,2026-09-11 19:44:22,2026-09-11 15:45:04
AAPL,AAPL261016C00510000,AAPL,2026-10-16,C,510.0,0.0,0.0,0.51,331.0,0.5898,11.0,0.0,0.0008,0.0001,0.0032,-0.0016,0.0002,0.0091,0.0,0.0,0.0,0.0,down,0.1,2026-08-04T13:46:12,0.0,0.259999990463257,332.685,2026-09-11 19:44:22,2026-09-11 15:45:04
AAPL,AAPL261016C00520000,AAPL,2026-10-16,C,520.0,0.0,0.0,0.51,342.0,0.6127,4.0,0.0,0.0008,0.0001,0.0028,-0.0015,0.0002,0.0081,0.0,0.0,0.0,0.0,no_change,0.03,2026-08-19T11:26:47,0.0,0.259999990463257,332.685,2026-09-11 19:44:22,2026-09-11 15:45:04
AAPL,AAPL261016C00530000,AAPL,2026-10-16,C,530.0,0.0,0.0,0.51,340.0,0.635,4.0,0.0,0.0006,0.0,0.0025,-0.0013,0.0002,0.0072,0.0,0.0,0.0,0.0,down,0.03,2026-08-19T11:26:52,0.0,0.259999990463257,332.685,2026-09-11 19:44:22,2026-09-11 15:45:04
AAPL,AAPL261016C00540000,AAPL,2026-10-16,C,540.0,0.0,0.0,0.72,336.0,0.6861,8.0,0.0,0.0006,0.0,0.0022,-0.0012,0.0002,0.0064,0.0,0.0,0.0,0.0,no_change,0.04,2026-07-30T15:22:01,0.0,0.259999990463257,332.685,2026-09-11 19:44:22,2026-09-11 15:45:04
AAPL,AAPL261016C00550000,AAPL,2026-10-16,C,550.0,0.0,0.0,1.98,343.0,0.8193,12.0,0.0,0.0005,0.0,0.0019,-0.0011,0.0001,0.0058,0.0,0.0,0.0,0.0,down,0.03,2026-08-19T11:26:59,0.0,0.259999990463257,332.685,2026-09-11 19:44:22,2026-09-11 15:45:04
AAPL,AAPL261016C00560000,AAPL,2026-10-16,C,560.0,0.0,0.0,2.12,348.0,0.8522,5.0,0.0,0.0004,0.0,0.0017,-0.001,0.0001,0.0051,0.0,0.0,0.0,0.0,down,0.03,2026-08-19T11:27:05,0.0,0.259999990463257,332.685,2026-09-11 19:44:22,2026-09-11 15:45:04
AAPL,AAPL261016C00570000,AAPL,2026-10-16,C,570.0,0.0,0.0,1.56,338.0,0.835,14.0,0.0,0.0004,0.0,0.0015,-0.0009,0.0001,0.0046,0.0,0.0,0.0,0.0,down,0.03,2026-07-28T14:24:12,0.0,0.259999990463257,332.685,2026-09-11 19:44:22,2026-09-11 15:45:04
AAPL,AAPL261016C00580000,AAPL,2026-10-16,C,580.0,0.0,0.0,0.51,344.0,0.7388,35.0,0.0,0.0004,0.0,0.0014,-0.0008,0.0001,0.0041,0.0,0.0,0.0,0.0,no_change,0.03,2026-08-19T11:27:10,0.0,0.370000004768372,332.685,2026-09-11 19:44:22,2026-09-11 15:45:04
AAPL,AAPL261016C00590000,AAPL,2026-10-16,C,590.0,0.0,0.0,0.01,1.0,0.5351,104.0,3.0,0.0003,0.0,0.0012,-0.0008,0.0001,0.0037,0.005,0.01,0.01,0.01,no_change,0.01,2026-09-11T12:18:34,100.0,0.00499999988824129,332.685,2026-09-11 19:44:22,2026-09-11 15:45:04
AAPL,AAPL261016C00600000,AAPL,2026-10-16,C,600.0,0.0,0.0,0.05,1.0,0.619,72.0,0.0,0.0003,0.0,0.0011,-0.0007,0.0001,0.0033,0.0,0.0,0.0,0.0,down,0.01,2026-08-31T14:10:38,0.0,0.025000000372529,332.685,2026-09-11 19:44:22,2026-09-11 15:45:04
AAPL,AAPL261016P00130000,AAPL,2026-10-16,P,130.0,0.0,0.0,0.49,410.0,1.2915,66.0,0.0,-0.0001,0.0,0.0002,-0.0002,0.0,0.0011,0.0,0.0,0.0,0.0,no_change,0.02,2026-08-11T09:49:18,0.0,0.259999990463257,332.685,2026-09-11 19:44:22,2026-09-11 15:45:04
AAPL,AAPL261016P00135000,AAPL,2026-10-16,P,135.0,0.0,0.0,0.19,322.0,1.1157,70.0,0.0,-0.0001,0.0,0.0003,-0.0003,0.0,0.0014,0.0,0.0,0.0,0.0,up,0.05,2026-07-16T13:24:05,0.0,0.254999995231628,332.685,2026-09-11 19:44:22,2026-09-11 15:45:04
AAPL,AAPL261016P00140000,AAPL,2026-10-16,P,140.0,0.0,0.0,0.06,11.0,0.9606,618.0,0.0,-0.0001,0.0,0.0004,-0.0004,0.0,0.0019,0.0,0.0,0.0,0.0,no_change,0.01,2026-09-09T11:36:41,0.0,0.0299999993294477,332.685,2026-09-11 19:44:22,2026-09-11 15:45:04
AAPL,AAPL261016P00145000,AAPL,2026-10-16,P,145.0,0.0,0.0,0.04,10.0,0.892,395.0,0.0,-0.0001,0.0,0.0005,-0.0005,0.0,0.0024,0.0,0.0,0.0,0.0,no_change,0.03,2026-09-08T12:53:46,0.0,0.0199999995529652,332.685,2026-09-11 19:44:22,2026-09-11 15:45:04
AAPL,AAPL261016P00150000,AAPL,2026-10-16,P,150.0,0.0,0.0,0.05,1.0,0.874,400.0,0.0,-0.0002,0.0,0.0007,-0.0006,0.0,0.0031,0.0,0.0,0.0,0.0,up,0.02,2026-09-04T11:43:40,0.0,0.025000000372529,332.685,2026-09-11 19:44:22,2026-09-11 15:45:04
AAPL,AAPL261016P00155000,AAPL,2026-10-16,P,155.0,0.0,0.0,0.01,2.0,0.7408,170.0,0.0,-0.0002,0.0,0.0008,-0.0008,-0.0001,0.0039,0.0,0.0,0.0,0.0,no_change,0.01,2026-09-09T11:22:45,0.0,0.00499999988824129,332.685,2026-09-11 19:44:22,2026-09-11 15:45:04
AAPL,AAPL261016P00160000,AAPL,2026-10-16,P,160.0,0.0,0.0,0.01,5.0,0.7115,260.0,2.0,-0.0003,0.0,0.0011,-0.0009,-0.0001,0.0049,0.005,0.01,0.01,0.01,no_change,0.01,2026-09-11T10:54:36,100.0,0.00499999988824129,332.685,2026-09-11 19:44:22,2026-09-11 15:45:04
AAPL,AAPL261016P00165000,AAPL,2026-10-16,P,165.0,0.0,0.0,0.12,141.0,0.8411,230.0,0.0,-0.0004,0.0,0.0013,-0.0011,-0.0001,0.0061,0.0,0.0,0.0,0.0,up,0.15,2026-09-08T12:43:48,0.0,0.245000004768372,332.685,2026-09-11 19:44:22,2026-09-11 15:45:04
AAPL,AAPL261016P00170000,AAPL,2026-10-16,P,170.0,0.0,0.0,0.03,1.0,0.7126,308.0,0.0,-0.0004,0.0,0.0016,-0.0014,-0.0001,0.0076,0.0,0.0,0.0,0.0,up,0.09,2026-09-03T09:47:13,0.0,0.150000005960464,332.685,2026-09-11 19:44:22,2026-09-11 15:45:04
AAPL,AAPL261016P00175000,AAPL,2026-10-16,P,175.0,0.0,0.0,0.08,10.0,0.7453,623.0,0.0,-0.0005,0.0,0.002,-0.0016,-0.0002,0.0094,0.0,0.0,0.0,0.0,down,0.02,2026-09-08T10:35:20,0.0,0.0399999991059303,332.685,2026-09-11 19:44:22,2026-09-11 15:45:04
AAPL,AAPL261016P00180000,AAPL,2026-10-16,P,180.0,0.0,0.0,0.08,10.0,0.7148,429.0,0.0,-0.0007,0.0,0.0024,-0.0019,-0.0002,0.0115,0.0,0.0,0.0,0.0,no_change,0.03,2026-09-08T10:35:20,0.0,0.0399999991059303,332.685,2026-09-11 19:44:22,2026-09-11 15:45:04
AAPL,AAPL261016P00185000,AAPL,2026-10-16,P,185.0,0.0,0.0,0.37,432.0,0.8087,872.0,0.0,-0.0008,0.0,0.003,-0.0023,-0.0002,0.014,0.0,0.0,0.0,0.0,down,0.02,2026-09-04T13:47:15,0.0,0.0900000035762787,332.685,2026-09-11 19:44:22,2026-09-11 15:45:04
AAPL,AAPL261016P00190000,AAPL,2026-10-16,P,190.0,0.0,0.0,0.17,275.0,0.7083,1614.0,0.0,-0.001,0.0,0.0036,-0.0027,-0.0003,0.017,0.0,0.0,0.0,0.0,no_change,0.04,2026-09-09T11:24:49,0.0,0.0850000008940697,332.685,2026-09-11 19:44:22,2026-09-11 15:45:04
AAPL,AAPL261016P00195000,AAPL,2026-10-16,P,195.0,0.0,0.0,0.1,10.0,0.6417,342.0,0.0,-0.0012,0.0001,0.0043,-0.0032,-0.0004,0.0206,0.0,0.0,0.0,0.0,up,0.13,2026-09-10T09:44:35,0.0,0.0500000007450581,332.685,2026-09-11 19:44:22,2026-09-11 15:45:04
AAPL,AAPL261016P00200000,AAPL,2026-10-16,P,200.0,0.0,0.0,0.04,1.0,0.5632,1147.0,4.0,-0.0015,0.0001,0.0052,-0.0037,-0.0005,0.0248,-0.01,0.03,0.04,0.02,down,0.02,2026-09-11T13:41:23,-33.3333,0.0300000002607703,332.685,2026-09-11 19:44:22,2026-09-11 15:45:04
AAPL,AAPL261016P00205000,AAPL,2026-10-16,P,205.0,0.02,2.0,0.05,354.0,0.5661,1855.0,6.0,-0.0018,0.0001,0.0062,-0.0044,-0.0006,0.0299,0.005,0.1,0.1,0.04,no_change,0.04,2026-09-11T12:09:02,14.2857,0.034999999217689,332.685,2026-09-11 19:44:22,2026-09-11 15:45:04
AAPL,AAPL261016P00210000,AAPL,2026-10-16,P,210.0,0.02,24.0,0.1,519.0,0.57,3203.0,6.0,-0.0022,0.0001,0.0074,-0.0051,-0.0007,0.0359,-0.005,0.05,0.08,0.05,down,0.05,2026-09-11T12:50:49,-9.09091,0.0550000006332994,332.685,2026-09-11 19:44:22,2026-09-11 15:45:04
AAPL,AAPL261016P00215000,AAPL,2026-10-16,P,215.0,0.04,1.0,0.17,634.0,0.578,3283.0,56.0,-0.0027,0.0001,0.0088,-0.0059,-0.0008,0.043,-0.02,0.04,0.04,0.04,no_change,0.04,2026-09-11T10:56:00,-33.3333,0.0599999995902181,332.685,2026-09-11 19:44:22,2026-09-11 15:45:04
AAPL,AAPL261016P00220000,AAPL,2026-10-16,P,220.0,0.03,48.0,0.08,466.0,0.5127,3300.0,106.0,-0.0033,0.0002,0.0104,-0.0068,-0.001,0.0512,-0.005,0.04,0.07,0.04,down,0.05,2026-09-11T12:53:36,-9.09091,0.0549999987706542,332.685,2026-09-11 19:44:22,2026-09-11 15:45:04
AAPL,AAPL261016P00225000,AAPL,2026-10-16,P,225.0,0.05,51.0,0.06,97.0,0.4874,2025.0,48.0,-0.0039,0.0002,0.0124,-0.0078,-0.0012,0.0612,-0.015,0.07,0.07,0.05,up,0.06,2026-09-11T14:49:49,-20.0,0.0750000011175871,332.685,2026-09-11 19:44:22,2026-09-11 15:45:04
AAPL,AAPL261016P00230000,AAPL,2026-10-16,P,230.0,0.04,339.0,0.1,456.0,0.4745,4296.0,21.0,-0.0048,0.0003,0.0148,-0.0091,-0.0015,0.0737,-0.03,0.07,0.07,0.06,no_change,0.06,2026-09-11T15:28:23,-33.3333,0.0899999998509884,332.685,2026-09-11 19:44:22,2026-09-11 15:45:04
AAPL,AAPL261016P00235000,AAPL,2026-10-16,P,235.0,0.06,11.0,0.12,349.0,0.4629,6538.0,27.0,-0.0058,0.0004,0.0176,-0.0105,-0.0018,0.0879,-0.02,0.09,0.09,0.09,down,0.09,2026-09-11T14:31:59,-18.1818,0.109999999403954,332.685,2026-09-11 19:44:22,2026-09-11 15:45:04
AAPL,AAPL261016P00240000,AAPL,2026-10-16,P,240.0,0.09,23.0,0.11,98.0,0.4403,6518.0,30.0,-0.007,0.0004,0.0208,-0.012,-0.0021,0.105,-0.045,0.09,0.11,0.08,no_change,0.1,2026-09-11T15:18:06,-31.0345,0.144999995827675,332.685,2026-09-11 19:44:22,2026-09-11 15:45:04
AAPL,AAPL261016P00245000,AAPL,2026-10-16,P,245.0,0.08,283.0,0.16,412.0,0.4278,4903.0,23.0,-0.0086,0.0005,0.0247,-0.0139,-0.0026,0.1258,-0.03,0.11,0.14,0.11,no_change,0.12,2026-09-11T14:51:20,-20.0,0.149999998509884,332.685,2026-09-11 19:44:22,2026-09-11 15:45:04
AAPL,AAPL261016P00250000,AAPL,2026-10-16,P,250.0,0.13,133.0,0.16,274.0,0.4163,5553.0,648.0,-0.0104,0.0006,0.0295,-0.0159,-0.0032,0.1507,-0.06,0.19,0.19,0.13,up,0.15,2026-09-11T15:29:04,-28.5714,0.21000000089407,332.685,2026-09-11 19:44:22,2026-09-11 15:45:04
AAPL,AAPL261016P00255000,AAPL,2026-10-16,P,255.0,0.15,211.0,0.2,459.0,0.3975,5408.0,253.0,-0.0127,0.0008,0.0348,-0.0183,-0.0038,0.181,-0.08,0.23,0.25,0.18,no_change,0.18,2026-09-11T11:42:13,-30.7692,0.260000005364418,332.685,2026-09-11 19:44:22,2026-09-11 15:45:04
AAPL,AAPL261016P00260000,AAPL,2026-10-16,P,260.0,0.21,59.0,0.23,217.0,0.3841,6187.0,433.0,-0.0155,0.001,0.0414,-0.0209,-0.0047,0.2171,-0.09,0.29,0.31,0.21,no_change,0.23,2026-09-11T15:12:20,-28.125,0.320000007748604,332.685,2026-09-11 19:44:22,2026-09-11 15:45:04
AAPL,AAPL261016P00265000,AAPL,2026-10-16,P,265.0,0.23,281.0,0.29,303.0,0.3676,3135.0,338.0,-0.019,0.0012,0.0492,-0.024,-0.0057,0.2623,-0.12,0.32,0.32,0.26,down,0.27,2026-09-11T12:36:05,-30.7692,0.390000000596046,332.685,2026-09-11 19:44:22,2026-09-11 15:45:04
AAPL,AAPL261016P00270000,AAPL,2026-10-16,P,270.0,0.31,151.0,0.33,1.0,0.3533,8689.0,471.0,-0.0234,0.0015,0.0587,-0.0276,-0.0071,0.3187,-0.145,0.41,0.41,0.3,down,0.33,2026-09-11T15:29:14,-30.5263,0.475000008940697,332.685,2026-09-11 19:44:22,2026-09-11 15:45:04
AAPL,AAPL261016P00275000,AAPL,2026-10-16,P,275.0,0.38,173.0,0.41,148.0,0.3389,5171.0,351.0,-0.029,0.0019,0.0702,-0.0318,-0.0087,0.3909,-0.2,0.51,0.51,0.38,no_change,0.39,2026-09-11T15:25:54,-33.8983,0.590000003576279,332.685,2026-09-11 19:44:22,2026-09-11 15:45:04
AAPL,AAPL261016P00280000,AAPL,2026-10-16,P,280.0,0.48,56.0,0.5,80.0,0.3249,14716.0,1155.0,-0.0363,0.0024,0.0847,-0.0369,-0.011,0.4857,-0.255,0.68,0.7,0.46,no_change,0.49,2026-09-11T15:29:21,-34.2282,0.745000004768372,332.685,2026-09-11 19:44:22,2026-09-11 15:45:04
AAPL,AAPL261016P00285000,AAPL,2026-10-16,P,285.0,0.61,41.0,0.63,77.0,0.3114,8223.0,1811.0,-0.0459,0.003,0.1019,-0.043,-0.0137,0.6121,-0.32,0.86,0.86,0.58,no_change,0.64,2026-09-11T15:23:38,-33.3333,0.96000000834465,332.685,2026-09-11 19:44:22,2026-09-11 15:45:04
AAPL,AAPL261016P00290000,AAPL,2026-10-16,P,290.0,0.78,74.0,0.8,84.0,0.2985,10838.0,1801.0,-0.059,0.0038,0.1243,-0.0506,-0.0176,0.787,-0.45,1.11,1.13,0.74,no_change,0.8,2026-09-11T15:28:55,-36.0,1.25,332.685,2026-09-11 19:44:22,2026-09-11 15:45:04
AAPL,AAPL261016P00295000,AAPL,2026-10-16,P,295.0,1.02,61.0,1.04,95.0,0.2871,10465.0,1772.0,-0.0767,0.0048,0.1521,-0.06,-0.0228,1.0353,-0.64,1.45,1.53,0.95,no_change,1.04,2026-09-11T15:28:49,-38.0952,1.68000000715256,332.685,2026-09-11 19:44:22,2026-09-11 15:45:04
AAPL,AAPL261016P00300000,AAPL,2026-10-16,P,300.0,1.37,24.0,1.38,66.0,0.2773,24425.0,3262.0,-0.1,0.0061,0.1839,-0.071,-0.0295,1.376,-0.905,2.0,2.1,1.25,down,1.37,2026-09-11T15:29:05,-39.7802,2.27499997615814,332.685,2026-09-11 19:44:22,2026-09-11 15:45:04
AAPL,AAPL261016P00305000,AAPL,2026-10-16,P,305.0,1.83,145.0,1.89,388.0,0.2689,10396.0,2367.0,-0.1313,0.0077,0.2223,-0.0839,-0.0384,1.862,-1.215,2.7,2.87,1.66,down,1.86,2026-09-11T15:29:19,-39.5122,3.07499992847443,332.685,2026-09-11 19:44:22,2026-09-11 15:45:04
AAPL,AAPL261016P00310000,AAPL,2026-10-16,P,310.0,2.49,292.0,2.55,77.0,0.2616,9055.0,6186.0,-0.1708,0.0094,0.2639,-0.0979,-0.0493,2.5214,-1.615,3.6,3.87,2.25,down,2.51,2026-09-11T15:29:19,-39.1515,4.125,332.685,2026-09-11 19:44:22,2026-09-11 15:45:04
AAPL,AAPL261016P00315000,AAPL,2026-10-16,P,315.0,3.4,187.0,3.5,477.0,0.2562,7212.0,1527.0,-0.2207,0.0113,0.3073,-0.1123,-0.0629,3.4249,-2.125,4.75,4.75,3.05,up,3.45,2026-09-11T15:29:14,-38.1166,5.57500004768372,332.685,2026-09-11 19:44:22,2026-09-11 15:45:04
AAPL,AAPL261016P00320000,AAPL,2026-10-16,P,320.0,4.6,269.0,4.7,373.0,0.251,10793.0,3820.0,-0.2807,0.0132,0.3481,-0.1257,-0.0788,4.6216,-2.64,6.34,6.55,4.05,up,4.66,2026-09-11T15:29:21,-36.1644,7.29999995231628,332.685,2026-09-11 19:44:22,2026-09-11 15:45:04
AAPL,AAPL261016P00325000,AAPL,2026-10-16,P,325.0,6.15,69.0,6.25,411.0,0.2468,2508.0,1316.0,-0.3501,0.0148,0.3816,-0.1366,-0.0959,6.1651,-3.315,8.05,8.8,5.5,no_change,6.21,2026-09-11T15:21:54,-34.8032,9.52500009536743,332.685,2026-09-11 19:44:22,2026-09-11 15:45:04
AAPL,AAPL261016P00330000,AAPL,2026-10-16,P,330.0,8.1,38.0,8.2,399.0,0.2435,2944.0,4520.0,-0.4269,0.016,0.4034,-0.1435,-0.1127,8.1006,-3.825,10.6,10.9,7.25,no_change,8.15,2026-09-11T15:26:50,-31.9415,11.9749999046326,332.685,2026-09-11 19:44:22,2026-09-11 15:45:04
AAPL,AAPL261016P00335000,AAPL,2026-10-16,P,335.0,10.4,215.0,10.55,347.0,0.2397,1189.0,1763.0,-0.5083,0.0166,0.4096,-0.1454,-0.1278,10.4596,-4.47,13.5,13.5,9.3,up,10.53,2026-09-11T15:22:20,-29.8,15.0,332.685,2026-09-11 19:44:22,2026-09-11 15:45:04
AAPL,AAPL261016P00340000,AAPL,2026-10-16,P,340.0,13.2,19.0,13.45,593.0,0.2382,731.0,2618.0,-0.5905,0.0165,0.398,-0.1419,-0.1412,13.2554,-5.025,13.9,14.2,11.85,down,13.35,2026-09-11T15:13:16,-27.3469,18.375,332.685,2026-09-11 19:44:22,2026-09-11 15:45:04
AAPL,AAPL261016P00345000,AAPL,2026-10-16,P,345.0,16.35,56.0,16.65,355.0,0.2361,579.0,144.0,-0.67,0.0158,0.3711,-0.1335,-0.149,16.476,-5.525,16.47,17.35,14.9,no_change,16.55,2026-09-11T14:20:03,-25.0283,22.0749998092651,332.685,2026-09-11 19:44:22,2026-09-11 15:45:04
AAPL,AAPL261016P00350000,AAPL,2026-10-16,P,350.0,19.75,350.0,20.45,377.0,0.2346,1352.0,110.0,-0.7435,0.0145,0.3305,-0.1215,-0.1497,20.0928,-6.0,24.45,24.45,18.0,up,20.25,2026-09-11T14:48:50,-22.8571,26.25,332.685,2026-09-11 19:44:22,2026-09-11 15:45:04
AAPL,AAPL261016P00355000,AAPL,2026-10-16,P,355.0,23.55,453.0,24.4,289.0,0.2307,42.0,1.0,-0.8088,0.0129,0.2802,-0.1072,-0.1443,24.0623,-7.725,22.9,22.9,22.9,down,22.9,2026-09-11T10:44:44,-25.2245,30.625,332.685,2026-09-11 19:44:22,2026-09-11 15:45:04
AAPL,AAPL261016P00360000,AAPL,2026-10-16,P,360.0,27.85,459.0,28.7,300.0,0.2313,44.0,15.0,-0.8646,0.0111,0.2248,-0.0922,-0.1276,28.3321,-6.75,26.2,28.45,26.2,down,28.4,2026-09-11T15:03:55,-19.2034,35.1499996185303,332.685,2026-09-11 19:44:22,2026-09-11 15:45:04
AAPL,AAPL261016P00365000,AAPL,2026-10-16,P,365.0,32.25,231.0,33.25,78.0,0.228,0.0,1.0,-0.9105,0.0092,0.1678,-0.0774,-0.102,32.8473,-9.52,30.33,30.33,30.33,down,30.33,2026-09-11T11:13:39,-23.8896,39.8500003814697,332.685,2026-09-11 19:44:22,2026-09-11 15:45:04
AAPL,AAPL261016P00370000,AAPL,2026-10-16,P,370.0,36.85,140.0,38.4,161.0,0.2421,1.0,0.0,-0.9461,0.0071,0.1142,-0.0615,-0.0716,37.553,0.0,0.0,0.0,0.0,down,50.6,2026-09-10T12:00:31,0.0,44.7249984741211,332.685,2026-09-11 19:44:22,2026-09-11 15:45:04
AAPL,AAPL261016P00375000,AAPL,2026-10-16,P,375.0,41.85,190.0,43.1,205.0,0.2487,0.0,40.0,-0.9713,0.0049,0.0688,-0.0422,-0.0444,42.3953,-7.69,41.25,41.76,41.25,no_change,41.76,2026-09-11T13:41:04,-15.5511,49.4500007629394,332.685,2026-09-11 19:44:22,2026-09-11 15:45:04
AAPL,AAPL261016P00380000,AAPL,2026-10-16,P,380.0,46.1,114.0,48.05,104.0,0.0,0.0,0.0,-0.9868,0.0028,0.0346,-0.0222,-0.0221,47.3235,0.0,0.0,0.0,0.0,up,48.75,2026-07-30T10:10:28,0.0,54.4249992370606,332.685,2026-09-11 19:44:22,2026-09-11 15:45:04
AAPL,AAPL261016P00385000,AAPL,2026-10-16,P,385.0,50.75,97.0,53.85,97.0,0.2446,0.0,0.0,-0.9946,0.0014,0.0134,-0.0087,-0.0096,52.2968,0.0,0.0,0.0,0.0,no_change,0.0,,0.0,59.4249992370606,332.685,2026-09-11 19:44:22,2026-09-11 15:45:04
AAPL,AAPL261016P00390000,AAPL,2026-10-16,P,390.0,55.5,140.0,59.15,139.0,0.2771,0.0,0.0,-0.9981,0.0006,0.0045,-0.0026,-0.0022,57.2879,0.0,0.0,0.0,0.0,down,53.15,2026-07-28T15:55:59,0.0,64.5250015258789,332.685,2026-09-11 19:44:22,2026-09-11 15:45:04
AAPL,AAPL261016P00395000,AAPL,2026-10-16,P,395.0,60.9,142.0,63.85,143.0,0.3107,0.0,0.0,-0.9995,0.0002,0.0018,-0.0004,-0.0003,62.2854,0.0,0.0,0.0,0.0,down,78.23,2026-08-20T10:52:03,0.0,69.4500007629394,332.685,2026-09-11 19:44:22,2026-09-11 15:45:04
AAPL,AAPL261016P00400000,AAPL,2026-10-16,P,400.0,65.9,100.0,68.85,99.0,0.3289,0.0,0.0,-0.9998,0.0,0.0003,-0.0001,-0.0002,67.2851,0.0,0.0,0.0,0.0,up,71.0,2026-09-03T12:56:49,0.0,74.4750022888184,332.685,2026-09-11 19:44:22,2026-09-11 15:45:04
AAPL,AAPL261016P00405000,AAPL,2026-10-16,P,405.0,71.1,111.0,73.85,112.0,0.3675,0.0,0.0,-1.0,0.0,0.0001,0.0,0.0,72.285,0.0,0.0,0.0,0.0,up,80.2,2026-07-22T14:51:37,0.0,79.5500030517578,332.685,2026-09-11 19:44:22,2026-09-11 15:45:04
AAPL,AAPL261016P00410000,AAPL,2026-10-16,P,410.0,76.1,110.0,78.1,109.0,0.0,1.0,0.0,-1.0,0.0,0.0,0.0,0.0,77.285,0.0,0.0,0.0,0.0,up,108.52,2026-08-12T15:46:25,0.0,84.2250022888184,332.685,2026-09-11 19:44:22,2026-09-11 15:45:04
AAPL,AAPL261016P00415000,AAPL,2026-10-16,P,415.0,80.75,97.0,83.85,95.0,0.3447,0.0,0.0,-1.0,0.0,0.0,0.0,0.0,82.285,0.0,0.0,0.0,0.0,up,113.54,2026-08-12T15:46:25,0.0,89.5750007629394,332.685,2026-09-11 19:44:22,2026-09-11 15:45:04
AAPL,AAPL261016P00420000,AAPL,2026-10-16,P,420.0,86.1,110.0,88.75,111.0,0.4114,0.0,0.0,-1.0,0.0,0.0,0.0,0.0,87.285,0.0,0.0,0.0,0.0,no_change,0.0,,0.0,94.3500022888184,332.685,2026-09-11 19:44:22,2026-09-11 15:45:04
AAPL,AAPL261016P00425000,AAPL,2026-10-16,P,425.0,90.75,107.0,93.6,108.0,0.0,0.0,0.0,-1.0,0.0,0.0,0.0,0.0,92.285,0.0,0.0,0.0,0.0,no_change,0.0,,0.0,99.4750022888184,332.685,2026-09-11 19:44:22,2026-09-11 15:45:04
AAPL,AAPL261016P00430000,AAPL,2026-10-16,P,430.0,95.75,110.0,98.55,111.0,0.0,0.0,0.0,-1.0,0.0,0.0,0.0,0.0,97.285,0.0,0.0,0.0,0.0,no_change,0.0,,0.0,104.525001525879,332.685,2026-09-11 19:44:22,2026-09-11 15:45:04
AAPL,AAPL261016P00435000,AAPL,2026-10-16,P,435.0,101.1,115.0,103.5,116.0,0.4053,0.0,0.0,-1.0,0.0,0.0,0.0,0.0,102.285,0.0,0.0,0.0,0.0,no_change,0.0,,0.0,109.575000762939,332.685,2026-09-11 19:44:22,2026-09-11 15:45:04
AAPL,AAPL261016P00440000,AAPL,2026-10-16,P,440.0,106.1,95.0,108.35,95.0,0.0,0.0,0.0,-1.0,0.0,0.0,0.0,0.0,107.285,0.0,0.0,0.0,0.0,no_change,0.0,,0.0,114.475002288818,332.685,2026-09-11 19:44:22,2026-09-11 15:45:04
AAPL,AAPL261016P00450000,AAPL,2026-10-16,P,450.0,115.5,112.0,118.75,110.0,0.0,0.0,0.0,-1.0,0.0,0.0,0.0,0.0,117.285,0.0,0.0,0.0,0.0,no_change,0.0,,0.0,124.575000762939,332.685,2026-09-11 19:44:22,2026-09-11 15:45:04
AAPL,AAPL261016P00460000,AAPL,2026-10-16,P,460.0,125.75,95.0,128.5,95.0,0.0,0.0,0.0,-1.0,0.0,0.0,0.0,0.0,127.285,0.0,0.0,0.0,0.0,no_change,0.0,,0.0,134.675003051758,332.685,2026-09-11 19:44:22,2026-09-11 15:45:04
AAPL,AAPL261016P00470000,AAPL,2026-10-16,P,470.0,136.1,116.0,138.75,117.0,0.5683,0.0,0.0,-1.0,0.0,0.0,0.0,0.0,137.285,0.0,0.0,0.0,0.0,no_change,0.0,,0.0,144.525001525879,332.685,2026-09-11 19:44:22,2026-09-11 15:45:04
AAPL,AAPL261016P00480000,AAPL,2026-10-16,P,480.0,145.75,107.0,148.9,108.0,0.5545,0.0,0.0,-1.0,0.0,0.0,0.0,0.0,147.285,0.0,0.0,0.0,0.0,no_change,0.0,,0.0,154.449996948242,332.685,2026-09-11 19:44:22,2026-09-11 15:45:04
AAPL,AAPL261016P00490000,AAPL,2026-10-16,P,490.0,155.85,116.0,159.2,117.0,0.6493,0.0,0.0,-1.0,0.0,0.0,0.0,0.0,157.285,0.0,0.0,0.0,0.0,no_change,0.0,,0.0,164.425003051758,332.685,2026-09-11 19:44:22,2026-09-11 15:45:04
AAPL,AAPL261016P00500000,AAPL,2026-10-16,P,500.0,165.5,117.0,168.8,116.0,0.0,0.0,0.0,-1.0,0.0,0.0,0.0,0.0,167.285,0.0,0.0,0.0,0.0,no_change,0.0,,0.0,174.675003051758,332.685,2026-09-11 19:44:22,2026-09-11 15:45:04
AAPL,AAPL261016P00510000,AAPL,2026-10-16,P,510.0,175.8,118.0,178.35,117.0,0.0,0.0,0.0,-1.0,0.0,0.0,0.0,0.0,177.285,0.0,0.0,0.0,0.0,no_change,0.0,,0.0,184.575004577637,332.685,2026-09-11 19:44:22,2026-09-11 15:45:04
AAPL,AAPL261016P00520000,AAPL,2026-10-16,P,520.0,186.05,116.0,188.45,117.0,0.0,0.0,0.0,-1.0,0.0,0.0,0.0,0.0,187.285,0.0,0.0,0.0,0.0,no_change,0.0,,0.0,194.650001525879,332.685,2026-09-11 19:44:22,2026-09-11 15:45:04
AAPL,AAPL261016P00530000,AAPL,2026-10-16,P,530.0,195.5,117.0,199.2,99.0,0.6955,0.0,0.0,-1.0,0.0,0.0,0.0,0.0,197.285,0.0,0.0,0.0,0.0,no_change,0.0,,0.0,204.650001525879,332.685,2026-09-11 19:44:22,2026-09-11 15:45:04
AAPL,AAPL261016P00540000,AAPL,2026-10-16,P,540.0,205.8,116.0,208.7,118.0,0.0,0.0,0.0,-1.0,0.0,0.0,0.0,0.0,207.285,0.0,0.0,0.0,0.0,no_change,0.0,,0.0,214.575004577637,332.685,2026-09-11 19:44:22,2026-09-11 15:45:04
AAPL,AAPL261016P00550000,AAPL,2026-10-16,P,550.0,215.4,117.0,218.45,116.0,0.0,0.0,0.0,-1.0,0.0,0.0,0.0,0.0,217.285,0.0,0.0,0.0,0.0,no_change,0.0,,0.0,224.625,332.685,2026-09-11 19:44:22,2026-09-11 15:45:04
AAPL,AAPL261016P00560000,AAPL,2026-10-16,P,560.0,225.5,117.0,228.45,116.0,0.0,0.0,0.0,-1.0,0.0,0.0,0.0,0.0,227.285,0.0,0.0,0.0,0.0,no_change,0.0,,0.0,234.550003051758,332.685,2026-09-11 19:44:22,2026-09-11 15:45:04
AAPL,AAPL261016P00570000,AAPL,2026-10-16,P,570.0,235.4,117.0,238.45,116.0,0.0,0.0,0.0,-1.0,0.0,0.0,0.0,0.0,237.285,0.0,0.0,0.0,0.0,no_change,0.0,,0.0,244.474998474121,332.685,2026-09-11 19:44:22,2026-09-11 15:45:04
AAPL,AAPL261016P00580000,AAPL,2026-10-16,P,580.0,246.1,107.0,248.5,112.0,0.7574,0.0,0.0,-1.0,0.0,0.0,0.0,0.0,247.285,0.0,0.0,0.0,0.0,no_change,0.0,,0.0,254.474998474121,332.685,2026-09-11 19:44:22,2026-09-11 15:45:04
AAPL,AAPL261016P00590000,AAPL,2026-10-16,P,590.0,256.1,142.0,258.9,143.0,0.893,0.0,0.0,-1.0,0.0,0.0,0.0,0.0,257.285,0.0,0.0,0.0,0.0,down,250.65,2026-07-28T15:49:18,0.0,264.475006103516,332.685,2026-09-11 19:44:22,2026-09-11 15:45:04
AAPL,AAPL261016P00600000,AAPL,2026-10-16,P,600.0,266.1,141.0,268.75,142.0,0.8888,0.0,0.0,-1.0,0.0,0.0,0.0,0.0,267.285,0.0,0.0,0.0,0.0,up,266.4,2026-07-30T09:33:22,0.0,274.5,332.685,2026-09-11 19:44:22,2026-09-11 15:45:04
AAPL,AAPL261023C00110000,AAPL,2026-10-23,C,110.0,221.75,87.0,225.1,11.0,1.3621,1.0,0.0,0.9997,0.0,0.0001,-0.0001,0.1258,223.2011,0.0,0.0,0.0,0.0,down,206.6,2026-09-08T12:28:09,0.0,215.974998474121,332.685,2026-09-11 19:44:22,2026-09-11 15:45:04
AAPL,AAPL261023C00120000,AAPL,2026-10-23,C,120.0,211.8,91.0,215.15,11.0,1.2591,0.0,0.0,0.9997,0.0,0.0002,-0.0002,0.1372,213.2538,0.0,0.0,0.0,0.0,no_change,0.0,,0.0,206.074996948242,332.685,2026-09-11 19:44:22,2026-09-11 15:45:04
AAPL,AAPL261023C00125000,AAPL,2026-10-23,C,125.0,206.8,1.0,210.15,11.0,1.1937,0.0,0.0,0.9997,0.0,0.0003,-0.0002,0.143,208.2802,0.0,0.0,0.0,0.0,no_change,0.0,,0.0,201.074996948242,332.685,2026-09-11 19:44:22,2026-09-11 15:45:04
AAPL,AAPL261023C00130000,AAPL,2026-10-23,C,130.0,201.85,87.0,205.2,11.0,1.1647,0.0,0.0,0.9996,0.0,0.0004,-0.0003,0.1487,203.3067,0.0,0.0,0.0,0.0,no_change,0.0,,0.0,196.150001525879,332.685,2026-09-11 19:44:22,2026-09-11 15:45:04
AAPL,AAPL261023C00135000,AAPL,2026-10-23,C,135.0,196.85,91.0,200.2,11.0,1.104,0.0,0.0,0.9996,0.0,0.0005,-0.0004,0.1544,198.3333,0.0,0.0,0.0,0.0,no_change,0.0,,0.0,191.224998474121,332.685,2026-09-11 19:44:22,2026-09-11 15:45:04
AAPL,AAPL261023C00140000,AAPL,2026-10-23,C,140.0,191.9,91.0,195.25,11.0,1.0775,0.0,0.0,0.9996,0.0,0.0006,-0.0004,0.1601,193.36,0.0,0.0,0.0,0.0,no_change,0.0,,0.0,186.200004577637,332.685,2026-09-11 19:44:22,2026-09-11 15:45:04
AAPL,AAPL261023C00145000,AAPL,2026-10-23,C,145.0,186.9,90.0,190.25,12.0,1.0209,1.0,0.0,0.9996,0.0,0.0007,-0.0006,0.1658,188.3869,0.0,0.0,0.0,0.0,up,176.0,2026-09-10T09:41:03,0.0,181.275001525879,332.685,2026-09-11 19:44:22,2026-09-11 15:45:04
AAPL,AAPL261023C00150000,AAPL,2026-10-23,C,150.0,181.7,87.0,185.3,11.0,0.9027,0.0,0.0,0.9995,0.0,0.0009,-0.0007,0.1715,183.4139,0.0,0.0,0.0,0.0,no_change,0.0,,0.0,176.300003051758,332.685,2026-09-11 19:44:22,2026-09-11 15:45:04
AAPL,AAPL261023C00155000,AAPL,2026-10-23,C,155.0,176.95,87.0,180.3,12.0,0.9435,0.0,0.0,0.9995,0.0,0.0012,-0.0008,0.1772,178.4412,0.0,0.0,0.0,0.0,no_change,0.0,,0.0,171.299995422363,332.685,2026-09-11 19:44:22,2026-09-11 15:45:04
AAPL,AAPL261023C00160000,AAPL,2026-10-23,C,160.0,172.05,87.0,175.35,12.0,0.9334,0.0,0.0,0.9994,0.0,0.0015,-0.001,0.1829,173.4687,0.0,0.0,0.0,0.0,no_change,0.0,,0.0,166.349998474121,332.685,2026-09-11 19:44:22,2026-09-11 15:45:04
AAPL,AAPL261023C00165000,AAPL,2026-10-23,C,165.0,167.0,87.0,170.35,12.0,0.8709,0.0,0.0,0.9993,0.0,0.0018,-0.0013,0.1886,168.4966,0.0,0.0,0.0,0.0,no_change,0.0,,0.0,161.375,332.685,2026-09-11 19:44:22,2026-09-11 15:45:04
AAPL,AAPL261023C00170000,AAPL,2026-10-23,C,170.0,162.05,87.0,165.4,12.0,0.8493,0.0,0.0,0.9992,0.0,0.0023,-0.0015,0.1942,163.5248,0.0,0.0,0.0,0.0,no_change,0.0,,0.0,156.425003051758,332.685,2026-09-11 19:44:22,2026-09-11 15:45:04
AAPL,AAPL261023C00175000,AAPL,2026-10-23,C,175.0,157.1,88.0,160.4,12.0,0.8153,0.0,0.0,0.999,0.0,0.0028,-0.0018,0.1999,158.5535,0.0,0.0,0.0,0.0,no_change,0.0,,0.0,151.425003051758,332.685,2026-09-11 19:44:22,2026-09-11 15:45:04
AAPL,AAPL261023C00180000,AAPL,2026-10-23,C,180.0,152.1,87.0,155.45,12.0,0.7822,0.0,0.0,0.9989,0.0,0.0034,-0.0022,0.2056,153.5827,0.0,0.0,0.0,0.0,no_change,0.0,,0.0,146.474998474121,332.685,2026-09-11 19:44:22,2026-09-11 15:45:04
AAPL,AAPL261023C00185000,AAPL,2026-10-23,C,185.0,146.8,86.0,150.45,12.0,0.6135,0.0,0.0,0.9986,0.0,0.0042,-0.0027,0.2112,148.6126,0.0,0.0,0.0,0.0,no_change,0.0,,0.0,141.5,332.685,2026-09-11 19:44:22,2026-09-11 15:45:04
AAPL,AAPL261023C00190000,AAPL,2026-10-23,C,190.0,142.15,91.0,145.5,12.0,0.7186,0.0,0.0,0.9984,0.0001,0.0051,-0.0032,0.2168,143.6432,0.0,0.0,0.0,0.0,no_change,0.0,,0.0,136.525001525879,332.685,2026-09-11 19:44:22,2026-09-11 15:45:04
AAPL,AAPL261023C00195000,AAPL,2026-10-23,C,195.0,137.15,91.0,140.55,12.0,0.6879,0.0,0.0,0.9981,0.0001,0.0062,-0.0037,0.2224,138.6746,0.0,0.0,0.0,0.0,no_change,0.0,,0.0,131.549995422363,332.685,2026-09-11 19:44:22,2026-09-11 15:45:04
AAPL,AAPL261023C00200000,AAPL,2026-10-23,C,200.0,132.2,86.0,135.55,12.0,0.6581,0.0,0.0,0.9977,0.0001,0.0074,-0.0044,0.228,133.707,0.0,0.0,0.0,0.0,no_change,0.0,,0.0,126.574996948242,332.685,2026-09-11 19:44:22,2026-09-11 15:45:04
AAPL,AAPL261023C00205000,AAPL,2026-10-23,C,205.0,127.25,91.0,130.6,18.0,0.6385,0.0,0.0,0.9973,0.0001,0.0088,-0.0051,0.2335,128.7405,0.0,0.0,0.0,0.0,no_change,0.0,,0.0,121.625,332.685,2026-09-11 19:44:22,2026-09-11 15:45:04
AAPL,AAPL261023C00210000,AAPL,2026-10-23,C,210.0,122.65,90.0,125.6,16.0,0.6607,1.0,0.0,0.9968,0.0002,0.0106,-0.0059,0.239,123.7753,0.0,0.0,0.0,0.0,up,110.97,2026-09-10T09:31:20,0.0,116.875,332.685,2026-09-11 19:44:22,2026-09-11 15:45:04
AAPL,AAPL261023C00215000,AAPL,2026-10-23,C,215.0,117.45,87.0,120.65,15.0,0.6049,2.0,0.0,0.9961,0.0002,0.0125,-0.0068,0.2445,118.8117,0.0,0.0,0.0,0.0,up,103.85,2026-09-08T10:13:49,0.0,111.900001525879,332.685,2026-09-11 19:44:22,2026-09-11 15:45:04
AAPL,AAPL261023C00220000,AAPL,2026-10-23,C,220.0,112.7,91.0,115.65,12.0,0.6013,2.0,0.0,0.9954,0.0002,0.0148,-0.0079,0.25,113.8497,0.0,0.0,0.0,0.0,up,101.28,2026-09-10T10:32:17,0.0,106.950000762939,332.685,2026-09-11 19:44:22,2026-09-11 15:45:04
AAPL,AAPL261023C00225000,AAPL,2026-10-23,C,225.0,107.35,134.0,110.7,34.0,0.5269,5.0,1.0,0.9945,0.0003,0.0176,-0.009,0.2553,108.8899,8.15,109.9,109.9,109.9,up,109.9,2026-09-11T14:13:27,8.00983,101.75,332.685,2026-09-11 19:44:22,2026-09-11 15:45:04
AAPL,AAPL261023C00230000,AAPL,2026-10-23,C,230.0,102.8,91.0,105.75,19.0,0.5545,10.0,0.0,0.9934,0.0003,0.0207,-0.0103,0.2606,103.9326,0.0,0.0,0.0,0.0,down,90.93,2026-09-10T10:28:50,0.0,97.0250015258789,332.685,2026-09-11 19:44:22,2026-09-11 15:45:04
AAPL,AAPL261023C00235000,AAPL,2026-10-23,C,235.0,97.95,91.0,100.8,22.0,0.5398,61.0,0.0,0.9922,0.0004,0.0243,-0.0118,0.2659,98.9781,0.0,0.0,0.0,0.0,down,86.07,2026-09-10T12:08:04,0.0,92.0,332.685,2026-09-11 19:44:22,2026-09-11 15:45:04
AAPL,AAPL261023C00240000,AAPL,2026-10-23,C,240.0,92.9,91.0,95.85,25.0,0.5075,24.0,0.0,0.9906,0.0005,0.0286,-0.0134,0.271,94.0272,0.0,0.0,0.0,0.0,down,80.84,2026-09-10T10:10:47,0.0,87.1750030517578,332.685,2026-09-11 19:44:22,2026-09-11 15:45:04
AAPL,AAPL261023C00245000,AAPL,2026-10-23,C,245.0,88.05,91.0,90.55,12.0,0.4627,16.0,0.0,0.9888,0.0006,0.0335,-0.0153,0.276,89.0805,0.0,0.0,0.0,0.0,down,75.95,2026-09-10T10:10:47,0.0,82.2000007629394,332.685,2026-09-11 19:44:22,2026-09-11 15:45:04
AAPL,AAPL261023C00250000,AAPL,2026-10-23,C,250.0,83.1,91.0,85.95,16.0,0.4675,18.0,0.0,0.9866,0.0008,0.0394,-0.0173,0.2808,84.1391,0.0,0.0,0.0,0.0,no_change,76.18,2026-09-10T13:29:33,0.0,77.2750015258789,332.685,2026-09-11 19:44:22,2026-09-11 15:45:04
AAPL,AAPL261023C00255000,AAPL,2026-10-23,C,255.0,78.05,91.0,81.05,25.0,0.4402,10.0,0.0,0.9839,0.0009,0.0463,-0.0197,0.2855,79.2043,0.0,0.0,0.0,0.0,down,65.4,2026-09-10T09:59:42,0.0,72.375,332.685,2026-09-11 19:44:22,2026-09-11 15:45:04
AAPL,AAPL261023C00260000,AAPL,2026-10-23,C,260.0,73.15,92.0,76.1,22.0,0.4194,18.0,0.0,0.9806,0.0011,0.0545,-0.0224,0.2899,74.2778,0.0,0.0,0.0,0.0,no_change,65.83,2026-09-10T13:29:33,0.0,67.4249992370606,332.685,2026-09-11 19:44:22,2026-09-11 15:45:04
AAPL,AAPL261023C00265000,AAPL,2026-10-23,C,265.0,68.6,150.0,71.15,117.0,0.4162,15.0,126.0,0.9764,0.0014,0.0642,-0.0254,0.294,69.3626,8.76,69.1,71.32,68.78,up,71.26,2026-09-11T10:47:43,14.016,62.5000019073486,332.685,2026-09-11 19:44:22,2026-09-11 15:45:04
AAPL,AAPL261023C00270000,AAPL,2026-10-23,C,270.0,63.6,161.0,66.25,112.0,0.3908,1.0,126.0,0.9712,0.0017,0.0759,-0.029,0.2977,64.4624,8.8,64.3,66.4,63.9,up,66.4,2026-09-11T10:47:43,15.2778,57.6000003814697,332.685,2026-09-11 19:44:22,2026-09-11 15:45:04
AAPL,AAPL261023C00275000,AAPL,2026-10-23,C,275.0,58.35,131.0,61.35,23.0,0.3543,2.0,0.0,0.9646,0.0021,0.0902,-0.0332,0.3008,59.5832,0.0,0.0,0.0,0.0,up,48.28,2026-09-10T09:37:03,0.0,52.8500003814697,332.685,2026-09-11 19:44:22,2026-09-11 15:45:04
AAPL,AAPL261023C00280000,AAPL,2026-10-23,C,280.0,53.85,131.0,56.5,22.0,0.3513,9.0,2.0,0.956,0.0026,0.1075,-0.0383,0.3031,54.7335,9.06,57.62,57.62,57.11,down,57.11,2026-09-11T11:35:29,18.8554,48.0500011444092,332.685,2026-09-11 19:44:22,2026-09-11 15:45:04
AAPL,AAPL261023C00285000,AAPL,2026-10-23,C,285.0,48.35,224.0,51.75,58.0,0.3124,4.0,1.0,0.9448,0.0032,0.1287,-0.0444,0.3044,49.9257,8.37,51.62,51.62,51.62,up,51.62,2026-09-11T12:52:32,19.3526,43.25,332.685,2026-09-11 19:44:22,2026-09-11 15:45:04
AAPL,AAPL261023C00290000,AAPL,2026-10-23,C,290.0,44.2,445.0,46.5,206.0,0.3033,106.0,12.0,0.9301,0.004,0.1546,-0.0517,0.3042,45.1767,8.015,47.44,47.44,46.74,no_change,46.74,2026-09-11T12:35:42,20.6972,38.7250003814697,332.685,2026-09-11 19:44:22,2026-09-11 15:45:04
AAPL,AAPL261023C00295000,AAPL,2026-10-23,C,295.0,39.5,460.0,41.8,280.0,0.2902,111.0,1.0,0.9108,0.005,0.1853,-0.0604,0.3023,40.5096,6.8,41.1,41.1,41.1,up,41.1,2026-09-11T10:22:53,19.8251,34.3000011444092,332.685,2026-09-11 19:44:22,2026-09-11 15:45:04
AAPL,AAPL261023C00300000,AAPL,2026-10-23,C,300.0,35.35,376.0,37.25,261.0,0.2896,220.0,45.0,0.8859,0.0062,0.2212,-0.0704,0.298,35.9534,6.855,35.74,38.12,35.2,down,36.23,2026-09-11T14:53:20,23.3362,29.375,332.685,2026-09-11 19:44:22,2026-09-11 15:45:04
AAPL,AAPL261023C00305000,AAPL,2026-10-23,C,305.0,30.95,401.0,32.2,229.0,0.268,39.0,6.0,0.8541,0.0076,0.2616,-0.0814,0.2909,31.5434,6.995,31.31,34.77,31.05,down,32.92,2026-09-11T12:48:21,26.9817,25.9250001907349,332.685,2026-09-11 19:44:22,2026-09-11 15:45:04
AAPL,AAPL261023C00310000,AAPL,2026-10-23,C,310.0,26.85,294.0,27.85,322.0,0.2614,165.0,77.0,0.8146,0.009,0.3046,-0.0931,0.2806,27.3206,5.59,27.15,30.1,26.2,down,27.34,2026-09-11T15:07:17,25.7011,21.75,332.685,2026-09-11 19:44:22,2026-09-11 15:45:04
AAPL,AAPL261023C00315000,AAPL,2026-10-23,C,315.0,22.65,388.0,23.85,337.0,0.2526,480.0,84.0,0.7669,0.0106,0.3476,-0.1046,0.267,23.3294,4.86,19.07,26.08,19.06,up,23.26,2026-09-11T14:58:21,26.413,18.3999996185303,332.685,2026-09-11 19:44:22,2026-09-11 15:45:04
AAPL,AAPL261023C00320000,AAPL,2026-10-23,C,320.0,19.15,370.0,19.9,96.0,0.2478,1019.0,158.0,0.7111,0.012,0.3873,-0.1148,0.2498,19.6149,4.28,16.51,22.45,16.51,down,19.58,2026-09-11T14:59:52,27.9739,15.3000001907349,332.685,2026-09-11 19:44:22,2026-09-11 15:45:04
AAPL,AAPL261023C00325000,AAPL,2026-10-23,C,325.0,15.9,235.0,16.4,41.0,0.2445,376.0,151.0,0.648,0.0133,0.4198,-0.1229,0.2295,16.2194,4.625,13.3,18.81,12.7,up,17.0,2026-09-11T14:02:04,37.3737,12.375,332.685,2026-09-11 19:44:22,2026-09-11 15:45:04
AAPL,AAPL261023C00330000,AAPL,2026-10-23,C,330.0,12.95,214.0,13.5,209.0,0.2439,506.0,258.0,0.5793,0.0142,0.4417,-0.1278,0.2066,13.1778,3.2,10.7,15.55,10.7,down,13.05,2026-09-11T15:00:11,32.4873,9.84999990463257,332.685,2026-09-11 19:44:22,2026-09-11 15:45:04
AAPL,AAPL261023C00335000,AAPL,2026-10-23,C,335.0,10.45,1.0,10.65,50.0,0.2409,512.0,360.0,0.5073,0.0146,0.4504,-0.1289,0.1819,10.5135,2.66,8.5,12.6,8.5,no_change,10.46,2026-09-11T15:25:33,34.1026,7.79999995231628,332.685,2026-09-11 19:44:22,2026-09-11 15:45:04
AAPL,AAPL261023C00340000,AAPL,2026-10-23,C,340.0,8.1,193.0,8.5,281.0,0.2393,874.0,400.0,0.4347,0.0146,0.4447,-0.126,0.1566,8.2357,2.23,6.29,10.25,6.29,no_change,8.23,2026-09-11T15:27:18,37.1667,6.0,332.685,2026-09-11 19:44:22,2026-09-11 15:45:04
AAPL,AAPL261023C00345000,AAPL,2026-10-23,C,345.0,6.2,209.0,6.4,10.0,0.2354,449.0,243.0,0.3643,0.014,0.425,-0.1194,0.1318,6.337,1.8,4.92,7.89,4.92,no_change,6.3,2026-09-11T15:25:27,40.0,4.5,332.685,2026-09-11 19:44:22,2026-09-11 15:45:04
AAPL,AAPL261023C00350000,AAPL,2026-10-23,C,350.0,4.7,157.0,4.9,153.0,0.2354,527.0,541.0,0.2988,0.013,0.3937,-0.1096,0.1084,4.7947,1.37,3.65,6.2,3.65,no_change,4.77,2026-09-11T15:28:41,40.2941,3.39999997615814,332.685,2026-09-11 19:44:22,2026-09-11 15:45:04
AAPL,AAPL261023C00355000,AAPL,2026-10-23,C,355.0,3.45,291.0,3.65,165.0,0.2341,350.0,253.0,0.2401,0.0117,0.3539,-0.0978,0.0872,3.5731,1.01,3.5,4.6,3.5,no_change,3.55,2026-09-11T15:27:59,39.7638,2.54000008106232,332.685,2026-09-11 19:44:22,2026-09-11 15:45:04
AAPL,AAPL261023C00360000,AAPL,2026-10-23,C,360.0,2.52,382.0,2.7,267.0,0.2342,610.0,1154.0,0.1894,0.0102,0.3096,-0.085,0.0689,2.6286,0.69,2.12,3.55,2.12,up,2.6,2026-09-11T15:28:27,36.1257,1.9099999666214,332.685,2026-09-11 19:44:22,2026-09-11 15:45:04
AAPL,AAPL261023C00365000,AAPL,2026-10-23,C,365.0,1.86,268.0,2.0,125.0,0.2361,329.0,556.0,0.147,0.0086,0.2643,-0.0722,0.0535,1.9141,0.445,1.5,2.8,1.5,no_change,1.91,2026-09-11T15:17:02,30.3754,1.46499997377396,332.685,2026-09-11 19:44:22,2026-09-11 15:45:04
AAPL,AAPL261023C00370000,AAPL,2026-10-23,C,370.0,1.34,249.0,1.4,5.0,0.2359,653.0,322.0,0.1126,0.0071,0.2209,-0.06,0.041,1.384,0.3,1.72,2.0,1.34,down,1.35,2026-09-11T15:25:36,28.5714,1.05000001192093,332.685,2026-09-11 19:44:22,2026-09-11 15:45:04
AAPL,AAPL261023C00375000,AAPL,2026-10-23,C,375.0,0.96,224.0,1.05,56.0,0.2389,236.0,349.0,0.0851,0.0058,0.181,-0.0491,0.031,0.9927,0.23,0.88,1.56,0.88,up,1.0,2026-09-11T15:06:11,29.8701,0.769999980926514,332.685,2026-09-11 19:44:22,2026-09-11 15:45:04
AAPL,AAPL261023C00380000,AAPL,2026-10-23,C,380.0,0.68,231.0,0.79,451.0,0.2414,199.0,422.0,0.0644,0.0046,0.1471,-0.0398,0.0234,0.7181,0.145,0.95,1.1,0.68,up,0.73,2026-09-11T15:23:29,24.7863,0.584999978542328,332.685,2026-09-11 19:44:22,2026-09-11 15:45:04
AAPL,AAPL261023C00385000,AAPL,2026-10-23,C,385.0,0.49,141.0,0.57,393.0,0.2438,63.0,43.0,0.0484,0.0036,0.1181,-0.032,0.0176,0.5189,0.115,0.6,0.63,0.52,no_change,0.52,2026-09-11T15:26:17,28.3951,0.405000001192093,332.685,2026-09-11 19:44:22,2026-09-11 15:45:04
AAPL,AAPL261023C00390000,AAPL,2026-10-23,C,390.0,0.34,322.0,0.43,441.0,0.247,283.0,46.0,0.0362,0.0028,0.094,-0.0255,0.0131,0.3749,0.075,0.33,0.58,0.33,down,0.37,2026-09-11T14:09:36,25.4237,0.295000001788139,332.685,2026-09-11 19:44:22,2026-09-11 15:45:04
AAPL,AAPL261023C00395000,AAPL,2026-10-23,C,395.0,0.21,508.0,0.35,516.0,0.2496,14.0,2.0,0.0275,0.0022,0.0755,-0.0206,0.01,0.2774,0.14,0.35,0.35,0.35,no_change,0.35,2026-09-11T10:49:34,66.6667,0.21000000461936,332.685,2026-09-11 19:44:22,2026-09-11 15:45:04
AAPL,AAPL261023C00400000,AAPL,2026-10-23,C,400.0,0.18,5.0,0.28,547.0,0.2572,56.0,15.0,0.021,0.0018,0.0603,-0.0165,0.0076,0.2064,0.105,0.15,0.25,0.15,up,0.25,2026-09-11T10:45:06,72.4138,0.144999995827675,332.685,2026-09-11 19:44:22,2026-09-11 15:45:04
AAPL,AAPL261023C00405000,AAPL,2026-10-23,C,405.0,0.1,370.0,0.2,455.0,0.2561,11.0,7.0,0.0161,0.0014,0.0485,-0.0134,0.0058,0.1556,0.055,0.19,0.23,0.08,up,0.17,2026-09-11T10:50:59,47.8261,0.11500000115484,332.685,2026-09-11 19:44:22,2026-09-11 15:45:04
AAPL,AAPL261023C00410000,AAPL,2026-10-23,C,410.0,0.05,470.0,0.19,570.0,0.2622,4.0,1.0,0.0125,0.0011,0.0391,-0.0109,0.0045,0.1191,0.065,0.15,0.15,0.15,no_change,0.15,2026-09-11T09:30:10,76.4706,0.084999998100102,332.685,2026-09-11 19:44:22,2026-09-11 15:45:04
AAPL,AAPL261023C00415000,AAPL,2026-10-23,C,415.0,0.0,0.0,0.15,633.0,0.2602,258.0,7.0,0.0098,0.0009,0.0319,-0.009,0.0035,0.0925,0.015,0.01,0.13,0.01,down,0.1,2026-09-11T11:09:07,17.6471,0.084999998100102,332.685,2026-09-11 19:44:22,2026-09-11 15:45:04
AAPL,AAPL261023P00110000,AAPL,2026-10-23,P,110.0,0.0,0.0,0.52,71.0,1.3864,0.0,0.0,0.0,0.0,0.0001,-0.0001,0.0,0.0006,0.0,0.0,0.0,0.0,no_change,0.0,,0.0,0.259999990463257,332.685,2026-09-11 19:44:22,2026-09-11 15:45:04
AAPL,AAPL261023P00120000,AAPL,2026-10-23,P,120.0,0.0,0.0,0.52,69.0,1.2834,0.0,0.0,0.0,0.0,0.0002,-0.0002,0.0,0.0009,0.0,0.0,0.0,0.0,no_change,0.0,,0.0,0.259999990463257,332.685,2026-09-11 19:44:22,2026-09-11 15:45:04
AAPL,AAPL261023P00125000,AAPL,2026-10-23,P,125.0,0.0,0.0,0.52,87.0,1.2351,0.0,0.0,-0.0001,0.0,0.0003,-0.0002,0.0,0.0012,0.0,0.0,0.0,0.0,no_change,0.0,,0.0,0.259999990463257,332.685,2026-09-11 19:44:22,2026-09-11 15:45:04
AAPL,AAPL261023P00130000,AAPL,2026-10-23,P,130.0,0.0,0.0,0.52,89.0,1.1888,0.0,0.0,-0.0001,0.0,0.0004,-0.0003,0.0,0.0015,0.0,0.0,0.0,0.0,no_change,0.0,,0.0,0.259999990463257,332.685,2026-09-11 19:44:22,2026-09-11 15:45:04
AAPL,AAPL261023P00135000,AAPL,2026-10-23,P,135.0,0.0,0.0,0.52,90.0,1.1442,0.0,0.0,-0.0001,0.0,0.0005,-0.0004,0.0,0.0019,0.0,0.0,0.0,0.0,no_change,0.0,,0.0,0.259999990463257,332.685,2026-09-11 19:44:22,2026-09-11 15:45:04
AAPL,AAPL261023P00140000,AAPL,2026-10-23,P,140.0,0.0,0.0,0.52,85.0,1.1013,0.0,0.0,-0.0001,0.0,0.0006,-0.0004,0.0,0.0025,0.0,0.0,0.0,0.0,no_change,0.0,,0.0,0.259999990463257,332.685,2026-09-11 19:44:22,2026-09-11 15:45:04
AAPL,AAPL261023P00145000,AAPL,2026-10-23,P,145.0,0.0,0.0,0.37,74.0,1.0166,0.0,0.0,-0.0002,0.0,0.0007,-0.0006,-0.0001,0.0032,0.0,0.0,0.0,0.0,no_change,0.0,,0.0,0.259999990463257,332.685,2026-09-11 19:44:22,2026-09-11 15:45:04
AAPL,AAPL261023P00150000,AAPL,2026-10-23,P,150.0,0.0,0.0,0.52,113.0,1.0199,0.0,0.0,-0.0002,0.0,0.0009,-0.0007,-0.0001,0.0041,0.0,0.0,0.0,0.0,no_change,0.0,,0.0,0.254999995231628,332.685,2026-09-11 19:44:22,2026-09-11 15:45:04
AAPL,AAPL261023P00155000,AAPL,2026-10-23,P,155.0,0.0,0.0,0.52,128.0,0.9812,0.0,0.0,-0.0003,0.0,0.0012,-0.0008,-0.0001,0.0052,0.0,0.0,0.0,0.0,no_change,0.0,,0.0,0.25,332.685,2026-09-11 19:44:22,2026-09-11 15:45:04
AAPL,AAPL261023P00160000,AAPL,2026-10-23,P,160.0,0.0,0.0,0.51,144.0,0.9414,3.0,0.0,-0.0004,0.0,0.0015,-0.001,-0.0001,0.0065,0.0,0.0,0.0,0.0,no_change,0.05,2026-09-08T12:47:18,0.0,0.239999994635582,332.685,2026-09-11 19:44:22,2026-09-11 15:45:04
AAPL,AAPL261023P00165000,AAPL,2026-10-23,P,165.0,0.0,0.0,0.49,138.0,0.9005,1.0,0.0,-0.0004,0.0,0.0018,-0.0013,-0.0002,0.0082,0.0,0.0,0.0,0.0,down,0.05,2026-09-08T12:53:46,0.0,0.224999994039536,332.685,2026-09-11 19:44:22,2026-09-11 15:45:04
AAPL,AAPL261023P00170000,AAPL,2026-10-23,P,170.0,0.0,0.0,0.47,139.0,0.8609,0.0,0.0,-0.0006,0.0,0.0023,-0.0015,-0.0002,0.0103,0.0,0.0,0.0,0.0,no_change,0.0,,0.0,0.209999993443489,332.685,2026-09-11 19:44:22,2026-09-11 15:45:04
AAPL,AAPL261023P00175000,AAPL,2026-10-23,P,175.0,0.0,0.0,0.45,140.0,0.8224,0.0,0.0,-0.0007,0.0,0.0028,-0.0019,-0.0003,0.0129,0.0,0.0,0.0,0.0,no_change,0.0,,0.0,0.194999992847443,332.685,2026-09-11 19:44:22,2026-09-11 15:45:04
AAPL,AAPL261023P00180000,AAPL,2026-10-23,P,180.0,0.0,0.0,0.42,121.0,0.7827,0.0,0.0,-0.0009,0.0,0.0034,-0.0022,-0.0003,0.016,0.0,0.0,0.0,0.0,no_change,0.0,,0.0,0.174999997019768,332.685,2026-09-11 19:44:22,2026-09-11 15:45:04
AAPL,AAPL261023P00185000,AAPL,2026-10-23,P,185.0,0.0,0.0,0.39,203.0,0.7441,0.0,0.0,-0.0011,0.0,0.0042,-0.0027,-0.0004,0.0197,0.0,0.0,0.0,0.0,no_change,0.0,,0.0,0.155000001192093,332.685,2026-09-11 19:44:22,2026-09-11 15:45:04
AAPL,AAPL261023P00190000,AAPL,2026-10-23,P,190.0,0.0,0.0,0.35,192.0,0.7039,0.0,0.0,-0.0013,0.0001,0.0051,-0.0032,-0.0005,0.0241,0.0,0.0,0.0,0.0,no_change,0.0,,0.0,0.129999995231628,332.685,2026-09-11 19:44:22,2026-09-11 15:45:04
AAPL,AAPL261023P00195000,AAPL,2026-10-23,P,195.0,0.0,0.0,0.3,89.0,0.6618,2.0,0.0,-0.0016,0.0001,0.0062,-0.0037,-0.0006,0.0294,0.0,0.0,0.0,0.0,no_change,0.07,2026-09-09T10:44:29,0.0,0.0949999988079071,332.685,2026-09-11 19:44:22,2026-09-11 15:45:04
AAPL,AAPL261023P00200000,AAPL,2026-10-23,P,200.0,0.0,0.0,0.25,162.0,0.6198,2.0,0.0,-0.002,0.0001,0.0074,-0.0044,-0.0008,0.0356,0.0,0.0,0.0,0.0,no_change,0.17,2026-09-04T11:55:41,0.0,0.0649999976158142,332.685,2026-09-11 19:44:22,2026-09-11 15:45:04
AAPL,AAPL261023P00205000,AAPL,2026-10-23,P,205.0,0.0,0.0,0.18,177.0,0.5707,2.0,0.0,-0.0025,0.0001,0.0089,-0.0051,-0.0009,0.043,0.0,0.0,0.0,0.0,no_change,0.1,2026-09-04T11:55:56,0.0,0.0700000002980232,332.685,2026-09-11 19:44:22,2026-09-11 15:45:04
AAPL,AAPL261023P00210000,AAPL,2026-10-23,P,210.0,0.0,0.0,0.12,60.0,0.5215,0.0,0.0,-0.003,0.0002,0.0106,-0.0059,-0.0011,0.0517,0.0,0.0,0.0,0.0,no_change,0.0,,0.0,0.0750000029802322,332.685,2026-09-11 19:44:22,2026-09-11 15:45:04
AAPL,AAPL261023P00215000,AAPL,2026-10-23,P,215.0,0.0,0.0,0.13,60.0,0.5014,1.0,0.0,-0.0036,0.0002,0.0126,-0.0069,-0.0013,0.0619,0.0,0.0,0.0,0.0,down,0.09,2026-09-08T13:07:04,0.0,0.0700000002980232,332.685,2026-09-11 19:44:22,2026-09-11 15:45:04
AAPL,AAPL261023P00220000,AAPL,2026-10-23,P,220.0,0.0,0.0,0.14,357.0,0.4813,3.0,0.0,-0.0044,0.0002,0.0149,-0.0079,-0.0016,0.0739,0.0,0.0,0.0,0.0,up,0.09,2026-09-10T12:13:30,0.0,0.09500000346452,332.685,2026-09-11 19:44:22,2026-09-11 15:45:04
AAPL,AAPL261023P00225000,AAPL,2026-10-23,P,225.0,0.01,408.0,0.13,6.0,0.4576,12.0,0.0,-0.0053,0.0003,0.0176,-0.0091,-0.0019,0.088,0.0,0.0,0.0,0.0,no_change,0.14,2026-09-09T13:50:41,0.0,0.105000000447035,332.685,2026-09-11 19:44:22,2026-09-11 15:45:04
AAPL,AAPL261023P00230000,AAPL,2026-10-23,P,230.0,0.02,382.0,0.18,610.0,0.4524,12.0,1.0,-0.0063,0.0003,0.0208,-0.0104,-0.0023,0.1046,-0.03,0.1,0.1,0.1,down,0.1,2026-09-11T11:04:04,-23.0769,0.129999998956919,332.685,2026-09-11 19:44:22,2026-09-11 15:45:04
AAPL,AAPL261023P00235000,AAPL,2026-10-23,P,235.0,0.04,365.0,0.19,491.0,0.436,2.0,19.0,-0.0076,0.0004,0.0244,-0.0119,-0.0028,0.1241,-0.045,0.11,0.11,0.11,no_change,0.11,2026-09-11T10:26:36,-29.0323,0.154999999329448,332.685,2026-09-11 19:44:22,2026-09-11 15:45:04
AAPL,AAPL261023P00240000,AAPL,2026-10-23,P,240.0,0.05,503.0,0.24,545.0,0.4246,5.0,7.0,-0.0091,0.0005,0.0287,-0.0135,-0.0034,0.1472,-0.1,0.13,0.13,0.13,no_change,0.13,2026-09-11T10:28:02,-43.4783,0.230000004172325,332.685,2026-09-11 19:44:22,2026-09-11 15:45:04
AAPL,AAPL261023P00245000,AAPL,2026-10-23,P,245.0,0.07,351.0,0.24,505.0,0.4045,8.0,9.0,-0.011,0.0006,0.0338,-0.0154,-0.004,0.1745,-0.085,0.18,0.18,0.16,no_change,0.16,2026-09-11T12:16:47,-34.6939,0.245000001043081,332.685,2026-09-11 19:44:22,2026-09-11 15:45:04
AAPL,AAPL261023P00250000,AAPL,2026-10-23,P,250.0,0.14,232.0,0.31,445.0,0.4009,11.0,12.0,-0.0132,0.0008,0.0396,-0.0175,-0.0048,0.2072,-0.06,0.19,0.22,0.19,down,0.2,2026-09-11T14:30:46,-23.0769,0.259999997913837,332.685,2026-09-11 19:44:22,2026-09-11 15:45:04
AAPL,AAPL261023P00255000,AAPL,2026-10-23,P,255.0,0.14,200.0,0.32,343.0,0.3781,35.0,0.0,-0.016,0.0009,0.0465,-0.0198,-0.0058,0.2464,0.0,0.0,0.0,0.0,down,0.38,2026-09-10T10:22:46,0.0,0.324999995529652,332.685,2026-09-11 19:44:22,2026-09-11 15:45:04
AAPL,AAPL261023P00260000,AAPL,2026-10-23,P,260.0,0.19,147.0,0.37,370.0,0.3648,29.0,3.0,-0.0193,0.0011,0.0548,-0.0225,-0.007,0.2943,-0.065,0.29,0.32,0.29,up,0.32,2026-09-11T11:07:36,-16.8831,0.385000005364418,332.685,2026-09-11 19:44:22,2026-09-11 15:45:04
AAPL,AAPL261023P00265000,AAPL,2026-10-23,P,265.0,0.25,252.0,0.42,30.0,0.3506,30.0,6.0,-0.0235,0.0014,0.0645,-0.0256,-0.0086,0.3533,-0.075,0.4,0.4,0.38,up,0.39,2026-09-11T10:58:05,-16.129,0.465000003576279,332.685,2026-09-11 19:44:22,2026-09-11 15:45:04
AAPL,AAPL261023P00270000,AAPL,2026-10-23,P,270.0,0.38,177.0,0.51,475.0,0.3423,577.0,27.0,-0.0287,0.0017,0.0765,-0.0292,-0.0104,0.4277,-0.185,0.57,0.57,0.38,up,0.42,2026-09-11T14:58:48,-30.5785,0.604999989271164,332.685,2026-09-11 19:44:22,2026-09-11 15:45:04
AAPL,AAPL261023P00275000,AAPL,2026-10-23,P,275.0,0.47,223.0,0.6,442.0,0.3282,102.0,13.0,-0.0354,0.0021,0.0906,-0.0335,-0.0129,0.5231,-0.265,0.69,0.7,0.51,down,0.51,2026-09-11T12:36:17,-34.1936,0.775000005960464,332.685,2026-09-11 19:44:22,2026-09-11 15:45:04
AAPL,AAPL261023P00280000,AAPL,2026-10-23,P,280.0,0.6,90.0,0.79,483.0,0.3188,458.0,178.0,-0.0441,0.0026,0.1082,-0.0387,-0.0158,0.6487,-0.17,0.83,0.96,0.59,up,0.79,2026-09-11T15:06:25,-17.7083,0.959999978542328,332.685,2026-09-11 19:44:22,2026-09-11 15:45:04
AAPL,AAPL261023P00285000,AAPL,2026-10-23,P,285.0,0.75,192.0,0.88,333.0,0.3027,152.0,176.0,-0.0554,0.0033,0.1297,-0.0448,-0.0199,0.8161,-0.44,1.21,1.21,0.76,up,0.83,2026-09-11T14:55:54,-34.6457,1.27000004053116,332.685,2026-09-11 19:44:22,2026-09-11 15:45:04
AAPL,AAPL261023P00290000,AAPL,2026-10-23,P,290.0,0.97,277.0,1.11,272.0,0.2919,239.0,140.0,-0.0703,0.0041,0.1553,-0.0523,-0.0252,1.0437,-0.54,1.45,1.47,0.93,up,1.04,2026-09-11T13:47:10,-34.1772,1.5799999833107,332.685,2026-09-11 19:44:22,2026-09-11 15:45:04
AAPL,AAPL261023P00295000,AAPL,2026-10-23,P,295.0,1.3,324.0,1.4,311.0,0.2819,328.0,200.0,-0.0902,0.0051,0.187,-0.0612,-0.032,1.3597,-0.75,1.88,1.9,1.2,no_change,1.35,2026-09-11T15:26:39,-35.7143,2.10000002384186,332.685,2026-09-11 19:44:22,2026-09-11 15:45:04
AAPL,AAPL261023P00300000,AAPL,2026-10-23,P,300.0,1.7,382.0,1.86,424.0,0.274,6414.0,850.0,-0.1153,0.0063,0.2241,-0.0712,-0.0407,1.7769,-1.055,2.38,2.49,1.6,no_change,1.78,2026-09-11T15:26:39,-37.2134,2.83500003814697,332.685,2026-09-11 19:44:22,2026-09-11 15:45:04
AAPL,AAPL261023P00305000,AAPL,2026-10-23,P,305.0,2.28,250.0,2.41,251.0,0.2667,245.0,416.0,-0.1474,0.0077,0.2636,-0.0826,-0.0514,2.3474,-1.325,3.2,3.25,2.16,up,2.4,2026-09-11T15:16:57,-35.5705,3.72499990463257,332.685,2026-09-11 19:44:22,2026-09-11 15:45:04
AAPL,AAPL261023P00310000,AAPL,2026-10-23,P,310.0,3.1,2.0,3.25,650.0,0.2634,192.0,314.0,-0.1875,0.0092,0.3067,-0.0945,-0.0648,3.1085,-1.775,4.3,4.6,2.81,no_change,3.15,2026-09-11T15:21:54,-36.0406,4.92500019073486,332.685,2026-09-11 19:44:22,2026-09-11 15:45:04
AAPL,AAPL261023P00315000,AAPL,2026-10-23,P,315.0,4.0,593.0,4.3,707.0,0.2562,166.0,307.0,-0.236,0.0108,0.3498,-0.1063,-0.0807,4.1052,-2.14,5.3,5.3,3.78,no_change,4.16,2026-09-11T15:23:16,-33.9683,6.29999995231628,332.685,2026-09-11 19:44:22,2026-09-11 15:45:04
AAPL,AAPL261023P00320000,AAPL,2026-10-23,P,320.0,5.3,253.0,5.5,251.0,0.2499,261.0,1934.0,-0.293,0.0123,0.3892,-0.1171,-0.0984,5.384,-2.775,7.0,7.0,4.95,no_change,5.4,2026-09-11T15:29:15,-33.945,8.17500019073486,332.685,2026-09-11 19:44:22,2026-09-11 15:45:04
AAPL,AAPL261023P00325000,AAPL,2026-10-23,P,325.0,6.85,242.0,7.2,290.0,0.247,322.0,181.0,-0.3574,0.0136,0.4212,-0.1256,-0.1172,6.9885,-3.25,9.23,9.23,6.35,no_change,7.05,2026-09-11T15:23:16,-31.5534,10.3000001907349,332.685,2026-09-11 19:44:22,2026-09-11 15:45:04
AAPL,AAPL261023P00330000,AAPL,2026-10-23,P,330.0,8.9,48.0,9.2,285.0,0.245,71.0,272.0,-0.4279,0.0146,0.442,-0.1312,-0.1362,8.9555,-3.75,11.45,11.45,8.1,up,9.05,2026-09-11T14:48:43,-29.2969,12.8000001907349,332.685,2026-09-11 19:44:22,2026-09-11 15:45:04
AAPL,AAPL261023P00335000,AAPL,2026-10-23,P,335.0,11.15,172.0,11.55,249.0,0.2409,6.0,220.0,-0.5022,0.0151,0.4486,-0.1329,-0.153,11.3104,-4.45,11.5,12.0,10.22,no_change,11.25,2026-09-11T14:37:08,-28.3439,15.6999998092651,332.685,2026-09-11 19:44:22,2026-09-11 15:45:04
AAPL,AAPL261023P00340000,AAPL,2026-10-23,P,340.0,13.8,315.0,14.5,387.0,0.2398,28.0,22.0,-0.5774,0.0151,0.4396,-0.1308,-0.1667,14.0643,-6.055,14.56,14.56,12.86,up,13.17,2026-09-11T10:58:57,-31.4954,19.2249994277954,332.685,2026-09-11 19:44:22,2026-09-11 15:45:04
AAPL,AAPL261023P00345000,AAPL,2026-10-23,P,345.0,16.65,550.0,18.05,538.0,0.2396,6.0,1.0,-0.6509,0.0147,0.4151,-0.1249,-0.1762,17.2119,-4.975,17.95,17.95,17.95,down,17.95,2026-09-11T09:47:25,-21.7012,22.9250001907349,332.685,2026-09-11 19:44:22,2026-09-11 15:45:04
AAPL,AAPL261023P00350000,AAPL,2026-10-23,P,350.0,19.95,192.0,21.25,160.0,0.2317,1.0,2.0,-0.7199,0.0138,0.3773,-0.1161,-0.1798,20.7318,-6.12,20.63,20.63,20.63,down,20.63,2026-09-11T09:42:30,-22.8785,26.75,332.685,2026-09-11 19:44:22,2026-09-11 15:45:04
AAPL,AAPL261023P00355000,AAPL,2026-10-23,P,355.0,23.3,341.0,25.75,356.0,0.2328,0.0,6.0,-0.7826,0.0126,0.3295,-0.1053,-0.1755,24.5899,-7.075,23.4,24.1,22.5,up,24.1,2026-09-11T13:41:04,-22.6945,31.1750001907349,332.685,2026-09-11 19:44:22,2026-09-11 15:45:04
AAPL,AAPL261023P00360000,AAPL,2026-10-23,P,360.0,27.45,125.0,30.5,85.0,0.2433,0.0,0.0,-0.8378,0.0112,0.2757,-0.0936,-0.1616,28.7436,0.0,0.0,0.0,0.0,no_change,0.0,,0.0,35.1500015258789,332.685,2026-09-11 19:44:22,2026-09-11 15:45:04
AAPL,AAPL261023P00365000,AAPL,2026-10-23,P,365.0,31.9,401.0,34.6,96.0,0.2403,0.0,0.0,-0.8849,0.0097,0.2187,-0.0816,-0.1381,33.1461,0.0,0.0,0.0,0.0,no_change,0.0,,0.0,40.1749992370606,332.685,2026-09-11 19:44:22,2026-09-11 15:45:04
AAPL,AAPL261023P00370000,AAPL,2026-10-23,P,370.0,36.5,195.0,39.65,40.0,0.2556,0.0,0.0,-0.9236,0.0081,0.1612,-0.0693,-0.1074,37.751,0.0,0.0,0.0,0.0,no_change,0.0,,0.0,44.875,332.685,2026-09-11 19:44:22,2026-09-11 15:45:04
AAPL,AAPL261023P00375000,AAPL,2026-10-23,P,375.0,41.1,147.0,43.75,12.0,0.2278,0.0,0.0,-0.9535,0.0062,0.1071,-0.0546,-0.0779,42.5124,0.0,0.0,0.0,0.0,no_change,0.0,,0.0,49.625,332.685,2026-09-11 19:44:22,2026-09-11 15:45:04
AAPL,AAPL261023P00380000,AAPL,2026-10-23,P,380.0,45.8,124.0,48.9,15.0,0.2336,0.0,0.0,-0.9745,0.0043,0.0628,-0.0372,-0.042,47.3835,0.0,0.0,0.0,0.0,no_change,0.0,,0.0,54.6000003814697,332.685,2026-09-11 19:44:22,2026-09-11 15:45:04
AAPL,AAPL261023P00385000,AAPL,2026-10-23,P,385.0,50.85,90.0,53.9,2.0,0.257,0.0,0.0,-0.9876,0.0026,0.0334,-0.0212,-0.02,52.3215,0.0,0.0,0.0,0.0,no_change,0.0,,0.0,59.5499992370606,332.685,2026-09-11 19:44:22,2026-09-11 15:45:04
AAPL,AAPL261023P00390000,AAPL,2026-10-23,P,390.0,55.45,97.0,59.25,1.0,0.2692,0.0,0.0,-0.9947,0.0013,0.017,-0.0097,-0.0062,57.2957,0.0,0.0,0.0,0.0,no_change,0.0,,0.0,64.7249984741211,332.685,2026-09-11 19:44:22,2026-09-11 15:45:04
AAPL,AAPL261023P00395000,AAPL,2026-10-23,P,395.0,60.85,90.0,63.85,2.0,0.2864,0.0,0.0,-0.9979,0.0006,0.0056,-0.0035,-0.004,62.2883,0.0,0.0,0.0,0.0,no_change,0.0,,0.0,69.5499992370606,332.685,2026-09-11 19:44:22,2026-09-11 15:45:04
AAPL,AAPL261023P00400000,AAPL,2026-10-23,P,400.0,65.85,91.0,69.05,1.0,0.3238,10.0,0.0,-0.9993,0.0002,0.0021,-0.0009,-0.0006,67.2856,0.0,0.0,0.0,0.0,no_change,75.1,2026-09-10T13:55:59,0.0,74.5999984741211,332.685,2026-09-11 19:44:22,2026-09-11 15:45:04
AAPL,AAPL261023P00405000,AAPL,2026-10-23,P,405.0,70.85,90.0,73.85,1.0,0.3196,0.0,0.0,-0.9998,0.0001,0.0006,-0.0001,-0.0004,72.2851,0.0,0.0,0.0,0.0,no_change,0.0,,0.0,79.5999984741211,332.685,2026-09-11 19:44:22,2026-09-11 15:45:04
AAPL,AAPL261023P00410000,AAPL,2026-10-23,P,410.0,75.85,90.0,79.25,1.0,0.3723,0.0,0.0,-1.0,0.0,0.0001,0.0,0.0,77.285,0.0,0.0,0.0,0.0,no_change,0.0,,0.0,84.5999984741211,332.685,2026-09-11 19:44:22,2026-09-11 15:45:04
AAPL,AAPL261023P00415000,AAPL,2026-10-23,P,415.0,81.05,138.0,83.85,1.0,0.3744,0.0,2.0,-1.0,0.0,0.0,0.0,0.0,82.285,-7.275,82.35,82.35,82.35,no_change,82.35,2026-09-11T10:44:20,-8.11716,89.625,332.685,2026-09-11 19:44:22,2026-09-11 15:45:04
AAPL,AAPL261030C00110000,AAPL,2026-10-30,C,110.0,221.45,85.0,225.1,81.0,0.0,0.0,0.0,0.9997,0.0,0.0003,-0.0002,0.1496,223.3313,0.0,0.0,0.0,0.0,no_change,0.0,,0.0,0.0,332.685,2026-09-11 19:44:22,2026-09-11 15:45:04
AAPL,AAPL261030C00120000,AAPL,2026-10-30,C,120.0,211.5,90.0,215.15,85.0,0.0,0.0,0.0,0.9997,0.0,0.0005,-0.0003,0.1632,213.3945,0.0,0.0,0.0,0.0,no_change,0.0,,0.0,0.0,332.685,2026-09-11 19:44:22,2026-09-11 15:45:04
AAPL,AAPL261030C00125000,AAPL,2026-10-30,C,125.0,206.5,90.0,210.25,82.0,0.0,0.0,0.0,0.9997,0.0,0.0006,-0.0004,0.17,208.4262,0.0,0.0,0.0,0.0,no_change,0.0,,0.0,0.0,332.685,2026-09-11 19:44:22,2026-09-11 15:45:04
AAPL,AAPL261030C00130000,AAPL,2026-10-30,C,130.0,201.6,90.0,205.25,85.0,0.0,0.0,0.0,0.9996,0.0,0.0007,-0.0005,0.1768,203.4581,0.0,0.0,0.0,0.0,no_change,0.0,,0.0,0.0,332.685,2026-09-11 19:44:22,2026-09-11 15:45:04
AAPL,AAPL261030C00135000,AAPL,2026-10-30,C,135.0,196.6,90.0,200.25,81.0,0.0,0.0,0.0,0.9996,0.0,0.0009,-0.0006,0.1836,198.4901,0.0,0.0,0.0,0.0,no_change,0.0,,0.0,0.0,332.685,2026-09-11 19:44:22,2026-09-11 15:45:04
AAPL,AAPL261030C00140000,AAPL,2026-10-30,C,140.0,191.35,90.0,195.3,85.0,0.0,0.0,0.0,0.9996,0.0,0.0011,-0.0007,0.1903,193.5223,0.0,0.0,0.0,0.0,no_change,0.0,,0.0,0.0,332.685,2026-09-11 19:44:22,2026-09-11 15:45:04
AAPL,AAPL261030C00145000,AAPL,2026-10-30,C,145.0,186.4,86.0,190.3,81.0,0.0,0.0,0.0,0.9995,0.0,0.0014,-0.0008,0.1971,188.5546,0.0,0.0,0.0,0.0,no_change,0.0,,0.0,0.0,332.685,2026-09-11 19:44:22,2026-09-11 15:45:04
AAPL,AAPL261030C00150000,AAPL,2026-10-30,C,150.0,181.65,90.0,185.35,85.0,0.0,0.0,0.0,0.9994,0.0,0.0016,-0.001,0.2039,183.5873,0.0,0.0,0.0,0.0,no_change,0.0,,0.0,0.0,332.685,2026-09-11 19:44:22,2026-09-11 15:45:04
AAPL,AAPL261030C00155000,AAPL,2026-10-30,C,155.0,176.45,90.0,180.4,85.0,0.0,0.0,0.0,0.9993,0.0,0.002,-0.0012,0.2106,178.6202,0.0,0.0,0.0,0.0,no_change,0.0,,0.0,0.0,332.685,2026-09-11 19:44:22,2026-09-11 15:45:04
AAPL,AAPL261030C00160000,AAPL,2026-10-30,C,160.0,171.5,90.0,175.4,85.0,0.0,0.0,0.0,0.9992,0.0,0.0025,-0.0014,0.2174,173.6536,0.0,0.0,0.0,0.0,no_change,0.0,,0.0,0.0,332.685,2026-09-11 19:44:22,2026-09-11 15:45:04
AAPL,AAPL261030C00165000,AAPL,2026-10-30,C,165.0,166.8,91.0,170.45,82.0,0.0,0.0,0.0,0.9991,0.0,0.003,-0.0017,0.2241,168.6874,0.0,0.0,0.0,0.0,no_change,0.0,,0.0,0.0,332.685,2026-09-11 19:44:22,2026-09-11 15:45:04
AAPL,AAPL261030C00170000,AAPL,2026-10-30,C,170.0,162.0,90.0,165.5,81.0,0.6663,0.0,0.0,0.9989,0.0,0.0036,-0.002,0.2309,163.7217,0.0,0.0,0.0,0.0,no_change,0.0,,0.0,0.0,332.685,2026-09-11 19:44:22,2026-09-11 15:45:04
AAPL,AAPL261030C00175000,AAPL,2026-10-30,C,175.0,156.85,91.0,160.5,86.0,0.0,0.0,0.0,0.9987,0.0,0.0044,-0.0024,0.2376,158.7566,0.0,0.0,0.0,0.0,no_change,0.0,,0.0,0.0,332.685,2026-09-11 19:44:22,2026-09-11 15:45:04
AAPL,AAPL261030C00180000,AAPL,2026-10-30,C,180.0,152.25,90.0,155.55,81.0,0.6873,0.0,0.0,0.9985,0.0001,0.0053,-0.0028,0.2443,153.7922,0.0,0.0,0.0,0.0,no_change,0.0,,0.0,0.0,332.685,2026-09-11 19:44:22,2026-09-11 15:45:04
AAPL,AAPL261030C00185000,AAPL,2026-10-30,C,185.0,147.3,90.0,150.6,81.0,0.6696,0.0,0.0,0.9982,0.0001,0.0063,-0.0033,0.2509,148.8287,0.0,0.0,0.0,0.0,no_change,0.0,,0.0,0.0,332.685,2026-09-11 19:44:22,2026-09-11 15:45:04
AAPL,AAPL261030C00190000,AAPL,2026-10-30,C,190.0,142.15,91.0,145.6,82.0,0.5637,0.0,0.0,0.9979,0.0001,0.0076,-0.0039,0.2576,143.8662,0.0,0.0,0.0,0.0,no_change,0.0,,0.0,0.0,332.685,2026-09-11 19:44:22,2026-09-11 15:45:04
AAPL,AAPL261030C00195000,AAPL,2026-10-30,C,195.0,137.05,91.0,140.65,86.0,0.0,0.0,0.0,0.9975,0.0001,0.009,-0.0045,0.2642,138.9048,0.0,0.0,0.0,0.0,no_change,0.0,,0.0,0.0,332.685,2026-09-11 19:44:22,2026-09-11 15:45:04
AAPL,AAPL261030C00200000,AAPL,2026-10-30,C,200.0,132.0,90.0,135.7,85.0,0.0,0.0,0.0,0.997,0.0001,0.0107,-0.0052,0.2708,133.9448,0.0,0.0,0.0,0.0,no_change,0.0,,0.0,0.0,332.685,2026-09-11 19:44:22,2026-09-11 15:45:04
AAPL,AAPL261030C00205000,AAPL,2026-10-30,C,205.0,127.3,90.0,130.75,81.0,0.5371,0.0,0.0,0.9964,0.0002,0.0127,-0.0061,0.2773,128.9864,0.0,0.0,0.0,0.0,no_change,0.0,,0.0,0.0,332.685,2026-09-11 19:44:22,2026-09-11 15:45:04
AAPL,AAPL261030C00210000,AAPL,2026-10-30,C,210.0,122.3,90.0,125.8,82.0,0.5093,0.0,1.0,0.9958,0.0002,0.015,-0.007,0.2838,124.0299,125.54,125.54,125.54,125.54,up,125.54,2026-09-11T12:46:00,0.0,0.0,332.685,2026-09-11 19:44:22,2026-09-11 15:45:04
AAPL,AAPL261030C00215000,AAPL,2026-10-30,C,215.0,117.15,90.0,120.8,82.0,0.0,0.0,0.0,0.9949,0.0002,0.0177,-0.008,0.2902,119.0755,0.0,0.0,0.0,0.0,no_change,0.0,,0.0,0.0,332.685,2026-09-11 19:44:22,2026-09-11 15:45:04
AAPL,AAPL261030C00220000,AAPL,2026-10-30,C,220.0,112.2,90.0,115.85,82.0,0.3667,0.0,0.0,0.994,0.0003,0.0208,-0.0092,0.2966,114.1239,0.0,0.0,0.0,0.0,no_change,0.0,,0.0,0.0,332.685,2026-09-11 19:44:22,2026-09-11 15:45:04
AAPL,AAPL261030C00225000,AAPL,2026-10-30,C,225.0,107.5,90.0,110.9,82.0,0.4654,0.0,0.0,0.9928,0.0004,0.0245,-0.0106,0.3028,109.1753,0.0,0.0,0.0,0.0,no_change,0.0,,0.0,0.0,332.685,2026-09-11 19:44:22,2026-09-11 15:45:04
AAPL,AAPL261030C00230000,AAPL,2026-10-30,C,230.0,102.7,90.0,106.0,81.0,0.4777,0.0,0.0,0.9914,0.0004,0.0288,-0.0121,0.309,104.2305,0.0,0.0,0.0,0.0,no_change,0.0,,0.0,0.0,332.685,2026-09-11 19:44:22,2026-09-11 15:45:04
AAPL,AAPL261030C00235000,AAPL,2026-10-30,C,235.0,98.0,90.0,101.05,81.0,0.4832,0.0,0.0,0.9897,0.0005,0.0338,-0.0138,0.315,99.2905,0.0,0.0,0.0,0.0,no_change,0.0,,0.0,0.0,332.685,2026-09-11 19:44:22,2026-09-11 15:45:04
AAPL,AAPL261030C00240000,AAPL,2026-10-30,C,240.0,92.75,90.0,96.1,81.0,0.4323,3.0,0.0,0.9876,0.0006,0.0397,-0.0157,0.3208,94.3561,0.0,0.0,0.0,0.0,up,86.5,2026-09-10T14:45:01,0.0,87.3249969482422,332.685,2026-09-11 19:44:22,2026-09-11 15:45:04
AAPL,AAPL261030C00245000,AAPL,2026-10-30,C,245.0,87.7,90.0,91.2,81.0,0.4074,0.0,0.0,0.9852,0.0008,0.0466,-0.0179,0.3264,89.4291,0.0,0.0,0.0,0.0,no_change,0.0,,0.0,82.5250015258789,332.685,2026-09-11 19:44:22,2026-09-11 15:45:04
AAPL,AAPL261030C00250000,AAPL,2026-10-30,C,250.0,82.6,91.0,86.3,83.0,0.3775,6.0,0.0,0.9821,0.0009,0.0547,-0.0205,0.3318,84.5114,0.0,0.0,0.0,0.0,up,77.2,2026-09-10T15:08:19,0.0,77.6499977111816,332.685,2026-09-11 19:44:22,2026-09-11 15:45:04
AAPL,AAPL261030C00255000,AAPL,2026-10-30,C,255.0,77.85,92.0,81.4,81.0,0.3811,2.0,0.0,0.9784,0.0011,0.0645,-0.0234,0.3368,79.6058,0.0,0.0,0.0,0.0,up,68.46,2026-09-10T09:37:45,0.0,72.7999992370606,332.685,2026-09-11 19:44:22,2026-09-11 15:45:04
AAPL,AAPL261030C00260000,AAPL,2026-10-30,C,260.0,73.25,122.0,76.5,116.0,0.3862,0.0,0.0,0.9737,0.0014,0.076,-0.0269,0.3414,74.7163,0.0,0.0,0.0,0.0,no_change,0.0,,0.0,67.9749984741211,332.685,2026-09-11 19:44:22,2026-09-11 15:45:04
AAPL,AAPL261030C00265000,AAPL,2026-10-30,C,265.0,68.7,117.0,71.65,111.0,0.3881,0.0,0.0,0.9678,0.0016,0.0899,-0.0309,0.3454,69.8481,0.0,0.0,0.0,0.0,no_change,0.0,,0.0,63.2000007629394,332.685,2026-09-11 19:44:22,2026-09-11 15:45:04
AAPL,AAPL261030C00270000,AAPL,2026-10-30,C,270.0,63.85,178.0,66.8,168.0,0.3722,1.0,1.0,0.9604,0.002,0.1064,-0.0357,0.3487,65.0085,7.575,66.0,66.0,66.0,up,66.0,2026-09-11T09:37:03,12.9653,58.4249992370606,332.685,2026-09-11 19:44:22,2026-09-11 15:45:04
AAPL,AAPL261030C00275000,AAPL,2026-10-30,C,275.0,58.8,115.0,62.0,113.0,0.3496,11.0,2.0,0.951,0.0025,0.1264,-0.0413,0.3511,60.2068,7.315,60.94,60.94,60.94,no_change,60.94,2026-09-11T13:59:56,13.641,53.625,332.685,2026-09-11 19:44:22,2026-09-11 15:45:04
AAPL,AAPL261030C00280000,AAPL,2026-10-30,C,280.0,54.05,114.0,57.25,118.0,0.3383,1.0,11.0,0.9391,0.003,0.1496,-0.0478,0.3522,55.4552,9.045,54.92,58.07,54.92,up,58.07,2026-09-11T11:21:16,18.4498,49.0249996185303,332.685,2026-09-11 19:44:22,2026-09-11 15:45:04
AAPL,AAPL261030C00285000,AAPL,2026-10-30,C,285.0,49.55,131.0,52.55,127.0,0.3326,6.0,0.0,0.9242,0.0037,0.177,-0.0554,0.3519,50.7689,0.0,0.0,0.0,0.0,up,44.3,2026-09-10T13:46:39,0.0,44.3500003814697,332.685,2026-09-11 19:44:22,2026-09-11 15:45:04
AAPL,AAPL261030C00290000,AAPL,2026-10-30,C,290.0,44.85,356.0,47.95,316.0,0.3204,103.0,2.0,0.9056,0.0044,0.2082,-0.0639,0.3498,46.166,8.47,48.47,48.47,48.47,up,48.47,2026-09-11T10:55:25,21.175,40.0,332.685,2026-09-11 19:44:22,2026-09-11 15:45:04
AAPL,AAPL261030C00295000,AAPL,2026-10-30,C,295.0,41.0,36.0,42.45,278.0,0.3046,100.0,0.0,0.8828,0.0053,0.243,-0.0733,0.3456,41.6687,0.0,0.0,0.0,0.0,up,33.88,2026-09-10T11:36:14,0.0,35.5500011444092,332.685,2026-09-11 19:44:22,2026-09-11 15:45:04
AAPL,AAPL261030C00300000,AAPL,2026-10-30,C,300.0,35.95,380.0,38.1,273.0,0.2857,4.0,9.0,0.855,0.0063,0.2809,-0.0833,0.3388,37.3016,4.98,34.31,38.6,34.31,no_change,37.23,2026-09-11T15:06:42,15.4419,32.2500009536743,332.685,2026-09-11 19:44:22,2026-09-11 15:45:04
AAPL,AAPL261030C00305000,AAPL,2026-10-30,C,305.0,32.25,156.0,33.4,40.0,0.2783,20.0,8.0,0.8219,0.0073,0.3206,-0.0936,0.3295,33.0921,7.145,32.98,34.88,32.0,up,34.47,2026-09-11T12:48:21,26.1482,27.3249998092651,332.685,2026-09-11 19:44:22,2026-09-11 15:45:04
AAPL,AAPL261030C00310000,AAPL,2026-10-30,C,310.0,27.65,271.0,29.85,237.0,0.2757,8.0,8.0,0.7832,0.0084,0.3602,-0.1038,0.3174,29.0701,6.4,29.42,31.88,29.42,up,30.35,2026-09-11T12:32:23,26.7223,23.9499998092651,332.685,2026-09-11 19:44:22,2026-09-11 15:45:04
AAPL,AAPL261030C00315000,AAPL,2026-10-30,C,315.0,24.7,179.0,25.7,54.0,0.2783,22.0,33.0,0.7388,0.0095,0.398,-0.1132,0.3024,25.2661,4.58,23.83,27.54,23.83,down,25.13,2026-09-11T15:03:16,22.2871,20.5499992370605,332.685,2026-09-11 19:44:22,2026-09-11 15:45:04
AAPL,AAPL261030C00320000,AAPL,2026-10-30,C,320.0,20.95,192.0,23.5,447.0,0.2876,38.0,33.0,0.6891,0.0105,0.4318,-0.1212,0.2845,21.7099,5.58,20.25,23.69,20.25,up,23.13,2026-09-11T12:50:59,31.7949,17.5500001907349,332.685,2026-09-11 19:44:22,2026-09-11 15:45:04
AAPL,AAPL261030C00325000,AAPL,2026-10-30,C,325.0,17.6,180.0,19.1,227.0,0.27,56.0,34.0,0.6347,0.0113,0.4591,-0.1273,0.264,18.4293,3.825,17.75,21.19,17.1,down,18.7,2026-09-11T15:06:09,25.7143,14.875,332.685,2026-09-11 19:44:22,2026-09-11 15:45:04
AAPL,AAPL261030C00330000,AAPL,2026-10-30,C,330.0,14.85,125.0,15.85,73.0,0.2663,155.0,217.0,0.5767,0.0119,0.4777,-0.131,0.2415,15.448,3.395,13.37,18.0,13.37,down,15.52,2026-09-11T15:26:45,28.0,12.125,332.685,2026-09-11 19:44:22,2026-09-11 15:45:04
AAPL,AAPL261030C00335000,AAPL,2026-10-30,C,335.0,12.7,5.0,13.05,10.0,0.2673,104.0,370.0,0.5164,0.0123,0.4862,-0.1319,0.2176,12.7836,2.875,11.5,15.0,11.5,up,12.9,2026-09-11T15:24:52,28.6783,10.0250000953674,332.685,2026-09-11 19:44:22,2026-09-11 15:45:04
AAPL,AAPL261030C00340000,AAPL,2026-10-30,C,340.0,10.0,30.0,10.85,113.0,0.2626,230.0,549.0,0.4554,0.0123,0.4837,-0.13,0.193,10.4444,2.525,8.6,13.0,8.6,up,10.5,2026-09-11T15:24:24,31.6614,7.97500014305115,332.685,2026-09-11 19:44:22,2026-09-11 15:45:04
AAPL,AAPL261030C00345000,AAPL,2026-10-30,C,345.0,7.95,129.0,8.75,10.0,0.2594,153.0,84.0,0.3955,0.012,0.4704,-0.1253,0.1684,8.4289,1.89,9.25,10.16,8.2,down,8.39,2026-09-11T15:06:39,29.0769,6.5,332.685,2026-09-11 19:44:22,2026-09-11 15:45:04
AAPL,AAPL261030C00350000,AAPL,2026-10-30,C,350.0,6.35,154.0,7.0,10.0,0.2586,1373.0,286.0,0.3383,0.0115,0.4473,-0.1182,0.1445,6.7246,1.775,5.5,8.5,5.05,down,6.8,2026-09-11T15:18:57,35.3234,5.02500009536743,332.685,2026-09-11 19:44:22,2026-09-11 15:45:04
AAPL,AAPL261030C00355000,AAPL,2026-10-30,C,355.0,5.1,112.0,5.7,235.0,0.2611,29.0,44.0,0.2852,0.0107,0.4161,-0.1093,0.1221,5.3091,1.515,4.0,6.5,4.0,no_change,5.24,2026-09-11T15:27:31,40.6711,3.72499990463257,332.685,2026-09-11 19:44:22,2026-09-11 15:45:04
AAPL,AAPL261030C00360000,AAPL,2026-10-30,C,360.0,3.0,205.0,4.3,2.0,0.2449,5.0,43.0,0.2373,0.0098,0.3795,-0.0991,0.1018,4.1533,1.25,3.6,5.25,3.6,down,4.22,2026-09-11T14:34:16,42.0875,2.97000002861023,332.685,2026-09-11 19:44:22,2026-09-11 15:45:04
AAPL,AAPL261030C00365000,AAPL,2026-10-30,C,365.0,2.9,198.0,3.55,208.0,0.2589,13.0,54.0,0.1947,0.0087,0.3394,-0.0882,0.0836,3.2152,0.88,3.5,4.2,3.2,no_change,3.2,2026-09-11T14:46:07,37.931,2.31999999284744,332.685,2026-09-11 19:44:22,2026-09-11 15:45:04
AAPL,AAPL261030C00370000,AAPL,2026-10-30,C,370.0,2.13,219.0,2.64,32.0,0.2553,16.0,45.0,0.1586,0.0076,0.2994,-0.0774,0.0683,2.4862,0.79,2.0,3.25,2.0,no_change,2.46,2026-09-11T15:21:57,47.3054,1.66999995708466,332.685,2026-09-11 19:44:22,2026-09-11 15:45:04
AAPL,AAPL261030C00375000,AAPL,2026-10-30,C,375.0,1.68,326.0,2.25,317.0,0.2622,2.0,11.0,0.1278,0.0066,0.2596,-0.0669,0.055,1.9077,0.685,2.48,2.5,1.84,down,1.84,2026-09-11T14:55:12,59.3074,1.15500000119209,332.685,2026-09-11 19:44:22,2026-09-11 15:45:04
AAPL,AAPL261030C00380000,AAPL,2026-10-30,C,380.0,1.4,194.0,1.52,20.0,0.2612,21.0,58.0,0.1022,0.0056,0.2222,-0.0572,0.044,1.4581,0.635,1.7,1.85,1.29,down,1.65,2026-09-11T14:45:21,62.5616,1.01499998569489,332.685,2026-09-11 19:44:22,2026-09-11 15:45:04
AAPL,AAPL261030C00385000,AAPL,2026-10-30,C,385.0,0.84,266.0,1.4,264.0,0.263,0.0,26.0,0.0812,0.0047,0.1884,-0.0483,0.0349,1.1116,1.41,1.4,1.45,1.3,up,1.41,2026-09-11T11:43:03,0.0,0.0,332.685,2026-09-11 19:44:22,2026-09-11 15:45:04
AAPL,AAPL261030C00390000,AAPL,2026-10-30,C,390.0,0.18,404.0,1.5,365.0,0.2642,0.0,0.0,0.064,0.0039,0.1576,-0.0404,0.0275,0.8428,0.0,0.0,0.0,0.0,no_change,0.0,,0.0,0.0,332.685,2026-09-11 19:44:22,2026-09-11 15:45:04
AAPL,AAPL261030C00395000,AAPL,2026-10-30,C,395.0,0.11,369.0,1.14,317.0,0.2649,0.0,0.0,0.0505,0.0032,0.1312,-0.0336,0.0217,0.6423,0.0,0.0,0.0,0.0,no_change,0.0,,0.0,0.0,332.685,2026-09-11 19:44:22,2026-09-11 15:45:04
AAPL,AAPL261030C00400000,AAPL,2026-10-30,C,400.0,0.3,246.0,0.6,258.0,0.2645,0.0,11.0,0.0398,0.0026,0.1089,-0.0279,0.0171,0.4905,0.62,0.58,0.62,0.58,up,0.62,2026-09-11T11:48:34,0.0,0.0,332.685,2026-09-11 19:44:22,2026-09-11 15:45:04
AAPL,AAPL261030C00405000,AAPL,2026-10-30,C,405.0,0.06,1059.0,0.89,320.0,0.282,0.0,0.0,0.0314,0.0021,0.09,-0.0231,0.0134,0.3761,0.0,0.0,0.0,0.0,no_change,0.0,,0.0,0.0,332.685,2026-09-11 19:44:22,2026-09-11 15:45:04
AAPL,AAPL261030C00410000,AAPL,2026-10-30,C,410.0,0.13,267.0,0.64,307.0,0.2861,0.0,0.0,0.0249,0.0017,0.0745,-0.0192,0.0106,0.2914,0.0,0.0,0.0,0.0,no_change,0.0,,0.0,0.0,332.685,2026-09-11 19:44:22,2026-09-11 15:45:04
AAPL,AAPL261030C00415000,AAPL,2026-10-30,C,415.0,0.23,4.0,0.51,513.0,0.2985,0.0,13.0,0.0196,0.0014,0.0613,-0.0158,0.0084,0.2248,0.3,0.34,0.34,0.28,up,0.3,2026-09-11T11:07:57,0.0,0.0,332.685,2026-09-11 19:44:22,2026-09-11 15:45:04
AAPL,AAPL261030P00110000,AAPL,2026-10-30,P,110.0,0.0,0.0,2.13,344.0,1.5704,0.0,0.0,-0.0001,0.0,0.0003,-0.0002,0.0,0.0014,0.0,0.0,0.0,0.0,no_change,0.0,,0.0,0.0,332.685,2026-09-11 19:44:22,2026-09-11 15:45:04
AAPL,AAPL261030P00120000,AAPL,2026-10-30,P,120.0,0.0,0.0,1.86,499.0,1.4236,0.0,0.0,-0.0001,0.0,0.0005,-0.0003,0.0,0.0021,0.0,0.0,0.0,0.0,no_change,0.0,,0.0,0.0,332.685,2026-09-11 19:44:22,2026-09-11 15:45:04
AAPL,AAPL261030P00125000,AAPL,2026-10-30,P,125.0,0.0,0.0,2.13,608.0,1.4018,0.0,0.0,-0.0001,0.0,0.0006,-0.0004,0.0,0.0026,0.0,0.0,0.0,0.0,no_change,0.0,,0.0,0.0,332.685,2026-09-11 19:44:22,2026-09-11 15:45:04
AAPL,AAPL261030P00130000,AAPL,2026-10-30,P,130.0,0.0,0.0,1.14,613.0,1.2247,0.0,0.0,-0.0001,0.0,0.0007,-0.0005,-0.0001,0.0033,0.0,0.0,0.0,0.0,no_change,0.0,,0.0,0.0,332.685,2026-09-11 19:44:22,2026-09-11 15:45:04
AAPL,AAPL261030P00135000,AAPL,2026-10-30,P,135.0,0.0,0.0,0.74,574.0,1.1101,0.0,0.0,-0.0002,0.0,0.0009,-0.0006,-0.0001,0.004,0.0,0.0,0.0,0.0,no_change,0.0,,0.0,0.0,332.685,2026-09-11 19:44:22,2026-09-11 15:45:04
AAPL,AAPL261030P00140000,AAPL,2026-10-30,P,140.0,0.0,0.0,0.74,618.0,1.0687,0.0,0.0,-0.0002,0.0,0.0011,-0.0007,-0.0001,0.005,0.0,0.0,0.0,0.0,no_change,0.0,,0.0,0.0,332.685,2026-09-11 19:44:22,2026-09-11 15:45:04
AAPL,AAPL261030P00145000,AAPL,2026-10-30,P,145.0,0.0,0.0,2.13,593.0,1.2068,0.0,0.0,-0.0003,0.0,0.0014,-0.0008,-0.0001,0.0062,0.0,0.0,0.0,0.0,no_change,0.0,,0.0,0.0,332.685,2026-09-11 19:44:22,2026-09-11 15:45:04
AAPL,AAPL261030P00150000,AAPL,2026-10-30,P,150.0,0.0,0.0,1.55,493.0,1.1035,0.0,0.0,-0.0004,0.0,0.0017,-0.001,-0.0002,0.0076,0.0,0.0,0.0,0.0,no_change,0.0,,0.0,0.0,332.685,2026-09-11 19:44:22,2026-09-11 15:45:04
AAPL,AAPL261030P00155000,AAPL,2026-10-30,P,155.0,0.0,0.0,2.04,574.0,1.1114,0.0,0.0,-0.0005,0.0,0.002,-0.0012,-0.0002,0.0094,0.0,0.0,0.0,0.0,no_change,0.0,,0.0,0.0,332.685,2026-09-11 19:44:22,2026-09-11 15:45:04
AAPL,AAPL261030P00160000,AAPL,2026-10-30,P,160.0,0.0,0.0,1.16,622.0,0.9773,0.0,0.0,-0.0006,0.0,0.0025,-0.0015,-0.0002,0.0115,0.0,0.0,0.0,0.0,no_change,0.0,,0.0,0.0,332.685,2026-09-11 19:44:22,2026-09-11 15:45:04
AAPL,AAPL261030P00165000,AAPL,2026-10-30,P,165.0,0.0,0.0,0.97,640.0,0.9158,0.0,0.0,-0.0007,0.0,0.003,-0.0017,-0.0003,0.0141,0.0,0.0,0.0,0.0,no_change,0.0,,0.0,0.0,332.685,2026-09-11 19:44:22,2026-09-11 15:45:04
AAPL,AAPL261030P00170000,AAPL,2026-10-30,P,170.0,0.0,0.0,1.78,676.0,0.9682,0.0,0.0,-0.0009,0.0,0.0036,-0.0021,-0.0004,0.0172,0.0,0.0,0.0,0.0,no_change,0.0,,0.0,0.0,332.685,2026-09-11 19:44:22,2026-09-11 15:45:04
AAPL,AAPL261030P00175000,AAPL,2026-10-30,P,175.0,0.0,0.0,0.75,639.0,0.8159,0.0,0.0,-0.001,0.0,0.0044,-0.0024,-0.0005,0.0209,0.0,0.0,0.0,0.0,no_change,0.0,,0.0,0.0,332.685,2026-09-11 19:44:22,2026-09-11 15:45:04
AAPL,AAPL261030P00180000,AAPL,2026-10-30,P,180.0,0.0,0.0,1.0,667.0,0.8171,0.0,0.0,-0.0013,0.0001,0.0053,-0.0028,-0.0006,0.0253,0.0,0.0,0.0,0.0,no_change,0.0,,0.0,0.0,332.685,2026-09-11 19:44:22,2026-09-11 15:45:04
AAPL,AAPL261030P00185000,AAPL,2026-10-30,P,185.0,0.0,0.0,0.8,678.0,0.7594,0.0,0.0,-0.0016,0.0001,0.0063,-0.0033,-0.0007,0.0306,0.0,0.0,0.0,0.0,no_change,0.0,,0.0,0.0,332.685,2026-09-11 19:44:22,2026-09-11 15:45:04
AAPL,AAPL261030P00190000,AAPL,2026-10-30,P,190.0,0.0,0.0,0.6,382.0,0.6998,0.0,0.0,-0.0019,0.0001,0.0076,-0.0039,-0.0008,0.0369,0.0,0.0,0.0,0.0,no_change,0.0,,0.0,0.0,332.685,2026-09-11 19:44:22,2026-09-11 15:45:04
AAPL,AAPL261030P00195000,AAPL,2026-10-30,P,195.0,0.0,0.0,0.37,580.0,0.6293,0.0,0.0,-0.0023,0.0001,0.0091,-0.0046,-0.001,0.0445,0.0,0.0,0.0,0.0,no_change,0.0,,0.0,0.0,332.685,2026-09-11 19:44:22,2026-09-11 15:45:04
AAPL,AAPL261030P00200000,AAPL,2026-10-30,P,200.0,0.0,0.0,0.38,676.0,0.6044,0.0,0.0,-0.0028,0.0001,0.0108,-0.0053,-0.0012,0.0534,0.0,0.0,0.0,0.0,no_change,0.0,,0.0,0.0,332.685,2026-09-11 19:44:22,2026-09-11 15:45:04
AAPL,AAPL261030P00205000,AAPL,2026-10-30,P,205.0,0.0,0.0,0.39,571.0,0.5799,0.0,0.0,-0.0034,0.0002,0.0128,-0.0061,-0.0015,0.0638,0.0,0.0,0.0,0.0,no_change,0.0,,0.0,0.0,332.685,2026-09-11 19:44:22,2026-09-11 15:45:04
AAPL,AAPL261030P00210000,AAPL,2026-10-30,P,210.0,0.0,0.0,0.41,634.0,0.5577,0.0,0.0,-0.0041,0.0002,0.0151,-0.007,-0.0018,0.0762,0.0,0.0,0.0,0.0,no_change,0.0,,0.0,0.0,332.685,2026-09-11 19:44:22,2026-09-11 15:45:04
AAPL,AAPL261030P00215000,AAPL,2026-10-30,P,215.0,0.0,0.0,0.43,629.0,0.5356,0.0,0.0,-0.0049,0.0002,0.0178,-0.0081,-0.0021,0.0908,0.0,0.0,0.0,0.0,no_change,0.0,,0.0,0.0,332.685,2026-09-11 19:44:22,2026-09-11 15:45:04
AAPL,AAPL261030P00220000,AAPL,2026-10-30,P,220.0,0.04,48.0,0.22,278.0,0.4794,0.0,3.0,-0.0059,0.0003,0.0209,-0.0093,-0.0026,0.1077,0.16,0.08,0.22,0.08,down,0.16,2026-09-11T13:37:44,0.0,0.0,332.685,2026-09-11 19:44:22,2026-09-11 15:45:04
AAPL,AAPL261030P00225000,AAPL,2026-10-30,P,225.0,0.0,0.0,0.49,575.0,0.4948,0.0,0.0,-0.0071,0.0004,0.0247,-0.0106,-0.0031,0.1283,0.0,0.0,0.0,0.0,no_change,0.0,,0.0,0.0,332.685,2026-09-11 19:44:22,2026-09-11 15:45:04
AAPL,AAPL261030P00230000,AAPL,2026-10-30,P,230.0,0.0,0.0,0.54,579.0,0.4768,0.0,0.0,-0.0085,0.0004,0.0289,-0.0122,-0.0037,0.1526,0.0,0.0,0.0,0.0,no_change,0.0,,0.0,0.0,332.685,2026-09-11 19:44:22,2026-09-11 15:45:04
AAPL,AAPL261030P00235000,AAPL,2026-10-30,P,235.0,0.0,0.0,0.59,634.0,0.4586,0.0,0.0,-0.0102,0.0005,0.034,-0.0139,-0.0044,0.1812,0.0,0.0,0.0,0.0,no_change,0.0,,0.0,0.0,332.685,2026-09-11 19:44:22,2026-09-11 15:45:04
AAPL,AAPL261030P00240000,AAPL,2026-10-30,P,240.0,0.14,10.0,0.36,271.0,0.4242,11.0,0.0,-0.0122,0.0006,0.0399,-0.0158,-0.0053,0.216,0.0,0.0,0.0,0.0,down,0.32,2026-09-10T15:39:38,0.0,0.329999998211861,332.685,2026-09-11 19:44:22,2026-09-11 15:45:04
AAPL,AAPL261030P00245000,AAPL,2026-10-30,P,245.0,0.03,388.0,0.6,611.0,0.4148,0.0,100.0,-0.0147,0.0008,0.0467,-0.0181,-0.0064,0.2581,-0.01,0.33,0.33,0.33,no_change,0.33,2026-09-11T10:53:57,-2.94118,0.340000003576279,332.685,2026-09-11 19:44:22,2026-09-11 15:45:04
AAPL,AAPL261030P00250000,AAPL,2026-10-30,P,250.0,0.05,400.0,0.46,348.0,0.3789,0.0,14.0,-0.0178,0.0009,0.0553,-0.0207,-0.0078,0.3101,0.03,0.32,0.42,0.32,no_change,0.41,2026-09-11T11:41:23,7.89474,0.379999995231628,332.685,2026-09-11 19:44:22,2026-09-11 15:45:04
AAPL,AAPL261030P00255000,AAPL,2026-10-30,P,255.0,0.13,353.0,0.49,317.0,0.3669,0.0,74.0,-0.0216,0.0011,0.0648,-0.0237,-0.0094,0.3742,-0.17,0.46,0.46,0.29,down,0.29,2026-09-11T14:46:09,-36.9565,0.46000000834465,332.685,2026-09-11 19:44:22,2026-09-11 15:45:04
AAPL,AAPL261030P00260000,AAPL,2026-10-30,P,260.0,0.24,285.0,0.57,186.0,0.3593,4.0,0.0,-0.0264,0.0014,0.0769,-0.0271,-0.0114,0.4537,0.0,0.0,0.0,0.0,down,0.83,2026-09-10T09:48:40,0.0,0.574999988079071,332.685,2026-09-11 19:44:22,2026-09-11 15:45:04
AAPL,AAPL261030P00265000,AAPL,2026-10-30,P,265.0,0.42,318.0,0.69,308.0,0.3549,0.0,5.0,-0.0323,0.0017,0.0904,-0.0312,-0.0139,0.5559,-0.195,0.69,0.69,0.55,no_change,0.55,2026-09-11T13:10:23,-26.1745,0.745000004768372,332.685,2026-09-11 19:44:22,2026-09-11 15:45:04
AAPL,AAPL261030P00270000,AAPL,2026-10-30,P,270.0,0.56,304.0,0.79,270.0,0.3431,484.0,32.0,-0.0399,0.002,0.108,-0.0361,-0.0173,0.6873,-0.545,0.79,0.79,0.69,down,0.74,2026-09-11T14:58:48,-42.4125,1.28499999642372,332.685,2026-09-11 19:44:22,2026-09-11 15:45:04
AAPL,AAPL261030P00275000,AAPL,2026-10-30,P,275.0,0.42,368.0,1.0,207.0,0.322,52.0,22.0,-0.0493,0.0025,0.1271,-0.0418,-0.0211,0.8559,-1.0,1.1,1.1,0.62,down,0.86,2026-09-11T12:32:07,-53.7634,1.86000001430511,332.685,2026-09-11 19:44:22,2026-09-11 15:45:04
AAPL,AAPL261030P00280000,AAPL,2026-10-30,P,280.0,0.74,233.0,1.19,157.0,0.3176,33.0,21.0,-0.0614,0.0031,0.1512,-0.0484,-0.0261,1.0758,-0.53,1.15,1.15,0.99,no_change,0.99,2026-09-11T13:46:21,-34.8684,1.51999998092651,332.685,2026-09-11 19:44:22,2026-09-11 15:45:04
AAPL,AAPL261030P00285000,AAPL,2026-10-30,P,285.0,1.23,244.0,1.5,226.0,0.3169,2.0,21.0,-0.0766,0.0037,0.1783,-0.0561,-0.0326,1.3637,-0.88,1.5,1.5,1.21,down,1.31,2026-09-11T13:55:13,-40.1826,2.18999999761581,332.685,2026-09-11 19:44:22,2026-09-11 15:45:04
AAPL,AAPL261030P00290000,AAPL,2026-10-30,P,290.0,1.64,223.0,2.0,246.0,0.3132,5.0,40.0,-0.0955,0.0045,0.2098,-0.0648,-0.0402,1.736,-1.095,2.31,2.31,1.6,down,1.71,2026-09-11T15:07:28,-39.0374,2.80499994754791,332.685,2026-09-11 19:44:22,2026-09-11 15:45:04
AAPL,AAPL261030P00295000,AAPL,2026-10-30,P,295.0,2.03,276.0,2.47,281.0,0.3036,125.0,95.0,-0.1188,0.0054,0.2458,-0.0744,-0.0497,2.2149,-1.3,2.04,2.4,2.04,up,2.25,2026-09-11T15:04:11,-36.6197,3.55000007152557,332.685,2026-09-11 19:44:22,2026-09-11 15:45:04
AAPL,AAPL261030P00300000,AAPL,2026-10-30,P,300.0,2.78,8.0,3.05,183.0,0.2994,97.0,339.0,-0.1466,0.0064,0.2832,-0.0846,-0.0615,2.8175,-1.41,4.0,4.0,2.65,no_change,2.89,2026-09-11T15:28:41,-32.7907,4.29999995231628,332.685,2026-09-11 19:44:22,2026-09-11 15:45:04
AAPL,AAPL261030P00305000,AAPL,2026-10-30,P,305.0,3.45,308.0,4.0,319.0,0.2939,24.0,77.0,-0.1808,0.0075,0.3229,-0.0952,-0.0746,3.599,-1.575,3.35,3.7,3.35,no_change,3.7,2026-09-11T15:00:11,-29.8578,5.27500009536743,332.685,2026-09-11 19:44:22,2026-09-11 15:45:04
AAPL,AAPL261030P00310000,AAPL,2026-10-30,P,310.0,4.4,289.0,4.9,345.0,0.2875,39.0,92.0,-0.2198,0.0086,0.3623,-0.1056,-0.0895,4.5505,-1.75,5.0,5.0,4.26,up,4.75,2026-09-11T14:35:14,-26.9231,6.5,332.685,2026-09-11 19:44:22,2026-09-11 15:45:04
AAPL,AAPL261030P00315000,AAPL,2026-10-30,P,315.0,5.6,281.0,6.0,10.0,0.2816,86.0,283.0,-0.265,0.0097,0.4008,-0.1153,-0.1065,5.7339,-2.3,5.15,6.2,5.15,down,5.85,2026-09-11T15:28:34,-28.2209,8.15000009536743,332.685,2026-09-11 19:44:22,2026-09-11 15:45:04
AAPL,AAPL261030P00320000,AAPL,2026-10-30,P,320.0,7.05,12.0,7.55,211.0,0.2787,93.0,147.0,-0.3158,0.0107,0.4351,-0.1238,-0.1254,7.1685,-3.325,7.45,7.64,6.7,down,7.15,2026-09-11T15:28:34,-31.7422,10.4749999046326,332.685,2026-09-11 19:44:22,2026-09-11 15:45:04
AAPL,AAPL261030P00325000,AAPL,2026-10-30,P,325.0,8.7,110.0,9.2,1.0,0.2732,27.0,36.0,-0.3715,0.0116,0.46,-0.1304,-0.1454,8.8869,-3.35,9.6,9.65,8.33,down,8.8,2026-09-11T15:28:41,-27.572,12.1499996185303,332.685,2026-09-11 19:44:22,2026-09-11 15:45:04
AAPL,AAPL261030P00330000,AAPL,2026-10-30,P,330.0,10.65,119.0,11.2,3.0,0.2686,51.0,52.0,-0.4312,0.0122,0.4779,-0.1346,-0.1633,10.9146,-3.9,12.4,12.4,10.2,no_change,11.0,2026-09-11T15:24:33,-26.1745,14.8999996185303,332.685,2026-09-11 19:44:22,2026-09-11 15:45:04
AAPL,AAPL261030P00335000,AAPL,2026-10-30,P,335.0,12.95,149.0,13.9,232.0,0.2687,5.0,29.0,-0.4934,0.0126,0.4845,-0.1361,-0.1799,13.2677,-3.825,15.1,15.1,11.87,no_change,13.4,2026-09-11T15:25:59,-22.2061,17.2249999046326,332.685,2026-09-11 19:44:22,2026-09-11 15:45:04
AAPL,AAPL261030P00340000,AAPL,2026-10-30,P,340.0,14.8,203.0,17.15,398.0,0.2634,2.0,110.0,-0.5566,0.0128,0.4788,-0.1347,-0.1935,15.9564,-5.05,18.33,18.33,14.85,up,16.0,2026-09-11T13:20:09,-23.9905,21.0500001907349,332.685,2026-09-11 19:44:22,2026-09-11 15:45:04
AAPL,AAPL261030P00345000,AAPL,2026-10-30,P,345.0,16.95,271.0,20.25,291.0,0.2528,0.0,0.0,-0.619,0.0126,0.4618,-0.1307,-0.206,18.9797,0.0,0.0,0.0,0.0,no_change,0.0,,0.0,24.0,332.685,2026-09-11 19:44:22,2026-09-11 15:45:04
AAPL,AAPL261030P00350000,AAPL,2026-10-30,P,350.0,20.3,439.0,23.2,268.0,0.2462,1.0,1.0,-0.679,0.0121,0.4324,-0.1244,-0.2131,22.3269,-5.695,22.18,22.18,22.18,down,22.18,2026-09-11T09:37:10,-20.4305,27.875,332.685,2026-09-11 19:44:22,2026-09-11 15:45:04
AAPL,AAPL261030P00355000,AAPL,2026-10-30,P,355.0,24.35,408.0,26.8,304.0,0.2485,0.0,4.0,-0.7352,0.0114,0.3982,-0.1162,-0.2152,25.9758,-6.35,24.8,25.4,24.8,up,25.4,2026-09-11T14:39:48,-20.0,31.75,332.685,2026-09-11 19:44:22,2026-09-11 15:45:04
AAPL,AAPL261030P00360000,AAPL,2026-10-30,P,360.0,28.2,388.0,30.9,334.0,0.2482,0.0,1.0,-0.7866,0.0105,0.3542,-0.1068,-0.2121,29.9035,-7.2,29.0,29.0,29.0,down,29.0,2026-09-11T12:27:57,-19.8895,36.2000007629394,332.685,2026-09-11 19:44:22,2026-09-11 15:45:04
AAPL,AAPL261030P00365000,AAPL,2026-10-30,P,365.0,32.15,378.0,35.0,398.0,0.241,0.0,1.0,-0.8325,0.0096,0.3033,-0.0968,-0.198,34.0725,-8.71,31.84,31.84,31.84,down,31.84,2026-09-11T11:13:52,-21.4797,40.5499992370606,332.685,2026-09-11 19:44:22,2026-09-11 15:45:04
AAPL,AAPL261030P00370000,AAPL,2026-10-30,P,370.0,36.5,331.0,39.3,293.0,0.2338,0.0,0.0,-0.8728,0.0086,0.2502,-0.0872,-0.1746,38.4474,0.0,0.0,0.0,0.0,no_change,0.0,,0.0,45.0500011444092,332.685,2026-09-11 19:44:22,2026-09-11 15:45:04
AAPL,AAPL261030P00375000,AAPL,2026-10-30,P,375.0,41.05,131.0,43.85,124.0,0.2209,0.0,0.0,-0.9075,0.0075,0.1985,-0.0772,-0.1434,42.9951,0.0,0.0,0.0,0.0,no_change,0.0,,0.0,49.7749996185303,332.685,2026-09-11 19:44:22,2026-09-11 15:45:04
AAPL,AAPL261030P00380000,AAPL,2026-10-30,P,380.0,45.75,129.0,49.05,121.0,0.2332,1.0,0.0,-0.9368,0.0063,0.1497,-0.067,-0.1162,47.6873,0.0,0.0,0.0,0.0,up,57.0,2026-09-10T14:12:19,0.0,54.6000003814697,332.685,2026-09-11 19:44:22,2026-09-11 15:45:04
AAPL,AAPL261030P00385000,AAPL,2026-10-30,P,385.0,50.55,111.0,54.25,104.0,0.2508,0.0,0.0,-0.9597,0.005,0.0998,-0.0534,-0.078,52.4946,0.0,0.0,0.0,0.0,no_change,0.0,,0.0,0.0,332.685,2026-09-11 19:44:22,2026-09-11 15:45:04
AAPL,AAPL261030P00390000,AAPL,2026-10-30,P,390.0,55.5,91.0,59.15,84.0,0.2505,0.0,0.0,-0.9764,0.0036,0.065,-0.0381,-0.0416,57.3806,0.0,0.0,0.0,0.0,no_change,0.0,,0.0,0.0,332.685,2026-09-11 19:44:22,2026-09-11 15:45:04
AAPL,AAPL261030P00395000,AAPL,2026-10-30,P,395.0,60.25,86.0,64.4,81.0,0.2665,0.0,0.0,-0.9876,0.0023,0.036,-0.0224,-0.0297,62.3242,0.0,0.0,0.0,0.0,no_change,0.0,,0.0,0.0,332.685,2026-09-11 19:44:22,2026-09-11 15:45:04
AAPL,AAPL261030P00400000,AAPL,2026-10-30,P,400.0,65.45,90.0,69.15,81.0,0.2693,0.0,0.0,-0.994,0.0013,0.0153,-0.0111,-0.0097,67.2991,0.0,0.0,0.0,0.0,no_change,0.0,,0.0,0.0,332.685,2026-09-11 19:44:22,2026-09-11 15:45:04
AAPL,AAPL261030P00405000,AAPL,2026-10-30,P,405.0,70.45,85.0,74.3,81.0,0.3115,0.0,0.0,-0.9977,0.0006,0.0087,-0.0038,-0.0035,72.2881,0.0,0.0,0.0,0.0,no_change,0.0,,0.0,0.0,332.685,2026-09-11 19:44:22,2026-09-11 15:45:04
AAPL,AAPL261030P00410000,AAPL,2026-10-30,P,410.0,75.45,90.0,79.15,85.0,0.2984,0.0,0.0,-0.999,0.0003,0.0017,-0.0013,-0.0011,77.286,0.0,0.0,0.0,0.0,no_change,0.0,,0.0,0.0,332.685,2026-09-11 19:44:22,2026-09-11 15:45:04
AAPL,AAPL261030P00415000,AAPL,2026-10-30,P,415.0,80.45,90.0,84.3,81.0,0.3421,0.0,0.0,-0.9998,0.0001,0.001,0.0,0.0,82.285,0.0,0.0,0.0,0.0,no_change,0.0,,0.0,0.0,332.685,2026-09-11 19:44:22,2026-09-11 15:45:04
AAPL,AAPL261120C00100000,AAPL,2026-11-20,C,100.0,231.7,116.0,234.95,108.0,0.0,13.0,0.0,0.9995,0.0,0.0012,-0.0006,0.155,233.3438,0.0,0.0,0.0,0.0,no_change,217.92,2026-08-31T15:59:17,0.0,226.225006103516,332.685,2026-09-11 19:44:22,2026-09-11 15:45:04
AAPL,AAPL261120C00105000,AAPL,2026-11-20,C,105.0,226.95,117.0,230.0,117.0,1.0125,12.0,0.0,0.9995,0.0,0.0014,-0.0007,0.1628,228.3807,0.0,0.0,0.0,0.0,up,158.6,2026-01-27T09:32:54,0.0,221.400001525879,332.685,2026-09-11 19:44:22,2026-09-11 15:45:04
AAPL,AAPL261120C00110000,AAPL,2026-11-20,C,110.0,221.85,100.0,225.0,99.0,0.8237,48.0,0.0,0.9994,0.0,0.0016,-0.0008,0.1705,223.4177,0.0,0.0,0.0,0.0,up,213.45,2026-09-10T09:38:22,0.0,216.275001525879,332.685,2026-09-11 19:44:22,2026-09-11 15:45:04
AAPL,AAPL261120C00115000,AAPL,2026-11-20,C,115.0,216.9,115.0,220.3,116.0,0.9794,1.0,0.0,0.9994,0.0,0.002,-0.001,0.1784,218.4549,0.0,0.0,0.0,0.0,down,173.82,2026-05-07T15:51:36,0.0,211.349998474121,332.685,2026-09-11 19:44:22,2026-09-11 15:45:04
AAPL,AAPL261120C00120000,AAPL,2026-11-20,C,120.0,211.9,106.0,215.1,99.0,0.7735,70.0,0.0,0.9993,0.0,0.0023,-0.0011,0.1861,213.4925,0.0,0.0,0.0,0.0,up,206.14,2026-09-02T09:59:58,0.0,206.450004577637,332.685,2026-09-11 19:44:22,2026-09-11 15:45:04
AAPL,AAPL261120C00125000,AAPL,2026-11-20,C,125.0,207.4,104.0,210.3,101.0,0.994,29.0,0.0,0.9992,0.0,0.0027,-0.0013,0.1938,208.5302,0.0,0.0,0.0,0.0,up,202.96,2026-09-01T11:54:21,0.0,201.400001525879,332.685,2026-09-11 19:44:22,2026-09-11 15:45:04
AAPL,AAPL261120C00130000,AAPL,2026-11-20,C,130.0,201.95,105.0,205.15,100.0,0.0,45.0,0.0,0.9991,0.0,0.0032,-0.0015,0.2018,203.5684,0.0,0.0,0.0,0.0,down,186.93,2026-09-08T15:28:15,0.0,196.275001525879,332.685,2026-09-11 19:44:22,2026-09-11 15:45:04
AAPL,AAPL261120C00135000,AAPL,2026-11-20,C,135.0,196.85,103.0,200.4,102.0,0.7266,23.0,0.0,0.999,0.0,0.0037,-0.0017,0.2095,198.607,0.0,0.0,0.0,0.0,up,181.23,2026-08-31T11:28:19,0.0,191.424995422363,332.685,2026-09-11 19:44:22,2026-09-11 15:45:04
AAPL,AAPL261120C00140000,AAPL,2026-11-20,C,140.0,191.85,96.0,195.25,98.0,0.0,23.0,0.0,0.9989,0.0,0.0044,-0.0019,0.2175,193.6461,0.0,0.0,0.0,0.0,no_change,187.34,2026-09-01T12:09:02,0.0,186.324996948242,332.685,2026-09-11 19:44:22,2026-09-11 15:45:04
AAPL,AAPL261120C00145000,AAPL,2026-11-20,C,145.0,187.55,113.0,190.5,114.0,0.863,31.0,0.0,0.9987,0.0,0.0051,-0.0022,0.2254,188.6858,0.0,0.0,0.0,0.0,down,171.02,2026-08-31T11:51:11,0.0,181.525001525879,332.685,2026-09-11 19:44:22,2026-09-11 15:45:04
AAPL,AAPL261120C00150000,AAPL,2026-11-20,C,150.0,182.15,105.0,185.3,92.0,0.6335,207.0,0.0,0.9985,0.0,0.006,-0.0025,0.2332,183.7261,0.0,0.0,0.0,0.0,up,176.14,2026-09-01T11:25:35,0.0,176.575004577637,332.685,2026-09-11 19:44:22,2026-09-11 15:45:04
AAPL,AAPL261120C00155000,AAPL,2026-11-20,C,155.0,177.95,98.0,180.6,105.0,0.8449,47.0,0.0,0.9983,0.0,0.007,-0.0029,0.2416,178.7674,0.0,0.0,0.0,0.0,up,170.74,2026-09-01T11:29:06,0.0,171.550003051758,332.685,2026-09-11 19:44:22,2026-09-11 15:45:04
AAPL,AAPL261120C00160000,AAPL,2026-11-20,C,160.0,172.65,97.0,175.6,98.0,0.7661,30.0,0.0,0.998,0.0001,0.0082,-0.0033,0.2505,173.8095,0.0,0.0,0.0,0.0,down,167.23,2026-09-01T12:12:49,0.0,166.674995422363,332.685,2026-09-11 19:44:22,2026-09-11 15:45:04
AAPL,AAPL261120C00165000,AAPL,2026-11-20,C,165.0,167.1,105.0,170.45,104.0,0.0,3.0,0.0,0.9977,0.0001,0.0096,-0.0037,0.27,168.853,0.0,0.0,0.0,0.0,down,141.77,2026-08-03T10:07:45,0.0,161.650001525879,332.685,2026-09-11 19:44:22,2026-09-11 15:45:04
AAPL,AAPL261120C00170000,AAPL,2026-11-20,C,170.0,162.85,105.0,165.2,113.0,0.6498,52.0,0.0,0.9973,0.0001,0.0112,-0.0042,0.305,163.8998,0.0,0.0,0.0,0.0,up,147.0,2026-08-19T12:58:09,0.0,156.950004577637,332.685,2026-09-11 19:44:22,2026-09-11 15:45:04
AAPL,AAPL261120C00175000,AAPL,2026-11-20,C,175.0,157.9,96.0,160.05,125.0,0.577,36.0,0.0,0.9968,0.0001,0.0129,-0.0048,0.3301,158.9516,0.0,0.0,0.0,0.0,up,166.62,2026-07-28T15:45:12,0.0,151.724998474121,332.685,2026-09-11 19:44:22,2026-09-11 15:45:04
AAPL,AAPL261120C00180000,AAPL,2026-11-20,C,180.0,152.85,118.0,155.65,117.0,0.6446,17.0,0.0,0.9963,0.0001,0.0149,-0.0054,0.344,154.0069,0.0,0.0,0.0,0.0,up,137.79,2026-09-08T09:38:13,0.0,147.025001525879,332.685,2026-09-11 19:44:22,2026-09-11 15:45:04
AAPL,AAPL261120C00185000,AAPL,2026-11-20,C,185.0,147.95,107.0,150.7,127.0,0.6266,279.0,0.0,0.9957,0.0001,0.0172,-0.006,0.3541,149.0646,0.0,0.0,0.0,0.0,no_change,149.76,2026-07-17T12:49:35,0.0,142.050003051758,332.685,2026-09-11 19:44:22,2026-09-11 15:45:04
AAPL,AAPL261120C00190000,AAPL,2026-11-20,C,190.0,143.0,129.0,145.75,132.0,0.6024,77.0,0.0,0.9951,0.0002,0.0199,-0.0068,0.3634,144.1245,0.0,0.0,0.0,0.0,up,117.05,2026-08-13T15:49:45,0.0,136.924995422363,332.685,2026-09-11 19:44:22,2026-09-11 15:45:04
AAPL,AAPL261120C00195000,AAPL,2026-11-20,C,195.0,137.4,122.0,140.3,120.0,0.0,24.0,0.0,0.9943,0.0002,0.023,-0.0077,0.3725,139.187,0.0,0.0,0.0,0.0,up,122.6,2026-08-31T15:32:14,0.0,131.950004577637,332.685,2026-09-11 19:44:22,2026-09-11 15:45:04
AAPL,AAPL261120C00200000,AAPL,2026-11-20,C,200.0,133.35,252.0,135.35,284.0,0.525,132.0,10.0,0.9933,0.0002,0.0265,-0.0087,0.3815,134.2523,7.175,134.15,134.15,134.15,up,134.15,2026-09-11T15:00:41,5.65072,126.975002288818,332.685,2026-09-11 19:44:22,2026-09-11 15:45:04
AAPL,AAPL261120C00205000,AAPL,2026-11-20,C,205.0,128.45,148.0,130.4,190.0,0.5103,58.0,1.0,0.9923,0.0003,0.0305,-0.0097,0.3904,129.3209,7.005,129.18,129.18,129.18,up,129.18,2026-09-11T14:46:46,5.73358,122.174999237061,332.685,2026-09-11 19:44:22,2026-09-11 15:45:04
AAPL,AAPL261120C00210000,AAPL,2026-11-20,C,210.0,123.15,107.0,125.5,102.0,0.4437,75.0,0.0,0.991,0.0003,0.0351,-0.0109,0.3992,124.3934,0.0,0.0,0.0,0.0,up,115.87,2026-09-10T14:23:17,0.0,117.375,332.685,2026-09-11 19:44:22,2026-09-11 15:45:04
AAPL,AAPL261120C00215000,AAPL,2026-11-20,C,215.0,118.55,221.0,120.55,258.0,0.4739,144.0,12.0,0.9895,0.0004,0.0403,-0.0123,0.4078,119.4703,9.02,121.52,121.52,121.52,up,121.52,2026-09-11T11:03:24,8.01778,112.5,332.685,2026-09-11 19:44:22,2026-09-11 15:45:04
AAPL,AAPL261120C00220000,AAPL,2026-11-20,C,220.0,113.8,262.0,115.65,301.0,0.476,399.0,6.0,0.9878,0.0005,0.0463,-0.0137,0.4162,114.5525,9.725,111.55,117.3,111.55,up,117.3,2026-09-11T11:30:54,9.0402,107.575000762939,332.685,2026-09-11 19:44:22,2026-09-11 15:45:04
AAPL,AAPL261120C00225000,AAPL,2026-11-20,C,225.0,108.6,401.0,110.1,46.0,0.3193,2439.0,2.0,0.9857,0.0006,0.0531,-0.0154,0.4245,109.6409,4.5,103.78,106.65,103.78,up,106.65,2026-09-11T09:34:43,4.40528,102.150001525879,332.685,2026-09-11 19:44:22,2026-09-11 15:45:04
AAPL,AAPL261120C00230000,AAPL,2026-11-20,C,230.0,103.8,342.0,105.85,358.0,0.4334,3707.0,20.0,0.9833,0.0007,0.0608,-0.0172,0.4325,104.7369,1.245,98.97,98.97,98.97,up,98.97,2026-09-11T09:30:08,1.27398,97.7249984741211,332.685,2026-09-11 19:44:22,2026-09-11 15:45:04
AAPL,AAPL261120C00235000,AAPL,2026-11-20,C,235.0,98.9,213.0,100.95,236.0,0.4195,168.0,1.0,0.9805,0.0008,0.0698,-0.0192,0.4402,99.8417,7.95,100.65,100.65,100.65,up,100.65,2026-09-11T13:40:13,8.57605,92.7000007629394,332.685,2026-09-11 19:44:22,2026-09-11 15:45:04
AAPL,AAPL261120C00240000,AAPL,2026-11-20,C,240.0,93.9,450.0,96.05,444.0,0.3986,411.0,0.0,0.9771,0.0009,0.0799,-0.0214,0.4476,94.9577,0.0,0.0,0.0,0.0,up,86.91,2026-09-10T12:48:42,0.0,87.7000007629394,332.685,2026-09-11 19:44:22,2026-09-11 15:45:04
AAPL,AAPL261120C00245000,AAPL,2026-11-20,C,245.0,89.4,421.0,91.05,386.0,0.4001,1858.0,0.0,0.9732,0.0011,0.0915,-0.0239,0.4545,90.0873,0.0,0.0,0.0,0.0,down,74.33,2026-09-08T11:55:13,0.0,83.1500015258789,332.685,2026-09-11 19:44:22,2026-09-11 15:45:04
AAPL,AAPL261120C00250000,AAPL,2026-11-20,C,250.0,84.25,411.0,85.7,219.0,0.3453,414.0,19.0,0.9684,0.0013,0.1051,-0.0268,0.4609,85.2338,6.7,84.45,87.6,84.45,down,84.85,2026-09-11T14:04:36,8.57325,78.1500015258789,332.685,2026-09-11 19:44:22,2026-09-11 15:45:04
AAPL,AAPL261120C00255000,AAPL,2026-11-20,C,255.0,79.85,336.0,81.25,366.0,0.3766,1255.0,3.0,0.9627,0.0015,0.1204,-0.0299,0.4666,80.4019,6.45,80.1,80.1,79.7,down,79.7,2026-09-11T14:24:06,8.80546,73.25,332.685,2026-09-11 19:44:22,2026-09-11 15:45:04
AAPL,AAPL261120C00260000,AAPL,2026-11-20,C,260.0,74.8,423.0,76.35,376.0,0.3529,1074.0,14.0,0.9558,0.0018,0.1383,-0.0336,0.4716,75.5968,8.605,74.7,78.09,74.7,down,77.28,2026-09-11T13:32:17,12.53,68.6749992370606,332.685,2026-09-11 19:44:22,2026-09-11 15:45:04
AAPL,AAPL261120C00265000,AAPL,2026-11-20,C,265.0,70.45,276.0,71.0,88.0,0.3384,927.0,3.0,0.9475,0.0021,0.1587,-0.0376,0.4755,70.8261,5.1,70.57,72.05,69.15,down,69.15,2026-09-11T10:07:41,7.96253,64.0499992370606,332.685,2026-09-11 19:44:22,2026-09-11 15:45:04
AAPL,AAPL261120C00270000,AAPL,2026-11-20,C,270.0,65.55,309.0,67.15,500.0,0.35,6659.0,31.0,0.9374,0.0025,0.182,-0.0422,0.4783,66.098,8.25,68.05,68.6,67.5,down,67.5,2026-09-11T12:07:59,13.9241,59.25,332.685,2026-09-11 19:44:22,2026-09-11 15:45:04
AAPL,AAPL261120C00275000,AAPL,2026-11-20,C,275.0,61.1,205.0,61.6,106.0,0.3244,3035.0,8.0,0.9253,0.0029,0.2085,-0.0473,0.4795,61.4239,8.99,63.37,63.83,63.37,down,63.74,2026-09-11T11:00:53,16.4201,54.75,332.685,2026-09-11 19:44:22,2026-09-11 15:45:04
AAPL,AAPL261120C00280000,AAPL,2026-11-20,C,280.0,56.2,380.0,57.45,412.0,0.3208,2212.0,22.0,0.9108,0.0034,0.2381,-0.053,0.4792,56.8161,7.825,51.8,59.55,51.7,down,57.95,2026-09-11T13:29:52,15.611,50.125,332.685,2026-09-11 19:44:22,2026-09-11 15:45:04
AAPL,AAPL261120C00285000,AAPL,2026-11-20,C,285.0,51.75,338.0,52.85,349.0,0.3137,2588.0,39.0,0.8934,0.004,0.2709,-0.0592,0.4767,52.2899,6.15,51.8,55.09,51.75,down,52.35,2026-09-11T13:54:11,13.3117,46.1999988555908,332.685,2026-09-11 19:44:22,2026-09-11 15:45:04
AAPL,AAPL261120C00290000,AAPL,2026-11-20,C,290.0,47.55,149.0,49.0,433.0,0.3201,1924.0,62.0,0.8729,0.0046,0.3066,-0.0658,0.4721,47.8617,6.505,45.2,50.05,45.2,down,48.48,2026-09-11T13:46:29,15.4973,41.9750003814697,332.685,2026-09-11 19:44:22,2026-09-11 15:45:04
AAPL,AAPL261120C00295000,AAPL,2026-11-20,C,295.0,43.15,256.0,43.9,266.0,0.2999,1336.0,21.0,0.8488,0.0053,0.3443,-0.0728,0.465,43.551,6.28,39.5,46.15,39.5,up,43.58,2026-09-11T14:45:13,16.8365,37.3000011444092,332.685,2026-09-11 19:44:22,2026-09-11 15:45:04
AAPL,AAPL261120C00300000,AAPL,2026-11-20,C,300.0,39.05,304.0,39.45,88.0,0.2918,5445.0,297.0,0.821,0.006,0.3837,-0.0799,0.455,39.3773,5.62,35.15,42.0,34.01,up,39.32,2026-09-11T15:19:01,16.6766,33.7000007629394,332.685,2026-09-11 19:44:22,2026-09-11 15:45:04
AAPL,AAPL261120C00305000,AAPL,2026-11-20,C,305.0,34.9,346.0,35.55,201.0,0.2868,3382.0,67.0,0.7893,0.0068,0.423,-0.0869,0.4424,35.3621,5.39,31.1,37.89,31.1,down,35.24,2026-09-11T15:24:20,18.0569,29.8500003814697,332.685,2026-09-11 19:44:22,2026-09-11 15:45:04
AAPL,AAPL261120C00310000,AAPL,2026-11-20,C,310.0,31.25,266.0,31.65,139.0,0.2838,13207.0,267.0,0.7536,0.0075,0.4612,-0.0935,0.4266,31.527,5.0,27.29,34.35,27.29,up,31.5,2026-09-11T15:26:28,18.8679,26.5,332.685,2026-09-11 19:44:22,2026-09-11 15:45:04
AAPL,AAPL261120C00315000,AAPL,2026-11-20,C,315.0,27.5,352.0,28.0,135.0,0.2779,6030.0,486.0,0.7141,0.0083,0.4968,-0.0994,0.408,27.8924,4.78,23.8,30.6,23.8,down,27.93,2026-09-11T15:19:27,20.6479,23.1500005722046,332.685,2026-09-11 19:44:22,2026-09-11 15:45:04
AAPL,AAPL261120C00320000,AAPL,2026-11-20,C,320.0,24.25,470.0,24.6,118.0,0.2764,7323.0,453.0,0.6711,0.0089,0.5276,-0.1044,0.3868,24.4785,4.44,21.57,27.0,21.57,up,24.49,2026-09-11T15:19:58,22.1446,20.0500001907349,332.685,2026-09-11 19:44:22,2026-09-11 15:45:04
AAPL,AAPL261120C00325000,AAPL,2026-11-20,C,325.0,21.1,479.0,21.4,104.0,0.273,10758.0,692.0,0.625,0.0094,0.5527,-0.1082,0.3631,21.3027,4.0,18.34,23.57,18.0,down,21.25,2026-09-11T15:22:02,23.1884,17.25,332.685,2026-09-11 19:44:22,2026-09-11 15:45:04
AAPL,AAPL261120C00330000,AAPL,2026-11-20,C,330.0,18.2,525.0,18.45,112.0,0.2699,10473.0,1281.0,0.5766,0.0099,0.5705,-0.1105,0.3372,18.3786,3.525,15.55,20.55,15.16,up,18.3,2026-09-11T15:26:03,23.8579,14.7749996185303,332.685,2026-09-11 19:44:22,2026-09-11 15:45:04
AAPL,AAPL261120C00335000,AAPL,2026-11-20,C,335.0,15.6,506.0,15.8,199.0,0.2678,7897.0,815.0,0.5267,0.0102,0.5798,-0.1112,0.31,15.7164,3.215,13.65,17.76,13.3,down,15.69,2026-09-11T15:26:45,25.7715,12.4749999046326,332.685,2026-09-11 19:44:22,2026-09-11 15:45:04
AAPL,AAPL261120C00340000,AAPL,2026-11-20,C,340.0,13.2,477.0,13.4,207.0,0.2652,7562.0,1851.0,0.4762,0.0102,0.5802,-0.1102,0.2819,13.3217,2.77,10.85,15.29,10.76,down,13.27,2026-09-11T15:17:10,26.381,10.5,332.685,2026-09-11 19:44:22,2026-09-11 15:45:04
AAPL,AAPL261120C00345000,AAPL,2026-11-20,C,345.0,11.1,355.0,11.25,92.0,0.2635,5858.0,527.0,0.4255,0.0102,0.5712,-0.1076,0.2529,11.1732,2.42,9.5,13.0,9.25,no_change,11.17,2026-09-11T15:23:16,27.6571,8.75,332.685,2026-09-11 19:44:22,2026-09-11 15:45:04
AAPL,AAPL261120C00350000,AAPL,2026-11-20,C,350.0,9.2,627.0,9.4,185.0,0.2613,13430.0,1971.0,0.377,0.0099,0.5542,-0.1035,0.2251,9.3254,2.1,7.6,11.0,7.41,down,9.35,2026-09-11T15:18:52,28.9655,7.25,332.685,2026-09-11 19:44:22,2026-09-11 15:45:04
AAPL,AAPL261120C00355000,AAPL,2026-11-20,C,355.0,7.65,357.0,7.8,355.0,0.2606,5175.0,482.0,0.3302,0.0095,0.5294,-0.098,0.198,7.7071,1.675,6.42,9.13,6.42,down,7.65,2026-09-11T15:27:37,28.0335,5.97499990463257,332.685,2026-09-11 19:44:22,2026-09-11 15:45:04
AAPL,AAPL261120C00360000,AAPL,2026-11-20,C,360.0,6.2,647.0,6.4,309.0,0.2587,12438.0,1364.0,0.2864,0.009,0.498,-0.0916,0.1721,6.3222,1.45,5.15,7.65,5.15,down,6.3,2026-09-11T15:28:00,29.8969,4.85000014305115,332.685,2026-09-11 19:44:22,2026-09-11 15:45:04
AAPL,AAPL261120C00365000,AAPL,2026-11-20,C,365.0,5.05,361.0,5.2,69.0,0.2584,4582.0,492.0,0.246,0.0083,0.4621,-0.0844,0.1482,5.1506,1.19,4.25,6.2,4.1,no_change,5.14,2026-09-11T15:22:05,30.1266,3.95000004768372,332.685,2026-09-11 19:44:22,2026-09-11 15:45:04
AAPL,AAPL261120C00370000,AAPL,2026-11-20,C,370.0,4.1,380.0,4.25,303.0,0.258,5129.0,575.0,0.2094,0.0076,0.4233,-0.0768,0.1265,4.1711,0.95,3.6,5.07,3.6,no_change,4.15,2026-09-11T15:25:49,29.6875,3.20000004768372,332.685,2026-09-11 19:44:22,2026-09-11 15:45:04
AAPL,AAPL261120C00375000,AAPL,2026-11-20,C,375.0,3.3,406.0,3.45,416.0,0.2581,2897.0,364.0,0.1769,0.0069,0.3827,-0.0691,0.107,3.3607,0.83,3.02,4.1,3.02,up,3.45,2026-09-11T15:20:01,31.6794,2.62000000476837,332.685,2026-09-11 19:44:22,2026-09-11 15:45:04
AAPL,AAPL261120C00380000,AAPL,2026-11-20,C,380.0,2.64,399.0,2.78,402.0,0.2583,3356.0,887.0,0.1484,0.0061,0.3424,-0.0615,0.0898,2.6962,0.555,2.5,3.35,2.5,down,2.67,2026-09-11T15:08:20,26.2411,2.11500000953674,332.685,2026-09-11 19:44:22,2026-09-11 15:45:04
AAPL,AAPL261120C00385000,AAPL,2026-11-20,C,385.0,2.12,245.0,2.2,87.0,0.2585,309.0,188.0,0.1234,0.0054,0.303,-0.0542,0.0748,2.1511,0.44,1.8,2.75,1.8,down,2.16,2026-09-11T15:29:02,25.5814,1.71999996900558,332.685,2026-09-11 19:44:22,2026-09-11 15:45:04
AAPL,AAPL261120C00390000,AAPL,2026-11-20,C,390.0,1.7,183.0,1.81,535.0,0.2604,1725.0,189.0,0.1024,0.0047,0.2658,-0.0474,0.062,1.7168,0.36,2.0,2.19,1.68,up,1.73,2026-09-11T15:12:09,26.2774,1.37000000476837,332.685,2026-09-11 19:44:22,2026-09-11 15:45:04
AAPL,AAPL261120C00395000,AAPL,2026-11-20,C,395.0,1.35,206.0,1.46,551.0,0.2612,229.0,41.0,0.0848,0.0041,0.2323,-0.0413,0.0514,1.3722,0.295,1.14,1.75,1.14,down,1.4,2026-09-11T15:10:08,26.6968,1.10499995946884,332.685,2026-09-11 19:44:22,2026-09-11 15:45:04
AAPL,AAPL261120C00400000,AAPL,2026-11-20,C,400.0,1.08,202.0,1.11,69.0,0.2611,36117.0,798.0,0.0697,0.0035,0.2008,-0.0356,0.0422,1.0916,0.24,0.93,1.43,0.93,up,1.12,2026-09-11T15:28:02,27.2727,0.879999995231628,332.685,2026-09-11 19:44:22,2026-09-11 15:45:04
AAPL,AAPL261120C00410000,AAPL,2026-11-20,C,410.0,0.67,408.0,0.72,167.0,0.2639,1378.0,93.0,0.0471,0.0025,0.1487,-0.0263,0.0285,0.6966,0.13,0.78,0.9,0.71,down,0.71,2026-09-11T15:02:49,22.4138,0.580000013113022,332.685,2026-09-11 19:44:22,2026-09-11 15:45:04
AAPL,AAPL261120C00420000,AAPL,2026-11-20,C,420.0,0.43,190.0,0.47,183.0,0.2677,891.0,108.0,0.0321,0.0018,0.1095,-0.0194,0.0194,0.453,0.08,0.45,0.6,0.45,no_change,0.46,2026-09-11T15:19:34,21.0526,0.38000001013279,332.685,2026-09-11 19:44:22,2026-09-11 15:45:04
AAPL,AAPL261120C00430000,AAPL,2026-11-20,C,430.0,0.26,294.0,0.34,465.0,0.2728,1331.0,142.0,0.0221,0.0013,0.0807,-0.0144,0.0133,0.3009,0.06,0.27,0.38,0.27,up,0.31,2026-09-11T14:03:57,24.0,0.249999992549419,332.685,2026-09-11 19:44:22,2026-09-11 15:45:04
AAPL,AAPL261120C00440000,AAPL,2026-11-20,C,440.0,0.17,145.0,0.24,435.0,0.2786,666.0,12.0,0.0155,0.001,0.06,-0.0108,0.0093,0.2054,0.08,0.21,0.24,0.21,up,0.24,2026-09-11T10:42:51,50.0,0.160000003874302,332.685,2026-09-11 19:44:22,2026-09-11 15:45:04
AAPL,AAPL261120C00450000,AAPL,2026-11-20,C,450.0,0.12,123.0,0.15,236.0,0.2812,3115.0,54.0,0.0112,0.0007,0.0456,-0.0083,0.0067,0.1458,0.025,0.1,0.15,0.1,up,0.13,2026-09-11T13:18:38,23.8095,0.10500000230968,332.685,2026-09-11 19:44:22,2026-09-11 15:45:04
AAPL,AAPL261120C00460000,AAPL,2026-11-20,C,460.0,0.04,576.0,0.11,214.0,0.2812,2392.0,6.0,0.0083,0.0005,0.0351,-0.0065,0.0049,0.1062,0.0,0.06,0.14,0.06,down,0.09,2026-09-11T13:18:38,1.65568e-07,0.0899999998509884,332.685,2026-09-11 19:44:22,2026-09-11 15:45:04
AAPL,AAPL261120C00470000,AAPL,2026-11-20,C,470.0,0.06,59.0,0.09,357.0,0.2979,129.0,6.0,0.0063,0.0004,0.0275,-0.0052,0.0037,0.0799,0.045,0.09,0.11,0.09,up,0.11,2026-09-11T10:55:56,69.2308,0.0649999994784594,332.685,2026-09-11 19:44:22,2026-09-11 15:45:04
AAPL,AAPL261120C00480000,AAPL,2026-11-20,C,480.0,0.05,7.0,0.15,416.0,0.324,705.0,4.0,0.0048,0.0003,0.022,-0.0042,0.0029,0.0618,-0.015,0.07,0.07,0.06,down,0.06,2026-09-11T12:58:44,-20.0,0.0749999992549419,332.685,2026-09-11 19:44:22,2026-09-11 15:45:04
AAPL,AAPL261120C00490000,AAPL,2026-11-20,C,490.0,0.04,3.0,0.16,368.0,0.3402,707.0,0.0,0.0038,0.0002,0.0178,-0.0035,0.0023,0.0488,0.0,0.0,0.0,0.0,no_change,0.05,2026-09-09T14:46:29,0.0,0.105000003241003,332.685,2026-09-11 19:44:22,2026-09-11 15:45:04
AAPL,AAPL261120C00500000,AAPL,2026-11-20,C,500.0,0.03,3.0,0.05,14.0,0.3244,4313.0,276.0,0.0031,0.0002,0.0147,-0.0029,0.0018,0.0393,0.0,0.05,0.08,0.04,down,0.04,2026-09-11T12:29:23,-9.31323e-08,0.0400000000372529,332.685,2026-09-11 19:44:22,2026-09-11 15:45:04
AAPL,AAPL261120C00510000,AAPL,2026-11-20,C,510.0,0.03,3.0,0.11,294.0,0.3576,990.0,0.0,0.0025,0.0002,0.0122,-0.0025,0.0015,0.0321,0.0,0.0,0.0,0.0,down,0.04,2026-09-10T10:21:47,0.0,0.0600000005215406,332.685,2026-09-11 19:44:22,2026-09-11 15:45:04
AAPL,AAPL261120C00520000,AAPL,2026-11-20,C,520.0,0.02,21.0,0.07,40.0,0.3565,44.0,2.0,0.0021,0.0001,0.0102,-0.0021,0.0012,0.0266,0.015,0.08,0.08,0.08,down,0.08,2026-09-11T13:56:36,23.0769,0.0649999994784594,332.685,2026-09-11 19:44:22,2026-09-11 15:45:04
AAPL,AAPL261120C00530000,AAPL,2026-11-20,C,530.0,0.02,1.0,0.05,14.0,0.3617,89.0,14.0,0.0017,0.0001,0.0087,-0.0018,0.001,0.0222,-0.02,0.06,0.13,0.03,no_change,0.03,2026-09-11T14:38:40,-40.0,0.0499999988824129,332.685,2026-09-11 19:44:22,2026-09-11 15:45:04
AAPL,AAPL261120C00540000,AAPL,2026-11-20,C,540.0,0.0,0.0,0.1,451.0,0.3873,29.0,1.0,0.0014,0.0001,0.0074,-0.0016,0.0008,0.0188,0.095,0.14,0.14,0.14,up,0.14,2026-09-11T10:08:10,211.111,0.0449999989941716,332.685,2026-09-11 19:44:22,2026-09-11 15:45:04
AAPL,AAPL261120C00550000,AAPL,2026-11-20,C,550.0,0.0,0.0,0.49,491.0,0.4741,31.0,0.0,0.0012,0.0001,0.0064,-0.0014,0.0007,0.016,0.0,0.0,0.0,0.0,down,0.02,2026-09-08T14:50:43,0.0,0.259999990463257,332.685,2026-09-11 19:44:22,2026-09-11 15:45:04
AAPL,AAPL261120C00560000,AAPL,2026-11-20,C,560.0,0.0,0.0,0.51,587.0,0.4911,115.0,0.0,0.001,0.0001,0.0055,-0.0012,0.0006,0.0137,0.0,0.0,0.0,0.0,down,0.1,2026-09-04T10:22:47,0.0,0.259999990463257,332.685,2026-09-11 19:44:22,2026-09-11 15:45:04
AAPL,AAPL261120C00570000,AAPL,2026-11-20,C,570.0,0.0,0.0,0.02,19.0,0.373,38.0,1.0,0.0009,0.0,0.0048,-0.0011,0.0005,0.0118,0.005,0.01,0.01,0.01,down,0.01,2026-09-11T11:26:16,100.0,0.00499999988824129,332.685,2026-09-11 19:44:22,2026-09-11 15:45:04
AAPL,AAPL261120C00580000,AAPL,2026-11-20,C,580.0,0.0,0.0,0.51,679.0,0.5194,698.0,0.0,0.0008,0.0,0.0042,-0.001,0.0004,0.0103,0.0,0.0,0.0,0.0,down,0.01,2026-09-04T13:29:09,0.0,0.259999990463257,332.685,2026-09-11 19:44:22,2026-09-11 15:45:04
AAPL,AAPL261120C00590000,AAPL,2026-11-20,C,590.0,0.0,0.0,0.52,343.0,0.5344,54.0,0.0,0.0007,0.0,0.0036,-0.0009,0.0004,0.009,0.0,0.0,0.0,0.0,down,0.05,2026-09-04T13:28:57,0.0,0.259999990463257,332.685,2026-09-11 19:44:22,2026-09-11 15:45:04
AAPL,AAPL261120C00600000,AAPL,2026-11-20,C,600.0,0.0,0.0,0.08,20.0,0.4531,625.0,0.0,0.0006,0.0,0.0032,-0.0008,0.0003,0.0078,0.0,0.0,0.0,0.0,no_change,0.02,2026-09-10T15:08:53,0.0,0.0399999991059303,332.685,2026-09-11 19:44:22,2026-09-11 15:45:04
AAPL,AAPL261120P00100000,AAPL,2026-11-20,P,100.0,0.0,0.0,0.1,10.0,0.9762,206.0,0.0,-0.0002,0.0,0.0013,-0.0007,-0.0001,0.007,0.0,0.0,0.0,0.0,down,0.01,2026-08-31T12:31:41,0.0,0.0500000007450581,332.685,2026-09-11 19:44:22,2026-09-11 15:45:04
AAPL,AAPL261120P00105000,AAPL,2026-11-20,P,105.0,0.0,0.0,0.49,398.0,1.1111,7.0,0.0,-0.0003,0.0,0.0015,-0.0008,-0.0002,0.0083,0.0,0.0,0.0,0.0,down,0.14,2026-07-17T14:51:59,0.0,0.239999994635582,332.685,2026-09-11 19:44:22,2026-09-11 15:45:04
AAPL,AAPL261120P00110000,AAPL,2026-11-20,P,110.0,0.0,0.0,0.03,4.0,0.8133,232.0,0.0,-0.0003,0.0,0.0018,-0.0009,-0.0002,0.0097,0.0,0.0,0.0,0.0,no_change,0.01,2026-09-01T15:06:23,0.0,0.0149999996647239,332.685,2026-09-11 19:44:22,2026-09-11 15:45:04
AAPL,AAPL261120P00115000,AAPL,2026-11-20,P,115.0,0.0,0.0,0.02,10.0,0.7579,563.0,0.0,-0.0004,0.0,0.0021,-0.001,-0.0002,0.0113,0.0,0.0,0.0,0.0,no_change,0.01,2026-09-10T14:53:32,0.0,0.00999999977648258,332.685,2026-09-11 19:44:22,2026-09-11 15:45:04
AAPL,AAPL261120P00120000,AAPL,2026-11-20,P,120.0,0.0,0.0,0.48,407.0,0.9868,138.0,0.0,-0.0005,0.0,0.0024,-0.0012,-0.0003,0.0132,0.0,0.0,0.0,0.0,down,0.07,2026-08-24T09:46:25,0.0,0.234999999403954,332.685,2026-09-11 19:44:22,2026-09-11 15:45:04
AAPL,AAPL261120P00125000,AAPL,2026-11-20,P,125.0,0.0,0.0,0.1,10.0,0.8026,80.0,0.0,-0.0006,0.0,0.0029,-0.0014,-0.0004,0.0154,0.0,0.0,0.0,0.0,up,0.05,2026-09-09T10:38:45,0.0,0.0500000007450581,332.685,2026-09-11 19:44:22,2026-09-11 15:45:04
AAPL,AAPL261120P00130000,AAPL,2026-11-20,P,130.0,0.0,0.0,0.45,403.0,0.907,74.0,0.0,-0.0006,0.0,0.0033,-0.0015,-0.0004,0.0179,0.0,0.0,0.0,0.0,up,0.1,2026-09-03T10:04:36,0.0,0.219999998807907,332.685,2026-09-11 19:44:22,2026-09-11 15:45:04
AAPL,AAPL261120P00135000,AAPL,2026-11-20,P,135.0,0.0,0.0,0.04,2.0,0.6848,324.0,0.0,-0.0008,0.0,0.0039,-0.0017,-0.0005,0.0209,0.0,0.0,0.0,0.0,down,0.01,2026-09-10T14:59:33,0.0,0.0500000007450581,332.685,2026-09-11 19:44:22,2026-09-11 15:45:04
AAPL,AAPL261120P00140000,AAPL,2026-11-20,P,140.0,0.0,0.0,0.1,500.0,0.7146,645.0,82.0,-0.0009,0.0,0.0045,-0.002,-0.0006,0.0243,-0.015,0.05,0.1,0.01,up,0.04,2026-09-11T14:09:33,-27.2727,0.0550000006332994,332.685,2026-09-11 19:44:22,2026-09-11 15:45:04
AAPL,AAPL261120P00145000,AAPL,2026-11-20,P,145.0,0.0,0.0,0.14,16.0,0.7104,273.0,0.0,-0.0011,0.0,0.0053,-0.0022,-0.0007,0.0282,0.0,0.0,0.0,0.0,no_change,0.08,2026-09-03T11:43:47,0.0,0.0700000002980232,332.685,2026-09-11 19:44:22,2026-09-11 15:45:04
AAPL,AAPL261120P00150000,AAPL,2026-11-20,P,150.0,0.0,0.0,0.27,567.0,0.7328,189.0,0.0,-0.0012,0.0,0.0061,-0.0026,-0.0008,0.0328,0.0,0.0,0.0,0.0,down,0.04,2026-09-10T09:39:05,0.0,0.140000000596046,332.685,2026-09-11 19:44:22,2026-09-11 15:45:04
AAPL,AAPL261120P00155000,AAPL,2026-11-20,P,155.0,0.0,0.0,0.1,13.0,0.6356,595.0,0.0,-0.0015,0.0,0.0071,-0.0029,-0.001,0.0381,0.0,0.0,0.0,0.0,up,0.05,2026-09-04T11:44:14,0.0,0.0500000007450581,332.685,2026-09-11 19:44:22,2026-09-11 15:45:04
AAPL,AAPL261120P00160000,AAPL,2026-11-20,P,160.0,0.01,72.0,0.11,405.0,0.6219,161.0,3.0,-0.0017,0.0001,0.0083,-0.0033,-0.0011,0.0443,0.005,0.11,0.11,0.06,down,0.06,2026-09-11T13:56:17,9.09091,0.0550000006332994,332.685,2026-09-11 19:44:22,2026-09-11 15:45:04
AAPL,AAPL261120P00165000,AAPL,2026-11-20,P,165.0,0.0,0.0,0.17,356.0,0.6193,150.0,1.0,-0.002,0.0001,0.0096,-0.0037,-0.0013,0.0516,-0.015,0.04,0.04,0.04,down,0.04,2026-09-11T10:42:35,-27.2727,0.0550000006332994,332.685,2026-09-11 19:44:22,2026-09-11 15:45:04
AAPL,AAPL261120P00170000,AAPL,2026-11-20,P,170.0,0.01,110.0,0.1,210.0,0.5691,446.0,0.0,-0.0024,0.0001,0.0111,-0.0042,-0.0016,0.06,0.0,0.0,0.0,0.0,up,0.06,2026-09-10T15:08:29,0.0,0.0650000013411045,332.685,2026-09-11 19:44:22,2026-09-11 15:45:04
AAPL,AAPL261120P00175000,AAPL,2026-11-20,P,175.0,0.05,2.0,0.11,199.0,0.5676,137.0,0.0,-0.0028,0.0001,0.0129,-0.0048,-0.0018,0.0699,0.0,0.0,0.0,0.0,down,0.07,2026-09-10T11:04:58,0.0,0.0800000000745058,332.685,2026-09-11 19:44:22,2026-09-11 15:45:04
AAPL,AAPL261120P00180000,AAPL,2026-11-20,P,180.0,0.05,9.0,0.12,278.0,0.5483,302.0,0.0,-0.0033,0.0001,0.0149,-0.0054,-0.0021,0.0813,0.0,0.0,0.0,0.0,up,0.09,2026-09-10T15:03:46,0.0,0.0899999979883432,332.685,2026-09-11 19:44:22,2026-09-11 15:45:04
AAPL,AAPL261120P00185000,AAPL,2026-11-20,P,185.0,0.03,572.0,0.13,516.0,0.5224,1128.0,0.0,-0.0039,0.0001,0.0173,-0.0061,-0.0025,0.0946,0.0,0.0,0.0,0.0,down,0.08,2026-09-10T14:56:16,0.0,0.0800000000745058,332.685,2026-09-11 19:44:22,2026-09-11 15:45:04
AAPL,AAPL261120P00190000,AAPL,2026-11-20,P,190.0,0.05,448.0,0.15,526.0,0.513,563.0,0.0,-0.0046,0.0002,0.02,-0.0069,-0.003,0.1101,0.0,0.0,0.0,0.0,no_change,0.13,2026-09-10T14:54:48,0.0,0.104999996721745,332.685,2026-09-11 19:44:22,2026-09-11 15:45:04
AAPL,AAPL261120P00195000,AAPL,2026-11-20,P,195.0,0.07,417.0,0.17,520.0,0.5017,539.0,0.0,-0.0054,0.0002,0.023,-0.0077,-0.0035,0.128,0.0,0.0,0.0,0.0,down,0.09,2026-09-02T13:23:25,0.0,0.134999997913837,332.685,2026-09-11 19:44:22,2026-09-11 15:45:04
AAPL,AAPL261120P00200000,AAPL,2026-11-20,P,200.0,0.11,147.0,0.17,555.0,0.4889,1930.0,4.0,-0.0063,0.0002,0.0266,-0.0087,-0.0041,0.1488,0.005,0.11,0.14,0.11,up,0.14,2026-09-11T13:51:58,3.7037,0.135000001639128,332.685,2026-09-11 19:44:22,2026-09-11 15:45:04
AAPL,AAPL261120P00205000,AAPL,2026-11-20,P,205.0,0.11,393.0,0.22,572.0,0.477,1463.0,0.0,-0.0074,0.0003,0.0306,-0.0098,-0.0048,0.1731,0.0,0.0,0.0,0.0,no_change,0.25,2026-09-09T11:13:13,0.0,0.189999993890524,332.685,2026-09-11 19:44:22,2026-09-11 15:45:04
AAPL,AAPL261120P00210000,AAPL,2026-11-20,P,210.0,0.14,438.0,0.25,636.0,0.4655,1924.0,1.0,-0.0087,0.0003,0.0352,-0.011,-0.0056,0.2011,-0.01,0.19,0.19,0.19,down,0.19,2026-09-11T11:53:26,-5.0,0.199999995529652,332.685,2026-09-11 19:44:22,2026-09-11 15:45:04
AAPL,AAPL261120P00215000,AAPL,2026-11-20,P,215.0,0.17,488.0,0.24,336.0,0.4472,1028.0,0.0,-0.0102,0.0004,0.0405,-0.0123,-0.0065,0.2336,0.0,0.0,0.0,0.0,down,0.24,2026-09-10T15:54:45,0.0,0.260000005364418,332.685,2026-09-11 19:44:22,2026-09-11 15:45:04
AAPL,AAPL261120P00220000,AAPL,2026-11-20,P,220.0,0.19,553.0,0.28,374.0,0.4342,3774.0,0.0,-0.0119,0.0005,0.0465,-0.0138,-0.0076,0.2715,0.0,0.0,0.0,0.0,down,0.25,2026-09-10T15:54:45,0.0,0.269999995827675,332.685,2026-09-11 19:44:22,2026-09-11 15:45:04
AAPL,AAPL261120P00225000,AAPL,2026-11-20,P,225.0,0.26,287.0,0.37,503.0,0.4308,1457.0,7.0,-0.014,0.0006,0.0533,-0.0154,-0.009,0.3157,-0.04,0.29,0.3,0.29,no_change,0.3,2026-09-11T13:56:27,-11.7647,0.340000003576279,332.685,2026-09-11 19:44:22,2026-09-11 15:45:04
AAPL,AAPL261120P00230000,AAPL,2026-11-20,P,230.0,0.31,392.0,0.38,240.0,0.4153,6004.0,8.0,-0.0164,0.0007,0.0612,-0.0173,-0.0105,0.3673,-0.06,0.34,0.36,0.33,up,0.36,2026-09-11T13:56:19,-14.2857,0.419999986886978,332.685,2026-09-11 19:44:22,2026-09-11 15:45:04
AAPL,AAPL261120P00235000,AAPL,2026-11-20,P,235.0,0.39,296.0,0.5,469.0,0.4101,2075.0,19.0,-0.0192,0.0008,0.07,-0.0193,-0.0123,0.4281,-0.06,0.42,0.42,0.4,no_change,0.42,2026-09-11T14:25:17,-12.5,0.479999989271164,332.685,2026-09-11 19:44:22,2026-09-11 15:45:04
AAPL,AAPL261120P00240000,AAPL,2026-11-20,P,240.0,0.48,81.0,0.56,408.0,0.3989,2818.0,2.0,-0.0226,0.0009,0.0803,-0.0216,-0.0145,0.5,-0.125,0.49,0.49,0.49,down,0.49,2026-09-11T10:31:34,-20.3252,0.615000009536743,332.685,2026-09-11 19:44:22,2026-09-11 15:45:04
AAPL,AAPL261120P00245000,AAPL,2026-11-20,P,245.0,0.56,221.0,0.62,308.0,0.3859,2570.0,18.0,-0.0266,0.0011,0.0923,-0.0241,-0.017,0.5855,-0.135,0.54,0.57,0.53,up,0.57,2026-09-11T12:17:47,-19.1489,0.705000013113022,332.685,2026-09-11 19:44:22,2026-09-11 15:45:04
AAPL,AAPL261120P00250000,AAPL,2026-11-20,P,250.0,0.67,106.0,0.73,362.0,0.3756,6704.0,64.0,-0.0315,0.0013,0.1057,-0.027,-0.0201,0.6897,-0.14,0.77,0.77,0.65,no_change,0.7,2026-09-11T15:22:57,-16.6667,0.840000003576279,332.685,2026-09-11 19:44:22,2026-09-11 15:45:04
AAPL,AAPL261120P00255000,AAPL,2026-11-20,P,255.0,0.79,197.0,0.84,189.0,0.3646,6316.0,588.0,-0.0372,0.0015,0.1211,-0.0302,-0.0237,0.8129,-0.2,0.94,0.94,0.77,no_change,0.81,2026-09-11T14:40:08,-19.802,1.00999999046326,332.685,2026-09-11 19:44:22,2026-09-11 15:45:04
AAPL,AAPL261120P00260000,AAPL,2026-11-20,P,260.0,0.94,221.0,0.99,86.0,0.3545,6200.0,45.0,-0.0442,0.0018,0.139,-0.0338,-0.028,0.9648,-0.25,1.0,1.0,0.93,down,0.96,2026-09-11T15:27:09,-20.6612,1.20999997854233,332.685,2026-09-11 19:44:22,2026-09-11 15:45:04
AAPL,AAPL261120P00265000,AAPL,2026-11-20,P,265.0,1.15,28.0,1.17,55.0,0.3454,4946.0,102.0,-0.0526,0.0021,0.1595,-0.038,-0.0333,1.151,-0.32,1.17,1.18,1.1,no_change,1.16,2026-09-11T15:27:09,-21.6216,1.47999995946884,332.685,2026-09-11 19:44:22,2026-09-11 15:45:04
AAPL,AAPL261120P00270000,AAPL,2026-11-20,P,270.0,1.36,125.0,1.41,87.0,0.3366,7892.0,83.0,-0.0627,0.0025,0.1831,-0.0426,-0.0397,1.3808,-0.415,1.4,1.43,1.3,down,1.38,2026-09-11T15:09:09,-23.1198,1.7950000166893,332.685,2026-09-11 19:44:22,2026-09-11 15:45:04
AAPL,AAPL261120P00275000,AAPL,2026-11-20,P,275.0,1.65,98.0,1.71,253.0,0.3287,5467.0,240.0,-0.075,0.003,0.2097,-0.0478,-0.0473,1.6656,-0.505,2.05,2.06,1.56,up,1.68,2026-09-11T15:07:59,-23.1121,2.18500006198883,332.685,2026-09-11 19:44:22,2026-09-11 15:45:04
AAPL,AAPL261120P00280000,AAPL,2026-11-20,P,280.0,2.0,102.0,2.06,191.0,0.3209,8755.0,278.0,-0.0898,0.0035,0.2397,-0.0536,-0.0565,2.0183,-0.625,2.47,2.51,1.89,down,2.03,2026-09-11T15:17:06,-23.5405,2.65499997138977,332.685,2026-09-11 19:44:22,2026-09-11 15:45:04
AAPL,AAPL261120P00285000,AAPL,2026-11-20,P,285.0,2.35,330.0,2.51,342.0,0.3123,4624.0,121.0,-0.1075,0.004,0.2727,-0.0599,-0.0675,2.456,-0.845,2.85,2.85,2.28,up,2.43,2026-09-11T15:17:06,-25.8015,3.27499997615814,332.685,2026-09-11 19:44:22,2026-09-11 15:45:04
AAPL,AAPL261120P00290000,AAPL,2026-11-20,P,290.0,2.95,192.0,3.05,370.0,0.3073,6660.0,794.0,-0.128,0.0047,0.3085,-0.0666,-0.0796,2.9834,-0.995,3.2,3.2,2.76,down,2.98,2026-09-11T15:21:07,-25.0314,3.97500014305115,332.685,2026-09-11 19:44:22,2026-09-11 15:45:04
AAPL,AAPL261120P00295000,AAPL,2026-11-20,P,295.0,3.55,620.0,3.7,517.0,0.3004,6117.0,421.0,-0.1524,0.0054,0.3475,-0.0737,-0.0948,3.6347,-1.22,4.25,4.6,3.37,down,3.63,2026-09-11T15:07:59,-25.1546,4.85000014305115,332.685,2026-09-11 19:44:22,2026-09-11 15:45:04
AAPL,AAPL261120P00300000,AAPL,2026-11-20,P,300.0,4.35,589.0,4.5,538.0,0.2947,16042.0,4208.0,-0.1811,0.0061,0.3862,-0.0811,-0.1116,4.4387,-1.55,5.5,5.5,4.07,down,4.35,2026-09-11T15:25:21,-26.2712,5.90000009536743,332.685,2026-09-11 19:44:22,2026-09-11 15:45:04
AAPL,AAPL261120P00305000,AAPL,2026-11-20,P,305.0,5.3,599.0,5.45,434.0,0.29,4593.0,275.0,-0.2129,0.0069,0.4256,-0.0882,-0.1298,5.3797,-1.7,6.55,6.55,4.99,up,5.45,2026-09-11T15:14:41,-23.7762,7.14999985694885,332.685,2026-09-11 19:44:22,2026-09-11 15:45:04
AAPL,AAPL261120P00310000,AAPL,2026-11-20,P,310.0,6.45,521.0,6.6,468.0,0.2856,14198.0,816.0,-0.2496,0.0077,0.4643,-0.0952,-0.1517,6.5315,-2.1,7.91,7.91,6.0,no_change,6.5,2026-09-11T15:21:13,-24.4186,8.59999990463257,332.685,2026-09-11 19:44:22,2026-09-11 15:45:04
AAPL,AAPL261120P00315000,AAPL,2026-11-20,P,315.0,7.8,353.0,8.0,669.0,0.2822,6736.0,547.0,-0.2896,0.0084,0.4989,-0.1013,-0.1731,7.8557,-2.425,9.53,9.53,7.25,no_change,7.9,2026-09-11T15:29:01,-23.4867,10.3249998092651,332.685,2026-09-11 19:44:22,2026-09-11 15:45:04
AAPL,AAPL261120P00320000,AAPL,2026-11-20,P,320.0,9.35,462.0,9.55,616.0,0.278,5474.0,335.0,-0.3335,0.0091,0.5298,-0.1066,-0.1955,9.4216,-2.675,11.23,11.23,8.72,no_change,9.55,2026-09-11T15:27:00,-21.8814,12.2250003814697,332.685,2026-09-11 19:44:22,2026-09-11 15:45:04
AAPL,AAPL261120P00325000,AAPL,2026-11-20,P,325.0,11.2,90.0,11.4,623.0,0.2753,2000.0,343.0,-0.3807,0.0097,0.5547,-0.1108,-0.2212,11.2289,-3.125,13.05,13.05,10.4,down,11.3,2026-09-11T15:23:09,-21.6638,14.4250001907349,332.685,2026-09-11 19:44:22,2026-09-11 15:45:04
AAPL,AAPL261120P00330000,AAPL,2026-11-20,P,330.0,13.25,199.0,13.45,579.0,0.2718,2373.0,930.0,-0.4305,0.0102,0.5707,-0.1136,-0.2441,13.299,-3.495,14.0,14.24,12.3,up,13.38,2026-09-11T15:29:01,-20.7111,16.875,332.685,2026-09-11 19:44:22,2026-09-11 15:45:04
AAPL,AAPL261120P00335000,AAPL,2026-11-20,P,335.0,15.6,92.0,15.8,476.0,0.2691,1637.0,579.0,-0.4821,0.0105,0.5782,-0.1148,-0.2651,15.6383,-3.87,15.75,16.65,14.6,no_change,15.73,2026-09-11T15:18:19,-19.7449,19.6000003814697,332.685,2026-09-11 19:44:22,2026-09-11 15:45:04
AAPL,AAPL261120P00340000,AAPL,2026-11-20,P,340.0,18.2,91.0,18.45,457.0,0.2669,499.0,262.0,-0.5347,0.0106,0.5757,-0.1145,-0.2829,18.2529,-4.2,18.8,18.8,17.0,up,18.35,2026-09-11T15:27:06,-18.6253,22.5499992370605,332.685,2026-09-11 19:44:22,2026-09-11 15:45:04
AAPL,AAPL261120P00345000,AAPL,2026-11-20,P,345.0,21.1,2.0,21.4,626.0,0.2654,136.0,50.0,-0.5873,0.0106,0.5643,-0.1126,-0.3013,21.1458,-5.05,22.29,22.29,19.8,up,21.15,2026-09-11T15:22:52,-19.2748,26.1999998092651,332.685,2026-09-11 19:44:22,2026-09-11 15:45:04
AAPL,AAPL261120P00350000,AAPL,2026-11-20,P,350.0,23.7,546.0,24.85,530.0,0.261,128.0,46.0,-0.6389,0.0105,0.5419,-0.1093,-0.31,24.3142,-6.15,24.47,24.98,22.77,down,23.4,2026-09-11T12:21:07,-20.8122,29.5499992370606,332.685,2026-09-11 19:44:22,2026-09-11 15:45:04
AAPL,AAPL261120P00355000,AAPL,2026-11-20,P,355.0,27.2,438.0,28.3,338.0,0.2604,250.0,42.0,-0.6888,0.0102,0.5102,-0.1047,-0.3156,27.7453,-6.575,30.45,30.45,26.1,down,26.6,2026-09-11T13:08:31,-19.8191,33.1749992370606,332.685,2026-09-11 19:44:22,2026-09-11 15:45:04
AAPL,AAPL261120P00360000,AAPL,2026-11-20,P,360.0,30.65,514.0,31.95,364.0,0.2565,126.0,401.0,-0.7362,0.0097,0.4723,-0.0992,-0.3118,31.4236,-6.84,31.45,31.45,30.26,down,30.26,2026-09-11T12:33:05,-18.4367,37.1000003814697,332.685,2026-09-11 19:44:22,2026-09-11 15:45:04
AAPL,AAPL261120P00365000,AAPL,2026-11-20,P,365.0,34.65,490.0,35.75,356.0,0.2552,9.0,35.0,-0.7804,0.0092,0.4265,-0.0929,-0.3038,35.336,-6.745,34.83,35.15,34.73,no_change,34.73,2026-09-11T10:25:31,-16.2628,41.4749984741211,332.685,2026-09-11 19:44:22,2026-09-11 15:45:04
AAPL,AAPL261120P00370000,AAPL,2026-11-20,P,370.0,38.7,428.0,39.95,329.0,0.2543,24.0,15.0,-0.8212,0.0086,0.376,-0.0863,-0.2884,39.4578,-7.55,38.2,38.2,38.2,no_change,38.2,2026-09-11T10:48:39,-16.5027,45.75,332.685,2026-09-11 19:44:22,2026-09-11 15:45:04
AAPL,AAPL261120P00375000,AAPL,2026-11-20,P,375.0,43.1,425.0,44.1,291.0,0.2522,60.0,4.0,-0.8584,0.008,0.3217,-0.0798,-0.2584,43.7662,-7.075,41.89,43.25,41.89,up,43.25,2026-09-11T11:38:45,-14.0586,50.3250007629394,332.685,2026-09-11 19:44:22,2026-09-11 15:45:04
AAPL,AAPL261120P00380000,AAPL,2026-11-20,P,380.0,47.45,388.0,48.6,123.0,0.2488,5.0,0.0,-0.8917,0.0073,0.2663,-0.0732,-0.2254,48.2414,0.0,0.0,0.0,0.0,no_change,55.0,2026-09-01T13:05:38,0.0,54.9500007629394,332.685,2026-09-11 19:44:22,2026-09-11 15:45:04
AAPL,AAPL261120P00385000,AAPL,2026-11-20,P,385.0,51.7,234.0,53.5,220.0,0.2427,0.0,6.0,-0.9214,0.0066,0.2079,-0.0679,-0.1781,52.862,-7.55,52.05,52.05,52.05,no_change,52.05,2026-09-11T12:40:09,-12.6678,59.6000003814697,332.685,2026-09-11 19:44:22,2026-09-11 15:45:04
AAPL,AAPL261120P00390000,AAPL,2026-11-20,P,390.0,56.3,163.0,58.55,161.0,0.2429,0.0,1.0,-0.9462,0.0056,0.1532,-0.0589,-0.1286,57.6028,-7.3,57.4,57.4,57.4,down,57.4,2026-09-11T13:52:23,-11.2828,64.6999988555908,332.685,2026-09-11 19:44:22,2026-09-11 15:45:04
AAPL,AAPL261120P00395000,AAPL,2026-11-20,P,395.0,61.1,147.0,63.0,122.0,0.0,0.0,0.0,-0.9662,0.0044,0.1043,-0.0467,-0.094,62.443,0.0,0.0,0.0,0.0,no_change,0.0,,0.0,69.2999992370606,332.685,2026-09-11 19:44:22,2026-09-11 15:45:04
AAPL,AAPL261120P00400000,AAPL,2026-11-20,P,400.0,66.05,116.0,68.05,106.0,0.0,1.0,2.0,-0.9804,0.0031,0.0586,-0.0309,-0.0447,67.3544,-7.5,65.2,67.05,65.2,up,67.05,2026-09-11T13:54:22,-10.0604,74.5499992370606,332.685,2026-09-11 19:44:22,2026-09-11 15:45:04
AAPL,AAPL261120P00410000,AAPL,2026-11-20,P,410.0,75.45,116.0,79.2,119.0,0.2804,0.0,0.0,-0.9953,0.001,0.0125,-0.0069,-0.0079,77.2927,0.0,0.0,0.0,0.0,up,97.78,2026-09-09T14:33:50,0.0,84.4750022888184,332.685,2026-09-11 19:44:22,2026-09-11 15:45:04
AAPL,AAPL261120P00420000,AAPL,2026-11-20,P,420.0,85.85,105.0,89.1,106.0,0.3337,0.0,0.0,-0.9994,0.0002,0.0015,0.0,0.0,87.285,0.0,0.0,0.0,0.0,no_change,0.0,,0.0,94.4500007629394,332.685,2026-09-11 19:44:22,2026-09-11 15:45:04
AAPL,AAPL261120P00430000,AAPL,2026-11-20,P,430.0,95.5,100.0,98.45,101.0,0.0,0.0,0.0,-1.0,0.0,0.0,0.0,0.0,97.285,0.0,0.0,0.0,0.0,no_change,0.0,,0.0,104.550003051758,332.685,2026-09-11 19:44:22,2026-09-11 15:45:04
AAPL,AAPL261120P00440000,AAPL,2026-11-20,P,440.0,105.5,105.0,108.45,104.0,0.0,0.0,0.0,-1.0,0.0,0.0,0.0,0.0,107.285,0.0,0.0,0.0,0.0,no_change,0.0,,0.0,114.550003051758,332.685,2026-09-11 19:44:22,2026-09-11 15:45:04
AAPL,AAPL261120P00450000,AAPL,2026-11-20,P,450.0,115.85,105.0,119.0,129.0,0.4028,0.0,0.0,-1.0,0.0,0.0,0.0,0.0,117.285,0.0,0.0,0.0,0.0,no_change,0.0,,0.0,124.550003051758,332.685,2026-09-11 19:44:22,2026-09-11 15:45:04
AAPL,AAPL261120P00460000,AAPL,2026-11-20,P,460.0,125.85,105.0,129.1,106.0,0.4337,0.0,0.0,-1.0,0.0,0.0,0.0,0.0,127.285,0.0,0.0,0.0,0.0,no_change,0.0,,0.0,134.550003051758,332.685,2026-09-11 19:44:22,2026-09-11 15:45:04
AAPL,AAPL261120P00470000,AAPL,2026-11-20,P,470.0,135.85,105.0,139.05,106.0,0.453,0.0,0.0,-1.0,0.0,0.0,0.0,0.0,137.285,0.0,0.0,0.0,0.0,no_change,0.0,,0.0,144.550003051758,332.685,2026-09-11 19:44:22,2026-09-11 15:45:04
AAPL,AAPL261120P00480000,AAPL,2026-11-20,P,480.0,145.5,129.0,148.45,104.0,0.0,0.0,0.0,-1.0,0.0,0.0,0.0,0.0,147.285,0.0,0.0,0.0,0.0,no_change,0.0,,0.0,154.599998474121,332.685,2026-09-11 19:44:22,2026-09-11 15:45:04
AAPL,AAPL261120P00490000,AAPL,2026-11-20,P,490.0,155.85,90.0,159.1,90.0,0.5009,0.0,0.0,-1.0,0.0,0.0,0.0,0.0,157.285,0.0,0.0,0.0,0.0,no_change,0.0,,0.0,164.524993896484,332.685,2026-09-11 19:44:22,2026-09-11 15:45:04
AAPL,AAPL261120P00500000,AAPL,2026-11-20,P,500.0,165.85,90.0,169.1,90.0,0.522,0.0,0.0,-1.0,0.0,0.0,0.0,0.0,167.285,0.0,0.0,0.0,0.0,no_change,0.0,,0.0,174.5,332.685,2026-09-11 19:44:22,2026-09-11 15:45:04
AAPL,AAPL261120P00510000,AAPL,2026-11-20,P,510.0,175.5,105.0,178.9,106.0,0.0,0.0,0.0,-1.0,0.0,0.0,0.0,0.0,177.285,0.0,0.0,0.0,0.0,no_change,0.0,,0.0,184.550003051758,332.685,2026-09-11 19:44:22,2026-09-11 15:45:04
AAPL,AAPL261120P00520000,AAPL,2026-11-20,P,520.0,185.5,105.0,189.1,106.0,0.5068,0.0,0.0,-1.0,0.0,0.0,0.0,0.0,187.285,0.0,0.0,0.0,0.0,no_change,0.0,,0.0,194.599998474121,332.685,2026-09-11 19:44:22,2026-09-11 15:45:04
AAPL,AAPL261120P00530000,AAPL,2026-11-20,P,530.0,195.5,105.0,198.45,106.0,0.0,0.0,0.0,-1.0,0.0,0.0,0.0,0.0,197.285,0.0,0.0,0.0,0.0,no_change,0.0,,0.0,204.675003051758,332.685,2026-09-11 19:44:22,2026-09-11 15:45:04
AAPL,AAPL261120P00540000,AAPL,2026-11-20,P,540.0,205.5,104.0,208.85,105.0,0.0,0.0,0.0,-1.0,0.0,0.0,0.0,0.0,207.285,0.0,0.0,0.0,0.0,no_change,0.0,,0.0,214.550003051758,332.685,2026-09-11 19:44:22,2026-09-11 15:45:04
AAPL,AAPL261120P00550000,AAPL,2026-11-20,P,550.0,215.85,101.0,219.1,102.0,0.6206,0.0,0.0,-1.0,0.0,0.0,0.0,0.0,217.285,0.0,0.0,0.0,0.0,no_change,0.0,,0.0,224.525001525879,332.685,2026-09-11 19:44:22,2026-09-11 15:45:04
AAPL,AAPL261120P00560000,AAPL,2026-11-20,P,560.0,225.85,101.0,228.85,103.0,0.605,0.0,0.0,-1.0,0.0,0.0,0.0,0.0,227.285,0.0,0.0,0.0,0.0,no_change,0.0,,0.0,234.550003051758,332.685,2026-09-11 19:44:22,2026-09-11 15:45:04
AAPL,AAPL261120P00570000,AAPL,2026-11-20,P,570.0,235.5,105.0,238.45,106.0,0.0,0.0,0.0,-1.0,0.0,0.0,0.0,0.0,237.285,0.0,0.0,0.0,0.0,no_change,0.0,,0.0,244.700004577637,332.685,2026-09-11 19:44:22,2026-09-11 15:45:04
AAPL,AAPL261120P00580000,AAPL,2026-11-20,P,580.0,245.5,104.0,248.45,105.0,0.0,0.0,0.0,-1.0,0.0,0.0,0.0,0.0,247.285,0.0,0.0,0.0,0.0,no_change,0.0,,0.0,254.599990844727,332.685,2026-09-11 19:44:22,2026-09-11 15:45:04
AAPL,AAPL261120P00590000,AAPL,2026-11-20,P,590.0,255.5,116.0,258.75,117.0,0.0,0.0,0.0,-1.0,0.0,0.0,0.0,0.0,257.285,0.0,0.0,0.0,0.0,no_change,0.0,,0.0,264.349990844727,332.685,2026-09-11 19:44:22,2026-09-11 15:45:04
AAPL,AAPL261120P00600000,AAPL,2026-11-20,P,600.0,265.5,96.0,269.1,97.0,0.6405,0.0,0.0,-1.0,0.0,0.0,0.0,0.0,267.285,0.0,0.0,0.0,0.0,no_change,0.0,,0.0,274.674987792969,332.685,2026-09-11 19:44:22,2026-09-11 15:45:04
AAPL,AAPL261218C00005000,AAPL,2026-12-18,C,5.0,326.0,103.0,329.3,102.0,0.0,68.0,0.0,1.0,0.0,0.0,0.0,0.0025,327.7265,0.0,0.0,0.0,0.0,up,308.83,2026-08-26T14:45:34,0.0,320.575012207031,332.685,2026-09-11 19:44:22,2026-09-11 15:45:04
AAPL,AAPL261218C00010000,AAPL,2026-12-18,C,10.0,321.35,102.0,324.55,103.0,3.0004,0.0,0.0,1.0,0.0,0.0001,-0.0002,0.0099,322.7424,0.0,0.0,0.0,0.0,up,303.27,2026-08-07T15:52:50,0.0,315.574996948242,332.685,2026-09-11 19:44:22,2026-09-11 15:45:04
AAPL,AAPL261218C00015000,AAPL,2026-12-18,C,15.0,316.6,102.0,319.6,126.0,2.7453,0.0,0.0,0.9999,0.0,0.0001,-0.0001,0.02,317.7684,0.0,0.0,0.0,0.0,up,298.33,2026-08-07T15:52:50,0.0,310.625,332.685,2026-09-11 19:44:22,2026-09-11 15:45:04
AAPL,AAPL261218C00020000,AAPL,2026-12-18,C,20.0,311.15,103.0,314.65,102.0,2.1385,2.0,0.0,0.9998,0.0,0.0,-0.0001,0.0296,312.8004,0.0,0.0,0.0,0.0,down,292.93,2026-08-07T14:06:08,0.0,305.674987792969,332.685,2026-09-11 19:44:22,2026-09-11 15:45:04
AAPL,AAPL261218C00025000,AAPL,2026-12-18,C,25.0,306.45,101.0,309.7,102.0,2.1499,11.0,0.0,0.9998,0.0,0.0,0.0,0.0381,307.8347,0.0,0.0,0.0,0.0,no_change,286.17,2026-05-29T13:11:59,0.0,300.625,332.685,2026-09-11 19:44:22,2026-09-11 15:45:04
AAPL,AAPL261218C00030000,AAPL,2026-12-18,C,30.0,301.45,103.0,304.7,103.0,1.9482,11.0,0.0,0.9998,0.0,0.0,0.0,0.0463,302.87,0.0,0.0,0.0,0.0,up,283.62,2026-08-07T11:23:46,0.0,295.75,332.685,2026-09-11 19:44:22,2026-09-11 15:45:04
AAPL,AAPL261218C00035000,AAPL,2026-12-18,C,35.0,296.75,100.0,299.5,101.0,1.828,1.0,0.0,0.9998,0.0,0.0001,0.0,0.0542,297.9056,0.0,0.0,0.0,0.0,up,266.33,2026-06-22T10:33:53,0.0,290.774993896484,332.685,2026-09-11 19:44:22,2026-09-11 15:45:04
AAPL,AAPL261218C00040000,AAPL,2026-12-18,C,40.0,291.15,102.0,294.55,101.0,0.0,4.0,0.0,0.9998,0.0,0.0001,0.0,0.062,292.9414,0.0,0.0,0.0,0.0,up,269.37,2026-08-25T15:26:10,0.0,285.775009155273,332.685,2026-09-11 19:44:22,2026-09-11 15:45:04
AAPL,AAPL261218C00045000,AAPL,2026-12-18,C,45.0,286.6,102.0,289.8,103.0,1.6122,50.0,0.0,0.9998,0.0,0.0001,-0.0001,0.0699,287.9772,0.0,0.0,0.0,0.0,up,254.68,2026-06-22T14:35:05,0.0,280.824996948242,332.685,2026-09-11 19:44:22,2026-09-11 15:45:04
AAPL,AAPL261218C00050000,AAPL,2026-12-18,C,50.0,281.9,107.0,284.35,93.0,1.412,2001.0,0.0,0.9998,0.0,0.0002,-0.0001,0.0778,283.0133,0.0,0.0,0.0,0.0,down,263.85,2026-09-09T10:56:32,0.0,275.924987792969,332.685,2026-09-11 19:44:22,2026-09-11 15:45:04
AAPL,AAPL261218C00060000,AAPL,2026-12-18,C,60.0,271.75,106.0,274.75,99.0,1.3185,262.0,0.0,0.9998,0.0,0.0005,-0.0002,0.1034,273.0868,0.0,0.0,0.0,0.0,up,247.25,2026-08-11T10:27:27,0.0,266.100006103516,332.685,2026-09-11 19:44:22,2026-09-11 15:45:04
AAPL,AAPL261218C00070000,AAPL,2026-12-18,C,70.0,261.65,104.0,265.0,116.0,1.1818,2374.0,0.0,0.9996,0.0,0.0008,-0.0004,0.1706,263.1824,0.0,0.0,0.0,0.0,no_change,237.58,2026-08-10T12:05:13,0.0,256.199996948242,332.685,2026-09-11 19:44:22,2026-09-11 15:45:04
AAPL,AAPL261218C00080000,AAPL,2026-12-18,C,80.0,252.05,105.0,255.15,106.0,1.1825,367.0,0.0,0.9994,0.0,0.001,-0.0004,0.2126,253.3029,0.0,0.0,0.0,0.0,up,234.77,2026-08-31T13:32:44,0.0,246.324996948242,332.685,2026-09-11 19:44:22,2026-09-11 15:45:04
AAPL,AAPL261218C00085000,AAPL,2026-12-18,C,85.0,247.4,143.0,250.25,119.0,1.2006,605.0,0.0,0.9994,0.0,0.0012,-0.0004,0.2273,248.366,0.0,0.0,0.0,0.0,down,228.7,2026-08-06T15:44:31,0.0,241.400001525879,332.685,2026-09-11 19:44:22,2026-09-11 15:45:04
AAPL,AAPL261218C00090000,AAPL,2026-12-18,C,90.0,242.1,131.0,245.3,130.0,1.0778,477.0,0.0,0.9993,0.0,0.0014,-0.0005,0.241,243.4294,0.0,0.0,0.0,0.0,down,236.72,2026-09-02T13:17:18,0.0,236.450004577637,332.685,2026-09-11 19:44:22,2026-09-11 15:45:04
AAPL,AAPL261218C00095000,AAPL,2026-12-18,C,95.0,237.35,284.0,239.9,264.0,0.956,100.0,0.0,0.9993,0.0,0.0016,-0.0006,0.2544,238.4931,0.0,0.0,0.0,0.0,down,211.1,2026-08-03T15:41:05,0.0,231.425003051758,332.685,2026-09-11 19:44:22,2026-09-11 15:45:04
AAPL,AAPL261218C00100000,AAPL,2026-12-18,C,100.0,232.8,312.0,235.0,333.0,1.0258,3253.0,2.0,0.9992,0.0,0.002,-0.0006,0.2678,233.5571,9.915,236.43,236.44,236.43,up,236.44,2026-09-11T11:31:14,4.377,226.525001525879,332.685,2026-09-11 19:44:22,2026-09-11 15:45:04
AAPL,AAPL261218C00105000,AAPL,2026-12-18,C,105.0,227.35,300.0,230.05,275.0,0.8428,175.0,0.0,0.9992,0.0,0.0023,-0.0008,0.2811,228.6213,0.0,0.0,0.0,0.0,down,200.97,2026-08-13T15:51:32,0.0,221.625,332.685,2026-09-11 19:44:22,2026-09-11 15:45:04
AAPL,AAPL261218C00110000,AAPL,2026-12-18,C,110.0,222.7,93.0,225.6,119.0,0.9886,523.0,0.0,0.9991,0.0,0.0027,-0.0009,0.2944,223.6857,0.0,0.0,0.0,0.0,up,233.0,2026-07-29T13:00:56,0.0,216.700004577637,332.685,2026-09-11 19:44:22,2026-09-11 15:45:04
AAPL,AAPL261218C00115000,AAPL,2026-12-18,C,115.0,217.9,299.0,220.15,296.0,0.8906,330.0,0.0,0.999,0.0,0.0032,-0.001,0.3077,218.7505,0.0,0.0,0.0,0.0,down,191.17,2026-08-13T15:51:32,0.0,211.75,332.685,2026-09-11 19:44:22,2026-09-11 15:45:04
AAPL,AAPL261218C00120000,AAPL,2026-12-18,C,120.0,212.55,384.0,215.25,297.0,0.7604,1311.0,4.0,0.9989,0.0,0.0038,-0.0011,0.321,213.8156,7.34,216.7,216.7,213.99,no_change,213.99,2026-09-11T15:04:58,3.5519,206.650001525879,332.685,2026-09-11 19:44:22,2026-09-11 15:45:04
AAPL,AAPL261218C00125000,AAPL,2026-12-18,C,125.0,208.05,302.0,210.3,289.0,0.834,462.0,2.0,0.9988,0.0,0.0044,-0.0013,0.3343,208.8812,7.485,209.31,209.31,209.31,no_change,209.31,2026-09-11T15:07:38,3.70866,201.825004577637,332.685,2026-09-11 19:44:22,2026-09-11 15:45:04
AAPL,AAPL261218C00130000,AAPL,2026-12-18,C,130.0,202.95,353.0,205.35,324.0,0.7709,1382.0,0.0,0.9987,0.0,0.0052,-0.0015,0.3475,203.9474,0.0,0.0,0.0,0.0,down,184.95,2026-09-09T10:55:26,0.0,196.875,332.685,2026-09-11 19:44:22,2026-09-11 15:45:04
AAPL,AAPL261218C00135000,AAPL,2026-12-18,C,135.0,198.15,315.0,200.45,288.0,0.7731,696.0,0.0,0.9985,0.0,0.006,-0.0017,0.3608,199.0141,0.0,0.0,0.0,0.0,no_change,181.46,2026-08-27T13:58:47,0.0,191.924995422363,332.685,2026-09-11 19:44:22,2026-09-11 15:45:04
AAPL,AAPL261218C00140000,AAPL,2026-12-18,C,140.0,193.3,312.0,195.5,305.0,0.7555,1083.0,2.0,0.9984,0.0,0.007,-0.0019,0.374,194.0815,7.455,194.33,194.33,194.33,no_change,194.33,2026-09-11T15:04:58,3.9893,186.875,332.685,2026-09-11 19:44:22,2026-09-11 15:45:04
AAPL,AAPL261218C00145000,AAPL,2026-12-18,C,145.0,188.35,309.0,190.55,285.0,0.724,530.0,92.0,0.9981,0.0,0.0082,-0.0022,0.3872,189.1498,7.53,185.0,191.5,185.0,no_change,189.48,2026-09-11T15:07:38,4.1385,181.950004577637,332.685,2026-09-11 19:44:22,2026-09-11 15:45:04
AAPL,AAPL261218C00150000,AAPL,2026-12-18,C,150.0,183.45,291.0,185.6,292.0,0.7003,414.0,0.0,0.9979,0.0001,0.0096,-0.0025,0.4003,184.2191,0.0,0.0,0.0,0.0,no_change,167.22,2026-09-08T15:03:31,0.0,177.349998474121,332.685,2026-09-11 19:44:22,2026-09-11 15:45:04
AAPL,AAPL261218C00155000,AAPL,2026-12-18,C,155.0,178.25,292.0,180.7,274.0,0.6413,254.0,0.0,0.9976,0.0001,0.0112,-0.0028,0.4134,179.2896,0.0,0.0,0.0,0.0,up,172.08,2026-09-01T13:30:07,0.0,172.350006103516,332.685,2026-09-11 19:44:22,2026-09-11 15:45:04
AAPL,AAPL261218C00160000,AAPL,2026-12-18,C,160.0,173.7,281.0,175.75,295.0,0.6662,453.0,0.0,0.9972,0.0001,0.013,-0.0032,0.4264,174.3616,0.0,0.0,0.0,0.0,up,158.09,2026-09-08T10:52:13,0.0,167.150001525879,332.685,2026-09-11 19:44:22,2026-09-11 15:45:04
AAPL,AAPL261218C00165000,AAPL,2026-12-18,C,165.0,168.1,363.0,170.85,303.0,0.5441,524.0,0.0,0.9968,0.0001,0.0151,-0.0037,0.4394,169.4351,0.0,0.0,0.0,0.0,up,162.87,2026-09-10T15:57:56,0.0,162.225006103516,332.685,2026-09-11 19:44:22,2026-09-11 15:45:04
AAPL,AAPL261218C00170000,AAPL,2026-12-18,C,170.0,163.6,323.0,165.9,300.0,0.5942,923.0,2.0,0.9963,0.0001,0.0175,-0.0042,0.4523,164.5106,9.75,167.3,167.3,167.3,no_change,167.3,2026-09-11T11:31:14,6.18851,157.550003051758,332.685,2026-09-11 19:44:22,2026-09-11 15:45:04
AAPL,AAPL261218C00175000,AAPL,2026-12-18,C,175.0,158.75,309.0,161.0,296.0,0.585,743.0,10.0,0.9957,0.0001,0.0204,-0.0048,0.4651,159.5884,8.935,161.51,161.51,161.51,up,161.51,2026-09-11T13:23:24,5.85614,152.574996948242,332.685,2026-09-11 19:44:22,2026-09-11 15:45:04
AAPL,AAPL261218C00180000,AAPL,2026-12-18,C,180.0,154.0,274.0,156.05,294.0,0.5788,744.0,0.0,0.995,0.0002,0.0236,-0.0054,0.4779,154.6687,0.0,0.0,0.0,0.0,up,135.27,2026-08-26T10:18:15,0.0,147.724998474121,332.685,2026-09-11 19:44:22,2026-09-11 15:45:04
AAPL,AAPL261218C00185000,AAPL,2026-12-18,C,185.0,149.05,282.0,151.15,303.0,0.5581,945.0,14.0,0.9942,0.0002,0.0273,-0.0061,0.4905,149.7521,7.305,151.66,151.66,150.04,no_change,150.13,2026-09-11T15:07:38,5.11465,142.825004577637,332.685,2026-09-11 19:44:22,2026-09-11 15:45:04
AAPL,AAPL261218C00190000,AAPL,2026-12-18,C,190.0,144.15,273.0,146.25,291.0,0.5417,614.0,2.0,0.9932,0.0002,0.0316,-0.0069,0.503,144.839,9.805,147.65,147.65,147.63,down,147.63,2026-09-11T11:31:14,7.1141,137.824996948242,332.685,2026-09-11 19:44:22,2026-09-11 15:45:04
AAPL,AAPL261218C00195000,AAPL,2026-12-18,C,195.0,138.7,363.0,141.3,319.0,0.4711,1120.0,4.0,0.9921,0.0003,0.0365,-0.0078,0.5153,139.9299,2.625,135.55,135.55,135.55,up,135.55,2026-09-11T09:31:01,1.9748,132.925003051758,332.685,2026-09-11 19:44:22,2026-09-11 15:45:04
AAPL,AAPL261218C00200000,AAPL,2026-12-18,C,200.0,134.25,315.0,136.4,362.0,0.4982,8913.0,2.0,0.9908,0.0003,0.042,-0.0088,0.5274,135.0255,8.255,135.0,135.78,135.0,up,135.78,2026-09-11T14:23:10,6.47324,127.524997711182,332.685,2026-09-11 19:44:22,2026-09-11 15:45:04
AAPL,AAPL261218C00205000,AAPL,2026-12-18,C,205.0,129.35,252.0,131.5,267.0,0.4824,175.0,4.0,0.9893,0.0004,0.0483,-0.01,0.5394,130.1264,7.315,130.48,130.48,130.39,no_change,130.39,2026-09-11T15:07:38,5.94353,123.075000762939,332.685,2026-09-11 19:44:22,2026-09-11 15:45:04
AAPL,AAPL261218C00210000,AAPL,2026-12-18,C,210.0,124.25,314.0,126.05,244.0,0.4047,5601.0,0.0,0.9875,0.0004,0.0556,-0.0112,0.551,125.2336,0.0,0.0,0.0,0.0,up,119.0,2026-09-10T15:56:50,0.0,118.25,332.685,2026-09-11 19:44:22,2026-09-11 15:45:04
AAPL,AAPL261218C00215000,AAPL,2026-12-18,C,215.0,119.55,294.0,121.7,396.0,0.4504,772.0,1.0,0.9855,0.0005,0.0636,-0.0126,0.5625,120.3482,9.75,123.1,123.1,123.1,up,123.1,2026-09-11T11:24:15,8.60167,113.350002288818,332.685,2026-09-11 19:44:22,2026-09-11 15:45:04
AAPL,AAPL261218C00220000,AAPL,2026-12-18,C,220.0,114.55,337.0,115.9,55.0,0.3427,3073.0,14.0,0.9831,0.0006,0.0728,-0.0141,0.5736,115.4712,6.685,115.0,117.27,115.0,down,115.31,2026-09-11T15:09:30,6.1542,108.625,332.685,2026-09-11 19:44:22,2026-09-11 15:45:04
AAPL,AAPL261218C00225000,AAPL,2026-12-18,C,225.0,109.85,236.0,112.45,316.0,0.4474,342.0,33.0,0.9803,0.0007,0.0833,-0.0158,0.5843,110.6043,8.485,112.01,112.01,112.01,no_change,112.01,2026-09-11T10:47:09,8.19609,103.524997711182,332.685,2026-09-11 19:44:22,2026-09-11 15:45:04
AAPL,AAPL261218C00230000,AAPL,2026-12-18,C,230.0,104.95,433.0,106.4,368.0,0.3756,4788.0,1.0,0.977,0.0008,0.095,-0.0176,0.5945,105.7495,8.475,107.1,107.1,107.1,up,107.1,2026-09-11T12:20:22,8.59316,98.625,332.685,2026-09-11 19:44:22,2026-09-11 15:45:04
AAPL,AAPL261218C00235000,AAPL,2026-12-18,C,235.0,100.2,392.0,102.3,470.0,0.4042,570.0,0.0,0.9731,0.0009,0.1082,-0.0197,0.6042,100.909,0.0,0.0,0.0,0.0,up,88.6,2026-09-10T11:53:12,0.0,93.75,332.685,2026-09-11 19:44:22,2026-09-11 15:45:04
AAPL,AAPL261218C00240000,AAPL,2026-12-18,C,240.0,95.25,463.0,97.25,509.0,0.3794,5326.0,3.0,0.9686,0.0011,0.1234,-0.0219,0.6133,96.0858,7.8,95.55,97.05,95.55,up,97.05,2026-09-11T10:30:45,8.7395,89.25,332.685,2026-09-11 19:44:22,2026-09-11 15:45:04
AAPL,AAPL261218C00245000,AAPL,2026-12-18,C,245.0,90.5,360.0,92.2,358.0,0.3626,434.0,1.0,0.9634,0.0013,0.1402,-0.0244,0.6216,91.2837,2.925,86.75,86.75,86.75,up,86.75,2026-09-11T09:30:18,3.48942,83.8249969482422,332.685,2026-09-11 19:44:22,2026-09-11 15:45:04
AAPL,AAPL261218C00250000,AAPL,2026-12-18,C,250.0,85.9,355.0,87.35,425.0,0.357,14973.0,14.0,0.9572,0.0015,0.1594,-0.0272,0.629,86.5069,7.125,88.57,88.57,86.4,no_change,86.4,2026-09-11T15:23:44,8.9877,79.2750015258789,332.685,2026-09-11 19:44:22,2026-09-11 15:45:04
AAPL,AAPL261218C00255000,AAPL,2026-12-18,C,255.0,81.1,375.0,82.95,473.0,0.356,4678.0,5.0,0.9498,0.0017,0.1809,-0.0303,0.6353,81.7612,7.23,82.65,82.65,81.93,down,81.93,2026-09-11T14:08:22,9.67871,74.7000007629394,332.685,2026-09-11 19:44:22,2026-09-11 15:45:04
AAPL,AAPL261218C00260000,AAPL,2026-12-18,C,260.0,76.6,207.0,78.4,488.0,0.3552,7208.0,6.0,0.9412,0.002,0.2048,-0.0337,0.6404,77.0531,9.05,73.8,80.0,73.8,up,79.0,2026-09-11T12:59:16,12.9378,69.9500007629394,332.685,2026-09-11 19:44:22,2026-09-11 15:45:04
AAPL,AAPL261218C00265000,AAPL,2026-12-18,C,265.0,71.6,394.0,73.75,548.0,0.3391,2539.0,4.0,0.9312,0.0023,0.2318,-0.0374,0.6439,72.3906,8.565,74.82,74.82,74.04,down,74.04,2026-09-11T12:57:00,13.0813,65.4750022888184,332.685,2026-09-11 19:44:22,2026-09-11 15:45:04
AAPL,AAPL261218C00270000,AAPL,2026-12-18,C,270.0,67.3,293.0,68.4,358.0,0.3228,7257.0,111.0,0.9193,0.0027,0.2612,-0.0414,0.6459,67.7829,6.65,64.93,70.05,64.93,down,68.0,2026-09-11T14:33:39,10.8394,61.3500003814697,332.685,2026-09-11 19:44:22,2026-09-11 15:45:04
AAPL,AAPL261218C00275000,AAPL,2026-12-18,C,275.0,62.7,313.0,63.8,286.0,0.3141,2336.0,7.0,0.9055,0.0031,0.2939,-0.0458,0.6457,63.2403,8.005,63.0,64.53,63.0,no_change,64.53,2026-09-11T12:28:52,14.1619,56.5249996185303,332.685,2026-09-11 19:44:22,2026-09-11 15:45:04
AAPL,AAPL261218C00280000,AAPL,2026-12-18,C,280.0,58.05,417.0,58.95,58.0,0.2991,6889.0,18.0,0.8895,0.0035,0.3286,-0.0505,0.6435,58.7753,6.68,57.3,62.0,57.3,down,58.98,2026-09-11T15:24:32,12.7725,52.3000011444092,332.685,2026-09-11 19:44:22,2026-09-11 15:45:04
AAPL,AAPL261218C00285000,AAPL,2026-12-18,C,285.0,53.95,279.0,54.7,188.0,0.3001,2310.0,51.0,0.8711,0.004,0.3663,-0.0554,0.6387,54.4004,6.23,54.13,56.92,54.13,down,54.18,2026-09-11T15:17:22,12.9927,47.9500007629394,332.685,2026-09-11 19:44:22,2026-09-11 15:45:04
AAPL,AAPL261218C00290000,AAPL,2026-12-18,C,290.0,49.75,327.0,50.45,235.0,0.2963,14608.0,99.0,0.85,0.0045,0.4052,-0.0605,0.6314,50.1304,5.935,45.5,53.0,45.5,up,50.01,2026-09-11T15:16:07,13.4657,44.0749988555908,332.685,2026-09-11 19:44:22,2026-09-11 15:45:04
AAPL,AAPL261218C00295000,AAPL,2026-12-18,C,295.0,45.25,418.0,46.8,465.0,0.2932,3430.0,11.0,0.8261,0.0051,0.4458,-0.0656,0.6209,45.9798,6.05,45.62,47.65,44.95,down,46.1,2026-09-11T14:29:40,15.1061,40.0499992370606,332.685,2026-09-11 19:44:22,2026-09-11 15:45:04
AAPL,AAPL261218C00300000,AAPL,2026-12-18,C,300.0,41.35,373.0,42.65,356.0,0.2884,24298.0,236.0,0.7994,0.0056,0.4861,-0.0707,0.6079,41.9648,5.55,38.0,44.6,38.0,up,41.95,2026-09-11T15:10:10,15.2473,36.3999996185303,332.685,2026-09-11 19:44:22,2026-09-11 15:45:04
AAPL,AAPL261218C00305000,AAPL,2026-12-18,C,305.0,37.65,287.0,38.9,411.0,0.2869,5035.0,29.0,0.7697,0.0062,0.5262,-0.0756,0.5913,38.1009,5.725,35.4,41.0,35.4,no_change,38.7,2026-09-11T14:00:59,17.3616,32.9750003814697,332.685,2026-09-11 19:44:22,2026-09-11 15:45:04
AAPL,AAPL261218C00310000,AAPL,2026-12-18,C,310.0,34.1,322.0,34.5,60.0,0.2774,6984.0,152.0,0.7372,0.0067,0.5639,-0.0801,0.5722,34.4034,5.125,30.5,36.85,30.5,no_change,34.4,2026-09-11T15:15:30,17.5064,29.2749996185303,332.685,2026-09-11 19:44:22,2026-09-11 15:45:04
AAPL,AAPL261218C00315000,AAPL,2026-12-18,C,315.0,30.5,304.0,31.0,66.0,0.2738,4498.0,197.0,0.7019,0.0072,0.5987,-0.0842,0.5497,30.8881,4.875,28.5,33.4,28.5,up,30.8,2026-09-11T15:18:21,18.8042,25.9250001907349,332.685,2026-09-11 19:44:22,2026-09-11 15:45:04
AAPL,AAPL261218C00320000,AAPL,2026-12-18,C,320.0,27.35,298.0,27.7,149.0,0.2722,10624.0,375.0,0.6643,0.0077,0.6292,-0.0875,0.5246,27.5675,4.425,24.2,30.0,24.2,up,27.5,2026-09-11T15:28:37,19.1766,23.0749998092651,332.685,2026-09-11 19:44:22,2026-09-11 15:45:04
AAPL,AAPL261218C00325000,AAPL,2026-12-18,C,325.0,24.1,553.0,24.55,147.0,0.2678,6707.0,520.0,0.6245,0.0081,0.6541,-0.0901,0.4971,24.455,4.25,22.5,27.0,22.2,up,24.5,2026-09-11T15:04:21,20.9877,20.25,332.685,2026-09-11 19:44:22,2026-09-11 15:45:04
AAPL,AAPL261218C00330000,AAPL,2026-12-18,C,330.0,21.35,427.0,21.65,207.0,0.2662,18239.0,560.0,0.583,0.0084,0.6726,-0.0918,0.4672,21.5593,3.725,18.55,23.62,18.35,up,21.5,2026-09-11T15:27:50,20.9564,17.7749996185303,332.685,2026-09-11 19:44:22,2026-09-11 15:45:04
AAPL,AAPL261218C00335000,AAPL,2026-12-18,C,335.0,18.7,350.0,18.95,210.0,0.2638,7136.0,624.0,0.5399,0.0087,0.6838,-0.0925,0.4357,18.8566,3.42,19.5,20.85,18.17,up,18.87,2026-09-11T15:29:03,22.1359,15.4500002861023,332.685,2026-09-11 19:44:22,2026-09-11 15:45:04
AAPL,AAPL261218C00340000,AAPL,2026-12-18,C,340.0,16.25,394.0,16.5,217.0,0.2614,14027.0,946.0,0.4972,0.0088,0.6874,-0.0922,0.4034,16.4454,3.02,14.5,18.27,14.5,up,16.37,2026-09-11T15:26:59,22.6217,13.3499999046326,332.685,2026-09-11 19:44:22,2026-09-11 15:45:04
AAPL,AAPL261218C00345000,AAPL,2026-12-18,C,345.0,14.0,640.0,14.3,201.0,0.2593,6277.0,739.0,0.4541,0.0088,0.6831,-0.0909,0.3704,14.2305,2.68,12.0,15.97,12.0,up,14.18,2026-09-11T15:25:19,23.3043,11.5,332.685,2026-09-11 19:44:22,2026-09-11 15:45:04
AAPL,AAPL261218C00350000,AAPL,2026-12-18,C,350.0,12.1,413.0,12.3,234.0,0.2582,23636.0,1860.0,0.4116,0.0087,0.6712,-0.0886,0.3374,12.2417,2.25,10.1,14.0,10.1,down,12.05,2026-09-11T15:27:57,22.9592,9.80000019073486,332.685,2026-09-11 19:44:22,2026-09-11 15:45:04
AAPL,AAPL261218C00360000,AAPL,2026-12-18,C,360.0,8.8,382.0,8.9,1.0,0.2553,16333.0,1005.0,0.3308,0.0082,0.6268,-0.0816,0.2733,8.9076,1.75,7.5,10.3,7.5,down,8.85,2026-09-11T15:26:56,24.6479,7.09999990463257,332.685,2026-09-11 19:44:22,2026-09-11 15:45:04
AAPL,AAPL261218C00370000,AAPL,2026-12-18,C,370.0,6.15,649.0,6.45,640.0,0.2536,7281.0,1407.0,0.2586,0.0073,0.5611,-0.0722,0.2148,6.352,1.2,5.33,7.5,5.33,down,6.25,2026-09-11T15:23:15,23.7624,5.04999995231628,332.685,2026-09-11 19:44:22,2026-09-11 15:45:04
AAPL,AAPL261218C00380000,AAPL,2026-12-18,C,380.0,4.35,470.0,4.55,583.0,0.2537,9354.0,1290.0,0.1972,0.0063,0.4834,-0.0616,0.1644,4.4525,0.85,3.85,5.35,3.85,no_change,4.4,2026-09-11T15:24:01,23.9437,3.55000007152557,332.685,2026-09-11 19:44:22,2026-09-11 15:45:04
AAPL,AAPL261218C00390000,AAPL,2026-12-18,C,390.0,3.0,508.0,3.15,549.0,0.2535,2239.0,650.0,0.1471,0.0052,0.4029,-0.0508,0.1229,3.0781,0.605,2.64,3.7,2.64,no_change,3.06,2026-09-11T15:24:07,24.6436,2.45500004291534,332.685,2026-09-11 19:44:22,2026-09-11 15:45:04
AAPL,AAPL261218C00400000,AAPL,2026-12-18,C,400.0,2.07,387.0,2.14,249.0,0.254,11050.0,2882.0,0.1078,0.0042,0.3264,-0.0408,0.0902,2.106,0.375,1.9,2.58,1.9,no_change,2.09,2026-09-11T15:26:04,21.8659,1.71499997377396,332.685,2026-09-11 19:44:22,2026-09-11 15:45:04
AAPL,AAPL261218C00410000,AAPL,2026-12-18,C,410.0,1.4,354.0,1.47,121.0,0.2552,1797.0,107.0,0.078,0.0033,0.2584,-0.0321,0.0653,1.4317,0.25,1.33,1.77,1.33,up,1.43,2026-09-11T15:25:45,21.1864,1.18000000715256,332.685,2026-09-11 19:44:22,2026-09-11 15:45:04
AAPL,AAPL261218C00420000,AAPL,2026-12-18,C,420.0,0.94,366.0,1.0,156.0,0.2566,4533.0,167.0,0.0559,0.0025,0.2011,-0.0248,0.0468,0.9713,0.18,0.89,1.18,0.89,up,0.99,2026-09-11T15:22:20,22.2222,0.810000002384186,332.685,2026-09-11 19:44:22,2026-09-11 15:45:04
AAPL,AAPL261218C00430000,AAPL,2026-12-18,C,430.0,0.63,232.0,0.73,350.0,0.26,4657.0,63.0,0.0399,0.0019,0.1546,-0.019,0.0334,0.6606,0.175,0.53,0.84,0.53,up,0.73,2026-09-11T13:24:55,31.5315,0.555000007152557,332.685,2026-09-11 19:44:22,2026-09-11 15:45:04
AAPL,AAPL261218C00440000,AAPL,2026-12-18,C,440.0,0.42,281.0,0.48,302.0,0.2612,503.0,53.0,0.0284,0.0014,0.1176,-0.0144,0.0237,0.4504,0.09,0.43,0.56,0.43,no_change,0.49,2026-09-11T13:24:55,22.5,0.400000005960464,332.685,2026-09-11 19:44:22,2026-09-11 15:45:04
AAPL,AAPL261218C00450000,AAPL,2026-12-18,C,450.0,0.29,157.0,0.33,322.0,0.264,8675.0,175.0,0.0204,0.0011,0.0896,-0.011,0.017,0.3122,0.03,0.28,0.39,0.28,down,0.3,2026-09-11T14:39:17,11.1111,0.269999995827675,332.685,2026-09-11 19:44:22,2026-09-11 15:45:04
AAPL,AAPL261218C00460000,AAPL,2026-12-18,C,460.0,0.16,492.0,0.27,457.0,0.267,573.0,3.0,0.0148,0.0008,0.0684,-0.0084,0.0123,0.2197,0.02,0.23,0.23,0.22,down,0.22,2026-09-11T10:50:52,10.0,0.199999995529652,332.685,2026-09-11 19:44:22,2026-09-11 15:45:04
AAPL,AAPL261218C00470000,AAPL,2026-12-18,C,470.0,0.1,565.0,0.2,500.0,0.27,7689.0,6.0,0.011,0.0006,0.0532,-0.0066,0.0091,0.1595,0.02,0.14,0.17,0.14,down,0.16,2026-09-11T11:07:46,14.2857,0.139999996870756,332.685,2026-09-11 19:44:22,2026-09-11 15:45:04
AAPL,AAPL261218C00480000,AAPL,2026-12-18,C,480.0,0.1,5.0,0.13,134.0,0.276,2642.0,32.0,0.0082,0.0005,0.0413,-0.0051,0.0068,0.1165,0.005,0.13,0.17,0.12,down,0.12,2026-09-11T14:06:45,4.34782,0.115000002086163,332.685,2026-09-11 19:44:22,2026-09-11 15:45:04
AAPL,AAPL261218C00490000,AAPL,2026-12-18,C,490.0,0.05,320.0,0.12,486.0,0.2801,452.0,1.0,0.0061,0.0004,0.0323,-0.004,0.0051,0.0863,0.01,0.1,0.1,0.1,up,0.1,2026-09-11T09:30:00,11.1111,0.0899999979883432,332.685,2026-09-11 19:44:22,2026-09-11 15:45:04
AAPL,AAPL261218C00500000,AAPL,2026-12-18,C,500.0,0.01,313.0,0.11,404.0,0.2829,771.0,20.0,0.0047,0.0003,0.0257,-0.0032,0.0039,0.0657,0.005,0.07,0.07,0.06,no_change,0.06,2026-09-11T13:22:52,9.09091,0.0550000006332994,332.685,2026-09-11 19:44:22,2026-09-11 15:45:04
AAPL,AAPL261218C00510000,AAPL,2026-12-18,C,510.0,0.01,5.0,0.22,437.0,0.3162,149.0,7.0,0.0037,0.0002,0.0207,-0.0026,0.003,0.0509,0.065,0.1,0.13,0.1,up,0.13,2026-09-11T13:57:13,100.0,0.0649999994784594,332.685,2026-09-11 19:44:22,2026-09-11 15:45:04
AAPL,AAPL261218C00520000,AAPL,2026-12-18,C,520.0,0.0,0.0,0.08,2.0,0.2959,539.0,0.0,0.003,0.0002,0.017,-0.0022,0.0024,0.0409,0.0,0.0,0.0,0.0,down,0.02,2026-09-10T14:33:31,0.0,0.0399999991059303,332.685,2026-09-11 19:44:22,2026-09-11 15:45:04
AAPL,AAPL261218C00530000,AAPL,2026-12-18,C,530.0,0.02,1.0,0.05,175.0,0.3037,2834.0,13.0,0.0024,0.0001,0.0141,-0.0018,0.002,0.0329,0.01,0.04,0.05,0.03,up,0.05,2026-09-11T13:19:11,25.0,0.0399999991059303,332.685,2026-09-11 19:44:22,2026-09-11 15:45:04
AAPL,AAPL261218C00540000,AAPL,2026-12-18,C,540.0,0.0,0.0,0.06,1.0,0.3105,30.0,0.0,0.002,0.0001,0.0117,-0.0016,0.0016,0.0268,0.0,0.0,0.0,0.0,down,0.02,2026-09-10T12:40:54,0.0,0.0350000001490116,332.685,2026-09-11 19:44:22,2026-09-11 15:45:04
AAPL,AAPL261218C00550000,AAPL,2026-12-18,C,550.0,0.0,0.0,0.06,1.0,0.3212,76.0,0.0,0.0016,0.0001,0.0099,-0.0013,0.0013,0.0221,0.0,0.0,0.0,0.0,down,0.01,2026-09-09T11:27:18,0.0,0.0350000001490116,332.685,2026-09-11 19:44:22,2026-09-11 15:45:04
AAPL,AAPL261218C00560000,AAPL,2026-12-18,C,560.0,0.0,0.0,0.06,50.0,0.3316,113.0,0.0,0.0013,0.0001,0.0083,-0.0011,0.0011,0.0182,0.0,0.0,0.0,0.0,up,0.12,2026-09-04T09:43:47,0.0,0.0199999995529652,332.685,2026-09-11 19:44:22,2026-09-11 15:45:04
AAPL,AAPL261218C00570000,AAPL,2026-12-18,C,570.0,0.0,0.0,0.2,257.0,0.3827,19.0,0.0,0.0011,0.0001,0.0071,-0.001,0.0009,0.0153,0.0,0.0,0.0,0.0,no_change,0.07,2026-09-04T11:23:34,0.0,0.100000001490116,332.685,2026-09-11 19:44:22,2026-09-11 15:45:04
AAPL,AAPL261218C00580000,AAPL,2026-12-18,C,580.0,0.0,0.0,0.52,345.0,0.4376,5.0,0.0,0.001,0.0001,0.0061,-0.0008,0.0008,0.013,0.0,0.0,0.0,0.0,down,0.02,2026-09-04T12:28:30,0.0,0.259999990463257,332.685,2026-09-11 19:44:22,2026-09-11 15:45:04
AAPL,AAPL261218C00590000,AAPL,2026-12-18,C,590.0,0.0,0.0,0.52,355.0,0.4492,174.0,0.0,0.0008,0.0,0.0053,-0.0008,0.0007,0.0112,0.0,0.0,0.0,0.0,down,0.02,2026-09-08T15:58:41,0.0,0.259999990463257,332.685,2026-09-11 19:44:22,2026-09-11 15:45:04
AAPL,AAPL261218C00600000,AAPL,2026-12-18,C,600.0,0.0,0.0,0.03,99.0,0.3513,1433.0,0.0,0.0007,0.0,0.0046,-0.0007,0.0006,0.0097,0.0,0.0,0.0,0.0,up,0.03,2026-09-10T14:11:52,0.0,0.0199999995529652,332.685,2026-09-11 19:44:22,2026-09-11 15:45:04
AAPL,AAPL261218P00005000,AAPL,2026-12-18,P,5.0,0.0,0.0,0.02,5.0,2.596,128.0,0.0,0.0,0.0,0.0,0.0,0.0,0.0,0.0,0.0,0.0,0.0,down,0.01,2026-08-06T10:38:51,0.0,0.00499999988824129,332.685,2026-09-11 19:44:22,2026-09-11 15:45:04
AAPL,AAPL261218P00010000,AAPL,2026-12-18,P,10.0,0.0,0.0,0.52,549.0,2.97,3101.0,0.0,0.0,0.0,0.0,0.0,0.0,0.0001,0.0,0.0,0.0,0.0,down,0.19,2026-08-05T09:30:02,0.0,0.00499999988824129,332.685,2026-09-11 19:44:22,2026-09-11 15:45:04
AAPL,AAPL261218P00015000,AAPL,2026-12-18,P,15.0,0.0,0.0,0.02,5.0,1.8685,640.0,0.0,0.0,0.0,0.0,0.0,0.0,0.0001,0.0,0.0,0.0,0.0,no_change,0.46,2026-06-30T10:42:33,0.0,0.00499999988824129,332.685,2026-09-11 19:44:22,2026-09-11 15:45:04
AAPL,AAPL261218P00020000,AAPL,2026-12-18,P,20.0,0.0,0.0,0.01,1.0,1.6048,3021.0,0.0,0.0,0.0,0.0,0.0,0.0,0.0002,0.0,0.0,0.0,0.0,no_change,0.26,2026-08-05T09:30:48,0.0,0.00499999988824129,332.685,2026-09-11 19:44:22,2026-09-11 15:45:04
AAPL,AAPL261218P00025000,AAPL,2026-12-18,P,25.0,0.0,0.0,0.01,1.0,1.4738,601.0,0.0,0.0,0.0,0.0001,0.0,0.0,0.0003,0.0,0.0,0.0,0.0,down,0.01,2026-07-16T14:13:26,0.0,0.00499999988824129,332.685,2026-09-11 19:44:22,2026-09-11 15:45:04
AAPL,AAPL261218P00030000,AAPL,2026-12-18,P,30.0,0.0,0.0,0.01,1.0,1.3678,1174.0,0.0,0.0,0.0,0.0001,0.0,0.0,0.0005,0.0,0.0,0.0,0.0,down,0.01,2026-06-23T15:36:51,0.0,0.00499999988824129,332.685,2026-09-11 19:44:22,2026-09-11 15:45:04
AAPL,AAPL261218P00035000,AAPL,2026-12-18,P,35.0,0.0,0.0,0.01,1.0,1.279,1529.0,0.0,0.0,0.0,0.0001,-0.0001,0.0,0.0007,0.0,0.0,0.0,0.0,up,0.02,2026-08-11T09:33:07,0.0,0.00499999988824129,332.685,2026-09-11 19:44:22,2026-09-11 15:45:04
AAPL,AAPL261218P00040000,AAPL,2026-12-18,P,40.0,0.0,0.0,0.06,1.0,1.3792,330.0,0.0,0.0,0.0,0.0002,-0.0001,0.0,0.0009,0.0,0.0,0.0,0.0,up,0.04,2026-08-31T09:30:02,0.0,0.0299999993294477,332.685,2026-09-11 19:44:22,2026-09-11 15:45:04
AAPL,AAPL261218P00045000,AAPL,2026-12-18,P,45.0,0.0,0.0,0.52,479.0,1.6242,652.0,0.0,0.0,0.0,0.0002,-0.0001,0.0,0.0012,0.0,0.0,0.0,0.0,no_change,0.12,2026-07-16T14:24:26,0.0,0.259999990463257,332.685,2026-09-11 19:44:22,2026-09-11 15:45:04
AAPL,AAPL261218P00050000,AAPL,2026-12-18,P,50.0,0.0,0.0,0.02,23.0,1.1301,7640.0,0.0,0.0,0.0,0.0003,-0.0001,0.0,0.0015,0.0,0.0,0.0,0.0,no_change,0.01,2026-08-24T15:56:28,0.0,0.00999999977648258,332.685,2026-09-11 19:44:22,2026-09-11 15:45:04
AAPL,AAPL261218P00060000,AAPL,2026-12-18,P,60.0,0.0,0.0,0.01,11.0,0.9732,3908.0,0.0,-0.0001,0.0,0.0004,-0.0002,-0.0001,0.0023,0.0,0.0,0.0,0.0,no_change,0.01,2026-09-10T12:39:23,0.0,0.00499999988824129,332.685,2026-09-11 19:44:22,2026-09-11 15:45:04
AAPL,AAPL261218P00070000,AAPL,2026-12-18,P,70.0,0.0,0.0,0.03,1.0,0.9607,435.0,0.0,-0.0001,0.0,0.0006,-0.0003,-0.0001,0.0034,0.0,0.0,0.0,0.0,down,0.01,2026-09-01T10:03:08,0.0,0.0149999996647239,332.685,2026-09-11 19:44:22,2026-09-11 15:45:04
AAPL,AAPL261218P00080000,AAPL,2026-12-18,P,80.0,0.0,0.0,0.03,1.0,0.8802,3441.0,0.0,-0.0001,0.0,0.001,-0.0004,-0.0001,0.0049,0.0,0.0,0.0,0.0,no_change,0.01,2026-08-03T13:56:44,0.0,0.0149999996647239,332.685,2026-09-11 19:44:22,2026-09-11 15:45:04
AAPL,AAPL261218P00085000,AAPL,2026-12-18,P,85.0,0.0,0.0,0.03,1.0,0.8437,229.0,0.0,-0.0002,0.0,0.0012,-0.0004,-0.0002,0.0059,0.0,0.0,0.0,0.0,down,0.09,2026-06-23T10:53:20,0.0,0.0149999996647239,332.685,2026-09-11 19:44:22,2026-09-11 15:45:04
AAPL,AAPL261218P00090000,AAPL,2026-12-18,P,90.0,0.0,0.0,0.03,1.0,0.8094,1774.0,0.0,-0.0002,0.0,0.0014,-0.0005,-0.0002,0.007,0.0,0.0,0.0,0.0,down,0.03,2026-08-14T14:53:54,0.0,0.0900000035762787,332.685,2026-09-11 19:44:22,2026-09-11 15:45:04
AAPL,AAPL261218P00095000,AAPL,2026-12-18,P,95.0,0.0,0.0,0.03,1.0,0.777,2535.0,0.0,-0.0002,0.0,0.0016,-0.0006,-0.0002,0.0083,0.0,0.0,0.0,0.0,down,0.02,2026-09-03T13:51:17,0.0,0.0149999996647239,332.685,2026-09-11 19:44:22,2026-09-11 15:45:04
AAPL,AAPL261218P00100000,AAPL,2026-12-18,P,100.0,0.0,0.0,0.01,6.0,0.6886,1818.0,0.0,-0.0003,0.0,0.002,-0.0006,-0.0003,0.0098,0.0,0.0,0.0,0.0,no_change,0.01,2026-09-09T11:37:16,0.0,0.00499999988824129,332.685,2026-09-11 19:44:22,2026-09-11 15:45:04
AAPL,AAPL261218P00105000,AAPL,2026-12-18,P,105.0,0.0,0.0,0.14,407.0,0.8212,1844.0,0.0,-0.0004,0.0,0.0023,-0.0008,-0.0003,0.0116,0.0,0.0,0.0,0.0,down,0.03,2026-08-28T11:47:57,0.0,0.0450000017881393,332.685,2026-09-11 19:44:22,2026-09-11 15:45:04
AAPL,AAPL261218P00110000,AAPL,2026-12-18,P,110.0,0.0,0.0,0.04,1.0,0.7056,2068.0,0.0,-0.0004,0.0,0.0027,-0.0009,-0.0004,0.0136,0.0,0.0,0.0,0.0,no_change,0.02,2026-09-03T15:40:19,0.0,0.0199999995529652,332.685,2026-09-11 19:44:22,2026-09-11 15:45:04
AAPL,AAPL261218P00115000,AAPL,2026-12-18,P,115.0,0.0,0.0,0.41,684.0,0.853,1400.0,0.0,-0.0005,0.0,0.0032,-0.001,-0.0005,0.0159,0.0,0.0,0.0,0.0,no_change,0.03,2026-09-08T11:45:32,0.0,0.219999998807907,332.685,2026-09-11 19:44:22,2026-09-11 15:45:04
AAPL,AAPL261218P00120000,AAPL,2026-12-18,P,120.0,0.01,40.0,0.05,1.0,0.6754,1572.0,0.0,-0.0006,0.0,0.0038,-0.0011,-0.0006,0.0186,0.0,0.0,0.0,0.0,no_change,0.02,2026-09-04T11:50:05,0.0,0.0300000002607703,332.685,2026-09-11 19:44:22,2026-09-11 15:45:04
AAPL,AAPL261218P00125000,AAPL,2026-12-18,P,125.0,0.0,0.0,0.23,491.0,0.7401,3289.0,0.0,-0.0007,0.0,0.0044,-0.0013,-0.0007,0.0218,0.0,0.0,0.0,0.0,up,0.04,2026-09-08T09:46:46,0.0,0.135000005364418,332.685,2026-09-11 19:44:22,2026-09-11 15:45:04
AAPL,AAPL261218P00130000,AAPL,2026-12-18,P,130.0,0.0,0.0,0.08,13.0,0.6415,1210.0,0.0,-0.0009,0.0,0.0052,-0.0015,-0.0008,0.0254,0.0,0.0,0.0,0.0,up,0.05,2026-09-04T09:43:04,0.0,0.0399999991059303,332.685,2026-09-11 19:44:22,2026-09-11 15:45:04
AAPL,AAPL261218P00135000,AAPL,2026-12-18,P,135.0,0.01,60.0,0.09,236.0,0.6301,2502.0,5.0,-0.001,0.0,0.006,-0.0017,-0.0009,0.0297,0.05,0.1,0.12,0.06,up,0.09,2026-09-11T12:52:23,125.0,0.0400000000372529,332.685,2026-09-11 19:44:22,2026-09-11 15:45:04
AAPL,AAPL261218P00140000,AAPL,2026-12-18,P,140.0,0.01,1.0,0.1,202.0,0.6118,1348.0,3.0,-0.0012,0.0,0.0071,-0.0019,-0.0011,0.0347,-0.01,0.04,0.04,0.04,no_change,0.04,2026-09-11T12:52:38,-20.0,0.0500000016763806,332.685,2026-09-11 19:44:22,2026-09-11 15:45:04
AAPL,AAPL261218P00145000,AAPL,2026-12-18,P,145.0,0.0,0.0,0.18,411.0,0.6185,1079.0,0.0,-0.0014,0.0,0.0082,-0.0022,-0.0013,0.0402,0.0,0.0,0.0,0.0,down,0.06,2026-09-10T14:01:43,0.0,0.0600000005215406,332.685,2026-09-11 19:44:22,2026-09-11 15:45:04
AAPL,AAPL261218P00150000,AAPL,2026-12-18,P,150.0,0.01,1.0,0.16,103.0,0.5915,2174.0,0.0,-0.0017,0.0001,0.0095,-0.0025,-0.0015,0.0471,0.0,0.0,0.0,0.0,no_change,0.05,2026-09-10T12:47:50,0.0,0.0550000006332994,332.685,2026-09-11 19:44:22,2026-09-11 15:45:04
AAPL,AAPL261218P00155000,AAPL,2026-12-18,P,155.0,0.0,0.0,0.11,270.0,0.5445,767.0,4.0,-0.002,0.0001,0.0112,-0.0028,-0.0018,0.0556,-0.02,0.05,0.06,0.05,up,0.06,2026-09-11T11:39:09,-25.0,0.0800000000745058,332.685,2026-09-11 19:44:22,2026-09-11 15:45:04
AAPL,AAPL261218P00160000,AAPL,2026-12-18,P,160.0,0.01,41.0,0.12,34.0,0.5322,3006.0,0.0,-0.0024,0.0001,0.0131,-0.0032,-0.0021,0.0651,0.0,0.0,0.0,0.0,no_change,0.07,2026-09-10T10:23:32,0.0,0.0649999985471368,332.685,2026-09-11 19:44:22,2026-09-11 15:45:04
AAPL,AAPL261218P00165000,AAPL,2026-12-18,P,165.0,0.05,3.0,0.13,34.0,0.529,1909.0,0.0,-0.0028,0.0001,0.0151,-0.0037,-0.0025,0.0758,0.0,0.0,0.0,0.0,no_change,0.09,2026-09-10T13:50:14,0.0,0.100000003352761,332.685,2026-09-11 19:44:22,2026-09-11 15:45:04
AAPL,AAPL261218P00170000,AAPL,2026-12-18,P,170.0,0.06,1.0,0.1,108.0,0.502,2711.0,0.0,-0.0033,0.0001,0.0176,-0.0042,-0.003,0.0895,0.0,0.0,0.0,0.0,down,0.09,2026-09-10T15:12:25,0.0,0.0800000000745058,332.685,2026-09-11 19:44:22,2026-09-11 15:45:04
AAPL,AAPL261218P00175000,AAPL,2026-12-18,P,175.0,0.05,437.0,0.16,494.0,0.4964,2401.0,4.0,-0.0039,0.0001,0.0204,-0.0048,-0.0035,0.1042,0.0,0.14,0.14,0.1,no_change,0.1,2026-09-11T10:02:23,-3.35276e-06,0.100000003352761,332.685,2026-09-11 19:44:22,2026-09-11 15:45:04
AAPL,AAPL261218P00180000,AAPL,2026-12-18,P,180.0,0.08,504.0,0.15,368.0,0.4813,3367.0,4.0,-0.0046,0.0002,0.0238,-0.0054,-0.0042,0.1231,-0.015,0.15,0.15,0.11,no_change,0.11,2026-09-11T10:02:23,-12.0,0.125,332.685,2026-09-11 19:44:22,2026-09-11 15:45:04
AAPL,AAPL261218P00185000,AAPL,2026-12-18,P,185.0,0.09,327.0,0.2,513.0,0.4745,1845.0,2.0,-0.0054,0.0002,0.0273,-0.0061,-0.0048,0.143,-0.01,0.14,0.14,0.14,down,0.14,2026-09-11T11:03:03,-6.66667,0.149999998509884,332.685,2026-09-11 19:44:22,2026-09-11 15:45:04
AAPL,AAPL261218P00190000,AAPL,2026-12-18,P,190.0,0.1,561.0,0.23,530.0,0.4622,2725.0,7.0,-0.0063,0.0002,0.0317,-0.0069,-0.0057,0.1674,-0.075,0.15,0.16,0.12,down,0.12,2026-09-11T13:44:14,-38.4615,0.195000000298023,332.685,2026-09-11 19:44:22,2026-09-11 15:45:04
AAPL,AAPL261218P00195000,AAPL,2026-12-18,P,195.0,0.14,404.0,0.26,476.0,0.4535,1753.0,11.0,-0.0075,0.0003,0.0366,-0.0079,-0.0067,0.1962,-0.035,0.17,0.2,0.17,up,0.18,2026-09-11T13:59:39,-16.2791,0.215000003576279,332.685,2026-09-11 19:44:22,2026-09-11 15:45:04
AAPL,AAPL261218P00200000,AAPL,2026-12-18,P,200.0,0.17,485.0,0.26,391.0,0.4384,12069.0,1.0,-0.0088,0.0003,0.042,-0.0089,-0.0079,0.2293,0.035,0.28,0.28,0.28,up,0.28,2026-09-11T13:53:44,14.2857,0.244999997317791,332.685,2026-09-11 19:44:22,2026-09-11 15:45:04
AAPL,AAPL261218P00205000,AAPL,2026-12-18,P,205.0,0.2,438.0,0.34,573.0,0.4323,832.0,2.0,-0.0103,0.0004,0.0485,-0.01,-0.0093,0.2681,-0.03,0.26,0.26,0.26,down,0.26,2026-09-11T09:34:15,-10.3448,0.290000006556511,332.685,2026-09-11 19:44:22,2026-09-11 15:45:04
AAPL,AAPL261218P00210000,AAPL,2026-12-18,P,210.0,0.29,24.0,0.33,160.0,0.4214,3689.0,18.0,-0.0121,0.0004,0.0559,-0.0113,-0.0109,0.3146,-0.06,0.29,0.31,0.27,down,0.3,2026-09-11T15:10:59,-16.6667,0.359999999403954,332.685,2026-09-11 19:44:22,2026-09-11 15:45:04
AAPL,AAPL261218P00215000,AAPL,2026-12-18,P,215.0,0.35,6.0,0.38,10.0,0.412,1440.0,25.0,-0.0142,0.0005,0.0638,-0.0126,-0.0127,0.3658,-0.065,0.34,0.34,0.34,down,0.34,2026-09-11T10:56:01,-16.0494,0.404999986290932,332.685,2026-09-11 19:44:22,2026-09-11 15:45:04
AAPL,AAPL261218P00220000,AAPL,2026-12-18,P,220.0,0.41,115.0,0.48,373.0,0.4053,7537.0,13.0,-0.0166,0.0006,0.0733,-0.0142,-0.0149,0.4282,-0.04,0.42,0.43,0.39,up,0.43,2026-09-11T14:02:03,-8.51064,0.469999998807907,332.685,2026-09-11 19:44:22,2026-09-11 15:45:04
AAPL,AAPL261218P00225000,AAPL,2026-12-18,P,225.0,0.47,251.0,0.53,153.0,0.3933,3902.0,0.0,-0.0194,0.0007,0.0838,-0.0159,-0.0174,0.4981,0.0,0.0,0.0,0.0,down,0.54,2026-09-10T11:10:43,0.0,0.560000002384186,332.685,2026-09-11 19:44:22,2026-09-11 15:45:04
AAPL,AAPL261218P00230000,AAPL,2026-12-18,P,230.0,0.58,5.0,0.61,100.0,0.3852,8965.0,29.0,-0.0228,0.0008,0.0954,-0.0178,-0.0203,0.5817,-0.05,0.58,0.6,0.55,up,0.6,2026-09-11T15:16:14,-7.69231,0.650000005960464,332.685,2026-09-11 19:44:22,2026-09-11 15:45:04
AAPL,AAPL261218P00235000,AAPL,2026-12-18,P,235.0,0.67,63.0,0.71,27.0,0.376,3449.0,37.0,-0.0266,0.001,0.109,-0.0198,-0.0238,0.6785,-0.11,0.66,0.71,0.66,down,0.69,2026-09-11T15:04:44,-13.75,0.799999982118606,332.685,2026-09-11 19:44:22,2026-09-11 15:45:04
AAPL,AAPL261218P00240000,AAPL,2026-12-18,P,240.0,0.78,177.0,0.82,122.0,0.3666,11081.0,59.0,-0.0311,0.0011,0.124,-0.0221,-0.0278,0.7941,-0.165,0.84,0.84,0.75,no_change,0.79,2026-09-11T14:29:23,-17.2775,0.9549999833107,332.685,2026-09-11 19:44:22,2026-09-11 15:45:04
AAPL,AAPL261218P00245000,AAPL,2026-12-18,P,245.0,0.92,144.0,1.0,455.0,0.3595,3569.0,45.0,-0.0365,0.0013,0.1411,-0.0247,-0.0325,0.9322,-0.13,1.0,1.0,0.9,up,0.96,2026-09-11T15:16:14,-11.9266,1.08999997377396,332.685,2026-09-11 19:44:22,2026-09-11 15:45:04
AAPL,AAPL261218P00250000,AAPL,2026-12-18,P,250.0,1.08,158.0,1.12,174.0,0.3496,28006.0,1250.0,-0.0428,0.0015,0.161,-0.0275,-0.0382,1.0949,-0.235,1.19,1.19,1.05,no_change,1.1,2026-09-11T15:17:37,-17.603,1.33499997854233,332.685,2026-09-11 19:44:22,2026-09-11 15:45:04
AAPL,AAPL261218P00255000,AAPL,2026-12-18,P,255.0,1.24,383.0,1.32,150.0,0.3408,6719.0,28.0,-0.0503,0.0018,0.1821,-0.0306,-0.0445,1.2898,-0.295,1.27,1.3,1.21,up,1.28,2026-09-11T15:18:06,-18.7302,1.57499998807907,332.685,2026-09-11 19:44:22,2026-09-11 15:45:04
AAPL,AAPL261218P00260000,AAPL,2026-12-18,P,260.0,1.5,275.0,1.55,256.0,0.334,13504.0,20.0,-0.059,0.002,0.207,-0.0341,-0.0521,1.5222,-0.375,1.53,1.57,1.46,up,1.51,2026-09-11T15:15:45,-19.8939,1.88499999046326,332.685,2026-09-11 19:44:22,2026-09-11 15:45:04
AAPL,AAPL261218P00265000,AAPL,2026-12-18,P,265.0,1.77,301.0,1.85,393.0,0.327,5200.0,113.0,-0.0693,0.0024,0.2337,-0.0379,-0.061,1.802,-0.425,1.86,1.87,1.73,no_change,1.82,2026-09-11T15:26:04,-18.931,2.24500000476837,332.685,2026-09-11 19:44:22,2026-09-11 15:45:04
AAPL,AAPL261218P00270000,AAPL,2026-12-18,P,270.0,2.1,355.0,2.19,394.0,0.3202,8594.0,129.0,-0.0814,0.0027,0.2636,-0.0421,-0.0714,2.1365,-0.54,2.48,2.48,2.0,down,2.13,2026-09-11T15:17:06,-20.2247,2.66999995708466,332.685,2026-09-11 19:44:22,2026-09-11 15:45:04
AAPL,AAPL261218P00275000,AAPL,2026-12-18,P,275.0,2.5,345.0,2.6,403.0,0.3139,8207.0,80.0,-0.0954,0.0031,0.2966,-0.0466,-0.0834,2.5392,-0.725,2.6,2.64,2.41,no_change,2.5,2026-09-11T15:14:45,-22.4806,3.22500002384186,332.685,2026-09-11 19:44:22,2026-09-11 15:45:04
AAPL,AAPL261218P00280000,AAPL,2026-12-18,P,280.0,2.9,595.0,3.1,517.0,0.307,19160.0,185.0,-0.1118,0.0036,0.3316,-0.0514,-0.0973,3.0193,-0.815,3.65,3.8,2.85,up,3.01,2026-09-11T15:26:30,-21.3072,3.82500004768372,332.685,2026-09-11 19:44:22,2026-09-11 15:45:04
AAPL,AAPL261218P00285000,AAPL,2026-12-18,P,285.0,3.55,408.0,3.65,231.0,0.3022,3240.0,154.0,-0.1307,0.0041,0.3698,-0.0564,-0.113,3.5934,-0.94,4.1,4.1,3.3,down,3.61,2026-09-11T15:24:07,-20.6593,4.54999995231628,332.685,2026-09-11 19:44:22,2026-09-11 15:45:04
AAPL,AAPL261218P00290000,AAPL,2026-12-18,P,290.0,4.25,197.0,4.35,466.0,0.2975,7503.0,361.0,-0.1522,0.0046,0.4089,-0.0617,-0.1311,4.2732,-1.2,5.15,5.15,3.96,down,4.25,2026-09-11T15:26:40,-22.0183,5.45000004768372,332.685,2026-09-11 19:44:22,2026-09-11 15:45:04
AAPL,AAPL261218P00295000,AAPL,2026-12-18,P,295.0,4.95,647.0,5.15,335.0,0.2914,4536.0,289.0,-0.1767,0.0052,0.4499,-0.067,-0.1507,5.0776,-1.325,5.07,5.25,4.75,no_change,5.15,2026-09-11T15:26:59,-20.4633,6.47500014305115,332.685,2026-09-11 19:44:22,2026-09-11 15:45:04
AAPL,AAPL261218P00300000,AAPL,2026-12-18,P,300.0,5.95,360.0,6.1,445.0,0.2877,17712.0,1433.0,-0.2042,0.0058,0.4912,-0.0723,-0.1736,6.0184,-1.6,7.15,7.15,5.65,no_change,6.0,2026-09-11T15:18:48,-21.0526,7.59999990463257,332.685,2026-09-11 19:44:22,2026-09-11 15:45:04
AAPL,AAPL261218P00305000,AAPL,2026-12-18,P,305.0,7.05,401.0,7.2,410.0,0.2836,3853.0,243.0,-0.2347,0.0064,0.5304,-0.0775,-0.1972,7.1179,-1.725,8.12,8.12,6.7,no_change,7.2,2026-09-11T15:26:59,-19.3277,8.92500019073486,332.685,2026-09-11 19:44:22,2026-09-11 15:45:04
AAPL,AAPL261218P00310000,AAPL,2026-12-18,P,310.0,8.3,449.0,8.45,435.0,0.2796,12268.0,875.0,-0.268,0.0069,0.5693,-0.0823,-0.2237,8.3785,-2.025,9.62,9.62,7.78,up,8.45,2026-09-11T15:23:15,-19.3317,10.4750003814697,332.685,2026-09-11 19:44:22,2026-09-11 15:45:04
AAPL,AAPL261218P00315000,AAPL,2026-12-18,P,315.0,9.75,489.0,9.95,631.0,0.2763,2574.0,1331.0,-0.3043,0.0075,0.6026,-0.0866,-0.2503,9.8353,-2.34,11.05,11.05,9.28,no_change,9.91,2026-09-11T15:21:16,-19.102,12.25,332.685,2026-09-11 19:44:22,2026-09-11 15:45:04
AAPL,AAPL261218P00320000,AAPL,2026-12-18,P,320.0,11.45,69.0,11.6,563.0,0.2731,2530.0,514.0,-0.343,0.008,0.6326,-0.0903,-0.2765,11.4834,-2.675,13.1,13.1,10.75,up,11.55,2026-09-11T15:23:24,-18.8049,14.2249999046326,332.685,2026-09-11 19:44:22,2026-09-11 15:45:04
AAPL,AAPL261218P00325000,AAPL,2026-12-18,P,325.0,13.3,153.0,13.5,379.0,0.2704,2506.0,162.0,-0.3846,0.0084,0.6562,-0.0933,-0.3072,13.366,-3.075,14.7,14.7,12.45,up,13.45,2026-09-11T14:59:35,-18.6082,16.5250005722046,332.685,2026-09-11 19:44:22,2026-09-11 15:45:04
AAPL,AAPL261218P00330000,AAPL,2026-12-18,P,330.0,15.4,165.0,15.55,295.0,0.2678,1029.0,919.0,-0.428,0.0088,0.6729,-0.0954,-0.3335,15.4732,-3.435,15.9,16.25,14.55,down,15.49,2026-09-11T15:29:17,-18.1506,18.9250001907349,332.685,2026-09-11 19:44:22,2026-09-11 15:45:04
AAPL,AAPL261218P00335000,AAPL,2026-12-18,P,335.0,17.75,47.0,17.95,530.0,0.2657,526.0,413.0,-0.472,0.0091,0.6818,-0.0966,-0.3608,17.7802,-3.725,20.9,20.9,16.8,no_change,17.85,2026-09-11T15:24:11,-17.2654,21.5749998092651,332.685,2026-09-11 19:44:22,2026-09-11 15:45:04
AAPL,AAPL261218P00340000,AAPL,2026-12-18,P,340.0,20.3,106.0,20.55,512.0,0.2635,474.0,444.0,-0.5174,0.0092,0.6821,-0.0968,-0.3832,20.3517,-4.2,20.23,21.0,19.1,down,20.35,2026-09-11T15:23:15,-17.1079,24.5500001907349,332.685,2026-09-11 19:44:22,2026-09-11 15:45:04
AAPL,AAPL261218P00345000,AAPL,2026-12-18,P,345.0,23.1,28.0,23.4,370.0,0.2618,234.0,120.0,-0.5631,0.0093,0.6724,-0.0961,-0.4002,23.1641,-4.75,21.9,22.75,21.86,up,22.75,2026-09-11T14:01:37,-17.2727,27.5,332.685,2026-09-11 19:44:22,2026-09-11 15:45:04
AAPL,AAPL261218P00350000,AAPL,2026-12-18,P,350.0,25.6,623.0,26.65,534.0,0.2575,324.0,311.0,-0.6085,0.0093,0.6562,-0.0945,-0.4188,26.2118,-5.875,26.18,27.3,24.71,up,25.3,2026-09-11T12:49:09,-18.8452,31.1750001907349,332.685,2026-09-11 19:44:22,2026-09-11 15:45:04
AAPL,AAPL261218P00360000,AAPL,2026-12-18,P,360.0,32.35,456.0,33.35,293.0,0.2536,304.0,100.0,-0.696,0.0089,0.5942,-0.0891,-0.4299,33.0034,-5.65,31.7,33.1,31.25,down,33.0,2026-09-11T14:27:45,-14.6184,38.6499996185303,332.685,2026-09-11 19:44:22,2026-09-11 15:45:04
AAPL,AAPL261218P00370000,AAPL,2026-12-18,P,370.0,39.5,512.0,41.45,440.0,0.2511,60.0,1.0,-0.7765,0.0083,0.5033,-0.0815,-0.4063,40.6476,-6.275,40.5,40.5,40.5,down,40.5,2026-09-11T14:23:39,-13.4153,46.7749996185303,332.685,2026-09-11 19:44:22,2026-09-11 15:45:04
AAPL,AAPL261218P00380000,AAPL,2026-12-18,P,380.0,48.15,458.0,49.9,388.0,0.2537,43.0,19.0,-0.8478,0.0075,0.3943,-0.0729,-0.3558,49.0263,-6.9,50.5,50.5,47.0,up,48.8,2026-09-11T14:37:08,-12.3878,55.7000007629394,332.685,2026-09-11 19:44:22,2026-09-11 15:45:04
AAPL,AAPL261218P00390000,AAPL,2026-12-18,P,390.0,56.95,257.0,58.45,74.0,0.2394,0.0,1.0,-0.9089,0.0066,0.274,-0.0649,-0.263,58.0172,-9.01,55.94,55.94,55.94,down,55.94,2026-09-11T10:53:59,-13.8722,64.9499988555908,332.685,2026-09-11 19:44:22,2026-09-11 15:45:04
AAPL,AAPL261218P00400000,AAPL,2026-12-18,P,400.0,66.2,209.0,68.7,191.0,0.2494,15.0,36.0,-0.9569,0.0049,0.151,-0.0526,-0.1171,67.5007,-7.69,72.61,72.61,66.91,down,66.91,2026-09-11T13:44:02,-10.3083,74.6000022888184,332.685,2026-09-11 19:44:22,2026-09-11 15:45:04
AAPL,AAPL261218P00410000,AAPL,2026-12-18,P,410.0,76.1,108.0,78.0,104.0,0.0,0.0,0.0,-0.986,0.0024,0.0558,-0.0213,-0.0257,77.3184,0.0,0.0,0.0,0.0,down,95.59,2026-07-08T13:55:06,0.0,84.6500015258789,332.685,2026-09-11 19:44:22,2026-09-11 15:45:04
AAPL,AAPL261218P00420000,AAPL,2026-12-18,P,420.0,86.45,146.0,88.0,108.0,0.0,0.0,0.0,-0.9976,0.0006,0.011,-0.0001,-0.0012,87.2851,0.0,0.0,0.0,0.0,down,109.21,2026-08-20T15:57:49,0.0,94.6500015258789,332.685,2026-09-11 19:44:22,2026-09-11 15:45:04
AAPL,AAPL261218P00430000,AAPL,2026-12-18,P,430.0,95.85,90.0,99.0,90.0,0.3186,0.0,0.0,-0.9998,0.0,0.0,0.0,0.0,97.285,0.0,0.0,0.0,0.0,no_change,0.0,,0.0,104.450000762939,332.685,2026-09-11 19:44:22,2026-09-11 15:45:04
AAPL,AAPL261218P00440000,AAPL,2026-12-18,P,440.0,105.75,90.0,108.45,90.0,0.0,0.0,0.0,-1.0,0.0,0.0,0.0,0.0,107.285,0.0,0.0,0.0,0.0,up,197.3,2025-01-03T10:21:54,0.0,114.675003051758,332.685,2026-09-11 19:44:22,2026-09-11 15:45:04
AAPL,AAPL261218P00450000,AAPL,2026-12-18,P,450.0,115.5,90.0,118.45,90.0,0.0,0.0,0.0,-1.0,0.0,0.0,0.0,0.0,117.285,0.0,0.0,0.0,0.0,up,176.02,2025-12-15T13:20:00,0.0,124.550003051758,332.685,2026-09-11 19:44:22,2026-09-11 15:45:04
AAPL,AAPL261218P00460000,AAPL,2026-12-18,P,460.0,125.75,90.0,128.45,90.0,0.0,0.0,0.0,-1.0,0.0,0.0,0.0,0.0,127.285,0.0,0.0,0.0,0.0,up,185.84,2025-12-15T13:20:00,0.0,134.550003051758,332.685,2026-09-11 19:44:22,2026-09-11 15:45:04
AAPL,AAPL261218P00470000,AAPL,2026-12-18,P,470.0,135.85,112.0,139.1,113.0,0.4101,0.0,0.0,-1.0,0.0,0.0,0.0,0.0,137.285,0.0,0.0,0.0,0.0,no_change,0.0,,0.0,144.675003051758,332.685,2026-09-11 19:44:22,2026-09-11 15:45:04
AAPL,AAPL261218P00480000,AAPL,2026-12-18,P,480.0,145.85,90.0,149.15,90.0,0.4332,0.0,0.0,-1.0,0.0,0.0,0.0,0.0,147.285,0.0,0.0,0.0,0.0,no_change,0.0,,0.0,154.650001525879,332.685,2026-09-11 19:44:22,2026-09-11 15:45:04
AAPL,AAPL261218P00490000,AAPL,2026-12-18,P,490.0,155.5,90.0,158.9,90.0,0.0,0.0,0.0,-1.0,0.0,0.0,0.0,0.0,157.285,0.0,0.0,0.0,0.0,no_change,0.0,,0.0,164.550003051758,332.685,2026-09-11 19:44:22,2026-09-11 15:45:04
AAPL,AAPL261218P00500000,AAPL,2026-12-18,P,500.0,165.5,100.0,168.45,90.0,0.0,0.0,0.0,-1.0,0.0,0.0,0.0,0.0,167.285,0.0,0.0,0.0,0.0,no_change,0.0,,0.0,174.599998474121,332.685,2026-09-11 19:44:22,2026-09-11 15:45:04
AAPL,AAPL261218P00510000,AAPL,2026-12-18,P,510.0,175.85,112.0,178.7,113.0,0.0,0.0,0.0,-1.0,0.0,0.0,0.0,0.0,177.285,0.0,0.0,0.0,0.0,no_change,0.0,,0.0,184.700004577637,332.685,2026-09-11 19:44:22,2026-09-11 15:45:04
AAPL,AAPL261218P00520000,AAPL,2026-12-18,P,520.0,185.5,90.0,188.7,90.0,0.0,0.0,0.0,-1.0,0.0,0.0,0.0,0.0,187.285,0.0,0.0,0.0,0.0,no_change,0.0,,0.0,194.675003051758,332.685,2026-09-11 19:44:22,2026-09-11 15:45:04
AAPL,AAPL261218P00530000,AAPL,2026-12-18,P,530.0,195.5,112.0,198.45,111.0,0.0,0.0,0.0,-1.0,0.0,0.0,0.0,0.0,197.285,0.0,0.0,0.0,0.0,no_change,0.0,,0.0,204.675003051758,332.685,2026-09-11 19:44:22,2026-09-11 15:45:04
AAPL,AAPL261218P00540000,AAPL,2026-12-18,P,540.0,205.85,112.0,208.75,113.0,0.4888,0.0,0.0,-1.0,0.0,0.0,0.0,0.0,207.285,0.0,0.0,0.0,0.0,no_change,0.0,,0.0,214.550003051758,332.685,2026-09-11 19:44:22,2026-09-11 15:45:04
AAPL,AAPL261218P00550000,AAPL,2026-12-18,P,550.0,215.5,100.0,219.0,102.0,0.0,0.0,0.0,-1.0,0.0,0.0,0.0,0.0,217.285,0.0,0.0,0.0,0.0,no_change,0.0,,0.0,224.675003051758,332.685,2026-09-11 19:44:22,2026-09-11 15:45:04
AAPL,AAPL261218P00560000,AAPL,2026-12-18,P,560.0,225.6,102.0,229.0,103.0,0.5193,0.0,0.0,-1.0,0.0,0.0,0.0,0.0,227.285,0.0,0.0,0.0,0.0,no_change,0.0,,0.0,234.599998474121,332.685,2026-09-11 19:44:22,2026-09-11 15:45:04
AAPL,AAPL261218P00570000,AAPL,2026-12-18,P,570.0,235.5,102.0,238.45,91.0,0.0,0.0,0.0,-1.0,0.0,0.0,0.0,0.0,237.285,0.0,0.0,0.0,0.0,no_change,0.0,,0.0,244.575004577637,332.685,2026-09-11 19:44:22,2026-09-11 15:45:04
AAPL,AAPL261218P00580000,AAPL,2026-12-18,P,580.0,245.5,101.0,249.0,102.0,0.0,0.0,0.0,-1.0,0.0,0.0,0.0,0.0,247.285,0.0,0.0,0.0,0.0,no_change,0.0,,0.0,254.549995422363,332.685,2026-09-11 19:44:22,2026-09-11 15:45:04
AAPL,AAPL261218P00590000,AAPL,2026-12-18,P,590.0,255.85,101.0,259.1,103.0,0.6176,0.0,0.0,-1.0,0.0,0.0,0.0,0.0,257.285,0.0,0.0,0.0,0.0,no_change,0.0,,0.0,264.699996948242,332.685,2026-09-11 19:44:22,2026-09-11 15:45:04
AAPL,AAPL261218P00600000,AAPL,2026-12-18,P,600.0,265.5,101.0,268.45,101.0,0.0,0.0,0.0,-1.0,0.0,0.0,0.0,0.0,267.285,0.0,0.0,0.0,0.0,no_change,0.0,,0.0,274.674987792969,332.685,2026-09-11 19:44:22,2026-09-11 15:45:04
AAPL,AAPL270115C00005000,AAPL,2027-01-15,C,5.0,326.2,1.0,329.6,8.0,3.3365,8.0,0.0,1.0,0.0,0.0,0.0,0.0068,327.7175,0.0,0.0,0.0,0.0,up,308.05,2026-08-26T14:16:02,0.0,320.575012207031,332.685,2026-09-11 19:44:22,2026-09-11 15:45:04
AAPL,AAPL270115C00010000,AAPL,2027-01-15,C,10.0,321.0,87.0,324.6,7.0,2.3151,1.0,0.0,1.0,0.0,0.0,0.0,0.0152,322.7508,0.0,0.0,0.0,0.0,down,296.34,2026-08-14T09:56:40,0.0,315.649993896484,332.685,2026-09-11 19:44:22,2026-09-11 15:45:04
AAPL,AAPL270115C00015000,AAPL,2027-01-15,C,15.0,316.05,86.0,319.6,7.0,1.9582,11.0,0.0,1.0,0.0,0.0,0.0,0.0232,317.7861,0.0,0.0,0.0,0.0,down,289.93,2026-08-13T15:54:15,0.0,310.674987792969,332.685,2026-09-11 19:44:22,2026-09-11 15:45:04
AAPL,AAPL270115C00020000,AAPL,2027-01-15,C,20.0,311.3,1.0,314.8,16.0,2.0713,12.0,0.0,1.0,0.0,0.0,0.0,0.031,312.8218,0.0,0.0,0.0,0.0,up,286.39,2026-08-14T09:56:40,0.0,305.675003051758,332.685,2026-09-11 19:44:22,2026-09-11 15:45:04
AAPL,AAPL270115C00025000,AAPL,2027-01-15,C,25.0,306.45,108.0,309.9,16.0,1.9557,0.0,0.0,1.0,0.0,0.0001,0.0,0.0389,307.8576,0.0,0.0,0.0,0.0,up,172.1,2025-05-23T13:36:45,0.0,300.699996948242,332.685,2026-09-11 19:44:22,2026-09-11 15:45:04
AAPL,AAPL270115C00030000,AAPL,2027-01-15,C,30.0,301.5,87.0,304.95,16.0,1.8057,4.0,0.0,1.0,0.0,0.0001,-0.0001,0.0473,302.8937,0.0,0.0,0.0,0.0,up,277.3,2026-08-10T11:49:09,0.0,295.899993896484,332.685,2026-09-11 19:44:22,2026-09-11 15:45:04
AAPL,AAPL270115C00035000,AAPL,2027-01-15,C,35.0,296.6,115.0,300.0,6.0,1.6944,5.0,0.0,0.9999,0.0,0.0004,-0.0002,0.0742,297.9328,0.0,0.0,0.0,0.0,up,270.14,2026-08-13T15:49:00,0.0,291.100006103516,332.685,2026-09-11 19:44:22,2026-09-11 15:45:04
AAPL,AAPL270115C00040000,AAPL,2027-01-15,C,40.0,291.65,1.0,295.1,16.0,1.5959,39.0,0.0,0.9998,0.0,0.0005,-0.0002,0.1261,292.994,0.0,0.0,0.0,0.0,up,218.8,2026-04-09T11:52:31,0.0,286.050003051758,332.685,2026-09-11 19:44:22,2026-09-11 15:45:04
AAPL,AAPL270115C00045000,AAPL,2027-01-15,C,45.0,286.75,87.0,290.2,16.0,1.5188,2.0,0.0,0.9997,0.0,0.0005,-0.0002,0.1538,288.0714,0.0,0.0,0.0,0.0,up,213.4,2025-10-09T09:39:11,0.0,281.0,332.685,2026-09-11 19:44:22,2026-09-11 15:45:04
AAPL,AAPL270115C00050000,AAPL,2027-01-15,C,50.0,281.85,111.0,285.3,36.0,1.4482,120.0,0.0,0.9997,0.0,0.0007,-0.0002,0.1725,283.1524,0.0,0.0,0.0,0.0,up,279.83,2026-09-03T13:02:37,0.0,276.199996948242,332.685,2026-09-11 19:44:22,2026-09-11 15:45:04
AAPL,AAPL270115C00060000,AAPL,2027-01-15,C,60.0,271.75,110.0,275.45,35.0,1.2461,131.0,0.0,0.9997,0.0,0.001,-0.0003,0.2071,273.3156,0.0,0.0,0.0,0.0,down,239.0,2026-06-23T09:30:01,0.0,266.350006103516,332.685,2026-09-11 19:44:22,2026-09-11 15:45:04
AAPL,AAPL270115C00070000,AAPL,2027-01-15,C,70.0,262.15,86.0,265.6,24.0,1.1851,139.0,0.0,0.9996,0.0,0.0015,-0.0004,0.2415,263.4795,0.0,0.0,0.0,0.0,down,222.74,2026-06-10T09:31:15,0.0,256.699996948242,332.685,2026-09-11 19:44:22,2026-09-11 15:45:04
AAPL,AAPL270115C00080000,AAPL,2027-01-15,C,80.0,251.9,86.0,255.75,25.0,0.9912,283.0,0.0,0.9995,0.0,0.0021,-0.0006,0.2759,253.6441,0.0,0.0,0.0,0.0,up,233.3,2026-08-24T12:18:26,0.0,246.799995422363,332.685,2026-09-11 19:44:22,2026-09-11 15:45:04
AAPL,AAPL270115C00085000,AAPL,2027-01-15,C,85.0,247.4,1.0,250.8,22.0,1.0361,116.0,0.0,0.9994,0.0,0.0024,-0.0006,0.293,248.7267,0.0,0.0,0.0,0.0,up,245.95,2026-09-03T12:47:23,0.0,241.924995422363,332.685,2026-09-11 19:44:22,2026-09-11 15:45:04
AAPL,AAPL270115C00090000,AAPL,2027-01-15,C,90.0,242.05,109.0,245.9,26.0,0.9059,276.0,0.0,0.9994,0.0,0.0029,-0.0008,0.3102,243.8096,0.0,0.0,0.0,0.0,up,228.05,2026-09-08T11:42:46,0.0,236.849998474121,332.685,2026-09-11 19:44:22,2026-09-11 15:45:04
AAPL,AAPL270115C00095000,AAPL,2027-01-15,C,95.0,237.55,106.0,240.95,16.0,0.9516,28.0,0.0,0.9993,0.0,0.0034,-0.0008,0.3273,238.8928,0.0,0.0,0.0,0.0,down,214.43,2026-08-21T10:13:04,0.0,231.824996948242,332.685,2026-09-11 19:44:22,2026-09-11 15:45:04
AAPL,AAPL270115C00100000,AAPL,2027-01-15,C,100.0,232.3,124.0,236.05,40.0,0.8432,598.0,0.0,0.9992,0.0,0.0039,-0.001,0.3445,233.9763,0.0,0.0,0.0,0.0,up,225.72,2026-09-10T14:29:38,0.0,227.0,332.685,2026-09-11 19:44:22,2026-09-11 15:45:04
AAPL,AAPL270115C00105000,AAPL,2027-01-15,C,105.0,227.65,1.0,231.05,11.0,0.8595,89.0,0.0,0.9991,0.0,0.0046,-0.0011,0.3616,229.0601,0.0,0.0,0.0,0.0,up,210.05,2026-08-07T15:44:17,0.0,222.200004577637,332.685,2026-09-11 19:44:22,2026-09-11 15:45:04
AAPL,AAPL270115C00110000,AAPL,2027-01-15,C,110.0,222.8,127.0,226.2,41.0,0.8487,219.0,0.0,0.999,0.0,0.0053,-0.0012,0.3787,224.1445,0.0,0.0,0.0,0.0,no_change,205.23,2026-09-09T12:26:45,0.0,217.099998474121,332.685,2026-09-11 19:44:22,2026-09-11 15:45:04
AAPL,AAPL270115C00115000,AAPL,2027-01-15,C,115.0,217.55,115.0,220.9,10.0,0.6157,100.0,0.0,0.9989,0.0,0.0061,-0.0014,0.3958,219.2292,0.0,0.0,0.0,0.0,up,195.83,2026-06-05T15:42:29,0.0,212.274993896484,332.685,2026-09-11 19:44:22,2026-09-11 15:45:04
AAPL,AAPL270115C00120000,AAPL,2027-01-15,C,120.0,212.95,1.0,216.0,10.0,0.7232,494.0,0.0,0.9987,0.0,0.007,-0.0016,0.4128,214.3146,0.0,0.0,0.0,0.0,no_change,187.21,2026-08-13T10:27:34,0.0,207.324996948242,332.685,2026-09-11 19:44:22,2026-09-11 15:45:04
AAPL,AAPL270115C00125000,AAPL,2027-01-15,C,125.0,208.75,335.0,211.35,17.0,0.8235,334.0,0.0,0.9986,0.0,0.0081,-0.0017,0.4298,209.4006,0.0,0.0,0.0,0.0,down,195.65,2026-09-10T10:01:07,0.0,202.349998474121,332.685,2026-09-11 19:44:22,2026-09-11 15:45:04
AAPL,AAPL270115C00130000,AAPL,2027-01-15,C,130.0,203.85,330.0,206.45,15.0,0.7966,479.0,0.0,0.9984,0.0,0.0093,-0.002,0.4468,204.4873,0.0,0.0,0.0,0.0,up,197.42,2026-09-10T15:33:38,0.0,197.549995422363,332.685,2026-09-11 19:44:22,2026-09-11 15:45:04
AAPL,AAPL270115C00135000,AAPL,2027-01-15,C,135.0,199.1,420.0,201.55,24.0,0.7825,1576.0,0.0,0.9981,0.0,0.0107,-0.0022,0.4638,199.5749,0.0,0.0,0.0,0.0,up,184.42,2026-08-20T10:58:22,0.0,192.775001525879,332.685,2026-09-11 19:44:22,2026-09-11 15:45:04
AAPL,AAPL270115C00140000,AAPL,2027-01-15,C,140.0,194.2,417.0,196.65,20.0,0.7568,1592.0,0.0,0.9979,0.0001,0.0123,-0.0024,0.4807,194.6635,0.0,0.0,0.0,0.0,up,179.61,2026-08-20T13:11:47,0.0,187.825004577637,332.685,2026-09-11 19:44:22,2026-09-11 15:45:04
AAPL,AAPL270115C00145000,AAPL,2027-01-15,C,145.0,189.2,444.0,191.45,35.0,0.7015,6415.0,89.0,0.9976,0.0001,0.0141,-0.0027,0.4976,189.7533,8.65,190.65,191.3,190.65,up,191.3,2026-09-11T10:38:08,4.73583,182.650001525879,332.685,2026-09-11 19:44:22,2026-09-11 15:45:04
AAPL,AAPL270115C00150000,AAPL,2027-01-15,C,150.0,184.2,361.0,186.3,30.0,0.6486,1700.0,1.0,0.9972,0.0001,0.0161,-0.0031,0.5143,184.8446,7.895,185.87,185.87,185.87,up,185.87,2026-09-11T14:03:09,4.43602,177.974998474121,332.685,2026-09-11 19:44:22,2026-09-11 15:45:04
AAPL,AAPL270115C00155000,AAPL,2027-01-15,C,155.0,178.65,121.0,181.9,10.0,0.6138,82.0,0.0,0.9968,0.0001,0.0184,-0.0034,0.5311,179.9374,0.0,0.0,0.0,0.0,up,168.29,2026-09-04T12:33:07,0.0,172.974998474121,332.685,2026-09-11 19:44:22,2026-09-11 15:45:04
AAPL,AAPL270115C00160000,AAPL,2027-01-15,C,160.0,174.55,253.0,176.95,25.0,0.6518,650.0,0.0,0.9963,0.0001,0.0211,-0.0038,0.5477,175.0322,0.0,0.0,0.0,0.0,up,171.3,2026-09-03T13:07:31,0.0,168.125,332.685,2026-09-11 19:44:22,2026-09-11 15:45:04
AAPL,AAPL270115C00165000,AAPL,2027-01-15,C,165.0,169.45,322.0,172.05,24.0,0.6173,460.0,0.0,0.9957,0.0001,0.0242,-0.0043,0.5642,170.1293,0.0,0.0,0.0,0.0,up,155.9,2026-08-20T09:30:00,0.0,163.175003051758,332.685,2026-09-11 19:44:22,2026-09-11 15:45:04
AAPL,AAPL270115C00170000,AAPL,2027-01-15,C,170.0,164.6,334.0,166.25,17.0,0.5289,983.0,0.0,0.9951,0.0001,0.0277,-0.0048,0.5806,165.229,0.0,0.0,0.0,0.0,down,148.44,2026-09-08T12:12:50,0.0,158.325004577637,332.685,2026-09-11 19:44:22,2026-09-11 15:45:04
AAPL,AAPL270115C00175000,AAPL,2027-01-15,C,175.0,159.7,311.0,162.25,341.0,0.5792,1149.0,1.0,0.9943,0.0002,0.0317,-0.0054,0.5969,160.3317,7.05,160.5,160.5,160.5,up,160.5,2026-09-11T13:57:41,4.59433,153.449996948242,332.685,2026-09-11 19:44:22,2026-09-11 15:45:04
AAPL,AAPL270115C00180000,AAPL,2027-01-15,C,180.0,154.8,334.0,156.25,114.0,0.4757,1050.0,1.0,0.9934,0.0002,0.0363,-0.0061,0.6131,155.438,9.48,158.03,158.03,158.03,up,158.03,2026-09-11T11:33:11,6.38169,148.550003051758,332.685,2026-09-11 19:44:22,2026-09-11 15:45:04
AAPL,AAPL270115C00185000,AAPL,2027-01-15,C,185.0,149.8,319.0,152.45,41.0,0.5341,826.0,6.0,0.9923,0.0002,0.0415,-0.0068,0.629,150.5484,8.79,152.54,152.54,152.54,up,152.54,2026-09-11T12:23:31,6.11478,143.75,332.685,2026-09-11 19:44:22,2026-09-11 15:45:04
AAPL,AAPL270115C00190000,AAPL,2027-01-15,C,190.0,144.75,392.0,147.3,11.0,0.4922,800.0,0.0,0.9911,0.0003,0.0473,-0.0076,0.6447,145.6637,0.0,0.0,0.0,0.0,down,129.0,2026-09-08T12:20:18,0.0,138.75,332.685,2026-09-11 19:44:22,2026-09-11 15:45:04
AAPL,AAPL270115C00195000,AAPL,2027-01-15,C,195.0,139.95,333.0,142.25,18.0,0.4717,639.0,0.0,0.9897,0.0003,0.054,-0.0085,0.6602,140.7845,0.0,0.0,0.0,0.0,no_change,121.33,2026-09-09T11:02:12,0.0,133.974998474121,332.685,2026-09-11 19:44:22,2026-09-11 15:45:04
AAPL,AAPL270115C00200000,AAPL,2027-01-15,C,200.0,135.15,523.0,137.0,88.0,0.4391,12549.0,20.0,0.9881,0.0004,0.0617,-0.0095,0.6754,135.9118,10.525,133.5,139.5,133.5,up,139.5,2026-09-11T11:12:56,8.1605,128.974998474121,332.685,2026-09-11 19:44:22,2026-09-11 15:45:04
AAPL,AAPL270115C00205000,AAPL,2027-01-15,C,205.0,130.3,227.0,132.6,29.0,0.4532,118.0,0.0,0.9862,0.0004,0.0702,-0.0106,0.6902,131.0467,0.0,0.0,0.0,0.0,up,115.27,2026-09-08T11:42:25,0.0,124.174999237061,332.685,2026-09-11 19:44:22,2026-09-11 15:45:04
AAPL,AAPL270115C00210000,AAPL,2027-01-15,C,210.0,124.8,430.0,128.1,372.0,0.4263,2342.0,2.0,0.9839,0.0005,0.0799,-0.0118,0.7048,126.1904,7.425,121.5,126.4,121.5,up,126.4,2026-09-11T10:23:12,6.24081,118.974998474121,332.685,2026-09-11 19:44:22,2026-09-11 15:45:04
AAPL,AAPL270115C00215000,AAPL,2027-01-15,C,215.0,120.7,239.0,123.25,29.0,0.4446,228.0,0.0,0.9814,0.0006,0.0909,-0.0132,0.7188,121.3442,0.0,0.0,0.0,0.0,up,114.3,2026-09-01T14:00:24,0.0,114.474998474121,332.685,2026-09-11 19:44:22,2026-09-11 15:45:04
AAPL,AAPL270115C00220000,AAPL,2027-01-15,C,220.0,115.9,623.0,117.8,440.0,0.41,7123.0,5.0,0.9784,0.0007,0.1032,-0.0147,0.7322,116.5103,7.2,116.0,117.12,116.0,down,116.8,2026-09-11T14:56:03,6.56934,109.600002288818,332.685,2026-09-11 19:44:22,2026-09-11 15:45:04
AAPL,AAPL270115C00225000,AAPL,2027-01-15,C,225.0,111.05,395.0,113.05,288.0,0.4002,480.0,0.0,0.9749,0.0008,0.1169,-0.0164,0.7452,111.6905,0.0,0.0,0.0,0.0,no_change,96.13,2026-09-08T09:53:09,0.0,104.650001525879,332.685,2026-09-11 19:44:22,2026-09-11 15:45:04
AAPL,AAPL270115C00230000,AAPL,2027-01-15,C,230.0,106.0,716.0,107.7,300.0,0.361,10774.0,234.0,0.9708,0.0009,0.1326,-0.0182,0.7573,106.8873,8.575,101.17,110.0,101.17,down,108.65,2026-09-11T11:47:29,8.56857,100.075000762939,332.685,2026-09-11 19:44:22,2026-09-11 15:45:04
AAPL,AAPL270115C00235000,AAPL,2027-01-15,C,235.0,101.0,464.0,103.15,98.0,0.3543,375.0,2.0,0.9662,0.0011,0.1498,-0.0202,0.7687,102.1042,6.965,102.04,102.04,102.04,up,102.04,2026-09-11T14:57:51,7.32579,95.0750007629394,332.685,2026-09-11 19:44:22,2026-09-11 15:45:04
AAPL,AAPL270115C00240000,AAPL,2027-01-15,C,240.0,96.6,644.0,98.3,342.0,0.3554,9254.0,222.0,0.9607,0.0012,0.1691,-0.0224,0.7792,97.3443,6.955,98.0,99.07,97.11,down,97.53,2026-09-11T14:53:19,7.67872,90.5750007629394,332.685,2026-09-11 19:44:22,2026-09-11 15:45:04
AAPL,AAPL270115C00245000,AAPL,2027-01-15,C,245.0,92.25,320.0,93.65,297.0,0.3592,3318.0,7.0,0.9544,0.0014,0.1909,-0.0248,0.7884,92.6124,6.925,92.75,92.75,92.35,down,92.35,2026-09-11T10:06:14,8.10653,85.4249992370606,332.685,2026-09-11 19:44:22,2026-09-11 15:45:04
AAPL,AAPL270115C00250000,AAPL,2027-01-15,C,250.0,87.5,404.0,88.45,254.0,0.3381,21527.0,74.0,0.9471,0.0016,0.2146,-0.0275,0.7964,87.9135,6.975,86.4,90.9,86.4,down,88.1,2026-09-11T14:57:31,8.59784,81.125,332.685,2026-09-11 19:44:22,2026-09-11 15:45:04
AAPL,AAPL270115C00255000,AAPL,2027-01-15,C,255.0,82.85,350.0,84.45,361.0,0.3449,4424.0,7.0,0.9387,0.0019,0.2411,-0.0304,0.803,83.2532,7.865,84.2,85.5,84.14,down,84.14,2026-09-11T14:14:16,10.3114,76.2750015258789,332.685,2026-09-11 19:44:22,2026-09-11 15:45:04
AAPL,AAPL270115C00260000,AAPL,2027-01-15,C,260.0,78.25,331.0,78.95,62.0,0.321,9974.0,26.0,0.9289,0.0021,0.27,-0.0335,0.8078,78.639,6.175,77.95,81.35,77.95,no_change,78.6,2026-09-11T15:12:27,8.52606,72.4249992370606,332.685,2026-09-11 19:44:22,2026-09-11 15:45:04
AAPL,AAPL270115C00265000,AAPL,2027-01-15,C,265.0,73.7,346.0,74.5,190.0,0.3174,2410.0,10.0,0.9177,0.0024,0.3013,-0.0368,0.8109,74.0781,7.375,75.3,75.3,75.3,no_change,75.3,2026-09-11T12:08:07,10.8576,67.9249992370606,332.685,2026-09-11 19:44:22,2026-09-11 15:45:04
AAPL,AAPL270115C00270000,AAPL,2027-01-15,C,270.0,69.25,331.0,70.05,272.0,0.3132,11698.0,79.0,0.9048,0.0028,0.3355,-0.0404,0.8116,69.5795,5.92,70.0,73.0,69.32,no_change,69.32,2026-09-11T15:15:26,9.33754,63.3999977111816,332.685,2026-09-11 19:44:22,2026-09-11 15:45:04
AAPL,AAPL270115C00275000,AAPL,2027-01-15,C,275.0,64.8,234.0,66.35,344.0,0.3172,1074.0,17.0,0.8902,0.0031,0.3715,-0.0441,0.8102,65.1529,9.02,63.6,67.82,63.6,no_change,67.82,2026-09-11T11:22:35,15.3401,58.8000011444092,332.685,2026-09-11 19:44:22,2026-09-11 15:45:04
AAPL,AAPL270115C00280000,AAPL,2027-01-15,C,280.0,60.55,293.0,61.05,27.0,0.3006,31644.0,78.0,0.8736,0.0035,0.4101,-0.048,0.806,60.8083,6.2,56.0,63.46,56.0,down,61.05,2026-09-11T14:35:17,11.3036,54.8500003814697,332.685,2026-09-11 19:44:22,2026-09-11 15:45:04
AAPL,AAPL270115C00285000,AAPL,2027-01-15,C,285.0,55.9,459.0,57.7,390.0,0.3016,3172.0,29.0,0.8549,0.0039,0.4497,-0.052,0.7993,56.5575,6.49,57.25,57.48,57.15,down,57.44,2026-09-11T10:24:45,12.738,50.9500007629394,332.685,2026-09-11 19:44:22,2026-09-11 15:45:04
AAPL,AAPL270115C00290000,AAPL,2027-01-15,C,290.0,51.95,355.0,52.9,298.0,0.292,10813.0,102.0,0.8341,0.0044,0.491,-0.0561,0.7894,52.4115,6.05,48.2,54.25,47.8,down,52.65,2026-09-11T14:59:30,12.9828,46.5999984741211,332.685,2026-09-11 19:44:22,2026-09-11 15:45:04
AAPL,AAPL270115C00295000,AAPL,2027-01-15,C,295.0,47.8,508.0,49.4,498.0,0.2917,8071.0,67.0,0.811,0.0048,0.5322,-0.0601,0.7767,48.3835,6.0,48.0,51.29,47.92,down,48.9,2026-09-11T13:46:06,13.986,42.8999996185303,332.685,2026-09-11 19:44:22,2026-09-11 15:45:04
AAPL,AAPL270115C00300000,AAPL,2027-01-15,C,300.0,44.0,389.0,44.75,111.0,0.2817,65700.0,600.0,0.7856,0.0052,0.5734,-0.064,0.7606,44.4846,5.58,40.8,47.5,40.8,down,44.68,2026-09-11T15:21:12,14.2711,39.1000003814697,332.685,2026-09-11 19:44:22,2026-09-11 15:45:04
AAPL,AAPL270115C00305000,AAPL,2027-01-15,C,305.0,40.4,372.0,41.1,223.0,0.2804,5167.0,75.0,0.7579,0.0057,0.6129,-0.0677,0.7415,40.7286,4.96,37.0,43.39,37.0,down,40.66,2026-09-11T15:14:32,13.8936,35.6999988555908,332.685,2026-09-11 19:44:22,2026-09-11 15:45:04
AAPL,AAPL270115C00310000,AAPL,2027-01-15,C,310.0,36.9,298.0,37.35,107.0,0.2766,28174.0,495.0,0.728,0.0061,0.6507,-0.0712,0.7191,37.1261,4.675,34.69,39.8,34.5,down,36.9,2026-09-11T15:23:48,14.5074,32.2249994277954,332.685,2026-09-11 19:44:22,2026-09-11 15:45:04
AAPL,AAPL270115C00315000,AAPL,2027-01-15,C,315.0,33.45,424.0,33.9,114.0,0.2728,14045.0,103.0,0.6962,0.0065,0.6847,-0.0742,0.6941,33.7134,4.61,30.94,36.16,30.94,down,33.61,2026-09-11T15:25:21,15.8966,29.0,332.685,2026-09-11 19:44:22,2026-09-11 15:45:04
AAPL,AAPL270115C00320000,AAPL,2027-01-15,C,320.0,30.15,441.0,30.65,159.0,0.2697,36962.0,433.0,0.6624,0.0069,0.7151,-0.0767,0.6658,30.4516,4.48,26.78,33.0,26.5,down,30.38,2026-09-11T15:14:04,17.2973,25.8999996185303,332.685,2026-09-11 19:44:22,2026-09-11 15:45:04
AAPL,AAPL270115C00325000,AAPL,2027-01-15,C,325.0,27.15,449.0,27.5,117.0,0.267,8679.0,232.0,0.627,0.0072,0.7402,-0.0787,0.6354,27.3759,4.225,23.7,29.55,23.7,up,27.4,2026-09-11T15:20:28,18.2309,23.1750001907349,332.685,2026-09-11 19:44:22,2026-09-11 15:45:04
AAPL,AAPL270115C00330000,AAPL,2027-01-15,C,330.0,24.3,416.0,24.6,93.0,0.2646,21653.0,1018.0,0.5903,0.0075,0.7598,-0.0801,0.6022,24.4925,3.81,20.95,26.7,20.95,up,24.41,2026-09-11T15:21:12,18.4951,20.6000003814697,332.685,2026-09-11 19:44:22,2026-09-11 15:45:04
AAPL,AAPL270115C00335000,AAPL,2027-01-15,C,335.0,21.7,245.0,21.9,135.0,0.263,6897.0,434.0,0.5524,0.0077,0.7728,-0.0808,0.5675,21.7895,3.7,17.9,24.0,17.9,up,21.85,2026-09-11T15:29:03,20.3857,18.1500005722046,332.685,2026-09-11 19:44:22,2026-09-11 15:45:04
AAPL,AAPL270115C00340000,AAPL,2027-01-15,C,340.0,19.15,445.0,19.4,117.0,0.2601,9885.0,707.0,0.5144,0.0078,0.779,-0.0808,0.5314,19.3253,3.24,17.0,21.4,17.0,down,19.24,2026-09-11T14:58:35,20.25,16.0,332.685,2026-09-11 19:44:22,2026-09-11 15:45:04
AAPL,AAPL270115C00345000,AAPL,2027-01-15,C,345.0,16.85,593.0,17.1,109.0,0.258,6491.0,160.0,0.4761,0.0078,0.7783,-0.0801,0.4949,17.0453,3.425,14.67,18.8,14.3,up,17.5,2026-09-11T14:02:04,24.3339,14.0749998092651,332.685,2026-09-11 19:44:22,2026-09-11 15:45:04
AAPL,AAPL270115C00350000,AAPL,2027-01-15,C,350.0,14.8,544.0,15.05,268.0,0.2569,45034.0,1880.0,0.4378,0.0078,0.7704,-0.0787,0.457,14.9514,2.67,13.0,16.8,12.8,up,14.92,2026-09-11T15:27:46,21.7959,12.25,332.685,2026-09-11 19:44:22,2026-09-11 15:45:04
AAPL,AAPL270115C00355000,AAPL,2027-01-15,C,355.0,12.9,587.0,13.15,223.0,0.2551,13256.0,258.0,0.4008,0.0077,0.7564,-0.0768,0.4206,13.0829,2.45,12.0,14.65,12.0,up,13.1,2026-09-11T15:19:10,23.0047,10.6500000953674,332.685,2026-09-11 19:44:22,2026-09-11 15:45:04
AAPL,AAPL270115C00360000,AAPL,2027-01-15,C,360.0,11.2,600.0,11.45,204.0,0.2538,14751.0,391.0,0.3647,0.0075,0.7357,-0.0742,0.3839,11.3894,2.04,9.97,12.96,9.57,down,11.29,2026-09-11T15:03:21,22.0541,9.25,332.685,2026-09-11 19:44:22,2026-09-11 15:45:04
AAPL,AAPL270115C00365000,AAPL,2027-01-15,C,365.0,9.7,709.0,9.95,449.0,0.253,4950.0,240.0,0.3297,0.0073,0.7098,-0.0712,0.3486,9.8648,1.795,10.0,10.98,9.7,down,9.82,2026-09-11T15:23:55,22.3676,8.02499985694885,332.685,2026-09-11 19:44:22,2026-09-11 15:45:04
AAPL,AAPL270115C00370000,AAPL,2027-01-15,C,370.0,8.4,601.0,8.6,592.0,0.2523,9717.0,258.0,0.297,0.007,0.6793,-0.0678,0.3148,8.5321,1.5,8.0,9.68,8.0,down,8.4,2026-09-11T15:13:24,21.7391,6.90000009536743,332.685,2026-09-11 19:44:22,2026-09-11 15:45:04
AAPL,AAPL270115C00375000,AAPL,2027-01-15,C,375.0,7.2,567.0,7.45,694.0,0.2518,3224.0,250.0,0.266,0.0066,0.6455,-0.064,0.283,7.3453,1.35,6.5,8.5,6.5,no_change,7.3,2026-09-11T15:13:18,22.6891,5.95000004768372,332.685,2026-09-11 19:44:22,2026-09-11 15:45:04
AAPL,AAPL270115C00380000,AAPL,2027-01-15,C,380.0,6.2,478.0,6.4,656.0,0.2515,8082.0,3476.0,0.2372,0.0062,0.6082,-0.06,0.2527,6.3039,1.08,5.35,7.35,5.35,down,6.18,2026-09-11T15:09:16,21.1765,5.09999990463257,332.685,2026-09-11 19:44:22,2026-09-11 15:45:04
AAPL,AAPL270115C00385000,AAPL,2027-01-15,C,385.0,5.25,644.0,5.5,703.0,0.2509,1887.0,174.0,0.2105,0.0058,0.5697,-0.0559,0.2249,5.3936,1.1,4.7,6.15,4.7,up,5.45,2026-09-11T14:36:44,25.2874,4.34999990463257,332.685,2026-09-11 19:44:22,2026-09-11 15:45:04
AAPL,AAPL270115C00390000,AAPL,2027-01-15,C,390.0,4.5,464.0,4.7,658.0,0.2509,5741.0,264.0,0.186,0.0054,0.5296,-0.0518,0.199,4.6029,0.85,4.01,5.4,4.01,no_change,4.6,2026-09-11T15:04:39,22.6667,3.75,332.685,2026-09-11 19:44:22,2026-09-11 15:45:04
AAPL,AAPL270115C00395000,AAPL,2027-01-15,C,395.0,3.85,417.0,4.0,652.0,0.251,1510.0,126.0,0.1638,0.005,0.4899,-0.0477,0.1756,3.9182,0.725,3.6,4.6,3.55,down,3.9,2026-09-11T15:02:34,22.8346,3.17499995231628,332.685,2026-09-11 19:44:22,2026-09-11 15:45:04
AAPL,AAPL270115C00400000,AAPL,2027-01-15,C,400.0,3.3,203.0,3.35,95.0,0.2508,9082.0,1260.0,0.1437,0.0046,0.4499,-0.0436,0.154,3.3284,0.61,2.8,3.95,2.8,up,3.31,2026-09-11T15:28:51,22.5926,2.70000004768372,332.685,2026-09-11 19:44:22,2026-09-11 15:45:04
AAPL,AAPL270115C00410000,AAPL,2027-01-15,C,410.0,2.33,529.0,2.42,141.0,0.2509,2951.0,1165.0,0.1094,0.0038,0.374,-0.036,0.1175,2.3853,0.505,2.01,2.85,2.01,no_change,2.48,2026-09-11T15:28:25,25.5696,1.97499996423721,332.685,2026-09-11 19:44:22,2026-09-11 15:45:04
AAPL,AAPL270115C00420000,AAPL,2027-01-15,C,420.0,1.66,520.0,1.75,214.0,0.2518,3116.0,204.0,0.0826,0.0031,0.3061,-0.0292,0.0888,1.7058,0.315,1.5,2.06,1.5,down,1.74,2026-09-11T14:05:03,22.1053,1.42500001192093,332.685,2026-09-11 19:44:22,2026-09-11 15:45:04
AAPL,AAPL270115C00430000,AAPL,2027-01-15,C,430.0,1.18,538.0,1.25,226.0,0.2529,4594.0,298.0,0.0618,0.0024,0.2468,-0.0234,0.0666,1.215,0.225,1.1,1.5,1.1,down,1.26,2026-09-11T14:02:03,21.7391,1.03500002622604,332.685,2026-09-11 19:44:22,2026-09-11 15:45:04
AAPL,AAPL270115C00440000,AAPL,2027-01-15,C,440.0,0.85,99.0,0.91,301.0,0.2551,4446.0,373.0,0.046,0.0019,0.1963,-0.0185,0.0496,0.8636,0.2,0.96,1.04,0.9,down,0.94,2026-09-11T12:24:12,27.027,0.740000009536743,332.685,2026-09-11 19:44:22,2026-09-11 15:45:04
AAPL,AAPL270115C00450000,AAPL,2027-01-15,C,450.0,0.6,106.0,0.63,8.0,0.2558,16632.0,833.0,0.0342,0.0015,0.1552,-0.0146,0.0368,0.6175,0.085,0.58,0.75,0.58,up,0.63,2026-09-11T15:02:51,15.5963,0.544999986886978,332.685,2026-09-11 19:44:22,2026-09-11 15:45:04
AAPL,AAPL270115C00460000,AAPL,2027-01-15,C,460.0,0.42,109.0,0.51,247.0,0.2598,386.0,0.0,0.0256,0.0012,0.1226,-0.0115,0.0274,0.4449,0.0,0.0,0.0,0.0,up,0.4,2026-09-10T15:59:44,0.0,0.359999999403954,332.685,2026-09-11 19:44:22,2026-09-11 15:45:04
AAPL,AAPL270115C00470000,AAPL,2027-01-15,C,470.0,0.3,119.0,0.39,463.0,0.2628,432.0,3.0,0.0191,0.0009,0.0967,-0.009,0.0205,0.323,0.075,0.34,0.34,0.34,up,0.34,2026-09-11T12:57:31,28.3019,0.265000008046627,332.685,2026-09-11 19:44:22,2026-09-11 15:45:04
AAPL,AAPL270115C00480000,AAPL,2027-01-15,C,480.0,0.2,484.0,0.3,506.0,0.2649,8867.0,1.0,0.0144,0.0007,0.0763,-0.0072,0.0155,0.2374,0.095,0.31,0.31,0.31,up,0.31,2026-09-11T11:25:38,44.186,0.215000003576279,332.685,2026-09-11 19:44:22,2026-09-11 15:45:04
AAPL,AAPL270115C00490000,AAPL,2027-01-15,C,490.0,0.16,74.0,0.18,49.0,0.2649,993.0,33.0,0.011,0.0006,0.0607,-0.0057,0.0118,0.177,0.04,0.17,0.23,0.17,down,0.19,2026-09-11T14:31:10,26.6667,0.149999998509884,332.685,2026-09-11 19:44:22,2026-09-11 15:45:04
AAPL,AAPL270115C00500000,AAPL,2027-01-15,C,500.0,0.06,602.0,0.17,478.0,0.265,12627.0,110.0,0.0085,0.0004,0.0486,-0.0046,0.0091,0.1342,0.01,0.15,0.19,0.13,down,0.13,2026-09-11T14:06:24,8.33333,0.120000001043081,332.685,2026-09-11 19:44:22,2026-09-11 15:45:04
AAPL,AAPL270115C00510000,AAPL,2027-01-15,C,510.0,0.01,664.0,0.14,351.0,0.2642,195.0,12.0,0.0066,0.0003,0.0394,-0.0037,0.0071,0.1035,-0.01,0.12,0.12,0.1,no_change,0.1,2026-09-11T13:12:52,-9.09091,0.109999999403954,332.685,2026-09-11 19:44:22,2026-09-11 15:45:04
AAPL,AAPL270115C00520000,AAPL,2027-01-15,C,520.0,0.01,482.0,0.12,376.0,0.2712,4639.0,1.0,0.0053,0.0003,0.0322,-0.0031,0.0056,0.0813,0.025,0.08,0.08,0.08,down,0.08,2026-09-11T15:00:15,45.4545,0.0549999997019768,332.685,2026-09-11 19:44:22,2026-09-11 15:45:04
AAPL,AAPL270115C00530000,AAPL,2027-01-15,C,530.0,0.04,100.0,0.1,3.0,0.2838,5195.0,7.0,0.0042,0.0002,0.0266,-0.0026,0.0045,0.0649,0.005,0.09,0.09,0.07,down,0.07,2026-09-11T11:34:36,7.69231,0.0650000004097819,332.685,2026-09-11 19:44:22,2026-09-11 15:45:04
AAPL,AAPL270115C00540000,AAPL,2027-01-15,C,540.0,0.0,0.0,0.18,20.0,0.3017,732.0,0.0,0.0035,0.0002,0.0222,-0.0022,0.0037,0.0528,0.0,0.0,0.0,0.0,down,0.08,2026-09-04T11:25:28,0.0,0.0799999982118606,332.685,2026-09-11 19:44:22,2026-09-11 15:45:04
AAPL,AAPL270115C00550000,AAPL,2027-01-15,C,550.0,0.04,1.0,0.06,1501.0,0.2945,10623.0,9.0,0.0029,0.0001,0.0188,-0.0018,0.003,0.0436,0.0,0.06,0.06,0.04,no_change,0.05,2026-09-11T13:04:29,2.23517e-06,0.0499999988824129,332.685,2026-09-11 19:44:22,2026-09-11 15:45:04
AAPL,AAPL270115C00560000,AAPL,2027-01-15,C,560.0,0.0,0.0,0.1,493.0,0.3041,38.0,1.0,0.0024,0.0001,0.0161,-0.0016,0.0025,0.0365,0.04,0.11,0.11,0.11,no_change,0.11,2026-09-11T13:04:14,57.1429,0.0700000002980232,332.685,2026-09-11 19:44:22,2026-09-11 15:45:04
AAPL,AAPL270115C00570000,AAPL,2027-01-15,C,570.0,0.0,0.0,0.1,12.0,0.3135,63.0,0.0,0.002,0.0001,0.0139,-0.0014,0.0022,0.031,0.0,0.0,0.0,0.0,no_change,0.09,2026-09-10T15:18:22,0.0,0.0900000035762787,332.685,2026-09-11 19:44:22,2026-09-11 15:45:04
AAPL,AAPL270115C00580000,AAPL,2027-01-15,C,580.0,0.0,0.0,0.19,10.0,0.3433,127.0,0.0,0.0018,0.0001,0.0121,-0.0012,0.0018,0.0266,0.0,0.0,0.0,0.0,no_change,0.1,2026-09-04T09:46:54,0.0,0.0949999988079071,332.685,2026-09-11 19:44:22,2026-09-11 15:45:04
AAPL,AAPL270115C00590000,AAPL,2027-01-15,C,590.0,0.0,0.0,0.18,5.0,0.3508,120.0,0.0,0.0015,0.0001,0.0106,-0.0011,0.0016,0.023,0.0,0.0,0.0,0.0,no_change,0.11,2026-09-04T13:08:25,0.0,0.0900000035762787,332.685,2026-09-11 19:44:22,2026-09-11 15:45:04
AAPL,AAPL270115C00600000,AAPL,2027-01-15,C,600.0,0.02,2.0,0.03,17.0,0.3207,13489.0,29.0,0.0013,0.0001,0.0093,-0.001,0.0014,0.0201,0.005,0.03,0.03,0.02,up,0.03,2026-09-11T14:29:04,20.0,0.0249999994412065,332.685,2026-09-11 19:44:22,2026-09-11 15:45:04
AAPL,AAPL270115P00005000,AAPL,2027-01-15,P,5.0,0.0,0.0,0.01,288.0,2.1726,1699.0,0.0,0.0,0.0,0.0,0.0,0.0,0.0001,0.0,0.0,0.0,0.0,no_change,0.01,2026-09-04T09:30:00,0.0,0.00499999988824129,332.685,2026-09-11 19:44:22,2026-09-11 15:45:04
AAPL,AAPL270115P00010000,AAPL,2027-01-15,P,10.0,0.0,0.0,0.01,9500.0,1.7863,143.0,0.0,0.0,0.0,0.0,0.0,0.0,0.0003,0.0,0.0,0.0,0.0,up,0.2,2026-08-05T09:30:02,0.0,0.00499999988824129,332.685,2026-09-11 19:44:22,2026-09-11 15:45:04
AAPL,AAPL270115P00015000,AAPL,2027-01-15,P,15.0,0.0,0.0,0.01,9500.0,1.5687,90.0,0.0,0.0,0.0,0.0001,0.0,0.0,0.0005,0.0,0.0,0.0,0.0,up,0.09,2026-08-05T09:38:00,0.0,0.00499999988824129,332.685,2026-09-11 19:44:22,2026-09-11 15:45:04
AAPL,AAPL270115P00020000,AAPL,2027-01-15,P,20.0,0.0,0.0,0.01,1.0,1.4175,3434.0,0.0,0.0,0.0,0.0001,0.0,0.0,0.0007,0.0,0.0,0.0,0.0,no_change,0.27,2026-08-05T09:30:48,0.0,0.00499999988824129,332.685,2026-09-11 19:44:22,2026-09-11 15:45:04
AAPL,AAPL270115P00025000,AAPL,2027-01-15,P,25.0,0.0,0.0,0.02,15.0,1.3684,3415.0,0.0,0.0,0.0,0.0002,-0.0001,0.0,0.001,0.0,0.0,0.0,0.0,no_change,0.01,2026-06-23T15:57:01,0.0,0.00999999977648258,332.685,2026-09-11 19:44:22,2026-09-11 15:45:04
AAPL,AAPL270115P00030000,AAPL,2027-01-15,P,30.0,0.0,0.0,0.33,515.0,1.6435,46.0,0.0,0.0,0.0,0.0002,-0.0001,0.0,0.0014,0.0,0.0,0.0,0.0,up,0.03,2025-11-07T11:25:28,0.0,0.0549999997019768,332.685,2026-09-11 19:44:22,2026-09-11 15:45:04
AAPL,AAPL270115P00035000,AAPL,2027-01-15,P,35.0,0.0,0.0,0.52,550.0,1.6198,128.0,0.0,0.0,0.0,0.0003,-0.0001,0.0,0.0019,0.0,0.0,0.0,0.0,no_change,0.02,2026-04-09T11:36:12,0.0,0.259999990463257,332.685,2026-09-11 19:44:22,2026-09-11 15:45:04
AAPL,AAPL270115P00040000,AAPL,2027-01-15,P,40.0,0.0,0.0,0.01,1.0,1.0627,1025.0,0.0,0.0,0.0,0.0004,-0.0001,-0.0001,0.0024,0.0,0.0,0.0,0.0,up,0.02,2026-08-25T14:54:50,0.0,0.00499999988824129,332.685,2026-09-11 19:44:22,2026-09-11 15:45:04
AAPL,AAPL270115P00045000,AAPL,2027-01-15,P,45.0,0.0,0.0,0.52,525.0,1.4353,80.0,0.0,-0.0001,0.0,0.0005,-0.0002,-0.0001,0.003,0.0,0.0,0.0,0.0,down,0.05,2026-08-11T09:30:01,0.0,0.259999990463257,332.685,2026-09-11 19:44:22,2026-09-11 15:45:04
AAPL,AAPL270115P00050000,AAPL,2027-01-15,P,50.0,0.0,0.0,0.25,399.0,1.2499,2799.0,0.0,-0.0001,0.0,0.0006,-0.0002,-0.0001,0.0037,0.0,0.0,0.0,0.0,down,0.01,2026-09-10T10:09:58,0.0,0.025000000372529,332.685,2026-09-11 19:44:22,2026-09-11 15:45:04
AAPL,AAPL270115P00060000,AAPL,2027-01-15,P,60.0,0.0,0.0,0.02,15.0,0.9036,1224.0,41.0,-0.0001,0.0,0.001,-0.0003,-0.0002,0.0056,-0.04,0.11,0.11,0.01,down,0.01,2026-09-11T12:55:03,-80.0,0.0500000016763806,332.685,2026-09-11 19:44:22,2026-09-11 15:45:04
AAPL,AAPL270115P00070000,AAPL,2027-01-15,P,70.0,0.0,0.0,0.18,294.0,0.9959,189.0,0.0,-0.0002,0.0,0.0015,-0.0004,-0.0002,0.008,0.0,0.0,0.0,0.0,down,0.03,2026-08-21T15:43:15,0.0,0.0900000035762787,332.685,2026-09-11 19:44:22,2026-09-11 15:45:04
AAPL,AAPL270115P00080000,AAPL,2027-01-15,P,80.0,0.01,1.0,0.05,3.0,0.8238,870.0,1.0,-0.0003,0.0,0.0021,-0.0006,-0.0003,0.0111,0.0,0.03,0.03,0.03,up,0.03,2026-09-11T10:41:55,-8.69234e-07,0.0300000002607703,332.685,2026-09-11 19:44:22,2026-09-11 15:45:04
AAPL,AAPL270115P00085000,AAPL,2027-01-15,P,85.0,0.0,0.0,0.13,343.0,0.8475,351.0,0.0,-0.0003,0.0,0.0025,-0.0007,-0.0004,0.013,0.0,0.0,0.0,0.0,down,0.02,2026-09-02T10:55:14,0.0,0.0649999976158142,332.685,2026-09-11 19:44:22,2026-09-11 15:45:04
AAPL,AAPL270115P00090000,AAPL,2027-01-15,P,90.0,0.01,1.0,0.08,267.0,0.7857,1755.0,7.0,-0.0004,0.0,0.0029,-0.0008,-0.0005,0.0152,-0.055,0.07,0.07,0.04,no_change,0.04,2026-09-11T12:54:53,-57.8947,0.09500000346452,332.685,2026-09-11 19:44:22,2026-09-11 15:45:04
AAPL,AAPL270115P00095000,AAPL,2027-01-15,P,95.0,0.01,2.0,0.09,299.0,0.7618,927.0,3.0,-0.0005,0.0,0.0034,-0.0008,-0.0006,0.0176,-0.125,0.09,0.09,0.09,no_change,0.09,2026-09-11T12:53:10,-58.1395,0.215000003576279,332.685,2026-09-11 19:44:22,2026-09-11 15:45:04
AAPL,AAPL270115P00100000,AAPL,2027-01-15,P,100.0,0.01,18.0,0.05,44.0,0.6992,3195.0,5.0,-0.0006,0.0,0.004,-0.001,-0.0007,0.0204,0.0,0.03,0.03,0.02,up,0.03,2026-09-11T12:53:26,-8.69234e-07,0.0300000002607703,332.685,2026-09-11 19:44:22,2026-09-11 15:45:04
AAPL,AAPL270115P00105000,AAPL,2027-01-15,P,105.0,0.01,2.0,0.14,232.0,0.7316,1526.0,3.0,-0.0007,0.0,0.0046,-0.0011,-0.0008,0.0236,0.02,0.06,0.07,0.06,up,0.07,2026-09-11T13:57:53,40.0,0.0500000016763806,332.685,2026-09-11 19:44:22,2026-09-11 15:45:04
AAPL,AAPL270115P00110000,AAPL,2027-01-15,P,110.0,0.02,18.0,0.08,234.0,0.6765,791.0,3.0,-0.0008,0.0,0.0053,-0.0012,-0.0009,0.0271,-0.045,0.08,0.08,0.03,down,0.03,2026-09-11T15:12:13,-60.0,0.0749999973922968,332.685,2026-09-11 19:44:22,2026-09-11 15:45:04
AAPL,AAPL270115P00115000,AAPL,2027-01-15,P,115.0,0.01,40.0,0.09,254.0,0.6508,759.0,7.0,-0.0009,0.0,0.0061,-0.0014,-0.0011,0.0312,-0.02,0.14,0.14,0.03,down,0.03,2026-09-11T12:54:19,-40.0,0.0500000016763806,332.685,2026-09-11 19:44:22,2026-09-11 15:45:04
AAPL,AAPL270115P00120000,AAPL,2027-01-15,P,120.0,0.02,55.0,0.08,155.0,0.6261,3081.0,1.0,-0.001,0.0,0.0071,-0.0016,-0.0012,0.0358,0.0,0.06,0.06,0.06,no_change,0.06,2026-09-11T15:12:17,-8.69234e-07,0.0600000005215406,332.685,2026-09-11 19:44:22,2026-09-11 15:45:04
AAPL,AAPL270115P00125000,AAPL,2027-01-15,P,125.0,0.03,1.0,0.13,249.0,0.6308,858.0,7.0,-0.0012,0.0,0.0081,-0.0018,-0.0015,0.0411,-0.05,0.13,0.13,0.03,down,0.03,2026-09-11T14:32:23,-62.5,0.0799999972805381,332.685,2026-09-11 19:44:22,2026-09-11 15:45:04
AAPL,AAPL270115P00130000,AAPL,2027-01-15,P,130.0,0.03,1.0,0.13,294.0,0.6071,4928.0,8.0,-0.0014,0.0,0.0093,-0.002,-0.0017,0.0472,-0.035,0.06,0.06,0.03,no_change,0.04,2026-09-11T14:37:08,-46.6667,0.0749999983236194,332.685,2026-09-11 19:44:22,2026-09-11 15:45:04
AAPL,AAPL270115P00135000,AAPL,2027-01-15,P,135.0,0.01,65.0,0.09,180.0,0.5579,1580.0,12.0,-0.0017,0.0,0.0107,-0.0022,-0.002,0.0541,-0.02,0.1,0.11,0.03,down,0.05,2026-09-11T15:00:49,-28.5714,0.0699999975040555,332.685,2026-09-11 19:44:22,2026-09-11 15:45:04
AAPL,AAPL270115P00140000,AAPL,2027-01-15,P,140.0,0.04,1.0,0.16,341.0,0.5756,2117.0,1.0,-0.0019,0.0001,0.0124,-0.0025,-0.0023,0.062,0.0,0.06,0.06,0.06,down,0.06,2026-09-11T09:50:28,2.23517e-06,0.0599999986588955,332.685,2026-09-11 19:44:22,2026-09-11 15:45:04
AAPL,AAPL270115P00145000,AAPL,2027-01-15,P,145.0,0.05,2.0,0.11,238.0,0.5411,8849.0,1.0,-0.0022,0.0001,0.0142,-0.0028,-0.0026,0.0712,0.0,0.09,0.09,0.09,no_change,0.09,2026-09-11T09:50:32,2.23517e-06,0.0899999979883432,332.685,2026-09-11 19:44:22,2026-09-11 15:45:04
AAPL,AAPL270115P00150000,AAPL,2027-01-15,P,150.0,0.01,106.0,0.13,424.0,0.5136,5254.0,1.0,-0.0026,0.0001,0.0162,-0.0031,-0.0031,0.0817,0.045,0.13,0.13,0.13,up,0.13,2026-09-11T13:35:28,52.9412,0.0849999999627471,332.685,2026-09-11 19:44:22,2026-09-11 15:45:04
AAPL,AAPL270115P00155000,AAPL,2027-01-15,P,155.0,0.01,118.0,0.14,35.0,0.4975,1240.0,0.0,-0.003,0.0001,0.0185,-0.0035,-0.0036,0.0939,0.0,0.0,0.0,0.0,up,0.14,2026-09-10T13:23:29,0.0,0.0950000006705522,332.685,2026-09-11 19:44:22,2026-09-11 15:45:04
AAPL,AAPL270115P00160000,AAPL,2027-01-15,P,160.0,0.06,362.0,0.12,394.0,0.4877,5171.0,14.0,-0.0035,0.0001,0.0213,-0.0039,-0.0041,0.1081,0.005,0.09,0.11,0.08,up,0.11,2026-09-11T15:01:17,4.76191,0.10499999858439,332.685,2026-09-11 19:44:22,2026-09-11 15:45:04
AAPL,AAPL270115P00165000,AAPL,2027-01-15,P,165.0,0.05,278.0,0.17,442.0,0.4792,3799.0,90.0,-0.0041,0.0001,0.0244,-0.0043,-0.0048,0.1246,-0.01,0.1,0.12,0.1,no_change,0.1,2026-09-11T11:18:37,-9.09091,0.110000001266599,332.685,2026-09-11 19:44:22,2026-09-11 15:45:04
AAPL,AAPL270115P00170000,AAPL,2027-01-15,P,170.0,0.07,592.0,0.19,588.0,0.4692,7670.0,98.0,-0.0048,0.0001,0.0278,-0.0049,-0.0056,0.1437,-0.015,0.11,0.15,0.11,down,0.12,2026-09-11T11:32:10,-11.1111,0.135000001639128,332.685,2026-09-11 19:44:22,2026-09-11 15:45:04
AAPL,AAPL270115P00175000,AAPL,2027-01-15,P,175.0,0.1,325.0,0.21,433.0,0.4601,3675.0,0.0,-0.0055,0.0002,0.0319,-0.0054,-0.0065,0.1658,0.0,0.0,0.0,0.0,up,0.18,2026-09-03T13:21:09,0.0,0.16499999910593,332.685,2026-09-11 19:44:22,2026-09-11 15:45:04
AAPL,AAPL270115P00180000,AAPL,2027-01-15,P,180.0,0.15,1.0,0.22,405.0,0.4514,9106.0,4.0,-0.0064,0.0002,0.0366,-0.0061,-0.0076,0.1916,-0.03,0.19,0.23,0.17,down,0.17,2026-09-11T14:50:07,-15.0,0.200000002980232,332.685,2026-09-11 19:44:22,2026-09-11 15:45:04
AAPL,AAPL270115P00185000,AAPL,2027-01-15,P,185.0,0.15,373.0,0.28,518.0,0.4415,5493.0,12.0,-0.0075,0.0002,0.0417,-0.0068,-0.0088,0.2217,-0.025,0.22,0.22,0.21,down,0.21,2026-09-11T14:53:07,-10.6383,0.235000006854534,332.685,2026-09-11 19:44:22,2026-09-11 15:45:04
AAPL,AAPL270115P00190000,AAPL,2027-01-15,P,190.0,0.21,328.0,0.28,347.0,0.4306,7365.0,286.0,-0.0088,0.0003,0.0477,-0.0077,-0.0102,0.257,-0.025,0.27,0.27,0.21,down,0.24,2026-09-11T14:49:02,-9.43396,0.265000008046627,332.685,2026-09-11 19:44:22,2026-09-11 15:45:04
AAPL,AAPL270115P00195000,AAPL,2027-01-15,P,195.0,0.27,97.0,0.31,418.0,0.4224,5819.0,323.0,-0.0102,0.0003,0.0547,-0.0086,-0.0119,0.2972,-0.01,0.29,0.32,0.25,down,0.29,2026-09-11T15:19:29,-3.33333,0.299999997019768,332.685,2026-09-11 19:44:22,2026-09-11 15:45:04
AAPL,AAPL270115P00200000,AAPL,2027-01-15,P,200.0,0.3,463.0,0.36,426.0,0.4122,21495.0,8.0,-0.0118,0.0004,0.0622,-0.0096,-0.0138,0.3442,-0.01,0.34,0.36,0.33,up,0.36,2026-09-11T14:15:04,-2.7027,0.370000004768372,332.685,2026-09-11 19:44:22,2026-09-11 15:45:04
AAPL,AAPL270115P00205000,AAPL,2027-01-15,P,205.0,0.35,373.0,0.48,541.0,0.4077,195.0,0.0,-0.0138,0.0004,0.0708,-0.0107,-0.0161,0.3998,0.0,0.0,0.0,0.0,down,0.43,2026-09-10T11:38:56,0.0,0.420000001788139,332.685,2026-09-11 19:44:22,2026-09-11 15:45:04
AAPL,AAPL270115P00210000,AAPL,2027-01-15,P,210.0,0.45,56.0,0.47,3.0,0.3959,15904.0,127.0,-0.016,0.0005,0.0807,-0.012,-0.0187,0.4622,-0.065,0.49,0.57,0.44,down,0.45,2026-09-11T15:10:08,-12.6214,0.514999985694885,332.685,2026-09-11 19:44:22,2026-09-11 15:45:04
AAPL,AAPL270115P00215000,AAPL,2027-01-15,P,215.0,0.5,465.0,0.62,550.0,0.3908,568.0,5.0,-0.0187,0.0006,0.0917,-0.0134,-0.0217,0.5371,-0.19,0.52,0.52,0.43,down,0.43,2026-09-11T14:12:18,-30.6452,0.619999974966049,332.685,2026-09-11 19:44:22,2026-09-11 15:45:04
AAPL,AAPL270115P00220000,AAPL,2027-01-15,P,220.0,0.62,43.0,0.64,91.0,0.3806,17423.0,99.0,-0.0217,0.0007,0.1039,-0.0149,-0.0251,0.6231,-0.11,0.64,0.66,0.59,down,0.6,2026-09-11T15:26:55,-15.493,0.71000000834465,332.685,2026-09-11 19:44:22,2026-09-11 15:45:04
AAPL,AAPL270115P00225000,AAPL,2027-01-15,P,225.0,0.72,15.0,0.74,27.0,0.3721,1883.0,59.0,-0.0253,0.0008,0.1185,-0.0166,-0.0293,0.7252,-0.115,0.78,0.78,0.7,down,0.72,2026-09-11T12:20:22,-13.7725,0.83500000834465,332.685,2026-09-11 19:44:22,2026-09-11 15:45:04
AAPL,AAPL270115P00230000,AAPL,2027-01-15,P,230.0,0.83,22.0,0.86,53.0,0.3639,25737.0,71.0,-0.0294,0.0009,0.134,-0.0185,-0.034,0.8437,-0.15,0.84,0.89,0.8,up,0.84,2026-09-11T14:12:09,-15.1515,0.989999979734421,332.685,2026-09-11 19:44:22,2026-09-11 15:45:04
AAPL,AAPL270115P00235000,AAPL,2027-01-15,P,235.0,0.94,443.0,1.01,149.0,0.3559,1906.0,5.0,-0.0341,0.0011,0.1511,-0.0205,-0.0393,0.9805,-0.19,1.11,1.11,0.96,down,0.96,2026-09-11T11:00:58,-16.5217,1.15000003576279,332.685,2026-09-11 19:44:22,2026-09-11 15:45:04
AAPL,AAPL270115P00240000,AAPL,2027-01-15,P,240.0,1.05,502.0,1.17,151.0,0.3471,59720.0,79.0,-0.0396,0.0012,0.1714,-0.0228,-0.0457,1.1412,-0.24,1.27,1.27,1.11,no_change,1.13,2026-09-11T14:11:52,-17.5182,1.37000000476837,332.685,2026-09-11 19:44:22,2026-09-11 15:45:04
AAPL,AAPL270115P00245000,AAPL,2027-01-15,P,245.0,1.28,467.0,1.36,126.0,0.3413,4705.0,2.0,-0.046,0.0014,0.1927,-0.0252,-0.0528,1.3319,-0.305,1.32,1.32,1.32,no_change,1.32,2026-09-11T12:50:44,-18.7692,1.625,332.685,2026-09-11 19:44:22,2026-09-11 15:45:04
AAPL,AAPL270115P00250000,AAPL,2027-01-15,P,250.0,1.54,39.0,1.57,3.0,0.3348,24941.0,210.0,-0.0535,0.0017,0.2168,-0.028,-0.0613,1.557,-0.345,1.75,1.75,1.49,no_change,1.55,2026-09-11T15:16:10,-18.2058,1.89500004053116,332.685,2026-09-11 19:44:22,2026-09-11 15:45:04
AAPL,AAPL270115P00255000,AAPL,2027-01-15,P,255.0,1.74,590.0,1.86,198.0,0.3279,5310.0,13.0,-0.0621,0.0019,0.2438,-0.0309,-0.0711,1.8193,-0.395,1.81,1.84,1.73,up,1.84,2026-09-11T15:05:57,-17.6734,2.23500001430511,332.685,2026-09-11 19:44:22,2026-09-11 15:45:04
AAPL,AAPL270115P00260000,AAPL,2027-01-15,P,260.0,2.09,449.0,2.17,271.0,0.3224,13005.0,109.0,-0.0721,0.0022,0.2726,-0.0341,-0.082,2.1318,-0.505,2.23,2.23,2.04,down,2.11,2026-09-11T15:05:47,-19.3117,2.61500000953674,332.685,2026-09-11 19:44:22,2026-09-11 15:45:04
AAPL,AAPL270115P00265000,AAPL,2027-01-15,P,265.0,2.46,375.0,2.51,1.0,0.3163,3847.0,35.0,-0.0835,0.0025,0.3058,-0.0376,-0.095,2.4954,-0.595,2.5,2.5,2.4,up,2.48,2026-09-11T15:17:06,-19.3496,3.07500004768372,332.685,2026-09-11 19:44:22,2026-09-11 15:45:04
AAPL,AAPL270115P00270000,AAPL,2027-01-15,P,270.0,2.89,382.0,2.98,436.0,0.3114,17444.0,276.0,-0.0966,0.0028,0.339,-0.0412,-0.109,2.9232,-0.67,3.4,3.4,2.75,up,2.93,2026-09-11T15:16:10,-18.6111,3.60000002384186,332.685,2026-09-11 19:44:22,2026-09-11 15:45:04
AAPL,AAPL270115P00275000,AAPL,2027-01-15,P,275.0,3.3,491.0,3.55,423.0,0.3057,6707.0,109.0,-0.1117,0.0032,0.3766,-0.0451,-0.1257,3.4272,-0.87,3.47,3.65,3.26,no_change,3.38,2026-09-11T14:43:43,-20.4706,4.25,332.685,2026-09-11 19:44:22,2026-09-11 15:45:04
AAPL,AAPL270115P00280000,AAPL,2027-01-15,P,280.0,3.95,417.0,4.1,529.0,0.301,21278.0,154.0,-0.1288,0.0036,0.415,-0.0492,-0.1437,4.0156,-0.93,4.52,4.55,3.8,up,4.02,2026-09-11T15:09:47,-18.7879,4.95000004768372,332.685,2026-09-11 19:44:22,2026-09-11 15:45:04
AAPL,AAPL270115P00285000,AAPL,2027-01-15,P,285.0,4.6,567.0,4.8,501.0,0.2962,4040.0,281.0,-0.1479,0.004,0.4551,-0.0534,-0.1646,4.6982,-1.1,5.41,5.41,4.45,up,4.7,2026-09-11T15:09:47,-18.9655,5.79999995231628,332.685,2026-09-11 19:44:22,2026-09-11 15:45:04
AAPL,AAPL270115P00290000,AAPL,2027-01-15,P,290.0,5.4,555.0,5.6,573.0,0.2919,10341.0,94.0,-0.1694,0.0045,0.4969,-0.0576,-0.1868,5.4912,-1.125,5.75,5.75,5.18,up,5.65,2026-09-11T15:01:17,-16.6052,6.77499985694885,332.685,2026-09-11 19:44:22,2026-09-11 15:45:04
AAPL,AAPL270115P00295000,AAPL,2027-01-15,P,295.0,6.3,587.0,6.5,502.0,0.2875,11125.0,121.0,-0.1933,0.0049,0.5382,-0.0619,-0.2119,6.4035,-1.45,7.2,7.2,6.04,up,6.4,2026-09-11T15:14:32,-18.4713,7.84999990463257,332.685,2026-09-11 19:44:22,2026-09-11 15:45:04
AAPL,AAPL270115P00300000,AAPL,2027-01-15,P,300.0,7.4,71.0,7.55,376.0,0.284,13387.0,1584.0,-0.2196,0.0054,0.5799,-0.0661,-0.2381,7.4524,-1.66,8.49,8.5,6.95,down,7.44,2026-09-11T15:25:14,-18.2418,9.09999990463257,332.685,2026-09-11 19:44:22,2026-09-11 15:45:04
AAPL,AAPL270115P00305000,AAPL,2027-01-15,P,305.0,8.55,428.0,8.75,427.0,0.2801,8735.0,175.0,-0.2482,0.0059,0.619,-0.0701,-0.2669,8.642,-1.885,9.4,9.4,8.25,up,8.69,2026-09-11T15:13:29,-17.8251,10.5749998092651,332.685,2026-09-11 19:44:22,2026-09-11 15:45:04
AAPL,AAPL270115P00310000,AAPL,2027-01-15,P,310.0,9.9,566.0,10.1,415.0,0.2766,24473.0,775.0,-0.2793,0.0063,0.6567,-0.0738,-0.296,9.9985,-2.175,11.43,11.43,9.4,up,10.0,2026-09-11T14:48:48,-17.8645,12.1750001907349,332.685,2026-09-11 19:44:22,2026-09-11 15:45:04
AAPL,AAPL270115P00315000,AAPL,2027-01-15,P,315.0,11.45,387.0,11.65,584.0,0.2737,13958.0,947.0,-0.3127,0.0068,0.6902,-0.0772,-0.328,11.5301,-2.41,12.9,12.9,10.8,up,11.54,2026-09-11T15:13:29,-17.276,13.9500002861023,332.685,2026-09-11 19:44:22,2026-09-11 15:45:04
AAPL,AAPL270115P00320000,AAPL,2027-01-15,P,320.0,13.15,450.0,13.4,663.0,0.271,10722.0,351.0,-0.3479,0.0072,0.7196,-0.0801,-0.3588,13.2352,-2.7,15.0,15.0,12.46,up,13.25,2026-09-11T15:15:14,-16.9279,15.9499998092651,332.685,2026-09-11 19:44:22,2026-09-11 15:45:04
AAPL,AAPL270115P00325000,AAPL,2027-01-15,P,325.0,15.1,59.0,15.3,550.0,0.2685,5597.0,194.0,-0.3852,0.0076,0.7433,-0.0825,-0.3926,15.1415,-3.025,16.95,16.98,14.15,down,15.15,2026-09-11T15:20:35,-16.6437,18.1750001907349,332.685,2026-09-11 19:44:22,2026-09-11 15:45:04
AAPL,AAPL270115P00330000,AAPL,2027-01-15,P,330.0,17.2,31.0,17.4,563.0,0.2659,1864.0,142.0,-0.4237,0.0079,0.76,-0.0843,-0.4194,17.2416,-3.285,19.0,19.0,16.4,up,17.29,2026-09-11T15:12:10,-15.966,20.5749998092651,332.685,2026-09-11 19:44:22,2026-09-11 15:45:04
AAPL,AAPL270115P00335000,AAPL,2027-01-15,P,335.0,19.5,77.0,19.75,539.0,0.2638,1486.0,181.0,-0.4637,0.0081,0.7701,-0.0855,-0.4507,19.5575,-3.575,21.89,21.89,18.55,up,19.65,2026-09-11T15:08:52,-15.3929,23.2250003814697,332.685,2026-09-11 19:44:22,2026-09-11 15:45:04
AAPL,AAPL270115P00340000,AAPL,2027-01-15,P,340.0,22.0,210.0,22.3,497.0,0.2613,2643.0,231.0,-0.5047,0.0083,0.7718,-0.086,-0.4749,22.1086,-3.85,22.65,22.75,21.0,up,22.3,2026-09-11T15:11:39,-14.7228,26.1500005722046,332.685,2026-09-11 19:44:22,2026-09-11 15:45:04
AAPL,AAPL270115P00345000,AAPL,2027-01-15,P,345.0,24.75,121.0,25.2,498.0,0.2607,551.0,48.0,-0.5457,0.0084,0.7655,-0.0859,-0.5,24.842,-5.025,24.3,24.3,24.3,down,24.3,2026-09-11T12:08:29,-17.1355,29.3249998092651,332.685,2026-09-11 19:44:22,2026-09-11 15:45:04
AAPL,AAPL270115P00350000,AAPL,2027-01-15,P,350.0,27.05,586.0,28.25,387.0,0.2552,666.0,8.0,-0.5868,0.0084,0.7514,-0.0852,-0.5167,27.81,-5.3,28.05,28.05,26.5,up,27.3,2026-09-11T12:47:10,-16.2577,32.6000003814697,332.685,2026-09-11 19:44:22,2026-09-11 15:45:04
AAPL,AAPL270115P00355000,AAPL,2027-01-15,P,355.0,30.35,458.0,31.45,444.0,0.2546,124.0,40.0,-0.6276,0.0084,0.7281,-0.0839,-0.5301,30.9884,-6.25,30.0,30.1,30.0,no_change,30.1,2026-09-11T10:43:54,-17.1939,36.3500003814697,332.685,2026-09-11 19:44:22,2026-09-11 15:45:04
AAPL,AAPL270115P00360000,AAPL,2027-01-15,P,360.0,33.8,486.0,34.65,212.0,0.2522,191.0,45.0,-0.6679,0.0083,0.6979,-0.082,-0.5311,34.3966,-6.525,34.95,34.95,32.83,down,33.45,2026-09-11T13:11:48,-16.3227,39.9750003814697,332.685,2026-09-11 19:44:22,2026-09-11 15:45:04
AAPL,AAPL270115P00365000,AAPL,2027-01-15,P,365.0,37.0,373.0,38.45,245.0,0.2496,82.0,9.0,-0.7067,0.0082,0.6589,-0.0798,-0.533,37.9834,-5.375,40.1,40.1,38.2,down,38.2,2026-09-11T10:21:14,-12.3351,43.5749988555908,332.685,2026-09-11 19:44:22,2026-09-11 15:45:04
AAPL,AAPL270115P00370000,AAPL,2027-01-15,P,370.0,40.8,365.0,42.4,361.0,0.2501,99.0,5.0,-0.7442,0.008,0.6148,-0.0772,-0.52,41.7621,-5.735,40.9,41.84,40.75,up,41.84,2026-09-11T15:02:46,-12.0546,47.5749988555908,332.685,2026-09-11 19:44:22,2026-09-11 15:45:04
AAPL,AAPL270115P00375000,AAPL,2027-01-15,P,375.0,44.75,319.0,46.4,381.0,0.2495,24.0,2.0,-0.7801,0.0077,0.5633,-0.0744,-0.4933,45.7176,-7.425,44.1,44.4,44.1,up,44.4,2026-09-11T13:27:13,-14.3271,51.8250007629394,332.685,2026-09-11 19:44:22,2026-09-11 15:45:04
AAPL,AAPL270115P00380000,AAPL,2027-01-15,P,380.0,48.95,189.0,50.45,203.0,0.2487,21.0,3.0,-0.8144,0.0074,0.5074,-0.0714,-0.4738,49.843,-5.965,50.01,50.01,50.01,down,50.01,2026-09-11T10:17:21,-10.6565,55.9750003814697,332.685,2026-09-11 19:44:22,2026-09-11 15:45:04
AAPL,AAPL270115P00385000,AAPL,2027-01-15,P,385.0,53.35,174.0,54.65,123.0,0.2483,5.0,0.0,-0.8466,0.0072,0.4459,-0.0683,-0.4212,54.1214,0.0,0.0,0.0,0.0,no_change,66.05,2026-09-10T10:07:39,0.0,60.7250003814697,332.685,2026-09-11 19:44:22,2026-09-11 15:45:04
AAPL,AAPL270115P00390000,AAPL,2027-01-15,P,390.0,57.3,151.0,59.1,146.0,0.2409,28.0,0.0,-0.8771,0.0068,0.381,-0.0652,-0.3789,58.546,0.0,0.0,0.0,0.0,no_change,70.75,2026-09-10T10:07:47,0.0,65.0750007629394,332.685,2026-09-11 19:44:22,2026-09-11 15:45:04
AAPL,AAPL270115P00395000,AAPL,2027-01-15,P,395.0,62.0,66.0,63.95,170.0,0.2464,0.0,0.0,-0.9057,0.0065,0.3145,-0.0622,-0.3002,63.0985,0.0,0.0,0.0,0.0,down,91.63,2026-07-31T10:46:17,0.0,70.0,332.685,2026-09-11 19:44:22,2026-09-11 15:45:04
AAPL,AAPL270115P00400000,AAPL,2027-01-15,P,400.0,66.75,123.0,68.75,195.0,0.2497,6.0,4.0,-0.931,0.0059,0.2445,-0.0589,-0.2288,67.775,-7.6,71.2,71.2,65.95,up,67.15,2026-09-11T14:03:41,-10.1672,74.75,332.685,2026-09-11 19:44:22,2026-09-11 15:45:04
AAPL,AAPL270115P00410000,AAPL,2027-01-15,P,410.0,76.3,38.0,78.1,141.0,0.0,1.0,0.0,-0.9711,0.0039,0.1148,-0.0434,-0.1143,77.4238,0.0,0.0,0.0,0.0,down,94.0,2026-09-08T15:32:36,0.0,84.5500030517578,332.685,2026-09-11 19:44:22,2026-09-11 15:45:04
AAPL,AAPL270115P00420000,AAPL,2027-01-15,P,420.0,85.5,14.0,88.9,112.0,0.0,0.0,0.0,-0.9923,0.0015,0.0303,-0.0047,-0.0259,87.3295,0.0,0.0,0.0,0.0,no_change,81.55,2026-07-28T13:36:16,0.0,94.625,332.685,2026-09-11 19:44:22,2026-09-11 15:45:04
AAPL,AAPL270115P00430000,AAPL,2027-01-15,P,430.0,95.75,13.0,98.05,104.0,0.0,0.0,0.0,-0.9989,0.0002,0.0,0.0,0.0,97.32,0.0,0.0,0.0,0.0,no_change,124.69,2026-08-03T14:57:33,0.0,104.700000762939,332.685,2026-09-11 19:44:22,2026-09-11 15:45:04
AAPL,AAPL270115P00440000,AAPL,2027-01-15,P,440.0,105.85,10.0,109.0,118.0,0.3146,0.0,0.0,-1.0,0.0,0.0,0.0,0.0,107.32,0.0,0.0,0.0,0.0,down,162.08,2025-11-26T09:30:02,0.0,114.675003051758,332.685,2026-09-11 19:44:22,2026-09-11 15:45:04
AAPL,AAPL270115P00450000,AAPL,2027-01-15,P,450.0,115.5,10.0,118.45,119.0,0.0,0.0,0.0,-1.0,0.0,0.0,0.0,0.0,117.32,0.0,0.0,0.0,0.0,up,245.9,2025-06-09T12:26:33,0.0,124.675003051758,332.685,2026-09-11 19:44:22,2026-09-11 15:45:04
AAPL,AAPL270115P00460000,AAPL,2027-01-15,P,460.0,125.75,10.0,128.45,118.0,0.0,0.0,0.0,-1.0,0.0,0.0,0.0,0.0,127.32,0.0,0.0,0.0,0.0,no_change,0.0,,0.0,134.724998474121,332.685,2026-09-11 19:44:22,2026-09-11 15:45:04
AAPL,AAPL270115P00470000,AAPL,2027-01-15,P,470.0,135.5,11.0,138.45,119.0,0.0,0.0,0.0,-1.0,0.0,0.0,0.0,0.0,137.32,0.0,0.0,0.0,0.0,no_change,0.0,,0.0,144.550003051758,332.685,2026-09-11 19:44:22,2026-09-11 15:45:04
AAPL,AAPL270115P00480000,AAPL,2027-01-15,P,480.0,145.75,11.0,148.45,119.0,0.0,0.0,0.0,-1.0,0.0,0.0,0.0,0.0,147.32,0.0,0.0,0.0,0.0,no_change,0.0,,0.0,154.550003051758,332.685,2026-09-11 19:44:22,2026-09-11 15:45:04
AAPL,AAPL270115P00490000,AAPL,2027-01-15,P,490.0,155.5,10.0,158.45,117.0,0.0,0.0,0.0,-1.0,0.0,0.0,0.0,0.0,157.32,0.0,0.0,0.0,0.0,no_change,0.0,,0.0,164.675003051758,332.685,2026-09-11 19:44:22,2026-09-11 15:45:04
AAPL,AAPL270115P00500000,AAPL,2027-01-15,P,500.0,165.5,10.0,168.45,118.0,0.0,0.0,0.0,-1.0,0.0,0.0,0.0,0.0,167.32,0.0,0.0,0.0,0.0,no_change,0.0,,0.0,174.650001525879,332.685,2026-09-11 19:44:22,2026-09-11 15:45:04
AAPL,AAPL270115P00510000,AAPL,2027-01-15,P,510.0,175.5,10.0,178.45,119.0,0.0,0.0,0.0,-1.0,0.0,0.0,0.0,0.0,177.32,0.0,0.0,0.0,0.0,no_change,0.0,,0.0,184.675003051758,332.685,2026-09-11 19:44:22,2026-09-11 15:45:04
AAPL,AAPL270115P00520000,AAPL,2027-01-15,P,520.0,185.5,10.0,188.45,118.0,0.0,0.0,0.0,-1.0,0.0,0.0,0.0,0.0,187.32,0.0,0.0,0.0,0.0,no_change,0.0,,0.0,194.675003051758,332.685,2026-09-11 19:44:22,2026-09-11 15:45:04
AAPL,AAPL270115P00530000,AAPL,2027-01-15,P,530.0,195.55,10.0,198.45,118.0,0.0,0.0,0.0,-1.0,0.0,0.0,0.0,0.0,197.32,0.0,0.0,0.0,0.0,up,260.32,2025-11-19T09:49:13,0.0,204.650001525879,332.685,2026-09-11 19:44:22,2026-09-11 15:45:04
AAPL,AAPL270115P00540000,AAPL,2027-01-15,P,540.0,205.5,10.0,208.45,118.0,0.0,0.0,0.0,-1.0,0.0,0.0,0.0,0.0,207.32,0.0,0.0,0.0,0.0,no_change,0.0,,0.0,214.675003051758,332.685,2026-09-11 19:44:22,2026-09-11 15:45:04
AAPL,AAPL270115P00550000,AAPL,2027-01-15,P,550.0,215.5,10.0,218.45,118.0,0.0,0.0,0.0,-1.0,0.0,0.0,0.0,0.0,217.32,0.0,0.0,0.0,0.0,down,274.35,2025-12-24T12:56:42,0.0,224.675003051758,332.685,2026-09-11 19:44:22,2026-09-11 15:45:04
AAPL,AAPL270115P00560000,AAPL,2027-01-15,P,560.0,225.5,10.0,228.45,119.0,0.0,0.0,0.0,-1.0,0.0,0.0,0.0,0.0,227.32,0.0,0.0,0.0,0.0,no_change,0.0,,0.0,234.599998474121,332.685,2026-09-11 19:44:22,2026-09-11 15:45:04
AAPL,AAPL270115P00570000,AAPL,2027-01-15,P,570.0,235.5,11.0,238.45,119.0,0.0,0.0,0.0,-1.0,0.0,0.0,0.0,0.0,237.32,0.0,0.0,0.0,0.0,no_change,0.0,,0.0,244.675003051758,332.685,2026-09-11 19:44:22,2026-09-11 15:45:04
AAPL,AAPL270115P00580000,AAPL,2027-01-15,P,580.0,245.5,11.0,249.2,116.0,0.5218,0.0,0.0,-1.0,0.0,0.0,0.0,0.0,247.32,0.0,0.0,0.0,0.0,no_change,0.0,,0.0,254.549995422363,332.685,2026-09-11 19:44:22,2026-09-11 15:45:04
AAPL,AAPL270115P00590000,AAPL,2027-01-15,P,590.0,255.5,11.0,258.45,119.0,0.0,0.0,0.0,-1.0,0.0,0.0,0.0,0.0,257.32,0.0,0.0,0.0,0.0,no_change,0.0,,0.0,264.599990844727,332.685,2026-09-11 19:44:22,2026-09-11 15:45:04
AAPL,AAPL270115P00600000,AAPL,2027-01-15,P,600.0,265.8,10.0,269.1,118.0,0.5775,0.0,0.0,-1.0,0.0,0.0,0.0,0.0,267.32,0.0,0.0,0.0,0.0,down,274.25,2026-07-20T11:34:53,0.0,274.524993896484,332.685,2026-09-11 19:44:22,2026-09-11 15:45:04
AAPL,AAPL270219C00005000,AAPL,2027-02-19,C,5.0,325.9,109.0,329.65,16.0,0.0,0.0,0.0,1.0,0.0,0.0,0.0,0.0078,327.8248,0.0,0.0,0.0,0.0,no_change,299.6,2026-06-08T14:33:34,0.0,320.625,332.685,2026-09-11 19:44:22,2026-09-11 15:45:04
AAPL,AAPL270219C00010000,AAPL,2027-02-19,C,10.0,320.85,105.0,324.7,16.0,0.0,0.0,0.0,1.0,0.0,0.0,0.0,0.0155,322.8605,0.0,0.0,0.0,0.0,no_change,0.0,,0.0,315.649993896484,332.685,2026-09-11 19:44:22,2026-09-11 15:45:04
AAPL,AAPL270219C00015000,AAPL,2027-02-19,C,15.0,315.9,111.0,319.8,16.0,0.0,0.0,0.0,1.0,0.0,0.0,0.0,0.0236,317.8963,0.0,0.0,0.0,0.0,no_change,0.0,,0.0,310.675003051758,332.685,2026-09-11 19:44:22,2026-09-11 15:45:04
AAPL,AAPL270219C00020000,AAPL,2027-02-19,C,20.0,311.45,1.0,314.9,16.0,1.8227,2.0,0.0,1.0,0.0,0.0001,0.0,0.0517,312.9373,0.0,0.0,0.0,0.0,up,319.94,2026-07-28T15:40:21,0.0,305.699996948242,332.685,2026-09-11 19:44:22,2026-09-11 15:45:04
AAPL,AAPL270219C00025000,AAPL,2027-02-19,C,25.0,306.55,111.0,310.0,16.0,1.6712,0.0,0.0,1.0,0.0,0.0002,0.0,0.0998,308.0242,0.0,0.0,0.0,0.0,no_change,0.0,,0.0,300.824996948242,332.685,2026-09-11 19:44:22,2026-09-11 15:45:04
AAPL,AAPL270219C00030000,AAPL,2027-02-19,C,30.0,301.2,105.0,305.05,16.0,1.1267,0.0,0.0,1.0,0.0,0.0003,0.0,0.1197,303.1181,0.0,0.0,0.0,0.0,no_change,0.0,,0.0,295.949996948242,332.685,2026-09-11 19:44:22,2026-09-11 15:45:04
AAPL,AAPL270219C00035000,AAPL,2027-02-19,C,35.0,296.25,110.0,300.15,16.0,0.0,0.0,0.0,1.0,0.0,0.0005,0.0,0.1395,298.2122,0.0,0.0,0.0,0.0,no_change,0.0,,0.0,291.25,332.685,2026-09-11 19:44:22,2026-09-11 15:45:04
AAPL,AAPL270219C00040000,AAPL,2027-02-19,C,40.0,291.35,110.0,295.25,16.0,0.0,0.0,0.0,1.0,0.0,0.0006,0.0,0.1594,293.3064,0.0,0.0,0.0,0.0,no_change,0.0,,0.0,286.349990844727,332.685,2026-09-11 19:44:22,2026-09-11 15:45:04
AAPL,AAPL270219C00045000,AAPL,2027-02-19,C,45.0,286.45,106.0,290.35,16.0,0.8764,0.0,0.0,1.0,0.0,0.0008,0.0,0.1792,288.4007,0.0,0.0,0.0,0.0,no_change,0.0,,0.0,281.274993896484,332.685,2026-09-11 19:44:22,2026-09-11 15:45:04
AAPL,AAPL270219C00050000,AAPL,2027-02-19,C,50.0,282.0,99.0,285.45,16.0,1.1981,0.0,0.0,1.0,0.0,0.001,0.0,0.1991,283.4953,0.0,0.0,0.0,0.0,no_change,0.0,,0.0,276.25,332.685,2026-09-11 19:44:22,2026-09-11 15:45:04
AAPL,AAPL270219C00055000,AAPL,2027-02-19,C,55.0,277.1,86.0,280.5,6.0,1.1265,15.0,0.0,1.0,0.0,0.0012,0.0,0.2189,278.59,0.0,0.0,0.0,0.0,up,270.36,2026-09-01T11:32:28,0.0,271.350006103516,332.685,2026-09-11 19:44:22,2026-09-11 15:45:04
AAPL,AAPL270219C00060000,AAPL,2027-02-19,C,60.0,272.2,108.0,275.6,16.0,1.0761,0.0,0.0,1.0,0.0,0.0015,0.0,0.2388,273.6849,0.0,0.0,0.0,0.0,no_change,0.0,,0.0,266.699996948242,332.685,2026-09-11 19:44:22,2026-09-11 15:45:04
AAPL,AAPL270219C00065000,AAPL,2027-02-19,C,65.0,267.3,107.0,270.7,16.0,1.03,20.0,0.0,1.0,0.0,0.0019,0.0,0.2586,268.78,0.0,0.0,0.0,0.0,up,244.67,2026-06-05T15:46:18,0.0,261.775009155273,332.685,2026-09-11 19:44:22,2026-09-11 15:45:04
AAPL,AAPL270219C00070000,AAPL,2027-02-19,C,70.0,262.0,86.0,265.8,16.0,0.8157,36.0,0.0,1.0,0.0,0.0023,0.0,0.2784,263.8755,0.0,0.0,0.0,0.0,up,239.85,2026-06-05T15:45:59,0.0,256.649993896484,332.685,2026-09-11 19:44:22,2026-09-11 15:45:04
AAPL,AAPL270219C00075000,AAPL,2027-02-19,C,75.0,257.45,1.0,260.85,6.0,0.9222,36.0,0.0,1.0,0.0,0.0027,0.0,0.2982,258.9712,0.0,0.0,0.0,0.0,up,234.84,2026-06-05T15:44:16,0.0,251.799995422363,332.685,2026-09-11 19:44:22,2026-09-11 15:45:04
AAPL,AAPL270219C00080000,AAPL,2027-02-19,C,80.0,252.55,1.0,256.0,16.0,0.8992,62.0,0.0,0.9999,0.0,0.0033,0.0,0.3181,254.0672,0.0,0.0,0.0,0.0,up,235.37,2026-08-31T13:32:44,0.0,247.049995422363,332.685,2026-09-11 19:44:22,2026-09-11 15:45:04
AAPL,AAPL270219C00085000,AAPL,2027-02-19,C,85.0,247.65,86.0,251.05,6.0,0.8536,69.0,0.0,0.9999,0.0,0.0039,0.0,0.3378,249.1637,0.0,0.0,0.0,0.0,up,225.21,2026-06-05T15:45:00,0.0,242.150001525879,332.685,2026-09-11 19:44:22,2026-09-11 15:45:04
AAPL,AAPL270219C00090000,AAPL,2027-02-19,C,90.0,242.75,115.0,246.15,11.0,0.8221,36.0,1.0,0.9998,0.0,0.0045,0.0,0.3576,244.2606,8.75,245.75,245.75,245.75,up,245.75,2026-09-11T13:24:30,3.69198,237.0,332.685,2026-09-11 19:44:22,2026-09-11 15:45:04
AAPL,AAPL270219C00095000,AAPL,2027-02-19,C,95.0,237.85,107.0,241.25,16.0,0.7923,36.0,0.0,0.9997,0.0,0.0054,0.0,0.3773,239.3579,0.0,0.0,0.0,0.0,up,215.55,2026-06-05T15:16:00,0.0,232.150001525879,332.685,2026-09-11 19:44:22,2026-09-11 15:45:04
AAPL,AAPL270219C00100000,AAPL,2027-02-19,C,100.0,232.95,108.0,236.35,16.0,0.7641,35.0,0.0,0.9995,0.0,0.0063,0.0,0.3972,234.4559,0.0,0.0,0.0,0.0,no_change,214.06,2026-06-08T09:43:33,0.0,227.200004577637,332.685,2026-09-11 19:44:22,2026-09-11 15:45:04
AAPL,AAPL270219C00105000,AAPL,2027-02-19,C,105.0,228.05,111.0,231.15,10.0,0.6579,56.0,0.0,0.9994,0.0,0.0073,0.0,0.4168,229.5546,0.0,0.0,0.0,0.0,up,209.44,2026-06-08T09:43:16,0.0,222.324996948242,332.685,2026-09-11 19:44:22,2026-09-11 15:45:04
AAPL,AAPL270219C00110000,AAPL,2027-02-19,C,110.0,223.15,118.0,226.25,11.0,0.6376,56.0,0.0,0.9992,0.0,0.0085,0.0,0.4365,224.6539,0.0,0.0,0.0,0.0,no_change,204.53,2026-06-08T09:42:50,0.0,217.625,332.685,2026-09-11 19:44:22,2026-09-11 15:45:04
AAPL,AAPL270219C00115000,AAPL,2027-02-19,C,115.0,217.8,86.0,221.35,10.0,0.0,54.0,0.0,0.999,0.0,0.0099,0.0,0.4564,219.7542,0.0,0.0,0.0,0.0,down,178.38,2026-06-10T10:17:21,0.0,212.599998474121,332.685,2026-09-11 19:44:22,2026-09-11 15:45:04
AAPL,AAPL270219C00120000,AAPL,2027-02-19,C,120.0,213.35,105.0,216.45,10.0,0.5985,40.0,0.0,0.9988,0.0,0.0114,0.0,0.4759,214.8556,0.0,0.0,0.0,0.0,down,185.94,2026-08-17T13:09:52,0.0,207.599998474121,332.685,2026-09-11 19:44:22,2026-09-11 15:45:04
AAPL,AAPL270219C00125000,AAPL,2027-02-19,C,125.0,208.45,108.0,211.7,7.0,0.6146,82.0,0.0,0.9985,0.0,0.0132,0.0,0.4954,209.958,0.0,0.0,0.0,0.0,up,204.36,2026-09-01T11:56:07,0.0,202.699996948242,332.685,2026-09-11 19:44:22,2026-09-11 15:45:04
AAPL,AAPL270219C00130000,AAPL,2027-02-19,C,130.0,203.55,109.0,206.65,7.0,0.5615,89.0,0.0,0.9982,0.0001,0.0153,0.0,0.5153,205.0619,0.0,0.0,0.0,0.0,up,199.32,2026-09-01T12:28:54,0.0,197.75,332.685,2026-09-11 19:44:22,2026-09-11 15:45:04
AAPL,AAPL270219C00135000,AAPL,2027-02-19,C,135.0,198.95,112.0,201.75,9.0,0.5973,50.0,0.0,0.9979,0.0001,0.0175,0.0,0.5347,200.1675,0.0,0.0,0.0,0.0,down,176.61,2026-06-05T15:21:12,0.0,192.849998474121,332.685,2026-09-11 19:44:22,2026-09-11 15:45:04
AAPL,AAPL270219C00140000,AAPL,2027-02-19,C,140.0,194.2,106.0,196.85,10.0,0.595,68.0,0.0,0.9974,0.0001,0.0202,0.0,0.5547,195.2748,0.0,0.0,0.0,0.0,down,187.73,2026-09-02T09:51:34,0.0,188.125,332.685,2026-09-11 19:44:22,2026-09-11 15:45:04
AAPL,AAPL270219C00145000,AAPL,2027-02-19,C,145.0,189.7,86.0,192.0,10.0,0.615,71.0,0.0,0.997,0.0001,0.0231,0.0,0.5821,190.3846,0.0,0.0,0.0,0.0,up,173.08,2026-08-31T11:52:49,0.0,183.400001525879,332.685,2026-09-11 19:44:22,2026-09-11 15:45:04
AAPL,AAPL270219C00150000,AAPL,2027-02-19,C,150.0,184.4,106.0,187.1,10.0,0.5585,71.0,0.0,0.9964,0.0001,0.0266,0.0,0.6468,185.5009,0.0,0.0,0.0,0.0,up,177.79,2026-09-01T11:27:13,0.0,178.224998474121,332.685,2026-09-11 19:44:22,2026-09-11 15:45:04
AAPL,AAPL270219C00155000,AAPL,2027-02-19,C,155.0,179.45,91.0,182.25,10.0,0.5374,49.0,0.0,0.9958,0.0001,0.0304,0.0,0.6675,180.6246,0.0,0.0,0.0,0.0,up,173.14,2026-09-01T11:31:03,0.0,173.524993896484,332.685,2026-09-11 19:44:22,2026-09-11 15:45:04
AAPL,AAPL270219C00160000,AAPL,2027-02-19,C,160.0,174.8,113.0,177.35,10.0,0.538,57.0,0.0,0.995,0.0001,0.0348,0.0,0.6881,175.7517,0.0,0.0,0.0,0.0,up,169.25,2026-09-01T12:14:24,0.0,168.675003051758,332.685,2026-09-11 19:44:22,2026-09-11 15:45:04
AAPL,AAPL270219C00165000,AAPL,2027-02-19,C,165.0,169.5,385.0,172.5,14.0,0.4876,572.0,0.0,0.9942,0.0002,0.0398,0.0,0.7084,170.8827,0.0,0.0,0.0,0.0,up,153.48,2026-08-19T14:39:19,0.0,163.925003051758,332.685,2026-09-11 19:44:22,2026-09-11 15:45:04
AAPL,AAPL270219C00170000,AAPL,2027-02-19,C,170.0,164.25,105.0,167.7,10.0,0.4406,41.0,0.0,0.9932,0.0002,0.0454,0.0,0.7285,166.0185,0.0,0.0,0.0,0.0,up,146.7,2026-08-24T10:56:01,0.0,158.850006103516,332.685,2026-09-11 19:44:22,2026-09-11 15:45:04
AAPL,AAPL270219C00175000,AAPL,2027-02-19,C,175.0,160.4,86.0,162.75,10.0,0.5037,80.0,0.0,0.992,0.0002,0.0518,0.0,0.7484,161.1596,0.0,0.0,0.0,0.0,up,141.89,2026-09-09T11:50:31,0.0,153.974998474121,332.685,2026-09-11 19:44:22,2026-09-11 15:45:04
AAPL,AAPL270219C00180000,AAPL,2027-02-19,C,180.0,155.15,106.0,157.9,10.0,0.4664,25.0,0.0,0.9906,0.0003,0.059,-0.0002,0.768,156.3067,0.0,0.0,0.0,0.0,no_change,151.0,2026-09-03T15:17:06,0.0,149.225006103516,332.685,2026-09-11 19:44:22,2026-09-11 15:45:04
AAPL,AAPL270219C00185000,AAPL,2027-02-19,C,185.0,150.5,106.0,153.05,11.0,0.4653,21.0,0.0,0.9891,0.0003,0.0672,-0.0013,0.7872,151.461,0.0,0.0,0.0,0.0,up,150.35,2026-07-17T12:15:04,0.0,144.275001525879,332.685,2026-09-11 19:44:22,2026-09-11 15:45:04
AAPL,AAPL270219C00190000,AAPL,2027-02-19,C,190.0,145.45,108.0,148.25,10.0,0.4442,48.0,0.0,0.9873,0.0004,0.0763,-0.0025,0.8061,146.6234,0.0,0.0,0.0,0.0,down,128.22,2026-09-09T13:03:30,0.0,139.599998474121,332.685,2026-09-11 19:44:22,2026-09-11 15:45:04
AAPL,AAPL270219C00195000,AAPL,2027-02-19,C,195.0,140.2,111.0,143.1,20.0,0.3894,9.0,0.0,0.9852,0.0004,0.0865,-0.0038,0.8245,141.7952,0.0,0.0,0.0,0.0,down,134.9,2026-07-22T12:53:51,0.0,134.674995422363,332.685,2026-09-11 19:44:22,2026-09-11 15:45:04
AAPL,AAPL270219C00200000,AAPL,2027-02-19,C,200.0,136.0,293.0,138.75,26.0,0.4373,467.0,0.0,0.9829,0.0005,0.0981,-0.0052,0.8424,136.9776,0.0,0.0,0.0,0.0,up,128.98,2026-09-10T12:44:47,0.0,130.050003051758,332.685,2026-09-11 19:44:22,2026-09-11 15:45:04
AAPL,AAPL270219C00210000,AAPL,2027-02-19,C,210.0,125.85,143.0,128.7,36.0,0.3772,42.0,0.0,0.977,0.0006,0.1249,-0.0083,0.8765,127.3812,0.0,0.0,0.0,0.0,up,121.95,2026-09-03T15:00:58,0.0,120.400001525879,332.685,2026-09-11 19:44:22,2026-09-11 15:45:04
AAPL,AAPL270219C00220000,AAPL,2027-02-19,C,220.0,116.9,388.0,119.15,322.0,0.3836,198.0,16.0,0.9694,0.0008,0.1581,-0.012,0.9076,117.8499,8.725,117.24,119.6,117.24,no_change,119.6,2026-09-11T12:20:10,7.86922,110.875,332.685,2026-09-11 19:44:22,2026-09-11 15:45:04
AAPL,AAPL270219C00230000,AAPL,2027-02-19,C,230.0,107.6,397.0,109.45,274.0,0.3656,182.0,2.0,0.9594,0.0011,0.1983,-0.0162,0.935,108.4044,8.6,107.73,109.8,107.73,up,109.8,2026-09-11T10:27:11,8.49802,101.200000762939,332.685,2026-09-11 19:44:22,2026-09-11 15:45:04
AAPL,AAPL270219C00240000,AAPL,2027-02-19,C,240.0,98.3,346.0,100.35,232.0,0.3574,108.0,0.0,0.9465,0.0014,0.2461,-0.021,0.9576,99.0728,0.0,0.0,0.0,0.0,up,88.1,2026-08-28T12:53:50,0.0,91.9749984741211,332.685,2026-09-11 19:44:22,2026-09-11 15:45:04
AAPL,AAPL270219C00250000,AAPL,2027-02-19,C,250.0,89.2,357.0,91.15,384.0,0.3452,558.0,13.0,0.93,0.0018,0.3027,-0.0265,0.974,89.8906,7.795,92.53,92.53,90.67,down,90.67,2026-09-11T13:42:16,9.40573,82.875,332.685,2026-09-11 19:44:22,2026-09-11 15:45:04
AAPL,AAPL270219C00260000,AAPL,2027-02-19,C,260.0,80.3,260.0,82.2,380.0,0.3348,563.0,89.0,0.9091,0.0023,0.3679,-0.0325,0.983,80.9026,8.65,81.65,84.15,81.65,down,82.6,2026-09-11T11:49:08,11.6971,73.9500007629394,332.685,2026-09-11 19:44:22,2026-09-11 15:45:04
AAPL,AAPL270219C00270000,AAPL,2027-02-19,C,270.0,71.05,448.0,73.45,365.0,0.3178,287.0,4.0,0.8829,0.0028,0.4405,-0.039,0.9833,72.1636,7.225,71.6,75.0,71.6,down,72.85,2026-09-11T12:55:09,11.0095,65.625,332.685,2026-09-11 19:44:22,2026-09-11 15:45:04
AAPL,AAPL270219C00280000,AAPL,2027-02-19,C,280.0,63.3,219.0,64.0,69.0,0.3054,836.0,3.0,0.8507,0.0034,0.5187,-0.0458,0.9734,63.7365,7.6,60.74,65.05,60.74,up,65.05,2026-09-11T12:19:18,13.2289,57.4500007629394,332.685,2026-09-11 19:44:22,2026-09-11 15:45:04
AAPL,AAPL270219C00290000,AAPL,2027-02-19,C,290.0,55.1,318.0,56.5,336.0,0.3011,1940.0,59.0,0.8121,0.0041,0.5998,-0.0526,0.9521,55.6906,7.58,52.15,58.5,52.15,down,57.23,2026-09-11T11:50:37,15.2669,49.6499996185303,332.685,2026-09-11 19:44:22,2026-09-11 15:45:04
AAPL,AAPL270219C00300000,AAPL,2027-02-19,C,300.0,47.75,307.0,48.45,290.0,0.2922,1547.0,214.0,0.7668,0.0047,0.6793,-0.0591,0.9187,48.0984,5.275,44.15,50.57,44.15,down,48.05,2026-09-11T15:01:04,12.332,42.7750015258789,332.685,2026-09-11 19:44:22,2026-09-11 15:45:04
AAPL,AAPL270219C00310000,AAPL,2027-02-19,C,310.0,40.55,357.0,41.75,402.0,0.2875,1588.0,32.0,0.7151,0.0054,0.7521,-0.0648,0.8734,41.0313,5.25,40.0,43.38,39.94,up,41.2,2026-09-11T14:54:22,14.6036,35.9500007629394,332.685,2026-09-11 19:44:22,2026-09-11 15:45:04
AAPL,AAPL270219C00320000,AAPL,2027-02-19,C,320.0,34.25,471.0,35.1,548.0,0.282,3179.0,360.0,0.6578,0.0059,0.8125,-0.0692,0.8172,34.5543,4.475,35.0,36.6,33.2,up,34.6,2026-09-11T15:04:02,14.8548,30.125,332.685,2026-09-11 19:44:22,2026-09-11 15:45:04
AAPL,AAPL270219C00330000,AAPL,2027-02-19,C,330.0,28.4,579.0,28.95,247.0,0.2752,4948.0,150.0,0.5961,0.0063,0.8557,-0.0721,0.7517,28.7199,4.0,25.7,30.68,25.0,up,28.7,2026-09-11T15:27:35,16.1943,24.6999998092651,332.685,2026-09-11 19:44:22,2026-09-11 15:45:04
AAPL,AAPL270219C00340000,AAPL,2027-02-19,C,340.0,23.35,527.0,23.7,233.0,0.2714,4195.0,239.0,0.5318,0.0066,0.8781,-0.0732,0.6794,23.5622,3.625,22.0,25.52,22.0,no_change,23.65,2026-09-11T15:18:09,18.1024,20.0250005722046,332.685,2026-09-11 19:44:22,2026-09-11 15:45:04
AAPL,AAPL270219C00350000,AAPL,2027-02-19,C,350.0,18.9,518.0,19.15,186.0,0.2678,4000.0,217.0,0.467,0.0067,0.8781,-0.0725,0.6033,19.0913,2.995,17.46,20.84,17.46,down,19.02,2026-09-11T15:26:59,18.6896,16.0249996185303,332.685,2026-09-11 19:44:22,2026-09-11 15:45:04
AAPL,AAPL270219C00360000,AAPL,2027-02-19,C,360.0,15.1,558.0,15.4,508.0,0.2655,2699.0,457.0,0.4037,0.0066,0.8561,-0.07,0.5265,15.2913,2.65,14.15,16.7,14.15,up,15.4,2026-09-11T15:15:08,20.7843,12.75,332.685,2026-09-11 19:44:22,2026-09-11 15:45:04
AAPL,AAPL270219C00370000,AAPL,2027-02-19,C,370.0,11.95,553.0,12.2,424.0,0.2635,4619.0,253.0,0.3438,0.0063,0.8147,-0.0661,0.452,12.1219,2.025,12.5,13.3,11.78,down,12.05,2026-09-11T15:28:36,20.1995,10.0249996185303,332.685,2026-09-11 19:44:22,2026-09-11 15:45:04
AAPL,AAPL270219C00380000,AAPL,2027-02-19,C,380.0,9.4,362.0,9.65,583.0,0.2631,2903.0,131.0,0.2886,0.0059,0.7575,-0.061,0.3816,9.508,1.775,8.85,10.55,8.85,no_change,9.6,2026-09-11T15:04:53,22.6837,7.82499980926514,332.685,2026-09-11 19:44:22,2026-09-11 15:45:04
AAPL,AAPL270219C00390000,AAPL,2027-02-19,C,390.0,7.35,171.0,7.55,577.0,0.2624,1360.0,477.0,0.2398,0.0053,0.6908,-0.0553,0.3185,7.4252,1.35,7.35,8.27,7.23,up,7.45,2026-09-11T15:20:01,22.1311,6.09999990463257,332.685,2026-09-11 19:44:22,2026-09-11 15:45:04
AAPL,AAPL270219C00400000,AAPL,2027-02-19,C,400.0,5.65,518.0,5.8,69.0,0.2613,2298.0,5337.0,0.1968,0.0048,0.6184,-0.0492,0.2624,5.7525,1.03,5.0,6.5,5.0,down,5.73,2026-09-11T15:28:36,21.9149,4.70000004768372,332.685,2026-09-11 19:44:22,2026-09-11 15:45:04
AAPL,AAPL270219C00410000,AAPL,2027-02-19,C,410.0,4.3,501.0,4.55,488.0,0.2616,1530.0,153.0,0.1601,0.0042,0.545,-0.0431,0.2142,4.4338,0.875,4.5,5.0,4.35,down,4.5,2026-09-11T14:53:22,24.1379,3.625,332.685,2026-09-11 19:44:22,2026-09-11 15:45:04
AAPL,AAPL270219C00420000,AAPL,2027-02-19,C,420.0,3.3,414.0,3.55,529.0,0.2626,1094.0,202.0,0.1291,0.0036,0.4734,-0.0372,0.1734,3.4039,0.51,3.8,3.8,3.3,down,3.3,2026-09-11T14:22:33,18.2796,2.79000008106232,332.685,2026-09-11 19:44:22,2026-09-11 15:45:04
AAPL,AAPL270219C00430000,AAPL,2027-02-19,C,430.0,2.5,436.0,2.7,456.0,0.2627,322.0,121.0,0.1033,0.0031,0.4054,-0.0318,0.1389,2.6004,0.48,2.54,2.96,2.54,down,2.62,2026-09-11T14:32:34,22.4299,2.13999998569489,332.685,2026-09-11 19:44:22,2026-09-11 15:45:04
AAPL,AAPL270219C00440000,AAPL,2027-02-19,C,440.0,1.88,540.0,2.07,413.0,0.2632,384.0,99.0,0.0824,0.0026,0.3443,-0.0269,0.1107,1.9863,0.485,1.95,2.32,1.95,no_change,2.13,2026-09-11T12:01:52,29.4833,1.64499998092651,332.685,2026-09-11 19:44:22,2026-09-11 15:45:04
AAPL,AAPL270219C00450000,AAPL,2027-02-19,C,450.0,1.48,517.0,1.56,260.0,0.2647,517.0,48.0,0.0654,0.0022,0.2901,-0.0225,0.0881,1.5157,0.275,1.36,1.72,1.36,up,1.54,2026-09-11T15:06:45,21.7391,1.26499998569489,332.685,2026-09-11 19:44:22,2026-09-11 15:45:04
AAPL,AAPL270219C00460000,AAPL,2027-02-19,C,460.0,1.09,495.0,1.22,342.0,0.2655,519.0,9.0,0.0518,0.0018,0.2427,-0.0188,0.0699,1.1593,0.24,1.11,1.23,1.11,down,1.21,2026-09-11T13:05:08,24.7423,0.969999969005585,332.685,2026-09-11 19:44:22,2026-09-11 15:45:04
AAPL,AAPL270219C00470000,AAPL,2027-02-19,C,470.0,0.8,445.0,0.94,326.0,0.2663,409.0,109.0,0.0408,0.0015,0.2014,-0.0155,0.055,0.8827,0.17,0.88,0.91,0.84,no_change,0.9,2026-09-11T10:23:56,23.2877,0.729999989271164,332.685,2026-09-11 19:44:22,2026-09-11 15:45:04
AAPL,AAPL270219C00480000,AAPL,2027-02-19,C,480.0,0.64,199.0,0.75,290.0,0.2695,51.0,10.0,0.0323,0.0012,0.1672,-0.0129,0.0436,0.6776,0.18,0.68,0.72,0.67,up,0.72,2026-09-11T10:36:01,33.3333,0.540000006556511,332.685,2026-09-11 19:44:22,2026-09-11 15:45:04
AAPL,AAPL270219C00490000,AAPL,2027-02-19,C,490.0,0.48,235.0,0.6,405.0,0.2715,134.0,12.0,0.0256,0.001,0.1381,-0.0106,0.0344,0.521,0.125,0.54,0.54,0.52,up,0.54,2026-09-11T13:21:14,30.1205,0.415000006556511,332.685,2026-09-11 19:44:22,2026-09-11 15:45:04
AAPL,AAPL270219C00500000,AAPL,2027-02-19,C,500.0,0.34,487.0,0.43,278.0,0.2703,2711.0,9.0,0.0202,0.0008,0.1136,-0.0087,0.0271,0.3999,0.065,0.42,0.45,0.4,down,0.4,2026-09-11T14:08:50,19.403,0.334999993443489,332.685,2026-09-11 19:44:22,2026-09-11 15:45:04
AAPL,AAPL270219C00510000,AAPL,2027-02-19,C,510.0,0.24,345.0,0.37,296.0,0.273,55.0,0.0,0.016,0.0007,0.0938,-0.0072,0.0215,0.3109,0.0,0.0,0.0,0.0,no_change,0.24,2026-09-10T11:09:21,0.0,0.240000009536743,332.685,2026-09-11 19:44:22,2026-09-11 15:45:04
AAPL,AAPL270219C00520000,AAPL,2027-02-19,C,520.0,0.16,235.0,0.3,184.0,0.2739,745.0,0.0,0.0128,0.0005,0.0776,-0.0059,0.0172,0.2425,0.0,0.0,0.0,0.0,down,0.21,2026-09-01T10:28:58,0.0,0.184999998658896,332.685,2026-09-11 19:44:22,2026-09-11 15:45:04
AAPL,AAPL270219C00530000,AAPL,2027-02-19,C,530.0,0.12,165.0,0.24,165.0,0.276,154.0,0.0,0.0102,0.0004,0.0642,-0.0049,0.0137,0.1909,0.0,0.0,0.0,0.0,up,0.16,2026-09-09T15:21:44,0.0,0.144999995827675,332.685,2026-09-11 19:44:22,2026-09-11 15:45:04
AAPL,AAPL270219C00540000,AAPL,2027-02-19,C,540.0,0.09,153.0,0.2,153.0,0.2788,23.0,0.0,0.0083,0.0004,0.0537,-0.0041,0.0111,0.1523,0.0,0.0,0.0,0.0,down,0.1,2026-09-02T10:46:01,0.0,0.115000003948808,332.685,2026-09-11 19:44:22,2026-09-11 15:45:04
AAPL,AAPL270219C00550000,AAPL,2027-02-19,C,550.0,0.04,241.0,0.16,137.0,0.2769,47.0,0.0,0.0068,0.0003,0.0449,-0.0034,0.009,0.1221,0.0,0.0,0.0,0.0,down,0.08,2026-09-09T09:58:10,0.0,0.100000003352761,332.685,2026-09-11 19:44:22,2026-09-11 15:45:04
AAPL,AAPL270219C00560000,AAPL,2027-02-19,C,560.0,0.02,240.0,0.14,134.0,0.2794,13.0,0.0,0.0055,0.0002,0.0378,-0.0029,0.0074,0.0988,0.0,0.0,0.0,0.0,down,0.01,2026-09-04T10:25:22,0.0,0.0750000001862645,332.685,2026-09-11 19:44:22,2026-09-11 15:45:04
AAPL,AAPL270219C00570000,AAPL,2027-02-19,C,570.0,0.01,217.0,0.13,161.0,0.2843,14.0,0.0,0.0046,0.0002,0.032,-0.0025,0.0061,0.0808,0.0,0.0,0.0,0.0,up,0.11,2026-09-02T13:24:09,0.0,0.0699999975040555,332.685,2026-09-11 19:44:22,2026-09-11 15:45:04
AAPL,AAPL270219C00580000,AAPL,2027-02-19,C,580.0,0.01,136.0,0.12,117.0,0.2906,45.0,0.0,0.0038,0.0002,0.0272,-0.0021,0.0051,0.0668,0.0,0.0,0.0,0.0,down,0.06,2026-09-09T15:20:09,0.0,0.0649999985471368,332.685,2026-09-11 19:44:22,2026-09-11 15:45:04
AAPL,AAPL270219C00590000,AAPL,2027-02-19,C,590.0,0.01,18.0,0.13,35.0,0.3008,15.0,0.0,0.0032,0.0001,0.0234,-0.0018,0.0043,0.0558,0.0,0.0,0.0,0.0,down,0.06,2026-09-09T15:21:55,0.0,0.0649999985471368,332.685,2026-09-11 19:44:22,2026-09-11 15:45:04
AAPL,AAPL270219C00600000,AAPL,2027-02-19,C,600.0,0.04,10.0,0.08,3.0,0.3044,6025.0,0.0,0.0027,0.0001,0.0202,-0.0016,0.0036,0.047,0.0,0.0,0.0,0.0,up,0.05,2026-09-10T09:30:05,0.0,0.0599999986588955,332.685,2026-09-11 19:44:22,2026-09-11 15:45:04
AAPL,AAPL270219P00005000,AAPL,2027-02-19,P,5.0,0.0,0.0,0.01,9500.0,1.9243,4.0,0.0,0.0,0.0,0.0,0.0,0.0,0.0002,0.0,0.0,0.0,0.0,no_change,0.01,2026-06-18T13:32:14,0.0,0.00499999988824129,332.685,2026-09-11 19:44:22,2026-09-11 15:45:04
AAPL,AAPL270219P00010000,AAPL,2027-02-19,P,10.0,0.0,0.0,0.01,9500.0,1.5824,0.0,0.0,0.0,0.0,0.0001,0.0,0.0,0.0004,0.0,0.0,0.0,0.0,no_change,0.0,,0.0,0.00499999988824129,332.685,2026-09-11 19:44:22,2026-09-11 15:45:04
AAPL,AAPL270219P00015000,AAPL,2027-02-19,P,15.0,0.0,0.0,0.01,9500.0,1.3898,9500.0,0.0,0.0,0.0,0.0001,0.0,0.0,0.0007,0.0,0.0,0.0,0.0,down,0.01,2026-09-09T12:22:07,0.0,0.00499999988824129,332.685,2026-09-11 19:44:22,2026-09-11 15:45:04
AAPL,AAPL270219P00020000,AAPL,2027-02-19,P,20.0,0.0,0.0,0.27,582.0,1.6778,0.0,0.0,0.0,0.0,0.0002,-0.0001,0.0,0.0011,0.0,0.0,0.0,0.0,no_change,0.0,,0.0,0.230000004172325,332.685,2026-09-11 19:44:22,2026-09-11 15:45:04
AAPL,AAPL270219P00025000,AAPL,2027-02-19,P,25.0,0.0,0.0,0.27,573.0,1.537,0.0,0.0,0.0,0.0,0.0003,-0.0001,0.0,0.0016,0.0,0.0,0.0,0.0,no_change,0.0,,0.0,0.224999994039536,332.685,2026-09-11 19:44:22,2026-09-11 15:45:04
AAPL,AAPL270219P00030000,AAPL,2027-02-19,P,30.0,0.0,0.0,0.27,582.0,1.4243,0.0,0.0,0.0,0.0,0.0004,-0.0001,-0.0001,0.0022,0.0,0.0,0.0,0.0,no_change,0.0,,0.0,0.230000004172325,332.685,2026-09-11 19:44:22,2026-09-11 15:45:04
AAPL,AAPL270219P00035000,AAPL,2027-02-19,P,35.0,0.0,0.0,0.27,575.0,1.3304,0.0,0.0,-0.0001,0.0,0.0005,-0.0001,-0.0001,0.003,0.0,0.0,0.0,0.0,no_change,0.0,,0.0,0.230000004172325,332.685,2026-09-11 19:44:22,2026-09-11 15:45:04
AAPL,AAPL270219P00040000,AAPL,2027-02-19,P,40.0,0.0,0.0,0.27,580.0,1.25,0.0,0.0,-0.0001,0.0,0.0007,-0.0002,-0.0001,0.0038,0.0,0.0,0.0,0.0,no_change,0.0,,0.0,0.230000004172325,332.685,2026-09-11 19:44:22,2026-09-11 15:45:04
AAPL,AAPL270219P00045000,AAPL,2027-02-19,P,45.0,0.0,0.0,0.27,578.0,1.1798,0.0,0.0,-0.0001,0.0,0.0009,-0.0002,-0.0001,0.0048,0.0,0.0,0.0,0.0,no_change,0.0,,0.0,0.224999994039536,332.685,2026-09-11 19:44:22,2026-09-11 15:45:04
AAPL,AAPL270219P00050000,AAPL,2027-02-19,P,50.0,0.0,0.0,0.25,455.0,1.1083,248.0,0.0,-0.0001,0.0,0.0011,-0.0003,-0.0002,0.006,0.0,0.0,0.0,0.0,down,0.01,2026-09-03T14:41:32,0.0,0.115000002086163,332.685,2026-09-11 19:44:22,2026-09-11 15:45:04
AAPL,AAPL270219P00055000,AAPL,2027-02-19,P,55.0,0.0,0.0,0.27,585.0,1.0615,0.0,0.0,-0.0002,0.0,0.0013,-0.0003,-0.0002,0.0074,0.0,0.0,0.0,0.0,no_change,0.0,,0.0,0.224999994039536,332.685,2026-09-11 19:44:22,2026-09-11 15:45:04
AAPL,AAPL270219P00060000,AAPL,2027-02-19,P,60.0,0.01,1.0,0.04,111.0,0.8611,713.0,9.0,-0.0002,0.0,0.0016,-0.0004,-0.0003,0.009,-0.03,0.03,0.08,0.02,down,0.03,2026-09-11T13:15:18,-50.0,0.0599999995902181,332.685,2026-09-11 19:44:22,2026-09-11 15:45:04
AAPL,AAPL270219P00065000,AAPL,2027-02-19,P,65.0,0.0,0.0,0.27,577.0,0.9644,5.0,0.0,-0.0002,0.0,0.002,-0.0004,-0.0004,0.0108,0.0,0.0,0.0,0.0,down,0.03,2026-07-08T09:30:05,0.0,0.140000000596046,332.685,2026-09-11 19:44:22,2026-09-11 15:45:04
AAPL,AAPL270219P00070000,AAPL,2027-02-19,P,70.0,0.0,0.0,0.28,581.0,0.9253,0.0,0.0,-0.0003,0.0,0.0024,-0.0005,-0.0005,0.0129,0.0,0.0,0.0,0.0,no_change,0.0,,0.0,0.129999995231628,332.685,2026-09-11 19:44:22,2026-09-11 15:45:04
AAPL,AAPL270219P00075000,AAPL,2027-02-19,P,75.0,0.0,0.0,0.27,578.0,0.8821,0.0,0.0,-0.0004,0.0,0.0029,-0.0006,-0.0006,0.0152,0.0,0.0,0.0,0.0,no_change,0.0,,0.0,0.129999995231628,332.685,2026-09-11 19:44:22,2026-09-11 15:45:04
AAPL,AAPL270219P00080000,AAPL,2027-02-19,P,80.0,0.01,2.0,0.07,56.0,0.7497,43.0,0.0,-0.0004,0.0,0.0034,-0.0007,-0.0007,0.0179,0.0,0.0,0.0,0.0,down,0.02,2026-09-10T14:14:27,0.0,0.13499999511987,332.685,2026-09-11 19:44:22,2026-09-11 15:45:04
AAPL,AAPL270219P00085000,AAPL,2027-02-19,P,85.0,0.0,0.0,0.28,608.0,0.8138,21.0,0.0,-0.0005,0.0,0.0041,-0.0008,-0.0008,0.021,0.0,0.0,0.0,0.0,down,0.1,2026-07-09T15:58:13,0.0,0.140000000596046,332.685,2026-09-11 19:44:22,2026-09-11 15:45:04
AAPL,AAPL270219P00090000,AAPL,2027-02-19,P,90.0,0.0,0.0,0.28,588.0,0.7811,6.0,0.0,-0.0006,0.0,0.0048,-0.0009,-0.0009,0.0246,0.0,0.0,0.0,0.0,down,0.08,2026-08-28T11:18:09,0.0,0.144999995827675,332.685,2026-09-11 19:44:22,2026-09-11 15:45:04
AAPL,AAPL270219P00095000,AAPL,2027-02-19,P,95.0,0.0,0.0,0.33,662.0,0.7641,4.0,0.0,-0.0007,0.0,0.0056,-0.001,-0.0011,0.0286,0.0,0.0,0.0,0.0,down,0.05,2026-09-08T09:57:17,0.0,0.159999996423721,332.685,2026-09-11 19:44:22,2026-09-11 15:45:04
AAPL,AAPL270219P00100000,AAPL,2027-02-19,P,100.0,0.01,49.0,0.12,424.0,0.6662,4.0,10.0,-0.0008,0.0,0.0065,-0.0012,-0.0013,0.0332,-0.015,0.07,0.07,0.03,no_change,0.03,2026-09-11T11:33:03,-33.3333,0.0449999989941716,332.685,2026-09-11 19:44:22,2026-09-11 15:45:04
AAPL,AAPL270219P00105000,AAPL,2027-02-19,P,105.0,0.01,79.0,0.1,396.0,0.6301,9.0,4.0,-0.001,0.0,0.0076,-0.0013,-0.0015,0.0385,-0.02,0.07,0.12,0.03,down,0.04,2026-09-11T12:18:42,-33.3333,0.0599999995902181,332.685,2026-09-11 19:44:22,2026-09-11 15:45:04
AAPL,AAPL270219P00110000,AAPL,2027-02-19,P,110.0,0.02,32.0,0.09,368.0,0.6062,12.0,6.0,-0.0012,0.0,0.0087,-0.0015,-0.0018,0.0445,-0.055,0.09,0.09,0.04,down,0.04,2026-09-11T13:18:28,-57.8947,0.09500000346452,332.685,2026-09-11 19:44:22,2026-09-11 15:45:04
AAPL,AAPL270219P00115000,AAPL,2027-02-19,P,115.0,0.02,90.0,0.08,60.0,0.5779,30.0,10.0,-0.0014,0.0,0.0101,-0.0017,-0.0021,0.0514,-0.015,0.09,0.12,0.04,down,0.04,2026-09-11T14:41:58,-27.2727,0.0550000015646219,332.685,2026-09-11 19:44:22,2026-09-11 15:45:04
AAPL,AAPL270219P00120000,AAPL,2027-02-19,P,120.0,0.01,66.0,0.11,173.0,0.5659,26.0,0.0,-0.0016,0.0,0.0116,-0.0019,-0.0024,0.0593,0.0,0.0,0.0,0.0,up,0.08,2026-09-08T09:59:00,0.0,0.0649999985471368,332.685,2026-09-11 19:44:22,2026-09-11 15:45:04
AAPL,AAPL270219P00125000,AAPL,2027-02-19,P,125.0,0.01,18.0,0.12,35.0,0.5489,27.0,0.0,-0.0018,0.0,0.0134,-0.0021,-0.0028,0.0683,0.0,0.0,0.0,0.0,down,0.08,2026-09-03T10:26:00,0.0,0.0699999984353781,332.685,2026-09-11 19:44:22,2026-09-11 15:45:04
AAPL,AAPL270219P00130000,AAPL,2027-02-19,P,130.0,0.01,18.0,0.13,35.0,0.5322,23.0,0.0,-0.0022,0.0001,0.0154,-0.0024,-0.0033,0.0788,0.0,0.0,0.0,0.0,down,0.08,2026-09-03T10:25:52,0.0,0.0749999973922968,332.685,2026-09-11 19:44:22,2026-09-11 15:45:04
AAPL,AAPL270219P00135000,AAPL,2027-02-19,P,135.0,0.01,18.0,0.14,35.0,0.5158,30.0,0.0,-0.0025,0.0001,0.0177,-0.0027,-0.0038,0.0908,0.0,0.0,0.0,0.0,no_change,0.12,2026-09-08T09:59:06,0.0,0.0850000027567148,332.685,2026-09-11 19:44:22,2026-09-11 15:45:04
AAPL,AAPL270219P00140000,AAPL,2027-02-19,P,140.0,0.02,124.0,0.15,290.0,0.5029,193.0,0.0,-0.0029,0.0001,0.0203,-0.003,-0.0045,0.1046,0.0,0.0,0.0,0.0,no_change,0.13,2026-09-10T14:56:34,0.0,0.0999999977648258,332.685,2026-09-11 19:44:22,2026-09-11 15:45:04
AAPL,AAPL270219P00145000,AAPL,2027-02-19,P,145.0,0.04,16.0,0.17,35.0,0.495,47.0,0.0,-0.0034,0.0001,0.0234,-0.0034,-0.0052,0.1207,0.0,0.0,0.0,0.0,no_change,0.26,2026-08-03T15:13:37,0.0,0.110000003129244,332.685,2026-09-11 19:44:22,2026-09-11 15:45:04
AAPL,AAPL270219P00150000,AAPL,2027-02-19,P,150.0,0.06,134.0,0.19,273.0,0.4856,34.0,0.0,-0.004,0.0001,0.0267,-0.0038,-0.0061,0.1393,0.0,0.0,0.0,0.0,down,0.16,2026-09-01T10:25:43,0.0,0.135000001639128,332.685,2026-09-11 19:44:22,2026-09-11 15:45:04
AAPL,AAPL270219P00155000,AAPL,2027-02-19,P,155.0,0.1,158.0,0.21,185.0,0.4788,46.0,0.0,-0.0046,0.0001,0.0305,-0.0042,-0.007,0.1609,0.0,0.0,0.0,0.0,down,0.2,2026-08-12T09:58:46,0.0,0.165000002831221,332.685,2026-09-11 19:44:22,2026-09-11 15:45:04
AAPL,AAPL270219P00160000,AAPL,2027-02-19,P,160.0,0.11,344.0,0.24,319.0,0.4673,39.0,0.0,-0.0054,0.0001,0.035,-0.0047,-0.0082,0.1858,0.0,0.0,0.0,0.0,down,0.18,2026-09-10T11:00:58,0.0,0.190000005066395,332.685,2026-09-11 19:44:22,2026-09-11 15:45:04
AAPL,AAPL270219P00165000,AAPL,2027-02-19,P,165.0,0.14,475.0,0.28,466.0,0.4596,179.0,1.0,-0.0062,0.0002,0.0401,-0.0053,-0.0095,0.2149,-0.02,0.2,0.2,0.2,down,0.2,2026-09-11T15:01:17,-9.09091,0.220000006258488,332.685,2026-09-11 19:44:22,2026-09-11 15:45:04
AAPL,AAPL270219P00170000,AAPL,2027-02-19,P,170.0,0.17,421.0,0.32,432.0,0.4506,58.0,0.0,-0.0072,0.0002,0.0456,-0.006,-0.0111,0.2487,0.0,0.0,0.0,0.0,up,0.36,2026-09-02T14:01:25,0.0,0.259999997913837,332.685,2026-09-11 19:44:22,2026-09-11 15:45:04
AAPL,AAPL270219P00175000,AAPL,2027-02-19,P,175.0,0.24,101.0,0.36,258.0,0.4448,207.0,0.0,-0.0084,0.0002,0.052,-0.0067,-0.0128,0.2877,0.0,0.0,0.0,0.0,no_change,0.3,2026-09-03T13:58:57,0.0,0.304999999701977,332.685,2026-09-11 19:44:22,2026-09-11 15:45:04
AAPL,AAPL270219P00180000,AAPL,2027-02-19,P,180.0,0.25,117.0,0.36,82.0,0.4284,72.0,0.0,-0.0098,0.0003,0.0596,-0.0075,-0.0149,0.3331,0.0,0.0,0.0,0.0,down,0.28,2026-09-04T10:28:09,0.0,0.385000005364418,332.685,2026-09-11 19:44:22,2026-09-11 15:45:04
AAPL,AAPL270219P00185000,AAPL,2027-02-19,P,185.0,0.3,191.0,0.41,40.0,0.4202,118.0,0.0,-0.0114,0.0003,0.0676,-0.0084,-0.0173,0.3856,0.0,0.0,0.0,0.0,no_change,0.49,2026-09-09T12:40:49,0.0,0.384999990463257,332.685,2026-09-11 19:44:22,2026-09-11 15:45:04
AAPL,AAPL270219P00190000,AAPL,2027-02-19,P,190.0,0.41,157.0,0.53,224.0,0.4201,340.0,0.0,-0.0132,0.0004,0.0766,-0.0094,-0.02,0.4462,0.0,0.0,0.0,0.0,up,0.61,2026-09-09T12:40:49,0.0,0.474999994039536,332.685,2026-09-11 19:44:22,2026-09-11 15:45:04
AAPL,AAPL270219P00195000,AAPL,2027-02-19,P,195.0,0.49,310.0,0.55,53.0,0.4094,103.0,0.0,-0.0152,0.0004,0.0872,-0.0104,-0.0232,0.5162,0.0,0.0,0.0,0.0,up,0.73,2026-09-09T14:14:19,0.0,0.560000002384186,332.685,2026-09-11 19:44:22,2026-09-11 15:45:04
AAPL,AAPL270219P00200000,AAPL,2027-02-19,P,200.0,0.58,233.0,0.67,492.0,0.4039,409.0,17.0,-0.0177,0.0005,0.099,-0.0116,-0.0269,0.5984,-0.075,0.66,0.66,0.6,down,0.6,2026-09-11T10:05:53,-11.1111,0.675000011920929,332.685,2026-09-11 19:44:22,2026-09-11 15:45:04
AAPL,AAPL270219P00210000,AAPL,2027-02-19,P,210.0,0.78,365.0,0.84,68.0,0.3874,237.0,8.0,-0.0236,0.0006,0.126,-0.0144,-0.0357,0.7981,-0.1,0.81,0.82,0.8,up,0.82,2026-09-11T11:52:06,-10.8696,0.9200000166893,332.685,2026-09-11 19:44:22,2026-09-11 15:45:04
AAPL,AAPL270219P00220000,AAPL,2027-02-19,P,220.0,1.05,140.0,1.17,494.0,0.3754,436.0,6.0,-0.0313,0.0009,0.1589,-0.0176,-0.0471,1.0656,-0.19,1.05,1.05,1.03,down,1.03,2026-09-11T12:00:15,-15.5738,1.22000002861023,332.685,2026-09-11 19:44:22,2026-09-11 15:45:04
AAPL,AAPL270219P00230000,AAPL,2027-02-19,P,230.0,1.36,471.0,1.5,410.0,0.3597,1126.0,9.0,-0.0415,0.0011,0.2005,-0.0215,-0.0624,1.4229,-0.255,1.55,1.6,1.37,down,1.37,2026-09-11T10:40:48,-15.6923,1.625,332.685,2026-09-11 19:44:22,2026-09-11 15:45:04
AAPL,AAPL270219P00240000,AAPL,2027-02-19,P,240.0,1.86,339.0,1.95,420.0,0.3476,2675.0,14.0,-0.0546,0.0014,0.2491,-0.026,-0.0816,1.8936,-0.24,2.12,2.12,1.86,no_change,1.95,2026-09-11T15:22:23,-10.9589,2.19000005722046,332.685,2026-09-11 19:44:22,2026-09-11 15:45:04
AAPL,AAPL270219P00250000,AAPL,2027-02-19,P,250.0,2.48,363.0,2.56,317.0,0.3358,2364.0,486.0,-0.0715,0.0018,0.3058,-0.0311,-0.106,2.5177,-0.42,2.55,2.58,2.42,up,2.57,2026-09-11T15:10:19,-14.0468,2.99000000953674,332.685,2026-09-11 19:44:22,2026-09-11 15:45:04
AAPL,AAPL270219P00260000,AAPL,2027-02-19,P,260.0,3.3,281.0,3.4,349.0,0.3256,3260.0,15.0,-0.0928,0.0023,0.3712,-0.0368,-0.1366,3.3388,-0.575,3.29,3.4,3.25,up,3.4,2026-09-11T15:22:23,-14.4654,3.97500014305115,332.685,2026-09-11 19:44:22,2026-09-11 15:45:04
AAPL,AAPL270219P00270000,AAPL,2027-02-19,P,270.0,4.35,442.0,4.5,462.0,0.3161,13009.0,259.0,-0.1196,0.0029,0.4454,-0.0431,-0.175,4.4112,-0.825,4.75,4.75,4.25,up,4.4,2026-09-11T15:06:26,-15.7895,5.22500014305115,332.685,2026-09-11 19:44:22,2026-09-11 15:45:04
AAPL,AAPL270219P00280000,AAPL,2027-02-19,P,280.0,5.75,438.0,5.9,457.0,0.3074,7280.0,132.0,-0.1526,0.0035,0.5254,-0.0498,-0.2206,5.8072,-1.025,6.3,6.3,5.55,up,5.9,2026-09-11T15:25:24,-14.8014,6.92499995231628,332.685,2026-09-11 19:44:22,2026-09-11 15:45:04
AAPL,AAPL270219P00290000,AAPL,2027-02-19,P,290.0,7.5,506.0,7.75,493.0,0.2996,7331.0,159.0,-0.1926,0.0042,0.607,-0.0566,-0.274,7.6014,-1.525,7.85,7.85,7.25,up,7.5,2026-09-11T14:40:58,-16.8975,9.02499961853027,332.685,2026-09-11 19:44:22,2026-09-11 15:45:04
AAPL,AAPL270219P00300000,AAPL,2027-02-19,P,300.0,9.8,466.0,10.0,543.0,0.2927,3698.0,87.0,-0.2396,0.0049,0.6868,-0.0631,-0.336,9.8627,-1.625,10.89,10.89,9.39,no_change,10.0,2026-09-11T15:22:23,-13.9785,11.625,332.685,2026-09-11 19:44:22,2026-09-11 15:45:04
AAPL,AAPL270219P00310000,AAPL,2027-02-19,P,310.0,12.6,456.0,12.85,622.0,0.2866,3052.0,17.0,-0.2936,0.0056,0.7577,-0.0689,-0.4009,12.6734,-2.3,13.76,13.76,12.08,up,12.55,2026-09-11T13:48:44,-15.4882,14.8499999046326,332.685,2026-09-11 19:44:22,2026-09-11 15:45:04
AAPL,AAPL270219P00320000,AAPL,2027-02-19,P,320.0,15.9,669.0,16.3,566.0,0.2806,1974.0,109.0,-0.3537,0.0062,0.8162,-0.0737,-0.4681,16.088,-2.815,18.05,18.07,15.3,no_change,15.96,2026-09-11T13:51:34,-14.9933,18.7750005722046,332.685,2026-09-11 19:44:22,2026-09-11 15:45:04
AAPL,AAPL270219P00330000,AAPL,2027-02-19,P,330.0,20.05,350.0,20.4,561.0,0.2761,774.0,129.0,-0.4192,0.0067,0.8556,-0.077,-0.5343,20.1955,-3.0,21.15,21.15,19.4,no_change,20.4,2026-09-11T15:24:20,-12.8205,23.4000005722046,332.685,2026-09-11 19:44:22,2026-09-11 15:45:04
AAPL,AAPL270219P00340000,AAPL,2027-02-19,P,340.0,24.8,361.0,25.2,294.0,0.2712,434.0,138.0,-0.4887,0.0071,0.8708,-0.0787,-0.5948,25.0501,-3.845,24.93,25.1,23.9,down,24.93,2026-09-11T14:34:05,-13.3623,28.7749996185303,332.685,2026-09-11 19:44:22,2026-09-11 15:45:04
AAPL,AAPL270219P00350000,AAPL,2027-02-19,P,350.0,30.2,552.0,30.9,464.0,0.268,369.0,10.0,-0.559,0.0073,0.8588,-0.0786,-0.6462,30.5988,-4.05,30.9,30.9,30.9,down,30.9,2026-09-11T09:36:04,-11.588,34.9500007629394,332.685,2026-09-11 19:44:22,2026-09-11 15:45:04
AAPL,AAPL270219P00360000,AAPL,2027-02-19,P,360.0,35.95,501.0,37.4,326.0,0.2631,123.0,5.0,-0.6292,0.0073,0.8181,-0.077,-0.6714,36.9068,-6.225,37.82,37.82,35.7,down,35.7,2026-09-11T11:05:01,-14.8479,41.9249992370606,332.685,2026-09-11 19:44:22,2026-09-11 15:45:04
AAPL,AAPL270219P00370000,AAPL,2027-02-19,P,370.0,42.9,191.0,44.5,175.0,0.2612,36.0,2.0,-0.6972,0.0072,0.7538,-0.0741,-0.6713,43.9174,-6.0,43.35,43.35,43.35,down,43.35,2026-09-11T10:45:41,-12.1581,49.3500003814697,332.685,2026-09-11 19:44:22,2026-09-11 15:45:04
AAPL,AAPL270219P00380000,AAPL,2027-02-19,P,380.0,50.45,185.0,52.4,356.0,0.2604,50.0,0.0,-0.7616,0.0069,0.6637,-0.0703,-0.6458,51.5824,0.0,0.0,0.0,0.0,up,56.3,2026-09-01T11:52:12,0.0,57.625,332.685,2026-09-11 19:44:22,2026-09-11 15:45:04
AAPL,AAPL270219P00390000,AAPL,2027-02-19,P,390.0,58.4,177.0,60.8,410.0,0.2576,1.0,0.0,-0.8214,0.0066,0.5536,-0.0657,-0.5749,59.8348,0.0,0.0,0.0,0.0,up,68.4,2026-09-10T09:38:31,0.0,66.2000007629394,332.685,2026-09-11 19:44:22,2026-09-11 15:45:04
AAPL,AAPL270219P00400000,AAPL,2027-02-19,P,400.0,67.4,147.0,69.05,105.0,0.2518,0.0,0.0,-0.8765,0.0062,0.4239,-0.062,-0.4674,68.6111,0.0,0.0,0.0,0.0,down,89.0,2026-05-28T11:56:29,0.0,75.0,332.685,2026-09-11 19:44:22,2026-09-11 15:45:04
AAPL,AAPL270219P00410000,AAPL,2027-02-19,P,410.0,76.5,51.0,78.3,48.0,0.238,0.0,0.0,-0.9253,0.0057,0.2825,-0.056,-0.3101,77.8353,0.0,0.0,0.0,0.0,no_change,78.32,2026-07-24T12:35:46,0.0,84.8249969482422,332.685,2026-09-11 19:44:22,2026-09-11 15:45:04
AAPL,AAPL270219P00420000,AAPL,2027-02-19,P,420.0,86.1,28.0,88.15,141.0,0.0,0.0,0.0,-0.9638,0.0042,0.1505,-0.0486,-0.1136,87.4357,0.0,0.0,0.0,0.0,no_change,0.0,,0.0,94.75,332.685,2026-09-11 19:44:22,2026-09-11 15:45:04
AAPL,AAPL270219P00430000,AAPL,2027-02-19,P,430.0,95.5,8.0,99.2,96.0,0.2714,0.0,0.0,-0.9879,0.0021,0.0574,-0.0211,-0.0514,97.3011,0.0,0.0,0.0,0.0,no_change,0.0,,0.0,104.549999237061,332.685,2026-09-11 19:44:22,2026-09-11 15:45:04
AAPL,AAPL270219P00440000,AAPL,2027-02-19,P,440.0,106.05,13.0,108.0,104.0,0.0,0.0,0.0,-0.9974,0.0005,0.0,-0.0168,0.0,107.29,0.0,0.0,0.0,0.0,no_change,0.0,,0.0,114.575000762939,332.685,2026-09-11 19:44:22,2026-09-11 15:45:04
AAPL,AAPL270219P00450000,AAPL,2027-02-19,P,450.0,116.05,13.0,118.0,105.0,0.0,0.0,0.0,-1.0,0.0,0.0,-0.0168,0.0,117.29,0.0,0.0,0.0,0.0,no_change,0.0,,0.0,124.575000762939,332.685,2026-09-11 19:44:22,2026-09-11 15:45:04
AAPL,AAPL270219P00460000,AAPL,2027-02-19,P,460.0,125.5,10.0,128.45,118.0,0.0,0.0,0.0,-1.0,0.0,0.0,-0.0168,0.0,127.29,0.0,0.0,0.0,0.0,no_change,0.0,,0.0,134.550003051758,332.685,2026-09-11 19:44:22,2026-09-11 15:45:04
AAPL,AAPL270219P00470000,AAPL,2027-02-19,P,470.0,135.5,10.0,138.45,118.0,0.0,0.0,0.0,-1.0,0.0,0.0,-0.0168,0.0,137.29,0.0,0.0,0.0,0.0,no_change,0.0,,0.0,144.575004577637,332.685,2026-09-11 19:44:22,2026-09-11 15:45:04
AAPL,AAPL270219P00480000,AAPL,2027-02-19,P,480.0,145.5,11.0,148.45,119.0,0.0,0.0,0.0,-1.0,0.0,0.0,-0.0168,0.0,147.29,0.0,0.0,0.0,0.0,no_change,0.0,,0.0,154.599998474121,332.685,2026-09-11 19:44:22,2026-09-11 15:45:04
AAPL,AAPL270219P00490000,AAPL,2027-02-19,P,490.0,155.5,11.0,158.45,119.0,0.0,0.0,0.0,-1.0,0.0,0.0,-0.0168,0.0,157.29,0.0,0.0,0.0,0.0,no_change,0.0,,0.0,164.599998474121,332.685,2026-09-11 19:44:22,2026-09-11 15:45:04
AAPL,AAPL270219P00500000,AAPL,2027-02-19,P,500.0,165.5,10.0,168.95,117.0,0.0,0.0,0.0,-1.0,0.0,0.0,-0.0168,0.0,167.29,0.0,0.0,0.0,0.0,no_change,0.0,,0.0,174.775001525879,332.685,2026-09-11 19:44:22,2026-09-11 15:45:04
AAPL,AAPL270219P00510000,AAPL,2027-02-19,P,510.0,175.8,10.0,179.1,117.0,0.4193,0.0,0.0,-1.0,0.0,0.0,-0.0168,0.0,177.29,0.0,0.0,0.0,0.0,no_change,0.0,,0.0,184.550003051758,332.685,2026-09-11 19:44:22,2026-09-11 15:45:04
AAPL,AAPL270219P00520000,AAPL,2027-02-19,P,520.0,185.8,7.0,188.45,114.0,0.0,0.0,0.0,-1.0,0.0,0.0,-0.0168,0.0,187.29,0.0,0.0,0.0,0.0,no_change,0.0,,0.0,194.550003051758,332.685,2026-09-11 19:44:22,2026-09-11 15:45:04
AAPL,AAPL270219P00530000,AAPL,2027-02-19,P,530.0,195.5,11.0,198.9,117.0,0.0,0.0,0.0,-1.0,0.0,0.0,-0.0168,0.0,197.29,0.0,0.0,0.0,0.0,no_change,0.0,,0.0,204.675003051758,332.685,2026-09-11 19:44:22,2026-09-11 15:45:04
AAPL,AAPL270219P00540000,AAPL,2027-02-19,P,540.0,205.8,7.0,209.1,116.0,0.4632,0.0,0.0,-1.0,0.0,0.0,-0.0168,0.0,207.29,0.0,0.0,0.0,0.0,no_change,0.0,,0.0,214.599998474121,332.685,2026-09-11 19:44:22,2026-09-11 15:45:04
AAPL,AAPL270219P00550000,AAPL,2027-02-19,P,550.0,215.5,7.0,218.45,114.0,0.0,0.0,0.0,-1.0,0.0,0.0,-0.0168,0.0,217.29,0.0,0.0,0.0,0.0,no_change,0.0,,0.0,224.550003051758,332.685,2026-09-11 19:44:22,2026-09-11 15:45:04
AAPL,AAPL270219P00560000,AAPL,2027-02-19,P,560.0,225.5,7.0,228.85,115.0,0.0,0.0,0.0,-1.0,0.0,0.0,-0.0168,0.0,227.29,0.0,0.0,0.0,0.0,no_change,0.0,,0.0,234.675003051758,332.685,2026-09-11 19:44:22,2026-09-11 15:45:04
AAPL,AAPL270219P00570000,AAPL,2027-02-19,P,570.0,235.5,7.0,239.2,116.0,0.4879,0.0,0.0,-1.0,0.0,0.0,-0.0168,0.0,237.29,0.0,0.0,0.0,0.0,no_change,0.0,,0.0,244.700004577637,332.685,2026-09-11 19:44:22,2026-09-11 15:45:04
AAPL,AAPL270219P00580000,AAPL,2027-02-19,P,580.0,245.5,7.0,248.9,116.0,0.0,0.0,0.0,-1.0,0.0,0.0,-0.0168,0.0,247.29,0.0,0.0,0.0,0.0,no_change,0.0,,0.0,254.649993896484,332.685,2026-09-11 19:44:22,2026-09-11 15:45:04
AAPL,AAPL270219P00590000,AAPL,2027-02-19,P,590.0,255.5,7.0,258.95,115.0,0.0,0.0,0.0,-1.0,0.0,0.0,-0.0168,0.0,257.29,0.0,0.0,0.0,0.0,no_change,0.0,,0.0,264.699996948242,332.685,2026-09-11 19:44:22,2026-09-11 15:45:04
AAPL,AAPL270219P00600000,AAPL,2027-02-19,P,600.0,265.45,16.0,268.9,118.0,0.0,0.0,0.0,-1.0,0.0,0.0,-0.0168,0.0,267.29,0.0,0.0,0.0,0.0,no_change,0.0,,0.0,274.599990844727,332.685,2026-09-11 19:44:22,2026-09-11 15:45:04
AAPL,AAPL270319C00005000,AAPL,2027-03-19,C,5.0,325.95,114.0,329.65,130.0,0.0,0.0,0.0,1.0,0.0,0.0,0.0,0.0078,327.8464,0.0,0.0,0.0,0.0,no_change,299.0,2026-06-08T14:34:55,0.0,320.575012207031,332.685,2026-09-11 19:44:22,2026-09-11 15:45:04
AAPL,AAPL270319C00010000,AAPL,2027-03-19,C,10.0,320.85,86.0,324.75,96.0,0.0,0.0,0.0,1.0,0.0,0.0,0.0,0.016,322.8824,0.0,0.0,0.0,0.0,no_change,0.0,,0.0,315.649993896484,332.685,2026-09-11 19:44:22,2026-09-11 15:45:04
AAPL,AAPL270319C00015000,AAPL,2027-03-19,C,15.0,316.35,1.0,319.8,96.0,1.8304,0.0,0.0,1.0,0.0,0.0001,0.0,0.0287,317.9207,0.0,0.0,0.0,0.0,no_change,0.0,,0.0,310.699996948242,332.685,2026-09-11 19:44:22,2026-09-11 15:45:04
AAPL,AAPL270319C00020000,AAPL,2027-03-19,C,20.0,311.45,1.0,314.9,96.0,1.6472,0.0,0.0,1.0,0.0,0.0001,0.0,0.0756,312.9794,0.0,0.0,0.0,0.0,no_change,0.0,,0.0,305.699996948242,332.685,2026-09-11 19:44:22,2026-09-11 15:45:04
AAPL,AAPL270319C00025000,AAPL,2027-03-19,C,25.0,306.55,116.0,310.0,96.0,1.4866,0.0,0.0,1.0,0.0,0.0003,0.0,0.0998,308.073,0.0,0.0,0.0,0.0,no_change,0.0,,0.0,301.050003051758,332.685,2026-09-11 19:44:22,2026-09-11 15:45:04
AAPL,AAPL270319C00030000,AAPL,2027-03-19,C,30.0,301.65,86.0,305.1,96.0,1.3999,0.0,0.0,1.0,0.0,0.0004,0.0,0.1197,303.1672,0.0,0.0,0.0,0.0,down,218.22,2026-03-20T10:08:17,0.0,296.125,332.685,2026-09-11 19:44:22,2026-09-11 15:45:04
AAPL,AAPL270319C00035000,AAPL,2027-03-19,C,35.0,296.75,98.0,300.15,98.0,1.2904,0.0,0.0,1.0,0.0,0.0007,0.0,0.1397,298.2616,0.0,0.0,0.0,0.0,no_change,0.0,,0.0,291.224990844727,332.685,2026-09-11 19:44:22,2026-09-11 15:45:04
AAPL,AAPL270319C00040000,AAPL,2027-03-19,C,40.0,291.85,86.0,295.25,86.0,1.2142,0.0,0.0,1.0,0.0,0.0009,0.0,0.1598,293.3563,0.0,0.0,0.0,0.0,no_change,0.0,,0.0,286.350006103516,332.685,2026-09-11 19:44:22,2026-09-11 15:45:04
AAPL,AAPL270319C00045000,AAPL,2027-03-19,C,45.0,287.0,96.0,290.4,114.0,1.1778,1.0,0.0,1.0,0.0,0.0012,0.0,0.1799,288.4514,0.0,0.0,0.0,0.0,down,264.84,2026-08-25T15:26:10,0.0,281.5,332.685,2026-09-11 19:44:22,2026-09-11 15:45:04
AAPL,AAPL270319C00050000,AAPL,2027-03-19,C,50.0,281.65,125.0,285.5,91.0,0.9041,3.0,0.0,1.0,0.0,0.0016,0.0,0.2526,283.5498,0.0,0.0,0.0,0.0,down,255.7,2026-08-17T10:31:49,0.0,276.599990844727,332.685,2026-09-11 19:44:22,2026-09-11 15:45:04
AAPL,AAPL270319C00060000,AAPL,2027-03-19,C,60.0,272.35,115.0,275.75,131.0,1.0134,2.0,0.0,1.0,0.0,0.0024,0.0,0.304,273.7929,0.0,0.0,0.0,0.0,down,237.58,2026-06-15T14:48:45,0.0,266.824996948242,332.685,2026-09-11 19:44:22,2026-09-11 15:45:04
AAPL,AAPL270319C00070000,AAPL,2027-03-19,C,70.0,262.6,116.0,266.0,96.0,0.9182,3.0,0.0,1.0,0.0,0.0035,0.0,0.3542,264.0374,0.0,0.0,0.0,0.0,down,243.4,2026-06-04T14:34:12,0.0,257.050003051758,332.685,2026-09-11 19:44:22,2026-09-11 15:45:04
AAPL,AAPL270319C00080000,AAPL,2027-03-19,C,80.0,252.85,86.0,256.25,107.0,0.8558,4.0,0.0,0.9999,0.0,0.0049,0.0,0.4044,254.2836,0.0,0.0,0.0,0.0,down,245.48,2026-09-02T15:42:22,0.0,247.299995422363,332.685,2026-09-11 19:44:22,2026-09-11 15:45:04
AAPL,AAPL270319C00085000,AAPL,2027-03-19,C,85.0,247.6,117.0,251.35,114.0,0.7251,31.0,0.0,0.9998,0.0,0.0058,0.0,0.4294,249.4075,0.0,0.0,0.0,0.0,down,233.32,2026-08-19T11:54:34,0.0,242.449996948242,332.685,2026-09-11 19:44:22,2026-09-11 15:45:04
AAPL,AAPL270319C00090000,AAPL,2027-03-19,C,90.0,243.1,123.0,246.45,91.0,0.7834,7.0,1.0,0.9997,0.0,0.0068,0.0,0.4545,244.5321,8.5,246.05,246.05,246.05,up,246.05,2026-09-11T13:24:30,3.5782,237.549995422363,332.685,2026-09-11 19:44:22,2026-09-11 15:45:04
AAPL,AAPL270319C00095000,AAPL,2027-03-19,C,95.0,238.2,1.0,241.6,110.0,0.7545,1.0,0.0,0.9995,0.0,0.0079,0.0,0.4794,239.6573,0.0,0.0,0.0,0.0,down,187.37,2026-06-25T10:39:13,0.0,232.474998474121,332.685,2026-09-11 19:44:22,2026-09-11 15:45:04
AAPL,AAPL270319C00100000,AAPL,2027-03-19,C,100.0,233.35,135.0,236.7,141.0,0.7271,13.0,0.0,0.9994,0.0,0.0092,0.0,0.5044,234.7833,0.0,0.0,0.0,0.0,no_change,219.21,2026-08-31T15:59:17,0.0,227.800003051758,332.685,2026-09-11 19:44:22,2026-09-11 15:45:04
AAPL,AAPL270319C00105000,AAPL,2027-03-19,C,105.0,228.1,116.0,231.6,142.0,0.0,46.0,0.0,0.9992,0.0,0.0106,0.0,0.5293,229.9103,0.0,0.0,0.0,0.0,up,208.4,2026-08-18T10:36:10,0.0,222.650001525879,332.685,2026-09-11 19:44:22,2026-09-11 15:45:04
AAPL,AAPL270319C00110000,AAPL,2027-03-19,C,110.0,223.6,105.0,226.85,113.0,0.661,2.0,0.0,0.999,0.0,0.0123,0.0,0.5541,225.0383,0.0,0.0,0.0,0.0,up,209.87,2026-07-13T15:54:58,0.0,217.75,332.685,2026-09-11 19:44:22,2026-09-11 15:45:04
AAPL,AAPL270319C00115000,AAPL,2027-03-19,C,115.0,218.7,114.0,221.85,108.0,0.612,2.0,0.0,0.9987,0.0,0.0142,0.0,0.5789,220.1675,0.0,0.0,0.0,0.0,down,201.29,2026-09-09T13:04:25,0.0,213.125,332.685,2026-09-11 19:44:22,2026-09-11 15:45:04
AAPL,AAPL270319C00120000,AAPL,2027-03-19,C,120.0,213.5,106.0,216.95,106.0,0.4538,6.0,0.0,0.9984,0.0,0.0163,0.0,0.6036,215.2981,0.0,0.0,0.0,0.0,up,194.16,2026-08-21T12:30:11,0.0,208.25,332.685,2026-09-11 19:44:22,2026-09-11 15:45:04
AAPL,AAPL270319C00125000,AAPL,2027-03-19,C,125.0,209.0,1.0,211.8,116.0,0.5099,44.0,0.0,0.998,0.0001,0.0187,0.0,0.6282,210.4304,0.0,0.0,0.0,0.0,up,200.1,2026-08-28T11:50:27,0.0,203.174995422363,332.685,2026-09-11 19:44:22,2026-09-11 15:45:04
AAPL,AAPL270319C00130000,AAPL,2027-03-19,C,130.0,204.15,128.0,206.9,93.0,0.4948,26.0,0.0,0.9977,0.0001,0.0214,0.0,0.6527,205.5645,0.0,0.0,0.0,0.0,up,200.0,2026-09-01T12:23:44,0.0,198.299995422363,332.685,2026-09-11 19:44:22,2026-09-11 15:45:04
AAPL,AAPL270319C00135000,AAPL,2027-03-19,C,135.0,199.2,86.0,202.05,119.0,0.4618,31.0,0.0,0.9972,0.0001,0.0245,0.0,0.6771,200.7008,0.0,0.0,0.0,0.0,up,183.35,2026-08-31T11:29:55,0.0,193.5,332.685,2026-09-11 19:44:22,2026-09-11 15:45:04
AAPL,AAPL270319C00140000,AAPL,2027-03-19,C,140.0,194.4,130.0,197.5,128.0,0.5291,44.0,0.0,0.9967,0.0001,0.028,0.0,0.7013,195.8396,0.0,0.0,0.0,0.0,up,178.7,2026-08-31T11:17:08,0.0,188.600006103516,332.685,2026-09-11 19:44:22,2026-09-11 15:45:04
AAPL,AAPL270319C00145000,AAPL,2027-03-19,C,145.0,189.9,94.0,192.8,133.0,0.5629,61.0,0.0,0.9961,0.0001,0.032,0.0,0.7254,190.9814,0.0,0.0,0.0,0.0,no_change,158.35,2026-06-16T12:10:06,0.0,184.050003051758,332.685,2026-09-11 19:44:22,2026-09-11 15:45:04
AAPL,AAPL270319C00150000,AAPL,2027-03-19,C,150.0,184.95,91.0,187.95,112.0,0.5394,60.0,0.0,0.9954,0.0001,0.0365,0.0,0.7494,186.1265,0.0,0.0,0.0,0.0,up,169.22,2026-08-31T11:02:42,0.0,178.974998474121,332.685,2026-09-11 19:44:22,2026-09-11 15:45:04
AAPL,AAPL270319C00155000,AAPL,2027-03-19,C,155.0,180.45,253.0,182.65,301.0,0.5168,235.0,0.0,0.9946,0.0001,0.0416,0.0,0.7731,181.2756,0.0,0.0,0.0,0.0,no_change,159.69,2026-08-06T11:22:02,0.0,174.25,332.685,2026-09-11 19:44:22,2026-09-11 15:45:04
AAPL,AAPL270319C00160000,AAPL,2027-03-19,C,160.0,174.8,330.0,177.8,300.0,0.419,266.0,0.0,0.9936,0.0002,0.0473,0.0,0.7966,176.4292,0.0,0.0,0.0,0.0,up,168.91,2026-09-02T10:01:32,0.0,169.424995422363,332.685,2026-09-11 19:44:22,2026-09-11 15:45:04
AAPL,AAPL270319C00165000,AAPL,2027-03-19,C,165.0,170.35,402.0,172.95,506.0,0.4576,551.0,0.0,0.9925,0.0002,0.0538,0.0,0.8198,171.5881,0.0,0.0,0.0,0.0,up,166.32,2026-09-03T15:29:37,0.0,164.525001525879,332.685,2026-09-11 19:44:22,2026-09-11 15:45:04
AAPL,AAPL270319C00170000,AAPL,2027-03-19,C,170.0,165.65,375.0,168.1,519.0,0.4565,524.0,0.0,0.9913,0.0002,0.061,0.0,0.8428,166.7529,0.0,0.0,0.0,0.0,down,150.41,2026-08-19T10:00:09,0.0,159.724998474121,332.685,2026-09-11 19:44:22,2026-09-11 15:45:04
AAPL,AAPL270319C00175000,AAPL,2027-03-19,C,175.0,160.8,282.0,163.3,211.0,0.4465,122.0,0.0,0.9899,0.0003,0.0693,-0.001,0.8653,161.9246,0.0,0.0,0.0,0.0,down,151.28,2026-09-04T10:27:57,0.0,154.900001525879,332.685,2026-09-11 19:44:22,2026-09-11 15:45:04
AAPL,AAPL270319C00180000,AAPL,2027-03-19,C,180.0,156.15,115.0,158.45,115.0,0.4444,86.0,0.0,0.9882,0.0003,0.0784,-0.002,0.8875,157.1042,0.0,0.0,0.0,0.0,up,144.4,2026-08-20T09:32:59,0.0,150.199996948242,332.685,2026-09-11 19:44:22,2026-09-11 15:45:04
AAPL,AAPL270319C00185000,AAPL,2027-03-19,C,185.0,151.35,105.0,154.1,115.0,0.4552,22.0,0.0,0.9863,0.0004,0.0885,-0.0031,0.9092,152.2929,0.0,0.0,0.0,0.0,up,131.8,2026-08-07T15:46:46,0.0,145.275001525879,332.685,2026-09-11 19:44:22,2026-09-11 15:45:04
AAPL,AAPL270319C00190000,AAPL,2027-03-19,C,190.0,146.55,96.0,149.1,106.0,0.4361,29.0,0.0,0.9842,0.0004,0.1,-0.0043,0.9304,147.4917,0.0,0.0,0.0,0.0,up,135.27,2026-09-04T10:48:25,0.0,140.525001525879,332.685,2026-09-11 19:44:22,2026-09-11 15:45:04
AAPL,AAPL270319C00195000,AAPL,2027-03-19,C,195.0,141.8,256.0,144.05,328.0,0.4174,329.0,0.0,0.9817,0.0005,0.1127,-0.0056,0.951,142.7023,0.0,0.0,0.0,0.0,down,126.93,2026-08-06T09:59:04,0.0,135.550003051758,332.685,2026-09-11 19:44:22,2026-09-11 15:45:04
AAPL,AAPL270319C00200000,AAPL,2027-03-19,C,200.0,137.15,362.0,139.3,409.0,0.4138,114.0,0.0,0.9789,0.0006,0.1265,-0.007,0.971,137.9263,0.0,0.0,0.0,0.0,up,130.74,2026-09-10T15:11:44,0.0,130.925003051758,332.685,2026-09-11 19:44:22,2026-09-11 15:45:04
AAPL,AAPL270319C00210000,AAPL,2027-03-19,C,210.0,127.55,366.0,129.75,353.0,0.3921,168.0,0.0,0.9722,0.0007,0.1592,-0.0101,1.0086,128.4217,0.0,0.0,0.0,0.0,up,123.0,2026-09-03T15:00:58,0.0,121.375,332.685,2026-09-11 19:44:22,2026-09-11 15:45:04
AAPL,AAPL270319C00220000,AAPL,2027-03-19,C,220.0,118.0,425.0,120.35,421.0,0.3744,119.0,0.0,0.9634,0.0009,0.1981,-0.0137,1.0426,118.9959,0.0,0.0,0.0,0.0,up,107.1,2026-09-04T12:29:48,0.0,112.049999237061,332.685,2026-09-11 19:44:22,2026-09-11 15:45:04
AAPL,AAPL270319C00230000,AAPL,2027-03-19,C,230.0,109.1,248.0,111.0,451.0,0.3688,393.0,8.0,0.9523,0.0012,0.2446,-0.0177,1.0717,109.6721,8.63,109.81,111.18,109.8,up,111.18,2026-09-11T10:45:26,8.41541,102.549999237061,332.685,2026-09-11 19:44:22,2026-09-11 15:45:04
AAPL,AAPL270319C00240000,AAPL,2027-03-19,C,240.0,99.8,316.0,101.8,453.0,0.3532,466.0,1.0,0.9382,0.0015,0.2991,-0.0223,1.0951,100.4788,5.75,99.2,99.2,99.2,up,99.2,2026-09-11T10:18:32,6.15302,93.4500007629394,332.685,2026-09-11 19:44:22,2026-09-11 15:45:04
AAPL,AAPL270319C00250000,AAPL,2027-03-19,C,250.0,90.9,293.0,92.1,363.0,0.3337,1172.0,4.0,0.9205,0.0019,0.3612,-0.0273,1.1118,91.4526,6.975,91.91,92.7,91.2,no_change,91.2,2026-09-11T15:23:44,8.28139,84.2249984741211,332.685,2026-09-11 19:44:22,2026-09-11 15:45:04
AAPL,AAPL270319C00260000,AAPL,2027-03-19,C,260.0,82.1,262.0,83.75,548.0,0.3296,2051.0,12.0,0.8987,0.0023,0.431,-0.0328,1.1199,82.6368,8.08,82.0,84.8,81.45,down,83.93,2026-09-11T13:12:06,10.6526,75.8500022888184,332.685,2026-09-11 19:44:22,2026-09-11 15:45:04
AAPL,AAPL270319C00270000,AAPL,2027-03-19,C,270.0,73.25,442.0,74.4,141.0,0.3091,1812.0,10.0,0.872,0.0028,0.5075,-0.0386,1.1182,74.0812,6.025,74.66,76.89,74.0,down,74.0,2026-09-11T15:15:52,8.86355,67.9749984741211,332.685,2026-09-11 19:44:22,2026-09-11 15:45:04
AAPL,AAPL270319C00280000,AAPL,2027-03-19,C,280.0,65.2,340.0,66.15,98.0,0.3035,2236.0,25.0,0.8402,0.0033,0.588,-0.0445,1.106,65.8416,6.0,66.0,68.11,64.95,down,65.85,2026-09-11T15:17:51,10.0251,59.8500003814697,332.685,2026-09-11 19:44:22,2026-09-11 15:45:04
AAPL,AAPL270319C00290000,AAPL,2027-03-19,C,290.0,57.55,284.0,58.85,470.0,0.3025,2095.0,30.0,0.8027,0.0039,0.6694,-0.0503,1.0824,57.9784,6.05,58.4,59.87,57.2,down,58.2,2026-09-11T14:36:43,11.6011,52.1500015258789,332.685,2026-09-11 19:44:22,2026-09-11 15:45:04
AAPL,AAPL270319C00300000,AAPL,2027-03-19,C,300.0,50.15,323.0,50.9,245.0,0.2923,3784.0,155.0,0.7596,0.0044,0.7481,-0.0557,1.0467,50.5524,5.3,47.67,53.0,47.67,down,50.25,2026-09-11T14:20:55,11.7909,44.9499988555908,332.685,2026-09-11 19:44:22,2026-09-11 15:45:04
AAPL,AAPL270319C00310000,AAPL,2027-03-19,C,310.0,43.1,403.0,44.2,393.0,0.2872,4995.0,66.0,0.7113,0.005,0.8199,-0.0604,0.9988,43.6219,5.075,43.0,46.25,42.1,no_change,43.65,2026-09-11T15:03:11,13.1562,38.5750007629394,332.685,2026-09-11 19:44:22,2026-09-11 15:45:04
AAPL,AAPL270319C00320000,AAPL,2027-03-19,C,320.0,36.95,511.0,37.5,269.0,0.2816,6280.0,149.0,0.6583,0.0054,0.8799,-0.0642,0.9401,37.2395,4.67,35.3,39.36,35.15,down,37.22,2026-09-11T15:21:54,14.3472,32.5500011444092,332.685,2026-09-11 19:44:22,2026-09-11 15:45:04
AAPL,AAPL270319C00330000,AAPL,2027-03-19,C,330.0,31.2,547.0,31.65,240.0,0.277,8871.0,693.0,0.6017,0.0058,0.9239,-0.0667,0.8724,31.4477,4.275,28.1,33.5,28.1,down,31.5,2026-09-11T15:20:54,15.7025,27.2249994277954,332.685,2026-09-11 19:44:22,2026-09-11 15:45:04
AAPL,AAPL270319C00340000,AAPL,2027-03-19,C,340.0,26.2,97.0,26.4,228.0,0.2737,5054.0,293.0,0.5429,0.006,0.949,-0.0678,0.7978,26.2746,3.825,24.0,28.32,24.0,no_change,26.4,2026-09-11T15:28:39,16.9435,22.5749998092651,332.685,2026-09-11 19:44:22,2026-09-11 15:45:04
AAPL,AAPL270319C00350000,AAPL,2027-03-19,C,350.0,21.6,290.0,21.85,282.0,0.2704,6356.0,205.0,0.4833,0.0062,0.9536,-0.0675,0.7184,21.7106,3.23,19.5,23.5,19.5,down,21.73,2026-09-11T15:19:10,17.4595,18.5,332.685,2026-09-11 19:44:22,2026-09-11 15:45:04
AAPL,AAPL270319C00360000,AAPL,2027-03-19,C,360.0,17.6,560.0,17.9,305.0,0.2671,4260.0,308.0,0.4251,0.0061,0.9382,-0.0658,0.638,17.8026,2.7,17.0,19.25,17.0,no_change,17.75,2026-09-11T15:21:53,17.9402,15.0499997138977,332.685,2026-09-11 19:44:22,2026-09-11 15:45:04
AAPL,AAPL270319C00370000,AAPL,2027-03-19,C,370.0,14.4,6.0,14.5,73.0,0.2658,4488.0,649.0,0.3689,0.0059,0.9038,-0.0629,0.5579,14.4476,2.32,14.67,15.75,14.0,no_change,14.42,2026-09-11T15:27:57,19.1736,12.0999999046326,332.685,2026-09-11 19:44:22,2026-09-11 15:45:04
AAPL,AAPL270319C00380000,AAPL,2027-03-19,C,380.0,11.5,563.0,11.8,660.0,0.2642,5358.0,462.0,0.3169,0.0056,0.8548,-0.0591,0.4826,11.6621,1.9,10.0,12.8,10.0,down,11.6,2026-09-11T15:07:46,19.5876,9.7000002861023,332.685,2026-09-11 19:44:22,2026-09-11 15:45:04
AAPL,AAPL270319C00390000,AAPL,2027-03-19,C,390.0,9.25,143.0,9.4,296.0,0.2631,1133.0,110.0,0.2693,0.0052,0.7945,-0.0545,0.4127,9.3458,1.6,9.8,10.29,9.18,no_change,9.35,2026-09-11T15:28:48,20.6452,7.75,332.685,2026-09-11 19:44:22,2026-09-11 15:45:04
AAPL,AAPL270319C00400000,AAPL,2027-03-19,C,400.0,7.4,233.0,7.5,313.0,0.263,4095.0,438.0,0.2266,0.0048,0.7263,-0.0496,0.349,7.4427,1.25,6.76,8.3,6.76,no_change,7.4,2026-09-11T15:26:59,20.3252,6.15000009536743,332.685,2026-09-11 19:44:22,2026-09-11 15:45:04
AAPL,AAPL270319C00410000,AAPL,2027-03-19,C,410.0,5.85,186.0,6.0,505.0,0.263,2615.0,74.0,0.1892,0.0043,0.6544,-0.0445,0.2923,5.9084,1.075,5.62,6.54,5.62,no_change,5.95,2026-09-11T14:52:49,22.0513,4.875,332.685,2026-09-11 19:44:22,2026-09-11 15:45:04
AAPL,AAPL270319C00420000,AAPL,2027-03-19,C,420.0,4.6,407.0,4.75,387.0,0.2629,3980.0,31.0,0.157,0.0038,0.5829,-0.0394,0.2431,4.6739,0.875,4.5,5.25,4.5,up,4.75,2026-09-11T15:05:03,22.5806,3.875,332.685,2026-09-11 19:44:22,2026-09-11 15:45:04
AAPL,AAPL270319C00430000,AAPL,2027-03-19,C,430.0,3.6,489.0,3.75,203.0,0.2629,418.0,78.0,0.1294,0.0033,0.5136,-0.0346,0.2012,3.6874,0.705,3.65,4.2,3.61,up,3.75,2026-09-11T15:18:54,23.1527,3.04500007629394,332.685,2026-09-11 19:44:22,2026-09-11 15:45:04
AAPL,AAPL270319C00440000,AAPL,2027-03-19,C,440.0,2.8,503.0,2.97,301.0,0.2632,1480.0,157.0,0.1063,0.0029,0.448,-0.0301,0.1654,2.9069,0.48,2.98,3.3,2.86,no_change,2.88,2026-09-11T15:00:05,20.0,2.39999997615814,332.685,2026-09-11 19:44:22,2026-09-11 15:45:04
AAPL,AAPL270319C00450000,AAPL,2027-03-19,C,450.0,2.17,528.0,2.39,423.0,0.2643,382.0,328.0,0.0868,0.0025,0.3878,-0.0259,0.1352,2.2847,0.385,2.15,2.6,2.15,down,2.26,2026-09-11T14:06:59,20.5333,1.875,332.685,2026-09-11 19:44:22,2026-09-11 15:45:04
AAPL,AAPL270319C00460000,AAPL,2027-03-19,C,460.0,1.76,196.0,1.89,364.0,0.2662,306.0,12.0,0.0706,0.0021,0.3332,-0.0222,0.1104,1.7941,0.285,1.78,2.07,1.78,down,1.79,2026-09-11T14:35:24,18.9369,1.50499999523163,332.685,2026-09-11 19:44:22,2026-09-11 15:45:04
AAPL,AAPL270319C00470000,AAPL,2027-03-19,C,470.0,1.36,229.0,1.52,368.0,0.2674,293.0,71.0,0.0572,0.0018,0.2838,-0.0188,0.0893,1.4048,0.43,1.37,1.61,1.37,down,1.59,2026-09-11T11:34:07,37.069,1.16000002622604,332.685,2026-09-11 19:44:22,2026-09-11 15:45:04
AAPL,AAPL270319C00480000,AAPL,2027-03-19,C,480.0,1.06,361.0,1.17,281.0,0.2676,177.0,4.0,0.0464,0.0015,0.2415,-0.016,0.0726,1.1038,0.375,1.02,1.29,1.02,up,1.29,2026-09-11T11:10:05,40.9836,0.91499999165535,332.685,2026-09-11 19:44:22,2026-09-11 15:45:04
AAPL,AAPL270319C00490000,AAPL,2027-03-19,C,490.0,0.83,389.0,0.95,330.0,0.2694,434.0,17.0,0.0375,0.0013,0.2038,-0.0134,0.0586,0.8659,0.275,0.87,1.0,0.85,up,1.0,2026-09-11T11:16:27,37.931,0.725000023841858,332.685,2026-09-11 19:44:22,2026-09-11 15:45:04
AAPL,AAPL270319C00500000,AAPL,2027-03-19,C,500.0,0.67,191.0,0.76,330.0,0.2715,302.0,13.0,0.0303,0.0011,0.1721,-0.0113,0.0474,0.6808,0.085,0.71,0.78,0.67,down,0.67,2026-09-11T15:14:16,14.5299,0.58500000834465,332.685,2026-09-11 19:44:22,2026-09-11 15:45:04
AAPL,AAPL270319C00510000,AAPL,2027-03-19,C,510.0,0.47,466.0,0.6,294.0,0.2705,83.0,1.0,0.0245,0.0009,0.1445,-0.0095,0.0382,0.536,0.135,0.6,0.6,0.6,up,0.6,2026-09-11T11:11:31,29.0323,0.464999988675118,332.685,2026-09-11 19:44:22,2026-09-11 15:45:04
AAPL,AAPL270319C00520000,AAPL,2027-03-19,C,520.0,0.37,486.0,0.47,259.0,0.2717,140.0,2.0,0.0198,0.0007,0.1214,-0.0079,0.0309,0.4232,0.145,0.47,0.49,0.47,up,0.49,2026-09-11T11:10:59,42.029,0.344999998807907,332.685,2026-09-11 19:44:22,2026-09-11 15:45:04
AAPL,AAPL270319C00530000,AAPL,2027-03-19,C,530.0,0.24,665.0,0.39,379.0,0.2712,33.0,4.0,0.0161,0.0006,0.1018,-0.0066,0.025,0.3358,0.055,0.35,0.38,0.35,no_change,0.35,2026-09-11T12:28:41,18.6441,0.294999994337559,332.685,2026-09-11 19:44:22,2026-09-11 15:45:04
AAPL,AAPL270319C00540000,AAPL,2027-03-19,C,540.0,0.2,353.0,0.35,329.0,0.276,222.0,0.0,0.0131,0.0005,0.0857,-0.0056,0.0204,0.2675,0.0,0.0,0.0,0.0,up,0.22,2026-09-10T13:49:52,0.0,0.244999997317791,332.685,2026-09-11 19:44:22,2026-09-11 15:45:04
AAPL,AAPL270319C00550000,AAPL,2027-03-19,C,550.0,0.18,494.0,0.28,464.0,0.2791,48.0,4.0,0.0106,0.0004,0.072,-0.0047,0.0166,0.2139,0.03,0.24,0.24,0.18,up,0.21,2026-09-11T12:49:25,16.6667,0.179999999701977,332.685,2026-09-11 19:44:22,2026-09-11 15:45:04
AAPL,AAPL270319C00560000,AAPL,2027-03-19,C,560.0,0.1,528.0,0.25,335.0,0.2789,83.0,0.0,0.0087,0.0004,0.0607,-0.0039,0.0136,0.1723,0.0,0.0,0.0,0.0,up,0.17,2026-08-20T15:24:39,0.0,0.149999998509884,332.685,2026-09-11 19:44:22,2026-09-11 15:45:04
AAPL,AAPL270319C00570000,AAPL,2027-03-19,C,570.0,0.08,396.0,0.21,598.0,0.2815,1386.0,1.0,0.0072,0.0003,0.0514,-0.0033,0.0112,0.1397,0.045,0.15,0.15,0.15,no_change,0.15,2026-09-11T09:38:07,42.8571,0.10500000230968,332.685,2026-09-11 19:44:22,2026-09-11 15:45:04
AAPL,AAPL270319C00580000,AAPL,2027-03-19,C,580.0,0.05,410.0,0.18,555.0,0.2825,127.0,1.0,0.006,0.0002,0.0436,-0.0028,0.0092,0.1142,0.025,0.13,0.13,0.13,up,0.13,2026-09-11T12:14:02,23.8095,0.10499999858439,332.685,2026-09-11 19:44:22,2026-09-11 15:45:04
AAPL,AAPL270319C00590000,AAPL,2027-03-19,C,590.0,0.03,458.0,0.16,466.0,0.2847,7.0,0.0,0.005,0.0002,0.0372,-0.0024,0.0077,0.0939,0.0,0.0,0.0,0.0,down,0.08,2026-09-02T10:50:15,0.0,0.0900000026449561,332.685,2026-09-11 19:44:22,2026-09-11 15:45:04
AAPL,AAPL270319C00600000,AAPL,2027-03-19,C,600.0,0.07,25.0,0.08,10.0,0.2855,4312.0,3.0,0.0041,0.0002,0.0316,-0.002,0.0064,0.0768,-0.005,0.07,0.08,0.07,no_change,0.08,2026-09-11T13:57:39,-5.88235,0.0850000008940697,332.685,2026-09-11 19:44:22,2026-09-11 15:45:04
AAPL,AAPL270319P00005000,AAPL,2027-03-19,P,5.0,0.0,0.0,0.05,31.0,2.0312,3.0,0.0,0.0,0.0,0.0,0.0,0.0,0.0003,0.0,0.0,0.0,0.0,down,0.01,2026-06-16T13:07:30,0.0,0.00499999988824129,332.685,2026-09-11 19:44:22,2026-09-11 15:45:04
AAPL,AAPL270319P00010000,AAPL,2027-03-19,P,10.0,0.0,0.0,0.01,9500.0,1.4622,1.0,0.0,0.0,0.0,0.0001,0.0,0.0,0.0006,0.0,0.0,0.0,0.0,down,0.01,2026-06-12T13:26:43,0.0,0.00499999988824129,332.685,2026-09-11 19:44:22,2026-09-11 15:45:04
AAPL,AAPL270319P00015000,AAPL,2027-03-19,P,15.0,0.0,0.0,0.27,551.0,1.7228,0.0,0.0,0.0,0.0,0.0002,0.0,0.0,0.0011,0.0,0.0,0.0,0.0,up,0.11,2026-05-28T13:44:15,0.0,0.254999995231628,332.685,2026-09-11 19:44:22,2026-09-11 15:45:04
AAPL,AAPL270319P00020000,AAPL,2027-03-19,P,20.0,0.0,0.0,0.27,550.0,1.5507,0.0,0.0,0.0,0.0,0.0003,-0.0001,0.0,0.0017,0.0,0.0,0.0,0.0,no_change,0.0,,0.0,0.254999995231628,332.685,2026-09-11 19:44:22,2026-09-11 15:45:04
AAPL,AAPL270319P00025000,AAPL,2027-03-19,P,25.0,0.0,0.0,0.27,557.0,1.4207,0.0,0.0,0.0,0.0,0.0004,-0.0001,-0.0001,0.0025,0.0,0.0,0.0,0.0,no_change,0.0,,0.0,0.254999995231628,332.685,2026-09-11 19:44:22,2026-09-11 15:45:04
AAPL,AAPL270319P00030000,AAPL,2027-03-19,P,30.0,0.0,0.0,0.27,446.0,1.3166,0.0,0.0,-0.0001,0.0,0.0006,-0.0001,-0.0001,0.0034,0.0,0.0,0.0,0.0,no_change,0.0,,0.0,0.254999995231628,332.685,2026-09-11 19:44:22,2026-09-11 15:45:04
AAPL,AAPL270319P00035000,AAPL,2027-03-19,P,35.0,0.0,0.0,0.27,547.0,1.2299,0.0,0.0,-0.0001,0.0,0.0008,-0.0002,-0.0001,0.0044,0.0,0.0,0.0,0.0,no_change,0.0,,0.0,0.245000004768372,332.685,2026-09-11 19:44:22,2026-09-11 15:45:04
AAPL,AAPL270319P00040000,AAPL,2027-03-19,P,40.0,0.0,0.0,0.27,561.0,1.1556,0.0,0.0,-0.0001,0.0,0.001,-0.0002,-0.0002,0.0057,0.0,0.0,0.0,0.0,no_change,0.0,,0.0,0.25,332.685,2026-09-11 19:44:22,2026-09-11 15:45:04
AAPL,AAPL270319P00045000,AAPL,2027-03-19,P,45.0,0.0,0.0,0.27,441.0,1.0909,0.0,0.0,-0.0001,0.0,0.0013,-0.0003,-0.0002,0.0071,0.0,0.0,0.0,0.0,no_change,0.0,,0.0,0.219999998807907,332.685,2026-09-11 19:44:22,2026-09-11 15:45:04
AAPL,AAPL270319P00050000,AAPL,2027-03-19,P,50.0,0.01,1.0,0.07,357.0,0.9168,650.0,3.0,-0.0002,0.0,0.0016,-0.0003,-0.0003,0.0088,-0.005,0.1,0.1,0.03,down,0.03,2026-09-11T12:56:04,-14.2857,0.034999999217689,332.685,2026-09-11 19:44:22,2026-09-11 15:45:04
AAPL,AAPL270319P00060000,AAPL,2027-03-19,P,60.0,0.02,1.0,0.07,250.0,0.8384,8.0,3.0,-0.0003,0.0,0.0024,-0.0004,-0.0005,0.013,0.03,0.12,0.12,0.03,up,0.07,2026-09-11T12:55:58,75.0,0.0399999991059303,332.685,2026-09-11 19:44:22,2026-09-11 15:45:04
AAPL,AAPL270319P00070000,AAPL,2027-03-19,P,70.0,0.0,0.0,0.28,626.0,0.856,37.0,0.0,-0.0004,0.0,0.0035,-0.0006,-0.0007,0.0185,0.0,0.0,0.0,0.0,down,0.09,2026-06-10T10:56:58,0.0,0.200000002980232,332.685,2026-09-11 19:44:22,2026-09-11 15:45:04
AAPL,AAPL270319P00080000,AAPL,2027-03-19,P,80.0,0.0,0.0,0.28,433.0,0.7849,126.0,0.0,-0.0006,0.0,0.0049,-0.0008,-0.001,0.0258,0.0,0.0,0.0,0.0,down,0.07,2026-09-03T10:29:43,0.0,0.150000005960464,332.685,2026-09-11 19:44:22,2026-09-11 15:45:04
AAPL,AAPL270319P00085000,AAPL,2027-03-19,P,85.0,0.0,0.0,0.29,555.0,0.7558,64.0,0.0,-0.0007,0.0,0.0058,-0.0009,-0.0012,0.0302,0.0,0.0,0.0,0.0,down,0.08,2026-09-03T11:25:39,0.0,0.144999995827675,332.685,2026-09-11 19:44:22,2026-09-11 15:45:04
AAPL,AAPL270319P00090000,AAPL,2027-03-19,P,90.0,0.01,7.0,0.24,548.0,0.7138,5.0,0.0,-0.0008,0.0,0.0068,-0.001,-0.0015,0.0352,0.0,0.0,0.0,0.0,down,0.06,2026-09-09T10:13:19,0.0,0.140000005252659,332.685,2026-09-11 19:44:22,2026-09-11 15:45:04
AAPL,AAPL270319P00095000,AAPL,2027-03-19,P,95.0,0.01,17.0,0.11,183.0,0.6366,24.0,0.0,-0.001,0.0,0.0079,-0.0012,-0.0017,0.041,0.0,0.0,0.0,0.0,up,0.16,2026-09-08T11:10:03,0.0,0.120000001974404,332.685,2026-09-11 19:44:22,2026-09-11 15:45:04
AAPL,AAPL270319P00100000,AAPL,2027-03-19,P,100.0,0.02,16.0,0.09,39.0,0.6067,74.0,1.0,-0.0011,0.0,0.0092,-0.0013,-0.002,0.0476,0.035,0.09,0.09,0.09,up,0.09,2026-09-11T12:56:31,63.6364,0.0550000015646219,332.685,2026-09-11 19:44:22,2026-09-11 15:45:04
AAPL,AAPL270319P00105000,AAPL,2027-03-19,P,105.0,0.02,101.0,0.16,485.0,0.6123,27.0,1.0,-0.0013,0.0,0.0106,-0.0015,-0.0024,0.055,-0.02,0.05,0.05,0.05,down,0.05,2026-09-11T12:56:45,-28.5714,0.0699999975040555,332.685,2026-09-11 19:44:22,2026-09-11 15:45:04
AAPL,AAPL270319P00110000,AAPL,2027-03-19,P,110.0,0.01,61.0,0.12,189.0,0.5702,71.0,0.0,-0.0016,0.0,0.0123,-0.0017,-0.0028,0.0636,0.0,0.0,0.0,0.0,down,0.06,2026-09-03T11:34:36,0.0,0.0749999973922968,332.685,2026-09-11 19:44:22,2026-09-11 15:45:04
AAPL,AAPL270319P00115000,AAPL,2027-03-19,P,115.0,0.01,19.0,0.12,31.0,0.5486,62.0,0.0,-0.0018,0.0,0.0142,-0.0019,-0.0033,0.0733,0.0,0.0,0.0,0.0,down,0.08,2026-09-02T10:49:37,0.0,0.0749999973922968,332.685,2026-09-11 19:44:22,2026-09-11 15:45:04
AAPL,AAPL270319P00120000,AAPL,2027-03-19,P,120.0,0.05,17.0,0.13,19.0,0.5455,115.0,0.0,-0.0021,0.0,0.0164,-0.0022,-0.0038,0.0846,0.0,0.0,0.0,0.0,no_change,0.09,2026-09-09T12:26:19,0.0,0.0950000006705522,332.685,2026-09-11 19:44:22,2026-09-11 15:45:04
AAPL,AAPL270319P00125000,AAPL,2027-03-19,P,125.0,0.01,19.0,0.14,19.0,0.5155,32.0,0.0,-0.0025,0.0001,0.0187,-0.0024,-0.0044,0.0974,0.0,0.0,0.0,0.0,down,0.57,2026-05-05T14:32:41,0.0,0.0899999979883432,332.685,2026-09-11 19:44:22,2026-09-11 15:45:04
AAPL,AAPL270319P00130000,AAPL,2027-03-19,P,130.0,0.1,3.0,0.16,126.0,0.5258,84.0,0.0,-0.0028,0.0001,0.0215,-0.0027,-0.0051,0.1121,0.0,0.0,0.0,0.0,up,0.13,2026-09-10T14:57:01,0.0,0.120000001043081,332.685,2026-09-11 19:44:22,2026-09-11 15:45:04
AAPL,AAPL270319P00135000,AAPL,2027-03-19,P,135.0,0.05,142.0,0.18,126.0,0.4995,73.0,0.0,-0.0033,0.0001,0.0247,-0.0031,-0.006,0.1291,0.0,0.0,0.0,0.0,down,0.11,2026-09-10T12:43:34,0.0,0.110000001266599,332.685,2026-09-11 19:44:22,2026-09-11 15:45:04
AAPL,AAPL270319P00140000,AAPL,2027-03-19,P,140.0,0.1,268.0,0.2,468.0,0.4953,87.0,0.0,-0.0038,0.0001,0.0282,-0.0034,-0.0069,0.1486,0.0,0.0,0.0,0.0,down,0.12,2026-09-10T12:43:34,0.0,0.160000003874302,332.685,2026-09-11 19:44:22,2026-09-11 15:45:04
AAPL,AAPL270319P00145000,AAPL,2027-03-19,P,145.0,0.1,178.0,0.22,169.0,0.4805,74.0,0.0,-0.0045,0.0001,0.0321,-0.0038,-0.008,0.1711,0.0,0.0,0.0,0.0,no_change,0.18,2026-09-09T12:25:15,0.0,0.175000000745058,332.685,2026-09-11 19:44:22,2026-09-11 15:45:04
AAPL,AAPL270319P00150000,AAPL,2027-03-19,P,150.0,0.11,256.0,0.25,167.0,0.469,195.0,0.0,-0.0052,0.0001,0.0367,-0.0043,-0.0093,0.1969,0.0,0.0,0.0,0.0,down,0.25,2026-09-09T12:26:19,0.0,0.195000000298023,332.685,2026-09-11 19:44:22,2026-09-11 15:45:04
AAPL,AAPL270319P00155000,AAPL,2027-03-19,P,155.0,0.14,516.0,0.29,411.0,0.4613,63.0,0.0,-0.006,0.0001,0.042,-0.0048,-0.0107,0.2267,0.0,0.0,0.0,0.0,no_change,0.25,2026-09-08T09:36:22,0.0,0.229999996721745,332.685,2026-09-11 19:44:22,2026-09-11 15:45:04
AAPL,AAPL270319P00160000,AAPL,2027-03-19,P,160.0,0.21,357.0,0.32,448.0,0.4558,102.0,7.0,-0.007,0.0002,0.0476,-0.0054,-0.0124,0.2617,-0.045,0.24,0.24,0.22,down,0.22,2026-09-11T11:46:36,-16.9811,0.265000000596046,332.685,2026-09-11 19:44:22,2026-09-11 15:45:04
AAPL,AAPL270319P00165000,AAPL,2027-03-19,P,165.0,0.26,321.0,0.33,333.0,0.4448,1931.0,121.0,-0.008,0.0002,0.0541,-0.006,-0.0143,0.3013,-0.01,0.29,0.33,0.25,down,0.3,2026-09-11T12:12:36,-3.22581,0.310000002384186,332.685,2026-09-11 19:44:22,2026-09-11 15:45:04
AAPL,AAPL270319P00170000,AAPL,2027-03-19,P,170.0,0.31,348.0,0.37,68.0,0.4362,550.0,125.0,-0.0093,0.0002,0.0617,-0.0067,-0.0166,0.347,-0.06,0.39,0.4,0.3,down,0.31,2026-09-11T12:12:36,-16.2162,0.370000004768372,332.685,2026-09-11 19:44:22,2026-09-11 15:45:04
AAPL,AAPL270319P00175000,AAPL,2027-03-19,P,175.0,0.37,240.0,0.46,377.0,0.4313,1562.0,22.0,-0.0107,0.0003,0.0699,-0.0074,-0.0192,0.4,0.0,0.41,0.42,0.41,no_change,0.42,2026-09-11T14:31:39,-4.25747e-07,0.420000001788139,332.685,2026-09-11 19:44:22,2026-09-11 15:45:04
AAPL,AAPL270319P00180000,AAPL,2027-03-19,P,180.0,0.43,285.0,0.49,29.0,0.4208,756.0,15.0,-0.0124,0.0003,0.0789,-0.0083,-0.0221,0.4609,-0.095,0.43,0.44,0.43,no_change,0.44,2026-09-11T14:31:39,-17.757,0.535000011324882,332.685,2026-09-11 19:44:22,2026-09-11 15:45:04
AAPL,AAPL270319P00185000,AAPL,2027-03-19,P,185.0,0.49,369.0,0.57,237.0,0.4131,622.0,10.0,-0.0143,0.0004,0.0894,-0.0092,-0.0254,0.5307,-0.11,0.5,0.5,0.49,up,0.5,2026-09-11T10:45:56,-18.0328,0.609999984502792,332.685,2026-09-11 19:44:22,2026-09-11 15:45:04
AAPL,AAPL270319P00190000,AAPL,2027-03-19,P,190.0,0.57,424.0,0.65,139.0,0.4055,1016.0,10.0,-0.0165,0.0004,0.1012,-0.0102,-0.0293,0.6112,-0.055,0.64,0.64,0.62,up,0.63,2026-09-11T10:45:56,-8.0292,0.685000002384186,332.685,2026-09-11 19:44:22,2026-09-11 15:45:04
AAPL,AAPL270319P00195000,AAPL,2027-03-19,P,195.0,0.69,66.0,0.81,514.0,0.4026,999.0,2.0,-0.019,0.0005,0.1135,-0.0114,-0.0337,0.7037,-0.1,0.67,0.68,0.67,up,0.68,2026-09-11T11:09:02,-12.8205,0.780000001192093,332.685,2026-09-11 19:44:22,2026-09-11 15:45:04
AAPL,AAPL270319P00200000,AAPL,2027-03-19,P,200.0,0.81,3.0,0.86,297.0,0.3934,2618.0,5.0,-0.0218,0.0006,0.1278,-0.0126,-0.0386,0.8094,-0.08,0.82,0.82,0.82,down,0.82,2026-09-11T09:57:33,-8.88889,0.900000005960464,332.685,2026-09-11 19:44:22,2026-09-11 15:45:04
AAPL,AAPL270319P00210000,AAPL,2027-03-19,P,210.0,1.02,388.0,1.11,46.0,0.3777,2061.0,0.0,-0.0287,0.0007,0.1605,-0.0154,-0.0508,1.069,0.0,0.0,0.0,0.0,down,1.23,2026-09-10T14:52:27,0.0,1.19499999284744,332.685,2026-09-11 19:44:22,2026-09-11 15:45:04
AAPL,AAPL270319P00220000,AAPL,2027-03-19,P,220.0,1.35,478.0,1.47,335.0,0.3652,2571.0,13.0,-0.0376,0.0009,0.2008,-0.0186,-0.0663,1.4081,-0.195,1.45,1.45,1.36,up,1.4,2026-09-11T15:10:59,-12.2257,1.59499996900558,332.685,2026-09-11 19:44:22,2026-09-11 15:45:04
AAPL,AAPL270319P00230000,AAPL,2027-03-19,P,230.0,1.85,15.0,1.88,14.0,0.3541,3404.0,13.0,-0.049,0.0012,0.2473,-0.0224,-0.0858,1.8549,-0.23,1.86,1.86,1.86,no_change,1.86,2026-09-11T10:31:35,-11.0048,2.0900000333786,332.685,2026-09-11 19:44:22,2026-09-11 15:45:04
AAPL,AAPL270319P00240000,AAPL,2027-03-19,P,240.0,2.3,458.0,2.47,141.0,0.3408,6295.0,11.0,-0.0634,0.0015,0.3022,-0.0267,-0.1107,2.4341,-0.485,2.5,2.5,2.3,down,2.3,2026-09-11T11:12:56,-17.4147,2.7849999666214,332.685,2026-09-11 19:44:22,2026-09-11 15:45:04
AAPL,AAPL270319P00250000,AAPL,2027-03-19,P,250.0,3.15,170.0,3.25,464.0,0.3327,9896.0,231.0,-0.0815,0.0019,0.3665,-0.0315,-0.1415,3.1836,-0.475,3.2,3.25,3.04,no_change,3.2,2026-09-11T15:08:30,-12.9252,3.67499995231628,332.685,2026-09-11 19:44:22,2026-09-11 15:45:04
AAPL,AAPL270319P00260000,AAPL,2027-03-19,P,260.0,3.95,526.0,4.2,255.0,0.3213,4959.0,10.0,-0.1038,0.0024,0.4367,-0.0368,-0.1787,4.1436,-0.625,4.0,4.15,3.95,up,4.15,2026-09-11T13:55:48,-13.089,4.77499985694885,332.685,2026-09-11 19:44:22,2026-09-11 15:45:04
AAPL,AAPL270319P00270000,AAPL,2027-03-19,P,270.0,5.25,507.0,5.45,461.0,0.3137,5889.0,38.0,-0.1312,0.0029,0.5134,-0.0424,-0.2235,5.377,-0.75,5.45,5.45,5.15,no_change,5.45,2026-09-11T15:26:57,-12.0968,6.20000004768372,332.685,2026-09-11 19:44:22,2026-09-11 15:45:04
AAPL,AAPL270319P00280000,AAPL,2027-03-19,P,280.0,6.9,150.0,7.05,511.0,0.307,9371.0,952.0,-0.1642,0.0034,0.5952,-0.0483,-0.2769,6.9374,-1.025,7.05,7.1,6.55,no_change,7.0,2026-09-11T15:22:23,-12.7726,8.02499985694885,332.685,2026-09-11 19:44:22,2026-09-11 15:45:04
AAPL,AAPL270319P00290000,AAPL,2027-03-19,P,290.0,8.8,408.0,9.0,438.0,0.2992,7657.0,957.0,-0.2033,0.004,0.6787,-0.0542,-0.3392,8.8957,-1.3,9.9,10.2,8.5,up,9.0,2026-09-11T15:22:23,-12.6214,10.2999997138977,332.685,2026-09-11 19:44:22,2026-09-11 15:45:04
AAPL,AAPL270319P00300000,AAPL,2027-03-19,P,300.0,11.25,177.0,11.45,437.0,0.2932,3776.0,2015.0,-0.2484,0.0046,0.7581,-0.0598,-0.4064,11.3086,-1.7,11.52,11.55,10.7,down,11.35,2026-09-11T15:27:48,-13.0268,13.0499997138977,332.685,2026-09-11 19:44:22,2026-09-11 15:45:04
AAPL,AAPL270319P00310000,AAPL,2027-03-19,P,310.0,14.25,1.0,14.35,351.0,0.2875,3315.0,733.0,-0.2994,0.0052,0.8281,-0.0647,-0.4769,14.2443,-2.1,16.1,16.1,13.65,no_change,14.3,2026-09-11T15:28:48,-12.8049,16.4000005722046,332.685,2026-09-11 19:44:22,2026-09-11 15:45:04
AAPL,AAPL270319P00320000,AAPL,2027-03-19,P,320.0,17.6,498.0,17.9,487.0,0.2817,4646.0,801.0,-0.3556,0.0058,0.8849,-0.0688,-0.5499,17.7518,-2.6,19.31,19.5,16.95,no_change,17.75,2026-09-11T15:27:48,-12.7764,20.3499994277954,332.685,2026-09-11 19:44:22,2026-09-11 15:45:04
AAPL,AAPL270319P00330000,AAPL,2027-03-19,P,330.0,21.7,280.0,22.1,578.0,0.2773,2538.0,339.0,-0.4163,0.0062,0.9241,-0.0718,-0.621,21.8953,-3.425,23.0,23.0,20.8,down,21.6,2026-09-11T15:05:03,-13.6863,25.0249996185303,332.685,2026-09-11 19:44:22,2026-09-11 15:45:04
AAPL,AAPL270319P00340000,AAPL,2027-03-19,P,340.0,26.4,487.0,26.9,369.0,0.2731,243.0,197.0,-0.4796,0.0066,0.9409,-0.0736,-0.6861,26.6776,-3.775,28.86,28.86,25.65,no_change,26.5,2026-09-11T14:30:30,-12.469,30.2749996185303,332.685,2026-09-11 19:44:22,2026-09-11 15:45:04
AAPL,AAPL270319P00350000,AAPL,2027-03-19,P,350.0,31.85,306.0,32.4,279.0,0.2698,198.0,46.0,-0.5451,0.0068,0.9329,-0.074,-0.7376,32.1687,-5.05,33.15,33.15,30.75,up,31.3,2026-09-11T12:50:07,-13.8927,36.3500003814697,332.685,2026-09-11 19:44:22,2026-09-11 15:45:04
AAPL,AAPL270319P00360000,AAPL,2027-03-19,P,360.0,37.5,540.0,38.85,175.0,0.2658,97.0,0.0,-0.6106,0.0068,0.897,-0.0732,-0.766,38.343,0.0,0.0,0.0,0.0,no_change,45.25,2026-09-10T09:38:22,0.0,43.2249984741211,332.685,2026-09-11 19:44:22,2026-09-11 15:45:04
AAPL,AAPL270319P00370000,AAPL,2027-03-19,P,370.0,44.05,537.0,45.95,415.0,0.2636,25.0,4.0,-0.6746,0.0068,0.8384,-0.0713,-0.769,45.1766,-6.775,43.77,43.77,43.5,down,43.5,2026-09-11T11:04:50,-13.4759,50.2749996185303,332.685,2026-09-11 19:44:22,2026-09-11 15:45:04
AAPL,AAPL270319P00380000,AAPL,2027-03-19,P,380.0,51.45,506.0,53.0,220.0,0.2588,42.0,2.0,-0.7362,0.0067,0.7581,-0.0686,-0.7534,52.634,-6.05,51.75,52.3,51.75,up,52.3,2026-09-11T13:50:41,-10.3685,58.3499984741211,332.685,2026-09-11 19:44:22,2026-09-11 15:45:04
AAPL,AAPL270319P00390000,AAPL,2027-03-19,P,390.0,59.5,486.0,61.0,220.0,0.2568,21.0,3.0,-0.7946,0.0065,0.6558,-0.0657,-0.7029,60.6665,-7.45,61.0,61.0,59.05,down,59.05,2026-09-11T12:59:16,-11.203,66.5,332.685,2026-09-11 19:44:22,2026-09-11 15:45:04
AAPL,AAPL270319P00400000,AAPL,2027-03-19,P,400.0,68.0,448.0,69.65,222.0,0.2549,10.0,1.0,-0.8488,0.0062,0.5226,-0.062,-0.5798,69.2164,-5.675,70.0,70.0,70.0,down,70.0,2026-09-11T09:34:46,-7.49917,75.6749992370606,332.685,2026-09-11 19:44:22,2026-09-11 15:45:04
AAPL,AAPL270319P00410000,AAPL,2027-03-19,P,410.0,76.6,181.0,78.9,174.0,0.2476,10.0,0.0,-0.899,0.006,0.3993,-0.0593,-0.4487,78.208,0.0,0.0,0.0,0.0,down,85.52,2026-09-10T14:51:33,0.0,85.0499992370606,332.685,2026-09-11 19:44:22,2026-09-11 15:45:04
AAPL,AAPL270319P00420000,AAPL,2027-03-19,P,420.0,86.1,157.0,88.3,146.0,0.0,0.0,0.0,-0.9427,0.005,0.2544,-0.0562,-0.3067,87.6249,0.0,0.0,0.0,0.0,no_change,0.0,,0.0,94.4749984741211,332.685,2026-09-11 19:44:22,2026-09-11 15:45:04
AAPL,AAPL270319P00430000,AAPL,2027-03-19,P,430.0,95.85,112.0,98.2,111.0,0.0,0.0,0.0,-0.974,0.0032,0.0973,-0.0421,-0.0958,97.3689,0.0,0.0,0.0,0.0,no_change,0.0,,0.0,104.400001525879,332.685,2026-09-11 19:44:22,2026-09-11 15:45:04
AAPL,AAPL270319P00440000,AAPL,2027-03-19,P,440.0,105.9,112.0,108.15,111.0,0.0,0.0,0.0,-0.9922,0.0014,0.0342,-0.0144,0.0,107.285,0.0,0.0,0.0,0.0,down,120.21,2026-08-28T13:26:07,0.0,114.350002288818,332.685,2026-09-11 19:44:22,2026-09-11 15:45:04
AAPL,AAPL270319P00450000,AAPL,2027-03-19,P,450.0,115.85,117.0,118.05,109.0,0.0,0.0,0.0,-0.9986,0.0002,0.0,-0.0144,0.0,117.285,0.0,0.0,0.0,0.0,down,146.15,2026-06-08T14:57:57,0.0,124.475002288818,332.685,2026-09-11 19:44:22,2026-09-11 15:45:04
AAPL,AAPL270319P00460000,AAPL,2027-03-19,P,460.0,125.85,112.0,128.1,111.0,0.0,0.0,0.0,-1.0,0.0,0.0,-0.0144,0.0,127.285,0.0,0.0,0.0,0.0,no_change,0.0,,0.0,134.474998474121,332.685,2026-09-11 19:44:22,2026-09-11 15:45:04
AAPL,AAPL270319P00470000,AAPL,2027-03-19,P,470.0,135.9,150.0,138.3,151.0,0.0,0.0,0.0,-1.0,0.0,0.0,-0.0144,0.0,137.285,0.0,0.0,0.0,0.0,no_change,0.0,,0.0,144.599998474121,332.685,2026-09-11 19:44:22,2026-09-11 15:45:04
AAPL,AAPL270319P00480000,AAPL,2027-03-19,P,480.0,145.6,120.0,149.05,112.0,0.3391,0.0,0.0,-1.0,0.0,0.0,-0.0144,0.0,147.285,0.0,0.0,0.0,0.0,no_change,0.0,,0.0,154.550003051758,332.685,2026-09-11 19:44:22,2026-09-11 15:45:04
AAPL,AAPL270319P00490000,AAPL,2027-03-19,P,490.0,155.6,91.0,159.05,91.0,0.3541,0.0,0.0,-1.0,0.0,0.0,-0.0144,0.0,157.285,0.0,0.0,0.0,0.0,no_change,0.0,,0.0,164.474998474121,332.685,2026-09-11 19:44:22,2026-09-11 15:45:04
AAPL,AAPL270319P00500000,AAPL,2027-03-19,P,500.0,165.6,90.0,168.65,90.0,0.0,0.0,0.0,-1.0,0.0,0.0,-0.0144,0.0,167.285,0.0,0.0,0.0,0.0,no_change,0.0,,0.0,174.550003051758,332.685,2026-09-11 19:44:22,2026-09-11 15:45:04
AAPL,AAPL270319P00510000,AAPL,2027-03-19,P,510.0,175.5,90.0,178.65,90.0,0.0,0.0,0.0,-1.0,0.0,0.0,-0.0144,0.0,177.285,0.0,0.0,0.0,0.0,no_change,0.0,,0.0,184.550003051758,332.685,2026-09-11 19:44:22,2026-09-11 15:45:04
AAPL,AAPL270319P00520000,AAPL,2027-03-19,P,520.0,185.55,112.0,188.65,114.0,0.0,0.0,0.0,-1.0,0.0,0.0,-0.0144,0.0,187.285,0.0,0.0,0.0,0.0,no_change,0.0,,0.0,194.550003051758,332.685,2026-09-11 19:44:22,2026-09-11 15:45:04
AAPL,AAPL270319P00530000,AAPL,2027-03-19,P,530.0,195.6,90.0,199.1,90.0,0.4147,0.0,0.0,-1.0,0.0,0.0,-0.0144,0.0,197.285,0.0,0.0,0.0,0.0,no_change,0.0,,0.0,204.675003051758,332.685,2026-09-11 19:44:22,2026-09-11 15:45:04
AAPL,AAPL270319P00540000,AAPL,2027-03-19,P,540.0,205.6,137.0,208.95,138.0,0.0,0.0,0.0,-1.0,0.0,0.0,-0.0144,0.0,207.285,0.0,0.0,0.0,0.0,no_change,0.0,,0.0,214.599998474121,332.685,2026-09-11 19:44:22,2026-09-11 15:45:04
AAPL,AAPL270319P00550000,AAPL,2027-03-19,P,550.0,215.6,111.0,219.0,112.0,0.4316,0.0,0.0,-1.0,0.0,0.0,-0.0144,0.0,217.285,0.0,0.0,0.0,0.0,no_change,0.0,,0.0,224.675003051758,332.685,2026-09-11 19:44:22,2026-09-11 15:45:04
AAPL,AAPL270319P00560000,AAPL,2027-03-19,P,560.0,225.5,91.0,228.65,91.0,0.0,0.0,0.0,-1.0,0.0,0.0,-0.0144,0.0,227.285,0.0,0.0,0.0,0.0,no_change,0.0,,0.0,234.550003051758,332.685,2026-09-11 19:44:22,2026-09-11 15:45:04
AAPL,AAPL270319P00570000,AAPL,2027-03-19,P,570.0,235.6,111.0,238.95,112.0,0.0,0.0,0.0,-1.0,0.0,0.0,-0.0144,0.0,237.285,0.0,0.0,0.0,0.0,no_change,0.0,,0.0,244.550003051758,332.685,2026-09-11 19:44:22,2026-09-11 15:45:04
AAPL,AAPL270319P00580000,AAPL,2027-03-19,P,580.0,245.6,111.0,248.95,112.0,0.0,0.0,0.0,-1.0,0.0,0.0,-0.0144,0.0,247.285,0.0,0.0,0.0,0.0,no_change,0.0,,0.0,254.574996948242,332.685,2026-09-11 19:44:22,2026-09-11 15:45:04
AAPL,AAPL270319P00590000,AAPL,2027-03-19,P,590.0,255.5,90.0,258.65,102.0,0.0,0.0,0.0,-1.0,0.0,0.0,-0.0144,0.0,257.285,0.0,0.0,0.0,0.0,no_change,0.0,,0.0,264.549987792969,332.685,2026-09-11 19:44:22,2026-09-11 15:45:04
AAPL,AAPL270319P00600000,AAPL,2027-03-19,P,600.0,265.6,86.0,269.0,87.0,0.4922,0.0,0.0,-1.0,0.0,0.0,-0.0144,0.0,267.285,0.0,0.0,0.0,0.0,up,283.39,2026-09-08T09:48:06,0.0,274.549987792969,332.685,2026-09-11 19:44:22,2026-09-11 15:45:04
AAPL,AAPL270416C00195000,AAPL,2027-04-16,C,195.0,142.25,136.0,144.7,115.0,0.3764,0.0,0.0,0.9793,0.0005,0.1344,-0.0014,1.0816,143.5929,0.0,0.0,0.0,0.0,no_change,0.0,,0.0,136.650001525879,332.685,2026-09-11 19:44:22,2026-09-11 15:45:04
AAPL,AAPL270416C00200000,AAPL,2027-04-16,C,200.0,137.5,129.0,140.4,130.0,0.386,1.0,0.0,0.9762,0.0006,0.1504,-0.0029,1.1038,138.8528,0.0,0.0,0.0,0.0,up,134.87,2026-09-03T10:19:56,0.0,131.924995422363,332.685,2026-09-11 19:44:22,2026-09-11 15:45:04
AAPL,AAPL270416C00210000,AAPL,2027-04-16,C,210.0,128.3,129.0,130.5,101.0,0.3655,1.0,0.0,0.9688,0.0008,0.1871,-0.0062,1.1453,129.4268,0.0,0.0,0.0,0.0,down,111.93,2026-08-27T14:22:02,0.0,122.575000762939,332.685,2026-09-11 19:44:22,2026-09-11 15:45:04
AAPL,AAPL270416C00215000,AAPL,2027-04-16,C,215.0,123.5,130.0,126.55,132.0,0.3744,5.0,0.0,0.9644,0.0008,0.2081,-0.008,1.1646,124.7453,0.0,0.0,0.0,0.0,up,112.89,2026-09-04T10:44:47,0.0,117.875,332.685,2026-09-11 19:44:22,2026-09-11 15:45:04
AAPL,AAPL270416C00220000,AAPL,2027-04-16,C,220.0,119.15,153.0,121.25,159.0,0.3603,2.0,0.0,0.9595,0.001,0.2311,-0.0099,1.1824,120.0888,0.0,0.0,0.0,0.0,up,117.39,2026-09-03T11:54:22,0.0,113.25,332.685,2026-09-11 19:44:22,2026-09-11 15:45:04
AAPL,AAPL270416C00225000,AAPL,2027-04-16,C,225.0,114.6,118.0,116.25,48.0,0.3485,0.0,1.0,0.9539,0.0011,0.2556,-0.0119,1.199,115.4606,6.875,115.55,115.55,115.55,up,115.55,2026-09-11T14:40:56,6.3262,108.674999237061,332.685,2026-09-11 19:44:22,2026-09-11 15:45:04
AAPL,AAPL270416C00230000,AAPL,2027-04-16,C,230.0,110.15,112.0,112.4,154.0,0.359,10.0,0.0,0.9476,0.0012,0.2821,-0.014,1.2142,110.8639,0.0,0.0,0.0,0.0,up,102.03,2026-09-10T11:32:10,0.0,104.099998474121,332.685,2026-09-11 19:44:22,2026-09-11 15:45:04
AAPL,AAPL270416C00235000,AAPL,2027-04-16,C,235.0,105.15,127.0,106.9,32.0,0.3301,5.0,0.0,0.9407,0.0014,0.311,-0.0162,1.2274,106.3029,0.0,0.0,0.0,0.0,no_change,90.1,2026-09-08T12:54:05,0.0,99.5999984741211,332.685,2026-09-11 19:44:22,2026-09-11 15:45:04
AAPL,AAPL270416C00240000,AAPL,2027-04-16,C,240.0,100.95,120.0,103.2,127.0,0.3433,14.0,0.0,0.9329,0.0015,0.3414,-0.0185,1.2389,101.7821,0.0,0.0,0.0,0.0,down,86.0,2026-09-09T15:15:55,0.0,95.0,332.685,2026-09-11 19:44:22,2026-09-11 15:45:04
AAPL,AAPL270416C00245000,AAPL,2027-04-16,C,245.0,96.25,119.0,98.1,40.0,0.3264,28.0,0.0,0.9242,0.0017,0.3739,-0.021,1.2487,97.3058,0.0,0.0,0.0,0.0,down,81.14,2026-09-09T09:45:41,0.0,90.5,332.685,2026-09-11 19:44:22,2026-09-11 15:45:04
AAPL,AAPL270416C00250000,AAPL,2027-04-16,C,250.0,91.55,274.0,93.9,180.0,0.3216,48.0,7.0,0.9146,0.0019,0.4087,-0.0235,1.2559,92.8792,7.425,92.15,94.0,92.15,down,93.55,2026-09-11T09:44:52,8.62119,86.125,332.685,2026-09-11 19:44:22,2026-09-11 15:45:04
AAPL,AAPL270416C00255000,AAPL,2027-04-16,C,255.0,87.5,150.0,89.35,108.0,0.3192,31.0,0.0,0.904,0.0021,0.4446,-0.0261,1.261,88.5083,0.0,0.0,0.0,0.0,up,82.0,2026-09-10T15:34:17,0.0,81.7749977111816,332.685,2026-09-11 19:44:22,2026-09-11 15:45:04
AAPL,AAPL270416C00260000,AAPL,2027-04-16,C,260.0,83.1,371.0,85.15,354.0,0.3155,7.0,0.0,0.8924,0.0023,0.4824,-0.0288,1.2639,84.1979,0.0,0.0,0.0,0.0,down,67.78,2026-09-09T14:47:03,0.0,77.6000022888184,332.685,2026-09-11 19:44:22,2026-09-11 15:45:04
AAPL,AAPL270416C00265000,AAPL,2027-04-16,C,265.0,79.25,189.0,80.5,77.0,0.3115,6.0,0.0,0.8796,0.0025,0.522,-0.0315,1.2636,79.9547,0.0,0.0,0.0,0.0,no_change,64.7,2026-09-09T15:44:06,0.0,73.4750022888184,332.685,2026-09-11 19:44:22,2026-09-11 15:45:04
AAPL,AAPL270416C00270000,AAPL,2027-04-16,C,270.0,74.95,384.0,76.2,141.0,0.3054,41.0,1.0,0.8656,0.0027,0.562,-0.0342,1.261,75.7853,7.375,76.85,76.85,76.85,up,76.85,2026-09-11T12:07:57,10.6153,69.4749984741211,332.685,2026-09-11 19:44:22,2026-09-11 15:45:04
AAPL,AAPL270416C00275000,AAPL,2027-04-16,C,275.0,71.05,81.0,72.2,88.0,0.3045,33.0,0.0,0.8505,0.003,0.6034,-0.037,1.2556,71.6951,0.0,0.0,0.0,0.0,up,66.5,2026-09-10T15:50:56,0.0,65.5499992370606,332.685,2026-09-11 19:44:22,2026-09-11 15:45:04
AAPL,AAPL270416C00280000,AAPL,2027-04-16,C,280.0,66.85,399.0,68.65,390.0,0.3031,248.0,4.0,0.8342,0.0032,0.6453,-0.0398,1.2466,67.692,6.975,67.23,69.71,67.23,no_change,68.85,2026-09-11T12:28:52,11.2727,61.875,332.685,2026-09-11 19:44:22,2026-09-11 15:45:04
AAPL,AAPL270416C00285000,AAPL,2027-04-16,C,285.0,63.2,83.0,64.3,86.0,0.2984,2175.0,0.0,0.8165,0.0035,0.6866,-0.0425,1.2354,63.7822,0.0,0.0,0.0,0.0,down,53.0,2026-09-10T10:14:20,0.0,57.7250003814697,332.685,2026-09-11 19:44:22,2026-09-11 15:45:04
AAPL,AAPL270416C00290000,AAPL,2027-04-16,C,290.0,58.95,458.0,60.45,147.0,0.292,46.0,5.0,0.7977,0.0037,0.7283,-0.0452,1.2206,59.9716,7.22,56.9,62.45,56.9,down,61.22,2026-09-11T12:58:13,13.3704,54.0,332.685,2026-09-11 19:44:22,2026-09-11 15:45:04
AAPL,AAPL270416C00295000,AAPL,2027-04-16,C,295.0,55.7,97.0,57.35,308.0,0.2962,22.0,0.0,0.7776,0.004,0.7688,-0.0477,1.2027,56.2686,0.0,0.0,0.0,0.0,up,45.1,2026-09-10T09:55:34,0.0,50.7000007629394,332.685,2026-09-11 19:44:22,2026-09-11 15:45:04
AAPL,AAPL270416C00300000,AAPL,2027-04-16,C,300.0,51.95,275.0,53.25,144.0,0.289,106.0,1.0,0.7563,0.0042,0.8076,-0.0502,1.1823,52.6778,8.0,55.1,55.1,55.1,up,55.1,2026-09-11T11:24:29,16.9851,47.1000003814697,332.685,2026-09-11 19:44:22,2026-09-11 15:45:04
AAPL,AAPL270416C00305000,AAPL,2027-04-16,C,305.0,48.45,300.0,49.6,71.0,0.2852,16.0,0.0,0.7339,0.0044,0.8452,-0.0524,1.158,49.2062,0.0,0.0,0.0,0.0,down,34.5,2026-09-09T14:28:35,0.0,44.125,332.685,2026-09-11 19:44:22,2026-09-11 15:45:04
AAPL,AAPL270416C00310000,AAPL,2027-04-16,C,310.0,45.45,287.0,46.6,367.0,0.2867,84.0,3.0,0.7104,0.0047,0.8799,-0.0545,1.1316,45.86,3.36,46.85,46.85,44.11,down,44.11,2026-09-11T09:48:54,8.2454,40.75,332.685,2026-09-11 19:44:22,2026-09-11 15:45:04
AAPL,AAPL270416C00315000,AAPL,2027-04-16,C,315.0,42.2,446.0,43.05,228.0,0.2822,141.0,55.0,0.6859,0.0049,0.9119,-0.0564,1.1022,42.643,4.375,39.8,44.8,39.8,down,42.3,2026-09-11T14:53:18,11.5359,37.9250011444092,332.685,2026-09-11 19:44:22,2026-09-11 15:45:04
AAPL,AAPL270416C00320000,AAPL,2027-04-16,C,320.0,39.25,479.0,40.15,467.0,0.2816,87.0,56.0,0.6605,0.0051,0.9406,-0.0581,1.0698,39.5617,4.73,38.0,41.5,38.0,up,39.53,2026-09-11T15:26:32,13.592,34.8000011444092,332.685,2026-09-11 19:44:22,2026-09-11 15:45:04
AAPL,AAPL270416C00325000,AAPL,2027-04-16,C,325.0,36.3,484.0,37.0,347.0,0.2784,196.0,10.0,0.6344,0.0053,0.9653,-0.0594,1.036,36.6187,5.42,33.44,38.66,33.44,down,37.52,2026-09-11T12:06:25,16.8847,32.0999994277954,332.685,2026-09-11 19:44:22,2026-09-11 15:45:04
AAPL,AAPL270416C00330000,AAPL,2027-04-16,C,330.0,33.45,485.0,34.05,68.0,0.2754,129.0,51.0,0.6076,0.0054,0.9861,-0.0606,0.9991,33.8173,5.48,30.7,35.08,30.7,up,35.08,2026-09-11T11:37:33,18.5135,29.6000003814697,332.685,2026-09-11 19:44:22,2026-09-11 15:45:04
AAPL,AAPL270416C00335000,AAPL,2027-04-16,C,335.0,30.95,290.0,31.4,271.0,0.2745,914.0,46.0,0.5803,0.0055,1.0024,-0.0614,0.9609,31.1612,4.075,29.13,33.2,29.13,no_change,31.2,2026-09-11T15:26:22,15.023,27.125,332.685,2026-09-11 19:44:22,2026-09-11 15:45:04
AAPL,AAPL270416C00340000,AAPL,2027-04-16,C,340.0,28.4,538.0,28.8,90.0,0.2722,524.0,9.0,0.5528,0.0056,1.0139,-0.0619,0.9214,28.6495,4.275,28.9,30.3,28.4,down,29.15,2026-09-11T13:34:55,17.1859,24.875,332.685,2026-09-11 19:44:22,2026-09-11 15:45:04
AAPL,AAPL270416C00345000,AAPL,2027-04-16,C,345.0,26.05,546.0,26.4,64.0,0.2706,285.0,126.0,0.525,0.0057,1.0208,-0.0622,0.8798,26.2845,3.585,26.11,27.37,26.11,down,26.31,2026-09-11T14:51:51,15.7756,22.7249994277954,332.685,2026-09-11 19:44:22,2026-09-11 15:45:04
AAPL,AAPL270416C00350000,AAPL,2027-04-16,C,350.0,23.85,466.0,24.25,427.0,0.2696,729.0,106.0,0.4973,0.0058,1.0228,-0.0621,0.8386,24.0648,3.55,24.2,25.82,23.75,down,24.25,2026-09-11T13:56:46,17.1498,20.6999998092651,332.685,2026-09-11 19:44:22,2026-09-11 15:45:04
AAPL,AAPL270416C00355000,AAPL,2027-04-16,C,355.0,21.8,459.0,22.1,357.0,0.2681,204.0,22.0,0.4698,0.0058,1.02,-0.0617,0.796,21.9879,4.445,21.55,23.32,21.55,up,23.32,2026-09-11T10:58:08,23.5497,18.875,332.685,2026-09-11 19:44:22,2026-09-11 15:45:04
AAPL,AAPL270416C00360000,AAPL,2027-04-16,C,360.0,19.85,488.0,20.15,274.0,0.2668,1409.0,67.0,0.4426,0.0057,1.0125,-0.0611,0.7533,20.0531,3.845,17.75,21.44,17.75,no_change,20.97,2026-09-11T12:14:42,22.4526,17.125,332.685,2026-09-11 19:44:22,2026-09-11 15:45:04
AAPL,AAPL270416C00365000,AAPL,2027-04-16,C,365.0,18.05,473.0,18.4,385.0,0.266,218.0,46.0,0.4158,0.0057,1.0009,-0.0602,0.7115,18.2546,3.895,17.1,19.42,17.1,up,19.42,2026-09-11T10:58:08,25.0886,15.5250000953674,332.685,2026-09-11 19:44:22,2026-09-11 15:45:04
AAPL,AAPL270416C00370000,AAPL,2027-04-16,C,370.0,16.4,291.0,16.75,587.0,0.2653,206.0,159.0,0.3897,0.0056,0.9846,-0.0591,0.669,16.5892,3.625,15.75,17.7,15.75,up,17.7,2026-09-11T10:56:55,25.7549,14.0749998092651,332.685,2026-09-11 19:44:22,2026-09-11 15:45:04
AAPL,AAPL270416C00375000,AAPL,2027-04-16,C,375.0,14.85,400.0,15.2,588.0,0.2644,53.0,16.0,0.3644,0.0055,0.9649,-0.0577,0.6282,15.0523,2.825,16.25,16.3,15.55,down,15.55,2026-09-11T13:32:49,22.2004,12.7249999046326,332.685,2026-09-11 19:44:22,2026-09-11 15:45:04
AAPL,AAPL270416C00380000,AAPL,2027-04-16,C,380.0,13.45,504.0,13.75,495.0,0.2636,367.0,3.0,0.3398,0.0054,0.9419,-0.0562,0.5881,13.6365,2.7,14.61,14.61,14.0,up,14.2,2026-09-11T13:13:23,23.4783,11.5,332.685,2026-09-11 19:44:22,2026-09-11 15:45:04
AAPL,AAPL270416C00385000,AAPL,2027-04-16,C,385.0,12.15,466.0,12.45,388.0,0.263,127.0,17.0,0.3163,0.0052,0.9152,-0.0545,0.5486,12.3373,2.425,12.28,13.4,11.9,no_change,12.8,2026-09-11T12:54:45,23.3735,10.375,332.685,2026-09-11 19:44:22,2026-09-11 15:45:04
AAPL,AAPL270416C00390000,AAPL,2027-04-16,C,390.0,10.85,467.0,11.35,640.0,0.2624,75.0,42.0,0.2937,0.0051,0.8867,-0.0526,0.5114,11.1478,1.79,11.25,11.71,11.05,down,11.14,2026-09-11T14:32:25,19.1444,9.34999990463257,332.685,2026-09-11 19:44:22,2026-09-11 15:45:04
AAPL,AAPL270416C00395000,AAPL,2027-04-16,C,395.0,9.85,597.0,10.2,505.0,0.2622,803.0,4.0,0.2722,0.0049,0.8558,-0.0507,0.4752,10.0603,1.675,10.1,10.1,10.1,no_change,10.1,2026-09-11T10:06:36,19.8813,8.42500019073486,332.685,2026-09-11 19:44:22,2026-09-11 15:45:04
AAPL,AAPL270416C00400000,AAPL,2027-04-16,C,400.0,8.9,562.0,9.15,304.0,0.2618,331.0,15.0,0.2517,0.0047,0.8228,-0.0486,0.4403,9.0699,1.475,9.1,10.0,8.9,down,9.05,2026-09-11T14:52:16,19.472,7.57499980926514,332.685,2026-09-11 19:44:22,2026-09-11 15:45:04
AAPL,AAPL270416C00405000,AAPL,2027-04-16,C,405.0,8.0,595.0,8.25,284.0,0.2615,158.0,28.0,0.2324,0.0045,0.7892,-0.0465,0.4079,8.1688,1.345,8.2,8.2,8.17,down,8.17,2026-09-11T15:21:39,19.707,6.82500004768372,332.685,2026-09-11 19:44:22,2026-09-11 15:45:04
AAPL,AAPL270416C00410000,AAPL,2027-04-16,C,410.0,7.15,615.0,7.45,276.0,0.2613,72.0,13.0,0.2142,0.0043,0.7544,-0.0444,0.3766,7.3501,1.175,7.4,8.03,7.3,down,7.3,2026-09-11T14:13:28,19.1837,6.125,332.685,2026-09-11 19:44:22,2026-09-11 15:45:04
AAPL,AAPL270416C00420000,AAPL,2027-04-16,C,420.0,5.8,611.0,6.05,476.0,0.2617,275.0,22.0,0.1812,0.0039,0.6835,-0.04,0.3198,5.9377,1.525,5.95,6.5,5.9,no_change,6.5,2026-09-11T11:08:32,30.6533,4.97500014305115,332.685,2026-09-11 19:44:22,2026-09-11 15:45:04
AAPL,AAPL270416C00430000,AAPL,2027-04-16,C,430.0,4.6,519.0,4.9,410.0,0.2614,56.0,8.0,0.1524,0.0035,0.6127,-0.0358,0.2694,4.784,0.9,5.0,5.3,4.85,down,4.85,2026-09-11T13:41:12,22.7848,3.94999992847443,332.685,2026-09-11 19:44:22,2026-09-11 15:45:04
AAPL,AAPL270416C00440000,AAPL,2027-04-16,C,440.0,3.65,441.0,4.0,431.0,0.2619,202.0,59.0,0.1275,0.0031,0.5451,-0.0317,0.2263,3.8466,0.75,3.34,3.95,3.34,up,3.95,2026-09-11T13:37:23,23.4375,3.19999992847443,332.685,2026-09-11 19:44:22,2026-09-11 15:45:04
AAPL,AAPL270416C00450000,AAPL,2027-04-16,C,450.0,3.0,427.0,3.2,381.0,0.263,59.0,42.0,0.1063,0.0027,0.4804,-0.0278,0.189,3.0888,0.53,3.17,3.35,3.1,no_change,3.11,2026-09-11T15:00:05,20.5426,2.58000004291534,332.685,2026-09-11 19:44:22,2026-09-11 15:45:04
AAPL,AAPL270416C00460000,AAPL,2027-04-16,C,460.0,2.44,423.0,2.55,409.0,0.2638,142.0,84.0,0.0884,0.0024,0.4211,-0.0243,0.1572,2.4776,0.74,2.58,2.8,2.58,no_change,2.8,2026-09-11T11:05:35,35.9223,2.06000006198883,332.685,2026-09-11 19:44:22,2026-09-11 15:45:04
AAPL,AAPL270416C00470000,AAPL,2027-04-16,C,470.0,1.96,194.0,2.04,155.0,0.2644,31.0,94.0,0.0732,0.002,0.3667,-0.0211,0.1306,1.9869,0.35,1.98,2.26,1.95,down,2.0,2026-09-11T14:18:54,21.2121,1.64999997615814,332.685,2026-09-11 19:44:22,2026-09-11 15:45:04
AAPL,AAPL270416P00195000,AAPL,2027-04-16,P,195.0,0.83,362.0,0.94,346.0,0.3885,102.0,0.0,-0.0216,0.0005,0.1359,-0.0115,-0.044,0.8513,0.0,0.0,0.0,0.0,down,0.93,2026-09-10T14:44:13,0.0,0.9549999833107,332.685,2026-09-11 19:44:22,2026-09-11 15:45:04
AAPL,AAPL270416P00200000,AAPL,2027-04-16,P,200.0,0.95,311.0,1.03,40.0,0.3804,210.0,0.0,-0.0248,0.0006,0.1529,-0.0127,-0.0504,0.9752,0.0,0.0,0.0,0.0,up,1.14,2026-09-10T13:25:06,0.0,1.08999997377396,332.685,2026-09-11 19:44:22,2026-09-11 15:45:04
AAPL,AAPL270416P00210000,AAPL,2027-04-16,P,210.0,1.24,306.0,1.35,156.0,0.3677,341.0,72.0,-0.0323,0.0008,0.1894,-0.0154,-0.0654,1.2799,-0.15,1.5,1.5,1.27,down,1.27,2026-09-11T13:41:23,-10.5634,1.4200000166893,332.685,2026-09-11 19:44:22,2026-09-11 15:45:04
AAPL,AAPL270416P00215000,AAPL,2027-04-16,P,215.0,1.42,281.0,1.52,103.0,0.3614,81.0,4.0,-0.0368,0.0009,0.2115,-0.0168,-0.0744,1.4626,-0.205,1.45,1.45,1.45,down,1.45,2026-09-11T11:47:41,-12.3867,1.65499997138977,332.685,2026-09-11 19:44:22,2026-09-11 15:45:04
AAPL,AAPL270416P00220000,AAPL,2027-04-16,P,220.0,1.6,344.0,1.72,70.0,0.3546,26.0,0.0,-0.0419,0.001,0.2343,-0.0184,-0.0847,1.674,0.0,0.0,0.0,0.0,no_change,2.05,2026-09-10T12:20:53,0.0,1.92499995231628,332.685,2026-09-11 19:44:22,2026-09-11 15:45:04
AAPL,AAPL270416P00225000,AAPL,2027-04-16,P,225.0,1.86,350.0,2.0,472.0,0.3506,30.0,1.0,-0.0476,0.0011,0.2587,-0.0202,-0.0958,1.9118,-0.3,1.85,1.85,1.85,down,1.85,2026-09-11T13:50:54,-13.9535,2.14999997615814,332.685,2026-09-11 19:44:22,2026-09-11 15:45:04
AAPL,AAPL270416P00230000,AAPL,2027-04-16,P,230.0,2.08,358.0,2.24,106.0,0.3438,80.0,0.0,-0.054,0.0012,0.287,-0.022,-0.1084,2.1819,0.0,0.0,0.0,0.0,down,2.47,2026-09-10T13:32:13,0.0,2.4650000333786,332.685,2026-09-11 19:44:22,2026-09-11 15:45:04
AAPL,AAPL270416P00235000,AAPL,2027-04-16,P,235.0,2.42,248.0,2.54,87.0,0.3392,159.0,0.0,-0.0612,0.0014,0.3155,-0.024,-0.1228,2.4908,0.0,0.0,0.0,0.0,no_change,3.25,2026-09-08T15:05:28,0.0,2.83500003814697,332.685,2026-09-11 19:44:22,2026-09-11 15:45:04
AAPL,AAPL270416P00240000,AAPL,2027-04-16,P,240.0,2.79,219.0,2.91,377.0,0.3347,250.0,8.0,-0.0693,0.0016,0.3462,-0.026,-0.1381,2.8404,-0.445,2.87,2.87,2.79,up,2.83,2026-09-11T14:49:46,-13.5878,3.27500009536743,332.685,2026-09-11 19:44:22,2026-09-11 15:45:04
AAPL,AAPL270416P00245000,AAPL,2027-04-16,P,245.0,3.1,391.0,3.3,114.0,0.3292,65.0,3.0,-0.078,0.0017,0.3805,-0.0282,-0.1553,3.2306,-0.445,3.28,3.28,3.28,no_change,3.28,2026-09-11T09:46:10,-11.9463,3.72499990463257,332.685,2026-09-11 19:44:22,2026-09-11 15:45:04
AAPL,AAPL270416P00250000,AAPL,2027-04-16,P,250.0,3.55,477.0,3.75,177.0,0.3244,140.0,3.0,-0.0881,0.0019,0.4148,-0.0305,-0.1749,3.6834,-0.665,3.8,3.8,3.6,up,3.61,2026-09-11T10:58:55,-15.5556,4.27500009536743,332.685,2026-09-11 19:44:22,2026-09-11 15:45:04
AAPL,AAPL270416P00255000,AAPL,2027-04-16,P,255.0,4.05,500.0,4.3,435.0,0.321,87.0,19.0,-0.0988,0.0021,0.451,-0.0328,-0.1951,4.1805,-0.725,4.15,4.15,4.15,no_change,4.15,2026-09-11T10:25:14,-14.8718,4.875,332.685,2026-09-11 19:44:22,2026-09-11 15:45:04
AAPL,AAPL270416P00260000,AAPL,2027-04-16,P,260.0,4.65,442.0,4.8,83.0,0.3164,49.0,1069.0,-0.111,0.0024,0.4913,-0.0353,-0.2186,4.7505,-0.9,4.8,4.8,4.6,no_change,4.6,2026-09-11T12:09:13,-16.3636,5.5,332.685,2026-09-11 19:44:22,2026-09-11 15:45:04
AAPL,AAPL270416P00265000,AAPL,2027-04-16,P,265.0,5.2,501.0,5.6,508.0,0.3133,89.0,0.0,-0.1241,0.0026,0.5291,-0.0378,-0.2429,5.3841,0.0,0.0,0.0,0.0,no_change,6.5,2026-09-10T11:14:50,0.0,6.22499990463257,332.685,2026-09-11 19:44:22,2026-09-11 15:45:04
AAPL,AAPL270416P00270000,AAPL,2027-04-16,P,270.0,6.0,487.0,6.2,188.0,0.3093,252.0,24.0,-0.1386,0.0028,0.5709,-0.0404,-0.2696,6.0966,-0.95,5.88,6.1,5.88,up,6.05,2026-09-11T14:43:10,-13.5714,7.0,332.685,2026-09-11 19:44:22,2026-09-11 15:45:04
AAPL,AAPL270416P00275000,AAPL,2027-04-16,P,275.0,6.8,492.0,7.0,100.0,0.3057,200.0,4.0,-0.1544,0.0031,0.6139,-0.043,-0.3004,6.8933,-1.085,6.95,6.95,6.7,up,6.84,2026-09-11T10:36:14,-13.6909,7.92500019073486,332.685,2026-09-11 19:44:22,2026-09-11 15:45:04
AAPL,AAPL270416P00280000,AAPL,2027-04-16,P,280.0,7.6,551.0,7.9,122.0,0.3016,213.0,5.0,-0.1716,0.0033,0.6544,-0.0457,-0.33,7.7877,-1.19,7.81,7.81,7.81,down,7.81,2026-09-11T09:39:55,-13.2222,9.0,332.685,2026-09-11 19:44:22,2026-09-11 15:45:04
AAPL,AAPL270416P00285000,AAPL,2027-04-16,P,285.0,8.55,616.0,8.95,402.0,0.2987,277.0,3.0,-0.1899,0.0036,0.6976,-0.0482,-0.3626,8.7619,-1.33,9.35,9.35,8.77,down,8.77,2026-09-11T10:24:07,-13.1683,10.0999999046326,332.685,2026-09-11 19:44:22,2026-09-11 15:45:04
AAPL,AAPL270416P00290000,AAPL,2027-04-16,P,290.0,9.7,440.0,10.2,690.0,0.2971,258.0,7.0,-0.2096,0.0039,0.7394,-0.0508,-0.398,9.8526,-1.515,10.74,10.74,9.6,up,9.86,2026-09-11T14:57:42,-13.3187,11.375,332.685,2026-09-11 19:44:22,2026-09-11 15:45:04
AAPL,AAPL270416P00295000,AAPL,2027-04-16,P,295.0,10.85,607.0,11.45,749.0,0.2939,419.0,2.0,-0.2309,0.0042,0.7792,-0.0533,-0.4334,11.0595,-1.65,11.1,11.1,11.1,down,11.1,2026-09-11T09:41:57,-12.9412,12.75,332.685,2026-09-11 19:44:22,2026-09-11 15:45:04
AAPL,AAPL270416P00300000,AAPL,2027-04-16,P,300.0,12.35,270.0,12.6,560.0,0.2912,100.0,22.0,-0.2533,0.0044,0.8199,-0.0557,-0.4719,12.3734,-1.8,13.39,13.39,12.28,up,12.4,2026-09-11T15:24:06,-12.6761,14.2000002861023,332.685,2026-09-11 19:44:22,2026-09-11 15:45:04
AAPL,AAPL270416P00305000,AAPL,2027-04-16,P,305.0,13.65,650.0,14.05,411.0,0.2877,71.0,105.0,-0.277,0.0047,0.855,-0.0579,-0.5099,13.8196,-1.825,14.5,14.5,14.0,down,14.0,2026-09-11T09:57:32,-11.5324,15.8249998092651,332.685,2026-09-11 19:44:22,2026-09-11 15:45:04
AAPL,AAPL270416P00310000,AAPL,2027-04-16,P,310.0,15.25,544.0,15.8,621.0,0.2861,520.0,124.0,-0.3021,0.005,0.8899,-0.06,-0.5494,15.4037,-2.31,15.65,15.65,15.18,up,15.34,2026-09-11T14:43:10,-13.0878,17.6500005722046,332.685,2026-09-11 19:44:22,2026-09-11 15:45:04
AAPL,AAPL270416P00315000,AAPL,2027-04-16,P,315.0,16.95,569.0,17.4,575.0,0.2829,279.0,10.0,-0.3283,0.0052,0.9212,-0.062,-0.5898,17.1249,-2.775,18.8,18.8,16.8,down,16.8,2026-09-11T10:27:23,-14.1762,19.5749998092651,332.685,2026-09-11 19:44:22,2026-09-11 15:45:04
AAPL,AAPL270416P00320000,AAPL,2027-04-16,P,320.0,18.8,452.0,19.3,614.0,0.281,155.0,48.0,-0.3553,0.0054,0.9467,-0.0637,-0.6282,18.9708,-3.12,19.12,19.2,18.53,down,18.53,2026-09-11T10:43:28,-14.4111,21.6499996185303,332.685,2026-09-11 19:44:22,2026-09-11 15:45:04
AAPL,AAPL270416P00325000,AAPL,2027-04-16,P,325.0,20.8,554.0,21.25,554.0,0.2783,148.0,10.0,-0.3838,0.0057,0.9698,-0.0652,-0.6682,20.9992,-3.355,20.55,20.55,20.2,up,20.52,2026-09-11T11:47:41,-14.0524,23.875,332.685,2026-09-11 19:44:22,2026-09-11 15:45:04
AAPL,AAPL270416P00330000,AAPL,2027-04-16,P,330.0,22.95,406.0,23.45,606.0,0.2766,109.0,23.0,-0.4127,0.0059,0.987,-0.0664,-0.7037,23.1577,-3.65,23.78,23.78,22.4,up,22.65,2026-09-11T12:39:30,-13.8783,26.2999992370605,332.685,2026-09-11 19:44:22,2026-09-11 15:45:04
AAPL,AAPL270416P00335000,AAPL,2027-04-16,P,335.0,25.25,457.0,25.8,615.0,0.2749,62.0,6.0,-0.4423,0.006,0.9991,-0.0673,-0.7392,25.4683,-4.1,26.35,26.35,24.7,down,24.7,2026-09-11T11:41:43,-14.2361,28.8000001907349,332.685,2026-09-11 19:44:22,2026-09-11 15:45:04
AAPL,AAPL270416P00340000,AAPL,2027-04-16,P,340.0,27.6,572.0,28.3,336.0,0.2726,6.0,35.0,-0.4726,0.0062,1.005,-0.068,-0.772,27.9529,-3.7,27.7,27.85,27.7,up,27.85,2026-09-11T14:24:07,-11.7274,31.5500001907349,332.685,2026-09-11 19:44:22,2026-09-11 15:45:04
AAPL,AAPL270416P00345000,AAPL,2027-04-16,P,345.0,30.3,324.0,30.9,325.0,0.2711,1.0,25.0,-0.5035,0.0063,1.0064,-0.0685,-0.8038,30.6056,-4.675,29.55,29.7,29.55,up,29.7,2026-09-11T11:22:49,-13.6,34.375,332.685,2026-09-11 19:44:22,2026-09-11 15:45:04
AAPL,AAPL270416P00350000,AAPL,2027-04-16,P,350.0,32.95,158.0,33.75,139.0,0.2692,19.0,0.0,-0.5344,0.0064,0.9997,-0.0686,-0.8258,33.3982,0.0,0.0,0.0,0.0,no_change,38.0,2026-09-10T12:44:47,0.0,37.4000015258789,332.685,2026-09-11 19:44:22,2026-09-11 15:45:04
AAPL,AAPL270416P00355000,AAPL,2027-04-16,P,355.0,35.65,499.0,36.7,129.0,0.2665,0.0,0.0,-0.5654,0.0065,0.988,-0.0685,-0.8476,36.3667,0.0,0.0,0.0,0.0,no_change,0.0,,0.0,40.7000007629394,332.685,2026-09-11 19:44:22,2026-09-11 15:45:04
AAPL,AAPL270416P00360000,AAPL,2027-04-16,P,360.0,38.7,481.0,39.9,117.0,0.2654,0.0,0.0,-0.5964,0.0065,0.9704,-0.0682,-0.8577,39.486,0.0,0.0,0.0,0.0,no_change,0.0,,0.0,44.3500003814697,332.685,2026-09-11 19:44:22,2026-09-11 15:45:04
AAPL,AAPL270416P00365000,AAPL,2027-04-16,P,365.0,42.15,214.0,43.15,106.0,0.2651,0.0,0.0,-0.6272,0.0065,0.9443,-0.0676,-0.8652,42.7683,0.0,0.0,0.0,0.0,no_change,0.0,,0.0,47.6749992370606,332.685,2026-09-11 19:44:22,2026-09-11 15:45:04
AAPL,AAPL270416P00370000,AAPL,2027-04-16,P,370.0,45.0,505.0,47.1,400.0,0.2638,0.0,0.0,-0.6577,0.0066,0.9154,-0.0669,-0.8804,46.2037,0.0,0.0,0.0,0.0,no_change,0.0,,0.0,51.3500003814697,332.685,2026-09-11 19:44:22,2026-09-11 15:45:04
AAPL,AAPL270416P00375000,AAPL,2027-04-16,P,375.0,48.15,449.0,50.75,391.0,0.2608,3.0,0.0,-0.6877,0.0065,0.876,-0.0659,-0.8686,49.7831,0.0,0.0,0.0,0.0,no_change,51.65,2026-09-03T11:12:18,0.0,55.2999992370606,332.685,2026-09-11 19:44:22,2026-09-11 15:45:04
AAPL,AAPL270416P00380000,AAPL,2027-04-16,P,380.0,51.9,499.0,54.6,459.0,0.2608,4.0,3.0,-0.7171,0.0065,0.8315,-0.0648,-0.8493,53.5133,-5.15,53.65,53.65,53.65,down,53.65,2026-09-11T09:37:49,-8.7585,58.7999992370606,332.685,2026-09-11 19:44:22,2026-09-11 15:45:04
AAPL,AAPL270416P00385000,AAPL,2027-04-16,P,385.0,55.7,564.0,58.1,318.0,0.2573,0.0,3.0,-0.7461,0.0064,0.7936,-0.0637,-0.8298,57.3736,-6.68,56.37,56.37,56.37,no_change,56.37,2026-09-11T12:23:25,-10.5948,63.0499992370606,332.685,2026-09-11 19:44:22,2026-09-11 15:45:04
AAPL,AAPL270416P00390000,AAPL,2027-04-16,P,390.0,60.5,398.0,62.9,417.0,0.2675,0.0,0.0,-0.774,0.0063,0.7372,-0.0623,-0.7997,61.3705,0.0,0.0,0.0,0.0,no_change,0.0,,0.0,67.3499984741211,332.685,2026-09-11 19:44:22,2026-09-11 15:45:04
AAPL,AAPL270416P00395000,AAPL,2027-04-16,P,395.0,63.8,427.0,66.55,400.0,0.2575,0.0,0.0,-0.8015,0.0063,0.6726,-0.0608,-0.7443,65.5029,0.0,0.0,0.0,0.0,no_change,0.0,,0.0,71.5999984741211,332.685,2026-09-11 19:44:22,2026-09-11 15:45:04
AAPL,AAPL270416P00400000,AAPL,2027-04-16,P,400.0,68.05,423.0,71.25,418.0,0.2607,1.0,0.0,-0.8284,0.0062,0.6219,-0.0596,-0.692,69.7446,0.0,0.0,0.0,0.0,down,71.42,2026-09-03T11:17:23,0.0,76.1749992370606,332.685,2026-09-11 19:44:22,2026-09-11 15:45:04
AAPL,AAPL270416P00405000,AAPL,2027-04-16,P,405.0,72.45,439.0,75.0,419.0,0.2545,0.0,0.0,-0.8536,0.0061,0.5577,-0.0575,-0.6394,74.1001,0.0,0.0,0.0,0.0,no_change,0.0,,0.0,80.5,332.685,2026-09-11 19:44:22,2026-09-11 15:45:04
AAPL,AAPL270416P00410000,AAPL,2027-04-16,P,410.0,77.8,355.0,79.5,385.0,0.2634,0.0,25.0,-0.8787,0.0059,0.467,-0.0571,-0.5375,78.5859,-8.6,76.6,76.6,76.6,down,76.6,2026-09-11T11:22:49,-10.0939,85.2000007629394,332.685,2026-09-11 19:44:22,2026-09-11 15:45:04
AAPL,AAPL270416P00420000,AAPL,2027-04-16,P,420.0,86.15,153.0,88.65,162.0,0.2402,0.0,0.0,-0.9252,0.0056,0.3457,-0.0555,-0.3881,87.816,0.0,0.0,0.0,0.0,no_change,0.0,,0.0,94.5,332.685,2026-09-11 19:44:22,2026-09-11 15:45:04
AAPL,AAPL270416P00430000,AAPL,2027-04-16,P,430.0,95.6,165.0,98.4,168.0,0.0,0.0,0.0,-0.9617,0.004,0.1582,-0.0484,-0.1828,97.4541,0.0,0.0,0.0,0.0,no_change,0.0,,0.0,104.5,332.685,2026-09-11 19:44:22,2026-09-11 15:45:04
AAPL,AAPL270416P00440000,AAPL,2027-04-16,P,440.0,105.45,127.0,109.3,125.0,0.2732,0.0,0.0,-0.9857,0.0023,0.069,-0.027,-0.0611,107.2961,0.0,0.0,0.0,0.0,no_change,0.0,,0.0,114.549999237061,332.685,2026-09-11 19:44:22,2026-09-11 15:45:04
AAPL,AAPL270416P00450000,AAPL,2027-04-16,P,450.0,115.45,129.0,119.25,86.0,0.287,0.0,0.0,-0.9965,0.0006,0.0,-0.0252,0.0,117.29,0.0,0.0,0.0,0.0,no_change,0.0,,0.0,124.525001525879,332.685,2026-09-11 19:44:22,2026-09-11 15:45:04
AAPL,AAPL270416P00460000,AAPL,2027-04-16,P,460.0,125.55,112.0,128.95,113.0,0.0,0.0,0.0,-1.0,0.0,0.0,-0.0252,0.0,127.29,0.0,0.0,0.0,0.0,no_change,0.0,,0.0,134.399993896484,332.685,2026-09-11 19:44:22,2026-09-11 15:45:04
AAPL,AAPL270416P00470000,AAPL,2027-04-16,P,470.0,135.55,130.0,139.0,132.0,0.0,0.0,0.0,-1.0,0.0,0.0,-0.0252,0.0,137.29,0.0,0.0,0.0,0.0,no_change,0.0,,0.0,144.399993896484,332.685,2026-09-11 19:44:22,2026-09-11 15:45:04
AAPL,AAPL270617C00005000,AAPL,2027-06-17,C,5.0,325.75,108.0,329.65,110.0,0.0,0.0,0.0,1.0,0.0,0.0003,0.0,0.0103,327.924,0.0,0.0,0.0,0.0,down,299.91,2026-08-04T10:13:24,0.0,320.550003051758,332.685,2026-09-11 19:44:22,2026-09-11 15:45:04
AAPL,AAPL270617C00010000,AAPL,2027-06-17,C,10.0,320.85,131.0,324.75,97.0,0.0,0.0,0.0,1.0,0.0,0.0003,0.0,0.0276,322.9729,0.0,0.0,0.0,0.0,no_change,0.0,,0.0,315.849990844727,332.685,2026-09-11 19:44:22,2026-09-11 15:45:04
AAPL,AAPL270617C00015000,AAPL,2027-06-17,C,15.0,316.0,115.0,319.85,86.0,0.0,10.0,0.0,1.0,0.0,0.0001,0.0,0.0561,318.0442,0.0,0.0,0.0,0.0,up,291.6,2026-08-04T12:26:37,0.0,310.725006103516,332.685,2026-09-11 19:44:22,2026-09-11 15:45:04
AAPL,AAPL270617C00020000,AAPL,2027-06-17,C,20.0,311.15,126.0,315.0,86.0,0.0,0.0,0.0,1.0,0.0,0.0004,0.0,0.0845,313.138,0.0,0.0,0.0,0.0,no_change,0.0,,0.0,305.850006103516,332.685,2026-09-11 19:44:22,2026-09-11 15:45:04
AAPL,AAPL270617C00025000,AAPL,2027-06-17,C,25.0,306.3,119.0,310.15,86.0,0.0,2.0,0.0,1.0,0.0,0.0008,0.0,0.159,308.274,0.0,0.0,0.0,0.0,up,270.32,2026-06-24T14:53:24,0.0,300.975006103516,332.685,2026-09-11 19:44:22,2026-09-11 15:45:04
AAPL,AAPL270617C00030000,AAPL,2027-06-17,C,30.0,301.45,125.0,305.3,86.0,0.0,1.0,0.0,1.0,0.0,0.0012,0.0,0.1907,303.4274,0.0,0.0,0.0,0.0,up,240.67,2026-02-24T09:32:49,0.0,296.125,332.685,2026-09-11 19:44:22,2026-09-11 15:45:04
AAPL,AAPL270617C00035000,AAPL,2027-06-17,C,35.0,296.6,121.0,300.45,105.0,0.0,2.0,0.0,1.0,0.0,0.0016,0.0,0.2224,298.5816,0.0,0.0,0.0,0.0,down,215.61,2026-04-07T09:55:15,0.0,291.574996948242,332.685,2026-09-11 19:44:22,2026-09-11 15:45:04
AAPL,AAPL270617C00040000,AAPL,2027-06-17,C,40.0,291.75,130.0,295.65,105.0,0.0,3.0,0.0,1.0,0.0,0.0022,0.0,0.2542,293.7363,0.0,0.0,0.0,0.0,down,271.5,2026-08-25T10:34:40,0.0,286.5,332.685,2026-09-11 19:44:22,2026-09-11 15:45:04
AAPL,AAPL270617C00045000,AAPL,2027-06-17,C,45.0,286.9,107.0,290.8,86.0,0.0,0.0,0.0,1.0,0.0,0.0028,0.0,0.2859,288.8916,0.0,0.0,0.0,0.0,no_change,0.0,,0.0,281.649993896484,332.685,2026-09-11 19:44:22,2026-09-11 15:45:04
AAPL,AAPL270617C00050000,AAPL,2027-06-17,C,50.0,282.1,141.0,286.0,97.0,0.7207,11.0,0.0,1.0,0.0,0.0036,0.0,0.3182,284.0478,0.0,0.0,0.0,0.0,up,276.65,2026-09-10T13:43:44,0.0,276.875,332.685,2026-09-11 19:44:22,2026-09-11 15:45:04
AAPL,AAPL270617C00055000,AAPL,2027-06-17,C,55.0,277.3,135.0,281.15,88.0,0.7251,73.0,0.0,1.0,0.0,0.0045,0.0,0.3644,279.2065,0.0,0.0,0.0,0.0,down,275.7,2026-09-03T13:02:37,0.0,272.025009155273,332.685,2026-09-11 19:44:22,2026-09-11 15:45:04
AAPL,AAPL270617C00060000,AAPL,2027-06-17,C,60.0,272.45,120.0,276.35,96.0,0.7059,22.0,0.0,1.0,0.0,0.0056,0.0,0.4204,274.3749,0.0,0.0,0.0,0.0,up,246.22,2026-08-17T10:31:49,0.0,267.199996948242,332.685,2026-09-11 19:44:22,2026-09-11 15:45:04
AAPL,AAPL270617C00065000,AAPL,2027-06-17,C,65.0,267.65,124.0,271.55,96.0,0.7018,4.0,0.0,1.0,0.0,0.0067,0.0,0.47,269.5524,0.0,0.0,0.0,0.0,down,214.35,2026-06-25T12:13:58,0.0,262.375,332.685,2026-09-11 19:44:22,2026-09-11 15:45:04
AAPL,AAPL270617C00070000,AAPL,2027-06-17,C,70.0,262.8,106.0,266.65,86.0,0.614,7.0,0.0,1.0,0.0,0.008,0.0,0.5128,264.7353,0.0,0.0,0.0,0.0,up,237.67,2026-08-17T15:58:04,0.0,257.575004577637,332.685,2026-09-11 19:44:22,2026-09-11 15:45:04
AAPL,AAPL270617C00075000,AAPL,2027-06-17,C,75.0,258.15,138.0,261.9,96.0,0.6861,24.0,0.0,0.9999,0.0,0.0094,0.0,0.5526,259.9214,0.0,0.0,0.0,0.0,no_change,233.95,2026-08-11T12:39:06,0.0,253.025001525879,332.685,2026-09-11 19:44:22,2026-09-11 15:45:04
AAPL,AAPL270617C00080000,AAPL,2027-06-17,C,80.0,253.2,119.0,257.1,106.0,0.6276,237.0,0.0,0.9997,0.0,0.011,0.0,0.5903,255.1096,0.0,0.0,0.0,0.0,down,237.35,2026-08-06T09:30:01,0.0,247.925003051758,332.685,2026-09-11 19:44:22,2026-09-11 15:45:04
AAPL,AAPL270617C00085000,AAPL,2027-06-17,C,85.0,248.35,103.0,252.25,96.0,0.5807,73.0,0.0,0.9995,0.0,0.0128,0.0,0.6272,250.2995,0.0,0.0,0.0,0.0,down,203.49,2026-05-06T12:11:08,0.0,243.099998474121,332.685,2026-09-11 19:44:22,2026-09-11 15:45:04
AAPL,AAPL270617C00090000,AAPL,2027-06-17,C,90.0,243.55,111.0,247.45,96.0,0.572,29.0,0.0,0.9992,0.0,0.015,0.0,0.6636,245.4909,0.0,0.0,0.0,0.0,up,233.88,2026-08-28T12:28:45,0.0,238.525001525879,332.685,2026-09-11 19:44:22,2026-09-11 15:45:04
AAPL,AAPL270617C00095000,AAPL,2027-06-17,C,95.0,238.75,144.0,242.5,90.0,0.5014,99.0,0.0,0.999,0.0,0.0174,0.0,0.6998,240.684,0.0,0.0,0.0,0.0,up,237.73,2026-09-03T12:47:23,0.0,233.375,332.685,2026-09-11 19:44:22,2026-09-11 15:45:04
AAPL,AAPL270617C00100000,AAPL,2027-06-17,C,100.0,233.95,116.0,237.7,197.0,0.503,165.0,0.0,0.9986,0.0,0.0202,0.0,0.7359,235.8789,0.0,0.0,0.0,0.0,up,223.02,2026-09-04T10:45:06,0.0,228.675003051758,332.685,2026-09-11 19:44:22,2026-09-11 15:45:04
AAPL,AAPL270617C00105000,AAPL,2027-06-17,C,105.0,229.1,137.0,232.55,57.0,0.0,80.0,0.0,0.9983,0.0,0.0232,0.0,0.7718,231.0759,0.0,0.0,0.0,0.0,down,200.0,2026-07-31T11:49:36,0.0,223.925003051758,332.685,2026-09-11 19:44:22,2026-09-11 15:45:04
AAPL,AAPL270617C00110000,AAPL,2027-06-17,C,110.0,224.5,118.0,227.75,87.0,0.0,54.0,0.0,0.9979,0.0001,0.0268,0.0,0.8076,226.2752,0.0,0.0,0.0,0.0,up,220.0,2026-07-20T11:42:16,0.0,219.125,332.685,2026-09-11 19:44:22,2026-09-11 15:45:04
AAPL,AAPL270617C00115000,AAPL,2027-06-17,C,115.0,219.65,98.0,223.3,122.0,0.5031,254.0,0.0,0.9974,0.0001,0.0307,0.0,0.8432,221.4772,0.0,0.0,0.0,0.0,no_change,194.8,2026-08-10T12:24:57,0.0,214.400001525879,332.685,2026-09-11 19:44:22,2026-09-11 15:45:04
AAPL,AAPL270617C00120000,AAPL,2027-06-17,C,120.0,214.85,114.0,218.5,115.0,0.491,153.0,0.0,0.9968,0.0001,0.035,0.0,0.8786,216.6821,0.0,0.0,0.0,0.0,up,216.02,2026-07-30T12:31:15,0.0,209.525001525879,332.685,2026-09-11 19:44:22,2026-09-11 15:45:04
AAPL,AAPL270617C00125000,AAPL,2027-06-17,C,125.0,210.05,131.0,213.7,122.0,0.4788,241.0,0.0,0.9962,0.0001,0.0398,0.0,0.9138,211.8903,0.0,0.0,0.0,0.0,up,186.35,2026-08-11T10:48:00,0.0,204.600006103516,332.685,2026-09-11 19:44:22,2026-09-11 15:45:04
AAPL,AAPL270617C00130000,AAPL,2027-06-17,C,130.0,205.1,151.0,208.9,128.0,0.4447,308.0,0.0,0.9955,0.0001,0.0453,0.0,0.9487,207.1023,0.0,0.0,0.0,0.0,down,190.28,2026-07-09T11:39:48,0.0,199.875,332.685,2026-09-11 19:44:22,2026-09-11 15:45:04
AAPL,AAPL270617C00135000,AAPL,2027-06-17,C,135.0,200.5,133.0,204.1,125.0,0.4598,195.0,0.0,0.9947,0.0001,0.0514,0.0,0.9833,202.3186,0.0,0.0,0.0,0.0,up,189.7,2026-08-28T14:16:28,0.0,195.099998474121,332.685,2026-09-11 19:44:22,2026-09-11 15:45:04
AAPL,AAPL270617C00140000,AAPL,2027-06-17,C,140.0,195.55,118.0,199.3,127.0,0.4306,198.0,0.0,0.9938,0.0001,0.0581,0.0,1.0177,197.5398,0.0,0.0,0.0,0.0,down,168.96,2026-08-17T13:24:37,0.0,190.275001525879,332.685,2026-09-11 19:44:22,2026-09-11 15:45:04
AAPL,AAPL270617C00145000,AAPL,2027-06-17,C,145.0,190.95,87.0,194.55,194.0,0.4433,176.0,0.0,0.9928,0.0002,0.0655,0.0,1.0518,192.7664,0.0,0.0,0.0,0.0,down,181.0,2026-09-04T12:36:20,0.0,185.5,332.685,2026-09-11 19:44:22,2026-09-11 15:45:04
AAPL,AAPL270617C00150000,AAPL,2027-06-17,C,150.0,187.1,324.0,189.45,372.0,0.4708,1451.0,0.0,0.9916,0.0002,0.0739,0.0,1.0854,187.9992,0.0,0.0,0.0,0.0,down,170.89,2026-09-08T12:14:44,0.0,180.974998474121,332.685,2026-09-11 19:44:22,2026-09-11 15:45:04
AAPL,AAPL270617C00155000,AAPL,2027-06-17,C,155.0,182.3,247.0,185.05,204.0,0.4741,141.0,0.0,0.9903,0.0002,0.0831,0.0,1.1185,183.239,0.0,0.0,0.0,0.0,up,175.72,2026-09-01T15:56:13,0.0,176.199996948242,332.685,2026-09-11 19:44:22,2026-09-11 15:45:04
AAPL,AAPL270617C00160000,AAPL,2027-06-17,C,160.0,177.25,121.0,180.2,112.0,0.4458,319.0,0.0,0.9888,0.0002,0.0932,0.0,1.1512,178.4867,0.0,0.0,0.0,0.0,down,159.85,2026-09-09T13:02:41,0.0,171.375,332.685,2026-09-11 19:44:22,2026-09-11 15:45:04
AAPL,AAPL270617C00165000,AAPL,2027-06-17,C,165.0,172.75,257.0,175.55,353.0,0.4492,200.0,0.0,0.9871,0.0003,0.1043,0.0,1.1834,173.7431,0.0,0.0,0.0,0.0,up,162.0,2026-09-01T09:48:11,0.0,166.525001525879,332.685,2026-09-11 19:44:22,2026-09-11 15:45:04
AAPL,AAPL270617C00170000,AAPL,2027-06-17,C,170.0,167.7,329.0,170.25,237.0,0.3891,267.0,0.0,0.9852,0.0003,0.1167,0.0,1.2149,169.0096,0.0,0.0,0.0,0.0,up,162.05,2026-09-10T15:38:59,0.0,162.025001525879,332.685,2026-09-11 19:44:22,2026-09-11 15:45:04
AAPL,AAPL270617C00175000,AAPL,2027-06-17,C,175.0,163.3,271.0,166.15,397.0,0.4311,437.0,0.0,0.9831,0.0004,0.1302,0.0,1.2456,164.2874,0.0,0.0,0.0,0.0,up,146.58,2026-08-27T11:32:55,0.0,157.375,332.685,2026-09-11 19:44:22,2026-09-11 15:45:04
AAPL,AAPL270617C00180000,AAPL,2027-06-17,C,180.0,158.9,217.0,160.9,322.0,0.415,1099.0,0.0,0.9807,0.0004,0.1449,0.0,1.2758,159.578,0.0,0.0,0.0,0.0,up,154.49,2026-09-02T09:30:10,0.0,152.724998474121,332.685,2026-09-11 19:44:22,2026-09-11 15:45:04
AAPL,AAPL270617C00185000,AAPL,2027-06-17,C,185.0,154.2,262.0,155.35,34.0,0.3802,201.0,0.0,0.978,0.0005,0.1611,0.0,1.305,154.8827,0.0,0.0,0.0,0.0,down,138.75,2026-09-08T12:03:30,0.0,147.875,332.685,2026-09-11 19:44:22,2026-09-11 15:45:04
AAPL,AAPL270617C00190000,AAPL,2027-06-17,C,190.0,148.9,437.0,151.35,358.0,0.3765,709.0,19.0,0.975,0.0005,0.1789,0.0,1.3332,150.2035,8.6,151.9,151.9,151.9,no_change,151.9,2026-09-11T12:57:30,6.00139,143.300003051758,332.685,2026-09-11 19:44:22,2026-09-11 15:45:04
AAPL,AAPL270617C00195000,AAPL,2027-06-17,C,195.0,144.65,436.0,147.2,438.0,0.394,338.0,0.0,0.9716,0.0006,0.1979,-0.001,1.3603,145.5425,0.0,0.0,0.0,0.0,up,130.71,2026-08-19T10:18:13,0.0,138.649993896484,332.685,2026-09-11 19:44:22,2026-09-11 15:45:04
AAPL,AAPL270617C00200000,AAPL,2027-06-17,C,200.0,139.5,560.0,142.05,507.0,0.3634,7516.0,13.0,0.9678,0.0007,0.2186,-0.0025,1.3865,140.9016,8.68,137.3,142.6,137.3,up,142.43,2026-09-11T13:32:38,6.48972,133.75,332.685,2026-09-11 19:44:22,2026-09-11 15:45:04
AAPL,AAPL270617C00210000,AAPL,2027-06-17,C,210.0,130.95,431.0,132.15,172.0,0.3532,3612.0,1.0,0.9589,0.0009,0.2655,-0.0058,1.4344,131.6904,5.525,130.0,130.0,130.0,up,130.0,2026-09-11T09:34:14,4.43864,124.474998474121,332.685,2026-09-11 19:44:22,2026-09-11 15:45:04
AAPL,AAPL270617C00220000,AAPL,2027-06-17,C,220.0,121.7,469.0,122.75,56.0,0.3365,4324.0,30.0,0.9479,0.0011,0.3193,-0.0094,1.4766,122.5922,7.825,123.0,124.6,123.0,down,123.5,2026-09-11T11:56:55,6.76464,115.675003051758,332.685,2026-09-11 19:44:22,2026-09-11 15:45:04
AAPL,AAPL270617C00230000,AAPL,2027-06-17,C,230.0,112.8,434.0,114.2,254.0,0.336,3887.0,44.0,0.9345,0.0013,0.3804,-0.0134,1.511,113.6335,6.75,114.77,116.25,113.4,down,113.4,2026-09-11T15:07:25,6.32912,106.649997711182,332.685,2026-09-11 19:44:22,2026-09-11 15:45:04
AAPL,AAPL270617C00240000,AAPL,2027-06-17,C,240.0,104.3,303.0,105.05,62.0,0.3273,1646.0,53.0,0.9182,0.0016,0.449,-0.0176,1.5372,104.8434,6.75,99.1,106.57,99.1,down,104.75,2026-09-11T15:13:53,6.88775,98.0,332.685,2026-09-11 19:44:22,2026-09-11 15:45:04
AAPL,AAPL270617C00250000,AAPL,2027-06-17,C,250.0,95.5,354.0,97.2,377.0,0.3253,2828.0,32.0,0.8989,0.0019,0.5232,-0.022,1.5541,96.2566,7.5,96.0,98.8,95.06,down,96.9,2026-09-11T14:01:59,8.38926,89.4000015258789,332.685,2026-09-11 19:44:22,2026-09-11 15:45:04
AAPL,AAPL270617C00260000,AAPL,2027-06-17,C,260.0,86.9,482.0,88.55,315.0,0.3132,4133.0,41.0,0.8761,0.0022,0.6034,-0.0266,1.5598,87.909,6.31,84.65,90.6,84.65,up,87.76,2026-09-11T15:10:50,7.74708,81.4500007629394,332.685,2026-09-11 19:44:22,2026-09-11 15:45:04
AAPL,AAPL270617C00270000,AAPL,2027-06-17,C,270.0,79.1,363.0,80.15,101.0,0.3067,5776.0,2.0,0.8497,0.0026,0.6866,-0.0312,1.5545,79.8388,8.365,76.62,81.84,76.62,up,81.84,2026-09-11T10:52:09,11.3848,73.4749984741211,332.685,2026-09-11 19:44:22,2026-09-11 15:45:04
AAPL,AAPL270617C00280000,AAPL,2027-06-17,C,280.0,71.65,273.0,72.5,263.0,0.3037,8229.0,17.0,0.8195,0.003,0.7706,-0.0358,1.5372,72.087,6.725,72.8,75.0,72.31,down,73.0,2026-09-11T13:29:47,10.1471,66.2750015258789,332.685,2026-09-11 19:44:22,2026-09-11 15:45:04
AAPL,AAPL270617C00290000,AAPL,2027-06-17,C,290.0,63.7,409.0,65.1,169.0,0.295,4995.0,44.0,0.7856,0.0034,0.8536,-0.0402,1.5068,64.6919,5.78,62.0,67.45,62.0,down,64.73,2026-09-11T14:29:16,9.80492,58.9499988555908,332.685,2026-09-11 19:44:22,2026-09-11 15:45:04
AAPL,AAPL270617C00300000,AAPL,2027-06-17,C,300.0,57.25,334.0,57.9,86.0,0.2923,9531.0,289.0,0.7481,0.0037,0.9316,-0.0442,1.4649,57.6909,5.525,53.44,60.2,53.27,up,57.7,2026-09-11T15:18:07,10.5894,52.1750011444092,332.685,2026-09-11 19:44:22,2026-09-11 15:45:04
AAPL,AAPL270617C00310000,AAPL,2027-06-17,C,310.0,50.8,286.0,51.3,49.0,0.2884,7068.0,235.0,0.7073,0.0041,1.0018,-0.0478,1.4115,51.1198,5.08,48.98,53.5,48.98,down,51.18,2026-09-11T14:43:07,11.0195,46.1000003814697,332.685,2026-09-11 19:44:22,2026-09-11 15:45:04
AAPL,AAPL270617C00320000,AAPL,2027-06-17,C,320.0,44.7,343.0,45.3,399.0,0.285,8584.0,163.0,0.6638,0.0044,1.062,-0.0507,1.3464,45.006,4.79,41.2,47.9,41.0,no_change,45.04,2026-09-11T15:04:39,11.9006,40.25,332.685,2026-09-11 19:44:22,2026-09-11 15:45:04
AAPL,AAPL270617C00330000,AAPL,2027-06-17,C,330.0,39.15,423.0,39.55,202.0,0.2813,6521.0,132.0,0.6182,0.0046,1.1088,-0.0529,1.2732,39.3712,4.4,37.0,41.35,37.0,up,39.3,2026-09-11T15:13:25,12.6075,34.8999996185303,332.685,2026-09-11 19:44:22,2026-09-11 15:45:04
AAPL,AAPL270617C00340000,AAPL,2027-06-17,C,340.0,34.0,492.0,34.35,179.0,0.2779,5888.0,286.0,0.5712,0.0048,1.1408,-0.0543,1.1927,34.2302,3.85,31.0,36.1,31.0,down,34.05,2026-09-11T15:25:30,12.7483,30.1999998092651,332.685,2026-09-11 19:44:22,2026-09-11 15:45:04
AAPL,AAPL270617C00350000,AAPL,2027-06-17,C,350.0,29.3,525.0,29.7,279.0,0.275,10771.0,469.0,0.5236,0.005,1.157,-0.055,1.1058,29.5851,3.625,26.75,31.5,26.75,up,29.55,2026-09-11T15:23:54,13.9826,25.9250001907349,332.685,2026-09-11 19:44:22,2026-09-11 15:45:04
AAPL,AAPL270617C00360000,AAPL,2027-06-17,C,360.0,25.2,419.0,25.55,453.0,0.273,6009.0,2087.0,0.4763,0.005,1.1571,-0.0548,1.0169,25.429,3.16,23.6,26.95,23.55,down,25.36,2026-09-11T15:00:57,14.2342,22.1999998092651,332.685,2026-09-11 19:44:22,2026-09-11 15:45:04
AAPL,AAPL270617C00370000,AAPL,2027-06-17,C,370.0,21.5,517.0,21.85,500.0,0.2709,5457.0,21.0,0.43,0.005,1.1419,-0.0539,0.9271,21.7474,2.925,21.02,23.0,21.0,no_change,21.8,2026-09-11T14:54:57,15.4967,18.875,332.685,2026-09-11 19:44:22,2026-09-11 15:45:04
AAPL,AAPL270617C00380000,AAPL,2027-06-17,C,380.0,18.35,217.0,18.6,280.0,0.2697,8189.0,2067.0,0.3856,0.0049,1.1123,-0.0523,0.8373,18.5138,2.675,16.7,20.0,16.7,down,18.65,2026-09-11T15:27:57,16.7449,15.9749999046326,332.685,2026-09-11 19:44:22,2026-09-11 15:45:04
AAPL,AAPL270617C00390000,AAPL,2027-06-17,C,390.0,15.5,453.0,15.85,574.0,0.2686,3431.0,98.0,0.3434,0.0047,1.0713,-0.0502,0.7517,15.6974,2.12,15.0,16.95,15.0,down,15.62,2026-09-11T15:02:50,15.7037,13.5,332.685,2026-09-11 19:44:22,2026-09-11 15:45:04
AAPL,AAPL270617C00400000,AAPL,2027-06-17,C,400.0,13.1,394.0,13.35,459.0,0.2675,4998.0,247.0,0.304,0.0045,1.02,-0.0476,0.6695,13.2641,1.88,11.96,14.35,11.96,no_change,13.23,2026-09-11T15:24:33,16.5639,11.3499999046326,332.685,2026-09-11 19:44:22,2026-09-11 15:45:04
AAPL,AAPL270617C00410000,AAPL,2027-06-17,C,410.0,10.95,616.0,11.3,459.0,0.2667,1278.0,48.0,0.2677,0.0042,0.9616,-0.0448,0.5924,11.1737,2.345,11.5,12.0,11.1,no_change,11.87,2026-09-11T11:00:19,24.6194,9.52500009536743,332.685,2026-09-11 19:44:22,2026-09-11 15:45:04
AAPL,AAPL270617C00420000,AAPL,2027-06-17,C,420.0,9.2,526.0,9.5,474.0,0.2663,1273.0,92.0,0.2345,0.0039,0.8986,-0.0417,0.522,9.3903,1.38,9.07,10.25,9.07,down,9.38,2026-09-11T14:52:43,17.25,7.99999976158142,332.685,2026-09-11 19:44:22,2026-09-11 15:45:04
AAPL,AAPL270617C00430000,AAPL,2027-06-17,C,430.0,7.7,565.0,8.0,515.0,0.2662,1378.0,61.0,0.2046,0.0036,0.8321,-0.0385,0.4567,7.8756,1.425,8.1,8.5,7.8,down,8.1,2026-09-11T13:19:13,21.3483,6.67499995231628,332.685,2026-09-11 19:44:22,2026-09-11 15:45:04
AAPL,AAPL270617C00440000,AAPL,2027-06-17,C,440.0,6.45,586.0,6.7,214.0,0.2662,1429.0,12.0,0.1778,0.0034,0.7658,-0.0353,0.3988,6.5948,1.34,6.6,7.3,6.6,down,6.94,2026-09-11T13:12:38,23.9286,5.59999990463257,332.685,2026-09-11 19:44:22,2026-09-11 15:45:04
AAPL,AAPL270617C00450000,AAPL,2027-06-17,C,450.0,5.45,323.0,5.65,479.0,0.2671,2494.0,55.0,0.1541,0.0031,0.6991,-0.0322,0.3461,5.5164,0.8,5.64,6.0,5.3,down,5.5,2026-09-11T15:18:10,17.0213,4.70000004768372,332.685,2026-09-11 19:44:22,2026-09-11 15:45:04
AAPL,AAPL270617C00460000,AAPL,2027-06-17,C,460.0,4.5,506.0,4.75,486.0,0.2671,519.0,5.0,0.1331,0.0028,0.6356,-0.0292,0.3001,4.6106,0.95,4.65,5.05,4.65,down,4.85,2026-09-11T11:55:28,24.359,3.90000009536743,332.685,2026-09-11 19:44:22,2026-09-11 15:45:04
AAPL,AAPL270617C00470000,AAPL,2027-06-17,C,470.0,3.8,324.0,4.0,413.0,0.2682,1169.0,8.0,0.1146,0.0025,0.5734,-0.0263,0.2587,3.8484,0.635,3.95,3.98,3.88,up,3.91,2026-09-11T14:55:20,19.3893,3.27499997615814,332.685,2026-09-11 19:44:22,2026-09-11 15:45:04
AAPL,AAPL270617C00480000,AAPL,2027-06-17,C,480.0,3.15,374.0,3.45,540.0,0.2694,145.0,14.0,0.0986,0.0022,0.5164,-0.0236,0.2233,3.2152,0.65,3.45,3.45,3.2,up,3.4,2026-09-11T12:33:08,23.6364,2.75,332.685,2026-09-11 19:44:22,2026-09-11 15:45:04
AAPL,AAPL270617C00490000,AAPL,2027-06-17,C,490.0,2.58,432.0,2.84,393.0,0.2688,228.0,33.0,0.0848,0.002,0.4624,-0.0211,0.1919,2.6874,0.55,2.65,2.88,2.65,up,2.88,2026-09-11T12:33:07,23.6051,2.33000004291534,332.685,2026-09-11 19:44:22,2026-09-11 15:45:04
AAPL,AAPL270617C00500000,AAPL,2027-06-17,C,500.0,2.23,259.0,2.36,84.0,0.2702,655.0,56.0,0.0728,0.0018,0.4135,-0.0188,0.1652,2.2476,0.425,2.3,2.53,2.22,no_change,2.38,2026-09-11T14:31:52,21.7391,1.9549999833107,332.685,2026-09-11 19:44:22,2026-09-11 15:45:04
AAPL,AAPL270617C00510000,AAPL,2027-06-17,C,510.0,1.79,376.0,2.07,416.0,0.2711,223.0,0.0,0.0624,0.0016,0.3683,-0.0167,0.1417,1.8817,0.0,0.0,0.0,0.0,up,1.65,2026-09-10T13:51:55,0.0,1.62999999523163,332.685,2026-09-11 19:44:22,2026-09-11 15:45:04
AAPL,AAPL270617C00520000,AAPL,2027-06-17,C,520.0,1.55,421.0,1.7,440.0,0.2721,189.0,93.0,0.0535,0.0014,0.3273,-0.0148,0.1217,1.576,0.35,1.58,1.7,1.54,no_change,1.7,2026-09-11T12:47:28,25.9259,1.35000002384186,332.685,2026-09-11 19:44:22,2026-09-11 15:45:04
AAPL,AAPL270617C00530000,AAPL,2027-06-17,C,530.0,1.3,357.0,1.39,1.0,0.2722,3881.0,220.0,0.046,0.0012,0.2909,-0.0132,0.1045,1.3243,0.18,1.35,1.5,1.29,down,1.35,2026-09-11T14:09:57,15.3846,1.1700000166893,332.685,2026-09-11 19:44:22,2026-09-11 15:45:04
AAPL,AAPL270617C00540000,AAPL,2027-06-17,C,540.0,1.03,491.0,1.26,471.0,0.2737,262.0,71.0,0.0395,0.0011,0.2577,-0.0116,0.0898,1.1142,0.25,1.11,1.25,1.07,no_change,1.22,2026-09-11T10:40:35,25.7732,0.969999969005585,332.685,2026-09-11 19:44:22,2026-09-11 15:45:04
AAPL,AAPL270617C00550000,AAPL,2027-06-17,C,550.0,0.86,419.0,1.06,508.0,0.2744,1087.0,107.0,0.0339,0.0009,0.2286,-0.0103,0.0772,0.9391,0.145,0.99,1.01,0.91,no_change,0.99,2026-09-11T13:29:42,17.1598,0.844999998807907,332.685,2026-09-11 19:44:22,2026-09-11 15:45:04
AAPL,AAPL270617C00560000,AAPL,2027-06-17,C,560.0,0.73,324.0,0.88,187.0,0.2752,83.0,0.0,0.0292,0.0008,0.2023,-0.0091,0.0663,0.7932,0.0,0.0,0.0,0.0,up,0.59,2026-09-08T13:58:13,0.0,0.694999992847443,332.685,2026-09-11 19:44:22,2026-09-11 15:45:04
AAPL,AAPL270617C00570000,AAPL,2027-06-17,C,570.0,0.62,248.0,0.73,118.0,0.2759,128.0,0.0,0.0252,0.0007,0.1792,-0.0081,0.0572,0.6724,0.0,0.0,0.0,0.0,down,0.49,2026-09-08T10:26:28,0.0,0.640000015497208,332.685,2026-09-11 19:44:22,2026-09-11 15:45:04
AAPL,AAPL270617C00580000,AAPL,2027-06-17,C,580.0,0.51,319.0,0.71,487.0,0.2795,31.0,1.0,0.0217,0.0006,0.1589,-0.0071,0.0494,0.5713,0.05,0.55,0.55,0.55,up,0.55,2026-09-11T09:30:09,10.0,0.5,332.685,2026-09-11 19:44:22,2026-09-11 15:45:04
AAPL,AAPL270617C00590000,AAPL,2027-06-17,C,590.0,0.42,280.0,0.63,550.0,0.2811,429.0,2.0,0.0188,0.0006,0.1408,-0.0063,0.0426,0.4867,0.1,0.53,0.53,0.53,no_change,0.53,2026-09-11T14:14:08,23.2558,0.430000007152557,332.685,2026-09-11 19:44:22,2026-09-11 15:45:04
AAPL,AAPL270617C00600000,AAPL,2027-06-17,C,600.0,0.37,157.0,0.42,56.0,0.2781,3074.0,49.0,0.0163,0.0005,0.1251,-0.0056,0.0371,0.4169,0.055,0.42,0.48,0.39,up,0.41,2026-09-11T15:15:50,15.493,0.354999989271164,332.685,2026-09-11 19:44:22,2026-09-11 15:45:04
AAPL,AAPL270617P00005000,AAPL,2027-06-17,P,5.0,0.0,0.0,0.26,466.0,2.0061,13.0,0.0,0.0,0.0,0.0001,0.0,0.0,0.0007,0.0,0.0,0.0,0.0,no_change,0.06,2026-08-19T14:46:08,0.0,0.254999995231628,332.685,2026-09-11 19:44:22,2026-09-11 15:45:04
AAPL,AAPL270617P00010000,AAPL,2027-06-17,P,10.0,0.0,0.0,0.27,470.0,1.6321,10.0,0.0,0.0,0.0,0.0002,0.0,0.0,0.0015,0.0,0.0,0.0,0.0,down,0.01,2026-06-08T12:09:49,0.0,0.245000004768372,332.685,2026-09-11 19:44:22,2026-09-11 15:45:04
AAPL,AAPL270617P00015000,AAPL,2027-06-17,P,15.0,0.0,0.0,0.27,471.0,1.4239,2.0,0.0,0.0,0.0,0.0004,-0.0001,-0.0001,0.0026,0.0,0.0,0.0,0.0,up,0.05,2026-02-05T14:09:34,0.0,0.25,332.685,2026-09-11 19:44:22,2026-09-11 15:45:04
AAPL,AAPL270617P00020000,AAPL,2027-06-17,P,20.0,0.0,0.0,0.26,457.0,1.2766,15.0,0.0,0.0,0.0,0.0006,-0.0001,-0.0002,0.0039,0.0,0.0,0.0,0.0,no_change,0.02,2026-05-06T11:53:10,0.0,0.25,332.685,2026-09-11 19:44:22,2026-09-11 15:45:04
AAPL,AAPL270617P00025000,AAPL,2027-06-17,P,25.0,0.0,0.0,0.27,468.0,1.175,56.0,0.0,-0.0001,0.0,0.001,-0.0001,-0.0002,0.0055,0.0,0.0,0.0,0.0,no_change,0.03,2026-05-19T14:20:22,0.0,0.25,332.685,2026-09-11 19:44:22,2026-09-11 15:45:04
AAPL,AAPL270617P00030000,AAPL,2027-06-17,P,30.0,0.0,0.0,0.26,456.0,1.0846,67.0,0.0,-0.0001,0.0,0.0013,-0.0002,-0.0003,0.0075,0.0,0.0,0.0,0.0,no_change,0.04,2026-05-19T13:32:41,0.0,0.25,332.685,2026-09-11 19:44:22,2026-09-11 15:45:04
AAPL,AAPL270617P00035000,AAPL,2027-06-17,P,35.0,0.0,0.0,0.27,467.0,1.0177,106.0,0.0,-0.0001,0.0,0.0018,-0.0002,-0.0004,0.0098,0.0,0.0,0.0,0.0,no_change,0.11,2025-11-24T11:29:19,0.0,0.234999999403954,332.685,2026-09-11 19:44:22,2026-09-11 15:45:04
AAPL,AAPL270617P00040000,AAPL,2027-06-17,P,40.0,0.0,0.0,0.28,480.0,0.9604,9.0,0.0,-0.0002,0.0,0.0023,-0.0003,-0.0006,0.0125,0.0,0.0,0.0,0.0,no_change,0.11,2026-03-12T13:08:09,0.0,0.219999998807907,332.685,2026-09-11 19:44:22,2026-09-11 15:45:04
AAPL,AAPL270617P00045000,AAPL,2027-06-17,P,45.0,0.0,0.0,0.27,469.0,0.9032,83.0,0.0,-0.0003,0.0,0.0029,-0.0004,-0.0007,0.0158,0.0,0.0,0.0,0.0,no_change,0.15,2026-08-03T09:59:31,0.0,0.219999998807907,332.685,2026-09-11 19:44:22,2026-09-11 15:45:04
AAPL,AAPL270617P00050000,AAPL,2027-06-17,P,50.0,0.01,2.0,0.09,31.0,0.7747,717.0,0.0,-0.0003,0.0,0.0036,-0.0004,-0.0009,0.0195,0.0,0.0,0.0,0.0,down,0.03,2026-09-09T13:49:18,0.0,0.0449999989941716,332.685,2026-09-11 19:44:22,2026-09-11 15:45:04
AAPL,AAPL270617P00055000,AAPL,2027-06-17,P,55.0,0.0,0.0,0.27,464.0,0.8134,24.0,0.0,-0.0004,0.0,0.0045,-0.0005,-0.0012,0.0239,0.0,0.0,0.0,0.0,down,0.03,2026-07-10T12:52:14,0.0,0.140000000596046,332.685,2026-09-11 19:44:22,2026-09-11 15:45:04
AAPL,AAPL270617P00060000,AAPL,2027-06-17,P,60.0,0.0,0.0,0.3,485.0,0.7836,76.0,0.0,-0.0005,0.0,0.0054,-0.0006,-0.0014,0.0288,0.0,0.0,0.0,0.0,down,0.05,2026-07-31T10:56:18,0.0,0.144999995827675,332.685,2026-09-11 19:44:22,2026-09-11 15:45:04
AAPL,AAPL270617P00065000,AAPL,2027-06-17,P,65.0,0.0,0.0,0.28,573.0,0.7422,49.0,0.0,-0.0006,0.0,0.0065,-0.0007,-0.0018,0.0346,0.0,0.0,0.0,0.0,down,0.09,2026-09-04T11:12:01,0.0,0.140000000596046,332.685,2026-09-11 19:44:22,2026-09-11 15:45:04
AAPL,AAPL270617P00070000,AAPL,2027-06-17,P,70.0,0.0,0.0,0.18,339.0,0.6774,42.0,0.0,-0.0008,0.0,0.0078,-0.0008,-0.0021,0.0414,0.0,0.0,0.0,0.0,up,0.15,2026-09-08T10:00:52,0.0,0.109999999403954,332.685,2026-09-11 19:44:22,2026-09-11 15:45:04
AAPL,AAPL270617P00075000,AAPL,2027-06-17,P,75.0,0.01,26.0,0.16,363.0,0.6448,1555.0,0.0,-0.0009,0.0,0.0093,-0.0009,-0.0026,0.0491,0.0,0.0,0.0,0.0,down,0.04,2026-09-10T13:38:28,0.0,0.0750000001862645,332.685,2026-09-11 19:44:22,2026-09-11 15:45:04
AAPL,AAPL270617P00080000,AAPL,2027-06-17,P,80.0,0.01,19.0,0.13,30.0,0.6062,164.0,0.0,-0.0011,0.0,0.011,-0.0011,-0.003,0.0579,0.0,0.0,0.0,0.0,down,0.07,2026-09-08T13:11:35,0.0,0.0699999975040555,332.685,2026-09-11 19:44:22,2026-09-11 15:45:04
AAPL,AAPL270617P00085000,AAPL,2027-06-17,P,85.0,0.05,2.0,0.12,17.0,0.5929,75.0,0.0,-0.0013,0.0,0.0129,-0.0012,-0.0036,0.068,0.0,0.0,0.0,0.0,down,0.1,2026-09-08T13:11:09,0.0,0.0950000006705522,332.685,2026-09-11 19:44:22,2026-09-11 15:45:04
AAPL,AAPL270617P00090000,AAPL,2027-06-17,P,90.0,0.05,15.0,0.14,194.0,0.5757,133.0,0.0,-0.0016,0.0,0.0151,-0.0014,-0.0043,0.0796,0.0,0.0,0.0,0.0,no_change,0.1,2026-09-10T09:43:39,0.0,0.0950000006705522,332.685,2026-09-11 19:44:22,2026-09-11 15:45:04
AAPL,AAPL270617P00095000,AAPL,2027-06-17,P,95.0,0.01,92.0,0.15,193.0,0.5436,167.0,0.0,-0.0018,0.0,0.0175,-0.0016,-0.005,0.0928,0.0,0.0,0.0,0.0,no_change,0.1,2026-09-01T10:49:28,0.0,0.090000000782311,332.685,2026-09-11 19:44:22,2026-09-11 15:45:04
AAPL,AAPL270617P00100000,AAPL,2027-06-17,P,100.0,0.1,2.0,0.15,103.0,0.5474,1817.0,182.0,-0.0022,0.0,0.0203,-0.0018,-0.0059,0.1079,-0.01,0.11,0.12,0.11,up,0.12,2026-09-11T14:50:43,-7.69231,0.130000002682209,332.685,2026-09-11 19:44:22,2026-09-11 15:45:04
AAPL,AAPL270617P00105000,AAPL,2027-06-17,P,105.0,0.1,5.0,0.18,103.0,0.5331,515.0,0.0,-0.0025,0.0,0.0234,-0.002,-0.0069,0.125,0.0,0.0,0.0,0.0,down,0.1,2026-09-10T13:38:28,0.0,0.135000001639128,332.685,2026-09-11 19:44:22,2026-09-11 15:45:04
AAPL,AAPL270617P00110000,AAPL,2027-06-17,P,110.0,0.1,16.0,0.2,161.0,0.517,202.0,0.0,-0.003,0.0001,0.027,-0.0023,-0.008,0.1444,0.0,0.0,0.0,0.0,down,0.14,2026-09-10T15:08:01,0.0,0.160000000149012,332.685,2026-09-11 19:44:22,2026-09-11 15:45:04
AAPL,AAPL270617P00115000,AAPL,2027-06-17,P,115.0,0.1,16.0,0.22,36.0,0.5013,54.0,0.0,-0.0034,0.0001,0.0309,-0.0026,-0.0094,0.1666,0.0,0.0,0.0,0.0,up,0.53,2026-06-09T09:33:46,0.0,0.170000001788139,332.685,2026-09-11 19:44:22,2026-09-11 15:45:04
AAPL,AAPL270617P00120000,AAPL,2027-06-17,P,120.0,0.13,163.0,0.24,313.0,0.4909,535.0,0.0,-0.004,0.0001,0.0353,-0.0029,-0.0108,0.1917,0.0,0.0,0.0,0.0,up,0.22,2026-09-10T14:57:58,0.0,0.21000000089407,332.685,2026-09-11 19:44:22,2026-09-11 15:45:04
AAPL,AAPL270617P00125000,AAPL,2027-06-17,P,125.0,0.12,173.0,0.27,113.0,0.4758,646.0,0.0,-0.0046,0.0001,0.0402,-0.0032,-0.0125,0.2203,0.0,0.0,0.0,0.0,no_change,0.31,2026-08-21T10:50:09,0.0,0.214999999850988,332.685,2026-09-11 19:44:22,2026-09-11 15:45:04
AAPL,AAPL270617P00130000,AAPL,2027-06-17,P,130.0,0.2,105.0,0.31,175.0,0.4735,533.0,0.0,-0.0053,0.0001,0.0458,-0.0036,-0.0144,0.2527,0.0,0.0,0.0,0.0,down,0.31,2026-09-09T12:33:31,0.0,0.25,332.685,2026-09-11 19:44:22,2026-09-11 15:45:04
AAPL,AAPL270617P00135000,AAPL,2027-06-17,P,135.0,0.23,103.0,0.35,174.0,0.4637,532.0,0.0,-0.0061,0.0001,0.0519,-0.004,-0.0166,0.2895,0.0,0.0,0.0,0.0,no_change,0.31,2026-09-09T12:30:35,0.0,0.295000001788139,332.685,2026-09-11 19:44:22,2026-09-11 15:45:04
AAPL,AAPL270617P00140000,AAPL,2027-06-17,P,140.0,0.22,242.0,0.4,176.0,0.4507,337.0,0.0,-0.0071,0.0001,0.0587,-0.0045,-0.019,0.3312,0.0,0.0,0.0,0.0,down,0.47,2026-08-17T15:24:52,0.0,0.339999996125698,332.685,2026-09-11 19:44:22,2026-09-11 15:45:04
AAPL,AAPL270617P00145000,AAPL,2027-06-17,P,145.0,0.26,508.0,0.42,156.0,0.4395,430.0,0.0,-0.0081,0.0002,0.0663,-0.005,-0.0219,0.3785,0.0,0.0,0.0,0.0,down,0.37,2026-09-01T11:23:49,0.0,0.370000004768372,332.685,2026-09-11 19:44:22,2026-09-11 15:45:04
AAPL,AAPL270617P00150000,AAPL,2027-06-17,P,150.0,0.36,482.0,0.51,580.0,0.438,4607.0,1.0,-0.0093,0.0002,0.0748,-0.0055,-0.0252,0.4321,0.05,0.54,0.54,0.54,up,0.54,2026-09-11T09:30:58,10.2041,0.489999994635582,332.685,2026-09-11 19:44:22,2026-09-11 15:45:04
AAPL,AAPL270617P00155000,AAPL,2027-06-17,P,155.0,0.42,375.0,0.53,112.0,0.4272,800.0,0.0,-0.0106,0.0002,0.0841,-0.0061,-0.0286,0.493,0.0,0.0,0.0,0.0,up,0.55,2026-09-10T13:53:34,0.0,0.524999991059303,332.685,2026-09-11 19:44:22,2026-09-11 15:45:04
AAPL,AAPL270617P00160000,AAPL,2027-06-17,P,160.0,0.52,124.0,0.61,124.0,0.4222,1600.0,0.0,-0.0122,0.0003,0.0943,-0.0067,-0.0327,0.5618,0.0,0.0,0.0,0.0,up,0.65,2026-09-08T10:06:43,0.0,0.589999973773956,332.685,2026-09-11 19:44:22,2026-09-11 15:45:04
AAPL,AAPL270617P00165000,AAPL,2027-06-17,P,165.0,0.6,227.0,0.68,137.0,0.4144,1733.0,0.0,-0.0139,0.0003,0.1058,-0.0074,-0.0372,0.6396,0.0,0.0,0.0,0.0,no_change,0.68,2026-09-10T13:39:40,0.0,0.685000002384186,332.685,2026-09-11 19:44:22,2026-09-11 15:45:04
AAPL,AAPL270617P00170000,AAPL,2027-06-17,P,170.0,0.57,577.0,0.78,150.0,0.4024,1753.0,2.0,-0.0158,0.0003,0.1183,-0.0081,-0.0424,0.7279,-0.04,0.75,0.75,0.75,down,0.75,2026-09-11T13:51:01,-5.06329,0.78999999165535,332.685,2026-09-11 19:44:22,2026-09-11 15:45:04
AAPL,AAPL270617P00175000,AAPL,2027-06-17,P,175.0,0.8,82.0,0.94,448.0,0.4036,2210.0,0.0,-0.018,0.0004,0.1319,-0.009,-0.0481,0.8277,0.0,0.0,0.0,0.0,down,0.91,2026-09-02T15:33:43,0.0,0.94499996304512,332.685,2026-09-11 19:44:22,2026-09-11 15:45:04
AAPL,AAPL270617P00180000,AAPL,2027-06-17,P,180.0,0.9,175.0,1.05,428.0,0.3962,3170.0,0.0,-0.0205,0.0004,0.1469,-0.0098,-0.0545,0.94,0.0,0.0,0.0,0.0,up,1.0,2026-09-04T14:07:43,0.0,1.01999998092651,332.685,2026-09-11 19:44:22,2026-09-11 15:45:04
AAPL,AAPL270617P00185000,AAPL,2027-06-17,P,185.0,1.03,175.0,1.18,375.0,0.3898,1010.0,1.0,-0.0232,0.0005,0.1636,-0.0108,-0.0619,1.0665,-0.09,1.08,1.08,1.08,down,1.08,2026-09-11T10:01:44,-7.69231,1.1700000166893,332.685,2026-09-11 19:44:22,2026-09-11 15:45:04
AAPL,AAPL270617P00190000,AAPL,2027-06-17,P,190.0,1.16,334.0,1.26,117.0,0.3812,1659.0,0.0,-0.0263,0.0006,0.1813,-0.0118,-0.0699,1.2099,0.0,0.0,0.0,0.0,down,1.36,2026-09-10T15:22:22,0.0,1.32499998807907,332.685,2026-09-11 19:44:22,2026-09-11 15:45:04
AAPL,AAPL270617P00195000,AAPL,2027-06-17,P,195.0,1.33,276.0,1.44,382.0,0.3759,4971.0,4.0,-0.0298,0.0006,0.2008,-0.0129,-0.079,1.3727,-0.19,1.37,1.37,1.32,no_change,1.32,2026-09-11T13:44:14,-12.5828,1.5100000500679,332.685,2026-09-11 19:44:22,2026-09-11 15:45:04
AAPL,AAPL270617P00200000,AAPL,2027-06-17,P,200.0,1.53,156.0,1.58,58.0,0.3698,9164.0,142.0,-0.0336,0.0007,0.2218,-0.0141,-0.0889,1.5541,-0.16,1.55,1.65,1.5,up,1.56,2026-09-11T15:28:29,-9.30232,1.71999996900558,332.685,2026-09-11 19:44:22,2026-09-11 15:45:04
AAPL,AAPL270617P00210000,AAPL,2027-06-17,P,210.0,1.91,336.0,2.12,379.0,0.3594,5573.0,9.0,-0.0429,0.0009,0.2698,-0.0167,-0.1129,1.9973,-0.205,2.02,2.06,1.91,up,2.01,2026-09-11T14:08:28,-9.25508,2.2150000333786,332.685,2026-09-11 19:44:22,2026-09-11 15:45:04
AAPL,AAPL270617P00220000,AAPL,2027-06-17,P,220.0,2.52,84.0,2.6,327.0,0.3492,10931.0,481.0,-0.0541,0.0011,0.325,-0.0196,-0.1419,2.5481,-0.295,2.56,2.6,2.48,down,2.55,2026-09-11T15:20:32,-10.3691,2.84500002861023,332.685,2026-09-11 19:44:22,2026-09-11 15:45:04
AAPL,AAPL270617P00230000,AAPL,2027-06-17,P,230.0,3.1,593.0,3.3,150.0,0.3382,5360.0,103.0,-0.0681,0.0013,0.3872,-0.0229,-0.1771,3.2524,-0.5,3.45,3.45,3.15,down,3.15,2026-09-11T13:07:10,-13.6986,3.64999997615814,332.685,2026-09-11 19:44:22,2026-09-11 15:45:04
AAPL,AAPL270617P00240000,AAPL,2027-06-17,P,240.0,4.05,393.0,4.2,413.0,0.3311,5850.0,174.0,-0.0849,0.0016,0.4572,-0.0265,-0.2196,4.128,-0.485,4.14,4.14,3.87,up,4.14,2026-09-11T15:07:18,-10.4865,4.625,332.685,2026-09-11 19:44:22,2026-09-11 15:45:04
AAPL,AAPL270617P00250000,AAPL,2027-06-17,P,250.0,5.15,132.0,5.3,363.0,0.3238,8430.0,60.0,-0.1049,0.002,0.5335,-0.0304,-0.2702,5.2065,-0.7,5.2,5.2,4.95,up,5.15,2026-09-11T13:55:49,-11.9658,5.84999990463257,332.685,2026-09-11 19:44:22,2026-09-11 15:45:04
AAPL,AAPL270617P00260000,AAPL,2027-06-17,P,260.0,6.35,503.0,6.65,447.0,0.3156,8902.0,41.0,-0.1287,0.0023,0.6147,-0.0345,-0.3273,6.5485,-0.78,6.7,6.7,6.35,up,6.57,2026-09-11T15:03:50,-10.6122,7.35000014305115,332.685,2026-09-11 19:44:22,2026-09-11 15:45:04
AAPL,AAPL270617P00270000,AAPL,2027-06-17,P,270.0,8.0,463.0,8.25,117.0,0.3091,6012.0,57.0,-0.1564,0.0027,0.6998,-0.0387,-0.3931,8.1766,-1.065,8.12,8.35,7.8,up,8.16,2026-09-11T14:54:43,-11.5447,9.22499990463257,332.685,2026-09-11 19:44:22,2026-09-11 15:45:04
AAPL,AAPL270617P00280000,AAPL,2027-06-17,P,280.0,10.0,500.0,10.25,267.0,0.3038,10187.0,224.0,-0.1883,0.0031,0.7854,-0.0429,-0.4682,10.1391,-1.4,10.55,10.55,9.75,no_change,10.05,2026-09-11T14:01:47,-12.2271,11.4500002861023,332.685,2026-09-11 19:44:22,2026-09-11 15:45:04
AAPL,AAPL270617P00290000,AAPL,2027-06-17,P,290.0,12.35,514.0,12.65,539.0,0.2988,12501.0,31.0,-0.2242,0.0036,0.8682,-0.047,-0.5477,12.4782,-1.55,12.45,12.51,12.0,up,12.5,2026-09-11T15:27:50,-11.032,14.0499997138977,332.685,2026-09-11 19:44:22,2026-09-11 15:45:04
AAPL,AAPL270617P00300000,AAPL,2027-06-17,P,300.0,15.3,15.0,15.4,402.0,0.2941,6369.0,593.0,-0.2644,0.004,0.9467,-0.0508,-0.6335,15.24,-1.75,15.15,15.45,14.65,no_change,15.3,2026-09-11T15:24:39,-10.2639,17.0500001907349,332.685,2026-09-11 19:44:22,2026-09-11 15:45:04
AAPL,AAPL270617P00310000,AAPL,2027-06-17,P,310.0,18.5,1.0,18.65,402.0,0.2902,3531.0,172.0,-0.3081,0.0044,1.0146,-0.0543,-0.7201,18.4554,-2.37,20.11,20.11,17.8,up,18.33,2026-09-11T14:36:41,-11.4493,20.6999998092651,332.685,2026-09-11 19:44:22,2026-09-11 15:45:04
AAPL,AAPL270617P00320000,AAPL,2027-06-17,P,320.0,21.9,518.0,22.35,284.0,0.2847,2790.0,18.0,-0.3554,0.0048,1.0706,-0.0572,-0.809,22.166,-2.67,22.2,22.2,21.5,down,22.03,2026-09-11T14:36:41,-10.8097,24.7000007629395,332.685,2026-09-11 19:44:22,2026-09-11 15:45:04
AAPL,AAPL270617P00330000,AAPL,2027-06-17,P,330.0,26.4,2.0,26.55,193.0,0.2818,1662.0,279.0,-0.4061,0.0051,1.1106,-0.0595,-0.8894,26.4433,-2.925,27.0,27.0,25.6,up,26.45,2026-09-11T15:13:30,-9.95745,29.375,332.685,2026-09-11 19:44:22,2026-09-11 15:45:04
AAPL,AAPL270617P00340000,AAPL,2027-06-17,P,340.0,30.8,326.0,31.45,510.0,0.2776,1221.0,25.0,-0.4583,0.0054,1.132,-0.0611,-0.9664,31.2181,-3.375,31.15,31.5,30.25,up,31.2,2026-09-11T13:51:13,-9.76139,34.5750007629394,332.685,2026-09-11 19:44:22,2026-09-11 15:45:04
AAPL,AAPL270617P00350000,AAPL,2027-06-17,P,350.0,36.25,285.0,36.8,296.0,0.2755,454.0,51.0,-0.5121,0.0056,1.1337,-0.062,-1.0282,36.5538,-3.725,35.85,36.55,35.62,up,36.55,2026-09-11T14:58:58,-9.24891,40.2749996185303,332.685,2026-09-11 19:44:22,2026-09-11 15:45:04
AAPL,AAPL270617P00360000,AAPL,2027-06-17,P,360.0,41.6,478.0,43.1,517.0,0.2724,137.0,1.0,-0.5668,0.0058,1.1107,-0.0622,-1.0702,42.4666,-4.675,42.15,42.15,42.15,down,42.15,2026-09-11T09:39:22,-9.98398,46.8249988555908,332.685,2026-09-11 19:44:22,2026-09-11 15:45:04
AAPL,AAPL270617P00370000,AAPL,2027-06-17,P,370.0,47.7,486.0,49.9,488.0,0.2704,17.0,0.0,-0.6214,0.0059,1.068,-0.0618,-1.0888,48.9251,0.0,0.0,0.0,0.0,down,56.6,2026-09-01T09:47:44,0.0,53.9249992370606,332.685,2026-09-11 19:44:22,2026-09-11 15:45:04
AAPL,AAPL270617P00380000,AAPL,2027-06-17,P,380.0,54.9,425.0,56.65,402.0,0.2686,22.0,3.0,-0.6754,0.0059,1.0034,-0.0608,-1.0874,55.9201,-7.085,55.0,55.0,54.44,down,54.44,2026-09-11T11:03:09,-11.5156,61.5249996185303,332.685,2026-09-11 19:44:22,2026-09-11 15:45:04
AAPL,AAPL270617P00390000,AAPL,2027-06-17,P,390.0,61.85,470.0,64.45,358.0,0.2658,23.0,0.0,-0.728,0.0059,0.9172,-0.0595,-1.0404,63.4228,0.0,0.0,0.0,0.0,down,85.3,2026-08-04T11:56:36,0.0,69.1499977111816,332.685,2026-09-11 19:44:22,2026-09-11 15:45:04
AAPL,AAPL270617P00400000,AAPL,2027-06-17,P,400.0,69.75,419.0,72.0,143.0,0.261,10.0,0.0,-0.7792,0.0059,0.8133,-0.0579,-0.9461,71.4034,0.0,0.0,0.0,0.0,no_change,99.13,2026-07-31T13:21:31,0.0,77.3999977111816,332.685,2026-09-11 19:44:22,2026-09-11 15:45:04
AAPL,AAPL270617P00410000,AAPL,2027-06-17,P,410.0,78.1,431.0,80.95,398.0,0.2623,0.0,0.0,-0.8284,0.0058,0.6836,-0.0563,-0.8314,79.8385,0.0,0.0,0.0,0.0,down,101.42,2026-07-31T15:58:02,0.0,86.25,332.685,2026-09-11 19:44:22,2026-09-11 15:45:04
AAPL,AAPL270617P00420000,AAPL,2027-06-17,P,420.0,86.9,427.0,89.7,437.0,0.2592,1.0,1.0,-0.8762,0.0058,0.5448,-0.0532,-0.7028,88.6787,-7.625,87.7,87.7,87.7,down,87.7,2026-09-11T10:36:34,-7.99895,95.3250007629394,332.685,2026-09-11 19:44:22,2026-09-11 15:45:04
AAPL,AAPL270617P00430000,AAPL,2027-06-17,P,430.0,96.15,171.0,99.15,170.0,0.2579,0.0,0.0,-0.9192,0.0054,0.3712,-0.0511,-0.4897,97.9104,0.0,0.0,0.0,0.0,down,109.39,2026-07-23T10:03:09,0.0,104.799999237061,332.685,2026-09-11 19:44:22,2026-09-11 15:45:04
AAPL,AAPL270617P00440000,AAPL,2027-06-17,P,440.0,106.4,156.0,108.3,140.0,0.2557,1.0,0.0,-0.9555,0.0041,0.2047,-0.0602,-0.2733,107.4944,0.0,0.0,0.0,0.0,up,173.69,2026-04-21T13:15:58,0.0,114.424999237061,332.685,2026-09-11 19:44:22,2026-09-11 15:45:04
AAPL,AAPL270617P00450000,AAPL,2027-06-17,P,450.0,115.75,114.0,118.2,116.0,0.0,0.0,0.0,-0.9802,0.0026,0.1014,-0.0351,-0.1379,117.3081,0.0,0.0,0.0,0.0,down,136.34,2026-08-26T15:56:55,0.0,124.475002288818,332.685,2026-09-11 19:44:22,2026-09-11 15:45:04
AAPL,AAPL270617P00460000,AAPL,2027-06-17,P,460.0,125.75,119.0,128.5,120.0,0.0,0.0,0.0,-0.9933,0.0009,0.0,-0.0299,0.0,127.285,0.0,0.0,0.0,0.0,no_change,186.3,2025-12-15T15:39:13,0.0,134.349998474121,332.685,2026-09-11 19:44:22,2026-09-11 15:45:04
AAPL,AAPL270617P00470000,AAPL,2027-06-17,P,470.0,135.75,108.0,138.5,108.0,0.0,0.0,0.0,-0.9994,0.0001,0.0,-0.0299,0.0,137.285,0.0,0.0,0.0,0.0,no_change,159.85,2026-06-04T11:52:53,0.0,144.424995422363,332.685,2026-09-11 19:44:22,2026-09-11 15:45:04
AAPL,AAPL270617P00480000,AAPL,2027-06-17,P,480.0,145.75,111.0,148.75,112.0,0.0,0.0,0.0,-1.0,0.0,0.0,-0.0299,0.0,147.285,0.0,0.0,0.0,0.0,up,150.0,2026-07-20T09:50:10,0.0,154.449996948242,332.685,2026-09-11 19:44:22,2026-09-11 15:45:04
AAPL,AAPL270617P00490000,AAPL,2027-06-17,P,490.0,155.8,148.0,158.35,147.0,0.0,0.0,0.0,-1.0,0.0,0.0,-0.0299,0.0,157.285,0.0,0.0,0.0,0.0,no_change,0.0,,0.0,164.449996948242,332.685,2026-09-11 19:44:22,2026-09-11 15:45:04
AAPL,AAPL270617P00500000,AAPL,2027-06-17,P,500.0,165.75,111.0,168.45,119.0,0.0,0.0,0.0,-1.0,0.0,0.0,-0.0299,0.0,167.285,0.0,0.0,0.0,0.0,no_change,0.0,,0.0,174.449996948242,332.685,2026-09-11 19:44:22,2026-09-11 15:45:04
AAPL,AAPL270617P00510000,AAPL,2027-06-17,P,510.0,175.75,111.0,178.5,112.0,0.0,0.0,0.0,-1.0,0.0,0.0,-0.0299,0.0,177.285,0.0,0.0,0.0,0.0,no_change,0.0,,0.0,184.550003051758,332.685,2026-09-11 19:44:22,2026-09-11 15:45:04
AAPL,AAPL270617P00520000,AAPL,2027-06-17,P,520.0,185.5,90.0,188.8,90.0,0.0,0.0,0.0,-1.0,0.0,0.0,-0.0299,0.0,187.285,0.0,0.0,0.0,0.0,no_change,0.0,,0.0,194.550003051758,332.685,2026-09-11 19:44:22,2026-09-11 15:45:04
AAPL,AAPL270617P00530000,AAPL,2027-06-17,P,530.0,195.5,91.0,198.75,91.0,0.0,0.0,0.0,-1.0,0.0,0.0,-0.0299,0.0,197.285,0.0,0.0,0.0,0.0,no_change,0.0,,0.0,204.550003051758,332.685,2026-09-11 19:44:22,2026-09-11 15:45:04
AAPL,AAPL270617P00540000,AAPL,2027-06-17,P,540.0,205.5,87.0,208.8,88.0,0.0,0.0,0.0,-1.0,0.0,0.0,-0.0299,0.0,207.285,0.0,0.0,0.0,0.0,no_change,0.0,,0.0,214.550003051758,332.685,2026-09-11 19:44:22,2026-09-11 15:45:04
AAPL,AAPL270617P00550000,AAPL,2027-06-17,P,550.0,215.5,87.0,218.7,88.0,0.0,0.0,0.0,-1.0,0.0,0.0,-0.0299,0.0,217.285,0.0,0.0,0.0,0.0,no_change,0.0,,0.0,224.349998474121,332.685,2026-09-11 19:44:22,2026-09-11 15:45:04
AAPL,AAPL270617P00560000,AAPL,2027-06-17,P,560.0,225.5,87.0,228.95,88.0,0.0,0.0,0.0,-1.0,0.0,0.0,-0.0299,0.0,227.285,0.0,0.0,0.0,0.0,no_change,0.0,,0.0,234.550003051758,332.685,2026-09-11 19:44:22,2026-09-11 15:45:04
AAPL,AAPL270617P00570000,AAPL,2027-06-17,P,570.0,235.5,87.0,239.1,88.0,0.4173,0.0,0.0,-1.0,0.0,0.0,-0.0299,0.0,237.285,0.0,0.0,0.0,0.0,no_change,0.0,,0.0,244.550003051758,332.685,2026-09-11 19:44:22,2026-09-11 15:45:04
AAPL,AAPL270617P00580000,AAPL,2027-06-17,P,580.0,245.75,101.0,248.8,90.0,0.0,0.0,0.0,-1.0,0.0,0.0,-0.0299,0.0,247.285,0.0,0.0,0.0,0.0,no_change,0.0,,0.0,254.549995422363,332.685,2026-09-11 19:44:22,2026-09-11 15:45:04
AAPL,AAPL270617P00590000,AAPL,2027-06-17,P,590.0,255.5,112.0,258.7,113.0,0.0,0.0,0.0,-1.0,0.0,0.0,-0.0299,0.0,257.285,0.0,0.0,0.0,0.0,no_change,0.0,,0.0,264.674987792969,332.685,2026-09-11 19:44:22,2026-09-11 15:45:04
AAPL,AAPL270617P00600000,AAPL,2027-06-17,P,600.0,265.5,112.0,268.95,113.0,0.0,0.0,0.0,-1.0,0.0,0.0,-0.0299,0.0,267.285,0.0,0.0,0.0,0.0,no_change,0.0,,0.0,274.599990844727,332.685,2026-09-11 19:44:22,2026-09-11 15:45:04
AAPL,AAPL270917C00100000,AAPL,2027-09-17,C,100.0,235.1,122.0,238.95,10.0,0.4722,11.0,0.0,0.9984,0.0001,0.0321,0.0,0.9603,237.0875,0.0,0.0,0.0,0.0,down,212.35,2026-08-21T10:13:04,0.0,229.824996948242,332.685,2026-09-11 19:44:22,2026-09-11 15:45:04
AAPL,AAPL270917C00105000,AAPL,2027-09-17,C,105.0,230.35,110.0,234.2,33.0,0.4583,20.0,0.0,0.9979,0.0001,0.0369,0.0,1.0066,232.3563,0.0,0.0,0.0,0.0,down,206.35,2026-08-10T13:41:50,0.0,225.099998474121,332.685,2026-09-11 19:44:22,2026-09-11 15:45:04
AAPL,AAPL270917C00110000,AAPL,2027-09-17,C,110.0,225.6,120.0,229.45,11.0,0.4448,10.0,0.0,0.9973,0.0001,0.0424,0.0,1.0527,227.6287,0.0,0.0,0.0,0.0,no_change,199.55,2026-08-17T11:34:46,0.0,220.300003051758,332.685,2026-09-11 19:44:22,2026-09-11 15:45:04
AAPL,AAPL270917C00115000,AAPL,2027-09-17,C,115.0,220.9,87.0,224.75,86.0,0.4473,4.0,0.0,0.9966,0.0001,0.0485,0.0,1.0984,222.9053,0.0,0.0,0.0,0.0,no_change,192.15,2026-08-12T12:19:13,0.0,215.625,332.685,2026-09-11 19:44:22,2026-09-11 15:45:04
AAPL,AAPL270917C00120000,AAPL,2027-09-17,C,120.0,216.15,106.0,220.0,86.0,0.4334,0.0,0.0,0.9959,0.0001,0.0553,0.0,1.1438,218.1866,0.0,0.0,0.0,0.0,no_change,0.0,,0.0,210.925003051758,332.685,2026-09-11 19:44:22,2026-09-11 15:45:04
AAPL,AAPL270917C00125000,AAPL,2027-09-17,C,125.0,211.45,108.0,215.3,86.0,0.4313,136.0,0.0,0.995,0.0001,0.0627,0.0,1.1888,213.473,0.0,0.0,0.0,0.0,down,187.6,2026-08-10T13:56:24,0.0,206.125,332.685,2026-09-11 19:44:22,2026-09-11 15:45:04
AAPL,AAPL270917C00130000,AAPL,2027-09-17,C,130.0,206.7,117.0,210.6,90.0,0.4224,11.0,0.0,0.994,0.0001,0.071,0.0,1.2334,208.7652,0.0,0.0,0.0,0.0,down,182.05,2026-08-10T12:24:16,0.0,201.5,332.685,2026-09-11 19:44:22,2026-09-11 15:45:04
AAPL,AAPL270917C00135000,AAPL,2027-09-17,C,135.0,202.0,119.0,205.9,87.0,0.4172,33.0,0.0,0.9929,0.0002,0.0802,0.0,1.2775,204.0638,0.0,0.0,0.0,0.0,up,178.45,2026-08-10T13:56:28,0.0,196.724998474121,332.685,2026-09-11 19:44:22,2026-09-11 15:45:04
AAPL,AAPL270917C00140000,AAPL,2027-09-17,C,140.0,197.3,105.0,201.2,96.0,0.4109,9.0,0.0,0.9917,0.0002,0.0902,0.0,1.321,199.3698,0.0,0.0,0.0,0.0,no_change,187.01,2026-09-10T11:50:20,0.0,192.050003051758,332.685,2026-09-11 19:44:22,2026-09-11 15:45:04
AAPL,AAPL270917C00145000,AAPL,2027-09-17,C,145.0,192.6,100.0,196.5,97.0,0.4152,11.0,0.0,0.9903,0.0002,0.1011,0.0,1.364,194.6838,0.0,0.0,0.0,0.0,down,168.9,2026-08-10T13:55:54,0.0,187.375,332.685,2026-09-11 19:44:22,2026-09-11 15:45:04
AAPL,AAPL270917C00150000,AAPL,2027-09-17,C,150.0,187.95,129.0,191.8,98.0,0.3987,71.0,0.0,0.9888,0.0002,0.1131,0.0,1.4064,190.0067,0.0,0.0,0.0,0.0,up,172.11,2026-08-24T10:56:22,0.0,182.774993896484,332.685,2026-09-11 19:44:22,2026-09-11 15:45:04
AAPL,AAPL270917C00155000,AAPL,2027-09-17,C,155.0,183.55,129.0,187.15,97.0,0.406,44.0,0.0,0.987,0.0003,0.1264,0.0,1.4479,185.3397,0.0,0.0,0.0,0.0,down,173.98,2026-09-04T13:45:42,0.0,178.175003051758,332.685,2026-09-11 19:44:22,2026-09-11 15:45:04
AAPL,AAPL270917C00160000,AAPL,2027-09-17,C,160.0,179.05,132.0,182.5,100.0,0.4052,9.0,0.0,0.9851,0.0003,0.1408,0.0,1.4887,180.684,0.0,0.0,0.0,0.0,up,174.95,2026-09-03T14:22:30,0.0,173.574996948242,332.685,2026-09-11 19:44:22,2026-09-11 15:45:04
AAPL,AAPL270917C00165000,AAPL,2027-09-17,C,165.0,175.05,95.0,177.85,96.0,0.417,24.0,0.0,0.9829,0.0004,0.1563,0.0,1.5287,176.0409,0.0,0.0,0.0,0.0,up,168.68,2026-09-10T15:21:14,0.0,169.050003051758,332.685,2026-09-11 19:44:22,2026-09-11 15:45:04
AAPL,AAPL270917C00170000,AAPL,2027-09-17,C,170.0,169.6,153.0,173.2,122.0,0.3858,9.0,0.0,0.9805,0.0004,0.1733,0.0,1.5677,171.4116,0.0,0.0,0.0,0.0,down,145.96,2026-08-11T10:23:02,0.0,164.5,332.685,2026-09-11 19:44:22,2026-09-11 15:45:04
AAPL,AAPL270917C00175000,AAPL,2027-09-17,C,175.0,165.8,95.0,168.6,134.0,0.4009,62.0,0.0,0.9778,0.0004,0.1918,0.0,1.6055,166.7979,0.0,0.0,0.0,0.0,up,136.12,2026-08-12T15:22:14,0.0,159.875,332.685,2026-09-11 19:44:22,2026-09-11 15:45:04
AAPL,AAPL270917C00180000,AAPL,2027-09-17,C,180.0,161.15,96.0,164.0,121.0,0.3924,6.0,0.0,0.9748,0.0005,0.2117,0.0,1.6421,162.2016,0.0,0.0,0.0,0.0,down,148.98,2026-09-10T10:31:03,0.0,155.125,332.685,2026-09-11 19:44:22,2026-09-11 15:45:04
AAPL,AAPL270917C00185000,AAPL,2027-09-17,C,185.0,155.95,160.0,159.4,131.0,0.3722,23.0,0.0,0.9715,0.0006,0.2329,0.0,1.6777,157.6245,0.0,0.0,0.0,0.0,down,130.08,2026-08-03T10:01:38,0.0,150.699996948242,332.685,2026-09-11 19:44:22,2026-09-11 15:45:04
AAPL,AAPL270917C00190000,AAPL,2027-09-17,C,190.0,152.15,255.0,154.75,440.0,0.3795,233.0,25.0,0.9678,0.0006,0.2561,0.0,1.7117,153.0684,6.2,154.8,154.8,152.15,down,152.15,2026-09-11T15:04:25,4.24803,145.949996948242,332.685,2026-09-11 19:44:22,2026-09-11 15:45:04
AAPL,AAPL270917C00195000,AAPL,2027-09-17,C,195.0,146.95,151.0,150.3,129.0,0.3632,39.0,0.0,0.9638,0.0007,0.281,-0.0011,1.7441,148.5359,0.0,0.0,0.0,0.0,down,126.75,2026-09-09T14:14:59,0.0,141.475006103516,332.685,2026-09-11 19:44:22,2026-09-11 15:45:04
AAPL,AAPL270917C00200000,AAPL,2027-09-17,C,200.0,142.35,285.0,145.8,220.0,0.3568,76.0,2.0,0.9594,0.0008,0.3073,-0.0025,1.7749,144.0296,7.31,143.5,144.06,143.5,up,144.06,2026-09-11T09:57:47,5.34552,136.75,332.685,2026-09-11 19:44:22,2026-09-11 15:45:04
AAPL,AAPL270917C00205000,AAPL,2027-09-17,C,205.0,138.65,240.0,141.15,430.0,0.3612,486.0,0.0,0.9544,0.0008,0.3353,-0.004,1.8042,139.5515,0.0,0.0,0.0,0.0,up,126.25,2026-09-10T09:43:36,0.0,132.574996948242,332.685,2026-09-11 19:44:22,2026-09-11 15:45:04
AAPL,AAPL270917C00210000,AAPL,2027-09-17,C,210.0,134.25,124.0,136.9,222.0,0.3592,58.0,2.0,0.9491,0.0009,0.3654,-0.0056,1.8313,135.1045,7.675,135.65,135.65,135.65,up,135.65,2026-09-11T09:36:03,5.99727,127.974998474121,332.685,2026-09-11 19:44:22,2026-09-11 15:45:04
AAPL,AAPL270917C00215000,AAPL,2027-09-17,C,215.0,130.0,64.0,132.45,144.0,0.3556,74.0,0.0,0.9432,0.001,0.3971,-0.0072,1.8561,130.6919,0.0,0.0,0.0,0.0,up,115.55,2026-08-20T10:20:49,0.0,123.625,332.685,2026-09-11 19:44:22,2026-09-11 15:45:04
AAPL,AAPL270917C00220000,AAPL,2027-09-17,C,220.0,125.6,75.0,127.75,134.0,0.3468,41.0,2.0,0.9368,0.0011,0.4301,-0.0088,1.8792,126.3166,6.975,126.25,126.25,126.25,up,126.25,2026-09-11T14:23:21,5.84783,119.275001525879,332.685,2026-09-11 19:44:22,2026-09-11 15:45:04
AAPL,AAPL270917C00225000,AAPL,2027-09-17,C,225.0,121.15,161.0,123.75,351.0,0.3447,152.0,0.0,0.9298,0.0012,0.465,-0.0106,1.9,121.9813,0.0,0.0,0.0,0.0,down,106.14,2026-09-08T11:28:14,0.0,115.299999237061,332.685,2026-09-11 19:44:22,2026-09-11 15:45:04
AAPL,AAPL270917C00230000,AAPL,2027-09-17,C,230.0,116.3,177.0,119.45,185.0,0.3345,53.0,2.0,0.9222,0.0013,0.5018,-0.0123,1.9179,117.7001,8.24,118.94,118.94,118.94,up,118.94,2026-09-11T12:58:28,7.44354,110.700000762939,332.685,2026-09-11 19:44:22,2026-09-11 15:45:04
AAPL,AAPL270917C00235000,AAPL,2027-09-17,C,235.0,112.35,187.0,113.85,61.0,0.3208,60.0,1.0,0.914,0.0014,0.5397,-0.0141,1.9333,113.4458,9.075,115.75,115.75,115.75,up,115.75,2026-09-11T10:54:00,8.50714,106.675003051758,332.685,2026-09-11 19:44:22,2026-09-11 15:45:04
AAPL,AAPL270917C00240000,AAPL,2027-09-17,C,240.0,108.55,216.0,109.6,91.0,0.3208,575.0,3.0,0.9052,0.0016,0.5786,-0.016,1.9466,109.2625,8.045,110.0,111.35,110.0,down,110.77,2026-09-11T13:15:31,7.83159,102.725002288818,332.685,2026-09-11 19:44:22,2026-09-11 15:45:04
AAPL,AAPL270917C00245000,AAPL,2027-09-17,C,245.0,104.3,124.0,106.75,406.0,0.3275,25.0,1.0,0.8957,0.0017,0.6194,-0.0178,1.9566,105.1228,7.425,105.8,105.8,105.8,up,105.8,2026-09-11T09:39:50,7.54765,98.375,332.685,2026-09-11 19:44:22,2026-09-11 15:45:04
AAPL,AAPL270917C00250000,AAPL,2027-09-17,C,250.0,100.35,178.0,102.2,357.0,0.3215,264.0,22.0,0.8856,0.0018,0.6611,-0.0197,1.9633,101.0417,7.2,98.15,102.3,98.15,down,101.7,2026-09-11T13:41:26,7.61905,94.5,332.685,2026-09-11 19:44:22,2026-09-11 15:45:04
AAPL,AAPL270917C00255000,AAPL,2027-09-17,C,255.0,96.2,173.0,98.0,320.0,0.3161,63.0,7.0,0.8747,0.002,0.703,-0.0216,1.9678,97.0223,7.25,100.0,100.0,97.7,down,97.7,2026-09-11T14:02:10,8.01548,90.4500007629394,332.685,2026-09-11 19:44:22,2026-09-11 15:45:04
AAPL,AAPL270917C00260000,AAPL,2027-09-17,C,260.0,92.0,412.0,94.8,504.0,0.3166,2358.0,9.0,0.8631,0.0021,0.7459,-0.0235,1.9692,93.0676,7.67,93.7,95.32,93.7,down,94.52,2026-09-11T13:07:40,8.83132,86.8499984741211,332.685,2026-09-11 19:44:22,2026-09-11 15:45:04
AAPL,AAPL270917C00265000,AAPL,2027-09-17,C,265.0,88.25,379.0,89.6,118.0,0.3062,90.0,41.0,0.8508,0.0022,0.7896,-0.0254,1.9667,89.1823,6.26,88.35,91.33,88.35,down,89.16,2026-09-11T15:19:10,7.55127,82.8999977111816,332.685,2026-09-11 19:44:22,2026-09-11 15:45:04
AAPL,AAPL270917C00270000,AAPL,2027-09-17,C,270.0,84.3,414.0,85.85,199.0,0.3033,2309.0,11.0,0.8378,0.0024,0.8328,-0.0272,1.9616,85.3702,6.325,85.6,87.57,85.35,down,85.35,2026-09-11T14:53:07,8.0038,79.0249977111816,332.685,2026-09-11 19:44:22,2026-09-11 15:45:04
AAPL,AAPL270917C00275000,AAPL,2027-09-17,C,275.0,80.8,319.0,83.45,441.0,0.31,106.0,3.0,0.8242,0.0026,0.8758,-0.0291,1.9538,81.6338,5.525,81.55,81.55,81.0,down,81.0,2026-09-11T10:07:40,7.32031,75.4749984741211,332.685,2026-09-11 19:44:22,2026-09-11 15:45:04
AAPL,AAPL270917C00280000,AAPL,2027-09-17,C,280.0,77.45,140.0,79.15,357.0,0.3056,287.0,20.0,0.8098,0.0027,0.919,-0.0309,1.942,77.9769,6.975,76.75,79.9,76.75,up,79.05,2026-09-11T15:09:15,9.67742,72.0750007629394,332.685,2026-09-11 19:44:22,2026-09-11 15:45:04
AAPL,AAPL270917C00285000,AAPL,2027-09-17,C,285.0,73.6,349.0,75.1,305.0,0.2992,465.0,9.0,0.7947,0.0028,0.9613,-0.0326,1.9269,74.4039,6.35,75.2,76.27,75.15,down,75.15,2026-09-11T13:34:55,9.22965,68.7999992370606,332.685,2026-09-11 19:44:22,2026-09-11 15:45:04
AAPL,AAPL270917C00290000,AAPL,2027-09-17,C,290.0,70.0,348.0,72.75,516.0,0.3022,185.0,4.0,0.779,0.003,1.002,-0.0343,1.9097,70.917,7.275,71.32,72.2,70.4,up,72.2,2026-09-11T12:18:43,11.2052,64.9250011444092,332.685,2026-09-11 19:44:22,2026-09-11 15:45:04
AAPL,AAPL270917C00295000,AAPL,2027-09-17,C,295.0,66.4,410.0,68.8,377.0,0.2964,335.0,4.0,0.7626,0.0031,1.0419,-0.0359,1.889,67.5186,5.935,68.9,68.9,67.65,up,67.81,2026-09-11T13:47:11,9.59192,61.875,332.685,2026-09-11 19:44:22,2026-09-11 15:45:04
AAPL,AAPL270917C00300000,AAPL,2027-09-17,C,300.0,63.5,327.0,65.15,341.0,0.2946,997.0,61.0,0.7456,0.0033,1.0805,-0.0375,1.8644,64.2129,6.525,64.64,66.76,64.0,down,65.3,2026-09-11T13:22:53,11.1017,58.7749996185303,332.685,2026-09-11 19:44:22,2026-09-11 15:45:04
AAPL,AAPL270917C00305000,AAPL,2027-09-17,C,305.0,60.0,418.0,62.45,493.0,0.2937,401.0,33.0,0.7281,0.0034,1.1167,-0.0389,1.838,61.0024,4.715,61.45,63.25,60.15,up,60.99,2026-09-11T15:10:48,8.3785,56.2749996185303,332.685,2026-09-11 19:44:22,2026-09-11 15:45:04
AAPL,AAPL270917C00310000,AAPL,2027-09-17,C,310.0,56.6,501.0,58.8,370.0,0.2883,519.0,12.0,0.71,0.0035,1.1508,-0.0403,1.8091,57.8879,5.825,58.0,59.6,57.13,up,58.25,2026-09-11T14:37:31,11.1111,52.4249992370606,332.685,2026-09-11 19:44:22,2026-09-11 15:45:04
AAPL,AAPL270917C00315000,AAPL,2027-09-17,C,315.0,53.6,612.0,55.6,317.0,0.2859,612.0,23.0,0.6915,0.0036,1.183,-0.0415,1.7764,54.8723,7.72,55.5,57.17,55.5,up,57.17,2026-09-11T11:19:17,15.6117,49.4500007629394,332.685,2026-09-11 19:44:22,2026-09-11 15:45:04
AAPL,AAPL270917C00320000,AAPL,2027-09-17,C,320.0,50.85,571.0,52.45,327.0,0.284,2240.0,250.0,0.6726,0.0038,1.2124,-0.0427,1.7415,51.9584,4.855,51.2,54.0,51.2,down,51.78,2026-09-11T14:43:07,10.3463,46.9250011444092,332.685,2026-09-11 19:44:22,2026-09-11 15:45:04
AAPL,AAPL270917C00325000,AAPL,2027-09-17,C,325.0,48.75,355.0,50.4,577.0,0.2885,638.0,8.0,0.6533,0.0039,1.2388,-0.0437,1.7054,49.146,4.955,49.62,51.7,49.18,down,49.18,2026-09-11T14:34:11,11.2041,44.2249984741211,332.685,2026-09-11 19:44:22,2026-09-11 15:45:04
AAPL,AAPL270917C00330000,AAPL,2027-09-17,C,330.0,45.8,449.0,47.1,473.0,0.2837,820.0,66.0,0.6336,0.004,1.2624,-0.0446,1.6664,46.436,4.525,47.0,48.5,45.67,down,46.3,2026-09-11T14:13:40,10.8318,41.7749996185303,332.685,2026-09-11 19:44:22,2026-09-11 15:45:04
AAPL,AAPL270917C00335000,AAPL,2027-09-17,C,335.0,43.25,532.0,44.45,432.0,0.2823,648.0,19.0,0.6138,0.004,1.283,-0.0454,1.6246,43.8306,5.285,43.75,45.35,43.25,down,44.81,2026-09-11T12:25:35,13.3713,39.5249996185303,332.685,2026-09-11 19:44:22,2026-09-11 15:45:04
AAPL,AAPL270917C00340000,AAPL,2027-09-17,C,340.0,40.75,390.0,41.95,364.0,0.281,952.0,22.0,0.5937,0.0041,1.3002,-0.046,1.5825,41.3297,4.675,41.03,43.24,41.03,up,41.75,2026-09-11T14:04:46,12.6096,37.0749988555908,332.685,2026-09-11 19:44:22,2026-09-11 15:45:04
AAPL,AAPL270917C00345000,AAPL,2027-09-17,C,345.0,38.35,522.0,39.55,600.0,0.2798,1023.0,10.0,0.5735,0.0042,1.314,-0.0465,1.539,38.9317,5.575,38.87,40.45,38.82,up,40.45,2026-09-11T10:57:43,15.9857,34.875,332.685,2026-09-11 19:44:22,2026-09-11 15:45:04
AAPL,AAPL270917C00350000,AAPL,2027-09-17,C,350.0,36.25,527.0,36.7,2.0,0.2772,12034.0,158.0,0.5531,0.0042,1.3245,-0.0469,1.4926,36.6209,3.5,34.0,38.45,34.0,down,36.25,2026-09-11T14:37:53,10.687,32.75,332.685,2026-09-11 19:44:22,2026-09-11 15:45:04
AAPL,AAPL270917C00355000,AAPL,2027-09-17,C,355.0,34.15,473.0,34.7,317.0,0.2773,879.0,37.0,0.5329,0.0043,1.3317,-0.0472,1.4459,34.4314,4.33,34.31,35.73,34.31,no_change,35.03,2026-09-11T13:30:33,14.1042,30.7000007629394,332.685,2026-09-11 19:44:22,2026-09-11 15:45:04
AAPL,AAPL270917C00360000,AAPL,2027-09-17,C,360.0,32.1,174.0,32.6,332.0,0.2764,2076.0,34.0,0.5127,0.0043,1.3355,-0.0473,1.3995,32.3432,4.425,32.25,33.79,32.25,up,33.2,2026-09-11T12:54:12,15.3779,28.7749996185303,332.685,2026-09-11 19:44:22,2026-09-11 15:45:04
AAPL,AAPL270917C00365000,AAPL,2027-09-17,C,365.0,30.1,238.0,30.55,265.0,0.2752,1695.0,10.0,0.4926,0.0043,1.336,-0.0473,1.3518,30.3547,3.525,30.8,31.49,30.24,down,30.45,2026-09-11T14:42:08,13.0919,26.9250001907349,332.685,2026-09-11 19:44:22,2026-09-11 15:45:04
AAPL,AAPL270917C00370000,AAPL,2027-09-17,C,370.0,28.25,130.0,28.7,465.0,0.2746,660.0,9.0,0.4728,0.0043,1.333,-0.0472,1.3027,28.4657,3.255,28.62,30.1,28.34,down,28.48,2026-09-11T14:54:30,12.9039,25.2250003814697,332.685,2026-09-11 19:44:22,2026-09-11 15:45:04
AAPL,AAPL270917C00375000,AAPL,2027-09-17,C,375.0,26.4,175.0,26.9,524.0,0.2736,2001.0,42.0,0.4532,0.0043,1.3271,-0.0469,1.2547,26.6739,3.625,27.63,28.2,27.2,down,27.2,2026-09-11T13:31:03,15.3765,23.5749998092651,332.685,2026-09-11 19:44:22,2026-09-11 15:45:04
AAPL,AAPL270917C00380000,AAPL,2027-09-17,C,380.0,24.75,141.0,25.2,535.0,0.273,1195.0,31.0,0.4338,0.0043,1.3184,-0.0466,1.2072,24.9755,4.225,25.0,26.25,25.0,up,26.25,2026-09-11T11:01:35,19.1827,22.0249996185303,332.685,2026-09-11 19:44:22,2026-09-11 15:45:04
AAPL,AAPL270917C00385000,AAPL,2027-09-17,C,385.0,23.15,210.0,23.6,554.0,0.2724,862.0,3.0,0.4148,0.0043,1.3065,-0.0461,1.1587,23.3689,4.1,24.65,24.65,24.65,no_change,24.65,2026-09-11T11:06:42,19.9513,20.5500001907349,332.685,2026-09-11 19:44:22,2026-09-11 15:45:04
AAPL,AAPL270917C00390000,AAPL,2027-09-17,C,390.0,21.6,227.0,22.05,559.0,0.2715,488.0,8.0,0.3962,0.0042,1.2917,-0.0455,1.1105,21.8524,3.845,20.55,23.25,20.55,up,23.02,2026-09-11T11:34:31,20.0522,19.1750001907349,332.685,2026-09-11 19:44:22,2026-09-11 15:45:04
AAPL,AAPL270917C00395000,AAPL,2027-09-17,C,395.0,20.2,184.0,20.6,516.0,0.2709,528.0,35.0,0.378,0.0042,1.2749,-0.0449,1.064,20.4222,3.425,20.5,21.3,20.3,up,21.3,2026-09-11T12:15:46,19.1608,17.875,332.685,2026-09-11 19:44:22,2026-09-11 15:45:04
AAPL,AAPL270917C00400000,AAPL,2027-09-17,C,400.0,18.85,214.0,19.25,557.0,0.2704,2472.0,218.0,0.3603,0.0041,1.2559,-0.0442,1.0183,19.0743,2.465,19.25,20.4,18.45,up,19.14,2026-09-11T15:06:12,14.7826,16.6750001907349,332.685,2026-09-11 19:44:22,2026-09-11 15:45:04
AAPL,AAPL270917C00410000,AAPL,2027-09-17,C,410.0,16.4,164.0,16.8,575.0,0.2696,785.0,10.0,0.3264,0.004,1.2106,-0.0425,0.9273,16.6163,2.2,16.3,17.6,16.3,down,16.7,2026-09-11T13:31:31,15.1724,14.5,332.685,2026-09-11 19:44:22,2026-09-11 15:45:04
AAPL,AAPL270917C00420000,AAPL,2027-09-17,C,420.0,14.2,506.0,14.65,591.0,0.2689,1494.0,45.0,0.2946,0.0038,1.1599,-0.0406,0.8428,14.4516,1.89,14.3,15.55,14.3,down,14.44,2026-09-11T14:50:51,15.0598,12.5500001907349,332.685,2026-09-11 19:44:22,2026-09-11 15:45:04
AAPL,AAPL270917C00430000,AAPL,2027-09-17,C,430.0,12.3,362.0,12.85,577.0,0.2688,448.0,27.0,0.2652,0.0036,1.1032,-0.0386,0.7617,12.5615,1.825,12.25,13.55,12.25,down,12.7,2026-09-11T14:04:41,16.7816,10.875,332.685,2026-09-11 19:44:22,2026-09-11 15:45:04
AAPL,AAPL270917C00440000,AAPL,2027-09-17,C,440.0,10.65,502.0,11.15,527.0,0.2684,197.0,23.0,0.238,0.0034,1.0441,-0.0365,0.6875,10.9028,1.86,10.8,11.6,10.8,up,11.26,2026-09-11T12:14:44,19.7872,9.39999961853027,332.685,2026-09-11 19:44:22,2026-09-11 15:45:04
AAPL,AAPL270917C00450000,AAPL,2027-09-17,C,450.0,9.25,458.0,9.7,492.0,0.2686,322.0,146.0,0.2131,0.0032,0.9819,-0.0342,0.6172,9.4584,1.265,8.75,10.25,8.75,up,9.44,2026-09-11T15:06:12,15.474,8.17500019073486,332.685,2026-09-11 19:44:22,2026-09-11 15:45:04
AAPL,AAPL270917C00460000,AAPL,2027-09-17,C,460.0,7.9,427.0,8.45,488.0,0.2682,138.0,24.0,0.1905,0.003,0.92,-0.032,0.5542,8.2042,1.615,8.65,8.65,8.64,no_change,8.64,2026-09-11T10:48:02,22.9893,7.02500009536743,332.685,2026-09-11 19:44:22,2026-09-11 15:45:04
AAPL,AAPL270917C00470000,AAPL,2027-09-17,C,470.0,6.95,343.0,7.35,425.0,0.2691,342.0,0.0,0.17,0.0028,0.8579,-0.0298,0.4956,7.1166,0.0,0.0,0.0,0.0,no_change,6.0,2026-09-10T14:01:29,0.0,6.09999990463257,332.685,2026-09-11 19:44:22,2026-09-11 15:45:04
AAPL,AAPL270917C00480000,AAPL,2027-09-17,C,480.0,6.0,381.0,6.4,455.0,0.2693,146.0,22.0,0.1515,0.0026,0.7971,-0.0277,0.443,6.1764,1.37,6.65,6.67,6.65,up,6.67,2026-09-11T11:05:06,25.8491,5.30000019073486,332.685,2026-09-11 19:44:22,2026-09-11 15:45:04
AAPL,AAPL270917C00490000,AAPL,2027-09-17,C,490.0,5.2,415.0,5.6,504.0,0.27,56.0,2.0,0.1349,0.0024,0.739,-0.0256,0.3955,5.3629,0.9,5.3,5.5,5.3,up,5.5,2026-09-11T10:27:10,19.5652,4.60000014305115,332.685,2026-09-11 19:44:22,2026-09-11 15:45:04
AAPL,AAPL270917C00500000,AAPL,2027-09-17,C,500.0,4.5,417.0,4.85,437.0,0.2702,383.0,6.0,0.12,0.0022,0.6822,-0.0237,0.3523,4.6611,1.05,4.75,5.05,4.64,no_change,5.05,2026-09-11T11:12:52,26.25,3.99999988079071,332.685,2026-09-11 19:44:22,2026-09-11 15:45:04
AAPL,AAPL270917C00510000,AAPL,2027-09-17,C,510.0,3.95,305.0,4.15,282.0,0.2706,96.0,1.0,0.1068,0.002,0.6294,-0.0218,0.3145,4.0551,0.575,4.0,4.0,4.0,up,4.0,2026-09-11T15:09:01,16.7883,3.42499995231628,332.685,2026-09-11 19:44:22,2026-09-11 15:45:04
AAPL,AAPL270917C00520000,AAPL,2027-09-17,C,520.0,3.4,286.0,3.65,260.0,0.2712,119.0,0.0,0.095,0.0018,0.5791,-0.02,0.2798,3.5318,0.0,0.0,0.0,0.0,no_change,2.27,2026-09-09T11:02:29,0.0,3.02499997615814,332.685,2026-09-11 19:44:22,2026-09-11 15:45:04
AAPL,AAPL270917C00530000,AAPL,2027-09-17,C,530.0,2.97,97.0,3.25,118.0,0.2727,71.0,0.0,0.0845,0.0017,0.5317,-0.0184,0.2493,3.0806,0.0,0.0,0.0,0.0,up,2.76,2026-09-03T12:21:38,0.0,2.63999998569489,332.685,2026-09-11 19:44:22,2026-09-11 15:45:04
AAPL,AAPL270917C00540000,AAPL,2027-09-17,C,540.0,2.59,264.0,2.77,196.0,0.2728,49.0,0.0,0.0752,0.0015,0.4884,-0.0169,0.2224,2.6905,0.0,0.0,0.0,0.0,down,2.0,2026-09-10T10:38:08,0.0,2.3050000667572,332.685,2026-09-11 19:44:22,2026-09-11 15:45:04
AAPL,AAPL270917C00550000,AAPL,2027-09-17,C,550.0,2.28,189.0,2.52,403.0,0.275,1685.0,414.0,0.067,0.0014,0.4475,-0.0155,0.1979,2.3536,0.38,2.2,2.53,2.2,down,2.38,2026-09-11T14:13:40,19.0,1.99999994039536,332.685,2026-09-11 19:44:22,2026-09-11 15:45:04
AAPL,AAPL270917C00560000,AAPL,2027-09-17,C,560.0,1.99,180.0,2.17,367.0,0.2754,444.0,4.0,0.0596,0.0013,0.4093,-0.0142,0.1764,2.0597,0.245,1.8,2.02,1.8,no_change,2.02,2026-09-11T09:55:32,13.8028,1.77500003576279,332.685,2026-09-11 19:44:22,2026-09-11 15:45:04
AAPL,AAPL270917C00570000,AAPL,2027-09-17,C,570.0,1.69,295.0,1.89,288.0,0.2753,41.0,0.0,0.0532,0.0012,0.3751,-0.013,0.1576,1.8078,0.0,0.0,0.0,0.0,up,1.5,2026-09-10T09:37:23,0.0,1.55000001192093,332.685,2026-09-11 19:44:22,2026-09-11 15:45:04
AAPL,AAPL270917C00580000,AAPL,2027-09-17,C,580.0,1.49,333.0,1.74,393.0,0.2777,63.0,0.0,0.0475,0.0011,0.3433,-0.0119,0.1405,1.5896,0.0,0.0,0.0,0.0,down,1.26,2026-09-10T11:29:36,0.0,1.36000001430511,332.685,2026-09-11 19:44:22,2026-09-11 15:45:04
AAPL,AAPL270917C00590000,AAPL,2027-09-17,C,590.0,1.34,105.0,1.5,411.0,0.2786,87.0,52.0,0.0424,0.001,0.3141,-0.0109,0.1256,1.4015,0.225,1.4,1.43,1.4,no_change,1.42,2026-09-11T09:52:06,18.8285,1.19499999284744,332.685,2026-09-11 19:44:22,2026-09-11 15:45:04
AAPL,AAPL270917C00600000,AAPL,2027-09-17,C,600.0,1.18,113.0,1.29,221.0,0.279,1657.0,64.0,0.038,0.0009,0.2877,-0.01,0.1126,1.2371,0.14,1.24,1.3,1.2,down,1.23,2026-09-11T14:52:58,12.844,1.0900000333786,332.685,2026-09-11 19:44:22,2026-09-11 15:45:04
AAPL,AAPL270917P00100000,AAPL,2027-09-17,P,100.0,0.08,109.0,0.25,283.0,0.4941,321.0,0.0,-0.0031,0.0001,0.0324,-0.002,-0.0114,0.1717,0.0,0.0,0.0,0.0,up,0.2,2026-09-10T14:58:11,0.0,0.185000002384186,332.685,2026-09-11 19:44:22,2026-09-11 15:45:04
AAPL,AAPL270917P00105000,AAPL,2027-09-17,P,105.0,0.11,138.0,0.27,138.0,0.4833,94.0,0.0,-0.0036,0.0001,0.0373,-0.0023,-0.0133,0.1999,0.0,0.0,0.0,0.0,down,0.37,2026-07-29T09:30:15,0.0,0.205000001937151,332.685,2026-09-11 19:44:22,2026-09-11 15:45:04
AAPL,AAPL270917P00110000,AAPL,2027-09-17,P,110.0,0.13,129.0,0.32,315.0,0.4747,41.0,0.0,-0.0042,0.0001,0.0428,-0.0026,-0.0155,0.2318,0.0,0.0,0.0,0.0,down,0.25,2026-09-02T13:02:31,0.0,0.245000004768372,332.685,2026-09-11 19:44:22,2026-09-11 15:45:04
AAPL,AAPL270917P00115000,AAPL,2027-09-17,P,115.0,0.17,117.0,0.36,314.0,0.4664,5.0,0.0,-0.0049,0.0001,0.0492,-0.0029,-0.018,0.2679,0.0,0.0,0.0,0.0,down,0.32,2026-09-04T15:51:27,0.0,0.285000003874302,332.685,2026-09-11 19:44:22,2026-09-11 15:45:04
AAPL,AAPL270917P00120000,AAPL,2027-09-17,P,120.0,0.2,141.0,0.41,360.0,0.4574,151.0,0.0,-0.0057,0.0001,0.056,-0.0032,-0.0208,0.309,0.0,0.0,0.0,0.0,down,0.37,2026-08-31T10:29:40,0.0,0.330000005662441,332.685,2026-09-11 19:44:22,2026-09-11 15:45:04
AAPL,AAPL270917P00125000,AAPL,2027-09-17,P,125.0,0.24,117.0,0.46,246.0,0.4487,15.0,0.0,-0.0066,0.0001,0.0635,-0.0036,-0.024,0.3552,0.0,0.0,0.0,0.0,down,0.84,2026-07-02T10:12:16,0.0,0.405000001192093,332.685,2026-09-11 19:44:22,2026-09-11 15:45:04
AAPL,AAPL270917P00130000,AAPL,2027-09-17,P,130.0,0.34,342.0,0.45,78.0,0.4396,32.0,0.0,-0.0076,0.0001,0.0719,-0.004,-0.0276,0.4073,0.0,0.0,0.0,0.0,up,0.43,2026-09-01T12:18:34,0.0,0.464999988675118,332.685,2026-09-11 19:44:22,2026-09-11 15:45:04
AAPL,AAPL270917P00135000,AAPL,2027-09-17,P,135.0,0.35,471.0,0.52,372.0,0.4295,61.0,1.0,-0.0087,0.0002,0.0814,-0.0044,-0.0317,0.4656,-0.01,0.45,0.45,0.45,down,0.45,2026-09-11T10:26:27,-2.17391,0.46000000834465,332.685,2026-09-11 19:44:22,2026-09-11 15:45:04
AAPL,AAPL270917P00140000,AAPL,2027-09-17,P,140.0,0.48,152.0,0.65,519.0,0.4297,37.0,0.0,-0.01,0.0002,0.0914,-0.0049,-0.0362,0.5323,0.0,0.0,0.0,0.0,no_change,0.65,2026-08-31T15:50:00,0.0,0.53499998152256,332.685,2026-09-11 19:44:22,2026-09-11 15:45:04
AAPL,AAPL270917P00145000,AAPL,2027-09-17,P,145.0,0.57,207.0,0.71,497.0,0.4221,29.0,1.0,-0.0114,0.0002,0.1024,-0.0054,-0.0412,0.6066,-0.015,0.65,0.65,0.65,no_change,0.65,2026-09-11T09:34:15,-2.25564,0.66499999165535,332.685,2026-09-11 19:44:22,2026-09-11 15:45:04
AAPL,AAPL270917P00150000,AAPL,2027-09-17,P,150.0,0.65,225.0,0.76,127.0,0.4131,70.0,0.0,-0.013,0.0002,0.1149,-0.006,-0.0469,0.6902,0.0,0.0,0.0,0.0,down,0.74,2026-09-10T12:20:08,0.0,0.784999996423721,332.685,2026-09-11 19:44:22,2026-09-11 15:45:04
AAPL,AAPL270917P00155000,AAPL,2027-09-17,P,155.0,0.75,179.0,0.92,430.0,0.4091,111.0,0.0,-0.0148,0.0003,0.1286,-0.0066,-0.0535,0.7843,0.0,0.0,0.0,0.0,down,0.87,2026-09-02T10:15:28,0.0,0.865000009536743,332.685,2026-09-11 19:44:22,2026-09-11 15:45:04
AAPL,AAPL270917P00160000,AAPL,2027-09-17,P,160.0,0.87,92.0,0.96,35.0,0.4004,62.0,1.0,-0.0168,0.0003,0.1428,-0.0072,-0.0603,0.8902,-0.08,0.9,0.9,0.9,down,0.9,2026-09-11T11:11:04,-8.16326,0.979999989271164,332.685,2026-09-11 19:44:22,2026-09-11 15:45:04
AAPL,AAPL270917P00165000,AAPL,2027-09-17,P,165.0,0.98,80.0,1.1,39.0,0.3944,36.0,1.0,-0.019,0.0004,0.1586,-0.008,-0.0682,1.0085,-0.12,1.02,1.02,1.02,down,1.02,2026-09-11T10:01:44,-10.5263,1.13999998569489,332.685,2026-09-11 19:44:22,2026-09-11 15:45:04
AAPL,AAPL270917P00170000,AAPL,2027-09-17,P,170.0,1.0,384.0,1.24,80.0,0.3851,66.0,0.0,-0.0214,0.0004,0.1765,-0.0087,-0.077,1.141,0.0,0.0,0.0,0.0,up,1.35,2026-09-10T09:44:12,0.0,1.31499999761581,332.685,2026-09-11 19:44:22,2026-09-11 15:45:04
AAPL,AAPL270917P00175000,AAPL,2027-09-17,P,175.0,1.27,267.0,1.44,512.0,0.384,86.0,10.0,-0.0242,0.0004,0.1954,-0.0095,-0.0871,1.2902,-0.05,1.4,1.4,1.4,down,1.4,2026-09-11T09:32:33,-3.44828,1.44999998807907,332.685,2026-09-11 19:44:22,2026-09-11 15:45:04
AAPL,AAPL270917P00180000,AAPL,2027-09-17,P,180.0,1.43,29.0,1.56,74.0,0.3769,138.0,0.0,-0.0273,0.0005,0.2151,-0.0104,-0.0976,1.4574,0.0,0.0,0.0,0.0,up,1.66,2026-09-10T10:19:43,0.0,1.64999997615814,332.685,2026-09-11 19:44:22,2026-09-11 15:45:04
AAPL,AAPL270917P00185000,AAPL,2027-09-17,P,185.0,1.61,285.0,1.8,411.0,0.3725,51.0,1.0,-0.0307,0.0006,0.2369,-0.0113,-0.1097,1.6437,-0.17,1.69,1.69,1.69,down,1.69,2026-09-11T10:02:00,-9.13979,1.86000001430511,332.685,2026-09-11 19:44:22,2026-09-11 15:45:04
AAPL,AAPL270917P00190000,AAPL,2027-09-17,P,190.0,1.8,246.0,2.02,311.0,0.3672,42.0,0.0,-0.0345,0.0006,0.2614,-0.0123,-0.1229,1.8503,0.0,0.0,0.0,0.0,up,2.18,2026-09-08T09:30:03,0.0,2.10500001907349,332.685,2026-09-11 19:44:22,2026-09-11 15:45:04
AAPL,AAPL270917P00195000,AAPL,2027-09-17,P,195.0,1.93,353.0,2.2,66.0,0.3591,106.0,5.0,-0.0387,0.0007,0.2862,-0.0133,-0.1374,2.0858,-0.215,2.15,2.15,2.02,up,2.11,2026-09-11T12:21:08,-9.24731,2.32500004768372,332.685,2026-09-11 19:44:22,2026-09-11 15:45:04
AAPL,AAPL270917P00200000,AAPL,2027-09-17,P,200.0,2.28,281.0,2.48,196.0,0.3563,438.0,3.0,-0.0433,0.0008,0.3129,-0.0144,-0.1533,2.3457,-0.185,2.33,2.38,2.33,up,2.38,2026-09-11T15:12:09,-7.21248,2.56500005722046,332.685,2026-09-11 19:44:22,2026-09-11 15:45:04
AAPL,AAPL270917P00205000,AAPL,2027-09-17,P,205.0,2.44,332.0,2.8,225.0,0.3503,96.0,0.0,-0.0484,0.0009,0.342,-0.0156,-0.1709,2.6346,0.0,0.0,0.0,0.0,down,2.84,2026-09-01T13:04:25,0.0,2.91999995708466,332.685,2026-09-11 19:44:22,2026-09-11 15:45:04
AAPL,AAPL270917P00210000,AAPL,2027-09-17,P,210.0,2.89,312.0,3.15,391.0,0.3481,172.0,0.0,-0.054,0.001,0.374,-0.0168,-0.1908,2.9567,0.0,0.0,0.0,0.0,down,3.4,2026-09-10T09:41:37,0.0,3.30000007152557,332.685,2026-09-11 19:44:22,2026-09-11 15:45:04
AAPL,AAPL270917P00215000,AAPL,2027-09-17,P,215.0,3.1,334.0,3.4,10.0,0.3406,202.0,0.0,-0.0601,0.001,0.4048,-0.0182,-0.2109,3.3156,0.0,0.0,0.0,0.0,down,4.02,2026-09-09T15:23:12,0.0,3.67499995231628,332.685,2026-09-11 19:44:22,2026-09-11 15:45:04
AAPL,AAPL270917P00220000,AAPL,2027-09-17,P,220.0,3.55,344.0,3.9,392.0,0.3388,903.0,3.0,-0.0667,0.0012,0.4384,-0.0195,-0.2339,3.7078,-0.52,3.72,3.72,3.63,down,3.63,2026-09-11T11:39:22,-12.5301,4.15000009536743,332.685,2026-09-11 19:44:22,2026-09-11 15:45:04
AAPL,AAPL270917P00225000,AAPL,2027-09-17,P,225.0,3.95,480.0,4.3,270.0,0.3342,279.0,1.0,-0.0739,0.0013,0.4758,-0.0209,-0.2583,4.1421,-0.475,4.2,4.2,4.2,down,4.2,2026-09-11T12:07:53,-10.1604,4.67499995231628,332.685,2026-09-11 19:44:22,2026-09-11 15:45:04
AAPL,AAPL270917P00230000,AAPL,2027-09-17,P,230.0,4.45,445.0,4.75,73.0,0.3303,369.0,17.0,-0.0819,0.0014,0.5125,-0.0224,-0.2849,4.6316,-0.59,4.75,4.75,4.55,down,4.56,2026-09-11T11:45:56,-11.4563,5.15000009536743,332.685,2026-09-11 19:44:22,2026-09-11 15:45:04
AAPL,AAPL270917P00235000,AAPL,2027-09-17,P,235.0,5.05,359.0,5.3,218.0,0.3278,221.0,27.0,-0.0904,0.0015,0.5505,-0.0239,-0.3132,5.1609,-0.625,5.3,5.3,5.05,no_change,5.15,2026-09-11T14:19:31,-10.8225,5.77499985694885,332.685,2026-09-11 19:44:22,2026-09-11 15:45:04
AAPL,AAPL270917P00240000,AAPL,2027-09-17,P,240.0,5.65,331.0,5.9,365.0,0.3246,1043.0,10.0,-0.0997,0.0016,0.5914,-0.0254,-0.3436,5.746,-0.725,6.15,6.15,5.55,no_change,5.75,2026-09-11T14:34:48,-11.1969,6.47499990463257,332.685,2026-09-11 19:44:22,2026-09-11 15:45:04
AAPL,AAPL270917P00245000,AAPL,2027-09-17,P,245.0,6.15,516.0,6.55,263.0,0.3202,306.0,3.0,-0.1097,0.0018,0.6346,-0.0271,-0.3776,6.3935,-0.785,6.86,6.86,6.39,down,6.39,2026-09-11T09:37:35,-10.9408,7.17499995231628,332.685,2026-09-11 19:44:22,2026-09-11 15:45:04
AAPL,AAPL270917P00250000,AAPL,2027-09-17,P,250.0,6.95,481.0,7.25,460.0,0.3179,920.0,59.0,-0.1205,0.0019,0.6748,-0.0287,-0.4108,7.1,-0.83,6.97,7.09,6.95,down,7.07,2026-09-11T15:09:40,-10.5063,7.90000009536743,332.685,2026-09-11 19:44:22,2026-09-11 15:45:04
AAPL,AAPL270917P00255000,AAPL,2027-09-17,P,255.0,7.65,475.0,8.05,384.0,0.3147,260.0,2.0,-0.1319,0.0021,0.7184,-0.0304,-0.4485,7.8667,-1.005,7.72,7.82,7.72,up,7.82,2026-09-11T14:11:12,-11.3881,8.8250002861023,332.685,2026-09-11 19:44:22,2026-09-11 15:45:04
AAPL,AAPL270917P00260000,AAPL,2027-09-17,P,260.0,8.45,555.0,8.9,396.0,0.3117,274.0,7.0,-0.1442,0.0022,0.7658,-0.032,-0.4868,8.7093,-1.2,8.74,8.74,8.47,up,8.6,2026-09-11T13:07:04,-12.2449,9.80000019073486,332.685,2026-09-11 19:44:22,2026-09-11 15:45:04
AAPL,AAPL270917P00265000,AAPL,2027-09-17,P,265.0,9.45,423.0,9.95,416.0,0.3104,811.0,38.0,-0.1574,0.0024,0.8072,-0.0337,-0.5277,9.6271,-1.175,9.7,9.7,9.4,up,9.55,2026-09-11T13:36:14,-10.9557,10.7250003814697,332.685,2026-09-11 19:44:22,2026-09-11 15:45:04
AAPL,AAPL270917P00270000,AAPL,2027-09-17,P,270.0,10.35,420.0,10.95,431.0,0.3073,1098.0,15.0,-0.1712,0.0026,0.8511,-0.0354,-0.5708,10.6172,-1.455,10.5,10.79,10.42,down,10.42,2026-09-11T10:52:25,-12.2526,11.875,332.685,2026-09-11 19:44:22,2026-09-11 15:45:04
AAPL,AAPL270917P00275000,AAPL,2027-09-17,P,275.0,11.5,507.0,11.9,429.0,0.3045,1860.0,23.0,-0.1859,0.0027,0.8963,-0.0371,-0.6164,11.69,-1.58,11.48,11.52,11.47,down,11.47,2026-09-11T12:56:09,-12.1073,13.0500001907349,332.685,2026-09-11 19:44:22,2026-09-11 15:45:04
AAPL,AAPL270917P00280000,AAPL,2027-09-17,P,280.0,12.7,238.0,13.1,351.0,0.3026,2113.0,1.0,-0.2014,0.0029,0.94,-0.0387,-0.6628,12.8532,-1.3,13.0,13.0,13.0,down,13.0,2026-09-11T09:59:00,-9.09091,14.3000001907349,332.685,2026-09-11 19:44:22,2026-09-11 15:45:04
AAPL,AAPL270917P00285000,AAPL,2027-09-17,P,285.0,13.85,366.0,14.6,532.0,0.301,657.0,0.0,-0.2178,0.0031,0.9808,-0.0404,-0.7097,14.1081,0.0,0.0,0.0,0.0,down,16.1,2026-09-10T09:38:23,0.0,15.6750001907349,332.685,2026-09-11 19:44:22,2026-09-11 15:45:04
AAPL,AAPL270917P00290000,AAPL,2027-09-17,P,290.0,15.35,387.0,15.75,504.0,0.2986,639.0,52.0,-0.2349,0.0032,1.0229,-0.042,-0.7575,15.4503,-1.5,15.7,15.75,15.0,up,15.65,2026-09-11T14:58:06,-8.74636,17.1500005722046,332.685,2026-09-11 19:44:22,2026-09-11 15:45:04
AAPL,AAPL270917P00295000,AAPL,2027-09-17,P,295.0,16.65,519.0,17.2,408.0,0.2958,847.0,100.0,-0.2528,0.0034,1.0648,-0.0435,-0.8096,16.8973,-1.625,17.15,17.15,17.15,down,17.15,2026-09-11T09:57:00,-8.65512,18.7749996185303,332.685,2026-09-11 19:44:22,2026-09-11 15:45:04
AAPL,AAPL270917P00300000,AAPL,2027-09-17,P,300.0,18.25,504.0,18.8,541.0,0.2943,1119.0,128.0,-0.2714,0.0036,1.0996,-0.045,-0.8582,18.4429,-2.25,18.65,18.73,17.92,no_change,18.15,2026-09-11T12:55:12,-11.0294,20.3999996185303,332.685,2026-09-11 19:44:22,2026-09-11 15:45:04
AAPL,AAPL270917P00305000,AAPL,2027-09-17,P,305.0,19.8,488.0,20.45,507.0,0.2921,372.0,124.0,-0.2905,0.0037,1.1357,-0.0464,-0.9067,20.0774,-2.495,20.33,20.33,19.73,down,19.73,2026-09-11T13:07:40,-11.2261,22.2250003814697,332.685,2026-09-11 19:44:22,2026-09-11 15:45:04
AAPL,AAPL270917P00310000,AAPL,2027-09-17,P,310.0,21.6,391.0,22.3,415.0,0.2909,517.0,101.0,-0.3106,0.0039,1.17,-0.0477,-0.9586,21.8318,-1.92,22.84,22.84,22.13,no_change,22.13,2026-09-11T09:56:37,-7.98337,24.0500001907349,332.685,2026-09-11 19:44:22,2026-09-11 15:45:04
AAPL,AAPL270917P00315000,AAPL,2027-09-17,P,315.0,23.4,349.0,24.2,614.0,0.289,416.0,13.0,-0.3312,0.004,1.1986,-0.049,-1.0067,23.7022,-2.825,25.04,25.04,23.35,down,23.35,2026-09-11T13:02:51,-10.7927,26.1750001907349,332.685,2026-09-11 19:44:22,2026-09-11 15:45:04
AAPL,AAPL270917P00320000,AAPL,2027-09-17,P,320.0,25.3,397.0,26.35,584.0,0.2878,300.0,5.0,-0.3524,0.0042,1.2242,-0.0501,-1.0525,25.6759,-2.975,25.58,26.1,25.25,down,25.25,2026-09-11T13:02:51,-10.5403,28.2250003814697,332.685,2026-09-11 19:44:22,2026-09-11 15:45:04
AAPL,AAPL270917P00325000,AAPL,2027-09-17,P,325.0,27.55,379.0,28.1,504.0,0.2854,486.0,36.0,-0.3745,0.0043,1.2477,-0.0512,-1.1021,27.7821,-2.4,29.9,29.9,27.0,up,28.1,2026-09-11T14:59:58,-7.86885,30.5,332.685,2026-09-11 19:44:22,2026-09-11 15:45:04
AAPL,AAPL270917P00330000,AAPL,2027-09-17,P,330.0,29.6,536.0,30.4,549.0,0.2837,280.0,11.0,-0.3966,0.0045,1.2668,-0.0522,-1.1486,29.9838,-3.375,29.9,30.5,29.3,up,29.5,2026-09-11T10:56:18,-10.2662,32.875,332.685,2026-09-11 19:44:22,2026-09-11 15:45:04
AAPL,AAPL270917P00335000,AAPL,2027-09-17,P,335.0,32.05,290.0,32.65,551.0,0.2825,632.0,3.0,-0.4194,0.0046,1.2819,-0.053,-1.1931,32.311,-3.925,31.5,31.5,31.5,no_change,31.5,2026-09-11T11:43:34,-11.0797,35.4249992370606,332.685,2026-09-11 19:44:22,2026-09-11 15:45:04
AAPL,AAPL270917P00340000,AAPL,2027-09-17,P,340.0,34.2,621.0,35.5,585.0,0.2815,159.0,12.0,-0.4428,0.0047,1.291,-0.0538,-1.2297,34.7706,-3.88,35.0,35.2,34.12,down,34.12,2026-09-11T12:51:16,-10.2105,38.0,332.685,2026-09-11 19:44:22,2026-09-11 15:45:04
AAPL,AAPL270917P00345000,AAPL,2027-09-17,P,345.0,36.7,380.0,37.7,242.0,0.2787,101.0,0.0,-0.466,0.0048,1.2977,-0.0544,-1.2753,37.3228,0.0,0.0,0.0,0.0,up,45.0,2026-09-08T10:00:11,0.0,40.7999992370606,332.685,2026-09-11 19:44:22,2026-09-11 15:45:04
AAPL,AAPL270917P00350000,AAPL,2027-09-17,P,350.0,39.75,103.0,40.6,391.0,0.2797,66.0,59.0,-0.4898,0.005,1.2992,-0.055,-1.3081,40.0144,-3.74,39.17,40.05,38.91,up,40.01,2026-09-11T15:09:40,-8.54857,43.75,332.685,2026-09-11 19:44:22,2026-09-11 15:45:04
AAPL,AAPL270917P00355000,AAPL,2027-09-17,P,355.0,42.15,229.0,43.15,159.0,0.2761,212.0,0.0,-0.5139,0.005,1.2945,-0.0554,-1.3246,42.8225,0.0,0.0,0.0,0.0,down,49.25,2026-08-28T11:01:04,0.0,46.625,332.685,2026-09-11 19:44:22,2026-09-11 15:45:04
AAPL,AAPL270917P00360000,AAPL,2027-09-17,P,360.0,45.05,212.0,46.15,164.0,0.2751,19.0,0.0,-0.5382,0.0051,1.2859,-0.0557,-1.3552,45.7581,0.0,0.0,0.0,0.0,up,63.5,2026-08-13T15:43:55,0.0,49.75,332.685,2026-09-11 19:44:22,2026-09-11 15:45:04
AAPL,AAPL270917P00365000,AAPL,2027-09-17,P,365.0,47.85,421.0,49.2,130.0,0.2731,4.0,0.0,-0.5625,0.0052,1.2689,-0.0559,-1.3675,48.8194,0.0,0.0,0.0,0.0,no_change,52.73,2026-09-01T14:52:31,0.0,53.3499984741211,332.685,2026-09-11 19:44:22,2026-09-11 15:45:04
AAPL,AAPL270917P00370000,AAPL,2027-09-17,P,370.0,50.7,558.0,52.55,196.0,0.2716,103.0,0.0,-0.5869,0.0053,1.2548,-0.0561,-1.3753,51.9918,0.0,0.0,0.0,0.0,no_change,70.42,2026-08-04T10:19:23,0.0,56.375,332.685,2026-09-11 19:44:22,2026-09-11 15:45:04
AAPL,AAPL270917P00375000,AAPL,2027-09-17,P,375.0,53.85,508.0,55.9,120.0,0.2704,29.0,0.0,-0.6114,0.0053,1.226,-0.0561,-1.3854,55.2882,0.0,0.0,0.0,0.0,down,73.3,2026-08-11T12:54:07,0.0,60.4749984741211,332.685,2026-09-11 19:44:22,2026-09-11 15:45:04
AAPL,AAPL270917P00380000,AAPL,2027-09-17,P,380.0,56.95,620.0,59.15,100.0,0.2675,67.0,0.0,-0.6358,0.0054,1.2005,-0.056,-1.3856,58.6989,0.0,0.0,0.0,0.0,up,74.65,2026-08-25T12:22:01,0.0,63.9750022888184,332.685,2026-09-11 19:44:22,2026-09-11 15:45:04
AAPL,AAPL270917P00385000,AAPL,2027-09-17,P,385.0,60.4,588.0,62.8,101.0,0.2668,26.0,0.0,-0.66,0.0054,1.1634,-0.0558,-1.3805,62.2405,0.0,0.0,0.0,0.0,no_change,74.75,2026-08-20T14:01:26,0.0,67.2750015258789,332.685,2026-09-11 19:44:22,2026-09-11 15:45:04
AAPL,AAPL270917P00390000,AAPL,2027-09-17,P,390.0,64.0,495.0,66.3,82.0,0.2651,12.0,0.0,-0.6842,0.0055,1.1244,-0.0556,-1.3549,65.8721,0.0,0.0,0.0,0.0,down,73.3,2026-09-10T09:38:22,0.0,71.0500030517578,332.685,2026-09-11 19:44:22,2026-09-11 15:45:04
AAPL,AAPL270917P00395000,AAPL,2027-09-17,P,395.0,67.75,488.0,70.25,104.0,0.2651,3.0,0.0,-0.7084,0.0055,1.0796,-0.0554,-1.3267,69.6346,0.0,0.0,0.0,0.0,down,82.2,2026-08-19T10:55:06,0.0,75.4500007629394,332.685,2026-09-11 19:44:22,2026-09-11 15:45:04
AAPL,AAPL270917P00400000,AAPL,2027-09-17,P,400.0,71.65,407.0,73.95,82.0,0.2636,3.0,0.0,-0.7323,0.0055,1.0298,-0.0552,-1.2866,73.4989,0.0,0.0,0.0,0.0,up,94.56,2026-08-03T13:29:39,0.0,79.3250007629394,332.685,2026-09-11 19:44:22,2026-09-11 15:45:04
AAPL,AAPL270917P00410000,AAPL,2027-09-17,P,410.0,79.65,444.0,82.25,103.0,0.263,16.0,0.0,-0.7792,0.0056,0.9182,-0.0541,-1.1871,81.5417,0.0,0.0,0.0,0.0,down,90.35,2026-09-10T11:19:25,0.0,87.4749984741211,332.685,2026-09-11 19:44:22,2026-09-11 15:45:04
AAPL,AAPL270917P00420000,AAPL,2027-09-17,P,420.0,88.1,462.0,90.95,322.0,0.2627,0.0,0.0,-0.8257,0.0056,0.7828,-0.0541,-1.061,89.9995,0.0,0.0,0.0,0.0,no_change,89.11,2026-07-27T09:46:50,0.0,96.2999992370606,332.685,2026-09-11 19:44:22,2026-09-11 15:45:04
AAPL,AAPL270917P00430000,AAPL,2027-09-17,P,430.0,96.95,402.0,99.85,375.0,0.2608,10.0,0.0,-0.8708,0.0057,0.6357,-0.0542,-0.8705,98.8273,0.0,0.0,0.0,0.0,down,104.8,2026-09-02T12:09:07,0.0,105.424999237061,332.685,2026-09-11 19:44:22,2026-09-11 15:45:04
AAPL,AAPL270917P00440000,AAPL,2027-09-17,P,440.0,106.15,171.0,109.6,171.0,0.2645,0.0,0.0,-0.9114,0.0052,0.4541,-0.053,-0.6456,108.0406,0.0,0.0,0.0,0.0,up,112.8,2026-07-16T09:45:28,0.0,114.674999237061,332.685,2026-09-11 19:44:22,2026-09-11 15:45:04
AAPL,AAPL270917P00450000,AAPL,2027-09-17,P,450.0,115.8,143.0,118.75,144.0,0.0,0.0,0.0,-0.9479,0.0044,0.2578,-0.0533,-0.3473,117.5786,0.0,0.0,0.0,0.0,up,144.45,2026-08-10T12:46:36,0.0,124.350002288818,332.685,2026-09-11 19:44:22,2026-09-11 15:45:04
AAPL,AAPL270917P00460000,AAPL,2027-09-17,P,460.0,125.5,112.0,128.95,111.0,0.0,0.0,0.0,-0.9732,0.0031,0.1438,-0.0349,-0.2022,127.3499,0.0,0.0,0.0,0.0,no_change,0.0,,0.0,134.349998474121,332.685,2026-09-11 19:44:22,2026-09-11 15:45:04
AAPL,AAPL270917P00470000,AAPL,2027-09-17,P,470.0,135.5,113.0,138.95,114.0,0.0,0.0,0.0,-0.9891,0.0013,0.0,-0.0308,0.0,137.325,0.0,0.0,0.0,0.0,no_change,0.0,,0.0,144.349998474121,332.685,2026-09-11 19:44:22,2026-09-11 15:45:04
AAPL,AAPL270917P00480000,AAPL,2027-09-17,P,480.0,145.5,111.0,148.6,110.0,0.0,0.0,0.0,-0.9975,0.0003,0.0,-0.0308,0.0,147.325,0.0,0.0,0.0,0.0,no_change,0.0,,0.0,154.349998474121,332.685,2026-09-11 19:44:22,2026-09-11 15:45:04
AAPL,AAPL270917P00490000,AAPL,2027-09-17,P,490.0,155.5,149.0,158.85,148.0,0.0,0.0,0.0,-1.0,0.0,0.0,-0.0308,0.0,157.325,0.0,0.0,0.0,0.0,no_change,0.0,,0.0,164.349998474121,332.685,2026-09-11 19:44:22,2026-09-11 15:45:04
AAPL,AAPL270917P00500000,AAPL,2027-09-17,P,500.0,165.5,111.0,168.95,112.0,0.0,0.0,0.0,-1.0,0.0,0.0,-0.0308,0.0,167.325,0.0,0.0,0.0,0.0,no_change,0.0,,0.0,174.349998474121,332.685,2026-09-11 19:44:22,2026-09-11 15:45:04
AAPL,AAPL270917P00510000,AAPL,2027-09-17,P,510.0,175.5,145.0,179.1,146.0,0.0,0.0,0.0,-1.0,0.0,0.0,-0.0308,0.0,177.325,0.0,0.0,0.0,0.0,no_change,0.0,,0.0,184.349998474121,332.685,2026-09-11 19:44:22,2026-09-11 15:45:04
AAPL,AAPL270917P00520000,AAPL,2027-09-17,P,520.0,185.5,147.0,188.75,143.0,0.0,0.0,0.0,-1.0,0.0,0.0,-0.0308,0.0,187.325,0.0,0.0,0.0,0.0,no_change,0.0,,0.0,194.349998474121,332.685,2026-09-11 19:44:22,2026-09-11 15:45:04
AAPL,AAPL270917P00530000,AAPL,2027-09-17,P,530.0,195.5,145.0,198.95,114.0,0.0,0.0,0.0,-1.0,0.0,0.0,-0.0308,0.0,197.325,0.0,0.0,0.0,0.0,down,223.26,2026-08-11T10:55:54,0.0,204.349998474121,332.685,2026-09-11 19:44:22,2026-09-11 15:45:04
AAPL,AAPL270917P00540000,AAPL,2027-09-17,P,540.0,205.5,149.0,208.95,150.0,0.0,0.0,0.0,-1.0,0.0,0.0,-0.0308,0.0,207.325,0.0,0.0,0.0,0.0,no_change,0.0,,0.0,214.349998474121,332.685,2026-09-11 19:44:22,2026-09-11 15:45:04
AAPL,AAPL270917P00550000,AAPL,2027-09-17,P,550.0,215.5,137.0,218.8,118.0,0.0,0.0,0.0,-1.0,0.0,0.0,-0.0308,0.0,217.325,0.0,0.0,0.0,0.0,no_change,0.0,,0.0,224.349998474121,332.685,2026-09-11 19:44:22,2026-09-11 15:45:04
AAPL,AAPL270917P00560000,AAPL,2027-09-17,P,560.0,225.5,131.0,228.8,111.0,0.0,0.0,0.0,-1.0,0.0,0.0,-0.0308,0.0,227.325,0.0,0.0,0.0,0.0,no_change,0.0,,0.0,234.575004577637,332.685,2026-09-11 19:44:22,2026-09-11 15:45:04
AAPL,AAPL270917P00570000,AAPL,2027-09-17,P,570.0,235.5,112.0,238.95,96.0,0.0,0.0,0.0,-1.0,0.0,0.0,-0.0308,0.0,237.325,0.0,0.0,0.0,0.0,no_change,0.0,,0.0,244.5,332.685,2026-09-11 19:44:22,2026-09-11 15:45:04
AAPL,AAPL270917P00580000,AAPL,2027-09-17,P,580.0,245.5,113.0,248.95,98.0,0.0,0.0,0.0,-1.0,0.0,0.0,-0.0308,0.0,247.325,0.0,0.0,0.0,0.0,no_change,0.0,,0.0,254.575004577637,332.685,2026-09-11 19:44:22,2026-09-11 15:45:04
AAPL,AAPL270917P00590000,AAPL,2027-09-17,P,590.0,255.5,111.0,259.1,104.0,0.0,0.0,0.0,-1.0,0.0,0.0,-0.0308,0.0,257.325,0.0,0.0,0.0,0.0,no_change,0.0,,0.0,264.574996948242,332.685,2026-09-11 19:44:22,2026-09-11 15:45:04
AAPL,AAPL270917P00600000,AAPL,2027-09-17,P,600.0,265.5,118.0,268.95,77.0,0.0,0.0,0.0,-1.0,0.0,0.0,-0.0308,0.0,267.325,0.0,0.0,0.0,0.0,no_change,0.0,,0.0,274.574996948242,332.685,2026-09-11 19:44:22,2026-09-11 15:45:04
AAPL,AAPL271217C00005000,AAPL,2027-12-17,C,5.0,325.8,16.0,329.7,16.0,0.0,1.0,0.0,1.0,0.0,0.0006,0.0,0.0203,328.129,0.0,0.0,0.0,0.0,up,310.06,2026-08-06T09:52:35,0.0,320.550003051758,332.685,2026-09-11 19:44:22,2026-09-11 15:45:04
AAPL,AAPL271217C00010000,AAPL,2027-12-17,C,10.0,320.9,96.0,324.85,16.0,0.0,3.0,0.0,1.0,0.0,0.0004,0.0,0.0503,323.2257,0.0,0.0,0.0,0.0,down,295.0,2026-08-11T15:21:42,0.0,315.699996948242,332.685,2026-09-11 19:44:22,2026-09-11 15:45:04
AAPL,AAPL271217C00015000,AAPL,2027-12-17,C,15.0,316.15,97.0,320.05,16.0,0.0,25.0,0.0,1.0,0.0,0.0005,0.0,0.0895,318.3513,0.0,0.0,0.0,0.0,down,231.29,2026-01-21T11:23:55,0.0,310.949996948242,332.685,2026-09-11 19:44:22,2026-09-11 15:45:04
AAPL,AAPL271217C00020000,AAPL,2027-12-17,C,20.0,311.4,92.0,315.3,6.0,0.0,1.0,0.0,1.0,0.0,0.0014,0.0,0.1306,313.5048,0.0,0.0,0.0,0.0,down,227.46,2026-04-07T10:46:03,0.0,306.199996948242,332.685,2026-09-11 19:44:22,2026-09-11 15:45:04
AAPL,AAPL271217C00025000,AAPL,2027-12-17,C,25.0,306.7,92.0,310.6,16.0,0.0,1.0,0.0,1.0,0.0,0.0029,0.0,0.253,308.7015,0.0,0.0,0.0,0.0,down,223.24,2026-04-07T10:46:39,0.0,301.5,332.685,2026-09-11 19:44:22,2026-09-11 15:45:04
AAPL,AAPL271217C00030000,AAPL,2027-12-17,C,30.0,301.95,92.0,305.8,6.0,0.0,9.0,0.0,1.0,0.0,0.0041,0.0,0.3273,303.9684,0.0,0.0,0.0,0.0,up,270.6,2026-06-24T12:02:03,0.0,296.75,332.685,2026-09-11 19:44:22,2026-09-11 15:45:04
AAPL,AAPL271217C00035000,AAPL,2027-12-17,C,35.0,297.25,86.0,301.1,6.0,0.0,0.0,0.0,1.0,0.0,0.0051,0.0,0.3845,299.2473,0.0,0.0,0.0,0.0,no_change,0.0,,0.0,292.050003051758,332.685,2026-09-11 19:44:22,2026-09-11 15:45:04
AAPL,AAPL271217C00040000,AAPL,2027-12-17,C,40.0,292.5,91.0,296.35,6.0,0.0,8.0,0.0,1.0,0.0,0.0067,0.0,0.4396,294.5291,0.0,0.0,0.0,0.0,down,214.49,2026-03-16T12:49:21,0.0,287.300003051758,332.685,2026-09-11 19:44:22,2026-09-11 15:45:04
AAPL,AAPL271217C00045000,AAPL,2027-12-17,C,45.0,287.8,91.0,291.7,16.0,0.0,17.0,0.0,1.0,0.0,0.0084,0.0,0.4942,289.8126,0.0,0.0,0.0,0.0,down,204.68,2026-04-07T10:47:27,0.0,282.574996948242,332.685,2026-09-11 19:44:22,2026-09-11 15:45:04
AAPL,AAPL271217C00050000,AAPL,2027-12-17,C,50.0,283.1,134.0,286.95,19.0,0.0,820.0,0.0,1.0,0.0,0.0104,0.0,0.5594,285.0984,0.0,0.0,0.0,0.0,no_change,255.03,2026-07-31T10:22:14,0.0,277.900009155273,332.685,2026-09-11 19:44:22,2026-09-11 15:45:04
AAPL,AAPL271217C00055000,AAPL,2027-12-17,C,55.0,278.4,113.0,282.25,22.0,0.2906,411.0,0.0,1.0,0.0,0.0127,0.0,0.6454,280.398,0.0,0.0,0.0,0.0,down,249.56,2026-07-31T13:40:55,0.0,273.199996948242,332.685,2026-09-11 19:44:22,2026-09-11 15:45:04
AAPL,AAPL271217C00060000,AAPL,2027-12-17,C,60.0,273.7,104.0,277.55,6.0,0.0,297.0,0.0,1.0,0.0,0.0152,0.0,0.7131,275.7092,0.0,0.0,0.0,0.0,down,242.5,2026-06-23T14:05:13,0.0,268.5,332.685,2026-09-11 19:44:22,2026-09-11 15:45:04
AAPL,AAPL271217C00065000,AAPL,2027-12-17,C,65.0,269.0,99.0,272.9,16.0,0.4925,157.0,0.0,1.0,0.0,0.0179,0.0,0.7742,271.0252,0.0,0.0,0.0,0.0,up,246.9,2026-08-21T15:14:24,0.0,263.800003051758,332.685,2026-09-11 19:44:22,2026-09-11 15:45:04
AAPL,AAPL271217C00070000,AAPL,2027-12-17,C,70.0,264.3,99.0,268.2,11.0,0.4677,168.0,0.0,1.0,0.0,0.0211,0.0,0.8332,266.3441,0.0,0.0,0.0,0.0,down,235.95,2026-07-31T10:58:55,0.0,259.125,332.685,2026-09-11 19:44:22,2026-09-11 15:45:04
AAPL,AAPL271217C00075000,AAPL,2027-12-17,C,75.0,259.6,99.0,263.55,16.0,0.4779,132.0,0.0,0.9999,0.0,0.0246,0.0,0.8915,261.6655,0.0,0.0,0.0,0.0,up,268.6,2026-07-28T13:03:07,0.0,254.674995422363,332.685,2026-09-11 19:44:22,2026-09-11 15:45:04
AAPL,AAPL271217C00080000,AAPL,2027-12-17,C,80.0,254.95,114.0,258.8,10.0,0.4563,427.0,0.0,0.9995,0.0,0.0286,0.0,0.9493,256.9895,0.0,0.0,0.0,0.0,up,229.45,2026-08-10T12:33:53,0.0,249.700004577637,332.685,2026-09-11 19:44:22,2026-09-11 15:45:04
AAPL,AAPL271217C00085000,AAPL,2027-12-17,C,85.0,250.25,115.0,254.1,9.0,0.436,435.0,0.0,0.9991,0.0,0.033,0.0,1.0068,252.3164,0.0,0.0,0.0,0.0,down,232.42,2026-08-06T11:10:32,0.0,245.0,332.685,2026-09-11 19:44:22,2026-09-11 15:45:04
AAPL,AAPL271217C00090000,AAPL,2027-12-17,C,90.0,245.55,99.0,249.45,7.0,0.4372,172.0,0.0,0.9986,0.0,0.0379,0.0,1.0641,247.6464,0.0,0.0,0.0,0.0,up,227.75,2026-08-06T11:11:20,0.0,240.324996948242,332.685,2026-09-11 19:44:22,2026-09-11 15:45:04
AAPL,AAPL271217C00095000,AAPL,2027-12-17,C,95.0,240.9,99.0,244.75,10.0,0.4335,151.0,0.0,0.9981,0.0001,0.0434,0.0,1.1211,242.9798,0.0,0.0,0.0,0.0,up,217.3,2026-08-14T09:34:47,0.0,235.625,332.685,2026-09-11 19:44:22,2026-09-11 15:45:04
AAPL,AAPL271217C00100000,AAPL,2027-12-17,C,100.0,236.65,109.0,240.1,27.0,0.4872,365.0,0.0,0.9975,0.0001,0.0495,0.0,1.1777,238.3172,0.0,0.0,0.0,0.0,down,216.95,2026-09-09T13:22:43,0.0,231.0,332.685,2026-09-11 19:44:22,2026-09-11 15:45:04
AAPL,AAPL271217C00105000,AAPL,2027-12-17,C,105.0,231.55,112.0,235.45,33.0,0.4283,102.0,0.0,0.9968,0.0001,0.0562,0.0,1.2339,233.659,0.0,0.0,0.0,0.0,up,211.12,2026-08-27T10:17:08,0.0,226.349998474121,332.685,2026-09-11 19:44:22,2026-09-11 15:45:04
AAPL,AAPL271217C00110000,AAPL,2027-12-17,C,110.0,226.9,113.0,230.75,10.0,0.419,231.0,0.0,0.9961,0.0001,0.0636,0.0,1.2898,229.0057,0.0,0.0,0.0,0.0,up,208.06,2026-08-24T09:30:32,0.0,221.675003051758,332.685,2026-09-11 19:44:22,2026-09-11 15:45:04
AAPL,AAPL271217C00115000,AAPL,2027-12-17,C,115.0,222.7,110.0,226.1,31.0,0.4536,383.0,0.0,0.9952,0.0001,0.0717,0.0,1.3452,224.3579,0.0,0.0,0.0,0.0,up,206.44,2026-08-31T10:32:12,0.0,217.024993896484,332.685,2026-09-11 19:44:22,2026-09-11 15:45:04
AAPL,AAPL271217C00120000,AAPL,2027-12-17,C,120.0,217.6,103.0,221.45,11.0,0.4097,271.0,0.0,0.9943,0.0001,0.0808,0.0,1.4,219.7161,0.0,0.0,0.0,0.0,down,193.6,2026-08-11T10:42:30,0.0,212.599998474121,332.685,2026-09-11 19:44:22,2026-09-11 15:45:04
AAPL,AAPL271217C00125000,AAPL,2027-12-17,C,125.0,212.95,116.0,216.85,37.0,0.4072,441.0,0.0,0.9932,0.0001,0.0907,0.0,1.4542,215.0813,0.0,0.0,0.0,0.0,up,211.64,2026-09-03T12:17:19,0.0,207.75,332.685,2026-09-11 19:44:22,2026-09-11 15:45:04
AAPL,AAPL271217C00130000,AAPL,2027-12-17,C,130.0,208.75,116.0,212.2,35.0,0.4257,443.0,1.0,0.992,0.0002,0.1015,0.0,1.5079,210.4542,6.855,209.98,209.98,209.98,up,209.98,2026-09-11T09:49:43,3.37477,203.125,332.685,2026-09-11 19:44:22,2026-09-11 15:45:04
AAPL,AAPL271217C00135000,AAPL,2027-12-17,C,135.0,203.7,103.0,207.55,10.0,0.3944,108.0,0.0,0.9906,0.0002,0.1133,0.0,1.5609,205.8357,0.0,0.0,0.0,0.0,up,181.81,2026-08-25T15:34:49,0.0,198.524993896484,332.685,2026-09-11 19:44:22,2026-09-11 15:45:04
AAPL,AAPL271217C00140000,AAPL,2027-12-17,C,140.0,199.5,108.0,202.95,40.0,0.4093,347.0,0.0,0.9891,0.0002,0.1264,0.0,1.6131,201.2266,0.0,0.0,0.0,0.0,up,196.5,2026-09-02T09:30:24,0.0,193.900001525879,332.685,2026-09-11 19:44:22,2026-09-11 15:45:04
AAPL,AAPL271217C00145000,AAPL,2027-12-17,C,145.0,194.5,121.0,198.35,31.0,0.3863,577.0,0.0,0.9875,0.0002,0.1406,0.0,1.6643,196.6282,0.0,0.0,0.0,0.0,up,189.0,2026-09-01T10:22:51,0.0,189.324996948242,332.685,2026-09-11 19:44:22,2026-09-11 15:45:04
AAPL,AAPL271217C00150000,AAPL,2027-12-17,C,150.0,190.35,122.0,193.75,42.0,0.397,636.0,0.0,0.9856,0.0003,0.1559,0.0,1.7147,192.0417,0.0,0.0,0.0,0.0,up,175.0,2026-09-09T09:40:48,0.0,184.725006103516,332.685,2026-09-11 19:44:22,2026-09-11 15:45:04
AAPL,AAPL271217C00155000,AAPL,2027-12-17,C,155.0,185.3,103.0,189.2,21.0,0.3764,100.0,0.0,0.9835,0.0003,0.1725,0.0,1.7641,187.4683,0.0,0.0,0.0,0.0,up,167.6,2026-08-26T13:48:41,0.0,180.074996948242,332.685,2026-09-11 19:44:22,2026-09-11 15:45:04
AAPL,AAPL271217C00160000,AAPL,2027-12-17,C,160.0,180.75,113.0,184.6,32.0,0.3711,410.0,0.0,0.9812,0.0004,0.1906,0.0,1.8123,182.9093,0.0,0.0,0.0,0.0,up,167.0,2026-09-09T09:51:41,0.0,175.599998474121,332.685,2026-09-11 19:44:22,2026-09-11 15:45:04
AAPL,AAPL271217C00165000,AAPL,2027-12-17,C,165.0,176.65,382.0,180.1,146.0,0.3796,266.0,1.0,0.9787,0.0004,0.2103,0.0,1.8592,178.3665,8.85,180.15,180.15,180.15,up,180.15,2026-09-11T11:47:50,5.16637,171.300003051758,332.685,2026-09-11 19:44:22,2026-09-11 15:45:04
AAPL,AAPL271217C00170000,AAPL,2027-12-17,C,170.0,172.15,460.0,175.55,146.0,0.3743,496.0,0.0,0.9759,0.0004,0.2312,0.0,1.9048,173.8415,0.0,0.0,0.0,0.0,up,165.76,2026-09-01T13:52:09,0.0,167.049995422363,332.685,2026-09-11 19:44:22,2026-09-11 15:45:04
AAPL,AAPL271217C00175000,AAPL,2027-12-17,C,175.0,168.15,340.0,171.05,163.0,0.3793,342.0,0.0,0.9728,0.0005,0.2536,0.0,1.9491,169.3359,0.0,0.0,0.0,0.0,up,149.95,2026-08-26T13:30:13,0.0,162.300003051758,332.685,2026-09-11 19:44:22,2026-09-11 15:45:04
AAPL,AAPL271217C00180000,AAPL,2027-12-17,C,180.0,163.75,367.0,166.55,159.0,0.3749,839.0,3.0,0.9694,0.0005,0.278,0.0,1.9916,164.8515,9.1,164.25,167.0,164.25,up,167.0,2026-09-11T10:51:58,5.76314,157.900001525879,332.685,2026-09-11 19:44:22,2026-09-11 15:45:04
AAPL,AAPL271217C00185000,AAPL,2027-12-17,C,185.0,158.65,437.0,162.1,378.0,0.359,1142.0,1.0,0.9656,0.0006,0.304,0.0,2.0323,160.3906,8.025,161.5,161.5,161.5,up,161.5,2026-09-11T12:09:03,5.22887,153.474998474121,332.685,2026-09-11 19:44:22,2026-09-11 15:45:04
AAPL,AAPL271217C00190000,AAPL,2027-12-17,C,190.0,154.55,426.0,157.65,349.0,0.3596,572.0,4.0,0.9615,0.0006,0.3312,0.0,2.0714,155.9555,9.15,156.28,158.0,156.28,up,158.0,2026-09-11T10:50:39,6.14713,148.849998474121,332.685,2026-09-11 19:44:22,2026-09-11 15:45:04
AAPL,AAPL271217C00195000,AAPL,2027-12-17,C,195.0,150.45,334.0,153.25,288.0,0.3594,369.0,0.0,0.957,0.0007,0.3602,0.0,2.1087,151.548,0.0,0.0,0.0,0.0,no_change,132.4,2026-08-26T13:30:37,0.0,144.625,332.685,2026-09-11 19:44:22,2026-09-11 15:45:04
AAPL,AAPL271217C00200000,AAPL,2027-12-17,C,200.0,146.3,252.0,148.85,489.0,0.3573,3950.0,5.0,0.9521,0.0008,0.3912,0.0,2.1437,147.1704,8.395,141.0,148.67,141.0,up,148.67,2026-09-11T10:28:03,5.98467,140.275001525879,332.685,2026-09-11 19:44:22,2026-09-11 15:45:04
AAPL,AAPL271217C00205000,AAPL,2027-12-17,C,205.0,141.4,438.0,144.5,400.0,0.3461,873.0,5.0,0.9468,0.0009,0.4239,0.0,2.1762,142.8258,6.475,142.5,142.5,142.5,up,142.5,2026-09-11T10:22:32,4.76015,136.025001525879,332.685,2026-09-11 19:44:22,2026-09-11 15:45:04
AAPL,AAPL271217C00210000,AAPL,2027-12-17,C,210.0,137.6,228.0,140.2,340.0,0.3479,751.0,0.0,0.941,0.001,0.4576,-0.0005,2.2067,138.5166,0.0,0.0,0.0,0.0,up,125.8,2026-09-10T09:31:50,0.0,131.349998474121,332.685,2026-09-11 19:44:22,2026-09-11 15:45:04
AAPL,AAPL271217C00215000,AAPL,2027-12-17,C,215.0,133.2,366.0,135.95,388.0,0.3427,832.0,1.0,0.9348,0.001,0.4931,-0.0021,2.235,134.2449,8.325,135.75,135.75,135.75,up,135.75,2026-09-11T10:57:35,6.53326,127.424999237061,332.685,2026-09-11 19:44:22,2026-09-11 15:45:04
AAPL,AAPL271217C00220000,AAPL,2027-12-17,C,220.0,129.15,216.0,130.8,138.0,0.3318,989.0,0.0,0.9281,0.0011,0.5305,-0.0038,2.2603,130.0137,0.0,0.0,0.0,0.0,up,115.04,2026-09-10T09:30:03,0.0,123.024997711182,332.685,2026-09-11 19:44:22,2026-09-11 15:45:04
AAPL,AAPL271217C00225000,AAPL,2027-12-17,C,225.0,124.2,497.0,127.5,415.0,0.3297,2024.0,2.0,0.9208,0.0012,0.5691,-0.0054,2.2827,125.8265,8.07,126.97,126.97,126.97,up,126.97,2026-09-11T12:51:13,6.78721,118.900001525879,332.685,2026-09-11 19:44:22,2026-09-11 15:45:04
AAPL,AAPL271217C00230000,AAPL,2027-12-17,C,230.0,120.95,124.0,122.5,278.0,0.3269,1570.0,4.0,0.9131,0.0013,0.6085,-0.0071,2.3029,121.6856,6.995,122.95,123.47,121.87,down,121.87,2026-09-11T14:44:16,6.08923,114.875,332.685,2026-09-11 19:44:22,2026-09-11 15:45:04
AAPL,AAPL271217C00235000,AAPL,2027-12-17,C,235.0,116.1,497.0,119.3,425.0,0.3249,566.0,1.0,0.9048,0.0014,0.6494,-0.0089,2.3202,117.5935,8.63,119.33,119.33,119.33,up,119.33,2026-09-11T13:01:25,7.79585,110.699996948242,332.685,2026-09-11 19:44:22,2026-09-11 15:45:04
AAPL,AAPL271217C00240000,AAPL,2027-12-17,C,240.0,112.8,201.0,114.15,174.0,0.3192,808.0,5.0,0.8959,0.0015,0.6917,-0.0106,2.3338,113.5538,7.12,114.0,114.93,113.77,down,113.77,2026-09-11T14:44:16,6.67605,106.649997711182,332.685,2026-09-11 19:44:22,2026-09-11 15:45:04
AAPL,AAPL271217C00245000,AAPL,2027-12-17,C,245.0,108.25,454.0,110.4,276.0,0.3143,561.0,2.0,0.8865,0.0016,0.7345,-0.0123,2.3446,109.5697,8.8,111.85,111.85,111.8,down,111.8,2026-09-11T11:23:09,8.54369,103.0,332.685,2026-09-11 19:44:22,2026-09-11 15:45:04
AAPL,AAPL271217C00250000,AAPL,2027-12-17,C,250.0,104.95,194.0,106.35,215.0,0.3151,3467.0,7.0,0.8766,0.0018,0.7775,-0.0141,2.3529,105.6436,8.77,105.6,108.05,105.6,up,107.72,2026-09-11T13:10:43,8.86306,98.9500007629394,332.685,2026-09-11 19:44:22,2026-09-11 15:45:04
AAPL,AAPL271217C00255000,AAPL,2027-12-17,C,255.0,101.05,184.0,102.4,191.0,0.3119,546.0,4.0,0.866,0.0019,0.8216,-0.0158,2.3577,101.778,6.68,103.01,104.45,101.73,down,101.73,2026-09-11T14:53:19,7.02788,95.0499992370606,332.685,2026-09-11 19:44:22,2026-09-11 15:45:04
AAPL,AAPL271217C00260000,AAPL,2027-12-17,C,260.0,97.25,169.0,99.3,380.0,0.3136,2410.0,4.0,0.8549,0.002,0.8663,-0.0176,2.3585,97.9767,7.115,94.5,100.0,94.5,down,98.59,2026-09-11T14:02:10,7.77808,91.4750022888184,332.685,2026-09-11 19:44:22,2026-09-11 15:45:04
AAPL,AAPL271217C00265000,AAPL,2027-12-17,C,265.0,93.0,406.0,94.85,201.0,0.3043,588.0,1.0,0.8432,0.0021,0.9104,-0.0193,2.3566,94.2428,9.25,97.0,97.0,97.0,up,97.0,2026-09-11T11:12:52,10.5413,87.75,332.685,2026-09-11 19:44:22,2026-09-11 15:45:04
AAPL,AAPL271217C00270000,AAPL,2027-12-17,C,270.0,89.45,384.0,92.3,445.0,0.3088,2440.0,7.0,0.831,0.0022,0.9542,-0.021,2.3522,90.5778,7.785,91.1,92.51,89.6,down,91.91,2026-09-11T12:42:19,9.25409,84.125,332.685,2026-09-11 19:44:22,2026-09-11 15:45:04
AAPL,AAPL271217C00275000,AAPL,2027-12-17,C,275.0,85.95,391.0,87.6,195.0,0.3014,397.0,7.0,0.8182,0.0023,0.9983,-0.0226,2.3436,86.9846,7.55,88.0,88.93,87.92,down,88.15,2026-09-11T13:31:17,9.36724,80.6000022888184,332.685,2026-09-11 19:44:22,2026-09-11 15:45:04
AAPL,AAPL271217C00280000,AAPL,2027-12-17,C,280.0,82.75,272.0,84.85,412.0,0.3047,2183.0,6.0,0.8049,0.0025,1.0418,-0.0243,2.3313,83.4669,6.7,80.0,84.28,80.0,down,83.9,2026-09-11T14:25:32,8.67876,77.1999969482422,332.685,2026-09-11 19:44:22,2026-09-11 15:45:04
AAPL,AAPL271217C00285000,AAPL,2027-12-17,C,285.0,78.8,431.0,80.85,334.0,0.2976,454.0,1.0,0.791,0.0026,1.0838,-0.0258,2.3168,80.0267,5.8,80.0,80.0,80.0,up,80.0,2026-09-11T14:25:17,7.81671,74.2000007629394,332.685,2026-09-11 19:44:22,2026-09-11 15:45:04
AAPL,AAPL271217C00290000,AAPL,2027-12-17,C,290.0,75.85,260.0,77.7,245.0,0.2986,1603.0,0.0,0.7767,0.0027,1.1248,-0.0274,2.2996,76.665,0.0,0.0,0.0,0.0,up,71.51,2026-09-10T15:57:23,0.0,70.9000015258789,332.685,2026-09-11 19:44:22,2026-09-11 15:45:04
AAPL,AAPL271217C00295000,AAPL,2027-12-17,C,295.0,72.15,417.0,74.9,406.0,0.2971,443.0,3.0,0.7618,0.0028,1.165,-0.0288,2.2781,73.3846,7.975,72.5,75.5,72.5,up,75.5,2026-09-11T11:11:13,11.8104,67.5250015258789,332.685,2026-09-11 19:44:22,2026-09-11 15:45:04
AAPL,AAPL271217C00300000,AAPL,2027-12-17,C,300.0,69.6,380.0,70.9,348.0,0.2947,8544.0,15.0,0.7466,0.0029,1.2036,-0.0302,2.2534,70.1886,5.725,65.55,72.55,65.55,down,70.55,2026-09-11T14:40:28,8.83147,64.8249969482422,332.685,2026-09-11 19:44:22,2026-09-11 15:45:04
AAPL,AAPL271217C00305000,AAPL,2027-12-17,C,305.0,66.35,335.0,68.0,324.0,0.2933,766.0,4.0,0.7309,0.003,1.24,-0.0316,2.2272,67.0777,7.14,65.59,68.49,65.59,up,68.49,2026-09-11T10:52:28,11.6381,61.3500003814697,332.685,2026-09-11 19:44:22,2026-09-11 15:45:04
AAPL,AAPL271217C00310000,AAPL,2027-12-17,C,310.0,63.05,393.0,65.0,328.0,0.2907,6433.0,28.0,0.7148,0.0031,1.2746,-0.0328,2.1981,64.0524,5.66,61.0,66.5,61.0,up,64.41,2026-09-11T14:37:31,9.63404,58.75,332.685,2026-09-11 19:44:22,2026-09-11 15:45:04
AAPL,AAPL271217C00315000,AAPL,2027-12-17,C,315.0,60.85,107.0,61.55,173.0,0.2901,816.0,12.0,0.6983,0.0032,1.3074,-0.034,2.1651,61.1151,7.5,61.95,63.5,59.28,up,63.5,2026-09-11T11:14:16,13.3929,56.0,332.685,2026-09-11 19:44:22,2026-09-11 15:45:04
AAPL,AAPL271217C00320000,AAPL,2027-12-17,C,320.0,57.85,380.0,58.55,74.0,0.2875,3871.0,31.0,0.6816,0.0033,1.3378,-0.0351,2.1299,58.2677,4.7,57.0,60.23,56.35,down,58.0,2026-09-11T14:48:11,8.81801,53.2999992370606,332.685,2026-09-11 19:44:22,2026-09-11 15:45:04
AAPL,AAPL271217C00325000,AAPL,2027-12-17,C,325.0,55.15,85.0,56.9,530.0,0.2904,599.0,30.0,0.6645,0.0034,1.3654,-0.0361,2.0936,55.5098,4.865,55.0,57.6,55.0,down,55.69,2026-09-11T15:04:57,9.57206,50.8250007629394,332.685,2026-09-11 19:44:22,2026-09-11 15:45:04
AAPL,AAPL271217C00330000,AAPL,2027-12-17,C,330.0,52.5,239.0,53.2,212.0,0.2854,1858.0,596.0,0.6472,0.0035,1.3906,-0.037,2.0548,52.8412,4.785,52.05,54.95,52.05,up,52.81,2026-09-11T15:28:50,9.96356,48.0249996185303,332.685,2026-09-11 19:44:22,2026-09-11 15:45:04
AAPL,AAPL271217C00335000,AAPL,2027-12-17,C,335.0,49.5,398.0,50.8,314.0,0.2833,2355.0,29.0,0.6298,0.0036,1.4133,-0.0378,2.0128,50.2636,4.85,51.04,52.35,50.5,down,50.5,2026-09-11T14:05:57,10.6243,45.6499996185303,332.685,2026-09-11 19:44:22,2026-09-11 15:45:04
AAPL,AAPL271217C00340000,AAPL,2027-12-17,C,340.0,47.4,299.0,48.7,507.0,0.2848,2213.0,12.0,0.6121,0.0036,1.4331,-0.0386,1.9694,47.7777,4.405,48.0,49.35,47.22,down,47.83,2026-09-11T14:34:11,10.1439,43.4249992370606,332.685,2026-09-11 19:44:22,2026-09-11 15:45:04
AAPL,AAPL271217C00345000,AAPL,2027-12-17,C,345.0,44.7,560.0,45.9,344.0,0.2813,719.0,8.0,0.5944,0.0037,1.4499,-0.0392,1.9257,45.3818,5.045,46.27,46.27,46.27,no_change,46.27,2026-09-11T13:31:18,12.2377,41.2250003814697,332.685,2026-09-11 19:44:22,2026-09-11 15:45:04
AAPL,AAPL271217C00350000,AAPL,2027-12-17,C,350.0,42.75,377.0,43.75,591.0,0.282,1622.0,37.0,0.5766,0.0037,1.4639,-0.0397,1.88,43.0753,4.975,43.0,45.0,42.1,down,44.0,2026-09-11T13:25:05,12.7482,39.0250015258789,332.685,2026-09-11 19:44:22,2026-09-11 15:45:04
AAPL,AAPL271217C00355000,AAPL,2027-12-17,C,355.0,40.4,369.0,41.45,536.0,0.2802,2142.0,82.0,0.5588,0.0038,1.4749,-0.0402,1.8318,40.8587,5.35,41.2,42.4,41.0,down,42.25,2026-09-11T11:05:57,14.4986,36.8999996185303,332.685,2026-09-11 19:44:22,2026-09-11 15:45:04
AAPL,AAPL271217C00360000,AAPL,2027-12-17,C,360.0,38.45,210.0,39.05,372.0,0.2789,1177.0,2.0,0.541,0.0038,1.483,-0.0405,1.7832,38.7318,5.225,40.43,40.43,40.15,down,40.15,2026-09-11T11:43:10,14.9606,34.9249992370606,332.685,2026-09-11 19:44:22,2026-09-11 15:45:04
AAPL,AAPL271217C00365000,AAPL,2027-12-17,C,365.0,36.45,99.0,37.0,325.0,0.2781,1525.0,1.0,0.5233,0.0038,1.4883,-0.0407,1.735,36.6921,4.56,37.56,37.56,37.56,up,37.56,2026-09-11T10:30:00,13.8182,33.0,332.685,2026-09-11 19:44:22,2026-09-11 15:45:04
AAPL,AAPL271217C00370000,AAPL,2027-12-17,C,370.0,34.45,207.0,35.1,450.0,0.2773,1246.0,9.0,0.5056,0.0038,1.4906,-0.0409,1.6856,34.738,4.8,34.5,36.31,34.5,down,36.0,2026-09-11T12:16:07,15.3846,31.1999998092651,332.685,2026-09-11 19:44:22,2026-09-11 15:45:04
AAPL,AAPL271217C00375000,AAPL,2027-12-17,C,375.0,32.6,159.0,33.2,448.0,0.2765,1181.0,1.0,0.4881,0.0039,1.49,-0.0409,1.6344,32.8692,1.225,30.7,30.7,30.7,up,30.7,2026-09-11T09:30:00,4.15606,29.4750003814697,332.685,2026-09-11 19:44:22,2026-09-11 15:45:04
AAPL,AAPL271217C00380000,AAPL,2027-12-17,C,380.0,30.85,137.0,31.45,485.0,0.276,738.0,20.0,0.4708,0.0039,1.4867,-0.0409,1.5834,31.0847,3.255,31.11,32.55,31.0,up,31.08,2026-09-11T14:12:20,11.6981,27.8249998092651,332.685,2026-09-11 19:44:22,2026-09-11 15:45:04
AAPL,AAPL271217C00385000,AAPL,2027-12-17,C,385.0,29.1,167.0,29.7,444.0,0.275,498.0,17.0,0.4537,0.0038,1.481,-0.0408,1.5336,29.3815,3.59,30.15,30.15,29.73,up,29.84,2026-09-11T14:02:46,13.6762,26.25,332.685,2026-09-11 19:44:22,2026-09-11 15:45:04
AAPL,AAPL271217C00390000,AAPL,2027-12-17,C,390.0,27.5,144.0,28.1,480.0,0.2745,988.0,2.0,0.4369,0.0038,1.4727,-0.0406,1.4835,27.7571,3.835,26.0,28.61,26.0,up,28.61,2026-09-11T13:01:15,15.4793,24.7749996185303,332.685,2026-09-11 19:44:22,2026-09-11 15:45:04
AAPL,AAPL271217C00395000,AAPL,2027-12-17,C,395.0,25.95,171.0,26.55,491.0,0.2739,567.0,15.0,0.4203,0.0038,1.4617,-0.0403,1.4324,26.2104,2.88,26.23,26.23,26.23,no_change,26.23,2026-09-11T14:08:08,12.3341,23.3499994277954,332.685,2026-09-11 19:44:22,2026-09-11 15:45:04
AAPL,AAPL271217C00400000,AAPL,2027-12-17,C,400.0,24.5,208.0,25.0,466.0,0.2731,5498.0,38.0,0.4041,0.0038,1.4483,-0.04,1.3816,24.7401,2.795,25.38,26.0,24.45,down,24.82,2026-09-11T14:31:32,12.6901,22.0249996185303,332.685,2026-09-11 19:44:22,2026-09-11 15:45:04
AAPL,AAPL271217C00405000,AAPL,2027-12-17,C,405.0,23.1,363.0,23.65,578.0,0.2728,507.0,2.0,0.3881,0.0038,1.4332,-0.0396,1.3325,23.3431,2.9,23.3,23.65,23.3,up,23.65,2026-09-11T10:23:17,13.9759,20.75,332.685,2026-09-11 19:44:22,2026-09-11 15:45:04
AAPL,AAPL271217C00410000,AAPL,2027-12-17,C,410.0,21.75,348.0,22.35,436.0,0.2723,196.0,35.0,0.3726,0.0037,1.4162,-0.0391,1.2843,22.0161,3.02,22.57,22.57,22.57,up,22.57,2026-09-11T10:34:15,15.4476,19.5500001907349,332.685,2026-09-11 19:44:22,2026-09-11 15:45:04
AAPL,AAPL271217C00415000,AAPL,2027-12-17,C,415.0,20.4,235.0,21.15,233.0,0.2718,189.0,0.0,0.3574,0.0037,1.3971,-0.0386,1.2358,20.7573,0.0,0.0,0.0,0.0,up,17.7,2026-09-10T13:11:53,0.0,18.4250001907349,332.685,2026-09-11 19:44:22,2026-09-11 15:45:04
AAPL,AAPL271217C00420000,AAPL,2027-12-17,C,420.0,19.3,415.0,19.85,542.0,0.2714,529.0,10.0,0.3425,0.0036,1.3759,-0.038,1.1875,19.5651,1.275,18.6,18.6,18.6,no_change,18.6,2026-09-11T09:33:11,7.35931,17.3249998092651,332.685,2026-09-11 19:44:22,2026-09-11 15:45:04
AAPL,AAPL271217C00425000,AAPL,2027-12-17,C,425.0,18.15,446.0,18.75,596.0,0.271,385.0,4.0,0.3281,0.0036,1.3534,-0.0374,1.1409,18.4369,2.15,19.6,19.6,18.36,up,18.45,2026-09-11T14:22:44,13.1902,16.2999992370605,332.685,2026-09-11 19:44:22,2026-09-11 15:45:04
AAPL,AAPL271217C00430000,AAPL,2027-12-17,C,430.0,17.05,535.0,17.65,348.0,0.2705,583.0,7.0,0.3142,0.0035,1.3301,-0.0368,1.0962,17.3692,2.555,17.98,17.98,17.93,down,17.93,2026-09-11T13:07:06,16.6179,15.375,332.685,2026-09-11 19:44:22,2026-09-11 15:45:04
AAPL,AAPL271217C00435000,AAPL,2027-12-17,C,435.0,16.05,497.0,16.65,457.0,0.2703,364.0,1.0,0.3006,0.0034,1.3055,-0.0361,1.0521,16.3594,1.77,16.17,16.17,16.17,up,16.17,2026-09-11T10:15:44,12.2917,14.4000000953674,332.685,2026-09-11 19:44:22,2026-09-11 15:45:04
AAPL,AAPL271217C00440000,AAPL,2027-12-17,C,440.0,15.1,574.0,15.7,512.0,0.2701,7508.0,5.0,0.2874,0.0034,1.2793,-0.0354,1.0082,15.4056,1.835,16.33,16.33,15.41,down,15.41,2026-09-11T15:27:43,13.5175,13.5750002861023,332.685,2026-09-11 19:44:22,2026-09-11 15:45:04
AAPL,AAPL271217C00450000,AAPL,2027-12-17,C,450.0,13.45,494.0,13.9,531.0,0.2699,2977.0,22.0,0.2625,0.0032,1.2243,-0.0339,0.9246,13.6574,1.625,13.0,14.5,13.0,down,13.65,2026-09-11T14:20:10,13.5135,12.0250000953674,332.685,2026-09-11 19:44:22,2026-09-11 15:45:04
AAPL,AAPL271217C00460000,AAPL,2027-12-17,C,460.0,11.9,437.0,12.45,595.0,0.2702,536.0,4.0,0.2393,0.0031,1.168,-0.0323,0.8474,12.1022,1.075,11.65,11.65,11.65,up,11.65,2026-09-11T13:54:54,10.1655,10.5749998092651,332.685,2026-09-11 19:44:22,2026-09-11 15:45:04
AAPL,AAPL271217C00470000,AAPL,2027-12-17,C,470.0,10.55,416.0,11.05,546.0,0.2702,148.0,7.0,0.2178,0.0029,1.1087,-0.0306,0.7733,10.7231,1.625,11.32,11.32,11.0,down,11.0,2026-09-11T12:51:29,17.3333,9.375,332.685,2026-09-11 19:44:22,2026-09-11 15:45:04
AAPL,AAPL271217C00480000,AAPL,2027-12-17,C,480.0,9.3,432.0,9.85,431.0,0.2702,106.0,26.0,0.198,0.0028,1.0499,-0.029,0.7062,9.5021,1.81,10.0,10.11,10.0,up,10.11,2026-09-11T11:24:34,21.8072,8.30000019073486,332.685,2026-09-11 19:44:22,2026-09-11 15:45:04
AAPL,AAPL271217C00490000,AAPL,2027-12-17,C,490.0,8.25,378.0,8.75,486.0,0.2704,314.0,16.0,0.1798,0.0026,0.9912,-0.0274,0.6432,8.4214,1.115,9.0,9.0,8.44,down,8.44,2026-09-11T13:53:15,15.2218,7.32500004768372,332.685,2026-09-11 19:44:22,2026-09-11 15:45:04
AAPL,AAPL271217C00500000,AAPL,2027-12-17,C,500.0,7.3,496.0,7.65,423.0,0.2698,858.0,12.0,0.1632,0.0024,0.9324,-0.0258,0.5849,7.4676,1.505,6.8,8.03,6.8,up,8.03,2026-09-11T11:32:22,23.0651,6.52499985694885,332.685,2026-09-11 19:44:22,2026-09-11 15:45:04
AAPL,AAPL271217C00510000,AAPL,2027-12-17,C,510.0,6.45,329.0,6.95,494.0,0.2709,430.0,0.0,0.148,0.0023,0.8762,-0.0242,0.5325,6.6253,0.0,0.0,0.0,0.0,up,5.65,2026-09-10T15:28:13,0.0,5.82500004768372,332.685,2026-09-11 19:44:22,2026-09-11 15:45:04
AAPL,AAPL271217C00520000,AAPL,2027-12-17,C,520.0,5.7,300.0,6.2,484.0,0.2713,64.0,0.0,0.1342,0.0021,0.8213,-0.0227,0.4835,5.8817,0.0,0.0,0.0,0.0,down,5.2,2026-09-10T13:59:04,0.0,5.15000009536743,332.685,2026-09-11 19:44:22,2026-09-11 15:45:04
AAPL,AAPL271217C00530000,AAPL,2027-12-17,C,530.0,5.1,329.0,5.5,440.0,0.2719,342.0,2.0,0.1216,0.002,0.7675,-0.0212,0.4386,5.2225,0.975,5.25,5.5,5.25,up,5.5,2026-09-11T10:42:31,21.547,4.52500009536743,332.685,2026-09-11 19:44:22,2026-09-11 15:45:04
AAPL,AAPL271217C00540000,AAPL,2027-12-17,C,540.0,4.5,400.0,4.9,395.0,0.2721,157.0,6.0,0.1102,0.0018,0.7175,-0.0198,0.3988,4.6448,1.05,5.0,5.05,5.0,no_change,5.05,2026-09-11T11:32:22,26.25,3.99999988079071,332.685,2026-09-11 19:44:22,2026-09-11 15:45:04
AAPL,AAPL271217C00550000,AAPL,2027-12-17,C,550.0,4.0,484.0,4.2,5.0,0.2714,771.0,5.0,0.0999,0.0017,0.6696,-0.0185,0.3618,4.135,0.625,4.25,4.25,4.2,down,4.2,2026-09-11T12:52:09,17.4825,3.57500004768372,332.685,2026-09-11 19:44:22,2026-09-11 15:45:04
AAPL,AAPL271217C00560000,AAPL,2027-12-17,C,560.0,3.55,345.0,3.8,133.0,0.2723,31.0,0.0,0.0906,0.0016,0.6235,-0.0172,0.3282,3.6858,0.0,0.0,0.0,0.0,up,3.45,2026-09-01T10:26:35,0.0,3.20000004768372,332.685,2026-09-11 19:44:22,2026-09-11 15:45:04
AAPL,AAPL271217C00570000,AAPL,2027-12-17,C,570.0,3.2,284.0,3.5,376.0,0.2742,42.0,5.0,0.0821,0.0015,0.5809,-0.016,0.2985,3.2892,0.36,3.23,3.23,3.23,up,3.23,2026-09-11T10:15:52,12.5436,2.87000000476837,332.685,2026-09-11 19:44:22,2026-09-11 15:45:04
AAPL,AAPL271217C00580000,AAPL,2027-12-17,C,580.0,2.85,262.0,3.2,423.0,0.2755,21.0,0.0,0.0745,0.0014,0.541,-0.0149,0.2711,2.9386,0.0,0.0,0.0,0.0,up,2.7,2026-09-03T10:40:50,0.0,2.58000004291534,332.685,2026-09-11 19:44:22,2026-09-11 15:45:04
AAPL,AAPL271217C00590000,AAPL,2027-12-17,C,590.0,2.55,301.0,2.84,455.0,0.276,75.0,1.0,0.0677,0.0013,0.5029,-0.0139,0.2461,2.6292,0.505,2.8,2.8,2.8,up,2.8,2026-09-11T11:30:43,22.0044,2.29500007629395,332.685,2026-09-11 19:44:22,2026-09-11 15:45:04
AAPL,AAPL271217C00600000,AAPL,2027-12-17,C,600.0,2.29,337.0,2.5,455.0,0.2763,583.0,77.0,0.0615,0.0012,0.4674,-0.0129,0.2239,2.3558,0.205,2.15,2.5,2.15,down,2.25,2026-09-11T14:14:39,10.0245,2.04499995708466,332.685,2026-09-11 19:44:22,2026-09-11 15:45:04
AAPL,AAPL271217P00005000,AAPL,2027-12-17,P,5.0,0.0,0.0,0.27,366.0,1.5777,41.0,0.0,0.0,0.0,0.0004,0.0,-0.0001,0.0024,0.0,0.0,0.0,0.0,down,0.01,2026-07-09T09:30:07,0.0,0.254999995231628,332.685,2026-09-11 19:44:22,2026-09-11 15:45:04
AAPL,AAPL271217P00010000,AAPL,2027-12-17,P,10.0,0.0,0.0,0.26,345.0,1.2727,0.0,0.0,0.0,0.0,0.0008,-0.0001,-0.0003,0.0052,0.0,0.0,0.0,0.0,no_change,0.0,,0.0,0.239999994635582,332.685,2026-09-11 19:44:22,2026-09-11 15:45:04
AAPL,AAPL271217P00015000,AAPL,2027-12-17,P,15.0,0.0,0.0,0.27,357.0,1.1162,0.0,0.0,-0.0001,0.0,0.0014,-0.0001,-0.0005,0.0086,0.0,0.0,0.0,0.0,no_change,0.0,,0.0,0.224999994039536,332.685,2026-09-11 19:44:22,2026-09-11 15:45:04
AAPL,AAPL271217P00020000,AAPL,2027-12-17,P,20.0,0.0,0.0,0.28,425.0,1.0098,62.0,0.0,-0.0001,0.0,0.0022,-0.0002,-0.0007,0.0127,0.0,0.0,0.0,0.0,no_change,0.03,2026-06-04T12:43:23,0.0,0.209999993443489,332.685,2026-09-11 19:44:22,2026-09-11 15:45:04
AAPL,AAPL271217P00025000,AAPL,2027-12-17,P,25.0,0.0,0.0,0.28,430.0,0.9259,40.0,0.0,-0.0002,0.0,0.003,-0.0002,-0.0011,0.0176,0.0,0.0,0.0,0.0,no_change,0.06,2026-05-19T13:12:41,0.0,0.170000001788139,332.685,2026-09-11 19:44:22,2026-09-11 15:45:04
AAPL,AAPL271217P00030000,AAPL,2027-12-17,P,30.0,0.0,0.0,0.28,587.0,0.8588,174.0,0.0,-0.0003,0.0,0.0041,-0.0003,-0.0014,0.0234,0.0,0.0,0.0,0.0,down,0.01,2026-09-03T14:34:56,0.0,0.165000006556511,332.685,2026-09-11 19:44:22,2026-09-11 15:45:04
AAPL,AAPL271217P00035000,AAPL,2027-12-17,P,35.0,0.02,149.0,0.13,313.0,0.752,847.0,1.0,-0.0004,0.0,0.0054,-0.0004,-0.0019,0.0302,0.08,0.13,0.13,0.13,up,0.13,2026-09-11T12:57:30,160.0,0.0499999988824129,332.685,2026-09-11 19:44:22,2026-09-11 15:45:04
AAPL,AAPL271217P00040000,AAPL,2027-12-17,P,40.0,0.0,0.0,0.22,454.0,0.7357,12.0,0.0,-0.0005,0.0,0.0068,-0.0004,-0.0024,0.038,0.0,0.0,0.0,0.0,up,0.06,2026-06-17T13:35:02,0.0,0.100000001490116,332.685,2026-09-11 19:44:22,2026-09-11 15:45:04
AAPL,AAPL271217P00045000,AAPL,2027-12-17,P,45.0,0.0,0.0,0.15,287.0,0.6685,6.0,0.0,-0.0006,0.0,0.0085,-0.0005,-0.0031,0.047,0.0,0.0,0.0,0.0,down,0.13,2026-08-05T15:18:02,0.0,0.0850000008940697,332.685,2026-09-11 19:44:22,2026-09-11 15:45:04
AAPL,AAPL271217P00050000,AAPL,2027-12-17,P,50.0,0.04,98.0,0.08,1.0,0.6203,1161.0,1.0,-0.0008,0.0,0.0105,-0.0006,-0.0038,0.0574,0.0,0.06,0.06,0.06,up,0.06,2026-09-11T12:57:40,2.23517e-06,0.0599999986588955,332.685,2026-09-11 19:44:22,2026-09-11 15:45:04
AAPL,AAPL271217P00055000,AAPL,2027-12-17,P,55.0,0.06,1.0,0.16,116.0,0.6267,43.0,0.0,-0.001,0.0,0.0127,-0.0008,-0.0047,0.0692,0.0,0.0,0.0,0.0,up,0.17,2026-09-01T13:27:48,0.0,0.109999997541308,332.685,2026-09-11 19:44:22,2026-09-11 15:45:04
AAPL,AAPL271217P00060000,AAPL,2027-12-17,P,60.0,0.05,2.0,0.16,19.0,0.5944,94.0,0.0,-0.0012,0.0,0.0152,-0.0009,-0.0057,0.0827,0.0,0.0,0.0,0.0,down,0.08,2026-08-25T10:10:09,0.0,0.115000003948808,332.685,2026-09-11 19:44:22,2026-09-11 15:45:04
AAPL,AAPL271217P00065000,AAPL,2027-12-17,P,65.0,0.05,3.0,0.19,40.0,0.5757,536.0,0.0,-0.0014,0.0,0.018,-0.001,-0.0069,0.0981,0.0,0.0,0.0,0.0,down,0.1,2026-08-21T10:57:20,0.0,0.119999999180436,332.685,2026-09-11 19:44:22,2026-09-11 15:45:04
AAPL,AAPL271217P00070000,AAPL,2027-12-17,P,70.0,0.1,5.0,0.18,19.0,0.5599,213.0,0.0,-0.0017,0.0,0.0213,-0.0012,-0.0082,0.1155,0.0,0.0,0.0,0.0,down,0.24,2026-07-16T09:38:09,0.0,0.160000000149012,332.685,2026-09-11 19:44:22,2026-09-11 15:45:04
AAPL,AAPL271217P00075000,AAPL,2027-12-17,P,75.0,0.1,4.0,0.21,48.0,0.5424,89.0,0.0,-0.002,0.0,0.0248,-0.0013,-0.0097,0.1352,0.0,0.0,0.0,0.0,down,0.19,2026-08-31T13:55:41,0.0,0.169999998062849,332.685,2026-09-11 19:44:22,2026-09-11 15:45:04
AAPL,AAPL271217P00080000,AAPL,2027-12-17,P,80.0,0.1,4.0,0.24,315.0,0.5256,298.0,0.0,-0.0024,0.0,0.0289,-0.0015,-0.0114,0.1574,0.0,0.0,0.0,0.0,no_change,0.16,2026-09-10T15:08:05,0.0,0.169999998062849,332.685,2026-09-11 19:44:22,2026-09-11 15:45:04
AAPL,AAPL271217P00085000,AAPL,2027-12-17,P,85.0,0.1,16.0,0.25,19.0,0.5062,71.0,0.0,-0.0028,0.0,0.0334,-0.0017,-0.0133,0.1826,0.0,0.0,0.0,0.0,up,0.25,2026-09-04T15:11:00,0.0,0.194999996572733,332.685,2026-09-11 19:44:22,2026-09-11 15:45:04
AAPL,AAPL271217P00090000,AAPL,2027-12-17,P,90.0,0.1,164.0,0.29,435.0,0.4925,105.0,0.0,-0.0033,0.0,0.0384,-0.0019,-0.0155,0.2109,0.0,0.0,0.0,0.0,down,0.22,2026-09-10T15:07:44,0.0,0.214999996125698,332.685,2026-09-11 19:44:22,2026-09-11 15:45:04
AAPL,AAPL271217P00095000,AAPL,2027-12-17,P,95.0,0.12,345.0,0.32,475.0,0.4803,54.0,0.0,-0.0038,0.0001,0.0439,-0.0021,-0.018,0.2428,0.0,0.0,0.0,0.0,no_change,0.18,2026-09-04T15:11:08,0.0,0.234999995678663,332.685,2026-09-11 19:44:22,2026-09-11 15:45:04
AAPL,AAPL271217P00100000,AAPL,2027-12-17,P,100.0,0.25,2.0,0.32,155.0,0.477,1341.0,18.0,-0.0044,0.0001,0.0501,-0.0024,-0.0208,0.2786,-0.015,0.27,0.27,0.27,down,0.27,2026-09-11T14:21:55,-5.26316,0.285000003874302,332.685,2026-09-11 19:44:22,2026-09-11 15:45:04
AAPL,AAPL271217P00105000,AAPL,2027-12-17,P,105.0,0.18,376.0,0.42,513.0,0.4622,149.0,0.0,-0.0051,0.0001,0.0569,-0.0026,-0.024,0.319,0.0,0.0,0.0,0.0,down,0.48,2026-08-06T14:35:26,0.0,0.329999998211861,332.685,2026-09-11 19:44:22,2026-09-11 15:45:04
AAPL,AAPL271217P00110000,AAPL,2027-12-17,P,110.0,0.22,552.0,0.44,369.0,0.4506,851.0,18.0,-0.0059,0.0001,0.0645,-0.003,-0.0274,0.3644,-0.015,0.33,0.33,0.33,down,0.33,2026-09-11T14:21:55,-4.34783,0.345000006258488,332.685,2026-09-11 19:44:22,2026-09-11 15:45:04
AAPL,AAPL271217P00115000,AAPL,2027-12-17,P,115.0,0.27,386.0,0.53,507.0,0.4453,880.0,0.0,-0.0068,0.0001,0.0727,-0.0033,-0.0314,0.4155,0.0,0.0,0.0,0.0,down,0.55,2026-08-13T10:31:46,0.0,0.390000000596046,332.685,2026-09-11 19:44:22,2026-09-11 15:45:04
AAPL,AAPL271217P00120000,AAPL,2027-12-17,P,120.0,0.44,1.0,0.53,244.0,0.4408,1140.0,114.0,-0.0078,0.0001,0.082,-0.0036,-0.0359,0.4727,-0.025,0.49,0.49,0.47,no_change,0.47,2026-09-11T14:25:18,-5.05051,0.495000004768372,332.685,2026-09-11 19:44:22,2026-09-11 15:45:04
AAPL,AAPL271217P00125000,AAPL,2027-12-17,P,125.0,0.46,191.0,0.6,133.0,0.4304,834.0,0.0,-0.0088,0.0001,0.0921,-0.004,-0.0409,0.5371,0.0,0.0,0.0,0.0,down,0.66,2026-08-31T12:16:18,0.0,0.564999997615814,332.685,2026-09-11 19:44:22,2026-09-11 15:45:04
AAPL,AAPL271217P00130000,AAPL,2027-12-17,P,130.0,0.52,419.0,0.7,440.0,0.4236,514.0,2.0,-0.0101,0.0002,0.1032,-0.0044,-0.0464,0.6094,-0.05,0.65,0.65,0.65,no_change,0.65,2026-09-11T09:32:08,-7.14286,0.699999988079071,332.685,2026-09-11 19:44:22,2026-09-11 15:45:04
AAPL,AAPL271217P00135000,AAPL,2027-12-17,P,135.0,0.58,437.0,0.84,444.0,0.418,2953.0,0.0,-0.0115,0.0002,0.115,-0.0048,-0.0526,0.6906,0.0,0.0,0.0,0.0,up,0.92,2026-08-24T12:40:23,0.0,0.71000000834465,332.685,2026-09-11 19:44:22,2026-09-11 15:45:04
AAPL,AAPL271217P00140000,AAPL,2027-12-17,P,140.0,0.73,142.0,0.91,342.0,0.4125,3722.0,1.0,-0.013,0.0002,0.1285,-0.0053,-0.0597,0.7813,0.015,0.82,0.82,0.82,down,0.82,2026-09-11T10:36:09,1.86335,0.805000007152557,332.685,2026-09-11 19:44:22,2026-09-11 15:45:04
AAPL,AAPL271217P00145000,AAPL,2027-12-17,P,145.0,0.82,216.0,1.02,264.0,0.4054,612.0,1.0,-0.0147,0.0002,0.1431,-0.0058,-0.0675,0.8833,-0.085,0.94,0.94,0.94,down,0.94,2026-09-11T10:35:56,-8.29268,1.02499997615814,332.685,2026-09-11 19:44:22,2026-09-11 15:45:04
AAPL,AAPL271217P00150000,AAPL,2027-12-17,P,150.0,0.89,313.0,1.12,227.0,0.3969,922.0,1.0,-0.0167,0.0003,0.1588,-0.0064,-0.076,0.9976,-0.05,1.05,1.05,1.05,down,1.05,2026-09-11T13:35:28,-4.54545,1.09999996423721,332.685,2026-09-11 19:44:22,2026-09-11 15:45:04
AAPL,AAPL271217P00155000,AAPL,2027-12-17,P,155.0,1.01,269.0,1.28,58.0,0.3916,1076.0,0.0,-0.0188,0.0003,0.1754,-0.007,-0.0855,1.1254,0.0,0.0,0.0,0.0,down,1.22,2026-09-04T14:50:30,0.0,1.20999997854233,332.685,2026-09-11 19:44:22,2026-09-11 15:45:04
AAPL,AAPL271217P00160000,AAPL,2027-12-17,P,160.0,1.22,58.0,1.45,289.0,0.3882,1042.0,5.0,-0.0212,0.0004,0.1943,-0.0076,-0.0962,1.2678,-0.15,1.26,1.29,1.24,no_change,1.29,2026-09-11T13:52:37,-10.4167,1.43999999761581,332.685,2026-09-11 19:44:22,2026-09-11 15:45:04
AAPL,AAPL271217P00165000,AAPL,2027-12-17,P,165.0,1.27,306.0,1.53,33.0,0.3778,1020.0,0.0,-0.0238,0.0004,0.2145,-0.0083,-0.1079,1.4273,0.0,0.0,0.0,0.0,up,1.67,2026-09-09T15:27:07,0.0,1.55000001192093,332.685,2026-09-11 19:44:22,2026-09-11 15:45:04
AAPL,AAPL271217P00170000,AAPL,2027-12-17,P,170.0,1.4,372.0,1.74,231.0,0.3723,1043.0,6.0,-0.0267,0.0004,0.236,-0.0091,-0.1208,1.6063,-0.18,1.68,1.68,1.65,down,1.65,2026-09-11T14:03:40,-9.83607,1.83000004291534,332.685,2026-09-11 19:44:22,2026-09-11 15:45:04
AAPL,AAPL271217P00175000,AAPL,2027-12-17,P,175.0,1.67,291.0,1.97,267.0,0.3696,1867.0,7.0,-0.0299,0.0005,0.2586,-0.0098,-0.135,1.8035,-0.22,1.8,1.8,1.77,no_change,1.77,2026-09-11T14:26:04,-11.0553,1.9899999499321,332.685,2026-09-11 19:44:22,2026-09-11 15:45:04
AAPL,AAPL271217P00180000,AAPL,2027-12-17,P,180.0,1.98,171.0,2.24,363.0,0.3672,3456.0,4.0,-0.0335,0.0006,0.2843,-0.0106,-0.1507,2.0232,-0.19,2.04,2.1,2.04,down,2.05,2026-09-11T14:50:07,-8.48214,2.24000000953674,332.685,2026-09-11 19:44:22,2026-09-11 15:45:04
AAPL,AAPL271217P00185000,AAPL,2027-12-17,P,185.0,2.23,36.0,2.48,153.0,0.3624,986.0,12.0,-0.0374,0.0006,0.3108,-0.0115,-0.1676,2.2684,-0.25,2.29,2.3,2.28,down,2.28,2026-09-11T14:53:07,-9.88143,2.53000009059906,332.685,2026-09-11 19:44:22,2026-09-11 15:45:04
AAPL,AAPL271217P00190000,AAPL,2027-12-17,P,190.0,2.47,223.0,2.71,271.0,0.3567,1516.0,6.0,-0.0417,0.0007,0.3385,-0.0124,-0.1862,2.5403,-0.28,2.59,2.59,2.5,down,2.5,2026-09-11T10:28:33,-10.0719,2.77999997138977,332.685,2026-09-11 19:44:22,2026-09-11 15:45:04
AAPL,AAPL271217P00195000,AAPL,2027-12-17,P,195.0,2.78,91.0,2.96,26.0,0.3518,1877.0,24.0,-0.0463,0.0008,0.3681,-0.0134,-0.2066,2.8397,-0.305,2.84,2.87,2.84,up,2.87,2026-09-11T15:19:29,-9.6063,3.17499995231628,332.685,2026-09-11 19:44:22,2026-09-11 15:45:04
AAPL,AAPL271217P00200000,AAPL,2027-12-17,P,200.0,3.1,250.0,3.3,129.0,0.3477,5801.0,30.0,-0.0514,0.0008,0.4009,-0.0144,-0.2295,3.17,-0.305,3.25,3.29,3.15,no_change,3.22,2026-09-11T11:36:10,-8.65248,3.52500009536743,332.685,2026-09-11 19:44:22,2026-09-11 15:45:04
AAPL,AAPL271217P00205000,AAPL,2027-12-17,P,205.0,3.3,290.0,3.85,334.0,0.3439,614.0,0.0,-0.057,0.0009,0.4345,-0.0155,-0.2526,3.54,0.0,0.0,0.0,0.0,down,4.15,2026-09-01T10:10:17,0.0,3.94999992847443,332.685,2026-09-11 19:44:22,2026-09-11 15:45:04
AAPL,AAPL271217P00210000,AAPL,2027-12-17,P,210.0,3.9,67.0,4.1,234.0,0.3406,1286.0,98.0,-0.0632,0.001,0.4686,-0.0166,-0.2798,3.946,-0.37,4.19,4.29,3.9,up,3.98,2026-09-11T15:03:11,-8.50575,4.35000014305115,332.685,2026-09-11 19:44:22,2026-09-11 15:45:04
AAPL,AAPL271217P00215000,AAPL,2027-12-17,P,215.0,4.1,325.0,4.55,45.0,0.3346,946.0,0.0,-0.0697,0.0011,0.5056,-0.0178,-0.3063,4.387,0.0,0.0,0.0,0.0,up,5.4,2026-09-09T11:01:07,0.0,4.875,332.685,2026-09-11 19:44:22,2026-09-11 15:45:04
AAPL,AAPL271217P00220000,AAPL,2027-12-17,P,220.0,4.8,277.0,5.05,252.0,0.3335,1539.0,96.0,-0.0768,0.0012,0.5446,-0.019,-0.3377,4.8728,-0.6,4.89,4.9,4.8,down,4.85,2026-09-11T15:26:55,-11.0092,5.45000004768372,332.685,2026-09-11 19:44:22,2026-09-11 15:45:04
AAPL,AAPL271217P00225000,AAPL,2027-12-17,P,225.0,5.1,336.0,5.6,68.0,0.3282,801.0,1.0,-0.0845,0.0013,0.5841,-0.0202,-0.3692,5.4106,-0.72,5.33,5.33,5.33,down,5.33,2026-09-11T11:28:38,-11.9008,6.04999995231628,332.685,2026-09-11 19:44:22,2026-09-11 15:45:04
AAPL,AAPL271217P00230000,AAPL,2027-12-17,P,230.0,5.9,232.0,6.15,140.0,0.3269,2669.0,51.0,-0.0926,0.0014,0.6239,-0.0215,-0.4031,5.9843,-0.665,6.1,6.1,5.88,up,6.01,2026-09-11T14:59:56,-9.96255,6.67499995231628,332.685,2026-09-11 19:44:22,2026-09-11 15:45:04
AAPL,AAPL271217P00235000,AAPL,2027-12-17,P,235.0,6.4,218.0,6.8,37.0,0.3229,686.0,0.0,-0.1015,0.0015,0.6677,-0.0228,-0.4391,6.6235,0.0,0.0,0.0,0.0,down,7.67,2026-09-10T12:14:43,0.0,7.40000009536743,332.685,2026-09-11 19:44:22,2026-09-11 15:45:04
AAPL,AAPL271217P00240000,AAPL,2027-12-17,P,240.0,7.1,492.0,7.55,483.0,0.3205,1705.0,3.0,-0.1109,0.0016,0.7116,-0.0242,-0.4767,7.3152,-0.765,7.43,7.43,7.41,down,7.41,2026-09-11T09:47:09,-9.35779,8.1749997138977,332.685,2026-09-11 19:44:22,2026-09-11 15:45:04
AAPL,AAPL271217P00245000,AAPL,2027-12-17,P,245.0,7.8,338.0,8.45,370.0,0.3184,841.0,0.0,-0.121,0.0017,0.7542,-0.0255,-0.5185,8.0663,0.0,0.0,0.0,0.0,up,8.82,2026-09-04T13:23:34,0.0,9.0,332.685,2026-09-11 19:44:22,2026-09-11 15:45:04
AAPL,AAPL271217P00250000,AAPL,2027-12-17,P,250.0,8.85,241.0,9.15,498.0,0.3166,13103.0,19.0,-0.1317,0.0019,0.7988,-0.0269,-0.5618,8.8774,-0.875,8.9,8.95,8.75,up,8.95,2026-09-11T15:19:05,-8.90585,9.82499980926514,332.685,2026-09-11 19:44:22,2026-09-11 15:45:04
AAPL,AAPL271217P00255000,AAPL,2027-12-17,P,255.0,9.45,365.0,10.15,464.0,0.3132,808.0,0.0,-0.1429,0.002,0.8459,-0.0283,-0.6063,9.7458,0.0,0.0,0.0,0.0,down,10.8,2026-09-10T15:35:59,0.0,10.8499999046326,332.685,2026-09-11 19:44:22,2026-09-11 15:45:04
AAPL,AAPL271217P00260000,AAPL,2027-12-17,P,260.0,10.45,413.0,11.05,450.0,0.3107,1445.0,17.0,-0.155,0.0021,0.891,-0.0297,-0.6505,10.7001,-1.245,10.45,10.75,10.45,down,10.68,2026-09-11T13:18:47,-10.4403,11.9250001907349,332.685,2026-09-11 19:44:22,2026-09-11 15:45:04
AAPL,AAPL271217P00265000,AAPL,2027-12-17,P,265.0,11.5,424.0,12.2,627.0,0.3092,2392.0,0.0,-0.1676,0.0023,0.9352,-0.031,-0.7038,11.7195,0.0,0.0,0.0,0.0,down,13.0,2026-09-10T13:29:23,0.0,13.0249996185303,332.685,2026-09-11 19:44:22,2026-09-11 15:45:04
AAPL,AAPL271217P00270000,AAPL,2027-12-17,P,270.0,12.6,449.0,13.1,389.0,0.306,1143.0,5.0,-0.1809,0.0024,0.9805,-0.0324,-0.749,12.8139,-1.52,12.92,13.1,12.73,down,12.73,2026-09-11T13:35:24,-10.6667,14.25,332.685,2026-09-11 19:44:22,2026-09-11 15:45:04
AAPL,AAPL271217P00275000,AAPL,2027-12-17,P,275.0,13.65,532.0,14.3,306.0,0.3033,1117.0,19.0,-0.1949,0.0026,1.0271,-0.0338,-0.8002,13.9902,-1.475,14.4,14.4,13.98,up,14.0,2026-09-11T12:45:50,-9.5315,15.4749999046326,332.685,2026-09-11 19:44:22,2026-09-11 15:45:04
AAPL,AAPL271217P00280000,AAPL,2027-12-17,P,280.0,14.85,502.0,15.65,423.0,0.3014,2939.0,1.0,-0.2096,0.0027,1.0688,-0.0351,-0.8574,15.2508,-1.95,14.95,14.95,14.95,down,14.95,2026-09-11T11:11:31,-11.5385,16.9000005722046,332.685,2026-09-11 19:44:22,2026-09-11 15:45:04
AAPL,AAPL271217P00285000,AAPL,2027-12-17,P,285.0,16.2,456.0,17.1,439.0,0.3001,481.0,2.0,-0.2248,0.0028,1.1116,-0.0364,-0.911,16.5836,-1.745,16.7,16.7,16.58,down,16.58,2026-09-11T09:39:37,-9.52251,18.3249998092651,332.685,2026-09-11 19:44:22,2026-09-11 15:45:04
AAPL,AAPL271217P00290000,AAPL,2027-12-17,P,290.0,17.65,547.0,18.4,398.0,0.2976,977.0,18.0,-0.2409,0.003,1.153,-0.0377,-0.9657,18.0304,-1.97,17.86,17.94,17.81,down,17.93,2026-09-11T14:02:46,-9.8995,19.8999996185303,332.685,2026-09-11 19:44:22,2026-09-11 15:45:04
AAPL,AAPL271217P00295000,AAPL,2027-12-17,P,295.0,19.35,530.0,19.9,337.0,0.2966,643.0,1.0,-0.2573,0.0031,1.1932,-0.039,-1.017,19.5404,-2.29,19.16,19.16,19.16,down,19.16,2026-09-11T11:24:52,-10.676,21.4499998092651,332.685,2026-09-11 19:44:22,2026-09-11 15:45:04
AAPL,AAPL271217P00300000,AAPL,2027-12-17,P,300.0,21.1,338.0,21.7,653.0,0.2961,1518.0,35.0,-0.2745,0.0032,1.2291,-0.0402,-1.0801,21.164,-1.825,21.5,21.5,20.72,up,21.45,2026-09-11T14:57:16,-7.84103,23.2749996185303,332.685,2026-09-11 19:44:22,2026-09-11 15:45:04
AAPL,AAPL271217P00305000,AAPL,2027-12-17,P,305.0,22.75,389.0,23.25,459.0,0.2936,315.0,39.0,-0.2921,0.0034,1.2652,-0.0413,-1.1278,22.8638,-2.5,23.25,23.25,22.4,no_change,22.7,2026-09-11T14:57:38,-9.92063,25.1999998092651,332.685,2026-09-11 19:44:22,2026-09-11 15:45:04
AAPL,AAPL271217P00310000,AAPL,2027-12-17,P,310.0,24.35,495.0,25.2,614.0,0.2914,3650.0,6.0,-0.3108,0.0035,1.299,-0.0424,-1.1795,24.7095,-2.7,24.5,24.5,24.1,up,24.35,2026-09-11T13:06:19,-9.98151,27.0499992370605,332.685,2026-09-11 19:44:22,2026-09-11 15:45:04
AAPL,AAPL271217P00315000,AAPL,2027-12-17,P,315.0,26.25,535.0,27.0,270.0,0.2896,355.0,1.0,-0.3293,0.0037,1.3279,-0.0434,-1.2419,26.6025,-2.98,26.22,26.22,26.22,down,26.22,2026-09-11T13:09:16,-10.2055,29.2000007629394,332.685,2026-09-11 19:44:22,2026-09-11 15:45:04
AAPL,AAPL271217P00320000,AAPL,2027-12-17,P,320.0,28.25,460.0,29.3,502.0,0.2892,522.0,73.0,-0.3486,0.0038,1.3556,-0.0444,-1.3006,28.6103,-2.745,29.15,29.15,27.84,no_change,28.58,2026-09-11T13:49:45,-8.76297,31.3250007629394,332.685,2026-09-11 19:44:22,2026-09-11 15:45:04
AAPL,AAPL271217P00325000,AAPL,2027-12-17,P,325.0,30.5,296.0,31.15,417.0,0.2873,820.0,2.0,-0.3684,0.0039,1.3777,-0.0453,-1.3443,30.7295,-3.235,30.39,30.39,30.39,down,30.39,2026-09-11T11:54:09,-9.62082,33.625,332.685,2026-09-11 19:44:22,2026-09-11 15:45:04
AAPL,AAPL271217P00330000,AAPL,2027-12-17,P,330.0,32.55,532.0,33.5,577.0,0.2857,241.0,10.0,-0.3888,0.004,1.3975,-0.0461,-1.3904,32.9736,-3.85,32.05,32.05,32.05,no_change,32.05,2026-09-11T11:19:58,-10.7242,35.8999996185303,332.685,2026-09-11 19:44:22,2026-09-11 15:45:04
AAPL,AAPL271217P00335000,AAPL,2027-12-17,P,335.0,34.8,448.0,35.85,550.0,0.2844,59.0,0.0,-0.4092,0.0042,1.4146,-0.0468,-1.4427,35.2905,0.0,0.0,0.0,0.0,down,43.35,2026-09-09T14:46:11,0.0,38.4499988555908,332.685,2026-09-11 19:44:22,2026-09-11 15:45:04
AAPL,AAPL271217P00340000,AAPL,2027-12-17,P,340.0,37.3,445.0,38.35,556.0,0.2837,2795.0,0.0,-0.4301,0.0043,1.427,-0.0475,-1.489,37.7204,0.0,0.0,0.0,0.0,down,44.18,2026-08-31T09:40:08,0.0,40.9500007629394,332.685,2026-09-11 19:44:22,2026-09-11 15:45:04
AAPL,AAPL271217P00345000,AAPL,2027-12-17,P,345.0,39.9,176.0,41.15,526.0,0.2837,56.0,0.0,-0.4513,0.0044,1.434,-0.0481,-1.5222,40.2563,0.0,0.0,0.0,0.0,down,43.6,2026-09-01T13:05:29,0.0,43.7000007629394,332.685,2026-09-11 19:44:22,2026-09-11 15:45:04
AAPL,AAPL271217P00350000,AAPL,2027-12-17,P,350.0,42.5,505.0,43.6,465.0,0.2816,285.0,11.0,-0.4731,0.0045,1.4353,-0.0486,-1.5618,42.9346,-4.35,44.7,44.7,42.0,up,42.2,2026-09-11T12:51:10,-9.34479,46.5499992370606,332.685,2026-09-11 19:44:22,2026-09-11 15:45:04
AAPL,AAPL271217P00355000,AAPL,2027-12-17,P,355.0,45.3,247.0,46.8,635.0,0.2823,43.0,20.0,-0.4948,0.0046,1.437,-0.0491,-1.6027,45.6834,-3.85,45.3,45.75,45.3,up,45.75,2026-09-11T15:04:44,-7.7621,49.6000003814697,332.685,2026-09-11 19:44:22,2026-09-11 15:45:04
AAPL,AAPL271217P00360000,AAPL,2027-12-17,P,360.0,48.0,277.0,49.15,315.0,0.279,271.0,1.0,-0.5168,0.0047,1.4308,-0.0495,-1.6067,48.549,-5.275,47.4,47.4,47.4,down,47.4,2026-09-11T13:33:53,-10.0142,52.6749992370606,332.685,2026-09-11 19:44:22,2026-09-11 15:45:04
AAPL,AAPL271217P00365000,AAPL,2027-12-17,P,365.0,50.7,266.0,52.35,283.0,0.2778,90.0,0.0,-0.539,0.0048,1.4208,-0.0498,-1.6346,51.5368,0.0,0.0,0.0,0.0,no_change,56.45,2026-07-20T09:54:55,0.0,55.5999984741211,332.685,2026-09-11 19:44:22,2026-09-11 15:45:04
AAPL,AAPL271217P00370000,AAPL,2027-12-17,P,370.0,53.5,501.0,55.1,131.0,0.2747,95.0,0.0,-0.5613,0.0048,1.4022,-0.05,-1.6618,54.6369,0.0,0.0,0.0,0.0,down,59.35,2026-09-01T13:56:16,0.0,59.2999992370606,332.685,2026-09-11 19:44:22,2026-09-11 15:45:04
AAPL,AAPL271217P00375000,AAPL,2027-12-17,P,375.0,56.6,516.0,58.9,527.0,0.2756,106.0,0.0,-0.5838,0.0049,1.3855,-0.0502,-1.6764,57.8367,0.0,0.0,0.0,0.0,no_change,69.95,2026-08-20T14:50:39,0.0,62.6000003814697,332.685,2026-09-11 19:44:22,2026-09-11 15:45:04
AAPL,AAPL271217P00380000,AAPL,2027-12-17,P,380.0,59.75,483.0,61.8,167.0,0.2728,41.0,0.0,-0.6064,0.005,1.3607,-0.0503,-1.6495,61.1376,0.0,0.0,0.0,0.0,up,65.83,2026-09-01T13:56:16,0.0,65.8000030517578,332.685,2026-09-11 19:44:22,2026-09-11 15:45:04
AAPL,AAPL271217P00385000,AAPL,2027-12-17,P,385.0,62.9,504.0,65.55,413.0,0.2723,22.0,0.0,-0.6288,0.005,1.332,-0.0502,-1.6554,64.5548,0.0,0.0,0.0,0.0,down,78.4,2026-08-06T09:39:05,0.0,69.7249984741211,332.685,2026-09-11 19:44:22,2026-09-11 15:45:04
AAPL,AAPL271217P00390000,AAPL,2027-12-17,P,390.0,66.3,509.0,68.9,202.0,0.2704,12.0,0.0,-0.6515,0.0051,1.2908,-0.0502,-1.6544,68.0824,0.0,0.0,0.0,0.0,down,79.76,2026-09-08T12:24:45,0.0,73.2000007629394,332.685,2026-09-11 19:44:22,2026-09-11 15:45:04
AAPL,AAPL271217P00395000,AAPL,2027-12-17,P,395.0,70.5,413.0,72.35,105.0,0.2713,77.0,0.0,-0.674,0.0052,1.2541,-0.0501,-1.6343,71.7078,0.0,0.0,0.0,0.0,down,77.55,2026-09-01T11:24:05,0.0,76.9000015258789,332.685,2026-09-11 19:44:22,2026-09-11 15:45:04
AAPL,AAPL271217P00400000,AAPL,2027-12-17,P,400.0,73.65,498.0,76.95,455.0,0.272,84.0,0.0,-0.6966,0.0052,1.2144,-0.05,-1.5647,75.4269,0.0,0.0,0.0,0.0,down,88.25,2026-08-19T10:30:12,0.0,80.6500015258789,332.685,2026-09-11 19:44:22,2026-09-11 15:45:04
AAPL,AAPL271217P00405000,AAPL,2027-12-17,P,405.0,77.55,449.0,80.5,374.0,0.2705,72.0,0.0,-0.7188,0.0052,1.1651,-0.0497,-1.5663,79.2544,0.0,0.0,0.0,0.0,no_change,92.38,2026-09-08T12:17:37,0.0,84.6749992370606,332.685,2026-09-11 19:44:22,2026-09-11 15:45:04
AAPL,AAPL271217P00410000,AAPL,2027-12-17,P,410.0,81.35,457.0,84.75,440.0,0.2708,5.0,0.0,-0.7416,0.0053,1.0968,-0.0497,-1.4921,83.1911,0.0,0.0,0.0,0.0,down,85.4,2026-09-03T11:12:22,0.0,88.6500015258789,332.685,2026-09-11 19:44:22,2026-09-11 15:45:04
AAPL,AAPL271217P00415000,AAPL,2027-12-17,P,415.0,85.9,464.0,88.4,383.0,0.271,3.0,3.0,-0.7637,0.0054,1.0482,-0.0494,-1.4404,87.2165,-5.75,87.15,87.15,87.15,down,87.15,2026-09-11T09:37:30,-6.18945,92.8999977111816,332.685,2026-09-11 19:44:22,2026-09-11 15:45:04
AAPL,AAPL271217P00420000,AAPL,2027-12-17,P,420.0,89.5,485.0,93.0,468.0,0.2704,16.0,6.0,-0.7855,0.0054,0.9915,-0.0488,-1.346,91.3284,-7.125,91.25,91.25,90.0,down,90.0,2026-09-11T12:21:27,-7.33591,97.125,332.685,2026-09-11 19:44:22,2026-09-11 15:45:04
AAPL,AAPL271217P00425000,AAPL,2027-12-17,P,425.0,93.7,454.0,96.25,276.0,0.2643,2.0,3.0,-0.8074,0.0054,0.9114,-0.0486,-1.3197,95.5445,-7.9,93.85,93.85,93.85,down,93.85,2026-09-11T12:20:37,-7.76413,101.75,332.685,2026-09-11 19:44:22,2026-09-11 15:45:04
AAPL,AAPL271217P00430000,AAPL,2027-12-17,P,430.0,98.0,385.0,100.55,79.0,0.2629,0.0,0.0,-0.8299,0.0055,0.8363,-0.0492,-1.1133,99.8565,0.0,0.0,0.0,0.0,down,122.75,2026-07-02T13:35:29,0.0,105.875,332.685,2026-09-11 19:44:22,2026-09-11 15:45:04
AAPL,AAPL271217P00435000,AAPL,2027-12-17,P,435.0,102.4,380.0,104.85,71.0,0.2612,0.0,0.0,-0.8521,0.0055,0.7501,-0.0492,-1.0771,104.2599,0.0,0.0,0.0,0.0,up,133.15,2026-07-31T14:20:26,0.0,110.775001525879,332.685,2026-09-11 19:44:22,2026-09-11 15:45:04
AAPL,AAPL271217P00440000,AAPL,2027-12-17,P,440.0,106.85,380.0,109.8,350.0,0.2634,0.0,0.0,-0.8727,0.0055,0.6996,-0.0485,-1.0194,108.7251,0.0,0.0,0.0,0.0,down,125.59,2026-07-14T11:41:32,0.0,115.400001525879,332.685,2026-09-11 19:44:22,2026-09-11 15:45:04
AAPL,AAPL271217P00450000,AAPL,2027-12-17,P,450.0,116.15,164.0,118.8,39.0,0.2546,0.0,0.0,-0.9134,0.0054,0.5141,-0.0461,-0.516,117.9231,0.0,0.0,0.0,0.0,no_change,0.0,,0.0,124.899997711182,332.685,2026-09-11 19:44:22,2026-09-11 15:45:04
AAPL,AAPL271217P00460000,AAPL,2027-12-17,P,460.0,126.25,164.0,128.85,163.0,0.2705,0.0,0.0,-0.9467,0.0043,0.2853,-0.0465,-0.4265,127.5239,0.0,0.0,0.0,0.0,up,124.1,2026-07-27T12:11:38,0.0,134.449996948242,332.685,2026-09-11 19:44:22,2026-09-11 15:45:04
AAPL,AAPL271217P00470000,AAPL,2027-12-17,P,470.0,135.5,119.0,138.95,120.0,0.0,0.0,0.0,-0.9722,0.003,0.1594,-0.0437,0.0,137.29,0.0,0.0,0.0,0.0,no_change,0.0,,0.0,144.349998474121,332.685,2026-09-11 19:44:22,2026-09-11 15:45:04
AAPL,AAPL271217P00480000,AAPL,2027-12-17,P,480.0,145.5,112.0,148.6,108.0,0.0,0.0,0.0,-0.9876,0.0013,0.0,-0.0437,0.0,147.29,0.0,0.0,0.0,0.0,no_change,0.0,,0.0,154.349998474121,332.685,2026-09-11 19:44:22,2026-09-11 15:45:04
AAPL,AAPL271217P00490000,AAPL,2027-12-17,P,490.0,155.5,111.0,159.1,112.0,0.297,0.0,0.0,-0.9974,0.0003,0.0,-0.0437,0.0,157.29,0.0,0.0,0.0,0.0,no_change,0.0,,0.0,164.349998474121,332.685,2026-09-11 19:44:22,2026-09-11 15:45:04
AAPL,AAPL271217P00500000,AAPL,2027-12-17,P,500.0,165.5,114.0,168.95,113.0,0.0,0.0,0.0,-1.0,0.0,0.0,-0.0437,0.0,167.29,0.0,0.0,0.0,0.0,no_change,0.0,,0.0,174.349998474121,332.685,2026-09-11 19:44:22,2026-09-11 15:45:04
AAPL,AAPL271217P00510000,AAPL,2027-12-17,P,510.0,175.5,118.0,178.75,101.0,0.0,0.0,0.0,-1.0,0.0,0.0,-0.0437,0.0,177.29,0.0,0.0,0.0,0.0,no_change,0.0,,0.0,184.449996948242,332.685,2026-09-11 19:44:22,2026-09-11 15:45:04
AAPL,AAPL271217P00520000,AAPL,2027-12-17,P,520.0,185.5,118.0,188.75,94.0,0.0,0.0,0.0,-1.0,0.0,0.0,-0.0437,0.0,187.29,0.0,0.0,0.0,0.0,no_change,0.0,,0.0,194.349998474121,332.685,2026-09-11 19:44:22,2026-09-11 15:45:04
AAPL,AAPL271217P00530000,AAPL,2027-12-17,P,530.0,195.5,111.0,198.95,97.0,0.0,0.0,0.0,-1.0,0.0,0.0,-0.0437,0.0,197.29,0.0,0.0,0.0,0.0,no_change,0.0,,0.0,204.349998474121,332.685,2026-09-11 19:44:22,2026-09-11 15:45:04
AAPL,AAPL271217P00540000,AAPL,2027-12-17,P,540.0,205.5,133.0,209.1,147.0,0.3517,0.0,0.0,-1.0,0.0,0.0,-0.0437,0.0,207.29,0.0,0.0,0.0,0.0,no_change,0.0,,0.0,214.349998474121,332.685,2026-09-11 19:44:22,2026-09-11 15:45:04
AAPL,AAPL271217P00550000,AAPL,2027-12-17,P,550.0,215.5,105.0,219.1,102.0,0.3619,0.0,0.0,-1.0,0.0,0.0,-0.0437,0.0,217.29,0.0,0.0,0.0,0.0,no_change,0.0,,0.0,224.349998474121,332.685,2026-09-11 19:44:22,2026-09-11 15:45:04
AAPL,AAPL271217P00560000,AAPL,2027-12-17,P,560.0,225.5,104.0,229.1,101.0,0.3718,0.0,0.0,-1.0,0.0,0.0,-0.0437,0.0,227.29,0.0,0.0,0.0,0.0,no_change,0.0,,0.0,234.450004577637,332.685,2026-09-11 19:44:22,2026-09-11 15:45:04
AAPL,AAPL271217P00570000,AAPL,2027-12-17,P,570.0,235.5,92.0,239.1,14.0,0.3816,0.0,0.0,-1.0,0.0,0.0,-0.0437,0.0,237.29,0.0,0.0,0.0,0.0,no_change,0.0,,0.0,244.450004577637,332.685,2026-09-11 19:44:22,2026-09-11 15:45:04
AAPL,AAPL271217P00580000,AAPL,2027-12-17,P,580.0,245.5,13.0,249.1,13.0,0.3912,0.0,0.0,-1.0,0.0,0.0,-0.0437,0.0,247.29,0.0,0.0,0.0,0.0,no_change,0.0,,0.0,254.450004577637,332.685,2026-09-11 19:44:22,2026-09-11 15:45:04
AAPL,AAPL271217P00590000,AAPL,2027-12-17,P,590.0,255.5,13.0,259.1,13.0,0.4005,0.0,0.0,-1.0,0.0,0.0,-0.0437,0.0,257.29,0.0,0.0,0.0,0.0,no_change,0.0,,0.0,264.449996948242,332.685,2026-09-11 19:44:22,2026-09-11 15:45:04
AAPL,AAPL271217P00600000,AAPL,2027-12-17,P,600.0,265.5,13.0,269.1,13.0,0.4097,0.0,0.0,-1.0,0.0,0.0,-0.0437,0.0,267.29,0.0,0.0,0.0,0.0,no_change,0.0,,0.0,274.550003051758,332.685,2026-09-11 19:44:22,2026-09-11 15:45:04
AAPL,AAPL280121C00005000,AAPL,2028-01-21,C,5.0,325.8,11.0,329.7,11.0,0.0,57.0,0.0,1.0,0.0,0.0006,0.0,0.0219,328.1741,0.0,0.0,0.0,0.0,down,306.55,2026-09-09T10:38:42,0.0,320.599990844727,332.685,2026-09-11 19:44:22,2026-09-11 15:45:04
AAPL,AAPL280121C00010000,AAPL,2028-01-21,C,10.0,320.95,16.0,324.85,11.0,0.0,24.0,0.0,1.0,0.0,0.0004,0.0,0.0525,323.278,0.0,0.0,0.0,0.0,up,303.35,2026-08-07T13:47:58,0.0,315.75,332.685,2026-09-11 19:44:22,2026-09-11 15:45:04
AAPL,AAPL280121C00015000,AAPL,2028-01-21,C,15.0,316.2,86.0,320.1,11.0,0.0,0.0,0.0,1.0,0.0,0.0005,0.0,0.092,318.4095,0.0,0.0,0.0,0.0,up,245.12,2026-02-19T15:28:14,0.0,311.0,332.685,2026-09-11 19:44:22,2026-09-11 15:45:04
AAPL,AAPL280121C00020000,AAPL,2028-01-21,C,20.0,311.5,97.0,315.4,16.0,0.0,8.0,0.0,1.0,0.0,0.0018,0.0,0.1369,313.5666,0.0,0.0,0.0,0.0,down,308.2,2026-07-21T11:25:38,0.0,306.300003051758,332.685,2026-09-11 19:44:22,2026-09-11 15:45:04
AAPL,AAPL280121C00025000,AAPL,2028-01-21,C,25.0,306.8,97.0,310.7,16.0,0.0,10.0,0.0,1.0,0.0,0.0035,0.0,0.2687,308.791,0.0,0.0,0.0,0.0,up,296.2,2026-08-28T10:56:09,0.0,301.574996948242,332.685,2026-09-11 19:44:22,2026-09-11 15:45:04
AAPL,AAPL280121C00030000,AAPL,2028-01-21,C,30.0,302.15,59.0,306.05,16.0,0.7465,12.0,0.0,1.0,0.0,0.0049,0.0,0.3594,304.0763,0.0,0.0,0.0,0.0,down,229.09,2026-04-09T11:52:31,0.0,296.949996948242,332.685,2026-09-11 19:44:22,2026-09-11 15:45:04
AAPL,AAPL280121C00035000,AAPL,2028-01-21,C,35.0,297.45,97.0,301.3,6.0,0.6397,4.0,0.0,1.0,0.0,0.0063,0.0,0.4422,299.3919,0.0,0.0,0.0,0.0,down,241.75,2026-02-11T09:45:54,0.0,292.25,332.685,2026-09-11 19:44:22,2026-09-11 15:45:04
AAPL,AAPL280121C00040000,AAPL,2028-01-21,C,40.0,292.8,86.0,296.65,6.0,0.6546,15.0,0.0,1.0,0.0,0.0079,0.0,0.5112,294.7201,0.0,0.0,0.0,0.0,up,252.2,2026-05-08T12:46:39,0.0,287.574996948242,332.685,2026-09-11 19:44:22,2026-09-11 15:45:04
AAPL,AAPL280121C00045000,AAPL,2028-01-21,C,45.0,288.1,97.0,292.0,16.0,0.6209,4.0,0.0,1.0,0.0,0.0097,0.0,0.577,290.0534,0.0,0.0,0.0,0.0,down,262.25,2026-08-10T12:32:32,0.0,282.900009155273,332.685,2026-09-11 19:44:22,2026-09-11 15:45:04
AAPL,AAPL280121C00050000,AAPL,2028-01-21,C,50.0,283.4,113.0,287.35,16.0,0.5892,127.0,0.0,1.0,0.0,0.0117,0.0,0.6406,285.3895,0.0,0.0,0.0,0.0,up,267.0,2026-08-31T12:04:12,0.0,278.25,332.685,2026-09-11 19:44:22,2026-09-11 15:45:04
AAPL,AAPL280121C00060000,AAPL,2028-01-21,C,60.0,274.1,86.0,277.95,6.0,0.5337,5.0,0.0,1.0,0.0,0.0169,0.0,0.7662,276.0677,0.0,0.0,0.0,0.0,down,249.74,2026-08-10T10:25:23,0.0,268.900009155273,332.685,2026-09-11 19:44:22,2026-09-11 15:45:04
AAPL,AAPL280121C00070000,AAPL,2028-01-21,C,70.0,264.75,109.0,268.6,6.0,0.4869,154.0,0.0,1.0,0.0,0.0234,0.0,0.8907,266.7542,0.0,0.0,0.0,0.0,down,249.83,2026-09-08T14:16:54,0.0,259.550003051758,332.685,2026-09-11 19:44:22,2026-09-11 15:45:04
AAPL,AAPL280121C00080000,AAPL,2028-01-21,C,80.0,255.4,99.0,259.3,6.0,0.4651,183.0,0.0,0.9995,0.0,0.0318,0.0,1.0143,257.4507,0.0,0.0,0.0,0.0,down,237.5,2026-08-26T13:27:20,0.0,250.200004577637,332.685,2026-09-11 19:44:22,2026-09-11 15:45:04
AAPL,AAPL280121C00090000,AAPL,2028-01-21,C,90.0,246.1,107.0,249.95,11.0,0.4417,184.0,0.0,0.9986,0.0001,0.042,0.0,1.1367,248.1596,0.0,0.0,0.0,0.0,down,224.95,2026-08-27T10:23:48,0.0,240.875,332.685,2026-09-11 19:44:22,2026-09-11 15:45:04
AAPL,AAPL280121C00100000,AAPL,2028-01-21,C,100.0,237.05,122.0,240.7,41.0,0.4644,919.0,148.0,0.9974,0.0001,0.0548,0.0,1.2578,238.8841,6.85,238.55,239.17,238.3,down,238.45,2026-09-11T14:25:34,2.95769,231.599998474121,332.685,2026-09-11 19:44:22,2026-09-11 15:45:04
AAPL,AAPL280121C00110000,AAPL,2028-01-21,C,110.0,227.55,104.0,231.4,10.0,0.421,315.0,0.0,0.9958,0.0001,0.0702,0.0,1.3771,229.6282,0.0,0.0,0.0,0.0,up,200.6,2026-08-13T11:32:01,0.0,222.349998474121,332.685,2026-09-11 19:44:22,2026-09-11 15:45:04
AAPL,AAPL280121C00115000,AAPL,2028-01-21,C,115.0,223.2,94.0,226.8,17.0,0.4382,19.0,0.0,0.9949,0.0001,0.0792,0.0,1.4361,225.0089,0.0,0.0,0.0,0.0,up,205.61,2026-09-09T13:04:25,0.0,218.025001525879,332.685,2026-09-11 19:44:22,2026-09-11 15:45:04
AAPL,AAPL280121C00120000,AAPL,2028-01-21,C,120.0,218.3,73.0,222.15,10.0,0.4083,93.0,0.0,0.9939,0.0001,0.0891,0.0,1.4943,220.3966,0.0,0.0,0.0,0.0,down,195.7,2026-09-09T14:15:00,0.0,213.125,332.685,2026-09-11 19:44:22,2026-09-11 15:45:04
AAPL,AAPL280121C00125000,AAPL,2028-01-21,C,125.0,213.65,101.0,217.55,10.0,0.4009,23.0,0.0,0.9928,0.0001,0.0999,0.0,1.552,215.7919,0.0,0.0,0.0,0.0,down,197.8,2026-08-20T15:10:47,0.0,208.5,332.685,2026-09-11 19:44:22,2026-09-11 15:45:04
AAPL,AAPL280121C00130000,AAPL,2028-01-21,C,130.0,209.05,121.0,212.95,10.0,0.396,133.0,0.0,0.9915,0.0002,0.1116,0.0,1.6089,211.1957,0.0,0.0,0.0,0.0,down,184.95,2026-08-10T14:46:03,0.0,203.900001525879,332.685,2026-09-11 19:44:22,2026-09-11 15:45:04
AAPL,AAPL280121C00135000,AAPL,2028-01-21,C,135.0,204.5,71.0,208.35,11.0,0.3928,119.0,0.0,0.9901,0.0002,0.1246,0.0,1.6651,206.6089,0.0,0.0,0.0,0.0,up,199.52,2026-09-10T15:33:38,0.0,199.400001525879,332.685,2026-09-11 19:44:22,2026-09-11 15:45:04
AAPL,AAPL280121C00140000,AAPL,2028-01-21,C,140.0,199.9,103.0,203.75,10.0,0.386,73.0,0.0,0.9885,0.0002,0.1389,0.0,1.7203,202.0326,0.0,0.0,0.0,0.0,up,176.3,2026-08-10T14:24:49,0.0,194.950004577637,332.685,2026-09-11 19:44:22,2026-09-11 15:45:04
AAPL,AAPL280121C00145000,AAPL,2028-01-21,C,145.0,195.3,101.0,199.2,10.0,0.3808,18.0,0.0,0.9867,0.0002,0.1542,0.0,1.7745,197.468,0.0,0.0,0.0,0.0,up,189.31,2026-09-01T11:35:02,0.0,190.175003051758,332.685,2026-09-11 19:44:22,2026-09-11 15:45:04
AAPL,AAPL280121C00150000,AAPL,2028-01-21,C,150.0,191.2,130.0,194.65,24.0,0.3914,291.0,5.0,0.9847,0.0003,0.1707,0.0,1.8278,192.9164,7.375,193.0,193.0,193.0,up,193.0,2026-09-11T10:23:07,3.97306,185.625,332.685,2026-09-11 19:44:22,2026-09-11 15:45:04
AAPL,AAPL280121C00155000,AAPL,2028-01-21,C,155.0,186.2,103.0,190.1,10.0,0.3717,73.0,0.0,0.9825,0.0003,0.1888,0.0,1.88,188.3788,0.0,0.0,0.0,0.0,up,163.96,2026-08-18T10:02:33,0.0,181.125,332.685,2026-09-11 19:44:22,2026-09-11 15:45:04
AAPL,AAPL280121C00160000,AAPL,2028-01-21,C,160.0,182.15,361.0,185.25,155.0,0.3716,1017.0,502.0,0.9801,0.0004,0.2084,0.0,1.9307,183.8569,6.955,184.0,184.64,183.55,up,183.73,2026-09-11T14:53:50,3.93438,176.775001525879,332.685,2026-09-11 19:44:22,2026-09-11 15:45:04
AAPL,AAPL280121C00165000,AAPL,2028-01-21,C,165.0,177.65,423.0,181.05,133.0,0.3744,323.0,0.0,0.9774,0.0004,0.2293,0.0,1.98,179.3524,0.0,0.0,0.0,0.0,up,163.22,2026-08-31T10:02:32,0.0,172.25,332.685,2026-09-11 19:44:22,2026-09-11 15:45:04
AAPL,AAPL280121C00170000,AAPL,2028-01-21,C,170.0,172.95,391.0,176.55,92.0,0.3647,210.0,4.0,0.9745,0.0004,0.2516,0.0,2.0281,174.8668,8.85,176.65,176.65,176.65,up,176.65,2026-09-11T11:37:26,5.27413,167.800003051758,332.685,2026-09-11 19:44:22,2026-09-11 15:45:04
AAPL,AAPL280121C00175000,AAPL,2028-01-21,C,175.0,168.5,380.0,172.1,127.0,0.361,109.0,0.0,0.9713,0.0005,0.2757,0.0,2.0745,170.4017,0.0,0.0,0.0,0.0,up,151.25,2026-08-26T12:20:07,0.0,163.424995422363,332.685,2026-09-11 19:44:22,2026-09-11 15:45:04
AAPL,AAPL280121C00180000,AAPL,2028-01-21,C,180.0,164.85,174.0,167.65,113.0,0.37,510.0,0.0,0.9677,0.0005,0.3016,0.0,2.119,165.9592,0.0,0.0,0.0,0.0,down,147.54,2026-09-09T10:27:41,0.0,158.875,332.685,2026-09-11 19:44:22,2026-09-11 15:45:04
AAPL,AAPL280121C00185000,AAPL,2028-01-21,C,185.0,160.45,168.0,163.25,195.0,0.3654,353.0,0.0,0.9638,0.0006,0.3288,0.0,2.1617,161.5414,0.0,0.0,0.0,0.0,up,154.19,2026-09-02T13:59:15,0.0,154.575004577637,332.685,2026-09-11 19:44:22,2026-09-11 15:45:04
AAPL,AAPL280121C00190000,AAPL,2028-01-21,C,190.0,155.4,332.0,158.85,179.0,0.3511,142.0,0.0,0.9596,0.0007,0.3575,0.0,2.2027,157.1502,0.0,0.0,0.0,0.0,up,147.09,2026-09-10T11:12:04,0.0,149.824996948242,332.685,2026-09-11 19:44:22,2026-09-11 15:45:04
AAPL,AAPL280121C00195000,AAPL,2028-01-21,C,195.0,151.85,157.0,154.5,205.0,0.3579,286.0,0.0,0.955,0.0007,0.3881,0.0,2.2416,152.7875,0.0,0.0,0.0,0.0,up,132.4,2026-08-24T14:55:58,0.0,145.800003051758,332.685,2026-09-11 19:44:22,2026-09-11 15:45:04
AAPL,AAPL280121C00200000,AAPL,2028-01-21,C,200.0,147.0,455.0,149.6,292.0,0.3402,1006.0,11.0,0.95,0.0008,0.4206,0.0,2.2779,148.4561,6.9,143.1,148.45,143.1,no_change,148.3,2026-09-11T14:27:56,4.87977,141.400001525879,332.685,2026-09-11 19:44:22,2026-09-11 15:45:04
AAPL,AAPL280121C00210000,AAPL,2028-01-21,C,210.0,138.9,198.0,141.6,280.0,0.3442,262.0,0.0,0.9388,0.001,0.4892,-0.0013,2.344,139.8967,0.0,0.0,0.0,0.0,down,123.65,2026-09-08T14:54:39,0.0,132.775001525879,332.685,2026-09-11 19:44:22,2026-09-11 15:45:04
AAPL,AAPL280121C00220000,AAPL,2028-01-21,C,220.0,129.95,445.0,133.15,347.0,0.3314,823.0,13.0,0.9257,0.0011,0.5648,-0.0044,2.3994,131.4906,9.225,127.0,133.65,127.0,up,133.65,2026-09-11T11:31:44,7.41411,124.424999237061,332.685,2026-09-11 19:44:22,2026-09-11 15:45:04
AAPL,AAPL280121C00230000,AAPL,2028-01-21,C,230.0,122.3,171.0,124.85,346.0,0.3293,670.0,3.0,0.9107,0.0013,0.6444,-0.0075,2.4443,123.2602,9.7,120.01,126.0,120.01,up,126.0,2026-09-11T11:18:13,8.3405,116.300003051758,332.685,2026-09-11 19:44:22,2026-09-11 15:45:04
AAPL,AAPL280121C00240000,AAPL,2028-01-21,C,240.0,114.2,285.0,116.9,341.0,0.3232,1836.0,5.0,0.8937,0.0015,0.7294,-0.0108,2.4763,115.226,8.6,114.6,117.37,114.6,down,117.3,2026-09-11T10:54:47,7.91168,108.700000762939,332.685,2026-09-11 19:44:22,2026-09-11 15:45:04
AAPL,AAPL280121C00250000,AAPL,2028-01-21,C,250.0,105.9,435.0,108.25,225.0,0.3094,2029.0,24.0,0.8745,0.0017,0.8162,-0.014,2.497,107.411,7.84,108.0,110.11,106.62,no_change,108.64,2026-09-11T12:32:40,7.77777,100.800003051758,332.685,2026-09-11 19:44:22,2026-09-11 15:45:04
AAPL,AAPL280121C00260000,AAPL,2028-01-21,C,260.0,99.0,187.0,101.35,369.0,0.3127,2284.0,12.0,0.8533,0.0019,0.9059,-0.0173,2.5033,99.8361,6.645,95.6,101.4,95.6,down,99.72,2026-09-11T14:27:40,7.1394,93.0750007629394,332.685,2026-09-11 19:44:22,2026-09-11 15:45:04
AAPL,AAPL280121C00270000,AAPL,2028-01-21,C,270.0,91.2,443.0,93.0,83.0,0.3002,3823.0,32.0,0.8299,0.0022,0.9943,-0.0204,2.498,92.5231,6.12,90.0,95.05,90.0,down,92.32,2026-09-11T15:26:57,7.09977,86.1999969482422,332.685,2026-09-11 19:44:22,2026-09-11 15:45:04
AAPL,AAPL280121C00280000,AAPL,2028-01-21,C,280.0,84.9,85.0,86.7,348.0,0.3034,2406.0,8.0,0.8045,0.0024,1.0823,-0.0235,2.4778,85.4914,6.9,85.5,87.8,85.42,down,86.05,2026-09-11T14:01:20,8.71762,79.1500015258789,332.685,2026-09-11 19:44:22,2026-09-11 15:45:04
AAPL,AAPL280121C00290000,AAPL,2028-01-21,C,290.0,77.75,367.0,80.0,331.0,0.2978,1564.0,49.0,0.7772,0.0026,1.1657,-0.0264,2.4467,78.7591,6.855,78.6,80.72,78.0,down,79.88,2026-09-11T12:23:23,9.38719,73.0250015258789,332.685,2026-09-11 19:44:22,2026-09-11 15:45:04
AAPL,AAPL280121C00300000,AAPL,2028-01-21,C,300.0,71.35,366.0,73.05,222.0,0.2923,20823.0,72.0,0.7482,0.0028,1.245,-0.029,2.401,72.3422,6.075,69.6,74.7,69.6,down,72.8,2026-09-11T14:04:51,9.10454,66.7249984741211,332.685,2026-09-11 19:44:22,2026-09-11 15:45:04
AAPL,AAPL280121C00310000,AAPL,2028-01-21,C,310.0,65.5,358.0,67.45,355.0,0.292,2616.0,39.0,0.7175,0.003,1.3166,-0.0314,2.3461,66.2535,5.395,67.78,68.95,65.05,up,66.22,2026-09-11T15:26:57,8.86971,60.8250007629394,332.685,2026-09-11 19:44:22,2026-09-11 15:45:04
AAPL,AAPL280121C00320000,AAPL,2028-01-21,C,320.0,59.9,367.0,61.2,406.0,0.2878,3820.0,37.0,0.6856,0.0032,1.3808,-0.0336,2.278,60.5033,6.095,59.1,62.4,59.1,up,61.22,2026-09-11T13:48:01,11.0567,55.125,332.685,2026-09-11 19:44:22,2026-09-11 15:45:04
AAPL,AAPL280121C00330000,AAPL,2028-01-21,C,330.0,54.6,395.0,55.65,447.0,0.2851,3273.0,59.0,0.6526,0.0034,1.435,-0.0354,2.2032,55.0976,4.81,52.0,57.42,52.0,down,55.11,2026-09-11T15:02:24,9.56262,50.3000011444092,332.685,2026-09-11 19:44:22,2026-09-11 15:45:04
AAPL,AAPL280121C00340000,AAPL,2028-01-21,C,340.0,49.4,557.0,50.2,57.0,0.2811,3396.0,97.0,0.6189,0.0035,1.4793,-0.0369,2.1175,50.0402,4.625,49.0,52.0,49.0,up,50.1,2026-09-11T15:12:14,10.1704,45.4750003814697,332.685,2026-09-11 19:44:22,2026-09-11 15:45:04
AAPL,AAPL280121C00350000,AAPL,2028-01-21,C,350.0,45.0,198.0,45.5,81.0,0.2799,8431.0,220.0,0.5848,0.0036,1.5124,-0.038,2.028,45.3302,4.19,42.34,47.3,42.34,up,45.34,2026-09-11T15:26:54,10.1823,41.1499996185303,332.685,2026-09-11 19:44:22,2026-09-11 15:45:04
AAPL,AAPL280121C00360000,AAPL,2028-01-21,C,360.0,40.5,513.0,41.1,56.0,0.2775,3184.0,12.0,0.5505,0.0037,1.5344,-0.0388,1.9303,40.9642,3.965,40.8,42.8,40.5,up,41.04,2026-09-11T14:36:27,10.6945,37.0750007629394,332.685,2026-09-11 19:44:22,2026-09-11 15:45:04
AAPL,AAPL280121C00370000,AAPL,2028-01-21,C,370.0,36.5,558.0,37.05,76.0,0.2758,1203.0,7.0,0.5165,0.0037,1.5453,-0.0393,1.8319,36.9354,4.6,37.65,38.8,37.65,up,37.9,2026-09-11T12:35:24,13.8138,33.2999992370606,332.685,2026-09-11 19:44:22,2026-09-11 15:45:04
AAPL,AAPL280121C00380000,AAPL,2028-01-21,C,380.0,32.95,173.0,33.6,562.0,0.2756,4860.0,272.0,0.4829,0.0037,1.5449,-0.0394,1.7283,33.2331,3.27,32.01,34.85,32.01,no_change,33.17,2026-09-11T15:23:53,10.9365,29.9000005722046,332.685,2026-09-11 19:44:22,2026-09-11 15:45:04
AAPL,AAPL280121C00390000,AAPL,2028-01-21,C,390.0,29.45,572.0,29.95,68.0,0.273,1415.0,66.0,0.45,0.0037,1.5347,-0.0392,1.6263,29.8468,3.25,29.9,30.8,29.9,down,30.0,2026-09-11T14:53:21,12.1495,26.75,332.685,2026-09-11 19:44:22,2026-09-11 15:45:04
AAPL,AAPL280121C00400000,AAPL,2028-01-21,C,400.0,26.5,244.0,26.85,67.0,0.2723,4272.0,228.0,0.4182,0.0037,1.5146,-0.0388,1.5227,26.7596,2.775,24.7,28.4,24.7,up,26.65,2026-09-11T15:24:01,11.623,23.875,332.685,2026-09-11 19:44:22,2026-09-11 15:45:04
AAPL,AAPL280121C00410000,AAPL,2028-01-21,C,410.0,23.7,234.0,24.05,50.0,0.2713,836.0,30.0,0.3875,0.0036,1.4861,-0.0381,1.4216,23.9586,3.2,24.0,24.9,24.0,no_change,24.55,2026-09-11T13:05:49,14.9883,21.3500003814697,332.685,2026-09-11 19:44:22,2026-09-11 15:45:04
AAPL,AAPL280121C00420000,AAPL,2028-01-21,C,420.0,21.15,273.0,21.7,577.0,0.2711,2786.0,54.0,0.3581,0.0036,1.4503,-0.0372,1.323,21.4229,2.425,21.2,22.55,21.2,no_change,21.45,2026-09-11T14:38:23,12.7464,19.0249996185303,332.685,2026-09-11 19:44:22,2026-09-11 15:45:04
AAPL,AAPL280121C00430000,AAPL,2028-01-21,C,430.0,18.8,542.0,19.4,356.0,0.2701,395.0,21.0,0.3301,0.0034,1.4074,-0.0361,1.2264,19.1379,2.875,19.1,20.2,19.1,no_change,19.8,2026-09-11T13:00:21,16.9867,16.9250001907349,332.685,2026-09-11 19:44:22,2026-09-11 15:45:04
AAPL,AAPL280121C00440000,AAPL,2028-01-21,C,440.0,16.7,473.0,17.35,484.0,0.2694,1373.0,36.0,0.3037,0.0033,1.3605,-0.0349,1.1358,17.0824,2.065,16.94,17.65,16.94,down,17.14,2026-09-11T14:28:12,13.6982,15.0749998092651,332.685,2026-09-11 19:44:22,2026-09-11 15:45:04
AAPL,AAPL280121C00450000,AAPL,2028-01-21,C,450.0,15.0,478.0,15.3,1.0,0.2689,7661.0,89.0,0.2789,0.0032,1.3082,-0.0336,1.047,15.2393,1.82,14.8,16.2,14.8,up,15.27,2026-09-11T14:36:49,13.5316,13.4499998092651,332.685,2026-09-11 19:44:22,2026-09-11 15:45:04
AAPL,AAPL280121C00460000,AAPL,2028-01-21,C,460.0,13.25,401.0,13.95,583.0,0.2692,622.0,5.0,0.2557,0.0031,1.2537,-0.0322,0.965,13.5908,2.075,13.0,14.0,13.0,up,14.0,2026-09-11T12:49:56,17.4004,11.9250001907349,332.685,2026-09-11 19:44:22,2026-09-11 15:45:04
AAPL,AAPL280121C00470000,AAPL,2028-01-21,C,470.0,11.8,546.0,12.2,1.0,0.268,460.0,52.0,0.2341,0.0029,1.1974,-0.0307,0.8871,12.1175,1.655,12.95,12.95,12.23,down,12.23,2026-09-11T13:39:48,15.6501,10.5749998092651,332.685,2026-09-11 19:44:22,2026-09-11 15:45:04
AAPL,AAPL280121C00480000,AAPL,2028-01-21,C,480.0,10.5,424.0,11.15,458.0,0.2691,215.0,18.0,0.214,0.0028,1.1388,-0.0292,0.8134,10.8051,1.75,9.8,11.15,9.8,up,11.15,2026-09-11T12:54:55,18.617,9.40000009536743,332.685,2026-09-11 19:44:22,2026-09-11 15:45:04
AAPL,AAPL280121C00490000,AAPL,2028-01-21,C,490.0,9.4,421.0,9.9,561.0,0.2691,293.0,18.0,0.1955,0.0026,1.0812,-0.0277,0.7465,9.6361,1.575,9.5,9.95,9.5,up,9.95,2026-09-11T13:00:06,18.806,8.375,332.685,2026-09-11 19:44:22,2026-09-11 15:45:04
AAPL,AAPL280121C00500000,AAPL,2028-01-21,C,500.0,8.35,524.0,8.7,210.0,0.2684,5068.0,143.0,0.1784,0.0025,1.0233,-0.0262,0.6829,8.5959,1.1,7.65,9.06,7.65,no_change,8.6,2026-09-11T15:00:29,14.6667,7.5,332.685,2026-09-11 19:44:22,2026-09-11 15:45:04
AAPL,AAPL280121C00510000,AAPL,2028-01-21,C,510.0,7.45,376.0,7.95,372.0,0.2696,1277.0,40.0,0.1628,0.0024,0.9657,-0.0248,0.6243,7.6724,1.2,7.9,7.9,7.9,up,7.9,2026-09-11T10:40:53,17.9105,6.69999980926514,332.685,2026-09-11 19:44:22,2026-09-11 15:45:04
AAPL,AAPL280121C00520000,AAPL,2028-01-21,C,520.0,6.65,487.0,7.0,211.0,0.2693,577.0,36.0,0.1484,0.0022,0.9107,-0.0233,0.5714,6.8515,0.9,6.5,6.85,6.5,no_change,6.85,2026-09-11T09:51:39,15.126,5.95000004768372,332.685,2026-09-11 19:44:22,2026-09-11 15:45:04
AAPL,AAPL280121C00530000,AAPL,2028-01-21,C,530.0,5.95,502.0,6.25,383.0,0.2697,2819.0,11.0,0.1353,0.0021,0.8566,-0.0219,0.5215,6.1224,0.735,6.3,6.3,6.06,no_change,6.06,2026-09-11T15:10:49,13.8028,5.32500004768372,332.685,2026-09-11 19:44:22,2026-09-11 15:45:04
AAPL,AAPL280121C00540000,AAPL,2028-01-21,C,540.0,5.3,359.0,5.75,434.0,0.271,172.0,1.0,0.1233,0.0019,0.804,-0.0206,0.476,5.4758,0.725,5.45,5.45,5.45,up,5.45,2026-09-11T14:29:00,15.3439,4.72499990463257,332.685,2026-09-11 19:44:22,2026-09-11 15:45:04
AAPL,AAPL280121C00550000,AAPL,2028-01-21,C,550.0,4.75,359.0,5.2,567.0,0.2718,374.0,10.0,0.1123,0.0018,0.7545,-0.0193,0.4351,4.9014,0.75,4.86,5.25,4.75,up,5.0,2026-09-11T13:36:13,17.6471,4.25,332.685,2026-09-11 19:44:22,2026-09-11 15:45:04
AAPL,AAPL280121C00560000,AAPL,2028-01-21,C,560.0,4.25,335.0,4.6,397.0,0.2718,104.0,0.0,0.1024,0.0017,0.7072,-0.0181,0.397,4.391,0.0,0.0,0.0,0.0,up,3.4,2026-09-10T11:52:09,0.0,3.79999995231628,332.685,2026-09-11 19:44:22,2026-09-11 15:45:04
AAPL,AAPL280121C00570000,AAPL,2028-01-21,C,570.0,3.8,356.0,4.2,395.0,0.2728,35.0,0.0,0.0933,0.0016,0.6614,-0.0169,0.3621,3.9383,0.0,0.0,0.0,0.0,down,2.7,2026-09-09T13:05:42,0.0,3.39999997615814,332.685,2026-09-11 19:44:22,2026-09-11 15:45:04
AAPL,AAPL280121C00580000,AAPL,2028-01-21,C,580.0,3.4,388.0,3.7,387.0,0.2727,23.0,8.0,0.0851,0.0015,0.6186,-0.0158,0.331,3.5359,0.54,3.55,3.6,3.55,no_change,3.6,2026-09-11T09:58:02,17.6471,3.05999994277954,332.685,2026-09-11 19:44:22,2026-09-11 15:45:04
AAPL,AAPL280121C00590000,AAPL,2028-01-21,C,590.0,3.1,279.0,3.3,335.0,0.2735,383.0,49.0,0.0776,0.0014,0.5786,-0.0148,0.3024,3.1778,0.415,3.3,3.4,3.15,down,3.15,2026-09-11T15:17:45,15.1737,2.73500001430511,332.685,2026-09-11 19:44:22,2026-09-11 15:45:04
AAPL,AAPL280121C00600000,AAPL,2028-01-21,C,600.0,2.76,430.0,3.05,450.0,0.2746,1439.0,103.0,0.0709,0.0013,0.5404,-0.0138,0.276,2.8594,0.325,2.55,3.11,2.55,down,2.85,2026-09-11T13:52:45,12.8713,2.52499997615814,332.685,2026-09-11 19:44:22,2026-09-11 15:45:04
AAPL,AAPL280121P00005000,AAPL,2028-01-21,P,5.0,0.0,0.0,0.06,19.0,1.2888,274.0,0.0,0.0,0.0,0.0004,0.0,-0.0001,0.0029,0.0,0.0,0.0,0.0,no_change,0.01,2026-08-26T11:49:14,0.0,0.0299999993294477,332.685,2026-09-11 19:44:22,2026-09-11 15:45:04
AAPL,AAPL280121P00010000,AAPL,2028-01-21,P,10.0,0.0,0.0,0.26,358.0,1.2289,34.0,0.0,-0.0001,0.0,0.001,-0.0001,-0.0003,0.0061,0.0,0.0,0.0,0.0,up,0.03,2026-06-10T11:17:12,0.0,0.239999994635582,332.685,2026-09-11 19:44:22,2026-09-11 15:45:04
AAPL,AAPL280121P00015000,AAPL,2028-01-21,P,15.0,0.0,0.0,0.27,370.0,1.0779,369.0,0.0,-0.0001,0.0,0.0016,-0.0001,-0.0006,0.01,0.0,0.0,0.0,0.0,no_change,0.03,2026-06-01T14:22:00,0.0,0.219999998807907,332.685,2026-09-11 19:44:22,2026-09-11 15:45:04
AAPL,AAPL280121P00020000,AAPL,2028-01-21,P,20.0,0.0,0.0,0.27,364.0,0.9713,316.0,0.0,-0.0002,0.0,0.0025,-0.0002,-0.0009,0.0147,0.0,0.0,0.0,0.0,up,0.05,2026-06-10T11:01:07,0.0,0.200000002980232,332.685,2026-09-11 19:44:22,2026-09-11 15:45:04
AAPL,AAPL280121P00025000,AAPL,2028-01-21,P,25.0,0.0,0.0,0.27,359.0,0.8908,580.0,0.0,-0.0002,0.0,0.0035,-0.0002,-0.0013,0.0202,0.0,0.0,0.0,0.0,no_change,0.07,2026-05-04T15:15:59,0.0,0.135000005364418,332.685,2026-09-11 19:44:22,2026-09-11 15:45:04
AAPL,AAPL280121P00030000,AAPL,2028-01-21,P,30.0,0.0,0.0,0.28,478.0,0.8297,397.0,0.0,-0.0003,0.0,0.0047,-0.0003,-0.0017,0.0267,0.0,0.0,0.0,0.0,down,0.02,2026-09-10T14:31:49,0.0,0.115000002086163,332.685,2026-09-11 19:44:22,2026-09-11 15:45:04
AAPL,AAPL280121P00035000,AAPL,2028-01-21,P,35.0,0.0,0.0,0.27,357.0,0.7726,75.0,0.0,-0.0004,0.0,0.0061,-0.0004,-0.0023,0.0342,0.0,0.0,0.0,0.0,no_change,0.05,2026-06-17T13:33:59,0.0,0.125,332.685,2026-09-11 19:44:22,2026-09-11 15:45:04
AAPL,AAPL280121P00040000,AAPL,2028-01-21,P,40.0,0.0,0.0,0.19,300.0,0.7001,86.0,0.0,-0.0006,0.0,0.0078,-0.0005,-0.0029,0.0429,0.0,0.0,0.0,0.0,down,0.01,2026-09-09T15:24:05,0.0,0.100000001490116,332.685,2026-09-11 19:44:22,2026-09-11 15:45:04
AAPL,AAPL280121P00045000,AAPL,2028-01-21,P,45.0,0.0,0.0,0.15,30.0,0.646,13.0,0.0,-0.0007,0.0,0.0096,-0.0006,-0.0037,0.0529,0.0,0.0,0.0,0.0,down,0.1,2026-08-18T12:27:41,0.0,0.0649999976158142,332.685,2026-09-11 19:44:22,2026-09-11 15:45:04
AAPL,AAPL280121P00050000,AAPL,2028-01-21,P,50.0,0.06,1.0,0.1,4.0,0.6166,2628.0,0.0,-0.0009,0.0,0.0118,-0.0007,-0.0045,0.0644,0.0,0.0,0.0,0.0,up,0.08,2026-08-25T09:38:07,0.0,0.0849999990314245,332.685,2026-09-11 19:44:22,2026-09-11 15:45:04
AAPL,AAPL280121P00060000,AAPL,2028-01-21,P,60.0,0.01,20.0,0.18,41.0,0.5688,94.0,0.0,-0.0013,0.0,0.0171,-0.0009,-0.0067,0.0924,0.0,0.0,0.0,0.0,up,0.17,2026-08-10T10:12:40,0.0,0.0999999986961484,332.685,2026-09-11 19:44:22,2026-09-11 15:45:04
AAPL,AAPL280121P00070000,AAPL,2028-01-21,P,70.0,0.1,2.0,0.21,41.0,0.5475,68.0,0.0,-0.0019,0.0,0.0237,-0.0012,-0.0095,0.1286,0.0,0.0,0.0,0.0,down,0.17,2026-08-20T15:44:03,0.0,0.165000002831221,332.685,2026-09-11 19:44:22,2026-09-11 15:45:04
AAPL,AAPL280121P00080000,AAPL,2028-01-21,P,80.0,0.04,284.0,0.25,250.0,0.4994,44.0,0.0,-0.0026,0.0,0.0322,-0.0015,-0.0133,0.1749,0.0,0.0,0.0,0.0,down,0.18,2026-09-10T15:07:42,0.0,0.160000005736947,332.685,2026-09-11 19:44:22,2026-09-11 15:45:04
AAPL,AAPL280121P00090000,AAPL,2028-01-21,P,90.0,0.2,5.0,0.29,252.0,0.4894,122.0,0.0,-0.0036,0.0001,0.0426,-0.0019,-0.018,0.2339,0.0,0.0,0.0,0.0,down,0.24,2026-08-28T09:49:33,0.0,0.224999997764826,332.685,2026-09-11 19:44:22,2026-09-11 15:45:04
AAPL,AAPL280121P00100000,AAPL,2028-01-21,P,100.0,0.23,42.0,0.37,416.0,0.4645,1636.0,18.0,-0.0048,0.0001,0.0556,-0.0024,-0.0241,0.309,-0.035,0.28,0.28,0.28,down,0.28,2026-09-11T14:21:55,-11.1111,0.314999997615814,332.685,2026-09-11 19:44:22,2026-09-11 15:45:04
AAPL,AAPL280121P00110000,AAPL,2028-01-21,P,110.0,0.26,469.0,0.45,157.0,0.4403,441.0,18.0,-0.0064,0.0001,0.0714,-0.003,-0.0317,0.4039,0.01,0.36,0.36,0.36,down,0.36,2026-09-11T14:21:55,2.85714,0.349999994039536,332.685,2026-09-11 19:44:22,2026-09-11 15:45:04
AAPL,AAPL280121P00115000,AAPL,2028-01-21,P,115.0,0.38,123.0,0.52,308.0,0.4379,12.0,0.0,-0.0073,0.0001,0.0807,-0.0033,-0.0364,0.4607,0.0,0.0,0.0,0.0,down,0.5,2026-09-02T09:59:25,0.0,0.485000014305115,332.685,2026-09-11 19:44:22,2026-09-11 15:45:04
AAPL,AAPL280121P00120000,AAPL,2028-01-21,P,120.0,0.45,127.0,0.57,171.0,0.4297,708.0,115.0,-0.0083,0.0001,0.0906,-0.0037,-0.0416,0.5243,-0.05,0.53,0.53,0.5,down,0.5,2026-09-11T14:37:03,-9.09091,0.549999997019768,332.685,2026-09-11 19:44:22,2026-09-11 15:45:04
AAPL,AAPL280121P00125000,AAPL,2028-01-21,P,125.0,0.52,145.0,0.67,259.0,0.4237,305.0,1.0,-0.0095,0.0002,0.1015,-0.004,-0.0472,0.5958,-0.05,0.61,0.61,0.61,down,0.61,2026-09-11T14:36:35,-7.57576,0.659999996423721,332.685,2026-09-11 19:44:22,2026-09-11 15:45:04
AAPL,AAPL280121P00130000,AAPL,2028-01-21,P,130.0,0.61,139.0,0.78,451.0,0.4182,214.0,10.0,-0.0108,0.0002,0.1138,-0.0045,-0.0536,0.6761,-0.045,0.71,0.71,0.71,down,0.71,2026-09-11T14:02:17,-5.96026,0.754999995231628,332.685,2026-09-11 19:44:22,2026-09-11 15:45:04
AAPL,AAPL280121P00135000,AAPL,2028-01-21,P,135.0,0.68,159.0,0.9,209.0,0.4116,2872.0,0.0,-0.0123,0.0002,0.1273,-0.0049,-0.061,0.766,0.0,0.0,0.0,0.0,down,1.01,2026-08-24T13:35:28,0.0,0.824999988079071,332.685,2026-09-11 19:44:22,2026-09-11 15:45:04
AAPL,AAPL280121P00140000,AAPL,2028-01-21,P,140.0,0.8,14.0,0.96,14.0,0.4039,1568.0,0.0,-0.014,0.0002,0.1416,-0.0054,-0.069,0.8675,0.0,0.0,0.0,0.0,down,0.98,2026-09-01T15:32:10,0.0,0.975000023841858,332.685,2026-09-11 19:44:22,2026-09-11 15:45:04
AAPL,AAPL280121P00145000,AAPL,2028-01-21,P,145.0,0.89,235.0,1.1,40.0,0.3978,494.0,0.0,-0.0158,0.0003,0.157,-0.0059,-0.0776,0.9801,0.0,0.0,0.0,0.0,up,1.6,2026-07-31T15:30:41,0.0,1.10499998927116,332.685,2026-09-11 19:44:22,2026-09-11 15:45:04
AAPL,AAPL280121P00150000,AAPL,2028-01-21,P,150.0,0.99,291.0,1.18,14.0,0.3896,932.0,0.0,-0.0178,0.0003,0.1744,-0.0065,-0.0874,1.1061,0.0,0.0,0.0,0.0,down,1.23,2026-09-10T09:34:01,0.0,1.27999997138977,332.685,2026-09-11 19:44:22,2026-09-11 15:45:04
AAPL,AAPL280121P00155000,AAPL,2028-01-21,P,155.0,1.18,142.0,1.39,66.0,0.3871,500.0,0.0,-0.0201,0.0003,0.1933,-0.0071,-0.0986,1.2479,0.0,0.0,0.0,0.0,down,1.39,2026-09-02T10:16:01,0.0,1.37999999523163,332.685,2026-09-11 19:44:22,2026-09-11 15:45:04
AAPL,AAPL280121P00160000,AAPL,2028-01-21,P,160.0,1.36,52.0,1.55,132.0,0.3821,555.0,0.0,-0.0226,0.0004,0.2129,-0.0077,-0.1106,1.4052,0.0,0.0,0.0,0.0,up,1.66,2026-09-04T15:55:31,0.0,1.5349999666214,332.685,2026-09-11 19:44:22,2026-09-11 15:45:04
AAPL,AAPL280121P00165000,AAPL,2028-01-21,P,165.0,1.48,238.0,1.72,67.0,0.3754,455.0,0.0,-0.0254,0.0004,0.2341,-0.0084,-0.1235,1.5808,0.0,0.0,0.0,0.0,down,1.8,2026-09-04T11:02:45,0.0,1.72499996423721,332.685,2026-09-11 19:44:22,2026-09-11 15:45:04
AAPL,AAPL280121P00170000,AAPL,2028-01-21,P,170.0,1.68,276.0,1.91,207.0,0.3704,1294.0,5.0,-0.0284,0.0005,0.2576,-0.0091,-0.1384,1.7757,-0.19,1.73,1.77,1.73,no_change,1.77,2026-09-11T14:05:42,-9.69388,1.95999997854233,332.685,2026-09-11 19:44:22,2026-09-11 15:45:04
AAPL,AAPL280121P00175000,AAPL,2028-01-21,P,175.0,1.94,147.0,2.14,256.0,0.3666,564.0,10.0,-0.0318,0.0005,0.2829,-0.0099,-0.1545,1.9927,-0.19,1.96,1.99,1.96,up,1.99,2026-09-11T14:03:25,-8.7156,2.1800000667572,332.685,2026-09-11 19:44:22,2026-09-11 15:45:04
AAPL,AAPL280121P00180000,AAPL,2028-01-21,P,180.0,2.01,351.0,2.41,274.0,0.3595,1954.0,13.0,-0.0355,0.0006,0.3088,-0.0107,-0.1718,2.2337,-0.245,2.19,2.23,2.19,no_change,2.19,2026-09-11T14:20:21,-10.0616,2.43500006198883,332.685,2026-09-11 19:44:22,2026-09-11 15:45:04
AAPL,AAPL280121P00185000,AAPL,2028-01-21,P,185.0,2.29,327.0,2.66,199.0,0.3552,913.0,8.0,-0.0396,0.0006,0.3366,-0.0116,-0.191,2.4998,-0.235,2.53,2.53,2.44,up,2.48,2026-09-11T14:03:25,-8.65561,2.71499991416931,332.685,2026-09-11 19:44:22,2026-09-11 15:45:04
AAPL,AAPL280121P00190000,AAPL,2028-01-21,P,190.0,2.71,87.0,2.94,229.0,0.3527,1120.0,4.0,-0.044,0.0007,0.3669,-0.0124,-0.2119,2.7936,-0.345,2.76,2.77,2.76,no_change,2.77,2026-09-11T14:03:25,-11.0754,3.11500000953674,332.685,2026-09-11 19:44:22,2026-09-11 15:45:04
AAPL,AAPL280121P00195000,AAPL,2028-01-21,P,195.0,3.0,165.0,3.35,310.0,0.3492,1207.0,10.0,-0.0489,0.0008,0.3996,-0.0134,-0.2345,3.1204,-0.4,3.05,3.1,3.05,no_change,3.05,2026-09-11T14:03:32,-11.5942,3.44999992847443,332.685,2026-09-11 19:44:22,2026-09-11 15:45:04
AAPL,AAPL280121P00200000,AAPL,2028-01-21,P,200.0,3.35,244.0,3.6,128.0,0.3439,2960.0,19.0,-0.0542,0.0008,0.4318,-0.0144,-0.2591,3.479,-0.29,3.68,3.68,3.3,up,3.51,2026-09-11T13:36:13,-7.63158,3.79999995231628,332.685,2026-09-11 19:44:22,2026-09-11 15:45:04
AAPL,AAPL280121P00210000,AAPL,2028-01-21,P,210.0,4.15,327.0,4.45,181.0,0.3369,2161.0,138.0,-0.066,0.001,0.5033,-0.0165,-0.3138,4.2986,-0.5,4.3,4.3,4.25,no_change,4.3,2026-09-11T13:19:58,-10.4167,4.79999995231628,332.685,2026-09-11 19:44:22,2026-09-11 15:45:04
AAPL,AAPL280121P00220000,AAPL,2028-01-21,P,220.0,5.15,231.0,5.6,320.0,0.332,5676.0,3.0,-0.0798,0.0012,0.5804,-0.0188,-0.3762,5.2832,-0.625,5.2,5.25,5.2,up,5.25,2026-09-11T14:03:25,-10.6383,5.875,332.685,2026-09-11 19:44:22,2026-09-11 15:45:04
AAPL,AAPL280121P00230000,AAPL,2028-01-21,P,230.0,6.2,324.0,6.6,56.0,0.3235,4153.0,13.0,-0.0957,0.0014,0.6643,-0.0212,-0.4467,6.4546,-0.675,6.43,6.5,6.43,no_change,6.45,2026-09-11T15:04:36,-9.47368,7.125,332.685,2026-09-11 19:44:22,2026-09-11 15:45:04
AAPL,AAPL280121P00240000,AAPL,2028-01-21,P,240.0,7.65,364.0,8.05,293.0,0.3189,4595.0,56.0,-0.114,0.0016,0.7505,-0.0237,-0.5268,7.8415,-0.9,8.0,8.0,7.8,no_change,7.8,2026-09-11T12:08:54,-10.3448,8.69999980926514,332.685,2026-09-11 19:44:22,2026-09-11 15:45:04
AAPL,AAPL280121P00250000,AAPL,2028-01-21,P,250.0,9.3,498.0,9.85,500.0,0.3149,10909.0,22.0,-0.1347,0.0018,0.8428,-0.0263,-0.6171,9.4658,-1.105,10.18,10.18,9.32,down,9.37,2026-09-11T13:23:09,-10.5489,10.4749999046326,332.685,2026-09-11 19:44:22,2026-09-11 15:45:04
AAPL,AAPL280121P00260000,AAPL,2028-01-21,P,260.0,11.15,536.0,11.65,488.0,0.3094,3194.0,1.0,-0.1578,0.0021,0.9324,-0.0289,-0.7124,11.3518,-1.175,11.35,11.35,11.35,down,11.35,2026-09-11T10:23:16,-9.38124,12.5250000953674,332.685,2026-09-11 19:44:22,2026-09-11 15:45:04
AAPL,AAPL280121P00270000,AAPL,2028-01-21,P,270.0,13.4,453.0,13.95,539.0,0.306,1842.0,12.0,-0.1834,0.0024,1.0258,-0.0316,-0.8165,13.522,-1.26,14.0,14.0,13.3,up,13.64,2026-09-11T15:27:45,-8.45637,14.8999996185303,332.685,2026-09-11 19:44:22,2026-09-11 15:45:04
AAPL,AAPL280121P00280000,AAPL,2028-01-21,P,280.0,16.0,343.0,16.4,556.0,0.3023,5027.0,36.0,-0.2114,0.0026,1.1118,-0.0341,-0.9263,15.9981,-1.845,16.05,16.05,15.55,no_change,15.78,2026-09-11T12:57:48,-10.4681,17.625,332.685,2026-09-11 19:44:22,2026-09-11 15:45:04
AAPL,AAPL280121P00290000,AAPL,2028-01-21,P,290.0,18.7,448.0,19.35,426.0,0.2984,3724.0,5.0,-0.2421,0.0029,1.1989,-0.0366,-1.0384,18.8296,-2.33,19.15,19.15,18.37,down,18.37,2026-09-11T11:09:35,-11.256,20.6999998092651,332.685,2026-09-11 19:44:22,2026-09-11 15:45:04
AAPL,AAPL280121P00300000,AAPL,2028-01-21,P,300.0,21.9,483.0,22.55,689.0,0.2953,2011.0,76.0,-0.2748,0.0032,1.2739,-0.0389,-1.1536,21.9857,-2.17,22.2,22.2,21.6,up,21.98,2026-09-11T13:39:48,-8.98551,24.1500005722046,332.685,2026-09-11 19:44:22,2026-09-11 15:45:04
AAPL,AAPL280121P00310000,AAPL,2028-01-21,P,310.0,25.4,408.0,26.0,295.0,0.2916,4496.0,12.0,-0.3098,0.0034,1.3445,-0.041,-1.2645,25.5352,-2.515,25.38,25.51,25.38,up,25.51,2026-09-11T14:03:02,-8.97413,28.0250005722046,332.685,2026-09-11 19:44:22,2026-09-11 15:45:04
AAPL,AAPL280121P00320000,AAPL,2028-01-21,P,320.0,29.05,679.0,30.0,578.0,0.2879,1666.0,2.0,-0.3468,0.0037,1.3999,-0.043,-1.3779,29.4734,-3.3,29.95,29.95,28.75,down,28.75,2026-09-11T11:09:35,-10.2964,32.0500001907349,332.685,2026-09-11 19:44:22,2026-09-11 15:45:04
AAPL,AAPL280121P00330000,AAPL,2028-01-21,P,330.0,33.5,613.0,34.35,615.0,0.2856,4260.0,2.0,-0.3858,0.0039,1.4446,-0.0447,-1.482,33.8209,-2.825,34.8,34.8,33.95,down,33.95,2026-09-11T09:57:46,-7.68185,36.7749996185303,332.685,2026-09-11 19:44:22,2026-09-11 15:45:04
AAPL,AAPL280121P00340000,AAPL,2028-01-21,P,340.0,38.1,525.0,39.15,552.0,0.2828,626.0,2.0,-0.4262,0.0042,1.473,-0.0461,-1.5702,38.5927,-3.645,39.03,39.03,38.23,down,38.23,2026-09-11T10:48:17,-8.70448,41.875,332.685,2026-09-11 19:44:22,2026-09-11 15:45:04
AAPL,AAPL280121P00350000,AAPL,2028-01-21,P,350.0,43.6,324.0,44.0,1.0,0.2805,558.0,15.0,-0.4678,0.0044,1.4854,-0.0473,-1.654,43.7634,-3.4,44.15,44.2,43.82,up,44.05,2026-09-11T15:10:28,-7.16544,47.4500007629394,332.685,2026-09-11 19:44:22,2026-09-11 15:45:04
AAPL,AAPL280121P00360000,AAPL,2028-01-21,P,360.0,48.9,320.0,49.55,1.0,0.2776,272.0,6.0,-0.5105,0.0046,1.4814,-0.0483,-1.709,49.3652,-4.475,48.8,48.85,48.8,up,48.85,2026-09-11T11:46:04,-8.39193,53.3249988555908,332.685,2026-09-11 19:44:22,2026-09-11 15:45:04
AAPL,AAPL280121P00370000,AAPL,2028-01-21,P,370.0,54.6,251.0,55.9,136.0,0.2758,365.0,1.0,-0.554,0.0047,1.4564,-0.0489,-1.7571,55.4041,-4.47,54.78,54.78,54.78,down,54.78,2026-09-11T10:48:17,-7.5443,59.25,332.685,2026-09-11 19:44:22,2026-09-11 15:45:04
AAPL,AAPL280121P00380000,AAPL,2028-01-21,P,380.0,60.75,464.0,62.4,126.0,0.2733,220.0,0.0,-0.598,0.0049,1.4166,-0.0494,-1.7631,61.8531,0.0,0.0,0.0,0.0,down,66.6,2026-09-10T13:44:04,0.0,65.9749984741211,332.685,2026-09-11 19:44:22,2026-09-11 15:45:04
AAPL,AAPL280121P00390000,AAPL,2028-01-21,P,390.0,67.7,374.0,69.5,289.0,0.273,110.0,1.0,-0.6422,0.005,1.35,-0.0494,-1.7499,68.7303,-5.275,68.45,68.45,68.45,down,68.45,2026-09-11T10:35:05,-7.15497,73.7249984741211,332.685,2026-09-11 19:44:22,2026-09-11 15:45:04
AAPL,AAPL280121P00400000,AAPL,2028-01-21,P,400.0,74.4,490.0,76.65,130.0,0.269,178.0,2.0,-0.6868,0.0051,1.2698,-0.0496,-1.6948,76.0075,-4.565,76.7,76.76,76.7,up,76.76,2026-09-11T10:18:46,-5.61328,81.3250007629394,332.685,2026-09-11 19:44:22,2026-09-11 15:45:04
AAPL,AAPL280121P00410000,AAPL,2028-01-21,P,410.0,81.9,427.0,84.45,168.0,0.2674,5.0,0.0,-0.7309,0.0052,1.1656,-0.0494,-1.5961,83.684,0.0,0.0,0.0,0.0,up,98.29,2026-08-19T13:31:41,0.0,89.2249984741211,332.685,2026-09-11 19:44:22,2026-09-11 15:45:04
AAPL,AAPL280121P00420000,AAPL,2028-01-21,P,420.0,90.2,436.0,93.15,427.0,0.2703,4.0,0.0,-0.7748,0.0053,1.0356,-0.0494,-1.4324,91.7517,0.0,0.0,0.0,0.0,up,100.12,2026-09-10T11:01:37,0.0,97.8500022888184,332.685,2026-09-11 19:44:22,2026-09-11 15:45:04
AAPL,AAPL280121P00430000,AAPL,2028-01-21,P,430.0,98.9,417.0,101.85,401.0,0.2726,2.0,0.0,-0.8186,0.0054,0.9133,-0.0493,-1.2377,100.1783,0.0,0.0,0.0,0.0,up,115.35,2026-08-31T11:34:40,0.0,106.525001525879,332.685,2026-09-11 19:44:22,2026-09-11 15:45:04
AAPL,AAPL280121P00440000,AAPL,2028-01-21,P,440.0,107.45,380.0,109.95,70.0,0.2657,0.0,0.0,-0.8621,0.0056,0.7579,-0.0494,-1.0424,108.9672,0.0,0.0,0.0,0.0,up,138.11,2026-07-31T09:36:00,0.0,115.25,332.685,2026-09-11 19:44:22,2026-09-11 15:45:04
AAPL,AAPL280121P00450000,AAPL,2028-01-21,P,450.0,116.25,174.0,119.2,43.0,0.2598,0.0,0.0,-0.9027,0.0054,0.5661,-0.0474,-0.8545,118.1118,0.0,0.0,0.0,0.0,up,146.4,2026-07-31T15:05:42,0.0,124.949996948242,332.685,2026-09-11 19:44:22,2026-09-11 15:45:04
AAPL,AAPL280121P00460000,AAPL,2028-01-21,P,460.0,125.7,225.0,128.6,63.0,0.0,0.0,20.0,-0.9382,0.0046,0.3196,-0.0496,-0.4808,127.6141,-8.6,126.05,126.05,126.05,no_change,126.05,2026-09-11T10:48:41,-6.38692,134.649993896484,332.685,2026-09-11 19:44:22,2026-09-11 15:45:04
AAPL,AAPL280121P00470000,AAPL,2028-01-21,P,470.0,135.5,113.0,138.65,106.0,0.0,0.0,0.0,-0.9652,0.0035,0.2288,-0.0434,-0.2028,137.3053,0.0,0.0,0.0,0.0,up,139.6,2026-07-16T10:38:22,0.0,144.575004577637,332.685,2026-09-11 19:44:22,2026-09-11 15:45:04
AAPL,AAPL280121P00480000,AAPL,2028-01-21,P,480.0,145.5,109.0,148.95,110.0,0.0,0.0,0.0,-0.9839,0.0017,0.0,-0.0408,0.0,147.285,0.0,0.0,0.0,0.0,no_change,0.0,,0.0,154.349998474121,332.685,2026-09-11 19:44:22,2026-09-11 15:45:04
AAPL,AAPL280121P00490000,AAPL,2028-01-21,P,490.0,155.5,110.0,158.75,97.0,0.0,0.0,0.0,-0.9945,0.0006,0.0,-0.0408,0.0,157.285,0.0,0.0,0.0,0.0,no_change,0.0,,0.0,164.349998474121,332.685,2026-09-11 19:44:22,2026-09-11 15:45:04
AAPL,AAPL280121P00500000,AAPL,2028-01-21,P,500.0,165.7,175.0,168.7,111.0,0.0,0.0,4.0,-1.0,0.0,0.0,-0.0408,0.0,167.285,-7.12,167.11,167.23,167.11,up,167.23,2026-09-11T14:27:55,-4.08374,174.349998474121,332.685,2026-09-11 19:44:22,2026-09-11 15:45:04
AAPL,AAPL280121P00510000,AAPL,2028-01-21,P,510.0,175.5,115.0,178.75,13.0,0.0,0.0,0.0,-1.0,0.0,0.0,-0.0408,0.0,177.285,0.0,0.0,0.0,0.0,no_change,0.0,,0.0,184.349998474121,332.685,2026-09-11 19:44:22,2026-09-11 15:45:04
AAPL,AAPL280121P00520000,AAPL,2028-01-21,P,520.0,185.5,111.0,189.1,104.0,0.3251,0.0,0.0,-1.0,0.0,0.0,-0.0408,0.0,187.285,0.0,0.0,0.0,0.0,no_change,0.0,,0.0,194.349998474121,332.685,2026-09-11 19:44:22,2026-09-11 15:45:04
AAPL,AAPL280121P00530000,AAPL,2028-01-21,P,530.0,195.5,126.0,199.0,107.0,0.0,0.0,0.0,-1.0,0.0,0.0,-0.0408,0.0,197.285,0.0,0.0,0.0,0.0,up,253.67,2025-11-25T09:30:10,0.0,204.349998474121,332.685,2026-09-11 19:44:22,2026-09-11 15:45:04
AAPL,AAPL280121P00540000,AAPL,2028-01-21,P,540.0,205.5,104.0,209.1,95.0,0.3458,0.0,0.0,-1.0,0.0,0.0,-0.0408,0.0,207.285,0.0,0.0,0.0,0.0,no_change,0.0,,0.0,214.450004577637,332.685,2026-09-11 19:44:22,2026-09-11 15:45:04
AAPL,AAPL280121P00550000,AAPL,2028-01-21,P,550.0,215.5,95.0,219.1,102.0,0.3557,0.0,0.0,-1.0,0.0,0.0,-0.0408,0.0,217.285,0.0,0.0,0.0,0.0,no_change,0.0,,0.0,224.450004577637,332.685,2026-09-11 19:44:22,2026-09-11 15:45:04
AAPL,AAPL280121P00560000,AAPL,2028-01-21,P,560.0,225.5,13.0,229.1,13.0,0.3655,0.0,0.0,-1.0,0.0,0.0,-0.0408,0.0,227.285,0.0,0.0,0.0,0.0,no_change,0.0,,0.0,234.450004577637,332.685,2026-09-11 19:44:22,2026-09-11 15:45:04
AAPL,AAPL280121P00570000,AAPL,2028-01-21,P,570.0,235.5,13.0,239.15,13.0,0.3766,0.0,0.0,-1.0,0.0,0.0,-0.0408,0.0,237.285,0.0,0.0,0.0,0.0,no_change,0.0,,0.0,244.450004577637,332.685,2026-09-11 19:44:22,2026-09-11 15:45:04
AAPL,AAPL280121P00580000,AAPL,2028-01-21,P,580.0,245.5,13.0,249.1,13.0,0.3844,0.0,0.0,-1.0,0.0,0.0,-0.0408,0.0,247.285,0.0,0.0,0.0,0.0,no_change,0.0,,0.0,254.575004577637,332.685,2026-09-11 19:44:22,2026-09-11 15:45:04
AAPL,AAPL280121P00590000,AAPL,2028-01-21,P,590.0,255.5,13.0,259.1,13.0,0.3936,5.0,0.0,-1.0,0.0,0.0,-0.0408,0.0,257.285,0.0,0.0,0.0,0.0,down,250.37,2026-07-28T14:00:38,0.0,264.574996948242,332.685,2026-09-11 19:44:22,2026-09-11 15:45:04
AAPL,AAPL280121P00600000,AAPL,2028-01-21,P,600.0,265.5,13.0,269.1,13.0,0.4026,0.0,0.0,-1.0,0.0,0.0,-0.0408,0.0,267.285,0.0,0.0,0.0,0.0,up,264.41,2026-07-27T09:42:03,0.0,274.550003051758,332.685,2026-09-11 19:44:22,2026-09-11 15:45:04
AAPL,AAPL280317C00100000,AAPL,2028-03-17,C,100.0,237.5,116.0,241.45,31.0,0.4514,350.0,104.0,0.9968,0.0001,0.066,0.0,1.3832,239.5069,6.75,239.25,240.05,238.7,up,238.95,2026-09-11T15:03:18,2.90698,232.199996948242,332.685,2026-09-11 19:44:22,2026-09-11 15:45:04
AAPL,AAPL280317C00105000,AAPL,2028-03-17,C,105.0,232.5,88.0,237.0,10.0,0.4191,23.0,0.0,0.996,0.0001,0.0746,0.0,1.4486,234.9216,0.0,0.0,0.0,0.0,down,217.55,2026-09-08T12:37:09,0.0,227.425003051758,332.685,2026-09-11 19:44:22,2026-09-11 15:45:04
AAPL,AAPL280317C00110000,AAPL,2028-03-17,C,110.0,228.0,87.0,232.5,11.0,0.4267,42.0,0.0,0.9951,0.0001,0.0842,0.0,1.5134,230.3429,0.0,0.0,0.0,0.0,down,204.05,2026-08-10T13:43:06,0.0,222.599998474121,332.685,2026-09-11 19:44:22,2026-09-11 15:45:04
AAPL,AAPL280317C00115000,AAPL,2028-03-17,C,115.0,223.0,98.0,228.0,10.0,0.394,17.0,0.0,0.9941,0.0001,0.0946,0.0,1.5775,225.7715,0.0,0.0,0.0,0.0,no_change,198.5,2026-08-10T12:22:32,0.0,218.0,332.685,2026-09-11 19:44:22,2026-09-11 15:45:04
AAPL,AAPL280317C00120000,AAPL,2028-03-17,C,120.0,218.5,98.0,223.15,10.0,0.3733,35.0,0.0,0.9929,0.0001,0.106,0.0,1.6408,221.2081,0.0,0.0,0.0,0.0,down,203.75,2026-09-08T12:22:29,0.0,213.599998474121,332.685,2026-09-11 19:44:22,2026-09-11 15:45:04
AAPL,AAPL280317C00125000,AAPL,2028-03-17,C,125.0,214.0,98.0,218.5,10.0,0.3705,20.0,0.0,0.9917,0.0002,0.1183,0.0,1.7035,216.6537,0.0,0.0,0.0,0.0,down,199.05,2026-09-08T12:27:29,0.0,209.0,332.685,2026-09-11 19:44:22,2026-09-11 15:45:04
AAPL,AAPL280317C00130000,AAPL,2028-03-17,C,130.0,209.5,119.0,214.15,10.0,0.3838,75.0,0.0,0.9902,0.0002,0.132,0.0,1.7652,212.1091,0.0,0.0,0.0,0.0,up,190.95,2026-09-09T13:42:02,0.0,204.5,332.685,2026-09-11 19:44:22,2026-09-11 15:45:04
AAPL,AAPL280317C00135000,AAPL,2028-03-17,C,135.0,205.0,137.0,209.5,10.0,0.3766,191.0,0.0,0.9886,0.0002,0.147,0.0,1.8258,207.5757,0.0,0.0,0.0,0.0,up,189.95,2026-09-08T12:11:40,0.0,200.0,332.685,2026-09-11 19:44:22,2026-09-11 15:45:04
AAPL,AAPL280317C00140000,AAPL,2028-03-17,C,140.0,200.5,99.0,205.0,7.0,0.3752,51.0,0.0,0.9869,0.0002,0.1629,0.0,1.8855,203.0545,0.0,0.0,0.0,0.0,no_change,199.24,2026-09-03T11:08:27,0.0,195.5,332.685,2026-09-11 19:44:22,2026-09-11 15:45:04
AAPL,AAPL280317C00145000,AAPL,2028-03-17,C,145.0,196.0,100.0,200.5,7.0,0.3724,127.0,0.0,0.9849,0.0003,0.1802,0.0,1.9441,198.5465,0.0,0.0,0.0,0.0,no_change,181.05,2026-09-08T12:26:33,0.0,191.0,332.685,2026-09-11 19:44:22,2026-09-11 15:45:04
AAPL,AAPL280317C00150000,AAPL,2028-03-17,C,150.0,191.5,100.0,196.0,7.0,0.3684,244.0,0.0,0.9828,0.0003,0.1991,0.0,2.0014,194.0532,0.0,0.0,0.0,0.0,up,187.25,2026-09-10T15:58:55,0.0,187.0,332.685,2026-09-11 19:44:22,2026-09-11 15:45:04
AAPL,AAPL280317C00155000,AAPL,2028-03-17,C,155.0,187.7,137.0,191.5,20.0,0.3814,26.0,0.0,0.9804,0.0003,0.2194,0.0,2.0572,189.576,0.0,0.0,0.0,0.0,up,172.2,2026-09-08T12:23:08,0.0,182.5,332.685,2026-09-11 19:44:22,2026-09-11 15:45:04
AAPL,AAPL280317C00160000,AAPL,2028-03-17,C,160.0,183.45,173.0,187.0,37.0,0.3797,175.0,14.0,0.9778,0.0004,0.241,0.0,2.1115,185.1167,6.975,185.05,185.6,184.8,no_change,184.9,2026-09-11T14:35:24,3.92019,177.925003051758,332.685,2026-09-11 19:44:22,2026-09-11 15:45:04
AAPL,AAPL280317C00165000,AAPL,2028-03-17,C,165.0,178.75,372.0,183.0,187.0,0.3779,379.0,0.0,0.9749,0.0004,0.2641,0.0,2.1646,180.6764,0.0,0.0,0.0,0.0,down,154.68,2026-08-10T12:30:50,0.0,173.349998474121,332.685,2026-09-11 19:44:22,2026-09-11 15:45:04
AAPL,AAPL280317C00170000,AAPL,2028-03-17,C,170.0,174.85,102.0,178.5,123.0,0.38,25.0,0.0,0.9717,0.0005,0.289,0.0,2.2158,176.2568,0.0,0.0,0.0,0.0,no_change,171.3,2026-09-03T13:03:24,0.0,169.0,332.685,2026-09-11 19:44:22,2026-09-11 15:45:04
AAPL,AAPL280317C00175000,AAPL,2028-03-17,C,175.0,170.25,148.0,174.0,123.0,0.3698,94.0,0.0,0.9683,0.0005,0.3156,0.0,2.2649,171.86,0.0,0.0,0.0,0.0,up,155.55,2026-09-08T09:35:52,0.0,164.5,332.685,2026-09-11 19:44:22,2026-09-11 15:45:04
AAPL,AAPL280317C00180000,AAPL,2028-03-17,C,180.0,165.4,129.0,169.5,81.0,0.356,41.0,0.0,0.9645,0.0006,0.3434,0.0,2.3122,167.4879,0.0,0.0,0.0,0.0,up,142.3,2026-08-10T13:45:52,0.0,160.300003051758,332.685,2026-09-11 19:44:22,2026-09-11 15:45:04
AAPL,AAPL280317C00185000,AAPL,2028-03-17,C,185.0,161.6,118.0,165.0,27.0,0.3574,8.0,0.0,0.9604,0.0006,0.3727,0.0,2.3579,163.1421,0.0,0.0,0.0,0.0,up,144.2,2026-08-20T15:30:34,0.0,156.0,332.685,2026-09-11 19:44:22,2026-09-11 15:45:04
AAPL,AAPL280317C00190000,AAPL,2028-03-17,C,190.0,157.0,215.0,161.0,235.0,0.3536,334.0,0.0,0.956,0.0007,0.404,0.0,2.4012,158.8246,0.0,0.0,0.0,0.0,down,143.1,2026-09-08T09:55:51,0.0,151.150001525879,332.685,2026-09-11 19:44:22,2026-09-11 15:45:04
AAPL,AAPL280317C00195000,AAPL,2028-03-17,C,195.0,153.25,89.0,156.5,120.0,0.3533,58.0,0.0,0.9512,0.0007,0.437,0.0,2.4418,154.5378,0.0,0.0,0.0,0.0,up,137.75,2026-09-09T09:49:46,0.0,147.25,332.685,2026-09-11 19:44:22,2026-09-11 15:45:04
AAPL,AAPL280317C00200000,AAPL,2028-03-17,C,200.0,148.5,387.0,152.5,148.0,0.3466,196.0,1.0,0.946,0.0008,0.4711,0.0,2.4802,150.2842,9.86,152.76,152.76,152.76,up,152.76,2026-09-11T11:31:31,6.89993,142.900001525879,332.685,2026-09-11 19:44:22,2026-09-11 15:45:04
AAPL,AAPL280317C00210000,AAPL,2028-03-17,C,210.0,140.2,402.0,144.0,205.0,0.3394,126.0,1.0,0.9344,0.001,0.5438,-0.0025,2.55,141.8835,7.6,142.0,142.0,142.0,up,142.0,2026-09-11T10:23:00,5.65476,134.400001525879,332.685,2026-09-11 19:44:22,2026-09-11 15:45:04
AAPL,AAPL280317C00220000,AAPL,2028-03-17,C,220.0,132.75,38.0,135.0,233.0,0.333,201.0,0.0,0.9212,0.0011,0.6223,-0.0054,2.6078,133.6423,0.0,0.0,0.0,0.0,down,120.8,2026-09-10T10:26:11,0.0,126.375,332.685,2026-09-11 19:44:22,2026-09-11 15:45:04
AAPL,AAPL280317C00230000,AAPL,2028-03-17,C,230.0,124.45,178.0,127.0,313.0,0.3256,574.0,0.0,0.9062,0.0013,0.7049,-0.0083,2.655,125.5789,0.0,0.0,0.0,0.0,up,117.25,2026-09-10T13:22:33,0.0,118.474998474121,332.685,2026-09-11 19:44:22,2026-09-11 15:45:04
AAPL,AAPL280317C00240000,AAPL,2028-03-17,C,240.0,116.6,177.0,119.85,457.0,0.3248,481.0,2.0,0.8892,0.0015,0.7916,-0.0112,2.6886,117.7144,8.91,118.91,119.41,118.91,up,119.41,2026-09-11T10:43:10,8.06335,110.5,332.685,2026-09-11 19:44:22,2026-09-11 15:45:04
AAPL,AAPL280317C00250000,AAPL,2028-03-17,C,250.0,108.55,418.0,112.0,458.0,0.3159,631.0,11.0,0.8705,0.0017,0.8801,-0.0142,2.7106,110.0672,7.85,109.0,112.25,109.0,up,111.15,2026-09-11T13:02:04,7.59923,103.299999237061,332.685,2026-09-11 19:44:22,2026-09-11 15:45:04
AAPL,AAPL280317C00260000,AAPL,2028-03-17,C,260.0,101.5,311.0,105.0,320.0,0.3153,760.0,4.0,0.8498,0.0019,0.9703,-0.0171,2.7178,102.6583,8.4,99.14,105.0,99.14,up,105.0,2026-09-11T11:03:35,8.69565,96.6000022888184,332.685,2026-09-11 19:44:22,2026-09-11 15:45:04
AAPL,AAPL280317C00270000,AAPL,2028-03-17,C,270.0,94.8,160.0,96.0,172.0,0.3041,719.0,4.0,0.8272,0.0021,1.0594,-0.0199,2.7135,95.5044,6.45,96.1,97.23,95.0,down,95.35,2026-09-11T15:16:32,7.25534,88.9000015258789,332.685,2026-09-11 19:44:22,2026-09-11 15:45:04
AAPL,AAPL280317C00280000,AAPL,2028-03-17,C,280.0,87.35,383.0,89.2,201.0,0.2983,1304.0,14.0,0.8028,0.0023,1.1472,-0.0227,2.694,88.6244,6.775,88.86,88.95,88.8,no_change,88.8,2026-09-11T14:42:49,8.25968,82.0250015258789,332.685,2026-09-11 19:44:22,2026-09-11 15:45:04
AAPL,AAPL280317C00290000,AAPL,2028-03-17,C,290.0,80.85,431.0,83.0,375.0,0.297,726.0,3.0,0.7768,0.0025,1.2306,-0.0253,2.6638,82.0319,7.865,81.0,83.84,81.0,up,83.84,2026-09-11T10:56:15,10.3521,75.9749984741211,332.685,2026-09-11 19:44:22,2026-09-11 15:45:04
AAPL,AAPL280317C00300000,AAPL,2028-03-17,C,300.0,75.15,90.0,77.1,419.0,0.2977,2359.0,36.0,0.7492,0.0026,1.3098,-0.0276,2.619,75.7417,5.7,74.92,77.62,74.92,no_change,75.7,2026-09-11T15:18:46,8.14286,70.0,332.685,2026-09-11 19:44:22,2026-09-11 15:45:04
AAPL,AAPL280317C00310000,AAPL,2028-03-17,C,310.0,69.05,83.0,71.45,514.0,0.2954,2068.0,25.0,0.7204,0.0028,1.3816,-0.0298,2.5652,69.7625,6.825,69.7,72.05,68.56,up,71.0,2026-09-11T13:10:46,10.635,64.1749992370606,332.685,2026-09-11 19:44:22,2026-09-11 15:45:04
AAPL,AAPL280317C00320000,AAPL,2028-03-17,C,320.0,63.25,421.0,65.45,469.0,0.291,823.0,9.0,0.6904,0.003,1.4465,-0.0318,2.4981,64.1032,5.58,59.57,66.24,59.57,down,64.43,2026-09-11T14:17:38,9.48173,58.8500003814697,332.685,2026-09-11 19:44:22,2026-09-11 15:45:04
AAPL,AAPL280317C00330000,AAPL,2028-03-17,C,330.0,57.45,511.0,59.1,58.0,0.2836,637.0,31.0,0.6595,0.0031,1.5019,-0.0335,2.4246,58.7676,4.355,59.43,60.9,58.28,down,58.28,2026-09-11T15:21:21,8.07603,53.9249992370606,332.685,2026-09-11 19:44:22,2026-09-11 15:45:04
AAPL,AAPL280317C00340000,AAPL,2028-03-17,C,340.0,52.55,545.0,54.05,75.0,0.2818,1061.0,37.0,0.628,0.0033,1.5482,-0.0349,2.34,53.7573,4.1,53.3,55.95,53.3,down,53.3,2026-09-11T15:21:21,8.33333,49.2000007629394,332.685,2026-09-11 19:44:22,2026-09-11 15:45:04
AAPL,AAPL280317C00350000,AAPL,2028-03-17,C,350.0,48.05,522.0,49.6,202.0,0.2812,2413.0,20.0,0.5961,0.0034,1.5842,-0.036,2.2514,49.0719,4.675,48.0,51.25,48.0,no_change,49.0,2026-09-11T14:49:28,10.5471,44.3250007629394,332.685,2026-09-11 19:44:22,2026-09-11 15:45:04
AAPL,AAPL280317C00360000,AAPL,2028-03-17,C,360.0,43.9,517.0,45.65,539.0,0.2814,756.0,12.0,0.5641,0.0034,1.6098,-0.0368,2.155,44.7051,4.295,46.34,46.35,44.78,down,45.07,2026-09-11T14:06:59,10.5334,40.7749996185303,332.685,2026-09-11 19:44:22,2026-09-11 15:45:04
AAPL,AAPL280317C00370000,AAPL,2028-03-17,C,370.0,40.2,182.0,41.2,320.0,0.2796,738.0,31.0,0.5323,0.0035,1.6252,-0.0373,2.0561,40.6534,4.23,37.23,41.5,37.23,down,40.78,2026-09-11T14:06:15,11.5732,36.5499992370606,332.685,2026-09-11 19:44:22,2026-09-11 15:45:04
AAPL,AAPL280317C00380000,AAPL,2028-03-17,C,380.0,36.35,159.0,37.8,602.0,0.279,621.0,6.0,0.5008,0.0035,1.6303,-0.0376,1.954,36.904,2.8,36.7,38.42,35.85,down,35.85,2026-09-11T14:48:43,8.47201,33.0500011444092,332.685,2026-09-11 19:44:22,2026-09-11 15:45:04
AAPL,AAPL280317C00390000,AAPL,2028-03-17,C,390.0,32.75,346.0,33.5,1.0,0.2747,293.0,0.0,0.4699,0.0035,1.6256,-0.0376,1.8496,33.4502,0.0,0.0,0.0,0.0,up,30.4,2026-09-10T13:33:22,0.0,30.125,332.685,2026-09-11 19:44:22,2026-09-11 15:45:04
AAPL,AAPL280317C00400000,AAPL,2028-03-17,C,400.0,29.95,87.0,31.45,666.0,0.2782,862.0,7.0,0.4398,0.0035,1.6123,-0.0374,1.7469,30.2759,2.875,29.82,31.35,29.82,down,30.25,2026-09-11T15:25:12,10.5023,27.375,332.685,2026-09-11 19:44:22,2026-09-11 15:45:04
AAPL,AAPL280317C00410000,AAPL,2028-03-17,C,410.0,26.8,152.0,28.75,560.0,0.2771,1007.0,1.0,0.4106,0.0035,1.5899,-0.0369,1.642,27.3697,3.175,27.85,27.85,27.85,up,27.85,2026-09-11T09:42:40,12.8673,24.6750001907349,332.685,2026-09-11 19:44:22,2026-09-11 15:45:04
AAPL,AAPL280317C00420000,AAPL,2028-03-17,C,420.0,24.15,357.0,25.05,279.0,0.273,666.0,2.0,0.3825,0.0034,1.561,-0.0362,1.5418,24.7164,2.725,25.13,25.13,24.6,down,24.6,2026-09-11T15:16:48,12.4571,21.875,332.685,2026-09-11 19:44:22,2026-09-11 15:45:04
AAPL,AAPL280317C00430000,AAPL,2028-03-17,C,430.0,21.6,474.0,22.6,222.0,0.2717,471.0,0.0,0.3556,0.0033,1.5249,-0.0354,1.442,22.2992,0.0,0.0,0.0,0.0,down,15.92,2026-09-09T10:37:19,0.0,19.125,332.685,2026-09-11 19:44:22,2026-09-11 15:45:04
AAPL,AAPL280317C00440000,AAPL,2028-03-17,C,440.0,19.35,286.0,21.25,603.0,0.2737,349.0,0.0,0.3299,0.0032,1.4832,-0.0345,1.3456,20.1053,0.0,0.0,0.0,0.0,no_change,17.7,2026-09-10T13:29:26,0.0,17.7749996185303,332.685,2026-09-11 19:44:22,2026-09-11 15:45:04
AAPL,AAPL280317C00450000,AAPL,2028-03-17,C,450.0,17.55,552.0,19.25,585.0,0.2739,784.0,0.0,0.3056,0.0032,1.4379,-0.0334,1.2543,18.1158,0.0,0.0,0.0,0.0,down,15.75,2026-09-10T15:16:55,0.0,16.1999998092651,332.685,2026-09-11 19:44:22,2026-09-11 15:45:04
AAPL,AAPL280317C00460000,AAPL,2028-03-17,C,460.0,15.9,414.0,17.25,508.0,0.2734,153.0,0.0,0.2826,0.003,1.3876,-0.0323,1.1645,16.317,0.0,0.0,0.0,0.0,up,14.5,2026-09-01T13:59:07,0.0,14.2249999046326,332.685,2026-09-11 19:44:22,2026-09-11 15:45:04
AAPL,AAPL280317C00470000,AAPL,2028-03-17,C,470.0,14.2,507.0,15.15,291.0,0.2711,269.0,37.0,0.2611,0.0029,1.3353,-0.031,1.0811,14.6939,2.545,15.37,15.37,15.37,up,15.37,2026-09-11T10:47:53,19.8441,12.8249998092651,332.685,2026-09-11 19:44:22,2026-09-11 15:45:04
AAPL,AAPL280317C00480000,AAPL,2028-03-17,C,480.0,12.9,99.0,13.7,465.0,0.2716,67.0,0.0,0.2408,0.0028,1.2816,-0.0298,1.002,13.2297,0.0,0.0,0.0,0.0,up,12.5,2026-09-03T11:10:15,0.0,10.875,332.685,2026-09-11 19:44:22,2026-09-11 15:45:04
AAPL,AAPL280317C00490000,AAPL,2028-03-17,C,490.0,11.55,74.0,12.25,131.0,0.2709,99.0,0.0,0.222,0.0027,1.2253,-0.0285,0.9259,11.9126,0.0,0.0,0.0,0.0,down,8.85,2026-09-08T09:30:00,0.0,10.375,332.685,2026-09-11 19:44:22,2026-09-11 15:45:04
AAPL,AAPL280317C00500000,AAPL,2028-03-17,C,500.0,10.4,70.0,11.55,241.0,0.2731,407.0,0.0,0.2044,0.0026,1.1695,-0.0272,0.8563,10.7285,0.0,0.0,0.0,0.0,down,7.37,2026-09-09T13:06:16,0.0,9.25,332.685,2026-09-11 19:44:22,2026-09-11 15:45:04
AAPL,AAPL280317C00510000,AAPL,2028-03-17,C,510.0,9.35,315.0,10.45,481.0,0.2732,268.0,0.0,0.1881,0.0024,1.114,-0.0258,0.7908,9.6638,0.0,0.0,0.0,0.0,no_change,8.32,2026-09-02T11:03:57,0.0,8.64999985694885,332.685,2026-09-11 19:44:22,2026-09-11 15:45:04
AAPL,AAPL280317C00520000,AAPL,2028-03-17,C,520.0,8.3,465.0,8.95,286.0,0.2703,169.0,1.0,0.173,0.0023,1.0578,-0.0246,0.7285,8.7088,1.975,9.5,9.5,9.5,up,9.5,2026-09-11T14:36:34,26.2458,7.52500009536743,332.685,2026-09-11 19:44:22,2026-09-11 15:45:04
AAPL,AAPL280317C00530000,AAPL,2028-03-17,C,530.0,7.6,150.0,8.35,475.0,0.2726,213.0,0.0,0.1591,0.0022,1.0033,-0.0233,0.672,7.8522,0.0,0.0,0.0,0.0,up,6.74,2026-09-02T11:19:51,0.0,6.625,332.685,2026-09-11 19:44:22,2026-09-11 15:45:04
AAPL,AAPL280317C00540000,AAPL,2028-03-17,C,540.0,6.85,126.0,7.4,358.0,0.272,102.0,0.0,0.1462,0.0021,0.9508,-0.022,0.6196,7.083,0.0,0.0,0.0,0.0,no_change,6.06,2026-09-02T11:04:12,0.0,6.02499985694885,332.685,2026-09-11 19:44:22,2026-09-11 15:45:04
AAPL,AAPL280317C00550000,AAPL,2028-03-17,C,550.0,6.1,388.0,6.75,408.0,0.2722,1565.0,16.0,0.1344,0.0019,0.8987,-0.0208,0.5699,6.3936,1.0,6.5,6.5,6.25,up,6.5,2026-09-11T11:59:30,18.1818,5.5,332.685,2026-09-11 19:44:22,2026-09-11 15:45:04
AAPL,AAPL280317C00560000,AAPL,2028-03-17,C,560.0,5.5,444.0,5.95,211.0,0.2716,150.0,1.0,0.1235,0.0018,0.8483,-0.0197,0.5248,5.7758,1.015,5.84,5.84,5.84,up,5.84,2026-09-11T12:08:34,21.0363,4.82500004768372,332.685,2026-09-11 19:44:22,2026-09-11 15:45:04
AAPL,AAPL280317C00570000,AAPL,2028-03-17,C,570.0,4.95,426.0,5.55,385.0,0.273,26.0,24.0,0.1135,0.0017,0.8009,-0.0186,0.4837,5.2213,0.9,4.71,5.5,4.71,up,5.5,2026-09-11T10:52:24,19.5652,4.60000014305115,332.685,2026-09-11 19:44:22,2026-09-11 15:45:04
AAPL,AAPL280317C00580000,AAPL,2028-03-17,C,580.0,4.55,188.0,4.9,291.0,0.273,120.0,2.0,0.1043,0.0016,0.7551,-0.0175,0.4451,4.7237,0.55,5.0,5.0,4.65,down,4.65,2026-09-11T15:11:53,13.4146,4.10000002384186,332.685,2026-09-11 19:44:22,2026-09-11 15:45:04
AAPL,AAPL280317C00590000,AAPL,2028-03-17,C,590.0,4.05,292.0,4.6,369.0,0.2742,213.0,0.0,0.0959,0.0015,0.7107,-0.0165,0.4093,4.2778,0.0,0.0,0.0,0.0,down,3.65,2026-09-10T11:34:38,0.0,3.75000011920929,332.685,2026-09-11 19:44:22,2026-09-11 15:45:04
AAPL,AAPL280317C00600000,AAPL,2028-03-17,C,600.0,3.75,163.0,4.0,268.0,0.2739,641.0,25.0,0.0882,0.0014,0.6688,-0.0155,0.3772,3.8776,0.475,3.63,4.0,3.63,up,3.9,2026-09-11T15:29:07,13.8686,3.42499995231628,332.685,2026-09-11 19:44:22,2026-09-11 15:45:04
AAPL,AAPL280317P00100000,AAPL,2028-03-17,P,100.0,0.28,57.0,0.6,853.0,0.4655,562.0,3.0,-0.0056,0.0001,0.0669,-0.0026,-0.0315,0.3808,0.02,0.34,0.34,0.34,down,0.34,2026-09-11T11:00:30,6.25,0.319999992847443,332.685,2026-09-11 19:44:22,2026-09-11 15:45:04
AAPL,AAPL280317P00105000,AAPL,2028-03-17,P,105.0,0.16,479.0,0.72,760.0,0.4484,123.0,0.0,-0.0064,0.0001,0.0758,-0.0028,-0.036,0.4345,0.0,0.0,0.0,0.0,no_change,0.45,2026-08-28T14:05:25,0.0,0.429999992251396,332.685,2026-09-11 19:44:22,2026-09-11 15:45:04
AAPL,AAPL280317P00110000,AAPL,2028-03-17,P,110.0,0.4,10.0,0.53,13.0,0.4353,18.0,0.0,-0.0074,0.0001,0.0856,-0.0032,-0.0412,0.4949,0.0,0.0,0.0,0.0,up,0.48,2026-09-10T10:16:16,0.0,0.420000001788139,332.685,2026-09-11 19:44:22,2026-09-11 15:45:04
AAPL,AAPL280317P00115000,AAPL,2028-03-17,P,115.0,0.47,18.0,0.79,657.0,0.4382,431.0,0.0,-0.0084,0.0001,0.0962,-0.0035,-0.0471,0.5629,0.0,0.0,0.0,0.0,no_change,0.82,2026-08-20T14:59:42,0.0,0.689999997615814,332.685,2026-09-11 19:44:22,2026-09-11 15:45:04
AAPL,AAPL280317P00120000,AAPL,2028-03-17,P,120.0,0.54,131.0,0.7,132.0,0.4216,130.0,1.0,-0.0096,0.0001,0.1077,-0.0038,-0.0536,0.6392,-0.045,0.65,0.65,0.65,down,0.65,2026-09-11T13:58:35,-6.47482,0.694999992847443,332.685,2026-09-11 19:44:22,2026-09-11 15:45:04
AAPL,AAPL280317P00125000,AAPL,2028-03-17,P,125.0,0.66,1.0,0.79,17.0,0.4163,17.0,0.0,-0.0109,0.0002,0.1204,-0.0042,-0.0607,0.7246,0.0,0.0,0.0,0.0,down,0.8,2026-09-09T12:23:20,0.0,0.869999974966049,332.685,2026-09-11 19:44:22,2026-09-11 15:45:04
AAPL,AAPL280317P00130000,AAPL,2028-03-17,P,130.0,0.74,14.0,0.9,22.0,0.4095,120.0,0.0,-0.0124,0.0002,0.1346,-0.0047,-0.0687,0.8203,0.0,0.0,0.0,0.0,down,1.07,2026-08-24T14:00:37,0.0,0.974999994039536,332.685,2026-09-11 19:44:22,2026-09-11 15:45:04
AAPL,AAPL280317P00135000,AAPL,2028-03-17,P,135.0,0.83,63.0,1.06,14.0,0.4042,127.0,0.0,-0.014,0.0002,0.1498,-0.0051,-0.0777,0.9276,0.0,0.0,0.0,0.0,up,1.21,2026-08-28T09:55:12,0.0,1.04499998688698,332.685,2026-09-11 19:44:22,2026-09-11 15:45:04
AAPL,AAPL280317P00140000,AAPL,2028-03-17,P,140.0,1.04,1.0,1.38,382.0,0.4067,239.0,0.0,-0.0158,0.0002,0.166,-0.0056,-0.0876,1.0475,0.0,0.0,0.0,0.0,down,1.14,2026-09-04T14:56:52,0.0,1.20500004291534,332.685,2026-09-11 19:44:22,2026-09-11 15:45:04
AAPL,AAPL280317P00145000,AAPL,2028-03-17,P,145.0,1.01,235.0,1.5,290.0,0.3952,45.0,0.0,-0.0179,0.0003,0.1839,-0.0061,-0.0985,1.1811,0.0,0.0,0.0,0.0,down,1.74,2026-08-13T14:54:44,0.0,1.2849999666214,332.685,2026-09-11 19:44:22,2026-09-11 15:45:04
AAPL,AAPL280317P00150000,AAPL,2028-03-17,P,150.0,1.24,90.0,1.56,33.0,0.389,706.0,0.0,-0.0201,0.0003,0.2035,-0.0067,-0.1107,1.3299,0.0,0.0,0.0,0.0,no_change,1.64,2026-09-10T10:07:43,0.0,1.51500004529953,332.685,2026-09-11 19:44:22,2026-09-11 15:45:04
AAPL,AAPL280317P00155000,AAPL,2028-03-17,P,155.0,1.32,308.0,1.73,20.0,0.3815,134.0,0.0,-0.0226,0.0004,0.2243,-0.0073,-0.1242,1.4959,0.0,0.0,0.0,0.0,down,2.1,2026-08-21T11:06:15,0.0,1.81499993801117,332.685,2026-09-11 19:44:22,2026-09-11 15:45:04
AAPL,AAPL280317P00160000,AAPL,2028-03-17,P,160.0,1.62,78.0,2.1,390.0,0.3825,131.0,0.0,-0.0253,0.0004,0.2462,-0.0079,-0.1387,1.6804,0.0,0.0,0.0,0.0,up,1.88,2026-09-04T15:53:33,0.0,1.97499996423721,332.685,2026-09-11 19:44:22,2026-09-11 15:45:04
AAPL,AAPL280317P00165000,AAPL,2028-03-17,P,165.0,1.79,56.0,2.15,28.0,0.3735,599.0,0.0,-0.0283,0.0004,0.2702,-0.0086,-0.1544,1.8843,0.0,0.0,0.0,0.0,no_change,2.33,2026-09-10T10:07:43,0.0,2.125,332.685,2026-09-11 19:44:22,2026-09-11 15:45:04
AAPL,AAPL280317P00170000,AAPL,2028-03-17,P,170.0,1.91,319.0,2.48,301.0,0.3686,203.0,0.0,-0.0316,0.0005,0.2963,-0.0093,-0.1722,2.1102,0.0,0.0,0.0,0.0,down,2.76,2026-08-27T12:42:33,0.0,2.41999995708466,332.685,2026-09-11 19:44:22,2026-09-11 15:45:04
AAPL,AAPL280317P00175000,AAPL,2028-03-17,P,175.0,2.25,146.0,2.65,272.0,0.3641,888.0,5.0,-0.0352,0.0005,0.3236,-0.0101,-0.1916,2.3605,-0.31,2.46,2.46,2.46,down,2.46,2026-09-11T09:50:40,-11.1913,2.76999998092651,332.685,2026-09-11 19:44:22,2026-09-11 15:45:04
AAPL,AAPL280317P00180000,AAPL,2028-03-17,P,180.0,2.52,29.0,2.91,32.0,0.3593,224.0,0.0,-0.0392,0.0006,0.3517,-0.0109,-0.2121,2.6367,0.0,0.0,0.0,0.0,up,3.3,2026-09-09T13:07:37,0.0,3.05499994754791,332.685,2026-09-11 19:44:22,2026-09-11 15:45:04
AAPL,AAPL280317P00185000,AAPL,2028-03-17,P,185.0,2.84,7.0,3.15,13.0,0.3545,121.0,0.0,-0.0435,0.0006,0.3822,-0.0117,-0.2344,2.9399,0.0,0.0,0.0,0.0,down,4.2,2026-08-11T09:57:12,0.0,3.34999990463257,332.685,2026-09-11 19:44:22,2026-09-11 15:45:04
AAPL,AAPL280317P00190000,AAPL,2028-03-17,P,190.0,3.15,100.0,4.4,649.0,0.3613,256.0,0.0,-0.0481,0.0007,0.4153,-0.0126,-0.2588,3.2707,0.0,0.0,0.0,0.0,down,3.49,2026-09-02T11:29:39,0.0,3.70000004768372,332.685,2026-09-11 19:44:22,2026-09-11 15:45:04
AAPL,AAPL280317P00195000,AAPL,2028-03-17,P,195.0,3.35,304.0,3.8,15.0,0.3441,315.0,0.0,-0.0531,0.0008,0.4493,-0.0135,-0.2855,3.6371,0.0,0.0,0.0,0.0,down,3.88,2026-09-04T10:05:44,0.0,4.07500004768372,332.685,2026-09-11 19:44:22,2026-09-11 15:45:04
AAPL,AAPL280317P00200000,AAPL,2028-03-17,P,200.0,3.85,236.0,4.4,281.0,0.3438,2198.0,15.0,-0.0586,0.0008,0.4836,-0.0145,-0.313,4.0386,-0.2,4.2,4.2,4.2,down,4.2,2026-09-11T09:50:39,-4.54545,4.39999985694885,332.685,2026-09-11 19:44:22,2026-09-11 15:45:04
AAPL,AAPL280317P00210000,AAPL,2028-03-17,P,210.0,4.75,140.0,5.3,69.0,0.3365,1215.0,0.0,-0.0709,0.001,0.5607,-0.0165,-0.3759,4.9564,0.0,0.0,0.0,0.0,no_change,6.15,2026-09-09T11:51:31,0.0,5.625,332.685,2026-09-11 19:44:22,2026-09-11 15:45:04
AAPL,AAPL280317P00220000,AAPL,2028-03-17,P,220.0,5.9,105.0,6.4,409.0,0.3308,598.0,1.0,-0.0851,0.0012,0.6404,-0.0187,-0.4471,6.0449,-0.595,6.13,6.13,6.13,down,6.13,2026-09-11T10:51:33,-8.84758,6.72499990463257,332.685,2026-09-11 19:44:22,2026-09-11 15:45:04
AAPL,AAPL280317P00230000,AAPL,2028-03-17,P,230.0,7.1,214.0,7.55,76.0,0.3237,805.0,3.0,-0.1011,0.0014,0.7277,-0.0209,-0.5268,7.3116,-0.67,7.38,7.38,7.38,down,7.38,2026-09-11T09:45:34,-8.32298,8.0499997138977,332.685,2026-09-11 19:44:22,2026-09-11 15:45:04
AAPL,AAPL280317P00240000,AAPL,2028-03-17,P,240.0,7.55,719.0,9.05,74.0,0.3119,599.0,0.0,-0.1194,0.0016,0.8154,-0.0233,-0.6156,8.8109,0.0,0.0,0.0,0.0,down,10.15,2026-09-10T09:31:33,0.0,9.80000019073486,332.685,2026-09-11 19:44:22,2026-09-11 15:45:04
AAPL,AAPL280317P00250000,AAPL,2028-03-17,P,250.0,10.4,243.0,10.85,479.0,0.3145,698.0,10.0,-0.1399,0.0018,0.9097,-0.0257,-0.7155,10.5384,-1.1,10.58,10.6,10.48,no_change,10.6,2026-09-11T15:23:08,-9.40171,11.6999998092651,332.685,2026-09-11 19:44:22,2026-09-11 15:45:04
AAPL,AAPL280317P00260000,AAPL,2028-03-17,P,260.0,10.8,730.0,12.95,321.0,0.3025,639.0,9.0,-0.1625,0.002,0.9996,-0.0281,-0.8171,12.5256,-1.42,13.42,13.42,12.43,down,12.43,2026-09-11T10:51:33,-10.2527,13.8499999046326,332.685,2026-09-11 19:44:22,2026-09-11 15:45:04
AAPL,AAPL280317P00270000,AAPL,2028-03-17,P,270.0,13.85,690.0,15.15,141.0,0.3022,539.0,0.0,-0.1876,0.0023,1.0947,-0.0305,-0.9323,14.8044,0.0,0.0,0.0,0.0,up,17.4,2026-09-08T09:30:00,0.0,16.3249998092651,332.685,2026-09-11 19:44:22,2026-09-11 15:45:04
AAPL,AAPL280317P00280000,AAPL,2028-03-17,P,280.0,17.15,251.0,17.8,202.0,0.3021,644.0,1.0,-0.2147,0.0025,1.18,-0.0329,-1.0457,17.3793,-2.27,17.23,17.23,17.23,down,17.23,2026-09-11T13:11:28,-11.641,19.5,332.685,2026-09-11 19:44:22,2026-09-11 15:45:04
AAPL,AAPL280317P00290000,AAPL,2028-03-17,P,290.0,19.8,557.0,20.7,270.0,0.2977,660.0,20.0,-0.2441,0.0028,1.2673,-0.0352,-1.1697,20.2801,-2.215,20.61,20.61,20.61,down,20.61,2026-09-11T10:09:45,-9.70427,22.8249998092651,332.685,2026-09-11 19:44:22,2026-09-11 15:45:04
AAPL,AAPL280317P00300000,AAPL,2028-03-17,P,300.0,23.3,124.0,24.4,599.0,0.297,1371.0,20.0,-0.2758,0.003,1.342,-0.0374,-1.2877,23.5491,-2.135,24.74,24.74,23.54,down,23.54,2026-09-11T14:03:02,-8.31548,25.6749992370605,332.685,2026-09-11 19:44:22,2026-09-11 15:45:04
AAPL,AAPL280317P00310000,AAPL,2028-03-17,P,310.0,26.6,642.0,27.75,560.0,0.2921,244.0,5.0,-0.3091,0.0033,1.4122,-0.0394,-1.4037,27.1412,-2.55,28.2,28.2,27.4,down,27.4,2026-09-11T10:22:36,-8.51419,29.9500007629394,332.685,2026-09-11 19:44:22,2026-09-11 15:45:04
AAPL,AAPL280317P00320000,AAPL,2028-03-17,P,320.0,30.1,623.0,31.7,286.0,0.2875,249.0,1.0,-0.3447,0.0035,1.4686,-0.0413,-1.5241,31.1575,-2.475,31.65,31.65,31.65,down,31.65,2026-09-11T10:21:45,-7.25275,34.125,332.685,2026-09-11 19:44:22,2026-09-11 15:45:04
AAPL,AAPL280317P00330000,AAPL,2028-03-17,P,330.0,34.75,639.0,36.15,541.0,0.2865,103.0,10.0,-0.3813,0.0037,1.5131,-0.043,-1.6248,35.5006,-3.525,35.43,35.45,35.1,no_change,35.1,2026-09-11T12:51:10,-9.12621,38.625,332.685,2026-09-11 19:44:22,2026-09-11 15:45:04
AAPL,AAPL280317P00340000,AAPL,2028-03-17,P,340.0,39.25,640.0,40.9,545.0,0.2834,44.0,13.0,-0.4197,0.004,1.5448,-0.0445,-1.7352,40.2738,-3.575,40.0,40.2,40.0,up,40.2,2026-09-11T10:27:16,-8.16676,43.7749996185303,332.685,2026-09-11 19:44:22,2026-09-11 15:45:04
AAPL,AAPL280317P00350000,AAPL,2028-03-17,P,350.0,44.45,537.0,46.05,496.0,0.2813,277.0,0.0,-0.4595,0.0042,1.5586,-0.0457,-1.805,45.4676,0.0,0.0,0.0,0.0,down,53.46,2026-09-08T15:48:27,0.0,49.1749992370606,332.685,2026-09-11 19:44:22,2026-09-11 15:45:04
AAPL,AAPL280317P00360000,AAPL,2028-03-17,P,360.0,50.35,283.0,51.6,170.0,0.2807,230.0,25.0,-0.4998,0.0043,1.5579,-0.0468,-1.8834,51.011,-5.2,50.4,50.4,50.4,down,50.4,2026-09-11T13:07:14,-9.35252,55.5999984741211,332.685,2026-09-11 19:44:22,2026-09-11 15:45:04
AAPL,AAPL280317P00370000,AAPL,2028-03-17,P,370.0,56.1,249.0,57.85,228.0,0.2794,21.0,0.0,-0.5411,0.0045,1.5384,-0.0476,-1.9175,56.9755,0.0,0.0,0.0,0.0,down,58.42,2026-09-03T12:58:32,0.0,62.0499992370606,332.685,2026-09-11 19:44:22,2026-09-11 15:45:04
AAPL,AAPL280317P00380000,AAPL,2028-03-17,P,380.0,62.25,458.0,64.2,275.0,0.277,23.0,50.0,-0.5831,0.0047,1.4992,-0.0483,-1.9334,63.3574,-5.65,62.3,62.65,62.3,no_change,62.65,2026-09-11T11:38:28,-8.27233,68.2999992370606,332.685,2026-09-11 19:44:22,2026-09-11 15:45:04
AAPL,AAPL280317P00390000,AAPL,2028-03-17,P,390.0,68.5,453.0,71.4,452.0,0.2755,56.0,0.0,-0.6254,0.0048,1.4453,-0.0488,-1.935,70.117,0.0,0.0,0.0,0.0,up,68.5,2026-07-28T12:08:53,0.0,75.5,332.685,2026-09-11 19:44:22,2026-09-11 15:45:04
AAPL,AAPL280317P00400000,AAPL,2028-03-17,P,400.0,75.5,460.0,77.95,91.0,0.2714,1.0,0.0,-0.668,0.0049,1.3554,-0.049,-1.8702,77.2811,0.0,0.0,0.0,0.0,down,100.82,2026-07-31T10:03:42,0.0,83.0999984741211,332.685,2026-09-11 19:44:22,2026-09-11 15:45:04
AAPL,AAPL280317P00410000,AAPL,2028-03-17,P,410.0,82.5,455.0,85.4,115.0,0.2676,6.0,0.0,-0.7106,0.0051,1.27,-0.0492,-1.761,84.8137,0.0,0.0,0.0,0.0,down,88.0,2026-07-17T12:00:30,0.0,90.9500007629394,332.685,2026-09-11 19:44:22,2026-09-11 15:45:04
AAPL,AAPL280317P00420000,AAPL,2028-03-17,P,420.0,90.5,507.0,93.85,395.0,0.2688,11.0,6.0,-0.7531,0.0052,1.1574,-0.0492,-1.6071,92.7135,-7.95,92.89,92.89,91.15,down,91.15,2026-09-11T12:22:39,-8.0222,99.0999984741211,332.685,2026-09-11 19:44:22,2026-09-11 15:45:04
AAPL,AAPL280317P00430000,AAPL,2028-03-17,P,430.0,98.7,352.0,101.65,92.0,0.2643,12.0,0.0,-0.7959,0.0053,1.034,-0.0497,-1.5358,100.9876,0.0,0.0,0.0,0.0,down,105.6,2026-09-02T11:38:25,0.0,107.5,332.685,2026-09-11 19:44:22,2026-09-11 15:45:04
AAPL,AAPL280317P00440000,AAPL,2028-03-17,P,440.0,107.0,171.0,110.95,163.0,0.2643,0.0,0.0,-0.8388,0.0054,0.8686,-0.0508,-1.331,109.6124,0.0,0.0,0.0,0.0,down,127.25,2026-08-06T10:14:08,0.0,116.5,332.685,2026-09-11 19:44:22,2026-09-11 15:45:04
AAPL,AAPL280317P00450000,AAPL,2028-03-17,P,450.0,116.9,156.0,120.4,149.0,0.2729,0.0,0.0,-0.8785,0.0053,0.667,-0.0506,-0.9774,118.589,0.0,0.0,0.0,0.0,down,136.9,2026-08-06T10:14:07,0.0,125.400001525879,332.685,2026-09-11 19:44:22,2026-09-11 15:45:04
AAPL,AAPL280317P00460000,AAPL,2028-03-17,P,460.0,125.5,166.0,128.9,36.0,0.0,0.0,0.0,-0.9178,0.0052,0.5244,-0.0479,-0.5491,127.8534,0.0,0.0,0.0,0.0,down,201.55,2026-04-06T15:36:53,0.0,134.849998474121,332.685,2026-09-11 19:44:22,2026-09-11 15:45:04
AAPL,AAPL280317P00470000,AAPL,2028-03-17,P,470.0,135.75,154.0,139.45,159.0,0.2764,0.0,0.0,-0.9492,0.0042,0.323,-0.0482,-0.4746,137.441,0.0,0.0,0.0,0.0,no_change,0.0,,0.0,144.75,332.685,2026-09-11 19:44:22,2026-09-11 15:45:04
AAPL,AAPL280317P00480000,AAPL,2028-03-17,P,480.0,145.65,100.0,149.4,107.0,0.2859,0.0,0.0,-0.9716,0.0028,0.1038,-0.0369,0.0,147.285,0.0,0.0,0.0,0.0,up,148.0,2026-07-24T13:13:07,0.0,154.5,332.685,2026-09-11 19:44:22,2026-09-11 15:45:04
AAPL,AAPL280317P00490000,AAPL,2028-03-17,P,490.0,155.0,118.0,159.5,109.0,0.0,0.0,0.0,-0.9874,0.0012,0.0,-0.0369,0.0,157.285,0.0,0.0,0.0,0.0,down,209.65,2026-02-06T09:52:18,0.0,164.5,332.685,2026-09-11 19:44:22,2026-09-11 15:45:04
AAPL,AAPL280317P00500000,AAPL,2028-03-17,P,500.0,165.0,110.0,169.15,99.0,0.0,0.0,0.0,-0.9972,0.0003,0.0,-0.0369,0.0,167.285,0.0,0.0,0.0,0.0,no_change,0.0,,0.0,174.5,332.685,2026-09-11 19:44:22,2026-09-11 15:45:04
AAPL,AAPL280317P00510000,AAPL,2028-03-17,P,510.0,175.0,108.0,179.45,118.0,0.0,0.0,0.0,-1.0,0.0,0.0,-0.0369,0.0,177.285,0.0,0.0,0.0,0.0,no_change,0.0,,0.0,184.5,332.685,2026-09-11 19:44:22,2026-09-11 15:45:04
AAPL,AAPL280317P00520000,AAPL,2028-03-17,P,520.0,185.0,109.0,189.0,13.0,0.0,0.0,0.0,-1.0,0.0,0.0,-0.0369,0.0,187.285,0.0,0.0,0.0,0.0,no_change,0.0,,0.0,194.5,332.685,2026-09-11 19:44:22,2026-09-11 15:45:04
AAPL,AAPL280317P00530000,AAPL,2028-03-17,P,530.0,195.0,109.0,199.1,14.0,0.0,0.0,0.0,-1.0,0.0,0.0,-0.0369,0.0,197.285,0.0,0.0,0.0,0.0,no_change,0.0,,0.0,204.5,332.685,2026-09-11 19:44:22,2026-09-11 15:45:04
AAPL,AAPL280317P00540000,AAPL,2028-03-17,P,540.0,205.0,128.0,209.35,111.0,0.0,0.0,0.0,-1.0,0.0,0.0,-0.0369,0.0,207.285,0.0,0.0,0.0,0.0,no_change,0.0,,0.0,214.5,332.685,2026-09-11 19:44:22,2026-09-11 15:45:04
AAPL,AAPL280317P00550000,AAPL,2028-03-17,P,550.0,215.0,93.0,219.3,90.0,0.0,0.0,0.0,-1.0,0.0,0.0,-0.0369,0.0,217.285,0.0,0.0,0.0,0.0,up,277.5,2025-12-31T12:39:47,0.0,224.525001525879,332.685,2026-09-11 19:44:22,2026-09-11 15:45:04
AAPL,AAPL280317P00560000,AAPL,2028-03-17,P,560.0,225.0,93.0,229.35,13.0,0.0,0.0,0.0,-1.0,0.0,0.0,-0.0369,0.0,227.285,0.0,0.0,0.0,0.0,no_change,0.0,,0.0,234.5,332.685,2026-09-11 19:44:22,2026-09-11 15:45:04
AAPL,AAPL280317P00570000,AAPL,2028-03-17,P,570.0,235.0,92.0,239.5,91.0,0.0,0.0,0.0,-1.0,0.0,0.0,-0.0369,0.0,237.285,0.0,0.0,0.0,0.0,no_change,0.0,,0.0,244.5,332.685,2026-09-11 19:44:22,2026-09-11 15:45:04
AAPL,AAPL280317P00580000,AAPL,2028-03-17,P,580.0,245.0,96.0,249.5,14.0,0.0,0.0,0.0,-1.0,0.0,0.0,-0.0369,0.0,247.285,0.0,0.0,0.0,0.0,no_change,0.0,,0.0,254.5,332.685,2026-09-11 19:44:22,2026-09-11 15:45:04
AAPL,AAPL280317P00590000,AAPL,2028-03-17,P,590.0,255.0,9.0,259.5,13.0,0.0,0.0,0.0,-1.0,0.0,0.0,-0.0369,0.0,257.285,0.0,0.0,0.0,0.0,no_change,0.0,,0.0,264.5,332.685,2026-09-11 19:44:22,2026-09-11 15:45:04
AAPL,AAPL280317P00600000,AAPL,2028-03-17,P,600.0,265.0,9.0,269.45,13.0,0.0,0.0,0.0,-1.0,0.0,0.0,-0.0369,0.0,267.285,0.0,0.0,0.0,0.0,no_change,0.0,,0.0,274.5,332.685,2026-09-11 19:44:22,2026-09-11 15:45:04
AAPL,AAPL281215C00005000,AAPL,2028-12-15,C,5.0,323.75,1.0,331.85,6.0,0.0,58.0,4.0,1.0,0.0,0.0008,0.0,0.0261,328.234,7.325,328.15,328.2,327.7,down,327.8,2026-09-11T14:35:36,2.28567,320.475006103516,332.685,2026-09-11 19:44:22,2026-09-11 15:45:04
AAPL,AAPL281215C00010000,AAPL,2028-12-15,C,10.0,318.9,1.0,327.15,1.0,0.0,20.0,0.0,1.0,0.0,0.0005,0.0,0.0616,323.4274,0.0,0.0,0.0,0.0,down,301.0,2026-08-27T10:04:41,0.0,315.675003051758,332.685,2026-09-11 19:44:22,2026-09-11 15:45:04
AAPL,AAPL281215C00015000,AAPL,2028-12-15,C,15.0,315.5,11.0,320.5,2.0,0.0,74.0,0.0,1.0,0.0,0.0024,0.0,0.1131,318.5879,0.0,0.0,0.0,0.0,up,318.15,2026-07-16T14:55:37,0.0,310.5,332.685,2026-09-11 19:44:22,2026-09-11 15:45:04
AAPL,AAPL281215C00020000,AAPL,2028-12-15,C,20.0,311.0,7.0,316.0,2.0,0.0,2.0,0.0,1.0,0.0,0.008,0.0,0.2167,313.8151,0.0,0.0,0.0,0.0,down,242.96,2026-03-03T15:33:09,0.0,306.0,332.685,2026-09-11 19:44:22,2026-09-11 15:45:04
AAPL,AAPL281215C00025000,AAPL,2028-12-15,C,25.0,306.5,7.0,311.5,2.0,0.0,17.0,0.0,1.0,0.0,0.0126,0.0,0.493,309.2327,0.0,0.0,0.0,0.0,up,296.57,2026-08-28T10:56:09,0.0,301.5,332.685,2026-09-11 19:44:22,2026-09-11 15:45:04
AAPL,AAPL281215C00030000,AAPL,2028-12-15,C,30.0,302.0,2.0,307.0,2.0,0.0,61.0,0.0,1.0,0.0,0.0164,0.0,0.5959,304.7653,0.0,0.0,0.0,0.0,no_change,290.0,2026-09-10T10:41:50,0.0,297.0,332.685,2026-09-11 19:44:22,2026-09-11 15:45:04
AAPL,AAPL281215C00035000,AAPL,2028-12-15,C,35.0,297.5,11.0,302.5,2.0,0.0,1.0,0.0,1.0,0.0,0.0198,0.0,0.6914,300.303,0.0,0.0,0.0,0.0,down,221.31,2026-01-26T11:18:50,0.0,292.5,332.685,2026-09-11 19:44:22,2026-09-11 15:45:04
AAPL,AAPL281215C00040000,AAPL,2028-12-15,C,40.0,293.0,7.0,298.0,2.0,0.0,9.0,0.0,1.0,0.0,0.0238,0.0,0.7864,295.8424,0.0,0.0,0.0,0.0,down,244.55,2026-06-29T14:27:41,0.0,288.0,332.685,2026-09-11 19:44:22,2026-09-11 15:45:04
AAPL,AAPL281215C00045000,AAPL,2028-12-15,C,45.0,288.5,7.0,293.5,2.0,0.0,6.0,0.0,1.0,0.0,0.0287,0.0,0.8811,291.3843,0.0,0.0,0.0,0.0,up,267.35,2026-08-10T09:30:01,0.0,283.5,332.685,2026-09-11 19:44:22,2026-09-11 15:45:04
AAPL,AAPL281215C00050000,AAPL,2028-12-15,C,50.0,284.0,8.0,289.0,2.0,0.0,1357.0,7.0,1.0,0.0,0.0335,0.0,0.9755,286.9293,7.45,287.0,288.1,286.2,down,286.45,2026-09-11T14:50:24,2.67025,279.0,332.685,2026-09-11 19:44:22,2026-09-11 15:45:04
AAPL,AAPL281215C00060000,AAPL,2028-12-15,C,60.0,275.0,7.0,280.0,2.0,0.0,201.0,0.0,1.0,0.0,0.0452,0.0,1.2114,278.0395,0.0,0.0,0.0,0.0,down,250.75,2026-08-10T10:25:23,0.0,270.0,332.685,2026-09-11 19:44:22,2026-09-11 15:45:04
AAPL,AAPL281215C00070000,AAPL,2028-12-15,C,70.0,266.5,7.0,271.5,2.0,0.4357,257.0,0.0,0.9991,0.0,0.0593,0.0,1.4039,269.1976,0.0,0.0,0.0,0.0,down,248.49,2026-09-09T11:08:37,0.0,261.5,332.685,2026-09-11 19:44:22,2026-09-11 15:45:04
AAPL,AAPL281215C00080000,AAPL,2028-12-15,C,80.0,257.5,89.0,262.5,2.0,0.3726,265.0,0.0,0.9978,0.0001,0.0763,0.0,1.5941,260.3769,0.0,0.0,0.0,0.0,up,242.45,2026-09-08T12:13:01,0.0,252.5,332.685,2026-09-11 19:44:22,2026-09-11 15:45:04
AAPL,AAPL281215C00090000,AAPL,2028-12-15,C,90.0,248.5,84.0,253.5,2.0,0.0,198.0,0.0,0.9962,0.0001,0.0972,0.0,1.7811,251.5829,0.0,0.0,0.0,0.0,down,234.45,2026-09-08T13:07:27,0.0,243.5,332.685,2026-09-11 19:44:22,2026-09-11 15:45:04
AAPL,AAPL281215C00100000,AAPL,2028-12-15,C,100.0,240.0,94.0,245.0,2.0,0.39,2082.0,24.0,0.9942,0.0001,0.1219,0.0,1.9645,242.8223,7.45,243.6,243.86,242.45,no_change,242.45,2026-09-11T14:38:35,3.17021,235.0,332.685,2026-09-11 19:44:22,2026-09-11 15:45:04
AAPL,AAPL281215C00110000,AAPL,2028-12-15,C,110.0,231.0,113.0,236.0,2.0,0.3532,1267.0,0.0,0.9917,0.0001,0.1518,0.0,2.1432,234.1022,0.0,0.0,0.0,0.0,up,220.15,2026-09-10T10:05:18,0.0,226.5,332.685,2026-09-11 19:44:22,2026-09-11 15:45:04
AAPL,AAPL281215C00120000,AAPL,2028-12-15,C,120.0,222.7,86.0,227.5,2.0,0.3757,201.0,0.0,0.9886,0.0002,0.1863,0.0,2.3167,225.431,0.0,0.0,0.0,0.0,no_change,207.75,2026-09-08T12:22:31,0.0,217.550003051758,332.685,2026-09-11 19:44:22,2026-09-11 15:45:04
AAPL,AAPL281215C00125000,AAPL,2028-12-15,C,125.0,218.5,90.0,223.25,10.0,0.3774,87.0,0.0,0.9868,0.0002,0.2058,0.0,2.4014,221.1162,0.0,0.0,0.0,0.0,up,211.75,2026-09-10T11:28:41,0.0,213.449996948242,332.685,2026-09-11 19:44:22,2026-09-11 15:45:04
AAPL,AAPL281215C00130000,AAPL,2028-12-15,C,130.0,214.0,92.0,219.0,10.0,0.3694,108.0,0.0,0.9849,0.0002,0.2268,0.0,2.4842,216.817,0.0,0.0,0.0,0.0,up,208.0,2026-09-02T09:39:25,0.0,209.0,332.685,2026-09-11 19:44:22,2026-09-11 15:45:04
AAPL,AAPL281215C00135000,AAPL,2028-12-15,C,135.0,209.5,87.0,214.5,2.0,0.355,54.0,0.0,0.9828,0.0003,0.2492,0.0,2.5651,212.5348,0.0,0.0,0.0,0.0,up,186.95,2026-08-10T15:06:23,0.0,205.0,332.685,2026-09-11 19:44:22,2026-09-11 15:45:04
AAPL,AAPL281215C00140000,AAPL,2028-12-15,C,140.0,206.25,48.0,210.5,26.0,0.379,158.0,0.0,0.9805,0.0003,0.2728,0.0,2.6444,208.2707,0.0,0.0,0.0,0.0,down,187.85,2026-08-26T14:14:47,0.0,201.0,332.685,2026-09-11 19:44:22,2026-09-11 15:45:04
AAPL,AAPL281215C00145000,AAPL,2028-12-15,C,145.0,201.5,195.0,206.0,30.0,0.3606,216.0,0.0,0.9779,0.0003,0.298,0.0,2.7218,204.0259,0.0,0.0,0.0,0.0,up,198.09,2026-09-03T15:28:44,0.0,196.75,332.685,2026-09-11 19:44:22,2026-09-11 15:45:04
AAPL,AAPL281215C00150000,AAPL,2028-12-15,C,150.0,197.6,149.0,202.0,38.0,0.3661,635.0,1.0,0.9752,0.0004,0.325,0.0,2.797,199.8018,9.35,202.0,202.0,202.0,up,202.0,2026-09-11T11:04:56,4.85336,192.650001525879,332.685,2026-09-11 19:44:22,2026-09-11 15:45:04
AAPL,AAPL281215C00155000,AAPL,2028-12-15,C,155.0,193.1,141.0,197.5,41.0,0.353,133.0,1.0,0.9722,0.0004,0.3536,0.0,2.8697,195.6,2.7,190.95,190.95,190.95,up,190.95,2026-09-11T09:31:07,1.43426,188.25,332.685,2026-09-11 19:44:22,2026-09-11 15:45:04
AAPL,AAPL281215C00160000,AAPL,2028-12-15,C,160.0,189.25,147.0,193.35,49.0,0.3549,279.0,26.0,0.969,0.0004,0.3833,0.0,2.9402,191.4222,7.03,190.97,191.6,190.75,up,191.03,2026-09-11T15:19:10,3.82065,184.0,332.685,2026-09-11 19:44:22,2026-09-11 15:45:04
AAPL,AAPL281215C00165000,AAPL,2028-12-15,C,165.0,185.2,227.0,189.5,28.0,0.3565,304.0,0.0,0.9656,0.0005,0.4144,0.0,3.0088,187.2694,0.0,0.0,0.0,0.0,up,179.03,2026-09-01T10:25:16,0.0,180.0,332.685,2026-09-11 19:44:22,2026-09-11 15:45:04
AAPL,AAPL281215C00170000,AAPL,2028-12-15,C,170.0,180.95,281.0,185.2,81.0,0.3494,123.0,0.0,0.9619,0.0005,0.4473,0.0,3.0746,183.1431,0.0,0.0,0.0,0.0,up,170.0,2026-09-10T10:11:24,0.0,175.75,332.685,2026-09-11 19:44:22,2026-09-11 15:45:04
AAPL,AAPL281215C00175000,AAPL,2028-12-15,C,175.0,177.0,434.0,181.0,94.0,0.3466,562.0,1.0,0.9579,0.0006,0.482,0.0,3.1373,179.0453,9.55,181.0,181.0,181.0,up,181.0,2026-09-11T10:30:24,5.57014,171.449996948242,332.685,2026-09-11 19:44:22,2026-09-11 15:45:04
AAPL,AAPL281215C00180000,AAPL,2028-12-15,C,180.0,173.6,29.0,177.0,161.0,0.3506,492.0,1.0,0.9536,0.0006,0.5177,0.0,3.1973,174.9778,7.575,175.0,175.0,175.0,up,175.0,2026-09-11T13:46:10,4.52441,167.425003051758,332.685,2026-09-11 19:44:22,2026-09-11 15:45:04
AAPL,AAPL281215C00185000,AAPL,2028-12-15,C,185.0,169.7,20.0,173.0,30.0,0.3486,174.0,0.0,0.9491,0.0006,0.5544,0.0,3.2549,170.942,0.0,0.0,0.0,0.0,down,154.09,2026-09-08T12:40:23,0.0,163.125,332.685,2026-09-11 19:44:22,2026-09-11 15:45:04
AAPL,AAPL281215C00190000,AAPL,2028-12-15,C,190.0,165.55,35.0,169.0,28.0,0.344,1177.0,6.0,0.9442,0.0007,0.5926,0.0,3.3098,166.9392,9.22,168.81,168.81,168.67,no_change,168.67,2026-09-11T11:56:21,5.78237,159.450004577637,332.685,2026-09-11 19:44:22,2026-09-11 15:45:04
AAPL,AAPL281215C00195000,AAPL,2028-12-15,C,195.0,161.1,376.0,165.0,305.0,0.3367,1797.0,2.0,0.9391,0.0008,0.6326,0.0,3.3611,162.9714,10.085,164.5,165.36,164.5,up,165.36,2026-09-11T11:33:50,6.49493,155.275001525879,332.685,2026-09-11 19:44:22,2026-09-11 15:45:04
AAPL,AAPL281215C00200000,AAPL,2028-12-15,C,200.0,157.45,266.0,160.55,235.0,0.3321,2183.0,17.0,0.9337,0.0008,0.6737,0.0,3.4088,159.0409,7.975,160.0,161.13,157.97,down,159.6,2026-09-11T14:08:00,5.25969,151.625,332.685,2026-09-11 19:44:22,2026-09-11 15:45:04
AAPL,AAPL281215C00210000,AAPL,2028-12-15,C,210.0,150.0,115.0,152.55,135.0,0.3274,577.0,2.0,0.9219,0.0009,0.7578,0.0,3.4961,151.2977,7.175,152.0,152.0,151.5,down,151.5,2026-09-11T14:25:32,4.97142,144.325004577637,332.685,2026-09-11 19:44:22,2026-09-11 15:45:04
AAPL,AAPL281215C00220000,AAPL,2028-12-15,C,220.0,142.2,347.0,145.0,140.0,0.3216,1534.0,4.0,0.9088,0.001,0.8467,-0.0018,3.5691,143.7222,7.435,143.9,143.91,142.98,no_change,143.91,2026-09-11T13:45:23,5.44789,136.474998474121,332.685,2026-09-11 19:44:22,2026-09-11 15:45:04
AAPL,AAPL281215C00230000,AAPL,2028-12-15,C,230.0,134.35,337.0,137.55,112.0,0.3147,947.0,2.0,0.8944,0.0012,0.9373,-0.0041,3.6284,136.3306,7.455,137.61,137.61,136.88,down,136.88,2026-09-11T14:23:10,5.76009,129.425003051758,332.685,2026-09-11 19:44:22,2026-09-11 15:45:04
AAPL,AAPL281215C00240000,AAPL,2028-12-15,C,240.0,127.55,378.0,131.15,276.0,0.3171,1807.0,11.0,0.8787,0.0013,1.0301,-0.0064,3.6742,129.1337,7.77,127.0,130.09,127.0,down,130.02,2026-09-11T13:38:20,6.35583,122.25,332.685,2026-09-11 19:44:22,2026-09-11 15:45:04
AAPL,AAPL281215C00250000,AAPL,2028-12-15,C,250.0,121.2,94.0,123.2,196.0,0.3119,2936.0,50.0,0.8618,0.0014,1.1238,-0.0087,3.7041,122.1468,6.19,120.32,124.34,120.32,down,121.94,2026-09-11T15:01:56,5.34773,115.75,332.685,2026-09-11 19:44:22,2026-09-11 15:45:04
AAPL,AAPL281215C00260000,AAPL,2028-12-15,C,260.0,113.95,330.0,116.7,265.0,0.3077,1491.0,36.0,0.8436,0.0016,1.2161,-0.0109,3.7222,115.3791,6.225,115.0,117.56,115.0,down,115.45,2026-09-11T14:19:05,5.69924,109.225002288818,332.685,2026-09-11 19:44:22,2026-09-11 15:45:04
AAPL,AAPL281215C00270000,AAPL,2028-12-15,C,270.0,108.0,62.0,110.75,362.0,0.3093,2278.0,12.0,0.8243,0.0017,1.3081,-0.0131,3.7236,108.841,7.505,109.0,111.2,108.07,down,109.98,2026-09-11T11:53:43,7.32374,102.474998474121,332.685,2026-09-11 19:44:22,2026-09-11 15:45:04
AAPL,AAPL281215C00280000,AAPL,2028-12-15,C,280.0,101.45,235.0,103.85,292.0,0.3033,2184.0,30.0,0.8039,0.0018,1.3961,-0.0152,3.7139,102.5416,7.45,100.95,105.12,100.25,up,103.6,2026-09-11T12:24:17,7.74831,96.1500015258789,332.685,2026-09-11 19:44:22,2026-09-11 15:45:04
AAPL,AAPL281215C00290000,AAPL,2028-12-15,C,290.0,95.65,74.0,98.15,352.0,0.3029,1930.0,18.0,0.7826,0.002,1.4812,-0.0171,3.6904,96.4838,7.325,97.0,98.25,95.45,up,97.8,2026-09-11T13:06:07,8.09616,90.4750022888184,332.685,2026-09-11 19:44:22,2026-09-11 15:45:04
AAPL,AAPL281215C00300000,AAPL,2028-12-15,C,300.0,89.95,80.0,91.95,321.0,0.2995,3889.0,69.0,0.7604,0.0021,1.5616,-0.019,3.6537,90.6754,5.3,88.0,93.25,88.0,up,90.4,2026-09-11T14:08:50,6.22797,85.0999984741211,332.685,2026-09-11 19:44:22,2026-09-11 15:45:04
AAPL,AAPL281215C00310000,AAPL,2028-12-15,C,310.0,83.85,324.0,86.55,343.0,0.2962,3046.0,41.0,0.7375,0.0022,1.6358,-0.0207,3.6087,85.115,5.975,83.95,86.85,83.3,no_change,84.9,2026-09-11T14:15:30,7.57048,78.9249992370606,332.685,2026-09-11 19:44:22,2026-09-11 15:45:04
AAPL,AAPL281215C00320000,AAPL,2028-12-15,C,320.0,78.75,239.0,80.6,223.0,0.293,3699.0,42.0,0.7139,0.0023,1.7048,-0.0223,3.5498,79.8043,4.925,76.5,81.78,76.5,no_change,79.4,2026-09-11T15:08:20,6.61296,74.4749984741211,332.685,2026-09-11 19:44:22,2026-09-11 15:45:04
AAPL,AAPL281215C00330000,AAPL,2028-12-15,C,330.0,74.15,79.0,75.15,157.0,0.2914,3085.0,162.0,0.6899,0.0024,1.7663,-0.0238,3.4841,74.7435,5.45,70.55,76.9,70.55,no_change,74.65,2026-09-11T15:17:43,7.87572,69.2000007629394,332.685,2026-09-11 19:44:22,2026-09-11 15:45:04
AAPL,AAPL281215C00340000,AAPL,2028-12-15,C,340.0,69.5,55.0,70.4,152.0,0.2904,8056.0,103.0,0.6655,0.0025,1.8206,-0.0251,3.4102,69.9266,5.005,69.45,72.0,68.4,down,69.73,2026-09-11T14:50:05,7.73271,64.7250022888184,332.685,2026-09-11 19:44:22,2026-09-11 15:45:04
AAPL,AAPL281215C00350000,AAPL,2028-12-15,C,350.0,64.7,204.0,65.6,108.0,0.2877,4260.0,87.0,0.6409,0.0026,1.8678,-0.0262,3.3261,65.3538,4.81,66.0,67.47,64.56,no_change,65.16,2026-09-11T15:17:43,7.97017,60.3500003814697,332.685,2026-09-11 19:44:22,2026-09-11 15:45:04
AAPL,AAPL281215C00360000,AAPL,2028-12-15,C,360.0,59.55,382.0,61.35,86.0,0.2843,1605.0,56.0,0.6161,0.0027,1.9069,-0.0272,3.2395,61.0192,4.56,55.56,62.62,55.56,down,60.76,2026-09-11T15:04:57,8.11388,56.2000007629394,332.685,2026-09-11 19:44:22,2026-09-11 15:45:04
AAPL,AAPL281215C00370000,AAPL,2028-12-15,C,370.0,56.2,301.0,57.3,207.0,0.2851,1322.0,597.0,0.5914,0.0027,1.9383,-0.028,3.1456,56.9162,4.65,56.6,58.35,56.4,up,56.75,2026-09-11T15:02:42,8.92515,52.0999984741211,332.685,2026-09-11 19:44:22,2026-09-11 15:45:04
AAPL,AAPL281215C00380000,AAPL,2028-12-15,C,380.0,52.2,392.0,53.35,169.0,0.2833,1131.0,54.0,0.5668,0.0028,1.962,-0.0286,3.0458,53.0428,4.43,54.0,54.0,53.53,no_change,53.53,2026-09-11T13:26:25,9.0224,49.1000003814697,332.685,2026-09-11 19:44:22,2026-09-11 15:45:04
AAPL,AAPL281215C00390000,AAPL,2028-12-15,C,390.0,48.75,252.0,49.7,178.0,0.2826,2927.0,11.0,0.5423,0.0028,1.9783,-0.0291,2.9463,49.3902,4.025,49.76,50.49,49.3,down,49.3,2026-09-11T14:51:40,8.89012,45.2749996185303,332.685,2026-09-11 19:44:22,2026-09-11 15:45:04
AAPL,AAPL281215C00400000,AAPL,2028-12-15,C,400.0,45.35,244.0,45.9,11.0,0.2807,4866.0,117.0,0.5181,0.0028,1.987,-0.0295,2.8415,45.9512,3.21,43.0,47.5,43.0,down,45.46,2026-09-11T15:27:34,7.59763,42.25,332.685,2026-09-11 19:44:22,2026-09-11 15:45:04
AAPL,AAPL281215C00410000,AAPL,2028-12-15,C,410.0,41.9,449.0,42.95,159.0,0.2798,1075.0,36.0,0.4944,0.0028,1.9885,-0.0297,2.7339,42.722,3.36,39.9,43.35,39.9,no_change,42.41,2026-09-11T15:13:25,8.60435,39.0500011444092,332.685,2026-09-11 19:44:22,2026-09-11 15:45:04
AAPL,AAPL281215C00420000,AAPL,2028-12-15,C,420.0,39.0,247.0,40.45,552.0,0.2804,902.0,19.0,0.4711,0.0028,1.9839,-0.0298,2.6288,39.6928,4.1,40.11,40.92,40.1,up,40.5,2026-09-11T12:49:17,11.2637,36.3999996185303,332.685,2026-09-11 19:44:22,2026-09-11 15:45:04
AAPL,AAPL281215C00430000,AAPL,2028-12-15,C,430.0,36.35,131.0,38.15,525.0,0.2814,1518.0,0.0,0.4483,0.0028,1.9727,-0.0297,2.5211,36.8548,0.0,0.0,0.0,0.0,down,33.39,2026-09-10T13:33:07,0.0,33.6000003814697,332.685,2026-09-11 19:44:22,2026-09-11 15:45:04
AAPL,AAPL281215C00440000,AAPL,2028-12-15,C,440.0,33.65,277.0,34.8,523.0,0.2786,1192.0,63.0,0.4261,0.0028,1.9551,-0.0296,2.4121,34.2034,3.35,32.15,34.45,32.15,down,34.1,2026-09-11T13:51:14,10.8943,30.75,332.685,2026-09-11 19:44:22,2026-09-11 15:45:04
AAPL,AAPL281215C00450000,AAPL,2028-12-15,C,450.0,31.1,460.0,32.0,186.0,0.2768,4045.0,526.0,0.4045,0.0028,1.9331,-0.0293,2.3073,31.7285,2.95,29.65,33.0,29.65,no_change,31.7,2026-09-11T14:39:33,10.2609,28.75,332.685,2026-09-11 19:44:22,2026-09-11 15:45:04
AAPL,AAPL281215C00460000,AAPL,2028-12-15,C,460.0,28.6,568.0,29.95,351.0,0.2763,592.0,1.0,0.3837,0.0028,1.9062,-0.029,2.2033,29.4201,1.725,28.3,28.3,28.3,up,28.3,2026-09-11T09:54:53,6.49106,26.5749998092651,332.685,2026-09-11 19:44:22,2026-09-11 15:45:04
AAPL,AAPL281215C00470000,AAPL,2028-12-15,C,470.0,26.65,220.0,28.05,450.0,0.2768,426.0,5.0,0.3636,0.0027,1.874,-0.0286,2.0984,27.2723,2.73,27.58,27.58,27.58,up,27.58,2026-09-11T10:27:41,10.9859,24.8499994277954,332.685,2026-09-11 19:44:22,2026-09-11 15:45:04
AAPL,AAPL281215C00480000,AAPL,2028-12-15,C,480.0,24.75,292.0,26.2,475.0,0.2769,396.0,0.0,0.3442,0.0027,1.8386,-0.0281,1.9979,25.2766,0.0,0.0,0.0,0.0,up,21.5,2026-09-10T13:17:26,0.0,22.8249998092651,332.685,2026-09-11 19:44:22,2026-09-11 15:45:04
AAPL,AAPL281215C00490000,AAPL,2028-12-15,C,490.0,23.05,125.0,24.05,318.0,0.276,322.0,0.0,0.3256,0.0026,1.8007,-0.0275,1.9015,23.4222,0.0,0.0,0.0,0.0,down,18.57,2026-09-04T11:11:04,0.0,21.0749998092651,332.685,2026-09-11 19:44:22,2026-09-11 15:45:04
AAPL,AAPL281215C00500000,AAPL,2028-12-15,C,500.0,21.35,123.0,22.3,558.0,0.2756,2180.0,68.0,0.3077,0.0026,1.7592,-0.0269,1.8054,21.7018,2.325,21.0,22.52,21.0,up,22.0,2026-09-11T13:58:22,11.817,19.6750001907349,332.685,2026-09-11 19:44:22,2026-09-11 15:45:04
AAPL,AAPL281215C00510000,AAPL,2028-12-15,C,510.0,19.7,401.0,20.7,593.0,0.275,313.0,1.0,0.2907,0.0025,1.7147,-0.0263,1.7121,20.1088,2.475,20.6,20.6,20.6,up,20.6,2026-09-11T10:35:45,13.6552,18.125,332.685,2026-09-11 19:44:22,2026-09-11 15:45:04
AAPL,AAPL281215C00520000,AAPL,2028-12-15,C,520.0,18.15,325.0,19.25,542.0,0.2746,1903.0,106.0,0.2744,0.0024,1.6695,-0.0256,1.6245,18.6339,2.005,18.83,19.09,18.73,down,18.73,2026-09-11T14:06:55,11.988,16.7250003814697,332.685,2026-09-11 19:44:22,2026-09-11 15:45:04
AAPL,AAPL281215C00530000,AAPL,2028-12-15,C,530.0,16.85,349.0,17.8,493.0,0.2742,161.0,15.0,0.259,0.0024,1.6232,-0.0249,1.5401,17.2681,2.115,17.0,18.1,17.0,no_change,17.49,2026-09-11T12:21:23,13.7561,15.375,332.685,2026-09-11 19:44:22,2026-09-11 15:45:04
AAPL,AAPL281215C00540000,AAPL,2028-12-15,C,540.0,15.65,245.0,17.05,565.0,0.2759,80.0,2.0,0.2443,0.0023,1.5748,-0.0242,1.457,16.0055,0.37,14.72,14.72,14.72,no_change,14.72,2026-09-11T09:30:00,2.5784,14.3499999046326,332.685,2026-09-11 19:44:22,2026-09-11 15:45:04
AAPL,AAPL281215C00550000,AAPL,2028-12-15,C,550.0,14.6,178.0,15.1,206.0,0.2736,363.0,58.0,0.2303,0.0022,1.5254,-0.0234,1.3779,14.8396,2.195,13.85,15.32,13.85,up,15.32,2026-09-11T10:47:53,16.7238,13.125,332.685,2026-09-11 19:44:22,2026-09-11 15:45:04
AAPL,AAPL281215C00560000,AAPL,2028-12-15,C,560.0,13.5,130.0,14.0,124.0,0.2733,94.0,0.0,0.2171,0.0022,1.4766,-0.0227,1.3042,13.7625,0.0,0.0,0.0,0.0,down,11.91,2026-09-10T11:03:29,0.0,11.9499998092651,332.685,2026-09-11 19:44:22,2026-09-11 15:45:04
AAPL,AAPL281215C00570000,AAPL,2028-12-15,C,570.0,12.45,312.0,13.0,126.0,0.273,48.0,1.0,0.2046,0.0021,1.4282,-0.0219,1.2337,12.7671,1.9,13.35,13.35,13.35,up,13.35,2026-09-11T10:45:44,16.5939,11.4500002861023,332.685,2026-09-11 19:44:22,2026-09-11 15:45:04
AAPL,AAPL281215C00580000,AAPL,2028-12-15,C,580.0,11.5,361.0,12.45,500.0,0.2742,153.0,9.0,0.1928,0.002,1.3791,-0.0212,1.1651,11.8482,1.6,12.1,12.1,12.1,no_change,12.1,2026-09-11T12:25:44,15.2381,10.5,332.685,2026-09-11 19:44:22,2026-09-11 15:45:04
AAPL,AAPL281215C00590000,AAPL,2028-12-15,C,590.0,10.65,366.0,11.7,516.0,0.2746,205.0,11.0,0.1817,0.0019,1.3298,-0.0204,1.0999,11.0009,1.265,11.25,11.25,11.09,down,11.09,2026-09-11T09:45:31,12.8753,9.82499980926514,332.685,2026-09-11 19:44:22,2026-09-11 15:45:04
AAPL,AAPL281215C00600000,AAPL,2028-12-15,C,600.0,10.0,10.0,10.35,82.0,0.2729,4706.0,141.0,0.1712,0.0019,1.2818,-0.0197,1.0395,10.2191,1.135,10.0,10.8,9.95,up,10.21,2026-09-11T15:27:34,12.5069,9.07499980926514,332.685,2026-09-11 19:44:22,2026-09-11 15:45:04
AAPL,AAPL281215P00005000,AAPL,2028-12-15,P,5.0,0.0,0.0,0.06,3.0,1.0121,855.0,0.0,-0.0001,0.0,0.0026,-0.0001,-0.0014,0.0225,0.0,0.0,0.0,0.0,no_change,0.01,2026-08-28T12:19:50,0.0,0.0299999993294477,332.685,2026-09-11 19:44:22,2026-09-11 15:45:04
AAPL,AAPL281215P00010000,AAPL,2028-12-15,P,10.0,0.0,0.0,0.19,277.0,0.9328,26.0,0.0,-0.0003,0.0,0.005,-0.0002,-0.0028,0.0385,0.0,0.0,0.0,0.0,up,0.02,2026-09-03T10:22:37,0.0,0.0599999986588955,332.685,2026-09-11 19:44:22,2026-09-11 15:45:04
AAPL,AAPL281215P00015000,AAPL,2028-12-15,P,15.0,0.0,0.0,0.29,361.0,0.8565,6.0,0.0,-0.0004,0.0,0.0075,-0.0003,-0.0042,0.0545,0.0,0.0,0.0,0.0,up,0.04,2026-03-20T14:44:02,0.0,0.774999976158142,332.685,2026-09-11 19:44:22,2026-09-11 15:45:04
AAPL,AAPL281215P00020000,AAPL,2028-12-15,P,20.0,0.0,0.0,0.3,368.0,0.7756,54.0,0.0,-0.0006,0.0,0.0103,-0.0004,-0.0057,0.0712,0.0,0.0,0.0,0.0,up,0.06,2026-07-21T09:54:49,0.0,0.785000026226044,332.685,2026-09-11 19:44:22,2026-09-11 15:45:04
AAPL,AAPL281215P00025000,AAPL,2028-12-15,P,25.0,0.02,3.0,0.3,372.0,0.7172,92.0,0.0,-0.0008,0.0,0.0134,-0.0005,-0.0074,0.0891,0.0,0.0,0.0,0.0,no_change,0.05,2026-08-25T14:44:32,0.0,0.755000004544854,332.685,2026-09-11 19:44:22,2026-09-11 15:45:04
AAPL,AAPL281215P00030000,AAPL,2028-12-15,P,30.0,0.0,0.0,0.31,367.0,0.6635,76.0,0.0,-0.001,0.0,0.0168,-0.0006,-0.0093,0.1083,0.0,0.0,0.0,0.0,down,0.39,2026-07-27T09:47:41,0.0,0.495000004768372,332.685,2026-09-11 19:44:22,2026-09-11 15:45:04
AAPL,AAPL281215P00035000,AAPL,2028-12-15,P,35.0,0.0,0.0,0.33,370.0,0.6253,426.0,0.0,-0.0012,0.0,0.0205,-0.0007,-0.0114,0.1292,0.0,0.0,0.0,0.0,up,0.07,2026-08-12T11:18:24,0.0,0.155000001192093,332.685,2026-09-11 19:44:22,2026-09-11 15:45:04
AAPL,AAPL281215P00040000,AAPL,2028-12-15,P,40.0,0.0,0.0,0.35,396.0,0.5926,1107.0,0.0,-0.0015,0.0,0.0246,-0.0008,-0.0138,0.1521,0.0,0.0,0.0,0.0,down,0.1,2026-08-10T12:45:08,0.0,0.340000003576279,332.685,2026-09-11 19:44:22,2026-09-11 15:45:04
AAPL,AAPL281215P00045000,AAPL,2028-12-15,P,45.0,0.01,15.0,1.72,448.0,0.6943,74.0,0.0,-0.0018,0.0,0.0291,-0.0009,-0.0164,0.1774,0.0,0.0,0.0,0.0,down,0.11,2026-09-08T14:23:31,0.0,0.21499999333173,332.685,2026-09-11 19:44:22,2026-09-11 15:45:04
AAPL,AAPL281215P00050000,AAPL,2028-12-15,P,50.0,0.01,15.0,0.38,365.0,0.5384,356.0,0.0,-0.0021,0.0,0.0342,-0.001,-0.0194,0.2054,0.0,0.0,0.0,0.0,down,0.15,2026-09-08T14:23:31,0.0,0.38499999511987,332.685,2026-09-11 19:44:22,2026-09-11 15:45:04
AAPL,AAPL281215P00060000,AAPL,2028-12-15,P,60.0,0.15,1.0,0.45,396.0,0.5149,741.0,0.0,-0.0029,0.0,0.0459,-0.0013,-0.0264,0.2714,0.0,0.0,0.0,0.0,down,0.27,2026-08-10T15:13:50,0.0,0.355000004172325,332.685,2026-09-11 19:44:22,2026-09-11 15:45:04
AAPL,AAPL281215P00070000,AAPL,2028-12-15,P,70.0,0.15,68.0,0.53,492.0,0.4788,63.0,0.0,-0.004,0.0,0.0602,-0.0016,-0.0352,0.3544,0.0,0.0,0.0,0.0,up,0.43,2026-08-10T10:25:23,0.0,0.320000007748604,332.685,2026-09-11 19:44:22,2026-09-11 15:45:04
AAPL,AAPL281215P00080000,AAPL,2028-12-15,P,80.0,0.13,283.0,0.7,507.0,0.4525,136.0,0.0,-0.0053,0.0001,0.0777,-0.002,-0.0463,0.4593,0.0,0.0,0.0,0.0,down,0.54,2026-08-10T13:00:19,0.0,0.379999995231628,332.685,2026-09-11 19:44:22,2026-09-11 15:45:04
AAPL,AAPL281215P00090000,AAPL,2028-12-15,P,90.0,0.38,151.0,0.78,380.0,0.4381,184.0,0.0,-0.0069,0.0001,0.099,-0.0024,-0.0604,0.5921,0.0,0.0,0.0,0.0,down,0.56,2026-09-03T15:41:11,0.0,0.560000017285347,332.685,2026-09-11 19:44:22,2026-09-11 15:45:04
AAPL,AAPL281215P00100000,AAPL,2028-12-15,P,100.0,0.56,299.0,0.87,334.0,0.4191,1114.0,35.0,-0.009,0.0001,0.1246,-0.003,-0.0781,0.7595,-0.07,0.72,0.73,0.71,down,0.71,2026-09-11T11:21:02,-8.97436,0.780000001192093,332.685,2026-09-11 19:44:22,2026-09-11 15:45:04
AAPL,AAPL281215P00110000,AAPL,2028-12-15,P,110.0,0.94,1.0,1.02,35.0,0.4092,723.0,1.0,-0.0116,0.0001,0.1552,-0.0036,-0.0999,0.9696,-0.04,0.96,0.96,0.96,down,0.96,2026-09-11T09:39:46,-4.0,1.00000002980232,332.685,2026-09-11 19:44:22,2026-09-11 15:45:04
AAPL,AAPL281215P00120000,AAPL,2028-12-15,P,120.0,1.21,10.0,1.3,13.0,0.3974,168.0,0.0,-0.0148,0.0002,0.1912,-0.0043,-0.1267,1.2302,0.0,0.0,0.0,0.0,down,1.35,2026-09-08T14:51:32,0.0,1.30000001192093,332.685,2026-09-11 19:44:22,2026-09-11 15:45:04
AAPL,AAPL281215P00125000,AAPL,2028-12-15,P,125.0,1.27,30.0,1.45,12.0,0.3892,49.0,0.0,-0.0167,0.0002,0.2116,-0.0047,-0.142,1.3823,0.0,0.0,0.0,0.0,down,1.5,2026-09-04T09:53:13,0.0,1.37999999523163,332.685,2026-09-11 19:44:22,2026-09-11 15:45:04
AAPL,AAPL281215P00130000,AAPL,2028-12-15,P,130.0,1.44,70.0,1.74,111.0,0.3866,323.0,0.0,-0.0187,0.0002,0.2329,-0.0051,-0.159,1.552,0.0,0.0,0.0,0.0,up,1.98,2026-08-28T09:33:35,0.0,1.63499999046326,332.685,2026-09-11 19:44:22,2026-09-11 15:45:04
AAPL,AAPL281215P00135000,AAPL,2028-12-15,P,135.0,1.64,10.0,1.82,12.0,0.3796,295.0,0.0,-0.0209,0.0003,0.2563,-0.0056,-0.1768,1.7373,0.0,0.0,0.0,0.0,down,1.95,2026-09-01T10:18:40,0.0,1.78500002622604,332.685,2026-09-11 19:44:22,2026-09-11 15:45:04
AAPL,AAPL281215P00140000,AAPL,2028-12-15,P,140.0,1.76,145.0,2.24,135.0,0.3771,498.0,0.0,-0.0234,0.0003,0.2811,-0.006,-0.1969,1.9447,0.0,0.0,0.0,0.0,down,2.25,2026-09-09T10:32:45,0.0,2.1350000500679,332.685,2026-09-11 19:44:22,2026-09-11 15:45:04
AAPL,AAPL281215P00145000,AAPL,2028-12-15,P,145.0,1.9,190.0,2.4,12.0,0.3698,447.0,0.0,-0.026,0.0003,0.3077,-0.0065,-0.2181,2.1705,0.0,0.0,0.0,0.0,down,2.8,2026-08-27T12:42:33,0.0,2.37999999523163,332.685,2026-09-11 19:44:22,2026-09-11 15:45:04
AAPL,AAPL281215P00150000,AAPL,2028-12-15,P,150.0,2.29,25.0,2.64,12.0,0.3675,847.0,0.0,-0.029,0.0004,0.3353,-0.007,-0.2421,2.4205,0.0,0.0,0.0,0.0,down,2.57,2026-09-10T13:29:55,0.0,2.60000002384186,332.685,2026-09-11 19:44:22,2026-09-11 15:45:04
AAPL,AAPL281215P00155000,AAPL,2028-12-15,P,155.0,2.39,240.0,3.05,12.0,0.3628,482.0,0.0,-0.0321,0.0004,0.3654,-0.0076,-0.2676,2.693,0.0,0.0,0.0,0.0,up,3.1,2026-09-08T14:52:48,0.0,2.8199999332428,332.685,2026-09-11 19:44:22,2026-09-11 15:45:04
AAPL,AAPL281215P00160000,AAPL,2028-12-15,P,160.0,2.84,33.0,3.3,12.0,0.3602,595.0,0.0,-0.0355,0.0004,0.3964,-0.0082,-0.2954,2.9904,0.0,0.0,0.0,0.0,up,3.35,2026-09-01T10:34:13,0.0,3.22500002384186,332.685,2026-09-11 19:44:22,2026-09-11 15:45:04
AAPL,AAPL281215P00165000,AAPL,2028-12-15,P,165.0,3.15,40.0,3.7,8.0,0.357,559.0,0.0,-0.0392,0.0005,0.4297,-0.0088,-0.3246,3.3167,0.0,0.0,0.0,0.0,down,3.55,2026-09-10T11:03:34,0.0,3.625,332.685,2026-09-11 19:44:22,2026-09-11 15:45:04
AAPL,AAPL281215P00170000,AAPL,2028-12-15,P,170.0,3.5,127.0,4.0,45.0,0.3526,813.0,5.0,-0.0432,0.0005,0.4633,-0.0094,-0.3567,3.6711,-0.175,3.8,3.8,3.8,down,3.8,2026-09-11T13:50:18,-4.40252,3.97500002384186,332.685,2026-09-11 19:44:22,2026-09-11 15:45:04
AAPL,AAPL281215P00175000,AAPL,2028-12-15,P,175.0,3.9,12.0,4.5,30.0,0.3505,325.0,0.0,-0.0475,0.0006,0.5,-0.0101,-0.3906,4.0548,0.0,0.0,0.0,0.0,up,4.8,2026-09-09T13:08:18,0.0,4.5,332.685,2026-09-11 19:44:22,2026-09-11 15:45:04
AAPL,AAPL281215P00180000,AAPL,2028-12-15,P,180.0,4.3,110.0,4.85,51.0,0.3462,2202.0,0.0,-0.0521,0.0006,0.5372,-0.0108,-0.4272,4.4734,0.0,0.0,0.0,0.0,down,5.02,2026-09-10T10:18:44,0.0,4.90000009536743,332.685,2026-09-11 19:44:22,2026-09-11 15:45:04
AAPL,AAPL281215P00185000,AAPL,2028-12-15,P,185.0,4.75,57.0,5.2,13.0,0.3421,430.0,0.0,-0.057,0.0007,0.5768,-0.0115,-0.4655,4.9255,0.0,0.0,0.0,0.0,down,5.27,2026-09-03T10:35:11,0.0,5.375,332.685,2026-09-11 19:44:22,2026-09-11 15:45:04
AAPL,AAPL281215P00190000,AAPL,2028-12-15,P,190.0,5.25,169.0,5.75,135.0,0.3396,2019.0,10.0,-0.0623,0.0008,0.6159,-0.0122,-0.507,5.4144,-0.425,5.6,5.6,5.6,down,5.6,2026-09-11T10:08:14,-7.05394,6.02500009536743,332.685,2026-09-11 19:44:22,2026-09-11 15:45:04
AAPL,AAPL281215P00195000,AAPL,2028-12-15,P,195.0,5.6,246.0,6.15,12.0,0.3344,798.0,0.0,-0.0679,0.0008,0.6585,-0.013,-0.5499,5.9408,0.0,0.0,0.0,0.0,down,6.47,2026-09-04T12:19:47,0.0,6.47499990463257,332.685,2026-09-11 19:44:22,2026-09-11 15:45:04
AAPL,AAPL281215P00200000,AAPL,2028-12-15,P,200.0,6.35,167.0,6.7,53.0,0.333,3994.0,25.0,-0.0738,0.0009,0.7013,-0.0137,-0.5956,6.5087,-0.525,6.72,6.75,6.45,no_change,6.55,2026-09-11T12:17:47,-7.42049,7.07499980926514,332.685,2026-09-11 19:44:22,2026-09-11 15:45:04
AAPL,AAPL281215P00210000,AAPL,2028-12-15,P,210.0,7.6,183.0,8.05,123.0,0.3283,2093.0,28.0,-0.0869,0.001,0.7903,-0.0153,-0.6919,7.7743,-0.7,7.99,8.0,7.7,up,7.8,2026-09-11T14:58:09,-8.23529,8.5,332.685,2026-09-11 19:44:22,2026-09-11 15:45:04
AAPL,AAPL281215P00220000,AAPL,2028-12-15,P,220.0,8.95,270.0,9.55,103.0,0.3233,2091.0,10.0,-0.1014,0.0012,0.8846,-0.017,-0.7986,9.2277,-0.85,9.8,9.8,9.2,down,9.2,2026-09-11T10:39:20,-8.45771,10.0500001907349,332.685,2026-09-11 19:44:22,2026-09-11 15:45:04
AAPL,AAPL281215P00230000,AAPL,2028-12-15,P,230.0,10.7,192.0,11.25,138.0,0.3198,1102.0,13.0,-0.1174,0.0013,0.9792,-0.0187,-0.9171,10.8789,-0.75,12.05,12.05,11.08,up,11.1,2026-09-11T10:23:04,-6.32912,11.8500003814697,332.685,2026-09-11 19:44:22,2026-09-11 15:45:04
AAPL,AAPL281215P00240000,AAPL,2028-12-15,P,240.0,12.45,454.0,13.2,338.0,0.3155,1565.0,15.0,-0.1352,0.0015,1.0771,-0.0205,-1.0427,12.7635,-1.115,12.81,12.86,12.62,up,12.86,2026-09-11T13:53:03,-7.97853,13.9749999046326,332.685,2026-09-11 19:44:22,2026-09-11 15:45:04
AAPL,AAPL281215P00250000,AAPL,2028-12-15,P,250.0,14.6,414.0,15.2,173.0,0.3116,1819.0,59.0,-0.1545,0.0016,1.1764,-0.0223,-1.1705,14.8774,-1.425,14.9,14.9,14.41,down,14.75,2026-09-11T12:59:16,-8.80989,16.1750001907349,332.685,2026-09-11 19:44:22,2026-09-11 15:45:04
AAPL,AAPL281215P00260000,AAPL,2028-12-15,P,260.0,16.9,485.0,17.6,178.0,0.3081,10014.0,83.0,-0.1755,0.0018,1.2728,-0.0241,-1.3094,17.2575,-1.47,18.26,18.26,17.02,down,17.23,2026-09-11T14:34:13,-7.86096,18.6999998092651,332.685,2026-09-11 19:44:22,2026-09-11 15:45:04
AAPL,AAPL281215P00270000,AAPL,2028-12-15,P,270.0,19.6,482.0,20.25,188.0,0.3054,775.0,19.0,-0.198,0.002,1.3668,-0.0259,-1.4506,19.8932,-1.67,21.0,21.0,19.75,up,19.88,2026-09-11T14:34:13,-7.74942,21.5500001907349,332.685,2026-09-11 19:44:22,2026-09-11 15:45:04
AAPL,AAPL281215P00280000,AAPL,2028-12-15,P,280.0,22.45,267.0,23.05,1.0,0.3021,2788.0,18.0,-0.2222,0.0022,1.4572,-0.0276,-1.5985,22.8152,-1.89,23.28,23.28,22.6,no_change,22.76,2026-09-11T13:19:22,-7.66734,24.6499996185303,332.685,2026-09-11 19:44:22,2026-09-11 15:45:04
AAPL,AAPL281215P00290000,AAPL,2028-12-15,P,290.0,25.4,548.0,26.45,297.0,0.2993,889.0,20.0,-0.2478,0.0024,1.5394,-0.0293,-1.743,26.0349,-2.145,27.0,27.0,25.4,up,25.93,2026-09-11T14:02:23,-7.64025,28.0749998092651,332.685,2026-09-11 19:44:22,2026-09-11 15:45:04
AAPL,AAPL281215P00300000,AAPL,2028-12-15,P,300.0,28.55,609.0,30.2,426.0,0.2967,2428.0,24.0,-0.275,0.0026,1.6178,-0.031,-1.8967,29.5547,-2.25,30.0,30.0,29.0,up,29.6,2026-09-11T14:33:53,-7.06437,31.8500003814697,332.685,2026-09-11 19:44:22,2026-09-11 15:45:04
AAPL,AAPL281215P00310000,AAPL,2028-12-15,P,310.0,32.55,580.0,33.8,294.0,0.2943,1254.0,22.0,-0.3036,0.0027,1.6862,-0.0326,-2.0256,33.4022,-3.465,33.37,33.37,32.46,down,32.46,2026-09-11T13:34:46,-9.6451,35.9250011444092,332.685,2026-09-11 19:44:22,2026-09-11 15:45:04
AAPL,AAPL281215P00320000,AAPL,2028-12-15,P,320.0,36.9,590.0,38.2,462.0,0.2939,946.0,52.0,-0.3331,0.0029,1.7448,-0.0341,-2.1585,37.5277,-2.7,37.2,37.6,36.85,up,37.6,2026-09-11T15:15:51,-6.69975,40.2999992370606,332.685,2026-09-11 19:44:22,2026-09-11 15:45:04
AAPL,AAPL281215P00330000,AAPL,2028-12-15,P,330.0,41.95,1.0,42.45,486.0,0.2931,1286.0,82.0,-0.3641,0.0031,1.7937,-0.0356,-2.275,42.0017,-2.925,41.29,41.95,41.1,down,41.9,2026-09-11T15:19:47,-6.52537,44.8249988555908,332.685,2026-09-11 19:44:22,2026-09-11 15:45:04
AAPL,AAPL281215P00340000,AAPL,2028-12-15,P,340.0,46.7,1.0,47.3,533.0,0.2915,285.0,45.0,-0.3962,0.0033,1.8301,-0.0369,-2.4075,46.8082,-3.625,47.22,47.22,45.68,no_change,46.4,2026-09-11T12:07:57,-7.24638,50.0249996185303,332.685,2026-09-11 19:44:22,2026-09-11 15:45:04
AAPL,AAPL281215P00350000,AAPL,2028-12-15,P,350.0,51.05,576.0,52.05,85.0,0.2869,580.0,10.0,-0.429,0.0035,1.8525,-0.0382,-2.5071,51.8866,-3.355,53.0,53.0,51.4,up,51.82,2026-09-11T13:52:08,-6.08065,55.1749992370606,332.685,2026-09-11 19:44:22,2026-09-11 15:45:04
AAPL,AAPL281215P00360000,AAPL,2028-12-15,P,360.0,57.2,1.0,57.8,663.0,0.2881,1554.0,67.0,-0.4631,0.0036,1.8548,-0.0394,-2.569,57.3555,-3.825,57.7,57.7,56.45,up,57.2,2026-09-11T15:22:57,-6.26792,61.0249996185303,332.685,2026-09-11 19:44:22,2026-09-11 15:45:04
AAPL,AAPL281215P00370000,AAPL,2028-12-15,P,370.0,62.95,1.0,63.35,238.0,0.2861,86.0,91.0,-0.4976,0.0038,1.8508,-0.0404,-2.5967,63.0862,-4.35,63.1,63.1,62.0,no_change,63.1,2026-09-11T15:00:09,-6.44922,67.4500007629394,332.685,2026-09-11 19:44:22,2026-09-11 15:45:04
AAPL,AAPL281215P00380000,AAPL,2028-12-15,P,380.0,69.0,1.0,69.85,243.0,0.286,297.0,96.0,-0.5332,0.004,1.8383,-0.0414,-2.693,69.1799,-4.85,68.2,68.6,68.2,no_change,68.4,2026-09-11T13:22:09,-6.62116,73.25,332.685,2026-09-11 19:44:22,2026-09-11 15:45:04
AAPL,AAPL281215P00390000,AAPL,2028-12-15,P,390.0,74.9,182.0,76.05,289.0,0.2826,64.0,42.0,-0.5697,0.0041,1.7856,-0.0424,-2.6659,75.6141,-5.7,74.45,74.45,74.45,no_change,74.45,2026-09-11T12:15:15,-7.11167,80.1500015258789,332.685,2026-09-11 19:44:22,2026-09-11 15:45:04
AAPL,AAPL281215P00400000,AAPL,2028-12-15,P,400.0,82.15,1.0,83.1,390.0,0.2838,91.0,47.0,-0.6063,0.0043,1.7221,-0.0431,-2.5807,82.362,-5.175,82.72,82.72,80.34,up,82.2,2026-09-11T14:49:38,-5.92275,87.375,332.685,2026-09-11 19:44:22,2026-09-11 15:45:04
AAPL,AAPL281215P00410000,AAPL,2028-12-15,P,410.0,87.65,267.0,90.65,322.0,0.2796,17.0,4.0,-0.6437,0.0044,1.6783,-0.0438,-2.6274,89.4227,-6.15,89.89,89.89,87.15,up,88.75,2026-09-11T12:10:12,-6.48051,94.9000015258789,332.685,2026-09-11 19:44:22,2026-09-11 15:45:04
AAPL,AAPL281215P00420000,AAPL,2028-12-15,P,420.0,95.35,134.0,98.0,316.0,0.2791,19.0,3.0,-0.6822,0.0046,1.5556,-0.0445,-2.4913,96.8498,-6.37,94.99,96.03,94.33,up,96.03,2026-09-11T12:10:12,-6.2207,102.400001525879,332.685,2026-09-11 19:44:22,2026-09-11 15:45:04
AAPL,AAPL281215P00430000,AAPL,2028-12-15,P,430.0,103.65,73.0,105.15,87.0,0.2782,10.0,0.0,-0.7204,0.0048,1.4463,-0.0449,-2.2495,104.5635,0.0,0.0,0.0,0.0,down,106.85,2026-09-03T11:20:06,0.0,110.400001525879,332.685,2026-09-11 19:44:22,2026-09-11 15:45:04
AAPL,AAPL281215P00440000,AAPL,2028-12-15,P,440.0,110.0,164.0,113.7,144.0,0.2726,7.0,0.0,-0.7594,0.0049,1.3554,-0.0456,-2.2627,112.5837,0.0,0.0,0.0,0.0,up,129.98,2026-08-24T12:42:51,0.0,118.825000762939,332.685,2026-09-11 19:44:22,2026-09-11 15:45:04
AAPL,AAPL281215P00450000,AAPL,2028-12-15,P,450.0,118.5,208.0,121.5,136.0,0.2689,5.0,3.0,-0.7979,0.005,1.1326,-0.0464,-1.9181,120.9849,-8.915,120.0,120.0,118.41,down,118.41,2026-09-11T11:08:05,-7.00177,127.325000762939,332.685,2026-09-11 19:44:22,2026-09-11 15:45:04
AAPL,AAPL281215P00460000,AAPL,2028-12-15,P,460.0,127.5,402.0,130.9,75.0,0.272,1.0,0.0,-0.8365,0.0051,1.0234,-0.048,-1.4453,129.6274,0.0,0.0,0.0,0.0,up,148.54,2026-08-24T12:41:57,0.0,136.300003051758,332.685,2026-09-11 19:44:22,2026-09-11 15:45:04
AAPL,AAPL281215P00470000,AAPL,2028-12-15,P,470.0,136.5,404.0,139.9,65.0,0.271,0.0,0.0,-0.877,0.0052,0.8243,-0.0489,-1.4431,138.6179,0.0,0.0,0.0,0.0,up,158.23,2026-08-24T12:42:51,0.0,145.349998474121,332.685,2026-09-11 19:44:22,2026-09-11 15:45:04
AAPL,AAPL281215P00480000,AAPL,2028-12-15,P,480.0,145.5,138.0,148.95,38.0,0.0,0.0,0.0,-0.9112,0.0051,0.6259,-0.0435,-0.806,147.8555,0.0,0.0,0.0,0.0,no_change,0.0,,0.0,154.650001525879,332.685,2026-09-11 19:44:22,2026-09-11 15:45:04
AAPL,AAPL281215P00490000,AAPL,2028-12-15,P,490.0,155.1,126.0,159.35,28.0,0.0,0.0,0.0,-0.9408,0.0044,0.4395,-0.0437,-0.6342,157.371,0.0,0.0,0.0,0.0,down,216.8,2026-04-30T13:32:30,0.0,164.5,332.685,2026-09-11 19:44:22,2026-09-11 15:45:04
AAPL,AAPL281215P00500000,AAPL,2028-12-15,P,500.0,165.0,90.0,169.5,8.0,0.0,0.0,0.0,-0.9626,0.003,0.0636,-0.0392,0.0,167.285,0.0,0.0,0.0,0.0,no_change,196.8,2026-08-13T15:11:53,0.0,174.5,332.685,2026-09-11 19:44:22,2026-09-11 15:45:04
AAPL,AAPL281215P00510000,AAPL,2028-12-15,P,510.0,175.0,10.0,179.5,8.0,0.0,0.0,5.0,-0.9811,0.0015,0.0,-0.0392,0.0,177.285,-6.55,178.0,178.1,177.95,down,177.95,2026-09-11T09:56:11,-3.55014,184.5,332.685,2026-09-11 19:44:22,2026-09-11 15:45:04
AAPL,AAPL281215P00520000,AAPL,2028-12-15,P,520.0,185.0,9.0,189.5,13.0,0.0,0.0,0.0,-0.9926,0.0006,0.0,-0.0392,0.0,187.285,0.0,0.0,0.0,0.0,down,191.8,2026-09-03T10:18:15,0.0,194.375,332.685,2026-09-11 19:44:22,2026-09-11 15:45:04
AAPL,AAPL281215P00530000,AAPL,2028-12-15,P,530.0,195.0,14.0,199.5,14.0,0.0,0.0,0.0,-1.0,0.0,0.0,-0.0392,0.0,197.285,0.0,0.0,0.0,0.0,down,205.0,2026-09-01T11:23:27,0.0,204.375,332.685,2026-09-11 19:44:22,2026-09-11 15:45:04
AAPL,AAPL281215P00540000,AAPL,2028-12-15,P,540.0,205.0,10.0,209.5,14.0,0.0,0.0,2.0,-1.0,0.0,0.0,-0.0392,0.0,207.285,-7.35,207.2,207.2,207.0,down,207.0,2026-09-11T14:24:20,-3.42897,214.349998474121,332.685,2026-09-11 19:44:22,2026-09-11 15:45:04
AAPL,AAPL281215P00550000,AAPL,2028-12-15,P,550.0,215.0,9.0,219.5,13.0,0.0,0.0,0.0,-1.0,0.0,0.0,-0.0392,0.0,217.285,0.0,0.0,0.0,0.0,down,224.2,2026-09-01T15:17:19,0.0,224.349998474121,332.685,2026-09-11 19:44:22,2026-09-11 15:45:04
AAPL,AAPL281215P00560000,AAPL,2028-12-15,P,560.0,225.0,9.0,229.5,13.0,0.0,0.0,0.0,-1.0,0.0,0.0,-0.0392,0.0,227.285,0.0,0.0,0.0,0.0,no_change,0.0,,0.0,234.400001525879,332.685,2026-09-11 19:44:22,2026-09-11 15:45:04
AAPL,AAPL281215P00570000,AAPL,2028-12-15,P,570.0,235.0,9.0,239.8,11.0,0.3504,0.0,0.0,-1.0,0.0,0.0,-0.0392,0.0,237.285,0.0,0.0,0.0,0.0,up,241.93,2026-07-21T15:54:13,0.0,244.400001525879,332.685,2026-09-11 19:44:22,2026-09-11 15:45:04
AAPL,AAPL281215P00580000,AAPL,2028-12-15,P,580.0,245.0,9.0,249.85,9.0,0.3595,0.0,0.0,-1.0,0.0,0.0,-0.0392,0.0,247.285,0.0,0.0,0.0,0.0,up,252.6,2026-07-21T15:53:36,0.0,254.425003051758,332.685,2026-09-11 19:44:22,2026-09-11 15:45:04
AAPL,AAPL281215P00590000,AAPL,2028-12-15,P,590.0,255.0,8.0,259.8,14.0,0.367,0.0,0.0,-1.0,0.0,0.0,-0.0392,0.0,257.285,0.0,0.0,0.0,0.0,no_change,264.5,2026-07-21T15:36:46,0.0,264.449996948242,332.685,2026-09-11 19:44:22,2026-09-11 15:45:04
AAPL,AAPL281215P00600000,AAPL,2028-12-15,P,600.0,265.0,4.0,269.85,11.0,0.3758,0.0,0.0,-1.0,0.0,0.0,-0.0392,0.0,267.285,0.0,0.0,0.0,0.0,up,318.86,2026-06-26T14:16:43,0.0,274.350006103516,332.685,2026-09-11 19:44:22,2026-09-11 15:45:04
