underlying,option,root,expiry,cp,strike,bid,bid_size,ask,ask_size,iv,open_interest,volume,delta,gamma,vega,theta,rho,theo,change,open,high,low,tick,last_trade_price,last_trade_time,percent_change,prev_day_close,spot,cboe_timestamp,collected_et
NVDA,NVDA260904C00050000,NVDA,2026-09-04,C,50.0,179.3,86.0,182.15,33.0,0.0,39.0,6.0,1.0,0.0,0.0,-0.0001,0.0,179.8951,1.63,180.27,183.92,180.26,down,180.73,2026-09-04T15:13:32,0.910107,179.099998474121,229.88,2026-09-04 19:44:26,2026-09-04 15:45:04
NVDA,NVDA260904C00055000,NVDA,2026-09-04,C,55.0,174.4,86.0,177.25,19.0,0.0,32.0,6.0,1.0,0.0,0.0,-0.0001,0.0,174.8951,1.685,175.35,177.5,175.34,down,175.81,2026-09-04T15:13:32,0.967696,174.125,229.88,2026-09-04 19:44:26,2026-09-04 15:45:04
NVDA,NVDA260904C00060000,NVDA,2026-09-04,C,60.0,169.5,75.0,172.15,82.0,0.0,17.0,10.0,1.0,0.0,0.0,-0.0002,0.0,169.8952,2.5,170.26,173.85,170.26,up,171.05,2026-09-04T14:28:51,1.48324,168.550003051758,229.88,2026-09-04 19:44:26,2026-09-04 15:45:04
NVDA,NVDA260904C00065000,NVDA,2026-09-04,C,65.0,164.45,86.0,167.15,21.0,0.0,12.0,18.0,1.0,0.0,0.0,-0.0002,0.0,164.8953,2.345,165.34,167.32,165.06,up,165.82,2026-09-04T15:12:01,1.43447,163.474998474121,229.88,2026-09-04 19:44:26,2026-09-04 15:45:04
NVDA,NVDA260904C00070000,NVDA,2026-09-04,C,70.0,158.5,85.0,162.25,24.0,0.0,10.0,20.0,1.0,0.0,0.0,-0.0003,0.0,159.8953,2.35,160.91,162.33,160.15,up,160.9,2026-09-04T15:12:01,1.48218,158.550003051758,229.88,2026-09-04 19:44:26,2026-09-04 15:45:04
NVDA,NVDA260904C00075000,NVDA,2026-09-04,C,75.0,154.45,88.0,155.1,1.0,0.0,5.0,31.0,1.0,0.0,0.0,-0.0004,0.0,154.8954,1.455,155.99,158.88,154.88,down,154.88,2026-09-04T15:11:57,0.948344,153.425003051758,229.88,2026-09-04 19:44:26,2026-09-04 15:45:04
NVDA,NVDA260904C00080000,NVDA,2026-09-04,C,80.0,149.55,54.0,150.2,41.0,0.0,8.0,28.0,1.0,0.0,0.0,-0.0005,0.0,149.8955,1.535,153.96,153.96,149.93,down,149.96,2026-09-04T15:11:57,1.03419,148.425003051758,229.88,2026-09-04 19:44:26,2026-09-04 15:45:04
NVDA,NVDA260904C00085000,NVDA,2026-09-04,C,85.0,144.4,86.0,145.4,41.0,0.0,33.0,41.0,1.0,0.0,0.0,-0.0006,0.0,144.8956,1.525,149.05,149.08,145.01,down,145.05,2026-09-04T15:08:13,1.06253,143.525001525879,229.88,2026-09-04 19:44:26,2026-09-04 15:45:04
NVDA,NVDA260904C00090000,NVDA,2026-09-04,C,90.0,138.75,86.0,140.15,17.0,0.0,6.0,10.0,0.9999,0.0,0.0,-0.0007,0.0,139.8957,1.715,144.13,144.16,140.11,down,140.19,2026-09-04T15:07:38,1.23849,138.474998474121,229.88,2026-09-04 19:44:26,2026-09-04 15:45:04
NVDA,NVDA260904C00095000,NVDA,2026-09-04,C,95.0,133.6,86.0,135.15,24.0,0.0,19.0,22.0,0.9999,0.0,0.0,-0.0008,0.0,134.8958,1.525,135.28,138.6,135.19,up,135.2,2026-09-04T14:49:21,1.14083,133.674995422363,229.88,2026-09-04 19:44:26,2026-09-04 15:45:04
NVDA,NVDA260904C00100000,NVDA,2026-09-04,C,100.0,129.5,22.0,130.1,30.0,0.0,31.0,9.0,0.9999,0.0,0.0,-0.0009,0.0,129.8959,2.37,130.36,134.15,130.36,down,131.12,2026-09-04T13:18:09,1.84078,128.75,229.88,2026-09-04 19:44:26,2026-09-04 15:45:04
NVDA,NVDA260904C00105000,NVDA,2026-09-04,C,105.0,124.05,98.0,125.25,44.0,0.0,11.0,25.0,0.9999,0.0,0.0,-0.001,0.0,124.896,1.455,128.98,128.98,125.18,down,125.18,2026-09-04T13:49:56,1.176,123.724998474121,229.88,2026-09-04 19:44:26,2026-09-04 15:45:04
NVDA,NVDA260904C00110000,NVDA,2026-09-04,C,110.0,119.6,22.0,120.2,20.0,0.0,19.0,33.0,0.9999,0.0,0.0,-0.0012,0.0,119.8962,1.32,121.71,124.0,120.07,down,120.07,2026-09-04T15:10:40,1.11158,118.75,229.88,2026-09-04 19:44:26,2026-09-04 15:45:04
NVDA,NVDA260904C00115000,NVDA,2026-09-04,C,115.0,114.7,61.0,115.3,118.0,0.0,281.0,38.0,0.9999,0.0,0.0,-0.0013,0.0,114.8963,0.455,116.79,118.92,115.1,down,115.13,2026-09-04T15:10:40,0.396774,114.674999237061,229.88,2026-09-04 19:44:26,2026-09-04 15:45:04
NVDA,NVDA260904C00120000,NVDA,2026-09-04,C,120.0,108.9,221.0,110.95,125.0,0.0,491.0,84.0,0.9998,0.0,0.0,-0.0015,0.0,109.8965,0.29,113.13,114.23,110.07,down,110.19,2026-09-04T14:46:13,0.263875,109.900001525879,229.88,2026-09-04 19:44:26,2026-09-04 15:45:04
NVDA,NVDA260904C00125000,NVDA,2026-09-04,C,125.0,104.65,37.0,106.2,129.0,0.0,431.0,106.0,0.9998,0.0,0.0,-0.0016,0.0,104.8966,0.395,108.16,109.31,105.1,down,105.22,2026-09-04T14:46:51,0.376818,104.825000762939,229.88,2026-09-04 19:44:26,2026-09-04 15:45:04
NVDA,NVDA260904C00130000,NVDA,2026-09-04,C,130.0,99.6,86.0,100.95,121.0,0.0,164.0,99.0,0.9998,0.0,0.0,-0.0018,0.0,99.8968,0.54,101.99,103.48,100.1,down,100.24,2026-09-04T14:48:33,0.541624,99.7000007629394,229.88,2026-09-04 19:44:26,2026-09-04 15:45:04
NVDA,NVDA260904C00135000,NVDA,2026-09-04,C,135.0,94.7,38.0,95.95,58.0,0.0,206.0,79.0,0.9998,0.0,0.0,-0.002,0.0,94.897,0.48,97.07,98.61,95.16,down,95.33,2026-09-04T14:48:33,0.506064,94.8499984741211,229.88,2026-09-04 19:44:26,2026-09-04 15:45:04
NVDA,NVDA260904C00140000,NVDA,2026-09-04,C,140.0,89.65,44.0,90.7,304.0,0.0,131.0,79.0,0.9997,0.0,0.0,-0.0022,0.0,89.8972,0.665,90.82,93.69,90.14,up,90.24,2026-09-04T14:48:06,0.742394,89.5750007629394,229.88,2026-09-04 19:44:26,2026-09-04 15:45:04
NVDA,NVDA260904C00145000,NVDA,2026-09-04,C,145.0,83.15,86.0,85.8,24.0,0.0,23.0,59.0,0.9997,0.0,0.0,-0.0024,0.0,84.8974,0.175,86.68,86.71,85.25,down,85.25,2026-09-04T15:19:44,0.2057,85.0750007629394,229.88,2026-09-04 19:44:26,2026-09-04 15:45:04
NVDA,NVDA260904C00150000,NVDA,2026-09-04,C,150.0,79.15,378.0,81.35,323.0,0.0,172.0,74.0,0.9996,0.0,0.0,-0.0026,0.0,79.8976,0.35,81.93,83.67,80.07,down,80.1,2026-09-04T15:21:01,0.438871,79.75,229.88,2026-09-04 19:44:26,2026-09-04 15:45:04
NVDA,NVDA260904C00155000,NVDA,2026-09-04,C,155.0,74.5,314.0,75.65,324.0,0.0,167.0,38.0,0.9996,0.0,0.0,-0.0028,0.0,74.8978,0.495,77.24,79.64,75.12,no_change,75.12,2026-09-04T14:05:22,0.663317,74.625,229.88,2026-09-04 19:44:26,2026-09-04 15:45:04
NVDA,NVDA260904C00160000,NVDA,2026-09-04,C,160.0,69.2,261.0,70.75,207.0,0.0,52.0,62.0,0.9995,0.0001,0.0,-0.003,0.0,69.898,1.025,72.32,74.71,70.12,up,70.9,2026-09-04T14:53:30,1.46691,69.875,229.88,2026-09-04 19:44:26,2026-09-04 15:45:04
NVDA,NVDA260904C00165000,NVDA,2026-09-04,C,165.0,64.3,86.0,65.95,13.0,0.0,38.0,34.0,0.9994,0.0001,0.0,-0.0032,0.0,64.8982,0.05,69.34,69.34,64.9,no_change,64.9,2026-09-04T15:23:19,0.0771034,64.8499984741211,229.88,2026-09-04 19:44:26,2026-09-04 15:45:04
NVDA,NVDA260904C00170000,NVDA,2026-09-04,C,170.0,59.35,361.0,61.1,330.0,0.0,10082.0,33.0,0.9994,0.0001,0.0,-0.0035,0.0,59.8985,0.465,64.41,64.41,60.0,up,60.29,2026-09-04T14:15:06,0.777266,59.8250007629394,229.88,2026-09-04 19:44:26,2026-09-04 15:45:04
NVDA,NVDA260904C00175000,NVDA,2026-09-04,C,175.0,53.3,276.0,55.75,102.0,0.0,149.0,129.0,0.9993,0.0001,0.0001,-0.0037,0.0,54.8987,0.41,58.07,58.07,55.17,no_change,55.21,2026-09-04T15:27:12,0.748173,54.8000011444092,229.88,2026-09-04 19:44:26,2026-09-04 15:45:04
NVDA,NVDA260904C00180000,NVDA,2026-09-04,C,180.0,49.55,321.0,50.8,346.0,0.0,5283.0,5342.0,0.9992,0.0002,0.0001,-0.004,0.0,49.899,1.125,50.6,54.45,50.05,no_change,50.05,2026-09-04T15:24:51,2.29944,48.9249992370606,229.88,2026-09-04 19:44:26,2026-09-04 15:45:04
NVDA,NVDA260904C00182500,NVDA,2026-09-04,C,182.5,46.9,229.0,48.35,119.0,0.0,130.0,164.0,0.9991,0.0002,0.0001,-0.0041,0.0,47.3991,0.19,48.39,48.41,47.06,up,47.54,2026-09-04T14:52:05,0.401266,47.3500003814697,229.88,2026-09-04 19:44:26,2026-09-04 15:45:04
NVDA,NVDA260904C00185000,NVDA,2026-09-04,C,185.0,44.7,99.0,45.1,312.0,6.7029,410.0,479.0,0.999,0.0002,0.0001,-0.0042,0.0,44.8992,1.02,46.25,49.42,44.73,down,45.07,2026-09-04T15:22:19,2.31555,44.0499992370606,229.88,2026-09-04 19:44:26,2026-09-04 15:45:04
NVDA,NVDA260904C00187500,NVDA,2026-09-04,C,187.5,42.25,12.0,42.6,23.0,7.5131,99.0,379.0,0.9989,0.0002,0.0001,-0.0043,0.0,42.3993,1.66,46.97,46.97,42.53,up,43.21,2026-09-04T14:37:17,3.99518,41.5500011444092,229.88,2026-09-04 19:44:26,2026-09-04 15:45:04
NVDA,NVDA260904C00190000,NVDA,2026-09-04,C,190.0,39.7,106.0,40.1,320.0,5.9386,1123.0,373.0,0.9988,0.0003,0.0001,-0.0045,0.0,39.8995,0.87,40.41,44.48,39.92,no_change,39.92,2026-09-04T15:24:33,2.22791,39.0500011444092,229.88,2026-09-04 19:44:26,2026-09-04 15:45:04
NVDA,NVDA260904C00192500,NVDA,2026-09-04,C,192.5,37.25,102.0,37.6,341.0,6.6354,116.0,237.0,0.9987,0.0003,0.0001,-0.0046,0.0,37.3996,0.975,40.7,40.7,37.4,down,37.55,2026-09-04T15:13:19,2.66575,36.5750007629394,229.88,2026-09-04 19:44:26,2026-09-04 15:45:04
NVDA,NVDA260904C00195000,NVDA,2026-09-04,C,195.0,34.75,85.0,35.1,313.0,6.2017,946.0,278.0,0.9986,0.0004,0.0001,-0.0047,0.0,34.8997,1.025,36.0,39.1,35.08,no_change,35.1,2026-09-04T15:12:25,3.00807,34.0750007629394,229.88,2026-09-04 19:44:26,2026-09-04 15:45:04
NVDA,NVDA260904C00197500,NVDA,2026-09-04,C,197.5,32.25,76.0,32.6,357.0,5.771,990.0,72.0,0.9985,0.0004,0.0001,-0.0049,0.0,32.3999,1.5,31.65,37.01,31.65,up,33.0,2026-09-04T14:46:48,4.7619,31.5,229.88,2026-09-04 19:44:26,2026-09-04 15:45:04
NVDA,NVDA260904C00200000,NVDA,2026-09-04,C,200.0,29.75,318.0,30.0,345.0,0.0,2127.0,249.0,0.9983,0.0005,0.0001,-0.005,0.0,29.9,0.925,30.49,34.65,29.95,down,29.95,2026-09-04T15:26:22,3.18691,29.0249996185303,229.88,2026-09-04 19:44:26,2026-09-04 15:45:04
NVDA,NVDA260904C00202500,NVDA,2026-09-04,C,202.5,27.25,41.0,27.55,319.0,4.085,616.0,26.0,0.9982,0.0006,0.0001,-0.0052,0.0,27.4002,0.995,30.05,31.76,27.57,down,27.57,2026-09-04T15:20:20,3.74412,26.5749998092651,229.88,2026-09-04 19:44:26,2026-09-04 15:45:04
NVDA,NVDA260904C00205000,NVDA,2026-09-04,C,205.0,24.75,291.0,25.0,321.0,0.0,1885.0,270.0,0.998,0.0007,0.0002,-0.0053,0.0,24.9003,0.9,26.0,29.36,25.0,down,25.0,2026-09-04T15:23:06,3.73444,24.1000003814697,229.88,2026-09-04 19:44:26,2026-09-04 15:45:04
NVDA,NVDA260904C00207500,NVDA,2026-09-04,C,207.5,22.3,43.0,22.45,175.0,0.0,1369.0,144.0,0.9977,0.0009,0.0002,-0.0054,0.0,22.4004,1.005,22.5,26.79,22.5,up,22.58,2026-09-04T15:20:33,4.65817,21.5749998092651,229.88,2026-09-04 19:44:26,2026-09-04 15:45:04
NVDA,NVDA260904C00210000,NVDA,2026-09-04,C,210.0,19.8,156.0,19.95,158.0,3.0008,4570.0,1001.0,0.9974,0.0011,0.0002,-0.0056,0.0,19.9006,0.795,20.8,24.64,19.87,down,19.87,2026-09-04T15:29:01,4.16775,19.0750007629395,229.88,2026-09-04 19:44:26,2026-09-04 15:45:04
NVDA,NVDA260904C00212500,NVDA,2026-09-04,C,212.5,17.25,312.0,17.55,316.0,2.6419,2426.0,529.0,0.997,0.0014,0.0002,-0.0058,0.0,17.4007,0.83,20.3,22.04,17.43,down,17.43,2026-09-04T15:24:38,5.0,16.6000003814697,229.88,2026-09-04 19:44:26,2026-09-04 15:45:04
NVDA,NVDA260904C00215000,NVDA,2026-09-04,C,215.0,14.8,193.0,14.95,178.0,2.2834,8297.0,1927.0,0.9965,0.0018,0.0003,-0.0059,0.0,14.9009,0.77,15.7,19.64,14.85,up,14.87,2026-09-04T15:28:16,5.46099,14.0999999046326,229.88,2026-09-04 19:44:26,2026-09-04 15:45:04
NVDA,NVDA260904C00217500,NVDA,2026-09-04,C,217.5,12.3,129.0,12.45,160.0,1.9242,6053.0,1457.0,0.9958,0.0025,0.0003,-0.0061,0.0,12.4011,0.725,13.88,17.11,12.35,down,12.35,2026-09-04T15:29:01,6.23656,11.625,229.88,2026-09-04 19:44:26,2026-09-04 15:45:04
NVDA,NVDA260904C00220000,NVDA,2026-09-04,C,220.0,9.85,4.0,9.95,252.0,1.5632,33632.0,15367.0,0.9949,0.0037,0.0004,-0.0062,0.0,9.9012,0.75,11.05,14.74,9.85,up,9.9,2026-09-04T15:29:17,8.19672,9.15000009536743,229.88,2026-09-04 19:44:26,2026-09-04 15:45:04
NVDA,NVDA260904C00222500,NVDA,2026-09-04,C,222.5,7.35,51.0,7.45,245.0,1.1987,24739.0,11778.0,0.9934,0.0061,0.0005,-0.0064,0.0,7.4014,0.65,8.6,12.2,7.35,up,7.4,2026-09-04T15:29:19,9.62963,6.75,229.88,2026-09-04 19:44:26,2026-09-04 15:45:04
NVDA,NVDA260904C00225000,NVDA,2026-09-04,C,225.0,4.85,149.0,4.95,213.0,1.0656,46207.0,32010.0,0.9903,0.0122,0.0006,-0.0068,0.0,4.9018,0.37,6.05,9.73,4.88,down,4.92,2026-09-04T15:29:20,8.13187,4.54999995231628,229.88,2026-09-04 19:44:26,2026-09-04 15:45:04
NVDA,NVDA260904C00227500,NVDA,2026-09-04,C,227.5,2.37,12.0,2.41,41.0,0.5708,27522.0,29430.0,0.9655,0.0576,0.0019,-0.0179,0.0,2.4129,-0.23,3.8,7.3,2.38,no_change,2.4,2026-09-04T15:29:22,-8.74525,2.62999999523163,229.88,2026-09-04 19:44:26,2026-09-04 15:45:04
NVDA,NVDA260904C00230000,NVDA,2026-09-04,C,230.0,0.22,115.0,0.23,1.0,0.2987,70246.0,248491.0,0.4443,0.5329,0.0098,-0.2465,0.0,0.2465,-1.075,1.93,4.89,0.22,down,0.22,2026-09-04T15:29:23,-83.0116,1.29499995708466,229.88,2026-09-04 19:44:26,2026-09-04 15:45:04
NVDA,NVDA260904C00232500,NVDA,2026-09-04,C,232.5,0.0,0.0,0.01,503.0,0.4686,34372.0,594653.0,0.0211,0.0398,0.0013,-0.0098,0.0,0.0098,-0.545,0.82,2.72,0.01,no_change,0.01,2026-09-04T15:28:57,-98.1982,0.555000007152557,229.88,2026-09-04 19:44:26,2026-09-04 15:45:04
NVDA,NVDA260904C00235000,NVDA,2026-09-04,C,235.0,0.0,0.0,0.01,692.0,0.8398,92010.0,694868.0,0.0076,0.0101,0.0005,-0.005,0.0,0.005,-0.195,0.31,1.3,0.01,no_change,0.01,2026-09-04T15:29:14,-95.1219,0.204999998211861,229.88,2026-09-04 19:44:26,2026-09-04 15:45:04
NVDA,NVDA260904C00237500,NVDA,2026-09-04,C,237.5,0.0,0.0,0.01,925.0,1.1895,29500.0,224826.0,0.0055,0.0054,0.0004,-0.0049,0.0,0.0049,-0.065,0.1,0.54,0.01,no_change,0.01,2026-09-04T15:29:12,-86.6667,0.0749999992549419,229.88,2026-09-04 19:44:26,2026-09-04 15:45:04
NVDA,NVDA260904C00240000,NVDA,2026-09-04,C,240.0,0.0,0.0,0.01,787.0,1.5251,38777.0,121699.0,0.0043,0.0034,0.0003,-0.0049,0.0,0.0049,-0.025,0.06,0.21,0.01,no_change,0.01,2026-09-04T15:27:16,-71.4286,0.034999999217689,229.88,2026-09-04 19:44:26,2026-09-04 15:45:04
NVDA,NVDA260904C00242500,NVDA,2026-09-04,C,242.5,0.0,0.0,0.01,480.0,1.8501,13604.0,33457.0,0.0036,0.0024,0.0003,-0.0048,0.0,0.0048,-0.015,0.03,0.08,0.01,no_change,0.01,2026-09-04T15:21:45,-60.0,0.0249999994412065,229.88,2026-09-04 19:44:26,2026-09-04 15:45:04
NVDA,NVDA260904C00245000,NVDA,2026-09-04,C,245.0,0.0,0.0,0.01,2848.0,2.1662,68402.0,37968.0,0.0031,0.0018,0.0002,-0.0047,0.0,0.0047,-0.005,0.02,0.05,0.01,no_change,0.01,2026-09-04T15:27:29,-33.3333,0.0149999996647239,229.88,2026-09-04 19:44:26,2026-09-04 15:45:04
NVDA,NVDA260904C00247500,NVDA,2026-09-04,C,247.5,0.0,0.0,0.01,780.0,2.4748,4455.0,5083.0,0.0027,0.0014,0.0002,-0.0046,0.0,0.0046,-0.005,0.02,0.02,0.01,no_change,0.01,2026-09-04T14:37:40,-33.3333,0.0149999996647239,229.88,2026-09-04 19:44:26,2026-09-04 15:45:04
NVDA,NVDA260904C00250000,NVDA,2026-09-04,C,250.0,0.0,0.0,0.01,7233.0,2.7767,19287.0,838.0,0.0024,0.0011,0.0002,-0.0046,0.0,0.0046,0.005,0.01,0.01,0.01,no_change,0.01,2026-09-04T15:25:11,100.0,0.00499999988824129,229.88,2026-09-04 19:44:26,2026-09-04 15:45:04
NVDA,NVDA260904C00252500,NVDA,2026-09-04,C,252.5,0.0,0.0,0.01,580.0,3.0726,2735.0,94.0,0.0022,0.0009,0.0002,-0.0045,0.0,0.0045,0.005,0.02,0.02,0.01,no_change,0.01,2026-09-04T13:53:12,100.0,0.00499999988824129,229.88,2026-09-04 19:44:26,2026-09-04 15:45:04
NVDA,NVDA260904C00255000,NVDA,2026-09-04,C,255.0,0.0,0.0,0.01,717.0,3.363,7879.0,77.0,0.002,0.0008,0.0001,-0.0045,0.0,0.0045,0.005,0.01,0.04,0.01,no_change,0.01,2026-09-04T14:58:28,100.0,0.00499999988824129,229.88,2026-09-04 19:44:26,2026-09-04 15:45:04
NVDA,NVDA260904C00257500,NVDA,2026-09-04,C,257.5,0.0,0.0,0.01,6046.0,3.6483,4619.0,1119.0,0.0018,0.0006,0.0001,-0.0044,0.0,0.0044,0.005,0.01,0.01,0.01,no_change,0.01,2026-09-04T14:06:43,100.0,0.00499999988824129,229.88,2026-09-04 19:44:26,2026-09-04 15:45:04
NVDA,NVDA260904C00260000,NVDA,2026-09-04,C,260.0,0.0,0.0,0.01,17443.0,3.9287,12003.0,87.0,0.0017,0.0006,0.0001,-0.0043,0.0,0.0043,0.005,0.01,0.01,0.01,no_change,0.01,2026-09-04T15:23:42,100.0,0.00499999988824129,229.88,2026-09-04 19:44:26,2026-09-04 15:45:04
NVDA,NVDA260904C00262500,NVDA,2026-09-04,C,262.5,0.0,0.0,0.01,870.0,4.2046,1310.0,0.0,0.0016,0.0005,0.0001,-0.0043,0.0,0.0043,0.0,0.0,0.0,0.0,no_change,0.01,2026-09-03T12:57:13,0.0,0.00499999988824129,229.88,2026-09-04 19:44:26,2026-09-04 15:45:04
NVDA,NVDA260904C00265000,NVDA,2026-09-04,C,265.0,0.0,0.0,0.01,1470.0,4.4763,7993.0,192.0,0.0015,0.0004,0.0001,-0.0042,0.0,0.0042,0.005,0.01,0.01,0.01,no_change,0.01,2026-09-04T12:50:50,100.0,0.00499999988824129,229.88,2026-09-04 19:44:26,2026-09-04 15:45:04
NVDA,NVDA260904C00270000,NVDA,2026-09-04,C,270.0,0.0,0.0,0.01,1872.0,5.0077,6533.0,133.0,0.0013,0.0004,0.0001,-0.0041,0.0,0.0041,0.005,0.01,0.02,0.01,no_change,0.01,2026-09-04T14:34:05,100.0,0.00499999988824129,229.88,2026-09-04 19:44:26,2026-09-04 15:45:04
NVDA,NVDA260904C00275000,NVDA,2026-09-04,C,275.0,0.0,0.0,0.01,2320.0,5.5243,3362.0,0.0,0.0012,0.0003,0.0001,-0.004,0.0,0.004,0.0,0.0,0.0,0.0,no_change,0.01,2026-09-03T13:56:22,0.0,0.00499999988824129,229.88,2026-09-04 19:44:26,2026-09-04 15:45:04
NVDA,NVDA260904C00280000,NVDA,2026-09-04,C,280.0,0.0,0.0,0.01,19214.0,6.0274,3624.0,1.0,0.001,0.0002,0.0001,-0.0039,0.0,0.0039,0.005,0.01,0.01,0.01,no_change,0.01,2026-09-04T10:00:10,100.0,0.00499999988824129,229.88,2026-09-04 19:44:26,2026-09-04 15:45:04
NVDA,NVDA260904C00285000,NVDA,2026-09-04,C,285.0,0.0,0.0,0.01,3480.0,6.5178,4028.0,0.0,0.001,0.0002,0.0001,-0.0038,0.0,0.0038,0.0,0.0,0.0,0.0,no_change,0.01,2026-09-02T11:21:32,0.0,0.00499999988824129,229.88,2026-09-04 19:44:26,2026-09-04 15:45:04
NVDA,NVDA260904C00290000,NVDA,2026-09-04,C,290.0,0.0,0.0,0.01,3915.0,6.9963,490.0,0.0,0.0009,0.0002,0.0001,-0.0037,0.0,0.0037,0.0,0.0,0.0,0.0,no_change,0.01,2026-08-31T09:34:00,0.0,0.00499999988824129,229.88,2026-09-04 19:44:26,2026-09-04 15:45:04
NVDA,NVDA260904C00295000,NVDA,2026-09-04,C,295.0,0.0,0.0,0.01,14537.0,7.4636,1345.0,0.0,0.0008,0.0002,0.0001,-0.0036,0.0,0.0036,0.0,0.0,0.0,0.0,no_change,0.01,2026-09-02T12:41:10,0.0,0.00499999988824129,229.88,2026-09-04 19:44:26,2026-09-04 15:45:04
NVDA,NVDA260904C00300000,NVDA,2026-09-04,C,300.0,0.0,0.0,0.01,20785.0,7.9203,2736.0,1.0,0.0008,0.0001,0.0001,-0.0035,0.0,0.0035,0.005,0.01,0.01,0.01,no_change,0.01,2026-09-04T09:30:01,100.0,0.00499999988824129,229.88,2026-09-04 19:44:26,2026-09-04 15:45:04
NVDA,NVDA260904C00305000,NVDA,2026-09-04,C,305.0,0.0,0.0,0.01,396.0,8.3671,406.0,0.0,0.0007,0.0001,0.0001,-0.0035,0.0,0.0035,0.0,0.0,0.0,0.0,down,0.01,2026-08-28T15:02:57,0.0,0.00499999988824129,229.88,2026-09-04 19:44:26,2026-09-04 15:45:04
NVDA,NVDA260904C00310000,NVDA,2026-09-04,C,310.0,0.0,0.0,0.01,13361.0,0.0,287.0,0.0,0.0007,0.0001,0.0,-0.0034,0.0,0.0034,0.0,0.0,0.0,0.0,no_change,0.01,2026-08-28T10:46:02,0.0,0.00499999988824129,229.88,2026-09-04 19:44:26,2026-09-04 15:45:04
NVDA,NVDA260904C00315000,NVDA,2026-09-04,C,315.0,0.0,0.0,0.01,395.0,0.0,658.0,0.0,0.0006,0.0001,0.0,-0.0033,0.0,0.0033,0.0,0.0,0.0,0.0,no_change,0.01,2026-08-31T09:30:02,0.0,0.00499999988824129,229.88,2026-09-04 19:44:26,2026-09-04 15:45:04
NVDA,NVDA260904C00320000,NVDA,2026-09-04,C,320.0,0.0,0.0,0.01,398.0,0.0,63.0,0.0,0.0006,0.0001,0.0,-0.0032,0.0,0.0032,0.0,0.0,0.0,0.0,no_change,0.01,2026-09-01T10:06:32,0.0,0.00499999988824129,229.88,2026-09-04 19:44:26,2026-09-04 15:45:04
NVDA,NVDA260904C00325000,NVDA,2026-09-04,C,325.0,0.0,0.0,0.01,395.0,0.0,66.0,0.0,0.0006,0.0001,0.0,-0.0032,0.0,0.0031,0.0,0.0,0.0,0.0,no_change,0.01,2026-08-27T14:13:03,0.0,0.00499999988824129,229.88,2026-09-04 19:44:26,2026-09-04 15:45:04
NVDA,NVDA260904C00330000,NVDA,2026-09-04,C,330.0,0.0,0.0,0.01,385.0,0.0,68.0,0.0,0.0005,0.0001,0.0,-0.0031,0.0,0.0031,0.0,0.0,0.0,0.0,no_change,0.01,2026-08-27T11:21:44,0.0,0.00499999988824129,229.88,2026-09-04 19:44:26,2026-09-04 15:45:04
NVDA,NVDA260904C00335000,NVDA,2026-09-04,C,335.0,0.0,0.0,0.01,381.0,0.0,163.0,0.0,0.0005,0.0001,0.0,-0.003,0.0,0.003,0.0,0.0,0.0,0.0,down,0.01,2026-09-02T14:24:55,0.0,0.00499999988824129,229.88,2026-09-04 19:44:26,2026-09-04 15:45:04
NVDA,NVDA260904C00340000,NVDA,2026-09-04,C,340.0,0.0,0.0,0.01,370.0,0.0,276.0,0.0,0.0005,0.0001,0.0,-0.0029,0.0,0.0029,0.0,0.0,0.0,0.0,down,0.02,2026-08-26T14:11:35,0.0,0.00499999988824129,229.88,2026-09-04 19:44:26,2026-09-04 15:45:04
NVDA,NVDA260904C00345000,NVDA,2026-09-04,C,345.0,0.0,0.0,0.01,370.0,0.0,329.0,0.0,0.0004,0.0001,0.0,-0.0029,0.0,0.0029,0.0,0.0,0.0,0.0,down,0.01,2026-08-25T12:24:55,0.0,0.00499999988824129,229.88,2026-09-04 19:44:26,2026-09-04 15:45:04
NVDA,NVDA260904C00350000,NVDA,2026-09-04,C,350.0,0.0,0.0,0.01,370.0,0.0,41.0,0.0,0.0004,0.0,0.0,-0.0028,0.0,0.0028,0.0,0.0,0.0,0.0,no_change,0.01,2026-08-27T09:41:32,0.0,0.00499999988824129,229.88,2026-09-04 19:44:26,2026-09-04 15:45:04
NVDA,NVDA260904C00360000,NVDA,2026-09-04,C,360.0,0.0,0.0,0.01,378.0,0.0,11.0,0.0,0.0004,0.0,0.0,-0.0027,0.0,0.0027,0.0,0.0,0.0,0.0,down,0.02,2026-08-27T14:14:08,0.0,0.00499999988824129,229.88,2026-09-04 19:44:26,2026-09-04 15:45:04
NVDA,NVDA260904C00370000,NVDA,2026-09-04,C,370.0,0.0,0.0,0.01,368.0,0.0,5.0,0.0,0.0004,0.0,0.0,-0.0026,0.0,0.0026,0.0,0.0,0.0,0.0,no_change,0.03,2026-08-19T09:30:00,0.0,0.00499999988824129,229.88,2026-09-04 19:44:26,2026-09-04 15:45:04
NVDA,NVDA260904C00380000,NVDA,2026-09-04,C,380.0,0.0,0.0,0.01,456.0,0.0,40.0,30.0,0.0003,0.0,0.0,-0.0025,0.0,0.0025,0.005,0.01,0.01,0.01,no_change,0.01,2026-09-04T13:45:01,100.0,0.00499999988824129,229.88,2026-09-04 19:44:26,2026-09-04 15:45:04
NVDA,NVDA260904C00390000,NVDA,2026-09-04,C,390.0,0.0,0.0,0.01,1246.0,0.0,543.0,3.0,0.0003,0.0,0.0,-0.0024,0.0,0.0024,0.005,0.01,0.01,0.01,no_change,0.01,2026-09-04T09:38:22,100.0,0.00499999988824129,229.88,2026-09-04 19:44:26,2026-09-04 15:45:04
NVDA,NVDA260904C00400000,NVDA,2026-09-04,C,400.0,0.0,0.0,0.01,31368.0,0.0,73.0,11.0,0.0003,0.0,0.0,-0.0023,0.0,0.0023,0.005,0.01,0.01,0.01,no_change,0.01,2026-09-04T12:40:06,100.0,0.00499999988824129,229.88,2026-09-04 19:44:26,2026-09-04 15:45:04
NVDA,NVDA260904P00050000,NVDA,2026-09-04,P,50.0,0.0,0.0,0.01,4350.0,0.0,13.0,0.0,0.0,0.0,0.0,-0.0001,0.0,0.0001,0.0,0.0,0.0,0.0,no_change,0.01,2026-09-02T13:24:36,0.0,0.00499999988824129,229.88,2026-09-04 19:44:26,2026-09-04 15:45:04
NVDA,NVDA260904P00055000,NVDA,2026-09-04,P,55.0,0.0,0.0,0.01,2175.0,0.0,0.0,0.0,0.0,0.0,0.0,-0.0001,0.0,0.0001,0.0,0.0,0.0,0.0,no_change,0.0,,0.0,0.00499999988824129,229.88,2026-09-04 19:44:26,2026-09-04 15:45:04
NVDA,NVDA260904P00060000,NVDA,2026-09-04,P,60.0,0.0,0.0,0.01,2175.0,0.0,0.0,0.0,0.0,0.0,0.0,-0.0002,0.0,0.0002,0.0,0.0,0.0,0.0,no_change,0.0,,0.0,0.00499999988824129,229.88,2026-09-04 19:44:26,2026-09-04 15:45:04
NVDA,NVDA260904P00065000,NVDA,2026-09-04,P,65.0,0.0,0.0,0.01,2175.0,0.0,10.0,0.0,0.0,0.0,0.0,-0.0002,0.0,0.0003,0.0,0.0,0.0,0.0,up,0.02,2026-08-14T10:49:35,0.0,0.00499999988824129,229.88,2026-09-04 19:44:26,2026-09-04 15:45:04
NVDA,NVDA260904P00070000,NVDA,2026-09-04,P,70.0,0.0,0.0,0.01,2181.0,0.0,152.0,0.0,0.0,0.0,0.0,-0.0003,0.0,0.0003,0.0,0.0,0.0,0.0,no_change,0.01,2026-08-24T13:24:13,0.0,0.00499999988824129,229.88,2026-09-04 19:44:26,2026-09-04 15:45:04
NVDA,NVDA260904P00075000,NVDA,2026-09-04,P,75.0,0.0,0.0,0.01,2187.0,0.0,479.0,0.0,0.0,0.0,0.0,-0.0004,0.0,0.0004,0.0,0.0,0.0,0.0,down,0.01,2026-08-24T15:57:49,0.0,0.00499999988824129,229.88,2026-09-04 19:44:26,2026-09-04 15:45:04
NVDA,NVDA260904P00080000,NVDA,2026-09-04,P,80.0,0.0,0.0,0.01,1674.0,0.0,686.0,0.0,0.0,0.0,0.0,-0.0005,0.0,0.0005,0.0,0.0,0.0,0.0,no_change,0.01,2026-08-26T13:41:46,0.0,0.00499999988824129,229.88,2026-09-04 19:44:26,2026-09-04 15:45:04
NVDA,NVDA260904P00085000,NVDA,2026-09-04,P,85.0,0.0,0.0,0.01,1660.0,0.0,2189.0,0.0,0.0,0.0,0.0,-0.0006,0.0,0.0006,0.0,0.0,0.0,0.0,no_change,0.01,2026-08-26T15:39:14,0.0,0.00499999988824129,229.88,2026-09-04 19:44:26,2026-09-04 15:45:04
NVDA,NVDA260904P00090000,NVDA,2026-09-04,P,90.0,0.0,0.0,0.01,1123.0,0.0,812.0,0.0,-0.0001,0.0,0.0,-0.0007,0.0,0.0007,0.0,0.0,0.0,0.0,no_change,0.01,2026-08-27T14:50:53,0.0,0.00499999988824129,229.88,2026-09-04 19:44:26,2026-09-04 15:45:04
NVDA,NVDA260904P00095000,NVDA,2026-09-04,P,95.0,0.0,0.0,0.01,1138.0,0.0,1808.0,0.0,-0.0001,0.0,0.0,-0.0008,0.0,0.0008,0.0,0.0,0.0,0.0,up,0.02,2026-08-26T15:50:00,0.0,0.00499999988824129,229.88,2026-09-04 19:44:26,2026-09-04 15:45:04
NVDA,NVDA260904P00100000,NVDA,2026-09-04,P,100.0,0.0,0.0,0.01,4350.0,0.0,5496.0,0.0,-0.0001,0.0,0.0,-0.0009,0.0,0.0009,0.0,0.0,0.0,0.0,no_change,0.01,2026-09-03T12:52:38,0.0,0.00499999988824129,229.88,2026-09-04 19:44:26,2026-09-04 15:45:04
NVDA,NVDA260904P00105000,NVDA,2026-09-04,P,105.0,0.0,0.0,0.01,20612.0,0.0,16644.0,2.0,-0.0001,0.0,0.0,-0.001,0.0,0.001,0.005,0.01,0.01,0.01,no_change,0.01,2026-09-04T09:30:10,100.0,0.00499999988824129,229.88,2026-09-04 19:44:26,2026-09-04 15:45:04
NVDA,NVDA260904P00110000,NVDA,2026-09-04,P,110.0,0.0,0.0,0.01,9286.0,0.0,12794.0,1.0,-0.0001,0.0,0.0,-0.0012,0.0,0.0012,0.005,0.01,0.01,0.01,no_change,0.01,2026-09-04T09:36:59,100.0,0.00499999988824129,229.88,2026-09-04 19:44:26,2026-09-04 15:45:04
NVDA,NVDA260904P00115000,NVDA,2026-09-04,P,115.0,0.0,0.0,0.01,9276.0,0.0,40583.0,0.0,-0.0001,0.0,0.0,-0.0013,0.0,0.0013,0.0,0.0,0.0,0.0,no_change,0.01,2026-09-03T09:33:14,0.0,0.00499999988824129,229.88,2026-09-04 19:44:26,2026-09-04 15:45:04
NVDA,NVDA260904P00120000,NVDA,2026-09-04,P,120.0,0.0,0.0,0.01,4350.0,0.0,4785.0,0.0,-0.0001,0.0,0.0,-0.0015,0.0,0.0015,0.0,0.0,0.0,0.0,no_change,0.01,2026-09-01T09:48:33,0.0,0.00499999988824129,229.88,2026-09-04 19:44:26,2026-09-04 15:45:04
NVDA,NVDA260904P00125000,NVDA,2026-09-04,P,125.0,0.0,0.0,0.01,18201.0,0.0,15160.0,0.0,-0.0002,0.0,0.0,-0.0016,0.0,0.0016,0.0,0.0,0.0,0.0,no_change,0.01,2026-09-02T15:06:27,0.0,0.00499999988824129,229.88,2026-09-04 19:44:26,2026-09-04 15:45:04
NVDA,NVDA260904P00130000,NVDA,2026-09-04,P,130.0,0.0,0.0,0.01,4350.0,0.0,3735.0,0.0,-0.0002,0.0,0.0,-0.0018,0.0,0.0018,0.0,0.0,0.0,0.0,no_change,0.01,2026-09-03T15:36:27,0.0,0.00499999988824129,229.88,2026-09-04 19:44:26,2026-09-04 15:45:04
NVDA,NVDA260904P00135000,NVDA,2026-09-04,P,135.0,0.0,0.0,0.01,22291.0,0.0,18354.0,1.0,-0.0002,0.0,0.0,-0.002,0.0,0.002,0.005,0.01,0.01,0.01,no_change,0.01,2026-09-04T09:44:52,100.0,0.00499999988824129,229.88,2026-09-04 19:44:26,2026-09-04 15:45:04
NVDA,NVDA260904P00140000,NVDA,2026-09-04,P,140.0,0.0,0.0,0.01,4350.0,0.0,34769.0,0.0,-0.0003,0.0,0.0,-0.0022,0.0,0.0022,0.0,0.0,0.0,0.0,no_change,0.01,2026-09-03T15:50:44,0.0,0.00499999988824129,229.88,2026-09-04 19:44:26,2026-09-04 15:45:04
NVDA,NVDA260904P00145000,NVDA,2026-09-04,P,145.0,0.0,0.0,0.01,14101.0,0.0,55388.0,5.0,-0.0003,0.0,0.0,-0.0024,0.0,0.0024,0.005,0.01,0.01,0.01,no_change,0.01,2026-09-04T13:31:49,100.0,0.00499999988824129,229.88,2026-09-04 19:44:26,2026-09-04 15:45:04
NVDA,NVDA260904P00150000,NVDA,2026-09-04,P,150.0,0.0,0.0,0.01,3480.0,0.0,11448.0,1.0,-0.0004,0.0,0.0,-0.0026,0.0,0.0026,0.005,0.01,0.01,0.01,no_change,0.01,2026-09-04T15:28:14,100.0,0.00499999988824129,229.88,2026-09-04 19:44:26,2026-09-04 15:45:04
NVDA,NVDA260904P00155000,NVDA,2026-09-04,P,155.0,0.0,0.0,0.01,2816.0,0.0,8702.0,102.0,-0.0004,0.0,0.0,-0.0028,0.0,0.0028,-0.005,0.01,0.01,0.01,no_change,0.01,2026-09-04T15:13:23,-33.3333,0.0149999996647239,229.88,2026-09-04 19:44:26,2026-09-04 15:45:04
NVDA,NVDA260904P00160000,NVDA,2026-09-04,P,160.0,0.0,0.0,0.01,2190.0,0.0,15087.0,150.0,-0.0005,0.0001,0.0,-0.003,0.0,0.003,-0.005,0.01,0.01,0.01,no_change,0.01,2026-09-04T10:56:49,-33.3333,0.0149999996647239,229.88,2026-09-04 19:44:26,2026-09-04 15:45:04
NVDA,NVDA260904P00165000,NVDA,2026-09-04,P,165.0,0.0,0.0,0.01,13670.0,0.0,15802.0,88.0,-0.0006,0.0001,0.0,-0.0032,0.0,0.0032,-0.005,0.01,0.01,0.01,no_change,0.01,2026-09-04T14:31:02,-33.3333,0.0149999996647239,229.88,2026-09-04 19:44:26,2026-09-04 15:45:04
NVDA,NVDA260904P00170000,NVDA,2026-09-04,P,170.0,0.0,0.0,0.01,1602.0,0.0,22539.0,652.0,-0.0006,0.0001,0.0,-0.0035,0.0,0.0035,-0.005,0.01,0.01,0.01,no_change,0.01,2026-09-04T10:53:07,-33.3333,0.0149999996647239,229.88,2026-09-04 19:44:26,2026-09-04 15:45:04
NVDA,NVDA260904P00175000,NVDA,2026-09-04,P,175.0,0.0,0.0,0.01,13830.0,8.2798,17688.0,2032.0,-0.0007,0.0001,0.0001,-0.0037,0.0,0.0037,-0.015,0.01,0.01,0.01,no_change,0.01,2026-09-04T14:40:02,-60.0,0.0249999994412065,229.88,2026-09-04 19:44:26,2026-09-04 15:45:04
NVDA,NVDA260904P00180000,NVDA,2026-09-04,P,180.0,0.0,0.0,0.01,13830.0,7.4827,20296.0,638.0,-0.0008,0.0002,0.0001,-0.004,0.0,0.004,-0.015,0.01,0.02,0.01,no_change,0.01,2026-09-04T15:13:17,-60.0,0.0249999994412065,229.88,2026-09-04 19:44:26,2026-09-04 15:45:04
NVDA,NVDA260904P00182500,NVDA,2026-09-04,P,182.5,0.0,0.0,0.01,855.0,7.0908,6635.0,307.0,-0.0009,0.0002,0.0001,-0.0041,0.0,0.0041,-0.015,0.01,0.01,0.01,no_change,0.01,2026-09-04T14:36:41,-60.0,0.0249999994412065,229.88,2026-09-04 19:44:26,2026-09-04 15:45:04
NVDA,NVDA260904P00185000,NVDA,2026-09-04,P,185.0,0.0,0.0,0.01,13716.0,6.7029,17231.0,980.0,-0.001,0.0002,0.0001,-0.0042,0.0,0.0042,-0.015,0.01,0.02,0.01,no_change,0.01,2026-09-04T15:27:47,-60.0,0.0249999994412065,229.88,2026-09-04 19:44:26,2026-09-04 15:45:04
NVDA,NVDA260904P00187500,NVDA,2026-09-04,P,187.5,0.0,0.0,0.01,1095.0,6.3189,14202.0,1810.0,-0.0011,0.0002,0.0001,-0.0043,0.0,0.0043,-0.015,0.01,0.01,0.01,no_change,0.01,2026-09-04T14:35:55,-60.0,0.0249999994412065,229.88,2026-09-04 19:44:26,2026-09-04 15:45:04
NVDA,NVDA260904P00190000,NVDA,2026-09-04,P,190.0,0.0,0.0,0.01,13824.0,5.9386,37287.0,2602.0,-0.0012,0.0003,0.0001,-0.0045,0.0,0.0045,-0.015,0.01,0.02,0.01,no_change,0.01,2026-09-04T15:19:51,-60.0,0.0249999994412065,229.88,2026-09-04 19:44:26,2026-09-04 15:45:04
NVDA,NVDA260904P00192500,NVDA,2026-09-04,P,192.5,0.0,0.0,0.01,11642.0,5.5619,7421.0,3270.0,-0.0013,0.0003,0.0001,-0.0046,0.0,0.0046,-0.025,0.01,0.02,0.01,no_change,0.01,2026-09-04T14:34:26,-71.4286,0.034999999217689,229.88,2026-09-04 19:44:26,2026-09-04 15:45:04
NVDA,NVDA260904P00195000,NVDA,2026-09-04,P,195.0,0.0,0.0,0.01,11599.0,5.1884,26995.0,6047.0,-0.0014,0.0004,0.0001,-0.0047,0.0,0.0047,-0.025,0.02,0.02,0.01,no_change,0.01,2026-09-04T15:28:04,-71.4286,0.034999999217689,229.88,2026-09-04 19:44:26,2026-09-04 15:45:04
NVDA,NVDA260904P00197500,NVDA,2026-09-04,P,197.5,0.0,0.0,0.01,924.0,4.8179,11764.0,2313.0,-0.0015,0.0004,0.0001,-0.0049,0.0,0.0049,-0.025,0.03,0.03,0.01,no_change,0.01,2026-09-04T15:25:15,-71.4286,0.034999999217689,229.88,2026-09-04 19:44:26,2026-09-04 15:45:04
NVDA,NVDA260904P00200000,NVDA,2026-09-04,P,200.0,0.0,0.0,0.01,1172.0,4.4502,23810.0,3184.0,-0.0017,0.0005,0.0001,-0.005,0.0,0.005,-0.03,0.01,0.02,0.01,no_change,0.01,2026-09-04T15:17:17,-75.0,0.0400000000372529,229.88,2026-09-04 19:44:26,2026-09-04 15:45:04
NVDA,NVDA260904P00202500,NVDA,2026-09-04,P,202.5,0.0,0.0,0.01,1303.0,4.085,13774.0,2255.0,-0.0018,0.0006,0.0001,-0.0052,0.0,0.0052,-0.035,0.01,0.02,0.01,no_change,0.01,2026-09-04T15:20:59,-77.7778,0.0449999999254942,229.88,2026-09-04 19:44:26,2026-09-04 15:45:04
NVDA,NVDA260904P00205000,NVDA,2026-09-04,P,205.0,0.0,0.0,0.01,858.0,3.7219,14263.0,4194.0,-0.002,0.0007,0.0002,-0.0053,0.0,0.0053,-0.035,0.02,0.06,0.01,no_change,0.01,2026-09-04T15:18:50,-77.7778,0.0449999999254942,229.88,2026-09-04 19:44:26,2026-09-04 15:45:04
NVDA,NVDA260904P00207500,NVDA,2026-09-04,P,207.5,0.0,0.0,0.01,724.0,3.3606,14993.0,2413.0,-0.0023,0.0009,0.0002,-0.0054,0.0,0.0054,-0.035,0.01,0.03,0.01,no_change,0.01,2026-09-04T15:29:07,-77.7778,0.0449999999254942,229.88,2026-09-04 19:44:26,2026-09-04 15:45:04
NVDA,NVDA260904P00210000,NVDA,2026-09-04,P,210.0,0.0,0.0,0.01,553.0,3.0008,19509.0,4372.0,-0.0026,0.0011,0.0002,-0.0056,0.0,0.0056,-0.035,0.14,0.14,0.01,no_change,0.01,2026-09-04T15:28:13,-77.7778,0.0449999999254942,229.88,2026-09-04 19:44:26,2026-09-04 15:45:04
NVDA,NVDA260904P00212500,NVDA,2026-09-04,P,212.5,0.0,0.0,0.01,390.0,2.6419,11066.0,5999.0,-0.003,0.0014,0.0002,-0.0058,0.0,0.0057,-0.045,0.04,0.04,0.01,no_change,0.01,2026-09-04T15:20:38,-81.8182,0.0549999997019768,229.88,2026-09-04 19:44:26,2026-09-04 15:45:04
NVDA,NVDA260904P00215000,NVDA,2026-09-04,P,215.0,0.0,0.0,0.01,397.0,2.2834,18188.0,6951.0,-0.0035,0.0018,0.0003,-0.0059,0.0,0.0059,-0.045,0.04,0.05,0.01,no_change,0.01,2026-09-04T15:25:13,-81.8182,0.0549999997019768,229.88,2026-09-04 19:44:26,2026-09-04 15:45:04
NVDA,NVDA260904P00217500,NVDA,2026-09-04,P,217.5,0.0,0.0,0.01,366.0,1.9242,13465.0,7441.0,-0.0042,0.0025,0.0003,-0.0061,0.0,0.0061,-0.055,0.04,0.05,0.01,no_change,0.01,2026-09-04T15:26:28,-84.6154,0.0649999994784594,229.88,2026-09-04 19:44:26,2026-09-04 15:45:04
NVDA,NVDA260904P00220000,NVDA,2026-09-04,P,220.0,0.0,0.0,0.01,435.0,1.5632,30119.0,11467.0,-0.0051,0.0037,0.0004,-0.0062,0.0,0.0062,-0.075,0.05,0.06,0.01,no_change,0.01,2026-09-04T15:28:32,-88.2353,0.0850000008940697,229.88,2026-09-04 19:44:26,2026-09-04 15:45:04
NVDA,NVDA260904P00222500,NVDA,2026-09-04,P,222.5,0.0,0.0,0.01,258.0,1.1987,18949.0,18028.0,-0.0066,0.0061,0.0005,-0.0064,0.0,0.0064,-0.175,0.04,0.08,0.01,no_change,0.01,2026-09-04T15:25:22,-94.5946,0.185000002384186,229.88,2026-09-04 19:44:26,2026-09-04 15:45:04
NVDA,NVDA260904P00225000,NVDA,2026-09-04,P,225.0,0.01,182.0,0.02,398.0,0.9555,24036.0,62879.0,-0.0097,0.0122,0.0006,-0.0068,0.0,0.0068,-0.445,0.4,0.4,0.01,no_change,0.01,2026-09-04T15:28:35,-97.8022,0.454999998211861,229.88,2026-09-04 19:44:26,2026-09-04 15:45:04
NVDA,NVDA260904P00227500,NVDA,2026-09-04,P,227.5,0.01,590.0,0.02,502.0,0.5204,15540.0,109189.0,-0.0345,0.0576,0.0019,-0.0179,0.0,0.0179,-1.045,0.45,0.66,0.01,no_change,0.02,2026-09-04T15:29:17,-98.1221,1.06499999761581,229.88,2026-09-04 19:44:26,2026-09-04 15:45:04
NVDA,NVDA260904P00230000,NVDA,2026-09-04,P,230.0,0.34,186.0,0.36,109.0,0.2833,7716.0,471136.0,-0.5557,0.5329,0.0098,-0.2465,0.0,0.3515,-1.89,1.63,1.63,0.11,down,0.34,2026-09-04T15:29:26,-84.7534,2.23000001907349,229.88,2026-09-04 19:44:26,2026-09-04 15:45:04
NVDA,NVDA260904P00232500,NVDA,2026-09-04,P,232.5,2.6,34.0,2.63,5.0,0.552,6256.0,237153.0,-0.9789,0.0398,0.0013,-0.0098,0.0,2.6148,-1.355,2.82,3.15,0.4,up,2.62,2026-09-04T15:29:25,-34.0881,3.97500014305115,229.88,2026-09-04 19:44:26,2026-09-04 15:45:04
NVDA,NVDA260904P00235000,NVDA,2026-09-04,P,235.0,5.05,183.0,5.15,17.0,0.0,9958.0,52581.0,-0.9924,0.0101,0.0005,-0.005,0.0,5.11,-1.05,4.65,5.35,1.3,no_change,5.1,2026-09-04T15:29:17,-17.0732,6.14999985694885,229.88,2026-09-04 19:44:26,2026-09-04 15:45:04
NVDA,NVDA260904P00237500,NVDA,2026-09-04,P,237.5,7.55,43.0,7.7,51.0,0.0,17.0,2979.0,-0.9945,0.0054,0.0004,-0.0049,0.0,7.6099,-0.825,7.65,7.65,3.0,up,7.65,2026-09-04T15:29:01,-9.73451,8.47499990463257,229.88,2026-09-04 19:44:26,2026-09-04 15:45:04
NVDA,NVDA260904P00240000,NVDA,2026-09-04,P,240.0,10.05,37.0,10.2,63.0,0.0,40.0,5245.0,-0.9957,0.0034,0.0003,-0.0049,0.0,10.1099,-0.75,7.75,10.15,5.45,up,10.15,2026-09-04T15:29:01,-6.88073,10.9000000953674,229.88,2026-09-04 19:44:26,2026-09-04 15:45:04
NVDA,NVDA260904P00242500,NVDA,2026-09-04,P,242.5,12.55,41.0,12.65,1.0,0.0,1.0,2114.0,-0.9964,0.0024,0.0003,-0.0048,0.0,12.6098,-1.115,10.3,12.65,8.0,down,12.46,2026-09-04T15:21:40,-8.21363,13.5749998092651,229.88,2026-09-04 19:44:26,2026-09-04 15:45:04
NVDA,NVDA260904P00245000,NVDA,2026-09-04,P,245.0,15.05,35.0,15.2,63.0,0.0,0.0,2794.0,-0.9969,0.0018,0.0002,-0.0047,0.0,15.1097,-1.135,12.45,15.0,10.55,down,14.94,2026-09-04T15:20:41,-7.06065,16.0749998092651,229.88,2026-09-04 19:44:26,2026-09-04 15:45:04
NVDA,NVDA260904P00247500,NVDA,2026-09-04,P,247.5,17.55,25.0,17.7,25.0,0.0,1.0,940.0,-0.9973,0.0014,0.0002,-0.0046,0.0,17.6096,-1.805,14.86,16.8,13.0,up,16.77,2026-09-04T13:30:16,-9.71736,18.5749998092651,229.88,2026-09-04 19:44:26,2026-09-04 15:45:04
NVDA,NVDA260904P00250000,NVDA,2026-09-04,P,250.0,20.05,25.0,20.2,35.0,0.0,1.0,1724.0,-0.9976,0.0011,0.0002,-0.0046,0.0,20.1096,-1.075,17.07,20.0,15.3,up,20.0,2026-09-04T14:00:42,-5.10083,21.0749998092651,229.88,2026-09-04 19:44:26,2026-09-04 15:45:04
NVDA,NVDA260904P00252500,NVDA,2026-09-04,P,252.5,22.55,26.0,22.7,29.0,0.0,0.0,448.0,-0.9978,0.0009,0.0002,-0.0045,0.0,22.6095,-1.385,19.71,22.19,18.05,up,22.19,2026-09-04T13:59:34,-5.87487,23.5749998092651,229.88,2026-09-04 19:44:26,2026-09-04 15:45:04
NVDA,NVDA260904P00255000,NVDA,2026-09-04,P,255.0,24.95,84.0,25.25,83.0,0.0,0.0,57.0,-0.998,0.0008,0.0001,-0.0045,0.0,25.1095,-1.33,20.69,24.92,20.64,up,24.92,2026-09-04T13:53:22,-5.06667,26.25,229.88,2026-09-04 19:44:26,2026-09-04 15:45:04
NVDA,NVDA260904P00257500,NVDA,2026-09-04,P,257.5,27.4,108.0,27.8,107.0,0.0,0.0,15.0,-0.9982,0.0006,0.0001,-0.0044,0.0,27.6094,-1.87,24.0,26.78,23.48,up,26.78,2026-09-04T13:22:53,-6.52705,28.6499996185303,229.88,2026-09-04 19:44:26,2026-09-04 15:45:04
NVDA,NVDA260904P00260000,NVDA,2026-09-04,P,260.0,29.9,100.0,30.35,45.0,0.0,0.0,18.0,-0.9983,0.0006,0.0001,-0.0043,0.0,30.1093,-1.115,26.6,29.96,26.0,up,29.96,2026-09-04T15:11:22,-3.58809,31.0749998092651,229.88,2026-09-04 19:44:26,2026-09-04 15:45:04
NVDA,NVDA260904P00262500,NVDA,2026-09-04,P,262.5,32.4,19.0,32.75,7.0,0.0,0.0,11.0,-0.9984,0.0005,0.0001,-0.0043,0.0,32.6093,-1.135,31.95,32.44,31.95,up,32.44,2026-09-04T15:11:22,-3.38049,33.5750007629394,229.88,2026-09-04 19:44:26,2026-09-04 15:45:04
NVDA,NVDA260904P00265000,NVDA,2026-09-04,P,265.0,34.9,32.0,35.3,23.0,0.0,0.0,4.0,-0.9985,0.0004,0.0001,-0.0042,0.0,35.1092,-1.56,34.29,34.49,34.26,up,34.49,2026-09-04T13:30:54,-4.32732,36.0499992370606,229.88,2026-09-04 19:44:26,2026-09-04 15:45:04
NVDA,NVDA260904P00270000,NVDA,2026-09-04,P,270.0,39.9,41.0,40.3,20.0,0.0,0.0,0.0,-0.9987,0.0004,0.0001,-0.0041,0.0,40.1091,0.0,0.0,0.0,0.0,up,52.6,2026-08-28T15:37:08,0.0,41.0499992370606,229.88,2026-09-04 19:44:26,2026-09-04 15:45:04
NVDA,NVDA260904P00275000,NVDA,2026-09-04,P,275.0,44.9,96.0,45.3,20.0,0.0,0.0,8.0,-0.9988,0.0003,0.0001,-0.004,0.0,45.109,-1.375,41.2,44.77,40.85,down,44.65,2026-09-04T13:59:32,-2.98751,46.0249996185303,229.88,2026-09-04 19:44:26,2026-09-04 15:45:04
NVDA,NVDA260904P00280000,NVDA,2026-09-04,P,280.0,49.45,86.0,50.5,20.0,0.0,0.0,2.0,-0.999,0.0002,0.0001,-0.0039,0.0,50.1089,-2.225,49.25,49.3,49.25,up,49.3,2026-09-04T13:29:22,-4.31829,51.5249996185303,229.88,2026-09-04 19:44:26,2026-09-04 15:45:04
NVDA,NVDA260904P00285000,NVDA,2026-09-04,P,285.0,54.45,86.0,55.5,21.0,0.0,0.0,6.0,-0.999,0.0002,0.0001,-0.0038,0.0,55.1088,-1.33,54.2,54.72,54.2,up,54.72,2026-09-04T13:45:41,-2.37288,56.0499992370606,229.88,2026-09-04 19:44:26,2026-09-04 15:45:04
NVDA,NVDA260904P00290000,NVDA,2026-09-04,P,290.0,59.5,86.0,60.5,15.0,0.0,0.0,0.0,-0.9991,0.0002,0.0001,-0.0037,0.0,60.1087,0.0,0.0,0.0,0.0,no_change,0.0,,0.0,60.9249992370606,229.88,2026-09-04 19:44:26,2026-09-04 15:45:04
NVDA,NVDA260904P00295000,NVDA,2026-09-04,P,295.0,64.5,86.0,65.55,35.0,0.0,0.0,0.0,-0.9992,0.0002,0.0001,-0.0036,0.0,65.1086,0.0,0.0,0.0,0.0,no_change,0.0,,0.0,66.0250015258789,229.88,2026-09-04 19:44:26,2026-09-04 15:45:04
NVDA,NVDA260904P00300000,NVDA,2026-09-04,P,300.0,69.5,86.0,70.8,22.0,0.0,0.0,0.0,-0.9992,0.0001,0.0001,-0.0035,0.0,70.1085,0.0,0.0,0.0,0.0,up,82.99,2026-08-11T14:07:43,0.0,71.0250015258789,229.88,2026-09-04 19:44:26,2026-09-04 15:45:04
NVDA,NVDA260904P00305000,NVDA,2026-09-04,P,305.0,74.45,86.0,75.75,39.0,0.0,0.0,0.0,-0.9993,0.0001,0.0001,-0.0035,0.0,75.1085,0.0,0.0,0.0,0.0,no_change,0.0,,0.0,76.0250015258789,229.88,2026-09-04 19:44:26,2026-09-04 15:45:04
NVDA,NVDA260904P00310000,NVDA,2026-09-04,P,310.0,79.4,98.0,80.5,25.0,0.0,0.0,0.0,-0.9993,0.0001,0.0,-0.0034,0.0,80.1084,0.0,0.0,0.0,0.0,up,91.24,2026-08-28T14:04:57,0.0,81.0250015258789,229.88,2026-09-04 19:44:26,2026-09-04 15:45:04
NVDA,NVDA260904P00315000,NVDA,2026-09-04,P,315.0,83.75,86.0,86.6,19.0,0.0,0.0,0.0,-0.9994,0.0001,0.0,-0.0033,0.0,85.1083,0.0,0.0,0.0,0.0,up,96.17,2026-08-28T14:04:57,0.0,86.0250015258789,229.88,2026-09-04 19:44:26,2026-09-04 15:45:04
NVDA,NVDA260904P00320000,NVDA,2026-09-04,P,320.0,89.45,92.0,90.55,16.0,0.0,0.0,0.0,-0.9994,0.0001,0.0,-0.0032,0.0,90.1082,0.0,0.0,0.0,0.0,no_change,0.0,,0.0,91.0250015258789,229.88,2026-09-04 19:44:26,2026-09-04 15:45:04
NVDA,NVDA260904P00325000,NVDA,2026-09-04,P,325.0,94.65,95.0,95.35,13.0,0.0,0.0,0.0,-0.9994,0.0001,0.0,-0.0032,0.0,95.1081,0.0,0.0,0.0,0.0,no_change,0.0,,0.0,95.875,229.88,2026-09-04 19:44:26,2026-09-04 15:45:04
NVDA,NVDA260904P00330000,NVDA,2026-09-04,P,330.0,99.55,110.0,100.75,16.0,0.0,0.0,0.0,-0.9995,0.0001,0.0,-0.0031,0.0,100.1081,0.0,0.0,0.0,0.0,no_change,0.0,,0.0,100.875,229.88,2026-09-04 19:44:26,2026-09-04 15:45:04
NVDA,NVDA260904P00335000,NVDA,2026-09-04,P,335.0,104.4,86.0,105.45,14.0,0.0,0.0,0.0,-0.9995,0.0001,0.0,-0.003,0.0,105.108,0.0,0.0,0.0,0.0,no_change,0.0,,0.0,106.025001525879,229.88,2026-09-04 19:44:26,2026-09-04 15:45:04
NVDA,NVDA260904P00340000,NVDA,2026-09-04,P,340.0,109.5,86.0,110.8,19.0,0.0,0.0,0.0,-0.9995,0.0001,0.0,-0.0029,0.0,110.1079,0.0,0.0,0.0,0.0,no_change,0.0,,0.0,111.025001525879,229.88,2026-09-04 19:44:26,2026-09-04 15:45:04
NVDA,NVDA260904P00345000,NVDA,2026-09-04,P,345.0,114.45,86.0,115.75,32.0,0.0,0.0,2.0,-0.9996,0.0001,0.0,-0.0029,0.0,115.1079,-4.715,111.28,111.28,111.21,down,111.21,2026-09-04T10:14:57,-4.06728,115.924999237061,229.88,2026-09-04 19:44:26,2026-09-04 15:45:04
NVDA,NVDA260904P00350000,NVDA,2026-09-04,P,350.0,119.45,86.0,120.75,28.0,0.0,0.0,2.0,-0.9996,0.0,0.0,-0.0028,0.0,120.1078,-4.835,116.19,116.19,116.19,no_change,116.19,2026-09-04T10:14:57,-3.99504,121.025001525879,229.88,2026-09-04 19:44:26,2026-09-04 15:45:04
NVDA,NVDA260904P00360000,NVDA,2026-09-04,P,360.0,129.5,86.0,130.5,19.0,0.0,0.0,0.0,-0.9996,0.0,0.0,-0.0027,0.0,130.1077,0.0,0.0,0.0,0.0,no_change,0.0,,0.0,130.875,229.88,2026-09-04 19:44:26,2026-09-04 15:45:04
NVDA,NVDA260904P00370000,NVDA,2026-09-04,P,370.0,139.5,84.0,140.55,17.0,0.0,0.0,0.0,-0.9996,0.0,0.0,-0.0026,0.0,140.1076,0.0,0.0,0.0,0.0,down,142.3,2026-09-03T12:12:56,0.0,141.075004577637,229.88,2026-09-04 19:44:26,2026-09-04 15:45:04
NVDA,NVDA260904P00380000,NVDA,2026-09-04,P,380.0,149.5,86.0,150.75,14.0,0.0,0.0,0.0,-0.9997,0.0,0.0,-0.0025,0.0,150.1075,0.0,0.0,0.0,0.0,no_change,0.0,,0.0,150.875,229.88,2026-09-04 19:44:26,2026-09-04 15:45:04
NVDA,NVDA260904P00390000,NVDA,2026-09-04,P,390.0,159.5,86.0,160.55,20.0,0.0,0.0,0.0,-0.9997,0.0,0.0,-0.0024,0.0,160.1074,0.0,0.0,0.0,0.0,down,163.2,2026-09-03T10:37:42,0.0,161.075004577637,229.88,2026-09-04 19:44:26,2026-09-04 15:45:04
NVDA,NVDA260904P00400000,NVDA,2026-09-04,P,400.0,169.5,86.0,170.75,19.0,0.0,0.0,0.0,-0.9997,0.0,0.0,-0.0023,0.0,170.1073,0.0,0.0,0.0,0.0,down,173.2,2026-09-03T10:37:42,0.0,171.224998474121,229.88,2026-09-04 19:44:26,2026-09-04 15:45:04
NVDA,NVDA260909C00110000,NVDA,2026-09-09,C,110.0,119.45,93.0,120.3,18.0,0.0,6.0,3.0,0.9991,0.0,0.0008,-0.0107,0.006,119.9401,0.2,119.83,119.91,119.83,down,119.9,2026-09-04T15:24:45,0.167087,119.699996948242,229.88,2026-09-04 19:44:26,2026-09-04 15:45:04
NVDA,NVDA260909C00115000,NVDA,2026-09-09,C,115.0,114.5,60.0,115.3,19.0,0.0,0.0,4.0,0.999,0.0001,0.0009,-0.0116,0.0063,114.9425,0.515,115.7,115.7,114.89,down,114.89,2026-09-04T15:22:08,0.450273,114.375,229.88,2026-09-04 19:44:26,2026-09-04 15:45:04
NVDA,NVDA260909C00120000,NVDA,2026-09-09,C,120.0,109.35,93.0,110.35,24.0,0.0,0.0,10.0,0.9989,0.0001,0.001,-0.0125,0.0066,109.945,0.48,110.8,110.8,109.86,no_change,109.93,2026-09-04T15:27:30,0.438559,109.449996948242,229.88,2026-09-04 19:44:26,2026-09-04 15:45:04
NVDA,NVDA260909C00125000,NVDA,2026-09-09,C,125.0,104.3,104.0,105.35,18.0,0.0,0.0,3.0,0.9987,0.0001,0.0011,-0.0134,0.0068,104.9476,0.255,106.63,106.67,104.88,down,104.88,2026-09-04T15:22:50,0.243728,104.625,229.88,2026-09-04 19:44:26,2026-09-04 15:45:04
NVDA,NVDA260909C00130000,NVDA,2026-09-09,C,130.0,99.5,60.0,100.35,42.0,0.0,3.0,4.0,0.9985,0.0001,0.0013,-0.0145,0.0071,99.9504,0.24,101.7,101.7,99.92,up,99.94,2026-09-04T15:26:25,0.240721,99.7000007629394,229.88,2026-09-04 19:44:26,2026-09-04 15:45:04
NVDA,NVDA260909C00135000,NVDA,2026-09-09,C,135.0,93.85,80.0,95.35,27.0,0.0,0.0,0.0,0.9983,0.0001,0.0015,-0.0157,0.0074,94.9533,0.0,0.0,0.0,0.0,no_change,0.0,,0.0,94.4000015258789,229.88,2026-09-04 19:44:26,2026-09-04 15:45:04
NVDA,NVDA260909C00140000,NVDA,2026-09-09,C,140.0,89.45,239.0,90.35,189.0,0.0,1.0,58.0,0.998,0.0001,0.0017,-0.017,0.0076,89.9565,0.48,90.84,94.0,89.83,up,89.88,2026-09-04T15:27:30,0.536911,89.4000015258789,229.88,2026-09-04 19:44:26,2026-09-04 15:45:04
NVDA,NVDA260909C00145000,NVDA,2026-09-09,C,145.0,84.4,104.0,87.35,47.0,2.3318,1.0,34.0,0.9978,0.0002,0.0019,-0.0184,0.0079,84.9599,1.135,86.82,86.82,85.52,up,85.56,2026-09-04T15:04:46,1.34439,84.4249992370606,229.88,2026-09-04 19:44:26,2026-09-04 15:45:04
NVDA,NVDA260909C00150000,NVDA,2026-09-09,C,150.0,79.3,75.0,81.85,21.0,2.0309,4.0,2.0,0.9974,0.0002,0.0022,-0.0199,0.0082,79.9636,0.82,80.62,80.62,80.57,down,80.57,2026-09-04T15:04:46,1.02821,79.75,229.88,2026-09-04 19:44:26,2026-09-04 15:45:04
NVDA,NVDA260909C00155000,NVDA,2026-09-09,C,155.0,74.55,32.0,77.4,33.0,2.085,4.0,0.0,0.997,0.0003,0.0025,-0.0217,0.0084,74.9677,0.0,0.0,0.0,0.0,down,56.74,2026-08-26T15:19:11,0.0,74.6999969482422,229.88,2026-09-04 19:44:26,2026-09-04 15:45:04
NVDA,NVDA260909C00160000,NVDA,2026-09-09,C,160.0,68.9,247.0,71.1,197.0,1.254,17.0,29.0,0.9965,0.0003,0.0028,-0.0236,0.0087,69.9721,0.16,71.31,72.35,69.79,down,69.81,2026-09-04T15:25:19,0.229718,69.6500015258789,229.88,2026-09-04 19:44:26,2026-09-04 15:45:04
NVDA,NVDA260909C00165000,NVDA,2026-09-09,C,165.0,64.4,127.0,66.0,179.0,1.4046,18.0,28.0,0.9958,0.0004,0.0033,-0.0258,0.009,64.9771,0.29,68.72,68.72,64.94,down,64.94,2026-09-04T13:51:09,0.44857,64.6499996185303,229.88,2026-09-04 19:44:26,2026-09-04 15:45:04
NVDA,NVDA260909C00170000,NVDA,2026-09-09,C,170.0,58.9,94.0,63.9,45.0,1.8089,26.0,1.0,0.9951,0.0005,0.0038,-0.0283,0.0092,59.9826,2.79,62.54,62.54,62.54,up,62.54,2026-09-04T11:14:13,4.66946,59.75,229.88,2026-09-04 19:44:26,2026-09-04 15:45:04
NVDA,NVDA260909C00175000,NVDA,2026-09-09,C,175.0,53.9,237.0,56.5,187.0,1.1843,25.0,2.0,0.9941,0.0006,0.0045,-0.0311,0.0095,54.9889,4.445,58.1,58.52,58.1,up,58.52,2026-09-04T10:34:29,8.22007,54.0749988555908,229.88,2026-09-04 19:44:26,2026-09-04 15:45:04
NVDA,NVDA260909C00180000,NVDA,2026-09-09,C,180.0,49.5,243.0,50.8,192.0,1.0411,27.0,12.0,0.9929,0.0008,0.0053,-0.0343,0.0098,49.9962,3.365,52.1,54.18,52.1,down,53.19,2026-09-04T10:53:45,6.75364,49.8249988555908,229.88,2026-09-04 19:44:26,2026-09-04 15:45:04
NVDA,NVDA260909C00182500,NVDA,2026-09-09,C,182.5,46.9,96.0,48.4,46.0,0.9899,0.0,2.0,0.9922,0.001,0.0058,-0.036,0.0099,47.5002,0.98,48.12,48.18,48.12,up,48.18,2026-09-04T14:56:39,2.07627,47.1999988555908,229.88,2026-09-04 19:44:26,2026-09-04 15:45:04
NVDA,NVDA260909C00185000,NVDA,2026-09-09,C,185.0,43.9,255.0,47.1,204.0,1.1216,67.0,2.0,0.9914,0.0011,0.0064,-0.0379,0.01,45.0046,2.42,47.2,47.2,46.07,down,46.07,2026-09-04T11:56:05,5.5441,43.6499996185303,229.88,2026-09-04 19:44:26,2026-09-04 15:45:04
NVDA,NVDA260909C00187500,NVDA,2026-09-09,C,187.5,41.85,103.0,43.0,25.0,0.0,85.0,4.0,0.9904,0.0012,0.007,-0.04,0.0101,42.5093,0.925,42.83,43.16,42.83,down,43.05,2026-09-04T14:54:02,2.19585,42.125,229.88,2026-09-04 19:44:26,2026-09-04 15:45:04
NVDA,NVDA260909C00190000,NVDA,2026-09-09,C,190.0,39.7,110.0,40.8,113.0,0.8979,37.0,43.0,0.9894,0.0014,0.0077,-0.0422,0.0103,40.0145,1.995,44.63,44.63,39.93,no_change,40.02,2026-09-04T15:24:33,5.24654,38.0250015258789,229.88,2026-09-04 19:44:26,2026-09-04 15:45:04
NVDA,NVDA260909C00192500,NVDA,2026-09-09,C,192.5,37.0,93.0,38.15,22.0,0.7344,19.0,2.0,0.9881,0.0017,0.0084,-0.0445,0.0104,37.5202,2.075,39.52,39.75,39.52,up,39.75,2026-09-04T11:12:54,5.50763,37.6749992370606,229.88,2026-09-04 19:44:26,2026-09-04 15:45:04
NVDA,NVDA260909C00195000,NVDA,2026-09-09,C,195.0,34.55,170.0,35.7,169.0,0.7243,87.0,20.0,0.9866,0.002,0.0094,-0.047,0.0105,35.0264,1.34,38.7,38.7,35.49,down,35.49,2026-09-04T14:45:42,3.92387,34.1499996185303,229.88,2026-09-04 19:44:26,2026-09-04 15:45:04
NVDA,NVDA260909C00197500,NVDA,2026-09-09,C,197.5,31.65,129.0,36.45,37.0,1.0976,56.0,3.0,0.9849,0.0023,0.0104,-0.0497,0.0106,32.5334,1.6,37.18,37.18,33.0,down,33.0,2026-09-04T14:46:48,5.09554,31.4000005722046,229.88,2026-09-04 19:44:26,2026-09-04 15:45:04
NVDA,NVDA260909C00200000,NVDA,2026-09-09,C,200.0,29.25,180.0,31.8,178.0,0.7904,86.0,216.0,0.9828,0.0028,0.0116,-0.0527,0.0107,30.0411,1.125,32.0,34.32,29.4,up,30.2,2026-09-04T15:19:34,3.8693,29.0749998092651,229.88,2026-09-04 19:44:26,2026-09-04 15:45:04
NVDA,NVDA260909C00202500,NVDA,2026-09-09,C,202.5,26.85,132.0,28.75,159.0,0.6599,45.0,6.0,0.9804,0.0033,0.0131,-0.0559,0.0108,27.5498,1.555,28.55,28.55,27.76,down,27.83,2026-09-04T14:39:14,5.91817,26.2749996185303,229.88,2026-09-04 19:44:26,2026-09-04 15:45:04
NVDA,NVDA260909C00205000,NVDA,2026-09-09,C,205.0,24.45,235.0,25.5,185.0,0.4046,90.0,51.0,0.9774,0.004,0.0148,-0.0594,0.0109,25.0597,0.825,27.45,29.0,25.0,down,25.0,2026-09-04T15:10:24,3.41262,24.1750001907349,229.88,2026-09-04 19:44:26,2026-09-04 15:45:04
NVDA,NVDA260909C00207500,NVDA,2026-09-09,C,207.5,22.2,311.0,23.0,335.0,0.4724,112.0,220.0,0.9736,0.0049,0.0168,-0.0632,0.011,22.5712,0.95,26.45,27.0,22.5,no_change,22.6,2026-09-04T15:24:28,4.38799,21.6499996185303,229.88,2026-09-04 19:44:26,2026-09-04 15:45:04
NVDA,NVDA260909C00210000,NVDA,2026-09-09,C,210.0,18.6,397.0,20.25,81.0,0.0,645.0,476.0,0.9688,0.0062,0.0194,-0.0676,0.0111,20.0852,1.44,21.16,24.5,19.8,no_change,20.34,2026-09-04T15:12:46,7.61905,18.8999996185303,229.88,2026-09-04 19:44:26,2026-09-04 15:45:04
NVDA,NVDA260909C00212500,NVDA,2026-09-09,C,212.5,17.2,1145.0,18.35,362.0,0.4433,216.0,71.0,0.9623,0.0079,0.0227,-0.0734,0.0112,17.6041,0.825,21.0,21.75,16.9,up,17.6,2026-09-04T15:27:14,4.91803,16.7750005722046,229.88,2026-09-04 19:44:26,2026-09-04 15:45:04
NVDA,NVDA260909C00215000,NVDA,2026-09-09,C,215.0,15.05,181.0,15.2,268.0,0.3422,976.0,375.0,0.952,0.0106,0.0276,-0.0828,0.0112,15.1354,0.965,16.4,20.0,15.3,up,15.39,2026-09-04T15:13:18,6.68977,14.4250001907349,229.88,2026-09-04 19:44:26,2026-09-04 15:45:04
NVDA,NVDA260909C00217500,NVDA,2026-09-09,C,217.5,12.6,71.0,12.75,141.0,0.3176,859.0,840.0,0.934,0.0149,0.0354,-0.1004,0.0111,12.6973,0.855,14.1,18.0,12.81,down,12.93,2026-09-04T15:07:35,7.08075,12.0749998092651,229.88,2026-09-04 19:44:26,2026-09-04 15:45:04
NVDA,NVDA260909C00220000,NVDA,2026-09-09,C,220.0,10.25,61.0,10.35,33.0,0.2951,3927.0,2367.0,0.9007,0.0218,0.048,-0.132,0.0108,10.3261,0.475,10.25,14.87,10.25,up,10.3,2026-09-04T15:27:59,4.83461,9.82499980926514,229.88,2026-09-04 19:44:26,2026-09-04 15:45:04
NVDA,NVDA260909C00222500,NVDA,2026-09-09,C,222.5,8.0,54.0,8.1,33.0,0.2806,1651.0,1324.0,0.8434,0.0314,0.0656,-0.179,0.0102,8.0769,0.36,9.0,12.6,8.05,up,8.06,2026-09-04T15:29:06,4.67532,7.70000004768372,229.88,2026-09-04 19:44:26,2026-09-04 15:45:04
NVDA,NVDA260909C00225000,NVDA,2026-09-09,C,225.0,5.95,84.0,6.05,188.0,0.269,3809.0,2860.0,0.7567,0.0426,0.0852,-0.2326,0.0092,6.0166,0.21,7.2,10.25,5.95,down,6.01,2026-09-04T15:28:30,3.62069,5.79999995231628,229.88,2026-09-04 19:44:26,2026-09-04 15:45:04
NVDA,NVDA260909C00227500,NVDA,2026-09-09,C,227.5,4.15,591.0,4.25,160.0,0.2639,5032.0,3756.0,0.6406,0.0523,0.1012,-0.2756,0.0078,4.2199,0.07,5.0,8.14,4.15,down,4.22,2026-09-04T15:28:57,1.68675,4.14999985694885,229.88,2026-09-04 19:44:26,2026-09-04 15:45:04
NVDA,NVDA260909C00230000,NVDA,2026-09-09,C,230.0,2.75,11.0,2.77,113.0,0.2585,20341.0,29696.0,0.5036,0.0569,0.1078,-0.2905,0.0062,2.7629,-0.08,3.58,6.13,2.72,up,2.78,2026-09-04T15:29:19,-2.7972,2.86000001430512,229.88,2026-09-04 19:44:26,2026-09-04 15:45:04
NVDA,NVDA260909C00232500,NVDA,2026-09-09,C,232.5,1.66,95.0,1.69,186.0,0.256,7568.0,39980.0,0.3644,0.0541,0.1017,-0.2688,0.0045,1.6889,-0.18,2.36,4.45,1.64,no_change,1.68,2026-09-04T15:29:23,-9.67742,1.86000001430511,229.88,2026-09-04 19:44:26,2026-09-04 15:45:04
NVDA,NVDA260909C00235000,NVDA,2026-09-09,C,235.0,0.95,300.0,0.97,344.0,0.2568,9213.0,79528.0,0.2428,0.0448,0.0851,-0.22,0.003,0.9748,-0.195,1.49,3.1,0.94,up,0.97,2026-09-04T15:29:08,-16.7382,1.16499996185303,229.88,2026-09-04 19:44:26,2026-09-04 15:45:04
NVDA,NVDA260909C00237500,NVDA,2026-09-09,C,237.5,0.53,285.0,0.55,323.0,0.2617,3977.0,26817.0,0.1522,0.0332,0.0645,-0.1624,0.0019,0.5435,-0.15,0.91,2.03,0.53,no_change,0.55,2026-09-04T15:29:19,-21.4286,0.699999988079071,229.88,2026-09-04 19:44:26,2026-09-04 15:45:04
NVDA,NVDA260909C00240000,NVDA,2026-09-09,C,240.0,0.31,696.0,0.32,595.0,0.2719,36169.0,53200.0,0.0949,0.0228,0.0466,-0.1164,0.0012,0.3161,-0.105,0.45,1.3,0.31,no_change,0.31,2026-09-04T15:28:53,-25.3012,0.41499999165535,229.88,2026-09-04 19:44:26,2026-09-04 15:45:04
NVDA,NVDA260909C00242500,NVDA,2026-09-09,C,242.5,0.2,703.0,0.21,519.0,0.2898,1767.0,12733.0,0.0624,0.0156,0.0341,-0.0866,0.0008,0.2033,-0.045,0.3,0.81,0.2,no_change,0.2,2026-09-04T15:27:18,-18.3673,0.244999997317791,229.88,2026-09-04 19:44:26,2026-09-04 15:45:04
NVDA,NVDA260909C00245000,NVDA,2026-09-09,C,245.0,0.14,281.0,0.15,542.0,0.3109,5162.0,14962.0,0.0437,0.011,0.0258,-0.0677,0.0005,0.1434,0.005,0.18,0.5,0.14,up,0.15,2026-09-04T15:29:10,3.44827,0.145000003278255,229.88,2026-09-04 19:44:26,2026-09-04 15:45:04
NVDA,NVDA260909C00247500,NVDA,2026-09-09,C,247.5,0.11,35.0,0.12,614.0,0.3365,4180.0,6310.0,0.0322,0.008,0.0201,-0.055,0.0004,0.1079,0.015,0.1,0.31,0.09,down,0.11,2026-09-04T15:29:15,15.7895,0.0950000025331974,229.88,2026-09-04 19:44:26,2026-09-04 15:45:04
NVDA,NVDA260909C00250000,NVDA,2026-09-09,C,250.0,0.08,400.0,0.09,788.0,0.3562,14598.0,7392.0,0.0247,0.006,0.0161,-0.0459,0.0003,0.0849,0.005,0.07,0.21,0.07,down,0.07,2026-09-04T15:26:13,7.69231,0.0649999994784594,229.88,2026-09-04 19:44:26,2026-09-04 15:45:04
NVDA,NVDA260909C00252500,NVDA,2026-09-09,C,252.5,0.06,481.0,0.07,679.0,0.3766,229.0,791.0,0.0194,0.0046,0.0132,-0.0391,0.0002,0.069,0.025,0.06,0.15,0.05,no_change,0.07,2026-09-04T15:22:05,55.5556,0.0449999999254942,229.88,2026-09-04 19:44:26,2026-09-04 15:45:04
NVDA,NVDA260909C00255000,NVDA,2026-09-09,C,255.0,0.05,278.0,0.06,507.0,0.4006,921.0,1556.0,0.0157,0.0036,0.011,-0.0338,0.0002,0.0574,0.025,0.04,0.12,0.04,up,0.06,2026-09-04T15:26:08,71.4286,0.034999999217689,229.88,2026-09-04 19:44:26,2026-09-04 15:45:04
NVDA,NVDA260909C00260000,NVDA,2026-09-09,C,260.0,0.03,441.0,0.04,498.0,0.4382,686.0,1247.0,0.0109,0.0024,0.008,-0.0266,0.0001,0.0425,0.005,0.03,0.08,0.03,no_change,0.03,2026-09-04T15:22:15,20.0,0.0249999994412065,229.88,2026-09-04 19:44:26,2026-09-04 15:45:04
NVDA,NVDA260909C00265000,NVDA,2026-09-09,C,265.0,0.01,1223.0,0.03,565.0,0.4668,313.0,981.0,0.0079,0.0016,0.006,-0.0213,0.0001,0.0325,0.015,0.03,0.05,0.02,no_change,0.03,2026-09-04T15:19:22,100.0,0.0149999996647239,229.88,2026-09-04 19:44:26,2026-09-04 15:45:04
NVDA,NVDA260909C00270000,NVDA,2026-09-09,C,270.0,0.01,808.0,0.02,616.0,0.5059,3194.0,1392.0,0.006,0.0012,0.0047,-0.0176,0.0001,0.0259,-0.005,0.01,0.04,0.01,down,0.01,2026-09-04T15:23:03,-33.3333,0.0149999996647239,229.88,2026-09-04 19:44:26,2026-09-04 15:45:04
NVDA,NVDA260909C00275000,NVDA,2026-09-09,C,275.0,0.0,0.0,0.01,3.0,0.5361,555.0,493.0,0.0047,0.0009,0.0038,-0.0148,0.0001,0.0211,0.005,0.01,0.06,0.01,no_change,0.02,2026-09-04T15:12:08,33.3333,0.0149999996647239,229.88,2026-09-04 19:44:26,2026-09-04 15:45:04
NVDA,NVDA260909C00280000,NVDA,2026-09-09,C,280.0,0.0,0.0,0.02,721.0,0.5844,763.0,1076.0,0.0037,0.0007,0.0031,-0.0126,0.0,0.0176,0.0,0.01,0.02,0.01,no_change,0.01,2026-09-04T14:50:43,2.23517e-06,0.00999999977648258,229.88,2026-09-04 19:44:26,2026-09-04 15:45:04
NVDA,NVDA260909C00285000,NVDA,2026-09-09,C,285.0,0.0,0.0,0.02,825.0,0.6315,113.0,1.0,0.0031,0.0005,0.0025,-0.0109,0.0,0.0149,0.005,0.01,0.01,0.01,down,0.01,2026-09-04T10:16:07,100.0,0.00499999988824129,229.88,2026-09-04 19:44:26,2026-09-04 15:45:04
NVDA,NVDA260909C00290000,NVDA,2026-09-09,C,290.0,0.0,0.0,0.01,13365.0,0.639,129.0,0.0,0.0025,0.0004,0.0021,-0.0096,0.0,0.0128,0.0,0.0,0.0,0.0,no_change,0.01,2026-09-03T14:11:09,0.0,0.00499999988824129,229.88,2026-09-04 19:44:26,2026-09-04 15:45:04
NVDA,NVDA260909C00295000,NVDA,2026-09-09,C,295.0,0.0,0.0,0.01,13770.0,0.6816,11.0,20.0,0.0021,0.0003,0.0018,-0.0085,0.0,0.0112,0.005,0.01,0.01,0.01,no_change,0.01,2026-09-04T12:40:38,100.0,0.00499999988824129,229.88,2026-09-04 19:44:26,2026-09-04 15:45:04
NVDA,NVDA260909C00300000,NVDA,2026-09-09,C,300.0,0.0,0.0,0.01,13536.0,0.7234,59.0,0.0,0.0018,0.0003,0.0016,-0.0076,0.0,0.0098,0.0,0.0,0.0,0.0,no_change,0.02,2026-08-27T10:50:22,0.0,0.00499999988824129,229.88,2026-09-04 19:44:26,2026-09-04 15:45:04
NVDA,NVDA260909C00310000,NVDA,2026-09-09,C,310.0,0.0,0.0,0.01,181.0,0.8042,7.0,0.0,0.0014,0.0002,0.0012,-0.0061,0.0,0.0077,0.0,0.0,0.0,0.0,down,0.04,2026-08-27T11:11:28,0.0,0.00499999988824129,229.88,2026-09-04 19:44:26,2026-09-04 15:45:04
NVDA,NVDA260909C00320000,NVDA,2026-09-09,C,320.0,0.0,0.0,0.01,202.0,0.8818,2.0,0.0,0.001,0.0001,0.0009,-0.005,0.0,0.0062,0.0,0.0,0.0,0.0,down,0.04,2026-08-26T14:00:02,0.0,0.00499999988824129,229.88,2026-09-04 19:44:26,2026-09-04 15:45:04
NVDA,NVDA260909C00330000,NVDA,2026-09-09,C,330.0,0.0,0.0,0.01,203.0,0.9563,19.0,0.0,0.0008,0.0001,0.0008,-0.0042,0.0,0.0051,0.0,0.0,0.0,0.0,no_change,0.01,2026-08-28T11:13:16,0.0,0.00499999988824129,229.88,2026-09-04 19:44:26,2026-09-04 15:45:04
NVDA,NVDA260909C00340000,NVDA,2026-09-09,C,340.0,0.0,0.0,0.01,196.0,1.0281,0.0,0.0,0.0007,0.0001,0.0006,-0.0036,0.0,0.0043,0.0,0.0,0.0,0.0,no_change,0.0,,0.0,0.00499999988824129,229.88,2026-09-04 19:44:26,2026-09-04 15:45:04
NVDA,NVDA260909C00350000,NVDA,2026-09-09,C,350.0,0.0,0.0,0.01,1216.0,1.0974,1.0,0.0,0.0005,0.0001,0.0005,-0.0031,0.0,0.0036,0.0,0.0,0.0,0.0,down,0.02,2026-08-28T13:48:07,0.0,0.00499999988824129,229.88,2026-09-04 19:44:26,2026-09-04 15:45:04
NVDA,NVDA260909C00360000,NVDA,2026-09-09,C,360.0,0.0,0.0,0.01,184.0,1.1644,0.0,0.0,0.0004,0.0,0.0004,-0.0026,0.0,0.0031,0.0,0.0,0.0,0.0,no_change,0.0,,0.0,0.00499999988824129,229.88,2026-09-04 19:44:26,2026-09-04 15:45:04
NVDA,NVDA260909C00370000,NVDA,2026-09-09,C,370.0,0.0,0.0,0.01,201.0,1.229,200.0,0.0,0.0004,0.0,0.0004,-0.0023,0.0,0.0027,0.0,0.0,0.0,0.0,up,0.02,2026-08-31T11:11:21,0.0,0.00499999988824129,229.88,2026-09-04 19:44:26,2026-09-04 15:45:04
NVDA,NVDA260909C00380000,NVDA,2026-09-09,C,380.0,0.0,0.0,0.01,179.0,1.2916,3.0,0.0,0.0003,0.0,0.0003,-0.002,0.0,0.0023,0.0,0.0,0.0,0.0,no_change,0.01,2026-09-01T11:06:33,0.0,0.00499999988824129,229.88,2026-09-04 19:44:26,2026-09-04 15:45:04
NVDA,NVDA260909C00390000,NVDA,2026-09-09,C,390.0,0.0,0.0,0.01,202.0,1.3523,1.0,0.0,0.0003,0.0,0.0003,-0.0018,0.0,0.002,0.0,0.0,0.0,0.0,no_change,0.01,2026-09-01T13:07:47,0.0,0.00499999988824129,229.88,2026-09-04 19:44:26,2026-09-04 15:45:04
NVDA,NVDA260909P00110000,NVDA,2026-09-09,P,110.0,0.0,0.0,0.01,13332.0,1.9295,3.0,0.0,-0.0009,0.0,0.0008,-0.0107,0.0,0.0137,0.0,0.0,0.0,0.0,up,0.07,2026-08-26T10:35:11,0.0,0.00499999988824129,229.88,2026-09-04 19:44:26,2026-09-04 15:45:04
NVDA,NVDA260909P00115000,NVDA,2026-09-09,P,115.0,0.0,0.0,0.01,14581.0,1.8185,8.0,0.0,-0.001,0.0001,0.0009,-0.0115,0.0,0.0149,0.0,0.0,0.0,0.0,down,0.01,2026-09-03T10:16:46,0.0,0.00499999988824129,229.88,2026-09-04 19:44:26,2026-09-04 15:45:04
NVDA,NVDA260909P00120000,NVDA,2026-09-09,P,120.0,0.0,0.0,0.01,9500.0,1.712,22.0,0.0,-0.0012,0.0001,0.001,-0.0125,0.0,0.0162,0.0,0.0,0.0,0.0,no_change,0.01,2026-09-03T10:25:27,0.0,0.00499999988824129,229.88,2026-09-04 19:44:26,2026-09-04 15:45:04
NVDA,NVDA260909P00125000,NVDA,2026-09-09,P,125.0,0.0,0.0,0.01,9500.0,1.6098,0.0,1.0,-0.0013,0.0001,0.0011,-0.0134,0.0,0.0177,0.005,0.01,0.01,0.01,up,0.01,2026-09-04T12:43:39,100.0,0.00499999988824129,229.88,2026-09-04 19:44:26,2026-09-04 15:45:04
NVDA,NVDA260909P00130000,NVDA,2026-09-09,P,130.0,0.0,0.0,0.01,157.0,1.5116,252.0,5179.0,-0.0015,0.0001,0.0013,-0.0145,0.0,0.0192,0.0,0.01,0.01,0.01,no_change,0.01,2026-09-04T14:34:30,2.23517e-06,0.00999999977648258,229.88,2026-09-04 19:44:26,2026-09-04 15:45:04
NVDA,NVDA260909P00135000,NVDA,2026-09-09,P,135.0,0.0,0.0,0.01,9500.0,1.4168,33.0,50308.0,-0.0017,0.0001,0.0015,-0.0156,0.0,0.021,-0.005,0.01,0.02,0.01,no_change,0.01,2026-09-04T15:25:24,-33.3333,0.0149999996647239,229.88,2026-09-04 19:44:26,2026-09-04 15:45:04
NVDA,NVDA260909P00140000,NVDA,2026-09-09,P,140.0,0.01,161.0,0.02,268.0,1.4507,100.0,337.0,-0.002,0.0001,0.0016,-0.0169,0.0,0.0229,-0.005,0.01,0.02,0.01,no_change,0.01,2026-09-04T15:27:30,-33.3333,0.0149999996647239,229.88,2026-09-04 19:44:26,2026-09-04 15:45:04
NVDA,NVDA260909P00145000,NVDA,2026-09-09,P,145.0,0.01,205.0,0.02,143.0,1.3547,515.0,288.0,-0.0023,0.0002,0.0019,-0.0184,0.0,0.0252,-0.005,0.02,0.02,0.01,no_change,0.01,2026-09-04T14:51:49,-33.3333,0.0149999996647239,229.88,2026-09-04 19:44:26,2026-09-04 15:45:04
NVDA,NVDA260909P00150000,NVDA,2026-09-09,P,150.0,0.01,346.0,0.02,370.0,1.2618,336.0,398.0,-0.0026,0.0002,0.0022,-0.0199,0.0,0.0277,-0.01,0.01,0.02,0.01,no_change,0.01,2026-09-04T14:47:15,-50.0,0.0199999995529652,229.88,2026-09-04 19:44:26,2026-09-04 15:45:04
NVDA,NVDA260909P00155000,NVDA,2026-09-09,P,155.0,0.01,392.0,0.02,4.0,1.1716,93.0,417.0,-0.003,0.0003,0.0025,-0.0216,0.0,0.0305,0.0,0.02,0.04,0.01,no_change,0.02,2026-09-04T15:20:44,2.23517e-06,0.0199999995529652,229.88,2026-09-04 19:44:26,2026-09-04 15:45:04
NVDA,NVDA260909P00160000,NVDA,2026-09-09,P,160.0,0.02,333.0,0.03,298.0,1.1384,230.0,2392.0,-0.0035,0.0003,0.0028,-0.0236,0.0,0.0338,0.005,0.02,0.04,0.02,no_change,0.03,2026-09-04T15:29:13,20.0,0.0249999994412065,229.88,2026-09-04 19:44:26,2026-09-04 15:45:04
NVDA,NVDA260909P00165000,NVDA,2026-09-09,P,165.0,0.03,191.0,0.04,282.0,1.0865,677.0,2637.0,-0.0042,0.0004,0.0033,-0.0258,0.0,0.0375,0.005,0.02,0.05,0.02,no_change,0.04,2026-09-04T15:25:00,14.2857,0.034999999217689,229.88,2026-09-04 19:44:26,2026-09-04 15:45:04
NVDA,NVDA260909P00170000,NVDA,2026-09-09,P,170.0,0.03,392.0,0.04,365.0,0.9971,749.0,760.0,-0.0049,0.0005,0.0038,-0.0283,-0.0001,0.042,0.005,0.03,0.05,0.02,down,0.04,2026-09-04T15:27:47,14.2857,0.034999999217689,229.88,2026-09-04 19:44:26,2026-09-04 15:45:04
NVDA,NVDA260909P00175000,NVDA,2026-09-09,P,175.0,0.04,335.0,0.05,381.0,0.9358,781.0,5631.0,-0.0059,0.0006,0.0045,-0.031,-0.0001,0.0469,0.015,0.03,0.05,0.02,up,0.05,2026-09-04T15:24:00,42.8571,0.034999999217689,229.88,2026-09-04 19:44:26,2026-09-04 15:45:04
NVDA,NVDA260909P00180000,NVDA,2026-09-09,P,180.0,0.05,509.0,0.06,522.0,0.8688,497.0,14261.0,-0.0071,0.0008,0.0053,-0.0342,-0.0001,0.0529,0.015,0.03,0.06,0.03,up,0.06,2026-09-04T15:28:54,33.3333,0.0449999999254942,229.88,2026-09-04 19:44:26,2026-09-04 15:45:04
NVDA,NVDA260909P00182500,NVDA,2026-09-09,P,182.5,0.05,284.0,0.06,8.0,0.8249,80.0,6214.0,-0.0078,0.001,0.0058,-0.0359,-0.0001,0.0564,0.0,0.05,0.06,0.04,no_change,0.05,2026-09-04T15:19:44,2.23517e-06,0.0499999988824129,229.88,2026-09-04 19:44:26,2026-09-04 15:45:04
NVDA,NVDA260909P00185000,NVDA,2026-09-09,P,185.0,0.06,307.0,0.07,434.0,0.7978,272.0,6499.0,-0.0086,0.0011,0.0064,-0.0378,-0.0001,0.0602,0.005,0.04,0.07,0.04,no_change,0.06,2026-09-04T15:27:17,9.09091,0.0549999997019768,229.88,2026-09-04 19:44:26,2026-09-04 15:45:04
NVDA,NVDA260909P00187500,NVDA,2026-09-09,P,187.5,0.07,278.0,0.08,509.0,0.7681,287.0,5711.0,-0.0096,0.0012,0.007,-0.0399,-0.0001,0.0643,0.01,0.04,0.08,0.04,no_change,0.07,2026-09-04T15:28:17,16.6667,0.0600000005215406,229.88,2026-09-04 19:44:26,2026-09-04 15:45:04
NVDA,NVDA260909P00190000,NVDA,2026-09-09,P,190.0,0.07,365.0,0.08,289.0,0.724,1668.0,3436.0,-0.0106,0.0014,0.0076,-0.0421,-0.0001,0.069,0.0,0.06,0.08,0.05,up,0.07,2026-09-04T15:27:00,2.23517e-06,0.0699999984353781,229.88,2026-09-04 19:44:26,2026-09-04 15:45:04
NVDA,NVDA260909P00192500,NVDA,2026-09-09,P,192.5,0.07,565.0,0.09,285.0,0.6862,221.0,3047.0,-0.0119,0.0017,0.0084,-0.0444,-0.0001,0.0741,0.005,0.08,0.09,0.05,up,0.08,2026-09-04T15:28:15,6.66667,0.0749999992549419,229.88,2026-09-04 19:44:26,2026-09-04 15:45:04
NVDA,NVDA260909P00195000,NVDA,2026-09-09,P,195.0,0.08,330.0,0.09,250.0,0.6478,7581.0,3756.0,-0.0134,0.002,0.0094,-0.047,-0.0002,0.0798,0.005,0.06,0.09,0.04,no_change,0.09,2026-09-04T15:27:24,5.88235,0.0850000008940697,229.88,2026-09-04 19:44:26,2026-09-04 15:45:04
NVDA,NVDA260909P00197500,NVDA,2026-09-09,P,197.5,0.09,279.0,0.1,514.0,0.6137,462.0,1226.0,-0.0151,0.0023,0.0104,-0.0497,-0.0002,0.0862,-0.005,0.08,0.1,0.06,down,0.09,2026-09-04T15:27:52,-5.26316,0.0950000025331974,229.88,2026-09-04 19:44:26,2026-09-04 15:45:04
NVDA,NVDA260909P00200000,NVDA,2026-09-09,P,200.0,0.09,412.0,0.1,302.0,0.5696,1543.0,3370.0,-0.0172,0.0028,0.0116,-0.0527,-0.0002,0.0934,-0.015,0.09,0.11,0.06,down,0.09,2026-09-04T15:29:08,-14.2857,0.105000000447035,229.88,2026-09-04 19:44:26,2026-09-04 15:45:04
NVDA,NVDA260909P00202500,NVDA,2026-09-09,P,202.5,0.1,255.0,0.11,278.0,0.5337,4580.0,4920.0,-0.0197,0.0033,0.0131,-0.056,-0.0002,0.1016,-0.015,0.08,0.12,0.07,no_change,0.1,2026-09-04T15:29:05,-13.0435,0.114999998360872,229.88,2026-09-04 19:44:26,2026-09-04 15:45:04
NVDA,NVDA260909P00205000,NVDA,2026-09-09,P,205.0,0.1,553.0,0.11,332.0,0.4893,2080.0,849.0,-0.0227,0.004,0.0148,-0.0595,-0.0003,0.1109,-0.025,0.1,0.12,0.08,no_change,0.1,2026-09-04T15:29:08,-20.0,0.12499999627471,229.88,2026-09-04 19:44:26,2026-09-04 15:45:04
NVDA,NVDA260909P00207500,NVDA,2026-09-09,P,207.5,0.11,528.0,0.12,284.0,0.4516,1720.0,644.0,-0.0264,0.0049,0.0169,-0.0634,-0.0003,0.1219,-0.03,0.14,0.14,0.09,up,0.12,2026-09-04T15:12:16,-20.0,0.149999998509884,229.88,2026-09-04 19:44:26,2026-09-04 15:45:04
NVDA,NVDA260909P00210000,NVDA,2026-09-09,P,210.0,0.13,227.0,0.14,356.0,0.4181,4180.0,3895.0,-0.0312,0.0062,0.0194,-0.0678,-0.0004,0.1354,-0.05,0.09,0.17,0.09,down,0.13,2026-09-04T15:28:52,-27.7778,0.179999999701977,229.88,2026-09-04 19:44:26,2026-09-04 15:45:04
NVDA,NVDA260909P00212500,NVDA,2026-09-09,P,212.5,0.14,535.0,0.15,1.0,0.3771,2339.0,1619.0,-0.0378,0.008,0.0228,-0.0737,-0.0004,0.1539,-0.085,0.14,0.17,0.12,no_change,0.14,2026-09-04T15:27:42,-37.7778,0.225000001490116,229.88,2026-09-04 19:44:26,2026-09-04 15:45:04
NVDA,NVDA260909P00215000,NVDA,2026-09-09,P,215.0,0.18,422.0,0.19,581.0,0.3467,4829.0,4528.0,-0.0481,0.0106,0.0276,-0.0832,-0.0006,0.1848,-0.125,0.19,0.25,0.14,no_change,0.18,2026-09-04T15:29:16,-40.9836,0.305000007152557,229.88,2026-09-04 19:44:26,2026-09-04 15:45:04
NVDA,NVDA260909P00217500,NVDA,2026-09-09,P,217.5,0.24,475.0,0.25,252.0,0.3168,1913.0,1887.0,-0.0662,0.0149,0.0355,-0.1007,-0.0008,0.2462,-0.195,0.25,0.31,0.17,no_change,0.25,2026-09-04T15:29:24,-43.8202,0.444999992847443,229.88,2026-09-04 19:44:26,2026-09-04 15:45:04
NVDA,NVDA260909P00220000,NVDA,2026-09-09,P,220.0,0.37,397.0,0.38,106.0,0.2957,5659.0,11763.0,-0.0994,0.0218,0.0481,-0.1322,-0.0012,0.3739,-0.31,0.7,0.7,0.23,no_change,0.37,2026-09-04T15:29:03,-45.5882,0.680000007152557,229.88,2026-09-04 19:44:26,2026-09-04 15:45:04
NVDA,NVDA260909P00222500,NVDA,2026-09-09,P,222.5,0.62,180.0,0.63,247.0,0.2811,2396.0,6043.0,-0.1568,0.0315,0.0656,-0.1793,-0.0017,0.6239,-0.445,0.62,0.75,0.35,no_change,0.63,2026-09-04T15:28:52,-41.3953,1.07499998807907,229.88,2026-09-04 19:44:26,2026-09-04 15:45:04
NVDA,NVDA260909P00225000,NVDA,2026-09-09,P,225.0,1.06,29.0,1.08,163.0,0.2715,3191.0,15843.0,-0.2439,0.0428,0.0853,-0.2334,-0.0026,1.0647,-0.605,1.51,1.51,0.53,down,1.07,2026-09-04T15:29:25,-36.1194,1.67500001192093,229.88,2026-09-04 19:44:26,2026-09-04 15:45:04
NVDA,NVDA260909P00227500,NVDA,2026-09-09,P,227.5,1.77,107.0,1.79,114.0,0.2634,1774.0,14722.0,-0.3604,0.0526,0.1013,-0.2766,-0.0035,1.7663,-0.785,1.02,2.06,0.83,no_change,1.76,2026-09-04T15:29:20,-30.8448,2.54499995708466,229.88,2026-09-04 19:44:26,2026-09-04 15:45:04
NVDA,NVDA260909P00230000,NVDA,2026-09-09,P,230.0,2.81,95.0,2.84,121.0,0.2587,1454.0,32187.0,-0.4984,0.0573,0.1078,-0.2923,-0.0043,2.8159,-0.915,2.56,3.15,1.36,no_change,2.81,2026-09-04T15:29:25,-24.5638,3.72500002384186,229.88,2026-09-04 19:44:26,2026-09-04 15:45:04
NVDA,NVDA260909P00232500,NVDA,2026-09-09,P,232.5,4.2,300.0,4.3,117.0,0.2565,226.0,22858.0,-0.6387,0.0543,0.1013,-0.2711,-0.0047,4.2487,-1.0,4.45,4.55,2.14,up,4.25,2026-09-04T15:28:57,-19.0476,5.25,229.88,2026-09-04 19:44:26,2026-09-04 15:45:04
NVDA,NVDA260909P00235000,NVDA,2026-09-09,P,235.0,6.0,46.0,6.1,86.0,0.2524,263.0,5038.0,-0.7608,0.045,0.0842,-0.2213,-0.0045,6.0407,-1.005,5.85,6.2,3.2,down,6.02,2026-09-04T15:28:56,-14.306,7.02499985694885,229.88,2026-09-04 19:44:26,2026-09-04 15:45:04
NVDA,NVDA260909P00237500,NVDA,2026-09-09,P,237.5,8.05,52.0,8.2,74.0,0.2588,22.0,722.0,-0.8517,0.0331,0.0635,-0.1628,-0.0036,8.1179,-1.385,6.6,7.9,4.73,up,7.69,2026-09-04T14:48:53,-15.2617,9.07499980926514,229.88,2026-09-04 19:44:26,2026-09-04 15:45:04
NVDA,NVDA260909P00240000,NVDA,2026-09-09,P,240.0,10.3,141.0,10.45,76.0,0.2671,134.0,1326.0,-0.9088,0.0227,0.0451,-0.1156,-0.0028,10.3973,-0.975,8.62,10.4,6.5,down,10.3,2026-09-04T15:29:21,-8.64745,11.2750000953674,229.88,2026-09-04 19:44:26,2026-09-04 15:45:04
NVDA,NVDA260909P00242500,NVDA,2026-09-09,P,242.5,12.7,86.0,12.85,84.0,0.2847,53.0,410.0,-0.9408,0.0154,0.0325,-0.085,-0.0023,12.7897,-1.025,12.49,12.65,8.5,down,12.6,2026-09-04T15:20:58,-7.52294,13.625,229.88,2026-09-04 19:44:26,2026-09-04 15:45:04
NVDA,NVDA260909P00245000,NVDA,2026-09-09,P,245.0,14.75,215.0,15.3,51.0,0.0,7.0,193.0,-0.9589,0.0107,0.0244,-0.0658,-0.0018,15.2337,-1.275,13.0,15.04,10.8,up,14.75,2026-09-04T15:03:57,-7.95632,16.0250000953674,229.88,2026-09-04 19:44:26,2026-09-04 15:45:04
NVDA,NVDA260909P00247500,NVDA,2026-09-09,P,247.5,17.15,217.0,18.45,167.0,0.3772,1.0,373.0,-0.9699,0.0078,0.0191,-0.053,-0.0017,17.7008,-1.7,17.56,17.56,13.23,down,16.75,2026-09-04T14:10:58,-9.21409,18.4499998092651,229.88,2026-09-04 19:44:26,2026-09-04 15:45:04
NVDA,NVDA260909P00250000,NVDA,2026-09-09,P,250.0,19.35,239.0,20.9,190.0,0.3006,0.0,191.0,-0.9771,0.0058,0.015,-0.0439,-0.0012,20.1799,-0.735,19.61,20.24,15.98,up,20.24,2026-09-04T15:08:30,-3.50417,20.9750003814697,229.88,2026-09-04 19:44:26,2026-09-04 15:45:04
NVDA,NVDA260909P00252500,NVDA,2026-09-09,P,252.5,22.0,208.0,24.15,158.0,0.5455,1.0,2.0,-0.982,0.0044,0.0124,-0.0371,-0.001,22.6653,-1.475,20.0,22.0,20.0,up,22.0,2026-09-04T12:03:36,-6.28328,23.4750003814697,229.88,2026-09-04 19:44:26,2026-09-04 15:45:04
NVDA,NVDA260909P00255000,NVDA,2026-09-09,P,255.0,24.35,219.0,25.9,170.0,0.3616,0.0,9.0,-0.9856,0.0034,0.0101,-0.0319,-0.0009,25.155,-5.625,22.2,22.2,20.35,down,20.35,2026-09-04T10:33:49,-21.6554,25.9750003814697,229.88,2026-09-04 19:44:26,2026-09-04 15:45:04
NVDA,NVDA260909P00260000,NVDA,2026-09-09,P,260.0,29.05,211.0,30.5,59.0,0.0,7.0,13.0,-0.9901,0.0022,0.0073,-0.0245,-0.0007,30.1411,-0.875,26.7,30.14,25.5,up,30.1,2026-09-04T15:27:25,-2.82486,30.9749994277954,229.88,2026-09-04 19:44:26,2026-09-04 15:45:04
NVDA,NVDA260909P00265000,NVDA,2026-09-09,P,265.0,34.4,214.0,35.6,165.0,0.0,0.0,5.0,-0.9929,0.0015,0.0054,-0.0196,-0.0006,35.1326,-1.19,32.35,35.4,29.85,up,34.81,2026-09-04T14:01:22,-3.30556,36.0,229.88,2026-09-04 19:44:26,2026-09-04 15:45:04
NVDA,NVDA260909P00270000,NVDA,2026-09-09,P,270.0,39.35,211.0,40.9,161.0,0.5312,0.0,1.0,-0.9946,0.0011,0.0042,-0.016,-0.0005,40.1267,-6.14,34.86,34.86,34.86,down,34.86,2026-09-04T10:30:04,-14.9756,41.0,229.88,2026-09-04 19:44:26,2026-09-04 15:45:04
NVDA,NVDA260909P00275000,NVDA,2026-09-09,P,275.0,44.4,75.0,45.9,22.0,0.6371,0.0,0.0,-0.9958,0.0008,0.0033,-0.0133,-0.0004,45.1226,0.0,0.0,0.0,0.0,no_change,0.0,,0.0,46.0749988555908,229.88,2026-09-04 19:44:26,2026-09-04 15:45:04
NVDA,NVDA260909P00280000,NVDA,2026-09-09,P,280.0,49.35,75.0,50.7,30.0,0.0,0.0,0.0,-0.9967,0.0006,0.0028,-0.0113,-0.0004,50.1195,0.0,0.0,0.0,0.0,no_change,0.0,,0.0,51.0249996185303,229.88,2026-09-04 19:44:26,2026-09-04 15:45:04
NVDA,NVDA260909P00285000,NVDA,2026-09-09,P,285.0,54.35,75.0,55.65,24.0,0.0,0.0,0.0,-0.9973,0.0005,0.0022,-0.0097,-0.0003,55.1173,0.0,0.0,0.0,0.0,no_change,0.0,,0.0,56.0,229.88,2026-09-04 19:44:26,2026-09-04 15:45:04
NVDA,NVDA260909P00290000,NVDA,2026-09-09,P,290.0,59.35,86.0,60.55,15.0,0.0,0.0,0.0,-0.9978,0.0004,0.0019,-0.0084,-0.0003,60.1155,0.0,0.0,0.0,0.0,no_change,0.0,,0.0,60.9500007629394,229.88,2026-09-04 19:44:26,2026-09-04 15:45:04
NVDA,NVDA260909P00295000,NVDA,2026-09-09,P,295.0,64.35,83.0,65.9,16.0,0.7823,0.0,0.0,-0.9982,0.0003,0.0016,-0.0074,-0.0003,65.114,0.0,0.0,0.0,0.0,no_change,0.0,,0.0,66.0,229.88,2026-09-04 19:44:26,2026-09-04 15:45:04
NVDA,NVDA260909P00300000,NVDA,2026-09-09,P,300.0,69.3,81.0,70.9,38.0,0.0,0.0,0.0,-0.9984,0.0002,0.0014,-0.0065,-0.0002,70.1128,0.0,0.0,0.0,0.0,no_change,0.0,,0.0,71.0,229.88,2026-09-04 19:44:26,2026-09-04 15:45:04
NVDA,NVDA260909P00310000,NVDA,2026-09-09,P,310.0,79.35,86.0,80.85,21.0,0.0,0.0,0.0,-0.9988,0.0002,0.001,-0.0052,-0.0002,80.1111,0.0,0.0,0.0,0.0,up,90.7,2026-09-02T09:30:05,0.0,81.0,229.88,2026-09-04 19:44:26,2026-09-04 15:45:04
NVDA,NVDA260909P00320000,NVDA,2026-09-09,P,320.0,89.35,102.0,90.85,23.0,0.0,0.0,0.0,-0.9991,0.0001,0.0008,-0.0042,-0.0002,90.1099,0.0,0.0,0.0,0.0,no_change,0.0,,0.0,91.0,229.88,2026-09-04 19:44:26,2026-09-04 15:45:04
NVDA,NVDA260909P00330000,NVDA,2026-09-09,P,330.0,99.35,99.0,100.55,29.0,0.0,0.0,0.0,-0.9993,0.0001,0.0006,-0.0035,-0.0001,100.109,0.0,0.0,0.0,0.0,no_change,0.0,,0.0,101.149997711182,229.88,2026-09-04 19:44:26,2026-09-04 15:45:04
NVDA,NVDA260909P00340000,NVDA,2026-09-09,P,340.0,109.35,101.0,110.85,22.0,0.0,0.0,0.0,-0.9995,0.0001,0.0005,-0.0029,-0.0001,110.1083,0.0,0.0,0.0,0.0,no_change,0.0,,0.0,110.950000762939,229.88,2026-09-04 19:44:26,2026-09-04 15:45:04
NVDA,NVDA260909P00350000,NVDA,2026-09-09,P,350.0,119.35,94.0,120.85,24.0,0.0,0.0,0.0,-0.9996,0.0001,0.0004,-0.0025,-0.0001,120.1078,0.0,0.0,0.0,0.0,no_change,0.0,,0.0,121.0,229.88,2026-09-04 19:44:26,2026-09-04 15:45:04
NVDA,NVDA260909P00360000,NVDA,2026-09-09,P,360.0,129.35,97.0,130.85,15.0,0.0,0.0,0.0,-0.9996,0.0,0.0003,-0.0021,-0.0001,130.1073,0.0,0.0,0.0,0.0,no_change,0.0,,0.0,131.150001525879,229.88,2026-09-04 19:44:26,2026-09-04 15:45:04
NVDA,NVDA260909P00370000,NVDA,2026-09-09,P,370.0,139.35,83.0,140.85,21.0,0.0,0.0,0.0,-0.9997,0.0,0.0003,-0.0018,-0.0001,140.107,0.0,0.0,0.0,0.0,no_change,0.0,,0.0,140.950004577637,229.88,2026-09-04 19:44:26,2026-09-04 15:45:04
NVDA,NVDA260909P00380000,NVDA,2026-09-09,P,380.0,149.35,88.0,150.85,23.0,0.0,0.0,0.0,-0.9997,0.0,0.0002,-0.0016,-0.0001,150.1068,0.0,0.0,0.0,0.0,no_change,0.0,,0.0,151.0,229.88,2026-09-04 19:44:26,2026-09-04 15:45:04
NVDA,NVDA260909P00390000,NVDA,2026-09-09,P,390.0,159.35,96.0,160.85,23.0,0.0,0.0,0.0,-0.9998,0.0,0.0002,-0.0014,-0.0001,160.1065,0.0,0.0,0.0,0.0,no_change,0.0,,0.0,161.0,229.88,2026-09-04 19:44:26,2026-09-04 15:45:04
NVDA,NVDA260911C00050000,NVDA,2026-09-11,C,50.0,176.65,86.0,182.1,13.0,0.0,2.0,0.0,0.9999,0.0,0.0001,-0.0021,0.0028,179.9083,0.0,0.0,0.0,0.0,down,168.05,2026-09-01T11:15:00,0.0,179.674995422363,229.88,2026-09-04 19:44:26,2026-09-04 15:45:04
NVDA,NVDA260911C00055000,NVDA,2026-09-11,C,55.0,173.95,103.0,176.65,5.0,0.0,0.0,0.0,0.9999,0.0,0.0001,-0.0024,0.003,174.9098,0.0,0.0,0.0,0.0,no_change,0.0,,0.0,174.625,229.88,2026-09-04 19:44:26,2026-09-04 15:45:04
NVDA,NVDA260911C00060000,NVDA,2026-09-11,C,60.0,168.2,94.0,172.65,14.0,4.7569,2.0,0.0,0.9998,0.0,0.0002,-0.0026,0.0033,169.9113,0.0,0.0,0.0,0.0,up,166.2,2026-09-03T12:07:51,0.0,169.699996948242,229.88,2026-09-04 19:44:26,2026-09-04 15:45:04
NVDA,NVDA260911C00065000,NVDA,2026-09-11,C,65.0,163.9,108.0,167.25,12.0,4.6609,0.0,2.0,0.9998,0.0,0.0002,-0.0028,0.0036,164.9129,1.2,165.48,165.55,165.48,up,165.55,2026-09-04T15:26:55,0.73015,164.349998474121,229.88,2026-09-04 19:44:26,2026-09-04 15:45:04
NVDA,NVDA260911C00070000,NVDA,2026-09-11,C,70.0,158.95,112.0,162.25,7.0,4.4237,0.0,2.0,0.9998,0.0,0.0003,-0.0031,0.0039,159.9145,0.97,160.58,160.58,160.57,down,160.57,2026-09-04T15:26:55,0.60777,159.599998474121,229.88,2026-09-04 19:44:26,2026-09-04 15:45:04
NVDA,NVDA260911C00075000,NVDA,2026-09-11,C,75.0,153.95,112.0,157.25,15.0,4.1792,0.0,2.0,0.9997,0.0,0.0003,-0.0035,0.0041,154.9162,2.075,156.62,156.65,156.62,up,156.65,2026-09-04T12:20:41,1.34239,154.574996948242,229.88,2026-09-04 19:44:26,2026-09-04 15:45:04
NVDA,NVDA260911C00080000,NVDA,2026-09-11,C,80.0,148.4,91.0,152.25,16.0,3.6576,0.0,2.0,0.9997,0.0,0.0003,-0.0038,0.0044,149.9179,2.03,151.71,151.71,151.68,down,151.68,2026-09-04T12:20:41,1.3565,149.650001525879,229.88,2026-09-04 19:44:26,2026-09-04 15:45:04
NVDA,NVDA260911C00085000,NVDA,2026-09-11,C,85.0,143.6,165.0,145.9,20.0,0.0,28.0,82.0,0.9997,0.0,0.0004,-0.0042,0.0047,144.9197,0.335,146.62,146.69,145.01,down,145.01,2026-09-04T14:53:03,0.231557,144.674995422363,229.88,2026-09-04 19:44:26,2026-09-04 15:45:04
NVDA,NVDA260911C00090000,NVDA,2026-09-11,C,90.0,138.55,111.0,141.65,3.0,2.9445,14.0,52.0,0.9996,0.0,0.0004,-0.0046,0.005,139.9215,2.005,141.69,141.75,141.68,no_change,141.68,2026-09-04T12:26:29,1.43548,139.674995422363,229.88,2026-09-04 19:44:26,2026-09-04 15:45:04
NVDA,NVDA260911C00095000,NVDA,2026-09-11,C,95.0,134.3,88.0,137.5,12.0,3.5634,1.0,0.0,0.9996,0.0,0.0005,-0.005,0.0053,134.9234,0.0,0.0,0.0,0.0,up,131.99,2026-09-03T11:27:31,0.0,134.474998474121,229.88,2026-09-04 19:44:26,2026-09-04 15:45:04
NVDA,NVDA260911C00100000,NVDA,2026-09-11,C,100.0,129.4,97.0,132.55,13.0,3.4192,2.0,0.0,0.9995,0.0,0.0006,-0.0056,0.0056,129.9254,0.0,0.0,0.0,0.0,up,119.43,2026-08-28T14:05:34,0.0,127.974998474121,229.88,2026-09-04 19:44:26,2026-09-04 15:45:04
NVDA,NVDA260911C00105000,NVDA,2026-09-11,C,105.0,124.35,106.0,127.75,15.0,3.2791,14.0,10.0,0.9994,0.0,0.0006,-0.0061,0.0058,124.9275,-0.4,129.25,129.25,125.25,down,125.25,2026-09-04T14:46:08,-0.318343,125.649997711182,229.88,2026-09-04 19:44:26,2026-09-04 15:45:04
NVDA,NVDA260911C00110000,NVDA,2026-09-11,C,110.0,118.1,102.0,122.9,12.0,2.7662,4.0,2.0,0.9993,0.0,0.0007,-0.0067,0.0061,119.9297,5.59,123.64,123.64,123.64,no_change,123.64,2026-09-04T10:50:35,4.73528,118.049999237061,229.88,2026-09-04 19:44:26,2026-09-04 15:45:04
NVDA,NVDA260911C00115000,NVDA,2026-09-11,C,115.0,114.35,96.0,117.7,11.0,2.9256,1.0,0.0,0.9992,0.0,0.0008,-0.0074,0.0064,114.932,0.0,0.0,0.0,0.0,down,110.04,2026-08-28T10:26:16,0.0,114.700000762939,229.88,2026-09-04 19:44:26,2026-09-04 15:45:04
NVDA,NVDA260911C00120000,NVDA,2026-09-11,C,120.0,109.2,103.0,112.6,13.0,2.705,41.0,0.0,0.9991,0.0001,0.001,-0.0081,0.0067,109.9344,0.0,0.0,0.0,0.0,down,106.4,2026-08-27T10:27:32,0.0,109.0,229.88,2026-09-04 19:44:26,2026-09-04 15:45:04
NVDA,NVDA260911C00125000,NVDA,2026-09-11,C,125.0,102.65,86.0,108.9,20.0,2.4922,3.0,0.0,0.9989,0.0001,0.0012,-0.009,0.007,104.9371,0.0,0.0,0.0,0.0,up,104.82,2026-09-03T14:05:43,0.0,104.775001525879,229.88,2026-09-04 19:44:26,2026-09-04 15:45:04
NVDA,NVDA260911C00130000,NVDA,2026-09-11,C,130.0,98.65,90.0,102.3,17.0,2.1805,1.0,0.0,0.9987,0.0001,0.0013,-0.01,0.0073,99.94,0.0,0.0,0.0,0.0,down,88.34,2026-09-01T11:13:31,0.0,99.6500015258789,229.88,2026-09-04 19:44:26,2026-09-04 15:45:04
NVDA,NVDA260911C00135000,NVDA,2026-09-11,C,135.0,93.2,78.0,98.9,19.0,2.336,3.0,0.0,0.9985,0.0001,0.0015,-0.011,0.0076,94.9431,0.0,0.0,0.0,0.0,up,95.8,2026-09-03T12:07:51,0.0,94.75,229.88,2026-09-04 19:44:26,2026-09-04 15:45:04
NVDA,NVDA260911C00140000,NVDA,2026-09-11,C,140.0,88.4,76.0,91.15,27.0,0.0,16.0,1.0,0.9982,0.0001,0.0017,-0.0122,0.0078,89.9464,4.12,93.87,93.87,93.87,up,93.87,2026-09-04T10:02:34,4.59053,89.75,229.88,2026-09-04 19:44:26,2026-09-04 15:45:04
NVDA,NVDA260911C00145000,NVDA,2026-09-11,C,145.0,83.15,78.0,87.15,15.0,1.5752,6.0,15.0,0.9979,0.0002,0.0021,-0.0136,0.0082,84.9501,0.51,85.26,85.26,85.26,up,85.26,2026-09-04T15:19:44,0.60177,84.75,229.88,2026-09-04 19:44:26,2026-09-04 15:45:04
NVDA,NVDA260911C00150000,NVDA,2026-09-11,C,150.0,79.5,72.0,82.35,151.0,1.891,33.0,31.0,0.9975,0.0002,0.0024,-0.0152,0.0085,79.9544,0.75,81.1,84.03,80.5,down,80.5,2026-09-04T15:14:11,0.940439,79.75,229.88,2026-09-04 19:44:26,2026-09-04 15:45:04
NVDA,NVDA260911C00155000,NVDA,2026-09-11,C,155.0,74.5,131.0,77.45,25.0,1.7858,79.0,23.0,0.997,0.0003,0.0028,-0.0169,0.0088,74.9591,0.3,75.15,75.15,75.15,up,75.15,2026-09-04T13:52:19,0.400799,74.8500022888184,229.88,2026-09-04 19:44:26,2026-09-04 15:45:04
NVDA,NVDA260911C00160000,NVDA,2026-09-11,C,160.0,69.3,295.0,71.0,85.0,1.2708,348.0,1.0,0.9965,0.0003,0.0033,-0.0189,0.009,69.9642,1.425,71.2,71.2,71.2,up,71.2,2026-09-04T09:30:11,2.04228,69.7750015258789,229.88,2026-09-04 19:44:26,2026-09-04 15:45:04
NVDA,NVDA260911C00165000,NVDA,2026-09-11,C,165.0,63.4,242.0,66.05,192.0,0.0,52.0,11.0,0.9957,0.0004,0.004,-0.0213,0.0095,64.9704,0.025,66.91,66.91,64.95,no_change,64.95,2026-09-04T15:23:19,0.0385042,64.9250011444092,229.88,2026-09-04 19:44:26,2026-09-04 15:45:04
NVDA,NVDA260911C00170000,NVDA,2026-09-11,C,170.0,59.3,362.0,61.6,357.0,1.2468,183.0,11.0,0.9948,0.0006,0.0047,-0.024,0.0098,59.9776,3.1,64.43,64.43,62.52,up,62.9,2026-09-04T11:41:22,5.18395,59.7999992370606,229.88,2026-09-04 19:44:26,2026-09-04 15:45:04
NVDA,NVDA260911C00175000,NVDA,2026-09-11,C,175.0,53.9,97.0,56.25,29.0,0.9305,80.0,15.0,0.9936,0.0007,0.0055,-0.0272,0.01,54.9858,0.555,59.44,59.44,55.28,no_change,55.28,2026-09-04T15:27:12,1.01416,54.7250003814697,229.88,2026-09-04 19:44:26,2026-09-04 15:45:04
NVDA,NVDA260911C00180000,NVDA,2026-09-11,C,180.0,49.6,197.0,50.25,81.0,0.0,635.0,22.0,0.9921,0.0009,0.007,-0.0308,0.0106,49.9957,1.67,53.63,53.98,50.47,up,50.57,2026-09-04T13:56:30,3.41513,48.8999996185303,229.88,2026-09-04 19:44:26,2026-09-04 15:45:04
NVDA,NVDA260911C00185000,NVDA,2026-09-11,C,185.0,43.3,311.0,46.2,67.0,0.0,194.0,123.0,0.9901,0.0012,0.0083,-0.0352,0.0109,45.0078,1.395,48.29,49.5,45.11,down,45.12,2026-09-04T15:22:19,3.1904,43.7249984741211,229.88,2026-09-04 19:44:26,2026-09-04 15:45:04
NVDA,NVDA260911C00187500,NVDA,2026-09-11,C,187.5,41.9,76.0,46.45,16.0,1.1933,2.0,35.0,0.9889,0.0014,0.0091,-0.0376,0.011,42.5147,3.075,47.05,47.05,46.35,down,46.35,2026-09-04T10:00:13,7.10572,43.2749996185303,229.88,2026-09-04 19:44:26,2026-09-04 15:45:04
NVDA,NVDA260911C00190000,NVDA,2026-09-11,C,190.0,39.6,354.0,40.35,339.0,0.5736,428.0,28.0,0.9874,0.0016,0.0107,-0.0402,0.0116,40.0222,1.26,44.43,44.47,40.31,down,40.31,2026-09-04T15:04:39,3.22663,39.0500011444092,229.88,2026-09-04 19:44:26,2026-09-04 15:45:04
NVDA,NVDA260911C00192500,NVDA,2026-09-11,C,192.5,36.1,144.0,39.8,13.0,0.8029,19.0,20.0,0.9857,0.0019,0.0118,-0.0432,0.0117,37.5312,1.175,37.65,37.65,37.65,down,37.65,2026-09-04T15:13:19,3.22138,36.4750003814697,229.88,2026-09-04 19:44:26,2026-09-04 15:45:04
NVDA,NVDA260911C00195000,NVDA,2026-09-11,C,195.0,34.6,86.0,37.1,321.0,0.8591,951.0,120.0,0.9837,0.0023,0.013,-0.0464,0.0118,35.0412,1.175,38.69,38.69,35.16,no_change,35.2,2026-09-04T15:12:25,3.45334,34.0249996185303,229.88,2026-09-04 19:44:26,2026-09-04 15:45:04
NVDA,NVDA260911C00197500,NVDA,2026-09-11,C,197.5,32.1,88.0,35.15,85.0,0.8635,105.0,7.0,0.9813,0.0027,0.0143,-0.0499,0.0118,32.5524,2.13,34.27,34.43,32.98,down,32.98,2026-09-04T14:24:42,6.90437,30.8500003814697,229.88,2026-09-04 19:44:26,2026-09-04 15:45:04
NVDA,NVDA260911C00200000,NVDA,2026-09-11,C,200.0,29.85,51.0,30.1,2.0,0.4317,1943.0,90.0,0.9784,0.0032,0.0171,-0.0538,0.0126,30.0651,1.0,32.45,34.49,30.05,no_change,30.05,2026-09-04T15:08:27,3.44234,29.0500001907349,229.88,2026-09-04 19:44:26,2026-09-04 15:45:04
NVDA,NVDA260911C00202500,NVDA,2026-09-11,C,202.5,27.1,273.0,28.85,98.0,0.6205,649.0,2.0,0.9747,0.0039,0.0191,-0.0584,0.0127,27.5815,2.07,28.87,28.87,28.87,up,28.87,2026-09-04T13:08:28,7.72388,26.8000001907349,229.88,2026-09-04 19:44:26,2026-09-04 15:45:04
NVDA,NVDA260911C00205000,NVDA,2026-09-11,C,205.0,24.95,109.0,25.2,108.0,0.4398,1232.0,233.0,0.97,0.0048,0.0215,-0.064,0.0127,25.1018,0.96,27.27,29.35,25.11,down,25.11,2026-09-04T15:27:39,3.97516,24.1499996185303,229.88,2026-09-04 19:44:26,2026-09-04 15:45:04
NVDA,NVDA260911C00207500,NVDA,2026-09-11,C,207.5,22.2,338.0,22.7,54.0,0.2788,686.0,66.0,0.9636,0.006,0.0262,-0.0714,0.0136,22.6294,1.57,23.28,26.72,22.73,up,23.27,2026-09-04T15:00:48,7.23502,21.6999998092651,229.88,2026-09-04 19:44:26,2026-09-04 15:45:04
NVDA,NVDA260911C00210000,NVDA,2026-09-11,C,210.0,20.05,110.0,20.25,110.0,0.391,7215.0,591.0,0.9543,0.0077,0.0306,-0.0817,0.0134,20.1716,0.8,21.38,25.0,20.17,up,20.2,2026-09-04T15:27:25,4.12371,19.3999996185303,229.88,2026-09-04 19:44:26,2026-09-04 15:45:04
NVDA,NVDA260911C00212500,NVDA,2026-09-11,C,212.5,17.6,174.0,17.8,173.0,0.3717,1588.0,679.0,0.9405,0.0101,0.0384,-0.0968,0.0143,17.7375,1.0,18.38,22.35,17.85,up,18.0,2026-09-04T15:18:29,5.88235,17.0,229.88,2026-09-04 19:44:26,2026-09-04 15:45:04
NVDA,NVDA260911C00215000,NVDA,2026-09-11,C,215.0,15.25,34.0,15.4,178.0,0.3514,5197.0,1690.0,0.9193,0.0135,0.0488,-0.1183,0.0151,15.3445,0.69,16.5,20.08,15.34,down,15.34,2026-09-04T15:29:08,4.7099,14.6500000953674,229.88,2026-09-04 19:44:26,2026-09-04 15:45:04
NVDA,NVDA260911C00217500,NVDA,2026-09-11,C,217.5,12.9,172.0,13.05,173.0,0.3324,1914.0,1227.0,0.8875,0.018,0.062,-0.1473,0.0158,13.019,0.65,14.25,17.7,12.98,up,13.05,2026-09-04T15:29:10,5.24193,12.4000000953674,229.88,2026-09-04 19:44:26,2026-09-04 15:45:04
NVDA,NVDA260911C00220000,NVDA,2026-09-11,C,220.0,10.7,55.0,10.8,73.0,0.3217,12009.0,3600.0,0.8415,0.0236,0.0779,-0.183,0.0162,10.796,0.44,11.46,15.35,10.74,no_change,10.74,2026-09-04T15:26:47,4.27185,10.2999997138977,229.88,2026-09-04 19:44:26,2026-09-04 15:45:04
NVDA,NVDA260911C00222500,NVDA,2026-09-11,C,222.5,8.6,204.0,8.75,99.0,0.314,2286.0,1607.0,0.779,0.0297,0.0949,-0.2216,0.016,8.718,0.315,9.0,13.0,8.64,down,8.64,2026-09-04T15:27:43,3.78379,8.32499980926514,229.88,2026-09-04 19:44:26,2026-09-04 15:45:04
NVDA,NVDA260911C00225000,NVDA,2026-09-11,C,225.0,6.75,98.0,6.85,97.0,0.309,13349.0,3971.0,0.6996,0.0354,0.1105,-0.2568,0.0153,6.8304,0.25,7.68,10.76,6.8,down,6.8,2026-09-04T15:29:19,3.81679,6.54999995231628,229.88,2026-09-04 19:44:26,2026-09-04 15:45:04
NVDA,NVDA260911C00227500,NVDA,2026-09-11,C,227.5,5.1,150.0,5.2,138.0,0.3046,22216.0,10679.0,0.6062,0.0397,0.1227,-0.2809,0.0155,5.1768,0.125,6.05,8.85,5.15,no_change,5.15,2026-09-04T15:29:03,2.48756,5.02500009536743,229.88,2026-09-04 19:44:26,2026-09-04 15:45:04
NVDA,NVDA260911C00230000,NVDA,2026-09-11,C,230.0,3.75,117.0,3.8,125.0,0.302,32787.0,22053.0,0.5048,0.0415,0.127,-0.2877,0.0134,3.7916,0.045,4.55,7.05,3.75,no_change,3.77,2026-09-04T15:29:25,1.20805,3.72500002384186,229.88,2026-09-04 19:44:26,2026-09-04 15:45:04
NVDA,NVDA260911C00232500,NVDA,2026-09-11,C,232.5,2.66,45.0,2.68,114.0,0.3016,25020.0,44726.0,0.4022,0.0404,0.1234,-0.2753,0.012,2.6743,0.005,3.2,5.45,2.64,no_change,2.67,2026-09-04T15:28:25,0.187614,2.66500008106232,229.88,2026-09-04 19:44:26,2026-09-04 15:45:04
NVDA,NVDA260911C00235000,NVDA,2026-09-11,C,235.0,1.81,128.0,1.83,145.0,0.3011,30362.0,42092.0,0.3068,0.0367,0.1123,-0.2464,0.0094,1.8233,-0.035,2.3,4.1,1.8,down,1.82,2026-09-04T15:29:22,-1.88679,1.85500001907349,229.88,2026-09-04 19:44:26,2026-09-04 15:45:04
NVDA,NVDA260911C00237500,NVDA,2026-09-11,C,237.5,1.21,1.0,1.22,204.0,0.3027,16632.0,33330.0,0.2251,0.0312,0.0963,-0.2078,0.0074,1.2111,-0.055,1.64,2.99,1.2,down,1.21,2026-09-04T15:28:49,-4.34783,1.26499998569489,229.88,2026-09-04 19:44:26,2026-09-04 15:45:04
NVDA,NVDA260911C00240000,NVDA,2026-09-11,C,240.0,0.79,676.0,0.8,419.0,0.3053,37503.0,25933.0,0.1608,0.025,0.0786,-0.1678,0.0054,0.7972,-0.055,1.05,2.12,0.78,down,0.79,2026-09-04T15:29:21,-6.50888,0.844999998807907,229.88,2026-09-04 19:44:26,2026-09-04 15:45:04
NVDA,NVDA260911C00242500,NVDA,2026-09-11,C,242.5,0.52,885.0,0.53,368.0,0.3115,9847.0,13813.0,0.1138,0.0193,0.0624,-0.1325,0.0039,0.5316,-0.04,0.7,1.48,0.52,no_change,0.52,2026-09-04T15:29:25,-7.14286,0.560000002384186,229.88,2026-09-04 19:44:26,2026-09-04 15:45:04
NVDA,NVDA260911C00245000,NVDA,2026-09-11,C,245.0,0.36,843.0,0.37,1069.0,0.3226,7704.0,9796.0,0.0815,0.0146,0.049,-0.1046,0.0028,0.3664,-0.005,0.47,1.03,0.36,no_change,0.37,2026-09-04T15:28:17,-1.33333,0.375,229.88,2026-09-04 19:44:26,2026-09-04 15:45:04
NVDA,NVDA260911C00247500,NVDA,2026-09-11,C,247.5,0.26,728.0,0.27,711.0,0.3362,1459.0,6871.0,0.06,0.0111,0.0389,-0.0843,0.0021,0.2651,0.01,0.29,0.7,0.26,no_change,0.26,2026-09-04T15:28:57,4.0,0.249999992549419,229.88,2026-09-04 19:44:26,2026-09-04 15:45:04
NVDA,NVDA260911C00250000,NVDA,2026-09-11,C,250.0,0.2,33.0,0.21,715.0,0.3532,11830.0,19089.0,0.0453,0.0085,0.0311,-0.0689,0.0016,0.1987,0.03,0.21,0.49,0.17,no_change,0.2,2026-09-04T15:28:21,17.6471,0.170000001788139,229.88,2026-09-04 19:44:26,2026-09-04 15:45:04
NVDA,NVDA260911C00252500,NVDA,2026-09-11,C,252.5,0.15,827.0,0.16,1114.0,0.3674,898.0,42329.0,0.035,0.0066,0.0253,-0.0574,0.0012,0.1541,0.025,0.15,0.35,0.13,no_change,0.15,2026-09-04T15:28:52,20.0,0.12499999627471,229.88,2026-09-04 19:44:26,2026-09-04 15:45:04
NVDA,NVDA260911C00255000,NVDA,2026-09-11,C,255.0,0.12,758.0,0.13,972.0,0.3847,5049.0,9437.0,0.0277,0.0052,0.0209,-0.0485,0.001,0.1228,0.025,0.11,0.26,0.11,no_change,0.12,2026-09-04T15:21:56,26.3158,0.0950000025331974,229.88,2026-09-04 19:44:26,2026-09-04 15:45:04
NVDA,NVDA260911C00257500,NVDA,2026-09-11,C,257.5,0.1,529.0,0.11,655.0,0.4034,600.0,10979.0,0.0223,0.0041,0.0174,-0.0415,0.0008,0.0998,0.025,0.07,0.19,0.07,down,0.1,2026-09-04T15:27:14,33.3333,0.0749999992549419,229.88,2026-09-04 19:44:26,2026-09-04 15:45:04
NVDA,NVDA260911C00260000,NVDA,2026-09-11,C,260.0,0.08,589.0,0.09,689.0,0.4188,5582.0,22991.0,0.0182,0.0033,0.0146,-0.0358,0.0006,0.0824,0.035,0.05,0.14,0.05,down,0.09,2026-09-04T15:21:42,63.6364,0.0549999997019768,229.88,2026-09-04 19:44:26,2026-09-04 15:45:04
NVDA,NVDA260911C00265000,NVDA,2026-09-11,C,265.0,0.05,1130.0,0.06,1079.0,0.4464,4336.0,2720.0,0.0126,0.0022,0.0106,-0.0273,0.0004,0.0584,0.015,0.04,0.09,0.03,down,0.05,2026-09-04T15:20:33,42.8571,0.034999999217689,229.88,2026-09-04 19:44:26,2026-09-04 15:45:04
NVDA,NVDA260911C00270000,NVDA,2026-09-11,C,270.0,0.03,1294.0,0.04,791.0,0.4704,6167.0,2751.0,0.009,0.0016,0.0079,-0.0212,0.0003,0.0429,0.015,0.03,0.06,0.03,up,0.04,2026-09-04T15:21:42,60.0,0.0249999994412065,229.88,2026-09-04 19:44:26,2026-09-04 15:45:04
NVDA,NVDA260911C00275000,NVDA,2026-09-11,C,275.0,0.02,1345.0,0.03,898.0,0.4983,2056.0,1086.0,0.0067,0.0011,0.0061,-0.0171,0.0002,0.0329,0.015,0.02,0.04,0.02,no_change,0.03,2026-09-04T15:27:50,100.0,0.0149999996647239,229.88,2026-09-04 19:44:26,2026-09-04 15:45:04
NVDA,NVDA260911C00280000,NVDA,2026-09-11,C,280.0,0.01,866.0,0.02,433.0,0.5151,1709.0,3653.0,0.0051,0.0008,0.0048,-0.0139,0.0002,0.0257,0.005,0.02,0.03,0.01,down,0.02,2026-09-04T15:10:34,33.3333,0.0149999996647239,229.88,2026-09-04 19:44:26,2026-09-04 15:45:04
NVDA,NVDA260911C00285000,NVDA,2026-09-11,C,285.0,0.01,863.0,0.02,255.0,0.5562,451.0,362.0,0.004,0.0006,0.0038,-0.0114,0.0001,0.0205,0.0,0.02,0.02,0.01,down,0.01,2026-09-04T15:20:41,2.23517e-06,0.00999999977648258,229.88,2026-09-04 19:44:26,2026-09-04 15:45:04
NVDA,NVDA260911C00290000,NVDA,2026-09-11,C,290.0,0.01,549.0,0.02,201.0,0.5966,427.0,882.0,0.0031,0.0005,0.0031,-0.0094,0.0001,0.0164,0.005,0.02,0.03,0.01,no_change,0.01,2026-09-04T14:21:36,100.0,0.00499999988824129,229.88,2026-09-04 19:44:26,2026-09-04 15:45:04
NVDA,NVDA260911C00295000,NVDA,2026-09-11,C,295.0,0.0,0.0,0.02,218.0,0.6127,663.0,749.0,0.0025,0.0004,0.0025,-0.008,0.0001,0.0136,0.01,0.01,0.05,0.01,no_change,0.02,2026-09-04T14:46:51,100.0,0.00999999977648258,229.88,2026-09-04 19:44:26,2026-09-04 15:45:04
NVDA,NVDA260911C00300000,NVDA,2026-09-11,C,300.0,0.01,150.0,0.02,287.0,0.6736,4959.0,2586.0,0.002,0.0003,0.0021,-0.0069,0.0001,0.0113,0.005,0.01,0.01,0.01,no_change,0.01,2026-09-04T15:05:40,100.0,0.00499999988824129,229.88,2026-09-04 19:44:26,2026-09-04 15:45:04
NVDA,NVDA260911C00305000,NVDA,2026-09-11,C,305.0,0.0,0.0,0.01,30.0,0.6481,964.0,0.0,0.0017,0.0002,0.0017,-0.0059,0.0001,0.0095,0.0,0.0,0.0,0.0,no_change,0.01,2026-09-03T15:37:36,0.0,0.00499999988824129,229.88,2026-09-04 19:44:26,2026-09-04 15:45:04
NVDA,NVDA260911C00310000,NVDA,2026-09-11,C,310.0,0.0,0.0,0.01,72.0,0.6819,403.0,0.0,0.0014,0.0002,0.0015,-0.0051,0.0,0.008,0.0,0.0,0.0,0.0,no_change,0.01,2026-09-02T11:49:57,0.0,0.00499999988824129,229.88,2026-09-04 19:44:26,2026-09-04 15:45:04
NVDA,NVDA260911C00315000,NVDA,2026-09-11,C,315.0,0.0,0.0,0.01,6684.0,0.7151,111.0,0.0,0.0012,0.0002,0.0012,-0.0044,0.0,0.0069,0.0,0.0,0.0,0.0,no_change,0.01,2026-08-28T10:46:01,0.0,0.00499999988824129,229.88,2026-09-04 19:44:26,2026-09-04 15:45:04
NVDA,NVDA260911C00320000,NVDA,2026-09-11,C,320.0,0.0,0.0,0.01,11293.0,0.7475,1037.0,0.0,0.001,0.0001,0.0011,-0.0039,0.0,0.0059,0.0,0.0,0.0,0.0,no_change,0.02,2026-08-27T14:55:47,0.0,0.00499999988824129,229.88,2026-09-04 19:44:26,2026-09-04 15:45:04
NVDA,NVDA260911C00325000,NVDA,2026-09-11,C,325.0,0.0,0.0,0.01,229.0,0.7794,39.0,1.0,0.0008,0.0001,0.0009,-0.0034,0.0,0.0051,0.005,0.01,0.01,0.01,no_change,0.01,2026-09-04T10:06:19,100.0,0.00499999988824129,229.88,2026-09-04 19:44:26,2026-09-04 15:45:04
NVDA,NVDA260911C00330000,NVDA,2026-09-11,C,330.0,0.0,0.0,0.01,122.0,0.8106,36.0,0.0,0.0007,0.0001,0.0008,-0.003,0.0,0.0045,0.0,0.0,0.0,0.0,no_change,0.01,2026-08-27T15:58:40,0.0,0.00499999988824129,229.88,2026-09-04 19:44:26,2026-09-04 15:45:04
NVDA,NVDA260911C00335000,NVDA,2026-09-11,C,335.0,0.0,0.0,0.01,265.0,0.8413,128.0,1.0,0.0006,0.0001,0.0007,-0.0027,0.0,0.0039,0.005,0.01,0.01,0.01,no_change,0.01,2026-09-04T09:58:26,100.0,0.00499999988824129,229.88,2026-09-04 19:44:26,2026-09-04 15:45:04
NVDA,NVDA260911C00340000,NVDA,2026-09-11,C,340.0,0.0,0.0,0.01,1195.0,0.8714,92.0,0.0,0.0006,0.0001,0.0006,-0.0024,0.0,0.0035,0.0,0.0,0.0,0.0,down,0.01,2026-08-27T15:58:43,0.0,0.00499999988824129,229.88,2026-09-04 19:44:26,2026-09-04 15:45:04
NVDA,NVDA260911C00345000,NVDA,2026-09-11,C,345.0,0.0,0.0,0.01,1195.0,0.9009,3.0,0.0,0.0005,0.0001,0.0005,-0.0021,0.0,0.0031,0.0,0.0,0.0,0.0,up,0.03,2026-08-21T14:29:32,0.0,0.00499999988824129,229.88,2026-09-04 19:44:26,2026-09-04 15:45:04
NVDA,NVDA260911C00350000,NVDA,2026-09-11,C,350.0,0.0,0.0,0.01,1198.0,0.9299,222.0,0.0,0.0004,0.0,0.0005,-0.0019,0.0,0.0027,0.0,0.0,0.0,0.0,no_change,0.01,2026-09-02T11:30:27,0.0,0.00499999988824129,229.88,2026-09-04 19:44:26,2026-09-04 15:45:04
NVDA,NVDA260911C00360000,NVDA,2026-09-11,C,360.0,0.0,0.0,0.01,134.0,0.9865,26.0,0.0,0.0003,0.0,0.0004,-0.0016,0.0,0.0022,0.0,0.0,0.0,0.0,no_change,0.01,2026-09-01T15:39:15,0.0,0.00499999988824129,229.88,2026-09-04 19:44:26,2026-09-04 15:45:04
NVDA,NVDA260911C00370000,NVDA,2026-09-11,C,370.0,0.0,0.0,0.01,144.0,1.0412,47.0,0.0,0.0003,0.0,0.0003,-0.0013,0.0,0.0018,0.0,0.0,0.0,0.0,up,0.03,2026-08-26T13:37:53,0.0,0.00499999988824129,229.88,2026-09-04 19:44:26,2026-09-04 15:45:04
NVDA,NVDA260911C00380000,NVDA,2026-09-11,C,380.0,0.0,0.0,0.01,164.0,1.0942,22.0,0.0,0.0002,0.0,0.0002,-0.0011,0.0,0.0014,0.0,0.0,0.0,0.0,no_change,0.01,2026-08-31T09:32:15,0.0,0.00499999988824129,229.88,2026-09-04 19:44:26,2026-09-04 15:45:04
NVDA,NVDA260911C00390000,NVDA,2026-09-11,C,390.0,0.0,0.0,0.01,461.0,1.1455,144.0,1.0,0.0002,0.0,0.0002,-0.0009,0.0,0.0012,0.005,0.01,0.01,0.01,no_change,0.01,2026-09-04T09:39:44,100.0,0.00499999988824129,229.88,2026-09-04 19:44:26,2026-09-04 15:45:04
NVDA,NVDA260911P00050000,NVDA,2026-09-11,P,50.0,0.0,0.0,0.01,2276.0,3.301,2.0,1.0,-0.0002,0.0,0.0002,-0.0031,0.0,0.0044,0.025,0.03,0.03,0.03,up,0.03,2026-09-04T09:30:02,500.0,0.00499999988824129,229.88,2026-09-04 19:44:26,2026-09-04 15:45:04
NVDA,NVDA260911P00055000,NVDA,2026-09-11,P,55.0,0.0,0.0,0.01,2273.0,3.0978,8.0,0.0,-0.0002,0.0,0.0002,-0.0033,0.0,0.0049,0.0,0.0,0.0,0.0,down,0.02,2026-08-11T11:48:57,0.0,0.00499999988824129,229.88,2026-09-04 19:44:26,2026-09-04 15:45:04
NVDA,NVDA260911P00060000,NVDA,2026-09-11,P,60.0,0.0,0.0,0.01,2515.0,2.9128,0.0,1.0,-0.0002,0.0,0.0003,-0.0036,0.0,0.0053,0.005,0.01,0.01,0.01,up,0.01,2026-09-04T11:50:59,100.0,0.00499999988824129,229.88,2026-09-04 19:44:26,2026-09-04 15:45:04
NVDA,NVDA260911P00065000,NVDA,2026-09-11,P,65.0,0.0,0.0,0.01,2273.0,2.743,0.0,0.0,-0.0003,0.0,0.0003,-0.0039,0.0,0.0058,0.0,0.0,0.0,0.0,no_change,0.0,,0.0,0.00499999988824129,229.88,2026-09-04 19:44:26,2026-09-04 15:45:04
NVDA,NVDA260911P00070000,NVDA,2026-09-11,P,70.0,0.0,0.0,0.01,2267.0,2.586,2.0,0.0,-0.0003,0.0,0.0003,-0.0043,0.0,0.0064,0.0,0.0,0.0,0.0,up,0.02,2026-08-21T10:45:14,0.0,0.00499999988824129,229.88,2026-09-04 19:44:26,2026-09-04 15:45:04
NVDA,NVDA260911P00075000,NVDA,2026-09-11,P,75.0,0.0,0.0,0.01,2261.0,2.4401,13.0,0.0,-0.0003,0.0,0.0004,-0.0046,0.0,0.007,0.0,0.0,0.0,0.0,down,0.02,2026-08-24T10:25:13,0.0,0.00499999988824129,229.88,2026-09-04 19:44:26,2026-09-04 15:45:04
NVDA,NVDA260911P00080000,NVDA,2026-09-11,P,80.0,0.0,0.0,0.01,2258.0,2.3037,33.0,0.0,-0.0004,0.0,0.0004,-0.005,0.0,0.0076,0.0,0.0,0.0,0.0,no_change,0.01,2026-09-01T10:03:53,0.0,0.00499999988824129,229.88,2026-09-04 19:44:26,2026-09-04 15:45:04
NVDA,NVDA260911P00085000,NVDA,2026-09-11,P,85.0,0.0,0.0,0.01,1249.0,2.1757,46.0,0.0,-0.0004,0.0,0.0005,-0.0055,0.0,0.0083,0.0,0.0,0.0,0.0,down,0.01,2026-09-03T14:29:59,0.0,0.00499999988824129,229.88,2026-09-04 19:44:26,2026-09-04 15:45:04
NVDA,NVDA260911P00090000,NVDA,2026-09-11,P,90.0,0.0,0.0,0.01,181.0,2.0551,95.0,0.0,-0.0005,0.0,0.0006,-0.006,0.0,0.0092,0.0,0.0,0.0,0.0,no_change,0.01,2026-09-03T15:50:09,0.0,0.00499999988824129,229.88,2026-09-04 19:44:26,2026-09-04 15:45:04
NVDA,NVDA260911P00095000,NVDA,2026-09-11,P,95.0,0.0,0.0,0.01,22806.0,1.941,150.0,0.0,-0.0006,0.0,0.0006,-0.0065,0.0,0.01,0.0,0.0,0.0,0.0,no_change,0.01,2026-09-03T15:55:10,0.0,0.00499999988824129,229.88,2026-09-04 19:44:26,2026-09-04 15:45:04
NVDA,NVDA260911P00100000,NVDA,2026-09-11,P,100.0,0.0,0.0,0.01,5000.0,1.8327,1692.0,490.0,-0.0007,0.0,0.0007,-0.007,0.0,0.011,0.005,0.01,0.01,0.01,no_change,0.01,2026-09-04T09:53:17,100.0,0.00499999988824129,229.88,2026-09-04 19:44:26,2026-09-04 15:45:04
NVDA,NVDA260911P00105000,NVDA,2026-09-11,P,105.0,0.0,0.0,0.01,10200.0,1.7297,3532.0,6608.0,-0.0008,0.0,0.0008,-0.0077,0.0,0.0121,0.005,0.01,0.02,0.01,no_change,0.01,2026-09-04T12:07:25,100.0,0.00499999988824129,229.88,2026-09-04 19:44:26,2026-09-04 15:45:04
NVDA,NVDA260911P00110000,NVDA,2026-09-11,P,110.0,0.0,0.0,0.01,5588.0,1.6315,6812.0,7002.0,-0.0009,0.0,0.0009,-0.0084,0.0,0.0134,-0.005,0.01,0.02,0.01,no_change,0.01,2026-09-04T14:36:28,-33.3333,0.0149999996647239,229.88,2026-09-04 19:44:26,2026-09-04 15:45:04
NVDA,NVDA260911P00115000,NVDA,2026-09-11,P,115.0,0.01,270.0,0.02,409.0,1.6783,7289.0,4251.0,-0.001,0.0001,0.0011,-0.0091,0.0,0.0148,-0.005,0.02,0.02,0.01,no_change,0.01,2026-09-04T14:58:38,-33.3333,0.0149999996647239,229.88,2026-09-04 19:44:26,2026-09-04 15:45:04
NVDA,NVDA260911P00120000,NVDA,2026-09-11,P,120.0,0.01,277.0,0.02,395.0,1.5808,1418.0,18.0,-0.0012,0.0001,0.0012,-0.01,0.0,0.0163,0.0,0.01,0.02,0.01,up,0.02,2026-09-04T13:46:21,2.23517e-06,0.0199999995529652,229.88,2026-09-04 19:44:26,2026-09-04 15:45:04
NVDA,NVDA260911P00125000,NVDA,2026-09-11,P,125.0,0.01,350.0,0.03,426.0,1.5256,2329.0,11.0,-0.0013,0.0001,0.0014,-0.0109,0.0,0.0181,0.0,0.02,0.02,0.02,no_change,0.02,2026-09-04T15:03:32,2.23517e-06,0.0199999995529652,229.88,2026-09-04 19:44:26,2026-09-04 15:45:04
NVDA,NVDA260911P00130000,NVDA,2026-09-11,P,130.0,0.01,235.0,0.02,172.0,1.397,7329.0,141.0,-0.0016,0.0001,0.0016,-0.012,-0.0001,0.0202,0.0,0.03,0.03,0.02,no_change,0.02,2026-09-04T10:06:28,2.23517e-06,0.0199999995529652,229.88,2026-09-04 19:44:26,2026-09-04 15:45:04
NVDA,NVDA260911P00135000,NVDA,2026-09-11,P,135.0,0.02,203.0,0.03,326.0,1.3727,2443.0,264.0,-0.0018,0.0001,0.0018,-0.0131,-0.0001,0.0225,-0.01,0.02,0.03,0.02,no_change,0.02,2026-09-04T13:09:42,-33.3333,0.0299999993294477,229.88,2026-09-04 19:44:26,2026-09-04 15:45:04
NVDA,NVDA260911P00140000,NVDA,2026-09-11,P,140.0,0.02,360.0,0.03,404.0,1.2852,3284.0,438.0,-0.0021,0.0002,0.0021,-0.0144,-0.0001,0.025,0.0,0.03,0.03,0.02,up,0.03,2026-09-04T14:41:21,2.23517e-06,0.0299999993294477,229.88,2026-09-04 19:44:26,2026-09-04 15:45:04
NVDA,NVDA260911P00145000,NVDA,2026-09-11,P,145.0,0.02,361.0,0.04,478.0,1.2223,562.0,2468.0,-0.0025,0.0002,0.0024,-0.0159,-0.0001,0.0282,-0.01,0.03,0.04,0.02,up,0.03,2026-09-04T13:31:49,-25.0,0.0400000000372529,229.88,2026-09-04 19:44:26,2026-09-04 15:45:04
NVDA,NVDA260911P00150000,NVDA,2026-09-11,P,150.0,0.03,265.0,0.04,456.0,1.1564,3610.0,585.0,-0.0029,0.0002,0.0028,-0.0176,-0.0001,0.0318,-0.005,0.04,0.05,0.03,no_change,0.03,2026-09-04T15:18:06,-14.2857,0.034999999217689,229.88,2026-09-04 19:44:26,2026-09-04 15:45:04
NVDA,NVDA260911P00155000,NVDA,2026-09-11,P,155.0,0.03,342.0,0.04,306.0,1.0745,1065.0,430.0,-0.0035,0.0003,0.0033,-0.0196,-0.0001,0.0359,-0.015,0.04,0.05,0.03,no_change,0.03,2026-09-04T15:12:09,-33.3333,0.0449999999254942,229.88,2026-09-04 19:44:26,2026-09-04 15:45:04
NVDA,NVDA260911P00160000,NVDA,2026-09-11,P,160.0,0.03,522.0,0.04,5.0,0.9953,1395.0,2462.0,-0.0041,0.0004,0.0039,-0.0217,-0.0001,0.0408,-0.01,0.04,0.05,0.03,no_change,0.04,2026-09-04T14:43:42,-20.0,0.0499999988824129,229.88,2026-09-04 19:44:26,2026-09-04 15:45:04
NVDA,NVDA260911P00165000,NVDA,2026-09-11,P,165.0,0.04,446.0,0.05,310.0,0.9432,2039.0,2556.0,-0.005,0.0005,0.0046,-0.0242,-0.0002,0.0466,-0.015,0.05,0.06,0.03,no_change,0.04,2026-09-04T15:26:12,-27.2727,0.0549999997019768,229.88,2026-09-04 19:44:26,2026-09-04 15:45:04
NVDA,NVDA260911P00170000,NVDA,2026-09-11,P,170.0,0.04,538.0,0.05,50.0,0.8653,10333.0,2115.0,-0.006,0.0006,0.0054,-0.0271,-0.0002,0.0536,-0.03,0.06,0.07,0.04,down,0.04,2026-09-04T15:27:48,-42.8571,0.0699999984353781,229.88,2026-09-04 19:44:26,2026-09-04 15:45:04
NVDA,NVDA260911P00175000,NVDA,2026-09-11,P,175.0,0.06,479.0,0.07,311.0,0.8252,5321.0,343.0,-0.0073,0.0008,0.0065,-0.0304,-0.0003,0.0618,-0.005,0.07,0.08,0.05,up,0.07,2026-09-04T15:27:48,-6.66667,0.0749999992549419,229.88,2026-09-04 19:44:26,2026-09-04 15:45:04
NVDA,NVDA260911P00180000,NVDA,2026-09-11,P,180.0,0.06,554.0,0.07,9.0,0.7485,4121.0,934.0,-0.009,0.001,0.0078,-0.0343,-0.0003,0.072,-0.025,0.07,0.08,0.06,no_change,0.06,2026-09-04T15:25:13,-29.4118,0.0850000008940697,229.88,2026-09-04 19:44:26,2026-09-04 15:45:04
NVDA,NVDA260911P00185000,NVDA,2026-09-11,P,185.0,0.08,381.0,0.09,358.0,0.6971,7562.0,2528.0,-0.0112,0.0013,0.0095,-0.0388,-0.0004,0.0845,-0.015,0.1,0.1,0.06,no_change,0.08,2026-09-04T15:28:51,-15.7895,0.0950000025331974,229.88,2026-09-04 19:44:26,2026-09-04 15:45:04
NVDA,NVDA260911P00187500,NVDA,2026-09-11,P,187.5,0.09,387.0,0.1,380.0,0.669,1498.0,329.0,-0.0126,0.0015,0.0105,-0.0413,-0.0004,0.0919,-0.025,0.09,0.1,0.08,no_change,0.08,2026-09-04T15:05:24,-23.8095,0.105000000447035,229.88,2026-09-04 19:44:26,2026-09-04 15:45:04
NVDA,NVDA260911P00190000,NVDA,2026-09-11,P,190.0,0.09,702.0,0.1,100.0,0.6307,6373.0,4888.0,-0.0142,0.0018,0.0117,-0.0441,-0.0005,0.1002,-0.015,0.1,0.1,0.08,no_change,0.1,2026-09-04T15:23:19,-13.0435,0.114999998360872,229.88,2026-09-04 19:44:26,2026-09-04 15:45:04
NVDA,NVDA260911P00192500,NVDA,2026-09-11,P,192.5,0.11,430.0,0.12,560.0,0.6092,1144.0,1702.0,-0.0161,0.0021,0.013,-0.0471,-0.0006,0.1097,-0.005,0.1,0.12,0.09,up,0.12,2026-09-04T15:27:31,-4.0,0.12499999627471,229.88,2026-09-04 19:44:26,2026-09-04 15:45:04
NVDA,NVDA260911P00195000,NVDA,2026-09-11,P,195.0,0.12,303.0,0.13,500.0,0.5777,7218.0,3806.0,-0.0183,0.0024,0.0145,-0.0504,-0.0006,0.1203,-0.005,0.12,0.13,0.1,up,0.13,2026-09-04T15:27:24,-3.7037,0.134999997913837,229.88,2026-09-04 19:44:26,2026-09-04 15:45:04
NVDA,NVDA260911P00197500,NVDA,2026-09-11,P,197.5,0.13,339.0,0.14,564.0,0.5454,1845.0,676.0,-0.021,0.0029,0.0163,-0.054,-0.0007,0.1326,-0.015,0.13,0.14,0.1,no_change,0.13,2026-09-04T15:29:24,-10.3448,0.145000003278255,229.88,2026-09-04 19:44:26,2026-09-04 15:45:04
NVDA,NVDA260911P00200000,NVDA,2026-09-11,P,200.0,0.14,397.0,0.15,389.0,0.5123,9625.0,1027.0,-0.0241,0.0034,0.0184,-0.058,-0.0008,0.147,-0.025,0.14,0.15,0.12,down,0.14,2026-09-04T15:26:55,-15.1515,0.16499999910593,229.88,2026-09-04 19:44:26,2026-09-04 15:45:04
NVDA,NVDA260911P00202500,NVDA,2026-09-11,P,202.5,0.16,380.0,0.17,390.0,0.4835,1796.0,585.0,-0.0281,0.0042,0.0209,-0.0626,-0.0009,0.1644,-0.03,0.17,0.17,0.13,no_change,0.16,2026-09-04T15:22:48,-15.7895,0.190000005066395,229.88,2026-09-04 19:44:26,2026-09-04 15:45:04
NVDA,NVDA260911P00205000,NVDA,2026-09-11,P,205.0,0.18,517.0,0.19,384.0,0.4528,8755.0,2277.0,-0.0332,0.0051,0.024,-0.0682,-0.0011,0.1866,-0.045,0.18,0.22,0.15,no_change,0.18,2026-09-04T15:26:19,-20.0,0.225000001490116,229.88,2026-09-04 19:44:26,2026-09-04 15:45:04
NVDA,NVDA260911P00207500,NVDA,2026-09-11,P,207.5,0.21,554.0,0.22,354.0,0.4242,5201.0,16443.0,-0.04,0.0063,0.028,-0.0755,-0.0014,0.2172,-0.055,0.22,0.26,0.17,no_change,0.22,2026-09-04T15:27:12,-20.0,0.275000005960464,229.88,2026-09-04 19:44:26,2026-09-04 15:45:04
NVDA,NVDA260911P00210000,NVDA,2026-09-11,P,210.0,0.26,454.0,0.27,371.0,0.3993,11280.0,5340.0,-0.0498,0.008,0.0334,-0.0857,-0.0017,0.2625,-0.085,0.28,0.31,0.2,no_change,0.26,2026-09-04T15:28:12,-24.6377,0.344999998807907,229.88,2026-09-04 19:44:26,2026-09-04 15:45:04
NVDA,NVDA260911P00212500,NVDA,2026-09-11,P,212.5,0.33,703.0,0.34,301.0,0.3754,3956.0,2134.0,-0.0643,0.0105,0.0407,-0.1004,-0.0021,0.3336,-0.13,0.33,0.39,0.25,up,0.34,2026-09-04T15:29:22,-27.6596,0.469999998807907,229.88,2026-09-04 19:44:26,2026-09-04 15:45:04
NVDA,NVDA260911P00215000,NVDA,2026-09-11,P,215.0,0.45,422.0,0.46,315.0,0.3567,10326.0,4125.0,-0.0863,0.0138,0.051,-0.1216,-0.0027,0.4496,-0.195,0.5,0.52,0.31,no_change,0.45,2026-09-04T15:28:58,-30.2326,0.644999980926514,229.88,2026-09-04 19:44:26,2026-09-04 15:45:04
NVDA,NVDA260911P00217500,NVDA,2026-09-11,P,217.5,0.63,427.0,0.64,3.0,0.3399,7964.0,5416.0,-0.1189,0.0183,0.0641,-0.1498,-0.0037,0.6349,-0.275,0.53,0.73,0.41,no_change,0.63,2026-09-04T15:29:24,-30.3867,0.905000001192093,229.88,2026-09-04 19:44:26,2026-09-04 15:45:04
NVDA,NVDA260911P00220000,NVDA,2026-09-11,P,220.0,0.92,172.0,0.94,281.0,0.3284,8938.0,27495.0,-0.1655,0.0237,0.0799,-0.1844,-0.0051,0.925,-0.36,0.9,1.05,0.56,up,0.93,2026-09-04T15:29:13,-27.907,1.28999996185303,229.88,2026-09-04 19:44:26,2026-09-04 15:45:04
NVDA,NVDA260911P00222500,NVDA,2026-09-11,P,222.5,1.36,149.0,1.38,173.0,0.3195,2515.0,8486.0,-0.2283,0.0297,0.0968,-0.2219,-0.007,1.3619,-0.47,1.32,1.51,0.79,no_change,1.36,2026-09-04T15:29:26,-25.6831,1.83000004291534,229.88,2026-09-04 19:44:26,2026-09-04 15:45:04
NVDA,NVDA260911P00225000,NVDA,2026-09-11,P,225.0,1.99,93.0,2.01,97.0,0.3126,6458.0,11592.0,-0.3076,0.0353,0.1125,-0.2559,-0.0087,1.9912,-0.56,1.8,2.12,1.14,down,2.0,2026-09-04T15:29:22,-21.875,2.55999994277954,229.88,2026-09-04 19:44:26,2026-09-04 15:45:04
NVDA,NVDA260911P00227500,NVDA,2026-09-11,P,227.5,2.86,32.0,2.88,100.0,0.3073,5118.0,8671.0,-0.4007,0.0395,0.1233,-0.2793,-0.0112,2.854,-0.655,2.56,3.08,1.64,up,2.87,2026-09-04T15:28:57,-18.5816,3.52499997615814,229.88,2026-09-04 19:44:26,2026-09-04 15:45:04
NVDA,NVDA260911P00230000,NVDA,2026-09-11,P,230.0,3.95,365.0,4.05,399.0,0.3031,2231.0,20775.0,-0.5019,0.0412,0.1273,-0.2859,-0.014,3.9778,-0.725,3.6,4.15,2.33,up,4.0,2026-09-04T15:29:23,-15.3439,4.72499990463257,229.88,2026-09-04 19:44:26,2026-09-04 15:45:04
NVDA,NVDA260911P00232500,NVDA,2026-09-11,P,232.5,5.35,305.0,5.45,366.0,0.3006,453.0,7975.0,-0.6042,0.0401,0.1229,-0.2732,-0.0154,5.3823,-0.8,5.0,5.58,3.29,no_change,5.4,2026-09-04T15:28:57,-12.9032,6.20000004768372,229.88,2026-09-04 19:44:26,2026-09-04 15:45:04
NVDA,NVDA260911P00235000,NVDA,2026-09-11,P,235.0,7.0,91.0,7.1,68.0,0.301,677.0,4455.0,-0.6988,0.0364,0.1117,-0.2444,-0.0177,7.044,-0.8,6.8,7.22,4.45,no_change,7.1,2026-09-04T15:28:18,-10.1266,7.90000009536743,229.88,2026-09-04 19:44:26,2026-09-04 15:45:04
NVDA,NVDA260911P00237500,NVDA,2026-09-11,P,237.5,8.85,238.0,9.0,55.0,0.2997,241.0,683.0,-0.7796,0.0308,0.0946,-0.2057,-0.0182,8.9439,-1.07,7.55,8.81,5.9,up,8.73,2026-09-04T15:21:04,-10.9184,9.7999997138977,229.88,2026-09-04 19:44:26,2026-09-04 15:45:04
NVDA,NVDA260911P00240000,NVDA,2026-09-11,P,240.0,10.95,231.0,11.1,50.0,0.3038,298.0,1389.0,-0.8432,0.0247,0.0774,-0.1656,-0.0195,11.0389,-1.05,9.0,11.0,7.63,down,10.85,2026-09-04T15:17:34,-8.82353,11.9000000953674,229.88,2026-09-04 19:44:26,2026-09-04 15:45:04
NVDA,NVDA260911P00242500,NVDA,2026-09-11,P,242.5,13.2,217.0,13.35,76.0,0.3119,20.0,199.0,-0.8894,0.019,0.0614,-0.1304,-0.0202,13.2796,-0.875,10.5,13.26,9.55,up,13.25,2026-09-04T15:25:40,-6.19469,14.125,229.88,2026-09-04 19:44:26,2026-09-04 15:45:04
NVDA,NVDA260911P00245000,NVDA,2026-09-11,P,245.0,15.5,216.0,15.7,63.0,0.3188,309.0,380.0,-0.921,0.0143,0.0481,-0.1026,-0.0206,15.6188,-0.9,14.64,15.58,11.5,down,15.55,2026-09-04T15:24:33,-5.47112,16.4499998092651,229.88,2026-09-04 19:44:26,2026-09-04 15:45:04
NVDA,NVDA260911P00247500,NVDA,2026-09-11,P,247.5,17.9,120.0,18.1,48.0,0.3306,63.0,75.0,-0.9422,0.0108,0.0378,-0.082,-0.0208,18.019,-0.88,15.65,17.92,13.8,up,17.92,2026-09-04T15:08:23,-4.68085,18.8000001907349,229.88,2026-09-04 19:44:26,2026-09-04 15:45:04
NVDA,NVDA260911P00250000,NVDA,2026-09-11,P,250.0,20.15,420.0,20.55,62.0,0.3056,163.0,57.0,-0.9565,0.0082,0.0298,-0.0668,-0.0208,20.4549,-1.475,18.0,19.75,16.0,up,19.75,2026-09-04T13:24:56,-6.94935,21.2250003814697,229.88,2026-09-04 19:44:26,2026-09-04 15:45:04
NVDA,NVDA260911P00252500,NVDA,2026-09-11,P,252.5,22.15,83.0,23.3,17.0,0.0,35.0,0.0,-0.9665,0.0064,0.0245,-0.0555,-0.0209,22.9114,0.0,0.0,0.0,0.0,up,24.2,2026-09-03T15:59:02,0.0,23.6749992370605,229.88,2026-09-04 19:44:26,2026-09-04 15:45:04
NVDA,NVDA260911P00255000,NVDA,2026-09-11,P,255.0,24.8,201.0,25.8,151.0,0.3238,60.0,22.0,-0.9735,0.005,0.0201,-0.0468,-0.0213,25.3811,-1.975,21.7,24.52,21.7,down,24.0,2026-09-04T12:36:56,-7.60346,25.9749994277954,229.88,2026-09-04 19:44:26,2026-09-04 15:45:04
NVDA,NVDA260911P00257500,NVDA,2026-09-11,P,257.5,26.95,223.0,28.85,173.0,0.4233,0.0,3.0,-0.9787,0.004,0.0167,-0.04,-0.0213,27.8584,-1.9,25.35,26.5,24.5,up,26.5,2026-09-04T11:56:51,-6.69014,28.3999996185303,229.88,2026-09-04 19:44:26,2026-09-04 15:45:04
NVDA,NVDA260911P00260000,NVDA,2026-09-11,P,260.0,29.55,217.0,31.9,166.0,0.566,27.0,2.0,-0.9826,0.0032,0.014,-0.0345,-0.0217,30.3413,-1.93,26.1,29.07,26.1,up,29.07,2026-09-04T11:52:45,-6.22581,31.0,229.88,2026-09-04 19:44:26,2026-09-04 15:45:04
NVDA,NVDA260911P00265000,NVDA,2026-09-11,P,265.0,34.5,81.0,36.85,18.0,0.6187,2.0,0.0,-0.988,0.0022,0.01,-0.0263,-0.022,35.317,0.0,0.0,0.0,0.0,up,40.0,2026-09-02T15:08:49,0.0,35.4500007629394,229.88,2026-09-04 19:44:26,2026-09-04 15:45:04
NVDA,NVDA260911P00270000,NVDA,2026-09-11,P,270.0,39.65,113.0,41.5,153.0,0.6484,20.0,4.0,-0.9914,0.0015,0.0077,-0.0205,-0.0223,40.3006,-3.15,37.0,38.0,36.7,up,38.0,2026-09-04T11:02:16,-7.65492,41.1499996185303,229.88,2026-09-04 19:44:26,2026-09-04 15:45:04
NVDA,NVDA260911P00275000,NVDA,2026-09-11,P,275.0,43.65,75.0,46.5,16.0,0.0,2.0,2.0,-0.9936,0.0011,0.0058,-0.0163,-0.0228,45.2893,-1.91,43.71,44.04,43.71,up,44.04,2026-09-04T11:59:51,-4.15669,45.9499988555908,229.88,2026-09-04 19:44:26,2026-09-04 15:45:04
NVDA,NVDA260911P00280000,NVDA,2026-09-11,P,280.0,49.6,75.0,50.9,21.0,0.0,0.0,0.0,-0.9952,0.0008,0.0046,-0.0132,-0.0231,50.2806,0.0,0.0,0.0,0.0,up,55.0,2026-08-17T15:55:53,0.0,50.9500007629394,229.88,2026-09-04 19:44:26,2026-09-04 15:45:04
NVDA,NVDA260911P00285000,NVDA,2026-09-11,P,285.0,54.55,225.0,55.7,175.0,0.0,0.0,136.0,-0.9962,0.0006,0.0036,-0.0109,-0.0236,55.274,-3.2,53.0,53.8,51.25,up,52.85,2026-09-04T12:51:16,-5.70919,56.0500011444092,229.88,2026-09-04 19:44:26,2026-09-04 15:45:04
NVDA,NVDA260911P00290000,NVDA,2026-09-11,P,290.0,59.55,76.0,60.7,18.0,0.0,0.0,0.0,-0.997,0.0005,0.003,-0.0091,-0.024,60.2685,0.0,0.0,0.0,0.0,down,64.25,2026-08-13T14:31:28,0.0,60.8500003814697,229.88,2026-09-04 19:44:26,2026-09-04 15:45:04
NVDA,NVDA260911P00295000,NVDA,2026-09-11,P,295.0,64.55,208.0,65.85,159.0,0.0,0.0,1.0,-0.9976,0.0004,0.0023,-0.0076,-0.0243,65.264,-3.6,62.35,62.35,62.35,down,62.35,2026-09-04T09:41:59,-5.45868,65.9500007629394,229.88,2026-09-04 19:44:26,2026-09-04 15:45:04
NVDA,NVDA260911P00300000,NVDA,2026-09-11,P,300.0,69.55,202.0,70.75,72.0,0.0,0.0,7.0,-0.9981,0.0003,0.002,-0.0065,-0.0248,70.26,-4.6,66.3,66.3,66.3,down,66.3,2026-09-04T10:09:00,-6.48801,70.9000015258789,229.88,2026-09-04 19:44:26,2026-09-04 15:45:04
NVDA,NVDA260911P00305000,NVDA,2026-09-11,P,305.0,74.55,81.0,75.8,24.0,0.0,0.0,0.0,-0.9984,0.0002,0.0017,-0.0055,-0.0251,75.2565,0.0,0.0,0.0,0.0,no_change,0.0,,0.0,76.0750007629394,229.88,2026-09-04 19:44:26,2026-09-04 15:45:04
NVDA,NVDA260911P00310000,NVDA,2026-09-11,P,310.0,79.55,96.0,80.85,15.0,0.0,0.0,0.0,-0.9987,0.0002,0.0014,-0.0048,-0.0255,80.2534,0.0,0.0,0.0,0.0,no_change,0.0,,0.0,80.8499984741211,229.88,2026-09-04 19:44:26,2026-09-04 15:45:04
NVDA,NVDA260911P00315000,NVDA,2026-09-11,P,315.0,84.55,88.0,85.8,15.0,0.0,0.0,0.0,-0.9989,0.0002,0.0012,-0.0042,-0.026,85.2505,0.0,0.0,0.0,0.0,up,103.0,2026-08-26T10:05:33,0.0,86.0250015258789,229.88,2026-09-04 19:44:26,2026-09-04 15:45:04
NVDA,NVDA260911P00320000,NVDA,2026-09-11,P,320.0,88.6,81.0,91.8,17.0,0.0,1.0,0.0,-0.9991,0.0001,0.001,-0.0036,-0.0264,90.2479,0.0,0.0,0.0,0.0,down,94.0,2026-09-02T11:12:56,0.0,90.8250007629394,229.88,2026-09-04 19:44:26,2026-09-04 15:45:04
NVDA,NVDA260911P00325000,NVDA,2026-09-11,P,325.0,94.55,84.0,95.7,18.0,0.0,0.0,0.0,-0.9992,0.0001,0.0009,-0.0032,-0.0267,95.2453,0.0,0.0,0.0,0.0,no_change,0.0,,0.0,95.9000015258789,229.88,2026-09-04 19:44:26,2026-09-04 15:45:04
NVDA,NVDA260911P00330000,NVDA,2026-09-11,P,330.0,99.55,211.0,100.65,161.0,0.0,0.0,18.0,-0.9993,0.0001,0.0007,-0.0028,-0.0272,100.2429,-4.22,97.0,97.0,96.68,down,96.68,2026-09-04T09:47:08,-4.18236,100.900001525879,229.88,2026-09-04 19:44:26,2026-09-04 15:45:04
NVDA,NVDA260911P00335000,NVDA,2026-09-11,P,335.0,104.55,84.0,105.7,16.0,0.0,0.0,0.0,-0.9994,0.0001,0.0007,-0.0025,-0.0276,105.2406,0.0,0.0,0.0,0.0,no_change,0.0,,0.0,106.049999237061,229.88,2026-09-04 19:44:26,2026-09-04 15:45:04
NVDA,NVDA260911P00340000,NVDA,2026-09-11,P,340.0,109.55,82.0,110.8,18.0,0.0,0.0,0.0,-0.9995,0.0001,0.0006,-0.0022,-0.028,110.2384,0.0,0.0,0.0,0.0,no_change,0.0,,0.0,110.975002288818,229.88,2026-09-04 19:44:26,2026-09-04 15:45:04
NVDA,NVDA260911P00345000,NVDA,2026-09-11,P,345.0,114.55,92.0,115.8,15.0,0.0,0.0,0.0,-0.9996,0.0001,0.0005,-0.002,-0.0284,115.2362,0.0,0.0,0.0,0.0,no_change,0.0,,0.0,115.974998474121,229.88,2026-09-04 19:44:26,2026-09-04 15:45:04
NVDA,NVDA260911P00350000,NVDA,2026-09-11,P,350.0,119.55,98.0,120.55,15.0,0.0,0.0,0.0,-0.9996,0.0,0.0004,-0.0018,-0.0288,120.2341,0.0,0.0,0.0,0.0,no_change,0.0,,0.0,121.049999237061,229.88,2026-09-04 19:44:26,2026-09-04 15:45:04
NVDA,NVDA260911P00360000,NVDA,2026-09-11,P,360.0,129.55,100.0,130.8,15.0,0.0,0.0,0.0,-0.9997,0.0,0.0004,-0.0014,-0.0296,130.2301,0.0,0.0,0.0,0.0,no_change,0.0,,0.0,131.049995422363,229.88,2026-09-04 19:44:26,2026-09-04 15:45:04
NVDA,NVDA260911P00370000,NVDA,2026-09-11,P,370.0,139.55,104.0,140.8,15.0,0.0,0.0,0.0,-0.9998,0.0,0.0003,-0.0012,-0.0304,140.2261,0.0,0.0,0.0,0.0,no_change,0.0,,0.0,141.049995422363,229.88,2026-09-04 19:44:26,2026-09-04 15:45:04
NVDA,NVDA260911P00380000,NVDA,2026-09-11,P,380.0,149.5,83.0,150.7,16.0,0.0,0.0,0.0,-0.9998,0.0,0.0002,-0.001,-0.0312,150.2222,0.0,0.0,0.0,0.0,no_change,0.0,,0.0,150.900001525879,229.88,2026-09-04 19:44:26,2026-09-04 15:45:04
NVDA,NVDA260911P00390000,NVDA,2026-09-11,P,390.0,159.5,92.0,160.65,17.0,0.0,0.0,0.0,-0.9998,0.0,0.0002,-0.0008,-0.0321,160.2184,0.0,0.0,0.0,0.0,up,175.96,2026-08-24T09:30:10,0.0,161.049995422363,229.88,2026-09-04 19:44:26,2026-09-04 15:45:04
NVDA,NVDA260914C00150000,NVDA,2026-09-14,C,150.0,78.35,77.0,84.15,10.0,1.6858,0.0,0.0,0.9975,0.0002,0.0031,-0.013,0.0094,79.9598,0.0,0.0,0.0,0.0,no_change,0.0,,0.0,79.7000007629394,229.88,2026-09-04 19:44:26,2026-09-04 15:45:04
NVDA,NVDA260914C00155000,NVDA,2026-09-14,C,155.0,73.35,77.0,79.15,15.0,1.5775,0.0,0.0,0.9969,0.0003,0.0036,-0.0147,0.0096,74.9653,0.0,0.0,0.0,0.0,no_change,0.0,,0.0,74.7000007629394,229.88,2026-09-04 19:44:26,2026-09-04 15:45:04
NVDA,NVDA260914C00160000,NVDA,2026-09-14,C,160.0,68.3,75.0,74.2,17.0,1.472,0.0,0.0,0.9962,0.0004,0.0041,-0.0167,0.0099,69.9712,0.0,0.0,0.0,0.0,no_change,0.0,,0.0,69.7000007629394,229.88,2026-09-04 19:44:26,2026-09-04 15:45:04
NVDA,NVDA260914C00165000,NVDA,2026-09-14,C,165.0,64.35,68.0,67.2,11.0,1.2465,0.0,0.0,0.9954,0.0005,0.0051,-0.0189,0.0102,64.9779,0.0,0.0,0.0,0.0,no_change,0.0,,0.0,64.7250003814697,229.88,2026-09-04 19:44:26,2026-09-04 15:45:04
NVDA,NVDA260914C00170000,NVDA,2026-09-14,C,170.0,58.2,180.0,64.2,130.0,1.2575,1.0,1.0,0.9943,0.0006,0.0062,-0.0215,0.0113,59.9863,3.5,63.25,63.25,63.25,up,63.25,2026-09-04T11:21:10,5.85774,59.75,229.88,2026-09-04 19:44:26,2026-09-04 15:45:04
NVDA,NVDA260914C00175000,NVDA,2026-09-14,C,175.0,53.45,75.0,57.25,13.0,0.9293,0.0,0.0,0.9929,0.0008,0.0073,-0.0245,0.0115,54.9961,0.0,0.0,0.0,0.0,no_change,0.0,,0.0,54.7749996185303,229.88,2026-09-04 19:44:26,2026-09-04 15:45:04
NVDA,NVDA260914C00180000,NVDA,2026-09-14,C,180.0,48.3,79.0,54.25,11.0,1.0783,1.0,1.0,0.9912,0.001,0.0093,-0.0279,0.0118,50.0075,1.225,51.0,51.0,51.0,up,51.0,2026-09-04T14:30:19,2.46108,49.7749996185303,229.88,2026-09-04 19:44:26,2026-09-04 15:45:04
NVDA,NVDA260914C00185000,NVDA,2026-09-14,C,185.0,43.55,89.0,49.25,11.0,1.0053,2.0,0.0,0.9888,0.0014,0.0113,-0.032,0.0132,45.0222,0.0,0.0,0.0,0.0,no_change,33.69,2026-09-01T13:54:23,0.0,44.7999992370606,229.88,2026-09-04 19:44:26,2026-09-04 15:45:04
NVDA,NVDA260914C00190000,NVDA,2026-09-14,C,190.0,38.35,89.0,40.3,11.0,0.0,2.0,0.0,0.9856,0.0019,0.0135,-0.0367,0.0134,40.04,0.0,0.0,0.0,0.0,no_change,28.73,2026-09-01T13:54:23,0.0,39.8000011444092,229.88,2026-09-04 19:44:26,2026-09-04 15:45:04
NVDA,NVDA260914C00195000,NVDA,2026-09-14,C,195.0,33.6,171.0,37.25,125.0,0.6237,14.0,2.0,0.9811,0.0026,0.0179,-0.0423,0.0152,35.063,4.05,38.34,38.35,38.34,up,38.35,2026-09-04T09:46:26,11.8076,34.3000011444092,229.88,2026-09-04 19:44:26,2026-09-04 15:45:04
NVDA,NVDA260914C00200000,NVDA,2026-09-14,C,200.0,29.2,79.0,32.4,15.0,0.6268,4.0,0.0,0.9747,0.0037,0.0223,-0.0493,0.0154,30.0945,0.0,0.0,0.0,0.0,down,24.85,2026-09-02T15:50:00,0.0,28.7000007629394,229.88,2026-09-04 19:44:26,2026-09-04 15:45:04
NVDA,NVDA260914C00205000,NVDA,2026-09-14,C,205.0,24.8,80.0,26.1,76.0,0.4775,11.0,8.0,0.964,0.0055,0.0303,-0.0595,0.0174,25.146,1.045,28.04,28.6,25.47,down,25.47,2026-09-04T14:31:17,4.2784,24.4250001907349,229.88,2026-09-04 19:44:26,2026-09-04 15:45:04
NVDA,NVDA260914C00210000,NVDA,2026-09-14,C,210.0,20.15,40.0,20.35,306.0,0.3566,159.0,164.0,0.9434,0.0088,0.0436,-0.0777,0.0194,20.2522,1.42,22.95,24.9,20.5,up,20.92,2026-09-04T14:59:17,7.28205,19.5,229.88,2026-09-04 19:44:26,2026-09-04 15:45:04
NVDA,NVDA260914C00215000,NVDA,2026-09-14,C,215.0,15.4,33.0,15.6,262.0,0.3252,137.0,187.0,0.8996,0.0147,0.0683,-0.1112,0.0236,15.5067,0.85,18.6,20.2,15.7,down,15.7,2026-09-04T15:16:41,5.72391,14.8499999046326,229.88,2026-09-04 19:44:26,2026-09-04 15:45:04
NVDA,NVDA260914C00220000,NVDA,2026-09-14,C,220.0,11.0,33.0,11.15,218.0,0.3045,794.0,284.0,0.8143,0.0234,0.1028,-0.1601,0.0258,11.099,0.48,11.55,15.24,11.08,down,11.08,2026-09-04T15:27:41,4.5283,10.5999999046326,229.88,2026-09-04 19:44:26,2026-09-04 15:45:04
NVDA,NVDA260914C00225000,NVDA,2026-09-14,C,225.0,7.2,230.0,7.3,59.0,0.2925,899.0,482.0,0.6782,0.0321,0.1367,-0.207,0.0245,7.2907,0.28,9.05,11.1,7.28,down,7.28,2026-09-04T15:27:41,4.0,7.0,229.88,2026-09-04 19:44:26,2026-09-04 15:45:04
NVDA,NVDA260914C00230000,NVDA,2026-09-14,C,230.0,4.3,1.0,4.35,359.0,0.2871,7705.0,5043.0,0.5054,0.0363,0.152,-0.2243,0.0204,4.3179,0.05,5.05,7.5,4.25,down,4.25,2026-09-04T15:28:41,1.19047,4.20000004768372,229.88,2026-09-04 19:44:26,2026-09-04 15:45:04
NVDA,NVDA260914C00235000,NVDA,2026-09-14,C,235.0,2.29,1.0,2.32,257.0,0.2869,4208.0,5669.0,0.3299,0.0333,0.1383,-0.1992,0.0138,2.2812,0.02,2.26,4.58,2.26,no_change,2.3,2026-09-04T15:28:57,0.877194,2.27999997138977,229.88,2026-09-04 19:44:26,2026-09-04 15:45:04
NVDA,NVDA260914C00240000,NVDA,2026-09-14,C,240.0,1.1,104.0,1.12,103.0,0.2888,717.0,2808.0,0.1903,0.0247,0.1044,-0.1478,0.0081,1.1077,-0.015,1.4,2.55,1.12,no_change,1.12,2026-09-04T15:29:23,-1.32159,1.13499999046326,229.88,2026-09-04 19:44:26,2026-09-04 15:45:04
NVDA,NVDA260914C00245000,NVDA,2026-09-14,C,245.0,0.53,318.0,0.54,241.0,0.2969,306.0,1499.0,0.1035,0.0158,0.0697,-0.0987,0.0044,0.5365,-0.005,0.59,1.33,0.54,no_change,0.54,2026-09-04T15:27:47,-0.917429,0.544999986886978,229.88,2026-09-04 19:44:26,2026-09-04 15:45:04
NVDA,NVDA260914C00250000,NVDA,2026-09-14,C,250.0,0.28,327.0,0.29,509.0,0.3152,974.0,3873.0,0.0586,0.0096,0.0457,-0.0664,0.0025,0.2885,0.025,0.28,0.72,0.26,down,0.29,2026-09-04T15:25:40,9.43396,0.265000000596046,229.88,2026-09-04 19:44:26,2026-09-04 15:45:04
NVDA,NVDA260914C00255000,NVDA,2026-09-14,C,255.0,0.17,305.0,0.18,699.0,0.3404,68.0,896.0,0.0363,0.0061,0.0312,-0.0477,0.0015,0.1781,0.04,0.15,0.4,0.15,no_change,0.18,2026-09-04T15:27:14,28.5714,0.140000000596046,229.88,2026-09-04 19:44:26,2026-09-04 15:45:04
NVDA,NVDA260914C00260000,NVDA,2026-09-14,C,260.0,0.12,351.0,0.13,613.0,0.371,66.0,676.0,0.0245,0.004,0.0226,-0.0365,0.001,0.1225,0.045,0.16,0.25,0.12,down,0.13,2026-09-04T15:22:05,52.9412,0.0850000008940697,229.88,2026-09-04 19:44:26,2026-09-04 15:45:04
NVDA,NVDA260914C00265000,NVDA,2026-09-14,C,265.0,0.09,172.0,0.1,518.0,0.4019,60.0,299.0,0.0175,0.0028,0.017,-0.0291,0.0007,0.09,0.06,0.06,0.16,0.06,down,0.11,2026-09-04T15:14:39,120.0,0.0499999988824129,229.88,2026-09-04 19:44:26,2026-09-04 15:45:04
NVDA,NVDA260914C00270000,NVDA,2026-09-14,C,270.0,0.07,153.0,0.08,547.0,0.4322,110.0,496.0,0.013,0.002,0.0131,-0.0238,0.0005,0.0689,0.05,0.04,0.1,0.04,no_change,0.09,2026-09-04T15:10:52,125.0,0.0400000000372529,229.88,2026-09-04 19:44:26,2026-09-04 15:45:04
NVDA,NVDA260914C00275000,NVDA,2026-09-14,C,275.0,0.05,494.0,0.06,666.0,0.4561,2.0,78.0,0.01,0.0015,0.0104,-0.0198,0.0004,0.0542,0.045,0.05,0.07,0.05,up,0.07,2026-09-04T15:15:03,180.0,0.0249999994412065,229.88,2026-09-04 19:44:26,2026-09-04 15:45:04
NVDA,NVDA260914C00280000,NVDA,2026-09-14,C,280.0,0.04,194.0,0.05,503.0,0.484,44.0,7.0,0.0078,0.0012,0.0084,-0.0167,0.0003,0.0436,0.01,0.05,0.06,0.03,no_change,0.03,2026-09-04T14:03:34,50.0,0.0199999995529652,229.88,2026-09-04 19:44:26,2026-09-04 15:45:04
NVDA,NVDA260914C00285000,NVDA,2026-09-14,C,285.0,0.03,520.0,0.04,528.0,0.5073,4.0,8.0,0.0062,0.0009,0.0068,-0.0142,0.0003,0.0356,0.01,0.03,0.03,0.03,no_change,0.03,2026-09-04T09:30:00,50.0,0.0199999995529652,229.88,2026-09-04 19:44:26,2026-09-04 15:45:04
NVDA,NVDA260914C00290000,NVDA,2026-09-14,C,290.0,0.02,566.0,0.03,409.0,0.5246,28.0,42.0,0.005,0.0007,0.0056,-0.0121,0.0002,0.0293,0.01,0.03,0.03,0.01,up,0.02,2026-09-04T14:55:49,100.0,0.00999999977648258,229.88,2026-09-04 19:44:26,2026-09-04 15:45:04
NVDA,NVDA260914C00295000,NVDA,2026-09-14,C,295.0,0.01,669.0,0.03,515.0,0.5465,94.0,119.0,0.0041,0.0006,0.0047,-0.0105,0.0002,0.0246,0.01,0.01,0.04,0.01,up,0.02,2026-09-04T15:12:01,100.0,0.00999999977648258,229.88,2026-09-04 19:44:26,2026-09-04 15:45:04
NVDA,NVDA260914P00150000,NVDA,2026-09-14,P,150.0,0.03,249.0,0.04,193.0,0.9692,55.0,1.0,-0.0035,0.0003,0.004,-0.0164,-0.0002,0.0399,-0.01,0.04,0.04,0.04,up,0.04,2026-09-04T10:44:24,-20.0,0.0499999988824129,229.88,2026-09-04 19:44:26,2026-09-04 15:45:04
NVDA,NVDA260914P00155000,NVDA,2026-09-14,P,155.0,0.03,245.0,0.05,234.0,0.9134,9.0,0.0,-0.0042,0.0004,0.0047,-0.0182,-0.0002,0.0453,0.0,0.0,0.0,0.0,down,0.05,2026-09-03T13:34:38,0.0,0.0499999988824129,229.88,2026-09-04 19:44:26,2026-09-04 15:45:04
NVDA,NVDA260914P00160000,NVDA,2026-09-14,P,160.0,0.04,497.0,0.06,321.0,0.8668,35.0,10.0,-0.005,0.0004,0.0055,-0.0202,-0.0002,0.0516,-0.02,0.06,0.06,0.04,down,0.04,2026-09-04T13:00:32,-33.3333,0.0600000005215406,229.88,2026-09-04 19:44:26,2026-09-04 15:45:04
NVDA,NVDA260914P00165000,NVDA,2026-09-14,P,165.0,0.05,245.0,0.07,243.0,0.8165,10.0,0.0,-0.006,0.0005,0.0065,-0.0224,-0.0003,0.059,0.0,0.0,0.0,0.0,down,0.06,2026-09-03T14:55:29,0.0,0.0699999984353781,229.88,2026-09-04 19:44:26,2026-09-04 15:45:04
NVDA,NVDA260914P00170000,NVDA,2026-09-14,P,170.0,0.06,419.0,0.08,267.0,0.7639,4.0,17.0,-0.0072,0.0007,0.0077,-0.025,-0.0003,0.0679,0.01,0.07,0.09,0.06,up,0.09,2026-09-04T15:19:59,12.5,0.080000001937151,229.88,2026-09-04 19:44:26,2026-09-04 15:45:04
NVDA,NVDA260914P00175000,NVDA,2026-09-14,P,175.0,0.07,553.0,0.09,378.0,0.7096,14.0,33.0,-0.0088,0.0009,0.0092,-0.0279,-0.0004,0.0785,-0.02,0.07,0.08,0.07,down,0.07,2026-09-04T13:07:41,-22.2222,0.0899999998509884,229.88,2026-09-04 19:44:26,2026-09-04 15:45:04
NVDA,NVDA260914P00180000,NVDA,2026-09-14,P,180.0,0.09,255.0,0.1,243.0,0.6586,41.0,112.0,-0.0108,0.0011,0.011,-0.0312,-0.0005,0.0914,-0.005,0.09,0.1,0.09,no_change,0.09,2026-09-04T15:15:15,-5.26316,0.0950000025331974,229.88,2026-09-04 19:44:26,2026-09-04 15:45:04
NVDA,NVDA260914P00185000,NVDA,2026-09-14,P,185.0,0.1,734.0,0.11,2.0,0.6013,14.0,17.0,-0.0135,0.0015,0.0133,-0.0351,-0.0006,0.1073,-0.02,0.11,0.11,0.1,no_change,0.1,2026-09-04T14:13:43,-16.6667,0.119999997317791,229.88,2026-09-04 19:44:26,2026-09-04 15:45:04
NVDA,NVDA260914P00190000,NVDA,2026-09-14,P,190.0,0.12,394.0,0.13,2.0,0.5498,50.0,29.0,-0.017,0.002,0.0163,-0.0396,-0.0007,0.1271,-0.01,0.12,0.13,0.11,up,0.13,2026-09-04T14:44:20,-7.14286,0.140000000596046,229.88,2026-09-04 19:44:26,2026-09-04 15:45:04
NVDA,NVDA260914P00195000,NVDA,2026-09-14,P,195.0,0.15,199.0,0.16,148.0,0.5008,736.0,15.0,-0.0218,0.0027,0.0202,-0.0448,-0.0009,0.1524,-0.02,0.15,0.16,0.14,down,0.15,2026-09-04T12:48:39,-11.7647,0.170000001788139,229.88,2026-09-04 19:44:26,2026-09-04 15:45:04
NVDA,NVDA260914P00200000,NVDA,2026-09-14,P,200.0,0.18,259.0,0.19,138.0,0.4473,280.0,161.0,-0.0287,0.0038,0.0254,-0.0514,-0.0012,0.1874,-0.035,0.18,0.2,0.16,down,0.18,2026-09-04T15:25:02,-16.2791,0.215000003576279,229.88,2026-09-04 19:44:26,2026-09-04 15:45:04
NVDA,NVDA260914P00205000,NVDA,2026-09-14,P,205.0,0.24,321.0,0.25,153.0,0.3999,139.0,115.0,-0.0399,0.0056,0.0334,-0.061,-0.0017,0.2438,-0.06,0.24,0.27,0.21,no_change,0.24,2026-09-04T15:09:43,-20.0,0.299999997019768,229.88,2026-09-04 19:44:26,2026-09-04 15:45:04
NVDA,NVDA260914P00210000,NVDA,2026-09-14,P,210.0,0.36,260.0,0.38,245.0,0.3594,512.0,219.0,-0.0613,0.0089,0.0469,-0.0784,-0.0026,0.3598,-0.115,0.35,0.4,0.27,no_change,0.37,2026-09-04T15:27:28,-23.7113,0.484999999403954,229.88,2026-09-04 19:44:26,2026-09-04 15:45:04
NVDA,NVDA260914P00215000,NVDA,2026-09-14,P,215.0,0.62,279.0,0.65,181.0,0.3275,691.0,963.0,-0.105,0.0146,0.0703,-0.1102,-0.0044,0.6276,-0.22,0.89,0.89,0.42,down,0.63,2026-09-04T15:27:45,-25.8824,0.849999994039536,229.88,2026-09-04 19:44:26,2026-09-04 15:45:04
NVDA,NVDA260914P00220000,NVDA,2026-09-14,P,220.0,1.23,60.0,1.26,179.0,0.3075,1127.0,1305.0,-0.1894,0.0231,0.104,-0.1582,-0.0079,1.2338,-0.39,1.15,1.37,0.78,down,1.23,2026-09-04T15:26:07,-24.0741,1.62000000476837,229.88,2026-09-04 19:44:26,2026-09-04 15:45:04
NVDA,NVDA260914P00225000,NVDA,2026-09-14,P,225.0,2.42,86.0,2.46,85.0,0.2958,980.0,1736.0,-0.3244,0.032,0.1372,-0.206,-0.0132,2.4341,-0.575,2.4,2.59,1.49,no_change,2.43,2026-09-04T15:28:41,-19.1348,3.00499999523163,229.88,2026-09-04 19:44:26,2026-09-04 15:45:04
NVDA,NVDA260914P00230000,NVDA,2026-09-14,P,230.0,4.45,74.0,4.55,132.0,0.2888,297.0,1783.0,-0.4977,0.0365,0.1519,-0.2254,-0.0186,4.4673,-0.69,5.15,5.15,2.77,up,4.51,2026-09-04T15:28:25,-13.2692,5.20000004768372,229.88,2026-09-04 19:44:26,2026-09-04 15:45:04
NVDA,NVDA260914P00235000,NVDA,2026-09-14,P,235.0,7.4,286.0,7.55,63.0,0.2865,74.0,689.0,-0.6747,0.0336,0.1373,-0.2018,-0.0223,7.4566,-0.8,8.1,8.1,4.91,up,7.5,2026-09-04T15:26:51,-9.63855,8.2999997138977,229.88,2026-09-04 19:44:26,2026-09-04 15:45:04
NVDA,NVDA260914P00240000,NVDA,2026-09-14,P,240.0,11.2,235.0,11.4,53.0,0.2868,56.0,99.0,-0.8158,0.025,0.1015,-0.1496,-0.0228,11.3037,-1.225,9.66,11.15,7.96,no_change,10.95,2026-09-04T14:45:54,-10.0616,12.1750001907349,229.88,2026-09-04 19:44:26,2026-09-04 15:45:04
NVDA,NVDA260914P00245000,NVDA,2026-09-14,P,245.0,15.65,159.0,15.85,41.0,0.2962,5.0,8.0,-0.9028,0.0158,0.066,-0.0988,-0.0213,15.7579,-1.025,11.95,15.55,11.95,up,15.55,2026-09-04T14:43:11,-6.18402,16.5750007629395,229.88,2026-09-04 19:44:26,2026-09-04 15:45:04
NVDA,NVDA260914P00250000,NVDA,2026-09-14,P,250.0,20.4,113.0,20.6,33.0,0.3092,4.0,26.0,-0.9471,0.0094,0.0418,-0.0648,-0.0187,20.5268,-1.225,16.6,20.1,16.6,up,20.1,2026-09-04T14:31:28,-5.74443,21.3250007629395,229.88,2026-09-04 19:44:26,2026-09-04 15:45:04
NVDA,NVDA260914P00255000,NVDA,2026-09-14,P,255.0,23.85,209.0,27.0,159.0,0.3402,2.0,25.0,-0.9684,0.0058,0.0272,-0.0451,-0.0179,25.4282,-1.8,22.85,24.4,21.0,up,24.4,2026-09-04T12:06:33,-6.87023,26.1999998092651,229.88,2026-09-04 19:44:26,2026-09-04 15:45:04
NVDA,NVDA260914P00260000,NVDA,2026-09-14,P,260.0,27.35,200.0,33.4,150.0,0.3514,0.0,4.0,-0.9794,0.0038,0.0191,-0.0335,-0.017,30.3796,-3.075,27.0,28.6,26.9,up,28.6,2026-09-04T12:53:08,-9.70797,31.6749992370606,229.88,2026-09-04 19:44:26,2026-09-04 15:45:04
NVDA,NVDA260914P00265000,NVDA,2026-09-14,P,265.0,34.55,75.0,36.4,15.0,0.4619,0.0,0.0,-0.9857,0.0026,0.0144,-0.026,-0.017,35.3517,0.0,0.0,0.0,0.0,no_change,0.0,,0.0,36.2000007629394,229.88,2026-09-04 19:44:26,2026-09-04 15:45:04
NVDA,NVDA260914P00270000,NVDA,2026-09-14,P,270.0,36.1,75.0,43.9,12.0,0.0,0.0,0.0,-0.9896,0.0018,0.0105,-0.0207,-0.0168,40.3339,0.0,0.0,0.0,0.0,no_change,0.0,,0.0,42.0249996185303,229.88,2026-09-04 19:44:26,2026-09-04 15:45:04
NVDA,NVDA260914P00275000,NVDA,2026-09-14,P,275.0,41.1,75.0,49.0,14.0,0.0,0.0,0.0,-0.9923,0.0013,0.0083,-0.0168,-0.0168,45.3213,0.0,0.0,0.0,0.0,no_change,0.0,,0.0,46.5499992370606,229.88,2026-09-04 19:44:26,2026-09-04 15:45:04
NVDA,NVDA260914P00280000,NVDA,2026-09-14,P,280.0,46.1,75.0,53.85,24.0,0.0,0.0,0.0,-0.9941,0.001,0.0064,-0.0138,-0.0167,50.3122,0.0,0.0,0.0,0.0,no_change,0.0,,0.0,51.25,229.88,2026-09-04 19:44:26,2026-09-04 15:45:04
NVDA,NVDA260914P00285000,NVDA,2026-09-14,P,285.0,51.05,75.0,58.9,11.0,0.0,0.0,0.0,-0.9954,0.0008,0.0053,-0.0115,-0.0167,55.3051,0.0,0.0,0.0,0.0,no_change,0.0,,0.0,56.8249988555908,229.88,2026-09-04 19:44:26,2026-09-04 15:45:04
NVDA,NVDA260914P00290000,NVDA,2026-09-14,P,290.0,59.45,80.0,60.6,21.0,0.0,0.0,0.0,-0.9963,0.0006,0.0042,-0.0097,-0.0168,60.2995,0.0,0.0,0.0,0.0,no_change,0.0,,0.0,61.1999988555908,229.88,2026-09-04 19:44:26,2026-09-04 15:45:04
NVDA,NVDA260914P00295000,NVDA,2026-09-14,P,295.0,64.1,75.0,66.05,11.0,0.0,2.0,0.0,-0.997,0.0005,0.0034,-0.0082,-0.017,65.2951,0.0,0.0,0.0,0.0,down,70.0,2026-09-02T11:06:36,0.0,66.3999996185303,229.88,2026-09-04 19:44:26,2026-09-04 15:45:04
NVDA,NVDA260916C00150000,NVDA,2026-09-16,C,150.0,78.1,97.0,84.15,15.0,1.5059,0.0,0.0,0.9966,0.0003,0.0042,-0.0154,0.0108,79.9748,0.0,0.0,0.0,0.0,no_change,0.0,,0.0,79.7000007629394,229.88,2026-09-04 19:44:26,2026-09-04 15:45:04
NVDA,NVDA260916C00155000,NVDA,2026-09-16,C,155.0,73.15,77.0,79.2,24.0,1.4206,1.0,0.0,0.9958,0.0004,0.0049,-0.0176,0.0111,74.9825,0.0,0.0,0.0,0.0,up,64.0,2026-09-01T11:30:01,0.0,74.7000007629394,229.88,2026-09-04 19:44:26,2026-09-04 15:45:04
NVDA,NVDA260916C00160000,NVDA,2026-09-16,C,160.0,68.5,75.0,74.2,15.0,1.364,0.0,0.0,0.9949,0.0005,0.0061,-0.0202,0.0114,69.991,0.0,0.0,0.0,0.0,no_change,0.0,,0.0,69.7250022888184,229.88,2026-09-04 19:44:26,2026-09-04 15:45:04
NVDA,NVDA260916C00165000,NVDA,2026-09-16,C,165.0,64.05,77.0,69.2,24.0,1.3224,0.0,0.0,0.9936,0.0006,0.0075,-0.0231,0.0134,65.0019,0.0,0.0,0.0,0.0,no_change,0.0,,0.0,64.75,229.88,2026-09-04 19:44:26,2026-09-04 15:45:04
NVDA,NVDA260916C00170000,NVDA,2026-09-16,C,170.0,59.35,70.0,63.15,17.0,1.1561,0.0,0.0,0.9921,0.0008,0.0087,-0.0265,0.0138,60.0148,0.0,0.0,0.0,0.0,no_change,0.0,,0.0,59.8000011444092,229.88,2026-09-04 19:44:26,2026-09-04 15:45:04
NVDA,NVDA260916C00175000,NVDA,2026-09-16,C,175.0,53.6,75.0,57.55,18.0,0.9154,0.0,0.0,0.9901,0.001,0.0113,-0.0303,0.0164,55.0299,0.0,0.0,0.0,0.0,no_change,0.0,,0.0,54.7749996185303,229.88,2026-09-04 19:44:26,2026-09-04 15:45:04
NVDA,NVDA260916C00180000,NVDA,2026-09-16,C,180.0,49.2,69.0,51.4,11.0,0.7542,0.0,0.0,0.9874,0.0013,0.0134,-0.0347,0.0167,50.0494,0.0,0.0,0.0,0.0,no_change,0.0,,0.0,49.8000011444092,229.88,2026-09-04 19:44:26,2026-09-04 15:45:04
NVDA,NVDA260916C00185000,NVDA,2026-09-16,C,185.0,43.1,75.0,48.05,20.0,0.7584,1.0,0.0,0.984,0.0018,0.0169,-0.0399,0.017,45.0727,0.0,0.0,0.0,0.0,no_change,33.53,2026-09-01T10:21:28,0.0,44.8250007629394,229.88,2026-09-04 19:44:26,2026-09-04 15:45:04
NVDA,NVDA260916C00190000,NVDA,2026-09-16,C,190.0,39.6,53.0,44.3,16.0,0.9045,1.0,0.0,0.9793,0.0024,0.0209,-0.0458,0.0204,40.1035,0.0,0.0,0.0,0.0,no_change,28.62,2026-09-01T10:21:28,0.0,39.875,229.88,2026-09-04 19:44:26,2026-09-04 15:45:04
NVDA,NVDA260916C00195000,NVDA,2026-09-16,C,195.0,34.1,68.0,39.35,19.0,0.7849,0.0,0.0,0.9728,0.0033,0.0268,-0.053,0.0233,35.1434,0.0,0.0,0.0,0.0,no_change,0.0,,0.0,34.9500007629394,229.88,2026-09-04 19:44:26,2026-09-04 15:45:04
NVDA,NVDA260916C00200000,NVDA,2026-09-16,C,200.0,29.7,185.0,33.0,156.0,0.6491,55.0,8.0,0.963,0.0046,0.0337,-0.0622,0.0243,30.2038,3.35,35.0,35.0,33.6,down,33.6,2026-09-04T10:50:40,11.0744,30.25,229.88,2026-09-04 19:44:26,2026-09-04 15:45:04
NVDA,NVDA260916C00205000,NVDA,2026-09-16,C,205.0,25.15,19.0,25.45,40.0,0.4024,38.0,0.0,0.9468,0.0067,0.0456,-0.076,0.0282,25.3056,0.0,0.0,0.0,0.0,down,25.09,2026-09-03T15:26:10,0.0,24.4499998092651,229.88,2026-09-04 19:44:26,2026-09-04 15:45:04
NVDA,NVDA260916C00210000,NVDA,2026-09-16,C,210.0,20.4,18.0,20.65,119.0,0.373,17.0,143.0,0.9177,0.0101,0.0638,-0.0979,0.0315,20.5034,0.81,22.89,23.3,20.5,up,20.56,2026-09-04T15:29:17,4.10127,19.75,229.88,2026-09-04 19:44:26,2026-09-04 15:45:04
NVDA,NVDA260916C00215000,NVDA,2026-09-16,C,215.0,15.8,17.0,16.05,225.0,0.3466,302.0,58.0,0.8652,0.0153,0.0914,-0.1306,0.0367,15.9049,0.625,18.04,20.23,15.85,up,15.9,2026-09-04T15:08:45,4.09166,15.2749996185303,229.88,2026-09-04 19:44:26,2026-09-04 15:45:04
NVDA,NVDA260916C00220000,NVDA,2026-09-16,C,220.0,11.6,45.0,11.85,303.0,0.3311,115.0,233.0,0.7789,0.0218,0.1246,-0.1708,0.0377,11.6806,0.56,11.65,15.55,11.65,no_change,11.71,2026-09-04T15:29:17,5.02242,11.1500000953674,229.88,2026-09-04 19:44:26,2026-09-04 15:45:04
NVDA,NVDA260916C00225000,NVDA,2026-09-16,C,225.0,7.95,84.0,8.1,212.0,0.3165,363.0,141.0,0.6562,0.0278,0.1538,-0.2059,0.034,8.0335,0.365,10.05,11.75,8.04,down,8.04,2026-09-04T15:26:51,4.7557,7.67500019073486,229.88,2026-09-04 19:44:26,2026-09-04 15:45:04
NVDA,NVDA260916C00230000,NVDA,2026-09-16,C,230.0,5.05,114.0,5.2,284.0,0.3107,671.0,633.0,0.5087,0.0306,0.1664,-0.2192,0.0272,5.1316,0.235,5.8,8.25,5.15,down,5.16,2026-09-04T15:25:27,4.77157,4.92500019073486,229.88,2026-09-04 19:44:26,2026-09-04 15:45:04
NVDA,NVDA260916C00235000,NVDA,2026-09-16,C,235.0,3.0,240.0,3.1,441.0,0.3092,658.0,6377.0,0.3595,0.0289,0.1562,-0.203,0.0195,3.0393,0.19,3.32,5.45,3.1,no_change,3.1,2026-09-04T15:23:01,6.52921,2.9099999666214,229.88,2026-09-04 19:44:26,2026-09-04 15:45:04
NVDA,NVDA260916C00240000,NVDA,2026-09-16,C,240.0,1.68,51.0,1.72,226.0,0.3107,616.0,920.0,0.2325,0.0235,0.1281,-0.1646,0.0127,1.6891,0.125,2.05,3.3,1.72,down,1.73,2026-09-04T15:23:29,7.78816,1.60500001907349,229.88,2026-09-04 19:44:26,2026-09-04 15:45:04
NVDA,NVDA260916C00245000,NVDA,2026-09-16,C,245.0,0.9,230.0,0.93,358.0,0.3162,4525.0,1048.0,0.1414,0.0169,0.0946,-0.1212,0.0077,0.9138,0.07,1.15,1.93,0.92,down,0.92,2026-09-04T15:27:15,8.2353,0.849999994039536,229.88,2026-09-04 19:44:26,2026-09-04 15:45:04
NVDA,NVDA260916C00250000,NVDA,2026-09-16,C,250.0,0.5,186.0,0.52,337.0,0.3274,862.0,1396.0,0.0854,0.0114,0.0664,-0.0859,0.0046,0.512,0.055,0.52,1.1,0.5,down,0.5,2026-09-04T15:28:00,12.3596,0.444999992847443,229.88,2026-09-04 19:44:26,2026-09-04 15:45:04
NVDA,NVDA260916C00255000,NVDA,2026-09-16,C,255.0,0.29,315.0,0.31,426.0,0.3433,48.0,390.0,0.0532,0.0075,0.0462,-0.0614,0.0029,0.3063,0.05,0.27,0.62,0.27,down,0.31,2026-09-04T15:21:40,19.2308,0.259999997913837,229.88,2026-09-04 19:44:26,2026-09-04 15:45:04
NVDA,NVDA260916C00260000,NVDA,2026-09-16,C,260.0,0.19,52.0,0.2,483.0,0.3643,661.0,478.0,0.0349,0.005,0.033,-0.0455,0.0019,0.1984,0.04,0.23,0.35,0.18,down,0.2,2026-09-04T15:23:29,25.0,0.160000003874302,229.88,2026-09-04 19:44:26,2026-09-04 15:45:04
NVDA,NVDA260916C00265000,NVDA,2026-09-16,C,265.0,0.13,169.0,0.15,566.0,0.3887,27.0,33.0,0.0241,0.0035,0.0243,-0.035,0.0013,0.1377,0.035,0.22,0.23,0.13,up,0.14,2026-09-04T12:27:57,33.3333,0.105000000447035,229.88,2026-09-04 19:44:26,2026-09-04 15:45:04
NVDA,NVDA260916C00270000,NVDA,2026-09-16,C,270.0,0.09,830.0,0.11,587.0,0.4105,255.0,23.0,0.0174,0.0025,0.0184,-0.0276,0.0009,0.1002,0.035,0.14,0.14,0.09,up,0.11,2026-09-04T14:55:37,46.6667,0.0750000011175871,229.88,2026-09-04 19:44:26,2026-09-04 15:45:04
NVDA,NVDA260916C00275000,NVDA,2026-09-16,C,275.0,0.07,155.0,0.09,656.0,0.4367,26.0,17.0,0.0129,0.0018,0.0142,-0.0222,0.0007,0.0754,0.01,0.05,0.1,0.05,no_change,0.07,2026-09-04T14:28:01,16.6667,0.0599999986588955,229.88,2026-09-04 19:44:26,2026-09-04 15:45:04
NVDA,NVDA260916C00280000,NVDA,2026-09-16,C,280.0,0.05,566.0,0.07,569.0,0.4573,24.0,12.0,0.0098,0.0014,0.0112,-0.0181,0.0005,0.0581,0.015,0.05,0.06,0.05,no_change,0.06,2026-09-04T14:49:06,33.3333,0.0449999989941716,229.88,2026-09-04 19:44:26,2026-09-04 15:45:04
NVDA,NVDA260916C00285000,NVDA,2026-09-16,C,285.0,0.03,544.0,0.06,344.0,0.4764,2.0,0.0,0.0076,0.001,0.009,-0.015,0.0004,0.0457,0.0,0.0,0.0,0.0,down,0.04,2026-09-03T13:19:57,0.0,0.0350000001490116,229.88,2026-09-04 19:44:26,2026-09-04 15:45:04
NVDA,NVDA260916C00290000,NVDA,2026-09-16,C,290.0,0.03,203.0,0.05,325.0,0.5034,0.0,0.0,0.006,0.0008,0.0072,-0.0125,0.0003,0.0365,0.0,0.0,0.0,0.0,down,0.01,2026-09-03T14:07:02,0.0,0.0300000002607703,229.88,2026-09-04 19:44:26,2026-09-04 15:45:04
NVDA,NVDA260916C00295000,NVDA,2026-09-16,C,295.0,0.02,641.0,0.04,571.0,0.5196,1.0,9.0,0.0048,0.0006,0.0059,-0.0106,0.0002,0.0296,0.005,0.03,0.05,0.01,down,0.03,2026-09-04T15:23:06,20.0,0.0249999994412065,229.88,2026-09-04 19:44:26,2026-09-04 15:45:04
NVDA,NVDA260916P00150000,NVDA,2026-09-16,P,150.0,0.04,167.0,0.07,216.0,0.9293,12.0,0.0,-0.0045,0.0003,0.0055,-0.0184,-0.0003,0.0546,0.0,0.0,0.0,0.0,no_change,0.05,2026-09-02T15:28:51,0.0,0.0549999997019768,229.88,2026-09-04 19:44:26,2026-09-04 15:45:04
NVDA,NVDA260916P00155000,NVDA,2026-09-16,P,155.0,0.05,162.0,0.07,179.0,0.8725,0.0,0.0,-0.0054,0.0004,0.0065,-0.0205,-0.0003,0.0627,0.0,0.0,0.0,0.0,no_change,0.0,,0.0,0.0649999994784594,229.88,2026-09-04 19:44:26,2026-09-04 15:45:04
NVDA,NVDA260916P00160000,NVDA,2026-09-16,P,160.0,0.06,494.0,0.09,295.0,0.8294,11.0,5.0,-0.0065,0.0005,0.0076,-0.023,-0.0004,0.0724,-0.005,0.07,0.07,0.07,no_change,0.07,2026-09-04T09:52:00,-6.66667,0.0750000011175871,229.88,2026-09-04 19:44:26,2026-09-04 15:45:04
NVDA,NVDA260916P00165000,NVDA,2026-09-16,P,165.0,0.07,249.0,0.1,252.0,0.7775,0.0,0.0,-0.0079,0.0007,0.0091,-0.0257,-0.0004,0.0837,0.0,0.0,0.0,0.0,no_change,0.0,,0.0,0.0899999998509884,229.88,2026-09-04 19:44:26,2026-09-04 15:45:04
NVDA,NVDA260916P00170000,NVDA,2026-09-16,P,170.0,0.09,498.0,0.1,1.0,0.7247,18.0,17.0,-0.0096,0.0008,0.0108,-0.0288,-0.0005,0.0975,0.0,0.12,0.12,0.09,up,0.1,2026-09-04T15:26:22,2.23517e-06,0.0999999977648258,229.88,2026-09-04 19:44:26,2026-09-04 15:45:04
NVDA,NVDA260916P00175000,NVDA,2026-09-16,P,175.0,0.11,280.0,0.14,393.0,0.6873,3.0,13.0,-0.0117,0.0011,0.0129,-0.0324,-0.0007,0.114,0.015,0.11,0.13,0.1,up,0.13,2026-09-04T14:49:32,13.0435,0.114999998360872,229.88,2026-09-04 19:44:26,2026-09-04 15:45:04
NVDA,NVDA260916P00180000,NVDA,2026-09-16,P,180.0,0.13,270.0,0.15,144.0,0.6345,86.0,16.0,-0.0145,0.0014,0.0155,-0.0365,-0.0008,0.1343,-0.005,0.13,0.13,0.13,no_change,0.13,2026-09-04T09:38:12,-3.7037,0.135000001639128,229.88,2026-09-04 19:44:26,2026-09-04 15:45:04
NVDA,NVDA260916P00185000,NVDA,2026-09-16,P,185.0,0.15,760.0,0.18,496.0,0.5863,71.0,3.0,-0.0181,0.0018,0.0188,-0.0412,-0.001,0.1594,0.0,0.14,0.16,0.14,up,0.16,2026-09-04T14:39:27,-2.42144e-06,0.160000003874302,229.88,2026-09-04 19:44:26,2026-09-04 15:45:04
NVDA,NVDA260916P00190000,NVDA,2026-09-16,P,190.0,0.18,877.0,0.2,304.0,0.5358,14.0,21.0,-0.0229,0.0024,0.023,-0.0467,-0.0013,0.1911,0.005,0.2,0.2,0.2,no_change,0.2,2026-09-04T14:44:04,2.5641,0.195000000298023,229.88,2026-09-04 19:44:26,2026-09-04 15:45:04
NVDA,NVDA260916P00195000,NVDA,2026-09-16,P,195.0,0.22,509.0,0.25,379.0,0.4902,105.0,31.0,-0.0296,0.0033,0.0285,-0.0533,-0.0016,0.2334,-0.01,0.21,0.25,0.2,down,0.23,2026-09-04T15:18:10,-4.16667,0.240000002086163,229.88,2026-09-04 19:44:26,2026-09-04 15:45:04
NVDA,NVDA260916P00200000,NVDA,2026-09-16,P,200.0,0.28,605.0,0.31,382.0,0.4443,367.0,591.0,-0.0396,0.0046,0.0362,-0.0622,-0.0022,0.2957,-0.025,0.3,0.32,0.23,up,0.3,2026-09-04T13:53:13,-7.69231,0.325000002980232,229.88,2026-09-04 19:44:26,2026-09-04 15:45:04
NVDA,NVDA260916P00205000,NVDA,2026-09-16,P,205.0,0.38,667.0,0.41,184.0,0.4024,1096.0,117.0,-0.0558,0.0066,0.0476,-0.0754,-0.0031,0.4005,-0.08,0.43,0.43,0.31,no_change,0.4,2026-09-04T15:22:26,-16.6667,0.480000004172325,229.88,2026-09-04 19:44:26,2026-09-04 15:45:04
NVDA,NVDA260916P00210000,NVDA,2026-09-16,P,210.0,0.58,587.0,0.63,203.0,0.37,737.0,299.0,-0.0847,0.01,0.0656,-0.0968,-0.0046,0.6023,-0.13,0.63,0.63,0.47,down,0.61,2026-09-04T15:23:08,-17.5676,0.739999979734421,229.88,2026-09-04 19:44:26,2026-09-04 15:45:04
NVDA,NVDA260916P00215000,NVDA,2026-09-16,P,215.0,0.98,643.0,1.04,254.0,0.3445,385.0,978.0,-0.1368,0.0152,0.0923,-0.1296,-0.0073,1.0086,-0.26,0.87,1.08,0.71,no_change,1.0,2026-09-04T15:19:56,-20.6349,1.25999999046326,229.88,2026-09-04 19:44:26,2026-09-04 15:45:04
NVDA,NVDA260916P00220000,NVDA,2026-09-16,P,220.0,1.75,694.0,1.83,203.0,0.3278,423.0,623.0,-0.2226,0.0218,0.125,-0.1705,-0.0118,1.7866,-0.43,1.86,1.86,1.18,down,1.75,2026-09-04T15:18:35,-19.7248,2.1800000667572,229.88,2026-09-04 19:44:26,2026-09-04 15:45:04
NVDA,NVDA260916P00225000,NVDA,2026-09-16,P,225.0,3.1,417.0,3.2,112.0,0.3176,562.0,774.0,-0.3455,0.0279,0.154,-0.2066,-0.0176,3.1419,-0.575,3.9,3.9,2.06,no_change,3.1,2026-09-04T15:23:19,-15.6463,3.67499995231628,229.88,2026-09-04 19:44:26,2026-09-04 15:45:04
NVDA,NVDA260916P00230000,NVDA,2026-09-16,P,230.0,5.2,384.0,5.35,114.0,0.3114,117.0,862.0,-0.4939,0.0309,0.1663,-0.221,-0.0238,5.2451,-0.575,4.85,5.35,3.5,up,5.3,2026-09-04T15:28:34,-9.78723,5.875,229.88,2026-09-04 19:44:26,2026-09-04 15:45:04
NVDA,NVDA260916P00235000,NVDA,2026-09-16,P,235.0,8.0,248.0,8.25,16.0,0.306,78.0,373.0,-0.6446,0.0293,0.1553,-0.2055,-0.0277,8.1641,-0.85,7.2,8.05,5.72,up,8.05,2026-09-04T15:16:33,-9.55056,8.90000009536743,229.88,2026-09-04 19:44:26,2026-09-04 15:45:04
NVDA,NVDA260916P00240000,NVDA,2026-09-16,P,240.0,11.65,278.0,11.95,84.0,0.307,5.0,91.0,-0.773,0.0239,0.1257,-0.1674,-0.029,11.8352,-0.9,11.85,11.85,8.72,no_change,11.7,2026-09-04T15:07:42,-7.14286,12.5999999046326,229.88,2026-09-04 19:44:26,2026-09-04 15:45:04
NVDA,NVDA260916P00245000,NVDA,2026-09-16,P,245.0,15.9,206.0,16.15,11.0,0.309,4.0,3.0,-0.865,0.0172,0.0914,-0.1231,-0.0268,16.0857,-4.225,13.1,13.1,12.5,up,12.6,2026-09-04T09:58:21,-25.1114,16.8250007629395,229.88,2026-09-04 19:44:26,2026-09-04 15:45:04
NVDA,NVDA260916P00250000,NVDA,2026-09-16,P,250.0,20.5,192.0,20.8,104.0,0.3183,2.0,18.0,-0.9216,0.0114,0.062,-0.0859,-0.0258,20.705,-0.95,17.28,20.55,17.15,up,20.55,2026-09-04T15:08:02,-4.4186,21.5,229.88,2026-09-04 19:44:26,2026-09-04 15:45:04
NVDA,NVDA260916P00255000,NVDA,2026-09-16,P,255.0,25.3,118.0,25.6,56.0,0.3253,0.0,1.0,-0.9532,0.0073,0.0419,-0.0599,-0.023,25.5188,-3.95,22.35,22.35,22.35,down,22.35,2026-09-04T10:13:13,-15.019,26.3000001907349,229.88,2026-09-04 19:44:26,2026-09-04 15:45:04
NVDA,NVDA260916P00260000,NVDA,2026-09-16,P,260.0,28.35,79.0,32.5,18.0,0.365,5.0,0.0,-0.9706,0.0048,0.0289,-0.043,-0.02,30.4257,0.0,0.0,0.0,0.0,up,31.3,2026-09-03T15:54:05,0.0,31.1999998092651,229.88,2026-09-04 19:44:26,2026-09-04 15:45:04
NVDA,NVDA260916P00265000,NVDA,2026-09-16,P,265.0,34.05,79.0,37.05,14.0,0.4521,0.0,0.0,-0.9805,0.0032,0.0203,-0.0319,-0.0201,35.3752,0.0,0.0,0.0,0.0,no_change,0.0,,0.0,36.6000003814697,229.88,2026-09-04 19:44:26,2026-09-04 15:45:04
NVDA,NVDA260916P00270000,NVDA,2026-09-16,P,270.0,39.7,75.0,42.75,13.0,0.6343,0.0,0.0,-0.9865,0.0022,0.0144,-0.0243,-0.0187,40.3449,0.0,0.0,0.0,0.0,no_change,0.0,,0.0,41.3250007629394,229.88,2026-09-04 19:44:26,2026-09-04 15:45:04
NVDA,NVDA260916P00275000,NVDA,2026-09-16,P,275.0,41.1,75.0,48.9,21.0,0.0,0.0,0.0,-0.9904,0.0016,0.011,-0.0188,-0.0176,45.3248,0.0,0.0,0.0,0.0,no_change,0.0,,0.0,45.5750007629394,229.88,2026-09-04 19:44:26,2026-09-04 15:45:04
NVDA,NVDA260916P00280000,NVDA,2026-09-16,P,280.0,46.1,75.0,53.8,19.0,0.0,0.0,0.0,-0.993,0.0012,0.0082,-0.0148,-0.0179,50.3115,0.0,0.0,0.0,0.0,no_change,0.0,,0.0,51.5249996185303,229.88,2026-09-04 19:44:26,2026-09-04 15:45:04
NVDA,NVDA260916P00285000,NVDA,2026-09-16,P,285.0,51.05,77.0,58.8,24.0,0.0,0.0,0.0,-0.9948,0.0009,0.0064,-0.0118,-0.0172,55.3016,0.0,0.0,0.0,0.0,no_change,0.0,,0.0,56.6499996185303,229.88,2026-09-04 19:44:26,2026-09-04 15:45:04
NVDA,NVDA260916P00290000,NVDA,2026-09-16,P,290.0,56.05,78.0,63.75,20.0,0.0,0.0,0.0,-0.996,0.0006,0.0048,-0.0095,-0.0174,60.2945,0.0,0.0,0.0,0.0,no_change,0.0,,0.0,61.7000007629394,229.88,2026-09-04 19:44:26,2026-09-04 15:45:04
NVDA,NVDA260916P00295000,NVDA,2026-09-16,P,295.0,61.05,75.0,68.85,24.0,0.0,0.0,0.0,-0.997,0.0005,0.004,-0.0077,-0.0178,65.2888,0.0,0.0,0.0,0.0,no_change,0.0,,0.0,66.5250015258789,229.88,2026-09-04 19:44:26,2026-09-04 15:45:04
NVDA,NVDA260918C00005000,NVDA,2026-09-18,C,5.0,223.85,128.0,226.5,51.0,0.0,99.0,4.0,1.0,0.0,0.0,0.0,0.0003,224.8669,1.135,229.0,229.0,224.76,down,224.76,2026-09-04T15:20:43,0.507546,223.625,229.88,2026-09-04 19:44:26,2026-09-04 15:45:04
NVDA,NVDA260918C00010000,NVDA,2026-09-18,C,10.0,218.6,65.0,221.35,188.0,6.8012,1470.0,0.0,1.0,0.0,0.0,0.0,0.0006,219.8981,0.0,0.0,0.0,0.0,down,201.48,2026-08-25T10:35:59,0.0,218.900001525879,229.88,2026-09-04 19:44:26,2026-09-04 15:45:04
NVDA,NVDA260918C00015000,NVDA,2026-09-18,C,15.0,211.4,51.0,218.8,53.0,6.3836,52.0,0.0,1.0,0.0,0.0,0.0,0.0008,214.8993,0.0,0.0,0.0,0.0,up,214.41,2026-09-03T14:46:35,0.0,213.900001525879,229.88,2026-09-04 19:44:26,2026-09-04 15:45:04
NVDA,NVDA260918C00020000,NVDA,2026-09-18,C,20.0,206.4,51.0,213.8,53.0,5.6361,54.0,0.0,1.0,0.0,0.0,-0.0001,0.0011,209.9005,0.0,0.0,0.0,0.0,down,191.47,2026-08-26T11:37:42,0.0,208.900001525879,229.88,2026-09-04 19:44:26,2026-09-04 15:45:04
NVDA,NVDA260918C00025000,NVDA,2026-09-18,C,25.0,203.65,65.0,206.5,52.0,5.004,883.0,0.0,1.0,0.0,0.0,-0.0001,0.0014,204.9018,0.0,0.0,0.0,0.0,down,204.89,2026-08-27T13:20:20,0.0,204.075004577637,229.88,2026-09-04 19:44:26,2026-09-04 15:45:04
NVDA,NVDA260918C00030000,NVDA,2026-09-18,C,30.0,196.3,63.0,203.8,53.0,4.4129,59.0,1.0,1.0,0.0,0.0,-0.0002,0.0016,199.9031,2.285,200.11,200.11,200.11,up,200.11,2026-09-04T15:29:18,1.15506,197.825004577637,229.88,2026-09-04 19:44:26,2026-09-04 15:45:04
NVDA,NVDA260918C00035000,NVDA,2026-09-18,C,35.0,191.8,75.0,198.7,195.0,4.5573,381.0,1.0,1.0,0.0,0.0,-0.0003,0.0019,194.9044,1.77,195.22,195.22,195.22,up,195.22,2026-09-04T15:29:18,0.914967,193.449996948242,229.88,2026-09-04 19:44:26,2026-09-04 15:45:04
NVDA,NVDA260918C00040000,NVDA,2026-09-18,C,40.0,186.55,63.0,193.15,206.0,0.0,266.0,4.0,1.0,0.0,0.0,-0.0004,0.0022,189.9057,1.375,189.93,190.4,189.92,up,190.4,2026-09-04T14:55:37,0.727416,189.025001525879,229.88,2026-09-04 19:44:26,2026-09-04 15:45:04
NVDA,NVDA260918C00045000,NVDA,2026-09-18,C,45.0,183.45,1.0,186.45,301.0,0.0,115.0,13.0,1.0,0.0,0.0001,-0.0006,0.0025,184.9071,1.89,186.74,186.74,184.73,up,185.59,2026-09-04T15:02:07,1.02885,183.699996948242,229.88,2026-09-04 19:44:26,2026-09-04 15:45:04
NVDA,NVDA260918C00050000,NVDA,2026-09-18,C,50.0,178.65,160.0,181.55,287.0,3.438,172.0,9.0,0.9999,0.0,0.0001,-0.0008,0.0028,179.9086,1.82,182.0,182.0,179.75,down,180.62,2026-09-04T15:02:07,1.0179,178.799995422363,229.88,2026-09-04 19:44:26,2026-09-04 15:45:04
NVDA,NVDA260918C00055000,NVDA,2026-09-18,C,55.0,173.7,113.0,176.7,104.0,3.3793,80.0,0.0,0.9999,0.0,0.0001,-0.001,0.0031,174.9101,0.0,0.0,0.0,0.0,down,152.04,2026-07-16T15:37:37,0.0,173.625,229.88,2026-09-04 19:44:26,2026-09-04 15:45:04
NVDA,NVDA260918C00060000,NVDA,2026-09-18,C,60.0,168.8,181.0,170.35,139.0,0.0,284.0,0.0,0.9999,0.0,0.0001,-0.0012,0.0034,169.9116,0.0,0.0,0.0,0.0,up,167.74,2026-08-27T14:12:38,0.0,168.425003051758,229.88,2026-09-04 19:44:26,2026-09-04 15:45:04
NVDA,NVDA260918C00065000,NVDA,2026-09-18,C,65.0,164.3,152.0,165.45,298.0,0.0,269.0,0.0,0.9999,0.0,0.0002,-0.0015,0.0038,164.9133,0.0,0.0,0.0,0.0,up,158.99,2026-08-27T10:26:29,0.0,163.724998474121,229.88,2026-09-04 19:44:26,2026-09-04 15:45:04
NVDA,NVDA260918C00070000,NVDA,2026-09-18,C,70.0,159.4,346.0,160.55,273.0,2.4036,255.0,0.0,0.9998,0.0,0.0003,-0.0018,0.0041,159.9151,0.0,0.0,0.0,0.0,down,147.39,2026-09-01T15:56:18,0.0,159.524993896484,229.88,2026-09-04 19:44:26,2026-09-04 15:45:04
NVDA,NVDA260918C00075000,NVDA,2026-09-18,C,75.0,153.6,328.0,156.25,278.0,1.9902,123.0,5.0,0.9998,0.0,0.0003,-0.0022,0.0044,154.9169,0.89,154.42,155.34,154.42,up,155.34,2026-09-04T14:57:42,0.576235,154.450004577637,229.88,2026-09-04 19:44:26,2026-09-04 15:45:04
NVDA,NVDA260918C00080000,NVDA,2026-09-18,C,80.0,148.6,365.0,151.2,286.0,0.0,216.0,10.0,0.9997,0.0,0.0005,-0.0026,0.005,149.9188,1.06,152.32,152.5,150.36,down,150.36,2026-09-04T14:57:42,0.709983,149.299995422363,229.88,2026-09-04 19:44:26,2026-09-04 15:45:04
NVDA,NVDA260918C00085000,NVDA,2026-09-18,C,85.0,143.8,350.0,146.75,310.0,2.4395,451.0,0.0,0.9996,0.0,0.0006,-0.0032,0.0053,144.9211,0.0,0.0,0.0,0.0,up,143.0,2026-09-03T13:34:50,0.0,144.049995422363,229.88,2026-09-04 19:44:26,2026-09-04 15:45:04
NVDA,NVDA260918C00090000,NVDA,2026-09-18,C,90.0,139.3,305.0,141.55,276.0,2.4197,955.0,0.0,0.9996,0.0,0.0006,-0.0038,0.0056,139.9235,0.0,0.0,0.0,0.0,up,136.59,2026-09-02T12:49:45,0.0,139.100006103516,229.88,2026-09-04 19:44:26,2026-09-04 15:45:04
NVDA,NVDA260918C00095000,NVDA,2026-09-18,C,95.0,133.95,319.0,136.7,276.0,2.2181,726.0,0.0,0.9994,0.0,0.0008,-0.0045,0.0059,134.9259,0.0,0.0,0.0,0.0,up,124.29,2026-08-31T10:18:30,0.0,134.275001525879,229.88,2026-09-04 19:44:26,2026-09-04 15:45:04
NVDA,NVDA260918C00100000,NVDA,2026-09-18,C,100.0,129.45,304.0,130.2,10.0,0.0,2303.0,7.0,0.9993,0.0,0.001,-0.0053,0.0068,129.9289,1.075,132.19,132.19,130.1,up,130.2,2026-09-04T14:21:04,0.832524,129.125003814697,229.88,2026-09-04 19:44:26,2026-09-04 15:45:04
NVDA,NVDA260918C00105000,NVDA,2026-09-18,C,105.0,124.5,256.0,125.3,10.0,0.0,1296.0,30.0,0.9992,0.0,0.0012,-0.0062,0.0072,124.9322,1.675,129.75,129.75,125.63,no_change,125.8,2026-09-04T12:03:41,1.34945,124.125,229.88,2026-09-04 19:44:26,2026-09-04 15:45:04
NVDA,NVDA260918C00110000,NVDA,2026-09-18,C,110.0,119.45,303.0,120.2,66.0,0.0,1510.0,20.0,0.999,0.0001,0.0014,-0.0072,0.0075,119.9356,2.75,123.67,123.67,120.5,up,121.85,2026-09-04T12:47:19,2.30899,119.099998474121,229.88,2026-09-04 19:44:26,2026-09-04 15:45:04
NVDA,NVDA260918C00115000,NVDA,2026-09-18,C,115.0,113.7,482.0,115.75,252.0,0.0,2539.0,14.0,0.9987,0.0001,0.0019,-0.0083,0.0091,114.9397,1.72,115.73,118.85,114.79,up,115.52,2026-09-04T15:01:50,1.51142,113.799999237061,229.88,2026-09-04 19:44:26,2026-09-04 15:45:04
NVDA,NVDA260918C00120000,NVDA,2026-09-18,C,120.0,108.75,398.0,110.85,321.0,0.0,2803.0,3.0,0.9984,0.0001,0.0022,-0.0096,0.0094,109.9444,1.015,113.52,113.52,110.52,up,110.54,2026-09-04T15:01:50,0.926731,109.524997711182,229.88,2026-09-04 19:44:26,2026-09-04 15:45:04
NVDA,NVDA260918C00125000,NVDA,2026-09-18,C,125.0,104.45,388.0,105.25,311.0,0.0,5149.0,26.0,0.9981,0.0001,0.0025,-0.011,0.0098,104.9494,0.98,105.94,109.55,105.23,no_change,105.23,2026-09-04T14:21:37,0.940048,104.25,229.88,2026-09-04 19:44:26,2026-09-04 15:45:04
NVDA,NVDA260918C00130000,NVDA,2026-09-18,C,130.0,99.4,444.0,100.5,371.0,1.0849,3856.0,43.0,0.9976,0.0002,0.0033,-0.0126,0.0122,99.9555,1.14,100.95,104.7,100.0,up,100.09,2026-09-04T14:41:13,1.1521,98.9500007629394,229.88,2026-09-04 19:44:26,2026-09-04 15:45:04
NVDA,NVDA260918C00135000,NVDA,2026-09-18,C,135.0,94.5,308.0,95.6,437.0,1.1904,2581.0,10.0,0.9971,0.0002,0.0038,-0.0144,0.0126,94.9625,1.365,96.3,98.8,95.09,down,95.09,2026-09-04T14:41:13,1.45639,93.7249984741211,229.88,2026-09-04 19:44:26,2026-09-04 15:45:04
NVDA,NVDA260918C00140000,NVDA,2026-09-18,C,140.0,89.55,332.0,90.3,329.0,0.0,13500.0,23.0,0.9965,0.0003,0.0049,-0.0164,0.0158,89.9701,1.325,92.77,94.29,90.45,down,90.45,2026-09-04T13:50:05,1.48668,89.125,229.88,2026-09-04 19:44:26,2026-09-04 15:45:04
NVDA,NVDA260918C00145000,NVDA,2026-09-18,C,145.0,84.45,405.0,85.4,392.0,0.0,3227.0,5.0,0.9957,0.0003,0.0056,-0.0186,0.0166,84.9798,3.09,87.0,88.91,86.5,up,87.49,2026-09-04T11:10:38,3.66114,84.3999977111816,229.88,2026-09-04 19:44:26,2026-09-04 15:45:04
NVDA,NVDA260918C00150000,NVDA,2026-09-18,C,150.0,79.65,313.0,80.4,361.0,0.9409,21961.0,330.0,0.9947,0.0004,0.0065,-0.021,0.0171,79.9906,0.9,81.1,84.6,80.5,down,80.5,2026-09-04T13:47:31,1.13066,79.5999984741211,229.88,2026-09-04 19:44:26,2026-09-04 15:45:04
NVDA,NVDA260918C00155000,NVDA,2026-09-18,C,155.0,74.55,333.0,75.25,308.0,0.0,5707.0,59.0,0.9936,0.0005,0.0081,-0.0237,0.0218,75.0035,1.285,78.69,78.69,75.31,no_change,75.31,2026-09-04T14:51:48,1.7359,74.0250015258789,229.88,2026-09-04 19:44:26,2026-09-04 15:45:04
NVDA,NVDA260918C00160000,NVDA,2026-09-18,C,160.0,69.5,402.0,70.35,360.0,0.0,6440.0,53.0,0.9921,0.0006,0.0095,-0.0266,0.0229,70.0185,2.15,71.15,74.5,70.94,up,71.55,2026-09-04T13:04:09,3.09799,69.3999977111816,229.88,2026-09-04 19:44:26,2026-09-04 15:45:04
NVDA,NVDA260918C00165000,NVDA,2026-09-18,C,165.0,64.4,436.0,65.3,322.0,0.0,7910.0,22.0,0.9903,0.0008,0.0117,-0.0298,0.0282,65.0366,1.55,66.7,69.6,65.45,down,65.45,2026-09-04T13:50:44,2.42567,63.8999977111816,229.88,2026-09-04 19:44:26,2026-09-04 15:45:04
NVDA,NVDA260918C00170000,NVDA,2026-09-18,C,170.0,59.6,328.0,60.5,376.0,0.6993,8463.0,134.0,0.9881,0.001,0.0141,-0.0333,0.0347,60.0578,1.6,64.46,64.46,60.41,no_change,60.6,2026-09-04T14:46:23,2.71186,59.0,229.88,2026-09-04 19:44:26,2026-09-04 15:45:04
NVDA,NVDA260918C00175000,NVDA,2026-09-18,C,175.0,54.85,104.0,55.4,345.0,0.6826,8418.0,87.0,0.9854,0.0013,0.0167,-0.0371,0.0389,55.0836,1.325,55.5,59.6,55.45,down,55.45,2026-09-04T14:20:54,2.44804,54.125,229.88,2026-09-04 19:44:26,2026-09-04 15:45:04
NVDA,NVDA260918C00180000,NVDA,2026-09-18,C,180.0,49.9,314.0,50.3,253.0,0.6056,14319.0,132.0,0.9819,0.0016,0.0202,-0.0413,0.0463,50.1145,1.08,50.4,54.59,50.0,no_change,50.23,2026-09-04T15:24:51,2.19736,49.1499996185303,229.88,2026-09-04 19:44:26,2026-09-04 15:45:04
NVDA,NVDA260918C00185000,NVDA,2026-09-18,C,185.0,44.9,301.0,45.3,243.0,0.5436,10434.0,50.0,0.9775,0.0021,0.0244,-0.0459,0.0589,45.1525,1.205,45.5,49.9,45.4,up,45.43,2026-09-04T15:06:56,2.7247,44.2250003814697,229.88,2026-09-04 19:44:26,2026-09-04 15:45:04
NVDA,NVDA260918C00187500,NVDA,2026-09-18,C,187.5,41.65,140.0,44.5,104.0,0.6565,66.0,5.0,0.9748,0.0024,0.0269,-0.0484,0.0643,42.6749,2.31,44.44,44.91,44.44,up,44.91,2026-09-04T10:59:16,5.42253,42.6000003814697,229.88,2026-09-04 19:44:26,2026-09-04 15:45:04
NVDA,NVDA260918C00190000,NVDA,2026-09-18,C,190.0,40.0,291.0,40.35,231.0,0.5136,27232.0,269.0,0.9717,0.0027,0.0296,-0.0513,0.0652,40.2004,1.01,41.8,45.0,40.31,down,40.31,2026-09-04T15:21:25,2.56998,39.2999992370606,229.88,2026-09-04 19:44:26,2026-09-04 15:45:04
NVDA,NVDA260918C00192500,NVDA,2026-09-18,C,192.5,37.25,10.0,39.05,108.0,0.6006,60.0,0.0,0.9681,0.0032,0.0327,-0.0544,0.0658,37.7294,0.0,0.0,0.0,0.0,down,32.4,2026-09-02T15:33:45,0.0,37.6000003814697,229.88,2026-09-04 19:44:26,2026-09-04 15:45:04
NVDA,NVDA260918C00195000,NVDA,2026-09-18,C,195.0,35.1,316.0,35.4,253.0,0.475,80370.0,1423.0,0.9638,0.0037,0.0363,-0.058,0.0663,35.2633,1.015,36.17,40.0,35.39,no_change,35.39,2026-09-04T15:16:50,2.95273,34.375,229.88,2026-09-04 19:44:26,2026-09-04 15:45:04
NVDA,NVDA260918C00197500,NVDA,2026-09-18,C,197.5,32.3,346.0,33.6,373.0,0.4913,109.0,29.0,0.9586,0.0043,0.0405,-0.0622,0.0668,32.804,2.075,33.72,34.11,33.72,no_change,34.1,2026-09-04T15:02:26,6.47931,32.0250005722046,229.88,2026-09-04 19:44:26,2026-09-04 15:45:04
NVDA,NVDA260918C00200000,NVDA,2026-09-18,C,200.0,30.2,291.0,30.45,225.0,0.4306,38957.0,686.0,0.952,0.005,0.0457,-0.0673,0.0671,30.3548,0.8,31.4,35.0,30.35,down,30.35,2026-09-04T15:25:39,2.70728,29.5500001907349,229.88,2026-09-04 19:44:26,2026-09-04 15:45:04
NVDA,NVDA260918C00202500,NVDA,2026-09-18,C,202.5,27.8,152.0,28.0,238.0,0.4144,317.0,34.0,0.9435,0.006,0.0519,-0.0736,0.0673,27.9206,1.535,29.93,32.05,28.66,down,28.66,2026-09-04T14:58:30,5.65899,27.125,229.88,2026-09-04 19:44:26,2026-09-04 15:45:04
NVDA,NVDA260918C00205000,NVDA,2026-09-18,C,205.0,25.4,69.0,25.6,187.0,0.3998,19227.0,319.0,0.9325,0.0072,0.0596,-0.0815,0.0672,25.508,0.825,26.2,30.0,25.55,no_change,25.55,2026-09-04T15:23:49,3.3367,24.7250003814697,229.88,2026-09-04 19:44:26,2026-09-04 15:45:04
NVDA,NVDA260918C00207500,NVDA,2026-09-18,C,207.5,23.0,59.0,23.2,175.0,0.3816,432.0,36.0,0.918,0.0087,0.0691,-0.0915,0.0669,23.1268,1.025,25.0,27.39,23.15,no_change,23.4,2026-09-04T15:07:05,4.58101,22.375,229.88,2026-09-04 19:44:26,2026-09-04 15:45:04
NVDA,NVDA260918C00210000,NVDA,2026-09-18,C,210.0,20.7,38.0,20.9,244.0,0.3736,61708.0,2543.0,0.899,0.0105,0.0806,-0.1037,0.0662,20.7892,0.855,21.85,25.43,20.7,down,20.93,2026-09-04T15:20:33,4.25902,20.0750007629395,229.88,2026-09-04 19:44:26,2026-09-04 15:45:04
NVDA,NVDA260918C00212500,NVDA,2026-09-18,C,212.5,18.4,91.0,18.6,248.0,0.3598,1708.0,127.0,0.8744,0.0126,0.094,-0.1183,0.065,18.511,0.65,20.73,23.0,18.5,down,18.5,2026-09-04T15:26:12,3.64145,17.8500003814697,229.88,2026-09-04 19:44:26,2026-09-04 15:45:04
NVDA,NVDA260918C00215000,NVDA,2026-09-18,C,215.0,16.2,242.0,16.4,277.0,0.3506,30192.0,1185.0,0.8431,0.0151,0.1091,-0.1348,0.0632,16.3104,0.62,17.25,20.8,16.3,up,16.32,2026-09-04T15:27:43,3.94904,15.7000002861023,229.88,2026-09-04 19:44:26,2026-09-04 15:45:04
NVDA,NVDA260918C00217500,NVDA,2026-09-18,C,217.5,14.15,21.0,14.3,248.0,0.3454,2164.0,807.0,0.8044,0.0177,0.1252,-0.1526,0.0608,14.2077,0.535,15.12,18.59,14.21,down,14.21,2026-09-04T15:28:23,3.91225,13.6750001907349,229.88,2026-09-04 19:44:26,2026-09-04 15:45:04
NVDA,NVDA260918C00220000,NVDA,2026-09-18,C,220.0,12.15,195.0,12.3,232.0,0.338,46476.0,6320.0,0.7581,0.0204,0.1413,-0.1703,0.0577,12.224,0.45,13.1,16.42,12.2,down,12.2,2026-09-04T15:29:03,3.82979,11.75,229.88,2026-09-04 19:44:26,2026-09-04 15:45:04
NVDA,NVDA260918C00222500,NVDA,2026-09-18,C,222.5,10.3,95.0,10.45,277.0,0.3329,3132.0,809.0,0.7045,0.0229,0.156,-0.1864,0.054,10.3792,0.45,10.7,14.3,10.45,down,10.45,2026-09-04T15:28:24,4.5,10.0,229.88,2026-09-04 19:44:26,2026-09-04 15:45:04
NVDA,NVDA260918C00225000,NVDA,2026-09-18,C,225.0,8.65,17.0,8.75,248.0,0.33,46321.0,4083.0,0.6447,0.025,0.168,-0.1993,0.0497,8.6907,0.4,9.5,12.43,8.68,up,8.75,2026-09-04T15:27:37,4.79042,8.34999990463257,229.88,2026-09-04 19:44:26,2026-09-04 15:45:04
NVDA,NVDA260918C00227500,NVDA,2026-09-18,C,227.5,7.1,306.0,7.2,129.0,0.3252,11475.0,1182.0,0.5802,0.0265,0.1762,-0.2077,0.0449,7.1719,0.26,7.9,10.6,7.15,no_change,7.16,2026-09-04T15:28:29,3.76812,6.89999985694885,229.88,2026-09-04 19:44:26,2026-09-04 15:45:04
NVDA,NVDA260918C00230000,NVDA,2026-09-18,C,230.0,5.75,362.0,5.85,356.0,0.3239,57448.0,16124.0,0.5131,0.0272,0.1797,-0.2106,0.0399,5.8304,0.2,6.45,8.97,5.8,down,5.8,2026-09-04T15:29:15,3.57143,5.60000014305115,229.88,2026-09-04 19:44:26,2026-09-04 15:45:04
NVDA,NVDA260918C00232500,NVDA,2026-09-18,C,232.5,4.6,148.0,4.7,236.0,0.323,7156.0,6612.0,0.4455,0.0271,0.1781,-0.2075,0.0347,4.6685,0.2,5.2,7.45,4.65,no_change,4.65,2026-09-04T15:29:22,4.49438,4.45000004768372,229.88,2026-09-04 19:44:26,2026-09-04 15:45:04
NVDA,NVDA260918C00235000,NVDA,2026-09-18,C,235.0,3.65,61.0,3.7,350.0,0.3206,42334.0,17925.0,0.3801,0.0262,0.1718,-0.1987,0.0297,3.6855,0.18,4.1,6.15,3.65,up,3.68,2026-09-04T15:29:22,5.14286,3.5,229.88,2026-09-04 19:44:26,2026-09-04 15:45:04
NVDA,NVDA260918C00237500,NVDA,2026-09-18,C,237.5,2.84,69.0,2.87,110.0,0.3213,6206.0,11691.0,0.3178,0.0246,0.1611,-0.1854,0.0249,2.8649,0.13,3.2,5.0,2.85,no_change,2.85,2026-09-04T15:29:21,4.77941,2.72000002861023,229.88,2026-09-04 19:44:26,2026-09-04 15:45:04
NVDA,NVDA260918C00240000,NVDA,2026-09-18,C,240.0,2.19,87.0,2.21,144.0,0.3214,76042.0,51794.0,0.2615,0.0224,0.1472,-0.1685,0.0205,2.2017,0.125,2.48,4.05,2.2,no_change,2.2,2026-09-04T15:29:12,6.0241,2.07499992847443,229.88,2026-09-04 19:44:26,2026-09-04 15:45:04
NVDA,NVDA260918C00245000,NVDA,2026-09-18,C,245.0,1.27,50.0,1.28,173.0,0.3246,37352.0,12002.0,0.1699,0.0172,0.1149,-0.1307,0.0133,1.2702,0.09,1.41,2.49,1.22,no_change,1.27,2026-09-04T15:28:21,7.62712,1.18000000715256,229.88,2026-09-04 19:44:26,2026-09-04 15:45:04
NVDA,NVDA260918C00250000,NVDA,2026-09-18,C,250.0,0.72,205.0,0.74,306.0,0.331,87596.0,29304.0,0.107,0.0123,0.0842,-0.096,0.0084,0.7317,0.07,0.82,1.49,0.68,no_change,0.73,2026-09-04T15:29:22,10.6061,0.659999996423721,229.88,2026-09-04 19:44:26,2026-09-04 15:45:04
NVDA,NVDA260918C00255000,NVDA,2026-09-18,C,255.0,0.43,136.0,0.44,380.0,0.3421,17894.0,3679.0,0.0678,0.0084,0.0602,-0.0695,0.0053,0.4372,0.05,0.41,0.88,0.39,no_change,0.43,2026-09-04T15:27:15,13.1579,0.379999995231628,229.88,2026-09-04 19:44:26,2026-09-04 15:45:04
NVDA,NVDA260918C00260000,NVDA,2026-09-18,C,260.0,0.27,199.0,0.28,382.0,0.3571,28727.0,10264.0,0.0442,0.0058,0.0431,-0.0509,0.0034,0.2757,0.04,0.26,0.54,0.22,up,0.27,2026-09-04T15:27:52,17.3913,0.229999996721745,229.88,2026-09-04 19:44:26,2026-09-04 15:45:04
NVDA,NVDA260918C00265000,NVDA,2026-09-18,C,265.0,0.18,357.0,0.19,693.0,0.3752,51226.0,2026.0,0.0299,0.004,0.0314,-0.0382,0.0023,0.1837,0.025,0.18,0.34,0.16,down,0.19,2026-09-04T14:59:53,15.1515,0.16499999910593,229.88,2026-09-04 19:44:26,2026-09-04 15:45:04
NVDA,NVDA260918C00270000,NVDA,2026-09-18,C,270.0,0.13,341.0,0.14,686.0,0.396,27054.0,1302.0,0.0212,0.0028,0.0236,-0.0297,0.0016,0.13,0.015,0.12,0.24,0.12,down,0.13,2026-09-04T14:35:53,13.0435,0.114999998360872,229.88,2026-09-04 19:44:26,2026-09-04 15:45:04
NVDA,NVDA260918C00275000,NVDA,2026-09-18,C,275.0,0.09,499.0,0.1,955.0,0.4126,11577.0,1455.0,0.0155,0.0021,0.0181,-0.0236,0.0012,0.0957,0.015,0.08,0.17,0.08,up,0.1,2026-09-04T15:12:08,17.6471,0.0850000008940697,229.88,2026-09-04 19:44:26,2026-09-04 15:45:04
NVDA,NVDA260918C00280000,NVDA,2026-09-18,C,280.0,0.07,509.0,0.08,635.0,0.4343,27025.0,3186.0,0.0117,0.0016,0.0142,-0.0192,0.0009,0.073,0.005,0.07,0.13,0.07,no_change,0.07,2026-09-04T15:04:42,7.69231,0.0649999994784594,229.88,2026-09-04 19:44:26,2026-09-04 15:45:04
NVDA,NVDA260918C00285000,NVDA,2026-09-18,C,285.0,0.05,545.0,0.06,1103.0,0.4503,3516.0,66.0,0.0092,0.0012,0.0114,-0.016,0.0007,0.0578,0.005,0.06,0.09,0.06,no_change,0.06,2026-09-04T14:33:26,9.09091,0.0549999997019768,229.88,2026-09-04 19:44:26,2026-09-04 15:45:04
NVDA,NVDA260918C00290000,NVDA,2026-09-18,C,290.0,0.04,465.0,0.05,684.0,0.471,7121.0,236.0,0.0072,0.0009,0.0093,-0.0135,0.0006,0.0464,-0.005,0.05,0.09,0.04,down,0.04,2026-09-04T14:50:39,-11.1111,0.0449999999254942,229.88,2026-09-04 19:44:26,2026-09-04 15:45:04
NVDA,NVDA260918C00295000,NVDA,2026-09-18,C,295.0,0.03,492.0,0.04,792.0,0.4878,2793.0,1945.0,0.0058,0.0007,0.0077,-0.0115,0.0004,0.0379,-0.005,0.05,0.07,0.03,down,0.03,2026-09-04T14:50:39,-14.2857,0.034999999217689,229.88,2026-09-04 19:44:26,2026-09-04 15:45:04
NVDA,NVDA260918C00300000,NVDA,2026-09-18,C,300.0,0.02,1031.0,0.03,1325.0,0.4993,36318.0,3076.0,0.0048,0.0006,0.0064,-0.0099,0.0004,0.0314,-0.005,0.02,0.06,0.02,no_change,0.02,2026-09-04T15:24:31,-20.0,0.0249999994412065,229.88,2026-09-04 19:44:26,2026-09-04 15:45:04
NVDA,NVDA260918C00310000,NVDA,2026-09-18,C,310.0,0.02,507.0,0.03,614.0,0.5538,5471.0,303.0,0.0033,0.0004,0.0045,-0.0074,0.0002,0.0221,0.005,0.02,0.04,0.02,down,0.02,2026-09-04T12:30:43,33.3333,0.0149999996647239,229.88,2026-09-04 19:44:26,2026-09-04 15:45:04
NVDA,NVDA260918C00320000,NVDA,2026-09-18,C,320.0,0.01,1156.0,0.02,564.0,0.5781,7856.0,82.0,0.0023,0.0003,0.0034,-0.0058,0.0002,0.0163,0.005,0.03,0.03,0.01,no_change,0.02,2026-09-04T11:53:05,33.3333,0.0149999996647239,229.88,2026-09-04 19:44:26,2026-09-04 15:45:04
NVDA,NVDA260918C00330000,NVDA,2026-09-18,C,330.0,0.01,195.0,0.02,530.0,0.6262,5721.0,221.0,0.0017,0.0002,0.0026,-0.0046,0.0001,0.0124,-0.005,0.02,0.02,0.01,no_change,0.01,2026-09-04T13:39:06,-33.3333,0.0149999996647239,229.88,2026-09-04 19:44:26,2026-09-04 15:45:04
NVDA,NVDA260918C00340000,NVDA,2026-09-18,C,340.0,0.0,0.0,0.01,210.0,0.6159,6232.0,446.0,0.0013,0.0001,0.002,-0.0037,0.0001,0.0097,0.0,0.01,0.02,0.01,no_change,0.01,2026-09-04T15:26:23,2.23517e-06,0.00999999977648258,229.88,2026-09-04 19:44:26,2026-09-04 15:45:04
NVDA,NVDA260918C00350000,NVDA,2026-09-18,C,350.0,0.0,0.0,0.01,98.0,0.6574,26132.0,257.0,0.001,0.0001,0.0016,-0.0031,0.0001,0.0077,0.005,0.02,0.02,0.01,no_change,0.01,2026-09-04T12:22:50,100.0,0.00499999988824129,229.88,2026-09-04 19:44:26,2026-09-04 15:45:04
NVDA,NVDA260918C00360000,NVDA,2026-09-18,C,360.0,0.0,0.0,0.01,33.0,0.6974,5625.0,0.0,0.0008,0.0001,0.0013,-0.0026,0.0001,0.0062,0.0,0.0,0.0,0.0,no_change,0.01,2026-09-03T11:14:29,0.0,0.00499999988824129,229.88,2026-09-04 19:44:26,2026-09-04 15:45:04
NVDA,NVDA260918C00370000,NVDA,2026-09-18,C,370.0,0.0,0.0,0.01,13503.0,0.7362,2881.0,0.0,0.0006,0.0001,0.001,-0.0022,0.0,0.0051,0.0,0.0,0.0,0.0,no_change,0.01,2026-09-03T15:47:02,0.0,0.00499999988824129,229.88,2026-09-04 19:44:26,2026-09-04 15:45:04
NVDA,NVDA260918C00380000,NVDA,2026-09-18,C,380.0,0.0,0.0,0.01,9062.0,0.7737,3674.0,0.0,0.0005,0.0,0.0008,-0.0018,0.0,0.0042,0.0,0.0,0.0,0.0,no_change,0.01,2026-09-01T12:33:53,0.0,0.00499999988824129,229.88,2026-09-04 19:44:26,2026-09-04 15:45:04
NVDA,NVDA260918C00390000,NVDA,2026-09-18,C,390.0,0.0,0.0,0.01,22472.0,0.8101,7836.0,0.0,0.0004,0.0,0.0007,-0.0016,0.0,0.0036,0.0,0.0,0.0,0.0,no_change,0.01,2026-09-03T13:22:57,0.0,0.00499999988824129,229.88,2026-09-04 19:44:26,2026-09-04 15:45:04
NVDA,NVDA260918C00400000,NVDA,2026-09-18,C,400.0,0.0,0.0,0.01,40467.0,0.8454,19001.0,0.0,0.0004,0.0,0.0006,-0.0014,0.0,0.003,0.0,0.0,0.0,0.0,no_change,0.01,2026-09-03T10:49:48,0.0,0.00499999988824129,229.88,2026-09-04 19:44:26,2026-09-04 15:45:04
NVDA,NVDA260918C00410000,NVDA,2026-09-18,C,410.0,0.0,0.0,0.01,74.0,0.8796,5972.0,0.0,0.0003,0.0,0.0005,-0.0012,0.0,0.0026,0.0,0.0,0.0,0.0,no_change,0.01,2026-09-03T12:42:25,0.0,0.00499999988824129,229.88,2026-09-04 19:44:26,2026-09-04 15:45:04
NVDA,NVDA260918C00420000,NVDA,2026-09-18,C,420.0,0.0,0.0,0.01,85.0,0.9129,7926.0,0.0,0.0003,0.0,0.0004,-0.001,0.0,0.0022,0.0,0.0,0.0,0.0,no_change,0.01,2026-08-27T13:30:19,0.0,0.00499999988824129,229.88,2026-09-04 19:44:26,2026-09-04 15:45:04
NVDA,NVDA260918C00430000,NVDA,2026-09-18,C,430.0,0.0,0.0,0.01,126.0,0.9453,1656.0,1.0,0.0002,0.0,0.0004,-0.0009,0.0,0.0019,0.005,0.01,0.01,0.01,no_change,0.01,2026-09-04T10:20:05,100.0,0.00499999988824129,229.88,2026-09-04 19:44:26,2026-09-04 15:45:04
NVDA,NVDA260918C00440000,NVDA,2026-09-18,C,440.0,0.0,0.0,0.01,73.0,0.9769,849.0,0.0,0.0002,0.0,0.0003,-0.0008,0.0,0.0017,0.0,0.0,0.0,0.0,down,0.01,2026-09-03T09:38:46,0.0,0.00499999988824129,229.88,2026-09-04 19:44:26,2026-09-04 15:45:04
NVDA,NVDA260918C00450000,NVDA,2026-09-18,C,450.0,0.0,0.0,0.01,71.0,1.0076,2941.0,0.0,0.0002,0.0,0.0003,-0.0007,0.0,0.0015,0.0,0.0,0.0,0.0,no_change,0.01,2026-08-27T14:05:30,0.0,0.00499999988824129,229.88,2026-09-04 19:44:26,2026-09-04 15:45:04
NVDA,NVDA260918C00455000,NVDA,2026-09-18,C,455.0,0.0,0.0,0.01,69.0,1.0227,3506.0,0.0,0.0002,0.0,0.0003,-0.0007,0.0,0.0014,0.0,0.0,0.0,0.0,no_change,0.01,2026-09-02T13:04:51,0.0,0.00499999988824129,229.88,2026-09-04 19:44:26,2026-09-04 15:45:04
NVDA,NVDA260918C00460000,NVDA,2026-09-18,C,460.0,0.0,0.0,0.01,12909.0,1.0376,32685.0,0.0,0.0001,0.0,0.0002,-0.0006,0.0,0.0013,0.0,0.0,0.0,0.0,no_change,0.01,2026-09-03T10:40:03,0.0,0.00499999988824129,229.88,2026-09-04 19:44:26,2026-09-04 15:45:04
NVDA,NVDA260918P00005000,NVDA,2026-09-18,P,5.0,0.0,0.0,0.01,2325.0,6.0241,1952.0,0.0,0.0,0.0,0.0,-0.0004,0.0,0.0007,0.0,0.0,0.0,0.0,down,0.01,2026-08-10T15:09:59,0.0,0.00499999988824129,229.88,2026-09-04 19:44:26,2026-09-04 15:45:04
NVDA,NVDA260918P00010000,NVDA,2026-09-18,P,10.0,0.0,0.0,0.01,1274.0,4.8615,970.0,0.0,0.0,0.0,0.0,-0.0006,0.0,0.0012,0.0,0.0,0.0,0.0,no_change,0.01,2026-01-28T11:08:35,0.0,0.00499999988824129,229.88,2026-09-04 19:44:26,2026-09-04 15:45:04
NVDA,NVDA260918P00015000,NVDA,2026-09-18,P,15.0,0.0,0.0,0.01,1289.0,4.2056,486.0,0.0,0.0,0.0,0.0001,-0.0008,0.0,0.0016,0.0,0.0,0.0,0.0,no_change,0.01,2026-07-20T10:33:53,0.0,0.00499999988824129,229.88,2026-09-04 19:44:26,2026-09-04 15:45:04
NVDA,NVDA260918P00020000,NVDA,2026-09-18,P,20.0,0.0,0.0,0.01,1281.0,3.7495,581.0,0.0,0.0,0.0,0.0001,-0.001,0.0,0.0021,0.0,0.0,0.0,0.0,no_change,0.01,2026-06-05T15:19:29,0.0,0.00499999988824129,229.88,2026-09-04 19:44:26,2026-09-04 15:45:04
NVDA,NVDA260918P00025000,NVDA,2026-09-18,P,25.0,0.0,0.0,0.01,1261.0,3.4005,3427.0,0.0,-0.0001,0.0,0.0001,-0.0012,0.0,0.0026,0.0,0.0,0.0,0.0,up,0.02,2026-08-10T15:22:26,0.0,0.00499999988824129,229.88,2026-09-04 19:44:26,2026-09-04 15:45:04
NVDA,NVDA260918P00030000,NVDA,2026-09-18,P,30.0,0.0,0.0,0.01,1255.0,3.1182,690.0,0.0,-0.0001,0.0,0.0002,-0.0014,0.0,0.0032,0.0,0.0,0.0,0.0,no_change,0.01,2026-08-26T12:37:18,0.0,0.00499999988824129,229.88,2026-09-04 19:44:26,2026-09-04 15:45:04
NVDA,NVDA260918P00035000,NVDA,2026-09-18,P,35.0,0.0,0.0,0.01,1240.0,2.8813,6016.0,0.0,-0.0001,0.0,0.0002,-0.0017,0.0,0.0038,0.0,0.0,0.0,0.0,no_change,0.01,2026-08-05T15:10:08,0.0,0.00499999988824129,229.88,2026-09-04 19:44:26,2026-09-04 15:45:04
NVDA,NVDA260918P00040000,NVDA,2026-09-18,P,40.0,0.0,0.0,0.01,1231.0,2.6773,4693.0,0.0,-0.0001,0.0,0.0002,-0.0019,0.0,0.0045,0.0,0.0,0.0,0.0,no_change,0.01,2026-08-10T11:43:59,0.0,0.00499999988824129,229.88,2026-09-04 19:44:26,2026-09-04 15:45:04
NVDA,NVDA260918P00045000,NVDA,2026-09-18,P,45.0,0.0,0.0,0.01,1228.0,2.4982,1634.0,0.0,-0.0002,0.0,0.0003,-0.0022,0.0,0.0052,0.0,0.0,0.0,0.0,no_change,0.01,2026-08-14T10:30:13,0.0,0.00499999988824129,229.88,2026-09-04 19:44:26,2026-09-04 15:45:04
NVDA,NVDA260918P00050000,NVDA,2026-09-18,P,50.0,0.0,0.0,0.01,25000.0,2.3386,7773.0,0.0,-0.0002,0.0,0.0004,-0.0026,0.0,0.0061,0.0,0.0,0.0,0.0,no_change,0.01,2026-08-28T10:04:13,0.0,0.00499999988824129,229.88,2026-09-04 19:44:26,2026-09-04 15:45:04
NVDA,NVDA260918P00055000,NVDA,2026-09-18,P,55.0,0.0,0.0,0.01,9500.0,2.1948,947.0,4874.0,-0.0003,0.0,0.0004,-0.0029,0.0,0.007,0.005,0.01,0.01,0.01,no_change,0.01,2026-09-04T10:54:59,100.0,0.00499999988824129,229.88,2026-09-04 19:44:26,2026-09-04 15:45:04
NVDA,NVDA260918P00060000,NVDA,2026-09-18,P,60.0,0.0,0.0,0.01,9500.0,2.0637,2425.0,11775.0,-0.0003,0.0,0.0005,-0.0033,0.0,0.008,0.0,0.01,0.02,0.01,no_change,0.01,2026-09-04T12:24:03,2.23517e-06,0.00999999977648258,229.88,2026-09-04 19:44:26,2026-09-04 15:45:04
NVDA,NVDA260918P00065000,NVDA,2026-09-18,P,65.0,0.0,0.0,0.01,9018.0,1.9435,1420.0,2783.0,-0.0004,0.0,0.0006,-0.0037,0.0,0.0092,0.0,0.01,0.02,0.01,no_change,0.01,2026-09-04T12:24:05,2.23517e-06,0.00999999977648258,229.88,2026-09-04 19:44:26,2026-09-04 15:45:04
NVDA,NVDA260918P00070000,NVDA,2026-09-18,P,70.0,0.0,0.0,0.02,504.0,1.93,2388.0,821.0,-0.0004,0.0,0.0007,-0.0041,0.0,0.0105,0.005,0.01,0.01,0.01,no_change,0.01,2026-09-04T11:42:47,100.0,0.00499999988824129,229.88,2026-09-04 19:44:26,2026-09-04 15:45:04
NVDA,NVDA260918P00075000,NVDA,2026-09-18,P,75.0,0.01,223.0,0.02,444.0,1.882,1387.0,1291.0,-0.0005,0.0,0.0008,-0.0046,0.0,0.0119,0.01,0.01,0.02,0.01,up,0.02,2026-09-04T15:29:10,100.0,0.00999999977648258,229.88,2026-09-04 19:44:26,2026-09-04 15:45:04
NVDA,NVDA260918P00080000,NVDA,2026-09-18,P,80.0,0.01,182.0,0.02,427.0,1.7774,4970.0,158.0,-0.0006,0.0,0.001,-0.0052,0.0,0.0135,-0.005,0.02,0.02,0.01,no_change,0.01,2026-09-04T15:07:07,-33.3333,0.0149999996647239,229.88,2026-09-04 19:44:26,2026-09-04 15:45:04
NVDA,NVDA260918P00085000,NVDA,2026-09-18,P,85.0,0.01,171.0,0.02,182.0,1.6794,5211.0,0.0,-0.0007,0.0,0.0011,-0.0057,-0.0001,0.0153,0.0,0.0,0.0,0.0,no_change,0.01,2026-09-03T13:17:43,0.0,0.0149999996647239,229.88,2026-09-04 19:44:26,2026-09-04 15:45:04
NVDA,NVDA260918P00090000,NVDA,2026-09-18,P,90.0,0.01,279.0,0.02,358.0,1.5869,11072.0,360.0,-0.0009,0.0,0.0013,-0.0064,-0.0001,0.0173,0.005,0.02,0.02,0.02,no_change,0.02,2026-09-04T12:24:50,33.3333,0.0149999996647239,229.88,2026-09-04 19:44:26,2026-09-04 15:45:04
NVDA,NVDA260918P00095000,NVDA,2026-09-18,P,95.0,0.01,272.0,0.02,10.0,1.4994,16323.0,188.0,-0.001,0.0,0.0015,-0.0071,-0.0001,0.0196,0.0,0.02,0.03,0.02,down,0.02,2026-09-04T15:28:48,2.23517e-06,0.0199999995529652,229.88,2026-09-04 19:44:26,2026-09-04 15:45:04
NVDA,NVDA260918P00100000,NVDA,2026-09-18,P,100.0,0.02,332.0,0.03,484.0,1.4813,25884.0,260.0,-0.0012,0.0001,0.0017,-0.0078,-0.0001,0.0221,0.01,0.02,0.03,0.02,no_change,0.03,2026-09-04T15:14:15,50.0,0.0199999995529652,229.88,2026-09-04 19:44:26,2026-09-04 15:45:04
NVDA,NVDA260918P00105000,NVDA,2026-09-18,P,105.0,0.02,226.0,0.03,328.0,1.3989,8873.0,175.0,-0.0014,0.0001,0.002,-0.0087,-0.0001,0.025,0.01,0.03,0.03,0.02,up,0.03,2026-09-04T12:51:47,50.0,0.0199999995529652,229.88,2026-09-04 19:44:26,2026-09-04 15:45:04
NVDA,NVDA260918P00110000,NVDA,2026-09-18,P,110.0,0.02,363.0,0.03,342.0,1.3204,23346.0,539.0,-0.0016,0.0001,0.0023,-0.0096,-0.0001,0.0283,0.0,0.03,0.04,0.03,no_change,0.03,2026-09-04T14:26:19,2.23517e-06,0.0299999993294477,229.88,2026-09-04 19:44:26,2026-09-04 15:45:04
NVDA,NVDA260918P00115000,NVDA,2026-09-18,P,115.0,0.02,339.0,0.04,498.0,1.2668,9843.0,190.0,-0.0019,0.0001,0.0027,-0.0107,-0.0001,0.0319,0.005,0.03,0.04,0.03,no_change,0.03,2026-09-04T10:44:47,20.0,0.0249999994412065,229.88,2026-09-04 19:44:26,2026-09-04 15:45:04
NVDA,NVDA260918P00120000,NVDA,2026-09-18,P,120.0,0.03,386.0,0.04,342.0,1.2116,39924.0,4253.0,-0.0022,0.0001,0.0031,-0.0118,-0.0002,0.0361,0.01,0.03,0.04,0.03,no_change,0.04,2026-09-04T15:28:50,33.3333,0.0299999993294477,229.88,2026-09-04 19:44:26,2026-09-04 15:45:04
NVDA,NVDA260918P00125000,NVDA,2026-09-18,P,125.0,0.03,522.0,0.04,295.0,1.1405,49681.0,795.0,-0.0026,0.0001,0.0036,-0.0131,-0.0002,0.0409,0.005,0.04,0.05,0.04,down,0.04,2026-09-04T14:35:00,14.2857,0.034999999217689,229.88,2026-09-04 19:44:26,2026-09-04 15:45:04
NVDA,NVDA260918P00130000,NVDA,2026-09-18,P,130.0,0.04,330.0,0.05,327.0,1.0997,34790.0,552.0,-0.0031,0.0002,0.0042,-0.0145,-0.0002,0.0464,0.0,0.04,0.05,0.04,down,0.04,2026-09-04T14:00:46,-9.31323e-08,0.0400000000372529,229.88,2026-09-04 19:44:26,2026-09-04 15:45:04
NVDA,NVDA260918P00135000,NVDA,2026-09-18,P,135.0,0.04,514.0,0.06,411.0,1.0436,18613.0,37.0,-0.0036,0.0002,0.0048,-0.0161,-0.0003,0.0527,0.005,0.04,0.06,0.04,no_change,0.05,2026-09-04T12:35:53,11.1111,0.0449999999254942,229.88,2026-09-04 19:44:26,2026-09-04 15:45:04
NVDA,NVDA260918P00140000,NVDA,2026-09-18,P,140.0,0.05,524.0,0.06,327.0,0.9879,49701.0,2840.0,-0.0043,0.0003,0.0056,-0.0178,-0.0003,0.0598,0.005,0.05,0.06,0.05,no_change,0.06,2026-09-04T14:19:17,9.09091,0.0549999997019768,229.88,2026-09-04 19:44:26,2026-09-04 15:45:04
NVDA,NVDA260918P00145000,NVDA,2026-09-18,P,145.0,0.06,520.0,0.07,326.0,0.941,27099.0,391.0,-0.005,0.0003,0.0066,-0.0197,-0.0004,0.0682,0.0,0.06,0.07,0.05,up,0.06,2026-09-04T15:10:42,-8.69234e-07,0.0600000005215406,229.88,2026-09-04 19:44:26,2026-09-04 15:45:04
NVDA,NVDA260918P00150000,NVDA,2026-09-18,P,150.0,0.07,517.0,0.08,355.0,0.8922,35987.0,425.0,-0.006,0.0004,0.0076,-0.0218,-0.0005,0.0779,0.005,0.07,0.08,0.07,up,0.08,2026-09-04T15:06:41,6.66667,0.0749999992549419,229.88,2026-09-04 19:44:26,2026-09-04 15:45:04
NVDA,NVDA260918P00155000,NVDA,2026-09-18,P,155.0,0.08,525.0,0.1,649.0,0.8483,22293.0,359.0,-0.0071,0.0005,0.0089,-0.0242,-0.0006,0.089,0.0,0.07,0.1,0.07,no_change,0.08,2026-09-04T15:06:33,-2.42144e-06,0.080000001937151,229.88,2026-09-04 19:44:26,2026-09-04 15:45:04
NVDA,NVDA260918P00160000,NVDA,2026-09-18,P,160.0,0.1,322.0,0.11,531.0,0.8019,43275.0,105.0,-0.0085,0.0006,0.0105,-0.0269,-0.0007,0.1022,0.015,0.1,0.11,0.08,up,0.11,2026-09-04T15:22:29,15.7895,0.0950000025331974,229.88,2026-09-04 19:44:26,2026-09-04 15:45:04
NVDA,NVDA260918P00165000,NVDA,2026-09-18,P,165.0,0.11,332.0,0.12,7.0,0.7496,31228.0,2676.0,-0.0102,0.0008,0.0123,-0.0299,-0.0008,0.1177,0.01,0.11,0.12,0.1,no_change,0.12,2026-09-04T14:58:51,9.09091,0.109999999403954,229.88,2026-09-04 19:44:26,2026-09-04 15:45:04
NVDA,NVDA260918P00170000,NVDA,2026-09-18,P,170.0,0.14,245.0,0.15,486.0,0.7115,43766.0,2593.0,-0.0123,0.001,0.0145,-0.0332,-0.0009,0.1359,0.01,0.15,0.15,0.11,up,0.14,2026-09-04T15:17:28,7.69231,0.129999998956919,229.88,2026-09-04 19:44:26,2026-09-04 15:45:04
NVDA,NVDA260918P00175000,NVDA,2026-09-18,P,175.0,0.16,293.0,0.17,492.0,0.6633,35147.0,1682.0,-0.015,0.0013,0.0172,-0.0369,-0.0012,0.1578,0.01,0.14,0.16,0.13,no_change,0.16,2026-09-04T15:17:25,6.66667,0.149999998509884,229.88,2026-09-04 19:44:26,2026-09-04 15:45:04
NVDA,NVDA260918P00180000,NVDA,2026-09-18,P,180.0,0.18,587.0,0.19,3.0,0.6137,71533.0,1447.0,-0.0183,0.0016,0.0205,-0.0411,-0.0014,0.184,0.005,0.16,0.19,0.15,no_change,0.18,2026-09-04T15:27:45,2.85714,0.175000004470348,229.88,2026-09-04 19:44:26,2026-09-04 15:45:04
NVDA,NVDA260918P00185000,NVDA,2026-09-18,P,185.0,0.21,688.0,0.22,4.0,0.5672,40152.0,3108.0,-0.0226,0.0021,0.0245,-0.0459,-0.0017,0.2162,0.005,0.2,0.22,0.18,no_change,0.21,2026-09-04T15:26:53,2.43903,0.204999998211861,229.88,2026-09-04 19:44:26,2026-09-04 15:45:04
NVDA,NVDA260918P00187500,NVDA,2026-09-18,P,187.5,0.23,322.0,0.25,257.0,0.547,518.0,98.0,-0.0253,0.0024,0.0268,-0.0485,-0.0019,0.2353,0.01,0.2,0.24,0.19,no_change,0.24,2026-09-04T14:45:30,4.34783,0.229999996721745,229.88,2026-09-04 19:44:26,2026-09-04 15:45:04
NVDA,NVDA260918P00190000,NVDA,2026-09-18,P,190.0,0.25,295.0,0.27,546.0,0.5238,28741.0,732.0,-0.0283,0.0027,0.0297,-0.0514,-0.0021,0.2569,0.015,0.24,0.27,0.21,up,0.27,2026-09-04T15:24:33,5.88235,0.254999995231628,229.88,2026-09-04 19:44:26,2026-09-04 15:45:04
NVDA,NVDA260918P00192500,NVDA,2026-09-18,P,192.5,0.27,256.0,0.29,253.0,0.4998,1415.0,34.0,-0.0319,0.0032,0.0327,-0.0546,-0.0024,0.2822,-0.01,0.25,0.29,0.23,down,0.28,2026-09-04T13:56:47,-3.44828,0.290000006556511,229.88,2026-09-04 19:44:26,2026-09-04 15:45:04
NVDA,NVDA260918P00195000,NVDA,2026-09-18,P,195.0,0.3,341.0,0.32,283.0,0.4781,30306.0,1489.0,-0.0363,0.0037,0.0363,-0.0582,-0.0027,0.3122,-0.025,0.3,0.33,0.25,down,0.3,2026-09-04T15:29:24,-7.69231,0.325000002980232,229.88,2026-09-04 19:44:26,2026-09-04 15:45:04
NVDA,NVDA260918P00197500,NVDA,2026-09-18,P,197.5,0.34,249.0,0.36,466.0,0.4575,3314.0,130.0,-0.0416,0.0043,0.0408,-0.0624,-0.0031,0.3495,-0.02,0.31,0.36,0.28,up,0.35,2026-09-04T15:27:55,-5.40541,0.370000004768372,229.88,2026-09-04 19:44:26,2026-09-04 15:45:04
NVDA,NVDA260918P00200000,NVDA,2026-09-18,P,200.0,0.39,229.0,0.4,382.0,0.4372,47197.0,3578.0,-0.0482,0.0051,0.0457,-0.0675,-0.0036,0.3961,-0.035,0.43,0.43,0.32,up,0.4,2026-09-04T15:28:57,-8.04598,0.435000002384186,229.88,2026-09-04 19:44:26,2026-09-04 15:45:04
NVDA,NVDA260918P00202500,NVDA,2026-09-18,P,202.5,0.45,321.0,0.47,479.0,0.4188,1383.0,314.0,-0.0566,0.006,0.052,-0.0738,-0.0042,0.458,-0.05,0.43,0.48,0.36,up,0.47,2026-09-04T15:22:08,-9.61538,0.519999980926514,229.88,2026-09-04 19:44:26,2026-09-04 15:45:04
NVDA,NVDA260918P00205000,NVDA,2026-09-18,P,205.0,0.53,334.0,0.55,413.0,0.4008,20082.0,2307.0,-0.0677,0.0072,0.0597,-0.0818,-0.0049,0.5418,-0.09,0.56,0.56,0.41,no_change,0.54,2026-09-04T15:28:03,-14.2857,0.629999995231628,229.88,2026-09-04 19:44:26,2026-09-04 15:45:04
NVDA,NVDA260918P00207500,NVDA,2026-09-18,P,207.5,0.65,325.0,0.67,305.0,0.386,3160.0,1407.0,-0.0822,0.0087,0.0694,-0.0918,-0.0061,0.6566,-0.11,0.72,0.72,0.49,up,0.67,2026-09-04T15:27:55,-14.1026,0.780000001192093,229.88,2026-09-04 19:44:26,2026-09-04 15:45:04
NVDA,NVDA260918P00210000,NVDA,2026-09-18,P,210.0,0.81,233.0,0.83,354.0,0.3727,45489.0,3289.0,-0.1013,0.0105,0.0807,-0.1041,-0.0073,0.8157,-0.165,0.85,0.89,0.6,no_change,0.82,2026-09-04T15:28:03,-16.7513,0.985000014305115,229.88,2026-09-04 19:44:26,2026-09-04 15:45:04
NVDA,NVDA260918P00212500,NVDA,2026-09-18,P,212.5,1.03,340.0,1.05,256.0,0.3614,7823.0,2634.0,-0.1261,0.0127,0.0942,-0.1188,-0.009,1.0341,-0.2,0.96,1.1,0.75,up,1.05,2026-09-04T15:28:23,-16.0,1.25,229.88,2026-09-04 19:44:26,2026-09-04 15:45:04
NVDA,NVDA260918P00215000,NVDA,2026-09-18,P,215.0,1.32,402.0,1.35,172.0,0.3518,19665.0,3596.0,-0.1575,0.0152,0.1095,-0.1355,-0.011,1.3304,-0.28,1.4,1.4,0.94,no_change,1.32,2026-09-04T15:29:24,-17.5,1.60000002384186,229.88,2026-09-04 19:44:26,2026-09-04 15:45:04
NVDA,NVDA260918P00217500,NVDA,2026-09-18,P,217.5,1.72,177.0,1.75,167.0,0.3446,3060.0,1610.0,-0.1964,0.0179,0.1257,-0.1534,-0.0139,1.7249,-0.32,1.75,1.79,1.2,up,1.74,2026-09-04T15:25:54,-15.534,2.05999994277954,229.88,2026-09-04 19:44:26,2026-09-04 15:45:04
NVDA,NVDA260918P00220000,NVDA,2026-09-18,P,220.0,2.24,135.0,2.28,131.0,0.3385,20808.0,5246.0,-0.2436,0.0206,0.1415,-0.1716,-0.0169,2.2479,-0.39,2.12,2.35,1.54,no_change,2.24,2026-09-04T15:29:02,-14.8289,2.62999999523163,229.88,2026-09-04 19:44:26,2026-09-04 15:45:04
NVDA,NVDA260918P00222500,NVDA,2026-09-18,P,222.5,2.9,34.0,2.93,51.0,0.334,2423.0,1749.0,-0.2975,0.0231,0.1562,-0.1879,-0.0201,2.9018,-0.55,2.75,2.96,2.0,down,2.8,2026-09-04T15:27:39,-16.4179,3.35000002384186,229.88,2026-09-04 19:44:26,2026-09-04 15:45:04
NVDA,NVDA260918P00225000,NVDA,2026-09-18,P,225.0,3.7,335.0,3.75,114.0,0.3298,11687.0,3751.0,-0.3581,0.0252,0.1682,-0.2011,-0.0236,3.7188,-0.45,3.85,3.85,2.54,no_change,3.75,2026-09-04T15:29:18,-10.7143,4.20000004768372,229.88,2026-09-04 19:44:26,2026-09-04 15:45:04
NVDA,NVDA260918P00227500,NVDA,2026-09-18,P,227.5,4.65,204.0,4.75,178.0,0.3262,5210.0,2534.0,-0.4232,0.0267,0.1763,-0.2097,-0.0272,4.7042,-0.73,4.4,4.8,3.29,no_change,4.52,2026-09-04T15:22:09,-13.9048,5.25,229.88,2026-09-04 19:44:26,2026-09-04 15:45:04
NVDA,NVDA260918P00230000,NVDA,2026-09-18,P,230.0,5.8,396.0,5.9,92.0,0.3232,11044.0,5942.0,-0.4911,0.0275,0.1795,-0.2128,-0.0304,5.8689,-0.55,5.6,5.95,4.1,up,5.9,2026-09-04T15:28:54,-8.52713,6.45000004768372,229.88,2026-09-04 19:44:26,2026-09-04 15:45:04
NVDA,NVDA260918P00232500,NVDA,2026-09-18,P,232.5,7.15,154.0,7.25,86.0,0.3218,302.0,4765.0,-0.5595,0.0274,0.1775,-0.2099,-0.0331,7.215,-0.625,7.0,7.3,5.14,no_change,7.2,2026-09-04T15:28:51,-7.98722,7.82500004768372,229.88,2026-09-04 19:44:26,2026-09-04 15:45:04
NVDA,NVDA260918P00235000,NVDA,2026-09-18,P,235.0,8.65,329.0,8.8,120.0,0.3207,3433.0,3389.0,-0.6261,0.0265,0.1704,-0.2014,-0.0352,8.7393,-0.725,8.05,8.75,6.35,down,8.65,2026-09-04T15:26:32,-7.73333,9.375,229.88,2026-09-04 19:44:26,2026-09-04 15:45:04
NVDA,NVDA260918P00237500,NVDA,2026-09-18,P,237.5,10.35,277.0,10.5,96.0,0.3205,306.0,348.0,-0.6888,0.0249,0.1593,-0.1881,-0.0363,10.4333,-0.85,9.25,10.25,7.75,up,10.25,2026-09-04T14:35:51,-7.65766,11.0999999046326,229.88,2026-09-04 19:44:26,2026-09-04 15:45:04
NVDA,NVDA260918P00240000,NVDA,2026-09-18,P,240.0,12.2,105.0,12.35,93.0,0.3206,2448.0,594.0,-0.7459,0.0227,0.1447,-0.1713,-0.0371,12.284,-0.9,11.65,12.25,9.25,no_change,12.1,2026-09-04T15:04:44,-6.92308,13.0,229.88,2026-09-04 19:44:26,2026-09-04 15:45:04
NVDA,NVDA260918P00245000,NVDA,2026-09-18,P,245.0,16.25,264.0,16.45,52.0,0.3209,756.0,304.0,-0.8389,0.0175,0.1102,-0.1329,-0.0356,16.3849,-1.425,13.62,16.19,12.8,down,15.7,2026-09-04T14:56:38,-8.32117,17.125,229.88,2026-09-04 19:44:26,2026-09-04 15:45:04
NVDA,NVDA260918P00250000,NVDA,2026-09-18,P,250.0,20.75,240.0,20.95,56.0,0.3271,3466.0,144.0,-0.9023,0.0124,0.0781,-0.0966,-0.0321,20.8808,-0.975,18.91,20.65,16.85,up,20.65,2026-09-04T15:19:37,-4.50867,21.625,229.88,2026-09-04 19:44:26,2026-09-04 15:45:04
NVDA,NVDA260918P00255000,NVDA,2026-09-18,P,255.0,25.45,227.0,25.65,16.0,0.3288,351.0,63.0,-0.9412,0.0083,0.0536,-0.0683,-0.0277,25.6152,-0.975,23.13,25.4,21.85,up,25.4,2026-09-04T15:17:17,-3.69668,26.375,229.88,2026-09-04 19:44:26,2026-09-04 15:45:04
NVDA,NVDA260918P00260000,NVDA,2026-09-18,P,260.0,30.35,173.0,30.55,173.0,0.3485,1088.0,29.0,-0.9638,0.0055,0.0363,-0.0482,-0.0245,30.4783,-2.475,27.91,29.36,26.4,down,28.75,2026-09-04T13:01:52,-7.92634,31.2250003814697,229.88,2026-09-04 19:44:26,2026-09-04 15:45:04
NVDA,NVDA260918P00265000,NVDA,2026-09-18,P,265.0,34.6,132.0,36.1,111.0,0.3456,75.0,21.0,-0.9769,0.0037,0.0252,-0.0347,-0.0218,35.4053,-1.215,34.2,34.26,34.05,no_change,34.26,2026-09-04T11:59:59,-3.42495,35.4750003814697,229.88,2026-09-04 19:44:26,2026-09-04 15:45:04
NVDA,NVDA260918P00270000,NVDA,2026-09-18,P,270.0,38.55,274.0,40.85,75.0,0.0,19.0,10.0,-0.9846,0.0025,0.0175,-0.0256,-0.021,40.3646,-1.09,37.5,39.31,37.47,up,39.31,2026-09-04T12:02:19,-2.69802,40.3999996185303,229.88,2026-09-04 19:44:26,2026-09-04 15:45:04
NVDA,NVDA260918P00275000,NVDA,2026-09-18,P,275.0,43.5,83.0,46.15,71.0,0.0,1.0,0.0,-0.9893,0.0018,0.0125,-0.0194,-0.0192,45.3397,0.0,0.0,0.0,0.0,up,58.38,2026-08-20T14:07:07,0.0,45.4250011444092,229.88,2026-09-04 19:44:26,2026-09-04 15:45:04
NVDA,NVDA260918P00280000,NVDA,2026-09-18,P,280.0,49.65,298.0,50.9,296.0,0.0,400.0,0.0,-0.9924,0.0013,0.0098,-0.015,-0.0194,50.3236,0.0,0.0,0.0,0.0,down,54.83,2026-09-02T13:31:18,0.0,51.0249996185303,229.88,2026-09-04 19:44:26,2026-09-04 15:45:04
NVDA,NVDA260918P00285000,NVDA,2026-09-18,P,285.0,53.9,76.0,56.05,73.0,0.0,0.0,0.0,-0.9944,0.0009,0.007,-0.0118,-0.0181,55.3129,0.0,0.0,0.0,0.0,up,67.24,2026-08-21T09:36:04,0.0,55.75,229.88,2026-09-04 19:44:26,2026-09-04 15:45:04
NVDA,NVDA260918P00290000,NVDA,2026-09-18,P,290.0,59.05,75.0,60.7,75.0,0.0,3.0,0.0,-0.9958,0.0007,0.0057,-0.0094,-0.0184,60.3051,0.0,0.0,0.0,0.0,up,78.99,2026-08-26T14:54:32,0.0,60.7750015258789,229.88,2026-09-04 19:44:26,2026-09-04 15:45:04
NVDA,NVDA260918P00295000,NVDA,2026-09-18,P,295.0,63.45,75.0,66.3,72.0,0.0,0.0,0.0,-0.9968,0.0005,0.0044,-0.0076,-0.0176,65.2992,0.0,0.0,0.0,0.0,up,66.37,2026-05-14T13:45:56,0.0,65.7000007629394,229.88,2026-09-04 19:44:26,2026-09-04 15:45:04
NVDA,NVDA260918P00300000,NVDA,2026-09-18,P,300.0,69.45,85.0,70.85,77.0,0.0,1.0,1.0,-0.9975,0.0004,0.0033,-0.0063,-0.0179,70.2948,-2.735,68.04,68.04,68.04,down,68.04,2026-09-04T11:33:47,-3.86436,70.7750015258789,229.88,2026-09-04 19:44:26,2026-09-04 15:45:04
NVDA,NVDA260918P00310000,NVDA,2026-09-18,P,310.0,78.45,75.0,81.25,75.0,0.0,0.0,0.0,-0.9984,0.0002,0.0023,-0.0043,-0.0179,80.2879,0.0,0.0,0.0,0.0,no_change,84.45,2026-08-27T14:56:32,0.0,80.7750015258789,229.88,2026-09-04 19:44:26,2026-09-04 15:45:04
NVDA,NVDA260918P00320000,NVDA,2026-09-18,P,320.0,88.8,79.0,91.2,72.0,0.0,0.0,0.0,-0.9989,0.0002,0.0015,-0.0031,-0.0183,90.283,0.0,0.0,0.0,0.0,down,96.7,2026-05-21T10:06:48,0.0,90.7999992370606,229.88,2026-09-04 19:44:26,2026-09-04 15:45:04
NVDA,NVDA260918P00330000,NVDA,2026-09-18,P,330.0,98.45,71.0,100.9,73.0,0.0,0.0,0.0,-0.9993,0.0001,0.0011,-0.0022,-0.0186,100.2789,0.0,0.0,0.0,0.0,down,108.62,2026-08-05T13:19:48,0.0,100.775001525879,229.88,2026-09-04 19:44:26,2026-09-04 15:45:04
NVDA,NVDA260918P00340000,NVDA,2026-09-18,P,340.0,108.45,79.0,111.2,74.0,0.0,0.0,0.0,-0.9995,0.0001,0.0007,-0.0017,-0.019,110.2756,0.0,0.0,0.0,0.0,down,117.65,2026-05-19T13:52:17,0.0,110.549999237061,229.88,2026-09-04 19:44:26,2026-09-04 15:45:04
NVDA,NVDA260918P00350000,NVDA,2026-09-18,P,350.0,118.5,68.0,121.2,73.0,0.0,0.0,0.0,-0.9996,0.0,0.0006,-0.0013,-0.0196,120.2725,0.0,0.0,0.0,0.0,up,162.89,2026-02-02T15:19:45,0.0,120.725002288818,229.88,2026-09-04 19:44:26,2026-09-04 15:45:04
NVDA,NVDA260918P00360000,NVDA,2026-09-18,P,360.0,128.4,75.0,131.2,74.0,0.0,0.0,0.0,-0.9997,0.0,0.0004,-0.001,-0.0199,130.2696,0.0,0.0,0.0,0.0,down,130.2,2026-05-15T13:45:45,0.0,130.5,229.88,2026-09-04 19:44:26,2026-09-04 15:45:04
NVDA,NVDA260918P00370000,NVDA,2026-09-18,P,370.0,138.4,82.0,140.65,88.0,0.0,0.0,0.0,-0.9998,0.0,0.0003,-0.0008,-0.0205,140.2669,0.0,0.0,0.0,0.0,down,142.35,2026-08-27T12:13:06,0.0,140.625,229.88,2026-09-04 19:44:26,2026-09-04 15:45:04
NVDA,NVDA260918P00380000,NVDA,2026-09-18,P,380.0,148.4,77.0,150.65,94.0,0.0,0.0,0.0,-0.9998,0.0,0.0003,-0.0006,-0.021,150.2643,0.0,0.0,0.0,0.0,no_change,0.0,,0.0,150.799995422363,229.88,2026-09-04 19:44:26,2026-09-04 15:45:04
NVDA,NVDA260918P00390000,NVDA,2026-09-18,P,390.0,158.4,77.0,160.8,86.0,0.0,0.0,0.0,-0.9999,0.0,0.0002,-0.0005,-0.0215,160.2617,0.0,0.0,0.0,0.0,no_change,0.0,,0.0,160.799995422363,229.88,2026-09-04 19:44:26,2026-09-04 15:45:04
NVDA,NVDA260918P00400000,NVDA,2026-09-18,P,400.0,168.4,88.0,170.75,77.0,0.0,0.0,0.0,-0.9999,0.0,0.0001,-0.0004,-0.022,170.2592,0.0,0.0,0.0,0.0,up,215.09,2026-02-26T15:54:14,0.0,170.5,229.88,2026-09-04 19:44:26,2026-09-04 15:45:04
NVDA,NVDA260918P00410000,NVDA,2026-09-18,P,410.0,178.4,85.0,181.15,81.0,0.0,0.0,0.0,-0.9999,0.0,0.0001,-0.0003,-0.0226,180.2567,0.0,0.0,0.0,0.0,up,225.11,2026-02-26T15:54:14,0.0,180.674995422363,229.88,2026-09-04 19:44:26,2026-09-04 15:45:04
NVDA,NVDA260918P00420000,NVDA,2026-09-18,P,420.0,188.4,73.0,191.15,71.0,0.0,0.0,0.0,-0.9999,0.0,0.0001,-0.0003,-0.0231,190.2542,0.0,0.0,0.0,0.0,up,229.0,2025-11-06T10:37:33,0.0,190.799995422363,229.88,2026-09-04 19:44:26,2026-09-04 15:45:04
NVDA,NVDA260918P00430000,NVDA,2026-09-18,P,430.0,198.35,71.0,201.15,73.0,0.0,0.0,0.0,-1.0,0.0,0.0001,-0.0002,-0.0236,200.2518,0.0,0.0,0.0,0.0,no_change,0.0,,0.0,200.5,229.88,2026-09-04 19:44:26,2026-09-04 15:45:04
NVDA,NVDA260918P00440000,NVDA,2026-09-18,P,440.0,208.35,75.0,211.15,76.0,0.0,0.0,0.0,-1.0,0.0,0.0001,-0.0002,-0.0242,210.2493,0.0,0.0,0.0,0.0,no_change,0.0,,0.0,210.699996948242,229.88,2026-09-04 19:44:26,2026-09-04 15:45:04
NVDA,NVDA260918P00450000,NVDA,2026-09-18,P,450.0,218.35,74.0,221.15,87.0,0.0,0.0,0.0,-1.0,0.0,0.0,-0.0001,-0.0247,220.2469,0.0,0.0,0.0,0.0,no_change,0.0,,0.0,220.799995422363,229.88,2026-09-04 19:44:26,2026-09-04 15:45:04
NVDA,NVDA260918P00455000,NVDA,2026-09-18,P,455.0,223.35,78.0,225.8,80.0,0.0,0.0,0.0,-1.0,0.0,0.0,-0.0001,-0.025,225.2457,0.0,0.0,0.0,0.0,no_change,0.0,,0.0,225.774993896484,229.88,2026-09-04 19:44:26,2026-09-04 15:45:04
NVDA,NVDA260918P00460000,NVDA,2026-09-18,P,460.0,228.35,77.0,231.15,76.0,0.0,0.0,0.0,-1.0,0.0,0.0,-0.0001,-0.0252,230.2445,0.0,0.0,0.0,0.0,up,238.0,2026-08-28T11:52:20,0.0,230.399993896484,229.88,2026-09-04 19:44:26,2026-09-04 15:45:04
NVDA,NVDA260925C00050000,NVDA,2026-09-25,C,50.0,176.4,59.0,183.85,51.0,2.8713,0.0,0.0,0.9999,0.0,0.0001,-0.0006,0.0029,179.906,0.0,0.0,0.0,0.0,no_change,0.0,,0.0,178.949996948242,229.88,2026-09-04 19:44:26,2026-09-04 15:45:04
NVDA,NVDA260925C00055000,NVDA,2026-09-25,C,55.0,171.4,52.0,178.85,51.0,2.6878,0.0,0.0,0.9999,0.0,0.0001,-0.0008,0.0032,174.9075,0.0,0.0,0.0,0.0,no_change,0.0,,0.0,173.949996948242,229.88,2026-09-04 19:44:26,2026-09-04 15:45:04
NVDA,NVDA260925C00060000,NVDA,2026-09-25,C,60.0,166.4,51.0,173.85,51.0,2.5216,6.0,0.0,0.9999,0.0,0.0003,-0.0012,0.0038,169.9093,0.0,0.0,0.0,0.0,down,159.31,2026-08-18T14:35:18,0.0,168.949996948242,229.88,2026-09-04 19:44:26,2026-09-04 15:45:04
NVDA,NVDA260925C00065000,NVDA,2026-09-25,C,65.0,161.4,51.0,168.9,51.0,2.3985,0.0,0.0,0.9998,0.0,0.0003,-0.0016,0.0041,164.9112,0.0,0.0,0.0,0.0,no_change,0.0,,0.0,163.974998474121,229.88,2026-09-04 19:44:26,2026-09-04 15:45:04
NVDA,NVDA260925C00070000,NVDA,2026-09-25,C,70.0,156.4,51.0,163.85,51.0,2.2297,0.0,0.0,0.9998,0.0,0.0005,-0.002,0.0048,159.9132,0.0,0.0,0.0,0.0,no_change,0.0,,0.0,158.974998474121,229.88,2026-09-04 19:44:26,2026-09-04 15:45:04
NVDA,NVDA260925C00075000,NVDA,2026-09-25,C,75.0,151.4,64.0,158.85,50.0,2.0991,8.0,0.0,0.9997,0.0,0.0006,-0.0026,0.0057,154.9158,0.0,0.0,0.0,0.0,up,145.2,2026-08-31T15:50:00,0.0,153.974998474121,229.88,2026-09-04 19:44:26,2026-09-04 15:45:04
NVDA,NVDA260925C00080000,NVDA,2026-09-25,C,80.0,146.4,52.0,153.85,51.0,1.9774,5.0,0.0,0.9996,0.0,0.0007,-0.0032,0.006,149.9185,0.0,0.0,0.0,0.0,up,143.11,2026-08-12T15:03:16,0.0,148.974998474121,229.88,2026-09-04 19:44:26,2026-09-04 15:45:04
NVDA,NVDA260925C00085000,NVDA,2026-09-25,C,85.0,141.4,51.0,148.85,51.0,1.8636,5.0,0.0,0.9994,0.0,0.0011,-0.004,0.0082,144.9217,0.0,0.0,0.0,0.0,no_change,132.04,2026-08-20T11:32:13,0.0,143.75,229.88,2026-09-04 19:44:26,2026-09-04 15:45:04
NVDA,NVDA260925C00090000,NVDA,2026-09-25,C,90.0,136.4,52.0,143.85,51.0,1.7566,6.0,0.0,0.9992,0.0,0.0013,-0.0049,0.0087,139.9256,0.0,0.0,0.0,0.0,up,129.7,2026-08-28T14:36:28,0.0,138.974998474121,229.88,2026-09-04 19:44:26,2026-09-04 15:45:04
NVDA,NVDA260925C00095000,NVDA,2026-09-25,C,95.0,131.4,58.0,138.9,59.0,1.6783,1.0,0.0,0.999,0.0001,0.0019,-0.0059,0.0125,134.9296,0.0,0.0,0.0,0.0,down,121.08,2026-08-21T14:10:21,0.0,133.125,229.88,2026-09-04 19:44:26,2026-09-04 15:45:04
NVDA,NVDA260925C00100000,NVDA,2026-09-25,C,100.0,126.45,51.0,133.9,60.0,1.6014,4.0,0.0,0.9988,0.0001,0.0021,-0.007,0.0131,129.9352,0.0,0.0,0.0,0.0,down,119.39,2026-08-31T13:46:20,0.0,129.125,229.88,2026-09-04 19:44:26,2026-09-04 15:45:04
NVDA,NVDA260925C00105000,NVDA,2026-09-25,C,105.0,122.45,58.0,128.9,55.0,1.7648,6.0,5.0,0.9984,0.0001,0.0028,-0.0082,0.0189,124.9412,2.465,126.59,126.59,126.59,up,126.59,2026-09-04T11:41:09,1.9859,124.125,229.88,2026-09-04 19:44:26,2026-09-04 15:45:04
NVDA,NVDA260925C00110000,NVDA,2026-09-25,C,110.0,116.45,52.0,123.9,60.0,1.4204,10.0,0.0,0.998,0.0001,0.0033,-0.0094,0.0197,119.949,0.0,0.0,0.0,0.0,up,109.3,2026-08-28T14:35:13,0.0,119.275001525879,229.88,2026-09-04 19:44:26,2026-09-04 15:45:04
NVDA,NVDA260925C00115000,NVDA,2026-09-25,C,115.0,111.45,60.0,118.95,60.0,1.3525,0.0,0.0,0.9975,0.0001,0.0041,-0.0106,0.0277,114.9583,0.0,0.0,0.0,0.0,no_change,0.0,,0.0,114.299999237061,229.88,2026-09-04 19:44:26,2026-09-04 15:45:04
NVDA,NVDA260925C00120000,NVDA,2026-09-25,C,120.0,106.5,68.0,113.95,70.0,1.2861,14.0,0.0,0.997,0.0002,0.005,-0.0118,0.0388,109.9696,0.0,0.0,0.0,0.0,no_change,103.23,2026-09-02T10:20:16,0.0,109.300003051758,229.88,2026-09-04 19:44:26,2026-09-04 15:45:04
NVDA,NVDA260925C00125000,NVDA,2026-09-25,C,125.0,101.5,64.0,108.95,70.0,1.2068,19.0,0.0,0.9963,0.0002,0.0059,-0.0129,0.0592,104.984,0.0,0.0,0.0,0.0,up,104.87,2026-09-03T14:05:43,0.0,104.825000762939,229.88,2026-09-04 19:44:26,2026-09-04 15:45:04
NVDA,NVDA260925C00130000,NVDA,2026-09-25,C,130.0,97.65,204.0,104.0,204.0,1.359,1.0,6.0,0.9957,0.0002,0.0068,-0.0139,0.0705,100.0026,2.075,104.8,104.8,101.4,down,101.4,2026-09-04T13:12:13,2.0891,99.3250007629394,229.88,2026-09-04 19:44:26,2026-09-04 15:45:04
NVDA,NVDA260925C00135000,NVDA,2026-09-25,C,135.0,92.45,70.0,95.9,89.0,0.0,1.0,0.0,0.995,0.0003,0.0078,-0.0152,0.0731,95.0232,0.0,0.0,0.0,0.0,down,86.25,2026-08-18T09:44:12,0.0,93.0750007629394,229.88,2026-09-04 19:44:26,2026-09-04 15:45:04
NVDA,NVDA260925C00140000,NVDA,2026-09-25,C,140.0,88.35,203.0,91.45,203.0,0.0,23.0,2.0,0.9942,0.0004,0.009,-0.0167,0.0758,90.0449,4.025,93.6,93.6,93.6,up,93.6,2026-09-04T09:44:33,4.49344,89.5750007629394,229.88,2026-09-04 19:44:26,2026-09-04 15:45:04
NVDA,NVDA260925C00145000,NVDA,2026-09-25,C,145.0,81.8,62.0,86.5,1.0,0.0,1.0,0.0,0.9932,0.0004,0.0104,-0.0182,0.0784,85.0679,0.0,0.0,0.0,0.0,up,76.23,2026-08-11T09:45:21,0.0,83.6500015258789,229.88,2026-09-04 19:44:26,2026-09-04 15:45:04
NVDA,NVDA260925C00150000,NVDA,2026-09-25,C,150.0,78.9,65.0,83.45,66.0,1.1258,4.0,52.0,0.992,0.0005,0.012,-0.0199,0.0809,80.0926,1.28,81.4,81.4,80.73,no_change,80.73,2026-09-04T13:26:09,1.61108,79.4500007629394,229.88,2026-09-04 19:44:26,2026-09-04 15:45:04
NVDA,NVDA260925C00155000,NVDA,2026-09-25,C,155.0,71.9,66.0,78.45,65.0,0.7604,3.0,4.0,0.9906,0.0006,0.0138,-0.0219,0.0835,75.1193,1.555,76.41,76.42,76.03,down,76.03,2026-09-04T13:26:28,2.08795,74.4749984741211,229.88,2026-09-04 19:44:26,2026-09-04 15:45:04
NVDA,NVDA260925C00160000,NVDA,2026-09-25,C,160.0,66.65,139.0,73.85,70.0,0.7373,28.0,2.0,0.989,0.0008,0.016,-0.024,0.086,70.1484,1.255,71.27,71.27,71.08,down,71.08,2026-09-04T13:26:28,1.79735,69.8249969482422,229.88,2026-09-04 19:44:26,2026-09-04 15:45:04
NVDA,NVDA260925C00165000,NVDA,2026-09-25,C,165.0,62.85,128.0,69.1,67.0,0.8717,38.0,30.0,0.9869,0.0009,0.0187,-0.0264,0.0885,65.1806,1.455,66.63,66.63,66.43,no_change,66.43,2026-09-04T13:33:02,2.23932,64.9750003814697,229.88,2026-09-04 19:44:26,2026-09-04 15:45:04
NVDA,NVDA260925C00170000,NVDA,2026-09-25,C,170.0,59.2,134.0,61.75,273.0,0.8046,44.0,54.0,0.9843,0.0012,0.0218,-0.0291,0.0909,60.2169,-0.295,61.66,61.66,60.23,down,60.23,2026-09-04T15:29:26,-0.487401,60.5249996185303,229.88,2026-09-04 19:44:26,2026-09-04 15:45:04
NVDA,NVDA260925C00175000,NVDA,2026-09-25,C,175.0,53.95,240.0,57.75,376.0,0.7167,115.0,48.0,0.981,0.0015,0.0257,-0.0322,0.0932,55.2589,0.66,57.6,57.6,55.54,no_change,55.76,2026-09-04T13:37:56,1.19782,55.0999984741211,229.88,2026-09-04 19:44:26,2026-09-04 15:45:04
NVDA,NVDA260925C00180000,NVDA,2026-09-25,C,180.0,49.85,218.0,51.0,375.0,0.5634,403.0,100.0,0.9768,0.0019,0.0306,-0.036,0.0954,50.309,1.055,51.7,52.2,50.57,up,51.33,2026-09-04T14:30:19,2.09846,50.2749996185303,229.88,2026-09-04 19:44:26,2026-09-04 15:45:04
NVDA,NVDA260925C00185000,NVDA,2026-09-25,C,185.0,43.8,446.0,45.95,271.0,0.0,133.0,14.0,0.971,0.0024,0.0369,-0.0406,0.0974,45.3717,0.915,49.2,49.55,45.59,down,45.59,2026-09-04T14:08:54,2.04813,44.6749992370606,229.88,2026-09-04 19:44:26,2026-09-04 15:45:04
NVDA,NVDA260925C00190000,NVDA,2026-09-25,C,190.0,39.8,373.0,41.75,368.0,0.5198,239.0,15.0,0.963,0.0032,0.0452,-0.0466,0.099,40.4553,1.455,41.5,44.95,41.13,down,41.13,2026-09-04T13:35:23,3.6673,39.6749992370606,229.88,2026-09-04 19:44:26,2026-09-04 15:45:04
NVDA,NVDA260925C00195000,NVDA,2026-09-25,C,195.0,35.2,309.0,36.3,370.0,0.4572,365.0,22.0,0.9512,0.0042,0.0566,-0.0548,0.1003,35.5749,3.44,38.52,40.0,38.0,up,38.29,2026-09-04T11:09:46,9.87088,34.8499984741211,229.88,2026-09-04 19:44:26,2026-09-04 15:45:04
NVDA,NVDA260925C00200000,NVDA,2026-09-25,C,200.0,30.65,33.0,31.15,367.0,0.4198,578.0,255.0,0.9333,0.0058,0.0722,-0.0661,0.1007,30.7579,0.95,32.85,35.38,31.0,no_change,31.0,2026-09-04T14:36:31,3.1614,30.0499992370606,229.88,2026-09-04 19:44:26,2026-09-04 15:45:04
NVDA,NVDA260925C00205000,NVDA,2026-09-25,C,205.0,25.95,36.0,26.45,382.0,0.3935,1064.0,228.0,0.9058,0.008,0.0937,-0.0818,0.0998,26.0506,0.975,27.15,30.35,26.25,up,26.35,2026-09-04T15:13:18,3.84236,25.375,229.88,2026-09-04 19:44:26,2026-09-04 15:45:04
NVDA,NVDA260925C00210000,NVDA,2026-09-25,C,210.0,21.45,33.0,21.65,202.0,0.3618,2239.0,168.0,0.8641,0.0109,0.1214,-0.102,0.097,21.5248,0.825,24.38,26.0,21.7,down,21.7,2026-09-04T15:09:31,3.9521,20.875,229.88,2026-09-04 19:44:26,2026-09-04 15:45:04
NVDA,NVDA260925C00215000,NVDA,2026-09-25,C,215.0,17.2,51.0,17.4,213.0,0.3478,2418.0,273.0,0.8042,0.0144,0.1533,-0.1254,0.0918,17.2776,0.565,18.3,21.5,17.29,down,17.29,2026-09-04T15:16:53,3.37818,16.7249994277954,229.88,2026-09-04 19:44:26,2026-09-04 15:45:04
NVDA,NVDA260925C00220000,NVDA,2026-09-25,C,220.0,13.35,156.0,13.65,323.0,0.3411,4569.0,1094.0,0.7247,0.0179,0.1846,-0.148,0.0839,13.4123,0.5,13.96,17.45,13.45,down,13.45,2026-09-04T15:23:52,3.861,12.9500002861023,229.88,2026-09-04 19:44:26,2026-09-04 15:45:04
NVDA,NVDA260925C00225000,NVDA,2026-09-25,C,225.0,10.05,11.0,10.1,50.0,0.3311,10884.0,1242.0,0.6276,0.0207,0.2088,-0.165,0.0735,10.0421,0.445,10.95,13.65,10.05,up,10.07,2026-09-04T15:29:00,4.62338,9.625,229.88,2026-09-04 19:44:26,2026-09-04 15:45:04
NVDA,NVDA260925C00230000,NVDA,2026-09-25,C,230.0,7.2,118.0,7.3,352.0,0.3253,11964.0,3563.0,0.5201,0.0221,0.2198,-0.1716,0.0614,7.2461,0.35,7.93,10.3,7.25,down,7.25,2026-09-04T15:29:11,5.07247,6.89999985694885,229.88,2026-09-04 19:44:26,2026-09-04 15:45:04
NVDA,NVDA260925C00235000,NVDA,2026-09-25,C,235.0,5.0,32.0,5.05,489.0,0.3225,6347.0,8276.0,0.4108,0.0218,0.2146,-0.166,0.0488,5.0277,0.3,5.5,7.55,4.95,up,5.05,2026-09-04T15:29:08,6.31579,4.75,229.88,2026-09-04 19:44:26,2026-09-04 15:45:04
NVDA,NVDA260925C00240000,NVDA,2026-09-25,C,240.0,3.3,197.0,3.4,609.0,0.3212,7518.0,10241.0,0.3095,0.0198,0.195,-0.1497,0.0369,3.3668,0.2,3.78,5.35,3.3,no_change,3.35,2026-09-04T15:29:11,6.34921,3.14999997615814,229.88,2026-09-04 19:44:26,2026-09-04 15:45:04
NVDA,NVDA260925C00245000,NVDA,2026-09-25,C,245.0,2.16,236.0,2.19,125.0,0.3225,12100.0,2568.0,0.2233,0.0167,0.1656,-0.1263,0.0267,2.1839,0.16,2.35,3.65,2.16,down,2.16,2026-09-04T15:27:24,8.0,2.0,229.88,2026-09-04 19:44:26,2026-09-04 15:45:04
NVDA,NVDA260925C00250000,NVDA,2026-09-25,C,250.0,1.38,205.0,1.4,117.0,0.3252,9224.0,3056.0,0.1558,0.0133,0.1332,-0.101,0.0187,1.3891,0.14,1.48,2.42,1.37,down,1.39,2026-09-04T15:26:45,11.2,1.25,229.88,2026-09-04 19:44:26,2026-09-04 15:45:04
NVDA,NVDA260925C00255000,NVDA,2026-09-25,C,255.0,0.88,178.0,0.91,597.0,0.3312,2476.0,1281.0,0.1068,0.01,0.103,-0.0783,0.0128,0.886,0.12,0.94,1.58,0.9,no_change,0.9,2026-09-04T15:23:20,15.3846,0.780000001192093,229.88,2026-09-04 19:44:26,2026-09-04 15:45:04
NVDA,NVDA260925C00260000,NVDA,2026-09-25,C,260.0,0.57,403.0,0.6,643.0,0.3393,17088.0,1432.0,0.0739,0.0074,0.0786,-0.0605,0.0088,0.5831,0.1,0.6,1.05,0.54,no_change,0.6,2026-09-04T15:19:22,20.0,0.499999985098839,229.88,2026-09-04 19:44:26,2026-09-04 15:45:04
NVDA,NVDA260925C00265000,NVDA,2026-09-25,C,265.0,0.39,357.0,0.41,613.0,0.3504,2057.0,373.0,0.0524,0.0055,0.0604,-0.0474,0.0062,0.4021,0.095,0.43,0.7,0.42,no_change,0.43,2026-09-04T15:01:19,28.3582,0.33500000834465,229.88,2026-09-04 19:44:26,2026-09-04 15:45:04
NVDA,NVDA260925C00270000,NVDA,2026-09-25,C,270.0,0.28,305.0,0.3,684.0,0.3646,18668.0,1151.0,0.0384,0.0041,0.0471,-0.038,0.0046,0.2901,0.06,0.26,0.47,0.23,up,0.29,2026-09-04T15:29:00,26.087,0.229999996721745,229.88,2026-09-04 19:44:26,2026-09-04 15:45:04
NVDA,NVDA260925C00275000,NVDA,2026-09-25,C,275.0,0.2,648.0,0.23,795.0,0.3789,4455.0,8783.0,0.0289,0.0031,0.0373,-0.031,0.0034,0.2172,0.06,0.17,0.34,0.17,up,0.23,2026-09-04T14:32:33,35.2941,0.170000001788139,229.88,2026-09-04 19:44:26,2026-09-04 15:45:04
NVDA,NVDA260925C00280000,NVDA,2026-09-25,C,280.0,0.16,538.0,0.18,746.0,0.3958,3757.0,2278.0,0.0224,0.0024,0.0301,-0.0259,0.0026,0.1688,0.045,0.15,0.27,0.15,down,0.17,2026-09-04T15:00:56,36.0,0.12499999627471,229.88,2026-09-04 19:44:26,2026-09-04 15:45:04
NVDA,NVDA260925C00285000,NVDA,2026-09-25,C,285.0,0.12,786.0,0.14,774.0,0.4096,3872.0,2507.0,0.0174,0.0019,0.0244,-0.0215,0.002,0.1314,0.04,0.16,0.21,0.14,down,0.14,2026-09-04T13:01:13,40.0,0.100000001490116,229.88,2026-09-04 19:44:26,2026-09-04 15:45:04
NVDA,NVDA260925C00290000,NVDA,2026-09-25,C,290.0,0.1,544.0,0.12,746.0,0.4279,1885.0,245.0,0.0139,0.0015,0.0201,-0.0183,0.0016,0.1059,0.045,0.07,0.17,0.07,no_change,0.12,2026-09-04T14:59:31,60.0,0.0750000011175871,229.88,2026-09-04 19:44:26,2026-09-04 15:45:04
NVDA,NVDA260925C00295000,NVDA,2026-09-25,C,295.0,0.08,533.0,0.1,773.0,0.4433,619.0,416.0,0.0112,0.0012,0.0167,-0.0156,0.0013,0.0857,0.02,0.11,0.11,0.08,no_change,0.08,2026-09-04T14:20:46,33.3333,0.0600000005215406,229.88,2026-09-04 19:44:26,2026-09-04 15:45:04
NVDA,NVDA260925C00300000,NVDA,2026-09-25,C,300.0,0.06,973.0,0.08,851.0,0.455,1085.0,703.0,0.0091,0.001,0.0139,-0.0134,0.0011,0.0702,0.025,0.06,0.11,0.06,no_change,0.08,2026-09-04T15:08:28,45.4545,0.0549999997019768,229.88,2026-09-04 19:44:26,2026-09-04 15:45:04
NVDA,NVDA260925C00305000,NVDA,2026-09-25,C,305.0,0.05,637.0,0.07,806.0,0.471,101.0,56.0,0.0075,0.0008,0.0117,-0.0115,0.0009,0.058,0.02,0.05,0.08,0.05,no_change,0.06,2026-09-04T14:59:46,50.0,0.0400000000372529,229.88,2026-09-04 19:44:26,2026-09-04 15:45:04
NVDA,NVDA260925C00310000,NVDA,2026-09-25,C,310.0,0.04,651.0,0.06,775.0,0.4848,120.0,135.0,0.0062,0.0006,0.0099,-0.01,0.0007,0.0484,0.025,0.05,0.06,0.05,no_change,0.06,2026-09-04T14:23:47,71.4286,0.0350000001490116,229.88,2026-09-04 19:44:26,2026-09-04 15:45:04
NVDA,NVDA260925C00315000,NVDA,2026-09-25,C,315.0,0.03,1024.0,0.05,584.0,0.4957,13.0,2.0,0.0052,0.0005,0.0084,-0.0087,0.0006,0.0407,0.04,0.07,0.07,0.07,up,0.07,2026-09-04T10:02:39,133.333,0.0299999993294477,229.88,2026-09-04 19:44:26,2026-09-04 15:45:04
NVDA,NVDA260925C00320000,NVDA,2026-09-25,C,320.0,0.02,484.0,0.05,489.0,0.5105,460.0,0.0,0.0044,0.0004,0.0072,-0.0076,0.0005,0.0345,0.0,0.0,0.0,0.0,down,0.03,2026-08-31T11:47:37,0.0,0.0249999994412065,229.88,2026-09-04 19:44:26,2026-09-04 15:45:04
NVDA,NVDA260925C00325000,NVDA,2026-09-25,C,325.0,0.02,1031.0,0.04,724.0,0.5237,909.0,11.0,0.0037,0.0004,0.0062,-0.0067,0.0004,0.0295,0.025,0.03,0.04,0.03,up,0.04,2026-09-04T14:18:24,166.667,0.0149999996647239,229.88,2026-09-04 19:44:26,2026-09-04 15:45:04
NVDA,NVDA260925C00330000,NVDA,2026-09-25,C,330.0,0.01,723.0,0.03,551.0,0.5238,838.0,21.0,0.0032,0.0003,0.0054,-0.0059,0.0004,0.0254,0.01,0.02,0.03,0.02,no_change,0.03,2026-09-04T12:29:43,50.0,0.0199999995529652,229.88,2026-09-04 19:44:26,2026-09-04 15:45:04
NVDA,NVDA260925C00335000,NVDA,2026-09-25,C,335.0,0.01,660.0,0.03,550.0,0.5433,111.0,21.0,0.0027,0.0003,0.0047,-0.0053,0.0003,0.0221,0.005,0.02,0.02,0.02,no_change,0.02,2026-09-04T09:59:56,33.3333,0.0149999996647239,229.88,2026-09-04 19:44:26,2026-09-04 15:45:04
NVDA,NVDA260925C00340000,NVDA,2026-09-25,C,340.0,0.01,638.0,0.02,434.0,0.5484,352.0,66.0,0.0023,0.0002,0.0041,-0.0047,0.0003,0.0191,0.005,0.02,0.04,0.02,no_change,0.02,2026-09-04T14:27:39,33.3333,0.0149999996647239,229.88,2026-09-04 19:44:26,2026-09-04 15:45:04
NVDA,NVDA260925C00345000,NVDA,2026-09-25,C,345.0,0.01,235.0,0.02,157.0,0.5668,29.0,1.0,0.002,0.0002,0.0036,-0.0042,0.0002,0.0168,0.0,0.02,0.02,0.02,up,0.02,2026-09-04T10:26:27,2.23517e-06,0.0199999995529652,229.88,2026-09-04 19:44:26,2026-09-04 15:45:04
NVDA,NVDA260925C00350000,NVDA,2026-09-25,C,350.0,0.01,545.0,0.02,601.0,0.5848,26.0,10.0,0.0018,0.0002,0.0032,-0.0038,0.0002,0.0149,0.005,0.02,0.02,0.02,no_change,0.02,2026-09-04T12:06:58,33.3333,0.0149999996647239,229.88,2026-09-04 19:44:26,2026-09-04 15:45:04
NVDA,NVDA260925C00360000,NVDA,2026-09-25,C,360.0,0.0,0.0,0.02,152.0,0.5998,11.0,0.0,0.0014,0.0001,0.0026,-0.0031,0.0002,0.0119,0.0,0.0,0.0,0.0,no_change,0.06,2026-08-26T11:09:03,0.0,0.00999999977648258,229.88,2026-09-04 19:44:26,2026-09-04 15:45:04
NVDA,NVDA260925C00370000,NVDA,2026-09-25,C,370.0,0.0,0.0,0.02,807.0,0.6328,7.0,1.0,0.0011,0.0001,0.0021,-0.0026,0.0001,0.0097,0.0,0.01,0.01,0.01,no_change,0.01,2026-09-04T12:28:45,2.23517e-06,0.00999999977648258,229.88,2026-09-04 19:44:26,2026-09-04 15:45:04
NVDA,NVDA260925C00380000,NVDA,2026-09-25,C,380.0,0.0,0.0,0.02,740.0,0.6648,22.0,50.0,0.0009,0.0001,0.0018,-0.0023,0.0001,0.008,0.005,0.01,0.01,0.01,no_change,0.01,2026-09-04T12:28:13,100.0,0.00499999988824129,229.88,2026-09-04 19:44:26,2026-09-04 15:45:04
NVDA,NVDA260925C00390000,NVDA,2026-09-25,C,390.0,0.0,0.0,0.02,5431.0,0.6958,222.0,489.0,0.0008,0.0001,0.0015,-0.002,0.0001,0.0068,0.0,0.01,0.01,0.01,no_change,0.01,2026-09-04T14:22:33,2.23517e-06,0.00999999977648258,229.88,2026-09-04 19:44:26,2026-09-04 15:45:04
NVDA,NVDA260925P00050000,NVDA,2026-09-25,P,50.0,0.0,0.0,0.01,9500.0,1.9116,2.0,0.0,-0.0003,0.0,0.0006,-0.0027,0.0,0.0097,0.0,0.0,0.0,0.0,no_change,0.03,2026-08-26T13:30:06,0.0,0.00999999977648258,229.88,2026-09-04 19:44:26,2026-09-04 15:45:04
NVDA,NVDA260925P00055000,NVDA,2026-09-25,P,55.0,0.0,0.0,0.01,9500.0,1.794,5.0,0.0,-0.0004,0.0,0.0008,-0.0031,0.0,0.0113,0.0,0.0,0.0,0.0,down,0.01,2026-08-27T14:55:51,0.0,0.00999999977648258,229.88,2026-09-04 19:44:26,2026-09-04 15:45:04
NVDA,NVDA260925P00060000,NVDA,2026-09-25,P,60.0,0.0,0.0,0.01,4750.0,1.687,0.0,620.0,-0.0005,0.0,0.0009,-0.0035,-0.0001,0.0129,0.0,0.01,0.01,0.01,no_change,0.01,2026-09-04T12:28:45,2.23517e-06,0.00999999977648258,229.88,2026-09-04 19:44:26,2026-09-04 15:45:04
NVDA,NVDA260925P00065000,NVDA,2026-09-25,P,65.0,0.01,170.0,0.02,281.0,1.7286,0.0,766.0,-0.0006,0.0,0.0011,-0.0039,-0.0001,0.0148,-0.005,0.01,0.02,0.01,no_change,0.01,2026-09-04T10:57:07,-33.3333,0.0149999996647239,229.88,2026-09-04 19:44:26,2026-09-04 15:45:04
NVDA,NVDA260925P00070000,NVDA,2026-09-25,P,70.0,0.01,249.0,0.03,280.0,1.6702,195.0,0.0,-0.0007,0.0,0.0012,-0.0044,-0.0001,0.0169,0.0,0.0,0.0,0.0,up,0.02,2026-09-03T15:59:12,0.0,0.0199999995529652,229.88,2026-09-04 19:44:26,2026-09-04 15:45:04
NVDA,NVDA260925P00075000,NVDA,2026-09-25,P,75.0,0.01,222.0,0.02,10.0,1.5386,0.0,0.0,-0.0008,0.0,0.0015,-0.0048,-0.0001,0.0191,0.0,0.0,0.0,0.0,no_change,0.0,,0.0,0.0199999995529652,229.88,2026-09-04 19:44:26,2026-09-04 15:45:04
NVDA,NVDA260925P00080000,NVDA,2026-09-25,P,80.0,0.01,191.0,0.02,10.0,1.4531,10.0,0.0,-0.0009,0.0,0.0017,-0.0054,-0.0001,0.0216,0.0,0.0,0.0,0.0,down,0.03,2026-08-10T09:58:18,0.0,0.0149999996647239,229.88,2026-09-04 19:44:26,2026-09-04 15:45:04
NVDA,NVDA260925P00085000,NVDA,2026-09-25,P,85.0,0.01,462.0,0.04,729.0,1.435,0.0,30.0,-0.0011,0.0,0.002,-0.006,-0.0001,0.0244,0.005,0.04,0.04,0.02,no_change,0.02,2026-09-04T10:43:11,33.3333,0.0149999996647239,229.88,2026-09-04 19:44:26,2026-09-04 15:45:04
NVDA,NVDA260925P00090000,NVDA,2026-09-25,P,90.0,0.02,265.0,0.04,271.0,1.3789,0.0,0.0,-0.0013,0.0,0.0023,-0.0066,-0.0002,0.0275,0.0,0.0,0.0,0.0,down,0.03,2026-08-17T10:57:20,0.0,0.0249999994412065,229.88,2026-09-04 19:44:26,2026-09-04 15:45:04
NVDA,NVDA260925P00095000,NVDA,2026-09-25,P,95.0,0.02,268.0,0.04,1001.0,1.3033,21.0,50.0,-0.0015,0.0001,0.0026,-0.0073,-0.0002,0.0309,0.015,0.02,0.04,0.02,no_change,0.04,2026-09-04T10:27:37,60.0,0.0249999994412065,229.88,2026-09-04 19:44:26,2026-09-04 15:45:04
NVDA,NVDA260925P00100000,NVDA,2026-09-25,P,100.0,0.03,166.0,0.05,469.0,1.2658,364.0,0.0,-0.0017,0.0001,0.003,-0.008,-0.0002,0.0347,0.0,0.0,0.0,0.0,down,0.02,2026-09-03T11:21:12,0.0,0.0350000001490116,229.88,2026-09-04 19:44:26,2026-09-04 15:45:04
NVDA,NVDA260925P00105000,NVDA,2026-09-25,P,105.0,0.03,191.0,0.05,254.0,1.1958,54.0,1638.0,-0.002,0.0001,0.0034,-0.0088,-0.0002,0.039,0.005,0.05,0.05,0.04,no_change,0.04,2026-09-04T11:35:07,14.2857,0.0350000001490116,229.88,2026-09-04 19:44:26,2026-09-04 15:45:04
NVDA,NVDA260925P00110000,NVDA,2026-09-25,P,110.0,0.04,241.0,0.06,431.0,1.1547,31.0,3.0,-0.0023,0.0001,0.004,-0.0097,-0.0003,0.0437,0.01,0.05,0.05,0.05,no_change,0.05,2026-09-04T12:06:36,25.0,0.0400000000372529,229.88,2026-09-04 19:44:26,2026-09-04 15:45:04
NVDA,NVDA260925P00115000,NVDA,2026-09-25,P,115.0,0.04,304.0,0.06,247.0,1.0895,3764.0,50.0,-0.0027,0.0001,0.0045,-0.0106,-0.0003,0.049,0.02,0.06,0.06,0.06,up,0.06,2026-09-04T11:34:49,50.0,0.0400000000372529,229.88,2026-09-04 19:44:26,2026-09-04 15:45:04
NVDA,NVDA260925P00120000,NVDA,2026-09-25,P,120.0,0.05,329.0,0.07,281.0,1.0469,3081.0,5601.0,-0.0031,0.0002,0.0052,-0.0116,-0.0004,0.0549,0.015,0.06,0.07,0.05,up,0.06,2026-09-04T14:10:20,33.3333,0.0449999999254942,229.88,2026-09-04 19:44:26,2026-09-04 15:45:04
NVDA,NVDA260925P00125000,NVDA,2026-09-25,P,125.0,0.05,259.0,0.08,726.0,0.9944,4011.0,0.0,-0.0036,0.0002,0.006,-0.0127,-0.0004,0.0616,0.0,0.0,0.0,0.0,down,0.05,2026-09-03T14:18:13,0.0,0.0549999997019768,229.88,2026-09-04 19:44:26,2026-09-04 15:45:04
NVDA,NVDA260925P00130000,NVDA,2026-09-25,P,130.0,0.06,547.0,0.08,547.0,0.943,312.0,2.0,-0.0042,0.0002,0.0068,-0.0139,-0.0005,0.0691,0.02,0.08,0.08,0.08,no_change,0.08,2026-09-04T11:01:54,33.3333,0.0600000005215406,229.88,2026-09-04 19:44:26,2026-09-04 15:45:04
NVDA,NVDA260925P00135000,NVDA,2026-09-25,P,135.0,0.07,623.0,0.09,975.0,0.899,587.0,96.0,-0.0049,0.0003,0.0078,-0.0152,-0.0006,0.0776,0.02,0.08,0.09,0.08,up,0.09,2026-09-04T13:11:01,28.5714,0.0699999984353781,229.88,2026-09-04 19:44:26,2026-09-04 15:45:04
NVDA,NVDA260925P00140000,NVDA,2026-09-25,P,140.0,0.08,465.0,0.1,1095.0,0.8544,1180.0,76.0,-0.0057,0.0004,0.009,-0.0167,-0.0007,0.0872,0.02,0.09,0.11,0.08,no_change,0.1,2026-09-04T14:22:28,25.0,0.080000001937151,229.88,2026-09-04 19:44:26,2026-09-04 15:45:04
NVDA,NVDA260925P00145000,NVDA,2026-09-25,P,145.0,0.09,465.0,0.11,345.0,0.8095,376.0,225.0,-0.0067,0.0004,0.0104,-0.0183,-0.0008,0.0983,0.01,0.1,0.11,0.1,no_change,0.1,2026-09-04T10:53:58,11.1111,0.0899999998509884,229.88,2026-09-04 19:44:26,2026-09-04 15:45:04
NVDA,NVDA260925P00150000,NVDA,2026-09-25,P,150.0,0.1,481.0,0.12,906.0,0.7645,1403.0,608.0,-0.0079,0.0005,0.012,-0.02,-0.001,0.1109,0.01,0.12,0.12,0.11,no_change,0.11,2026-09-04T13:51:39,10.0,0.100000001490116,229.88,2026-09-04 19:44:26,2026-09-04 15:45:04
NVDA,NVDA260925P00155000,NVDA,2026-09-25,P,155.0,0.11,322.0,0.14,799.0,0.7231,266.0,30.0,-0.0093,0.0006,0.0139,-0.0219,-0.0011,0.1256,0.015,0.13,0.13,0.13,no_change,0.13,2026-09-04T10:09:21,13.0435,0.114999998360872,229.88,2026-09-04 19:44:26,2026-09-04 15:45:04
NVDA,NVDA260925P00160000,NVDA,2026-09-25,P,160.0,0.13,464.0,0.15,1115.0,0.6813,1612.0,187.0,-0.011,0.0008,0.016,-0.0241,-0.0013,0.1426,0.015,0.13,0.15,0.13,up,0.15,2026-09-04T12:32:50,11.1111,0.135000001639128,229.88,2026-09-04 19:44:26,2026-09-04 15:45:04
NVDA,NVDA260925P00165000,NVDA,2026-09-25,P,165.0,0.15,583.0,0.17,980.0,0.6415,1478.0,179.0,-0.013,0.0009,0.0187,-0.0265,-0.0016,0.1628,0.005,0.16,0.18,0.15,no_change,0.16,2026-09-04T14:24:23,3.22581,0.155000001192093,229.88,2026-09-04 19:44:26,2026-09-04 15:45:04
NVDA,NVDA260925P00170000,NVDA,2026-09-25,P,170.0,0.18,499.0,0.19,18.0,0.603,1199.0,19.0,-0.0156,0.0012,0.0219,-0.0292,-0.0018,0.1872,0.01,0.16,0.2,0.16,up,0.19,2026-09-04T12:03:28,5.55556,0.179999999701977,229.88,2026-09-04 19:44:26,2026-09-04 15:45:04
NVDA,NVDA260925P00175000,NVDA,2026-09-25,P,175.0,0.21,527.0,0.23,1170.0,0.5669,1704.0,284.0,-0.0189,0.0015,0.0258,-0.0324,-0.0023,0.2172,-0.005,0.2,0.22,0.2,no_change,0.21,2026-09-04T14:44:55,-2.32558,0.214999996125698,229.88,2026-09-04 19:44:26,2026-09-04 15:45:04
NVDA,NVDA260925P00180000,NVDA,2026-09-25,P,180.0,0.25,444.0,0.27,664.0,0.5302,3089.0,929.0,-0.0232,0.0019,0.0308,-0.0361,-0.0028,0.2553,-0.01,0.23,0.26,0.23,no_change,0.25,2026-09-04T15:25:25,-3.84616,0.260000005364418,229.88,2026-09-04 19:44:26,2026-09-04 15:45:04
NVDA,NVDA260925P00185000,NVDA,2026-09-25,P,185.0,0.3,418.0,0.32,773.0,0.4939,7669.0,90.0,-0.029,0.0024,0.0369,-0.0408,-0.0034,0.3064,0.0,0.28,0.32,0.27,no_change,0.32,2026-09-04T15:19:59,-2.42144e-06,0.320000007748604,229.88,2026-09-04 19:44:26,2026-09-04 15:45:04
NVDA,NVDA260925P00190000,NVDA,2026-09-25,P,190.0,0.37,258.0,0.39,300.0,0.4594,9877.0,257.0,-0.0371,0.0032,0.0454,-0.0469,-0.0043,0.3785,-0.03,0.34,0.4,0.34,no_change,0.38,2026-09-04T15:23:31,-7.31707,0.409999996423721,229.88,2026-09-04 19:44:26,2026-09-04 15:45:04
NVDA,NVDA260925P00195000,NVDA,2026-09-25,P,195.0,0.48,191.0,0.5,309.0,0.4283,2391.0,435.0,-0.049,0.0043,0.0569,-0.0552,-0.0058,0.4874,-0.035,0.48,0.52,0.4,up,0.5,2026-09-04T15:28:20,-6.54206,0.534999996423721,229.88,2026-09-04 19:44:26,2026-09-04 15:45:04
NVDA,NVDA260925P00200000,NVDA,2026-09-25,P,200.0,0.65,184.0,0.67,384.0,0.4009,9452.0,613.0,-0.0669,0.0058,0.0724,-0.0665,-0.0078,0.6585,-0.07,0.67,0.71,0.53,up,0.67,2026-09-04T15:27:45,-9.45946,0.740000009536743,229.88,2026-09-04 19:44:26,2026-09-04 15:45:04
NVDA,NVDA260925P00205000,NVDA,2026-09-25,P,205.0,0.92,419.0,0.95,244.0,0.3772,4543.0,584.0,-0.0946,0.0081,0.0939,-0.0823,-0.0109,0.9403,-0.15,0.87,0.95,0.72,no_change,0.92,2026-09-04T15:12:27,-14.0187,1.06999999284744,229.88,2026-09-04 19:44:26,2026-09-04 15:45:04
NVDA,NVDA260925P00210000,NVDA,2026-09-25,P,210.0,1.39,390.0,1.41,24.0,0.3595,9541.0,2182.0,-0.1364,0.011,0.1222,-0.1026,-0.0154,1.4027,-0.19,1.29,1.45,1.06,no_change,1.41,2026-09-04T15:28:16,-11.875,1.60000002384186,229.88,2026-09-04 19:44:26,2026-09-04 15:45:04
NVDA,NVDA260925P00215000,NVDA,2026-09-25,P,215.0,2.14,455.0,2.18,160.0,0.347,6325.0,3975.0,-0.1967,0.0145,0.1536,-0.1262,-0.0218,2.1463,-0.27,2.17,2.2,1.6,no_change,2.15,2026-09-04T15:29:23,-11.157,2.42000007629395,229.88,2026-09-04 19:44:26,2026-09-04 15:45:04
NVDA,NVDA260925P00220000,NVDA,2026-09-25,P,220.0,3.3,56.0,3.35,385.0,0.3387,9989.0,3606.0,-0.2771,0.0181,0.1849,-0.1493,-0.0304,3.282,-0.3,3.35,3.4,2.4,no_change,3.35,2026-09-04T15:29:23,-8.21918,3.64999997615814,229.88,2026-09-04 19:44:26,2026-09-04 15:45:04
NVDA,NVDA260925P00225000,NVDA,2026-09-25,P,225.0,4.9,183.0,5.0,166.0,0.3301,1498.0,756.0,-0.3753,0.0209,0.2092,-0.1667,-0.0395,4.9135,-0.45,4.46,4.98,3.65,down,4.9,2026-09-04T15:27:55,-8.41122,5.35000014305115,229.88,2026-09-04 19:44:26,2026-09-04 15:45:04
NVDA,NVDA260925P00230000,NVDA,2026-09-25,P,230.0,7.05,407.0,7.15,78.0,0.3247,2658.0,3687.0,-0.4843,0.0224,0.2195,-0.1738,-0.0487,7.1076,-0.4,6.55,7.2,5.2,up,7.2,2026-09-04T15:28:16,-5.26316,7.60000014305115,229.88,2026-09-04 19:44:26,2026-09-04 15:45:04
NVDA,NVDA260925P00235000,NVDA,2026-09-25,P,235.0,9.85,342.0,9.95,66.0,0.3221,326.0,1313.0,-0.5954,0.0221,0.2135,-0.1686,-0.0568,9.9116,-0.525,9.55,9.9,7.58,no_change,9.9,2026-09-04T15:28:44,-5.03597,10.4250001907349,229.88,2026-09-04 19:44:26,2026-09-04 15:45:04
NVDA,NVDA260925P00240000,NVDA,2026-09-25,P,240.0,12.95,608.0,13.35,112.0,0.3149,95.0,302.0,-0.6985,0.0202,0.1921,-0.1527,-0.0599,13.2845,-0.73,12.8,13.11,10.5,up,13.02,2026-09-04T14:28:08,-5.30909,13.75,229.88,2026-09-04 19:44:26,2026-09-04 15:45:04
NVDA,NVDA260925P00245000,NVDA,2026-09-25,P,245.0,16.65,433.0,17.35,316.0,0.314,23.0,26.0,-0.7865,0.0171,0.1607,-0.1297,-0.0612,17.1381,-0.7,17.05,17.05,13.95,up,16.95,2026-09-04T13:54:56,-3.96601,17.6500005722046,229.88,2026-09-04 19:44:26,2026-09-04 15:45:04
NVDA,NVDA260925P00250000,NVDA,2026-09-25,P,250.0,21.15,259.0,21.45,53.0,0.3183,87.0,43.0,-0.8559,0.0137,0.1261,-0.1044,-0.057,21.3828,-0.85,18.5,21.3,17.75,up,21.3,2026-09-04T15:23:09,-3.83747,22.1500005722046,229.88,2026-09-04 19:44:26,2026-09-04 15:45:04
NVDA,NVDA260925P00255000,NVDA,2026-09-25,P,255.0,25.35,277.0,26.0,55.0,0.2993,93.0,4.0,-0.9059,0.0103,0.0921,-0.0806,-0.0474,25.9248,-1.26,22.0,25.39,22.0,up,25.39,2026-09-04T13:43:57,-4.72796,26.6500005722046,229.88,2026-09-04 19:44:26,2026-09-04 15:45:04
NVDA,NVDA260925P00260000,NVDA,2026-09-25,P,260.0,30.05,177.0,30.9,70.0,0.3032,96.0,0.0,-0.9391,0.0075,0.0656,-0.061,-0.0407,30.6647,0.0,0.0,0.0,0.0,down,42.83,2026-09-01T10:02:25,0.0,31.3000001907349,229.88,2026-09-04 19:44:26,2026-09-04 15:45:04
NVDA,NVDA260925P00265000,NVDA,2026-09-25,P,265.0,34.9,145.0,35.75,35.0,0.2809,50.0,0.0,-0.9599,0.0054,0.0473,-0.046,-0.0339,35.5195,0.0,0.0,0.0,0.0,up,38.4,2026-08-27T14:43:32,0.0,36.2999992370606,229.88,2026-09-04 19:44:26,2026-09-04 15:45:04
NVDA,NVDA260925P00270000,NVDA,2026-09-25,P,270.0,38.3,267.0,41.9,267.0,0.0,4.0,1.0,-0.973,0.0038,0.0348,-0.035,-0.0326,40.4366,-1.175,39.6,39.6,39.6,down,39.6,2026-09-04T11:57:41,-2.88167,40.7749996185303,229.88,2026-09-04 19:44:26,2026-09-04 15:45:04
NVDA,NVDA260925P00275000,NVDA,2026-09-25,P,275.0,42.6,118.0,47.55,62.0,0.0,0.0,0.0,-0.9813,0.0028,0.0247,-0.0268,-0.0279,45.3876,0.0,0.0,0.0,0.0,up,49.5,2026-08-28T11:08:34,0.0,45.4500007629394,229.88,2026-09-04 19:44:26,2026-09-04 15:45:04
NVDA,NVDA260925P00280000,NVDA,2026-09-25,P,280.0,47.8,108.0,52.25,60.0,0.0,0.0,0.0,-0.9868,0.002,0.0187,-0.0207,-0.0234,50.3555,0.0,0.0,0.0,0.0,up,60.73,2026-08-28T13:06:43,0.0,50.5999984741211,229.88,2026-09-04 19:44:26,2026-09-04 15:45:04
NVDA,NVDA260925P00285000,NVDA,2026-09-25,P,285.0,52.5,63.0,57.4,66.0,0.0,0.0,0.0,-0.9905,0.0015,0.0137,-0.016,-0.0232,55.335,0.0,0.0,0.0,0.0,down,68.63,2026-08-20T11:46:19,0.0,55.4499988555908,229.88,2026-09-04 19:44:26,2026-09-04 15:45:04
NVDA,NVDA260925P00290000,NVDA,2026-09-25,P,290.0,57.75,63.0,62.35,68.0,0.0,0.0,0.0,-0.9931,0.0011,0.0108,-0.0125,-0.0206,60.3201,0.0,0.0,0.0,0.0,down,64.9,2026-08-17T15:53:30,0.0,60.6499996185303,229.88,2026-09-04 19:44:26,2026-09-04 15:45:04
NVDA,NVDA260925P00295000,NVDA,2026-09-25,P,295.0,62.5,63.0,67.1,68.0,0.0,0.0,0.0,-0.9949,0.0008,0.0075,-0.0098,-0.0206,65.3102,0.0,0.0,0.0,0.0,no_change,0.0,,0.0,65.5499992370606,229.88,2026-09-04 19:44:26,2026-09-04 15:45:04
NVDA,NVDA260925P00300000,NVDA,2026-09-25,P,300.0,67.75,63.0,72.25,68.0,0.0,0.0,0.0,-0.9962,0.0006,0.0062,-0.0076,-0.0206,70.3024,0.0,0.0,0.0,0.0,up,79.85,2026-08-28T13:34:24,0.0,70.7000007629394,229.88,2026-09-04 19:44:26,2026-09-04 15:45:04
NVDA,NVDA260925P00305000,NVDA,2026-09-25,P,305.0,72.45,63.0,77.2,61.0,0.0,0.0,0.0,-0.9972,0.0005,0.0045,-0.006,-0.019,75.2967,0.0,0.0,0.0,0.0,no_change,0.0,,0.0,75.4249992370606,229.88,2026-09-04 19:44:26,2026-09-04 15:45:04
NVDA,NVDA260925P00310000,NVDA,2026-09-25,P,310.0,77.7,63.0,82.1,68.0,0.0,0.0,0.0,-0.9978,0.0004,0.0034,-0.0047,-0.0191,80.2923,0.0,0.0,0.0,0.0,no_change,0.0,,0.0,80.5249977111816,229.88,2026-09-04 19:44:26,2026-09-04 15:45:04
NVDA,NVDA260925P00315000,NVDA,2026-09-25,P,315.0,82.45,66.0,87.75,69.0,0.0,0.0,0.0,-0.9984,0.0003,0.0029,-0.0037,-0.0194,85.2886,0.0,0.0,0.0,0.0,no_change,0.0,,0.0,85.4249992370606,229.88,2026-09-04 19:44:26,2026-09-04 15:45:04
NVDA,NVDA260925P00320000,NVDA,2026-09-25,P,320.0,87.7,63.0,92.2,68.0,0.0,0.0,0.0,-0.9988,0.0002,0.0022,-0.0029,-0.0186,90.2857,0.0,0.0,0.0,0.0,no_change,0.0,,0.0,90.6749992370606,229.88,2026-09-04 19:44:26,2026-09-04 15:45:04
NVDA,NVDA260925P00325000,NVDA,2026-09-25,P,325.0,92.45,65.0,97.05,68.0,0.0,0.0,1.0,-0.999,0.0002,0.0015,-0.0024,-0.0188,95.2833,-3.1,93.0,93.0,93.0,down,93.0,2026-09-04T11:33:47,-3.2258,96.0999984741211,229.88,2026-09-04 19:44:26,2026-09-04 15:45:04
NVDA,NVDA260925P00330000,NVDA,2026-09-25,P,330.0,97.7,63.0,102.15,69.0,0.0,0.0,0.0,-0.9992,0.0001,0.0013,-0.0019,-0.0191,100.2812,0.0,0.0,0.0,0.0,no_change,0.0,,0.0,100.774997711182,229.88,2026-09-04 19:44:26,2026-09-04 15:45:04
NVDA,NVDA260925P00335000,NVDA,2026-09-25,P,335.0,102.45,63.0,107.25,61.0,0.0,0.0,0.0,-0.9994,0.0001,0.0012,-0.0015,-0.0193,105.2792,0.0,0.0,0.0,0.0,no_change,0.0,,0.0,105.549999237061,229.88,2026-09-04 19:44:26,2026-09-04 15:45:04
NVDA,NVDA260925P00340000,NVDA,2026-09-25,P,340.0,107.7,63.0,112.25,68.0,0.0,0.0,0.0,-0.9995,0.0001,0.0009,-0.0012,-0.019,110.2775,0.0,0.0,0.0,0.0,no_change,0.0,,0.0,110.5,229.88,2026-09-04 19:44:26,2026-09-04 15:45:04
NVDA,NVDA260925P00345000,NVDA,2026-09-25,P,345.0,112.45,63.0,117.0,69.0,0.0,0.0,0.0,-0.9996,0.0001,0.0006,-0.001,-0.0193,115.2759,0.0,0.0,0.0,0.0,no_change,0.0,,0.0,115.625,229.88,2026-09-04 19:44:26,2026-09-04 15:45:04
NVDA,NVDA260925P00350000,NVDA,2026-09-25,P,350.0,117.7,69.0,121.75,63.0,0.0,0.0,2.0,-0.9997,0.0,0.0005,-0.0008,-0.0196,120.2744,-1.65,117.0,118.95,117.0,up,118.95,2026-09-04T13:08:31,-1.36816,120.599998474121,229.88,2026-09-04 19:44:26,2026-09-04 15:45:04
NVDA,NVDA260925P00360000,NVDA,2026-09-25,P,360.0,127.7,63.0,132.25,68.0,0.0,0.0,0.0,-0.9998,0.0,0.0004,-0.0006,-0.0201,130.2716,0.0,0.0,0.0,0.0,no_change,0.0,,0.0,130.550003051758,229.88,2026-09-04 19:44:26,2026-09-04 15:45:04
NVDA,NVDA260925P00370000,NVDA,2026-09-25,P,370.0,137.7,62.0,142.0,61.0,0.0,0.0,0.0,-0.9998,0.0,0.0002,-0.0004,-0.0204,140.2689,0.0,0.0,0.0,0.0,no_change,0.0,,0.0,140.600006103516,229.88,2026-09-04 19:44:26,2026-09-04 15:45:04
NVDA,NVDA260925P00380000,NVDA,2026-09-25,P,380.0,147.65,63.0,152.15,62.0,0.0,0.0,0.0,-0.9999,0.0,0.0002,-0.0003,-0.021,150.2664,0.0,0.0,0.0,0.0,no_change,0.0,,0.0,150.525001525879,229.88,2026-09-04 19:44:26,2026-09-04 15:45:04
NVDA,NVDA260925P00390000,NVDA,2026-09-25,P,390.0,157.65,63.0,162.05,65.0,0.0,0.0,0.0,-0.9999,0.0,0.0001,-0.0002,-0.0215,160.2639,0.0,0.0,0.0,0.0,no_change,0.0,,0.0,160.525001525879,229.88,2026-09-04 19:44:26,2026-09-04 15:45:04
NVDA,NVDA261002C00050000,NVDA,2026-10-02,C,50.0,176.4,52.0,183.85,51.0,2.4649,0.0,0.0,0.9999,0.0,0.0002,-0.0009,0.0035,179.9088,0.0,0.0,0.0,0.0,no_change,0.0,,0.0,178.949996948242,229.88,2026-09-04 19:44:26,2026-09-04 15:45:04
NVDA,NVDA261002C00055000,NVDA,2026-10-02,C,55.0,171.35,52.0,178.85,51.0,2.2722,0.0,0.0,0.9998,0.0,0.0003,-0.0013,0.0038,174.9109,0.0,0.0,0.0,0.0,no_change,0.0,,0.0,173.949996948242,229.88,2026-09-04 19:44:26,2026-09-04 15:45:04
NVDA,NVDA261002C00060000,NVDA,2026-10-02,C,60.0,166.4,51.0,173.85,51.0,2.1534,1.0,0.0,0.9998,0.0,0.0005,-0.002,0.0056,169.9137,0.0,0.0,0.0,0.0,up,164.85,2026-08-27T10:23:42,0.0,168.974998474121,229.88,2026-09-04 19:44:26,2026-09-04 15:45:04
NVDA,NVDA261002C00065000,NVDA,2026-10-02,C,65.0,161.4,52.0,168.85,51.0,2.0174,0.0,0.0,0.9996,0.0,0.0009,-0.0028,0.0089,164.9169,0.0,0.0,0.0,0.0,no_change,0.0,,0.0,163.974998474121,229.88,2026-09-04 19:44:26,2026-09-04 15:45:04
NVDA,NVDA261002C00070000,NVDA,2026-10-02,C,70.0,156.4,52.0,163.85,51.0,1.8921,0.0,0.0,0.9994,0.0,0.0011,-0.0038,0.0096,159.9217,0.0,0.0,0.0,0.0,no_change,0.0,,0.0,158.974998474121,229.88,2026-09-04 19:44:26,2026-09-04 15:45:04
NVDA,NVDA261002C00075000,NVDA,2026-10-02,C,75.0,151.45,1.0,158.9,51.0,1.8207,0.0,0.0,0.9992,0.0,0.0016,-0.0048,0.0156,154.9282,0.0,0.0,0.0,0.0,no_change,0.0,,0.0,153.974998474121,229.88,2026-09-04 19:44:26,2026-09-04 15:45:04
NVDA,NVDA261002C00080000,NVDA,2026-10-02,C,80.0,146.4,52.0,153.9,51.0,1.6875,0.0,0.0,0.9989,0.0,0.0024,-0.0058,0.0332,149.9374,0.0,0.0,0.0,0.0,no_change,0.0,,0.0,148.974998474121,229.88,2026-09-04 19:44:26,2026-09-04 15:45:04
NVDA,NVDA261002C00085000,NVDA,2026-10-02,C,85.0,141.45,59.0,148.9,51.0,1.6041,5.0,0.0,0.9985,0.0001,0.003,-0.0063,0.0623,144.9529,0.0,0.0,0.0,0.0,no_change,131.87,2026-08-20T11:34:47,0.0,143.050003051758,229.88,2026-09-04 19:44:26,2026-09-04 15:45:04
NVDA,NVDA261002C00090000,NVDA,2026-10-02,C,90.0,136.5,51.0,143.95,51.0,1.5434,1.0,0.0,0.9983,0.0001,0.0034,-0.007,0.066,139.9738,0.0,0.0,0.0,0.0,up,135.57,2026-08-28T10:53:02,0.0,139.150001525879,229.88,2026-09-04 19:44:26,2026-09-04 15:45:04
NVDA,NVDA261002C00095000,NVDA,2026-10-02,C,95.0,131.5,51.0,138.95,51.0,1.4491,0.0,0.0,0.998,0.0001,0.004,-0.0077,0.0697,134.9953,0.0,0.0,0.0,0.0,no_change,0.0,,0.0,134.175003051758,229.88,2026-09-04 19:44:26,2026-09-04 15:45:04
NVDA,NVDA261002C00100000,NVDA,2026-10-02,C,100.0,126.5,63.0,134.0,52.0,1.3771,30.0,0.0,0.9977,0.0001,0.0046,-0.0084,0.0733,130.0172,0.0,0.0,0.0,0.0,up,129.18,2026-09-03T14:02:24,0.0,129.900001525879,229.88,2026-09-04 19:44:26,2026-09-04 15:45:04
NVDA,NVDA261002C00105000,NVDA,2026-10-02,C,105.0,121.55,61.0,129.0,52.0,1.3082,0.0,0.0,0.9973,0.0001,0.0052,-0.0093,0.0769,125.0398,0.0,0.0,0.0,0.0,no_change,0.0,,0.0,124.275001525879,229.88,2026-09-04 19:44:26,2026-09-04 15:45:04
NVDA,NVDA261002C00110000,NVDA,2026-10-02,C,110.0,116.55,60.0,124.05,60.0,1.2421,2.0,0.0,0.9969,0.0001,0.006,-0.0102,0.0805,120.0631,0.0,0.0,0.0,0.0,up,102.03,2026-08-26T13:54:54,0.0,119.349998474121,229.88,2026-09-04 19:44:26,2026-09-04 15:45:04
NVDA,NVDA261002C00115000,NVDA,2026-10-02,C,115.0,111.6,61.0,119.05,60.0,1.1785,0.0,0.0,0.9964,0.0002,0.0068,-0.0112,0.0841,115.0872,0.0,0.0,0.0,0.0,up,113.0,2026-09-02T11:49:37,0.0,114.424999237061,229.88,2026-09-04 19:44:26,2026-09-04 15:45:04
NVDA,NVDA261002C00120000,NVDA,2026-10-02,C,120.0,106.6,70.0,114.1,60.0,1.1173,1.0,8.0,0.9958,0.0002,0.0078,-0.0122,0.0877,110.1121,1.97,111.32,111.32,111.32,up,111.32,2026-09-04T13:09:35,1.80155,109.350002288818,229.88,2026-09-04 19:44:26,2026-09-04 15:45:04
NVDA,NVDA261002C00125000,NVDA,2026-10-02,C,125.0,101.6,62.0,109.1,60.0,1.0458,1.0,0.0,0.9951,0.0002,0.009,-0.0133,0.0913,105.1381,0.0,0.0,0.0,0.0,down,94.76,2026-08-18T12:07:06,0.0,104.474998474121,229.88,2026-09-04 19:44:26,2026-09-04 15:45:04
NVDA,NVDA261002C00130000,NVDA,2026-10-02,C,130.0,98.15,168.0,100.7,168.0,0.0,0.0,1.0,0.9944,0.0003,0.0102,-0.0145,0.0948,100.1652,2.64,102.24,102.24,102.24,up,102.24,2026-09-04T09:36:08,2.6506,99.5999984741211,229.88,2026-09-04 19:44:26,2026-09-04 15:45:04
NVDA,NVDA261002C00135000,NVDA,2026-10-02,C,135.0,91.65,70.0,99.15,60.0,0.9346,2.0,0.0,0.9934,0.0004,0.0117,-0.0158,0.0983,95.1935,0.0,0.0,0.0,0.0,down,84.24,2026-08-31T10:02:00,0.0,94.5250015258789,229.88,2026-09-04 19:44:26,2026-09-04 15:45:04
NVDA,NVDA261002C00140000,NVDA,2026-10-02,C,140.0,87.65,60.0,90.9,60.0,0.0,11.0,0.0,0.9924,0.0004,0.0134,-0.0172,0.1018,90.2234,0.0,0.0,0.0,0.0,up,87.5,2026-09-02T12:28:20,0.0,88.0750007629394,229.88,2026-09-04 19:44:26,2026-09-04 15:45:04
NVDA,NVDA261002C00145000,NVDA,2026-10-02,C,145.0,81.75,62.0,89.25,60.0,0.8477,0.0,0.0,0.9912,0.0005,0.0153,-0.0188,0.1053,85.2551,0.0,0.0,0.0,0.0,no_change,0.0,,0.0,84.5,229.88,2026-09-04 19:44:26,2026-09-04 15:45:04
NVDA,NVDA261002C00150000,NVDA,2026-10-02,C,150.0,79.6,60.0,82.1,60.0,0.8836,97.0,0.0,0.9897,0.0006,0.0175,-0.0204,0.1087,80.2888,0.0,0.0,0.0,0.0,up,76.3,2026-09-02T14:12:19,0.0,79.625,229.88,2026-09-04 19:44:26,2026-09-04 15:45:04
NVDA,NVDA261002C00155000,NVDA,2026-10-02,C,155.0,72.1,131.0,76.75,60.0,0.0,17.0,0.0,0.988,0.0007,0.0201,-0.0222,0.1121,75.3249,0.0,0.0,0.0,0.0,up,71.98,2026-09-03T11:36:00,0.0,73.8499984741211,229.88,2026-09-04 19:44:26,2026-09-04 15:45:04
NVDA,NVDA261002C00160000,NVDA,2026-10-02,C,160.0,69.0,199.0,72.7,199.0,0.7624,41.0,5.0,0.9858,0.0009,0.0232,-0.0242,0.1154,70.3642,3.995,73.65,73.65,72.82,down,72.82,2026-09-04T11:24:24,5.80458,68.8250007629394,229.88,2026-09-04 19:44:26,2026-09-04 15:45:04
NVDA,NVDA261002C00165000,NVDA,2026-10-02,C,165.0,63.6,119.0,69.35,60.0,0.8086,10.0,0.0,0.9833,0.0011,0.0267,-0.0264,0.1187,65.4075,0.0,0.0,0.0,0.0,up,65.0,2026-09-03T13:40:39,0.0,65.1999988555908,229.88,2026-09-04 19:44:26,2026-09-04 15:45:04
NVDA,NVDA261002C00170000,NVDA,2026-10-02,C,170.0,59.6,107.0,64.2,60.0,0.8009,43.0,3.0,0.9801,0.0014,0.031,-0.0288,0.1218,60.4563,2.505,63.73,63.73,63.73,up,63.73,2026-09-04T11:41:22,4.09147,61.2250003814697,229.88,2026-09-04 19:44:26,2026-09-04 15:45:04
NVDA,NVDA261002C00175000,NVDA,2026-10-02,C,175.0,55.15,209.0,56.6,365.0,0.5978,115.0,11.0,0.9761,0.0017,0.0363,-0.0318,0.1248,55.5135,1.65,59.35,59.35,56.85,no_change,56.85,2026-09-04T11:50:53,2.98913,55.2000007629394,229.88,2026-09-04 19:44:26,2026-09-04 15:45:04
NVDA,NVDA261002C00180000,NVDA,2026-10-02,C,180.0,50.2,308.0,51.1,370.0,0.501,150.0,16.0,0.9708,0.0021,0.043,-0.0355,0.1275,50.5841,1.19,53.65,53.93,50.7,up,50.89,2026-09-04T15:04:25,2.39437,49.6999988555908,229.88,2026-09-04 19:44:26,2026-09-04 15:45:04
NVDA,NVDA261002C00185000,NVDA,2026-10-02,C,185.0,44.25,144.0,47.0,89.0,0.4453,96.0,14.0,0.9634,0.0028,0.0519,-0.0403,0.1299,45.677,2.725,48.75,48.75,47.43,up,47.45,2026-09-04T13:32:05,6.09279,44.7250003814697,229.88,2026-09-04 19:44:26,2026-09-04 15:45:04
NVDA,NVDA261002C00190000,NVDA,2026-10-02,C,190.0,40.4,156.0,41.5,370.0,0.4509,244.0,25.0,0.9527,0.0036,0.0638,-0.0468,0.1317,40.8074,2.475,44.24,44.49,42.0,up,42.5,2026-09-04T12:44:10,6.18364,40.0249996185303,229.88,2026-09-04 19:44:26,2026-09-04 15:45:04
NVDA,NVDA261002C00195000,NVDA,2026-10-02,C,195.0,35.85,49.0,36.45,353.0,0.4244,180.0,15.0,0.9371,0.0048,0.0798,-0.0558,0.1326,35.9999,2.45,37.05,40.49,37.05,down,37.6,2026-09-04T12:57:38,6.97013,35.1499996185303,229.88,2026-09-04 19:44:26,2026-09-04 15:45:04
NVDA,NVDA261002C00200000,NVDA,2026-10-02,C,200.0,31.2,33.0,31.65,313.0,0.3998,419.0,107.0,0.9141,0.0063,0.101,-0.0678,0.1322,31.2916,1.0,32.05,35.82,31.0,up,31.6,2026-09-04T15:13:15,3.26797,30.6000003814697,229.88,2026-09-04 19:44:26,2026-09-04 15:45:04
NVDA,NVDA261002C00205000,NVDA,2026-10-02,C,205.0,26.35,305.0,26.85,33.0,0.3603,393.0,73.0,0.881,0.0084,0.1278,-0.083,0.13,26.7346,2.34,29.0,31.0,28.29,down,28.29,2026-09-04T12:53:49,9.01734,25.9499998092651,229.88,2026-09-04 19:44:26,2026-09-04 15:45:04
NVDA,NVDA261002C00210000,NVDA,2026-10-02,C,210.0,22.3,33.0,22.55,218.0,0.3606,1615.0,140.0,0.8355,0.0108,0.1588,-0.1006,0.1255,22.4008,0.67,23.95,26.6,22.37,down,22.37,2026-09-04T15:29:01,3.08756,21.6999998092651,229.88,2026-09-04 19:44:26,2026-09-04 15:45:04
NVDA,NVDA261002C00215000,NVDA,2026-10-02,C,215.0,18.3,110.0,18.45,110.0,0.3509,1772.0,229.0,0.7757,0.0134,0.1915,-0.119,0.1183,18.3563,0.64,19.51,22.45,18.39,down,18.39,2026-09-04T15:25:53,3.60563,17.75,229.88,2026-09-04 19:44:26,2026-09-04 15:45:04
NVDA,NVDA261002C00220000,NVDA,2026-10-02,C,220.0,14.6,255.0,14.8,255.0,0.344,2874.0,1383.0,0.7022,0.0158,0.2212,-0.1355,0.1085,14.6776,0.63,14.72,18.5,14.69,up,14.73,2026-09-04T15:28:03,4.46809,14.0999999046326,229.88,2026-09-04 19:44:26,2026-09-04 15:45:04
NVDA,NVDA261002C00225000,NVDA,2026-10-02,C,225.0,11.4,50.0,11.55,330.0,0.3405,5043.0,811.0,0.6175,0.0177,0.2431,-0.1472,0.0965,11.4354,0.525,12.1,14.95,11.4,no_change,11.45,2026-09-04T15:29:22,4.80549,10.9250001907349,229.88,2026-09-04 19:44:26,2026-09-04 15:45:04
NVDA,NVDA261002C00230000,NVDA,2026-10-02,C,230.0,8.65,15.0,8.75,270.0,0.3349,8561.0,2207.0,0.5262,0.0186,0.2535,-0.1521,0.0829,8.6813,0.45,9.2,11.6,8.62,down,8.65,2026-09-04T15:28:18,5.48781,8.19999980926514,229.88,2026-09-04 19:44:26,2026-09-04 15:45:04
NVDA,NVDA261002C00235000,NVDA,2026-10-02,C,235.0,6.35,114.0,6.45,133.0,0.3312,3810.0,8679.0,0.4338,0.0185,0.2506,-0.1491,0.0688,6.4149,0.425,6.8,8.85,6.35,down,6.4,2026-09-04T15:26:56,7.11297,5.97500014305115,229.88,2026-09-04 19:44:26,2026-09-04 15:45:04
NVDA,NVDA261002C00240000,NVDA,2026-10-02,C,240.0,4.55,227.0,4.65,646.0,0.3297,5441.0,5578.0,0.3462,0.0174,0.2352,-0.1391,0.0552,4.6234,0.35,4.95,6.62,4.4,up,4.6,2026-09-04T15:29:02,8.23529,4.25,229.88,2026-09-04 19:44:26,2026-09-04 15:45:04
NVDA,NVDA261002C00245000,NVDA,2026-10-02,C,245.0,3.2,206.0,3.3,754.0,0.3302,6136.0,5069.0,0.2678,0.0156,0.2105,-0.1237,0.0429,3.2576,0.3,3.25,4.82,3.2,no_change,3.25,2026-09-04T15:24:20,10.1695,2.95000004768372,229.88,2026-09-04 19:44:26,2026-09-04 15:45:04
NVDA,NVDA261002C00250000,NVDA,2026-10-02,C,250.0,2.22,272.0,2.24,2.0,0.3305,28489.0,9651.0,0.2012,0.0133,0.1801,-0.1052,0.0323,2.2429,0.22,2.33,3.49,2.07,down,2.22,2026-09-04T15:29:04,11.0,2.0,229.88,2026-09-04 19:44:26,2026-09-04 15:45:04
NVDA,NVDA261002C00255000,NVDA,2026-10-02,C,255.0,1.53,77.0,1.57,560.0,0.3344,2229.0,857.0,0.1481,0.0108,0.1487,-0.0867,0.0238,1.5329,0.225,1.5,2.43,1.46,down,1.57,2026-09-04T15:15:18,16.7286,1.34500002861023,229.88,2026-09-04 19:44:26,2026-09-04 15:45:04
NVDA,NVDA261002C00260000,NVDA,2026-10-02,C,260.0,1.04,91.0,1.07,491.0,0.3376,5444.0,1134.0,0.108,0.0086,0.1198,-0.07,0.0173,1.0517,0.14,1.08,1.7,0.94,down,1.05,2026-09-04T15:27:04,15.3846,0.909999996423721,229.88,2026-09-04 19:44:26,2026-09-04 15:45:04
NVDA,NVDA261002C00265000,NVDA,2026-10-02,C,265.0,0.72,208.0,0.76,593.0,0.3446,1045.0,803.0,0.0792,0.0067,0.0955,-0.0564,0.0127,0.7376,0.125,0.61,1.19,0.61,down,0.74,2026-09-04T15:23:34,20.3252,0.615000009536743,229.88,2026-09-04 19:44:26,2026-09-04 15:45:04
NVDA,NVDA261002C00270000,NVDA,2026-10-02,C,270.0,0.51,189.0,0.54,573.0,0.3519,1486.0,646.0,0.0588,0.0052,0.0762,-0.0457,0.0094,0.5309,0.09,0.51,0.83,0.51,no_change,0.52,2026-09-04T15:28:36,20.9302,0.429999992251396,229.88,2026-09-04 19:44:26,2026-09-04 15:45:04
NVDA,NVDA261002C00275000,NVDA,2026-10-02,C,275.0,0.37,244.0,0.4,633.0,0.3615,1593.0,4176.0,0.0443,0.004,0.061,-0.0373,0.0071,0.3917,0.1,0.32,0.6,0.32,up,0.41,2026-09-04T15:05:01,32.2581,0.310000002384186,229.88,2026-09-04 19:44:26,2026-09-04 15:45:04
NVDA,NVDA261002C00280000,NVDA,2026-10-02,C,280.0,0.28,533.0,0.31,687.0,0.3727,2003.0,301.0,0.034,0.0032,0.0493,-0.0307,0.0054,0.2964,0.07,0.24,0.44,0.24,down,0.3,2026-09-04T15:08:39,30.4348,0.229999996721745,229.88,2026-09-04 19:44:26,2026-09-04 15:45:04
NVDA,NVDA261002C00285000,NVDA,2026-10-02,C,285.0,0.22,558.0,0.25,651.0,0.3858,492.0,52.0,0.0266,0.0025,0.0403,-0.0257,0.0042,0.2301,0.045,0.19,0.35,0.19,down,0.22,2026-09-04T14:46:19,25.7143,0.175000004470348,229.88,2026-09-04 19:44:26,2026-09-04 15:45:04
NVDA,NVDA261002C00290000,NVDA,2026-10-02,C,290.0,0.17,741.0,0.19,524.0,0.3955,719.0,92.0,0.0211,0.002,0.0331,-0.0216,0.0033,0.1812,0.04,0.2,0.29,0.17,up,0.18,2026-09-04T14:37:06,28.5714,0.140000000596046,229.88,2026-09-04 19:44:26,2026-09-04 15:45:04
NVDA,NVDA261002C00295000,NVDA,2026-10-02,C,295.0,0.14,715.0,0.16,747.0,0.4094,271.0,50.0,0.0168,0.0016,0.0274,-0.0183,0.0027,0.1446,0.05,0.22,0.22,0.14,up,0.16,2026-09-04T14:58:57,45.4545,0.109999999403954,229.88,2026-09-04 19:44:26,2026-09-04 15:45:04
NVDA,NVDA261002C00300000,NVDA,2026-10-02,C,300.0,0.11,819.0,0.13,669.0,0.4201,1683.0,308.0,0.0136,0.0013,0.0228,-0.0156,0.0022,0.1166,0.05,0.09,0.2,0.09,up,0.13,2026-09-04T14:57:02,62.5,0.080000001937151,229.88,2026-09-04 19:44:26,2026-09-04 15:45:04
NVDA,NVDA261002C00305000,NVDA,2026-10-02,C,305.0,0.09,825.0,0.11,587.0,0.4324,158.0,41.0,0.0112,0.0011,0.0193,-0.0134,0.0018,0.0963,0.06,0.14,0.14,0.09,up,0.12,2026-09-04T14:53:23,100.0,0.0599999986588955,229.88,2026-09-04 19:44:26,2026-09-04 15:45:04
NVDA,NVDA261002C00310000,NVDA,2026-10-02,C,310.0,0.07,747.0,0.09,587.0,0.4417,50.0,75.0,0.0092,0.0009,0.0163,-0.0116,0.0014,0.0797,0.04,0.05,0.12,0.05,up,0.09,2026-09-04T15:00:43,80.0,0.0499999998137355,229.88,2026-09-04 19:44:26,2026-09-04 15:45:04
NVDA,NVDA261002C00315000,NVDA,2026-10-02,C,315.0,0.06,551.0,0.08,563.0,0.4552,87.0,11.0,0.0077,0.0007,0.0139,-0.0101,0.0012,0.0667,0.03,0.07,0.08,0.06,down,0.07,2026-09-04T14:57:02,75.0,0.0399999991059303,229.88,2026-09-04 19:44:26,2026-09-04 15:45:04
NVDA,NVDA261002C00320000,NVDA,2026-10-02,C,320.0,0.05,212.0,0.06,197.0,0.4625,79.0,180.0,0.0065,0.0006,0.012,-0.0089,0.001,0.0564,0.035,0.07,0.08,0.06,up,0.07,2026-09-04T09:54:35,100.0,0.0350000001490116,229.88,2026-09-04 19:44:26,2026-09-04 15:45:04
NVDA,NVDA261002C00325000,NVDA,2026-10-02,C,325.0,0.04,572.0,0.05,568.0,0.4714,535.0,467.0,0.0055,0.0005,0.0104,-0.0078,0.0009,0.0481,0.005,0.06,0.06,0.04,down,0.04,2026-09-04T14:53:23,14.2857,0.034999999217689,229.88,2026-09-04 19:44:26,2026-09-04 15:45:04
NVDA,NVDA261002C00330000,NVDA,2026-10-02,C,330.0,0.03,810.0,0.05,568.0,0.4839,905.0,20.0,0.0047,0.0004,0.009,-0.007,0.0007,0.0414,0.01,0.05,0.05,0.04,down,0.04,2026-09-04T12:38:53,33.3333,0.0299999993294477,229.88,2026-09-04 19:44:26,2026-09-04 15:45:04
NVDA,NVDA261002C00335000,NVDA,2026-10-02,C,335.0,0.02,477.0,0.05,467.0,0.4951,456.0,0.0,0.0041,0.0004,0.0079,-0.0062,0.0006,0.036,0.0,0.0,0.0,0.0,no_change,0.05,2026-08-28T15:27:48,0.0,0.0300000002607703,229.88,2026-09-04 19:44:26,2026-09-04 15:45:04
NVDA,NVDA261002C00340000,NVDA,2026-10-02,C,340.0,0.02,573.0,0.04,538.0,0.5048,22.0,10.0,0.0036,0.0003,0.007,-0.0056,0.0006,0.0316,0.01,0.03,0.03,0.03,no_change,0.03,2026-09-04T10:45:40,50.0,0.0199999995529652,229.88,2026-09-04 19:44:26,2026-09-04 15:45:04
NVDA,NVDA261002C00345000,NVDA,2026-10-02,C,345.0,0.01,289.0,0.04,196.0,0.5127,20.0,0.0,0.0031,0.0003,0.0062,-0.005,0.0005,0.0276,0.0,0.0,0.0,0.0,up,0.05,2026-08-27T09:30:30,0.0,0.0249999994412065,229.88,2026-09-04 19:44:26,2026-09-04 15:45:04
NVDA,NVDA261002C00350000,NVDA,2026-10-02,C,350.0,0.01,265.0,0.04,292.0,0.5289,17.0,0.0,0.0027,0.0002,0.0055,-0.0046,0.0004,0.0245,0.0,0.0,0.0,0.0,up,0.06,2026-08-26T11:12:37,0.0,0.0300000002607703,229.88,2026-09-04 19:44:26,2026-09-04 15:45:04
NVDA,NVDA261002C00360000,NVDA,2026-10-02,C,360.0,0.01,643.0,0.04,662.0,0.5605,54.0,20.0,0.0022,0.0002,0.0044,-0.0038,0.0003,0.0197,-0.015,0.01,0.01,0.01,no_change,0.01,2026-09-04T12:17:16,-60.0,0.0249999994412065,229.88,2026-09-04 19:44:26,2026-09-04 15:45:04
NVDA,NVDA261002C00370000,NVDA,2026-10-02,C,370.0,0.01,672.0,0.03,659.0,0.5794,45.0,4.0,0.0018,0.0001,0.0037,-0.0032,0.0003,0.0162,0.0,0.01,0.02,0.01,up,0.02,2026-09-04T14:41:33,2.23517e-06,0.0199999995529652,229.88,2026-09-04 19:44:26,2026-09-04 15:45:04
NVDA,NVDA261002C00380000,NVDA,2026-10-02,C,380.0,0.0,0.0,0.03,213.0,0.5939,12.0,0.0,0.0014,0.0001,0.0031,-0.0028,0.0002,0.0136,0.0,0.0,0.0,0.0,up,0.03,2026-08-25T11:42:31,0.0,0.0199999995529652,229.88,2026-09-04 19:44:26,2026-09-04 15:45:04
NVDA,NVDA261002C00390000,NVDA,2026-10-02,C,390.0,0.0,0.0,0.02,95.0,0.6019,5.0,0.0,0.0012,0.0001,0.0026,-0.0024,0.0002,0.0115,0.0,0.0,0.0,0.0,up,0.02,2026-09-02T11:40:24,0.0,0.0199999995529652,229.88,2026-09-04 19:44:26,2026-09-04 15:45:04
NVDA,NVDA261002P00050000,NVDA,2026-10-02,P,50.0,0.0,0.0,0.01,500.0,1.6569,0.0,12.0,-0.0004,0.0,0.001,-0.0028,-0.0001,0.0134,-0.01,0.01,0.01,0.01,down,0.01,2026-09-04T11:46:25,-50.0,0.0199999995529652,229.88,2026-09-04 19:44:26,2026-09-04 15:45:04
NVDA,NVDA261002P00055000,NVDA,2026-10-02,P,55.0,0.01,63.0,0.02,174.0,1.6914,2.0,0.0,-0.0005,0.0,0.0012,-0.0032,-0.0001,0.0156,0.0,0.0,0.0,0.0,down,0.02,2026-08-24T10:27:40,0.0,0.0199999995529652,229.88,2026-09-04 19:44:26,2026-09-04 15:45:04
NVDA,NVDA261002P00060000,NVDA,2026-10-02,P,60.0,0.01,152.0,0.02,201.0,1.5908,367.0,0.0,-0.0006,0.0,0.0014,-0.0036,-0.0001,0.0181,0.0,0.0,0.0,0.0,no_change,0.01,2026-09-03T10:20:36,0.0,0.00999999977648258,229.88,2026-09-04 19:44:26,2026-09-04 15:45:04
NVDA,NVDA261002P00065000,NVDA,2026-10-02,P,65.0,0.01,151.0,0.02,10.0,1.4984,0.0,0.0,-0.0008,0.0,0.0016,-0.0041,-0.0001,0.0208,0.0,0.0,0.0,0.0,no_change,0.0,,0.0,0.0199999995529652,229.88,2026-09-04 19:44:26,2026-09-04 15:45:04
NVDA,NVDA261002P00070000,NVDA,2026-10-02,P,70.0,0.01,171.0,0.02,10.0,1.4131,10.0,0.0,-0.0009,0.0,0.0019,-0.0046,-0.0002,0.0239,0.0,0.0,0.0,0.0,no_change,0.04,2026-08-25T09:30:04,0.0,0.0249999994412065,229.88,2026-09-04 19:44:26,2026-09-04 15:45:04
NVDA,NVDA261002P00075000,NVDA,2026-10-02,P,75.0,0.01,283.0,0.04,690.0,1.3938,0.0,10.0,-0.001,0.0,0.0022,-0.0051,-0.0002,0.0272,-0.01,0.02,0.02,0.02,down,0.02,2026-09-04T10:44:19,-33.3333,0.0300000002607703,229.88,2026-09-04 19:44:26,2026-09-04 15:45:04
NVDA,NVDA261002P00080000,NVDA,2026-10-02,P,80.0,0.01,201.0,0.04,198.0,1.3166,22.0,0.0,-0.0012,0.0,0.0026,-0.0057,-0.0002,0.0309,0.0,0.0,0.0,0.0,down,0.01,2026-09-02T13:15:03,0.0,0.0300000002607703,229.88,2026-09-04 19:44:26,2026-09-04 15:45:04
NVDA,NVDA261002P00085000,NVDA,2026-10-02,P,85.0,0.02,184.0,0.05,202.0,1.2832,3.0,0.0,-0.0014,0.0001,0.003,-0.0063,-0.0002,0.0351,0.0,0.0,0.0,0.0,up,0.15,2026-08-26T12:44:09,0.0,0.0300000002607703,229.88,2026-09-04 19:44:26,2026-09-04 15:45:04
NVDA,NVDA261002P00090000,NVDA,2026-10-02,P,90.0,0.02,201.0,0.05,194.0,1.213,6.0,0.0,-0.0017,0.0001,0.0034,-0.007,-0.0003,0.0396,0.0,0.0,0.0,0.0,down,0.01,2026-08-27T13:17:46,0.0,0.034999999217689,229.88,2026-09-04 19:44:26,2026-09-04 15:45:04
NVDA,NVDA261002P00095000,NVDA,2026-10-02,P,95.0,0.03,191.0,0.06,202.0,1.1749,1.0,0.0,-0.002,0.0001,0.004,-0.0077,-0.0003,0.0447,0.0,0.0,0.0,0.0,down,0.04,2026-08-25T10:12:33,0.0,0.034999999217689,229.88,2026-09-04 19:44:26,2026-09-04 15:45:04
NVDA,NVDA261002P00100000,NVDA,2026-10-02,P,100.0,0.03,218.0,0.06,180.0,1.1105,34.0,0.0,-0.0023,0.0001,0.0046,-0.0085,-0.0004,0.0501,0.0,0.0,0.0,0.0,up,0.04,2026-08-28T10:27:54,0.0,0.0399999991059303,229.88,2026-09-04 19:44:26,2026-09-04 15:45:04
NVDA,NVDA261002P00105000,NVDA,2026-10-02,P,105.0,0.04,201.0,0.07,268.0,1.0708,3.0,0.0,-0.0027,0.0001,0.0052,-0.0093,-0.0005,0.0565,0.0,0.0,0.0,0.0,no_change,0.13,2026-08-26T12:44:34,0.0,0.0499999988824129,229.88,2026-09-04 19:44:26,2026-09-04 15:45:04
NVDA,NVDA261002P00110000,NVDA,2026-10-02,P,110.0,0.05,198.0,0.08,409.0,1.0292,48.0,8.0,-0.0031,0.0001,0.006,-0.0102,-0.0005,0.0634,0.015,0.07,0.07,0.07,up,0.07,2026-09-04T10:08:58,27.2727,0.0549999987706542,229.88,2026-09-04 19:44:26,2026-09-04 15:45:04
NVDA,NVDA261002P00115000,NVDA,2026-10-02,P,115.0,0.06,248.0,0.09,842.0,0.9866,121.0,0.0,-0.0036,0.0002,0.0069,-0.0112,-0.0006,0.0709,0.0,0.0,0.0,0.0,no_change,0.06,2026-08-28T15:39:57,0.0,0.0650000013411045,229.88,2026-09-04 19:44:26,2026-09-04 15:45:04
NVDA,NVDA261002P00120000,NVDA,2026-10-02,P,120.0,0.07,531.0,0.1,1231.0,0.9435,2512.0,3004.0,-0.0042,0.0002,0.0078,-0.0122,-0.0007,0.0794,0.005,0.09,0.1,0.07,down,0.08,2026-09-04T14:42:21,6.66667,0.0750000011175871,229.88,2026-09-04 19:44:26,2026-09-04 15:45:04
NVDA,NVDA261002P00125000,NVDA,2026-10-02,P,125.0,0.08,525.0,0.11,471.0,0.9003,161.0,11.0,-0.0049,0.0002,0.009,-0.0134,-0.0008,0.0893,-0.01,0.1,0.11,0.08,down,0.08,2026-09-04T14:41:22,-11.1111,0.0899999998509884,229.88,2026-09-04 19:44:26,2026-09-04 15:45:04
NVDA,NVDA261002P00130000,NVDA,2026-10-02,P,130.0,0.1,335.0,0.12,529.0,0.8619,327.0,54.0,-0.0056,0.0003,0.0103,-0.0146,-0.001,0.1,0.01,0.11,0.12,0.09,down,0.11,2026-09-04T15:27:33,10.0,0.0999999977648258,229.88,2026-09-04 19:44:26,2026-09-04 15:45:04
NVDA,NVDA261002P00135000,NVDA,2026-10-02,P,135.0,0.1,528.0,0.13,527.0,0.8142,346.0,415.0,-0.0065,0.0004,0.0117,-0.0159,-0.0011,0.112,0.01,0.11,0.13,0.11,down,0.11,2026-09-04T14:57:51,10.0,0.100000001490116,229.88,2026-09-04 19:44:26,2026-09-04 15:45:04
NVDA,NVDA261002P00140000,NVDA,2026-10-02,P,140.0,0.12,339.0,0.14,535.0,0.7754,885.0,599.0,-0.0076,0.0004,0.0134,-0.0173,-0.0013,0.1256,0.005,0.14,0.14,0.12,down,0.12,2026-09-04T14:54:05,4.34783,0.114999998360872,229.88,2026-09-04 19:44:26,2026-09-04 15:45:04
NVDA,NVDA261002P00145000,NVDA,2026-10-02,P,145.0,0.13,244.0,0.16,240.0,0.7361,547.0,0.0,-0.0088,0.0005,0.0153,-0.0188,-0.0015,0.1402,0.0,0.0,0.0,0.0,down,0.12,2026-09-03T12:39:54,0.0,0.129999998956919,229.88,2026-09-04 19:44:26,2026-09-04 15:45:04
NVDA,NVDA261002P00150000,NVDA,2026-10-02,P,150.0,0.15,342.0,0.17,1010.0,0.6965,902.0,68.0,-0.0103,0.0006,0.0176,-0.0204,-0.0017,0.1576,0.01,0.16,0.18,0.15,up,0.16,2026-09-04T15:23:38,6.66667,0.149999998509884,229.88,2026-09-04 19:44:26,2026-09-04 15:45:04
NVDA,NVDA261002P00155000,NVDA,2026-10-02,P,155.0,0.16,830.0,0.2,426.0,0.6593,500.0,206.0,-0.012,0.0007,0.0201,-0.0222,-0.002,0.1775,0.035,0.17,0.2,0.16,up,0.2,2026-09-04T15:27:33,21.2121,0.165000006556511,229.88,2026-09-04 19:44:26,2026-09-04 15:45:04
NVDA,NVDA261002P00160000,NVDA,2026-10-02,P,160.0,0.19,899.0,0.21,680.0,0.6215,1289.0,297.0,-0.0141,0.0009,0.0231,-0.0242,-0.0023,0.2005,0.01,0.15,0.22,0.15,no_change,0.2,2026-09-04T15:28:14,5.26315,0.190000005066395,229.88,2026-09-04 19:44:26,2026-09-04 15:45:04
NVDA,NVDA261002P00165000,NVDA,2026-10-02,P,165.0,0.21,473.0,0.24,736.0,0.5852,401.0,5.0,-0.0167,0.0011,0.0268,-0.0264,-0.0027,0.2275,0.0,0.22,0.23,0.22,down,0.22,2026-09-04T14:31:09,5.4186e-07,0.219999998807907,229.88,2026-09-04 19:44:26,2026-09-04 15:45:04
NVDA,NVDA261002P00170000,NVDA,2026-10-02,P,170.0,0.24,656.0,0.27,590.0,0.5497,521.0,59.0,-0.0199,0.0014,0.031,-0.0289,-0.0032,0.2602,-0.01,0.24,0.27,0.24,down,0.25,2026-09-04T14:32:51,-3.84615,0.259999997913837,229.88,2026-09-04 19:44:26,2026-09-04 15:45:04
NVDA,NVDA261002P00175000,NVDA,2026-10-02,P,175.0,0.29,415.0,0.32,625.0,0.5189,1039.0,232.0,-0.024,0.0017,0.0365,-0.0319,-0.0039,0.3016,0.0,0.27,0.32,0.23,up,0.3,2026-09-04T13:46:10,9.93411e-07,0.299999997019768,229.88,2026-09-04 19:44:26,2026-09-04 15:45:04
NVDA,NVDA261002P00180000,NVDA,2026-10-02,P,180.0,0.34,484.0,0.36,1.0,0.4844,1183.0,347.0,-0.0293,0.0022,0.0431,-0.0356,-0.0047,0.3558,-0.03,0.33,0.35,0.33,no_change,0.34,2026-09-04T15:26:22,-8.10811,0.36999998986721,229.88,2026-09-04 19:44:26,2026-09-04 15:45:04
NVDA,NVDA261002P00185000,NVDA,2026-10-02,P,185.0,0.42,411.0,0.45,583.0,0.4562,1424.0,143.0,-0.0368,0.0028,0.0522,-0.0404,-0.006,0.433,-0.02,0.3,0.44,0.3,no_change,0.43,2026-09-04T14:48:13,-4.44445,0.450000002980232,229.88,2026-09-04 19:44:26,2026-09-04 15:45:04
NVDA,NVDA261002P00190000,NVDA,2026-10-02,P,190.0,0.54,190.0,0.56,280.0,0.4293,8833.0,204.0,-0.0475,0.0036,0.0639,-0.0471,-0.0076,0.5481,-0.015,0.48,0.57,0.46,up,0.56,2026-09-04T15:15:23,-2.6087,0.575000017881394,229.88,2026-09-04 19:44:26,2026-09-04 15:45:04
NVDA,NVDA261002P00195000,NVDA,2026-10-02,P,195.0,0.72,184.0,0.75,453.0,0.407,3006.0,187.0,-0.0633,0.0048,0.0801,-0.0562,-0.01,0.7258,-0.06,0.72,0.73,0.6,no_change,0.71,2026-09-04T14:48:21,-7.79221,0.770000010728836,229.88,2026-09-04 19:44:26,2026-09-04 15:45:04
NVDA,NVDA261002P00200000,NVDA,2026-10-02,P,200.0,0.99,186.0,1.01,209.0,0.3865,63386.0,1864.0,-0.0864,0.0064,0.1014,-0.0682,-0.0136,1.0014,-0.075,0.93,1.03,0.79,down,1.0,2026-09-04T15:29:17,-6.97674,1.07499998807907,229.88,2026-09-04 19:44:26,2026-09-04 15:45:04
NVDA,NVDA261002P00205000,NVDA,2026-10-02,P,205.0,1.42,239.0,1.45,303.0,0.3711,4964.0,1025.0,-0.12,0.0084,0.1284,-0.0837,-0.0187,1.4344,-0.095,1.37,1.46,1.1,no_change,1.44,2026-09-04T15:27:29,-6.18892,1.5349999666214,229.88,2026-09-04 19:44:26,2026-09-04 15:45:04
NVDA,NVDA261002P00210000,NVDA,2026-10-02,P,210.0,2.06,377.0,2.1,146.0,0.3588,3243.0,940.0,-0.1661,0.0109,0.1595,-0.1016,-0.0256,2.0841,-0.135,2.0,2.11,1.58,down,2.09,2026-09-04T15:26:40,-6.06742,2.22500002384186,229.88,2026-09-04 19:44:26,2026-09-04 15:45:04
NVDA,NVDA261002P00215000,NVDA,2026-10-02,P,215.0,3.0,514.0,3.1,298.0,0.3512,1382.0,1116.0,-0.2261,0.0135,0.192,-0.1202,-0.0346,3.0255,-0.2,2.9,3.05,2.28,up,3.05,2026-09-04T15:26:31,-6.15385,3.25,229.88,2026-09-04 19:44:26,2026-09-04 15:45:04
NVDA,NVDA261002P00220000,NVDA,2026-10-02,P,220.0,4.3,480.0,4.4,105.0,0.3432,5834.0,1150.0,-0.3003,0.016,0.2223,-0.137,-0.045,4.3451,-0.29,4.15,4.4,3.3,up,4.36,2026-09-04T15:29:02,-6.23656,4.64999985694885,229.88,2026-09-04 19:44:26,2026-09-04 15:45:04
NVDA,NVDA261002P00225000,NVDA,2026-10-02,P,225.0,6.05,488.0,6.2,212.0,0.3386,1782.0,646.0,-0.3861,0.0179,0.2435,-0.1491,-0.0556,6.1078,-0.27,5.86,6.23,4.65,up,6.13,2026-09-04T15:28:37,-4.21875,6.39999985694885,229.88,2026-09-04 19:44:26,2026-09-04 15:45:04
NVDA,NVDA261002P00230000,NVDA,2026-10-02,P,230.0,8.25,446.0,8.4,73.0,0.333,1444.0,1860.0,-0.4788,0.0189,0.2533,-0.1544,-0.0673,8.3542,-0.3,7.72,8.45,6.49,up,8.4,2026-09-04T15:28:04,-3.44827,8.69999980926514,229.88,2026-09-04 19:44:26,2026-09-04 15:45:04
NVDA,NVDA261002P00235000,NVDA,2026-10-02,P,235.0,11.0,374.0,11.15,64.0,0.3308,105.0,6586.0,-0.5728,0.0189,0.2495,-0.152,-0.0766,11.1007,-0.425,10.22,11.1,8.75,up,11.1,2026-09-04T15:08:33,-3.68763,11.5249996185303,229.88,2026-09-04 19:44:26,2026-09-04 15:45:04
NVDA,NVDA261002P00240000,NVDA,2026-10-02,P,240.0,14.2,288.0,14.4,82.0,0.3292,253.0,134.0,-0.6624,0.0179,0.2316,-0.1424,-0.0819,14.3342,-0.575,12.39,14.25,11.65,no_change,14.25,2026-09-04T15:24:51,-3.87858,14.8249998092651,229.88,2026-09-04 19:44:26,2026-09-04 15:45:04
NVDA,NVDA261002P00245000,NVDA,2026-10-02,P,245.0,17.45,491.0,18.05,40.0,0.3178,138.0,6.0,-0.7434,0.0161,0.2047,-0.1272,-0.085,17.9995,-1.35,15.86,17.0,14.89,up,17.0,2026-09-04T12:25:55,-7.35695,18.3499994277954,229.88,2026-09-04 19:44:26,2026-09-04 15:45:04
NVDA,NVDA261002P00250000,NVDA,2026-10-02,P,250.0,21.65,403.0,22.1,25.0,0.3213,39.0,40.0,-0.8121,0.0138,0.1723,-0.1094,-0.082,22.0364,-0.65,19.5,21.9,18.85,down,21.8,2026-09-04T15:17:49,-2.89532,22.4499998092651,229.88,2026-09-04 19:44:26,2026-09-04 15:45:04
NVDA,NVDA261002P00255000,NVDA,2026-10-02,P,255.0,25.75,257.0,26.45,33.0,0.311,29.0,0.0,-0.8673,0.0113,0.1372,-0.0908,-0.0754,26.3775,0.0,0.0,0.0,0.0,down,26.5,2026-09-03T15:29:05,0.0,27.125,229.88,2026-09-04 19:44:26,2026-09-04 15:45:04
NVDA,NVDA261002P00260000,NVDA,2026-10-02,P,260.0,30.3,251.0,31.0,17.0,0.3026,53.0,5.0,-0.9089,0.0089,0.1047,-0.0732,-0.0634,30.9533,-2.225,28.75,29.55,28.75,up,29.55,2026-09-04T11:50:35,-7.00236,31.7749996185303,229.88,2026-09-04 19:44:26,2026-09-04 15:45:04
NVDA,NVDA261002P00265000,NVDA,2026-10-02,P,265.0,35.05,169.0,35.95,62.0,0.3126,3.0,0.0,-0.9384,0.0068,0.0776,-0.0577,-0.0555,35.6938,0.0,0.0,0.0,0.0,up,37.38,2026-08-27T15:59:19,0.0,36.25,229.88,2026-09-04 19:44:26,2026-09-04 15:45:04
NVDA,NVDA261002P00270000,NVDA,2026-10-02,P,270.0,39.9,213.0,40.75,47.0,0.2866,0.0,1.0,-0.9584,0.0051,0.057,-0.0447,-0.046,40.5391,-0.675,40.0,40.0,40.0,down,40.0,2026-09-04T14:18:16,-1.65949,40.6749992370606,229.88,2026-09-04 19:44:26,2026-09-04 15:45:04
NVDA,NVDA261002P00275000,NVDA,2026-10-02,P,275.0,44.85,135.0,45.7,47.0,0.0,0.0,0.0,-0.9717,0.0037,0.0402,-0.0343,-0.0399,45.4465,0.0,0.0,0.0,0.0,down,50.4,2026-08-17T15:53:34,0.0,45.4250011444092,229.88,2026-09-04 19:44:26,2026-09-04 15:45:04
NVDA,NVDA261002P00280000,NVDA,2026-10-02,P,280.0,47.6,125.0,52.55,70.0,0.0,0.0,0.0,-0.9806,0.0027,0.0289,-0.0261,-0.0312,50.3886,0.0,0.0,0.0,0.0,no_change,0.0,,0.0,50.375,229.88,2026-09-04 19:44:26,2026-09-04 15:45:04
NVDA,NVDA261002P00285000,NVDA,2026-10-02,P,285.0,52.25,125.0,57.2,60.0,0.0,0.0,0.0,-0.9867,0.002,0.0218,-0.0197,-0.0285,55.3523,0.0,0.0,0.0,0.0,no_change,0.0,,0.0,55.3499984741211,229.88,2026-09-04 19:44:26,2026-09-04 15:45:04
NVDA,NVDA261002P00290000,NVDA,2026-10-02,P,290.0,57.5,70.0,61.85,60.0,0.0,0.0,0.0,-0.9907,0.0014,0.0149,-0.0149,-0.0245,60.3291,0.0,0.0,0.0,0.0,no_change,0.0,,0.0,60.4249992370606,229.88,2026-09-04 19:44:26,2026-09-04 15:45:04
NVDA,NVDA261002P00295000,NVDA,2026-10-02,P,295.0,62.2,60.0,67.05,60.0,0.0,0.0,0.0,-0.9935,0.001,0.0115,-0.0111,-0.023,65.3132,0.0,0.0,0.0,0.0,no_change,0.0,,0.0,65.3999977111816,229.88,2026-09-04 19:44:26,2026-09-04 15:45:04
NVDA,NVDA261002P00300000,NVDA,2026-10-02,P,300.0,67.5,60.0,71.95,60.0,0.0,0.0,0.0,-0.9954,0.0008,0.0081,-0.0084,-0.0208,70.3025,0.0,0.0,0.0,0.0,up,74.65,2026-08-14T13:53:37,0.0,70.3499984741211,229.88,2026-09-04 19:44:26,2026-09-04 15:45:04
NVDA,NVDA261002P00305000,NVDA,2026-10-02,P,305.0,72.2,60.0,76.9,60.0,0.0,0.0,0.0,-0.9967,0.0006,0.0056,-0.0063,-0.0209,75.2953,0.0,0.0,0.0,0.0,no_change,0.0,,0.0,75.2750015258789,229.88,2026-09-04 19:44:26,2026-09-04 15:45:04
NVDA,NVDA261002P00310000,NVDA,2026-10-02,P,310.0,77.45,61.0,81.9,65.0,0.0,0.0,0.0,-0.9976,0.0004,0.0045,-0.0047,-0.0201,80.2898,0.0,0.0,0.0,0.0,no_change,0.0,,0.0,80.4749984741211,229.88,2026-09-04 19:44:26,2026-09-04 15:45:04
NVDA,NVDA261002P00315000,NVDA,2026-10-02,P,315.0,82.15,60.0,87.0,62.0,0.0,0.0,0.0,-0.9983,0.0003,0.0032,-0.0035,-0.019,85.2858,0.0,0.0,0.0,0.0,no_change,0.0,,0.0,85.375,229.88,2026-09-04 19:44:26,2026-09-04 15:45:04
NVDA,NVDA261002P00320000,NVDA,2026-10-02,P,320.0,87.45,64.0,91.8,60.0,0.0,0.0,0.0,-0.9987,0.0002,0.0022,-0.0027,-0.0193,90.2827,0.0,0.0,0.0,0.0,no_change,0.0,,0.0,90.4249992370606,229.88,2026-09-04 19:44:26,2026-09-04 15:45:04
NVDA,NVDA261002P00325000,NVDA,2026-10-02,P,325.0,92.15,64.0,97.0,60.0,0.0,0.0,0.0,-0.9991,0.0002,0.0019,-0.002,-0.0191,95.2801,0.0,0.0,0.0,0.0,no_change,0.0,,0.0,95.9000015258789,229.88,2026-09-04 19:44:26,2026-09-04 15:45:04
NVDA,NVDA261002P00330000,NVDA,2026-10-02,P,330.0,97.45,64.0,102.2,60.0,0.0,0.0,0.0,-0.9993,0.0001,0.0014,-0.0015,-0.019,100.2779,0.0,0.0,0.0,0.0,no_change,0.0,,0.0,100.599998474121,229.88,2026-09-04 19:44:26,2026-09-04 15:45:04
NVDA,NVDA261002P00335000,NVDA,2026-10-02,P,335.0,102.15,67.0,107.9,60.0,0.0,0.0,0.0,-0.9995,0.0001,0.001,-0.0012,-0.019,105.2762,0.0,0.0,0.0,0.0,no_change,0.0,,0.0,105.375,229.88,2026-09-04 19:44:26,2026-09-04 15:45:04
NVDA,NVDA261002P00340000,NVDA,2026-10-02,P,340.0,107.45,70.0,111.95,60.0,0.0,0.0,0.0,-0.9996,0.0001,0.0007,-0.001,-0.0193,110.2745,0.0,0.0,0.0,0.0,no_change,0.0,,0.0,110.399997711182,229.88,2026-09-04 19:44:26,2026-09-04 15:45:04
NVDA,NVDA261002P00345000,NVDA,2026-10-02,P,345.0,112.15,60.0,117.7,60.0,0.0,0.0,0.0,-0.9997,0.0001,0.0006,-0.0007,-0.0194,115.273,0.0,0.0,0.0,0.0,no_change,0.0,,0.0,115.475002288818,229.88,2026-09-04 19:44:26,2026-09-04 15:45:04
NVDA,NVDA261002P00350000,NVDA,2026-10-02,P,350.0,117.45,70.0,121.9,60.0,0.0,0.0,0.0,-0.9998,0.0,0.0005,-0.0006,-0.0196,120.2715,0.0,0.0,0.0,0.0,no_change,0.0,,0.0,120.399997711182,229.88,2026-09-04 19:44:26,2026-09-04 15:45:04
NVDA,NVDA261002P00360000,NVDA,2026-10-02,P,360.0,127.45,68.0,132.0,60.0,0.0,0.0,0.0,-0.9998,0.0,0.0003,-0.0004,-0.0199,130.2688,0.0,0.0,0.0,0.0,no_change,0.0,,0.0,130.275001525879,229.88,2026-09-04 19:44:26,2026-09-04 15:45:04
NVDA,NVDA261002P00370000,NVDA,2026-10-02,P,370.0,137.4,60.0,142.2,60.0,0.0,0.0,0.0,-0.9999,0.0,0.0002,-0.0002,-0.0205,140.2663,0.0,0.0,0.0,0.0,no_change,0.0,,0.0,140.300003051758,229.88,2026-09-04 19:44:26,2026-09-04 15:45:04
NVDA,NVDA261002P00380000,NVDA,2026-10-02,P,380.0,147.4,70.0,152.1,65.0,0.0,0.0,0.0,-0.9999,0.0,0.0001,-0.0002,-0.021,150.2637,0.0,0.0,0.0,0.0,no_change,0.0,,0.0,150.350006103516,229.88,2026-09-04 19:44:26,2026-09-04 15:45:04
NVDA,NVDA261002P00390000,NVDA,2026-10-02,P,390.0,157.4,70.0,161.9,60.0,0.0,1.0,0.0,-1.0,0.0,0.0001,-0.0001,-0.0214,160.2613,0.0,0.0,0.0,0.0,down,160.02,2026-09-03T14:12:33,0.0,160.925003051758,229.88,2026-09-04 19:44:26,2026-09-04 15:45:04
NVDA,NVDA261009C00050000,NVDA,2026-10-09,C,50.0,176.0,1.0,183.85,51.0,1.8089,0.0,0.0,0.9998,0.0,0.0006,-0.0016,0.007,179.9021,0.0,0.0,0.0,0.0,no_change,0.0,,0.0,178.949996948242,229.88,2026-09-04 19:44:26,2026-09-04 15:45:04
NVDA,NVDA261009C00055000,NVDA,2026-10-09,C,55.0,171.4,51.0,178.9,51.0,2.0494,0.0,0.0,0.9996,0.0,0.001,-0.0026,0.0128,174.9074,0.0,0.0,0.0,0.0,no_change,0.0,,0.0,173.974998474121,229.88,2026-09-04 19:44:26,2026-09-04 15:45:04
NVDA,NVDA261009C00060000,NVDA,2026-10-09,C,60.0,166.45,51.0,173.9,51.0,1.9331,0.0,0.0,0.9993,0.0,0.0017,-0.0035,0.0395,169.9173,0.0,0.0,0.0,0.0,no_change,0.0,,0.0,168.974998474121,229.88,2026-09-04 19:44:26,2026-09-04 15:45:04
NVDA,NVDA261009C00065000,NVDA,2026-10-09,C,65.0,161.1,1.0,168.9,51.0,1.5812,0.0,0.0,0.9991,0.0,0.0022,-0.004,0.0601,164.94,0.0,0.0,0.0,0.0,no_change,0.0,,0.0,164.0,229.88,2026-09-04 19:44:26,2026-09-04 15:45:04
NVDA,NVDA261009C00070000,NVDA,2026-10-09,C,70.0,156.45,52.0,163.95,51.0,1.7065,0.0,0.0,0.999,0.0,0.0025,-0.0045,0.0647,159.9647,0.0,0.0,0.0,0.0,no_change,0.0,,0.0,159.025001525879,229.88,2026-09-04 19:44:26,2026-09-04 15:45:04
NVDA,NVDA261009C00075000,NVDA,2026-10-09,C,75.0,151.15,51.0,158.95,51.0,1.4238,0.0,0.0,0.9988,0.0,0.003,-0.005,0.0693,154.9898,0.0,0.0,0.0,0.0,no_change,0.0,,0.0,154.050003051758,229.88,2026-09-04 19:44:26,2026-09-04 15:45:04
NVDA,NVDA261009C00080000,NVDA,2026-10-09,C,80.0,146.55,51.0,154.0,51.0,1.5495,0.0,0.0,0.9985,0.0001,0.0035,-0.0056,0.0738,150.0155,0.0,0.0,0.0,0.0,no_change,0.0,,0.0,149.075004577637,229.88,2026-09-04 19:44:26,2026-09-04 15:45:04
NVDA,NVDA261009C00085000,NVDA,2026-10-09,C,85.0,141.25,1.0,149.0,51.0,1.3171,0.0,0.0,0.9983,0.0001,0.004,-0.0063,0.0784,145.0416,0.0,0.0,0.0,0.0,no_change,0.0,,0.0,144.275001525879,229.88,2026-09-04 19:44:26,2026-09-04 15:45:04
NVDA,NVDA261009C00090000,NVDA,2026-10-09,C,90.0,136.6,51.0,144.05,51.0,1.3928,0.0,0.0,0.998,0.0001,0.0047,-0.0069,0.083,140.0683,0.0,0.0,0.0,0.0,no_change,0.0,,0.0,139.25,229.88,2026-09-04 19:44:26,2026-09-04 15:45:04
NVDA,NVDA261009C00095000,NVDA,2026-10-09,C,95.0,131.6,51.0,139.05,51.0,1.3056,0.0,0.0,0.9976,0.0001,0.0054,-0.0077,0.0875,135.0957,0.0,0.0,0.0,0.0,no_change,0.0,,0.0,134.299995422363,229.88,2026-09-04 19:44:26,2026-09-04 15:45:04
NVDA,NVDA261009C00100000,NVDA,2026-10-09,C,100.0,126.65,51.0,134.1,51.0,1.2525,0.0,0.0,0.9972,0.0001,0.0062,-0.0085,0.0921,130.1239,0.0,0.0,0.0,0.0,no_change,0.0,,0.0,129.299995422363,229.88,2026-09-04 19:44:26,2026-09-04 15:45:04
NVDA,NVDA261009C00105000,NVDA,2026-10-09,C,105.0,121.65,64.0,129.15,60.0,1.1873,0.0,0.0,0.9967,0.0001,0.0071,-0.0093,0.0966,125.1528,0.0,0.0,0.0,0.0,no_change,0.0,,0.0,124.349998474121,229.88,2026-09-04 19:44:26,2026-09-04 15:45:04
NVDA,NVDA261009C00110000,NVDA,2026-10-09,C,110.0,117.5,67.0,124.15,61.0,1.276,0.0,2.0,0.9962,0.0002,0.0081,-0.0102,0.1011,120.1826,1.9,121.4,121.4,121.4,up,121.4,2026-09-04T13:34:36,1.58996,119.5,229.88,2026-09-04 19:44:26,2026-09-04 15:45:04
NVDA,NVDA261009C00115000,NVDA,2026-10-09,C,115.0,111.7,70.0,119.2,60.0,1.0654,0.0,0.0,0.9956,0.0002,0.0093,-0.0112,0.1056,115.2135,0.0,0.0,0.0,0.0,no_change,0.0,,0.0,114.700000762939,229.88,2026-09-04 19:44:26,2026-09-04 15:45:04
NVDA,NVDA261009C00120000,NVDA,2026-10-09,C,120.0,106.45,65.0,114.25,60.0,0.9439,1.0,0.0,0.9949,0.0002,0.0106,-0.0122,0.1101,110.2456,0.0,0.0,0.0,0.0,up,100.35,2026-08-28T11:47:25,0.0,109.575000762939,229.88,2026-09-04 19:44:26,2026-09-04 15:45:04
NVDA,NVDA261009C00125000,NVDA,2026-10-09,C,125.0,101.75,67.0,109.25,60.0,0.9529,0.0,0.0,0.994,0.0003,0.0121,-0.0134,0.1146,105.2789,0.0,0.0,0.0,0.0,no_change,0.0,,0.0,104.599998474121,229.88,2026-09-04 19:44:26,2026-09-04 15:45:04
NVDA,NVDA261009C00130000,NVDA,2026-10-09,C,130.0,97.6,67.0,103.55,64.0,0.9186,0.0,1.0,0.9931,0.0003,0.0138,-0.0146,0.119,100.3138,2.65,102.3,102.3,102.3,up,102.3,2026-09-04T13:33:52,2.65931,99.6500015258789,229.88,2026-09-04 19:44:26,2026-09-04 15:45:04
NVDA,NVDA261009C00135000,NVDA,2026-10-09,C,135.0,91.85,60.0,99.35,64.0,0.866,0.0,0.0,0.992,0.0004,0.0158,-0.0159,0.1234,95.3503,0.0,0.0,0.0,0.0,no_change,0.0,,0.0,94.6749992370606,229.88,2026-09-04 19:44:26,2026-09-04 15:45:04
NVDA,NVDA261009C00140000,NVDA,2026-10-09,C,140.0,86.9,62.0,94.4,60.0,0.8231,1.0,0.0,0.9907,0.0005,0.018,-0.0173,0.1277,90.3889,0.0,0.0,0.0,0.0,up,80.05,2026-09-01T13:09:58,0.0,89.6999969482422,229.88,2026-09-04 19:44:26,2026-09-04 15:45:04
NVDA,NVDA261009C00145000,NVDA,2026-10-09,C,145.0,82.75,111.0,89.4,60.0,0.8682,3.0,0.0,0.9892,0.0006,0.0206,-0.0188,0.132,85.4297,0.0,0.0,0.0,0.0,up,82.66,2026-09-03T12:25:42,0.0,85.125,229.88,2026-09-04 19:44:26,2026-09-04 15:45:04
NVDA,NVDA261009C00150000,NVDA,2026-10-09,C,150.0,77.0,130.0,84.45,62.0,0.7316,3.0,0.0,0.9874,0.0007,0.0235,-0.0204,0.1362,80.4733,0.0,0.0,0.0,0.0,down,70.57,2026-08-31T15:55:08,0.0,80.1750030517578,229.88,2026-09-04 19:44:26,2026-09-04 15:45:04
NVDA,NVDA261009C00155000,NVDA,2026-10-09,C,155.0,73.25,95.0,79.5,62.0,0.8038,3.0,3.0,0.9853,0.0008,0.0269,-0.0222,0.1404,75.5203,3.005,78.23,78.23,78.23,no_change,78.23,2026-09-04T09:42:56,3.99468,75.2249984741211,229.88,2026-09-04 19:44:26,2026-09-04 15:45:04
NVDA,NVDA261009C00160000,NVDA,2026-10-09,C,160.0,67.05,142.0,74.55,60.0,0.6435,0.0,0.0,0.9827,0.001,0.0309,-0.0242,0.1445,70.5716,0.0,0.0,0.0,0.0,no_change,0.0,,0.0,70.2750015258789,229.88,2026-09-04 19:44:26,2026-09-04 15:45:04
NVDA,NVDA261009C00165000,NVDA,2026-10-09,C,165.0,64.3,198.0,69.6,198.0,0.7643,12.0,19.0,0.9796,0.0013,0.0356,-0.0264,0.1484,65.6289,2.075,68.36,70.2,67.15,down,67.15,2026-09-04T13:04:09,3.18863,65.0749988555908,229.88,2026-09-04 19:44:26,2026-09-04 15:45:04
NVDA,NVDA261009C00170000,NVDA,2026-10-09,C,170.0,60.15,70.0,64.7,64.0,0.7557,1.0,0.0,0.9756,0.0015,0.0413,-0.029,0.1522,60.6952,0.0,0.0,0.0,0.0,down,49.91,2026-08-28T13:25:59,0.0,59.8249988555908,229.88,2026-09-04 19:44:26,2026-09-04 15:45:04
NVDA,NVDA261009C00175000,NVDA,2026-10-09,C,175.0,55.0,110.0,56.9,62.0,0.5227,5.0,0.0,0.9705,0.0019,0.0485,-0.0322,0.1557,55.7753,0.0,0.0,0.0,0.0,up,54.63,2026-09-03T15:54:23,0.0,55.5,229.88,2026-09-04 19:44:26,2026-09-04 15:45:04
NVDA,NVDA261009C00180000,NVDA,2026-10-09,C,180.0,50.2,95.0,54.0,64.0,0.6113,4.0,0.0,0.9636,0.0024,0.0577,-0.0363,0.1588,50.8776,0.0,0.0,0.0,0.0,up,48.5,2026-09-03T11:47:06,0.0,50.2999992370606,229.88,2026-09-04 19:44:26,2026-09-04 15:45:04
NVDA,NVDA261009C00185000,NVDA,2026-10-09,C,185.0,45.25,110.0,50.0,64.0,0.6011,6.0,0.0,0.9541,0.0031,0.0696,-0.0417,0.1613,46.0149,0.0,0.0,0.0,0.0,up,43.73,2026-09-03T13:09:27,0.0,45.2749996185303,229.88,2026-09-04 19:44:26,2026-09-04 15:45:04
NVDA,NVDA261009C00190000,NVDA,2026-10-09,C,190.0,41.05,87.0,41.4,87.0,0.418,22.0,1.0,0.9407,0.004,0.0852,-0.0488,0.1629,41.2075,0.9,41.4,41.4,41.4,up,41.4,2026-09-04T15:26:00,2.22222,40.5,229.88,2026-09-04 19:44:26,2026-09-04 15:45:04
NVDA,NVDA261009C00195000,NVDA,2026-10-09,C,195.0,36.3,54.0,37.0,132.0,0.413,66.0,38.0,0.9217,0.0052,0.1055,-0.0581,0.1633,36.4836,1.635,40.5,40.5,37.41,down,37.41,2026-09-04T12:18:50,4.57023,35.7749996185303,229.88,2026-09-04 19:44:26,2026-09-04 15:45:04
NVDA,NVDA261009C00200000,NVDA,2026-10-09,C,200.0,31.75,116.0,32.0,55.0,0.3816,87.0,15.0,0.8953,0.0066,0.1306,-0.0697,0.1619,31.8821,1.175,35.23,36.14,32.15,no_change,32.15,2026-09-04T15:12:25,3.79338,30.9750003814697,229.88,2026-09-04 19:44:26,2026-09-04 15:45:04
NVDA,NVDA261009C00205000,NVDA,2026-10-09,C,205.0,27.35,51.0,27.55,39.0,0.3697,64.0,6.0,0.8597,0.0084,0.1601,-0.0832,0.1584,27.4521,1.275,31.0,31.0,28.0,down,28.0,2026-09-04T12:03:36,4.77082,26.7249994277954,229.88,2026-09-04 19:44:26,2026-09-04 15:45:04
NVDA,NVDA261009C00210000,NVDA,2026-10-09,C,210.0,23.15,129.0,23.35,157.0,0.3594,183.0,59.0,0.8135,0.0104,0.1921,-0.0979,0.1525,23.2594,0.885,26.32,26.5,23.31,down,23.31,2026-09-04T15:09:35,3.94649,22.4250001907349,229.88,2026-09-04 19:44:26,2026-09-04 15:45:04
NVDA,NVDA261009C00215000,NVDA,2026-10-09,C,215.0,19.3,18.0,19.45,93.0,0.3536,615.0,136.0,0.756,0.0125,0.2241,-0.1124,0.1438,19.3391,0.7,19.6,22.65,19.4,down,19.4,2026-09-04T15:29:07,3.74332,18.6999998092651,229.88,2026-09-04 19:44:26,2026-09-04 15:45:04
NVDA,NVDA261009C00220000,NVDA,2026-10-09,C,220.0,15.75,56.0,15.95,407.0,0.3486,871.0,151.0,0.6883,0.0143,0.2522,-0.1248,0.1326,15.7811,0.58,17.62,19.35,15.78,down,15.78,2026-09-04T15:23:52,3.81579,15.2000002861023,229.88,2026-09-04 19:44:26,2026-09-04 15:45:04
NVDA,NVDA261009C00225000,NVDA,2026-10-09,C,225.0,12.55,309.0,12.75,571.0,0.3426,964.0,483.0,0.6121,0.0157,0.2728,-0.1335,0.1192,12.6031,0.675,13.8,16.0,12.75,down,12.75,2026-09-04T15:15:53,5.59006,12.0749998092651,229.88,2026-09-04 19:44:26,2026-09-04 15:45:04
NVDA,NVDA261009C00230000,NVDA,2026-10-09,C,230.0,9.85,53.0,10.0,651.0,0.3395,2268.0,3859.0,0.531,0.0165,0.2831,-0.1371,0.1044,9.8592,0.55,10.35,12.78,9.8,up,9.9,2026-09-04T15:27:47,5.88235,9.34999990463257,229.88,2026-09-04 19:44:26,2026-09-04 15:45:04
NVDA,NVDA261009C00235000,NVDA,2026-10-09,C,235.0,7.55,40.0,7.65,592.0,0.3357,3172.0,1336.0,0.4494,0.0166,0.2818,-0.1354,0.0889,7.5688,0.505,8.0,10.05,7.55,up,7.58,2026-09-04T15:29:07,7.13781,7.07500004768372,229.88,2026-09-04 19:44:26,2026-09-04 15:45:04
NVDA,NVDA261009C00240000,NVDA,2026-10-09,C,240.0,5.65,206.0,5.75,445.0,0.3335,2105.0,2313.0,0.3704,0.0159,0.2692,-0.1284,0.0737,5.6909,0.425,5.95,7.77,5.6,down,5.7,2026-09-04T15:28:32,8.05688,5.27499985694885,229.88,2026-09-04 19:44:26,2026-09-04 15:45:04
NVDA,NVDA261009C00245000,NVDA,2026-10-09,C,245.0,4.15,622.0,4.25,571.0,0.3325,1779.0,2086.0,0.2981,0.0146,0.2474,-0.1174,0.0595,4.2076,0.45,4.1,5.87,4.1,up,4.3,2026-09-04T15:20:16,11.6883,3.85000002384186,229.88,2026-09-04 19:44:26,2026-09-04 15:45:04
NVDA,NVDA261009C00250000,NVDA,2026-10-09,C,250.0,3.0,702.0,3.1,526.0,0.3325,3795.0,7162.0,0.2348,0.0129,0.2196,-0.1038,0.047,3.0672,0.3,4.25,4.45,3.0,down,3.05,2026-09-04T15:27:39,10.9091,2.75,229.88,2026-09-04 19:44:26,2026-09-04 15:45:04
NVDA,NVDA261009C00255000,NVDA,2026-10-09,C,255.0,2.2,242.0,2.23,176.0,0.3347,1190.0,873.0,0.1816,0.011,0.1892,-0.0892,0.0364,2.2133,0.29,2.22,3.25,2.1,no_change,2.24,2026-09-04T15:22:25,14.8718,1.94999998807907,229.88,2026-09-04 19:44:26,2026-09-04 15:45:04
NVDA,NVDA261009C00260000,NVDA,2026-10-09,C,260.0,1.57,97.0,1.62,625.0,0.3382,2134.0,2041.0,0.1383,0.0091,0.1587,-0.0749,0.0278,1.5859,0.235,1.56,2.4,1.53,down,1.6,2026-09-04T15:19:40,17.2161,1.36500000953674,229.88,2026-09-04 19:44:26,2026-09-04 15:45:04
NVDA,NVDA261009C00265000,NVDA,2026-10-09,C,265.0,1.13,199.0,1.16,371.0,0.3416,287.0,92.0,0.1052,0.0074,0.1313,-0.0622,0.0211,1.1476,0.265,1.69,1.75,1.16,up,1.23,2026-09-04T15:02:28,27.4611,0.965000003576279,229.88,2026-09-04 19:44:26,2026-09-04 15:45:04
NVDA,NVDA261009C00270000,NVDA,2026-10-09,C,270.0,0.82,181.0,0.85,370.0,0.3468,641.0,356.0,0.0804,0.006,0.1081,-0.0516,0.0161,0.8448,0.185,0.8,1.26,0.8,up,0.87,2026-09-04T14:29:42,27.0073,0.685000002384186,229.88,2026-09-04 19:44:26,2026-09-04 15:45:04
NVDA,NVDA261009C00275000,NVDA,2026-10-09,C,275.0,0.61,416.0,0.64,527.0,0.3538,502.0,118.0,0.0618,0.0048,0.0886,-0.0427,0.0124,0.6296,0.12,0.67,0.89,0.62,down,0.62,2026-09-04T15:19:59,24.0,0.499999985098839,229.88,2026-09-04 19:44:26,2026-09-04 15:45:04
NVDA,NVDA261009C00280000,NVDA,2026-10-09,C,280.0,0.46,529.0,0.49,652.0,0.3619,1567.0,306.0,0.048,0.0038,0.0726,-0.0356,0.0096,0.478,0.11,0.4,0.68,0.4,no_change,0.48,2026-09-04T15:10:46,29.7297,0.36999998986721,229.88,2026-09-04 19:44:26,2026-09-04 15:45:04
NVDA,NVDA261009C00285000,NVDA,2026-10-09,C,285.0,0.35,663.0,0.39,525.0,0.3705,183.0,54.0,0.0378,0.0031,0.06,-0.0299,0.0076,0.3707,0.125,0.5,0.53,0.39,up,0.4,2026-09-04T15:14:37,45.4546,0.274999991059303,229.88,2026-09-04 19:44:26,2026-09-04 15:45:04
NVDA,NVDA261009C00290000,NVDA,2026-10-09,C,290.0,0.28,552.0,0.31,661.0,0.3802,174.0,111.0,0.0301,0.0025,0.0499,-0.0252,0.006,0.2912,0.075,0.39,0.39,0.28,up,0.29,2026-09-04T14:21:01,34.8837,0.215000003576279,229.88,2026-09-04 19:44:26,2026-09-04 15:45:04
NVDA,NVDA261009C00295000,NVDA,2026-10-09,C,295.0,0.22,215.0,0.25,810.0,0.3897,122.0,412.0,0.0241,0.002,0.0414,-0.0213,0.0048,0.2308,0.085,0.27,0.27,0.23,no_change,0.25,2026-09-04T14:08:03,51.5151,0.165000006556511,229.88,2026-09-04 19:44:26,2026-09-04 15:45:04
NVDA,NVDA261009C00300000,NVDA,2026-10-09,C,300.0,0.18,451.0,0.21,698.0,0.4002,42.0,111.0,0.0196,0.0017,0.0349,-0.0182,0.0039,0.1866,0.065,0.2,0.25,0.17,up,0.2,2026-09-04T14:18:56,48.1482,0.134999997913837,229.88,2026-09-04 19:44:26,2026-09-04 15:45:04
NVDA,NVDA261009C00305000,NVDA,2026-10-09,C,305.0,0.15,622.0,0.17,704.0,0.4098,309.0,107.0,0.016,0.0014,0.0294,-0.0157,0.0032,0.1522,0.045,0.21,0.21,0.15,no_change,0.15,2026-09-04T14:21:29,42.8571,0.105000000447035,229.88,2026-09-04 19:44:26,2026-09-04 15:45:04
NVDA,NVDA261009C00310000,NVDA,2026-10-09,C,310.0,0.12,581.0,0.15,715.0,0.4203,40.0,406.0,0.0133,0.0011,0.025,-0.0135,0.0026,0.1256,0.035,0.17,0.17,0.12,no_change,0.12,2026-09-04T14:08:03,41.1765,0.0850000008940697,229.88,2026-09-04 19:44:26,2026-09-04 15:45:04
NVDA,NVDA261009C00315000,NVDA,2026-10-09,C,315.0,0.1,590.0,0.12,735.0,0.4284,1.0,139.0,0.0111,0.001,0.0214,-0.0118,0.0022,0.1048,0.04,0.14,0.14,0.11,no_change,0.11,2026-09-04T11:40:44,57.1429,0.0700000021606684,229.88,2026-09-04 19:44:26,2026-09-04 15:45:04
NVDA,NVDA261009C00320000,NVDA,2026-10-09,C,320.0,0.07,717.0,0.11,694.0,0.4364,0.0,15.0,0.0093,0.0008,0.0184,-0.0103,0.0018,0.0883,0.055,0.12,0.12,0.11,down,0.11,2026-09-04T10:49:00,100.0,0.0549999997019768,229.88,2026-09-04 19:44:26,2026-09-04 15:45:04
NVDA,NVDA261009C00325000,NVDA,2026-10-09,C,325.0,0.06,599.0,0.09,838.0,0.4445,50.0,1000.0,0.0079,0.0007,0.016,-0.0091,0.0016,0.0753,0.02,0.07,0.07,0.07,no_change,0.07,2026-09-04T14:07:26,40.0,0.0499999998137355,229.88,2026-09-04 19:44:26,2026-09-04 15:45:04
NVDA,NVDA261009C00330000,NVDA,2026-10-09,C,330.0,0.05,654.0,0.08,715.0,0.4544,0.0,1.0,0.0068,0.0006,0.014,-0.0081,0.0013,0.0647,0.02,0.06,0.06,0.06,up,0.06,2026-09-04T13:22:56,50.0,0.0399999991059303,229.88,2026-09-04 19:44:26,2026-09-04 15:45:04
NVDA,NVDA261009C00335000,NVDA,2026-10-09,C,335.0,0.04,197.0,0.07,299.0,0.4626,1.0,0.0,0.0059,0.0005,0.0122,-0.0072,0.0012,0.0561,0.0,0.0,0.0,0.0,up,0.05,2026-08-28T14:37:11,0.0,0.0350000001490116,229.88,2026-09-04 19:44:26,2026-09-04 15:45:04
NVDA,NVDA261009C00340000,NVDA,2026-10-09,C,340.0,0.03,206.0,0.06,181.0,0.4688,0.0,0.0,0.0051,0.0004,0.0108,-0.0065,0.001,0.049,0.0,0.0,0.0,0.0,no_change,0.0,,0.0,0.0300000002607703,229.88,2026-09-04 19:44:26,2026-09-04 15:45:04
NVDA,NVDA261009C00345000,NVDA,2026-10-09,C,345.0,0.02,292.0,0.06,370.0,0.4788,0.0,0.0,0.0045,0.0004,0.0096,-0.0059,0.0009,0.043,0.0,0.0,0.0,0.0,no_change,0.0,,0.0,0.0249999994412065,229.88,2026-09-04 19:44:26,2026-09-04 15:45:04
NVDA,NVDA261009C00350000,NVDA,2026-10-09,C,350.0,0.02,715.0,0.04,496.0,0.4803,1.0,128.0,0.0039,0.0003,0.0086,-0.0053,0.0008,0.0381,0.015,0.05,0.05,0.04,no_change,0.04,2026-09-04T15:00:15,60.0,0.0249999994412065,229.88,2026-09-04 19:44:26,2026-09-04 15:45:04
NVDA,NVDA261009C00360000,NVDA,2026-10-09,C,360.0,0.02,542.0,0.04,663.0,0.509,0.0,10.0,0.0031,0.0003,0.0069,-0.0044,0.0006,0.0305,-0.005,0.02,0.02,0.02,no_change,0.02,2026-09-04T15:00:15,-20.0,0.0249999994412065,229.88,2026-09-04 19:44:26,2026-09-04 15:45:04
NVDA,NVDA261009C00370000,NVDA,2026-10-09,C,370.0,0.01,205.0,0.04,338.0,0.5278,0.0,0.0,0.0025,0.0002,0.0057,-0.0038,0.0005,0.0249,0.0,0.0,0.0,0.0,no_change,0.0,,0.0,0.0249999994412065,229.88,2026-09-04 19:44:26,2026-09-04 15:45:04
NVDA,NVDA261009C00380000,NVDA,2026-10-09,C,380.0,0.01,196.0,0.04,153.0,0.5542,0.0,0.0,0.0021,0.0002,0.0048,-0.0032,0.0004,0.0207,0.0,0.0,0.0,0.0,no_change,0.0,,0.0,0.0149999996647239,229.88,2026-09-04 19:44:26,2026-09-04 15:45:04
NVDA,NVDA261009C00390000,NVDA,2026-10-09,C,390.0,0.01,193.0,0.03,130.0,0.5687,1.0,0.0,0.0017,0.0001,0.004,-0.0028,0.0003,0.0175,0.0,0.0,0.0,0.0,up,0.02,2026-08-28T14:20:24,0.0,0.0149999996647239,229.88,2026-09-04 19:44:26,2026-09-04 15:45:04
NVDA,NVDA261009P00050000,NVDA,2026-10-09,P,50.0,0.01,170.0,0.02,936.0,1.6127,0.0,38.0,-0.0005,0.0,0.0012,-0.0027,-0.0001,0.0164,0.0,0.01,0.01,0.01,no_change,0.01,2026-09-04T14:38:48,2.23517e-06,0.00999999977648258,229.88,2026-09-04 19:44:26,2026-09-04 15:45:04
NVDA,NVDA261009P00055000,NVDA,2026-10-09,P,55.0,0.01,137.0,0.02,15.0,1.5138,459.0,4.0,-0.0006,0.0,0.0015,-0.0031,-0.0001,0.0194,0.0,0.02,0.02,0.02,up,0.02,2026-09-04T10:36:47,2.23517e-06,0.0199999995529652,229.88,2026-09-04 19:44:26,2026-09-04 15:45:04
NVDA,NVDA261009P00060000,NVDA,2026-10-09,P,60.0,0.01,158.0,0.02,15.0,1.4238,0.0,0.0,-0.0008,0.0,0.0018,-0.0035,-0.0002,0.0226,0.0,0.0,0.0,0.0,no_change,0.0,,0.0,0.0199999995529652,229.88,2026-09-04 19:44:26,2026-09-04 15:45:04
NVDA,NVDA261009P00065000,NVDA,2026-10-09,P,65.0,0.01,256.0,0.04,668.0,1.4011,0.0,10.0,-0.0009,0.0,0.0022,-0.004,-0.0002,0.0262,-0.005,0.02,0.02,0.02,down,0.02,2026-09-04T10:45:08,-20.0,0.0249999994412065,229.88,2026-09-04 19:44:26,2026-09-04 15:45:04
NVDA,NVDA261009P00070000,NVDA,2026-10-09,P,70.0,0.01,185.0,0.04,206.0,1.3216,0.0,0.0,-0.0011,0.0,0.0025,-0.0045,-0.0002,0.0302,0.0,0.0,0.0,0.0,no_change,0.0,,0.0,0.0249999994412065,229.88,2026-09-04 19:44:26,2026-09-04 15:45:04
NVDA,NVDA261009P00075000,NVDA,2026-10-09,P,75.0,0.01,205.0,0.05,206.0,1.2684,0.0,0.0,-0.0013,0.0,0.003,-0.005,-0.0003,0.0347,0.0,0.0,0.0,0.0,no_change,0.0,,0.0,0.0249999994412065,229.88,2026-09-04 19:44:26,2026-09-04 15:45:04
NVDA,NVDA261009P00080000,NVDA,2026-10-09,P,80.0,0.02,184.0,0.05,206.0,1.2155,0.0,0.0,-0.0015,0.0001,0.0035,-0.0056,-0.0003,0.0396,0.0,0.0,0.0,0.0,no_change,0.0,,0.0,0.0300000002607703,229.88,2026-09-04 19:44:26,2026-09-04 15:45:04
NVDA,NVDA261009P00085000,NVDA,2026-10-09,P,85.0,0.04,50.0,0.06,449.0,1.1893,10.0,0.0,-0.0018,0.0001,0.004,-0.0063,-0.0004,0.0451,0.0,0.0,0.0,0.0,up,0.04,2026-09-03T12:16:55,0.0,0.0350000001490116,229.88,2026-09-04 19:44:26,2026-09-04 15:45:04
NVDA,NVDA261009P00090000,NVDA,2026-10-09,P,90.0,0.03,206.0,0.06,197.0,1.1127,0.0,0.0,-0.0021,0.0001,0.0047,-0.007,-0.0005,0.0512,0.0,0.0,0.0,0.0,no_change,0.0,,0.0,0.0399999991059303,229.88,2026-09-04 19:44:26,2026-09-04 15:45:04
NVDA,NVDA261009P00095000,NVDA,2026-10-09,P,95.0,0.04,204.0,0.07,202.0,1.0734,11.0,0.0,-0.0024,0.0001,0.0054,-0.0077,-0.0005,0.0579,0.0,0.0,0.0,0.0,down,0.03,2026-09-02T13:14:15,0.0,0.0499999998137355,229.88,2026-09-04 19:44:26,2026-09-04 15:45:04
NVDA,NVDA261009P00100000,NVDA,2026-10-09,P,100.0,0.05,200.0,0.08,202.0,1.0325,0.0,0.0,-0.0028,0.0001,0.0062,-0.0085,-0.0006,0.0654,0.0,0.0,0.0,0.0,no_change,0.0,,0.0,0.0549999997019768,229.88,2026-09-04 19:44:26,2026-09-04 15:45:04
NVDA,NVDA261009P00105000,NVDA,2026-10-09,P,105.0,0.06,198.0,0.09,285.0,0.9908,2.0,0.0,-0.0033,0.0001,0.0071,-0.0093,-0.0007,0.0737,0.0,0.0,0.0,0.0,no_change,0.05,2026-08-28T15:40:56,0.0,0.0649999994784594,229.88,2026-09-04 19:44:26,2026-09-04 15:45:04
NVDA,NVDA261009P00110000,NVDA,2026-10-09,P,110.0,0.07,195.0,0.1,907.0,0.949,12.0,8.0,-0.0038,0.0002,0.0081,-0.0102,-0.0008,0.0829,0.015,0.09,0.09,0.09,up,0.09,2026-09-04T10:08:58,20.0,0.0750000011175871,229.88,2026-09-04 19:44:26,2026-09-04 15:45:04
NVDA,NVDA261009P00115000,NVDA,2026-10-09,P,115.0,0.08,203.0,0.11,198.0,0.9072,4.0,0.0,-0.0045,0.0002,0.0093,-0.0112,-0.001,0.0931,0.0,0.0,0.0,0.0,down,0.06,2026-09-01T13:02:25,0.0,0.0899999998509884,229.88,2026-09-04 19:44:26,2026-09-04 15:45:04
NVDA,NVDA261009P00120000,NVDA,2026-10-09,P,120.0,0.09,203.0,0.13,871.0,0.8706,1002.0,2.0,-0.0052,0.0002,0.0106,-0.0123,-0.0011,0.1045,0.015,0.11,0.11,0.11,no_change,0.11,2026-09-04T11:01:52,15.7895,0.0949999988079071,229.88,2026-09-04 19:44:26,2026-09-04 15:45:04
NVDA,NVDA261009P00125000,NVDA,2026-10-09,P,125.0,0.11,156.0,0.14,201.0,0.8331,1001.0,0.0,-0.006,0.0003,0.0122,-0.0134,-0.0013,0.1172,0.0,0.0,0.0,0.0,up,0.13,2026-09-03T14:34:52,0.0,0.109999999403954,229.88,2026-09-04 19:44:26,2026-09-04 15:45:04
NVDA,NVDA261009P00130000,NVDA,2026-10-09,P,130.0,0.12,352.0,0.15,500.0,0.7917,100.0,1.0,-0.007,0.0003,0.0139,-0.0146,-0.0015,0.1314,0.015,0.14,0.14,0.14,up,0.14,2026-09-04T10:58:31,12.0,0.125,229.88,2026-09-04 19:44:26,2026-09-04 15:45:04
NVDA,NVDA261009P00135000,NVDA,2026-10-09,P,135.0,0.14,346.0,0.17,1142.0,0.7573,201.0,14.0,-0.0081,0.0004,0.0158,-0.0159,-0.0017,0.1474,0.0,0.16,0.17,0.14,down,0.14,2026-09-04T15:28:09,2.23517e-06,0.139999996870756,229.88,2026-09-04 19:44:26,2026-09-04 15:45:04
NVDA,NVDA261009P00140000,NVDA,2026-10-09,P,140.0,0.15,353.0,0.19,716.0,0.7193,279.0,3.0,-0.0094,0.0005,0.0181,-0.0173,-0.002,0.1653,0.0,0.16,0.16,0.16,up,0.16,2026-09-04T12:56:22,-2.42144e-06,0.160000003874302,229.88,2026-09-04 19:44:26,2026-09-04 15:45:04
NVDA,NVDA261009P00145000,NVDA,2026-10-09,P,145.0,0.17,345.0,0.21,691.0,0.6839,498.0,34.0,-0.0109,0.0006,0.0206,-0.0189,-0.0023,0.1856,0.0,0.18,0.18,0.18,no_change,0.18,2026-09-04T12:19:34,1.65568e-07,0.179999999701977,229.88,2026-09-04 19:44:26,2026-09-04 15:45:04
NVDA,NVDA261009P00150000,NVDA,2026-10-09,P,150.0,0.19,352.0,0.23,711.0,0.6483,165.0,1.0,-0.0127,0.0007,0.0236,-0.0205,-0.0027,0.2085,0.005,0.21,0.21,0.21,up,0.21,2026-09-04T10:31:10,2.43903,0.204999998211861,229.88,2026-09-04 19:44:26,2026-09-04 15:45:04
NVDA,NVDA261009P00155000,NVDA,2026-10-09,P,155.0,0.22,970.0,0.25,737.0,0.6142,160.0,6.0,-0.0148,0.0008,0.0269,-0.0223,-0.0031,0.2349,0.01,0.22,0.24,0.22,up,0.24,2026-09-04T15:28:09,4.34783,0.229999996721745,229.88,2026-09-04 19:44:26,2026-09-04 15:45:04
NVDA,NVDA261009P00160000,NVDA,2026-10-09,P,160.0,0.25,281.0,0.28,398.0,0.5812,177.0,0.0,-0.0174,0.001,0.031,-0.0243,-0.0036,0.2657,0.0,0.0,0.0,0.0,no_change,0.27,2026-09-03T15:43:37,0.0,0.269999995827675,229.88,2026-09-04 19:44:26,2026-09-04 15:45:04
NVDA,NVDA261009P00165000,NVDA,2026-10-09,P,165.0,0.28,658.0,0.32,728.0,0.5486,245.0,28.0,-0.0205,0.0013,0.0357,-0.0265,-0.0043,0.3026,0.015,0.29,0.32,0.29,no_change,0.32,2026-09-04T15:28:53,4.91804,0.304999992251396,229.88,2026-09-04 19:44:26,2026-09-04 15:45:04
NVDA,NVDA261009P00170000,NVDA,2026-10-09,P,170.0,0.33,434.0,0.36,731.0,0.5178,879.0,91.0,-0.0245,0.0016,0.0416,-0.0292,-0.0051,0.3484,-0.02,0.34,0.35,0.33,up,0.34,2026-09-04T15:26:31,-5.55556,0.359999999403954,229.88,2026-09-04 19:44:26,2026-09-04 15:45:04
NVDA,NVDA261009P00175000,NVDA,2026-10-09,P,175.0,0.39,566.0,0.42,668.0,0.4887,270.0,49.0,-0.0296,0.0019,0.0486,-0.0324,-0.0061,0.4082,-0.015,0.39,0.41,0.37,up,0.41,2026-09-04T15:13:02,-3.52941,0.424999997019768,229.88,2026-09-04 19:44:26,2026-09-04 15:45:04
NVDA,NVDA261009P00180000,NVDA,2026-10-09,P,180.0,0.46,622.0,0.51,616.0,0.461,230.0,183.0,-0.0366,0.0024,0.058,-0.0365,-0.0076,0.4907,-0.05,0.48,0.48,0.45,no_change,0.47,2026-09-04T15:05:53,-9.61539,0.520000010728836,229.88,2026-09-04 19:44:26,2026-09-04 15:45:04
NVDA,NVDA261009P00185000,NVDA,2026-10-09,P,185.0,0.58,628.0,0.62,567.0,0.4364,320.0,169.0,-0.0461,0.0031,0.0698,-0.042,-0.0094,0.6076,-0.04,0.61,0.62,0.54,down,0.6,2026-09-04T15:04:34,-6.25,0.640000015497208,229.88,2026-09-04 19:44:26,2026-09-04 15:45:04
NVDA,NVDA261009P00190000,NVDA,2026-10-09,P,190.0,0.75,707.0,0.79,669.0,0.4149,2614.0,939.0,-0.0596,0.004,0.0855,-0.0491,-0.0121,0.7797,-0.07,0.75,0.77,0.66,down,0.76,2026-09-04T15:09:02,-8.43374,0.830000013113022,229.88,2026-09-04 19:44:26,2026-09-04 15:45:04
NVDA,NVDA261009P00195000,NVDA,2026-10-09,P,195.0,1.02,152.0,1.05,620.0,0.3972,2533.0,174.0,-0.0788,0.0052,0.1063,-0.0585,-0.016,1.0377,-0.075,1.01,1.04,0.85,up,1.03,2026-09-04T15:26:00,-6.78733,1.10500001907349,229.88,2026-09-04 19:44:26,2026-09-04 15:45:04
NVDA,NVDA261009P00200000,NVDA,2026-10-09,P,200.0,1.4,140.0,1.43,467.0,0.382,1632.0,1006.0,-0.1054,0.0067,0.1314,-0.0702,-0.0213,1.4183,-0.105,1.34,1.4,1.13,no_change,1.4,2026-09-04T15:22:53,-6.97674,1.50499999523163,229.88,2026-09-04 19:44:26,2026-09-04 15:45:04
NVDA,NVDA261009P00205000,NVDA,2026-10-09,P,205.0,1.94,684.0,1.99,330.0,0.3695,836.0,374.0,-0.1416,0.0085,0.161,-0.084,-0.0284,1.9749,-0.14,1.87,1.99,1.54,up,1.95,2026-09-04T15:21:19,-6.69856,2.08999991416931,229.88,2026-09-04 19:44:26,2026-09-04 15:45:04
NVDA,NVDA261009P00210000,NVDA,2026-10-09,P,210.0,2.73,526.0,2.78,180.0,0.3596,752.0,408.0,-0.1884,0.0106,0.1936,-0.099,-0.0374,2.7606,-0.19,2.48,2.78,2.14,no_change,2.72,2026-09-04T15:21:29,-6.52921,2.91000008583069,229.88,2026-09-04 19:44:26,2026-09-04 15:45:04
NVDA,NVDA261009P00215000,NVDA,2026-10-09,P,215.0,3.8,600.0,3.9,697.0,0.353,1292.0,327.0,-0.246,0.0126,0.2253,-0.1136,-0.0478,3.8287,-0.15,3.55,3.85,2.97,up,3.85,2026-09-04T15:26:20,-3.75,4.00000011920929,229.88,2026-09-04 19:44:26,2026-09-04 15:45:04
NVDA,NVDA261009P00220000,NVDA,2026-10-09,P,220.0,5.2,708.0,5.35,567.0,0.3466,878.0,1573.0,-0.3146,0.0145,0.253,-0.1263,-0.0596,5.2557,-0.28,5.0,5.3,4.1,down,5.22,2026-09-04T15:13:53,-5.09091,5.5,229.88,2026-09-04 19:44:26,2026-09-04 15:45:04
NVDA,NVDA261009P00225000,NVDA,2026-10-09,P,225.0,7.05,638.0,7.15,270.0,0.3416,1019.0,2201.0,-0.3917,0.016,0.2732,-0.1354,-0.0722,7.0818,-0.295,6.6,7.1,5.55,down,7.08,2026-09-04T15:29:13,-4.0,7.375,229.88,2026-09-04 19:44:26,2026-09-04 15:45:04
NVDA,NVDA261009P00230000,NVDA,2026-10-09,P,230.0,9.3,297.0,9.4,66.0,0.3372,133.0,2442.0,-0.4746,0.0168,0.2828,-0.1396,-0.0845,9.3501,-0.325,8.92,9.35,7.45,no_change,9.35,2026-09-04T15:28:52,-3.35917,9.67500019073486,229.88,2026-09-04 19:44:26,2026-09-04 15:45:04
NVDA,NVDA261009P00235000,NVDA,2026-10-09,P,235.0,12.0,98.0,12.1,51.0,0.3345,177.0,2663.0,-0.5582,0.0169,0.2803,-0.1383,-0.0961,12.0534,-0.47,11.83,12.1,9.7,up,11.98,2026-09-04T15:23:34,-3.7751,12.4500002861023,229.88,2026-09-04 19:44:26,2026-09-04 15:45:04
NVDA,NVDA261009P00240000,NVDA,2026-10-09,P,240.0,15.05,218.0,15.25,45.0,0.3311,25.0,43.0,-0.6393,0.0163,0.2662,-0.1318,-0.1044,15.2051,-1.325,14.0,14.3,12.39,up,14.3,2026-09-04T12:16:19,-8.48,15.625,229.88,2026-09-04 19:44:26,2026-09-04 15:45:04
NVDA,NVDA261009P00245000,NVDA,2026-10-09,P,245.0,18.15,441.0,18.85,46.0,0.322,24.0,35.0,-0.7139,0.0151,0.2422,-0.1214,-0.1091,18.7555,-0.975,15.67,18.5,15.67,up,18.5,2026-09-04T14:44:20,-5.00642,19.4750003814697,229.88,2026-09-04 19:44:26,2026-09-04 15:45:04
NVDA,NVDA261009P00250000,NVDA,2026-10-09,P,250.0,22.0,464.0,22.7,103.0,0.3177,25.0,65.0,-0.7797,0.0134,0.2106,-0.1082,-0.1071,22.6675,-0.72,19.5,22.63,19.3,no_change,22.63,2026-09-04T15:29:01,-3.08351,23.3499994277954,229.88,2026-09-04 19:44:26,2026-09-04 15:45:04
NVDA,NVDA261009P00255000,NVDA,2026-10-09,P,255.0,26.15,424.0,26.9,9.0,0.3141,0.0,35.0,-0.8351,0.0116,0.176,-0.0938,-0.101,26.8684,-1.3,23.5,26.3,23.5,up,26.3,2026-09-04T13:47:35,-4.71014,27.5999994277954,229.88,2026-09-04 19:44:26,2026-09-04 15:45:04
NVDA,NVDA261009P00260000,NVDA,2026-10-09,P,260.0,30.55,254.0,31.35,17.0,0.3092,1.0,0.0,-0.8799,0.0096,0.1419,-0.0792,-0.0921,31.309,0.0,0.0,0.0,0.0,down,35.35,2026-09-02T13:07:16,0.0,32.1749992370606,229.88,2026-09-04 19:44:26,2026-09-04 15:45:04
NVDA,NVDA261009P00265000,NVDA,2026-10-09,P,265.0,35.2,151.0,35.95,3.0,0.3015,1.0,0.0,-0.9144,0.0078,0.1108,-0.0654,-0.0814,35.934,0.0,0.0,0.0,0.0,up,40.1,2026-09-02T13:35:11,0.0,36.625,229.88,2026-09-04 19:44:26,2026-09-04 15:45:04
NVDA,NVDA261009P00270000,NVDA,2026-10-09,P,270.0,39.95,120.0,41.05,140.0,0.3196,0.0,0.0,-0.9398,0.0061,0.0837,-0.0528,-0.0696,40.6911,0.0,0.0,0.0,0.0,no_change,0.0,,0.0,41.2749996185303,229.88,2026-09-04 19:44:26,2026-09-04 15:45:04
NVDA,NVDA261009P00275000,NVDA,2026-10-09,P,275.0,44.85,104.0,45.6,18.0,0.0,0.0,0.0,-0.9579,0.0047,0.064,-0.042,-0.0618,45.5354,0.0,0.0,0.0,0.0,no_change,0.0,,0.0,45.4749984741211,229.88,2026-09-04 19:44:26,2026-09-04 15:45:04
NVDA,NVDA261009P00280000,NVDA,2026-10-09,P,280.0,50.25,108.0,50.5,23.0,0.3458,0.0,6.0,-0.9707,0.0036,0.0457,-0.0326,-0.0516,50.4378,-0.2,46.38,50.15,46.38,up,50.15,2026-09-04T15:28:06,-0.39722,50.3500003814697,229.88,2026-09-04 19:44:26,2026-09-04 15:45:04
NVDA,NVDA261009P00285000,NVDA,2026-10-09,P,285.0,52.15,111.0,57.15,60.0,0.0,0.0,0.0,-0.9797,0.0026,0.0337,-0.025,-0.0436,55.3737,0.0,0.0,0.0,0.0,no_change,0.0,,0.0,55.25,229.88,2026-09-04 19:44:26,2026-09-04 15:45:04
NVDA,NVDA261009P00290000,NVDA,2026-10-09,P,290.0,56.9,116.0,61.8,60.0,0.0,0.0,0.0,-0.9858,0.002,0.0246,-0.019,-0.041,60.333,0.0,0.0,0.0,0.0,no_change,0.0,,0.0,60.3999996185303,229.88,2026-09-04 19:44:26,2026-09-04 15:45:04
NVDA,NVDA261009P00295000,NVDA,2026-10-09,P,295.0,61.5,64.0,67.35,71.0,0.0,0.0,0.0,-0.9901,0.0014,0.0175,-0.0143,-0.0349,65.3055,0.0,0.0,0.0,0.0,no_change,0.0,,0.0,65.4250011444092,229.88,2026-09-04 19:44:26,2026-09-04 15:45:04
NVDA,NVDA261009P00300000,NVDA,2026-10-09,P,300.0,66.85,67.0,71.85,70.0,0.0,0.0,0.0,-0.993,0.001,0.0127,-0.0106,-0.0338,70.2877,0.0,0.0,0.0,0.0,no_change,0.0,,0.0,70.4000015258789,229.88,2026-09-04 19:44:26,2026-09-04 15:45:04
NVDA,NVDA261009P00305000,NVDA,2026-10-09,P,305.0,71.5,71.0,77.75,72.0,0.0,0.0,0.0,-0.9952,0.0008,0.0099,-0.0079,-0.0302,75.2745,0.0,0.0,0.0,0.0,no_change,0.0,,0.0,75.2749977111816,229.88,2026-09-04 19:44:26,2026-09-04 15:45:04
NVDA,NVDA261009P00310000,NVDA,2026-10-09,P,310.0,76.85,65.0,83.0,60.0,0.0,0.0,0.0,-0.9965,0.0006,0.0063,-0.0059,-0.0298,80.2663,0.0,0.0,0.0,0.0,no_change,0.0,,0.0,80.5499992370606,229.88,2026-09-04 19:44:26,2026-09-04 15:45:04
NVDA,NVDA261009P00315000,NVDA,2026-10-09,P,315.0,81.45,60.0,87.45,60.0,0.0,0.0,0.0,-0.9975,0.0004,0.0052,-0.0044,-0.0301,85.2597,0.0,0.0,0.0,0.0,no_change,0.0,,0.0,85.2999992370606,229.88,2026-09-04 19:44:26,2026-09-04 15:45:04
NVDA,NVDA261009P00320000,NVDA,2026-10-09,P,320.0,86.8,68.0,91.75,72.0,0.0,0.0,0.0,-0.9982,0.0003,0.0038,-0.0032,-0.0283,90.2546,0.0,0.0,0.0,0.0,no_change,0.0,,0.0,90.6749992370606,229.88,2026-09-04 19:44:26,2026-09-04 15:45:04
NVDA,NVDA261009P00325000,NVDA,2026-10-09,P,325.0,91.45,68.0,97.95,60.0,0.0,0.0,0.0,-0.9987,0.0002,0.0024,-0.0025,-0.0284,95.251,0.0,0.0,0.0,0.0,no_change,0.0,,0.0,95.4499969482422,229.88,2026-09-04 19:44:26,2026-09-04 15:45:04
NVDA,NVDA261009P00330000,NVDA,2026-10-09,P,330.0,96.8,70.0,102.35,60.0,0.0,0.0,0.0,-0.999,0.0002,0.002,-0.0019,-0.0288,100.2477,0.0,0.0,0.0,0.0,no_change,0.0,,0.0,100.424999237061,229.88,2026-09-04 19:44:26,2026-09-04 15:45:04
NVDA,NVDA261009P00335000,NVDA,2026-10-09,P,335.0,101.45,68.0,107.85,60.0,0.0,0.0,0.0,-0.9993,0.0001,0.0018,-0.0014,-0.0287,105.2447,0.0,0.0,0.0,0.0,no_change,0.0,,0.0,105.299999237061,229.88,2026-09-04 19:44:26,2026-09-04 15:45:04
NVDA,NVDA261009P00340000,NVDA,2026-10-09,P,340.0,106.8,55.0,112.85,51.0,0.0,0.0,0.0,-0.9995,0.0001,0.0012,-0.0011,-0.0286,110.2424,0.0,0.0,0.0,0.0,no_change,0.0,,0.0,110.450000762939,229.88,2026-09-04 19:44:26,2026-09-04 15:45:04
NVDA,NVDA261009P00345000,NVDA,2026-10-09,P,345.0,111.45,68.0,117.65,60.0,0.0,0.0,0.0,-0.9996,0.0001,0.0007,-0.0008,-0.0289,115.2401,0.0,0.0,0.0,0.0,no_change,0.0,,0.0,115.349998474121,229.88,2026-09-04 19:44:26,2026-09-04 15:45:04
NVDA,NVDA261009P00350000,NVDA,2026-10-09,P,350.0,116.8,62.0,121.7,61.0,0.0,0.0,0.0,-0.9997,0.0001,0.0006,-0.0006,-0.0293,120.238,0.0,0.0,0.0,0.0,no_change,0.0,,0.0,120.474998474121,229.88,2026-09-04 19:44:26,2026-09-04 15:45:04
NVDA,NVDA261009P00360000,NVDA,2026-10-09,P,360.0,126.8,62.0,133.35,63.0,0.0,0.0,0.0,-0.9998,0.0,0.0005,-0.0004,-0.0298,130.2339,0.0,0.0,0.0,0.0,no_change,0.0,,0.0,130.5,229.88,2026-09-04 19:44:26,2026-09-04 15:45:04
NVDA,NVDA261009P00370000,NVDA,2026-10-09,P,370.0,136.8,62.0,143.35,60.0,0.0,0.0,0.0,-0.9999,0.0,0.0002,-0.0002,-0.0306,140.2301,0.0,0.0,0.0,0.0,no_change,0.0,,0.0,140.5,229.88,2026-09-04 19:44:26,2026-09-04 15:45:04
NVDA,NVDA261009P00380000,NVDA,2026-10-09,P,380.0,146.8,51.0,151.7,51.0,0.0,0.0,0.0,-0.9999,0.0,0.0001,-0.0002,-0.0314,150.2264,0.0,0.0,0.0,0.0,no_change,0.0,,0.0,150.425003051758,229.88,2026-09-04 19:44:26,2026-09-04 15:45:04
NVDA,NVDA261009P00390000,NVDA,2026-10-09,P,390.0,156.8,51.0,162.4,51.0,0.0,0.0,0.0,-1.0,0.0,0.0001,-0.0001,-0.0322,160.2227,0.0,0.0,0.0,0.0,no_change,0.0,,0.0,160.474998474121,229.88,2026-09-04 19:44:26,2026-09-04 15:45:04
NVDA,NVDA261016C00002500,NVDA,2026-10-16,C,2.5,223.9,52.0,231.35,51.0,7.2936,0.0,0.0,1.0,0.0,0.0,0.0,0.0001,227.3984,0.0,0.0,0.0,0.0,no_change,0.0,,0.0,226.424995422363,229.88,2026-09-04 19:44:26,2026-09-04 15:45:04
NVDA,NVDA261016C00005000,NVDA,2026-10-16,C,5.0,220.95,51.0,225.95,51.0,0.0,3.0,0.0,1.0,0.0,0.0,0.0,0.0003,224.899,0.0,0.0,0.0,0.0,up,223.0,2026-08-27T12:21:02,0.0,223.924995422363,229.88,2026-09-04 19:44:26,2026-09-04 15:45:04
NVDA,NVDA261016C00007500,NVDA,2026-10-16,C,7.5,218.65,51.0,226.35,59.0,4.6284,0.0,0.0,1.0,0.0,0.0,0.0,0.0004,222.3996,0.0,0.0,0.0,0.0,no_change,0.0,,0.0,221.424995422363,229.88,2026-09-04 19:44:26,2026-09-04 15:45:04
NVDA,NVDA261016C00010000,NVDA,2026-10-16,C,10.0,216.4,51.0,223.85,51.0,4.4493,10.0,0.0,1.0,0.0,0.0,0.0,0.0006,219.9002,0.0,0.0,0.0,0.0,up,215.0,2026-08-13T11:17:59,0.0,218.924995422363,229.88,2026-09-04 19:44:26,2026-09-04 15:45:04
NVDA,NVDA261016C00012500,NVDA,2026-10-16,C,12.5,213.55,1.0,221.35,51.0,3.6181,0.0,0.0,1.0,0.0,0.0,0.0,0.0007,217.4008,0.0,0.0,0.0,0.0,no_change,0.0,,0.0,216.424995422363,229.88,2026-09-04 19:44:26,2026-09-04 15:45:04
NVDA,NVDA261016C00015000,NVDA,2026-10-16,C,15.0,210.95,65.0,218.85,51.0,0.0,9.0,0.0,1.0,0.0,0.0,0.0,0.0008,214.9014,0.0,0.0,0.0,0.0,up,214.66,2026-08-27T12:41:07,0.0,213.924995422363,229.88,2026-09-04 19:44:26,2026-09-04 15:45:04
NVDA,NVDA261016C00017500,NVDA,2026-10-16,C,17.5,208.7,51.0,216.35,51.0,3.3375,0.0,0.0,1.0,0.0,0.0,0.0,0.001,212.402,0.0,0.0,0.0,0.0,no_change,0.0,,0.0,211.424995422363,229.88,2026-09-04 19:44:26,2026-09-04 15:45:04
NVDA,NVDA261016C00020000,NVDA,2026-10-16,C,20.0,206.35,1.0,213.85,51.0,3.2706,30.0,0.0,1.0,0.0,0.0,0.0,0.0011,209.9026,0.0,0.0,0.0,0.0,up,193.45,2026-07-22T12:00:54,0.0,208.924995422363,229.88,2026-09-04 19:44:26,2026-09-04 15:45:04
NVDA,NVDA261016C00022500,NVDA,2026-10-16,C,22.5,203.7,51.0,211.35,51.0,2.9602,0.0,0.0,1.0,0.0,0.0,0.0,0.0012,207.4032,0.0,0.0,0.0,0.0,no_change,0.0,,0.0,206.424995422363,229.88,2026-09-04 19:44:26,2026-09-04 15:45:04
NVDA,NVDA261016C00025000,NVDA,2026-10-16,C,25.0,201.0,63.0,208.85,51.0,2.5003,2.0,0.0,1.0,0.0,0.0,0.0,0.0014,204.9038,0.0,0.0,0.0,0.0,up,183.0,2026-07-23T15:00:26,0.0,203.924995422363,229.88,2026-09-04 19:44:26,2026-09-04 15:45:04
NVDA,NVDA261016C00030000,NVDA,2026-10-16,C,30.0,195.95,79.0,203.85,51.0,0.0,33.0,0.0,1.0,0.0,0.0,0.0,0.0017,199.905,0.0,0.0,0.0,0.0,down,173.5,2026-07-09T15:00:14,0.0,198.924995422363,229.88,2026-09-04 19:44:26,2026-09-04 15:45:04
NVDA,NVDA261016C00035000,NVDA,2026-10-16,C,35.0,191.0,73.0,198.85,51.0,2.0334,67.0,0.0,1.0,0.0,0.0001,-0.0002,0.0027,194.9064,0.0,0.0,0.0,0.0,up,194.67,2026-08-27T15:59:39,0.0,193.924995422363,229.88,2026-09-04 19:44:26,2026-09-04 15:45:04
NVDA,NVDA261016C00040000,NVDA,2026-10-16,C,40.0,186.0,52.0,193.85,51.0,1.8371,25.0,0.0,0.9999,0.0,0.0003,-0.0008,0.0052,189.9089,0.0,0.0,0.0,0.0,up,179.38,2026-08-31T12:08:28,0.0,188.949996948242,229.88,2026-09-04 19:44:26,2026-09-04 15:45:04
NVDA,NVDA261016C00045000,NVDA,2026-10-16,C,45.0,181.45,51.0,188.9,51.0,2.1256,44.0,0.0,0.9997,0.0,0.001,-0.002,0.0466,184.9161,0.0,0.0,0.0,0.0,up,174.72,2026-09-02T09:52:37,0.0,183.974998474121,229.88,2026-09-04 19:44:26,2026-09-04 15:45:04
NVDA,NVDA261016C00050000,NVDA,2026-10-16,C,50.0,176.45,51.0,183.9,51.0,1.9658,24.0,0.0,0.9996,0.0,0.0014,-0.0024,0.0557,179.9437,0.0,0.0,0.0,0.0,down,170.0,2026-08-31T11:21:21,0.0,178.974998474121,229.88,2026-09-04 19:44:26,2026-09-04 15:45:04
NVDA,NVDA261016C00055000,NVDA,2026-10-16,C,55.0,171.45,51.0,178.95,51.0,1.846,3.0,0.0,0.9995,0.0,0.0018,-0.0028,0.0613,174.9721,0.0,0.0,0.0,0.0,up,172.39,2026-09-03T10:31:54,0.0,174.025001525879,229.88,2026-09-04 19:44:26,2026-09-04 15:45:04
NVDA,NVDA261016C00060000,NVDA,2026-10-16,C,60.0,168.65,1.0,170.65,6.0,0.0,6.0,1.0,0.9993,0.0,0.0021,-0.0032,0.0668,170.0009,3.52,172.57,172.57,172.57,up,172.57,2026-09-04T09:39:35,2.08222,169.050003051758,229.88,2026-09-04 19:44:26,2026-09-04 15:45:04
NVDA,NVDA261016C00065000,NVDA,2026-10-16,C,65.0,161.15,52.0,169.0,5.0,1.4208,32.0,0.0,0.9992,0.0,0.0025,-0.0037,0.0724,165.0302,0.0,0.0,0.0,0.0,up,160.75,2026-08-28T10:50:01,0.0,163.725006103516,229.88,2026-09-04 19:44:26,2026-09-04 15:45:04
NVDA,NVDA261016C00070000,NVDA,2026-10-16,C,70.0,156.55,53.0,164.0,61.0,1.5459,16.0,1.0,0.999,0.0,0.003,-0.0042,0.0779,160.06,3.51,162.61,162.61,162.61,up,162.61,2026-09-04T09:39:35,2.20616,159.100006103516,229.88,2026-09-04 19:44:26,2026-09-04 15:45:04
NVDA,NVDA261016C00075000,NVDA,2026-10-16,C,75.0,151.3,56.0,159.05,61.0,1.3405,7.0,0.0,0.9987,0.0,0.0036,-0.0048,0.0834,155.0904,0.0,0.0,0.0,0.0,down,145.3,2026-08-31T15:50:00,0.0,154.125,229.88,2026-09-04 19:44:26,2026-09-04 15:45:04
NVDA,NVDA261016C00080000,NVDA,2026-10-16,C,80.0,146.3,217.0,154.05,187.0,1.2352,230.0,0.0,0.9985,0.0001,0.0042,-0.0054,0.0889,150.1214,0.0,0.0,0.0,0.0,up,128.41,2026-08-03T14:37:18,0.0,149.899993896484,229.88,2026-09-04 19:44:26,2026-09-04 15:45:04
NVDA,NVDA261016C00085000,NVDA,2026-10-16,C,85.0,141.65,51.0,149.1,60.0,1.3235,3.0,0.0,0.9982,0.0001,0.0049,-0.006,0.0944,145.1531,0.0,0.0,0.0,0.0,no_change,140.12,2026-08-14T15:21:46,0.0,143.699996948242,229.88,2026-09-04 19:44:26,2026-09-04 15:45:04
NVDA,NVDA261016C00090000,NVDA,2026-10-16,C,90.0,137.5,271.0,144.15,200.0,1.441,112.0,0.0,0.9978,0.0001,0.0057,-0.0067,0.0999,140.1856,0.0,0.0,0.0,0.0,up,112.5,2026-07-09T10:59:45,0.0,139.949996948242,229.88,2026-09-04 19:44:26,2026-09-04 15:45:04
NVDA,NVDA261016C00095000,NVDA,2026-10-16,C,95.0,131.7,69.0,139.15,61.0,1.1855,58.0,0.0,0.9974,0.0001,0.0066,-0.0075,0.1054,135.219,0.0,0.0,0.0,0.0,up,124.56,2026-08-31T10:18:30,0.0,134.699996948242,229.88,2026-09-04 19:44:26,2026-09-04 15:45:04
NVDA,NVDA261016C00100000,NVDA,2026-10-16,C,100.0,128.45,274.0,131.2,206.0,0.0,180.0,0.0,0.9969,0.0001,0.0076,-0.0083,0.1108,130.2532,0.0,0.0,0.0,0.0,up,130.0,2026-09-03T15:10:51,0.0,127.650001525879,229.88,2026-09-04 19:44:26,2026-09-04 15:45:04
NVDA,NVDA261016C00105000,NVDA,2026-10-16,C,105.0,123.25,79.0,128.0,81.0,1.1305,92.0,4.0,0.9964,0.0002,0.0088,-0.0092,0.1163,125.2886,4.16,128.91,128.91,128.91,up,128.91,2026-09-04T10:53:35,3.33467,124.75,229.88,2026-09-04 19:44:26,2026-09-04 15:45:04
NVDA,NVDA261016C00110000,NVDA,2026-10-16,C,110.0,118.05,294.0,124.3,252.0,1.2231,389.0,0.0,0.9957,0.0002,0.0101,-0.0101,0.1217,120.3252,0.0,0.0,0.0,0.0,no_change,114.02,2026-09-02T11:01:57,0.0,120.099998474121,229.88,2026-09-04 19:44:26,2026-09-04 15:45:04
NVDA,NVDA261016C00115000,NVDA,2026-10-16,C,115.0,112.85,96.0,117.85,92.0,0.8335,82.0,10.0,0.995,0.0002,0.0116,-0.0111,0.127,115.3631,2.15,115.25,115.25,115.2,down,115.2,2026-09-04T14:21:36,1.90181,113.050003051758,229.88,2026-09-04 19:44:26,2026-09-04 15:45:04
NVDA,NVDA261016C00120000,NVDA,2026-10-16,C,120.0,109.55,397.0,110.85,379.0,0.0,274.0,1.0,0.9941,0.0003,0.0133,-0.0122,0.1324,110.4026,2.905,112.68,112.68,112.68,up,112.68,2026-09-04T09:33:33,2.64632,109.774997711182,229.88,2026-09-04 19:44:26,2026-09-04 15:45:04
NVDA,NVDA261016C00125000,NVDA,2026-10-16,C,125.0,103.45,303.0,107.85,239.0,0.8754,172.0,10.0,0.9932,0.0003,0.0152,-0.0134,0.1377,105.4437,1.0,105.7,105.7,105.7,no_change,105.7,2026-09-04T14:21:37,0.955109,104.700000762939,229.88,2026-09-04 19:44:26,2026-09-04 15:45:04
NVDA,NVDA261016C00130000,NVDA,2026-10-16,C,130.0,99.75,490.0,101.1,402.0,0.6973,251.0,44.0,0.992,0.0004,0.0174,-0.0146,0.143,100.4869,5.27,103.75,104.72,103.75,up,104.67,2026-09-04T10:08:21,5.30181,99.4000015258789,229.88,2026-09-04 19:44:26,2026-09-04 15:45:04
NVDA,NVDA261016C00135000,NVDA,2026-10-16,C,135.0,94.85,411.0,96.1,377.0,0.6735,376.0,2.0,0.9907,0.0005,0.0199,-0.016,0.1482,95.5323,1.305,96.38,96.38,95.73,down,95.73,2026-09-04T13:53:13,1.38205,94.4250030517578,229.88,2026-09-04 19:44:26,2026-09-04 15:45:04
NVDA,NVDA261016C00140000,NVDA,2026-10-16,C,140.0,89.85,242.0,91.1,201.0,0.6146,436.0,0.0,0.9892,0.0006,0.0227,-0.0174,0.1534,90.5803,0.0,0.0,0.0,0.0,up,88.5,2026-09-03T09:44:50,0.0,89.7250022888184,229.88,2026-09-04 19:44:26,2026-09-04 15:45:04
NVDA,NVDA261016C00145000,NVDA,2026-10-16,C,145.0,84.95,248.0,86.7,237.0,0.7056,310.0,1.0,0.9874,0.0006,0.026,-0.019,0.1585,85.6313,3.235,89.26,89.26,89.26,up,89.26,2026-09-04T10:51:47,3.76053,86.0250015258789,229.88,2026-09-04 19:44:26,2026-09-04 15:45:04
NVDA,NVDA261016C00150000,NVDA,2026-10-16,C,150.0,79.65,408.0,82.4,377.0,0.7006,915.0,3.0,0.9852,0.0008,0.0297,-0.0207,0.1635,80.6861,1.2,83.0,83.0,81.25,no_change,81.25,2026-09-04T14:52:01,1.49906,80.0499992370606,229.88,2026-09-04 19:44:26,2026-09-04 15:45:04
NVDA,NVDA261016C00155000,NVDA,2026-10-16,C,155.0,74.65,404.0,76.4,354.0,0.4829,4588.0,14.0,0.9827,0.001,0.034,-0.0225,0.1684,75.7455,0.6,79.22,79.73,75.75,down,75.75,2026-09-04T15:08:29,0.798406,75.1499977111816,229.88,2026-09-04 19:44:26,2026-09-04 15:45:04
NVDA,NVDA261016C00160000,NVDA,2026-10-16,C,160.0,70.2,360.0,71.2,376.0,0.5187,4314.0,9.0,0.9796,0.0011,0.0391,-0.0246,0.1732,70.8111,3.275,75.0,75.0,71.85,up,73.0,2026-09-04T12:49:32,4.69702,69.7250022888184,229.88,2026-09-04 19:44:26,2026-09-04 15:45:04
NVDA,NVDA261016C00165000,NVDA,2026-10-16,C,165.0,65.0,346.0,67.15,274.0,0.5616,614.0,14.0,0.9758,0.0014,0.0451,-0.027,0.1777,65.8857,0.705,69.87,69.87,66.38,down,66.38,2026-09-04T15:07:56,1.07347,65.6749992370606,229.88,2026-09-04 19:44:26,2026-09-04 15:45:04
NVDA,NVDA261016C00170000,NVDA,2026-10-16,C,170.0,60.45,256.0,61.8,469.0,0.5233,1735.0,21.0,0.971,0.0017,0.0526,-0.0298,0.182,60.9737,2.7,63.32,65.0,62.3,up,62.9,2026-09-04T11:38:12,4.48505,60.2000007629394,229.88,2026-09-04 19:44:26,2026-09-04 15:45:04
NVDA,NVDA261016C00175000,NVDA,2026-10-16,C,175.0,54.65,338.0,56.7,277.0,0.3725,2309.0,10.0,0.9647,0.0021,0.0618,-0.0333,0.1859,56.0825,2.395,56.62,58.08,56.62,up,57.62,2026-09-04T11:32:28,4.33681,55.2249984741211,229.88,2026-09-04 19:44:26,2026-09-04 15:45:04
NVDA,NVDA261016C00180000,NVDA,2026-10-16,C,180.0,51.0,13.0,51.95,420.0,0.4795,106530.0,75.0,0.9562,0.0026,0.0736,-0.0378,0.1892,51.2232,1.735,52.18,55.7,51.1,up,52.16,2026-09-04T14:54:05,3.44076,50.4249992370606,229.88,2026-09-04 19:44:26,2026-09-04 15:45:04
NVDA,NVDA261016C00185000,NVDA,2026-10-16,C,185.0,46.15,153.0,46.75,366.0,0.431,2094.0,149.0,0.9446,0.0034,0.0886,-0.0436,0.1916,46.4125,1.12,47.22,50.47,46.57,down,46.57,2026-09-04T14:08:54,2.46425,45.4499988555908,229.88,2026-09-04 19:44:26,2026-09-04 15:45:04
NVDA,NVDA261016C00190000,NVDA,2026-10-16,C,190.0,41.45,334.0,41.85,337.0,0.4066,2846.0,156.0,0.9287,0.0043,0.1078,-0.051,0.1929,41.6733,1.0,42.47,46.35,41.85,down,41.85,2026-09-04T15:08:28,2.44798,40.8500003814697,229.88,2026-09-04 19:44:26,2026-09-04 15:45:04
NVDA,NVDA261016C00195000,NVDA,2026-10-16,C,195.0,36.9,146.0,37.15,375.0,0.3929,6329.0,90.0,0.9071,0.0054,0.1312,-0.0602,0.1925,37.0368,0.875,37.8,41.0,37.17,up,37.2,2026-09-04T15:14:43,2.40881,36.3249988555908,229.88,2026-09-04 19:44:26,2026-09-04 15:45:04
NVDA,NVDA261016C00200000,NVDA,2026-10-16,C,200.0,32.45,72.0,32.65,381.0,0.382,8081.0,695.0,0.8784,0.0068,0.159,-0.071,0.1902,32.5421,0.925,33.25,37.0,32.6,no_change,32.7,2026-09-04T15:23:21,2.91109,31.7749996185303,229.88,2026-09-04 19:44:26,2026-09-04 15:45:04
NVDA,NVDA261016C00205000,NVDA,2026-10-16,C,205.0,28.1,378.0,28.35,389.0,0.3709,9299.0,172.0,0.8413,0.0083,0.1901,-0.083,0.1855,28.235,0.89,30.0,32.3,28.31,down,28.34,2026-09-04T15:22:53,3.24226,27.4499998092651,229.88,2026-09-04 19:44:26,2026-09-04 15:45:04
NVDA,NVDA261016C00210000,NVDA,2026-10-16,C,210.0,24.05,232.0,24.25,404.0,0.3628,13861.0,802.0,0.7952,0.01,0.2225,-0.0955,0.1782,24.1644,0.865,24.6,28.15,24.1,down,24.29,2026-09-04T15:22:53,3.69264,23.4249992370605,229.88,2026-09-04 19:44:26,2026-09-04 15:45:04
NVDA,NVDA261016C00215000,NVDA,2026-10-16,C,215.0,20.1,568.0,20.5,488.0,0.3536,17215.0,862.0,0.7404,0.0116,0.2535,-0.1073,0.1683,20.3858,0.785,21.1,24.2,20.36,down,20.41,2026-09-04T15:23:34,4.0,19.625,229.88,2026-09-04 19:44:26,2026-09-04 15:45:04
NVDA,NVDA261016C00220000,NVDA,2026-10-16,C,220.0,16.85,137.0,17.0,480.0,0.3515,106664.0,2719.0,0.6778,0.013,0.2801,-0.1172,0.1559,16.9313,0.67,17.55,20.5,16.85,up,16.92,2026-09-04T15:27:27,4.12308,16.25,229.88,2026-09-04 19:44:26,2026-09-04 15:45:04
NVDA,NVDA261016C00225000,NVDA,2026-10-16,C,225.0,13.75,116.0,13.85,364.0,0.3467,20466.0,2266.0,0.6087,0.0141,0.2996,-0.1241,0.1415,13.8228,0.65,13.97,17.1,13.7,no_change,13.8,2026-09-04T15:28:23,4.94297,13.1500000953674,229.88,2026-09-04 19:44:26,2026-09-04 15:45:04
NVDA,NVDA261016C00230000,NVDA,2026-10-16,C,230.0,11.05,43.0,11.1,83.0,0.3439,38398.0,4480.0,0.5362,0.0148,0.3098,-0.1272,0.1258,11.1083,0.615,11.5,14.0,10.84,no_change,11.09,2026-09-04T15:29:24,5.87112,10.4749999046326,229.88,2026-09-04 19:44:26,2026-09-04 15:45:04
NVDA,NVDA261016C00235000,NVDA,2026-10-16,C,235.0,8.7,626.0,8.8,443.0,0.3408,22801.0,7036.0,0.4626,0.0149,0.3098,-0.1261,0.1093,8.7722,0.5,9.1,11.3,8.5,down,8.7,2026-09-04T15:29:10,6.09756,8.19999980926514,229.88,2026-09-04 19:44:26,2026-09-04 15:45:04
NVDA,NVDA261016C00240000,NVDA,2026-10-16,C,240.0,6.8,195.0,6.85,245.0,0.3397,45266.0,10566.0,0.3914,0.0144,0.2998,-0.1213,0.093,6.8369,0.52,7.0,9.0,6.55,up,6.82,2026-09-04T15:29:09,8.25397,6.29999995231628,229.88,2026-09-04 19:44:26,2026-09-04 15:45:04
NVDA,NVDA261016C00245000,NVDA,2026-10-16,C,245.0,5.2,665.0,5.3,722.0,0.3395,28138.0,5829.0,0.3247,0.0135,0.2811,-0.1133,0.0775,5.2495,0.5,5.35,7.1,5.1,up,5.3,2026-09-04T15:25:55,10.4167,4.79999995231628,229.88,2026-09-04 19:44:26,2026-09-04 15:45:04
NVDA,NVDA261016C00250000,NVDA,2026-10-16,C,250.0,3.95,544.0,4.0,29.0,0.3391,69150.0,12985.0,0.2649,0.0123,0.2564,-0.103,0.0635,3.9923,0.425,4.0,5.46,3.72,up,4.0,2026-09-04T15:29:11,11.8881,3.57499992847443,229.88,2026-09-04 19:44:26,2026-09-04 15:45:04
NVDA,NVDA261016C00255000,NVDA,2026-10-16,C,255.0,2.99,210.0,3.05,1189.0,0.3416,20453.0,17727.0,0.2131,0.0109,0.228,-0.0916,0.0512,3.0129,0.36,3.0,4.2,2.81,down,3.0,2026-09-04T15:27:10,13.6364,2.64000010490417,229.88,2026-09-04 19:44:26,2026-09-04 15:45:04
NVDA,NVDA261016C00260000,NVDA,2026-10-16,C,260.0,2.24,320.0,2.27,107.0,0.3425,31871.0,5574.0,0.1694,0.0094,0.1985,-0.0797,0.0408,2.2611,0.315,2.21,3.18,2.02,down,2.25,2026-09-04T15:28:26,16.2791,1.93500000238419,229.88,2026-09-04 19:44:26,2026-09-04 15:45:04
NVDA,NVDA261016C00265000,NVDA,2026-10-16,C,265.0,1.68,314.0,1.7,220.0,0.3455,10772.0,5966.0,0.1331,0.008,0.1695,-0.0682,0.0321,1.6854,0.275,1.75,2.39,1.68,no_change,1.69,2026-09-04T15:28:44,19.4346,1.41499996185303,229.88,2026-09-04 19:44:26,2026-09-04 15:45:04
NVDA,NVDA261016C00270000,NVDA,2026-10-16,C,270.0,1.26,385.0,1.29,616.0,0.3492,19430.0,7269.0,0.1048,0.0066,0.1435,-0.058,0.0252,1.2716,0.24,1.17,1.8,1.06,down,1.28,2026-09-04T15:21:42,23.0769,1.03999996185303,229.88,2026-09-04 19:44:26,2026-09-04 15:45:04
NVDA,NVDA261016C00275000,NVDA,2026-10-16,C,275.0,0.95,473.0,0.97,246.0,0.3536,7581.0,1471.0,0.0822,0.0055,0.1202,-0.0489,0.0198,0.9602,0.21,0.8,1.35,0.8,no_change,0.98,2026-09-04T15:15:07,27.2727,0.769999980926514,229.88,2026-09-04 19:44:26,2026-09-04 15:45:04
NVDA,NVDA261016C00280000,NVDA,2026-10-16,C,280.0,0.72,450.0,0.74,179.0,0.3595,17446.0,1500.0,0.0649,0.0045,0.1006,-0.0413,0.0156,0.7362,0.19,0.67,1.02,0.6,up,0.76,2026-09-04T14:47:46,33.3333,0.569999992847443,229.88,2026-09-04 19:44:26,2026-09-04 15:45:04
NVDA,NVDA261016C00285000,NVDA,2026-10-16,C,285.0,0.56,324.0,0.58,312.0,0.365,3436.0,466.0,0.0517,0.0037,0.0843,-0.0351,0.0124,0.5732,0.15,0.48,0.8,0.48,no_change,0.58,2026-09-04T15:19:21,34.8837,0.429999992251396,229.88,2026-09-04 19:44:26,2026-09-04 15:45:04
NVDA,NVDA261016C00290000,NVDA,2026-10-16,C,290.0,0.44,439.0,0.46,794.0,0.372,10467.0,328.0,0.0415,0.003,0.0708,-0.0298,0.01,0.4512,0.13,0.35,0.61,0.33,down,0.46,2026-09-04T15:19:21,39.3939,0.329999998211861,229.88,2026-09-04 19:44:26,2026-09-04 15:45:04
NVDA,NVDA261016C00295000,NVDA,2026-10-16,C,295.0,0.35,445.0,0.37,788.0,0.3794,1245.0,57.0,0.0336,0.0025,0.0597,-0.0255,0.008,0.3602,0.12,0.3,0.47,0.3,down,0.38,2026-09-04T15:20:01,46.1538,0.260000005364418,229.88,2026-09-04 19:44:26,2026-09-04 15:45:04
NVDA,NVDA261016C00300000,NVDA,2026-10-16,C,300.0,0.29,354.0,0.3,804.0,0.3878,13485.0,1277.0,0.0274,0.0021,0.0506,-0.0219,0.0066,0.291,0.09,0.2,0.38,0.2,up,0.3,2026-09-04T15:26:18,42.8571,0.21000000089407,229.88,2026-09-04 19:44:26,2026-09-04 15:45:04
NVDA,NVDA261016C00305000,NVDA,2026-10-16,C,305.0,0.23,455.0,0.25,867.0,0.3953,770.0,422.0,0.0226,0.0017,0.043,-0.019,0.0054,0.2378,0.065,0.19,0.32,0.19,no_change,0.23,2026-09-04T12:27:45,39.3939,0.16499999910593,229.88,2026-09-04 19:44:26,2026-09-04 15:45:04
NVDA,NVDA261016C00310000,NVDA,2026-10-16,C,310.0,0.19,572.0,0.21,742.0,0.4038,3580.0,831.0,0.0188,0.0014,0.0368,-0.0165,0.0045,0.196,0.07,0.25,0.26,0.2,no_change,0.2,2026-09-04T12:49:53,53.8462,0.129999998956919,229.88,2026-09-04 19:44:26,2026-09-04 15:45:04
NVDA,NVDA261016C00315000,NVDA,2026-10-16,C,315.0,0.16,647.0,0.17,1017.0,0.4111,793.0,227.0,0.0157,0.0012,0.0315,-0.0144,0.0037,0.163,0.05,0.2,0.21,0.16,no_change,0.16,2026-09-04T14:27:25,45.4545,0.109999999403954,229.88,2026-09-04 19:44:26,2026-09-04 15:45:04
NVDA,NVDA261016C00320000,NVDA,2026-10-16,C,320.0,0.13,708.0,0.15,761.0,0.4196,2412.0,1200.0,0.0132,0.001,0.0272,-0.0126,0.0031,0.1364,0.045,0.07,0.17,0.07,down,0.13,2026-09-04T12:17:41,52.9412,0.0850000008940697,229.88,2026-09-04 19:44:26,2026-09-04 15:45:04
NVDA,NVDA261016C00325000,NVDA,2026-10-16,C,325.0,0.1,717.0,0.12,769.0,0.4238,46.0,12.0,0.0111,0.0009,0.0235,-0.011,0.0026,0.1145,0.05,0.11,0.12,0.11,up,0.12,2026-09-04T14:20:04,71.4286,0.0699999984353781,229.88,2026-09-04 19:44:26,2026-09-04 15:45:04
NVDA,NVDA261016C00330000,NVDA,2026-10-16,C,330.0,0.09,773.0,0.1,856.0,0.4322,4269.0,3737.0,0.0094,0.0007,0.0204,-0.0097,0.0022,0.097,0.035,0.05,0.13,0.05,down,0.09,2026-09-04T15:06:55,63.6364,0.0549999997019768,229.88,2026-09-04 19:44:26,2026-09-04 15:45:04
NVDA,NVDA261016C00335000,NVDA,2026-10-16,C,335.0,0.07,774.0,0.09,698.0,0.4391,129.0,4.0,0.008,0.0006,0.0177,-0.0085,0.0019,0.0824,0.02,0.07,0.07,0.07,up,0.07,2026-09-04T12:49:45,40.0,0.0499999988824129,229.88,2026-09-04 19:44:26,2026-09-04 15:45:04
NVDA,NVDA261016C00340000,NVDA,2026-10-16,C,340.0,0.06,711.0,0.08,712.0,0.4476,1553.0,133.0,0.0069,0.0005,0.0154,-0.0075,0.0016,0.0704,0.04,0.08,0.08,0.08,no_change,0.08,2026-09-04T09:57:26,100.0,0.0400000000372529,229.88,2026-09-04 19:44:26,2026-09-04 15:45:04
NVDA,NVDA261016C00345000,NVDA,2026-10-16,C,345.0,0.05,396.0,0.07,438.0,0.4546,35.0,0.0,0.0059,0.0005,0.0135,-0.0067,0.0014,0.0604,0.0,0.0,0.0,0.0,up,0.03,2026-09-03T12:16:59,0.0,0.0400000000372529,229.88,2026-09-04 19:44:26,2026-09-04 15:45:04
NVDA,NVDA261016C00350000,NVDA,2026-10-16,C,350.0,0.04,917.0,0.05,516.0,0.4552,11732.0,820.0,0.0051,0.0004,0.0118,-0.0059,0.0012,0.0521,0.015,0.03,0.06,0.03,no_change,0.04,2026-09-04T14:57:18,60.0,0.0249999994412065,229.88,2026-09-04 19:44:26,2026-09-04 15:45:04
NVDA,NVDA261016C00355000,NVDA,2026-10-16,C,355.0,0.03,441.0,0.06,431.0,0.469,65.0,0.0,0.0044,0.0004,0.0104,-0.0053,0.001,0.0451,0.0,0.0,0.0,0.0,down,0.02,2026-09-03T12:08:44,0.0,0.0299999993294477,229.88,2026-09-04 19:44:26,2026-09-04 15:45:04
NVDA,NVDA261016C00360000,NVDA,2026-10-16,C,360.0,0.03,697.0,0.05,727.0,0.4766,2765.0,21.0,0.0039,0.0003,0.0092,-0.0047,0.0009,0.0394,0.01,0.04,0.04,0.04,no_change,0.04,2026-09-04T13:51:12,33.3333,0.0299999993294477,229.88,2026-09-04 19:44:26,2026-09-04 15:45:04
NVDA,NVDA261016C00365000,NVDA,2026-10-16,C,365.0,0.03,446.0,0.05,723.0,0.4896,771.0,1.0,0.0034,0.0003,0.0082,-0.0043,0.0008,0.0346,0.01,0.03,0.03,0.03,no_change,0.03,2026-09-04T10:28:19,50.0,0.0199999995529652,229.88,2026-09-04 19:44:26,2026-09-04 15:45:04
NVDA,NVDA261016C00370000,NVDA,2026-10-16,C,370.0,0.02,528.0,0.03,10.0,0.4809,3118.0,30.0,0.003,0.0002,0.0073,-0.0039,0.0007,0.0306,0.025,0.02,0.04,0.02,up,0.04,2026-09-04T10:08:36,166.667,0.0149999996647239,229.88,2026-09-04 19:44:26,2026-09-04 15:45:04
NVDA,NVDA261016C00375000,NVDA,2026-10-16,C,375.0,0.02,682.0,0.03,437.0,0.4931,1077.0,10.0,0.0026,0.0002,0.0066,-0.0035,0.0006,0.0272,0.005,0.02,0.02,0.02,up,0.02,2026-09-04T09:42:47,33.3333,0.0149999996647239,229.88,2026-09-04 19:44:26,2026-09-04 15:45:04
NVDA,NVDA261016C00380000,NVDA,2026-10-16,C,380.0,0.01,726.0,0.02,10.0,0.4834,2596.0,25.0,0.0024,0.0002,0.0059,-0.0032,0.0006,0.0243,0.015,0.02,0.03,0.02,up,0.03,2026-09-04T13:05:12,100.0,0.0149999996647239,229.88,2026-09-04 19:44:26,2026-09-04 15:45:04
NVDA,NVDA261016C00385000,NVDA,2026-10-16,C,385.0,0.01,576.0,0.03,712.0,0.5069,23.0,20.0,0.0021,0.0002,0.0054,-0.0029,0.0005,0.0218,0.01,0.02,0.03,0.02,up,0.03,2026-09-04T09:50:09,50.0,0.0199999995529652,229.88,2026-09-04 19:44:26,2026-09-04 15:45:04
NVDA,NVDA261016C00390000,NVDA,2026-10-16,C,390.0,0.01,631.0,0.02,10.0,0.506,2287.0,1.0,0.0019,0.0001,0.0049,-0.0027,0.0004,0.0196,-0.005,0.01,0.01,0.01,down,0.01,2026-09-04T10:43:54,-33.3333,0.0149999996647239,229.88,2026-09-04 19:44:26,2026-09-04 15:45:04
NVDA,NVDA261016C00395000,NVDA,2026-10-16,C,395.0,0.01,291.0,0.03,225.0,0.5295,22.0,0.0,0.0017,0.0001,0.0044,-0.0025,0.0004,0.0178,0.0,0.0,0.0,0.0,down,0.01,2026-09-03T12:46:58,0.0,0.0199999995529652,229.88,2026-09-04 19:44:26,2026-09-04 15:45:04
NVDA,NVDA261016C00400000,NVDA,2026-10-16,C,400.0,0.01,881.0,0.02,571.0,0.5278,12864.0,71.0,0.0016,0.0001,0.0041,-0.0023,0.0004,0.0162,0.005,0.01,0.02,0.01,no_change,0.02,2026-09-04T14:03:36,33.3333,0.0149999996647239,229.88,2026-09-04 19:44:26,2026-09-04 15:45:04
NVDA,NVDA261016C00405000,NVDA,2026-10-16,C,405.0,0.01,322.0,0.03,236.0,0.5514,12.0,0.0,0.0014,0.0001,0.0037,-0.0021,0.0003,0.0148,0.0,0.0,0.0,0.0,no_change,0.01,2026-09-03T14:32:53,0.0,0.00999999977648258,229.88,2026-09-04 19:44:26,2026-09-04 15:45:04
NVDA,NVDA261016C00410000,NVDA,2026-10-16,C,410.0,0.01,288.0,0.02,700.0,0.549,1528.0,20.0,0.0013,0.0001,0.0034,-0.002,0.0003,0.0135,0.0,0.01,0.01,0.01,no_change,0.01,2026-09-04T09:38:40,2.23517e-06,0.00999999977648258,229.88,2026-09-04 19:44:26,2026-09-04 15:45:04
NVDA,NVDA261016C00415000,NVDA,2026-10-16,C,415.0,0.01,266.0,0.02,666.0,0.5594,11.0,1.0,0.0012,0.0001,0.0032,-0.0018,0.0003,0.0124,0.01,0.02,0.02,0.02,no_change,0.02,2026-09-04T09:45:50,100.0,0.00999999977648258,229.88,2026-09-04 19:44:26,2026-09-04 15:45:04
NVDA,NVDA261016C00420000,NVDA,2026-10-16,C,420.0,0.01,216.0,0.02,203.0,0.5696,494.0,0.0,0.0011,0.0001,0.0029,-0.0017,0.0002,0.0115,0.0,0.0,0.0,0.0,down,0.01,2026-09-03T15:04:51,0.0,0.00999999977648258,229.88,2026-09-04 19:44:26,2026-09-04 15:45:04
NVDA,NVDA261016C00425000,NVDA,2026-10-16,C,425.0,0.01,201.0,0.02,124.0,0.5797,0.0,0.0,0.001,0.0001,0.0027,-0.0016,0.0002,0.0106,0.0,0.0,0.0,0.0,no_change,0.0,,0.0,0.00999999977648258,229.88,2026-09-04 19:44:26,2026-09-04 15:45:04
NVDA,NVDA261016C00430000,NVDA,2026-10-16,C,430.0,0.0,0.0,0.02,126.0,0.5714,275.0,0.0,0.0009,0.0001,0.0025,-0.0015,0.0002,0.0098,0.0,0.0,0.0,0.0,no_change,0.05,2026-08-17T15:51:32,0.0,0.00999999977648258,229.88,2026-09-04 19:44:26,2026-09-04 15:45:04
NVDA,NVDA261016C00435000,NVDA,2026-10-16,C,435.0,0.0,0.0,0.02,128.0,0.581,0.0,0.0,0.0009,0.0001,0.0023,-0.0014,0.0002,0.0092,0.0,0.0,0.0,0.0,no_change,0.0,,0.0,0.00999999977648258,229.88,2026-09-04 19:44:26,2026-09-04 15:45:04
NVDA,NVDA261016C00440000,NVDA,2026-10-16,C,440.0,0.01,242.0,0.02,395.0,0.6092,643.0,20.0,0.0008,0.0001,0.0022,-0.0014,0.0002,0.0086,-0.005,0.01,0.01,0.01,no_change,0.01,2026-09-04T14:23:46,-33.3333,0.0149999996647239,229.88,2026-09-04 19:44:26,2026-09-04 15:45:04
NVDA,NVDA261016C00450000,NVDA,2026-10-16,C,450.0,0.0,0.0,0.01,20.0,0.5795,770.0,0.0,0.0007,0.0,0.0019,-0.0012,0.0002,0.0075,0.0,0.0,0.0,0.0,no_change,0.02,2026-08-31T13:41:54,0.0,0.00999999977648258,229.88,2026-09-04 19:44:26,2026-09-04 15:45:04
NVDA,NVDA261016C00455000,NVDA,2026-10-16,C,455.0,0.0,0.0,0.01,43.0,0.5882,712.0,0.0,0.0006,0.0,0.0018,-0.0012,0.0001,0.0071,0.0,0.0,0.0,0.0,no_change,0.01,2026-09-02T12:26:36,0.0,0.00999999977648258,229.88,2026-09-04 19:44:26,2026-09-04 15:45:04
NVDA,NVDA261016C00460000,NVDA,2026-10-16,C,460.0,0.0,0.0,0.01,94.0,0.5968,17228.0,426.0,0.0006,0.0,0.0017,-0.0011,0.0001,0.0067,0.0,0.01,0.02,0.01,no_change,0.01,2026-09-04T11:38:05,2.23517e-06,0.00999999977648258,229.88,2026-09-04 19:44:26,2026-09-04 15:45:04
NVDA,NVDA261016P00002500,NVDA,2026-10-16,P,2.5,0.0,0.0,0.01,1280.0,4.1931,0.0,0.0,0.0,0.0,0.0,-0.0001,0.0,0.0003,0.0,0.0,0.0,0.0,no_change,0.0,,0.0,0.00499999988824129,229.88,2026-09-04 19:44:26,2026-09-04 15:45:04
NVDA,NVDA261016P00005000,NVDA,2026-10-16,P,5.0,0.0,0.0,0.01,2258.0,3.485,4024.0,0.0,0.0,0.0,0.0,-0.0001,0.0,0.0007,0.0,0.0,0.0,0.0,up,0.02,2026-07-08T11:59:47,0.0,0.00499999988824129,229.88,2026-09-04 19:44:26,2026-09-04 15:45:04
NVDA,NVDA261016P00007500,NVDA,2026-10-16,P,7.5,0.0,0.0,0.01,1246.0,3.0879,0.0,0.0,0.0,0.0,0.0001,-0.0002,0.0,0.0011,0.0,0.0,0.0,0.0,no_change,0.0,,0.0,0.00499999988824129,229.88,2026-09-04 19:44:26,2026-09-04 15:45:04
NVDA,NVDA261016P00010000,NVDA,2026-10-16,P,10.0,0.0,0.0,0.01,2234.0,2.8129,10.0,0.0,0.0,0.0,0.0001,-0.0003,0.0,0.0015,0.0,0.0,0.0,0.0,down,0.01,2026-07-28T13:46:06,0.0,0.00499999988824129,229.88,2026-09-04 19:44:26,2026-09-04 15:45:04
NVDA,NVDA261016P00012500,NVDA,2026-10-16,P,12.5,0.0,0.0,0.01,1231.0,2.6031,0.0,0.0,0.0,0.0,0.0001,-0.0004,0.0,0.002,0.0,0.0,0.0,0.0,no_change,0.0,,0.0,0.00499999988824129,229.88,2026-09-04 19:44:26,2026-09-04 15:45:04
NVDA,NVDA261016P00015000,NVDA,2026-10-16,P,15.0,0.0,0.0,0.01,191.0,2.4337,0.0,0.0,-0.0001,0.0,0.0002,-0.0004,0.0,0.0026,0.0,0.0,0.0,0.0,no_change,0.0,,0.0,0.00499999988824129,229.88,2026-09-04 19:44:26,2026-09-04 15:45:04
NVDA,NVDA261016P00017500,NVDA,2026-10-16,P,17.5,0.0,0.0,0.01,194.0,2.292,0.0,0.0,-0.0001,0.0,0.0002,-0.0006,0.0,0.0032,0.0,0.0,0.0,0.0,no_change,0.0,,0.0,0.00499999988824129,229.88,2026-09-04 19:44:26,2026-09-04 15:45:04
NVDA,NVDA261016P00020000,NVDA,2026-10-16,P,20.0,0.0,0.0,0.01,191.0,2.1701,502.0,0.0,-0.0001,0.0,0.0003,-0.0006,0.0,0.0039,0.0,0.0,0.0,0.0,no_change,0.01,2026-08-26T13:09:10,0.0,0.00999999977648258,229.88,2026-09-04 19:44:26,2026-09-04 15:45:04
NVDA,NVDA261016P00022500,NVDA,2026-10-16,P,22.5,0.0,0.0,0.01,189.0,2.0633,0.0,0.0,-0.0001,0.0,0.0003,-0.0008,0.0,0.0046,0.0,0.0,0.0,0.0,no_change,0.0,,0.0,0.00999999977648258,229.88,2026-09-04 19:44:26,2026-09-04 15:45:04
NVDA,NVDA261016P00025000,NVDA,2026-10-16,P,25.0,0.0,0.0,0.02,239.0,2.0729,30.0,0.0,-0.0001,0.0,0.0004,-0.0009,0.0,0.0054,0.0,0.0,0.0,0.0,up,0.03,2026-07-29T11:24:12,0.0,0.00999999977648258,229.88,2026-09-04 19:44:26,2026-09-04 15:45:04
NVDA,NVDA261016P00030000,NVDA,2026-10-16,P,30.0,0.0,0.0,0.02,194.0,1.9007,1.0,0.0,-0.0002,0.0,0.0005,-0.0011,0.0,0.0072,0.0,0.0,0.0,0.0,up,0.02,2026-05-22T11:19:22,0.0,0.00999999977648258,229.88,2026-09-04 19:44:26,2026-09-04 15:45:04
NVDA,NVDA261016P00035000,NVDA,2026-10-16,P,35.0,0.0,0.0,0.02,230.0,1.7564,40.0,0.0,-0.0002,0.0,0.0007,-0.0014,-0.0001,0.0093,0.0,0.0,0.0,0.0,no_change,0.01,2026-09-02T11:29:35,0.0,0.00999999977648258,229.88,2026-09-04 19:44:26,2026-09-04 15:45:04
NVDA,NVDA261016P00040000,NVDA,2026-10-16,P,40.0,0.0,0.0,0.02,194.0,1.6322,269.0,0.0,-0.0003,0.0,0.0009,-0.0017,-0.0001,0.0116,0.0,0.0,0.0,0.0,no_change,0.01,2026-08-26T14:22:31,0.0,0.00999999977648258,229.88,2026-09-04 19:44:26,2026-09-04 15:45:04
NVDA,NVDA261016P00045000,NVDA,2026-10-16,P,45.0,0.0,0.0,0.01,1.0,1.4468,89.0,0.0,-0.0004,0.0,0.0012,-0.002,-0.0001,0.0143,0.0,0.0,0.0,0.0,no_change,0.06,2026-08-05T15:04:24,0.0,0.00999999977648258,229.88,2026-09-04 19:44:26,2026-09-04 15:45:04
NVDA,NVDA261016P00050000,NVDA,2026-10-16,P,50.0,0.01,258.0,0.03,1210.0,1.5091,203.0,3.0,-0.0005,0.0,0.0014,-0.0024,-0.0001,0.0174,-0.005,0.01,0.01,0.01,no_change,0.01,2026-09-04T10:55:54,-33.3333,0.0149999996647239,229.88,2026-09-04 19:44:26,2026-09-04 15:45:04
NVDA,NVDA261016P00055000,NVDA,2026-10-16,P,55.0,0.01,210.0,0.03,493.0,1.4166,146.0,1.0,-0.0007,0.0,0.0018,-0.0028,-0.0002,0.0208,0.0,0.02,0.02,0.02,no_change,0.02,2026-09-04T10:54:40,2.23517e-06,0.0199999995529652,229.88,2026-09-04 19:44:26,2026-09-04 15:45:04
NVDA,NVDA261016P00060000,NVDA,2026-10-16,P,60.0,0.01,195.0,0.03,194.0,1.3325,306.0,0.0,-0.0008,0.0,0.0021,-0.0033,-0.0002,0.0247,0.0,0.0,0.0,0.0,up,0.02,2026-09-02T11:28:01,0.0,0.0199999995529652,229.88,2026-09-04 19:44:26,2026-09-04 15:45:04
NVDA,NVDA261016P00065000,NVDA,2026-10-16,P,65.0,0.01,195.0,0.04,530.0,1.28,65.0,3.0,-0.001,0.0,0.0026,-0.0037,-0.0003,0.029,0.01,0.03,0.03,0.03,no_change,0.03,2026-09-04T11:04:22,50.0,0.0199999995529652,229.88,2026-09-04 19:44:26,2026-09-04 15:45:04
NVDA,NVDA261016P00070000,NVDA,2026-10-16,P,70.0,0.02,259.0,0.04,592.0,1.2274,364.0,0.0,-0.0012,0.0,0.003,-0.0042,-0.0003,0.0339,0.0,0.0,0.0,0.0,up,0.03,2026-08-27T10:25:43,0.0,0.0249999994412065,229.88,2026-09-04 19:44:26,2026-09-04 15:45:04
NVDA,NVDA261016P00075000,NVDA,2026-10-16,P,75.0,0.02,520.0,0.05,1080.0,1.1755,280.0,63.0,-0.0014,0.0,0.0036,-0.0048,-0.0004,0.0393,-0.01,0.04,0.05,0.02,down,0.02,2026-09-04T15:28:50,-33.3333,0.0299999993294477,229.88,2026-09-04 19:44:26,2026-09-04 15:45:04
NVDA,NVDA261016P00080000,NVDA,2026-10-16,P,80.0,0.03,195.0,0.05,194.0,1.1248,394.0,0.0,-0.0017,0.0001,0.0042,-0.0054,-0.0004,0.0453,0.0,0.0,0.0,0.0,down,0.04,2026-08-28T09:32:15,0.0,0.0400000000372529,229.88,2026-09-04 19:44:26,2026-09-04 15:45:04
NVDA,NVDA261016P00085000,NVDA,2026-10-16,P,85.0,0.04,474.0,0.06,863.0,1.0867,708.0,62.0,-0.002,0.0001,0.0049,-0.0061,-0.0005,0.0521,0.0,0.05,0.06,0.04,down,0.04,2026-09-04T14:30:45,-9.31323e-08,0.0400000000372529,229.88,2026-09-04 19:44:26,2026-09-04 15:45:04
NVDA,NVDA261016P00090000,NVDA,2026-10-16,P,90.0,0.05,517.0,0.07,898.0,1.0466,837.0,62.0,-0.0024,0.0001,0.0057,-0.0068,-0.0006,0.0597,0.0,0.06,0.07,0.04,down,0.05,2026-09-04T14:31:20,2.23517e-06,0.0499999988824129,229.88,2026-09-04 19:44:26,2026-09-04 15:45:04
NVDA,NVDA261016P00095000,NVDA,2026-10-16,P,95.0,0.06,209.0,0.08,456.0,1.0058,913.0,0.0,-0.0028,0.0001,0.0066,-0.0075,-0.0007,0.0681,0.0,0.0,0.0,0.0,no_change,0.06,2026-09-03T10:19:36,0.0,0.0600000005215406,229.88,2026-09-04 19:44:26,2026-09-04 15:45:04
NVDA,NVDA261016P00100000,NVDA,2026-10-16,P,100.0,0.07,471.0,0.08,324.0,0.9584,4605.0,17.0,-0.0032,0.0001,0.0077,-0.0083,-0.0009,0.0774,0.0,0.08,0.08,0.07,no_change,0.07,2026-09-04T12:55:39,2.23517e-06,0.0699999984353781,229.88,2026-09-04 19:44:26,2026-09-04 15:45:04
NVDA,NVDA261016P00105000,NVDA,2026-10-16,P,105.0,0.08,244.0,0.1,287.0,0.9242,1264.0,46.0,-0.0038,0.0002,0.0088,-0.0092,-0.001,0.0879,0.02,0.09,0.1,0.08,up,0.1,2026-09-04T15:24:06,25.0,0.080000001937151,229.88,2026-09-04 19:44:26,2026-09-04 15:45:04
NVDA,NVDA261016P00110000,NVDA,2026-10-16,P,110.0,0.09,523.0,0.11,538.0,0.8837,6747.0,3.0,-0.0044,0.0002,0.0102,-0.0102,-0.0012,0.0995,0.01,0.1,0.1,0.1,no_change,0.1,2026-09-04T10:27:36,11.1111,0.0899999998509884,229.88,2026-09-04 19:44:26,2026-09-04 15:45:04
NVDA,NVDA261016P00115000,NVDA,2026-10-16,P,115.0,0.11,294.0,0.12,305.0,0.8479,3876.0,175.0,-0.0052,0.0002,0.0116,-0.0112,-0.0014,0.1126,0.03,0.12,0.13,0.1,up,0.13,2026-09-04T14:31:20,30.0,0.100000001490116,229.88,2026-09-04 19:44:26,2026-09-04 15:45:04
NVDA,NVDA261016P00120000,NVDA,2026-10-16,P,120.0,0.12,351.0,0.14,565.0,0.8119,12166.0,3727.0,-0.006,0.0003,0.0134,-0.0123,-0.0016,0.1271,0.01,0.14,0.15,0.12,up,0.13,2026-09-04T14:29:13,8.33334,0.119999997317791,229.88,2026-09-04 19:44:26,2026-09-04 15:45:04
NVDA,NVDA261016P00125000,NVDA,2026-10-16,P,125.0,0.13,534.0,0.15,425.0,0.7723,4918.0,4738.0,-0.007,0.0003,0.0153,-0.0134,-0.0018,0.1434,0.005,0.15,0.17,0.14,no_change,0.14,2026-09-04T14:42:31,3.70371,0.134999997913837,229.88,2026-09-04 19:44:26,2026-09-04 15:45:04
NVDA,NVDA261016P00130000,NVDA,2026-10-16,P,130.0,0.15,469.0,0.17,572.0,0.7395,5046.0,1266.0,-0.0082,0.0004,0.0175,-0.0147,-0.0021,0.1617,0.02,0.18,0.18,0.16,up,0.17,2026-09-04T14:46:47,13.3333,0.149999998509884,229.88,2026-09-04 19:44:26,2026-09-04 15:45:04
NVDA,NVDA261016P00135000,NVDA,2026-10-16,P,135.0,0.17,421.0,0.19,1027.0,0.7061,4236.0,30.0,-0.0095,0.0005,0.0199,-0.0161,-0.0024,0.1822,0.0,0.19,0.19,0.18,no_change,0.18,2026-09-04T10:32:17,1.65568e-07,0.179999999701977,229.88,2026-09-04 19:44:26,2026-09-04 15:45:04
NVDA,NVDA261016P00140000,NVDA,2026-10-16,P,140.0,0.2,396.0,0.22,742.0,0.6768,19452.0,1846.0,-0.011,0.0006,0.0229,-0.0175,-0.0028,0.2054,0.005,0.2,0.22,0.2,no_change,0.21,2026-09-04T14:03:55,2.43903,0.204999998211861,229.88,2026-09-04 19:44:26,2026-09-04 15:45:04
NVDA,NVDA261016P00145000,NVDA,2026-10-16,P,145.0,0.22,232.0,0.24,848.0,0.6423,8657.0,1525.0,-0.0128,0.0007,0.0261,-0.0191,-0.0033,0.2317,0.0,0.24,0.25,0.22,no_change,0.23,2026-09-04T14:55:58,1.42533e-06,0.229999996721745,229.88,2026-09-04 19:44:26,2026-09-04 15:45:04
NVDA,NVDA261016P00150000,NVDA,2026-10-16,P,150.0,0.26,270.0,0.27,941.0,0.613,23365.0,1462.0,-0.015,0.0008,0.0298,-0.0208,-0.0038,0.2616,-0.005,0.25,0.28,0.25,no_change,0.26,2026-09-04T14:51:42,-1.88679,0.265000000596046,229.88,2026-09-04 19:44:26,2026-09-04 15:45:04
NVDA,NVDA261016P00155000,NVDA,2026-10-16,P,155.0,0.29,444.0,0.31,591.0,0.5826,13437.0,1523.0,-0.0176,0.001,0.0343,-0.0227,-0.0044,0.2962,0.0,0.29,0.31,0.28,up,0.3,2026-09-04T15:04:14,9.93411e-07,0.299999997019768,229.88,2026-09-04 19:44:26,2026-09-04 15:45:04
NVDA,NVDA261016P00160000,NVDA,2026-10-16,P,160.0,0.33,364.0,0.34,844.0,0.5514,17931.0,1738.0,-0.0206,0.0012,0.0392,-0.0247,-0.0052,0.3367,-0.015,0.33,0.35,0.32,no_change,0.34,2026-09-04T15:29:25,-4.22535,0.355000004172325,229.88,2026-09-04 19:44:26,2026-09-04 15:45:04
NVDA,NVDA261016P00165000,NVDA,2026-10-16,P,165.0,0.37,832.0,0.4,558.0,0.5227,22144.0,57.0,-0.0245,0.0014,0.0453,-0.0271,-0.0062,0.3871,-0.03,0.4,0.4,0.37,no_change,0.38,2026-09-04T15:26:31,-7.31707,0.409999996423721,229.88,2026-09-04 19:44:26,2026-09-04 15:45:04
NVDA,NVDA261016P00170000,NVDA,2026-10-16,P,170.0,0.44,445.0,0.46,541.0,0.4959,33267.0,117.0,-0.0293,0.0017,0.0528,-0.03,-0.0073,0.4507,-0.03,0.47,0.47,0.43,no_change,0.45,2026-09-04T15:22:52,-6.25,0.480000004172325,229.88,2026-09-04 19:44:26,2026-09-04 15:45:04
NVDA,NVDA261016P00175000,NVDA,2026-10-16,P,175.0,0.52,528.0,0.54,630.0,0.4696,19420.0,179.0,-0.0357,0.0021,0.062,-0.0336,-0.0089,0.5352,-0.04,0.55,0.55,0.49,up,0.53,2026-09-04T14:51:54,-7.01754,0.569999992847443,229.88,2026-09-04 19:44:26,2026-09-04 15:45:04
NVDA,NVDA261016P00180000,NVDA,2026-10-16,P,180.0,0.64,371.0,0.66,273.0,0.447,62865.0,3162.0,-0.0443,0.0027,0.074,-0.0381,-0.011,0.6523,-0.06,0.65,0.68,0.58,down,0.64,2026-09-04T15:28:53,-8.57143,0.699999988079071,229.88,2026-09-04 19:44:26,2026-09-04 15:45:04
NVDA,NVDA261016P00185000,NVDA,2026-10-16,P,185.0,0.8,442.0,0.83,433.0,0.4263,20285.0,2148.0,-0.056,0.0034,0.0892,-0.044,-0.0139,0.8179,-0.04,0.81,0.83,0.71,no_change,0.83,2026-09-04T15:29:24,-4.5977,0.870000004768372,229.88,2026-09-04 19:44:26,2026-09-04 15:45:04
NVDA,NVDA261016P00190000,NVDA,2026-10-16,P,190.0,1.04,343.0,1.06,145.0,0.4082,23428.0,1135.0,-0.072,0.0043,0.1082,-0.0515,-0.0178,1.0563,-0.065,1.04,1.06,0.89,up,1.05,2026-09-04T15:26:20,-5.8296,1.11500000953674,229.88,2026-09-04 19:44:26,2026-09-04 15:45:04
NVDA,NVDA261016P00195000,NVDA,2026-10-16,P,195.0,1.39,357.0,1.4,10.0,0.3938,36481.0,1477.0,-0.0937,0.0054,0.1317,-0.0607,-0.0229,1.3961,-0.08,1.54,1.54,1.16,up,1.39,2026-09-04T15:28:22,-5.44218,1.47000002861023,229.88,2026-09-04 19:44:26,2026-09-04 15:45:04
NVDA,NVDA261016P00200000,NVDA,2026-10-16,P,200.0,1.87,258.0,1.9,344.0,0.3818,42774.0,6853.0,-0.1227,0.0068,0.1598,-0.0716,-0.0297,1.8801,-0.085,1.85,1.89,1.52,up,1.88,2026-09-04T15:28:22,-4.3257,1.9650000333786,229.88,2026-09-04 19:44:26,2026-09-04 15:45:04
NVDA,NVDA261016P00205000,NVDA,2026-10-16,P,205.0,2.55,168.0,2.57,167.0,0.3718,27515.0,4274.0,-0.1604,0.0084,0.1913,-0.0839,-0.0384,2.5577,-0.085,2.47,2.57,2.02,up,2.57,2026-09-04T15:28:26,-3.20151,2.65500009059906,229.88,2026-09-04 19:44:26,2026-09-04 15:45:04
NVDA,NVDA261016P00210000,NVDA,2026-10-16,P,210.0,3.45,356.0,3.5,395.0,0.3638,19088.0,2150.0,-0.2068,0.0101,0.2238,-0.0966,-0.049,3.4667,-0.13,3.2,3.48,2.73,up,3.47,2026-09-04T15:27:46,-3.61111,3.60000002384186,229.88,2026-09-04 19:44:26,2026-09-04 15:45:04
NVDA,NVDA261016P00215000,NVDA,2026-10-16,P,215.0,4.65,690.0,4.7,180.0,0.3573,9513.0,1435.0,-0.2624,0.0118,0.2548,-0.1087,-0.0614,4.6675,-0.13,4.4,4.7,3.67,no_change,4.67,2026-09-04T15:28:14,-2.70833,4.79999995231628,229.88,2026-09-04 19:44:26,2026-09-04 15:45:04
NVDA,NVDA261016P00220000,NVDA,2026-10-16,P,220.0,6.15,831.0,6.25,532.0,0.3517,56626.0,2955.0,-0.3263,0.0132,0.2812,-0.1189,-0.075,6.2013,-0.15,5.75,6.21,4.9,up,6.2,2026-09-04T15:29:06,-2.36221,6.35000014305115,229.88,2026-09-04 19:44:26,2026-09-04 15:45:04
NVDA,NVDA261016P00225000,NVDA,2026-10-16,P,225.0,8.05,700.0,8.15,530.0,0.3478,9322.0,3483.0,-0.3961,0.0144,0.3001,-0.1262,-0.089,8.0908,-0.175,7.63,8.11,6.45,no_change,8.1,2026-09-04T15:29:10,-2.1148,8.27500009536743,229.88,2026-09-04 19:44:26,2026-09-04 15:45:04
NVDA,NVDA261016P00230000,NVDA,2026-10-16,P,230.0,10.35,68.0,10.45,418.0,0.344,6669.0,11666.0,-0.4703,0.015,0.3095,-0.1297,-0.1026,10.3783,-0.21,9.7,10.45,8.4,no_change,10.39,2026-09-04T15:29:24,-1.98113,10.5999999046326,229.88,2026-09-04 19:44:26,2026-09-04 15:45:04
NVDA,NVDA261016P00235000,NVDA,2026-10-16,P,235.0,13.0,241.0,13.1,42.0,0.3414,1286.0,4912.0,-0.5453,0.0152,0.3082,-0.1292,-0.1148,13.0582,-0.26,12.42,13.05,10.7,up,13.04,2026-09-04T15:26:07,-1.95489,13.3000001907349,229.88,2026-09-04 19:44:26,2026-09-04 15:45:04
NVDA,NVDA261016P00240000,NVDA,2026-10-16,P,240.0,16.05,321.0,16.2,51.0,0.3393,1025.0,1911.0,-0.6189,0.0148,0.2962,-0.1248,-0.124,16.1459,-0.375,14.65,16.05,13.44,up,16.05,2026-09-04T15:09:36,-2.28311,16.4250001907349,229.88,2026-09-04 19:44:26,2026-09-04 15:45:04
NVDA,NVDA261016P00245000,NVDA,2026-10-16,P,245.0,19.5,261.0,19.65,36.0,0.3386,266.0,141.0,-0.6876,0.014,0.275,-0.1173,-0.1298,19.5981,-0.445,18.5,19.42,16.55,down,19.33,2026-09-04T14:44:52,-2.25032,19.7750005722046,229.88,2026-09-04 19:44:26,2026-09-04 15:45:04
NVDA,NVDA261016P00250000,NVDA,2026-10-16,P,250.0,22.8,797.0,23.45,98.0,0.3284,1068.0,208.0,-0.7496,0.0129,0.2468,-0.1077,-0.1309,23.3759,-0.55,21.35,23.5,20.0,up,23.5,2026-09-04T13:56:20,-2.2869,24.0500001907349,229.88,2026-09-04 19:44:26,2026-09-04 15:45:04
NVDA,NVDA261016P00255000,NVDA,2026-10-16,P,255.0,26.85,424.0,28.0,456.0,0.3399,879.0,45.0,-0.8042,0.0115,0.2137,-0.0967,-0.1265,27.4452,-0.825,23.96,27.25,23.96,up,27.25,2026-09-04T15:16:44,-2.93856,28.0749998092651,229.88,2026-09-04 19:44:26,2026-09-04 15:45:04
NVDA,NVDA261016P00260000,NVDA,2026-10-16,P,260.0,31.1,433.0,31.8,18.0,0.3243,319.0,21.0,-0.8507,0.01,0.1784,-0.0852,-0.1175,31.7607,-1.25,29.05,30.8,27.91,up,30.8,2026-09-04T11:57:21,-3.90016,32.0500001907349,229.88,2026-09-04 19:44:26,2026-09-04 15:45:04
NVDA,NVDA261016P00265000,NVDA,2026-10-16,P,265.0,35.5,293.0,36.35,119.0,0.3192,217.0,5.0,-0.889,0.0085,0.1447,-0.0736,-0.1047,36.2629,-4.355,32.35,32.47,32.35,up,32.47,2026-09-04T10:27:54,-11.8262,36.8250007629394,229.88,2026-09-04 19:44:26,2026-09-04 15:45:04
NVDA,NVDA261016P00270000,NVDA,2026-10-16,P,270.0,40.15,536.0,41.0,135.0,0.3112,1031.0,27.0,-0.9194,0.0071,0.1142,-0.0622,-0.0882,40.9186,-1.075,37.45,40.5,36.65,up,40.5,2026-09-04T13:52:42,-2.58569,41.5750007629394,229.88,2026-09-04 19:44:26,2026-09-04 15:45:04
NVDA,NVDA261016P00275000,NVDA,2026-10-16,P,275.0,44.95,151.0,46.0,103.0,0.3222,34.0,0.0,-0.9426,0.0057,0.0904,-0.0513,-0.0743,45.6885,0.0,0.0,0.0,0.0,down,47.9,2026-09-02T12:17:16,0.0,46.3500003814697,229.88,2026-09-04 19:44:26,2026-09-04 15:45:04
NVDA,NVDA261016P00280000,NVDA,2026-10-16,P,280.0,49.8,122.0,50.85,80.0,0.3024,17.0,1.0,-0.9598,0.0044,0.0645,-0.041,-0.0626,50.5418,-2.935,47.54,47.54,47.54,down,47.54,2026-09-04T09:45:24,-5.81476,50.4750003814697,229.88,2026-09-04 19:44:26,2026-09-04 15:45:04
NVDA,NVDA261016P00285000,NVDA,2026-10-16,P,285.0,54.75,120.0,55.75,41.0,0.0,0.0,0.0,-0.9722,0.0034,0.0468,-0.0321,-0.0472,55.4445,0.0,0.0,0.0,0.0,down,65.58,2026-08-10T11:57:30,0.0,55.7750015258789,229.88,2026-09-04 19:44:26,2026-09-04 15:45:04
NVDA,NVDA261016P00290000,NVDA,2026-10-16,P,290.0,58.65,115.0,62.15,62.0,0.3768,0.0,0.0,-0.9809,0.0025,0.0351,-0.0245,-0.0449,60.3841,0.0,0.0,0.0,0.0,up,74.6,2026-09-01T15:58:28,0.0,60.8500003814697,229.88,2026-09-04 19:44:26,2026-09-04 15:45:04
NVDA,NVDA261016P00295000,NVDA,2026-10-16,P,295.0,62.8,115.0,67.3,62.0,0.0,0.0,0.0,-0.987,0.0019,0.0228,-0.0183,-0.0322,65.3454,0.0,0.0,0.0,0.0,down,79.62,2026-08-21T10:36:24,0.0,65.7749977111816,229.88,2026-09-04 19:44:26,2026-09-04 15:45:04
NVDA,NVDA261016P00300000,NVDA,2026-10-16,P,300.0,69.25,210.0,71.3,210.0,0.0,1.0,1.0,-0.9911,0.0014,0.0176,-0.0135,-0.0315,70.3207,-2.125,68.5,68.5,68.5,down,68.5,2026-09-04T11:40:21,-3.00885,70.625,229.88,2026-09-04 19:44:26,2026-09-04 15:45:04
NVDA,NVDA261016P00305000,NVDA,2026-10-16,P,305.0,74.15,69.0,77.05,64.0,0.4884,0.0,0.0,-0.994,0.001,0.012,-0.0098,-0.024,75.3042,0.0,0.0,0.0,0.0,no_change,0.0,,0.0,75.7749977111816,229.88,2026-09-04 19:44:26,2026-09-04 15:45:04
NVDA,NVDA261016P00310000,NVDA,2026-10-16,P,310.0,77.8,67.0,82.1,69.0,0.0,0.0,0.0,-0.9959,0.0007,0.0079,-0.0071,-0.0235,80.2944,0.0,0.0,0.0,0.0,down,87.0,2026-08-07T15:21:26,0.0,80.625,229.88,2026-09-04 19:44:26,2026-09-04 15:45:04
NVDA,NVDA261016P00315000,NVDA,2026-10-16,P,315.0,82.75,69.0,87.1,64.0,0.0,0.0,0.0,-0.9973,0.0005,0.0066,-0.0049,-0.0208,85.2864,0.0,0.0,0.0,0.0,no_change,0.0,,0.0,85.6749992370606,229.88,2026-09-04 19:44:26,2026-09-04 15:45:04
NVDA,NVDA261016P00320000,NVDA,2026-10-16,P,320.0,87.8,57.0,91.95,60.0,0.0,0.0,0.0,-0.9981,0.0003,0.0034,-0.0035,-0.0199,90.2821,0.0,0.0,0.0,0.0,no_change,0.0,,0.0,90.8250007629394,229.88,2026-09-04 19:44:26,2026-09-04 15:45:04
NVDA,NVDA261016P00325000,NVDA,2026-10-16,P,325.0,92.7,64.0,96.95,70.0,0.0,0.0,0.0,-0.9987,0.0002,0.0026,-0.0025,-0.0201,95.2786,0.0,0.0,0.0,0.0,no_change,0.0,,0.0,95.7999992370606,229.88,2026-09-04 19:44:26,2026-09-04 15:45:04
NVDA,NVDA261016P00330000,NVDA,2026-10-16,P,330.0,97.8,68.0,102.05,66.0,0.0,0.0,0.0,-0.9992,0.0002,0.0022,-0.0016,-0.0192,100.2755,0.0,0.0,0.0,0.0,no_change,0.0,,0.0,100.725002288818,229.88,2026-09-04 19:44:26,2026-09-04 15:45:04
NVDA,NVDA261016P00335000,NVDA,2026-10-16,P,335.0,102.7,61.0,107.15,70.0,0.0,0.0,0.0,-0.9994,0.0001,0.0011,-0.0011,-0.019,105.2736,0.0,0.0,0.0,0.0,no_change,0.0,,0.0,105.724998474121,229.88,2026-09-04 19:44:26,2026-09-04 15:45:04
NVDA,NVDA261016P00340000,NVDA,2026-10-16,P,340.0,107.8,62.0,112.0,65.0,0.0,0.0,0.0,-0.9996,0.0001,0.0007,-0.0008,-0.0193,110.2719,0.0,0.0,0.0,0.0,no_change,0.0,,0.0,110.825000762939,229.88,2026-09-04 19:44:26,2026-09-04 15:45:04
NVDA,NVDA261016P00345000,NVDA,2026-10-16,P,345.0,112.7,70.0,117.15,69.0,0.0,0.0,0.0,-0.9998,0.0,0.0006,-0.0005,-0.0195,115.2703,0.0,0.0,0.0,0.0,no_change,0.0,,0.0,115.825000762939,229.88,2026-09-04 19:44:26,2026-09-04 15:45:04
NVDA,NVDA261016P00350000,NVDA,2026-10-16,P,350.0,117.95,70.0,122.1,63.0,0.0,0.0,0.0,-0.9998,0.0,0.0004,-0.0003,-0.0194,120.2688,0.0,0.0,0.0,0.0,no_change,0.0,,0.0,120.700000762939,229.88,2026-09-04 19:44:26,2026-09-04 15:45:04
NVDA,NVDA261016P00355000,NVDA,2026-10-16,P,355.0,122.7,68.0,127.25,63.0,0.0,0.0,0.0,-0.9999,0.0,0.0002,-0.0002,-0.0196,125.2675,0.0,0.0,0.0,0.0,no_change,0.0,,0.0,125.724998474121,229.88,2026-09-04 19:44:26,2026-09-04 15:45:04
NVDA,NVDA261016P00360000,NVDA,2026-10-16,P,360.0,127.75,67.0,132.15,65.0,0.0,0.0,0.0,-0.9999,0.0,0.0001,-0.0001,-0.0198,130.2662,0.0,0.0,0.0,0.0,up,142.25,2026-05-29T13:06:51,0.0,130.825004577637,229.88,2026-09-04 19:44:26,2026-09-04 15:45:04
NVDA,NVDA261016P00365000,NVDA,2026-10-16,P,365.0,132.7,62.0,137.15,69.0,0.0,0.0,0.0,-1.0,0.0,0.0001,-0.0001,-0.0201,135.265,0.0,0.0,0.0,0.0,no_change,0.0,,0.0,135.675003051758,229.88,2026-09-04 19:44:26,2026-09-04 15:45:04
NVDA,NVDA261016P00370000,NVDA,2026-10-16,P,370.0,137.9,61.0,141.95,65.0,0.0,0.0,0.0,-1.0,0.0,0.0001,0.0,-0.0203,140.2637,0.0,0.0,0.0,0.0,up,146.03,2026-08-27T09:34:17,0.0,140.800003051758,229.88,2026-09-04 19:44:26,2026-09-04 15:45:04
NVDA,NVDA261016P00375000,NVDA,2026-10-16,P,375.0,142.7,69.0,146.9,69.0,0.0,0.0,0.0,-1.0,0.0,0.0,0.0,-0.0206,145.2625,0.0,0.0,0.0,0.0,no_change,0.0,,0.0,145.800003051758,229.88,2026-09-04 19:44:26,2026-09-04 15:45:04
NVDA,NVDA261016P00380000,NVDA,2026-10-16,P,380.0,147.9,61.0,152.0,61.0,0.0,0.0,0.0,-1.0,0.0,0.0,0.0,-0.0208,150.2613,0.0,0.0,0.0,0.0,up,158.2,2026-05-21T14:10:39,0.0,150.700004577637,229.88,2026-09-04 19:44:26,2026-09-04 15:45:04
NVDA,NVDA261016P00385000,NVDA,2026-10-16,P,385.0,152.7,69.0,157.25,69.0,0.0,0.0,0.0,-1.0,0.0,0.0,0.0,-0.0211,155.2601,0.0,0.0,0.0,0.0,no_change,0.0,,0.0,155.775001525879,229.88,2026-09-04 19:44:26,2026-09-04 15:45:04
NVDA,NVDA261016P00390000,NVDA,2026-10-16,P,390.0,157.75,67.0,162.1,69.0,0.0,0.0,0.0,-1.0,0.0,0.0,0.0,-0.0214,160.2589,0.0,0.0,0.0,0.0,down,183.33,2026-08-03T15:53:36,0.0,160.625,229.88,2026-09-04 19:44:26,2026-09-04 15:45:04
NVDA,NVDA261016P00395000,NVDA,2026-10-16,P,395.0,162.7,69.0,167.3,69.0,0.0,0.0,0.0,-1.0,0.0,0.0,0.0,-0.0217,165.2577,0.0,0.0,0.0,0.0,no_change,0.0,,0.0,165.650001525879,229.88,2026-09-04 19:44:26,2026-09-04 15:45:04
NVDA,NVDA261016P00400000,NVDA,2026-10-16,P,400.0,167.9,63.0,172.1,65.0,0.0,1.0,0.0,-1.0,0.0,0.0,0.0,-0.0219,170.2565,0.0,0.0,0.0,0.0,up,184.22,2026-08-21T12:12:33,0.0,170.800003051758,229.88,2026-09-04 19:44:26,2026-09-04 15:45:04
NVDA,NVDA261016P00405000,NVDA,2026-10-16,P,405.0,172.65,69.0,177.3,69.0,0.0,0.0,0.0,-1.0,0.0,0.0,0.0,-0.0222,175.2553,0.0,0.0,0.0,0.0,no_change,0.0,,0.0,175.650001525879,229.88,2026-09-04 19:44:26,2026-09-04 15:45:04
NVDA,NVDA261016P00410000,NVDA,2026-10-16,P,410.0,177.75,67.0,182.1,70.0,0.0,0.0,0.0,-1.0,0.0,0.0,0.0,-0.0225,180.2541,0.0,0.0,0.0,0.0,down,182.97,2026-08-13T15:50:28,0.0,180.724998474121,229.88,2026-09-04 19:44:26,2026-09-04 15:45:04
NVDA,NVDA261016P00415000,NVDA,2026-10-16,P,415.0,182.65,62.0,186.95,69.0,0.0,0.0,0.0,-1.0,0.0,0.0,0.0,-0.0228,185.2529,0.0,0.0,0.0,0.0,no_change,0.0,,0.0,185.725006103516,229.88,2026-09-04 19:44:26,2026-09-04 15:45:04
NVDA,NVDA261016P00420000,NVDA,2026-10-16,P,420.0,187.9,61.0,192.1,65.0,0.0,0.0,0.0,-1.0,0.0,0.0,0.0,-0.023,190.2517,0.0,0.0,0.0,0.0,no_change,0.0,,0.0,190.724998474121,229.88,2026-09-04 19:44:26,2026-09-04 15:45:04
NVDA,NVDA261016P00425000,NVDA,2026-10-16,P,425.0,192.5,68.0,197.0,52.0,0.0,0.0,0.0,-1.0,0.0,0.0,0.0,-0.0233,195.2506,0.0,0.0,0.0,0.0,no_change,0.0,,0.0,195.600006103516,229.88,2026-09-04 19:44:26,2026-09-04 15:45:04
NVDA,NVDA261016P00430000,NVDA,2026-10-16,P,430.0,197.75,56.0,202.1,51.0,0.0,0.0,0.0,-1.0,0.0,0.0,0.0,-0.0236,200.2494,0.0,0.0,0.0,0.0,no_change,0.0,,0.0,200.724998474121,229.88,2026-09-04 19:44:26,2026-09-04 15:45:04
NVDA,NVDA261016P00435000,NVDA,2026-10-16,P,435.0,202.7,61.0,207.05,64.0,0.0,0.0,0.0,-1.0,0.0,0.0,0.0,-0.0238,205.2482,0.0,0.0,0.0,0.0,no_change,0.0,,0.0,205.575004577637,229.88,2026-09-04 19:44:26,2026-09-04 15:45:04
NVDA,NVDA261016P00440000,NVDA,2026-10-16,P,440.0,207.75,68.0,212.1,61.0,0.0,0.0,0.0,-1.0,0.0,0.0,0.0,-0.0241,210.247,0.0,0.0,0.0,0.0,down,212.53,2026-05-13T12:30:55,0.0,210.675003051758,229.88,2026-09-04 19:44:26,2026-09-04 15:45:04
NVDA,NVDA261016P00450000,NVDA,2026-10-16,P,450.0,217.9,69.0,221.9,61.0,0.0,0.0,0.0,-1.0,0.0,0.0,0.0,-0.0247,220.2446,0.0,0.0,0.0,0.0,no_change,0.0,,0.0,220.75,229.88,2026-09-04 19:44:26,2026-09-04 15:45:04
NVDA,NVDA261016P00455000,NVDA,2026-10-16,P,455.0,222.7,62.0,227.1,69.0,0.0,0.0,0.0,-1.0,0.0,0.0,0.0,-0.0249,225.2434,0.0,0.0,0.0,0.0,down,229.4,2026-08-13T15:51:57,0.0,225.775001525879,229.88,2026-09-04 19:44:26,2026-09-04 15:45:04
NVDA,NVDA261016P00460000,NVDA,2026-10-16,P,460.0,227.9,64.0,232.0,69.0,0.0,0.0,0.0,-1.0,0.0,0.0,0.0,-0.0252,230.2422,0.0,0.0,0.0,0.0,down,234.38,2026-08-13T15:51:57,0.0,230.800003051758,229.88,2026-09-04 19:44:26,2026-09-04 15:45:04
NVDA,NVDA261023C00050000,NVDA,2026-10-23,C,50.0,175.7,1.0,184.25,1.0,1.2503,0.0,0.0,0.9995,0.0,0.0018,-0.0024,0.0652,179.9907,0.0,0.0,0.0,0.0,no_change,0.0,,0.0,0.0,229.88,2026-09-04 19:44:26,2026-09-04 15:45:04
NVDA,NVDA261023C00055000,NVDA,2026-10-23,C,55.0,170.75,1.0,179.3,1.0,1.3405,0.0,0.0,0.9994,0.0,0.0021,-0.0028,0.0716,175.0239,0.0,0.0,0.0,0.0,no_change,0.0,,0.0,0.0,229.88,2026-09-04 19:44:26,2026-09-04 15:45:04
NVDA,NVDA261023C00060000,NVDA,2026-10-23,C,60.0,165.8,1.0,174.35,1.0,1.3326,0.0,0.0,0.9992,0.0,0.0026,-0.0032,0.0781,170.0576,0.0,0.0,0.0,0.0,no_change,0.0,,0.0,0.0,229.88,2026-09-04 19:44:26,2026-09-04 15:45:04
NVDA,NVDA261023C00065000,NVDA,2026-10-23,C,65.0,160.8,1.0,169.35,1.0,1.1466,0.0,0.0,0.999,0.0,0.0031,-0.0036,0.0846,165.0918,0.0,0.0,0.0,0.0,no_change,0.0,,0.0,0.0,229.88,2026-09-04 19:44:26,2026-09-04 15:45:04
NVDA,NVDA261023C00070000,NVDA,2026-10-23,C,70.0,155.85,72.0,164.4,1.0,1.1615,0.0,0.0,0.9988,0.0,0.0036,-0.0041,0.091,160.1266,0.0,0.0,0.0,0.0,no_change,0.0,,0.0,0.0,229.88,2026-09-04 19:44:26,2026-09-04 15:45:04
NVDA,NVDA261023C00075000,NVDA,2026-10-23,C,75.0,150.9,70.0,159.4,3.0,1.0844,0.0,0.0,0.9986,0.0,0.0043,-0.0047,0.0975,155.1621,0.0,0.0,0.0,0.0,no_change,0.0,,0.0,0.0,229.88,2026-09-04 19:44:26,2026-09-04 15:45:04
NVDA,NVDA261023C00080000,NVDA,2026-10-23,C,80.0,145.9,1.0,154.45,1.0,1.0116,0.0,0.0,0.9982,0.0001,0.005,-0.0052,0.1039,150.1983,0.0,0.0,0.0,0.0,no_change,0.0,,0.0,0.0,229.88,2026-09-04 19:44:26,2026-09-04 15:45:04
NVDA,NVDA261023C00085000,NVDA,2026-10-23,C,85.0,140.95,72.0,149.5,1.0,1.0067,0.0,0.0,0.9979,0.0001,0.0059,-0.0058,0.1103,145.2353,0.0,0.0,0.0,0.0,no_change,0.0,,0.0,0.0,229.88,2026-09-04 19:44:26,2026-09-04 15:45:04
NVDA,NVDA261023C00090000,NVDA,2026-10-23,C,90.0,136.0,72.0,144.55,1.0,0.9866,0.0,0.0,0.9975,0.0001,0.0068,-0.0065,0.1168,140.2731,0.0,0.0,0.0,0.0,no_change,0.0,,0.0,0.0,229.88,2026-09-04 19:44:26,2026-09-04 15:45:04
NVDA,NVDA261023C00095000,NVDA,2026-10-23,C,95.0,131.05,72.0,139.55,1.0,0.9268,0.0,0.0,0.997,0.0001,0.0079,-0.0072,0.1231,135.312,0.0,0.0,0.0,0.0,no_change,0.0,,0.0,0.0,229.88,2026-09-04 19:44:26,2026-09-04 15:45:04
NVDA,NVDA261023C00100000,NVDA,2026-10-23,C,100.0,126.05,52.0,134.6,1.0,0.8702,0.0,0.0,0.9965,0.0001,0.0091,-0.008,0.1295,130.3519,0.0,0.0,0.0,0.0,no_change,0.0,,0.0,0.0,229.88,2026-09-04 19:44:26,2026-09-04 15:45:04
NVDA,NVDA261023C00105000,NVDA,2026-10-23,C,105.0,121.15,72.0,129.65,1.0,0.8742,0.0,0.0,0.9959,0.0002,0.0105,-0.0088,0.1358,125.3932,0.0,0.0,0.0,0.0,no_change,0.0,,0.0,0.0,229.88,2026-09-04 19:44:26,2026-09-04 15:45:04
NVDA,NVDA261023C00110000,NVDA,2026-10-23,C,110.0,116.45,82.0,124.7,11.0,0.9204,0.0,0.0,0.9952,0.0002,0.0121,-0.0098,0.1421,120.4358,0.0,0.0,0.0,0.0,no_change,0.0,,0.0,0.0,229.88,2026-09-04 19:44:26,2026-09-04 15:45:04
NVDA,NVDA261023C00115000,NVDA,2026-10-23,C,115.0,111.4,82.0,119.75,11.0,0.842,0.0,0.0,0.9944,0.0002,0.0138,-0.0107,0.1484,115.4799,0.0,0.0,0.0,0.0,no_change,0.0,,0.0,0.0,229.88,2026-09-04 19:44:26,2026-09-04 15:45:04
NVDA,NVDA261023C00120000,NVDA,2026-10-23,C,120.0,106.45,70.0,114.8,11.0,0.8174,0.0,0.0,0.9935,0.0003,0.0158,-0.0118,0.1546,110.5258,0.0,0.0,0.0,0.0,no_change,0.0,,0.0,0.0,229.88,2026-09-04 19:44:26,2026-09-04 15:45:04
NVDA,NVDA261023C00125000,NVDA,2026-10-23,C,125.0,102.05,82.0,109.85,11.0,0.8691,0.0,0.0,0.9924,0.0004,0.0181,-0.0129,0.1608,105.5738,0.0,0.0,0.0,0.0,no_change,0.0,,0.0,0.0,229.88,2026-09-04 19:44:26,2026-09-04 15:45:04
NVDA,NVDA261023C00130000,NVDA,2026-10-23,C,130.0,97.4,82.0,104.9,11.0,0.8592,0.0,0.0,0.9911,0.0004,0.0207,-0.0141,0.167,100.6241,0.0,0.0,0.0,0.0,no_change,0.0,,0.0,0.0,229.88,2026-09-04 19:44:26,2026-09-04 15:45:04
NVDA,NVDA261023C00135000,NVDA,2026-10-23,C,135.0,92.7,82.0,99.95,11.0,0.8331,0.0,0.0,0.9897,0.0005,0.0236,-0.0154,0.173,95.6771,0.0,0.0,0.0,0.0,no_change,0.0,,0.0,0.0,229.88,2026-09-04 19:44:26,2026-09-04 15:45:04
NVDA,NVDA261023C00140000,NVDA,2026-10-23,C,140.0,87.3,118.0,94.95,10.0,0.745,0.0,0.0,0.9879,0.0006,0.027,-0.0168,0.179,90.7332,0.0,0.0,0.0,0.0,no_change,0.0,,0.0,0.0,229.88,2026-09-04 19:44:26,2026-09-04 15:45:04
NVDA,NVDA261023C00145000,NVDA,2026-10-23,C,145.0,82.85,124.0,90.05,11.0,0.7516,0.0,0.0,0.9859,0.0007,0.0308,-0.0183,0.1849,85.7932,0.0,0.0,0.0,0.0,no_change,0.0,,0.0,0.0,229.88,2026-09-04 19:44:26,2026-09-04 15:45:04
NVDA,NVDA261023C00150000,NVDA,2026-10-23,C,150.0,79.4,118.0,85.1,3.0,0.8026,0.0,0.0,0.9835,0.0008,0.0352,-0.02,0.1907,80.8581,0.0,0.0,0.0,0.0,no_change,0.0,,0.0,0.0,229.88,2026-09-04 19:44:26,2026-09-04 15:45:04
NVDA,NVDA261023C00155000,NVDA,2026-10-23,C,155.0,72.5,118.0,80.2,3.0,0.6354,0.0,0.0,0.9806,0.001,0.0405,-0.0218,0.1963,75.9295,0.0,0.0,0.0,0.0,no_change,0.0,,0.0,75.7750015258789,229.88,2026-09-04 19:44:26,2026-09-04 15:45:04
NVDA,NVDA261023C00160000,NVDA,2026-10-23,C,160.0,70.35,90.0,75.2,11.0,0.7472,0.0,5.0,0.9771,0.0012,0.0467,-0.024,0.2017,71.0103,0.375,71.2,71.2,71.2,up,71.2,2026-09-04T13:49:29,0.529473,70.8250007629394,229.88,2026-09-04 19:44:26,2026-09-04 15:45:04
NVDA,NVDA261023C00165000,NVDA,2026-10-23,C,165.0,63.95,161.0,70.3,13.0,0.635,0.0,1.0,0.9726,0.0015,0.0542,-0.0266,0.2068,66.1044,4.07,69.52,69.52,69.52,up,69.52,2026-09-04T09:47:17,6.21849,65.4500007629394,229.88,2026-09-04 19:44:26,2026-09-04 15:45:04
NVDA,NVDA261023C00170000,NVDA,2026-10-23,C,170.0,60.15,137.0,65.4,11.0,0.6439,0.0,12.0,0.9668,0.0018,0.0635,-0.0297,0.2115,61.2185,0.33,65.7,65.7,61.38,no_change,61.38,2026-09-04T13:50:07,0.540539,61.0500011444092,229.88,2026-09-04 19:44:26,2026-09-04 15:45:04
NVDA,NVDA261023C00175000,NVDA,2026-10-23,C,175.0,55.05,151.0,57.75,11.0,0.4606,0.0,1.0,0.9592,0.0023,0.075,-0.0336,0.2156,56.3619,4.2,60.4,60.4,60.4,up,60.4,2026-09-04T10:38:51,7.47331,56.2000007629394,229.88,2026-09-04 19:44:26,2026-09-04 15:45:04
NVDA,NVDA261023C00180000,NVDA,2026-10-23,C,180.0,51.35,18.0,52.55,62.0,0.4774,0.0,1.0,0.9491,0.0028,0.0896,-0.0386,0.2189,51.5479,1.75,52.45,52.45,52.45,up,52.45,2026-09-04T13:16:17,3.45167,50.7000007629394,229.88,2026-09-04 19:44:26,2026-09-04 15:45:04
NVDA,NVDA261023C00185000,NVDA,2026-10-23,C,185.0,46.55,18.0,47.8,32.0,0.4522,0.0,1.0,0.9356,0.0036,0.1077,-0.0447,0.2211,46.7946,1.7,47.85,47.85,47.85,up,47.85,2026-09-04T13:32:05,3.68364,46.1500015258789,229.88,2026-09-04 19:44:26,2026-09-04 15:45:04
NVDA,NVDA261023C00190000,NVDA,2026-10-23,C,190.0,41.4,65.0,42.35,63.0,0.3831,1.0,2.0,0.9176,0.0045,0.1296,-0.0522,0.2219,42.1262,1.775,43.25,43.25,43.25,up,43.25,2026-09-04T12:11:28,4.27969,41.4750003814697,229.88,2026-09-04 19:44:26,2026-09-04 15:45:04
NVDA,NVDA261023C00195000,NVDA,2026-10-23,C,195.0,37.05,120.0,38.05,119.0,0.3897,10.0,0.0,0.8941,0.0055,0.1557,-0.061,0.2208,37.573,0.0,0.0,0.0,0.0,no_change,37.45,2026-09-03T14:49:19,0.0,36.875,229.88,2026-09-04 19:44:26,2026-09-04 15:45:04
NVDA,NVDA261023C00200000,NVDA,2026-10-23,C,200.0,33.05,14.0,33.35,296.0,0.382,16.0,49.0,0.8641,0.0068,0.1854,-0.0709,0.2175,33.1759,2.22,37.08,37.29,34.25,up,34.72,2026-09-04T12:45:18,6.83077,32.5,229.88,2026-09-04 19:44:26,2026-09-04 15:45:04
NVDA,NVDA261023C00205000,NVDA,2026-10-23,C,205.0,28.75,50.0,29.35,361.0,0.3756,2.0,7.0,0.8267,0.0081,0.2172,-0.0816,0.2117,28.9706,1.025,32.73,32.89,29.35,down,29.35,2026-09-04T14:34:10,3.61871,28.3250007629394,229.88,2026-09-04 19:44:26,2026-09-04 15:45:04
NVDA,NVDA261023C00210000,NVDA,2026-10-23,C,210.0,24.85,19.0,25.1,293.0,0.3639,51.0,7.0,0.7817,0.0096,0.2494,-0.0922,0.2034,24.9949,1.875,28.1,28.13,26.0,down,26.0,2026-09-04T12:34:52,7.77202,24.125,229.88,2026-09-04 19:44:26,2026-09-04 15:45:04
NVDA,NVDA261023C00215000,NVDA,2026-10-23,C,215.0,21.0,144.0,21.5,349.0,0.3572,77.0,30.0,0.7293,0.0109,0.2796,-0.1021,0.1924,21.2928,0.775,23.0,24.68,21.5,down,21.5,2026-09-04T14:14:10,3.73944,20.7250003814697,229.88,2026-09-04 19:44:26,2026-09-04 15:45:04
NVDA,NVDA261023C00220000,NVDA,2026-10-23,C,220.0,17.6,412.0,18.0,347.0,0.3506,21.0,86.0,0.6704,0.0121,0.3053,-0.1102,0.179,17.8982,1.1,20.65,21.13,18.15,up,18.25,2026-09-04T14:57:57,6.41399,17.1500005722046,229.88,2026-09-04 19:44:26,2026-09-04 15:45:04
NVDA,NVDA261023C00225000,NVDA,2026-10-23,C,225.0,14.65,434.0,14.95,294.0,0.3486,1086.0,122.0,0.6066,0.013,0.3241,-0.1158,0.1637,14.838,0.61,16.0,17.85,14.86,up,14.91,2026-09-04T15:12:19,4.26573,14.3000001907349,229.88,2026-09-04 19:44:26,2026-09-04 15:45:04
NVDA,NVDA261023C00230000,NVDA,2026-10-23,C,230.0,11.95,294.0,12.25,179.0,0.3455,188.0,221.0,0.5398,0.0136,0.3343,-0.1184,0.147,12.1307,0.7,12.4,15.0,11.7,down,12.15,2026-09-04T15:23:33,6.11353,11.4500002861023,229.88,2026-09-04 19:44:26,2026-09-04 15:45:04
NVDA,NVDA261023C00235000,NVDA,2026-10-23,C,235.0,9.7,143.0,9.85,27.0,0.3438,198.0,653.0,0.4721,0.0137,0.3352,-0.1178,0.1295,9.781,0.775,10.8,12.35,9.7,up,9.9,2026-09-04T15:17:44,8.49315,9.125,229.88,2026-09-04 19:44:26,2026-09-04 15:45:04
NVDA,NVDA261023C00240000,NVDA,2026-10-23,C,240.0,7.75,23.0,7.9,465.0,0.3436,311.0,1468.0,0.4059,0.0134,0.3268,-0.1142,0.1121,7.7882,0.635,8.0,10.0,7.58,down,7.81,2026-09-04T15:24:09,8.85017,7.17500019073486,229.88,2026-09-04 19:44:26,2026-09-04 15:45:04
NVDA,NVDA261023C00245000,NVDA,2026-10-23,C,245.0,6.05,268.0,6.25,367.0,0.3417,4615.0,882.0,0.3442,0.0127,0.3105,-0.1081,0.0955,6.1567,0.525,6.0,8.0,6.0,up,6.15,2026-09-04T15:28:57,9.33333,5.625,229.88,2026-09-04 19:44:26,2026-09-04 15:45:04
NVDA,NVDA261023C00250000,NVDA,2026-10-23,C,250.0,4.75,30.0,4.95,492.0,0.3436,394.0,927.0,0.2872,0.0118,0.2877,-0.1,0.0799,4.8125,0.555,4.7,6.32,4.7,down,4.83,2026-09-04T15:27:46,12.9825,4.27500009536743,229.88,2026-09-04 19:44:26,2026-09-04 15:45:04
NVDA,NVDA261023C00255000,NVDA,2026-10-23,C,255.0,3.65,194.0,3.85,514.0,0.3437,56.0,135.0,0.237,0.0106,0.2611,-0.0907,0.0661,3.7419,0.52,3.38,5.0,3.38,up,3.82,2026-09-04T15:27:46,15.7576,3.30000007152557,229.88,2026-09-04 19:44:26,2026-09-04 15:45:04
NVDA,NVDA261023C00260000,NVDA,2026-10-23,C,260.0,2.85,119.0,2.92,10.0,0.3446,376.0,498.0,0.1936,0.0094,0.2326,-0.0809,0.0542,2.8971,0.445,3.2,3.88,2.93,down,2.95,2026-09-04T15:19:24,17.7645,2.50499999523163,229.88,2026-09-04 19:44:26,2026-09-04 15:45:04
NVDA,NVDA261023C00265000,NVDA,2026-10-23,C,265.0,2.19,121.0,2.27,421.0,0.3469,21.0,127.0,0.1574,0.0082,0.2046,-0.0712,0.0441,2.2449,0.4,2.07,3.0,2.07,down,2.29,2026-09-04T14:20:33,21.164,1.89000004529953,229.88,2026-09-04 19:44:26,2026-09-04 15:45:04
NVDA,NVDA261023C00270000,NVDA,2026-10-23,C,270.0,1.68,552.0,1.76,115.0,0.3498,65.0,218.0,0.1267,0.007,0.177,-0.0618,0.0356,1.7301,0.295,1.7,2.35,1.65,down,1.74,2026-09-04T15:16:17,20.4152,1.44499999284744,229.88,2026-09-04 19:44:26,2026-09-04 15:45:04
NVDA,NVDA261023C00275000,NVDA,2026-10-23,C,275.0,1.29,168.0,1.39,556.0,0.3539,417.0,129.0,0.1022,0.0059,0.152,-0.0534,0.0286,1.3437,0.29,1.2,1.8,1.2,down,1.38,2026-09-04T15:15:35,26.6055,1.08999997377396,229.88,2026-09-04 19:44:26,2026-09-04 15:45:04
NVDA,NVDA261023C00280000,NVDA,2026-10-23,C,280.0,1.01,417.0,1.06,433.0,0.357,18.0,58.0,0.0827,0.005,0.1304,-0.0461,0.0232,1.0544,0.225,1.15,1.39,1.06,no_change,1.06,2026-09-04T14:51:49,26.9461,0.834999978542328,229.88,2026-09-04 19:44:26,2026-09-04 15:45:04
NVDA,NVDA261023C00285000,NVDA,2026-10-23,C,285.0,0.79,140.0,0.86,409.0,0.3632,13.0,149.0,0.0668,0.0042,0.1111,-0.0396,0.0188,0.8298,0.225,1.07,1.07,0.85,up,0.87,2026-09-04T13:36:26,34.8837,0.645000010728836,229.88,2026-09-04 19:44:26,2026-09-04 15:45:04
NVDA,NVDA261023C00290000,NVDA,2026-10-23,C,290.0,0.64,84.0,0.69,450.0,0.3696,2.0,81.0,0.0545,0.0035,0.0947,-0.0342,0.0152,0.6619,0.23,0.77,0.83,0.59,down,0.66,2026-09-04T14:13:30,53.4884,0.430000014603138,229.88,2026-09-04 19:44:26,2026-09-04 15:45:04
NVDA,NVDA261023C00295000,NVDA,2026-10-23,C,295.0,0.51,159.0,0.56,511.0,0.3756,13.0,121.0,0.0447,0.003,0.0811,-0.0296,0.0125,0.5336,0.155,0.44,0.68,0.44,up,0.55,2026-09-04T15:11:06,39.2405,0.395000010728836,229.88,2026-09-04 19:44:26,2026-09-04 15:45:04
NVDA,NVDA261023C00300000,NVDA,2026-10-23,C,300.0,0.42,90.0,0.46,468.0,0.3826,0.0,17.0,0.0369,0.0025,0.0695,-0.0257,0.0103,0.4349,0.46,0.42,0.53,0.42,down,0.46,2026-09-04T12:38:28,0.0,0.0,229.88,2026-09-04 19:44:26,2026-09-04 15:45:04
NVDA,NVDA261023C00305000,NVDA,2026-10-23,C,305.0,0.34,98.0,0.38,115.0,0.3889,0.0,0.0,0.0308,0.0021,0.06,-0.0224,0.0086,0.3581,0.0,0.0,0.0,0.0,no_change,0.0,,0.0,0.0,229.88,2026-09-04 19:44:26,2026-09-04 15:45:04
NVDA,NVDA261023C00310000,NVDA,2026-10-23,C,310.0,0.28,105.0,0.32,554.0,0.396,0.0,3.0,0.0258,0.0018,0.0518,-0.0197,0.0072,0.2978,0.31,0.28,0.31,0.25,up,0.31,2026-09-04T12:49:53,0.0,0.0,229.88,2026-09-04 19:44:26,2026-09-04 15:45:04
NVDA,NVDA261023C00315000,NVDA,2026-10-23,C,315.0,0.23,344.0,0.29,605.0,0.4047,0.0,2.0,0.0218,0.0015,0.0451,-0.0174,0.0061,0.2504,0.24,0.32,0.32,0.24,down,0.24,2026-09-04T11:54:51,0.0,0.0,229.88,2026-09-04 19:44:26,2026-09-04 15:45:04
NVDA,NVDA261023C00320000,NVDA,2026-10-23,C,320.0,0.19,310.0,0.25,630.0,0.4119,0.0,4.0,0.0185,0.0013,0.0393,-0.0153,0.0051,0.2113,0.2,0.24,0.24,0.2,down,0.2,2026-09-04T12:26:05,0.0,0.0,229.88,2026-09-04 19:44:26,2026-09-04 15:45:04
NVDA,NVDA261023C00325000,NVDA,2026-10-23,C,325.0,0.15,400.0,0.19,511.0,0.4136,0.0,38.0,0.0158,0.0011,0.0343,-0.0136,0.0044,0.1796,0.15,0.21,0.21,0.15,no_change,0.15,2026-09-04T15:24:25,0.0,0.0,229.88,2026-09-04 19:44:26,2026-09-04 15:45:04
NVDA,NVDA261023C00330000,NVDA,2026-10-23,C,330.0,0.12,130.0,0.19,436.0,0.4242,0.0,0.0,0.0135,0.001,0.0301,-0.012,0.0038,0.1531,0.0,0.0,0.0,0.0,no_change,0.0,,0.0,0.0,229.88,2026-09-04 19:44:26,2026-09-04 15:45:04
NVDA,NVDA261023C00335000,NVDA,2026-10-23,C,335.0,0.1,126.0,0.17,368.0,0.4318,0.0,0.0,0.0116,0.0008,0.0264,-0.0107,0.0032,0.1312,0.0,0.0,0.0,0.0,no_change,0.0,,0.0,0.0,229.88,2026-09-04 19:44:26,2026-09-04 15:45:04
NVDA,NVDA261023C00340000,NVDA,2026-10-23,C,340.0,0.07,583.0,0.13,634.0,0.4307,0.0,16.0,0.01,0.0007,0.0232,-0.0095,0.0028,0.1128,0.13,0.11,0.14,0.1,up,0.13,2026-09-04T15:21:30,0.0,0.0,229.88,2026-09-04 19:44:26,2026-09-04 15:45:04
NVDA,NVDA261023C00345000,NVDA,2026-10-23,C,345.0,0.05,579.0,0.14,627.0,0.4421,0.0,15.0,0.0087,0.0006,0.0204,-0.0085,0.0024,0.0972,0.11,0.09,0.12,0.09,down,0.11,2026-09-04T12:15:18,0.0,0.0,229.88,2026-09-04 19:44:26,2026-09-04 15:45:04
NVDA,NVDA261023C00350000,NVDA,2026-10-23,C,350.0,0.04,253.0,0.13,464.0,0.4501,0.0,0.0,0.0075,0.0005,0.018,-0.0076,0.0021,0.084,0.0,0.0,0.0,0.0,no_change,0.0,,0.0,0.0,229.88,2026-09-04 19:44:26,2026-09-04 15:45:04
NVDA,NVDA261023C00360000,NVDA,2026-10-23,C,360.0,0.02,275.0,0.1,466.0,0.459,0.0,0.0,0.0057,0.0004,0.0141,-0.0061,0.0016,0.0634,0.0,0.0,0.0,0.0,no_change,0.0,,0.0,0.0,229.88,2026-09-04 19:44:26,2026-09-04 15:45:04
NVDA,NVDA261023C00370000,NVDA,2026-10-23,C,370.0,0.03,299.0,0.05,1.0,0.4645,0.0,15.0,0.0044,0.0003,0.0112,-0.0049,0.0012,0.0486,0.03,0.04,0.05,0.03,no_change,0.03,2026-09-04T15:24:25,0.0,0.0,229.88,2026-09-04 19:44:26,2026-09-04 15:45:04
NVDA,NVDA261023C00380000,NVDA,2026-10-23,C,380.0,0.01,224.0,0.08,367.0,0.4932,0.0,0.0,0.0034,0.0002,0.009,-0.004,0.0009,0.038,0.0,0.0,0.0,0.0,no_change,0.0,,0.0,0.0,229.88,2026-09-04 19:44:26,2026-09-04 15:45:04
NVDA,NVDA261023C00390000,NVDA,2026-10-23,C,390.0,0.0,0.0,0.08,383.0,0.51,0.0,0.0,0.0027,0.0002,0.0073,-0.0033,0.0007,0.0303,0.0,0.0,0.0,0.0,no_change,0.0,,0.0,0.0,229.88,2026-09-04 19:44:26,2026-09-04 15:45:04
NVDA,NVDA261023P00050000,NVDA,2026-10-23,P,50.0,0.0,0.0,0.06,336.0,1.4488,0.0,0.0,-0.0006,0.0,0.0018,-0.0024,-0.0002,0.0204,0.0,0.0,0.0,0.0,no_change,0.0,,0.0,0.0,229.88,2026-09-04 19:44:26,2026-09-04 15:45:04
NVDA,NVDA261023P00055000,NVDA,2026-10-23,P,55.0,0.0,0.0,0.06,226.0,1.3602,0.0,0.0,-0.0008,0.0,0.0021,-0.0028,-0.0002,0.0244,0.0,0.0,0.0,0.0,no_change,0.0,,0.0,0.0,229.88,2026-09-04 19:44:26,2026-09-04 15:45:04
NVDA,NVDA261023P00060000,NVDA,2026-10-23,P,60.0,0.0,0.0,0.07,323.0,1.2978,0.0,0.0,-0.0009,0.0,0.0026,-0.0032,-0.0003,0.0288,0.0,0.0,0.0,0.0,no_change,0.0,,0.0,0.0,229.88,2026-09-04 19:44:26,2026-09-04 15:45:04
NVDA,NVDA261023P00065000,NVDA,2026-10-23,P,65.0,0.01,165.0,0.07,226.0,1.2382,0.0,0.0,-0.0011,0.0,0.0031,-0.0036,-0.0004,0.0337,0.0,0.0,0.0,0.0,no_change,0.0,,0.0,0.0,229.88,2026-09-04 19:44:26,2026-09-04 15:45:04
NVDA,NVDA261023P00070000,NVDA,2026-10-23,P,70.0,0.01,175.0,0.08,226.0,1.1815,0.0,0.0,-0.0013,0.0,0.0037,-0.0041,-0.0004,0.0393,0.0,0.0,0.0,0.0,no_change,0.0,,0.0,0.0,229.88,2026-09-04 19:44:26,2026-09-04 15:45:04
NVDA,NVDA261023P00075000,NVDA,2026-10-23,P,75.0,0.01,188.0,0.08,226.0,1.1157,0.0,0.0,-0.0016,0.0,0.0043,-0.0047,-0.0005,0.0455,0.0,0.0,0.0,0.0,no_change,0.0,,0.0,0.0,229.88,2026-09-04 19:44:26,2026-09-04 15:45:04
NVDA,NVDA261023P00080000,NVDA,2026-10-23,P,80.0,0.01,350.0,0.09,226.0,1.0653,0.0,0.0,-0.0019,0.0001,0.0051,-0.0052,-0.0006,0.0524,0.0,0.0,0.0,0.0,no_change,0.0,,0.0,0.0,229.88,2026-09-04 19:44:26,2026-09-04 15:45:04
NVDA,NVDA261023P00085000,NVDA,2026-10-23,P,85.0,0.01,440.0,0.1,272.0,1.0167,0.0,0.0,-0.0022,0.0001,0.0059,-0.0059,-0.0007,0.0601,0.0,0.0,0.0,0.0,no_change,0.0,,0.0,0.0,229.88,2026-09-04 19:44:26,2026-09-04 15:45:04
NVDA,NVDA261023P00090000,NVDA,2026-10-23,P,90.0,0.02,408.0,0.1,226.0,0.9699,0.0,0.0,-0.0026,0.0001,0.0068,-0.0065,-0.0008,0.0687,0.0,0.0,0.0,0.0,no_change,0.0,,0.0,0.0,229.88,2026-09-04 19:44:26,2026-09-04 15:45:04
NVDA,NVDA261023P00095000,NVDA,2026-10-23,P,95.0,0.03,521.0,0.11,226.0,0.9322,0.0,0.0,-0.0031,0.0001,0.0079,-0.0073,-0.001,0.0783,0.0,0.0,0.0,0.0,no_change,0.0,,0.0,0.0,229.88,2026-09-04 19:44:26,2026-09-04 15:45:04
NVDA,NVDA261023P00100000,NVDA,2026-10-23,P,100.0,0.04,486.0,0.13,375.0,0.9002,0.0,0.0,-0.0036,0.0001,0.0092,-0.008,-0.0011,0.089,0.0,0.0,0.0,0.0,no_change,0.0,,0.0,0.0,229.88,2026-09-04 19:44:26,2026-09-04 15:45:04
NVDA,NVDA261023P00105000,NVDA,2026-10-23,P,105.0,0.06,708.0,0.14,377.0,0.8666,0.0,0.0,-0.0042,0.0002,0.0105,-0.0089,-0.0013,0.101,0.0,0.0,0.0,0.0,no_change,0.0,,0.0,0.0,229.88,2026-09-04 19:44:26,2026-09-04 15:45:04
NVDA,NVDA261023P00110000,NVDA,2026-10-23,P,110.0,0.06,681.0,0.15,571.0,0.8235,0.0,3.0,-0.005,0.0002,0.0121,-0.0098,-0.0015,0.1143,0.1,0.1,0.1,0.1,up,0.1,2026-09-04T13:08:26,0.0,0.0,229.88,2026-09-04 19:44:26,2026-09-04 15:45:04
NVDA,NVDA261023P00115000,NVDA,2026-10-23,P,115.0,0.09,414.0,0.17,364.0,0.7977,0.0,0.0,-0.0058,0.0002,0.0139,-0.0107,-0.0018,0.1292,0.0,0.0,0.0,0.0,no_change,0.0,,0.0,0.0,229.88,2026-09-04 19:44:26,2026-09-04 15:45:04
NVDA,NVDA261023P00120000,NVDA,2026-10-23,P,120.0,0.11,660.0,0.17,580.0,0.7595,0.0,5.0,-0.0067,0.0003,0.0159,-0.0118,-0.002,0.146,0.11,0.11,0.11,0.11,up,0.11,2026-09-04T14:29:14,0.0,0.0,229.88,2026-09-04 19:44:26,2026-09-04 15:45:04
NVDA,NVDA261023P00125000,NVDA,2026-10-23,P,125.0,0.13,239.0,0.2,275.0,0.7312,0.0,0.0,-0.0078,0.0004,0.0182,-0.0129,-0.0024,0.1647,0.0,0.0,0.0,0.0,no_change,0.0,,0.0,0.0,229.88,2026-09-04 19:44:26,2026-09-04 15:45:04
NVDA,NVDA261023P00130000,NVDA,2026-10-23,P,130.0,0.14,647.0,0.22,585.0,0.6964,0.0,21.0,-0.0091,0.0004,0.0207,-0.0141,-0.0028,0.1858,0.22,0.18,0.22,0.17,up,0.22,2026-09-04T14:29:30,0.0,0.0,229.88,2026-09-04 19:44:26,2026-09-04 15:45:04
NVDA,NVDA261023P00135000,NVDA,2026-10-23,P,135.0,0.16,434.0,0.25,345.0,0.6665,0.0,0.0,-0.0105,0.0005,0.0238,-0.0154,-0.0032,0.2095,0.0,0.0,0.0,0.0,no_change,0.0,,0.0,0.0,229.88,2026-09-04 19:44:26,2026-09-04 15:45:04
NVDA,NVDA261023P00140000,NVDA,2026-10-23,P,140.0,0.21,535.0,0.25,306.0,0.6358,0.0,20.0,-0.0122,0.0006,0.027,-0.0168,-0.0037,0.2366,0.24,0.24,0.25,0.23,up,0.24,2026-09-04T14:00:41,0.0,0.0,229.88,2026-09-04 19:44:26,2026-09-04 15:45:04
NVDA,NVDA261023P00145000,NVDA,2026-10-23,P,145.0,0.21,659.0,0.31,684.0,0.6065,0.0,13.0,-0.0143,0.0007,0.0309,-0.0184,-0.0043,0.2674,0.26,0.29,0.3,0.25,no_change,0.26,2026-09-04T14:07:29,0.0,0.0,229.88,2026-09-04 19:44:26,2026-09-04 15:45:04
NVDA,NVDA261023P00150000,NVDA,2026-10-23,P,150.0,0.3,5.0,0.32,18.0,0.5824,0.0,1.0,-0.0167,0.0008,0.0355,-0.0201,-0.005,0.3031,0.3,0.3,0.3,0.3,up,0.3,2026-09-04T11:51:39,0.0,0.0,229.88,2026-09-04 19:44:26,2026-09-04 15:45:04
NVDA,NVDA261023P00155000,NVDA,2026-10-23,P,155.0,0.31,190.0,0.38,166.0,0.5526,45.0,8.0,-0.0196,0.001,0.0406,-0.022,-0.0058,0.3457,0.03,0.32,0.38,0.32,up,0.38,2026-09-04T10:04:34,8.57143,0.349999994039536,229.88,2026-09-04 19:44:26,2026-09-04 15:45:04
NVDA,NVDA261023P00160000,NVDA,2026-10-23,P,160.0,0.38,200.0,0.46,572.0,0.5308,33.0,4.0,-0.0232,0.0012,0.0468,-0.0242,-0.0069,0.3976,0.075,0.47,0.47,0.36,no_change,0.4,2026-09-04T14:04:19,23.0769,0.325000002980232,229.88,2026-09-04 19:44:26,2026-09-04 15:45:04
NVDA,NVDA261023P00165000,NVDA,2026-10-23,P,165.0,0.44,536.0,0.52,599.0,0.5041,39.0,3.0,-0.0277,0.0015,0.0545,-0.0267,-0.0082,0.4627,-0.025,0.41,0.47,0.41,up,0.47,2026-09-04T14:04:19,-5.05051,0.495000004768372,229.88,2026-09-04 19:44:26,2026-09-04 15:45:04
NVDA,NVDA261023P00170000,NVDA,2026-10-23,P,170.0,0.53,145.0,0.55,137.0,0.4758,29.0,619.0,-0.0335,0.0018,0.0637,-0.0299,-0.0099,0.5481,-0.055,0.59,0.59,0.5,down,0.53,2026-09-04T15:12:08,-9.40171,0.58500000834465,229.88,2026-09-04 19:44:26,2026-09-04 15:45:04
NVDA,NVDA261023P00175000,NVDA,2026-10-23,P,175.0,0.64,139.0,0.7,112.0,0.4564,24.0,23.0,-0.0412,0.0023,0.0755,-0.0339,-0.0122,0.6629,-0.035,0.66,0.66,0.6,up,0.63,2026-09-04T10:53:32,-5.26316,0.66499999165535,229.88,2026-09-04 19:44:26,2026-09-04 15:45:04
NVDA,NVDA261023P00180000,NVDA,2026-10-23,P,180.0,0.8,129.0,0.86,112.0,0.437,6.0,31.0,-0.0514,0.0029,0.0899,-0.0388,-0.0151,0.8208,-0.045,0.77,0.83,0.71,up,0.81,2026-09-04T15:18:24,-5.26316,0.854999989271164,229.88,2026-09-04 19:44:26,2026-09-04 15:45:04
NVDA,NVDA261023P00185000,NVDA,2026-10-23,P,185.0,1.01,136.0,1.08,116.0,0.4192,18.0,26.0,-0.065,0.0036,0.1082,-0.045,-0.0189,1.0399,-0.04,0.97,1.04,0.89,no_change,1.04,2026-09-04T15:05:51,-3.7037,1.0799999833107,229.88,2026-09-04 19:44:26,2026-09-04 15:45:04
NVDA,NVDA261023P00190000,NVDA,2026-10-23,P,190.0,1.3,460.0,1.39,119.0,0.4039,28.0,167.0,-0.0831,0.0045,0.1307,-0.0526,-0.0243,1.3441,-0.015,1.22,1.38,1.11,up,1.38,2026-09-04T15:14:25,-1.07527,1.39500004053116,229.88,2026-09-04 19:44:26,2026-09-04 15:45:04
NVDA,NVDA261023P00195000,NVDA,2026-10-23,P,195.0,1.73,235.0,1.82,184.0,0.3916,74.0,25.0,-0.107,0.0056,0.1563,-0.0616,-0.031,1.7676,-0.105,1.65,1.76,1.48,no_change,1.75,2026-09-04T15:00:48,-5.66038,1.85499995946884,229.88,2026-09-04 19:44:26,2026-09-04 15:45:04
NVDA,NVDA261023P00200000,NVDA,2026-10-23,P,200.0,2.31,594.0,2.39,1.0,0.3813,87.0,198.0,-0.1374,0.0069,0.1863,-0.0717,-0.0395,2.3427,-0.095,2.1,2.37,1.9,up,2.35,2026-09-04T15:22:00,-3.88548,2.44500005245209,229.88,2026-09-04 19:44:26,2026-09-04 15:45:04
NVDA,NVDA261023P00205000,NVDA,2026-10-23,P,205.0,3.05,617.0,3.15,1.0,0.3714,64.0,60.0,-0.1752,0.0082,0.2182,-0.0825,-0.0498,3.1097,-0.06,2.7,3.15,2.49,down,3.09,2026-09-04T15:22:56,-1.90476,3.14999997615814,229.88,2026-09-04 19:44:26,2026-09-04 15:45:04
NVDA,NVDA261023P00210000,NVDA,2026-10-23,P,210.0,4.05,649.0,4.2,139.0,0.3649,489.0,224.0,-0.221,0.0097,0.2507,-0.0935,-0.062,4.1197,-0.165,3.34,4.14,3.3,down,4.01,2026-09-04T15:14:25,-3.95209,4.17499995231628,229.88,2026-09-04 19:44:26,2026-09-04 15:45:04
NVDA,NVDA261023P00215000,NVDA,2026-10-23,P,215.0,5.3,573.0,5.5,170.0,0.3585,49.0,83.0,-0.2743,0.0111,0.2809,-0.1036,-0.076,5.4067,-0.155,5.13,5.4,4.35,up,5.37,2026-09-04T15:15:24,-2.80543,5.52500009536743,229.88,2026-09-04 19:44:26,2026-09-04 15:45:04
NVDA,NVDA261023P00220000,NVDA,2026-10-23,P,220.0,6.9,540.0,7.15,315.0,0.3545,200.0,57.0,-0.3342,0.0123,0.3064,-0.112,-0.0909,7.0043,-0.345,6.28,6.93,5.75,up,6.93,2026-09-04T14:36:16,-4.74227,7.27499985694885,229.88,2026-09-04 19:44:26,2026-09-04 15:45:04
NVDA,NVDA261023P00225000,NVDA,2026-10-23,P,225.0,8.75,567.0,9.0,23.0,0.3481,85.0,1142.0,-0.3987,0.0133,0.3246,-0.118,-0.1062,8.9273,-0.14,8.33,8.92,7.15,down,8.86,2026-09-04T15:27:46,-1.55556,9.0,229.88,2026-09-04 19:44:26,2026-09-04 15:45:04
NVDA,NVDA261023P00230000,NVDA,2026-10-23,P,230.0,11.15,239.0,11.35,75.0,0.3471,94.0,618.0,-0.4671,0.0139,0.3339,-0.121,-0.121,11.227,-0.175,10.4,11.25,9.3,no_change,11.25,2026-09-04T15:28:52,-1.53173,11.4250001907349,229.88,2026-09-04 19:44:26,2026-09-04 15:45:04
NVDA,NVDA261023P00235000,NVDA,2026-10-23,P,235.0,13.65,255.0,14.0,13.0,0.3421,2.0,223.0,-0.5362,0.014,0.3332,-0.1209,-0.134,13.8881,-0.275,12.57,13.9,11.64,up,13.9,2026-09-04T14:02:07,-1.94004,14.1750001907349,229.88,2026-09-04 19:44:26,2026-09-04 15:45:04
NVDA,NVDA261023P00240000,NVDA,2026-10-23,P,240.0,15.85,464.0,17.05,193.0,0.327,1.0,1.0,-0.6042,0.0138,0.3229,-0.1179,-0.1448,16.9223,-3.05,14.35,14.35,14.35,down,14.35,2026-09-04T09:51:23,-17.5287,17.3999996185303,229.88,2026-09-04 19:44:26,2026-09-04 15:45:04
NVDA,NVDA261023P00245000,NVDA,2026-10-23,P,245.0,19.15,423.0,20.55,79.0,0.3267,4.0,5.0,-0.6685,0.0132,0.304,-0.1123,-0.1533,20.3078,-1.775,17.9,18.7,17.6,up,18.7,2026-09-04T11:03:41,-8.66911,20.4750003814697,229.88,2026-09-04 19:44:26,2026-09-04 15:45:04
NVDA,NVDA261023P00250000,NVDA,2026-10-23,P,250.0,23.4,390.0,24.2,54.0,0.3346,3.0,22.0,-0.7276,0.0123,0.2786,-0.1048,-0.1548,24.0122,-0.65,21.5,23.7,21.2,down,23.5,2026-09-04T14:55:43,-2.69151,24.1500005722046,229.88,2026-09-04 19:44:26,2026-09-04 15:45:04
NVDA,NVDA261023P00255000,NVDA,2026-10-23,P,255.0,26.75,173.0,28.25,80.0,0.3227,1.0,0.0,-0.7802,0.0112,0.2467,-0.096,-0.1512,27.9932,0.0,0.0,0.0,0.0,up,29.12,2026-09-03T12:53:22,0.0,28.4000005722046,229.88,2026-09-04 19:44:26,2026-09-04 15:45:04
NVDA,NVDA261023P00260000,NVDA,2026-10-23,P,260.0,30.9,196.0,32.8,131.0,0.3272,0.0,0.0,-0.8262,0.01,0.2137,-0.0866,-0.1412,32.2145,0.0,0.0,0.0,0.0,no_change,0.0,,0.0,32.2499990463257,229.88,2026-09-04 19:44:26,2026-09-04 15:45:04
NVDA,NVDA261023P00265000,NVDA,2026-10-23,P,265.0,35.35,169.0,37.15,120.0,0.3249,0.0,0.0,-0.8653,0.0088,0.1811,-0.0768,-0.1325,36.6226,0.0,0.0,0.0,0.0,no_change,0.0,,0.0,36.875,229.88,2026-09-04 19:44:26,2026-09-04 15:45:04
NVDA,NVDA261023P00270000,NVDA,2026-10-23,P,270.0,39.8,88.0,42.5,66.0,0.2903,0.0,0.0,-0.8976,0.0075,0.1496,-0.067,-0.1205,41.19,0.0,0.0,0.0,0.0,no_change,0.0,,0.0,41.5250015258789,229.88,2026-09-04 19:44:26,2026-09-04 15:45:04
NVDA,NVDA261023P00275000,NVDA,2026-10-23,P,275.0,44.8,177.0,46.7,177.0,0.3418,0.0,1.0,-0.9237,0.0063,0.1178,-0.0573,-0.1054,45.8842,-4.375,41.95,41.95,41.95,down,41.95,2026-09-04T09:52:00,-9.44414,46.3249988555908,229.88,2026-09-04 19:44:26,2026-09-04 15:45:04
NVDA,NVDA261023P00280000,NVDA,2026-10-23,P,280.0,49.35,136.0,51.55,32.0,0.328,0.0,0.0,-0.9441,0.0052,0.0909,-0.0479,-0.0878,50.6702,0.0,0.0,0.0,0.0,no_change,0.0,,0.0,51.1499996185303,229.88,2026-09-04 19:44:26,2026-09-04 15:45:04
NVDA,NVDA261023P00285000,NVDA,2026-10-23,P,285.0,54.3,135.0,56.15,31.0,0.0,0.0,0.0,-0.9595,0.0042,0.0723,-0.0393,-0.0824,55.5244,0.0,0.0,0.0,0.0,no_change,0.0,,0.0,56.25,229.88,2026-09-04 19:44:26,2026-09-04 15:45:04
NVDA,NVDA261023P00290000,NVDA,2026-10-23,P,290.0,59.25,136.0,61.0,17.0,0.0,0.0,0.0,-0.971,0.0032,0.051,-0.0313,-0.0627,60.4291,0.0,0.0,0.0,0.0,no_change,0.0,,0.0,61.2000007629394,229.88,2026-09-04 19:44:26,2026-09-04 15:45:04
NVDA,NVDA261023P00295000,NVDA,2026-10-23,P,295.0,61.15,95.0,69.65,11.0,0.3845,0.0,0.0,-0.9795,0.0025,0.0415,-0.0246,-0.0561,65.362,0.0,0.0,0.0,0.0,no_change,0.0,,0.0,66.1499996185303,229.88,2026-09-04 19:44:26,2026-09-04 15:45:04
NVDA,NVDA261023P00300000,NVDA,2026-10-23,P,300.0,66.7,94.0,74.6,11.0,0.4493,0.0,0.0,-0.9855,0.0019,0.027,-0.0188,-0.0457,70.3214,0.0,0.0,0.0,0.0,no_change,0.0,,0.0,0.0,229.88,2026-09-04 19:44:26,2026-09-04 15:45:04
NVDA,NVDA261023P00305000,NVDA,2026-10-23,P,305.0,71.1,63.0,79.55,11.0,0.4032,0.0,0.0,-0.9898,0.0014,0.022,-0.0143,-0.045,75.2919,0.0,0.0,0.0,0.0,no_change,0.0,,0.0,0.0,229.88,2026-09-04 19:44:26,2026-09-04 15:45:04
NVDA,NVDA261023P00310000,NVDA,2026-10-23,P,310.0,76.05,63.0,84.55,11.0,0.4117,0.0,0.0,-0.9928,0.001,0.0143,-0.0107,-0.0355,80.2729,0.0,0.0,0.0,0.0,no_change,0.0,,0.0,0.0,229.88,2026-09-04 19:44:26,2026-09-04 15:45:04
NVDA,NVDA261023P00315000,NVDA,2026-10-23,P,315.0,81.05,64.0,89.55,11.0,0.4162,0.0,0.0,-0.9949,0.0008,0.0105,-0.008,-0.0348,85.2602,0.0,0.0,0.0,0.0,no_change,0.0,,0.0,0.0,229.88,2026-09-04 19:44:26,2026-09-04 15:45:04
NVDA,NVDA261023P00320000,NVDA,2026-10-23,P,320.0,86.0,63.0,94.55,11.0,0.4098,0.0,0.0,-0.9966,0.0006,0.0088,-0.0058,-0.0328,90.2498,0.0,0.0,0.0,0.0,no_change,0.0,,0.0,0.0,229.88,2026-09-04 19:44:26,2026-09-04 15:45:04
NVDA,NVDA261023P00325000,NVDA,2026-10-23,P,325.0,91.05,64.0,99.55,11.0,0.4532,0.0,0.0,-0.9975,0.0004,0.0049,-0.0042,-0.0302,95.2438,0.0,0.0,0.0,0.0,no_change,0.0,,0.0,0.0,229.88,2026-09-04 19:44:26,2026-09-04 15:45:04
NVDA,NVDA261023P00330000,NVDA,2026-10-23,P,330.0,96.05,61.0,104.5,11.0,0.4711,0.0,0.0,-0.9982,0.0003,0.0037,-0.0031,-0.0304,100.2389,0.0,0.0,0.0,0.0,no_change,0.0,,0.0,0.0,229.88,2026-09-04 19:44:26,2026-09-04 15:45:04
NVDA,NVDA261023P00335000,NVDA,2026-10-23,P,335.0,101.05,61.0,109.5,11.0,0.4888,0.0,0.0,-0.9988,0.0002,0.0031,-0.0021,-0.0306,105.2346,0.0,0.0,0.0,0.0,no_change,0.0,,0.0,0.0,229.88,2026-09-04 19:44:26,2026-09-04 15:45:04
NVDA,NVDA261023P00340000,NVDA,2026-10-23,P,340.0,105.95,51.0,114.5,11.0,0.0,0.0,0.0,-0.9992,0.0001,0.0019,-0.0015,-0.0289,110.2315,0.0,0.0,0.0,0.0,no_change,0.0,,0.0,0.0,229.88,2026-09-04 19:44:26,2026-09-04 15:45:04
NVDA,NVDA261023P00345000,NVDA,2026-10-23,P,345.0,111.05,62.0,119.5,11.0,0.5234,0.0,0.0,-0.9994,0.0001,0.0011,-0.0011,-0.0293,115.2289,0.0,0.0,0.0,0.0,no_change,0.0,,0.0,0.0,229.88,2026-09-04 19:44:26,2026-09-04 15:45:04
NVDA,NVDA261023P00350000,NVDA,2026-10-23,P,350.0,116.05,62.0,124.5,11.0,0.5402,0.0,0.0,-0.9996,0.0001,0.0009,-0.0007,-0.0296,120.2265,0.0,0.0,0.0,0.0,no_change,0.0,,0.0,0.0,229.88,2026-09-04 19:44:26,2026-09-04 15:45:04
NVDA,NVDA261023P00360000,NVDA,2026-10-23,P,360.0,126.0,62.0,134.5,11.0,0.549,0.0,0.0,-0.9998,0.0,0.0004,-0.0003,-0.0298,130.2222,0.0,0.0,0.0,0.0,no_change,0.0,,0.0,0.0,229.88,2026-09-04 19:44:26,2026-09-04 15:45:04
NVDA,NVDA261023P00370000,NVDA,2026-10-23,P,370.0,136.0,64.0,144.5,11.0,0.5812,0.0,0.0,-0.9999,0.0,0.0002,-0.0001,-0.0306,140.2184,0.0,0.0,0.0,0.0,no_change,0.0,,0.0,0.0,229.88,2026-09-04 19:44:26,2026-09-04 15:45:04
NVDA,NVDA261023P00380000,NVDA,2026-10-23,P,380.0,146.0,63.0,154.5,11.0,0.6125,0.0,0.0,-1.0,0.0,0.0001,0.0,-0.0313,150.2147,0.0,0.0,0.0,0.0,no_change,0.0,,0.0,0.0,229.88,2026-09-04 19:44:26,2026-09-04 15:45:04
NVDA,NVDA261023P00390000,NVDA,2026-10-23,P,390.0,156.0,64.0,164.5,11.0,0.6431,0.0,0.0,-1.0,0.0,0.0,0.0,-0.0321,160.2111,0.0,0.0,0.0,0.0,no_change,0.0,,0.0,0.0,229.88,2026-09-04 19:44:26,2026-09-04 15:45:04
NVDA,NVDA261120C00050000,NVDA,2026-11-20,C,50.0,176.75,51.0,184.25,62.0,1.4935,31.0,0.0,0.9996,0.0,0.0027,-0.0019,0.104,180.2252,0.0,0.0,0.0,0.0,down,175.65,2026-09-02T13:54:31,0.0,178.849998474121,229.88,2026-09-04 19:44:26,2026-09-04 15:45:04
NVDA,NVDA261120C00055000,NVDA,2026-11-20,C,55.0,171.6,52.0,179.3,63.0,1.3336,10.0,0.0,0.9995,0.0,0.0033,-0.0022,0.1144,175.2779,0.0,0.0,0.0,0.0,up,155.19,2026-06-18T12:19:54,0.0,174.350006103516,229.88,2026-09-04 19:44:26,2026-09-04 15:45:04
NVDA,NVDA261120C00060000,NVDA,2026-11-20,C,60.0,166.85,51.0,171.15,55.0,0.0,48.0,0.0,0.9992,0.0,0.004,-0.0026,0.1247,170.3315,0.0,0.0,0.0,0.0,down,143.45,2026-07-17T15:18:07,0.0,168.324996948242,229.88,2026-09-04 19:44:26,2026-09-04 15:45:04
NVDA,NVDA261120C00065000,NVDA,2026-11-20,C,65.0,161.85,51.0,169.4,65.0,1.2355,29.0,0.0,0.999,0.0,0.0049,-0.003,0.135,165.3862,0.0,0.0,0.0,0.0,down,144.8,2026-08-24T15:38:15,0.0,164.474998474121,229.88,2026-09-04 19:44:26,2026-09-04 15:45:04
NVDA,NVDA261120C00070000,NVDA,2026-11-20,C,70.0,156.9,59.0,164.45,65.0,1.1681,31.0,0.0,0.9987,0.0,0.0059,-0.0035,0.1453,160.442,0.0,0.0,0.0,0.0,up,157.22,2026-08-28T09:31:41,0.0,159.675003051758,229.88,2026-09-04 19:44:26,2026-09-04 15:45:04
NVDA,NVDA261120C00075000,NVDA,2026-11-20,C,75.0,151.8,57.0,159.5,64.0,1.0629,16.0,0.0,0.9983,0.0001,0.007,-0.004,0.1555,155.4991,0.0,0.0,0.0,0.0,up,151.3,2026-08-28T10:50:01,0.0,154.75,229.88,2026-09-04 19:44:26,2026-09-04 15:45:04
NVDA,NVDA261120C00080000,NVDA,2026-11-20,C,80.0,146.85,61.0,154.55,65.0,1.0068,42.0,0.0,0.9979,0.0001,0.0083,-0.0045,0.1657,150.5578,0.0,0.0,0.0,0.0,up,132.87,2026-08-25T14:07:24,0.0,149.800003051758,229.88,2026-09-04 19:44:26,2026-09-04 15:45:04
NVDA,NVDA261120C00085000,NVDA,2026-11-20,C,85.0,142.1,1.0,149.6,66.0,1.0032,45.0,0.0,0.9974,0.0001,0.0098,-0.0052,0.1759,145.6182,0.0,0.0,0.0,0.0,up,141.17,2026-08-14T15:21:31,0.0,144.849998474121,229.88,2026-09-04 19:44:26,2026-09-04 15:45:04
NVDA,NVDA261120C00090000,NVDA,2026-11-20,C,90.0,137.05,75.0,144.65,62.0,0.9291,83.0,0.0,0.9968,0.0001,0.0116,-0.0059,0.186,140.6807,0.0,0.0,0.0,0.0,down,120.15,2026-08-26T15:58:34,0.0,140.074996948242,229.88,2026-09-04 19:44:26,2026-09-04 15:45:04
NVDA,NVDA261120C00095000,NVDA,2026-11-20,C,95.0,132.25,71.0,139.75,75.0,0.92,38.0,0.0,0.996,0.0001,0.0136,-0.0067,0.1961,135.7455,0.0,0.0,0.0,0.0,up,116.33,2026-08-26T15:36:20,0.0,135.150001525879,229.88,2026-09-04 19:44:26,2026-09-04 15:45:04
NVDA,NVDA261120C00100000,NVDA,2026-11-20,C,100.0,129.85,304.0,131.75,240.0,0.7565,283.0,0.0,0.9952,0.0002,0.0159,-0.0075,0.2061,130.813,0.0,0.0,0.0,0.0,up,130.47,2026-09-03T14:32:39,0.0,130.125,229.88,2026-09-04 19:44:26,2026-09-04 15:45:04
NVDA,NVDA261120C00105000,NVDA,2026-11-20,C,105.0,123.65,334.0,129.85,249.0,0.9736,241.0,0.0,0.9942,0.0002,0.0186,-0.0085,0.216,125.8836,0.0,0.0,0.0,0.0,up,114.21,2026-09-01T14:13:00,0.0,124.949996948242,229.88,2026-09-04 19:44:26,2026-09-04 15:45:04
NVDA,NVDA261120C00110000,NVDA,2026-11-20,C,110.0,118.2,149.0,124.95,75.0,0.8829,209.0,0.0,0.993,0.0003,0.0217,-0.0095,0.2258,120.9579,0.0,0.0,0.0,0.0,down,108.88,2026-09-01T14:08:48,0.0,120.450000762939,229.88,2026-09-04 19:44:26,2026-09-04 15:45:04
NVDA,NVDA261120C00115000,NVDA,2026-11-20,C,115.0,113.8,369.0,120.0,301.0,0.8822,324.0,0.0,0.9917,0.0003,0.0252,-0.0107,0.2356,116.0363,0.0,0.0,0.0,0.0,up,105.72,2026-08-31T13:27:13,0.0,115.825000762939,229.88,2026-09-04 19:44:26,2026-09-04 15:45:04
NVDA,NVDA261120C00120000,NVDA,2026-11-20,C,120.0,110.35,272.0,115.1,287.0,0.9328,457.0,0.0,0.9901,0.0004,0.0292,-0.012,0.2452,111.1195,0.0,0.0,0.0,0.0,down,100.33,2026-08-28T13:28:44,0.0,111.25,229.88,2026-09-04 19:44:26,2026-09-04 15:45:04
NVDA,NVDA261120C00125000,NVDA,2026-11-20,C,125.0,105.4,264.0,108.55,242.0,0.7868,303.0,1.0,0.9882,0.0005,0.0338,-0.0134,0.2546,106.2085,2.005,108.53,108.53,108.53,up,108.53,2026-09-04T12:18:42,1.88219,106.525001525879,229.88,2026-09-04 19:44:26,2026-09-04 15:45:04
NVDA,NVDA261120C00130000,NVDA,2026-11-20,C,130.0,100.65,214.0,105.25,254.0,0.8482,380.0,5.0,0.986,0.0006,0.039,-0.0149,0.2639,101.3042,4.16,105.18,105.51,105.13,up,105.51,2026-09-04T10:20:15,4.10459,101.349998474121,229.88,2026-09-04 19:44:26,2026-09-04 15:45:04
NVDA,NVDA261120C00135000,NVDA,2026-11-20,C,135.0,95.05,450.0,97.2,376.0,0.5009,388.0,82.0,0.9834,0.0007,0.0451,-0.0166,0.273,96.408,1.055,100.8,100.8,97.01,up,97.23,2026-09-04T11:57:26,1.09696,96.1749992370606,229.88,2026-09-04 19:44:26,2026-09-04 15:45:04
NVDA,NVDA261120C00140000,NVDA,2026-11-20,C,140.0,90.0,341.0,94.85,254.0,0.6961,1473.0,30.0,0.9802,0.0008,0.0521,-0.0185,0.2818,91.5221,3.705,95.34,96.15,95.34,down,95.63,2026-09-04T10:12:17,4.03046,91.9250030517578,229.88,2026-09-04 19:44:26,2026-09-04 15:45:04
NVDA,NVDA261120C00145000,NVDA,2026-11-20,C,145.0,86.1,242.0,87.8,294.0,0.5946,473.0,30.0,0.9765,0.001,0.0602,-0.0207,0.2903,86.6492,4.505,90.41,91.3,90.41,down,90.78,2026-09-04T10:12:17,5.22167,86.2750015258789,229.88,2026-09-04 19:44:26,2026-09-04 15:45:04
NVDA,NVDA261120C00150000,NVDA,2026-11-20,C,150.0,81.45,299.0,82.7,416.0,0.5674,1036.0,42.0,0.9719,0.0012,0.0697,-0.0231,0.2983,81.7933,0.825,82.52,85.41,81.8,down,81.8,2026-09-04T14:01:17,1.01883,80.9749984741211,229.88,2026-09-04 19:44:26,2026-09-04 15:45:04
NVDA,NVDA261120C00155000,NVDA,2026-11-20,C,155.0,76.4,227.0,77.35,257.0,0.5003,1891.0,38.0,0.9664,0.0014,0.0807,-0.0259,0.3059,76.9601,1.05,77.62,80.6,77.0,down,77.0,2026-09-04T14:39:44,1.38249,75.9499969482422,229.88,2026-09-04 19:44:26,2026-09-04 15:45:04
NVDA,NVDA261120C00160000,NVDA,2026-11-20,C,160.0,71.6,200.0,73.25,383.0,0.5217,1269.0,94.0,0.9595,0.0017,0.0938,-0.0292,0.3127,72.1569,1.24,73.18,76.42,72.34,down,72.34,2026-09-04T15:23:33,1.74402,71.1000022888184,229.88,2026-09-04 19:44:26,2026-09-04 15:45:04
NVDA,NVDA261120C00165000,NVDA,2026-11-20,C,165.0,66.9,302.0,68.55,424.0,0.5077,1439.0,83.0,0.951,0.002,0.1092,-0.033,0.3186,67.3938,2.635,68.41,71.67,68.41,down,69.16,2026-09-04T11:44:54,3.96091,66.5250015258789,229.88,2026-09-04 19:44:26,2026-09-04 15:45:04
NVDA,NVDA261120C00170000,NVDA,2026-11-20,C,170.0,62.05,383.0,63.15,381.0,0.4577,1561.0,19.0,0.9404,0.0024,0.1272,-0.0374,0.3235,62.6831,1.38,63.3,65.77,63.1,up,63.18,2026-09-04T13:39:46,2.23301,61.7999992370606,229.88,2026-09-04 19:44:26,2026-09-04 15:45:04
NVDA,NVDA261120C00175000,NVDA,2026-11-20,C,175.0,57.5,348.0,58.15,163.0,0.4366,1924.0,23.0,0.9274,0.0029,0.148,-0.0424,0.327,58.0404,2.275,59.0,62.35,58.68,down,59.5,2026-09-04T12:58:04,3.97554,57.2249984741211,229.88,2026-09-04 19:44:26,2026-09-04 15:45:04
NVDA,NVDA261120C00180000,NVDA,2026-11-20,C,180.0,52.95,375.0,53.95,396.0,0.4388,7074.0,19.0,0.9113,0.0034,0.1718,-0.0482,0.3288,53.4828,1.185,54.0,57.75,53.71,down,53.71,2026-09-04T14:13:20,2.25607,52.5249996185303,229.88,2026-09-04 19:44:26,2026-09-04 15:45:04
NVDA,NVDA261120C00185000,NVDA,2026-11-20,C,185.0,48.85,63.0,49.15,369.0,0.4294,3533.0,65.0,0.8919,0.0041,0.1981,-0.0546,0.3289,49.0309,0.85,50.5,53.0,49.0,down,49.0,2026-09-04T15:15:21,1.76531,48.1500015258789,229.88,2026-09-04 19:44:26,2026-09-04 15:45:04
NVDA,NVDA261120C00190000,NVDA,2026-11-20,C,190.0,44.55,59.0,44.8,378.0,0.4212,3543.0,180.0,0.8687,0.0048,0.227,-0.0614,0.3267,44.7057,1.1,48.19,48.75,45.0,down,45.0,2026-09-04T15:20:02,2.50569,43.9000015258789,229.88,2026-09-04 19:44:26,2026-09-04 15:45:04
NVDA,NVDA261120C00195000,NVDA,2026-11-20,C,195.0,40.35,83.0,40.6,377.0,0.4131,3822.0,61.0,0.8416,0.0055,0.2571,-0.0686,0.3224,40.5293,1.05,43.65,44.25,40.8,down,40.8,2026-09-04T13:39:15,2.64151,39.75,229.88,2026-09-04 19:44:26,2026-09-04 15:45:04
NVDA,NVDA261120C00200000,NVDA,2026-11-20,C,200.0,36.4,294.0,36.6,387.0,0.4081,24938.0,326.0,0.8104,0.0063,0.2877,-0.0758,0.3158,36.5242,0.795,37.0,40.4,36.45,up,36.52,2026-09-04T15:27:22,2.22533,35.7250003814697,229.88,2026-09-04 19:44:26,2026-09-04 15:45:04
NVDA,NVDA261120C00205000,NVDA,2026-11-20,C,205.0,32.55,191.0,32.8,405.0,0.4017,5224.0,135.0,0.7754,0.007,0.3178,-0.0828,0.3067,32.7266,1.1,34.9,36.7,32.8,down,33.05,2026-09-04T15:03:45,3.44288,31.9500007629394,229.88,2026-09-04 19:44:26,2026-09-04 15:45:04
NVDA,NVDA261120C00210000,NVDA,2026-11-20,C,210.0,29.0,56.0,29.2,401.0,0.3979,11864.0,364.0,0.7366,0.0077,0.3459,-0.0893,0.2955,29.1224,0.855,29.8,32.66,29.08,down,29.08,2026-09-04T15:29:17,3.02923,28.2250003814697,229.88,2026-09-04 19:44:26,2026-09-04 15:45:04
NVDA,NVDA261120C00215000,NVDA,2026-11-20,C,215.0,25.6,322.0,25.85,452.0,0.3939,7184.0,734.0,0.6944,0.0084,0.3709,-0.0949,0.2822,25.7383,0.87,26.43,29.1,25.54,down,25.72,2026-09-04T15:29:17,3.50101,24.8499994277954,229.88,2026-09-04 19:44:26,2026-09-04 15:45:04
NVDA,NVDA261120C00220000,NVDA,2026-11-20,C,220.0,22.5,257.0,22.7,544.0,0.3903,16542.0,1231.0,0.6496,0.009,0.3918,-0.0994,0.2669,22.6056,0.875,22.55,25.8,22.55,no_change,22.7,2026-09-04T15:21:21,4.00916,21.8250007629395,229.88,2026-09-04 19:44:26,2026-09-04 15:45:04
NVDA,NVDA261120C00225000,NVDA,2026-11-20,C,225.0,19.65,147.0,19.8,567.0,0.3874,12196.0,1296.0,0.6028,0.0094,0.4075,-0.1026,0.2502,19.7206,0.7,20.33,22.6,19.45,down,19.65,2026-09-04T15:25:34,3.69393,18.9499998092651,229.88,2026-09-04 19:44:26,2026-09-04 15:45:04
NVDA,NVDA261120C00230000,NVDA,2026-11-20,C,230.0,17.0,280.0,17.2,597.0,0.3848,31559.0,2298.0,0.5546,0.0097,0.4174,-0.1044,0.2325,17.0865,0.77,17.2,19.85,16.85,down,17.12,2026-09-04T15:28:48,4.70948,16.3500003814697,229.88,2026-09-04 19:44:26,2026-09-04 15:45:04
NVDA,NVDA261120C00235000,NVDA,2026-11-20,C,235.0,14.65,222.0,14.8,635.0,0.3825,10941.0,4339.0,0.5061,0.0098,0.4213,-0.1047,0.2137,14.7109,0.83,15.0,17.27,14.5,up,14.83,2026-09-04T15:23:14,5.92857,14.0,229.88,2026-09-04 19:44:26,2026-09-04 15:45:04
NVDA,NVDA261120C00240000,NVDA,2026-11-20,C,240.0,12.55,68.0,12.65,630.0,0.3804,20098.0,1224.0,0.4582,0.0098,0.419,-0.1036,0.1949,12.6002,0.69,12.4,14.8,12.26,no_change,12.64,2026-09-04T15:28:48,5.77406,11.9499998092651,229.88,2026-09-04 19:44:26,2026-09-04 15:45:04
NVDA,NVDA261120C00245000,NVDA,2026-11-20,C,245.0,10.7,205.0,10.8,631.0,0.3802,11412.0,1046.0,0.4115,0.0097,0.4111,-0.1012,0.1762,10.7269,0.66,10.85,12.75,10.5,down,10.76,2026-09-04T15:23:54,6.53465,10.0999999046326,229.88,2026-09-04 19:44:26,2026-09-04 15:45:04
NVDA,NVDA261120C00250000,NVDA,2026-11-20,C,250.0,9.05,345.0,9.2,688.0,0.3792,33616.0,3919.0,0.3666,0.0094,0.3978,-0.0976,0.1577,9.0842,0.565,8.85,10.94,8.85,down,9.09,2026-09-04T15:28:10,6.62756,8.52500009536743,229.88,2026-09-04 19:44:26,2026-09-04 15:45:04
NVDA,NVDA261120C00255000,NVDA,2026-11-20,C,255.0,7.65,241.0,7.75,728.0,0.3782,6203.0,1435.0,0.3251,0.009,0.3808,-0.0932,0.1406,7.6868,0.575,7.45,9.25,7.37,no_change,7.7,2026-09-04T15:27:23,8.07018,7.125,229.88,2026-09-04 19:44:26,2026-09-04 15:45:04
NVDA,NVDA261120C00260000,NVDA,2026-11-20,C,260.0,6.45,113.0,6.5,337.0,0.3782,17737.0,1781.0,0.2862,0.0085,0.3602,-0.088,0.1243,6.4744,0.55,6.35,7.9,6.15,no_change,6.5,2026-09-04T15:27:36,9.2437,5.95000004768372,229.88,2026-09-04 19:44:26,2026-09-04 15:45:04
NVDA,NVDA261120C00265000,NVDA,2026-11-20,C,265.0,5.4,415.0,5.5,729.0,0.3791,7574.0,1073.0,0.2507,0.0079,0.3371,-0.0823,0.1091,5.4411,0.475,5.1,6.58,5.1,no_change,5.45,2026-09-04T15:27:52,9.54774,4.97500014305115,229.88,2026-09-04 19:44:26,2026-09-04 15:45:04
NVDA,NVDA261120C00270000,NVDA,2026-11-20,C,270.0,4.5,709.0,4.6,637.0,0.3794,12256.0,2787.0,0.2186,0.0073,0.313,-0.0764,0.0955,4.5667,0.445,4.29,5.55,4.29,no_change,4.57,2026-09-04T15:27:00,10.7879,4.125,229.88,2026-09-04 19:44:26,2026-09-04 15:45:04
NVDA,NVDA261120C00275000,NVDA,2026-11-20,C,275.0,3.8,61.0,3.9,690.0,0.3817,10588.0,509.0,0.1902,0.0067,0.2882,-0.0704,0.0832,3.8317,0.5,3.45,4.7,3.45,no_change,3.9,2026-09-04T15:21:49,14.7059,3.39999997615814,229.88,2026-09-04 19:44:26,2026-09-04 15:45:04
NVDA,NVDA261120C00280000,NVDA,2026-11-20,C,280.0,3.15,713.0,3.25,692.0,0.3823,10721.0,1342.0,0.1645,0.0061,0.2635,-0.0644,0.0722,3.2034,0.375,2.88,3.9,2.88,no_change,3.2,2026-09-04T15:29:21,13.2743,2.82499992847443,229.88,2026-09-04 19:44:26,2026-09-04 15:45:04
NVDA,NVDA261120C00285000,NVDA,2026-11-20,C,285.0,2.66,161.0,2.7,166.0,0.3841,4581.0,764.0,0.1421,0.0055,0.2393,-0.0586,0.0624,2.682,0.35,2.41,3.25,2.41,no_change,2.69,2026-09-04T15:27:00,14.9573,2.3400000333786,229.88,2026-09-04 19:44:26,2026-09-04 15:45:04
NVDA,NVDA261120C00290000,NVDA,2026-11-20,C,290.0,2.22,177.0,2.26,504.0,0.3856,4313.0,1816.0,0.1226,0.005,0.2166,-0.053,0.0539,2.2465,0.325,2.16,2.74,2.16,down,2.25,2026-09-04T15:10:44,16.8831,1.92500001192093,229.88,2026-09-04 19:44:26,2026-09-04 15:45:04
NVDA,NVDA261120C00295000,NVDA,2026-11-20,C,295.0,1.85,200.0,1.9,478.0,0.3878,1471.0,405.0,0.1054,0.0044,0.1945,-0.0478,0.0463,1.8772,0.35,1.66,2.27,1.66,no_change,1.94,2026-09-04T14:52:30,22.0126,1.5900000333786,229.88,2026-09-04 19:44:26,2026-09-04 15:45:04
NVDA,NVDA261120C00300000,NVDA,2026-11-20,C,300.0,1.55,186.0,1.59,526.0,0.3897,11243.0,1233.0,0.0906,0.0039,0.1746,-0.0429,0.0399,1.5732,0.255,1.44,1.9,1.35,down,1.58,2026-09-04T15:22:20,19.2453,1.32499998807907,229.88,2026-09-04 19:44:26,2026-09-04 15:45:04
NVDA,NVDA261120C00310000,NVDA,2026-11-20,C,310.0,1.09,212.0,1.14,505.0,0.395,3768.0,561.0,0.0667,0.0031,0.1388,-0.0342,0.0294,1.1042,0.17,1.09,1.3,1.04,down,1.1,2026-09-04T15:23:08,18.2796,0.929999977350235,229.88,2026-09-04 19:44:26,2026-09-04 15:45:04
NVDA,NVDA261120C00320000,NVDA,2026-11-20,C,320.0,0.77,550.0,0.8,96.0,0.3995,2498.0,444.0,0.0491,0.0024,0.1093,-0.0271,0.0216,0.7791,0.165,0.85,0.94,0.78,no_change,0.79,2026-09-04T15:21:58,26.4,0.625,229.88,2026-09-04 19:44:26,2026-09-04 15:45:04
NVDA,NVDA261120C00330000,NVDA,2026-11-20,C,330.0,0.56,81.0,0.59,517.0,0.4064,1461.0,290.0,0.0361,0.0018,0.0855,-0.0213,0.0159,0.553,0.11,0.5,0.66,0.5,no_change,0.57,2026-09-04T14:24:32,23.913,0.459999993443489,229.88,2026-09-04 19:44:26,2026-09-04 15:45:04
NVDA,NVDA261120C00340000,NVDA,2026-11-20,C,340.0,0.37,550.0,0.42,375.0,0.409,1639.0,23.0,0.0266,0.0014,0.0666,-0.0167,0.0117,0.3942,0.08,0.37,0.48,0.37,up,0.41,2026-09-04T14:19:21,24.2424,0.329999998211861,229.88,2026-09-04 19:44:26,2026-09-04 15:45:04
NVDA,NVDA261120C00350000,NVDA,2026-11-20,C,350.0,0.2,854.0,0.36,689.0,0.413,1070.0,65.0,0.0198,0.0011,0.0521,-0.0131,0.0087,0.2849,0.055,0.31,0.35,0.29,down,0.29,2026-09-04T13:42:46,23.4043,0.234999999403954,229.88,2026-09-04 19:44:26,2026-09-04 15:45:04
NVDA,NVDA261120C00360000,NVDA,2026-11-20,C,360.0,0.16,680.0,0.28,827.0,0.4226,2570.0,11.0,0.0148,0.0008,0.0406,-0.0103,0.0065,0.2072,0.085,0.18,0.24,0.18,down,0.22,2026-09-04T11:15:08,62.963,0.135000005364418,229.88,2026-09-04 19:44:26,2026-09-04 15:45:04
NVDA,NVDA261120C00370000,NVDA,2026-11-20,C,370.0,0.13,573.0,0.16,543.0,0.4222,4155.0,4957.0,0.0111,0.0006,0.0318,-0.0081,0.0048,0.152,0.04,0.11,0.2,0.11,no_change,0.15,2026-09-04T15:04:04,36.3636,0.109999999403954,229.88,2026-09-04 19:44:26,2026-09-04 15:45:04
NVDA,NVDA261120C00380000,NVDA,2026-11-20,C,380.0,0.05,653.0,0.17,620.0,0.4288,1674.0,0.0,0.0084,0.0005,0.025,-0.0064,0.0037,0.1125,0.0,0.0,0.0,0.0,up,0.11,2026-09-03T14:29:03,0.0,0.0899999998509884,229.88,2026-09-04 19:44:26,2026-09-04 15:45:04
NVDA,NVDA261120C00390000,NVDA,2026-11-20,C,390.0,0.03,574.0,0.14,805.0,0.4358,757.0,0.0,0.0064,0.0004,0.0196,-0.005,0.0028,0.0841,0.0,0.0,0.0,0.0,up,0.07,2026-09-03T13:42:10,0.0,0.0800000028684735,229.88,2026-09-04 19:44:26,2026-09-04 15:45:04
NVDA,NVDA261120C00400000,NVDA,2026-11-20,C,400.0,0.05,524.0,0.06,403.0,0.4344,8343.0,1345.0,0.0049,0.0003,0.0156,-0.004,0.0021,0.0635,0.015,0.05,0.08,0.05,no_change,0.06,2026-09-04T14:38:43,33.3333,0.0449999999254942,229.88,2026-09-04 19:44:26,2026-09-04 15:45:04
NVDA,NVDA261120C00410000,NVDA,2026-11-20,C,410.0,0.03,836.0,0.11,597.0,0.4626,1185.0,1.0,0.0038,0.0002,0.0124,-0.0032,0.0016,0.0484,-0.05,0.03,0.03,0.03,down,0.03,2026-09-04T12:24:03,-62.5,0.0800000028684735,229.88,2026-09-04 19:44:26,2026-09-04 15:45:04
NVDA,NVDA261120C00420000,NVDA,2026-11-20,C,420.0,0.03,127.0,0.14,655.0,0.4892,630.0,2.0,0.003,0.0002,0.0099,-0.0026,0.0013,0.0372,-0.005,0.04,0.07,0.04,up,0.07,2026-09-04T11:31:03,-6.66667,0.0750000001862645,229.88,2026-09-04 19:44:26,2026-09-04 15:45:04
NVDA,NVDA261120C00430000,NVDA,2026-11-20,C,430.0,0.01,296.0,0.05,45.0,0.4583,162.0,0.0,0.0023,0.0001,0.008,-0.0021,0.001,0.029,0.0,0.0,0.0,0.0,no_change,0.03,2026-09-03T14:28:59,0.0,0.0199999995529652,229.88,2026-09-04 19:44:26,2026-09-04 15:45:04
NVDA,NVDA261120C00440000,NVDA,2026-11-20,C,440.0,0.02,105.0,0.03,1.0,0.466,686.0,111.0,0.0018,0.0001,0.0065,-0.0017,0.0008,0.0228,0.01,0.02,0.03,0.02,no_change,0.03,2026-09-04T14:23:20,50.0,0.0199999995529652,229.88,2026-09-04 19:44:26,2026-09-04 15:45:04
NVDA,NVDA261120C00450000,NVDA,2026-11-20,C,450.0,0.01,290.0,0.07,519.0,0.5008,136.0,2.0,0.0015,0.0001,0.0053,-0.0014,0.0006,0.0181,0.0,0.07,0.07,0.07,up,0.07,2026-09-04T11:01:05,3.56564e-06,0.0699999975040555,229.88,2026-09-04 19:44:26,2026-09-04 15:45:04
NVDA,NVDA261120C00455000,NVDA,2026-11-20,C,455.0,0.01,111.0,0.03,10.0,0.4788,2921.0,56.0,0.0013,0.0001,0.0048,-0.0013,0.0006,0.0162,0.005,0.06,0.06,0.01,no_change,0.02,2026-09-04T14:25:52,33.3333,0.0149999996647239,229.88,2026-09-04 19:44:26,2026-09-04 15:45:04
NVDA,NVDA261120C00460000,NVDA,2026-11-20,C,460.0,0.01,80.0,0.03,1.0,0.4858,4624.0,83.0,0.0012,0.0001,0.0044,-0.0012,0.0005,0.0145,0.015,0.02,0.03,0.02,up,0.03,2026-09-04T15:22:14,100.0,0.0149999996647239,229.88,2026-09-04 19:44:26,2026-09-04 15:45:04
NVDA,NVDA261120P00050000,NVDA,2026-11-20,P,50.0,0.01,45.0,0.04,45.0,1.1397,1172.0,0.0,-0.0008,0.0,0.0027,-0.0019,-0.0004,0.0265,0.0,0.0,0.0,0.0,no_change,0.01,2026-09-03T15:45:09,0.0,0.0149999996647239,229.88,2026-09-04 19:44:26,2026-09-04 15:45:04
NVDA,NVDA261120P00055000,NVDA,2026-11-20,P,55.0,0.01,45.0,0.07,45.0,1.1171,368.0,0.0,-0.0009,0.0,0.0033,-0.0022,-0.0005,0.0322,0.0,0.0,0.0,0.0,up,0.05,2026-09-02T11:29:35,0.0,0.0300000002607703,229.88,2026-09-04 19:44:26,2026-09-04 15:45:04
NVDA,NVDA261120P00060000,NVDA,2026-11-20,P,60.0,0.01,586.0,0.06,360.0,1.038,300.0,40.0,-0.0012,0.0,0.004,-0.0026,-0.0006,0.0386,0.005,0.04,0.04,0.04,no_change,0.04,2026-09-04T15:09:38,14.2857,0.034999999217689,229.88,2026-09-04 19:44:26,2026-09-04 15:45:04
NVDA,NVDA261120P00065000,NVDA,2026-11-20,P,65.0,0.03,45.0,0.15,345.0,1.0755,134.0,0.0,-0.0014,0.0,0.0049,-0.003,-0.0007,0.0458,0.0,0.0,0.0,0.0,up,0.09,2026-09-03T14:17:50,0.0,0.0800000028684735,229.88,2026-09-04 19:44:26,2026-09-04 15:45:04
NVDA,NVDA261120P00070000,NVDA,2026-11-20,P,70.0,0.02,788.0,0.09,504.0,0.9642,342.0,1.0,-0.0017,0.0,0.0059,-0.0035,-0.0009,0.0545,-0.005,0.06,0.06,0.06,up,0.06,2026-09-04T13:24:24,-7.69231,0.0650000013411045,229.88,2026-09-04 19:44:26,2026-09-04 15:45:04
NVDA,NVDA261120P00075000,NVDA,2026-11-20,P,75.0,0.02,506.0,0.17,713.0,0.9646,326.0,0.0,-0.0021,0.0001,0.007,-0.004,-0.0011,0.0643,0.0,0.0,0.0,0.0,no_change,0.09,2026-09-03T15:47:43,0.0,0.0950000006705522,229.88,2026-09-04 19:44:26,2026-09-04 15:45:04
NVDA,NVDA261120P00080000,NVDA,2026-11-20,P,80.0,0.03,578.0,0.1,439.0,0.8755,1338.0,11.0,-0.0026,0.0001,0.0083,-0.0046,-0.0013,0.0762,-0.01,0.06,0.06,0.06,no_change,0.06,2026-09-04T14:04:09,-14.2857,0.0699999984353781,229.88,2026-09-04 19:44:26,2026-09-04 15:45:04
NVDA,NVDA261120P00085000,NVDA,2026-11-20,P,85.0,0.05,331.0,0.19,435.0,0.8854,710.0,0.0,-0.0031,0.0001,0.0099,-0.0052,-0.0016,0.0893,0.0,0.0,0.0,0.0,down,0.09,2026-09-03T12:57:37,0.0,0.100000003352761,229.88,2026-09-04 19:44:26,2026-09-04 15:45:04
NVDA,NVDA261120P00090000,NVDA,2026-11-20,P,90.0,0.07,691.0,0.12,534.0,0.8158,428.0,0.0,-0.0037,0.0001,0.0116,-0.0059,-0.0019,0.1045,0.0,0.0,0.0,0.0,no_change,0.09,2026-09-03T15:31:36,0.0,0.0999999977648258,229.88,2026-09-04 19:44:26,2026-09-04 15:45:04
NVDA,NVDA261120P00095000,NVDA,2026-11-20,P,95.0,0.05,436.0,0.15,394.0,0.7762,792.0,0.0,-0.0044,0.0001,0.0136,-0.0067,-0.0022,0.1221,0.0,0.0,0.0,0.0,up,0.13,2026-09-03T14:59:31,0.0,0.109999997541308,229.88,2026-09-04 19:44:26,2026-09-04 15:45:04
NVDA,NVDA261120P00100000,NVDA,2026-11-20,P,100.0,0.12,433.0,0.19,560.0,0.7733,5807.0,37.0,-0.0052,0.0002,0.016,-0.0075,-0.0026,0.1422,0.015,0.14,0.15,0.13,up,0.15,2026-09-04T14:03:51,11.1111,0.134999997913837,229.88,2026-09-04 19:44:26,2026-09-04 15:45:04
NVDA,NVDA261120P00105000,NVDA,2026-11-20,P,105.0,0.1,407.0,0.19,343.0,0.7255,426.0,0.0,-0.0062,0.0002,0.0187,-0.0085,-0.0031,0.1656,0.0,0.0,0.0,0.0,down,0.17,2026-08-28T13:46:14,0.0,0.150000002235174,229.88,2026-09-04 19:44:26,2026-09-04 15:45:04
NVDA,NVDA261120P00110000,NVDA,2026-11-20,P,110.0,0.11,266.0,0.24,226.0,0.7022,2545.0,0.0,-0.0074,0.0003,0.0217,-0.0096,-0.0037,0.1929,0.0,0.0,0.0,0.0,up,0.2,2026-09-02T14:38:51,0.0,0.199999995529652,229.88,2026-09-04 19:44:26,2026-09-04 15:45:04
NVDA,NVDA261120P00115000,NVDA,2026-11-20,P,115.0,0.22,45.0,0.32,458.0,0.7031,6683.0,0.0,-0.0087,0.0003,0.0252,-0.0107,-0.0044,0.2242,0.0,0.0,0.0,0.0,up,0.23,2026-09-02T15:12:55,0.0,0.229999996721745,229.88,2026-09-04 19:44:26,2026-09-04 15:45:04
NVDA,NVDA261120P00120000,NVDA,2026-11-20,P,120.0,0.24,631.0,0.29,555.0,0.6624,4829.0,11.0,-0.0103,0.0004,0.0293,-0.012,-0.0052,0.2603,0.0,0.24,0.24,0.24,no_change,0.24,2026-09-04T14:04:58,-8.69234e-07,0.240000002086163,229.88,2026-09-04 19:44:26,2026-09-04 15:45:04
NVDA,NVDA261120P00125000,NVDA,2026-11-20,P,125.0,0.28,563.0,0.33,527.0,0.6377,5241.0,46.0,-0.0122,0.0005,0.0338,-0.0134,-0.0061,0.3018,-0.02,0.31,0.31,0.29,no_change,0.29,2026-09-04T14:57:37,-6.45161,0.310000002384186,229.88,2026-09-04 19:44:26,2026-09-04 15:45:04
NVDA,NVDA261120P00130000,NVDA,2026-11-20,P,130.0,0.33,598.0,0.37,568.0,0.6136,5785.0,239.0,-0.0144,0.0006,0.0391,-0.015,-0.0072,0.3501,0.005,0.34,0.36,0.34,no_change,0.36,2026-09-04T12:51:32,1.40845,0.355000004172325,229.88,2026-09-04 19:44:26,2026-09-04 15:45:04
NVDA,NVDA261120P00135000,NVDA,2026-11-20,P,135.0,0.37,562.0,0.42,585.0,0.5885,8204.0,252.0,-0.0171,0.0007,0.0453,-0.0167,-0.0085,0.4071,0.0,0.41,0.42,0.39,up,0.42,2026-09-04T12:33:42,-4.25747e-07,0.420000001788139,229.88,2026-09-04 19:44:26,2026-09-04 15:45:04
NVDA,NVDA261120P00140000,NVDA,2026-11-20,P,140.0,0.45,560.0,0.49,592.0,0.569,8910.0,7.0,-0.0202,0.0008,0.0522,-0.0186,-0.01,0.4746,-0.035,0.48,0.48,0.45,down,0.45,2026-09-04T12:31:24,-7.21649,0.484999999403954,229.88,2026-09-04 19:44:26,2026-09-04 15:45:04
NVDA,NVDA261120P00145000,NVDA,2026-11-20,P,145.0,0.55,344.0,0.57,636.0,0.5502,6419.0,1859.0,-0.024,0.001,0.0606,-0.0208,-0.0119,0.5547,-0.03,0.53,0.54,0.53,no_change,0.54,2026-09-04T12:35:08,-5.26316,0.569999992847443,229.88,2026-09-04 19:44:26,2026-09-04 15:45:04
NVDA,NVDA261120P00150000,NVDA,2026-11-20,P,150.0,0.64,700.0,0.66,430.0,0.5294,18153.0,2775.0,-0.0286,0.0012,0.07,-0.0232,-0.0141,0.6528,-0.015,0.65,0.66,0.62,no_change,0.66,2026-09-04T15:06:29,-2.22222,0.674999982118606,229.88,2026-09-04 19:44:26,2026-09-04 15:45:04
NVDA,NVDA261120P00155000,NVDA,2026-11-20,P,155.0,0.77,682.0,0.79,387.0,0.5124,8134.0,1762.0,-0.0342,0.0014,0.081,-0.0261,-0.0168,0.773,-0.02,0.75,0.77,0.71,no_change,0.77,2026-09-04T15:23:32,-2.53164,0.78999999165535,229.88,2026-09-04 19:44:26,2026-09-04 15:45:04
NVDA,NVDA261120P00160000,NVDA,2026-11-20,P,160.0,0.91,706.0,0.94,453.0,0.4945,21958.0,2841.0,-0.0412,0.0017,0.0942,-0.0294,-0.0201,0.9239,-0.02,0.92,0.93,0.85,up,0.93,2026-09-04T15:22:27,-2.10526,0.950000017881394,229.88,2026-09-04 19:44:26,2026-09-04 15:45:04
NVDA,NVDA261120P00165000,NVDA,2026-11-20,P,165.0,1.11,568.0,1.13,475.0,0.479,10181.0,371.0,-0.0498,0.002,0.1096,-0.0332,-0.0243,1.1156,-0.03,1.07,1.11,1.0,no_change,1.11,2026-09-04T15:25:50,-2.63158,1.13999998569489,229.88,2026-09-04 19:44:26,2026-09-04 15:45:04
NVDA,NVDA261120P00170000,NVDA,2026-11-20,P,170.0,1.34,642.0,1.38,456.0,0.4644,21910.0,596.0,-0.0605,0.0024,0.1279,-0.0377,-0.0294,1.3612,-0.02,1.31,1.37,1.2,no_change,1.37,2026-09-04T15:23:28,-1.43885,1.38999998569489,229.88,2026-09-04 19:44:26,2026-09-04 15:45:04
NVDA,NVDA261120P00175000,NVDA,2026-11-20,P,175.0,1.66,438.0,1.69,330.0,0.452,19635.0,112.0,-0.0737,0.0029,0.1489,-0.0429,-0.0357,1.6748,-0.03,1.62,1.69,1.47,up,1.68,2026-09-04T15:27:40,-1.75439,1.71000003814697,229.88,2026-09-04 19:44:26,2026-09-04 15:45:04
NVDA,NVDA261120P00180000,NVDA,2026-11-20,P,180.0,2.05,935.0,2.09,42.0,0.4406,28324.0,564.0,-0.0899,0.0035,0.1727,-0.0487,-0.0433,2.0728,-0.045,2.0,2.08,1.8,up,2.08,2026-09-04T15:26:00,-2.11765,2.125,229.88,2026-09-04 19:44:26,2026-09-04 15:45:04
NVDA,NVDA261120P00185000,NVDA,2026-11-20,P,185.0,2.54,643.0,2.61,336.0,0.431,11701.0,451.0,-0.1095,0.0041,0.1998,-0.0552,-0.0525,2.5757,-0.08,2.41,2.6,2.21,up,2.57,2026-09-04T15:24:35,-3.01887,2.64999997615814,229.88,2026-09-04 19:44:26,2026-09-04 15:45:04
NVDA,NVDA261120P00190000,NVDA,2026-11-20,P,190.0,3.15,670.0,3.25,367.0,0.4219,15121.0,506.0,-0.1331,0.0048,0.2282,-0.0622,-0.0636,3.2163,-0.1,3.15,3.23,2.73,no_change,3.2,2026-09-04T15:24:35,-3.0303,3.29999995231628,229.88,2026-09-04 19:44:26,2026-09-04 15:45:04
NVDA,NVDA261120P00195000,NVDA,2026-11-20,P,195.0,3.95,710.0,4.05,423.0,0.4152,16757.0,298.0,-0.1607,0.0056,0.2587,-0.0696,-0.0762,4.0028,-0.1,3.82,4.02,3.41,up,4.0,2026-09-04T15:24:58,-2.43903,4.10000014305115,229.88,2026-09-04 19:44:26,2026-09-04 15:45:04
NVDA,NVDA261120P00200000,NVDA,2026-11-20,P,200.0,4.9,831.0,5.0,1.0,0.4086,45057.0,1042.0,-0.1924,0.0064,0.2902,-0.0771,-0.0904,4.9697,-0.125,4.52,4.97,4.2,no_change,4.95,2026-09-04T15:24:58,-2.46306,5.07500004768372,229.88,2026-09-04 19:44:26,2026-09-04 15:45:04
NVDA,NVDA261120P00205000,NVDA,2026-11-20,P,205.0,6.05,765.0,6.2,712.0,0.4039,8138.0,739.0,-0.2279,0.0071,0.3194,-0.0842,-0.1064,6.108,-0.205,5.65,6.15,5.2,up,6.02,2026-09-04T14:51:03,-3.29317,6.22500014305115,229.88,2026-09-04 19:44:26,2026-09-04 15:45:04
NVDA,NVDA261120P00210000,NVDA,2026-11-20,P,210.0,7.45,762.0,7.55,280.0,0.3991,14877.0,690.0,-0.2677,0.0079,0.3477,-0.091,-0.1236,7.4894,-0.075,7.18,7.5,6.4,up,7.5,2026-09-04T15:26:49,-0.9901,7.57500004768372,229.88,2026-09-04 19:44:26,2026-09-04 15:45:04
NVDA,NVDA261120P00215000,NVDA,2026-11-20,P,215.0,9.0,809.0,9.15,193.0,0.3941,10861.0,1169.0,-0.3106,0.0086,0.373,-0.0969,-0.1417,9.086,-0.15,8.6,9.08,7.75,up,9.05,2026-09-04T15:22:17,-1.63044,9.2000002861023,229.88,2026-09-04 19:44:26,2026-09-04 15:45:04
NVDA,NVDA261120P00220000,NVDA,2026-11-20,P,220.0,10.9,600.0,11.0,275.0,0.3912,9500.0,944.0,-0.3564,0.0092,0.3928,-0.1016,-0.1604,10.9213,-0.1,10.6,10.95,9.4,no_change,10.95,2026-09-04T15:29:18,-0.904979,11.0500001907349,229.88,2026-09-04 19:44:26,2026-09-04 15:45:04
NVDA,NVDA261120P00225000,NVDA,2026-11-20,P,225.0,12.9,669.0,13.1,219.0,0.3868,6267.0,766.0,-0.4044,0.0096,0.408,-0.1052,-0.179,13.0187,-0.175,12.55,13.04,11.25,down,13.0,2026-09-04T15:15:19,-1.32827,13.1750001907349,229.88,2026-09-04 19:44:26,2026-09-04 15:45:04
NVDA,NVDA261120P00230000,NVDA,2026-11-20,P,230.0,15.25,689.0,15.45,187.0,0.3837,6254.0,1463.0,-0.4539,0.01,0.417,-0.1074,-0.1964,15.3825,-0.25,14.8,15.35,13.35,no_change,15.3,2026-09-04T15:22:41,-1.60772,15.5499997138977,229.88,2026-09-04 19:44:26,2026-09-04 15:45:04
NVDA,NVDA261120P00235000,NVDA,2026-11-20,P,235.0,17.95,531.0,18.05,24.0,0.3818,920.0,1323.0,-0.504,0.0102,0.4193,-0.1081,-0.2118,18.0153,-0.205,16.65,18.0,15.7,no_change,17.97,2026-09-04T15:26:25,-1.12792,18.1749992370605,229.88,2026-09-04 19:44:26,2026-09-04 15:45:04
NVDA,NVDA261120P00240000,NVDA,2026-11-20,P,240.0,20.75,597.0,20.95,44.0,0.3793,1247.0,70.0,-0.5534,0.0102,0.4153,-0.1074,-0.2256,20.8917,-0.2,18.75,20.8,18.5,up,20.8,2026-09-04T15:14:48,-0.952381,21.0,229.88,2026-09-04 19:44:26,2026-09-04 15:45:04
NVDA,NVDA261120P00245000,NVDA,2026-11-20,P,245.0,23.9,557.0,24.15,441.0,0.3786,923.0,40.0,-0.602,0.0101,0.4049,-0.1055,-0.2382,24.0443,-0.33,22.1,23.82,21.45,up,23.82,2026-09-04T14:38:53,-1.36646,24.1499996185303,229.88,2026-09-04 19:44:26,2026-09-04 15:45:04
NVDA,NVDA261120P00250000,NVDA,2026-11-20,P,250.0,26.85,786.0,27.55,378.0,0.3721,1859.0,63.0,-0.6486,0.0098,0.3892,-0.1024,-0.2453,27.4379,-1.6,25.5,26.45,24.51,down,26.1,2026-09-04T12:52:41,-5.77617,27.6999998092651,229.88,2026-09-04 19:44:26,2026-09-04 15:45:04
NVDA,NVDA261120P00255000,NVDA,2026-11-20,P,255.0,30.8,455.0,31.1,9.0,0.3749,245.0,11.0,-0.6927,0.0095,0.3689,-0.0985,-0.2495,31.0644,-1.125,28.5,30.0,28.5,up,30.0,2026-09-04T12:56:50,-3.61446,31.125,229.88,2026-09-04 19:44:26,2026-09-04 15:45:04
NVDA,NVDA261120P00260000,NVDA,2026-11-20,P,260.0,34.55,493.0,34.95,205.0,0.3733,886.0,32.0,-0.734,0.009,0.3421,-0.0937,-0.2507,34.9154,-0.3,31.77,34.65,31.77,up,34.65,2026-09-04T15:19:35,-0.858371,34.9500007629394,229.88,2026-09-04 19:44:26,2026-09-04 15:45:04
NVDA,NVDA261120P00265000,NVDA,2026-11-20,P,265.0,38.5,403.0,38.95,114.0,0.372,569.0,1.0,-0.7719,0.0085,0.3164,-0.0886,-0.2497,38.9377,-1.55,37.35,37.35,37.35,down,37.35,2026-09-04T11:35:20,-3.98458,38.9000015258789,229.88,2026-09-04 19:44:26,2026-09-04 15:45:04
NVDA,NVDA261120P00270000,NVDA,2026-11-20,P,270.0,42.4,258.0,43.1,9.0,0.366,485.0,1.0,-0.8065,0.008,0.2856,-0.0831,-0.2393,43.1303,-2.005,41.47,41.47,41.47,down,41.47,2026-09-04T11:35:20,-4.61185,43.4750003814697,229.88,2026-09-04 19:44:26,2026-09-04 15:45:04
NVDA,NVDA261120P00275000,NVDA,2026-11-20,P,275.0,46.6,276.0,47.45,10.0,0.3626,26.0,0.0,-0.8377,0.0074,0.256,-0.0775,-0.2269,47.463,0.0,0.0,0.0,0.0,up,58.4,2026-08-28T15:26:30,0.0,47.8499984741211,229.88,2026-09-04 19:44:26,2026-09-04 15:45:04
NVDA,NVDA261120P00280000,NVDA,2026-11-20,P,280.0,51.1,284.0,51.95,157.0,0.3631,52.0,0.0,-0.8658,0.0068,0.2235,-0.0718,-0.2147,51.9277,0.0,0.0,0.0,0.0,up,60.05,2026-08-28T12:50:01,0.0,52.3999996185303,229.88,2026-09-04 19:44:26,2026-09-04 15:45:04
NVDA,NVDA261120P00285000,NVDA,2026-11-20,P,285.0,55.25,451.0,56.5,47.0,0.3457,183.0,2.0,-0.8904,0.0062,0.1931,-0.0659,-0.1947,56.4947,0.175,56.7,56.7,56.7,down,56.7,2026-09-04T15:19:53,0.309595,56.5250015258789,229.88,2026-09-04 19:44:26,2026-09-04 15:45:04
NVDA,NVDA261120P00290000,NVDA,2026-11-20,P,290.0,60.2,315.0,61.25,142.0,0.3536,123.0,0.0,-0.9122,0.0055,0.1619,-0.0596,-0.1751,61.1595,0.0,0.0,0.0,0.0,down,72.9,2026-08-28T15:21:55,0.0,61.625,229.88,2026-09-04 19:44:26,2026-09-04 15:45:04
NVDA,NVDA261120P00295000,NVDA,2026-11-20,P,295.0,64.8,116.0,66.55,124.0,0.3683,9.0,0.0,-0.9309,0.0049,0.1359,-0.0532,-0.154,65.8954,0.0,0.0,0.0,0.0,down,65.7,2026-09-03T15:19:58,0.0,66.25,229.88,2026-09-04 19:44:26,2026-09-04 15:45:04
NVDA,NVDA261120P00300000,NVDA,2026-11-20,P,300.0,69.5,100.0,70.9,19.0,0.0,15.0,0.0,-0.9467,0.0042,0.1056,-0.0461,-0.1276,70.7019,0.0,0.0,0.0,0.0,down,70.59,2026-09-03T15:19:58,0.0,71.1000022888184,229.88,2026-09-04 19:44:26,2026-09-04 15:45:04
NVDA,NVDA261120P00310000,NVDA,2026-11-20,P,310.0,79.35,95.0,81.1,78.0,0.0,4.0,0.0,-0.9703,0.0029,0.0625,-0.0319,-0.0827,80.4505,0.0,0.0,0.0,0.0,up,83.11,2026-09-03T10:31:35,0.0,81.1499977111816,229.88,2026-09-04 19:44:26,2026-09-04 15:45:04
NVDA,NVDA261120P00320000,NVDA,2026-11-20,P,320.0,86.55,107.0,93.8,54.0,0.0,0.0,0.0,-0.9851,0.0018,0.0367,-0.0191,-0.0528,90.324,0.0,0.0,0.0,0.0,up,117.81,2026-06-23T12:49:27,0.0,90.625,229.88,2026-09-04 19:44:26,2026-09-04 15:45:04
NVDA,NVDA261120P00330000,NVDA,2026-11-20,P,330.0,96.5,56.0,103.75,62.0,0.0,0.0,0.0,-0.9932,0.0009,0.018,-0.0095,-0.046,100.2696,0.0,0.0,0.0,0.0,down,110.92,2026-09-02T09:30:12,0.0,100.299999237061,229.88,2026-09-04 19:44:26,2026-09-04 15:45:04
NVDA,NVDA261120P00340000,NVDA,2026-11-20,P,340.0,106.45,60.0,113.7,54.0,0.0,1.0,0.0,-0.9971,0.0004,0.0066,-0.0041,-0.0345,110.2466,0.0,0.0,0.0,0.0,down,113.97,2026-08-17T13:20:47,0.0,110.725002288818,229.88,2026-09-04 19:44:26,2026-09-04 15:45:04
NVDA,NVDA261120P00350000,NVDA,2026-11-20,P,350.0,116.8,61.0,123.35,55.0,0.0,0.0,0.0,-0.999,0.0002,0.0024,-0.0014,-0.0302,120.2357,0.0,0.0,0.0,0.0,up,144.05,2026-06-09T15:44:57,0.0,120.924999237061,229.88,2026-09-04 19:44:26,2026-09-04 15:45:04
NVDA,NVDA261120P00360000,NVDA,2026-11-20,P,360.0,126.45,61.0,133.7,55.0,0.0,0.0,0.0,-0.9997,0.0001,0.001,-0.0004,-0.0306,130.2301,0.0,0.0,0.0,0.0,down,133.95,2026-08-17T13:20:47,0.0,130.399997711182,229.88,2026-09-04 19:44:26,2026-09-04 15:45:04
NVDA,NVDA261120P00370000,NVDA,2026-11-20,P,370.0,136.45,60.0,143.65,55.0,0.0,0.0,0.0,-0.9999,0.0,0.0001,-0.0001,-0.0305,140.2261,0.0,0.0,0.0,0.0,no_change,0.0,,0.0,140.5,229.88,2026-09-04 19:44:26,2026-09-04 15:45:04
NVDA,NVDA261120P00380000,NVDA,2026-11-20,P,380.0,146.45,60.0,153.65,55.0,0.0,0.0,0.0,-1.0,0.0,0.0001,0.0,-0.0312,150.2224,0.0,0.0,0.0,0.0,no_change,0.0,,0.0,150.474998474121,229.88,2026-09-04 19:44:26,2026-09-04 15:45:04
NVDA,NVDA261120P00390000,NVDA,2026-11-20,P,390.0,156.45,60.0,163.65,54.0,0.0,0.0,0.0,-1.0,0.0,0.0,0.0,-0.0321,160.2188,0.0,0.0,0.0,0.0,up,196.0,2026-06-29T09:40:10,0.0,160.299995422363,229.88,2026-09-04 19:44:26,2026-09-04 15:45:04
NVDA,NVDA261120P00400000,NVDA,2026-11-20,P,400.0,166.8,60.0,173.3,55.0,0.0,0.0,0.0,-1.0,0.0,0.0,0.0,-0.0329,170.2152,0.0,0.0,0.0,0.0,no_change,0.0,,0.0,170.449996948242,229.88,2026-09-04 19:44:26,2026-09-04 15:45:04
NVDA,NVDA261120P00410000,NVDA,2026-11-20,P,410.0,176.4,60.0,183.65,55.0,0.0,0.0,0.0,-1.0,0.0,0.0,0.0,-0.0337,180.2117,0.0,0.0,0.0,0.0,no_change,0.0,,0.0,180.5,229.88,2026-09-04 19:44:26,2026-09-04 15:45:04
NVDA,NVDA261120P00420000,NVDA,2026-11-20,P,420.0,186.4,60.0,193.65,56.0,0.0,0.0,0.0,-1.0,0.0,0.0,0.0,-0.0345,190.2081,0.0,0.0,0.0,0.0,no_change,0.0,,0.0,190.349998474121,229.88,2026-09-04 19:44:26,2026-09-04 15:45:04
NVDA,NVDA261120P00430000,NVDA,2026-11-20,P,430.0,196.45,60.0,203.65,60.0,0.0,0.0,0.0,-1.0,0.0,0.0,0.0,-0.0353,200.2045,0.0,0.0,0.0,0.0,no_change,0.0,,0.0,200.399993896484,229.88,2026-09-04 19:44:26,2026-09-04 15:45:04
NVDA,NVDA261120P00440000,NVDA,2026-11-20,P,440.0,206.45,60.0,213.65,60.0,0.0,0.0,0.0,-1.0,0.0,0.0,0.0,-0.0362,210.2009,0.0,0.0,0.0,0.0,no_change,0.0,,0.0,210.5,229.88,2026-09-04 19:44:26,2026-09-04 15:45:04
NVDA,NVDA261120P00450000,NVDA,2026-11-20,P,450.0,216.8,61.0,223.1,55.0,0.0,0.0,0.0,-1.0,0.0,0.0,0.0,-0.037,220.1973,0.0,0.0,0.0,0.0,no_change,0.0,,0.0,220.550003051758,229.88,2026-09-04 19:44:26,2026-09-04 15:45:04
NVDA,NVDA261120P00455000,NVDA,2026-11-20,P,455.0,221.45,60.0,228.65,56.0,0.0,0.0,0.0,-1.0,0.0,0.0,0.0,-0.0374,225.1955,0.0,0.0,0.0,0.0,no_change,0.0,,0.0,225.599998474121,229.88,2026-09-04 19:44:26,2026-09-04 15:45:04
NVDA,NVDA261120P00460000,NVDA,2026-11-20,P,460.0,226.45,60.0,233.65,56.0,0.0,0.0,0.0,-1.0,0.0,0.0,0.0,-0.0378,230.1938,0.0,0.0,0.0,0.0,up,249.18,2026-08-25T11:02:53,0.0,230.399993896484,229.88,2026-09-04 19:44:26,2026-09-04 15:45:04
NVDA,NVDA261218C00000500,NVDA,2026-12-18,C,0.5,227.2,155.0,229.55,25.0,0.0,10203.0,3.0,1.0,0.0,0.0,-0.0003,0.0,229.3752,4.155,230.75,231.73,230.64,up,231.73,2026-09-04T09:49:16,1.82577,227.574996948242,229.88,2026-09-04 19:44:26,2026-09-04 15:45:04
NVDA,NVDA261218C00001000,NVDA,2026-12-18,C,1.0,225.4,51.0,232.15,51.0,0.0,42.0,1.0,1.0,0.0,0.0,-0.0002,0.0001,228.8901,4.915,232.84,232.84,232.84,up,232.84,2026-09-04T10:18:40,2.15641,227.924995422363,229.88,2026-09-04 19:44:26,2026-09-04 15:45:04
NVDA,NVDA261218C00001500,NVDA,2026-12-18,C,1.5,224.85,51.0,231.05,51.0,0.0,32.0,0.0,1.0,0.0,0.0,-0.0001,0.0001,228.4101,0.0,0.0,0.0,0.0,up,224.23,2026-08-17T10:07:14,0.0,227.424995422363,229.88,2026-09-04 19:44:26,2026-09-04 15:45:04
NVDA,NVDA261218C00002000,NVDA,2026-12-18,C,2.0,224.35,52.0,231.85,51.0,4.8632,20.0,0.0,1.0,0.0,0.0,-0.0001,0.0002,227.9002,0.0,0.0,0.0,0.0,no_change,210.15,2026-06-05T10:39:58,0.0,226.924995422363,229.88,2026-09-04 19:44:26,2026-09-04 15:45:04
NVDA,NVDA261218C00002500,NVDA,2026-12-18,C,2.5,223.85,51.0,230.25,50.0,0.0,9.0,0.0,1.0,0.0,0.0,0.0,0.0002,227.4003,0.0,0.0,0.0,0.0,down,194.38,2026-07-08T11:31:40,0.0,226.424995422363,229.88,2026-09-04 19:44:26,2026-09-04 15:45:04
NVDA,NVDA261218C00003000,NVDA,2026-12-18,C,3.0,223.35,52.0,230.6,51.0,3.8996,20.0,0.0,1.0,0.0,0.0,0.0,0.0002,226.9004,0.0,0.0,0.0,0.0,down,214.55,2026-06-03T15:18:26,0.0,225.899993896484,229.88,2026-09-04 19:44:26,2026-09-04 15:45:04
NVDA,NVDA261218C00003500,NVDA,2026-12-18,C,3.5,222.85,52.0,230.35,51.0,4.0208,10.0,0.0,1.0,0.0,0.0,0.0,0.0003,226.4005,0.0,0.0,0.0,0.0,down,202.59,2026-06-05T15:55:50,0.0,225.424995422363,229.88,2026-09-04 19:44:26,2026-09-04 15:45:04
NVDA,NVDA261218C00004000,NVDA,2026-12-18,C,4.0,222.35,52.0,229.85,51.0,3.8286,4.0,0.0,1.0,0.0,0.0,0.0,0.0003,225.9006,0.0,0.0,0.0,0.0,up,220.68,2026-08-13T11:05:49,0.0,224.924995422363,229.88,2026-09-04 19:44:26,2026-09-04 15:45:04
NVDA,NVDA261218C00004500,NVDA,2026-12-18,C,4.5,221.9,51.0,229.35,50.0,3.7166,0.0,0.0,1.0,0.0,0.0,-0.0001,0.0004,225.4008,0.0,0.0,0.0,0.0,up,220.5,2026-06-02T12:46:26,0.0,224.424995422363,229.88,2026-09-04 19:44:26,2026-09-04 15:45:04
NVDA,NVDA261218C00005000,NVDA,2026-12-18,C,5.0,221.4,84.0,227.75,51.0,0.0,118.0,0.0,1.0,0.0,0.0,-0.0001,0.0004,224.9009,0.0,0.0,0.0,0.0,up,209.78,2026-07-22T13:39:34,0.0,223.75,229.88,2026-09-04 19:44:26,2026-09-04 15:45:04
NVDA,NVDA261218C00006000,NVDA,2026-12-18,C,6.0,220.35,127.0,225.95,64.0,0.0,1001.0,0.0,1.0,0.0,0.0,-0.0001,0.0005,223.9012,0.0,0.0,0.0,0.0,down,194.54,2026-06-11T13:16:10,0.0,221.949996948242,229.88,2026-09-04 19:44:26,2026-09-04 15:45:04
NVDA,NVDA261218C00007000,NVDA,2026-12-18,C,7.0,219.35,87.0,226.85,52.0,3.0977,256.0,0.0,1.0,0.0,0.0,-0.0001,0.0006,222.9015,0.0,0.0,0.0,0.0,down,203.1,2026-06-09T09:59:18,0.0,221.924995422363,229.88,2026-09-04 19:44:26,2026-09-04 15:45:04
NVDA,NVDA261218C00008000,NVDA,2026-12-18,C,8.0,218.35,51.0,225.85,52.0,2.9362,27.0,0.0,1.0,0.0,0.0,-0.0002,0.0007,221.9018,0.0,0.0,0.0,0.0,up,205.92,2026-06-04T09:30:01,0.0,220.924995422363,229.88,2026-09-04 19:44:26,2026-09-04 15:45:04
NVDA,NVDA261218C00009000,NVDA,2026-12-18,C,9.0,217.35,59.0,224.85,51.0,2.7967,39.0,0.0,1.0,0.0,0.0,-0.0003,0.0024,220.9025,0.0,0.0,0.0,0.0,up,205.3,2026-05-28T15:38:26,0.0,219.924995422363,229.88,2026-09-04 19:44:26,2026-09-04 15:45:04
NVDA,NVDA261218C00010000,NVDA,2026-12-18,C,10.0,216.25,119.0,223.85,51.0,2.587,840.0,0.0,1.0,0.0,0.0,-0.0005,0.0026,219.9035,0.0,0.0,0.0,0.0,down,180.3,2026-07-29T15:57:08,0.0,218.924995422363,229.88,2026-09-04 19:44:26,2026-09-04 15:45:04
NVDA,NVDA261218C00011000,NVDA,2026-12-18,C,11.0,215.4,1.0,222.85,211.0,2.6003,242.0,0.0,1.0,0.0,0.0,-0.0007,0.006,218.9046,0.0,0.0,0.0,0.0,down,203.35,2026-06-04T10:38:32,0.0,217.924995422363,229.88,2026-09-04 19:44:26,2026-09-04 15:45:04
NVDA,NVDA261218C00012000,NVDA,2026-12-18,C,12.0,214.7,137.0,221.85,260.0,2.683,297.0,64.0,1.0,0.0,0.0001,-0.0008,0.0091,217.9076,3.595,218.92,218.92,218.92,up,218.92,2026-09-04T13:22:38,1.66957,215.324996948242,229.88,2026-09-04 19:44:26,2026-09-04 15:45:04
NVDA,NVDA261218C00013000,NVDA,2026-12-18,C,13.0,213.4,51.0,220.9,232.0,2.4424,661.0,0.0,1.0,0.0,0.0002,-0.0009,0.0192,216.9112,0.0,0.0,0.0,0.0,up,187.1,2026-04-20T10:20:36,0.0,215.949996948242,229.88,2026-09-04 19:44:26,2026-09-04 15:45:04
NVDA,NVDA261218C00014000,NVDA,2026-12-18,C,14.0,212.4,1.0,219.9,10.0,2.3579,49.0,0.0,1.0,0.0,0.0002,-0.0007,0.0255,215.9179,0.0,0.0,0.0,0.0,up,206.91,2026-08-05T12:29:36,0.0,214.974998474121,229.88,2026-09-04 19:44:26,2026-09-04 15:45:04
NVDA,NVDA261218C00015000,NVDA,2026-12-18,C,15.0,211.45,1.0,218.9,243.0,2.3107,1050.0,0.0,1.0,0.0,0.0005,-0.0003,0.0354,214.9274,0.0,0.0,0.0,0.0,up,214.42,2026-09-03T14:46:35,0.0,213.974998474121,229.88,2026-09-04 19:44:26,2026-09-04 15:45:04
NVDA,NVDA261218C00016000,NVDA,2026-12-18,C,16.0,210.4,84.0,217.9,52.0,2.2061,440.0,0.0,1.0,0.0,0.0005,-0.0004,0.0377,213.9386,0.0,0.0,0.0,0.0,down,174.5,2026-07-29T15:58:47,0.0,212.974998474121,229.88,2026-09-04 19:44:26,2026-09-04 15:45:04
NVDA,NVDA261218C00017000,NVDA,2026-12-18,C,17.0,209.4,84.0,216.95,52.0,2.1689,325.0,0.0,1.0,0.0,0.0006,-0.0004,0.0401,212.9498,0.0,0.0,0.0,0.0,down,178.01,2026-06-26T14:22:43,0.0,212.0,229.88,2026-09-04 19:44:26,2026-09-04 15:45:04
NVDA,NVDA261218C00018000,NVDA,2026-12-18,C,18.0,208.5,84.0,215.95,51.0,2.1607,264.0,0.0,1.0,0.0,0.0006,-0.0004,0.0424,211.961,0.0,0.0,0.0,0.0,down,176.55,2026-06-26T15:44:30,0.0,211.0,229.88,2026-09-04 19:44:26,2026-09-04 15:45:04
NVDA,NVDA261218C00019000,NVDA,2026-12-18,C,19.0,207.45,84.0,214.35,1.0,0.0,651.0,0.0,1.0,0.0,0.0007,-0.0005,0.0448,210.9722,0.0,0.0,0.0,0.0,down,173.0,2026-06-26T09:33:24,0.0,210.050003051758,229.88,2026-09-04 19:44:26,2026-09-04 15:45:04
NVDA,NVDA261218C00020000,NVDA,2026-12-18,C,20.0,207.75,96.0,212.75,91.0,2.0675,16352.0,0.0,1.0,0.0,0.0007,-0.0005,0.0471,209.9835,0.0,0.0,0.0,0.0,up,191.48,2026-08-26T11:37:42,0.0,209.349998474121,229.88,2026-09-04 19:44:26,2026-09-04 15:45:04
NVDA,NVDA261218C00021000,NVDA,2026-12-18,C,21.0,207.0,157.0,212.0,84.0,2.2136,3789.0,0.0,1.0,0.0,0.0008,-0.0005,0.0495,208.9947,0.0,0.0,0.0,0.0,down,186.11,2026-07-16T11:14:28,0.0,208.349998474121,229.88,2026-09-04 19:44:26,2026-09-04 15:45:04
NVDA,NVDA261218C00022000,NVDA,2026-12-18,C,22.0,204.4,168.0,212.0,72.0,1.9057,3697.0,0.0,1.0,0.0,0.0009,-0.0006,0.0518,208.006,0.0,0.0,0.0,0.0,no_change,170.89,2026-06-29T10:30:39,0.0,207.099998474121,229.88,2026-09-04 19:44:26,2026-09-04 15:45:04
NVDA,NVDA261218C00023000,NVDA,2026-12-18,C,23.0,203.4,84.0,211.0,50.0,1.8546,330.0,0.0,1.0,0.0,0.001,-0.0006,0.0542,207.0173,0.0,0.0,0.0,0.0,no_change,187.61,2026-08-26T10:26:30,0.0,206.050003051758,229.88,2026-09-04 19:44:26,2026-09-04 15:45:04
NVDA,NVDA261218C00024000,NVDA,2026-12-18,C,24.0,202.55,75.0,210.0,281.0,1.8863,663.0,0.0,1.0,0.0,0.001,-0.0006,0.0565,206.0287,0.0,0.0,0.0,0.0,up,195.99,2026-08-28T15:50:46,0.0,205.075004577637,229.88,2026-09-04 19:44:26,2026-09-04 15:45:04
NVDA,NVDA261218C00025000,NVDA,2026-12-18,C,25.0,201.35,200.0,209.05,224.0,1.7582,1310.0,1.0,1.0,0.0,0.0011,-0.0007,0.0589,205.0401,3.0,207.1,207.1,207.1,up,207.1,2026-09-04T11:29:32,1.46986,204.100006103516,229.88,2026-09-04 19:44:26,2026-09-04 15:45:04
NVDA,NVDA261218C00026000,NVDA,2026-12-18,C,26.0,200.55,84.0,208.05,51.0,1.8192,673.0,0.0,1.0,0.0,0.0012,-0.0007,0.0612,204.0515,0.0,0.0,0.0,0.0,down,186.0,2026-08-26T09:55:28,0.0,203.125,229.88,2026-09-04 19:44:26,2026-09-04 15:45:04
NVDA,NVDA261218C00027000,NVDA,2026-12-18,C,27.0,199.45,156.0,207.05,50.0,1.7274,1037.0,0.0,1.0,0.0,0.0012,-0.0008,0.0636,203.0629,0.0,0.0,0.0,0.0,up,186.0,2026-08-26T14:50:04,0.0,202.125,229.88,2026-09-04 19:44:26,2026-09-04 15:45:04
NVDA,NVDA261218C00028000,NVDA,2026-12-18,C,28.0,198.45,1.0,206.05,10.0,1.6852,536.0,0.0,1.0,0.0,0.0013,-0.0008,0.0659,202.0744,0.0,0.0,0.0,0.0,no_change,200.0,2026-08-27T14:02:52,0.0,201.125,229.88,2026-09-04 19:44:26,2026-09-04 15:45:04
NVDA,NVDA261218C00029000,NVDA,2026-12-18,C,29.0,197.6,84.0,205.1,50.0,1.7393,601.0,0.0,1.0,0.0,0.0014,-0.0008,0.0683,201.0858,0.0,0.0,0.0,0.0,down,180.5,2026-08-24T15:45:12,0.0,200.149993896484,229.88,2026-09-04 19:44:26,2026-09-04 15:45:04
NVDA,NVDA261218C00030000,NVDA,2026-12-18,C,30.0,196.6,1.0,204.1,51.0,1.701,1895.0,0.0,1.0,0.0,0.0014,-0.0009,0.0706,200.0973,0.0,0.0,0.0,0.0,up,188.6,2026-09-02T10:12:45,0.0,199.149993896484,229.88,2026-09-04 19:44:26,2026-09-04 15:45:04
NVDA,NVDA261218C00031000,NVDA,2026-12-18,C,31.0,195.4,156.0,201.3,1.0,0.0,979.0,0.0,1.0,0.0,0.0016,-0.0009,0.073,199.1088,0.0,0.0,0.0,0.0,down,169.69,2026-07-17T09:33:57,0.0,198.174995422363,229.88,2026-09-04 19:44:26,2026-09-04 15:45:04
NVDA,NVDA261218C00032000,NVDA,2026-12-18,C,32.0,194.6,85.0,202.1,50.0,1.6278,2463.0,0.0,1.0,0.0,0.0018,-0.001,0.0754,198.1203,0.0,0.0,0.0,0.0,up,185.52,2026-08-21T09:30:07,0.0,197.174995422363,229.88,2026-09-04 19:44:26,2026-09-04 15:45:04
NVDA,NVDA261218C00033000,NVDA,2026-12-18,C,33.0,193.5,118.0,201.1,51.0,1.5463,342.0,0.0,1.0,0.0,0.0018,-0.001,0.0777,197.132,0.0,0.0,0.0,0.0,up,175.07,2026-07-14T11:12:13,0.0,196.199996948242,229.88,2026-09-04 19:44:26,2026-09-04 15:45:04
NVDA,NVDA261218C00034000,NVDA,2026-12-18,C,34.0,192.5,97.0,200.15,7.0,1.5363,361.0,0.0,1.0,0.0,0.0019,-0.001,0.0801,196.1436,0.0,0.0,0.0,0.0,up,186.0,2026-08-05T09:37:28,0.0,195.199996948242,229.88,2026-09-04 19:44:26,2026-09-04 15:45:04
NVDA,NVDA261218C00035000,NVDA,2026-12-18,C,35.0,191.55,119.0,199.15,10.0,1.5253,2219.0,0.0,1.0,0.0,0.002,-0.0011,0.0824,195.1553,0.0,0.0,0.0,0.0,no_change,195.0,2026-09-03T13:51:56,0.0,194.349998474121,229.88,2026-09-04 19:44:26,2026-09-04 15:45:04
NVDA,NVDA261218C00036000,NVDA,2026-12-18,C,36.0,190.55,84.0,198.15,10.0,1.4927,268.0,0.0,1.0,0.0,0.0021,-0.0011,0.0848,194.167,0.0,0.0,0.0,0.0,up,180.62,2026-08-21T10:12:33,0.0,193.224998474121,229.88,2026-09-04 19:44:26,2026-09-04 15:45:04
NVDA,NVDA261218C00037000,NVDA,2026-12-18,C,37.0,189.6,1.0,197.15,51.0,1.4825,336.0,0.0,1.0,0.0,0.0022,-0.0012,0.0871,193.1788,0.0,0.0,0.0,0.0,up,165.33,2026-04-30T14:17:16,0.0,192.25,229.88,2026-09-04 19:44:26,2026-09-04 15:45:04
NVDA,NVDA261218C00038000,NVDA,2026-12-18,C,38.0,188.55,1.0,196.2,51.0,1.4516,948.0,0.0,1.0,0.0,0.0023,-0.0012,0.0895,192.1905,0.0,0.0,0.0,0.0,up,191.02,2026-09-03T09:53:17,0.0,191.25,229.88,2026-09-04 19:44:26,2026-09-04 15:45:04
NVDA,NVDA261218C00039000,NVDA,2026-12-18,C,39.0,187.65,1.0,195.2,10.0,1.4618,1272.0,0.0,0.9999,0.0,0.0024,-0.0013,0.0918,191.2023,0.0,0.0,0.0,0.0,no_change,186.87,2026-08-13T15:59:55,0.0,190.275001525879,229.88,2026-09-04 19:44:26,2026-09-04 15:45:04
NVDA,NVDA261218C00040000,NVDA,2026-12-18,C,40.0,186.6,153.0,194.2,10.0,1.4128,1786.0,0.0,0.9999,0.0,0.0025,-0.0014,0.0941,190.2141,0.0,0.0,0.0,0.0,down,179.86,2026-08-31T13:23:53,0.0,189.275001525879,229.88,2026-09-04 19:44:26,2026-09-04 15:45:04
NVDA,NVDA261218C00041000,NVDA,2026-12-18,C,41.0,185.6,84.0,193.2,7.0,1.384,877.0,0.0,0.9999,0.0,0.0026,-0.0014,0.0965,189.226,0.0,0.0,0.0,0.0,up,170.55,2026-08-26T10:57:15,0.0,188.275001525879,229.88,2026-09-04 19:44:26,2026-09-04 15:45:04
NVDA,NVDA261218C00042000,NVDA,2026-12-18,C,42.0,184.6,154.0,192.25,50.0,1.3761,1155.0,0.0,0.9998,0.0,0.0028,-0.0015,0.0988,188.2378,0.0,0.0,0.0,0.0,down,150.19,2026-07-29T10:26:27,0.0,187.300003051758,229.88,2026-09-04 19:44:26,2026-09-04 15:45:04
NVDA,NVDA261218C00043000,NVDA,2026-12-18,C,43.0,183.6,51.0,191.25,248.0,1.3485,796.0,0.0,0.9998,0.0,0.0031,-0.0015,0.1012,187.2497,0.0,0.0,0.0,0.0,up,166.56,2026-07-10T11:55:24,0.0,186.325004577637,229.88,2026-09-04 19:44:26,2026-09-04 15:45:04
NVDA,NVDA261218C00044000,NVDA,2026-12-18,C,44.0,182.65,84.0,190.25,51.0,1.3412,681.0,0.0,0.9998,0.0,0.0033,-0.0016,0.1037,186.2617,0.0,0.0,0.0,0.0,up,182.5,2026-08-27T14:29:12,0.0,185.325004577637,229.88,2026-09-04 19:44:26,2026-09-04 15:45:04
NVDA,NVDA261218C00045000,NVDA,2026-12-18,C,45.0,181.7,1.0,189.25,51.0,1.3336,600.0,0.0,0.9997,0.0,0.0034,-0.0016,0.106,185.2738,0.0,0.0,0.0,0.0,up,178.2,2026-08-31T15:43:50,0.0,184.350006103516,229.88,2026-09-04 19:44:26,2026-09-04 15:45:04
NVDA,NVDA261218C00046000,NVDA,2026-12-18,C,46.0,180.8,51.0,188.3,253.0,1.3584,910.0,0.0,0.9997,0.0,0.0035,-0.0017,0.1083,184.2859,0.0,0.0,0.0,0.0,up,176.5,2026-09-02T10:05:17,0.0,183.350006103516,229.88,2026-09-04 19:44:26,2026-09-04 15:45:04
NVDA,NVDA261218C00047000,NVDA,2026-12-18,C,47.0,179.75,1.0,187.3,51.0,1.3178,301.0,0.0,0.9996,0.0,0.0037,-0.0018,0.1107,183.2981,0.0,0.0,0.0,0.0,up,179.75,2026-08-27T10:28:18,0.0,182.375,229.88,2026-09-04 19:44:26,2026-09-04 15:45:04
NVDA,NVDA261218C00048000,NVDA,2026-12-18,C,48.0,179.6,141.0,185.1,284.0,1.126,560.0,5.0,0.9996,0.0,0.0038,-0.0018,0.113,182.3103,1.655,183.03,183.03,183.03,up,183.03,2026-09-04T15:04:08,0.912474,181.375,229.88,2026-09-04 19:44:26,2026-09-04 15:45:04
NVDA,NVDA261218C00049000,NVDA,2026-12-18,C,49.0,177.75,50.0,185.3,281.0,1.2694,2621.0,0.0,0.9995,0.0,0.004,-0.0019,0.1153,181.3225,0.0,0.0,0.0,0.0,down,162.7,2026-08-26T10:57:15,0.0,180.399993896484,229.88,2026-09-04 19:44:26,2026-09-04 15:45:04
NVDA,NVDA261218C00050000,NVDA,2026-12-18,C,50.0,176.8,84.0,184.35,282.0,1.2781,6086.0,16.0,0.9995,0.0,0.0041,-0.002,0.1177,180.3347,4.77,184.17,184.17,184.17,no_change,184.17,2026-09-04T10:42:12,2.65887,179.399993896484,229.88,2026-09-04 19:44:26,2026-09-04 15:45:04
NVDA,NVDA261218C00051000,NVDA,2026-12-18,C,51.0,175.85,51.0,183.35,240.0,1.2703,1792.0,0.0,0.9994,0.0,0.0043,-0.002,0.12,179.347,0.0,0.0,0.0,0.0,up,174.43,2026-08-27T09:41:56,0.0,178.424995422363,229.88,2026-09-04 19:44:26,2026-09-04 15:45:04
NVDA,NVDA261218C00052000,NVDA,2026-12-18,C,52.0,174.7,105.0,182.35,236.0,1.1995,1048.0,0.0,0.9994,0.0,0.0044,-0.0021,0.1223,178.3593,0.0,0.0,0.0,0.0,up,178.25,2026-08-27T13:52:27,0.0,177.424995422363,229.88,2026-09-04 19:44:26,2026-09-04 15:45:04
NVDA,NVDA261218C00053000,NVDA,2026-12-18,C,53.0,173.85,51.0,181.35,235.0,1.226,1038.0,0.0,0.9994,0.0,0.0046,-0.0022,0.1247,177.3717,0.0,0.0,0.0,0.0,down,176.57,2026-09-03T13:49:53,0.0,176.424995422363,229.88,2026-09-04 19:44:26,2026-09-04 15:45:04
NVDA,NVDA261218C00054000,NVDA,2026-12-18,C,54.0,172.7,1.0,180.35,231.0,1.1542,554.0,0.0,0.9993,0.0,0.0049,-0.0022,0.127,176.3841,0.0,0.0,0.0,0.0,down,165.7,2026-08-31T12:07:04,0.0,175.449996948242,229.88,2026-09-04 19:44:26,2026-09-04 15:45:04
NVDA,NVDA261218C00055000,NVDA,2026-12-18,C,55.0,171.85,174.0,178.2,324.0,0.0,2613.0,0.0,0.9992,0.0,0.0052,-0.0023,0.1293,175.3965,0.0,0.0,0.0,0.0,up,171.5,2026-09-02T11:54:45,0.0,174.025001525879,229.88,2026-09-04 19:44:26,2026-09-04 15:45:04
NVDA,NVDA261218C00056000,NVDA,2026-12-18,C,56.0,170.9,1.0,178.4,230.0,1.1911,933.0,0.0,0.9992,0.0,0.0055,-0.0024,0.132,174.4091,0.0,0.0,0.0,0.0,down,161.88,2026-09-01T15:30:07,0.0,173.474998474121,229.88,2026-09-04 19:44:26,2026-09-04 15:45:04
NVDA,NVDA261218C00057000,NVDA,2026-12-18,C,57.0,169.9,1.0,177.4,249.0,1.1708,733.0,0.0,0.9991,0.0,0.0057,-0.0025,0.1343,173.4218,0.0,0.0,0.0,0.0,up,163.1,2026-08-10T11:25:58,0.0,172.474998474121,229.88,2026-09-04 19:44:26,2026-09-04 15:45:04
NVDA,NVDA261218C00058000,NVDA,2026-12-18,C,58.0,168.9,51.0,176.4,238.0,1.1505,701.0,0.0,0.999,0.0,0.0059,-0.0026,0.1366,172.4345,0.0,0.0,0.0,0.0,up,161.85,2026-08-31T12:07:04,0.0,171.5,229.88,2026-09-04 19:44:26,2026-09-04 15:45:04
NVDA,NVDA261218C00059000,NVDA,2026-12-18,C,59.0,168.1,154.0,174.25,326.0,0.0,7251.0,0.0,0.999,0.0,0.0061,-0.0026,0.1389,171.4473,0.0,0.0,0.0,0.0,no_change,165.2,2026-08-28T11:38:17,0.0,170.074996948242,229.88,2026-09-04 19:44:26,2026-09-04 15:45:04
NVDA,NVDA261218C00060000,NVDA,2026-12-18,C,60.0,167.35,84.0,172.35,273.0,0.0,3605.0,0.0,0.9989,0.0,0.0064,-0.0027,0.1413,170.4602,0.0,0.0,0.0,0.0,down,159.75,2026-09-01T09:37:10,0.0,169.525001525879,229.88,2026-09-04 19:44:26,2026-09-04 15:45:04
NVDA,NVDA261218C00061000,NVDA,2026-12-18,C,61.0,165.9,1.0,173.45,231.0,1.1058,568.0,0.0,0.9988,0.0,0.0066,-0.0028,0.1436,169.473,0.0,0.0,0.0,0.0,no_change,167.96,2026-08-27T13:07:28,0.0,168.525001525879,229.88,2026-09-04 19:44:26,2026-09-04 15:45:04
NVDA,NVDA261218C00062000,NVDA,2026-12-18,C,62.0,164.85,51.0,172.45,280.0,1.072,977.0,0.0,0.9988,0.0,0.0068,-0.0029,0.1459,168.486,0.0,0.0,0.0,0.0,up,154.55,2026-06-15T13:30:58,0.0,167.550003051758,229.88,2026-09-04 19:44:26,2026-09-04 15:45:04
NVDA,NVDA261218C00063000,NVDA,2026-12-18,C,63.0,163.95,51.0,171.5,246.0,1.0945,2169.0,0.0,0.9987,0.0,0.007,-0.003,0.1482,167.499,0.0,0.0,0.0,0.0,up,163.17,2026-09-02T11:31:51,0.0,166.575004577637,229.88,2026-09-04 19:44:26,2026-09-04 15:45:04
NVDA,NVDA261218C00064000,NVDA,2026-12-18,C,64.0,162.85,51.0,170.5,272.0,1.0491,1055.0,0.0,0.9986,0.0,0.0073,-0.0031,0.1506,166.512,0.0,0.0,0.0,0.0,up,163.87,2026-08-27T15:24:07,0.0,165.575004577637,229.88,2026-09-04 19:44:26,2026-09-04 15:45:04
NVDA,NVDA261218C00065000,NVDA,2026-12-18,C,65.0,161.9,84.0,168.55,352.0,0.0,2146.0,0.0,0.9986,0.0001,0.0075,-0.0032,0.1529,165.5251,0.0,0.0,0.0,0.0,down,161.2,2026-09-02T11:31:51,0.0,163.950004577637,229.88,2026-09-04 19:44:26,2026-09-04 15:45:04
NVDA,NVDA261218C00066000,NVDA,2026-12-18,C,66.0,160.85,124.0,168.5,243.0,1.0121,869.0,0.0,0.9985,0.0001,0.0079,-0.0032,0.1552,164.5383,0.0,0.0,0.0,0.0,down,130.5,2026-07-02T11:43:41,0.0,163.600006103516,229.88,2026-09-04 19:44:26,2026-09-04 15:45:04
NVDA,NVDA261218C00067000,NVDA,2026-12-18,C,67.0,160.0,51.0,167.55,241.0,1.0478,757.0,0.0,0.9984,0.0001,0.0083,-0.0033,0.1575,163.5515,0.0,0.0,0.0,0.0,up,154.0,2026-08-18T13:27:15,0.0,162.625,229.88,2026-09-04 19:44:26,2026-09-04 15:45:04
NVDA,NVDA261218C00068000,NVDA,2026-12-18,C,68.0,160.1,60.0,165.4,278.0,1.0184,1357.0,247.0,0.9983,0.0001,0.0087,-0.0034,0.1603,162.5648,4.83,165.91,166.48,165.86,no_change,166.43,2026-09-04T10:37:36,2.98886,161.599998474121,229.88,2026-09-04 19:44:26,2026-09-04 15:45:04
NVDA,NVDA261218C00069000,NVDA,2026-12-18,C,69.0,158.4,73.0,164.35,274.0,0.0,5030.0,0.0,0.9982,0.0001,0.009,-0.0035,0.1626,161.5784,0.0,0.0,0.0,0.0,down,128.0,2026-06-25T13:25:35,0.0,160.849998474121,229.88,2026-09-04 19:44:26,2026-09-04 15:45:04
NVDA,NVDA261218C00070000,NVDA,2026-12-18,C,70.0,159.5,302.0,162.45,184.0,1.0781,4206.0,287.0,0.9981,0.0001,0.0093,-0.0036,0.165,160.5919,3.825,161.65,163.6,161.61,up,163.6,2026-09-04T12:43:36,2.39399,159.775001525879,229.88,2026-09-04 19:44:26,2026-09-04 15:45:04
NVDA,NVDA261218C00071000,NVDA,2026-12-18,C,71.0,156.05,382.0,163.6,238.0,1.0038,1511.0,0.0,0.998,0.0001,0.0096,-0.0038,0.1673,159.6056,0.0,0.0,0.0,0.0,up,157.34,2026-08-27T15:57:27,0.0,159.449996948242,229.88,2026-09-04 19:44:26,2026-09-04 15:45:04
NVDA,NVDA261218C00072000,NVDA,2026-12-18,C,72.0,155.05,355.0,162.6,237.0,0.9877,678.0,0.0,0.9979,0.0001,0.0099,-0.0039,0.1696,158.6193,0.0,0.0,0.0,0.0,up,146.25,2026-08-21T09:57:05,0.0,157.849998474121,229.88,2026-09-04 19:44:26,2026-09-04 15:45:04
NVDA,NVDA261218C00073000,NVDA,2026-12-18,C,73.0,154.35,356.0,161.6,294.0,1.0311,781.0,0.0,0.9978,0.0001,0.0103,-0.004,0.1719,157.6331,0.0,0.0,0.0,0.0,up,144.6,2026-06-03T14:54:22,0.0,156.875,229.88,2026-09-04 19:44:26,2026-09-04 15:45:04
NVDA,NVDA261218C00074000,NVDA,2026-12-18,C,74.0,152.95,343.0,160.6,288.0,0.9311,4184.0,0.0,0.9977,0.0001,0.0106,-0.0041,0.1742,156.6469,0.0,0.0,0.0,0.0,down,137.72,2026-08-26T12:29:01,0.0,155.525001525879,229.88,2026-09-04 19:44:26,2026-09-04 15:45:04
NVDA,NVDA261218C00075000,NVDA,2026-12-18,C,75.0,154.65,347.0,157.6,346.0,1.0482,8148.0,205.0,0.9976,0.0001,0.011,-0.0042,0.1766,155.6609,1.655,158.08,159.32,156.74,no_change,156.83,2026-09-04T12:11:46,1.06654,155.175003051758,229.88,2026-09-04 19:44:26,2026-09-04 15:45:04
NVDA,NVDA261218C00076000,NVDA,2026-12-18,C,76.0,151.1,336.0,158.65,284.0,0.947,346.0,0.0,0.9975,0.0001,0.0113,-0.0043,0.1789,154.6749,0.0,0.0,0.0,0.0,down,143.75,2026-08-20T09:58:51,0.0,154.674995422363,229.88,2026-09-04 19:44:26,2026-09-04 15:45:04
NVDA,NVDA261218C00077000,NVDA,2026-12-18,C,77.0,151.25,366.0,157.65,249.0,1.0994,1650.0,1.0,0.9974,0.0001,0.0117,-0.0044,0.1812,153.689,3.25,157.0,157.0,157.0,up,157.0,2026-09-04T09:38:56,2.11382,153.75,229.88,2026-09-04 19:44:26,2026-09-04 15:45:04
NVDA,NVDA261218C00078000,NVDA,2026-12-18,C,78.0,149.1,343.0,156.7,287.0,0.9275,890.0,0.0,0.9972,0.0001,0.0122,-0.0045,0.1835,152.7032,0.0,0.0,0.0,0.0,up,148.88,2026-08-27T14:33:44,0.0,152.224998474121,229.88,2026-09-04 19:44:26,2026-09-04 15:45:04
NVDA,NVDA261218C00079000,NVDA,2026-12-18,C,79.0,148.05,348.0,155.7,279.0,0.9018,1537.0,0.0,0.9971,0.0001,0.0128,-0.0047,0.1863,151.7175,0.0,0.0,0.0,0.0,no_change,147.93,2026-08-27T14:59:16,0.0,152.199996948242,229.88,2026-09-04 19:44:26,2026-09-04 15:45:04
NVDA,NVDA261218C00080000,NVDA,2026-12-18,C,80.0,149.2,374.0,152.6,277.0,0.898,14186.0,4.0,0.997,0.0001,0.0132,-0.0048,0.189,150.732,2.45,151.8,151.8,151.8,up,151.8,2026-09-04T09:31:46,1.64044,149.349998474121,229.88,2026-09-04 19:44:26,2026-09-04 15:45:04
NVDA,NVDA261218C00081000,NVDA,2026-12-18,C,81.0,146.1,353.0,153.7,221.0,0.8835,1942.0,0.0,0.9968,0.0001,0.0136,-0.0049,0.1913,149.7466,0.0,0.0,0.0,0.0,up,141.75,2026-08-27T09:44:08,0.0,149.575004577637,229.88,2026-09-04 19:44:26,2026-09-04 15:45:04
NVDA,NVDA261218C00082000,NVDA,2026-12-18,C,82.0,146.3,366.0,152.75,285.0,1.0449,1863.0,5.0,0.9967,0.0001,0.0141,-0.005,0.1937,148.7614,3.6,152.75,152.75,152.0,down,152.0,2026-09-04T10:18:48,2.42587,148.400001525879,229.88,2026-09-04 19:44:26,2026-09-04 15:45:04
NVDA,NVDA261218C00083000,NVDA,2026-12-18,C,83.0,145.45,354.0,151.75,291.0,1.0463,2723.0,2.0,0.9966,0.0001,0.0145,-0.0052,0.1961,147.7762,3.4,150.0,150.0,150.0,up,150.0,2026-09-04T09:33:26,2.31924,146.599998474121,229.88,2026-09-04 19:44:26,2026-09-04 15:45:04
NVDA,NVDA261218C00084000,NVDA,2026-12-18,C,84.0,146.3,113.0,149.3,289.0,1.0691,1797.0,75.0,0.9964,0.0001,0.015,-0.0053,0.1985,146.7911,1.08,147.74,147.74,147.73,no_change,147.73,2026-09-04T12:20:45,0.736446,146.650001525879,229.88,2026-09-04 19:44:26,2026-09-04 15:45:04
NVDA,NVDA261218C00085000,NVDA,2026-12-18,C,85.0,145.1,187.0,147.55,271.0,0.9612,7453.0,151.0,0.9963,0.0001,0.0154,-0.0054,0.2009,145.8062,1.23,150.0,150.0,146.77,no_change,146.78,2026-09-04T12:26:35,0.845074,145.549995422363,229.88,2026-09-04 19:44:26,2026-09-04 15:45:04
NVDA,NVDA261218C00086000,NVDA,2026-12-18,C,86.0,143.3,338.0,148.3,261.0,1.0425,1930.0,75.0,0.9961,0.0001,0.0159,-0.0056,0.2033,144.8213,1.685,145.73,145.8,145.73,down,145.76,2026-09-04T12:19:06,1.16953,144.075004577637,229.88,2026-09-04 19:44:26,2026-09-04 15:45:04
NVDA,NVDA261218C00087000,NVDA,2026-12-18,C,87.0,140.6,357.0,147.8,291.0,0.9038,1881.0,0.0,0.996,0.0001,0.0164,-0.0057,0.2058,143.8366,0.0,0.0,0.0,0.0,up,139.83,2026-08-27T11:28:46,0.0,143.324996948242,229.88,2026-09-04 19:44:26,2026-09-04 15:45:04
NVDA,NVDA261218C00088000,NVDA,2026-12-18,C,88.0,140.8,356.0,145.45,296.0,0.8694,4018.0,0.0,0.9958,0.0001,0.0169,-0.0059,0.2084,142.852,0.0,0.0,0.0,0.0,up,139.05,2026-08-27T10:57:18,0.0,142.349998474121,229.88,2026-09-04 19:44:26,2026-09-04 15:45:04
NVDA,NVDA261218C00089000,NVDA,2026-12-18,C,89.0,139.4,366.0,145.85,291.0,0.9728,1260.0,0.0,0.9956,0.0001,0.0176,-0.006,0.2111,141.8675,0.0,0.0,0.0,0.0,up,132.0,2026-08-31T10:42:15,0.0,141.649993896484,229.88,2026-09-04 19:44:26,2026-09-04 15:45:04
NVDA,NVDA261218C00090000,NVDA,2026-12-18,C,90.0,140.4,127.0,142.7,310.0,0.946,13820.0,1.0,0.9954,0.0002,0.0183,-0.0062,0.2151,140.8832,3.95,144.8,144.8,144.8,up,144.8,2026-09-04T09:47:40,2.8044,140.849998474121,229.88,2026-09-04 19:44:26,2026-09-04 15:45:04
NVDA,NVDA261218C00091000,NVDA,2026-12-18,C,91.0,139.4,121.0,143.85,292.0,1.0951,2472.0,0.0,0.9953,0.0002,0.0189,-0.0063,0.2179,139.8991,0.0,0.0,0.0,0.0,up,133.76,2026-08-28T10:19:11,0.0,140.350006103516,229.88,2026-09-04 19:44:26,2026-09-04 15:45:04
NVDA,NVDA261218C00092000,NVDA,2026-12-18,C,92.0,136.45,130.0,141.0,73.0,0.0,1465.0,0.0,0.9951,0.0002,0.0195,-0.0065,0.2211,138.9152,0.0,0.0,0.0,0.0,down,117.76,2026-08-24T11:12:59,0.0,137.199996948242,229.88,2026-09-04 19:44:26,2026-09-04 15:45:04
NVDA,NVDA261218C00093000,NVDA,2026-12-18,C,93.0,134.9,122.0,141.9,80.0,0.8783,3545.0,0.0,0.9949,0.0002,0.0201,-0.0066,0.2243,137.9315,0.0,0.0,0.0,0.0,up,136.9,2026-08-28T09:41:26,0.0,137.400001525879,229.88,2026-09-04 19:44:26,2026-09-04 15:45:04
NVDA,NVDA261218C00094000,NVDA,2026-12-18,C,94.0,134.9,338.0,140.9,284.0,0.9584,1345.0,0.0,0.9947,0.0002,0.0207,-0.0068,0.2278,136.948,0.0,0.0,0.0,0.0,up,131.0,2026-09-02T10:59:55,0.0,136.75,229.88,2026-09-04 19:44:26,2026-09-04 15:45:04
NVDA,NVDA261218C00095000,NVDA,2026-12-18,C,95.0,134.9,336.0,139.15,284.0,0.9654,1903.0,3.0,0.9945,0.0002,0.0213,-0.007,0.2319,135.9646,2.075,139.38,140.1,138.2,down,138.2,2026-09-04T11:07:25,1.52433,136.125,229.88,2026-09-04 19:44:26,2026-09-04 15:45:04
NVDA,NVDA261218C00096000,NVDA,2026-12-18,C,96.0,132.5,366.0,138.95,289.0,0.9059,703.0,0.0,0.9943,0.0002,0.022,-0.0072,0.2364,134.9815,0.0,0.0,0.0,0.0,up,126.15,2026-08-19T09:47:34,0.0,134.75,229.88,2026-09-04 19:44:26,2026-09-04 15:45:04
NVDA,NVDA261218C00097000,NVDA,2026-12-18,C,97.0,131.35,367.0,137.95,291.0,0.8811,4109.0,0.0,0.9941,0.0002,0.0227,-0.0073,0.2417,133.9985,0.0,0.0,0.0,0.0,no_change,114.5,2026-08-24T12:45:53,0.0,133.474998474121,229.88,2026-09-04 19:44:26,2026-09-04 15:45:04
NVDA,NVDA261218C00098000,NVDA,2026-12-18,C,98.0,129.4,176.0,136.95,80.0,0.7618,703.0,0.0,0.9938,0.0002,0.0235,-0.0075,0.2486,133.0159,0.0,0.0,0.0,0.0,no_change,129.1,2026-09-02T15:30:06,0.0,132.5,229.88,2026-09-04 19:44:26,2026-09-04 15:45:04
NVDA,NVDA261218C00099000,NVDA,2026-12-18,C,99.0,129.55,362.0,136.0,283.0,0.8797,1450.0,0.0,0.9936,0.0002,0.0242,-0.0077,0.2547,132.0336,0.0,0.0,0.0,0.0,no_change,129.2,2026-08-17T11:21:39,0.0,131.800003051758,229.88,2026-09-04 19:44:26,2026-09-04 15:45:04
NVDA,NVDA261218C00100000,NVDA,2026-12-18,C,100.0,130.55,127.0,133.25,296.0,0.8882,17393.0,11.0,0.9934,0.0002,0.0249,-0.0078,0.2617,131.0517,2.46,133.0,135.0,132.41,down,132.41,2026-09-04T13:08:14,1.89304,129.949996948242,229.88,2026-09-04 19:44:26,2026-09-04 15:45:04
NVDA,NVDA261218C00101000,NVDA,2026-12-18,C,101.0,129.4,162.0,131.65,286.0,0.812,12474.0,0.0,0.9931,0.0002,0.0256,-0.008,0.2694,130.0701,0.0,0.0,0.0,0.0,down,120.2,2026-09-02T09:41:31,0.0,129.574996948242,229.88,2026-09-04 19:44:26,2026-09-04 15:45:04
NVDA,NVDA261218C00102000,NVDA,2026-12-18,C,102.0,128.4,156.0,133.05,291.0,0.9717,1362.0,4.0,0.9929,0.0002,0.0264,-0.0082,0.2786,129.0889,1.175,130.1,130.1,129.45,down,129.45,2026-09-04T13:35:34,0.916,128.275001525879,229.88,2026-09-04 19:44:26,2026-09-04 15:45:04
NVDA,NVDA261218C00103000,NVDA,2026-12-18,C,103.0,126.4,356.0,129.5,289.0,0.5958,12164.0,0.0,0.9926,0.0003,0.0272,-0.0084,0.2857,128.1082,0.0,0.0,0.0,0.0,up,124.5,2026-09-03T09:32:20,0.0,126.899997711182,229.88,2026-09-04 19:44:26,2026-09-04 15:45:04
NVDA,NVDA261218C00104000,NVDA,2026-12-18,C,104.0,125.1,334.0,130.0,292.0,0.7836,464.0,1.0,0.9924,0.0003,0.028,-0.0086,0.2897,127.128,1.1,128.0,128.0,128.0,up,128.0,2026-09-04T09:31:34,0.866826,126.899997711182,229.88,2026-09-04 19:44:26,2026-09-04 15:45:04
NVDA,NVDA261218C00105000,NVDA,2026-12-18,C,105.0,124.55,342.0,128.65,285.0,0.7822,12157.0,1.0,0.9921,0.0003,0.0289,-0.0088,0.2924,126.1481,4.22,130.02,130.02,130.02,up,130.02,2026-09-04T10:15:56,3.35453,125.800003051758,229.88,2026-09-04 19:44:26,2026-09-04 15:45:04
NVDA,NVDA261218C00106000,NVDA,2026-12-18,C,106.0,122.5,361.0,129.1,288.0,0.8061,884.0,0.0,0.9918,0.0003,0.0297,-0.009,0.295,125.1683,0.0,0.0,0.0,0.0,up,124.52,2026-09-03T14:01:53,0.0,124.525001525879,229.88,2026-09-04 19:44:26,2026-09-04 15:45:04
NVDA,NVDA261218C00107000,NVDA,2026-12-18,C,107.0,120.6,205.0,128.1,90.0,0.707,967.0,0.0,0.9915,0.0003,0.0306,-0.0092,0.2976,124.1888,0.0,0.0,0.0,0.0,down,112.6,2026-09-01T13:20:32,0.0,123.549999237061,229.88,2026-09-04 19:44:26,2026-09-04 15:45:04
NVDA,NVDA261218C00108000,NVDA,2026-12-18,C,108.0,120.65,123.0,127.15,71.0,0.8003,1238.0,0.0,0.9912,0.0003,0.0315,-0.0094,0.3002,123.2095,0.0,0.0,0.0,0.0,down,105.35,2026-08-25T14:22:21,0.0,122.099998474121,229.88,2026-09-04 19:44:26,2026-09-04 15:45:04
NVDA,NVDA261218C00109000,NVDA,2026-12-18,C,109.0,118.75,366.0,126.15,285.0,0.7089,421.0,0.0,0.9909,0.0003,0.0324,-0.0096,0.3028,122.2304,0.0,0.0,0.0,0.0,no_change,112.95,2026-08-19T12:23:45,0.0,121.525001525879,229.88,2026-09-04 19:44:26,2026-09-04 15:45:04
NVDA,NVDA261218C00110000,NVDA,2026-12-18,C,110.0,120.55,174.0,123.85,278.0,0.821,14773.0,2.0,0.9906,0.0003,0.0334,-0.0098,0.3054,121.2516,0.515,125.0,125.0,121.64,down,121.64,2026-09-04T14:10:00,0.425181,121.125,229.88,2026-09-04 19:44:26,2026-09-04 15:45:04
NVDA,NVDA261218C00111000,NVDA,2026-12-18,C,111.0,116.65,341.0,124.2,287.0,0.6821,613.0,0.0,0.9903,0.0004,0.0343,-0.01,0.308,120.2729,0.0,0.0,0.0,0.0,no_change,110.67,2026-08-18T14:18:51,0.0,119.600002288818,229.88,2026-09-04 19:44:26,2026-09-04 15:45:04
NVDA,NVDA261218C00112000,NVDA,2026-12-18,C,112.0,116.8,355.0,123.2,267.0,0.7734,1435.0,1.0,0.9899,0.0004,0.0353,-0.0102,0.3106,119.2945,2.125,120.1,120.1,120.1,up,120.1,2026-09-04T09:30:01,1.80123,117.974998474121,229.88,2026-09-04 19:44:26,2026-09-04 15:45:04
NVDA,NVDA261218C00113000,NVDA,2026-12-18,C,113.0,116.0,366.0,122.25,292.0,0.7802,2199.0,0.0,0.9896,0.0004,0.0363,-0.0104,0.3132,118.3164,0.0,0.0,0.0,0.0,down,115.0,2026-09-02T11:14:31,0.0,117.274997711182,229.88,2026-09-04 19:44:26,2026-09-04 15:45:04
NVDA,NVDA261218C00114000,NVDA,2026-12-18,C,114.0,115.0,359.0,120.0,282.0,0.6678,755.0,0.0,0.9892,0.0004,0.0373,-0.0107,0.3158,117.3384,0.0,0.0,0.0,0.0,down,109.86,2026-08-27T10:27:30,0.0,116.700000762939,229.88,2026-09-04 19:44:26,2026-09-04 15:45:04
NVDA,NVDA261218C00115000,NVDA,2026-12-18,C,115.0,115.8,121.0,119.0,291.0,0.794,1872.0,1.0,0.9888,0.0004,0.0384,-0.0109,0.3184,116.3608,3.55,120.0,120.0,120.0,up,120.0,2026-09-04T09:40:43,3.04852,116.450000762939,229.88,2026-09-04 19:44:26,2026-09-04 15:45:04
NVDA,NVDA261218C00116000,NVDA,2026-12-18,C,116.0,112.85,363.0,119.3,287.0,0.7435,953.0,0.0,0.9884,0.0004,0.0395,-0.0111,0.3209,115.3834,0.0,0.0,0.0,0.0,up,108.0,2026-09-02T10:32:22,0.0,115.099998474121,229.88,2026-09-04 19:44:26,2026-09-04 15:45:04
NVDA,NVDA261218C00117000,NVDA,2026-12-18,C,117.0,112.0,361.0,118.3,296.0,0.7436,1908.0,0.0,0.988,0.0004,0.0406,-0.0114,0.3235,114.4063,0.0,0.0,0.0,0.0,up,111.35,2026-09-02T11:21:23,0.0,114.150001525879,229.88,2026-09-04 19:44:26,2026-09-04 15:45:04
NVDA,NVDA261218C00118000,NVDA,2026-12-18,C,118.0,112.3,485.0,114.8,404.0,0.6383,1901.0,2.0,0.9876,0.0004,0.0417,-0.0116,0.326,113.4294,4.905,117.58,117.58,117.58,no_change,117.58,2026-09-04T10:27:24,4.35323,112.674999237061,229.88,2026-09-04 19:44:26,2026-09-04 15:45:04
NVDA,NVDA261218C00119000,NVDA,2026-12-18,C,119.0,109.85,381.0,116.35,242.0,0.7176,850.0,0.0,0.9872,0.0005,0.0429,-0.0119,0.3286,112.4529,0.0,0.0,0.0,0.0,up,111.23,2026-08-27T15:54:53,0.0,112.774997711182,229.88,2026-09-04 19:44:26,2026-09-04 15:45:04
NVDA,NVDA261218C00120000,NVDA,2026-12-18,C,120.0,110.5,491.0,112.65,389.0,0.6239,7833.0,15.0,0.9868,0.0005,0.0441,-0.0121,0.3311,111.4766,0.11,112.23,115.73,111.66,down,111.66,2026-09-04T14:08:41,0.0986112,111.549999237061,229.88,2026-09-04 19:44:26,2026-09-04 15:45:04
NVDA,NVDA261218C00121000,NVDA,2026-12-18,C,121.0,109.25,345.0,111.35,216.0,0.5418,878.0,0.0,0.9863,0.0005,0.0453,-0.0124,0.3336,110.5007,0.0,0.0,0.0,0.0,up,105.8,2026-09-02T13:44:42,0.0,110.224998474121,229.88,2026-09-04 19:44:26,2026-09-04 15:45:04
NVDA,NVDA261218C00122000,NVDA,2026-12-18,C,122.0,108.7,381.0,112.15,476.0,0.7284,2732.0,4.0,0.9859,0.0005,0.0466,-0.0126,0.3361,109.5251,2.525,110.6,110.6,110.6,no_change,110.6,2026-09-04T12:13:39,2.33634,108.075000762939,229.88,2026-09-04 19:44:26,2026-09-04 15:45:04
NVDA,NVDA261218C00123000,NVDA,2026-12-18,C,123.0,107.9,178.0,111.2,463.0,0.7326,940.0,1.0,0.9854,0.0005,0.0479,-0.0129,0.3386,108.5499,3.55,111.0,111.0,111.0,up,111.0,2026-09-04T09:34:47,3.30386,107.450000762939,229.88,2026-09-04 19:44:26,2026-09-04 15:45:04
NVDA,NVDA261218C00124000,NVDA,2026-12-18,C,124.0,106.6,397.0,111.45,427.0,0.7696,806.0,5.0,0.9849,0.0006,0.0492,-0.0132,0.3411,107.575,4.825,112.0,112.0,112.0,up,112.0,2026-09-04T09:50:34,4.50198,107.174999237061,229.88,2026-09-04 19:44:26,2026-09-04 15:45:04
NVDA,NVDA261218C00125000,NVDA,2026-12-18,C,125.0,105.6,500.0,108.55,453.0,0.6581,12347.0,1.0,0.9844,0.0006,0.0506,-0.0134,0.3435,106.6005,0.925,107.7,107.7,107.7,up,107.7,2026-09-04T12:12:11,0.866306,106.775001525879,229.88,2026-09-04 19:44:26,2026-09-04 15:45:04
NVDA,NVDA261218C00126000,NVDA,2026-12-18,C,126.0,104.35,500.0,107.95,429.0,0.6587,4408.0,5.0,0.9839,0.0006,0.052,-0.0137,0.346,105.6264,4.9,110.0,110.0,110.0,up,110.0,2026-09-04T09:50:28,4.66223,105.099998474121,229.88,2026-09-04 19:44:26,2026-09-04 15:45:04
NVDA,NVDA261218C00127000,NVDA,2026-12-18,C,127.0,103.35,340.0,106.2,271.0,0.5955,1696.0,0.0,0.9833,0.0006,0.0535,-0.014,0.3484,104.6527,0.0,0.0,0.0,0.0,up,102.52,2026-08-27T15:33:14,0.0,103.924999237061,229.88,2026-09-04 19:44:26,2026-09-04 15:45:04
NVDA,NVDA261218C00128000,NVDA,2026-12-18,C,128.0,102.05,330.0,105.3,287.0,0.5687,1306.0,0.0,0.9828,0.0006,0.055,-0.0143,0.3508,103.6794,0.0,0.0,0.0,0.0,up,101.02,2026-09-02T11:56:54,0.0,103.450000762939,229.88,2026-09-04 19:44:26,2026-09-04 15:45:04
NVDA,NVDA261218C00129000,NVDA,2026-12-18,C,129.0,100.35,347.0,106.6,284.0,0.6694,1199.0,0.0,0.9822,0.0006,0.0565,-0.0146,0.3533,102.7066,0.0,0.0,0.0,0.0,up,96.51,2026-09-02T10:55:59,0.0,102.425003051758,229.88,2026-09-04 19:44:26,2026-09-04 15:45:04
NVDA,NVDA261218C00130000,NVDA,2026-12-18,C,130.0,101.2,288.0,102.55,432.0,0.5849,30605.0,45.0,0.9816,0.0007,0.058,-0.0149,0.3557,101.7342,2.025,102.75,104.04,102.0,down,102.6,2026-09-04T12:02:05,2.01343,100.574996948242,229.88,2026-09-04 19:44:26,2026-09-04 15:45:04
NVDA,NVDA261218C00132000,NVDA,2026-12-18,C,132.0,97.7,336.0,103.7,286.0,0.6655,2376.0,0.0,0.9803,0.0007,0.0613,-0.0155,0.3604,99.791,0.0,0.0,0.0,0.0,down,96.8,2026-09-03T13:07:05,0.0,99.125,229.88,2026-09-04 19:44:26,2026-09-04 15:45:04
NVDA,NVDA261218C00134000,NVDA,2026-12-18,C,134.0,97.3,88.0,101.75,382.0,0.7178,2066.0,0.0,0.979,0.0008,0.0647,-0.0162,0.3651,97.85,0.0,0.0,0.0,0.0,up,96.75,2026-09-03T13:54:36,0.0,97.8499984741211,229.88,2026-09-04 19:44:26,2026-09-04 15:45:04
NVDA,NVDA261218C00135000,NVDA,2026-12-18,C,135.0,96.4,29.0,98.25,295.0,0.6006,3019.0,0.0,0.9782,0.0008,0.0665,-0.0165,0.3675,96.8803,0.0,0.0,0.0,0.0,down,94.8,2026-09-03T14:03:18,0.0,96.5749969482422,229.88,2026-09-04 19:44:26,2026-09-04 15:45:04
NVDA,NVDA261218C00136000,NVDA,2026-12-18,C,136.0,94.55,402.0,99.8,495.0,0.6724,2102.0,1.0,0.9775,0.0008,0.0683,-0.0169,0.3698,95.9113,5.15,100.0,100.0,100.0,up,100.0,2026-09-04T09:48:03,5.42963,94.8499984741211,229.88,2026-09-04 19:44:26,2026-09-04 15:45:04
NVDA,NVDA261218C00138000,NVDA,2026-12-18,C,138.0,93.4,84.0,97.85,492.0,0.6894,2781.0,3.0,0.9759,0.0009,0.0722,-0.0176,0.3743,93.9752,3.75,97.0,97.0,97.0,no_change,97.0,2026-09-04T10:12:20,4.02145,93.25,229.88,2026-09-04 19:44:26,2026-09-04 15:45:04
NVDA,NVDA261218C00140000,NVDA,2026-12-18,C,140.0,90.75,564.0,93.15,482.0,0.5114,13090.0,23.0,0.9743,0.0009,0.0763,-0.0184,0.3788,92.0422,2.025,95.75,95.75,93.4,down,93.4,2026-09-04T13:08:14,2.21614,91.375,229.88,2026-09-04 19:44:26,2026-09-04 15:45:04
NVDA,NVDA261218C00142000,NVDA,2026-12-18,C,142.0,89.55,109.0,92.3,569.0,0.6004,1270.0,1.0,0.9725,0.001,0.0807,-0.0192,0.3831,90.1124,5.135,94.11,94.11,94.11,up,94.11,2026-09-04T10:18:51,5.77129,88.9749984741211,229.88,2026-09-04 19:44:26,2026-09-04 15:45:04
NVDA,NVDA261218C00144000,NVDA,2026-12-18,C,144.0,87.7,267.0,89.0,464.0,0.5294,1267.0,1.0,0.9705,0.0011,0.0853,-0.02,0.3874,88.1863,2.625,90.05,90.05,90.05,up,90.05,2026-09-04T09:32:42,3.00257,87.4249992370606,229.88,2026-09-04 19:44:26,2026-09-04 15:45:04
NVDA,NVDA261218C00145000,NVDA,2026-12-18,C,145.0,85.95,373.0,89.35,372.0,0.5515,3238.0,0.0,0.9695,0.0011,0.0876,-0.0204,0.3895,87.2248,0.0,0.0,0.0,0.0,up,84.75,2026-09-03T11:42:25,0.0,86.5750007629394,229.88,2026-09-04 19:44:26,2026-09-04 15:45:04
NVDA,NVDA261218C00146000,NVDA,2026-12-18,C,146.0,85.75,276.0,87.55,502.0,0.5436,1915.0,1.0,0.9684,0.0012,0.0901,-0.0209,0.3916,86.2643,4.79,90.09,90.09,90.09,up,90.09,2026-09-04T10:32:31,5.61548,85.2999992370606,229.88,2026-09-04 19:44:26,2026-09-04 15:45:04
NVDA,NVDA261218C00148000,NVDA,2026-12-18,C,148.0,83.4,379.0,86.95,343.0,0.5716,9105.0,0.0,0.9662,0.0012,0.0952,-0.0218,0.3956,84.3467,0.0,0.0,0.0,0.0,up,84.0,2026-09-03T14:20:10,0.0,84.3250007629394,229.88,2026-09-04 19:44:26,2026-09-04 15:45:04
NVDA,NVDA261218C00150000,NVDA,2026-12-18,C,150.0,82.0,255.0,83.15,418.0,0.5053,15331.0,402.0,0.9637,0.0013,0.1007,-0.0228,0.3995,82.434,0.9,85.0,86.75,82.3,down,82.3,2026-09-04T15:24:16,1.10565,81.4000015258789,229.88,2026-09-04 19:44:26,2026-09-04 15:45:04
NVDA,NVDA261218C00152000,NVDA,2026-12-18,C,152.0,80.1,12.0,82.95,274.0,0.5649,970.0,0.0,0.961,0.0014,0.1066,-0.0239,0.4032,80.527,0.0,0.0,0.0,0.0,up,78.96,2026-09-03T09:49:13,0.0,79.7250022888184,229.88,2026-09-04 19:44:26,2026-09-04 15:45:04
NVDA,NVDA261218C00154000,NVDA,2026-12-18,C,154.0,77.7,486.0,79.85,455.0,0.4928,3685.0,1.0,0.9582,0.0015,0.1129,-0.025,0.4068,78.6261,3.87,81.52,81.52,81.52,up,81.52,2026-09-04T09:38:41,4.9839,77.6500015258789,229.88,2026-09-04 19:44:26,2026-09-04 15:45:04
NVDA,NVDA261218C00155000,NVDA,2026-12-18,C,155.0,77.05,398.0,78.65,506.0,0.4915,1083.0,72.0,0.9567,0.0016,0.1161,-0.0256,0.4085,77.6782,0.845,81.95,82.2,78.02,down,78.02,2026-09-04T13:51:00,1.09491,77.1750030517578,229.88,2026-09-04 19:44:26,2026-09-04 15:45:04
NVDA,NVDA261218C00156000,NVDA,2026-12-18,C,156.0,75.8,342.0,77.9,356.0,0.484,2294.0,0.0,0.9551,0.0016,0.1195,-0.0262,0.4102,76.7321,0.0,0.0,0.0,0.0,up,73.35,2026-09-02T11:19:22,0.0,75.4249992370606,229.88,2026-09-04 19:44:26,2026-09-04 15:45:04
NVDA,NVDA261218C00158000,NVDA,2026-12-18,C,158.0,74.25,219.0,76.25,363.0,0.4993,1163.0,0.0,0.9517,0.0018,0.1264,-0.0274,0.4134,74.8456,0.0,0.0,0.0,0.0,up,70.85,2026-09-03T10:46:51,0.0,74.0999984741211,229.88,2026-09-04 19:44:26,2026-09-04 15:45:04
NVDA,NVDA261218C00160000,NVDA,2026-12-18,C,160.0,72.5,270.0,73.35,374.0,0.4604,15421.0,94.0,0.9481,0.0019,0.1337,-0.0287,0.4165,72.9672,3.01,75.73,77.6,74.71,down,74.71,2026-09-04T11:42:45,4.19805,71.6999969482422,229.88,2026-09-04 19:44:26,2026-09-04 15:45:04
NVDA,NVDA261218C00162000,NVDA,2026-12-18,C,162.0,70.55,364.0,71.4,244.0,0.4497,1193.0,8.0,0.9442,0.002,0.1416,-0.0301,0.4193,71.0977,2.0,71.9,71.9,71.9,up,71.9,2026-09-04T12:24:41,2.86123,69.8999977111816,229.88,2026-09-04 19:44:26,2026-09-04 15:45:04
NVDA,NVDA261218C00164000,NVDA,2026-12-18,C,164.0,68.9,270.0,70.15,427.0,0.4728,29910.0,4.0,0.9399,0.0021,0.1499,-0.0316,0.4218,69.2382,1.925,70.2,70.2,70.2,no_change,70.2,2026-09-04T12:13:29,2.81948,68.2750015258789,229.88,2026-09-04 19:44:26,2026-09-04 15:45:04
NVDA,NVDA261218C00165000,NVDA,2026-12-18,C,165.0,68.15,40.0,69.0,425.0,0.4685,2563.0,89.0,0.9376,0.0022,0.1542,-0.0323,0.423,68.3125,4.9,71.0,72.39,70.99,up,71.95,2026-09-04T10:39:07,7.30798,67.0499992370606,229.88,2026-09-04 19:44:26,2026-09-04 15:45:04
NVDA,NVDA261218C00166000,NVDA,2026-12-18,C,166.0,67.05,164.0,68.4,471.0,0.4702,840.0,1.0,0.9353,0.0023,0.1586,-0.0331,0.4241,67.3896,3.985,70.76,70.76,70.76,up,70.76,2026-09-04T10:34:17,5.96781,66.7749977111816,229.88,2026-09-04 19:44:26,2026-09-04 15:45:04
NVDA,NVDA261218C00167000,NVDA,2026-12-18,C,167.0,66.1,31.0,67.5,353.0,0.4672,618.0,0.0,0.9329,0.0024,0.1631,-0.0339,0.4251,66.4696,0.0,0.0,0.0,0.0,no_change,54.89,2026-09-01T10:38:00,0.0,65.25,229.88,2026-09-04 19:44:26,2026-09-04 15:45:04
NVDA,NVDA261218C00168000,NVDA,2026-12-18,C,168.0,65.2,33.0,66.55,335.0,0.4642,1214.0,0.0,0.9304,0.0024,0.1676,-0.0347,0.4261,65.5526,0.0,0.0,0.0,0.0,no_change,54.08,2026-09-01T11:14:13,0.0,64.5999984741211,229.88,2026-09-04 19:44:26,2026-09-04 15:45:04
NVDA,NVDA261218C00169000,NVDA,2026-12-18,C,169.0,64.3,18.0,65.5,317.0,0.4582,1370.0,0.0,0.9278,0.0025,0.1723,-0.0356,0.4271,64.6388,0.0,0.0,0.0,0.0,down,63.09,2026-09-03T09:56:03,0.0,63.7000007629394,229.88,2026-09-04 19:44:26,2026-09-04 15:45:04
NVDA,NVDA261218C00170000,NVDA,2026-12-18,C,170.0,63.35,188.0,64.55,436.0,0.4537,7407.0,113.0,0.925,0.0026,0.1771,-0.0364,0.4279,63.7282,1.925,64.8,68.2,64.75,down,64.75,2026-09-04T13:09:19,3.06407,62.8249988555908,229.88,2026-09-04 19:44:26,2026-09-04 15:45:04
NVDA,NVDA261218C00171000,NVDA,2026-12-18,C,171.0,62.65,33.0,63.85,498.0,0.4622,1280.0,21.0,0.9222,0.0027,0.1821,-0.0373,0.4287,62.821,4.5,66.0,66.4,66.0,up,66.4,2026-09-04T10:39:08,7.26979,61.9000015258789,229.88,2026-09-04 19:44:26,2026-09-04 15:45:04
NVDA,NVDA261218C00172000,NVDA,2026-12-18,C,172.0,61.6,200.0,62.9,441.0,0.4548,1620.0,1.0,0.9193,0.0028,0.1872,-0.0382,0.4294,61.9173,4.375,65.35,65.35,65.35,up,65.35,2026-09-04T10:02:38,7.17507,60.9750003814697,229.88,2026-09-04 19:44:26,2026-09-04 15:45:04
NVDA,NVDA261218C00173000,NVDA,2026-12-18,C,173.0,60.7,37.0,62.0,493.0,0.4525,399.0,2.0,0.9163,0.0029,0.1924,-0.0391,0.43,61.0174,4.6,65.0,65.0,65.0,up,65.0,2026-09-04T10:18:57,7.61589,60.3999996185303,229.88,2026-09-04 19:44:26,2026-09-04 15:45:04
NVDA,NVDA261218C00174000,NVDA,2026-12-18,C,174.0,59.85,46.0,61.1,495.0,0.4513,2156.0,11.0,0.9132,0.003,0.1977,-0.04,0.4304,60.1213,2.65,63.9,63.9,62.15,down,62.15,2026-09-04T11:15:29,4.45378,59.5,229.88,2026-09-04 19:44:26,2026-09-04 15:45:04
NVDA,NVDA261218C00175000,NVDA,2026-12-18,C,175.0,58.9,304.0,59.55,312.0,0.4316,5757.0,137.0,0.91,0.0031,0.2031,-0.041,0.4309,59.2297,1.415,60.15,63.56,59.39,down,59.39,2026-09-04T14:11:52,2.44071,57.9750003814697,229.88,2026-09-04 19:44:26,2026-09-04 15:45:04
NVDA,NVDA261218C00176000,NVDA,2026-12-18,C,176.0,58.0,304.0,58.4,304.0,0.4232,14635.0,12.0,0.9066,0.0032,0.2085,-0.0419,0.4312,58.3416,1.025,60.0,62.5,58.5,no_change,58.5,2026-09-04T13:53:31,1.78338,57.4750003814697,229.88,2026-09-04 19:44:26,2026-09-04 15:45:04
NVDA,NVDA261218C00177000,NVDA,2026-12-18,C,177.0,57.05,304.0,58.3,495.0,0.4386,1621.0,2.0,0.9032,0.0032,0.214,-0.0429,0.4315,57.4577,2.32,60.7,60.7,58.92,down,58.92,2026-09-04T11:02:57,4.09894,56.5999984741211,229.88,2026-09-04 19:44:26,2026-09-04 15:45:04
NVDA,NVDA261218C00178000,NVDA,2026-12-18,C,178.0,56.4,17.0,57.55,350.0,0.4447,2303.0,2.0,0.8996,0.0034,0.2196,-0.0439,0.4317,56.5782,1.475,57.1,57.1,57.1,no_change,57.1,2026-09-04T13:21:46,2.65169,55.625,229.88,2026-09-04 19:44:26,2026-09-04 15:45:04
NVDA,NVDA261218C00179000,NVDA,2026-12-18,C,179.0,55.0,440.0,56.1,408.0,0.4183,2991.0,2.0,0.8959,0.0034,0.2253,-0.0449,0.4318,55.703,5.2,60.0,60.0,60.0,up,60.0,2026-09-04T10:29:36,9.48905,54.7999992370606,229.88,2026-09-04 19:44:26,2026-09-04 15:45:04
NVDA,NVDA261218C00180000,NVDA,2026-12-18,C,180.0,54.65,40.0,55.2,303.0,0.4278,22733.0,62.0,0.8922,0.0036,0.2311,-0.0459,0.4319,54.8324,0.975,54.65,59.0,54.65,down,54.9,2026-09-04T15:05:42,1.80806,53.9250011444092,229.88,2026-09-04 19:44:26,2026-09-04 15:45:04
NVDA,NVDA261218C00181000,NVDA,2026-12-18,C,181.0,53.35,400.0,54.85,447.0,0.4279,3725.0,1.0,0.8882,0.0037,0.237,-0.0469,0.4318,53.9666,3.6,57.0,57.0,57.0,up,57.0,2026-09-04T09:39:05,6.74157,53.3999996185303,229.88,2026-09-04 19:44:26,2026-09-04 15:45:04
NVDA,NVDA261218C00182000,NVDA,2026-12-18,C,182.0,52.25,332.0,53.2,59.0,0.4045,1967.0,0.0,0.8842,0.0038,0.2431,-0.048,0.4315,53.1057,0.0,0.0,0.0,0.0,down,41.5,2026-09-01T14:30:02,0.0,52.25,229.88,2026-09-04 19:44:26,2026-09-04 15:45:04
NVDA,NVDA261218C00183000,NVDA,2026-12-18,C,183.0,51.9,58.0,52.85,267.0,0.4244,2728.0,0.0,0.88,0.0039,0.2492,-0.049,0.4312,52.2498,0.0,0.0,0.0,0.0,up,51.6,2026-09-03T14:30:58,0.0,51.4000015258789,229.88,2026-09-04 19:44:26,2026-09-04 15:45:04
NVDA,NVDA261218C00184000,NVDA,2026-12-18,C,184.0,50.5,468.0,51.45,250.0,0.4007,2645.0,8.0,0.8758,0.004,0.2553,-0.0501,0.4308,51.3992,4.7,53.0,55.0,53.0,up,55.0,2026-09-04T09:48:03,9.34393,50.3000011444092,229.88,2026-09-04 19:44:26,2026-09-04 15:45:04
NVDA,NVDA261218C00185000,NVDA,2026-12-18,C,185.0,49.6,495.0,50.65,67.0,0.3996,4266.0,24.0,0.8714,0.0041,0.2614,-0.0512,0.4304,50.5539,1.075,51.37,53.99,50.6,down,50.6,2026-09-04T14:02:19,2.17062,49.5249996185303,229.88,2026-09-04 19:44:26,2026-09-04 15:45:04
NVDA,NVDA261218C00186000,NVDA,2026-12-18,C,186.0,49.55,18.0,50.6,326.0,0.4287,1928.0,0.0,0.8669,0.0042,0.2676,-0.0522,0.4298,49.714,0.0,0.0,0.0,0.0,up,47.0,2026-09-02T11:44:19,0.0,48.6499996185303,229.88,2026-09-04 19:44:26,2026-09-04 15:45:04
NVDA,NVDA261218C00187000,NVDA,2026-12-18,C,187.0,48.7,17.0,49.2,89.0,0.4166,1493.0,1.0,0.8622,0.0043,0.2738,-0.0533,0.4292,48.8796,2.345,50.37,50.37,50.37,up,50.37,2026-09-04T11:32:32,4.88287,48.0249996185303,229.88,2026-09-04 19:44:26,2026-09-04 15:45:04
NVDA,NVDA261218C00188000,NVDA,2026-12-18,C,188.0,47.6,185.0,48.4,92.0,0.4109,2052.0,9.0,0.8574,0.0044,0.28,-0.0544,0.4284,48.0508,1.53,51.55,51.55,48.73,down,48.73,2026-09-04T13:34:17,3.24152,47.2000007629394,229.88,2026-09-04 19:44:26,2026-09-04 15:45:04
NVDA,NVDA261218C00189000,NVDA,2026-12-18,C,189.0,46.95,53.0,48.05,456.0,0.421,5591.0,9.0,0.8526,0.0046,0.2864,-0.0555,0.4276,47.2279,1.0,48.7,48.7,47.35,down,47.35,2026-09-04T14:09:43,2.1575,46.3499984741211,229.88,2026-09-04 19:44:26,2026-09-04 15:45:04
NVDA,NVDA261218C00190000,NVDA,2026-12-18,C,190.0,45.95,374.0,46.5,307.0,0.4038,11568.0,244.0,0.8475,0.0047,0.2928,-0.0566,0.4266,46.4109,1.315,48.0,50.32,46.5,no_change,46.79,2026-09-04T14:54:47,2.8917,45.4750003814697,229.88,2026-09-04 19:44:26,2026-09-04 15:45:04
NVDA,NVDA261218C00191000,NVDA,2026-12-18,C,191.0,45.45,96.0,46.4,418.0,0.42,1603.0,7.0,0.8424,0.0048,0.2993,-0.0577,0.4255,45.6,1.555,47.1,47.18,46.28,down,46.33,2026-09-04T12:31:29,3.47292,44.7749996185303,229.88,2026-09-04 19:44:26,2026-09-04 15:45:04
NVDA,NVDA261218C00192000,NVDA,2026-12-18,C,192.0,43.85,500.0,45.65,457.0,0.4065,984.0,8.0,0.8371,0.0049,0.3057,-0.0588,0.4243,44.7955,2.295,48.17,49.3,46.25,up,46.27,2026-09-04T11:46:20,5.21887,43.9750003814697,229.88,2026-09-04 19:44:26,2026-09-04 15:45:04
NVDA,NVDA261218C00193000,NVDA,2026-12-18,C,193.0,43.15,464.0,44.1,307.0,0.3947,1540.0,15.0,0.8317,0.005,0.3121,-0.0599,0.423,43.9974,2.42,47.4,48.47,45.57,no_change,45.57,2026-09-04T11:25:08,5.60834,43.1500015258789,229.88,2026-09-04 19:44:26,2026-09-04 15:45:04
NVDA,NVDA261218C00194000,NVDA,2026-12-18,C,194.0,43.05,194.0,43.35,236.0,0.4057,12719.0,20.0,0.8262,0.0051,0.3184,-0.061,0.4216,43.2057,3.9,46.3,46.3,46.3,up,46.3,2026-09-04T09:47:20,9.19811,42.4000015258789,229.88,2026-09-04 19:44:26,2026-09-04 15:45:04
NVDA,NVDA261218C00195000,NVDA,2026-12-18,C,195.0,42.2,186.0,42.5,153.0,0.4026,4231.0,16.0,0.8206,0.0052,0.3248,-0.0621,0.4202,42.4206,0.825,45.3,46.3,42.4,down,42.4,2026-09-04T15:08:26,1.98437,41.5749988555908,229.88,2026-09-04 19:44:26,2026-09-04 15:45:04
NVDA,NVDA261218C00200000,NVDA,2026-12-18,C,200.0,38.2,311.0,38.7,302.0,0.3953,48841.0,432.0,0.7907,0.0058,0.3563,-0.0675,0.4114,38.6134,0.775,39.18,42.45,38.45,down,38.55,2026-09-04T15:26:08,2.05162,37.7749996185303,229.88,2026-09-04 19:44:26,2026-09-04 15:45:04
NVDA,NVDA261218C00205000,NVDA,2026-12-18,C,205.0,34.2,541.0,35.2,306.0,0.3887,5822.0,181.0,0.7578,0.0064,0.3863,-0.0726,0.4002,34.9642,0.975,35.6,38.5,34.88,up,35.1,2026-09-04T15:18:32,2.85714,34.125,229.88,2026-09-04 19:44:26,2026-09-04 15:45:04
NVDA,NVDA261218C00210000,NVDA,2026-12-18,C,210.0,31.4,134.0,31.8,219.0,0.3936,25147.0,480.0,0.7225,0.0069,0.4142,-0.0772,0.3865,31.5236,1.05,32.3,35.0,31.55,no_change,31.8,2026-09-04T15:10:16,3.41463,30.75,229.88,2026-09-04 19:44:26,2026-09-04 15:45:04
NVDA,NVDA261218C00212000,NVDA,2026-12-18,C,212.0,30.05,47.0,30.85,336.0,0.3962,2270.0,13.0,0.7077,0.0071,0.4244,-0.0788,0.3806,30.2011,1.15,31.45,33.4,30.26,up,30.6,2026-09-04T14:11:52,3.90492,29.4499998092651,229.88,2026-09-04 19:44:26,2026-09-04 15:45:04
NVDA,NVDA261218C00213000,NVDA,2026-12-18,C,213.0,29.35,83.0,29.85,254.0,0.3908,2565.0,12.0,0.7001,0.0072,0.4292,-0.0796,0.3776,29.5521,3.25,30.33,33.0,30.33,down,32.0,2026-09-04T10:48:45,11.3043,28.75,229.88,2026-09-04 19:44:26,2026-09-04 15:45:04
NVDA,NVDA261218C00214000,NVDA,2026-12-18,C,214.0,28.55,233.0,29.2,241.0,0.3912,2708.0,7.0,0.6924,0.0073,0.434,-0.0804,0.3743,28.9041,2.39,31.4,31.4,30.24,down,30.24,2026-09-04T11:21:58,8.58169,27.8500003814697,229.88,2026-09-04 19:44:26,2026-09-04 15:45:04
NVDA,NVDA261218C00215000,NVDA,2026-12-18,C,215.0,28.15,221.0,28.35,261.0,0.3878,13211.0,516.0,0.6848,0.0074,0.4386,-0.0811,0.371,28.272,1.01,28.2,31.8,28.2,up,28.41,2026-09-04T15:28:38,3.68613,27.3999996185303,229.88,2026-09-04 19:44:26,2026-09-04 15:45:04
NVDA,NVDA261218C00216000,NVDA,2026-12-18,C,216.0,27.5,56.0,28.05,533.0,0.3904,2636.0,17.0,0.6771,0.0075,0.4431,-0.0818,0.3676,27.6554,1.2,29.05,30.65,28.0,up,28.05,2026-09-04T13:44:42,4.46928,26.8499994277954,229.88,2026-09-04 19:44:26,2026-09-04 15:45:04
NVDA,NVDA261218C00217000,NVDA,2026-12-18,C,217.0,26.9,66.0,27.2,282.0,0.3873,987.0,36.0,0.6692,0.0076,0.4474,-0.0825,0.3641,27.0403,1.23,29.04,30.06,27.53,down,27.53,2026-09-04T13:31:40,4.67681,26.2999992370605,229.88,2026-09-04 19:44:26,2026-09-04 15:45:04
NVDA,NVDA261218C00218000,NVDA,2026-12-18,C,218.0,26.3,54.0,26.6,284.0,0.3868,2386.0,57.0,0.6613,0.0077,0.4515,-0.0831,0.3606,26.4339,0.95,29.15,29.45,26.5,down,26.5,2026-09-04T14:00:20,3.7182,25.5500001907349,229.88,2026-09-04 19:44:26,2026-09-04 15:45:04
NVDA,NVDA261218C00219000,NVDA,2026-12-18,C,219.0,25.7,64.0,26.0,281.0,0.3862,1802.0,37.0,0.6534,0.0078,0.4554,-0.0837,0.3571,25.8361,1.225,27.54,28.8,26.04,no_change,26.05,2026-09-04T14:17:59,4.93454,24.8249998092651,229.88,2026-09-04 19:44:26,2026-09-04 15:45:04
NVDA,NVDA261218C00220000,NVDA,2026-12-18,C,220.0,25.1,315.0,25.25,57.0,0.3837,59016.0,2687.0,0.6454,0.0078,0.4591,-0.0843,0.3535,25.2469,0.825,24.5,28.3,24.5,no_change,25.2,2026-09-04T15:26:38,3.38462,24.375,229.88,2026-09-04 19:44:26,2026-09-04 15:45:04
NVDA,NVDA261218C00221000,NVDA,2026-12-18,C,221.0,24.5,88.0,24.85,304.0,0.3849,2242.0,135.0,0.6373,0.0079,0.4626,-0.0848,0.3499,24.6662,1.125,24.85,27.43,24.2,down,25.0,2026-09-04T12:24:18,4.71204,23.875,229.88,2026-09-04 19:44:26,2026-09-04 15:45:04
NVDA,NVDA261218C00222000,NVDA,2026-12-18,C,222.0,23.95,65.0,24.3,306.0,0.3848,2572.0,110.0,0.6292,0.008,0.466,-0.0854,0.3462,24.0942,1.95,25.25,26.95,24.47,up,25.2,2026-09-04T12:46:31,8.3871,23.25,229.88,2026-09-04 19:44:26,2026-09-04 15:45:04
NVDA,NVDA261218C00223000,NVDA,2026-12-18,C,223.0,23.35,310.0,23.7,305.0,0.3834,2158.0,46.0,0.621,0.008,0.4691,-0.0858,0.3424,23.531,2.2,23.75,26.55,23.67,up,24.85,2026-09-04T12:52:01,9.71303,22.6499996185303,229.88,2026-09-04 19:44:26,2026-09-04 15:45:04
NVDA,NVDA261218C00224000,NVDA,2026-12-18,C,224.0,22.85,95.0,23.15,295.0,0.3835,1622.0,237.0,0.6128,0.0081,0.4721,-0.0862,0.3384,22.9766,0.88,23.12,25.75,23.03,down,23.03,2026-09-04T15:19:59,3.97291,22.1499996185303,229.88,2026-09-04 19:44:26,2026-09-04 15:45:04
NVDA,NVDA261218C00225000,NVDA,2026-12-18,C,225.0,22.35,160.0,22.5,259.0,0.3824,18144.0,639.0,0.6046,0.0081,0.4749,-0.0866,0.3345,22.4311,0.855,22.8,25.4,22.35,up,22.48,2026-09-04T15:24:49,3.95376,21.625,229.88,2026-09-04 19:44:26,2026-09-04 15:45:04
NVDA,NVDA261218C00226000,NVDA,2026-12-18,C,226.0,21.8,25.0,22.1,265.0,0.3832,3015.0,78.0,0.5963,0.0082,0.4774,-0.087,0.3305,21.8946,0.915,21.65,24.6,21.65,up,21.99,2026-09-04T14:03:15,4.34164,21.0749998092651,229.88,2026-09-04 19:44:26,2026-09-04 15:45:04
NVDA,NVDA261218C00227000,NVDA,2026-12-18,C,227.0,21.2,389.0,21.45,407.0,0.3806,1584.0,98.0,0.588,0.0083,0.4798,-0.0873,0.3265,21.3669,0.775,21.3,24.05,21.05,down,21.35,2026-09-04T15:23:48,3.7667,20.5750007629395,229.88,2026-09-04 19:44:26,2026-09-04 15:45:04
NVDA,NVDA261218C00228000,NVDA,2026-12-18,C,228.0,20.75,224.0,20.95,323.0,0.381,17314.0,437.0,0.5796,0.0083,0.4819,-0.0876,0.3225,20.848,0.845,20.85,23.75,20.8,down,20.92,2026-09-04T15:22:53,4.20921,20.0750007629395,229.88,2026-09-04 19:44:26,2026-09-04 15:45:04
NVDA,NVDA261218C00230000,NVDA,2026-12-18,C,230.0,19.75,191.0,19.9,277.0,0.3798,22399.0,1206.0,0.5629,0.0084,0.4855,-0.088,0.3145,19.8363,0.9,19.75,22.65,19.53,up,19.95,2026-09-04T15:25:05,4.72441,19.0500001907349,229.88,2026-09-04 19:44:26,2026-09-04 15:45:04
NVDA,NVDA261218C00235000,NVDA,2026-12-18,C,235.0,17.4,156.0,17.55,297.0,0.3787,12632.0,816.0,0.5206,0.0085,0.4908,-0.0885,0.293,17.4376,0.8,17.3,20.03,17.3,no_change,17.5,2026-09-04T15:22:53,4.79042,16.6999998092651,229.88,2026-09-04 19:44:26,2026-09-04 15:45:04
NVDA,NVDA261218C00240000,NVDA,2026-12-18,C,240.0,15.25,226.0,15.4,348.0,0.3769,23079.0,3593.0,0.479,0.0086,0.4908,-0.088,0.2718,15.2866,0.72,15.0,17.61,15.0,up,15.32,2026-09-04T15:24:40,4.93151,14.5999999046326,229.88,2026-09-04 19:44:26,2026-09-04 15:45:04
NVDA,NVDA261218C00245000,NVDA,2026-12-18,C,245.0,13.3,99.0,13.5,419.0,0.3758,9599.0,1487.0,0.4382,0.0085,0.4856,-0.0867,0.2502,13.3472,0.75,13.35,15.4,13.3,no_change,13.4,2026-09-04T15:24:40,5.92885,12.6500000953674,229.88,2026-09-04 19:44:26,2026-09-04 15:45:04
NVDA,NVDA261218C00250000,NVDA,2026-12-18,C,250.0,11.6,209.0,11.7,126.0,0.3741,37852.0,2423.0,0.399,0.0084,0.4759,-0.0847,0.2292,11.6253,0.625,10.9,13.53,10.9,no_change,11.6,2026-09-04T15:29:02,5.69476,10.9749999046326,229.88,2026-09-04 19:44:26,2026-09-04 15:45:04
NVDA,NVDA261218C00255000,NVDA,2026-12-18,C,255.0,10.05,27.0,10.1,2.0,0.3726,8904.0,354.0,0.3612,0.0081,0.4619,-0.0819,0.2086,10.0853,0.725,10.1,11.7,10.1,up,10.15,2026-09-04T15:28:03,7.69231,9.42500019073486,229.88,2026-09-04 19:44:26,2026-09-04 15:45:04
NVDA,NVDA261218C00260000,NVDA,2026-12-18,C,260.0,8.7,44.0,8.8,370.0,0.3732,19663.0,1689.0,0.3251,0.0078,0.444,-0.0785,0.1885,8.7134,0.6,8.42,10.2,8.32,no_change,8.7,2026-09-04T15:28:22,7.40741,8.09999990463257,229.88,2026-09-04 19:44:26,2026-09-04 15:45:04
NVDA,NVDA261218C00265000,NVDA,2026-12-18,C,265.0,7.45,186.0,7.65,475.0,0.3727,5525.0,471.0,0.2919,0.0075,0.424,-0.0748,0.1701,7.5334,0.775,7.5,8.85,7.5,up,7.7,2026-09-04T15:03:44,11.1913,6.92499995231628,229.88,2026-09-04 19:44:26,2026-09-04 15:45:04
NVDA,NVDA261218C00270000,NVDA,2026-12-18,C,270.0,6.45,101.0,6.55,466.0,0.3728,19124.0,726.0,0.2607,0.007,0.4013,-0.0707,0.1523,6.4867,0.575,6.29,7.62,6.15,down,6.5,2026-09-04T15:28:48,9.70464,5.92499995231628,229.88,2026-09-04 19:44:26,2026-09-04 15:45:04
NVDA,NVDA261218C00275000,NVDA,2026-12-18,C,275.0,5.55,165.0,5.7,470.0,0.3738,13534.0,1873.0,0.2326,0.0066,0.378,-0.0665,0.1364,5.5949,0.57,5.45,6.6,5.35,down,5.62,2026-09-04T15:17:30,11.2871,5.04999995231628,229.88,2026-09-04 19:44:26,2026-09-04 15:45:04
NVDA,NVDA261218C00280000,NVDA,2026-12-18,C,280.0,4.75,170.0,4.9,471.0,0.3742,31523.0,575.0,0.2064,0.0062,0.3531,-0.0621,0.1213,4.8061,0.52,4.45,5.65,4.45,down,4.82,2026-09-04T15:29:01,12.093,4.29999995231628,229.88,2026-09-04 19:44:26,2026-09-04 15:45:04
NVDA,NVDA261218C00285000,NVDA,2026-12-18,C,285.0,4.1,68.0,4.2,452.0,0.3748,2529.0,247.0,0.1832,0.0057,0.3288,-0.0578,0.108,4.1389,0.44,4.45,4.8,4.05,down,4.14,2026-09-04T15:26:24,11.8919,3.69999992847443,229.88,2026-09-04 19:44:26,2026-09-04 15:45:04
NVDA,NVDA261218C00290000,NVDA,2026-12-18,C,290.0,3.5,151.0,3.65,489.0,0.3763,10386.0,1301.0,0.1618,0.0053,0.3041,-0.0535,0.0955,3.5523,0.35,3.5,4.15,3.43,down,3.5,2026-09-04T15:25:50,11.1111,3.14999997615814,229.88,2026-09-04 19:44:26,2026-09-04 15:45:04
NVDA,NVDA261218C00295000,NVDA,2026-12-18,C,295.0,3.0,237.0,3.15,491.0,0.3774,4519.0,778.0,0.1431,0.0048,0.2806,-0.0494,0.0846,3.0587,0.4,3.28,3.6,2.95,down,3.08,2026-09-04T15:20:33,14.9254,2.6800000667572,229.88,2026-09-04 19:44:26,2026-09-04 15:45:04
NVDA,NVDA261218C00300000,NVDA,2026-12-18,C,300.0,2.61,150.0,2.67,478.0,0.3785,38949.0,2587.0,0.1262,0.0044,0.2579,-0.0454,0.0747,2.6301,0.375,2.5,3.1,2.43,down,2.64,2026-09-04T15:29:01,16.5563,2.26499998569489,229.88,2026-09-04 19:44:26,2026-09-04 15:45:04
NVDA,NVDA261218C00305000,NVDA,2026-12-18,C,305.0,2.23,82.0,2.29,261.0,0.3794,2426.0,364.0,0.111,0.004,0.2356,-0.0415,0.0658,2.2591,0.315,2.25,2.65,2.19,up,2.27,2026-09-04T15:22:38,16.1125,1.9549999833107,229.88,2026-09-04 19:44:26,2026-09-04 15:45:04
NVDA,NVDA261218C00310000,NVDA,2026-12-18,C,310.0,1.93,41.0,1.97,383.0,0.3813,7245.0,450.0,0.0979,0.0037,0.2156,-0.038,0.0581,1.9479,0.305,2.03,2.27,1.9,no_change,1.97,2026-09-04T15:19:33,18.3183,1.66500002145767,229.88,2026-09-04 19:44:26,2026-09-04 15:45:04
NVDA,NVDA261218C00315000,NVDA,2026-12-18,C,315.0,1.65,255.0,1.7,109.0,0.3827,949.0,241.0,0.0862,0.0033,0.1962,-0.0347,0.0511,1.679,0.285,1.91,1.91,1.64,no_change,1.7,2026-09-04T15:10:01,20.1413,1.41500002145767,229.88,2026-09-04 19:44:26,2026-09-04 15:45:04
NVDA,NVDA261218C00320000,NVDA,2026-12-18,C,320.0,1.44,41.0,1.49,416.0,0.3856,5440.0,235.0,0.0759,0.003,0.1785,-0.0316,0.0451,1.4498,0.23,1.41,1.69,1.4,no_change,1.46,2026-09-04T15:19:11,18.6992,1.23000001907349,229.88,2026-09-04 19:44:26,2026-09-04 15:45:04
NVDA,NVDA261218C00325000,NVDA,2026-12-18,C,325.0,1.24,175.0,1.31,440.0,0.388,5641.0,104.0,0.0668,0.0027,0.1622,-0.0287,0.0397,1.2527,0.225,1.33,1.43,1.23,up,1.28,2026-09-04T14:46:01,21.327,1.05500000715256,229.88,2026-09-04 19:44:26,2026-09-04 15:45:04
NVDA,NVDA261218C00330000,NVDA,2026-12-18,C,330.0,1.07,146.0,1.16,433.0,0.3907,4870.0,58.0,0.0589,0.0024,0.147,-0.0261,0.035,1.0843,0.17,1.25,1.26,1.06,down,1.06,2026-09-04T14:47:25,19.1011,0.890000015497208,229.88,2026-09-04 19:44:26,2026-09-04 15:45:04
NVDA,NVDA261218C00335000,NVDA,2026-12-18,C,335.0,0.93,449.0,0.99,330.0,0.3921,1064.0,62.0,0.0519,0.0022,0.1333,-0.0237,0.0309,0.9399,0.165,1.08,1.1,0.92,no_change,0.94,2026-09-04T11:06:10,21.2903,0.775000005960464,229.88,2026-09-04 19:44:26,2026-09-04 15:45:04
NVDA,NVDA261218C00340000,NVDA,2026-12-18,C,340.0,0.79,322.0,0.85,295.0,0.393,4068.0,544.0,0.0457,0.002,0.1207,-0.0215,0.0272,0.8156,0.16,0.95,1.0,0.79,up,0.83,2026-09-04T14:52:53,23.8806,0.6700000166893,229.88,2026-09-04 19:44:26,2026-09-04 15:45:04
NVDA,NVDA261218C00345000,NVDA,2026-12-18,C,345.0,0.67,314.0,0.74,42.0,0.3943,2298.0,5.0,0.0404,0.0018,0.1091,-0.0195,0.024,0.7095,0.12,0.66,0.82,0.66,down,0.69,2026-09-04T11:57:07,21.0526,0.569999992847443,229.88,2026-09-04 19:44:26,2026-09-04 15:45:04
NVDA,NVDA261218C00350000,NVDA,2026-12-18,C,350.0,0.59,298.0,0.65,219.0,0.397,3557.0,43.0,0.0357,0.0016,0.0988,-0.0177,0.0212,0.6181,0.13,0.6,0.72,0.6,down,0.63,2026-09-04T13:51:50,26.0,0.500000014901161,229.88,2026-09-04 19:44:26,2026-09-04 15:45:04
NVDA,NVDA261218C00355000,NVDA,2026-12-18,C,355.0,0.51,407.0,0.57,294.0,0.3991,2956.0,15.0,0.0316,0.0014,0.0895,-0.016,0.0187,0.5395,0.165,0.45,0.61,0.45,down,0.6,2026-09-04T13:48:29,37.931,0.434999987483025,229.88,2026-09-04 19:44:26,2026-09-04 15:45:04
NVDA,NVDA261218C00360000,NVDA,2026-12-18,C,360.0,0.44,399.0,0.5,459.0,0.401,3888.0,26.0,0.0279,0.0013,0.0808,-0.0146,0.0166,0.4717,0.135,0.54,0.54,0.47,up,0.48,2026-09-04T14:46:52,39.1304,0.344999998807907,229.88,2026-09-04 19:44:26,2026-09-04 15:45:04
NVDA,NVDA261218C00365000,NVDA,2026-12-18,C,365.0,0.39,438.0,0.44,490.0,0.4037,481.0,17.0,0.0248,0.0012,0.0732,-0.0132,0.0147,0.4133,0.1,0.4,0.44,0.4,up,0.44,2026-09-04T12:50:18,29.4118,0.339999996125698,229.88,2026-09-04 19:44:26,2026-09-04 15:45:04
NVDA,NVDA261218C00370000,NVDA,2026-12-18,C,370.0,0.34,440.0,0.4,470.0,0.4069,2439.0,35.0,0.022,0.001,0.0663,-0.012,0.013,0.3626,0.1,0.42,0.42,0.33,up,0.37,2026-09-04T13:35:04,37.037,0.269999995827675,229.88,2026-09-04 19:44:26,2026-09-04 15:45:04
NVDA,NVDA261218C00375000,NVDA,2026-12-18,C,375.0,0.3,430.0,0.4,498.0,0.4133,586.0,1.0,0.0195,0.0009,0.06,-0.0109,0.0116,0.3187,0.06,0.31,0.31,0.31,up,0.31,2026-09-04T15:26:35,24.0,0.249999992549419,229.88,2026-09-04 19:44:26,2026-09-04 15:45:04
NVDA,NVDA261218C00380000,NVDA,2026-12-18,C,380.0,0.22,350.0,0.4,688.0,0.4158,958.0,1.0,0.0174,0.0008,0.0543,-0.0099,0.0103,0.2804,0.02,0.27,0.27,0.27,up,0.27,2026-09-04T13:33:06,8.0,0.25,229.88,2026-09-04 19:44:26,2026-09-04 15:45:04
NVDA,NVDA261218C00385000,NVDA,2026-12-18,C,385.0,0.14,826.0,0.36,633.0,0.413,1537.0,2.0,0.0154,0.0008,0.0492,-0.009,0.0092,0.2473,-0.015,0.23,0.23,0.21,down,0.21,2026-09-04T12:25:13,-6.66667,0.225000001490116,229.88,2026-09-04 19:44:26,2026-09-04 15:45:04
NVDA,NVDA261218C00390000,NVDA,2026-12-18,C,390.0,0.17,265.0,0.28,370.0,0.4162,4731.0,1.0,0.0138,0.0007,0.0447,-0.0082,0.0082,0.2185,0.03,0.18,0.18,0.18,down,0.18,2026-09-04T12:25:06,20.0,0.150000002235174,229.88,2026-09-04 19:44:26,2026-09-04 15:45:04
NVDA,NVDA261218C00400000,NVDA,2026-12-18,C,400.0,0.13,430.0,0.23,526.0,0.4216,7442.0,64.0,0.011,0.0006,0.0368,-0.0068,0.0065,0.1715,0.005,0.21,0.21,0.14,no_change,0.14,2026-09-04T12:24:59,3.70371,0.134999997913837,229.88,2026-09-04 19:44:26,2026-09-04 15:45:04
NVDA,NVDA261218C00410000,NVDA,2026-12-18,C,410.0,0.12,300.0,0.16,489.0,0.4252,1518.0,204.0,0.0088,0.0004,0.0304,-0.0056,0.0052,0.1355,0.01,0.13,0.16,0.12,up,0.16,2026-09-04T14:37:48,6.66667,0.149999998509884,229.88,2026-09-04 19:44:26,2026-09-04 15:45:04
NVDA,NVDA261218C00420000,NVDA,2026-12-18,C,420.0,0.09,300.0,0.15,525.0,0.4331,5475.0,5.0,0.0071,0.0004,0.0252,-0.0047,0.0042,0.1077,0.015,0.1,0.12,0.1,no_change,0.11,2026-09-04T13:33:06,15.7895,0.0949999988079071,229.88,2026-09-04 19:44:26,2026-09-04 15:45:04
NVDA,NVDA261218C00430000,NVDA,2026-12-18,C,430.0,0.03,673.0,0.14,881.0,0.4318,828.0,2.0,0.0058,0.0003,0.021,-0.0039,0.0034,0.0862,-0.01,0.08,0.09,0.08,up,0.09,2026-09-04T12:25:13,-10.0,0.100000003352761,229.88,2026-09-04 19:44:26,2026-09-04 15:45:04
NVDA,NVDA261218C00440000,NVDA,2026-12-18,C,440.0,0.04,432.0,0.07,1.0,0.427,575.0,71.0,0.0047,0.0002,0.0175,-0.0033,0.0028,0.0694,-0.01,0.06,0.07,0.04,down,0.04,2026-09-04T12:25:06,-20.0,0.0499999988824129,229.88,2026-09-04 19:44:26,2026-09-04 15:45:04
NVDA,NVDA261218C00450000,NVDA,2026-12-18,C,450.0,0.04,300.0,0.08,549.0,0.4437,4381.0,45.0,0.0039,0.0002,0.0147,-0.0028,0.0023,0.0563,-0.01,0.06,0.07,0.05,down,0.05,2026-09-04T14:38:42,-16.6667,0.0599999986588955,229.88,2026-09-04 19:44:26,2026-09-04 15:45:04
NVDA,NVDA261218C00455000,NVDA,2026-12-18,C,455.0,0.03,45.0,0.07,48.0,0.4427,2632.0,2.0,0.0035,0.0002,0.0134,-0.0025,0.002,0.0507,0.01,0.05,0.05,0.05,no_change,0.05,2026-09-04T13:50:14,25.0,0.0400000000372529,229.88,2026-09-04 19:44:26,2026-09-04 15:45:04
NVDA,NVDA261218C00460000,NVDA,2026-12-18,C,460.0,0.03,295.0,0.06,442.0,0.4446,11420.0,311.0,0.0032,0.0002,0.0123,-0.0023,0.0019,0.0457,0.005,0.06,0.06,0.02,no_change,0.05,2026-09-04T12:06:43,11.1111,0.0449999989941716,229.88,2026-09-04 19:44:26,2026-09-04 15:45:04
NVDA,NVDA261218P00000500,NVDA,2026-12-18,P,0.5,0.0,0.0,0.01,594.0,3.8194,31542.0,0.0,0.0,0.0,0.0,0.0,0.0,0.0005,0.0,0.0,0.0,0.0,no_change,0.01,2026-09-03T09:32:32,0.0,0.00499999988824129,229.88,2026-09-04 19:44:26,2026-09-04 15:45:04
NVDA,NVDA261218P00001000,NVDA,2026-12-18,P,1.0,0.0,0.0,0.01,95.0,3.2943,5945.0,0.0,0.0,0.0,0.0,0.0,0.0,0.0007,0.0,0.0,0.0,0.0,no_change,0.01,2026-08-04T15:07:56,0.0,0.00499999988824129,229.88,2026-09-04 19:44:26,2026-09-04 15:45:04
NVDA,NVDA261218P00001500,NVDA,2026-12-18,P,1.5,0.0,0.0,0.05,46.0,3.4948,490.0,0.0,0.0,0.0,0.0001,-0.0001,0.0,0.0009,0.0,0.0,0.0,0.0,no_change,0.01,2026-07-15T09:36:19,0.0,0.025000000372529,229.88,2026-09-04 19:44:26,2026-09-04 15:45:04
NVDA,NVDA261218P00002000,NVDA,2026-12-18,P,2.0,0.0,0.0,0.01,110.0,2.8072,3366.0,0.0,0.0,0.0,0.0001,-0.0001,0.0,0.0012,0.0,0.0,0.0,0.0,up,0.07,2026-06-05T10:25:15,0.0,0.00499999988824129,229.88,2026-09-04 19:44:26,2026-09-04 15:45:04
NVDA,NVDA261218P00002500,NVDA,2026-12-18,P,2.5,0.0,0.0,0.01,309.0,2.6572,4768.0,0.0,0.0,0.0,0.0001,-0.0001,0.0,0.0014,0.0,0.0,0.0,0.0,no_change,0.01,2026-08-04T09:42:08,0.0,0.00499999988824129,229.88,2026-09-04 19:44:26,2026-09-04 15:45:04
NVDA,NVDA261218P00003000,NVDA,2026-12-18,P,3.0,0.0,0.0,0.01,58.0,2.5368,1652.0,0.0,0.0,0.0,0.0001,-0.0001,0.0,0.0016,0.0,0.0,0.0,0.0,no_change,0.01,2026-07-23T10:33:21,0.0,0.00499999988824129,229.88,2026-09-04 19:44:26,2026-09-04 15:45:04
NVDA,NVDA261218P00003500,NVDA,2026-12-18,P,3.5,0.0,0.0,0.05,46.0,2.8042,198.0,0.0,0.0,0.0,0.0001,-0.0001,0.0,0.0018,0.0,0.0,0.0,0.0,down,0.01,2026-03-12T14:13:04,0.0,0.025000000372529,229.88,2026-09-04 19:44:26,2026-09-04 15:45:04
NVDA,NVDA261218P00004000,NVDA,2026-12-18,P,4.0,0.0,0.0,0.01,57.0,2.3505,725.0,0.0,0.0,0.0,0.0001,-0.0001,0.0,0.002,0.0,0.0,0.0,0.0,no_change,0.01,2026-08-17T11:50:46,0.0,0.00499999988824129,229.88,2026-09-04 19:44:26,2026-09-04 15:45:04
NVDA,NVDA261218P00004500,NVDA,2026-12-18,P,4.5,0.0,0.0,0.02,45.0,2.4053,1079.0,0.0,0.0,0.0,0.0001,-0.0001,0.0,0.0022,0.0,0.0,0.0,0.0,no_change,0.02,2025-12-09T15:27:40,0.0,0.00999999977648258,229.88,2026-09-04 19:44:26,2026-09-04 15:45:04
NVDA,NVDA261218P00005000,NVDA,2026-12-18,P,5.0,0.0,0.0,0.02,45.0,2.3342,2551.0,0.0,0.0,0.0,0.0002,-0.0002,0.0,0.0024,0.0,0.0,0.0,0.0,up,0.02,2026-08-18T12:34:53,0.0,0.00999999977648258,229.88,2026-09-04 19:44:26,2026-09-04 15:45:04
NVDA,NVDA261218P00006000,NVDA,2026-12-18,P,6.0,0.0,0.0,0.11,46.0,2.5999,852.0,0.0,0.0,0.0,0.0002,-0.0002,0.0,0.0028,0.0,0.0,0.0,0.0,up,0.1,2026-04-20T09:30:03,0.0,0.0500000007450581,229.88,2026-09-04 19:44:26,2026-09-04 15:45:04
NVDA,NVDA261218P00007000,NVDA,2026-12-18,P,7.0,0.0,0.0,0.11,104.0,2.4765,1077.0,0.0,0.0,0.0,0.0002,-0.0002,0.0,0.0033,0.0,0.0,0.0,0.0,down,0.01,2026-01-22T14:09:50,0.0,0.0549999997019768,229.88,2026-09-04 19:44:26,2026-09-04 15:45:04
NVDA,NVDA261218P00008000,NVDA,2026-12-18,P,8.0,0.0,0.0,0.02,100.0,2.0244,891.0,0.0,-0.0001,0.0,0.0003,-0.0002,0.0,0.0037,0.0,0.0,0.0,0.0,no_change,0.01,2026-07-13T12:05:35,0.0,0.00999999977648258,229.88,2026-09-04 19:44:26,2026-09-04 15:45:04
NVDA,NVDA261218P00009000,NVDA,2026-12-18,P,9.0,0.0,0.0,0.11,130.0,2.2802,1198.0,0.0,-0.0001,0.0,0.0003,-0.0003,0.0,0.0042,0.0,0.0,0.0,0.0,down,0.02,2026-05-01T09:50:31,0.0,0.0549999997019768,229.88,2026-09-04 19:44:26,2026-09-04 15:45:04
NVDA,NVDA261218P00010000,NVDA,2026-12-18,P,10.0,0.0,0.0,0.01,870.0,1.7836,12628.0,0.0,-0.0001,0.0,0.0004,-0.0003,-0.0001,0.0046,0.0,0.0,0.0,0.0,no_change,0.01,2026-08-27T13:33:52,0.0,0.00499999988824129,229.88,2026-09-04 19:44:26,2026-09-04 15:45:04
NVDA,NVDA261218P00011000,NVDA,2026-12-18,P,11.0,0.0,0.0,0.11,113.0,2.127,2415.0,0.0,-0.0001,0.0,0.0004,-0.0003,-0.0001,0.0051,0.0,0.0,0.0,0.0,no_change,0.01,2026-08-18T12:16:35,0.0,0.0549999997019768,229.88,2026-09-04 19:44:26,2026-09-04 15:45:04
NVDA,NVDA261218P00012000,NVDA,2026-12-18,P,12.0,0.0,0.0,0.11,101.0,2.0616,215.0,0.0,-0.0001,0.0,0.0005,-0.0004,-0.0001,0.0056,0.0,0.0,0.0,0.0,no_change,0.01,2026-07-13T12:15:01,0.0,0.0549999997019768,229.88,2026-09-04 19:44:26,2026-09-04 15:45:04
NVDA,NVDA261218P00013000,NVDA,2026-12-18,P,13.0,0.0,0.0,0.11,250.0,2.0019,13051.0,0.0,-0.0001,0.0,0.0005,-0.0004,-0.0001,0.0061,0.0,0.0,0.0,0.0,up,0.05,2026-03-16T15:55:27,0.0,0.00999999977648258,229.88,2026-09-04 19:44:26,2026-09-04 15:45:04
NVDA,NVDA261218P00014000,NVDA,2026-12-18,P,14.0,0.0,0.0,0.11,147.0,1.947,660.0,0.0,-0.0001,0.0,0.0006,-0.0004,-0.0001,0.0066,0.0,0.0,0.0,0.0,no_change,0.01,2026-05-18T11:47:47,0.0,0.0549999997019768,229.88,2026-09-04 19:44:26,2026-09-04 15:45:04
NVDA,NVDA261218P00015000,NVDA,2026-12-18,P,15.0,0.0,0.0,0.12,396.0,1.9133,7670.0,0.0,-0.0001,0.0,0.0006,-0.0004,-0.0001,0.0072,0.0,0.0,0.0,0.0,no_change,0.01,2026-08-03T09:30:02,0.0,0.00499999988824129,229.88,2026-09-04 19:44:26,2026-09-04 15:45:04
NVDA,NVDA261218P00016000,NVDA,2026-12-18,P,16.0,0.0,0.0,0.12,104.0,1.8656,621.0,0.0,-0.0001,0.0,0.0007,-0.0005,-0.0001,0.0077,0.0,0.0,0.0,0.0,down,0.02,2026-08-21T11:32:00,0.0,0.0549999997019768,229.88,2026-09-04 19:44:26,2026-09-04 15:45:04
NVDA,NVDA261218P00017000,NVDA,2026-12-18,P,17.0,0.0,0.0,0.12,108.0,1.821,2815.0,0.0,-0.0002,0.0,0.0007,-0.0005,-0.0001,0.0083,0.0,0.0,0.0,0.0,up,0.03,2026-06-22T09:36:21,0.0,0.0549999997019768,229.88,2026-09-04 19:44:26,2026-09-04 15:45:04
NVDA,NVDA261218P00018000,NVDA,2026-12-18,P,18.0,0.0,0.0,0.12,106.0,1.7792,1550.0,0.0,-0.0002,0.0,0.0008,-0.0005,-0.0001,0.0089,0.0,0.0,0.0,0.0,no_change,0.03,2026-08-10T15:16:40,0.0,0.0549999997019768,229.88,2026-09-04 19:44:26,2026-09-04 15:45:04
NVDA,NVDA261218P00019000,NVDA,2026-12-18,P,19.0,0.0,0.0,0.12,120.0,1.7399,407.0,0.0,-0.0002,0.0,0.0009,-0.0006,-0.0001,0.0096,0.0,0.0,0.0,0.0,up,0.04,2026-08-10T15:17:18,0.0,0.0549999997019768,229.88,2026-09-04 19:44:26,2026-09-04 15:45:04
NVDA,NVDA261218P00020000,NVDA,2026-12-18,P,20.0,0.0,0.0,0.02,46.0,1.4503,19301.0,0.0,-0.0002,0.0,0.0009,-0.0006,-0.0001,0.0102,0.0,0.0,0.0,0.0,down,0.01,2026-08-18T11:51:41,0.0,0.00999999977648258,229.88,2026-09-04 19:44:26,2026-09-04 15:45:04
NVDA,NVDA261218P00021000,NVDA,2026-12-18,P,21.0,0.0,0.0,0.12,108.0,1.6675,752.0,0.0,-0.0002,0.0,0.001,-0.0006,-0.0002,0.0109,0.0,0.0,0.0,0.0,no_change,0.03,2026-04-29T12:23:31,0.0,0.0599999986588955,229.88,2026-09-04 19:44:26,2026-09-04 15:45:04
NVDA,NVDA261218P00022000,NVDA,2026-12-18,P,22.0,0.0,0.0,0.12,114.0,1.6341,2262.0,0.0,-0.0002,0.0,0.0011,-0.0007,-0.0002,0.0116,0.0,0.0,0.0,0.0,up,0.14,2026-07-28T15:11:26,0.0,0.0599999986588955,229.88,2026-09-04 19:44:26,2026-09-04 15:45:04
NVDA,NVDA261218P00023000,NVDA,2026-12-18,P,23.0,0.0,0.0,0.04,52.0,1.4456,872.0,0.0,-0.0002,0.0,0.0011,-0.0007,-0.0002,0.0123,0.0,0.0,0.0,0.0,no_change,0.03,2026-05-20T14:21:17,0.0,0.0199999995529652,229.88,2026-09-04 19:44:26,2026-09-04 15:45:04
NVDA,NVDA261218P00024000,NVDA,2026-12-18,P,24.0,0.0,0.0,0.08,449.0,1.5103,804.0,0.0,-0.0003,0.0,0.0012,-0.0008,-0.0002,0.013,0.0,0.0,0.0,0.0,down,0.01,2026-08-28T11:38:17,0.0,0.0599999986588955,229.88,2026-09-04 19:44:26,2026-09-04 15:45:04
NVDA,NVDA261218P00025000,NVDA,2026-12-18,P,25.0,0.0,0.0,0.02,45.0,1.3155,30133.0,0.0,-0.0003,0.0,0.0013,-0.0008,-0.0002,0.0138,0.0,0.0,0.0,0.0,no_change,0.01,2026-08-27T11:18:07,0.0,0.00999999977648258,229.88,2026-09-04 19:44:26,2026-09-04 15:45:04
NVDA,NVDA261218P00026000,NVDA,2026-12-18,P,26.0,0.0,0.0,0.12,527.0,1.515,1277.0,0.0,-0.0003,0.0,0.0014,-0.0008,-0.0002,0.0145,0.0,0.0,0.0,0.0,no_change,0.01,2026-08-28T11:38:28,0.0,0.0599999986588955,229.88,2026-09-04 19:44:26,2026-09-04 15:45:04
NVDA,NVDA261218P00027000,NVDA,2026-12-18,P,27.0,0.0,0.0,0.03,52.0,1.3114,1304.0,0.0,-0.0003,0.0,0.0015,-0.0009,-0.0002,0.0153,0.0,0.0,0.0,0.0,down,0.02,2026-08-21T13:55:22,0.0,0.0149999996647239,229.88,2026-09-04 19:44:26,2026-09-04 15:45:04
NVDA,NVDA261218P00028000,NVDA,2026-12-18,P,28.0,0.0,0.0,0.03,52.0,1.2889,4781.0,0.0,-0.0004,0.0,0.0016,-0.0009,-0.0003,0.0162,0.0,0.0,0.0,0.0,down,0.01,2026-08-21T13:55:49,0.0,0.0149999996647239,229.88,2026-09-04 19:44:26,2026-09-04 15:45:04
NVDA,NVDA261218P00029000,NVDA,2026-12-18,P,29.0,0.0,0.0,0.12,496.0,1.438,782.0,0.0,-0.0004,0.0,0.0016,-0.001,-0.0003,0.017,0.0,0.0,0.0,0.0,down,0.01,2026-08-27T15:53:39,0.0,0.0599999986588955,229.88,2026-09-04 19:44:26,2026-09-04 15:45:04
NVDA,NVDA261218P00030000,NVDA,2026-12-18,P,30.0,0.0,0.0,0.03,124.0,1.2464,4925.0,10.0,-0.0004,0.0,0.0018,-0.001,-0.0003,0.0179,-0.005,0.01,0.01,0.01,no_change,0.01,2026-09-04T09:30:02,-33.3333,0.0149999996647239,229.88,2026-09-04 19:44:26,2026-09-04 15:45:04
NVDA,NVDA261218P00031000,NVDA,2026-12-18,P,31.0,0.0,0.0,0.12,761.0,1.3913,1181.0,3.0,-0.0004,0.0,0.0018,-0.001,-0.0003,0.0188,-0.04,0.02,0.02,0.02,no_change,0.02,2026-09-04T11:15:38,-66.6667,0.0599999986588955,229.88,2026-09-04 19:44:26,2026-09-04 15:45:04
NVDA,NVDA261218P00032000,NVDA,2026-12-18,P,32.0,0.0,0.0,0.13,785.0,1.3803,2325.0,2.0,-0.0004,0.0,0.002,-0.0011,-0.0003,0.0198,0.045,0.06,0.06,0.06,no_change,0.06,2026-09-04T11:03:00,300.0,0.0149999996647239,229.88,2026-09-04 19:44:26,2026-09-04 15:45:04
NVDA,NVDA261218P00033000,NVDA,2026-12-18,P,33.0,0.0,0.0,0.03,51.0,1.188,2732.0,0.0,-0.0005,0.0,0.002,-0.0011,-0.0004,0.0208,0.0,0.0,0.0,0.0,no_change,0.01,2026-09-03T09:51:55,0.0,0.0149999996647239,229.88,2026-09-04 19:44:26,2026-09-04 15:45:04
NVDA,NVDA261218P00034000,NVDA,2026-12-18,P,34.0,0.01,47.0,0.08,650.0,1.2897,1898.0,11.0,-0.0005,0.0,0.0022,-0.0012,-0.0004,0.0218,0.015,0.01,0.07,0.01,up,0.07,2026-09-04T11:03:22,27.2727,0.0550000006332994,229.88,2026-09-04 19:44:26,2026-09-04 15:45:04
NVDA,NVDA261218P00035000,NVDA,2026-12-18,P,35.0,0.01,53.0,0.03,45.0,1.18,2631.0,0.0,-0.0005,0.0,0.0023,-0.0012,-0.0004,0.0228,0.0,0.0,0.0,0.0,up,0.03,2026-09-03T09:36:48,0.0,0.0199999995529652,229.88,2026-09-04 19:44:26,2026-09-04 15:45:04
NVDA,NVDA261218P00036000,NVDA,2026-12-18,P,36.0,0.01,47.0,0.08,660.0,1.2512,509.0,4.0,-0.0006,0.0,0.0024,-0.0013,-0.0004,0.0239,0.025,0.07,0.08,0.07,up,0.08,2026-09-04T13:05:23,45.4545,0.0550000006332994,229.88,2026-09-04 19:44:26,2026-09-04 15:45:04
NVDA,NVDA261218P00037000,NVDA,2026-12-18,P,37.0,0.01,155.0,0.08,633.0,1.2327,646.0,15.0,-0.0006,0.0,0.0025,-0.0013,-0.0004,0.025,0.035,0.02,0.08,0.02,no_change,0.08,2026-09-04T13:03:26,77.7778,0.0449999989941716,229.88,2026-09-04 19:44:26,2026-09-04 15:45:04
NVDA,NVDA261218P00038000,NVDA,2026-12-18,P,38.0,0.01,352.0,0.08,615.0,1.2148,991.0,29.0,-0.0006,0.0,0.0026,-0.0014,-0.0004,0.0261,0.025,0.07,0.08,0.02,no_change,0.08,2026-09-04T13:03:04,45.4545,0.0550000006332994,229.88,2026-09-04 19:44:26,2026-09-04 15:45:04
NVDA,NVDA261218P00039000,NVDA,2026-12-18,P,39.0,0.01,379.0,0.08,548.0,1.1974,462.0,16.0,-0.0006,0.0,0.0028,-0.0014,-0.0005,0.0273,-0.035,0.07,0.08,0.02,no_change,0.02,2026-09-04T13:08:32,-63.6364,0.0550000006332994,229.88,2026-09-04 19:44:26,2026-09-04 15:45:04
NVDA,NVDA261218P00040000,NVDA,2026-12-18,P,40.0,0.01,46.0,0.13,339.0,1.2337,7339.0,0.0,-0.0007,0.0,0.0029,-0.0015,-0.0005,0.0285,0.0,0.0,0.0,0.0,up,0.03,2026-09-03T10:05:09,0.0,0.0249999994412065,229.88,2026-09-04 19:44:26,2026-09-04 15:45:04
NVDA,NVDA261218P00041000,NVDA,2026-12-18,P,41.0,0.01,46.0,0.05,114.0,1.1208,1315.0,0.0,-0.0007,0.0,0.0031,-0.0015,-0.0005,0.0297,0.0,0.0,0.0,0.0,down,0.03,2026-09-02T10:00:56,0.0,0.0300000002607703,229.88,2026-09-04 19:44:26,2026-09-04 15:45:04
NVDA,NVDA261218P00042000,NVDA,2026-12-18,P,42.0,0.01,430.0,0.08,517.0,1.1479,622.0,14.0,-0.0008,0.0,0.0032,-0.0016,-0.0006,0.031,-0.045,0.09,0.09,0.01,down,0.01,2026-09-04T13:22:36,-81.8182,0.0550000006332994,229.88,2026-09-04 19:44:26,2026-09-04 15:45:04
NVDA,NVDA261218P00043000,NVDA,2026-12-18,P,43.0,0.01,45.0,0.05,77.0,1.0902,875.0,0.0,-0.0008,0.0,0.0034,-0.0016,-0.0006,0.0323,0.0,0.0,0.0,0.0,up,0.03,2026-09-02T14:50:03,0.0,0.0300000002607703,229.88,2026-09-04 19:44:26,2026-09-04 15:45:04
NVDA,NVDA261218P00044000,NVDA,2026-12-18,P,44.0,0.01,386.0,0.09,526.0,1.1284,1572.0,7.0,-0.0008,0.0,0.0035,-0.0017,-0.0006,0.0337,0.035,0.07,0.09,0.07,no_change,0.09,2026-09-04T12:51:27,63.6364,0.0550000006332994,229.88,2026-09-04 19:44:26,2026-09-04 15:45:04
NVDA,NVDA261218P00045000,NVDA,2026-12-18,P,45.0,0.01,222.0,0.05,78.0,1.0611,12967.0,0.0,-0.0009,0.0,0.0037,-0.0018,-0.0006,0.0351,0.0,0.0,0.0,0.0,no_change,0.04,2026-08-25T10:34:36,0.0,0.0300000002607703,229.88,2026-09-04 19:44:26,2026-09-04 15:45:04
NVDA,NVDA261218P00046000,NVDA,2026-12-18,P,46.0,0.01,449.0,0.09,527.0,1.0986,1903.0,6.0,-0.0009,0.0,0.0038,-0.0018,-0.0007,0.0365,0.04,0.07,0.09,0.07,no_change,0.09,2026-09-04T12:52:10,80.0,0.0500000016763806,229.88,2026-09-04 19:44:26,2026-09-04 15:45:04
NVDA,NVDA261218P00047000,NVDA,2026-12-18,P,47.0,0.01,45.0,0.06,103.0,1.048,2766.0,0.0,-0.001,0.0,0.004,-0.0019,-0.0007,0.038,0.0,0.0,0.0,0.0,no_change,0.07,2026-09-01T13:50:29,0.0,0.034999999217689,229.88,2026-09-04 19:44:26,2026-09-04 15:45:04
NVDA,NVDA261218P00048000,NVDA,2026-12-18,P,48.0,0.01,456.0,0.08,527.0,1.0592,1611.0,2.0,-0.001,0.0,0.0042,-0.002,-0.0007,0.0395,0.03,0.08,0.08,0.08,no_change,0.08,2026-09-04T11:07:15,60.0,0.0500000016763806,229.88,2026-09-04 19:44:26,2026-09-04 15:45:04
NVDA,NVDA261218P00049000,NVDA,2026-12-18,P,49.0,0.01,461.0,0.09,521.0,1.0563,1928.0,6.0,-0.001,0.0,0.0043,-0.002,-0.0008,0.0411,0.035,0.08,0.09,0.08,up,0.09,2026-09-04T13:02:22,63.6364,0.0550000006332994,229.88,2026-09-04 19:44:26,2026-09-04 15:45:04
NVDA,NVDA261218P00050000,NVDA,2026-12-18,P,50.0,0.02,433.0,0.05,383.0,1.008,12999.0,515.0,-0.0011,0.0,0.0045,-0.0021,-0.0008,0.0427,-0.005,0.02,0.05,0.02,no_change,0.04,2026-09-04T14:22:58,-11.1111,0.0449999989941716,229.88,2026-09-04 19:44:26,2026-09-04 15:45:04
NVDA,NVDA261218P00051000,NVDA,2026-12-18,P,51.0,0.01,462.0,0.08,529.0,1.0191,2003.0,61.0,-0.0012,0.0,0.0047,-0.0022,-0.0008,0.0444,-0.04,0.03,0.1,0.03,down,0.04,2026-09-04T14:24:58,-50.0,0.0800000028684735,229.88,2026-09-04 19:44:26,2026-09-04 15:45:04
NVDA,NVDA261218P00052000,NVDA,2026-12-18,P,52.0,0.03,392.0,0.08,530.0,1.0263,1471.0,91.0,-0.0012,0.0,0.0049,-0.0022,-0.0009,0.0461,-0.005,0.04,0.04,0.04,no_change,0.04,2026-09-04T14:33:32,-11.1111,0.0449999989941716,229.88,2026-09-04 19:44:26,2026-09-04 15:45:04
NVDA,NVDA261218P00053000,NVDA,2026-12-18,P,53.0,0.02,368.0,0.08,532.0,1.0039,731.0,22.0,-0.0013,0.0,0.0051,-0.0023,-0.0009,0.0479,-0.05,0.03,0.09,0.03,down,0.03,2026-09-04T13:21:36,-62.5,0.0800000028684735,229.88,2026-09-04 19:44:26,2026-09-04 15:45:04
NVDA,NVDA261218P00054000,NVDA,2026-12-18,P,54.0,0.01,414.0,0.06,359.0,0.9583,1886.0,235.0,-0.0013,0.0,0.0053,-0.0024,-0.001,0.0497,0.02,0.03,0.05,0.03,no_change,0.05,2026-09-04T14:22:47,66.6667,0.0300000002607703,229.88,2026-09-04 19:44:26,2026-09-04 15:45:04
NVDA,NVDA261218P00055000,NVDA,2026-12-18,P,55.0,0.02,451.0,0.08,540.0,0.9793,8436.0,9.0,-0.0014,0.0,0.0055,-0.0024,-0.001,0.0515,-0.005,0.04,0.04,0.03,down,0.03,2026-09-04T13:23:14,-14.2857,0.0350000001490116,229.88,2026-09-04 19:44:26,2026-09-04 15:45:04
NVDA,NVDA261218P00056000,NVDA,2026-12-18,P,56.0,0.01,457.0,0.11,575.0,0.985,1937.0,15.0,-0.0014,0.0,0.0058,-0.0025,-0.001,0.0535,0.02,0.11,0.11,0.05,down,0.05,2026-09-04T13:11:26,66.6667,0.0300000002607703,229.88,2026-09-04 19:44:26,2026-09-04 15:45:04
NVDA,NVDA261218P00057000,NVDA,2026-12-18,P,57.0,0.01,448.0,0.13,646.0,0.9885,5474.0,66.0,-0.0015,0.0,0.006,-0.0026,-0.0011,0.0554,0.005,0.05,0.05,0.05,no_change,0.05,2026-09-04T12:37:43,11.1111,0.0449999999254942,229.88,2026-09-04 19:44:26,2026-09-04 15:45:04
NVDA,NVDA261218P00058000,NVDA,2026-12-18,P,58.0,0.01,458.0,0.1,495.0,0.953,5112.0,9.0,-0.0016,0.0,0.0062,-0.0027,-0.0011,0.0575,0.055,0.04,0.1,0.04,up,0.1,2026-09-04T12:54:07,122.222,0.0449999999254942,229.88,2026-09-04 19:44:26,2026-09-04 15:45:04
NVDA,NVDA261218P00059000,NVDA,2026-12-18,P,59.0,0.01,451.0,0.1,491.0,0.9416,428.0,5.0,-0.0016,0.0,0.0065,-0.0028,-0.0012,0.0595,0.04,0.09,0.1,0.09,no_change,0.1,2026-09-04T13:09:14,66.6667,0.0599999995902181,229.88,2026-09-04 19:44:26,2026-09-04 15:45:04
NVDA,NVDA261218P00060000,NVDA,2026-12-18,P,60.0,0.02,257.0,0.08,153.0,0.9216,13546.0,0.0,-0.0017,0.0,0.0067,-0.0028,-0.0012,0.0617,0.0,0.0,0.0,0.0,down,0.05,2026-09-02T10:00:26,0.0,0.0449999999254942,229.88,2026-09-04 19:44:26,2026-09-04 15:45:04
NVDA,NVDA261218P00061000,NVDA,2026-12-18,P,61.0,0.01,462.0,0.1,527.0,0.9193,1980.0,11.0,-0.0018,0.0,0.007,-0.0029,-0.0013,0.0639,0.015,0.09,0.1,0.09,no_change,0.1,2026-09-04T13:12:02,17.6471,0.084999998100102,229.88,2026-09-04 19:44:26,2026-09-04 15:45:04
NVDA,NVDA261218P00062000,NVDA,2026-12-18,P,62.0,0.01,95.0,0.1,347.0,0.9084,1230.0,0.0,-0.0018,0.0,0.0072,-0.003,-0.0013,0.0662,0.0,0.0,0.0,0.0,no_change,0.06,2026-09-02T13:00:58,0.0,0.0550000006332994,229.88,2026-09-04 19:44:26,2026-09-04 15:45:04
NVDA,NVDA261218P00063000,NVDA,2026-12-18,P,63.0,0.02,454.0,0.11,534.0,0.913,670.0,10.0,-0.0019,0.0,0.0075,-0.0031,-0.0014,0.0686,0.02,0.09,0.11,0.09,no_change,0.11,2026-09-04T13:10:57,22.2222,0.090000000782311,229.88,2026-09-04 19:44:26,2026-09-04 15:45:04
NVDA,NVDA261218P00064000,NVDA,2026-12-18,P,64.0,0.02,46.0,0.1,241.0,0.895,1747.0,0.0,-0.002,0.0001,0.0078,-0.0032,-0.0014,0.071,0.0,0.0,0.0,0.0,down,0.07,2026-09-02T10:14:15,0.0,0.0550000006332994,229.88,2026-09-04 19:44:26,2026-09-04 15:45:04
NVDA,NVDA261218P00065000,NVDA,2026-12-18,P,65.0,0.03,438.0,0.12,551.0,0.9052,15681.0,1.0,-0.0021,0.0001,0.0081,-0.0033,-0.0015,0.0734,0.0,0.06,0.06,0.06,no_change,0.06,2026-09-04T10:11:21,2.23517e-06,0.0599999986588955,229.88,2026-09-04 19:44:26,2026-09-04 15:45:04
NVDA,NVDA261218P00066000,NVDA,2026-12-18,P,66.0,0.02,448.0,0.15,557.0,0.9067,468.0,5.0,-0.0022,0.0001,0.0084,-0.0034,-0.0015,0.076,0.035,0.09,0.11,0.09,no_change,0.11,2026-09-04T13:11:13,46.6667,0.0750000001862645,229.88,2026-09-04 19:44:26,2026-09-04 15:45:04
NVDA,NVDA261218P00067000,NVDA,2026-12-18,P,67.0,0.03,448.0,0.1,523.0,0.8713,1225.0,1.0,-0.0022,0.0001,0.0086,-0.0035,-0.0016,0.0786,0.0,0.1,0.1,0.1,down,0.1,2026-09-04T13:12:28,-3.35276e-06,0.100000003352761,229.88,2026-09-04 19:44:26,2026-09-04 15:45:04
NVDA,NVDA261218P00068000,NVDA,2026-12-18,P,68.0,0.04,45.0,0.11,215.0,0.8742,4394.0,0.0,-0.0023,0.0001,0.009,-0.0036,-0.0017,0.0813,0.0,0.0,0.0,0.0,up,0.06,2026-09-02T11:26:33,0.0,0.0449999989941716,229.88,2026-09-04 19:44:26,2026-09-04 15:45:04
NVDA,NVDA261218P00069000,NVDA,2026-12-18,P,69.0,0.01,446.0,0.11,559.0,0.8445,1547.0,13.0,-0.0024,0.0001,0.0093,-0.0037,-0.0017,0.084,0.01,0.11,0.11,0.06,no_change,0.06,2026-09-04T13:15:38,20.0,0.0500000016763806,229.88,2026-09-04 19:44:26,2026-09-04 15:45:04
NVDA,NVDA261218P00070000,NVDA,2026-12-18,P,70.0,0.04,438.0,0.11,2559.0,0.8543,9878.0,326.0,-0.0025,0.0001,0.0096,-0.0038,-0.0018,0.0869,0.01,0.08,0.09,0.07,no_change,0.08,2026-09-04T13:34:53,14.2857,0.0700000021606684,229.88,2026-09-04 19:44:26,2026-09-04 15:45:04
NVDA,NVDA261218P00071000,NVDA,2026-12-18,P,71.0,0.02,459.0,0.19,772.0,0.876,2706.0,3.0,-0.0026,0.0001,0.01,-0.0039,-0.0019,0.0898,0.04,0.05,0.11,0.05,up,0.11,2026-09-04T13:22:51,57.1429,0.0700000021606684,229.88,2026-09-04 19:44:26,2026-09-04 15:45:04
NVDA,NVDA261218P00072000,NVDA,2026-12-18,P,72.0,0.08,88.0,0.13,528.0,0.8661,14404.0,11.0,-0.0027,0.0001,0.0103,-0.004,-0.0019,0.0928,0.045,0.08,0.12,0.07,up,0.12,2026-09-04T14:20:14,60.0,0.0750000011175871,229.88,2026-09-04 19:44:26,2026-09-04 15:45:04
NVDA,NVDA261218P00073000,NVDA,2026-12-18,P,73.0,0.01,436.0,0.2,809.0,0.8564,612.0,3.0,-0.0028,0.0001,0.0107,-0.0041,-0.002,0.0958,0.07,0.1,0.12,0.1,up,0.12,2026-09-04T13:23:12,140.0,0.0500000016763806,229.88,2026-09-04 19:44:26,2026-09-04 15:45:04
NVDA,NVDA261218P00074000,NVDA,2026-12-18,P,74.0,0.01,445.0,0.2,796.0,0.8467,991.0,1.0,-0.0029,0.0001,0.0111,-0.0042,-0.0021,0.099,0.065,0.12,0.12,0.12,up,0.12,2026-09-04T13:23:01,118.182,0.0550000006332994,229.88,2026-09-04 19:44:26,2026-09-04 15:45:04
NVDA,NVDA261218P00075000,NVDA,2026-12-18,P,75.0,0.05,439.0,0.12,553.0,0.818,18379.0,206.0,-0.003,0.0001,0.0114,-0.0043,-0.0022,0.1022,-0.025,0.07,0.1,0.06,down,0.06,2026-09-04T12:08:33,-29.4118,0.0850000008940697,229.88,2026-09-04 19:44:26,2026-09-04 15:45:04
NVDA,NVDA261218P00076000,NVDA,2026-12-18,P,76.0,0.01,533.0,0.21,834.0,0.8322,2339.0,2.0,-0.0031,0.0001,0.0118,-0.0044,-0.0022,0.1056,0.005,0.06,0.06,0.06,down,0.06,2026-09-04T11:18:39,9.09091,0.0550000006332994,229.88,2026-09-04 19:44:26,2026-09-04 15:45:04
NVDA,NVDA261218P00077000,NVDA,2026-12-18,P,77.0,0.01,372.0,0.21,443.0,0.8229,2008.0,0.0,-0.0033,0.0001,0.0123,-0.0045,-0.0023,0.109,0.0,0.0,0.0,0.0,down,0.06,2026-09-03T14:20:32,0.0,0.0550000006332994,229.88,2026-09-04 19:44:26,2026-09-04 15:45:04
NVDA,NVDA261218P00078000,NVDA,2026-12-18,P,78.0,0.01,557.0,0.21,604.0,0.8137,2106.0,2.0,-0.0034,0.0001,0.0127,-0.0046,-0.0024,0.1126,0.0,0.06,0.06,0.06,down,0.06,2026-09-04T10:52:23,6.8297e-07,0.0599999995902181,229.88,2026-09-04 19:44:26,2026-09-04 15:45:04
NVDA,NVDA261218P00079000,NVDA,2026-12-18,P,79.0,0.07,390.0,0.13,574.0,0.7961,826.0,3.0,-0.0035,0.0001,0.0131,-0.0048,-0.0025,0.1162,0.0,0.08,0.08,0.08,down,0.08,2026-09-04T13:00:24,-9.31323e-08,0.0800000000745058,229.88,2026-09-04 19:44:26,2026-09-04 15:45:04
NVDA,NVDA261218P00080000,NVDA,2026-12-18,P,80.0,0.08,440.0,0.13,582.0,0.7916,13731.0,37.0,-0.0036,0.0001,0.0135,-0.0049,-0.0026,0.12,-0.005,0.1,0.13,0.09,down,0.09,2026-09-04T14:40:25,-5.26316,0.0949999988079071,229.88,2026-09-04 19:44:26,2026-09-04 15:45:04
NVDA,NVDA261218P00081000,NVDA,2026-12-18,P,81.0,0.03,658.0,0.19,612.0,0.7869,1882.0,0.0,-0.0038,0.0001,0.0139,-0.005,-0.0027,0.1238,0.0,0.0,0.0,0.0,up,0.14,2026-08-28T15:31:31,0.0,0.120000001043081,229.88,2026-09-04 19:44:26,2026-09-04 15:45:04
NVDA,NVDA261218P00082000,NVDA,2026-12-18,P,82.0,0.05,332.0,0.2,754.0,0.7897,3175.0,0.0,-0.0039,0.0001,0.0144,-0.0052,-0.0028,0.1277,0.0,0.0,0.0,0.0,no_change,0.13,2026-09-01T14:04:21,0.0,0.125000001862645,229.88,2026-09-04 19:44:26,2026-09-04 15:45:04
NVDA,NVDA261218P00083000,NVDA,2026-12-18,P,83.0,0.04,540.0,0.2,549.0,0.7773,1133.0,0.0,-0.004,0.0001,0.0148,-0.0053,-0.0029,0.1318,0.0,0.0,0.0,0.0,down,0.13,2026-09-02T11:37:22,0.0,0.124999999068677,229.88,2026-09-04 19:44:26,2026-09-04 15:45:04
NVDA,NVDA261218P00084000,NVDA,2026-12-18,P,84.0,0.08,278.0,0.2,665.0,0.7827,1168.0,0.0,-0.0042,0.0001,0.0153,-0.0054,-0.003,0.1359,0.0,0.0,0.0,0.0,no_change,0.09,2026-09-01T14:04:00,0.0,0.12499999627471,229.88,2026-09-04 19:44:26,2026-09-04 15:45:04
NVDA,NVDA261218P00085000,NVDA,2026-12-18,P,85.0,0.09,435.0,0.16,524.0,0.7638,8405.0,570.0,-0.0044,0.0001,0.0158,-0.0056,-0.0031,0.1402,-0.01,0.11,0.14,0.1,no_change,0.11,2026-09-04T12:24:28,-8.33333,0.120000001043081,229.88,2026-09-04 19:44:26,2026-09-04 15:45:04
NVDA,NVDA261218P00086000,NVDA,2026-12-18,P,86.0,0.05,749.0,0.21,694.0,0.7589,4124.0,0.0,-0.0045,0.0001,0.0163,-0.0057,-0.0032,0.1445,0.0,0.0,0.0,0.0,down,0.12,2026-08-28T13:42:36,0.0,0.139999996870756,229.88,2026-09-04 19:44:26,2026-09-04 15:45:04
NVDA,NVDA261218P00087000,NVDA,2026-12-18,P,87.0,0.07,442.0,0.22,909.0,0.7604,769.0,1.0,-0.0047,0.0001,0.0168,-0.0058,-0.0033,0.149,-0.005,0.14,0.14,0.14,up,0.14,2026-09-04T15:20:00,-3.44828,0.144999999552965,229.88,2026-09-04 19:44:26,2026-09-04 15:45:04
NVDA,NVDA261218P00088000,NVDA,2026-12-18,P,88.0,0.06,726.0,0.18,686.0,0.7354,998.0,0.0,-0.0048,0.0001,0.0174,-0.006,-0.0034,0.1536,0.0,0.0,0.0,0.0,down,0.12,2026-08-28T13:44:02,0.0,0.115000003948808,229.88,2026-09-04 19:44:26,2026-09-04 15:45:04
NVDA,NVDA261218P00089000,NVDA,2026-12-18,P,89.0,0.11,215.0,0.26,777.0,0.7663,7723.0,0.0,-0.005,0.0002,0.0179,-0.0061,-0.0035,0.1584,0.0,0.0,0.0,0.0,down,0.19,2026-08-26T13:25:43,0.0,0.139999996870756,229.88,2026-09-04 19:44:26,2026-09-04 15:45:04
NVDA,NVDA261218P00090000,NVDA,2026-12-18,P,90.0,0.11,431.0,0.17,544.0,0.7325,19103.0,4.0,-0.0052,0.0002,0.0185,-0.0063,-0.0036,0.1632,0.03,0.15,0.18,0.13,up,0.18,2026-09-04T14:17:03,20.0,0.149999998509884,229.88,2026-09-04 19:44:26,2026-09-04 15:45:04
NVDA,NVDA261218P00091000,NVDA,2026-12-18,P,91.0,0.07,564.0,0.23,606.0,0.7305,2086.0,0.0,-0.0054,0.0002,0.0191,-0.0064,-0.0038,0.1682,0.0,0.0,0.0,0.0,down,0.19,2026-08-26T13:31:05,0.0,0.144999999552965,229.88,2026-09-04 19:44:26,2026-09-04 15:45:04
NVDA,NVDA261218P00092000,NVDA,2026-12-18,P,92.0,0.07,405.0,0.24,359.0,0.7254,2395.0,0.0,-0.0055,0.0002,0.0197,-0.0066,-0.0039,0.1734,0.0,0.0,0.0,0.0,no_change,0.24,2026-08-28T13:21:37,0.0,0.154999995604157,229.88,2026-09-04 19:44:26,2026-09-04 15:45:04
NVDA,NVDA261218P00093000,NVDA,2026-12-18,P,93.0,0.07,372.0,0.27,283.0,0.7257,2452.0,0.0,-0.0057,0.0002,0.0204,-0.0067,-0.004,0.1786,0.0,0.0,0.0,0.0,no_change,0.14,2026-08-28T13:21:40,0.0,0.16499999538064,229.88,2026-09-04 19:44:26,2026-09-04 15:45:04
NVDA,NVDA261218P00094000,NVDA,2026-12-18,P,94.0,0.09,657.0,0.25,672.0,0.7179,996.0,0.0,-0.0059,0.0002,0.021,-0.0069,-0.0042,0.184,0.0,0.0,0.0,0.0,up,0.19,2026-09-01T12:39:09,0.0,0.160000000149012,229.88,2026-09-04 19:44:26,2026-09-04 15:45:04
NVDA,NVDA261218P00095000,NVDA,2026-12-18,P,95.0,0.15,439.0,0.29,842.0,0.7336,5839.0,26.0,-0.0061,0.0002,0.0216,-0.007,-0.0043,0.1896,-0.005,0.16,0.19,0.16,down,0.17,2026-09-04T10:10:20,-2.85715,0.175000004470348,229.88,2026-09-04 19:44:26,2026-09-04 15:45:04
NVDA,NVDA261218P00096000,NVDA,2026-12-18,P,96.0,0.1,861.0,0.29,923.0,0.7144,2006.0,2.0,-0.0064,0.0002,0.0223,-0.0072,-0.0045,0.1954,-0.01,0.18,0.18,0.18,down,0.18,2026-09-04T12:09:54,-5.26316,0.190000005066395,229.88,2026-09-04 19:44:26,2026-09-04 15:45:04
NVDA,NVDA261218P00097000,NVDA,2026-12-18,P,97.0,0.11,720.0,0.27,692.0,0.7043,1327.0,0.0,-0.0066,0.0002,0.0229,-0.0074,-0.0046,0.2013,0.0,0.0,0.0,0.0,down,0.18,2026-09-02T11:15:39,0.0,0.179999999701977,229.88,2026-09-04 19:44:26,2026-09-04 15:45:04
NVDA,NVDA261218P00098000,NVDA,2026-12-18,P,98.0,0.09,429.0,0.3,364.0,0.6989,940.0,0.0,-0.0068,0.0002,0.0236,-0.0075,-0.0048,0.2073,0.0,0.0,0.0,0.0,no_change,0.25,2026-08-31T11:09:16,0.0,0.190000005066395,229.88,2026-09-04 19:44:26,2026-09-04 15:45:04
NVDA,NVDA261218P00099000,NVDA,2026-12-18,P,99.0,0.12,599.0,0.24,583.0,0.6842,2673.0,0.0,-0.007,0.0002,0.0243,-0.0077,-0.0049,0.2135,0.0,0.0,0.0,0.0,down,0.14,2026-09-03T11:01:13,0.0,0.179999999701977,229.88,2026-09-04 19:44:26,2026-09-04 15:45:04
NVDA,NVDA261218P00100000,NVDA,2026-12-18,P,100.0,0.18,434.0,0.24,508.0,0.6902,28485.0,102.0,-0.0073,0.0002,0.025,-0.0079,-0.0051,0.2198,0.005,0.2,0.22,0.19,up,0.21,2026-09-04T14:05:39,2.43903,0.204999998211861,229.88,2026-09-04 19:44:26,2026-09-04 15:45:04
NVDA,NVDA261218P00101000,NVDA,2026-12-18,P,101.0,0.18,438.0,0.29,892.0,0.6928,5317.0,1.0,-0.0075,0.0002,0.0258,-0.0081,-0.0052,0.2264,-0.015,0.19,0.19,0.19,down,0.19,2026-09-04T14:14:22,-7.31707,0.204999998211861,229.88,2026-09-04 19:44:26,2026-09-04 15:45:04
NVDA,NVDA261218P00102000,NVDA,2026-12-18,P,102.0,0.2,139.0,0.27,385.0,0.6852,931.0,2.0,-0.0078,0.0002,0.0265,-0.0083,-0.0054,0.2331,0.035,0.23,0.23,0.23,up,0.23,2026-09-04T14:55:59,17.9487,0.195000000298023,229.88,2026-09-04 19:44:26,2026-09-04 15:45:04
NVDA,NVDA261218P00103000,NVDA,2026-12-18,P,103.0,0.17,572.0,0.34,916.0,0.6853,1569.0,10.0,-0.008,0.0003,0.0273,-0.0084,-0.0056,0.2399,-0.015,0.2,0.2,0.2,down,0.2,2026-09-04T09:30:01,-6.97675,0.215000003576279,229.88,2026-09-04 19:44:26,2026-09-04 15:45:04
NVDA,NVDA261218P00104000,NVDA,2026-12-18,P,104.0,0.22,137.0,0.28,318.0,0.6759,780.0,2.0,-0.0083,0.0003,0.0281,-0.0086,-0.0058,0.247,0.055,0.25,0.25,0.25,up,0.25,2026-09-04T14:55:59,28.2051,0.195000000298023,229.88,2026-09-04 19:44:26,2026-09-04 15:45:04
NVDA,NVDA261218P00105000,NVDA,2026-12-18,P,105.0,0.16,616.0,0.32,778.0,0.6648,5939.0,2.0,-0.0086,0.0003,0.0289,-0.0088,-0.006,0.2542,-0.005,0.24,0.24,0.23,down,0.23,2026-09-04T11:20:10,-2.12766,0.234999999403954,229.88,2026-09-04 19:44:26,2026-09-04 15:45:04
NVDA,NVDA261218P00106000,NVDA,2026-12-18,P,106.0,0.17,650.0,0.31,552.0,0.6575,864.0,0.0,-0.0088,0.0003,0.0298,-0.009,-0.0062,0.2616,0.0,0.0,0.0,0.0,down,0.27,2026-08-31T12:35:25,0.0,0.21000000089407,229.88,2026-09-04 19:44:26,2026-09-04 15:45:04
NVDA,NVDA261218P00107000,NVDA,2026-12-18,P,107.0,0.18,545.0,0.37,822.0,0.6625,1533.0,0.0,-0.0092,0.0003,0.0307,-0.0092,-0.0064,0.2693,0.0,0.0,0.0,0.0,no_change,0.25,2026-09-03T12:39:44,0.0,0.250000007450581,229.88,2026-09-04 19:44:26,2026-09-04 15:45:04
NVDA,NVDA261218P00108000,NVDA,2026-12-18,P,108.0,0.18,394.0,0.34,248.0,0.6501,2551.0,0.0,-0.0094,0.0003,0.0317,-0.0094,-0.0066,0.2771,0.0,0.0,0.0,0.0,down,0.26,2026-09-02T15:56:14,0.0,0.230000004172325,229.88,2026-09-04 19:44:26,2026-09-04 15:45:04
NVDA,NVDA261218P00109000,NVDA,2026-12-18,P,109.0,0.19,764.0,0.38,750.0,0.6512,622.0,0.0,-0.0098,0.0003,0.0326,-0.0096,-0.0068,0.2852,0.0,0.0,0.0,0.0,no_change,0.27,2026-09-02T15:55:18,0.0,0.234999999403954,229.88,2026-09-04 19:44:26,2026-09-04 15:45:04
NVDA,NVDA261218P00110000,NVDA,2026-12-18,P,110.0,0.28,400.0,0.33,538.0,0.6501,18718.0,54.0,-0.0101,0.0003,0.0336,-0.0098,-0.007,0.2935,0.065,0.25,0.34,0.25,up,0.34,2026-09-04T15:14:20,23.6364,0.274999991059303,229.88,2026-09-04 19:44:26,2026-09-04 15:45:04
NVDA,NVDA261218P00111000,NVDA,2026-12-18,P,111.0,0.21,761.0,0.37,706.0,0.6384,768.0,0.0,-0.0104,0.0004,0.0345,-0.0101,-0.0073,0.3021,0.0,0.0,0.0,0.0,no_change,0.28,2026-09-02T15:55:18,0.0,0.240000009536743,229.88,2026-09-04 19:44:26,2026-09-04 15:45:04
NVDA,NVDA261218P00112000,NVDA,2026-12-18,P,112.0,0.26,287.0,0.4,666.0,0.6429,3833.0,1.0,-0.0108,0.0004,0.0355,-0.0103,-0.0075,0.311,0.05,0.32,0.32,0.32,up,0.32,2026-09-04T14:56:17,18.5185,0.270000003278255,229.88,2026-09-04 19:44:26,2026-09-04 15:45:04
NVDA,NVDA261218P00113000,NVDA,2026-12-18,P,113.0,0.31,69.0,0.33,211.0,0.6331,3303.0,0.0,-0.0111,0.0004,0.0365,-0.0105,-0.0077,0.3199,0.0,0.0,0.0,0.0,down,0.3,2026-09-03T12:06:56,0.0,0.259999997913837,229.88,2026-09-04 19:44:26,2026-09-04 15:45:04
NVDA,NVDA261218P00114000,NVDA,2026-12-18,P,114.0,0.29,54.0,0.34,229.0,0.6245,2178.0,0.0,-0.0115,0.0004,0.0375,-0.0107,-0.008,0.3293,0.0,0.0,0.0,0.0,up,0.32,2026-09-03T10:32:18,0.0,0.290000006556511,229.88,2026-09-04 19:44:26,2026-09-04 15:45:04
NVDA,NVDA261218P00115000,NVDA,2026-12-18,P,115.0,0.24,761.0,0.38,535.0,0.6162,6575.0,68.0,-0.0119,0.0004,0.0385,-0.011,-0.0082,0.3388,0.01,0.31,0.36,0.31,down,0.34,2026-09-04T10:11:01,3.0303,0.329999998211861,229.88,2026-09-04 19:44:26,2026-09-04 15:45:04
NVDA,NVDA261218P00116000,NVDA,2026-12-18,P,116.0,0.26,403.0,0.36,212.0,0.6092,4857.0,0.0,-0.0122,0.0004,0.0396,-0.0112,-0.0085,0.3486,0.0,0.0,0.0,0.0,down,0.31,2026-09-03T10:25:14,0.0,0.310000002384186,229.88,2026-09-04 19:44:26,2026-09-04 15:45:04
NVDA,NVDA261218P00117000,NVDA,2026-12-18,P,117.0,0.34,142.0,0.46,550.0,0.6255,1842.0,1.0,-0.0126,0.0004,0.0407,-0.0114,-0.0088,0.3586,0.1,0.4,0.4,0.4,up,0.4,2026-09-04T14:56:17,33.3333,0.300000004470348,229.88,2026-09-04 19:44:26,2026-09-04 15:45:04
NVDA,NVDA261218P00118000,NVDA,2026-12-18,P,118.0,0.35,109.0,0.47,586.0,0.6208,1862.0,0.0,-0.0131,0.0004,0.0418,-0.0117,-0.0091,0.369,0.0,0.0,0.0,0.0,down,0.37,2026-09-02T13:39:02,0.0,0.340000003576279,229.88,2026-09-04 19:44:26,2026-09-04 15:45:04
NVDA,NVDA261218P00119000,NVDA,2026-12-18,P,119.0,0.27,509.0,0.39,235.0,0.5942,1286.0,0.0,-0.0135,0.0005,0.043,-0.0119,-0.0094,0.3798,0.0,0.0,0.0,0.0,down,0.39,2026-09-02T13:42:22,0.0,0.364999994635582,229.88,2026-09-04 19:44:26,2026-09-04 15:45:04
NVDA,NVDA261218P00120000,NVDA,2026-12-18,P,120.0,0.37,300.0,0.41,665.0,0.6023,20759.0,34.0,-0.0139,0.0005,0.0442,-0.0122,-0.0096,0.3906,0.005,0.37,0.39,0.37,up,0.39,2026-09-04T15:08:26,1.2987,0.385000005364418,229.88,2026-09-04 19:44:26,2026-09-04 15:45:04
NVDA,NVDA261218P00121000,NVDA,2026-12-18,P,121.0,0.37,42.0,0.42,152.0,0.5966,895.0,0.0,-0.0144,0.0005,0.0455,-0.0124,-0.01,0.4019,0.0,0.0,0.0,0.0,no_change,0.41,2026-09-02T09:41:13,0.0,0.384999990463257,229.88,2026-09-04 19:44:26,2026-09-04 15:45:04
NVDA,NVDA261218P00122000,NVDA,2026-12-18,P,122.0,0.39,300.0,0.43,556.0,0.5932,1581.0,2.0,-0.0148,0.0005,0.0468,-0.0127,-0.0103,0.4135,-0.025,0.4,0.42,0.4,up,0.42,2026-09-04T14:56:30,-5.61798,0.445000007748604,229.88,2026-09-04 19:44:26,2026-09-04 15:45:04
NVDA,NVDA261218P00123000,NVDA,2026-12-18,P,123.0,0.42,42.0,0.52,537.0,0.5992,1445.0,3.0,-0.0153,0.0005,0.0481,-0.013,-0.0106,0.4253,0.06,0.43,0.47,0.43,up,0.47,2026-09-04T14:56:30,14.6341,0.409999996423721,229.88,2026-09-04 19:44:26,2026-09-04 15:45:04
NVDA,NVDA261218P00124000,NVDA,2026-12-18,P,124.0,0.37,438.0,0.46,548.0,0.5809,7570.0,45.0,-0.0158,0.0006,0.0496,-0.0132,-0.0109,0.4377,-0.015,0.43,0.43,0.43,down,0.43,2026-09-04T12:48:58,-3.37078,0.444999992847443,229.88,2026-09-04 19:44:26,2026-09-04 15:45:04
NVDA,NVDA261218P00125000,NVDA,2026-12-18,P,125.0,0.42,434.0,0.47,651.0,0.5805,18615.0,1040.0,-0.0163,0.0006,0.051,-0.0135,-0.0113,0.4504,0.0,0.44,0.46,0.43,up,0.45,2026-09-04T14:47:15,-6.62274e-07,0.450000002980232,229.88,2026-09-04 19:44:26,2026-09-04 15:45:04
NVDA,NVDA261218P00126000,NVDA,2026-12-18,P,126.0,0.39,432.0,0.48,533.0,0.5718,2982.0,16.0,-0.0169,0.0006,0.0524,-0.0138,-0.0117,0.4636,-0.01,0.45,0.46,0.45,up,0.46,2026-09-04T12:24:12,-2.12766,0.469999998807907,229.88,2026-09-04 19:44:26,2026-09-04 15:45:04
NVDA,NVDA261218P00127000,NVDA,2026-12-18,P,127.0,0.45,41.0,0.49,41.0,0.5721,3288.0,1.0,-0.0174,0.0006,0.0538,-0.0141,-0.012,0.4772,0.01,0.49,0.49,0.49,down,0.49,2026-09-04T12:56:31,2.08333,0.480000004172325,229.88,2026-09-04 19:44:26,2026-09-04 15:45:04
NVDA,NVDA261218P00128000,NVDA,2026-12-18,P,128.0,0.42,433.0,0.51,548.0,0.5645,1420.0,2.0,-0.018,0.0006,0.0552,-0.0144,-0.0124,0.4912,0.005,0.47,0.48,0.47,up,0.48,2026-09-04T13:43:43,1.05263,0.474999994039536,229.88,2026-09-04 19:44:26,2026-09-04 15:45:04
NVDA,NVDA261218P00129000,NVDA,2026-12-18,P,129.0,0.47,437.0,0.53,538.0,0.5645,1636.0,11.0,-0.0186,0.0006,0.0567,-0.0147,-0.0128,0.5056,-0.02,0.49,0.49,0.49,no_change,0.49,2026-09-04T12:24:33,-3.92157,0.510000005364418,229.88,2026-09-04 19:44:26,2026-09-04 15:45:04
NVDA,NVDA261218P00130000,NVDA,2026-12-18,P,130.0,0.5,537.0,0.54,660.0,0.5615,13931.0,412.0,-0.0192,0.0007,0.0582,-0.015,-0.0132,0.5205,-0.04,0.53,0.53,0.47,down,0.48,2026-09-04T13:25:40,-7.69231,0.520000010728836,229.88,2026-09-04 19:44:26,2026-09-04 15:45:04
NVDA,NVDA261218P00132000,NVDA,2026-12-18,P,132.0,0.46,391.0,0.57,194.0,0.5476,3176.0,3.0,-0.0204,0.0007,0.0615,-0.0156,-0.0141,0.5517,0.0,0.53,0.53,0.52,down,0.52,2026-09-04T12:24:12,8.0237e-07,0.519999995827675,229.88,2026-09-04 19:44:26,2026-09-04 15:45:04
NVDA,NVDA261218P00134000,NVDA,2026-12-18,P,134.0,0.52,423.0,0.61,541.0,0.5431,3380.0,12.0,-0.0218,0.0008,0.0649,-0.0163,-0.015,0.5849,-0.01,0.5,0.58,0.5,up,0.58,2026-09-04T12:56:31,-1.69492,0.590000003576279,229.88,2026-09-04 19:44:26,2026-09-04 15:45:04
NVDA,NVDA261218P00135000,NVDA,2026-12-18,P,135.0,0.57,427.0,0.62,639.0,0.5413,7587.0,3.0,-0.0225,0.0008,0.0667,-0.0166,-0.0155,0.6027,-0.08,0.57,0.6,0.53,down,0.53,2026-09-04T13:22:33,-13.1148,0.609999984502792,229.88,2026-09-04 19:44:26,2026-09-04 15:45:04
NVDA,NVDA261218P00136000,NVDA,2026-12-18,P,136.0,0.58,427.0,0.64,527.0,0.5371,1815.0,2.0,-0.0233,0.0008,0.0686,-0.017,-0.016,0.6209,-0.055,0.62,0.62,0.58,down,0.58,2026-09-04T12:24:33,-8.66142,0.635000020265579,229.88,2026-09-04 19:44:26,2026-09-04 15:45:04
NVDA,NVDA261218P00138000,NVDA,2026-12-18,P,138.0,0.62,170.0,0.68,61.0,0.5302,4136.0,1.0,-0.0248,0.0009,0.0727,-0.0177,-0.017,0.6594,0.025,0.65,0.65,0.65,down,0.65,2026-09-04T12:56:02,4.0,0.625,229.88,2026-09-04 19:44:26,2026-09-04 15:45:04
NVDA,NVDA261218P00140000,NVDA,2026-12-18,P,140.0,0.67,426.0,0.72,612.0,0.5235,17862.0,79.0,-0.0265,0.001,0.0769,-0.0185,-0.0182,0.7011,0.0,0.73,0.73,0.67,up,0.71,2026-09-04T13:16:43,-1.1753e-06,0.71000000834465,229.88,2026-09-04 19:44:26,2026-09-04 15:45:04
NVDA,NVDA261218P00142000,NVDA,2026-12-18,P,142.0,0.65,413.0,0.77,78.0,0.5127,2321.0,0.0,-0.0284,0.001,0.0811,-0.0193,-0.0194,0.7461,0.0,0.0,0.0,0.0,down,0.75,2026-09-03T09:54:35,0.0,0.739999979734421,229.88,2026-09-04 19:44:26,2026-09-04 15:45:04
NVDA,NVDA261218P00144000,NVDA,2026-12-18,P,144.0,0.69,561.0,0.82,96.0,0.5057,2322.0,2.0,-0.0303,0.0011,0.0856,-0.0201,-0.0208,0.7947,-0.09,0.75,0.75,0.75,down,0.75,2026-09-04T10:15:47,-10.7143,0.840000003576279,229.88,2026-09-04 19:44:26,2026-09-04 15:45:04
NVDA,NVDA261218P00145000,NVDA,2026-12-18,P,145.0,0.8,526.0,0.84,195.0,0.5072,8456.0,91.0,-0.0314,0.0011,0.088,-0.0206,-0.0215,0.8205,-0.01,0.78,0.82,0.78,up,0.82,2026-09-04T14:43:37,-1.20482,0.830000013113022,229.88,2026-09-04 19:44:26,2026-09-04 15:45:04
NVDA,NVDA261218P00146000,NVDA,2026-12-18,P,146.0,0.8,221.0,0.87,77.0,0.5026,4719.0,0.0,-0.0324,0.0012,0.0905,-0.021,-0.0222,0.8473,0.0,0.0,0.0,0.0,down,0.86,2026-09-03T09:54:35,0.0,0.870000004768372,229.88,2026-09-04 19:44:26,2026-09-04 15:45:04
NVDA,NVDA261218P00148000,NVDA,2026-12-18,P,148.0,0.8,544.0,0.93,431.0,0.4933,4562.0,79.0,-0.0347,0.0012,0.0957,-0.022,-0.0237,0.9044,-0.01,0.86,0.9,0.84,up,0.9,2026-09-04T14:39:15,-1.0989,0.909999996423721,229.88,2026-09-04 19:44:26,2026-09-04 15:45:04
NVDA,NVDA261218P00150000,NVDA,2026-12-18,P,150.0,0.96,556.0,1.0,517.0,0.493,26586.0,299.0,-0.0372,0.0013,0.1013,-0.023,-0.0253,0.9656,-0.01,0.95,0.97,0.91,no_change,0.97,2026-09-04T15:24:45,-1.02041,0.979999989271164,229.88,2026-09-04 19:44:26,2026-09-04 15:45:04
NVDA,NVDA261218P00152000,NVDA,2026-12-18,P,152.0,0.99,172.0,1.06,70.0,0.4845,2024.0,0.0,-0.0399,0.0014,0.1075,-0.024,-0.0273,1.0343,0.0,0.0,0.0,0.0,up,1.06,2026-09-03T13:30:37,0.0,1.03500002622604,229.88,2026-09-04 19:44:26,2026-09-04 15:45:04
NVDA,NVDA261218P00154000,NVDA,2026-12-18,P,154.0,1.06,174.0,1.13,95.0,0.4784,1620.0,0.0,-0.0428,0.0015,0.1136,-0.0252,-0.0292,1.1086,0.0,0.0,0.0,0.0,up,1.11,2026-09-03T14:30:49,0.0,1.12000000476837,229.88,2026-09-04 19:44:26,2026-09-04 15:45:04
NVDA,NVDA261218P00155000,NVDA,2026-12-18,P,155.0,1.1,399.0,1.17,294.0,0.4757,13030.0,170.0,-0.0443,0.0016,0.1167,-0.0258,-0.0302,1.1483,-0.04,1.06,1.12,1.06,no_change,1.12,2026-09-04T13:47:58,-3.44827,1.1599999666214,229.88,2026-09-04 19:44:26,2026-09-04 15:45:04
NVDA,NVDA261218P00156000,NVDA,2026-12-18,P,156.0,1.07,393.0,1.27,208.0,0.4724,1759.0,10.0,-0.0459,0.0016,0.12,-0.0264,-0.0313,1.1896,-0.075,1.1,1.1,1.09,up,1.1,2026-09-04T09:38:49,-6.38298,1.17500001192093,229.88,2026-09-04 19:44:26,2026-09-04 15:45:04
NVDA,NVDA261218P00158000,NVDA,2026-12-18,P,158.0,1.22,204.0,1.3,90.0,0.4673,3516.0,45.0,-0.0493,0.0018,0.127,-0.0276,-0.0335,1.278,-0.08,1.22,1.22,1.18,no_change,1.19,2026-09-04T11:03:43,-6.29922,1.27000004053116,229.88,2026-09-04 19:44:26,2026-09-04 15:45:04
NVDA,NVDA261218P00160000,NVDA,2026-12-18,P,160.0,1.35,481.0,1.4,297.0,0.4636,42962.0,237.0,-0.053,0.0019,0.1345,-0.029,-0.036,1.3745,-0.025,1.29,1.42,1.26,down,1.37,2026-09-04T15:29:17,-1.79211,1.39499998092651,229.88,2026-09-04 19:44:26,2026-09-04 15:45:04
NVDA,NVDA261218P00162000,NVDA,2026-12-18,P,162.0,1.43,341.0,1.5,296.0,0.4576,3851.0,168.0,-0.057,0.002,0.1427,-0.0304,-0.0386,1.4805,-0.1,1.39,1.46,1.36,down,1.42,2026-09-04T12:55:27,-6.57895,1.52000004053116,229.88,2026-09-04 19:44:26,2026-09-04 15:45:04
NVDA,NVDA261218P00164000,NVDA,2026-12-18,P,164.0,1.55,152.0,1.61,40.0,0.4528,9620.0,200.0,-0.0613,0.0022,0.151,-0.0319,-0.0416,1.5966,-0.085,1.47,1.54,1.46,up,1.53,2026-09-04T12:40:30,-5.26316,1.61500000953674,229.88,2026-09-04 19:44:26,2026-09-04 15:45:04
NVDA,NVDA261218P00165000,NVDA,2026-12-18,P,165.0,1.62,434.0,1.68,295.0,0.4511,21903.0,243.0,-0.0635,0.0022,0.155,-0.0326,-0.0431,1.6588,-0.055,1.54,1.62,1.48,no_change,1.62,2026-09-04T13:42:22,-3.28358,1.67500001192093,229.88,2026-09-04 19:44:26,2026-09-04 15:45:04
NVDA,NVDA261218P00166000,NVDA,2026-12-18,P,166.0,1.69,308.0,1.74,253.0,0.4489,2006.0,81.0,-0.0659,0.0023,0.1594,-0.0334,-0.0447,1.7236,-0.07,1.56,1.72,1.56,up,1.72,2026-09-04T15:26:36,-3.91062,1.79000002145767,229.88,2026-09-04 19:44:26,2026-09-04 15:45:04
NVDA,NVDA261218P00167000,NVDA,2026-12-18,P,167.0,1.74,326.0,1.81,231.0,0.4463,4292.0,105.0,-0.0683,0.0024,0.1639,-0.0342,-0.0463,1.7913,-0.155,1.65,1.67,1.63,down,1.64,2026-09-04T12:22:36,-8.6351,1.7950000166893,229.88,2026-09-04 19:44:26,2026-09-04 15:45:04
NVDA,NVDA261218P00168000,NVDA,2026-12-18,P,168.0,1.77,193.0,1.88,53.0,0.443,2600.0,28.0,-0.0709,0.0025,0.1685,-0.035,-0.048,1.862,-0.22,1.69,1.73,1.68,up,1.72,2026-09-04T12:15:41,-11.3402,1.93999999761581,229.88,2026-09-04 19:44:26,2026-09-04 15:45:04
NVDA,NVDA261218P00169000,NVDA,2026-12-18,P,169.0,1.87,191.0,1.95,47.0,0.4416,3460.0,28.0,-0.0735,0.0026,0.1733,-0.0359,-0.0498,1.9359,-0.175,1.79,1.8,1.76,down,1.77,2026-09-04T12:15:41,-8.99743,1.94499999284744,229.88,2026-09-04 19:44:26,2026-09-04 15:45:04
NVDA,NVDA261218P00170000,NVDA,2026-12-18,P,170.0,1.97,326.0,2.03,179.0,0.4406,18711.0,537.0,-0.0762,0.0026,0.1782,-0.0367,-0.0514,2.011,-0.07,1.84,1.97,1.79,up,1.97,2026-09-04T13:10:00,-3.43137,2.03999996185303,229.88,2026-09-04 19:44:26,2026-09-04 15:45:04
NVDA,NVDA261218P00171000,NVDA,2026-12-18,P,171.0,1.95,168.0,2.11,41.0,0.4356,3395.0,4.0,-0.0791,0.0027,0.1833,-0.0377,-0.0534,2.0939,-0.25,1.86,1.86,1.86,no_change,1.86,2026-09-04T10:36:27,-11.8483,2.11000001430511,229.88,2026-09-04 19:44:26,2026-09-04 15:45:04
NVDA,NVDA261218P00172000,NVDA,2026-12-18,P,172.0,2.14,326.0,2.23,326.0,0.4376,2938.0,2.0,-0.082,0.0028,0.1888,-0.0386,-0.0554,2.1782,-0.17,2.0,2.02,2.0,up,2.02,2026-09-04T11:54:55,-7.76256,2.19000005722046,229.88,2026-09-04 19:44:26,2026-09-04 15:45:04
NVDA,NVDA261218P00173000,NVDA,2026-12-18,P,173.0,2.18,160.0,2.29,71.0,0.4338,3086.0,0.0,-0.0851,0.0029,0.1939,-0.0395,-0.0576,2.2666,0.0,0.0,0.0,0.0,down,2.56,2026-09-02T13:41:35,0.0,2.28999996185303,229.88,2026-09-04 19:44:26,2026-09-04 15:45:04
NVDA,NVDA261218P00174000,NVDA,2026-12-18,P,174.0,2.31,229.0,2.38,58.0,0.4329,2838.0,82.0,-0.0883,0.003,0.199,-0.0404,-0.0596,2.3588,-0.04,2.34,2.35,2.32,down,2.33,2026-09-04T14:48:08,-1.68776,2.37000000476837,229.88,2026-09-04 19:44:26,2026-09-04 15:45:04
NVDA,NVDA261218P00175000,NVDA,2026-12-18,P,175.0,2.4,428.0,2.48,318.0,0.4313,13241.0,708.0,-0.0914,0.0031,0.2041,-0.0414,-0.0618,2.4526,-0.045,2.3,2.45,2.15,up,2.44,2026-09-04T15:26:36,-1.81087,2.48500001430511,229.88,2026-09-04 19:44:26,2026-09-04 15:45:04
NVDA,NVDA261218P00176000,NVDA,2026-12-18,P,176.0,2.51,352.0,2.58,318.0,0.4296,2276.0,447.0,-0.0949,0.0032,0.2097,-0.0424,-0.064,2.5547,0.0,2.3,2.57,2.3,up,2.56,2026-09-04T15:13:33,2.23517e-06,2.55999994277954,229.88,2026-09-04 19:44:26,2026-09-04 15:45:04
NVDA,NVDA261218P00177000,NVDA,2026-12-18,P,177.0,2.6,296.0,2.68,203.0,0.4275,2200.0,11.0,-0.0984,0.0033,0.2151,-0.0433,-0.0663,2.659,-0.08,2.54,2.65,2.54,down,2.61,2026-09-04T14:33:45,-2.97398,2.69000005722046,229.88,2026-09-04 19:44:26,2026-09-04 15:45:04
NVDA,NVDA261218P00178000,NVDA,2026-12-18,P,178.0,2.71,328.0,2.81,111.0,0.4265,3516.0,1602.0,-0.102,0.0034,0.2209,-0.0443,-0.0687,2.7675,0.01,2.5,2.81,2.5,up,2.81,2026-09-04T15:28:12,0.357145,2.79999995231628,229.88,2026-09-04 19:44:26,2026-09-04 15:45:04
NVDA,NVDA261218P00179000,NVDA,2026-12-18,P,179.0,2.83,341.0,3.05,463.0,0.4279,2438.0,37.0,-0.1057,0.0035,0.2268,-0.0454,-0.071,2.88,-0.07,2.57,2.85,2.52,down,2.84,2026-09-04T14:23:26,-2.4055,2.9099999666214,229.88,2026-09-04 19:44:26,2026-09-04 15:45:04
NVDA,NVDA261218P00180000,NVDA,2026-12-18,P,180.0,2.95,447.0,3.05,434.0,0.4239,25057.0,245.0,-0.1094,0.0036,0.2323,-0.0464,-0.0736,2.9949,-0.05,2.84,3.0,2.62,no_change,3.0,2026-09-04T15:16:30,-1.63934,3.04999995231628,229.88,2026-09-04 19:44:26,2026-09-04 15:45:04
NVDA,NVDA261218P00181000,NVDA,2026-12-18,P,181.0,3.0,136.0,3.2,121.0,0.4213,4123.0,13.0,-0.1135,0.0037,0.2391,-0.0474,-0.0763,3.121,0.005,2.74,3.13,2.71,no_change,3.13,2026-09-04T13:54:07,0.16,3.125,229.88,2026-09-04 19:44:26,2026-09-04 15:45:04
NVDA,NVDA261218P00182000,NVDA,2026-12-18,P,182.0,3.05,452.0,3.3,108.0,0.4176,2311.0,10.0,-0.1176,0.0038,0.2449,-0.0485,-0.0792,3.249,-0.455,2.84,2.84,2.8,up,2.82,2026-09-04T10:29:47,-13.8931,3.27499997615814,229.88,2026-09-04 19:44:26,2026-09-04 15:45:04
NVDA,NVDA261218P00183000,NVDA,2026-12-18,P,183.0,3.25,340.0,3.45,354.0,0.4182,2704.0,4.0,-0.1217,0.0039,0.2505,-0.0496,-0.0818,3.378,-0.075,3.1,3.35,3.1,up,3.35,2026-09-04T15:21:51,-2.18978,3.42499995231628,229.88,2026-09-04 19:44:26,2026-09-04 15:45:04
NVDA,NVDA261218P00184000,NVDA,2026-12-18,P,184.0,3.4,442.0,3.55,50.0,0.4163,1708.0,30.0,-0.126,0.004,0.2566,-0.0506,-0.0846,3.5157,-0.125,3.1,3.5,3.1,down,3.45,2026-09-04T13:57:04,-3.4965,3.57500004768372,229.88,2026-09-04 19:44:26,2026-09-04 15:45:04
NVDA,NVDA261218P00185000,NVDA,2026-12-18,P,185.0,3.6,437.0,3.7,143.0,0.4162,12809.0,62.0,-0.1305,0.0041,0.2627,-0.0517,-0.0874,3.6588,-0.05,3.4,3.65,3.21,up,3.65,2026-09-04T14:32:32,-1.35135,3.70000004768372,229.88,2026-09-04 19:44:26,2026-09-04 15:45:04
NVDA,NVDA261218P00186000,NVDA,2026-12-18,P,186.0,3.7,449.0,3.85,65.0,0.414,2029.0,34.0,-0.135,0.0042,0.2688,-0.0528,-0.0904,3.8073,-0.11,3.65,3.78,3.65,no_change,3.74,2026-09-04T14:01:35,-2.85714,3.85000002384186,229.88,2026-09-04 19:44:26,2026-09-04 15:45:04
NVDA,NVDA261218P00187000,NVDA,2026-12-18,P,187.0,3.9,466.0,4.05,241.0,0.4145,3381.0,80.0,-0.1397,0.0044,0.2753,-0.054,-0.0935,3.9613,-0.095,3.48,3.94,3.48,no_change,3.93,2026-09-04T14:01:35,-2.36025,4.02499997615814,229.88,2026-09-04 19:44:26,2026-09-04 15:45:04
NVDA,NVDA261218P00188000,NVDA,2026-12-18,P,188.0,4.05,453.0,4.2,481.0,0.4128,2303.0,81.0,-0.1446,0.0045,0.2817,-0.0551,-0.0965,4.1213,-0.075,3.75,4.1,3.64,up,4.1,2026-09-04T15:21:51,-1.79641,4.17499995231628,229.88,2026-09-04 19:44:26,2026-09-04 15:45:04
NVDA,NVDA261218P00189000,NVDA,2026-12-18,P,189.0,4.2,467.0,4.35,227.0,0.4111,2137.0,11.0,-0.1495,0.0046,0.2882,-0.0562,-0.0998,4.2872,-0.125,4.08,4.2,3.88,up,4.2,2026-09-04T13:11:58,-2.89017,4.32500004768372,229.88,2026-09-04 19:44:26,2026-09-04 15:45:04
NVDA,NVDA261218P00190000,NVDA,2026-12-18,P,190.0,4.45,473.0,4.55,360.0,0.4115,28322.0,489.0,-0.1548,0.0047,0.2951,-0.0573,-0.1036,4.4639,-0.1,4.55,4.55,3.89,up,4.45,2026-09-04T15:19:33,-2.1978,4.54999995231628,229.88,2026-09-04 19:44:26,2026-09-04 15:45:04
NVDA,NVDA261218P00191000,NVDA,2026-12-18,P,191.0,4.55,466.0,4.7,220.0,0.4087,2006.0,11.0,-0.1598,0.0048,0.3011,-0.0584,-0.1068,4.6379,-0.075,4.45,4.6,4.45,up,4.6,2026-09-04T13:30:58,-1.60428,4.67499995231628,229.88,2026-09-04 19:44:26,2026-09-04 15:45:04
NVDA,NVDA261218P00192000,NVDA,2026-12-18,P,192.0,4.75,466.0,4.9,233.0,0.4081,1734.0,15.0,-0.1652,0.005,0.3072,-0.0596,-0.11,4.8225,0.025,4.19,4.9,4.19,up,4.9,2026-09-04T15:11:04,0.512821,4.875,229.88,2026-09-04 19:44:26,2026-09-04 15:45:04
NVDA,NVDA261218P00193000,NVDA,2026-12-18,P,193.0,4.95,484.0,5.1,209.0,0.4073,1837.0,64.0,-0.1706,0.0051,0.3137,-0.0607,-0.1135,5.0133,-0.075,4.52,5.0,4.4,up,5.0,2026-09-04T13:56:39,-1.47783,5.07500004768372,229.88,2026-09-04 19:44:26,2026-09-04 15:45:04
NVDA,NVDA261218P00194000,NVDA,2026-12-18,P,194.0,5.15,473.0,5.3,231.0,0.4063,2888.0,26.0,-0.1762,0.0052,0.3199,-0.0618,-0.1172,5.2108,-0.175,5.0,5.1,4.6,up,5.1,2026-09-04T13:11:35,-3.31753,5.27499985694885,229.88,2026-09-04 19:44:26,2026-09-04 15:45:04
NVDA,NVDA261218P00195000,NVDA,2026-12-18,P,195.0,5.4,489.0,5.5,145.0,0.4059,12830.0,1194.0,-0.1819,0.0053,0.3265,-0.0629,-0.1209,5.4146,-0.1,5.1,5.4,4.7,no_change,5.4,2026-09-04T15:20:28,-1.81818,5.5,229.88,2026-09-04 19:44:26,2026-09-04 15:45:04
NVDA,NVDA261218P00200000,NVDA,2026-12-18,P,200.0,6.45,489.0,6.65,214.0,0.4,42389.0,1364.0,-0.2126,0.0059,0.3584,-0.0685,-0.1402,6.5483,-0.13,6.3,6.6,5.68,up,6.52,2026-09-04T15:19:33,-1.95489,6.64999985694885,229.88,2026-09-04 19:44:26,2026-09-04 15:45:04
NVDA,NVDA261218P00205000,NVDA,2026-12-18,P,205.0,7.75,473.0,7.95,130.0,0.3956,11707.0,396.0,-0.2458,0.0065,0.3883,-0.0737,-0.1609,7.8502,-0.095,7.52,7.88,6.81,up,7.88,2026-09-04T15:14:20,-1.19122,7.97500014305115,229.88,2026-09-04 19:44:26,2026-09-04 15:45:04
NVDA,NVDA261218P00210000,NVDA,2026-12-18,P,210.0,9.25,454.0,9.5,259.0,0.3919,19303.0,324.0,-0.2821,0.0071,0.4161,-0.0786,-0.1828,9.3691,-0.065,9.0,9.41,8.15,no_change,9.41,2026-09-04T15:28:11,-0.686015,9.47499990463257,229.88,2026-09-04 19:44:26,2026-09-04 15:45:04
NVDA,NVDA261218P00212000,NVDA,2026-12-18,P,212.0,9.9,462.0,10.15,135.0,0.3905,1837.0,460.0,-0.297,0.0073,0.4263,-0.0803,-0.1913,10.0184,-0.05,9.5,10.1,8.75,no_change,10.1,2026-09-04T15:10:49,-0.492612,10.1500000953674,229.88,2026-09-04 19:44:26,2026-09-04 15:45:04
NVDA,NVDA261218P00213000,NVDA,2026-12-18,P,213.0,10.25,442.0,10.5,239.0,0.39,1525.0,123.0,-0.3047,0.0074,0.4311,-0.0812,-0.1966,10.3615,-0.125,9.37,10.35,9.35,up,10.35,2026-09-04T15:03:53,-1.19332,10.4750003814697,229.88,2026-09-04 19:44:26,2026-09-04 15:45:04
NVDA,NVDA261218P00214000,NVDA,2026-12-18,P,214.0,10.6,440.0,10.85,132.0,0.3893,2183.0,66.0,-0.3124,0.0075,0.4356,-0.082,-0.2011,10.7128,-0.125,9.65,10.7,9.65,no_change,10.7,2026-09-04T14:11:05,-1.15473,10.8249998092651,229.88,2026-09-04 19:44:26,2026-09-04 15:45:04
NVDA,NVDA261218P00215000,NVDA,2026-12-18,P,215.0,11.0,458.0,11.2,176.0,0.3886,5231.0,642.0,-0.3206,0.0076,0.4406,-0.0828,-0.2062,11.0855,-0.09,10.75,11.11,9.65,up,11.11,2026-09-04T15:29:20,-0.803574,11.2000002861023,229.88,2026-09-04 19:44:26,2026-09-04 15:45:04
NVDA,NVDA261218P00216000,NVDA,2026-12-18,P,216.0,11.35,450.0,11.55,109.0,0.3879,976.0,15.0,-0.3282,0.0077,0.4448,-0.0835,-0.2096,11.4427,-0.3,10.22,11.25,10.22,up,11.25,2026-09-04T13:19:27,-2.5974,11.5499997138977,229.88,2026-09-04 19:44:26,2026-09-04 15:45:04
NVDA,NVDA261218P00217000,NVDA,2026-12-18,P,217.0,11.7,436.0,11.95,194.0,0.3869,2818.0,132.0,-0.3365,0.0078,0.4489,-0.0843,-0.2146,11.8316,-0.21,10.69,11.8,10.46,down,11.69,2026-09-04T14:54:58,-1.76471,11.9000000953674,229.88,2026-09-04 19:44:26,2026-09-04 15:45:04
NVDA,NVDA261218P00218000,NVDA,2026-12-18,P,218.0,12.1,435.0,12.35,159.0,0.3865,743.0,36.0,-0.3447,0.0078,0.453,-0.085,-0.2193,12.2198,-0.175,10.85,12.15,10.85,no_change,12.15,2026-09-04T14:15:26,-1.41988,12.3249998092651,229.88,2026-09-04 19:44:26,2026-09-04 15:45:04
NVDA,NVDA261218P00219000,NVDA,2026-12-18,P,219.0,12.5,433.0,12.7,48.0,0.3855,977.0,108.0,-0.3528,0.0079,0.4566,-0.0856,-0.2242,12.6134,-0.255,11.2,12.47,11.15,up,12.47,2026-09-04T13:51:33,-2.00393,12.7250003814697,229.88,2026-09-04 19:44:26,2026-09-04 15:45:04
NVDA,NVDA261218P00220000,NVDA,2026-12-18,P,220.0,12.9,443.0,13.15,441.0,0.3854,38512.0,451.0,-0.361,0.008,0.4604,-0.0863,-0.2279,13.0192,-0.16,12.3,13.06,11.45,down,12.99,2026-09-04T15:29:20,-1.21673,13.1500000953674,229.88,2026-09-04 19:44:26,2026-09-04 15:45:04
NVDA,NVDA261218P00221000,NVDA,2026-12-18,P,221.0,13.3,440.0,13.55,148.0,0.3845,1273.0,155.0,-0.3693,0.0081,0.4639,-0.0869,-0.233,13.4327,-0.35,11.9,13.2,11.9,up,13.2,2026-09-04T13:28:33,-2.58302,13.5499997138977,229.88,2026-09-04 19:44:26,2026-09-04 15:45:04
NVDA,NVDA261218P00222000,NVDA,2026-12-18,P,222.0,13.75,440.0,13.95,67.0,0.384,613.0,17.0,-0.3777,0.0082,0.4669,-0.0874,-0.2373,13.8549,-0.425,12.45,13.55,12.31,up,13.55,2026-09-04T13:15:25,-3.04115,13.9750003814697,229.88,2026-09-04 19:44:26,2026-09-04 15:45:04
NVDA,NVDA261218P00223000,NVDA,2026-12-18,P,223.0,14.2,434.0,14.4,147.0,0.3839,539.0,47.0,-0.386,0.0082,0.4702,-0.088,-0.2429,14.2844,-0.075,13.6,14.35,12.65,no_change,14.35,2026-09-04T15:23:34,-0.519932,14.4250001907349,229.88,2026-09-04 19:44:26,2026-09-04 15:45:04
NVDA,NVDA261218P00224000,NVDA,2026-12-18,P,224.0,14.6,426.0,14.85,142.0,0.383,717.0,15.0,-0.3945,0.0083,0.473,-0.0885,-0.246,14.7273,-0.3,13.05,14.55,13.05,up,14.55,2026-09-04T13:40:01,-2.0202,14.8499999046326,229.88,2026-09-04 19:44:26,2026-09-04 15:45:04
NVDA,NVDA261218P00225000,NVDA,2026-12-18,P,225.0,15.05,419.0,15.3,146.0,0.3824,3089.0,228.0,-0.403,0.0084,0.4754,-0.0889,-0.2508,15.177,-0.175,14.81,15.15,13.4,no_change,15.15,2026-09-04T15:07:51,-1.14192,15.3249998092651,229.88,2026-09-04 19:44:26,2026-09-04 15:45:04
NVDA,NVDA261218P00226000,NVDA,2026-12-18,P,226.0,15.5,436.0,15.75,143.0,0.3818,899.0,67.0,-0.4115,0.0084,0.4778,-0.0894,-0.2556,15.6332,-0.35,15.65,15.65,14.2,up,15.45,2026-09-04T13:48:25,-2.21519,15.7999997138977,229.88,2026-09-04 19:44:26,2026-09-04 15:45:04
NVDA,NVDA261218P00227000,NVDA,2026-12-18,P,227.0,16.0,416.0,16.2,99.0,0.3814,424.0,101.0,-0.4201,0.0085,0.48,-0.0898,-0.26,16.1026,-0.225,15.45,16.07,14.4,down,16.0,2026-09-04T15:14:16,-1.38675,16.2250003814697,229.88,2026-09-04 19:44:26,2026-09-04 15:45:04
NVDA,NVDA261218P00228000,NVDA,2026-12-18,P,228.0,16.45,417.0,16.7,144.0,0.3809,2260.0,75.0,-0.4286,0.0086,0.4818,-0.0901,-0.2632,16.5769,-0.575,15.5,16.2,14.64,up,16.2,2026-09-04T13:16:11,-3.42772,16.7749996185303,229.88,2026-09-04 19:44:26,2026-09-04 15:45:04
NVDA,NVDA261218P00230000,NVDA,2026-12-18,P,230.0,17.5,431.0,17.6,2.0,0.3802,8291.0,1074.0,-0.4456,0.0086,0.4851,-0.0907,-0.2723,17.5425,-0.225,17.2,17.62,15.5,down,17.5,2026-09-04T15:19:49,-1.2694,17.7250003814697,229.88,2026-09-04 19:44:26,2026-09-04 15:45:04
NVDA,NVDA261218P00235000,NVDA,2026-12-18,P,235.0,20.1,441.0,20.3,143.0,0.379,3483.0,315.0,-0.4889,0.0088,0.4891,-0.0916,-0.2926,20.1487,-0.175,19.55,20.2,17.9,no_change,20.2,2026-09-04T15:27:45,-0.858896,20.375,229.88,2026-09-04 19:44:26,2026-09-04 15:45:04
NVDA,NVDA261218P00240000,NVDA,2026-12-18,P,240.0,22.85,413.0,23.15,433.0,0.3764,1523.0,1096.0,-0.5322,0.0089,0.487,-0.0917,-0.3107,22.9853,-0.345,21.54,22.88,20.6,up,22.88,2026-09-04T15:05:45,-1.48547,23.2249994277954,229.88,2026-09-04 19:44:26,2026-09-04 15:45:04
NVDA,NVDA261218P00245000,NVDA,2026-12-18,P,245.0,25.9,394.0,26.2,128.0,0.3748,868.0,34.0,-0.575,0.0089,0.4796,-0.0908,-0.3247,26.0447,-0.275,25.5,26.0,23.45,up,26.0,2026-09-04T15:09:30,-1.04662,26.2749996185303,229.88,2026-09-04 19:44:26,2026-09-04 15:45:04
NVDA,NVDA261218P00250000,NVDA,2026-12-18,P,250.0,29.0,444.0,29.45,44.0,0.3715,2106.0,177.0,-0.6166,0.0088,0.4664,-0.0893,-0.3364,29.3214,-0.455,28.0,29.02,26.5,up,29.02,2026-09-04T14:21:34,-1.54368,29.4749994277954,229.88,2026-09-04 19:44:26,2026-09-04 15:45:04
NVDA,NVDA261218P00255000,NVDA,2026-12-18,P,255.0,32.15,666.0,32.95,64.0,0.3672,1158.0,68.0,-0.6567,0.0086,0.4489,-0.0871,-0.3447,32.801,-0.325,30.55,32.75,29.8,up,32.75,2026-09-04T14:02:07,-0.982618,33.0750007629394,229.88,2026-09-04 19:44:26,2026-09-04 15:45:04
NVDA,NVDA261218P00260000,NVDA,2026-12-18,P,260.0,35.7,818.0,36.6,6.0,0.3647,1147.0,104.0,-0.695,0.0084,0.4275,-0.0844,-0.35,36.476,-0.655,33.4,36.17,33.25,no_change,36.17,2026-09-04T14:52:54,-1.77868,36.8249988555908,229.88,2026-09-04 19:44:26,2026-09-04 15:45:04
NVDA,NVDA261218P00265000,NVDA,2026-12-18,P,265.0,39.55,868.0,40.65,153.0,0.3666,752.0,17.0,-0.7311,0.0081,0.4014,-0.0811,-0.3461,40.3276,-3.525,37.15,37.4,37.15,no_change,37.4,2026-09-04T10:31:36,-8.61332,40.9250011444092,229.88,2026-09-04 19:44:26,2026-09-04 15:45:04
NVDA,NVDA261218P00270000,NVDA,2026-12-18,P,270.0,43.4,692.0,44.45,274.0,0.3606,1432.0,18.0,-0.7652,0.0078,0.3738,-0.0777,-0.344,44.3602,-0.7,41.77,44.1,41.77,up,44.1,2026-09-04T14:36:08,-1.5625,44.7999992370606,229.88,2026-09-04 19:44:26,2026-09-04 15:45:04
NVDA,NVDA261218P00275000,NVDA,2026-12-18,P,275.0,47.7,437.0,48.6,18.0,0.3619,1122.0,40.0,-0.7965,0.0074,0.3423,-0.074,-0.3274,48.5163,-3.5,45.35,45.35,45.35,no_change,45.35,2026-09-04T10:03:37,-7.16479,48.8500003814697,229.88,2026-09-04 19:44:26,2026-09-04 15:45:04
NVDA,NVDA261218P00280000,NVDA,2026-12-18,P,280.0,51.8,426.0,52.9,11.0,0.3576,314.0,48.0,-0.8257,0.007,0.3108,-0.0703,-0.3195,52.8243,-4.145,49.85,49.85,49.18,no_change,49.18,2026-09-04T10:00:15,-7.77309,53.3249988555908,229.88,2026-09-04 19:44:26,2026-09-04 15:45:04
NVDA,NVDA261218P00285000,NVDA,2026-12-18,P,285.0,56.35,467.0,58.35,442.0,0.3786,309.0,24.0,-0.8522,0.0066,0.2776,-0.0664,-0.2986,57.2382,-1.75,55.0,55.9,54.0,up,55.9,2026-09-04T14:59:04,-3.03556,57.6500015258789,229.88,2026-09-04 19:44:26,2026-09-04 15:45:04
NVDA,NVDA261218P00290000,NVDA,2026-12-18,P,290.0,60.4,463.0,62.9,442.0,0.3707,421.0,13.0,-0.8765,0.0061,0.2413,-0.0624,-0.2739,61.763,-4.75,57.6,57.6,57.6,down,57.6,2026-09-04T09:59:55,-7.61828,62.3500003814697,229.88,2026-09-04 19:44:26,2026-09-04 15:45:04
NVDA,NVDA261218P00295000,NVDA,2026-12-18,P,295.0,65.3,145.0,66.75,86.0,0.358,27.0,0.0,-0.8984,0.0056,0.2116,-0.0584,-0.2493,66.3728,0.0,0.0,0.0,0.0,down,66.35,2026-09-03T15:20:22,0.0,66.5499992370606,229.88,2026-09-04 19:44:26,2026-09-04 15:45:04
NVDA,NVDA261218P00300000,NVDA,2026-12-18,P,300.0,69.95,173.0,71.15,10.0,0.3398,69.0,0.0,-0.9176,0.0051,0.1748,-0.0535,-0.2054,71.0678,0.0,0.0,0.0,0.0,down,71.11,2026-09-03T13:51:23,0.0,71.5,229.88,2026-09-04 19:44:26,2026-09-04 15:45:04
NVDA,NVDA261218P00305000,NVDA,2026-12-18,P,305.0,74.45,186.0,76.6,102.0,0.3531,1.0,0.0,-0.9348,0.0046,0.1494,-0.0484,-0.1872,75.8289,0.0,0.0,0.0,0.0,up,85.32,2026-08-31T10:17:28,0.0,76.3250007629394,229.88,2026-09-04 19:44:26,2026-09-04 15:45:04
NVDA,NVDA261218P00310000,NVDA,2026-12-18,P,310.0,79.45,152.0,80.95,68.0,0.0,1.0,0.0,-0.9492,0.004,0.1229,-0.043,-0.1669,80.6429,0.0,0.0,0.0,0.0,up,91.83,2026-09-01T11:18:37,0.0,81.2000007629394,229.88,2026-09-04 19:44:26,2026-09-04 15:45:04
NVDA,NVDA261218P00315000,NVDA,2026-12-18,P,315.0,84.7,117.0,85.85,85.0,0.0,0.0,0.0,-0.9614,0.0034,0.0884,-0.0359,-0.1286,85.5153,0.0,0.0,0.0,0.0,no_change,98.86,2026-08-20T11:53:24,0.0,85.7749977111816,229.88,2026-09-04 19:44:26,2026-09-04 15:45:04
NVDA,NVDA261218P00320000,NVDA,2026-12-18,P,320.0,89.2,153.0,90.65,22.0,0.0,0.0,0.0,-0.9715,0.0028,0.0734,-0.0295,-0.113,90.416,0.0,0.0,0.0,0.0,up,95.38,2026-08-13T11:17:49,0.0,91.0,229.88,2026-09-04 19:44:26,2026-09-04 15:45:04
NVDA,NVDA261218P00325000,NVDA,2026-12-18,P,325.0,94.15,154.0,95.7,68.0,0.0,0.0,0.0,-0.9794,0.0022,0.0544,-0.0235,-0.0696,95.3452,0.0,0.0,0.0,0.0,down,100.12,2026-08-13T11:17:48,0.0,95.7750015258789,229.88,2026-09-04 19:44:26,2026-09-04 15:45:04
NVDA,NVDA261218P00330000,NVDA,2026-12-18,P,330.0,99.15,147.0,101.35,75.0,0.3656,0.0,0.0,-0.9854,0.0017,0.035,-0.0172,-0.0684,100.3032,0.0,0.0,0.0,0.0,no_change,113.78,2026-08-20T11:53:24,0.0,100.575000762939,229.88,2026-09-04 19:44:26,2026-09-04 15:45:04
NVDA,NVDA261218P00335000,NVDA,2026-12-18,P,335.0,101.25,60.0,108.75,60.0,0.0,0.0,0.0,-0.9901,0.0013,0.028,-0.0122,-0.062,105.2704,0.0,0.0,0.0,0.0,no_change,0.0,,0.0,105.599998474121,229.88,2026-09-04 19:44:26,2026-09-04 15:45:04
NVDA,NVDA261218P00340000,NVDA,2026-12-18,P,340.0,106.25,60.0,113.8,60.0,0.0,0.0,0.0,-0.9934,0.0009,0.0187,-0.0083,-0.039,110.249,0.0,0.0,0.0,0.0,up,117.17,2026-08-28T11:53:49,0.0,111.150001525879,229.88,2026-09-04 19:44:26,2026-09-04 15:45:04
NVDA,NVDA261218P00345000,NVDA,2026-12-18,P,345.0,110.95,56.0,118.8,60.0,0.0,0.0,0.0,-0.9956,0.0007,0.0091,-0.0054,-0.039,115.2383,0.0,0.0,0.0,0.0,down,120.04,2026-08-13T11:17:48,0.0,115.924999237061,229.88,2026-09-04 19:44:26,2026-09-04 15:45:04
NVDA,NVDA261218P00350000,NVDA,2026-12-18,P,350.0,115.95,57.0,123.75,56.0,0.0,0.0,0.0,-0.9973,0.0004,0.0074,-0.0032,-0.0376,120.2298,0.0,0.0,0.0,0.0,up,142.3,2026-06-05T11:39:58,0.0,120.775001525879,229.88,2026-09-04 19:44:26,2026-09-04 15:45:04
NVDA,NVDA261218P00355000,NVDA,2026-12-18,P,355.0,120.95,1.0,128.75,60.0,0.0,0.0,0.0,-0.9985,0.0003,0.0055,-0.0015,-0.0305,125.2232,0.0,0.0,0.0,0.0,down,138.0,2026-05-11T10:31:43,0.0,125.775001525879,229.88,2026-09-04 19:44:26,2026-09-04 15:45:04
NVDA,NVDA261218P00360000,NVDA,2026-12-18,P,360.0,126.0,60.0,133.75,60.0,0.0,0.0,0.0,-0.999,0.0002,0.0014,-0.001,-0.0309,130.2204,0.0,0.0,0.0,0.0,up,183.78,2026-03-24T11:08:58,0.0,130.775001525879,229.88,2026-09-04 19:44:26,2026-09-04 15:45:04
NVDA,NVDA261218P00365000,NVDA,2026-12-18,P,365.0,130.95,1.0,138.8,56.0,0.0,0.0,0.0,-0.9994,0.0001,0.001,-0.0005,-0.0311,135.2179,0.0,0.0,0.0,0.0,no_change,0.0,,0.0,135.549995422363,229.88,2026-09-04 19:44:26,2026-09-04 15:45:04
NVDA,NVDA261218P00370000,NVDA,2026-12-18,P,370.0,136.0,51.0,143.75,57.0,0.0,0.0,0.0,-0.9998,0.0001,0.0008,-0.0001,-0.0313,140.2155,0.0,0.0,0.0,0.0,down,155.05,2026-06-03T15:32:25,0.0,140.775001525879,229.88,2026-09-04 19:44:26,2026-09-04 15:45:04
NVDA,NVDA261218P00375000,NVDA,2026-12-18,P,375.0,140.95,1.0,148.75,56.0,0.0,0.0,0.0,-0.9999,0.0,0.0004,0.0,-0.0308,145.2135,0.0,0.0,0.0,0.0,no_change,0.0,,0.0,145.550003051758,229.88,2026-09-04 19:44:26,2026-09-04 15:45:04
NVDA,NVDA261218P00380000,NVDA,2026-12-18,P,380.0,145.95,1.0,153.75,61.0,0.0,0.0,0.0,-1.0,0.0,0.0,0.0,-0.0312,150.2117,0.0,0.0,0.0,0.0,down,167.35,2026-05-26T12:19:23,0.0,150.599998474121,229.88,2026-09-04 19:44:26,2026-09-04 15:45:04
NVDA,NVDA261218P00385000,NVDA,2026-12-18,P,385.0,150.95,51.0,158.75,51.0,0.0,0.0,0.0,-1.0,0.0,0.0,0.0,-0.0316,155.2099,0.0,0.0,0.0,0.0,no_change,0.0,,0.0,155.5,229.88,2026-09-04 19:44:26,2026-09-04 15:45:04
NVDA,NVDA261218P00390000,NVDA,2026-12-18,P,390.0,155.95,51.0,163.75,67.0,0.0,0.0,0.0,-1.0,0.0,0.0,0.0,-0.0321,160.2081,0.0,0.0,0.0,0.0,down,159.5,2026-06-02T09:53:01,0.0,160.625,229.88,2026-09-04 19:44:26,2026-09-04 15:45:04
NVDA,NVDA261218P00400000,NVDA,2026-12-18,P,400.0,166.0,55.0,173.75,56.0,0.0,0.0,0.0,-1.0,0.0,0.0,0.0,-0.0329,170.2045,0.0,0.0,0.0,0.0,down,171.37,2026-08-27T12:30:10,0.0,170.650001525879,229.88,2026-09-04 19:44:26,2026-09-04 15:45:04
NVDA,NVDA261218P00410000,NVDA,2026-12-18,P,410.0,175.95,54.0,183.75,60.0,0.0,0.0,0.0,-1.0,0.0,0.0,0.0,-0.0337,180.2009,0.0,0.0,0.0,0.0,down,183.0,2026-05-15T10:46:01,0.0,180.424995422363,229.88,2026-09-04 19:44:26,2026-09-04 15:45:04
NVDA,NVDA261218P00420000,NVDA,2026-12-18,P,420.0,186.0,54.0,193.7,58.0,0.0,0.0,0.0,-1.0,0.0,0.0,0.0,-0.0345,190.1973,0.0,0.0,0.0,0.0,no_change,0.0,,0.0,190.775001525879,229.88,2026-09-04 19:44:26,2026-09-04 15:45:04
NVDA,NVDA261218P00430000,NVDA,2026-12-18,P,430.0,195.95,1.0,203.75,62.0,0.0,0.0,0.0,-1.0,0.0,0.0,0.0,-0.0353,200.1938,0.0,0.0,0.0,0.0,no_change,0.0,,0.0,200.800003051758,229.88,2026-09-04 19:44:26,2026-09-04 15:45:04
NVDA,NVDA261218P00440000,NVDA,2026-12-18,P,440.0,206.0,53.0,213.75,56.0,0.0,0.0,0.0,-1.0,0.0,0.0,0.0,-0.0362,210.1902,0.0,0.0,0.0,0.0,no_change,0.0,,0.0,210.75,229.88,2026-09-04 19:44:26,2026-09-04 15:45:04
NVDA,NVDA261218P00450000,NVDA,2026-12-18,P,450.0,215.95,1.0,223.7,57.0,0.0,0.0,0.0,-1.0,0.0,0.0,0.0,-0.037,220.1866,0.0,0.0,0.0,0.0,no_change,0.0,,0.0,221.025001525879,229.88,2026-09-04 19:44:26,2026-09-04 15:45:04
NVDA,NVDA261218P00455000,NVDA,2026-12-18,P,455.0,220.95,54.0,228.75,69.0,0.0,0.0,0.0,-1.0,0.0,0.0,0.0,-0.0374,225.1848,0.0,0.0,0.0,0.0,no_change,0.0,,0.0,225.775001525879,229.88,2026-09-04 19:44:26,2026-09-04 15:45:04
NVDA,NVDA261218P00460000,NVDA,2026-12-18,P,460.0,225.95,51.0,233.75,62.0,0.0,0.0,0.0,-1.0,0.0,0.0,0.0,-0.0378,230.183,0.0,0.0,0.0,0.0,no_change,0.0,,0.0,230.699996948242,229.88,2026-09-04 19:44:26,2026-09-04 15:45:04
NVDA,NVDA270115C00005000,NVDA,2027-01-15,C,5.0,222.5,119.0,227.15,225.0,0.0,689.0,6.0,1.0,0.0,0.0001,-0.0008,0.0023,224.9042,1.525,227.08,227.08,224.0,down,224.0,2026-09-04T15:23:16,0.685471,222.474998474121,229.88,2026-09-04 19:44:26,2026-09-04 15:45:04
NVDA,NVDA270115C00010000,NVDA,2027-01-15,C,10.0,216.4,103.0,223.85,247.0,2.3706,559.0,0.0,1.0,0.0,0.0002,-0.0013,0.0119,219.9161,0.0,0.0,0.0,0.0,up,208.09,2026-09-01T10:48:45,0.0,218.275001525879,229.88,2026-09-04 19:44:26,2026-09-04 15:45:04
NVDA,NVDA270115C00015000,NVDA,2027-01-15,C,15.0,211.45,165.0,218.65,281.0,1.8256,492.0,100.0,1.0,0.0,0.0006,-0.0004,0.0382,214.9601,1.835,215.81,215.81,215.81,up,215.81,2026-09-04T13:30:43,0.857578,213.974998474121,229.88,2026-09-04 19:44:26,2026-09-04 15:45:04
NVDA,NVDA270115C00020000,NVDA,2027-01-15,C,20.0,206.85,167.0,212.8,267.0,0.0,3119.0,0.0,1.0,0.0,0.001,-0.0005,0.0528,210.0188,0.0,0.0,0.0,0.0,down,196.0,2026-09-01T09:31:52,0.0,208.525001525879,229.88,2026-09-04 19:44:26,2026-09-04 15:45:04
NVDA,NVDA270115C00025000,NVDA,2027-01-15,C,25.0,201.55,51.0,209.05,242.0,1.6163,564.0,0.0,1.0,0.0,0.0014,-0.0007,0.0708,205.0817,0.0,0.0,0.0,0.0,down,204.9,2026-09-03T14:54:04,0.0,204.425003051758,229.88,2026-09-04 19:44:26,2026-09-04 15:45:04
NVDA,NVDA270115C00030000,NVDA,2027-01-15,C,30.0,196.6,153.0,204.1,51.0,1.4627,447.0,0.0,1.0,0.0,0.002,-0.0009,0.0934,200.1519,0.0,0.0,0.0,0.0,up,197.84,2026-09-03T12:22:13,0.0,199.174995422363,229.88,2026-09-04 19:44:26,2026-09-04 15:45:04
NVDA,NVDA270115C00035000,NVDA,2027-01-15,C,35.0,191.7,181.0,199.2,51.0,1.3654,1877.0,0.0,1.0,0.0,0.0029,-0.0011,0.1264,195.2337,0.0,0.0,0.0,0.0,down,193.1,2026-08-27T15:57:22,0.0,194.275001525879,229.88,2026-09-04 19:44:26,2026-09-04 15:45:04
NVDA,NVDA270115C00040000,NVDA,2027-01-15,C,40.0,186.7,118.0,194.3,51.0,1.2463,607.0,0.0,1.0,0.0,0.0037,-0.0014,0.1442,190.3227,0.0,0.0,0.0,0.0,up,189.5,2026-08-28T09:41:46,0.0,189.25,229.88,2026-09-04 19:44:26,2026-09-04 15:45:04
NVDA,NVDA270115C00045000,NVDA,2027-01-15,C,45.0,181.85,125.0,187.2,7.0,0.0,1196.0,0.0,1.0,0.0,0.0047,-0.0016,0.162,185.4129,0.0,0.0,0.0,0.0,no_change,183.9,2026-09-03T10:03:19,0.0,184.525001525879,229.88,2026-09-04 19:44:26,2026-09-04 15:45:04
NVDA,NVDA270115C00050000,NVDA,2027-01-15,C,50.0,176.95,152.0,182.0,1.0,0.0,1506.0,1.0,0.9997,0.0,0.0059,-0.002,0.1798,180.5047,3.825,183.7,183.7,183.7,up,183.7,2026-09-04T10:52:20,2.12648,179.875,229.88,2026-09-04 19:44:26,2026-09-04 15:45:04
NVDA,NVDA270115C00055000,NVDA,2027-01-15,C,55.0,172.05,84.0,179.6,303.0,1.0674,2430.0,0.0,0.9994,0.0,0.0073,-0.0023,0.1975,175.598,0.0,0.0,0.0,0.0,down,170.5,2026-08-28T10:31:19,0.0,174.649993896484,229.88,2026-09-04 19:44:26,2026-09-04 15:45:04
NVDA,NVDA270115C00060000,NVDA,2027-01-15,C,60.0,168.35,151.0,174.3,262.0,1.146,2402.0,29.0,0.999,0.0,0.0089,-0.0027,0.2152,170.6933,4.975,173.7,174.95,173.7,up,174.75,2026-09-04T13:20:18,2.93035,169.775001525879,229.88,2026-09-04 19:44:26,2026-09-04 15:45:04
NVDA,NVDA270115C00065000,NVDA,2027-01-15,C,65.0,162.3,169.0,169.8,255.0,0.9732,713.0,1.0,0.9985,0.0001,0.0108,-0.0032,0.2328,165.7906,2.0,166.85,166.85,166.85,up,166.85,2026-09-04T13:18:51,1.21322,164.850006103516,229.88,2026-09-04 19:44:26,2026-09-04 15:45:04
NVDA,NVDA270115C00070000,NVDA,2027-01-15,C,70.0,159.9,329.0,163.35,298.0,1.0517,4880.0,9.0,0.998,0.0001,0.0129,-0.0037,0.2503,160.8904,1.975,165.0,166.0,162.5,no_change,162.5,2026-09-04T13:11:29,1.23034,160.525001525879,229.88,2026-09-04 19:44:26,2026-09-04 15:45:04
NVDA,NVDA270115C00075000,NVDA,2027-01-15,C,75.0,154.25,436.0,158.55,329.0,0.925,3334.0,0.0,0.9974,0.0001,0.0154,-0.0042,0.2678,155.993,0.0,0.0,0.0,0.0,up,143.59,2026-09-01T15:31:05,0.0,154.674995422363,229.88,2026-09-04 19:44:26,2026-09-04 15:45:04
NVDA,NVDA270115C00080000,NVDA,2027-01-15,C,80.0,149.9,412.0,153.7,310.0,0.9441,15284.0,32.0,0.9966,0.0001,0.0182,-0.0048,0.2851,151.0986,2.73,155.0,155.0,153.93,down,153.93,2026-09-04T11:05:47,1.80556,151.199996948242,229.88,2026-09-04 19:44:26,2026-09-04 15:45:04
NVDA,NVDA270115C00085000,NVDA,2027-01-15,C,85.0,144.55,376.0,149.55,270.0,0.923,1444.0,1.0,0.9957,0.0001,0.0214,-0.0055,0.3023,146.2077,5.125,150.0,150.0,150.0,up,150.0,2026-09-04T09:40:43,3.53753,144.875,229.88,2026-09-04 19:44:26,2026-09-04 15:45:04
NVDA,NVDA270115C00090000,NVDA,2027-01-15,C,90.0,140.85,251.0,142.1,261.0,0.7422,7591.0,26.0,0.9947,0.0002,0.0251,-0.0062,0.3194,141.3209,1.025,144.0,145.0,141.75,down,141.75,2026-09-04T13:44:58,0.728372,140.724998474121,229.88,2026-09-04 19:44:26,2026-09-04 15:45:04
NVDA,NVDA270115C00095000,NVDA,2027-01-15,C,95.0,135.9,264.0,137.15,243.0,0.694,3088.0,1.0,0.9935,0.0002,0.0292,-0.007,0.3363,136.4386,0.48,137.08,137.08,137.08,up,137.08,2026-09-04T13:20:55,0.351386,136.600006103516,229.88,2026-09-04 19:44:26,2026-09-04 15:45:04
NVDA,NVDA270115C00100000,NVDA,2027-01-15,C,100.0,131.1,225.0,131.65,11.0,0.6871,29959.0,225.0,0.9921,0.0003,0.0339,-0.0078,0.353,131.5614,0.625,131.1,135.65,131.1,no_change,131.65,2026-09-04T15:21:03,0.477007,131.025001525879,229.88,2026-09-04 19:44:26,2026-09-04 15:45:04
NVDA,NVDA270115C00105000,NVDA,2027-01-15,C,105.0,126.2,225.0,128.4,298.0,0.7352,8132.0,268.0,0.9905,0.0003,0.0392,-0.0088,0.3696,126.6902,-0.325,126.75,130.85,126.5,no_change,126.5,2026-09-04T15:23:28,-0.256259,126.825000762939,229.88,2026-09-04 19:44:26,2026-09-04 15:45:04
NVDA,NVDA270115C00110000,NVDA,2027-01-15,C,110.0,121.3,308.0,122.45,180.0,0.6134,3850.0,3.0,0.9886,0.0004,0.0452,-0.0098,0.3859,121.8259,0.525,125.0,125.0,122.0,down,122.0,2026-09-04T15:23:21,0.432186,121.475002288818,229.88,2026-09-04 19:44:26,2026-09-04 15:45:04
NVDA,NVDA270115C00115000,NVDA,2027-01-15,C,115.0,115.6,353.0,119.3,271.0,0.6583,5842.0,23.0,0.9864,0.0005,0.052,-0.0109,0.4019,116.9697,2.125,118.2,120.73,118.1,no_change,118.2,2026-09-04T12:14:35,1.83071,116.075000762939,229.88,2026-09-04 19:44:26,2026-09-04 15:45:04
NVDA,NVDA270115C00120000,NVDA,2027-01-15,C,120.0,111.5,482.0,112.65,359.0,0.5558,9160.0,18.0,0.9839,0.0005,0.0598,-0.0122,0.4175,112.1233,0.67,115.0,116.0,112.52,down,112.52,2026-09-04T14:17:09,0.599018,111.849998474121,229.88,2026-09-04 19:44:26,2026-09-04 15:45:04
NVDA,NVDA270115C00125000,NVDA,2027-01-15,C,125.0,106.25,549.0,109.05,486.0,0.5937,6731.0,17.0,0.9809,0.0006,0.0684,-0.0135,0.4328,107.2888,2.22,108.35,110.67,108.35,down,108.42,2026-09-04T14:17:09,2.09039,106.200000762939,229.88,2026-09-04 19:44:26,2026-09-04 15:45:04
NVDA,NVDA270115C00130000,NVDA,2027-01-15,C,130.0,102.15,238.0,102.95,333.0,0.5399,13901.0,6.0,0.9774,0.0008,0.0784,-0.015,0.4476,102.4689,0.23,105.13,105.13,102.38,down,102.38,2026-09-04T15:24:17,0.225158,102.150001525879,229.88,2026-09-04 19:44:26,2026-09-04 15:45:04
NVDA,NVDA270115C00135000,NVDA,2027-01-15,C,135.0,97.3,324.0,97.95,305.0,0.5086,18257.0,8.0,0.9732,0.0009,0.0898,-0.0167,0.4617,97.6673,1.59,99.9,101.98,99.19,down,99.19,2026-09-04T12:56:17,1.6291,97.6000022888184,229.88,2026-09-04 19:44:26,2026-09-04 15:45:04
NVDA,NVDA270115C00140000,NVDA,2027-01-15,C,140.0,92.5,131.0,94.5,528.0,0.5516,11960.0,26.0,0.9683,0.001,0.1026,-0.0186,0.4752,92.8889,1.325,93.96,97.5,92.9,up,93.45,2026-09-04T14:45:45,1.43826,92.125,229.88,2026-09-04 19:44:26,2026-09-04 15:45:04
NVDA,NVDA270115C00145000,NVDA,2027-01-15,C,145.0,87.9,323.0,88.3,293.0,0.481,3616.0,14.0,0.9625,0.0012,0.1176,-0.0207,0.4877,88.1394,0.59,90.4,90.4,88.49,down,88.49,2026-09-04T14:44:23,0.67122,87.8999977111816,229.88,2026-09-04 19:44:26,2026-09-04 15:45:04
NVDA,NVDA270115C00150000,NVDA,2027-01-15,C,150.0,83.1,231.0,84.3,409.0,0.4914,25969.0,142.0,0.9554,0.0015,0.1345,-0.0232,0.4991,83.4268,0.95,84.16,88.0,83.55,down,83.55,2026-09-04T15:15:13,1.15012,82.5999984741211,229.88,2026-09-04 19:44:26,2026-09-04 15:45:04
NVDA,NVDA270115C00155000,NVDA,2027-01-15,C,155.0,78.4,190.0,79.9,433.0,0.4843,7145.0,70.0,0.9471,0.0017,0.1537,-0.0259,0.5092,78.7593,1.02,82.65,82.65,79.07,no_change,79.07,2026-09-04T14:51:48,1.30686,78.0499992370606,229.88,2026-09-04 19:44:26,2026-09-04 15:45:04
NVDA,NVDA270115C00160000,NVDA,2027-01-15,C,160.0,74.05,157.0,74.45,344.0,0.4549,38998.0,63.0,0.9371,0.002,0.1756,-0.0289,0.5177,74.1479,0.93,75.0,78.55,74.33,up,74.38,2026-09-04T15:24:17,1.26617,73.4500007629394,229.88,2026-09-04 19:44:26,2026-09-04 15:45:04
NVDA,NVDA270115C00165000,NVDA,2027-01-15,C,165.0,69.3,146.0,70.2,370.0,0.4466,7545.0,24.0,0.9253,0.0023,0.1996,-0.0323,0.5246,69.6061,3.0,72.0,73.55,70.75,up,71.65,2026-09-04T12:49:28,4.37,68.6499977111816,229.88,2026-09-04 19:44:26,2026-09-04 15:45:04
NVDA,NVDA270115C00170000,NVDA,2027-01-15,C,170.0,65.05,19.0,65.55,371.0,0.4378,15805.0,52.0,0.9115,0.0027,0.2265,-0.036,0.5292,65.1427,1.275,68.35,69.5,65.15,down,65.35,2026-09-04T15:16:40,1.98985,64.0750007629394,229.88,2026-09-04 19:44:26,2026-09-04 15:45:04
NVDA,NVDA270115C00175000,NVDA,2027-01-15,C,175.0,60.65,304.0,60.95,374.0,0.4242,16679.0,283.0,0.8954,0.0031,0.2552,-0.04,0.5319,60.7736,1.07,62.15,65.0,60.78,down,60.87,2026-09-04T14:43:39,1.7893,59.7999992370606,229.88,2026-09-04 19:44:26,2026-09-04 15:45:04
NVDA,NVDA270115C00180000,NVDA,2027-01-15,C,180.0,56.4,346.0,56.6,297.0,0.416,48311.0,2011.0,0.8769,0.0035,0.2861,-0.0442,0.5318,56.5129,1.005,57.0,60.8,56.5,no_change,56.53,2026-09-04T15:29:07,1.81,55.5249996185303,229.88,2026-09-04 19:44:26,2026-09-04 15:45:04
NVDA,NVDA270115C00185000,NVDA,2027-01-15,C,185.0,52.3,9.0,52.8,386.0,0.416,15879.0,369.0,0.856,0.004,0.318,-0.0486,0.5295,52.375,1.37,53.21,56.4,52.55,up,52.72,2026-09-04T14:18:53,2.66796,51.3500003814697,229.88,2026-09-04 19:44:26,2026-09-04 15:45:04
NVDA,NVDA270115C00190000,NVDA,2027-01-15,C,190.0,48.3,30.0,48.5,359.0,0.406,23599.0,173.0,0.8325,0.0045,0.3508,-0.053,0.5242,48.3717,1.1,49.0,52.2,48.5,down,48.6,2026-09-04T15:22:17,2.31579,47.5,229.88,2026-09-04 19:44:26,2026-09-04 15:45:04
NVDA,NVDA270115C00195000,NVDA,2027-01-15,C,195.0,44.4,400.0,44.65,373.0,0.4002,19096.0,197.0,0.8066,0.0049,0.3831,-0.0574,0.5166,44.5375,1.1,46.0,48.14,44.7,down,44.75,2026-09-04T15:10:28,2.52005,43.6499996185303,229.88,2026-09-04 19:44:26,2026-09-04 15:45:04
NVDA,NVDA270115C00200000,NVDA,2027-01-15,C,200.0,40.8,3.0,40.9,17.0,0.3973,291730.0,2546.0,0.7782,0.0054,0.4149,-0.0616,0.5061,40.8403,0.85,41.38,45.07,40.7,down,40.85,2026-09-04T15:28:37,2.125,40.0,229.88,2026-09-04 19:44:26,2026-09-04 15:45:04
NVDA,NVDA270115C00205000,NVDA,2027-01-15,C,205.0,37.25,42.0,37.45,395.0,0.3932,4837.0,46.0,0.7478,0.0059,0.4447,-0.0655,0.4934,37.3295,0.87,37.41,41.4,37.32,down,37.32,2026-09-04T15:27:22,2.38683,36.4500007629394,229.88,2026-09-04 19:44:26,2026-09-04 15:45:04
NVDA,NVDA270115C00210000,NVDA,2027-01-15,C,210.0,33.9,87.0,34.3,577.0,0.3918,40912.0,333.0,0.7154,0.0063,0.4721,-0.0691,0.4781,33.9933,0.995,34.55,37.5,34.02,down,34.02,2026-09-04T15:28:38,3.01287,33.0249996185303,229.88,2026-09-04 19:44:26,2026-09-04 15:45:04
NVDA,NVDA270115C00215000,NVDA,2027-01-15,C,215.0,30.75,121.0,31.15,485.0,0.3888,11856.0,265.0,0.6813,0.0066,0.4963,-0.0722,0.4608,30.8444,0.875,31.35,34.2,30.9,down,30.9,2026-09-04T15:11:51,2.91424,30.0249996185303,229.88,2026-09-04 19:44:26,2026-09-04 15:45:04
NVDA,NVDA270115C00220000,NVDA,2027-01-15,C,220.0,27.8,148.0,28.0,539.0,0.3843,41195.0,4474.0,0.6458,0.007,0.5167,-0.0747,0.4418,27.8896,0.9,27.99,31.0,27.8,down,28.0,2026-09-04T15:19:20,3.32103,27.1000003814697,229.88,2026-09-04 19:44:26,2026-09-04 15:45:04
NVDA,NVDA270115C00225000,NVDA,2027-01-15,C,225.0,25.0,428.0,25.25,558.0,0.3818,13052.0,1392.0,0.6094,0.0072,0.5329,-0.0766,0.4209,25.1244,0.785,25.35,28.1,25.11,down,25.11,2026-09-04T15:25:28,3.22713,24.3250007629395,229.88,2026-09-04 19:44:26,2026-09-04 15:45:04
NVDA,NVDA270115C00230000,NVDA,2027-01-15,C,230.0,22.5,40.0,22.7,603.0,0.3804,40520.0,1915.0,0.5726,0.0074,0.5444,-0.0779,0.3993,22.5688,0.84,22.79,25.29,22.15,down,22.59,2026-09-04T15:26:15,3.86207,21.75,229.88,2026-09-04 19:44:26,2026-09-04 15:45:04
NVDA,NVDA270115C00235000,NVDA,2027-01-15,C,235.0,20.05,489.0,20.3,605.0,0.378,16366.0,1476.0,0.5351,0.0076,0.5512,-0.0785,0.3761,20.1795,0.725,20.35,22.69,20.02,down,20.15,2026-09-04T15:22:04,3.7323,19.4250001907349,229.88,2026-09-04 19:44:26,2026-09-04 15:45:04
NVDA,NVDA270115C00240000,NVDA,2027-01-15,C,240.0,17.95,206.0,18.15,592.0,0.377,46293.0,1262.0,0.4986,0.0076,0.5534,-0.0785,0.3533,18.0313,0.77,18.08,20.4,17.55,no_change,18.07,2026-09-04T15:27:39,4.45087,17.3000001907349,229.88,2026-09-04 19:44:26,2026-09-04 15:45:04
NVDA,NVDA270115C00245000,NVDA,2027-01-15,C,245.0,15.9,473.0,16.15,629.0,0.3753,11808.0,440.0,0.4619,0.0076,0.5507,-0.0778,0.3293,16.0276,0.9,15.8,18.07,15.78,down,16.2,2026-09-04T15:27:17,5.88235,15.2999997138977,229.88,2026-09-04 19:44:26,2026-09-04 15:45:04
NVDA,NVDA270115C00250000,NVDA,2027-01-15,C,250.0,14.2,26.0,14.35,616.0,0.3754,62067.0,1693.0,0.4264,0.0075,0.544,-0.0766,0.3062,14.2237,0.725,14.07,16.25,14.05,down,14.25,2026-09-04T15:23:36,5.36044,13.5250000953674,229.88,2026-09-04 19:44:26,2026-09-04 15:45:04
NVDA,NVDA270115C00255000,NVDA,2027-01-15,C,255.0,12.55,143.0,12.7,481.0,0.3742,17491.0,1755.0,0.3922,0.0074,0.5331,-0.0749,0.2829,12.598,0.825,13.0,14.35,12.55,no_change,12.75,2026-09-04T14:30:48,6.91824,11.9250001907349,229.88,2026-09-04 19:44:26,2026-09-04 15:45:04
NVDA,NVDA270115C00260000,NVDA,2027-01-15,C,260.0,11.1,105.0,11.25,654.0,0.3739,50957.0,771.0,0.3596,0.0072,0.5192,-0.0727,0.2609,11.1407,0.75,11.15,12.7,10.77,down,11.2,2026-09-04T15:15:29,7.17703,10.4500002861023,229.88,2026-09-04 19:44:26,2026-09-04 15:45:04
NVDA,NVDA270115C00265000,NVDA,2027-01-15,C,265.0,9.8,35.0,9.95,635.0,0.3735,11261.0,190.0,0.3289,0.007,0.5023,-0.0703,0.2396,9.8514,0.675,10.0,11.31,9.8,up,9.9,2026-09-04T15:17:34,7.31707,9.22500038146973,229.88,2026-09-04 19:44:26,2026-09-04 15:45:04
NVDA,NVDA270115C00270000,NVDA,2027-01-15,C,270.0,8.6,379.0,8.8,736.0,0.3735,29456.0,520.0,0.2995,0.0067,0.4828,-0.0674,0.2191,8.677,0.69,8.58,10.0,8.3,up,8.74,2026-09-04T15:09:40,8.57143,8.0499997138977,229.88,2026-09-04 19:44:26,2026-09-04 15:45:04
NVDA,NVDA270115C00275000,NVDA,2027-01-15,C,275.0,7.55,423.0,7.75,702.0,0.3734,5983.0,351.0,0.2721,0.0064,0.4616,-0.0644,0.1997,7.6403,0.625,7.45,8.85,7.25,no_change,7.65,2026-09-04T15:09:13,8.8968,7.02499985694885,229.88,2026-09-04 19:44:26,2026-09-04 15:45:04
NVDA,NVDA270115C00280000,NVDA,2027-01-15,C,280.0,6.65,436.0,6.8,748.0,0.3739,36096.0,1614.0,0.2464,0.0061,0.4386,-0.0611,0.1814,6.7126,0.6,6.35,7.7,6.35,no_change,6.75,2026-09-04T15:24:01,9.7561,6.14999985694885,229.88,2026-09-04 19:44:26,2026-09-04 15:45:04
NVDA,NVDA270115C00285000,NVDA,2027-01-15,C,285.0,5.85,406.0,6.0,668.0,0.3747,6772.0,3418.0,0.2228,0.0057,0.4155,-0.0578,0.1646,5.903,0.5,6.5,6.75,5.82,down,5.9,2026-09-04T15:23:35,9.25926,5.40000009536743,229.88,2026-09-04 19:44:26,2026-09-04 15:45:04
NVDA,NVDA270115C00290000,NVDA,2027-01-15,C,290.0,5.15,262.0,5.3,708.0,0.3757,38954.0,204.0,0.2012,0.0054,0.3915,-0.0545,0.1489,5.1901,0.475,4.95,6.01,4.75,down,5.2,2026-09-04T14:32:01,10.0529,4.72500014305115,229.88,2026-09-04 19:44:26,2026-09-04 15:45:04
NVDA,NVDA270115C00295000,NVDA,2027-01-15,C,295.0,4.5,527.0,4.65,703.0,0.376,4356.0,188.0,0.1814,0.005,0.368,-0.0512,0.1347,4.5627,0.4,4.35,5.25,4.35,down,4.5,2026-09-04T15:08:37,9.75609,4.10000014305115,229.88,2026-09-04 19:44:26,2026-09-04 15:45:04
NVDA,NVDA270115C00300000,NVDA,2027-01-15,C,300.0,3.95,722.0,4.05,626.0,0.3761,64531.0,3454.0,0.1636,0.0047,0.3447,-0.048,0.1216,4.0181,0.46,3.8,4.6,3.6,up,4.01,2026-09-04T15:28:35,12.9577,3.54999995231628,229.88,2026-09-04 19:44:26,2026-09-04 15:45:04
NVDA,NVDA270115C00310000,NVDA,2027-01-15,C,310.0,3.05,508.0,3.15,648.0,0.3785,9852.0,6259.0,0.1324,0.0041,0.3,-0.0418,0.0988,3.112,0.365,2.9,3.53,2.9,down,3.1,2026-09-04T15:12:35,13.3455,2.73500001430511,229.88,2026-09-04 19:44:26,2026-09-04 15:45:04
NVDA,NVDA270115C00320000,NVDA,2027-01-15,C,320.0,2.38,125.0,2.43,224.0,0.3811,10611.0,150.0,0.1069,0.0035,0.2583,-0.0361,0.0799,2.4134,0.305,2.48,2.75,2.32,down,2.4,2026-09-04T13:35:04,14.5585,2.09499990940094,229.88,2026-09-04 19:44:26,2026-09-04 15:45:04
NVDA,NVDA270115C00330000,NVDA,2027-01-15,C,330.0,1.86,502.0,1.91,452.0,0.3847,6253.0,294.0,0.0862,0.0029,0.2209,-0.0309,0.0645,1.8774,0.27,1.76,2.12,1.76,up,1.88,2026-09-04T15:04:07,16.7702,1.61000001430511,229.88,2026-09-04 19:44:26,2026-09-04 15:45:04
NVDA,NVDA270115C00340000,NVDA,2027-01-15,C,340.0,1.45,497.0,1.5,500.0,0.388,73174.0,995.0,0.0695,0.0025,0.1882,-0.0264,0.0521,1.4648,0.245,1.38,1.66,1.36,up,1.5,2026-09-04T14:50:48,19.5219,1.25499999523163,229.88,2026-09-04 19:44:26,2026-09-04 15:45:04
NVDA,NVDA270115C00350000,NVDA,2027-01-15,C,350.0,1.14,217.0,1.19,544.0,0.3916,8901.0,397.0,0.0562,0.0021,0.1596,-0.0225,0.0421,1.1498,0.17,1.1,1.27,1.05,no_change,1.15,2026-09-04T14:56:04,17.3469,0.979999989271164,229.88,2026-09-04 19:44:26,2026-09-04 15:45:04
NVDA,NVDA270115C00360000,NVDA,2027-01-15,C,360.0,0.9,218.0,0.94,503.0,0.3951,9070.0,138.0,0.0455,0.0017,0.1352,-0.0191,0.0341,0.9065,0.14,0.79,1.0,0.79,up,0.92,2026-09-04T14:54:17,17.9487,0.780000001192093,229.88,2026-09-04 19:44:26,2026-09-04 15:45:04
NVDA,NVDA270115C00370000,NVDA,2027-01-15,C,370.0,0.7,567.0,0.75,491.0,0.3981,5411.0,19.0,0.0369,0.0014,0.1144,-0.0162,0.0277,0.7186,0.12,0.81,0.83,0.73,down,0.74,2026-09-04T13:13:47,19.3548,0.620000004768372,229.88,2026-09-04 19:44:26,2026-09-04 15:45:04
NVDA,NVDA270115C00380000,NVDA,2027-01-15,C,380.0,0.55,572.0,0.6,543.0,0.4014,3229.0,27.0,0.0301,0.0012,0.0968,-0.0138,0.0226,0.5725,0.14,0.58,0.66,0.51,up,0.63,2026-09-04T13:05:59,28.5714,0.489999994635582,229.88,2026-09-04 19:44:26,2026-09-04 15:45:04
NVDA,NVDA270115C00390000,NVDA,2027-01-15,C,390.0,0.39,630.0,0.48,522.0,0.4017,3772.0,3.0,0.0246,0.001,0.0819,-0.0117,0.0184,0.4579,0.05,0.46,0.49,0.44,down,0.44,2026-09-04T10:49:26,12.8205,0.390000000596046,229.88,2026-09-04 19:44:26,2026-09-04 15:45:04
NVDA,NVDA270115C00400000,NVDA,2027-01-15,C,400.0,0.35,865.0,0.39,669.0,0.4085,6883.0,355.0,0.0202,0.0008,0.0694,-0.0099,0.0151,0.3688,0.05,0.38,0.43,0.34,no_change,0.37,2026-09-04T15:16:53,15.625,0.320000007748604,229.88,2026-09-04 19:44:26,2026-09-04 15:45:04
NVDA,NVDA270115C00410000,NVDA,2027-01-15,C,410.0,0.24,842.0,0.42,910.0,0.4174,2245.0,10.0,0.0166,0.0007,0.0589,-0.0085,0.0124,0.299,0.075,0.26,0.34,0.26,down,0.31,2026-09-04T10:11:23,31.9149,0.234999991953373,229.88,2026-09-04 19:44:26,2026-09-04 15:45:04
NVDA,NVDA270115C00420000,NVDA,2027-01-15,C,420.0,0.22,620.0,0.25,339.0,0.4138,11219.0,198.0,0.0137,0.0006,0.0502,-0.0072,0.0103,0.2432,0.01,0.23,0.28,0.2,down,0.23,2026-09-04T15:11:27,4.54545,0.219999998807907,229.88,2026-09-04 19:44:26,2026-09-04 15:45:04
NVDA,NVDA270115C00430000,NVDA,2027-01-15,C,430.0,0.12,890.0,0.32,916.0,0.4244,2585.0,2.0,0.0114,0.0005,0.0426,-0.0062,0.0085,0.1985,0.055,0.22,0.22,0.22,up,0.22,2026-09-04T09:43:53,33.3333,0.16499999910593,229.88,2026-09-04 19:44:26,2026-09-04 15:45:04
NVDA,NVDA270115C00440000,NVDA,2027-01-15,C,440.0,0.15,461.0,0.27,630.0,0.4353,1829.0,66.0,0.0095,0.0004,0.0365,-0.0053,0.0071,0.1633,0.015,0.16,0.2,0.15,up,0.16,2026-09-04T12:40:10,10.3448,0.145000003278255,229.88,2026-09-04 19:44:26,2026-09-04 15:45:04
NVDA,NVDA270115C00450000,NVDA,2027-01-15,C,450.0,0.1,569.0,0.16,570.0,0.4245,3408.0,38.0,0.0079,0.0004,0.0312,-0.0046,0.0059,0.1347,0.045,0.12,0.15,0.1,up,0.15,2026-09-04T11:23:58,42.8571,0.105000000447035,229.88,2026-09-04 19:44:26,2026-09-04 15:45:04
NVDA,NVDA270115C00455000,NVDA,2027-01-15,C,455.0,0.01,1137.0,0.24,924.0,0.4288,704.0,23.0,0.0072,0.0003,0.0288,-0.0042,0.0054,0.1225,-0.005,0.15,0.15,0.11,down,0.11,2026-09-04T11:31:35,-4.34783,0.11500000115484,229.88,2026-09-04 19:44:26,2026-09-04 15:45:04
NVDA,NVDA270115C00460000,NVDA,2027-01-15,C,460.0,0.1,511.0,0.12,632.0,0.429,29118.0,9749.0,0.0066,0.0003,0.0267,-0.0039,0.0049,0.1116,0.01,0.09,0.13,0.09,down,0.1,2026-09-04T15:25:49,11.1111,0.0899999998509884,229.88,2026-09-04 19:44:26,2026-09-04 15:45:04
NVDA,NVDA270115P00005000,NVDA,2027-01-15,P,5.0,0.0,0.0,0.01,73.0,1.965,9182.0,0.0,0.0,0.0,0.0002,-0.0001,0.0,0.0023,0.0,0.0,0.0,0.0,no_change,0.01,2026-08-26T13:54:16,0.0,0.00499999988824129,229.88,2026-09-04 19:44:26,2026-09-04 15:45:04
NVDA,NVDA270115P00010000,NVDA,2027-01-15,P,10.0,0.0,0.0,0.06,305.0,1.8422,3238.0,0.0,-0.0001,0.0,0.0004,-0.0002,-0.0001,0.0046,0.0,0.0,0.0,0.0,no_change,0.01,2026-08-27T10:08:03,0.0,0.00999999977648258,229.88,2026-09-04 19:44:26,2026-09-04 15:45:04
NVDA,NVDA270115P00015000,NVDA,2027-01-15,P,15.0,0.0,0.0,0.01,150.0,1.3737,33272.0,0.0,-0.0001,0.0,0.0007,-0.0004,-0.0001,0.0076,0.0,0.0,0.0,0.0,no_change,0.01,2026-08-24T09:47:49,0.0,0.00499999988824129,229.88,2026-09-04 19:44:26,2026-09-04 15:45:04
NVDA,NVDA270115P00020000,NVDA,2027-01-15,P,20.0,0.0,0.0,0.04,290.0,1.3666,12574.0,0.0,-0.0002,0.0,0.0011,-0.0005,-0.0002,0.0111,0.0,0.0,0.0,0.0,no_change,0.01,2026-09-01T13:40:31,0.0,0.0199999995529652,229.88,2026-09-04 19:44:26,2026-09-04 15:45:04
NVDA,NVDA270115P00025000,NVDA,2027-01-15,P,25.0,0.0,0.0,0.04,56.0,1.2394,17943.0,0.0,-0.0003,0.0,0.0016,-0.0007,-0.0003,0.0154,0.0,0.0,0.0,0.0,up,0.02,2026-08-19T14:24:04,0.0,0.0149999996647239,229.88,2026-09-04 19:44:26,2026-09-04 15:45:04
NVDA,NVDA270115P00030000,NVDA,2027-01-15,P,30.0,0.0,0.0,0.03,50.0,1.1097,2996.0,0.0,-0.0004,0.0,0.0022,-0.0009,-0.0004,0.0206,0.0,0.0,0.0,0.0,no_change,0.02,2026-08-28T15:31:39,0.0,0.0149999996647239,229.88,2026-09-04 19:44:26,2026-09-04 15:45:04
NVDA,NVDA270115P00035000,NVDA,2027-01-15,P,35.0,0.01,50.0,0.03,50.0,1.0507,6600.0,0.0,-0.0006,0.0,0.0029,-0.0011,-0.0006,0.0267,0.0,0.0,0.0,0.0,no_change,0.03,2026-08-28T14:19:06,0.0,0.0199999995529652,229.88,2026-09-04 19:44:26,2026-09-04 15:45:04
NVDA,NVDA270115P00040000,NVDA,2027-01-15,P,40.0,0.01,411.0,0.1,366.0,1.0721,2618.0,0.0,-0.0008,0.0,0.0038,-0.0014,-0.0007,0.034,0.0,0.0,0.0,0.0,up,0.03,2026-09-02T10:48:44,0.0,0.0300000002607703,229.88,2026-09-04 19:44:26,2026-09-04 15:45:04
NVDA,NVDA270115P00045000,NVDA,2027-01-15,P,45.0,0.02,330.0,0.08,558.0,0.9916,7260.0,1.0,-0.001,0.0,0.0048,-0.0016,-0.001,0.0426,-0.01,0.04,0.04,0.04,down,0.04,2026-09-04T10:00:05,-20.0,0.0499999988824129,229.88,2026-09-04 19:44:26,2026-09-04 15:45:04
NVDA,NVDA270115P00050000,NVDA,2027-01-15,P,50.0,0.04,73.0,0.05,3.0,0.9194,12561.0,3.0,-0.0013,0.0,0.0059,-0.002,-0.0012,0.0526,0.005,0.05,0.05,0.05,up,0.05,2026-09-04T13:24:37,11.1111,0.0449999989941716,229.88,2026-09-04 19:44:26,2026-09-04 15:45:04
NVDA,NVDA270115P00055000,NVDA,2027-01-15,P,55.0,0.01,553.0,0.09,592.0,0.8725,3893.0,20.0,-0.0016,0.0,0.0074,-0.0023,-0.0015,0.0643,0.01,0.08,0.08,0.07,down,0.07,2026-09-04T11:12:48,16.6667,0.0600000014528632,229.88,2026-09-04 19:44:26,2026-09-04 15:45:04
NVDA,NVDA270115P00060000,NVDA,2027-01-15,P,60.0,0.05,410.0,0.1,669.0,0.8556,15885.0,2.0,-0.002,0.0,0.0089,-0.0027,-0.0019,0.0779,0.005,0.08,0.08,0.08,no_change,0.08,2026-09-04T13:33:26,6.66667,0.0750000011175871,229.88,2026-09-04 19:44:26,2026-09-04 15:45:04
NVDA,NVDA270115P00065000,NVDA,2027-01-15,P,65.0,0.04,345.0,0.11,323.0,0.8067,6279.0,1.0,-0.0025,0.0001,0.0108,-0.0032,-0.0023,0.0936,0.005,0.08,0.08,0.08,down,0.08,2026-09-04T15:12:48,6.66667,0.0749999983236194,229.88,2026-09-04 19:44:26,2026-09-04 15:45:04
NVDA,NVDA270115P00070000,NVDA,2027-01-15,P,70.0,0.08,902.0,0.14,566.0,0.7939,13430.0,75.0,-0.0031,0.0001,0.013,-0.0037,-0.0028,0.1117,0.025,0.12,0.12,0.09,up,0.11,2026-09-04T13:51:28,29.4118,0.0849999990314245,229.88,2026-09-04 19:44:26,2026-09-04 15:45:04
NVDA,NVDA270115P00075000,NVDA,2027-01-15,P,75.0,0.13,182.0,0.14,3.0,0.7681,10517.0,4.0,-0.0037,0.0001,0.0154,-0.0042,-0.0034,0.1327,-0.02,0.14,0.14,0.12,down,0.12,2026-09-04T15:21:14,-14.2857,0.140000000596046,229.88,2026-09-04 19:44:26,2026-09-04 15:45:04
NVDA,NVDA270115P00080000,NVDA,2027-01-15,P,80.0,0.13,737.0,0.18,565.0,0.7385,26856.0,12.0,-0.0045,0.0001,0.0182,-0.0048,-0.004,0.1567,0.01,0.13,0.17,0.13,up,0.17,2026-09-04T12:37:51,6.25,0.159999996423721,229.88,2026-09-04 19:44:26,2026-09-04 15:45:04
NVDA,NVDA270115P00085000,NVDA,2027-01-15,P,85.0,0.18,296.0,0.21,570.0,0.7188,13684.0,3.0,-0.0054,0.0001,0.0216,-0.0055,-0.0048,0.1843,-0.04,0.16,0.2,0.16,down,0.18,2026-09-04T15:21:42,-18.1818,0.220000006258488,229.88,2026-09-04 19:44:26,2026-09-04 15:45:04
NVDA,NVDA270115P00090000,NVDA,2027-01-15,P,90.0,0.19,401.0,0.25,528.0,0.6911,28815.0,19.0,-0.0064,0.0002,0.0252,-0.0062,-0.0058,0.2159,-0.03,0.2,0.23,0.19,down,0.19,2026-09-04T15:12:48,-13.6364,0.219999998807907,229.88,2026-09-04 19:44:26,2026-09-04 15:45:04
NVDA,NVDA270115P00095000,NVDA,2027-01-15,P,95.0,0.22,310.0,0.28,437.0,0.6655,22467.0,0.0,-0.0076,0.0002,0.0293,-0.007,-0.0068,0.2521,0.0,0.0,0.0,0.0,no_change,0.27,2026-09-03T13:27:05,0.0,0.260000005364418,229.88,2026-09-04 19:44:26,2026-09-04 15:45:04
NVDA,NVDA270115P00100000,NVDA,2027-01-15,P,100.0,0.3,98.0,0.33,534.0,0.6506,185352.0,20.0,-0.009,0.0003,0.0342,-0.0079,-0.0081,0.2934,0.04,0.29,0.33,0.29,up,0.33,2026-09-04T15:17:11,13.7931,0.290000006556511,229.88,2026-09-04 19:44:26,2026-09-04 15:45:04
NVDA,NVDA270115P00105000,NVDA,2027-01-15,P,105.0,0.32,340.0,0.36,184.0,0.6226,18581.0,0.0,-0.0106,0.0003,0.0394,-0.0088,-0.0095,0.341,0.0,0.0,0.0,0.0,no_change,0.35,2026-09-02T11:31:50,0.0,0.340000003576279,229.88,2026-09-04 19:44:26,2026-09-04 15:45:04
NVDA,NVDA270115P00110000,NVDA,2027-01-15,P,110.0,0.38,415.0,0.42,842.0,0.6036,23378.0,1.0,-0.0125,0.0004,0.0454,-0.0099,-0.0111,0.3954,0.02,0.42,0.42,0.42,up,0.42,2026-09-04T12:47:31,5.0,0.399999991059303,229.88,2026-09-04 19:44:26,2026-09-04 15:45:04
NVDA,NVDA270115P00115000,NVDA,2027-01-15,P,115.0,0.45,417.0,0.48,758.0,0.5845,20390.0,11.0,-0.0147,0.0005,0.0524,-0.011,-0.0131,0.4579,-0.02,0.46,0.46,0.46,no_change,0.46,2026-09-04T13:37:27,-4.16667,0.480000004172325,229.88,2026-09-04 19:44:26,2026-09-04 15:45:04
NVDA,NVDA270115P00120000,NVDA,2027-01-15,P,120.0,0.51,572.0,0.55,898.0,0.5642,32526.0,17.0,-0.0173,0.0006,0.0601,-0.0123,-0.0153,0.5308,-0.035,0.54,0.54,0.5,down,0.5,2026-09-04T14:53:29,-6.54206,0.534999996423721,229.88,2026-09-04 19:44:26,2026-09-04 15:45:04
NVDA,NVDA270115P00125000,NVDA,2027-01-15,P,125.0,0.6,463.0,0.64,874.0,0.5472,18748.0,13.0,-0.0203,0.0006,0.0688,-0.0136,-0.0179,0.6154,-0.015,0.6,0.62,0.6,down,0.6,2026-09-04T12:03:44,-2.43903,0.615000009536743,229.88,2026-09-04 19:44:26,2026-09-04 15:45:04
NVDA,NVDA270115P00130000,NVDA,2027-01-15,P,130.0,0.67,662.0,0.74,459.0,0.5284,28292.0,219.0,-0.0238,0.0008,0.0792,-0.0152,-0.021,0.7142,-0.005,0.68,0.71,0.68,up,0.71,2026-09-04T13:48:05,-0.699301,0.715000003576279,229.88,2026-09-04 19:44:26,2026-09-04 15:45:04
NVDA,NVDA270115P00135000,NVDA,2027-01-15,P,135.0,0.8,637.0,0.85,212.0,0.5127,17800.0,41.0,-0.028,0.0009,0.0902,-0.0169,-0.0245,0.8323,0.0,0.8,0.83,0.8,down,0.82,2026-09-04T14:44:13,8.72263e-07,0.819999992847443,229.88,2026-09-04 19:44:26,2026-09-04 15:45:04
NVDA,NVDA270115P00140000,NVDA,2027-01-15,P,140.0,0.96,641.0,1.0,485.0,0.4992,27851.0,43.0,-0.033,0.0011,0.1032,-0.0188,-0.0288,0.9733,0.005,0.94,0.99,0.91,down,0.98,2026-09-04T15:08:02,0.512821,0.974999994039536,229.88,2026-09-04 19:44:26,2026-09-04 15:45:04
NVDA,NVDA270115P00145000,NVDA,2027-01-15,P,145.0,1.14,516.0,1.17,374.0,0.4853,14653.0,31.0,-0.039,0.0013,0.1186,-0.021,-0.034,1.1448,-0.005,1.07,1.14,1.06,up,1.14,2026-09-04T15:28:31,-0.43668,1.14499998092651,229.88,2026-09-04 19:44:26,2026-09-04 15:45:04
NVDA,NVDA270115P00150000,NVDA,2027-01-15,P,150.0,1.32,671.0,1.37,154.0,0.471,136042.0,3242.0,-0.046,0.0015,0.1353,-0.0234,-0.04,1.352,-0.035,1.3,1.35,1.23,down,1.33,2026-09-04T14:32:39,-2.5641,1.36500000953674,229.88,2026-09-04 19:44:26,2026-09-04 15:45:04
NVDA,NVDA270115P00155000,NVDA,2027-01-15,P,155.0,1.57,603.0,1.63,109.0,0.4594,17015.0,84.0,-0.0545,0.0017,0.1554,-0.0262,-0.0473,1.6055,-0.025,1.47,1.63,1.43,up,1.58,2026-09-04T14:39:58,-1.55763,1.60500001907349,229.88,2026-09-04 19:44:26,2026-09-04 15:45:04
NVDA,NVDA270115P00160000,NVDA,2027-01-15,P,160.0,1.9,585.0,1.94,490.0,0.4492,27197.0,254.0,-0.0646,0.002,0.1768,-0.0293,-0.0558,1.9165,-0.045,1.8,1.93,1.7,down,1.91,2026-09-04T15:29:17,-2.30179,1.9549999833107,229.88,2026-09-04 19:44:26,2026-09-04 15:45:04
NVDA,NVDA270115P00165000,NVDA,2027-01-15,P,165.0,2.27,669.0,2.33,193.0,0.4397,20586.0,109.0,-0.0766,0.0024,0.2017,-0.0327,-0.0659,2.2949,-0.005,2.1,2.3,2.02,up,2.3,2026-09-04T15:08:15,-0.216917,2.30499994754791,229.88,2026-09-04 19:44:26,2026-09-04 15:45:04
NVDA,NVDA270115P00170000,NVDA,2027-01-15,P,170.0,2.74,549.0,2.79,151.0,0.4312,36944.0,173.0,-0.0907,0.0027,0.2282,-0.0365,-0.0778,2.7565,0.025,2.6,2.79,2.43,up,2.79,2026-09-04T15:12:11,0.90416,2.76499998569489,229.88,2026-09-04 19:44:26,2026-09-04 15:45:04
NVDA,NVDA270115P00175000,NVDA,2027-01-15,P,175.0,3.25,690.0,3.35,431.0,0.4227,24340.0,137.0,-0.107,0.0032,0.2579,-0.0406,-0.0914,3.3123,-0.015,3.05,3.35,2.88,up,3.31,2026-09-04T15:08:20,-0.451129,3.32500004768372,229.88,2026-09-04 19:44:26,2026-09-04 15:45:04
NVDA,NVDA270115P00180000,NVDA,2027-01-15,P,180.0,3.9,696.0,4.05,707.0,0.4163,148760.0,632.0,-0.1258,0.0036,0.2883,-0.0449,-0.1071,3.9801,-0.03,3.75,3.97,3.49,up,3.97,2026-09-04T15:28:52,-0.750003,4.00000011920929,229.88,2026-09-04 19:44:26,2026-09-04 15:45:04
NVDA,NVDA270115P00185000,NVDA,2027-01-15,P,185.0,4.7,720.0,4.85,630.0,0.4106,20530.0,227.0,-0.1471,0.0041,0.3215,-0.0494,-0.1247,4.771,-0.025,4.55,4.75,4.21,no_change,4.75,2026-09-04T15:20:36,-0.523557,4.77499985694885,229.88,2026-09-04 19:44:26,2026-09-04 15:45:04
NVDA,NVDA270115P00190000,NVDA,2027-01-15,P,190.0,5.65,702.0,5.75,156.0,0.4051,40630.0,337.0,-0.1711,0.0046,0.3533,-0.054,-0.1446,5.7031,-0.05,5.6,5.75,5.0,down,5.7,2026-09-04T15:27:01,-0.869565,5.75,229.88,2026-09-04 19:44:26,2026-09-04 15:45:04
NVDA,NVDA270115P00195000,NVDA,2027-01-15,P,195.0,6.7,784.0,6.85,328.0,0.4002,15195.0,146.0,-0.1976,0.005,0.3868,-0.0585,-0.1662,6.7875,0.025,6.53,6.85,5.96,up,6.85,2026-09-04T15:19:34,0.3663,6.82500004768372,229.88,2026-09-04 19:44:26,2026-09-04 15:45:04
NVDA,NVDA270115P00200000,NVDA,2027-01-15,P,200.0,8.0,653.0,8.1,198.0,0.3966,72725.0,1721.0,-0.2267,0.0055,0.4178,-0.0629,-0.1892,8.0435,0.0,7.9,8.1,7.0,up,8.1,2026-09-04T15:26:54,1.17738e-06,8.09999990463257,229.88,2026-09-04 19:44:26,2026-09-04 15:45:04
NVDA,NVDA270115P00205000,NVDA,2027-01-15,P,205.0,9.35,743.0,9.55,399.0,0.3925,14465.0,108.0,-0.2578,0.006,0.4479,-0.067,-0.2136,9.4636,-0.1,9.0,9.4,8.38,up,9.4,2026-09-04T14:57:57,-1.05263,9.5,229.88,2026-09-04 19:44:26,2026-09-04 15:45:04
NVDA,NVDA270115P00210000,NVDA,2027-01-15,P,210.0,10.95,773.0,11.15,188.0,0.389,18088.0,740.0,-0.2911,0.0064,0.4747,-0.0708,-0.2392,11.0739,-0.15,10.6,11.05,9.65,no_change,11.0,2026-09-04T15:04:14,-1.34529,11.1500000953674,229.88,2026-09-04 19:44:26,2026-09-04 15:45:04
NVDA,NVDA270115P00215000,NVDA,2027-01-15,P,215.0,12.75,756.0,13.0,600.0,0.3864,11506.0,720.0,-0.3263,0.0068,0.4987,-0.0742,-0.265,12.8844,-0.125,12.02,12.85,11.4,up,12.85,2026-09-04T15:09:57,-0.963394,12.9750003814697,229.88,2026-09-04 19:44:26,2026-09-04 15:45:04
NVDA,NVDA270115P00220000,NVDA,2027-01-15,P,220.0,14.75,710.0,15.0,568.0,0.384,13584.0,436.0,-0.3626,0.0072,0.5186,-0.077,-0.2899,14.8799,-0.2,14.58,14.85,13.2,down,14.8,2026-09-04T15:17:36,-1.33333,15.0,229.88,2026-09-04 19:44:26,2026-09-04 15:45:04
NVDA,NVDA270115P00225000,NVDA,2027-01-15,P,225.0,16.95,685.0,17.2,528.0,0.3812,8062.0,1439.0,-0.4006,0.0075,0.5337,-0.0792,-0.3161,17.1084,-0.25,16.77,17.0,15.2,no_change,17.0,2026-09-04T15:17:36,-1.44928,17.25,229.88,2026-09-04 19:44:26,2026-09-04 15:45:04
NVDA,NVDA270115P00230000,NVDA,2027-01-15,P,230.0,19.35,642.0,19.6,480.0,0.3793,9541.0,1615.0,-0.4387,0.0077,0.5439,-0.0808,-0.3403,19.5011,-0.25,18.75,19.45,17.5,no_change,19.4,2026-09-04T15:17:36,-1.27226,19.6499996185303,229.88,2026-09-04 19:44:26,2026-09-04 15:45:04
NVDA,NVDA270115P00235000,NVDA,2027-01-15,P,235.0,21.95,641.0,22.2,126.0,0.3769,4725.0,229.0,-0.4776,0.0079,0.5491,-0.0818,-0.3642,22.1365,-0.14,20.75,22.16,19.85,up,22.16,2026-09-04T15:26:54,-0.627804,22.3000001907349,229.88,2026-09-04 19:44:26,2026-09-04 15:45:04
NVDA,NVDA270115P00240000,NVDA,2027-01-15,P,240.0,24.8,617.0,25.05,406.0,0.3765,8112.0,42.0,-0.5159,0.008,0.5489,-0.0822,-0.3842,24.9301,-0.275,23.6,24.9,22.6,down,24.85,2026-09-04T15:21:11,-1.09453,25.125,229.88,2026-09-04 19:44:26,2026-09-04 15:45:04
NVDA,NVDA270115P00245000,NVDA,2027-01-15,P,245.0,27.8,605.0,28.05,251.0,0.375,1831.0,97.0,-0.5542,0.008,0.544,-0.082,-0.4035,27.9465,-0.05,26.85,27.9,25.43,up,27.9,2026-09-04T15:12:48,-0.17889,27.9499998092651,229.88,2026-09-04 19:44:26,2026-09-04 15:45:04
NVDA,NVDA270115P00250000,NVDA,2027-01-15,P,250.0,31.0,591.0,31.25,179.0,0.3739,2873.0,122.0,-0.5917,0.008,0.5334,-0.0813,-0.4161,31.1519,-0.05,28.45,31.1,28.25,up,31.1,2026-09-04T15:23:33,-0.160512,31.1499996185303,229.88,2026-09-04 19:44:26,2026-09-04 15:45:04
NVDA,NVDA270115P00255000,NVDA,2027-01-15,P,255.0,33.95,957.0,34.65,190.0,0.369,643.0,28.0,-0.6282,0.0079,0.5193,-0.08,-0.4295,34.5442,-1.3,31.97,33.65,31.82,up,33.65,2026-09-04T13:08:08,-3.7196,34.9500007629394,229.88,2026-09-04 19:44:26,2026-09-04 15:45:04
NVDA,NVDA270115P00260000,NVDA,2027-01-15,P,260.0,37.5,704.0,38.2,77.0,0.368,3044.0,90.0,-0.6635,0.0078,0.4997,-0.0784,-0.4333,38.1091,-2.3,35.85,36.0,34.7,no_change,36.0,2026-09-04T10:54:56,-6.00522,38.3000011444092,229.88,2026-09-04 19:44:26,2026-09-04 15:45:04
NVDA,NVDA270115P00265000,NVDA,2027-01-15,P,265.0,41.2,767.0,41.95,200.0,0.3674,481.0,0.0,-0.6972,0.0076,0.4779,-0.0764,-0.4394,41.8418,0.0,0.0,0.0,0.0,down,41.9,2026-09-03T14:53:28,0.0,42.4250011444092,229.88,2026-09-04 19:44:26,2026-09-04 15:45:04
NVDA,NVDA270115P00270000,NVDA,2027-01-15,P,270.0,45.35,641.0,45.8,8.0,0.3695,1237.0,64.0,-0.7294,0.0074,0.4509,-0.0742,-0.4355,45.7317,-0.575,42.5,45.35,42.02,up,45.35,2026-09-04T15:05:04,-1.25204,45.9250011444092,229.88,2026-09-04 19:44:26,2026-09-04 15:45:04
NVDA,NVDA270115P00275000,NVDA,2027-01-15,P,275.0,48.6,588.0,49.85,78.0,0.36,768.0,70.0,-0.7598,0.0071,0.4235,-0.0717,-0.4298,49.7691,-3.945,46.23,46.23,46.23,no_change,46.23,2026-09-04T09:56:27,-7.86248,50.1750011444092,229.88,2026-09-04 19:44:26,2026-09-04 15:45:04
NVDA,NVDA270115P00280000,NVDA,2027-01-15,P,280.0,52.95,445.0,54.0,42.0,0.3619,2462.0,42.0,-0.7884,0.0069,0.3934,-0.0691,-0.4166,53.9187,-1.325,51.4,53.3,50.2,up,53.3,2026-09-04T14:39:28,-2.42563,54.625,229.88,2026-09-04 19:44:26,2026-09-04 15:45:04
NVDA,NVDA270115P00285000,NVDA,2027-01-15,P,285.0,57.15,426.0,58.25,7.0,0.3594,233.0,26.0,-0.8151,0.0066,0.3605,-0.0663,-0.399,58.2061,-0.625,57.45,57.45,57.45,down,57.45,2026-09-04T13:30:20,-1.07619,58.0749988555908,229.88,2026-09-04 19:44:26,2026-09-04 15:45:04
NVDA,NVDA270115P00290000,NVDA,2027-01-15,P,290.0,61.6,437.0,63.6,429.0,0.3753,509.0,1.0,-0.8403,0.0063,0.3269,-0.0639,-0.3801,62.5846,-2.225,60.55,60.55,60.55,down,60.55,2026-09-04T11:11:11,-3.5444,62.7749996185303,229.88,2026-09-04 19:44:26,2026-09-04 15:45:04
NVDA,NVDA270115P00295000,NVDA,2027-01-15,P,295.0,66.05,242.0,67.1,9.0,0.3568,57.0,0.0,-0.8633,0.006,0.2925,-0.061,-0.3516,67.0777,0.0,0.0,0.0,0.0,no_change,66.68,2026-09-03T14:12:20,0.0,67.2000007629394,229.88,2026-09-04 19:44:26,2026-09-04 15:45:04
NVDA,NVDA270115P00300000,NVDA,2027-01-15,P,300.0,70.75,429.0,71.7,9.0,0.3582,1701.0,26.0,-0.8847,0.0056,0.2569,-0.0582,-0.317,71.6504,-4.175,69.4,69.4,68.35,no_change,68.35,2026-09-04T10:34:55,-5.75664,72.5250015258789,229.88,2026-09-04 19:44:26,2026-09-04 15:45:04
NVDA,NVDA270115P00310000,NVDA,2027-01-15,P,310.0,80.1,301.0,81.45,301.0,0.3637,52.0,17.0,-0.9215,0.0048,0.1934,-0.0513,-0.262,81.0177,-3.45,78.0,78.0,78.0,down,78.0,2026-09-04T09:43:49,-4.23573,81.4500007629394,229.88,2026-09-04 19:44:26,2026-09-04 15:45:04
NVDA,NVDA270115P00320000,NVDA,2027-01-15,P,320.0,89.25,120.0,91.05,78.0,0.0,1.0,0.0,-0.9506,0.0038,0.1296,-0.0409,-0.1861,90.6323,0.0,0.0,0.0,0.0,up,120.59,2026-07-17T09:50:46,0.0,90.9500007629394,229.88,2026-09-04 19:44:26,2026-09-04 15:45:04
NVDA,NVDA270115P00330000,NVDA,2027-01-15,P,330.0,99.15,134.0,100.75,68.0,0.0,0.0,0.0,-0.9712,0.0027,0.0706,-0.0285,-0.1092,100.4124,0.0,0.0,0.0,0.0,no_change,112.7,2026-08-19T10:12:30,0.0,100.800003051758,229.88,2026-09-04 19:44:26,2026-09-04 15:45:04
NVDA,NVDA270115P00340000,NVDA,2027-01-15,P,340.0,109.15,149.0,111.4,75.0,0.3806,0.0,0.0,-0.985,0.0017,0.0476,-0.0169,-0.0903,110.2953,0.0,0.0,0.0,0.0,up,120.7,2026-08-31T09:30:57,0.0,110.75,229.88,2026-09-04 19:44:26,2026-09-04 15:45:04
NVDA,NVDA270115P00350000,NVDA,2027-01-15,P,350.0,119.15,90.0,120.6,6.0,0.0,0.0,0.0,-0.9927,0.001,0.018,-0.0081,-0.0512,120.2487,0.0,0.0,0.0,0.0,up,137.49,2026-06-05T09:51:56,0.0,121.25,229.88,2026-09-04 19:44:26,2026-09-04 15:45:04
NVDA,NVDA270115P00360000,NVDA,2027-01-15,P,360.0,126.0,75.0,133.8,57.0,0.0,0.0,0.0,-0.9971,0.0005,0.0099,-0.0028,-0.0334,130.2238,0.0,0.0,0.0,0.0,up,140.95,2026-08-11T10:43:32,0.0,130.525001525879,229.88,2026-09-04 19:44:26,2026-09-04 15:45:04
NVDA,NVDA270115P00370000,NVDA,2027-01-15,P,370.0,136.0,65.0,143.75,60.0,0.0,0.0,0.0,-0.9988,0.0002,0.0023,-0.0009,-0.0333,140.2062,0.0,0.0,0.0,0.0,no_change,150.97,2026-06-04T13:34:53,0.0,140.525001525879,229.88,2026-09-04 19:44:26,2026-09-04 15:45:04
NVDA,NVDA270115P00380000,NVDA,2027-01-15,P,380.0,145.95,57.0,153.75,62.0,0.0,0.0,0.0,-0.9997,0.0001,0.0011,0.0,-0.0312,150.2106,0.0,0.0,0.0,0.0,up,158.12,2026-08-28T12:02:27,0.0,150.5,229.88,2026-09-04 19:44:26,2026-09-04 15:45:04
NVDA,NVDA270115P00390000,NVDA,2027-01-15,P,390.0,155.95,1.0,163.75,57.0,0.0,0.0,0.0,-0.9999,0.0,0.0,0.0,-0.0321,160.207,0.0,0.0,0.0,0.0,up,222.05,2026-03-26T15:54:38,0.0,160.525001525879,229.88,2026-09-04 19:44:26,2026-09-04 15:45:04
NVDA,NVDA270115P00400000,NVDA,2027-01-15,P,400.0,166.1,71.0,173.75,57.0,0.0,0.0,0.0,-1.0,0.0,0.0,0.0,-0.0329,170.2034,0.0,0.0,0.0,0.0,down,174.17,2026-08-27T11:06:50,0.0,170.424995422363,229.88,2026-09-04 19:44:26,2026-09-04 15:45:04
NVDA,NVDA270115P00410000,NVDA,2027-01-15,P,410.0,176.0,65.0,183.75,57.0,0.0,0.0,0.0,-1.0,0.0,0.0,0.0,-0.0337,180.1999,0.0,0.0,0.0,0.0,down,187.4,2026-05-19T13:58:01,0.0,180.474998474121,229.88,2026-09-04 19:44:26,2026-09-04 15:45:04
NVDA,NVDA270115P00420000,NVDA,2027-01-15,P,420.0,185.95,1.0,193.75,58.0,0.0,0.0,0.0,-1.0,0.0,0.0,0.0,-0.0345,190.1963,0.0,0.0,0.0,0.0,down,192.15,2026-08-27T14:09:18,0.0,190.525001525879,229.88,2026-09-04 19:44:26,2026-09-04 15:45:04
NVDA,NVDA270115P00430000,NVDA,2027-01-15,P,430.0,195.95,1.0,203.85,60.0,0.0,0.0,0.0,-1.0,0.0,0.0,0.0,-0.0354,200.1928,0.0,0.0,0.0,0.0,no_change,0.0,,0.0,200.375,229.88,2026-09-04 19:44:26,2026-09-04 15:45:04
NVDA,NVDA270115P00440000,NVDA,2027-01-15,P,440.0,205.95,1.0,213.75,57.0,0.0,0.0,0.0,-1.0,0.0,0.0,0.0,-0.0362,210.1891,0.0,0.0,0.0,0.0,no_change,0.0,,0.0,210.525001525879,229.88,2026-09-04 19:44:26,2026-09-04 15:45:04
NVDA,NVDA270115P00450000,NVDA,2027-01-15,P,450.0,216.05,75.0,223.7,60.0,0.0,0.0,0.0,-1.0,0.0,0.0,0.0,-0.037,220.1759,0.0,0.0,0.0,0.0,no_change,0.0,,0.0,220.424995422363,229.88,2026-09-04 19:44:26,2026-09-04 15:45:04
NVDA,NVDA270115P00455000,NVDA,2027-01-15,P,455.0,220.95,1.0,228.7,62.0,0.0,0.0,0.0,-1.0,0.0,0.0,0.0,-0.0374,225.1837,0.0,0.0,0.0,0.0,up,235.56,2026-08-19T15:48:06,0.0,225.525001525879,229.88,2026-09-04 19:44:26,2026-09-04 15:45:04
NVDA,NVDA270115P00460000,NVDA,2027-01-15,P,460.0,225.95,1.0,233.8,62.0,0.0,0.0,0.0,-1.0,0.0,0.0,0.0,-0.0378,230.182,0.0,0.0,0.0,0.0,up,242.87,2026-08-20T15:23:17,0.0,230.575004577637,229.88,2026-09-04 19:44:26,2026-09-04 15:45:04
NVDA,NVDA270219C00050000,NVDA,2027-02-19,C,50.0,177.2,79.0,184.8,50.0,0.9795,26.0,0.0,0.9998,0.0,0.0086,-0.0021,0.2238,180.8519,0.0,0.0,0.0,0.0,no_change,169.99,2026-08-28T13:03:24,0.0,179.850006103516,229.88,2026-09-04 19:44:26,2026-09-04 15:45:04
NVDA,NVDA270219C00055000,NVDA,2027-02-19,C,55.0,172.25,52.0,179.9,50.0,0.9056,1.0,0.0,0.9994,0.0,0.0105,-0.0024,0.2458,175.9685,0.0,0.0,0.0,0.0,up,172.72,2026-08-28T09:31:31,0.0,174.974998474121,229.88,2026-09-04 19:44:26,2026-09-04 15:45:04
NVDA,NVDA270219C00060000,NVDA,2027-02-19,C,60.0,167.45,51.0,175.05,51.0,0.888,2.0,0.0,0.999,0.0001,0.0126,-0.0028,0.2678,171.0872,0.0,0.0,0.0,0.0,down,165.87,2026-08-28T10:31:19,0.0,170.100006103516,229.88,2026-09-04 19:44:26,2026-09-04 15:45:04
NVDA,NVDA270219C00065000,NVDA,2027-02-19,C,65.0,162.5,61.0,170.15,56.0,0.8262,10.0,0.0,0.9984,0.0001,0.015,-0.0032,0.2897,166.2084,0.0,0.0,0.0,0.0,up,138.78,2026-07-17T10:02:52,0.0,165.224998474121,229.88,2026-09-04 19:44:26,2026-09-04 15:45:04
NVDA,NVDA270219C00070000,NVDA,2027-02-19,C,70.0,157.75,66.0,165.3,60.0,0.8169,7.0,3.0,0.9978,0.0001,0.0177,-0.0037,0.3114,161.3324,3.965,164.54,164.54,164.54,up,164.54,2026-09-04T10:50:20,2.46925,160.575004577637,229.88,2026-09-04 19:44:26,2026-09-04 15:45:04
NVDA,NVDA270219C00075000,NVDA,2027-02-19,C,75.0,152.85,60.0,160.4,60.0,0.7719,5.0,0.0,0.997,0.0001,0.0208,-0.0042,0.3331,156.4595,0.0,0.0,0.0,0.0,up,153.12,2026-08-27T12:13:11,0.0,155.599998474121,229.88,2026-09-04 19:44:26,2026-09-04 15:45:04
NVDA,NVDA270219C00080000,NVDA,2027-02-19,C,80.0,148.4,51.0,155.55,57.0,0.7925,0.0,0.0,0.9962,0.0001,0.0244,-0.0047,0.3545,151.5903,0.0,0.0,0.0,0.0,up,145.21,2026-08-07T14:39:19,0.0,151.25,229.88,2026-09-04 19:44:26,2026-09-04 15:45:04
NVDA,NVDA270219C00085000,NVDA,2027-02-19,C,85.0,143.5,61.0,150.65,70.0,0.7504,5.0,0.0,0.9952,0.0002,0.0284,-0.0053,0.3759,146.7254,0.0,0.0,0.0,0.0,down,141.87,2026-09-03T09:30:41,0.0,146.775001525879,229.88,2026-09-04 19:44:26,2026-09-04 15:45:04
NVDA,NVDA270219C00090000,NVDA,2027-02-19,C,90.0,140.2,58.0,145.2,59.0,0.793,0.0,1.0,0.994,0.0002,0.033,-0.006,0.397,141.8656,2.88,144.28,144.28,144.28,up,144.28,2026-09-04T11:05:47,2.03677,141.400001525879,229.88,2026-09-04 19:44:26,2026-09-04 15:45:04
NVDA,NVDA270219C00095000,NVDA,2027-02-19,C,95.0,135.3,68.0,140.05,67.0,0.7356,1.0,0.0,0.9926,0.0002,0.0383,-0.0067,0.4179,137.0118,0.0,0.0,0.0,0.0,no_change,118.45,2026-07-15T14:03:02,0.0,136.550003051758,229.88,2026-09-04 19:44:26,2026-09-04 15:45:04
NVDA,NVDA270219C00100000,NVDA,2027-02-19,C,100.0,129.25,51.0,136.1,51.0,0.6842,24.0,0.0,0.991,0.0003,0.0443,-0.0075,0.4385,132.1651,0.0,0.0,0.0,0.0,down,119.18,2026-09-01T10:04:40,0.0,132.149993896484,229.88,2026-09-04 19:44:26,2026-09-04 15:45:04
NVDA,NVDA270219C00105000,NVDA,2027-02-19,C,105.0,124.25,111.0,131.25,67.0,0.6451,1.0,0.0,0.9891,0.0004,0.051,-0.0084,0.4588,127.327,0.0,0.0,0.0,0.0,no_change,102.75,2026-07-13T13:58:11,0.0,126.975002288818,229.88,2026-09-04 19:44:26,2026-09-04 15:45:04
NVDA,NVDA270219C00110000,NVDA,2027-02-19,C,110.0,120.35,126.0,125.35,59.0,0.6112,3.0,0.0,0.9869,0.0004,0.0589,-0.0094,0.4787,122.4991,0.0,0.0,0.0,0.0,down,107.94,2026-08-21T10:38:34,0.0,122.150001525879,229.88,2026-09-04 19:44:26,2026-09-04 15:45:04
NVDA,NVDA270219C00115000,NVDA,2027-02-19,C,115.0,114.25,126.0,121.65,63.0,0.5789,64.0,0.0,0.9842,0.0005,0.0678,-0.0105,0.4981,117.6838,0.0,0.0,0.0,0.0,up,105.84,2026-08-31T09:30:04,0.0,117.25,229.88,2026-09-04 19:44:26,2026-09-04 15:45:04
NVDA,NVDA270219C00120000,NVDA,2027-02-19,C,120.0,109.3,140.0,116.85,64.0,0.5507,64.0,0.0,0.9812,0.0006,0.0779,-0.0118,0.517,112.8836,0.0,0.0,0.0,0.0,up,109.0,2026-08-17T14:09:06,0.0,111.625,229.88,2026-09-04 19:44:26,2026-09-04 15:45:04
NVDA,NVDA270219C00125000,NVDA,2027-02-19,C,125.0,107.2,72.0,112.05,73.0,0.6384,6.0,0.0,0.9775,0.0007,0.0896,-0.0132,0.5351,108.1019,0.0,0.0,0.0,0.0,down,101.0,2026-09-02T10:10:10,0.0,107.174999237061,229.88,2026-09-04 19:44:26,2026-09-04 15:45:04
NVDA,NVDA270219C00130000,NVDA,2027-02-19,C,130.0,102.05,131.0,107.3,75.0,0.6014,38.0,0.0,0.9732,0.0008,0.1028,-0.0147,0.5525,103.3431,0.0,0.0,0.0,0.0,up,94.0,2026-09-02T09:59:16,0.0,102.25,229.88,2026-09-04 19:44:26,2026-09-04 15:45:04
NVDA,NVDA270219C00135000,NVDA,2027-02-19,C,135.0,97.65,107.0,100.1,100.0,0.5081,52.0,3.0,0.968,0.001,0.1178,-0.0165,0.5689,98.6119,5.125,102.85,102.85,102.85,up,102.85,2026-09-04T10:50:56,5.24431,97.7250022888184,229.88,2026-09-04 19:44:26,2026-09-04 15:45:04
NVDA,NVDA270219C00140000,NVDA,2027-02-19,C,140.0,93.45,16.0,95.4,101.0,0.5103,75.0,0.0,0.962,0.0012,0.135,-0.0185,0.5841,93.9143,0.0,0.0,0.0,0.0,up,92.57,2026-09-03T10:03:41,0.0,93.5250015258789,229.88,2026-09-04 19:44:26,2026-09-04 15:45:04
NVDA,NVDA270219C00145000,NVDA,2027-02-19,C,145.0,88.85,39.0,90.4,285.0,0.4872,115.0,0.0,0.9549,0.0014,0.154,-0.0207,0.5981,89.2575,0.0,0.0,0.0,0.0,up,85.15,2026-09-03T11:21:25,0.0,87.8249969482422,229.88,2026-09-04 19:44:26,2026-09-04 15:45:04
NVDA,NVDA270219C00150000,NVDA,2027-02-19,C,150.0,84.25,81.0,85.75,289.0,0.4738,235.0,0.0,0.9465,0.0016,0.1756,-0.0231,0.6105,84.6491,0.0,0.0,0.0,0.0,up,84.77,2026-09-03T13:42:52,0.0,84.0499992370606,229.88,2026-09-04 19:44:26,2026-09-04 15:45:04
NVDA,NVDA270219C00155000,NVDA,2027-02-19,C,155.0,79.65,237.0,81.2,287.0,0.4615,70.0,3.0,0.9367,0.0018,0.1994,-0.0258,0.6211,80.0987,4.985,84.51,84.51,84.51,no_change,84.51,2026-09-04T10:29:26,6.26847,79.5249977111816,229.88,2026-09-04 19:44:26,2026-09-04 15:45:04
NVDA,NVDA270219C00160000,NVDA,2027-02-19,C,160.0,75.4,299.0,75.9,333.0,0.4384,183.0,57.0,0.9254,0.0021,0.2255,-0.0288,0.6299,75.6254,0.725,79.0,79.18,75.55,down,75.55,2026-09-04T15:24:54,0.968926,74.8250007629394,229.88,2026-09-04 19:44:26,2026-09-04 15:45:04
NVDA,NVDA270219C00165000,NVDA,2027-02-19,C,165.0,70.8,287.0,72.25,319.0,0.4419,87.0,2.0,0.9124,0.0024,0.2538,-0.0319,0.6363,71.2202,1.91,72.12,72.12,72.11,down,72.11,2026-09-04T12:44:03,2.7208,70.1999969482422,229.88,2026-09-04 19:44:26,2026-09-04 15:45:04
NVDA,NVDA270219C00170000,NVDA,2027-02-19,C,170.0,65.75,368.0,67.1,159.0,0.4057,115.0,0.0,0.8975,0.0027,0.2838,-0.0352,0.6406,66.9037,0.0,0.0,0.0,0.0,up,64.51,2026-09-03T13:00:15,0.0,65.7750015258789,229.88,2026-09-04 19:44:26,2026-09-04 15:45:04
NVDA,NVDA270219C00175000,NVDA,2027-02-19,C,175.0,62.5,187.0,63.1,365.0,0.4209,341.0,18.0,0.8807,0.0031,0.3158,-0.0387,0.6421,62.6876,3.425,65.0,65.0,65.0,up,65.0,2026-09-04T09:36:38,5.56232,61.5749988555908,229.88,2026-09-04 19:44:26,2026-09-04 15:45:04
NVDA,NVDA270219C00180000,NVDA,2027-02-19,C,180.0,58.4,291.0,58.7,363.0,0.411,784.0,34.0,0.8619,0.0034,0.3484,-0.0423,0.6414,58.5827,1.145,62.41,62.41,58.62,down,58.62,2026-09-04T14:06:42,1.99217,57.4750003814697,229.88,2026-09-04 19:44:26,2026-09-04 15:45:04
NVDA,NVDA270219C00185000,NVDA,2027-02-19,C,185.0,54.05,368.0,54.7,367.0,0.4011,404.0,35.0,0.8412,0.0038,0.382,-0.0459,0.6375,54.6001,1.185,57.45,58.2,54.71,down,54.71,2026-09-04T15:11:30,2.21392,53.5249996185303,229.88,2026-09-04 19:44:26,2026-09-04 15:45:04
NVDA,NVDA270219C00190000,NVDA,2027-02-19,C,190.0,50.5,170.0,51.45,436.0,0.4081,1194.0,9.0,0.8184,0.0042,0.4151,-0.0494,0.6314,50.7501,1.925,54.0,54.0,51.65,down,51.65,2026-09-04T13:13:52,3.87129,49.7250003814697,229.88,2026-09-04 19:44:26,2026-09-04 15:45:04
NVDA,NVDA270219C00195000,NVDA,2027-02-19,C,195.0,46.85,282.0,47.15,357.0,0.3978,299.0,8.0,0.7938,0.0046,0.4481,-0.0529,0.6222,47.0421,2.73,50.05,50.05,49.13,down,49.13,2026-09-04T10:53:29,5.88362,46.4000015258789,229.88,2026-09-04 19:44:26,2026-09-04 15:45:04
NVDA,NVDA270219C00200000,NVDA,2027-02-19,C,200.0,43.3,111.0,43.6,373.0,0.3944,1801.0,28.0,0.7674,0.005,0.4792,-0.0562,0.6109,43.4847,0.625,45.73,46.6,43.5,down,43.5,2026-09-04T15:09:35,1.45773,42.875,229.88,2026-09-04 19:44:26,2026-09-04 15:45:04
NVDA,NVDA270219C00205000,NVDA,2027-02-19,C,205.0,39.85,394.0,40.2,373.0,0.3907,920.0,28.0,0.7394,0.0053,0.5089,-0.0593,0.5966,40.0851,0.825,43.21,43.25,39.99,up,40.15,2026-09-04T15:14:43,2.0979,39.3250007629394,229.88,2026-09-04 19:44:26,2026-09-04 15:45:04
NVDA,NVDA270219C00210000,NVDA,2027-02-19,C,210.0,36.7,87.0,37.45,538.0,0.3931,1579.0,18.0,0.71,0.0056,0.5357,-0.062,0.5805,36.85,1.05,37.8,40.1,37.05,down,37.05,2026-09-04T14:26:13,2.91667,36.0,229.88,2026-09-04 19:44:26,2026-09-04 15:45:04
NVDA,NVDA270219C00215000,NVDA,2027-02-19,C,215.0,33.55,375.0,33.9,266.0,0.3852,1292.0,9.0,0.6794,0.006,0.5597,-0.0644,0.5618,33.7834,1.15,36.0,36.45,34.05,down,34.05,2026-09-04T13:43:27,3.49544,32.8999996185303,229.88,2026-09-04 19:44:26,2026-09-04 15:45:04
NVDA,NVDA270219C00220000,NVDA,2027-02-19,C,220.0,30.7,407.0,30.95,193.0,0.3827,1431.0,112.0,0.6478,0.0062,0.58,-0.0664,0.5419,30.8898,1.225,32.65,33.77,31.1,down,31.1,2026-09-04T13:25:16,4.10042,29.875,229.88,2026-09-04 19:44:26,2026-09-04 15:45:04
NVDA,NVDA270219C00225000,NVDA,2027-02-19,C,225.0,27.95,443.0,28.25,433.0,0.3804,1984.0,124.0,0.6154,0.0064,0.5967,-0.0679,0.5199,28.1697,1.15,28.45,31.0,27.9,up,28.35,2026-09-04T14:17:13,4.22794,27.1999998092651,229.88,2026-09-04 19:44:26,2026-09-04 15:45:04
NVDA,NVDA270219C00230000,NVDA,2027-02-19,C,230.0,25.5,106.0,25.85,553.0,0.3805,4855.0,288.0,0.5826,0.0066,0.6092,-0.069,0.497,25.6263,0.955,23.9,28.3,23.9,down,25.68,2026-09-04T15:17:30,3.86249,24.7250003814697,229.88,2026-09-04 19:44:26,2026-09-04 15:45:04
NVDA,NVDA270219C00235000,NVDA,2027-02-19,C,235.0,23.1,188.0,23.35,564.0,0.3779,1706.0,1573.0,0.5494,0.0067,0.6175,-0.0696,0.4725,23.2315,0.865,24.55,25.7,23.24,down,23.24,2026-09-04T15:26:15,3.86592,22.375,229.88,2026-09-04 19:44:26,2026-09-04 15:45:04
NVDA,NVDA270219C00240000,NVDA,2027-02-19,C,240.0,20.95,185.0,21.1,254.0,0.3763,2893.0,228.0,0.5167,0.0068,0.6216,-0.0698,0.4478,21.0361,0.775,22.0,23.28,21.0,down,21.0,2026-09-04T15:28:01,3.83189,20.2250003814697,229.88,2026-09-04 19:44:26,2026-09-04 15:45:04
NVDA,NVDA270219C00245000,NVDA,2027-02-19,C,245.0,18.95,81.0,19.2,566.0,0.3762,1523.0,56.0,0.4843,0.0068,0.6216,-0.0696,0.4229,19.0149,0.85,19.2,20.95,18.95,no_change,19.0,2026-09-04T15:08:29,4.6832,18.1499996185303,229.88,2026-09-04 19:44:26,2026-09-04 15:45:04
NVDA,NVDA270219C00250000,NVDA,2027-02-19,C,250.0,17.0,571.0,17.2,164.0,0.3734,6542.0,378.0,0.4525,0.0068,0.6177,-0.0689,0.3976,17.1523,0.78,17.35,19.2,17.2,up,17.23,2026-09-04T15:14:23,4.74164,16.4499998092651,229.88,2026-09-04 19:44:26,2026-09-04 15:45:04
NVDA,NVDA270219C00255000,NVDA,2027-02-19,C,255.0,15.35,291.0,15.5,180.0,0.3729,2595.0,349.0,0.4218,0.0067,0.6104,-0.0679,0.3732,15.4603,0.645,15.1,17.3,15.1,down,15.37,2026-09-04T15:09:14,4.3803,14.7250003814697,229.88,2026-09-04 19:44:26,2026-09-04 15:45:04
NVDA,NVDA270219C00260000,NVDA,2027-02-19,C,260.0,13.8,379.0,13.95,257.0,0.3724,3871.0,537.0,0.3919,0.0066,0.5993,-0.0665,0.3483,13.9038,0.95,14.99,15.51,13.85,down,14.05,2026-09-04T15:07:21,7.25191,13.0999999046326,229.88,2026-09-04 19:44:26,2026-09-04 15:45:04
NVDA,NVDA270219C00265000,NVDA,2027-02-19,C,265.0,12.45,70.0,12.55,548.0,0.3729,2071.0,481.0,0.3629,0.0064,0.5855,-0.0648,0.3244,12.473,0.775,13.5,14.0,12.29,no_change,12.5,2026-09-04T15:27:33,6.6098,11.7250003814697,229.88,2026-09-04 19:44:26,2026-09-04 15:45:04
NVDA,NVDA270219C00270000,NVDA,2027-02-19,C,270.0,11.1,422.0,11.25,180.0,0.3716,2931.0,456.0,0.3359,0.0063,0.5693,-0.0629,0.3014,11.2086,0.975,10.85,12.45,10.7,up,11.45,2026-09-04T14:52:30,9.30787,10.4750003814697,229.88,2026-09-04 19:44:26,2026-09-04 15:45:04
NVDA,NVDA270219C00275000,NVDA,2027-02-19,C,275.0,9.9,483.0,10.1,279.0,0.3712,3270.0,163.0,0.31,0.0061,0.5511,-0.0608,0.2794,10.0555,0.7,11.0,11.32,10.05,no_change,10.1,2026-09-04T15:20:33,7.44681,9.40000009536743,229.88,2026-09-04 19:44:26,2026-09-04 15:45:04
NVDA,NVDA270219C00280000,NVDA,2027-02-19,C,280.0,8.95,178.0,9.05,464.0,0.3721,5329.0,267.0,0.2855,0.0058,0.5312,-0.0585,0.2584,9.0099,0.67,9.22,10.17,8.9,down,9.02,2026-09-04T15:17:30,8.02395,8.34999990463257,229.88,2026-09-04 19:44:26,2026-09-04 15:45:04
NVDA,NVDA270219C00285000,NVDA,2027-02-19,C,285.0,7.95,637.0,8.1,88.0,0.372,1735.0,173.0,0.2622,0.0056,0.5092,-0.0561,0.2378,8.0548,0.6,8.5,9.1,7.96,down,8.15,2026-09-04T15:07:42,7.94702,7.54999995231628,229.88,2026-09-04 19:44:26,2026-09-04 15:45:04
NVDA,NVDA270219C00290000,NVDA,2027-02-19,C,290.0,7.1,621.0,7.25,40.0,0.372,1515.0,114.0,0.2409,0.0053,0.4875,-0.0536,0.2194,7.2195,0.8,7.19,8.15,7.0,down,7.4,2026-09-04T14:52:30,12.1212,6.59999990463257,229.88,2026-09-04 19:44:26,2026-09-04 15:45:04
NVDA,NVDA270219C00295000,NVDA,2027-02-19,C,295.0,6.4,332.0,6.5,36.0,0.3733,904.0,79.0,0.2206,0.0051,0.4644,-0.0511,0.2014,6.4548,0.675,7.2,7.3,6.6,down,6.6,2026-09-04T14:51:59,11.3924,5.92499995231628,229.88,2026-09-04 19:44:26,2026-09-04 15:45:04
NVDA,NVDA270219C00300000,NVDA,2027-02-19,C,300.0,5.7,507.0,5.85,292.0,0.374,1786.0,446.0,0.2021,0.0048,0.4412,-0.0485,0.1848,5.7777,0.595,5.65,6.52,5.63,down,5.87,2026-09-04T14:58:08,11.2796,5.27499985694885,229.88,2026-09-04 19:44:26,2026-09-04 15:45:04
NVDA,NVDA270219C00305000,NVDA,2027-02-19,C,305.0,5.1,506.0,5.25,362.0,0.3748,1247.0,129.0,0.1848,0.0046,0.4184,-0.046,0.1696,5.1702,0.53,5.8,5.8,5.2,up,5.23,2026-09-04T13:43:30,11.2766,4.70000004768372,229.88,2026-09-04 19:44:26,2026-09-04 15:45:04
NVDA,NVDA270219C00310000,NVDA,2027-02-19,C,310.0,4.5,593.0,4.7,214.0,0.3747,326.0,150.0,0.169,0.0043,0.3955,-0.0435,0.1552,4.6283,0.5,4.75,5.14,4.65,down,4.7,2026-09-04T15:04:57,11.9048,4.20000004768372,229.88,2026-09-04 19:44:26,2026-09-04 15:45:04
NVDA,NVDA270219C00315000,NVDA,2027-02-19,C,315.0,4.1,346.0,4.3,543.0,0.3778,481.0,107.0,0.1543,0.004,0.373,-0.041,0.142,4.1447,0.45,4.3,4.65,4.02,up,4.25,2026-09-04T13:26:59,11.8421,3.80000007152557,229.88,2026-09-04 19:44:26,2026-09-04 15:45:04
NVDA,NVDA270219C00320000,NVDA,2027-02-19,C,320.0,3.65,475.0,3.85,672.0,0.378,1110.0,116.0,0.1412,0.0038,0.352,-0.0387,0.1302,3.7213,0.43,3.95,4.15,3.55,up,3.83,2026-09-04T13:23:41,12.6471,3.39999997615814,229.88,2026-09-04 19:44:26,2026-09-04 15:45:04
NVDA,NVDA270219C00325000,NVDA,2027-02-19,C,325.0,3.2,466.0,3.4,293.0,0.3773,323.0,32.0,0.1286,0.0035,0.3305,-0.0364,0.1187,3.3286,0.365,3.53,3.58,3.36,no_change,3.39,2026-09-04T11:20:46,12.0661,3.02499997615814,229.88,2026-09-04 19:44:26,2026-09-04 15:45:04
NVDA,NVDA270219C00330000,NVDA,2027-02-19,C,330.0,2.97,150.0,3.1,522.0,0.3808,344.0,55.0,0.1175,0.0033,0.3102,-0.0342,0.1085,2.9886,0.48,3.0,3.35,3.0,down,3.1,2026-09-04T13:16:16,18.3206,2.62000000476837,229.88,2026-09-04 19:44:26,2026-09-04 15:45:04
NVDA,NVDA270219C00335000,NVDA,2027-02-19,C,335.0,2.65,323.0,2.72,107.0,0.3804,207.0,64.0,0.1072,0.0031,0.291,-0.032,0.0993,2.6821,0.375,2.88,2.93,2.74,down,2.74,2026-09-04T13:22:06,15.8562,2.36500000953674,229.88,2026-09-04 19:44:26,2026-09-04 15:45:04
NVDA,NVDA270219C00340000,NVDA,2027-02-19,C,340.0,2.39,127.0,2.45,88.0,0.3818,964.0,95.0,0.0979,0.0029,0.2727,-0.03,0.0907,2.4108,0.3,2.61,2.61,2.32,no_change,2.41,2026-09-04T11:40:30,14.218,2.11000001430511,229.88,2026-09-04 19:44:26,2026-09-04 15:45:04
NVDA,NVDA270219C00345000,NVDA,2027-02-19,C,345.0,2.14,146.0,2.24,481.0,0.3837,89.0,79.0,0.0893,0.0027,0.2548,-0.0281,0.0827,2.1655,0.345,2.4,2.45,2.2,no_change,2.23,2026-09-04T11:23:21,18.3024,1.88499999046326,229.88,2026-09-04 19:44:26,2026-09-04 15:45:04
NVDA,NVDA270219C00350000,NVDA,2027-02-19,C,350.0,1.93,134.0,1.99,193.0,0.3845,473.0,83.0,0.0815,0.0025,0.2382,-0.0263,0.0756,1.9482,0.27,2.1,2.1,1.86,down,1.96,2026-09-04T13:58:49,15.9763,1.68999999761581,229.88,2026-09-04 19:44:26,2026-09-04 15:45:04
NVDA,NVDA270219C00355000,NVDA,2027-02-19,C,355.0,1.73,372.0,1.79,133.0,0.3855,236.0,179.0,0.0744,0.0023,0.2227,-0.0246,0.0691,1.7551,0.18,1.85,1.98,1.75,no_change,1.75,2026-09-04T11:18:48,11.465,1.56999999284744,229.88,2026-09-04 19:44:26,2026-09-04 15:45:04
NVDA,NVDA270219C00360000,NVDA,2027-02-19,C,360.0,1.56,503.0,1.62,86.0,0.3871,379.0,31.0,0.0679,0.0022,0.2078,-0.023,0.0631,1.5808,0.225,1.47,1.62,1.47,no_change,1.6,2026-09-04T11:23:21,16.3636,1.375,229.88,2026-09-04 19:44:26,2026-09-04 15:45:04
NVDA,NVDA270219C00365000,NVDA,2027-02-19,C,365.0,1.42,133.0,1.46,332.0,0.3886,363.0,92.0,0.0622,0.002,0.1939,-0.0215,0.0577,1.4288,0.18,1.54,1.54,1.43,down,1.43,2026-09-04T15:13:05,14.4,1.25,229.88,2026-09-04 19:44:26,2026-09-04 15:45:04
NVDA,NVDA270219C00370000,NVDA,2027-02-19,C,370.0,1.27,507.0,1.33,366.0,0.3899,214.0,209.0,0.0568,0.0019,0.181,-0.0201,0.0528,1.2915,0.24,1.33,1.4,1.24,down,1.29,2026-09-04T12:57:20,22.8571,1.04999998211861,229.88,2026-09-04 19:44:26,2026-09-04 15:45:04
NVDA,NVDA270219C00375000,NVDA,2027-02-19,C,375.0,1.15,181.0,1.2,360.0,0.3913,160.0,22.0,0.052,0.0017,0.1689,-0.0188,0.0484,1.1673,0.185,1.25,1.26,1.11,up,1.19,2026-09-04T15:08:29,18.408,1.00499999523163,229.88,2026-09-04 19:44:26,2026-09-04 15:45:04
NVDA,NVDA270219C00380000,NVDA,2027-02-19,C,380.0,1.02,523.0,1.09,149.0,0.3921,150.0,20.0,0.0476,0.0016,0.1577,-0.0176,0.0443,1.0585,0.2,1.12,1.12,1.11,no_change,1.12,2026-09-04T10:21:15,21.7391,0.919999986886978,229.88,2026-09-04 19:44:26,2026-09-04 15:45:04
NVDA,NVDA270219C00385000,NVDA,2027-02-19,C,385.0,0.94,315.0,0.99,382.0,0.3942,233.0,48.0,0.0436,0.0015,0.1469,-0.0164,0.0405,0.9595,0.11,1.04,1.04,0.95,down,0.95,2026-09-04T14:30:31,13.0952,0.840000003576279,229.88,2026-09-04 19:44:26,2026-09-04 15:45:04
NVDA,NVDA270219C00390000,NVDA,2027-02-19,C,390.0,0.85,542.0,0.9,401.0,0.3956,1901.0,203.0,0.04,0.0014,0.1371,-0.0153,0.0372,0.8716,0.1,0.8,0.95,0.8,up,0.86,2026-09-04T14:30:32,13.1579,0.759999990463257,229.88,2026-09-04 19:44:26,2026-09-04 15:45:04
NVDA,NVDA270219C00395000,NVDA,2027-02-19,C,395.0,0.77,286.0,0.82,131.0,0.3971,1.0,0.0,0.0368,0.0013,0.1281,-0.0143,0.0342,0.7927,0.0,0.0,0.0,0.0,up,0.6,2026-09-03T12:39:39,0.0,0.689999997615814,229.88,2026-09-04 19:44:26,2026-09-04 15:45:04
NVDA,NVDA270219C00400000,NVDA,2027-02-19,C,400.0,0.7,516.0,0.75,381.0,0.3987,32.0,1.0,0.0338,0.0012,0.1197,-0.0134,0.0314,0.7226,0.14,0.76,0.76,0.76,up,0.76,2026-09-04T15:08:24,22.5806,0.620000004768372,229.88,2026-09-04 19:44:26,2026-09-04 15:45:04
NVDA,NVDA270219C00405000,NVDA,2027-02-19,C,405.0,0.63,288.0,0.69,244.0,0.4003,146.0,0.0,0.0311,0.0011,0.1116,-0.0125,0.0288,0.6581,0.0,0.0,0.0,0.0,no_change,0.55,2026-09-03T13:44:00,0.0,0.569999992847443,229.88,2026-09-04 19:44:26,2026-09-04 15:45:04
NVDA,NVDA270219C00410000,NVDA,2027-02-19,C,410.0,0.58,232.0,0.63,168.0,0.4021,37.0,0.0,0.0286,0.001,0.1042,-0.0117,0.0266,0.6009,0.0,0.0,0.0,0.0,no_change,0.47,2026-09-03T13:36:38,0.0,0.509999990463257,229.88,2026-09-04 19:44:26,2026-09-04 15:45:04
NVDA,NVDA270219C00415000,NVDA,2027-02-19,C,415.0,0.51,337.0,0.58,260.0,0.4029,17.0,0.0,0.0263,0.001,0.0974,-0.011,0.0245,0.549,0.0,0.0,0.0,0.0,up,0.48,2026-09-03T13:46:28,0.0,0.459999993443489,229.88,2026-09-04 19:44:26,2026-09-04 15:45:04
NVDA,NVDA270219C00420000,NVDA,2027-02-19,C,420.0,0.47,403.0,0.53,314.0,0.4046,109.0,290.0,0.0243,0.0009,0.0912,-0.0103,0.0226,0.5026,0.095,0.46,0.52,0.44,up,0.52,2026-09-04T14:28:31,22.3529,0.424999997019768,229.88,2026-09-04 19:44:26,2026-09-04 15:45:04
NVDA,NVDA270219C00425000,NVDA,2027-02-19,C,425.0,0.43,510.0,0.48,341.0,0.4059,51.0,6.0,0.0224,0.0008,0.0853,-0.0096,0.0208,0.4605,0.105,0.49,0.49,0.49,up,0.49,2026-09-04T09:52:25,27.2727,0.385000005364418,229.88,2026-09-04 19:44:26,2026-09-04 15:45:04
NVDA,NVDA270219C00430000,NVDA,2027-02-19,C,430.0,0.37,623.0,0.44,351.0,0.4058,4.0,291.0,0.0207,0.0008,0.0798,-0.009,0.0192,0.4224,0.065,0.44,0.44,0.37,down,0.41,2026-09-04T14:28:31,18.8406,0.344999998807907,229.88,2026-09-04 19:44:26,2026-09-04 15:45:04
NVDA,NVDA270219C00435000,NVDA,2027-02-19,C,435.0,0.36,301.0,0.41,189.0,0.4094,0.0,0.0,0.0191,0.0007,0.0746,-0.0085,0.0177,0.3879,0.0,0.0,0.0,0.0,no_change,0.0,,0.0,0.304999999701977,229.88,2026-09-04 19:44:26,2026-09-04 15:45:04
NVDA,NVDA270219C00440000,NVDA,2027-02-19,C,440.0,0.23,480.0,0.5,245.0,0.4125,0.0,0.0,0.0177,0.0007,0.07,-0.008,0.0165,0.3574,0.0,0.0,0.0,0.0,no_change,0.0,,0.0,0.270000010728836,229.88,2026-09-04 19:44:26,2026-09-04 15:45:04
NVDA,NVDA270219C00445000,NVDA,2027-02-19,C,445.0,0.21,764.0,0.4,492.0,0.409,2.0,0.0,0.0164,0.0006,0.0656,-0.0075,0.0152,0.3289,0.0,0.0,0.0,0.0,down,0.23,2026-09-03T12:09:43,0.0,0.25,229.88,2026-09-04 19:44:26,2026-09-04 15:45:04
NVDA,NVDA270219C00450000,NVDA,2027-02-19,C,450.0,0.18,492.0,0.44,278.0,0.4158,2.0,0.0,0.0152,0.0006,0.0616,-0.007,0.0141,0.303,0.0,0.0,0.0,0.0,down,0.3,2026-08-31T14:49:34,0.0,0.274999998509884,229.88,2026-09-04 19:44:26,2026-09-04 15:45:04
NVDA,NVDA270219C00455000,NVDA,2027-02-19,C,455.0,0.16,785.0,0.35,527.0,0.4116,7.0,0.0,0.0141,0.0006,0.0577,-0.0066,0.0131,0.2794,0.0,0.0,0.0,0.0,no_change,0.38,2026-09-01T09:34:08,0.0,0.214999999850988,229.88,2026-09-04 19:44:26,2026-09-04 15:45:04
NVDA,NVDA270219C00460000,NVDA,2027-02-19,C,460.0,0.24,388.0,0.28,609.0,0.4183,467.0,269.0,0.0131,0.0005,0.0541,-0.0062,0.0121,0.258,0.075,0.25,0.28,0.23,up,0.28,2026-09-04T14:53:58,36.5854,0.204999998211861,229.88,2026-09-04 19:44:26,2026-09-04 15:45:04
NVDA,NVDA270219P00050000,NVDA,2027-02-19,P,50.0,0.02,374.0,0.17,392.0,0.8857,320.0,0.0,-0.0017,0.0,0.0087,-0.0021,-0.002,0.0754,0.0,0.0,0.0,0.0,down,0.08,2026-09-03T14:12:31,0.0,0.11500000115484,229.88,2026-09-04 19:44:26,2026-09-04 15:45:04
NVDA,NVDA270219P00055000,NVDA,2027-02-19,P,55.0,0.01,493.0,0.19,597.0,0.8368,219.0,0.0,-0.0021,0.0,0.0105,-0.0024,-0.0025,0.0902,0.0,0.0,0.0,0.0,down,0.08,2026-09-03T13:47:20,0.0,0.084999998100102,229.88,2026-09-04 19:44:26,2026-09-04 15:45:04
NVDA,NVDA270219P00060000,NVDA,2027-02-19,P,60.0,0.01,572.0,0.21,550.0,0.7961,133.0,0.0,-0.0026,0.0001,0.0126,-0.0028,-0.003,0.1071,0.0,0.0,0.0,0.0,up,0.09,2026-09-03T13:49:39,0.0,0.125000001862645,229.88,2026-09-04 19:44:26,2026-09-04 15:45:04
NVDA,NVDA270219P00065000,NVDA,2027-02-19,P,65.0,0.01,496.0,0.23,437.0,0.7581,110.0,0.0,-0.0032,0.0001,0.015,-0.0032,-0.0037,0.1265,0.0,0.0,0.0,0.0,down,0.11,2026-09-03T13:47:52,0.0,0.119999999180436,229.88,2026-09-04 19:44:26,2026-09-04 15:45:04
NVDA,NVDA270219P00070000,NVDA,2027-02-19,P,70.0,0.05,542.0,0.25,641.0,0.7348,5.0,0.0,-0.0038,0.0001,0.0177,-0.0037,-0.0044,0.1486,0.0,0.0,0.0,0.0,no_change,0.12,2026-08-27T14:11:53,0.0,0.159999994561076,229.88,2026-09-04 19:44:26,2026-09-04 15:45:04
NVDA,NVDA270219P00075000,NVDA,2027-02-19,P,75.0,0.07,573.0,0.28,632.0,0.7077,456.0,0.0,-0.0045,0.0001,0.0209,-0.0042,-0.0053,0.1739,0.0,0.0,0.0,0.0,up,0.2,2026-09-01T09:30:00,0.0,0.184999994933605,229.88,2026-09-04 19:44:26,2026-09-04 15:45:04
NVDA,NVDA270219P00080000,NVDA,2027-02-19,P,80.0,0.11,294.0,0.34,533.0,0.691,170.0,0.0,-0.0054,0.0001,0.0246,-0.0047,-0.0062,0.2031,0.0,0.0,0.0,0.0,down,0.2,2026-08-31T13:46:53,0.0,0.169999998062849,229.88,2026-09-04 19:44:26,2026-09-04 15:45:04
NVDA,NVDA270219P00085000,NVDA,2027-02-19,P,85.0,0.14,521.0,0.26,480.0,0.6444,125.0,0.0,-0.0064,0.0002,0.0285,-0.0053,-0.0074,0.2366,0.0,0.0,0.0,0.0,up,0.35,2026-08-28T09:38:01,0.0,0.225000008940697,229.88,2026-09-04 19:44:26,2026-09-04 15:45:04
NVDA,NVDA270219P00090000,NVDA,2027-02-19,P,90.0,0.18,628.0,0.39,672.0,0.6393,186.0,0.0,-0.0076,0.0002,0.0332,-0.006,-0.0087,0.2751,0.0,0.0,0.0,0.0,down,0.35,2026-08-26T13:44:55,0.0,0.28999999165535,229.88,2026-09-04 19:44:26,2026-09-04 15:45:04
NVDA,NVDA270219P00095000,NVDA,2027-02-19,P,95.0,0.23,645.0,0.43,696.0,0.6181,195.0,0.0,-0.009,0.0002,0.0386,-0.0067,-0.0103,0.3197,0.0,0.0,0.0,0.0,no_change,0.33,2026-09-01T13:18:22,0.0,0.339999996125698,229.88,2026-09-04 19:44:26,2026-09-04 15:45:04
NVDA,NVDA270219P00100000,NVDA,2027-02-19,P,100.0,0.31,565.0,0.41,265.0,0.5928,462.0,0.0,-0.0107,0.0003,0.0445,-0.0076,-0.0121,0.3717,0.0,0.0,0.0,0.0,up,0.41,2026-09-03T13:48:23,0.0,0.41499999165535,229.88,2026-09-04 19:44:26,2026-09-04 15:45:04
NVDA,NVDA270219P00105000,NVDA,2027-02-19,P,105.0,0.41,361.0,0.47,158.0,0.5785,132.0,0.0,-0.0126,0.0004,0.0513,-0.0084,-0.0142,0.4321,0.0,0.0,0.0,0.0,down,0.45,2026-08-31T15:16:52,0.0,0.439999997615814,229.88,2026-09-04 19:44:26,2026-09-04 15:45:04
NVDA,NVDA270219P00110000,NVDA,2027-02-19,P,110.0,0.45,593.0,0.55,402.0,0.5588,5374.0,10.0,-0.0148,0.0004,0.0594,-0.0095,-0.0168,0.5028,-0.005,0.5,0.5,0.5,no_change,0.5,2026-09-04T09:56:03,-0.990101,0.50500001013279,229.88,2026-09-04 19:44:26,2026-09-04 15:45:04
NVDA,NVDA270219P00115000,NVDA,2027-02-19,P,115.0,0.6,366.0,0.64,386.0,0.5477,394.0,2.0,-0.0175,0.0005,0.0682,-0.0106,-0.0197,0.5866,-0.02,0.62,0.62,0.6,down,0.6,2026-09-04T15:22:49,-3.22581,0.620000004768372,229.88,2026-09-04 19:44:26,2026-09-04 15:45:04
NVDA,NVDA270219P00120000,NVDA,2027-02-19,P,120.0,0.65,326.0,0.73,115.0,0.5278,987.0,0.0,-0.0206,0.0006,0.0784,-0.0119,-0.0231,0.6853,0.0,0.0,0.0,0.0,down,0.72,2026-09-03T09:44:39,0.0,0.715000003576279,229.88,2026-09-04 19:44:26,2026-09-04 15:45:04
NVDA,NVDA270219P00125000,NVDA,2027-02-19,P,125.0,0.77,503.0,0.85,386.0,0.5134,361.0,4.0,-0.0243,0.0007,0.0905,-0.0133,-0.0272,0.8029,-0.02,0.8,0.8,0.8,no_change,0.8,2026-09-04T09:44:47,-2.43902,0.819999992847443,229.88,2026-09-04 19:44:26,2026-09-04 15:45:04
NVDA,NVDA270219P00130000,NVDA,2027-02-19,P,130.0,0.9,313.0,0.99,203.0,0.4992,644.0,0.0,-0.0287,0.0008,0.1034,-0.0149,-0.032,0.944,0.0,0.0,0.0,0.0,down,0.97,2026-09-02T11:08:35,0.0,0.965000003576279,229.88,2026-09-04 19:44:26,2026-09-04 15:45:04
NVDA,NVDA270219P00135000,NVDA,2027-02-19,P,135.0,1.06,501.0,1.15,367.0,0.4858,1656.0,300.0,-0.0338,0.001,0.1187,-0.0167,-0.0377,1.1124,-0.035,1.09,1.09,1.09,no_change,1.09,2026-09-04T10:51:55,-3.11111,1.125,229.88,2026-09-04 19:44:26,2026-09-04 15:45:04
NVDA,NVDA270219P00140000,NVDA,2027-02-19,P,140.0,1.31,1092.0,1.35,337.0,0.4758,569.0,28.0,-0.04,0.0012,0.1361,-0.0187,-0.0444,1.3157,0.04,1.28,1.31,1.26,no_change,1.3,2026-09-04T15:29:17,3.1746,1.25999999046326,229.88,2026-09-04 19:44:26,2026-09-04 15:45:04
NVDA,NVDA270219P00145000,NVDA,2027-02-19,P,145.0,1.54,36.0,1.58,78.0,0.464,641.0,0.0,-0.0472,0.0014,0.1552,-0.021,-0.0523,1.5602,0.0,0.0,0.0,0.0,up,1.65,2026-09-03T15:42:37,0.0,1.56499999761581,229.88,2026-09-04 19:44:26,2026-09-04 15:45:04
NVDA,NVDA270219P00150000,NVDA,2027-02-19,P,150.0,1.77,499.0,1.88,384.0,0.4526,3233.0,64.0,-0.0557,0.0016,0.1776,-0.0235,-0.0615,1.8532,-0.055,1.72,1.81,1.68,up,1.81,2026-09-04T13:24:04,-2.94906,1.86500000953674,229.88,2026-09-04 19:44:26,2026-09-04 15:45:04
NVDA,NVDA270219P00155000,NVDA,2027-02-19,P,155.0,2.1,505.0,2.23,493.0,0.4432,3803.0,3.0,-0.0657,0.0018,0.2008,-0.0262,-0.0723,2.2059,0.015,1.96,2.19,1.96,up,2.19,2026-09-04T14:40:28,0.689657,2.17499995231628,229.88,2026-09-04 19:44:26,2026-09-04 15:45:04
NVDA,NVDA270219P00160000,NVDA,2027-02-19,P,160.0,2.54,512.0,2.65,517.0,0.4359,4224.0,98.0,-0.0772,0.0021,0.2282,-0.0292,-0.0848,2.6257,-0.01,2.38,2.59,2.35,no_change,2.59,2026-09-04T14:42:31,-0.384616,2.60000002384186,229.88,2026-09-04 19:44:26,2026-09-04 15:45:04
NVDA,NVDA270219P00165000,NVDA,2027-02-19,P,165.0,3.05,548.0,3.1,32.0,0.4278,5789.0,555.0,-0.0905,0.0024,0.2558,-0.0324,-0.099,3.1272,-0.025,2.84,3.1,2.78,no_change,3.1,2026-09-04T15:27:35,-0.8,3.125,229.88,2026-09-04 19:44:26,2026-09-04 15:45:04
NVDA,NVDA270219P00170000,NVDA,2027-02-19,P,170.0,3.7,41.0,3.75,543.0,0.4235,4202.0,118.0,-0.1057,0.0028,0.2871,-0.0359,-0.1152,3.7182,0.05,3.3,3.7,3.25,no_change,3.7,2026-09-04T15:29:06,1.36986,3.64999997615814,229.88,2026-09-04 19:44:26,2026-09-04 15:45:04
NVDA,NVDA270219P00175000,NVDA,2027-02-19,P,175.0,4.3,492.0,4.65,531.0,0.4194,4234.0,51.0,-0.1228,0.0032,0.3184,-0.0395,-0.1333,4.4109,0.1,3.9,4.45,3.84,no_change,4.45,2026-09-04T15:08:20,2.29885,4.34999990463257,229.88,2026-09-04 19:44:26,2026-09-04 15:45:04
NVDA,NVDA270219P00180000,NVDA,2027-02-19,P,180.0,5.2,41.0,5.25,604.0,0.4122,8332.0,66.0,-0.142,0.0035,0.3522,-0.0432,-0.1534,5.2166,0.005,4.68,5.25,4.57,down,5.23,2026-09-04T15:27:55,0.095691,5.22500014305115,229.88,2026-09-04 19:44:26,2026-09-04 15:45:04
NVDA,NVDA270219P00185000,NVDA,2027-02-19,P,185.0,6.05,587.0,6.2,541.0,0.4064,5967.0,469.0,-0.1633,0.0039,0.3854,-0.0469,-0.1755,6.1503,-0.05,5.85,6.15,5.35,no_change,6.1,2026-09-04T14:44:20,-0.813006,6.14999985694885,229.88,2026-09-04 19:44:26,2026-09-04 15:45:04
NVDA,NVDA270219P00190000,NVDA,2027-02-19,P,190.0,7.2,71.0,7.3,679.0,0.4036,7779.0,381.0,-0.1865,0.0043,0.4194,-0.0507,-0.1994,7.2136,0.025,6.7,7.25,6.4,no_change,7.25,2026-09-04T15:27:23,0.346019,7.22500014305115,229.88,2026-09-04 19:44:26,2026-09-04 15:45:04
NVDA,NVDA270219P00195000,NVDA,2027-02-19,P,195.0,8.25,667.0,8.5,495.0,0.3974,3278.0,54.0,-0.2119,0.0047,0.4519,-0.0543,-0.2251,8.4327,0.025,8.28,8.45,7.49,no_change,8.45,2026-09-04T15:02:42,0.296734,8.42500019073486,229.88,2026-09-04 19:44:26,2026-09-04 15:45:04
NVDA,NVDA270219P00200000,NVDA,2027-02-19,P,200.0,9.8,81.0,9.9,586.0,0.3962,4418.0,482.0,-0.239,0.0051,0.4836,-0.0578,-0.2517,9.7985,0.025,9.16,9.8,8.72,up,9.8,2026-09-04T15:25:45,0.255758,9.77499961853027,229.88,2026-09-04 19:44:26,2026-09-04 15:45:04
NVDA,NVDA270219P00205000,NVDA,2027-02-19,P,205.0,11.15,649.0,11.4,152.0,0.3907,2882.0,36.0,-0.268,0.0055,0.5127,-0.0611,-0.2804,11.3337,0.0,10.7,11.35,10.08,no_change,11.35,2026-09-04T15:04:01,8.40242e-07,11.3499999046326,229.88,2026-09-04 19:44:26,2026-09-04 15:45:04
NVDA,NVDA270219P00210000,NVDA,2027-02-19,P,210.0,13.0,172.0,13.15,605.0,0.3897,2586.0,91.0,-0.2984,0.0058,0.5395,-0.064,-0.3089,13.0331,0.025,12.8,13.05,11.75,no_change,13.05,2026-09-04T15:03:54,0.191942,13.0249996185303,229.88,2026-09-04 19:44:26,2026-09-04 15:45:04
NVDA,NVDA270219P00215000,NVDA,2027-02-19,P,215.0,14.85,367.0,15.0,223.0,0.3864,2255.0,95.0,-0.3302,0.0062,0.5627,-0.0667,-0.339,14.9124,-0.025,13.65,14.95,13.38,no_change,14.95,2026-09-04T15:26:04,-0.166944,14.9749999046326,229.88,2026-09-04 19:44:26,2026-09-04 15:45:04
NVDA,NVDA270219P00220000,NVDA,2027-02-19,P,220.0,16.8,605.0,17.05,137.0,0.3831,1824.0,248.0,-0.363,0.0064,0.5823,-0.069,-0.3678,16.9643,-0.065,15.5,17.0,15.35,no_change,16.91,2026-09-04T15:15:43,-0.382913,16.9749994277954,229.88,2026-09-04 19:44:26,2026-09-04 15:45:04
NVDA,NVDA270219P00225000,NVDA,2027-02-19,P,225.0,19.15,347.0,19.3,279.0,0.3819,1049.0,365.0,-0.3968,0.0067,0.5978,-0.0708,-0.3968,19.2063,0.0,18.0,19.25,17.45,no_change,19.25,2026-09-04T15:26:04,0.0,19.25,229.88,2026-09-04 19:44:26,2026-09-04 15:45:04
NVDA,NVDA270219P00230000,NVDA,2027-02-19,P,230.0,21.4,664.0,21.75,453.0,0.3786,1904.0,1760.0,-0.4313,0.0069,0.6087,-0.0722,-0.4242,21.6383,-0.135,21.0,21.55,19.6,up,21.54,2026-09-04T15:09:46,-0.622838,21.6750001907349,229.88,2026-09-04 19:44:26,2026-09-04 15:45:04
NVDA,NVDA270219P00235000,NVDA,2027-02-19,P,235.0,24.0,606.0,24.35,323.0,0.3768,308.0,49.0,-0.4659,0.0071,0.615,-0.0732,-0.4511,24.2467,-0.1,22.55,24.2,22.55,up,24.2,2026-09-04T15:07:03,-0.411523,24.3000001907349,229.88,2026-09-04 19:44:26,2026-09-04 15:45:04
NVDA,NVDA270219P00240000,NVDA,2027-02-19,P,240.0,27.0,83.0,27.1,21.0,0.3771,1049.0,228.0,-0.5003,0.0072,0.6169,-0.0738,-0.4726,27.0122,-0.425,25.0,26.75,24.92,up,26.75,2026-09-04T14:46:33,-1.56394,27.1750001907349,229.88,2026-09-04 19:44:26,2026-09-04 15:45:04
NVDA,NVDA270219P00245000,NVDA,2027-02-19,P,245.0,29.5,519.0,30.1,99.0,0.372,19.0,0.0,-0.5351,0.0072,0.6132,-0.0739,-0.4954,30.0026,0.0,0.0,0.0,0.0,down,31.52,2026-09-02T12:43:27,0.0,30.0249996185303,229.88,2026-09-04 19:44:26,2026-09-04 15:45:04
NVDA,NVDA270219P00250000,NVDA,2027-02-19,P,250.0,32.6,675.0,33.8,641.0,0.3707,101.0,12.0,-0.5688,0.0072,0.6065,-0.0737,-0.5129,33.1148,-0.95,30.85,32.3,30.85,no_change,32.3,2026-09-04T12:56:54,-2.85714,33.25,229.88,2026-09-04 19:44:26,2026-09-04 15:45:04
NVDA,NVDA270219P00255000,NVDA,2027-02-19,P,255.0,35.7,616.0,36.55,75.0,0.3684,42.0,9.0,-0.6022,0.0072,0.5935,-0.0731,-0.5271,36.4227,-1.51,34.36,34.79,34.36,up,34.79,2026-09-04T10:58:23,-4.15978,36.3000011444092,229.88,2026-09-04 19:44:26,2026-09-04 15:45:04
NVDA,NVDA270219P00260000,NVDA,2027-02-19,P,260.0,39.15,466.0,40.0,21.0,0.3674,194.0,0.0,-0.6346,0.0072,0.5788,-0.0722,-0.5409,39.8901,0.0,0.0,0.0,0.0,up,48.5,2026-09-01T09:39:56,0.0,40.1749992370606,229.88,2026-09-04 19:44:26,2026-09-04 15:45:04
NVDA,NVDA270219P00265000,NVDA,2027-02-19,P,265.0,42.65,673.0,43.65,117.0,0.3659,120.0,0.0,-0.666,0.0071,0.557,-0.0711,-0.5416,43.5107,0.0,0.0,0.0,0.0,up,43.8,2026-09-03T15:52:31,0.0,43.8500003814697,229.88,2026-09-04 19:44:26,2026-09-04 15:45:04
NVDA,NVDA270219P00270000,NVDA,2027-02-19,P,270.0,46.35,447.0,47.45,172.0,0.3649,22.0,0.0,-0.6963,0.007,0.5356,-0.0697,-0.543,47.2853,0.0,0.0,0.0,0.0,down,48.87,2026-09-02T11:54:03,0.0,47.6000003814697,229.88,2026-09-04 19:44:26,2026-09-04 15:45:04
NVDA,NVDA270219P00275000,NVDA,2027-02-19,P,275.0,50.05,618.0,51.3,15.0,0.3621,50.0,0.0,-0.7253,0.0068,0.5096,-0.0682,-0.5389,51.1769,0.0,0.0,0.0,0.0,down,51.45,2026-09-03T15:52:08,0.0,51.5499992370606,229.88,2026-09-04 19:44:26,2026-09-04 15:45:04
NVDA,NVDA270219P00280000,NVDA,2027-02-19,P,280.0,54.1,590.0,55.35,63.0,0.362,29.0,0.0,-0.753,0.0066,0.4803,-0.0664,-0.535,55.2063,0.0,0.0,0.0,0.0,up,58.25,2026-08-27T15:01:10,0.0,55.9250011444092,229.88,2026-09-04 19:44:26,2026-09-04 15:45:04
NVDA,NVDA270219P00285000,NVDA,2027-02-19,P,285.0,58.1,473.0,59.7,187.0,0.362,129.0,0.0,-0.7794,0.0064,0.4506,-0.0647,-0.5183,59.3607,0.0,0.0,0.0,0.0,up,68.43,2026-09-01T10:19:25,0.0,59.6749992370606,229.88,2026-09-04 19:44:26,2026-09-04 15:45:04
NVDA,NVDA270219P00290000,NVDA,2027-02-19,P,290.0,62.3,225.0,63.85,6.0,0.3594,56.0,0.0,-0.8044,0.0062,0.4156,-0.0627,-0.4979,63.6156,0.0,0.0,0.0,0.0,no_change,64.95,2026-09-03T11:52:53,0.0,64.0750007629394,229.88,2026-09-04 19:44:26,2026-09-04 15:45:04
NVDA,NVDA270219P00295000,NVDA,2027-02-19,P,295.0,66.6,407.0,68.6,397.0,0.3633,58.0,25.0,-0.828,0.0061,0.384,-0.0607,-0.4752,67.9697,-3.8,64.8,64.8,64.75,down,64.75,2026-09-04T10:33:25,-5.5434,68.5500030517578,229.88,2026-09-04 19:44:26,2026-09-04 15:45:04
NVDA,NVDA270219P00300000,NVDA,2027-02-19,P,300.0,71.3,220.0,72.9,101.0,0.3645,84.0,0.0,-0.8504,0.0058,0.3494,-0.0586,-0.448,72.4149,0.0,0.0,0.0,0.0,no_change,72.8,2026-09-03T15:47:01,0.0,72.8000030517578,229.88,2026-09-04 19:44:26,2026-09-04 15:45:04
NVDA,NVDA270219P00305000,NVDA,2027-02-19,P,305.0,75.5,195.0,77.2,7.0,0.353,0.0,0.0,-0.8713,0.0056,0.31,-0.057,-0.4107,76.9469,0.0,0.0,0.0,0.0,no_change,0.0,,0.0,77.5749969482422,229.88,2026-09-04 19:44:26,2026-09-04 15:45:04
NVDA,NVDA270219P00310000,NVDA,2027-02-19,P,310.0,80.25,192.0,82.1,172.0,0.36,1.0,0.0,-0.891,0.0054,0.2758,-0.0559,-0.3612,81.5543,0.0,0.0,0.0,0.0,down,83.65,2026-09-03T09:34:00,0.0,81.8000030517578,229.88,2026-09-04 19:44:26,2026-09-04 15:45:04
NVDA,NVDA270219P00315000,NVDA,2027-02-19,P,315.0,84.75,120.0,86.7,96.0,0.3494,20.0,0.0,-0.909,0.0051,0.2417,-0.0535,-0.3368,86.2296,0.0,0.0,0.0,0.0,down,93.15,2026-08-07T11:13:09,0.0,86.3999977111816,229.88,2026-09-04 19:44:26,2026-09-04 15:45:04
NVDA,NVDA270219P00320000,NVDA,2027-02-19,P,320.0,89.65,117.0,91.45,96.0,0.3495,0.0,0.0,-0.9252,0.0047,0.1996,-0.0503,-0.27,90.9713,0.0,0.0,0.0,0.0,no_change,0.0,,0.0,91.2250022888184,229.88,2026-09-04 19:44:26,2026-09-04 15:45:04
NVDA,NVDA270219P00325000,NVDA,2027-02-19,P,325.0,94.35,123.0,96.2,95.0,0.3028,0.0,0.0,-0.9403,0.0042,0.1646,-0.0464,-0.2299,95.7713,0.0,0.0,0.0,0.0,no_change,0.0,,0.0,96.2250022888184,229.88,2026-09-04 19:44:26,2026-09-04 15:45:04
NVDA,NVDA270219P00330000,NVDA,2027-02-19,P,330.0,99.25,99.0,101.0,74.0,0.0,0.0,0.0,-0.9531,0.0038,0.1374,-0.0415,-0.2122,100.613,0.0,0.0,0.0,0.0,no_change,0.0,,0.0,100.800003051758,229.88,2026-09-04 19:44:26,2026-09-04 15:45:04
NVDA,NVDA270219P00335000,NVDA,2027-02-19,P,335.0,104.2,102.0,105.85,68.0,0.0,0.0,0.0,-0.9639,0.0033,0.1112,-0.036,-0.1241,105.4895,0.0,0.0,0.0,0.0,no_change,0.0,,0.0,105.850002288818,229.88,2026-09-04 19:44:26,2026-09-04 15:45:04
NVDA,NVDA270219P00340000,NVDA,2027-02-19,P,340.0,109.15,111.0,110.75,7.0,0.0,0.0,0.0,-0.973,0.0027,0.0703,-0.0277,-0.1116,110.4164,0.0,0.0,0.0,0.0,no_change,0.0,,0.0,110.925003051758,229.88,2026-09-04 19:44:26,2026-09-04 15:45:04
NVDA,NVDA270219P00345000,NVDA,2027-02-19,P,345.0,114.15,127.0,115.7,68.0,0.0,0.0,0.0,-0.9803,0.0021,0.0564,-0.0207,-0.0966,115.3601,0.0,0.0,0.0,0.0,no_change,0.0,,0.0,115.75,229.88,2026-09-04 19:44:26,2026-09-04 15:45:04
NVDA,NVDA270219P00350000,NVDA,2027-02-19,P,350.0,119.15,119.0,121.35,77.0,0.0,0.0,0.0,-0.9864,0.0017,0.0474,-0.0148,-0.0854,120.3146,0.0,0.0,0.0,0.0,no_change,0.0,,0.0,120.875,229.88,2026-09-04 19:44:26,2026-09-04 15:45:04
NVDA,NVDA270219P00355000,NVDA,2027-02-19,P,355.0,124.1,76.0,125.6,5.0,0.0,0.0,0.0,-0.9906,0.0012,0.027,-0.0099,-0.0388,125.2906,0.0,0.0,0.0,0.0,no_change,0.0,,0.0,125.875,229.88,2026-09-04 19:44:26,2026-09-04 15:45:04
NVDA,NVDA270219P00360000,NVDA,2027-02-19,P,360.0,129.1,74.0,130.6,6.0,0.0,0.0,0.0,-0.9936,0.0009,0.0126,-0.006,-0.0354,130.2789,0.0,0.0,0.0,0.0,no_change,0.0,,0.0,130.724998474121,229.88,2026-09-04 19:44:26,2026-09-04 15:45:04
NVDA,NVDA270219P00365000,NVDA,2027-02-19,P,365.0,134.1,77.0,135.6,6.0,0.0,0.0,0.0,-0.9959,0.0006,0.0098,-0.0031,-0.0336,135.2699,0.0,0.0,0.0,0.0,no_change,0.0,,0.0,135.875,229.88,2026-09-04 19:44:26,2026-09-04 15:45:04
NVDA,NVDA270219P00370000,NVDA,2027-02-19,P,370.0,139.1,76.0,140.6,10.0,0.0,0.0,0.0,-0.9978,0.0004,0.0082,-0.0008,-0.0319,140.2624,0.0,0.0,0.0,0.0,no_change,0.0,,0.0,140.950004577637,229.88,2026-09-04 19:44:26,2026-09-04 15:45:04
NVDA,NVDA270219P00375000,NVDA,2027-02-19,P,375.0,140.95,1.0,148.8,57.0,0.0,0.0,0.0,-0.9987,0.0002,0.0037,0.0,-0.0206,145.2491,0.0,0.0,0.0,0.0,no_change,0.0,,0.0,145.425003051758,229.88,2026-09-04 19:44:26,2026-09-04 15:45:04
NVDA,NVDA270219P00380000,NVDA,2027-02-19,P,380.0,145.95,1.0,153.75,61.0,0.0,0.0,0.0,-0.9992,0.0001,0.0,0.0,-0.0208,150.248,0.0,0.0,0.0,0.0,up,163.99,2026-09-01T09:45:38,0.0,150.700004577637,229.88,2026-09-04 19:44:26,2026-09-04 15:45:04
NVDA,NVDA270219P00385000,NVDA,2027-02-19,P,385.0,150.95,1.0,158.75,62.0,0.0,0.0,0.0,-0.9995,0.0001,0.0,0.0,-0.0211,155.2568,0.0,0.0,0.0,0.0,no_change,0.0,,0.0,155.700004577637,229.88,2026-09-04 19:44:26,2026-09-04 15:45:04
NVDA,NVDA270219P00390000,NVDA,2027-02-19,P,390.0,155.95,1.0,163.75,61.0,0.0,0.0,0.0,-0.9998,0.0,0.0,0.0,-0.0214,160.2556,0.0,0.0,0.0,0.0,no_change,0.0,,0.0,160.700004577637,229.88,2026-09-04 19:44:26,2026-09-04 15:45:04
NVDA,NVDA270219P00395000,NVDA,2027-02-19,P,395.0,160.95,1.0,168.7,57.0,0.0,0.0,0.0,-1.0,0.0,0.0,0.0,-0.0217,165.2444,0.0,0.0,0.0,0.0,no_change,0.0,,0.0,165.700004577637,229.88,2026-09-04 19:44:26,2026-09-04 15:45:04
NVDA,NVDA270219P00400000,NVDA,2027-02-19,P,400.0,165.95,1.0,173.75,51.0,0.0,0.0,0.0,-1.0,0.0,0.0,0.0,-0.0219,170.2531,0.0,0.0,0.0,0.0,no_change,0.0,,0.0,170.75,229.88,2026-09-04 19:44:26,2026-09-04 15:45:04
NVDA,NVDA270219P00405000,NVDA,2027-02-19,P,405.0,170.95,51.0,178.7,54.0,0.0,0.0,0.0,-1.0,0.0,0.0,0.0,-0.0222,175.252,0.0,0.0,0.0,0.0,no_change,0.0,,0.0,175.700004577637,229.88,2026-09-04 19:44:26,2026-09-04 15:45:04
NVDA,NVDA270219P00410000,NVDA,2027-02-19,P,410.0,175.95,51.0,183.75,53.0,0.0,0.0,0.0,-1.0,0.0,0.0,0.0,-0.0225,180.2508,0.0,0.0,0.0,0.0,no_change,0.0,,0.0,180.800003051758,229.88,2026-09-04 19:44:26,2026-09-04 15:45:04
NVDA,NVDA270219P00415000,NVDA,2027-02-19,P,415.0,180.95,1.0,188.75,59.0,0.0,0.0,0.0,-1.0,0.0,0.0,0.0,-0.0228,185.2496,0.0,0.0,0.0,0.0,no_change,0.0,,0.0,185.675003051758,229.88,2026-09-04 19:44:26,2026-09-04 15:45:04
NVDA,NVDA270219P00420000,NVDA,2027-02-19,P,420.0,185.95,1.0,193.7,62.0,0.0,0.0,0.0,-1.0,0.0,0.0,0.0,-0.023,190.2384,0.0,0.0,0.0,0.0,no_change,0.0,,0.0,190.800003051758,229.88,2026-09-04 19:44:26,2026-09-04 15:45:04
NVDA,NVDA270219P00425000,NVDA,2027-02-19,P,425.0,190.95,51.0,198.7,56.0,0.0,0.0,0.0,-1.0,0.0,0.0,0.0,-0.0233,195.2471,0.0,0.0,0.0,0.0,no_change,0.0,,0.0,195.775001525879,229.88,2026-09-04 19:44:26,2026-09-04 15:45:04
NVDA,NVDA270219P00430000,NVDA,2027-02-19,P,430.0,195.95,57.0,203.7,62.0,0.0,0.0,0.0,-1.0,0.0,0.0,0.0,-0.0236,200.246,0.0,0.0,0.0,0.0,no_change,0.0,,0.0,201.050003051758,229.88,2026-09-04 19:44:26,2026-09-04 15:45:04
NVDA,NVDA270219P00435000,NVDA,2027-02-19,P,435.0,200.95,1.0,208.75,62.0,0.0,0.0,0.0,-1.0,0.0,0.0,0.0,-0.0238,205.2448,0.0,0.0,0.0,0.0,no_change,0.0,,0.0,205.900001525879,229.88,2026-09-04 19:44:26,2026-09-04 15:45:04
NVDA,NVDA270219P00440000,NVDA,2027-02-19,P,440.0,205.95,1.0,213.8,52.0,0.0,0.0,0.0,-1.0,0.0,0.0,0.0,-0.0241,210.2436,0.0,0.0,0.0,0.0,no_change,0.0,,0.0,210.875,229.88,2026-09-04 19:44:26,2026-09-04 15:45:04
NVDA,NVDA270219P00445000,NVDA,2027-02-19,P,445.0,210.95,1.0,218.75,52.0,0.0,0.0,0.0,-1.0,0.0,0.0,0.0,-0.0244,215.2324,0.0,0.0,0.0,0.0,no_change,0.0,,0.0,215.775001525879,229.88,2026-09-04 19:44:26,2026-09-04 15:45:04
NVDA,NVDA270219P00450000,NVDA,2027-02-19,P,450.0,215.95,51.0,223.7,61.0,0.0,0.0,0.0,-1.0,0.0,0.0,0.0,-0.0247,220.2312,0.0,0.0,0.0,0.0,no_change,0.0,,0.0,220.875,229.88,2026-09-04 19:44:26,2026-09-04 15:45:04
NVDA,NVDA270219P00455000,NVDA,2027-02-19,P,455.0,220.95,1.0,228.75,60.0,0.0,0.0,0.0,-1.0,0.0,0.0,0.0,-0.0249,225.23,0.0,0.0,0.0,0.0,no_change,0.0,,0.0,225.800003051758,229.88,2026-09-04 19:44:26,2026-09-04 15:45:04
NVDA,NVDA270219P00460000,NVDA,2027-02-19,P,460.0,225.95,1.0,233.7,58.0,0.0,0.0,0.0,-1.0,0.0,0.0,0.0,-0.0252,230.2389,0.0,0.0,0.0,0.0,no_change,0.0,,0.0,230.900001525879,229.88,2026-09-04 19:44:26,2026-09-04 15:45:04
NVDA,NVDA270319C00002500,NVDA,2027-03-19,C,2.5,223.6,52.0,229.85,50.0,0.0,0.0,0.0,1.0,0.0,0.0005,-0.0016,0.0077,227.5117,0.0,0.0,0.0,0.0,no_change,0.0,,0.0,226.424995422363,229.88,2026-09-04 19:44:26,2026-09-04 15:45:04
NVDA,NVDA270319C00005000,NVDA,2027-03-19,C,5.0,221.1,51.0,228.85,51.0,0.0,0.0,0.0,1.0,0.0,0.0005,-0.0004,0.0192,225.0375,0.0,0.0,0.0,0.0,no_change,0.0,,0.0,223.924995422363,229.88,2026-09-04 19:44:26,2026-09-04 15:45:04
NVDA,NVDA270319C00007500,NVDA,2027-03-19,C,7.5,218.5,1.0,226.4,7.0,0.0,0.0,0.0,1.0,0.0,0.0006,-0.0004,0.0309,222.5765,0.0,0.0,0.0,0.0,no_change,0.0,,0.0,221.474998474121,229.88,2026-09-04 19:44:26,2026-09-04 15:45:04
NVDA,NVDA270319C00010000,NVDA,2027-03-19,C,10.0,216.4,52.0,223.95,7.0,1.6779,0.0,0.0,1.0,0.0,0.0008,-0.0004,0.0443,220.123,0.0,0.0,0.0,0.0,down,187.5,2026-07-27T12:03:53,0.0,219.025001525879,229.88,2026-09-04 19:44:26,2026-09-04 15:45:04
NVDA,NVDA270319C00012500,NVDA,2027-03-19,C,12.5,214.0,51.0,221.5,7.0,1.5895,0.0,0.0,1.0,0.0,0.0013,-0.0004,0.0616,217.6778,0.0,0.0,0.0,0.0,no_change,0.0,,0.0,216.575004577637,229.88,2026-09-04 19:44:26,2026-09-04 15:45:04
NVDA,NVDA270319C00015000,NVDA,2027-03-19,C,15.0,211.1,51.0,219.05,50.0,0.0,0.0,0.0,1.0,0.0,0.0018,-0.0005,0.0737,215.2364,0.0,0.0,0.0,0.0,no_change,0.0,,0.0,214.125,229.88,2026-09-04 19:44:26,2026-09-04 15:45:04
NVDA,NVDA270319C00017500,NVDA,2027-03-19,C,17.5,209.1,51.0,216.65,7.0,1.416,0.0,0.0,1.0,0.0,0.0022,-0.0006,0.0859,212.7955,0.0,0.0,0.0,0.0,no_change,0.0,,0.0,211.674995422363,229.88,2026-09-04 19:44:26,2026-09-04 15:45:04
NVDA,NVDA270319C00020000,NVDA,2027-03-19,C,20.0,206.65,51.0,214.2,7.0,1.3302,0.0,0.0,1.0,0.0,0.0025,-0.0007,0.098,210.3547,0.0,0.0,0.0,0.0,no_change,0.0,,0.0,209.25,229.88,2026-09-04 19:44:26,2026-09-04 15:45:04
NVDA,NVDA270319C00022500,NVDA,2027-03-19,C,22.5,204.2,52.0,211.75,50.0,1.255,0.0,0.0,1.0,0.0,0.0029,-0.0008,0.1102,207.9141,0.0,0.0,0.0,0.0,no_change,0.0,,0.0,206.825004577637,229.88,2026-09-04 19:44:26,2026-09-04 15:45:04
NVDA,NVDA270319C00025000,NVDA,2027-03-19,C,25.0,201.4,51.0,209.3,50.0,0.0,0.0,0.0,1.0,0.0,0.0036,-0.0009,0.1223,205.4736,0.0,0.0,0.0,0.0,no_change,0.0,,0.0,204.375,229.88,2026-09-04 19:44:26,2026-09-04 15:45:04
NVDA,NVDA270319C00030000,NVDA,2027-03-19,C,30.0,196.85,51.0,204.45,51.0,1.1069,4.0,0.0,1.0,0.0,0.0046,-0.0012,0.1465,200.5943,0.0,0.0,0.0,0.0,down,182.31,2026-08-26T10:23:07,0.0,199.5,229.88,2026-09-04 19:44:26,2026-09-04 15:45:04
NVDA,NVDA270319C00035000,NVDA,2027-03-19,C,35.0,191.6,51.0,199.6,50.0,0.0,2.0,0.0,1.0,0.0,0.0057,-0.0014,0.1707,195.7159,0.0,0.0,0.0,0.0,up,195.25,2026-08-27T12:39:59,0.0,194.625,229.88,2026-09-04 19:44:26,2026-09-04 15:45:04
NVDA,NVDA270319C00040000,NVDA,2027-03-19,C,40.0,186.95,51.0,194.7,51.0,0.8894,2.0,0.0,1.0,0.0,0.0076,-0.0016,0.1948,190.8392,0.0,0.0,0.0,0.0,up,182.57,2026-08-07T09:39:58,0.0,189.75,229.88,2026-09-04 19:44:26,2026-09-04 15:45:04
NVDA,NVDA270319C00045000,NVDA,2027-03-19,C,45.0,182.25,51.0,189.85,7.0,0.9408,1.0,0.0,1.0,0.0,0.0092,-0.0019,0.2189,185.9644,0.0,0.0,0.0,0.0,down,168.05,2026-08-25T10:34:42,0.0,184.899993896484,229.88,2026-09-04 19:44:26,2026-09-04 15:45:04
NVDA,NVDA270319C00050000,NVDA,2027-03-19,C,50.0,177.35,51.0,184.95,6.0,0.8742,64.0,0.0,1.0,0.0,0.0111,-0.0023,0.2429,181.0914,0.0,0.0,0.0,0.0,down,169.63,2026-09-01T12:15:15,0.0,180.025001525879,229.88,2026-09-04 19:44:26,2026-09-04 15:45:04
NVDA,NVDA270319C00055000,NVDA,2027-03-19,C,55.0,172.15,51.0,180.1,58.0,0.6686,35.0,0.0,0.9995,0.0001,0.0137,-0.0026,0.2668,176.221,0.0,0.0,0.0,0.0,down,140.2,2026-07-30T14:51:39,0.0,175.174995422363,229.88,2026-09-04 19:44:26,2026-09-04 15:45:04
NVDA,NVDA270319C00060000,NVDA,2027-03-19,C,60.0,167.55,52.0,175.25,214.0,0.789,196.0,0.0,0.999,0.0001,0.0162,-0.003,0.2906,171.3537,0.0,0.0,0.0,0.0,down,158.68,2026-09-01T15:30:07,0.0,170.300003051758,229.88,2026-09-04 19:44:26,2026-09-04 15:45:04
NVDA,NVDA270319C00065000,NVDA,2027-03-19,C,65.0,162.8,1.0,170.35,59.0,0.7724,28.0,0.0,0.9983,0.0001,0.0191,-0.0034,0.3143,166.4892,0.0,0.0,0.0,0.0,no_change,151.81,2026-08-21T15:07:24,0.0,165.424995422363,229.88,2026-09-04 19:44:26,2026-09-04 15:45:04
NVDA,NVDA270319C00070000,NVDA,2027-03-19,C,70.0,158.8,351.0,165.5,305.0,0.8502,320.0,0.0,0.9975,0.0001,0.023,-0.0039,0.3379,161.629,0.0,0.0,0.0,0.0,up,153.43,2026-09-02T10:18:38,0.0,161.300003051758,229.88,2026-09-04 19:44:26,2026-09-04 15:45:04
NVDA,NVDA270319C00075000,NVDA,2027-03-19,C,75.0,155.6,349.0,159.5,359.0,0.8521,3454.0,1.0,0.9966,0.0001,0.0267,-0.0044,0.3613,156.7735,3.605,159.88,159.88,159.88,up,159.88,2026-09-04T11:25:04,2.30683,156.274993896484,229.88,2026-09-04 19:44:26,2026-09-04 15:45:04
NVDA,NVDA270319C00080000,NVDA,2027-03-19,C,80.0,149.9,106.0,154.9,64.0,0.7663,75.0,1.0,0.9956,0.0002,0.0312,-0.005,0.3845,151.9229,4.18,154.88,154.88,154.88,up,154.88,2026-09-04T11:25:04,2.77372,150.699996948242,229.88,2026-09-04 19:44:26,2026-09-04 15:45:04
NVDA,NVDA270319C00085000,NVDA,2027-03-19,C,85.0,144.95,342.0,150.8,252.0,0.7783,132.0,0.0,0.9943,0.0002,0.0369,-0.0057,0.4076,147.0789,0.0,0.0,0.0,0.0,up,144.98,2026-09-03T13:34:58,0.0,146.449996948242,229.88,2026-09-04 19:44:26,2026-09-04 15:45:04
NVDA,NVDA270319C00090000,NVDA,2027-03-19,C,90.0,139.4,166.0,146.1,65.0,0.7071,824.0,0.0,0.9928,0.0002,0.0426,-0.0064,0.4302,142.2424,0.0,0.0,0.0,0.0,up,138.83,2026-09-02T12:49:45,0.0,141.875,229.88,2026-09-04 19:44:26,2026-09-04 15:45:04
NVDA,NVDA270319C00095000,NVDA,2027-03-19,C,95.0,135.55,88.0,141.3,63.0,0.7355,75.0,0.0,0.9911,0.0003,0.0495,-0.0072,0.4525,137.414,0.0,0.0,0.0,0.0,up,132.0,2026-09-02T10:58:45,0.0,137.025001525879,229.88,2026-09-04 19:44:26,2026-09-04 15:45:04
NVDA,NVDA270319C00100000,NVDA,2027-03-19,C,100.0,131.85,172.0,135.95,307.0,0.7308,421.0,1.0,0.9891,0.0003,0.0574,-0.0081,0.4749,132.5965,3.515,135.99,135.99,135.99,up,135.99,2026-09-04T09:46:52,2.65333,132.474998474121,229.88,2026-09-04 19:44:26,2026-09-04 15:45:04
NVDA,NVDA270319C00105000,NVDA,2027-03-19,C,105.0,126.3,287.0,130.75,262.0,0.6506,183.0,0.0,0.9867,0.0004,0.0658,-0.0091,0.4963,127.7909,0.0,0.0,0.0,0.0,no_change,117.27,2026-08-31T10:34:13,0.0,127.274997711182,229.88,2026-09-04 19:44:26,2026-09-04 15:45:04
NVDA,NVDA270319C00110000,NVDA,2027-03-19,C,110.0,120.55,327.0,126.85,275.0,0.6228,419.0,1.0,0.984,0.0005,0.0764,-0.0102,0.518,122.9993,2.66,124.76,124.76,124.76,up,124.76,2026-09-04T09:32:43,2.17854,122.100002288818,229.88,2026-09-04 19:44:26,2026-09-04 15:45:04
NVDA,NVDA270319C00115000,NVDA,2027-03-19,C,115.0,116.8,322.0,119.75,262.0,0.538,370.0,0.0,0.9807,0.0006,0.0874,-0.0114,0.5382,118.2258,0.0,0.0,0.0,0.0,no_change,113.25,2026-09-02T14:24:16,0.0,117.525001525879,229.88,2026-09-04 19:44:26,2026-09-04 15:45:04
NVDA,NVDA270319C00120000,NVDA,2027-03-19,C,120.0,112.65,262.0,116.65,333.0,0.6129,541.0,2.0,0.9769,0.0007,0.1002,-0.0128,0.5578,113.4724,3.1,116.35,116.35,116.35,no_change,116.35,2026-09-04T09:37:08,2.73731,113.25,229.88,2026-09-04 19:44:26,2026-09-04 15:45:04
NVDA,NVDA270319C00125000,NVDA,2027-03-19,C,125.0,107.45,502.0,109.9,470.0,0.4994,396.0,1.0,0.9725,0.0008,0.1149,-0.0143,0.5776,108.7446,1.55,109.25,109.25,109.25,up,109.25,2026-09-04T10:07:05,1.43919,107.699996948242,229.88,2026-09-04 19:44:26,2026-09-04 15:45:04
NVDA,NVDA270319C00130000,NVDA,2027-03-19,C,130.0,103.4,157.0,106.1,499.0,0.5426,642.0,23.0,0.9673,0.0009,0.1308,-0.016,0.5954,104.0466,0.52,107.1,108.68,104.27,down,104.27,2026-09-04T14:23:38,0.501205,103.75,229.88,2026-09-04 19:44:26,2026-09-04 15:45:04
NVDA,NVDA270319C00135000,NVDA,2027-03-19,C,135.0,98.6,229.0,101.25,387.0,0.5171,285.0,0.0,0.9612,0.0011,0.1496,-0.0179,0.614,99.3846,0.0,0.0,0.0,0.0,up,98.85,2026-09-03T13:40:45,0.0,98.6000022888184,229.88,2026-09-04 19:44:26,2026-09-04 15:45:04
NVDA,NVDA270319C00140000,NVDA,2027-03-19,C,140.0,94.15,290.0,95.45,441.0,0.4749,482.0,5.0,0.9542,0.0012,0.1695,-0.02,0.6314,94.7656,0.9,98.43,98.43,95.0,down,95.0,2026-09-04T14:30:14,0.956431,94.0999984741211,229.88,2026-09-04 19:44:26,2026-09-04 15:45:04
NVDA,NVDA270319C00145000,NVDA,2027-03-19,C,145.0,89.85,17.0,91.25,345.0,0.4817,292.0,1.0,0.946,0.0014,0.1926,-0.0222,0.654,90.1971,3.445,92.77,92.77,92.77,up,92.77,2026-09-04T09:37:42,3.8567,89.3250007629394,229.88,2026-09-04 19:44:26,2026-09-04 15:45:04
NVDA,NVDA270319C00150000,NVDA,2027-03-19,C,150.0,84.9,372.0,86.2,363.0,0.4486,1751.0,14.0,0.9366,0.0017,0.2171,-0.0247,0.6852,85.6887,4.38,88.0,90.0,88.0,up,89.38,2026-09-04T10:18:37,5.15294,85.0,229.88,2026-09-04 19:44:26,2026-09-04 15:45:04
NVDA,NVDA270319C00155000,NVDA,2027-03-19,C,155.0,80.8,83.0,82.2,307.0,0.4576,634.0,10.0,0.9258,0.0019,0.2438,-0.0273,0.7013,81.2563,1.7,82.15,82.15,82.15,up,82.15,2026-09-04T09:30:00,2.11312,80.4499969482422,229.88,2026-09-04 19:44:26,2026-09-04 15:45:04
NVDA,NVDA270319C00160000,NVDA,2027-03-19,C,160.0,76.55,323.0,77.8,500.0,0.451,2525.0,36.0,0.9136,0.0022,0.2725,-0.0301,0.7095,76.8951,1.62,77.75,81.0,77.67,no_change,77.67,2026-09-04T12:26:28,2.13017,76.0500030517578,229.88,2026-09-04 19:44:26,2026-09-04 15:45:04
NVDA,NVDA270319C00165000,NVDA,2027-03-19,C,165.0,72.35,40.0,73.5,417.0,0.4443,1345.0,51.0,0.8998,0.0024,0.3028,-0.0331,0.7156,72.6261,1.1,73.5,74.25,72.5,down,72.5,2026-09-04T15:29:01,1.54061,71.4000015258789,229.88,2026-09-04 19:44:26,2026-09-04 15:45:04
NVDA,NVDA270319C00170000,NVDA,2027-03-19,C,170.0,68.2,9.0,69.1,388.0,0.4352,4975.0,29.0,0.8843,0.0027,0.3348,-0.0362,0.7188,68.4328,1.055,69.0,72.21,68.39,up,68.63,2026-09-04T15:10:13,1.56123,67.5749969482422,229.88,2026-09-04 19:44:26,2026-09-04 15:45:04
NVDA,NVDA270319C00175000,NVDA,2027-03-19,C,175.0,63.65,356.0,64.85,385.0,0.4206,2511.0,4.0,0.8672,0.003,0.3673,-0.0393,0.7198,64.3573,2.8,68.05,68.05,66.15,down,66.15,2026-09-04T11:20:48,4.41989,63.3500003814697,229.88,2026-09-04 19:44:26,2026-09-04 15:45:04
NVDA,NVDA270319C00180000,NVDA,2027-03-19,C,180.0,59.25,446.0,60.75,382.0,0.4089,4403.0,111.0,0.8485,0.0034,0.4009,-0.0425,0.7177,60.3956,0.98,62.5,64.45,60.33,down,60.33,2026-09-04T15:26:51,1.65122,59.3499984741211,229.88,2026-09-04 19:44:26,2026-09-04 15:45:04
NVDA,NVDA270319C00185000,NVDA,2027-03-19,C,185.0,56.35,298.0,57.25,404.0,0.42,3050.0,7.0,0.8282,0.0037,0.4339,-0.0456,0.7135,56.5762,5.3,59.76,60.45,59.76,no_change,60.45,2026-09-04T10:29:36,9.61016,55.1499996185303,229.88,2026-09-04 19:44:26,2026-09-04 15:45:04
NVDA,NVDA270319C00190000,NVDA,2027-03-19,C,190.0,52.65,57.0,53.0,370.0,0.4101,4324.0,52.0,0.8062,0.004,0.467,-0.0487,0.7062,52.8662,1.1,56.15,56.65,52.95,down,52.95,2026-09-04T15:16:57,2.1215,51.8500003814697,229.88,2026-09-04 19:44:26,2026-09-04 15:45:04
NVDA,NVDA270319C00195000,NVDA,2027-03-19,C,195.0,49.1,148.0,49.4,383.0,0.4066,7771.0,84.0,0.7828,0.0043,0.4988,-0.0517,0.6966,49.2939,0.985,52.5,52.65,49.21,down,49.21,2026-09-04T15:26:17,2.04251,48.2250003814697,229.88,2026-09-04 19:44:26,2026-09-04 15:45:04
NVDA,NVDA270319C00200000,NVDA,2027-03-19,C,200.0,45.6,392.0,45.95,390.0,0.4026,30862.0,480.0,0.7581,0.0046,0.5291,-0.0545,0.6845,45.8638,0.4,45.95,49.4,45.3,down,45.3,2026-09-04T15:11:04,0.890869,44.8999996185303,229.88,2026-09-04 19:44:26,2026-09-04 15:45:04
NVDA,NVDA270319C00205000,NVDA,2027-03-19,C,205.0,42.35,397.0,42.75,399.0,0.4009,2151.0,68.0,0.7321,0.0049,0.5575,-0.0571,0.6698,42.5828,1.15,42.6,45.35,42.47,up,42.55,2026-09-04T15:28:03,2.77778,41.3999996185303,229.88,2026-09-04 19:44:26,2026-09-04 15:45:04
NVDA,NVDA270319C00210000,NVDA,2027-03-19,C,210.0,39.2,430.0,39.55,369.0,0.3975,23711.0,113.0,0.705,0.0052,0.5832,-0.0594,0.6535,39.4533,1.165,41.7,42.75,39.47,down,39.49,2026-09-04T15:21:25,3.03979,38.3249988555908,229.88,2026-09-04 19:44:26,2026-09-04 15:45:04
NVDA,NVDA270319C00215000,NVDA,2027-03-19,C,215.0,36.35,106.0,36.9,469.0,0.3989,5561.0,132.0,0.677,0.0054,0.6063,-0.0614,0.6346,36.4798,0.9,38.61,39.95,36.35,down,36.35,2026-09-04T15:24:36,2.53878,35.4500007629394,229.88,2026-09-04 19:44:26,2026-09-04 15:45:04
NVDA,NVDA270319C00220000,NVDA,2027-03-19,C,220.0,33.5,504.0,33.85,495.0,0.3949,18844.0,323.0,0.6482,0.0056,0.6261,-0.0631,0.6146,33.6402,0.95,34.0,36.73,33.6,down,33.6,2026-09-04T15:21:44,2.90965,32.6499996185303,229.88,2026-09-04 19:44:26,2026-09-04 15:45:04
NVDA,NVDA270319C00225000,NVDA,2027-03-19,C,225.0,30.9,90.0,31.1,426.0,0.3927,7561.0,468.0,0.619,0.0058,0.6426,-0.0645,0.5925,30.9838,0.95,30.82,33.8,30.82,no_change,31.05,2026-09-04T15:11:15,3.15614,30.1000003814697,229.88,2026-09-04 19:44:26,2026-09-04 15:45:04
NVDA,NVDA270319C00230000,NVDA,2027-03-19,C,230.0,28.45,49.0,28.6,524.0,0.391,12050.0,656.0,0.5898,0.0059,0.6552,-0.0655,0.57,28.5038,0.9,28.6,31.1,28.37,down,28.5,2026-09-04T15:27:48,3.26087,27.6000003814697,229.88,2026-09-04 19:44:26,2026-09-04 15:45:04
NVDA,NVDA270319C00235000,NVDA,2027-03-19,C,235.0,26.05,291.0,26.25,545.0,0.3893,5764.0,344.0,0.5601,0.006,0.6644,-0.0662,0.5459,26.1471,0.9,26.85,28.75,26.05,no_change,26.2,2026-09-04T15:20:53,3.55731,25.3000001907349,229.88,2026-09-04 19:44:26,2026-09-04 15:45:04
NVDA,NVDA270319C00240000,NVDA,2027-03-19,C,240.0,23.9,132.0,24.15,564.0,0.3887,17163.0,374.0,0.5309,0.0061,0.6698,-0.0665,0.5214,23.9798,0.875,24.6,26.5,24.05,down,24.05,2026-09-04T15:20:14,3.77562,23.1749992370605,229.88,2026-09-04 19:44:26,2026-09-04 15:45:04
NVDA,NVDA270319C00245000,NVDA,2027-03-19,C,245.0,21.8,320.0,22.05,586.0,0.387,4077.0,91.0,0.5015,0.0061,0.6716,-0.0665,0.4964,21.9204,0.89,21.72,23.95,21.72,no_change,21.99,2026-09-04T15:08:27,4.21801,21.1000003814697,229.88,2026-09-04 19:44:26,2026-09-04 15:45:04
NVDA,NVDA270319C00250000,NVDA,2027-03-19,C,250.0,20.0,96.0,20.1,96.0,0.3864,35361.0,873.0,0.4731,0.0061,0.67,-0.0661,0.4711,20.0551,0.86,19.8,22.25,19.8,no_change,20.11,2026-09-04T15:09:43,4.46753,19.25,229.88,2026-09-04 19:44:26,2026-09-04 15:45:04
NVDA,NVDA270319C00255000,NVDA,2027-03-19,C,255.0,18.25,108.0,18.35,115.0,0.3854,3794.0,121.0,0.4454,0.0061,0.6654,-0.0655,0.4465,18.3249,0.85,18.55,20.15,18.35,down,18.4,2026-09-04T15:06:55,4.8433,17.5500001907349,229.88,2026-09-04 19:44:26,2026-09-04 15:45:04
NVDA,NVDA270319C00260000,NVDA,2027-03-19,C,260.0,16.65,95.0,16.75,120.0,0.3848,27541.0,6281.0,0.4181,0.006,0.6575,-0.0646,0.4215,16.7124,0.8,16.35,18.55,16.35,down,16.7,2026-09-04T15:23:34,5.03145,15.9000000953674,229.88,2026-09-04 19:44:26,2026-09-04 15:45:04
NVDA,NVDA270319C00265000,NVDA,2027-03-19,C,265.0,15.15,148.0,15.3,547.0,0.3847,3376.0,871.0,0.3916,0.0059,0.6466,-0.0635,0.3966,15.2191,0.975,15.07,17.0,15.07,up,15.45,2026-09-04T14:56:41,6.73575,14.4749999046326,229.88,2026-09-04 19:44:26,2026-09-04 15:45:04
NVDA,NVDA270319C00270000,NVDA,2027-03-19,C,270.0,13.8,203.0,13.95,564.0,0.3844,12885.0,394.0,0.3667,0.0058,0.6342,-0.0621,0.3735,13.8821,0.82,14.0,15.5,13.8,down,13.92,2026-09-04T15:15:28,6.25954,13.0999999046326,229.88,2026-09-04 19:44:26,2026-09-04 15:45:04
NVDA,NVDA270319C00275000,NVDA,2027-03-19,C,275.0,12.55,172.0,12.7,394.0,0.3845,4570.0,311.0,0.3424,0.0057,0.6188,-0.0606,0.3499,12.6259,0.825,13.1,14.0,12.4,up,12.75,2026-09-04T14:38:41,6.91824,11.9250001907349,229.88,2026-09-04 19:44:26,2026-09-04 15:45:04
NVDA,NVDA270319C00280000,NVDA,2027-03-19,C,280.0,11.4,322.0,11.55,445.0,0.384,10116.0,362.0,0.3197,0.0055,0.6023,-0.0589,0.3281,11.5095,0.85,11.15,12.85,11.05,no_change,11.6,2026-09-04T14:42:00,7.90698,10.75,229.88,2026-09-04 19:44:26,2026-09-04 15:45:04
NVDA,NVDA270319C00285000,NVDA,2027-03-19,C,285.0,10.35,630.0,10.5,272.0,0.384,2459.0,274.0,0.2978,0.0053,0.5844,-0.0571,0.3071,10.4726,0.85,9.9,11.7,9.9,down,10.6,2026-09-04T14:45:00,8.71795,9.75,229.88,2026-09-04 19:44:26,2026-09-04 15:45:04
NVDA,NVDA270319C00290000,NVDA,2027-03-19,C,290.0,9.4,370.0,9.6,637.0,0.3847,5734.0,272.0,0.2771,0.0052,0.5648,-0.0552,0.2864,9.5241,0.775,10.1,10.53,9.3,up,9.65,2026-09-04T14:45:02,8.73239,8.875,229.88,2026-09-04 19:44:26,2026-09-04 15:45:04
NVDA,NVDA270319C00295000,NVDA,2027-03-19,C,295.0,8.6,124.0,8.8,615.0,0.3862,1605.0,1951.0,0.2576,0.005,0.5446,-0.0532,0.2671,8.6648,0.575,9.2,9.65,8.55,down,8.65,2026-09-04T15:27:45,7.12075,8.07499980926514,229.88,2026-09-04 19:44:26,2026-09-04 15:45:04
NVDA,NVDA270319C00300000,NVDA,2027-03-19,C,300.0,7.85,35.0,8.0,635.0,0.3866,10903.0,808.0,0.239,0.0048,0.5238,-0.0511,0.2487,7.8674,0.67,7.65,8.75,7.57,up,7.92,2026-09-04T14:44:43,9.24138,7.25,229.88,2026-09-04 19:44:26,2026-09-04 15:45:04
NVDA,NVDA270319C00305000,NVDA,2027-03-19,C,305.0,7.1,202.0,7.3,641.0,0.3874,1499.0,139.0,0.2218,0.0046,0.5023,-0.049,0.2311,7.1534,0.8,6.8,7.82,6.76,up,7.4,2026-09-04T13:11:32,12.1212,6.59999990463257,229.88,2026-09-04 19:44:26,2026-09-04 15:45:04
NVDA,NVDA270319C00310000,NVDA,2027-03-19,C,310.0,6.45,289.0,6.65,634.0,0.388,5792.0,381.0,0.2056,0.0044,0.4808,-0.0469,0.2148,6.5047,0.6,6.3,7.2,6.25,down,6.55,2026-09-04T14:35:31,10.084,5.95000004768372,229.88,2026-09-04 19:44:26,2026-09-04 15:45:04
NVDA,NVDA270319C00315000,NVDA,2027-03-19,C,315.0,5.85,443.0,6.05,642.0,0.3885,1952.0,1822.0,0.1905,0.0042,0.4597,-0.0448,0.1996,5.9148,0.55,6.42,6.5,5.78,up,6.0,2026-09-04T13:35:07,10.0917,5.45000004768372,229.88,2026-09-04 19:44:26,2026-09-04 15:45:04
NVDA,NVDA270319C00320000,NVDA,2027-03-19,C,320.0,5.35,40.0,5.45,618.0,0.3889,16161.0,2953.0,0.1764,0.004,0.4384,-0.0428,0.1851,5.3789,0.425,5.4,6.15,5.2,down,5.35,2026-09-04T15:20:07,8.62944,4.92499995231628,229.88,2026-09-04 19:44:26,2026-09-04 15:45:04
NVDA,NVDA270319C00325000,NVDA,2027-03-19,C,325.0,4.85,262.0,5.0,631.0,0.3899,1129.0,116.0,0.1633,0.0038,0.4172,-0.0407,0.1715,4.8931,0.55,4.85,5.38,4.75,up,5.0,2026-09-04T15:02:29,12.3595,4.45000004768372,229.88,2026-09-04 19:44:26,2026-09-04 15:45:04
NVDA,NVDA270319C00330000,NVDA,2027-03-19,C,330.0,4.35,473.0,4.55,657.0,0.3897,4219.0,154.0,0.1511,0.0036,0.397,-0.0388,0.1592,4.4554,0.46,4.65,4.83,4.3,up,4.51,2026-09-04T15:07:12,11.358,4.05000007152557,229.88,2026-09-04 19:44:26,2026-09-04 15:45:04
NVDA,NVDA270319C00335000,NVDA,2027-03-19,C,335.0,4.0,429.0,4.15,631.0,0.3913,1925.0,678.0,0.1397,0.0034,0.377,-0.0368,0.1475,4.0526,0.525,4.05,4.5,4.0,down,4.2,2026-09-04T13:15:07,14.2857,3.67499995231628,229.88,2026-09-04 19:44:26,2026-09-04 15:45:04
NVDA,NVDA270319C00340000,NVDA,2027-03-19,C,340.0,3.65,388.0,3.8,618.0,0.3923,1286.0,194.0,0.1294,0.0032,0.3578,-0.035,0.1366,3.6966,0.35,3.8,4.05,3.7,down,3.7,2026-09-04T14:06:07,10.4478,3.35000002384186,229.88,2026-09-04 19:44:26,2026-09-04 15:45:04
NVDA,NVDA270319C00345000,NVDA,2027-03-19,C,345.0,3.25,503.0,3.45,550.0,0.3919,725.0,40.0,0.1196,0.003,0.3386,-0.0331,0.1264,3.3652,0.33,3.54,3.54,3.34,no_change,3.37,2026-09-04T11:33:04,10.8553,3.03999996185303,229.88,2026-09-04 19:44:26,2026-09-04 15:45:04
NVDA,NVDA270319C00350000,NVDA,2027-03-19,C,350.0,3.0,449.0,3.2,609.0,0.3944,5694.0,428.0,0.1105,0.0028,0.3206,-0.0313,0.1171,3.066,0.37,3.12,3.4,2.9,no_change,3.1,2026-09-04T15:25:26,13.5531,2.73000001907349,229.88,2026-09-04 19:44:26,2026-09-04 15:45:04
NVDA,NVDA270319C00355000,NVDA,2027-03-19,C,355.0,2.77,147.0,2.84,107.0,0.3945,604.0,314.0,0.1023,0.0027,0.3035,-0.0297,0.1085,2.7992,0.27,2.96,3.09,2.75,no_change,2.76,2026-09-04T11:33:04,10.8434,2.49000000953674,229.88,2026-09-04 19:44:26,2026-09-04 15:45:04
NVDA,NVDA270319C00360000,NVDA,2027-03-19,C,360.0,2.51,390.0,2.6,143.0,0.3952,2075.0,255.0,0.0947,0.0025,0.2868,-0.0281,0.1004,2.557,0.305,2.69,2.81,2.56,down,2.56,2026-09-04T12:42:31,13.5255,2.25499999523163,229.88,2026-09-04 19:44:26,2026-09-04 15:45:04
NVDA,NVDA270319C00365000,NVDA,2027-03-19,C,365.0,2.31,355.0,2.38,35.0,0.3967,292.0,31.0,0.0876,0.0024,0.2708,-0.0265,0.0929,2.3358,0.415,2.56,2.56,2.48,no_change,2.5,2026-09-04T10:47:48,19.9041,2.08500003814697,229.88,2026-09-04 19:44:26,2026-09-04 15:45:04
NVDA,NVDA270319C00370000,NVDA,2027-03-19,C,370.0,2.11,516.0,2.18,312.0,0.3978,4446.0,179.0,0.0811,0.0022,0.2559,-0.0251,0.0862,2.1374,0.335,2.3,2.31,2.05,up,2.21,2026-09-04T13:05:23,17.8667,1.875,229.88,2026-09-04 19:44:26,2026-09-04 15:45:04
NVDA,NVDA270319C00375000,NVDA,2027-03-19,C,375.0,1.93,188.0,2.0,356.0,0.399,198.0,53.0,0.0751,0.0021,0.2417,-0.0237,0.0799,1.9557,0.265,2.12,2.12,1.93,up,2.01,2026-09-04T13:05:23,15.1862,1.74500000476837,229.88,2026-09-04 19:44:26,2026-09-04 15:45:04
NVDA,NVDA270319C00380000,NVDA,2027-03-19,C,380.0,1.77,503.0,1.83,121.0,0.4001,720.0,99.0,0.0696,0.002,0.2281,-0.0224,0.074,1.793,0.225,1.83,1.93,1.76,down,1.82,2026-09-04T11:13:43,14.1066,1.59499996900558,229.88,2026-09-04 19:44:26,2026-09-04 15:45:04
NVDA,NVDA270319C00385000,NVDA,2027-03-19,C,385.0,1.63,135.0,1.69,286.0,0.4017,467.0,47.0,0.0645,0.0019,0.215,-0.0212,0.0686,1.6441,0.145,1.78,1.78,1.6,down,1.6,2026-09-04T12:34:31,9.96564,1.4549999833107,229.88,2026-09-04 19:44:26,2026-09-04 15:45:04
NVDA,NVDA270319C00390000,NVDA,2027-03-19,C,390.0,1.49,514.0,1.55,360.0,0.4028,804.0,51.0,0.0598,0.0017,0.2028,-0.02,0.0636,1.5085,0.27,1.64,1.65,1.53,down,1.53,2026-09-04T15:09:05,21.4286,1.25999999046326,229.88,2026-09-04 19:44:26,2026-09-04 15:45:04
NVDA,NVDA270319C00395000,NVDA,2027-03-19,C,395.0,1.37,505.0,1.43,138.0,0.4041,269.0,30.0,0.0556,0.0016,0.1917,-0.0189,0.0592,1.3884,0.15,1.38,1.39,1.34,down,1.35,2026-09-04T11:13:43,12.5,1.19999998807907,229.88,2026-09-04 19:44:26,2026-09-04 15:45:04
NVDA,NVDA270319C00400000,NVDA,2027-03-19,C,400.0,1.25,500.0,1.31,308.0,0.4049,2640.0,134.0,0.0516,0.0015,0.181,-0.0178,0.055,1.2776,0.18,1.36,1.36,1.25,no_change,1.3,2026-09-04T14:25:07,16.0714,1.12000000476837,229.88,2026-09-04 19:44:26,2026-09-04 15:45:04
NVDA,NVDA270319C00405000,NVDA,2027-03-19,C,405.0,1.14,326.0,1.21,99.0,0.4059,626.0,16.0,0.048,0.0014,0.1708,-0.0169,0.0511,1.1777,0.145,1.18,1.19,1.16,no_change,1.17,2026-09-04T14:25:07,14.1463,1.02499997615814,229.88,2026-09-04 19:44:26,2026-09-04 15:45:04
NVDA,NVDA270319C00410000,NVDA,2027-03-19,C,410.0,1.06,513.0,1.12,333.0,0.4078,1223.0,3.0,0.0446,0.0014,0.1609,-0.0159,0.0474,1.0844,0.05,1.06,1.06,1.0,down,1.0,2026-09-04T14:59:10,5.26316,0.950000017881394,229.88,2026-09-04 19:44:26,2026-09-04 15:45:04
NVDA,NVDA270319C00415000,NVDA,2027-03-19,C,415.0,0.99,485.0,1.04,115.0,0.4096,139.0,1.0,0.0415,0.0013,0.1522,-0.0151,0.0443,1.003,0.14,1.02,1.02,1.02,up,1.02,2026-09-04T10:14:39,15.9091,0.880000025033951,229.88,2026-09-04 19:44:26,2026-09-04 15:45:04
NVDA,NVDA270319C00420000,NVDA,2027-03-19,C,420.0,0.88,505.0,0.96,366.0,0.4097,1166.0,11.0,0.0387,0.0012,0.1438,-0.0143,0.0413,0.9265,0.2,0.9,0.99,0.9,no_change,0.99,2026-09-04T09:59:06,25.3165,0.78999999165535,229.88,2026-09-04 19:44:26,2026-09-04 15:45:04
NVDA,NVDA270319C00430000,NVDA,2027-03-19,C,430.0,0.77,520.0,0.82,298.0,0.413,360.0,4.0,0.0336,0.0011,0.1285,-0.0128,0.0359,0.7945,0.095,0.76,0.76,0.72,down,0.72,2026-09-04T12:49:09,15.2,0.625,229.88,2026-09-04 19:44:26,2026-09-04 15:45:04
NVDA,NVDA270319C00440000,NVDA,2027-03-19,C,440.0,0.66,514.0,0.72,397.0,0.4166,834.0,2.0,0.0293,0.001,0.1145,-0.0115,0.0312,0.6823,-0.005,0.67,0.67,0.6,down,0.6,2026-09-04T09:44:03,-0.826445,0.604999989271164,229.88,2026-09-04 19:44:26,2026-09-04 15:45:04
NVDA,NVDA270319C00450000,NVDA,2027-03-19,C,450.0,0.56,505.0,0.62,368.0,0.4187,487.0,20.0,0.0257,0.0008,0.1028,-0.0103,0.0274,0.5904,0.05,0.57,0.57,0.57,up,0.57,2026-09-04T11:50:44,9.61538,0.520000010728836,229.88,2026-09-04 19:44:26,2026-09-04 15:45:04
NVDA,NVDA270319C00455000,NVDA,2027-03-19,C,455.0,0.51,496.0,0.58,385.0,0.4198,320.0,1.0,0.024,0.0008,0.0973,-0.0098,0.0256,0.5491,0.075,0.56,0.56,0.56,up,0.56,2026-09-04T14:44:46,15.4639,0.484999999403954,229.88,2026-09-04 19:44:26,2026-09-04 15:45:04
NVDA,NVDA270319C00460000,NVDA,2027-03-19,C,460.0,0.49,503.0,0.53,306.0,0.4214,5436.0,102.0,0.0225,0.0008,0.0922,-0.0093,0.024,0.5122,0.06,0.48,0.53,0.48,down,0.51,2026-09-04T14:04:55,13.3333,0.450000002980232,229.88,2026-09-04 19:44:26,2026-09-04 15:45:04
NVDA,NVDA270319P00002500,NVDA,2027-03-19,P,2.5,0.0,0.0,0.01,9500.0,1.9509,0.0,0.0,0.0,0.0,0.0003,-0.0001,-0.0001,0.0046,0.0,0.0,0.0,0.0,no_change,0.0,,0.0,0.0750000029802322,229.88,2026-09-04 19:44:26,2026-09-04 15:45:04
NVDA,NVDA270319P00005000,NVDA,2027-03-19,P,5.0,0.0,0.0,0.01,9500.0,1.6225,1002.0,0.0,-0.0001,0.0,0.0006,-0.0002,-0.0001,0.0078,0.0,0.0,0.0,0.0,down,0.01,2026-08-27T09:37:29,0.0,0.00499999988824129,229.88,2026-09-04 19:44:26,2026-09-04 15:45:04
NVDA,NVDA270319P00007500,NVDA,2027-03-19,P,7.5,0.0,0.0,0.05,66.0,1.6447,3001.0,0.0,-0.0001,0.0,0.0009,-0.0003,-0.0002,0.0109,0.0,0.0,0.0,0.0,up,0.03,2026-08-27T10:01:13,0.0,0.025000000372529,229.88,2026-09-04 19:44:26,2026-09-04 15:45:04
NVDA,NVDA270319P00010000,NVDA,2027-03-19,P,10.0,0.0,0.0,0.12,111.0,1.6314,1000.0,0.0,-0.0002,0.0,0.0012,-0.0004,-0.0003,0.0141,0.0,0.0,0.0,0.0,down,0.01,2026-08-27T12:04:03,0.0,0.0350000001490116,229.88,2026-09-04 19:44:26,2026-09-04 15:45:04
NVDA,NVDA270319P00012500,NVDA,2027-03-19,P,12.5,0.0,0.0,0.16,240.0,1.5542,0.0,0.0,-0.0002,0.0,0.0016,-0.0005,-0.0004,0.0175,0.0,0.0,0.0,0.0,no_change,0.0,,0.0,0.0700000002980232,229.88,2026-09-04 19:44:26,2026-09-04 15:45:04
NVDA,NVDA270319P00015000,NVDA,2027-03-19,P,15.0,0.0,0.0,0.16,275.0,1.4506,2.0,0.0,-0.0003,0.0,0.0019,-0.0006,-0.0005,0.021,0.0,0.0,0.0,0.0,down,0.02,2026-08-27T13:07:22,0.0,0.0700000002980232,229.88,2026-09-04 19:44:26,2026-09-04 15:45:04
NVDA,NVDA270319P00017500,NVDA,2027-03-19,P,17.5,0.0,0.0,0.16,313.0,1.3646,0.0,0.0,-0.0004,0.0,0.0024,-0.0007,-0.0006,0.0247,0.0,0.0,0.0,0.0,no_change,0.0,,0.0,0.0799999982118606,229.88,2026-09-04 19:44:26,2026-09-04 15:45:04
NVDA,NVDA270319P00020000,NVDA,2027-03-19,P,20.0,0.0,0.0,0.17,415.0,1.2995,4.0,0.0,-0.0005,0.0,0.0028,-0.0008,-0.0007,0.0287,0.0,0.0,0.0,0.0,down,0.03,2026-08-14T11:34:40,0.0,0.0750000029802322,229.88,2026-09-04 19:44:26,2026-09-04 15:45:04
NVDA,NVDA270319P00022500,NVDA,2027-03-19,P,22.5,0.0,0.0,0.17,410.0,1.2349,4.0,0.0,-0.0006,0.0,0.0033,-0.0009,-0.0008,0.033,0.0,0.0,0.0,0.0,up,0.1,2026-08-24T14:39:33,0.0,0.0750000029802322,229.88,2026-09-04 19:44:26,2026-09-04 15:45:04
NVDA,NVDA270319P00025000,NVDA,2027-03-19,P,25.0,0.01,55.0,0.14,196.0,1.162,9.0,0.0,-0.0006,0.0,0.0038,-0.001,-0.001,0.0375,0.0,0.0,0.0,0.0,no_change,0.04,2026-08-28T10:28:15,0.0,0.0800000028684735,229.88,2026-09-04 19:44:26,2026-09-04 15:45:04
NVDA,NVDA270319P00030000,NVDA,2027-03-19,P,30.0,0.01,55.0,0.09,55.0,1.0224,14.0,0.0,-0.0009,0.0,0.005,-0.0012,-0.0012,0.0474,0.0,0.0,0.0,0.0,down,0.07,2026-08-27T13:06:58,0.0,0.09500000346452,229.88,2026-09-04 19:44:26,2026-09-04 15:45:04
NVDA,NVDA270319P00035000,NVDA,2027-03-19,P,35.0,0.01,322.0,0.1,288.0,0.9541,20.0,0.0,-0.0011,0.0,0.0063,-0.0015,-0.0016,0.0586,0.0,0.0,0.0,0.0,no_change,0.06,2026-09-03T12:03:03,0.0,0.09500000346452,229.88,2026-09-04 19:44:26,2026-09-04 15:45:04
NVDA,NVDA270319P00040000,NVDA,2027-03-19,P,40.0,0.01,70.0,0.18,253.0,0.9389,5.0,0.0,-0.0014,0.0,0.0079,-0.0017,-0.002,0.0715,0.0,0.0,0.0,0.0,up,0.18,2026-08-28T14:20:30,0.0,0.09500000346452,229.88,2026-09-04 19:44:26,2026-09-04 15:45:04
NVDA,NVDA270319P00045000,NVDA,2027-03-19,P,45.0,0.04,55.0,0.1,55.0,0.8489,88.0,0.0,-0.0018,0.0,0.0096,-0.002,-0.0025,0.0861,0.0,0.0,0.0,0.0,up,0.08,2026-08-28T14:20:33,0.0,0.0550000006332994,229.88,2026-09-04 19:44:26,2026-09-04 15:45:04
NVDA,NVDA270319P00050000,NVDA,2027-03-19,P,50.0,0.05,365.0,0.12,392.0,0.8119,823.0,0.0,-0.0022,0.0,0.0117,-0.0024,-0.0031,0.1028,0.0,0.0,0.0,0.0,down,0.08,2026-09-03T13:54:25,0.0,0.0699999984353781,229.88,2026-09-04 19:44:26,2026-09-04 15:45:04
NVDA,NVDA270319P00055000,NVDA,2027-03-19,P,55.0,0.01,441.0,0.24,610.0,0.7959,238.0,0.0,-0.0027,0.0001,0.014,-0.0027,-0.0038,0.1216,0.0,0.0,0.0,0.0,no_change,0.1,2026-08-27T09:30:02,0.0,0.124999997206032,229.88,2026-09-04 19:44:26,2026-09-04 15:45:04
NVDA,NVDA270319P00060000,NVDA,2027-03-19,P,60.0,0.1,554.0,0.26,716.0,0.7825,370.0,3.0,-0.0033,0.0001,0.0167,-0.0031,-0.0045,0.1437,-0.035,0.1,0.1,0.1,down,0.1,2026-09-04T09:30:01,-25.9259,0.135000001639128,229.88,2026-09-04 19:44:26,2026-09-04 15:45:04
NVDA,NVDA270319P00065000,NVDA,2027-03-19,P,65.0,0.1,585.0,0.2,684.0,0.7221,363.0,0.0,-0.0039,0.0001,0.0198,-0.0035,-0.0054,0.169,0.0,0.0,0.0,0.0,down,0.16,2026-09-02T09:30:00,0.0,0.150000002235174,229.88,2026-09-04 19:44:26,2026-09-04 15:45:04
NVDA,NVDA270319P00070000,NVDA,2027-03-19,P,70.0,0.08,598.0,0.32,703.0,0.7064,472.0,0.0,-0.0047,0.0001,0.0234,-0.004,-0.0065,0.1984,0.0,0.0,0.0,0.0,up,0.22,2026-09-01T09:47:53,0.0,0.204999998211861,229.88,2026-09-04 19:44:26,2026-09-04 15:45:04
NVDA,NVDA270319P00075000,NVDA,2027-03-19,P,75.0,0.12,578.0,0.25,256.0,0.6614,3482.0,5.0,-0.0056,0.0001,0.0274,-0.0045,-0.0078,0.2324,0.01,0.2,0.2,0.2,no_change,0.2,2026-09-04T10:20:29,5.26316,0.189999997615814,229.88,2026-09-04 19:44:26,2026-09-04 15:45:04
NVDA,NVDA270319P00080000,NVDA,2027-03-19,P,80.0,0.22,677.0,0.36,876.0,0.6635,793.0,100.0,-0.0067,0.0002,0.032,-0.0051,-0.0092,0.2722,0.015,0.27,0.27,0.27,down,0.27,2026-09-04T15:26:29,5.88235,0.254999995231628,229.88,2026-09-04 19:44:26,2026-09-04 15:45:04
NVDA,NVDA270319P00085000,NVDA,2027-03-19,P,85.0,0.23,712.0,0.44,764.0,0.6409,313.0,0.0,-0.008,0.0002,0.0374,-0.0058,-0.0109,0.3177,0.0,0.0,0.0,0.0,no_change,0.32,2026-09-03T14:45:00,0.0,0.319999992847443,229.88,2026-09-04 19:44:26,2026-09-04 15:45:04
NVDA,NVDA270319P00090000,NVDA,2027-03-19,P,90.0,0.32,523.0,0.4,205.0,0.6135,3363.0,0.0,-0.0095,0.0002,0.0434,-0.0065,-0.0129,0.3708,0.0,0.0,0.0,0.0,no_change,0.4,2026-09-03T14:45:00,0.0,0.395000010728836,229.88,2026-09-04 19:44:26,2026-09-04 15:45:04
NVDA,NVDA270319P00095000,NVDA,2027-03-19,P,95.0,0.39,631.0,0.47,338.0,0.5965,996.0,0.0,-0.0112,0.0003,0.0502,-0.0073,-0.0152,0.4327,0.0,0.0,0.0,0.0,no_change,0.45,2026-09-03T11:14:39,0.0,0.444999992847443,229.88,2026-09-04 19:44:26,2026-09-04 15:45:04
NVDA,NVDA270319P00100000,NVDA,2027-03-19,P,100.0,0.48,510.0,0.54,338.0,0.5804,5315.0,28.0,-0.0133,0.0004,0.0581,-0.0082,-0.0179,0.5044,-0.01,0.51,0.52,0.5,down,0.51,2026-09-04T13:46:38,-1.92308,0.520000010728836,229.88,2026-09-04 19:44:26,2026-09-04 15:45:04
NVDA,NVDA270319P00105000,NVDA,2027-03-19,P,105.0,0.57,508.0,0.63,504.0,0.5644,809.0,11.0,-0.0156,0.0004,0.067,-0.0092,-0.0211,0.5887,0.0,0.62,0.62,0.6,down,0.6,2026-09-04T14:07:07,9.93411e-07,0.599999994039536,229.88,2026-09-04 19:44:26,2026-09-04 15:45:04
NVDA,NVDA270319P00110000,NVDA,2027-03-19,P,110.0,0.67,492.0,0.73,500.0,0.5486,3333.0,4.0,-0.0184,0.0005,0.0768,-0.0104,-0.0248,0.6876,0.05,0.69,0.76,0.69,up,0.76,2026-09-04T15:06:46,7.04225,0.71000000834465,229.88,2026-09-04 19:44:26,2026-09-04 15:45:04
NVDA,NVDA270319P00115000,NVDA,2027-03-19,P,115.0,0.78,499.0,0.84,441.0,0.5331,5868.0,22.0,-0.0217,0.0006,0.0885,-0.0116,-0.029,0.8032,-0.005,0.76,0.79,0.76,up,0.79,2026-09-04T11:27:56,-0.628929,0.794999986886978,229.88,2026-09-04 19:44:26,2026-09-04 15:45:04
NVDA,NVDA270319P00120000,NVDA,2027-03-19,P,120.0,0.86,505.0,0.97,233.0,0.516,3102.0,153.0,-0.0255,0.0007,0.1013,-0.013,-0.0341,0.9404,-0.035,0.86,0.94,0.86,up,0.94,2026-09-04T15:26:29,-3.58974,0.974999994039536,229.88,2026-09-04 19:44:26,2026-09-04 15:45:04
NVDA,NVDA270319P00125000,NVDA,2027-03-19,P,125.0,1.04,591.0,1.14,329.0,0.5047,11707.0,39.0,-0.03,0.0008,0.1157,-0.0145,-0.0399,1.1024,-0.06,1.07,1.07,0.97,no_change,1.05,2026-09-04T10:36:16,-5.40541,1.11000001430511,229.88,2026-09-04 19:44:26,2026-09-04 15:45:04
NVDA,NVDA270319P00130000,NVDA,2027-03-19,P,130.0,1.27,576.0,1.33,572.0,0.4943,16709.0,14.0,-0.0352,0.0009,0.1324,-0.0162,-0.0468,1.2946,-0.055,1.24,1.28,1.2,down,1.22,2026-09-04T11:46:58,-4.31373,1.27500003576279,229.88,2026-09-04 19:44:26,2026-09-04 15:45:04
NVDA,NVDA270319P00135000,NVDA,2027-03-19,P,135.0,1.5,621.0,1.56,439.0,0.4833,9860.0,12.0,-0.0414,0.0011,0.1507,-0.0181,-0.0548,1.5243,0.04,1.39,1.54,1.39,no_change,1.54,2026-09-04T15:08:24,2.66667,1.5,229.88,2026-09-04 19:44:26,2026-09-04 15:45:04
NVDA,NVDA270319P00140000,NVDA,2027-03-19,P,140.0,1.8,1.0,1.9,599.0,0.4761,17957.0,15.0,-0.0485,0.0013,0.1712,-0.0202,-0.064,1.7952,-0.145,1.79,1.79,1.61,up,1.66,2026-09-04T10:41:02,-8.03324,1.80500000715256,229.88,2026-09-04 19:44:26,2026-09-04 15:45:04
NVDA,NVDA270319P00145000,NVDA,2027-03-19,P,145.0,2.06,609.0,2.14,403.0,0.4627,14668.0,9.0,-0.0568,0.0015,0.1939,-0.0225,-0.075,2.1175,-0.04,1.94,2.06,1.94,down,2.03,2026-09-04T14:24:14,-1.93236,2.0699999332428,229.88,2026-09-04 19:44:26,2026-09-04 15:45:04
NVDA,NVDA270319P00150000,NVDA,2027-03-19,P,150.0,2.41,599.0,2.52,428.0,0.4536,29280.0,98.0,-0.0663,0.0017,0.2185,-0.025,-0.0871,2.4985,0.03,2.32,2.48,2.24,up,2.48,2026-09-04T15:08:20,1.22449,2.45000004768372,229.88,2026-09-04 19:44:26,2026-09-04 15:45:04
NVDA,NVDA270319P00155000,NVDA,2027-03-19,P,155.0,2.74,510.0,3.15,533.0,0.4475,8074.0,12.0,-0.0772,0.0019,0.2459,-0.0277,-0.1013,2.9476,-0.15,2.72,2.75,2.65,up,2.75,2026-09-04T11:31:18,-5.17241,2.89999997615814,229.88,2026-09-04 19:44:26,2026-09-04 15:45:04
NVDA,NVDA270319P00160000,NVDA,2027-03-19,P,160.0,3.4,597.0,3.5,427.0,0.4397,21306.0,1230.0,-0.0897,0.0022,0.2741,-0.0305,-0.117,3.4703,-0.05,3.45,3.45,3.13,down,3.4,2026-09-04T14:53:21,-1.44928,3.45000004768372,229.88,2026-09-04 19:44:26,2026-09-04 15:45:04
NVDA,NVDA270319P00165000,NVDA,2027-03-19,P,165.0,4.05,258.0,4.1,46.0,0.4339,8581.0,164.0,-0.1037,0.0025,0.3051,-0.0336,-0.1351,4.083,0.1,3.7,4.1,3.65,no_change,4.1,2026-09-04T15:25:46,2.5,4.0,229.88,2026-09-04 19:44:26,2026-09-04 15:45:04
NVDA,NVDA270319P00170000,NVDA,2027-03-19,P,170.0,4.7,623.0,4.85,633.0,0.4279,16416.0,114.0,-0.1194,0.0028,0.3372,-0.0367,-0.1547,4.7936,0.1,4.3,4.85,4.3,up,4.85,2026-09-04T15:11:04,2.10526,4.75,229.88,2026-09-04 19:44:26,2026-09-04 15:45:04
NVDA,NVDA270319P00175000,NVDA,2027-03-19,P,175.0,5.5,601.0,5.65,448.0,0.4224,9062.0,40.0,-0.1369,0.0031,0.3704,-0.04,-0.1764,5.6105,-0.075,5.25,5.65,5.05,down,5.5,2026-09-04T14:54:03,-1.34529,5.57500004768372,229.88,2026-09-04 19:44:26,2026-09-04 15:45:04
NVDA,NVDA270319P00180000,NVDA,2027-03-19,P,180.0,6.4,616.0,6.6,527.0,0.4176,21924.0,130.0,-0.156,0.0034,0.4041,-0.0433,-0.2005,6.5447,0.05,6.1,6.55,5.75,up,6.55,2026-09-04T15:02:38,0.769231,6.5,229.88,2026-09-04 19:44:26,2026-09-04 15:45:04
NVDA,NVDA270319P00185000,NVDA,2027-03-19,P,185.0,7.5,642.0,7.7,562.0,0.4144,8066.0,359.0,-0.1769,0.0038,0.4376,-0.0466,-0.2258,7.6037,-0.07,7.5,7.6,6.8,up,7.53,2026-09-04T14:58:41,-0.921054,7.60000014305115,229.88,2026-09-04 19:44:26,2026-09-04 15:45:04
NVDA,NVDA270319P00190000,NVDA,2027-03-19,P,190.0,8.8,130.0,8.9,646.0,0.4118,12279.0,206.0,-0.1994,0.0041,0.4708,-0.0499,-0.2536,8.7967,0.025,8.35,8.8,7.95,no_change,8.8,2026-09-04T15:27:31,0.284905,8.77499961853027,229.88,2026-09-04 19:44:26,2026-09-04 15:45:04
NVDA,NVDA270319P00195000,NVDA,2027-03-19,P,195.0,10.0,663.0,10.25,584.0,0.4071,8477.0,110.0,-0.2235,0.0044,0.5028,-0.053,-0.2811,10.1308,0.1,9.7,10.2,9.0,no_change,10.2,2026-09-04T15:02:39,0.9901,10.0999999046326,229.88,2026-09-04 19:44:26,2026-09-04 15:45:04
NVDA,NVDA270319P00200000,NVDA,2027-03-19,P,200.0,11.55,643.0,11.8,526.0,0.4052,16270.0,299.0,-0.2491,0.0048,0.5332,-0.056,-0.3127,11.6123,0.08,11.0,11.68,10.48,up,11.68,2026-09-04T15:26:29,0.689656,11.5999999046326,229.88,2026-09-04 19:44:26,2026-09-04 15:45:04
NVDA,NVDA270319P00205000,NVDA,2027-03-19,P,205.0,13.1,648.0,13.4,455.0,0.4012,11359.0,372.0,-0.276,0.005,0.561,-0.0588,-0.3413,13.2485,0.0,12.1,13.3,12.1,up,13.3,2026-09-04T14:35:53,2.15115e-06,13.2999997138977,229.88,2026-09-04 19:44:26,2026-09-04 15:45:04
NVDA,NVDA270319P00210000,NVDA,2027-03-19,P,210.0,15.1,243.0,15.2,392.0,0.4006,10844.0,101.0,-0.304,0.0053,0.5865,-0.0614,-0.3754,15.0488,0.025,14.2,15.1,13.73,no_change,15.1,2026-09-04T15:25:59,0.165839,15.0749998092651,229.88,2026-09-04 19:44:26,2026-09-04 15:45:04
NVDA,NVDA270319P00215000,NVDA,2027-03-19,P,215.0,17.05,21.0,17.15,324.0,0.3979,3655.0,269.0,-0.3331,0.0056,0.6092,-0.0637,-0.4042,16.9973,-0.1,16.0,17.0,15.42,down,16.9,2026-09-04T15:04:33,-0.588235,17.0,229.88,2026-09-04 19:44:26,2026-09-04 15:45:04
NVDA,NVDA270319P00220000,NVDA,2027-03-19,P,220.0,19.0,583.0,19.25,404.0,0.3944,6322.0,187.0,-0.3629,0.0058,0.6283,-0.0657,-0.4376,19.1216,0.0,18.38,19.15,17.36,no_change,19.15,2026-09-04T15:26:00,1.99201e-06,19.1499996185303,229.88,2026-09-04 19:44:26,2026-09-04 15:45:04
NVDA,NVDA270319P00225000,NVDA,2027-03-19,P,225.0,21.25,587.0,21.55,383.0,0.3923,2632.0,74.0,-0.3934,0.006,0.6432,-0.0674,-0.4657,21.4062,-0.3,19.85,21.3,19.6,up,21.2,2026-09-04T15:02:24,-1.39535,21.5,229.88,2026-09-04 19:44:26,2026-09-04 15:45:04
NVDA,NVDA270319P00230000,NVDA,2027-03-19,P,230.0,23.7,588.0,23.95,38.0,0.3904,10530.0,424.0,-0.4243,0.0062,0.6548,-0.0687,-0.4968,23.8438,-0.1,23.23,23.9,21.83,up,23.85,2026-09-04T15:02:41,-0.417536,23.9499998092651,229.88,2026-09-04 19:44:26,2026-09-04 15:45:04
NVDA,NVDA270319P00235000,NVDA,2027-03-19,P,235.0,26.3,597.0,26.6,359.0,0.3889,1416.0,62.0,-0.4555,0.0064,0.6617,-0.0697,-0.525,26.4733,-0.375,24.33,26.4,24.3,down,26.25,2026-09-04T14:48:44,-1.40845,26.625,229.88,2026-09-04 19:44:26,2026-09-04 15:45:04
NVDA,NVDA270319P00240000,NVDA,2027-03-19,P,240.0,29.2,306.0,29.4,299.0,0.3886,6935.0,100.0,-0.4869,0.0065,0.6649,-0.0704,-0.5484,29.2609,-0.05,27.8,29.3,27.1,up,29.3,2026-09-04T15:27:14,-0.170359,29.3500003814697,229.88,2026-09-04 19:44:26,2026-09-04 15:45:04
NVDA,NVDA270319P00245000,NVDA,2027-03-19,P,245.0,31.95,587.0,32.3,210.0,0.3861,491.0,5.0,-0.5176,0.0065,0.6647,-0.0708,-0.5747,32.1802,-1.32,30.5,30.78,30.5,up,30.78,2026-09-04T11:25:05,-4.11215,32.1000003814697,229.88,2026-09-04 19:44:26,2026-09-04 15:45:04
NVDA,NVDA270319P00250000,NVDA,2027-03-19,P,250.0,35.1,577.0,35.4,212.0,0.3856,652.0,6.0,-0.5483,0.0066,0.6582,-0.071,-0.592,35.2827,-0.33,33.45,35.17,32.95,up,35.17,2026-09-04T15:15:28,-0.929577,35.5,229.88,2026-09-04 19:44:26,2026-09-04 15:45:04
NVDA,NVDA270319P00255000,NVDA,2027-03-19,P,255.0,38.3,546.0,38.65,183.0,0.3845,670.0,11.0,-0.5785,0.0066,0.6501,-0.0708,-0.6105,38.536,-1.75,37.25,37.25,37.25,down,37.25,2026-09-04T09:32:04,-4.48718,39.0,229.88,2026-09-04 19:44:26,2026-09-04 15:45:04
NVDA,NVDA270319P00260000,NVDA,2027-03-19,P,260.0,41.45,674.0,42.1,312.0,0.3822,990.0,79.0,-0.6082,0.0066,0.6369,-0.0704,-0.6233,41.9478,-0.64,39.3,41.66,39.3,no_change,41.66,2026-09-04T14:52:54,-1.51301,42.3000011444092,229.88,2026-09-04 19:44:26,2026-09-04 15:45:04
NVDA,NVDA270319P00265000,NVDA,2027-03-19,P,265.0,44.75,786.0,45.65,324.0,0.3799,875.0,14.0,-0.637,0.0065,0.621,-0.0697,-0.6305,45.4925,-3.325,43.0,43.0,42.7,down,42.7,2026-09-04T10:31:08,-7.22433,46.0249996185303,229.88,2026-09-04 19:44:26,2026-09-04 15:45:04
NVDA,NVDA270319P00270000,NVDA,2027-03-19,P,270.0,48.4,780.0,49.2,7.0,0.3786,313.0,125.0,-0.6649,0.0064,0.6033,-0.0689,-0.6419,49.153,-2.12,46.1,47.9,46.1,down,47.58,2026-09-04T12:51:02,-4.26559,49.7000007629394,229.88,2026-09-04 19:44:26,2026-09-04 15:45:04
NVDA,NVDA270319P00275000,NVDA,2027-03-19,P,275.0,52.1,599.0,53.0,9.0,0.3775,341.0,0.0,-0.6918,0.0064,0.578,-0.068,-0.6364,52.9501,0.0,0.0,0.0,0.0,no_change,52.45,2026-09-03T14:12:58,0.0,53.5249996185303,229.88,2026-09-04 19:44:26,2026-09-04 15:45:04
NVDA,NVDA270319P00280000,NVDA,2027-03-19,P,280.0,56.4,454.0,56.95,104.0,0.3811,2246.0,13.0,-0.7178,0.0063,0.5552,-0.0668,-0.6347,56.8694,0.125,53.4,56.9,53.4,up,56.9,2026-09-04T15:16:41,0.220168,56.7749996185303,229.88,2026-09-04 19:44:26,2026-09-04 15:45:04
NVDA,NVDA270319P00285000,NVDA,2027-03-19,P,285.0,59.55,669.0,60.95,30.0,0.3722,313.0,0.0,-0.7429,0.0061,0.5303,-0.0656,-0.6286,60.9002,0.0,0.0,0.0,0.0,no_change,61.24,2026-09-03T15:57:56,0.0,61.4499988555908,229.88,2026-09-04 19:44:26,2026-09-04 15:45:04
NVDA,NVDA270319P00290000,NVDA,2027-03-19,P,290.0,63.6,594.0,65.25,136.0,0.3725,350.0,20.0,-0.7669,0.006,0.4968,-0.0643,-0.6082,65.0351,-1.4,63.8,63.8,63.8,no_change,63.8,2026-09-04T11:56:30,-2.14724,65.2000007629394,229.88,2026-09-04 19:44:26,2026-09-04 15:45:04
NVDA,NVDA270319P00295000,NVDA,2027-03-19,P,295.0,67.95,424.0,69.7,405.0,0.3757,332.0,25.0,-0.7898,0.0059,0.4692,-0.0628,-0.5983,69.2747,-1.86,67.89,67.89,67.89,down,67.89,2026-09-04T12:13:24,-2.66667,69.75,229.88,2026-09-04 19:44:26,2026-09-04 15:45:04
NVDA,NVDA270319P00300000,NVDA,2027-03-19,P,300.0,72.4,429.0,73.8,347.0,0.3743,606.0,186.0,-0.8118,0.0057,0.4389,-0.0614,-0.5736,73.5885,-1.925,72.15,72.15,72.15,no_change,72.15,2026-09-04T12:16:29,-2.59872,74.0750007629394,229.88,2026-09-04 19:44:26,2026-09-04 15:45:04
NVDA,NVDA270319P00305000,NVDA,2027-03-19,P,305.0,77.05,151.0,78.3,117.0,0.3782,439.0,0.0,-0.8327,0.0056,0.4004,-0.0598,-0.5352,77.9933,0.0,0.0,0.0,0.0,no_change,78.25,2026-09-03T15:47:35,0.0,78.125,229.88,2026-09-04 19:44:26,2026-09-04 15:45:04
NVDA,NVDA270319P00310000,NVDA,2027-03-19,P,310.0,81.45,245.0,82.8,135.0,0.3771,342.0,0.0,-0.8524,0.0054,0.3701,-0.0582,-0.5138,82.4727,0.0,0.0,0.0,0.0,no_change,82.05,2026-09-03T14:34:24,0.0,82.6999969482422,229.88,2026-09-04 19:44:26,2026-09-04 15:45:04
NVDA,NVDA270319P00315000,NVDA,2027-03-19,P,315.0,85.85,405.0,87.0,4.0,0.3674,166.0,246.0,-0.8714,0.0052,0.3344,-0.0574,-0.4687,87.0212,-0.66,84.4,86.65,84.39,no_change,86.64,2026-09-04T14:43:42,-0.756017,87.3000030517578,229.88,2026-09-04 19:44:26,2026-09-04 15:45:04
NVDA,NVDA270319P00320000,NVDA,2027-03-19,P,320.0,90.45,409.0,92.85,409.0,0.3887,51.0,10.0,-0.8892,0.005,0.2954,-0.0561,-0.4263,91.6417,-1.775,90.35,90.35,90.35,down,90.35,2026-09-04T13:01:39,-1.92673,92.125,229.88,2026-09-04 19:44:26,2026-09-04 15:45:04
NVDA,NVDA270319P00325000,NVDA,2027-03-19,P,325.0,95.0,105.0,96.7,96.0,0.3674,0.0,0.0,-0.9054,0.0048,0.2623,-0.0538,-0.3986,96.3214,0.0,0.0,0.0,0.0,up,115.2,2026-05-26T12:17:44,0.0,96.4749984741211,229.88,2026-09-04 19:44:26,2026-09-04 15:45:04
NVDA,NVDA270319P00330000,NVDA,2027-03-19,P,330.0,99.45,109.0,101.35,96.0,0.3454,14.0,0.0,-0.9205,0.0044,0.2296,-0.0512,-0.3204,101.0521,0.0,0.0,0.0,0.0,no_change,110.44,2026-08-10T10:53:44,0.0,101.474998474121,229.88,2026-09-04 19:44:26,2026-09-04 15:45:04
NVDA,NVDA270319P00335000,NVDA,2027-03-19,P,335.0,104.45,104.0,106.35,88.0,0.3566,0.0,0.0,-0.9346,0.0041,0.1867,-0.0474,-0.2824,105.844,0.0,0.0,0.0,0.0,up,125.22,2026-07-15T11:02:11,0.0,105.875,229.88,2026-09-04 19:44:26,2026-09-04 15:45:04
NVDA,NVDA270319P00340000,NVDA,2027-03-19,P,340.0,109.15,85.0,111.15,76.0,0.0,0.0,0.0,-0.9467,0.0037,0.1592,-0.0432,-0.2484,110.6749,0.0,0.0,0.0,0.0,up,139.89,2026-06-09T12:21:50,0.0,110.950000762939,229.88,2026-09-04 19:44:26,2026-09-04 15:45:04
NVDA,NVDA270319P00345000,NVDA,2027-03-19,P,345.0,114.45,76.0,115.95,75.0,0.0,0.0,0.0,-0.9574,0.0033,0.1384,-0.0387,-0.2208,115.5341,0.0,0.0,0.0,0.0,no_change,126.7,2026-05-21T13:04:08,0.0,115.849998474121,229.88,2026-09-04 19:44:26,2026-09-04 15:45:04
NVDA,NVDA270319P00350000,NVDA,2027-03-19,P,350.0,119.1,89.0,120.75,64.0,0.0,0.0,0.0,-0.9666,0.0028,0.1012,-0.0322,-0.1435,120.4353,0.0,0.0,0.0,0.0,up,130.73,2026-08-06T15:57:41,0.0,120.825000762939,229.88,2026-09-04 19:44:26,2026-09-04 15:45:04
NVDA,NVDA270319P00355000,NVDA,2027-03-19,P,355.0,124.1,89.0,125.75,74.0,0.0,0.0,0.0,-0.9743,0.0023,0.0719,-0.0253,-0.1285,125.3681,0.0,0.0,0.0,0.0,no_change,0.0,,0.0,125.974998474121,229.88,2026-09-04 19:44:26,2026-09-04 15:45:04
NVDA,NVDA270319P00360000,NVDA,2027-03-19,P,360.0,129.1,96.0,130.7,76.0,0.0,0.0,0.0,-0.9806,0.0019,0.06,-0.0195,-0.1121,130.3142,0.0,0.0,0.0,0.0,down,191.93,2026-03-27T13:35:53,0.0,130.75,229.88,2026-09-04 19:44:26,2026-09-04 15:45:04
NVDA,NVDA270319P00365000,NVDA,2027-03-19,P,365.0,134.1,110.0,135.65,66.0,0.0,0.0,0.0,-0.986,0.0016,0.0507,-0.0144,-0.0978,135.2697,0.0,0.0,0.0,0.0,no_change,0.0,,0.0,135.875,229.88,2026-09-04 19:44:26,2026-09-04 15:45:04
NVDA,NVDA270319P00370000,NVDA,2027-03-19,P,370.0,139.1,76.0,140.6,5.0,0.0,5.0,0.0,-0.99,0.0012,0.0333,-0.0101,-0.0527,140.2434,0.0,0.0,0.0,0.0,down,137.85,2026-05-14T10:39:03,0.0,140.849998474121,229.88,2026-09-04 19:44:26,2026-09-04 15:45:04
NVDA,NVDA270319P00375000,NVDA,2027-03-19,P,375.0,144.1,77.0,145.6,6.0,0.0,0.0,0.0,-0.9927,0.0009,0.0143,-0.0067,-0.0489,145.2309,0.0,0.0,0.0,0.0,no_change,0.0,,0.0,145.949996948242,229.88,2026-09-04 19:44:26,2026-09-04 15:45:04
NVDA,NVDA270319P00380000,NVDA,2027-03-19,P,380.0,149.1,78.0,150.75,75.0,0.0,0.0,0.0,-0.995,0.0006,0.0118,-0.004,-0.0467,150.2206,0.0,0.0,0.0,0.0,no_change,0.0,,0.0,150.974998474121,229.88,2026-09-04 19:44:26,2026-09-04 15:45:04
NVDA,NVDA270319P00385000,NVDA,2027-03-19,P,385.0,154.05,76.0,155.6,7.0,0.0,0.0,0.0,-0.9967,0.0004,0.0096,-0.0019,-0.0458,155.2122,0.0,0.0,0.0,0.0,no_change,0.0,,0.0,155.75,229.88,2026-09-04 19:44:26,2026-09-04 15:45:04
NVDA,NVDA270319P00390000,NVDA,2027-03-19,P,390.0,159.05,78.0,160.6,10.0,0.0,0.0,0.0,-0.9982,0.0003,0.0079,-0.0002,-0.0386,160.2052,0.0,0.0,0.0,0.0,no_change,0.0,,0.0,160.700004577637,229.88,2026-09-04 19:44:26,2026-09-04 15:45:04
NVDA,NVDA270319P00395000,NVDA,2027-03-19,P,395.0,160.95,51.0,168.75,61.0,0.0,0.0,0.0,-0.9988,0.0002,0.0027,0.0,-0.0325,165.2026,0.0,0.0,0.0,0.0,no_change,0.0,,0.0,165.724998474121,229.88,2026-09-04 19:44:26,2026-09-04 15:45:04
NVDA,NVDA270319P00400000,NVDA,2027-03-19,P,400.0,165.95,55.0,173.7,61.0,0.0,0.0,0.0,-0.9992,0.0001,0.0,0.0,-0.0329,170.2008,0.0,0.0,0.0,0.0,up,190.0,2026-05-27T11:43:23,0.0,171.025001525879,229.88,2026-09-04 19:44:26,2026-09-04 15:45:04
NVDA,NVDA270319P00405000,NVDA,2027-03-19,P,405.0,170.95,1.0,178.75,59.0,0.0,0.0,0.0,-0.9995,0.0001,0.0,0.0,-0.0333,175.199,0.0,0.0,0.0,0.0,no_change,0.0,,0.0,175.775001525879,229.88,2026-09-04 19:44:26,2026-09-04 15:45:04
NVDA,NVDA270319P00410000,NVDA,2027-03-19,P,410.0,175.95,1.0,183.7,51.0,0.0,0.0,0.0,-0.9998,0.0,0.0,0.0,-0.0337,180.1974,0.0,0.0,0.0,0.0,no_change,0.0,,0.0,180.775001525879,229.88,2026-09-04 19:44:26,2026-09-04 15:45:04
NVDA,NVDA270319P00415000,NVDA,2027-03-19,P,415.0,180.95,55.0,188.75,60.0,0.0,0.0,0.0,-1.0,0.0,0.0,0.0,-0.0341,185.1956,0.0,0.0,0.0,0.0,no_change,0.0,,0.0,185.775001525879,229.88,2026-09-04 19:44:26,2026-09-04 15:45:04
NVDA,NVDA270319P00420000,NVDA,2027-03-19,P,420.0,185.95,51.0,194.15,57.0,0.0,0.0,0.0,-1.0,0.0,0.0,0.0,-0.0345,190.1837,0.0,0.0,0.0,0.0,no_change,0.0,,0.0,190.974998474121,229.88,2026-09-04 19:44:26,2026-09-04 15:45:04
NVDA,NVDA270319P00430000,NVDA,2027-03-19,P,430.0,195.95,53.0,203.8,62.0,0.0,0.0,0.0,-1.0,0.0,0.0,0.0,-0.0353,200.1902,0.0,0.0,0.0,0.0,no_change,0.0,,0.0,200.900001525879,229.88,2026-09-04 19:44:26,2026-09-04 15:45:04
NVDA,NVDA270319P00440000,NVDA,2027-03-19,P,440.0,205.95,51.0,213.8,56.0,0.0,0.0,0.0,-1.0,0.0,0.0,0.0,-0.0362,210.1865,0.0,0.0,0.0,0.0,no_change,0.0,,0.0,210.900001525879,229.88,2026-09-04 19:44:26,2026-09-04 15:45:04
NVDA,NVDA270319P00450000,NVDA,2027-03-19,P,450.0,215.95,51.0,223.75,62.0,0.0,0.0,0.0,-1.0,0.0,0.0,0.0,-0.037,220.1829,0.0,0.0,0.0,0.0,no_change,0.0,,0.0,220.900001525879,229.88,2026-09-04 19:44:26,2026-09-04 15:45:04
NVDA,NVDA270319P00455000,NVDA,2027-03-19,P,455.0,220.95,54.0,228.9,52.0,0.0,0.0,0.0,-1.0,0.0,0.0,0.0,-0.0374,225.1811,0.0,0.0,0.0,0.0,no_change,0.0,,0.0,225.75,229.88,2026-09-04 19:44:26,2026-09-04 15:45:04
NVDA,NVDA270319P00460000,NVDA,2027-03-19,P,460.0,225.95,1.0,233.8,62.0,0.0,0.0,0.0,-1.0,0.0,0.0,0.0,-0.0378,230.1793,0.0,0.0,0.0,0.0,down,240.53,2026-08-06T15:57:41,0.0,230.900001525879,229.88,2026-09-04 19:44:26,2026-09-04 15:45:04
NVDA,NVDA270617C00005000,NVDA,2027-06-17,C,5.0,221.4,52.0,228.85,189.0,1.4312,2291.0,0.0,1.0,0.0,0.0009,0.0,0.0224,225.1342,0.0,0.0,0.0,0.0,up,224.1,2026-08-27T12:35:43,0.0,222.424995422363,229.88,2026-09-04 19:44:26,2026-09-04 15:45:04
NVDA,NVDA270617C00010000,NVDA,2027-06-17,C,10.0,216.4,51.0,224.0,8.0,0.7539,247.0,0.0,1.0,0.0,0.0021,0.0,0.0594,220.2395,0.0,0.0,0.0,0.0,up,210.3,2026-08-31T15:59:40,0.0,219.050003051758,229.88,2026-09-04 19:44:26,2026-09-04 15:45:04
NVDA,NVDA270617C00015000,NVDA,2027-06-17,C,15.0,211.4,160.0,219.15,50.0,0.0,358.0,0.0,1.0,0.0,0.0036,0.0,0.0986,215.3843,0.0,0.0,0.0,0.0,down,196.43,2026-08-26T10:22:43,0.0,214.199996948242,229.88,2026-09-04 19:44:26,2026-09-04 15:45:04
NVDA,NVDA270617C00020000,NVDA,2027-06-17,C,20.0,207.15,127.0,214.2,298.0,1.187,1131.0,100.0,1.0,0.0,0.0051,0.0,0.1418,210.5541,1.6,211.0,211.0,211.0,up,211.0,2026-09-04T13:38:04,0.764091,209.399993896484,229.88,2026-09-04 19:44:26,2026-09-04 15:45:04
NVDA,NVDA270617C00025000,NVDA,2027-06-17,C,25.0,201.95,1.0,209.55,199.0,0.9897,404.0,0.0,1.0,0.0,0.0066,0.0,0.1768,205.7292,0.0,0.0,0.0,0.0,down,190.99,2026-08-28T15:50:46,0.0,204.575004577637,229.88,2026-09-04 19:44:26,2026-09-04 15:45:04
NVDA,NVDA270617C00030000,NVDA,2027-06-17,C,30.0,197.15,52.0,204.75,159.0,0.9447,293.0,0.0,1.0,0.0,0.0088,0.0,0.2115,200.9071,0.0,0.0,0.0,0.0,up,200.15,2026-09-03T14:54:04,0.0,199.775001525879,229.88,2026-09-04 19:44:26,2026-09-04 15:45:04
NVDA,NVDA270617C00035000,NVDA,2027-06-17,C,35.0,192.4,51.0,199.95,8.0,0.9157,834.0,0.0,1.0,0.0,0.0107,0.0,0.2462,196.0879,0.0,0.0,0.0,0.0,up,182.52,2026-09-01T09:30:11,0.0,194.974998474121,229.88,2026-09-04 19:44:26,2026-09-04 15:45:04
NVDA,NVDA270617C00040000,NVDA,2027-06-17,C,40.0,187.4,1.0,195.15,157.0,0.8107,304.0,0.0,1.0,0.0,0.0139,0.0,0.2807,191.2717,0.0,0.0,0.0,0.0,down,186.54,2026-09-03T09:35:15,0.0,190.149993896484,229.88,2026-09-04 19:44:26,2026-09-04 15:45:04
NVDA,NVDA270617C00045000,NVDA,2027-06-17,C,45.0,182.8,51.0,190.35,237.0,0.8292,221.0,0.0,1.0,0.0,0.0168,0.0,0.3151,186.4609,0.0,0.0,0.0,0.0,down,181.66,2026-09-03T09:35:15,0.0,185.375,229.88,2026-09-04 19:44:26,2026-09-04 15:45:04
NVDA,NVDA270617C00050000,NVDA,2027-06-17,C,50.0,178.0,148.0,185.55,312.0,0.7909,486.0,0.0,0.9998,0.0001,0.02,0.0,0.3492,181.654,0.0,0.0,0.0,0.0,down,180.3,2026-09-03T15:53:21,0.0,180.25,229.88,2026-09-04 19:44:26,2026-09-04 15:45:04
NVDA,NVDA270617C00055000,NVDA,2027-06-17,C,55.0,173.2,51.0,180.75,276.0,0.7554,736.0,0.0,0.999,0.0001,0.025,0.0,0.3832,176.8521,0.0,0.0,0.0,0.0,up,165.68,2026-08-06T13:23:44,0.0,175.775001525879,229.88,2026-09-04 19:44:26,2026-09-04 15:45:04
NVDA,NVDA270617C00060000,NVDA,2027-06-17,C,60.0,168.4,1.0,175.95,236.0,0.722,314.0,0.0,0.9981,0.0001,0.0294,0.0,0.4169,172.0565,0.0,0.0,0.0,0.0,up,171.1,2026-08-27T13:30:27,0.0,170.974998474121,229.88,2026-09-04 19:44:26,2026-09-04 15:45:04
NVDA,NVDA270617C00065000,NVDA,2027-06-17,C,65.0,163.6,52.0,169.2,283.0,0.0,844.0,1.0,0.997,0.0001,0.0346,0.0,0.4504,167.266,1.55,167.75,167.75,167.75,up,167.75,2026-09-04T15:03:00,0.932613,166.199996948242,229.88,2026-09-04 19:44:26,2026-09-04 15:45:04
NVDA,NVDA270617C00070000,NVDA,2027-06-17,C,70.0,158.65,332.0,164.95,250.0,0.0,380.0,2.0,0.9958,0.0001,0.0414,0.0,0.4837,162.4826,0.5,163.21,163.21,162.65,down,162.65,2026-09-04T15:05:54,0.30836,162.149993896484,229.88,2026-09-04 19:44:26,2026-09-04 15:45:04
NVDA,NVDA270617C00075000,NVDA,2027-06-17,C,75.0,154.05,306.0,161.6,249.0,0.6423,480.0,0.0,0.9944,0.0002,0.0479,0.0,0.5164,157.7068,0.0,0.0,0.0,0.0,up,138.93,2026-08-04T12:23:49,0.0,156.824996948242,229.88,2026-09-04 19:44:26,2026-09-04 15:45:04
NVDA,NVDA270617C00080000,NVDA,2027-06-17,C,80.0,149.3,413.0,154.3,235.0,0.0,856.0,2.0,0.9928,0.0002,0.0559,0.0,0.5488,152.9385,3.3,155.6,155.6,155.6,up,155.6,2026-09-04T11:06:56,2.16677,152.300003051758,229.88,2026-09-04 19:44:26,2026-09-04 15:45:04
NVDA,NVDA270617C00085000,NVDA,2027-06-17,C,85.0,144.9,398.0,150.1,279.0,0.6225,616.0,0.0,0.991,0.0003,0.0646,0.0,0.5812,148.181,0.0,0.0,0.0,0.0,down,144.0,2026-08-28T10:44:19,0.0,147.950004577637,229.88,2026-09-04 19:44:26,2026-09-04 15:45:04
NVDA,NVDA270617C00090000,NVDA,2027-06-17,C,90.0,141.75,300.0,146.65,288.0,0.6474,727.0,0.0,0.9889,0.0003,0.0738,0.0,0.6126,143.4349,0.0,0.0,0.0,0.0,up,131.0,2026-08-31T09:41:17,0.0,143.850006103516,229.88,2026-09-04 19:44:26,2026-09-04 15:45:04
NVDA,NVDA270617C00095000,NVDA,2027-06-17,C,95.0,137.55,240.0,140.55,262.0,0.5861,523.0,5.0,0.9865,0.0004,0.0853,-0.0006,0.6446,138.702,2.69,140.09,140.09,140.09,up,140.09,2026-09-04T11:41:24,1.95779,137.400001525879,229.88,2026-09-04 19:44:26,2026-09-04 15:45:04
NVDA,NVDA270617C00100000,NVDA,2027-06-17,C,100.0,132.75,281.0,136.4,290.0,0.5872,5500.0,21.0,0.9837,0.0004,0.0971,-0.0018,0.6747,133.987,3.175,138.1,138.1,136.0,down,136.0,2026-09-04T11:00:22,2.39036,132.825004577637,229.88,2026-09-04 19:44:26,2026-09-04 15:45:04
NVDA,NVDA270617C00105000,NVDA,2027-06-17,C,105.0,128.7,168.0,132.0,406.0,0.5997,20183.0,2.0,0.9804,0.0005,0.1106,-0.003,0.7046,129.2915,4.38,132.0,132.63,132.0,up,132.63,2026-09-04T10:29:53,3.4152,128.25,229.88,2026-09-04 19:44:26,2026-09-04 15:45:04
NVDA,NVDA270617C00110000,NVDA,2027-06-17,C,110.0,123.8,286.0,125.25,174.0,0.4996,7600.0,0.0,0.9766,0.0006,0.1261,-0.0043,0.7363,124.6211,0.0,0.0,0.0,0.0,up,124.21,2026-09-03T15:05:28,0.0,123.400001525879,229.88,2026-09-04 19:44:26,2026-09-04 15:45:04
NVDA,NVDA270617C00115000,NVDA,2027-06-17,C,115.0,118.7,335.0,123.55,337.0,0.5654,1076.0,0.0,0.9723,0.0007,0.1427,-0.0058,0.7688,119.9799,0.0,0.0,0.0,0.0,up,117.6,2026-09-03T11:41:58,0.0,119.474998474121,229.88,2026-09-04 19:44:26,2026-09-04 15:45:04
NVDA,NVDA270617C00120000,NVDA,2027-06-17,C,120.0,114.1,557.0,117.0,304.0,0.4962,3300.0,6.0,0.9673,0.0008,0.1624,-0.0074,0.8098,115.3747,1.675,115.6,118.9,115.6,down,115.85,2026-09-04T14:48:27,1.46705,114.174999237061,229.88,2026-09-04 19:44:26,2026-09-04 15:45:04
NVDA,NVDA270617C00125000,NVDA,2027-06-17,C,125.0,110.2,69.0,112.5,299.0,0.504,1561.0,1.0,0.9615,0.0009,0.1831,-0.0091,0.8588,110.8131,1.555,111.83,111.83,111.83,up,111.83,2026-09-04T09:32:42,1.41011,110.275001525879,229.88,2026-09-04 19:44:26,2026-09-04 15:45:04
NVDA,NVDA270617C00130000,NVDA,2027-06-17,C,130.0,105.6,369.0,107.6,474.0,0.4812,2129.0,33.0,0.9547,0.0011,0.2066,-0.0109,0.883,106.3169,3.08,107.35,107.88,107.35,up,107.88,2026-09-04T12:47:15,2.93893,104.799999237061,229.88,2026-09-04 19:44:26,2026-09-04 15:45:04
NVDA,NVDA270617C00135000,NVDA,2027-06-17,C,135.0,100.6,510.0,102.25,328.0,0.4398,8695.0,56.0,0.9472,0.0012,0.2318,-0.0129,0.9042,101.8587,1.0,104.9,104.95,101.8,down,101.8,2026-09-04T15:25:14,0.992064,100.799999237061,229.88,2026-09-04 19:44:26,2026-09-04 15:45:04
NVDA,NVDA270617C00140000,NVDA,2027-06-17,C,140.0,97.15,46.0,98.45,388.0,0.4656,3920.0,2.0,0.9386,0.0014,0.2587,-0.015,0.9235,97.4603,5.225,101.5,101.65,101.5,up,101.65,2026-09-04T09:56:36,5.41872,96.4249992370606,229.88,2026-09-04 19:44:26,2026-09-04 15:45:04
NVDA,NVDA270617C00145000,NVDA,2027-06-17,C,145.0,92.6,78.0,94.35,282.0,0.4581,988.0,3.0,0.9289,0.0016,0.288,-0.0172,0.94,93.1287,2.595,94.67,94.67,94.67,up,94.67,2026-09-04T12:47:15,2.81835,92.0750007629394,229.88,2026-09-04 19:44:26,2026-09-04 15:45:04
NVDA,NVDA270617C00150000,NVDA,2027-06-17,C,150.0,87.9,413.0,89.2,216.0,0.4302,9931.0,19.0,0.9182,0.0017,0.3185,-0.0195,0.9542,88.8554,1.575,92.5,92.8,89.1,no_change,89.1,2026-09-04T14:32:33,1.79948,87.5250015258789,229.88,2026-09-04 19:44:26,2026-09-04 15:45:04
NVDA,NVDA270617C00155000,NVDA,2027-06-17,C,155.0,84.15,345.0,84.8,73.0,0.4285,3521.0,3.0,0.9063,0.0019,0.3508,-0.0219,0.9656,84.693,2.675,88.0,88.0,86.35,down,86.35,2026-09-04T13:03:11,3.19689,83.6749992370606,229.88,2026-09-04 19:44:26,2026-09-04 15:45:04
NVDA,NVDA270617C00160000,NVDA,2027-06-17,C,160.0,80.4,11.0,80.75,347.0,0.4295,7224.0,8.0,0.8931,0.0022,0.3849,-0.0244,0.9735,80.6092,1.0,84.01,84.01,80.4,down,80.4,2026-09-04T14:37:29,1.25944,79.4000015258789,229.88,2026-09-04 19:44:26,2026-09-04 15:45:04
NVDA,NVDA270617C00165000,NVDA,2027-06-17,C,165.0,76.4,11.0,76.7,48.0,0.4245,2764.0,0.0,0.8788,0.0024,0.419,-0.0269,0.9793,76.6173,0.0,0.0,0.0,0.0,down,75.92,2026-09-03T15:32:27,0.0,75.3250007629394,229.88,2026-09-04 19:44:26,2026-09-04 15:45:04
NVDA,NVDA270617C00170000,NVDA,2027-06-17,C,170.0,72.5,30.0,72.9,359.0,0.4218,7402.0,11.0,0.8633,0.0026,0.4542,-0.0295,0.9818,72.7262,1.25,74.25,76.55,72.5,down,72.5,2026-09-04T14:51:01,1.75439,71.25,229.88,2026-09-04 19:44:26,2026-09-04 15:45:04
NVDA,NVDA270617C00175000,NVDA,2027-06-17,C,175.0,68.7,63.0,69.05,338.0,0.4176,7102.0,206.0,0.8466,0.0028,0.4893,-0.032,0.9815,68.9275,1.495,70.0,72.5,69.25,down,69.32,2026-09-04T14:48:08,2.2042,67.8250007629394,229.88,2026-09-04 19:44:26,2026-09-04 15:45:04
NVDA,NVDA270617C00180000,NVDA,2027-06-17,C,180.0,65.05,301.0,66.3,387.0,0.4236,12047.0,70.0,0.8289,0.0031,0.5239,-0.0345,0.9786,65.2559,1.465,66.0,68.9,65.4,no_change,65.44,2026-09-04T14:41:02,2.28995,63.9750022888184,229.88,2026-09-04 19:44:26,2026-09-04 15:45:04
NVDA,NVDA270617C00185000,NVDA,2027-06-17,C,185.0,61.4,365.0,61.8,332.0,0.4109,5018.0,23.0,0.8101,0.0033,0.5584,-0.0369,0.9722,61.7011,1.27,63.35,65.4,61.92,down,61.92,2026-09-04T13:49:55,2.09398,60.6499996185303,229.88,2026-09-04 19:44:26,2026-09-04 15:45:04
NVDA,NVDA270617C00190000,NVDA,2027-06-17,C,190.0,58.1,106.0,58.4,345.0,0.4098,10901.0,45.0,0.7904,0.0035,0.5913,-0.0393,0.9638,58.267,0.97,59.0,62.0,58.0,down,58.22,2026-09-04T15:26:49,1.69432,57.25,229.88,2026-09-04 19:44:26,2026-09-04 15:45:04
NVDA,NVDA270617C00195000,NVDA,2027-06-17,C,195.0,54.75,89.0,55.05,97.0,0.4067,6366.0,89.0,0.7698,0.0037,0.623,-0.0415,0.9527,54.9671,1.29,57.3,58.55,54.75,up,55.24,2026-09-04T14:23:43,2.3911,53.9500007629394,229.88,2026-09-04 19:44:26,2026-09-04 15:45:04
NVDA,NVDA270617C00200000,NVDA,2027-06-17,C,200.0,51.6,322.0,51.95,381.0,0.4056,21817.0,216.0,0.7484,0.0039,0.653,-0.0436,0.9387,51.7703,1.085,51.55,55.26,51.0,down,51.86,2026-09-04T15:12:18,2.13688,50.7749996185303,229.88,2026-09-04 19:44:26,2026-09-04 15:45:04
NVDA,NVDA270617C00205000,NVDA,2027-06-17,C,205.0,48.5,425.0,48.8,358.0,0.4023,21978.0,30.0,0.7264,0.0041,0.6806,-0.0455,0.9234,48.7389,1.25,48.79,52.0,48.79,down,48.8,2026-09-04T15:28:52,2.62881,47.5500011444092,229.88,2026-09-04 19:44:26,2026-09-04 15:45:04
NVDA,NVDA270617C00210000,NVDA,2027-06-17,C,210.0,45.65,314.0,45.8,5.0,0.4022,8726.0,130.0,0.7038,0.0043,0.7063,-0.0473,0.9051,45.7932,1.3,45.92,48.95,45.81,up,46.1,2026-09-04T14:18:37,2.90179,44.7999992370606,229.88,2026-09-04 19:44:26,2026-09-04 15:45:04
NVDA,NVDA270617C00215000,NVDA,2027-06-17,C,215.0,42.85,114.0,43.1,362.0,0.3999,10947.0,91.0,0.6806,0.0044,0.7292,-0.0489,0.8852,42.9916,1.08,43.3,46.01,43.13,down,43.13,2026-09-04T15:15:05,2.56837,42.0499992370606,229.88,2026-09-04 19:44:26,2026-09-04 15:45:04
NVDA,NVDA270617C00220000,NVDA,2027-06-17,C,220.0,40.15,175.0,40.6,409.0,0.3992,15216.0,233.0,0.6573,0.0046,0.7494,-0.0503,0.8644,40.3326,1.35,40.6,43.35,40.29,no_change,40.65,2026-09-04T14:46:33,3.43512,39.2999992370606,229.88,2026-09-04 19:44:26,2026-09-04 15:45:04
NVDA,NVDA270617C00225000,NVDA,2027-06-17,C,225.0,37.6,177.0,37.85,301.0,0.3965,5628.0,91.0,0.6335,0.0047,0.767,-0.0514,0.8409,37.7734,1.25,38.53,40.52,37.95,up,38.25,2026-09-04T14:56:21,3.37838,37.0,229.88,2026-09-04 19:44:26,2026-09-04 15:45:04
NVDA,NVDA270617C00230000,NVDA,2027-06-17,C,230.0,35.25,138.0,35.55,428.0,0.3964,20451.0,750.0,0.6097,0.0048,0.7815,-0.0524,0.8171,35.3585,1.085,35.4,38.23,35.1,down,35.46,2026-09-04T15:12:09,3.15636,34.375,229.88,2026-09-04 19:44:26,2026-09-04 15:45:04
NVDA,NVDA270617C00235000,NVDA,2027-06-17,C,235.0,32.95,152.0,33.3,541.0,0.3954,3441.0,265.0,0.5859,0.0049,0.7931,-0.0532,0.7924,33.069,0.915,34.0,35.49,33.09,no_change,33.09,2026-09-04T15:14:20,2.84382,32.1750011444092,229.88,2026-09-04 19:44:26,2026-09-04 15:45:04
NVDA,NVDA270617C00240000,NVDA,2027-06-17,C,240.0,30.75,371.0,31.0,484.0,0.3933,9630.0,308.0,0.5622,0.0049,0.8018,-0.0538,0.766,30.9033,1.065,31.94,33.45,31.04,down,31.04,2026-09-04T15:06:38,3.55296,29.9750003814697,229.88,2026-09-04 19:44:26,2026-09-04 15:45:04
NVDA,NVDA270617C00245000,NVDA,2027-06-17,C,245.0,28.7,273.0,28.95,493.0,0.3924,4178.0,72.0,0.5386,0.005,0.8076,-0.0541,0.7397,28.8527,1.4,29.8,31.35,29.18,up,29.35,2026-09-04T14:56:34,5.00895,27.9499998092651,229.88,2026-09-04 19:44:26,2026-09-04 15:45:04
NVDA,NVDA270617C00250000,NVDA,2027-06-17,C,250.0,26.85,366.0,27.05,547.0,0.3924,19944.0,1164.0,0.5152,0.005,0.8106,-0.0543,0.713,26.913,0.9,27.0,29.3,26.85,down,26.9,2026-09-04T15:23:36,3.46154,26.0,229.88,2026-09-04 19:44:26,2026-09-04 15:45:04
NVDA,NVDA270617C00255000,NVDA,2027-06-17,C,255.0,24.85,461.0,25.25,584.0,0.3906,3047.0,173.0,0.4923,0.005,0.8108,-0.0543,0.6854,25.0941,1.23,26.27,27.1,25.25,up,25.53,2026-09-04T15:01:07,5.06173,24.3000001907349,229.88,2026-09-04 19:44:26,2026-09-04 15:45:04
NVDA,NVDA270617C00260000,NVDA,2027-06-17,C,260.0,23.3,289.0,23.6,585.0,0.3914,28636.0,359.0,0.4697,0.005,0.8085,-0.0541,0.6581,23.3819,0.95,23.51,25.5,23.45,no_change,23.5,2026-09-04T15:18:50,4.21286,22.5500001907349,229.88,2026-09-04 19:44:26,2026-09-04 15:45:04
NVDA,NVDA270617C00265000,NVDA,2027-06-17,C,265.0,21.7,303.0,21.95,590.0,0.3906,8363.0,216.0,0.4477,0.005,0.804,-0.0538,0.6314,21.7808,0.915,21.17,23.8,21.17,up,21.94,2026-09-04T14:09:57,4.35196,21.0250005722046,229.88,2026-09-04 19:44:26,2026-09-04 15:45:04
NVDA,NVDA270617C00270000,NVDA,2027-06-17,C,270.0,20.2,299.0,20.5,590.0,0.3906,8719.0,198.0,0.4262,0.005,0.7969,-0.0533,0.604,20.2727,1.105,20.26,22.09,20.26,down,20.58,2026-09-04T14:59:48,5.67394,19.4750003814697,229.88,2026-09-04 19:44:26,2026-09-04 15:45:04
NVDA,NVDA270617C00275000,NVDA,2027-06-17,C,275.0,18.8,287.0,19.0,409.0,0.3897,3843.0,88.0,0.4053,0.0049,0.7877,-0.0527,0.5771,18.8624,0.915,19.6,20.65,18.87,no_change,19.04,2026-09-04T14:27:56,5.04828,18.125,229.88,2026-09-04 19:44:26,2026-09-04 15:45:04
NVDA,NVDA270617C00280000,NVDA,2027-06-17,C,280.0,17.5,250.0,17.65,482.0,0.3893,7571.0,53.0,0.3851,0.0048,0.7772,-0.0519,0.5515,17.5539,0.77,18.0,19.2,17.56,down,17.62,2026-09-04T15:20:18,4.56974,16.8499994277954,229.88,2026-09-04 19:44:26,2026-09-04 15:45:04
NVDA,NVDA270617C00285000,NVDA,2027-06-17,C,285.0,16.25,283.0,16.45,583.0,0.3891,2554.0,146.0,0.3656,0.0048,0.7647,-0.0511,0.5258,16.3282,0.7,17.35,17.9,16.35,no_change,16.35,2026-09-04T14:01:57,4.47284,15.6500000953674,229.88,2026-09-04 19:44:26,2026-09-04 15:45:04
NVDA,NVDA270617C00290000,NVDA,2027-06-17,C,290.0,15.1,319.0,15.3,580.0,0.3889,9629.0,58.0,0.3468,0.0047,0.7504,-0.0501,0.5004,15.187,1.075,16.29,16.65,15.1,up,15.6,2026-09-04T12:54:22,7.40103,14.5250000953674,229.88,2026-09-04 19:44:26,2026-09-04 15:45:04
NVDA,NVDA270617C00295000,NVDA,2027-06-17,C,295.0,14.05,290.0,14.25,594.0,0.3891,3009.0,83.0,0.3287,0.0046,0.7353,-0.0491,0.4764,14.1252,1.13,15.4,15.5,14.5,up,14.63,2026-09-04T13:03:53,8.37037,13.5,229.88,2026-09-04 19:44:26,2026-09-04 15:45:04
NVDA,NVDA270617C00300000,NVDA,2027-06-17,C,300.0,13.1,165.0,13.25,580.0,0.3894,31916.0,514.0,0.3114,0.0045,0.7192,-0.048,0.4532,13.1369,0.76,12.9,14.5,12.9,down,13.21,2026-09-04T15:06:32,6.10442,12.4500002861023,229.88,2026-09-04 19:44:26,2026-09-04 15:45:04
NVDA,NVDA270617C00310000,NVDA,2027-06-17,C,310.0,11.2,436.0,11.45,251.0,0.3886,4554.0,80.0,0.279,0.0042,0.6837,-0.0457,0.4082,11.3674,0.605,12.28,12.35,11.38,down,11.38,2026-09-04T14:16:56,5.61485,10.7749996185303,229.88,2026-09-04 19:44:26,2026-09-04 15:45:04
NVDA,NVDA270617C00320000,NVDA,2027-06-17,C,320.0,9.65,637.0,9.95,612.0,0.3891,8916.0,699.0,0.2495,0.004,0.6468,-0.0432,0.3677,9.8439,0.68,10.28,10.8,9.78,up,9.88,2026-09-04T15:27:56,7.3913,9.2000002861023,229.88,2026-09-04 19:44:26,2026-09-04 15:45:04
NVDA,NVDA270617C00330000,NVDA,2027-06-17,C,330.0,8.35,638.0,8.6,230.0,0.3897,3139.0,56.0,0.223,0.0038,0.608,-0.0407,0.3298,8.5366,0.62,9.25,9.35,8.55,up,8.62,2026-09-04T14:53:14,7.75,8.00000023841858,229.88,2026-09-04 19:44:26,2026-09-04 15:45:04
NVDA,NVDA270617C00340000,NVDA,2027-06-17,C,340.0,7.3,462.0,7.5,555.0,0.3916,3653.0,8.0,0.1991,0.0035,0.5698,-0.0381,0.2961,7.4125,0.475,8.1,8.1,7.44,down,7.45,2026-09-04T14:36:32,6.81004,6.97499990463257,229.88,2026-09-04 19:44:26,2026-09-04 15:45:04
NVDA,NVDA270617C00350000,NVDA,2027-06-17,C,350.0,6.35,465.0,6.5,463.0,0.3926,9918.0,348.0,0.1777,0.0032,0.5314,-0.0356,0.265,6.4473,0.55,6.55,7.1,6.33,no_change,6.5,2026-09-04T14:36:54,9.2437,5.95000004768372,229.88,2026-09-04 19:44:26,2026-09-04 15:45:04
NVDA,NVDA270617C00360000,NVDA,2027-06-17,C,360.0,5.55,429.0,5.7,577.0,0.3946,4374.0,136.0,0.1587,0.003,0.4945,-0.0332,0.2376,5.619,0.415,6.05,6.1,5.63,down,5.64,2026-09-04T15:22:21,7.94259,5.22499990463257,229.88,2026-09-04 19:44:26,2026-09-04 15:45:04
NVDA,NVDA270617C00370000,NVDA,2027-06-17,C,370.0,4.8,440.0,5.05,617.0,0.3964,5143.0,113.0,0.1417,0.0028,0.4592,-0.0309,0.2127,4.9065,0.51,5.3,5.3,5.0,up,5.06,2026-09-04T13:00:59,11.2088,4.54999995231628,229.88,2026-09-04 19:44:26,2026-09-04 15:45:04
NVDA,NVDA270617C00380000,NVDA,2027-06-17,C,380.0,4.2,496.0,4.45,624.0,0.3983,4177.0,167.0,0.1266,0.0026,0.4251,-0.0287,0.1904,4.294,0.35,4.12,4.7,4.12,down,4.3,2026-09-04T14:46:21,8.86076,3.95000004768372,229.88,2026-09-04 19:44:26,2026-09-04 15:45:04
NVDA,NVDA270617C00390000,NVDA,2027-06-17,C,390.0,3.7,399.0,3.9,621.0,0.4003,1082.0,128.0,0.1132,0.0024,0.3934,-0.0266,0.1708,3.7613,0.315,4.0,4.05,3.75,down,3.79,2026-09-04T14:35:33,9.06475,3.47499990463257,229.88,2026-09-04 19:44:26,2026-09-04 15:45:04
NVDA,NVDA270617C00400000,NVDA,2027-06-17,C,400.0,3.25,525.0,3.35,432.0,0.4009,3433.0,392.0,0.1013,0.0022,0.3633,-0.0246,0.1529,3.3057,0.24,3.05,3.55,3.05,down,3.3,2026-09-04T15:22:21,7.84313,3.06000006198883,229.88,2026-09-04 19:44:26,2026-09-04 15:45:04
NVDA,NVDA270617C00410000,NVDA,2027-06-17,C,410.0,2.88,135.0,3.2,366.0,0.4067,733.0,30.0,0.0907,0.002,0.3352,-0.0227,0.1372,2.9097,0.43,3.08,3.08,3.04,up,3.08,2026-09-04T10:30:04,16.2264,2.64999997615814,229.88,2026-09-04 19:44:26,2026-09-04 15:45:04
NVDA,NVDA270617C00420000,NVDA,2027-06-17,C,420.0,2.54,108.0,2.61,347.0,0.4047,9687.0,114.0,0.0815,0.0018,0.3101,-0.021,0.1236,2.5735,0.235,2.6,2.73,2.49,no_change,2.58,2026-09-04T14:43:38,10.0213,2.34500002861023,229.88,2026-09-04 19:44:26,2026-09-04 15:45:04
NVDA,NVDA270617C00430000,NVDA,2027-06-17,C,430.0,2.25,35.0,2.3,270.0,0.4066,691.0,20.0,0.0732,0.0017,0.2858,-0.0195,0.111,2.2753,0.175,2.19,2.2,2.19,up,2.2,2026-09-04T09:34:26,8.64198,2.02499997615814,229.88,2026-09-04 19:44:26,2026-09-04 15:45:04
NVDA,NVDA270617C00440000,NVDA,2027-06-17,C,440.0,1.98,128.0,2.04,35.0,0.4084,1177.0,0.0,0.0658,0.0015,0.2633,-0.018,0.0998,2.0161,0.0,0.0,0.0,0.0,down,1.69,2026-09-03T09:46:47,0.0,1.82499998807907,229.88,2026-09-04 19:44:26,2026-09-04 15:45:04
NVDA,NVDA270617C00450000,NVDA,2027-06-17,C,450.0,1.74,489.0,1.83,367.0,0.41,1745.0,28.0,0.0593,0.0014,0.2433,-0.0166,0.0902,1.7929,0.265,1.68,1.89,1.68,up,1.78,2026-09-04T12:38:48,17.4918,1.51499998569489,229.88,2026-09-04 19:44:26,2026-09-04 15:45:04
NVDA,NVDA270617C00455000,NVDA,2027-06-17,C,455.0,1.66,122.0,1.72,80.0,0.4113,271.0,72.0,0.0562,0.0014,0.2333,-0.016,0.0855,1.6858,0.195,1.7,1.7,1.65,up,1.69,2026-09-04T13:33:34,13.0435,1.49500000476837,229.88,2026-09-04 19:44:26,2026-09-04 15:45:04
NVDA,NVDA270617C00460000,NVDA,2027-06-17,C,460.0,1.56,182.0,1.61,91.0,0.4119,4850.0,169.0,0.0535,0.0013,0.2245,-0.0154,0.0813,1.596,0.17,1.51,1.67,1.51,no_change,1.59,2026-09-04T14:53:47,11.9718,1.4200000166893,229.88,2026-09-04 19:44:26,2026-09-04 15:45:04
NVDA,NVDA270617P00005000,NVDA,2027-06-17,P,5.0,0.0,0.0,0.01,60.0,1.3474,5042.0,4.0,-0.0002,0.0,0.0016,-0.0004,-0.0005,0.023,0.0,0.01,0.01,0.01,no_change,0.01,2026-09-04T09:30:00,2.23517e-06,0.00999999977648258,229.88,2026-09-04 19:44:26,2026-09-04 15:45:04
NVDA,NVDA270617P00010000,NVDA,2027-06-17,P,10.0,0.0,0.0,0.06,371.0,1.2645,253.0,0.0,-0.0004,0.0,0.0029,-0.0006,-0.0009,0.0348,0.0,0.0,0.0,0.0,down,0.02,2026-07-13T12:06:03,0.0,0.0350000001490116,229.88,2026-09-04 19:44:26,2026-09-04 15:45:04
NVDA,NVDA270617P00015000,NVDA,2027-06-17,P,15.0,0.0,0.0,0.22,493.0,1.2501,418.0,0.0,-0.0006,0.0,0.0042,-0.0008,-0.0014,0.0459,0.0,0.0,0.0,0.0,no_change,0.03,2026-09-01T13:55:14,0.0,0.0850000008940697,229.88,2026-09-04 19:44:26,2026-09-04 15:45:04
NVDA,NVDA270617P00020000,NVDA,2027-06-17,P,20.0,0.01,193.0,0.19,461.0,1.1005,533.0,0.0,-0.0008,0.0,0.0057,-0.001,-0.0018,0.0576,0.0,0.0,0.0,0.0,down,0.04,2026-08-31T12:53:45,0.0,0.0999999986961484,229.88,2026-09-04 19:44:26,2026-09-04 15:45:04
NVDA,NVDA270617P00025000,NVDA,2027-06-17,P,25.0,0.01,392.0,0.2,461.0,1.0029,855.0,0.0,-0.0011,0.0,0.0073,-0.0012,-0.0024,0.0709,0.0,0.0,0.0,0.0,no_change,0.07,2026-08-27T13:35:05,0.0,0.105000001378357,229.88,2026-09-04 19:44:26,2026-09-04 15:45:04
NVDA,NVDA270617P00030000,NVDA,2027-06-17,P,30.0,0.01,65.0,0.27,344.0,0.9504,11278.0,0.0,-0.0014,0.0,0.0092,-0.0014,-0.003,0.0865,0.0,0.0,0.0,0.0,no_change,0.07,2026-09-01T13:54:27,0.0,0.114999999292195,229.88,2026-09-04 19:44:26,2026-09-04 15:45:04
NVDA,NVDA270617P00035000,NVDA,2027-06-17,P,35.0,0.05,60.0,0.12,60.0,0.8309,535.0,0.0,-0.0018,0.0,0.0116,-0.0016,-0.0038,0.1052,0.0,0.0,0.0,0.0,down,0.1,2026-09-01T13:43:09,0.0,0.100000003352761,229.88,2026-09-04 19:44:26,2026-09-04 15:45:04
NVDA,NVDA270617P00040000,NVDA,2027-06-17,P,40.0,0.05,116.0,0.25,444.0,0.8236,1250.0,0.0,-0.0022,0.0,0.0143,-0.0019,-0.0048,0.1277,0.0,0.0,0.0,0.0,no_change,0.13,2026-09-01T13:55:15,0.0,0.150000000372529,229.88,2026-09-04 19:44:26,2026-09-04 15:45:04
NVDA,NVDA270617P00045000,NVDA,2027-06-17,P,45.0,0.1,440.0,0.25,406.0,0.7837,1377.0,0.0,-0.0028,0.0,0.0175,-0.0022,-0.0059,0.1543,0.0,0.0,0.0,0.0,down,0.16,2026-09-03T10:29:29,0.0,0.175000000745058,229.88,2026-09-04 19:44:26,2026-09-04 15:45:04
NVDA,NVDA270617P00050000,NVDA,2027-06-17,P,50.0,0.09,452.0,0.39,850.0,0.7642,4926.0,29.0,-0.0034,0.0001,0.0212,-0.0026,-0.0073,0.1857,-0.025,0.16,0.17,0.16,no_change,0.16,2026-09-04T11:28:09,-13.5135,0.184999994933605,229.88,2026-09-04 19:44:26,2026-09-04 15:45:04
NVDA,NVDA270617P00055000,NVDA,2027-06-17,P,55.0,0.17,822.0,0.32,860.0,0.7203,2643.0,30.0,-0.0042,0.0001,0.0256,-0.003,-0.0089,0.2222,-0.055,0.25,0.25,0.17,no_change,0.17,2026-09-04T11:28:09,-24.4444,0.224999997764826,229.88,2026-09-04 19:44:26,2026-09-04 15:45:04
NVDA,NVDA270617P00060000,NVDA,2027-06-17,P,60.0,0.23,443.0,0.29,213.0,0.6839,1614.0,0.0,-0.0051,0.0001,0.0304,-0.0035,-0.0107,0.2643,0.0,0.0,0.0,0.0,up,0.28,2026-09-01T10:01:49,0.0,0.309999994933605,229.88,2026-09-04 19:44:26,2026-09-04 15:45:04
NVDA,NVDA270617P00065000,NVDA,2027-06-17,P,65.0,0.16,703.0,0.35,428.0,0.6438,1186.0,0.0,-0.0062,0.0001,0.0359,-0.004,-0.0129,0.3122,0.0,0.0,0.0,0.0,up,0.3,2026-09-01T10:03:33,0.0,0.285000003874302,229.88,2026-09-04 19:44:26,2026-09-04 15:45:04
NVDA,NVDA270617P00070000,NVDA,2027-06-17,P,70.0,0.36,131.0,0.41,185.0,0.6437,3443.0,1.0,-0.0074,0.0002,0.0423,-0.0045,-0.0154,0.3668,0.0,0.36,0.36,0.36,down,0.36,2026-09-04T11:12:24,1.65568e-07,0.359999999403954,229.88,2026-09-04 19:44:26,2026-09-04 15:45:04
NVDA,NVDA270617P00075000,NVDA,2027-06-17,P,75.0,0.38,746.0,0.46,460.0,0.6168,8798.0,202.0,-0.0088,0.0002,0.0491,-0.0051,-0.0182,0.4289,-0.01,0.44,0.44,0.38,no_change,0.43,2026-09-04T14:09:22,-2.27273,0.439999997615814,229.88,2026-09-04 19:44:26,2026-09-04 15:45:04
NVDA,NVDA270617P00080000,NVDA,2027-06-17,P,80.0,0.47,505.0,0.53,388.0,0.5995,8095.0,127.0,-0.0104,0.0002,0.0568,-0.0057,-0.0214,0.4992,-0.005,0.49,0.5,0.46,up,0.5,2026-09-04T15:21:02,-0.990098,0.504999995231628,229.88,2026-09-04 19:44:26,2026-09-04 15:45:04
NVDA,NVDA270617P00085000,NVDA,2027-06-17,P,85.0,0.56,376.0,0.6,305.0,0.5814,9036.0,15.0,-0.0123,0.0003,0.0658,-0.0064,-0.0251,0.5793,-0.09,0.55,0.6,0.55,no_change,0.58,2026-09-04T12:15:58,-13.4328,0.669999986886978,229.88,2026-09-04 19:44:26,2026-09-04 15:45:04
NVDA,NVDA270617P00090000,NVDA,2027-06-17,P,90.0,0.65,383.0,0.71,499.0,0.5655,3599.0,2.0,-0.0144,0.0003,0.0753,-0.0071,-0.0293,0.6713,-0.06,0.69,0.69,0.66,down,0.66,2026-09-04T14:59:21,-8.33333,0.719999998807907,229.88,2026-09-04 19:44:26,2026-09-04 15:45:04
NVDA,NVDA270617P00095000,NVDA,2027-06-17,P,95.0,0.72,324.0,0.8,139.0,0.5465,4191.0,0.0,-0.0169,0.0004,0.0861,-0.0079,-0.0341,0.7769,0.0,0.0,0.0,0.0,no_change,0.79,2026-09-03T12:30:34,0.0,0.745000004768372,229.88,2026-09-04 19:44:26,2026-09-04 15:45:04
NVDA,NVDA270617P00100000,NVDA,2027-06-17,P,100.0,0.85,487.0,0.92,497.0,0.5323,20099.0,45.0,-0.0197,0.0004,0.0986,-0.0088,-0.0397,0.8992,0.035,0.89,0.92,0.89,up,0.92,2026-09-04T14:59:26,3.9548,0.885000020265579,229.88,2026-09-04 19:44:26,2026-09-04 15:45:04
NVDA,NVDA270617P00105000,NVDA,2027-06-17,P,105.0,1.02,103.0,1.06,37.0,0.5199,6290.0,1.0,-0.023,0.0005,0.1121,-0.0098,-0.0462,1.0424,0.0,1.01,1.01,1.01,down,1.01,2026-09-04T10:22:51,3.89496e-06,1.00999996066093,229.88,2026-09-04 19:44:26,2026-09-04 15:45:04
NVDA,NVDA270617P00110000,NVDA,2027-06-17,P,110.0,1.15,481.0,1.26,487.0,0.5072,11702.0,70.0,-0.0268,0.0006,0.1272,-0.0109,-0.0537,1.2094,0.005,1.16,1.21,1.16,up,1.21,2026-09-04T13:21:19,0.414939,1.2049999833107,229.88,2026-09-04 19:44:26,2026-09-04 15:45:04
NVDA,NVDA270617P00115000,NVDA,2027-06-17,P,115.0,1.36,299.0,1.44,483.0,0.4956,9603.0,20.0,-0.0312,0.0007,0.1448,-0.0121,-0.0624,1.4054,0.03,1.34,1.42,1.34,up,1.42,2026-09-04T15:05:56,2.15827,1.38999998569489,229.88,2026-09-04 19:44:26,2026-09-04 15:45:04
NVDA,NVDA270617P00120000,NVDA,2027-06-17,P,120.0,1.62,418.0,1.66,545.0,0.4857,21363.0,162.0,-0.0363,0.0008,0.1635,-0.0135,-0.0723,1.6369,0.01,1.54,1.66,1.54,up,1.63,2026-09-04T15:15:29,0.617284,1.62000000476837,229.88,2026-09-04 19:44:26,2026-09-04 15:45:04
NVDA,NVDA270617P00125000,NVDA,2027-06-17,P,125.0,1.83,582.0,1.93,309.0,0.4743,19101.0,105.0,-0.0422,0.0009,0.1846,-0.0149,-0.0837,1.9079,0.06,1.71,1.94,1.71,up,1.94,2026-09-04T14:30:39,3.19149,1.87999999523163,229.88,2026-09-04 19:44:26,2026-09-04 15:45:04
NVDA,NVDA270617P00130000,NVDA,2027-06-17,P,130.0,2.18,599.0,2.25,443.0,0.4666,17314.0,184.0,-0.0489,0.0011,0.2087,-0.0166,-0.0968,2.226,0.035,2.08,2.26,2.08,down,2.23,2026-09-04T15:15:14,1.59453,2.19500005245209,229.88,2026-09-04 19:44:26,2026-09-04 15:45:04
NVDA,NVDA270617P00135000,NVDA,2027-06-17,P,135.0,2.57,354.0,2.65,493.0,0.4598,6194.0,744.0,-0.0568,0.0012,0.2336,-0.0184,-0.1119,2.6074,0.01,2.28,2.58,2.27,up,2.58,2026-09-04T13:40:57,0.389108,2.5699999332428,229.88,2026-09-04 19:44:26,2026-09-04 15:45:04
NVDA,NVDA270617P00140000,NVDA,2027-06-17,P,140.0,2.98,570.0,3.1,563.0,0.4526,144367.0,313.0,-0.0655,0.0014,0.261,-0.0202,-0.1291,3.0402,0.05,2.92,3.05,2.81,up,3.05,2026-09-04T14:43:23,1.66667,3.0,229.88,2026-09-04 19:44:26,2026-09-04 15:45:04
NVDA,NVDA270617P00145000,NVDA,2027-06-17,P,145.0,3.5,310.0,3.6,501.0,0.4464,8500.0,155.0,-0.0754,0.0016,0.2908,-0.0223,-0.148,3.5429,-0.075,3.31,3.4,3.26,up,3.4,2026-09-04T12:30:25,-2.15827,3.47500002384186,229.88,2026-09-04 19:44:26,2026-09-04 15:45:04
NVDA,NVDA270617P00150000,NVDA,2027-06-17,P,150.0,4.0,593.0,4.2,604.0,0.4397,49892.0,465.0,-0.0864,0.0018,0.3217,-0.0244,-0.1689,4.1204,-0.1,3.93,4.1,3.75,down,4.0,2026-09-04T14:22:09,-2.43902,4.09999990463257,229.88,2026-09-04 19:44:26,2026-09-04 15:45:04
NVDA,NVDA270617P00155000,NVDA,2027-06-17,P,155.0,4.75,326.0,4.85,502.0,0.4357,9077.0,162.0,-0.0986,0.002,0.3556,-0.0266,-0.1922,4.7812,0.06,4.55,4.77,4.36,no_change,4.76,2026-09-04T14:38:49,1.27659,4.70000004768372,229.88,2026-09-04 19:44:26,2026-09-04 15:45:04
NVDA,NVDA270617P00160000,NVDA,2027-06-17,P,160.0,5.5,162.0,5.7,605.0,0.4321,24746.0,217.0,-0.112,0.0022,0.3884,-0.029,-0.2176,5.5344,0.025,5.39,5.55,5.05,no_change,5.5,2026-09-04T15:21:47,0.456618,5.47500014305115,229.88,2026-09-04 19:44:26,2026-09-04 15:45:04
NVDA,NVDA270617P00165000,NVDA,2027-06-17,P,165.0,6.35,434.0,6.45,387.0,0.4266,9031.0,160.0,-0.1267,0.0024,0.4233,-0.0314,-0.2449,6.383,-0.03,5.9,6.38,5.85,down,6.32,2026-09-04T14:35:36,-0.472439,6.34999990463257,229.88,2026-09-04 19:44:26,2026-09-04 15:45:04
NVDA,NVDA270617P00170000,NVDA,2027-06-17,P,170.0,7.2,598.0,7.4,441.0,0.4215,17365.0,306.0,-0.1427,0.0027,0.4593,-0.0338,-0.2747,7.338,0.0,6.9,7.32,6.71,down,7.3,2026-09-04T15:22:22,6.53202e-07,7.29999995231628,229.88,2026-09-04 19:44:26,2026-09-04 15:45:04
NVDA,NVDA270617P00175000,NVDA,2027-06-17,P,175.0,8.35,524.0,8.45,160.0,0.4188,13479.0,149.0,-0.1598,0.0029,0.4942,-0.0362,-0.3064,8.3961,0.05,8.0,8.4,7.7,no_change,8.4,2026-09-04T15:23:30,0.598804,8.34999990463257,229.88,2026-09-04 19:44:26,2026-09-04 15:45:04
NVDA,NVDA270617P00180000,NVDA,2027-06-17,P,180.0,9.4,615.0,9.65,467.0,0.4146,31703.0,1422.0,-0.1782,0.0031,0.5305,-0.0386,-0.3406,9.5806,-0.01,9.0,9.59,8.82,no_change,9.59,2026-09-04T15:24:05,-0.104166,9.59999990463257,229.88,2026-09-04 19:44:26,2026-09-04 15:45:04
NVDA,NVDA270617P00185000,NVDA,2027-06-17,P,185.0,10.75,604.0,10.95,286.0,0.4122,8716.0,31.0,-0.1976,0.0034,0.5639,-0.0409,-0.3746,10.8829,-0.065,10.46,10.81,10.05,up,10.81,2026-09-04T14:55:07,-0.597701,10.875,229.88,2026-09-04 19:44:26,2026-09-04 15:45:04
NVDA,NVDA270617P00190000,NVDA,2027-06-17,P,190.0,12.2,632.0,12.4,416.0,0.41,22997.0,107.0,-0.2182,0.0036,0.5975,-0.0432,-0.4112,12.3076,0.005,11.83,12.23,11.3,up,12.23,2026-09-04T14:38:49,0.0408967,12.2250003814697,229.88,2026-09-04 19:44:26,2026-09-04 15:45:04
NVDA,NVDA270617P00195000,NVDA,2027-06-17,P,195.0,13.7,633.0,14.05,544.0,0.408,9667.0,149.0,-0.2396,0.0038,0.6298,-0.0454,-0.448,13.8621,-0.13,12.93,13.67,12.82,up,13.67,2026-09-04T13:24:23,-0.942027,13.7999997138977,229.88,2026-09-04 19:44:26,2026-09-04 15:45:04
NVDA,NVDA270617P00200000,NVDA,2027-06-17,P,200.0,15.5,272.0,15.65,332.0,0.4059,18842.0,383.0,-0.2621,0.0041,0.6592,-0.0474,-0.4864,15.5597,-0.045,14.9,15.52,14.29,up,15.48,2026-09-04T15:08:21,-0.289856,15.5250000953674,229.88,2026-09-04 19:44:26,2026-09-04 15:45:04
NVDA,NVDA270617P00205000,NVDA,2027-06-17,P,205.0,17.3,386.0,17.6,477.0,0.4047,9784.0,49.0,-0.2852,0.0043,0.6868,-0.0494,-0.5246,17.3784,-0.05,16.5,17.25,16.0,up,17.25,2026-09-04T14:33:31,-0.289018,17.3000001907349,229.88,2026-09-04 19:44:26,2026-09-04 15:45:04
NVDA,NVDA270617P00210000,NVDA,2027-06-17,P,210.0,19.15,608.0,19.4,143.0,0.4011,12584.0,157.0,-0.3089,0.0045,0.7115,-0.0511,-0.5632,19.323,-0.11,18.59,19.2,17.86,down,19.19,2026-09-04T14:26:18,-0.569949,19.3000001907349,229.88,2026-09-04 19:44:26,2026-09-04 15:45:04
NVDA,NVDA270617P00215000,NVDA,2027-06-17,P,215.0,21.25,597.0,21.5,205.0,0.3994,3333.0,82.0,-0.3334,0.0046,0.7337,-0.0527,-0.6025,21.4242,-0.14,20.39,21.3,19.87,down,21.16,2026-09-04T14:56:58,-0.657278,21.3000001907349,229.88,2026-09-04 19:44:26,2026-09-04 15:45:04
NVDA,NVDA270617P00220000,NVDA,2027-06-17,P,220.0,23.6,175.0,23.75,306.0,0.3991,9989.0,185.0,-0.3581,0.0048,0.7531,-0.0541,-0.6407,23.634,0.035,22.2,23.61,21.95,up,23.61,2026-09-04T15:25:59,0.148463,23.5749998092651,229.88,2026-09-04 19:44:26,2026-09-04 15:45:04
NVDA,NVDA270617P00225000,NVDA,2027-06-17,P,225.0,25.9,377.0,26.1,132.0,0.3969,4971.0,168.0,-0.3836,0.005,0.7689,-0.0553,-0.6783,26.0183,-0.085,25.0,25.85,24.17,down,25.84,2026-09-04T15:05:32,-0.32787,25.9250001907349,229.88,2026-09-04 19:44:26,2026-09-04 15:45:04
NVDA,NVDA270617P00230000,NVDA,2027-06-17,P,230.0,28.45,192.0,28.6,149.0,0.3956,5440.0,423.0,-0.4088,0.0051,0.7815,-0.0564,-0.7116,28.4997,-0.15,27.0,28.4,26.65,up,28.3,2026-09-04T14:56:03,-0.52724,28.4499998092651,229.88,2026-09-04 19:44:26,2026-09-04 15:45:04
NVDA,NVDA270617P00235000,NVDA,2027-06-17,P,235.0,31.0,562.0,31.25,336.0,0.3945,2541.0,494.0,-0.4346,0.0052,0.7908,-0.0572,-0.7466,31.1464,-0.275,30.3,31.1,29.0,down,30.9,2026-09-04T14:48:44,-0.882118,31.1750001907349,229.88,2026-09-04 19:44:26,2026-09-04 15:45:04
NVDA,NVDA270617P00240000,NVDA,2027-06-17,P,240.0,33.8,467.0,34.0,145.0,0.3936,5753.0,95.0,-0.4602,0.0053,0.7969,-0.0579,-0.7794,33.9061,-0.175,32.85,33.7,31.65,down,33.65,2026-09-04T14:51:16,-0.517365,33.8249988555908,229.88,2026-09-04 19:44:26,2026-09-04 15:45:04
NVDA,NVDA270617P00245000,NVDA,2027-06-17,P,245.0,36.7,159.0,36.9,163.0,0.3926,938.0,134.0,-0.486,0.0054,0.799,-0.0584,-0.8065,36.81,-0.025,34.6,36.71,34.55,down,36.7,2026-09-04T15:24:15,-0.0680746,36.7250003814697,229.88,2026-09-04 19:44:26,2026-09-04 15:45:04
NVDA,NVDA270617P00250000,NVDA,2027-06-17,P,250.0,39.5,584.0,39.9,138.0,0.3904,1727.0,68.0,-0.5114,0.0055,0.798,-0.0587,-0.8326,39.8223,-0.21,37.45,39.59,37.45,up,39.59,2026-09-04T13:58:31,-0.527636,39.7999992370606,229.88,2026-09-04 19:44:26,2026-09-04 15:45:04
NVDA,NVDA270617P00255000,NVDA,2027-06-17,P,255.0,42.6,573.0,43.05,95.0,0.3896,739.0,11.0,-0.5366,0.0055,0.7942,-0.0588,-0.8586,42.9532,-1.155,40.5,42.02,40.5,up,42.02,2026-09-04T12:44:14,-2.67516,43.1749992370606,229.88,2026-09-04 19:44:26,2026-09-04 15:45:04
NVDA,NVDA270617P00260000,NVDA,2027-06-17,P,260.0,45.85,555.0,46.3,83.0,0.3885,2179.0,23.0,-0.5617,0.0056,0.7862,-0.0588,-0.8754,46.2379,-2.5,43.6,43.7,43.45,up,43.7,2026-09-04T10:27:14,-5.41125,46.1999988555908,229.88,2026-09-04 19:44:26,2026-09-04 15:45:04
NVDA,NVDA270617P00265000,NVDA,2027-06-17,P,265.0,49.15,582.0,49.7,89.0,0.3876,509.0,9.0,-0.5864,0.0056,0.7756,-0.0587,-0.8937,49.6146,0.06,46.9,49.31,46.9,no_change,49.31,2026-09-04T15:07:55,0.121827,49.25,229.88,2026-09-04 19:44:26,2026-09-04 15:45:04
NVDA,NVDA270617P00270000,NVDA,2027-06-17,P,270.0,52.2,751.0,53.25,245.0,0.3846,2072.0,10.0,-0.6105,0.0056,0.7623,-0.0584,-0.9063,53.1039,-2.875,50.25,50.3,50.25,up,50.3,2026-09-04T09:51:23,-5.40668,53.1750011444092,229.88,2026-09-04 19:44:26,2026-09-04 15:45:04
NVDA,NVDA270617P00275000,NVDA,2027-06-17,P,275.0,55.8,713.0,56.8,41.0,0.3837,422.0,43.0,-0.6342,0.0056,0.7447,-0.058,-0.9086,56.7104,-3.45,53.7,54.19,53.55,down,53.55,2026-09-04T10:29:56,-6.05263,57.0,229.88,2026-09-04 19:44:26,2026-09-04 15:45:04
NVDA,NVDA270617P00280000,NVDA,2027-06-17,P,280.0,60.15,411.0,60.6,268.0,0.3882,2957.0,2.0,-0.6576,0.0056,0.7277,-0.0576,-0.9196,60.4347,-2.75,57.3,57.4,57.3,up,57.4,2026-09-04T09:51:23,-4.5719,60.1499996185303,229.88,2026-09-04 19:44:26,2026-09-04 15:45:04
NVDA,NVDA270617P00285000,NVDA,2027-06-17,P,285.0,63.05,674.0,64.3,60.0,0.3805,509.0,0.0,-0.6803,0.0055,0.7038,-0.0569,-0.9145,64.2535,0.0,0.0,0.0,0.0,down,70.02,2026-09-02T09:51:37,0.0,64.6000003814697,229.88,2026-09-04 19:44:26,2026-09-04 15:45:04
NVDA,NVDA270617P00290000,NVDA,2027-06-17,P,290.0,67.2,569.0,68.2,25.0,0.3817,1146.0,0.0,-0.7024,0.0055,0.683,-0.0563,-0.9128,68.1711,0.0,0.0,0.0,0.0,up,68.35,2026-09-03T15:51:50,0.0,68.6000022888184,229.88,2026-09-04 19:44:26,2026-09-04 15:45:04
NVDA,NVDA270617P00295000,NVDA,2027-06-17,P,295.0,71.2,487.0,72.25,155.0,0.382,314.0,51.0,-0.7239,0.0054,0.6532,-0.0556,-0.8984,72.155,-3.675,69.02,69.05,68.35,up,69.05,2026-09-04T09:52:28,-5.05328,72.7249984741211,229.88,2026-09-04 19:44:26,2026-09-04 15:45:04
NVDA,NVDA270617P00300000,NVDA,2027-06-17,P,300.0,75.85,385.0,76.6,451.0,0.3883,1522.0,174.0,-0.7449,0.0054,0.6277,-0.0548,-0.8886,76.2565,-2.19,73.07,74.45,72.4,no_change,74.41,2026-09-04T11:32:19,-2.85901,76.5999984741211,229.88,2026-09-04 19:44:26,2026-09-04 15:45:04
NVDA,NVDA270617P00310000,NVDA,2027-06-17,P,310.0,84.25,54.0,85.95,426.0,0.3964,706.0,8.0,-0.7848,0.0053,0.5679,-0.0531,-0.8341,84.6963,-1.0,82.45,84.15,82.05,up,84.15,2026-09-04T14:38:42,-1.1744,85.1499977111816,229.88,2026-09-04 19:44:26,2026-09-04 15:45:04
NVDA,NVDA270617P00320000,NVDA,2027-06-17,P,320.0,92.9,11.0,94.3,195.0,0.3934,478.0,0.0,-0.8222,0.0051,0.4993,-0.0514,-0.7745,93.4269,0.0,0.0,0.0,0.0,no_change,101.3,2026-08-31T10:28:33,0.0,94.2999992370606,229.88,2026-09-04 19:44:26,2026-09-04 15:45:04
NVDA,NVDA270617P00330000,NVDA,2027-06-17,P,330.0,101.9,350.0,102.65,360.0,0.387,130.0,60.0,-0.8567,0.0049,0.4286,-0.05,-0.688,102.4248,-2.375,100.45,100.45,100.35,no_change,100.45,2026-09-04T11:37:56,-2.30975,102.825000762939,229.88,2026-09-04 19:44:26,2026-09-04 15:45:04
NVDA,NVDA270617P00340000,NVDA,2027-06-17,P,340.0,111.0,68.0,112.35,168.0,0.3923,47.0,0.0,-0.8878,0.0046,0.3503,-0.0472,-0.5967,111.6586,0.0,0.0,0.0,0.0,up,146.55,2026-07-30T13:10:42,0.0,111.449996948242,229.88,2026-09-04 19:44:26,2026-09-04 15:45:04
NVDA,NVDA270617P00350000,NVDA,2027-06-17,P,350.0,119.75,103.0,121.4,54.0,0.3692,12.0,5.0,-0.9151,0.0041,0.2735,-0.0422,-0.4729,121.0948,-4.23,116.92,116.92,116.92,down,116.92,2026-09-04T10:01:38,-3.49154,121.150001525879,229.88,2026-09-04 19:44:26,2026-09-04 15:45:04
NVDA,NVDA270617P00360000,NVDA,2027-06-17,P,360.0,129.05,77.0,131.3,51.0,0.3504,0.0,0.0,-0.9383,0.0036,0.2099,-0.0355,-0.3619,130.6946,0.0,0.0,0.0,0.0,no_change,152.85,2026-07-16T11:34:22,0.0,130.849998474121,229.88,2026-09-04 19:44:26,2026-09-04 15:45:04
NVDA,NVDA270617P00370000,NVDA,2027-06-17,P,370.0,139.0,85.0,140.9,40.0,0.0,0.0,0.0,-0.9574,0.003,0.159,-0.027,-0.2419,140.4162,0.0,0.0,0.0,0.0,up,162.24,2026-07-27T09:30:05,0.0,140.800003051758,229.88,2026-09-04 19:44:26,2026-09-04 15:45:04
NVDA,NVDA270617P00380000,NVDA,2027-06-17,P,380.0,149.0,82.0,150.75,28.0,0.0,0.0,0.0,-0.972,0.0023,0.0978,-0.016,-0.152,150.2565,0.0,0.0,0.0,0.0,down,170.5,2026-07-24T14:14:06,0.0,150.775001525879,229.88,2026-09-04 19:44:26,2026-09-04 15:45:04
NVDA,NVDA270617P00390000,NVDA,2027-06-17,P,390.0,159.0,86.0,160.7,5.0,0.0,0.0,0.0,-0.9833,0.0016,0.0549,-0.0112,-0.118,160.1695,0.0,0.0,0.0,0.0,up,171.9,2026-05-21T15:07:52,0.0,160.75,229.88,2026-09-04 19:44:26,2026-09-04 15:45:04
NVDA,NVDA270617P00400000,NVDA,2027-06-17,P,400.0,169.0,75.0,170.7,5.0,0.0,0.0,0.0,-0.991,0.0011,0.0337,-0.0066,-0.0643,170.1164,0.0,0.0,0.0,0.0,no_change,179.94,2026-08-31T10:42:56,0.0,170.75,229.88,2026-09-04 19:44:26,2026-09-04 15:45:04
NVDA,NVDA270617P00410000,NVDA,2027-06-17,P,410.0,179.0,68.0,181.45,69.0,0.4403,0.0,0.0,-0.9955,0.0006,0.0034,-0.0052,0.0,180.105,0.0,0.0,0.0,0.0,no_change,196.7,2026-05-07T10:22:38,0.0,180.674995422363,229.88,2026-09-04 19:44:26,2026-09-04 15:45:04
NVDA,NVDA270617P00420000,NVDA,2027-06-17,P,420.0,188.95,68.0,191.2,54.0,0.0,0.0,0.0,-0.9981,0.0002,0.0,-0.0062,0.0,190.105,0.0,0.0,0.0,0.0,down,210.0,2026-06-18T14:58:58,0.0,190.75,229.88,2026-09-04 19:44:26,2026-09-04 15:45:04
NVDA,NVDA270617P00430000,NVDA,2027-06-17,P,430.0,198.95,65.0,201.2,53.0,0.0,0.0,0.0,-0.9998,0.0,0.0,-0.0072,0.0,200.105,0.0,0.0,0.0,0.0,no_change,0.0,,0.0,200.75,229.88,2026-09-04 19:44:26,2026-09-04 15:45:04
NVDA,NVDA270617P00440000,NVDA,2027-06-17,P,440.0,208.95,62.0,210.95,41.0,0.0,0.0,0.0,-1.0,0.0,0.0,-0.0083,0.0,210.105,0.0,0.0,0.0,0.0,up,222.0,2026-05-22T11:30:42,0.0,210.75,229.88,2026-09-04 19:44:26,2026-09-04 15:45:04
NVDA,NVDA270617P00450000,NVDA,2027-06-17,P,450.0,218.9,64.0,221.15,54.0,0.0,0.0,0.0,-1.0,0.0,0.0,-0.0093,0.0,220.105,0.0,0.0,0.0,0.0,up,237.78,2026-08-25T15:14:38,0.0,221.200004577637,229.88,2026-09-04 19:44:26,2026-09-04 15:45:04
NVDA,NVDA270617P00455000,NVDA,2027-06-17,P,455.0,223.9,61.0,226.25,58.0,0.0,0.0,0.0,-1.0,0.0,0.0,-0.0099,0.0,225.105,0.0,0.0,0.0,0.0,no_change,0.0,,0.0,226.050003051758,229.88,2026-09-04 19:44:26,2026-09-04 15:45:04
NVDA,NVDA270617P00460000,NVDA,2027-06-17,P,460.0,226.0,56.0,234.05,54.0,0.0,0.0,0.0,-1.0,0.0,0.0,-0.0104,0.0,230.105,0.0,0.0,0.0,0.0,no_change,242.94,2026-08-31T09:39:17,0.0,231.025001525879,229.88,2026-09-04 19:44:26,2026-09-04 15:45:04
NVDA,NVDA270917C00055000,NVDA,2027-09-17,C,55.0,173.7,51.0,181.4,221.0,0.6505,272.0,0.0,0.9986,0.0001,0.0375,0.0,0.5151,177.5871,0.0,0.0,0.0,0.0,up,173.74,2026-08-17T09:33:08,0.0,176.424995422363,229.88,2026-09-04 19:44:26,2026-09-04 15:45:04
NVDA,NVDA270917C00060000,NVDA,2027-09-17,C,60.0,169.0,51.0,176.65,62.0,0.627,40.0,0.0,0.9974,0.0001,0.0455,0.0,0.5592,172.8704,0.0,0.0,0.0,0.0,no_change,154.5,2026-08-04T09:47:15,0.0,171.699996948242,229.88,2026-09-04 19:44:26,2026-09-04 15:45:04
NVDA,NVDA270917C00065000,NVDA,2027-09-17,C,65.0,164.0,13.0,171.95,69.0,0.5728,81.0,0.0,0.9961,0.0002,0.0525,0.0,0.6034,168.1636,0.0,0.0,0.0,0.0,up,160.0,2026-08-05T14:39:02,0.0,167.0,229.88,2026-09-04 19:44:26,2026-09-04 15:45:04
NVDA,NVDA270917C00070000,NVDA,2027-09-17,C,70.0,159.5,332.0,165.55,246.0,0.0,119.0,0.0,0.9945,0.0002,0.0604,0.0,0.6476,163.4655,0.0,0.0,0.0,0.0,up,145.25,2026-08-25T14:03:24,0.0,162.450004577637,229.88,2026-09-04 19:44:26,2026-09-04 15:45:04
NVDA,NVDA270917C00075000,NVDA,2027-09-17,C,75.0,154.85,324.0,162.55,267.0,0.5669,140.0,1.0,0.9928,0.0002,0.0718,0.0,0.6899,158.7795,3.72,161.47,161.47,161.47,up,161.47,2026-09-04T11:04:22,2.35816,157.75,229.88,2026-09-04 19:44:26,2026-09-04 15:45:04
NVDA,NVDA270917C00080000,NVDA,2027-09-17,C,80.0,150.7,322.0,157.9,259.0,0.585,130.0,0.0,0.9907,0.0003,0.082,0.0,0.7322,154.108,0.0,0.0,0.0,0.0,no_change,151.65,2026-09-02T12:17:50,0.0,153.649993896484,229.88,2026-09-04 19:44:26,2026-09-04 15:45:04
NVDA,NVDA270917C00085000,NVDA,2027-09-17,C,85.0,147.7,236.0,153.2,255.0,0.633,179.0,0.0,0.9884,0.0003,0.0926,0.0,0.7742,149.4497,0.0,0.0,0.0,0.0,up,144.93,2026-08-14T12:48:35,0.0,149.0,229.88,2026-09-04 19:44:26,2026-09-04 15:45:04
NVDA,NVDA270917C00090000,NVDA,2027-09-17,C,90.0,141.6,311.0,148.6,257.0,0.5584,223.0,0.0,0.9857,0.0004,0.1083,0.0,0.814,144.8079,0.0,0.0,0.0,0.0,up,124.54,2026-08-26T15:40:49,0.0,144.350006103516,229.88,2026-09-04 19:44:26,2026-09-04 15:45:04
NVDA,NVDA270917C00095000,NVDA,2027-09-17,C,95.0,136.45,306.0,143.95,248.0,0.5202,117.0,1.0,0.9826,0.0004,0.1224,0.0,0.8535,140.1875,3.225,142.9,142.9,142.9,up,142.9,2026-09-04T09:37:08,2.30893,139.674995422363,229.88,2026-09-04 19:44:26,2026-09-04 15:45:04
NVDA,NVDA270917C00100000,NVDA,2027-09-17,C,100.0,133.8,371.0,137.5,363.0,0.5114,300.0,9.0,0.9791,0.0005,0.1368,-0.001,0.8924,135.5879,3.8,140.5,140.5,137.4,up,138.55,2026-09-04T14:40:58,2.82004,134.75,229.88,2026-09-04 19:44:26,2026-09-04 15:45:04
NVDA,NVDA270917C00105000,NVDA,2027-09-17,C,105.0,129.9,197.0,134.75,309.0,0.5675,175.0,0.0,0.9752,0.0006,0.1575,-0.0022,0.9288,131.0151,0.0,0.0,0.0,0.0,up,128.5,2026-09-03T13:01:06,0.0,129.975002288818,229.88,2026-09-04 19:44:26,2026-09-04 15:45:04
NVDA,NVDA270917C00110000,NVDA,2027-09-17,C,110.0,125.7,54.0,129.65,305.0,0.5453,391.0,3.0,0.9706,0.0007,0.1766,-0.0035,0.9639,126.4773,1.2,128.5,128.5,126.8,down,126.8,2026-09-04T13:30:58,0.955415,125.599998474121,229.88,2026-09-04 19:44:26,2026-09-04 15:45:04
NVDA,NVDA270917C00115000,NVDA,2027-09-17,C,115.0,120.1,415.0,125.8,317.0,0.5207,386.0,0.0,0.9654,0.0008,0.1971,-0.0049,0.9983,121.9764,0.0,0.0,0.0,0.0,up,112.18,2026-08-31T11:42:15,0.0,121.525001525879,229.88,2026-09-04 19:44:26,2026-09-04 15:45:04
NVDA,NVDA270917C00120000,NVDA,2027-09-17,C,120.0,116.55,219.0,118.45,240.0,0.4658,483.0,1.0,0.9595,0.0009,0.2232,-0.0064,1.0288,117.5219,4.18,120.73,120.73,120.73,up,120.73,2026-09-04T10:29:53,3.58644,116.549999237061,229.88,2026-09-04 19:44:26,2026-09-04 15:45:04
NVDA,NVDA270917C00125000,NVDA,2027-09-17,C,125.0,112.5,314.0,114.25,453.0,0.4694,321.0,1.0,0.9528,0.001,0.2483,-0.0081,1.0576,113.1219,1.875,114.45,114.45,114.45,up,114.45,2026-09-04T15:14:24,1.66556,112.575000762939,229.88,2026-09-04 19:44:26,2026-09-04 15:45:04
NVDA,NVDA270917C00130000,NVDA,2027-09-17,C,130.0,108.2,299.0,110.05,451.0,0.465,599.0,1.0,0.9453,0.0011,0.2777,-0.0098,1.0857,108.7777,5.35,113.0,113.0,113.0,up,113.0,2026-09-04T10:21:45,4.96981,107.650001525879,229.88,2026-09-04 19:44:26,2026-09-04 15:45:04
NVDA,NVDA270917C00135000,NVDA,2027-09-17,C,135.0,103.3,465.0,105.0,321.0,0.4346,737.0,1.0,0.9368,0.0012,0.3077,-0.0116,1.1078,104.5039,2.325,105.7,105.7,105.7,up,105.7,2026-09-04T11:48:44,2.24909,103.375,229.88,2026-09-04 19:44:26,2026-09-04 15:45:04
NVDA,NVDA270917C00140000,NVDA,2027-09-17,C,140.0,99.75,147.0,101.55,525.0,0.4515,1112.0,2.0,0.9274,0.0014,0.3379,-0.0136,1.1288,100.3009,3.7,100.05,103.2,100.05,up,103.2,2026-09-04T10:17:00,3.71859,99.5,229.88,2026-09-04 19:44:26,2026-09-04 15:45:04
NVDA,NVDA270917C00145000,NVDA,2027-09-17,C,145.0,95.6,163.0,97.45,313.0,0.4459,474.0,1.0,0.917,0.0016,0.3734,-0.0155,1.1471,96.1738,1.625,96.7,96.7,96.7,up,96.7,2026-09-04T14:45:45,1.70918,95.0749969482422,229.88,2026-09-04 19:44:26,2026-09-04 15:45:04
NVDA,NVDA270917C00150000,NVDA,2027-09-17,C,150.0,90.55,523.0,92.3,348.0,0.4143,1626.0,19.0,0.9057,0.0017,0.4078,-0.0176,1.1613,92.1325,3.175,95.0,95.0,91.75,up,94.0,2026-09-04T12:51:09,3.49573,90.8250007629394,229.88,2026-09-04 19:44:26,2026-09-04 15:45:04
NVDA,NVDA270917C00155000,NVDA,2027-09-17,C,155.0,87.65,176.0,89.1,253.0,0.433,559.0,0.0,0.8935,0.0019,0.4432,-0.0197,1.1741,88.1762,0.0,0.0,0.0,0.0,up,87.45,2026-09-03T15:50:15,0.0,86.5500030517578,229.88,2026-09-04 19:44:26,2026-09-04 15:45:04
NVDA,NVDA270917C00160000,NVDA,2027-09-17,C,160.0,84.0,59.0,85.25,388.0,0.4315,1453.0,18.0,0.8803,0.0021,0.4802,-0.0218,1.1825,84.3142,1.375,88.0,88.15,84.3,no_change,84.65,2026-09-04T14:46:59,1.65115,83.2750015258789,229.88,2026-09-04 19:44:26,2026-09-04 15:45:04
NVDA,NVDA270917C00165000,NVDA,2027-09-17,C,165.0,80.3,11.0,80.7,306.0,0.4207,456.0,15.0,0.8663,0.0022,0.5161,-0.0239,1.1876,80.5654,1.875,84.0,84.4,81.2,no_change,81.2,2026-09-04T13:22:30,2.36369,79.3250007629394,229.88,2026-09-04 19:44:26,2026-09-04 15:45:04
NVDA,NVDA270917C00170000,NVDA,2027-09-17,C,170.0,76.65,76.0,77.1,329.0,0.419,705.0,15.0,0.8513,0.0024,0.5537,-0.026,1.1916,76.8799,3.15,80.78,80.9,78.0,up,78.7,2026-09-04T13:45:17,4.16943,75.5499992370606,229.88,2026-09-04 19:44:26,2026-09-04 15:45:04
NVDA,NVDA270917C00175000,NVDA,2027-09-17,C,175.0,73.1,243.0,73.45,286.0,0.4155,795.0,9.0,0.8356,0.0026,0.5894,-0.028,1.1907,73.3338,1.135,74.65,77.0,73.31,down,73.31,2026-09-04T15:25:57,1.57257,72.1749992370606,229.88,2026-09-04 19:44:26,2026-09-04 15:45:04
NVDA,NVDA270917C00180000,NVDA,2027-09-17,C,180.0,69.65,9.0,70.35,373.0,0.4162,960.0,22.0,0.8191,0.0028,0.6241,-0.03,1.1872,69.8745,1.475,73.0,73.15,69.9,down,69.9,2026-09-04T15:07:21,2.15565,68.4249992370606,229.88,2026-09-04 19:44:26,2026-09-04 15:45:04
NVDA,NVDA270917C00185000,NVDA,2027-09-17,C,185.0,66.3,209.0,66.65,280.0,0.4112,857.0,12.0,0.8019,0.0029,0.6596,-0.0319,1.1828,66.5237,2.8,68.83,70.1,67.94,up,68.2,2026-09-04T11:07:19,4.28135,65.3999977111816,229.88,2026-09-04 19:44:26,2026-09-04 15:45:04
NVDA,NVDA270917C00190000,NVDA,2027-09-17,C,190.0,63.05,242.0,63.4,316.0,0.4094,1514.0,38.0,0.784,0.0031,0.6926,-0.0338,1.1736,63.2661,1.96,64.73,66.2,64.11,down,64.11,2026-09-04T13:18:55,3.15366,62.1500015258789,229.88,2026-09-04 19:44:26,2026-09-04 15:45:04
NVDA,NVDA270917C00195000,NVDA,2027-09-17,C,195.0,59.95,43.0,60.25,274.0,0.4076,1158.0,4.0,0.7655,0.0033,0.7246,-0.0356,1.165,60.135,2.925,61.9,62.78,61.9,down,62.1,2026-09-04T11:09:40,4.94296,59.1750011444092,229.88,2026-09-04 19:44:26,2026-09-04 15:45:04
NVDA,NVDA270917C00200000,NVDA,2027-09-17,C,200.0,56.95,197.0,57.6,375.0,0.4085,3080.0,122.0,0.7466,0.0034,0.7542,-0.0372,1.1518,57.1182,1.225,57.4,60.5,57.2,down,57.2,2026-09-04T15:07:49,2.18848,55.9750003814697,229.88,2026-09-04 19:44:26,2026-09-04 15:45:04
NVDA,NVDA270917C00205000,NVDA,2027-09-17,C,205.0,54.05,133.0,54.35,318.0,0.4047,2162.0,27.0,0.7273,0.0036,0.7818,-0.0387,1.1379,54.2123,1.575,53.75,57.41,53.75,down,54.7,2026-09-04T12:57:55,2.96471,53.125,229.88,2026-09-04 19:44:26,2026-09-04 15:45:04
NVDA,NVDA270917C00210000,NVDA,2027-09-17,C,210.0,51.25,62.0,51.55,328.0,0.4032,3357.0,106.0,0.7076,0.0037,0.8079,-0.0402,1.1282,51.4194,1.345,53.64,54.75,51.87,down,51.87,2026-09-04T15:02:16,2.66205,50.5249996185303,229.88,2026-09-04 19:44:26,2026-09-04 15:45:04
NVDA,NVDA270917C00215000,NVDA,2027-09-17,C,215.0,48.4,377.0,49.35,473.0,0.4037,1520.0,44.0,0.6876,0.0038,0.8313,-0.0414,1.1199,48.7403,1.295,49.36,51.4,48.75,up,48.92,2026-09-04T14:16:59,2.71916,47.625,229.88,2026-09-04 19:44:26,2026-09-04 15:45:04
NVDA,NVDA270917C00220000,NVDA,2027-09-17,C,220.0,46.0,453.0,46.3,416.0,0.4006,4400.0,605.0,0.6674,0.0039,0.8522,-0.0426,1.1017,46.1725,1.175,46.23,49.35,46.05,up,46.3,2026-09-04T15:23:48,2.60388,45.125,229.88,2026-09-04 19:44:26,2026-09-04 15:45:04
NVDA,NVDA270917C00225000,NVDA,2027-09-17,C,225.0,43.55,465.0,43.85,423.0,0.3996,6460.0,256.0,0.6471,0.004,0.8709,-0.0436,1.0782,43.7151,1.45,43.62,46.66,43.62,up,44.05,2026-09-04T15:21:44,3.40376,42.5999984741211,229.88,2026-09-04 19:44:26,2026-09-04 15:45:04
NVDA,NVDA270917C00230000,NVDA,2027-09-17,C,230.0,41.2,394.0,41.5,330.0,0.3986,2663.0,176.0,0.6268,0.0041,0.887,-0.0445,1.054,41.3671,1.2,41.0,44.3,41.0,down,41.4,2026-09-04T14:36:20,2.98508,40.1999988555908,229.88,2026-09-04 19:44:26,2026-09-04 15:45:04
NVDA,NVDA270917C00235000,NVDA,2027-09-17,C,235.0,39.0,158.0,39.4,508.0,0.3987,1565.0,191.0,0.6064,0.0042,0.9005,-0.0452,1.0293,39.1249,1.0,40.17,42.32,39.2,no_change,39.2,2026-09-04T15:08:20,2.6178,38.2000007629394,229.88,2026-09-04 19:44:26,2026-09-04 15:45:04
NVDA,NVDA270917C00240000,NVDA,2027-09-17,C,240.0,36.85,469.0,37.1,429.0,0.3967,3948.0,962.0,0.5863,0.0042,0.9116,-0.0459,1.0032,37.0075,0.97,36.95,39.5,36.9,down,37.02,2026-09-04T15:12:56,2.6907,36.0500011444092,229.88,2026-09-04 19:44:26,2026-09-04 15:45:04
NVDA,NVDA270917C00245000,NVDA,2027-09-17,C,245.0,34.85,165.0,35.1,458.0,0.3963,1092.0,624.0,0.5662,0.0043,0.9202,-0.0463,0.9758,34.9716,1.095,36.25,37.27,35.06,up,35.17,2026-09-04T14:18:00,3.2135,34.0750007629394,229.88,2026-09-04 19:44:26,2026-09-04 15:45:04
NVDA,NVDA270917C00250000,NVDA,2027-09-17,C,250.0,32.9,170.0,33.15,447.0,0.3955,3820.0,832.0,0.5462,0.0043,0.9265,-0.0467,0.9488,33.035,1.425,33.05,35.3,32.67,down,33.55,2026-09-04T13:44:15,4.4358,32.125,229.88,2026-09-04 19:44:26,2026-09-04 15:45:04
NVDA,NVDA270917C00255000,NVDA,2027-09-17,C,255.0,31.05,199.0,31.45,557.0,0.3955,1183.0,714.0,0.5266,0.0043,0.9305,-0.0469,0.9214,31.2007,1.17,32.26,33.5,31.3,up,31.32,2026-09-04T14:42:32,3.8806,30.1499996185303,229.88,2026-09-04 19:44:26,2026-09-04 15:45:04
NVDA,NVDA270917C00260000,NVDA,2027-09-17,C,260.0,29.35,174.0,29.7,546.0,0.3952,2825.0,260.0,0.5072,0.0043,0.9321,-0.047,0.8927,29.4532,1.025,30.05,31.65,29.65,down,29.65,2026-09-04T13:34:04,3.58079,28.625,229.88,2026-09-04 19:44:26,2026-09-04 15:45:04
NVDA,NVDA270917C00265000,NVDA,2027-09-17,C,265.0,27.7,176.0,27.95,516.0,0.3943,2012.0,308.0,0.4881,0.0044,0.9316,-0.047,0.8642,27.7972,1.845,29.66,30.0,28.72,down,28.72,2026-09-04T11:07:48,6.86512,26.875,229.88,2026-09-04 19:44:26,2026-09-04 15:45:04
NVDA,NVDA270917C00270000,NVDA,2027-09-17,C,270.0,26.15,95.0,26.35,515.0,0.3938,2713.0,276.0,0.4694,0.0043,0.9292,-0.0469,0.8365,26.2278,1.15,27.5,28.01,26.4,no_change,26.5,2026-09-04T14:48:22,4.53649,25.3500003814697,229.88,2026-09-04 19:44:26,2026-09-04 15:45:04
NVDA,NVDA270917C00275000,NVDA,2027-09-17,C,275.0,24.65,186.0,24.85,194.0,0.3934,1850.0,10.0,0.451,0.0043,0.9248,-0.0467,0.8083,24.7364,1.005,24.05,26.53,24.05,up,24.93,2026-09-04T14:49:23,4.20063,23.9250001907349,229.88,2026-09-04 19:44:26,2026-09-04 15:45:04
NVDA,NVDA270917C00280000,NVDA,2027-09-17,C,280.0,23.25,146.0,23.45,473.0,0.3936,3259.0,174.0,0.4329,0.0043,0.9183,-0.0464,0.7794,23.3153,1.0,23.75,25.2,23.4,down,23.45,2026-09-04T15:22:16,4.45434,22.4499998092651,229.88,2026-09-04 19:44:26,2026-09-04 15:45:04
NVDA,NVDA270917C00285000,NVDA,2027-09-17,C,285.0,21.9,222.0,22.15,385.0,0.3929,1798.0,54.0,0.4158,0.0043,0.9107,-0.0461,0.7521,22.0091,1.125,21.89,23.6,21.89,up,22.25,2026-09-04T13:41:31,5.32544,21.125,229.88,2026-09-04 19:44:26,2026-09-04 15:45:04
NVDA,NVDA270917C00290000,NVDA,2027-09-17,C,290.0,20.65,239.0,20.85,179.0,0.3926,2118.0,7.0,0.3988,0.0042,0.9016,-0.0456,0.7252,20.7506,0.75,22.02,22.02,20.56,down,20.6,2026-09-04T15:21:01,3.77834,19.8499994277954,229.88,2026-09-04 19:44:26,2026-09-04 15:45:04
NVDA,NVDA270917C00295000,NVDA,2027-09-17,C,295.0,19.45,225.0,19.75,589.0,0.3928,1523.0,5.0,0.3823,0.0042,0.8911,-0.0451,0.6986,19.571,0.9,20.5,20.5,19.7,down,19.7,2026-09-04T13:58:45,4.78723,18.8000001907349,229.88,2026-09-04 19:44:26,2026-09-04 15:45:04
NVDA,NVDA270917C00300000,NVDA,2027-09-17,C,300.0,18.3,294.0,18.65,584.0,0.3926,4800.0,410.0,0.3664,0.0041,0.879,-0.0445,0.6718,18.4543,1.1,18.4,20.0,18.3,up,18.7,2026-09-04T14:56:35,6.25,17.5999994277954,229.88,2026-09-04 19:44:26,2026-09-04 15:45:04
NVDA,NVDA270917C00310000,NVDA,2027-09-17,C,310.0,16.3,257.0,16.55,587.0,0.3926,2258.0,61.0,0.336,0.004,0.8522,-0.0432,0.621,16.4109,0.96,17.0,17.8,16.37,down,16.61,2026-09-04T15:01:52,6.13419,15.6499996185303,229.88,2026-09-04 19:44:26,2026-09-04 15:45:04
NVDA,NVDA270917C00320000,NVDA,2027-09-17,C,320.0,14.5,217.0,14.75,610.0,0.3929,2755.0,28.0,0.3077,0.0038,0.822,-0.0416,0.5726,14.5931,1.15,15.2,15.69,15.05,down,15.05,2026-09-04T11:00:10,8.27338,13.9000000953674,229.88,2026-09-04 19:44:26,2026-09-04 15:45:04
NVDA,NVDA270917C00330000,NVDA,2027-09-17,C,330.0,12.8,408.0,13.1,444.0,0.3923,1700.0,44.0,0.2815,0.0037,0.7889,-0.04,0.5267,12.9875,0.725,12.8,14.0,12.8,down,13.1,2026-09-04T15:02:38,5.85859,12.375,229.88,2026-09-04 19:44:26,2026-09-04 15:45:04
NVDA,NVDA270917C00340000,NVDA,2027-09-17,C,340.0,11.45,349.0,11.9,627.0,0.3947,2493.0,7.0,0.2573,0.0035,0.7549,-0.0383,0.4847,11.5656,1.0,12.23,12.23,11.59,up,11.95,2026-09-04T13:31:06,9.13242,10.9500002861023,229.88,2026-09-04 19:44:26,2026-09-04 15:45:04
NVDA,NVDA270917C00350000,NVDA,2027-09-17,C,350.0,10.15,517.0,10.35,61.0,0.3932,1172.0,99.0,0.235,0.0033,0.7189,-0.0365,0.4441,10.3053,0.525,10.3,11.15,10.3,down,10.3,2026-09-04T15:26:47,5.37084,9.77500009536743,229.88,2026-09-04 19:44:26,2026-09-04 15:45:04
NVDA,NVDA270917C00360000,NVDA,2027-09-17,C,360.0,9.0,376.0,9.3,459.0,0.3937,604.0,28.0,0.2147,0.0032,0.6837,-0.0347,0.408,9.1993,0.925,9.4,9.85,9.4,down,9.5,2026-09-04T13:00:59,10.7872,8.57499980926514,229.88,2026-09-04 19:44:26,2026-09-04 15:45:04
NVDA,NVDA270917C00370000,NVDA,2027-09-17,C,370.0,8.05,459.0,8.35,597.0,0.3951,6620.0,1.0,0.196,0.003,0.6482,-0.0329,0.3739,8.2172,1.1,8.75,8.75,8.75,up,8.75,2026-09-04T10:07:54,14.3791,7.65000009536743,229.88,2026-09-04 19:44:26,2026-09-04 15:45:04
NVDA,NVDA270917C00380000,NVDA,2027-09-17,C,380.0,7.25,239.0,7.45,406.0,0.3962,631.0,17.0,0.179,0.0028,0.6128,-0.0312,0.3423,7.3522,0.45,7.45,7.77,7.4,no_change,7.4,2026-09-04T14:11:46,6.47482,6.95000004768372,229.88,2026-09-04 19:44:26,2026-09-04 15:45:04
NVDA,NVDA270917C00390000,NVDA,2027-09-17,C,390.0,6.45,333.0,6.7,442.0,0.397,847.0,25.0,0.1636,0.0027,0.5792,-0.0295,0.3142,6.5886,0.78,6.65,7.1,6.65,down,6.98,2026-09-04T10:07:36,12.5806,6.20000004768372,229.88,2026-09-04 19:44:26,2026-09-04 15:45:04
NVDA,NVDA270917C00400000,NVDA,2027-09-17,C,400.0,5.75,445.0,5.95,274.0,0.397,1287.0,106.0,0.1495,0.0025,0.5464,-0.0278,0.2879,5.9082,0.33,6.0,6.07,5.6,no_change,5.93,2026-09-04T15:28:38,5.89286,5.59999990463257,229.88,2026-09-04 19:44:26,2026-09-04 15:45:04
NVDA,NVDA270917C00410000,NVDA,2027-09-17,C,410.0,5.15,370.0,5.45,332.0,0.399,125.0,0.0,0.1367,0.0023,0.5142,-0.0263,0.2636,5.3095,0.0,0.0,0.0,0.0,up,5.1,2026-09-03T13:45:33,0.0,4.89999985694885,229.88,2026-09-04 19:44:26,2026-09-04 15:45:04
NVDA,NVDA270917C00420000,NVDA,2027-09-17,C,420.0,4.65,355.0,4.9,274.0,0.4002,842.0,0.0,0.1251,0.0022,0.4842,-0.0247,0.2421,4.7797,0.0,0.0,0.0,0.0,up,4.6,2026-09-03T14:05:19,0.0,4.54999995231628,229.88,2026-09-04 19:44:26,2026-09-04 15:45:04
NVDA,NVDA270917C00430000,NVDA,2027-09-17,C,430.0,4.25,305.0,4.45,497.0,0.4025,182.0,69.0,0.1145,0.0021,0.4557,-0.0233,0.2222,4.3096,0.425,4.65,4.65,4.35,no_change,4.35,2026-09-04T14:39:07,10.828,3.92499995231628,229.88,2026-09-04 19:44:26,2026-09-04 15:45:04
NVDA,NVDA270917C00440000,NVDA,2027-09-17,C,440.0,3.75,499.0,4.0,429.0,0.4024,261.0,15.0,0.105,0.0019,0.4281,-0.0219,0.2038,3.8941,0.4,4.1,4.15,4.05,down,4.05,2026-09-04T10:12:06,10.9589,3.64999997615814,229.88,2026-09-04 19:44:26,2026-09-04 15:45:04
NVDA,NVDA270917C00450000,NVDA,2027-09-17,C,450.0,3.45,493.0,3.65,483.0,0.4048,1566.0,114.0,0.0963,0.0018,0.4022,-0.0207,0.1874,3.5234,0.355,3.71,3.8,3.45,up,3.68,2026-09-04T12:50:08,10.6767,3.32500004768372,229.88,2026-09-04 19:44:26,2026-09-04 15:45:04
NVDA,NVDA270917C00455000,NVDA,2027-09-17,C,455.0,3.15,492.0,3.5,481.0,0.4041,247.0,121.0,0.0923,0.0017,0.39,-0.02,0.1798,3.3542,0.265,3.39,3.39,3.38,no_change,3.39,2026-09-04T14:29:06,8.48,3.125,229.88,2026-09-04 19:44:26,2026-09-04 15:45:04
NVDA,NVDA270917C00460000,NVDA,2027-09-17,C,460.0,3.15,221.0,3.3,397.0,0.4064,1489.0,184.0,0.0885,0.0017,0.3783,-0.0194,0.1726,3.1944,0.165,3.4,3.4,3.0,up,3.23,2026-09-04T15:06:05,5.38336,3.06500005722046,229.88,2026-09-04 19:44:26,2026-09-04 15:45:04
NVDA,NVDA270917P00055000,NVDA,2027-09-17,P,55.0,0.15,749.0,0.39,421.0,0.6396,2955.0,53.0,-0.0058,0.0001,0.0391,-0.0032,-0.0166,0.3455,-0.005,0.34,0.35,0.34,up,0.35,2026-09-04T14:03:31,-1.40845,0.355000011622906,229.88,2026-09-04 19:44:26,2026-09-04 15:45:04
NVDA,NVDA270917P00060000,NVDA,2027-09-17,P,60.0,0.2,614.0,0.65,575.0,0.6418,345.0,0.0,-0.007,0.0001,0.0461,-0.0037,-0.0199,0.4066,0.0,0.0,0.0,0.0,no_change,0.42,2026-09-03T12:42:33,0.0,0.42000000923872,229.88,2026-09-04 19:44:26,2026-09-04 15:45:04
NVDA,NVDA270917P00065000,NVDA,2027-09-17,P,65.0,0.43,58.0,0.54,58.0,0.618,244.0,0.0,-0.0084,0.0002,0.0538,-0.0042,-0.0236,0.4769,0.0,0.0,0.0,0.0,up,0.55,2026-08-27T10:25:09,0.0,0.459999993443489,229.88,2026-09-04 19:44:26,2026-09-04 15:45:04
NVDA,NVDA270917P00070000,NVDA,2027-09-17,P,70.0,0.47,317.0,0.59,54.0,0.5923,483.0,0.0,-0.01,0.0002,0.0626,-0.0047,-0.0278,0.5574,0.0,0.0,0.0,0.0,down,0.58,2026-08-31T10:17:53,0.0,0.46000000834465,229.88,2026-09-04 19:44:26,2026-09-04 15:45:04
NVDA,NVDA270917P00075000,NVDA,2027-09-17,P,75.0,0.4,415.0,0.68,51.0,0.5624,170.0,0.0,-0.0118,0.0002,0.0729,-0.0053,-0.033,0.6499,0.0,0.0,0.0,0.0,down,0.65,2026-09-02T14:10:20,0.0,0.745000004768372,229.88,2026-09-04 19:44:26,2026-09-04 15:45:04
NVDA,NVDA270917P00080000,NVDA,2027-09-17,P,80.0,0.71,360.0,0.8,488.0,0.5622,337.0,2.0,-0.0139,0.0003,0.0835,-0.006,-0.0384,0.7559,-0.005,0.75,0.75,0.75,down,0.75,2026-09-04T10:48:30,-0.662251,0.754999995231628,229.88,2026-09-04 19:44:26,2026-09-04 15:45:04
NVDA,NVDA270917P00085000,NVDA,2027-09-17,P,85.0,0.82,198.0,0.9,54.0,0.5451,394.0,0.0,-0.0162,0.0003,0.0956,-0.0066,-0.0447,0.8766,0.0,0.0,0.0,0.0,down,0.89,2026-09-02T09:30:00,0.0,0.865000009536743,229.88,2026-09-04 19:44:26,2026-09-04 15:45:04
NVDA,NVDA270917P00090000,NVDA,2027-09-17,P,90.0,0.95,345.0,1.03,138.0,0.5303,716.0,180.0,-0.019,0.0004,0.1098,-0.0074,-0.0521,1.0141,0.11,1.0,1.02,0.97,no_change,1.02,2026-09-04T15:09:03,12.0879,0.909999966621399,229.88,2026-09-04 19:44:26,2026-09-04 15:45:04
NVDA,NVDA270917P00095000,NVDA,2027-09-17,P,95.0,1.09,316.0,1.19,152.0,0.5166,884.0,80.0,-0.0221,0.0004,0.1243,-0.0082,-0.0603,1.172,-0.03,1.12,1.12,1.12,down,1.12,2026-09-04T10:25:50,-2.6087,1.15000003576279,229.88,2026-09-04 19:44:26,2026-09-04 15:45:04
NVDA,NVDA270917P00100000,NVDA,2027-09-17,P,100.0,1.31,338.0,1.39,475.0,0.5066,2332.0,33.0,-0.0256,0.0005,0.1406,-0.0091,-0.0696,1.3522,0.05,1.24,1.4,1.24,up,1.4,2026-09-04T14:32:35,3.70371,1.34999996423721,229.88,2026-09-04 19:44:26,2026-09-04 15:45:04
NVDA,NVDA270917P00105000,NVDA,2027-09-17,P,105.0,1.53,35.0,1.85,449.0,0.5035,594.0,0.0,-0.0296,0.0006,0.1597,-0.0101,-0.0804,1.56,0.0,0.0,0.0,0.0,up,1.76,2026-08-28T14:30:18,0.0,1.5799999833107,229.88,2026-09-04 19:44:26,2026-09-04 15:45:04
NVDA,NVDA270917P00110000,NVDA,2027-09-17,P,110.0,1.75,68.0,1.87,304.0,0.4853,1220.0,30.0,-0.0343,0.0007,0.1792,-0.0111,-0.0925,1.8027,-0.1,1.67,1.67,1.67,no_change,1.67,2026-09-04T10:22:46,-5.64972,1.77000004053116,229.88,2026-09-04 19:44:26,2026-09-04 15:45:04
NVDA,NVDA270917P00115000,NVDA,2027-09-17,P,115.0,2.05,318.0,2.12,455.0,0.4755,798.0,164.0,-0.0396,0.0008,0.2012,-0.0123,-0.1062,2.0831,-0.01,2.01,2.07,1.98,up,2.07,2026-09-04T13:10:07,-0.480766,2.07999992370605,229.88,2026-09-04 19:44:26,2026-09-04 15:45:04
NVDA,NVDA270917P00120000,NVDA,2027-09-17,P,120.0,2.28,474.0,2.46,490.0,0.4649,3533.0,127.0,-0.0457,0.0009,0.227,-0.0136,-0.1224,2.4191,-0.065,2.24,2.33,2.24,up,2.33,2026-09-04T11:51:11,-2.71399,2.39499998092651,229.88,2026-09-04 19:44:26,2026-09-04 15:45:04
NVDA,NVDA270917P00125000,NVDA,2027-09-17,P,125.0,2.76,201.0,3.05,496.0,0.4636,3836.0,20.0,-0.0525,0.001,0.2523,-0.015,-0.1404,2.7977,0.06,2.64,2.79,2.64,up,2.79,2026-09-04T13:20:32,2.1978,2.73000001907349,229.88,2026-09-04 19:44:26,2026-09-04 15:45:04
NVDA,NVDA270917P00130000,NVDA,2027-09-17,P,130.0,3.2,133.0,3.3,489.0,0.4529,3763.0,35.0,-0.0602,0.0011,0.2805,-0.0164,-0.1597,3.2359,0.02,3.05,3.22,3.03,up,3.22,2026-09-04T14:56:14,0.625002,3.19999992847443,229.88,2026-09-04 19:44:26,2026-09-04 15:45:04
NVDA,NVDA270917P00135000,NVDA,2027-09-17,P,135.0,3.5,353.0,3.85,354.0,0.4442,2485.0,15.0,-0.0689,0.0013,0.3124,-0.018,-0.1831,3.7474,-0.155,3.34,3.52,3.34,up,3.52,2026-09-04T11:50:19,-4.21769,3.67499995231628,229.88,2026-09-04 19:44:26,2026-09-04 15:45:04
NVDA,NVDA270917P00140000,NVDA,2027-09-17,P,140.0,4.3,312.0,4.4,494.0,0.4417,5603.0,234.0,-0.0785,0.0014,0.3438,-0.0197,-0.207,4.3227,-0.05,4.05,4.25,3.9,up,4.25,2026-09-04T13:01:06,-1.16279,4.29999995231628,229.88,2026-09-04 19:44:26,2026-09-04 15:45:04
NVDA,NVDA270917P00145000,NVDA,2027-09-17,P,145.0,4.85,493.0,5.1,499.0,0.4358,4447.0,5.0,-0.0891,0.0016,0.3778,-0.0215,-0.2334,4.9833,0.15,4.8,5.05,4.8,up,5.05,2026-09-04T15:22:00,3.06122,4.90000009536743,229.88,2026-09-04 19:44:26,2026-09-04 15:45:04
NVDA,NVDA270917P00150000,NVDA,2027-09-17,P,150.0,5.55,506.0,5.8,89.0,0.4304,7301.0,304.0,-0.1009,0.0018,0.4136,-0.0234,-0.2654,5.7501,0.05,5.27,5.8,5.27,no_change,5.75,2026-09-04T14:48:50,0.877192,5.70000004768372,229.88,2026-09-04 19:44:26,2026-09-04 15:45:04
NVDA,NVDA270917P00155000,NVDA,2027-09-17,P,155.0,6.55,36.0,6.85,306.0,0.4311,2283.0,0.0,-0.1134,0.002,0.4499,-0.0253,-0.296,6.5849,0.0,0.0,0.0,0.0,down,6.67,2026-09-03T11:11:11,0.0,6.5,229.88,2026-09-04 19:44:26,2026-09-04 15:45:04
NVDA,NVDA270917P00160000,NVDA,2027-09-17,P,160.0,7.45,420.0,7.75,508.0,0.4266,4525.0,4.0,-0.1271,0.0021,0.4879,-0.0272,-0.3305,7.5248,0.085,7.01,7.51,6.85,up,7.51,2026-09-04T15:26:39,1.14478,7.42500019073486,229.88,2026-09-04 19:44:26,2026-09-04 15:45:04
NVDA,NVDA270917P00165000,NVDA,2027-09-17,P,165.0,8.4,600.0,8.65,504.0,0.4214,1714.0,2.0,-0.1416,0.0023,0.5244,-0.0291,-0.3675,8.5544,-0.3,8.0,8.15,8.0,up,8.15,2026-09-04T11:27:51,-3.5503,8.4500002861023,229.88,2026-09-04 19:44:26,2026-09-04 15:45:04
NVDA,NVDA270917P00170000,NVDA,2027-09-17,P,170.0,9.6,615.0,9.75,164.0,0.4188,3972.0,60.0,-0.1571,0.0025,0.5609,-0.0311,-0.4047,9.6922,0.02,9.1,9.64,9.0,down,9.62,2026-09-04T15:08:33,0.208334,9.59999990463257,229.88,2026-09-04 19:44:26,2026-09-04 15:45:04
NVDA,NVDA270917P00175000,NVDA,2027-09-17,P,175.0,10.9,143.0,11.0,492.0,0.4168,3342.0,16.0,-0.1735,0.0027,0.5986,-0.033,-0.4465,10.9363,-0.025,10.15,10.83,10.15,down,10.8,2026-09-04T14:55:31,-0.230945,10.8249998092651,229.88,2026-09-04 19:44:26,2026-09-04 15:45:04
NVDA,NVDA270917P00180000,NVDA,2027-09-17,P,180.0,12.25,158.0,12.4,617.0,0.4147,8077.0,275.0,-0.1908,0.0029,0.6337,-0.0349,-0.4874,12.2916,0.085,11.75,12.26,11.4,up,12.26,2026-09-04T14:56:29,0.69815,12.1750001907349,229.88,2026-09-04 19:44:26,2026-09-04 15:45:04
NVDA,NVDA270917P00185000,NVDA,2027-09-17,P,185.0,13.7,302.0,13.85,206.0,0.4121,3129.0,7.0,-0.2089,0.0031,0.6682,-0.0367,-0.5293,13.7694,-0.475,12.95,13.15,12.9,no_change,13.15,2026-09-04T11:25:06,-3.48624,13.625,229.88,2026-09-04 19:44:26,2026-09-04 15:45:04
NVDA,NVDA270917P00190000,NVDA,2027-09-17,P,190.0,15.3,169.0,15.45,341.0,0.4104,6236.0,171.0,-0.2276,0.0033,0.7025,-0.0385,-0.5743,15.3464,0.0,14.55,15.3,14.35,up,15.3,2026-09-04T14:05:14,-1.24663e-06,15.3000001907349,229.88,2026-09-04 19:44:26,2026-09-04 15:45:04
NVDA,NVDA270917P00195000,NVDA,2027-09-17,P,195.0,17.0,97.0,17.25,515.0,0.4092,1804.0,71.0,-0.2471,0.0034,0.7336,-0.0402,-0.6177,17.0469,0.05,16.05,17.05,15.9,up,17.05,2026-09-04T14:42:35,0.294118,17.0,229.88,2026-09-04 19:44:26,2026-09-04 15:45:04
NVDA,NVDA270917P00200000,NVDA,2027-09-17,P,200.0,18.8,277.0,18.95,148.0,0.4066,4895.0,840.0,-0.2671,0.0036,0.7626,-0.0418,-0.6614,18.8658,0.0,18.3,18.83,17.5,down,18.7,2026-09-04T14:46:26,1.01997e-06,18.6999998092651,229.88,2026-09-04 19:44:26,2026-09-04 15:45:04
NVDA,NVDA270917P00205000,NVDA,2027-09-17,P,205.0,20.75,205.0,20.9,214.0,0.4051,3825.0,19.0,-0.2878,0.0038,0.7908,-0.0432,-0.7096,20.81,-0.275,19.65,20.35,19.32,up,20.35,2026-09-04T12:35:40,-1.33333,20.625,229.88,2026-09-04 19:44:26,2026-09-04 15:45:04
NVDA,NVDA270917P00210000,NVDA,2027-09-17,P,210.0,22.8,516.0,22.95,158.0,0.4036,2571.0,41.0,-0.3087,0.0039,0.8154,-0.0446,-0.7526,22.8607,-0.15,22.4,22.79,21.8,down,22.65,2026-09-04T14:45:20,-0.657896,22.8000001907349,229.88,2026-09-04 19:44:26,2026-09-04 15:45:04
NVDA,NVDA270917P00215000,NVDA,2027-09-17,P,215.0,24.95,306.0,25.15,251.0,0.4021,2629.0,48.0,-0.3302,0.0041,0.8374,-0.0459,-0.7952,25.0225,0.125,24.3,25.0,23.61,up,25.0,2026-09-04T15:09:13,0.502513,24.875,229.88,2026-09-04 19:44:26,2026-09-04 15:45:04
NVDA,NVDA270917P00220000,NVDA,2027-09-17,P,220.0,26.95,588.0,27.45,298.0,0.3992,2724.0,74.0,-0.352,0.0042,0.8574,-0.0471,-0.8426,27.3444,-0.355,26.3,27.2,25.25,down,26.82,2026-09-04T14:48:24,-1.30635,27.1750001907349,229.88,2026-09-04 19:44:26,2026-09-04 15:45:04
NVDA,NVDA270917P00225000,NVDA,2027-09-17,P,225.0,29.5,584.0,29.8,1.0,0.3985,1307.0,72.0,-0.3739,0.0043,0.8741,-0.0481,-0.8827,29.7611,0.075,28.14,29.75,27.79,up,29.75,2026-09-04T15:26:51,0.252737,29.6750001907349,229.88,2026-09-04 19:44:26,2026-09-04 15:45:04
NVDA,NVDA270917P00230000,NVDA,2027-09-17,P,230.0,32.15,562.0,32.35,3.0,0.3982,1856.0,86.0,-0.3961,0.0044,0.8881,-0.049,-0.9238,32.2981,-0.02,31.0,32.2,30.3,up,32.13,2026-09-04T15:08:33,-0.0622102,32.1500005722046,229.88,2026-09-04 19:44:26,2026-09-04 15:45:04
NVDA,NVDA270917P00235000,NVDA,2027-09-17,P,235.0,34.75,563.0,35.0,76.0,0.397,1142.0,20.0,-0.4184,0.0046,0.8988,-0.0498,-0.9629,34.9477,-0.78,32.82,34.22,32.82,up,34.22,2026-09-04T11:53:10,-2.22857,35.0,229.88,2026-09-04 19:44:26,2026-09-04 15:45:04
NVDA,NVDA270917P00240000,NVDA,2027-09-17,P,240.0,37.6,228.0,37.8,87.0,0.3969,1203.0,18.0,-0.4408,0.0046,0.9073,-0.0505,-1.0052,37.7135,-2.17,35.63,35.63,35.63,down,35.63,2026-09-04T09:57:08,-5.74074,37.8000011444092,229.88,2026-09-04 19:44:26,2026-09-04 15:45:04
NVDA,NVDA270917P00245000,NVDA,2027-09-17,P,245.0,40.45,193.0,40.65,68.0,0.396,763.0,0.0,-0.463,0.0047,0.9113,-0.051,-1.0335,40.5623,0.0,0.0,0.0,0.0,up,40.37,2026-09-03T15:22:33,0.0,40.5249996185303,229.88,2026-09-04 19:44:26,2026-09-04 15:45:04
NVDA,NVDA270917P00250000,NVDA,2027-09-17,P,250.0,43.45,141.0,43.65,120.0,0.3952,1763.0,34.0,-0.4853,0.0048,0.9134,-0.0514,-1.0632,43.5841,-0.7,42.5,42.75,41.6,down,42.7,2026-09-04T13:00:59,-1.6129,43.3999996185303,229.88,2026-09-04 19:44:26,2026-09-04 15:45:04
NVDA,NVDA270917P00255000,NVDA,2027-09-17,P,255.0,46.4,446.0,46.85,455.0,0.3943,232.0,33.0,-0.5077,0.0049,0.9122,-0.0518,-1.0981,46.6759,-0.95,44.6,45.8,44.5,up,45.8,2026-09-04T13:01:07,-2.03209,46.75,229.88,2026-09-04 19:44:26,2026-09-04 15:45:04
NVDA,NVDA270917P00260000,NVDA,2027-09-17,P,260.0,49.6,213.0,50.45,430.0,0.396,230.0,0.0,-0.5295,0.0049,0.9073,-0.052,-1.115,49.8832,0.0,0.0,0.0,0.0,up,50.3,2026-09-03T10:06:47,0.0,49.875,229.88,2026-09-04 19:44:26,2026-09-04 15:45:04
NVDA,NVDA270917P00265000,NVDA,2027-09-17,P,265.0,52.0,681.0,53.25,311.0,0.3877,53.0,6.0,-0.5512,0.005,0.902,-0.0521,-1.1423,53.1906,-2.19,50.46,50.46,50.46,down,50.46,2026-09-04T09:59:02,-4.15954,52.6499996185303,229.88,2026-09-04 19:44:26,2026-09-04 15:45:04
NVDA,NVDA270917P00270000,NVDA,2027-09-17,P,270.0,55.7,539.0,56.65,56.0,0.3892,120.0,1.0,-0.5727,0.005,0.8911,-0.0522,-1.158,56.5687,-1.615,55.01,55.01,55.01,down,55.01,2026-09-04T12:10:13,-2.8521,56.625,229.88,2026-09-04 19:44:26,2026-09-04 15:45:04
NVDA,NVDA270917P00275000,NVDA,2027-09-17,P,275.0,59.35,352.0,60.2,191.0,0.3896,148.0,0.0,-0.5941,0.005,0.8809,-0.0521,-1.1834,60.0961,0.0,0.0,0.0,0.0,up,62.37,2026-09-02T14:41:54,0.0,60.0749988555908,229.88,2026-09-04 19:44:26,2026-09-04 15:45:04
NVDA,NVDA270917P00280000,NVDA,2027-09-17,P,280.0,63.4,148.0,63.95,221.0,0.3928,600.0,0.0,-0.615,0.005,0.8623,-0.052,-1.1784,63.6923,0.0,0.0,0.0,0.0,up,70.05,2026-09-01T10:20:48,0.0,63.4000015258789,229.88,2026-09-04 19:44:26,2026-09-04 15:45:04
NVDA,NVDA270917P00285000,NVDA,2027-09-17,P,285.0,66.85,419.0,68.2,563.0,0.3945,120.0,1.0,-0.6356,0.005,0.8485,-0.0519,-1.1873,67.3782,-2.66,64.64,64.64,64.64,down,64.64,2026-09-04T10:39:14,-3.95245,67.2999992370606,229.88,2026-09-04 19:44:26,2026-09-04 15:45:04
NVDA,NVDA270917P00290000,NVDA,2027-09-17,P,290.0,70.85,142.0,71.4,205.0,0.3923,205.0,0.0,-0.656,0.005,0.8266,-0.0516,-1.1876,71.1529,0.0,0.0,0.0,0.0,up,78.0,2026-08-31T14:58:52,0.0,71.1500015258789,229.88,2026-09-04 19:44:26,2026-09-04 15:45:04
NVDA,NVDA270917P00295000,NVDA,2027-09-17,P,295.0,74.65,144.0,75.0,7.0,0.3902,935.0,0.0,-0.6759,0.005,0.8086,-0.0514,-1.1989,75.007,0.0,0.0,0.0,0.0,down,77.4,2026-09-02T11:09:52,0.0,75.0,229.88,2026-09-04 19:44:26,2026-09-04 15:45:04
NVDA,NVDA270917P00300000,NVDA,2027-09-17,P,300.0,77.95,429.0,79.4,362.0,0.3889,872.0,0.0,-0.6954,0.005,0.7784,-0.051,-1.1637,78.9461,0.0,0.0,0.0,0.0,down,82.7,2026-08-17T13:20:12,0.0,78.9749984741211,229.88,2026-09-04 19:44:26,2026-09-04 15:45:04
NVDA,NVDA270917P00310000,NVDA,2027-09-17,P,310.0,86.55,211.0,87.3,285.0,0.3908,904.0,0.0,-0.7333,0.005,0.7258,-0.0502,-1.1255,87.0409,0.0,0.0,0.0,0.0,down,103.21,2026-08-24T12:06:33,0.0,87.1000022888184,229.88,2026-09-04 19:44:26,2026-09-04 15:45:04
NVDA,NVDA270917P00320000,NVDA,2027-09-17,P,320.0,93.75,452.0,95.7,179.0,0.3812,2742.0,0.0,-0.7698,0.005,0.6707,-0.0495,-1.0691,95.4455,0.0,0.0,0.0,0.0,up,104.33,2026-09-01T14:01:01,0.0,95.4749984741211,229.88,2026-09-04 19:44:26,2026-09-04 15:45:04
NVDA,NVDA270917P00330000,NVDA,2027-09-17,P,330.0,102.75,229.0,105.1,257.0,0.3897,1304.0,0.0,-0.8045,0.005,0.6031,-0.0482,-1.0082,104.1077,0.0,0.0,0.0,0.0,down,111.75,2026-08-06T09:56:08,0.0,104.599998474121,229.88,2026-09-04 19:44:26,2026-09-04 15:45:04
NVDA,NVDA270917P00340000,NVDA,2027-09-17,P,340.0,112.05,103.0,113.2,58.0,0.3854,3.0,0.0,-0.8382,0.0049,0.5267,-0.0477,-0.9331,113.0174,0.0,0.0,0.0,0.0,up,123.6,2026-09-01T15:31:44,0.0,113.049999237061,229.88,2026-09-04 19:44:26,2026-09-04 15:45:04
NVDA,NVDA270917P00350000,NVDA,2027-09-17,P,350.0,120.55,184.0,123.1,165.0,0.3862,11.0,0.0,-0.8691,0.0048,0.4447,-0.0468,-0.7901,122.1436,0.0,0.0,0.0,0.0,down,130.36,2026-08-31T15:58:33,0.0,122.450000762939,229.88,2026-09-04 19:44:26,2026-09-04 15:45:04
NVDA,NVDA270917P00360000,NVDA,2027-09-17,P,360.0,129.45,131.0,131.75,5.0,0.3609,0.0,0.0,-0.8972,0.0045,0.3609,-0.045,-0.594,131.4741,0.0,0.0,0.0,0.0,up,157.45,2026-06-23T09:50:34,0.0,132.200004577637,229.88,2026-09-04 19:44:26,2026-09-04 15:45:04
NVDA,NVDA270917P00370000,NVDA,2027-09-17,P,370.0,139.45,96.0,141.55,51.0,0.3716,0.0,0.0,-0.9235,0.004,0.2846,-0.0445,-0.5181,140.9965,0.0,0.0,0.0,0.0,down,163.25,2026-06-05T12:31:42,0.0,140.850006103516,229.88,2026-09-04 19:44:26,2026-09-04 15:45:04
NVDA,NVDA270917P00380000,NVDA,2027-09-17,P,380.0,148.8,87.0,151.35,46.0,0.0,0.0,0.0,-0.9451,0.0035,0.2077,-0.0378,-0.3953,150.6546,0.0,0.0,0.0,0.0,down,153.2,2026-05-14T09:33:08,0.0,150.775001525879,229.88,2026-09-04 19:44:26,2026-09-04 15:45:04
NVDA,NVDA270917P00390000,NVDA,2027-09-17,P,390.0,158.9,78.0,160.95,5.0,0.0,0.0,0.0,-0.9621,0.0028,0.1395,-0.0268,-0.1867,160.4322,0.0,0.0,0.0,0.0,up,187.25,2026-07-20T15:14:30,0.0,160.775001525879,229.88,2026-09-04 19:44:26,2026-09-04 15:45:04
NVDA,NVDA270917P00400000,NVDA,2027-09-17,P,400.0,168.85,96.0,171.65,63.0,0.3853,0.0,0.0,-0.9756,0.002,0.0796,-0.0085,-0.1675,170.3212,0.0,0.0,0.0,0.0,down,178.0,2026-08-27T09:35:10,0.0,170.75,229.88,2026-09-04 19:44:26,2026-09-04 15:45:04
NVDA,NVDA270917P00410000,NVDA,2027-09-17,P,410.0,178.85,72.0,181.05,47.0,0.0,0.0,0.0,-0.9854,0.0014,0.0513,0.0,-0.1197,180.2486,0.0,0.0,0.0,0.0,up,191.37,2026-05-21T15:05:11,0.0,180.775001525879,229.88,2026-09-04 19:44:26,2026-09-04 15:45:04
NVDA,NVDA270917P00420000,NVDA,2027-09-17,P,420.0,188.9,70.0,191.3,49.0,0.0,0.0,0.0,-0.9923,0.0009,0.0342,0.0,-0.0429,190.2025,0.0,0.0,0.0,0.0,no_change,0.0,,0.0,190.950004577637,229.88,2026-09-04 19:44:26,2026-09-04 15:45:04
NVDA,NVDA270917P00430000,NVDA,2027-09-17,P,430.0,198.9,68.0,201.3,48.0,0.0,0.0,0.0,-0.9956,0.0005,0.0,0.0,-0.0353,200.198,0.0,0.0,0.0,0.0,no_change,0.0,,0.0,200.75,229.88,2026-09-04 19:44:26,2026-09-04 15:45:04
NVDA,NVDA270917P00440000,NVDA,2027-09-17,P,440.0,208.85,63.0,211.3,45.0,0.0,0.0,0.0,-0.9979,0.0002,0.0,0.0,-0.0362,210.1945,0.0,0.0,0.0,0.0,no_change,0.0,,0.0,210.75,229.88,2026-09-04 19:44:26,2026-09-04 15:45:04
NVDA,NVDA270917P00450000,NVDA,2027-09-17,P,450.0,218.85,68.0,221.1,10.0,0.0,0.0,0.0,-0.9994,0.0001,0.0,0.0,-0.037,220.1909,0.0,0.0,0.0,0.0,no_change,0.0,,0.0,220.775001525879,229.88,2026-09-04 19:44:26,2026-09-04 15:45:04
NVDA,NVDA270917P00455000,NVDA,2027-09-17,P,455.0,223.85,65.0,226.15,41.0,0.0,0.0,0.0,-1.0,0.0,0.0,0.0,-0.0374,225.1891,0.0,0.0,0.0,0.0,no_change,0.0,,0.0,225.775001525879,229.88,2026-09-04 19:44:26,2026-09-04 15:45:04
NVDA,NVDA270917P00460000,NVDA,2027-09-17,P,460.0,228.85,64.0,231.3,43.0,0.0,0.0,1.0,-1.0,0.0,0.0,0.0,-0.0378,230.1873,-2.4,228.35,228.35,228.35,down,228.35,2026-09-04T12:54:29,-1.04009,230.75,229.88,2026-09-04 19:44:26,2026-09-04 15:45:04
NVDA,NVDA271217C00005000,NVDA,2027-12-17,C,5.0,221.0,137.0,228.9,173.0,0.0,15890.0,1.0,1.0,0.0,0.002,0.0,0.0332,225.3358,5.56,228.96,228.96,228.96,up,228.96,2026-09-04T10:32:28,2.48881,223.400001525879,229.88,2026-09-04 19:44:26,2026-09-04 15:45:04
NVDA,NVDA271217C00010000,NVDA,2027-12-17,C,10.0,216.15,50.0,224.1,233.0,0.0,343.0,0.0,1.0,0.0,0.0031,0.0,0.0778,220.4651,0.0,0.0,0.0,0.0,down,199.87,2026-08-24T11:29:24,0.0,219.125,229.88,2026-09-04 19:44:26,2026-09-04 15:45:04
NVDA,NVDA271217C00015000,NVDA,2027-12-17,C,15.0,211.4,61.0,219.3,20.0,0.0,439.0,100.0,1.0,0.0,0.0063,0.0,0.1441,215.6684,1.555,215.93,215.93,215.93,up,215.93,2026-09-04T13:44:45,0.725364,214.375,229.88,2026-09-04 19:44:26,2026-09-04 15:45:04
NVDA,NVDA271217C00020000,NVDA,2027-12-17,C,20.0,207.0,147.0,214.7,267.0,0.7561,977.0,100.0,1.0,0.0,0.0108,0.0,0.2184,210.9289,1.14,210.84,210.84,210.84,up,210.84,2026-09-04T13:55:11,0.543635,209.699996948242,229.88,2026-09-04 19:44:26,2026-09-04 15:45:04
NVDA,NVDA271217C00025000,NVDA,2027-12-17,C,25.0,202.05,51.0,210.0,50.0,0.0,728.0,0.0,1.0,0.0,0.0143,0.0,0.291,206.2226,0.0,0.0,0.0,0.0,up,204.08,2026-09-03T10:08:50,0.0,205.025001525879,229.88,2026-09-04 19:44:26,2026-09-04 15:45:04
NVDA,NVDA271217C00030000,NVDA,2027-12-17,C,30.0,197.35,51.0,205.35,15.0,0.0,713.0,0.0,1.0,0.0,0.0196,0.0,0.3467,201.5362,0.0,0.0,0.0,0.0,down,200.85,2026-09-03T15:09:06,0.0,200.325004577637,229.88,2026-09-04 19:44:26,2026-09-04 15:45:04
NVDA,NVDA271217C00035000,NVDA,2027-12-17,C,35.0,193.15,149.0,200.65,256.0,0.7581,1085.0,1.0,1.0,0.0,0.0243,0.0,0.4023,196.8564,4.325,200.0,200.0,200.0,up,200.0,2026-09-04T09:39:18,2.2103,195.674995422363,229.88,2026-09-04 19:44:26,2026-09-04 15:45:04
NVDA,NVDA271217C00040000,NVDA,2027-12-17,C,40.0,188.1,151.0,196.0,256.0,0.6528,801.0,2.0,1.0,0.0001,0.0311,0.0,0.4572,192.1822,5.575,195.5,195.5,195.5,up,195.5,2026-09-04T10:05:35,2.93537,189.925003051758,229.88,2026-09-04 19:44:26,2026-09-04 15:45:04
NVDA,NVDA271217C00045000,NVDA,2027-12-17,C,45.0,183.8,151.0,191.35,252.0,0.6944,601.0,1.0,1.0,0.0001,0.0374,0.0,0.5119,187.5169,0.44,186.74,186.74,186.74,down,186.74,2026-09-04T12:09:47,0.236181,186.299995422363,229.88,2026-09-04 19:44:26,2026-09-04 15:45:04
NVDA,NVDA271217C00050000,NVDA,2027-12-17,C,50.0,178.7,51.0,184.65,189.0,0.0,1164.0,0.0,0.9992,0.0001,0.0442,0.0,0.5662,182.8585,0.0,0.0,0.0,0.0,up,175.5,2026-09-02T10:08:45,0.0,181.025001525879,229.88,2026-09-04 19:44:26,2026-09-04 15:45:04
NVDA,NVDA271217C00055000,NVDA,2027-12-17,C,55.0,174.05,15.0,182.05,281.0,0.5954,1418.0,0.0,0.9979,0.0001,0.0538,0.0,0.6197,178.209,0.0,0.0,0.0,0.0,down,177.6,2026-09-03T14:31:19,0.0,177.075004577637,229.88,2026-09-04 19:44:26,2026-09-04 15:45:04
NVDA,NVDA271217C00060000,NVDA,2027-12-17,C,60.0,169.45,15.0,174.9,145.0,0.0,1531.0,0.0,0.9964,0.0001,0.0626,0.0,0.6728,173.5699,0.0,0.0,0.0,0.0,up,170.9,2026-09-02T11:58:14,0.0,171.775001525879,229.88,2026-09-04 19:44:26,2026-09-04 15:45:04
NVDA,NVDA271217C00065000,NVDA,2027-12-17,C,65.0,164.8,15.0,172.75,266.0,0.5643,816.0,0.0,0.9947,0.0002,0.0729,0.0,0.7253,168.9401,0.0,0.0,0.0,0.0,up,156.84,2026-08-10T12:40:42,0.0,167.800003051758,229.88,2026-09-04 19:44:26,2026-09-04 15:45:04
NVDA,NVDA271217C00070000,NVDA,2027-12-17,C,70.0,160.4,313.0,168.15,274.0,0.5659,4051.0,0.0,0.9928,0.0002,0.0849,0.0,0.777,164.3231,0.0,0.0,0.0,0.0,up,164.0,2026-09-03T13:42:45,0.0,163.949996948242,229.88,2026-09-04 19:44:26,2026-09-04 15:45:04
NVDA,NVDA271217C00075000,NVDA,2027-12-17,C,75.0,155.8,229.0,163.55,265.0,0.5504,1708.0,0.0,0.9907,0.0003,0.0966,0.0,0.8278,159.7193,0.0,0.0,0.0,0.0,down,148.26,2026-08-19T10:03:21,0.0,159.675003051758,229.88,2026-09-04 19:44:26,2026-09-04 15:45:04
NVDA,NVDA271217C00080000,NVDA,2027-12-17,C,80.0,153.4,306.0,158.8,278.0,0.6136,2116.0,11.0,0.9883,0.0003,0.1107,0.0,0.8782,155.1288,3.165,158.5,158.5,157.69,down,157.69,2026-09-04T11:04:22,2.04821,154.525001525879,229.88,2026-09-04 19:44:26,2026-09-04 15:45:04
NVDA,NVDA271217C00085000,NVDA,2027-12-17,C,85.0,147.75,322.0,154.4,303.0,0.5635,995.0,0.0,0.9856,0.0004,0.126,0.0,0.9278,150.5572,0.0,0.0,0.0,0.0,up,138.29,2026-08-28T15:59:35,0.0,149.0,229.88,2026-09-04 19:44:26,2026-09-04 15:45:04
NVDA,NVDA271217C00090000,NVDA,2027-12-17,C,90.0,144.8,86.0,149.9,288.0,0.5917,3439.0,0.0,0.9825,0.0004,0.1417,0.0,0.9761,146.0067,0.0,0.0,0.0,0.0,up,142.4,2026-09-03T11:11:31,0.0,144.574996948242,229.88,2026-09-04 19:44:26,2026-09-04 15:45:04
NVDA,NVDA271217C00095000,NVDA,2027-12-17,C,95.0,140.5,104.0,145.35,341.0,0.5767,4304.0,2.0,0.979,0.0005,0.1606,0.0,1.0262,141.4813,5.425,146.0,146.0,146.0,up,146.0,2026-09-04T10:06:42,3.85915,140.575004577637,229.88,2026-09-04 19:44:26,2026-09-04 15:45:04
NVDA,NVDA271217C00100000,NVDA,2027-12-17,C,100.0,135.5,310.0,138.45,250.0,0.4878,15839.0,21.0,0.975,0.0005,0.1805,0.0,1.0746,136.9901,4.405,139.3,140.95,139.3,down,140.53,2026-09-04T10:05:29,3.236,136.125,229.88,2026-09-04 19:44:26,2026-09-04 15:45:04
NVDA,NVDA271217C00105000,NVDA,2027-12-17,C,105.0,131.65,80.0,135.2,359.0,0.5197,7394.0,5.0,0.9705,0.0006,0.2023,0.0,1.1267,132.5383,2.19,134.8,134.8,134.24,down,134.24,2026-09-04T11:38:31,1.65846,132.050003051758,229.88,2026-09-04 19:44:26,2026-09-04 15:45:04
NVDA,NVDA271217C00110000,NVDA,2027-12-17,C,110.0,127.1,259.0,129.4,291.0,0.4753,9625.0,3.0,0.9653,0.0007,0.2266,0.0,1.1877,128.1345,-0.85,130.0,130.0,127.2,down,127.2,2026-09-04T12:58:01,-0.663806,128.050003051758,229.88,2026-09-04 19:44:26,2026-09-04 15:45:04
NVDA,NVDA271217C00115000,NVDA,2027-12-17,C,115.0,122.15,351.0,127.7,329.0,0.5045,3669.0,2.0,0.9594,0.0008,0.2531,-0.0003,1.2333,123.7924,4.425,125.0,127.0,125.0,up,127.0,2026-09-04T09:34:53,3.61003,122.575000762939,229.88,2026-09-04 19:44:26,2026-09-04 15:45:04
NVDA,NVDA271217C00120000,NVDA,2027-12-17,C,120.0,118.85,33.0,120.85,256.0,0.468,7948.0,23.0,0.9528,0.0009,0.2814,-0.002,1.269,119.5027,2.525,119.93,122.0,119.93,down,121.15,2026-09-04T11:02:35,2.12856,118.625,229.88,2026-09-04 19:44:26,2026-09-04 15:45:04
NVDA,NVDA271217C00125000,NVDA,2027-12-17,C,125.0,114.35,330.0,116.6,286.0,0.4562,3972.0,3.0,0.9455,0.001,0.3118,-0.0036,1.3018,115.2758,1.62,118.95,118.95,116.32,down,116.32,2026-09-04T12:11:06,1.41238,114.700000762939,229.88,2026-09-04 19:44:26,2026-09-04 15:45:04
NVDA,NVDA271217C00130000,NVDA,2027-12-17,C,130.0,110.65,40.0,112.45,444.0,0.457,7454.0,7.0,0.9373,0.0011,0.3444,-0.0054,1.331,111.1172,1.45,114.95,115.0,112.0,down,112.0,2026-09-04T13:08:42,1.31162,110.549999237061,229.88,2026-09-04 19:44:26,2026-09-04 15:45:04
NVDA,NVDA271217C00135000,NVDA,2027-12-17,C,135.0,106.05,452.0,108.35,474.0,0.4444,4312.0,156.0,0.9283,0.0013,0.3782,-0.0072,1.357,107.0323,1.85,109.4,109.4,108.3,down,108.3,2026-09-04T11:52:42,1.7379,106.450000762939,229.88,2026-09-04 19:44:26,2026-09-04 15:45:04
NVDA,NVDA271217C00140000,NVDA,2027-12-17,C,140.0,101.55,547.0,103.9,365.0,0.4285,5072.0,6.0,0.9185,0.0014,0.4135,-0.0091,1.38,103.0173,4.485,105.25,106.51,105.25,up,106.51,2026-09-04T10:18:44,4.39598,102.025001525879,229.88,2026-09-04 19:44:26,2026-09-04 15:45:04
NVDA,NVDA271217C00145000,NVDA,2027-12-17,C,145.0,98.75,11.0,99.2,268.0,0.4295,4981.0,22.0,0.908,0.0015,0.4502,-0.011,1.399,99.0907,2.19,100.0,103.2,99.74,down,99.74,2026-09-04T13:25:48,2.245,97.5500030517578,229.88,2026-09-04 19:44:26,2026-09-04 15:45:04
NVDA,NVDA271217C00150000,NVDA,2027-12-17,C,150.0,94.9,296.0,95.45,314.0,0.4271,12923.0,47.0,0.8966,0.0017,0.4871,-0.0129,1.415,95.2565,1.05,96.18,99.5,95.3,down,95.3,2026-09-04T13:53:32,1.11406,94.25,229.88,2026-09-04 19:44:26,2026-09-04 15:45:04
NVDA,NVDA271217C00155000,NVDA,2027-12-17,C,155.0,90.75,345.0,91.85,344.0,0.422,9193.0,1.0,0.8845,0.0018,0.5246,-0.0149,1.4278,91.5026,1.4,92.15,92.15,92.15,up,92.15,2026-09-04T09:30:00,1.5427,90.75,229.88,2026-09-04 19:44:26,2026-09-04 15:45:04
NVDA,NVDA271217C00160000,NVDA,2027-12-17,C,160.0,87.45,125.0,88.65,351.0,0.4269,4383.0,17.0,0.8717,0.002,0.5628,-0.0168,1.4366,87.8398,1.375,89.0,91.69,87.95,down,87.95,2026-09-04T15:13:05,1.58822,86.5750007629394,229.88,2026-09-04 19:44:26,2026-09-04 15:45:04
NVDA,NVDA271217C00165000,NVDA,2027-12-17,C,165.0,83.95,278.0,84.35,256.0,0.4187,1841.0,1.0,0.8582,0.0021,0.6002,-0.0187,1.4428,84.2707,1.95,85.0,85.0,85.0,up,85.0,2026-09-04T09:31:47,2.34798,83.0499992370606,229.88,2026-09-04 19:44:26,2026-09-04 15:45:04
NVDA,NVDA271217C00170000,NVDA,2027-12-17,C,170.0,80.5,287.0,81.9,400.0,0.4248,4367.0,18.0,0.8441,0.0023,0.6373,-0.0206,1.446,80.7957,1.3,82.75,84.0,80.35,up,81.05,2026-09-04T15:07:25,1.63009,79.75,229.88,2026-09-04 19:44:26,2026-09-04 15:45:04
NVDA,NVDA271217C00175000,NVDA,2027-12-17,C,175.0,77.15,27.0,77.5,3.0,0.415,5772.0,14.0,0.8293,0.0024,0.6742,-0.0224,1.4453,77.4179,3.1,80.25,80.9,79.45,down,79.45,2026-09-04T13:17:05,4.06025,76.3499984741211,229.88,2026-09-04 19:44:26,2026-09-04 15:45:04
NVDA,NVDA271217C00180000,NVDA,2027-12-17,C,180.0,73.85,109.0,74.25,214.0,0.4132,7214.0,21.0,0.814,0.0025,0.7096,-0.0242,1.4423,74.139,1.8,77.15,77.55,74.4,no_change,74.4,2026-09-04T14:44:13,2.47934,72.6000022888184,229.88,2026-09-04 19:44:26,2026-09-04 15:45:04
NVDA,NVDA271217C00185000,NVDA,2027-12-17,C,185.0,70.7,90.0,71.05,268.0,0.4116,4906.0,7.0,0.7982,0.0027,0.7439,-0.0259,1.437,70.9583,1.7,73.2,73.2,71.6,no_change,71.6,2026-09-04T12:28:51,2.43204,69.9000015258789,229.88,2026-09-04 19:44:26,2026-09-04 15:45:04
NVDA,NVDA271217C00190000,NVDA,2027-12-17,C,190.0,67.65,83.0,69.0,400.0,0.4168,6809.0,7.0,0.782,0.0028,0.7772,-0.0276,1.428,67.8774,1.275,70.79,71.0,67.9,up,68.2,2026-09-04T14:01:10,1.90512,66.9249992370606,229.88,2026-09-04 19:44:26,2026-09-04 15:45:04
NVDA,NVDA271217C00195000,NVDA,2027-12-17,C,195.0,64.65,91.0,65.55,375.0,0.4119,4629.0,58.0,0.7653,0.0029,0.8087,-0.0291,1.417,64.9081,1.475,65.24,68.05,65.15,down,65.15,2026-09-04T12:25:16,2.31645,63.6749992370606,229.88,2026-09-04 19:44:26,2026-09-04 15:45:04
NVDA,NVDA271217C00200000,NVDA,2027-12-17,C,200.0,61.15,429.0,62.5,380.0,0.4058,37205.0,302.0,0.7483,0.0031,0.8383,-0.0306,1.4043,62.0176,0.9,62.0,65.3,61.9,down,61.9,2026-09-04T15:13:44,1.47541,61.0,229.88,2026-09-04 19:44:26,2026-09-04 15:45:04
NVDA,NVDA271217C00205000,NVDA,2027-12-17,C,205.0,59.0,307.0,59.35,279.0,0.4061,850.0,61.0,0.731,0.0032,0.8663,-0.032,1.3888,59.2368,1.425,59.95,62.21,59.65,down,59.65,2026-09-04T12:27:24,2.4474,58.2250003814697,229.88,2026-09-04 19:44:26,2026-09-04 15:45:04
NVDA,NVDA271217C00210000,NVDA,2027-12-17,C,210.0,55.3,467.0,56.65,136.0,0.3991,23388.0,33.0,0.7135,0.0033,0.8925,-0.0333,1.3708,56.5565,1.09,58.85,59.55,56.54,down,56.54,2026-09-04T15:27:34,1.96573,55.4500007629394,229.88,2026-09-04 19:44:26,2026-09-04 15:45:04
NVDA,NVDA271217C00215000,NVDA,2027-12-17,C,215.0,53.75,340.0,54.5,386.0,0.4062,6114.0,64.0,0.6957,0.0034,0.9163,-0.0345,1.3519,53.9683,1.275,54.75,57.0,54.35,down,54.35,2026-09-04T14:32:17,2.40226,53.0749988555908,229.88,2026-09-04 19:44:26,2026-09-04 15:45:04
NVDA,NVDA271217C00220000,NVDA,2027-12-17,C,220.0,51.4,4.0,51.7,351.0,0.404,9994.0,36.0,0.678,0.0034,0.9379,-0.0356,1.3317,51.5008,2.275,52.0,54.35,52.0,up,52.85,2026-09-04T11:09:40,4.49827,50.5749988555908,229.88,2026-09-04 19:44:26,2026-09-04 15:45:04
NVDA,NVDA271217C00225000,NVDA,2027-12-17,C,225.0,49.0,2.0,49.2,289.0,0.4025,4560.0,86.0,0.66,0.0035,0.9577,-0.0366,1.3087,49.0953,1.97,50.0,52.05,49.35,down,49.82,2026-09-04T13:19:04,4.11704,47.8499984741211,229.88,2026-09-04 19:44:26,2026-09-04 15:45:04
NVDA,NVDA271217C00230000,NVDA,2027-12-17,C,230.0,46.65,107.0,47.15,404.0,0.4026,17758.0,46.0,0.642,0.0036,0.9752,-0.0374,1.2847,46.803,1.6,48.15,49.5,47.15,down,47.2,2026-09-04T13:30:58,3.50877,45.6000003814697,229.88,2026-09-04 19:44:26,2026-09-04 15:45:04
NVDA,NVDA271217C00235000,NVDA,2027-12-17,C,235.0,44.45,123.0,44.75,329.0,0.4006,818.0,32.0,0.6242,0.0037,0.9903,-0.0382,1.2606,44.6097,1.625,46.52,47.2,44.77,up,45.0,2026-09-04T14:48:05,3.7464,43.375,229.88,2026-09-04 19:44:26,2026-09-04 15:45:04
NVDA,NVDA271217C00240000,NVDA,2027-12-17,C,240.0,41.95,460.0,42.65,380.0,0.3981,9158.0,155.0,0.6062,0.0037,1.0034,-0.0389,1.235,42.4942,0.905,42.43,44.99,42.43,down,42.48,2026-09-04T15:24:00,2.17679,41.5749988555908,229.88,2026-09-04 19:44:26,2026-09-04 15:45:04
NVDA,NVDA271217C00245000,NVDA,2027-12-17,C,245.0,40.3,106.0,40.6,101.0,0.399,396.0,3.0,0.5885,0.0038,1.0142,-0.0395,1.2077,40.4747,0.97,41.98,41.98,40.52,down,40.52,2026-09-04T15:12:56,2.45259,39.5499992370606,229.88,2026-09-04 19:44:26,2026-09-04 15:45:04
NVDA,NVDA271217C00250000,NVDA,2027-12-17,C,250.0,38.4,164.0,38.7,490.0,0.3985,9185.0,401.0,0.571,0.0038,1.023,-0.04,1.1806,38.5652,0.975,40.02,41.05,38.56,down,38.6,2026-09-04T15:07:49,2.59136,37.625,229.88,2026-09-04 19:44:26,2026-09-04 15:45:04
NVDA,NVDA271217C00255000,NVDA,2027-12-17,C,255.0,36.55,166.0,36.95,537.0,0.3984,1522.0,3.0,0.5536,0.0038,1.0297,-0.0404,1.1533,36.7174,2.85,38.75,38.75,38.45,down,38.45,2026-09-04T10:27:10,8.00562,35.5999984741211,229.88,2026-09-04 19:44:26,2026-09-04 15:45:04
NVDA,NVDA271217C00260000,NVDA,2027-12-17,C,260.0,34.7,398.0,35.35,541.0,0.3983,6116.0,31.0,0.5363,0.0039,1.0344,-0.0407,1.1253,34.9512,1.85,34.72,37.1,34.72,down,35.85,2026-09-04T11:19:29,5.44118,34.0,229.88,2026-09-04 19:44:26,2026-09-04 15:45:04
NVDA,NVDA271217C00265000,NVDA,2027-12-17,C,265.0,33.1,204.0,33.4,240.0,0.397,1386.0,19.0,0.5193,0.0039,1.0371,-0.0409,1.0961,33.2654,1.225,33.95,35.09,33.5,no_change,33.5,2026-09-04T15:02:58,3.79551,32.2749996185303,229.88,2026-09-04 19:44:26,2026-09-04 15:45:04
NVDA,NVDA271217C00270000,NVDA,2027-12-17,C,270.0,31.45,533.0,31.8,548.0,0.3964,10078.0,522.0,0.5026,0.0039,1.0379,-0.041,1.0669,31.6578,0.795,32.41,33.6,31.52,down,31.52,2026-09-04T15:11:19,2.58747,30.7250003814697,229.88,2026-09-04 19:44:26,2026-09-04 15:45:04
NVDA,NVDA271217C00275000,NVDA,2027-12-17,C,275.0,30.0,99.0,30.3,498.0,0.3968,1258.0,64.0,0.486,0.0039,1.037,-0.0411,1.0381,30.1053,0.975,31.78,32.0,30.25,down,30.25,2026-09-04T13:57:33,3.33049,29.2749996185303,229.88,2026-09-04 19:44:26,2026-09-04 15:45:04
NVDA,NVDA271217C00280000,NVDA,2027-12-17,C,280.0,28.45,252.0,28.8,341.0,0.3957,7067.0,67.0,0.47,0.0039,1.0348,-0.0411,1.01,28.6568,1.0,30.02,30.75,28.7,up,28.85,2026-09-04T13:45:53,3.59066,27.8500003814697,229.88,2026-09-04 19:44:26,2026-09-04 15:45:04
NVDA,NVDA271217C00285000,NVDA,2027-12-17,C,285.0,27.1,202.0,27.35,453.0,0.3955,2310.0,6.0,0.4541,0.0039,1.0305,-0.041,0.9806,27.2533,2.75,29.0,29.1,29.0,no_change,29.0,2026-09-04T10:06:17,10.4762,26.25,229.88,2026-09-04 19:44:26,2026-09-04 15:45:04
NVDA,NVDA271217C00290000,NVDA,2027-12-17,C,290.0,25.8,150.0,26.1,555.0,0.3955,5482.0,213.0,0.4388,0.0038,1.025,-0.0408,0.9519,25.9474,0.775,27.25,27.25,25.95,down,25.95,2026-09-04T14:00:08,3.07845,25.1750001907349,229.88,2026-09-04 19:44:26,2026-09-04 15:45:04
NVDA,NVDA271217C00295000,NVDA,2027-12-17,C,295.0,24.55,109.0,24.85,539.0,0.3954,2038.0,697.0,0.4237,0.0038,1.0182,-0.0406,0.9236,24.688,0.95,25.73,26.3,24.75,up,24.8,2026-09-04T12:10:01,3.98323,23.8499994277954,229.88,2026-09-04 19:44:26,2026-09-04 15:45:04
NVDA,NVDA271217C00300000,NVDA,2027-12-17,C,300.0,23.35,141.0,23.8,564.0,0.396,12592.0,84.0,0.4091,0.0038,1.0103,-0.0403,0.8962,23.4899,0.925,23.3,25.1,23.2,up,23.6,2026-09-04T14:23:38,4.07938,22.6750001907349,229.88,2026-09-04 19:44:26,2026-09-04 15:45:04
NVDA,NVDA271217C00310000,NVDA,2027-12-17,C,310.0,21.1,227.0,21.4,299.0,0.3949,3401.0,1.0,0.3808,0.0037,0.9906,-0.0397,0.841,21.2625,1.29,21.64,21.64,21.64,up,21.64,2026-09-04T11:15:50,6.33907,20.3499994277954,229.88,2026-09-04 19:44:26,2026-09-04 15:45:04
NVDA,NVDA271217C00320000,NVDA,2027-12-17,C,320.0,19.1,222.0,19.45,572.0,0.3951,4951.0,27.0,0.3542,0.0036,0.967,-0.0388,0.7878,19.2646,0.625,20.79,20.79,19.1,down,19.1,2026-09-04T15:27:04,3.38295,18.4750003814697,229.88,2026-09-04 19:44:26,2026-09-04 15:45:04
NVDA,NVDA271217C00330000,NVDA,2027-12-17,C,330.0,17.3,254.0,17.85,589.0,0.3965,4403.0,16.0,0.3289,0.0035,0.9407,-0.0378,0.7374,17.4428,1.175,17.4,18.02,17.4,up,17.7,2026-09-04T11:43:51,7.11044,16.5250005722046,229.88,2026-09-04 19:44:26,2026-09-04 15:45:04
NVDA,NVDA271217C00340000,NVDA,2027-12-17,C,340.0,15.7,180.0,16.15,605.0,0.3965,4915.0,48.0,0.3054,0.0034,0.9115,-0.0367,0.6883,15.8173,0.85,15.75,16.5,15.75,down,15.85,2026-09-04T14:32:28,5.66667,15.0,229.88,2026-09-04 19:44:26,2026-09-04 15:45:04
NVDA,NVDA271217C00350000,NVDA,2027-12-17,C,350.0,14.15,399.0,14.55,604.0,0.3955,9479.0,335.0,0.2836,0.0033,0.8813,-0.0356,0.643,14.3646,0.755,14.2,15.35,14.08,down,14.38,2026-09-04T13:52:20,5.54128,13.625,229.88,2026-09-04 19:44:26,2026-09-04 15:45:04
NVDA,NVDA271217C00360000,NVDA,2027-12-17,C,360.0,12.9,359.0,13.5,616.0,0.398,9922.0,31.0,0.2631,0.0032,0.8496,-0.0344,0.5999,13.0382,0.77,13.85,14.0,13.37,down,13.37,2026-09-04T11:10:30,6.11111,12.5999999046326,229.88,2026-09-04 19:44:26,2026-09-04 15:45:04
NVDA,NVDA271217C00380000,NVDA,2027-12-17,C,380.0,10.55,357.0,10.95,488.0,0.3967,1563.0,12.0,0.2265,0.0029,0.7841,-0.0318,0.5208,10.7934,1.025,11.2,11.5,11.2,down,11.25,2026-09-04T10:49:45,10.0244,10.2250003814697,229.88,2026-09-04 19:44:26,2026-09-04 15:45:04
NVDA,NVDA271217C00390000,NVDA,2027-12-17,C,390.0,9.75,347.0,10.05,469.0,0.3988,4511.0,14.0,0.2102,0.0028,0.7519,-0.0306,0.4856,9.8361,0.875,10.1,10.15,10.1,up,10.15,2026-09-04T13:02:46,9.43396,9.27500009536743,229.88,2026-09-04 19:44:26,2026-09-04 15:45:04
NVDA,NVDA271217C00400000,NVDA,2027-12-17,C,400.0,8.85,383.0,9.15,420.0,0.3991,3263.0,7.0,0.1952,0.0027,0.7192,-0.0293,0.4519,8.9749,0.78,8.93,9.55,8.9,up,9.18,2026-09-04T13:12:03,9.28571,8.40000009536743,229.88,2026-09-04 19:44:26,2026-09-04 15:45:04
NVDA,NVDA271217C00410000,NVDA,2027-12-17,C,410.0,7.9,393.0,8.4,370.0,0.3989,868.0,4.0,0.1813,0.0025,0.6872,-0.028,0.4209,8.2003,0.425,8.2,8.2,8.2,up,8.2,2026-09-04T12:38:27,5.46624,7.77500009536743,229.88,2026-09-04 19:44:26,2026-09-04 15:45:04
NVDA,NVDA271217C00420000,NVDA,2027-12-17,C,420.0,7.35,424.0,7.75,609.0,0.4011,4546.0,11.0,0.1686,0.0024,0.6571,-0.0268,0.3931,7.5106,0.55,7.8,7.8,7.45,up,7.65,2026-09-04T13:27:59,7.74648,7.09999990463257,229.88,2026-09-04 19:44:26,2026-09-04 15:45:04
NVDA,NVDA271217C00430000,NVDA,2027-12-17,C,430.0,6.55,367.0,6.95,94.0,0.3994,589.0,0.0,0.1567,0.0023,0.627,-0.0257,0.3662,6.8776,0.0,0.0,0.0,0.0,down,5.45,2026-09-02T10:07:26,0.0,6.47499990463257,229.88,2026-09-04 19:44:26,2026-09-04 15:45:04
NVDA,NVDA271217C00440000,NVDA,2027-12-17,C,440.0,6.15,313.0,6.4,136.0,0.402,467.0,21.0,0.1457,0.0022,0.5972,-0.0245,0.3409,6.3055,0.5,6.22,6.45,6.22,no_change,6.45,2026-09-04T13:27:34,8.40336,5.95000004768372,229.88,2026-09-04 19:44:26,2026-09-04 15:45:04
NVDA,NVDA271217C00450000,NVDA,2027-12-17,C,450.0,5.6,393.0,5.85,49.0,0.4023,417.0,24.0,0.1356,0.0021,0.5692,-0.0234,0.3183,5.7935,0.55,6.0,6.0,6.0,up,6.0,2026-09-04T13:01:07,10.0917,5.45000004768372,229.88,2026-09-04 19:44:26,2026-09-04 15:45:04
NVDA,NVDA271217C00455000,NVDA,2027-12-17,C,455.0,5.35,519.0,5.7,510.0,0.4035,473.0,84.0,0.1309,0.002,0.5558,-0.0229,0.3077,5.5561,0.45,5.57,5.6,5.5,up,5.6,2026-09-04T12:34:31,8.73786,5.15000009536743,229.88,2026-09-04 19:44:26,2026-09-04 15:45:04
NVDA,NVDA271217C00460000,NVDA,2027-12-17,C,460.0,5.15,487.0,5.4,330.0,0.4035,2002.0,107.0,0.1265,0.002,0.5431,-0.0223,0.2977,5.3364,0.42,5.6,5.7,5.2,up,5.37,2026-09-04T14:06:07,8.48485,4.95000004768372,229.88,2026-09-04 19:44:26,2026-09-04 15:45:04
NVDA,NVDA271217P00005000,NVDA,2027-12-17,P,5.0,0.01,404.0,0.02,139.0,1.1591,30598.0,1.0,-0.0003,0.0,0.0026,-0.0003,-0.0012,0.0314,0.005,0.02,0.02,0.02,up,0.02,2026-09-04T09:30:00,33.3333,0.0149999996647239,229.88,2026-09-04 19:44:26,2026-09-04 15:45:04
NVDA,NVDA271217P00010000,NVDA,2027-12-17,P,10.0,0.02,470.0,0.06,410.0,1.0235,1145.0,30.0,-0.0006,0.0,0.0051,-0.0006,-0.0023,0.0552,-0.02,0.02,0.02,0.02,down,0.02,2026-09-04T09:30:04,-50.0,0.0399999991059303,229.88,2026-09-04 19:44:26,2026-09-04 15:45:04
NVDA,NVDA271217P00015000,NVDA,2027-12-17,P,15.0,0.03,71.0,0.1,266.0,0.9292,24046.0,0.0,-0.0009,0.0,0.0081,-0.0008,-0.0036,0.0819,0.0,0.0,0.0,0.0,up,0.06,2026-09-03T15:55:49,0.0,0.0650000004097819,229.88,2026-09-04 19:44:26,2026-09-04 15:45:04
NVDA,NVDA271217P00020000,NVDA,2027-12-17,P,20.0,0.01,339.0,0.12,358.0,0.8283,2793.0,0.0,-0.0013,0.0,0.0116,-0.001,-0.0052,0.1126,0.0,0.0,0.0,0.0,no_change,0.1,2026-08-31T13:39:56,0.0,0.0649999985471368,229.88,2026-09-04 19:44:26,2026-09-04 15:45:04
NVDA,NVDA271217P00025000,NVDA,2027-12-17,P,25.0,0.05,342.0,0.2,398.0,0.8073,1315.0,0.0,-0.0019,0.0,0.0156,-0.0013,-0.0071,0.1483,0.0,0.0,0.0,0.0,down,0.1,2026-09-01T09:30:05,0.0,0.125000001862645,229.88,2026-09-04 19:44:26,2026-09-04 15:45:04
NVDA,NVDA271217P00030000,NVDA,2027-12-17,P,30.0,0.1,295.0,0.42,488.0,0.8108,977.0,0.0,-0.0025,0.0,0.0203,-0.0016,-0.0094,0.1894,0.0,0.0,0.0,0.0,down,0.16,2026-08-31T14:43:23,0.0,0.254999998956919,229.88,2026-09-04 19:44:26,2026-09-04 15:45:04
NVDA,NVDA271217P00035000,NVDA,2027-12-17,P,35.0,0.1,425.0,0.47,479.0,0.759,2228.0,0.0,-0.0032,0.0,0.0256,-0.0019,-0.0121,0.2365,0.0,0.0,0.0,0.0,down,0.21,2026-08-31T12:30:23,0.0,0.280000004917383,229.88,2026-09-04 19:44:26,2026-09-04 15:45:04
NVDA,NVDA271217P00040000,NVDA,2027-12-17,P,40.0,0.26,102.0,0.41,363.0,0.7218,4718.0,0.0,-0.0041,0.0001,0.0317,-0.0023,-0.0151,0.2903,0.0,0.0,0.0,0.0,no_change,0.31,2026-08-31T15:44:48,0.0,0.425000011920929,229.88,2026-09-04 19:44:26,2026-09-04 15:45:04
NVDA,NVDA271217P00045000,NVDA,2027-12-17,P,45.0,0.35,65.0,0.43,507.0,0.6892,5057.0,1.0,-0.0051,0.0001,0.0385,-0.0026,-0.0186,0.3515,0.035,0.4,0.4,0.4,up,0.4,2026-09-04T10:46:44,9.58904,0.364999987185001,229.88,2026-09-04 19:44:26,2026-09-04 15:45:04
NVDA,NVDA271217P00050000,NVDA,2027-12-17,P,50.0,0.42,62.0,0.47,365.0,0.6589,10052.0,110.0,-0.0062,0.0001,0.0462,-0.0031,-0.0227,0.4206,-0.035,0.49,0.49,0.44,down,0.44,2026-09-04T13:59:54,-7.36842,0.475000008940697,229.88,2026-09-04 19:44:26,2026-09-04 15:45:04
NVDA,NVDA271217P00055000,NVDA,2027-12-17,P,55.0,0.39,617.0,0.54,204.0,0.6239,4071.0,100.0,-0.0075,0.0001,0.0547,-0.0035,-0.0272,0.4985,0.08,0.49,0.49,0.49,up,0.49,2026-09-04T11:19:56,19.5122,0.409999996423721,229.88,2026-09-04 19:44:26,2026-09-04 15:45:04
NVDA,NVDA271217P00060000,NVDA,2027-12-17,P,60.0,0.49,495.0,0.69,501.0,0.6099,17946.0,1.0,-0.009,0.0001,0.064,-0.004,-0.0323,0.5861,-0.08,0.56,0.56,0.56,down,0.56,2026-09-04T09:34:58,-12.5,0.640000000596046,229.88,2026-09-04 19:44:26,2026-09-04 15:45:04
NVDA,NVDA271217P00065000,NVDA,2027-12-17,P,65.0,0.65,74.0,0.78,389.0,0.594,906.0,0.0,-0.0107,0.0002,0.0746,-0.0044,-0.0383,0.6843,0.0,0.0,0.0,0.0,down,0.58,2026-08-27T15:35:17,0.0,0.780000001192093,229.88,2026-09-04 19:44:26,2026-09-04 15:45:04
NVDA,NVDA271217P00070000,NVDA,2027-12-17,P,70.0,0.76,50.0,0.83,50.0,0.572,7963.0,0.0,-0.0126,0.0002,0.086,-0.005,-0.0446,0.7941,0.0,0.0,0.0,0.0,down,0.8,2026-08-31T15:30:28,0.0,0.844999998807907,229.88,2026-09-04 19:44:26,2026-09-04 15:45:04
NVDA,NVDA271217P00075000,NVDA,2027-12-17,P,75.0,0.8,248.0,0.98,268.0,0.5523,10975.0,0.0,-0.0148,0.0003,0.0986,-0.0056,-0.052,0.9174,0.0,0.0,0.0,0.0,down,0.9,2026-09-03T09:31:14,0.0,0.799999982118606,229.88,2026-09-04 19:44:26,2026-09-04 15:45:04
NVDA,NVDA271217P00080000,NVDA,2027-12-17,P,80.0,0.89,542.0,1.08,190.0,0.5331,9026.0,3.0,-0.0173,0.0003,0.1126,-0.0062,-0.0604,1.0552,-0.05,1.01,1.01,1.01,no_change,1.01,2026-09-04T11:04:30,-4.71698,1.06000000238419,229.88,2026-09-04 19:44:26,2026-09-04 15:45:04
NVDA,NVDA271217P00085000,NVDA,2027-12-17,P,85.0,1.14,348.0,1.27,492.0,0.5248,9526.0,478.0,-0.02,0.0004,0.1273,-0.0068,-0.0695,1.2107,0.01,1.1,1.22,1.1,up,1.22,2026-09-04T13:48:11,0.826448,1.20999997854233,229.88,2026-09-04 19:44:26,2026-09-04 15:45:04
NVDA,NVDA271217P00090000,NVDA,2027-12-17,P,90.0,1.34,157.0,1.43,468.0,0.5117,25578.0,34.0,-0.0231,0.0004,0.1441,-0.0075,-0.0798,1.3875,0.015,1.35,1.37,1.33,up,1.37,2026-09-04T13:31:53,1.10701,1.35499995946884,229.88,2026-09-04 19:44:26,2026-09-04 15:45:04
NVDA,NVDA271217P00095000,NVDA,2027-12-17,P,95.0,1.41,466.0,1.61,116.0,0.4946,4319.0,21.0,-0.0267,0.0005,0.1622,-0.0083,-0.0917,1.5904,-0.065,1.51,1.51,1.51,down,1.51,2026-09-04T10:39:56,-4.12698,1.57499998807907,229.88,2026-09-04 19:44:26,2026-09-04 15:45:04
NVDA,NVDA271217P00100000,NVDA,2027-12-17,P,100.0,1.8,36.0,1.85,263.0,0.4886,23765.0,91.0,-0.0308,0.0006,0.1825,-0.0091,-0.1052,1.8262,0.0,1.75,1.81,1.72,down,1.8,2026-09-04T15:27:30,-6.62274e-07,1.80000001192093,229.88,2026-09-04 19:44:26,2026-09-04 15:45:04
NVDA,NVDA271217P00105000,NVDA,2027-12-17,P,105.0,2.06,311.0,2.14,36.0,0.4789,2898.0,23.0,-0.0354,0.0006,0.2049,-0.01,-0.1207,2.1003,-0.2,2.0,2.05,1.98,down,1.98,2026-09-04T10:41:05,-9.17431,2.17999994754791,229.88,2026-09-04 19:44:26,2026-09-04 15:45:04
NVDA,NVDA271217P00110000,NVDA,2027-12-17,P,110.0,2.39,76.0,2.47,46.0,0.4705,12120.0,41.0,-0.0407,0.0007,0.229,-0.0111,-0.1379,2.4212,-0.045,2.33,2.43,2.3,up,2.4,2026-09-04T15:16:40,-1.84049,2.4449999332428,229.88,2026-09-04 19:44:26,2026-09-04 15:45:04
NVDA,NVDA271217P00115000,NVDA,2027-12-17,P,115.0,2.76,73.0,2.88,476.0,0.4635,6356.0,41.0,-0.0467,0.0008,0.2561,-0.0122,-0.158,2.7942,0.03,2.62,2.83,2.62,up,2.82,2026-09-04T15:16:40,1.07527,2.78999996185303,229.88,2026-09-04 19:44:26,2026-09-04 15:45:04
NVDA,NVDA271217P00120000,NVDA,2027-12-17,P,120.0,3.05,471.0,3.3,483.0,0.4539,18034.0,13.0,-0.0535,0.0009,0.285,-0.0134,-0.1805,3.2253,0.0,3.1,3.2,3.1,up,3.2,2026-09-04T13:21:23,2.23517e-06,3.19999992847443,229.88,2026-09-04 19:44:26,2026-09-04 15:45:04
NVDA,NVDA271217P00125000,NVDA,2027-12-17,P,125.0,3.5,469.0,3.8,280.0,0.4474,9487.0,9.0,-0.0611,0.001,0.3159,-0.0147,-0.2048,3.7232,0.18,3.65,3.73,3.42,up,3.73,2026-09-04T13:50:38,5.07042,3.54999995231628,229.88,2026-09-04 19:44:26,2026-09-04 15:45:04
NVDA,NVDA271217P00130000,NVDA,2027-12-17,P,130.0,4.1,479.0,4.35,116.0,0.4426,5069.0,241.0,-0.0695,0.0012,0.3488,-0.0161,-0.2324,4.2909,-0.15,4.0,4.1,4.0,no_change,4.1,2026-09-04T11:12:12,-3.52941,4.25,229.88,2026-09-04 19:44:26,2026-09-04 15:45:04
NVDA,NVDA271217P00135000,NVDA,2027-12-17,P,135.0,4.9,140.0,5.05,485.0,0.441,4544.0,30.0,-0.0788,0.0013,0.3842,-0.0175,-0.2628,4.9338,0.025,4.6,4.9,4.6,up,4.9,2026-09-04T14:17:32,0.512821,4.875,229.88,2026-09-04 19:44:26,2026-09-04 15:45:04
NVDA,NVDA271217P00140000,NVDA,2027-12-17,P,140.0,5.5,478.0,5.75,260.0,0.435,16141.0,37.0,-0.089,0.0014,0.4202,-0.019,-0.2954,5.6594,0.045,5.3,5.68,5.26,down,5.67,2026-09-04T15:07:24,0.8,5.625,229.88,2026-09-04 19:44:26,2026-09-04 15:45:04
NVDA,NVDA271217P00145000,NVDA,2027-12-17,P,145.0,6.35,487.0,6.6,401.0,0.4323,1849.0,16.0,-0.0999,0.0016,0.4563,-0.0206,-0.3311,6.4684,-0.325,6.1,6.1,6.05,down,6.05,2026-09-04T10:19:16,-5.09804,6.375,229.88,2026-09-04 19:44:26,2026-09-04 15:45:04
NVDA,NVDA271217P00150000,NVDA,2027-12-17,P,150.0,7.3,278.0,7.5,497.0,0.4296,16898.0,29.0,-0.1117,0.0017,0.4955,-0.0222,-0.3687,7.3623,0.15,7.0,7.4,6.9,no_change,7.4,2026-09-04T15:26:39,2.06897,7.25,229.88,2026-09-04 19:44:26,2026-09-04 15:45:04
NVDA,NVDA271217P00155000,NVDA,2027-12-17,P,155.0,8.25,494.0,8.45,238.0,0.4259,4484.0,32.0,-0.1243,0.0019,0.534,-0.0238,-0.4079,8.3483,-0.45,7.82,7.85,7.75,no_change,7.85,2026-09-04T10:45:15,-5.42169,8.30000019073486,229.88,2026-09-04 19:44:26,2026-09-04 15:45:04
NVDA,NVDA271217P00160000,NVDA,2027-12-17,P,160.0,9.25,593.0,9.55,447.0,0.4226,5114.0,17.0,-0.1377,0.002,0.5713,-0.0254,-0.451,9.4341,-0.3,9.11,9.11,8.86,down,9.0,2026-09-04T11:01:53,-3.22581,9.30000019073486,229.88,2026-09-04 19:44:26,2026-09-04 15:45:04
NVDA,NVDA271217P00165000,NVDA,2027-12-17,P,165.0,10.6,353.0,10.7,172.0,0.4213,3980.0,29.0,-0.1519,0.0022,0.6107,-0.027,-0.4973,10.6128,-0.02,10.1,10.6,9.9,no_change,10.58,2026-09-04T14:40:04,-0.188678,10.5999999046326,229.88,2026-09-04 19:44:26,2026-09-04 15:45:04
NVDA,NVDA271217P00170000,NVDA,2027-12-17,P,170.0,11.8,602.0,12.0,199.0,0.4185,7799.0,101.0,-0.1668,0.0024,0.6487,-0.0285,-0.5402,11.897,0.05,11.52,11.85,11.2,no_change,11.85,2026-09-04T14:51:00,0.423731,11.7999997138977,229.88,2026-09-04 19:44:26,2026-09-04 15:45:04
NVDA,NVDA271217P00175000,NVDA,2027-12-17,P,175.0,13.15,612.0,13.4,230.0,0.4164,3806.0,30.0,-0.1823,0.0025,0.6847,-0.0301,-0.5877,13.277,0.0,12.57,13.3,12.45,up,13.25,2026-09-04T15:08:20,0.0,13.25,229.88,2026-09-04 19:44:26,2026-09-04 15:45:04
NVDA,NVDA271217P00180000,NVDA,2027-12-17,P,180.0,14.7,609.0,14.9,367.0,0.415,4409.0,35.0,-0.1985,0.0027,0.7216,-0.0316,-0.639,14.7644,0.055,14.0,14.71,13.95,down,14.68,2026-09-04T14:52:36,0.376068,14.625,229.88,2026-09-04 19:44:26,2026-09-04 15:45:04
NVDA,NVDA271217P00185000,NVDA,2027-12-17,P,185.0,16.35,110.0,16.5,301.0,0.4132,2866.0,19.0,-0.2154,0.0028,0.7558,-0.033,-0.6856,16.3637,0.12,15.44,16.32,15.34,up,16.32,2026-09-04T15:20:36,0.740739,16.2000002861023,229.88,2026-09-04 19:44:26,2026-09-04 15:45:04
NVDA,NVDA271217P00190000,NVDA,2027-12-17,P,190.0,17.95,607.0,18.25,434.0,0.4116,4327.0,226.0,-0.2327,0.003,0.7888,-0.0344,-0.7367,18.0603,0.1,17.2,18.0,17.05,no_change,18.0,2026-09-04T15:03:31,0.558661,17.8999996185303,229.88,2026-09-04 19:44:26,2026-09-04 15:45:04
NVDA,NVDA271217P00195000,NVDA,2027-12-17,P,195.0,19.85,102.0,20.0,196.0,0.4096,3108.0,114.0,-0.2506,0.0031,0.8204,-0.0358,-0.7906,19.8716,-0.015,19.05,19.81,18.7,up,19.81,2026-09-04T13:56:32,-0.0756659,19.8250007629395,229.88,2026-09-04 19:44:26,2026-09-04 15:45:04
NVDA,NVDA271217P00200000,NVDA,2027-12-17,P,200.0,21.65,605.0,21.95,357.0,0.4084,6777.0,216.0,-0.2688,0.0033,0.8498,-0.037,-0.8368,21.7791,-0.03,20.7,21.64,20.45,no_change,21.62,2026-09-04T14:55:26,-0.138571,21.6500005722046,229.88,2026-09-04 19:44:26,2026-09-04 15:45:04
NVDA,NVDA271217P00205000,NVDA,2027-12-17,P,205.0,23.75,143.0,23.85,1.0,0.4067,1588.0,11.0,-0.2876,0.0034,0.8776,-0.0382,-0.8918,23.8095,-0.45,22.95,23.2,22.95,up,23.2,2026-09-04T12:48:05,-1.90275,23.6499996185303,229.88,2026-09-04 19:44:26,2026-09-04 15:45:04
NVDA,NVDA271217P00210000,NVDA,2027-12-17,P,210.0,25.9,80.0,26.2,602.0,0.4069,3238.0,52.0,-0.3066,0.0035,0.9028,-0.0393,-0.9383,25.9376,0.025,24.5,25.86,24.35,down,25.8,2026-09-04T14:12:18,0.096991,25.7750005722046,229.88,2026-09-04 19:44:26,2026-09-04 15:45:04
NVDA,NVDA271217P00215000,NVDA,2027-12-17,P,215.0,28.1,215.0,28.3,188.0,0.4047,3296.0,60.0,-0.3259,0.0037,0.9254,-0.0403,-0.9899,28.1809,0.03,27.55,28.03,26.5,up,28.03,2026-09-04T13:46:41,0.107143,28.0,229.88,2026-09-04 19:44:26,2026-09-04 15:45:04
NVDA,NVDA271217P00220000,NVDA,2027-12-17,P,220.0,30.3,581.0,30.6,71.0,0.4027,4916.0,194.0,-0.3454,0.0038,0.9454,-0.0412,-1.0385,30.523,0.05,29.7,30.42,28.88,no_change,30.4,2026-09-04T15:13:18,0.164743,30.3500003814697,229.88,2026-09-04 19:44:26,2026-09-04 15:45:04
NVDA,NVDA271217P00225000,NVDA,2027-12-17,P,225.0,32.9,98.0,33.4,506.0,0.4042,1189.0,56.0,-0.3652,0.0039,0.9626,-0.0421,-1.08,32.9818,-0.15,32.35,32.8,31.1,down,32.65,2026-09-04T14:57:52,-0.457315,32.7999992370606,229.88,2026-09-04 19:44:26,2026-09-04 15:45:04
NVDA,NVDA271217P00230000,NVDA,2027-12-17,P,230.0,35.05,582.0,35.65,233.0,0.3997,1966.0,128.0,-0.3851,0.004,0.9781,-0.0428,-1.1356,35.5341,-0.075,34.06,35.4,33.5,up,35.4,2026-09-04T15:08:13,-0.211418,35.4750003814697,229.88,2026-09-04 19:44:26,2026-09-04 15:45:04
NVDA,NVDA271217P00235000,NVDA,2027-12-17,P,235.0,37.7,580.0,38.7,589.0,0.4008,335.0,21.0,-0.4051,0.0041,0.9896,-0.0435,-1.1712,38.1904,-0.145,37.35,38.08,36.48,no_change,38.08,2026-09-04T14:37:36,-0.379329,38.2249984741211,229.88,2026-09-04 19:44:26,2026-09-04 15:45:04
NVDA,NVDA271217P00240000,NVDA,2027-12-17,P,240.0,40.85,159.0,41.05,450.0,0.3998,5805.0,109.0,-0.4252,0.0042,0.9998,-0.044,-1.2195,40.9644,0.0,38.87,40.7,38.87,up,40.7,2026-09-04T15:16:03,-1.87454e-06,40.7000007629394,229.88,2026-09-04 19:44:26,2026-09-04 15:45:04
NVDA,NVDA271217P00245000,NVDA,2027-12-17,P,245.0,43.25,568.0,43.9,126.0,0.3967,379.0,10.0,-0.4454,0.0042,1.0053,-0.0445,-1.249,43.8344,-1.3,42.05,42.05,42.05,down,42.05,2026-09-04T10:51:07,-2.99885,43.3500003814697,229.88,2026-09-04 19:44:26,2026-09-04 15:45:04
NVDA,NVDA271217P00250000,NVDA,2027-12-17,P,250.0,46.6,201.0,46.85,132.0,0.3981,1571.0,9.0,-0.4652,0.0043,1.0114,-0.0449,-1.2939,46.7855,-0.175,45.02,46.75,44.6,up,46.75,2026-09-04T14:32:11,-0.372938,46.9250011444092,229.88,2026-09-04 19:44:26,2026-09-04 15:45:04
NVDA,NVDA271217P00255000,NVDA,2027-12-17,P,255.0,49.65,153.0,49.95,23.0,0.3978,784.0,0.0,-0.4854,0.0044,1.0106,-0.0452,-1.3198,49.8572,0.0,0.0,0.0,0.0,no_change,49.35,2026-09-03T14:38:28,0.0,49.6749992370606,229.88,2026-09-04 19:44:26,2026-09-04 15:45:04
NVDA,NVDA271217P00260000,NVDA,2027-12-17,P,260.0,52.4,552.0,53.05,152.0,0.3948,3077.0,27.0,-0.5052,0.0044,1.0111,-0.0454,-1.3566,53.0094,-0.475,50.75,52.64,50.66,up,52.6,2026-09-04T15:02:03,-0.894961,53.0750007629394,229.88,2026-09-04 19:44:26,2026-09-04 15:45:04
NVDA,NVDA271217P00265000,NVDA,2027-12-17,P,265.0,55.45,423.0,56.35,169.0,0.3935,52.0,0.0,-0.525,0.0045,1.0048,-0.0456,-1.3744,56.2607,0.0,0.0,0.0,0.0,down,56.75,2026-09-03T13:07:10,0.0,56.3250007629394,229.88,2026-09-04 19:44:26,2026-09-04 15:45:04
NVDA,NVDA271217P00270000,NVDA,2027-12-17,P,270.0,59.25,393.0,59.65,393.0,0.3953,1856.0,7.0,-0.5446,0.0046,1.0011,-0.0457,-1.4074,59.5879,-1.125,57.25,58.25,57.15,up,58.25,2026-09-04T11:30:46,-1.89474,59.375,229.88,2026-09-04 19:44:26,2026-09-04 15:45:04
NVDA,NVDA271217P00275000,NVDA,2027-12-17,P,275.0,61.8,474.0,63.85,469.0,0.3943,70.0,0.0,-0.5642,0.0046,0.9885,-0.0457,-1.4126,63.0205,0.0,0.0,0.0,0.0,up,65.5,2026-09-02T15:51:19,0.0,63.1500015258789,229.88,2026-09-04 19:44:26,2026-09-04 15:45:04
NVDA,NVDA271217P00280000,NVDA,2027-12-17,P,280.0,66.1,290.0,66.6,117.0,0.3942,781.0,0.0,-0.5833,0.0046,0.9815,-0.0456,-1.4408,66.527,0.0,0.0,0.0,0.0,up,68.8,2026-09-02T14:53:21,0.0,66.25,229.88,2026-09-04 19:44:26,2026-09-04 15:45:04
NVDA,NVDA271217P00285000,NVDA,2027-12-17,P,285.0,69.75,146.0,70.2,77.0,0.3941,52.0,0.0,-0.6024,0.0046,0.9642,-0.0455,-1.4334,70.1321,0.0,0.0,0.0,0.0,down,70.15,2026-08-27T13:15:46,0.0,69.9749984741211,229.88,2026-09-04 19:44:26,2026-09-04 15:45:04
NVDA,NVDA271217P00290000,NVDA,2027-12-17,P,290.0,73.4,168.0,73.85,77.0,0.3937,1010.0,0.0,-0.6212,0.0047,0.9488,-0.0454,-1.4495,73.7994,0.0,0.0,0.0,0.0,up,73.9,2026-08-27T13:15:08,0.0,73.7750015258789,229.88,2026-09-04 19:44:26,2026-09-04 15:45:04
NVDA,NVDA271217P00295000,NVDA,2027-12-17,P,295.0,76.7,395.0,78.35,480.0,0.3949,602.0,0.0,-0.6399,0.0047,0.9284,-0.0453,-1.4356,77.5654,0.0,0.0,0.0,0.0,down,78.3,2026-09-03T13:07:03,0.0,77.3250007629394,229.88,2026-09-04 19:44:26,2026-09-04 15:45:04
NVDA,NVDA271217P00300000,NVDA,2027-12-17,P,300.0,81.0,142.0,81.4,262.0,0.3931,1466.0,20.0,-0.6582,0.0047,0.9108,-0.045,-1.4578,81.3887,-1.2,80.4,80.4,80.4,no_change,80.4,2026-09-04T09:31:30,-1.47059,81.6000022888184,229.88,2026-09-04 19:44:26,2026-09-04 15:45:04
NVDA,NVDA271217P00310000,NVDA,2027-12-17,P,310.0,87.95,402.0,90.05,390.0,0.3918,3294.0,0.0,-0.694,0.0048,0.862,-0.0445,-1.4167,89.2746,0.0,0.0,0.0,0.0,down,95.81,2026-08-31T15:28:58,0.0,89.4500007629394,229.88,2026-09-04 19:44:26,2026-09-04 15:45:04
NVDA,NVDA271217P00320000,NVDA,2027-12-17,P,320.0,96.8,246.0,97.45,24.0,0.391,3073.0,0.0,-0.7289,0.0048,0.8025,-0.0439,-1.3675,97.4367,0.0,0.0,0.0,0.0,no_change,114.8,2026-08-04T11:30:42,0.0,97.375,229.88,2026-09-04 19:44:26,2026-09-04 15:45:04
NVDA,NVDA271217P00330000,NVDA,2027-12-17,P,330.0,104.65,332.0,106.6,352.0,0.3922,2648.0,0.0,-0.7627,0.0048,0.7478,-0.0432,-1.3053,105.8318,0.0,0.0,0.0,0.0,down,106.9,2026-09-03T13:26:54,0.0,105.024997711182,229.88,2026-09-04 19:44:26,2026-09-04 15:45:04
NVDA,NVDA271217P00340000,NVDA,2027-12-17,P,340.0,112.7,267.0,115.3,138.0,0.3876,3815.0,0.0,-0.795,0.0048,0.6776,-0.0423,-1.2112,114.4962,0.0,0.0,0.0,0.0,down,114.35,2026-08-27T13:14:08,0.0,113.724998474121,229.88,2026-09-04 19:44:26,2026-09-04 15:45:04
NVDA,NVDA271217P00350000,NVDA,2027-12-17,P,350.0,122.2,120.0,123.45,5.0,0.386,562.0,1.0,-0.8261,0.0047,0.601,-0.0413,-1.1522,123.3796,-2.5,121.0,121.0,121.0,down,121.0,2026-09-04T10:58:13,-2.02429,123.5,229.88,2026-09-04 19:44:26,2026-09-04 15:45:04
NVDA,NVDA271217P00360000,NVDA,2027-12-17,P,360.0,131.75,6.0,134.35,293.0,0.4075,176.0,0.0,-0.8561,0.0046,0.511,-0.0412,-0.9756,132.4646,0.0,0.0,0.0,0.0,up,133.81,2026-09-03T13:27:37,0.0,132.974998474121,229.88,2026-09-04 19:44:26,2026-09-04 15:45:04
NVDA,NVDA271217P00380000,NVDA,2027-12-17,P,380.0,149.05,109.0,152.1,61.0,0.3748,64.0,0.0,-0.9075,0.0041,0.3515,-0.0377,-0.7178,151.1756,0.0,0.0,0.0,0.0,down,150.68,2026-09-03T14:11:14,0.0,151.0,229.88,2026-09-04 19:44:26,2026-09-04 15:45:04
NVDA,NVDA271217P00390000,NVDA,2027-12-17,P,390.0,160.05,7.0,162.1,83.0,0.4092,0.0,0.0,-0.9296,0.0036,0.2581,-0.0317,-0.518,160.7764,0.0,0.0,0.0,0.0,up,172.8,2026-09-01T10:04:16,0.0,160.675003051758,229.88,2026-09-04 19:44:26,2026-09-04 15:45:04
NVDA,NVDA271217P00400000,NVDA,2027-12-17,P,400.0,168.85,72.0,171.5,35.0,0.3755,20.0,0.0,-0.9487,0.0032,0.2204,-0.0232,-0.4604,170.4758,0.0,0.0,0.0,0.0,down,180.8,2026-09-01T12:21:55,0.0,170.799995422363,229.88,2026-09-04 19:44:26,2026-09-04 15:45:04
NVDA,NVDA271217P00410000,NVDA,2027-12-17,P,410.0,178.8,67.0,181.5,42.0,0.3846,0.0,0.0,-0.9644,0.0027,0.1461,-0.0147,-0.2242,180.2745,0.0,0.0,0.0,0.0,down,202.26,2026-06-18T09:49:44,0.0,181.049995422363,229.88,2026-09-04 19:44:26,2026-09-04 15:45:04
NVDA,NVDA271217P00420000,NVDA,2027-12-17,P,420.0,188.75,94.0,191.45,40.0,0.0,0.0,0.0,-0.9765,0.0021,0.0872,-0.0004,-0.1461,190.1675,0.0,0.0,0.0,0.0,up,204.6,2026-05-22T14:48:12,0.0,191.074996948242,229.88,2026-09-04 19:44:26,2026-09-04 15:45:04
NVDA,NVDA271217P00430000,NVDA,2027-12-17,P,430.0,198.8,63.0,201.3,34.0,0.0,0.0,0.0,-0.9851,0.0015,0.0531,0.0,0.0,200.105,0.0,0.0,0.0,0.0,no_change,0.0,,0.0,200.75,229.88,2026-09-04 19:44:26,2026-09-04 15:45:04
NVDA,NVDA271217P00440000,NVDA,2027-12-17,P,440.0,208.75,56.0,211.4,35.0,0.0,0.0,0.0,-0.9922,0.0008,0.0,0.0,0.0,210.105,0.0,0.0,0.0,0.0,no_change,0.0,,0.0,210.875,229.88,2026-09-04 19:44:26,2026-09-04 15:45:04
NVDA,NVDA271217P00450000,NVDA,2027-12-17,P,450.0,218.75,61.0,221.4,34.0,0.0,0.0,0.0,-0.9961,0.0004,0.0,0.0,0.0,220.105,0.0,0.0,0.0,0.0,up,243.7,2026-07-21T11:24:04,0.0,220.875,229.88,2026-09-04 19:44:26,2026-09-04 15:45:04
NVDA,NVDA271217P00455000,NVDA,2027-12-17,P,455.0,223.75,59.0,226.35,31.0,0.0,0.0,0.0,-0.9976,0.0002,0.0,0.0,0.0,225.105,0.0,0.0,0.0,0.0,no_change,0.0,,0.0,225.849998474121,229.88,2026-09-04 19:44:26,2026-09-04 15:45:04
NVDA,NVDA271217P00460000,NVDA,2027-12-17,P,460.0,228.75,59.0,231.35,10.0,0.0,0.0,0.0,-0.9986,0.0001,0.0,0.0,0.0,230.105,0.0,0.0,0.0,0.0,no_change,0.0,,0.0,230.900001525879,229.88,2026-09-04 19:44:26,2026-09-04 15:45:04
NVDA,NVDA280121C00005000,NVDA,2028-01-21,C,5.0,220.95,31.0,228.95,177.0,0.0,1422.0,0.0,1.0,0.0,0.0024,0.0,0.0352,225.3784,0.0,0.0,0.0,0.0,down,215.0,2026-08-18T15:49:32,0.0,223.974998474121,229.88,2026-09-04 19:44:26,2026-09-04 15:45:04
NVDA,NVDA280121C00010000,NVDA,2028-01-21,C,10.0,216.15,31.0,223.35,2.0,0.0,296.0,0.0,1.0,0.0,0.0036,0.0,0.0834,220.5107,0.0,0.0,0.0,0.0,down,200.1,2026-08-26T14:57:14,0.0,219.149993896484,229.88,2026-09-04 19:44:26,2026-09-04 15:45:04
NVDA,NVDA280121C00015000,NVDA,2028-01-21,C,15.0,211.4,31.0,219.4,8.0,0.0,114.0,0.0,1.0,0.0,0.0074,0.0,0.1521,215.7194,0.0,0.0,0.0,0.0,up,210.0,2026-08-27T10:01:25,0.0,214.424995422363,229.88,2026-09-04 19:44:26,2026-09-04 15:45:04
NVDA,NVDA280121C00020000,NVDA,2028-01-21,C,20.0,206.75,91.0,214.7,8.0,0.0,3090.0,0.0,1.0,0.0,0.0121,0.0,0.2257,210.9928,0.0,0.0,0.0,0.0,down,201.41,2026-08-31T15:57:57,0.0,209.724998474121,229.88,2026-09-04 19:44:26,2026-09-04 15:45:04
NVDA,NVDA280121C00025000,NVDA,2028-01-21,C,25.0,202.05,32.0,210.05,32.0,0.0,809.0,0.0,1.0,0.0,0.0165,0.0,0.2991,206.3039,0.0,0.0,0.0,0.0,up,193.66,2026-08-28T14:50:04,0.0,205.075004577637,229.88,2026-09-04 19:44:26,2026-09-04 15:45:04
NVDA,NVDA280121C00030000,NVDA,2028-01-21,C,30.0,197.4,33.0,205.4,8.0,0.0,503.0,0.0,1.0,0.0,0.0221,0.0,0.3608,201.6311,0.0,0.0,0.0,0.0,up,191.83,2026-08-18T12:20:51,0.0,200.399993896484,229.88,2026-09-04 19:44:26,2026-09-04 15:45:04
NVDA,NVDA280121C00035000,NVDA,2028-01-21,C,35.0,192.75,34.0,200.75,165.0,0.5888,498.0,0.0,1.0,0.0,0.0282,0.0,0.4285,196.9701,0.0,0.0,0.0,0.0,up,196.44,2026-09-03T14:38:07,0.0,195.75,229.88,2026-09-04 19:44:26,2026-09-04 15:45:04
NVDA,NVDA280121C00040000,NVDA,2028-01-21,C,40.0,188.1,35.0,196.1,218.0,0.5983,248.0,0.0,1.0,0.0001,0.0349,0.0,0.504,192.3254,0.0,0.0,0.0,0.0,up,191.19,2026-09-03T14:47:58,0.0,190.75,229.88,2026-09-04 19:44:26,2026-09-04 15:45:04
NVDA,NVDA280121C00045000,NVDA,2028-01-21,C,45.0,183.5,35.0,191.45,208.0,0.5954,141.0,0.0,1.0,0.0001,0.0424,0.0,0.5714,187.6996,0.0,0.0,0.0,0.0,up,186.35,2026-09-03T14:42:18,0.0,186.474998474121,229.88,2026-09-04 19:44:26,2026-09-04 15:45:04
NVDA,NVDA280121C00050000,NVDA,2028-01-21,C,50.0,179.05,125.0,186.85,250.0,0.6116,433.0,1.0,0.9992,0.0001,0.0507,0.0,0.6313,183.0835,2.095,183.97,183.97,183.97,up,183.97,2026-09-04T12:08:47,1.15189,181.875,229.88,2026-09-04 19:44:26,2026-09-04 15:45:04
NVDA,NVDA280121C00055000,NVDA,2028-01-21,C,55.0,174.25,37.0,182.25,208.0,0.5736,334.0,0.0,0.9978,0.0001,0.0599,0.0,0.6906,178.4767,0.0,0.0,0.0,0.0,up,178.13,2026-09-03T13:42:37,0.0,177.199996948242,229.88,2026-09-04 19:44:26,2026-09-04 15:45:04
NVDA,NVDA280121C00060000,NVDA,2028-01-21,C,60.0,169.65,38.0,177.65,224.0,0.5604,233.0,0.0,0.9962,0.0002,0.0701,0.0,0.749,173.8801,0.0,0.0,0.0,0.0,down,173.4,2026-09-03T14:26:47,0.0,172.649993896484,229.88,2026-09-04 19:44:26,2026-09-04 15:45:04
NVDA,NVDA280121C00065000,NVDA,2028-01-21,C,65.0,165.1,38.0,173.05,240.0,0.5494,649.0,0.0,0.9944,0.0002,0.0814,0.0,0.8067,169.2948,0.0,0.0,0.0,0.0,down,168.85,2026-09-03T14:26:45,0.0,168.175003051758,229.88,2026-09-04 19:44:26,2026-09-04 15:45:04
NVDA,NVDA280121C00070000,NVDA,2028-01-21,C,70.0,160.7,305.0,168.45,224.0,0.5459,371.0,2.0,0.9924,0.0002,0.0935,0.0,0.8636,164.7219,1.48,165.73,165.73,165.73,up,165.73,2026-09-04T13:28:21,0.901065,164.25,229.88,2026-09-04 19:44:26,2026-09-04 15:45:04
NVDA,NVDA280121C00075000,NVDA,2028-01-21,C,75.0,156.15,301.0,163.9,214.0,0.533,367.0,0.0,0.9902,0.0003,0.1069,0.0,0.9194,160.1627,0.0,0.0,0.0,0.0,down,154.95,2026-08-14T14:57:52,0.0,159.674995422363,229.88,2026-09-04 19:44:26,2026-09-04 15:45:04
NVDA,NVDA280121C00080000,NVDA,2028-01-21,C,80.0,152.15,352.0,158.35,264.0,0.4971,798.0,0.0,0.9877,0.0003,0.1217,0.0,0.9741,155.6192,0.0,0.0,0.0,0.0,down,144.03,2026-08-31T11:42:41,0.0,154.575004577637,229.88,2026-09-04 19:44:26,2026-09-04 15:45:04
NVDA,NVDA280121C00085000,NVDA,2028-01-21,C,85.0,148.65,258.0,154.85,261.0,0.5614,426.0,0.0,0.9848,0.0004,0.1376,0.0,1.0276,151.0993,0.0,0.0,0.0,0.0,up,148.47,2026-09-03T09:43:16,0.0,149.0,229.88,2026-09-04 19:44:26,2026-09-04 15:45:04
NVDA,NVDA280121C00090000,NVDA,2028-01-21,C,90.0,144.7,371.0,150.15,308.0,0.5538,1890.0,0.0,0.9816,0.0004,0.155,0.0,1.0797,146.5976,0.0,0.0,0.0,0.0,no_change,141.5,2026-08-27T10:02:41,0.0,145.125,229.88,2026-09-04 19:44:26,2026-09-04 15:45:04
NVDA,NVDA280121C00095000,NVDA,2028-01-21,C,95.0,141.1,47.0,144.2,262.0,0.5227,202.0,0.0,0.978,0.0005,0.1744,0.0,1.13,142.1187,0.0,0.0,0.0,0.0,up,141.61,2026-08-27T13:10:58,0.0,140.825004577637,229.88,2026-09-04 19:44:26,2026-09-04 15:45:04
NVDA,NVDA280121C00100000,NVDA,2028-01-21,C,100.0,137.2,1.0,139.2,193.0,0.5086,3194.0,4.0,0.9738,0.0006,0.1957,0.0,1.178,137.6853,0.33,137.7,137.73,137.6,up,137.73,2026-09-04T14:15:50,0.240174,137.400001525879,229.88,2026-09-04 19:44:26,2026-09-04 15:45:04
NVDA,NVDA280121C00105000,NVDA,2028-01-21,C,105.0,132.7,10.0,135.1,265.0,0.5011,1012.0,0.0,0.9691,0.0006,0.2188,0.0,1.224,133.2817,0.0,0.0,0.0,0.0,no_change,131.03,2026-09-03T12:15:42,0.0,133.199996948242,229.88,2026-09-04 19:44:26,2026-09-04 15:45:04
NVDA,NVDA280121C00110000,NVDA,2028-01-21,C,110.0,127.4,237.0,130.2,231.0,0.4599,678.0,1.0,0.9638,0.0007,0.2444,0.0,1.2672,128.9369,4.3,132.95,132.95,132.95,up,132.95,2026-09-04T10:19:50,3.3424,128.650001525879,229.88,2026-09-04 19:44:26,2026-09-04 15:45:04
NVDA,NVDA280121C00115000,NVDA,2028-01-21,C,115.0,123.65,64.0,128.45,279.0,0.5067,1211.0,0.0,0.9577,0.0008,0.2722,-0.001,1.3072,124.6403,0.0,0.0,0.0,0.0,down,120.35,2026-09-02T12:53:08,0.0,123.975002288818,229.88,2026-09-04 19:44:26,2026-09-04 15:45:04
NVDA,NVDA280121C00120000,NVDA,2028-01-21,C,120.0,119.5,122.0,121.8,271.0,0.4604,1920.0,15.0,0.951,0.0009,0.3017,-0.0026,1.3446,120.397,1.625,123.7,123.7,120.85,no_change,121.0,2026-09-04T14:01:49,1.36126,119.375,229.88,2026-09-04 19:44:26,2026-09-04 15:45:04
NVDA,NVDA280121C00125000,NVDA,2028-01-21,C,125.0,115.4,55.0,117.6,269.0,0.4547,601.0,0.0,0.9435,0.001,0.3335,-0.0042,1.3786,116.2242,0.0,0.0,0.0,0.0,up,111.77,2026-09-02T12:52:36,0.0,115.674999237061,229.88,2026-09-04 19:44:26,2026-09-04 15:45:04
NVDA,NVDA280121C00130000,NVDA,2028-01-21,C,130.0,111.1,382.0,112.95,331.0,0.4388,2333.0,3.0,0.9352,0.0011,0.3671,-0.0058,1.4089,112.1215,0.925,115.91,115.91,112.0,up,112.5,2026-09-04T14:32:22,0.829038,111.575000762939,229.88,2026-09-04 19:44:26,2026-09-04 15:45:04
NVDA,NVDA280121C00135000,NVDA,2028-01-21,C,135.0,107.1,366.0,109.5,487.0,0.4422,814.0,17.0,0.9262,0.0013,0.4017,-0.0076,1.4362,108.0996,0.195,111.04,111.04,106.97,down,106.97,2026-09-04T13:41:44,0.182626,106.775001525879,229.88,2026-09-04 19:44:26,2026-09-04 15:45:04
NVDA,NVDA280121C00140000,NVDA,2028-01-21,C,140.0,103.75,149.0,104.35,161.0,0.431,3980.0,12.0,0.9164,0.0014,0.4381,-0.0093,1.4598,104.1485,1.295,104.33,104.57,104.27,down,104.27,2026-09-04T14:23:38,1.25759,102.974998474121,229.88,2026-09-04 19:44:26,2026-09-04 15:45:04
NVDA,NVDA280121C00145000,NVDA,2028-01-21,C,145.0,99.9,10.0,100.35,3.0,0.4265,1531.0,0.0,0.9059,0.0015,0.4754,-0.0111,1.4796,100.2795,0.0,0.0,0.0,0.0,up,99.7,2026-09-03T14:53:02,0.0,98.9000015258789,229.88,2026-09-04 19:44:26,2026-09-04 15:45:04
NVDA,NVDA280121C00150000,NVDA,2028-01-21,C,150.0,95.0,375.0,96.9,353.0,0.4278,5813.0,116.0,0.8946,0.0016,0.5128,-0.0129,1.4965,96.4949,0.98,98.0,100.5,96.33,down,96.33,2026-09-04T15:28:34,1.02779,95.3500022888184,229.88,2026-09-04 19:44:26,2026-09-04 15:45:04
NVDA,NVDA280121C00155000,NVDA,2028-01-21,C,155.0,92.25,321.0,93.2,344.0,0.4226,972.0,9.0,0.8827,0.0018,0.5511,-0.0147,1.5097,92.797,1.735,96.19,96.19,93.45,up,93.46,2026-09-04T12:26:30,1.89153,91.7249984741211,229.88,2026-09-04 19:44:26,2026-09-04 15:45:04
NVDA,NVDA280121C00160000,NVDA,2028-01-21,C,160.0,88.5,356.0,89.7,363.0,0.4198,2099.0,18.0,0.8701,0.0019,0.5895,-0.0165,1.5191,89.1895,1.325,89.0,93.0,89.0,down,89.4,2026-09-04T14:32:30,1.5044,88.0750007629394,229.88,2026-09-04 19:44:26,2026-09-04 15:45:04
NVDA,NVDA280121C00165000,NVDA,2028-01-21,C,165.0,85.4,10.0,86.45,359.0,0.423,1277.0,23.0,0.8568,0.0021,0.6272,-0.0183,1.5261,85.6738,1.925,85.5,89.33,85.5,down,86.35,2026-09-04T13:18:14,2.28013,84.4250030517578,229.88,2026-09-04 19:44:26,2026-09-04 15:45:04
NVDA,NVDA280121C00170000,NVDA,2028-01-21,C,170.0,80.65,526.0,82.6,145.0,0.4073,3634.0,40.0,0.843,0.0022,0.6647,-0.0201,1.5296,82.2506,1.02,84.63,86.0,82.27,down,82.27,2026-09-04T15:18:10,1.25538,81.25,229.88,2026-09-04 19:44:26,2026-09-04 15:45:04
NVDA,NVDA280121C00175000,NVDA,2028-01-21,C,175.0,78.65,262.0,80.05,361.0,0.4209,8250.0,139.0,0.8286,0.0023,0.7018,-0.0218,1.5293,78.9228,1.66,80.3,83.35,77.85,up,79.31,2026-09-04T14:55:37,2.1378,77.6500015258789,229.88,2026-09-04 19:44:26,2026-09-04 15:45:04
NVDA,NVDA280121C00180000,NVDA,2028-01-21,C,180.0,75.4,332.0,76.0,326.0,0.4131,13505.0,416.0,0.8137,0.0025,0.7373,-0.0234,1.5269,75.6912,1.16,77.0,79.16,75.61,down,75.61,2026-09-04T15:25:51,1.5581,74.4499969482422,229.88,2026-09-04 19:44:26,2026-09-04 15:45:04
NVDA,NVDA280121C00185000,NVDA,2028-01-21,C,185.0,72.3,325.0,73.85,439.0,0.4182,9430.0,53.0,0.7984,0.0026,0.7719,-0.025,1.5219,72.5481,2.075,73.58,75.9,73.3,down,73.6,2026-09-04T11:10:08,2.90108,71.5250015258789,229.88,2026-09-04 19:44:26,2026-09-04 15:45:04
NVDA,NVDA280121C00190000,NVDA,2028-01-21,C,190.0,69.25,314.0,69.95,362.0,0.4108,8655.0,11.0,0.7826,0.0027,0.8054,-0.0266,1.5132,69.5167,2.525,72.63,73.05,70.94,down,70.95,2026-09-04T11:05:32,3.69017,68.4249992370606,229.88,2026-09-04 19:44:26,2026-09-04 15:45:04
NVDA,NVDA280121C00195000,NVDA,2028-01-21,C,195.0,65.2,505.0,66.7,94.0,0.4008,6950.0,2.0,0.7665,0.0028,0.837,-0.028,1.5026,66.5762,2.295,70.0,70.0,67.82,down,67.82,2026-09-04T11:02:36,3.50248,65.5250015258789,229.88,2026-09-04 19:44:26,2026-09-04 15:45:04
NVDA,NVDA280121C00200000,NVDA,2028-01-21,C,200.0,63.55,284.0,63.95,294.0,0.4072,27549.0,191.0,0.7501,0.0029,0.8668,-0.0294,1.4903,63.732,1.025,65.0,67.03,63.75,no_change,63.75,2026-09-04T15:27:32,1.63412,62.7250003814697,229.88,2026-09-04 19:44:26,2026-09-04 15:45:04
NVDA,NVDA280121C00205000,NVDA,2028-01-21,C,205.0,60.8,190.0,61.5,374.0,0.4076,999.0,6.0,0.7334,0.0031,0.8951,-0.0307,1.475,60.9841,1.375,64.0,64.4,61.35,down,61.35,2026-09-04T14:21:54,2.29262,59.9750003814697,229.88,2026-09-04 19:44:26,2026-09-04 15:45:04
NVDA,NVDA280121C00210000,NVDA,2028-01-21,C,210.0,58.15,326.0,58.45,278.0,0.4041,9814.0,203.0,0.7166,0.0032,0.9215,-0.0319,1.4574,58.3433,1.15,59.5,61.46,58.5,down,58.5,2026-09-04T15:13:23,2.00523,57.3499984741211,229.88,2026-09-04 19:44:26,2026-09-04 15:45:04
NVDA,NVDA280121C00215000,NVDA,2028-01-21,C,215.0,55.6,76.0,56.6,425.0,0.4069,1432.0,68.0,0.6994,0.0032,0.9457,-0.033,1.4388,55.7779,1.175,57.0,58.8,55.95,down,55.95,2026-09-04T15:10:43,2.14514,54.7749996185303,229.88,2026-09-04 19:44:26,2026-09-04 15:45:04
NVDA,NVDA280121C00220000,NVDA,2028-01-21,C,220.0,52.8,434.0,53.7,401.0,0.4018,9623.0,27.0,0.6823,0.0033,0.9678,-0.034,1.4188,53.3156,1.125,54.7,56.5,53.4,down,53.4,2026-09-04T15:21:19,2.15208,52.2750015258789,229.88,2026-09-04 19:44:26,2026-09-04 15:45:04
NVDA,NVDA280121C00225000,NVDA,2028-01-21,C,225.0,50.4,428.0,51.35,415.0,0.4008,5435.0,79.0,0.665,0.0034,0.988,-0.035,1.3962,50.9463,1.32,52.2,54.0,51.27,down,51.27,2026-09-04T13:42:00,2.64264,49.9500007629394,229.88,2026-09-04 19:44:26,2026-09-04 15:45:04
NVDA,NVDA280121C00230000,NVDA,2028-01-21,C,230.0,48.45,354.0,48.75,90.0,0.3999,15071.0,394.0,0.6478,0.0035,1.0061,-0.0358,1.3724,48.6799,0.925,48.54,51.5,48.54,down,48.65,2026-09-04T15:26:48,1.93819,47.7250003814697,229.88,2026-09-04 19:44:26,2026-09-04 15:45:04
NVDA,NVDA280121C00235000,NVDA,2028-01-21,C,235.0,46.35,334.0,46.9,405.0,0.4014,1342.0,62.0,0.6305,0.0035,1.022,-0.0366,1.3481,46.4758,1.875,47.45,49.2,46.65,up,47.4,2026-09-04T12:54:41,4.11862,45.5249996185303,229.88,2026-09-04 19:44:26,2026-09-04 15:45:04
NVDA,NVDA280121C00240000,NVDA,2028-01-21,C,240.0,44.15,395.0,44.45,194.0,0.3985,10149.0,65.0,0.6133,0.0036,1.0357,-0.0372,1.3229,44.3755,1.045,45.65,47.05,44.39,down,44.52,2026-09-04T14:11:14,2.40368,43.4750003814697,229.88,2026-09-04 19:44:26,2026-09-04 15:45:04
NVDA,NVDA280121C00245000,NVDA,2028-01-21,C,245.0,42.15,499.0,42.7,519.0,0.3992,2408.0,6.0,0.5962,0.0036,1.0474,-0.0378,1.2958,42.3614,1.45,44.08,44.85,42.9,down,42.9,2026-09-04T13:28:21,3.49819,41.4500007629394,229.88,2026-09-04 19:44:26,2026-09-04 15:45:04
NVDA,NVDA280121C00250000,NVDA,2028-01-21,C,250.0,40.3,146.0,40.55,387.0,0.3979,37533.0,459.0,0.5792,0.0037,1.057,-0.0383,1.268,40.4321,0.975,40.6,43.0,40.0,up,40.45,2026-09-04T15:25:22,2.46992,39.4750003814697,229.88,2026-09-04 19:44:26,2026-09-04 15:45:04
NVDA,NVDA280121C00255000,NVDA,2028-01-21,C,255.0,38.45,128.0,38.8,376.0,0.3976,946.0,16.0,0.5626,0.0037,1.0646,-0.0387,1.241,38.6067,1.6,39.57,39.57,39.15,down,39.15,2026-09-04T11:53:39,4.26098,37.5500011444092,229.88,2026-09-04 19:44:26,2026-09-04 15:45:04
NVDA,NVDA280121C00260000,NVDA,2028-01-21,C,260.0,36.65,188.0,37.1,533.0,0.3973,9877.0,65.0,0.5459,0.0037,1.0704,-0.039,1.2132,36.8371,1.37,38.45,39.15,36.96,no_change,37.27,2026-09-04T13:22:55,3.81616,35.8999996185303,229.88,2026-09-04 19:44:26,2026-09-04 15:45:04
NVDA,NVDA280121C00265000,NVDA,2028-01-21,C,265.0,35.0,123.0,35.45,528.0,0.3972,1651.0,7.0,0.5295,0.0038,1.0741,-0.0393,1.1842,35.1444,0.85,36.9,36.9,35.1,down,35.1,2026-09-04T12:03:23,2.48175,34.25,229.88,2026-09-04 19:44:26,2026-09-04 15:45:04
NVDA,NVDA280121C00270000,NVDA,2028-01-21,C,270.0,33.4,143.0,33.65,462.0,0.3963,8379.0,345.0,0.5134,0.0038,1.076,-0.0394,1.1545,33.5274,1.3,33.76,35.6,33.07,up,33.9,2026-09-04T12:36:08,3.98773,32.6000003814697,229.88,2026-09-04 19:44:26,2026-09-04 15:45:04
NVDA,NVDA280121C00275000,NVDA,2028-01-21,C,275.0,31.85,149.0,32.1,169.0,0.3956,1329.0,15.0,0.4975,0.0038,1.0764,-0.0396,1.1255,31.9831,2.025,33.4,33.7,32.95,no_change,32.95,2026-09-04T12:50:19,6.5481,30.9250001907349,229.88,2026-09-04 19:44:26,2026-09-04 15:45:04
NVDA,NVDA280121C00280000,NVDA,2028-01-21,C,280.0,30.4,79.0,30.8,559.0,0.3963,8471.0,142.0,0.4818,0.0038,1.0751,-0.0396,1.0969,30.501,1.085,32.11,32.11,30.61,down,30.61,2026-09-04T13:39:21,3.67485,29.5249996185303,229.88,2026-09-04 19:44:26,2026-09-04 15:45:04
NVDA,NVDA280121C00285000,NVDA,2028-01-21,C,285.0,29.0,24.0,29.25,417.0,0.3955,1000.0,83.0,0.4666,0.0038,1.0723,-0.0396,1.0679,29.093,1.075,30.0,31.05,29.2,down,29.2,2026-09-04T13:52:08,3.82222,28.125,229.88,2026-09-04 19:44:26,2026-09-04 15:45:04
NVDA,NVDA280121C00290000,NVDA,2028-01-21,C,290.0,27.6,241.0,28.05,549.0,0.3956,5859.0,251.0,0.4516,0.0037,1.068,-0.0395,1.0385,27.757,1.375,29.0,29.7,27.73,no_change,28.15,2026-09-04T13:27:40,5.13539,26.7749996185303,229.88,2026-09-04 19:44:26,2026-09-04 15:45:04
NVDA,NVDA280121C00295000,NVDA,2028-01-21,C,295.0,26.35,120.0,26.6,87.0,0.3949,2154.0,1.0,0.4369,0.0037,1.0619,-0.0393,1.0088,26.4604,2.05,27.65,27.65,27.65,up,27.65,2026-09-04T09:41:56,8.00781,25.6000003814697,229.88,2026-09-04 19:44:26,2026-09-04 15:45:04
NVDA,NVDA280121C00300000,NVDA,2028-01-21,C,300.0,25.1,255.0,25.4,444.0,0.3946,96125.0,537.0,0.4227,0.0037,1.0553,-0.0391,0.981,25.258,1.07,25.5,27.0,25.1,up,25.37,2026-09-04T15:17:21,4.40329,24.3000001907349,229.88,2026-09-04 19:44:26,2026-09-04 15:45:04
NVDA,NVDA280121C00310000,NVDA,2028-01-21,C,310.0,22.85,199.0,23.25,572.0,0.3951,10483.0,10.0,0.3952,0.0036,1.0385,-0.0386,0.9257,22.9881,2.275,22.58,24.5,22.58,down,24.35,2026-09-04T10:18:51,10.3058,22.0749998092651,229.88,2026-09-04 19:44:26,2026-09-04 15:45:04
NVDA,NVDA280121C00320000,NVDA,2028-01-21,C,320.0,20.75,303.0,21.25,567.0,0.3952,8041.0,899.0,0.369,0.0036,1.0167,-0.0379,0.87,20.917,1.55,21.6,22.31,20.8,up,21.55,2026-09-04T12:49:33,7.75,20.0,229.88,2026-09-04 19:44:26,2026-09-04 15:45:04
NVDA,NVDA280121C00330000,NVDA,2028-01-21,C,330.0,18.7,466.0,19.15,123.0,0.3932,4486.0,105.0,0.3444,0.0035,0.9927,-0.0371,0.8184,19.0556,1.425,19.1,20.4,19.0,up,19.6,2026-09-04T12:49:26,7.84044,18.1750001907349,229.88,2026-09-04 19:44:26,2026-09-04 15:45:04
NVDA,NVDA280121C00340000,NVDA,2028-01-21,C,340.0,17.2,338.0,17.65,581.0,0.3952,3120.0,12.0,0.3213,0.0034,0.9663,-0.0362,0.7687,17.3821,0.8,18.55,18.55,17.4,down,17.4,2026-09-04T14:45:54,4.81928,16.5999994277954,229.88,2026-09-04 19:44:26,2026-09-04 15:45:04
NVDA,NVDA280121C00350000,NVDA,2028-01-21,C,350.0,15.55,442.0,15.95,185.0,0.394,28881.0,139.0,0.2995,0.0033,0.9367,-0.0351,0.7198,15.8445,0.83,15.75,16.9,15.7,up,15.88,2026-09-04T15:17:21,5.51495,15.0499997138977,229.88,2026-09-04 19:44:26,2026-09-04 15:45:04
NVDA,NVDA280121C00360000,NVDA,2028-01-21,C,360.0,14.3,294.0,14.7,600.0,0.3958,7589.0,10.0,0.2791,0.0032,0.9069,-0.0341,0.6752,14.4672,1.3,14.55,15.4,14.55,no_change,15.1,2026-09-04T10:47:10,9.42029,13.7999997138977,229.88,2026-09-04 19:44:26,2026-09-04 15:45:04
NVDA,NVDA280121C00370000,NVDA,2028-01-21,C,370.0,13.0,403.0,13.45,610.0,0.396,5248.0,8.0,0.2602,0.003,0.8759,-0.033,0.6324,13.2211,0.775,13.8,13.8,13.25,down,13.25,2026-09-04T14:19:17,6.21243,12.4749999046326,229.88,2026-09-04 19:44:26,2026-09-04 15:45:04
NVDA,NVDA280121C00380000,NVDA,2028-01-21,C,380.0,11.95,355.0,12.4,597.0,0.3974,8967.0,13.0,0.2426,0.0029,0.844,-0.0318,0.5918,12.1035,0.95,12.7,12.7,12.18,up,12.4,2026-09-04T12:48:25,8.29694,11.4499998092651,229.88,2026-09-04 19:44:26,2026-09-04 15:45:04
NVDA,NVDA280121C00390000,NVDA,2028-01-21,C,390.0,10.95,327.0,11.35,614.0,0.398,8329.0,204.0,0.2261,0.0028,0.8123,-0.0307,0.5542,11.0816,0.625,11.74,11.84,10.95,up,11.15,2026-09-04T12:40:36,5.93825,10.5249996185303,229.88,2026-09-04 19:44:26,2026-09-04 15:45:04
NVDA,NVDA280121C00400000,NVDA,2028-01-21,C,400.0,10.0,347.0,10.4,618.0,0.3984,51587.0,299.0,0.2108,0.0027,0.781,-0.0295,0.519,10.1601,0.52,10.0,10.92,9.85,up,10.12,2026-09-04T14:24:52,5.41667,9.59999990463257,229.88,2026-09-04 19:44:26,2026-09-04 15:45:04
NVDA,NVDA280121C00410000,NVDA,2028-01-21,C,410.0,9.1,447.0,9.45,592.0,0.398,21535.0,24.0,0.1966,0.0026,0.749,-0.0284,0.4851,9.3234,1.05,9.7,9.9,9.7,up,9.9,2026-09-04T09:50:38,11.8644,8.84999990463257,229.88,2026-09-04 19:44:26,2026-09-04 15:45:04
NVDA,NVDA280121C00420000,NVDA,2028-01-21,C,420.0,8.45,357.0,8.7,600.0,0.3996,21585.0,100.0,0.1835,0.0025,0.7179,-0.0273,0.454,8.5696,0.5,8.52,9.1,8.52,up,8.6,2026-09-04T14:20:53,6.17284,8.09999990463257,229.88,2026-09-04 19:44:26,2026-09-04 15:45:04
NVDA,NVDA280121C00430000,NVDA,2028-01-21,C,430.0,7.75,164.0,8.0,334.0,0.4002,2236.0,28.0,0.1713,0.0024,0.6882,-0.0262,0.4256,7.886,0.95,8.15,8.4,8.15,up,8.4,2026-09-04T10:29:21,12.7517,7.45000004768372,229.88,2026-09-04 19:44:26,2026-09-04 15:45:04
NVDA,NVDA280121C00440000,NVDA,2028-01-21,C,440.0,7.1,427.0,7.45,490.0,0.4014,3061.0,6.0,0.1601,0.0022,0.6592,-0.0251,0.3987,7.2682,0.5,7.57,7.57,7.05,up,7.35,2026-09-04T09:30:04,7.29927,6.84999990463257,229.88,2026-09-04 19:44:26,2026-09-04 15:45:04
NVDA,NVDA280121C00450000,NVDA,2028-01-21,C,450.0,6.55,410.0,6.9,588.0,0.4026,9827.0,88.0,0.1496,0.0021,0.6304,-0.0241,0.3732,6.7057,0.45,7.0,7.14,6.4,up,6.75,2026-09-04T12:41:09,7.14286,6.29999995231628,229.88,2026-09-04 19:44:26,2026-09-04 15:45:04
NVDA,NVDA280121C00455000,NVDA,2028-01-21,C,455.0,6.2,496.0,6.6,493.0,0.4021,316.0,58.0,0.1447,0.0021,0.6164,-0.0236,0.3612,6.4444,0.415,6.8,6.8,6.44,down,6.44,2026-09-04T13:46:53,6.88797,6.02500009536743,229.88,2026-09-04 19:44:26,2026-09-04 15:45:04
NVDA,NVDA280121C00460000,NVDA,2028-01-21,C,460.0,6.05,391.0,6.25,206.0,0.4026,5452.0,272.0,0.1399,0.002,0.6026,-0.023,0.3497,6.1932,0.5,6.4,6.55,6.0,no_change,6.25,2026-09-04T15:18:48,8.69565,5.75,229.88,2026-09-04 19:44:26,2026-09-04 15:45:04
NVDA,NVDA280121P00005000,NVDA,2028-01-21,P,5.0,0.0,0.0,0.02,200.0,1.081,6939.0,100.0,-0.0003,0.0,0.0028,-0.0003,-0.0013,0.0332,0.005,0.02,0.02,0.02,no_change,0.02,2026-09-04T11:20:54,33.3333,0.0149999996647239,229.88,2026-09-04 19:44:26,2026-09-04 15:45:04
NVDA,NVDA280121P00010000,NVDA,2028-01-21,P,10.0,0.01,10.0,0.08,261.0,1.0005,5947.0,0.0,-0.0006,0.0,0.0056,-0.0005,-0.0026,0.0596,0.0,0.0,0.0,0.0,no_change,0.05,2026-08-20T11:21:23,0.0,0.0449999989941716,229.88,2026-09-04 19:44:26,2026-09-04 15:45:04
NVDA,NVDA280121P00015000,NVDA,2028-01-21,P,15.0,0.01,96.0,0.39,565.0,1.0242,1856.0,0.0,-0.001,0.0,0.0089,-0.0008,-0.0041,0.0893,0.0,0.0,0.0,0.0,down,0.06,2026-08-27T09:35:41,0.0,0.194999997504056,229.88,2026-09-04 19:44:26,2026-09-04 15:45:04
NVDA,NVDA280121P00020000,NVDA,2028-01-21,P,20.0,0.06,65.0,0.2,209.0,0.8641,2769.0,0.0,-0.0014,0.0,0.0128,-0.001,-0.006,0.1239,0.0,0.0,0.0,0.0,down,0.09,2026-09-02T14:48:18,0.0,0.094999996945262,229.88,2026-09-04 19:44:26,2026-09-04 15:45:04
NVDA,NVDA280121P00025000,NVDA,2028-01-21,P,25.0,0.01,224.0,0.47,485.0,0.8454,581.0,0.0,-0.002,0.0,0.0173,-0.0013,-0.0082,0.1638,0.0,0.0,0.0,0.0,up,0.19,2026-07-29T13:29:47,0.0,0.190000002272427,229.88,2026-09-04 19:44:26,2026-09-04 15:45:04
NVDA,NVDA280121P00030000,NVDA,2028-01-21,P,30.0,0.1,466.0,0.25,321.0,0.7451,766.0,0.0,-0.0027,0.0,0.0226,-0.0016,-0.0108,0.2099,0.0,0.0,0.0,0.0,down,0.18,2026-09-03T14:28:08,0.0,0.184999994933605,229.88,2026-09-04 19:44:26,2026-09-04 15:45:04
NVDA,NVDA280121P00035000,NVDA,2028-01-21,P,35.0,0.1,259.0,0.59,404.0,0.753,678.0,0.0,-0.0035,0.0,0.0284,-0.0019,-0.0139,0.2628,0.0,0.0,0.0,0.0,up,0.29,2026-09-01T13:51:15,0.0,0.285000000149012,229.88,2026-09-04 19:44:26,2026-09-04 15:45:04
NVDA,NVDA280121P00040000,NVDA,2028-01-21,P,40.0,0.29,166.0,0.55,557.0,0.7204,729.0,0.0,-0.0044,0.0001,0.0351,-0.0023,-0.0174,0.3229,0.0,0.0,0.0,0.0,up,0.32,2026-08-26T11:36:17,0.0,0.364999987185001,229.88,2026-09-04 19:44:26,2026-09-04 15:45:04
NVDA,NVDA280121P00045000,NVDA,2028-01-21,P,45.0,0.38,73.0,0.5,545.0,0.678,3512.0,30.0,-0.0055,0.0001,0.0428,-0.0027,-0.0215,0.391,-0.01,0.42,0.42,0.4,down,0.4,2026-09-04T10:44:02,-2.43902,0.409999996423721,229.88,2026-09-04 19:44:26,2026-09-04 15:45:04
NVDA,NVDA280121P00050000,NVDA,2028-01-21,P,50.0,0.42,344.0,0.54,272.0,0.6442,7271.0,0.0,-0.0067,0.0001,0.0511,-0.0031,-0.0261,0.4681,0.0,0.0,0.0,0.0,down,0.44,2026-09-03T11:38:06,0.0,0.469999991357326,229.88,2026-09-04 19:44:26,2026-09-04 15:45:04
NVDA,NVDA280121P00055000,NVDA,2028-01-21,P,55.0,0.22,732.0,0.77,645.0,0.609,360.0,0.0,-0.0081,0.0001,0.0604,-0.0035,-0.0313,0.5544,0.0,0.0,0.0,0.0,up,0.57,2026-09-03T09:49:17,0.0,0.530000001192093,229.88,2026-09-04 19:44:26,2026-09-04 15:45:04
NVDA,NVDA280121P00060000,NVDA,2028-01-21,P,60.0,0.59,55.0,0.71,159.0,0.5989,2562.0,0.0,-0.0097,0.0002,0.071,-0.004,-0.0372,0.6512,0.0,0.0,0.0,0.0,down,0.65,2026-08-27T12:11:49,0.0,0.709999978542328,229.88,2026-09-04 19:44:26,2026-09-04 15:45:04
NVDA,NVDA280121P00065000,NVDA,2028-01-21,P,65.0,0.66,336.0,0.9,553.0,0.5829,366.0,0.0,-0.0115,0.0002,0.0821,-0.0045,-0.0439,0.7597,0.0,0.0,0.0,0.0,down,0.74,2026-09-03T09:49:17,0.0,0.83500000834465,229.88,2026-09-04 19:44:26,2026-09-04 15:45:04
NVDA,NVDA280121P00070000,NVDA,2028-01-21,P,70.0,0.7,357.0,0.9,105.0,0.5539,1618.0,0.0,-0.0135,0.0002,0.0944,-0.005,-0.0513,0.8808,0.0,0.0,0.0,0.0,down,0.89,2026-09-03T14:49:48,0.0,0.879999995231628,229.88,2026-09-04 19:44:26,2026-09-04 15:45:04
NVDA,NVDA280121P00075000,NVDA,2028-01-21,P,75.0,0.88,321.0,1.22,535.0,0.5501,1594.0,0.0,-0.0158,0.0003,0.1084,-0.0056,-0.0597,1.0157,0.0,0.0,0.0,0.0,up,1.0,2026-09-03T09:39:08,0.0,0.979999989271164,229.88,2026-09-04 19:44:26,2026-09-04 15:45:04
NVDA,NVDA280121P00080000,NVDA,2028-01-21,P,80.0,1.1,40.0,1.17,161.0,0.5292,8196.0,28.0,-0.0184,0.0003,0.1232,-0.0062,-0.069,1.1674,0.005,1.02,1.02,1.02,down,1.02,2026-09-04T10:28:10,0.492612,1.01499998569489,229.88,2026-09-04 19:44:26,2026-09-04 15:45:04
NVDA,NVDA280121P00085000,NVDA,2028-01-21,P,85.0,1.16,307.0,1.38,247.0,0.5131,654.0,0.0,-0.0213,0.0004,0.1391,-0.0068,-0.0794,1.3373,0.0,0.0,0.0,0.0,down,1.2,2026-09-03T10:00:08,0.0,1.29000002145767,229.88,2026-09-04 19:44:26,2026-09-04 15:45:04
NVDA,NVDA280121P00090000,NVDA,2028-01-21,P,90.0,1.37,660.0,1.54,473.0,0.5003,2300.0,29.0,-0.0246,0.0004,0.1571,-0.0076,-0.0912,1.5308,0.055,1.33,1.47,1.33,up,1.47,2026-09-04T10:54:40,3.88693,1.41499996185303,229.88,2026-09-04 19:44:26,2026-09-04 15:45:04
NVDA,NVDA280121P00095000,NVDA,2028-01-21,P,95.0,1.56,333.0,1.92,456.0,0.4929,1675.0,0.0,-0.0283,0.0005,0.1771,-0.0083,-0.1049,1.7537,0.0,0.0,0.0,0.0,down,1.6,2026-09-03T14:08:05,0.0,1.625,229.88,2026-09-04 19:44:26,2026-09-04 15:45:04
NVDA,NVDA280121P00100000,NVDA,2028-01-21,P,100.0,1.86,461.0,2.04,220.0,0.4799,8274.0,302.0,-0.0326,0.0006,0.1982,-0.0091,-0.1198,2.0134,0.01,1.9,1.99,1.9,up,1.99,2026-09-04T14:08:39,0.50505,1.98000001907349,229.88,2026-09-04 19:44:26,2026-09-04 15:45:04
NVDA,NVDA280121P00105000,NVDA,2028-01-21,P,105.0,2.27,36.0,2.4,469.0,0.4751,4751.0,7.0,-0.0374,0.0006,0.222,-0.0101,-0.1372,2.3137,-0.075,2.2,2.2,2.18,up,2.19,2026-09-04T10:40:14,-3.31126,2.26499998569489,229.88,2026-09-04 19:44:26,2026-09-04 15:45:04
NVDA,NVDA280121P00110000,NVDA,2028-01-21,P,110.0,2.61,315.0,2.87,475.0,0.4688,7772.0,2.0,-0.043,0.0007,0.2486,-0.0111,-0.1567,2.663,-0.02,2.56,2.62,2.56,up,2.62,2026-09-04T13:18:27,-0.757575,2.63999998569489,229.88,2026-09-04 19:44:26,2026-09-04 15:45:04
NVDA,NVDA280121P00115000,NVDA,2028-01-21,P,115.0,2.99,468.0,3.15,275.0,0.4585,3306.0,5.0,-0.0492,0.0008,0.2762,-0.0122,-0.1787,3.0677,-0.045,3.0,3.0,3.0,down,3.0,2026-09-04T13:18:52,-1.47783,3.04499995708466,229.88,2026-09-04 19:44:26,2026-09-04 15:45:04
NVDA,NVDA280121P00120000,NVDA,2028-01-21,P,120.0,3.5,117.0,3.6,474.0,0.4526,9838.0,204.0,-0.0561,0.0009,0.3065,-0.0133,-0.2037,3.5332,0.05,3.35,3.54,3.35,no_change,3.5,2026-09-04T15:12:15,1.44928,3.44999992847443,229.88,2026-09-04 19:44:26,2026-09-04 15:45:04
NVDA,NVDA280121P00125000,NVDA,2028-01-21,P,125.0,3.85,330.0,4.25,318.0,0.446,11914.0,0.0,-0.0639,0.0011,0.3398,-0.0146,-0.2307,4.0665,0.0,0.0,0.0,0.0,down,4.05,2026-09-03T13:19:25,0.0,4.0,229.88,2026-09-04 19:44:26,2026-09-04 15:45:04
NVDA,NVDA280121P00130000,NVDA,2028-01-21,P,130.0,4.55,474.0,4.75,484.0,0.4408,11617.0,13.0,-0.0725,0.0012,0.3733,-0.0159,-0.2607,4.6745,0.04,4.44,4.64,4.38,up,4.64,2026-09-04T14:04:58,0.869567,4.59999990463257,229.88,2026-09-04 19:44:26,2026-09-04 15:45:04
NVDA,NVDA280121P00135000,NVDA,2028-01-21,P,135.0,5.15,308.0,5.45,306.0,0.4358,5232.0,0.0,-0.0818,0.0013,0.409,-0.0173,-0.2938,5.3535,0.0,0.0,0.0,0.0,down,5.32,2026-09-03T13:27:16,0.0,5.27500009536743,229.88,2026-09-04 19:44:26,2026-09-04 15:45:04
NVDA,NVDA280121P00140000,NVDA,2028-01-21,P,140.0,6.05,492.0,6.2,485.0,0.4335,22317.0,374.0,-0.092,0.0014,0.4467,-0.0187,-0.3305,6.1164,-0.15,5.75,5.9,5.7,no_change,5.9,2026-09-04T11:59:37,-2.47934,6.04999995231628,229.88,2026-09-04 19:44:26,2026-09-04 15:45:04
NVDA,NVDA280121P00145000,NVDA,2028-01-21,P,145.0,6.8,485.0,7.05,170.0,0.429,6989.0,111.0,-0.1029,0.0016,0.484,-0.0202,-0.3668,6.9651,0.055,6.65,6.93,6.52,up,6.93,2026-09-04T14:38:49,0.8,6.875,229.88,2026-09-04 19:44:26,2026-09-04 15:45:04
NVDA,NVDA280121P00150000,NVDA,2028-01-21,P,150.0,7.8,589.0,7.95,61.0,0.4261,26910.0,68.0,-0.1148,0.0017,0.5227,-0.0217,-0.4082,7.9054,-0.055,7.5,7.85,7.4,no_change,7.77,2026-09-04T15:16:36,-0.702873,7.82499980926514,229.88,2026-09-04 19:44:26,2026-09-04 15:45:04
NVDA,NVDA280121P00155000,NVDA,2028-01-21,P,155.0,8.8,407.0,9.1,465.0,0.4243,5385.0,5.0,-0.1272,0.0019,0.5625,-0.0232,-0.4515,8.9293,-0.1,8.73,8.75,8.73,no_change,8.75,2026-09-04T13:08:36,-1.12994,8.84999990463257,229.88,2026-09-04 19:44:26,2026-09-04 15:45:04
NVDA,NVDA280121P00160000,NVDA,2028-01-21,P,160.0,9.8,597.0,10.15,239.0,0.4199,4668.0,20.0,-0.1406,0.002,0.6009,-0.0248,-0.4948,10.0588,-0.045,9.55,9.98,9.15,up,9.98,2026-09-04T15:08:33,-0.448879,10.0250000953674,229.88,2026-09-04 19:44:26,2026-09-04 15:45:04
NVDA,NVDA280121P00165000,NVDA,2028-01-21,P,165.0,11.25,131.0,11.4,602.0,0.4197,7583.0,4105.0,-0.1545,0.0022,0.6392,-0.0263,-0.543,11.2756,-0.025,10.8,11.15,10.49,up,11.15,2026-09-04T14:23:31,-0.223715,11.1750001907349,229.88,2026-09-04 19:44:26,2026-09-04 15:45:04
NVDA,NVDA280121P00170000,NVDA,2028-01-21,P,170.0,12.55,145.0,12.8,602.0,0.418,4793.0,27.0,-0.1691,0.0023,0.6786,-0.0277,-0.5921,12.5933,-0.425,11.85,12.05,11.77,up,12.05,2026-09-04T11:24:45,-3.40681,12.4749999046326,229.88,2026-09-04 19:44:26,2026-09-04 15:45:04
NVDA,NVDA280121P00175000,NVDA,2028-01-21,P,175.0,13.8,605.0,14.2,507.0,0.4146,7669.0,5.0,-0.1845,0.0025,0.7148,-0.0292,-0.6398,14.0168,-0.5,13.25,13.5,13.25,down,13.45,2026-09-04T11:30:09,-3.58423,13.9499998092651,229.88,2026-09-04 19:44:26,2026-09-04 15:45:04
NVDA,NVDA280121P00180000,NVDA,2028-01-21,P,180.0,15.3,612.0,15.65,117.0,0.4122,15770.0,38.0,-0.2003,0.0026,0.7512,-0.0306,-0.6932,15.5365,-0.1,14.75,15.44,14.58,down,15.4,2026-09-04T13:45:15,-0.645161,15.5,229.88,2026-09-04 19:44:26,2026-09-04 15:45:04
NVDA,NVDA280121P00185000,NVDA,2028-01-21,P,185.0,17.1,439.0,17.35,338.0,0.4122,7075.0,136.0,-0.2167,0.0028,0.7861,-0.032,-0.745,17.1592,-0.02,16.25,16.98,16.2,no_change,16.98,2026-09-04T13:26:12,-0.117647,17.0,229.88,2026-09-04 19:44:26,2026-09-04 15:45:04
NVDA,NVDA280121P00190000,NVDA,2028-01-21,P,190.0,18.85,216.0,19.0,78.0,0.4102,12432.0,131.0,-0.2336,0.0029,0.8192,-0.0333,-0.7961,18.8905,0.01,18.2,18.8,17.7,up,18.76,2026-09-04T15:16:36,0.0533333,18.75,229.88,2026-09-04 19:44:26,2026-09-04 15:45:04
NVDA,NVDA280121P00195000,NVDA,2028-01-21,P,195.0,20.3,519.0,20.85,93.0,0.4066,2895.0,19.0,-0.251,0.003,0.8501,-0.0346,-0.85,20.7236,0.025,20.3,20.7,19.68,no_change,20.7,2026-09-04T14:36:54,0.120918,20.6750001907349,229.88,2026-09-04 19:44:26,2026-09-04 15:45:04
NVDA,NVDA280121P00200000,NVDA,2028-01-21,P,200.0,22.5,595.0,22.8,142.0,0.4068,25378.0,471.0,-0.2688,0.0032,0.8812,-0.0357,-0.903,22.6606,0.225,21.7,22.75,21.35,up,22.75,2026-09-04T15:26:40,0.998892,22.5249996185303,229.88,2026-09-04 19:44:26,2026-09-04 15:45:04
NVDA,NVDA280121P00205000,NVDA,2028-01-21,P,205.0,24.55,589.0,24.85,155.0,0.4056,5863.0,4.0,-0.2869,0.0033,0.9085,-0.0369,-0.9549,24.7065,-1.0,23.74,23.74,23.46,up,23.55,2026-09-04T09:50:28,-4.07332,24.5499992370605,229.88,2026-09-04 19:44:26,2026-09-04 15:45:04
NVDA,NVDA280121P00210000,NVDA,2028-01-21,P,210.0,26.7,575.0,27.0,183.0,0.4045,5520.0,45.0,-0.3054,0.0034,0.9332,-0.0379,-1.0078,26.8582,0.175,25.8,26.8,25.4,no_change,26.8,2026-09-04T13:35:41,0.657277,26.625,229.88,2026-09-04 19:44:26,2026-09-04 15:45:04
NVDA,NVDA280121P00215000,NVDA,2028-01-21,P,215.0,29.05,30.0,29.25,156.0,0.4038,6742.0,8.0,-0.3242,0.0036,0.9562,-0.0389,-1.0607,29.1144,-0.675,27.63,28.4,27.63,up,28.4,2026-09-04T12:21:28,-2.32158,29.0749998092651,229.88,2026-09-04 19:44:26,2026-09-04 15:45:04
NVDA,NVDA280121P00220000,NVDA,2028-01-21,P,220.0,31.3,526.0,31.6,150.0,0.4022,4997.0,10.0,-0.3431,0.0037,0.9767,-0.0398,-1.1124,31.4737,0.01,30.1,31.36,30.05,up,31.36,2026-09-04T15:08:33,0.0318998,31.3499994277954,229.88,2026-09-04 19:44:26,2026-09-04 15:45:04
NVDA,NVDA280121P00225000,NVDA,2028-01-21,P,225.0,33.75,567.0,34.05,107.0,0.4012,1961.0,13.0,-0.3623,0.0038,0.9942,-0.0406,-1.1554,33.9381,-0.15,32.38,33.8,32.38,no_change,33.8,2026-09-04T14:28:16,-0.441823,33.9499988555908,229.88,2026-09-04 19:44:26,2026-09-04 15:45:04
NVDA,NVDA280121P00230000,NVDA,2028-01-21,P,230.0,36.4,186.0,36.6,72.0,0.4008,6988.0,409.0,-0.3815,0.0039,1.0098,-0.0413,-1.2062,36.4946,-0.01,35.7,36.29,34.5,up,36.29,2026-09-04T14:56:03,-0.0275461,36.2999992370606,229.88,2026-09-04 19:44:26,2026-09-04 15:45:04
NVDA,NVDA280121P00235000,NVDA,2028-01-21,P,235.0,38.65,560.0,39.3,168.0,0.3982,2438.0,43.0,-0.4009,0.004,1.0222,-0.042,-1.2482,39.1573,-0.95,37.34,38.1,37.31,up,38.1,2026-09-04T11:47:35,-2.43278,39.0499992370606,229.88,2026-09-04 19:44:26,2026-09-04 15:45:04
NVDA,NVDA280121P00240000,NVDA,2028-01-21,P,240.0,41.8,161.0,42.0,32.0,0.3985,843.0,11.0,-0.4204,0.004,1.0329,-0.0426,-1.2985,41.9272,-0.81,40.45,41.04,40.3,up,41.04,2026-09-04T12:16:41,-1.93548,41.8500003814697,229.88,2026-09-04 19:44:26,2026-09-04 15:45:04
NVDA,NVDA280121P00245000,NVDA,2028-01-21,P,245.0,44.25,416.0,44.9,155.0,0.3965,370.0,0.0,-0.4399,0.0041,1.039,-0.0431,-1.3316,44.7922,0.0,0.0,0.0,0.0,down,44.45,2026-09-03T14:12:07,0.0,44.75,229.88,2026-09-04 19:44:26,2026-09-04 15:45:04
NVDA,NVDA280121P00250000,NVDA,2028-01-21,P,250.0,47.3,548.0,47.85,93.0,0.3964,1995.0,2.0,-0.4593,0.0042,1.0445,-0.0435,-1.3724,47.7408,-0.925,45.6,46.7,45.6,up,46.7,2026-09-04T12:52:14,-1.94226,47.625,229.88,2026-09-04 19:44:26,2026-09-04 15:45:04
NVDA,NVDA280121P00255000,NVDA,2028-01-21,P,255.0,50.5,430.0,50.9,71.0,0.3965,357.0,2.0,-0.4788,0.0043,1.046,-0.0439,-1.402,50.7914,-0.075,50.65,50.65,50.65,down,50.65,2026-09-04T15:04:03,-0.147853,50.7249984741211,229.88,2026-09-04 19:44:26,2026-09-04 15:45:04
NVDA,NVDA280121P00260000,NVDA,2028-01-21,P,260.0,53.4,542.0,54.05,75.0,0.3949,3949.0,107.0,-0.498,0.0043,1.0467,-0.0441,-1.4442,53.9328,-0.85,52.0,53.25,51.89,up,53.25,2026-09-04T13:15:28,-1.57117,54.1000003814697,229.88,2026-09-04 19:44:26,2026-09-04 15:45:04
NVDA,NVDA280121P00265000,NVDA,2028-01-21,P,265.0,56.55,556.0,57.25,76.0,0.3938,332.0,28.0,-0.5173,0.0044,1.0401,-0.0443,-1.4583,57.1713,-2.6,54.8,54.8,54.75,no_change,54.8,2026-09-04T10:31:05,-4.52962,57.4000015258789,229.88,2026-09-04 19:44:26,2026-09-04 15:45:04
NVDA,NVDA280121P00270000,NVDA,2028-01-21,P,270.0,59.8,562.0,60.6,103.0,0.3932,431.0,3.0,-0.5364,0.0044,1.0376,-0.0445,-1.4901,60.5,-2.45,58.05,58.05,58.0,up,58.05,2026-09-04T10:31:03,-4.04959,60.5,229.88,2026-09-04 19:44:26,2026-09-04 15:45:04
NVDA,NVDA280121P00275000,NVDA,2028-01-21,P,275.0,63.2,528.0,64.0,292.0,0.393,226.0,6.0,-0.5554,0.0045,1.0286,-0.0446,-1.5017,63.8833,-2.45,61.6,61.65,61.6,up,61.65,2026-09-04T10:34:14,-3.82215,64.1000003814697,229.88,2026-09-04 19:44:26,2026-09-04 15:45:04
NVDA,NVDA280121P00280000,NVDA,2028-01-21,P,280.0,67.15,57.0,67.5,14.0,0.3948,928.0,0.0,-0.5742,0.0045,1.0188,-0.0446,-1.5307,67.3864,0.0,0.0,0.0,0.0,no_change,70.91,2026-09-02T10:12:12,0.0,67.5250015258789,229.88,2026-09-04 19:44:26,2026-09-04 15:45:04
NVDA,NVDA280121P00285000,NVDA,2028-01-21,P,285.0,69.45,492.0,71.05,111.0,0.3881,485.0,0.0,-0.5928,0.0046,1.006,-0.0447,-1.5244,70.9556,0.0,0.0,0.0,0.0,no_change,74.32,2026-09-02T10:22:14,0.0,70.75,229.88,2026-09-04 19:44:26,2026-09-04 15:45:04
NVDA,NVDA280121P00290000,NVDA,2028-01-21,P,290.0,74.2,398.0,75.3,574.0,0.3962,317.0,84.0,-0.6112,0.0046,0.9888,-0.0446,-1.5387,74.6228,-3.185,71.6,71.6,71.59,no_change,71.59,2026-09-04T10:20:17,-4.25944,74.7749977111816,229.88,2026-09-04 19:44:26,2026-09-04 15:45:04
NVDA,NVDA280121P00295000,NVDA,2028-01-21,P,295.0,76.9,731.0,78.65,325.0,0.3888,179.0,57.0,-0.6295,0.0046,0.9729,-0.0445,-1.5402,78.3495,-2.15,75.98,76.4,75.98,up,76.4,2026-09-04T11:07:36,-2.73711,78.5500030517578,229.88,2026-09-04 19:44:26,2026-09-04 15:45:04
NVDA,NVDA280121P00300000,NVDA,2028-01-21,P,300.0,81.15,604.0,83.0,595.0,0.3939,1480.0,14.0,-0.6474,0.0046,0.9526,-0.0444,-1.5358,82.1407,-3.05,80.0,80.0,78.9,no_change,78.9,2026-09-04T10:30:22,-3.72178,81.9499969482422,229.88,2026-09-04 19:44:26,2026-09-04 15:45:04
NVDA,NVDA280121P00310000,NVDA,2028-01-21,P,310.0,89.15,490.0,90.2,392.0,0.3913,907.0,20.0,-0.6826,0.0047,0.9071,-0.044,-1.5139,89.9572,-1.4,87.95,88.6,87.9,up,88.6,2026-09-04T12:07:59,-1.55556,90.0,229.88,2026-09-04 19:44:26,2026-09-04 15:45:04
NVDA,NVDA280121P00320000,NVDA,2028-01-21,P,320.0,97.15,443.0,98.05,54.0,0.3889,752.0,18.0,-0.7172,0.0047,0.8532,-0.0438,-1.4746,98.065,-1.6,94.5,96.0,94.5,no_change,96.0,2026-09-04T11:06:09,-1.63934,97.5999984741211,229.88,2026-09-04 19:44:26,2026-09-04 15:45:04
NVDA,NVDA280121P00330000,NVDA,2028-01-21,P,330.0,105.3,537.0,106.6,273.0,0.3886,1364.0,1.0,-0.7503,0.0047,0.7944,-0.0431,-1.4183,106.407,-2.45,103.7,103.7,103.7,down,103.7,2026-09-04T09:45:56,-2.30806,106.150001525879,229.88,2026-09-04 19:44:26,2026-09-04 15:45:04
NVDA,NVDA280121P00340000,NVDA,2028-01-21,P,340.0,113.4,440.0,116.45,472.0,0.3939,1013.0,0.0,-0.7825,0.0048,0.7271,-0.0426,-1.2952,114.9863,0.0,0.0,0.0,0.0,down,121.0,2026-08-12T12:52:39,0.0,114.950000762939,229.88,2026-09-04 19:44:26,2026-09-04 15:45:04
NVDA,NVDA280121P00350000,NVDA,2028-01-21,P,350.0,122.1,259.0,123.85,33.0,0.3815,518.0,2.0,-0.8141,0.0047,0.65,-0.0423,-1.2308,123.8059,-3.9,120.25,120.25,120.25,down,120.25,2026-09-04T10:44:20,-3.14136,124.150001525879,229.88,2026-09-04 19:44:26,2026-09-04 15:45:04
NVDA,NVDA280121P00360000,NVDA,2028-01-21,P,360.0,130.6,228.0,132.85,3.0,0.3736,95.0,1.0,-0.8438,0.0047,0.5732,-0.0417,-1.0784,132.8103,-2.85,129.75,129.75,129.75,down,129.75,2026-09-04T09:47:15,-2.14933,132.600006103516,229.88,2026-09-04 19:44:26,2026-09-04 15:45:04
NVDA,NVDA280121P00370000,NVDA,2028-01-21,P,370.0,139.85,156.0,143.0,114.0,0.3818,45.0,0.0,-0.8714,0.0045,0.4969,-0.0413,-0.9115,142.0093,0.0,0.0,0.0,0.0,down,145.95,2026-09-02T13:38:29,0.0,141.425003051758,229.88,2026-09-04 19:44:26,2026-09-04 15:45:04
NVDA,NVDA280121P00380000,NVDA,2028-01-21,P,380.0,149.2,87.0,152.05,39.0,0.3711,44.0,0.0,-0.8966,0.0042,0.3931,-0.0386,-0.767,151.4077,0.0,0.0,0.0,0.0,down,150.84,2026-09-03T14:11:14,0.0,151.300003051758,229.88,2026-09-04 19:44:26,2026-09-04 15:45:04
NVDA,NVDA280121P00390000,NVDA,2028-01-21,P,390.0,158.85,78.0,161.7,46.0,0.3658,8.0,5.0,-0.9199,0.0038,0.3322,-0.0371,-0.5842,160.9301,-1.52,157.35,159.49,157.35,down,159.23,2026-09-04T12:30:04,-0.945568,160.75,229.88,2026-09-04 19:44:26,2026-09-04 15:45:04
NVDA,NVDA280121P00400000,NVDA,2028-01-21,P,400.0,168.65,56.0,171.4,8.0,0.0,18.0,2.0,-0.9398,0.0034,0.2504,-0.0288,-0.5454,170.593,-1.97,169.31,169.31,169.03,down,169.03,2026-09-04T12:30:04,-1.15205,171.0,229.88,2026-09-04 19:44:26,2026-09-04 15:45:04
NVDA,NVDA280121P00410000,NVDA,2028-01-21,P,410.0,178.75,48.0,181.5,35.0,0.3746,0.0,0.0,-0.9569,0.003,0.1817,-0.0211,-0.2825,180.3493,0.0,0.0,0.0,0.0,down,180.52,2026-08-27T13:41:49,0.0,180.949996948242,229.88,2026-09-04 19:44:26,2026-09-04 15:45:04
NVDA,NVDA280121P00420000,NVDA,2028-01-21,P,420.0,188.7,49.0,191.5,37.0,0.0,0.0,0.0,-0.9704,0.0023,0.1055,-0.0069,-0.2324,190.2198,0.0,0.0,0.0,0.0,up,207.82,2026-08-25T14:03:32,0.0,190.949996948242,229.88,2026-09-04 19:44:26,2026-09-04 15:45:04
NVDA,NVDA280121P00430000,NVDA,2028-01-21,P,430.0,198.7,43.0,201.35,33.0,0.0,0.0,0.0,-0.9808,0.0018,0.076,0.0,-0.1567,200.13,0.0,0.0,0.0,0.0,down,209.72,2026-08-31T15:53:44,0.0,201.0,229.88,2026-09-04 19:44:26,2026-09-04 15:45:04
NVDA,NVDA280121P00440000,NVDA,2028-01-21,P,440.0,208.75,46.0,211.45,35.0,0.0,0.0,0.0,-0.9888,0.0011,0.0185,0.0,0.0,210.105,0.0,0.0,0.0,0.0,down,216.91,2026-08-12T15:24:16,0.0,211.099998474121,229.88,2026-09-04 19:44:26,2026-09-04 15:45:04
NVDA,NVDA280121P00450000,NVDA,2028-01-21,P,450.0,218.7,43.0,221.4,10.0,0.0,0.0,0.0,-0.9939,0.0006,0.0,0.0,0.0,220.105,0.0,0.0,0.0,0.0,up,241.01,2026-06-08T15:06:46,0.0,220.875,229.88,2026-09-04 19:44:26,2026-09-04 15:45:04
NVDA,NVDA280121P00455000,NVDA,2028-01-21,P,455.0,223.7,35.0,226.45,32.0,0.0,0.0,0.0,-0.9955,0.0004,0.0,0.0,0.0,225.105,0.0,0.0,0.0,0.0,down,226.5,2026-09-03T10:20:48,0.0,225.875,229.88,2026-09-04 19:44:26,2026-09-04 15:45:04
NVDA,NVDA280121P00460000,NVDA,2028-01-21,P,460.0,228.7,41.0,231.45,7.0,0.0,0.0,10.0,-0.997,0.0003,0.0,0.0,0.0,230.105,-6.7,224.4,224.4,224.4,no_change,224.4,2026-09-04T10:28:11,-2.89918,231.099998474121,229.88,2026-09-04 19:44:26,2026-09-04 15:45:04
NVDA,NVDA280616C00005000,NVDA,2028-06-16,C,5.0,220.95,25.0,228.9,48.0,0.0,180.0,0.0,1.0,0.0,0.0036,0.0,0.0431,225.5328,0.0,0.0,0.0,0.0,up,203.29,2026-07-16T12:01:42,0.0,223.974998474121,229.88,2026-09-04 19:44:26,2026-09-04 15:45:04
NVDA,NVDA280616C00010000,NVDA,2028-06-16,C,10.0,215.0,55.0,225.0,53.0,0.0,5.0,0.0,1.0,0.0,0.0037,0.0,0.1001,220.6893,0.0,0.0,0.0,0.0,up,215.0,2026-08-28T10:39:27,0.0,218.724998474121,229.88,2026-09-04 19:44:26,2026-09-04 15:45:04
NVDA,NVDA280616C00015000,NVDA,2028-06-16,C,15.0,210.0,53.0,220.0,53.0,0.0,1.0,0.0,1.0,0.0,0.0075,0.0,0.189,215.9393,0.0,0.0,0.0,0.0,down,182.7,2026-07-01T09:30:01,0.0,214.575004577637,229.88,2026-09-04 19:44:26,2026-09-04 15:45:04
NVDA,NVDA280616C00020000,NVDA,2028-06-16,C,20.0,207.0,25.0,214.95,14.0,0.0,115.0,0.0,1.0,0.0,0.0146,0.0,0.3077,211.2946,0.0,0.0,0.0,0.0,down,200.5,2026-09-02T09:48:30,0.0,209.675003051758,229.88,2026-09-04 19:44:26,2026-09-04 15:45:04
NVDA,NVDA280616C00025000,NVDA,2028-06-16,C,25.0,202.45,24.0,208.85,31.0,0.0,98.0,0.0,1.0,0.0,0.0209,0.0,0.4024,206.7171,0.0,0.0,0.0,0.0,down,195.99,2026-09-02T09:42:49,0.0,204.949996948242,229.88,2026-09-04 19:44:26,2026-09-04 15:45:04
NVDA,NVDA280616C00030000,NVDA,2028-06-16,C,30.0,197.9,25.0,205.85,25.0,0.0,55.0,0.0,1.0,0.0,0.0286,0.0,0.4784,202.1625,0.0,0.0,0.0,0.0,down,168.33,2026-07-27T14:19:21,0.0,200.875,229.88,2026-09-04 19:44:26,2026-09-04 15:45:04
NVDA,NVDA280616C00035000,NVDA,2028-06-16,C,35.0,193.35,25.0,201.35,61.0,0.5362,28.0,0.0,1.0,0.0001,0.0361,0.0,0.5524,197.6205,0.0,0.0,0.0,0.0,up,197.07,2026-09-03T14:34:43,0.0,196.400001525879,229.88,2026-09-04 19:44:26,2026-09-04 15:45:04
NVDA,NVDA280616C00040000,NVDA,2028-06-16,C,40.0,188.85,26.0,196.8,51.0,0.5591,59.0,0.0,1.0,0.0001,0.0449,0.0,0.6268,193.0873,0.0,0.0,0.0,0.0,no_change,192.57,2026-09-03T14:16:54,0.0,191.575004577637,229.88,2026-09-04 19:44:26,2026-09-04 15:45:04
NVDA,NVDA280616C00045000,NVDA,2028-06-16,C,45.0,184.3,27.0,192.3,220.0,0.5558,235.0,0.0,1.0,0.0001,0.056,0.0,0.699,188.5673,0.0,0.0,0.0,0.0,up,187.39,2026-09-03T14:47:58,0.0,187.025001525879,229.88,2026-09-04 19:44:26,2026-09-04 15:45:04
NVDA,NVDA280616C00050000,NVDA,2028-06-16,C,50.0,179.8,27.0,187.0,193.0,0.0,242.0,0.0,0.9996,0.0001,0.0661,0.0,0.7714,184.0596,0.0,0.0,0.0,0.0,up,173.54,2026-08-18T09:31:46,0.0,182.775001525879,229.88,2026-09-04 19:44:26,2026-09-04 15:45:04
NVDA,NVDA280616C00055000,NVDA,2028-06-16,C,55.0,175.3,28.0,183.2,226.0,0.531,335.0,0.0,0.9979,0.0001,0.0806,0.0,0.8419,179.5639,0.0,0.0,0.0,0.0,up,175.0,2026-08-27T10:11:12,0.0,177.974998474121,229.88,2026-09-04 19:44:26,2026-09-04 15:45:04
NVDA,NVDA280616C00060000,NVDA,2028-06-16,C,60.0,170.8,29.0,178.8,214.0,0.5267,291.0,0.0,0.996,0.0002,0.0936,0.0,0.9118,175.0862,0.0,0.0,0.0,0.0,down,174.35,2026-09-03T14:31:19,0.0,173.75,229.88,2026-09-04 19:44:26,2026-09-04 15:45:04
NVDA,NVDA280616C00065000,NVDA,2028-06-16,C,65.0,166.35,29.0,174.3,214.0,0.5155,449.0,0.0,0.9938,0.0002,0.107,0.0,0.9811,170.6228,0.0,0.0,0.0,0.0,up,159.15,2026-09-01T13:07:48,0.0,169.325004577637,229.88,2026-09-04 19:44:26,2026-09-04 15:45:04
NVDA,NVDA280616C00070000,NVDA,2028-06-16,C,70.0,162.1,253.0,169.0,178.0,0.4689,306.0,1.0,0.9913,0.0002,0.1261,0.0,1.0477,166.1771,2.91,168.56,168.56,168.56,up,168.56,2026-09-04T09:45:39,1.75672,165.649993896484,229.88,2026-09-04 19:44:26,2026-09-04 15:45:04
NVDA,NVDA280616C00075000,NVDA,2028-06-16,C,75.0,159.5,182.0,165.45,242.0,0.565,323.0,2.0,0.9886,0.0003,0.143,0.0,1.1136,161.7545,0.975,160.6,162.2,160.6,up,162.2,2026-09-04T12:22:08,0.604746,161.224998474121,229.88,2026-09-04 19:44:26,2026-09-04 15:45:04
NVDA,NVDA280616C00080000,NVDA,2028-06-16,C,80.0,155.2,153.0,161.05,287.0,0.5505,597.0,0.0,0.9855,0.0003,0.1609,0.0,1.1784,157.3543,0.0,0.0,0.0,0.0,no_change,146.73,2026-09-01T12:51:30,0.0,156.825004577637,229.88,2026-09-04 19:44:26,2026-09-04 15:45:04
NVDA,NVDA280616C00085000,NVDA,2028-06-16,C,85.0,151.05,218.0,156.7,261.0,0.5406,276.0,0.0,0.982,0.0004,0.1846,0.0,1.2401,152.9835,0.0,0.0,0.0,0.0,down,141.4,2026-08-11T15:23:11,0.0,152.275001525879,229.88,2026-09-04 19:44:26,2026-09-04 15:45:04
NVDA,NVDA280616C00090000,NVDA,2028-06-16,C,90.0,147.3,121.0,152.4,257.0,0.5387,392.0,1.0,0.9781,0.0004,0.207,0.0,1.2996,148.6498,2.9,150.45,150.45,150.45,up,150.45,2026-09-04T09:34:34,1.96543,147.550003051758,229.88,2026-09-04 19:44:26,2026-09-04 15:45:04
NVDA,NVDA280616C00095000,NVDA,2028-06-16,C,95.0,143.1,62.0,148.1,257.0,0.5264,192.0,0.0,0.9737,0.0005,0.2312,0.0,1.3579,144.355,0.0,0.0,0.0,0.0,down,139.0,2026-08-28T10:47:38,0.0,143.775001525879,229.88,2026-09-04 19:44:26,2026-09-04 15:45:04
NVDA,NVDA280616C00100000,NVDA,2028-06-16,C,100.0,138.95,69.0,142.1,214.0,0.4849,461.0,0.0,0.9688,0.0006,0.26,0.0,1.4127,140.1081,0.0,0.0,0.0,0.0,down,136.43,2026-09-02T12:43:07,0.0,139.974998474121,229.88,2026-09-04 19:44:26,2026-09-04 15:45:04
NVDA,NVDA280616C00105000,NVDA,2028-06-16,C,105.0,134.55,103.0,139.7,280.0,0.5018,215.0,1.0,0.9632,0.0007,0.2886,0.0,1.464,135.915,4.85,139.65,139.65,139.65,up,139.65,2026-09-04T09:56:55,3.59793,134.799995422363,229.88,2026-09-04 19:44:26,2026-09-04 15:45:04
NVDA,NVDA280616C00110000,NVDA,2028-06-16,C,110.0,130.65,77.0,132.75,94.0,0.4535,586.0,0.0,0.9571,0.0008,0.3205,0.0,1.5149,131.7781,0.0,0.0,0.0,0.0,up,128.52,2026-09-02T12:40:42,0.0,130.924995422363,229.88,2026-09-04 19:44:26,2026-09-04 15:45:04
NVDA,NVDA280616C00115000,NVDA,2028-06-16,C,115.0,126.75,53.0,128.95,187.0,0.4547,268.0,0.0,0.9504,0.0008,0.3534,-0.0002,1.5615,127.7065,0.0,0.0,0.0,0.0,down,124.33,2026-09-02T12:42:25,0.0,127.150001525879,229.88,2026-09-04 19:44:26,2026-09-04 15:45:04
NVDA,NVDA280616C00120000,NVDA,2028-06-16,C,120.0,122.95,30.0,124.6,123.0,0.4477,330.0,0.0,0.9431,0.0009,0.3876,-0.0017,1.6068,123.7019,0.0,0.0,0.0,0.0,no_change,114.0,2026-09-01T12:01:46,0.0,122.625,229.88,2026-09-04 19:44:26,2026-09-04 15:45:04
NVDA,NVDA280616C00125000,NVDA,2028-06-16,C,125.0,118.8,94.0,121.4,244.0,0.4494,484.0,10.0,0.9352,0.001,0.4244,-0.0032,1.6575,119.7695,1.375,120.6,120.6,120.6,up,120.6,2026-09-04T12:45:44,1.15328,119.225002288818,229.88,2026-09-04 19:44:26,2026-09-04 15:45:04
NVDA,NVDA280616C00130000,NVDA,2028-06-16,C,130.0,114.9,387.0,117.55,298.0,0.4446,493.0,11.0,0.9266,0.0011,0.4615,-0.0047,1.7106,115.9134,0.865,117.84,118.56,116.14,down,116.14,2026-09-04T13:58:33,0.750382,115.274997711182,229.88,2026-09-04 19:44:26,2026-09-04 15:45:04
NVDA,NVDA280616C00135000,NVDA,2028-06-16,C,135.0,111.35,65.0,112.5,130.0,0.4301,519.0,4.0,0.9174,0.0012,0.5002,-0.0062,1.7423,112.1373,1.45,112.44,112.46,112.24,down,112.45,2026-09-04T13:56:37,1.30631,111.0,229.88,2026-09-04 19:44:26,2026-09-04 15:45:04
NVDA,NVDA280616C00140000,NVDA,2028-06-16,C,140.0,107.95,30.0,109.15,69.0,0.4335,450.0,0.0,0.9077,0.0013,0.5388,-0.0077,1.7685,108.4406,0.0,0.0,0.0,0.0,up,105.45,2026-09-03T10:31:25,0.0,106.900001525879,229.88,2026-09-04 19:44:26,2026-09-04 15:45:04
NVDA,NVDA280616C00145000,NVDA,2028-06-16,C,145.0,104.3,275.0,105.15,315.0,0.427,214.0,11.0,0.8974,0.0014,0.5779,-0.0092,1.7913,104.8239,1.375,105.9,105.9,105.0,down,105.0,2026-09-04T14:23:28,1.3269,103.625,229.88,2026-09-04 19:44:26,2026-09-04 15:45:04
NVDA,NVDA280616C00150000,NVDA,2028-06-16,C,150.0,100.7,285.0,101.6,340.0,0.424,473.0,16.0,0.8866,0.0016,0.6177,-0.0108,1.8096,101.2897,1.345,103.75,104.31,101.27,down,101.27,2026-09-04T13:23:58,1.34601,99.9249992370606,229.88,2026-09-04 19:44:26,2026-09-04 15:45:04
NVDA,NVDA280616C00155000,NVDA,2028-06-16,C,155.0,96.95,340.0,98.15,345.0,0.4196,276.0,1.0,0.8752,0.0017,0.6571,-0.0123,1.8246,97.8401,3.275,99.8,99.8,99.8,up,99.8,2026-09-04T09:43:39,3.39291,96.5249977111816,229.88,2026-09-04 19:44:26,2026-09-04 15:45:04
NVDA,NVDA280616C00160000,NVDA,2028-06-16,C,160.0,93.25,392.0,96.0,464.0,0.4241,308.0,1.0,0.8634,0.0018,0.6958,-0.0138,1.8368,94.4748,1.17,94.42,94.42,94.42,up,94.42,2026-09-04T15:08:20,1.25469,93.25,229.88,2026-09-04 19:44:26,2026-09-04 15:45:04
NVDA,NVDA280616C00165000,NVDA,2028-06-16,C,165.0,89.5,424.0,91.45,159.0,0.4102,378.0,1.0,0.8512,0.0019,0.7344,-0.0152,1.8451,91.1947,1.475,91.55,91.55,91.55,up,91.55,2026-09-04T12:04:20,1.63752,90.0750007629394,229.88,2026-09-04 19:44:26,2026-09-04 15:45:04
NVDA,NVDA280616C00170000,NVDA,2028-06-16,C,170.0,87.6,253.0,88.25,258.0,0.4174,390.0,1.0,0.8386,0.002,0.7725,-0.0167,1.8497,88.0015,2.94,89.54,89.54,89.54,up,89.54,2026-09-04T11:06:43,3.39492,86.5999984741211,229.88,2026-09-04 19:44:26,2026-09-04 15:45:04
NVDA,NVDA280616C00175000,NVDA,2028-06-16,C,175.0,84.6,143.0,86.0,377.0,0.4218,417.0,7.0,0.8256,0.0021,0.8091,-0.0181,1.8521,84.895,1.805,86.21,88.0,85.38,down,85.38,2026-09-04T12:28:13,2.15974,83.5750007629394,229.88,2026-09-04 19:44:26,2026-09-04 15:45:04
NVDA,NVDA280616C00180000,NVDA,2028-06-16,C,180.0,81.55,263.0,82.0,20.0,0.4141,466.0,1.0,0.8122,0.0022,0.8446,-0.0194,1.8519,81.8742,1.275,82.0,82.0,82.0,up,82.0,2026-09-04T15:04:14,1.57944,80.7249984741211,229.88,2026-09-04 19:44:26,2026-09-04 15:45:04
NVDA,NVDA280616C00185000,NVDA,2028-06-16,C,185.0,78.6,32.0,80.3,138.0,0.4197,479.0,10.0,0.7986,0.0023,0.8794,-0.0207,1.8478,78.9398,2.33,80.15,80.15,80.13,no_change,80.13,2026-09-04T13:09:33,2.99486,77.7999992370606,229.88,2026-09-04 19:44:26,2026-09-04 15:45:04
NVDA,NVDA280616C00190000,NVDA,2028-06-16,C,190.0,75.7,312.0,77.4,380.0,0.4176,650.0,3.0,0.7847,0.0024,0.9128,-0.022,1.8411,76.0924,1.67,77.0,77.0,76.55,up,76.57,2026-09-04T13:55:28,2.22964,74.9000015258789,229.88,2026-09-04 19:44:26,2026-09-04 15:45:04
NVDA,NVDA280616C00195000,NVDA,2028-06-16,C,195.0,72.95,316.0,73.45,272.0,0.4101,515.0,8.0,0.7706,0.0025,0.9442,-0.0232,1.8331,73.3305,3.665,75.72,76.43,75.72,down,75.89,2026-09-04T10:18:04,5.07442,72.2249984741211,229.88,2026-09-04 19:44:26,2026-09-04 15:45:04
NVDA,NVDA280616C00200000,NVDA,2028-06-16,C,200.0,70.3,317.0,71.1,347.0,0.4108,1064.0,46.0,0.7562,0.0026,0.9742,-0.0243,1.8226,70.6525,1.47,70.8,73.65,70.8,down,70.92,2026-09-04T13:58:33,2.11663,69.4500007629394,229.88,2026-09-04 19:44:26,2026-09-04 15:45:04
NVDA,NVDA280616C00205000,NVDA,2028-06-16,C,205.0,67.7,321.0,68.8,368.0,0.4111,600.0,15.0,0.7419,0.0026,1.0028,-0.0254,1.8091,68.0752,1.24,70.47,71.22,68.07,up,68.09,2026-09-04T15:17:03,1.8549,66.8499984741211,229.88,2026-09-04 19:44:26,2026-09-04 15:45:04
NVDA,NVDA280616C00210000,NVDA,2028-06-16,C,210.0,64.9,376.0,66.35,385.0,0.409,1548.0,48.0,0.7273,0.0027,1.0297,-0.0264,1.7935,65.5651,1.075,67.65,68.65,65.3,down,65.3,2026-09-04T15:18:14,1.6738,64.2250022888184,229.88,2026-09-04 19:44:26,2026-09-04 15:45:04
NVDA,NVDA280616C00215000,NVDA,2028-06-16,C,215.0,62.85,292.0,63.85,384.0,0.4095,4343.0,9.0,0.7126,0.0028,1.0546,-0.0273,1.7772,63.137,1.65,65.55,65.85,63.55,down,63.55,2026-09-04T14:43:12,2.66559,61.8999996185303,229.88,2026-09-04 19:44:26,2026-09-04 15:45:04
NVDA,NVDA280616C00220000,NVDA,2028-06-16,C,220.0,59.4,489.0,61.25,373.0,0.4024,3537.0,30.0,0.6979,0.0028,1.0778,-0.0282,1.7593,60.7886,1.125,61.3,63.75,60.65,down,60.65,2026-09-04T15:15:19,1.88996,59.5249996185303,229.88,2026-09-04 19:44:26,2026-09-04 15:45:04
NVDA,NVDA280616C00225000,NVDA,2028-06-16,C,225.0,58.3,60.0,58.9,371.0,0.4066,1709.0,80.0,0.6831,0.0029,1.0993,-0.029,1.7388,58.5194,1.04,61.23,61.7,58.49,down,58.49,2026-09-04T15:15:40,1.81027,57.4500007629394,229.88,2026-09-04 19:44:26,2026-09-04 15:45:04
NVDA,NVDA280616C00230000,NVDA,2028-06-16,C,230.0,56.05,92.0,56.85,483.0,0.4062,2478.0,188.0,0.6683,0.003,1.119,-0.0298,1.7165,56.3289,1.5,58.56,59.47,56.73,up,56.75,2026-09-04T13:41:30,2.71493,55.25,229.88,2026-09-04 19:44:26,2026-09-04 15:45:04
NVDA,NVDA280616C00235000,NVDA,2028-06-16,C,235.0,54.0,329.0,54.3,291.0,0.4039,539.0,7.0,0.6536,0.003,1.1368,-0.0305,1.6939,54.2152,1.8,56.01,57.35,54.7,down,54.7,2026-09-04T12:23:22,3.40265,52.8999996185303,229.88,2026-09-04 19:44:26,2026-09-04 15:45:04
NVDA,NVDA280616C00240000,NVDA,2028-06-16,C,240.0,51.95,227.0,52.45,375.0,0.4041,1774.0,22.0,0.6389,0.0031,1.1528,-0.0311,1.6709,52.1755,1.395,53.03,54.05,52.32,down,52.32,2026-09-04T14:32:21,2.73932,50.9250011444092,229.88,2026-09-04 19:44:26,2026-09-04 15:45:04
NVDA,NVDA280616C00245000,NVDA,2028-06-16,C,245.0,50.0,102.0,50.9,420.0,0.4054,1243.0,82.0,0.6243,0.0031,1.167,-0.0317,1.6462,50.2082,1.24,51.03,52.7,50.39,down,50.39,2026-09-04T13:57:31,2.52289,49.1500015258789,229.88,2026-09-04 19:44:26,2026-09-04 15:45:04
NVDA,NVDA280616C00250000,NVDA,2028-06-16,C,250.0,47.95,405.0,48.45,355.0,0.4018,3694.0,59.0,0.6098,0.0032,1.1795,-0.0322,1.6198,48.3126,1.055,50.28,51.05,48.43,down,48.43,2026-09-04T14:00:34,2.22691,47.375,229.88,2026-09-04 19:44:26,2026-09-04 15:45:04
NVDA,NVDA280616C00255000,NVDA,2028-06-16,C,255.0,46.3,61.0,46.55,246.0,0.4019,839.0,20.0,0.5953,0.0032,1.1903,-0.0327,1.5925,46.4736,1.315,47.0,47.8,46.79,no_change,46.79,2026-09-04T14:59:51,2.8917,45.4750003814697,229.88,2026-09-04 19:44:26,2026-09-04 15:45:04
NVDA,NVDA280616C00260000,NVDA,2028-06-16,C,260.0,44.55,51.0,45.25,424.0,0.4034,1257.0,12.0,0.581,0.0032,1.1994,-0.0331,1.5658,44.7164,1.29,45.65,45.65,45.04,no_change,45.04,2026-09-04T14:59:51,2.94857,43.75,229.88,2026-09-04 19:44:26,2026-09-04 15:45:04
NVDA,NVDA280616C00265000,NVDA,2028-06-16,C,265.0,42.75,374.0,43.3,409.0,0.4015,371.0,109.0,0.5669,0.0032,1.2069,-0.0334,1.5389,43.0243,1.48,44.25,44.5,43.43,down,43.43,2026-09-04T11:32:30,3.52801,41.9499988555908,229.88,2026-09-04 19:44:26,2026-09-04 15:45:04
NVDA,NVDA280616C00270000,NVDA,2028-06-16,C,270.0,41.05,354.0,41.55,138.0,0.4003,484.0,162.0,0.553,0.0033,1.2128,-0.0337,1.5109,41.3957,1.125,42.55,42.55,41.5,down,41.5,2026-09-04T14:43:59,2.78638,40.375,229.88,2026-09-04 19:44:26,2026-09-04 15:45:04
NVDA,NVDA280616C00275000,NVDA,2028-06-16,C,275.0,39.0,487.0,40.05,206.0,0.3983,569.0,12.0,0.5392,0.0033,1.2171,-0.034,1.4818,39.8296,1.225,42.0,42.0,40.15,down,40.15,2026-09-04T12:36:04,3.14707,38.9250011444092,229.88,2026-09-04 19:44:26,2026-09-04 15:45:04
NVDA,NVDA280616C00280000,NVDA,2028-06-16,C,280.0,38.05,389.0,38.85,440.0,0.4015,362.0,6.0,0.5257,0.0033,1.22,-0.0342,1.4525,38.3244,1.0,39.48,39.48,38.35,down,38.35,2026-09-04T15:01:08,2.67738,37.3500003814697,229.88,2026-09-04 19:44:26,2026-09-04 15:45:04
NVDA,NVDA280616C00285000,NVDA,2028-06-16,C,285.0,36.6,160.0,37.0,17.0,0.3996,461.0,0.0,0.5124,0.0033,1.2216,-0.0343,1.4239,36.8777,0.0,0.0,0.0,0.0,up,35.58,2026-09-03T15:54:34,0.0,35.9750003814697,229.88,2026-09-04 19:44:26,2026-09-04 15:45:04
NVDA,NVDA280616C00290000,NVDA,2028-06-16,C,290.0,35.3,145.0,36.0,453.0,0.4014,930.0,5.0,0.4992,0.0033,1.2219,-0.0344,1.3957,35.487,1.35,35.7,35.7,35.7,no_change,35.7,2026-09-04T13:50:01,3.93013,34.3500003814697,229.88,2026-09-04 19:44:26,2026-09-04 15:45:04
NVDA,NVDA280616C00295000,NVDA,2028-06-16,C,295.0,33.6,460.0,34.3,103.0,0.3982,349.0,10.0,0.4864,0.0033,1.221,-0.0345,1.3671,34.1502,1.0,36.15,36.15,34.25,down,34.25,2026-09-04T13:56:01,3.00752,33.25,229.88,2026-09-04 19:44:26,2026-09-04 15:45:04
NVDA,NVDA280616C00300000,NVDA,2028-06-16,C,300.0,32.7,67.0,33.3,435.0,0.4008,5659.0,73.0,0.4737,0.0033,1.2187,-0.0345,1.3378,32.8661,1.195,33.76,34.8,33.17,down,33.17,2026-09-04T13:23:35,3.73729,31.9750003814697,229.88,2026-09-04 19:44:26,2026-09-04 15:45:04
NVDA,NVDA280616C00305000,NVDA,2028-06-16,C,305.0,31.5,20.0,31.8,126.0,0.3995,383.0,15.0,0.4613,0.0033,1.2152,-0.0345,1.3083,31.6336,1.1,32.66,33.3,31.8,down,31.8,2026-09-04T13:49:16,3.58306,30.6999998092651,229.88,2026-09-04 19:44:26,2026-09-04 15:45:04
NVDA,NVDA280616C00310000,NVDA,2028-06-16,C,310.0,30.3,16.0,30.7,220.0,0.3998,2290.0,0.0,0.4492,0.0033,1.2107,-0.0344,1.2793,30.4506,0.0,0.0,0.0,0.0,up,29.81,2026-09-03T14:29:14,0.0,29.5999994277954,229.88,2026-09-04 19:44:26,2026-09-04 15:45:04
NVDA,NVDA280616C00315000,NVDA,2028-06-16,C,315.0,28.8,321.0,29.55,241.0,0.3982,195.0,2.0,0.4373,0.0032,1.2054,-0.0344,1.2512,29.315,1.57,30.0,30.0,29.77,down,29.77,2026-09-04T11:12:20,5.56738,28.1999998092651,229.88,2026-09-04 19:44:26,2026-09-04 15:45:04
NVDA,NVDA280616C00320000,NVDA,2028-06-16,C,320.0,28.05,71.0,28.7,455.0,0.4006,376.0,140.0,0.4256,0.0032,1.1994,-0.0342,1.2237,28.2243,1.05,28.15,28.28,28.11,down,28.2,2026-09-04T14:24:21,3.8674,27.1500005722046,229.88,2026-09-04 19:44:26,2026-09-04 15:45:04
NVDA,NVDA280616C00325000,NVDA,2028-06-16,C,325.0,26.9,95.0,27.35,276.0,0.3988,544.0,17.0,0.4142,0.0032,1.1924,-0.0341,1.196,27.1772,0.9,28.0,28.29,27.15,no_change,27.15,2026-09-04T15:26:22,3.42857,26.25,229.88,2026-09-04 19:44:26,2026-09-04 15:45:04
NVDA,NVDA280616C00330000,NVDA,2028-06-16,C,330.0,25.9,218.0,26.35,211.0,0.3988,1948.0,0.0,0.4031,0.0032,1.1843,-0.0339,1.1681,26.1724,0.0,0.0,0.0,0.0,down,25.09,2026-09-03T15:57:20,0.0,25.0749998092651,229.88,2026-09-04 19:44:26,2026-09-04 15:45:04
NVDA,NVDA280616C00335000,NVDA,2028-06-16,C,335.0,24.6,448.0,25.35,173.0,0.3973,270.0,36.0,0.3922,0.0032,1.1754,-0.0337,1.1402,25.2086,1.225,25.55,25.55,25.55,up,25.55,2026-09-04T11:02:14,5.03597,24.3250007629395,229.88,2026-09-04 19:44:26,2026-09-04 15:45:04
NVDA,NVDA280616C00340000,NVDA,2028-06-16,C,340.0,23.65,455.0,24.45,227.0,0.3973,626.0,1.0,0.3816,0.0031,1.1658,-0.0335,1.1129,24.2844,2.1,25.5,25.5,25.5,up,25.5,2026-09-04T09:59:49,8.97436,23.3999996185303,229.88,2026-09-04 19:44:26,2026-09-04 15:45:04
NVDA,NVDA280616C00345000,NVDA,2028-06-16,C,345.0,23.1,194.0,23.55,168.0,0.3987,329.0,0.0,0.3713,0.0031,1.1559,-0.0333,1.0866,23.3977,0.0,0.0,0.0,0.0,no_change,20.4,2026-09-02T10:18:13,0.0,22.5999994277954,229.88,2026-09-04 19:44:26,2026-09-04 15:45:04
NVDA,NVDA280616C00350000,NVDA,2028-06-16,C,350.0,22.25,570.0,22.85,564.0,0.3994,7723.0,153.0,0.3612,0.0031,1.1456,-0.033,1.0611,22.5466,0.875,23.15,23.7,22.6,down,22.6,2026-09-04T13:58:40,4.02762,21.7250003814697,229.88,2026-09-04 19:44:26,2026-09-04 15:45:04
NVDA,NVDA280616C00360000,NVDA,2028-06-16,C,360.0,20.75,17.0,21.05,131.0,0.3992,790.0,2.0,0.3418,0.003,1.1233,-0.0325,1.0108,20.9458,1.725,22.0,22.0,21.9,down,21.9,2026-09-04T09:50:38,8.55019,20.1750001907349,229.88,2026-09-04 19:44:26,2026-09-04 15:45:04
NVDA,NVDA280616C00370000,NVDA,2028-06-16,C,370.0,18.75,375.0,19.9,5.0,0.3987,504.0,0.0,0.3234,0.003,1.0986,-0.0318,0.961,19.473,0.0,0.0,0.0,0.0,up,15.5,2026-09-02T09:30:01,0.0,18.9000005722046,229.88,2026-09-04 19:44:26,2026-09-04 15:45:04
NVDA,NVDA280616C00380000,NVDA,2028-06-16,C,380.0,17.95,85.0,18.25,5.0,0.4017,1853.0,10.0,0.306,0.0029,1.0729,-0.0312,0.914,18.1182,0.95,18.65,18.65,18.3,down,18.3,2026-09-04T13:23:35,5.4755,17.3500003814697,229.88,2026-09-04 19:44:26,2026-09-04 15:45:04
NVDA,NVDA280616C00390000,NVDA,2028-06-16,C,390.0,16.4,347.0,17.15,322.0,0.3997,689.0,1.0,0.2896,0.0028,1.0468,-0.0305,0.87,16.87,1.585,17.66,17.66,17.66,up,17.66,2026-09-04T10:08:28,9.86003,16.0749998092651,229.88,2026-09-04 19:44:26,2026-09-04 15:45:04
NVDA,NVDA280616C00400000,NVDA,2028-06-16,C,400.0,15.5,94.0,15.85,556.0,0.4004,4907.0,29.0,0.2742,0.0027,1.02,-0.0297,0.8275,15.7318,0.605,16.45,16.45,15.55,up,15.68,2026-09-04T14:39:48,4.01327,15.0749998092651,229.88,2026-09-04 19:44:26,2026-09-04 15:45:04
NVDA,NVDA280616C00410000,NVDA,2028-06-16,C,410.0,14.4,101.0,14.7,5.0,0.4025,603.0,2.0,0.2595,0.0026,0.9918,-0.029,0.7857,14.671,1.225,15.3,15.3,15.3,no_change,15.3,2026-09-04T10:25:42,8.70338,14.0749998092651,229.88,2026-09-04 19:44:26,2026-09-04 15:45:04
NVDA,NVDA280616C00420000,NVDA,2028-06-16,C,420.0,13.35,290.0,13.75,147.0,0.4006,466.0,6.0,0.2456,0.0026,0.9633,-0.0282,0.7464,13.6847,1.2,14.1,14.55,14.1,no_change,14.25,2026-09-04T10:25:42,9.1954,13.0500001907349,229.88,2026-09-04 19:44:26,2026-09-04 15:45:04
NVDA,NVDA280616C00430000,NVDA,2028-06-16,C,430.0,12.45,295.0,12.9,192.0,0.4013,2566.0,1.0,0.2326,0.0025,0.9361,-0.0275,0.7105,12.7933,0.56,12.76,12.76,12.76,up,12.76,2026-09-04T15:25:35,4.59017,12.1999998092651,229.88,2026-09-04 19:44:26,2026-09-04 15:45:04
NVDA,NVDA280616C00440000,NVDA,2028-06-16,C,440.0,11.45,370.0,12.0,105.0,0.4005,247.0,0.0,0.2204,0.0024,0.9084,-0.0267,0.6754,11.9618,0.0,0.0,0.0,0.0,down,11.57,2026-09-03T14:05:08,0.0,11.4250001907349,229.88,2026-09-04 19:44:26,2026-09-04 15:45:04
NVDA,NVDA280616C00450000,NVDA,2028-06-16,C,450.0,10.95,99.0,11.25,80.0,0.4035,1597.0,0.0,0.2088,0.0023,0.8802,-0.0259,0.6414,11.1927,0.0,0.0,0.0,0.0,down,10.43,2026-09-03T15:50:45,0.0,10.6500000953674,229.88,2026-09-04 19:44:26,2026-09-04 15:45:04
NVDA,NVDA280616C00460000,NVDA,2028-06-16,C,460.0,10.3,218.0,10.8,488.0,0.4052,5128.0,86.0,0.1979,0.0022,0.8524,-0.0252,0.6095,10.4841,0.475,10.75,11.05,10.4,no_change,10.4,2026-09-04T15:07:10,4.78589,9.92500019073486,229.88,2026-09-04 19:44:26,2026-09-04 15:45:04
NVDA,NVDA280616P00005000,NVDA,2028-06-16,P,5.0,0.0,0.0,0.31,292.0,1.2813,1.0,0.0,-0.0002,0.0,0.0029,-0.0002,-0.0015,0.0296,0.0,0.0,0.0,0.0,up,0.04,2026-06-16T13:14:56,0.0,0.155000001192093,229.88,2026-09-04 19:44:26,2026-09-04 15:45:04
NVDA,NVDA280616P00010000,NVDA,2028-06-16,P,10.0,0.01,60.0,0.08,60.0,0.8861,115.0,0.0,-0.0006,0.0,0.0064,-0.0004,-0.0034,0.0603,0.0,0.0,0.0,0.0,down,0.06,2026-08-27T10:11:18,0.0,0.0449999989941716,229.88,2026-09-04 19:44:26,2026-09-04 15:45:04
NVDA,NVDA280616P00015000,NVDA,2028-06-16,P,15.0,0.01,213.0,0.18,237.0,0.8295,261.0,0.0,-0.001,0.0,0.0108,-0.0006,-0.0058,0.0981,0.0,0.0,0.0,0.0,up,0.08,2026-09-03T14:33:01,0.0,0.09500000346452,229.88,2026-09-04 19:44:26,2026-09-04 15:45:04
NVDA,NVDA280616P00020000,NVDA,2028-06-16,P,20.0,0.01,139.0,0.21,72.0,0.7518,408.0,0.0,-0.0016,0.0,0.016,-0.0009,-0.0088,0.144,0.0,0.0,0.0,0.0,down,0.12,2026-08-31T11:19:46,0.0,0.110000001266599,229.88,2026-09-04 19:44:26,2026-09-04 15:45:04
NVDA,NVDA280616P00025000,NVDA,2028-06-16,P,25.0,0.01,418.0,0.25,344.0,0.6956,8.0,0.0,-0.0023,0.0,0.0223,-0.0012,-0.0125,0.1985,0.0,0.0,0.0,0.0,up,0.24,2026-09-03T13:49:09,0.0,0.129999999888241,229.88,2026-09-04 19:44:26,2026-09-04 15:45:04
NVDA,NVDA280616P00030000,NVDA,2028-06-16,P,30.0,0.01,293.0,0.67,395.0,0.7219,11.0,0.0,-0.0031,0.0,0.0294,-0.0015,-0.0169,0.2626,0.0,0.0,0.0,0.0,up,0.32,2026-06-15T11:28:22,0.0,0.275000010617077,229.88,2026-09-04 19:44:26,2026-09-04 15:45:04
NVDA,NVDA280616P00035000,NVDA,2028-06-16,P,35.0,0.1,403.0,0.61,447.0,0.6719,19.0,0.0,-0.0041,0.0001,0.0377,-0.0018,-0.022,0.3365,0.0,0.0,0.0,0.0,up,0.4,2026-08-28T13:06:02,0.0,0.355000007897615,229.88,2026-09-04 19:44:26,2026-09-04 15:45:04
NVDA,NVDA280616P00040000,NVDA,2028-06-16,P,40.0,0.15,409.0,0.55,424.0,0.6243,753.0,0.0,-0.0053,0.0001,0.047,-0.0022,-0.0279,0.4217,0.0,0.0,0.0,0.0,up,0.44,2026-09-01T14:39:59,0.0,0.450000002980232,229.88,2026-09-04 19:44:26,2026-09-04 15:45:04
NVDA,NVDA280616P00045000,NVDA,2028-06-16,P,45.0,0.13,629.0,0.74,501.0,0.6022,298.0,0.0,-0.0066,0.0001,0.0573,-0.0026,-0.0345,0.5184,0.0,0.0,0.0,0.0,up,0.57,2026-09-02T11:50:11,0.0,0.484999999403954,229.88,2026-09-04 19:44:26,2026-09-04 15:45:04
NVDA,NVDA280616P00050000,NVDA,2028-06-16,P,50.0,0.55,479.0,0.66,1.0,0.5942,160.0,3.0,-0.0081,0.0001,0.0691,-0.003,-0.0423,0.628,0.005,0.61,0.61,0.61,no_change,0.61,2026-09-04T12:09:36,0.826443,0.605000019073486,229.88,2026-09-04 19:44:26,2026-09-04 15:45:04
NVDA,NVDA280616P00055000,NVDA,2028-06-16,P,55.0,0.7,194.0,0.79,50.0,0.5783,225.0,0.0,-0.0099,0.0001,0.0817,-0.0034,-0.0508,0.7517,0.0,0.0,0.0,0.0,down,0.75,2026-09-01T13:15:00,0.0,0.780000001192093,229.88,2026-09-04 19:44:26,2026-09-04 15:45:04
NVDA,NVDA280616P00060000,NVDA,2028-06-16,P,60.0,0.78,46.0,1.05,187.0,0.5648,258.0,0.0,-0.0119,0.0002,0.0957,-0.0039,-0.0604,0.89,0.0,0.0,0.0,0.0,no_change,0.86,2026-09-02T15:16:34,0.0,0.965000003576279,229.88,2026-09-04 19:44:26,2026-09-04 15:45:04
NVDA,NVDA280616P00065000,NVDA,2028-06-16,P,65.0,0.97,205.0,1.27,393.0,0.5534,24.0,0.0,-0.0141,0.0002,0.1113,-0.0044,-0.0716,1.0451,0.0,0.0,0.0,0.0,no_change,1.08,2026-09-02T15:16:34,0.0,0.975000023841858,229.88,2026-09-04 19:44:26,2026-09-04 15:45:04
NVDA,NVDA280616P00070000,NVDA,2028-06-16,P,70.0,0.92,392.0,1.43,416.0,0.5287,640.0,0.0,-0.0166,0.0003,0.1277,-0.005,-0.0837,1.219,0.0,0.0,0.0,0.0,no_change,1.2,2026-09-03T13:24:12,0.0,1.16500002145767,229.88,2026-09-04 19:44:26,2026-09-04 15:45:04
NVDA,NVDA280616P00075000,NVDA,2028-06-16,P,75.0,1.34,325.0,1.49,465.0,0.5191,1149.0,11.0,-0.0194,0.0003,0.1456,-0.0055,-0.097,1.414,-0.04,1.39,1.39,1.39,up,1.39,2026-09-04T13:44:02,-2.7972,1.43000000715256,229.88,2026-09-04 19:44:26,2026-09-04 15:45:04
NVDA,NVDA280616P00080000,NVDA,2028-06-16,P,80.0,1.57,30.0,1.76,304.0,0.5089,642.0,0.0,-0.0226,0.0004,0.166,-0.0062,-0.1122,1.6331,0.0,0.0,0.0,0.0,down,1.64,2026-09-03T11:04:12,0.0,1.50999999046326,229.88,2026-09-04 19:44:26,2026-09-04 15:45:04
NVDA,NVDA280616P00085000,NVDA,2028-06-16,P,85.0,1.67,522.0,2.1,565.0,0.496,856.0,37.0,-0.0261,0.0004,0.1875,-0.0068,-0.1296,1.8834,0.005,1.78,1.85,1.78,up,1.85,2026-09-04T10:44:34,0.271004,1.84499996900558,229.88,2026-09-04 19:44:26,2026-09-04 15:45:04
NVDA,NVDA280616P00090000,NVDA,2028-06-16,P,90.0,2.11,169.0,2.38,448.0,0.4896,229.0,58.0,-0.0301,0.0005,0.2103,-0.0075,-0.1479,2.1692,-0.04,2.12,2.12,2.07,down,2.07,2026-09-04T11:19:54,-1.89574,2.11000001430511,229.88,2026-09-04 19:44:26,2026-09-04 15:45:04
NVDA,NVDA280616P00095000,NVDA,2028-06-16,P,95.0,2.44,28.0,2.73,317.0,0.4808,866.0,20.0,-0.0347,0.0005,0.2367,-0.0083,-0.1701,2.4971,-0.1,2.37,2.37,2.37,down,2.37,2026-09-04T10:42:22,-4.04858,2.47000002861023,229.88,2026-09-04 19:44:26,2026-09-04 15:45:04
NVDA,NVDA280616P00100000,NVDA,2028-06-16,P,100.0,2.82,40.0,3.0,455.0,0.4704,2171.0,58.0,-0.0398,0.0006,0.2648,-0.0091,-0.1945,2.8748,0.005,2.8,2.86,2.79,up,2.86,2026-09-04T15:27:30,0.175131,2.85500001907349,229.88,2026-09-04 19:44:26,2026-09-04 15:45:04
NVDA,NVDA280616P00105000,NVDA,2028-06-16,P,105.0,3.1,307.0,3.4,279.0,0.4602,939.0,0.0,-0.0454,0.0007,0.2934,-0.01,-0.2201,3.3049,0.0,0.0,0.0,0.0,no_change,3.52,2026-09-01T11:38:05,0.0,3.19500005245209,229.88,2026-09-04 19:44:26,2026-09-04 15:45:04
NVDA,NVDA280616P00110000,NVDA,2028-06-16,P,110.0,3.65,458.0,3.9,453.0,0.4554,1319.0,46.0,-0.0517,0.0008,0.3262,-0.011,-0.2505,3.794,0.0,3.66,3.75,3.45,up,3.75,2026-09-04T13:17:34,0.0,3.75,229.88,2026-09-04 19:44:26,2026-09-04 15:45:04
NVDA,NVDA280616P00115000,NVDA,2028-06-16,P,115.0,4.15,454.0,4.4,26.0,0.4485,216.0,10.0,-0.0587,0.0009,0.3607,-0.012,-0.283,4.3481,0.05,4.25,4.25,4.25,no_change,4.25,2026-09-04T09:30:01,1.19047,4.20000004768372,229.88,2026-09-04 19:44:26,2026-09-04 15:45:04
NVDA,NVDA280616P00120000,NVDA,2028-06-16,P,120.0,4.8,304.0,5.05,263.0,0.4446,3967.0,10.0,-0.0663,0.001,0.3944,-0.0131,-0.3182,4.9736,-0.13,4.66,4.72,4.66,no_change,4.72,2026-09-04T10:40:42,-2.68041,4.84999990463257,229.88,2026-09-04 19:44:26,2026-09-04 15:45:04
NVDA,NVDA280616P00125000,NVDA,2028-06-16,P,125.0,5.55,460.0,5.8,460.0,0.4417,2304.0,1.0,-0.0746,0.0011,0.4326,-0.0142,-0.3578,5.6703,-0.075,5.35,5.35,5.35,down,5.35,2026-09-04T09:51:41,-1.38249,5.42499995231628,229.88,2026-09-04 19:44:26,2026-09-04 15:45:04
NVDA,NVDA280616P00130000,NVDA,2028-06-16,P,130.0,6.25,468.0,6.7,458.0,0.4385,3339.0,3.0,-0.0835,0.0012,0.4718,-0.0154,-0.3985,6.4453,-0.15,6.05,6.1,6.05,no_change,6.1,2026-09-04T10:36:01,-2.4,6.25,229.88,2026-09-04 19:44:26,2026-09-04 15:45:04
NVDA,NVDA280616P00135000,NVDA,2028-06-16,P,135.0,7.15,478.0,7.4,212.0,0.4339,1887.0,22.0,-0.0932,0.0013,0.5089,-0.0166,-0.4429,7.3031,-0.175,7.0,7.0,6.8,no_change,7.0,2026-09-04T11:00:20,-2.43903,7.17500019073486,229.88,2026-09-04 19:44:26,2026-09-04 15:45:04
NVDA,NVDA280616P00140000,NVDA,2028-06-16,P,140.0,7.95,466.0,8.35,131.0,0.4298,899.0,3.0,-0.1034,0.0014,0.5503,-0.0178,-0.4875,8.2389,-0.35,7.75,7.8,7.75,no_change,7.8,2026-09-04T10:36:01,-4.29448,8.15000009536743,229.88,2026-09-04 19:44:26,2026-09-04 15:45:04
NVDA,NVDA280616P00145000,NVDA,2028-06-16,P,145.0,9.15,471.0,9.6,480.0,0.4306,882.0,82.0,-0.1143,0.0015,0.5908,-0.019,-0.5397,9.2639,-0.355,8.98,8.98,8.61,down,8.77,2026-09-04T10:37:22,-3.89041,9.125,229.88,2026-09-04 19:44:26,2026-09-04 15:45:04
NVDA,NVDA280616P00150000,NVDA,2028-06-16,P,150.0,10.25,479.0,10.5,387.0,0.4261,6195.0,29.0,-0.1258,0.0016,0.6304,-0.0202,-0.5911,10.3835,0.08,9.75,10.38,9.75,up,10.38,2026-09-04T15:23:54,0.776697,10.3000001907349,229.88,2026-09-04 19:44:26,2026-09-04 15:45:04
NVDA,NVDA280616P00155000,NVDA,2028-06-16,P,155.0,11.45,583.0,11.85,548.0,0.4252,6614.0,8.0,-0.1378,0.0018,0.6704,-0.0214,-0.6414,11.5739,-0.405,10.9,11.07,10.9,up,11.07,2026-09-04T11:09:35,-3.52941,11.4749999046326,229.88,2026-09-04 19:44:26,2026-09-04 15:45:04
NVDA,NVDA280616P00160000,NVDA,2028-06-16,P,160.0,12.8,48.0,13.0,216.0,0.4224,5570.0,20.0,-0.1504,0.0019,0.7124,-0.0227,-0.7004,12.8696,0.14,12.84,12.84,12.84,no_change,12.84,2026-09-04T14:31:42,1.10236,12.7000002861023,229.88,2026-09-04 19:44:26,2026-09-04 15:45:04
NVDA,NVDA280616P00165000,NVDA,2028-06-16,P,165.0,14.15,426.0,14.4,403.0,0.4203,869.0,8.0,-0.1636,0.002,0.7514,-0.0239,-0.758,14.2618,-0.475,13.5,13.5,13.5,down,13.5,2026-09-04T10:32:13,-3.39893,13.9749999046326,229.88,2026-09-04 19:44:26,2026-09-04 15:45:04
NVDA,NVDA280616P00170000,NVDA,2028-06-16,P,170.0,15.35,582.0,15.9,446.0,0.417,5274.0,1209.0,-0.1772,0.0021,0.7887,-0.025,-0.8141,15.7343,0.105,14.75,15.68,14.75,up,15.68,2026-09-04T15:23:25,0.674155,15.5750002861023,229.88,2026-09-04 19:44:26,2026-09-04 15:45:04
NVDA,NVDA280616P00175000,NVDA,2028-06-16,P,175.0,17.1,261.0,17.6,335.0,0.4174,1077.0,8.0,-0.1913,0.0022,0.8274,-0.0262,-0.8767,17.3006,0.21,16.9,17.31,16.9,up,17.31,2026-09-04T14:33:05,1.22807,17.0999994277954,229.88,2026-09-04 19:44:26,2026-09-04 15:45:04
NVDA,NVDA280616P00180000,NVDA,2028-06-16,P,180.0,18.85,392.0,19.1,105.0,0.4153,2680.0,84.0,-0.2058,0.0024,0.8633,-0.0273,-0.9348,18.9743,-0.255,18.35,18.57,18.2,up,18.57,2026-09-04T12:54:37,-1.35458,18.8249998092651,229.88,2026-09-04 19:44:26,2026-09-04 15:45:04
NVDA,NVDA280616P00185000,NVDA,2028-06-16,P,185.0,20.2,493.0,20.9,198.0,0.412,1365.0,8.0,-0.2206,0.0025,0.8974,-0.0284,-0.9979,20.7257,-0.535,19.94,19.94,19.94,down,19.94,2026-09-04T11:24:37,-2.61294,20.4750003814697,229.88,2026-09-04 19:44:26,2026-09-04 15:45:04
NVDA,NVDA280616P00190000,NVDA,2028-06-16,P,190.0,22.45,404.0,22.75,495.0,0.4128,3235.0,108.0,-0.2359,0.0026,0.9307,-0.0294,-1.0538,22.5829,0.1,21.75,22.5,21.75,down,22.4,2026-09-04T14:48:12,0.44843,22.3000001907349,229.88,2026-09-04 19:44:26,2026-09-04 15:45:04
NVDA,NVDA280616P00195000,NVDA,2028-06-16,P,195.0,24.4,294.0,24.7,178.0,0.4117,2673.0,21.0,-0.2514,0.0027,0.963,-0.0304,-1.1215,24.5282,0.25,23.35,24.55,23.35,no_change,24.55,2026-09-04T15:27:33,1.02881,24.3000001907349,229.88,2026-09-04 19:44:26,2026-09-04 15:45:04
NVDA,NVDA280616P00200000,NVDA,2028-06-16,P,200.0,26.45,57.0,27.0,530.0,0.4118,6418.0,349.0,-0.2674,0.0028,0.9928,-0.0314,-1.1782,26.5828,0.25,25.85,26.6,25.27,up,26.6,2026-09-04T14:57:30,0.948769,26.3499994277954,229.88,2026-09-04 19:44:26,2026-09-04 15:45:04
NVDA,NVDA280616P00205000,NVDA,2028-06-16,P,205.0,28.4,458.0,28.8,275.0,0.4081,1129.0,53.0,-0.2835,0.0029,1.0196,-0.0323,-1.2435,28.7211,0.01,27.45,28.46,27.45,up,28.46,2026-09-04T13:18:52,0.0351501,28.4499998092651,229.88,2026-09-04 19:44:26,2026-09-04 15:45:04
NVDA,NVDA280616P00210000,NVDA,2028-06-16,P,210.0,30.3,493.0,31.05,56.0,0.4057,1052.0,2.0,-0.2998,0.003,1.0452,-0.0332,-1.2959,30.9496,-0.375,30.25,30.25,30.25,no_change,30.25,2026-09-04T12:27:50,-1.22449,30.625,229.88,2026-09-04 19:44:26,2026-09-04 15:45:04
NVDA,NVDA280616P00215000,NVDA,2028-06-16,P,215.0,33.05,384.0,33.35,2.0,0.4068,782.0,42.0,-0.3164,0.0031,1.0694,-0.034,-1.36,33.2703,0.175,32.0,33.1,32.0,down,33.05,2026-09-04T13:27:23,0.532319,32.875,229.88,2026-09-04 19:44:26,2026-09-04 15:45:04
NVDA,NVDA280616P00220000,NVDA,2028-06-16,P,220.0,35.3,567.0,36.2,549.0,0.4073,6421.0,49.0,-0.3331,0.0032,1.09,-0.0347,-1.4128,35.6809,0.19,34.14,35.49,33.98,no_change,35.49,2026-09-04T14:20:54,0.538246,35.2999992370606,229.88,2026-09-04 19:44:26,2026-09-04 15:45:04
NVDA,NVDA280616P00225000,NVDA,2028-06-16,P,225.0,38.05,288.0,38.3,282.0,0.4058,372.0,106.0,-0.3499,0.0033,1.1096,-0.0354,-1.4744,38.1847,0.05,37.0,37.9,37.0,no_change,37.9,2026-09-04T15:02:31,0.132104,37.8499984741211,229.88,2026-09-04 19:44:26,2026-09-04 15:45:04
NVDA,NVDA280616P00230000,NVDA,2028-06-16,P,230.0,40.3,560.0,40.9,115.0,0.4035,2819.0,40.0,-0.3669,0.0034,1.1254,-0.0361,-1.5177,40.7886,-0.47,38.96,40.3,38.55,down,40.03,2026-09-04T13:03:53,-1.16049,40.5,229.88,2026-09-04 19:44:26,2026-09-04 15:45:04
NVDA,NVDA280616P00235000,NVDA,2028-06-16,P,235.0,43.25,459.0,43.55,54.0,0.4039,2552.0,41.0,-0.384,0.0035,1.1398,-0.0367,-1.5742,43.4646,0.155,41.21,43.38,41.1,up,43.38,2026-09-04T14:41:48,0.358588,43.2250003814697,229.88,2026-09-04 19:44:26,2026-09-04 15:45:04
NVDA,NVDA280616P00240000,NVDA,2028-06-16,P,240.0,45.95,171.0,46.4,75.0,0.4039,226.0,0.0,-0.4011,0.0036,1.151,-0.0372,-1.6156,46.2432,0.0,0.0,0.0,0.0,up,47.98,2026-09-02T15:44:35,0.0,45.5250015258789,229.88,2026-09-04 19:44:26,2026-09-04 15:45:04
NVDA,NVDA280616P00245000,NVDA,2028-06-16,P,245.0,48.85,49.0,49.6,469.0,0.4044,47.0,4.0,-0.4182,0.0036,1.1621,-0.0377,-1.6752,49.102,-0.625,48.05,48.05,48.05,down,48.05,2026-09-04T12:09:03,-1.28403,48.6749992370606,229.88,2026-09-04 19:44:26,2026-09-04 15:45:04
NVDA,NVDA280616P00250000,NVDA,2028-06-16,P,250.0,51.8,52.0,52.45,466.0,0.4036,199.0,23.0,-0.4353,0.0037,1.1689,-0.0382,-1.705,52.0256,-1.025,49.75,50.95,49.75,no_change,50.95,2026-09-04T12:09:21,-1.9721,51.9750003814697,229.88,2026-09-04 19:44:26,2026-09-04 15:45:04
NVDA,NVDA280616P00255000,NVDA,2028-06-16,P,255.0,54.8,335.0,55.35,456.0,0.4026,309.0,10.0,-0.4524,0.0038,1.1738,-0.0386,-1.7421,55.0479,-1.95,52.95,52.95,52.95,down,52.95,2026-09-04T10:24:09,-3.55192,54.9000015258789,229.88,2026-09-04 19:44:26,2026-09-04 15:45:04
NVDA,NVDA280616P00260000,NVDA,2028-06-16,P,260.0,57.4,457.0,58.3,237.0,0.3988,119.0,20.0,-0.4696,0.0038,1.1765,-0.0389,-1.7851,58.1634,-0.8,55.9,57.0,55.9,up,57.0,2026-09-04T12:09:16,-1.38408,57.7999992370606,229.88,2026-09-04 19:44:26,2026-09-04 15:45:04
NVDA,NVDA280616P00265000,NVDA,2028-06-16,P,265.0,60.95,421.0,61.4,130.0,0.4,234.0,175.0,-0.4868,0.0039,1.1736,-0.0392,-1.8186,61.3549,0.025,59.15,61.1,59.15,up,61.1,2026-09-04T15:22:05,0.0409352,61.0749988555908,229.88,2026-09-04 19:44:26,2026-09-04 15:45:04
NVDA,NVDA280616P00270000,NVDA,2028-06-16,P,270.0,63.75,490.0,65.1,5.0,0.3997,898.0,28.0,-0.5038,0.004,1.1743,-0.0395,-1.8626,64.6171,-0.945,62.35,63.58,62.35,no_change,63.58,2026-09-04T12:47:08,-1.46455,64.5250015258789,229.88,2026-09-04 19:44:26,2026-09-04 15:45:04
NVDA,NVDA280616P00275000,NVDA,2028-06-16,P,275.0,67.65,132.0,68.3,436.0,0.4012,62.0,942.0,-0.5206,0.004,1.1694,-0.0397,-1.8728,67.935,-0.8,65.53,66.9,65.47,no_change,66.9,2026-09-04T12:47:08,-1.18168,67.6999969482422,229.88,2026-09-04 19:44:26,2026-09-04 15:45:04
NVDA,NVDA280616P00280000,NVDA,2028-06-16,P,280.0,70.45,491.0,71.45,146.0,0.3971,2858.0,15.0,-0.5376,0.0041,1.1626,-0.0399,-1.8857,71.3482,-2.275,68.75,68.75,68.75,down,68.75,2026-09-04T10:24:08,-3.2031,71.0250015258789,229.88,2026-09-04 19:44:26,2026-09-04 15:45:04
NVDA,NVDA280616P00285000,NVDA,2028-06-16,P,285.0,74.5,159.0,74.95,448.0,0.3992,2030.0,1.0,-0.5544,0.0041,1.1561,-0.04,-1.9121,74.8449,-1.9,72.6,72.6,72.6,down,72.6,2026-09-04T09:45:42,-2.55034,74.5,229.88,2026-09-04 19:44:26,2026-09-04 15:45:04
NVDA,NVDA280616P00290000,NVDA,2028-06-16,P,290.0,78.05,44.0,79.15,260.0,0.4017,246.0,0.0,-0.571,0.0042,1.1372,-0.0401,-1.9165,78.4096,0.0,0.0,0.0,0.0,down,79.25,2026-09-03T10:34:18,0.0,78.2750015258789,229.88,2026-09-04 19:44:26,2026-09-04 15:45:04
NVDA,NVDA280616P00295000,NVDA,2028-06-16,P,295.0,81.65,62.0,82.45,198.0,0.4,42.0,0.0,-0.5876,0.0042,1.1294,-0.0402,-1.9403,82.0372,0.0,0.0,0.0,0.0,down,81.88,2026-09-03T13:39:55,0.0,81.6500015258789,229.88,2026-09-04 19:44:26,2026-09-04 15:45:04
NVDA,NVDA280616P00300000,NVDA,2028-06-16,P,300.0,85.3,84.0,86.45,268.0,0.4012,245.0,0.0,-0.6039,0.0042,1.1188,-0.0403,-1.9406,85.7067,0.0,0.0,0.0,0.0,no_change,86.1,2026-09-03T13:09:19,0.0,85.5,229.88,2026-09-04 19:44:26,2026-09-04 15:45:04
NVDA,NVDA280616P00305000,NVDA,2028-06-16,P,305.0,89.05,79.0,90.15,277.0,0.4006,87.0,0.0,-0.6202,0.0043,1.0964,-0.0403,-1.9341,89.4846,0.0,0.0,0.0,0.0,down,96.55,2026-08-31T09:41:08,0.0,88.6749992370606,229.88,2026-09-04 19:44:26,2026-09-04 15:45:04
NVDA,NVDA280616P00310000,NVDA,2028-06-16,P,310.0,91.45,342.0,93.4,186.0,0.3912,43.0,0.0,-0.6365,0.0043,1.0754,-0.0404,-1.9371,93.3093,0.0,0.0,0.0,0.0,up,94.25,2026-08-27T13:57:44,0.0,92.9000015258789,229.88,2026-09-04 19:44:26,2026-09-04 15:45:04
NVDA,NVDA280616P00315000,NVDA,2028-06-16,P,315.0,96.65,203.0,97.55,256.0,0.3985,76.0,0.0,-0.6524,0.0043,1.058,-0.0403,-1.8956,97.1909,0.0,0.0,0.0,0.0,down,97.25,2026-08-27T13:27:58,0.0,96.4750022888184,229.88,2026-09-04 19:44:26,2026-09-04 15:45:04
NVDA,NVDA280616P00320000,NVDA,2028-06-16,P,320.0,100.5,260.0,101.1,11.0,0.3959,384.0,0.0,-0.6682,0.0044,1.0258,-0.0403,-1.895,101.1493,0.0,0.0,0.0,0.0,down,103.25,2026-09-03T09:30:09,0.0,100.775001525879,229.88,2026-09-04 19:44:26,2026-09-04 15:45:04
NVDA,NVDA280616P00325000,NVDA,2028-06-16,P,325.0,104.45,386.0,105.75,412.0,0.3987,115.0,1.0,-0.6839,0.0044,1.0083,-0.0403,-1.8968,105.1565,-2.95,102.0,102.0,102.0,down,102.0,2026-09-04T09:46:43,-2.81086,104.949996948242,229.88,2026-09-04 19:44:26,2026-09-04 15:45:04
NVDA,NVDA280616P00330000,NVDA,2028-06-16,P,330.0,106.5,607.0,109.45,223.0,0.3862,194.0,0.0,-0.6994,0.0044,0.9883,-0.0402,-1.8716,109.2133,0.0,0.0,0.0,0.0,up,127.75,2026-07-23T10:49:30,0.0,109.474998474121,229.88,2026-09-04 19:44:26,2026-09-04 15:45:04
NVDA,NVDA280616P00335000,NVDA,2028-06-16,P,335.0,112.5,251.0,113.9,280.0,0.3978,374.0,0.0,-0.7148,0.0045,0.953,-0.0402,-1.7986,113.3332,0.0,0.0,0.0,0.0,no_change,130.45,2026-07-14T15:10:02,0.0,112.924999237061,229.88,2026-09-04 19:44:26,2026-09-04 15:45:04
NVDA,NVDA280616P00340000,NVDA,2028-06-16,P,340.0,114.85,511.0,117.5,51.0,0.3842,270.0,0.0,-0.7304,0.0045,0.9152,-0.0403,-1.7866,117.5156,0.0,0.0,0.0,0.0,down,119.9,2026-09-02T13:21:17,0.0,117.375,229.88,2026-09-04 19:44:26,2026-09-04 15:45:04
NVDA,NVDA280616P00345000,NVDA,2028-06-16,P,345.0,120.2,351.0,122.4,294.0,0.3943,26.0,0.0,-0.7456,0.0045,0.8973,-0.0402,-1.7635,121.737,0.0,0.0,0.0,0.0,up,132.1,2026-08-06T10:38:54,0.0,121.375,229.88,2026-09-04 19:44:26,2026-09-04 15:45:04
NVDA,NVDA280616P00350000,NVDA,2028-06-16,P,350.0,123.8,467.0,126.05,143.0,0.3859,119.0,0.0,-0.7601,0.0045,0.8511,-0.0399,-1.6646,126.0238,0.0,0.0,0.0,0.0,down,126.25,2026-08-27T13:27:44,0.0,125.924999237061,229.88,2026-09-04 19:44:26,2026-09-04 15:45:04
NVDA,NVDA280616P00360000,NVDA,2028-06-16,P,360.0,132.75,223.0,134.7,9.0,0.386,63.0,0.0,-0.7897,0.0046,0.7915,-0.0395,-1.632,134.7335,0.0,0.0,0.0,0.0,down,135.39,2026-08-27T13:51:04,0.0,134.075004577637,229.88,2026-09-04 19:44:26,2026-09-04 15:45:04
NVDA,NVDA280616P00370000,NVDA,2028-06-16,P,370.0,141.25,5.0,144.75,109.0,0.3869,21.0,0.0,-0.8182,0.0046,0.6963,-0.0396,-1.3728,143.6355,0.0,0.0,0.0,0.0,down,155.75,2026-08-06T11:37:38,0.0,143.0,229.88,2026-09-04 19:44:26,2026-09-04 15:45:04
NVDA,NVDA280616P00380000,NVDA,2028-06-16,P,380.0,151.6,4.0,154.25,124.0,0.4035,17.0,0.0,-0.8452,0.0045,0.6329,-0.0397,-1.326,152.7205,0.0,0.0,0.0,0.0,down,162.15,2026-08-05T14:08:08,0.0,152.449996948242,229.88,2026-09-04 19:44:26,2026-09-04 15:45:04
NVDA,NVDA280616P00390000,NVDA,2028-06-16,P,390.0,160.85,4.0,162.85,37.0,0.398,0.0,0.0,-0.8706,0.0044,0.5304,-0.0395,-1.0943,161.974,0.0,0.0,0.0,0.0,up,184.75,2026-07-13T12:09:05,0.0,162.175003051758,229.88,2026-09-04 19:44:26,2026-09-04 15:45:04
NVDA,NVDA280616P00400000,NVDA,2028-06-16,P,400.0,169.05,206.0,172.4,84.0,0.3823,104.0,0.0,-0.8949,0.0042,0.4543,-0.0402,-1.0098,171.3753,0.0,0.0,0.0,0.0,down,170.86,2026-09-03T13:42:46,0.0,170.875,229.88,2026-09-04 19:44:26,2026-09-04 15:45:04
NVDA,NVDA280616P00410000,NVDA,2028-06-16,P,410.0,178.7,68.0,182.0,3.0,0.3792,0.0,0.0,-0.9165,0.0039,0.3408,-0.0351,-0.7365,180.9299,0.0,0.0,0.0,0.0,down,191.08,2026-08-05T15:59:37,0.0,181.550003051758,229.88,2026-09-04 19:44:26,2026-09-04 15:45:04
NVDA,NVDA280616P00420000,NVDA,2028-06-16,P,420.0,188.7,41.0,192.0,31.0,0.3928,0.0,0.0,-0.9367,0.0036,0.3071,-0.0281,-0.5418,190.5671,0.0,0.0,0.0,0.0,down,196.99,2026-08-12T11:15:18,0.0,190.974998474121,229.88,2026-09-04 19:44:26,2026-09-04 15:45:04
NVDA,NVDA280616P00430000,NVDA,2028-06-16,P,430.0,198.65,34.0,201.95,34.0,0.3994,0.0,0.0,-0.9532,0.0031,0.1915,-0.023,-0.3619,200.3479,0.0,0.0,0.0,0.0,down,199.51,2026-05-14T14:42:25,0.0,201.099998474121,229.88,2026-09-04 19:44:26,2026-09-04 15:45:04
NVDA,NVDA280616P00440000,NVDA,2028-06-16,P,440.0,208.6,33.0,211.85,33.0,0.4051,0.0,0.0,-0.9667,0.0025,0.1383,-0.0088,-0.3268,210.199,0.0,0.0,0.0,0.0,down,216.71,2026-08-12T11:15:18,0.0,211.025001525879,229.88,2026-09-04 19:44:26,2026-09-04 15:45:04
NVDA,NVDA280616P00450000,NVDA,2028-06-16,P,450.0,218.95,3.0,221.8,31.0,0.4266,0.0,1.0,-0.9774,0.002,0.0792,-0.0007,0.0,220.115,-4.725,216.3,216.3,216.3,down,216.3,2026-09-04T10:13:49,-2.13777,221.025001525879,229.88,2026-09-04 19:44:26,2026-09-04 15:45:04
NVDA,NVDA280616P00460000,NVDA,2028-06-16,P,460.0,228.6,3.0,231.8,3.0,0.4249,0.0,0.0,-0.9858,0.0012,0.0,-0.0007,0.0,230.115,0.0,0.0,0.0,0.0,down,232.26,2026-09-03T10:08:29,0.0,230.975006103516,229.88,2026-09-04 19:44:26,2026-09-04 15:45:04
NVDA,NVDA281215C00005000,NVDA,2028-12-15,C,5.0,221.1,68.0,229.0,221.0,0.0,687.0,2.0,1.0,0.0,0.0045,0.0,0.0482,225.4661,2.525,228.75,228.75,226.0,down,226.0,2026-09-04T13:24:59,1.12988,223.475006103516,229.88,2026-09-04 19:44:26,2026-09-04 15:45:04
NVDA,NVDA281215C00010000,NVDA,2028-12-15,C,10.0,215.0,111.0,225.0,201.0,0.0,116.0,1.0,1.0,0.0,0.0042,0.0,0.1056,220.6193,5.81,224.81,224.81,224.81,up,224.81,2026-09-04T10:14:52,2.65297,219.0,229.88,2026-09-04 19:44:26,2026-09-04 15:45:04
NVDA,NVDA281215C00015000,NVDA,2028-12-15,C,15.0,211.7,15.0,219.65,11.0,0.1952,127.0,1.0,1.0,0.0,0.009,0.0,0.2078,215.8742,1.775,218.0,218.0,218.0,up,218.0,2026-09-04T11:25:12,0.820905,216.224998474121,229.88,2026-09-04 19:44:26,2026-09-04 15:45:04
NVDA,NVDA281215C00020000,NVDA,2028-12-15,C,20.0,207.15,15.0,215.1,11.0,0.5615,1417.0,0.0,1.0,0.0,0.0184,0.0,0.3455,211.2737,0.0,0.0,0.0,0.0,no_change,208.75,2026-09-03T10:00:18,0.0,209.474998474121,229.88,2026-09-04 19:44:26,2026-09-04 15:45:04
NVDA,NVDA281215C00025000,NVDA,2028-12-15,C,25.0,202.9,83.0,210.7,271.0,0.6901,588.0,32.0,1.0,0.0,0.0296,0.0,0.4799,206.7788,3.245,210.0,210.0,207.42,down,207.42,2026-09-04T13:12:22,1.58933,204.174995422363,229.88,2026-09-04 19:44:26,2026-09-04 15:45:04
NVDA,NVDA281215C00030000,NVDA,2028-12-15,C,30.0,198.35,38.0,206.25,235.0,0.642,770.0,0.0,1.0,0.0,0.0386,0.0,0.5886,202.3381,0.0,0.0,0.0,0.0,up,200.23,2026-09-03T10:08:50,0.0,201.300003051758,229.88,2026-09-04 19:44:26,2026-09-04 15:45:04
NVDA,NVDA281215C00035000,NVDA,2028-12-15,C,35.0,194.1,79.0,201.85,162.0,0.6351,1127.0,2.0,1.0,0.0001,0.051,0.0,0.6946,197.933,1.0,199.8,199.8,197.85,down,197.85,2026-09-04T13:55:17,0.507998,196.850006103516,229.88,2026-09-04 19:44:26,2026-09-04 15:45:04
NVDA,NVDA281215C00040000,NVDA,2028-12-15,C,40.0,189.55,19.0,197.45,169.0,0.5966,469.0,0.0,1.0,0.0001,0.0615,0.0,0.7861,193.5461,0.0,0.0,0.0,0.0,up,183.69,2026-08-31T15:57:57,0.0,192.449996948242,229.88,2026-09-04 19:44:26,2026-09-04 15:45:04
NVDA,NVDA281215C00045000,NVDA,2028-12-15,C,45.0,185.1,20.0,193.05,141.0,0.5707,1086.0,0.0,1.0,0.0001,0.0779,0.0,0.874,189.1739,0.0,0.0,0.0,0.0,up,185.5,2026-09-03T09:34:55,0.0,188.150001525879,229.88,2026-09-04 19:44:26,2026-09-04 15:45:04
NVDA,NVDA281215C00050000,NVDA,2028-12-15,C,50.0,180.75,20.0,188.7,248.0,0.5557,727.0,5.0,0.9981,0.0001,0.0917,0.0,0.9621,184.8204,1.18,184.93,184.93,184.93,up,184.93,2026-09-04T15:04:08,0.642177,183.75,229.88,2026-09-04 19:44:26,2026-09-04 15:45:04
NVDA,NVDA281215C00055000,NVDA,2028-12-15,C,55.0,176.4,21.0,184.35,244.0,0.54,956.0,0.0,0.996,0.0002,0.1088,0.0,1.0498,180.481,0.0,0.0,0.0,0.0,up,178.07,2026-09-03T13:36:23,0.0,179.375,229.88,2026-09-04 19:44:26,2026-09-04 15:45:04
NVDA,NVDA281215C00060000,NVDA,2028-12-15,C,60.0,172.05,86.0,178.4,1.0,0.425,1942.0,1.0,0.9937,0.0002,0.1275,0.0,1.1321,176.1638,-0.04,174.71,174.71,174.71,down,174.71,2026-09-04T13:44:51,-0.0228898,174.75,229.88,2026-09-04 19:44:26,2026-09-04 15:45:04
NVDA,NVDA281215C00065000,NVDA,2028-12-15,C,65.0,167.8,94.0,175.7,251.0,0.5137,927.0,1.0,0.9911,0.0002,0.1452,0.0,1.2153,171.8674,-0.93,170.22,170.22,170.22,down,170.22,2026-09-04T13:44:51,-0.543384,171.150001525879,229.88,2026-09-04 19:44:26,2026-09-04 15:45:04
NVDA,NVDA281215C00070000,NVDA,2028-12-15,C,70.0,163.8,282.0,171.45,249.0,0.5118,1221.0,0.0,0.9883,0.0003,0.1678,0.0,1.2981,167.5914,0.0,0.0,0.0,0.0,no_change,164.99,2026-09-03T12:46:41,0.0,167.199996948242,229.88,2026-09-04 19:44:26,2026-09-04 15:45:04
NVDA,NVDA281215C00075000,NVDA,2028-12-15,C,75.0,160.0,273.0,167.2,248.0,0.5113,1686.0,0.0,0.9851,0.0003,0.1904,0.0,1.3738,163.3541,0.0,0.0,0.0,0.0,up,158.15,2026-08-27T10:25:57,0.0,162.949996948242,229.88,2026-09-04 19:44:26,2026-09-04 15:45:04
NVDA,NVDA281215C00080000,NVDA,2028-12-15,C,80.0,157.35,122.0,163.0,290.0,0.5332,1608.0,0.0,0.9815,0.0004,0.2133,0.0,1.45,159.1378,0.0,0.0,0.0,0.0,up,154.0,2026-08-27T11:40:58,0.0,158.75,229.88,2026-09-04 19:44:26,2026-09-04 15:45:04
NVDA,NVDA281215C00085000,NVDA,2028-12-15,C,85.0,153.35,91.0,158.15,275.0,0.51,713.0,0.0,0.9775,0.0004,0.2412,0.0,1.525,154.9703,0.0,0.0,0.0,0.0,down,143.87,2026-08-31T15:01:43,0.0,153.900001525879,229.88,2026-09-04 19:44:26,2026-09-04 15:45:04
NVDA,NVDA281215C00090000,NVDA,2028-12-15,C,90.0,149.15,239.0,154.75,379.0,0.5099,5695.0,10.0,0.9731,0.0005,0.2694,0.0,1.5924,150.846,6.55,156.9,156.9,156.9,up,156.9,2026-09-04T10:05:46,4.3565,150.349998474121,229.88,2026-09-04 19:44:26,2026-09-04 15:45:04
NVDA,NVDA281215C00095000,NVDA,2028-12-15,C,95.0,144.45,277.0,150.4,316.0,0.4853,2417.0,0.0,0.9682,0.0005,0.2986,0.0,1.6583,146.7718,0.0,0.0,0.0,0.0,up,146.4,2026-09-03T15:28:34,0.0,146.099998474121,229.88,2026-09-04 19:44:26,2026-09-04 15:45:04
NVDA,NVDA281215C00100000,NVDA,2028-12-15,C,100.0,141.1,257.0,143.55,23.0,0.4443,5330.0,54.0,0.9627,0.0006,0.3322,0.0,1.7218,142.7436,0.4,145.25,146.35,143.0,no_change,143.25,2026-09-04T15:26:49,0.280015,142.849998474121,229.88,2026-09-04 19:44:26,2026-09-04 15:45:04
NVDA,NVDA281215C00105000,NVDA,2028-12-15,C,105.0,137.4,139.0,140.55,254.0,0.457,804.0,1.0,0.9568,0.0007,0.3659,0.0,1.7797,138.7939,4.48,142.68,142.68,142.68,up,142.68,2026-09-04T09:52:26,3.24168,138.200004577637,229.88,2026-09-04 19:44:26,2026-09-04 15:45:04
NVDA,NVDA281215C00110000,NVDA,2028-12-15,C,110.0,133.55,141.0,136.65,273.0,0.4522,1042.0,1.0,0.9503,0.0008,0.4009,0.0,1.834,134.9,1.94,135.89,135.89,135.89,up,135.89,2026-09-04T12:34:49,1.4483,133.949996948242,229.88,2026-09-04 19:44:26,2026-09-04 15:45:04
NVDA,NVDA281215C00115000,NVDA,2028-12-15,C,115.0,129.7,130.0,132.85,274.0,0.4475,857.0,0.0,0.9433,0.0008,0.4392,0.0,1.887,131.073,0.0,0.0,0.0,0.0,up,127.95,2026-09-03T12:25:22,0.0,130.474998474121,229.88,2026-09-04 19:44:26,2026-09-04 15:45:04
NVDA,NVDA281215C00120000,NVDA,2028-12-15,C,120.0,125.55,347.0,128.95,233.0,0.4377,6307.0,11.0,0.9358,0.0009,0.4772,-0.001,1.9352,127.3181,4.155,129.0,130.92,129.0,down,130.88,2026-09-04T10:18:06,3.27875,126.725002288818,229.88,2026-09-04 19:44:26,2026-09-04 15:45:04
NVDA,NVDA281215C00125000,NVDA,2028-12-15,C,125.0,122.65,219.0,125.1,221.0,0.4404,615.0,10.0,0.9278,0.001,0.5164,-0.0022,1.9833,123.6353,1.57,127.3,127.3,124.55,up,124.57,2026-09-04T12:18:33,1.27642,123.0,229.88,2026-09-04 19:44:26,2026-09-04 15:45:04
NVDA,NVDA281215C00130000,NVDA,2028-12-15,C,130.0,119.55,43.0,120.95,94.0,0.4368,1547.0,3.0,0.9194,0.0011,0.5572,-0.0035,2.0408,120.0211,2.07,121.88,121.88,121.12,down,121.12,2026-09-04T12:18:33,1.73877,119.049999237061,229.88,2026-09-04 19:44:26,2026-09-04 15:45:04
NVDA,NVDA281215C00135000,NVDA,2028-12-15,C,135.0,116.15,3.0,118.25,213.0,0.4416,559.0,13.0,0.9105,0.0012,0.5972,-0.0048,2.0866,116.5037,1.25,118.02,118.2,116.75,down,116.75,2026-09-04T14:17:37,1.08225,115.5,229.88,2026-09-04 19:44:26,2026-09-04 15:45:04
NVDA,NVDA281215C00140000,NVDA,2028-12-15,C,140.0,112.6,271.0,113.75,331.0,0.4295,5656.0,25.0,0.9011,0.0013,0.6381,-0.0061,2.1165,113.0548,1.425,115.53,116.8,113.3,down,113.3,2026-09-04T14:35:36,1.27374,111.875,229.88,2026-09-04 19:44:26,2026-09-04 15:45:04
NVDA,NVDA281215C00145000,NVDA,2028-12-15,C,145.0,109.35,4.0,109.9,3.0,0.4245,1395.0,7.0,0.8914,0.0013,0.6792,-0.0074,2.1416,109.6839,1.27,111.88,111.88,109.92,down,109.92,2026-09-04T14:35:36,1.16889,108.650001525879,229.88,2026-09-04 19:44:26,2026-09-04 15:45:04
NVDA,NVDA281215C00150000,NVDA,2028-12-15,C,150.0,106.05,93.0,106.95,120.0,0.4248,3815.0,82.0,0.8812,0.0014,0.7196,-0.0086,2.1638,106.3915,1.275,108.0,110.0,106.05,no_change,106.55,2026-09-04T15:17:36,1.21111,105.275001525879,229.88,2026-09-04 19:44:26,2026-09-04 15:45:04
NVDA,NVDA281215C00155000,NVDA,2028-12-15,C,155.0,102.85,5.0,103.6,67.0,0.4304,972.0,6.0,0.8707,0.0015,0.7595,-0.0099,2.1828,103.1769,1.695,106.14,106.7,103.52,down,103.52,2026-09-04T13:56:59,1.66462,101.825000762939,229.88,2026-09-04 19:44:26,2026-09-04 15:45:04
NVDA,NVDA281215C00160000,NVDA,2028-12-15,C,160.0,99.7,20.0,100.45,165.0,0.4275,2883.0,49.0,0.8598,0.0016,0.7996,-0.0111,2.1974,100.0312,2.0,100.5,103.8,100.5,down,100.85,2026-09-04T13:19:17,2.02327,98.8500022888184,229.88,2026-09-04 19:44:26,2026-09-04 15:45:04
NVDA,NVDA281215C00165000,NVDA,2028-12-15,C,165.0,96.6,249.0,97.1,21.0,0.4205,1330.0,27.0,0.8487,0.0017,0.8387,-0.0123,2.2081,96.9834,2.275,98.5,98.8,98.15,down,98.15,2026-09-04T11:36:39,2.37288,95.875,229.88,2026-09-04 19:44:26,2026-09-04 15:45:04
NVDA,NVDA281215C00170000,NVDA,2028-12-15,C,170.0,93.65,201.0,95.6,386.0,0.4239,4184.0,128.0,0.8373,0.0018,0.8766,-0.0134,2.2165,94.005,1.25,94.0,97.13,93.9,down,93.9,2026-09-04T15:21:10,1.34917,92.6499977111816,229.88,2026-09-04 19:44:26,2026-09-04 15:45:04
NVDA,NVDA281215C00175000,NVDA,2028-12-15,C,175.0,90.8,5.0,92.2,350.0,0.4198,2413.0,35.0,0.8256,0.0019,0.9134,-0.0146,2.2224,91.1036,2.8,93.75,94.5,92.4,up,93.15,2026-09-04T13:17:05,3.09906,90.3500022888184,229.88,2026-09-04 19:44:26,2026-09-04 15:45:04
NVDA,NVDA281215C00180000,NVDA,2028-12-15,C,180.0,88.0,5.0,88.75,281.0,0.4152,5017.0,60.0,0.8138,0.0019,0.9496,-0.0157,2.2243,88.2794,1.525,90.0,91.2,88.65,down,88.65,2026-09-04T13:49:13,1.75036,87.125,229.88,2026-09-04 19:44:26,2026-09-04 15:45:04
NVDA,NVDA281215C00185000,NVDA,2028-12-15,C,185.0,85.2,259.0,85.7,7.0,0.4131,6049.0,17.0,0.8016,0.002,0.9848,-0.0167,2.2229,85.5234,1.725,88.1,88.5,86.0,down,86.0,2026-09-04T14:52:30,2.04687,84.2749977111816,229.88,2026-09-04 19:44:26,2026-09-04 15:45:04
NVDA,NVDA281215C00190000,NVDA,2028-12-15,C,190.0,82.6,1.0,83.0,16.0,0.4115,5756.0,24.0,0.7894,0.0021,1.0181,-0.0178,2.2197,82.8532,1.825,85.5,86.25,83.5,down,83.5,2026-09-04T13:19:33,2.23447,81.6749992370606,229.88,2026-09-04 19:44:26,2026-09-04 15:45:04
NVDA,NVDA281215C00195000,NVDA,2028-12-15,C,195.0,80.0,172.0,80.8,270.0,0.4123,2372.0,35.0,0.777,0.0022,1.0499,-0.0187,2.2149,80.267,2.0,81.0,83.5,81.0,down,81.05,2026-09-04T13:15:36,2.53005,79.0499992370606,229.88,2026-09-04 19:44:26,2026-09-04 15:45:04
NVDA,NVDA281215C00200000,NVDA,2028-12-15,C,200.0,77.5,52.0,78.0,73.0,0.4101,31276.0,323.0,0.7645,0.0022,1.0806,-0.0197,2.207,77.7449,1.35,77.55,81.05,77.55,no_change,78.05,2026-09-04T15:21:03,1.7601,76.7000007629394,229.88,2026-09-04 19:44:26,2026-09-04 15:45:04
NVDA,NVDA281215C00205000,NVDA,2028-12-15,C,205.0,75.05,2.0,75.55,109.0,0.4093,3460.0,31.0,0.7519,0.0023,1.1101,-0.0206,2.196,75.2871,2.07,76.08,78.5,76.08,down,76.42,2026-09-04T11:38:55,2.78413,74.3500022888184,229.88,2026-09-04 19:44:26,2026-09-04 15:45:04
NVDA,NVDA281215C00210000,NVDA,2028-12-15,C,210.0,72.65,62.0,73.6,357.0,0.4102,7491.0,25.0,0.7393,0.0024,1.1377,-0.0214,2.1833,72.9208,0.65,73.56,76.05,72.75,down,72.75,2026-09-04T15:25:40,0.901528,72.0999984741211,229.88,2026-09-04 19:44:26,2026-09-04 15:45:04
NVDA,NVDA281215C00215000,NVDA,2028-12-15,C,215.0,70.2,352.0,70.8,21.0,0.4066,2940.0,49.0,0.7265,0.0024,1.1636,-0.0222,2.1698,70.616,1.3,73.57,73.57,71.0,up,71.2,2026-09-04T14:28:46,1.8598,69.9000015258789,229.88,2026-09-04 19:44:26,2026-09-04 15:45:04
NVDA,NVDA281215C00220000,NVDA,2028-12-15,C,220.0,67.85,326.0,68.7,239.0,0.406,8848.0,333.0,0.7138,0.0025,1.188,-0.023,2.1549,68.3799,1.0,68.37,71.0,68.37,down,68.4,2026-09-04T15:15:34,1.48368,67.3999977111816,229.88,2026-09-04 19:44:26,2026-09-04 15:45:04
NVDA,NVDA281215C00225000,NVDA,2028-12-15,C,225.0,66.2,1.0,66.95,365.0,0.4092,8021.0,129.0,0.701,0.0025,1.211,-0.0237,2.1373,66.2118,0.975,66.16,69.25,66.15,up,66.2,2026-09-04T15:27:17,1.49483,65.2249984741211,229.88,2026-09-04 19:44:26,2026-09-04 15:45:04
NVDA,NVDA281215C00230000,NVDA,2028-12-15,C,230.0,63.9,131.0,64.45,143.0,0.4062,7825.0,578.0,0.6883,0.0026,1.2325,-0.0244,2.1176,64.1112,1.15,64.67,67.0,63.95,no_change,64.25,2026-09-04T15:28:39,1.82251,63.0999984741211,229.88,2026-09-04 19:44:26,2026-09-04 15:45:04
NVDA,NVDA281215C00235000,NVDA,2028-12-15,C,235.0,62.0,27.0,62.3,77.0,0.4056,3167.0,216.0,0.6756,0.0026,1.2523,-0.025,2.0969,62.0769,1.1,62.44,65.0,62.2,down,62.2,2026-09-04T15:05:09,1.80033,61.1000003814697,229.88,2026-09-04 19:44:26,2026-09-04 15:45:04
NVDA,NVDA281215C00240000,NVDA,2028-12-15,C,240.0,59.85,263.0,60.25,190.0,0.4045,4059.0,168.0,0.6629,0.0027,1.2705,-0.0256,2.0759,60.0979,1.2,60.02,62.82,60.02,down,60.2,2026-09-04T15:28:32,2.0339,59.0,229.88,2026-09-04 19:44:26,2026-09-04 15:45:04
NVDA,NVDA281215C00245000,NVDA,2028-12-15,C,245.0,58.0,318.0,58.35,34.0,0.4039,1793.0,70.0,0.6502,0.0027,1.2871,-0.0261,2.0543,58.1896,1.24,60.61,60.61,58.34,down,58.34,2026-09-04T15:13:18,2.17163,57.0999984741211,229.88,2026-09-04 19:44:26,2026-09-04 15:45:04
NVDA,NVDA281215C00250000,NVDA,2028-12-15,C,250.0,56.15,330.0,56.95,332.0,0.4051,18567.0,237.0,0.6378,0.0027,1.3022,-0.0266,2.0309,56.3507,1.415,57.0,59.0,56.0,down,56.49,2026-09-04T15:13:18,2.56922,55.0750007629394,229.88,2026-09-04 19:44:26,2026-09-04 15:45:04
NVDA,NVDA281215C00255000,NVDA,2028-12-15,C,255.0,54.4,202.0,55.05,297.0,0.4044,1413.0,5.0,0.6253,0.0028,1.3158,-0.0271,2.0057,54.5632,0.4,54.87,55.2,54.35,down,54.35,2026-09-04T14:14:20,0.741426,53.9500007629394,229.88,2026-09-04 19:44:26,2026-09-04 15:45:04
NVDA,NVDA281215C00260000,NVDA,2028-12-15,C,260.0,52.7,154.0,53.05,234.0,0.403,4138.0,266.0,0.613,0.0028,1.328,-0.0275,1.9797,52.8347,1.2,53.22,55.1,52.6,up,53.0,2026-09-04T15:05:51,2.3166,51.7999992370606,229.88,2026-09-04 19:44:26,2026-09-04 15:45:04
NVDA,NVDA281215C00265000,NVDA,2028-12-15,C,265.0,50.9,339.0,51.4,33.0,0.4023,1059.0,2.0,0.6007,0.0028,1.3388,-0.0279,1.9538,51.1549,0.8,53.5,53.5,51.05,down,51.05,2026-09-04T12:30:30,1.59204,50.25,229.88,2026-09-04 19:44:26,2026-09-04 15:45:04
NVDA,NVDA281215C00270000,NVDA,2028-12-15,C,270.0,49.4,77.0,49.7,308.0,0.4021,3136.0,24.0,0.5886,0.0028,1.3482,-0.0282,1.9281,49.5383,1.45,49.37,51.87,49.37,no_change,50.1,2026-09-04T15:27:19,2.98047,48.6499996185303,229.88,2026-09-04 19:44:26,2026-09-04 15:45:04
NVDA,NVDA281215C00275000,NVDA,2028-12-15,C,275.0,47.85,68.0,48.25,66.0,0.4023,3138.0,45.0,0.5766,0.0029,1.3562,-0.0286,1.9017,47.9746,1.25,49.38,50.0,48.3,no_change,48.3,2026-09-04T15:02:41,2.65675,47.0499992370606,229.88,2026-09-04 19:44:26,2026-09-04 15:45:04
NVDA,NVDA281215C00280000,NVDA,2028-12-15,C,280.0,46.35,55.0,46.8,351.0,0.4022,2622.0,44.0,0.5649,0.0029,1.3629,-0.0288,1.8743,46.4709,1.155,48.5,48.5,46.5,no_change,46.73,2026-09-04T14:46:32,2.53429,45.5749988555908,229.88,2026-09-04 19:44:26,2026-09-04 15:45:04
NVDA,NVDA281215C00285000,NVDA,2028-12-15,C,285.0,44.4,498.0,45.15,49.0,0.3995,2062.0,3.0,0.5531,0.0029,1.3683,-0.0291,1.8455,45.0026,1.26,44.75,45.26,44.75,up,45.26,2026-09-04T12:36:04,2.86364,44.0,229.88,2026-09-04 19:44:26,2026-09-04 15:45:04
NVDA,NVDA281215C00290000,NVDA,2028-12-15,C,290.0,43.5,6.0,43.9,142.0,0.4018,6767.0,4.0,0.5416,0.0029,1.3724,-0.0293,1.8167,43.5921,1.625,43.85,44.3,43.85,up,44.3,2026-09-04T12:46:23,3.80785,42.6750011444092,229.88,2026-09-04 19:44:26,2026-09-04 15:45:04
NVDA,NVDA281215C00295000,NVDA,2028-12-15,C,295.0,42.1,9.0,42.45,13.0,0.4011,961.0,0.0,0.5303,0.0029,1.3755,-0.0294,1.7884,42.2296,0.0,0.0,0.0,0.0,down,40.35,2026-09-03T11:31:23,0.0,41.3249988555908,229.88,2026-09-04 19:44:26,2026-09-04 15:45:04
NVDA,NVDA281215C00300000,NVDA,2028-12-15,C,300.0,40.55,450.0,41.15,411.0,0.4001,18797.0,508.0,0.5191,0.0029,1.3776,-0.0296,1.7606,40.913,1.145,40.83,43.1,40.5,down,40.97,2026-09-04T15:23:00,2.87508,39.8250007629394,229.88,2026-09-04 19:44:26,2026-09-04 15:45:04
NVDA,NVDA281215C00310000,NVDA,2028-12-15,C,310.0,38.3,56.0,38.6,62.0,0.4006,4245.0,31.0,0.4973,0.0029,1.3786,-0.0298,1.7043,38.4118,1.17,39.0,40.3,38.6,up,38.77,2026-09-04T15:05:09,3.1117,37.6000003814697,229.88,2026-09-04 19:44:26,2026-09-04 15:45:04
NVDA,NVDA281215C00320000,NVDA,2028-12-15,C,320.0,35.95,79.0,36.25,142.0,0.4,2315.0,42.0,0.4762,0.0029,1.3754,-0.0299,1.646,36.0879,1.24,37.55,37.75,36.08,down,36.34,2026-09-04T15:23:11,3.53276,35.1000003814697,229.88,2026-09-04 19:44:26,2026-09-04 15:45:04
NVDA,NVDA281215C00330000,NVDA,2028-12-15,C,330.0,33.8,229.0,34.45,510.0,0.4016,8383.0,379.0,0.4558,0.0029,1.3688,-0.0299,1.5887,33.907,1.075,33.65,35.9,33.65,down,34.15,2026-09-04T15:23:11,3.25019,33.0749988555908,229.88,2026-09-04 19:44:26,2026-09-04 15:45:04
NVDA,NVDA281215C00340000,NVDA,2028-12-15,C,340.0,31.4,527.0,32.1,180.0,0.399,8715.0,116.0,0.4363,0.0029,1.3597,-0.0298,1.5339,31.8805,1.2,32.05,33.19,31.95,no_change,32.0,2026-09-04T15:14:24,3.89611,30.7999992370606,229.88,2026-09-04 19:44:26,2026-09-04 15:45:04
NVDA,NVDA281215C00350000,NVDA,2028-12-15,C,350.0,29.6,541.0,30.15,13.0,0.399,7970.0,495.0,0.4175,0.0028,1.3476,-0.0297,1.4786,29.9981,1.075,30.14,31.75,30.0,down,30.15,2026-09-04T15:23:01,3.69733,29.0750007629394,229.88,2026-09-04 19:44:26,2026-09-04 15:45:04
NVDA,NVDA281215C00360000,NVDA,2028-12-15,C,360.0,28.1,143.0,28.45,417.0,0.4004,3566.0,46.0,0.3994,0.0028,1.3324,-0.0295,1.423,28.2311,1.125,28.37,29.7,28.25,up,28.5,2026-09-04T14:53:01,4.10959,27.375,229.88,2026-09-04 19:44:26,2026-09-04 15:45:04
NVDA,NVDA281215C00370000,NVDA,2028-12-15,C,370.0,26.5,93.0,26.8,372.0,0.4006,5497.0,21.0,0.3822,0.0028,1.3158,-0.0292,1.3705,26.5913,0.9,26.8,27.9,26.7,down,26.7,2026-09-04T13:42:16,3.48837,25.8000001907349,229.88,2026-09-04 19:44:26,2026-09-04 15:45:04
NVDA,NVDA281215C00380000,NVDA,2028-12-15,C,380.0,24.9,115.0,25.3,113.0,0.4006,17470.0,159.0,0.3656,0.0027,1.2979,-0.0289,1.3202,25.0616,0.92,25.3,26.49,25.0,down,25.22,2026-09-04T15:25:35,3.78601,24.3000001907349,229.88,2026-09-04 19:44:26,2026-09-04 15:45:04
NVDA,NVDA281215C00390000,NVDA,2028-12-15,C,390.0,23.5,137.0,23.85,93.0,0.4009,415.0,11.0,0.3499,0.0027,1.2782,-0.0285,1.2702,23.6406,0.775,24.55,24.57,23.5,no_change,23.75,2026-09-04T14:19:16,3.37323,22.9750003814697,229.88,2026-09-04 19:44:26,2026-09-04 15:45:04
NVDA,NVDA281215C00400000,NVDA,2028-12-15,C,400.0,22.25,1.0,22.55,285.0,0.4016,9674.0,241.0,0.3347,0.0026,1.2565,-0.0281,1.2205,22.3048,1.3,21.95,23.29,21.95,up,22.9,2026-09-04T15:16:39,6.01852,21.5999994277954,229.88,2026-09-04 19:44:26,2026-09-04 15:45:04
NVDA,NVDA281215C00410000,NVDA,2028-12-15,C,410.0,20.9,45.0,21.3,302.0,0.4015,822.0,11.0,0.3204,0.0026,1.2342,-0.0277,1.1736,21.0647,0.875,21.25,21.25,21.2,down,21.2,2026-09-04T14:34:35,4.30504,20.3249998092651,229.88,2026-09-04 19:44:26,2026-09-04 15:45:04
NVDA,NVDA281215C00420000,NVDA,2028-12-15,C,420.0,19.75,122.0,20.05,74.0,0.4015,8764.0,26.0,0.3066,0.0025,1.2118,-0.0273,1.1295,19.9066,0.85,19.61,20.8,19.6,down,20.05,2026-09-04T14:34:36,4.42708,19.2000007629395,229.88,2026-09-04 19:44:26,2026-09-04 15:45:04
NVDA,NVDA281215C00430000,NVDA,2028-12-15,C,430.0,18.45,413.0,18.95,21.0,0.4009,372.0,10.0,0.2936,0.0025,1.1886,-0.0268,1.0864,18.8244,0.85,19.0,19.0,18.95,down,18.95,2026-09-04T14:34:36,4.69613,18.1000003814697,229.88,2026-09-04 19:44:26,2026-09-04 15:45:04
NVDA,NVDA281215C00440000,NVDA,2028-12-15,C,440.0,17.6,248.0,17.95,93.0,0.4021,3502.0,720.0,0.2811,0.0024,1.1644,-0.0263,1.0439,17.8136,0.8,17.0,18.5,17.0,up,17.85,2026-09-04T14:44:29,4.69208,17.0500001907349,229.88,2026-09-04 19:44:26,2026-09-04 15:45:04
NVDA,NVDA281215C00450000,NVDA,2028-12-15,C,450.0,16.75,35.0,17.2,561.0,0.4038,7354.0,124.0,0.2693,0.0024,1.1396,-0.0258,1.0029,16.8695,0.45,16.45,17.95,16.45,down,16.7,2026-09-04T14:16:18,2.76923,16.25,229.88,2026-09-04 19:44:26,2026-09-04 15:45:04
NVDA,NVDA281215C00460000,NVDA,2028-12-15,C,460.0,15.85,78.0,16.3,556.0,0.4041,22652.0,141.0,0.258,0.0023,1.1151,-0.0253,0.9644,15.9868,0.64,15.53,16.75,15.05,up,16.04,2026-09-04T15:15:14,4.15584,15.4000000953674,229.88,2026-09-04 19:44:26,2026-09-04 15:45:04
NVDA,NVDA281215P00005000,NVDA,2028-12-15,P,5.0,0.03,74.0,0.04,114.0,0.9558,5858.0,1.0,-0.0003,0.0,0.0036,-0.0002,-0.0022,0.0337,-0.005,0.03,0.03,0.03,up,0.03,2026-09-04T13:58:41,-14.2857,0.034999999217689,229.88,2026-09-04 19:44:26,2026-09-04 15:45:04
NVDA,NVDA281215P00010000,NVDA,2028-12-15,P,10.0,0.05,500.0,0.1,45.0,0.8335,3060.0,0.0,-0.0007,0.0,0.0085,-0.0004,-0.0053,0.0762,0.0,0.0,0.0,0.0,no_change,0.07,2026-08-28T13:17:01,0.0,0.0750000011175871,229.88,2026-09-04 19:44:26,2026-09-04 15:45:04
NVDA,NVDA281215P00015000,NVDA,2028-12-15,P,15.0,0.06,45.0,0.14,45.0,0.7439,2970.0,0.0,-0.0013,0.0,0.0146,-0.0006,-0.0094,0.1306,0.0,0.0,0.0,0.0,up,0.13,2026-09-03T14:32:58,0.0,0.120000001043081,229.88,2026-09-04 19:44:26,2026-09-04 15:45:04
NVDA,NVDA281215P00020000,NVDA,2028-12-15,P,20.0,0.19,158.0,0.22,116.0,0.7235,2178.0,116.0,-0.002,0.0,0.0222,-0.0009,-0.0146,0.1971,-0.01,0.2,0.21,0.2,down,0.2,2026-09-04T15:25:04,-4.76191,0.21000000089407,229.88,2026-09-04 19:44:26,2026-09-04 15:45:04
NVDA,NVDA281215P00025000,NVDA,2028-12-15,P,25.0,0.24,68.0,0.31,78.0,0.6825,948.0,3.0,-0.0029,0.0,0.0308,-0.0012,-0.0208,0.2763,-0.005,0.27,0.27,0.27,down,0.27,2026-09-04T10:41:10,-1.81818,0.274999998509884,229.88,2026-09-04 19:44:26,2026-09-04 15:45:04
NVDA,NVDA281215P00030000,NVDA,2028-12-15,P,30.0,0.1,417.0,0.85,571.0,0.6773,1620.0,0.0,-0.004,0.0,0.0411,-0.0015,-0.0284,0.3687,0.0,0.0,0.0,0.0,down,0.38,2026-09-01T09:36:39,0.0,0.469999987632036,229.88,2026-09-04 19:44:26,2026-09-04 15:45:04
NVDA,NVDA281215P00035000,NVDA,2028-12-15,P,35.0,0.5,20.0,0.95,386.0,0.6699,520.0,0.0,-0.0052,0.0001,0.0522,-0.0018,-0.0368,0.4752,0.0,0.0,0.0,0.0,up,0.52,2026-09-02T12:40:12,0.0,0.560000002384186,229.88,2026-09-04 19:44:26,2026-09-04 15:45:04
NVDA,NVDA281215P00040000,NVDA,2028-12-15,P,40.0,0.53,42.0,0.83,256.0,0.6172,355.0,0.0,-0.0066,0.0001,0.0652,-0.0022,-0.0462,0.5963,0.0,0.0,0.0,0.0,up,0.59,2026-09-03T11:47:38,0.0,0.605000019073486,229.88,2026-09-04 19:44:26,2026-09-04 15:45:04
NVDA,NVDA281215P00045000,NVDA,2028-12-15,P,45.0,0.7,39.0,1.09,323.0,0.6045,177.0,0.0,-0.0083,0.0001,0.0792,-0.0026,-0.0574,0.7332,0.0,0.0,0.0,0.0,down,0.75,2026-08-27T09:53:55,0.0,0.745000004768372,229.88,2026-09-04 19:44:26,2026-09-04 15:45:04
NVDA,NVDA281215P00050000,NVDA,2028-12-15,P,50.0,0.81,36.0,0.93,36.0,0.5649,3409.0,0.0,-0.0102,0.0001,0.0942,-0.003,-0.0694,0.8869,0.0,0.0,0.0,0.0,up,0.92,2026-09-02T13:12:23,0.0,0.919999986886978,229.88,2026-09-04 19:44:26,2026-09-04 15:45:04
NVDA,NVDA281215P00055000,NVDA,2028-12-15,P,55.0,0.83,70.0,1.22,183.0,0.5474,297.0,0.0,-0.0123,0.0002,0.1116,-0.0035,-0.0836,1.0596,0.0,0.0,0.0,0.0,up,1.09,2026-09-02T12:45:57,0.0,0.990000009536743,229.88,2026-09-04 19:44:26,2026-09-04 15:45:04
NVDA,NVDA281215P00060000,NVDA,2028-12-15,P,60.0,1.03,62.0,1.25,2.0,0.5268,437.0,0.0,-0.0147,0.0002,0.1297,-0.0039,-0.0985,1.2518,0.0,0.0,0.0,0.0,up,1.25,2026-09-03T14:32:02,0.0,1.34500002861023,229.88,2026-09-04 19:44:26,2026-09-04 15:45:04
NVDA,NVDA281215P00065000,NVDA,2028-12-15,P,65.0,1.39,26.0,1.63,114.0,0.5281,387.0,0.0,-0.0173,0.0002,0.149,-0.0044,-0.1149,1.4647,0.0,0.0,0.0,0.0,down,1.48,2026-09-03T15:09:42,0.0,1.45999997854233,229.88,2026-09-04 19:44:26,2026-09-04 15:45:04
NVDA,NVDA281215P00070000,NVDA,2028-12-15,P,70.0,1.62,83.0,1.73,27.0,0.5089,667.0,0.0,-0.0202,0.0003,0.1711,-0.005,-0.1335,1.6993,0.0,0.0,0.0,0.0,down,1.7,2026-08-31T11:28:27,0.0,1.68000000715256,229.88,2026-09-04 19:44:26,2026-09-04 15:45:04
NVDA,NVDA281215P00075000,NVDA,2028-12-15,P,75.0,1.92,81.0,2.05,285.0,0.4989,1467.0,14.0,-0.0235,0.0003,0.1939,-0.0055,-0.1549,1.9667,-0.04,1.95,1.98,1.94,down,1.94,2026-09-04T10:52:26,-2.0202,1.97999995946884,229.88,2026-09-04 19:44:26,2026-09-04 15:45:04
NVDA,NVDA281215P00080000,NVDA,2028-12-15,P,80.0,2.04,398.0,2.3,135.0,0.4836,954.0,114.0,-0.0272,0.0004,0.2182,-0.0061,-0.1774,2.2704,-0.065,2.18,2.21,2.18,no_change,2.2,2026-09-04T13:40:09,-2.86976,2.26499998569489,229.88,2026-09-04 19:44:26,2026-09-04 15:45:04
NVDA,NVDA281215P00085000,NVDA,2028-12-15,P,85.0,2.34,230.0,2.67,180.0,0.4772,1033.0,27.0,-0.0313,0.0004,0.2455,-0.0067,-0.2027,2.6098,-0.115,2.58,2.58,2.56,down,2.56,2026-09-04T10:52:26,-4.29906,2.67499995231628,229.88,2026-09-04 19:44:26,2026-09-04 15:45:04
NVDA,NVDA281215P00090000,NVDA,2028-12-15,P,90.0,2.91,169.0,3.1,395.0,0.4712,1621.0,228.0,-0.0359,0.0005,0.275,-0.0074,-0.232,2.9995,-0.025,2.89,3.01,2.89,up,3.01,2026-09-04T14:42:27,-0.823722,3.0349999666214,229.88,2026-09-04 19:44:26,2026-09-04 15:45:04
NVDA,NVDA281215P00095000,NVDA,2028-12-15,P,95.0,3.25,141.0,3.55,141.0,0.4625,1971.0,227.0,-0.041,0.0006,0.3053,-0.0081,-0.2632,3.4421,0.035,3.28,3.41,3.28,up,3.41,2026-09-04T14:42:27,1.03704,3.375,229.88,2026-09-04 19:44:26,2026-09-04 15:45:04
NVDA,NVDA281215P00100000,NVDA,2028-12-15,P,100.0,3.85,400.0,4.05,400.0,0.4578,5715.0,22.0,-0.0467,0.0006,0.3381,-0.0089,-0.2976,3.9404,0.075,3.8,4.05,3.8,up,3.95,2026-09-04T14:40:25,1.93548,3.875,229.88,2026-09-04 19:44:26,2026-09-04 15:45:04
NVDA,NVDA281215P00105000,NVDA,2028-12-15,P,105.0,4.35,457.0,4.6,153.0,0.4541,2041.0,2.0,-0.0528,0.0007,0.3741,-0.0097,-0.3373,4.5024,-0.09,4.3,4.36,4.3,up,4.36,2026-09-04T11:19:16,-2.02247,4.45000004768372,229.88,2026-09-04 19:44:26,2026-09-04 15:45:04
NVDA,NVDA281215P00110000,NVDA,2028-12-15,P,110.0,5.05,453.0,5.2,29.0,0.4469,3371.0,682.0,-0.0597,0.0008,0.4105,-0.0106,-0.3781,5.1369,-0.03,4.88,5.1,4.88,up,5.07,2026-09-04T13:15:14,-0.588233,5.09999990463257,229.88,2026-09-04 19:44:26,2026-09-04 15:45:04
NVDA,NVDA281215P00115000,NVDA,2028-12-15,P,115.0,5.75,453.0,5.9,10.0,0.4427,5012.0,9.0,-0.0669,0.0009,0.4482,-0.0115,-0.4215,5.8322,-0.28,5.7,5.7,5.57,down,5.57,2026-09-04T10:34:43,-4.78633,5.85000014305115,229.88,2026-09-04 19:44:26,2026-09-04 15:45:04
NVDA,NVDA281215P00120000,NVDA,2028-12-15,P,120.0,6.55,440.0,6.7,5.0,0.4394,10128.0,763.0,-0.0748,0.001,0.489,-0.0124,-0.473,6.6093,0.15,6.3,6.65,5.9,no_change,6.65,2026-09-04T15:28:04,2.30769,6.5,229.88,2026-09-04 19:44:26,2026-09-04 15:45:04
NVDA,NVDA281215P00125000,NVDA,2028-12-15,P,125.0,7.35,462.0,7.55,10.0,0.4354,2129.0,5.0,-0.0833,0.001,0.53,-0.0134,-0.5222,7.4654,-0.26,7.3,7.3,6.99,down,6.99,2026-09-04T10:07:19,-3.58621,7.25,229.88,2026-09-04 19:44:26,2026-09-04 15:45:04
NVDA,NVDA281215P00130000,NVDA,2028-12-15,P,130.0,8.25,457.0,8.45,10.0,0.4318,14106.0,64.0,-0.0924,0.0011,0.5704,-0.0144,-0.5751,8.3982,0.15,7.98,8.45,7.98,up,8.45,2026-09-04T15:22:45,1.80723,8.2999997138977,229.88,2026-09-04 19:44:26,2026-09-04 15:45:04
NVDA,NVDA281215P00135000,NVDA,2028-12-15,P,135.0,9.15,464.0,9.55,116.0,0.4291,2649.0,141.0,-0.1019,0.0012,0.6123,-0.0154,-0.6318,9.4063,-0.275,8.9,9.0,8.9,up,9.0,2026-09-04T10:50:56,-2.96496,9.27499961853027,229.88,2026-09-04 19:44:26,2026-09-04 15:45:04
NVDA,NVDA281215P00140000,NVDA,2028-12-15,P,140.0,10.4,322.0,10.6,12.0,0.4276,4354.0,11.0,-0.1119,0.0013,0.6561,-0.0164,-0.6911,10.4992,-0.07,9.65,10.33,9.65,up,10.33,2026-09-04T13:01:29,-0.673078,10.4000000953674,229.88,2026-09-04 19:44:26,2026-09-04 15:45:04
NVDA,NVDA281215P00145000,NVDA,2028-12-15,P,145.0,11.2,523.0,11.75,1.0,0.4224,3138.0,12.0,-0.1224,0.0014,0.6967,-0.0174,-0.755,11.681,-0.5,10.9,10.9,10.9,no_change,10.9,2026-09-04T10:10:26,-4.38596,11.3999996185303,229.88,2026-09-04 19:44:26,2026-09-04 15:45:04
NVDA,NVDA281215P00150000,NVDA,2028-12-15,P,150.0,12.9,369.0,13.05,259.0,0.4237,16195.0,110.0,-0.1334,0.0015,0.7385,-0.0184,-0.8152,12.9457,0.125,12.5,12.95,12.22,up,12.95,2026-09-04T15:21:40,0.97466,12.8249998092651,229.88,2026-09-04 19:44:26,2026-09-04 15:45:04
NVDA,NVDA281215P00155000,NVDA,2028-12-15,P,155.0,14.2,376.0,14.45,314.0,0.4219,1690.0,13.0,-0.1448,0.0016,0.7821,-0.0194,-0.884,14.2874,0.17,13.65,14.3,13.65,down,14.27,2026-09-04T15:24:50,1.20567,14.0999999046326,229.88,2026-09-04 19:44:26,2026-09-04 15:45:04
NVDA,NVDA281215P00160000,NVDA,2028-12-15,P,160.0,15.55,482.0,15.85,82.0,0.4194,4002.0,48.0,-0.1567,0.0017,0.8226,-0.0203,-0.951,15.7296,-0.02,14.95,15.58,14.9,up,15.58,2026-09-04T15:21:31,-0.128205,15.5999999046326,229.88,2026-09-04 19:44:26,2026-09-04 15:45:04
NVDA,NVDA281215P00165000,NVDA,2028-12-15,P,165.0,17.05,589.0,17.45,410.0,0.4177,5429.0,1.0,-0.1689,0.0018,0.8614,-0.0213,-1.0154,17.2441,-0.725,16.35,16.35,16.35,down,16.35,2026-09-04T10:29:54,-4.24597,17.0749998092651,229.88,2026-09-04 19:44:26,2026-09-04 15:45:04
NVDA,NVDA281215P00170000,NVDA,2028-12-15,P,170.0,18.65,536.0,19.0,110.0,0.4165,9711.0,28.0,-0.1815,0.0019,0.8997,-0.0222,-1.0862,18.8539,-0.025,18.35,18.65,17.65,up,18.65,2026-09-04T13:32:54,-0.133865,18.6749992370605,229.88,2026-09-04 19:44:26,2026-09-04 15:45:04
NVDA,NVDA281215P00175000,NVDA,2028-12-15,P,175.0,20.35,475.0,20.75,132.0,0.4155,4717.0,22.0,-0.1944,0.002,0.94,-0.0232,-1.1594,20.5459,0.125,19.5,20.5,19.39,up,20.5,2026-09-04T15:21:29,0.613497,20.375,229.88,2026-09-04 19:44:26,2026-09-04 15:45:04
NVDA,NVDA281215P00180000,NVDA,2028-12-15,P,180.0,22.25,127.0,22.5,309.0,0.4146,16886.0,1133.0,-0.2077,0.0021,0.976,-0.0241,-1.2308,22.3352,0.375,21.45,22.5,21.17,up,22.5,2026-09-04T15:10:08,1.69492,22.125,229.88,2026-09-04 19:44:26,2026-09-04 15:45:04
NVDA,NVDA281215P00185000,NVDA,2028-12-15,P,185.0,23.85,584.0,24.35,112.0,0.4121,7564.0,52.0,-0.2212,0.0022,1.0106,-0.0249,-1.2952,24.1988,-0.75,23.35,23.35,22.96,up,23.25,2026-09-04T10:50:00,-3.125,24.0,229.88,2026-09-04 19:44:26,2026-09-04 15:45:04
NVDA,NVDA281215P00190000,NVDA,2028-12-15,P,190.0,26.0,111.0,26.3,174.0,0.412,5924.0,995.0,-0.235,0.0023,1.0431,-0.0258,-1.3678,26.1516,0.275,25.6,26.25,24.9,up,26.25,2026-09-04T14:57:53,1.05871,25.9749994277954,229.88,2026-09-04 19:44:26,2026-09-04 15:45:04
NVDA,NVDA281215P00195000,NVDA,2028-12-15,P,195.0,27.95,411.0,28.35,123.0,0.4106,4500.0,66.0,-0.2491,0.0024,1.0774,-0.0266,-1.4354,28.1916,-0.325,27.4,28.15,26.79,down,27.6,2026-09-04T12:54:37,-1.16383,27.9250001907349,229.88,2026-09-04 19:44:26,2026-09-04 15:45:04
NVDA,NVDA281215P00200000,NVDA,2028-12-15,P,200.0,29.8,668.0,30.35,5.0,0.4079,10824.0,75.0,-0.2633,0.0025,1.1066,-0.0274,-1.5067,30.3152,-0.05,28.9,30.2,28.8,down,30.1,2026-09-04T14:46:36,-0.165836,30.1499996185303,229.88,2026-09-04 19:44:26,2026-09-04 15:45:04
NVDA,NVDA281215P00205000,NVDA,2028-12-15,P,205.0,32.4,102.0,32.9,554.0,0.4103,2883.0,26.0,-0.2779,0.0026,1.1343,-0.0282,-1.5742,32.5252,-0.38,31.48,31.82,31.23,up,31.82,2026-09-04T12:23:18,-1.18012,32.1999998092651,229.88,2026-09-04 19:44:26,2026-09-04 15:45:04
NVDA,NVDA281215P00210000,NVDA,2028-12-15,P,210.0,34.55,498.0,34.95,86.0,0.4078,4655.0,21.0,-0.2925,0.0027,1.1604,-0.0289,-1.6404,34.8181,-0.055,33.27,34.52,33.27,up,34.52,2026-09-04T13:30:28,-0.159071,34.5749988555908,229.88,2026-09-04 19:44:26,2026-09-04 15:45:04
NVDA,NVDA281215P00215000,NVDA,2028-12-15,P,215.0,37.1,40.0,37.7,470.0,0.4094,1214.0,29.0,-0.3073,0.0028,1.1844,-0.0296,-1.7049,37.188,-0.005,35.95,36.97,35.46,up,36.97,2026-09-04T14:20:44,-0.0135237,36.9750003814697,229.88,2026-09-04 19:44:26,2026-09-04 15:45:04
NVDA,NVDA281215P00220000,NVDA,2028-12-15,P,220.0,39.45,424.0,39.8,89.0,0.4067,4526.0,104.0,-0.3222,0.0029,1.2076,-0.0302,-1.776,39.654,0.125,38.69,39.6,37.75,up,39.6,2026-09-04T15:29:16,0.316655,39.4750003814697,229.88,2026-09-04 19:44:26,2026-09-04 15:45:04
NVDA,NVDA281215P00225000,NVDA,2028-12-15,P,225.0,41.95,208.0,42.25,1.0,0.4055,1303.0,65.0,-0.3373,0.003,1.2281,-0.0308,-1.845,42.1947,-0.11,41.12,41.89,40.25,up,41.89,2026-09-04T12:42:11,-0.261905,42.0,229.88,2026-09-04 19:44:26,2026-09-04 15:45:04
NVDA,NVDA281215P00230000,NVDA,2028-12-15,P,230.0,44.5,372.0,44.95,88.0,0.4049,3930.0,47.0,-0.3524,0.003,1.2453,-0.0314,-1.8927,44.8145,-0.29,43.35,44.46,42.81,up,44.46,2026-09-04T13:50:02,-0.648045,44.75,229.88,2026-09-04 19:44:26,2026-09-04 15:45:04
NVDA,NVDA281215P00235000,NVDA,2028-12-15,P,235.0,47.0,423.0,47.65,89.0,0.4036,705.0,11.0,-0.3677,0.0031,1.2609,-0.032,-1.9523,47.5044,-0.2,45.5,47.2,45.5,up,47.2,2026-09-04T13:29:54,-0.421944,47.4000015258789,229.88,2026-09-04 19:44:26,2026-09-04 15:45:04
NVDA,NVDA281215P00240000,NVDA,2028-12-15,P,240.0,50.0,175.0,50.4,3.0,0.4039,1094.0,9.0,-0.383,0.0032,1.2746,-0.0325,-2.0077,50.2731,-2.125,48.3,48.8,48.2,down,48.2,2026-09-04T10:54:55,-4.22255,50.3250007629394,229.88,2026-09-04 19:44:26,2026-09-04 15:45:04
NVDA,NVDA281215P00245000,NVDA,2028-12-15,P,245.0,52.85,75.0,53.25,2.0,0.4034,1723.0,24.0,-0.3984,0.0032,1.2865,-0.033,-2.0596,53.1341,-0.025,50.95,52.95,50.95,no_change,52.95,2026-09-04T13:58:02,-0.0471892,52.9749984741211,229.88,2026-09-04 19:44:26,2026-09-04 15:45:04
NVDA,NVDA281215P00250000,NVDA,2028-12-15,P,250.0,55.85,243.0,56.2,275.0,0.4033,2043.0,54.0,-0.4138,0.0033,1.2965,-0.0334,-2.1151,56.0542,-0.575,55.05,55.3,53.8,up,55.3,2026-09-04T13:01:07,-1.02908,55.875,229.88,2026-09-04 19:44:26,2026-09-04 15:45:04
NVDA,NVDA281215P00255000,NVDA,2028-12-15,P,255.0,58.2,304.0,59.15,5.0,0.4001,439.0,0.0,-0.4292,0.0034,1.303,-0.0338,-2.1553,59.0645,0.0,0.0,0.0,0.0,up,58.67,2026-09-03T15:29:33,0.0,58.9000015258789,229.88,2026-09-04 19:44:26,2026-09-04 15:45:04
NVDA,NVDA281215P00260000,NVDA,2028-12-15,P,260.0,61.9,72.0,62.3,395.0,0.4024,2335.0,4.0,-0.4446,0.0034,1.306,-0.0342,-2.1887,62.1388,-0.3,60.59,61.65,59.8,up,61.65,2026-09-04T15:01:45,-0.484263,61.9500007629394,229.88,2026-09-04 19:44:26,2026-09-04 15:45:04
NVDA,NVDA281215P00265000,NVDA,2028-12-15,P,265.0,65.0,12.0,65.4,14.0,0.4018,246.0,0.0,-0.4601,0.0035,1.3124,-0.0346,-2.2368,65.2792,0.0,0.0,0.0,0.0,down,66.4,2026-09-03T09:36:33,0.0,65.0750007629394,229.88,2026-09-04 19:44:26,2026-09-04 15:45:04
NVDA,NVDA281215P00270000,NVDA,2028-12-15,P,270.0,67.7,469.0,68.8,382.0,0.4002,1084.0,7.0,-0.4754,0.0036,1.3105,-0.0349,-2.2643,68.494,0.325,67.35,68.75,66.2,up,68.75,2026-09-04T15:21:55,0.474974,68.4249992370606,229.88,2026-09-04 19:44:26,2026-09-04 15:45:04
NVDA,NVDA281215P00275000,NVDA,2028-12-15,P,275.0,71.5,178.0,72.5,428.0,0.4034,469.0,2.0,-0.4908,0.0036,1.307,-0.0352,-2.2981,71.7824,-2.575,69.5,69.5,69.0,down,69.0,2026-09-04T09:59:59,-3.59763,71.5750007629394,229.88,2026-09-04 19:44:26,2026-09-04 15:45:04
NVDA,NVDA281215P00280000,NVDA,2028-12-15,P,280.0,74.3,424.0,75.85,437.0,0.401,1537.0,5.0,-0.5062,0.0037,1.3059,-0.0355,-2.3384,75.1331,-2.1,72.65,72.7,72.15,no_change,72.7,2026-09-04T10:46:38,-2.80749,74.7999992370606,229.88,2026-09-04 19:44:26,2026-09-04 15:45:04
NVDA,NVDA281215P00285000,NVDA,2028-12-15,P,285.0,78.2,20.0,79.1,191.0,0.402,313.0,0.0,-0.5214,0.0038,1.3013,-0.0357,-2.3605,78.5501,0.0,0.0,0.0,0.0,down,77.91,2026-09-03T14:53:13,0.0,78.3250007629394,229.88,2026-09-04 19:44:26,2026-09-04 15:45:04
NVDA,NVDA281215P00290000,NVDA,2028-12-15,P,290.0,81.65,14.0,82.25,96.0,0.4003,1365.0,0.0,-0.5367,0.0038,1.2892,-0.0359,-2.362,82.0349,0.0,0.0,0.0,0.0,no_change,81.55,2026-09-03T14:57:24,0.0,82.1749992370606,229.88,2026-09-04 19:44:26,2026-09-04 15:45:04
NVDA,NVDA281215P00295000,NVDA,2028-12-15,P,295.0,84.15,305.0,85.75,47.0,0.3959,474.0,0.0,-0.552,0.0039,1.2846,-0.0362,-2.382,85.5663,0.0,0.0,0.0,0.0,down,84.65,2026-09-03T15:05:35,0.0,85.7000007629394,229.88,2026-09-04 19:44:26,2026-09-04 15:45:04
NVDA,NVDA281215P00300000,NVDA,2028-12-15,P,300.0,88.8,109.0,89.35,415.0,0.3998,6381.0,25.0,-0.5671,0.0039,1.2711,-0.0364,-2.3975,89.1734,0.55,87.05,89.75,86.05,up,89.75,2026-09-04T14:35:32,0.616591,89.2000007629394,229.88,2026-09-04 19:44:26,2026-09-04 15:45:04
NVDA,NVDA281215P00310000,NVDA,2028-12-15,P,310.0,96.0,107.0,96.7,52.0,0.3984,1076.0,0.0,-0.5972,0.004,1.2414,-0.0367,-2.4038,96.5866,0.0,0.0,0.0,0.0,down,95.95,2026-09-03T14:46:53,0.0,96.2749977111816,229.88,2026-09-04 19:44:26,2026-09-04 15:45:04
NVDA,NVDA281215P00320000,NVDA,2028-12-15,P,320.0,103.6,194.0,104.45,383.0,0.3986,940.0,4.0,-0.6267,0.0041,1.2055,-0.0369,-2.3446,104.2011,-0.16,101.1,104.14,101.1,up,104.14,2026-09-04T15:21:55,-0.153403,104.299999237061,229.88,2026-09-04 19:44:26,2026-09-04 15:45:04
NVDA,NVDA281215P00330000,NVDA,2028-12-15,P,330.0,111.4,349.0,112.15,306.0,0.3974,4290.0,2.0,-0.6565,0.0042,1.1601,-0.0372,-2.365,112.0707,-3.375,108.5,108.5,108.5,down,108.5,2026-09-04T09:50:29,-3.01676,111.875,229.88,2026-09-04 19:44:26,2026-09-04 15:45:04
NVDA,NVDA281215P00340000,NVDA,2028-12-15,P,340.0,119.4,175.0,120.25,109.0,0.397,846.0,0.0,-0.6853,0.0043,1.101,-0.0373,-2.2436,120.137,0.0,0.0,0.0,0.0,down,122.69,2026-08-27T10:15:02,0.0,119.75,229.88,2026-09-04 19:44:26,2026-09-04 15:45:04
NVDA,NVDA281215P00350000,NVDA,2028-12-15,P,350.0,127.65,231.0,128.6,140.0,0.3972,6520.0,9.0,-0.7143,0.0044,1.0554,-0.0377,-2.2469,128.4074,-1.115,124.94,127.11,124.82,up,127.11,2026-09-04T13:14:48,-0.869564,128.224998474121,229.88,2026-09-04 19:44:26,2026-09-04 15:45:04
NVDA,NVDA281215P00360000,NVDA,2028-12-15,P,360.0,135.85,353.0,136.9,34.0,0.3947,7402.0,1.0,-0.7426,0.0044,0.9701,-0.0377,-2.0455,136.8764,-1.06,135.44,135.44,135.44,down,135.44,2026-09-04T13:14:48,-0.776557,136.5,229.88,2026-09-04 19:44:26,2026-09-04 15:45:04
NVDA,NVDA281215P00370000,NVDA,2028-12-15,P,370.0,143.8,448.0,145.7,211.0,0.3914,872.0,0.0,-0.7709,0.0045,0.9185,-0.0379,-2.0356,145.528,0.0,0.0,0.0,0.0,down,145.57,2026-08-27T13:56:07,0.0,145.049995422363,229.88,2026-09-04 19:44:26,2026-09-04 15:45:04
NVDA,NVDA281215P00380000,NVDA,2028-12-15,P,380.0,153.0,219.0,155.4,135.0,0.3983,1368.0,0.0,-0.7977,0.0045,0.8165,-0.0381,-1.7544,154.3609,0.0,0.0,0.0,0.0,no_change,155.07,2026-09-03T09:47:33,0.0,154.800003051758,229.88,2026-09-04 19:44:26,2026-09-04 15:45:04
NVDA,NVDA281215P00390000,NVDA,2028-12-15,P,390.0,161.75,19.0,164.6,104.0,0.3981,2563.0,10.0,-0.8248,0.0046,0.7583,-0.0384,-1.736,163.36,-1.145,161.4,162.2,160.09,no_change,162.03,2026-09-04T13:50:04,-0.701702,163.175003051758,229.88,2026-09-04 19:44:26,2026-09-04 15:45:04
NVDA,NVDA281215P00400000,NVDA,2028-12-15,P,400.0,171.4,41.0,173.3,15.0,0.3979,1793.0,16.0,-0.8503,0.0046,0.6516,-0.0388,-1.3109,172.5178,0.205,169.13,172.0,168.52,no_change,171.88,2026-09-04T14:38:00,0.119414,171.674995422363,229.88,2026-09-04 19:44:26,2026-09-04 15:45:04
NVDA,NVDA281215P00410000,NVDA,2028-12-15,P,410.0,179.0,187.0,182.4,2.0,0.3739,171.0,0.0,-0.8742,0.0044,0.5565,-0.0391,-1.3036,181.8552,0.0,0.0,0.0,0.0,down,190.85,2026-08-05T14:16:09,0.0,182.450004577637,229.88,2026-09-04 19:44:26,2026-09-04 15:45:04
NVDA,NVDA281215P00420000,NVDA,2028-12-15,P,420.0,188.65,64.0,192.8,14.0,0.3861,9.0,1.0,-0.8961,0.0042,0.5096,-0.0385,-0.9621,191.269,-1.225,190.55,190.55,190.55,down,190.55,2026-09-04T09:30:13,-0.63877,191.775001525879,229.88,2026-09-04 19:44:26,2026-09-04 15:45:04
NVDA,NVDA281215P00430000,NVDA,2028-12-15,P,430.0,198.35,60.0,202.5,7.0,0.3856,3.0,0.0,-0.9167,0.0039,0.3681,-0.0337,-0.7496,200.8669,0.0,0.0,0.0,0.0,up,205.0,2026-09-02T13:53:10,0.0,201.150001525879,229.88,2026-09-04 19:44:26,2026-09-04 15:45:04
NVDA,NVDA281215P00440000,NVDA,2028-12-15,P,440.0,208.55,6.0,212.15,2.0,0.3919,0.0,0.0,-0.9356,0.0034,0.2948,-0.0338,-0.6873,210.5596,0.0,0.0,0.0,0.0,down,215.85,2026-08-13T12:01:15,0.0,211.149993896484,229.88,2026-09-04 19:44:26,2026-09-04 15:45:04
NVDA,NVDA281215P00450000,NVDA,2028-12-15,P,450.0,218.55,6.0,222.05,2.0,0.3993,0.0,6.0,-0.9504,0.003,0.1987,-0.0242,-0.4473,220.3586,-1.765,216.55,219.31,216.55,up,219.31,2026-09-04T13:23:22,-0.79837,221.074996948242,229.88,2026-09-04 19:44:26,2026-09-04 15:45:04
NVDA,NVDA281215P00460000,NVDA,2028-12-15,P,460.0,228.5,8.0,231.95,2.0,0.405,0.0,1.0,-0.9632,0.0025,0.1646,-0.0122,-0.4475,230.1989,-1.05,230.0,230.0,230.0,down,230.0,2026-09-04T14:32:46,-0.454445,231.049995422363,229.88,2026-09-04 19:44:26,2026-09-04 15:45:04
