underlying,option,root,expiry,cp,strike,bid,bid_size,ask,ask_size,iv,open_interest,volume,delta,gamma,vega,theta,rho,theo,change,open,high,low,tick,last_trade_price,last_trade_time,percent_change,prev_day_close,spot,cboe_timestamp,collected_et
AAPL,AAPL260928C00245000,AAPL,2026-09-28,C,245.0,94.0,110.0,96.05,42.0,0.0,0.0,32.0,0.9999,0.0,0.0,-0.001,0.0,94.8164,-0.76,97.13,97.13,94.6,up,94.69,2026-09-28T14:03:14,-0.796229,95.4500007629394,339.815,2026-09-28 18:44:43,2026-09-28 14:45:04
AAPL,AAPL260928C00250000,AAPL,2026-09-28,C,250.0,89.1,111.0,91.1,34.0,0.0,0.0,40.0,0.9998,0.0,0.0,-0.0011,0.0,89.8165,-0.72,92.2,92.2,89.6,up,89.73,2026-09-28T14:03:43,-0.796021,90.4500007629394,339.815,2026-09-28 18:44:43,2026-09-28 14:45:04
AAPL,AAPL260928C00255000,AAPL,2026-09-28,C,255.0,84.2,109.0,86.1,31.0,0.0,0.0,38.0,0.9998,0.0,0.0,-0.0012,0.0,84.8166,-0.74,87.27,87.27,84.59,no_change,84.71,2026-09-28T14:03:29,-0.866004,85.4500007629394,339.815,2026-09-28 18:44:43,2026-09-28 14:45:04
AAPL,AAPL260928C00260000,AAPL,2026-09-28,C,260.0,78.95,110.0,81.1,50.0,8.2593,0.0,27.0,0.9998,0.0,0.0,-0.0013,0.0,79.8168,-0.82,82.35,82.35,79.63,down,79.63,2026-09-28T14:02:46,-1.01927,80.4500007629394,339.815,2026-09-28 18:44:43,2026-09-28 14:45:04
AAPL,AAPL260928C00265000,AAPL,2026-09-28,C,265.0,73.95,149.0,76.1,82.0,7.742,5.0,33.0,0.9997,0.0,0.0,-0.0014,0.0,74.8169,-0.42,77.42,77.42,74.99,down,75.03,2026-09-28T13:44:29,-0.556661,75.4500007629394,339.815,2026-09-28 18:44:43,2026-09-28 14:45:04
AAPL,AAPL260928C00270000,AAPL,2026-09-28,C,270.0,69.0,110.0,71.1,45.0,7.3524,2.0,31.0,0.9997,0.0,0.0,-0.0016,0.0,69.817,-0.19,72.01,72.01,70.1,down,70.26,2026-09-28T13:38:44,-0.269696,70.4500007629394,339.815,2026-09-28 18:44:43,2026-09-28 14:45:04
AAPL,AAPL260928C00275000,AAPL,2026-09-28,C,275.0,64.05,110.0,66.1,46.0,6.9481,0.0,24.0,0.9997,0.0001,0.0001,-0.0017,0.0,64.8172,-0.63,65.2,66.23,64.82,down,64.82,2026-09-28T13:59:24,-0.962568,65.4500007629394,339.815,2026-09-28 18:44:43,2026-09-28 14:45:04
AAPL,AAPL260928C00280000,AAPL,2026-09-28,C,280.0,59.15,101.0,61.1,26.0,6.6204,3.0,22.0,0.9996,0.0001,0.0001,-0.0019,0.0,59.8173,-0.65,60.95,61.3,59.8,down,59.8,2026-09-28T14:05:32,-1.07527,60.4499988555908,339.815,2026-09-28 18:44:43,2026-09-28 14:45:04
AAPL,AAPL260928C00285000,AAPL,2026-09-28,C,285.0,54.3,106.0,56.1,35.0,6.3325,0.0,23.0,0.9995,0.0001,0.0001,-0.0021,0.0,54.8175,-0.63,57.23,57.23,54.82,down,54.82,2026-09-28T14:01:31,-1.13616,55.4499988555908,339.815,2026-09-28 18:44:43,2026-09-28 14:45:04
AAPL,AAPL260928C00290000,AAPL,2026-09-28,C,290.0,49.1,112.0,51.1,34.0,5.5088,12.0,37.0,0.9994,0.0001,0.0001,-0.0022,0.0,49.8177,-0.56,52.3,52.3,49.79,down,49.79,2026-09-28T14:04:34,-1.11222,50.3500003814697,339.815,2026-09-28 18:44:43,2026-09-28 14:45:04
AAPL,AAPL260928C00295000,AAPL,2026-09-28,C,295.0,44.05,111.0,46.1,35.0,4.9259,0.0,39.0,0.9994,0.0001,0.0001,-0.0024,0.0,44.8179,-0.64,47.5,47.5,44.81,no_change,44.81,2026-09-28T14:04:15,-1.40814,45.4499988555908,339.815,2026-09-28 18:44:43,2026-09-28 14:45:04
AAPL,AAPL260928C00297500,AAPL,2026-09-28,C,297.5,41.8,106.0,43.6,34.0,5.0153,0.0,35.0,0.9993,0.0002,0.0001,-0.0025,0.0,42.318,-0.705,45.05,45.05,42.32,down,42.32,2026-09-28T14:01:48,-1.63858,43.0249996185303,339.815,2026-09-28 18:44:43,2026-09-28 14:45:04
AAPL,AAPL260928C00300000,AAPL,2026-09-28,C,300.0,39.05,111.0,40.4,35.0,0.0,11.0,15.0,0.9992,0.0002,0.0001,-0.0026,0.0,39.818,-1.215,42.35,42.52,39.71,down,39.71,2026-09-28T14:04:01,-2.96884,40.9249992370606,339.815,2026-09-28 18:44:43,2026-09-28 14:45:04
AAPL,AAPL260928C00302500,AAPL,2026-09-28,C,302.5,36.65,112.0,37.95,33.0,0.0,11.0,49.0,0.9992,0.0002,0.0001,-0.0027,0.0,37.3181,-0.78,39.9,40.07,37.13,up,37.27,2026-09-28T14:05:19,-2.04993,38.0499992370606,339.815,2026-09-28 18:44:43,2026-09-28 14:45:04
AAPL,AAPL260928C00305000,AAPL,2026-09-28,C,305.0,34.05,116.0,35.25,47.0,0.0,14.0,65.0,0.9991,0.0003,0.0002,-0.0028,0.0,34.8182,-0.695,37.27,37.55,34.83,no_change,34.83,2026-09-28T13:54:34,-1.95637,35.5249996185303,339.815,2026-09-28 18:44:43,2026-09-28 14:45:04
AAPL,AAPL260928C00307500,AAPL,2026-09-28,C,307.5,31.2,115.0,32.85,37.0,0.0,14.0,33.0,0.999,0.0003,0.0002,-0.0029,0.0,32.3184,-0.615,34.82,35.1,32.41,down,32.41,2026-09-28T13:54:34,-1.86222,33.0249996185303,339.815,2026-09-28 18:44:43,2026-09-28 14:45:04
AAPL,AAPL260928C00310000,AAPL,2026-09-28,C,310.0,29.2,114.0,30.3,46.0,0.0,25.0,10.0,0.9989,0.0004,0.0002,-0.003,0.0,29.8185,-0.405,32.12,32.12,29.67,up,30.17,2026-09-28T13:32:11,-1.32461,30.5749998092651,339.815,2026-09-28 18:44:43,2026-09-28 14:45:04
AAPL,AAPL260928C00312500,AAPL,2026-09-28,C,312.5,26.6,110.0,28.1,37.0,2.3465,35.0,16.0,0.9988,0.0004,0.0002,-0.0031,0.0,27.3186,-1.03,27.25,28.31,27.22,down,27.32,2026-09-28T13:59:52,-3.63316,28.3499994277954,339.815,2026-09-28 18:44:43,2026-09-28 14:45:04
AAPL,AAPL260928C00315000,AAPL,2026-09-28,C,315.0,23.95,105.0,26.05,37.0,2.7571,20.0,15.0,0.9986,0.0005,0.0002,-0.0032,0.0,24.8187,-0.83,25.03,25.78,24.82,no_change,24.82,2026-09-28T14:05:00,-3.23587,25.6499996185303,339.815,2026-09-28 18:44:43,2026-09-28 14:45:04
AAPL,AAPL260928C00317500,AAPL,2026-09-28,C,317.5,21.6,112.0,23.2,49.0,2.2103,1.0,31.0,0.9984,0.0006,0.0003,-0.0033,0.0,22.3188,-1.035,23.14,23.42,22.19,up,22.29,2026-09-28T14:04:49,-4.4373,23.3249998092651,339.815,2026-09-28 18:44:43,2026-09-28 14:45:04
AAPL,AAPL260928C00320000,AAPL,2026-09-28,C,320.0,19.45,117.0,20.25,193.0,1.7522,261.0,28.0,0.9982,0.0008,0.0003,-0.0035,0.0,19.8189,-0.52,21.45,21.58,19.77,down,20.13,2026-09-28T13:39:38,-2.51816,20.6499996185303,339.815,2026-09-28 18:44:43,2026-09-28 14:45:04
AAPL,AAPL260928C00322500,AAPL,2026-09-28,C,322.5,16.7,112.0,17.8,45.0,0.0,11.0,9.0,0.9979,0.001,0.0003,-0.0036,0.0,17.319,-0.985,18.19,20.44,17.19,down,17.19,2026-09-28T14:15:23,-5.41953,18.1750001907349,339.815,2026-09-28 18:44:43,2026-09-28 14:45:04
AAPL,AAPL260928C00325000,AAPL,2026-09-28,C,325.0,14.3,147.0,15.25,80.0,0.0,45.0,20.0,0.9976,0.0014,0.0004,-0.0037,0.0,14.8191,-1.04,16.9,17.79,14.7,down,14.76,2026-09-28T14:15:23,-6.58228,15.8000001907349,339.815,2026-09-28 18:44:43,2026-09-28 14:45:04
AAPL,AAPL260928C00327500,AAPL,2026-09-28,C,327.5,12.15,66.0,12.4,39.0,0.0,55.0,40.0,0.9971,0.002,0.0005,-0.0038,0.0,12.3193,-1.21,14.4,15.29,11.8,down,12.29,2026-09-28T14:26:56,-8.96296,13.5,339.815,2026-09-28 18:44:43,2026-09-28 14:45:04
AAPL,AAPL260928C00330000,AAPL,2026-09-28,C,330.0,9.6,203.0,9.95,122.0,0.0,374.0,135.0,0.9964,0.0029,0.0006,-0.004,0.0,9.8194,-0.915,10.37,12.49,9.75,down,9.81,2026-09-28T14:23:33,-8.53147,10.7249999046326,339.815,2026-09-28 18:44:43,2026-09-28 14:45:04
AAPL,AAPL260928C00332500,AAPL,2026-09-28,C,332.5,7.0,128.0,7.85,210.0,0.9058,493.0,304.0,0.9953,0.0048,0.0007,-0.0041,0.0,7.3196,-0.795,9.0,10.6,6.86,down,7.43,2026-09-28T14:17:51,-9.66565,8.22499990463257,339.815,2026-09-28 18:44:43,2026-09-28 14:45:04
AAPL,AAPL260928C00335000,AAPL,2026-09-28,C,335.0,4.75,99.0,4.9,102.0,0.0,1135.0,1917.0,0.9918,0.0111,0.0012,-0.0054,0.0,4.8208,-1.43,6.0,8.1,4.45,down,4.77,2026-09-28T14:28:24,-23.0645,6.20000004768372,339.815,2026-09-28 18:44:43,2026-09-28 14:45:04
AAPL,AAPL260928C00337500,AAPL,2026-09-28,C,337.5,2.33,2.0,2.4,26.0,0.3005,1942.0,4339.0,0.9499,0.073,0.0056,-0.0295,0.0,2.345,-1.775,3.51,5.54,2.0,down,2.3,2026-09-28T14:27:24,-43.5583,4.07499992847443,339.815,2026-09-28 18:44:43,2026-09-28 14:45:04
AAPL,AAPL260928C00340000,AAPL,2026-09-28,C,340.0,0.33,39.0,0.35,48.0,0.21,4420.0,74921.0,0.4305,0.3761,0.0202,-0.3313,0.0,0.3313,-2.02,1.67,3.3,0.27,no_change,0.34,2026-09-28T14:29:38,-85.5932,2.36000001430511,339.815,2026-09-28 18:44:43,2026-09-28 14:45:04
AAPL,AAPL260928C00342500,AAPL,2026-09-28,C,342.5,0.01,332.0,0.02,424.0,0.2724,6709.0,211937.0,0.032,0.0498,0.0039,-0.0178,0.0,0.0179,-1.16,0.7,1.56,0.01,no_change,0.01,2026-09-28T14:29:31,-99.1453,1.1700000166893,339.815,2026-09-28 18:44:43,2026-09-28 14:45:04
AAPL,AAPL260928C00345000,AAPL,2026-09-28,C,345.0,0.0,0.0,0.01,130.0,0.4104,6142.0,130388.0,0.006,0.0083,0.0009,-0.0038,0.0,0.0038,-0.49,0.19,0.64,0.01,no_change,0.01,2026-09-28T14:27:40,-98.0,0.5,339.815,2026-09-28 18:44:43,2026-09-28 14:45:04
AAPL,AAPL260928C00347500,AAPL,2026-09-28,C,347.5,0.0,0.0,0.01,479.0,0.5797,5545.0,23821.0,0.0038,0.004,0.0006,-0.0032,0.0,0.0032,-0.185,0.01,0.23,0.01,no_change,0.01,2026-09-28T14:20:47,-94.8718,0.195000000298023,339.815,2026-09-28 18:44:43,2026-09-28 14:45:04
AAPL,AAPL260928C00350000,AAPL,2026-09-28,C,350.0,0.0,0.0,0.01,262.0,0.7428,9497.0,13452.0,0.003,0.0025,0.0005,-0.0031,0.0,0.0031,-0.065,0.04,0.08,0.01,no_change,0.01,2026-09-28T14:03:28,-86.6667,0.0749999992549419,339.815,2026-09-28 18:44:43,2026-09-28 14:45:04
AAPL,AAPL260928C00352500,AAPL,2026-09-28,C,352.5,0.0,0.0,0.01,80.0,0.9013,5052.0,631.0,0.0024,0.0017,0.0004,-0.003,0.0,0.003,-0.025,0.01,0.03,0.01,no_change,0.01,2026-09-28T13:12:12,-71.4286,0.034999999217689,339.815,2026-09-28 18:44:43,2026-09-28 14:45:04
AAPL,AAPL260928C00355000,AAPL,2026-09-28,C,355.0,0.0,0.0,0.01,317.0,1.0561,2188.0,1197.0,0.0021,0.0013,0.0003,-0.003,0.0,0.003,-0.005,0.02,0.05,0.01,no_change,0.01,2026-09-28T10:33:09,-33.3333,0.0149999996647239,339.815,2026-09-28 18:44:43,2026-09-28 14:45:04
AAPL,AAPL260928C00357500,AAPL,2026-09-28,C,357.5,0.0,0.0,0.01,21.0,1.2076,2478.0,6.0,0.0018,0.001,0.0003,-0.0029,0.0,0.0029,-0.005,0.02,0.02,0.01,down,0.01,2026-09-28T10:01:34,-33.3333,0.0149999996647239,339.815,2026-09-28 18:44:43,2026-09-28 14:45:04
AAPL,AAPL260928C00360000,AAPL,2026-09-28,C,360.0,0.0,0.0,0.01,66.0,1.3564,2296.0,101.0,0.0016,0.0008,0.0003,-0.0028,0.0,0.0028,-0.005,0.01,0.01,0.01,no_change,0.01,2026-09-28T10:48:47,-33.3333,0.0149999996647239,339.815,2026-09-28 18:44:43,2026-09-28 14:45:04
AAPL,AAPL260928C00362500,AAPL,2026-09-28,C,362.5,0.0,0.0,0.01,12.0,1.5027,137.0,3.0,0.0014,0.0006,0.0002,-0.0027,0.0,0.0027,0.0,0.01,0.01,0.01,no_change,0.01,2026-09-28T10:05:19,2.23517e-06,0.00999999977648258,339.815,2026-09-28 18:44:43,2026-09-28 14:45:04
AAPL,AAPL260928C00365000,AAPL,2026-09-28,C,365.0,0.0,0.0,0.01,11.0,1.6467,277.0,81.0,0.0013,0.0005,0.0002,-0.0027,0.0,0.0027,0.005,0.01,0.02,0.01,no_change,0.01,2026-09-28T13:39:16,100.0,0.00499999988824129,339.815,2026-09-28 18:44:43,2026-09-28 14:45:04
AAPL,AAPL260928C00367500,AAPL,2026-09-28,C,367.5,0.0,0.0,0.01,11.0,1.7886,5.0,80.0,0.0012,0.0004,0.0002,-0.0026,0.0,0.0026,0.005,0.01,0.01,0.01,no_change,0.01,2026-09-28T13:39:16,100.0,0.00499999988824129,339.815,2026-09-28 18:44:43,2026-09-28 14:45:04
AAPL,AAPL260928C00370000,AAPL,2026-09-28,C,370.0,0.0,0.0,0.01,1020.0,1.9286,112.0,156.0,0.001,0.0004,0.0002,-0.0025,0.0,0.0025,0.005,0.01,0.03,0.01,no_change,0.01,2026-09-28T13:39:16,100.0,0.00499999988824129,339.815,2026-09-28 18:44:43,2026-09-28 14:45:04
AAPL,AAPL260928C00372500,AAPL,2026-09-28,C,372.5,0.0,0.0,0.01,11.0,2.0667,1.0,78.0,0.001,0.0003,0.0002,-0.0025,0.0,0.0025,-0.005,0.03,0.03,0.01,no_change,0.01,2026-09-28T13:39:16,-33.3333,0.0149999996647239,339.815,2026-09-28 18:44:43,2026-09-28 14:45:04
AAPL,AAPL260928C00375000,AAPL,2026-09-28,C,375.0,0.0,0.0,0.01,1360.0,2.203,156.0,87.0,0.0009,0.0003,0.0001,-0.0024,0.0,0.0024,0.005,0.01,0.01,0.01,no_change,0.01,2026-09-28T13:39:16,100.0,0.00499999988824129,339.815,2026-09-28 18:44:43,2026-09-28 14:45:04
AAPL,AAPL260928C00380000,AAPL,2026-09-28,C,380.0,0.0,0.0,0.01,18.0,2.4709,3.0,0.0,0.0008,0.0002,0.0001,-0.0023,0.0,0.0023,0.0,0.0,0.0,0.0,down,0.16,2026-09-17T09:31:33,0.0,0.00999999977648258,339.815,2026-09-28 18:44:43,2026-09-28 14:45:04
AAPL,AAPL260928C00385000,AAPL,2026-09-28,C,385.0,0.0,0.0,0.01,11.0,2.7328,2.0,0.0,0.0007,0.0002,0.0001,-0.0022,0.0,0.0022,0.0,0.0,0.0,0.0,no_change,0.01,2026-09-24T10:41:55,0.0,0.00499999988824129,339.815,2026-09-28 18:44:43,2026-09-28 14:45:04
AAPL,AAPL260928C00390000,AAPL,2026-09-28,C,390.0,0.0,0.0,0.01,11.0,2.9893,0.0,0.0,0.0006,0.0001,0.0001,-0.0021,0.0,0.0021,0.0,0.0,0.0,0.0,no_change,0.0,,0.0,0.00499999988824129,339.815,2026-09-28 18:44:43,2026-09-28 14:45:04
AAPL,AAPL260928C00395000,AAPL,2026-09-28,C,395.0,0.0,0.0,0.01,12.0,3.2405,1.0,4.0,0.0005,0.0001,0.0001,-0.002,0.0,0.002,0.005,0.01,0.01,0.01,no_change,0.01,2026-09-28T10:26:26,100.0,0.00499999988824129,339.815,2026-09-28 18:44:43,2026-09-28 14:45:04
AAPL,AAPL260928C00400000,AAPL,2026-09-28,C,400.0,0.0,0.0,0.01,13.0,3.4869,0.0,1.0,0.0005,0.0001,0.0001,-0.0019,0.0,0.0019,0.005,0.01,0.01,0.01,up,0.01,2026-09-28T09:30:01,100.0,0.00499999988824129,339.815,2026-09-28 18:44:43,2026-09-28 14:45:04
AAPL,AAPL260928C00405000,AAPL,2026-09-28,C,405.0,0.0,0.0,0.01,3400.0,3.7287,1.0,1.0,0.0004,0.0001,0.0001,-0.0018,0.0,0.0018,0.005,0.01,0.01,0.01,no_change,0.01,2026-09-28T09:30:01,100.0,0.00499999988824129,339.815,2026-09-28 18:44:43,2026-09-28 14:45:04
AAPL,AAPL260928P00245000,AAPL,2026-09-28,P,245.0,0.0,0.0,0.01,1002.0,6.754,0.0,0.0,-0.0001,0.0,0.0,-0.001,0.0,0.001,0.0,0.0,0.0,0.0,no_change,0.0,,0.0,0.00499999988824129,339.815,2026-09-28 18:44:43,2026-09-28 14:45:04
AAPL,AAPL260928P00250000,AAPL,2026-09-28,P,250.0,0.0,0.0,0.01,1002.0,6.3627,4.0,0.0,-0.0002,0.0,0.0,-0.0011,0.0,0.0011,0.0,0.0,0.0,0.0,down,0.01,2026-09-24T12:48:59,0.0,0.00499999988824129,339.815,2026-09-28 18:44:43,2026-09-28 14:45:04
AAPL,AAPL260928P00255000,AAPL,2026-09-28,P,255.0,0.0,0.0,0.01,1000.0,5.9781,4.0,0.0,-0.0002,0.0,0.0,-0.0012,0.0,0.0012,0.0,0.0,0.0,0.0,no_change,0.01,2026-09-25T11:28:19,0.0,0.00499999988824129,339.815,2026-09-28 18:44:43,2026-09-28 14:45:04
AAPL,AAPL260928P00260000,AAPL,2026-09-28,P,260.0,0.0,0.0,0.01,1002.0,5.5997,25.0,0.0,-0.0002,0.0,0.0,-0.0013,0.0,0.0013,0.0,0.0,0.0,0.0,up,0.04,2026-09-24T15:59:47,0.0,0.00499999988824129,339.815,2026-09-28 18:44:43,2026-09-28 14:45:04
AAPL,AAPL260928P00265000,AAPL,2026-09-28,P,265.0,0.0,0.0,0.01,1002.0,5.2274,12.0,0.0,-0.0003,0.0,0.0,-0.0014,0.0,0.0014,0.0,0.0,0.0,0.0,up,0.05,2026-09-24T15:59:47,0.0,0.00499999988824129,339.815,2026-09-28 18:44:43,2026-09-28 14:45:04
AAPL,AAPL260928P00270000,AAPL,2026-09-28,P,270.0,0.0,0.0,0.01,1032.0,4.8606,1.0,130.0,-0.0003,0.0,0.0,-0.0016,0.0,0.0016,0.005,0.01,0.01,0.01,down,0.01,2026-09-28T11:36:01,100.0,0.00499999988824129,339.815,2026-09-28 18:44:43,2026-09-28 14:45:04
AAPL,AAPL260928P00275000,AAPL,2026-09-28,P,275.0,0.0,0.0,0.01,1002.0,4.4991,8.0,0.0,-0.0003,0.0001,0.0001,-0.0017,0.0,0.0017,0.0,0.0,0.0,0.0,no_change,0.01,2026-09-25T10:50:13,0.0,0.00499999988824129,339.815,2026-09-28 18:44:43,2026-09-28 14:45:04
AAPL,AAPL260928P00280000,AAPL,2026-09-28,P,280.0,0.0,0.0,0.01,2.0,4.1424,6.0,0.0,-0.0004,0.0001,0.0001,-0.0019,0.0,0.0019,0.0,0.0,0.0,0.0,no_change,0.02,2026-09-25T10:50:13,0.0,0.025000000372529,339.815,2026-09-28 18:44:43,2026-09-28 14:45:04
AAPL,AAPL260928P00285000,AAPL,2026-09-28,P,285.0,0.0,0.0,0.05,83.0,4.3919,32.0,0.0,-0.0005,0.0001,0.0001,-0.0021,0.0,0.0021,0.0,0.0,0.0,0.0,no_change,0.19,2026-09-21T09:35:24,0.0,0.259999990463257,339.815,2026-09-28 18:44:43,2026-09-28 14:45:04
AAPL,AAPL260928P00290000,AAPL,2026-09-28,P,290.0,0.0,0.0,0.05,98.0,3.9971,22.0,2.0,-0.0006,0.0001,0.0001,-0.0022,0.0,0.0022,-0.23,0.03,0.03,0.03,no_change,0.03,2026-09-28T10:24:28,-88.4615,0.259999990463257,339.815,2026-09-28 18:44:43,2026-09-28 14:45:04
AAPL,AAPL260928P00295000,AAPL,2026-09-28,P,295.0,0.0,0.0,0.32,97.0,4.5613,30.0,0.0,-0.0006,0.0001,0.0001,-0.0024,0.0,0.0024,0.0,0.0,0.0,0.0,down,0.01,2026-09-25T10:58:16,0.0,0.0199999995529652,339.815,2026-09-28 18:44:43,2026-09-28 14:45:04
AAPL,AAPL260928P00297500,AAPL,2026-09-28,P,297.5,0.0,0.0,0.29,109.0,4.2626,8.0,2.0,-0.0007,0.0002,0.0001,-0.0025,0.0,0.0025,-0.21,0.04,0.05,0.04,up,0.05,2026-09-28T10:24:28,-80.7692,0.259999990463257,339.815,2026-09-28 18:44:43,2026-09-28 14:45:04
AAPL,AAPL260928P00300000,AAPL,2026-09-28,P,300.0,0.0,0.0,0.01,1700.0,2.7572,145.0,20.0,-0.0008,0.0002,0.0001,-0.0026,0.0,0.0026,-0.035,0.01,0.01,0.01,down,0.01,2026-09-28T12:30:21,-77.7778,0.0450000017881393,339.815,2026-09-28 18:44:43,2026-09-28 14:45:04
AAPL,AAPL260928P00302500,AAPL,2026-09-28,P,302.5,0.0,0.0,0.04,121.0,2.9532,92.0,1.0,-0.0008,0.0002,0.0001,-0.0027,0.0,0.0027,-0.04,0.01,0.01,0.01,down,0.01,2026-09-28T13:59:57,-80.0,0.0500000007450581,339.815,2026-09-28 18:44:43,2026-09-28 14:45:04
AAPL,AAPL260928P00305000,AAPL,2026-09-28,P,305.0,0.0,0.0,0.01,1360.0,2.4192,32.0,0.0,-0.0009,0.0003,0.0002,-0.0028,0.0,0.0028,0.0,0.0,0.0,0.0,no_change,0.02,2026-09-25T14:51:11,0.0,0.0149999996647239,339.815,2026-09-28 18:44:43,2026-09-28 14:45:04
AAPL,AAPL260928P00307500,AAPL,2026-09-28,P,307.5,0.0,0.0,0.01,17.0,2.2511,16.0,4.0,-0.001,0.0003,0.0002,-0.0029,0.0,0.0029,0.145,0.15,0.15,0.15,up,0.15,2026-09-28T11:01:56,2900.0,0.00499999988824129,339.815,2026-09-28 18:44:43,2026-09-28 14:45:04
AAPL,AAPL260928P00310000,AAPL,2026-09-28,P,310.0,0.0,0.0,0.01,1033.0,2.0834,185.0,102.0,-0.0011,0.0004,0.0002,-0.003,0.0,0.003,0.005,0.14,0.14,0.01,no_change,0.01,2026-09-28T10:46:14,100.0,0.00499999988824129,339.815,2026-09-28 18:44:43,2026-09-28 14:45:04
AAPL,AAPL260928P00312500,AAPL,2026-09-28,P,312.5,0.0,0.0,0.01,9.0,1.916,31.0,97.0,-0.0012,0.0004,0.0002,-0.0031,0.0,0.0031,-0.01,0.02,0.05,0.01,no_change,0.01,2026-09-28T10:29:13,-50.0,0.0199999995529652,339.815,2026-09-28 18:44:43,2026-09-28 14:45:04
AAPL,AAPL260928P00315000,AAPL,2026-09-28,P,315.0,0.0,0.0,0.01,14.0,1.7489,298.0,27.0,-0.0014,0.0005,0.0002,-0.0032,0.0,0.0032,0.015,0.02,0.03,0.01,up,0.03,2026-09-28T13:17:48,100.0,0.0149999996647239,339.815,2026-09-28 18:44:43,2026-09-28 14:45:04
AAPL,AAPL260928P00317500,AAPL,2026-09-28,P,317.5,0.0,0.0,0.01,41.0,1.5819,372.0,35.0,-0.0016,0.0006,0.0003,-0.0033,0.0,0.0033,-0.005,0.03,0.03,0.01,no_change,0.01,2026-09-28T10:29:13,-33.3333,0.0149999996647239,339.815,2026-09-28 18:44:43,2026-09-28 14:45:04
AAPL,AAPL260928P00320000,AAPL,2026-09-28,P,320.0,0.0,0.0,0.01,31.0,1.4148,600.0,35.0,-0.0018,0.0008,0.0003,-0.0035,0.0,0.0035,0.0,0.02,0.02,0.01,no_change,0.01,2026-09-28T13:20:04,2.23517e-06,0.00999999977648258,339.815,2026-09-28 18:44:43,2026-09-28 14:45:04
AAPL,AAPL260928P00322500,AAPL,2026-09-28,P,322.5,0.0,0.0,0.01,2.0,1.2474,454.0,4.0,-0.0021,0.001,0.0003,-0.0036,0.0,0.0036,-0.01,0.01,0.01,0.01,down,0.01,2026-09-28T13:11:13,-50.0,0.0199999995529652,339.815,2026-09-28 18:44:43,2026-09-28 14:45:04
AAPL,AAPL260928P00325000,AAPL,2026-09-28,P,325.0,0.0,0.0,0.01,71.0,1.0795,1278.0,139.0,-0.0024,0.0014,0.0004,-0.0037,0.0,0.0037,0.04,0.02,0.21,0.01,down,0.06,2026-09-28T13:20:04,200.0,0.0199999995529652,339.815,2026-09-28 18:44:43,2026-09-28 14:45:04
AAPL,AAPL260928P00327500,AAPL,2026-09-28,P,327.5,0.0,0.0,0.01,138.0,0.9106,932.0,368.0,-0.0029,0.002,0.0005,-0.0038,0.0,0.0038,-0.005,0.01,0.04,0.01,up,0.03,2026-09-28T13:04:10,-14.2857,0.034999999217689,339.815,2026-09-28 18:44:43,2026-09-28 14:45:04
AAPL,AAPL260928P00330000,AAPL,2026-09-28,P,330.0,0.0,0.0,0.01,368.0,0.7401,3379.0,1128.0,-0.0036,0.0029,0.0006,-0.004,0.0,0.004,-0.055,0.04,0.04,0.01,down,0.01,2026-09-28T13:07:52,-84.6154,0.0649999994784594,339.815,2026-09-28 18:44:43,2026-09-28 14:45:04
AAPL,AAPL260928P00332500,AAPL,2026-09-28,P,332.5,0.0,0.0,0.01,306.0,0.5672,2753.0,11183.0,-0.0047,0.0048,0.0007,-0.0041,0.0,0.0041,-0.125,0.01,0.08,0.01,no_change,0.01,2026-09-28T13:56:04,-92.5926,0.134999997913837,339.815,2026-09-28 18:44:43,2026-09-28 14:45:04
AAPL,AAPL260928P00335000,AAPL,2026-09-28,P,335.0,0.0,0.0,0.01,88.0,0.3902,3882.0,27864.0,-0.0082,0.0111,0.0012,-0.0054,0.0,0.0054,-0.295,0.16,0.2,0.01,no_change,0.01,2026-09-28T14:27:30,-96.7213,0.305000007152557,339.815,2026-09-28 18:44:43,2026-09-28 14:45:04
AAPL,AAPL260928P00337500,AAPL,2026-09-28,P,337.5,0.03,358.0,0.04,380.0,0.2851,3011.0,48138.0,-0.0501,0.073,0.0056,-0.0295,0.0,0.0295,-0.67,0.47,0.57,0.02,no_change,0.03,2026-09-28T14:29:33,-95.7143,0.699999988079071,339.815,2026-09-28 18:44:43,2026-09-28 14:45:04
AAPL,AAPL260928P00340000,AAPL,2026-09-28,P,340.0,0.51,72.0,0.53,25.0,0.2077,3271.0,110188.0,-0.5695,0.3761,0.0202,-0.3313,0.0,0.5158,-0.96,1.24,1.34,0.21,up,0.52,2026-09-28T14:29:43,-64.8649,1.48000001907349,339.815,2026-09-28 18:44:43,2026-09-28 14:45:04
AAPL,AAPL260928P00342500,AAPL,2026-09-28,P,342.5,2.64,76.0,2.88,206.0,0.3783,600.0,20466.0,-0.968,0.0498,0.0039,-0.0178,0.0,2.7024,0.115,2.69,3.3,0.93,down,2.88,2026-09-28T14:28:21,4.15913,2.76499998569489,339.815,2026-09-28 18:44:43,2026-09-28 14:45:04
AAPL,AAPL260928P00345000,AAPL,2026-09-28,P,345.0,4.8,98.0,5.7,90.0,0.6084,93.0,987.0,-0.994,0.0083,0.0009,-0.0038,0.0,5.1884,0.35,3.95,6.35,2.5,down,5.0,2026-09-28T14:21:07,7.52688,4.65000009536743,339.815,2026-09-28 18:44:43,2026-09-28 14:45:04
AAPL,AAPL260928P00347500,AAPL,2026-09-28,P,347.5,7.6,67.0,8.15,96.0,1.0424,25.0,136.0,-0.9962,0.004,0.0006,-0.0032,0.0,7.6878,0.375,6.4,8.2,4.8,up,7.7,2026-09-28T14:29:31,5.11945,7.32500004768372,339.815,2026-09-28 18:44:43,2026-09-28 14:45:04
AAPL,AAPL260928P00350000,AAPL,2026-09-28,P,350.0,9.75,98.0,10.9,74.0,1.2081,21.0,31.0,-0.997,0.0025,0.0005,-0.0031,0.0,10.1877,1.14,7.48,10.44,7.25,up,10.44,2026-09-28T10:56:44,12.2581,9.30000019073486,339.815,2026-09-28 18:44:43,2026-09-28 14:45:04
AAPL,AAPL260928P00352500,AAPL,2026-09-28,P,352.5,12.25,56.0,13.05,50.0,0.0,0.0,7.0,-0.9976,0.0017,0.0004,-0.003,0.0,12.6876,0.38,10.45,12.72,10.45,down,12.68,2026-09-28T14:07:21,3.08943,12.2999997138977,339.815,2026-09-28 18:44:43,2026-09-28 14:45:04
AAPL,AAPL260928P00355000,AAPL,2026-09-28,P,355.0,14.15,113.0,15.85,39.0,0.0,0.0,0.0,-0.9979,0.0013,0.0003,-0.003,0.0,15.1875,0.0,0.0,0.0,0.0,down,14.0,2026-09-25T15:55:00,0.0,14.5749998092651,339.815,2026-09-28 18:44:43,2026-09-28 14:45:04
AAPL,AAPL260928P00357500,AAPL,2026-09-28,P,357.5,16.75,112.0,18.3,35.0,0.0,0.0,1.0,-0.9982,0.001,0.0003,-0.0029,0.0,17.6874,-0.925,16.5,16.5,16.5,up,16.5,2026-09-28T10:30:34,-5.30847,17.4250001907349,339.815,2026-09-28 18:44:43,2026-09-28 14:45:04
AAPL,AAPL260928P00360000,AAPL,2026-09-28,P,360.0,19.75,54.0,20.7,48.0,1.714,0.0,34.0,-0.9984,0.0008,0.0003,-0.0028,0.0,20.1874,0.5,18.92,20.45,18.92,up,20.45,2026-09-28T13:59:59,2.50626,19.9500007629395,339.815,2026-09-28 18:44:43,2026-09-28 14:45:04
AAPL,AAPL260928P00362500,AAPL,2026-09-28,P,362.5,22.2,108.0,23.4,33.0,2.2028,0.0,1.0,-0.9986,0.0006,0.0002,-0.0027,0.0,22.6873,0.385,22.86,22.86,22.86,up,22.86,2026-09-28T13:59:59,1.71301,22.4750003814697,339.815,2026-09-28 18:44:43,2026-09-28 14:45:04
AAPL,AAPL260928P00365000,AAPL,2026-09-28,P,365.0,24.05,113.0,25.75,29.0,0.0,3.0,0.0,-0.9987,0.0005,0.0002,-0.0027,0.0,25.1872,0.0,0.0,0.0,0.0,down,25.51,2026-09-25T12:07:22,0.0,24.8000001907349,339.815,2026-09-28 18:44:43,2026-09-28 14:45:04
AAPL,AAPL260928P00367500,AAPL,2026-09-28,P,367.5,26.55,116.0,28.85,38.0,1.9968,0.0,0.0,-0.9988,0.0004,0.0002,-0.0026,0.0,27.6872,0.0,0.0,0.0,0.0,no_change,0.0,,0.0,27.375,339.815,2026-09-28 18:44:43,2026-09-28 14:45:04
AAPL,AAPL260928P00370000,AAPL,2026-09-28,P,370.0,29.7,112.0,30.75,46.0,2.3999,0.0,2.0,-0.999,0.0004,0.0002,-0.0025,0.0,30.1871,0.5,29.9,29.9,29.9,no_change,29.9,2026-09-28T13:27:53,1.70068,29.4000005722046,339.815,2026-09-28 18:44:43,2026-09-28 14:45:04
AAPL,AAPL260928P00372500,AAPL,2026-09-28,P,372.5,31.55,116.0,33.85,49.0,2.3008,0.0,0.0,-0.999,0.0003,0.0002,-0.0025,0.0,32.687,0.0,0.0,0.0,0.0,no_change,0.0,,0.0,32.4750003814697,339.815,2026-09-28 18:44:43,2026-09-28 14:45:04
AAPL,AAPL260928P00375000,AAPL,2026-09-28,P,375.0,34.65,106.0,36.05,47.0,3.3161,0.0,0.0,-0.9991,0.0003,0.0001,-0.0024,0.0,35.187,0.0,0.0,0.0,0.0,down,34.8,2026-09-25T15:34:09,0.0,34.875,339.815,2026-09-28 18:44:43,2026-09-28 14:45:04
AAPL,AAPL260928P00380000,AAPL,2026-09-28,P,380.0,39.05,115.0,40.9,49.0,0.0,0.0,2.0,-0.9992,0.0002,0.0001,-0.0023,0.0,40.1869,-0.965,38.92,38.92,38.91,down,38.91,2026-09-28T11:37:17,-2.42006,39.875,339.815,2026-09-28 18:44:43,2026-09-28 14:45:04
AAPL,AAPL260928P00385000,AAPL,2026-09-28,P,385.0,44.25,114.0,45.65,44.0,0.0,0.0,2.0,-0.9993,0.0002,0.0001,-0.0022,0.0,45.1867,-1.11,43.85,43.85,43.84,down,43.84,2026-09-28T11:37:17,-2.46941,44.9500007629394,339.815,2026-09-28 18:44:43,2026-09-28 14:45:04
AAPL,AAPL260928P00390000,AAPL,2026-09-28,P,390.0,49.65,106.0,50.9,45.0,4.0349,0.0,0.0,-0.9994,0.0001,0.0001,-0.0021,0.0,50.1866,0.0,0.0,0.0,0.0,no_change,0.0,,0.0,49.7749996185303,339.815,2026-09-28 18:44:43,2026-09-28 14:45:04
AAPL,AAPL260928P00395000,AAPL,2026-09-28,P,395.0,54.05,112.0,56.35,48.0,3.5789,0.0,0.0,-0.9995,0.0001,0.0001,-0.002,0.0,55.1865,0.0,0.0,0.0,0.0,no_change,0.0,,0.0,54.8500003814697,339.815,2026-09-28 18:44:43,2026-09-28 14:45:04
AAPL,AAPL260928P00400000,AAPL,2026-09-28,P,400.0,59.05,115.0,61.35,42.0,3.8463,0.0,1.0,-0.9995,0.0001,0.0001,-0.0019,0.0,60.1864,-0.625,59.4,59.4,59.4,down,59.4,2026-09-28T11:35:51,-1.04123,60.0249996185303,339.815,2026-09-28 18:44:43,2026-09-28 14:45:04
AAPL,AAPL260928P00405000,AAPL,2026-09-28,P,405.0,64.35,111.0,66.35,36.0,5.386,0.0,1.0,-0.9996,0.0001,0.0001,-0.0018,0.0,65.1863,-0.67,64.33,64.33,64.33,down,64.33,2026-09-28T11:35:51,-1.03077,64.9999980926514,339.815,2026-09-28 18:44:43,2026-09-28 14:45:04
AAPL,AAPL260930C00245000,AAPL,2026-09-30,C,245.0,94.2,117.0,96.3,37.0,2.1467,0.0,0.0,0.9995,0.0,0.0004,0.0,0.0134,94.883,0.0,0.0,0.0,0.0,no_change,0.0,,0.0,95.6000022888184,339.815,2026-09-28 18:44:43,2026-09-28 14:45:04
AAPL,AAPL260930C00250000,AAPL,2026-09-30,C,250.0,89.15,121.0,91.3,50.0,2.008,1.0,0.0,0.9995,0.0001,0.0005,0.0,0.0137,89.8845,0.0,0.0,0.0,0.0,up,89.05,2026-09-25T15:16:40,0.0,90.5499992370606,339.815,2026-09-28 18:44:43,2026-09-28 14:45:04
AAPL,AAPL260930C00255000,AAPL,2026-09-30,C,255.0,84.1,135.0,86.3,33.0,1.8721,0.0,0.0,0.9994,0.0001,0.0006,0.0,0.014,84.8861,0.0,0.0,0.0,0.0,no_change,0.0,,0.0,85.5500030517578,339.815,2026-09-28 18:44:43,2026-09-28 14:45:04
AAPL,AAPL260930C00260000,AAPL,2026-09-30,C,260.0,78.9,145.0,81.3,28.0,1.6645,2.0,0.0,0.9993,0.0001,0.0006,0.0,0.0142,79.8877,0.0,0.0,0.0,0.0,down,76.78,2026-09-23T15:46:11,0.0,80.5250015258789,339.815,2026-09-28 18:44:43,2026-09-28 14:45:04
AAPL,AAPL260930C00265000,AAPL,2026-09-30,C,265.0,73.95,139.0,76.3,57.0,1.5843,0.0,0.0,0.9992,0.0001,0.0007,0.0,0.0145,74.8893,0.0,0.0,0.0,0.0,no_change,0.0,,0.0,75.6000022888184,339.815,2026-09-28 18:44:43,2026-09-28 14:45:04
AAPL,AAPL260930C00270000,AAPL,2026-09-30,C,270.0,69.05,143.0,71.3,36.0,1.5226,9.0,0.0,0.9991,0.0001,0.0008,0.0,0.0148,69.8909,0.0,0.0,0.0,0.0,up,67.87,2026-09-17T15:50:42,0.0,70.5999984741211,339.815,2026-09-28 18:44:43,2026-09-28 14:45:04
AAPL,AAPL260930C00275000,AAPL,2026-09-30,C,275.0,63.65,136.0,66.3,56.0,1.2004,2.0,0.0,0.999,0.0001,0.0009,0.0,0.015,64.8926,0.0,0.0,0.0,0.0,up,62.57,2026-09-24T15:09:57,0.0,65.625,339.815,2026-09-28 18:44:43,2026-09-28 14:45:04
AAPL,AAPL260930C00280000,AAPL,2026-09-30,C,280.0,58.9,152.0,61.3,43.0,1.2516,2.0,0.0,0.9988,0.0002,0.001,0.0,0.0153,59.8944,0.0,0.0,0.0,0.0,up,57.59,2026-09-24T15:11:03,0.0,60.625,339.815,2026-09-28 18:44:43,2026-09-28 14:45:04
AAPL,AAPL260930C00285000,AAPL,2026-09-30,C,285.0,53.8,132.0,56.3,60.0,1.106,0.0,0.0,0.9986,0.0002,0.0012,-0.0008,0.0156,54.8962,0.0,0.0,0.0,0.0,no_change,0.0,,0.0,55.6499996185303,339.815,2026-09-28 18:44:43,2026-09-28 14:45:04
AAPL,AAPL260930C00290000,AAPL,2026-09-30,C,290.0,49.1,109.0,51.3,44.0,1.1211,6.0,1.0,0.9984,0.0003,0.0014,-0.0021,0.0158,49.8982,1.2,51.85,51.85,51.85,up,51.85,2026-09-28T09:33:13,2.3692,50.6499996185303,339.815,2026-09-28 18:44:43,2026-09-28 14:45:04
AAPL,AAPL260930C00295000,AAPL,2026-09-30,C,295.0,44.05,123.0,46.3,66.0,1.0033,0.0,0.0,0.998,0.0004,0.0017,-0.0038,0.0161,44.9005,0.0,0.0,0.0,0.0,up,46.09,2026-09-25T13:33:32,0.0,45.3499984741211,339.815,2026-09-28 18:44:43,2026-09-28 14:45:04
AAPL,AAPL260930C00297500,AAPL,2026-09-30,C,297.5,41.55,122.0,43.8,63.0,0.9525,0.0,0.0,0.9978,0.0004,0.0018,-0.0047,0.0162,42.4017,0.0,0.0,0.0,0.0,no_change,0.0,,0.0,43.1499996185303,339.815,2026-09-28 18:44:43,2026-09-28 14:45:04
AAPL,AAPL260930C00300000,AAPL,2026-09-30,C,300.0,39.65,31.0,40.95,37.0,0.9644,6.0,2.0,0.9975,0.0005,0.002,-0.0058,0.0164,39.9032,-0.925,40.65,40.65,40.4,down,40.4,2026-09-28T14:22:49,-2.23835,41.3249988555908,339.815,2026-09-28 18:44:43,2026-09-28 14:45:04
AAPL,AAPL260930C00302500,AAPL,2026-09-30,C,302.5,36.2,132.0,38.8,67.0,0.729,0.0,5.0,0.9971,0.0006,0.0023,-0.0072,0.0165,37.4048,0.54,38.69,38.69,38.69,up,38.69,2026-09-28T10:44:39,1.41547,38.1499996185303,339.815,2026-09-28 18:44:43,2026-09-28 14:45:04
AAPL,AAPL260930C00305000,AAPL,2026-09-30,C,305.0,33.9,116.0,36.3,52.0,0.7585,12.0,1.0,0.9967,0.0007,0.0027,-0.0088,0.0166,34.9068,-0.665,34.96,34.96,34.96,down,34.96,2026-09-28T11:04:13,-1.86667,35.625,339.815,2026-09-28 18:44:43,2026-09-28 14:45:04
AAPL,AAPL260930C00307500,AAPL,2026-09-30,C,307.5,31.65,110.0,33.85,66.0,0.7845,10.0,1.0,0.996,0.0009,0.0031,-0.0108,0.0168,32.4092,0.245,33.47,33.47,33.47,up,33.47,2026-09-28T10:45:10,0.737395,33.2250003814697,339.815,2026-09-28 18:44:43,2026-09-28 14:45:04
AAPL,AAPL260930C00310000,AAPL,2026-09-30,C,310.0,29.25,151.0,30.7,96.0,0.5705,7.0,5.0,0.9952,0.0011,0.0037,-0.0134,0.0169,29.9121,-0.65,32.19,32.19,29.95,up,30.0,2026-09-28T14:21:36,-2.12072,30.6500005722046,339.815,2026-09-28 18:44:43,2026-09-28 14:45:04
AAPL,AAPL260930C00312500,AAPL,2026-09-30,C,312.5,26.45,118.0,28.85,60.0,0.6375,0.0,0.0,0.9941,0.0015,0.0044,-0.0168,0.017,27.416,0.0,0.0,0.0,0.0,up,23.3,2026-09-21T09:47:52,0.0,28.1500005722046,339.815,2026-09-28 18:44:43,2026-09-28 14:45:04
AAPL,AAPL260930C00315000,AAPL,2026-09-30,C,315.0,24.8,36.0,25.4,69.0,0.5638,10.0,4.0,0.9925,0.0019,0.0055,-0.0214,0.0171,24.9211,-0.57,27.51,27.51,25.13,down,25.13,2026-09-28T11:03:43,-2.2179,25.7000007629395,339.815,2026-09-28 18:44:43,2026-09-28 14:45:04
AAPL,AAPL260930C00317500,AAPL,2026-09-30,C,317.5,21.45,309.0,23.85,98.0,0.5369,128.0,0.0,0.9903,0.0026,0.007,-0.0277,0.0172,22.4281,0.0,0.0,0.0,0.0,up,23.43,2026-09-22T15:41:12,0.0,23.375,339.815,2026-09-28 18:44:43,2026-09-28 14:45:04
AAPL,AAPL260930C00320000,AAPL,2026-09-30,C,320.0,19.65,71.0,20.65,91.0,0.4863,112.0,1.0,0.9869,0.0036,0.009,-0.0366,0.0173,19.938,-0.88,19.92,19.92,19.92,down,19.92,2026-09-28T11:03:20,-4.23077,20.8000001907349,339.815,2026-09-28 18:44:43,2026-09-28 14:45:04
AAPL,AAPL260930C00322500,AAPL,2026-09-30,C,322.5,17.0,270.0,17.95,154.0,0.351,124.0,71.0,0.9817,0.0052,0.012,-0.0499,0.0173,17.4529,-1.07,17.69,18.9,17.56,no_change,17.63,2026-09-28T14:18:25,-5.72193,18.7000007629395,339.815,2026-09-28 18:44:43,2026-09-28 14:45:04
AAPL,AAPL260930C00325000,AAPL,2026-09-30,C,325.0,14.4,183.0,15.5,72.0,0.2882,51.0,5.0,0.9732,0.0078,0.0165,-0.071,0.0173,14.9773,0.08,16.73,16.8,16.3,no_change,16.38,2026-09-28T12:47:59,0.490796,16.3000001907349,339.815,2026-09-28 18:44:43,2026-09-28 14:45:04
AAPL,AAPL260930C00327500,AAPL,2026-09-30,C,327.5,11.95,330.0,12.65,75.0,0.0,186.0,157.0,0.9578,0.0122,0.0239,-0.108,0.0172,12.5224,0.33,14.53,16.05,11.9,up,13.78,2026-09-28T11:41:21,2.45353,13.4500002861023,339.815,2026-09-28 18:44:43,2026-09-28 14:45:04
AAPL,AAPL260930C00330000,AAPL,2026-09-30,C,330.0,9.9,38.0,10.6,80.0,0.3021,90.0,203.0,0.9288,0.0197,0.0359,-0.1754,0.0168,10.1133,-1.1,10.78,13.04,9.89,down,10.1,2026-09-28T14:13:30,-9.82143,11.2000002861023,339.815,2026-09-28 18:44:43,2026-09-28 14:45:04
AAPL,AAPL260930C00332500,AAPL,2026-09-30,C,332.5,7.6,86.0,8.15,207.0,0.2674,128.0,2499.0,0.8754,0.0314,0.0537,-0.2902,0.0159,7.7997,-1.195,9.85,9.9,7.66,up,7.88,2026-09-28T14:17:51,-13.168,9.0750002861023,339.815,2026-09-28 18:44:43,2026-09-28 14:45:04
AAPL,AAPL260930C00335000,AAPL,2026-09-30,C,335.0,5.5,127.0,5.75,107.0,0.2387,1080.0,1763.0,0.7861,0.0463,0.0755,-0.4504,0.0143,5.6629,-1.33,6.77,8.55,5.54,down,5.62,2026-09-28T14:28:24,-19.1367,6.95000004768372,339.815,2026-09-28 18:44:43,2026-09-28 14:45:04
AAPL,AAPL260930C00337500,AAPL,2026-09-30,C,337.5,3.8,1.0,3.85,79.0,0.2388,1317.0,1142.0,0.6563,0.0602,0.0947,-0.6046,0.012,3.8081,-1.385,5.15,6.5,3.65,up,3.79,2026-09-28T14:28:21,-26.7633,5.17499995231628,339.815,2026-09-28 18:44:43,2026-09-28 14:45:04
AAPL,AAPL260930C00340000,AAPL,2026-09-30,C,340.0,2.32,86.0,2.36,31.0,0.2326,2834.0,12089.0,0.4971,0.0665,0.1025,-0.6631,0.0091,2.3344,-1.305,3.3,4.75,2.21,up,2.32,2026-09-28T14:29:31,-36.0,3.625,339.815,2026-09-28 18:44:43,2026-09-28 14:45:04
AAPL,AAPL260930C00342500,AAPL,2026-09-30,C,342.5,1.26,239.0,1.29,10.0,0.2284,1685.0,16299.0,0.335,0.0614,0.0938,-0.5772,0.0061,1.2902,-1.125,2.08,3.35,1.23,up,1.28,2026-09-28T14:29:24,-46.7775,2.40499997138977,339.815,2026-09-28 18:44:43,2026-09-28 14:45:04
AAPL,AAPL260930C00345000,AAPL,2026-09-30,C,345.0,0.61,330.0,0.64,1.0,0.227,2276.0,21672.0,0.1995,0.0472,0.0726,-0.399,0.0037,0.6439,-0.89,1.25,2.03,0.6,up,0.63,2026-09-28T14:27:19,-58.5526,1.51999998092651,339.815,2026-09-28 18:44:43,2026-09-28 14:45:04
AAPL,AAPL260930C00347500,AAPL,2026-09-30,C,347.5,0.28,429.0,0.3,168.0,0.2305,1603.0,7708.0,0.1066,0.0307,0.0483,-0.2274,0.0019,0.2968,-0.605,0.67,1.22,0.28,no_change,0.28,2026-09-28T14:29:10,-68.3616,0.884999990463257,339.815,2026-09-28 18:44:43,2026-09-28 14:45:04
AAPL,AAPL260930C00350000,AAPL,2026-09-30,C,350.0,0.13,169.0,0.14,131.0,0.2384,5433.0,7662.0,0.0535,0.0177,0.029,-0.1156,0.001,0.1332,-0.365,0.41,0.71,0.13,down,0.13,2026-09-28T14:28:41,-73.7374,0.49499998986721,339.815,2026-09-28 18:44:43,2026-09-28 14:45:04
AAPL,AAPL260930C00352500,AAPL,2026-09-30,C,352.5,0.06,199.0,0.07,278.0,0.249,1685.0,1215.0,0.0272,0.0098,0.017,-0.0588,0.0005,0.0635,-0.2,0.23,0.39,0.05,up,0.07,2026-09-28T14:28:55,-74.0741,0.269999995827675,339.815,2026-09-28 18:44:43,2026-09-28 14:45:04
AAPL,AAPL260930C00355000,AAPL,2026-09-30,C,355.0,0.03,144.0,0.04,388.0,0.2638,798.0,1933.0,0.0154,0.0057,0.0106,-0.0338,0.0003,0.0354,-0.105,0.12,0.21,0.01,no_change,0.03,2026-09-28T14:21:24,-77.7778,0.134999997913837,339.815,2026-09-28 18:44:43,2026-09-28 14:45:04
AAPL,AAPL260930C00357500,AAPL,2026-09-30,C,357.5,0.02,151.0,0.03,362.0,0.2872,490.0,1103.0,0.0102,0.0037,0.0074,-0.0233,0.0002,0.024,-0.055,0.07,0.11,0.01,no_change,0.02,2026-09-28T14:26:38,-73.3333,0.0749999992549419,339.815,2026-09-28 18:44:43,2026-09-28 14:45:04
AAPL,AAPL260930C00360000,AAPL,2026-09-30,C,360.0,0.0,0.0,0.02,279.0,0.2898,536.0,384.0,0.0077,0.0026,0.0058,-0.0186,0.0001,0.019,-0.02,0.03,0.09,0.01,up,0.02,2026-09-28T13:38:21,-50.0,0.0400000000372529,339.815,2026-09-28 18:44:43,2026-09-28 14:45:04
AAPL,AAPL260930C00362500,AAPL,2026-09-30,C,362.5,0.0,0.0,0.01,113.0,0.2999,189.0,124.0,0.0063,0.002,0.0048,-0.0162,0.0001,0.0165,-0.015,0.03,0.03,0.01,no_change,0.01,2026-09-28T14:00:03,-60.0,0.0249999994412065,339.815,2026-09-28 18:44:43,2026-09-28 14:45:04
AAPL,AAPL260930C00365000,AAPL,2026-09-30,C,365.0,0.0,0.0,0.01,121.0,0.3288,252.0,69.0,0.0054,0.0016,0.0042,-0.0149,0.0001,0.0151,-0.025,0.02,0.02,0.01,no_change,0.01,2026-09-28T12:45:42,-71.4286,0.0350000001490116,339.815,2026-09-28 18:44:43,2026-09-28 14:45:04
AAPL,AAPL260930C00367500,AAPL,2026-09-30,C,367.5,0.0,0.0,0.01,78.0,0.3572,73.0,10.0,0.0048,0.0014,0.0037,-0.0141,0.0001,0.0143,0.155,0.02,0.16,0.02,up,0.16,2026-09-28T09:55:15,3100.0,0.00499999988824129,339.815,2026-09-28 18:44:43,2026-09-28 14:45:04
AAPL,AAPL260930C00370000,AAPL,2026-09-30,C,370.0,0.0,0.0,0.01,32.0,0.3853,45.0,0.0,0.0043,0.0012,0.0034,-0.0135,0.0001,0.0137,0.0,0.0,0.0,0.0,no_change,0.06,2026-09-25T15:24:01,0.0,0.165000006556511,339.815,2026-09-28 18:44:43,2026-09-28 14:45:04
AAPL,AAPL260930C00372500,AAPL,2026-09-30,C,372.5,0.0,0.0,0.01,71.0,0.4129,78.0,1.0,0.004,0.001,0.0031,-0.0131,0.0001,0.0133,0.155,0.32,0.32,0.32,up,0.32,2026-09-28T10:53:45,93.9394,0.165000006556511,339.815,2026-09-28 18:44:43,2026-09-28 14:45:04
AAPL,AAPL260930C00375000,AAPL,2026-09-30,C,375.0,0.0,0.0,0.01,1.0,0.4402,89.0,2.0,0.0037,0.0009,0.0029,-0.0128,0.0001,0.0129,-0.04,0.01,0.01,0.01,no_change,0.01,2026-09-28T11:25:36,-80.0,0.0500000007450581,339.815,2026-09-28 18:44:43,2026-09-28 14:45:04
AAPL,AAPL260930C00380000,AAPL,2026-09-30,C,380.0,0.0,0.0,0.01,1.0,0.4939,6.0,6.0,0.0032,0.0007,0.0026,-0.0123,0.0001,0.0124,0.005,0.01,0.01,0.01,no_change,0.01,2026-09-28T11:35:30,100.0,0.00499999988824129,339.815,2026-09-28 18:44:43,2026-09-28 14:45:04
AAPL,AAPL260930C00385000,AAPL,2026-09-30,C,385.0,0.0,0.0,0.01,1.0,0.5464,109.0,0.0,0.0029,0.0006,0.0023,-0.0119,0.0,0.012,0.0,0.0,0.0,0.0,no_change,0.01,2026-09-23T11:16:06,0.0,0.259999990463257,339.815,2026-09-28 18:44:43,2026-09-28 14:45:04
AAPL,AAPL260930C00390000,AAPL,2026-09-30,C,390.0,0.0,0.0,0.01,1.0,0.5978,4.0,1.0,0.0026,0.0005,0.0021,-0.0116,0.0,0.0117,-0.015,0.01,0.01,0.01,down,0.01,2026-09-28T11:30:08,-60.0,0.025000000372529,339.815,2026-09-28 18:44:43,2026-09-28 14:45:04
AAPL,AAPL260930C00395000,AAPL,2026-09-30,C,395.0,0.0,0.0,0.01,1.0,0.6481,8.0,3.0,0.0023,0.0004,0.0019,-0.0113,0.0,0.0113,0.245,0.42,0.42,0.42,up,0.42,2026-09-28T11:43:22,140.0,0.174999997019768,339.815,2026-09-28 18:44:43,2026-09-28 14:45:04
AAPL,AAPL260930C00400000,AAPL,2026-09-30,C,400.0,0.0,0.0,0.01,1.0,0.6974,9.0,0.0,0.0022,0.0004,0.0018,-0.011,0.0,0.011,0.0,0.0,0.0,0.0,no_change,0.01,2026-09-24T12:44:35,0.0,0.0149999996647239,339.815,2026-09-28 18:44:43,2026-09-28 14:45:04
AAPL,AAPL260930C00405000,AAPL,2026-09-30,C,405.0,0.0,0.0,0.01,11.0,0.7459,1.0,0.0,0.002,0.0003,0.0016,-0.0107,0.0,0.0107,0.0,0.0,0.0,0.0,down,0.04,2026-09-22T13:05:59,0.0,0.00499999988824129,339.815,2026-09-28 18:44:43,2026-09-28 14:45:04
AAPL,AAPL260930P00245000,AAPL,2026-09-30,P,245.0,0.0,0.0,0.01,15000.0,1.3539,0.0,0.0,-0.0005,0.0,0.0004,-0.0042,0.0,0.0042,0.0,0.0,0.0,0.0,down,0.03,2026-09-16T10:48:19,0.0,0.00499999988824129,339.815,2026-09-28 18:44:43,2026-09-28 14:45:04
AAPL,AAPL260930P00250000,AAPL,2026-09-30,P,250.0,0.0,0.0,0.01,10000.0,1.2755,53.0,178.0,-0.0006,0.0001,0.0005,-0.0045,0.0,0.0045,0.005,0.01,0.04,0.01,no_change,0.01,2026-09-28T13:08:13,100.0,0.00499999988824129,339.815,2026-09-28 18:44:43,2026-09-28 14:45:04
AAPL,AAPL260930P00255000,AAPL,2026-09-30,P,255.0,0.0,0.0,0.33,260.0,1.7042,22.0,243.0,-0.0006,0.0001,0.0006,-0.0048,0.0,0.0048,-0.095,0.01,0.21,0.01,no_change,0.11,2026-09-28T13:29:57,-46.3415,0.204999998211861,339.815,2026-09-28 18:44:43,2026-09-28 14:45:04
AAPL,AAPL260930P00260000,AAPL,2026-09-30,P,260.0,0.0,0.0,0.42,45.0,1.6563,68.0,60.0,-0.0007,0.0001,0.0006,-0.0052,0.0,0.0052,-0.09,0.24,0.24,0.12,no_change,0.12,2026-09-28T13:29:57,-42.8571,0.209999993443489,339.815,2026-09-28 18:44:43,2026-09-28 14:45:04
AAPL,AAPL260930P00265000,AAPL,2026-09-30,P,265.0,0.0,0.0,0.52,173.0,1.6021,54.0,0.0,-0.0008,0.0001,0.0007,-0.0056,0.0,0.0056,0.0,0.0,0.0,0.0,down,0.04,2026-09-18T15:54:38,0.0,0.259999990463257,339.815,2026-09-28 18:44:43,2026-09-28 14:45:04
AAPL,AAPL260930P00270000,AAPL,2026-09-30,P,270.0,0.0,0.0,0.09,1.0,1.1945,7.0,0.0,-0.0009,0.0001,0.0008,-0.006,0.0,0.006,0.0,0.0,0.0,0.0,down,0.03,2026-09-24T09:40:22,0.0,0.259999990463257,339.815,2026-09-28 18:44:43,2026-09-28 14:45:04
AAPL,AAPL260930P00275000,AAPL,2026-09-30,P,275.0,0.0,0.0,0.52,160.0,1.3936,18.0,0.0,-0.001,0.0001,0.0009,-0.0064,0.0,0.0064,0.0,0.0,0.0,0.0,no_change,0.04,2026-09-22T14:58:32,0.0,0.254999995231628,339.815,2026-09-28 18:44:43,2026-09-28 14:45:04
AAPL,AAPL260930P00280000,AAPL,2026-09-30,P,280.0,0.0,0.0,0.52,163.0,1.291,276.0,0.0,-0.0012,0.0002,0.001,-0.0069,0.0,0.007,0.0,0.0,0.0,0.0,no_change,0.02,2026-09-24T11:00:14,0.0,0.254999995231628,339.815,2026-09-28 18:44:43,2026-09-28 14:45:04
AAPL,AAPL260930P00285000,AAPL,2026-09-30,P,285.0,0.0,0.0,0.52,359.0,1.1894,54.0,0.0,-0.0014,0.0002,0.0012,-0.0075,0.0,0.0076,0.0,0.0,0.0,0.0,down,0.01,2026-09-24T13:49:52,0.0,0.25,339.815,2026-09-28 18:44:43,2026-09-28 14:45:04
AAPL,AAPL260930P00290000,AAPL,2026-09-30,P,290.0,0.0,0.0,0.51,325.0,1.0852,9.0,0.0,-0.0017,0.0003,0.0014,-0.0083,0.0,0.0083,0.0,0.0,0.0,0.0,down,0.03,2026-09-24T11:00:08,0.0,0.224999994039536,339.815,2026-09-28 18:44:43,2026-09-28 14:45:04
AAPL,AAPL260930P00295000,AAPL,2026-09-30,P,295.0,0.0,0.0,0.41,356.0,0.9509,121.0,0.0,-0.002,0.0004,0.0017,-0.0093,0.0,0.0093,0.0,0.0,0.0,0.0,no_change,0.02,2026-09-25T12:45:34,0.0,0.025000000372529,339.815,2026-09-28 18:44:43,2026-09-28 14:45:04
AAPL,AAPL260930P00297500,AAPL,2026-09-30,P,297.5,0.0,0.0,0.4,538.0,0.8989,15.0,0.0,-0.0022,0.0004,0.0018,-0.0099,0.0,0.01,0.0,0.0,0.0,0.0,down,0.03,2026-09-25T14:50:18,0.0,0.0149999996647239,339.815,2026-09-28 18:44:43,2026-09-28 14:45:04
AAPL,AAPL260930P00300000,AAPL,2026-09-30,P,300.0,0.0,0.0,0.13,476.0,0.7231,114.0,1.0,-0.0025,0.0005,0.002,-0.0107,0.0,0.0108,0.0,0.02,0.02,0.02,down,0.02,2026-09-28T10:58:34,2.23517e-06,0.0199999995529652,339.815,2026-09-28 18:44:43,2026-09-28 14:45:04
AAPL,AAPL260930P00302500,AAPL,2026-09-30,P,302.5,0.0,0.0,0.17,498.0,0.7057,7.0,0.0,-0.0029,0.0006,0.0023,-0.0118,0.0,0.0119,0.0,0.0,0.0,0.0,no_change,0.03,2026-09-25T11:33:16,0.0,0.0199999995529652,339.815,2026-09-28 18:44:43,2026-09-28 14:45:04
AAPL,AAPL260930P00305000,AAPL,2026-09-30,P,305.0,0.0,0.0,0.04,413.0,0.5549,37.0,29.0,-0.0034,0.0007,0.0027,-0.0131,-0.0001,0.0132,0.015,0.01,0.07,0.01,down,0.04,2026-09-28T12:13:25,60.0,0.0249999994412065,339.815,2026-09-28 18:44:43,2026-09-28 14:45:04
AAPL,AAPL260930P00307500,AAPL,2026-09-30,P,307.5,0.01,132.0,0.02,244.0,0.5017,31.0,143.0,-0.004,0.0009,0.0031,-0.0148,-0.0001,0.015,-0.025,0.09,0.09,0.01,no_change,0.01,2026-09-28T13:39:41,-71.4286,0.034999999217689,339.815,2026-09-28 18:44:43,2026-09-28 14:45:04
AAPL,AAPL260930P00310000,AAPL,2026-09-30,P,310.0,0.01,151.0,0.02,151.0,0.465,85.0,301.0,-0.0048,0.0011,0.0037,-0.0171,-0.0001,0.0174,-0.01,0.03,0.03,0.01,no_change,0.02,2026-09-28T13:27:45,-33.3333,0.0299999993294477,339.815,2026-09-28 18:44:43,2026-09-28 14:45:04
AAPL,AAPL260930P00312500,AAPL,2026-09-30,P,312.5,0.01,104.0,0.03,399.0,0.442,78.0,49.0,-0.0059,0.0015,0.0044,-0.0202,-0.0001,0.0206,-0.02,0.09,0.09,0.01,no_change,0.02,2026-09-28T14:00:48,-50.0,0.0399999991059303,339.815,2026-09-28 18:44:43,2026-09-28 14:45:04
AAPL,AAPL260930P00315000,AAPL,2026-09-30,P,315.0,0.02,127.0,0.03,247.0,0.415,152.0,35.0,-0.0075,0.0019,0.0055,-0.0245,-0.0001,0.0251,-0.03,0.03,0.03,0.02,down,0.02,2026-09-28T13:53:48,-60.0,0.0499999998137355,339.815,2026-09-28 18:44:43,2026-09-28 14:45:04
AAPL,AAPL260930P00317500,AAPL,2026-09-30,P,317.5,0.01,353.0,0.04,418.0,0.3766,168.0,63.0,-0.0097,0.0026,0.007,-0.0305,-0.0002,0.0314,-0.04,0.03,0.04,0.02,down,0.02,2026-09-28T14:24:24,-66.6667,0.0600000005215406,339.815,2026-09-28 18:44:43,2026-09-28 14:45:04
AAPL,AAPL260930P00320000,AAPL,2026-09-30,P,320.0,0.04,1.0,0.05,355.0,0.365,2654.0,551.0,-0.0131,0.0036,0.009,-0.0391,-0.0002,0.0407,-0.04,0.07,0.07,0.02,no_change,0.04,2026-09-28T14:25:01,-50.0,0.080000001937151,339.815,2026-09-28 18:44:43,2026-09-28 14:45:04
AAPL,AAPL260930P00322500,AAPL,2026-09-30,P,322.5,0.05,221.0,0.06,711.0,0.3334,383.0,422.0,-0.0183,0.0052,0.012,-0.052,-0.0003,0.055,-0.055,0.1,0.1,0.03,no_change,0.06,2026-09-28T14:29:24,-47.8261,0.114999998360872,339.815,2026-09-28 18:44:43,2026-09-28 14:45:04
AAPL,AAPL260930P00325000,AAPL,2026-09-30,P,325.0,0.07,351.0,0.08,395.0,0.3056,992.0,514.0,-0.0269,0.0078,0.0165,-0.0728,-0.0005,0.0789,-0.08,0.12,0.19,0.05,no_change,0.08,2026-09-28T14:27:28,-50.0,0.160000003874302,339.815,2026-09-28 18:44:43,2026-09-28 14:45:04
AAPL,AAPL260930P00327500,AAPL,2026-09-30,P,327.5,0.11,334.0,0.13,326.0,0.284,3781.0,3943.0,-0.0422,0.0122,0.0239,-0.1095,-0.0008,0.1234,-0.14,0.2,0.24,0.07,no_change,0.12,2026-09-28T14:23:13,-53.8462,0.260000005364418,339.815,2026-09-28 18:44:43,2026-09-28 14:45:04
AAPL,AAPL260930P00330000,AAPL,2026-09-30,P,330.0,0.21,111.0,0.22,118.0,0.2676,1502.0,3940.0,-0.0712,0.0197,0.0359,-0.1766,-0.0013,0.2136,-0.19,0.36,0.36,0.16,no_change,0.22,2026-09-28T14:27:13,-46.3415,0.409999996423721,339.815,2026-09-28 18:44:43,2026-09-28 14:45:04
AAPL,AAPL260930P00332500,AAPL,2026-09-30,P,332.5,0.39,185.0,0.42,454.0,0.2546,1007.0,5225.0,-0.1247,0.0314,0.0537,-0.2913,-0.0023,0.3995,-0.255,0.6,0.61,0.27,down,0.4,2026-09-28T14:27:41,-38.9313,0.655000001192093,339.815,2026-09-28 18:44:43,2026-09-28 14:45:04
AAPL,AAPL260930P00335000,AAPL,2026-09-30,P,335.0,0.76,78.0,0.79,135.0,0.2455,1777.0,7130.0,-0.2141,0.0464,0.0755,-0.4514,-0.0039,0.7624,-0.3,0.99,1.14,0.48,down,0.77,2026-09-28T14:29:27,-28.0374,1.06999999284744,339.815,2026-09-28 18:44:43,2026-09-28 14:45:04
AAPL,AAPL260930P00337500,AAPL,2026-09-30,P,337.5,1.41,60.0,1.46,342.0,0.24,823.0,7852.0,-0.3443,0.0604,0.0947,-0.6061,-0.006,1.4078,-0.27,1.7,1.79,0.9,no_change,1.45,2026-09-28T14:28:54,-15.6977,1.72000002861023,339.815,2026-09-28 18:44:43,2026-09-28 14:45:04
AAPL,AAPL260930P00340000,AAPL,2026-09-30,P,340.0,2.42,31.0,2.5,302.0,0.2349,711.0,12056.0,-0.5042,0.0669,0.1024,-0.6664,-0.0084,2.4358,-0.135,2.6,3.15,1.54,up,2.5,2026-09-28T14:29:10,-5.12334,2.63499999046326,339.815,2026-09-28 18:44:43,2026-09-28 14:45:04
AAPL,AAPL260930P00342500,AAPL,2026-09-30,P,342.5,3.8,257.0,4.0,147.0,0.2305,321.0,2254.0,-0.6674,0.0619,0.0935,-0.5825,-0.0105,3.8955,-0.095,3.2,4.35,2.5,down,3.88,2026-09-28T14:29:38,-2.38993,3.97499990463257,339.815,2026-09-28 18:44:43,2026-09-28 14:45:04
AAPL,AAPL260930P00345000,AAPL,2026-09-30,P,345.0,5.55,130.0,5.9,85.0,0.2252,167.0,360.0,-0.8043,0.0478,0.0716,-0.4035,-0.0106,5.7561,0.125,6.4,6.4,3.85,down,5.75,2026-09-28T14:29:38,2.22222,5.625,339.815,2026-09-28 18:44:43,2026-09-28 14:45:04
AAPL,AAPL260930P00347500,AAPL,2026-09-30,P,347.5,7.55,219.0,8.3,185.0,0.2332,32.0,77.0,-0.8992,0.0317,0.0458,-0.2291,-0.0095,7.9198,0.175,6.95,8.4,5.7,up,7.65,2026-09-28T13:33:47,2.34114,7.47500014305115,339.815,2026-09-28 18:44:43,2026-09-28 14:45:04
AAPL,AAPL260930P00350000,AAPL,2026-09-30,P,350.0,9.95,202.0,10.45,108.0,0.1937,114.0,82.0,-0.9541,0.0184,0.025,-0.1204,-0.0065,10.2706,-0.125,8.7,10.8,7.83,down,9.85,2026-09-28T14:06:29,-1.25313,9.97499990463257,339.815,2026-09-28 18:44:43,2026-09-28 14:45:04
AAPL,AAPL260930P00352500,AAPL,2026-09-30,P,352.5,12.2,148.0,13.6,73.0,0.3296,11.0,7.0,-0.9804,0.0095,0.0129,-0.0723,-0.0031,12.715,-2.225,12.55,12.55,10.25,down,10.25,2026-09-28T12:26:49,-17.8357,12.4749999046326,339.815,2026-09-28 18:44:43,2026-09-28 14:45:04
AAPL,AAPL260930P00355000,AAPL,2026-09-30,P,355.0,14.65,115.0,16.25,60.0,0.3928,1.0,0.0,-0.991,0.0049,0.0063,-0.0557,-0.0018,15.1972,0.0,0.0,0.0,0.0,up,13.3,2026-09-22T12:28:10,0.0,14.9000005722046,339.815,2026-09-28 18:44:43,2026-09-28 14:45:04
AAPL,AAPL260930P00357500,AAPL,2026-09-30,P,357.5,16.75,128.0,18.85,64.0,0.3831,0.0,0.0,-0.995,0.0028,0.004,-0.0499,-0.0009,17.6912,0.0,0.0,0.0,0.0,no_change,0.0,,0.0,17.3500003814697,339.815,2026-09-28 18:44:43,2026-09-28 14:45:04
AAPL,AAPL260930P00360000,AAPL,2026-09-30,P,360.0,19.05,129.0,21.15,64.0,0.0,0.0,0.0,-0.9966,0.0018,0.0024,-0.048,-0.001,20.1892,0.0,0.0,0.0,0.0,down,16.72,2026-09-22T11:13:33,0.0,20.0250005722046,339.815,2026-09-28 18:44:43,2026-09-28 14:45:04
AAPL,AAPL260930P00362500,AAPL,2026-09-30,P,362.5,21.7,129.0,23.85,62.0,0.4514,0.0,0.0,-0.9974,0.0013,0.0021,-0.047,-0.001,22.6882,0.0,0.0,0.0,0.0,no_change,0.0,,0.0,22.3500003814697,339.815,2026-09-28 18:44:43,2026-09-28 14:45:04
AAPL,AAPL260930P00365000,AAPL,2026-09-30,P,365.0,24.65,143.0,25.5,40.0,0.0,0.0,7.0,-0.9979,0.001,0.0019,-0.0465,-0.0009,25.1877,-2.2,22.61,23.09,22.6,down,22.6,2026-09-28T09:47:02,-8.87097,24.8000001907349,339.815,2026-09-28 18:44:43,2026-09-28 14:45:04
AAPL,AAPL260930P00367500,AAPL,2026-09-30,P,367.5,26.95,135.0,28.85,37.0,0.5983,0.0,0.0,-0.9982,0.0008,0.0016,-0.0462,-0.0004,27.6874,0.0,0.0,0.0,0.0,no_change,0.0,,0.0,27.4000005722046,339.815,2026-09-28 18:44:43,2026-09-28 14:45:04
AAPL,AAPL260930P00370000,AAPL,2026-09-30,P,370.0,29.05,142.0,31.35,57.0,0.476,0.0,0.0,-0.9984,0.0007,0.0014,-0.0461,-0.0004,30.1873,0.0,0.0,0.0,0.0,no_change,0.0,,0.0,29.9250001907349,339.815,2026-09-28 18:44:43,2026-09-28 14:45:04
AAPL,AAPL260930P00372500,AAPL,2026-09-30,P,372.5,31.55,142.0,33.85,35.0,0.5085,0.0,0.0,-0.9985,0.0006,0.0012,-0.046,-0.0004,32.6872,0.0,0.0,0.0,0.0,no_change,0.0,,0.0,32.3500003814697,339.815,2026-09-28 18:44:43,2026-09-28 14:45:04
AAPL,AAPL260930P00375000,AAPL,2026-09-30,P,375.0,34.05,142.0,36.35,44.0,0.5405,0.0,0.0,-0.9986,0.0005,0.0011,-0.0459,-0.0004,35.1872,0.0,0.0,0.0,0.0,down,32.6,2026-09-22T10:58:42,0.0,34.9750003814697,339.815,2026-09-28 18:44:43,2026-09-28 14:45:04
AAPL,AAPL260930P00380000,AAPL,2026-09-30,P,380.0,39.05,141.0,41.35,36.0,0.6032,0.0,0.0,-0.9988,0.0004,0.0009,-0.0458,-0.0004,40.1871,0.0,0.0,0.0,0.0,no_change,0.0,,0.0,39.9250011444092,339.815,2026-09-28 18:44:43,2026-09-28 14:45:04
AAPL,AAPL260930P00385000,AAPL,2026-09-30,P,385.0,44.05,142.0,46.35,35.0,0.6644,0.0,0.0,-0.9989,0.0003,0.0008,-0.0458,-0.0005,45.187,0.0,0.0,0.0,0.0,no_change,0.0,,0.0,44.75,339.815,2026-09-28 18:44:43,2026-09-28 14:45:04
AAPL,AAPL260930P00390000,AAPL,2026-09-30,P,390.0,49.05,143.0,51.35,56.0,0.7241,0.0,0.0,-0.999,0.0003,0.0007,-0.0457,-0.0004,50.1869,0.0,0.0,0.0,0.0,no_change,0.0,,0.0,49.8999996185303,339.815,2026-09-28 18:44:43,2026-09-28 14:45:04
AAPL,AAPL260930P00395000,AAPL,2026-09-30,P,395.0,54.05,142.0,56.35,44.0,0.7824,0.0,0.0,-0.9991,0.0002,0.0006,-0.0456,-0.0004,55.1868,0.0,0.0,0.0,0.0,no_change,0.0,,0.0,54.7000007629394,339.815,2026-09-28 18:44:43,2026-09-28 14:45:04
AAPL,AAPL260930P00400000,AAPL,2026-09-30,P,400.0,59.05,140.0,61.35,56.0,0.8396,0.0,0.0,-0.9992,0.0002,0.0006,-0.0456,-0.0004,60.1868,0.0,0.0,0.0,0.0,no_change,0.0,,0.0,59.9500007629394,339.815,2026-09-28 18:44:43,2026-09-28 14:45:04
AAPL,AAPL260930P00405000,AAPL,2026-09-30,P,405.0,64.05,136.0,66.35,44.0,0.8957,0.0,0.0,-0.9993,0.0002,0.0006,-0.0455,-0.0005,65.1867,0.0,0.0,0.0,0.0,no_change,0.0,,0.0,64.9249992370606,339.815,2026-09-28 18:44:43,2026-09-28 14:45:04
AAPL,AAPL261002C00110000,AAPL,2026-10-02,C,110.0,228.65,144.0,231.9,12.0,4.7071,0.0,0.0,1.0,0.0,0.0,0.0,0.0181,229.9058,0.0,0.0,0.0,0.0,no_change,0.0,,0.0,230.5,339.815,2026-09-28 18:44:43,2026-09-28 14:45:04
AAPL,AAPL261002C00120000,AAPL,2026-10-02,C,120.0,218.4,144.0,221.95,19.0,4.176,0.0,0.0,1.0,0.0,0.0,0.0,0.0197,219.9133,0.0,0.0,0.0,0.0,no_change,0.0,,0.0,220.574996948242,339.815,2026-09-28 18:44:43,2026-09-28 14:45:04
AAPL,AAPL261002C00125000,AAPL,2026-10-02,C,125.0,213.65,135.0,216.35,29.0,3.5364,0.0,0.0,1.0,0.0,0.0,0.0,0.0205,214.9171,0.0,0.0,0.0,0.0,no_change,0.0,,0.0,215.549995422363,339.815,2026-09-28 18:44:43,2026-09-28 14:45:04
AAPL,AAPL261002C00130000,AAPL,2026-10-02,C,130.0,208.8,165.0,211.95,12.0,4.1631,0.0,0.0,1.0,0.0,0.0,0.0,0.0213,209.9209,0.0,0.0,0.0,0.0,no_change,0.0,,0.0,210.574996948242,339.815,2026-09-28 18:44:43,2026-09-28 14:45:04
AAPL,AAPL261002C00135000,AAPL,2026-10-02,C,135.0,203.4,133.0,206.95,11.0,3.7101,0.0,0.0,1.0,0.0,0.0001,0.0,0.0222,204.9247,0.0,0.0,0.0,0.0,no_change,0.0,,0.0,205.599998474121,339.815,2026-09-28 18:44:43,2026-09-28 14:45:04
AAPL,AAPL261002C00140000,AAPL,2026-10-02,C,140.0,198.5,140.0,201.95,10.0,3.6504,0.0,0.0,1.0,0.0,0.0001,0.0,0.023,199.9285,0.0,0.0,0.0,0.0,no_change,0.0,,0.0,200.649993896484,339.815,2026-09-28 18:44:43,2026-09-28 14:45:04
AAPL,AAPL261002C00145000,AAPL,2026-10-02,C,145.0,193.2,165.0,196.95,9.0,3.2208,0.0,0.0,1.0,0.0,0.0001,0.0,0.0238,194.9324,0.0,0.0,0.0,0.0,no_change,0.0,,0.0,195.650001525879,339.815,2026-09-28 18:44:43,2026-09-28 14:45:04
AAPL,AAPL261002C00150000,AAPL,2026-10-02,C,150.0,188.65,145.0,191.65,36.0,3.2509,0.0,12.0,1.0,0.0,0.0001,0.0,0.0246,189.9362,-0.105,190.53,190.53,190.46,up,190.47,2026-09-28T13:47:25,-0.0550948,190.574996948242,339.815,2026-09-28 18:44:43,2026-09-28 14:45:04
AAPL,AAPL261002C00155000,AAPL,2026-10-02,C,155.0,183.65,146.0,186.6,30.0,3.076,0.0,12.0,0.9999,0.0,0.0001,0.0,0.0254,184.9401,-0.085,185.6,185.6,185.49,down,185.49,2026-09-28T13:47:25,-0.0458019,185.574996948242,339.815,2026-09-28 18:44:43,2026-09-28 14:45:04
AAPL,AAPL261002C00160000,AAPL,2026-10-02,C,160.0,178.65,131.0,181.95,18.0,3.2162,1.0,0.0,0.9999,0.0,0.0001,0.0,0.0263,179.944,0.0,0.0,0.0,0.0,down,176.3,2026-09-24T15:55:55,0.0,180.574996948242,339.815,2026-09-28 18:44:43,2026-09-28 14:45:04
AAPL,AAPL261002C00165000,AAPL,2026-10-02,C,165.0,173.65,139.0,176.95,9.0,3.0912,0.0,0.0,0.9999,0.0,0.0002,0.0,0.0271,174.9479,0.0,0.0,0.0,0.0,no_change,0.0,,0.0,175.574996948242,339.815,2026-09-28 18:44:43,2026-09-28 14:45:04
AAPL,AAPL261002C00170000,AAPL,2026-10-02,C,170.0,168.6,138.0,171.95,8.0,2.9404,0.0,0.0,0.9999,0.0,0.0002,0.0,0.0279,169.9518,0.0,0.0,0.0,0.0,no_change,0.0,,0.0,170.599998474121,339.815,2026-09-28 18:44:43,2026-09-28 14:45:04
AAPL,AAPL261002C00175000,AAPL,2026-10-02,C,175.0,163.7,139.0,166.9,9.0,2.8524,2.0,0.0,0.9999,0.0,0.0002,0.0,0.0287,164.9557,0.0,0.0,0.0,0.0,up,162.66,2026-09-24T14:38:03,0.0,165.599998474121,339.815,2026-09-28 18:44:43,2026-09-28 14:45:04
AAPL,AAPL261002C00180000,AAPL,2026-10-02,C,180.0,158.7,143.0,161.95,11.0,2.7648,0.0,0.0,0.9998,0.0,0.0002,0.0,0.0295,159.9597,0.0,0.0,0.0,0.0,no_change,0.0,,0.0,160.599998474121,339.815,2026-09-28 18:44:43,2026-09-28 14:45:04
AAPL,AAPL261002C00185000,AAPL,2026-10-02,C,185.0,153.7,148.0,156.4,13.0,2.2334,1.0,1.0,0.9998,0.0,0.0003,0.0,0.0304,154.9636,-1.5,154.1,154.1,154.1,up,154.1,2026-09-28T13:46:28,-0.964009,155.599998474121,339.815,2026-09-28 18:44:43,2026-09-28 14:45:04
AAPL,AAPL261002C00190000,AAPL,2026-10-02,C,190.0,148.7,138.0,152.0,13.0,2.5681,1.0,0.0,0.9998,0.0,0.0003,0.0,0.0312,149.9676,0.0,0.0,0.0,0.0,down,145.25,2026-09-25T10:06:58,0.0,150.599998474121,339.815,2026-09-28 18:44:43,2026-09-28 14:45:04
AAPL,AAPL261002C00195000,AAPL,2026-10-02,C,195.0,143.7,133.0,146.95,13.0,2.4379,1.0,0.0,0.9998,0.0,0.0003,0.0,0.032,144.9716,0.0,0.0,0.0,0.0,up,130.4,2026-09-02T12:28:38,0.0,145.574996948242,339.815,2026-09-28 18:44:43,2026-09-28 14:45:04
AAPL,AAPL261002C00200000,AAPL,2026-10-02,C,200.0,138.8,139.0,141.4,31.0,2.0501,2.0,0.0,0.9997,0.0,0.0004,0.0,0.0328,139.9756,0.0,0.0,0.0,0.0,up,136.36,2026-09-21T09:56:30,0.0,140.599998474121,339.815,2026-09-28 18:44:43,2026-09-28 14:45:04
AAPL,AAPL261002C00205000,AAPL,2026-10-02,C,205.0,133.7,138.0,137.0,11.0,2.2556,2.0,0.0,0.9997,0.0,0.0004,0.0,0.0336,134.9797,0.0,0.0,0.0,0.0,no_change,112.99,2026-09-09T10:11:39,0.0,135.599998474121,339.815,2026-09-28 18:44:43,2026-09-28 14:45:04
AAPL,AAPL261002C00210000,AAPL,2026-10-02,C,210.0,129.1,141.0,131.4,12.0,2.0636,2.0,0.0,0.9997,0.0,0.0005,0.0,0.0344,129.9837,0.0,0.0,0.0,0.0,no_change,120.25,2026-09-15T10:22:08,0.0,130.625,339.815,2026-09-28 18:44:43,2026-09-28 14:45:04
AAPL,AAPL261002C00215000,AAPL,2026-10-02,C,215.0,123.7,143.0,127.0,21.0,2.0594,17.0,0.0,0.9996,0.0,0.0005,0.0,0.0353,124.9878,0.0,0.0,0.0,0.0,up,122.74,2026-09-24T15:02:50,0.0,125.625,339.815,2026-09-28 18:44:43,2026-09-28 14:45:04
AAPL,AAPL261002C00220000,AAPL,2026-10-02,C,220.0,118.7,147.0,121.4,15.0,1.5815,2.0,2.0,0.9996,0.0,0.0006,0.0,0.0361,119.9919,-0.075,122.59,122.59,120.55,down,120.55,2026-09-28T12:13:28,-0.0621762,120.625,339.815,2026-09-28 18:44:43,2026-09-28 14:45:04
AAPL,AAPL261002C00225000,AAPL,2026-10-02,C,225.0,113.75,147.0,116.75,35.0,1.7869,1.0,0.0,0.9995,0.0,0.0006,0.0,0.0369,114.996,0.0,0.0,0.0,0.0,up,118.15,2026-09-22T12:41:44,0.0,115.599998474121,339.815,2026-09-28 18:44:43,2026-09-28 14:45:04
AAPL,AAPL261002C00230000,AAPL,2026-10-02,C,230.0,108.7,140.0,112.05,15.0,1.7989,7.0,0.0,0.9994,0.0,0.0007,0.0,0.0377,110.0001,0.0,0.0,0.0,0.0,up,107.71,2026-09-24T15:15:15,0.0,110.650001525879,339.815,2026-09-28 18:44:43,2026-09-28 14:45:04
AAPL,AAPL261002C00235000,AAPL,2026-10-02,C,235.0,104.15,145.0,106.45,21.0,1.654,43.0,0.0,0.9994,0.0001,0.0008,0.0,0.0385,105.0043,0.0,0.0,0.0,0.0,up,103.28,2026-09-24T12:36:18,0.0,105.650001525879,339.815,2026-09-28 18:44:43,2026-09-28 14:45:04
AAPL,AAPL261002C00240000,AAPL,2026-10-02,C,240.0,98.7,145.0,101.95,26.0,1.5865,33.0,8.0,0.9993,0.0001,0.0009,0.0,0.0394,100.0084,-0.42,100.65,100.65,100.33,down,100.33,2026-09-28T13:53:59,-0.416873,100.75,339.815,2026-09-28 18:44:43,2026-09-28 14:45:04
AAPL,AAPL261002C00245000,AAPL,2026-10-02,C,245.0,93.75,149.0,96.45,39.0,1.278,36.0,16.0,0.9992,0.0001,0.001,0.0,0.0402,95.0126,-0.275,95.49,95.72,95.35,down,95.35,2026-09-28T13:53:59,-0.287582,95.625,339.815,2026-09-28 18:44:43,2026-09-28 14:45:04
AAPL,AAPL261002C00250000,AAPL,2026-10-02,C,250.0,89.05,334.0,91.45,101.0,1.3626,241.0,8.0,0.9991,0.0001,0.0011,0.0,0.041,90.0169,-0.105,90.56,90.69,90.49,up,90.57,2026-09-28T13:53:11,-0.115797,90.6749992370606,339.815,2026-09-28 18:44:43,2026-09-28 14:45:04
AAPL,AAPL261002C00255000,AAPL,2026-10-02,C,255.0,84.3,306.0,86.45,92.0,1.3663,339.0,0.0,0.999,0.0001,0.0012,0.0,0.0418,85.0211,0.0,0.0,0.0,0.0,no_change,82.83,2026-09-25T11:21:54,0.0,85.6749992370606,339.815,2026-09-28 18:44:43,2026-09-28 14:45:04
AAPL,AAPL261002C00260000,AAPL,2026-10-02,C,260.0,78.75,231.0,81.45,79.0,1.0521,55.0,2.0,0.9989,0.0001,0.0014,0.0,0.0426,80.0254,-0.9,82.64,82.64,80.0,down,80.0,2026-09-28T12:57:11,-1.11249,80.9000015258789,339.815,2026-09-28 18:44:43,2026-09-28 14:45:04
AAPL,AAPL261002C00265000,AAPL,2026-10-02,C,265.0,73.8,143.0,76.8,23.0,1.1595,24.0,0.0,0.9987,0.0001,0.0016,0.0,0.0434,75.0298,0.0,0.0,0.0,0.0,down,70.96,2026-09-25T10:07:41,0.0,75.75,339.815,2026-09-28 18:44:43,2026-09-28 14:45:04
AAPL,AAPL261002C00270000,AAPL,2026-10-02,C,270.0,68.75,114.0,72.05,26.0,1.1362,63.0,0.0,0.9985,0.0002,0.0018,-0.0004,0.0442,70.0342,0.0,0.0,0.0,0.0,up,70.13,2026-09-25T14:26:32,0.0,70.6749992370606,339.815,2026-09-28 18:44:43,2026-09-28 14:45:04
AAPL,AAPL261002C00275000,AAPL,2026-10-02,C,275.0,63.85,137.0,66.45,26.0,0.896,81.0,1.0,0.9983,0.0002,0.002,-0.0016,0.045,65.0387,0.39,66.14,66.14,66.14,up,66.14,2026-09-28T12:10:30,0.593156,65.75,339.815,2026-09-28 18:44:43,2026-09-28 14:45:04
AAPL,AAPL261002C00280000,AAPL,2026-10-02,C,280.0,59.4,314.0,61.45,210.0,0.9898,110.0,4.0,0.998,0.0003,0.0023,-0.0031,0.0458,60.0435,-1.175,60.86,60.86,59.65,down,59.65,2026-09-28T10:58:22,-1.93177,60.8249988555908,339.815,2026-09-28 18:44:43,2026-09-28 14:45:04
AAPL,AAPL261002C00285000,AAPL,2026-10-02,C,285.0,54.3,311.0,55.8,154.0,0.6017,248.0,5.0,0.9977,0.0003,0.0027,-0.0047,0.0467,55.0485,-0.615,54.75,55.69,54.75,down,55.11,2026-09-28T13:52:36,-1.10363,55.7250003814697,339.815,2026-09-28 18:44:43,2026-09-28 14:45:04
AAPL,AAPL261002C00290000,AAPL,2026-10-02,C,290.0,49.5,334.0,50.65,148.0,0.599,185.0,3.0,0.9972,0.0004,0.0032,-0.0066,0.0474,50.054,0.34,52.35,52.35,51.19,down,51.19,2026-09-28T12:16:34,0.668633,50.8500003814697,339.815,2026-09-28 18:44:43,2026-09-28 14:45:04
AAPL,AAPL261002C00295000,AAPL,2026-10-02,C,295.0,43.9,350.0,46.0,199.0,0.0,182.0,8.0,0.9965,0.0006,0.0039,-0.0091,0.0482,45.0603,-0.19,47.46,47.46,45.76,no_change,45.76,2026-09-28T12:08:59,-0.41349,45.9499988555908,339.815,2026-09-28 18:44:43,2026-09-28 14:45:04
AAPL,AAPL261002C00297500,AAPL,2026-10-02,C,297.5,41.3,322.0,44.0,101.0,0.586,128.0,0.0,0.9961,0.0007,0.0044,-0.0106,0.0486,42.5639,0.0,0.0,0.0,0.0,up,42.74,2026-09-25T14:20:58,0.0,43.3999996185303,339.815,2026-09-28 18:44:43,2026-09-28 14:45:04
AAPL,AAPL261002C00300000,AAPL,2026-10-02,C,300.0,39.9,82.0,40.5,207.0,0.5854,697.0,18.0,0.9955,0.0008,0.0049,-0.0125,0.049,40.068,0.285,41.03,42.3,41.0,down,41.26,2026-09-28T12:24:31,0.69555,40.9749984741211,339.815,2026-09-28 18:44:43,2026-09-28 14:45:04
AAPL,AAPL261002C00302500,AAPL,2026-10-02,C,302.5,36.55,111.0,39.0,31.0,0.588,1.0,0.0,0.9947,0.001,0.0057,-0.0148,0.0494,37.5726,0.0,0.0,0.0,0.0,down,33.21,2026-09-25T09:40:56,0.0,38.5750007629394,339.815,2026-09-28 18:44:43,2026-09-28 14:45:04
AAPL,AAPL261002C00305000,AAPL,2026-10-02,C,305.0,33.75,325.0,35.9,65.0,0.0,126.0,6.0,0.9938,0.0012,0.0066,-0.0176,0.0497,35.0782,-0.4,36.42,36.42,35.45,down,35.45,2026-09-28T14:17:33,-1.11576,35.8499984741211,339.815,2026-09-28 18:44:43,2026-09-28 14:45:04
AAPL,AAPL261002C00307500,AAPL,2026-10-02,C,307.5,31.3,150.0,33.5,73.0,0.0,60.0,14.0,0.9925,0.0015,0.0078,-0.0211,0.0501,32.5849,1.0,34.55,34.55,34.55,up,34.55,2026-09-28T09:58:20,2.98063,33.5499992370606,339.815,2026-09-28 18:44:43,2026-09-28 14:45:04
AAPL,AAPL261002C00310000,AAPL,2026-10-02,C,310.0,29.3,288.0,31.05,150.0,0.4358,1956.0,20.0,0.9907,0.0018,0.0094,-0.0256,0.0504,30.0935,-0.2,31.81,32.91,30.07,down,30.15,2026-09-28T13:48:16,-0.65898,30.3500003814697,339.815,2026-09-28 18:44:43,2026-09-28 14:45:04
AAPL,AAPL261002C00312500,AAPL,2026-10-02,C,312.5,26.75,110.0,29.0,32.0,0.4782,40.0,5.0,0.9882,0.0024,0.0115,-0.0318,0.0506,27.6048,-0.235,28.34,28.44,28.34,up,28.44,2026-09-28T13:14:32,-0.819527,28.6749992370606,339.815,2026-09-28 18:44:43,2026-09-28 14:45:04
AAPL,AAPL261002C00315000,AAPL,2026-10-02,C,315.0,24.15,330.0,26.25,241.0,0.3809,928.0,40.0,0.9846,0.0032,0.0145,-0.0403,0.0509,25.1208,-0.62,25.95,27.65,24.95,up,25.63,2026-09-28T11:12:24,-2.3619,26.25,339.815,2026-09-28 18:44:43,2026-09-28 14:45:04
AAPL,AAPL261002C00317500,AAPL,2026-10-02,C,317.5,21.85,113.0,24.05,36.0,0.4222,71.0,0.0,0.9792,0.0043,0.0187,-0.0527,0.051,22.6446,0.0,0.0,0.0,0.0,up,23.86,2026-09-25T15:47:25,0.0,23.1749992370605,339.815,2026-09-28 18:44:43,2026-09-28 14:45:04
AAPL,AAPL261002C00320000,AAPL,2026-10-02,C,320.0,19.85,67.0,20.75,193.0,0.346,1381.0,46.0,0.9707,0.006,0.0249,-0.0709,0.0509,20.1817,-1.25,22.0,22.68,20.0,down,20.0,2026-09-28T13:52:34,-5.88235,21.25,339.815,2026-09-28 18:44:43,2026-09-28 14:45:04
AAPL,AAPL261002C00322500,AAPL,2026-10-02,C,322.5,17.45,114.0,18.05,145.0,0.2953,214.0,75.0,0.9575,0.0086,0.0336,-0.0976,0.0506,17.7413,-0.925,18.65,19.13,17.83,no_change,17.9,2026-09-28T14:18:25,-4.91368,18.8249998092651,339.815,2026-09-28 18:44:43,2026-09-28 14:45:04
AAPL,AAPL261002C00325000,AAPL,2026-10-02,C,325.0,15.1,77.0,15.7,224.0,0.295,2113.0,45.0,0.937,0.0122,0.0457,-0.1354,0.0498,15.3374,-1.25,17.79,18.0,15.2,down,15.2,2026-09-28T13:59:51,-7.59878,16.4499998092651,339.815,2026-09-28 18:44:43,2026-09-28 14:45:04
AAPL,AAPL261002C00327500,AAPL,2026-10-02,C,327.5,12.75,88.0,13.4,222.0,0.2853,456.0,70.0,0.9062,0.017,0.0615,-0.1861,0.0485,12.9914,-1.425,15.14,15.35,12.95,down,12.95,2026-09-28T14:13:04,-9.91304,14.375,339.815,2026-09-28 18:44:43,2026-09-28 14:45:04
AAPL,AAPL261002C00330000,AAPL,2026-10-02,C,330.0,10.5,153.0,11.0,178.0,0.2655,2501.0,396.0,0.8614,0.0232,0.0807,-0.2489,0.0464,10.7334,-0.975,11.74,13.34,10.64,no_change,10.85,2026-09-28T14:11:57,-8.24524,11.8249998092651,339.815,2026-09-28 18:44:43,2026-09-28 14:45:04
AAPL,AAPL261002C00332500,AAPL,2026-10-02,C,332.5,8.45,112.0,8.7,72.0,0.2532,433.0,102.0,0.7996,0.0303,0.1017,-0.3188,0.0433,8.6037,-1.045,10.2,11.24,8.43,up,8.58,2026-09-28T14:26:56,-10.8571,9.625,339.815,2026-09-28 18:44:43,2026-09-28 14:45:04
AAPL,AAPL261002C00335000,AAPL,2026-10-02,C,335.0,6.7,1.0,6.75,127.0,0.2538,4485.0,832.0,0.7187,0.0374,0.1218,-0.3852,0.0391,6.6507,-1.025,7.73,9.5,6.45,up,6.7,2026-09-28T14:29:42,-13.2686,7.72499990463257,339.815,2026-09-28 18:44:43,2026-09-28 14:45:04
AAPL,AAPL261002C00337500,AAPL,2026-10-02,C,337.5,4.8,137.0,5.05,194.0,0.2441,1728.0,539.0,0.62,0.0432,0.1371,-0.4334,0.0338,4.9264,-1.15,6.1,7.3,4.75,no_change,4.9,2026-09-28T14:26:08,-19.0083,6.04999995231628,339.815,2026-09-28 18:44:43,2026-09-28 14:45:04
AAPL,AAPL261002C00340000,AAPL,2026-10-02,C,340.0,3.4,373.0,3.5,54.0,0.2379,11429.0,5209.0,0.5086,0.0461,0.1434,-0.4487,0.0278,3.4756,-1.075,4.1,5.65,3.3,no_change,3.45,2026-09-28T14:28:45,-23.7569,4.52499985694885,339.815,2026-09-28 18:44:43,2026-09-28 14:45:04
AAPL,AAPL261002C00342500,AAPL,2026-10-02,C,342.5,2.28,253.0,2.35,170.0,0.2355,8816.0,15504.0,0.3937,0.0451,0.1385,-0.4239,0.0216,2.3249,-0.975,2.96,4.12,2.2,down,2.3,2026-09-28T14:29:09,-29.771,3.27499997615814,339.815,2026-09-28 18:44:43,2026-09-28 14:45:04
AAPL,AAPL261002C00345000,AAPL,2026-10-02,C,345.0,1.44,120.0,1.49,144.0,0.2333,10598.0,12446.0,0.2861,0.0403,0.1229,-0.3639,0.0157,1.4726,-0.82,2.0,2.95,1.38,no_change,1.45,2026-09-28T14:29:13,-36.1233,2.26999998092651,339.815,2026-09-28 18:44:43,2026-09-28 14:45:04
AAPL,AAPL261002C00347500,AAPL,2026-10-02,C,347.5,0.85,159.0,0.9,132.0,0.2318,7505.0,3389.0,0.1954,0.0328,0.1004,-0.2847,0.0107,0.8874,-0.64,1.35,2.02,0.84,no_change,0.88,2026-09-28T14:28:23,-42.1053,1.51999998092651,339.815,2026-09-28 18:44:43,2026-09-28 14:45:04
AAPL,AAPL261002C00350000,AAPL,2026-10-02,C,350.0,0.49,432.0,0.52,221.0,0.2325,7905.0,9434.0,0.1265,0.0246,0.0761,-0.2055,0.0069,0.5151,-0.485,0.78,1.31,0.48,down,0.49,2026-09-28T14:26:59,-49.7436,0.974999994039536,339.815,2026-09-28 18:44:43,2026-09-28 14:45:04
AAPL,AAPL261002C00352500,AAPL,2026-10-02,C,352.5,0.27,417.0,0.3,318.0,0.235,2788.0,3380.0,0.0787,0.0172,0.0544,-0.1395,0.0043,0.2927,-0.325,0.54,0.83,0.28,down,0.28,2026-09-28T14:24:05,-53.719,0.604999989271164,339.815,2026-09-28 18:44:43,2026-09-28 14:45:04
AAPL,AAPL261002C00355000,AAPL,2026-10-02,C,355.0,0.16,173.0,0.17,179.0,0.2406,8875.0,2453.0,0.0479,0.0114,0.0373,-0.0908,0.0026,0.1654,-0.205,0.33,0.49,0.15,no_change,0.16,2026-09-28T14:28:51,-56.1644,0.365000009536743,339.815,2026-09-28 18:44:43,2026-09-28 14:45:04
AAPL,AAPL261002C00357500,AAPL,2026-10-02,C,357.5,0.09,177.0,0.1,352.0,0.2465,1621.0,2083.0,0.0288,0.0074,0.0249,-0.0578,0.0016,0.094,-0.125,0.18,0.31,0.09,down,0.09,2026-09-28T14:26:46,-58.1395,0.215000003576279,339.815,2026-09-28 18:44:43,2026-09-28 14:45:04
AAPL,AAPL261002C00360000,AAPL,2026-10-02,C,360.0,0.05,138.0,0.06,371.0,0.253,9041.0,2641.0,0.0175,0.0047,0.0166,-0.0367,0.0009,0.0547,-0.065,0.12,0.16,0.05,up,0.06,2026-09-28T14:29:25,-52.0,0.12499999627471,339.815,2026-09-28 18:44:43,2026-09-28 14:45:04
AAPL,AAPL261002C00362500,AAPL,2026-10-02,C,362.5,0.02,378.0,0.04,346.0,0.2576,497.0,989.0,0.011,0.0031,0.0112,-0.024,0.0006,0.0335,-0.005,0.04,0.13,0.03,up,0.06,2026-09-28T13:59:40,-7.69231,0.0649999994784594,339.815,2026-09-28 18:44:43,2026-09-28 14:45:04
AAPL,AAPL261002C00365000,AAPL,2026-10-02,C,365.0,0.01,375.0,0.03,291.0,0.2686,3869.0,1542.0,0.0074,0.0021,0.008,-0.0169,0.0004,0.0225,-0.025,0.05,0.05,0.02,down,0.02,2026-09-28T13:56:59,-55.5556,0.0449999999254942,339.815,2026-09-28 18:44:43,2026-09-28 14:45:04
AAPL,AAPL261002C00367500,AAPL,2026-10-02,C,367.5,0.01,115.0,0.02,235.0,0.2824,147.0,493.0,0.0055,0.0015,0.0061,-0.0131,0.0003,0.0169,-0.005,0.02,0.02,0.01,up,0.02,2026-09-28T14:02:00,-20.0,0.0249999994412065,339.815,2026-09-28 18:44:43,2026-09-28 14:45:04
AAPL,AAPL261002C00370000,AAPL,2026-10-02,C,370.0,0.0,0.0,0.01,2.0,0.2737,4848.0,1124.0,0.0045,0.0012,0.0051,-0.0112,0.0002,0.0142,-0.01,0.01,0.02,0.01,no_change,0.01,2026-09-28T13:16:11,-50.0,0.0199999995529652,339.815,2026-09-28 18:44:43,2026-09-28 14:45:04
AAPL,AAPL261002C00372500,AAPL,2026-10-02,C,372.5,0.0,0.0,0.13,785.0,0.3871,25.0,201.0,0.0039,0.001,0.0044,-0.0103,0.0002,0.0129,-0.005,0.01,0.01,0.01,no_change,0.01,2026-09-28T10:31:54,-33.3333,0.0149999996647239,339.815,2026-09-28 18:44:43,2026-09-28 14:45:04
AAPL,AAPL261002C00375000,AAPL,2026-10-02,C,375.0,0.0,0.0,0.01,105.0,0.313,416.0,111.0,0.0035,0.0009,0.004,-0.0099,0.0002,0.0122,-0.005,0.01,0.01,0.01,no_change,0.01,2026-09-28T11:29:57,-33.3333,0.0149999996647239,339.815,2026-09-28 18:44:43,2026-09-28 14:45:04
AAPL,AAPL261002C00380000,AAPL,2026-10-02,C,380.0,0.0,0.0,0.01,1600.0,0.3513,2599.0,3.0,0.003,0.0007,0.0035,-0.0095,0.0002,0.0116,0.02,0.01,0.03,0.01,up,0.03,2026-09-28T11:04:13,200.0,0.00999999977648258,339.815,2026-09-28 18:44:43,2026-09-28 14:45:04
AAPL,AAPL261002C00385000,AAPL,2026-10-02,C,385.0,0.0,0.0,0.01,3.0,0.3888,838.0,5.0,0.0027,0.0006,0.0031,-0.0093,0.0001,0.0112,0.005,0.01,0.01,0.01,no_change,0.01,2026-09-28T13:49:55,100.0,0.00499999988824129,339.815,2026-09-28 18:44:43,2026-09-28 14:45:04
AAPL,AAPL261002C00390000,AAPL,2026-10-02,C,390.0,0.0,0.0,0.01,2.0,0.4255,177.0,3.0,0.0024,0.0005,0.0028,-0.0091,0.0001,0.0109,0.005,0.01,0.01,0.01,no_change,0.01,2026-09-28T09:30:14,100.0,0.00499999988824129,339.815,2026-09-28 18:44:43,2026-09-28 14:45:04
AAPL,AAPL261002C00395000,AAPL,2026-10-02,C,395.0,0.0,0.0,0.01,1.0,0.4615,180.0,0.0,0.0022,0.0004,0.0026,-0.0089,0.0001,0.0106,0.0,0.0,0.0,0.0,down,0.02,2026-09-21T09:45:48,0.0,0.00499999988824129,339.815,2026-09-28 18:44:43,2026-09-28 14:45:04
AAPL,AAPL261002C00400000,AAPL,2026-10-02,C,400.0,0.0,0.0,0.01,325.0,0.4968,512.0,0.0,0.002,0.0003,0.0024,-0.0087,0.0001,0.0103,0.0,0.0,0.0,0.0,no_change,0.01,2026-09-22T10:37:51,0.0,0.00499999988824129,339.815,2026-09-28 18:44:43,2026-09-28 14:45:04
AAPL,AAPL261002C00405000,AAPL,2026-10-02,C,405.0,0.0,0.0,0.01,1.0,0.5314,30.0,0.0,0.0019,0.0003,0.0022,-0.0085,0.0001,0.01,0.0,0.0,0.0,0.0,down,0.01,2026-09-23T10:18:34,0.0,0.00499999988824129,339.815,2026-09-28 18:44:43,2026-09-28 14:45:04
AAPL,AAPL261002C00410000,AAPL,2026-10-02,C,410.0,0.0,0.0,0.01,1.0,0.5654,22.0,0.0,0.0017,0.0003,0.002,-0.0083,0.0001,0.0097,0.0,0.0,0.0,0.0,no_change,0.08,2026-09-14T12:08:10,0.0,0.00499999988824129,339.815,2026-09-28 18:44:43,2026-09-28 14:45:04
AAPL,AAPL261002C00415000,AAPL,2026-10-02,C,415.0,0.0,0.0,0.01,1000.0,0.5988,381.0,0.0,0.0016,0.0002,0.0019,-0.0081,0.0001,0.0094,0.0,0.0,0.0,0.0,no_change,0.03,2026-09-14T11:23:59,0.0,0.00499999988824129,339.815,2026-09-28 18:44:43,2026-09-28 14:45:04
AAPL,AAPL261002P00110000,AAPL,2026-10-02,P,110.0,0.0,0.0,0.01,3000.0,3.1415,100.0,0.0,0.0,0.0,0.0,-0.0003,0.0,0.0003,0.0,0.0,0.0,0.0,no_change,0.31,2026-08-27T13:29:15,0.0,0.00499999988824129,339.815,2026-09-28 18:44:43,2026-09-28 14:45:04
AAPL,AAPL261002P00120000,AAPL,2026-10-02,P,120.0,0.0,0.0,0.01,2000.0,2.9062,0.0,0.0,0.0,0.0,0.0,-0.0004,0.0,0.0004,0.0,0.0,0.0,0.0,no_change,0.0,,0.0,0.00499999988824129,339.815,2026-09-28 18:44:43,2026-09-28 14:45:04
AAPL,AAPL261002P00125000,AAPL,2026-10-02,P,125.0,0.0,0.0,0.01,2000.0,2.796,4.0,0.0,0.0,0.0,0.0,-0.0005,0.0,0.0005,0.0,0.0,0.0,0.0,up,0.16,2026-08-27T15:53:19,0.0,0.00499999988824129,339.815,2026-09-28 18:44:43,2026-09-28 14:45:04
AAPL,AAPL261002P00130000,AAPL,2026-10-02,P,130.0,0.0,0.0,0.01,2000.0,2.69,0.0,0.0,0.0,0.0,0.0,-0.0006,0.0,0.0006,0.0,0.0,0.0,0.0,no_change,0.0,,0.0,0.00499999988824129,339.815,2026-09-28 18:44:43,2026-09-28 14:45:04
AAPL,AAPL261002P00135000,AAPL,2026-10-02,P,135.0,0.0,0.0,0.01,2000.0,2.5881,0.0,0.0,0.0,0.0,0.0001,-0.0007,0.0,0.0008,0.0,0.0,0.0,0.0,no_change,0.0,,0.0,0.00499999988824129,339.815,2026-09-28 18:44:43,2026-09-28 14:45:04
AAPL,AAPL261002P00140000,AAPL,2026-10-02,P,140.0,0.0,0.0,0.01,2000.0,2.4895,2.0,0.0,0.0,0.0,0.0001,-0.0009,0.0,0.0009,0.0,0.0,0.0,0.0,up,0.12,2026-08-27T14:37:23,0.0,0.00499999988824129,339.815,2026-09-28 18:44:43,2026-09-28 14:45:04
AAPL,AAPL261002P00145000,AAPL,2026-10-02,P,145.0,0.0,0.0,0.01,2000.0,2.3948,0.0,0.0,-0.0001,0.0,0.0001,-0.001,0.0,0.0011,0.0,0.0,0.0,0.0,no_change,0.0,,0.0,0.00499999988824129,339.815,2026-09-28 18:44:43,2026-09-28 14:45:04
AAPL,AAPL261002P00150000,AAPL,2026-10-02,P,150.0,0.0,0.0,0.01,2000.0,2.3032,0.0,0.0,-0.0001,0.0,0.0001,-0.0012,0.0,0.0012,0.0,0.0,0.0,0.0,no_change,0.0,,0.0,0.00499999988824129,339.815,2026-09-28 18:44:43,2026-09-28 14:45:04
AAPL,AAPL261002P00155000,AAPL,2026-10-02,P,155.0,0.0,0.0,0.01,1000.0,2.2146,0.0,0.0,-0.0001,0.0,0.0001,-0.0013,0.0,0.0014,0.0,0.0,0.0,0.0,no_change,0.0,,0.0,0.00499999988824129,339.815,2026-09-28 18:44:43,2026-09-28 14:45:04
AAPL,AAPL261002P00160000,AAPL,2026-10-02,P,160.0,0.0,0.0,0.01,2000.0,2.1292,0.0,0.0,-0.0001,0.0,0.0001,-0.0015,0.0,0.0016,0.0,0.0,0.0,0.0,no_change,0.0,,0.0,0.00499999988824129,339.815,2026-09-28 18:44:43,2026-09-28 14:45:04
AAPL,AAPL261002P00165000,AAPL,2026-10-02,P,165.0,0.0,0.0,0.01,1000.0,2.0461,0.0,0.0,-0.0001,0.0,0.0002,-0.0017,0.0,0.0018,0.0,0.0,0.0,0.0,no_change,0.0,,0.0,0.00499999988824129,339.815,2026-09-28 18:44:43,2026-09-28 14:45:04
AAPL,AAPL261002P00170000,AAPL,2026-10-02,P,170.0,0.0,0.0,0.01,1000.0,1.9653,0.0,0.0,-0.0001,0.0,0.0002,-0.0019,0.0,0.002,0.0,0.0,0.0,0.0,no_change,0.0,,0.0,0.00499999988824129,339.815,2026-09-28 18:44:43,2026-09-28 14:45:04
AAPL,AAPL261002P00175000,AAPL,2026-10-02,P,175.0,0.0,0.0,0.01,1000.0,1.8869,36.0,0.0,-0.0001,0.0,0.0002,-0.0021,0.0,0.0023,0.0,0.0,0.0,0.0,no_change,0.01,2026-09-21T14:36:01,0.0,0.00499999988824129,339.815,2026-09-28 18:44:43,2026-09-28 14:45:04
AAPL,AAPL261002P00180000,AAPL,2026-10-02,P,180.0,0.0,0.0,0.01,2000.0,1.8106,117.0,0.0,-0.0002,0.0,0.0002,-0.0024,0.0,0.0025,0.0,0.0,0.0,0.0,no_change,0.01,2026-09-18T14:39:35,0.0,0.00499999988824129,339.815,2026-09-28 18:44:43,2026-09-28 14:45:04
AAPL,AAPL261002P00185000,AAPL,2026-10-02,P,185.0,0.0,0.0,0.01,1000.0,1.7363,7.0,0.0,-0.0002,0.0,0.0003,-0.0026,0.0,0.0028,0.0,0.0,0.0,0.0,down,0.01,2026-09-18T14:40:37,0.0,0.00499999988824129,339.815,2026-09-28 18:44:43,2026-09-28 14:45:04
AAPL,AAPL261002P00190000,AAPL,2026-10-02,P,190.0,0.0,0.0,0.01,1000.0,1.664,9.0,0.0,-0.0002,0.0,0.0003,-0.0029,0.0,0.0031,0.0,0.0,0.0,0.0,no_change,0.03,2026-08-26T12:49:38,0.0,0.00499999988824129,339.815,2026-09-28 18:44:43,2026-09-28 14:45:04
AAPL,AAPL261002P00195000,AAPL,2026-10-02,P,195.0,0.0,0.0,0.01,9888.0,1.5934,10028.0,0.0,-0.0003,0.0,0.0003,-0.0032,0.0,0.0034,0.0,0.0,0.0,0.0,no_change,0.01,2026-09-25T14:02:51,0.0,0.00499999988824129,339.815,2026-09-28 18:44:43,2026-09-28 14:45:04
AAPL,AAPL261002P00200000,AAPL,2026-10-02,P,200.0,0.0,0.0,0.01,5926.0,1.5246,19030.0,1.0,-0.0003,0.0,0.0004,-0.0035,0.0,0.0038,0.005,0.01,0.01,0.01,no_change,0.01,2026-09-28T09:30:02,100.0,0.00499999988824129,339.815,2026-09-28 18:44:43,2026-09-28 14:45:04
AAPL,AAPL261002P00205000,AAPL,2026-10-02,P,205.0,0.0,0.0,0.04,10.0,1.6272,90.0,0.0,-0.0003,0.0,0.0004,-0.0038,0.0,0.0041,0.0,0.0,0.0,0.0,no_change,0.01,2026-09-14T14:41:31,0.0,0.0199999995529652,339.815,2026-09-28 18:44:43,2026-09-28 14:45:04
AAPL,AAPL261002P00210000,AAPL,2026-10-02,P,210.0,0.0,0.0,0.01,18.0,1.3917,216.0,0.0,-0.0004,0.0,0.0005,-0.0041,0.0,0.0045,0.0,0.0,0.0,0.0,up,0.08,2026-09-15T15:57:41,0.0,0.00499999988824129,339.815,2026-09-28 18:44:43,2026-09-28 14:45:04
AAPL,AAPL261002P00215000,AAPL,2026-10-02,P,215.0,0.0,0.0,0.52,122.0,1.962,34.0,0.0,-0.0004,0.0,0.0005,-0.0044,0.0,0.0049,0.0,0.0,0.0,0.0,down,0.01,2026-09-24T15:40:52,0.0,0.259999990463257,339.815,2026-09-28 18:44:43,2026-09-28 14:45:04
AAPL,AAPL261002P00220000,AAPL,2026-10-02,P,220.0,0.0,0.0,0.52,136.0,1.8737,7.0,0.0,-0.0005,0.0,0.0006,-0.0048,0.0,0.0053,0.0,0.0,0.0,0.0,down,0.01,2026-09-15T14:17:38,0.0,0.259999990463257,339.815,2026-09-28 18:44:43,2026-09-28 14:45:04
AAPL,AAPL261002P00225000,AAPL,2026-10-02,P,225.0,0.0,0.0,0.52,126.0,1.7872,18.0,0.0,-0.0005,0.0,0.0006,-0.0051,0.0,0.0057,0.0,0.0,0.0,0.0,no_change,0.02,2026-09-10T14:22:48,0.0,0.259999990463257,339.815,2026-09-28 18:44:43,2026-09-28 14:45:04
AAPL,AAPL261002P00230000,AAPL,2026-10-02,P,230.0,0.0,0.0,0.52,151.0,1.7022,102.0,0.0,-0.0006,0.0,0.0007,-0.0055,0.0,0.0062,0.0,0.0,0.0,0.0,no_change,0.01,2026-09-25T14:02:36,0.0,0.185000002384186,339.815,2026-09-28 18:44:43,2026-09-28 14:45:04
AAPL,AAPL261002P00235000,AAPL,2026-10-02,P,235.0,0.0,0.0,0.52,160.0,1.6189,166.0,0.0,-0.0006,0.0001,0.0008,-0.0059,0.0,0.0066,0.0,0.0,0.0,0.0,no_change,0.01,2026-09-21T09:53:23,0.0,0.259999990463257,339.815,2026-09-28 18:44:43,2026-09-28 14:45:04
AAPL,AAPL261002P00240000,AAPL,2026-10-02,P,240.0,0.0,0.0,0.01,1500.0,1.0255,363.0,0.0,-0.0007,0.0001,0.0009,-0.0063,0.0,0.0071,0.0,0.0,0.0,0.0,up,0.02,2026-09-25T14:46:51,0.0,0.0949999988079071,339.815,2026-09-28 18:44:43,2026-09-28 14:45:04
AAPL,AAPL261002P00245000,AAPL,2026-10-02,P,245.0,0.0,0.0,0.02,5.0,1.0232,499.0,0.0,-0.0008,0.0001,0.001,-0.0067,0.0,0.0076,0.0,0.0,0.0,0.0,up,0.03,2026-09-25T15:49:00,0.0,0.025000000372529,339.815,2026-09-28 18:44:43,2026-09-28 14:45:04
AAPL,AAPL261002P00250000,AAPL,2026-10-02,P,250.0,0.0,0.0,0.03,4.0,0.9987,1510.0,0.0,-0.0009,0.0001,0.0011,-0.0071,0.0,0.0082,0.0,0.0,0.0,0.0,up,0.02,2026-09-25T10:14:01,0.0,0.0149999996647239,339.815,2026-09-28 18:44:43,2026-09-28 14:45:04
AAPL,AAPL261002P00255000,AAPL,2026-10-02,P,255.0,0.0,0.0,0.51,302.0,1.2954,305.0,0.0,-0.001,0.0001,0.0012,-0.0076,-0.0001,0.0087,0.0,0.0,0.0,0.0,no_change,0.02,2026-09-22T10:13:31,0.0,0.100000001490116,339.815,2026-09-28 18:44:43,2026-09-28 14:45:04
AAPL,AAPL261002P00260000,AAPL,2026-10-02,P,260.0,0.0,0.0,0.01,35.0,0.803,577.0,0.0,-0.0012,0.0001,0.0014,-0.008,-0.0001,0.0093,0.0,0.0,0.0,0.0,no_change,0.02,2026-09-25T12:09:05,0.0,0.0149999996647239,339.815,2026-09-28 18:44:43,2026-09-28 14:45:04
AAPL,AAPL261002P00265000,AAPL,2026-10-02,P,265.0,0.0,0.0,0.04,1.0,0.845,109.0,0.0,-0.0013,0.0001,0.0016,-0.0086,-0.0001,0.01,0.0,0.0,0.0,0.0,no_change,0.01,2026-09-25T12:08:57,0.0,0.0249999994412065,339.815,2026-09-28 18:44:43,2026-09-28 14:45:04
AAPL,AAPL261002P00270000,AAPL,2026-10-02,P,270.0,0.0,0.0,0.2,426.0,0.9388,602.0,1.0,-0.0015,0.0002,0.0018,-0.0092,-0.0001,0.0108,-0.02,0.01,0.01,0.01,down,0.01,2026-09-28T10:37:04,-66.6667,0.0300000002607703,339.815,2026-09-28 18:44:43,2026-09-28 14:45:04
AAPL,AAPL261002P00275000,AAPL,2026-10-02,P,275.0,0.0,0.0,0.25,496.0,0.898,393.0,0.0,-0.0017,0.0002,0.002,-0.0098,-0.0001,0.0116,0.0,0.0,0.0,0.0,down,0.03,2026-09-25T15:26:30,0.0,0.0500000007450581,339.815,2026-09-28 18:44:43,2026-09-28 14:45:04
AAPL,AAPL261002P00280000,AAPL,2026-10-02,P,280.0,0.0,0.0,0.01,27.0,0.5945,759.0,78.0,-0.002,0.0003,0.0023,-0.0106,-0.0001,0.0127,-0.005,0.01,0.07,0.01,down,0.01,2026-09-28T11:42:18,-33.3333,0.0149999996647239,339.815,2026-09-28 18:44:43,2026-09-28 14:45:04
AAPL,AAPL261002P00285000,AAPL,2026-10-02,P,285.0,0.01,20.0,0.05,574.0,0.643,848.0,271.0,-0.0023,0.0003,0.0027,-0.0116,-0.0001,0.014,-0.02,0.01,0.05,0.01,no_change,0.01,2026-09-28T12:16:37,-66.6667,0.0300000002607703,339.815,2026-09-28 18:44:43,2026-09-28 14:45:04
AAPL,AAPL261002P00290000,AAPL,2026-10-02,P,290.0,0.01,137.0,0.02,151.0,0.5452,1422.0,39.0,-0.0028,0.0004,0.0032,-0.0129,-0.0001,0.0159,-0.005,0.25,0.25,0.01,down,0.01,2026-09-28T13:48:17,-33.3333,0.0149999996647239,339.815,2026-09-28 18:44:43,2026-09-28 14:45:04
AAPL,AAPL261002P00295000,AAPL,2026-10-02,P,295.0,0.01,247.0,0.03,448.0,0.5065,1095.0,77.0,-0.0035,0.0006,0.0039,-0.0147,-0.0002,0.0184,-0.01,0.01,0.02,0.01,no_change,0.02,2026-09-28T13:52:51,-33.3333,0.0299999993294477,339.815,2026-09-28 18:44:43,2026-09-28 14:45:04
AAPL,AAPL261002P00297500,AAPL,2026-10-02,P,297.5,0.01,190.0,0.03,398.0,0.4792,10.0,0.0,-0.004,0.0007,0.0044,-0.016,-0.0002,0.0202,0.0,0.0,0.0,0.0,up,0.06,2026-09-25T10:44:11,0.0,0.0199999995529652,339.815,2026-09-28 18:44:43,2026-09-28 14:45:04
AAPL,AAPL261002P00300000,AAPL,2026-10-02,P,300.0,0.02,207.0,0.03,434.0,0.463,3047.0,97.0,-0.0046,0.0008,0.0049,-0.0176,-0.0002,0.0224,-0.005,0.02,0.03,0.02,no_change,0.02,2026-09-28T14:24:15,-20.0,0.0249999994412065,339.815,2026-09-28 18:44:43,2026-09-28 14:45:04
AAPL,AAPL261002P00302500,AAPL,2026-10-02,P,302.5,0.01,579.0,0.08,536.0,0.466,213.0,2.0,-0.0053,0.001,0.0057,-0.0195,-0.0003,0.0253,-0.015,0.09,0.09,0.02,down,0.02,2026-09-28T13:49:55,-42.8571,0.034999999217689,339.815,2026-09-28 18:44:43,2026-09-28 14:45:04
AAPL,AAPL261002P00305000,AAPL,2026-10-02,P,305.0,0.02,115.0,0.03,229.0,0.4078,1192.0,32.0,-0.0063,0.0012,0.0066,-0.022,-0.0003,0.029,-0.02,0.04,0.04,0.02,no_change,0.02,2026-09-28T14:29:17,-50.0,0.0400000000372529,339.815,2026-09-28 18:44:43,2026-09-28 14:45:04
AAPL,AAPL261002P00307500,AAPL,2026-10-02,P,307.5,0.01,273.0,0.05,484.0,0.3884,163.0,0.0,-0.0076,0.0015,0.0078,-0.0252,-0.0004,0.0339,0.0,0.0,0.0,0.0,down,0.06,2026-09-25T15:08:42,0.0,0.0499999988824129,339.815,2026-09-28 18:44:43,2026-09-28 14:45:04
AAPL,AAPL261002P00310000,AAPL,2026-10-02,P,310.0,0.02,298.0,0.04,134.0,0.3605,2326.0,281.0,-0.0093,0.0018,0.0094,-0.0294,-0.0005,0.0406,-0.02,0.06,0.06,0.01,no_change,0.04,2026-09-28T14:27:53,-33.3333,0.0600000005215406,339.815,2026-09-28 18:44:43,2026-09-28 14:45:04
AAPL,AAPL261002P00312500,AAPL,2026-10-02,P,312.5,0.02,245.0,0.06,255.0,0.3446,147.0,30.0,-0.0118,0.0024,0.0115,-0.0353,-0.0006,0.0501,-0.035,0.05,0.06,0.03,down,0.05,2026-09-28T12:42:58,-41.1765,0.0849999990314245,339.815,2026-09-28 18:44:43,2026-09-28 14:45:04
AAPL,AAPL261002P00315000,AAPL,2026-10-02,P,315.0,0.06,394.0,0.07,315.0,0.3372,1740.0,305.0,-0.0154,0.0032,0.0145,-0.0435,-0.0008,0.0643,-0.045,0.08,0.12,0.04,no_change,0.06,2026-09-28T14:23:25,-42.8571,0.105000000447035,339.815,2026-09-28 18:44:43,2026-09-28 14:45:04
AAPL,AAPL261002P00317500,AAPL,2026-10-02,P,317.5,0.08,302.0,0.1,392.0,0.3222,478.0,509.0,-0.0209,0.0043,0.0188,-0.0556,-0.0011,0.0863,-0.045,0.1,0.11,0.06,no_change,0.09,2026-09-28T14:26:24,-33.3333,0.135000001639128,339.815,2026-09-28 18:44:43,2026-09-28 14:45:04
AAPL,AAPL261002P00320000,AAPL,2026-10-02,P,320.0,0.12,252.0,0.13,286.0,0.3068,3585.0,1456.0,-0.0294,0.0061,0.0249,-0.0737,-0.0015,0.1217,-0.055,0.17,0.18,0.08,no_change,0.12,2026-09-28T14:25:01,-31.4286,0.174999997019768,339.815,2026-09-28 18:44:43,2026-09-28 14:45:04
AAPL,AAPL261002P00322500,AAPL,2026-10-02,P,322.5,0.17,197.0,0.2,507.0,0.2942,1657.0,718.0,-0.0427,0.0086,0.0337,-0.1002,-0.0022,0.1797,-0.05,0.15,0.23,0.11,no_change,0.19,2026-09-28T14:00:05,-20.8333,0.240000002086163,339.815,2026-09-28 18:44:43,2026-09-28 14:45:04
AAPL,AAPL261002P00325000,AAPL,2026-10-02,P,325.0,0.27,209.0,0.29,287.0,0.2827,3726.0,1226.0,-0.0633,0.0122,0.0458,-0.138,-0.0033,0.2744,-0.095,0.34,0.35,0.17,no_change,0.27,2026-09-28T14:26:24,-26.0274,0.364999994635582,339.815,2026-09-28 18:44:43,2026-09-28 14:45:04
AAPL,AAPL261002P00327500,AAPL,2026-10-02,P,327.5,0.42,134.0,0.44,141.0,0.2723,4481.0,1260.0,-0.0944,0.0172,0.0618,-0.1888,-0.0048,0.4273,-0.08,0.5,0.56,0.27,no_change,0.44,2026-09-28T14:29:18,-15.3846,0.519999980926514,339.815,2026-09-28 18:44:43,2026-09-28 14:45:04
AAPL,AAPL261002P00330000,AAPL,2026-10-02,P,330.0,0.65,313.0,0.68,71.0,0.2629,6575.0,4027.0,-0.1395,0.0234,0.081,-0.2522,-0.0067,0.6692,-0.09,0.73,0.82,0.43,no_change,0.68,2026-09-28T14:29:34,-11.6883,0.769999980926514,339.815,2026-09-28 18:44:43,2026-09-28 14:45:04
AAPL,AAPL261002P00332500,AAPL,2026-10-02,P,332.5,1.03,84.0,1.07,325.0,0.257,1526.0,2686.0,-0.202,0.0306,0.102,-0.3229,-0.0097,1.0405,-0.11,1.17,1.23,0.66,no_change,1.05,2026-09-28T14:29:15,-9.48276,1.16000002622604,339.815,2026-09-28 18:44:43,2026-09-28 14:45:04
AAPL,AAPL261002P00335000,AAPL,2026-10-02,P,335.0,1.58,116.0,1.63,270.0,0.2509,4996.0,4178.0,-0.2839,0.0379,0.1223,-0.3904,-0.0126,1.5905,-0.065,1.59,1.85,1.05,up,1.61,2026-09-28T14:27:38,-3.8806,1.67500001192093,339.815,2026-09-28 18:44:43,2026-09-28 14:45:04
AAPL,AAPL261002P00337500,AAPL,2026-10-02,P,337.5,2.36,98.0,2.42,339.0,0.2455,1761.0,3976.0,-0.3839,0.0438,0.1372,-0.4395,-0.0168,2.3723,0.02,2.36,2.71,1.5,up,2.42,2026-09-28T14:29:21,0.833334,2.39999997615814,339.815,2026-09-28 18:44:43,2026-09-28 14:45:04
AAPL,AAPL261002P00340000,AAPL,2026-10-02,P,340.0,3.35,322.0,3.45,44.0,0.2375,2898.0,6954.0,-0.4969,0.0467,0.1431,-0.4553,-0.0197,3.4319,0.05,3.33,3.85,2.34,up,3.45,2026-09-28T14:29:28,1.47059,3.39999997615814,339.815,2026-09-28 18:44:43,2026-09-28 14:45:04
AAPL,AAPL261002P00342500,AAPL,2026-10-02,P,342.5,4.7,102.0,4.9,286.0,0.2366,724.0,1163.0,-0.6136,0.0458,0.1376,-0.43,-0.0214,4.7946,0.07,4.6,5.2,3.35,down,4.72,2026-09-28T14:12:25,1.50538,4.64999985694885,339.815,2026-09-28 18:44:43,2026-09-28 14:45:04
AAPL,AAPL261002P00345000,AAPL,2026-10-02,P,345.0,6.4,60.0,6.6,223.0,0.237,2511.0,425.0,-0.7228,0.0409,0.1209,-0.3686,-0.0243,6.4622,0.3,6.0,7.0,4.55,down,6.5,2026-09-28T14:13:20,4.83871,6.20000004768372,339.815,2026-09-28 18:44:43,2026-09-28 14:45:04
AAPL,AAPL261002P00347500,AAPL,2026-10-02,P,347.5,8.1,245.0,8.6,117.0,0.2277,1200.0,137.0,-0.8149,0.0333,0.0958,-0.288,-0.0228,8.4,-0.125,7.75,8.8,6.3,up,8.3,2026-09-28T13:27:14,-1.48368,8.4249997138977,339.815,2026-09-28 18:44:43,2026-09-28 14:45:04
AAPL,AAPL261002P00350000,AAPL,2026-10-02,P,350.0,10.15,255.0,10.85,199.0,0.226,5423.0,102.0,-0.8848,0.025,0.0719,-0.2073,-0.0209,10.5511,0.675,8.9,11.0,8.65,up,10.55,2026-09-28T13:44:55,6.83544,9.875,339.815,2026-09-28 18:44:43,2026-09-28 14:45:04
AAPL,AAPL261002P00352500,AAPL,2026-10-02,P,352.5,12.5,224.0,13.1,82.0,0.2231,511.0,9.0,-0.9337,0.0178,0.0463,-0.1393,-0.0168,12.8561,-0.685,10.4,12.09,10.4,up,12.09,2026-09-28T10:43:52,-5.36204,12.7750000953674,339.815,2026-09-28 18:44:43,2026-09-28 14:45:04
AAPL,AAPL261002P00355000,AAPL,2026-10-02,P,355.0,14.75,158.0,16.05,76.0,0.281,24.0,1.0,-0.9655,0.0119,0.0294,-0.0911,-0.0133,15.2545,-0.875,14.05,14.05,14.05,down,14.05,2026-09-28T09:30:10,-5.86264,14.9249997138977,339.815,2026-09-28 18:44:43,2026-09-28 14:45:04
AAPL,AAPL261002P00357500,AAPL,2026-10-02,P,357.5,16.55,124.0,18.75,37.0,0.0,17.0,0.0,-0.9842,0.007,0.0152,-0.0634,-0.0048,17.7096,0.0,0.0,0.0,0.0,down,17.55,2026-09-25T13:35:07,0.0,17.6000003814697,339.815,2026-09-28 18:44:43,2026-09-28 14:45:04
AAPL,AAPL261002P00360000,AAPL,2026-10-02,P,360.0,19.1,111.0,21.2,42.0,0.0,5.0,0.0,-0.9936,0.0035,0.0066,-0.0509,-0.0022,20.1926,0.0,0.0,0.0,0.0,down,19.77,2026-09-25T15:25:21,0.0,19.8500003814697,339.815,2026-09-28 18:44:43,2026-09-28 14:45:04
AAPL,AAPL261002P00362500,AAPL,2026-10-02,P,362.5,21.5,157.0,23.85,81.0,0.0,0.0,7.0,-0.9976,0.0015,0.0029,-0.0463,-0.0007,22.6869,-2.5,20.8,20.8,19.95,down,19.95,2026-09-28T09:52:43,-11.1359,22.4500007629395,339.815,2026-09-28 18:44:43,2026-09-28 14:45:04
AAPL,AAPL261002P00365000,AAPL,2026-10-02,P,365.0,24.0,112.0,26.3,50.0,0.0,0.0,0.0,-0.9991,0.0006,0.0013,-0.0448,-0.0007,25.1853,0.0,0.0,0.0,0.0,up,26.5,2026-09-24T13:15:25,0.0,24.9250001907349,339.815,2026-09-28 18:44:43,2026-09-28 14:45:04
AAPL,AAPL261002P00367500,AAPL,2026-10-02,P,367.5,26.5,108.0,28.85,39.0,0.0,0.0,0.0,-0.9995,0.0004,0.0005,-0.0445,-0.0002,27.6849,0.0,0.0,0.0,0.0,no_change,0.0,,0.0,27.375,339.815,2026-09-28 18:44:43,2026-09-28 14:45:04
AAPL,AAPL261002P00370000,AAPL,2026-10-02,P,370.0,29.15,111.0,31.1,44.0,0.0,1.0,0.0,-0.9997,0.0002,0.0003,-0.0444,-0.0002,30.1848,0.0,0.0,0.0,0.0,down,52.7,2026-08-20T09:55:35,0.0,29.8000001907349,339.815,2026-09-28 18:44:43,2026-09-28 14:45:04
AAPL,AAPL261002P00372500,AAPL,2026-10-02,P,372.5,31.55,113.0,33.85,40.0,0.3906,0.0,0.0,-0.9998,0.0001,0.0003,-0.0443,-0.0002,32.6847,0.0,0.0,0.0,0.0,no_change,0.0,,0.0,32.3250007629394,339.815,2026-09-28 18:44:43,2026-09-28 14:45:04
AAPL,AAPL261002P00375000,AAPL,2026-10-02,P,375.0,34.0,156.0,36.05,81.0,0.0,0.0,2.0,-0.9998,0.0001,0.0003,-0.0443,-0.0002,35.1847,0.575,33.0,35.3,33.0,up,35.3,2026-09-28T11:03:38,1.65587,34.7250003814697,339.815,2026-09-28 18:44:43,2026-09-28 14:45:04
AAPL,AAPL261002P00380000,AAPL,2026-10-02,P,380.0,39.0,114.0,41.35,45.0,0.0,0.0,0.0,-0.9998,0.0001,0.0002,-0.0442,-0.0002,40.1847,0.0,0.0,0.0,0.0,down,45.74,2026-09-11T12:28:22,0.0,39.9750003814697,339.815,2026-09-28 18:44:43,2026-09-28 14:45:04
AAPL,AAPL261002P00385000,AAPL,2026-10-02,P,385.0,44.4,112.0,46.0,45.0,0.5081,0.0,0.0,-0.9999,0.0001,0.0002,-0.0442,-0.0001,45.1847,0.0,0.0,0.0,0.0,up,43.56,2026-09-22T13:21:12,0.0,44.875,339.815,2026-09-28 18:44:43,2026-09-28 14:45:04
AAPL,AAPL261002P00390000,AAPL,2026-10-02,P,390.0,49.05,111.0,51.35,46.0,0.5531,0.0,0.0,-0.9999,0.0001,0.0002,-0.0442,0.0,50.1846,0.0,0.0,0.0,0.0,no_change,0.0,,0.0,50.0500011444092,339.815,2026-09-28 18:44:43,2026-09-28 14:45:04
AAPL,AAPL261002P00395000,AAPL,2026-10-02,P,395.0,54.0,114.0,56.35,34.0,0.0,0.0,0.0,-0.9999,0.0,0.0002,-0.0442,0.0,55.1846,0.0,0.0,0.0,0.0,no_change,0.0,,0.0,54.875,339.815,2026-09-28 18:44:43,2026-09-28 14:45:04
AAPL,AAPL261002P00400000,AAPL,2026-10-02,P,400.0,59.0,154.0,61.35,43.0,0.0,0.0,0.0,-0.9999,0.0,0.0001,-0.0442,0.0,60.1846,0.0,0.0,0.0,0.0,no_change,0.0,,0.0,59.8250007629394,339.815,2026-09-28 18:44:43,2026-09-28 14:45:04
AAPL,AAPL261002P00405000,AAPL,2026-10-02,P,405.0,64.0,138.0,66.35,34.0,0.0,0.0,0.0,-0.9999,0.0,0.0001,-0.0442,0.0,65.1846,0.0,0.0,0.0,0.0,no_change,0.0,,0.0,64.9249992370606,339.815,2026-09-28 18:44:43,2026-09-28 14:45:04
AAPL,AAPL261002P00410000,AAPL,2026-10-02,P,410.0,69.0,138.0,71.35,28.0,0.0,0.0,0.0,-0.9999,0.0,0.0001,-0.0442,0.0,70.1846,0.0,0.0,0.0,0.0,no_change,0.0,,0.0,69.7999992370606,339.815,2026-09-28 18:44:43,2026-09-28 14:45:04
AAPL,AAPL261002P00415000,AAPL,2026-10-02,P,415.0,74.0,138.0,76.35,31.0,0.0,0.0,0.0,-0.9999,0.0,0.0001,-0.0442,0.0,75.1846,0.0,0.0,0.0,0.0,no_change,0.0,,0.0,75.0249977111816,339.815,2026-09-28 18:44:43,2026-09-28 14:45:04
AAPL,AAPL261005C00245000,AAPL,2026-10-05,C,245.0,93.75,140.0,97.05,24.0,1.1675,0.0,0.0,0.9984,0.0001,0.0025,0.0,0.0468,95.0432,0.0,0.0,0.0,0.0,no_change,0.0,,0.0,95.7000007629394,339.815,2026-09-28 18:44:43,2026-09-28 14:45:04
AAPL,AAPL261005C00250000,AAPL,2026-10-05,C,250.0,88.75,139.0,92.1,30.0,1.1141,0.0,0.0,0.9982,0.0002,0.0028,-0.0001,0.0478,90.0488,0.0,0.0,0.0,0.0,no_change,0.0,,0.0,90.6750030517578,339.815,2026-09-28 18:44:43,2026-09-28 14:45:04
AAPL,AAPL261005C00255000,AAPL,2026-10-05,C,255.0,83.8,147.0,86.95,18.0,1.0276,0.0,0.0,0.9979,0.0002,0.0031,-0.0014,0.0487,85.0546,0.0,0.0,0.0,0.0,no_change,0.0,,0.0,85.7000007629394,339.815,2026-09-28 18:44:43,2026-09-28 14:45:04
AAPL,AAPL261005C00260000,AAPL,2026-10-05,C,260.0,79.1,133.0,81.45,13.0,0.9153,0.0,0.0,0.9977,0.0002,0.0035,-0.0028,0.0496,80.0605,0.0,0.0,0.0,0.0,no_change,0.0,,0.0,80.7749977111816,339.815,2026-09-28 18:44:43,2026-09-28 14:45:04
AAPL,AAPL261005C00265000,AAPL,2026-10-05,C,265.0,74.2,144.0,77.1,28.0,1.0013,0.0,0.0,0.9974,0.0003,0.0039,-0.0041,0.0506,75.0664,0.0,0.0,0.0,0.0,no_change,0.0,,0.0,75.7999992370606,339.815,2026-09-28 18:44:43,2026-09-28 14:45:04
AAPL,AAPL261005C00270000,AAPL,2026-10-05,C,270.0,69.1,144.0,71.55,19.0,0.8221,0.0,0.0,0.997,0.0003,0.0044,-0.0055,0.0515,70.0724,0.0,0.0,0.0,0.0,no_change,0.0,,0.0,70.7999992370606,339.815,2026-09-28 18:44:43,2026-09-28 14:45:04
AAPL,AAPL261005C00275000,AAPL,2026-10-05,C,275.0,64.1,146.0,66.8,15.0,0.8118,0.0,0.0,0.9966,0.0004,0.005,-0.007,0.0524,65.0787,0.0,0.0,0.0,0.0,no_change,0.0,,0.0,65.8250007629394,339.815,2026-09-28 18:44:43,2026-09-28 14:45:04
AAPL,AAPL261005C00280000,AAPL,2026-10-05,C,280.0,59.25,140.0,61.5,19.0,0.7255,0.0,0.0,0.9961,0.0005,0.0056,-0.0085,0.0534,60.0852,0.0,0.0,0.0,0.0,no_change,0.0,,0.0,60.7999992370606,339.815,2026-09-28 18:44:43,2026-09-28 14:45:04
AAPL,AAPL261005C00285000,AAPL,2026-10-05,C,285.0,54.05,115.0,56.55,22.0,0.6387,0.0,0.0,0.9955,0.0006,0.0064,-0.0102,0.0543,55.092,0.0,0.0,0.0,0.0,no_change,0.0,,0.0,55.7999992370606,339.815,2026-09-28 18:44:43,2026-09-28 14:45:04
AAPL,AAPL261005C00290000,AAPL,2026-10-05,C,290.0,48.8,124.0,51.55,27.0,0.5211,4.0,0.0,0.9947,0.0007,0.0075,-0.0121,0.0552,50.0996,0.0,0.0,0.0,0.0,up,47.6,2026-09-24T14:21:51,0.0,50.8250007629394,339.815,2026-09-28 18:44:43,2026-09-28 14:45:04
AAPL,AAPL261005C00295000,AAPL,2026-10-05,C,295.0,44.1,122.0,46.55,19.0,0.5367,42.0,5.0,0.9936,0.0009,0.0089,-0.0144,0.0561,45.1081,1.31,47.16,47.16,47.16,up,47.16,2026-09-28T10:23:34,2.85714,45.8500003814697,339.815,2026-09-28 18:44:43,2026-09-28 14:45:04
AAPL,AAPL261005C00300000,AAPL,2026-10-05,C,300.0,38.9,119.0,40.9,19.0,0.0,0.0,0.0,0.9921,0.0012,0.0107,-0.0173,0.0569,40.1184,0.0,0.0,0.0,0.0,no_change,0.0,,0.0,40.8999996185303,339.815,2026-09-28 18:44:43,2026-09-28 14:45:04
AAPL,AAPL261005C00302500,AAPL,2026-10-05,C,302.5,36.6,118.0,39.05,30.0,0.4538,0.0,0.0,0.991,0.0014,0.012,-0.0191,0.0574,37.6247,0.0,0.0,0.0,0.0,no_change,0.0,,0.0,38.6000003814697,339.815,2026-09-28 18:44:43,2026-09-28 14:45:04
AAPL,AAPL261005C00305000,AAPL,2026-10-05,C,305.0,34.1,117.0,36.55,30.0,0.4264,0.0,0.0,0.9897,0.0017,0.0136,-0.0214,0.0577,35.1322,0.0,0.0,0.0,0.0,no_change,0.0,,0.0,35.9499988555908,339.815,2026-09-28 18:44:43,2026-09-28 14:45:04
AAPL,AAPL261005C00307500,AAPL,2026-10-05,C,307.5,31.35,124.0,34.05,19.0,0.3549,0.0,0.0,0.9879,0.002,0.0156,-0.0242,0.0581,32.6415,0.0,0.0,0.0,0.0,no_change,0.0,,0.0,33.4250001907349,339.815,2026-09-28 18:44:43,2026-09-28 14:45:04
AAPL,AAPL261005C00310000,AAPL,2026-10-05,C,310.0,29.2,110.0,31.6,22.0,0.3908,1.0,0.0,0.9856,0.0025,0.0182,-0.028,0.0584,30.1537,0.0,0.0,0.0,0.0,up,30.24,2026-09-25T13:10:43,0.0,30.9250001907349,339.815,2026-09-28 18:44:43,2026-09-28 14:45:04
AAPL,AAPL261005C00312500,AAPL,2026-10-05,C,312.5,26.4,119.0,29.1,30.0,0.3224,0.0,0.0,0.9822,0.0032,0.0218,-0.0332,0.0587,27.6705,0.0,0.0,0.0,0.0,no_change,0.0,,0.0,28.75,339.815,2026-09-28 18:44:43,2026-09-28 14:45:04
AAPL,AAPL261005C00315000,AAPL,2026-10-05,C,315.0,24.4,151.0,26.6,81.0,0.354,8.0,7.0,0.9772,0.0041,0.0269,-0.0406,0.0588,25.1951,-0.85,26.95,26.95,25.0,down,25.0,2026-09-28T11:00:46,-3.2882,25.8500003814697,339.815,2026-09-28 18:44:43,2026-09-28 14:45:04
AAPL,AAPL261005C00317500,AAPL,2026-10-05,C,317.5,22.1,122.0,24.15,27.0,0.3449,25.0,0.0,0.9697,0.0054,0.0339,-0.0512,0.0588,22.7323,0.0,0.0,0.0,0.0,no_change,21.0,2026-09-24T14:18:47,0.0,23.4499998092651,339.815,2026-09-28 18:44:43,2026-09-28 14:45:04
AAPL,AAPL261005C00320000,AAPL,2026-10-05,C,320.0,19.5,150.0,21.5,81.0,0.2948,6.0,12.0,0.9585,0.0074,0.0438,-0.0661,0.0586,20.2897,0.675,21.91,22.0,21.91,up,22.0,2026-09-28T11:25:38,3.1653,21.3249998092651,339.815,2026-09-28 18:44:43,2026-09-28 14:45:04
AAPL,AAPL261005C00322500,AAPL,2026-10-05,C,322.5,17.15,125.0,19.3,26.0,0.2958,3.0,0.0,0.9416,0.01,0.0571,-0.0866,0.058,17.8788,0.0,0.0,0.0,0.0,up,17.52,2026-09-25T11:57:52,0.0,18.7749996185303,339.815,2026-09-28 18:44:43,2026-09-28 14:45:04
AAPL,AAPL261005C00325000,AAPL,2026-10-05,C,325.0,14.6,195.0,16.75,98.0,0.2575,6.0,1.0,0.9171,0.0135,0.0743,-0.1134,0.0568,15.5157,1.255,17.98,17.98,17.98,up,17.98,2026-09-28T10:14:11,7.50373,16.7250003814697,339.815,2026-09-28 18:44:43,2026-09-28 14:45:04
AAPL,AAPL261005C00327500,AAPL,2026-10-05,C,327.5,12.35,395.0,13.35,10.0,0.1821,2.0,0.0,0.8825,0.018,0.0953,-0.1463,0.055,13.2223,0.0,0.0,0.0,0.0,up,13.73,2026-09-25T12:05:42,0.0,13.8499999046326,339.815,2026-09-28 18:44:43,2026-09-28 14:45:04
AAPL,AAPL261005C00330000,AAPL,2026-10-05,C,330.0,10.7,101.0,11.4,98.0,0.2262,13.0,13.0,0.8354,0.0232,0.119,-0.1835,0.0524,11.0269,0.305,11.4,12.33,11.4,up,12.33,2026-09-28T11:50:13,2.53638,12.0250000953674,339.815,2026-09-28 18:44:43,2026-09-28 14:45:04
AAPL,AAPL261005C00332500,AAPL,2026-10-05,C,332.5,8.9,38.0,9.6,267.0,0.2386,10.0,54.0,0.7741,0.0289,0.1436,-0.2216,0.0488,8.9638,-1.075,10.93,10.93,8.9,down,8.9,2026-09-28T14:02:58,-10.7769,9.97499990463257,339.815,2026-09-28 18:44:43,2026-09-28 14:45:04
AAPL,AAPL261005C00335000,AAPL,2026-10-05,C,335.0,6.95,74.0,7.4,312.0,0.2204,477.0,79.0,0.6981,0.0342,0.1659,-0.2552,0.0442,7.0718,-0.285,8.75,9.16,6.9,down,7.84,2026-09-28T13:14:51,-3.50769,8.125,339.815,2026-09-28 18:44:43,2026-09-28 14:45:04
AAPL,AAPL261005C00337500,AAPL,2026-10-05,C,337.5,5.25,299.0,5.5,174.0,0.2092,154.0,105.0,0.6088,0.0385,0.1821,-0.2782,0.0386,5.3904,-0.95,6.45,7.2,5.25,down,5.45,2026-09-28T14:14:06,-14.8438,6.40000009536743,339.815,2026-09-28 18:44:43,2026-09-28 14:45:04
AAPL,AAPL261005C00340000,AAPL,2026-10-05,C,340.0,3.85,338.0,4.0,107.0,0.2049,236.0,862.0,0.5102,0.0406,0.1888,-0.2851,0.0325,3.9535,-1.0,4.65,6.0,3.75,up,3.95,2026-09-28T14:26:03,-20.202,4.95000004768372,339.815,2026-09-28 18:44:43,2026-09-28 14:45:04
AAPL,AAPL261005C00342500,AAPL,2026-10-05,C,342.5,2.69,335.0,2.85,415.0,0.203,153.0,895.0,0.4087,0.0401,0.1841,-0.2733,0.026,2.7829,-1.01,3.0,4.6,2.68,down,2.74,2026-09-28T14:24:19,-26.9333,3.75,339.815,2026-09-28 18:44:43,2026-09-28 14:45:04
AAPL,AAPL261005C00345000,AAPL,2026-10-05,C,345.0,1.8,437.0,1.91,175.0,0.2003,314.0,521.0,0.3119,0.0369,0.1683,-0.2445,0.0199,1.8796,-0.77,2.33,3.35,1.8,down,1.87,2026-09-28T14:23:59,-29.1667,2.63999998569489,339.815,2026-09-28 18:44:43,2026-09-28 14:45:04
AAPL,AAPL261005C00347500,AAPL,2026-10-05,C,347.5,1.16,200.0,1.25,143.0,0.1998,476.0,216.0,0.227,0.0315,0.1442,-0.2045,0.0145,1.2223,-0.435,1.9,2.48,1.2,up,1.32,2026-09-28T14:29:28,-24.7863,1.75499999523163,339.815,2026-09-28 18:44:43,2026-09-28 14:45:04
AAPL,AAPL261005C00350000,AAPL,2026-10-05,C,350.0,0.71,443.0,0.83,586.0,0.2012,530.0,243.0,0.1582,0.0252,0.1165,-0.1608,0.0101,0.7702,-0.385,1.14,1.63,0.68,up,0.79,2026-09-28T14:18:03,-32.766,1.17500001192093,339.815,2026-09-28 18:44:43,2026-09-28 14:45:04
AAPL,AAPL261005C00352500,AAPL,2026-10-05,C,352.5,0.43,285.0,0.58,690.0,0.2061,27.0,64.0,0.1063,0.019,0.0894,-0.1199,0.0068,0.4737,-0.285,0.8,1.1,0.45,up,0.49,2026-09-28T14:12:40,-36.7742,0.775000005960464,339.815,2026-09-28 18:44:43,2026-09-28 14:45:04
AAPL,AAPL261005C00355000,AAPL,2026-10-05,C,355.0,0.25,164.0,0.31,411.0,0.204,164.0,100.0,0.0688,0.0136,0.0653,-0.085,0.0044,0.2838,-0.28,0.44,0.8,0.25,down,0.25,2026-09-28T14:09:17,-52.8302,0.530000001192093,339.815,2026-09-28 18:44:43,2026-09-28 14:45:04
AAPL,AAPL261005C00357500,AAPL,2026-10-05,C,357.5,0.15,147.0,0.18,109.0,0.2063,101.0,73.0,0.0437,0.0094,0.0462,-0.0582,0.0028,0.1684,-0.135,0.28,0.42,0.16,down,0.18,2026-09-28T14:19:50,-42.8571,0.314999997615814,339.815,2026-09-28 18:44:43,2026-09-28 14:45:04
AAPL,AAPL261005C00360000,AAPL,2026-10-05,C,360.0,0.08,92.0,0.15,361.0,0.2154,383.0,57.0,0.0271,0.0062,0.0316,-0.0384,0.0017,0.0979,-0.03,0.22,0.26,0.09,down,0.12,2026-09-28T14:07:22,-20.0,0.150000002235174,339.815,2026-09-28 18:44:43,2026-09-28 14:45:04
AAPL,AAPL261005C00362500,AAPL,2026-10-05,C,362.5,0.04,155.0,0.14,423.0,0.2278,40.0,93.0,0.0164,0.004,0.021,-0.0245,0.001,0.0561,-0.07,0.08,0.09,0.04,down,0.07,2026-09-28T13:07:56,-50.0,0.140000000596046,339.815,2026-09-28 18:44:43,2026-09-28 14:45:04
AAPL,AAPL261005C00365000,AAPL,2026-10-05,C,365.0,0.01,349.0,0.1,582.0,0.2313,104.0,1.0,0.0098,0.0025,0.0136,-0.0152,0.0006,0.0316,0.14,0.21,0.21,0.21,up,0.21,2026-09-28T09:44:17,200.0,0.0700000002980232,339.815,2026-09-28 18:44:43,2026-09-28 14:45:04
AAPL,AAPL261005C00367500,AAPL,2026-10-05,C,367.5,0.01,125.0,0.11,377.0,0.2533,0.0,0.0,0.0057,0.0016,0.0086,-0.0093,0.0004,0.0177,0.0,0.0,0.0,0.0,no_change,0.0,,0.0,0.0850000008940697,339.815,2026-09-28 18:44:43,2026-09-28 14:45:04
AAPL,AAPL261005C00370000,AAPL,2026-10-05,C,370.0,0.0,0.0,0.1,685.0,0.2658,33.0,13.0,0.0034,0.001,0.0055,-0.0057,0.0002,0.0101,-0.065,0.1,0.1,0.01,down,0.01,2026-09-28T10:50:10,-86.6667,0.0750000029802322,339.815,2026-09-28 18:44:43,2026-09-28 14:45:04
AAPL,AAPL261005C00372500,AAPL,2026-10-05,C,372.5,0.0,0.0,0.01,1.0,0.2228,1.0,0.0,0.0021,0.0006,0.0036,-0.0036,0.0001,0.006,0.0,0.0,0.0,0.0,up,0.34,2026-09-25T15:41:40,0.0,0.165000006556511,339.815,2026-09-28 18:44:43,2026-09-28 14:45:04
AAPL,AAPL261005C00375000,AAPL,2026-10-05,C,375.0,0.0,0.0,0.03,137.0,0.2633,32.0,0.0,0.0014,0.0004,0.0024,-0.0024,0.0001,0.0039,0.0,0.0,0.0,0.0,no_change,0.02,2026-09-25T15:25:00,0.0,0.0199999995529652,339.815,2026-09-28 18:44:43,2026-09-28 14:45:04
AAPL,AAPL261005C00380000,AAPL,2026-10-05,C,380.0,0.0,0.0,0.31,371.0,0.394,0.0,0.0,0.0008,0.0002,0.0014,-0.0014,0.0,0.0022,0.0,0.0,0.0,0.0,no_change,0.0,,0.0,0.224999994039536,339.815,2026-09-28 18:44:43,2026-09-28 14:45:04
AAPL,AAPL261005C00385000,AAPL,2026-10-05,C,385.0,0.0,0.0,0.33,350.0,0.4367,1.0,0.0,0.0006,0.0001,0.0011,-0.0012,0.0,0.0017,0.0,0.0,0.0,0.0,down,0.43,2026-09-22T09:33:31,0.0,0.245000004768372,339.815,2026-09-28 18:44:43,2026-09-28 14:45:04
AAPL,AAPL261005C00390000,AAPL,2026-10-05,C,390.0,0.0,0.0,0.52,240.0,0.5093,0.0,0.0,0.0005,0.0001,0.0009,-0.001,0.0,0.0015,0.0,0.0,0.0,0.0,no_change,0.0,,0.0,0.254999995231628,339.815,2026-09-28 18:44:43,2026-09-28 14:45:04
AAPL,AAPL261005C00395000,AAPL,2026-10-05,C,395.0,0.0,0.0,0.52,107.0,0.5482,0.0,0.0,0.0004,0.0001,0.0008,-0.001,0.0,0.0014,0.0,0.0,0.0,0.0,no_change,0.0,,0.0,0.259999990463257,339.815,2026-09-28 18:44:43,2026-09-28 14:45:04
AAPL,AAPL261005C00400000,AAPL,2026-10-05,C,400.0,0.0,0.0,0.26,10.0,0.5296,0.0,0.0,0.0004,0.0001,0.0007,-0.0009,0.0,0.0013,0.0,0.0,0.0,0.0,no_change,0.0,,0.0,0.259999990463257,339.815,2026-09-28 18:44:43,2026-09-28 14:45:04
AAPL,AAPL261005C00405000,AAPL,2026-10-05,C,405.0,0.0,0.0,0.52,191.0,0.6229,0.0,0.0,0.0003,0.0001,0.0006,-0.0008,0.0,0.0012,0.0,0.0,0.0,0.0,no_change,0.0,,0.0,0.259999990463257,339.815,2026-09-28 18:44:43,2026-09-28 14:45:04
AAPL,AAPL261005P00245000,AAPL,2026-10-05,P,245.0,0.0,0.0,0.51,79.0,1.1027,1.0,0.0,-0.0016,0.0001,0.0025,-0.0103,-0.0001,0.0172,0.0,0.0,0.0,0.0,down,0.13,2026-09-24T10:46:40,0.0,0.25,339.815,2026-09-28 18:44:43,2026-09-28 14:45:04
AAPL,AAPL261005P00250000,AAPL,2026-10-05,P,250.0,0.0,0.0,0.51,208.0,1.0427,0.0,0.0,-0.0018,0.0002,0.0028,-0.011,-0.0001,0.0186,0.0,0.0,0.0,0.0,no_change,0.0,,0.0,0.245000004768372,339.815,2026-09-28 18:44:43,2026-09-28 14:45:04
AAPL,AAPL261005P00255000,AAPL,2026-10-05,P,255.0,0.0,0.0,0.51,131.0,0.9836,0.0,0.0,-0.0021,0.0002,0.0031,-0.0117,-0.0001,0.0201,0.0,0.0,0.0,0.0,no_change,0.0,,0.0,0.245000004768372,339.815,2026-09-28 18:44:43,2026-09-28 14:45:04
AAPL,AAPL261005P00260000,AAPL,2026-10-05,P,260.0,0.0,0.0,0.51,194.0,0.9256,0.0,0.0,-0.0023,0.0002,0.0035,-0.0124,-0.0001,0.0216,0.0,0.0,0.0,0.0,no_change,0.0,,0.0,0.245000004768372,339.815,2026-09-28 18:44:43,2026-09-28 14:45:04
AAPL,AAPL261005P00265000,AAPL,2026-10-05,P,265.0,0.0,0.0,0.5,118.0,0.8656,0.0,0.0,-0.0026,0.0003,0.0039,-0.0132,-0.0002,0.0233,0.0,0.0,0.0,0.0,no_change,0.0,,0.0,0.239999994635582,339.815,2026-09-28 18:44:43,2026-09-28 14:45:04
AAPL,AAPL261005P00270000,AAPL,2026-10-05,P,270.0,0.0,0.0,0.5,122.0,0.809,0.0,0.0,-0.003,0.0003,0.0044,-0.014,-0.0002,0.025,0.0,0.0,0.0,0.0,no_change,0.0,,0.0,0.230000004172325,339.815,2026-09-28 18:44:43,2026-09-28 14:45:04
AAPL,AAPL261005P00275000,AAPL,2026-10-05,P,275.0,0.0,0.0,0.49,285.0,0.7504,0.0,0.0,-0.0034,0.0004,0.005,-0.0148,-0.0002,0.027,0.0,0.0,0.0,0.0,no_change,0.0,,0.0,0.219999998807907,339.815,2026-09-28 18:44:43,2026-09-28 14:45:04
AAPL,AAPL261005P00280000,AAPL,2026-10-05,P,280.0,0.0,0.0,0.33,431.0,0.6554,0.0,0.0,-0.0039,0.0005,0.0056,-0.0158,-0.0002,0.0292,0.0,0.0,0.0,0.0,no_change,0.0,,0.0,0.204999998211861,339.815,2026-09-28 18:44:43,2026-09-28 14:45:04
AAPL,AAPL261005P00285000,AAPL,2026-10-05,P,285.0,0.0,0.0,0.18,500.0,0.5552,0.0,0.0,-0.0045,0.0006,0.0064,-0.0168,-0.0003,0.0318,0.0,0.0,0.0,0.0,no_change,0.0,,0.0,0.185000002384186,339.815,2026-09-28 18:44:43,2026-09-28 14:45:04
AAPL,AAPL261005P00290000,AAPL,2026-10-05,P,290.0,0.0,0.0,0.09,449.0,0.4652,1.0,3.0,-0.0053,0.0007,0.0075,-0.0182,-0.0003,0.035,-0.06,0.09,0.09,0.09,no_change,0.09,2026-09-28T11:17:00,-40.0,0.150000005960464,339.815,2026-09-28 18:44:43,2026-09-28 14:45:04
AAPL,AAPL261005P00295000,AAPL,2026-10-05,P,295.0,0.01,84.0,0.06,469.0,0.4083,1.0,1.0,-0.0064,0.0009,0.0089,-0.0198,-0.0004,0.0392,-0.015,0.09,0.09,0.09,down,0.09,2026-09-28T10:28:49,-14.2857,0.104999996721745,339.815,2026-09-28 18:44:43,2026-09-28 14:45:04
AAPL,AAPL261005P00300000,AAPL,2026-10-05,P,300.0,0.01,330.0,0.06,540.0,0.365,6.0,2.0,-0.008,0.0012,0.0108,-0.0221,-0.0005,0.0453,0.035,0.11,0.11,0.11,no_change,0.11,2026-09-28T09:40:31,46.6667,0.0750000029802322,339.815,2026-09-28 18:44:43,2026-09-28 14:45:04
AAPL,AAPL261005P00302500,AAPL,2026-10-05,P,302.5,0.01,227.0,0.13,569.0,0.3742,39.0,3.0,-0.009,0.0014,0.012,-0.0237,-0.0006,0.0494,0.005,0.04,0.07,0.04,up,0.07,2026-09-28T13:39:27,7.69231,0.0650000013411045,339.815,2026-09-28 18:44:43,2026-09-28 14:45:04
AAPL,AAPL261005P00305000,AAPL,2026-10-05,P,305.0,0.01,249.0,0.11,564.0,0.344,3.0,6.0,-0.0104,0.0017,0.0136,-0.0257,-0.0006,0.0548,-0.035,0.05,0.06,0.05,up,0.06,2026-09-28T11:02:35,-36.8421,0.0949999988079071,339.815,2026-09-28 18:44:43,2026-09-28 14:45:04
AAPL,AAPL261005P00307500,AAPL,2026-10-05,P,307.5,0.01,215.0,0.18,490.0,0.3424,3.0,0.0,-0.0121,0.002,0.0156,-0.0282,-0.0008,0.062,0.0,0.0,0.0,0.0,down,0.09,2026-09-25T10:22:55,0.0,0.0800000028684735,339.815,2026-09-28 18:44:43,2026-09-28 14:45:04
AAPL,AAPL261005P00310000,AAPL,2026-10-05,P,310.0,0.06,51.0,0.08,71.0,0.305,134.0,35.0,-0.0145,0.0025,0.0183,-0.0317,-0.0009,0.0721,-0.06,0.09,0.13,0.08,down,0.08,2026-09-28T14:10:31,-42.8571,0.140000002458692,339.815,2026-09-28 18:44:43,2026-09-28 14:45:04
AAPL,AAPL261005P00312500,AAPL,2026-10-05,P,312.5,0.01,337.0,0.14,652.0,0.2846,5.0,3.0,-0.0179,0.0032,0.0219,-0.0367,-0.0011,0.0869,-0.04,0.12,0.13,0.07,down,0.07,2026-09-28T11:10:03,-36.3636,0.110000003129244,339.815,2026-09-28 18:44:43,2026-09-28 14:45:04
AAPL,AAPL261005P00315000,AAPL,2026-10-05,P,315.0,0.05,605.0,0.14,253.0,0.2707,65.0,8.0,-0.0229,0.0041,0.027,-0.0438,-0.0014,0.1095,-0.145,0.19,0.19,0.1,no_change,0.1,2026-09-28T13:18:44,-59.1837,0.245000004768372,339.815,2026-09-28 18:44:43,2026-09-28 14:45:04
AAPL,AAPL261005P00317500,AAPL,2026-10-05,P,317.5,0.12,365.0,0.18,325.0,0.266,42.0,8.0,-0.0304,0.0055,0.0341,-0.0541,-0.0019,0.1447,-0.04,0.26,0.33,0.12,up,0.18,2026-09-28T13:53:13,-18.1818,0.220000006258488,339.815,2026-09-28 18:44:43,2026-09-28 14:45:04
AAPL,AAPL261005P00320000,AAPL,2026-10-05,P,320.0,0.19,123.0,0.23,232.0,0.2563,176.0,22.0,-0.0416,0.0074,0.0438,-0.0687,-0.0026,0.1995,-0.06,0.16,0.26,0.15,up,0.21,2026-09-28T14:29:17,-22.2222,0.270000003278255,339.815,2026-09-28 18:44:43,2026-09-28 14:45:04
AAPL,AAPL261005P00322500,AAPL,2026-10-05,P,322.5,0.25,475.0,0.31,144.0,0.243,155.0,39.0,-0.0587,0.0101,0.0573,-0.0892,-0.0037,0.2881,-0.065,0.47,0.47,0.22,down,0.3,2026-09-28T14:02:58,-17.8082,0.364999994635582,339.815,2026-09-28 18:44:43,2026-09-28 14:45:04
AAPL,AAPL261005P00325000,AAPL,2026-10-05,P,325.0,0.4,72.0,0.46,255.0,0.238,213.0,101.0,-0.083,0.0136,0.0744,-0.1155,-0.0052,0.4216,-0.035,0.4,0.52,0.29,up,0.47,2026-09-28T14:24:27,-6.9307,0.50500001013279,339.815,2026-09-28 18:44:43,2026-09-28 14:45:04
AAPL,AAPL261005P00327500,AAPL,2026-10-05,P,327.5,0.62,1.0,0.65,59.0,0.231,77.0,42.0,-0.1178,0.018,0.0954,-0.1482,-0.0074,0.6266,-0.035,0.71,0.88,0.45,up,0.69,2026-09-28T14:00:24,-4.82759,0.725000023841858,339.815,2026-09-28 18:44:43,2026-09-28 14:45:04
AAPL,AAPL261005P00330000,AAPL,2026-10-05,P,330.0,0.91,60.0,1.0,287.0,0.2263,134.0,196.0,-0.165,0.0233,0.1193,-0.1853,-0.0104,0.9297,-0.155,0.98,1.09,0.68,no_change,0.9,2026-09-28T14:29:05,-14.6919,1.05500000715256,339.815,2026-09-28 18:44:43,2026-09-28 14:45:04
AAPL,AAPL261005P00332500,AAPL,2026-10-05,P,332.5,1.32,20.0,1.54,542.0,0.2234,49.0,270.0,-0.2265,0.029,0.1438,-0.2233,-0.014,1.3658,-0.015,1.41,1.59,0.96,down,1.36,2026-09-28T14:12:48,-1.09091,1.375,339.815,2026-09-28 18:44:43,2026-09-28 14:45:04
AAPL,AAPL261005P00335000,AAPL,2026-10-05,P,335.0,1.94,46.0,2.0,2.0,0.2139,183.0,413.0,-0.3029,0.0344,0.166,-0.2569,-0.0186,1.9737,-0.085,1.95,2.22,1.33,down,1.95,2026-09-28T14:26:31,-4.1769,2.0349999666214,339.815,2026-09-28 18:44:43,2026-09-28 14:45:04
AAPL,AAPL261005P00337500,AAPL,2026-10-05,P,337.5,2.72,140.0,2.9,175.0,0.2109,144.0,304.0,-0.3928,0.0387,0.1821,-0.2801,-0.024,2.7929,0.0,2.75,3.0,1.95,down,2.79,2026-09-28T14:14:14,1.36727e-06,2.78999996185303,339.815,2026-09-28 18:44:43,2026-09-28 14:45:04
AAPL,AAPL261005P00340000,AAPL,2026-10-05,P,340.0,3.75,498.0,3.95,111.0,0.206,108.0,348.0,-0.4923,0.0411,0.1886,-0.2876,-0.0287,3.8592,0.1,3.8,4.2,2.6,up,3.9,2026-09-28T14:23:56,2.63158,3.80000007152557,339.815,2026-09-28 18:44:43,2026-09-28 14:45:04
AAPL,AAPL261005P00342500,AAPL,2026-10-05,P,342.5,5.1,43.0,5.6,244.0,0.2122,26.0,309.0,-0.5951,0.0407,0.1836,-0.2769,-0.0338,5.1941,0.225,5.05,5.7,3.95,up,5.4,2026-09-28T13:56:22,4.34783,5.17499995231628,339.815,2026-09-28 18:44:43,2026-09-28 14:45:04
AAPL,AAPL261005P00345000,AAPL,2026-10-05,P,345.0,6.75,20.0,7.35,283.0,0.2167,27.0,19.0,-0.6938,0.0377,0.166,-0.2496,-0.0356,6.8007,0.015,5.7,7.2,5.2,up,6.94,2026-09-28T13:51:12,0.216604,6.92500019073486,339.815,2026-09-28 18:44:43,2026-09-28 14:45:04
AAPL,AAPL261005P00347500,AAPL,2026-10-05,P,347.5,8.6,17.0,9.1,184.0,0.2145,21.0,32.0,-0.7812,0.0326,0.1408,-0.2109,-0.0376,8.6589,-0.475,7.26,8.1,7.2,up,8.1,2026-09-28T13:11:24,-5.53936,8.57500004768372,339.815,2026-09-28 18:44:43,2026-09-28 14:45:04
AAPL,AAPL261005P00350000,AAPL,2026-10-05,P,350.0,10.05,230.0,11.15,61.0,0.1887,6.0,9.0,-0.8528,0.0264,0.1109,-0.1681,-0.0329,10.7275,0.475,9.25,11.0,8.97,up,11.0,2026-09-28T13:59:21,4.51306,10.5250000953674,339.815,2026-09-28 18:44:43,2026-09-28 14:45:04
AAPL,AAPL261005P00352500,AAPL,2026-10-05,P,352.5,12.5,175.0,13.2,50.0,0.1867,2.0,2.0,-0.9074,0.0203,0.0789,-0.1266,-0.0303,12.9593,-1.535,12.6,12.6,11.14,down,11.14,2026-09-28T11:29:16,-12.1105,12.6749997138977,339.815,2026-09-28 18:44:43,2026-09-28 14:45:04
AAPL,AAPL261005P00355000,AAPL,2026-10-05,P,355.0,14.55,123.0,16.3,44.0,0.2258,1.0,0.0,-0.9473,0.0152,0.0533,-0.0905,-0.0226,15.3032,0.0,0.0,0.0,0.0,down,14.0,2026-09-22T10:04:01,0.0,15.3000001907349,339.815,2026-09-28 18:44:43,2026-09-28 14:45:04
AAPL,AAPL261005P00357500,AAPL,2026-10-05,P,357.5,17.15,128.0,18.35,62.0,0.2157,10.0,14.0,-0.9751,0.0101,0.0294,-0.0637,-0.0114,17.7253,-0.7,16.7,16.75,16.05,up,16.75,2026-09-28T13:13:52,-4.01146,17.4499998092651,339.815,2026-09-28 18:44:43,2026-09-28 14:45:04
AAPL,AAPL261005P00360000,AAPL,2026-10-05,P,360.0,19.0,119.0,21.35,26.0,0.0,0.0,0.0,-0.9909,0.0051,0.0114,-0.0479,-0.0046,20.1949,0.0,0.0,0.0,0.0,no_change,0.0,,0.0,20.0,339.815,2026-09-28 18:44:43,2026-09-28 14:45:04
AAPL,AAPL261005P00362500,AAPL,2026-10-05,P,362.5,21.5,119.0,23.85,20.0,0.0,0.0,0.0,-0.9977,0.0017,0.0026,-0.0422,-0.0012,22.6865,0.0,0.0,0.0,0.0,no_change,22.5,2026-09-22T14:57:47,0.0,22.3500003814697,339.815,2026-09-28 18:44:43,2026-09-28 14:45:04
AAPL,AAPL261005P00365000,AAPL,2026-10-05,P,365.0,24.0,120.0,26.05,20.0,0.0,0.0,0.0,-0.9997,0.0003,0.0003,-0.0411,-0.0001,25.1851,0.0,0.0,0.0,0.0,no_change,0.0,,0.0,24.8000001907349,339.815,2026-09-28 18:44:43,2026-09-28 14:45:04
AAPL,AAPL261005P00367500,AAPL,2026-10-05,P,367.5,26.5,120.0,28.85,28.0,0.0,0.0,0.0,-1.0,0.0,0.0,-0.041,0.0,27.685,0.0,0.0,0.0,0.0,no_change,0.0,,0.0,27.2250003814697,339.815,2026-09-28 18:44:43,2026-09-28 14:45:04
AAPL,AAPL261005P00370000,AAPL,2026-10-05,P,370.0,29.0,118.0,31.05,26.0,0.0,0.0,0.0,-1.0,0.0,0.0,-0.041,0.0,30.185,0.0,0.0,0.0,0.0,no_change,0.0,,0.0,29.9000005722046,339.815,2026-09-28 18:44:43,2026-09-28 14:45:04
AAPL,AAPL261005P00372500,AAPL,2026-10-05,P,372.5,31.5,121.0,33.55,26.0,0.0,0.0,0.0,-1.0,0.0,0.0,-0.041,0.0,32.685,0.0,0.0,0.0,0.0,no_change,0.0,,0.0,32.3500003814697,339.815,2026-09-28 18:44:43,2026-09-28 14:45:04
AAPL,AAPL261005P00375000,AAPL,2026-10-05,P,375.0,34.0,144.0,36.35,12.0,0.0,0.0,0.0,-1.0,0.0,0.0,-0.041,0.0,35.185,0.0,0.0,0.0,0.0,no_change,0.0,,0.0,34.9250011444092,339.815,2026-09-28 18:44:43,2026-09-28 14:45:04
AAPL,AAPL261005P00380000,AAPL,2026-10-05,P,380.0,39.0,140.0,41.35,11.0,0.0,0.0,0.0,-1.0,0.0,0.0,-0.041,0.0,40.185,0.0,0.0,0.0,0.0,no_change,0.0,,0.0,40.125,339.815,2026-09-28 18:44:43,2026-09-28 14:45:04
AAPL,AAPL261005P00385000,AAPL,2026-10-05,P,385.0,44.0,155.0,46.35,19.0,0.0,0.0,0.0,-1.0,0.0,0.0,-0.041,0.0,45.185,0.0,0.0,0.0,0.0,no_change,0.0,,0.0,44.875,339.815,2026-09-28 18:44:43,2026-09-28 14:45:04
AAPL,AAPL261005P00390000,AAPL,2026-10-05,P,390.0,49.0,150.0,51.35,20.0,0.0,0.0,0.0,-1.0,0.0,0.0,-0.041,0.0,50.185,0.0,0.0,0.0,0.0,no_change,0.0,,0.0,49.8500003814697,339.815,2026-09-28 18:44:43,2026-09-28 14:45:04
AAPL,AAPL261005P00395000,AAPL,2026-10-05,P,395.0,54.0,146.0,56.35,12.0,0.0,0.0,0.0,-1.0,0.0,0.0,-0.041,0.0,55.185,0.0,0.0,0.0,0.0,no_change,0.0,,0.0,55.125,339.815,2026-09-28 18:44:43,2026-09-28 14:45:04
AAPL,AAPL261005P00400000,AAPL,2026-10-05,P,400.0,59.0,143.0,61.35,21.0,0.0,0.0,0.0,-1.0,0.0,0.0,-0.041,0.0,60.185,0.0,0.0,0.0,0.0,no_change,0.0,,0.0,59.875,339.815,2026-09-28 18:44:43,2026-09-28 14:45:04
AAPL,AAPL261005P00405000,AAPL,2026-10-05,P,405.0,64.0,146.0,66.35,18.0,0.0,0.0,0.0,-1.0,0.0,0.0,-0.041,0.0,65.185,0.0,0.0,0.0,0.0,no_change,0.0,,0.0,64.7749977111816,339.815,2026-09-28 18:44:43,2026-09-28 14:45:04
AAPL,AAPL261007C00245000,AAPL,2026-10-07,C,245.0,94.15,140.0,96.6,15.0,1.0063,0.0,0.0,0.9983,0.0001,0.003,0.0,0.0602,95.0756,0.0,0.0,0.0,0.0,no_change,0.0,,0.0,95.8250007629394,339.815,2026-09-28 18:44:43,2026-09-28 14:45:04
AAPL,AAPL261007C00250000,AAPL,2026-10-07,C,250.0,89.1,144.0,92.1,20.0,1.0351,0.0,0.0,0.9981,0.0002,0.0034,0.0,0.0614,90.0828,0.0,0.0,0.0,0.0,no_change,0.0,,0.0,90.9000015258789,339.815,2026-09-28 18:44:43,2026-09-28 14:45:04
AAPL,AAPL261007C00255000,AAPL,2026-10-07,C,255.0,83.85,154.0,86.55,19.0,0.7945,0.0,0.0,0.9978,0.0002,0.0038,-0.0003,0.0626,85.0902,0.0,0.0,0.0,0.0,no_change,0.0,,0.0,85.8250007629394,339.815,2026-09-28 18:44:43,2026-09-28 14:45:04
AAPL,AAPL261007C00260000,AAPL,2026-10-07,C,260.0,79.2,145.0,81.55,18.0,0.8386,0.0,0.0,0.9975,0.0002,0.0043,-0.0016,0.0638,80.0977,0.0,0.0,0.0,0.0,no_change,0.0,,0.0,80.7999992370606,339.815,2026-09-28 18:44:43,2026-09-28 14:45:04
AAPL,AAPL261007C00265000,AAPL,2026-10-07,C,265.0,73.85,157.0,77.15,25.0,0.8302,0.0,0.0,0.9971,0.0003,0.0049,-0.0031,0.065,75.1055,0.0,0.0,0.0,0.0,no_change,0.0,,0.0,75.9750022888184,339.815,2026-09-28 18:44:43,2026-09-28 14:45:04
AAPL,AAPL261007C00270000,AAPL,2026-10-07,C,270.0,69.25,141.0,71.55,16.0,0.741,0.0,0.0,0.9966,0.0003,0.0056,-0.0047,0.0662,70.1138,0.0,0.0,0.0,0.0,no_change,0.0,,0.0,70.9250030517578,339.815,2026-09-28 18:44:43,2026-09-28 14:45:04
AAPL,AAPL261007C00275000,AAPL,2026-10-07,C,275.0,64.2,116.0,66.6,17.0,0.6882,0.0,0.0,0.9961,0.0004,0.0064,-0.0064,0.0674,65.1225,0.0,0.0,0.0,0.0,no_change,0.0,,0.0,65.9250030517578,339.815,2026-09-28 18:44:43,2026-09-28 14:45:04
AAPL,AAPL261007C00280000,AAPL,2026-10-07,C,280.0,59.15,139.0,62.15,20.0,0.7063,1.0,0.0,0.9954,0.0005,0.0075,-0.0084,0.0685,60.1319,0.0,0.0,0.0,0.0,down,57.62,2026-09-23T15:17:25,0.0,60.9499988555908,339.815,2026-09-28 18:44:43,2026-09-28 14:45:04
AAPL,AAPL261007C00285000,AAPL,2026-10-07,C,285.0,53.9,118.0,56.6,27.0,0.5255,0.0,0.0,0.9944,0.0007,0.0088,-0.0107,0.0697,55.1424,0.0,0.0,0.0,0.0,no_change,0.0,,0.0,55.9749984741211,339.815,2026-09-28 18:44:43,2026-09-28 14:45:04
AAPL,AAPL261007C00290000,AAPL,2026-10-07,C,290.0,48.9,132.0,51.6,30.0,0.4777,0.0,12.0,0.9932,0.0008,0.0106,-0.0134,0.0708,50.1546,1.265,52.4,52.4,52.24,down,52.24,2026-09-28T10:28:17,2.48161,50.9749984741211,339.815,2026-09-28 18:44:43,2026-09-28 14:45:04
AAPL,AAPL261007C00295000,AAPL,2026-10-07,C,295.0,44.2,119.0,46.65,20.0,0.4908,1.0,0.0,0.9914,0.0011,0.013,-0.0169,0.0719,45.1692,0.0,0.0,0.0,0.0,down,43.5,2026-09-23T13:20:18,0.0,46.0,339.815,2026-09-28 18:44:43,2026-09-28 14:45:04
AAPL,AAPL261007C00300000,AAPL,2026-10-07,C,300.0,39.0,142.0,41.65,28.0,0.4119,1.0,0.0,0.9888,0.0016,0.0164,-0.0214,0.0729,40.1882,0.0,0.0,0.0,0.0,down,38.54,2026-09-23T13:19:37,0.0,41.0250015258789,339.815,2026-09-28 18:44:43,2026-09-28 14:45:04
AAPL,AAPL261007C00302500,AAPL,2026-10-07,C,302.5,36.7,119.0,39.15,27.0,0.4156,0.0,0.0,0.987,0.0018,0.0187,-0.0243,0.0734,37.7003,0.0,0.0,0.0,0.0,no_change,0.0,,0.0,38.5750007629394,339.815,2026-09-28 18:44:43,2026-09-28 14:45:04
AAPL,AAPL261007C00305000,AAPL,2026-10-07,C,305.0,34.35,113.0,36.7,30.0,0.4124,2.0,0.0,0.9847,0.0022,0.0216,-0.0279,0.0738,35.2151,0.0,0.0,0.0,0.0,down,33.65,2026-09-25T12:52:14,0.0,35.8500003814697,339.815,2026-09-28 18:44:43,2026-09-28 14:45:04
AAPL,AAPL261007C00307500,AAPL,2026-10-07,C,307.5,31.75,142.0,34.2,20.0,0.3766,0.0,0.0,0.9816,0.0027,0.0252,-0.0324,0.0742,32.734,0.0,0.0,0.0,0.0,no_change,0.0,,0.0,33.6499996185303,339.815,2026-09-28 18:44:43,2026-09-28 14:45:04
AAPL,AAPL261007C00310000,AAPL,2026-10-07,C,310.0,29.4,141.0,31.7,20.0,0.3655,0.0,0.0,0.9775,0.0034,0.0299,-0.0382,0.0744,30.259,0.0,0.0,0.0,0.0,no_change,0.0,,0.0,31.1499996185303,339.815,2026-09-28 18:44:43,2026-09-28 14:45:04
AAPL,AAPL261007C00312500,AAPL,2026-10-07,C,312.5,27.1,120.0,29.25,20.0,0.3594,0.0,0.0,0.9718,0.0042,0.0361,-0.0458,0.0746,27.7934,0.0,0.0,0.0,0.0,no_change,0.0,,0.0,28.6999998092651,339.815,2026-09-28 18:44:43,2026-09-28 14:45:04
AAPL,AAPL261007C00315000,AAPL,2026-10-07,C,315.0,24.35,126.0,26.8,26.0,0.3174,0.0,0.0,0.9638,0.0054,0.0443,-0.0559,0.0745,25.3419,0.0,0.0,0.0,0.0,no_change,0.0,,0.0,26.2750005722046,339.815,2026-09-28 18:44:43,2026-09-28 14:45:04
AAPL,AAPL261007C00317500,AAPL,2026-10-07,C,317.5,22.1,122.0,24.4,30.0,0.315,0.0,0.0,0.9526,0.007,0.0549,-0.0691,0.0742,22.9114,0.0,0.0,0.0,0.0,no_change,0.0,,0.0,23.8500003814697,339.815,2026-09-28 18:44:43,2026-09-28 14:45:04
AAPL,AAPL261007C00320000,AAPL,2026-10-07,C,320.0,19.8,125.0,21.4,30.0,0.268,6.0,0.0,0.937,0.009,0.0684,-0.0861,0.0735,20.5115,0.0,0.0,0.0,0.0,up,21.45,2026-09-23T09:35:45,0.0,21.4499998092651,339.815,2026-09-28 18:44:43,2026-09-28 14:45:04
AAPL,AAPL261007C00322500,AAPL,2026-10-07,C,322.5,17.0,152.0,19.6,43.0,0.2646,0.0,1.0,0.9155,0.0116,0.0852,-0.1072,0.0723,18.1552,0.42,19.42,19.42,19.42,up,19.42,2026-09-28T12:47:31,2.21053,19.0,339.815,2026-09-28 18:44:43,2026-09-28 14:45:04
AAPL,AAPL261007C00325000,AAPL,2026-10-07,C,325.0,15.05,342.0,17.25,110.0,0.2681,6.0,2.0,0.8866,0.0148,0.1052,-0.1322,0.0704,15.8593,0.175,17.19,17.19,17.1,down,17.1,2026-09-28T12:47:31,1.03397,16.9250001907349,339.815,2026-09-28 18:44:43,2026-09-28 14:45:04
AAPL,AAPL261007C00327500,AAPL,2026-10-07,C,327.5,13.15,342.0,14.35,252.0,0.2443,2.0,1.0,0.8489,0.0184,0.1276,-0.1603,0.0678,13.6443,-0.765,13.86,13.86,13.86,up,13.86,2026-09-28T13:21:32,-5.23077,14.625,339.815,2026-09-28 18:44:43,2026-09-28 14:45:04
AAPL,AAPL261007C00330000,AAPL,2026-10-07,C,330.0,11.2,85.0,11.9,93.0,0.232,6.0,0.0,0.8011,0.0224,0.1512,-0.1896,0.0643,11.5347,0.0,0.0,0.0,0.0,up,10.48,2026-09-23T13:00:53,0.0,12.3499999046326,339.815,2026-09-28 18:44:43,2026-09-28 14:45:04
AAPL,AAPL261007C00332500,AAPL,2026-10-07,C,332.5,9.45,29.0,10.25,199.0,0.2432,13.0,175.0,0.7426,0.0265,0.1741,-0.2176,0.0599,9.5578,-0.6,11.31,11.61,9.55,no_change,9.6,2026-09-28T11:06:07,-5.88235,10.1999998092651,339.815,2026-09-28 18:44:43,2026-09-28 14:45:04
AAPL,AAPL261007C00335000,AAPL,2026-10-07,C,335.0,7.6,30.0,8.3,222.0,0.2332,48.0,14.0,0.6738,0.0301,0.1938,-0.2409,0.0546,7.7419,-0.625,9.02,9.65,7.64,up,7.8,2026-09-28T14:18:06,-7.4184,8.42499995231628,339.815,2026-09-28 18:44:43,2026-09-28 14:45:04
AAPL,AAPL261007C00337500,AAPL,2026-10-07,C,337.5,5.95,237.0,6.45,594.0,0.2231,68.0,42.0,0.5962,0.0329,0.2078,-0.2562,0.0485,6.1143,-0.125,6.85,7.65,6.2,down,6.75,2026-09-28T12:40:22,-1.81818,6.875,339.815,2026-09-28 18:44:43,2026-09-28 14:45:04
AAPL,AAPL261007C00340000,AAPL,2026-10-07,C,340.0,4.55,184.0,4.75,45.0,0.2136,73.0,137.0,0.5125,0.0343,0.2138,-0.2607,0.0418,4.6972,-0.595,5.2,6.3,4.5,down,4.73,2026-09-28T14:20:52,-11.1737,5.32500004768372,339.815,2026-09-28 18:44:43,2026-09-28 14:45:04
AAPL,AAPL261007C00342500,AAPL,2026-10-07,C,342.5,3.35,131.0,3.7,251.0,0.2142,46.0,195.0,0.4266,0.0342,0.2104,-0.2531,0.0348,3.5045,-0.67,4.3,5.15,3.42,down,3.58,2026-09-28T14:18:53,-15.7647,4.25,339.815,2026-09-28 18:44:43,2026-09-28 14:45:04
AAPL,AAPL261007C00345000,AAPL,2026-10-07,C,345.0,2.4,104.0,2.65,218.0,0.2107,176.0,107.0,0.3432,0.0323,0.1977,-0.2341,0.028,2.5382,-0.325,3.35,3.95,2.5,up,2.79,2026-09-28T14:04:41,-10.4334,3.11500000953674,339.815,2026-09-28 18:44:43,2026-09-28 14:45:04
AAPL,AAPL261007C00347500,AAPL,2026-10-07,C,347.5,1.69,20.0,2.04,424.0,0.2145,40.0,62.0,0.2667,0.029,0.1774,-0.2063,0.0218,1.7864,0.085,2.17,2.75,2.1,up,2.34,2026-09-28T12:24:20,3.7694,2.25499993562698,339.815,2026-09-28 18:44:43,2026-09-28 14:45:04
AAPL,AAPL261007C00350000,AAPL,2026-10-07,C,350.0,1.13,116.0,1.33,443.0,0.2099,212.0,132.0,0.2005,0.0248,0.1522,-0.1736,0.0164,1.225,-0.375,1.68,2.15,1.18,up,1.3,2026-09-28T14:08:13,-22.3881,1.67499995231628,339.815,2026-09-28 18:44:43,2026-09-28 14:45:04
AAPL,AAPL261007C00352500,AAPL,2026-10-07,C,352.5,0.74,148.0,0.89,433.0,0.2093,16.0,14.0,0.1462,0.0203,0.1253,-0.14,0.0119,0.8216,-0.225,1.67,1.7,0.81,down,0.82,2026-09-28T13:20:54,-21.5311,1.04499998688698,339.815,2026-09-28 18:44:43,2026-09-28 14:45:04
AAPL,AAPL261007C00355000,AAPL,2026-10-07,C,355.0,0.5,61.0,0.59,412.0,0.2111,98.0,20.0,0.1038,0.0159,0.0994,-0.1088,0.0084,0.5414,0.045,0.7,0.86,0.57,up,0.77,2026-09-28T11:54:57,6.2069,0.724999994039536,339.815,2026-09-28 18:44:43,2026-09-28 14:45:04
AAPL,AAPL261007C00357500,AAPL,2026-10-07,C,357.5,0.31,61.0,0.39,353.0,0.2123,49.0,38.0,0.0717,0.012,0.0761,-0.0815,0.0058,0.3491,-0.005,0.47,0.57,0.42,up,0.45,2026-09-28T11:25:59,-1.0989,0.454999997280538,339.815,2026-09-28 18:44:43,2026-09-28 14:45:04
AAPL,AAPL261007C00360000,AAPL,2026-10-07,C,360.0,0.2,62.0,0.28,341.0,0.2166,281.0,316.0,0.0493,0.0088,0.0573,-0.06,0.004,0.2263,-0.185,0.35,0.35,0.24,down,0.24,2026-09-28T14:06:07,-43.5294,0.425000011920929,339.815,2026-09-28 18:44:43,2026-09-28 14:45:04
AAPL,AAPL261007C00362500,AAPL,2026-10-07,C,362.5,0.07,335.0,0.3,699.0,0.2262,1.0,0.0,0.0332,0.0063,0.0419,-0.043,0.0027,0.1442,0.0,0.0,0.0,0.0,down,0.23,2026-09-25T15:53:40,0.0,0.735000014305115,339.815,2026-09-28 18:44:43,2026-09-28 14:45:04
AAPL,AAPL261007C00365000,AAPL,2026-10-07,C,365.0,0.06,144.0,0.25,482.0,0.2384,1.0,0.0,0.0221,0.0044,0.0302,-0.0302,0.0018,0.0915,0.0,0.0,0.0,0.0,down,0.4,2026-09-22T15:26:25,0.0,0.819999992847443,339.815,2026-09-28 18:44:43,2026-09-28 14:45:04
AAPL,AAPL261007C00367500,AAPL,2026-10-07,C,367.5,0.01,278.0,0.2,687.0,0.2418,0.0,1.0,0.0146,0.0031,0.0215,-0.0211,0.0012,0.0581,-0.97,0.13,0.13,0.13,down,0.13,2026-09-28T09:45:11,-88.1818,1.10000002384186,339.815,2026-09-28 18:44:43,2026-09-28 14:45:04
AAPL,AAPL261007C00370000,AAPL,2026-10-07,C,370.0,0.01,157.0,0.18,531.0,0.2557,0.0,0.0,0.0097,0.0021,0.0152,-0.0147,0.0008,0.0374,0.0,0.0,0.0,0.0,no_change,0.0,,0.0,0.419999986886978,339.815,2026-09-28 18:44:43,2026-09-28 14:45:04
AAPL,AAPL261007C00372500,AAPL,2026-10-07,C,372.5,0.01,11.0,0.12,259.0,0.259,0.0,0.0,0.0066,0.0015,0.0109,-0.0103,0.0005,0.0246,0.0,0.0,0.0,0.0,no_change,0.0,,0.0,1.07500004768372,339.815,2026-09-28 18:44:43,2026-09-28 14:45:04
AAPL,AAPL261007C00375000,AAPL,2026-10-07,C,375.0,0.0,0.0,0.29,401.0,0.3088,2.0,0.0,0.0046,0.0011,0.008,-0.0075,0.0004,0.0169,0.0,0.0,0.0,0.0,no_change,0.48,2026-09-22T09:34:14,0.0,1.03999996185303,339.815,2026-09-28 18:44:43,2026-09-28 14:45:04
AAPL,AAPL261007C00380000,AAPL,2026-10-07,C,380.0,0.0,0.0,0.23,466.0,0.3321,0.0,0.0,0.0026,0.0006,0.0048,-0.0046,0.0002,0.0096,0.0,0.0,0.0,0.0,no_change,0.0,,0.0,0.935000002384186,339.815,2026-09-28 18:44:43,2026-09-28 14:45:04
AAPL,AAPL261007C00385000,AAPL,2026-10-07,C,385.0,0.0,0.0,0.44,455.0,0.4026,0.0,0.0,0.0018,0.0004,0.0035,-0.0035,0.0001,0.007,0.0,0.0,0.0,0.0,no_change,0.0,,0.0,0.865000009536743,339.815,2026-09-28 18:44:43,2026-09-28 14:45:04
AAPL,AAPL261007C00390000,AAPL,2026-10-07,C,390.0,0.0,0.0,0.49,448.0,0.4447,0.0,0.0,0.0015,0.0003,0.0028,-0.0031,0.0001,0.0059,0.0,0.0,0.0,0.0,no_change,0.0,,0.0,0.884999990463257,339.815,2026-09-28 18:44:43,2026-09-28 14:45:04
AAPL,AAPL261007C00395000,AAPL,2026-10-07,C,395.0,0.0,0.0,0.51,416.0,0.4818,0.0,0.0,0.0012,0.0002,0.0024,-0.0028,0.0001,0.0053,0.0,0.0,0.0,0.0,no_change,0.0,,0.0,0.7950000166893,339.815,2026-09-28 18:44:43,2026-09-28 14:45:04
AAPL,AAPL261007C00400000,AAPL,2026-10-07,C,400.0,0.0,0.0,0.52,408.0,0.5168,0.0,0.0,0.0011,0.0002,0.0021,-0.0026,0.0001,0.0049,0.0,0.0,0.0,0.0,no_change,0.0,,0.0,0.305000007152557,339.815,2026-09-28 18:44:43,2026-09-28 14:45:04
AAPL,AAPL261007C00405000,AAPL,2026-10-07,C,405.0,0.0,0.0,0.25,289.0,0.4948,0.0,0.0,0.001,0.0002,0.0019,-0.0025,0.0001,0.0046,0.0,0.0,0.0,0.0,no_change,0.0,,0.0,1.06500005722046,339.815,2026-09-28 18:44:43,2026-09-28 14:45:04
AAPL,AAPL261007C00410000,AAPL,2026-10-07,C,410.0,0.0,0.0,0.52,296.0,0.5816,0.0,0.0,0.0009,0.0001,0.0017,-0.0024,0.0001,0.0043,0.0,0.0,0.0,0.0,no_change,0.0,,0.0,1.06500005722046,339.815,2026-09-28 18:44:43,2026-09-28 14:45:04
AAPL,AAPL261007P00245000,AAPL,2026-10-07,P,245.0,0.0,0.0,0.25,10.0,0.8864,0.0,0.0,-0.0017,0.0001,0.003,-0.0091,-0.0001,0.0185,0.0,0.0,0.0,0.0,no_change,0.0,,0.0,1.06500005722046,339.815,2026-09-28 18:44:43,2026-09-28 14:45:04
AAPL,AAPL261007P00250000,AAPL,2026-10-07,P,250.0,0.0,0.0,0.49,127.0,0.9162,0.0,0.0,-0.002,0.0002,0.0034,-0.0098,-0.0002,0.0202,0.0,0.0,0.0,0.0,no_change,0.0,,0.0,1.06500005722046,339.815,2026-09-28 18:44:43,2026-09-28 14:45:04
AAPL,AAPL261007P00255000,AAPL,2026-10-07,P,255.0,0.0,0.0,0.49,123.0,0.8642,0.0,0.0,-0.0022,0.0002,0.0038,-0.0105,-0.0002,0.022,0.0,0.0,0.0,0.0,no_change,0.0,,0.0,1.06500005722046,339.815,2026-09-28 18:44:43,2026-09-28 14:45:04
AAPL,AAPL261007P00260000,AAPL,2026-10-07,P,260.0,0.0,0.0,0.48,125.0,0.8106,0.0,0.0,-0.0025,0.0002,0.0043,-0.0113,-0.0002,0.0241,0.0,0.0,0.0,0.0,no_change,0.0,,0.0,1.06500005722046,339.815,2026-09-28 18:44:43,2026-09-28 14:45:04
AAPL,AAPL261007P00265000,AAPL,2026-10-07,P,265.0,0.0,0.0,0.47,501.0,0.7578,0.0,0.0,-0.0029,0.0003,0.0049,-0.0122,-0.0002,0.0264,0.0,0.0,0.0,0.0,no_change,0.0,,0.0,1.06500005722046,339.815,2026-09-28 18:44:43,2026-09-28 14:45:04
AAPL,AAPL261007P00270000,AAPL,2026-10-07,P,270.0,0.0,0.0,0.45,464.0,0.7037,0.0,0.0,-0.0034,0.0003,0.0056,-0.0132,-0.0003,0.0291,0.0,0.0,0.0,0.0,no_change,0.0,,0.0,1.06500005722046,339.815,2026-09-28 18:44:43,2026-09-28 14:45:04
AAPL,AAPL261007P00275000,AAPL,2026-10-07,P,275.0,0.0,0.0,0.42,431.0,0.6482,0.0,0.0,-0.0039,0.0004,0.0064,-0.0143,-0.0003,0.0323,0.0,0.0,0.0,0.0,no_change,0.0,,0.0,1.06500005722046,339.815,2026-09-28 18:44:43,2026-09-28 14:45:04
AAPL,AAPL261007P00280000,AAPL,2026-10-07,P,280.0,0.0,0.0,0.36,515.0,0.5868,0.0,0.0,-0.0046,0.0005,0.0075,-0.0157,-0.0004,0.0362,0.0,0.0,0.0,0.0,no_change,0.0,,0.0,0.875,339.815,2026-09-28 18:44:43,2026-09-28 14:45:04
AAPL,AAPL261007P00285000,AAPL,2026-10-07,P,285.0,0.01,6.0,0.14,499.0,0.4797,2.0,0.0,-0.0056,0.0007,0.0088,-0.0174,-0.0004,0.0412,0.0,0.0,0.0,0.0,down,0.05,2026-09-24T14:41:44,0.0,0.699999988079071,339.815,2026-09-28 18:44:43,2026-09-28 14:45:04
AAPL,AAPL261007P00290000,AAPL,2026-10-07,P,290.0,0.01,127.0,0.14,607.0,0.4377,0.0,1.0,-0.0068,0.0008,0.0106,-0.0195,-0.0006,0.0478,-0.74,0.14,0.14,0.14,down,0.14,2026-09-28T09:40:59,-84.0909,0.879999995231628,339.815,2026-09-28 18:44:43,2026-09-28 14:45:04
AAPL,AAPL261007P00295000,AAPL,2026-10-07,P,295.0,0.01,155.0,0.11,547.0,0.385,0.0,1.0,-0.0086,0.0011,0.013,-0.0223,-0.0007,0.057,-0.975,0.1,0.1,0.1,down,0.1,2026-09-28T11:05:59,-90.6977,1.07500004768372,339.815,2026-09-28 18:44:43,2026-09-28 14:45:04
AAPL,AAPL261007P00300000,AAPL,2026-10-07,P,300.0,0.01,557.0,0.13,544.0,0.3515,0.0,4.0,-0.0112,0.0016,0.0164,-0.0263,-0.0009,0.0704,-0.62,0.23,0.23,0.07,down,0.07,2026-09-28T11:11:57,-89.8551,0.689999997615814,339.815,2026-09-28 18:44:43,2026-09-28 14:45:04
AAPL,AAPL261007P00302500,AAPL,2026-10-07,P,302.5,0.01,272.0,0.14,497.0,0.3341,0.0,4.0,-0.013,0.0018,0.0187,-0.0289,-0.001,0.0797,-1.03,0.15,0.15,0.08,no_change,0.08,2026-09-28T11:11:34,-92.7928,1.11000001430511,339.815,2026-09-28 18:44:43,2026-09-28 14:45:04
AAPL,AAPL261007P00305000,AAPL,2026-10-07,P,305.0,0.01,316.0,0.17,576.0,0.3216,0.0,2.0,-0.0153,0.0022,0.0216,-0.0322,-0.0012,0.0918,-1.03,0.16,0.16,0.09,down,0.09,2026-09-28T11:10:57,-91.9643,1.12000000476837,339.815,2026-09-28 18:44:43,2026-09-28 14:45:04
AAPL,AAPL261007P00307500,AAPL,2026-10-07,P,307.5,0.01,807.0,0.16,403.0,0.2982,0.0,2.0,-0.0184,0.0027,0.0252,-0.0364,-0.0015,0.108,-0.645,0.15,0.15,0.08,down,0.08,2026-09-28T11:12:15,-88.9655,0.725000028498471,339.815,2026-09-28 18:44:43,2026-09-28 14:45:04
AAPL,AAPL261007P00310000,AAPL,2026-10-07,P,310.0,0.1,269.0,0.24,698.0,0.3088,64.0,11.0,-0.0225,0.0034,0.03,-0.0419,-0.0018,0.1303,-0.105,0.11,0.15,0.11,up,0.15,2026-09-28T12:15:44,-41.1765,0.254999991506338,339.815,2026-09-28 18:44:43,2026-09-28 14:45:04
AAPL,AAPL261007P00312500,AAPL,2026-10-07,P,312.5,0.13,216.0,0.25,555.0,0.2918,35.0,3.0,-0.0282,0.0042,0.0361,-0.0493,-0.0023,0.162,-0.295,0.21,0.21,0.1,up,0.13,2026-09-28T13:16:02,-69.4118,0.424999986775219,339.815,2026-09-28 18:44:43,2026-09-28 14:45:04
AAPL,AAPL261007P00315000,AAPL,2026-10-07,P,315.0,0.05,855.0,0.39,884.0,0.276,7.0,2.0,-0.0362,0.0054,0.0443,-0.059,-0.0029,0.2078,-0.175,0.2,0.21,0.2,up,0.21,2026-09-28T11:22:52,-45.4545,0.38499999511987,339.815,2026-09-28 18:44:43,2026-09-28 14:45:04
AAPL,AAPL261007P00317500,AAPL,2026-10-07,P,317.5,0.14,717.0,0.32,321.0,0.2546,36.0,0.0,-0.0475,0.007,0.055,-0.072,-0.0038,0.2746,0.0,0.0,0.0,0.0,down,0.56,2026-09-25T10:43:07,0.0,1.04499996174127,339.815,2026-09-28 18:44:43,2026-09-28 14:45:04
AAPL,AAPL261007P00320000,AAPL,2026-10-07,P,320.0,0.35,23.0,0.38,1.0,0.2541,46.0,3.0,-0.0632,0.009,0.0685,-0.0888,-0.0051,0.3722,-0.09,0.37,0.38,0.37,no_change,0.38,2026-09-28T14:26:32,-19.1489,0.470000013709068,339.815,2026-09-28 18:44:43,2026-09-28 14:45:04
AAPL,AAPL261007P00322500,AAPL,2026-10-07,P,322.5,0.34,649.0,0.6,364.0,0.2421,157.0,10.0,-0.0852,0.0117,0.0856,-0.1101,-0.0068,0.5166,0.03,0.59,0.59,0.59,up,0.59,2026-09-28T11:06:41,5.35714,0.560000017285347,339.815,2026-09-28 18:44:43,2026-09-28 14:45:04
AAPL,AAPL261007P00325000,AAPL,2026-10-07,P,325.0,0.63,446.0,0.77,161.0,0.24,70.0,7.0,-0.1138,0.0148,0.1053,-0.1346,-0.0091,0.7157,-0.085,0.58,0.77,0.52,down,0.72,2026-09-28T14:05:36,-10.559,0.805000007152557,339.815,2026-09-28 18:44:43,2026-09-28 14:45:04
AAPL,AAPL261007P00327500,AAPL,2026-10-07,P,327.5,0.95,33.0,1.02,10.0,0.2348,63.0,30.0,-0.1517,0.0185,0.1278,-0.1626,-0.012,0.9991,-0.1,0.78,1.03,0.7,up,1.03,2026-09-28T10:46:45,-8.84956,1.12999999523163,339.815,2026-09-28 18:44:43,2026-09-28 14:45:04
AAPL,AAPL261007P00330000,AAPL,2026-10-07,P,330.0,1.31,167.0,1.44,129.0,0.2301,32.0,265.0,-0.1998,0.0226,0.1514,-0.1919,-0.0158,1.3883,-0.245,1.55,1.6,1.0,down,1.33,2026-09-28T14:15:36,-15.5556,1.57499998807907,339.815,2026-09-28 18:44:43,2026-09-28 14:45:04
AAPL,AAPL261007P00332500,AAPL,2026-10-07,P,332.5,1.82,52.0,2.05,403.0,0.2279,17.0,73.0,-0.2586,0.0266,0.1743,-0.2198,-0.0202,1.911,-0.2,1.89,2.0,1.4,up,1.8,2026-09-28T13:10:00,-10.0,2.0,339.815,2026-09-28 18:44:43,2026-09-28 14:45:04
AAPL,AAPL261007P00335000,AAPL,2026-10-07,P,335.0,2.53,21.0,2.85,406.0,0.2274,95.0,120.0,-0.3278,0.0303,0.1941,-0.2432,-0.0251,2.5957,0.005,2.25,2.82,1.89,down,2.55,2026-09-28T14:06:53,0.196465,2.54499995708466,339.815,2026-09-28 18:44:43,2026-09-28 14:45:04
AAPL,AAPL261007P00337500,AAPL,2026-10-07,P,337.5,3.3,121.0,3.65,325.0,0.2192,100.0,48.0,-0.4062,0.0332,0.208,-0.2586,-0.0304,3.4704,0.1,2.43,3.77,2.43,no_change,3.45,2026-09-28T13:42:05,2.98508,3.34999990463257,339.815,2026-09-28 18:44:43,2026-09-28 14:45:04
AAPL,AAPL261007P00340000,AAPL,2026-10-07,P,340.0,4.4,59.0,4.8,295.0,0.2178,59.0,197.0,-0.4908,0.0347,0.2136,-0.2633,-0.0358,4.558,-0.1,3.9,4.9,3.4,up,4.25,2026-09-28T13:39:23,-2.29885,4.35000002384186,339.815,2026-09-28 18:44:43,2026-09-28 14:45:04
AAPL,AAPL261007P00342500,AAPL,2026-10-07,P,342.5,5.7,41.0,6.15,220.0,0.2158,18.0,38.0,-0.5778,0.0346,0.2095,-0.2561,-0.0406,5.8724,-0.025,5.1,6.2,4.2,up,5.85,2026-09-28T13:35:40,-0.425532,5.875,339.815,2026-09-28 18:44:43,2026-09-28 14:45:04
AAPL,AAPL261007P00345000,AAPL,2026-10-07,P,345.0,7.3,13.0,8.05,245.0,0.2245,6.0,11.0,-0.6627,0.033,0.1961,-0.238,-0.0448,7.4161,-0.775,6.67,6.67,6.5,down,6.5,2026-09-28T12:01:20,-10.6529,7.27499985694885,339.815,2026-09-28 18:44:43,2026-09-28 14:45:04
AAPL,AAPL261007P00347500,AAPL,2026-10-07,P,347.5,9.05,12.0,9.6,101.0,0.2185,36.0,0.0,-0.7411,0.0299,0.1746,-0.2113,-0.047,9.1783,0.0,0.0,0.0,0.0,up,10.9,2026-09-25T11:20:34,0.0,8.97499990463257,339.815,2026-09-28 18:44:43,2026-09-28 14:45:04
AAPL,AAPL261007P00350000,AAPL,2026-10-07,P,350.0,10.5,192.0,12.25,282.0,0.2256,8.0,1.0,-0.8096,0.0258,0.1469,-0.1797,-0.0463,11.1365,-0.95,10.0,10.0,10.0,down,10.0,2026-09-28T11:23:02,-8.6758,10.9499998092651,339.815,2026-09-28 18:44:43,2026-09-28 14:45:04
AAPL,AAPL261007P00352500,AAPL,2026-10-07,P,352.5,12.5,351.0,14.25,256.0,0.2198,4.0,4.0,-0.8665,0.0214,0.117,-0.1471,-0.0417,13.2583,0.525,13.5,13.5,13.5,no_change,13.5,2026-09-28T11:04:25,4.04624,12.9750003814697,339.815,2026-09-28 18:44:43,2026-09-28 14:45:04
AAPL,AAPL261007P00355000,AAPL,2026-10-07,P,355.0,14.35,196.0,16.15,96.0,0.165,14.0,1.0,-0.9117,0.0172,0.0867,-0.1163,-0.0356,15.5094,-1.275,13.55,13.55,13.55,down,13.55,2026-09-28T10:19:23,-8.60034,14.8250002861023,339.815,2026-09-28 18:44:43,2026-09-28 14:45:04
AAPL,AAPL261007P00357500,AAPL,2026-10-07,P,357.5,16.8,128.0,18.4,10.0,0.0,0.0,0.0,-0.9464,0.0135,0.059,-0.0889,-0.0283,17.8565,0.0,0.0,0.0,0.0,no_change,0.0,,0.0,17.7250003814697,339.815,2026-09-28 18:44:43,2026-09-28 14:45:04
AAPL,AAPL261007P00360000,AAPL,2026-10-07,P,360.0,19.05,105.0,21.4,10.0,0.1871,0.0,0.0,-0.9718,0.0097,0.0347,-0.0665,-0.0186,20.273,0.0,0.0,0.0,0.0,no_change,0.0,,0.0,20.0250005722046,339.815,2026-09-28 18:44:43,2026-09-28 14:45:04
AAPL,AAPL261007P00362500,AAPL,2026-10-07,P,362.5,21.5,125.0,23.6,30.0,0.0,0.0,0.0,-0.9879,0.0056,0.0158,-0.0515,-0.0089,22.7357,0.0,0.0,0.0,0.0,no_change,0.0,,0.0,22.4500007629395,339.815,2026-09-28 18:44:43,2026-09-28 14:45:04
AAPL,AAPL261007P00365000,AAPL,2026-10-07,P,365.0,24.0,139.0,26.2,20.0,0.0,0.0,0.0,-0.996,0.0024,0.0048,-0.0443,-0.0027,25.2232,0.0,0.0,0.0,0.0,no_change,0.0,,0.0,24.9000005722046,339.815,2026-09-28 18:44:43,2026-09-28 14:45:04
AAPL,AAPL261007P00367500,AAPL,2026-10-07,P,367.5,26.5,122.0,28.8,22.0,0.0,0.0,0.0,-0.9991,0.0007,0.0012,-0.0421,-0.0004,27.7203,0.0,0.0,0.0,0.0,no_change,0.0,,0.0,27.3250007629395,339.815,2026-09-28 18:44:43,2026-09-28 14:45:04
AAPL,AAPL261007P00370000,AAPL,2026-10-07,P,370.0,29.0,140.0,31.05,28.0,0.0,0.0,0.0,-0.9999,0.0001,0.0002,-0.0417,0.0,30.2199,0.0,0.0,0.0,0.0,no_change,0.0,,0.0,29.9000005722046,339.815,2026-09-28 18:44:43,2026-09-28 14:45:04
AAPL,AAPL261007P00372500,AAPL,2026-10-07,P,372.5,31.5,147.0,33.85,20.0,0.0,0.0,0.0,-1.0,0.0,0.0,-0.0417,0.0,32.7199,0.0,0.0,0.0,0.0,no_change,0.0,,0.0,32.4250011444092,339.815,2026-09-28 18:44:43,2026-09-28 14:45:04
AAPL,AAPL261007P00375000,AAPL,2026-10-07,P,375.0,34.0,117.0,36.35,12.0,0.0,0.0,0.0,-1.0,0.0,0.0,-0.0417,0.0,35.2199,0.0,0.0,0.0,0.0,no_change,0.0,,0.0,34.9250011444092,339.815,2026-09-28 18:44:43,2026-09-28 14:45:04
AAPL,AAPL261007P00380000,AAPL,2026-10-07,P,380.0,39.0,131.0,41.35,14.0,0.0,0.0,0.0,-1.0,0.0,0.0,-0.0417,0.0,40.2199,0.0,0.0,0.0,0.0,no_change,0.0,,0.0,39.8500003814697,339.815,2026-09-28 18:44:43,2026-09-28 14:45:04
AAPL,AAPL261007P00385000,AAPL,2026-10-07,P,385.0,44.0,148.0,46.35,13.0,0.0,0.0,0.0,-1.0,0.0,0.0,-0.0417,0.0,45.2199,0.0,0.0,0.0,0.0,no_change,0.0,,0.0,44.8250007629394,339.815,2026-09-28 18:44:43,2026-09-28 14:45:04
AAPL,AAPL261007P00390000,AAPL,2026-10-07,P,390.0,49.0,148.0,51.35,17.0,0.0,0.0,0.0,-1.0,0.0,0.0,-0.0417,0.0,50.2199,0.0,0.0,0.0,0.0,no_change,0.0,,0.0,49.9250011444092,339.815,2026-09-28 18:44:43,2026-09-28 14:45:04
AAPL,AAPL261007P00395000,AAPL,2026-10-07,P,395.0,54.0,120.0,56.35,12.0,0.0,0.0,0.0,-1.0,0.0,0.0,-0.0417,0.0,55.2199,0.0,0.0,0.0,0.0,no_change,0.0,,0.0,54.9250011444092,339.815,2026-09-28 18:44:43,2026-09-28 14:45:04
AAPL,AAPL261007P00400000,AAPL,2026-10-07,P,400.0,59.0,114.0,61.35,13.0,0.0,0.0,0.0,-1.0,0.0,0.0,-0.0417,0.0,60.2199,0.0,0.0,0.0,0.0,no_change,0.0,,0.0,59.5500011444092,339.815,2026-09-28 18:44:43,2026-09-28 14:45:04
AAPL,AAPL261007P00405000,AAPL,2026-10-07,P,405.0,64.0,145.0,66.05,16.0,0.0,0.0,0.0,-1.0,0.0,0.0,-0.0417,0.0,65.2199,0.0,0.0,0.0,0.0,no_change,0.0,,0.0,64.9499988555908,339.815,2026-09-28 18:44:43,2026-09-28 14:45:04
AAPL,AAPL261007P00410000,AAPL,2026-10-07,P,410.0,69.0,150.0,71.35,20.0,0.0,0.0,0.0,-1.0,0.0,0.0,-0.0417,0.0,70.2199,0.0,0.0,0.0,0.0,no_change,0.0,,0.0,69.7249984741211,339.815,2026-09-28 18:44:43,2026-09-28 14:45:04
AAPL,AAPL261009C00110000,AAPL,2026-10-09,C,110.0,229.0,145.0,232.0,14.0,2.9712,0.0,0.0,1.0,0.0,0.0,0.0,0.0391,230.0093,0.0,0.0,0.0,0.0,no_change,0.0,,0.0,230.650001525879,339.815,2026-09-28 18:44:43,2026-09-28 14:45:04
AAPL,AAPL261009C00120000,AAPL,2026-10-09,C,120.0,218.9,145.0,222.05,28.0,2.7218,1.0,0.0,1.0,0.0,0.0001,0.0,0.0426,220.0254,0.0,0.0,0.0,0.0,up,213.52,2026-09-11T15:14:11,0.0,220.675003051758,339.815,2026-09-28 18:44:43,2026-09-28 14:45:04
AAPL,AAPL261009C00125000,AAPL,2026-10-09,C,125.0,214.15,136.0,216.5,15.0,2.4762,0.0,0.0,1.0,0.0,0.0001,0.0,0.0444,215.0335,0.0,0.0,0.0,0.0,no_change,0.0,,0.0,215.650001525879,339.815,2026-09-28 18:44:43,2026-09-28 14:45:04
AAPL,AAPL261009C00130000,AAPL,2026-10-09,C,130.0,208.75,154.0,212.05,17.0,2.4496,0.0,0.0,1.0,0.0,0.0001,0.0,0.0462,210.0417,0.0,0.0,0.0,0.0,no_change,0.0,,0.0,210.675003051758,339.815,2026-09-28 18:44:43,2026-09-28 14:45:04
AAPL,AAPL261009C00135000,AAPL,2026-10-09,C,135.0,204.2,143.0,207.0,16.0,2.5038,0.0,0.0,1.0,0.0,0.0001,0.0,0.048,205.0498,0.0,0.0,0.0,0.0,no_change,0.0,,0.0,205.700004577637,339.815,2026-09-28 18:44:43,2026-09-28 14:45:04
AAPL,AAPL261009C00140000,AAPL,2026-10-09,C,140.0,199.05,137.0,201.45,17.0,2.1029,0.0,0.0,1.0,0.0,0.0001,0.0,0.0497,200.058,0.0,0.0,0.0,0.0,no_change,0.0,,0.0,200.700004577637,339.815,2026-09-28 18:44:43,2026-09-28 14:45:04
AAPL,AAPL261009C00145000,AAPL,2026-10-09,C,145.0,194.2,135.0,197.05,17.0,2.3299,0.0,0.0,1.0,0.0,0.0002,0.0,0.0515,195.0663,0.0,0.0,0.0,0.0,no_change,0.0,,0.0,195.775001525879,339.815,2026-09-28 18:44:43,2026-09-28 14:45:04
AAPL,AAPL261009C00150000,AAPL,2026-10-09,C,150.0,189.2,143.0,191.55,16.0,2.0615,0.0,0.0,1.0,0.0,0.0002,0.0,0.0533,190.0745,0.0,0.0,0.0,0.0,no_change,0.0,,0.0,190.700004577637,339.815,2026-09-28 18:44:43,2026-09-28 14:45:04
AAPL,AAPL261009C00155000,AAPL,2026-10-09,C,155.0,184.2,141.0,186.55,16.0,1.9781,0.0,0.0,0.9999,0.0,0.0003,0.0,0.0551,185.0828,0.0,0.0,0.0,0.0,no_change,0.0,,0.0,185.700004577637,339.815,2026-09-28 18:44:43,2026-09-28 14:45:04
AAPL,AAPL261009C00160000,AAPL,2026-10-09,C,160.0,178.8,151.0,181.35,15.0,0.0,0.0,0.0,0.9999,0.0,0.0003,0.0,0.0568,180.0912,0.0,0.0,0.0,0.0,no_change,0.0,,0.0,180.725006103516,339.815,2026-09-28 18:44:43,2026-09-28 14:45:04
AAPL,AAPL261009C00165000,AAPL,2026-10-09,C,165.0,174.1,138.0,176.5,17.0,1.7491,0.0,0.0,0.9999,0.0,0.0004,0.0,0.0586,175.0996,0.0,0.0,0.0,0.0,no_change,0.0,,0.0,175.75,339.815,2026-09-28 18:44:43,2026-09-28 14:45:04
AAPL,AAPL261009C00170000,AAPL,2026-10-09,C,170.0,169.25,142.0,172.1,19.0,1.935,0.0,0.0,0.9998,0.0,0.0004,0.0,0.0604,170.1081,0.0,0.0,0.0,0.0,no_change,0.0,,0.0,170.825004577637,339.815,2026-09-28 18:44:43,2026-09-28 14:45:04
AAPL,AAPL261009C00175000,AAPL,2026-10-09,C,175.0,164.15,136.0,166.55,17.0,1.6492,0.0,0.0,0.9998,0.0,0.0005,0.0,0.0622,165.1166,0.0,0.0,0.0,0.0,no_change,0.0,,0.0,165.800003051758,339.815,2026-09-28 18:44:43,2026-09-28 14:45:04
AAPL,AAPL261009C00180000,AAPL,2026-10-09,C,180.0,159.2,116.0,161.6,24.0,1.6189,0.0,0.0,0.9998,0.0,0.0006,0.0,0.0639,160.1251,0.0,0.0,0.0,0.0,no_change,0.0,,0.0,160.774993896484,339.815,2026-09-28 18:44:43,2026-09-28 14:45:04
AAPL,AAPL261009C00185000,AAPL,2026-10-09,C,185.0,154.15,124.0,156.6,30.0,1.53,0.0,1.0,0.9997,0.0,0.0007,0.0,0.0657,155.1337,-1.575,154.2,154.2,154.2,down,154.2,2026-09-28T13:46:28,-1.01107,155.775001525879,339.815,2026-09-28 18:44:43,2026-09-28 14:45:04
AAPL,AAPL261009C00190000,AAPL,2026-10-09,C,190.0,149.3,114.0,151.6,22.0,1.5167,0.0,0.0,0.9997,0.0,0.0008,0.0,0.0675,150.1424,0.0,0.0,0.0,0.0,no_change,0.0,,0.0,150.774993896484,339.815,2026-09-28 18:44:43,2026-09-28 14:45:04
AAPL,AAPL261009C00195000,AAPL,2026-10-09,C,195.0,144.25,143.0,147.15,18.0,1.5815,1.0,0.0,0.9996,0.0,0.0009,0.0,0.0692,145.1511,0.0,0.0,0.0,0.0,up,141.39,2026-09-18T14:37:37,0.0,145.799995422363,339.815,2026-09-28 18:44:43,2026-09-28 14:45:04
AAPL,AAPL261009C00200000,AAPL,2026-10-09,C,200.0,139.3,135.0,141.65,19.0,1.4011,0.0,0.0,0.9995,0.0,0.0011,0.0,0.071,140.1599,0.0,0.0,0.0,0.0,no_change,0.0,,0.0,140.774993896484,339.815,2026-09-28 18:44:43,2026-09-28 14:45:04
AAPL,AAPL261009C00205000,AAPL,2026-10-09,C,205.0,134.15,137.0,137.0,15.0,1.3916,0.0,0.0,0.9995,0.0,0.0012,0.0,0.0728,135.1688,0.0,0.0,0.0,0.0,no_change,0.0,,0.0,135.774993896484,339.815,2026-09-28 18:44:43,2026-09-28 14:45:04
AAPL,AAPL261009C00210000,AAPL,2026-10-09,C,210.0,129.25,140.0,131.65,18.0,1.2612,1.0,0.0,0.9994,0.0,0.0014,0.0,0.0745,130.1777,0.0,0.0,0.0,0.0,up,128.06,2026-09-21T12:45:01,0.0,130.774993896484,339.815,2026-09-28 18:44:43,2026-09-28 14:45:04
AAPL,AAPL261009C00215000,AAPL,2026-10-09,C,215.0,124.35,115.0,126.65,24.0,1.2297,10.0,0.0,0.9993,0.0,0.0016,0.0,0.0763,125.1867,0.0,0.0,0.0,0.0,up,122.17,2026-09-24T12:03:38,0.0,125.849998474121,339.815,2026-09-28 18:44:43,2026-09-28 14:45:04
AAPL,AAPL261009C00220000,AAPL,2026-10-09,C,220.0,119.0,137.0,121.65,80.0,1.0525,1.0,1.0,0.9992,0.0001,0.0018,0.0,0.0781,120.1958,-0.075,120.75,120.75,120.75,up,120.75,2026-09-28T12:12:14,-0.0620707,120.824996948242,339.815,2026-09-28 18:44:43,2026-09-28 14:45:04
AAPL,AAPL261009C00225000,AAPL,2026-10-09,C,225.0,114.2,117.0,116.65,20.0,1.0704,1.0,0.0,0.999,0.0001,0.002,0.0,0.0798,115.205,0.0,0.0,0.0,0.0,up,111.7,2026-09-17T13:08:08,0.0,115.824996948242,339.815,2026-09-28 18:44:43,2026-09-28 14:45:04
AAPL,AAPL261009C00230000,AAPL,2026-10-09,C,230.0,109.35,110.0,111.65,20.0,1.0562,0.0,0.0,0.9989,0.0001,0.0023,0.0,0.0816,110.2143,0.0,0.0,0.0,0.0,no_change,0.0,,0.0,110.950000762939,339.815,2026-09-28 18:44:43,2026-09-28 14:45:04
AAPL,AAPL261009C00235000,AAPL,2026-10-09,C,235.0,104.05,122.0,106.65,20.0,0.9087,65.0,0.0,0.9987,0.0001,0.0026,0.0,0.0833,105.2237,0.0,0.0,0.0,0.0,no_change,101.7,2026-09-18T15:12:29,0.0,105.924999237061,339.815,2026-09-28 18:44:43,2026-09-28 14:45:04
AAPL,AAPL261009C00240000,AAPL,2026-10-09,C,240.0,99.4,114.0,101.7,20.0,0.9694,1.0,0.0,0.9986,0.0001,0.0029,0.0,0.0851,100.2333,0.0,0.0,0.0,0.0,up,96.87,2026-09-23T15:53:08,0.0,100.975002288818,339.815,2026-09-28 18:44:43,2026-09-28 14:45:04
AAPL,AAPL261009C00245000,AAPL,2026-10-09,C,245.0,94.25,117.0,96.7,22.0,0.8815,4.0,0.0,0.9983,0.0001,0.0033,0.0,0.0868,95.243,0.0,0.0,0.0,0.0,down,90.64,2026-09-18T12:06:01,0.0,95.9750022888184,339.815,2026-09-28 18:44:43,2026-09-28 14:45:04
AAPL,AAPL261009C00250000,AAPL,2026-10-09,C,250.0,89.35,140.0,91.7,81.0,0.8527,4.0,1.0,0.9981,0.0002,0.0038,0.0,0.0886,90.253,-1.975,88.85,88.85,88.85,down,88.85,2026-09-28T11:06:15,-2.17451,90.8250007629394,339.815,2026-09-28 18:44:43,2026-09-28 14:45:04
AAPL,AAPL261009C00255000,AAPL,2026-10-09,C,255.0,84.6,111.0,86.6,20.0,0.8305,20.0,4.0,0.9978,0.0002,0.0043,0.0,0.0903,85.2632,-0.43,85.6,85.61,85.57,no_change,85.57,2026-09-28T14:15:37,-0.5,86.0,339.815,2026-09-28 18:44:43,2026-09-28 14:45:04
AAPL,AAPL261009C00260000,AAPL,2026-10-09,C,260.0,79.65,111.0,81.6,20.0,0.7877,27.0,4.0,0.9974,0.0002,0.005,-0.0008,0.0921,80.2739,-0.56,80.61,80.64,80.61,no_change,80.64,2026-09-28T14:15:37,-0.689656,81.2000007629394,339.815,2026-09-28 18:44:43,2026-09-28 14:45:04
AAPL,AAPL261009C00265000,AAPL,2026-10-09,C,265.0,74.45,117.0,76.75,20.0,0.7288,16.0,0.0,0.9969,0.0003,0.0058,-0.0024,0.0938,75.2851,0.0,0.0,0.0,0.0,up,72.97,2026-09-24T10:33:05,0.0,76.0249977111816,339.815,2026-09-28 18:44:43,2026-09-28 14:45:04
AAPL,AAPL261009C00270000,AAPL,2026-10-09,C,270.0,69.15,128.0,71.75,20.0,0.6211,19.0,0.0,0.9964,0.0004,0.0067,-0.0042,0.0955,70.297,0.0,0.0,0.0,0.0,no_change,68.95,2026-09-24T13:12:39,0.0,71.0249977111816,339.815,2026-09-28 18:44:43,2026-09-28 14:45:04
AAPL,AAPL261009C00275000,AAPL,2026-10-09,C,275.0,64.3,125.0,66.75,20.0,0.605,24.0,1.0,0.9956,0.0005,0.008,-0.0063,0.0972,65.31,0.34,66.44,66.44,66.44,up,66.44,2026-09-28T12:10:30,0.514369,66.1000022888184,339.815,2026-09-28 18:44:43,2026-09-28 14:45:04
AAPL,AAPL261009C00280000,AAPL,2026-10-09,C,280.0,59.5,301.0,61.8,52.0,0.5965,259.0,0.0,0.9946,0.0006,0.0096,-0.0088,0.0988,60.3246,0.0,0.0,0.0,0.0,up,59.28,2026-09-25T14:32:16,0.0,60.6750011444092,339.815,2026-09-28 18:44:43,2026-09-28 14:45:04
AAPL,AAPL261009C00285000,AAPL,2026-10-09,C,285.0,54.5,147.0,55.95,15.0,0.0,79.0,5.0,0.9933,0.0008,0.0116,-0.0118,0.1005,55.3413,-0.86,55.31,55.32,55.16,up,55.24,2026-09-28T14:18:32,-1.53298,56.1000003814697,339.815,2026-09-28 18:44:43,2026-09-28 14:45:04
AAPL,AAPL261009C00290000,AAPL,2026-10-09,C,290.0,49.6,119.0,51.05,12.0,0.3557,49.0,5.0,0.9914,0.001,0.0145,-0.0155,0.102,50.3613,-0.665,51.51,51.51,50.23,up,50.31,2026-09-28T14:18:32,-1.30456,50.9750003814697,339.815,2026-09-28 18:44:43,2026-09-28 14:45:04
AAPL,AAPL261009C00295000,AAPL,2026-10-09,C,295.0,44.5,306.0,46.85,206.0,0.4597,164.0,3.0,0.9887,0.0014,0.0184,-0.0202,0.1035,45.3863,0.86,48.05,48.05,47.46,down,47.46,2026-09-28T10:28:05,1.84549,46.6000003814697,339.815,2026-09-28 18:44:43,2026-09-28 14:45:04
AAPL,AAPL261009C00300000,AAPL,2026-10-09,C,300.0,39.55,313.0,41.0,109.0,0.0,114.0,11.0,0.9847,0.0019,0.0238,-0.0265,0.1048,40.4192,-1.275,42.0,42.0,40.35,down,40.35,2026-09-28T14:08:34,-3.06306,41.625,339.815,2026-09-28 18:44:43,2026-09-28 14:45:04
AAPL,AAPL261009C00305000,AAPL,2026-10-09,C,305.0,34.35,299.0,36.9,48.0,0.356,113.0,1.0,0.9785,0.0028,0.0318,-0.0352,0.1058,35.466,0.725,36.95,36.95,36.95,up,36.95,2026-09-28T11:55:06,2.00138,36.2250003814697,339.815,2026-09-28 18:44:43,2026-09-28 14:45:04
AAPL,AAPL261009C00310000,AAPL,2026-10-09,C,310.0,29.95,298.0,31.1,93.0,0.2883,237.0,3.0,0.9683,0.0041,0.0439,-0.048,0.1063,30.5395,0.7,33.2,33.2,32.0,down,32.0,2026-09-28T11:22:45,2.23642,31.3000011444092,339.815,2026-09-28 18:44:43,2026-09-28 14:45:04
AAPL,AAPL261009C00312500,AAPL,2026-10-09,C,312.5,27.45,116.0,29.25,17.0,0.3238,10.0,0.0,0.9606,0.0051,0.0522,-0.0567,0.1063,28.094,0.0,0.0,0.0,0.0,down,27.34,2026-09-21T12:30:47,0.0,29.0249996185303,339.815,2026-09-28 18:44:43,2026-09-28 14:45:04
AAPL,AAPL261009C00315000,AAPL,2026-10-09,C,315.0,25.3,268.0,26.25,165.0,0.289,512.0,3.0,0.9504,0.0063,0.0627,-0.0675,0.1059,25.6671,1.685,26.97,28.16,26.97,up,28.16,2026-09-28T10:00:24,6.3645,26.4749994277954,339.815,2026-09-28 18:44:43,2026-09-28 14:45:04
AAPL,AAPL261009C00317500,AAPL,2026-10-09,C,317.5,22.7,148.0,24.3,79.0,0.2925,3.0,9.0,0.9369,0.0079,0.0756,-0.0809,0.1052,23.2665,-0.615,23.9,23.9,23.37,up,23.71,2026-09-28T11:12:24,-2.52826,24.3249998092651,339.815,2026-09-28 18:44:43,2026-09-28 14:45:04
AAPL,AAPL261009C00320000,AAPL,2026-10-09,C,320.0,20.4,333.0,21.4,206.0,0.256,552.0,15.0,0.9189,0.0098,0.0913,-0.0971,0.1038,20.9025,0.54,22.42,22.85,21.71,up,22.24,2026-09-28T11:53:22,2.48848,21.6999998092651,339.815,2026-09-28 18:44:43,2026-09-28 14:45:04
AAPL,AAPL261009C00322500,AAPL,2026-10-09,C,322.5,17.75,325.0,19.5,105.0,0.253,8.0,8.0,0.8954,0.0122,0.1098,-0.1161,0.1018,18.5878,0.025,20.23,20.38,19.65,down,19.65,2026-09-28T10:30:15,0.127389,19.625,339.815,2026-09-28 18:44:43,2026-09-28 14:45:04
AAPL,AAPL261009C00325000,AAPL,2026-10-09,C,325.0,16.1,158.0,16.75,208.0,0.2502,702.0,26.0,0.8652,0.015,0.1307,-0.1376,0.099,16.3386,-0.595,18.0,18.0,16.43,up,16.53,2026-09-28T14:27:05,-3.47445,17.125,339.815,2026-09-28 18:44:43,2026-09-28 14:45:04
AAPL,AAPL261009C00327500,AAPL,2026-10-09,C,327.5,13.6,375.0,14.65,200.0,0.2351,91.0,2.0,0.8274,0.018,0.1533,-0.1607,0.0952,14.1736,0.75,15.28,15.95,15.28,up,15.95,2026-09-28T09:59:24,4.93421,15.2000002861023,339.815,2026-09-28 18:44:43,2026-09-28 14:45:04
AAPL,AAPL261009C00330000,AAPL,2026-10-09,C,330.0,11.35,383.0,12.5,299.0,0.2226,4676.0,142.0,0.7812,0.0212,0.1763,-0.184,0.0903,12.1141,-0.975,13.0,14.5,11.8,up,12.25,2026-09-28T14:17:05,-7.3724,13.2249999046326,339.815,2026-09-28 18:44:43,2026-09-28 14:45:04
AAPL,AAPL261009C00332500,AAPL,2026-10-09,C,332.5,10.05,80.0,10.35,82.0,0.2303,100.0,109.0,0.7264,0.0244,0.1982,-0.2056,0.0844,10.1827,-0.8,12.5,12.5,10.1,down,10.1,2026-09-28T14:06:02,-7.33945,10.8999996185303,339.815,2026-09-28 18:44:43,2026-09-28 14:45:04
AAPL,AAPL261009C00335000,AAPL,2026-10-09,C,335.0,8.25,135.0,8.65,271.0,0.2279,1682.0,250.0,0.6636,0.0272,0.2167,-0.2233,0.0774,8.4022,-0.755,9.42,10.78,8.15,up,8.57,2026-09-28T14:17:15,-8.09652,9.3250002861023,339.815,2026-09-28 18:44:43,2026-09-28 14:45:04
AAPL,AAPL261009C00337500,AAPL,2026-10-09,C,337.5,6.65,378.0,6.95,288.0,0.2227,681.0,303.0,0.5938,0.0293,0.2299,-0.2349,0.0695,6.7933,-0.55,7.31,8.8,6.82,up,7.05,2026-09-28T14:25:27,-7.23684,7.60000014305115,339.815,2026-09-28 18:44:43,2026-09-28 14:45:04
AAPL,AAPL261009C00340000,AAPL,2026-10-09,C,340.0,5.3,369.0,5.45,256.0,0.2195,4190.0,801.0,0.5192,0.0305,0.236,-0.2387,0.0609,5.3731,-0.95,6.2,7.3,5.25,down,5.35,2026-09-28T14:26:42,-15.0794,6.29999995231628,339.815,2026-09-28 18:44:43,2026-09-28 14:45:04
AAPL,AAPL261009C00342500,AAPL,2026-10-09,C,342.5,4.05,249.0,4.3,591.0,0.2179,873.0,692.0,0.4427,0.0306,0.234,-0.2337,0.052,4.1519,-0.785,4.75,5.8,4.0,no_change,4.24,2026-09-28T14:12:38,-15.6219,5.02499985694885,339.815,2026-09-28 18:44:43,2026-09-28 14:45:04
AAPL,AAPL261009C00345000,AAPL,2026-10-09,C,345.0,3.05,453.0,3.2,376.0,0.2146,5103.0,544.0,0.3674,0.0295,0.2236,-0.2202,0.0432,3.132,-0.685,3.75,4.75,3.07,down,3.14,2026-09-28T14:29:39,-17.9085,3.82500004768372,339.815,2026-09-28 18:44:43,2026-09-28 14:45:04
AAPL,AAPL261009C00347500,AAPL,2026-10-09,C,347.5,2.25,129.0,2.32,58.0,0.2122,335.0,242.0,0.2965,0.0273,0.2059,-0.1997,0.0349,2.3065,-0.63,3.45,3.56,2.25,up,2.31,2026-09-28T14:25:44,-21.4286,2.93999993801117,339.815,2026-09-28 18:44:43,2026-09-28 14:45:04
AAPL,AAPL261009C00350000,AAPL,2026-10-09,C,350.0,1.58,670.0,1.69,295.0,0.2108,3338.0,1736.0,0.2326,0.0242,0.1827,-0.1742,0.0274,1.6597,-0.585,2.12,2.92,1.61,down,1.63,2026-09-28T14:29:39,-26.4108,2.2150000333786,339.815,2026-09-28 18:44:43,2026-09-28 14:45:04
AAPL,AAPL261009C00352500,AAPL,2026-10-09,C,352.5,1.12,130.0,1.19,81.0,0.2107,918.0,656.0,0.1777,0.0207,0.1565,-0.1465,0.0209,1.1692,-0.435,1.44,2.02,1.14,down,1.15,2026-09-28T14:28:44,-27.4448,1.58499997854233,339.815,2026-09-28 18:44:43,2026-09-28 14:45:04
AAPL,AAPL261009C00355000,AAPL,2026-10-09,C,355.0,0.77,168.0,0.83,167.0,0.211,2626.0,611.0,0.1324,0.017,0.1296,-0.1192,0.0156,0.8084,-0.395,1.2,1.41,0.76,no_change,0.78,2026-09-28T14:28:19,-33.617,1.17500001192093,339.815,2026-09-28 18:44:43,2026-09-28 14:45:04
AAPL,AAPL261009C00357500,AAPL,2026-10-09,C,357.5,0.53,92.0,0.56,83.0,0.2116,489.0,252.0,0.0966,0.0135,0.1043,-0.0941,0.0113,0.5506,-0.21,0.78,1.09,0.56,down,0.56,2026-09-28T14:25:36,-27.2727,0.769999980926514,339.815,2026-09-28 18:44:43,2026-09-28 14:45:04
AAPL,AAPL261009C00360000,AAPL,2026-10-09,C,360.0,0.36,154.0,0.39,199.0,0.2137,3638.0,408.0,0.0692,0.0105,0.0818,-0.0724,0.0081,0.3707,-0.2,0.54,0.67,0.37,down,0.37,2026-09-28T14:15:23,-35.0877,0.569999992847443,339.815,2026-09-28 18:44:43,2026-09-28 14:45:04
AAPL,AAPL261009C00365000,AAPL,2026-10-09,C,365.0,0.15,306.0,0.18,457.0,0.2166,2240.0,997.0,0.0343,0.0059,0.0476,-0.0406,0.004,0.1656,-0.09,0.25,0.36,0.15,no_change,0.16,2026-09-28T14:18:42,-36.0,0.25,339.815,2026-09-28 18:44:43,2026-09-28 14:45:04
AAPL,AAPL261009C00370000,AAPL,2026-10-09,C,370.0,0.07,185.0,0.08,222.0,0.2224,1033.0,534.0,0.017,0.0032,0.0268,-0.0223,0.002,0.076,-0.045,0.11,0.16,0.06,up,0.08,2026-09-28T14:26:18,-36.0,0.125,339.815,2026-09-28 18:44:43,2026-09-28 14:45:04
AAPL,AAPL261009C00375000,AAPL,2026-10-09,C,375.0,0.03,222.0,0.05,342.0,0.233,1267.0,73.0,0.009,0.0018,0.0157,-0.013,0.001,0.0389,-0.055,0.07,0.09,0.03,no_change,0.04,2026-09-28T14:09:41,-57.8947,0.0950000006705522,339.815,2026-09-28 18:44:43,2026-09-28 14:45:04
AAPL,AAPL261009C00380000,AAPL,2026-10-09,C,380.0,0.02,89.0,0.03,101.0,0.2471,452.0,62.0,0.0056,0.0011,0.0103,-0.0088,0.0006,0.0241,-0.02,0.09,0.1,0.01,down,0.02,2026-09-28T14:09:42,-50.0,0.0399999991059303,339.815,2026-09-28 18:44:43,2026-09-28 14:45:04
AAPL,AAPL261009C00385000,AAPL,2026-10-09,C,385.0,0.01,11.0,0.03,36.0,0.2666,116.0,0.0,0.004,0.0008,0.0077,-0.0069,0.0005,0.018,0.0,0.0,0.0,0.0,up,0.07,2026-09-25T10:12:28,0.0,0.0400000000372529,339.815,2026-09-28 18:44:43,2026-09-28 14:45:04
AAPL,AAPL261009C00390000,AAPL,2026-10-09,C,390.0,0.01,58.0,0.08,518.0,0.3182,230.0,7.0,0.0033,0.0006,0.0064,-0.0061,0.0004,0.0154,0.045,0.03,0.08,0.03,no_change,0.08,2026-09-28T14:09:42,128.571,0.034999999217689,339.815,2026-09-28 18:44:43,2026-09-28 14:45:04
AAPL,AAPL261009C00395000,AAPL,2026-10-09,C,395.0,0.0,0.0,0.03,286.0,0.3069,149.0,3.0,0.0028,0.0005,0.0055,-0.0057,0.0003,0.014,0.005,0.01,0.03,0.01,down,0.02,2026-09-28T10:26:17,33.3333,0.0149999996647239,339.815,2026-09-28 18:44:43,2026-09-28 14:45:04
AAPL,AAPL261009C00400000,AAPL,2026-10-09,C,400.0,0.0,0.0,0.1,442.0,0.374,313.0,0.0,0.0025,0.0004,0.0049,-0.0054,0.0003,0.0131,0.0,0.0,0.0,0.0,no_change,0.01,2026-09-25T10:44:19,0.0,0.0199999995529652,339.815,2026-09-28 18:44:43,2026-09-28 14:45:04
AAPL,AAPL261009C00405000,AAPL,2026-10-09,C,405.0,0.0,0.0,0.51,599.0,0.4946,8.0,0.0,0.0022,0.0003,0.0045,-0.0052,0.0002,0.0124,0.0,0.0,0.0,0.0,down,0.03,2026-09-23T11:06:17,0.0,0.254999995231628,339.815,2026-09-28 18:44:43,2026-09-28 14:45:04
AAPL,AAPL261009C00410000,AAPL,2026-10-09,C,410.0,0.0,0.0,0.01,127.0,0.3417,1176.0,0.0,0.002,0.0003,0.0041,-0.005,0.0002,0.0118,0.0,0.0,0.0,0.0,up,0.02,2026-09-24T09:37:57,0.0,0.00499999988824129,339.815,2026-09-28 18:44:43,2026-09-28 14:45:04
AAPL,AAPL261009C00415000,AAPL,2026-10-09,C,415.0,0.0,0.0,0.25,486.0,0.5,159.0,0.0,0.0018,0.0003,0.0037,-0.0048,0.0002,0.0112,0.0,0.0,0.0,0.0,up,0.19,2026-09-21T15:21:57,0.0,0.100000001490116,339.815,2026-09-28 18:44:43,2026-09-28 14:45:04
AAPL,AAPL261009P00110000,AAPL,2026-10-09,P,110.0,0.0,0.0,0.01,1000.0,1.9079,100.0,0.0,0.0,0.0,0.0,-0.0001,0.0,0.0002,0.0,0.0,0.0,0.0,no_change,0.14,2026-09-16T14:16:00,0.0,0.259999990463257,339.815,2026-09-28 18:44:43,2026-09-28 14:45:04
AAPL,AAPL261009P00120000,AAPL,2026-10-09,P,120.0,0.0,0.0,0.01,1000.0,1.7651,0.0,0.0,0.0,0.0,0.0001,-0.0003,0.0,0.0004,0.0,0.0,0.0,0.0,no_change,0.0,,0.0,0.259999990463257,339.815,2026-09-28 18:44:43,2026-09-28 14:45:04
AAPL,AAPL261009P00125000,AAPL,2026-10-09,P,125.0,0.0,0.0,0.01,1000.0,1.6982,0.0,0.0,0.0,0.0,0.0001,-0.0003,0.0,0.0006,0.0,0.0,0.0,0.0,no_change,0.0,,0.0,0.259999990463257,339.815,2026-09-28 18:44:43,2026-09-28 14:45:04
AAPL,AAPL261009P00130000,AAPL,2026-10-09,P,130.0,0.0,0.0,0.01,1000.0,1.6338,11.0,0.0,0.0,0.0,0.0001,-0.0004,0.0,0.0007,0.0,0.0,0.0,0.0,no_change,0.01,2026-09-23T10:56:17,0.0,0.259999990463257,339.815,2026-09-28 18:44:43,2026-09-28 14:45:04
AAPL,AAPL261009P00135000,AAPL,2026-10-09,P,135.0,0.0,0.0,0.01,1000.0,1.572,0.0,0.0,0.0,0.0,0.0001,-0.0005,0.0,0.0009,0.0,0.0,0.0,0.0,no_change,0.0,,0.0,0.259999990463257,339.815,2026-09-28 18:44:43,2026-09-28 14:45:04
AAPL,AAPL261009P00140000,AAPL,2026-10-09,P,140.0,0.0,0.0,0.51,68.0,2.175,0.0,0.0,-0.0001,0.0,0.0001,-0.0006,0.0,0.0011,0.0,0.0,0.0,0.0,no_change,0.0,,0.0,0.259999990463257,339.815,2026-09-28 18:44:43,2026-09-28 14:45:04
AAPL,AAPL261009P00145000,AAPL,2026-10-09,P,145.0,0.0,0.0,0.52,133.0,2.0999,0.0,0.0,-0.0001,0.0,0.0002,-0.0008,0.0,0.0014,0.0,0.0,0.0,0.0,no_change,0.0,,0.0,0.259999990463257,339.815,2026-09-28 18:44:43,2026-09-28 14:45:04
AAPL,AAPL261009P00150000,AAPL,2026-10-09,P,150.0,0.0,0.0,0.52,155.0,2.0222,0.0,0.0,-0.0001,0.0,0.0002,-0.0009,0.0,0.0017,0.0,0.0,0.0,0.0,no_change,0.0,,0.0,0.259999990463257,339.815,2026-09-28 18:44:43,2026-09-28 14:45:04
AAPL,AAPL261009P00155000,AAPL,2026-10-09,P,155.0,0.0,0.0,0.52,186.0,1.947,0.0,0.0,-0.0001,0.0,0.0003,-0.0011,0.0,0.002,0.0,0.0,0.0,0.0,no_change,0.0,,0.0,0.259999990463257,339.815,2026-09-28 18:44:43,2026-09-28 14:45:04
AAPL,AAPL261009P00160000,AAPL,2026-10-09,P,160.0,0.0,0.0,0.52,182.0,1.8742,0.0,0.0,-0.0001,0.0,0.0003,-0.0013,0.0,0.0024,0.0,0.0,0.0,0.0,no_change,0.0,,0.0,0.259999990463257,339.815,2026-09-28 18:44:43,2026-09-28 14:45:04
AAPL,AAPL261009P00165000,AAPL,2026-10-09,P,165.0,0.0,0.0,0.52,210.0,1.8036,0.0,0.0,-0.0002,0.0,0.0004,-0.0015,0.0,0.0028,0.0,0.0,0.0,0.0,no_change,0.0,,0.0,0.259999990463257,339.815,2026-09-28 18:44:43,2026-09-28 14:45:04
AAPL,AAPL261009P00170000,AAPL,2026-10-09,P,170.0,0.0,0.0,0.52,183.0,1.7351,0.0,0.0,-0.0002,0.0,0.0004,-0.0017,0.0,0.0033,0.0,0.0,0.0,0.0,no_change,0.0,,0.0,0.259999990463257,339.815,2026-09-28 18:44:43,2026-09-28 14:45:04
AAPL,AAPL261009P00175000,AAPL,2026-10-09,P,175.0,0.0,0.0,0.52,182.0,1.6685,0.0,0.0,-0.0002,0.0,0.0005,-0.002,0.0,0.0038,0.0,0.0,0.0,0.0,no_change,0.0,,0.0,0.259999990463257,339.815,2026-09-28 18:44:43,2026-09-28 14:45:04
AAPL,AAPL261009P00180000,AAPL,2026-10-09,P,180.0,0.0,0.0,0.52,184.0,1.6037,0.0,0.0,-0.0003,0.0,0.0006,-0.0022,0.0,0.0044,0.0,0.0,0.0,0.0,no_change,0.0,,0.0,0.259999990463257,339.815,2026-09-28 18:44:43,2026-09-28 14:45:04
AAPL,AAPL261009P00185000,AAPL,2026-10-09,P,185.0,0.0,0.0,0.52,185.0,1.5407,0.0,0.0,-0.0003,0.0,0.0007,-0.0025,0.0,0.0051,0.0,0.0,0.0,0.0,no_change,0.0,,0.0,0.259999990463257,339.815,2026-09-28 18:44:43,2026-09-28 14:45:04
AAPL,AAPL261009P00190000,AAPL,2026-10-09,P,190.0,0.0,0.0,0.52,192.0,1.4792,21.0,0.0,-0.0004,0.0,0.0008,-0.0028,0.0,0.0058,0.0,0.0,0.0,0.0,down,0.03,2026-09-08T10:22:50,0.0,0.259999990463257,339.815,2026-09-28 18:44:43,2026-09-28 14:45:04
AAPL,AAPL261009P00195000,AAPL,2026-10-09,P,195.0,0.0,0.0,0.52,192.0,1.4192,6.0,0.0,-0.0004,0.0,0.0009,-0.0031,0.0,0.0065,0.0,0.0,0.0,0.0,down,0.03,2026-09-04T13:21:38,0.0,0.259999990463257,339.815,2026-09-28 18:44:43,2026-09-28 14:45:04
AAPL,AAPL261009P00200000,AAPL,2026-10-09,P,200.0,0.0,0.0,0.52,193.0,1.3607,20.0,0.0,-0.0005,0.0,0.0011,-0.0035,-0.0001,0.0073,0.0,0.0,0.0,0.0,no_change,0.03,2026-09-10T15:52:58,0.0,0.259999990463257,339.815,2026-09-28 18:44:43,2026-09-28 14:45:04
AAPL,AAPL261009P00205000,AAPL,2026-10-09,P,205.0,0.0,0.0,0.51,236.0,1.3002,26.0,0.0,-0.0006,0.0,0.0012,-0.0039,-0.0001,0.0082,0.0,0.0,0.0,0.0,down,0.04,2026-09-09T09:58:45,0.0,0.259999990463257,339.815,2026-09-28 18:44:43,2026-09-28 14:45:04
AAPL,AAPL261009P00210000,AAPL,2026-10-09,P,210.0,0.0,0.0,0.51,212.0,1.2444,3.0,0.0,-0.0007,0.0,0.0014,-0.0042,-0.0001,0.0092,0.0,0.0,0.0,0.0,no_change,0.03,2026-09-11T12:51:13,0.0,0.254999995231628,339.815,2026-09-28 18:44:43,2026-09-28 14:45:04
AAPL,AAPL261009P00215000,AAPL,2026-10-09,P,215.0,0.0,0.0,0.4,257.0,1.152,14.0,0.0,-0.0008,0.0,0.0016,-0.0047,-0.0001,0.0102,0.0,0.0,0.0,0.0,down,0.03,2026-09-11T12:51:42,0.0,0.109999999403954,339.815,2026-09-28 18:44:43,2026-09-28 14:45:04
AAPL,AAPL261009P00220000,AAPL,2026-10-09,P,220.0,0.0,0.0,0.29,245.0,1.0563,11.0,0.0,-0.0009,0.0001,0.0018,-0.0051,-0.0001,0.0113,0.0,0.0,0.0,0.0,down,0.03,2026-09-25T10:14:40,0.0,0.25,339.815,2026-09-28 18:44:43,2026-09-28 14:45:04
AAPL,AAPL261009P00225000,AAPL,2026-10-09,P,225.0,0.0,0.0,0.51,360.0,1.0838,11.0,0.0,-0.001,0.0001,0.002,-0.0056,-0.0001,0.0125,0.0,0.0,0.0,0.0,no_change,0.03,2026-09-17T10:36:50,0.0,0.254999995231628,339.815,2026-09-28 18:44:43,2026-09-28 14:45:04
AAPL,AAPL261009P00230000,AAPL,2026-10-09,P,230.0,0.0,0.0,0.5,358.0,1.0296,14.0,0.0,-0.0012,0.0001,0.0023,-0.006,-0.0001,0.0138,0.0,0.0,0.0,0.0,down,0.03,2026-09-16T10:08:51,0.0,0.245000004768372,339.815,2026-09-28 18:44:43,2026-09-28 14:45:04
AAPL,AAPL261009P00235000,AAPL,2026-10-09,P,235.0,0.01,2.0,0.03,183.0,0.7382,88.0,17.0,-0.0013,0.0001,0.0026,-0.0066,-0.0001,0.0153,0.005,0.02,0.02,0.02,no_change,0.02,2026-09-28T12:43:36,33.3333,0.0149999996647239,339.815,2026-09-28 18:44:43,2026-09-28 14:45:04
AAPL,AAPL261009P00240000,AAPL,2026-10-09,P,240.0,0.01,3.0,0.03,10.0,0.6992,258.0,0.0,-0.0015,0.0001,0.0029,-0.0072,-0.0002,0.0169,0.0,0.0,0.0,0.0,no_change,0.03,2026-09-23T15:31:45,0.0,0.0199999995529652,339.815,2026-09-28 18:44:43,2026-09-28 14:45:04
AAPL,AAPL261009P00245000,AAPL,2026-10-09,P,245.0,0.01,2.0,0.04,431.0,0.675,155.0,3.0,-0.0017,0.0001,0.0033,-0.0078,-0.0002,0.0186,0.04,0.06,0.06,0.06,no_change,0.06,2026-09-28T10:08:49,200.0,0.0199999995529652,339.815,2026-09-28 18:44:43,2026-09-28 14:45:04
AAPL,AAPL261009P00250000,AAPL,2026-10-09,P,250.0,0.0,0.0,0.28,780.0,0.7703,330.0,0.0,-0.002,0.0002,0.0038,-0.0084,-0.0002,0.0206,0.0,0.0,0.0,0.0,no_change,0.04,2026-09-22T10:20:23,0.0,0.189999997615814,339.815,2026-09-28 18:44:43,2026-09-28 14:45:04
AAPL,AAPL261009P00255000,AAPL,2026-10-09,P,255.0,0.01,4.0,0.04,488.0,0.5991,1089.0,14.0,-0.0023,0.0002,0.0043,-0.0092,-0.0003,0.0229,0.01,0.07,0.08,0.04,down,0.04,2026-09-28T12:56:45,33.3333,0.0300000002607703,339.815,2026-09-28 18:44:43,2026-09-28 14:45:04
AAPL,AAPL261009P00260000,AAPL,2026-10-09,P,260.0,0.0,0.0,0.41,1017.0,0.7188,383.0,0.0,-0.0027,0.0002,0.005,-0.0101,-0.0003,0.0255,0.0,0.0,0.0,0.0,up,0.08,2026-09-25T09:42:17,0.0,0.0450000017881393,339.815,2026-09-28 18:44:43,2026-09-28 14:45:04
AAPL,AAPL261009P00265000,AAPL,2026-10-09,P,265.0,0.01,11.0,0.12,544.0,0.5816,75.0,0.0,-0.0031,0.0003,0.0058,-0.0111,-0.0004,0.0288,0.0,0.0,0.0,0.0,no_change,0.05,2026-09-25T13:48:43,0.0,0.0500000016763806,339.815,2026-09-28 18:44:43,2026-09-28 14:45:04
AAPL,AAPL261009P00270000,AAPL,2026-10-09,P,270.0,0.01,123.0,0.04,171.0,0.4896,919.0,39.0,-0.0037,0.0004,0.0067,-0.0124,-0.0004,0.0328,-0.02,0.03,0.03,0.02,up,0.03,2026-09-28T12:04:41,-40.0,0.0499999998137355,339.815,2026-09-28 18:44:43,2026-09-28 14:45:04
AAPL,AAPL261009P00275000,AAPL,2026-10-09,P,275.0,0.01,519.0,0.04,170.0,0.454,385.0,14.0,-0.0045,0.0005,0.008,-0.0139,-0.0005,0.0379,-0.005,0.13,0.13,0.03,no_change,0.04,2026-09-28T11:37:24,-11.1111,0.0449999989941716,339.815,2026-09-28 18:44:43,2026-09-28 14:45:04
AAPL,AAPL261009P00280000,AAPL,2026-10-09,P,280.0,0.03,77.0,0.05,531.0,0.4403,804.0,28.0,-0.0055,0.0006,0.0096,-0.0158,-0.0006,0.0445,0.005,0.12,0.12,0.02,up,0.04,2026-09-28T14:03:03,14.2857,0.034999999217689,339.815,2026-09-28 18:44:43,2026-09-28 14:45:04
AAPL,AAPL261009P00285000,AAPL,2026-10-09,P,285.0,0.03,111.0,0.06,440.0,0.4096,619.0,82.0,-0.0068,0.0008,0.0117,-0.0182,-0.0008,0.0533,-0.015,0.09,0.09,0.04,down,0.04,2026-09-28T13:29:23,-27.2727,0.0549999987706542,339.815,2026-09-28 18:44:43,2026-09-28 14:45:04
AAPL,AAPL261009P00290000,AAPL,2026-10-09,P,290.0,0.04,439.0,0.07,300.0,0.3826,998.0,125.0,-0.0087,0.001,0.0146,-0.0214,-0.001,0.0653,-0.03,0.07,0.07,0.04,down,0.05,2026-09-28T13:51:57,-37.5,0.080000001937151,339.815,2026-09-28 18:44:43,2026-09-28 14:45:04
AAPL,AAPL261009P00295000,AAPL,2026-10-09,P,295.0,0.06,332.0,0.09,319.0,0.3598,417.0,27.0,-0.0114,0.0014,0.0184,-0.0256,-0.0013,0.0824,-0.02,0.05,0.09,0.05,down,0.06,2026-09-28T13:31:45,-25.0,0.0800000000745058,339.815,2026-09-28 18:44:43,2026-09-28 14:45:04
AAPL,AAPL261009P00300000,AAPL,2026-10-09,P,300.0,0.1,82.0,0.11,83.0,0.3376,1740.0,61.0,-0.0154,0.0019,0.0239,-0.0314,-0.0017,0.1075,-0.01,0.12,0.18,0.08,up,0.11,2026-09-28T13:32:44,-8.33333,0.120000001043081,339.815,2026-09-28 18:44:43,2026-09-28 14:45:04
AAPL,AAPL261009P00305000,AAPL,2026-10-09,P,305.0,0.15,1.0,0.18,364.0,0.3198,675.0,305.0,-0.0218,0.0028,0.0321,-0.0396,-0.0024,0.1471,-0.02,0.18,0.18,0.11,no_change,0.16,2026-09-28T14:18:42,-11.1111,0.179999999701977,339.815,2026-09-28 18:44:43,2026-09-28 14:45:04
AAPL,AAPL261009P00310000,AAPL,2026-10-09,P,310.0,0.21,81.0,0.23,107.0,0.2936,767.0,471.0,-0.032,0.0041,0.0441,-0.0518,-0.0035,0.2126,-0.045,0.27,0.27,0.17,up,0.22,2026-09-28T14:26:55,-16.9811,0.265000008046627,339.815,2026-09-28 18:44:43,2026-09-28 14:45:04
AAPL,AAPL261009P00312500,AAPL,2026-10-09,P,312.5,0.26,90.0,0.28,90.0,0.283,259.0,110.0,-0.0397,0.0051,0.0524,-0.0604,-0.0044,0.2634,-0.005,0.23,0.28,0.21,no_change,0.27,2026-09-28T14:26:57,-1.81818,0.274999998509884,339.815,2026-09-28 18:44:43,2026-09-28 14:45:04
AAPL,AAPL261009P00315000,AAPL,2026-10-09,P,315.0,0.31,591.0,0.35,237.0,0.2717,1378.0,118.0,-0.05,0.0064,0.063,-0.071,-0.0054,0.3332,-0.06,0.49,0.49,0.27,up,0.33,2026-09-28T14:26:55,-15.3846,0.390000000596046,339.815,2026-09-28 18:44:43,2026-09-28 14:45:04
AAPL,AAPL261009P00317500,AAPL,2026-10-09,P,317.5,0.41,59.0,0.45,137.0,0.2639,87.0,57.0,-0.0637,0.008,0.0763,-0.0842,-0.0068,0.4293,-0.06,0.44,0.47,0.35,down,0.42,2026-09-28T14:09:51,-12.5,0.479999989271164,339.815,2026-09-28 18:44:43,2026-09-28 14:45:04
AAPL,AAPL261009P00320000,AAPL,2026-10-09,P,320.0,0.5,324.0,0.61,282.0,0.2554,1506.0,497.0,-0.0819,0.01,0.0917,-0.1004,-0.0089,0.5626,-0.075,0.58,0.63,0.41,down,0.55,2026-09-28T14:26:24,-12.0,0.625,339.815,2026-09-28 18:44:43,2026-09-28 14:45:04
AAPL,AAPL261009P00322500,AAPL,2026-10-09,P,322.5,0.7,374.0,0.78,132.0,0.2486,272.0,147.0,-0.106,0.0124,0.1105,-0.1196,-0.0113,0.7488,-0.085,0.69,0.9,0.58,no_change,0.73,2026-09-28T14:28:19,-10.4294,0.814999997615814,339.815,2026-09-28 18:44:43,2026-09-28 14:45:04
AAPL,AAPL261009P00325000,AAPL,2026-10-09,P,325.0,0.92,333.0,1.05,272.0,0.2424,754.0,137.0,-0.1366,0.0152,0.1316,-0.1412,-0.0144,0.9991,-0.07,0.87,1.05,0.7,no_change,0.98,2026-09-28T14:22:03,-6.66667,1.04999998211861,339.815,2026-09-28 18:44:43,2026-09-28 14:45:04
AAPL,AAPL261009P00327500,AAPL,2026-10-09,P,327.5,1.29,136.0,1.37,123.0,0.2383,442.0,1005.0,-0.1744,0.0182,0.1541,-0.1641,-0.0181,1.33,-0.05,1.18,1.47,0.96,up,1.32,2026-09-28T14:26:24,-3.64964,1.37000000476837,339.815,2026-09-28 18:44:43,2026-09-28 14:45:04
AAPL,AAPL261009P00330000,AAPL,2026-10-09,P,330.0,1.7,243.0,1.82,182.0,0.233,11115.0,1063.0,-0.2212,0.0215,0.1773,-0.1875,-0.0225,1.7715,0.045,1.69,1.93,1.28,down,1.78,2026-09-28T14:13:42,2.59366,1.73500001430511,339.815,2026-09-28 18:44:43,2026-09-28 14:45:04
AAPL,AAPL261009P00332500,AAPL,2026-10-09,P,332.5,2.32,13.0,2.38,168.0,0.2298,176.0,146.0,-0.2768,0.0247,0.1991,-0.2092,-0.0276,2.343,0.035,2.3,2.57,1.71,down,2.35,2026-09-28T14:26:42,1.51188,2.31499993801117,339.815,2026-09-28 18:44:43,2026-09-28 14:45:04
AAPL,AAPL261009P00335000,AAPL,2026-10-09,P,335.0,3.0,122.0,3.15,247.0,0.226,1042.0,514.0,-0.3406,0.0276,0.2175,-0.227,-0.0333,3.0676,0.08,2.9,3.25,2.27,no_change,3.09,2026-09-28T14:28:06,2.65781,3.00999999046326,339.815,2026-09-28 18:44:43,2026-09-28 14:45:04
AAPL,AAPL261009P00337500,AAPL,2026-10-09,P,337.5,3.9,110.0,4.05,213.0,0.2227,249.0,182.0,-0.4114,0.0298,0.2302,-0.2386,-0.0391,3.9666,0.075,3.5,4.25,3.0,no_change,3.95,2026-09-28T14:25:03,1.93548,3.875,339.815,2026-09-28 18:44:43,2026-09-28 14:45:04
AAPL,AAPL261009P00340000,AAPL,2026-10-09,P,340.0,4.95,447.0,5.15,445.0,0.2191,452.0,2606.0,-0.4872,0.031,0.2357,-0.2423,-0.0449,5.0573,0.13,4.5,5.35,3.9,no_change,5.03,2026-09-28T14:24:49,2.65306,4.89999985694885,339.815,2026-09-28 18:44:43,2026-09-28 14:45:04
AAPL,AAPL261009P00342500,AAPL,2026-10-09,P,342.5,6.25,86.0,6.45,153.0,0.2169,120.0,304.0,-0.5651,0.0311,0.2326,-0.2373,-0.0498,6.3504,0.325,5.45,6.59,4.9,up,6.4,2026-09-28T14:23:39,5.34979,6.07500004768372,339.815,2026-09-28 18:44:43,2026-09-28 14:45:04
AAPL,AAPL261009P00345000,AAPL,2026-10-09,P,345.0,7.7,117.0,8.0,185.0,0.2149,72.0,100.0,-0.642,0.0301,0.2207,-0.2239,-0.0542,7.8487,0.3,6.75,8.1,6.3,up,7.85,2026-09-28T13:46:24,3.97351,7.54999995231628,339.815,2026-09-28 18:44:43,2026-09-28 14:45:04
AAPL,AAPL261009P00347500,AAPL,2026-10-09,P,347.5,9.4,58.0,9.7,103.0,0.2135,22.0,28.0,-0.7146,0.028,0.2013,-0.2037,-0.0569,9.5453,0.34,8.5,9.83,7.9,up,9.59,2026-09-28T13:51:17,3.67568,9.25,339.815,2026-09-28 18:44:43,2026-09-28 14:45:04
AAPL,AAPL261009P00350000,AAPL,2026-10-09,P,350.0,11.1,340.0,12.1,351.0,0.2221,431.0,1421.0,-0.7805,0.025,0.1761,-0.1789,-0.0571,11.4251,-0.975,9.92,11.3,9.39,up,10.4,2026-09-28T12:23:08,-8.57143,11.375,339.815,2026-09-28 18:44:43,2026-09-28 14:45:04
AAPL,AAPL261009P00352500,AAPL,2026-10-09,P,352.5,12.85,137.0,14.0,94.0,0.2088,25.0,0.0,-0.8378,0.0216,0.147,-0.1522,-0.0549,13.4662,0.0,0.0,0.0,0.0,down,14.2,2026-09-25T12:19:07,0.0,13.1749997138977,339.815,2026-09-28 18:44:43,2026-09-28 14:45:04
AAPL,AAPL261009P00355000,AAPL,2026-10-09,P,355.0,14.9,377.0,16.15,158.0,0.2005,24.0,1.0,-0.8855,0.018,0.1164,-0.1257,-0.0497,15.6426,-0.35,15.0,15.0,15.0,up,15.0,2026-09-28T12:05:13,-2.28013,15.3499999046326,339.815,2026-09-28 18:44:43,2026-09-28 14:45:04
AAPL,AAPL261009P00357500,AAPL,2026-10-09,P,357.5,17.25,157.0,18.75,11.0,0.2207,2.0,0.0,-0.9238,0.0147,0.0864,-0.1005,-0.0417,17.9272,0.0,0.0,0.0,0.0,no_change,17.0,2026-09-25T15:54:49,0.0,17.5250005722046,339.815,2026-09-28 18:44:43,2026-09-28 14:45:04
AAPL,AAPL261009P00360000,AAPL,2026-10-09,P,360.0,19.1,141.0,21.45,28.0,0.2094,52.0,0.0,-0.954,0.0119,0.0591,-0.0769,-0.0319,20.2943,0.0,0.0,0.0,0.0,down,20.24,2026-09-25T14:52:12,0.0,19.5,339.815,2026-09-28 18:44:43,2026-09-28 14:45:04
AAPL,AAPL261009P00365000,AAPL,2026-10-09,P,365.0,24.6,135.0,26.35,27.0,0.2817,1.0,0.0,-0.9905,0.0048,0.0142,-0.0469,-0.0079,25.1949,0.0,0.0,0.0,0.0,up,28.28,2026-09-23T15:11:49,0.0,24.9750003814697,339.815,2026-09-28 18:44:43,2026-09-28 14:45:04
AAPL,AAPL261009P00370000,AAPL,2026-10-09,P,370.0,29.0,118.0,31.35,20.0,0.0,0.0,0.0,-0.9994,0.0005,0.0011,-0.0406,0.0,30.185,0.0,0.0,0.0,0.0,no_change,0.0,,0.0,29.8000001907349,339.815,2026-09-28 18:44:43,2026-09-28 14:45:04
AAPL,AAPL261009P00375000,AAPL,2026-10-09,P,375.0,34.0,124.0,36.1,20.0,0.0,0.0,0.0,-1.0,0.0,0.0,-0.0406,0.0,35.185,0.0,0.0,0.0,0.0,up,38.7,2026-09-23T11:37:53,0.0,34.9750003814697,339.815,2026-09-28 18:44:43,2026-09-28 14:45:04
AAPL,AAPL261009P00380000,AAPL,2026-10-09,P,380.0,39.0,124.0,41.35,22.0,0.0,0.0,0.0,-1.0,0.0,0.0,-0.0406,0.0,40.185,0.0,0.0,0.0,0.0,no_change,0.0,,0.0,39.9500007629394,339.815,2026-09-28 18:44:43,2026-09-28 14:45:04
AAPL,AAPL261009P00385000,AAPL,2026-10-09,P,385.0,44.0,121.0,46.35,20.0,0.0,0.0,0.0,-1.0,0.0,0.0,-0.0406,0.0,45.185,0.0,0.0,0.0,0.0,no_change,0.0,,0.0,44.8000011444092,339.815,2026-09-28 18:44:43,2026-09-28 14:45:04
AAPL,AAPL261009P00390000,AAPL,2026-10-09,P,390.0,49.0,122.0,51.35,20.0,0.0,0.0,0.0,-1.0,0.0,0.0,-0.0406,0.0,50.185,0.0,0.0,0.0,0.0,no_change,0.0,,0.0,49.8250007629394,339.815,2026-09-28 18:44:43,2026-09-28 14:45:04
AAPL,AAPL261009P00395000,AAPL,2026-10-09,P,395.0,54.0,119.0,56.35,23.0,0.0,0.0,0.0,-1.0,0.0,0.0,-0.0406,0.0,55.185,0.0,0.0,0.0,0.0,down,60.85,2026-09-11T15:35:56,0.0,54.7000007629394,339.815,2026-09-28 18:44:43,2026-09-28 14:45:04
AAPL,AAPL261009P00400000,AAPL,2026-10-09,P,400.0,59.0,119.0,61.35,22.0,0.0,0.0,0.0,-1.0,0.0,0.0,-0.0406,0.0,60.185,0.0,0.0,0.0,0.0,no_change,0.0,,0.0,59.9250011444092,339.815,2026-09-28 18:44:43,2026-09-28 14:45:04
AAPL,AAPL261009P00405000,AAPL,2026-10-09,P,405.0,64.0,141.0,66.35,12.0,0.0,0.0,0.0,-1.0,0.0,0.0,-0.0406,0.0,65.185,0.0,0.0,0.0,0.0,no_change,0.0,,0.0,64.8749980926514,339.815,2026-09-28 18:44:43,2026-09-28 14:45:04
AAPL,AAPL261009P00410000,AAPL,2026-10-09,P,410.0,69.0,146.0,71.35,16.0,0.0,0.0,0.0,-1.0,0.0,0.0,-0.0406,0.0,70.185,0.0,0.0,0.0,0.0,up,74.3,2026-09-18T15:48:00,0.0,69.7999992370606,339.815,2026-09-28 18:44:43,2026-09-28 14:45:04
AAPL,AAPL261009P00415000,AAPL,2026-10-09,P,415.0,74.0,146.0,76.35,15.0,0.0,1.0,0.0,-1.0,0.0,0.0,-0.0406,0.0,75.185,0.0,0.0,0.0,0.0,down,79.28,2026-09-18T15:48:00,0.0,74.9499969482422,339.815,2026-09-28 18:44:43,2026-09-28 14:45:04
AAPL,AAPL261012C00270000,AAPL,2026-10-12,C,270.0,69.35,125.0,72.3,10.0,0.65,0.0,0.0,0.9957,0.0004,0.0088,-0.0026,0.1028,70.3407,0.0,0.0,0.0,0.0,no_change,0.0,,0.0,0.0,339.815,2026-09-28 18:44:43,2026-09-28 14:45:04
AAPL,AAPL261012C00275000,AAPL,2026-10-12,C,275.0,64.5,123.0,67.3,11.0,0.6198,0.0,0.0,0.9948,0.0005,0.0105,-0.0048,0.1046,65.3558,0.0,0.0,0.0,0.0,no_change,0.0,,0.0,0.0,339.815,2026-09-28 18:44:43,2026-09-28 14:45:04
AAPL,AAPL261012C00280000,AAPL,2026-10-12,C,280.0,58.7,114.0,62.3,7.0,0.4738,0.0,0.0,0.9936,0.0007,0.0126,-0.0074,0.1063,60.3731,0.0,0.0,0.0,0.0,no_change,0.0,,0.0,0.0,339.815,2026-09-28 18:44:43,2026-09-28 14:45:04
AAPL,AAPL261012C00285000,AAPL,2026-10-12,C,285.0,54.2,127.0,57.35,10.0,0.5057,0.0,0.0,0.9919,0.0009,0.0155,-0.0106,0.108,55.3934,0.0,0.0,0.0,0.0,no_change,0.0,,0.0,0.0,339.815,2026-09-28 18:44:43,2026-09-28 14:45:04
AAPL,AAPL261012C00290000,AAPL,2026-10-12,C,290.0,49.05,128.0,52.4,12.0,0.4525,0.0,0.0,0.9896,0.0012,0.0194,-0.0146,0.1096,50.4184,0.0,0.0,0.0,0.0,no_change,0.0,,0.0,0.0,339.815,2026-09-28 18:44:43,2026-09-28 14:45:04
AAPL,AAPL261012C00295000,AAPL,2026-10-12,C,295.0,44.55,111.0,47.4,4.0,0.4525,0.0,6.0,0.9862,0.0016,0.0247,-0.0197,0.1111,45.4505,45.96,46.05,46.06,45.96,no_change,45.96,2026-09-28T14:26:23,0.0,0.0,339.815,2026-09-28 18:44:43,2026-09-28 14:45:04
AAPL,AAPL261012C00300000,AAPL,2026-10-12,C,300.0,39.65,106.0,42.45,17.0,0.4181,0.0,7.0,0.9811,0.0022,0.0322,-0.0264,0.1123,40.494,41.05,41.08,41.11,41.0,no_change,41.05,2026-09-28T14:26:23,0.0,0.0,339.815,2026-09-28 18:44:43,2026-09-28 14:45:04
AAPL,AAPL261012C00305000,AAPL,2026-10-12,C,305.0,33.95,116.0,37.55,17.0,0.3311,0.0,0.0,0.9733,0.0032,0.043,-0.0355,0.1132,35.5572,0.0,0.0,0.0,0.0,no_change,0.0,,0.0,0.0,339.815,2026-09-28 18:44:43,2026-09-28 14:45:04
AAPL,AAPL261012C00310000,AAPL,2026-10-12,C,310.0,29.15,116.0,32.65,17.0,0.3103,0.0,0.0,0.9607,0.0046,0.0589,-0.0484,0.1135,30.6564,0.0,0.0,0.0,0.0,no_change,0.0,,0.0,0.0,339.815,2026-09-28 18:44:43,2026-09-28 14:45:04
AAPL,AAPL261012C00315000,AAPL,2026-10-12,C,315.0,24.65,133.0,27.8,61.0,0.3004,0.0,6.0,0.9396,0.0069,0.0825,-0.0672,0.1126,25.8242,25.59,26.73,28.75,25.59,down,25.59,2026-09-28T10:49:39,0.0,0.0,339.815,2026-09-28 18:44:43,2026-09-28 14:45:04
AAPL,AAPL261012C00320000,AAPL,2026-10-12,C,320.0,20.3,110.0,23.1,19.0,0.2894,0.0,0.0,0.9044,0.0104,0.1161,-0.0935,0.1099,21.1191,0.0,0.0,0.0,0.0,no_change,0.0,,0.0,0.0,339.815,2026-09-28 18:44:43,2026-09-28 14:45:04
AAPL,AAPL261012C00325000,AAPL,2026-10-12,C,325.0,15.9,258.0,17.55,68.0,0.2391,0.0,0.0,0.8481,0.015,0.1594,-0.127,0.1042,16.6354,0.0,0.0,0.0,0.0,no_change,0.0,,0.0,0.0,339.815,2026-09-28 18:44:43,2026-09-28 14:45:04
AAPL,AAPL261012C00330000,AAPL,2026-10-12,C,330.0,12.2,20.0,14.2,107.0,0.2579,0.0,0.0,0.7647,0.0204,0.207,-0.1631,0.095,12.5036,0.0,0.0,0.0,0.0,no_change,0.0,,0.0,0.0,339.815,2026-09-28 18:44:43,2026-09-28 14:45:04
AAPL,AAPL261012C00335000,AAPL,2026-10-12,C,335.0,8.55,36.0,8.95,20.0,0.2133,0.0,115.0,0.6531,0.0252,0.2471,-0.1923,0.0818,8.8752,9.0,9.56,9.7,9.0,down,9.0,2026-09-28T14:07:15,0.0,0.0,339.815,2026-09-28 18:44:43,2026-09-28 14:45:04
AAPL,AAPL261012C00340000,AAPL,2026-10-12,C,340.0,5.5,165.0,6.05,87.0,0.2089,0.0,66.0,0.5202,0.0279,0.2661,-0.2036,0.0655,5.8883,5.85,7.59,7.59,5.75,down,5.85,2026-09-28T14:24:46,0.0,0.0,339.815,2026-09-28 18:44:43,2026-09-28 14:45:04
AAPL,AAPL261012C00345000,AAPL,2026-10-12,C,345.0,3.5,3.0,3.7,21.0,0.2085,0.0,59.0,0.3814,0.0272,0.255,-0.1912,0.0482,3.6223,3.55,4.26,5.45,3.55,down,3.55,2026-09-28T14:28:18,0.0,0.0,339.815,2026-09-28 18:44:43,2026-09-28 14:45:04
AAPL,AAPL261012C00350000,AAPL,2026-10-12,C,350.0,1.79,35.0,2.32,129.0,0.2067,0.0,28.0,0.2555,0.0232,0.2164,-0.1582,0.0324,2.0608,1.98,2.97,2.97,1.98,down,1.98,2026-09-28T13:50:48,0.0,0.0,339.815,2026-09-28 18:44:43,2026-09-28 14:45:04
AAPL,AAPL261012C00355000,AAPL,2026-10-12,C,355.0,0.95,35.0,1.4,173.0,0.2113,0.0,6.0,0.1565,0.0173,0.1632,-0.1161,0.0198,1.0911,1.0,1.55,1.55,1.0,down,1.0,2026-09-28T13:57:45,0.0,0.0,339.815,2026-09-28 18:44:43,2026-09-28 14:45:04
AAPL,AAPL261012C00360000,AAPL,2026-10-12,C,360.0,0.45,28.0,0.74,102.0,0.2116,0.0,32.0,0.0885,0.0116,0.1106,-0.0766,0.0112,0.544,0.5,0.8,1.04,0.5,down,0.5,2026-09-28T13:44:41,0.0,0.0,339.815,2026-09-28 18:44:43,2026-09-28 14:45:04
AAPL,AAPL261012C00365000,AAPL,2026-10-12,C,365.0,0.19,197.0,0.31,204.0,0.2072,0.0,92.0,0.0479,0.0071,0.0698,-0.0472,0.006,0.2658,0.27,0.3,0.33,0.25,down,0.27,2026-09-28T14:12:04,0.0,0.0,339.815,2026-09-28 18:44:43,2026-09-28 14:45:04
AAPL,AAPL261012C00370000,AAPL,2026-10-12,C,370.0,0.01,134.0,0.25,270.0,0.214,0.0,0.0,0.0257,0.0042,0.0427,-0.0284,0.0032,0.1327,0.0,0.0,0.0,0.0,no_change,0.0,,0.0,0.0,339.815,2026-09-28 18:44:43,2026-09-28 14:45:04
AAPL,AAPL261012C00375000,AAPL,2026-10-12,C,375.0,0.01,102.0,0.23,293.0,0.2396,0.0,0.0,0.0146,0.0025,0.0267,-0.0178,0.0018,0.0721,0.0,0.0,0.0,0.0,no_change,0.0,,0.0,0.0,339.815,2026-09-28 18:44:43,2026-09-28 14:45:04
AAPL,AAPL261012C00380000,AAPL,2026-10-12,C,380.0,0.01,60.0,0.2,358.0,0.2619,0.0,10.0,0.0092,0.0016,0.018,-0.0124,0.0011,0.0453,0.09,0.1,0.1,0.09,down,0.09,2026-09-28T09:30:08,0.0,0.0,339.815,2026-09-28 18:44:43,2026-09-28 14:45:04
AAPL,AAPL261012C00385000,AAPL,2026-10-12,C,385.0,0.0,0.0,0.62,456.0,0.341,0.0,1.0,0.0066,0.0011,0.0135,-0.0097,0.0008,0.0334,0.02,0.02,0.02,0.02,up,0.02,2026-09-28T09:56:54,0.0,0.0,339.815,2026-09-28 18:44:43,2026-09-28 14:45:04
AAPL,AAPL261012C00390000,AAPL,2026-10-12,C,390.0,0.0,0.0,2.02,495.0,0.467,0.0,0.0,0.0053,0.0008,0.011,-0.0084,0.0006,0.0277,0.0,0.0,0.0,0.0,no_change,0.0,,0.0,0.0,339.815,2026-09-28 18:44:43,2026-09-28 14:45:04
AAPL,AAPL261012C00395000,AAPL,2026-10-12,C,395.0,0.0,0.0,2.02,492.0,0.4998,0.0,0.0,0.0045,0.0007,0.0095,-0.0077,0.0006,0.0247,0.0,0.0,0.0,0.0,no_change,0.0,,0.0,0.0,339.815,2026-09-28 18:44:43,2026-09-28 14:45:04
AAPL,AAPL261012C00400000,AAPL,2026-10-12,C,400.0,0.0,0.0,2.02,490.0,0.5317,0.0,0.0,0.0039,0.0006,0.0084,-0.0073,0.0005,0.0228,0.0,0.0,0.0,0.0,no_change,0.0,,0.0,0.0,339.815,2026-09-28 18:44:43,2026-09-28 14:45:04
AAPL,AAPL261012C00405000,AAPL,2026-10-12,C,405.0,0.0,0.0,2.13,486.0,0.5693,0.0,0.0,0.0035,0.0005,0.0076,-0.007,0.0004,0.0215,0.0,0.0,0.0,0.0,no_change,0.0,,0.0,0.0,339.815,2026-09-28 18:44:43,2026-09-28 14:45:04
AAPL,AAPL261012C00410000,AAPL,2026-10-12,C,410.0,0.0,0.0,2.13,486.0,0.5999,0.0,0.0,0.0032,0.0004,0.0069,-0.0068,0.0004,0.0204,0.0,0.0,0.0,0.0,no_change,0.0,,0.0,0.0,339.815,2026-09-28 18:44:43,2026-09-28 14:45:04
AAPL,AAPL261012C00415000,AAPL,2026-10-12,C,415.0,0.0,0.0,2.13,242.0,0.6298,0.0,0.0,0.0029,0.0004,0.0064,-0.0066,0.0004,0.0194,0.0,0.0,0.0,0.0,no_change,0.0,,0.0,0.0,339.815,2026-09-28 18:44:43,2026-09-28 14:45:04
AAPL,AAPL261012P00270000,AAPL,2026-10-12,P,270.0,0.01,6.0,0.06,111.0,0.4497,0.0,70.0,-0.0044,0.0004,0.0088,-0.0122,-0.0006,0.0402,0.01,0.01,0.02,0.01,no_change,0.01,2026-09-28T13:59:26,0.0,0.0,339.815,2026-09-28 18:44:43,2026-09-28 14:45:04
AAPL,AAPL261012P00275000,AAPL,2026-10-12,P,275.0,0.01,60.0,0.06,71.0,0.4173,0.0,104.0,-0.0053,0.0005,0.0105,-0.0137,-0.0007,0.0468,0.03,0.01,0.23,0.01,down,0.03,2026-09-28T14:03:15,0.0,0.0,339.815,2026-09-28 18:44:43,2026-09-28 14:45:04
AAPL,AAPL261012P00280000,AAPL,2026-10-12,P,280.0,0.01,60.0,0.12,161.0,0.4133,0.0,22.0,-0.0065,0.0007,0.0127,-0.0157,-0.0008,0.0555,0.03,0.02,0.45,0.02,down,0.03,2026-09-28T09:39:24,0.0,0.0,339.815,2026-09-28 18:44:43,2026-09-28 14:45:04
AAPL,AAPL261012P00285000,AAPL,2026-10-12,P,285.0,0.02,58.0,0.15,180.0,0.3926,0.0,4.0,-0.0082,0.0009,0.0156,-0.0182,-0.001,0.0672,0.04,0.02,0.09,0.02,down,0.04,2026-09-28T12:07:54,0.0,0.0,339.815,2026-09-28 18:44:43,2026-09-28 14:45:04
AAPL,AAPL261012P00290000,AAPL,2026-10-12,P,290.0,0.02,106.0,0.35,344.0,0.3998,0.0,1.0,-0.0105,0.0012,0.0194,-0.0215,-0.0013,0.0837,0.23,0.23,0.23,0.23,up,0.23,2026-09-28T09:39:35,0.0,0.0,339.815,2026-09-28 18:44:43,2026-09-28 14:45:04
AAPL,AAPL261012P00295000,AAPL,2026-10-12,P,295.0,0.02,147.0,0.28,351.0,0.3515,0.0,1.0,-0.014,0.0016,0.0248,-0.0259,-0.0018,0.1073,0.09,0.09,0.09,0.09,up,0.09,2026-09-28T09:55:00,0.0,0.0,339.815,2026-09-28 18:44:43,2026-09-28 14:45:04
AAPL,AAPL261012P00300000,AAPL,2026-10-12,P,300.0,0.01,229.0,0.26,308.0,0.3108,0.0,62.0,-0.019,0.0022,0.0323,-0.032,-0.0024,0.1424,0.08,0.1,0.26,0.08,down,0.08,2026-09-28T11:44:19,0.0,0.0,339.815,2026-09-28 18:44:43,2026-09-28 14:45:04
AAPL,AAPL261012P00305000,AAPL,2026-10-12,P,305.0,0.01,362.0,0.33,246.0,0.2856,0.0,0.0,-0.0269,0.0032,0.0431,-0.0405,-0.0034,0.1973,0.0,0.0,0.0,0.0,no_change,0.0,,0.0,0.0,339.815,2026-09-28 18:44:43,2026-09-28 14:45:04
AAPL,AAPL261012P00310000,AAPL,2026-10-12,P,310.0,0.17,190.0,0.46,273.0,0.2785,0.0,0.0,-0.0396,0.0046,0.0591,-0.0528,-0.005,0.2885,0.0,0.0,0.0,0.0,no_change,0.0,,0.0,0.0,339.815,2026-09-28 18:44:43,2026-09-28 14:45:04
AAPL,AAPL261012P00315000,AAPL,2026-10-12,P,315.0,0.4,40.0,0.47,37.0,0.2558,0.0,6.0,-0.0608,0.007,0.0827,-0.071,-0.0077,0.4487,0.43,0.43,0.43,0.4,up,0.43,2026-09-28T14:17:59,0.0,0.0,339.815,2026-09-28 18:44:43,2026-09-28 14:45:04
AAPL,AAPL261012P00320000,AAPL,2026-10-12,P,320.0,0.63,35.0,0.86,57.0,0.2448,0.0,13.0,-0.0963,0.0104,0.1167,-0.0969,-0.0121,0.7371,0.8,1.0,1.0,0.63,no_change,0.8,2026-09-28T10:59:34,0.0,0.0,339.815,2026-09-28 18:44:43,2026-09-28 14:45:04
AAPL,AAPL261012P00325000,AAPL,2026-10-12,P,325.0,1.11,36.0,1.46,66.0,0.236,0.0,71.0,-0.1526,0.0151,0.1597,-0.1299,-0.019,1.2447,1.27,1.15,1.28,1.14,down,1.27,2026-09-28T13:57:59,0.0,0.0,339.815,2026-09-28 18:44:43,2026-09-28 14:45:04
AAPL,AAPL261012P00330000,AAPL,2026-10-12,P,330.0,1.87,60.0,2.39,117.0,0.226,0.0,24.0,-0.2367,0.0206,0.2075,-0.1659,-0.0288,2.109,2.08,1.82,2.08,1.82,up,2.08,2026-09-28T13:27:34,0.0,0.0,339.815,2026-09-28 18:44:43,2026-09-28 14:45:04
AAPL,AAPL261012P00335000,AAPL,2026-10-12,P,335.0,3.2,64.0,3.85,148.0,0.2201,0.0,10.0,-0.3495,0.0255,0.2476,-0.1952,-0.0412,3.4812,3.52,2.98,3.7,2.98,down,3.52,2026-09-28T14:26:07,0.0,0.0,339.815,2026-09-28 18:44:43,2026-09-28 14:45:04
AAPL,AAPL261012P00340000,AAPL,2026-10-12,P,340.0,5.45,2.0,5.8,109.0,0.2178,0.0,62.0,-0.4844,0.0284,0.2656,-0.2071,-0.0545,5.5032,5.35,4.96,5.65,4.41,down,5.35,2026-09-28T14:14:58,0.0,0.0,339.815,2026-09-28 18:44:43,2026-09-28 14:45:04
AAPL,AAPL261012P00345000,AAPL,2026-10-12,P,345.0,7.95,50.0,9.0,105.0,0.2179,0.0,6.0,-0.6262,0.0278,0.2525,-0.1952,-0.0655,8.2591,8.47,8.75,8.75,8.47,down,8.47,2026-09-28T14:26:07,0.0,0.0,339.815,2026-09-28 18:44:43,2026-09-28 14:45:04
AAPL,AAPL261012P00350000,AAPL,2026-10-12,P,350.0,11.5,19.0,12.3,88.0,0.2147,0.0,1.0,-0.7563,0.0241,0.21,-0.1633,-0.0698,11.7376,11.9,11.9,11.9,11.9,up,11.9,2026-09-28T13:27:55,0.0,0.0,339.815,2026-09-28 18:44:43,2026-09-28 14:45:04
AAPL,AAPL261012P00355000,AAPL,2026-10-12,P,355.0,14.1,311.0,17.4,66.0,0.2003,0.0,0.0,-0.8608,0.0186,0.1502,-0.1229,-0.0652,15.8313,0.0,0.0,0.0,0.0,no_change,0.0,,0.0,0.0,339.815,2026-09-28 18:44:43,2026-09-28 14:45:04
AAPL,AAPL261012P00360000,AAPL,2026-10-12,P,360.0,18.8,154.0,21.85,60.0,0.2001,0.0,8.0,-0.9348,0.0132,0.0866,-0.0838,-0.0483,20.377,19.89,20.56,20.69,19.89,no_change,19.89,2026-09-28T11:09:23,0.0,0.0,339.815,2026-09-28 18:44:43,2026-09-28 14:45:04
AAPL,AAPL261012P00365000,AAPL,2026-10-12,P,365.0,23.5,131.0,27.05,16.0,0.2266,0.0,0.0,-0.981,0.0075,0.0286,-0.0552,-0.0164,25.2123,0.0,0.0,0.0,0.0,no_change,0.0,,0.0,0.0,339.815,2026-09-28 18:44:43,2026-09-28 14:45:04
AAPL,AAPL261012P00370000,AAPL,2026-10-12,P,370.0,28.45,128.0,32.1,8.0,0.2601,0.0,0.0,-0.9983,0.0013,0.0045,-0.0476,0.0,30.185,0.0,0.0,0.0,0.0,no_change,0.0,,0.0,0.0,339.815,2026-09-28 18:44:43,2026-09-28 14:45:04
AAPL,AAPL261012P00375000,AAPL,2026-10-12,P,375.0,33.45,129.0,37.05,2.0,0.2863,0.0,0.0,-1.0,0.0,0.0,-0.048,0.0,35.185,0.0,0.0,0.0,0.0,no_change,0.0,,0.0,0.0,339.815,2026-09-28 18:44:43,2026-09-28 14:45:04
AAPL,AAPL261012P00380000,AAPL,2026-10-12,P,380.0,38.45,129.0,42.1,6.0,0.3235,0.0,0.0,-1.0,0.0,0.0,-0.048,0.0,40.185,0.0,0.0,0.0,0.0,no_change,0.0,,0.0,0.0,339.815,2026-09-28 18:44:43,2026-09-28 14:45:04
AAPL,AAPL261012P00385000,AAPL,2026-10-12,P,385.0,43.45,128.0,47.1,8.0,0.3538,0.0,0.0,-1.0,0.0,0.0,-0.048,0.0,45.185,0.0,0.0,0.0,0.0,no_change,0.0,,0.0,0.0,339.815,2026-09-28 18:44:43,2026-09-28 14:45:04
AAPL,AAPL261012P00390000,AAPL,2026-10-12,P,390.0,48.45,115.0,52.05,9.0,0.3761,0.0,0.0,-1.0,0.0,0.0,-0.048,0.0,50.185,0.0,0.0,0.0,0.0,no_change,0.0,,0.0,0.0,339.815,2026-09-28 18:44:43,2026-09-28 14:45:04
AAPL,AAPL261012P00395000,AAPL,2026-10-12,P,395.0,53.45,115.0,57.05,8.0,0.4045,0.0,0.0,-1.0,0.0,0.0,-0.048,0.0,55.185,0.0,0.0,0.0,0.0,no_change,0.0,,0.0,0.0,339.815,2026-09-28 18:44:43,2026-09-28 14:45:04
AAPL,AAPL261012P00400000,AAPL,2026-10-12,P,400.0,58.45,128.0,62.1,8.0,0.4403,0.0,0.0,-1.0,0.0,0.0,-0.048,0.0,60.185,0.0,0.0,0.0,0.0,no_change,0.0,,0.0,0.0,339.815,2026-09-28 18:44:43,2026-09-28 14:45:04
AAPL,AAPL261012P00405000,AAPL,2026-10-12,P,405.0,63.45,129.0,67.0,6.0,0.4458,0.0,0.0,-1.0,0.0,0.0,-0.048,0.0,65.185,0.0,0.0,0.0,0.0,no_change,0.0,,0.0,0.0,339.815,2026-09-28 18:44:43,2026-09-28 14:45:04
AAPL,AAPL261012P00410000,AAPL,2026-10-12,P,410.0,68.45,129.0,72.05,8.0,0.4858,0.0,0.0,-1.0,0.0,0.0,-0.048,0.0,70.185,0.0,0.0,0.0,0.0,no_change,0.0,,0.0,0.0,339.815,2026-09-28 18:44:43,2026-09-28 14:45:04
AAPL,AAPL261012P00415000,AAPL,2026-10-12,P,415.0,73.45,114.0,77.0,3.0,0.4971,0.0,0.0,-1.0,0.0,0.0,-0.048,0.0,75.185,0.0,0.0,0.0,0.0,no_change,0.0,,0.0,0.0,339.815,2026-09-28 18:44:43,2026-09-28 14:45:04
AAPL,AAPL261016C00130000,AAPL,2026-10-16,C,130.0,209.05,83.0,211.6,87.0,1.7773,37.0,0.0,1.0,0.0,0.0001,0.0,0.071,210.1318,0.0,0.0,0.0,0.0,down,209.5,2026-09-25T12:55:01,0.0,210.725006103516,339.815,2026-09-28 18:44:43,2026-09-28 14:45:04
AAPL,AAPL261016C00135000,AAPL,2026-10-16,C,135.0,203.95,87.0,207.15,86.0,1.88,61.0,0.0,1.0,0.0,0.0001,0.0,0.0737,205.1442,0.0,0.0,0.0,0.0,up,190.63,2026-09-01T10:53:41,0.0,205.774993896484,339.815,2026-09-28 18:44:43,2026-09-28 14:45:04
AAPL,AAPL261016C00140000,AAPL,2026-10-16,C,140.0,198.95,129.0,201.6,128.0,1.56,994.0,0.0,0.9999,0.0,0.0002,0.0,0.0765,200.1567,0.0,0.0,0.0,0.0,down,198.9,2026-09-23T11:14:57,0.0,200.774993896484,339.815,2026-09-28 18:44:43,2026-09-28 14:45:04
AAPL,AAPL261016C00145000,AAPL,2026-10-16,C,145.0,193.9,90.0,196.9,80.0,1.6224,19.0,0.0,0.9999,0.0,0.0002,0.0,0.0792,195.1693,0.0,0.0,0.0,0.0,up,192.66,2026-09-21T11:08:16,0.0,195.899993896484,339.815,2026-09-28 18:44:43,2026-09-28 14:45:04
AAPL,AAPL261016C00150000,AAPL,2026-10-16,C,150.0,189.2,101.0,191.65,84.0,1.5727,12.0,0.0,0.9999,0.0,0.0003,0.0,0.0819,190.1819,0.0,0.0,0.0,0.0,no_change,191.13,2026-09-25T15:47:49,0.0,190.724998474121,339.815,2026-09-28 18:44:43,2026-09-28 14:45:04
AAPL,AAPL261016C00155000,AAPL,2026-10-16,C,155.0,184.2,88.0,186.65,161.0,1.5046,64.0,0.0,0.9999,0.0,0.0004,0.0,0.0846,185.1945,0.0,0.0,0.0,0.0,up,180.28,2026-09-14T12:59:57,0.0,185.900001525879,339.815,2026-09-28 18:44:43,2026-09-28 14:45:04
AAPL,AAPL261016C00160000,AAPL,2026-10-16,C,160.0,179.2,270.0,181.65,233.0,1.4386,230.0,1.0,0.9998,0.0,0.0004,0.0,0.0874,180.2073,0.425,181.25,181.25,181.25,up,181.25,2026-09-28T12:50:44,0.235036,180.824996948242,339.815,2026-09-28 18:44:43,2026-09-28 14:45:04
AAPL,AAPL261016C00165000,AAPL,2026-10-16,C,165.0,174.2,174.0,176.65,165.0,1.3746,82.0,0.0,0.9998,0.0,0.0005,0.0,0.0901,175.22,0.0,0.0,0.0,0.0,up,170.4,2026-09-11T11:52:43,0.0,175.875,339.815,2026-09-28 18:44:43,2026-09-28 14:45:04
AAPL,AAPL261016C00170000,AAPL,2026-10-16,C,170.0,168.95,90.0,171.7,79.0,1.2094,63.0,0.0,0.9998,0.0,0.0006,0.0,0.0928,170.2329,0.0,0.0,0.0,0.0,down,147.03,2026-09-08T15:55:28,0.0,170.900001525879,339.815,2026-09-28 18:44:43,2026-09-28 14:45:04
AAPL,AAPL261016C00175000,AAPL,2026-10-16,C,175.0,163.95,90.0,166.7,88.0,1.1455,25.0,0.0,0.9997,0.0,0.0007,0.0,0.0955,165.2458,0.0,0.0,0.0,0.0,up,139.72,2026-08-07T10:29:26,0.0,165.974998474121,339.815,2026-09-28 18:44:43,2026-09-28 14:45:04
AAPL,AAPL261016C00180000,AAPL,2026-10-16,C,180.0,159.25,76.0,161.7,76.0,1.2314,95.0,0.0,0.9997,0.0,0.0009,0.0,0.0983,160.2589,0.0,0.0,0.0,0.0,no_change,161.21,2026-09-22T14:50:43,0.0,160.925003051758,339.815,2026-09-28 18:44:43,2026-09-28 14:45:04
AAPL,AAPL261016C00185000,AAPL,2026-10-16,C,185.0,154.0,90.0,156.7,87.0,1.0571,34.0,0.0,0.9996,0.0,0.001,0.0,0.101,155.272,0.0,0.0,0.0,0.0,down,130.39,2026-08-20T15:28:29,0.0,155.900001525879,339.815,2026-09-28 18:44:43,2026-09-28 14:45:04
AAPL,AAPL261016C00190000,AAPL,2026-10-16,C,190.0,149.0,88.0,151.75,86.0,1.0299,52.0,0.0,0.9996,0.0,0.0012,0.0,0.1037,150.2852,0.0,0.0,0.0,0.0,up,148.13,2026-09-24T15:14:52,0.0,151.0,339.815,2026-09-28 18:44:43,2026-09-28 14:45:04
AAPL,AAPL261016C00195000,AAPL,2026-10-16,C,195.0,144.3,271.0,146.75,226.0,1.0977,215.0,0.0,0.9995,0.0,0.0014,0.0,0.1064,145.2985,0.0,0.0,0.0,0.0,up,145.9,2026-09-25T14:38:13,0.0,145.525001525879,339.815,2026-09-28 18:44:43,2026-09-28 14:45:04
AAPL,AAPL261016C00200000,AAPL,2026-10-16,C,200.0,139.3,266.0,141.75,220.0,1.0451,285.0,0.0,0.9994,0.0,0.0016,0.0,0.1091,140.312,0.0,0.0,0.0,0.0,down,139.43,2026-09-21T14:20:16,0.0,141.424995422363,339.815,2026-09-28 18:44:43,2026-09-28 14:45:04
AAPL,AAPL261016C00205000,AAPL,2026-10-16,C,205.0,134.35,270.0,136.75,289.0,1.0084,817.0,0.0,0.9993,0.0,0.0019,0.0,0.1118,135.3256,0.0,0.0,0.0,0.0,no_change,139.03,2026-09-22T11:48:07,0.0,136.025001525879,339.815,2026-09-28 18:44:43,2026-09-28 14:45:04
AAPL,AAPL261016C00210000,AAPL,2026-10-16,C,210.0,129.05,333.0,131.8,267.0,0.8673,472.0,1.0,0.9992,0.0,0.0022,0.0,0.1146,130.3393,-0.705,130.12,130.12,130.12,up,130.12,2026-09-28T10:55:22,-0.538886,130.824996948242,339.815,2026-09-28 18:44:43,2026-09-28 14:45:04
AAPL,AAPL261016C00215000,AAPL,2026-10-16,C,215.0,124.3,267.0,126.8,230.0,0.9095,456.0,0.0,0.999,0.0001,0.0025,0.0,0.1172,125.3532,0.0,0.0,0.0,0.0,up,125.75,2026-09-25T13:33:24,0.0,126.049999237061,339.815,2026-09-28 18:44:43,2026-09-28 14:45:04
AAPL,AAPL261016C00220000,AAPL,2026-10-16,C,220.0,119.35,260.0,121.8,216.0,0.8752,871.0,0.0,0.9988,0.0001,0.0029,0.0,0.12,120.3673,0.0,0.0,0.0,0.0,up,117.87,2026-09-24T15:00:40,0.0,121.049999237061,339.815,2026-09-28 18:44:43,2026-09-28 14:45:04
AAPL,AAPL261016C00225000,AAPL,2026-10-16,C,225.0,114.35,266.0,116.8,250.0,0.8286,427.0,1.0,0.9987,0.0001,0.0034,0.0,0.1226,115.3816,-0.675,115.55,115.55,115.55,down,115.55,2026-09-28T11:00:16,-0.580769,116.224998474121,339.815,2026-09-28 18:44:43,2026-09-28 14:45:04
AAPL,AAPL261016C00230000,AAPL,2026-10-16,C,230.0,109.35,267.0,111.85,215.0,0.7954,627.0,0.0,0.9984,0.0001,0.0039,0.0,0.1253,110.3962,0.0,0.0,0.0,0.0,up,111.0,2026-09-25T14:54:51,0.0,110.825000762939,339.815,2026-09-28 18:44:43,2026-09-28 14:45:04
AAPL,AAPL261016C00235000,AAPL,2026-10-16,C,235.0,104.2,323.0,106.75,261.0,0.6719,342.0,17.0,0.9982,0.0001,0.0045,0.0,0.128,105.4112,0.4,106.1,106.1,106.1,up,106.1,2026-09-28T12:45:23,0.378429,105.700000762939,339.815,2026-09-28 18:44:43,2026-09-28 14:45:04
AAPL,AAPL261016C00240000,AAPL,2026-10-16,C,240.0,99.4,267.0,101.85,213.0,0.7184,570.0,2.0,0.9979,0.0002,0.0052,0.0,0.1307,100.4265,1.57,102.67,102.67,102.67,no_change,102.67,2026-09-28T10:20:31,1.55292,101.100002288818,339.815,2026-09-28 18:44:43,2026-09-28 14:45:04
AAPL,AAPL261016C00245000,AAPL,2026-10-16,C,245.0,94.3,267.0,96.9,226.0,0.6641,349.0,9.0,0.9975,0.0002,0.006,0.0,0.1334,95.4424,-0.195,96.64,96.64,95.68,down,95.68,2026-09-28T13:11:12,-0.20339,95.875,339.815,2026-09-28 18:44:43,2026-09-28 14:45:04
AAPL,AAPL261016C00250000,AAPL,2026-10-16,C,250.0,89.5,261.0,91.65,207.0,0.6096,1374.0,0.0,0.997,0.0002,0.007,0.0,0.136,90.459,0.0,0.0,0.0,0.0,up,91.99,2026-09-25T15:54:43,0.0,90.9500007629394,339.815,2026-09-28 18:44:43,2026-09-28 14:45:04
AAPL,AAPL261016C00255000,AAPL,2026-10-16,C,255.0,84.45,265.0,86.9,225.0,0.6123,1063.0,0.0,0.9965,0.0003,0.0082,0.0,0.1386,85.4765,0.0,0.0,0.0,0.0,no_change,83.0,2026-09-24T14:05:59,0.0,85.7999992370606,339.815,2026-09-28 18:44:43,2026-09-28 14:45:04
AAPL,AAPL261016C00260000,AAPL,2026-10-16,C,260.0,79.45,319.0,81.9,261.0,0.5718,1492.0,5.0,0.9958,0.0004,0.0097,0.0,0.1412,80.4952,-0.575,82.32,82.6,80.54,down,80.65,2026-09-28T13:29:34,-0.707908,81.2249984741211,339.815,2026-09-28 18:44:43,2026-09-28 14:45:04
AAPL,AAPL261016C00265000,AAPL,2026-10-16,C,265.0,74.35,268.0,76.8,229.0,0.4883,933.0,12.0,0.9949,0.0004,0.0116,-0.0018,0.1438,75.5157,-0.205,75.8,75.8,75.62,no_change,75.62,2026-09-28T14:21:43,-0.270355,75.8249969482422,339.815,2026-09-28 18:44:43,2026-09-28 14:45:04
AAPL,AAPL261016C00270000,AAPL,2026-10-16,C,270.0,69.25,330.0,71.95,260.0,0.4623,1493.0,18.0,0.9937,0.0006,0.0139,-0.0044,0.1463,70.5384,-0.2,71.8,71.8,70.91,up,71.0,2026-09-28T13:18:29,-0.2809,71.2000007629394,339.815,2026-09-28 18:44:43,2026-09-28 14:45:04
AAPL,AAPL261016C00275000,AAPL,2026-10-16,C,275.0,64.7,264.0,65.8,6.0,0.0,1573.0,0.0,0.9922,0.0007,0.0169,-0.0074,0.1488,65.5642,0.0,0.0,0.0,0.0,down,65.75,2026-09-25T15:32:11,0.0,66.1500015258789,339.815,2026-09-28 18:44:43,2026-09-28 14:45:04
AAPL,AAPL261016C00280000,AAPL,2026-10-16,C,280.0,60.0,226.0,60.8,66.0,0.0,2117.0,12.0,0.9901,0.0009,0.0208,-0.011,0.1511,60.5945,-0.535,60.2,60.85,60.13,up,60.84,2026-09-28T14:16:51,-0.87169,61.375,339.815,2026-09-28 18:44:43,2026-09-28 14:45:04
AAPL,AAPL261016C00285000,AAPL,2026-10-16,C,285.0,55.1,181.0,56.3,221.0,0.3883,1766.0,5.0,0.9873,0.0012,0.0258,-0.0154,0.1533,55.6311,-0.655,57.89,58.15,55.72,up,55.92,2026-09-28T14:26:52,-1.15775,56.5749988555908,339.815,2026-09-28 18:44:43,2026-09-28 14:45:04
AAPL,AAPL261016C00290000,AAPL,2026-10-16,C,290.0,50.2,207.0,51.15,87.0,0.3439,2866.0,22.0,0.9834,0.0016,0.0324,-0.0208,0.1553,50.6766,-1.0,52.6,53.14,50.3,up,50.55,2026-09-28T13:57:40,-1.93986,51.5499992370606,339.815,2026-09-28 18:44:43,2026-09-28 14:45:04
AAPL,AAPL261016C00295000,AAPL,2026-10-16,C,295.0,45.5,93.0,46.0,102.0,0.3293,2115.0,13.0,0.978,0.0021,0.0413,-0.0274,0.157,45.7353,0.35,47.75,47.75,46.9,down,46.9,2026-09-28T12:44:24,0.751877,46.5500011444092,339.815,2026-09-28 18:44:43,2026-09-28 14:45:04
AAPL,AAPL261016C00300000,AAPL,2026-10-16,C,300.0,40.7,61.0,40.9,18.0,0.3045,14189.0,65.0,0.9702,0.0029,0.053,-0.0357,0.1583,40.814,-0.85,42.59,43.52,40.55,up,41.05,2026-09-28T14:17:11,-2.02864,41.8999996185303,339.815,2026-09-28 18:44:43,2026-09-28 14:45:04
AAPL,AAPL261016C00305000,AAPL,2026-10-16,C,305.0,35.8,69.0,36.0,64.0,0.286,6765.0,74.0,0.9588,0.004,0.0689,-0.0464,0.1589,35.9246,-1.04,37.31,38.25,35.35,no_change,35.96,2026-09-28T14:06:22,-2.81081,37.0,339.815,2026-09-28 18:44:43,2026-09-28 14:45:04
AAPL,AAPL261016C00310000,AAPL,2026-10-16,C,310.0,30.95,42.0,31.2,75.0,0.2721,10036.0,20.0,0.9418,0.0056,0.0906,-0.0603,0.1584,31.0887,0.85,33.14,33.43,31.0,up,33.0,2026-09-28T12:26:47,2.64386,32.1499996185303,339.815,2026-09-28 18:44:43,2026-09-28 14:45:04
AAPL,AAPL261016C00312500,AAPL,2026-10-16,C,312.5,27.8,106.0,29.25,52.0,0.2472,41.0,2.0,0.9302,0.0066,0.1041,-0.0688,0.1576,28.7015,-1.33,29.67,29.67,28.42,down,28.42,2026-09-28T14:29:34,-4.47059,29.75,339.815,2026-09-28 18:44:43,2026-09-28 14:45:04
AAPL,AAPL261016C00315000,AAPL,2026-10-16,C,315.0,26.2,47.0,26.4,23.0,0.2555,7727.0,77.0,0.9158,0.0078,0.1196,-0.0784,0.1562,26.3434,-1.085,27.3,29.18,26.11,down,26.34,2026-09-28T14:26:44,-3.95624,27.4249992370605,339.815,2026-09-28 18:44:43,2026-09-28 14:45:04
AAPL,AAPL261016C00317500,AAPL,2026-10-16,C,317.5,23.8,24.0,24.55,32.0,0.264,59.0,0.0,0.8982,0.0092,0.1374,-0.0892,0.1542,24.0225,0.0,0.0,0.0,0.0,up,24.95,2026-09-25T15:43:17,0.0,24.75,339.815,2026-09-28 18:44:43,2026-09-28 14:45:04
AAPL,AAPL261016C00320000,AAPL,2026-10-16,C,320.0,21.55,156.0,21.85,57.0,0.2438,8431.0,192.0,0.8766,0.0109,0.1571,-0.1012,0.1514,21.7491,-1.055,23.72,24.35,21.7,down,21.72,2026-09-28T14:24:47,-4.63227,22.7749996185303,339.815,2026-09-28 18:44:43,2026-09-28 14:45:04
AAPL,AAPL261016C00322500,AAPL,2026-10-16,C,322.5,19.35,85.0,19.9,230.0,0.2468,16.0,22.0,0.8505,0.0127,0.1787,-0.1142,0.1478,19.5349,-0.625,20.61,20.65,19.45,up,19.6,2026-09-28T14:13:48,-3.09024,20.2250003814697,339.815,2026-09-28 18:44:43,2026-09-28 14:45:04
AAPL,AAPL261016C00325000,AAPL,2026-10-16,C,325.0,17.2,156.0,17.45,12.0,0.2335,8661.0,298.0,0.8193,0.0146,0.2014,-0.1276,0.1432,17.3932,-0.96,18.96,19.9,17.15,down,17.44,2026-09-28T14:26:44,-5.21739,18.3999996185303,339.815,2026-09-28 18:44:43,2026-09-28 14:45:04
AAPL,AAPL261016C00327500,AAPL,2026-10-16,C,327.5,15.15,58.0,15.7,130.0,0.2365,32.0,11.0,0.7827,0.0166,0.2243,-0.1411,0.1375,15.3386,-0.675,16.9,17.14,15.35,down,15.35,2026-09-28T14:12:12,-4.21217,16.0249996185303,339.815,2026-09-28 18:44:43,2026-09-28 14:45:04
AAPL,AAPL261016C00330000,AAPL,2026-10-16,C,330.0,13.15,293.0,13.8,442.0,0.2324,14597.0,1183.0,0.7406,0.0186,0.2466,-0.1539,0.1307,13.3862,-1.35,14.07,15.87,13.2,no_change,13.2,2026-09-28T13:57:31,-9.27835,14.5500001907349,339.815,2026-09-28 18:44:43,2026-09-28 14:45:04
AAPL,AAPL261016C00332500,AAPL,2026-10-16,C,332.5,11.4,208.0,11.85,404.0,0.2282,99.0,36.0,0.6932,0.0205,0.2668,-0.1651,0.1228,11.5507,-0.495,13.57,13.57,11.81,up,11.88,2026-09-28T13:17:24,-4.0,12.375,339.815,2026-09-28 18:44:43,2026-09-28 14:45:04
AAPL,AAPL261016C00335000,AAPL,2026-10-16,C,335.0,9.7,411.0,9.95,76.0,0.2216,12395.0,324.0,0.6408,0.0221,0.2834,-0.174,0.114,9.8461,-0.97,10.28,12.15,9.65,down,9.83,2026-09-28T14:25:44,-8.98148,10.7999997138977,339.815,2026-09-28 18:44:43,2026-09-28 14:45:04
AAPL,AAPL261016C00337500,AAPL,2026-10-16,C,337.5,8.15,197.0,8.5,462.0,0.2209,2621.0,149.0,0.5845,0.0234,0.2952,-0.1798,0.1043,8.2844,-0.85,8.66,10.4,8.2,down,8.3,2026-09-28T14:25:41,-9.28962,9.15000009536743,339.815,2026-09-28 18:44:43,2026-09-28 14:45:04
AAPL,AAPL261016C00340000,AAPL,2026-10-16,C,340.0,6.8,459.0,6.95,58.0,0.2171,106915.0,3046.0,0.5254,0.0241,0.3012,-0.1819,0.094,6.8748,-0.815,7.7,8.85,6.73,up,6.91,2026-09-28T14:28:03,-10.5502,7.72500014305115,339.815,2026-09-28 18:44:43,2026-09-28 14:45:04
AAPL,AAPL261016C00342500,AAPL,2026-10-16,C,342.5,5.55,192.0,5.75,446.0,0.2158,678.0,678.0,0.4648,0.0243,0.3007,-0.1798,0.0834,5.6229,-0.675,6.2,7.42,5.6,up,5.75,2026-09-28T14:25:48,-10.5058,6.42499995231628,339.815,2026-09-28 18:44:43,2026-09-28 14:45:04
AAPL,AAPL261016C00345000,AAPL,2026-10-16,C,345.0,4.5,86.0,4.6,105.0,0.2137,29035.0,3182.0,0.4045,0.0239,0.2935,-0.1737,0.0727,4.5303,-0.725,5.0,6.2,4.4,down,4.55,2026-09-28T14:29:30,-13.7441,5.27499985694885,339.815,2026-09-28 18:44:43,2026-09-28 14:45:04
AAPL,AAPL261016C00347500,AAPL,2026-10-16,C,347.5,3.5,277.0,3.7,531.0,0.2116,1573.0,111.0,0.3459,0.023,0.2798,-0.1639,0.0622,3.5943,-0.475,4.1,4.94,3.55,up,3.75,2026-09-28T14:12:42,-11.2426,4.22500014305115,339.815,2026-09-28 18:44:43,2026-09-28 14:45:04
AAPL,AAPL261016C00350000,AAPL,2026-10-16,C,350.0,2.75,513.0,2.84,82.0,0.2095,33505.0,4261.0,0.2905,0.0215,0.2606,-0.1509,0.0523,2.808,-0.64,3.2,4.06,2.71,down,2.76,2026-09-28T14:29:24,-18.8235,3.39999997615814,339.815,2026-09-28 18:44:43,2026-09-28 14:45:04
AAPL,AAPL261016C00352500,AAPL,2026-10-16,C,352.5,2.07,664.0,2.28,463.0,0.2095,1293.0,722.0,0.2397,0.0196,0.2372,-0.1357,0.0432,2.1608,-0.37,2.8,3.15,2.23,down,2.29,2026-09-28T13:11:24,-13.9098,2.6599999666214,339.815,2026-09-28 18:44:43,2026-09-28 14:45:04
AAPL,AAPL261016C00355000,AAPL,2026-10-16,C,355.0,1.6,545.0,1.67,175.0,0.2079,10511.0,978.0,0.1944,0.0174,0.2111,-0.1192,0.035,1.639,-0.415,1.97,2.55,1.58,up,1.64,2026-09-28T14:29:24,-20.1946,2.05499994754791,339.815,2026-09-28 18:44:43,2026-09-28 14:45:04
AAPL,AAPL261016C00357500,AAPL,2026-10-16,C,357.5,1.17,629.0,1.3,678.0,0.208,690.0,346.0,0.155,0.0151,0.1837,-0.1025,0.028,1.227,-0.35,1.57,1.95,1.18,up,1.24,2026-09-28T14:12:19,-22.0126,1.58999997377396,339.815,2026-09-28 18:44:43,2026-09-28 14:45:04
AAPL,AAPL261016C00360000,AAPL,2026-10-16,C,360.0,0.88,406.0,0.92,82.0,0.2071,56356.0,4903.0,0.1213,0.0128,0.1563,-0.0861,0.0218,0.9039,-0.31,1.13,1.5,0.87,down,0.88,2026-09-28T14:28:52,-26.0504,1.18999999761581,339.815,2026-09-28 18:44:43,2026-09-28 14:45:04
AAPL,AAPL261016C00365000,AAPL,2026-10-16,C,365.0,0.46,477.0,0.51,427.0,0.2083,8884.0,704.0,0.072,0.0087,0.1078,-0.058,0.0129,0.4825,-0.17,0.61,0.84,0.47,no_change,0.49,2026-09-28T14:10:00,-25.7576,0.659999996423721,339.815,2026-09-28 18:44:43,2026-09-28 14:45:04
AAPL,AAPL261016C00370000,AAPL,2026-10-16,C,370.0,0.24,494.0,0.27,226.0,0.2105,10248.0,965.0,0.0416,0.0056,0.071,-0.0376,0.0075,0.2568,-0.115,0.37,0.46,0.25,up,0.26,2026-09-28T13:42:10,-30.6667,0.375,339.815,2026-09-28 18:44:43,2026-09-28 14:45:04
AAPL,AAPL261016C00375000,AAPL,2026-10-16,C,375.0,0.13,357.0,0.16,532.0,0.2164,5519.0,688.0,0.0243,0.0035,0.0461,-0.0242,0.0043,0.1408,-0.04,0.2,0.23,0.13,down,0.14,2026-09-28T13:48:35,-22.2222,0.179999999701977,339.815,2026-09-28 18:44:43,2026-09-28 14:45:04
AAPL,AAPL261016C00380000,AAPL,2026-10-16,C,380.0,0.08,137.0,0.09,326.0,0.2235,6557.0,153.0,0.0148,0.0022,0.0306,-0.0162,0.0026,0.0831,-0.035,0.12,0.14,0.08,no_change,0.08,2026-09-28T13:30:25,-30.4348,0.114999998360872,339.815,2026-09-28 18:44:43,2026-09-28 14:45:04
AAPL,AAPL261016C00385000,AAPL,2026-10-16,C,385.0,0.04,219.0,0.06,355.0,0.2302,3593.0,59.0,0.0099,0.0015,0.0217,-0.0118,0.0018,0.055,-0.02,0.09,0.09,0.05,down,0.05,2026-09-28T13:15:16,-28.5714,0.0699999984353781,339.815,2026-09-28 18:44:43,2026-09-28 14:45:04
AAPL,AAPL261016C00390000,AAPL,2026-10-16,C,390.0,0.03,101.0,0.06,416.0,0.2481,9590.0,35.0,0.0072,0.0011,0.0165,-0.0093,0.0013,0.0408,-0.045,0.07,0.07,0.03,no_change,0.03,2026-09-28T14:16:50,-60.0,0.0750000011175871,339.815,2026-09-28 18:44:43,2026-09-28 14:45:04
AAPL,AAPL261016C00395000,AAPL,2026-10-16,C,395.0,0.03,5.0,0.05,320.0,0.2649,732.0,5.0,0.0057,0.0008,0.0134,-0.008,0.001,0.0333,0.0,0.03,0.04,0.03,up,0.04,2026-09-28T10:38:35,-9.31323e-08,0.0400000000372529,339.815,2026-09-28 18:44:43,2026-09-28 14:45:04
AAPL,AAPL261016C00400000,AAPL,2026-10-16,C,400.0,0.02,204.0,0.05,307.0,0.2805,11464.0,68.0,0.0048,0.0007,0.0114,-0.0072,0.0008,0.0289,-0.01,0.02,0.04,0.02,down,0.02,2026-09-28T13:03:28,-33.3333,0.0299999993294477,339.815,2026-09-28 18:44:43,2026-09-28 14:45:04
AAPL,AAPL261016C00405000,AAPL,2026-10-16,C,405.0,0.02,2.0,0.05,96.0,0.2993,593.0,0.0,0.0042,0.0006,0.0101,-0.0067,0.0007,0.0262,0.0,0.0,0.0,0.0,down,0.04,2026-09-25T10:25:39,0.0,0.0299999993294477,339.815,2026-09-28 18:44:43,2026-09-28 14:45:04
AAPL,AAPL261016C00410000,AAPL,2026-10-16,C,410.0,0.01,22.0,0.03,30.0,0.3009,3315.0,1.0,0.0037,0.0005,0.009,-0.0063,0.0006,0.0242,0.005,0.03,0.03,0.03,up,0.03,2026-09-28T14:07:58,20.0,0.0249999994412065,339.815,2026-09-28 18:44:43,2026-09-28 14:45:04
AAPL,AAPL261016C00415000,AAPL,2026-10-16,C,415.0,0.01,30.0,0.03,46.0,0.3184,63.0,2.0,0.0033,0.0004,0.0082,-0.006,0.0006,0.0227,-0.03,0.08,0.08,0.01,down,0.01,2026-09-28T14:09:04,-75.0,0.0400000000372529,339.815,2026-09-28 18:44:43,2026-09-28 14:45:04
AAPL,AAPL261016C00420000,AAPL,2026-10-16,C,420.0,0.01,20.0,0.02,15.0,0.3269,696.0,1.0,0.003,0.0004,0.0075,-0.0058,0.0005,0.0214,-0.01,0.01,0.01,0.01,down,0.01,2026-09-28T11:31:37,-50.0,0.0199999995529652,339.815,2026-09-28 18:44:43,2026-09-28 14:45:04
AAPL,AAPL261016C00425000,AAPL,2026-10-16,C,425.0,0.0,0.0,0.1,573.0,0.3865,200.0,15.0,0.0028,0.0003,0.0069,-0.0056,0.0005,0.0203,-0.005,0.01,0.01,0.01,down,0.01,2026-09-28T14:08:04,-33.3333,0.0149999996647239,339.815,2026-09-28 18:44:43,2026-09-28 14:45:04
AAPL,AAPL261016C00430000,AAPL,2026-10-16,C,430.0,0.0,0.0,0.02,40.0,0.3474,824.0,0.0,0.0026,0.0003,0.0064,-0.0054,0.0004,0.0193,0.0,0.0,0.0,0.0,down,0.02,2026-09-23T10:00:30,0.0,0.0799999982118606,339.815,2026-09-28 18:44:43,2026-09-28 14:45:04
AAPL,AAPL261016C00435000,AAPL,2026-10-16,C,435.0,0.0,0.0,0.15,698.0,0.4412,2059.0,0.0,0.0024,0.0002,0.0059,-0.0052,0.0004,0.0184,0.0,0.0,0.0,0.0,down,0.02,2026-09-17T09:30:04,0.0,0.0750000029802322,339.815,2026-09-28 18:44:43,2026-09-28 14:45:04
AAPL,AAPL261016C00440000,AAPL,2026-10-16,C,440.0,0.0,0.0,0.02,20.0,0.3784,362.0,0.0,0.0022,0.0002,0.0055,-0.005,0.0004,0.0176,0.0,0.0,0.0,0.0,no_change,0.06,2026-09-16T14:40:16,0.0,0.0299999993294477,339.815,2026-09-28 18:44:43,2026-09-28 14:45:04
AAPL,AAPL261016C00450000,AAPL,2026-10-16,C,450.0,0.0,0.0,0.1,10.0,0.4732,3335.0,0.0,0.0019,0.0002,0.0048,-0.0047,0.0003,0.016,0.0,0.0,0.0,0.0,down,0.01,2026-09-14T14:25:30,0.0,0.0500000007450581,339.815,2026-09-28 18:44:43,2026-09-28 14:45:04
AAPL,AAPL261016C00460000,AAPL,2026-10-16,C,460.0,0.0,0.0,0.52,559.0,0.6142,1046.0,0.0,0.0017,0.0001,0.0042,-0.0044,0.0003,0.0147,0.0,0.0,0.0,0.0,down,0.01,2026-09-18T15:36:27,0.0,0.254999995231628,339.815,2026-09-28 18:44:43,2026-09-28 14:45:04
AAPL,AAPL261016C00470000,AAPL,2026-10-16,C,470.0,0.0,0.0,0.52,588.0,0.6511,183.0,1.0,0.0014,0.0001,0.0037,-0.0041,0.0002,0.0134,-0.25,0.01,0.01,0.01,no_change,0.01,2026-09-28T09:48:09,-96.1538,0.259999990463257,339.815,2026-09-28 18:44:43,2026-09-28 14:45:04
AAPL,AAPL261016C00480000,AAPL,2026-10-16,C,480.0,0.0,0.0,0.06,10.0,0.5417,1070.0,0.0,0.0013,0.0001,0.0033,-0.0038,0.0002,0.0122,0.0,0.0,0.0,0.0,no_change,0.03,2026-09-22T13:11:12,0.0,0.0299999993294477,339.815,2026-09-28 18:44:43,2026-09-28 14:45:04
AAPL,AAPL261016C00490000,AAPL,2026-10-16,C,490.0,0.0,0.0,0.1,5.0,0.599,81.0,0.0,0.0011,0.0001,0.003,-0.0035,0.0002,0.0112,0.0,0.0,0.0,0.0,down,0.01,2026-09-09T09:52:11,0.0,0.0500000007450581,339.815,2026-09-28 18:44:43,2026-09-28 14:45:04
AAPL,AAPL261016C00500000,AAPL,2026-10-16,C,500.0,0.0,0.0,0.06,11.0,0.5989,173.0,0.0,0.001,0.0001,0.0026,-0.0033,0.0002,0.0102,0.0,0.0,0.0,0.0,no_change,0.01,2026-09-25T14:50:56,0.0,0.0299999993294477,339.815,2026-09-28 18:44:43,2026-09-28 14:45:04
AAPL,AAPL261016C00510000,AAPL,2026-10-16,C,510.0,0.0,0.0,0.31,585.0,0.7405,11.0,491.0,0.0009,0.0001,0.0024,-0.0031,0.0001,0.0093,0.005,0.01,0.01,0.01,no_change,0.01,2026-09-28T11:39:09,100.0,0.00499999988824129,339.815,2026-09-28 18:44:43,2026-09-28 14:45:04
AAPL,AAPL261016C00520000,AAPL,2026-10-16,C,520.0,0.0,0.0,0.52,451.0,0.8204,5.0,0.0,0.0008,0.0001,0.0021,-0.0028,0.0001,0.0085,0.0,0.0,0.0,0.0,up,0.27,2026-09-24T10:42:50,0.0,0.259999990463257,339.815,2026-09-28 18:44:43,2026-09-28 14:45:04
AAPL,AAPL261016C00530000,AAPL,2026-10-16,C,530.0,0.0,0.0,0.52,248.0,0.8516,4.0,0.0,0.0007,0.0,0.0019,-0.0026,0.0001,0.0078,0.0,0.0,0.0,0.0,down,0.03,2026-08-19T11:26:52,0.0,0.259999990463257,339.815,2026-09-28 18:44:43,2026-09-28 14:45:04
AAPL,AAPL261016C00540000,AAPL,2026-10-16,C,540.0,0.0,0.0,0.23,553.0,0.8031,8.0,493.0,0.0006,0.0,0.0017,-0.0024,0.0001,0.0071,0.005,0.01,0.01,0.01,no_change,0.01,2026-09-28T11:39:09,100.0,0.00499999988824129,339.815,2026-09-28 18:44:43,2026-09-28 14:45:04
AAPL,AAPL261016C00550000,AAPL,2026-10-16,C,550.0,0.0,0.0,0.52,249.0,0.9118,12.0,0.0,0.0006,0.0,0.0016,-0.0023,0.0001,0.0065,0.0,0.0,0.0,0.0,down,0.03,2026-08-19T11:26:59,0.0,0.259999990463257,339.815,2026-09-28 18:44:43,2026-09-28 14:45:04
AAPL,AAPL261016C00560000,AAPL,2026-10-16,C,560.0,0.0,0.0,0.52,327.0,0.9408,5.0,0.0,0.0005,0.0,0.0014,-0.0021,0.0001,0.006,0.0,0.0,0.0,0.0,down,0.03,2026-08-19T11:27:05,0.0,0.254999995231628,339.815,2026-09-28 18:44:43,2026-09-28 14:45:04
AAPL,AAPL261016C00570000,AAPL,2026-10-16,C,570.0,0.0,0.0,0.01,4.0,0.6789,14.0,0.0,0.0005,0.0,0.0013,-0.002,0.0001,0.0055,0.0,0.0,0.0,0.0,down,0.03,2026-07-28T14:24:12,0.0,0.00499999988824129,339.815,2026-09-28 18:44:43,2026-09-28 14:45:04
AAPL,AAPL261016C00580000,AAPL,2026-10-16,C,580.0,0.0,0.0,0.13,457.0,0.8595,35.0,6.0,0.0004,0.0,0.0012,-0.0018,0.0001,0.005,-0.245,0.01,0.01,0.01,no_change,0.01,2026-09-28T14:07:06,-96.0784,0.254999995231628,339.815,2026-09-28 18:44:43,2026-09-28 14:45:04
AAPL,AAPL261016C00590000,AAPL,2026-10-16,C,590.0,0.0,0.0,0.05,11.0,0.8123,107.0,0.0,0.0004,0.0,0.001,-0.0017,0.0001,0.0046,0.0,0.0,0.0,0.0,no_change,0.01,2026-09-11T12:18:34,0.0,0.0399999991059303,339.815,2026-09-28 18:44:43,2026-09-28 14:45:04
AAPL,AAPL261016C00600000,AAPL,2026-10-16,C,600.0,0.0,0.0,0.01,1.0,0.7405,74.0,0.0,0.0003,0.0,0.001,-0.0016,0.0001,0.0042,0.0,0.0,0.0,0.0,no_change,0.02,2026-09-21T11:49:56,0.0,0.00499999988824129,339.815,2026-09-28 18:44:43,2026-09-28 14:45:04
AAPL,AAPL261016P00130000,AAPL,2026-10-16,P,130.0,0.0,0.0,0.52,314.0,1.8411,66.0,0.0,0.0,0.0,0.0001,-0.0003,0.0,0.0006,0.0,0.0,0.0,0.0,no_change,0.02,2026-08-11T09:49:18,0.0,0.259999990463257,339.815,2026-09-28 18:44:43,2026-09-28 14:45:04
AAPL,AAPL261016P00135000,AAPL,2026-10-16,P,135.0,0.0,0.0,0.52,282.0,1.7733,70.0,0.0,0.0,0.0,0.0001,-0.0003,0.0,0.0008,0.0,0.0,0.0,0.0,up,0.05,2026-07-16T13:24:05,0.0,0.259999990463257,339.815,2026-09-28 18:44:43,2026-09-28 14:45:04
AAPL,AAPL261016P00140000,AAPL,2026-10-16,P,140.0,0.0,0.0,0.02,10.0,1.2462,618.0,0.0,-0.0001,0.0,0.0002,-0.0004,0.0,0.001,0.0,0.0,0.0,0.0,no_change,0.01,2026-09-09T11:36:41,0.0,0.00999999977648258,339.815,2026-09-28 18:44:43,2026-09-28 14:45:04
AAPL,AAPL261016P00145000,AAPL,2026-10-16,P,145.0,0.0,0.0,0.04,10.0,1.2668,397.0,0.0,-0.0001,0.0,0.0002,-0.0005,0.0,0.0013,0.0,0.0,0.0,0.0,no_change,0.02,2026-09-14T15:11:27,0.0,0.0199999995529652,339.815,2026-09-28 18:44:43,2026-09-28 14:45:04
AAPL,AAPL261016P00150000,AAPL,2026-10-16,P,150.0,0.0,0.0,0.02,10.0,1.1534,440.0,0.0,-0.0001,0.0,0.0003,-0.0006,0.0,0.0016,0.0,0.0,0.0,0.0,no_change,0.01,2026-09-16T13:07:41,0.0,0.00999999977648258,339.815,2026-09-28 18:44:43,2026-09-28 14:45:04
AAPL,AAPL261016P00155000,AAPL,2026-10-16,P,155.0,0.0,0.0,0.06,11.0,1.2141,172.0,0.0,-0.0001,0.0,0.0004,-0.0008,0.0,0.002,0.0,0.0,0.0,0.0,no_change,0.01,2026-09-14T14:32:54,0.0,0.0299999993294477,339.815,2026-09-28 18:44:43,2026-09-28 14:45:04
AAPL,AAPL261016P00160000,AAPL,2026-10-16,P,160.0,0.0,0.0,0.02,10.0,1.0665,485.0,0.0,-0.0001,0.0,0.0004,-0.0009,0.0,0.0025,0.0,0.0,0.0,0.0,no_change,0.01,2026-09-23T15:32:54,0.0,0.00999999977648258,339.815,2026-09-28 18:44:43,2026-09-28 14:45:04
AAPL,AAPL261016P00165000,AAPL,2026-10-16,P,165.0,0.0,0.0,0.52,389.0,1.4131,226.0,0.0,-0.0002,0.0,0.0005,-0.0011,0.0,0.003,0.0,0.0,0.0,0.0,up,0.05,2026-09-15T13:07:31,0.0,0.259999990463257,339.815,2026-09-28 18:44:43,2026-09-28 14:45:04
AAPL,AAPL261016P00170000,AAPL,2026-10-16,P,170.0,0.0,0.0,0.04,1.0,1.0416,461.0,0.0,-0.0002,0.0,0.0006,-0.0013,0.0,0.0036,0.0,0.0,0.0,0.0,down,0.02,2026-09-25T14:47:58,0.0,0.0199999995529652,339.815,2026-09-28 18:44:43,2026-09-28 14:45:04
AAPL,AAPL261016P00175000,AAPL,2026-10-16,P,175.0,0.0,0.0,0.04,1.0,1.0005,625.0,0.0,-0.0003,0.0,0.0007,-0.0015,0.0,0.0043,0.0,0.0,0.0,0.0,up,0.03,2026-09-18T11:18:09,0.0,0.0199999995529652,339.815,2026-09-28 18:44:43,2026-09-28 14:45:04
AAPL,AAPL261016P00180000,AAPL,2026-10-16,P,180.0,0.0,0.0,0.04,1.0,0.9605,427.0,0.0,-0.0003,0.0,0.0009,-0.0018,-0.0001,0.005,0.0,0.0,0.0,0.0,down,0.02,2026-09-16T12:12:11,0.0,0.0199999995529652,339.815,2026-09-28 18:44:43,2026-09-28 14:45:04
AAPL,AAPL261016P00185000,AAPL,2026-10-16,P,185.0,0.0,0.0,0.05,1.0,0.9396,902.0,0.0,-0.0004,0.0,0.001,-0.002,-0.0001,0.0059,0.0,0.0,0.0,0.0,no_change,0.01,2026-09-23T14:55:52,0.0,0.025000000372529,339.815,2026-09-28 18:44:43,2026-09-28 14:45:04
AAPL,AAPL261016P00190000,AAPL,2026-10-16,P,190.0,0.0,0.0,0.01,9.0,0.7926,1662.0,0.0,-0.0004,0.0,0.0012,-0.0023,-0.0001,0.0068,0.0,0.0,0.0,0.0,no_change,0.01,2026-09-24T15:41:18,0.0,0.0199999995529652,339.815,2026-09-28 18:44:43,2026-09-28 14:45:04
AAPL,AAPL261016P00195000,AAPL,2026-10-16,P,195.0,0.0,0.0,0.02,10.0,0.7996,386.0,0.0,-0.0005,0.0,0.0014,-0.0026,-0.0001,0.0079,0.0,0.0,0.0,0.0,no_change,0.01,2026-09-25T15:14:31,0.0,0.0149999996647239,339.815,2026-09-28 18:44:43,2026-09-28 14:45:04
AAPL,AAPL261016P00200000,AAPL,2026-10-16,P,200.0,0.01,4.0,0.04,185.0,0.8267,1127.0,135.0,-0.0006,0.0,0.0016,-0.0029,-0.0001,0.0091,-0.005,0.01,0.02,0.01,no_change,0.02,2026-09-28T12:35:17,-20.0,0.0249999994412065,339.815,2026-09-28 18:44:43,2026-09-28 14:45:04
AAPL,AAPL261016P00205000,AAPL,2026-10-16,P,205.0,0.01,4.0,0.05,324.0,0.804,1920.0,1.0,-0.0007,0.0,0.0019,-0.0033,-0.0001,0.0104,-0.005,0.03,0.03,0.03,down,0.03,2026-09-28T10:10:19,-14.2857,0.034999999217689,339.815,2026-09-28 18:44:43,2026-09-28 14:45:04
AAPL,AAPL261016P00210000,AAPL,2026-10-16,P,210.0,0.01,60.0,0.05,303.0,0.7684,3249.0,4.0,-0.0008,0.0,0.0022,-0.0037,-0.0001,0.0119,0.03,0.05,0.05,0.05,no_change,0.05,2026-09-28T14:28:45,150.0,0.0199999995529652,339.815,2026-09-28 18:44:43,2026-09-28 14:45:04
AAPL,AAPL261016P00215000,AAPL,2026-10-16,P,215.0,0.0,0.0,0.1,434.0,0.771,3381.0,10.0,-0.001,0.0001,0.0026,-0.0041,-0.0002,0.0135,-0.01,0.03,0.03,0.03,no_change,0.03,2026-09-28T11:09:56,-25.0,0.0399999991059303,339.815,2026-09-28 18:44:43,2026-09-28 14:45:04
AAPL,AAPL261016P00220000,AAPL,2026-10-16,P,220.0,0.0,0.0,0.04,42.0,0.6741,3289.0,41.0,-0.0011,0.0001,0.0029,-0.0046,-0.0002,0.0154,0.005,0.01,0.03,0.01,up,0.03,2026-09-28T12:27:13,20.0,0.025000000372529,339.815,2026-09-28 18:44:43,2026-09-28 14:45:04
AAPL,AAPL261016P00225000,AAPL,2026-10-16,P,225.0,0.01,2.0,0.03,10.0,0.6418,1766.0,0.0,-0.0013,0.0001,0.0034,-0.0051,-0.0002,0.0174,0.0,0.0,0.0,0.0,no_change,0.05,2026-09-25T10:49:58,0.0,0.0550000006332994,339.815,2026-09-28 18:44:43,2026-09-28 14:45:04
AAPL,AAPL261016P00230000,AAPL,2026-10-16,P,230.0,0.01,3.0,0.04,1.0,0.6227,4521.0,0.0,-0.0016,0.0001,0.0039,-0.0056,-0.0003,0.0198,0.0,0.0,0.0,0.0,up,0.03,2026-09-25T15:59:34,0.0,0.0249999994412065,339.815,2026-09-28 18:44:43,2026-09-28 14:45:04
AAPL,AAPL261016P00235000,AAPL,2026-10-16,P,235.0,0.0,0.0,0.06,5.0,0.6013,6695.0,17.0,-0.0018,0.0001,0.0045,-0.0062,-0.0003,0.0225,-0.005,0.02,0.04,0.02,no_change,0.03,2026-09-28T14:03:43,-14.2857,0.0350000001490116,339.815,2026-09-28 18:44:43,2026-09-28 14:45:04
AAPL,AAPL261016P00240000,AAPL,2026-10-16,P,240.0,0.02,9.0,0.04,1.0,0.5698,6567.0,4.0,-0.0021,0.0002,0.0052,-0.0069,-0.0004,0.0256,-0.005,0.02,0.02,0.02,no_change,0.02,2026-09-28T13:08:16,-20.0,0.0249999994412065,339.815,2026-09-28 18:44:43,2026-09-28 14:45:04
AAPL,AAPL261016P00245000,AAPL,2026-10-16,P,245.0,0.01,6.0,0.04,1.0,0.5295,4931.0,5.0,-0.0025,0.0002,0.006,-0.0077,-0.0004,0.0292,0.015,0.02,0.04,0.02,no_change,0.04,2026-09-28T11:49:39,60.0,0.0249999994412065,339.815,2026-09-28 18:44:43,2026-09-28 14:45:04
AAPL,AAPL261016P00250000,AAPL,2026-10-16,P,250.0,0.01,375.0,0.05,208.0,0.5084,7668.0,21.0,-0.003,0.0002,0.007,-0.0086,-0.0005,0.0335,0.005,0.04,0.09,0.02,up,0.04,2026-09-28T12:05:26,14.2857,0.0350000001490116,339.815,2026-09-28 18:44:43,2026-09-28 14:45:04
AAPL,AAPL261016P00255000,AAPL,2026-10-16,P,255.0,0.03,3.0,0.08,359.0,0.5096,8518.0,5.0,-0.0035,0.0003,0.0082,-0.0097,-0.0006,0.0388,-0.04,0.1,0.1,0.03,down,0.03,2026-09-28T10:24:49,-57.1429,0.0699999993667006,339.815,2026-09-28 18:44:43,2026-09-28 14:45:04
AAPL,AAPL261016P00260000,AAPL,2026-10-16,P,260.0,0.04,5.0,0.05,101.0,0.4682,6948.0,2.0,-0.0042,0.0004,0.0097,-0.011,-0.0007,0.0454,0.0,0.04,0.04,0.04,no_change,0.04,2026-09-28T10:10:55,2.23517e-06,0.0399999991059303,339.815,2026-09-28 18:44:43,2026-09-28 14:45:04
AAPL,AAPL261016P00265000,AAPL,2026-10-16,P,265.0,0.04,148.0,0.06,335.0,0.4432,3618.0,27.0,-0.0051,0.0004,0.0116,-0.0126,-0.0009,0.0535,0.0,0.05,0.05,0.04,no_change,0.05,2026-09-28T13:56:42,2.23517e-06,0.0499999988824129,339.815,2026-09-28 18:44:43,2026-09-28 14:45:04
AAPL,AAPL261016P00270000,AAPL,2026-10-16,P,270.0,0.05,110.0,0.06,171.0,0.4177,8619.0,46.0,-0.0063,0.0006,0.0139,-0.0144,-0.0011,0.0641,0.0,0.05,0.06,0.04,up,0.06,2026-09-28T13:58:34,-8.69234e-07,0.0600000005215406,339.815,2026-09-28 18:44:43,2026-09-28 14:45:04
AAPL,AAPL261016P00275000,AAPL,2026-10-16,P,275.0,0.06,136.0,0.08,222.0,0.399,5639.0,86.0,-0.0079,0.0007,0.017,-0.0168,-0.0014,0.0778,-0.015,0.05,0.08,0.05,down,0.06,2026-09-28T14:00:57,-20.0,0.0749999992549419,339.815,2026-09-28 18:44:43,2026-09-28 14:45:04
AAPL,AAPL261016P00280000,AAPL,2026-10-16,P,280.0,0.09,75.0,0.11,171.0,0.3856,13614.0,73.0,-0.01,0.0009,0.0209,-0.0197,-0.0017,0.096,0.0,0.1,0.1,0.07,no_change,0.09,2026-09-28T14:01:22,1.65568e-07,0.0899999998509884,339.815,2026-09-28 18:44:43,2026-09-28 14:45:04
AAPL,AAPL261016P00285000,AAPL,2026-10-16,P,285.0,0.11,107.0,0.13,113.0,0.3635,7037.0,47.0,-0.0128,0.0012,0.026,-0.0234,-0.0022,0.1205,-0.015,0.12,0.14,0.09,down,0.1,2026-09-28T13:55:03,-13.0435,0.114999998360872,339.815,2026-09-28 18:44:43,2026-09-28 14:45:04
AAPL,AAPL261016P00290000,AAPL,2026-10-16,P,290.0,0.16,25.0,0.18,338.0,0.3496,9469.0,109.0,-0.0167,0.0016,0.0325,-0.0281,-0.0029,0.1537,0.01,0.18,0.18,0.13,no_change,0.16,2026-09-28T14:02:59,6.66667,0.149999998509884,339.815,2026-09-28 18:44:43,2026-09-28 14:45:04
AAPL,AAPL261016P00295000,AAPL,2026-10-16,P,295.0,0.19,311.0,0.22,381.0,0.3264,11909.0,630.0,-0.0222,0.0021,0.0416,-0.0341,-0.0038,0.201,0.0,0.2,0.23,0.17,no_change,0.2,2026-09-28T14:23:01,-1.49012e-06,0.200000002980232,339.815,2026-09-28 18:44:43,2026-09-28 14:45:04
AAPL,AAPL261016P00300000,AAPL,2026-10-16,P,300.0,0.27,55.0,0.29,224.0,0.3098,26485.0,516.0,-0.03,0.0029,0.0534,-0.0417,-0.0052,0.2673,0.005,0.28,0.31,0.23,up,0.28,2026-09-28T14:23:32,1.81818,0.275000005960464,339.815,2026-09-28 18:44:43,2026-09-28 14:45:04
AAPL,AAPL261016P00305000,AAPL,2026-10-16,P,305.0,0.35,510.0,0.39,211.0,0.29,10813.0,114.0,-0.0416,0.004,0.0694,-0.0519,-0.0072,0.3678,-0.01,0.34,0.41,0.31,up,0.36,2026-09-28T13:46:23,-2.7027,0.370000004768372,339.815,2026-09-28 18:44:43,2026-09-28 14:45:04
AAPL,AAPL261016P00310000,AAPL,2026-10-16,P,310.0,0.51,143.0,0.53,96.0,0.2734,13128.0,1382.0,-0.0589,0.0057,0.0911,-0.0653,-0.01,0.5217,0.0,0.5,0.59,0.42,up,0.52,2026-09-28T14:16:13,3.66798e-06,0.519999980926514,339.815,2026-09-28 18:44:43,2026-09-28 14:45:04
AAPL,AAPL261016P00312500,AAPL,2026-10-16,P,312.5,0.6,176.0,0.64,62.0,0.2651,246.0,306.0,-0.0707,0.0067,0.1051,-0.0736,-0.0119,0.6301,-0.02,0.55,0.68,0.53,up,0.63,2026-09-28T13:51:21,-3.07692,0.650000005960464,339.815,2026-09-28 18:44:43,2026-09-28 14:45:04
AAPL,AAPL261016P00315000,AAPL,2026-10-16,P,315.0,0.74,129.0,0.78,159.0,0.2585,9750.0,1068.0,-0.0853,0.0079,0.1207,-0.083,-0.0144,0.7677,-0.015,0.89,0.89,0.62,down,0.75,2026-09-28T14:18:25,-1.96078,0.764999985694885,339.815,2026-09-28 18:44:43,2026-09-28 14:45:04
AAPL,AAPL261016P00317500,AAPL,2026-10-16,P,317.5,0.9,400.0,0.95,138.0,0.2514,362.0,30.0,-0.1032,0.0094,0.1385,-0.0937,-0.0173,0.9438,0.0,0.91,1.05,0.78,down,0.94,2026-09-28T14:16:15,2.53637e-07,0.939999997615814,339.815,2026-09-28 18:44:43,2026-09-28 14:45:04
AAPL,AAPL261016P00320000,AAPL,2026-10-16,P,320.0,1.13,175.0,1.16,1.0,0.2459,12564.0,3051.0,-0.1246,0.011,0.1586,-0.1053,-0.0206,1.1621,0.005,1.22,1.27,0.92,no_change,1.15,2026-09-28T14:28:52,0.436683,1.14499998092651,339.815,2026-09-28 18:44:43,2026-09-28 14:45:04
AAPL,AAPL261016P00322500,AAPL,2026-10-16,P,322.5,1.38,632.0,1.52,693.0,0.242,589.0,160.0,-0.1511,0.0128,0.1793,-0.1181,-0.0251,1.4452,0.07,1.26,1.49,1.14,no_change,1.48,2026-09-28T14:02:32,4.96454,1.41000002622604,339.815,2026-09-28 18:44:43,2026-09-28 14:45:04
AAPL,AAPL261016P00325000,AAPL,2026-10-16,P,325.0,1.77,182.0,1.85,199.0,0.2373,5625.0,881.0,-0.1827,0.0148,0.2023,-0.1314,-0.0299,1.802,0.025,1.85,1.97,1.4,down,1.8,2026-09-28T14:25:28,1.40845,1.77499997615814,339.815,2026-09-28 18:44:43,2026-09-28 14:45:04
AAPL,AAPL261016P00327500,AAPL,2026-10-16,P,327.5,2.22,98.0,2.36,324.0,0.2346,636.0,102.0,-0.2198,0.0168,0.2259,-0.1448,-0.0353,2.2465,0.005,2.15,2.43,1.76,down,2.23,2026-09-28T14:20:11,0.224723,2.22499990463257,339.815,2026-09-28 18:44:43,2026-09-28 14:45:04
AAPL,AAPL261016P00330000,AAPL,2026-10-16,P,330.0,2.79,59.0,2.85,63.0,0.2299,11294.0,1828.0,-0.2625,0.0189,0.2482,-0.1576,-0.0422,2.7939,0.11,2.7,3.04,2.19,up,2.85,2026-09-28T14:28:44,4.0146,2.74000000953674,339.815,2026-09-28 18:44:43,2026-09-28 14:45:04
AAPL,AAPL261016P00332500,AAPL,2026-10-16,P,332.5,3.4,249.0,3.55,98.0,0.2259,528.0,293.0,-0.3107,0.0208,0.2675,-0.1688,-0.0489,3.4617,0.1,3.37,3.75,2.68,down,3.5,2026-09-28T14:18:00,2.94118,3.39999997615814,339.815,2026-09-28 18:44:43,2026-09-28 14:45:04
AAPL,AAPL261016P00335000,AAPL,2026-10-16,P,335.0,4.15,219.0,4.4,170.0,0.2227,8537.0,6042.0,-0.364,0.0225,0.2841,-0.1777,-0.0566,4.2624,0.1,3.95,4.6,3.4,down,4.25,2026-09-28T14:15:18,2.40964,4.14999985694885,339.815,2026-09-28 18:44:43,2026-09-28 14:45:04
AAPL,AAPL261016P00337500,AAPL,2026-10-16,P,337.5,5.2,38.0,5.35,170.0,0.2218,10116.0,399.0,-0.4214,0.0238,0.2955,-0.1835,-0.064,5.2088,0.19,5.0,5.5,4.22,up,5.24,2026-09-28T14:19:34,3.76238,5.04999995231628,339.815,2026-09-28 18:44:43,2026-09-28 14:45:04
AAPL,AAPL261016P00340000,AAPL,2026-10-16,P,340.0,6.3,17.0,6.4,53.0,0.2184,4664.0,1729.0,-0.4818,0.0246,0.3008,-0.1856,-0.0709,6.3099,0.2,5.65,6.65,5.1,up,6.35,2026-09-28T14:27:54,3.25203,6.15000009536743,339.815,2026-09-28 18:44:43,2026-09-28 14:45:04
AAPL,AAPL261016P00342500,AAPL,2026-10-16,P,342.5,7.55,38.0,7.7,95.0,0.2167,410.0,163.0,-0.5437,0.0249,0.2987,-0.1836,-0.0771,7.5715,0.22,7.5,7.73,6.28,up,7.57,2026-09-28T14:12:30,2.9932,7.34999990463257,339.815,2026-09-28 18:44:43,2026-09-28 14:45:04
AAPL,AAPL261016P00345000,AAPL,2026-10-16,P,345.0,8.9,124.0,9.15,203.0,0.214,1142.0,1617.0,-0.6057,0.0246,0.2905,-0.1776,-0.083,8.9961,0.2,8.2,9.4,7.5,down,8.9,2026-09-28T14:17:51,2.29885,8.7000002861023,339.815,2026-09-28 18:44:43,2026-09-28 14:45:04
AAPL,AAPL261016P00347500,AAPL,2026-10-16,P,347.5,10.5,44.0,10.75,138.0,0.2129,19.0,3.0,-0.666,0.0237,0.2746,-0.1678,-0.0861,10.583,0.7,9.2,10.9,9.2,up,10.9,2026-09-28T11:02:12,6.86274,10.2000002861023,339.815,2026-09-28 18:44:43,2026-09-28 14:45:04
AAPL,AAPL261016P00350000,AAPL,2026-10-16,P,350.0,12.2,54.0,12.6,261.0,0.213,1432.0,106.0,-0.7233,0.0222,0.2532,-0.1549,-0.0883,12.3238,0.13,11.95,12.72,10.3,up,12.33,2026-09-28T14:12:30,1.06558,12.1999998092651,339.815,2026-09-28 18:44:43,2026-09-28 14:45:04
AAPL,AAPL261016P00352500,AAPL,2026-10-16,P,352.5,13.3,327.0,15.1,267.0,0.2085,91.0,0.0,-0.7762,0.0205,0.2272,-0.14,-0.088,14.2089,0.0,0.0,0.0,0.0,down,13.5,2026-09-25T15:59:09,0.0,13.9000000953674,339.815,2026-09-28 18:44:43,2026-09-28 14:45:04
AAPL,AAPL261016P00355000,AAPL,2026-10-16,P,355.0,15.6,312.0,16.7,110.0,0.2041,44.0,31.0,-0.824,0.0184,0.197,-0.1241,-0.0863,16.225,0.225,15.1,16.5,14.3,up,16.1,2026-09-28T13:20:00,1.41732,15.875,339.815,2026-09-28 18:44:43,2026-09-28 14:45:04
AAPL,AAPL261016P00357500,AAPL,2026-10-16,P,357.5,17.4,297.0,19.3,233.0,0.2071,12.0,0.0,-0.866,0.0163,0.1646,-0.108,-0.0776,18.3566,0.0,0.0,0.0,0.0,down,18.69,2026-09-25T12:28:19,0.0,18.0250005722046,339.815,2026-09-28 18:44:43,2026-09-28 14:45:04
AAPL,AAPL261016P00360000,AAPL,2026-10-16,P,360.0,19.85,287.0,21.2,209.0,0.2022,139.0,22.0,-0.9021,0.0141,0.1331,-0.0928,-0.0671,20.5866,-1.125,19.27,19.3,19.27,up,19.3,2026-09-28T09:32:19,-5.50796,20.4250001907349,339.815,2026-09-28 18:44:43,2026-09-28 14:45:04
AAPL,AAPL261016P00365000,AAPL,2026-10-16,P,365.0,24.7,180.0,26.05,162.0,0.2211,30.0,1.0,-0.9586,0.0104,0.0686,-0.0661,-0.0448,25.2845,-1.755,23.17,23.17,23.17,down,23.17,2026-09-28T10:11:40,-7.04112,24.9249992370605,339.815,2026-09-28 18:44:43,2026-09-28 14:45:04
AAPL,AAPL261016P00370000,AAPL,2026-10-16,P,370.0,29.0,169.0,31.05,118.0,0.0,1.0,22.0,-0.9905,0.0045,0.0208,-0.0502,-0.0051,30.1933,-1.295,28.65,28.68,28.65,up,28.68,2026-09-28T09:32:19,-4.32027,29.9750003814697,339.815,2026-09-28 18:44:43,2026-09-28 14:45:04
AAPL,AAPL261016P00375000,AAPL,2026-10-16,P,375.0,34.2,81.0,36.05,81.0,0.0,0.0,0.0,-0.9991,0.0006,0.0012,-0.0479,0.0,35.1846,0.0,0.0,0.0,0.0,no_change,41.76,2026-09-11T13:41:04,0.0,34.7250003814697,339.815,2026-09-28 18:44:43,2026-09-28 14:45:04
AAPL,AAPL261016P00380000,AAPL,2026-10-16,P,380.0,39.0,80.0,41.2,94.0,0.0,0.0,0.0,-1.0,0.0,0.0,-0.0479,0.0,40.1846,0.0,0.0,0.0,0.0,up,48.75,2026-07-30T10:10:28,0.0,39.8250007629394,339.815,2026-09-28 18:44:43,2026-09-28 14:45:04
AAPL,AAPL261016P00385000,AAPL,2026-10-16,P,385.0,44.0,168.0,46.2,162.0,0.0,0.0,6.0,-1.0,0.0,0.0,-0.0479,0.0,45.1846,-0.825,43.0,44.0,43.0,up,44.0,2026-09-28T10:34:28,-1.84049,44.8250007629394,339.815,2026-09-28 18:44:43,2026-09-28 14:45:04
AAPL,AAPL261016P00390000,AAPL,2026-10-16,P,390.0,49.0,80.0,51.3,80.0,0.0,0.0,0.0,-1.0,0.0,0.0,-0.0479,0.0,50.1846,0.0,0.0,0.0,0.0,down,51.75,2026-09-24T13:02:03,0.0,49.8250007629394,339.815,2026-09-28 18:44:43,2026-09-28 14:45:04
AAPL,AAPL261016P00395000,AAPL,2026-10-16,P,395.0,54.0,81.0,56.35,81.0,0.0,0.0,0.0,-1.0,0.0,0.0,-0.0479,0.0,55.1846,0.0,0.0,0.0,0.0,down,54.58,2026-09-25T15:16:29,0.0,54.6000003814697,339.815,2026-09-28 18:44:43,2026-09-28 14:45:04
AAPL,AAPL261016P00400000,AAPL,2026-10-16,P,400.0,59.0,159.0,61.35,171.0,0.0,21.0,1.0,-1.0,0.0,0.0,-0.0479,0.0,60.1846,0.85,60.5,60.5,60.5,up,60.5,2026-09-28T13:57:43,1.42498,59.6499996185303,339.815,2026-09-28 18:44:43,2026-09-28 14:45:04
AAPL,AAPL261016P00405000,AAPL,2026-10-16,P,405.0,64.0,81.0,66.15,81.0,0.0,0.0,0.0,-1.0,0.0,0.0,-0.0479,0.0,65.1846,0.0,0.0,0.0,0.0,up,66.77,2026-09-25T12:49:40,0.0,64.6999988555908,339.815,2026-09-28 18:44:43,2026-09-28 14:45:04
AAPL,AAPL261016P00410000,AAPL,2026-10-16,P,410.0,69.0,102.0,71.35,81.0,0.0,1.0,0.0,-1.0,0.0,0.0,-0.0479,0.0,70.1846,0.0,0.0,0.0,0.0,up,108.52,2026-08-12T15:46:25,0.0,69.8249969482422,339.815,2026-09-28 18:44:43,2026-09-28 14:45:04
AAPL,AAPL261016P00415000,AAPL,2026-10-16,P,415.0,74.0,81.0,76.35,81.0,0.0,0.0,0.0,-1.0,0.0,0.0,-0.0479,0.0,75.1846,0.0,0.0,0.0,0.0,up,113.54,2026-08-12T15:46:25,0.0,74.8249969482422,339.815,2026-09-28 18:44:43,2026-09-28 14:45:04
AAPL,AAPL261016P00420000,AAPL,2026-10-16,P,420.0,79.0,80.0,81.2,80.0,0.0,0.0,0.0,-1.0,0.0,0.0,-0.0479,0.0,80.1846,0.0,0.0,0.0,0.0,no_change,0.0,,0.0,79.8249969482422,339.815,2026-09-28 18:44:43,2026-09-28 14:45:04
AAPL,AAPL261016P00425000,AAPL,2026-10-16,P,425.0,84.0,81.0,86.35,81.0,0.0,0.0,0.0,-1.0,0.0,0.0,-0.0479,0.0,85.1846,0.0,0.0,0.0,0.0,no_change,0.0,,0.0,84.8249969482422,339.815,2026-09-28 18:44:43,2026-09-28 14:45:04
AAPL,AAPL261016P00430000,AAPL,2026-10-16,P,430.0,89.0,81.0,91.15,81.0,0.0,0.0,0.0,-1.0,0.0,0.0,-0.0479,0.0,90.1846,0.0,0.0,0.0,0.0,no_change,0.0,,0.0,89.5499992370606,339.815,2026-09-28 18:44:43,2026-09-28 14:45:04
AAPL,AAPL261016P00435000,AAPL,2026-10-16,P,435.0,93.85,88.0,96.3,78.0,0.0,0.0,0.0,-1.0,0.0,0.0,-0.0479,0.0,95.1846,0.0,0.0,0.0,0.0,no_change,0.0,,0.0,94.625,339.815,2026-09-28 18:44:43,2026-09-28 14:45:04
AAPL,AAPL261016P00440000,AAPL,2026-10-16,P,440.0,99.0,92.0,101.35,79.0,0.0,0.0,0.0,-1.0,0.0,0.0,-0.0479,0.0,100.1846,0.0,0.0,0.0,0.0,no_change,0.0,,0.0,99.625,339.815,2026-09-28 18:44:43,2026-09-28 14:45:04
AAPL,AAPL261016P00450000,AAPL,2026-10-16,P,450.0,109.0,77.0,111.35,91.0,0.0,0.0,0.0,-1.0,0.0,0.0,-0.0479,0.0,110.1846,0.0,0.0,0.0,0.0,no_change,0.0,,0.0,109.699996948242,339.815,2026-09-28 18:44:43,2026-09-28 14:45:04
AAPL,AAPL261016P00460000,AAPL,2026-10-16,P,460.0,119.0,81.0,121.1,81.0,0.0,0.0,0.0,-1.0,0.0,0.0,-0.0479,0.0,120.1846,0.0,0.0,0.0,0.0,no_change,0.0,,0.0,119.599998474121,339.815,2026-09-28 18:44:43,2026-09-28 14:45:04
AAPL,AAPL261016P00470000,AAPL,2026-10-16,P,470.0,129.0,100.0,131.35,100.0,0.0,0.0,0.0,-1.0,0.0,0.0,-0.0479,0.0,130.1846,0.0,0.0,0.0,0.0,no_change,0.0,,0.0,129.549999237061,339.815,2026-09-28 18:44:43,2026-09-28 14:45:04
AAPL,AAPL261016P00480000,AAPL,2026-10-16,P,480.0,139.0,80.0,141.35,80.0,0.0,0.0,0.0,-1.0,0.0,0.0,-0.0479,0.0,140.1846,0.0,0.0,0.0,0.0,no_change,0.0,,0.0,139.650001525879,339.815,2026-09-28 18:44:43,2026-09-28 14:45:04
AAPL,AAPL261016P00490000,AAPL,2026-10-16,P,490.0,149.0,88.0,151.05,79.0,0.0,0.0,0.0,-1.0,0.0,0.0,-0.0479,0.0,150.1846,0.0,0.0,0.0,0.0,no_change,0.0,,0.0,149.824996948242,339.815,2026-09-28 18:44:43,2026-09-28 14:45:04
AAPL,AAPL261016P00500000,AAPL,2026-10-16,P,500.0,159.0,98.0,161.35,98.0,0.0,0.0,0.0,-1.0,0.0,0.0,-0.0479,0.0,160.1846,0.0,0.0,0.0,0.0,no_change,0.0,,0.0,159.824996948242,339.815,2026-09-28 18:44:43,2026-09-28 14:45:04
AAPL,AAPL261016P00510000,AAPL,2026-10-16,P,510.0,169.0,80.0,171.25,80.0,0.0,0.0,0.0,-1.0,0.0,0.0,-0.0479,0.0,170.1846,0.0,0.0,0.0,0.0,no_change,0.0,,0.0,169.824996948242,339.815,2026-09-28 18:44:43,2026-09-28 14:45:04
AAPL,AAPL261016P00520000,AAPL,2026-10-16,P,520.0,179.0,81.0,181.3,81.0,0.0,0.0,0.0,-1.0,0.0,0.0,-0.0479,0.0,180.1846,0.0,0.0,0.0,0.0,no_change,0.0,,0.0,179.699996948242,339.815,2026-09-28 18:44:43,2026-09-28 14:45:04
AAPL,AAPL261016P00530000,AAPL,2026-10-16,P,530.0,189.0,97.0,191.35,97.0,0.0,0.0,0.0,-1.0,0.0,0.0,-0.0479,0.0,190.1846,0.0,0.0,0.0,0.0,no_change,0.0,,0.0,189.599998474121,339.815,2026-09-28 18:44:43,2026-09-28 14:45:04
AAPL,AAPL261016P00540000,AAPL,2026-10-16,P,540.0,199.0,81.0,201.3,98.0,0.0,0.0,0.0,-1.0,0.0,0.0,-0.0479,0.0,200.1846,0.0,0.0,0.0,0.0,no_change,0.0,,0.0,199.650001525879,339.815,2026-09-28 18:44:43,2026-09-28 14:45:04
AAPL,AAPL261016P00550000,AAPL,2026-10-16,P,550.0,209.0,80.0,211.35,81.0,0.0,0.0,0.0,-1.0,0.0,0.0,-0.0479,0.0,210.1846,0.0,0.0,0.0,0.0,no_change,0.0,,0.0,209.699996948242,339.815,2026-09-28 18:44:43,2026-09-28 14:45:04
AAPL,AAPL261016P00560000,AAPL,2026-10-16,P,560.0,219.0,87.0,221.35,87.0,0.0,0.0,0.0,-1.0,0.0,0.0,-0.0479,0.0,220.1846,0.0,0.0,0.0,0.0,no_change,0.0,,0.0,219.650001525879,339.815,2026-09-28 18:44:43,2026-09-28 14:45:04
AAPL,AAPL261016P00570000,AAPL,2026-10-16,P,570.0,229.0,100.0,231.35,80.0,0.0,0.0,0.0,-1.0,0.0,0.0,-0.0479,0.0,230.1846,0.0,0.0,0.0,0.0,no_change,0.0,,0.0,229.599998474121,339.815,2026-09-28 18:44:43,2026-09-28 14:45:04
AAPL,AAPL261016P00580000,AAPL,2026-10-16,P,580.0,239.0,80.0,241.15,80.0,0.0,0.0,0.0,-1.0,0.0,0.0,-0.0479,0.0,240.1846,0.0,0.0,0.0,0.0,no_change,0.0,,0.0,239.625,339.815,2026-09-28 18:44:43,2026-09-28 14:45:04
AAPL,AAPL261016P00590000,AAPL,2026-10-16,P,590.0,249.0,80.0,251.35,80.0,0.0,0.0,0.0,-1.0,0.0,0.0,-0.0479,0.0,250.1846,0.0,0.0,0.0,0.0,down,250.65,2026-07-28T15:49:18,0.0,249.75,339.815,2026-09-28 18:44:43,2026-09-28 14:45:04
AAPL,AAPL261016P00600000,AAPL,2026-10-16,P,600.0,259.0,88.0,261.15,87.0,0.0,0.0,0.0,-1.0,0.0,0.0,-0.0479,0.0,260.1846,0.0,0.0,0.0,0.0,up,266.4,2026-07-30T09:33:22,0.0,259.600006103516,339.815,2026-09-28 18:44:43,2026-09-28 14:45:04
AAPL,AAPL261023C00110000,AAPL,2026-10-23,C,110.0,228.75,81.0,232.2,12.0,1.8796,1.0,0.0,1.0,0.0,0.0,0.0,0.081,230.1395,0.0,0.0,0.0,0.0,down,206.6,2026-09-08T12:28:09,0.0,230.875,339.815,2026-09-28 18:44:43,2026-09-28 14:45:04
AAPL,AAPL261023C00120000,AAPL,2026-10-23,C,120.0,218.95,76.0,222.2,3.0,1.7846,0.0,0.0,1.0,0.0,0.0,0.0,0.0884,220.1727,0.0,0.0,0.0,0.0,no_change,0.0,,0.0,221.0,339.815,2026-09-28 18:44:43,2026-09-28 14:45:04
AAPL,AAPL261023C00125000,AAPL,2026-10-23,C,125.0,213.75,83.0,217.25,12.0,1.6617,0.0,0.0,1.0,0.0,0.0001,0.0,0.0921,215.1893,0.0,0.0,0.0,0.0,no_change,0.0,,0.0,215.924995422363,339.815,2026-09-28 18:44:43,2026-09-28 14:45:04
AAPL,AAPL261023C00130000,AAPL,2026-10-23,C,130.0,208.8,76.0,212.3,13.0,1.6219,0.0,0.0,1.0,0.0,0.0001,0.0,0.0958,210.2059,0.0,0.0,0.0,0.0,no_change,0.0,,0.0,210.949996948242,339.815,2026-09-28 18:44:43,2026-09-28 14:45:04
AAPL,AAPL261023C00135000,AAPL,2026-10-23,C,135.0,204.05,76.0,207.3,13.0,1.6213,0.0,0.0,1.0,0.0,0.0001,0.0,0.0994,205.2225,0.0,0.0,0.0,0.0,no_change,0.0,,0.0,205.974998474121,339.815,2026-09-28 18:44:43,2026-09-28 14:45:04
AAPL,AAPL261023C00140000,AAPL,2026-10-23,C,140.0,198.8,81.0,202.3,12.0,1.4854,0.0,0.0,1.0,0.0,0.0001,0.0,0.1031,200.2392,0.0,0.0,0.0,0.0,no_change,0.0,,0.0,201.049995422363,339.815,2026-09-28 18:44:43,2026-09-28 14:45:04
AAPL,AAPL261023C00145000,AAPL,2026-10-23,C,145.0,193.85,76.0,197.35,13.0,1.4501,1.0,0.0,1.0,0.0,0.0001,0.0,0.1068,195.2558,0.0,0.0,0.0,0.0,up,191.5,2026-09-17T13:56:47,0.0,196.0,339.815,2026-09-28 18:44:43,2026-09-28 14:45:04
AAPL,AAPL261023C00150000,AAPL,2026-10-23,C,150.0,189.0,76.0,192.3,4.0,1.4142,0.0,0.0,0.9999,0.0,0.0002,0.0,0.1105,190.2725,0.0,0.0,0.0,0.0,no_change,0.0,,0.0,191.025001525879,339.815,2026-09-28 18:44:43,2026-09-28 14:45:04
AAPL,AAPL261023C00155000,AAPL,2026-10-23,C,155.0,183.85,81.0,187.3,4.0,1.313,0.0,0.0,0.9999,0.0,0.0002,0.0,0.1142,185.2893,0.0,0.0,0.0,0.0,no_change,0.0,,0.0,186.099998474121,339.815,2026-09-28 18:44:43,2026-09-28 14:45:04
AAPL,AAPL261023C00160000,AAPL,2026-10-23,C,160.0,179.05,76.0,182.4,13.0,1.3307,0.0,0.0,0.9999,0.0,0.0003,0.0,0.1179,180.306,0.0,0.0,0.0,0.0,no_change,0.0,,0.0,181.050003051758,339.815,2026-09-28 18:44:43,2026-09-28 14:45:04
AAPL,AAPL261023C00165000,AAPL,2026-10-23,C,165.0,174.15,77.0,177.35,3.0,1.2847,0.0,0.0,0.9999,0.0,0.0003,0.0,0.1215,175.3229,0.0,0.0,0.0,0.0,no_change,0.0,,0.0,176.025001525879,339.815,2026-09-28 18:44:43,2026-09-28 14:45:04
AAPL,AAPL261023C00170000,AAPL,2026-10-23,C,170.0,169.0,80.0,172.4,12.0,1.2077,0.0,0.0,0.9999,0.0,0.0004,0.0,0.1252,170.3397,0.0,0.0,0.0,0.0,no_change,0.0,,0.0,171.075004577637,339.815,2026-09-28 18:44:43,2026-09-28 14:45:04
AAPL,AAPL261023C00175000,AAPL,2026-10-23,C,175.0,163.9,83.0,167.45,13.0,1.1426,0.0,0.0,0.9998,0.0,0.0005,0.0,0.1289,165.3567,0.0,0.0,0.0,0.0,no_change,0.0,,0.0,166.100006103516,339.815,2026-09-28 18:44:43,2026-09-28 14:45:04
AAPL,AAPL261023C00180000,AAPL,2026-10-23,C,180.0,159.1,76.0,162.4,5.0,1.1241,0.0,0.0,0.9998,0.0,0.0006,0.0,0.1326,160.3737,0.0,0.0,0.0,0.0,no_change,0.0,,0.0,161.200004577637,339.815,2026-09-28 18:44:43,2026-09-28 14:45:04
AAPL,AAPL261023C00185000,AAPL,2026-10-23,C,185.0,154.15,76.0,157.4,3.0,1.0836,0.0,0.0,0.9998,0.0,0.0008,0.0,0.1362,155.3909,0.0,0.0,0.0,0.0,no_change,0.0,,0.0,156.125,339.815,2026-09-28 18:44:43,2026-09-28 14:45:04
AAPL,AAPL261023C00190000,AAPL,2026-10-23,C,190.0,149.15,82.0,152.5,13.0,1.0532,0.0,0.0,0.9997,0.0,0.001,0.0,0.1399,150.4082,0.0,0.0,0.0,0.0,no_change,0.0,,0.0,151.149993896484,339.815,2026-09-28 18:44:43,2026-09-28 14:45:04
AAPL,AAPL261023C00195000,AAPL,2026-10-23,C,195.0,144.25,76.0,147.45,3.0,1.014,1.0,0.0,0.9996,0.0,0.0012,0.0,0.1436,145.4257,0.0,0.0,0.0,0.0,down,142.55,2026-09-23T12:47:00,0.0,146.174995422363,339.815,2026-09-28 18:44:43,2026-09-28 14:45:04
AAPL,AAPL261023C00200000,AAPL,2026-10-23,C,200.0,139.3,82.0,142.45,9.0,0.9755,1.0,0.0,0.9996,0.0,0.0014,0.0,0.1472,140.4434,0.0,0.0,0.0,0.0,down,136.86,2026-09-21T09:56:30,0.0,141.174995422363,339.815,2026-09-28 18:44:43,2026-09-28 14:45:04
AAPL,AAPL261023C00205000,AAPL,2026-10-23,C,205.0,134.0,84.0,137.5,3.0,0.8845,0.0,0.0,0.9994,0.0,0.0018,0.0,0.1509,135.4614,0.0,0.0,0.0,0.0,no_change,0.0,,0.0,136.199996948242,339.815,2026-09-28 18:44:43,2026-09-28 14:45:04
AAPL,AAPL261023C00210000,AAPL,2026-10-23,C,210.0,129.2,82.0,132.5,5.0,0.877,2.0,0.0,0.9993,0.0,0.0022,0.0,0.1546,130.4798,0.0,0.0,0.0,0.0,up,133.59,2026-09-22T11:06:40,0.0,131.224998474121,339.815,2026-09-28 18:44:43,2026-09-28 14:45:04
AAPL,AAPL261023C00215000,AAPL,2026-10-23,C,215.0,124.05,76.0,127.55,12.0,0.8161,18.0,0.0,0.9991,0.0001,0.0027,0.0,0.1582,125.4986,0.0,0.0,0.0,0.0,up,122.52,2026-09-24T12:03:38,0.0,126.299999237061,339.815,2026-09-28 18:44:43,2026-09-28 14:45:04
AAPL,AAPL261023C00220000,AAPL,2026-10-23,C,220.0,119.5,84.0,122.55,3.0,0.8415,2.0,0.0,0.9989,0.0001,0.0033,0.0,0.1618,120.5179,0.0,0.0,0.0,0.0,up,120.84,2026-09-22T10:27:02,0.0,121.349998474121,339.815,2026-09-28 18:44:43,2026-09-28 14:45:04
AAPL,AAPL261023C00225000,AAPL,2026-10-23,C,225.0,114.4,84.0,117.55,2.0,0.7865,7.0,0.0,0.9986,0.0001,0.0041,0.0,0.1654,115.5379,0.0,0.0,0.0,0.0,up,113.97,2026-09-23T10:05:49,0.0,116.349998474121,339.815,2026-09-28 18:44:43,2026-09-28 14:45:04
AAPL,AAPL261023C00230000,AAPL,2026-10-23,C,230.0,109.55,83.0,112.6,17.0,0.7702,10.0,0.0,0.9983,0.0001,0.005,0.0,0.169,110.5586,0.0,0.0,0.0,0.0,down,90.93,2026-09-10T10:28:50,0.0,111.25,339.815,2026-09-28 18:44:43,2026-09-28 14:45:04
AAPL,AAPL261023C00235000,AAPL,2026-10-23,C,235.0,104.55,83.0,107.1,1.0,0.6612,56.0,0.0,0.9979,0.0001,0.0061,0.0,0.1726,105.5802,0.0,0.0,0.0,0.0,no_change,104.77,2026-09-21T12:31:51,0.0,106.325000762939,339.815,2026-09-28 18:44:43,2026-09-28 14:45:04
AAPL,AAPL261023C00240000,AAPL,2026-10-23,C,240.0,99.35,84.0,102.6,2.0,0.6664,31.0,0.0,0.9974,0.0002,0.0075,0.0,0.1762,100.603,0.0,0.0,0.0,0.0,up,98.08,2026-09-25T11:00:06,0.0,101.400001525879,339.815,2026-09-28 18:44:43,2026-09-28 14:45:04
AAPL,AAPL261023C00245000,AAPL,2026-10-23,C,245.0,94.35,84.0,97.65,2.0,0.6342,15.0,0.0,0.9967,0.0002,0.0091,0.0,0.1797,95.6272,0.0,0.0,0.0,0.0,up,92.89,2026-09-24T14:09:07,0.0,96.2750015258789,339.815,2026-09-28 18:44:43,2026-09-28 14:45:04
AAPL,AAPL261023C00250000,AAPL,2026-10-23,C,250.0,89.85,81.0,92.65,10.0,0.6471,29.0,0.0,0.9959,0.0003,0.0111,0.0,0.1832,90.653,0.0,0.0,0.0,0.0,up,93.43,2026-09-22T10:59:07,0.0,91.3999977111816,339.815,2026-09-28 18:44:43,2026-09-28 14:45:04
AAPL,AAPL261023C00255000,AAPL,2026-10-23,C,255.0,84.75,81.0,87.45,10.0,0.5812,29.0,0.0,0.9949,0.0004,0.0135,0.0,0.1866,85.6809,0.0,0.0,0.0,0.0,down,80.68,2026-09-25T10:15:10,0.0,86.4249992370606,339.815,2026-09-28 18:44:43,2026-09-28 14:45:04
AAPL,AAPL261023C00260000,AAPL,2026-10-23,C,260.0,79.75,81.0,82.7,10.0,0.5674,18.0,0.0,0.9937,0.0005,0.0164,-0.0001,0.19,80.7113,0.0,0.0,0.0,0.0,up,77.27,2026-09-24T11:07:52,0.0,81.4500007629394,339.815,2026-09-28 18:44:43,2026-09-28 14:45:04
AAPL,AAPL261023C00265000,AAPL,2026-10-23,C,265.0,74.8,81.0,77.75,3.0,0.5388,24.0,0.0,0.9921,0.0006,0.02,-0.003,0.1933,75.7448,0.0,0.0,0.0,0.0,down,73.45,2026-09-25T11:01:47,0.0,76.4749984741211,339.815,2026-09-28 18:44:43,2026-09-28 14:45:04
AAPL,AAPL261023C00270000,AAPL,2026-10-23,C,270.0,69.75,81.0,72.5,13.0,0.4777,26.0,0.0,0.9902,0.0008,0.0243,-0.0062,0.1964,70.7824,0.0,0.0,0.0,0.0,down,68.99,2026-09-23T10:46:18,0.0,71.5999984741211,339.815,2026-09-28 18:44:43,2026-09-28 14:45:04
AAPL,AAPL261023C00275000,AAPL,2026-10-23,C,275.0,65.05,80.0,67.85,13.0,0.4906,11.0,0.0,0.9877,0.001,0.0295,-0.0099,0.1995,65.825,0.0,0.0,0.0,0.0,up,65.49,2026-09-25T12:14:45,0.0,66.625,339.815,2026-09-28 18:44:43,2026-09-28 14:45:04
AAPL,AAPL261023C00280000,AAPL,2026-10-23,C,280.0,60.1,81.0,62.7,12.0,0.4484,30.0,0.0,0.9845,0.0012,0.036,-0.014,0.2024,60.8746,0.0,0.0,0.0,0.0,down,56.52,2026-09-25T09:35:58,0.0,61.5500011444092,339.815,2026-09-28 18:44:43,2026-09-28 14:45:04
AAPL,AAPL261023C00285000,AAPL,2026-10-23,C,285.0,54.8,102.0,57.95,10.0,0.41,30.0,0.0,0.9803,0.0016,0.0441,-0.0188,0.205,55.9334,0.0,0.0,0.0,0.0,no_change,57.31,2026-09-25T15:55:28,0.0,56.8999996185303,339.815,2026-09-28 18:44:43,2026-09-28 14:45:04
AAPL,AAPL261023C00290000,AAPL,2026-10-23,C,290.0,49.75,365.0,52.45,199.0,0.3375,130.0,5.0,0.9748,0.002,0.0543,-0.0244,0.2073,51.0058,-0.9,52.1,52.28,50.9,down,50.9,2026-09-28T12:57:11,-1.73745,51.8000011444092,339.815,2026-09-28 18:44:43,2026-09-28 14:45:04
AAPL,AAPL261023C00295000,AAPL,2026-10-23,C,295.0,45.5,290.0,46.5,68.0,0.2877,160.0,2.0,0.9673,0.0027,0.0673,-0.0311,0.209,46.0982,-0.355,47.3,47.3,46.17,down,46.17,2026-09-28T13:52:57,-0.76303,46.5249996185303,339.815,2026-09-28 18:44:43,2026-09-28 14:45:04
AAPL,AAPL261023C00300000,AAPL,2026-10-23,C,300.0,40.5,321.0,41.65,134.0,0.2689,195.0,2.0,0.9569,0.0035,0.0842,-0.0394,0.2101,41.2218,-0.2,43.0,43.0,41.45,down,41.45,2026-09-28T13:57:20,-0.480191,41.6499996185303,339.815,2026-09-28 18:44:43,2026-09-28 14:45:04
AAPL,AAPL261023C00305000,AAPL,2026-10-23,C,305.0,35.3,246.0,36.55,10.0,0.2101,49.0,34.0,0.942,0.0047,0.1062,-0.0497,0.2099,36.3948,0.3,39.4,39.4,35.7,up,37.35,2026-09-28T14:21:33,0.809719,37.0499992370606,339.815,2026-09-28 18:44:43,2026-09-28 14:45:04
AAPL,AAPL261023C00310000,AAPL,2026-10-23,C,310.0,31.15,300.0,32.45,174.0,0.2735,245.0,8.0,0.9207,0.0063,0.1349,-0.0628,0.2081,31.6459,0.285,33.28,34.45,31.6,up,32.46,2026-09-28T13:14:32,0.885783,32.1749992370606,339.815,2026-09-28 18:44:43,2026-09-28 14:45:04
AAPL,AAPL261023C00315000,AAPL,2026-10-23,C,315.0,26.7,174.0,28.0,264.0,0.27,464.0,39.0,0.8901,0.0084,0.1708,-0.0787,0.2039,27.0185,0.655,29.5,29.62,26.45,up,28.48,2026-09-28T12:24:40,2.354,27.8249998092651,339.815,2026-09-28 18:44:43,2026-09-28 14:45:04
AAPL,AAPL261023C00320000,AAPL,2026-10-23,C,320.0,22.3,159.0,22.7,10.0,0.2381,884.0,15.0,0.8473,0.0109,0.2132,-0.0972,0.1964,22.5718,-0.63,24.44,24.5,22.57,down,22.57,2026-09-28T14:19:36,-2.71552,23.1999998092651,339.815,2026-09-28 18:44:43,2026-09-28 14:45:04
AAPL,AAPL261023C00325000,AAPL,2026-10-23,C,325.0,18.2,127.0,18.75,240.0,0.2374,1895.0,18.0,0.7898,0.0138,0.2592,-0.1168,0.1851,18.381,-0.595,20.14,20.2,18.34,down,18.53,2026-09-28T14:27:05,-3.11111,19.125,339.815,2026-09-28 18:44:43,2026-09-28 14:45:04
AAPL,AAPL261023C00330000,AAPL,2026-10-23,C,330.0,14.3,285.0,14.65,44.0,0.2253,703.0,54.0,0.7165,0.0167,0.3032,-0.1348,0.1695,14.5308,-0.475,15.5,16.9,14.55,down,14.55,2026-09-28T14:25:12,-3.1614,15.0250000953674,339.815,2026-09-28 18:44:43,2026-09-28 14:45:04
AAPL,AAPL261023C00335000,AAPL,2026-10-23,C,335.0,11.0,140.0,11.25,103.0,0.2224,1482.0,74.0,0.6285,0.0191,0.3374,-0.1481,0.1498,11.1055,-0.79,11.46,13.05,11.11,down,11.11,2026-09-28T14:27:03,-6.63866,11.9000000953674,339.815,2026-09-28 18:44:43,2026-09-28 14:45:04
AAPL,AAPL261023C00340000,AAPL,2026-10-23,C,340.0,8.05,397.0,8.35,415.0,0.2182,5106.0,384.0,0.5298,0.0204,0.3545,-0.1534,0.1271,8.1716,-1.0,8.86,10.16,8.05,down,8.05,2026-09-28T14:26:30,-11.0497,9.05000019073486,339.815,2026-09-28 18:44:43,2026-09-28 14:45:04
AAPL,AAPL261023C00345000,AAPL,2026-10-23,C,345.0,5.7,142.0,6.0,575.0,0.216,1562.0,324.0,0.4271,0.0205,0.3497,-0.149,0.1029,5.7724,-0.675,6.85,7.53,5.78,no_change,5.8,2026-09-28T13:49:00,-10.4247,6.47499990463257,339.815,2026-09-28 18:44:43,2026-09-28 14:45:04
AAPL,AAPL261023C00350000,AAPL,2026-10-23,C,350.0,3.85,123.0,4.1,756.0,0.2132,2596.0,266.0,0.3279,0.0191,0.323,-0.1353,0.0793,3.9034,-0.425,4.28,5.2,3.85,up,4.0,2026-09-28T14:22:25,-9.60452,4.42500019073486,339.815,2026-09-28 18:44:43,2026-09-28 14:45:04
AAPL,AAPL261023C00355000,AAPL,2026-10-23,C,355.0,2.49,134.0,2.67,627.0,0.2107,2984.0,139.0,0.2397,0.0166,0.2793,-0.1149,0.058,2.5344,-0.355,3.0,3.36,2.52,up,2.57,2026-09-28T14:14:48,-12.1368,2.92499995231628,339.815,2026-09-28 18:44:43,2026-09-28 14:45:04
AAPL,AAPL261023C00360000,AAPL,2026-10-23,C,360.0,1.55,157.0,1.63,379.0,0.2083,6329.0,1033.0,0.1668,0.0134,0.2265,-0.0915,0.0404,1.5811,-0.205,1.64,2.25,1.52,up,1.6,2026-09-28T14:25:31,-11.3573,1.80500000715256,339.815,2026-09-28 18:44:43,2026-09-28 14:45:04
AAPL,AAPL261023C00365000,AAPL,2026-10-23,C,365.0,0.93,148.0,1.01,626.0,0.2086,2248.0,395.0,0.1112,0.0102,0.1735,-0.0688,0.0269,0.9551,-0.2,1.07,1.4,0.93,down,0.94,2026-09-28T14:23:50,-17.5439,1.13999998569489,339.815,2026-09-28 18:44:43,2026-09-28 14:45:04
AAPL,AAPL261023C00370000,AAPL,2026-10-23,C,370.0,0.55,129.0,0.6,467.0,0.2092,1516.0,838.0,0.0718,0.0073,0.1267,-0.0495,0.0173,0.5655,-0.12,0.71,0.85,0.54,no_change,0.57,2026-09-28T14:09:42,-17.3913,0.690000027418136,339.815,2026-09-28 18:44:43,2026-09-28 14:45:04
AAPL,AAPL261023C00375000,AAPL,2026-10-23,C,375.0,0.32,1.0,0.35,294.0,0.2107,2692.0,405.0,0.0456,0.0051,0.0897,-0.0347,0.011,0.3348,-0.065,0.47,0.47,0.31,down,0.31,2026-09-28T13:50:09,-17.3333,0.375,339.815,2026-09-28 18:44:43,2026-09-28 14:45:04
AAPL,AAPL261023C00380000,AAPL,2026-10-23,C,380.0,0.16,264.0,0.24,523.0,0.214,618.0,123.0,0.0285,0.0034,0.0618,-0.0236,0.0068,0.1967,-0.03,0.21,0.26,0.19,down,0.19,2026-09-28T13:21:48,-13.6364,0.220000006258488,339.815,2026-09-28 18:44:43,2026-09-28 14:45:04
AAPL,AAPL261023C00385000,AAPL,2026-10-23,C,385.0,0.09,194.0,0.15,447.0,0.2178,644.0,15.0,0.0181,0.0023,0.0427,-0.0163,0.0043,0.1196,0.01,0.16,0.16,0.12,up,0.13,2026-09-28T13:15:16,8.33333,0.120000001043081,339.815,2026-09-28 18:44:43,2026-09-28 14:45:04
AAPL,AAPL261023C00390000,AAPL,2026-10-23,C,390.0,0.03,204.0,0.1,463.0,0.2188,389.0,1.0,0.012,0.0016,0.0302,-0.0116,0.0029,0.0769,-0.015,0.07,0.07,0.07,down,0.07,2026-09-28T09:41:49,-17.6471,0.084999998100102,339.815,2026-09-28 18:44:43,2026-09-28 14:45:04
AAPL,AAPL261023C00395000,AAPL,2026-10-23,C,395.0,0.01,166.0,0.12,495.0,0.2367,27.0,0.0,0.008,0.0011,0.0215,-0.0084,0.0019,0.0507,0.0,0.0,0.0,0.0,up,0.12,2026-09-22T13:09:33,0.0,0.084999998100102,339.815,2026-09-28 18:44:43,2026-09-28 14:45:04
AAPL,AAPL261023C00400000,AAPL,2026-10-23,C,400.0,0.03,3.0,0.07,513.0,0.2465,243.0,8.0,0.0056,0.0008,0.0157,-0.0062,0.0013,0.0347,-0.035,0.1,0.1,0.03,down,0.04,2026-09-28T14:14:01,-46.6667,0.0749999983236194,339.815,2026-09-28 18:44:43,2026-09-28 14:45:04
AAPL,AAPL261023C00405000,AAPL,2026-10-23,C,405.0,0.0,0.0,0.3,438.0,0.302,14.0,0.0,0.004,0.0005,0.0116,-0.0047,0.0009,0.0246,0.0,0.0,0.0,0.0,down,0.16,2026-09-23T13:01:21,0.0,0.140000000596046,339.815,2026-09-28 18:44:43,2026-09-28 14:45:04
AAPL,AAPL261023C00410000,AAPL,2026-10-23,C,410.0,0.0,0.0,0.06,450.0,0.2648,12.0,2.0,0.0029,0.0004,0.0088,-0.0036,0.0007,0.0179,-0.135,0.04,0.04,0.04,no_change,0.04,2026-09-28T13:17:10,-77.1429,0.174999997019768,339.815,2026-09-28 18:44:43,2026-09-28 14:45:04
AAPL,AAPL261023C00415000,AAPL,2026-10-23,C,415.0,0.0,0.0,0.03,15.0,0.2621,270.0,0.0,0.0022,0.0003,0.0067,-0.0028,0.0005,0.0133,0.0,0.0,0.0,0.0,down,0.03,2026-09-25T15:44:25,0.0,0.025000000372529,339.815,2026-09-28 18:44:43,2026-09-28 14:45:04
AAPL,AAPL261023P00110000,AAPL,2026-10-23,P,110.0,0.0,0.0,0.52,205.0,1.8199,0.0,0.0,0.0,0.0,0.0,0.0,0.0,0.0001,0.0,0.0,0.0,0.0,no_change,0.0,,0.0,0.259999990463257,339.815,2026-09-28 18:44:43,2026-09-28 14:45:04
AAPL,AAPL261023P00120000,AAPL,2026-10-23,P,120.0,0.0,0.0,0.52,205.0,1.6868,0.0,0.0,0.0,0.0,0.0,-0.0001,0.0,0.0002,0.0,0.0,0.0,0.0,no_change,0.0,,0.0,0.259999990463257,339.815,2026-09-28 18:44:43,2026-09-28 14:45:04
AAPL,AAPL261023P00125000,AAPL,2026-10-23,P,125.0,0.0,0.0,0.52,175.0,1.6244,0.0,0.0,0.0,0.0,0.0001,-0.0001,0.0,0.0003,0.0,0.0,0.0,0.0,no_change,0.0,,0.0,0.259999990463257,339.815,2026-09-28 18:44:43,2026-09-28 14:45:04
AAPL,AAPL261023P00130000,AAPL,2026-10-23,P,130.0,0.0,0.0,0.52,192.0,1.5645,0.0,0.0,0.0,0.0,0.0001,-0.0001,0.0,0.0003,0.0,0.0,0.0,0.0,no_change,0.0,,0.0,0.259999990463257,339.815,2026-09-28 18:44:43,2026-09-28 14:45:04
AAPL,AAPL261023P00135000,AAPL,2026-10-23,P,135.0,0.0,0.0,0.52,118.0,1.507,2.0,0.0,0.0,0.0,0.0001,-0.0001,0.0,0.0004,0.0,0.0,0.0,0.0,down,0.01,2026-09-24T13:59:38,0.0,0.259999990463257,339.815,2026-09-28 18:44:43,2026-09-28 14:45:04
AAPL,AAPL261023P00140000,AAPL,2026-10-23,P,140.0,0.0,0.0,0.52,125.0,1.4515,0.0,0.0,0.0,0.0,0.0001,-0.0002,0.0,0.0005,0.0,0.0,0.0,0.0,no_change,0.0,,0.0,0.259999990463257,339.815,2026-09-28 18:44:43,2026-09-28 14:45:04
AAPL,AAPL261023P00145000,AAPL,2026-10-23,P,145.0,0.0,0.0,0.52,200.0,1.3981,0.0,0.0,0.0,0.0,0.0001,-0.0002,0.0,0.0007,0.0,0.0,0.0,0.0,no_change,0.0,,0.0,0.259999990463257,339.815,2026-09-28 18:44:43,2026-09-28 14:45:04
AAPL,AAPL261023P00150000,AAPL,2026-10-23,P,150.0,0.0,0.0,0.52,199.0,1.3464,0.0,0.0,0.0,0.0,0.0002,-0.0002,0.0,0.0008,0.0,0.0,0.0,0.0,no_change,0.0,,0.0,0.259999990463257,339.815,2026-09-28 18:44:43,2026-09-28 14:45:04
AAPL,AAPL261023P00155000,AAPL,2026-10-23,P,155.0,0.0,0.0,0.52,206.0,1.2964,0.0,0.0,-0.0001,0.0,0.0002,-0.0003,0.0,0.001,0.0,0.0,0.0,0.0,no_change,0.0,,0.0,0.259999990463257,339.815,2026-09-28 18:44:43,2026-09-28 14:45:04
AAPL,AAPL261023P00160000,AAPL,2026-10-23,P,160.0,0.0,0.0,0.03,58.0,0.9359,27.0,0.0,-0.0001,0.0,0.0003,-0.0004,0.0,0.0012,0.0,0.0,0.0,0.0,up,0.08,2026-09-15T15:43:12,0.0,0.0149999996647239,339.815,2026-09-28 18:44:43,2026-09-28 14:45:04
AAPL,AAPL261023P00165000,AAPL,2026-10-23,P,165.0,0.0,0.0,0.52,234.0,1.2011,1.0,0.0,-0.0001,0.0,0.0003,-0.0004,0.0,0.0015,0.0,0.0,0.0,0.0,up,0.11,2026-09-15T12:23:41,0.0,0.259999990463257,339.815,2026-09-28 18:44:43,2026-09-28 14:45:04
AAPL,AAPL261023P00170000,AAPL,2026-10-23,P,170.0,0.0,0.0,0.52,281.0,1.1556,0.0,0.0,-0.0001,0.0,0.0004,-0.0005,0.0,0.0018,0.0,0.0,0.0,0.0,no_change,0.0,,0.0,0.259999990463257,339.815,2026-09-28 18:44:43,2026-09-28 14:45:04
AAPL,AAPL261023P00175000,AAPL,2026-10-23,P,175.0,0.0,0.0,0.51,239.0,1.1085,0.0,0.0,-0.0001,0.0,0.0005,-0.0006,0.0,0.0022,0.0,0.0,0.0,0.0,no_change,0.0,,0.0,0.254999995231628,339.815,2026-09-28 18:44:43,2026-09-28 14:45:04
AAPL,AAPL261023P00180000,AAPL,2026-10-23,P,180.0,0.0,0.0,0.51,204.0,1.0656,0.0,0.0,-0.0002,0.0,0.0006,-0.0008,0.0,0.0027,0.0,0.0,0.0,0.0,no_change,0.0,,0.0,0.254999995231628,339.815,2026-09-28 18:44:43,2026-09-28 14:45:04
AAPL,AAPL261023P00185000,AAPL,2026-10-23,P,185.0,0.0,0.0,0.5,231.0,1.0211,0.0,0.0,-0.0002,0.0,0.0008,-0.0009,0.0,0.0033,0.0,0.0,0.0,0.0,no_change,0.0,,0.0,0.254999995231628,339.815,2026-09-28 18:44:43,2026-09-28 14:45:04
AAPL,AAPL261023P00190000,AAPL,2026-10-23,P,190.0,0.0,0.0,0.5,235.0,0.9805,0.0,0.0,-0.0003,0.0,0.001,-0.0011,-0.0001,0.0041,0.0,0.0,0.0,0.0,no_change,0.0,,0.0,0.25,339.815,2026-09-28 18:44:43,2026-09-28 14:45:04
AAPL,AAPL261023P00195000,AAPL,2026-10-23,P,195.0,0.0,0.0,0.49,201.0,0.9383,2.0,0.0,-0.0004,0.0,0.0012,-0.0013,-0.0001,0.005,0.0,0.0,0.0,0.0,no_change,0.07,2026-09-09T10:44:29,0.0,0.25,339.815,2026-09-28 18:44:43,2026-09-28 14:45:04
AAPL,AAPL261023P00200000,AAPL,2026-10-23,P,200.0,0.0,0.0,0.19,11.0,0.8027,2.0,0.0,-0.0004,0.0,0.0014,-0.0016,-0.0001,0.0062,0.0,0.0,0.0,0.0,no_change,0.17,2026-09-04T11:55:41,0.0,0.0949999988079071,339.815,2026-09-28 18:44:43,2026-09-28 14:45:04
AAPL,AAPL261023P00205000,AAPL,2026-10-23,P,205.0,0.0,0.0,0.46,200.0,0.8548,2.0,0.0,-0.0006,0.0,0.0018,-0.0019,-0.0001,0.0077,0.0,0.0,0.0,0.0,no_change,0.1,2026-09-04T11:55:56,0.0,0.230000004172325,339.815,2026-09-28 18:44:43,2026-09-28 14:45:04
AAPL,AAPL261023P00210000,AAPL,2026-10-23,P,210.0,0.0,0.0,0.44,258.0,0.8134,0.0,0.0,-0.0007,0.0,0.0022,-0.0022,-0.0002,0.0095,0.0,0.0,0.0,0.0,no_change,0.0,,0.0,0.219999998807907,339.815,2026-09-28 18:44:43,2026-09-28 14:45:04
AAPL,AAPL261023P00215000,AAPL,2026-10-23,P,215.0,0.0,0.0,0.42,268.0,0.773,6.0,0.0,-0.0009,0.0001,0.0027,-0.0027,-0.0002,0.0118,0.0,0.0,0.0,0.0,down,0.01,2026-09-23T10:00:08,0.0,0.209999993443489,339.815,2026-09-28 18:44:43,2026-09-28 14:45:04
AAPL,AAPL261023P00220000,AAPL,2026-10-23,P,220.0,0.0,0.0,0.39,466.0,0.7312,2.0,0.0,-0.0011,0.0001,0.0033,-0.0032,-0.0003,0.0145,0.0,0.0,0.0,0.0,up,0.1,2026-09-16T10:28:41,0.0,0.194999992847443,339.815,2026-09-28 18:44:43,2026-09-28 14:45:04
AAPL,AAPL261023P00225000,AAPL,2026-10-23,P,225.0,0.01,50.0,0.04,10.0,0.5572,84.0,128.0,-0.0014,0.0001,0.0041,-0.0039,-0.0003,0.0179,0.0,0.1,0.1,0.03,down,0.03,2026-09-28T13:23:08,-8.69234e-07,0.0300000002607703,339.815,2026-09-28 18:44:43,2026-09-28 14:45:04
AAPL,AAPL261023P00230000,AAPL,2026-10-23,P,230.0,0.01,4.0,0.14,428.0,0.592,98.0,5.0,-0.0017,0.0001,0.005,-0.0046,-0.0004,0.0221,0.025,0.11,0.11,0.05,up,0.07,2026-09-28T13:51:29,55.5556,0.0449999989941716,339.815,2026-09-28 18:44:43,2026-09-28 14:45:04
AAPL,AAPL261023P00235000,AAPL,2026-10-23,P,235.0,0.0,0.0,0.28,473.0,0.6053,64.0,0.0,-0.0021,0.0001,0.0061,-0.0055,-0.0005,0.0272,0.0,0.0,0.0,0.0,up,0.04,2026-09-25T10:21:23,0.0,0.144999995827675,339.815,2026-09-28 18:44:43,2026-09-28 14:45:04
AAPL,AAPL261023P00240000,AAPL,2026-10-23,P,240.0,0.0,0.0,0.1,14.0,0.5105,11.0,0.0,-0.0026,0.0002,0.0075,-0.0065,-0.0006,0.0335,0.0,0.0,0.0,0.0,down,0.07,2026-09-24T11:39:34,0.0,0.0500000007450581,339.815,2026-09-28 18:44:43,2026-09-28 14:45:04
AAPL,AAPL261023P00245000,AAPL,2026-10-23,P,245.0,0.0,0.0,0.14,303.0,0.501,13.0,0.0,-0.0033,0.0002,0.0092,-0.0077,-0.0008,0.0411,0.0,0.0,0.0,0.0,up,0.11,2026-09-24T14:17:40,0.0,0.0599999986588955,339.815,2026-09-28 18:44:43,2026-09-28 14:45:04
AAPL,AAPL261023P00250000,AAPL,2026-10-23,P,250.0,0.02,430.0,0.07,422.0,0.451,16.0,3.0,-0.0041,0.0003,0.0111,-0.0091,-0.001,0.0505,-0.01,0.06,0.06,0.04,up,0.05,2026-09-28T14:04:19,-16.6667,0.0599999986588955,339.815,2026-09-28 18:44:43,2026-09-28 14:45:04
AAPL,AAPL261023P00255000,AAPL,2026-10-23,P,255.0,0.03,468.0,0.08,319.0,0.4339,127.0,4.0,-0.0051,0.0004,0.0136,-0.0106,-0.0012,0.0618,0.01,0.06,0.07,0.06,down,0.06,2026-09-28T13:50:58,20.0,0.0500000016763806,339.815,2026-09-28 18:44:43,2026-09-28 14:45:04
AAPL,AAPL261023P00260000,AAPL,2026-10-23,P,260.0,0.01,325.0,0.18,539.0,0.4342,43.0,0.0,-0.0063,0.0005,0.0165,-0.0125,-0.0015,0.0758,0.0,0.0,0.0,0.0,down,0.07,2026-09-25T13:10:56,0.0,0.0550000006332994,339.815,2026-09-28 18:44:43,2026-09-28 14:45:04
AAPL,AAPL261023P00265000,AAPL,2026-10-23,P,265.0,0.01,361.0,0.14,323.0,0.3953,57.0,0.0,-0.0079,0.0006,0.02,-0.0146,-0.0019,0.0928,0.0,0.0,0.0,0.0,down,0.06,2026-09-25T14:47:57,0.0,0.0749999973922968,339.815,2026-09-28 18:44:43,2026-09-28 14:45:04
AAPL,AAPL261023P00270000,AAPL,2026-10-23,P,270.0,0.06,546.0,0.13,208.0,0.3797,559.0,4.0,-0.0099,0.0008,0.0244,-0.0171,-0.0023,0.1139,0.02,0.08,0.1,0.08,up,0.1,2026-09-28T13:46:46,25.0,0.0800000028684735,339.815,2026-09-28 18:44:43,2026-09-28 14:45:04
AAPL,AAPL261023P00275000,AAPL,2026-10-23,P,275.0,0.09,375.0,0.18,398.0,0.3695,112.0,4.0,-0.0124,0.001,0.0296,-0.02,-0.0029,0.1402,-0.02,0.11,0.13,0.11,up,0.13,2026-09-28T10:58:57,-13.3333,0.150000002235174,339.815,2026-09-28 18:44:43,2026-09-28 14:45:04
AAPL,AAPL261023P00280000,AAPL,2026-10-23,P,280.0,0.1,663.0,0.22,382.0,0.3504,515.0,9.0,-0.0156,0.0012,0.0363,-0.0234,-0.0037,0.1734,0.02,0.15,0.16,0.15,up,0.16,2026-09-28T13:33:02,14.2857,0.140000000596046,339.815,2026-09-28 18:44:43,2026-09-28 14:45:04
AAPL,AAPL261023P00285000,AAPL,2026-10-23,P,285.0,0.18,244.0,0.26,529.0,0.3384,266.0,58.0,-0.0198,0.0016,0.0442,-0.0275,-0.0047,0.2161,0.025,0.19,0.22,0.19,no_change,0.22,2026-09-28T13:13:59,12.8205,0.195000000298023,339.815,2026-09-28 18:44:43,2026-09-28 14:45:04
AAPL,AAPL261023P00290000,AAPL,2026-10-23,P,290.0,0.26,193.0,0.31,523.0,0.3232,1321.0,39.0,-0.0254,0.0021,0.0546,-0.0324,-0.006,0.2724,0.01,0.25,0.28,0.23,up,0.28,2026-09-28T11:00:54,3.7037,0.270000003278255,339.815,2026-09-28 18:44:43,2026-09-28 14:45:04
AAPL,AAPL261023P00295000,AAPL,2026-10-23,P,295.0,0.33,268.0,0.38,214.0,0.3056,375.0,24.0,-0.0329,0.0027,0.0679,-0.0384,-0.0078,0.3487,0.025,0.38,0.38,0.33,no_change,0.36,2026-09-28T12:20:40,7.46268,0.33500000834465,339.815,2026-09-28 18:44:43,2026-09-28 14:45:04
AAPL,AAPL261023P00300000,AAPL,2026-10-23,P,300.0,0.44,223.0,0.49,309.0,0.2901,7113.0,6137.0,-0.0436,0.0036,0.0846,-0.0462,-0.0102,0.459,-0.005,0.47,0.5,0.39,no_change,0.45,2026-09-28T14:29:25,-1.0989,0.454999998211861,339.815,2026-09-28 18:44:43,2026-09-28 14:45:04
AAPL,AAPL261023P00305000,AAPL,2026-10-23,P,305.0,0.59,189.0,0.66,510.0,0.2759,1063.0,110.0,-0.0585,0.0048,0.1068,-0.0558,-0.0136,0.615,0.03,0.63,0.71,0.54,no_change,0.63,2026-09-28T13:55:08,5.0,0.599999994039536,339.815,2026-09-28 18:44:43,2026-09-28 14:45:04
AAPL,AAPL261023P00310000,AAPL,2026-10-23,P,310.0,0.83,127.0,0.88,109.0,0.2622,1860.0,120.0,-0.0803,0.0064,0.136,-0.0684,-0.0185,0.8561,0.02,0.78,0.94,0.68,no_change,0.86,2026-09-28T14:29:25,2.38095,0.840000003576279,339.815,2026-09-28 18:44:43,2026-09-28 14:45:04
AAPL,AAPL261023P00315000,AAPL,2026-10-23,P,315.0,1.17,165.0,1.23,1.0,0.2501,1096.0,207.0,-0.1114,0.0085,0.1722,-0.0839,-0.0254,1.2184,0.03,1.29,1.34,0.97,down,1.22,2026-09-28T14:24:27,2.52101,1.18999999761581,339.815,2026-09-28 18:44:43,2026-09-28 14:45:04
AAPL,AAPL261023P00320000,AAPL,2026-10-23,P,320.0,1.69,500.0,1.83,580.0,0.2416,3303.0,847.0,-0.1548,0.0111,0.2146,-0.1019,-0.0349,1.7627,0.015,1.6,1.85,1.39,up,1.75,2026-09-28T14:27:34,0.864556,1.73499995470047,339.815,2026-09-28 18:44:43,2026-09-28 14:45:04
AAPL,AAPL261023P00325000,AAPL,2026-10-23,P,325.0,2.49,343.0,2.64,293.0,0.2339,1263.0,491.0,-0.2131,0.014,0.2604,-0.1212,-0.0475,2.5653,0.01,2.75,2.83,1.96,up,2.56,2026-09-28T14:26:55,0.392154,2.55000007152557,339.815,2026-09-28 18:44:43,2026-09-28 14:45:04
AAPL,AAPL261023P00330000,AAPL,2026-10-23,P,330.0,3.6,677.0,3.8,251.0,0.2268,961.0,253.0,-0.2878,0.017,0.3055,-0.139,-0.063,3.7172,0.0,3.25,3.85,3.0,no_change,3.7,2026-09-28T14:10:11,1.93312e-06,3.69999992847443,339.815,2026-09-28 18:44:43,2026-09-28 14:45:04
AAPL,AAPL261023P00335000,AAPL,2026-10-23,P,335.0,5.1,704.0,5.4,277.0,0.2204,606.0,125.0,-0.3776,0.0194,0.3383,-0.1521,-0.0791,5.3021,0.22,5.27,5.55,4.35,down,5.32,2026-09-28T14:08:13,4.31373,5.09999990463257,339.815,2026-09-28 18:44:43,2026-09-28 14:45:04
AAPL,AAPL261023P00340000,AAPL,2026-10-23,P,340.0,7.2,575.0,7.5,253.0,0.2165,473.0,304.0,-0.4782,0.021,0.3539,-0.1574,-0.0972,7.3831,0.225,7.05,7.7,6.18,down,7.35,2026-09-28T14:10:11,3.15789,7.125,339.815,2026-09-28 18:44:43,2026-09-28 14:45:04
AAPL,AAPL261023P00345000,AAPL,2026-10-23,P,345.0,9.8,511.0,10.15,151.0,0.2127,77.0,105.0,-0.5838,0.0212,0.3458,-0.1531,-0.1102,10.0116,0.325,9.6,10.34,8.45,up,9.95,2026-09-28T13:25:22,3.37662,9.625,339.815,2026-09-28 18:44:43,2026-09-28 14:45:04
AAPL,AAPL261023P00350000,AAPL,2026-10-23,P,350.0,12.95,217.0,13.75,407.0,0.2159,13.0,50.0,-0.6867,0.0199,0.3161,-0.1396,-0.1201,13.197,0.225,12.32,13.28,11.45,up,13.05,2026-09-28T13:34:02,1.75439,12.8249998092651,339.815,2026-09-28 18:44:43,2026-09-28 14:45:04
AAPL,AAPL261023P00355000,AAPL,2026-10-23,P,355.0,16.7,104.0,17.1,268.0,0.2092,24.0,2.0,-0.7796,0.0176,0.2619,-0.1196,-0.1173,16.8982,-0.15,15.0,16.6,15.0,up,16.6,2026-09-28T10:45:19,-0.895522,16.75,339.815,2026-09-28 18:44:43,2026-09-28 14:45:04
AAPL,AAPL261023P00360000,AAPL,2026-10-23,P,360.0,19.9,368.0,22.2,103.0,0.2085,10.0,0.0,-0.8578,0.0147,0.2021,-0.0969,-0.1088,21.0403,0.0,0.0,0.0,0.0,down,20.7,2026-09-25T15:00:31,0.0,20.75,339.815,2026-09-28 18:44:43,2026-09-28 14:45:04
AAPL,AAPL261023P00365000,AAPL,2026-10-23,P,365.0,24.65,160.0,26.75,44.0,0.2199,4.0,7.0,-0.9199,0.0116,0.1324,-0.0756,-0.081,25.5369,0.125,25.6,25.6,25.45,no_change,25.45,2026-09-28T13:50:51,0.493584,25.3249998092651,339.815,2026-09-28 18:44:43,2026-09-28 14:45:04
AAPL,AAPL261023P00370000,AAPL,2026-10-23,P,370.0,29.45,138.0,31.45,27.0,0.2284,7.0,16.0,-0.9662,0.0087,0.0672,-0.0578,-0.0414,30.2953,0.455,30.15,30.35,30.15,up,30.23,2026-09-28T13:50:51,1.52813,29.7750005722046,339.815,2026-09-28 18:44:43,2026-09-28 14:45:04
AAPL,AAPL261023P00375000,AAPL,2026-10-23,P,375.0,34.0,84.0,36.95,4.0,0.2579,7.0,9.0,-0.9924,0.0034,0.0159,-0.0504,-0.0099,35.2259,0.315,35.13,35.14,35.13,no_change,35.14,2026-09-28T13:48:58,0.90452,34.8250007629394,339.815,2026-09-28 18:44:43,2026-09-28 14:45:04
AAPL,AAPL261023P00380000,AAPL,2026-10-23,P,380.0,39.0,83.0,41.95,4.0,0.284,0.0,0.0,-0.9995,0.0003,0.0,-0.0518,0.0,40.2199,0.0,0.0,0.0,0.0,no_change,44.13,2026-09-17T14:49:25,0.0,39.5,339.815,2026-09-28 18:44:43,2026-09-28 14:45:04
AAPL,AAPL261023P00385000,AAPL,2026-10-23,P,385.0,44.0,83.0,46.95,6.0,0.3094,0.0,0.0,-1.0,0.0,0.0,-0.0518,0.0,45.2199,0.0,0.0,0.0,0.0,no_change,0.0,,0.0,44.8250007629394,339.815,2026-09-28 18:44:43,2026-09-28 14:45:04
AAPL,AAPL261023P00390000,AAPL,2026-10-23,P,390.0,49.0,141.0,51.95,15.0,0.334,10.0,5.0,-1.0,0.0,0.0,-0.0518,0.0,50.2199,-0.225,49.1,49.6,49.1,no_change,49.6,2026-09-28T12:06:56,-0.451582,49.8250007629394,339.815,2026-09-28 18:44:43,2026-09-28 14:45:04
AAPL,AAPL261023P00395000,AAPL,2026-10-23,P,395.0,54.0,83.0,56.95,7.0,0.358,0.0,0.0,-1.0,0.0,0.0,-0.0518,0.0,55.2199,0.0,0.0,0.0,0.0,no_change,0.0,,0.0,54.8250007629394,339.815,2026-09-28 18:44:43,2026-09-28 14:45:04
AAPL,AAPL261023P00400000,AAPL,2026-10-23,P,400.0,59.0,83.0,61.95,2.0,0.3814,10.0,0.0,-1.0,0.0,0.0,-0.0518,0.0,60.2199,0.0,0.0,0.0,0.0,down,58.99,2026-09-25T15:50:17,0.0,59.8250007629394,339.815,2026-09-28 18:44:43,2026-09-28 14:45:04
AAPL,AAPL261023P00405000,AAPL,2026-10-23,P,405.0,64.0,83.0,66.95,5.0,0.4043,0.0,0.0,-1.0,0.0,0.0,-0.0518,0.0,65.2199,0.0,0.0,0.0,0.0,down,64.01,2026-09-25T15:50:17,0.0,64.8249988555908,339.815,2026-09-28 18:44:43,2026-09-28 14:45:04
AAPL,AAPL261023P00410000,AAPL,2026-10-23,P,410.0,69.0,83.0,71.95,1.0,0.4265,0.0,0.0,-1.0,0.0,0.0,-0.0518,0.0,70.2199,0.0,0.0,0.0,0.0,down,77.3,2026-09-14T15:48:22,0.0,69.5999984741211,339.815,2026-09-28 18:44:43,2026-09-28 14:45:04
AAPL,AAPL261023P00415000,AAPL,2026-10-23,P,415.0,74.0,83.0,76.95,6.0,0.4483,0.0,0.0,-1.0,0.0,0.0,-0.0518,0.0,75.2199,0.0,0.0,0.0,0.0,up,84.0,2026-09-16T15:11:46,0.0,74.5749969482422,339.815,2026-09-28 18:44:43,2026-09-28 14:45:04
AAPL,AAPL261030C00110000,AAPL,2026-10-30,C,110.0,228.95,76.0,231.75,71.0,1.3166,0.0,0.0,1.0,0.0,0.0,0.0,0.105,230.3123,0.0,0.0,0.0,0.0,no_change,0.0,,0.0,230.875,339.815,2026-09-28 18:44:43,2026-09-28 14:45:04
AAPL,AAPL261030C00120000,AAPL,2026-10-30,C,120.0,219.05,76.0,221.8,71.0,1.2917,0.0,0.0,1.0,0.0,0.0,0.0,0.1145,220.3554,0.0,0.0,0.0,0.0,no_change,0.0,,0.0,220.925003051758,339.815,2026-09-28 18:44:43,2026-09-28 14:45:04
AAPL,AAPL261030C00125000,AAPL,2026-10-30,C,125.0,213.8,76.0,217.3,75.0,1.3701,0.0,0.0,1.0,0.0,0.0,0.0,0.1193,215.3769,0.0,0.0,0.0,0.0,no_change,0.0,,0.0,216.0,339.815,2026-09-28 18:44:43,2026-09-28 14:45:04
AAPL,AAPL261030C00130000,AAPL,2026-10-30,C,130.0,209.05,76.0,211.85,71.0,1.163,0.0,0.0,1.0,0.0,0.0001,0.0,0.124,210.3985,0.0,0.0,0.0,0.0,no_change,0.0,,0.0,210.950004577637,339.815,2026-09-28 18:44:43,2026-09-28 14:45:04
AAPL,AAPL261030C00135000,AAPL,2026-10-30,C,135.0,204.1,76.0,206.85,72.0,1.1267,0.0,0.0,1.0,0.0,0.0001,0.0,0.1288,205.4201,0.0,0.0,0.0,0.0,no_change,0.0,,0.0,205.975006103516,339.815,2026-09-28 18:44:43,2026-09-28 14:45:04
AAPL,AAPL261030C00140000,AAPL,2026-10-30,C,140.0,199.1,76.0,201.9,71.0,1.0912,0.0,0.0,1.0,0.0,0.0001,0.0,0.1336,200.4417,0.0,0.0,0.0,0.0,no_change,0.0,,0.0,200.950004577637,339.815,2026-09-28 18:44:43,2026-09-28 14:45:04
AAPL,AAPL261030C00145000,AAPL,2026-10-30,C,145.0,194.1,76.0,196.9,71.0,1.0063,0.0,0.0,1.0,0.0,0.0002,0.0,0.1383,195.4634,0.0,0.0,0.0,0.0,no_change,0.0,,0.0,196.049995422363,339.815,2026-09-28 18:44:43,2026-09-28 14:45:04
AAPL,AAPL261030C00150000,AAPL,2026-10-30,C,150.0,189.15,76.0,192.4,71.0,1.2094,0.0,0.0,1.0,0.0,0.0002,0.0,0.1431,190.4852,0.0,0.0,0.0,0.0,no_change,0.0,,0.0,191.049995422363,339.815,2026-09-28 18:44:43,2026-09-28 14:45:04
AAPL,AAPL261030C00155000,AAPL,2026-10-30,C,155.0,184.2,76.0,186.9,71.0,0.9468,0.0,0.0,1.0,0.0,0.0003,0.0,0.1479,185.5071,0.0,0.0,0.0,0.0,no_change,0.0,,0.0,186.074996948242,339.815,2026-09-28 18:44:43,2026-09-28 14:45:04
AAPL,AAPL261030C00160000,AAPL,2026-10-30,C,160.0,179.05,89.0,182.45,71.0,1.0841,0.0,0.0,1.0,0.0,0.0004,0.0,0.1526,180.5291,0.0,0.0,0.0,0.0,no_change,0.0,,0.0,181.099998474121,339.815,2026-09-28 18:44:43,2026-09-28 14:45:04
AAPL,AAPL261030C00165000,AAPL,2026-10-30,C,165.0,174.2,76.0,177.0,75.0,0.8884,0.0,0.0,0.9999,0.0,0.0006,0.0,0.1574,175.5513,0.0,0.0,0.0,0.0,no_change,0.0,,0.0,176.099998474121,339.815,2026-09-28 18:44:43,2026-09-28 14:45:04
AAPL,AAPL261030C00170000,AAPL,2026-10-30,C,170.0,169.0,76.0,172.0,71.0,0.0,0.0,0.0,0.9999,0.0,0.0008,0.0,0.1621,170.5737,0.0,0.0,0.0,0.0,no_change,0.0,,0.0,171.125,339.815,2026-09-28 18:44:43,2026-09-28 14:45:04
AAPL,AAPL261030C00175000,AAPL,2026-10-30,C,175.0,164.25,76.0,167.0,71.0,0.7879,0.0,0.0,0.9998,0.0,0.0011,0.0,0.1669,165.5963,0.0,0.0,0.0,0.0,no_change,0.0,,0.0,166.099998474121,339.815,2026-09-28 18:44:43,2026-09-28 14:45:04
AAPL,AAPL261030C00180000,AAPL,2026-10-30,C,180.0,159.25,76.0,162.05,71.0,0.7637,0.0,0.0,0.9997,0.0,0.0014,0.0,0.1716,160.6193,0.0,0.0,0.0,0.0,no_change,0.0,,0.0,161.150001525879,339.815,2026-09-28 18:44:43,2026-09-28 14:45:04
AAPL,AAPL261030C00185000,AAPL,2026-10-30,C,185.0,154.3,76.0,157.05,71.0,0.7393,2.0,0.0,0.9996,0.0,0.0018,0.0,0.1764,155.6428,0.0,0.0,0.0,0.0,no_change,145.82,2026-09-15T10:55:44,0.0,156.175003051758,339.815,2026-09-28 18:44:43,2026-09-28 14:45:04
AAPL,AAPL261030C00190000,AAPL,2026-10-30,C,190.0,149.3,76.0,152.1,71.0,0.7149,2.0,0.0,0.9994,0.0,0.0023,0.0,0.1811,150.6666,0.0,0.0,0.0,0.0,down,140.89,2026-09-15T10:55:44,0.0,151.200004577637,339.815,2026-09-28 18:44:43,2026-09-28 14:45:04
AAPL,AAPL261030C00195000,AAPL,2026-10-30,C,195.0,144.35,76.0,147.1,71.0,0.6904,0.0,0.0,0.9993,0.0,0.0029,0.0,0.1858,145.6911,0.0,0.0,0.0,0.0,no_change,0.0,,0.0,146.25,339.815,2026-09-28 18:44:43,2026-09-28 14:45:04
AAPL,AAPL261030C00200000,AAPL,2026-10-30,C,200.0,139.35,76.0,142.15,71.0,0.6661,0.0,0.0,0.999,0.0001,0.0036,0.0,0.1905,140.7162,0.0,0.0,0.0,0.0,no_change,0.0,,0.0,141.274993896484,339.815,2026-09-28 18:44:43,2026-09-28 14:45:04
AAPL,AAPL261030C00205000,AAPL,2026-10-30,C,205.0,134.2,77.0,137.15,71.0,0.0,0.0,0.0,0.9988,0.0001,0.0044,0.0,0.1952,135.7421,0.0,0.0,0.0,0.0,no_change,0.0,,0.0,136.275001525879,339.815,2026-09-28 18:44:43,2026-09-28 14:45:04
AAPL,AAPL261030C00210000,AAPL,2026-10-30,C,210.0,129.2,89.0,132.15,71.0,0.0,1.0,0.0,0.9984,0.0001,0.0055,0.0,0.1998,130.7689,0.0,0.0,0.0,0.0,up,125.54,2026-09-11T12:46:00,0.0,131.324996948242,339.815,2026-09-28 18:44:43,2026-09-28 14:45:04
AAPL,AAPL261030C00215000,AAPL,2026-10-30,C,215.0,124.45,90.0,127.2,71.0,0.5936,11.0,0.0,0.998,0.0001,0.0067,0.0,0.2045,125.7967,0.0,0.0,0.0,0.0,down,120.53,2026-09-14T13:54:26,0.0,126.375,339.815,2026-09-28 18:44:43,2026-09-28 14:45:04
AAPL,AAPL261030C00220000,AAPL,2026-10-30,C,220.0,119.7,104.0,122.2,105.0,0.6345,2.0,0.0,0.9976,0.0001,0.0081,0.0,0.2091,120.8256,0.0,0.0,0.0,0.0,up,121.04,2026-09-22T10:27:02,0.0,121.400001525879,339.815,2026-09-28 18:44:43,2026-09-28 14:45:04
AAPL,AAPL261030C00225000,AAPL,2026-10-30,C,225.0,114.55,103.0,117.25,104.0,0.5653,1.0,0.0,0.997,0.0002,0.0098,0.0,0.2136,115.856,0.0,0.0,0.0,0.0,down,113.29,2026-09-23T13:20:21,0.0,116.375,339.815,2026-09-28 18:44:43,2026-09-28 14:45:04
AAPL,AAPL261030C00230000,AAPL,2026-10-30,C,230.0,109.55,102.0,112.3,103.0,0.5404,0.0,0.0,0.9963,0.0002,0.0117,0.0,0.2182,110.8879,0.0,0.0,0.0,0.0,no_change,0.0,,0.0,111.400001525879,339.815,2026-09-28 18:44:43,2026-09-28 14:45:04
AAPL,AAPL261030C00235000,AAPL,2026-10-30,C,235.0,104.95,102.0,107.3,104.0,0.5873,0.0,0.0,0.9954,0.0003,0.014,0.0,0.2227,105.9216,0.0,0.0,0.0,0.0,no_change,0.0,,0.0,106.5,339.815,2026-09-28 18:44:43,2026-09-28 14:45:04
AAPL,AAPL261030C00240000,AAPL,2026-10-30,C,240.0,99.9,103.0,102.35,99.0,0.5515,27.0,0.0,0.9944,0.0003,0.0166,0.0,0.2271,100.9574,0.0,0.0,0.0,0.0,up,100.43,2026-09-21T12:42:59,0.0,101.550003051758,339.815,2026-09-28 18:44:43,2026-09-28 14:45:04
AAPL,AAPL261030C00245000,AAPL,2026-10-30,C,245.0,94.65,103.0,97.4,101.0,0.4794,3.0,2.0,0.9933,0.0004,0.0197,-0.0015,0.2315,95.9957,1.25,97.45,97.45,97.45,up,97.45,2026-09-28T10:33:05,1.29938,96.2000007629394,339.815,2026-09-28 18:44:43,2026-09-28 14:45:04
AAPL,AAPL261030C00250000,AAPL,2026-10-30,C,250.0,90.1,173.0,92.4,175.0,0.5156,10.0,1.0,0.9918,0.0005,0.0233,-0.004,0.2358,91.037,-2.075,89.4,89.4,89.4,down,89.4,2026-09-28T11:06:15,-2.26838,91.4750022888184,339.815,2026-09-28 18:44:43,2026-09-28 14:45:04
AAPL,AAPL261030C00255000,AAPL,2026-10-30,C,255.0,84.75,102.0,87.45,103.0,0.4395,24.0,0.0,0.9901,0.0006,0.0275,-0.0067,0.24,86.0819,0.0,0.0,0.0,0.0,up,82.0,2026-09-25T10:00:36,0.0,86.6500015258789,339.815,2026-09-28 18:44:43,2026-09-28 14:45:04
AAPL,AAPL261030C00260000,AAPL,2026-10-30,C,260.0,79.8,103.0,82.5,100.0,0.4227,5.0,0.0,0.988,0.0007,0.0325,-0.0097,0.2441,81.1313,0.0,0.0,0.0,0.0,no_change,80.3,2026-09-21T13:44:43,0.0,81.6999969482422,339.815,2026-09-28 18:44:43,2026-09-28 14:45:04
AAPL,AAPL261030C00265000,AAPL,2026-10-30,C,265.0,75.1,103.0,77.55,103.0,0.4329,13.0,0.0,0.9855,0.0009,0.0384,-0.013,0.248,76.1866,0.0,0.0,0.0,0.0,down,73.2,2026-09-23T12:01:33,0.0,76.8250007629394,339.815,2026-09-28 18:44:43,2026-09-28 14:45:04
AAPL,AAPL261030C00270000,AAPL,2026-10-30,C,270.0,69.95,105.0,72.65,99.0,0.396,27.0,0.0,0.9823,0.0011,0.0454,-0.0167,0.2517,71.2496,0.0,0.0,0.0,0.0,no_change,67.83,2026-09-24T11:42:40,0.0,71.8499984741211,339.815,2026-09-28 18:44:43,2026-09-28 14:45:04
AAPL,AAPL261030C00275000,AAPL,2026-10-30,C,275.0,65.0,138.0,67.7,129.0,0.3746,27.0,0.0,0.9783,0.0014,0.0541,-0.021,0.2552,66.3232,0.0,0.0,0.0,0.0,up,66.57,2026-09-25T14:15:04,0.0,66.6999969482422,339.815,2026-09-28 18:44:43,2026-09-28 14:45:04
AAPL,AAPL261030C00280000,AAPL,2026-10-30,C,280.0,60.05,138.0,62.8,128.0,0.3567,53.0,0.0,0.9731,0.0017,0.0645,-0.026,0.2582,61.4122,0.0,0.0,0.0,0.0,up,62.19,2026-09-25T15:40:06,0.0,61.875,339.815,2026-09-28 18:44:43,2026-09-28 14:45:04
AAPL,AAPL261030C00285000,AAPL,2026-10-30,C,285.0,55.95,47.0,57.05,85.0,0.3373,17.0,1.0,0.9663,0.0022,0.0778,-0.032,0.2607,56.5232,-0.285,56.74,56.74,56.74,up,56.74,2026-09-28T14:26:52,-0.499783,57.0250015258789,339.815,2026-09-28 18:44:43,2026-09-28 14:45:04
AAPL,AAPL261030C00290000,AAPL,2026-10-30,C,290.0,50.7,288.0,53.05,282.0,0.3485,122.0,0.0,0.9573,0.0027,0.0941,-0.0393,0.2625,51.6667,0.0,0.0,0.0,0.0,up,49.16,2026-09-25T10:52:10,0.0,51.9249992370606,339.815,2026-09-28 18:44:43,2026-09-28 14:45:04
AAPL,AAPL261030C00295000,AAPL,2026-10-30,C,295.0,45.85,303.0,47.75,290.0,0.31,220.0,0.0,0.9451,0.0035,0.1148,-0.0482,0.2631,46.8573,0.0,0.0,0.0,0.0,up,44.41,2026-09-24T09:59:16,0.0,47.2749996185303,339.815,2026-09-28 18:44:43,2026-09-28 14:45:04
AAPL,AAPL261030C00300000,AAPL,2026-10-30,C,300.0,40.75,340.0,42.7,280.0,0.2722,135.0,2.0,0.9288,0.0044,0.1403,-0.0589,0.2624,42.115,0.295,43.17,43.17,43.17,up,43.17,2026-09-28T11:31:32,0.688047,42.875,339.815,2026-09-28 18:44:43,2026-09-28 14:45:04
AAPL,AAPL261030C00305000,AAPL,2026-10-30,C,305.0,36.25,180.0,38.85,183.0,0.3001,62.0,0.0,0.907,0.0056,0.1708,-0.0716,0.2598,37.4664,0.0,0.0,0.0,0.0,up,35.08,2026-09-23T12:58:26,0.0,37.75,339.815,2026-09-28 18:44:43,2026-09-28 14:45:04
AAPL,AAPL261030C00310000,AAPL,2026-10-30,C,310.0,31.85,369.0,33.5,170.0,0.2731,139.0,30.0,0.8786,0.007,0.2063,-0.0862,0.2549,32.9445,0.85,34.85,34.85,34.25,no_change,34.8,2026-09-28T11:55:27,2.50369,33.9499988555908,339.815,2026-09-28 18:44:43,2026-09-28 14:45:04
AAPL,AAPL261030C00315000,AAPL,2026-10-30,C,315.0,28.05,109.0,29.15,95.0,0.2801,389.0,0.0,0.8422,0.0085,0.2456,-0.102,0.2473,28.5887,0.0,0.0,0.0,0.0,up,29.0,2026-09-25T14:23:56,0.0,29.5500001907349,339.815,2026-09-28 18:44:43,2026-09-28 14:45:04
AAPL,AAPL261030C00320000,AAPL,2026-10-30,C,320.0,24.15,72.0,24.85,267.0,0.2753,188.0,24.0,0.7972,0.0102,0.2867,-0.1182,0.2366,24.443,-0.825,25.7,26.0,24.3,down,24.3,2026-09-28T13:52:58,-3.28358,25.125,339.815,2026-09-28 18:44:43,2026-09-28 14:45:04
AAPL,AAPL261030C00325000,AAPL,2026-10-30,C,325.0,19.55,424.0,21.0,399.0,0.259,176.0,42.0,0.7432,0.0119,0.3264,-0.1334,0.2227,20.5542,-0.225,21.53,21.65,20.8,down,20.8,2026-09-28T13:17:30,-1.07015,21.0249996185303,339.815,2026-09-28 18:44:43,2026-09-28 14:45:04
AAPL,AAPL261030C00330000,AAPL,2026-10-30,C,330.0,16.65,212.0,17.75,361.0,0.2691,496.0,24.0,0.6806,0.0134,0.361,-0.1461,0.2056,16.9685,-0.6,19.0,19.3,16.9,down,16.9,2026-09-28T13:59:51,-3.42857,17.5,339.815,2026-09-28 18:44:43,2026-09-28 14:45:04
AAPL,AAPL261030C00335000,AAPL,2026-10-30,C,335.0,13.55,201.0,14.15,396.0,0.2614,1534.0,197.0,0.6106,0.0147,0.3868,-0.1549,0.1859,13.7274,-0.705,14.92,15.8,13.45,no_change,13.92,2026-09-28T14:17:24,-4.82051,14.625,339.815,2026-09-28 18:44:43,2026-09-28 14:45:04
AAPL,AAPL261030C00340000,AAPL,2026-10-30,C,340.0,10.7,210.0,11.15,438.0,0.2558,1022.0,167.0,0.5354,0.0154,0.4005,-0.1585,0.164,10.8636,-0.925,11.07,12.65,10.75,down,10.75,2026-09-28T13:56:16,-7.92291,11.6750001907349,339.815,2026-09-28 18:44:43,2026-09-28 14:45:04
AAPL,AAPL261030C00345000,AAPL,2026-10-30,C,345.0,8.3,138.0,8.8,532.0,0.2545,1664.0,192.0,0.4578,0.0156,0.3999,-0.1562,0.141,8.3972,-0.6,9.75,10.25,8.4,down,8.5,2026-09-28T13:27:43,-6.59341,9.09999990463257,339.815,2026-09-28 18:44:43,2026-09-28 14:45:04
AAPL,AAPL261030C00350000,AAPL,2026-10-30,C,350.0,6.25,197.0,6.45,14.0,0.2479,2641.0,324.0,0.3809,0.0152,0.3846,-0.1481,0.1178,6.3323,-0.535,6.85,8.25,6.26,up,6.34,2026-09-28T14:29:30,-7.78182,6.875,339.815,2026-09-28 18:44:43,2026-09-28 14:45:04
AAPL,AAPL261030C00355000,AAPL,2026-10-30,C,355.0,4.55,355.0,4.75,50.0,0.2446,2608.0,266.0,0.308,0.0142,0.356,-0.1351,0.0955,4.6561,-0.415,5.1,5.67,4.6,up,4.66,2026-09-28T14:26:46,-8.17734,5.07500004768372,339.815,2026-09-28 18:44:43,2026-09-28 14:45:04
AAPL,AAPL261030C00360000,AAPL,2026-10-30,C,360.0,3.25,242.0,3.35,1.0,0.2416,2465.0,316.0,0.2415,0.0127,0.3166,-0.1184,0.075,3.3303,-0.39,3.9,4.3,3.05,up,3.31,2026-09-28T14:29:23,-10.5405,3.69999992847443,339.815,2026-09-28 18:44:43,2026-09-28 14:45:04
AAPL,AAPL261030C00365000,AAPL,2026-10-30,C,365.0,2.19,496.0,2.49,640.0,0.2411,2933.0,137.0,0.1843,0.0109,0.2716,-0.1,0.0573,2.332,-0.33,2.9,3.0,2.19,down,2.3,2026-09-28T14:27:26,-12.5475,2.62999999523163,339.815,2026-09-28 18:44:43,2026-09-28 14:45:04
AAPL,AAPL261030C00370000,AAPL,2026-10-30,C,370.0,1.5,494.0,1.68,455.0,0.2393,2537.0,266.0,0.1369,0.009,0.2249,-0.0815,0.0426,1.5989,-0.215,1.85,2.15,1.56,down,1.56,2026-09-28T13:59:19,-12.1127,1.77499997615814,339.815,2026-09-28 18:44:43,2026-09-28 14:45:04
AAPL,AAPL261030C00375000,AAPL,2026-10-30,C,375.0,1.03,153.0,1.09,58.0,0.2382,367.0,320.0,0.0994,0.0072,0.1804,-0.0644,0.0309,1.0772,-0.155,1.29,1.4,1.06,down,1.07,2026-09-28T14:19:17,-12.6531,1.22500002384186,339.815,2026-09-28 18:44:43,2026-09-28 14:45:04
AAPL,AAPL261030C00380000,AAPL,2026-10-30,C,380.0,0.69,117.0,0.8,452.0,0.2414,421.0,62.0,0.0707,0.0056,0.1407,-0.0496,0.022,0.7165,-0.13,0.89,1.04,0.72,down,0.72,2026-09-28T13:21:21,-15.2941,0.849999994039536,339.815,2026-09-28 18:44:43,2026-09-28 14:45:04
AAPL,AAPL261030C00385000,AAPL,2026-10-30,C,385.0,0.45,222.0,0.58,513.0,0.2441,172.0,81.0,0.0496,0.0042,0.1074,-0.0374,0.0154,0.473,-0.085,0.61,0.65,0.46,no_change,0.46,2026-09-28T13:15:26,-15.5963,0.545000016689301,339.815,2026-09-28 18:44:43,2026-09-28 14:45:04
AAPL,AAPL261030C00390000,AAPL,2026-10-30,C,390.0,0.22,385.0,0.45,598.0,0.2444,164.0,36.0,0.0346,0.0031,0.0809,-0.0279,0.0107,0.3128,0.03,0.32,0.41,0.32,up,0.37,2026-09-28T10:26:24,8.82353,0.339999988675118,339.815,2026-09-28 18:44:43,2026-09-28 14:45:04
AAPL,AAPL261030C00395000,AAPL,2026-10-30,C,395.0,0.17,275.0,0.34,563.0,0.2519,89.0,3.0,0.0238,0.0023,0.06,-0.0205,0.0074,0.2061,0.0,0.26,0.26,0.25,no_change,0.25,2026-09-28T13:22:28,0.0,0.25,339.815,2026-09-28 18:44:43,2026-09-28 14:45:04
AAPL,AAPL261030C00400000,AAPL,2026-10-30,C,400.0,0.1,281.0,0.2,609.0,0.2492,448.0,21.0,0.0166,0.0016,0.0445,-0.0151,0.0051,0.1382,-0.025,0.18,0.18,0.15,down,0.15,2026-09-28T12:32:08,-14.2857,0.175000004470348,339.815,2026-09-28 18:44:43,2026-09-28 14:45:04
AAPL,AAPL261030C00405000,AAPL,2026-10-30,C,405.0,0.06,219.0,0.11,296.0,0.2466,55.0,35.0,0.0117,0.0012,0.0332,-0.0113,0.0036,0.0947,-0.015,0.12,0.12,0.09,up,0.11,2026-09-28T13:01:19,-12.0,0.124999997206032,339.815,2026-09-28 18:44:43,2026-09-28 14:45:04
AAPL,AAPL261030C00410000,AAPL,2026-10-30,C,410.0,0.0,0.0,0.2,404.0,0.2673,25.0,0.0,0.0084,0.0009,0.025,-0.0085,0.0026,0.0665,0.0,0.0,0.0,0.0,up,0.1,2026-09-25T10:40:02,0.0,0.125000001862645,339.815,2026-09-28 18:44:43,2026-09-28 14:45:04
AAPL,AAPL261030C00415000,AAPL,2026-10-30,C,415.0,0.01,75.0,0.09,360.0,0.2604,30.0,0.0,0.0063,0.0007,0.0194,-0.0066,0.0019,0.0487,0.0,0.0,0.0,0.0,up,0.07,2026-09-25T13:59:18,0.0,0.0700000002980232,339.815,2026-09-28 18:44:43,2026-09-28 14:45:04
AAPL,AAPL261030P00110000,AAPL,2026-10-30,P,110.0,0.0,0.0,0.52,312.0,1.6105,0.0,0.0,0.0,0.0,0.0,0.0,0.0,0.0,0.0,0.0,0.0,0.0,no_change,0.0,,0.0,0.259999990463257,339.815,2026-09-28 18:44:43,2026-09-28 14:45:04
AAPL,AAPL261030P00120000,AAPL,2026-10-30,P,120.0,0.0,0.0,0.52,302.0,1.4927,0.0,0.0,0.0,0.0,0.0,0.0,0.0,0.0001,0.0,0.0,0.0,0.0,no_change,0.0,,0.0,0.259999990463257,339.815,2026-09-28 18:44:43,2026-09-28 14:45:04
AAPL,AAPL261030P00125000,AAPL,2026-10-30,P,125.0,0.0,0.0,0.52,303.0,1.4376,0.0,0.0,0.0,0.0,0.0,0.0,0.0,0.0001,0.0,0.0,0.0,0.0,no_change,0.0,,0.0,0.259999990463257,339.815,2026-09-28 18:44:43,2026-09-28 14:45:04
AAPL,AAPL261030P00130000,AAPL,2026-10-30,P,130.0,0.0,0.0,0.52,305.0,1.3846,0.0,0.0,0.0,0.0,0.0001,-0.0001,0.0,0.0002,0.0,0.0,0.0,0.0,no_change,0.0,,0.0,0.259999990463257,339.815,2026-09-28 18:44:43,2026-09-28 14:45:04
AAPL,AAPL261030P00135000,AAPL,2026-10-30,P,135.0,0.0,0.0,0.52,304.0,1.3337,0.0,0.0,0.0,0.0,0.0001,-0.0001,0.0,0.0003,0.0,0.0,0.0,0.0,no_change,0.0,,0.0,0.259999990463257,339.815,2026-09-28 18:44:43,2026-09-28 14:45:04
AAPL,AAPL261030P00140000,AAPL,2026-10-30,P,140.0,0.0,0.0,0.51,367.0,1.2816,0.0,0.0,0.0,0.0,0.0001,-0.0001,0.0,0.0004,0.0,0.0,0.0,0.0,no_change,0.0,,0.0,0.254999995231628,339.815,2026-09-28 18:44:43,2026-09-28 14:45:04
AAPL,AAPL261030P00145000,AAPL,2026-10-30,P,145.0,0.0,0.0,0.51,317.0,1.2344,0.0,0.0,0.0,0.0,0.0002,-0.0002,0.0,0.0006,0.0,0.0,0.0,0.0,no_change,0.0,,0.0,0.254999995231628,339.815,2026-09-28 18:44:43,2026-09-28 14:45:04
AAPL,AAPL261030P00150000,AAPL,2026-10-30,P,150.0,0.0,0.0,0.5,325.0,1.1858,0.0,0.0,-0.0001,0.0,0.0002,-0.0002,0.0,0.0009,0.0,0.0,0.0,0.0,no_change,0.0,,0.0,0.254999995231628,339.815,2026-09-28 18:44:43,2026-09-28 14:45:04
AAPL,AAPL261030P00155000,AAPL,2026-10-30,P,155.0,0.0,0.0,0.5,347.0,1.1418,0.0,0.0,-0.0001,0.0,0.0003,-0.0003,0.0,0.0013,0.0,0.0,0.0,0.0,no_change,0.0,,0.0,0.25,339.815,2026-09-28 18:44:43,2026-09-28 14:45:04
AAPL,AAPL261030P00160000,AAPL,2026-10-30,P,160.0,0.0,0.0,0.49,340.0,1.0963,0.0,0.0,-0.0001,0.0,0.0004,-0.0004,0.0,0.0018,0.0,0.0,0.0,0.0,no_change,0.0,,0.0,0.25,339.815,2026-09-28 18:44:43,2026-09-28 14:45:04
AAPL,AAPL261030P00165000,AAPL,2026-10-30,P,165.0,0.0,0.0,0.48,323.0,1.0524,0.0,0.0,-0.0001,0.0,0.0006,-0.0006,0.0,0.0025,0.0,0.0,0.0,0.0,no_change,0.0,,0.0,0.245000004768372,339.815,2026-09-28 18:44:43,2026-09-28 14:45:04
AAPL,AAPL261030P00170000,AAPL,2026-10-30,P,170.0,0.0,0.0,0.47,312.0,1.0098,0.0,0.0,-0.0002,0.0,0.0008,-0.0007,-0.0001,0.0034,0.0,0.0,0.0,0.0,no_change,0.0,,0.0,0.234999999403954,339.815,2026-09-28 18:44:43,2026-09-28 14:45:04
AAPL,AAPL261030P00175000,AAPL,2026-10-30,P,175.0,0.0,0.0,0.46,308.0,0.9684,0.0,0.0,-0.0003,0.0,0.0011,-0.001,-0.0001,0.0046,0.0,0.0,0.0,0.0,no_change,0.0,,0.0,0.230000004172325,339.815,2026-09-28 18:44:43,2026-09-28 14:45:04
AAPL,AAPL261030P00180000,AAPL,2026-10-30,P,180.0,0.0,0.0,0.44,319.0,0.9257,0.0,0.0,-0.0004,0.0,0.0014,-0.0012,-0.0001,0.0061,0.0,0.0,0.0,0.0,no_change,0.0,,0.0,0.219999998807907,339.815,2026-09-28 18:44:43,2026-09-28 14:45:04
AAPL,AAPL261030P00185000,AAPL,2026-10-30,P,185.0,0.0,0.0,0.29,288.0,0.8455,8.0,0.0,-0.0005,0.0,0.0018,-0.0016,-0.0001,0.008,0.0,0.0,0.0,0.0,no_change,0.01,2026-09-23T15:55:01,0.0,0.215000003576279,339.815,2026-09-28 18:44:43,2026-09-28 14:45:04
AAPL,AAPL261030P00190000,AAPL,2026-10-30,P,190.0,0.0,0.0,0.4,318.0,0.8437,13.0,0.0,-0.0006,0.0,0.0023,-0.002,-0.0002,0.0105,0.0,0.0,0.0,0.0,down,0.16,2026-09-21T10:28:12,0.0,0.200000002980232,339.815,2026-09-28 18:44:43,2026-09-28 14:45:04
AAPL,AAPL261030P00195000,AAPL,2026-10-30,P,195.0,0.0,0.0,0.37,316.0,0.8017,0.0,0.0,-0.0008,0.0,0.0029,-0.0024,-0.0002,0.0134,0.0,0.0,0.0,0.0,no_change,0.0,,0.0,0.194999992847443,339.815,2026-09-28 18:44:43,2026-09-28 14:45:04
AAPL,AAPL261030P00200000,AAPL,2026-10-30,P,200.0,0.0,0.0,0.25,273.0,0.7333,0.0,0.0,-0.001,0.0001,0.0036,-0.003,-0.0003,0.017,0.0,0.0,0.0,0.0,no_change,0.0,,0.0,0.125,339.815,2026-09-28 18:44:43,2026-09-28 14:45:04
AAPL,AAPL261030P00205000,AAPL,2026-10-30,P,205.0,0.0,0.0,0.3,312.0,0.7175,0.0,0.0,-0.0013,0.0001,0.0045,-0.0036,-0.0004,0.0215,0.0,0.0,0.0,0.0,no_change,0.0,,0.0,0.165000006556511,339.815,2026-09-28 18:44:43,2026-09-28 14:45:04
AAPL,AAPL261030P00210000,AAPL,2026-10-30,P,210.0,0.0,0.0,0.25,385.0,0.6718,0.0,0.0,-0.0016,0.0001,0.0055,-0.0043,-0.0005,0.0268,0.0,0.0,0.0,0.0,no_change,0.0,,0.0,0.125,339.815,2026-09-28 18:44:43,2026-09-28 14:45:04
AAPL,AAPL261030P00215000,AAPL,2026-10-30,P,215.0,0.0,0.0,0.19,236.0,0.622,3.0,0.0,-0.002,0.0001,0.0067,-0.0052,-0.0006,0.0331,0.0,0.0,0.0,0.0,up,0.29,2026-09-21T09:37:41,0.0,0.109999999403954,339.815,2026-09-28 18:44:43,2026-09-28 14:45:04
AAPL,AAPL261030P00220000,AAPL,2026-10-30,P,220.0,0.0,0.0,0.13,208.0,0.5695,2.0,0.0,-0.0025,0.0001,0.0081,-0.0062,-0.0008,0.0407,0.0,0.0,0.0,0.0,down,0.08,2026-09-16T10:34:47,0.0,0.0799999982118606,339.815,2026-09-28 18:44:43,2026-09-28 14:45:04
AAPL,AAPL261030P00225000,AAPL,2026-10-30,P,225.0,0.0,0.0,0.13,353.0,0.5427,0.0,10.0,-0.0031,0.0002,0.0098,-0.0072,-0.001,0.0496,0.0,0.07,0.07,0.07,down,0.07,2026-09-28T09:57:41,-4.25747e-07,0.0700000002980232,339.815,2026-09-28 18:44:43,2026-09-28 14:45:04
AAPL,AAPL261030P00230000,AAPL,2026-10-30,P,230.0,0.0,0.0,0.16,404.0,0.5283,0.0,0.0,-0.0038,0.0002,0.0118,-0.0085,-0.0012,0.06,0.0,0.0,0.0,0.0,no_change,0.0,,0.0,0.0850000008940697,339.815,2026-09-28 18:44:43,2026-09-28 14:45:04
AAPL,AAPL261030P00235000,AAPL,2026-10-30,P,235.0,0.0,0.0,0.18,487.0,0.5088,0.0,0.0,-0.0047,0.0003,0.014,-0.0098,-0.0014,0.0724,0.0,0.0,0.0,0.0,no_change,0.0,,0.0,0.0850000008940697,339.815,2026-09-28 18:44:43,2026-09-28 14:45:04
AAPL,AAPL261030P00240000,AAPL,2026-10-30,P,240.0,0.0,0.0,0.13,381.0,0.4653,32.0,1.0,-0.0057,0.0003,0.0168,-0.0114,-0.0018,0.0868,0.01,0.09,0.09,0.09,up,0.09,2026-09-28T10:21:58,12.5,0.0800000028684735,339.815,2026-09-28 18:44:43,2026-09-28 14:45:04
AAPL,AAPL261030P00245000,AAPL,2026-10-30,P,245.0,0.0,0.0,0.21,517.0,0.4654,122.0,1.0,-0.0069,0.0004,0.0198,-0.0131,-0.0021,0.1038,0.01,0.12,0.12,0.12,up,0.12,2026-09-28T12:05:53,9.09091,0.109999999403954,339.815,2026-09-28 18:44:43,2026-09-28 14:45:04
AAPL,AAPL261030P00250000,AAPL,2026-10-30,P,250.0,0.06,270.0,0.23,514.0,0.4578,257.0,0.0,-0.0083,0.0005,0.0234,-0.015,-0.0026,0.1237,0.0,0.0,0.0,0.0,down,0.12,2026-09-25T13:33:14,0.0,0.159999994561076,339.815,2026-09-28 18:44:43,2026-09-28 14:45:04
AAPL,AAPL261030P00255000,AAPL,2026-10-30,P,255.0,0.01,546.0,0.18,320.0,0.4095,77.0,1.0,-0.01,0.0006,0.0279,-0.0171,-0.0031,0.1473,0.02,0.18,0.18,0.18,down,0.18,2026-09-28T14:02:31,12.5,0.159999995492399,339.815,2026-09-28 18:44:43,2026-09-28 14:45:04
AAPL,AAPL261030P00260000,AAPL,2026-10-30,P,260.0,0.05,443.0,0.2,1.0,0.3984,27.0,1.0,-0.0121,0.0008,0.0327,-0.0196,-0.0037,0.1756,0.005,0.18,0.18,0.18,down,0.18,2026-09-28T12:06:15,2.85714,0.175000001676381,339.815,2026-09-28 18:44:43,2026-09-28 14:45:04
AAPL,AAPL261030P00265000,AAPL,2026-10-30,P,265.0,0.07,496.0,0.31,480.0,0.3949,79.0,31.0,-0.0148,0.0009,0.0389,-0.0224,-0.0045,0.2105,-0.025,0.16,0.2,0.16,no_change,0.2,2026-09-28T12:07:14,-11.1111,0.225000008940697,339.815,2026-09-28 18:44:43,2026-09-28 14:45:04
AAPL,AAPL261030P00270000,AAPL,2026-10-30,P,270.0,0.21,197.0,0.35,471.0,0.391,506.0,101.0,-0.018,0.0011,0.0459,-0.0256,-0.0055,0.2528,-0.015,0.22,0.26,0.22,down,0.23,2026-09-28T10:21:19,-6.12245,0.245000003837049,339.815,2026-09-28 18:44:43,2026-09-28 14:45:04
AAPL,AAPL261030P00275000,AAPL,2026-10-30,P,275.0,0.28,166.0,0.36,406.0,0.3722,247.0,116.0,-0.0221,0.0014,0.0545,-0.0293,-0.0067,0.3057,-0.005,0.3,0.32,0.28,no_change,0.32,2026-09-28T14:08:51,-1.53846,0.325000002980232,339.815,2026-09-28 18:44:43,2026-09-28 14:45:04
AAPL,AAPL261030P00280000,AAPL,2026-10-30,P,280.0,0.22,579.0,0.47,407.0,0.35,87.0,19.0,-0.0272,0.0018,0.065,-0.0337,-0.0082,0.3724,-0.03,0.3,0.4,0.29,down,0.34,2026-09-28T13:28:43,-8.10811,0.370000012218952,339.815,2026-09-28 18:44:43,2026-09-28 14:45:04
AAPL,AAPL261030P00285000,AAPL,2026-10-30,P,285.0,0.39,379.0,0.5,116.0,0.3379,175.0,19.0,-0.0341,0.0022,0.0784,-0.0391,-0.0104,0.4632,-0.06,0.45,0.53,0.45,down,0.46,2026-09-28T13:27:40,-11.5385,0.519999995827675,339.815,2026-09-28 18:44:43,2026-09-28 14:45:04
AAPL,AAPL261030P00290000,AAPL,2026-10-30,P,290.0,0.52,430.0,0.64,285.0,0.3264,302.0,37.0,-0.0433,0.0028,0.0948,-0.0459,-0.013,0.5873,-0.005,0.51,0.61,0.47,up,0.6,2026-09-28T14:00:04,-0.826447,0.605000004172325,339.815,2026-09-28 18:44:43,2026-09-28 14:45:04
AAPL,AAPL261030P00295000,AAPL,2026-10-30,P,295.0,0.7,466.0,0.8,215.0,0.3147,429.0,108.0,-0.0555,0.0035,0.116,-0.0542,-0.0167,0.7566,-0.06,0.74,0.79,0.65,down,0.75,2026-09-28T14:17:32,-7.40741,0.810000002384186,339.815,2026-09-28 18:44:43,2026-09-28 14:45:04
AAPL,AAPL261030P00300000,AAPL,2026-10-30,P,300.0,0.94,536.0,1.04,290.0,0.304,849.0,94.0,-0.0722,0.0045,0.1415,-0.0646,-0.0216,0.9976,-0.03,0.97,1.05,0.86,up,1.01,2026-09-28T13:48:17,-2.88462,1.04000002145767,339.815,2026-09-28 18:44:43,2026-09-28 14:45:04
AAPL,AAPL261030P00305000,AAPL,2026-10-30,P,305.0,1.3,275.0,1.38,103.0,0.2956,608.0,184.0,-0.0943,0.0056,0.1717,-0.077,-0.0279,1.3322,-0.065,1.27,1.39,1.15,down,1.3,2026-09-28T14:20:16,-4.76191,1.36500000953674,339.815,2026-09-28 18:44:43,2026-09-28 14:45:04
AAPL,AAPL261030P00310000,AAPL,2026-10-30,P,310.0,1.73,409.0,1.94,725.0,0.2885,818.0,148.0,-0.1234,0.0071,0.2078,-0.0912,-0.0362,1.7989,-0.025,1.7,1.84,1.55,up,1.83,2026-09-28T14:28:43,-1.34771,1.85500001907349,339.815,2026-09-28 18:44:43,2026-09-28 14:45:04
AAPL,AAPL261030P00315000,AAPL,2026-10-30,P,315.0,2.37,526.0,2.51,158.0,0.28,965.0,293.0,-0.1601,0.0086,0.2473,-0.1067,-0.0464,2.4285,0.02,2.3,2.49,2.1,down,2.43,2026-09-28T14:11:18,0.829877,2.4099999666214,339.815,2026-09-28 18:44:43,2026-09-28 14:45:04
AAPL,AAPL261030P00320000,AAPL,2026-10-30,P,320.0,3.2,501.0,3.3,10.0,0.2724,856.0,365.0,-0.2059,0.0104,0.2887,-0.1226,-0.059,3.2748,0.0,3.3,3.35,2.76,no_change,3.25,2026-09-28T14:19:22,0.0,3.25,339.815,2026-09-28 18:44:43,2026-09-28 14:45:04
AAPL,AAPL261030P00325000,AAPL,2026-10-30,P,325.0,4.35,170.0,4.5,146.0,0.2692,428.0,226.0,-0.2606,0.0121,0.3282,-0.1376,-0.0735,4.375,0.055,4.11,4.6,3.83,down,4.38,2026-09-28T14:29:37,1.27168,4.32500004768372,339.815,2026-09-28 18:44:43,2026-09-28 14:45:04
AAPL,AAPL261030P00330000,AAPL,2026-10-30,P,330.0,5.6,716.0,6.0,488.0,0.263,875.0,93.0,-0.3244,0.0137,0.3625,-0.1502,-0.0898,5.7901,0.0,5.65,5.95,5.0,up,5.7,2026-09-28T13:27:43,-8.36556e-07,5.70000004768372,339.815,2026-09-28 18:44:43,2026-09-28 14:45:04
AAPL,AAPL261030P00335000,AAPL,2026-10-30,P,335.0,7.45,551.0,7.75,437.0,0.2593,367.0,651.0,-0.3959,0.015,0.3876,-0.1589,-0.1072,7.5568,0.13,7.5,7.8,6.6,up,7.58,2026-09-28T14:28:29,1.74497,7.45000004768372,339.815,2026-09-28 18:44:43,2026-09-28 14:45:04
AAPL,AAPL261030P00340000,AAPL,2026-10-30,P,340.0,9.65,44.0,9.95,553.0,0.2565,560.0,300.0,-0.4729,0.0158,0.4,-0.1625,-0.1236,9.7096,-0.05,9.4,10.0,8.45,down,9.5,2026-09-28T14:23:56,-0.523557,9.5499997138977,339.815,2026-09-28 18:44:43,2026-09-28 14:45:04
AAPL,AAPL261030P00345000,AAPL,2026-10-30,P,345.0,12.0,289.0,12.55,309.0,0.2507,180.0,276.0,-0.5528,0.0161,0.3973,-0.1603,-0.1383,12.2705,0.105,11.95,12.85,10.8,down,12.13,2026-09-28T14:12:32,0.87318,12.0250000953674,339.815,2026-09-28 18:44:43,2026-09-28 14:45:04
AAPL,AAPL261030P00350000,AAPL,2026-10-30,P,350.0,14.85,384.0,15.45,139.0,0.245,75.0,149.0,-0.6324,0.0158,0.3789,-0.1524,-0.1504,15.2458,0.285,14.75,15.45,13.5,up,15.11,2026-09-28T14:15:54,1.92243,14.8249998092651,339.815,2026-09-28 18:44:43,2026-09-28 14:45:04
AAPL,AAPL261030P00355000,AAPL,2026-10-30,P,355.0,18.25,199.0,19.35,378.0,0.2499,19.0,11.0,-0.7085,0.0148,0.3458,-0.1396,-0.1555,18.6247,-0.45,18.5,18.5,17.7,up,17.85,2026-09-28T11:44:06,-2.45902,18.3000001907349,339.815,2026-09-28 18:44:43,2026-09-28 14:45:04
AAPL,AAPL261030P00360000,AAPL,2026-10-30,P,360.0,21.45,412.0,22.9,385.0,0.2354,42.0,2.0,-0.7782,0.0135,0.2989,-0.1232,-0.1538,22.3816,-0.625,21.6,21.6,21.6,no_change,21.6,2026-09-28T11:25:25,-2.81215,22.2249994277954,339.815,2026-09-28 18:44:43,2026-09-28 14:45:04
AAPL,AAPL261030P00365000,AAPL,2026-10-30,P,365.0,25.8,237.0,27.0,232.0,0.2376,3.0,2.0,-0.8396,0.0118,0.243,-0.1052,-0.1424,26.475,-0.53,25.65,25.65,25.52,down,25.52,2026-09-28T11:25:25,-2.03455,26.0500001907349,339.815,2026-09-28 18:44:43,2026-09-28 14:45:04
AAPL,AAPL261030P00370000,AAPL,2026-10-30,P,370.0,29.95,352.0,31.65,383.0,0.2367,3.0,3.0,-0.8917,0.0101,0.1845,-0.0875,-0.1228,30.8533,-0.69,30.0,30.0,29.81,down,29.81,2026-09-28T11:43:15,-2.2623,30.5,339.815,2026-09-28 18:44:43,2026-09-28 14:45:04
AAPL,AAPL261030P00375000,AAPL,2026-10-30,P,375.0,34.2,188.0,36.6,177.0,0.2334,6.0,1.0,-0.9342,0.0083,0.1265,-0.0707,-0.0906,35.4646,-1.705,33.42,33.42,33.42,down,33.42,2026-09-28T09:48:01,-4.85409,35.125,339.815,2026-09-28 18:44:43,2026-09-28 14:45:04
AAPL,AAPL261030P00380000,AAPL,2026-10-30,P,380.0,39.0,160.0,40.95,160.0,0.0,2.0,20.0,-0.9686,0.0071,0.0737,-0.054,-0.0534,40.2556,0.275,40.2,40.2,40.2,down,40.2,2026-09-28T14:20:56,0.688793,39.9249992370606,339.815,2026-09-28 18:44:43,2026-09-28 14:45:04
AAPL,AAPL261030P00385000,AAPL,2026-10-30,P,385.0,44.0,130.0,46.3,98.0,0.0,0.0,0.0,-0.9916,0.0036,0.026,-0.0437,-0.0176,45.1874,0.0,0.0,0.0,0.0,no_change,0.0,,0.0,44.8250007629394,339.815,2026-09-28 18:44:43,2026-09-28 14:45:04
AAPL,AAPL261030P00390000,AAPL,2026-10-30,P,390.0,49.0,106.0,51.05,101.0,0.0,0.0,0.0,-0.9995,0.0002,0.0,-0.0414,0.0,50.185,0.0,0.0,0.0,0.0,up,52.25,2026-09-23T13:10:10,0.0,49.4750003814697,339.815,2026-09-28 18:44:43,2026-09-28 14:45:04
AAPL,AAPL261030P00395000,AAPL,2026-10-30,P,395.0,54.0,105.0,56.05,102.0,0.0,0.0,0.0,-1.0,0.0,0.0,-0.0414,0.0,55.185,0.0,0.0,0.0,0.0,no_change,0.0,,0.0,54.8250007629394,339.815,2026-09-28 18:44:43,2026-09-28 14:45:04
AAPL,AAPL261030P00400000,AAPL,2026-10-30,P,400.0,59.0,103.0,61.4,102.0,0.3046,0.0,0.0,-1.0,0.0,0.0,-0.0414,0.0,60.185,0.0,0.0,0.0,0.0,no_change,0.0,,0.0,59.8250007629394,339.815,2026-09-28 18:44:43,2026-09-28 14:45:04
AAPL,AAPL261030P00405000,AAPL,2026-10-30,P,405.0,64.0,105.0,66.4,101.0,0.3234,0.0,0.0,-1.0,0.0,0.0,-0.0414,0.0,65.185,0.0,0.0,0.0,0.0,no_change,0.0,,0.0,64.6749992370606,339.815,2026-09-28 18:44:43,2026-09-28 14:45:04
AAPL,AAPL261030P00410000,AAPL,2026-10-30,P,410.0,69.0,106.0,71.4,101.0,0.3419,0.0,0.0,-1.0,0.0,0.0,-0.0414,0.0,70.185,0.0,0.0,0.0,0.0,no_change,0.0,,0.0,69.8249969482422,339.815,2026-09-28 18:44:43,2026-09-28 14:45:04
AAPL,AAPL261030P00415000,AAPL,2026-10-30,P,415.0,73.2,76.0,76.4,71.0,0.0,0.0,0.0,-1.0,0.0,0.0,-0.0414,0.0,75.185,0.0,0.0,0.0,0.0,no_change,0.0,,0.0,74.8249969482422,339.815,2026-09-28 18:44:43,2026-09-28 14:45:04
AAPL,AAPL261106C00110000,AAPL,2026-11-06,C,110.0,228.9,102.0,231.85,71.0,1.1977,0.0,0.0,1.0,0.0,0.0,0.0,0.1258,230.3357,0.0,0.0,0.0,0.0,no_change,0.0,,0.0,231.050003051758,339.815,2026-09-28 18:44:43,2026-09-28 14:45:04
AAPL,AAPL261106C00120000,AAPL,2026-11-06,C,120.0,218.95,76.0,221.9,71.0,1.1045,0.0,0.0,1.0,0.0,0.0001,0.0,0.1373,220.3876,0.0,0.0,0.0,0.0,no_change,0.0,,0.0,221.099998474121,339.815,2026-09-28 18:44:43,2026-09-28 14:45:04
AAPL,AAPL261106C00125000,AAPL,2026-11-06,C,125.0,213.85,77.0,216.9,71.0,0.0,0.0,0.0,1.0,0.0,0.0001,0.0,0.143,215.4136,0.0,0.0,0.0,0.0,no_change,0.0,,0.0,216.074996948242,339.815,2026-09-28 18:44:43,2026-09-28 14:45:04
AAPL,AAPL261106C00130000,AAPL,2026-11-06,C,130.0,209.15,76.0,211.95,71.0,1.1378,0.0,0.0,1.0,0.0,0.0001,0.0,0.1487,210.4397,0.0,0.0,0.0,0.0,no_change,0.0,,0.0,211.099998474121,339.815,2026-09-28 18:44:43,2026-09-28 14:45:04
AAPL,AAPL261106C00135000,AAPL,2026-11-06,C,135.0,204.2,76.0,207.5,71.0,1.272,0.0,0.0,1.0,0.0,0.0002,0.0,0.1544,205.4658,0.0,0.0,0.0,0.0,no_change,0.0,,0.0,206.175003051758,339.815,2026-09-28 18:44:43,2026-09-28 14:45:04
AAPL,AAPL261106C00140000,AAPL,2026-11-06,C,140.0,199.25,76.0,202.0,71.0,1.0773,0.0,0.0,1.0,0.0,0.0003,0.0,0.1601,200.492,0.0,0.0,0.0,0.0,no_change,0.0,,0.0,201.150001525879,339.815,2026-09-28 18:44:43,2026-09-28 14:45:04
AAPL,AAPL261106C00145000,AAPL,2026-11-06,C,145.0,193.9,86.0,197.55,71.0,1.0916,0.0,0.0,1.0,0.0,0.0004,0.0,0.1658,195.5183,0.0,0.0,0.0,0.0,no_change,0.0,,0.0,196.175003051758,339.815,2026-09-28 18:44:43,2026-09-28 14:45:04
AAPL,AAPL261106C00150000,AAPL,2026-11-06,C,150.0,189.1,1.0,192.05,71.0,0.8666,0.0,0.0,0.9999,0.0,0.0005,0.0,0.1715,190.5447,0.0,0.0,0.0,0.0,no_change,0.0,,0.0,191.25,339.815,2026-09-28 18:44:43,2026-09-28 14:45:04
AAPL,AAPL261106C00155000,AAPL,2026-11-06,C,155.0,184.3,76.0,187.6,72.0,1.0942,0.0,0.0,0.9999,0.0,0.0006,0.0,0.1772,185.5712,0.0,0.0,0.0,0.0,no_change,0.0,,0.0,186.25,339.815,2026-09-28 18:44:43,2026-09-28 14:45:04
AAPL,AAPL261106C00160000,AAPL,2026-11-06,C,160.0,179.05,84.0,182.1,71.0,0.0,0.0,0.0,0.9998,0.0,0.0009,0.0,0.1829,180.598,0.0,0.0,0.0,0.0,no_change,0.0,,0.0,181.425003051758,339.815,2026-09-28 18:44:43,2026-09-28 14:45:04
AAPL,AAPL261106C00165000,AAPL,2026-11-06,C,165.0,173.95,87.0,177.1,71.0,0.0,0.0,0.0,0.9998,0.0,0.0011,0.0,0.1886,175.6251,0.0,0.0,0.0,0.0,no_change,0.0,,0.0,176.349998474121,339.815,2026-09-28 18:44:43,2026-09-28 14:45:04
AAPL,AAPL261106C00170000,AAPL,2026-11-06,C,170.0,169.35,76.0,172.15,71.0,0.8323,0.0,0.0,0.9997,0.0,0.0014,0.0,0.1943,170.6525,0.0,0.0,0.0,0.0,no_change,0.0,,0.0,171.375,339.815,2026-09-28 18:44:43,2026-09-28 14:45:04
AAPL,AAPL261106C00175000,AAPL,2026-11-06,C,175.0,164.45,76.0,167.7,72.0,0.9464,0.0,0.0,0.9996,0.0,0.0018,0.0,0.2,165.6803,0.0,0.0,0.0,0.0,no_change,0.0,,0.0,166.400001525879,339.815,2026-09-28 18:44:43,2026-09-28 14:45:04
AAPL,AAPL261106C00180000,AAPL,2026-11-06,C,180.0,159.15,76.0,162.2,71.0,0.0,0.0,0.0,0.9995,0.0,0.0023,0.0,0.2057,160.7085,0.0,0.0,0.0,0.0,no_change,0.0,,0.0,161.400001525879,339.815,2026-09-28 18:44:43,2026-09-28 14:45:04
AAPL,AAPL261106C00185000,AAPL,2026-11-06,C,185.0,154.2,80.0,157.25,71.0,0.511,0.0,0.0,0.9993,0.0,0.003,0.0,0.2113,155.7374,0.0,0.0,0.0,0.0,no_change,0.0,,0.0,156.474998474121,339.815,2026-09-28 18:44:43,2026-09-28 14:45:04
AAPL,AAPL261106C00190000,AAPL,2026-11-06,C,190.0,149.3,76.0,152.6,72.0,0.7655,0.0,0.0,0.9991,0.0,0.0037,0.0,0.217,150.7669,0.0,0.0,0.0,0.0,no_change,0.0,,0.0,151.474998474121,339.815,2026-09-28 18:44:43,2026-09-28 14:45:04
AAPL,AAPL261106C00195000,AAPL,2026-11-06,C,195.0,144.5,76.0,147.3,72.0,0.6937,0.0,0.0,0.9988,0.0001,0.0046,0.0,0.2226,145.7971,0.0,0.0,0.0,0.0,no_change,0.0,,0.0,146.25,339.815,2026-09-28 18:44:43,2026-09-28 14:45:04
AAPL,AAPL261106C00200000,AAPL,2026-11-06,C,200.0,139.3,76.0,142.8,72.0,0.7241,0.0,0.0,0.9985,0.0001,0.0056,0.0,0.2282,140.8283,0.0,0.0,0.0,0.0,no_change,0.0,,0.0,141.5,339.815,2026-09-28 18:44:43,2026-09-28 14:45:04
AAPL,AAPL261106C00205000,AAPL,2026-11-06,C,205.0,134.35,76.0,137.35,71.0,0.5354,0.0,0.0,0.9982,0.0001,0.0068,0.0,0.2338,135.8605,0.0,0.0,0.0,0.0,no_change,0.0,,0.0,136.300003051758,339.815,2026-09-28 18:44:43,2026-09-28 14:45:04
AAPL,AAPL261106C00210000,AAPL,2026-11-06,C,210.0,129.6,103.0,132.35,102.0,0.6077,19.0,0.0,0.9977,0.0001,0.0083,0.0,0.2393,130.8939,0.0,0.0,0.0,0.0,up,130.56,2026-09-25T13:01:31,0.0,131.349998474121,339.815,2026-09-28 18:44:43,2026-09-28 14:45:04
AAPL,AAPL261106C00215000,AAPL,2026-11-06,C,215.0,124.7,105.0,127.4,101.0,0.6052,0.0,0.0,0.9972,0.0001,0.01,0.0,0.2448,125.9287,0.0,0.0,0.0,0.0,no_change,0.0,,0.0,126.575000762939,339.815,2026-09-28 18:44:43,2026-09-28 14:45:04
AAPL,AAPL261106C00220000,AAPL,2026-11-06,C,220.0,119.9,103.0,122.45,102.0,0.6138,0.0,0.0,0.9966,0.0002,0.0119,0.0,0.2503,120.965,0.0,0.0,0.0,0.0,no_change,0.0,,0.0,121.399997711182,339.815,2026-09-28 18:44:43,2026-09-28 14:45:04
AAPL,AAPL261106C00225000,AAPL,2026-11-06,C,225.0,114.95,102.0,117.45,101.0,0.5855,2.0,0.0,0.9958,0.0002,0.0142,0.0,0.2557,116.0032,0.0,0.0,0.0,0.0,up,116.25,2026-09-25T13:47:11,0.0,116.825000762939,339.815,2026-09-28 18:44:43,2026-09-28 14:45:04
AAPL,AAPL261106C00230000,AAPL,2026-11-06,C,230.0,110.1,102.0,112.5,101.0,0.5777,0.0,0.0,0.995,0.0003,0.0169,0.0,0.2611,111.0434,0.0,0.0,0.0,0.0,no_change,0.0,,0.0,111.799999237061,339.815,2026-09-28 18:44:43,2026-09-28 14:45:04
AAPL,AAPL261106C00235000,AAPL,2026-11-06,C,235.0,105.25,101.0,107.55,102.0,0.5664,0.0,0.0,0.9939,0.0003,0.0199,-0.0004,0.2664,106.086,0.0,0.0,0.0,0.0,no_change,0.0,,0.0,106.875,339.815,2026-09-28 18:44:43,2026-09-28 14:45:04
AAPL,AAPL261106C00240000,AAPL,2026-11-06,C,240.0,100.2,103.0,102.6,102.0,0.5331,0.0,0.0,0.9926,0.0004,0.0235,-0.0025,0.2716,101.1315,0.0,0.0,0.0,0.0,no_change,0.0,,0.0,101.549999237061,339.815,2026-09-28 18:44:43,2026-09-28 14:45:04
AAPL,AAPL261106C00245000,AAPL,2026-11-06,C,245.0,95.25,104.0,97.65,103.0,0.5106,0.0,0.0,0.9912,0.0005,0.0276,-0.0048,0.2767,96.1804,0.0,0.0,0.0,0.0,no_change,0.0,,0.0,96.9750022888184,339.815,2026-09-28 18:44:43,2026-09-28 14:45:04
AAPL,AAPL261106C00250000,AAPL,2026-11-06,C,250.0,89.95,102.0,92.7,102.0,0.4515,0.0,0.0,0.9894,0.0006,0.0324,-0.0072,0.2817,91.2333,0.0,0.0,0.0,0.0,no_change,0.0,,0.0,91.8249969482422,339.815,2026-09-28 18:44:43,2026-09-28 14:45:04
AAPL,AAPL261106C00255000,AAPL,2026-11-06,C,255.0,85.25,101.0,87.75,101.0,0.4565,2.0,0.0,0.9872,0.0007,0.038,-0.0099,0.2866,86.2912,0.0,0.0,0.0,0.0,up,82.27,2026-09-25T10:00:36,0.0,86.9749984741211,339.815,2026-09-28 18:44:43,2026-09-28 14:45:04
AAPL,AAPL261106C00260000,AAPL,2026-11-06,C,260.0,80.3,102.0,82.8,102.0,0.4343,0.0,0.0,0.9846,0.0009,0.0445,-0.0129,0.2912,81.3556,0.0,0.0,0.0,0.0,no_change,0.0,,0.0,82.0,339.815,2026-09-28 18:44:43,2026-09-28 14:45:04
AAPL,AAPL261106C00265000,AAPL,2026-11-06,C,265.0,75.35,102.0,77.9,98.0,0.4156,0.0,0.0,0.9814,0.0011,0.0523,-0.0162,0.2957,76.4281,0.0,0.0,0.0,0.0,no_change,0.0,,0.0,77.0750007629394,339.815,2026-09-28 18:44:43,2026-09-28 14:45:04
AAPL,AAPL261106C00270000,AAPL,2026-11-06,C,270.0,70.55,137.0,72.95,128.0,0.4025,1.0,0.0,0.9774,0.0013,0.0616,-0.02,0.2998,71.5119,0.0,0.0,0.0,0.0,up,68.4,2026-09-24T09:33:59,0.0,72.0250015258789,339.815,2026-09-28 18:44:43,2026-09-28 14:45:04
AAPL,AAPL261106C00275000,AAPL,2026-11-06,C,275.0,65.65,137.0,68.05,128.0,0.3845,4.0,0.0,0.9724,0.0016,0.0727,-0.0244,0.3035,66.611,0.0,0.0,0.0,0.0,no_change,65.24,2026-09-25T11:42:27,0.0,67.0499992370606,339.815,2026-09-28 18:44:43,2026-09-28 14:45:04
AAPL,AAPL261106C00280000,AAPL,2026-11-06,C,280.0,60.8,136.0,63.2,128.0,0.3703,1.0,0.0,0.966,0.002,0.0865,-0.0295,0.3066,61.7315,0.0,0.0,0.0,0.0,up,62.05,2026-09-25T15:40:02,0.0,62.1000003814697,339.815,2026-09-28 18:44:43,2026-09-28 14:45:04
AAPL,AAPL261106C00285000,AAPL,2026-11-06,C,285.0,56.05,135.0,58.35,128.0,0.3581,3.0,0.0,0.9577,0.0024,0.1031,-0.0355,0.309,56.8824,0.0,0.0,0.0,0.0,up,55.35,2026-09-24T13:35:48,0.0,57.6000003814697,339.815,2026-09-28 18:44:43,2026-09-28 14:45:04
AAPL,AAPL261106C00290000,AAPL,2026-11-06,C,290.0,51.0,158.0,53.55,142.0,0.334,52.0,0.0,0.9468,0.0031,0.1236,-0.0428,0.3103,52.0756,0.0,0.0,0.0,0.0,up,52.3,2026-09-25T15:11:31,0.0,52.5,339.815,2026-09-28 18:44:43,2026-09-28 14:45:04
AAPL,AAPL261106C00295000,AAPL,2026-11-06,C,295.0,46.05,150.0,48.75,141.0,0.313,4.0,0.0,0.9326,0.0038,0.1483,-0.0514,0.3103,47.3274,0.0,0.0,0.0,0.0,up,45.0,2026-09-24T14:05:06,0.0,47.7249984741211,339.815,2026-09-28 18:44:43,2026-09-28 14:45:04
AAPL,AAPL261106C00300000,AAPL,2026-11-06,C,300.0,42.15,71.0,44.1,230.0,0.3241,1.0,2.0,0.9142,0.0047,0.1776,-0.0614,0.3085,42.659,-0.2,43.4,43.4,43.0,down,43.0,2026-09-28T10:45:19,-0.462965,43.2000007629394,339.815,2026-09-28 18:44:43,2026-09-28 14:45:04
AAPL,AAPL261106C00305000,AAPL,2026-11-06,C,305.0,37.25,330.0,39.55,300.0,0.305,29.0,19.0,0.8906,0.0058,0.2118,-0.0729,0.3046,38.0964,0.695,39.0,40.27,39.0,down,39.42,2026-09-28T10:39:31,1.79471,38.7249984741211,339.815,2026-09-28 18:44:43,2026-09-28 14:45:04
AAPL,AAPL261106C00310000,AAPL,2026-11-06,C,310.0,32.85,338.0,35.0,375.0,0.2938,15.0,17.0,0.8609,0.007,0.2499,-0.0855,0.298,33.6703,1.475,35.9,36.18,35.8,down,35.8,2026-09-28T10:27:18,4.29716,34.3250007629394,339.815,2026-09-28 18:44:43,2026-09-28 14:45:04
AAPL,AAPL261106C00315000,AAPL,2026-11-06,C,315.0,28.45,426.0,30.55,357.0,0.2801,26.0,4.0,0.8243,0.0084,0.2905,-0.0987,0.2886,29.416,0.825,31.65,31.86,30.5,up,30.6,2026-09-28T12:48:50,2.77078,29.7750005722046,339.815,2026-09-28 18:44:43,2026-09-28 14:45:04
AAPL,AAPL261106C00320000,AAPL,2026-11-06,C,320.0,24.95,379.0,25.8,341.0,0.2716,11.0,4.0,0.7803,0.0098,0.3315,-0.1118,0.2761,25.3716,-0.925,27.55,27.74,25.3,down,25.3,2026-09-28T14:13:12,-3.52717,26.2249994277954,339.815,2026-09-28 18:44:43,2026-09-28 14:45:04
AAPL,AAPL261106C00325000,AAPL,2026-11-06,C,325.0,21.3,74.0,22.05,311.0,0.2691,12.0,5.0,0.7289,0.0111,0.3702,-0.1238,0.2604,21.5757,0.725,23.08,23.86,23.05,down,23.05,2026-09-28T10:26:12,3.24748,22.3250007629395,339.815,2026-09-28 18:44:43,2026-09-28 14:45:04
AAPL,AAPL261106C00330000,AAPL,2026-11-06,C,330.0,17.7,360.0,18.45,214.0,0.2621,20.0,22.0,0.6706,0.0124,0.4035,-0.1337,0.2416,18.0658,-0.5,20.15,20.3,18.28,up,18.4,2026-09-28T11:21:50,-2.6455,18.8999996185303,339.815,2026-09-28 18:44:43,2026-09-28 14:45:04
AAPL,AAPL261106C00335000,AAPL,2026-11-06,C,335.0,14.6,162.0,15.2,247.0,0.2583,13.0,57.0,0.6065,0.0134,0.4283,-0.1404,0.2201,14.8748,0.385,16.9,16.9,14.78,up,15.86,2026-09-28T11:27:23,2.48788,15.4750003814697,339.815,2026-09-28 18:44:43,2026-09-28 14:45:04
AAPL,AAPL261106C00340000,AAPL,2026-11-06,C,340.0,11.85,116.0,12.3,177.0,0.2547,74.0,77.0,0.5388,0.014,0.4419,-0.1433,0.1968,12.0485,-1.125,13.85,14.05,11.75,no_change,11.85,2026-09-28T14:28:51,-8.67052,12.9749999046326,339.815,2026-09-28 18:44:43,2026-09-28 14:45:04
AAPL,AAPL261106C00345000,AAPL,2026-11-06,C,345.0,9.3,247.0,9.8,418.0,0.2508,89.0,21.0,0.468,0.0142,0.4426,-0.1418,0.1718,9.5432,-0.295,10.05,11.25,9.55,no_change,9.93,2026-09-28T13:05:04,-2.88508,10.2249999046326,339.815,2026-09-28 18:44:43,2026-09-28 14:45:04
AAPL,AAPL261106C00350000,AAPL,2026-11-06,C,350.0,7.15,418.0,7.65,324.0,0.2469,143.0,39.0,0.3985,0.0139,0.43,-0.136,0.147,7.4377,-0.575,8.7,8.8,7.32,up,7.45,2026-09-28T14:11:04,-7.16511,8.02499985694885,339.815,2026-09-28 18:44:43,2026-09-28 14:45:04
AAPL,AAPL261106C00355000,AAPL,2026-11-06,C,355.0,5.5,330.0,5.8,160.0,0.2447,71.0,79.0,0.3313,0.0132,0.4049,-0.1264,0.1226,5.6711,-0.6,6.45,6.95,5.6,down,5.6,2026-09-28T14:04:24,-9.67742,6.20000004768372,339.815,2026-09-28 18:44:43,2026-09-28 14:45:04
AAPL,AAPL261106C00360000,AAPL,2026-11-06,C,360.0,4.1,299.0,4.35,34.0,0.2431,21.0,59.0,0.2687,0.0121,0.3692,-0.1138,0.0997,4.234,0.075,4.55,5.35,4.3,up,4.7,2026-09-28T12:05:13,1.62162,4.625,339.815,2026-09-28 18:44:43,2026-09-28 14:45:04
AAPL,AAPL261106C00365000,AAPL,2026-11-06,C,365.0,3.05,93.0,3.35,545.0,0.2446,80.0,45.0,0.2134,0.0108,0.3269,-0.0995,0.0793,3.1087,-0.09,3.84,3.85,3.15,down,3.19,2026-09-28T14:05:38,-2.7439,3.27999997138977,339.815,2026-09-28 18:44:43,2026-09-28 14:45:04
AAPL,AAPL261106C00370000,AAPL,2026-11-06,C,370.0,2.12,220.0,2.44,469.0,0.242,19.0,24.0,0.1659,0.0093,0.2812,-0.0845,0.0618,2.2446,-0.27,2.5,2.72,2.25,no_change,2.34,2026-09-28T14:25:22,-10.3448,2.61000001430511,339.815,2026-09-28 18:44:43,2026-09-28 14:45:04
AAPL,AAPL261106C00375000,AAPL,2026-11-06,C,375.0,1.55,162.0,1.74,457.0,0.2421,84.0,230.0,0.1265,0.0077,0.2355,-0.0699,0.0471,1.5979,-0.195,1.75,1.85,1.63,up,1.64,2026-09-28T14:25:22,-10.6267,1.83499997854233,339.815,2026-09-28 18:44:43,2026-09-28 14:45:04
AAPL,AAPL261106C00380000,AAPL,2026-11-06,C,380.0,1.1,108.0,1.32,453.0,0.2445,101.0,145.0,0.0949,0.0063,0.1927,-0.0565,0.0353,1.125,0.02,1.45,1.68,1.16,up,1.32,2026-09-28T14:19:02,1.53846,1.30000001192093,339.815,2026-09-28 18:44:43,2026-09-28 14:45:04
AAPL,AAPL261106C00385000,AAPL,2026-11-06,C,385.0,0.77,97.0,0.99,450.0,0.2464,8.0,10.0,0.0701,0.005,0.1544,-0.0447,0.026,0.7826,-0.09,0.8,1.59,0.8,up,0.99,2026-09-28T14:19:02,-8.33333,1.08000001311302,339.815,2026-09-28 18:44:43,2026-09-28 14:45:04
AAPL,AAPL261106C00390000,AAPL,2026-11-06,C,390.0,0.49,275.0,0.66,539.0,0.2436,19.0,17.0,0.0513,0.0039,0.1219,-0.035,0.019,0.5443,-0.115,0.69,0.71,0.57,down,0.57,2026-09-28T14:13:19,-16.7883,0.685000002384186,339.815,2026-09-28 18:44:43,2026-09-28 14:45:04
AAPL,AAPL261106C00395000,AAPL,2026-11-06,C,395.0,0.36,119.0,0.45,272.0,0.2454,22.0,35.0,0.0374,0.003,0.0952,-0.0271,0.0139,0.379,-0.235,0.48,0.6,0.38,down,0.38,2026-09-28T11:30:00,-38.2114,0.614999994635582,339.815,2026-09-28 18:44:43,2026-09-28 14:45:04
AAPL,AAPL261106C00400000,AAPL,2026-11-06,C,400.0,0.21,268.0,0.37,491.0,0.2483,7.0,21.0,0.0274,0.0023,0.0741,-0.021,0.0101,0.2673,-0.105,0.34,0.34,0.3,down,0.3,2026-09-28T10:48:27,-25.9259,0.405000008642674,339.815,2026-09-28 18:44:43,2026-09-28 14:45:04
AAPL,AAPL261106C00405000,AAPL,2026-11-06,C,405.0,0.16,63.0,0.33,488.0,0.2574,4.0,1.0,0.0201,0.0018,0.0574,-0.0162,0.0074,0.1894,-0.115,0.2,0.2,0.2,down,0.2,2026-09-28T10:38:53,-36.5079,0.315000011585653,339.815,2026-09-28 18:44:43,2026-09-28 14:45:04
AAPL,AAPL261106C00410000,AAPL,2026-11-06,C,410.0,0.03,413.0,0.26,359.0,0.2531,0.0,0.0,0.0148,0.0013,0.0446,-0.0126,0.0055,0.1364,0.0,0.0,0.0,0.0,no_change,0.0,,0.0,0.264999985694885,339.815,2026-09-28 18:44:43,2026-09-28 14:45:04
AAPL,AAPL261106C00415000,AAPL,2026-11-06,C,415.0,0.01,219.0,0.1,10.0,0.2374,0.0,0.0,0.0112,0.001,0.0351,-0.01,0.0041,0.1004,0.0,0.0,0.0,0.0,no_change,0.0,,0.0,0.239999994635582,339.815,2026-09-28 18:44:43,2026-09-28 14:45:04
AAPL,AAPL261106P00110000,AAPL,2026-11-06,P,110.0,0.0,0.0,2.13,329.0,1.7819,0.0,0.0,0.0,0.0,0.0,0.0,0.0,0.0002,0.0,0.0,0.0,0.0,no_change,0.0,,0.0,1.06500005722046,339.815,2026-09-28 18:44:43,2026-09-28 14:45:04
AAPL,AAPL261106P00120000,AAPL,2026-11-06,P,120.0,0.0,0.0,2.13,460.0,1.6535,0.0,0.0,0.0,0.0,0.0001,-0.0001,0.0,0.0003,0.0,0.0,0.0,0.0,no_change,0.0,,0.0,1.06500005722046,339.815,2026-09-28 18:44:43,2026-09-28 14:45:04
AAPL,AAPL261106P00125000,AAPL,2026-11-06,P,125.0,0.0,0.0,2.13,308.0,1.5935,0.0,0.0,0.0,0.0,0.0001,-0.0001,0.0,0.0004,0.0,0.0,0.0,0.0,no_change,0.0,,0.0,1.06500005722046,339.815,2026-09-28 18:44:43,2026-09-28 14:45:04
AAPL,AAPL261106P00130000,AAPL,2026-11-06,P,130.0,0.0,0.0,2.13,167.0,1.5359,0.0,0.0,0.0,0.0,0.0001,-0.0001,0.0,0.0006,0.0,0.0,0.0,0.0,no_change,0.0,,0.0,1.06500005722046,339.815,2026-09-28 18:44:43,2026-09-28 14:45:04
AAPL,AAPL261106P00135000,AAPL,2026-11-06,P,135.0,0.0,0.0,2.13,166.0,1.4806,0.0,0.0,0.0,0.0,0.0002,-0.0002,0.0,0.0008,0.0,0.0,0.0,0.0,no_change,0.0,,0.0,1.06500005722046,339.815,2026-09-28 18:44:43,2026-09-28 14:45:04
AAPL,AAPL261106P00140000,AAPL,2026-11-06,P,140.0,0.0,0.0,2.13,158.0,1.4273,0.0,0.0,-0.0001,0.0,0.0003,-0.0002,0.0,0.0011,0.0,0.0,0.0,0.0,no_change,0.0,,0.0,1.06500005722046,339.815,2026-09-28 18:44:43,2026-09-28 14:45:04
AAPL,AAPL261106P00145000,AAPL,2026-11-06,P,145.0,0.0,0.0,2.13,311.0,1.376,0.0,0.0,-0.0001,0.0,0.0004,-0.0003,0.0,0.0015,0.0,0.0,0.0,0.0,no_change,0.0,,0.0,1.06500005722046,339.815,2026-09-28 18:44:43,2026-09-28 14:45:04
AAPL,AAPL261106P00150000,AAPL,2026-11-06,P,150.0,0.0,0.0,2.13,308.0,1.3264,0.0,0.0,-0.0001,0.0,0.0005,-0.0004,0.0,0.002,0.0,0.0,0.0,0.0,no_change,0.0,,0.0,0.449999988079071,339.815,2026-09-28 18:44:43,2026-09-28 14:45:04
AAPL,AAPL261106P00155000,AAPL,2026-11-06,P,155.0,0.0,0.0,2.13,455.0,1.2784,0.0,0.0,-0.0001,0.0,0.0006,-0.0005,-0.0001,0.0027,0.0,0.0,0.0,0.0,no_change,0.0,,0.0,1.06500005722046,339.815,2026-09-28 18:44:43,2026-09-28 14:45:04
AAPL,AAPL261106P00160000,AAPL,2026-11-06,P,160.0,0.0,0.0,2.13,446.0,1.232,0.0,0.0,-0.0002,0.0,0.0009,-0.0006,-0.0001,0.0036,0.0,0.0,0.0,0.0,no_change,0.0,,0.0,1.06500005722046,339.815,2026-09-28 18:44:43,2026-09-28 14:45:04
AAPL,AAPL261106P00165000,AAPL,2026-11-06,P,165.0,0.0,0.0,2.13,311.0,1.187,0.0,0.0,-0.0003,0.0,0.0011,-0.0008,-0.0001,0.0047,0.0,0.0,0.0,0.0,no_change,0.0,,0.0,1.06500005722046,339.815,2026-09-28 18:44:43,2026-09-28 14:45:04
AAPL,AAPL261106P00170000,AAPL,2026-11-06,P,170.0,0.0,0.0,2.13,431.0,1.1434,0.0,0.0,-0.0004,0.0,0.0014,-0.001,-0.0001,0.0062,0.0,0.0,0.0,0.0,no_change,0.0,,0.0,1.06500005722046,339.815,2026-09-28 18:44:43,2026-09-28 14:45:04
AAPL,AAPL261106P00175000,AAPL,2026-11-06,P,175.0,0.0,0.0,2.13,428.0,1.1009,0.0,0.0,-0.0004,0.0,0.0018,-0.0013,-0.0002,0.0081,0.0,0.0,0.0,0.0,no_change,0.0,,0.0,1.06500005722046,339.815,2026-09-28 18:44:43,2026-09-28 14:45:04
AAPL,AAPL261106P00180000,AAPL,2026-11-06,P,180.0,0.0,0.0,2.13,456.0,1.0598,0.0,0.0,-0.0006,0.0,0.0024,-0.0016,-0.0002,0.0105,0.0,0.0,0.0,0.0,no_change,0.0,,0.0,1.06500005722046,339.815,2026-09-28 18:44:43,2026-09-28 14:45:04
AAPL,AAPL261106P00185000,AAPL,2026-11-06,P,185.0,0.0,0.0,2.13,310.0,1.0196,0.0,0.0,-0.0008,0.0,0.003,-0.002,-0.0003,0.0135,0.0,0.0,0.0,0.0,no_change,0.0,,0.0,1.06500005722046,339.815,2026-09-28 18:44:43,2026-09-28 14:45:04
AAPL,AAPL261106P00190000,AAPL,2026-11-06,P,190.0,0.0,0.0,2.13,307.0,0.9805,0.0,0.0,-0.001,0.0,0.0037,-0.0025,-0.0004,0.0171,0.0,0.0,0.0,0.0,no_change,0.0,,0.0,1.06500005722046,339.815,2026-09-28 18:44:43,2026-09-28 14:45:04
AAPL,AAPL261106P00195000,AAPL,2026-11-06,P,195.0,0.0,0.0,2.13,307.0,0.9423,0.0,0.0,-0.0012,0.0001,0.0046,-0.003,-0.0005,0.0215,0.0,0.0,0.0,0.0,no_change,0.0,,0.0,0.109999999403954,339.815,2026-09-28 18:44:43,2026-09-28 14:45:04
AAPL,AAPL261106P00200000,AAPL,2026-11-06,P,200.0,0.0,0.0,2.14,562.0,0.9057,0.0,0.0,-0.0015,0.0001,0.0056,-0.0036,-0.0006,0.0268,0.0,0.0,0.0,0.0,no_change,0.0,,0.0,0.109999999403954,339.815,2026-09-28 18:44:43,2026-09-28 14:45:04
AAPL,AAPL261106P00205000,AAPL,2026-11-06,P,205.0,0.0,0.0,2.14,559.0,0.8693,0.0,0.0,-0.0019,0.0001,0.0068,-0.0043,-0.0007,0.0331,0.0,0.0,0.0,0.0,no_change,0.0,,0.0,1.07000005245209,339.815,2026-09-28 18:44:43,2026-09-28 14:45:04
AAPL,AAPL261106P00210000,AAPL,2026-11-06,P,210.0,0.0,0.0,0.12,13.0,0.562,0.0,0.0,-0.0023,0.0001,0.0083,-0.0051,-0.0009,0.0406,0.0,0.0,0.0,0.0,no_change,0.0,,0.0,1.00999999046326,339.815,2026-09-28 18:44:43,2026-09-28 14:45:04
AAPL,AAPL261106P00215000,AAPL,2026-11-06,P,215.0,0.0,0.0,0.34,768.0,0.6045,0.0,0.0,-0.0028,0.0001,0.01,-0.006,-0.0011,0.0496,0.0,0.0,0.0,0.0,no_change,0.0,,0.0,1.07500004768372,339.815,2026-09-28 18:44:43,2026-09-28 14:45:04
AAPL,AAPL261106P00220000,AAPL,2026-11-06,P,220.0,0.01,66.0,0.16,486.0,0.5319,0.0,4.0,-0.0035,0.0002,0.012,-0.007,-0.0013,0.0601,-1.02,0.12,0.12,0.06,no_change,0.06,2026-09-28T11:14:27,-94.4444,1.08000004291534,339.815,2026-09-28 18:44:43,2026-09-28 14:45:04
AAPL,AAPL261106P00225000,AAPL,2026-11-06,P,225.0,0.01,63.0,0.23,596.0,0.5276,0.0,4.0,-0.0042,0.0002,0.0142,-0.0082,-0.0016,0.0724,-0.125,0.11,0.11,0.05,no_change,0.05,2026-09-28T09:54:10,-71.4286,0.174999997019768,339.815,2026-09-28 18:44:43,2026-09-28 14:45:04
AAPL,AAPL261106P00230000,AAPL,2026-11-06,P,230.0,0.01,288.0,0.32,732.0,0.5224,0.0,2.0,-0.0051,0.0003,0.0169,-0.0095,-0.0019,0.0868,-0.16,0.12,0.12,0.05,down,0.05,2026-09-28T09:54:40,-76.1905,0.209999993443489,339.815,2026-09-28 18:44:43,2026-09-28 14:45:04
AAPL,AAPL261106P00235000,AAPL,2026-11-06,P,235.0,0.02,310.0,0.24,589.0,0.4822,0.0,4.0,-0.0062,0.0003,0.0201,-0.0109,-0.0024,0.1037,-0.13,0.12,0.12,0.08,no_change,0.08,2026-09-28T09:55:33,-61.9048,0.209999993443489,339.815,2026-09-28 18:44:43,2026-09-28 14:45:04
AAPL,AAPL261106P00240000,AAPL,2026-11-06,P,240.0,0.06,125.0,0.18,467.0,0.4532,0.0,5.0,-0.0074,0.0004,0.0236,-0.0125,-0.0028,0.1234,-0.035,0.16,0.2,0.1,up,0.18,2026-09-28T11:28:27,-16.2791,0.215000003576279,339.815,2026-09-28 18:44:43,2026-09-28 14:45:04
AAPL,AAPL261106P00245000,AAPL,2026-11-06,P,245.0,0.02,399.0,0.18,302.0,0.42,13.0,4.0,-0.009,0.0005,0.0277,-0.0143,-0.0034,0.1465,-0.01,0.18,0.18,0.1,up,0.11,2026-09-28T09:57:54,-8.33334,0.120000002905726,339.815,2026-09-28 18:44:43,2026-09-28 14:45:04
AAPL,AAPL261106P00250000,AAPL,2026-11-06,P,250.0,0.05,371.0,0.31,570.0,0.4276,0.0,12.0,-0.0107,0.0006,0.0326,-0.0162,-0.004,0.1738,-0.14,0.18,0.19,0.12,no_change,0.16,2026-09-28T11:16:36,-46.6667,0.299999985843897,339.815,2026-09-28 18:44:43,2026-09-28 14:45:04
AAPL,AAPL261106P00255000,AAPL,2026-11-06,P,255.0,0.01,546.0,0.27,448.0,0.3902,0.0,0.0,-0.0129,0.0007,0.0381,-0.0185,-0.0049,0.2061,0.0,0.0,0.0,0.0,no_change,0.0,,0.0,0.334999985992908,339.815,2026-09-28 18:44:43,2026-09-28 14:45:04
AAPL,AAPL261106P00260000,AAPL,2026-11-06,P,260.0,0.04,614.0,0.32,444.0,0.3796,0.0,0.0,-0.0156,0.0009,0.0449,-0.021,-0.0059,0.2447,0.0,0.0,0.0,0.0,no_change,0.0,,0.0,0.375000014901161,339.815,2026-09-28 18:44:43,2026-09-28 14:45:04
AAPL,AAPL261106P00265000,AAPL,2026-11-06,P,265.0,0.18,393.0,0.43,576.0,0.3847,30.0,1.0,-0.0188,0.0011,0.0525,-0.0238,-0.007,0.2919,-0.1,0.23,0.23,0.23,down,0.23,2026-09-28T10:17:24,-30.303,0.329999983310699,339.815,2026-09-28 18:44:43,2026-09-28 14:45:04
AAPL,AAPL261106P00270000,AAPL,2026-11-06,P,270.0,0.24,426.0,0.49,579.0,0.3706,14.0,6.0,-0.0228,0.0013,0.0619,-0.0272,-0.0085,0.3501,0.09,0.37,0.49,0.37,up,0.49,2026-09-28T12:33:09,22.5,0.400000005960464,339.815,2026-09-28 18:44:43,2026-09-28 14:45:04
AAPL,AAPL261106P00275000,AAPL,2026-11-06,P,275.0,0.37,360.0,0.5,435.0,0.356,14.0,3.0,-0.0279,0.0016,0.0731,-0.0311,-0.0104,0.4241,-0.05,0.65,0.65,0.41,up,0.42,2026-09-28T13:47:23,-10.6383,0.469999998807907,339.815,2026-09-28 18:44:43,2026-09-28 14:45:04
AAPL,AAPL261106P00280000,AAPL,2026-11-06,P,280.0,0.47,387.0,0.6,349.0,0.3434,19.0,5.0,-0.0343,0.002,0.0868,-0.0358,-0.0128,0.5195,-0.11,0.47,0.51,0.47,up,0.51,2026-09-28T13:38:44,-17.7419,0.61999998986721,339.815,2026-09-28 18:44:43,2026-09-28 14:45:04
AAPL,AAPL261106P00285000,AAPL,2026-11-06,P,285.0,0.59,475.0,0.73,304.0,0.331,15.0,1.0,-0.0427,0.0025,0.1035,-0.0414,-0.0158,0.6451,-0.03,0.65,0.65,0.65,down,0.65,2026-09-28T10:00:55,-4.41176,0.679999977350235,339.815,2026-09-28 18:44:43,2026-09-28 14:45:04
AAPL,AAPL261106P00290000,AAPL,2026-11-06,P,290.0,0.79,65.0,0.91,338.0,0.3211,33.0,7.0,-0.0537,0.0031,0.1247,-0.0483,-0.0199,0.8147,-0.155,0.76,0.86,0.76,no_change,0.86,2026-09-28T10:46:15,-15.2709,1.01499998569489,339.815,2026-09-28 18:44:43,2026-09-28 14:45:04
AAPL,AAPL261106P00295000,AAPL,2026-11-06,P,295.0,1.0,255.0,1.1,71.0,0.3086,17.0,3.0,-0.068,0.0038,0.1492,-0.0565,-0.025,1.0425,-0.05,1.2,1.2,1.04,down,1.04,2026-09-28T13:37:37,-4.58716,1.0900000333786,339.815,2026-09-28 18:44:43,2026-09-28 14:45:04
AAPL,AAPL261106P00300000,AAPL,2026-11-06,P,300.0,1.28,450.0,1.41,287.0,0.2984,55.0,45.0,-0.0868,0.0048,0.1787,-0.0663,-0.0318,1.3532,-0.115,1.45,1.45,1.2,down,1.33,2026-09-28T14:17:20,-7.95848,1.44499999284744,339.815,2026-09-28 18:44:43,2026-09-28 14:45:04
AAPL,AAPL261106P00305000,AAPL,2026-11-06,P,305.0,1.66,356.0,1.82,70.0,0.2893,88.0,22.0,-0.1107,0.0058,0.2139,-0.0775,-0.0403,1.7697,-0.015,1.87,1.87,1.56,up,1.73,2026-09-28T14:17:20,-0.859599,1.74500000476837,339.815,2026-09-28 18:44:43,2026-09-28 14:45:04
AAPL,AAPL261106P00310000,AAPL,2026-11-06,P,310.0,2.15,490.0,2.38,183.0,0.2811,49.0,36.0,-0.1409,0.0071,0.252,-0.0898,-0.051,2.3252,-0.045,2.21,2.37,2.01,up,2.32,2026-09-28T14:05:38,-1.90275,2.36500000953674,339.815,2026-09-28 18:44:43,2026-09-28 14:45:04
AAPL,AAPL261106P00315000,AAPL,2026-11-06,P,315.0,2.86,609.0,3.1,82.0,0.2745,45.0,72.0,-0.1782,0.0085,0.2922,-0.1029,-0.0638,3.0561,-0.14,2.83,3.08,2.71,no_change,3.0,2026-09-28T14:05:38,-4.4586,3.13999998569488,339.815,2026-09-28 18:44:43,2026-09-28 14:45:04
AAPL,AAPL261106P00320000,AAPL,2026-11-06,P,320.0,3.8,553.0,4.1,163.0,0.2704,42.0,65.0,-0.2225,0.0099,0.3332,-0.1158,-0.0783,3.9884,-0.125,3.58,4.07,3.5,up,4.0,2026-09-28T13:48:09,-3.0303,4.12499988079071,339.815,2026-09-28 18:44:43,2026-09-28 14:45:04
AAPL,AAPL261106P00325000,AAPL,2026-11-06,P,325.0,5.05,161.0,5.3,332.0,0.2663,67.0,249.0,-0.2748,0.0113,0.372,-0.1277,-0.0954,5.1827,-0.275,4.95,5.45,4.56,down,5.05,2026-09-28T14:11:20,-5.16432,5.32500004768372,339.815,2026-09-28 18:44:43,2026-09-28 14:45:04
AAPL,AAPL261106P00330000,AAPL,2026-11-06,P,330.0,6.45,301.0,6.95,751.0,0.2627,51.0,33.0,-0.3343,0.0126,0.405,-0.1376,-0.1139,6.669,-0.055,6.25,6.67,5.91,up,6.67,2026-09-28T13:51:37,-0.817846,6.72500014305115,339.815,2026-09-28 18:44:43,2026-09-28 14:45:04
AAPL,AAPL261106P00335000,AAPL,2026-11-06,P,335.0,8.25,370.0,8.6,84.0,0.2564,31.0,53.0,-0.4,0.0137,0.4288,-0.1445,-0.1328,8.4818,-0.395,7.69,8.73,7.47,up,8.43,2026-09-28T14:27:28,-4.47592,8.8250002861023,339.815,2026-09-28 18:44:43,2026-09-28 14:45:04
AAPL,AAPL261106P00340000,AAPL,2026-11-06,P,340.0,10.35,440.0,10.75,63.0,0.2514,59.0,240.0,-0.4707,0.0144,0.4412,-0.1475,-0.1513,10.6638,-0.245,10.13,11.0,9.4,down,10.53,2026-09-28T14:27:28,-2.27378,10.7750000953674,339.815,2026-09-28 18:44:43,2026-09-28 14:45:04
AAPL,AAPL261106P00345000,AAPL,2026-11-06,P,345.0,12.85,299.0,13.6,634.0,0.2511,0.0,11.0,-0.5434,0.0147,0.4395,-0.1462,-0.1677,13.2056,-0.45,12.83,13.1,12.83,up,13.1,2026-09-28T11:19:33,-3.32103,13.5500001907349,339.815,2026-09-28 18:44:43,2026-09-28 14:45:04
AAPL,AAPL261106P00350000,AAPL,2026-11-06,P,350.0,15.65,541.0,17.0,634.0,0.2524,50.0,53.0,-0.6162,0.0145,0.4232,-0.1407,-0.1805,16.1261,-0.75,15.37,15.8,14.9,up,15.8,2026-09-28T12:11:19,-4.53172,16.5500001907349,339.815,2026-09-28 18:44:43,2026-09-28 14:45:04
AAPL,AAPL261106P00355000,AAPL,2026-11-06,P,355.0,19.05,145.0,20.15,421.0,0.2498,0.0,2.0,-0.6866,0.0139,0.3931,-0.1314,-0.1875,19.4186,-0.25,19.4,19.4,19.4,down,19.4,2026-09-28T10:50:03,-1.27227,19.6500005722046,339.815,2026-09-28 18:44:43,2026-09-28 14:45:04
AAPL,AAPL261106P00360000,AAPL,2026-11-06,P,360.0,21.75,486.0,23.6,296.0,0.2317,0.0,0.0,-0.7524,0.0129,0.3509,-0.119,-0.1872,23.0635,0.0,0.0,0.0,0.0,no_change,0.0,,0.0,23.0,339.815,2026-09-28 18:44:43,2026-09-28 14:45:04
AAPL,AAPL261106P00365000,AAPL,2026-11-06,P,365.0,25.75,402.0,27.55,211.0,0.228,10.0,10.0,-0.812,0.0116,0.2993,-0.1048,-0.1792,27.03,-1.675,25.4,25.4,25.4,no_change,25.4,2026-09-28T10:27:19,-6.18652,27.0749998092651,339.815,2026-09-28 18:44:43,2026-09-28 14:45:04
AAPL,AAPL261106P00370000,AAPL,2026-11-06,P,370.0,30.0,342.0,32.3,338.0,0.2346,0.0,0.0,-0.8642,0.0103,0.2414,-0.0903,-0.1624,31.2788,0.0,0.0,0.0,0.0,no_change,0.0,,0.0,31.0250005722046,339.815,2026-09-28 18:44:43,2026-09-28 14:45:04
AAPL,AAPL261106P00375000,AAPL,2026-11-06,P,375.0,34.5,192.0,37.2,179.0,0.2443,0.0,0.0,-0.9087,0.0089,0.1797,-0.0769,-0.136,35.767,0.0,0.0,0.0,0.0,no_change,0.0,,0.0,35.5499992370606,339.815,2026-09-28 18:44:43,2026-09-28 14:45:04
AAPL,AAPL261106P00380000,AAPL,2026-11-06,P,380.0,39.15,190.0,41.45,182.0,0.2208,0.0,0.0,-0.9466,0.0079,0.1198,-0.0639,-0.1013,40.4516,0.0,0.0,0.0,0.0,no_change,0.0,,0.0,39.9500007629394,339.815,2026-09-28 18:44:43,2026-09-28 14:45:04
AAPL,AAPL261106P00385000,AAPL,2026-11-06,P,385.0,44.0,116.0,46.4,103.0,0.0,0.0,0.0,-0.9761,0.0058,0.0567,-0.0588,-0.0403,45.2972,0.0,0.0,0.0,0.0,no_change,0.0,,0.0,44.8250007629394,339.815,2026-09-28 18:44:43,2026-09-28 14:45:04
AAPL,AAPL261106P00390000,AAPL,2026-11-06,P,390.0,49.0,116.0,51.4,98.0,0.0,0.0,0.0,-0.9937,0.0026,0.0185,-0.0338,0.0,50.25,0.0,0.0,0.0,0.0,no_change,0.0,,0.0,49.7250003814697,339.815,2026-09-28 18:44:43,2026-09-28 14:45:04
AAPL,AAPL261106P00395000,AAPL,2026-11-06,P,395.0,54.0,104.0,56.4,102.0,0.0,0.0,0.0,-0.9998,0.0001,0.0,-0.0338,0.0,55.25,0.0,0.0,0.0,0.0,no_change,0.0,,0.0,54.25,339.815,2026-09-28 18:44:43,2026-09-28 14:45:04
AAPL,AAPL261106P00400000,AAPL,2026-11-06,P,400.0,58.9,104.0,61.4,104.0,0.0,0.0,0.0,-1.0,0.0,0.0,-0.0338,0.0,60.25,0.0,0.0,0.0,0.0,no_change,0.0,,0.0,59.5750007629394,339.815,2026-09-28 18:44:43,2026-09-28 14:45:04
AAPL,AAPL261106P00405000,AAPL,2026-11-06,P,405.0,63.9,103.0,66.4,102.0,0.0,0.0,0.0,-1.0,0.0,0.0,-0.0338,0.0,65.25,0.0,0.0,0.0,0.0,no_change,0.0,,0.0,64.7249984741211,339.815,2026-09-28 18:44:43,2026-09-28 14:45:04
AAPL,AAPL261106P00410000,AAPL,2026-11-06,P,410.0,69.0,104.0,71.4,104.0,0.0,0.0,0.0,-1.0,0.0,0.0,-0.0338,0.0,70.25,0.0,0.0,0.0,0.0,no_change,0.0,,0.0,69.5749969482422,339.815,2026-09-28 18:44:43,2026-09-28 14:45:04
AAPL,AAPL261106P00415000,AAPL,2026-11-06,P,415.0,73.9,76.0,76.95,73.0,0.3722,0.0,0.0,-1.0,0.0,0.0,-0.0338,0.0,75.25,0.0,0.0,0.0,0.0,no_change,0.0,,0.0,74.7249984741211,339.815,2026-09-28 18:44:43,2026-09-28 14:45:04
AAPL,AAPL261120C00100000,AAPL,2026-11-20,C,100.0,239.05,76.0,241.8,91.0,1.2148,13.0,0.0,1.0,0.0,0.0001,0.0,0.1144,240.3346,0.0,0.0,0.0,0.0,up,237.25,2026-09-17T15:09:47,0.0,240.974998474121,339.815,2026-09-28 18:44:43,2026-09-28 14:45:04
AAPL,AAPL261120C00105000,AAPL,2026-11-20,C,105.0,234.05,76.0,236.8,91.0,1.13,12.0,0.0,1.0,0.0,0.0001,0.0,0.1201,235.3606,0.0,0.0,0.0,0.0,up,158.6,2026-01-27T09:32:54,0.0,235.950004577637,339.815,2026-09-28 18:44:43,2026-09-28 14:45:04
AAPL,AAPL261120C00110000,AAPL,2026-11-20,C,110.0,229.1,139.0,231.85,109.0,1.1206,349.0,0.0,1.0,0.0,0.0002,0.0,0.1259,230.3866,0.0,0.0,0.0,0.0,no_change,224.65,2026-09-16T14:36:21,0.0,231.025001525879,339.815,2026-09-28 18:44:43,2026-09-28 14:45:04
AAPL,AAPL261120C00115000,AAPL,2026-11-20,C,115.0,224.1,76.0,226.85,90.0,1.042,1.0,0.0,1.0,0.0,0.0002,0.0,0.1316,225.4127,0.0,0.0,0.0,0.0,down,173.82,2026-05-07T15:51:36,0.0,225.975006103516,339.815,2026-09-28 18:44:43,2026-09-28 14:45:04
AAPL,AAPL261120C00120000,AAPL,2026-11-20,C,120.0,219.4,83.0,221.9,90.0,1.1399,70.0,0.0,1.0,0.0,0.0003,0.0,0.1374,220.4389,0.0,0.0,0.0,0.0,up,206.14,2026-09-02T09:59:58,0.0,221.024993896484,339.815,2026-09-28 18:44:43,2026-09-28 14:45:04
AAPL,AAPL261120C00125000,AAPL,2026-11-20,C,125.0,214.1,78.0,216.9,90.0,0.9167,32.0,0.0,0.9999,0.0,0.0004,0.0,0.1431,215.4652,0.0,0.0,0.0,0.0,up,213.95,2026-09-17T15:10:45,0.0,216.024993896484,339.815,2026-09-28 18:44:43,2026-09-28 14:45:04
AAPL,AAPL261120C00130000,AAPL,2026-11-20,C,130.0,209.45,105.0,211.95,99.0,1.0552,45.0,0.0,0.9999,0.0,0.0005,0.0,0.1489,210.4916,0.0,0.0,0.0,0.0,down,186.93,2026-09-08T15:28:15,0.0,211.074996948242,339.815,2026-09-28 18:44:43,2026-09-28 14:45:04
AAPL,AAPL261120C00135000,AAPL,2026-11-20,C,135.0,204.65,104.0,206.95,99.0,1.054,23.0,0.0,0.9999,0.0,0.0007,0.0,0.1546,205.5181,0.0,0.0,0.0,0.0,up,181.23,2026-08-31T11:28:19,0.0,206.174995422363,339.815,2026-09-28 18:44:43,2026-09-28 14:45:04
AAPL,AAPL261120C00140000,AAPL,2026-11-20,C,140.0,199.3,88.0,202.0,98.0,0.9078,23.0,0.0,0.9998,0.0,0.0009,0.0,0.1606,200.5448,0.0,0.0,0.0,0.0,no_change,187.34,2026-09-01T12:09:02,0.0,201.0,339.815,2026-09-28 18:44:43,2026-09-28 14:45:04
AAPL,AAPL261120C00145000,AAPL,2026-11-20,C,145.0,194.5,95.0,197.25,95.0,0.987,31.0,0.0,0.9998,0.0,0.0011,0.0,0.1663,195.5718,0.0,0.0,0.0,0.0,down,171.02,2026-08-31T11:51:11,0.0,196.025001525879,339.815,2026-09-28 18:44:43,2026-09-28 14:45:04
AAPL,AAPL261120C00150000,AAPL,2026-11-20,C,150.0,189.3,309.0,192.05,239.0,0.8157,216.0,0.0,0.9997,0.0,0.0014,0.0,0.1724,190.5991,0.0,0.0,0.0,0.0,no_change,191.43,2026-09-25T15:47:49,0.0,191.175003051758,339.815,2026-09-28 18:44:43,2026-09-28 14:45:04
AAPL,AAPL261120C00155000,AAPL,2026-11-20,C,155.0,184.3,106.0,187.05,93.0,0.755,47.0,0.0,0.9996,0.0,0.0018,0.0,0.1791,185.6268,0.0,0.0,0.0,0.0,up,187.34,2026-09-22T13:48:13,0.0,186.200004577637,339.815,2026-09-28 18:44:43,2026-09-28 14:45:04
AAPL,AAPL261120C00160000,AAPL,2026-11-20,C,160.0,179.35,178.0,182.1,172.0,0.7517,97.0,0.0,0.9995,0.0,0.0023,0.0,0.215,180.6553,0.0,0.0,0.0,0.0,up,174.29,2026-09-16T14:36:59,0.0,181.274993896484,339.815,2026-09-28 18:44:43,2026-09-28 14:45:04
AAPL,AAPL261120C00165000,AAPL,2026-11-20,C,165.0,174.65,95.0,177.15,98.0,0.8128,3.0,0.0,0.9994,0.0,0.0028,0.0,0.2495,175.6893,0.0,0.0,0.0,0.0,down,141.77,2026-08-03T10:07:45,0.0,176.324996948242,339.815,2026-09-28 18:44:43,2026-09-28 14:45:04
AAPL,AAPL261120C00170000,AAPL,2026-11-20,C,170.0,169.4,91.0,172.15,92.0,0.6798,52.0,0.0,0.9992,0.0,0.0035,0.0,0.2587,170.7271,0.0,0.0,0.0,0.0,up,165.6,2026-09-14T12:08:22,0.0,171.324996948242,339.815,2026-09-28 18:44:43,2026-09-28 14:45:04
AAPL,AAPL261120C00175000,AAPL,2026-11-20,C,175.0,164.7,86.0,167.2,91.0,0.7438,46.0,0.0,0.999,0.0,0.0043,0.0,0.2662,165.7656,0.0,0.0,0.0,0.0,no_change,162.0,2026-09-18T14:53:45,0.0,166.349998474121,339.815,2026-09-28 18:44:43,2026-09-28 14:45:04
AAPL,AAPL261120C00180000,AAPL,2026-11-20,C,180.0,159.5,87.0,162.25,91.0,0.6539,19.0,0.0,0.9988,0.0,0.0052,0.0,0.2737,160.805,0.0,0.0,0.0,0.0,no_change,161.71,2026-09-22T14:50:43,0.0,161.425003051758,339.815,2026-09-28 18:44:43,2026-09-28 14:45:04
AAPL,AAPL261120C00185000,AAPL,2026-11-20,C,185.0,154.7,313.0,157.3,238.0,0.6785,321.0,0.0,0.9985,0.0001,0.0063,0.0,0.2812,155.8453,0.0,0.0,0.0,0.0,no_change,149.25,2026-09-16T10:26:55,0.0,156.549995422363,339.815,2026-09-28 18:44:43,2026-09-28 14:45:04
AAPL,AAPL261120C00190000,AAPL,2026-11-20,C,190.0,150.0,175.0,152.3,170.0,0.6934,92.0,0.0,0.9982,0.0001,0.0076,0.0,0.2886,150.8866,0.0,0.0,0.0,0.0,down,148.25,2026-09-23T13:38:30,0.0,151.525001525879,339.815,2026-09-28 18:44:43,2026-09-28 14:45:04
AAPL,AAPL261120C00195000,AAPL,2026-11-20,C,195.0,144.85,102.0,147.35,102.0,0.6372,24.0,0.0,0.9978,0.0001,0.0091,0.0,0.296,145.9292,0.0,0.0,0.0,0.0,up,122.6,2026-08-31T15:32:14,0.0,146.550003051758,339.815,2026-09-28 18:44:43,2026-09-28 14:45:04
AAPL,AAPL261120C00200000,AAPL,2026-11-20,C,200.0,139.9,298.0,142.4,235.0,0.6164,138.0,0.0,0.9973,0.0001,0.0109,0.0,0.3034,140.9731,0.0,0.0,0.0,0.0,up,136.75,2026-09-21T09:30:01,0.0,141.5,339.815,2026-09-28 18:44:43,2026-09-28 14:45:04
AAPL,AAPL261120C00205000,AAPL,2026-11-20,C,205.0,134.9,300.0,137.45,235.0,0.5874,144.0,0.0,0.9967,0.0001,0.0129,0.0,0.3107,136.0187,0.0,0.0,0.0,0.0,no_change,139.7,2026-09-22T11:48:07,0.0,136.449996948242,339.815,2026-09-28 18:44:43,2026-09-28 14:45:04
AAPL,AAPL261120C00210000,AAPL,2026-11-20,C,210.0,129.9,182.0,132.4,172.0,0.5402,75.0,0.0,0.9961,0.0002,0.0153,0.0,0.318,131.0662,0.0,0.0,0.0,0.0,up,130.1,2026-09-21T12:56:57,0.0,131.599998474121,339.815,2026-09-28 18:44:43,2026-09-28 14:45:04
AAPL,AAPL261120C00215000,AAPL,2026-11-20,C,215.0,125.05,301.0,127.55,233.0,0.5542,155.0,0.0,0.9953,0.0002,0.0181,0.0,0.3252,126.1158,0.0,0.0,0.0,0.0,up,126.39,2026-09-25T15:33:01,0.0,126.899997711182,339.815,2026-09-28 18:44:43,2026-09-28 14:45:04
AAPL,AAPL261120C00220000,AAPL,2026-11-20,C,220.0,120.3,289.0,122.45,225.0,0.5397,172.0,0.0,0.9944,0.0003,0.0213,0.0,0.3323,121.1678,0.0,0.0,0.0,0.0,down,119.47,2026-09-23T10:08:47,0.0,121.700000762939,339.815,2026-09-28 18:44:43,2026-09-28 14:45:04
AAPL,AAPL261120C00225000,AAPL,2026-11-20,C,225.0,115.4,283.0,117.65,234.0,0.5394,2446.0,1.0,0.9933,0.0003,0.0249,0.0,0.3393,116.2228,-0.475,116.4,116.4,116.4,down,116.4,2026-09-28T11:00:16,-0.406417,116.875,339.815,2026-09-28 18:44:43,2026-09-28 14:45:04
AAPL,AAPL261120C00230000,AAPL,2026-11-20,C,230.0,110.4,289.0,112.7,302.0,0.5126,3679.0,0.0,0.992,0.0004,0.0291,0.0,0.3462,111.2811,0.0,0.0,0.0,0.0,up,108.17,2026-09-25T10:36:11,0.0,111.849998474121,339.815,2026-09-28 18:44:43,2026-09-28 14:45:04
AAPL,AAPL261120C00235000,AAPL,2026-11-20,C,235.0,105.15,302.0,107.75,232.0,0.461,172.0,7.0,0.9905,0.0004,0.0339,0.0,0.353,106.3434,1.585,109.41,109.41,108.51,down,108.51,2026-09-28T10:11:13,1.48235,106.924999237061,339.815,2026-09-28 18:44:43,2026-09-28 14:45:04
AAPL,AAPL261120C00240000,AAPL,2026-11-20,C,240.0,100.4,321.0,102.85,239.0,0.465,417.0,0.0,0.9887,0.0005,0.0394,0.0,0.3597,101.4103,0.0,0.0,0.0,0.0,down,100.0,2026-09-24T13:29:13,0.0,101.850002288818,339.815,2026-09-28 18:44:43,2026-09-28 14:45:04
AAPL,AAPL261120C00245000,AAPL,2026-11-20,C,245.0,95.6,265.0,97.9,230.0,0.4553,1866.0,0.0,0.9866,0.0006,0.0459,-0.0025,0.3661,96.4829,0.0,0.0,0.0,0.0,up,93.5,2026-09-25T10:46:34,0.0,96.9249992370606,339.815,2026-09-28 18:44:43,2026-09-28 14:45:04
AAPL,AAPL261120C00250000,AAPL,2026-11-20,C,250.0,90.25,354.0,92.95,254.0,0.4021,466.0,28.0,0.984,0.0008,0.0533,-0.0054,0.3724,91.5626,-0.7,93.65,93.65,91.4,no_change,91.4,2026-09-28T13:48:19,-0.760042,92.0999984741211,339.815,2026-09-28 18:44:43,2026-09-28 14:45:04
AAPL,AAPL261120C00255000,AAPL,2026-11-20,C,255.0,85.4,325.0,88.05,224.0,0.3945,1268.0,0.0,0.9809,0.0009,0.0619,-0.0084,0.3784,86.6508,0.0,0.0,0.0,0.0,no_change,87.65,2026-09-25T15:44:21,0.0,87.3499984741211,339.815,2026-09-28 18:44:43,2026-09-28 14:45:04
AAPL,AAPL261120C00260000,AAPL,2026-11-20,C,260.0,81.15,334.0,82.3,267.0,0.3667,1081.0,2.0,0.9772,0.0011,0.072,-0.0119,0.3839,81.7502,1.3,83.35,83.35,83.35,up,83.35,2026-09-28T09:36:50,1.5844,82.0499992370606,339.815,2026-09-28 18:44:43,2026-09-28 14:45:04
AAPL,AAPL261120C00265000,AAPL,2026-11-20,C,265.0,75.85,351.0,77.85,329.0,0.3569,1095.0,10.0,0.9727,0.0013,0.0837,-0.0157,0.3891,76.864,-0.01,77.24,77.24,77.24,up,77.24,2026-09-28T13:48:08,-0.012945,77.25,339.815,2026-09-28 18:44:43,2026-09-28 14:45:04
AAPL,AAPL261120C00270000,AAPL,2026-11-20,C,270.0,71.15,357.0,73.4,378.0,0.3738,6529.0,139.0,0.9671,0.0016,0.0977,-0.0199,0.3937,71.9965,-0.41,74.32,74.4,72.12,no_change,72.34,2026-09-28T14:06:17,-0.563574,72.75,339.815,2026-09-28 18:44:43,2026-09-28 14:45:04
AAPL,AAPL261120C00275000,AAPL,2026-11-20,C,275.0,66.2,373.0,67.75,329.0,0.3186,3007.0,92.0,0.9602,0.002,0.1139,-0.0247,0.3976,67.154,1.61,69.47,69.61,69.17,no_change,69.41,2026-09-28T10:25:13,2.37463,67.7999992370606,339.815,2026-09-28 18:44:43,2026-09-28 14:45:04
AAPL,AAPL261120C00280000,AAPL,2026-11-20,C,280.0,61.75,310.0,63.5,345.0,0.3462,2238.0,12.0,0.9516,0.0024,0.1335,-0.0302,0.4005,62.3447,-0.855,65.0,65.0,62.0,up,62.17,2026-09-28T14:03:36,-1.3566,63.0249977111816,339.815,2026-09-28 18:44:43,2026-09-28 14:45:04
AAPL,AAPL261120C00285000,AAPL,2026-11-20,C,285.0,57.0,321.0,58.7,374.0,0.3333,2120.0,2.0,0.9407,0.0029,0.1561,-0.0364,0.4022,57.5795,-0.21,59.54,59.54,58.09,down,58.09,2026-09-28T12:09:37,-0.360208,58.3000011444092,339.815,2026-09-28 18:44:43,2026-09-28 14:45:04
AAPL,AAPL261120C00290000,AAPL,2026-11-20,C,290.0,52.2,373.0,53.4,243.0,0.3033,1910.0,2.0,0.9272,0.0035,0.183,-0.0435,0.4024,52.8719,-0.195,55.33,55.33,53.23,down,53.23,2026-09-28T13:24:34,-0.365,53.4250011444092,339.815,2026-09-28 18:44:43,2026-09-28 14:45:04
AAPL,AAPL261120C00295000,AAPL,2026-11-20,C,295.0,48.0,17.0,48.25,14.0,0.2937,1359.0,3.0,0.9103,0.0042,0.2136,-0.0515,0.4008,48.2392,-0.625,48.35,48.35,48.25,down,48.25,2026-09-28T13:52:57,-1.27877,48.875,339.815,2026-09-28 18:44:43,2026-09-28 14:45:04
AAPL,AAPL261120C00300000,AAPL,2026-11-20,C,300.0,43.15,340.0,43.9,36.0,0.2844,6453.0,33.0,0.8895,0.005,0.2482,-0.0602,0.3969,43.7017,-0.45,44.95,46.3,44.2,down,44.2,2026-09-28T12:11:45,-1.00784,44.6499996185303,339.815,2026-09-28 18:44:43,2026-09-28 14:45:04
AAPL,AAPL261120C00305000,AAPL,2026-11-20,C,305.0,39.05,26.0,39.65,241.0,0.2875,3417.0,35.0,0.8641,0.0059,0.2864,-0.0697,0.3904,39.2827,-1.125,41.29,41.59,39.2,down,39.2,2026-09-28T14:03:19,-2.78983,40.3250007629394,339.815,2026-09-28 18:44:43,2026-09-28 14:45:04
AAPL,AAPL261120C00310000,AAPL,2026-11-20,C,310.0,34.75,82.0,35.35,243.0,0.2803,13436.0,37.0,0.8336,0.0069,0.3267,-0.0795,0.3812,35.0088,-0.125,36.4,37.57,34.5,up,35.65,2026-09-28T13:01:06,-0.349405,35.7749996185303,339.815,2026-09-28 18:44:43,2026-09-28 14:45:04
AAPL,AAPL261120C00315000,AAPL,2026-11-20,C,315.0,30.45,281.0,30.95,11.0,0.2677,5672.0,28.0,0.7976,0.0079,0.368,-0.0894,0.3687,30.9085,-0.825,32.35,33.38,30.86,down,30.95,2026-09-28T13:48:16,-2.59638,31.7749996185303,339.815,2026-09-28 18:44:43,2026-09-28 14:45:04
AAPL,AAPL261120C00320000,AAPL,2026-11-20,C,320.0,26.8,93.0,27.45,400.0,0.2713,6717.0,64.0,0.7562,0.009,0.4084,-0.0987,0.353,27.0106,-0.46,28.3,28.3,26.65,no_change,27.14,2026-09-28T14:17:04,-1.66667,27.6000003814697,339.815,2026-09-28 18:44:43,2026-09-28 14:45:04
AAPL,AAPL261120C00325000,AAPL,2026-11-20,C,325.0,23.15,160.0,23.65,362.0,0.2652,10924.0,65.0,0.7093,0.01,0.4456,-0.107,0.334,23.3439,-0.855,24.5,25.8,23.32,down,23.32,2026-09-28T13:54:06,-3.53671,24.1749992370605,339.815,2026-09-28 18:44:43,2026-09-28 14:45:04
AAPL,AAPL261120C00330000,AAPL,2026-11-20,C,330.0,19.75,262.0,20.0,42.0,0.2586,10570.0,417.0,0.6574,0.0109,0.477,-0.1138,0.3122,19.9354,-0.785,20.35,22.0,19.7,up,19.89,2026-09-28T14:29:03,-3.79686,20.6750001907349,339.815,2026-09-28 18:44:43,2026-09-28 14:45:04
AAPL,AAPL261120C00335000,AAPL,2026-11-20,C,335.0,16.65,153.0,16.85,24.0,0.2548,7836.0,380.0,0.6014,0.0116,0.5004,-0.1184,0.2878,16.8086,-0.735,17.51,18.75,16.72,down,16.79,2026-09-28T14:29:03,-4.19401,17.5249996185303,339.815,2026-09-28 18:44:43,2026-09-28 14:45:04
AAPL,AAPL261120C00340000,AAPL,2026-11-20,C,340.0,13.85,94.0,14.0,37.0,0.2514,9564.0,907.0,0.5424,0.0121,0.514,-0.1205,0.2612,13.982,-0.705,14.65,15.75,13.8,down,13.97,2026-09-28T14:27:01,-4.80409,14.6750001907349,339.815,2026-09-28 18:44:43,2026-09-28 14:45:04
AAPL,AAPL261120C00345000,AAPL,2026-11-20,C,345.0,11.35,266.0,11.5,71.0,0.2486,7287.0,1180.0,0.4818,0.0123,0.5164,-0.1199,0.2333,11.4673,-0.73,12.13,13.25,11.3,down,11.42,2026-09-28T14:26:41,-6.00823,12.1500000953674,339.815,2026-09-28 18:44:43,2026-09-28 14:45:04
AAPL,AAPL261120C00350000,AAPL,2026-11-20,C,350.0,9.15,212.0,9.45,627.0,0.2472,14975.0,665.0,0.421,0.0122,0.5071,-0.1165,0.2048,9.2686,-0.675,9.73,10.67,9.12,no_change,9.25,2026-09-28T14:20:48,-6.80101,9.92500019073486,339.815,2026-09-28 18:44:43,2026-09-28 14:45:04
AAPL,AAPL261120C00355000,AAPL,2026-11-20,C,355.0,7.3,95.0,7.45,219.0,0.2439,9201.0,391.0,0.3618,0.0118,0.4865,-0.1106,0.1767,7.3819,-0.51,7.77,8.45,7.3,no_change,7.39,2026-09-28T14:26:30,-6.4557,7.90000009536743,339.815,2026-09-28 18:44:43,2026-09-28 14:45:04
AAPL,AAPL261120C00360000,AAPL,2026-11-20,C,360.0,5.7,384.0,5.85,112.0,0.2418,15881.0,298.0,0.3052,0.0111,0.4558,-0.1026,0.1495,5.7839,-0.46,6.15,7.0,5.68,up,5.79,2026-09-28T14:29:23,-7.36,6.25,339.815,2026-09-28 18:44:43,2026-09-28 14:45:04
AAPL,AAPL261120C00365000,AAPL,2026-11-20,C,365.0,4.4,464.0,4.55,225.0,0.2399,8004.0,439.0,0.2539,0.0102,0.4181,-0.093,0.1248,4.4862,-0.39,5.03,5.4,4.48,no_change,4.51,2026-09-28T14:20:48,-7.95919,4.90000009536743,339.815,2026-09-28 18:44:43,2026-09-28 14:45:04
AAPL,AAPL261120C00370000,AAPL,2026-11-20,C,370.0,3.35,561.0,3.5,508.0,0.2387,6778.0,844.0,0.2075,0.0092,0.3748,-0.0825,0.1022,3.4295,-0.375,3.66,4.15,3.4,no_change,3.4,2026-09-28T14:21:29,-9.93377,3.77499997615814,339.815,2026-09-28 18:44:43,2026-09-28 14:45:04
AAPL,AAPL261120C00375000,AAPL,2026-11-20,C,375.0,2.56,90.0,2.66,317.0,0.2384,4556.0,158.0,0.1671,0.0081,0.329,-0.0718,0.0824,2.5929,-0.295,2.89,3.14,2.53,down,2.6,2026-09-28T14:17:51,-10.19,2.89499998092651,339.815,2026-09-28 18:44:43,2026-09-28 14:45:04
AAPL,AAPL261120C00380000,AAPL,2026-11-20,C,380.0,1.9,200.0,2.07,608.0,0.2389,6351.0,197.0,0.1328,0.0069,0.2834,-0.0613,0.0655,1.9429,-0.195,2.1,2.43,1.9,up,1.97,2026-09-28T14:07:53,-9.00693,2.16499996185303,339.815,2026-09-28 18:44:43,2026-09-28 14:45:04
AAPL,AAPL261120C00385000,AAPL,2026-11-20,C,385.0,1.42,191.0,1.51,489.0,0.2382,1251.0,337.0,0.1043,0.0058,0.2402,-0.0515,0.0514,1.4464,-0.125,1.79,1.8,1.48,no_change,1.48,2026-09-28T14:18:44,-7.78816,1.60500001907349,339.815,2026-09-28 18:44:43,2026-09-28 14:45:04
AAPL,AAPL261120C00390000,AAPL,2026-11-20,C,390.0,1.06,202.0,1.1,93.0,0.2383,4579.0,276.0,0.0812,0.0048,0.2007,-0.0428,0.04,1.0707,-0.1,1.32,1.32,1.07,down,1.09,2026-09-28T14:22:06,-8.40336,1.18999999761581,339.815,2026-09-28 18:44:43,2026-09-28 14:45:04
AAPL,AAPL261120C00395000,AAPL,2026-11-20,C,395.0,0.75,283.0,0.86,495.0,0.2394,625.0,164.0,0.063,0.004,0.1662,-0.0352,0.0311,0.7955,-0.055,0.89,0.94,0.81,up,0.82,2026-09-28T14:26:14,-6.28571,0.875,339.815,2026-09-28 18:44:43,2026-09-28 14:45:04
AAPL,AAPL261120C00400000,AAPL,2026-11-20,C,400.0,0.58,130.0,0.62,378.0,0.2408,38158.0,382.0,0.0487,0.0032,0.1363,-0.0288,0.024,0.5915,-0.07,0.65,0.75,0.6,no_change,0.6,2026-09-28T14:12:48,-10.4478,0.669999986886978,339.815,2026-09-28 18:44:43,2026-09-28 14:45:04
AAPL,AAPL261120C00405000,AAPL,2026-11-20,C,405.0,0.35,559.0,0.47,278.0,0.2391,187.0,10.0,0.0376,0.0026,0.1112,-0.0235,0.0185,0.4405,-0.045,0.47,0.49,0.45,no_change,0.45,2026-09-28T13:11:10,-9.09091,0.49499998986721,339.815,2026-09-28 18:44:43,2026-09-28 14:45:04
AAPL,AAPL261120C00410000,AAPL,2026-11-20,C,410.0,0.32,166.0,0.35,286.0,0.2447,1753.0,15.0,0.0292,0.0021,0.0909,-0.0192,0.0144,0.3327,-0.03,0.38,0.38,0.32,down,0.32,2026-09-28T13:24:49,-8.57143,0.349999994039536,339.815,2026-09-28 18:44:43,2026-09-28 14:45:04
AAPL,AAPL261120C00415000,AAPL,2026-11-20,C,415.0,0.22,121.0,0.3,368.0,0.2482,20.0,1.0,0.0229,0.0017,0.0744,-0.0158,0.0112,0.2548,-0.04,0.23,0.23,0.23,down,0.23,2026-09-28T12:08:53,-14.8148,0.269999995827675,339.815,2026-09-28 18:44:43,2026-09-28 14:45:04
AAPL,AAPL261120C00420000,AAPL,2026-11-20,C,420.0,0.19,189.0,0.21,309.0,0.2512,1166.0,1149.0,0.0182,0.0014,0.0615,-0.0131,0.0089,0.1984,0.0,0.23,0.23,0.2,no_change,0.2,2026-09-28T13:16:04,-1.49012e-06,0.200000002980232,339.815,2026-09-28 18:44:43,2026-09-28 14:45:04
AAPL,AAPL261120C00425000,AAPL,2026-11-20,C,425.0,0.07,395.0,0.24,607.0,0.2544,81.0,1.0,0.0146,0.0011,0.0512,-0.011,0.0071,0.1574,0.02,0.17,0.17,0.17,up,0.17,2026-09-28T09:30:01,13.3333,0.149999998509884,339.815,2026-09-28 18:44:43,2026-09-28 14:45:04
AAPL,AAPL261120C00430000,AAPL,2026-11-20,C,430.0,0.1,147.0,0.14,387.0,0.2574,1376.0,14.0,0.0119,0.0009,0.0431,-0.0094,0.0058,0.1275,-0.015,0.14,0.15,0.1,down,0.1,2026-09-28T12:27:56,-13.0435,0.114999998360872,339.815,2026-09-28 18:44:43,2026-09-28 14:45:04
AAPL,AAPL261120C00440000,AAPL,2026-11-20,C,440.0,0.06,101.0,0.1,338.0,0.2664,765.0,5.0,0.0084,0.0006,0.0318,-0.0071,0.0041,0.0891,0.01,0.07,0.08,0.07,no_change,0.08,2026-09-28T11:23:36,14.2857,0.0700000002980232,339.815,2026-09-28 18:44:43,2026-09-28 14:45:04
AAPL,AAPL261120C00450000,AAPL,2026-11-20,C,450.0,0.05,155.0,0.07,257.0,0.2781,3152.0,11.0,0.0062,0.0005,0.0245,-0.0057,0.003,0.0668,0.0,0.05,0.06,0.05,no_change,0.06,2026-09-28T12:08:53,-8.69234e-07,0.0600000005215406,339.815,2026-09-28 18:44:43,2026-09-28 14:45:04
AAPL,AAPL261120C00460000,AAPL,2026-11-20,C,460.0,0.04,2.0,0.08,194.0,0.2976,2402.0,0.0,0.0048,0.0004,0.0196,-0.0047,0.0023,0.0528,0.0,0.0,0.0,0.0,no_change,0.06,2026-09-25T09:52:02,0.0,0.0399999991059303,339.815,2026-09-28 18:44:43,2026-09-28 14:45:04
AAPL,AAPL261120C00470000,AAPL,2026-11-20,C,470.0,0.03,2.0,0.16,626.0,0.3325,139.0,0.0,0.0039,0.0003,0.0163,-0.0041,0.0019,0.0437,0.0,0.0,0.0,0.0,no_change,0.14,2026-09-25T09:52:10,0.0,0.0649999985471368,339.815,2026-09-28 18:44:43,2026-09-28 14:45:04
AAPL,AAPL261120C00480000,AAPL,2026-11-20,C,480.0,0.03,2.0,0.16,639.0,0.3515,723.0,0.0,0.0032,0.0002,0.0136,-0.0036,0.0016,0.0365,0.0,0.0,0.0,0.0,no_change,0.1,2026-09-23T10:24:14,0.0,0.0750000001862645,339.815,2026-09-28 18:44:43,2026-09-28 14:45:04
AAPL,AAPL261120C00490000,AAPL,2026-11-20,C,490.0,0.02,59.0,0.1,672.0,0.3527,721.0,40.0,0.0026,0.0002,0.0114,-0.0031,0.0013,0.0304,-0.055,0.02,0.02,0.02,no_change,0.02,2026-09-28T09:38:42,-73.3333,0.0750000001862645,339.815,2026-09-28 18:44:43,2026-09-28 14:45:04
AAPL,AAPL261120C00500000,AAPL,2026-11-20,C,500.0,0.02,1.0,0.05,3.0,0.3514,4647.0,2.0,0.0022,0.0001,0.0097,-0.0027,0.001,0.0258,0.005,0.03,0.03,0.03,no_change,0.03,2026-09-28T12:21:41,20.0,0.025000000372529,339.815,2026-09-28 18:44:43,2026-09-28 14:45:04
AAPL,AAPL261120C00510000,AAPL,2026-11-20,C,510.0,0.01,4.0,0.1,579.0,0.3838,1253.0,0.0,0.0019,0.0001,0.0082,-0.0024,0.0009,0.022,0.0,0.0,0.0,0.0,no_change,0.03,2026-09-24T11:05:35,0.0,0.0750000001862645,339.815,2026-09-28 18:44:43,2026-09-28 14:45:04
AAPL,AAPL261120C00520000,AAPL,2026-11-20,C,520.0,0.0,0.0,0.16,640.0,0.4155,68.0,0.0,0.0016,0.0001,0.0071,-0.0021,0.0007,0.0188,0.0,0.0,0.0,0.0,no_change,0.07,2026-09-25T14:07:17,0.0,0.0700000002980232,339.815,2026-09-28 18:44:43,2026-09-28 14:45:04
AAPL,AAPL261120C00530000,AAPL,2026-11-20,C,530.0,0.0,0.0,0.16,518.0,0.4319,88.0,0.0,0.0013,0.0001,0.0061,-0.0018,0.0006,0.016,0.0,0.0,0.0,0.0,up,0.06,2026-09-25T14:11:19,0.0,0.0700000002980232,339.815,2026-09-28 18:44:43,2026-09-28 14:45:04
AAPL,AAPL261120C00540000,AAPL,2026-11-20,C,540.0,0.0,0.0,0.16,510.0,0.448,29.0,0.0,0.0011,0.0001,0.0052,-0.0016,0.0005,0.0137,0.0,0.0,0.0,0.0,no_change,0.03,2026-09-21T10:04:50,0.0,0.259999990463257,339.815,2026-09-28 18:44:43,2026-09-28 14:45:04
AAPL,AAPL261120C00550000,AAPL,2026-11-20,C,550.0,0.0,0.0,0.5,630.0,0.5262,45.0,0.0,0.001,0.0001,0.0045,-0.0014,0.0004,0.0118,0.0,0.0,0.0,0.0,up,0.06,2026-09-24T11:03:55,0.0,0.259999990463257,339.815,2026-09-28 18:44:43,2026-09-28 14:45:04
AAPL,AAPL261120C00560000,AAPL,2026-11-20,C,560.0,0.0,0.0,0.49,677.0,0.5418,121.0,0.0,0.0008,0.0,0.0039,-0.0012,0.0004,0.0101,0.0,0.0,0.0,0.0,no_change,0.02,2026-09-18T13:18:23,0.0,0.259999990463257,339.815,2026-09-28 18:44:43,2026-09-28 14:45:04
AAPL,AAPL261120C00570000,AAPL,2026-11-20,C,570.0,0.0,0.0,0.49,611.0,0.5583,40.0,0.0,0.0007,0.0,0.0033,-0.0011,0.0003,0.0087,0.0,0.0,0.0,0.0,up,0.06,2026-09-24T11:04:55,0.0,0.259999990463257,339.815,2026-09-28 18:44:43,2026-09-28 14:45:04
AAPL,AAPL261120C00580000,AAPL,2026-11-20,C,580.0,0.0,0.0,0.5,777.0,0.5758,713.0,0.0,0.0006,0.0,0.0029,-0.001,0.0003,0.0074,0.0,0.0,0.0,0.0,down,0.02,2026-09-24T11:06:44,0.0,0.259999990463257,339.815,2026-09-28 18:44:43,2026-09-28 14:45:04
AAPL,AAPL261120C00590000,AAPL,2026-11-20,C,590.0,0.0,0.0,0.5,616.0,0.5916,53.0,0.0,0.0005,0.0,0.0025,-0.0008,0.0002,0.0064,0.0,0.0,0.0,0.0,down,0.01,2026-09-24T12:42:09,0.0,0.259999990463257,339.815,2026-09-28 18:44:43,2026-09-28 14:45:04
AAPL,AAPL261120C00600000,AAPL,2026-11-20,C,600.0,0.0,0.0,0.03,20.0,0.4648,626.0,1.0,0.0004,0.0,0.0021,-0.0007,0.0002,0.0055,0.0,0.01,0.01,0.01,down,0.01,2026-09-28T13:21:42,2.23517e-06,0.00999999977648258,339.815,2026-09-28 18:44:43,2026-09-28 14:45:04
AAPL,AAPL261120P00100000,AAPL,2026-11-20,P,100.0,0.0,0.0,0.04,1.0,1.0495,206.0,0.0,0.0,0.0,0.0001,-0.0001,0.0,0.0005,0.0,0.0,0.0,0.0,down,0.01,2026-08-31T12:31:41,0.0,0.0199999995529652,339.815,2026-09-28 18:44:43,2026-09-28 14:45:04
AAPL,AAPL261120P00105000,AAPL,2026-11-20,P,105.0,0.0,0.0,0.52,389.0,1.3027,7.0,0.0,0.0,0.0,0.0002,-0.0001,0.0,0.0007,0.0,0.0,0.0,0.0,down,0.02,2026-09-24T15:43:07,0.0,0.259999990463257,339.815,2026-09-28 18:44:43,2026-09-28 14:45:04
AAPL,AAPL261120P00110000,AAPL,2026-11-20,P,110.0,0.0,0.0,0.03,4.0,0.9484,230.0,0.0,0.0,0.0,0.0002,-0.0001,0.0,0.0009,0.0,0.0,0.0,0.0,no_change,0.02,2026-09-24T15:43:15,0.0,0.0149999996647239,339.815,2026-09-28 18:44:43,2026-09-28 14:45:04
AAPL,AAPL261120P00115000,AAPL,2026-11-20,P,115.0,0.0,0.0,0.02,10.0,0.8844,563.0,0.0,0.0,0.0,0.0003,-0.0002,0.0,0.0011,0.0,0.0,0.0,0.0,no_change,0.01,2026-09-10T14:53:32,0.0,0.00999999977648258,339.815,2026-09-28 18:44:43,2026-09-28 14:45:04
AAPL,AAPL261120P00120000,AAPL,2026-11-20,P,120.0,0.0,0.0,0.51,360.0,1.1594,138.0,0.0,-0.0001,0.0,0.0004,-0.0002,0.0,0.0015,0.0,0.0,0.0,0.0,down,0.07,2026-08-24T09:46:25,0.0,0.170000001788139,339.815,2026-09-28 18:44:43,2026-09-28 14:45:04
AAPL,AAPL261120P00125000,AAPL,2026-11-20,P,125.0,0.0,0.0,0.04,1.0,0.8648,80.0,0.0,-0.0001,0.0,0.0004,-0.0003,0.0,0.0019,0.0,0.0,0.0,0.0,up,0.05,2026-09-09T10:38:45,0.0,0.0199999995529652,339.815,2026-09-28 18:44:43,2026-09-28 14:45:04
AAPL,AAPL261120P00130000,AAPL,2026-11-20,P,130.0,0.0,0.0,0.51,839.0,1.0756,74.0,0.0,-0.0001,0.0,0.0006,-0.0003,-0.0001,0.0024,0.0,0.0,0.0,0.0,up,0.1,2026-09-03T10:04:36,0.0,0.259999990463257,339.815,2026-09-28 18:44:43,2026-09-28 14:45:04
AAPL,AAPL261120P00135000,AAPL,2026-11-20,P,135.0,0.0,0.0,0.04,2.0,0.8012,323.0,1.0,-0.0001,0.0,0.0007,-0.0004,-0.0001,0.003,0.0,0.02,0.02,0.02,no_change,0.02,2026-09-28T12:06:33,2.23517e-06,0.0199999995529652,339.815,2026-09-28 18:44:43,2026-09-28 14:45:04
AAPL,AAPL261120P00140000,AAPL,2026-11-20,P,140.0,0.0,0.0,0.04,1.0,0.7712,698.0,0.0,-0.0002,0.0,0.0009,-0.0005,-0.0001,0.0039,0.0,0.0,0.0,0.0,down,0.03,2026-09-14T15:13:02,0.0,0.0199999995529652,339.815,2026-09-28 18:44:43,2026-09-28 14:45:04
AAPL,AAPL261120P00145000,AAPL,2026-11-20,P,145.0,0.0,0.0,0.14,692.0,0.8321,272.0,0.0,-0.0002,0.0,0.0012,-0.0006,-0.0001,0.005,0.0,0.0,0.0,0.0,up,0.12,2026-09-24T13:26:53,0.0,0.0700000002980232,339.815,2026-09-28 18:44:43,2026-09-28 14:45:04
AAPL,AAPL261120P00150000,AAPL,2026-11-20,P,150.0,0.01,10.0,0.03,60.0,0.7142,228.0,61.0,-0.0003,0.0,0.0015,-0.0008,-0.0001,0.0063,-0.02,0.01,0.03,0.01,up,0.03,2026-09-28T14:17:11,-40.0,0.0500000007450581,339.815,2026-09-28 18:44:43,2026-09-28 14:45:04
AAPL,AAPL261120P00155000,AAPL,2026-11-20,P,155.0,0.01,9.0,0.04,41.0,0.7003,599.0,5.0,-0.0004,0.0,0.0018,-0.001,-0.0002,0.008,0.01,0.03,0.03,0.03,down,0.03,2026-09-28T10:00:43,50.0,0.0199999995529652,339.815,2026-09-28 18:44:43,2026-09-28 14:45:04
AAPL,AAPL261120P00160000,AAPL,2026-11-20,P,160.0,0.01,60.0,0.03,59.0,0.6609,323.0,1.0,-0.0005,0.0,0.0023,-0.0012,-0.0002,0.0101,0.0,0.02,0.02,0.02,no_change,0.02,2026-09-28T12:07:06,2.23517e-06,0.0199999995529652,339.815,2026-09-28 18:44:43,2026-09-28 14:45:04
AAPL,AAPL261120P00165000,AAPL,2026-11-20,P,165.0,0.0,0.0,0.07,1.0,0.6675,153.0,0.0,-0.0006,0.0,0.0028,-0.0015,-0.0003,0.0126,0.0,0.0,0.0,0.0,no_change,0.03,2026-09-24T14:16:20,0.0,0.0350000001490116,339.815,2026-09-28 18:44:43,2026-09-28 14:45:04
AAPL,AAPL261120P00170000,AAPL,2026-11-20,P,170.0,0.0,0.0,0.36,724.0,0.7616,446.0,0.0,-0.0008,0.0,0.0035,-0.0018,-0.0004,0.0158,0.0,0.0,0.0,0.0,up,0.06,2026-09-10T15:08:29,0.0,0.0500000007450581,339.815,2026-09-28 18:44:43,2026-09-28 14:45:04
AAPL,AAPL261120P00175000,AAPL,2026-11-20,P,175.0,0.0,0.0,0.08,1.0,0.6243,161.0,0.0,-0.001,0.0,0.0043,-0.0021,-0.0005,0.0196,0.0,0.0,0.0,0.0,no_change,0.06,2026-09-15T10:30:50,0.0,0.0399999991059303,339.815,2026-09-28 18:44:43,2026-09-28 14:45:04
AAPL,AAPL261120P00180000,AAPL,2026-11-20,P,180.0,0.0,0.0,0.12,20.0,0.6237,301.0,0.0,-0.0012,0.0,0.0052,-0.0026,-0.0006,0.0242,0.0,0.0,0.0,0.0,down,0.04,2026-09-23T12:19:35,0.0,0.0599999986588955,339.815,2026-09-28 18:44:43,2026-09-28 14:45:04
AAPL,AAPL261120P00185000,AAPL,2026-11-20,P,185.0,0.0,0.0,0.06,5.0,0.5604,1129.0,0.0,-0.0014,0.0001,0.0063,-0.003,-0.0007,0.0297,0.0,0.0,0.0,0.0,no_change,0.09,2026-09-15T10:31:06,0.0,0.0350000001490116,339.815,2026-09-28 18:44:43,2026-09-28 14:45:04
AAPL,AAPL261120P00190000,AAPL,2026-11-20,P,190.0,0.01,10.0,0.09,24.0,0.5643,561.0,4.0,-0.0018,0.0001,0.0076,-0.0036,-0.0009,0.0363,0.0,0.04,0.04,0.04,no_change,0.04,2026-09-28T13:41:24,-9.31323e-08,0.0400000000372529,339.815,2026-09-28 18:44:43,2026-09-28 14:45:04
AAPL,AAPL261120P00195000,AAPL,2026-11-20,P,195.0,0.01,72.0,0.12,395.0,0.5555,538.0,2.0,-0.0022,0.0001,0.0092,-0.0042,-0.0011,0.0442,-0.02,0.09,0.09,0.04,down,0.04,2026-09-28T10:01:49,-33.3333,0.0599999995902181,339.815,2026-09-28 18:44:43,2026-09-28 14:45:04
AAPL,AAPL261120P00200000,AAPL,2026-11-20,P,200.0,0.01,48.0,0.09,13.0,0.5183,1931.0,0.0,-0.0027,0.0001,0.0109,-0.0049,-0.0014,0.0534,0.0,0.0,0.0,0.0,down,0.01,2026-09-25T13:07:20,0.0,0.0449999989941716,339.815,2026-09-28 18:44:43,2026-09-28 14:45:04
AAPL,AAPL261120P00205000,AAPL,2026-11-20,P,205.0,0.01,40.0,0.09,18.0,0.4961,1467.0,1.0,-0.0032,0.0001,0.013,-0.0057,-0.0016,0.0643,0.0,0.05,0.05,0.05,down,0.05,2026-09-28T10:44:41,-3.35276e-06,0.0500000016763806,339.815,2026-09-28 18:44:43,2026-09-28 14:45:04
AAPL,AAPL261120P00210000,AAPL,2026-11-20,P,210.0,0.05,140.0,0.1,404.0,0.4948,1923.0,13.0,-0.0039,0.0002,0.0154,-0.0066,-0.002,0.077,0.02,0.06,0.1,0.06,up,0.1,2026-09-28T14:28:36,25.0,0.0800000000745058,339.815,2026-09-28 18:44:43,2026-09-28 14:45:04
AAPL,AAPL261120P00215000,AAPL,2026-11-20,P,215.0,0.07,170.0,0.1,293.0,0.4793,1023.0,3.0,-0.0047,0.0002,0.0182,-0.0076,-0.0024,0.092,-0.01,0.11,0.11,0.08,up,0.09,2026-09-28T14:18:22,-10.0,0.099999999627471,339.815,2026-09-28 18:44:43,2026-09-28 14:45:04
AAPL,AAPL261120P00220000,AAPL,2026-11-20,P,220.0,0.09,138.0,0.15,316.0,0.476,3789.0,92.0,-0.0056,0.0003,0.0213,-0.0087,-0.0028,0.1093,-0.025,0.12,0.12,0.1,no_change,0.1,2026-09-28T14:21:20,-20.0,0.125,339.815,2026-09-28 18:44:43,2026-09-28 14:45:04
AAPL,AAPL261120P00225000,AAPL,2026-11-20,P,225.0,0.1,168.0,0.14,300.0,0.4539,1515.0,6.0,-0.0067,0.0003,0.0251,-0.01,-0.0034,0.1296,0.005,0.12,0.14,0.12,no_change,0.14,2026-09-28T13:41:24,3.7037,0.135000001639128,339.815,2026-09-28 18:44:43,2026-09-28 14:45:04
AAPL,AAPL261120P00230000,AAPL,2026-11-20,P,230.0,0.13,136.0,0.16,576.0,0.4423,6032.0,8.0,-0.008,0.0004,0.0292,-0.0114,-0.0041,0.1533,-0.01,0.13,0.19,0.13,down,0.14,2026-09-28T14:18:11,-6.66667,0.149999998509884,339.815,2026-09-28 18:44:43,2026-09-28 14:45:04
AAPL,AAPL261120P00235000,AAPL,2026-11-20,P,235.0,0.16,61.0,0.19,195.0,0.4308,2094.0,11.0,-0.0095,0.0004,0.034,-0.0129,-0.0048,0.181,0.0,0.13,0.18,0.13,down,0.17,2026-09-28T11:06:05,3.33085e-06,0.169999994337559,339.815,2026-09-28 18:44:43,2026-09-28 14:45:04
AAPL,AAPL261120P00240000,AAPL,2026-11-20,P,240.0,0.2,10.0,0.24,26.0,0.4218,2849.0,2.0,-0.0113,0.0005,0.0398,-0.0146,-0.0058,0.2133,0.04,0.18,0.24,0.18,up,0.24,2026-09-28T10:58:57,20.0,0.199999995529652,339.815,2026-09-28 18:44:43,2026-09-28 14:45:04
AAPL,AAPL261120P00245000,AAPL,2026-11-20,P,245.0,0.23,138.0,0.26,172.0,0.4059,2580.0,9.0,-0.0135,0.0006,0.046,-0.0165,-0.0068,0.2516,0.0,0.22,0.26,0.22,up,0.25,2026-09-28T14:26:08,-2.98023e-06,0.250000007450581,339.815,2026-09-28 18:44:43,2026-09-28 14:45:04
AAPL,AAPL261120P00250000,AAPL,2026-11-20,P,250.0,0.27,445.0,0.32,270.0,0.3946,7161.0,63.0,-0.016,0.0008,0.0536,-0.0187,-0.0081,0.2967,0.005,0.25,0.3,0.23,no_change,0.3,2026-09-28T12:04:41,1.69491,0.295000001788139,339.815,2026-09-28 18:44:43,2026-09-28 14:45:04
AAPL,AAPL261120P00255000,AAPL,2026-11-20,P,255.0,0.33,353.0,0.38,402.0,0.3833,6279.0,4.0,-0.0191,0.0009,0.0622,-0.0211,-0.0097,0.3507,-0.005,0.32,0.34,0.31,no_change,0.34,2026-09-28T12:08:47,-1.44928,0.344999998807907,339.815,2026-09-28 18:44:43,2026-09-28 14:45:04
AAPL,AAPL261120P00260000,AAPL,2026-11-20,P,260.0,0.39,473.0,0.44,205.0,0.3704,6347.0,7.0,-0.0229,0.0011,0.0723,-0.0238,-0.0116,0.4158,0.0,0.37,0.42,0.37,no_change,0.42,2026-09-28T14:23:25,3.12215e-06,0.419999986886978,339.815,2026-09-28 18:44:43,2026-09-28 14:45:04
AAPL,AAPL261120P00265000,AAPL,2026-11-20,P,265.0,0.48,423.0,0.52,181.0,0.3592,4775.0,56.0,-0.0274,0.0014,0.0845,-0.0269,-0.0139,0.4953,0.005,0.46,0.54,0.44,no_change,0.5,2026-09-28T14:21:55,1.0101,0.49499998986721,339.815,2026-09-28 18:44:43,2026-09-28 14:45:04
AAPL,AAPL261120P00270000,AAPL,2026-11-20,P,270.0,0.59,72.0,0.62,52.0,0.3484,8042.0,90.0,-0.0331,0.0016,0.098,-0.0305,-0.0167,0.5942,-0.01,0.54,0.62,0.52,no_change,0.59,2026-09-28T14:26:56,-1.66667,0.599999994039536,339.815,2026-09-28 18:44:43,2026-09-28 14:45:04
AAPL,AAPL261120P00275000,AAPL,2026-11-20,P,275.0,0.68,511.0,0.75,232.0,0.3361,5531.0,27.0,-0.0401,0.002,0.1151,-0.0346,-0.0202,0.7178,-0.025,0.68,0.74,0.65,down,0.71,2026-09-28T13:23:10,-3.40136,0.734999984502792,339.815,2026-09-28 18:44:43,2026-09-28 14:45:04
AAPL,AAPL261120P00280000,AAPL,2026-11-20,P,280.0,0.87,72.0,0.9,39.0,0.3267,8745.0,83.0,-0.0488,0.0024,0.1341,-0.0394,-0.0244,0.8756,-0.005,0.84,0.91,0.79,up,0.87,2026-09-28T14:23:38,-0.571429,0.875,339.815,2026-09-28 18:44:43,2026-09-28 14:45:04
AAPL,AAPL261120P00285000,AAPL,2026-11-20,P,285.0,1.04,482.0,1.13,408.0,0.3168,5149.0,165.0,-0.0597,0.0029,0.1578,-0.045,-0.03,1.0773,-0.025,1.07,1.08,0.98,up,1.07,2026-09-28T13:24:51,-2.28311,1.09500002861023,339.815,2026-09-28 18:44:43,2026-09-28 14:45:04
AAPL,AAPL261120P00290000,AAPL,2026-11-20,P,290.0,1.32,128.0,1.37,70.0,0.3078,6986.0,520.0,-0.0734,0.0035,0.1839,-0.0515,-0.0367,1.3379,-0.07,1.3,1.39,1.21,no_change,1.29,2026-09-28T13:26:51,-5.14706,1.35999995470047,339.815,2026-09-28 18:44:43,2026-09-28 14:45:04
AAPL,AAPL261120P00295000,AAPL,2026-11-20,P,295.0,1.66,59.0,1.7,104.0,0.2995,6451.0,234.0,-0.0904,0.0042,0.2146,-0.0587,-0.045,1.6692,-0.01,1.49,1.73,1.45,down,1.67,2026-09-28T14:26:45,-0.595239,1.68000000715256,339.815,2026-09-28 18:44:43,2026-09-28 14:45:04
AAPL,AAPL261120P00300000,AAPL,2026-11-20,P,300.0,2.03,396.0,2.14,62.0,0.2908,19492.0,424.0,-0.1116,0.005,0.2503,-0.0669,-0.0554,2.1022,0.035,2.26,2.26,1.87,up,2.14,2026-09-28T14:16:48,1.66271,2.10500001907349,339.815,2026-09-28 18:44:43,2026-09-28 14:45:04
AAPL,AAPL261120P00305000,AAPL,2026-11-20,P,305.0,2.6,352.0,2.71,131.0,0.2849,5308.0,577.0,-0.1374,0.006,0.2877,-0.0759,-0.0678,2.6594,0.005,2.78,2.78,2.33,no_change,2.65,2026-09-28T14:20:52,0.189037,2.64499998092651,339.815,2026-09-28 18:44:43,2026-09-28 14:45:04
AAPL,AAPL261120P00310000,AAPL,2026-11-20,P,310.0,3.3,181.0,3.45,344.0,0.2795,16290.0,475.0,-0.1683,0.007,0.3286,-0.0852,-0.0827,3.3597,0.025,3.27,3.45,2.98,down,3.35,2026-09-28T14:28:52,0.751878,3.32500004768372,339.815,2026-09-28 18:44:43,2026-09-28 14:45:04
AAPL,AAPL261120P00315000,AAPL,2026-11-20,P,315.0,4.15,383.0,4.3,63.0,0.2732,9386.0,279.0,-0.2047,0.008,0.3708,-0.0945,-0.1,4.2354,-0.005,4.28,4.35,3.65,no_change,4.22,2026-09-28T14:20:52,-0.118341,4.22499990463257,339.815,2026-09-28 18:44:43,2026-09-28 14:45:04
AAPL,AAPL261120P00320000,AAPL,2026-11-20,P,320.0,5.3,11.0,5.4,157.0,0.269,8422.0,851.0,-0.2473,0.0091,0.4108,-0.1034,-0.1195,5.3253,0.1,5.2,5.45,4.7,up,5.35,2026-09-28T14:17:59,1.90476,5.25,339.815,2026-09-28 18:44:43,2026-09-28 14:45:04
AAPL,AAPL261120P00325000,AAPL,2026-11-20,P,325.0,6.5,372.0,6.8,225.0,0.2642,3022.0,245.0,-0.2949,0.0102,0.4475,-0.1113,-0.1407,6.6418,0.15,6.6,6.75,5.85,no_change,6.7,2026-09-28T14:03:46,2.29008,6.54999995231628,339.815,2026-09-28 18:44:43,2026-09-28 14:45:04
AAPL,AAPL261120P00330000,AAPL,2026-11-20,P,330.0,8.15,181.0,8.3,98.0,0.26,4535.0,272.0,-0.3475,0.0111,0.4784,-0.1176,-0.1626,8.2147,0.13,8.15,8.43,7.3,down,8.23,2026-09-28T14:23:32,1.60494,8.09999990463257,339.815,2026-09-28 18:44:43,2026-09-28 14:45:04
AAPL,AAPL261120P00335000,AAPL,2026-11-20,P,335.0,10.0,249.0,10.15,52.0,0.2564,2878.0,334.0,-0.4047,0.0118,0.5013,-0.122,-0.1852,10.0828,0.15,9.65,10.3,9.0,no_change,10.1,2026-09-28T14:27:26,1.50753,9.9500002861023,339.815,2026-09-28 18:44:43,2026-09-28 14:45:04
AAPL,AAPL261120P00340000,AAPL,2026-11-20,P,340.0,12.1,239.0,12.4,201.0,0.2524,2894.0,1183.0,-0.4653,0.0124,0.5136,-0.1239,-0.2098,12.2592,0.155,12.03,12.56,10.95,down,12.18,2026-09-28T14:17:57,1.28898,12.0249996185303,339.815,2026-09-28 18:44:43,2026-09-28 14:45:04
AAPL,AAPL261120P00345000,AAPL,2026-11-20,P,345.0,14.65,141.0,14.95,237.0,0.2503,1005.0,860.0,-0.5279,0.0127,0.5131,-0.1232,-0.2296,14.7553,0.7,14.55,15.15,13.48,up,15.15,2026-09-28T14:00:03,4.84429,14.4500002861023,339.815,2026-09-28 18:44:43,2026-09-28 14:45:04
AAPL,AAPL261120P00350000,AAPL,2026-11-20,P,350.0,17.35,251.0,17.8,260.0,0.2465,453.0,130.0,-0.591,0.0127,0.5009,-0.1199,-0.2442,17.5798,0.025,17.3,17.53,16.15,up,17.4,2026-09-28T13:43:00,0.143885,17.375,339.815,2026-09-28 18:44:43,2026-09-28 14:45:04
AAPL,AAPL261120P00355000,AAPL,2026-11-20,P,355.0,20.45,485.0,20.95,130.0,0.2434,254.0,6.0,-0.6531,0.0124,0.4764,-0.1142,-0.2559,20.73,-0.025,20.3,20.6,19.1,up,20.6,2026-09-28T10:47:50,-0.121212,20.625,339.815,2026-09-28 18:44:43,2026-09-28 14:45:04
AAPL,AAPL261120P00360000,AAPL,2026-11-20,P,360.0,23.85,334.0,24.6,378.0,0.2426,461.0,14.0,-0.7127,0.0119,0.44,-0.1066,-0.2613,24.1969,-0.975,23.4,23.4,23.25,up,23.3,2026-09-28T11:30:28,-4.01648,24.2749996185303,339.815,2026-09-28 18:44:43,2026-09-28 14:45:04
AAPL,AAPL261120P00365000,AAPL,2026-11-20,P,365.0,27.6,402.0,28.6,399.0,0.2437,132.0,22.0,-0.7685,0.0111,0.3912,-0.0974,-0.254,27.962,0.0,26.2,28.2,26.1,up,28.1,2026-09-28T13:56:48,-1.35754e-06,28.1000003814697,339.815,2026-09-28 18:44:43,2026-09-28 14:45:04
AAPL,AAPL261120P00370000,AAPL,2026-11-20,P,370.0,31.45,200.0,32.9,272.0,0.2441,104.0,1.0,-0.8195,0.0102,0.337,-0.0873,-0.2376,31.9983,-1.4,30.4,30.4,30.4,down,30.4,2026-09-28T10:18:50,-4.40251,31.7999992370606,339.815,2026-09-28 18:44:43,2026-09-28 14:45:04
AAPL,AAPL261120P00375000,AAPL,2026-11-20,P,375.0,35.6,207.0,36.6,21.0,0.231,68.0,6.0,-0.8652,0.0092,0.2795,-0.0773,-0.2136,36.2766,-0.585,35.59,35.59,35.59,down,35.59,2026-09-28T13:15:45,-1.61714,36.1749992370606,339.815,2026-09-28 18:44:43,2026-09-28 14:45:04
AAPL,AAPL261120P00380000,AAPL,2026-11-20,P,380.0,40.0,126.0,41.7,113.0,0.2413,6.0,0.0,-0.9057,0.0083,0.2163,-0.0678,-0.1897,40.7677,0.0,0.0,0.0,0.0,down,44.65,2026-09-17T13:47:16,0.0,40.2000007629394,339.815,2026-09-28 18:44:43,2026-09-28 14:45:04
AAPL,AAPL261120P00385000,AAPL,2026-11-20,P,385.0,44.2,173.0,46.3,160.0,0.219,7.0,1.0,-0.9412,0.0076,0.1489,-0.0599,-0.1304,45.4403,0.735,45.66,45.66,45.66,down,45.66,2026-09-28T11:00:29,1.63606,44.9249992370606,339.815,2026-09-28 18:44:43,2026-09-28 14:45:04
AAPL,AAPL261120P00390000,AAPL,2026-11-20,P,390.0,49.2,117.0,51.4,113.0,0.2437,8.0,0.0,-0.9697,0.0061,0.0857,-0.0536,-0.0512,50.2583,0.0,0.0,0.0,0.0,down,50.33,2026-09-25T12:44:06,0.0,49.8999996185303,339.815,2026-09-28 18:44:43,2026-09-28 14:45:04
AAPL,AAPL261120P00395000,AAPL,2026-11-20,P,395.0,54.0,144.0,56.25,119.0,0.0,0.0,0.0,-0.9895,0.0034,0.0405,-0.0495,-0.0408,55.1893,0.0,0.0,0.0,0.0,no_change,0.0,,0.0,54.8250007629394,339.815,2026-09-28 18:44:43,2026-09-28 14:45:04
AAPL,AAPL261120P00400000,AAPL,2026-11-20,P,400.0,59.0,85.0,61.35,84.0,0.0,0.0,0.0,-0.9974,0.0009,0.0,-0.0494,0.0,60.1846,0.0,0.0,0.0,0.0,down,57.83,2026-09-22T10:56:08,0.0,59.6000003814697,339.815,2026-09-28 18:44:43,2026-09-28 14:45:04
AAPL,AAPL261120P00405000,AAPL,2026-11-20,P,405.0,63.95,103.0,66.6,103.0,0.2905,0.0,0.0,-1.0,0.0,0.0,-0.0494,0.0,65.1846,0.0,0.0,0.0,0.0,no_change,0.0,,0.0,64.5999984741211,339.815,2026-09-28 18:44:43,2026-09-28 14:45:04
AAPL,AAPL261120P00410000,AAPL,2026-11-20,P,410.0,68.95,102.0,71.35,102.0,0.0,0.0,0.0,-1.0,0.0,0.0,-0.0494,0.0,70.1846,0.0,0.0,0.0,0.0,up,73.2,2026-09-23T12:06:18,0.0,69.6999969482422,339.815,2026-09-28 18:44:43,2026-09-28 14:45:04
AAPL,AAPL261120P00415000,AAPL,2026-11-20,P,415.0,73.95,98.0,76.1,98.0,0.0,0.0,0.0,-1.0,0.0,0.0,-0.0494,0.0,75.1846,0.0,0.0,0.0,0.0,no_change,0.0,,0.0,74.5999984741211,339.815,2026-09-28 18:44:43,2026-09-28 14:45:04
AAPL,AAPL261120P00420000,AAPL,2026-11-20,P,420.0,78.95,98.0,81.35,100.0,0.0,0.0,0.0,-1.0,0.0,0.0,-0.0494,0.0,80.1846,0.0,0.0,0.0,0.0,no_change,0.0,,0.0,79.5999984741211,339.815,2026-09-28 18:44:43,2026-09-28 14:45:04
AAPL,AAPL261120P00425000,AAPL,2026-11-20,P,425.0,83.95,97.0,86.6,101.0,0.3521,0.0,0.0,-1.0,0.0,0.0,-0.0494,0.0,85.1846,0.0,0.0,0.0,0.0,no_change,0.0,,0.0,84.625,339.815,2026-09-28 18:44:43,2026-09-28 14:45:04
AAPL,AAPL261120P00430000,AAPL,2026-11-20,P,430.0,89.0,101.0,91.3,103.0,0.0,0.0,0.0,-1.0,0.0,0.0,-0.0494,0.0,90.1846,0.0,0.0,0.0,0.0,no_change,0.0,,0.0,89.6749992370606,339.815,2026-09-28 18:44:43,2026-09-28 14:45:04
AAPL,AAPL261120P00440000,AAPL,2026-11-20,P,440.0,98.95,103.0,101.35,103.0,0.0,0.0,0.0,-1.0,0.0,0.0,-0.0494,0.0,100.1846,0.0,0.0,0.0,0.0,no_change,0.0,,0.0,99.5999984741211,339.815,2026-09-28 18:44:43,2026-09-28 14:45:04
AAPL,AAPL261120P00450000,AAPL,2026-11-20,P,450.0,108.95,92.0,111.2,90.0,0.0,0.0,0.0,-1.0,0.0,0.0,-0.0494,0.0,110.1846,0.0,0.0,0.0,0.0,no_change,0.0,,0.0,109.599998474121,339.815,2026-09-28 18:44:43,2026-09-28 14:45:04
AAPL,AAPL261120P00460000,AAPL,2026-11-20,P,460.0,119.0,95.0,121.15,98.0,0.0,0.0,0.0,-1.0,0.0,0.0,-0.0494,0.0,120.1846,0.0,0.0,0.0,0.0,no_change,0.0,,0.0,119.599998474121,339.815,2026-09-28 18:44:43,2026-09-28 14:45:04
AAPL,AAPL261120P00470000,AAPL,2026-11-20,P,470.0,128.5,88.0,131.4,91.0,0.0,0.0,0.0,-1.0,0.0,0.0,-0.0494,0.0,130.1846,0.0,0.0,0.0,0.0,no_change,0.0,,0.0,129.599998474121,339.815,2026-09-28 18:44:43,2026-09-28 14:45:04
AAPL,AAPL261120P00480000,AAPL,2026-11-20,P,480.0,138.95,97.0,141.4,97.0,0.0,0.0,0.0,-1.0,0.0,0.0,-0.0494,0.0,140.1846,0.0,0.0,0.0,0.0,no_change,0.0,,0.0,139.824996948242,339.815,2026-09-28 18:44:43,2026-09-28 14:45:04
AAPL,AAPL261120P00490000,AAPL,2026-11-20,P,490.0,148.95,92.0,151.25,96.0,0.0,0.0,0.0,-1.0,0.0,0.0,-0.0494,0.0,150.1846,0.0,0.0,0.0,0.0,no_change,0.0,,0.0,149.549995422363,339.815,2026-09-28 18:44:43,2026-09-28 14:45:04
AAPL,AAPL261120P00500000,AAPL,2026-11-20,P,500.0,158.95,98.0,161.35,98.0,0.0,0.0,0.0,-1.0,0.0,0.0,-0.0494,0.0,160.1846,0.0,0.0,0.0,0.0,no_change,0.0,,0.0,159.549995422363,339.815,2026-09-28 18:44:43,2026-09-28 14:45:04
AAPL,AAPL261120P00510000,AAPL,2026-11-20,P,510.0,168.95,97.0,171.4,97.0,0.0,0.0,0.0,-1.0,0.0,0.0,-0.0494,0.0,170.1846,0.0,0.0,0.0,0.0,no_change,0.0,,0.0,169.599998474121,339.815,2026-09-28 18:44:43,2026-09-28 14:45:04
AAPL,AAPL261120P00520000,AAPL,2026-11-20,P,520.0,178.2,90.0,181.4,88.0,0.0,0.0,0.0,-1.0,0.0,0.0,-0.0494,0.0,180.1846,0.0,0.0,0.0,0.0,no_change,0.0,,0.0,179.599998474121,339.815,2026-09-28 18:44:43,2026-09-28 14:45:04
AAPL,AAPL261120P00530000,AAPL,2026-11-20,P,530.0,188.65,91.0,191.4,88.0,0.0,0.0,0.0,-1.0,0.0,0.0,-0.0494,0.0,190.1846,0.0,0.0,0.0,0.0,no_change,0.0,,0.0,189.599998474121,339.815,2026-09-28 18:44:43,2026-09-28 14:45:04
AAPL,AAPL261120P00540000,AAPL,2026-11-20,P,540.0,198.95,91.0,201.4,87.0,0.0,0.0,0.0,-1.0,0.0,0.0,-0.0494,0.0,200.1846,0.0,0.0,0.0,0.0,no_change,0.0,,0.0,199.599998474121,339.815,2026-09-28 18:44:43,2026-09-28 14:45:04
AAPL,AAPL261120P00550000,AAPL,2026-11-20,P,550.0,208.95,83.0,211.4,88.0,0.0,0.0,0.0,-1.0,0.0,0.0,-0.0494,0.0,210.1846,0.0,0.0,0.0,0.0,no_change,0.0,,0.0,209.549995422363,339.815,2026-09-28 18:44:43,2026-09-28 14:45:04
AAPL,AAPL261120P00560000,AAPL,2026-11-20,P,560.0,218.95,88.0,221.3,92.0,0.0,0.0,0.0,-1.0,0.0,0.0,-0.0494,0.0,220.1846,0.0,0.0,0.0,0.0,no_change,0.0,,0.0,219.599998474121,339.815,2026-09-28 18:44:43,2026-09-28 14:45:04
AAPL,AAPL261120P00570000,AAPL,2026-11-20,P,570.0,228.15,90.0,231.4,89.0,0.0,0.0,0.0,-1.0,0.0,0.0,-0.0494,0.0,230.1846,0.0,0.0,0.0,0.0,no_change,0.0,,0.0,229.549995422363,339.815,2026-09-28 18:44:43,2026-09-28 14:45:04
AAPL,AAPL261120P00580000,AAPL,2026-11-20,P,580.0,238.65,91.0,241.4,91.0,0.0,0.0,0.0,-1.0,0.0,0.0,-0.0494,0.0,240.1846,0.0,0.0,0.0,0.0,no_change,0.0,,0.0,239.599998474121,339.815,2026-09-28 18:44:43,2026-09-28 14:45:04
AAPL,AAPL261120P00590000,AAPL,2026-11-20,P,590.0,248.95,95.0,251.4,97.0,0.0,0.0,0.0,-1.0,0.0,0.0,-0.0494,0.0,250.1846,0.0,0.0,0.0,0.0,no_change,0.0,,0.0,249.599998474121,339.815,2026-09-28 18:44:43,2026-09-28 14:45:04
AAPL,AAPL261120P00600000,AAPL,2026-11-20,P,600.0,258.95,99.0,261.4,97.0,0.0,0.0,0.0,-1.0,0.0,0.0,-0.0494,0.0,260.1846,0.0,0.0,0.0,0.0,no_change,0.0,,0.0,259.600006103516,339.815,2026-09-28 18:44:43,2026-09-28 14:45:04
AAPL,AAPL261218C00005000,AAPL,2026-12-18,C,5.0,333.35,78.0,336.1,76.0,0.0,46.0,0.0,1.0,0.0,0.0,0.0,0.0054,334.8543,0.0,0.0,0.0,0.0,up,333.6,2026-09-23T14:29:20,0.0,335.524993896484,339.815,2026-09-28 18:44:43,2026-09-28 14:45:04
AAPL,AAPL261218C00010000,AAPL,2026-12-18,C,10.0,329.0,96.0,331.35,93.0,3.4958,0.0,0.0,1.0,0.0,0.0,0.0,0.0114,329.8795,0.0,0.0,0.0,0.0,up,303.27,2026-08-07T15:52:50,0.0,330.475006103516,339.815,2026-09-28 18:44:43,2026-09-28 14:45:04
AAPL,AAPL261218C00015000,AAPL,2026-12-18,C,15.0,323.4,98.0,326.4,92.0,0.0,0.0,0.0,1.0,0.0,0.0,0.0,0.0171,324.9053,0.0,0.0,0.0,0.0,up,298.33,2026-08-07T15:52:50,0.0,325.5,339.815,2026-09-28 18:44:43,2026-09-28 14:45:04
AAPL,AAPL261218C00020000,AAPL,2026-12-18,C,20.0,318.9,90.0,321.4,91.0,2.5982,2.0,0.0,1.0,0.0,0.0,0.0,0.0229,319.9312,0.0,0.0,0.0,0.0,down,292.93,2026-08-07T14:06:08,0.0,320.599990844727,339.815,2026-09-28 18:44:43,2026-09-28 14:45:04
AAPL,AAPL261218C00025000,AAPL,2026-12-18,C,25.0,313.6,80.0,316.4,90.0,2.0229,11.0,0.0,1.0,0.0,0.0,0.0,0.0286,314.9571,0.0,0.0,0.0,0.0,no_change,286.17,2026-05-29T13:11:59,0.0,315.599990844727,339.815,2026-09-28 18:44:43,2026-09-28 14:45:04
AAPL,AAPL261218C00030000,AAPL,2026-12-18,C,30.0,308.65,83.0,311.45,85.0,1.9382,11.0,0.0,1.0,0.0,0.0,0.0,0.0343,309.983,0.0,0.0,0.0,0.0,up,283.62,2026-08-07T11:23:46,0.0,310.600006103516,339.815,2026-09-28 18:44:43,2026-09-28 14:45:04
AAPL,AAPL261218C00035000,AAPL,2026-12-18,C,35.0,303.65,91.0,306.5,91.0,1.8006,1.0,0.0,1.0,0.0,0.0,0.0,0.0401,305.0089,0.0,0.0,0.0,0.0,up,266.33,2026-06-22T10:33:53,0.0,305.600006103516,339.815,2026-09-28 18:44:43,2026-09-28 14:45:04
AAPL,AAPL261218C00040000,AAPL,2026-12-18,C,40.0,299.0,91.0,301.5,89.0,1.8969,4.0,0.0,1.0,0.0,0.0,0.0,0.0458,300.0349,0.0,0.0,0.0,0.0,up,269.37,2026-08-25T15:26:10,0.0,300.675003051758,339.815,2026-09-28 18:44:43,2026-09-28 14:45:04
AAPL,AAPL261218C00045000,AAPL,2026-12-18,C,45.0,293.4,98.0,297.05,92.0,1.7303,50.0,0.0,1.0,0.0,0.0,0.0,0.0516,295.0609,0.0,0.0,0.0,0.0,up,254.68,2026-06-22T14:35:05,0.0,295.674987792969,339.815,2026-09-28 18:44:43,2026-09-28 14:45:04
AAPL,AAPL261218C00050000,AAPL,2026-12-18,C,50.0,288.6,151.0,292.1,122.0,1.7215,2002.0,0.0,1.0,0.0,0.0001,0.0,0.0575,290.0869,0.0,0.0,0.0,0.0,up,288.85,2026-09-21T14:27:41,0.0,290.875,339.815,2026-09-28 18:44:43,2026-09-28 14:45:04
AAPL,AAPL261218C00060000,AAPL,2026-12-18,C,60.0,278.6,137.0,282.2,126.0,1.5402,262.0,0.0,1.0,0.0,0.0003,0.0,0.0916,280.1423,0.0,0.0,0.0,0.0,up,247.25,2026-08-11T10:27:27,0.0,280.950012207031,339.815,2026-09-28 18:44:43,2026-09-28 14:45:04
AAPL,AAPL261218C00070000,AAPL,2026-12-18,C,70.0,268.6,155.0,272.3,113.0,1.3778,2373.0,0.0,0.9998,0.0,0.0004,0.0,0.1558,270.2313,0.0,0.0,0.0,0.0,up,266.36,2026-09-17T14:40:23,0.0,271.074996948242,339.815,2026-09-28 18:44:43,2026-09-28 14:45:04
AAPL,AAPL261218C00080000,AAPL,2026-12-18,C,80.0,259.05,400.0,261.9,324.0,1.2031,352.0,0.0,0.9997,0.0,0.0006,0.0,0.1822,260.3369,0.0,0.0,0.0,0.0,no_change,260.42,2026-09-25T12:20:03,0.0,261.074996948242,339.815,2026-09-28 18:44:43,2026-09-28 14:45:04
AAPL,AAPL261218C00085000,AAPL,2026-12-18,C,85.0,254.15,430.0,256.95,345.0,1.1731,605.0,0.0,0.9997,0.0,0.0007,0.0,0.1936,255.3903,0.0,0.0,0.0,0.0,down,228.7,2026-08-06T15:44:31,0.0,255.949996948242,339.815,2026-09-28 18:44:43,2026-09-28 14:45:04
AAPL,AAPL261218C00090000,AAPL,2026-12-18,C,90.0,249.15,408.0,252.0,331.0,1.1034,477.0,1.0,0.9997,0.0,0.0008,0.0,0.205,250.4437,-2.375,248.85,248.85,248.85,up,248.85,2026-09-28T14:05:07,-0.945367,251.224998474121,339.815,2026-09-28 18:44:43,2026-09-28 14:45:04
AAPL,AAPL261218C00095000,AAPL,2026-12-18,C,95.0,244.05,335.0,247.05,269.0,0.972,100.0,0.0,0.9997,0.0,0.0009,0.0,0.2164,245.4973,0.0,0.0,0.0,0.0,down,211.1,2026-08-03T15:41:05,0.0,246.224998474121,339.815,2026-09-28 18:44:43,2026-09-28 14:45:04
AAPL,AAPL261218C00100000,AAPL,2026-12-18,C,100.0,239.0,1.0,242.6,124.0,1.0963,3253.0,0.0,0.9996,0.0,0.0011,0.0,0.2277,240.551,0.0,0.0,0.0,0.0,up,237.84,2026-09-17T15:27:07,0.0,241.349998474121,339.815,2026-09-28 18:44:43,2026-09-28 14:45:04
AAPL,AAPL261218C00105000,AAPL,2026-12-18,C,105.0,233.95,141.0,237.65,111.0,1.0258,175.0,0.0,0.9996,0.0,0.0013,0.0,0.239,235.6048,0.0,0.0,0.0,0.0,down,200.97,2026-08-13T15:51:32,0.0,236.375,339.815,2026-09-28 18:44:43,2026-09-28 14:45:04
AAPL,AAPL261218C00110000,AAPL,2026-12-18,C,110.0,229.2,126.0,232.7,105.0,1.0355,523.0,0.0,0.9996,0.0,0.0015,0.0,0.2504,230.6587,0.0,0.0,0.0,0.0,up,233.0,2026-07-29T13:00:56,0.0,231.424995422363,339.815,2026-09-28 18:44:43,2026-09-28 14:45:04
AAPL,AAPL261218C00115000,AAPL,2026-12-18,C,115.0,224.5,379.0,227.25,316.0,0.9324,330.0,0.0,0.9995,0.0,0.0018,0.0,0.2617,225.7128,0.0,0.0,0.0,0.0,down,191.17,2026-08-13T15:51:32,0.0,226.449996948242,339.815,2026-09-28 18:44:43,2026-09-28 14:45:04
AAPL,AAPL261218C00120000,AAPL,2026-12-18,C,120.0,219.5,424.0,222.3,334.0,0.88,1311.0,0.0,0.9995,0.0,0.0021,0.0,0.2731,220.7672,0.0,0.0,0.0,0.0,no_change,213.99,2026-09-11T15:04:58,0.0,221.525001525879,339.815,2026-09-28 18:44:43,2026-09-28 14:45:04
AAPL,AAPL261218C00125000,AAPL,2026-12-18,C,125.0,214.65,382.0,217.35,320.0,0.8754,459.0,0.0,0.9994,0.0,0.0025,0.0,0.2844,215.8217,0.0,0.0,0.0,0.0,up,215.64,2026-09-25T12:27:18,0.0,216.324996948242,339.815,2026-09-28 18:44:43,2026-09-28 14:45:04
AAPL,AAPL261218C00130000,AAPL,2026-12-18,C,130.0,209.7,412.0,212.45,337.0,0.8544,1382.0,0.0,0.9993,0.0,0.0029,0.0,0.2957,210.8766,0.0,0.0,0.0,0.0,down,184.95,2026-09-09T10:55:26,0.0,211.375,339.815,2026-09-28 18:44:43,2026-09-28 14:45:04
AAPL,AAPL261218C00135000,AAPL,2026-12-18,C,135.0,204.7,404.0,207.5,332.0,0.8095,696.0,0.0,0.9992,0.0,0.0034,0.0,0.307,205.9318,0.0,0.0,0.0,0.0,up,211.11,2026-09-22T09:33:35,0.0,206.675003051758,339.815,2026-09-28 18:44:43,2026-09-28 14:45:04
AAPL,AAPL261218C00140000,AAPL,2026-12-18,C,140.0,199.8,404.0,202.5,321.0,0.7784,1085.0,0.0,0.9991,0.0,0.004,0.0,0.3183,200.9874,0.0,0.0,0.0,0.0,down,196.44,2026-09-25T10:18:03,0.0,201.674995422363,339.815,2026-09-28 18:44:43,2026-09-28 14:45:04
AAPL,AAPL261218C00145000,AAPL,2026-12-18,C,145.0,194.8,374.0,197.6,311.0,0.7484,441.0,0.0,0.999,0.0,0.0047,0.0,0.3296,196.0435,0.0,0.0,0.0,0.0,no_change,199.05,2026-09-22T11:55:07,0.0,196.574996948242,339.815,2026-09-28 18:44:43,2026-09-28 14:45:04
AAPL,AAPL261218C00150000,AAPL,2026-12-18,C,150.0,190.15,358.0,192.6,305.0,0.7686,414.0,0.0,0.9988,0.0,0.0055,0.0,0.3408,191.1001,0.0,0.0,0.0,0.0,up,195.0,2026-09-22T09:31:44,0.0,191.700004577637,339.815,2026-09-28 18:44:43,2026-09-28 14:45:04
AAPL,AAPL261218C00155000,AAPL,2026-12-18,C,155.0,184.85,360.0,187.7,295.0,0.6791,253.0,0.0,0.9987,0.0,0.0064,0.0,0.352,186.1574,0.0,0.0,0.0,0.0,no_change,186.5,2026-09-25T15:28:31,0.0,186.675003051758,339.815,2026-09-28 18:44:43,2026-09-28 14:45:04
AAPL,AAPL261218C00160000,AAPL,2026-12-18,C,160.0,180.0,369.0,182.75,304.0,0.6753,450.0,0.0,0.9984,0.0,0.0075,0.0,0.3632,181.2155,0.0,0.0,0.0,0.0,down,176.62,2026-09-25T10:18:03,0.0,181.799995422363,339.815,2026-09-28 18:44:43,2026-09-28 14:45:04
AAPL,AAPL261218C00165000,AAPL,2026-12-18,C,165.0,175.05,373.0,177.8,303.0,0.6489,522.0,0.0,0.9982,0.0001,0.0087,0.0,0.3744,176.2745,0.0,0.0,0.0,0.0,down,172.5,2026-09-23T11:29:49,0.0,176.974998474121,339.815,2026-09-28 18:44:43,2026-09-28 14:45:04
AAPL,AAPL261218C00170000,AAPL,2026-12-18,C,170.0,170.2,372.0,172.85,314.0,0.6415,925.0,1.0,0.9979,0.0001,0.0102,0.0,0.3856,171.3346,0.165,171.84,171.84,171.84,up,171.84,2026-09-28T13:33:40,0.0961101,171.675003051758,339.815,2026-09-28 18:44:43,2026-09-28 14:45:04
AAPL,AAPL261218C00175000,AAPL,2026-12-18,C,175.0,165.4,373.0,167.9,302.0,0.6387,735.0,0.0,0.9975,0.0001,0.0118,0.0,0.3966,166.3958,0.0,0.0,0.0,0.0,no_change,164.78,2026-09-23T09:57:54,0.0,166.924995422363,339.815,2026-09-28 18:44:43,2026-09-28 14:45:04
AAPL,AAPL261218C00180000,AAPL,2026-12-18,C,180.0,160.6,341.0,162.95,309.0,0.632,746.0,0.0,0.9971,0.0001,0.0138,0.0,0.4077,161.4584,0.0,0.0,0.0,0.0,down,163.74,2026-09-22T13:33:43,0.0,162.125,339.815,2026-09-28 18:44:43,2026-09-28 14:45:04
AAPL,AAPL261218C00185000,AAPL,2026-12-18,C,185.0,155.55,361.0,158.05,308.0,0.6013,943.0,0.0,0.9966,0.0001,0.016,0.0,0.4187,156.5226,0.0,0.0,0.0,0.0,up,152.75,2026-09-25T10:29:05,0.0,156.974998474121,339.815,2026-09-28 18:44:43,2026-09-28 14:45:04
AAPL,AAPL261218C00190000,AAPL,2026-12-18,C,190.0,150.65,351.0,153.1,292.0,0.5826,537.0,0.0,0.9961,0.0001,0.0185,0.0,0.4296,151.5887,0.0,0.0,0.0,0.0,up,152.38,2026-09-25T15:21:32,0.0,152.375,339.815,2026-09-28 18:44:43,2026-09-28 14:45:04
AAPL,AAPL261218C00195000,AAPL,2026-12-18,C,195.0,145.75,345.0,148.15,302.0,0.564,1120.0,0.0,0.9954,0.0002,0.0214,0.0,0.4404,146.6568,0.0,0.0,0.0,0.0,up,148.0,2026-09-25T15:48:43,0.0,147.150001525879,339.815,2026-09-28 18:44:43,2026-09-28 14:45:04
AAPL,AAPL261218C00200000,AAPL,2026-12-18,C,200.0,140.65,396.0,143.25,328.0,0.5305,8811.0,1.0,0.9946,0.0002,0.0247,0.0,0.4512,141.7273,1.06,143.46,143.46,143.46,up,143.46,2026-09-28T12:27:40,0.744381,142.400001525879,339.815,2026-09-28 18:44:43,2026-09-28 14:45:04
AAPL,AAPL261218C00205000,AAPL,2026-12-18,C,205.0,135.85,331.0,138.3,278.0,0.5227,173.0,0.0,0.9937,0.0002,0.0285,0.0,0.4618,136.8006,0.0,0.0,0.0,0.0,up,137.28,2026-09-25T14:54:31,0.0,137.425003051758,339.815,2026-09-28 18:44:43,2026-09-28 14:45:04
AAPL,AAPL261218C00210000,AAPL,2026-12-18,C,210.0,131.0,375.0,133.35,321.0,0.5088,5578.0,2.0,0.9927,0.0003,0.0328,0.0,0.4723,131.877,-0.52,134.44,134.44,132.08,down,132.08,2026-09-28T11:12:36,-0.392156,132.599998474121,339.815,2026-09-28 18:44:43,2026-09-28 14:45:04
AAPL,AAPL261218C00215000,AAPL,2026-12-18,C,215.0,126.0,342.0,128.45,352.0,0.4867,763.0,1.0,0.9915,0.0003,0.0377,0.0,0.4827,126.9572,-0.01,127.34,127.34,127.34,up,127.34,2026-09-28T13:31:37,-0.00785417,127.350002288818,339.815,2026-09-28 18:44:43,2026-09-28 14:45:04
AAPL,AAPL261218C00220000,AAPL,2026-12-18,C,220.0,120.85,354.0,122.9,221.0,0.3601,3075.0,0.0,0.99,0.0004,0.0432,0.0,0.4929,122.0416,0.0,0.0,0.0,0.0,up,122.98,2026-09-25T15:40:51,0.0,122.599998474121,339.815,2026-09-28 18:44:43,2026-09-28 14:45:04
AAPL,AAPL261218C00225000,AAPL,2026-12-18,C,225.0,116.15,339.0,118.6,277.0,0.4511,386.0,0.0,0.9884,0.0005,0.0496,-0.0006,0.5029,117.131,0.0,0.0,0.0,0.0,up,113.12,2026-09-25T10:29:05,0.0,117.425003051758,339.815,2026-09-28 18:44:43,2026-09-28 14:45:04
AAPL,AAPL261218C00230000,AAPL,2026-12-18,C,230.0,111.0,361.0,113.7,285.0,0.4194,4728.0,0.0,0.9864,0.0005,0.0569,-0.0024,0.5127,112.2264,0.0,0.0,0.0,0.0,down,112.81,2026-09-25T15:38:30,0.0,113.024997711182,339.815,2026-09-28 18:44:43,2026-09-28 14:45:04
AAPL,AAPL261218C00235000,AAPL,2026-12-18,C,235.0,106.35,335.0,108.8,276.0,0.4218,563.0,1.0,0.9841,0.0006,0.065,-0.0044,0.5222,107.3289,2.115,109.89,109.89,109.89,up,109.89,2026-09-28T09:57:08,1.96242,107.774997711182,339.815,2026-09-28 18:44:43,2026-09-28 14:45:04
AAPL,AAPL261218C00240000,AAPL,2026-12-18,C,240.0,101.7,258.0,103.9,271.0,0.4194,5337.0,5.0,0.9814,0.0007,0.0744,-0.0066,0.5314,102.4399,-0.415,104.0,104.0,102.96,down,102.96,2026-09-28T13:33:28,-0.401451,103.375,339.815,2026-09-28 18:44:43,2026-09-28 14:45:04
AAPL,AAPL261218C00245000,AAPL,2026-12-18,C,245.0,96.65,289.0,99.0,247.0,0.396,440.0,0.0,0.9782,0.0009,0.0852,-0.009,0.5402,97.5615,0.0,0.0,0.0,0.0,down,94.35,2026-09-24T11:32:59,0.0,97.9749984741211,339.815,2026-09-28 18:44:43,2026-09-28 14:45:04
AAPL,AAPL261218C00250000,AAPL,2026-12-18,C,250.0,91.85,410.0,93.55,376.0,0.3582,14936.0,68.0,0.9745,0.001,0.0974,-0.0116,0.5485,92.696,-0.53,94.48,95.15,92.92,down,92.92,2026-09-28T13:44:51,-0.567145,93.4499969482422,339.815,2026-09-28 18:44:43,2026-09-28 14:45:04
AAPL,AAPL261218C00255000,AAPL,2026-12-18,C,255.0,86.7,418.0,88.85,373.0,0.3412,4695.0,67.0,0.97,0.0012,0.1116,-0.0144,0.5561,87.8467,0.6,89.57,90.34,88.96,down,89.15,2026-09-28T11:46:15,0.677584,88.5499992370606,339.815,2026-09-28 18:44:43,2026-09-28 14:45:04
AAPL,AAPL261218C00260000,AAPL,2026-12-18,C,260.0,82.4,340.0,84.45,373.0,0.3683,7016.0,95.0,0.9646,0.0014,0.1278,-0.0176,0.5631,83.0177,0.765,85.26,85.65,84.24,down,84.29,2026-09-28T11:34:25,0.915896,83.5249977111816,339.815,2026-09-28 18:44:43,2026-09-28 14:45:04
AAPL,AAPL261218C00265000,AAPL,2026-12-18,C,265.0,77.6,349.0,79.65,356.0,0.3563,2332.0,96.0,0.9581,0.0017,0.1464,-0.0211,0.5692,78.214,0.65,80.38,80.83,78.15,no_change,79.55,2026-09-28T12:45:12,0.823826,78.9000015258789,339.815,2026-09-28 18:44:43,2026-09-28 14:45:04
AAPL,AAPL261218C00270000,AAPL,2026-12-18,C,270.0,72.75,337.0,73.9,60.0,0.314,7219.0,2.0,0.9503,0.002,0.1679,-0.0249,0.574,73.4424,-0.35,74.72,74.72,73.7,down,73.7,2026-09-28T10:45:24,-0.472653,74.0499992370606,339.815,2026-09-28 18:44:43,2026-09-28 14:45:04
AAPL,AAPL261218C00275000,AAPL,2026-12-18,C,275.0,68.05,314.0,69.75,363.0,0.3234,2169.0,117.0,0.9409,0.0023,0.1922,-0.0293,0.5777,68.711,0.55,70.76,70.77,69.9,down,69.9,2026-09-28T10:37:23,0.793081,69.3499984741211,339.815,2026-09-28 18:44:43,2026-09-28 14:45:04
AAPL,AAPL261218C00280000,AAPL,2026-12-18,C,280.0,63.25,359.0,64.45,70.0,0.2974,6900.0,7.0,0.9296,0.0027,0.2201,-0.034,0.5796,64.0295,-0.27,65.38,65.38,64.24,up,64.33,2026-09-28T13:30:19,-0.417954,64.5999984741211,339.815,2026-09-28 18:44:43,2026-09-28 14:45:04
AAPL,AAPL261218C00285000,AAPL,2026-12-18,C,285.0,58.8,232.0,60.3,289.0,0.3047,2552.0,1.0,0.9161,0.0032,0.251,-0.0393,0.5798,59.4098,-0.05,60.0,60.0,60.0,up,60.0,2026-09-28T12:24:24,-0.0832627,60.0499992370606,339.815,2026-09-28 18:44:43,2026-09-28 14:45:04
AAPL,AAPL261218C00290000,AAPL,2026-12-18,C,290.0,54.65,37.0,55.7,352.0,0.3034,15172.0,3.0,0.9,0.0037,0.2856,-0.045,0.5776,54.8652,1.25,56.0,56.75,56.0,up,56.75,2026-09-28T11:20:17,2.25225,55.5,339.815,2026-09-28 18:44:43,2026-09-28 14:45:04
AAPL,AAPL261218C00295000,AAPL,2026-12-18,C,295.0,49.65,355.0,51.0,286.0,0.2838,4278.0,2.0,0.8809,0.0043,0.3229,-0.051,0.5731,50.4112,-0.385,51.67,51.67,50.99,down,50.99,2026-09-28T13:10:25,-0.749392,51.375,339.815,2026-09-28 18:44:43,2026-09-28 14:45:04
AAPL,AAPL261218C00300000,AAPL,2026-12-18,C,300.0,45.8,188.0,46.3,88.0,0.2806,24206.0,59.0,0.8586,0.005,0.363,-0.0574,0.5656,46.0649,-0.65,48.2,48.2,45.95,no_change,46.2,2026-09-28T14:17:07,-1.3874,46.8499984741211,339.815,2026-09-28 18:44:43,2026-09-28 14:45:04
AAPL,AAPL261218C00305000,AAPL,2026-12-18,C,305.0,41.35,263.0,42.4,322.0,0.2766,5222.0,1545.0,0.8328,0.0056,0.4048,-0.0639,0.5552,41.8439,-0.725,43.05,43.6,41.88,up,42.25,2026-09-28T11:12:17,-1.68702,42.9749984741211,339.815,2026-09-28 18:44:43,2026-09-28 14:45:04
AAPL,AAPL261218C00310000,AAPL,2026-12-18,C,310.0,37.45,89.0,37.9,31.0,0.2679,7031.0,24.0,0.8033,0.0064,0.447,-0.0704,0.5415,37.7681,-0.395,40.3,40.3,37.92,up,38.18,2026-09-28T14:17:33,-1.02398,38.5750007629394,339.815,2026-09-28 18:44:43,2026-09-28 14:45:04
AAPL,AAPL261218C00315000,AAPL,2026-12-18,C,315.0,33.5,337.0,34.2,168.0,0.2666,4501.0,10.0,0.77,0.0071,0.489,-0.0766,0.5244,33.8562,0.45,34.35,35.03,33.81,up,35.0,2026-09-28T12:23:01,1.30246,34.5499992370606,339.815,2026-09-28 18:44:43,2026-09-28 14:45:04
AAPL,AAPL261218C00320000,AAPL,2026-12-18,C,320.0,29.85,167.0,30.6,378.0,0.2644,10938.0,107.0,0.7331,0.0078,0.5284,-0.0824,0.5042,30.1278,-0.825,30.58,32.2,29.85,down,29.85,2026-09-28T13:57:43,-2.68949,30.6750001907349,339.815,2026-09-28 18:44:43,2026-09-28 14:45:04
AAPL,AAPL261218C00325000,AAPL,2026-12-18,C,325.0,26.25,356.0,26.9,354.0,0.2583,6717.0,16.0,0.6926,0.0084,0.5642,-0.0873,0.4805,26.6016,-0.65,28.0,28.5,26.45,down,26.45,2026-09-28T13:20:03,-2.39852,27.0999994277954,339.815,2026-09-28 18:44:43,2026-09-28 14:45:04
AAPL,AAPL261218C00330000,AAPL,2026-12-18,C,330.0,23.1,264.0,23.45,173.0,0.2548,18573.0,88.0,0.649,0.009,0.5946,-0.0914,0.4538,23.2938,-0.75,24.0,24.9,23.2,up,23.25,2026-09-28T14:27:09,-3.125,24.0,339.815,2026-09-28 18:44:43,2026-09-28 14:45:04
AAPL,AAPL261218C00335000,AAPL,2026-12-18,C,335.0,19.9,392.0,20.5,434.0,0.2515,7658.0,74.0,0.6027,0.0095,0.6178,-0.0942,0.4247,20.22,-0.425,21.5,22.01,19.95,down,20.25,2026-09-28T13:43:25,-2.05562,20.6750001907349,339.815,2026-09-28 18:44:43,2026-09-28 14:45:04
AAPL,AAPL261218C00340000,AAPL,2026-12-18,C,340.0,17.2,186.0,17.6,344.0,0.2491,13944.0,470.0,0.554,0.0099,0.6328,-0.0956,0.3929,17.3636,-0.525,17.59,19.16,17.12,up,17.45,2026-09-28T14:19:52,-2.92072,17.9749994277954,339.815,2026-09-28 18:44:43,2026-09-28 14:45:04
AAPL,AAPL261218C00345000,AAPL,2026-12-18,C,345.0,14.65,99.0,15.05,548.0,0.2466,7218.0,211.0,0.5043,0.0101,0.6386,-0.0956,0.3597,14.7926,-0.85,15.5,16.45,14.6,up,14.7,2026-09-28T14:05:32,-5.46624,15.5500001907349,339.815,2026-09-28 18:44:43,2026-09-28 14:45:04
AAPL,AAPL261218C00350000,AAPL,2026-12-18,C,350.0,12.3,211.0,12.55,50.0,0.2421,25815.0,813.0,0.4542,0.0101,0.6347,-0.0941,0.3258,12.4825,-0.605,12.4,13.95,12.3,no_change,12.47,2026-09-28T14:26:45,-4.62715,13.0749998092651,339.815,2026-09-28 18:44:43,2026-09-28 14:45:04
AAPL,AAPL261218C00355000,AAPL,2026-12-18,C,355.0,10.3,166.0,10.65,643.0,0.2414,924.0,356.0,0.4046,0.01,0.6211,-0.0912,0.2917,10.4343,-0.55,11.15,11.72,10.35,down,10.45,2026-09-28T13:42:10,-5.0,11.0,339.815,2026-09-28 18:44:43,2026-09-28 14:45:04
AAPL,AAPL261218C00360000,AAPL,2026-12-18,C,360.0,8.55,277.0,8.85,666.0,0.2394,23617.0,1978.0,0.357,0.0097,0.5986,-0.0872,0.2582,8.6675,-0.45,9.0,9.81,8.53,up,8.6,2026-09-28T14:03:46,-4.97238,9.05000019073486,339.815,2026-09-28 18:44:43,2026-09-28 14:45:04
AAPL,AAPL261218C00365000,AAPL,2026-12-18,C,365.0,7.0,116.0,7.3,704.0,0.2377,1065.0,424.0,0.3112,0.0093,0.5681,-0.082,0.2259,7.12,-0.35,7.5,8.06,7.05,up,7.2,2026-09-28T14:18:01,-4.63576,7.54999995231628,339.815,2026-09-28 18:44:43,2026-09-28 14:45:04
AAPL,AAPL261218C00370000,AAPL,2026-12-18,C,370.0,5.65,510.0,5.9,166.0,0.2353,10291.0,229.0,0.2684,0.0087,0.5313,-0.0761,0.1956,5.8032,-0.3,6.2,6.56,5.72,up,5.8,2026-09-28T14:01:59,-4.91803,6.09999990463257,339.815,2026-09-28 18:44:43,2026-09-28 14:45:04
AAPL,AAPL261218C00375000,AAPL,2026-12-18,C,375.0,4.6,139.0,4.85,629.0,0.2354,303.0,102.0,0.2293,0.008,0.4896,-0.0696,0.1673,4.6969,-0.1,5.05,5.18,4.7,up,4.85,2026-09-28T14:13:20,-2.0202,4.95000004768372,339.815,2026-09-28 18:44:43,2026-09-28 14:45:04
AAPL,AAPL261218C00380000,AAPL,2026-12-18,C,380.0,3.7,443.0,3.85,309.0,0.2341,15823.0,400.0,0.194,0.0073,0.4455,-0.0628,0.1418,3.7778,-0.175,4.0,4.35,3.72,up,3.85,2026-09-28T14:27:26,-4.34783,4.02499997615814,339.815,2026-09-28 18:44:43,2026-09-28 14:45:04
AAPL,AAPL261218C00385000,AAPL,2026-12-18,C,385.0,2.93,162.0,3.15,648.0,0.2342,387.0,277.0,0.1629,0.0065,0.4005,-0.0561,0.1194,3.0227,-0.125,3.35,3.46,3.05,down,3.05,2026-09-28T13:21:28,-3.93701,3.17499995231628,339.815,2026-09-28 18:44:43,2026-09-28 14:45:04
AAPL,AAPL261218C00390000,AAPL,2026-12-18,C,390.0,2.32,180.0,2.51,596.0,0.2339,4055.0,29.0,0.1358,0.0058,0.3556,-0.0496,0.0995,2.408,-0.095,2.66,2.8,2.42,down,2.43,2026-09-28T13:21:28,-3.76238,2.52499997615814,339.815,2026-09-28 18:44:43,2026-09-28 14:45:04
AAPL,AAPL261218C00395000,AAPL,2026-12-18,C,395.0,1.84,354.0,1.96,452.0,0.2335,394.0,20.0,0.1124,0.0051,0.313,-0.0434,0.0824,1.9114,-0.1,1.96,2.06,1.92,down,1.93,2026-09-28T13:21:28,-4.92611,2.02999997138977,339.815,2026-09-28 18:44:43,2026-09-28 14:45:04
AAPL,AAPL261218C00400000,AAPL,2026-12-18,C,400.0,1.45,365.0,1.55,361.0,0.2338,18303.0,141.0,0.0926,0.0044,0.273,-0.0376,0.068,1.5135,-0.035,1.62,1.76,1.47,up,1.55,2026-09-28T14:28:56,-2.2082,1.58499997854233,339.815,2026-09-28 18:44:43,2026-09-28 14:45:04
AAPL,AAPL261218C00405000,AAPL,2026-12-18,C,405.0,1.15,112.0,1.31,370.0,0.2365,7.0,11.0,0.0758,0.0038,0.2358,-0.0324,0.0555,1.1943,0.015,1.33,1.33,1.26,down,1.26,2026-09-28T12:52:32,1.20482,1.24500000476837,339.815,2026-09-28 18:44:43,2026-09-28 14:45:04
AAPL,AAPL261218C00410000,AAPL,2026-12-18,C,410.0,0.91,138.0,1.04,502.0,0.2374,3387.0,41.0,0.062,0.0032,0.203,-0.0278,0.0455,0.9441,-0.005,1.01,1.04,0.89,down,0.97,2026-09-28T13:56:04,-0.51282,0.974999994039536,339.815,2026-09-28 18:44:43,2026-09-28 14:45:04
AAPL,AAPL261218C00415000,AAPL,2026-12-18,C,415.0,0.71,201.0,0.82,454.0,0.2379,78.0,4.0,0.0506,0.0027,0.1736,-0.0237,0.0371,0.7474,0.01,0.78,0.78,0.76,up,0.77,2026-09-28T11:42:05,1.31579,0.760000020265579,339.815,2026-09-28 18:44:43,2026-09-28 14:45:04
AAPL,AAPL261218C00420000,AAPL,2026-12-18,C,420.0,0.56,195.0,0.66,486.0,0.2394,4734.0,18.0,0.0413,0.0023,0.1484,-0.0202,0.0302,0.5932,-0.04,0.64,0.64,0.56,down,0.56,2026-09-28T13:44:55,-6.66667,0.599999994039536,339.815,2026-09-28 18:44:43,2026-09-28 14:45:04
AAPL,AAPL261218C00425000,AAPL,2026-12-18,C,425.0,0.44,205.0,0.49,294.0,0.2391,17.0,56.0,0.0338,0.0019,0.1263,-0.0172,0.0247,0.473,0.02,0.48,0.48,0.48,no_change,0.48,2026-09-28T11:51:29,4.34783,0.459999993443489,339.815,2026-09-28 18:44:43,2026-09-28 14:45:04
AAPL,AAPL261218C00430000,AAPL,2026-12-18,C,430.0,0.35,94.0,0.4,300.0,0.2412,5654.0,0.0,0.0277,0.0016,0.1078,-0.0147,0.0202,0.3795,0.0,0.0,0.0,0.0,up,0.4,2026-09-25T15:59:23,0.0,0.364999994635582,339.815,2026-09-28 18:44:43,2026-09-28 14:45:04
AAPL,AAPL261218C00440000,AAPL,2026-12-18,C,440.0,0.22,88.0,0.27,403.0,0.2455,555.0,59.0,0.0188,0.0012,0.0785,-0.0107,0.0138,0.249,-0.065,0.26,0.26,0.22,down,0.22,2026-09-28T12:01:26,-22.807,0.284999996423721,339.815,2026-09-28 18:44:43,2026-09-28 14:45:04
AAPL,AAPL261218C00450000,AAPL,2026-12-18,C,450.0,0.12,304.0,0.21,444.0,0.2505,8399.0,3.0,0.0133,0.0008,0.0587,-0.0081,0.0097,0.1724,0.04,0.11,0.19,0.11,up,0.19,2026-09-28T09:53:00,26.6667,0.149999998509884,339.815,2026-09-28 18:44:43,2026-09-28 14:45:04
AAPL,AAPL261218C00460000,AAPL,2026-12-18,C,460.0,0.1,10.0,0.14,324.0,0.2575,587.0,58.0,0.0097,0.0006,0.0449,-0.0063,0.007,0.1243,0.03,0.14,0.14,0.1,down,0.1,2026-09-28T12:03:04,42.8571,0.0700000002980232,339.815,2026-09-28 18:44:43,2026-09-28 14:45:04
AAPL,AAPL261218C00470000,AAPL,2026-12-18,C,470.0,0.07,25.0,0.16,817.0,0.2724,7698.0,30.0,0.0074,0.0005,0.0354,-0.0051,0.0053,0.0938,-0.03,0.08,0.08,0.08,no_change,0.08,2026-09-28T11:00:34,-27.2727,0.110000003129244,339.815,2026-09-28 18:44:43,2026-09-28 14:45:04
AAPL,AAPL261218C00480000,AAPL,2026-12-18,C,480.0,0.01,375.0,0.09,404.0,0.2636,3013.0,130.0,0.0058,0.0004,0.0285,-0.0042,0.0042,0.0735,0.025,0.09,0.09,0.03,up,0.07,2026-09-28T10:43:37,55.5555,0.0450000017881393,339.815,2026-09-28 18:44:43,2026-09-28 14:45:04
AAPL,AAPL261218C00490000,AAPL,2026-12-18,C,490.0,0.01,371.0,0.15,652.0,0.2916,464.0,0.0,0.0046,0.0003,0.0235,-0.0035,0.0033,0.0593,0.0,0.0,0.0,0.0,down,0.04,2026-09-25T09:50:19,0.0,0.0500000007450581,339.815,2026-09-28 18:44:43,2026-09-28 14:45:04
AAPL,AAPL261218C00500000,AAPL,2026-12-18,C,500.0,0.03,1.0,0.1,294.0,0.2994,1388.0,0.0,0.0038,0.0002,0.0196,-0.003,0.0027,0.0489,0.0,0.0,0.0,0.0,no_change,0.05,2026-09-25T15:43:52,0.0,0.0449999989941716,339.815,2026-09-28 18:44:43,2026-09-28 14:45:04
AAPL,AAPL261218C00510000,AAPL,2026-12-18,C,510.0,0.01,15.0,0.11,400.0,0.3107,209.0,3.0,0.0031,0.0002,0.0166,-0.0026,0.0022,0.0409,0.015,0.12,0.12,0.11,down,0.11,2026-09-28T13:12:56,15.7895,0.09500000346452,339.815,2026-09-28 18:44:43,2026-09-28 14:45:04
AAPL,AAPL261218C00520000,AAPL,2026-12-18,C,520.0,0.02,2.0,0.06,4.0,0.3117,556.0,1.0,0.0026,0.0002,0.0142,-0.0023,0.0019,0.0345,-0.06,0.06,0.06,0.06,down,0.06,2026-09-28T10:09:30,-50.0,0.120000001974404,339.815,2026-09-28 18:44:43,2026-09-28 14:45:04
AAPL,AAPL261218C00530000,AAPL,2026-12-18,C,530.0,0.01,13.0,0.03,175.0,0.3053,2937.0,5.0,0.0022,0.0001,0.0121,-0.002,0.0016,0.0293,0.005,0.03,0.04,0.03,up,0.04,2026-09-28T12:40:56,14.2857,0.0350000001490116,339.815,2026-09-28 18:44:43,2026-09-28 14:45:04
AAPL,AAPL261218C00540000,AAPL,2026-12-18,C,540.0,0.01,3.0,0.11,460.0,0.3499,50.0,2.0,0.0019,0.0001,0.0104,-0.0018,0.0013,0.025,-0.015,0.1,0.1,0.09,down,0.09,2026-09-28T12:41:33,-14.2857,0.105000001378357,339.815,2026-09-28 18:44:43,2026-09-28 14:45:04
AAPL,AAPL261218C00550000,AAPL,2026-12-18,C,550.0,0.0,0.0,0.09,10.0,0.3526,76.0,0.0,0.0016,0.0001,0.009,-0.0016,0.0011,0.0214,0.0,0.0,0.0,0.0,down,0.01,2026-09-21T14:05:54,0.0,0.0549999997019768,339.815,2026-09-28 18:44:43,2026-09-28 14:45:04
AAPL,AAPL261218C00560000,AAPL,2026-12-18,C,560.0,0.0,0.0,0.18,594.0,0.3898,113.0,0.0,0.0014,0.0001,0.0078,-0.0014,0.001,0.0183,0.0,0.0,0.0,0.0,up,0.12,2026-09-04T09:43:47,0.0,0.0900000035762787,339.815,2026-09-28 18:44:43,2026-09-28 14:45:04
AAPL,AAPL261218C00570000,AAPL,2026-12-18,C,570.0,0.0,0.0,0.13,233.0,0.3894,20.0,0.0,0.0012,0.0001,0.0067,-0.0012,0.0008,0.0158,0.0,0.0,0.0,0.0,no_change,0.02,2026-09-22T10:27:34,0.0,0.0649999976158142,339.815,2026-09-28 18:44:43,2026-09-28 14:45:04
AAPL,AAPL261218C00580000,AAPL,2026-12-18,C,580.0,0.0,0.0,0.18,564.0,0.4141,5.0,0.0,0.001,0.0001,0.0058,-0.0011,0.0007,0.0136,0.0,0.0,0.0,0.0,down,0.02,2026-09-04T12:28:30,0.0,0.115000002086163,339.815,2026-09-28 18:44:43,2026-09-28 14:45:04
AAPL,AAPL261218C00590000,AAPL,2026-12-18,C,590.0,0.0,0.0,0.05,170.0,0.379,174.0,0.0,0.0009,0.0,0.0051,-0.0009,0.0006,0.0117,0.0,0.0,0.0,0.0,down,0.02,2026-09-08T15:58:41,0.0,0.025000000372529,339.815,2026-09-28 18:44:43,2026-09-28 14:45:04
AAPL,AAPL261218C00600000,AAPL,2026-12-18,C,600.0,0.0,0.0,0.03,107.0,0.374,1431.0,5.0,0.0007,0.0,0.0044,-0.0008,0.0005,0.0101,-0.005,0.01,0.01,0.01,down,0.01,2026-09-28T12:19:42,-33.3333,0.0149999996647239,339.815,2026-09-28 18:44:43,2026-09-28 14:45:04
AAPL,AAPL261218P00005000,AAPL,2026-12-18,P,5.0,0.0,0.0,0.01,2000.0,2.7154,128.0,10.0,0.0,0.0,0.0,0.0,0.0,0.0,0.005,0.01,0.01,0.01,no_change,0.01,2026-09-28T09:33:42,100.0,0.00499999988824129,339.815,2026-09-28 18:44:43,2026-09-28 14:45:04
AAPL,AAPL261218P00010000,AAPL,2026-12-18,P,10.0,0.0,0.0,0.01,2000.0,2.2342,3101.0,0.0,0.0,0.0,0.0,0.0,0.0,0.0,0.0,0.0,0.0,0.0,down,0.19,2026-08-05T09:30:02,0.0,0.00499999988824129,339.815,2026-09-28 18:44:43,2026-09-28 14:45:04
AAPL,AAPL261218P00015000,AAPL,2026-12-18,P,15.0,0.0,0.0,0.01,1000.0,1.9631,640.0,0.0,0.0,0.0,0.0,0.0,0.0,0.0001,0.0,0.0,0.0,0.0,no_change,0.46,2026-06-30T10:42:33,0.0,0.00499999988824129,339.815,2026-09-28 18:44:43,2026-09-28 14:45:04
AAPL,AAPL261218P00020000,AAPL,2026-12-18,P,20.0,0.0,0.0,0.01,1000.0,1.7747,3021.0,0.0,0.0,0.0,0.0,0.0,0.0,0.0001,0.0,0.0,0.0,0.0,no_change,0.26,2026-08-05T09:30:48,0.0,0.00499999988824129,339.815,2026-09-28 18:44:43,2026-09-28 14:45:04
AAPL,AAPL261218P00025000,AAPL,2026-12-18,P,25.0,0.0,0.0,0.01,3000.0,1.6307,1601.0,0.0,0.0,0.0,0.0,0.0,0.0,0.0002,0.0,0.0,0.0,0.0,no_change,0.01,2026-09-25T14:46:40,0.0,0.00499999988824129,339.815,2026-09-28 18:44:43,2026-09-28 14:45:04
AAPL,AAPL261218P00030000,AAPL,2026-12-18,P,30.0,0.0,0.0,0.01,1.0,1.5143,1174.0,0.0,0.0,0.0,0.0,0.0,0.0,0.0003,0.0,0.0,0.0,0.0,down,0.01,2026-06-23T15:36:51,0.0,0.00499999988824129,339.815,2026-09-28 18:44:43,2026-09-28 14:45:04
AAPL,AAPL261218P00035000,AAPL,2026-12-18,P,35.0,0.0,0.0,0.01,1.0,1.4167,1529.0,0.0,0.0,0.0,0.0001,0.0,0.0,0.0004,0.0,0.0,0.0,0.0,up,0.02,2026-08-11T09:33:07,0.0,0.00499999988824129,339.815,2026-09-28 18:44:43,2026-09-28 14:45:04
AAPL,AAPL261218P00040000,AAPL,2026-12-18,P,40.0,0.0,0.0,0.27,192.0,1.767,330.0,0.0,0.0,0.0,0.0001,-0.0001,0.0,0.0005,0.0,0.0,0.0,0.0,up,0.04,2026-08-31T09:30:02,0.0,0.135000005364418,339.815,2026-09-28 18:44:43,2026-09-28 14:45:04
AAPL,AAPL261218P00045000,AAPL,2026-12-18,P,45.0,0.0,0.0,0.52,235.0,1.799,652.0,0.0,0.0,0.0,0.0001,-0.0001,0.0,0.0007,0.0,0.0,0.0,0.0,no_change,0.12,2026-07-16T14:24:26,0.0,0.259999990463257,339.815,2026-09-28 18:44:43,2026-09-28 14:45:04
AAPL,AAPL261218P00050000,AAPL,2026-12-18,P,50.0,0.0,0.0,0.01,5.0,1.1935,7640.0,0.0,0.0,0.0,0.0001,-0.0001,0.0,0.0008,0.0,0.0,0.0,0.0,no_change,0.01,2026-08-24T15:56:28,0.0,0.00499999988824129,339.815,2026-09-28 18:44:43,2026-09-28 14:45:04
AAPL,AAPL261218P00060000,AAPL,2026-12-18,P,60.0,0.0,0.0,0.01,1.0,1.0806,3908.0,0.0,0.0,0.0,0.0002,-0.0001,0.0,0.0013,0.0,0.0,0.0,0.0,no_change,0.01,2026-09-10T12:39:23,0.0,0.00499999988824129,339.815,2026-09-28 18:44:43,2026-09-28 14:45:04
AAPL,AAPL261218P00070000,AAPL,2026-12-18,P,70.0,0.0,0.0,0.03,1.0,1.0676,435.0,0.0,-0.0001,0.0,0.0004,-0.0002,0.0,0.002,0.0,0.0,0.0,0.0,down,0.01,2026-09-01T10:03:08,0.0,0.0149999996647239,339.815,2026-09-28 18:44:43,2026-09-28 14:45:04
AAPL,AAPL261218P00080000,AAPL,2026-12-18,P,80.0,0.0,0.0,0.03,1.0,0.9791,3640.0,0.0,-0.0001,0.0,0.0006,-0.0003,-0.0001,0.0028,0.0,0.0,0.0,0.0,down,0.01,2026-09-23T09:43:08,0.0,0.0149999996647239,339.815,2026-09-28 18:44:43,2026-09-28 14:45:04
AAPL,AAPL261218P00085000,AAPL,2026-12-18,P,85.0,0.0,0.0,0.03,1.0,0.9391,229.0,0.0,-0.0001,0.0,0.0007,-0.0003,-0.0001,0.0033,0.0,0.0,0.0,0.0,down,0.09,2026-06-23T10:53:20,0.0,0.0149999996647239,339.815,2026-09-28 18:44:43,2026-09-28 14:45:04
AAPL,AAPL261218P00090000,AAPL,2026-12-18,P,90.0,0.0,0.0,0.1,10.0,0.9985,1774.0,0.0,-0.0001,0.0,0.0008,-0.0004,-0.0001,0.004,0.0,0.0,0.0,0.0,down,0.03,2026-08-14T14:53:54,0.0,0.0149999996647239,339.815,2026-09-28 18:44:43,2026-09-28 14:45:04
AAPL,AAPL261218P00095000,AAPL,2026-12-18,P,95.0,0.0,0.0,0.03,1.0,0.8659,2535.0,0.0,-0.0001,0.0,0.0009,-0.0004,-0.0001,0.0047,0.0,0.0,0.0,0.0,down,0.01,2026-09-15T15:36:49,0.0,0.0149999996647239,339.815,2026-09-28 18:44:43,2026-09-28 14:45:04
AAPL,AAPL261218P00100000,AAPL,2026-12-18,P,100.0,0.0,0.0,0.01,5.0,0.7679,1819.0,0.0,-0.0002,0.0,0.0011,-0.0005,-0.0001,0.0055,0.0,0.0,0.0,0.0,no_change,0.01,2026-09-22T14:43:16,0.0,0.00499999988824129,339.815,2026-09-28 18:44:43,2026-09-28 14:45:04
AAPL,AAPL261218P00105000,AAPL,2026-12-18,P,105.0,0.0,0.0,0.29,452.0,0.9877,1844.0,0.0,-0.0002,0.0,0.0013,-0.0006,-0.0002,0.0064,0.0,0.0,0.0,0.0,no_change,0.02,2026-09-18T13:16:24,0.0,0.0949999988079071,339.815,2026-09-28 18:44:43,2026-09-28 14:45:04
AAPL,AAPL261218P00110000,AAPL,2026-12-18,P,110.0,0.0,0.0,0.05,1.0,0.8023,2171.0,0.0,-0.0003,0.0,0.0016,-0.0006,-0.0002,0.0075,0.0,0.0,0.0,0.0,no_change,0.04,2026-09-21T13:16:54,0.0,0.025000000372529,339.815,2026-09-28 18:44:43,2026-09-28 14:45:04
AAPL,AAPL261218P00115000,AAPL,2026-12-18,P,115.0,0.0,0.0,0.52,579.0,0.9795,1400.0,0.0,-0.0003,0.0,0.0018,-0.0007,-0.0002,0.0088,0.0,0.0,0.0,0.0,no_change,0.03,2026-09-08T11:45:32,0.0,0.0750000029802322,339.815,2026-09-28 18:44:43,2026-09-28 14:45:04
AAPL,AAPL261218P00120000,AAPL,2026-12-18,P,120.0,0.01,2.0,0.03,41.0,0.7293,1572.0,41.0,-0.0004,0.0,0.0021,-0.0008,-0.0003,0.0103,-0.02,0.01,0.02,0.01,down,0.01,2026-09-28T10:58:00,-66.6667,0.0300000002607703,339.815,2026-09-28 18:44:43,2026-09-28 14:45:04
AAPL,AAPL261218P00125000,AAPL,2026-12-18,P,125.0,0.0,0.0,0.22,652.0,0.8232,3289.0,5.0,-0.0004,0.0,0.0025,-0.0009,-0.0003,0.012,-0.09,0.03,0.03,0.03,no_change,0.03,2026-09-28T10:50:50,-75.0,0.119999997317791,339.815,2026-09-28 18:44:43,2026-09-28 14:45:04
AAPL,AAPL261218P00130000,AAPL,2026-12-18,P,130.0,0.0,0.0,0.08,351.0,0.7176,1210.0,5.0,-0.0005,0.0,0.0029,-0.0011,-0.0004,0.014,-0.01,0.03,0.03,0.02,up,0.03,2026-09-28T10:53:00,-25.0,0.0399999991059303,339.815,2026-09-28 18:44:43,2026-09-28 14:45:04
AAPL,AAPL261218P00135000,AAPL,2026-12-18,P,135.0,0.01,1.0,0.16,747.0,0.7432,2502.0,9.0,-0.0006,0.0,0.0034,-0.0012,-0.0005,0.0164,0.01,0.08,0.11,0.03,no_change,0.11,2026-09-28T12:44:35,10.0,0.0999999986961484,339.815,2026-09-28 18:44:43,2026-09-28 14:45:04
AAPL,AAPL261218P00140000,AAPL,2026-12-18,P,140.0,0.01,1.0,0.1,339.0,0.6855,1354.0,4.0,-0.0007,0.0,0.004,-0.0014,-0.0006,0.0192,-0.035,0.05,0.05,0.02,down,0.02,2026-09-28T12:42:56,-63.6364,0.0550000006332994,339.815,2026-09-28 18:44:43,2026-09-28 14:45:04
AAPL,AAPL261218P00145000,AAPL,2026-12-18,P,145.0,0.0,0.0,0.41,971.0,0.7602,1080.0,0.0,-0.0008,0.0,0.0047,-0.0016,-0.0007,0.0224,0.0,0.0,0.0,0.0,no_change,0.11,2026-09-21T12:32:16,0.0,0.215000003576279,339.815,2026-09-28 18:44:43,2026-09-28 14:45:04
AAPL,AAPL261218P00150000,AAPL,2026-12-18,P,150.0,0.01,1.0,0.21,823.0,0.682,2191.0,6.0,-0.001,0.0,0.0055,-0.0018,-0.0008,0.0262,-0.015,0.1,0.12,0.03,up,0.09,2026-09-28T13:13:08,-14.2857,0.105000001378357,339.815,2026-09-28 18:44:43,2026-09-28 14:45:04
AAPL,AAPL261218P00155000,AAPL,2026-12-18,P,155.0,0.0,0.0,0.28,864.0,0.6744,762.0,0.0,-0.0012,0.0,0.0064,-0.0021,-0.0009,0.0307,0.0,0.0,0.0,0.0,no_change,0.05,2026-09-25T10:18:34,0.0,0.140000000596046,339.815,2026-09-28 18:44:43,2026-09-28 14:45:04
AAPL,AAPL261218P00160000,AAPL,2026-12-18,P,160.0,0.01,48.0,0.1,489.0,0.5885,3028.0,3.0,-0.0014,0.0,0.0075,-0.0024,-0.0011,0.036,-0.045,0.01,0.01,0.01,down,0.01,2026-09-28T12:43:46,-81.8182,0.0550000006332994,339.815,2026-09-28 18:44:43,2026-09-28 14:45:04
AAPL,AAPL261218P00165000,AAPL,2026-12-18,P,165.0,0.0,0.0,0.25,804.0,0.6168,1928.0,0.0,-0.0016,0.0001,0.0087,-0.0027,-0.0013,0.0422,0.0,0.0,0.0,0.0,no_change,0.05,2026-09-24T10:24:54,0.0,0.0299999993294477,339.815,2026-09-28 18:44:43,2026-09-28 14:45:04
AAPL,AAPL261218P00170000,AAPL,2026-12-18,P,170.0,0.01,1.0,0.18,662.0,0.5758,2566.0,5.0,-0.002,0.0001,0.0102,-0.0031,-0.0015,0.0494,-0.07,0.06,0.12,0.05,down,0.05,2026-09-28T10:01:32,-58.3333,0.119999999180436,339.815,2026-09-28 18:44:43,2026-09-28 14:45:04
AAPL,AAPL261218P00175000,AAPL,2026-12-18,P,175.0,0.0,0.0,0.1,363.0,0.5185,2402.0,2.0,-0.0023,0.0001,0.0119,-0.0035,-0.0018,0.0578,-0.05,0.05,0.05,0.05,down,0.05,2026-09-28T10:24:43,-50.0,0.100000003352761,339.815,2026-09-28 18:44:43,2026-09-28 14:45:04
AAPL,AAPL261218P00180000,AAPL,2026-12-18,P,180.0,0.0,0.0,0.12,349.0,0.5072,3359.0,0.0,-0.0027,0.0001,0.0138,-0.004,-0.0021,0.0676,0.0,0.0,0.0,0.0,no_change,0.06,2026-09-25T15:56:23,0.0,0.0599999986588955,339.815,2026-09-28 18:44:43,2026-09-28 14:45:04
AAPL,AAPL261218P00185000,AAPL,2026-12-18,P,185.0,0.0,0.0,0.13,400.0,0.491,1774.0,0.0,-0.0032,0.0001,0.016,-0.0046,-0.0025,0.0791,0.0,0.0,0.0,0.0,down,0.03,2026-09-25T11:04:54,0.0,0.0649999976158142,339.815,2026-09-28 18:44:43,2026-09-28 14:45:04
AAPL,AAPL261218P00190000,AAPL,2026-12-18,P,190.0,0.06,215.0,0.13,442.0,0.4906,2719.0,40.0,-0.0038,0.0001,0.0186,-0.0052,-0.0029,0.0923,0.0,0.09,0.1,0.05,up,0.1,2026-09-28T12:47:02,-3.35276e-06,0.100000003352761,339.815,2026-09-28 18:44:43,2026-09-28 14:45:04
AAPL,AAPL261218P00195000,AAPL,2026-12-18,P,195.0,0.02,509.0,0.16,326.0,0.4679,1743.0,36.0,-0.0044,0.0002,0.0215,-0.0058,-0.0035,0.1077,0.01,0.1,0.11,0.1,no_change,0.1,2026-09-28T11:37:01,11.1111,0.0899999979883432,339.815,2026-09-28 18:44:43,2026-09-28 14:45:04
AAPL,AAPL261218P00200000,AAPL,2026-12-18,P,200.0,0.1,162.0,0.15,200.0,0.4653,12092.0,2.0,-0.0052,0.0002,0.0248,-0.0066,-0.0041,0.1255,-0.035,0.1,0.1,0.1,down,0.1,2026-09-28T09:34:07,-25.9259,0.135000001639128,339.815,2026-09-28 18:44:43,2026-09-28 14:45:04
AAPL,AAPL261218P00205000,AAPL,2026-12-18,P,205.0,0.08,365.0,0.21,499.0,0.4537,832.0,0.0,-0.0061,0.0002,0.0287,-0.0074,-0.0048,0.1461,0.0,0.0,0.0,0.0,down,0.2,2026-09-23T15:37:57,0.0,0.134999996051192,339.815,2026-09-28 18:44:43,2026-09-28 14:45:04
AAPL,AAPL261218P00210000,AAPL,2026-12-18,P,210.0,0.07,550.0,0.22,268.0,0.4343,3694.0,39.0,-0.0072,0.0003,0.033,-0.0084,-0.0056,0.1699,0.07,0.13,0.18,0.12,up,0.18,2026-09-28T11:25:27,63.6364,0.110000003129244,339.815,2026-09-28 18:44:43,2026-09-28 14:45:04
AAPL,AAPL261218P00215000,AAPL,2026-12-18,P,215.0,0.14,437.0,0.24,399.0,0.4294,1469.0,123.0,-0.0084,0.0003,0.0379,-0.0094,-0.0065,0.1974,0.025,0.16,0.22,0.16,no_change,0.2,2026-09-28T12:00:06,14.2857,0.175000000745058,339.815,2026-09-28 18:44:43,2026-09-28 14:45:04
AAPL,AAPL261218P00220000,AAPL,2026-12-18,P,220.0,0.21,112.0,0.25,93.0,0.4206,7440.0,102.0,-0.0099,0.0004,0.0436,-0.0105,-0.0077,0.2292,0.02,0.2,0.24,0.18,down,0.23,2026-09-28T12:19:45,9.52381,0.21000000089407,339.815,2026-09-28 18:44:43,2026-09-28 14:45:04
AAPL,AAPL261218P00225000,AAPL,2026-12-18,P,225.0,0.23,306.0,0.3,76.0,0.4093,3908.0,1.0,-0.0116,0.0005,0.05,-0.0118,-0.009,0.2661,-0.01,0.22,0.22,0.22,down,0.22,2026-09-28T10:21:15,-4.34783,0.230000004172325,339.815,2026-09-28 18:44:43,2026-09-28 14:45:04
AAPL,AAPL261218P00230000,AAPL,2026-12-18,P,230.0,0.23,478.0,0.34,135.0,0.3942,9045.0,2.0,-0.0135,0.0005,0.0571,-0.0132,-0.0104,0.309,0.025,0.25,0.3,0.25,up,0.3,2026-09-28T10:54:20,9.09091,0.274999991059303,339.815,2026-09-28 18:44:43,2026-09-28 14:45:04
AAPL,AAPL261218P00235000,AAPL,2026-12-18,P,235.0,0.32,352.0,0.37,11.0,0.3859,4038.0,1.0,-0.0158,0.0006,0.0656,-0.0147,-0.0122,0.359,0.085,0.37,0.37,0.37,up,0.37,2026-09-28T10:54:20,29.8246,0.285000003874302,339.815,2026-09-28 18:44:43,2026-09-28 14:45:04
AAPL,AAPL261218P00240000,AAPL,2026-12-18,P,240.0,0.41,59.0,0.45,396.0,0.3794,10933.0,174.0,-0.0186,0.0008,0.075,-0.0164,-0.0143,0.4181,0.035,0.48,0.48,0.4,no_change,0.43,2026-09-28T14:29:02,8.86076,0.394999995827675,339.815,2026-09-28 18:44:43,2026-09-28 14:45:04
AAPL,AAPL261218P00245000,AAPL,2026-12-18,P,245.0,0.46,154.0,0.51,204.0,0.3673,3706.0,569.0,-0.0218,0.0009,0.0856,-0.0183,-0.0168,0.4874,0.045,0.4,0.51,0.4,down,0.49,2026-09-28T13:48:56,10.1124,0.444999992847443,339.815,2026-09-28 18:44:43,2026-09-28 14:45:04
AAPL,AAPL261218P00250000,AAPL,2026-12-18,P,250.0,0.55,86.0,0.6,389.0,0.3582,26017.0,2269.0,-0.0256,0.001,0.0984,-0.0205,-0.0197,0.5698,0.055,0.61,0.61,0.51,up,0.59,2026-09-28T11:14:26,10.2804,0.534999996423721,339.815,2026-09-28 18:44:43,2026-09-28 14:45:04
AAPL,AAPL261218P00255000,AAPL,2026-12-18,P,255.0,0.6,367.0,0.71,263.0,0.3468,7042.0,2544.0,-0.0302,0.0012,0.1124,-0.0229,-0.0231,0.669,0.055,0.67,0.69,0.64,no_change,0.65,2026-09-28T12:04:30,9.2437,0.594999998807907,339.815,2026-09-28 18:44:43,2026-09-28 14:45:04
AAPL,AAPL261218P00260000,AAPL,2026-12-18,P,260.0,0.76,113.0,0.93,532.0,0.3433,14024.0,1.0,-0.0356,0.0014,0.1288,-0.0256,-0.0273,0.7884,0.03,0.76,0.76,0.76,no_change,0.76,2026-09-28T09:34:00,4.10959,0.729999989271164,339.815,2026-09-28 18:44:43,2026-09-28 14:45:04
AAPL,AAPL261218P00265000,AAPL,2026-12-18,P,265.0,0.87,209.0,1.02,330.0,0.3307,4188.0,10.0,-0.0422,0.0017,0.1478,-0.0287,-0.0322,0.9339,-0.035,0.82,0.96,0.82,down,0.9,2026-09-28T13:01:45,-3.74332,0.935000002384186,339.815,2026-09-28 18:44:43,2026-09-28 14:45:04
AAPL,AAPL261218P00270000,AAPL,2026-12-18,P,270.0,1.1,6.0,1.15,361.0,0.3222,9144.0,84.0,-0.0501,0.002,0.1691,-0.0322,-0.0381,1.111,-0.04,1.0,1.14,0.99,down,1.03,2026-09-28T14:22:16,-3.73832,1.06999999284744,339.815,2026-09-28 18:44:43,2026-09-28 14:45:04
AAPL,AAPL261218P00275000,AAPL,2026-12-18,P,275.0,1.28,194.0,1.37,377.0,0.3131,8727.0,8.0,-0.0597,0.0024,0.1946,-0.0362,-0.0454,1.3317,-0.055,1.19,1.34,1.19,down,1.32,2026-09-28T13:58:39,-4.0,1.375,339.815,2026-09-28 18:44:43,2026-09-28 14:45:04
AAPL,AAPL261218P00280000,AAPL,2026-12-18,P,280.0,1.56,115.0,1.64,480.0,0.3059,19490.0,36.0,-0.0712,0.0028,0.2219,-0.0406,-0.0538,1.6014,0.01,1.5,1.66,1.44,up,1.6,2026-09-28T13:56:15,0.628932,1.58999997377396,339.815,2026-09-28 18:44:43,2026-09-28 14:45:04
AAPL,AAPL261218P00285000,AAPL,2026-12-18,P,285.0,1.89,63.0,2.01,367.0,0.2996,3691.0,36.0,-0.085,0.0033,0.254,-0.0455,-0.0641,1.9342,-0.075,1.76,1.96,1.7,no_change,1.81,2026-09-28T12:55:26,-3.97878,1.88499999046326,339.815,2026-09-28 18:44:43,2026-09-28 14:45:04
AAPL,AAPL261218P00290000,AAPL,2026-12-18,P,290.0,2.16,401.0,2.4,60.0,0.2902,8093.0,69.0,-0.1015,0.0038,0.2881,-0.0508,-0.076,2.3437,0.09,2.27,2.38,2.09,up,2.37,2026-09-28T14:01:40,3.94737,2.27999997138977,339.815,2026-09-28 18:44:43,2026-09-28 14:45:04
AAPL,AAPL261218P00295000,AAPL,2026-12-18,P,295.0,2.76,241.0,2.95,433.0,0.2868,6072.0,115.0,-0.121,0.0044,0.3262,-0.0566,-0.0901,2.8464,-0.065,2.61,2.87,2.57,up,2.7,2026-09-28T13:13:35,-2.35081,2.76499998569489,339.815,2026-09-28 18:44:43,2026-09-28 14:45:04
AAPL,AAPL261218P00300000,AAPL,2026-12-18,P,300.0,3.35,259.0,3.55,443.0,0.281,17944.0,509.0,-0.1435,0.005,0.3661,-0.0626,-0.1063,3.4506,0.05,3.3,3.52,3.05,no_change,3.45,2026-09-28T14:29:02,1.47059,3.39999997615814,339.815,2026-09-28 18:44:43,2026-09-28 14:45:04
AAPL,AAPL261218P00305000,AAPL,2026-12-18,P,305.0,4.0,418.0,4.25,95.0,0.2742,5060.0,30.0,-0.1699,0.0058,0.4079,-0.0689,-0.1248,4.1907,0.075,4.05,4.2,3.77,no_change,4.2,2026-09-28T13:42:10,1.81818,4.125,339.815,2026-09-28 18:44:43,2026-09-28 14:45:04
AAPL,AAPL261218P00310000,AAPL,2026-12-18,P,310.0,4.9,400.0,5.15,111.0,0.2699,13516.0,59.0,-0.2001,0.0065,0.4523,-0.0752,-0.1457,5.0774,0.1,4.7,5.1,4.6,no_change,5.1,2026-09-28T14:05:27,2.0,5.0,339.815,2026-09-28 18:44:43,2026-09-28 14:45:04
AAPL,AAPL261218P00315000,AAPL,2026-12-18,P,315.0,6.0,239.0,6.35,400.0,0.2675,3814.0,182.0,-0.2342,0.0073,0.4927,-0.0812,-0.1688,6.1338,0.1,5.9,6.15,5.3,no_change,6.1,2026-09-28T14:18:48,1.66667,6.0,339.815,2026-09-28 18:44:43,2026-09-28 14:45:04
AAPL,AAPL261218P00320000,AAPL,2026-12-18,P,320.0,7.3,63.0,7.45,165.0,0.2622,3846.0,279.0,-0.2726,0.008,0.5325,-0.0868,-0.1941,7.3913,0.27,6.9,7.55,6.55,no_change,7.42,2026-09-28T14:29:02,3.77623,7.14999985694885,339.815,2026-09-28 18:44:43,2026-09-28 14:45:04
AAPL,AAPL261218P00325000,AAPL,2026-12-18,P,325.0,8.65,308.0,8.95,209.0,0.2582,3440.0,187.0,-0.3139,0.0087,0.5686,-0.0917,-0.2206,8.8312,0.275,8.73,8.95,8.1,no_change,8.9,2026-09-28T14:08:16,3.18841,8.625,339.815,2026-09-28 18:44:43,2026-09-28 14:45:04
AAPL,AAPL261218P00330000,AAPL,2026-12-18,P,330.0,10.3,236.0,10.75,242.0,0.2554,2653.0,1362.0,-0.3591,0.0093,0.597,-0.0956,-0.248,10.5111,0.325,10.0,10.65,9.5,down,10.55,2026-09-28T14:05:35,3.17849,10.2249999046326,339.815,2026-09-28 18:44:43,2026-09-28 14:45:04
AAPL,AAPL261218P00335000,AAPL,2026-12-18,P,335.0,12.35,53.0,12.7,295.0,0.2533,2998.0,207.0,-0.4071,0.0099,0.6188,-0.0984,-0.2757,12.4343,0.325,11.7,12.55,11.3,up,12.45,2026-09-28T14:27:26,2.68041,12.125,339.815,2026-09-28 18:44:43,2026-09-28 14:45:04
AAPL,AAPL261218P00340000,AAPL,2026-12-18,P,340.0,14.45,188.0,14.8,208.0,0.2489,1844.0,559.0,-0.4575,0.0103,0.6319,-0.0998,-0.3046,14.6125,0.475,14.0,14.8,13.4,up,14.75,2026-09-28T13:56:27,3.32749,14.2750000953674,339.815,2026-09-28 18:44:43,2026-09-28 14:45:04
AAPL,AAPL261218P00345000,AAPL,2026-12-18,P,345.0,16.85,245.0,17.25,154.0,0.2457,728.0,211.0,-0.5095,0.0106,0.6344,-0.0999,-0.3267,17.0584,0.375,16.75,17.05,15.81,no_change,17.05,2026-09-28T13:54:24,2.24888,16.6749992370605,339.815,2026-09-28 18:44:43,2026-09-28 14:45:04
AAPL,AAPL261218P00350000,AAPL,2026-12-18,P,350.0,19.55,234.0,20.15,542.0,0.2444,1637.0,82.0,-0.5623,0.0107,0.6261,-0.0985,-0.3468,19.7793,-0.35,18.68,19.99,18.68,no_change,19.15,2026-09-28T11:55:59,-1.79487,19.5,339.815,2026-09-28 18:44:43,2026-09-28 14:45:04
AAPL,AAPL261218P00355000,AAPL,2026-12-18,P,355.0,22.6,88.0,23.15,491.0,0.2425,9.0,124.0,-0.6149,0.0106,0.607,-0.0958,-0.3646,22.7762,-0.4,22.75,22.99,21.25,no_change,22.05,2026-09-28T11:55:26,-1.78174,22.4500007629395,339.815,2026-09-28 18:44:43,2026-09-28 14:45:04
AAPL,AAPL261218P00360000,AAPL,2026-12-18,P,360.0,25.6,263.0,26.7,417.0,0.2407,435.0,0.0,-0.6666,0.0104,0.577,-0.092,-0.3746,26.0459,0.0,0.0,0.0,0.0,up,27.29,2026-09-25T11:54:19,0.0,25.9499998092651,339.815,2026-09-28 18:44:43,2026-09-28 14:45:04
AAPL,AAPL261218P00365000,AAPL,2026-12-18,P,365.0,28.65,440.0,29.75,60.0,0.2299,63.0,0.0,-0.7165,0.0101,0.5358,-0.0873,-0.375,29.5826,0.0,0.0,0.0,0.0,up,32.2,2026-09-24T13:44:43,0.0,29.4499998092651,339.815,2026-09-28 18:44:43,2026-09-28 14:45:04
AAPL,AAPL261218P00370000,AAPL,2026-12-18,P,370.0,32.85,345.0,34.1,389.0,0.2381,322.0,0.0,-0.7638,0.0096,0.486,-0.0819,-0.3624,33.3693,0.0,0.0,0.0,0.0,down,33.4,2026-09-25T14:46:19,0.0,33.0999984741211,339.815,2026-09-28 18:44:43,2026-09-28 14:45:04
AAPL,AAPL261218P00375000,AAPL,2026-12-18,P,375.0,37.2,9.0,38.6,352.0,0.2467,21.0,0.0,-0.808,0.0091,0.4313,-0.076,-0.3466,37.3874,0.0,0.0,0.0,0.0,down,37.35,2026-09-25T14:26:07,0.0,37.1749992370606,339.815,2026-09-28 18:44:43,2026-09-28 14:45:04
AAPL,AAPL261218P00380000,AAPL,2026-12-18,P,380.0,40.85,351.0,42.4,364.0,0.2344,94.0,0.0,-0.8485,0.0085,0.3699,-0.0695,-0.3161,41.6185,0.0,0.0,0.0,0.0,down,41.95,2026-09-25T12:39:52,0.0,41.3500003814697,339.815,2026-09-28 18:44:43,2026-09-28 14:45:04
AAPL,AAPL261218P00385000,AAPL,2026-12-18,P,385.0,44.8,332.0,46.45,138.0,0.2176,0.0,0.0,-0.8861,0.008,0.3011,-0.0642,-0.2767,46.0401,0.0,0.0,0.0,0.0,no_change,0.0,,0.0,46.0,339.815,2026-09-28 18:44:43,2026-09-28 14:45:04
AAPL,AAPL261218P00390000,AAPL,2026-12-18,P,390.0,49.4,159.0,51.65,158.0,0.2286,3.0,0.0,-0.9202,0.0074,0.2282,-0.0581,-0.2096,50.626,0.0,0.0,0.0,0.0,up,53.5,2026-09-24T13:39:57,0.0,50.1499996185303,339.815,2026-09-28 18:44:43,2026-09-28 14:45:04
AAPL,AAPL261218P00395000,AAPL,2026-12-18,P,395.0,54.1,150.0,56.5,126.0,0.2292,0.0,0.0,-0.9509,0.0068,0.1645,-0.06,-0.1374,55.3573,0.0,0.0,0.0,0.0,no_change,0.0,,0.0,55.0250015258789,339.815,2026-09-28 18:44:43,2026-09-28 14:45:04
AAPL,AAPL261218P00400000,AAPL,2026-12-18,P,400.0,59.0,151.0,61.4,113.0,0.2326,9.0,0.0,-0.9758,0.0058,0.0935,-0.045,-0.1014,60.2139,0.0,0.0,0.0,0.0,down,60.35,2026-09-25T13:35:09,0.0,59.7250003814697,339.815,2026-09-28 18:44:43,2026-09-28 14:45:04
AAPL,AAPL261218P00405000,AAPL,2026-12-18,P,405.0,64.0,148.0,66.35,121.0,0.0,0.0,0.0,-0.9915,0.0025,0.0078,-0.0326,0.0,65.1846,0.0,0.0,0.0,0.0,no_change,0.0,,0.0,64.5000019073486,339.815,2026-09-28 18:44:43,2026-09-28 14:45:04
AAPL,AAPL261218P00410000,AAPL,2026-12-18,P,410.0,69.0,94.0,71.35,95.0,0.0,0.0,0.0,-0.9997,0.0001,0.0,-0.0326,0.0,70.1846,0.0,0.0,0.0,0.0,down,95.59,2026-07-08T13:55:06,0.0,69.6749992370606,339.815,2026-09-28 18:44:43,2026-09-28 14:45:04
AAPL,AAPL261218P00415000,AAPL,2026-12-18,P,415.0,74.0,109.0,76.4,100.0,0.2728,0.0,0.0,-1.0,0.0,0.0,-0.0326,0.0,75.1846,0.0,0.0,0.0,0.0,no_change,0.0,,0.0,74.5999984741211,339.815,2026-09-28 18:44:43,2026-09-28 14:45:04
AAPL,AAPL261218P00420000,AAPL,2026-12-18,P,420.0,79.0,92.0,81.3,92.0,0.0,0.0,0.0,-1.0,0.0,0.0,-0.0326,0.0,80.1846,0.0,0.0,0.0,0.0,down,109.21,2026-08-20T15:57:49,0.0,79.5499992370606,339.815,2026-09-28 18:44:43,2026-09-28 14:45:04
AAPL,AAPL261218P00425000,AAPL,2026-12-18,P,425.0,84.0,96.0,86.1,101.0,0.0,0.0,0.0,-1.0,0.0,0.0,-0.0326,0.0,85.1846,0.0,0.0,0.0,0.0,no_change,0.0,,0.0,84.5999984741211,339.815,2026-09-28 18:44:43,2026-09-28 14:45:04
AAPL,AAPL261218P00430000,AAPL,2026-12-18,P,430.0,89.0,98.0,91.4,98.0,0.3107,0.0,0.0,-1.0,0.0,0.0,-0.0326,0.0,90.1846,0.0,0.0,0.0,0.0,no_change,0.0,,0.0,89.5999984741211,339.815,2026-09-28 18:44:43,2026-09-28 14:45:04
AAPL,AAPL261218P00440000,AAPL,2026-12-18,P,440.0,99.0,93.0,101.4,97.0,0.3348,0.0,0.0,-1.0,0.0,0.0,-0.0326,0.0,100.1846,0.0,0.0,0.0,0.0,up,197.3,2025-01-03T10:21:54,0.0,99.5999984741211,339.815,2026-09-28 18:44:43,2026-09-28 14:45:04
AAPL,AAPL261218P00450000,AAPL,2026-12-18,P,450.0,109.0,91.0,111.3,91.0,0.0,0.0,0.0,-1.0,0.0,0.0,-0.0326,0.0,110.1846,0.0,0.0,0.0,0.0,down,110.27,2026-09-25T13:35:09,0.0,109.599998474121,339.815,2026-09-28 18:44:43,2026-09-28 14:45:04
AAPL,AAPL261218P00460000,AAPL,2026-12-18,P,460.0,119.0,96.0,121.4,101.0,0.3808,0.0,0.0,-1.0,0.0,0.0,-0.0326,0.0,120.1846,0.0,0.0,0.0,0.0,up,185.84,2025-12-15T13:20:00,0.0,119.599998474121,339.815,2026-09-28 18:44:43,2026-09-28 14:45:04
AAPL,AAPL261218P00470000,AAPL,2026-12-18,P,470.0,129.0,83.0,131.25,97.0,0.0,0.0,0.0,-1.0,0.0,0.0,-0.0326,0.0,130.1846,0.0,0.0,0.0,0.0,no_change,0.0,,0.0,129.799995422363,339.815,2026-09-28 18:44:43,2026-09-28 14:45:04
AAPL,AAPL261218P00480000,AAPL,2026-12-18,P,480.0,139.0,89.0,141.4,96.0,0.4241,0.0,0.0,-1.0,0.0,0.0,-0.0326,0.0,140.1846,0.0,0.0,0.0,0.0,no_change,0.0,,0.0,139.599998474121,339.815,2026-09-28 18:44:43,2026-09-28 14:45:04
AAPL,AAPL261218P00490000,AAPL,2026-12-18,P,490.0,149.0,92.0,151.4,97.0,0.4449,0.0,0.0,-1.0,0.0,0.0,-0.0326,0.0,150.1846,0.0,0.0,0.0,0.0,no_change,0.0,,0.0,149.625,339.815,2026-09-28 18:44:43,2026-09-28 14:45:04
AAPL,AAPL261218P00500000,AAPL,2026-12-18,P,500.0,159.0,104.0,161.3,97.0,0.0,0.0,0.0,-1.0,0.0,0.0,-0.0326,0.0,160.1846,0.0,0.0,0.0,0.0,no_change,0.0,,0.0,159.599998474121,339.815,2026-09-28 18:44:43,2026-09-28 14:45:04
AAPL,AAPL261218P00510000,AAPL,2026-12-18,P,510.0,169.0,85.0,171.4,91.0,0.4849,0.0,0.0,-1.0,0.0,0.0,-0.0326,0.0,170.1846,0.0,0.0,0.0,0.0,no_change,0.0,,0.0,169.824996948242,339.815,2026-09-28 18:44:43,2026-09-28 14:45:04
AAPL,AAPL261218P00520000,AAPL,2026-12-18,P,520.0,179.0,98.0,181.4,97.0,0.5042,0.0,0.0,-1.0,0.0,0.0,-0.0326,0.0,180.1846,0.0,0.0,0.0,0.0,no_change,0.0,,0.0,179.599998474121,339.815,2026-09-28 18:44:43,2026-09-28 14:45:04
AAPL,AAPL261218P00530000,AAPL,2026-12-18,P,530.0,188.5,96.0,191.4,101.0,0.0,0.0,0.0,-1.0,0.0,0.0,-0.0326,0.0,190.1846,0.0,0.0,0.0,0.0,no_change,0.0,,0.0,189.599998474121,339.815,2026-09-28 18:44:43,2026-09-28 14:45:04
AAPL,AAPL261218P00540000,AAPL,2026-12-18,P,540.0,199.0,81.0,201.4,91.0,0.5415,0.0,0.0,-1.0,0.0,0.0,-0.0326,0.0,200.1846,0.0,0.0,0.0,0.0,no_change,0.0,,0.0,199.824996948242,339.815,2026-09-28 18:44:43,2026-09-28 14:45:04
AAPL,AAPL261218P00550000,AAPL,2026-12-18,P,550.0,209.0,96.0,211.15,92.0,0.0,0.0,0.0,-1.0,0.0,0.0,-0.0326,0.0,210.1846,0.0,0.0,0.0,0.0,no_change,0.0,,0.0,209.599998474121,339.815,2026-09-28 18:44:43,2026-09-28 14:45:04
AAPL,AAPL261218P00560000,AAPL,2026-12-18,P,560.0,218.5,92.0,221.4,91.0,0.0,0.0,0.0,-1.0,0.0,0.0,-0.0326,0.0,220.1846,0.0,0.0,0.0,0.0,no_change,0.0,,0.0,219.599998474121,339.815,2026-09-28 18:44:43,2026-09-28 14:45:04
AAPL,AAPL261218P00570000,AAPL,2026-12-18,P,570.0,229.0,90.0,231.3,90.0,0.0,0.0,0.0,-1.0,0.0,0.0,-0.0326,0.0,230.1846,0.0,0.0,0.0,0.0,no_change,0.0,,0.0,229.599998474121,339.815,2026-09-28 18:44:43,2026-09-28 14:45:04
AAPL,AAPL261218P00580000,AAPL,2026-12-18,P,580.0,238.15,89.0,241.4,80.0,0.0,0.0,0.0,-1.0,0.0,0.0,-0.0326,0.0,240.1846,0.0,0.0,0.0,0.0,no_change,0.0,,0.0,239.599998474121,339.815,2026-09-28 18:44:43,2026-09-28 14:45:04
AAPL,AAPL261218P00590000,AAPL,2026-12-18,P,590.0,249.0,96.0,251.4,92.0,0.6281,0.0,0.0,-1.0,0.0,0.0,-0.0326,0.0,250.1846,0.0,0.0,0.0,0.0,no_change,0.0,,0.0,249.824996948242,339.815,2026-09-28 18:44:43,2026-09-28 14:45:04
AAPL,AAPL261218P00600000,AAPL,2026-12-18,P,600.0,259.0,96.0,261.4,90.0,0.6444,0.0,0.0,-1.0,0.0,0.0,-0.0326,0.0,260.1846,0.0,0.0,0.0,0.0,no_change,0.0,,0.0,259.600006103516,339.815,2026-09-28 18:44:43,2026-09-28 14:45:04
AAPL,AAPL270115C00005000,AAPL,2027-01-15,C,5.0,333.3,89.0,336.9,10.0,3.658,7.0,0.0,1.0,0.0,0.0,0.0,0.0057,334.9068,0.0,0.0,0.0,0.0,up,308.05,2026-08-26T14:16:02,0.0,335.549987792969,339.815,2026-09-28 18:44:43,2026-09-28 14:45:04
AAPL,AAPL270115C00010000,AAPL,2027-01-15,C,10.0,328.2,76.0,331.95,17.0,2.7932,1.0,0.0,1.0,0.0,0.0,0.0,0.0114,329.9327,0.0,0.0,0.0,0.0,down,296.34,2026-08-14T09:56:40,0.0,330.475006103516,339.815,2026-09-28 18:44:43,2026-09-28 14:45:04
AAPL,AAPL270115C00015000,AAPL,2027-01-15,C,15.0,323.15,85.0,326.95,10.0,2.2997,11.0,0.0,1.0,0.0,0.0,0.0,0.0172,324.9586,0.0,0.0,0.0,0.0,down,289.93,2026-08-13T15:54:15,0.0,325.574996948242,339.815,2026-09-28 18:44:43,2026-09-28 14:45:04
AAPL,AAPL270115C00020000,AAPL,2027-01-15,C,20.0,318.25,85.0,322.0,6.0,2.132,12.0,0.0,1.0,0.0,0.0,0.0,0.0229,319.9845,0.0,0.0,0.0,0.0,up,286.39,2026-08-14T09:56:40,0.0,320.625,339.815,2026-09-28 18:44:43,2026-09-28 14:45:04
AAPL,AAPL270115C00025000,AAPL,2027-01-15,C,25.0,313.3,77.0,317.05,6.0,1.9628,0.0,0.0,1.0,0.0,0.0,0.0,0.0287,315.0105,0.0,0.0,0.0,0.0,up,172.1,2025-05-23T13:36:45,0.0,315.699996948242,339.815,2026-09-28 18:44:43,2026-09-28 14:45:04
AAPL,AAPL270115C00030000,AAPL,2027-01-15,C,30.0,308.55,88.0,312.15,6.0,1.9375,4.0,0.0,1.0,0.0,0.0001,0.0,0.0352,310.0367,0.0,0.0,0.0,0.0,up,277.3,2026-08-10T11:49:09,0.0,310.774993896484,339.815,2026-09-28 18:44:43,2026-09-28 14:45:04
AAPL,AAPL270115C00035000,AAPL,2027-01-15,C,35.0,303.65,77.0,307.2,6.0,1.8225,5.0,0.0,1.0,0.0,0.0003,0.0,0.0796,305.0703,0.0,0.0,0.0,0.0,up,270.14,2026-08-13T15:49:00,0.0,305.774993896484,339.815,2026-09-28 18:44:43,2026-09-28 14:45:04
AAPL,AAPL270115C00040000,AAPL,2027-01-15,C,40.0,298.75,85.0,302.25,6.0,1.7192,39.0,0.0,1.0,0.0,0.0003,0.0,0.1202,300.1336,0.0,0.0,0.0,0.0,up,218.8,2026-04-09T11:52:31,0.0,300.925003051758,339.815,2026-09-28 18:44:43,2026-09-28 14:45:04
AAPL,AAPL270115C00045000,AAPL,2027-01-15,C,45.0,293.8,87.0,297.35,10.0,1.6259,2.0,0.0,1.0,0.0,0.0004,0.0,0.1374,295.2053,0.0,0.0,0.0,0.0,up,213.4,2025-10-09T09:39:11,0.0,296.024993896484,339.815,2026-09-28 18:44:43,2026-09-28 14:45:04
AAPL,AAPL270115C00050000,AAPL,2027-01-15,C,50.0,288.9,164.0,292.1,23.0,1.4473,120.0,0.0,1.0,0.0,0.0005,0.0,0.1527,290.2775,0.0,0.0,0.0,0.0,up,279.83,2026-09-03T13:02:37,0.0,291.375,339.815,2026-09-28 18:44:43,2026-09-28 14:45:04
AAPL,AAPL270115C00060000,AAPL,2027-01-15,C,60.0,279.0,158.0,282.55,11.0,1.3868,131.0,0.0,0.9999,0.0,0.0007,0.0,0.1832,280.4223,0.0,0.0,0.0,0.0,down,277.0,2026-09-24T11:23:29,0.0,281.199996948242,339.815,2026-09-28 18:44:43,2026-09-28 14:45:04
AAPL,AAPL270115C00070000,AAPL,2027-01-15,C,70.0,268.9,146.0,272.7,6.0,1.2036,139.0,0.0,0.9999,0.0,0.001,0.0,0.2136,270.5675,0.0,0.0,0.0,0.0,down,222.74,2026-06-10T09:31:15,0.0,271.349990844727,339.815,2026-09-28 18:44:43,2026-09-28 14:45:04
AAPL,AAPL270115C00080000,AAPL,2027-01-15,C,80.0,259.25,77.0,262.85,8.0,1.1562,283.0,0.0,0.9998,0.0,0.0014,0.0,0.244,260.7131,0.0,0.0,0.0,0.0,up,233.3,2026-08-24T12:18:26,0.0,261.424987792969,339.815,2026-09-28 18:44:43,2026-09-28 14:45:04
AAPL,AAPL270115C00085000,AAPL,2027-01-15,C,85.0,254.4,76.0,257.9,6.0,1.1208,116.0,0.0,0.9998,0.0,0.0017,0.0,0.2592,255.7861,0.0,0.0,0.0,0.0,up,245.95,2026-09-03T12:47:23,0.0,256.574996948242,339.815,2026-09-28 18:44:43,2026-09-28 14:45:04
AAPL,AAPL270115C00090000,AAPL,2027-01-15,C,90.0,249.4,146.0,253.0,6.0,1.068,273.0,0.0,0.9998,0.0,0.002,0.0,0.2744,250.8592,0.0,0.0,0.0,0.0,up,241.5,2026-09-15T13:43:28,0.0,251.574996948242,339.815,2026-09-28 18:44:43,2026-09-28 14:45:04
AAPL,AAPL270115C00095000,AAPL,2027-01-15,C,95.0,244.45,76.0,248.05,6.0,1.0181,24.0,0.0,0.9997,0.0,0.0023,0.0,0.2896,245.9326,0.0,0.0,0.0,0.0,down,243.51,2026-09-24T14:03:00,0.0,246.724998474121,339.815,2026-09-28 18:44:43,2026-09-28 14:45:04
AAPL,AAPL270115C00100000,AAPL,2027-01-15,C,100.0,239.55,131.0,243.1,6.0,0.9804,594.0,0.0,0.9996,0.0,0.0027,0.0,0.3048,241.0061,0.0,0.0,0.0,0.0,up,242.55,2026-09-22T09:42:47,0.0,241.725006103516,339.815,2026-09-28 18:44:43,2026-09-28 14:45:04
AAPL,AAPL270115C00105000,AAPL,2027-01-15,C,105.0,234.4,76.0,238.2,6.0,0.9039,89.0,0.0,0.9996,0.0,0.0031,0.0,0.32,236.0798,0.0,0.0,0.0,0.0,up,210.05,2026-08-07T15:44:17,0.0,236.849998474121,339.815,2026-09-28 18:44:43,2026-09-28 14:45:04
AAPL,AAPL270115C00110000,AAPL,2027-01-15,C,110.0,229.7,129.0,232.95,15.0,0.8477,219.0,5.0,0.9995,0.0,0.0035,0.0,0.3351,231.1538,0.725,232.55,232.55,232.55,up,232.55,2026-09-28T11:36:28,0.312737,231.824996948242,339.815,2026-09-28 18:44:43,2026-09-28 14:45:04
AAPL,AAPL270115C00115000,AAPL,2027-01-15,C,115.0,225.1,86.0,228.0,12.0,0.8778,100.0,0.0,0.9994,0.0,0.0041,0.0,0.3503,226.228,0.0,0.0,0.0,0.0,up,195.83,2026-06-05T15:42:29,0.0,227.0,339.815,2026-09-28 18:44:43,2026-09-28 14:45:04
AAPL,AAPL270115C00120000,AAPL,2027-01-15,C,120.0,219.85,125.0,223.4,11.0,0.8466,494.0,0.0,0.9993,0.0,0.0046,0.0,0.3654,221.3025,0.0,0.0,0.0,0.0,no_change,187.21,2026-08-13T10:27:34,0.0,222.0,339.815,2026-09-28 18:44:43,2026-09-28 14:45:04
AAPL,AAPL270115C00125000,AAPL,2027-01-15,C,125.0,214.7,102.0,218.5,11.0,0.7824,334.0,0.0,0.9992,0.0,0.0053,0.0,0.3806,216.3773,0.0,0.0,0.0,0.0,down,195.65,2026-09-10T10:01:07,0.0,217.025001525879,339.815,2026-09-28 18:44:43,2026-09-28 14:45:04
AAPL,AAPL270115C00130000,AAPL,2027-01-15,C,130.0,210.0,122.0,213.55,7.0,0.7879,479.0,0.0,0.9991,0.0,0.006,0.0,0.3957,211.4526,0.0,0.0,0.0,0.0,up,203.45,2026-09-11T15:52:21,0.0,212.074996948242,339.815,2026-09-28 18:44:43,2026-09-28 14:45:04
AAPL,AAPL270115C00135000,AAPL,2027-01-15,C,135.0,205.1,170.0,208.3,21.0,0.7096,1576.0,0.0,0.999,0.0,0.0069,0.0,0.4108,206.5282,0.0,0.0,0.0,0.0,up,184.42,2026-08-20T10:58:22,0.0,207.150001525879,339.815,2026-09-28 18:44:43,2026-09-28 14:45:04
AAPL,AAPL270115C00140000,AAPL,2027-01-15,C,140.0,200.15,113.0,203.7,17.0,0.7335,1592.0,0.0,0.9988,0.0,0.0078,0.0,0.4258,201.6043,0.0,0.0,0.0,0.0,up,179.61,2026-08-20T13:11:47,0.0,202.275001525879,339.815,2026-09-28 18:44:43,2026-09-28 14:45:04
AAPL,AAPL270115C00145000,AAPL,2027-01-15,C,145.0,195.0,122.0,198.15,8.0,0.0,6413.0,0.0,0.9986,0.0,0.0089,0.0,0.4409,196.681,0.0,0.0,0.0,0.0,up,199.8,2026-09-22T12:44:09,0.0,197.25,339.815,2026-09-28 18:44:43,2026-09-28 14:45:04
AAPL,AAPL270115C00150000,AAPL,2027-01-15,C,150.0,190.35,114.0,192.8,19.0,0.0,1699.0,0.0,0.9984,0.0,0.0101,0.0,0.4559,191.7584,0.0,0.0,0.0,0.0,down,194.55,2026-09-22T09:48:38,0.0,192.150001525879,339.815,2026-09-28 18:44:43,2026-09-28 14:45:04
AAPL,AAPL270115C00155000,AAPL,2027-01-15,C,155.0,185.4,76.0,188.35,8.0,0.5592,82.0,0.0,0.9982,0.0001,0.0115,0.0,0.4708,186.8365,0.0,0.0,0.0,0.0,up,168.29,2026-09-04T12:33:07,0.0,187.524993896484,339.815,2026-09-28 18:44:43,2026-09-28 14:45:04
AAPL,AAPL270115C00160000,AAPL,2027-01-15,C,160.0,180.65,137.0,183.15,31.0,0.502,650.0,1.0,0.9979,0.0001,0.013,0.0,0.4858,181.9156,0.965,183.44,183.44,183.44,up,183.44,2026-09-28T14:03:37,0.52884,182.474998474121,339.815,2026-09-28 18:44:43,2026-09-28 14:45:04
AAPL,AAPL270115C00165000,AAPL,2027-01-15,C,165.0,175.55,125.0,178.5,36.0,0.5218,423.0,0.0,0.9975,0.0001,0.0148,0.0,0.5007,176.9957,0.0,0.0,0.0,0.0,down,177.0,2026-09-25T15:21:09,0.0,177.700004577637,339.815,2026-09-28 18:44:43,2026-09-28 14:45:04
AAPL,AAPL270115C00170000,AAPL,2027-01-15,C,170.0,170.4,302.0,173.55,32.0,0.0,969.0,1.0,0.9972,0.0001,0.0168,0.0,0.5155,172.077,-0.035,172.64,172.64,172.64,up,172.64,2026-09-28T13:33:40,-0.0202711,172.675003051758,339.815,2026-09-28 18:44:43,2026-09-28 14:45:04
AAPL,AAPL270115C00175000,AAPL,2027-01-15,C,175.0,166.25,123.0,168.65,44.0,0.569,1149.0,10.0,0.9967,0.0001,0.0191,0.0,0.5303,167.1599,1.92,169.72,169.72,169.72,no_change,169.72,2026-09-28T10:07:43,1.14422,167.800003051758,339.815,2026-09-28 18:44:43,2026-09-28 14:45:04
AAPL,AAPL270115C00180000,AAPL,2027-01-15,C,180.0,160.8,120.0,163.75,43.0,0.4799,1049.0,0.0,0.9962,0.0001,0.0218,0.0,0.545,162.2445,0.0,0.0,0.0,0.0,up,162.45,2026-09-25T11:35:32,0.0,162.950004577637,339.815,2026-09-28 18:44:43,2026-09-28 14:45:04
AAPL,AAPL270115C00185000,AAPL,2027-01-15,C,185.0,155.9,120.0,158.8,43.0,0.4624,826.0,0.0,0.9956,0.0001,0.0248,0.0,0.5595,157.3311,0.0,0.0,0.0,0.0,up,157.0,2026-09-25T11:59:40,0.0,158.025001525879,339.815,2026-09-28 18:44:43,2026-09-28 14:45:04
AAPL,AAPL270115C00190000,AAPL,2027-01-15,C,190.0,150.9,155.0,153.9,34.0,0.4355,797.0,0.0,0.9949,0.0002,0.0283,0.0,0.574,152.4202,0.0,0.0,0.0,0.0,up,150.95,2026-09-24T12:51:41,0.0,153.0,339.815,2026-09-28 18:44:43,2026-09-28 14:45:04
AAPL,AAPL270115C00195000,AAPL,2027-01-15,C,195.0,146.7,380.0,149.0,30.0,0.5048,639.0,1.0,0.9941,0.0002,0.0322,0.0,0.5884,147.512,-0.445,147.88,147.88,147.88,up,147.88,2026-09-28T11:15:51,-0.300015,148.324996948242,339.815,2026-09-28 18:44:43,2026-09-28 14:45:04
AAPL,AAPL270115C00200000,AAPL,2027-01-15,C,200.0,141.9,357.0,143.95,55.0,0.4851,12585.0,0.0,0.9932,0.0002,0.0368,0.0,0.6026,142.6072,0.0,0.0,0.0,0.0,up,143.0,2026-09-25T15:05:03,0.0,143.775001525879,339.815,2026-09-28 18:44:43,2026-09-28 14:45:04
AAPL,AAPL270115C00205000,AAPL,2027-01-15,C,205.0,136.7,352.0,139.15,30.0,0.4547,128.0,0.0,0.9921,0.0003,0.042,0.0,0.6166,137.7063,0.0,0.0,0.0,0.0,up,137.9,2026-09-25T14:38:13,0.0,138.200004577637,339.815,2026-09-28 18:44:43,2026-09-28 14:45:04
AAPL,AAPL270115C00210000,AAPL,2027-01-15,C,210.0,131.6,444.0,134.25,280.0,0.4243,2314.0,1.0,0.9908,0.0003,0.0479,0.0,0.6304,132.8099,1.95,135.5,135.5,135.5,up,135.5,2026-09-28T09:54:58,1.46012,133.550003051758,339.815,2026-09-28 18:44:43,2026-09-28 14:45:04
AAPL,AAPL270115C00215000,AAPL,2027-01-15,C,215.0,127.2,311.0,129.35,25.0,0.4439,248.0,0.0,0.9892,0.0004,0.0547,0.0,0.644,127.919,0.0,0.0,0.0,0.0,up,122.96,2026-09-16T14:30:36,0.0,128.824996948242,339.815,2026-09-28 18:44:43,2026-09-28 14:45:04
AAPL,AAPL270115C00220000,AAPL,2027-01-15,C,220.0,122.25,368.0,124.45,282.0,0.4252,7231.0,3.0,0.9875,0.0004,0.0625,0.0,0.6572,123.0345,0.51,125.7,125.7,124.41,down,124.41,2026-09-28T12:57:16,0.411621,123.900001525879,339.815,2026-09-28 18:44:43,2026-09-28 14:45:04
AAPL,AAPL270115C00225000,AAPL,2027-01-15,C,225.0,117.45,294.0,119.6,30.0,0.417,484.0,1.0,0.9854,0.0005,0.0713,0.0,0.6702,118.1577,1.285,120.06,120.06,120.06,up,120.06,2026-09-28T10:24:08,1.08188,118.775001525879,339.815,2026-09-28 18:44:43,2026-09-28 14:45:04
AAPL,AAPL270115C00230000,AAPL,2027-01-15,C,230.0,112.3,417.0,114.15,69.0,0.3561,10504.0,4.0,0.9829,0.0006,0.0814,0.0,0.6827,113.2899,0.055,115.95,115.95,113.78,down,113.78,2026-09-28T13:23:27,0.0483636,113.724998474121,339.815,2026-09-28 18:44:43,2026-09-28 14:45:04
AAPL,AAPL270115C00235000,AAPL,2027-01-15,C,235.0,107.55,308.0,109.85,29.0,0.3828,416.0,0.0,0.98,0.0007,0.0931,0.0,0.6947,108.4331,0.0,0.0,0.0,0.0,no_change,108.29,2026-09-25T12:58:36,0.0,109.0,339.815,2026-09-28 18:44:43,2026-09-28 14:45:04
AAPL,AAPL270115C00240000,AAPL,2027-01-15,C,240.0,103.0,365.0,104.45,230.0,0.3607,9175.0,7.0,0.9766,0.0008,0.1061,-0.0014,0.7061,103.5897,-0.125,106.14,106.38,104.15,down,104.15,2026-09-28T13:33:28,-0.119877,104.275001525879,339.815,2026-09-28 18:44:43,2026-09-28 14:45:04
AAPL,AAPL270115C00245000,AAPL,2027-01-15,C,245.0,97.55,530.0,100.15,295.0,0.3474,3312.0,0.0,0.9725,0.001,0.1212,-0.004,0.7169,98.7622,0.0,0.0,0.0,0.0,down,95.45,2026-09-24T09:40:41,0.0,99.1750030517578,339.815,2026-09-28 18:44:43,2026-09-28 14:45:04
AAPL,AAPL270115C00250000,AAPL,2027-01-15,C,250.0,93.9,15.0,94.8,367.0,0.3589,24492.0,140.0,0.9678,0.0012,0.1383,-0.0068,0.7268,93.9543,-1.24,95.73,97.0,93.96,down,93.96,2026-09-28T13:51:12,-1.30252,95.1999969482422,339.815,2026-09-28 18:44:43,2026-09-28 14:45:04
AAPL,AAPL270115C00255000,AAPL,2027-01-15,C,255.0,89.05,53.0,90.4,323.0,0.3571,6354.0,16.0,0.9621,0.0014,0.1575,-0.0098,0.7357,89.1702,0.325,91.8,91.85,90.65,down,90.65,2026-09-28T11:52:35,0.359811,90.3250007629394,339.815,2026-09-28 18:44:43,2026-09-28 14:45:04
AAPL,AAPL270115C00260000,AAPL,2027-01-15,C,260.0,84.35,58.0,85.85,348.0,0.3526,11548.0,36.0,0.9554,0.0016,0.1796,-0.0131,0.7435,84.4149,-0.975,85.05,86.9,84.6,no_change,84.6,2026-09-28T13:44:16,-1.13935,85.5750007629394,339.815,2026-09-28 18:44:43,2026-09-28 14:45:04
AAPL,AAPL270115C00265000,AAPL,2027-01-15,C,265.0,79.55,58.0,81.05,339.0,0.3389,3891.0,5.0,0.9475,0.0018,0.2041,-0.0167,0.7498,79.695,0.63,81.95,82.35,81.43,down,81.43,2026-09-28T12:02:12,0.779704,80.7999992370606,339.815,2026-09-28 18:44:43,2026-09-28 14:45:04
AAPL,AAPL270115C00270000,AAPL,2027-01-15,C,270.0,74.95,59.0,75.7,260.0,0.3178,9157.0,76.0,0.9382,0.0022,0.2318,-0.0206,0.7546,75.0172,-1.23,76.78,77.85,75.11,up,75.12,2026-09-28T13:46:15,-1.611,76.3499984741211,339.815,2026-09-28 18:44:43,2026-09-28 14:45:04
AAPL,AAPL270115C00275000,AAPL,2027-01-15,C,275.0,70.25,82.0,71.8,353.0,0.3219,2219.0,21.0,0.9272,0.0025,0.2625,-0.0248,0.7574,70.3906,1.125,73.15,73.15,72.9,no_change,72.9,2026-09-28T10:14:17,1.5674,71.7749977111816,339.815,2026-09-28 18:44:43,2026-09-28 14:45:04
AAPL,AAPL270115C00280000,AAPL,2027-01-15,C,280.0,65.25,391.0,66.5,238.0,0.2947,31617.0,5.0,0.9144,0.0029,0.2962,-0.0294,0.7582,65.8244,-0.575,66.3,67.25,66.0,down,66.0,2026-09-28T14:18:01,-0.863689,66.5750007629394,339.815,2026-09-28 18:44:43,2026-09-28 14:45:04
AAPL,AAPL270115C00285000,AAPL,2027-01-15,C,285.0,61.15,60.0,61.55,39.0,0.2882,3175.0,174.0,0.8994,0.0033,0.3329,-0.0341,0.7563,61.33,-0.34,63.53,64.2,62.16,down,62.16,2026-09-28T10:45:19,-0.544,62.5,339.815,2026-09-28 18:44:43,2026-09-28 14:45:04
AAPL,AAPL270115C00290000,AAPL,2027-01-15,C,290.0,56.8,98.0,57.25,67.0,0.2855,10670.0,9.0,0.8822,0.0038,0.3721,-0.0392,0.7521,56.9189,-0.925,57.31,58.32,57.15,up,57.5,2026-09-28T14:26:07,-1.58323,58.4249992370606,339.815,2026-09-28 18:44:43,2026-09-28 14:45:04
AAPL,AAPL270115C00295000,AAPL,2027-01-15,C,295.0,52.5,47.0,53.45,343.0,0.2869,8034.0,3.0,0.8625,0.0042,0.4137,-0.0443,0.7446,52.6048,-0.945,55.01,55.01,52.78,down,52.78,2026-09-28T11:05:15,-1.75896,53.7250003814697,339.815,2026-09-28 18:44:43,2026-09-28 14:45:04
AAPL,AAPL270115C00300000,AAPL,2027-01-15,C,300.0,48.05,277.0,48.9,136.0,0.2752,64528.0,59.0,0.8401,0.0048,0.4566,-0.0496,0.7342,48.4008,-0.4,50.15,50.6,48.61,down,48.65,2026-09-28T13:45:02,-0.815493,49.0499992370606,339.815,2026-09-28 18:44:43,2026-09-28 14:45:04
AAPL,AAPL270115C00305000,AAPL,2027-01-15,C,305.0,43.95,197.0,44.95,265.0,0.272,5152.0,4.0,0.8149,0.0053,0.5003,-0.0548,0.7202,44.322,0.12,45.85,46.5,44.65,up,45.07,2026-09-28T11:15:32,0.266962,44.9500007629394,339.815,2026-09-28 18:44:43,2026-09-28 14:45:04
AAPL,AAPL270115C00310000,AAPL,2027-01-15,C,310.0,39.55,517.0,40.9,289.0,0.2626,27781.0,242.0,0.7869,0.0059,0.5437,-0.0599,0.703,40.3819,-0.325,41.69,41.8,39.95,down,40.95,2026-09-28T14:27:40,-0.787401,41.2749996185303,339.815,2026-09-28 18:44:43,2026-09-28 14:45:04
AAPL,AAPL270115C00315000,AAPL,2027-01-15,C,315.0,36.35,262.0,37.5,497.0,0.2675,13933.0,46.0,0.7561,0.0064,0.5855,-0.0648,0.6823,36.5963,0.24,36.94,39.1,36.94,down,37.44,2026-09-28T11:19:26,0.645159,37.2000007629394,339.815,2026-09-28 18:44:43,2026-09-28 14:45:04
AAPL,AAPL270115C00320000,AAPL,2027-01-15,C,320.0,32.65,421.0,33.5,480.0,0.26,36977.0,98.0,0.7225,0.007,0.6249,-0.0692,0.658,32.9779,-0.705,33.8,34.5,32.97,down,33.07,2026-09-28T13:54:06,-2.08734,33.7749996185303,339.815,2026-09-28 18:44:43,2026-09-28 14:45:04
AAPL,AAPL270115C00325000,AAPL,2027-01-15,C,325.0,29.4,152.0,29.7,31.0,0.2553,8495.0,105.0,0.6864,0.0074,0.66,-0.073,0.6308,29.5412,-0.775,31.05,31.8,29.55,down,29.55,2026-09-28T14:24:23,-2.55565,30.3249998092651,339.815,2026-09-28 18:44:43,2026-09-28 14:45:04
AAPL,AAPL270115C00330000,AAPL,2027-01-15,C,330.0,26.0,278.0,27.05,529.0,0.2554,21276.0,106.0,0.648,0.0079,0.6904,-0.0761,0.6,26.2976,-0.775,26.78,28.27,26.1,down,26.25,2026-09-28T13:49:22,-2.86771,27.0249996185303,339.815,2026-09-28 18:44:43,2026-09-28 14:45:04
AAPL,AAPL270115C00335000,AAPL,2027-01-15,C,335.0,23.1,171.0,24.1,532.0,0.2537,7004.0,83.0,0.608,0.0083,0.7142,-0.0786,0.5672,23.3055,0.05,23.69,25.3,23.22,down,23.85,2026-09-28T12:53:43,0.210083,23.8000001907349,339.815,2026-09-28 18:44:43,2026-09-28 14:45:04
AAPL,AAPL270115C00340000,AAPL,2027-01-15,C,340.0,20.25,190.0,20.95,541.0,0.2488,10499.0,234.0,0.5657,0.0086,0.731,-0.0799,0.5313,20.4326,-0.54,20.61,22.3,20.34,down,20.36,2026-09-28T13:49:52,-2.58373,20.8999996185303,339.815,2026-09-28 18:44:43,2026-09-28 14:45:04
AAPL,AAPL270115C00345000,AAPL,2027-01-15,C,345.0,17.75,75.0,17.9,63.0,0.2439,6770.0,322.0,0.5227,0.0088,0.7397,-0.0804,0.494,17.8266,-0.735,18.77,19.7,17.55,up,17.79,2026-09-28T14:29:27,-3.96761,18.5249996185303,339.815,2026-09-28 18:44:43,2026-09-28 14:45:04
AAPL,AAPL270115C00350000,AAPL,2027-01-15,C,350.0,15.3,354.0,15.65,601.0,0.2406,55009.0,317.0,0.4794,0.0088,0.74,-0.0799,0.4557,15.445,-0.605,15.85,17.0,15.3,no_change,15.42,2026-09-28T14:27:09,-3.77535,16.0249996185303,339.815,2026-09-28 18:44:43,2026-09-28 14:45:04
AAPL,AAPL270115C00355000,AAPL,2027-01-15,C,355.0,13.15,199.0,13.55,586.0,0.2399,13480.0,194.0,0.4364,0.0088,0.7319,-0.0785,0.4167,13.3009,-0.555,13.88,14.55,13.2,down,13.22,2026-09-28T14:03:29,-4.02904,13.7750000953674,339.815,2026-09-28 18:44:43,2026-09-28 14:45:04
AAPL,AAPL270115C00360000,AAPL,2027-01-15,C,360.0,11.25,90.0,11.4,37.0,0.2369,35444.0,388.0,0.3934,0.0087,0.7154,-0.0762,0.3776,11.3464,-0.65,11.88,12.7,11.22,no_change,11.25,2026-09-28T14:28:48,-5.46219,11.9000000953674,339.815,2026-09-28 18:44:43,2026-09-28 14:45:04
AAPL,AAPL270115C00365000,AAPL,2027-01-15,C,365.0,9.55,90.0,9.85,679.0,0.2364,5552.0,137.0,0.3521,0.0085,0.6912,-0.0731,0.3392,9.632,-0.35,10.64,10.72,9.65,no_change,9.7,2026-09-28T13:08:04,-3.48259,10.0500001907349,339.815,2026-09-28 18:44:43,2026-09-28 14:45:04
AAPL,AAPL270115C00370000,AAPL,2027-01-15,C,370.0,8.0,208.0,8.3,640.0,0.2345,10277.0,103.0,0.3127,0.0081,0.6604,-0.0695,0.3023,8.1477,-0.325,8.35,9.1,8.1,no_change,8.15,2026-09-28T13:44:41,-3.83481,8.47499990463257,339.815,2026-09-28 18:44:43,2026-09-28 14:45:04
AAPL,AAPL270115C00375000,AAPL,2027-01-15,C,375.0,6.75,125.0,6.9,111.0,0.233,5158.0,62.0,0.2757,0.0077,0.6243,-0.0653,0.2675,6.842,-0.195,7.1,7.6,6.85,down,6.93,2026-09-28T14:13:45,-2.73684,7.125,339.815,2026-09-28 18:44:43,2026-09-28 14:45:04
AAPL,AAPL270115C00380000,AAPL,2027-01-15,C,380.0,5.6,164.0,5.8,201.0,0.2321,11629.0,126.0,0.2413,0.0072,0.5837,-0.0607,0.2344,5.717,-0.235,6.1,6.5,5.63,down,5.69,2026-09-28T14:09:47,-3.96625,5.92500019073486,339.815,2026-09-28 18:44:43,2026-09-28 14:45:04
AAPL,AAPL270115C00385000,AAPL,2027-01-15,C,385.0,4.65,150.0,4.8,82.0,0.2312,8411.0,33.0,0.2098,0.0067,0.541,-0.0559,0.2045,4.7555,-0.2,5.0,5.25,4.75,down,4.75,2026-09-28T14:22:28,-4.0404,4.95000004768372,339.815,2026-09-28 18:44:43,2026-09-28 14:45:04
AAPL,AAPL270115C00390000,AAPL,2027-01-15,C,390.0,3.85,483.0,4.0,239.0,0.231,5872.0,62.0,0.1813,0.0061,0.4962,-0.051,0.1769,3.9403,-0.15,4.3,4.4,3.9,up,3.95,2026-09-28T13:34:37,-3.65853,4.09999990463257,339.815,2026-09-28 18:44:43,2026-09-28 14:45:04
AAPL,AAPL270115C00395000,AAPL,2027-01-15,C,395.0,3.15,175.0,3.4,757.0,0.2316,2086.0,13.0,0.1558,0.0055,0.4517,-0.0462,0.1523,3.2527,0.05,3.45,3.46,3.25,down,3.45,2026-09-28T12:36:53,1.47059,3.39999997615814,339.815,2026-09-28 18:44:43,2026-09-28 14:45:04
AAPL,AAPL270115C00400000,AAPL,2027-01-15,C,400.0,2.64,97.0,2.75,613.0,0.2314,10771.0,863.0,0.1332,0.005,0.4076,-0.0415,0.1303,2.6769,-0.175,2.72,3.05,2.62,no_change,2.62,2026-09-28T14:11:47,-6.26118,2.79500007629395,339.815,2026-09-28 18:44:43,2026-09-28 14:45:04
AAPL,AAPL270115C00410000,AAPL,2027-01-15,C,410.0,1.75,458.0,1.83,162.0,0.2308,4466.0,159.0,0.0958,0.0039,0.3247,-0.0327,0.0939,1.7905,-0.11,1.9,2.02,1.76,up,1.81,2026-09-28T13:49:44,-5.72917,1.9200000166893,339.815,2026-09-28 18:44:43,2026-09-28 14:45:04
AAPL,AAPL270115C00420000,AAPL,2027-01-15,C,420.0,1.18,65.0,1.25,406.0,0.2327,3651.0,21.0,0.0682,0.003,0.2532,-0.0253,0.0669,1.1986,-0.08,1.26,1.49,1.18,down,1.18,2026-09-28T14:22:01,-6.34921,1.25999999046326,339.815,2026-09-28 18:44:43,2026-09-28 14:45:04
AAPL,AAPL270115C00430000,AAPL,2027-01-15,C,430.0,0.71,324.0,0.86,369.0,0.2326,4660.0,2.0,0.0479,0.0023,0.1934,-0.0192,0.047,0.796,-0.02,0.82,0.82,0.82,down,0.82,2026-09-28T11:42:43,-2.38095,0.840000003576279,339.815,2026-09-28 18:44:43,2026-09-28 14:45:04
AAPL,AAPL270115C00440000,AAPL,2027-01-15,C,440.0,0.51,180.0,0.59,434.0,0.2363,4071.0,1.0,0.0335,0.0017,0.1458,-0.0144,0.0328,0.5293,0.02,0.59,0.59,0.59,up,0.59,2026-09-28T11:34:39,3.50877,0.569999992847443,339.815,2026-09-28 18:44:43,2026-09-28 14:45:04
AAPL,AAPL270115C00450000,AAPL,2027-01-15,C,450.0,0.35,329.0,0.39,278.0,0.2385,18660.0,148.0,0.0234,0.0012,0.1092,-0.0107,0.0229,0.3544,0.0,0.39,0.41,0.37,down,0.37,2026-09-28T10:40:12,2.73859e-06,0.36999998986721,339.815,2026-09-28 18:44:43,2026-09-28 14:45:04
AAPL,AAPL270115C00460000,AAPL,2027-01-15,C,460.0,0.23,413.0,0.36,642.0,0.2464,454.0,14.0,0.0165,0.0009,0.0818,-0.008,0.0161,0.2406,-0.015,0.25,0.25,0.25,no_change,0.25,2026-09-28T10:41:10,-5.66038,0.264999993145466,339.815,2026-09-28 18:44:43,2026-09-28 14:45:04
AAPL,AAPL270115C00470000,AAPL,2027-01-15,C,470.0,0.16,103.0,0.24,459.0,0.2485,442.0,6.0,0.0118,0.0007,0.0616,-0.006,0.0114,0.1666,-0.045,0.26,0.26,0.15,down,0.15,2026-09-28T13:55:58,-23.0769,0.195000000298023,339.815,2026-09-28 18:44:43,2026-09-28 14:45:04
AAPL,AAPL270115C00480000,AAPL,2027-01-15,C,480.0,0.04,550.0,0.22,397.0,0.2493,8869.0,8.0,0.0086,0.0005,0.0469,-0.0046,0.0083,0.1184,-0.03,0.13,0.15,0.1,no_change,0.1,2026-09-28T12:22:51,-23.0769,0.130000002682209,339.815,2026-09-28 18:44:43,2026-09-28 14:45:04
AAPL,AAPL270115C00490000,AAPL,2027-01-15,C,490.0,0.05,214.0,0.15,391.0,0.2549,1004.0,0.0,0.0064,0.0004,0.0364,-0.0036,0.0062,0.0866,0.0,0.0,0.0,0.0,down,0.07,2026-09-25T11:04:28,0.0,0.0750000029802322,339.815,2026-09-28 18:44:43,2026-09-28 14:45:04
AAPL,AAPL270115C00500000,AAPL,2027-01-15,C,500.0,0.06,19.0,0.13,533.0,0.2661,12709.0,2.0,0.0048,0.0003,0.0287,-0.0029,0.0047,0.0653,0.025,0.06,0.13,0.06,up,0.13,2026-09-28T10:15:20,23.8095,0.10500000230968,339.815,2026-09-28 18:44:43,2026-09-28 14:45:04
AAPL,AAPL270115C00510000,AAPL,2027-01-15,C,510.0,0.0,0.0,0.13,450.0,0.2676,198.0,0.0,0.0038,0.0002,0.0231,-0.0023,0.0036,0.0508,0.0,0.0,0.0,0.0,no_change,0.09,2026-09-25T15:46:34,0.0,0.0700000002980232,339.815,2026-09-28 18:44:43,2026-09-28 14:45:04
AAPL,AAPL270115C00520000,AAPL,2027-01-15,C,520.0,0.0,0.0,0.16,610.0,0.2852,4640.0,0.0,0.003,0.0002,0.0189,-0.002,0.0029,0.0405,0.0,0.0,0.0,0.0,no_change,0.06,2026-09-15T10:03:14,0.0,0.0599999986588955,339.815,2026-09-28 18:44:43,2026-09-28 14:45:04
AAPL,AAPL270115C00530000,AAPL,2027-01-15,C,530.0,0.03,747.0,0.1,392.0,0.2905,5223.0,3.0,0.0025,0.0001,0.0158,-0.0016,0.0024,0.0331,-0.015,0.06,0.06,0.05,down,0.05,2026-09-28T09:41:25,-23.0769,0.0650000004097819,339.815,2026-09-28 18:44:43,2026-09-28 14:45:04
AAPL,AAPL270115C00540000,AAPL,2027-01-15,C,540.0,0.0,0.0,0.18,20.0,0.3117,732.0,0.0,0.002,0.0001,0.0134,-0.0014,0.002,0.0276,0.0,0.0,0.0,0.0,down,0.08,2026-09-04T11:25:28,0.0,0.0900000035762787,339.815,2026-09-28 18:44:43,2026-09-28 14:45:04
AAPL,AAPL270115C00550000,AAPL,2027-01-15,C,550.0,0.03,3.0,0.04,1.0,0.2948,12079.0,473.0,0.0017,0.0001,0.0114,-0.0012,0.0016,0.0233,-0.005,0.03,0.04,0.01,down,0.03,2026-09-28T13:13:25,-14.2857,0.034999999217689,339.815,2026-09-28 18:44:43,2026-09-28 14:45:04
AAPL,AAPL270115C00560000,AAPL,2027-01-15,C,560.0,0.01,2.0,0.04,10.0,0.2962,61.0,0.0,0.0015,0.0001,0.0099,-0.0011,0.0014,0.02,0.0,0.0,0.0,0.0,down,0.05,2026-09-25T09:30:03,0.0,0.0300000002607703,339.815,2026-09-28 18:44:43,2026-09-28 14:45:04
AAPL,AAPL270115C00570000,AAPL,2027-01-15,C,570.0,0.01,4.0,0.04,12.0,0.3058,71.0,2.0,0.0013,0.0001,0.0086,-0.001,0.0012,0.0173,0.0,0.03,0.03,0.03,no_change,0.03,2026-09-28T10:36:35,-8.69234e-07,0.0300000002607703,339.815,2026-09-28 18:44:43,2026-09-28 14:45:04
AAPL,AAPL270115C00580000,AAPL,2027-01-15,C,580.0,0.0,0.0,0.19,649.0,0.3565,127.0,0.0,0.0011,0.0001,0.0076,-0.0009,0.001,0.0151,0.0,0.0,0.0,0.0,no_change,0.1,2026-09-04T09:46:54,0.0,0.0949999988079071,339.815,2026-09-28 18:44:43,2026-09-28 14:45:04
AAPL,AAPL270115C00590000,AAPL,2027-01-15,C,590.0,0.01,3.0,0.18,642.0,0.3667,132.0,7.0,0.001,0.0001,0.0067,-0.0008,0.0009,0.0133,0.065,0.09,0.09,0.09,no_change,0.09,2026-09-28T13:13:30,260.0,0.0249999994412065,339.815,2026-09-28 18:44:43,2026-09-28 14:45:04
AAPL,AAPL270115C00600000,AAPL,2027-01-15,C,600.0,0.01,901.0,0.03,99.0,0.3276,13430.0,305.0,0.0008,0.0,0.006,-0.0007,0.0008,0.0118,-0.005,0.01,0.03,0.01,no_change,0.02,2026-09-28T13:40:49,-20.0,0.0249999994412065,339.815,2026-09-28 18:44:43,2026-09-28 14:45:04
AAPL,AAPL270115P00005000,AAPL,2027-01-15,P,5.0,0.0,0.0,0.01,1000.0,2.3436,1699.0,0.0,0.0,0.0,0.0,0.0,0.0,0.0001,0.0,0.0,0.0,0.0,no_change,0.01,2026-09-04T09:30:00,0.0,0.00499999988824129,339.815,2026-09-28 18:44:43,2026-09-28 14:45:04
AAPL,AAPL270115P00010000,AAPL,2027-01-15,P,10.0,0.0,0.0,0.01,1000.0,1.9287,143.0,0.0,0.0,0.0,0.0,0.0,0.0,0.0002,0.0,0.0,0.0,0.0,up,0.2,2026-08-05T09:30:02,0.0,0.00499999988824129,339.815,2026-09-28 18:44:43,2026-09-28 14:45:04
AAPL,AAPL270115P00015000,AAPL,2027-01-15,P,15.0,0.0,0.0,0.01,1000.0,1.6948,90.0,0.0,0.0,0.0,0.0,0.0,0.0,0.0004,0.0,0.0,0.0,0.0,no_change,0.01,2026-09-25T14:18:38,0.0,0.00499999988824129,339.815,2026-09-28 18:44:43,2026-09-28 14:45:04
AAPL,AAPL270115P00020000,AAPL,2027-01-15,P,20.0,0.0,0.0,0.01,3000.0,1.5324,4433.0,0.0,0.0,0.0,0.0001,0.0,0.0,0.0006,0.0,0.0,0.0,0.0,no_change,0.01,2026-09-25T14:46:32,0.0,0.00499999988824129,339.815,2026-09-28 18:44:43,2026-09-28 14:45:04
AAPL,AAPL270115P00025000,AAPL,2027-01-15,P,25.0,0.0,0.0,0.02,15.0,1.48,3415.0,0.0,0.0,0.0,0.0001,-0.0001,0.0,0.0008,0.0,0.0,0.0,0.0,down,0.01,2026-09-25T14:20:57,0.0,0.00499999988824129,339.815,2026-09-28 18:44:43,2026-09-28 14:45:04
AAPL,AAPL270115P00030000,AAPL,2027-01-15,P,30.0,0.0,0.0,0.52,231.0,1.8762,47.0,0.0,0.0,0.0,0.0002,-0.0001,0.0,0.0011,0.0,0.0,0.0,0.0,up,0.13,2026-09-25T14:23:09,0.0,0.00499999988824129,339.815,2026-09-28 18:44:43,2026-09-28 14:45:04
AAPL,AAPL270115P00035000,AAPL,2027-01-15,P,35.0,0.0,0.0,0.52,507.0,1.7522,129.0,0.0,0.0,0.0,0.0002,-0.0001,0.0,0.0014,0.0,0.0,0.0,0.0,up,0.23,2026-09-25T15:18:21,0.0,0.25,339.815,2026-09-28 18:44:43,2026-09-28 14:45:04
AAPL,AAPL270115P00040000,AAPL,2027-01-15,P,40.0,0.0,0.0,0.01,1.0,1.1512,1024.0,0.0,0.0,0.0,0.0003,-0.0001,0.0,0.0018,0.0,0.0,0.0,0.0,no_change,0.02,2026-09-11T15:34:48,0.0,0.00499999988824129,339.815,2026-09-28 18:44:43,2026-09-28 14:45:04
AAPL,AAPL270115P00045000,AAPL,2027-01-15,P,45.0,0.0,0.0,0.52,285.0,1.5541,81.0,1.0,0.0,0.0,0.0004,-0.0002,0.0,0.0022,-0.25,0.01,0.01,0.01,down,0.01,2026-09-28T12:19:58,-96.1538,0.259999990463257,339.815,2026-09-28 18:44:43,2026-09-28 14:45:04
AAPL,AAPL270115P00050000,AAPL,2027-01-15,P,50.0,0.0,0.0,0.02,5.0,1.083,2800.0,1.0,-0.0001,0.0,0.0005,-0.0002,-0.0001,0.0028,0.01,0.02,0.02,0.02,up,0.02,2026-09-28T12:19:58,100.0,0.00999999977648258,339.815,2026-09-28 18:44:43,2026-09-28 14:45:04
AAPL,AAPL270115P00060000,AAPL,2027-01-15,P,60.0,0.0,0.0,0.02,9.0,0.9808,1242.0,0.0,-0.0001,0.0,0.0007,-0.0003,-0.0001,0.004,0.0,0.0,0.0,0.0,no_change,0.02,2026-09-21T09:35:57,0.0,0.00999999977648258,339.815,2026-09-28 18:44:43,2026-09-28 14:45:04
AAPL,AAPL270115P00070000,AAPL,2027-01-15,P,70.0,0.0,0.0,0.18,262.0,1.0813,189.0,0.0,-0.0001,0.0,0.001,-0.0004,-0.0001,0.0057,0.0,0.0,0.0,0.0,down,0.03,2026-08-21T15:43:15,0.0,0.0900000035762787,339.815,2026-09-28 18:44:43,2026-09-28 14:45:04
AAPL,AAPL270115P00080000,AAPL,2027-01-15,P,80.0,0.0,0.0,0.01,8.0,0.7815,937.0,0.0,-0.0002,0.0,0.0014,-0.0005,-0.0002,0.0078,0.0,0.0,0.0,0.0,no_change,0.01,2026-09-22T11:54:49,0.0,0.00499999988824129,339.815,2026-09-28 18:44:43,2026-09-28 14:45:04
AAPL,AAPL270115P00085000,AAPL,2027-01-15,P,85.0,0.0,0.0,0.1,1.0,0.8993,361.0,0.0,-0.0002,0.0,0.0017,-0.0006,-0.0003,0.009,0.0,0.0,0.0,0.0,up,0.1,2026-09-17T14:25:29,0.0,0.0500000007450581,339.815,2026-09-28 18:44:43,2026-09-28 14:45:04
AAPL,AAPL270115P00090000,AAPL,2027-01-15,P,90.0,0.0,0.0,0.1,1.0,0.8634,1756.0,0.0,-0.0003,0.0,0.002,-0.0006,-0.0003,0.0104,0.0,0.0,0.0,0.0,up,0.02,2026-09-21T15:10:22,0.0,0.0350000001490116,339.815,2026-09-28 18:44:43,2026-09-28 14:45:04
AAPL,AAPL270115P00095000,AAPL,2027-01-15,P,95.0,0.0,0.0,0.1,1.0,0.8296,928.0,0.0,-0.0003,0.0,0.0023,-0.0007,-0.0004,0.012,0.0,0.0,0.0,0.0,down,0.05,2026-09-24T13:26:16,0.0,0.0500000007450581,339.815,2026-09-28 18:44:43,2026-09-28 14:45:04
AAPL,AAPL270115P00100000,AAPL,2027-01-15,P,100.0,0.01,10.0,0.03,24.0,0.7365,3197.0,0.0,-0.0004,0.0,0.0027,-0.0008,-0.0004,0.0138,0.0,0.0,0.0,0.0,down,0.02,2026-09-24T14:10:30,0.0,0.0199999995529652,339.815,2026-09-28 18:44:43,2026-09-28 14:45:04
AAPL,AAPL270115P00105000,AAPL,2027-01-15,P,105.0,0.0,0.0,0.29,827.0,0.8543,1548.0,0.0,-0.0005,0.0,0.0031,-0.0009,-0.0005,0.0158,0.0,0.0,0.0,0.0,up,0.07,2026-09-25T13:34:09,0.0,0.0999999986961484,339.815,2026-09-28 18:44:43,2026-09-28 14:45:04
AAPL,AAPL270115P00110000,AAPL,2027-01-15,P,110.0,0.01,1.0,0.14,680.0,0.7674,794.0,0.0,-0.0005,0.0,0.0036,-0.001,-0.0006,0.018,0.0,0.0,0.0,0.0,no_change,0.04,2026-09-25T14:14:23,0.0,0.0649999985471368,339.815,2026-09-28 18:44:43,2026-09-28 14:45:04
AAPL,AAPL270115P00115000,AAPL,2027-01-15,P,115.0,0.01,59.0,0.2,766.0,0.7645,799.0,6.0,-0.0006,0.0,0.0041,-0.0011,-0.0006,0.0204,-0.035,0.11,0.11,0.04,no_change,0.08,2026-09-28T13:13:51,-30.4348,0.114999999292195,339.815,2026-09-28 18:44:43,2026-09-28 14:45:04
AAPL,AAPL270115P00120000,AAPL,2027-01-15,P,120.0,0.0,0.0,0.05,66.0,0.643,3116.0,3.0,-0.0007,0.0,0.0047,-0.0012,-0.0008,0.0232,0.015,0.05,0.05,0.05,up,0.05,2026-09-28T12:47:02,42.8571,0.0350000001490116,339.815,2026-09-28 18:44:43,2026-09-28 14:45:04
AAPL,AAPL270115P00125000,AAPL,2027-01-15,P,125.0,0.01,1.0,0.06,59.0,0.6374,850.0,9.0,-0.0008,0.0,0.0053,-0.0014,-0.0009,0.0263,-0.015,0.04,0.04,0.02,no_change,0.02,2026-09-28T11:03:21,-42.8571,0.034999999217689,339.815,2026-09-28 18:44:43,2026-09-28 14:45:04
AAPL,AAPL270115P00130000,AAPL,2027-01-15,P,130.0,0.0,0.0,0.1,470.0,0.6341,4946.0,9.0,-0.0009,0.0,0.0061,-0.0015,-0.001,0.0298,-0.03,0.05,0.05,0.01,no_change,0.02,2026-09-28T11:10:01,-60.0,0.0500000007450581,339.815,2026-09-28 18:44:43,2026-09-28 14:45:04
AAPL,AAPL270115P00135000,AAPL,2027-01-15,P,135.0,0.01,1.0,0.11,509.0,0.6215,1588.0,9.0,-0.0011,0.0,0.0069,-0.0017,-0.0012,0.0337,0.05,0.05,0.11,0.02,up,0.11,2026-09-28T11:18:53,83.3333,0.0599999995902181,339.815,2026-09-28 18:44:43,2026-09-28 14:45:04
AAPL,AAPL270115P00140000,AAPL,2027-01-15,P,140.0,0.02,1.0,0.09,396.0,0.5935,2107.0,1.0,-0.0012,0.0,0.0079,-0.0019,-0.0013,0.0381,-0.005,0.11,0.11,0.11,no_change,0.11,2026-09-28T12:51:39,-4.34783,0.114999999292195,339.815,2026-09-28 18:44:43,2026-09-28 14:45:04
AAPL,AAPL270115P00145000,AAPL,2027-01-15,P,145.0,0.0,0.0,0.33,1089.0,0.6416,8856.0,0.0,-0.0014,0.0,0.0089,-0.0021,-0.0015,0.0431,0.0,0.0,0.0,0.0,up,0.1,2026-09-25T12:14:51,0.0,0.129999999888241,339.815,2026-09-28 18:44:43,2026-09-28 14:45:04
AAPL,AAPL270115P00150000,AAPL,2027-01-15,P,150.0,0.02,1.0,0.1,386.0,0.555,5063.0,3.0,-0.0016,0.0,0.0101,-0.0023,-0.0017,0.0487,0.005,0.1,0.1,0.06,down,0.06,2026-09-28T12:47:50,9.09091,0.0550000006332994,339.815,2026-09-28 18:44:43,2026-09-28 14:45:04
AAPL,AAPL270115P00155000,AAPL,2027-01-15,P,155.0,0.0,0.0,0.1,1.0,0.5249,1240.0,0.0,-0.0019,0.0001,0.0115,-0.0026,-0.002,0.0551,0.0,0.0,0.0,0.0,down,0.07,2026-09-25T11:44:43,0.0,0.0500000007450581,339.815,2026-09-28 18:44:43,2026-09-28 14:45:04
AAPL,AAPL270115P00160000,AAPL,2027-01-15,P,160.0,0.01,73.0,0.09,315.0,0.5052,5372.0,16.0,-0.0022,0.0001,0.0132,-0.0028,-0.0023,0.0624,-0.03,0.05,0.08,0.05,down,0.05,2026-09-28T14:24:14,-37.5,0.0800000000745058,339.815,2026-09-28 18:44:43,2026-09-28 14:45:04
AAPL,AAPL270115P00165000,AAPL,2027-01-15,P,165.0,0.05,2.0,0.12,175.0,0.5126,3802.0,0.0,-0.0025,0.0001,0.0149,-0.0031,-0.0026,0.0709,0.0,0.0,0.0,0.0,up,0.16,2026-09-23T10:08:31,0.0,0.110000001266599,339.815,2026-09-28 18:44:43,2026-09-28 14:45:04
AAPL,AAPL270115P00170000,AAPL,2027-01-15,P,170.0,0.03,5.0,0.12,118.0,0.4868,7670.0,0.0,-0.0029,0.0001,0.0169,-0.0035,-0.003,0.0806,0.0,0.0,0.0,0.0,down,0.07,2026-09-24T10:29:55,0.0,0.0849999971687794,339.815,2026-09-28 18:44:43,2026-09-28 14:45:04
AAPL,AAPL270115P00175000,AAPL,2027-01-15,P,175.0,0.05,2.0,0.14,486.0,0.4799,3626.0,0.0,-0.0033,0.0001,0.0192,-0.0039,-0.0035,0.0917,0.0,0.0,0.0,0.0,down,0.12,2026-09-22T15:31:49,0.0,0.0950000006705522,339.815,2026-09-28 18:44:43,2026-09-28 14:45:04
AAPL,AAPL270115P00180000,AAPL,2027-01-15,P,180.0,0.02,444.0,0.14,365.0,0.453,9077.0,0.0,-0.0038,0.0001,0.022,-0.0043,-0.004,0.1046,0.0,0.0,0.0,0.0,no_change,0.16,2026-09-22T10:07:21,0.0,0.0999999977648258,339.815,2026-09-28 18:44:43,2026-09-28 14:45:04
AAPL,AAPL270115P00185000,AAPL,2027-01-15,P,185.0,0.01,330.0,0.17,148.0,0.4406,5488.0,0.0,-0.0044,0.0001,0.025,-0.0048,-0.0046,0.1197,0.0,0.0,0.0,0.0,down,0.17,2026-09-22T10:58:40,0.0,0.0950000006705522,339.815,2026-09-28 18:44:43,2026-09-28 14:45:04
AAPL,AAPL270115P00190000,AAPL,2027-01-15,P,190.0,0.1,1.0,0.2,609.0,0.4482,7336.0,0.0,-0.0051,0.0002,0.0284,-0.0053,-0.0054,0.1372,0.0,0.0,0.0,0.0,down,0.12,2026-09-25T12:30:06,0.0,0.150000002235174,339.815,2026-09-28 18:44:43,2026-09-28 14:45:04
AAPL,AAPL270115P00195000,AAPL,2027-01-15,P,195.0,0.04,596.0,0.21,479.0,0.4211,5713.0,0.0,-0.006,0.0002,0.0325,-0.0059,-0.0062,0.1574,0.0,0.0,0.0,0.0,down,0.15,2026-09-25T11:57:38,0.0,0.129999998956919,339.815,2026-09-28 18:44:43,2026-09-28 14:45:04
AAPL,AAPL270115P00200000,AAPL,2027-01-15,P,200.0,0.09,411.0,0.22,383.0,0.4143,21277.0,0.0,-0.0069,0.0002,0.0371,-0.0066,-0.0072,0.1803,0.0,0.0,0.0,0.0,up,0.17,2026-09-25T13:46:48,0.0,0.185000002384186,339.815,2026-09-28 18:44:43,2026-09-28 14:45:04
AAPL,AAPL270115P00205000,AAPL,2027-01-15,P,205.0,0.14,281.0,0.25,363.0,0.4084,195.0,0.0,-0.008,0.0003,0.0422,-0.0074,-0.0084,0.2088,0.0,0.0,0.0,0.0,down,0.22,2026-09-24T09:30:06,0.0,0.175000000745058,339.815,2026-09-28 18:44:43,2026-09-28 14:45:04
AAPL,AAPL270115P00210000,AAPL,2027-01-15,P,210.0,0.18,315.0,0.28,416.0,0.3996,15909.0,0.0,-0.0094,0.0003,0.0482,-0.0082,-0.0097,0.241,0.0,0.0,0.0,0.0,down,0.24,2026-09-25T12:27:13,0.0,0.214999996125698,339.815,2026-09-28 18:44:43,2026-09-28 14:45:04
AAPL,AAPL270115P00215000,AAPL,2027-01-15,P,215.0,0.15,628.0,0.31,258.0,0.3824,568.0,0.0,-0.0109,0.0004,0.0554,-0.0092,-0.0114,0.2786,0.0,0.0,0.0,0.0,up,0.27,2026-09-25T14:58:55,0.0,0.240000009536743,339.815,2026-09-28 18:44:43,2026-09-28 14:45:04
AAPL,AAPL270115P00220000,AAPL,2027-01-15,P,220.0,0.25,347.0,0.33,17.0,0.3772,17097.0,4.0,-0.0127,0.0005,0.063,-0.0103,-0.0132,0.3231,0.005,0.29,0.33,0.29,up,0.33,2026-09-28T10:59:26,1.53846,0.325000002980232,339.815,2026-09-28 18:44:43,2026-09-28 14:45:04
AAPL,AAPL270115P00225000,AAPL,2027-01-15,P,225.0,0.3,15.0,0.41,28.0,0.3709,1814.0,0.0,-0.0148,0.0005,0.0717,-0.0115,-0.0153,0.375,0.0,0.0,0.0,0.0,no_change,0.36,2026-09-25T15:03:28,0.0,0.304999992251396,339.815,2026-09-28 18:44:43,2026-09-28 14:45:04
AAPL,AAPL270115P00230000,AAPL,2027-01-15,P,230.0,0.4,65.0,0.48,268.0,0.3655,25525.0,78.0,-0.0173,0.0006,0.0826,-0.0129,-0.018,0.4361,-0.005,0.39,0.43,0.37,no_change,0.41,2026-09-28T14:21:08,-1.20482,0.41499999165535,339.815,2026-09-28 18:44:43,2026-09-28 14:45:04
AAPL,AAPL270115P00235000,AAPL,2027-01-15,P,235.0,0.41,18.0,0.56,44.0,0.3537,1919.0,0.0,-0.0203,0.0007,0.0938,-0.0144,-0.0209,0.5089,0.0,0.0,0.0,0.0,up,0.5,2026-09-25T13:53:52,0.0,0.459999993443489,339.815,2026-09-28 18:44:43,2026-09-28 14:45:04
AAPL,AAPL270115P00240000,AAPL,2027-01-15,P,240.0,0.55,280.0,0.6,82.0,0.3461,59426.0,103.0,-0.0238,0.0009,0.1069,-0.0161,-0.0245,0.5946,-0.025,0.57,0.59,0.57,down,0.57,2026-09-28T13:39:16,-4.20168,0.594999998807907,339.815,2026-09-28 18:44:43,2026-09-28 14:45:04
AAPL,AAPL270115P00245000,AAPL,2027-01-15,P,245.0,0.6,16.0,0.74,28.0,0.3377,4710.0,0.0,-0.0278,0.001,0.1229,-0.018,-0.0289,0.6967,0.0,0.0,0.0,0.0,down,0.7,2026-09-25T14:08:59,0.0,0.729999989271164,339.815,2026-09-28 18:44:43,2026-09-28 14:45:04
AAPL,AAPL270115P00250000,AAPL,2027-01-15,P,250.0,0.78,161.0,0.86,204.0,0.3323,26317.0,71.0,-0.0327,0.0012,0.1393,-0.0202,-0.0336,0.8193,-0.005,0.78,0.84,0.7,no_change,0.8,2026-09-28T14:10:28,-0.621115,0.804999977350235,339.815,2026-09-28 18:44:43,2026-09-28 14:45:04
AAPL,AAPL270115P00255000,AAPL,2027-01-15,P,255.0,0.85,399.0,0.99,61.0,0.3219,5856.0,13.0,-0.0385,0.0014,0.1595,-0.0226,-0.0394,0.9652,-0.015,0.84,0.93,0.84,no_change,0.92,2026-09-28T11:52:35,-1.60428,0.935000002384186,339.815,2026-09-28 18:44:43,2026-09-28 14:45:04
AAPL,AAPL270115P00260000,AAPL,2027-01-15,P,260.0,1.1,127.0,1.14,42.0,0.3165,13130.0,41.0,-0.0453,0.0016,0.1814,-0.0253,-0.0463,1.1417,-0.015,1.09,1.18,1.01,no_change,1.12,2026-09-28T14:29:29,-1.32159,1.13499999046326,339.815,2026-09-28 18:44:43,2026-09-28 14:45:04
AAPL,AAPL270115P00265000,AAPL,2027-01-15,P,265.0,1.23,371.0,1.36,30.0,0.3081,4426.0,11.0,-0.0534,0.0019,0.2059,-0.0282,-0.0543,1.353,0.095,1.72,1.72,1.22,up,1.37,2026-09-28T12:12:31,7.45098,1.27499997615814,339.815,2026-09-28 18:44:43,2026-09-28 14:45:04
AAPL,AAPL270115P00270000,AAPL,2027-01-15,P,270.0,1.54,329.0,1.7,288.0,0.3052,18204.0,27.0,-0.0629,0.0022,0.2348,-0.0315,-0.064,1.6082,0.025,1.5,1.6,1.48,down,1.56,2026-09-28T13:39:16,1.62866,1.53500002622604,339.815,2026-09-28 18:44:43,2026-09-28 14:45:04
AAPL,AAPL270115P00275000,AAPL,2027-01-15,P,275.0,1.81,370.0,1.94,60.0,0.297,7300.0,4.0,-0.0741,0.0025,0.2649,-0.0352,-0.0749,1.9154,-0.055,1.74,1.87,1.74,no_change,1.87,2026-09-28T11:49:22,-2.85714,1.92500001192093,339.815,2026-09-28 18:44:43,2026-09-28 14:45:04
AAPL,AAPL270115P00280000,AAPL,2027-01-15,P,280.0,2.26,58.0,2.36,240.0,0.2938,21144.0,28.0,-0.0871,0.0029,0.3003,-0.039,-0.0881,2.2777,-0.065,2.24,2.34,2.15,down,2.26,2026-09-28T14:29:01,-2.7957,2.32500004768372,339.815,2026-09-28 18:44:43,2026-09-28 14:45:04
AAPL,AAPL270115P00285000,AAPL,2027-01-15,P,285.0,2.58,387.0,2.8,61.0,0.2865,4208.0,4.0,-0.1025,0.0034,0.3361,-0.0434,-0.1026,2.7264,-0.075,2.56,2.65,2.56,up,2.65,2026-09-28T12:01:15,-2.75229,2.72500002384186,339.815,2026-09-28 18:44:43,2026-09-28 14:45:04
AAPL,AAPL270115P00290000,AAPL,2027-01-15,P,290.0,3.15,356.0,3.45,375.0,0.2838,10218.0,16.0,-0.1202,0.0038,0.3776,-0.0478,-0.1204,3.2553,-0.025,3.2,3.25,3.0,up,3.2,2026-09-28T13:10:53,-0.775195,3.22500002384186,339.815,2026-09-28 18:44:43,2026-09-28 14:45:04
AAPL,AAPL270115P00295000,AAPL,2027-01-15,P,295.0,3.8,284.0,4.05,511.0,0.279,11165.0,67.0,-0.1405,0.0044,0.4178,-0.0525,-0.1392,3.8833,-0.05,3.7,3.9,3.7,down,3.8,2026-09-28T13:27:57,-1.2987,3.85000014305115,339.815,2026-09-28 18:44:43,2026-09-28 14:45:04
AAPL,AAPL270115P00300000,AAPL,2027-01-15,P,300.0,4.55,223.0,4.75,262.0,0.2741,15106.0,555.0,-0.1639,0.0049,0.463,-0.0575,-0.1615,4.6453,0.11,4.55,4.7,4.25,no_change,4.66,2026-09-28T14:10:28,2.41758,4.54999995231628,339.815,2026-09-28 18:44:43,2026-09-28 14:45:04
AAPL,AAPL270115P00305000,AAPL,2027-01-15,P,305.0,5.35,367.0,5.7,374.0,0.2701,9004.0,160.0,-0.1895,0.0055,0.5052,-0.0622,-0.1852,5.4946,0.25,5.35,5.7,5.1,up,5.7,2026-09-28T14:26:08,4.58715,5.45000004768372,339.815,2026-09-28 18:44:43,2026-09-28 14:45:04
AAPL,AAPL270115P00310000,AAPL,2027-01-15,P,310.0,6.4,297.0,6.75,430.0,0.2668,25482.0,58.0,-0.2185,0.0061,0.5496,-0.0669,-0.2114,6.5108,0.1,6.49,6.62,6.0,no_change,6.5,2026-09-28T14:28:51,1.5625,6.39999985694885,339.815,2026-09-28 18:44:43,2026-09-28 14:45:04
AAPL,AAPL270115P00315000,AAPL,2027-01-15,P,315.0,7.65,59.0,7.85,318.0,0.2631,14505.0,464.0,-0.2504,0.0066,0.5914,-0.0713,-0.2396,7.6824,0.075,7.13,7.9,7.13,down,7.7,2026-09-28T14:29:28,0.983607,7.625,339.815,2026-09-28 18:44:43,2026-09-28 14:45:04
AAPL,AAPL270115P00320000,AAPL,2027-01-15,P,320.0,8.8,432.0,9.2,184.0,0.2579,11638.0,237.0,-0.2854,0.0072,0.6304,-0.0754,-0.2683,9.0343,0.15,8.75,9.05,8.3,up,9.05,2026-09-28T13:52:47,1.68539,8.90000009536743,339.815,2026-09-28 18:44:43,2026-09-28 14:45:04
AAPL,AAPL270115P00325000,AAPL,2027-01-15,P,325.0,10.45,178.0,10.75,383.0,0.2556,5866.0,222.0,-0.3231,0.0078,0.6668,-0.0789,-0.2999,10.5702,0.275,10.05,10.65,9.75,no_change,10.65,2026-09-28T14:09:28,2.6506,10.375,339.815,2026-09-28 18:44:43,2026-09-28 14:45:04
AAPL,AAPL270115P00330000,AAPL,2027-01-15,P,330.0,12.2,89.0,12.45,191.0,0.2524,5346.0,159.0,-0.3637,0.0083,0.6935,-0.082,-0.331,12.3404,0.15,12.0,12.42,11.4,up,12.3,2026-09-28T14:24:38,1.23457,12.1500000953674,339.815,2026-09-28 18:44:43,2026-09-28 14:45:04
AAPL,AAPL270115P00335000,AAPL,2027-01-15,P,335.0,14.05,180.0,14.6,360.0,0.25,2213.0,56.0,-0.406,0.0087,0.7161,-0.0839,-0.3625,14.2707,0.275,13.55,14.6,13.25,down,14.25,2026-09-28T14:19:06,1.9678,13.9749999046326,339.815,2026-09-28 18:44:43,2026-09-28 14:45:04
AAPL,AAPL270115P00340000,AAPL,2027-01-15,P,340.0,16.35,35.0,16.7,311.0,0.2475,2716.0,575.0,-0.4504,0.0091,0.7295,-0.0852,-0.3926,16.4501,0.225,16.06,16.7,15.35,down,16.45,2026-09-28T14:23:32,1.38675,16.2250003814697,339.815,2026-09-28 18:44:43,2026-09-28 14:45:04
AAPL,AAPL270115P00345000,AAPL,2027-01-15,P,345.0,18.6,148.0,19.1,204.0,0.2436,637.0,77.0,-0.4962,0.0093,0.7339,-0.0854,-0.4182,18.8708,0.425,18.38,18.95,17.9,up,18.95,2026-09-28T14:08:14,2.2942,18.5249996185303,339.815,2026-09-28 18:44:43,2026-09-28 14:45:04
AAPL,AAPL270115P00350000,AAPL,2027-01-15,P,350.0,21.35,119.0,21.7,102.0,0.2415,718.0,90.0,-0.5428,0.0095,0.7278,-0.0848,-0.4448,21.5261,0.325,20.58,21.5,20.0,no_change,21.5,2026-09-28T14:26:25,1.53483,21.1750001907349,339.815,2026-09-28 18:44:43,2026-09-28 14:45:04
AAPL,AAPL270115P00355000,AAPL,2027-01-15,P,355.0,24.05,129.0,24.95,122.0,0.2404,152.0,0.0,-0.5897,0.0095,0.7138,-0.0833,-0.4631,24.4285,0.0,0.0,0.0,0.0,down,23.59,2026-09-25T15:50:24,0.0,24.3499994277954,339.815,2026-09-28 18:44:43,2026-09-28 14:45:04
AAPL,AAPL270115P00360000,AAPL,2027-01-15,P,360.0,26.65,239.0,28.0,70.0,0.2338,204.0,6.0,-0.6362,0.0095,0.6864,-0.081,-0.474,27.5758,0.275,26.05,27.5,26.05,up,27.5,2026-09-28T10:46:07,1.0101,27.2249994277954,339.815,2026-09-28 18:44:43,2026-09-28 14:45:04
AAPL,AAPL270115P00365000,AAPL,2027-01-15,P,365.0,30.45,288.0,31.95,456.0,0.2396,187.0,24.0,-0.6818,0.0093,0.6529,-0.0779,-0.4772,30.9563,0.96,31.06,31.06,31.06,no_change,31.06,2026-09-28T10:54:22,3.18937,30.0999994277954,339.815,2026-09-28 18:44:43,2026-09-28 14:45:04
AAPL,AAPL270115P00370000,AAPL,2027-01-15,P,370.0,34.05,311.0,35.3,385.0,0.2361,209.0,2.0,-0.726,0.0091,0.6076,-0.0744,-0.4763,34.577,-0.355,34.1,34.1,34.07,down,34.07,2026-09-28T12:06:00,-1.03123,34.4249992370606,339.815,2026-09-28 18:44:43,2026-09-28 14:45:04
AAPL,AAPL270115P00375000,AAPL,2027-01-15,P,375.0,37.95,266.0,39.7,428.0,0.2408,30.0,0.0,-0.7684,0.0088,0.5501,-0.0704,-0.4554,38.413,0.0,0.0,0.0,0.0,no_change,38.2,2026-09-25T14:53:13,0.0,38.125,339.815,2026-09-28 18:44:43,2026-09-28 14:45:04
AAPL,AAPL270115P00380000,AAPL,2027-01-15,P,380.0,41.95,103.0,43.6,356.0,0.2389,17.0,0.0,-0.8085,0.0084,0.4967,-0.0664,-0.4379,42.4542,0.0,0.0,0.0,0.0,up,44.6,2026-09-24T14:30:07,0.0,41.7250003814697,339.815,2026-09-28 18:44:43,2026-09-28 14:45:04
AAPL,AAPL270115P00385000,AAPL,2027-01-15,P,385.0,46.15,103.0,47.5,331.0,0.235,5.0,0.0,-0.8464,0.008,0.4225,-0.0618,-0.3974,46.6929,0.0,0.0,0.0,0.0,no_change,66.05,2026-09-10T10:07:39,0.0,46.3500003814697,339.815,2026-09-28 18:44:43,2026-09-28 14:45:04
AAPL,AAPL270115P00390000,AAPL,2027-01-15,P,390.0,50.65,92.0,52.1,340.0,0.2392,37.0,0.0,-0.8817,0.0077,0.36,-0.0565,-0.3468,51.0937,0.0,0.0,0.0,0.0,down,51.3,2026-09-25T12:05:13,0.0,50.875,339.815,2026-09-28 18:44:43,2026-09-28 14:45:04
AAPL,AAPL270115P00395000,AAPL,2027-01-15,P,395.0,55.1,38.0,56.6,174.0,0.2379,0.0,0.0,-0.9152,0.0074,0.2743,-0.0535,-0.2845,55.6664,0.0,0.0,0.0,0.0,down,91.63,2026-07-31T10:46:17,0.0,55.2250003814697,339.815,2026-09-28 18:44:43,2026-09-28 14:45:04
AAPL,AAPL270115P00400000,AAPL,2027-01-15,P,400.0,59.35,77.0,60.8,30.0,0.0,11.0,0.0,-0.9471,0.0074,0.2022,-0.0548,-0.2017,60.3685,0.0,0.0,0.0,0.0,up,62.5,2026-09-24T09:59:53,0.0,59.7250003814697,339.815,2026-09-28 18:44:43,2026-09-28 14:45:04
AAPL,AAPL270115P00410000,AAPL,2027-01-15,P,410.0,69.15,10.0,71.1,130.0,0.0,1.0,0.0,-0.99,0.0026,0.0159,-0.0499,0.0,70.1846,0.0,0.0,0.0,0.0,down,94.0,2026-09-08T15:32:36,0.0,69.7249984741211,339.815,2026-09-28 18:44:43,2026-09-28 14:45:04
AAPL,AAPL270115P00420000,AAPL,2027-01-15,P,420.0,79.0,10.0,81.15,88.0,0.0,0.0,0.0,-1.0,0.0,0.0,-0.0499,0.0,80.1846,0.0,0.0,0.0,0.0,no_change,81.55,2026-07-28T13:36:16,0.0,79.8249969482422,339.815,2026-09-28 18:44:43,2026-09-28 14:45:04
AAPL,AAPL270115P00430000,AAPL,2027-01-15,P,430.0,89.0,11.0,90.75,82.0,0.0,0.0,0.0,-1.0,0.0,0.0,-0.0499,0.0,90.1846,0.0,0.0,0.0,0.0,no_change,124.69,2026-08-03T14:57:33,0.0,89.5499992370606,339.815,2026-09-28 18:44:43,2026-09-28 14:45:04
AAPL,AAPL270115P00440000,AAPL,2027-01-15,P,440.0,98.85,11.0,101.4,90.0,0.0,0.0,0.0,-1.0,0.0,0.0,-0.0499,0.0,100.1846,0.0,0.0,0.0,0.0,down,103.35,2026-09-24T09:30:06,0.0,99.5499992370606,339.815,2026-09-28 18:44:43,2026-09-28 14:45:04
AAPL,AAPL270115P00450000,AAPL,2027-01-15,P,450.0,109.0,9.0,111.4,89.0,0.3304,0.0,0.0,-1.0,0.0,0.0,-0.0499,0.0,110.1846,0.0,0.0,0.0,0.0,up,245.9,2025-06-09T12:26:33,0.0,109.625,339.815,2026-09-28 18:44:43,2026-09-28 14:45:04
AAPL,AAPL270115P00460000,AAPL,2027-01-15,P,460.0,118.85,11.0,121.1,89.0,0.0,0.0,0.0,-1.0,0.0,0.0,-0.0499,0.0,120.1846,0.0,0.0,0.0,0.0,no_change,0.0,,0.0,119.625,339.815,2026-09-28 18:44:43,2026-09-28 14:45:04
AAPL,AAPL270115P00470000,AAPL,2027-01-15,P,470.0,129.0,11.0,131.4,89.0,0.3708,0.0,0.0,-1.0,0.0,0.0,-0.0499,0.0,130.1846,0.0,0.0,0.0,0.0,no_change,0.0,,0.0,129.549999237061,339.815,2026-09-28 18:44:43,2026-09-28 14:45:04
AAPL,AAPL270115P00480000,AAPL,2027-01-15,P,480.0,138.85,7.0,141.4,89.0,0.0,0.0,0.0,-1.0,0.0,0.0,-0.0499,0.0,140.1846,0.0,0.0,0.0,0.0,no_change,0.0,,0.0,139.599998474121,339.815,2026-09-28 18:44:43,2026-09-28 14:45:04
AAPL,AAPL270115P00490000,AAPL,2027-01-15,P,490.0,148.85,9.0,151.4,89.0,0.0,0.0,0.0,-1.0,0.0,0.0,-0.0499,0.0,150.1846,0.0,0.0,0.0,0.0,no_change,0.0,,0.0,149.549995422363,339.815,2026-09-28 18:44:43,2026-09-28 14:45:04
AAPL,AAPL270115P00500000,AAPL,2027-01-15,P,500.0,158.85,7.0,161.4,89.0,0.0,0.0,0.0,-1.0,0.0,0.0,-0.0499,0.0,160.1846,0.0,0.0,0.0,0.0,no_change,0.0,,0.0,159.449996948242,339.815,2026-09-28 18:44:43,2026-09-28 14:45:04
AAPL,AAPL270115P00510000,AAPL,2027-01-15,P,510.0,168.85,10.0,171.4,89.0,0.0,0.0,0.0,-1.0,0.0,0.0,-0.0499,0.0,170.1846,0.0,0.0,0.0,0.0,no_change,0.0,,0.0,169.549995422363,339.815,2026-09-28 18:44:43,2026-09-28 14:45:04
AAPL,AAPL270115P00520000,AAPL,2027-01-15,P,520.0,179.0,9.0,181.4,89.0,0.4626,0.0,0.0,-1.0,0.0,0.0,-0.0499,0.0,180.1846,0.0,0.0,0.0,0.0,no_change,0.0,,0.0,179.549995422363,339.815,2026-09-28 18:44:43,2026-09-28 14:45:04
AAPL,AAPL270115P00530000,AAPL,2027-01-15,P,530.0,188.9,7.0,191.4,89.0,0.0,0.0,0.0,-1.0,0.0,0.0,-0.0499,0.0,190.1846,0.0,0.0,0.0,0.0,up,260.32,2025-11-19T09:49:13,0.0,189.574996948242,339.815,2026-09-28 18:44:43,2026-09-28 14:45:04
AAPL,AAPL270115P00540000,AAPL,2027-01-15,P,540.0,198.85,10.0,201.4,89.0,0.0,0.0,0.0,-1.0,0.0,0.0,-0.0499,0.0,200.1846,0.0,0.0,0.0,0.0,no_change,0.0,,0.0,199.574996948242,339.815,2026-09-28 18:44:43,2026-09-28 14:45:04
AAPL,AAPL270115P00550000,AAPL,2027-01-15,P,550.0,209.0,9.0,211.35,89.0,0.0,0.0,0.0,-1.0,0.0,0.0,-0.0499,0.0,210.1846,0.0,0.0,0.0,0.0,down,274.35,2025-12-24T12:56:42,0.0,209.549995422363,339.815,2026-09-28 18:44:43,2026-09-28 14:45:04
AAPL,AAPL270115P00560000,AAPL,2027-01-15,P,560.0,218.95,10.0,221.4,89.0,0.0,0.0,0.0,-1.0,0.0,0.0,-0.0499,0.0,220.1846,0.0,0.0,0.0,0.0,no_change,0.0,,0.0,219.549995422363,339.815,2026-09-28 18:44:43,2026-09-28 14:45:04
AAPL,AAPL270115P00570000,AAPL,2027-01-15,P,570.0,228.95,10.0,231.4,89.0,0.0,0.0,0.0,-1.0,0.0,0.0,-0.0499,0.0,230.1846,0.0,0.0,0.0,0.0,no_change,0.0,,0.0,229.625,339.815,2026-09-28 18:44:43,2026-09-28 14:45:04
AAPL,AAPL270115P00580000,AAPL,2027-01-15,P,580.0,239.0,9.0,241.4,87.0,0.5595,0.0,0.0,-1.0,0.0,0.0,-0.0499,0.0,240.1846,0.0,0.0,0.0,0.0,no_change,0.0,,0.0,239.599998474121,339.815,2026-09-28 18:44:43,2026-09-28 14:45:04
AAPL,AAPL270115P00590000,AAPL,2027-01-15,P,590.0,248.95,11.0,251.4,89.0,0.0,0.0,0.0,-1.0,0.0,0.0,-0.0499,0.0,250.1846,0.0,0.0,0.0,0.0,no_change,0.0,,0.0,249.574996948242,339.815,2026-09-28 18:44:43,2026-09-28 14:45:04
AAPL,AAPL270115P00600000,AAPL,2027-01-15,P,600.0,258.95,10.0,261.1,89.0,0.0,0.0,0.0,-1.0,0.0,0.0,-0.0499,0.0,260.1846,0.0,0.0,0.0,0.0,down,274.25,2026-07-20T11:34:53,0.0,259.625,339.815,2026-09-28 18:44:43,2026-09-28 14:45:04
AAPL,AAPL270219C00005000,AAPL,2027-02-19,C,5.0,333.1,77.0,336.9,6.0,2.8048,0.0,0.0,1.0,0.0,0.0,0.0,0.0057,334.9667,0.0,0.0,0.0,0.0,no_change,299.6,2026-06-08T14:33:34,0.0,335.449996948242,339.815,2026-09-28 18:44:43,2026-09-28 14:45:04
AAPL,AAPL270219C00010000,AAPL,2027-02-19,C,10.0,328.1,86.0,331.9,6.0,1.9897,0.0,0.0,1.0,0.0,0.0,0.0,0.0115,329.9926,0.0,0.0,0.0,0.0,no_change,0.0,,0.0,330.600006103516,339.815,2026-09-28 18:44:43,2026-09-28 14:45:04
AAPL,AAPL270219C00015000,AAPL,2027-02-19,C,15.0,323.2,88.0,327.0,6.0,1.9838,0.0,0.0,1.0,0.0,0.0,0.0,0.0176,325.0187,0.0,0.0,0.0,0.0,no_change,0.0,,0.0,325.599990844727,339.815,2026-09-28 18:44:43,2026-09-28 14:45:04
AAPL,AAPL270219C00020000,AAPL,2027-02-19,C,20.0,318.25,86.0,322.05,6.0,1.7476,2.0,0.0,1.0,0.0,0.0001,0.0,0.0548,320.0534,0.0,0.0,0.0,0.0,up,319.94,2026-07-28T15:40:21,0.0,320.700012207031,339.815,2026-09-28 18:44:43,2026-09-28 14:45:04
AAPL,AAPL270219C00025000,AAPL,2027-02-19,C,25.0,313.55,80.0,317.15,10.0,1.7427,0.0,0.0,1.0,0.0,0.0003,0.0,0.0898,315.1363,0.0,0.0,0.0,0.0,no_change,0.0,,0.0,315.724990844727,339.815,2026-09-28 18:44:43,2026-09-28 14:45:04
AAPL,AAPL270219C00030000,AAPL,2027-02-19,C,30.0,308.4,86.0,312.25,6.0,1.49,0.0,0.0,1.0,0.0,0.0004,0.0,0.1076,310.2218,0.0,0.0,0.0,0.0,no_change,0.0,,0.0,310.774993896484,339.815,2026-09-28 18:44:43,2026-09-28 14:45:04
AAPL,AAPL270219C00035000,AAPL,2027-02-19,C,35.0,303.5,86.0,307.3,7.0,1.3774,0.0,0.0,1.0,0.0,0.0005,0.0,0.1255,305.3074,0.0,0.0,0.0,0.0,no_change,0.0,,0.0,305.975006103516,339.815,2026-09-28 18:44:43,2026-09-28 14:45:04
AAPL,AAPL270219C00040000,AAPL,2027-02-19,C,40.0,298.6,86.0,302.4,6.0,1.3134,0.0,0.0,1.0,0.0,0.0006,0.0,0.1434,300.3932,0.0,0.0,0.0,0.0,no_change,0.0,,0.0,301.050003051758,339.815,2026-09-28 18:44:43,2026-09-28 14:45:04
AAPL,AAPL270219C00045000,AAPL,2027-02-19,C,45.0,293.8,76.0,297.5,6.0,1.3037,0.0,0.0,1.0,0.0,0.0008,0.0,0.1613,295.4791,0.0,0.0,0.0,0.0,no_change,0.0,,0.0,296.099990844727,339.815,2026-09-28 18:44:43,2026-09-28 14:45:04
AAPL,AAPL270219C00050000,AAPL,2027-02-19,C,50.0,288.75,86.0,292.6,6.0,1.1796,0.0,0.0,1.0,0.0,0.001,0.0,0.1792,290.5651,0.0,0.0,0.0,0.0,no_change,0.0,,0.0,291.199996948242,339.815,2026-09-28 18:44:43,2026-09-28 14:45:04
AAPL,AAPL270219C00055000,AAPL,2027-02-19,C,55.0,283.85,93.0,287.65,5.0,1.1104,19.0,0.0,1.0,0.0,0.0013,0.0,0.197,285.6514,0.0,0.0,0.0,0.0,up,278.59,2026-09-16T12:10:43,0.0,286.299987792969,339.815,2026-09-28 18:44:43,2026-09-28 14:45:04
AAPL,AAPL270219C00060000,AAPL,2027-02-19,C,60.0,279.15,76.0,282.75,6.0,1.1463,0.0,0.0,1.0,0.0,0.0015,0.0,0.2149,280.7378,0.0,0.0,0.0,0.0,no_change,0.0,,0.0,281.375,339.815,2026-09-28 18:44:43,2026-09-28 14:45:04
AAPL,AAPL270219C00065000,AAPL,2027-02-19,C,65.0,274.0,93.0,277.85,6.0,1.0138,20.0,0.0,1.0,0.0,0.0019,0.0,0.2327,275.8243,0.0,0.0,0.0,0.0,up,244.67,2026-06-05T15:46:18,0.0,276.425003051758,339.815,2026-09-28 18:44:43,2026-09-28 14:45:04
AAPL,AAPL270219C00070000,AAPL,2027-02-19,C,70.0,269.1,86.0,272.9,5.0,0.9598,36.0,0.0,1.0,0.0,0.0022,0.0,0.2506,270.9111,0.0,0.0,0.0,0.0,up,239.85,2026-06-05T15:45:59,0.0,271.524993896484,339.815,2026-09-28 18:44:43,2026-09-28 14:45:04
AAPL,AAPL270219C00075000,AAPL,2027-02-19,C,75.0,264.15,86.0,268.0,6.0,0.9091,36.0,0.0,1.0,0.0,0.0026,0.0,0.2684,265.9982,0.0,0.0,0.0,0.0,up,234.84,2026-06-05T15:44:16,0.0,266.625,339.815,2026-09-28 18:44:43,2026-09-28 14:45:04
AAPL,AAPL270219C00080000,AAPL,2027-02-19,C,80.0,259.55,76.0,263.1,11.0,0.9763,62.0,0.0,1.0,0.0,0.003,0.0,0.2862,261.0854,0.0,0.0,0.0,0.0,up,235.37,2026-08-31T13:32:44,0.0,261.725006103516,339.815,2026-09-28 18:44:43,2026-09-28 14:45:04
AAPL,AAPL270219C00085000,AAPL,2027-02-19,C,85.0,254.35,99.0,258.15,7.0,0.8402,69.0,0.0,1.0,0.0,0.0036,0.0,0.3042,256.1729,0.0,0.0,0.0,0.0,up,225.21,2026-06-05T15:45:00,0.0,256.800003051758,339.815,2026-09-28 18:44:43,2026-09-28 14:45:04
AAPL,AAPL270219C00090000,AAPL,2027-02-19,C,90.0,249.7,89.0,253.3,7.0,0.9014,35.0,0.0,0.9999,0.0,0.0042,0.0,0.322,251.2608,0.0,0.0,0.0,0.0,up,245.75,2026-09-11T13:24:30,0.0,251.875,339.815,2026-09-28 18:44:43,2026-09-28 14:45:04
AAPL,AAPL270219C00095000,AAPL,2027-02-19,C,95.0,244.8,76.0,248.05,1.0,0.7791,36.0,0.0,0.9998,0.0,0.0047,0.0,0.3397,246.3489,0.0,0.0,0.0,0.0,up,215.55,2026-06-05T15:16:00,0.0,246.974998474121,339.815,2026-09-28 18:44:43,2026-09-28 14:45:04
AAPL,AAPL270219C00100000,AAPL,2027-02-19,C,100.0,239.75,78.0,243.45,6.0,0.8027,35.0,0.0,0.9998,0.0,0.0054,0.0,0.3575,241.4374,0.0,0.0,0.0,0.0,no_change,214.06,2026-06-08T09:43:33,0.0,242.075004577637,339.815,2026-09-28 18:44:43,2026-09-28 14:45:04
AAPL,AAPL270219C00105000,AAPL,2027-02-19,C,105.0,234.65,86.0,238.5,6.0,0.7046,56.0,0.0,0.9996,0.0,0.0063,0.0,0.3755,236.5263,0.0,0.0,0.0,0.0,up,209.44,2026-06-08T09:43:16,0.0,237.125,339.815,2026-09-28 18:44:43,2026-09-28 14:45:04
AAPL,AAPL270219C00110000,AAPL,2027-02-19,C,110.0,229.8,78.0,233.6,6.0,0.7066,56.0,0.0,0.9995,0.0,0.0072,0.0,0.3932,231.6157,0.0,0.0,0.0,0.0,no_change,204.53,2026-06-08T09:42:50,0.0,232.275001525879,339.815,2026-09-28 18:44:43,2026-09-28 14:45:04
AAPL,AAPL270219C00115000,AAPL,2027-02-19,C,115.0,225.15,76.0,228.65,7.0,0.7335,54.0,0.0,0.9994,0.0,0.0081,0.0,0.4109,226.7055,0.0,0.0,0.0,0.0,down,178.38,2026-06-10T10:17:21,0.0,227.350006103516,339.815,2026-09-28 18:44:43,2026-09-28 14:45:04
AAPL,AAPL270219C00120000,AAPL,2027-02-19,C,120.0,220.2,89.0,223.8,6.0,0.7117,40.0,0.0,0.9992,0.0,0.0093,0.0,0.4286,221.7958,0.0,0.0,0.0,0.0,down,185.94,2026-08-17T13:09:52,0.0,222.424995422363,339.815,2026-09-28 18:44:43,2026-09-28 14:45:04
AAPL,AAPL270219C00125000,AAPL,2027-02-19,C,125.0,215.0,96.0,218.85,7.0,0.6123,82.0,0.0,0.999,0.0,0.0105,0.0,0.4466,216.8868,0.0,0.0,0.0,0.0,up,204.36,2026-09-01T11:56:07,0.0,217.550003051758,339.815,2026-09-28 18:44:43,2026-09-28 14:45:04
AAPL,AAPL270219C00130000,AAPL,2027-02-19,C,130.0,210.1,96.0,213.95,5.0,0.599,89.0,0.0,0.9988,0.0,0.0118,0.0,0.4643,211.9784,0.0,0.0,0.0,0.0,up,199.32,2026-09-01T12:28:54,0.0,212.550003051758,339.815,2026-09-28 18:44:43,2026-09-28 14:45:04
AAPL,AAPL270219C00135000,AAPL,2027-02-19,C,135.0,205.2,96.0,209.05,7.0,0.5851,50.0,0.0,0.9986,0.0,0.0134,0.0,0.4821,207.0707,0.0,0.0,0.0,0.0,down,176.61,2026-06-05T15:21:12,0.0,207.650001525879,339.815,2026-09-28 18:44:43,2026-09-28 14:45:04
AAPL,AAPL270219C00140000,AAPL,2027-02-19,C,140.0,200.35,79.0,204.1,6.0,0.5708,68.0,0.0,0.9983,0.0001,0.0151,0.0,0.5,202.164,0.0,0.0,0.0,0.0,down,187.73,2026-09-02T09:51:34,0.0,202.800003051758,339.815,2026-09-28 18:44:43,2026-09-28 14:45:04
AAPL,AAPL270219C00145000,AAPL,2027-02-19,C,145.0,195.75,86.0,198.65,11.0,0.4693,71.0,0.0,0.998,0.0001,0.017,0.0,0.52,197.2583,0.0,0.0,0.0,0.0,up,173.08,2026-08-31T11:52:49,0.0,198.199996948242,339.815,2026-09-28 18:44:43,2026-09-28 14:45:04
AAPL,AAPL270219C00150000,AAPL,2027-02-19,C,150.0,190.8,86.0,193.75,11.0,0.4316,71.0,0.0,0.9976,0.0001,0.0191,0.0,0.5783,192.3553,0.0,0.0,0.0,0.0,up,177.79,2026-09-01T11:27:13,0.0,193.25,339.815,2026-09-28 18:44:43,2026-09-28 14:45:04
AAPL,AAPL270219C00155000,AAPL,2027-02-19,C,155.0,185.95,84.0,188.85,10.0,0.4574,49.0,0.0,0.9972,0.0001,0.0214,0.0,0.6081,187.4596,0.0,0.0,0.0,0.0,up,173.14,2026-09-01T11:31:03,0.0,187.949996948242,339.815,2026-09-28 18:44:43,2026-09-28 14:45:04
AAPL,AAPL270219C00160000,AAPL,2027-02-19,C,160.0,181.0,84.0,183.95,10.0,0.4201,77.0,0.0,0.9968,0.0001,0.024,0.0,0.6277,182.5665,0.0,0.0,0.0,0.0,no_change,179.52,2026-09-23T14:46:49,0.0,183.074996948242,339.815,2026-09-28 18:44:43,2026-09-28 14:45:04
AAPL,AAPL270219C00165000,AAPL,2027-02-19,C,165.0,176.15,127.0,179.05,10.0,0.4328,572.0,0.0,0.9963,0.0001,0.027,0.0,0.6467,177.6753,0.0,0.0,0.0,0.0,up,153.48,2026-08-19T14:39:19,0.0,178.275001525879,339.815,2026-09-28 18:44:43,2026-09-28 14:45:04
AAPL,AAPL270219C00170000,AAPL,2027-02-19,C,170.0,171.25,86.0,174.15,10.0,0.4203,41.0,0.0,0.9957,0.0001,0.0303,0.0,0.6656,172.7861,0.0,0.0,0.0,0.0,up,146.7,2026-08-24T10:56:01,0.0,173.275001525879,339.815,2026-09-28 18:44:43,2026-09-28 14:45:04
AAPL,AAPL270219C00175000,AAPL,2027-02-19,C,175.0,166.75,94.0,169.3,24.0,0.4812,80.0,10.0,0.9951,0.0002,0.034,0.0,0.6844,167.8993,2.0,170.35,170.35,170.35,no_change,170.35,2026-09-28T10:07:43,1.188,168.349998474121,339.815,2026-09-28 18:44:43,2026-09-28 14:45:04
AAPL,AAPL270219C00180000,AAPL,2027-02-19,C,180.0,161.45,85.0,164.4,10.0,0.4072,26.0,0.0,0.9943,0.0002,0.0383,0.0,0.7031,163.0154,0.0,0.0,0.0,0.0,up,156.35,2026-09-17T10:50:52,0.0,163.5,339.815,2026-09-28 18:44:43,2026-09-28 14:45:04
AAPL,AAPL270219C00185000,AAPL,2027-02-19,C,185.0,156.65,84.0,159.55,10.0,0.4187,21.0,0.0,0.9934,0.0002,0.0432,0.0,0.7215,158.1351,0.0,0.0,0.0,0.0,up,150.35,2026-07-17T12:15:04,0.0,158.650001525879,339.815,2026-09-28 18:44:43,2026-09-28 14:45:04
AAPL,AAPL270219C00190000,AAPL,2027-02-19,C,190.0,151.5,86.0,154.65,10.0,0.3575,48.0,0.0,0.9924,0.0002,0.0487,0.0,0.7397,153.2591,0.0,0.0,0.0,0.0,down,128.22,2026-09-09T13:03:30,0.0,153.849998474121,339.815,2026-09-28 18:44:43,2026-09-28 14:45:04
AAPL,AAPL270219C00195000,AAPL,2027-02-19,C,195.0,147.25,87.0,149.8,13.0,0.4316,9.0,0.0,0.9912,0.0003,0.055,0.0,0.7577,148.3882,0.0,0.0,0.0,0.0,down,134.9,2026-07-22T12:53:51,0.0,149.025001525879,339.815,2026-09-28 18:44:43,2026-09-28 14:45:04
AAPL,AAPL270219C00200000,AAPL,2027-02-19,C,200.0,142.5,370.0,144.9,30.0,0.4254,467.0,0.0,0.9898,0.0003,0.0622,0.0,0.7754,143.5233,0.0,0.0,0.0,0.0,up,142.2,2026-09-24T13:15:16,0.0,144.225006103516,339.815,2026-09-28 18:44:43,2026-09-28 14:45:04
AAPL,AAPL270219C00210000,AAPL,2027-02-19,C,210.0,132.45,94.0,135.2,13.0,0.3836,42.0,0.0,0.9862,0.0004,0.0799,0.0,0.8097,133.8169,0.0,0.0,0.0,0.0,no_change,129.72,2026-09-17T12:06:14,0.0,134.600006103516,339.815,2026-09-28 18:44:43,2026-09-28 14:45:04
AAPL,AAPL270219C00220000,AAPL,2027-02-19,C,220.0,122.95,525.0,125.55,36.0,0.3767,499.0,0.0,0.9812,0.0006,0.103,0.0,0.8419,124.1515,0.0,0.0,0.0,0.0,no_change,121.39,2026-09-23T10:27:15,0.0,125.275001525879,339.815,2026-09-28 18:44:43,2026-09-28 14:45:04
AAPL,AAPL270219C00230000,AAPL,2027-02-19,C,230.0,113.65,349.0,115.9,120.0,0.3699,187.0,0.0,0.9745,0.0008,0.1323,-0.0032,0.8715,114.5435,0.0,0.0,0.0,0.0,down,112.4,2026-09-24T12:11:36,0.0,114.950000762939,339.815,2026-09-28 18:44:43,2026-09-28 14:45:04
AAPL,AAPL270219C00240000,AAPL,2027-02-19,C,240.0,104.0,378.0,106.4,231.0,0.3509,109.0,17.0,0.9654,0.0011,0.1694,-0.0079,0.8975,105.0144,0.225,105.7,105.7,105.7,up,105.7,2026-09-28T12:45:23,0.213319,105.475002288818,339.815,2026-09-28 18:44:43,2026-09-28 14:45:04
AAPL,AAPL270219C00250000,AAPL,2027-02-19,C,250.0,94.95,363.0,96.95,246.0,0.3444,556.0,10.0,0.9531,0.0014,0.2156,-0.0134,0.9188,95.5923,0.55,96.74,96.74,96.47,up,96.5,2026-09-28T12:49:38,0.573214,95.9500007629394,339.815,2026-09-28 18:44:43,2026-09-28 14:45:04
AAPL,AAPL270219C00260000,AAPL,2027-02-19,C,260.0,85.75,204.0,86.8,25.0,0.3157,746.0,0.0,0.9369,0.0018,0.2714,-0.0196,0.9341,86.3148,0.0,0.0,0.0,0.0,down,81.61,2026-09-25T10:15:13,0.0,86.5,339.815,2026-09-28 18:44:43,2026-09-28 14:45:04
AAPL,AAPL270219C00270000,AAPL,2027-02-19,C,270.0,76.95,48.0,78.25,200.0,0.3182,296.0,0.0,0.9157,0.0024,0.3369,-0.0267,0.942,77.2298,0.0,0.0,0.0,0.0,down,72.73,2026-09-25T10:11:45,0.0,77.6999969482422,339.815,2026-09-28 18:44:43,2026-09-28 14:45:04
AAPL,AAPL270219C00280000,AAPL,2027-02-19,C,280.0,67.45,358.0,69.6,207.0,0.3013,866.0,0.0,0.8886,0.003,0.4114,-0.0344,0.9407,68.3961,0.0,0.0,0.0,0.0,up,68.57,2026-09-25T14:16:15,0.0,68.5999984741211,339.815,2026-09-28 18:44:43,2026-09-28 14:45:04
AAPL,AAPL270219C00290000,AAPL,2027-02-19,C,290.0,59.4,39.0,60.05,21.0,0.2866,1936.0,0.0,0.8547,0.0037,0.4931,-0.0425,0.9285,59.8827,0.0,0.0,0.0,0.0,down,56.6,2026-09-24T11:49:18,0.0,60.7000007629394,339.815,2026-09-28 18:44:43,2026-09-28 14:45:04
AAPL,AAPL270219C00300000,AAPL,2027-02-19,C,300.0,51.45,92.0,52.15,22.0,0.2829,2602.0,8.0,0.8132,0.0044,0.5781,-0.0506,0.9044,51.7667,-0.925,53.39,53.39,51.7,down,51.7,2026-09-28T13:57:40,-1.75772,52.625,339.815,2026-09-28 18:44:43,2026-09-28 14:45:04
AAPL,AAPL270219C00310000,AAPL,2027-02-19,C,310.0,43.65,319.0,45.2,567.0,0.2799,1579.0,114.0,0.7638,0.0052,0.6613,-0.0582,0.8675,44.1285,0.75,45.72,45.72,45.65,down,45.65,2026-09-28T09:40:15,1.67038,44.8999996185303,339.815,2026-09-28 18:44:43,2026-09-28 14:45:04
AAPL,AAPL270219C00320000,AAPL,2027-02-19,C,320.0,36.4,431.0,37.95,451.0,0.2709,3480.0,5.0,0.707,0.006,0.7363,-0.0647,0.8181,37.0472,-0.2,38.45,38.45,36.65,up,37.45,2026-09-28T13:11:31,-0.531208,37.6499996185303,339.815,2026-09-28 18:44:43,2026-09-28 14:45:04
AAPL,AAPL270219C00330000,AAPL,2027-02-19,C,330.0,30.2,167.0,30.65,38.0,0.2614,4989.0,5.0,0.6436,0.0066,0.7967,-0.0697,0.7569,30.5946,0.4,31.69,31.85,30.5,up,31.45,2026-09-28T11:42:21,1.28824,31.0500001907349,339.815,2026-09-28 18:44:43,2026-09-28 14:45:04
AAPL,AAPL270219C00340000,AAPL,2027-02-19,C,340.0,24.45,444.0,25.25,545.0,0.2587,4426.0,41.0,0.575,0.0071,0.8364,-0.0726,0.6861,24.829,-0.525,26.09,26.18,24.68,down,24.85,2026-09-28T14:27:26,-2.06897,25.375,339.815,2026-09-28 18:44:43,2026-09-28 14:45:04
AAPL,AAPL270219C00350000,AAPL,2027-02-19,C,350.0,19.65,80.0,20.1,579.0,0.2552,5074.0,51.0,0.5034,0.0073,0.8511,-0.0731,0.608,19.7671,-0.475,20.5,21.4,19.6,up,19.85,2026-09-28T14:11:17,-2.33702,20.3249998092651,339.815,2026-09-28 18:44:43,2026-09-28 14:45:04
AAPL,AAPL270219C00360000,AAPL,2027-02-19,C,360.0,15.3,271.0,15.75,301.0,0.2506,3783.0,28.0,0.4317,0.0073,0.839,-0.0712,0.5268,15.4731,-0.275,16.02,16.27,15.7,down,15.7,2026-09-28T13:15:45,-1.72144,15.9749999046326,339.815,2026-09-28 18:44:43,2026-09-28 14:45:04
AAPL,AAPL270219C00370000,AAPL,2027-02-19,C,370.0,11.75,600.0,12.15,205.0,0.2474,8301.0,2671.0,0.3625,0.0071,0.8016,-0.0673,0.4462,11.9094,-0.35,12.9,12.9,11.9,down,12.05,2026-09-28T13:31:30,-2.82258,12.4000000953674,339.815,2026-09-28 18:44:43,2026-09-28 14:45:04
AAPL,AAPL270219C00380000,AAPL,2027-02-19,C,380.0,8.9,314.0,9.3,624.0,0.2454,3079.0,37.0,0.2983,0.0066,0.743,-0.0617,0.3697,9.0305,0.095,9.75,9.75,9.35,down,9.47,2026-09-28T12:36:24,1.01333,9.375,339.815,2026-09-28 18:44:43,2026-09-28 14:45:04
AAPL,AAPL270219C00390000,AAPL,2027-02-19,C,390.0,6.65,306.0,7.0,605.0,0.2437,1837.0,14.0,0.2413,0.006,0.6702,-0.0552,0.3006,6.7776,-0.27,7.35,7.35,6.83,no_change,6.83,2026-09-28T13:31:32,-3.80282,7.10000014305115,339.815,2026-09-28 18:44:43,2026-09-28 14:45:04
AAPL,AAPL270219C00400000,AAPL,2027-02-19,C,400.0,4.9,483.0,5.2,571.0,0.2424,6937.0,36.0,0.1919,0.0053,0.5892,-0.0481,0.24,5.027,-0.225,5.25,5.63,5.05,down,5.05,2026-09-28T13:28:26,-4.2654,5.27500009536743,339.815,2026-09-28 18:44:43,2026-09-28 14:45:04
AAPL,AAPL270219C00410000,AAPL,2027-02-19,C,410.0,3.6,377.0,3.9,588.0,0.2427,1675.0,39.0,0.1506,0.0045,0.5068,-0.0411,0.1889,3.701,-0.225,4.06,4.06,3.65,down,3.65,2026-09-28T14:01:26,-5.80645,3.875,339.815,2026-09-28 18:44:43,2026-09-28 14:45:04
AAPL,AAPL270219C00420000,AAPL,2027-02-19,C,420.0,2.53,602.0,2.82,347.0,0.241,1676.0,4.0,0.1168,0.0038,0.428,-0.0344,0.1469,2.7106,-0.09,2.95,2.95,2.73,down,2.73,2026-09-28T10:49:27,-3.19149,2.82000005245209,339.815,2026-09-28 18:44:43,2026-09-28 14:45:04
AAPL,AAPL270219C00430000,AAPL,2027-02-19,C,430.0,1.91,358.0,2.04,341.0,0.2425,570.0,9.0,0.0897,0.0031,0.3554,-0.0284,0.1131,1.9747,0.065,2.15,2.15,2.15,up,2.15,2026-09-28T09:44:44,3.1175,2.08500003814697,339.815,2026-09-28 18:44:43,2026-09-28 14:45:04
AAPL,AAPL270219C00440000,AAPL,2027-02-19,C,440.0,1.4,86.0,1.48,12.0,0.2435,404.0,2.0,0.0686,0.0025,0.2917,-0.0232,0.0866,1.4407,0.335,1.86,1.86,1.86,up,1.86,2026-09-28T09:30:01,21.9672,1.52500003576279,339.815,2026-09-28 18:44:43,2026-09-28 14:45:04
AAPL,AAPL270219C00450000,AAPL,2027-02-19,C,450.0,1.01,317.0,1.09,159.0,0.2447,631.0,5.0,0.0523,0.002,0.2371,-0.0188,0.066,1.0532,0.02,1.43,1.43,1.11,down,1.11,2026-09-28T11:44:51,1.83486,1.08999997377396,339.815,2026-09-28 18:44:43,2026-09-28 14:45:04
AAPL,AAPL270219C00460000,AAPL,2027-02-19,C,460.0,0.74,127.0,0.81,112.0,0.2466,521.0,0.0,0.0399,0.0016,0.1919,-0.0152,0.0502,0.7729,0.0,0.0,0.0,0.0,down,0.97,2026-09-22T15:38:16,0.0,0.790000021457672,339.815,2026-09-28 18:44:43,2026-09-28 14:45:04
AAPL,AAPL270219C00470000,AAPL,2027-02-19,C,470.0,0.54,110.0,0.62,405.0,0.2493,320.0,1.0,0.0303,0.0013,0.1543,-0.0122,0.0382,0.5682,0.01,0.59,0.59,0.59,down,0.59,2026-09-28T09:31:51,1.72414,0.5799999833107,339.815,2026-09-28 18:44:43,2026-09-28 14:45:04
AAPL,AAPL270219C00480000,AAPL,2027-02-19,C,480.0,0.36,111.0,0.45,245.0,0.2492,55.0,0.0,0.0232,0.001,0.124,-0.0098,0.0292,0.4226,0.0,0.0,0.0,0.0,down,0.49,2026-09-22T15:56:05,0.0,0.424999997019768,339.815,2026-09-28 18:44:43,2026-09-28 14:45:04
AAPL,AAPL270219C00490000,AAPL,2027-02-19,C,490.0,0.2,259.0,0.43,441.0,0.253,131.0,0.0,0.0179,0.0008,0.1002,-0.0079,0.0225,0.3177,0.0,0.0,0.0,0.0,down,0.42,2026-09-22T11:04:11,0.0,0.310000002384186,339.815,2026-09-28 18:44:43,2026-09-28 14:45:04
AAPL,AAPL270219C00500000,AAPL,2027-02-19,C,500.0,0.14,327.0,0.25,152.0,0.2494,2729.0,0.0,0.0139,0.0006,0.0811,-0.0064,0.0175,0.242,0.0,0.0,0.0,0.0,down,0.24,2026-09-25T10:42:42,0.0,0.234999999403954,339.815,2026-09-28 18:44:43,2026-09-28 14:45:04
AAPL,AAPL270219C00510000,AAPL,2027-02-19,C,510.0,0.06,373.0,0.29,474.0,0.2574,55.0,0.0,0.011,0.0005,0.0662,-0.0053,0.0137,0.1871,0.0,0.0,0.0,0.0,down,0.23,2026-09-16T11:07:08,0.0,0.16499999538064,339.815,2026-09-28 18:44:43,2026-09-28 14:45:04
AAPL,AAPL270219C00520000,AAPL,2027-02-19,C,520.0,0.03,331.0,0.24,438.0,0.2603,745.0,0.0,0.0088,0.0004,0.0546,-0.0044,0.011,0.1472,0.0,0.0,0.0,0.0,down,0.21,2026-09-01T10:28:58,0.0,0.129999997094274,339.815,2026-09-28 18:44:43,2026-09-28 14:45:04
AAPL,AAPL270219C00530000,AAPL,2027-02-19,C,530.0,0.01,346.0,0.2,362.0,0.2634,153.0,0.0,0.0071,0.0003,0.0455,-0.0037,0.0088,0.1178,0.0,0.0,0.0,0.0,up,0.11,2026-09-24T13:29:57,0.0,0.105000001378357,339.815,2026-09-28 18:44:43,2026-09-28 14:45:04
AAPL,AAPL270219C00540000,AAPL,2027-02-19,C,540.0,0.01,277.0,0.17,273.0,0.269,24.0,0.0,0.0058,0.0003,0.0382,-0.0031,0.0072,0.0958,0.0,0.0,0.0,0.0,down,0.08,2026-09-21T11:18:27,0.0,0.09500000346452,339.815,2026-09-28 18:44:43,2026-09-28 14:45:04
AAPL,AAPL270219C00550000,AAPL,2027-02-19,C,550.0,0.01,10.0,0.14,13.0,0.2736,49.0,0.0,0.0048,0.0002,0.0325,-0.0027,0.006,0.0792,0.0,0.0,0.0,0.0,up,0.09,2026-09-16T09:32:32,0.0,0.0750000001862645,339.815,2026-09-28 18:44:43,2026-09-28 14:45:04
AAPL,AAPL270219C00560000,AAPL,2027-02-19,C,560.0,0.01,6.0,0.14,20.0,0.2828,13.0,0.0,0.004,0.0002,0.0279,-0.0023,0.005,0.0665,0.0,0.0,0.0,0.0,down,0.01,2026-09-04T10:25:22,0.0,0.0750000001862645,339.815,2026-09-28 18:44:43,2026-09-28 14:45:04
AAPL,AAPL270219C00570000,AAPL,2027-02-19,C,570.0,0.01,10.0,0.14,59.0,0.292,15.0,0.0,0.0034,0.0002,0.0242,-0.002,0.0043,0.0567,0.0,0.0,0.0,0.0,down,0.08,2026-09-23T09:30:08,0.0,0.0699999975040555,339.815,2026-09-28 18:44:43,2026-09-28 14:45:04
AAPL,AAPL270219C00580000,AAPL,2027-02-19,C,580.0,0.01,6.0,0.13,83.0,0.2988,28.0,0.0,0.003,0.0001,0.0212,-0.0018,0.0037,0.0489,0.0,0.0,0.0,0.0,down,0.03,2026-09-15T11:52:44,0.0,0.0699999975040555,339.815,2026-09-28 18:44:43,2026-09-28 14:45:04
AAPL,AAPL270219C00590000,AAPL,2027-02-19,C,590.0,0.01,6.0,0.14,26.0,0.3096,17.0,0.0,0.0026,0.0001,0.0187,-0.0016,0.0032,0.0426,0.0,0.0,0.0,0.0,up,0.13,2026-09-21T11:17:30,0.0,0.09500000346452,339.815,2026-09-28 18:44:43,2026-09-28 14:45:04
AAPL,AAPL270219C00600000,AAPL,2027-02-19,C,600.0,0.03,2.0,0.08,568.0,0.3089,6426.0,0.0,0.0023,0.0001,0.0166,-0.0014,0.0028,0.0376,0.0,0.0,0.0,0.0,no_change,0.03,2026-09-24T15:32:23,0.0,0.0549999987706542,339.815,2026-09-28 18:44:43,2026-09-28 14:45:04
AAPL,AAPL270219P00005000,AAPL,2027-02-19,P,5.0,0.0,0.0,0.01,1.0,2.0416,4.0,0.0,0.0,0.0,0.0,0.0,0.0,0.0003,0.0,0.0,0.0,0.0,no_change,0.01,2026-06-18T13:32:14,0.0,0.00499999988824129,339.815,2026-09-28 18:44:43,2026-09-28 14:45:04
AAPL,AAPL270219P00010000,AAPL,2027-02-19,P,10.0,0.0,0.0,0.05,16.0,1.909,0.0,0.0,0.0,0.0,0.0001,0.0,0.0,0.0006,0.0,0.0,0.0,0.0,no_change,0.0,,0.0,0.025000000372529,339.815,2026-09-28 18:44:43,2026-09-28 14:45:04
AAPL,AAPL270219P00015000,AAPL,2027-02-19,P,15.0,0.0,0.0,0.28,369.0,1.9879,9501.0,0.0,0.0,0.0,0.0001,-0.0001,0.0,0.001,0.0,0.0,0.0,0.0,down,0.01,2026-09-25T11:03:55,0.0,0.00499999988824129,339.815,2026-09-28 18:44:43,2026-09-28 14:45:04
AAPL,AAPL270219P00020000,AAPL,2027-02-19,P,20.0,0.0,0.0,0.28,301.0,1.79,2.0,0.0,0.0,0.0,0.0002,-0.0001,0.0,0.0015,0.0,0.0,0.0,0.0,up,0.04,2026-09-25T12:47:48,0.0,0.0399999991059303,339.815,2026-09-28 18:44:43,2026-09-28 14:45:04
AAPL,AAPL270219P00025000,AAPL,2027-02-19,P,25.0,0.0,0.0,0.28,299.0,1.6406,0.0,0.0,0.0,0.0,0.0003,-0.0001,0.0,0.0021,0.0,0.0,0.0,0.0,down,0.07,2026-09-25T12:50:08,0.0,0.0750000029802322,339.815,2026-09-28 18:44:43,2026-09-28 14:45:04
AAPL,AAPL270219P00030000,AAPL,2027-02-19,P,30.0,0.0,0.0,0.28,397.0,1.521,1.0,0.0,0.0,0.0,0.0004,-0.0001,-0.0001,0.0028,0.0,0.0,0.0,0.0,down,0.1,2026-09-25T12:54:22,0.0,0.109999999403954,339.815,2026-09-28 18:44:43,2026-09-28 14:45:04
AAPL,AAPL270219P00035000,AAPL,2027-02-19,P,35.0,0.0,0.0,0.28,249.0,1.4213,1.0,0.0,-0.0001,0.0,0.0006,-0.0002,-0.0001,0.0036,0.0,0.0,0.0,0.0,down,0.11,2026-09-25T13:04:55,0.0,0.135000005364418,339.815,2026-09-28 18:44:43,2026-09-28 14:45:04
AAPL,AAPL270219P00040000,AAPL,2027-02-19,P,40.0,0.0,0.0,0.28,305.0,1.3361,1.0,0.0,-0.0001,0.0,0.0007,-0.0002,-0.0001,0.0046,0.0,0.0,0.0,0.0,down,0.11,2026-09-25T13:07:51,0.0,0.140000000596046,339.815,2026-09-28 18:44:43,2026-09-28 14:45:04
AAPL,AAPL270219P00045000,AAPL,2027-02-19,P,45.0,0.0,0.0,0.28,294.0,1.2616,1.0,0.0,-0.0001,0.0,0.0009,-0.0003,-0.0002,0.0056,0.0,0.0,0.0,0.0,down,0.03,2026-09-25T13:09:35,0.0,0.140000000596046,339.815,2026-09-28 18:44:43,2026-09-28 14:45:04
AAPL,AAPL270219P00050000,AAPL,2027-02-19,P,50.0,0.01,1.0,0.09,47.0,1.0784,251.0,5.0,-0.0001,0.0,0.0011,-0.0003,-0.0002,0.0068,-0.07,0.05,0.09,0.02,down,0.02,2026-09-28T12:00:46,-77.7778,0.090000000782311,339.815,2026-09-28 18:44:43,2026-09-28 14:45:04
AAPL,AAPL270219P00055000,AAPL,2027-02-19,P,55.0,0.0,0.0,0.28,274.0,1.1364,2.0,0.0,-0.0002,0.0,0.0014,-0.0004,-0.0002,0.0082,0.0,0.0,0.0,0.0,down,0.05,2026-09-25T13:20:07,0.0,0.0750000029802322,339.815,2026-09-28 18:44:43,2026-09-28 14:45:04
AAPL,AAPL270219P00060000,AAPL,2027-02-19,P,60.0,0.01,1.0,0.23,270.0,1.0648,723.0,1.0,-0.0002,0.0,0.0017,-0.0004,-0.0003,0.0098,-0.01,0.02,0.02,0.02,no_change,0.02,2026-09-28T10:13:51,-33.3333,0.0300000002607703,339.815,2026-09-28 18:44:43,2026-09-28 14:45:04
AAPL,AAPL270219P00065000,AAPL,2027-02-19,P,65.0,0.0,0.0,0.28,433.0,1.0334,16.0,0.0,-0.0002,0.0,0.002,-0.0005,-0.0004,0.0115,0.0,0.0,0.0,0.0,down,0.06,2026-09-25T13:25:52,0.0,0.0750000029802322,339.815,2026-09-28 18:44:43,2026-09-28 14:45:04
AAPL,AAPL270219P00070000,AAPL,2027-02-19,P,70.0,0.0,0.0,0.28,431.0,0.988,0.0,0.0,-0.0003,0.0,0.0023,-0.0006,-0.0004,0.0134,0.0,0.0,0.0,0.0,down,0.12,2026-09-25T13:28:59,0.0,0.0949999988079071,339.815,2026-09-28 18:44:43,2026-09-28 14:45:04
AAPL,AAPL270219P00075000,AAPL,2027-02-19,P,75.0,0.0,0.0,0.29,555.0,0.9496,1.0,0.0,-0.0004,0.0,0.0027,-0.0007,-0.0005,0.0156,0.0,0.0,0.0,0.0,down,0.12,2026-09-25T13:31:24,0.0,0.129999995231628,339.815,2026-09-28 18:44:43,2026-09-28 14:45:04
AAPL,AAPL270219P00080000,AAPL,2027-02-19,P,80.0,0.0,0.0,0.29,868.0,0.9103,43.0,0.0,-0.0004,0.0,0.0032,-0.0008,-0.0006,0.018,0.0,0.0,0.0,0.0,down,0.1,2026-09-25T13:36:33,0.0,0.144999995827675,339.815,2026-09-28 18:44:43,2026-09-28 14:45:04
AAPL,AAPL270219P00085000,AAPL,2027-02-19,P,85.0,0.01,1.0,0.29,857.0,0.8767,19.0,0.0,-0.0005,0.0,0.0037,-0.0009,-0.0007,0.0206,0.0,0.0,0.0,0.0,down,0.1,2026-09-25T13:39:10,0.0,0.125,339.815,2026-09-28 18:44:43,2026-09-28 14:45:04
AAPL,AAPL270219P00090000,AAPL,2027-02-19,P,90.0,0.0,0.0,0.29,599.0,0.8388,6.0,0.0,-0.0006,0.0,0.0043,-0.001,-0.0008,0.0236,0.0,0.0,0.0,0.0,down,0.1,2026-09-25T14:00:09,0.0,0.125,339.815,2026-09-28 18:44:43,2026-09-28 14:45:04
AAPL,AAPL270219P00095000,AAPL,2027-02-19,P,95.0,0.0,0.0,0.3,558.0,0.8092,4.0,0.0,-0.0007,0.0,0.0049,-0.0011,-0.0009,0.0269,0.0,0.0,0.0,0.0,down,0.08,2026-09-25T14:05:59,0.0,0.100000001490116,339.815,2026-09-28 18:44:43,2026-09-28 14:45:04
AAPL,AAPL270219P00100000,AAPL,2027-02-19,P,100.0,0.0,0.0,0.3,857.0,0.7781,9.0,0.0,-0.0008,0.0,0.0057,-0.0012,-0.0011,0.0305,0.0,0.0,0.0,0.0,down,0.01,2026-09-25T14:12:20,0.0,0.100000001490116,339.815,2026-09-28 18:44:43,2026-09-28 14:45:04
AAPL,AAPL270219P00105000,AAPL,2027-02-19,P,105.0,0.0,0.0,0.22,767.0,0.724,10.0,0.0,-0.0009,0.0,0.0065,-0.0013,-0.0012,0.0345,0.0,0.0,0.0,0.0,no_change,0.07,2026-09-25T14:12:20,0.0,0.0350000001490116,339.815,2026-09-28 18:44:43,2026-09-28 14:45:04
AAPL,AAPL270219P00110000,AAPL,2027-02-19,P,110.0,0.0,0.0,0.32,574.0,0.7258,13.0,0.0,-0.001,0.0,0.0074,-0.0015,-0.0014,0.0389,0.0,0.0,0.0,0.0,down,0.03,2026-09-25T14:27:47,0.0,0.0300000002607703,339.815,2026-09-28 18:44:43,2026-09-28 14:45:04
AAPL,AAPL270219P00115000,AAPL,2027-02-19,P,115.0,0.01,2.0,0.31,598.0,0.6988,38.0,2.0,-0.0012,0.0,0.0084,-0.0016,-0.0016,0.0443,-0.015,0.11,0.11,0.04,down,0.04,2026-09-28T10:05:38,-27.2727,0.0550000006332994,339.815,2026-09-28 18:44:43,2026-09-28 14:45:04
AAPL,AAPL270219P00120000,AAPL,2027-02-19,P,120.0,0.01,26.0,0.25,822.0,0.6577,34.0,2.0,-0.0013,0.0,0.0095,-0.0018,-0.0019,0.0497,0.005,0.11,0.11,0.05,down,0.05,2026-09-28T10:05:47,11.1111,0.0449999989941716,339.815,2026-09-28 18:44:43,2026-09-28 14:45:04
AAPL,AAPL270219P00125000,AAPL,2027-02-19,P,125.0,0.01,60.0,0.18,733.0,0.6127,27.0,2.0,-0.0015,0.0,0.0107,-0.002,-0.0021,0.0557,0.01,0.12,0.12,0.06,down,0.06,2026-09-28T11:19:17,20.0,0.0500000016763806,339.815,2026-09-28 18:44:43,2026-09-28 14:45:04
AAPL,AAPL270219P00130000,AAPL,2027-02-19,P,130.0,0.01,64.0,0.11,340.0,0.5636,23.0,2.0,-0.0017,0.0,0.0121,-0.0022,-0.0024,0.0624,-0.01,0.11,0.11,0.05,down,0.05,2026-09-28T10:06:09,-16.6667,0.0600000014528632,339.815,2026-09-28 18:44:43,2026-09-28 14:45:04
AAPL,AAPL270219P00135000,AAPL,2027-02-19,P,135.0,0.01,11.0,0.19,576.0,0.5716,27.0,0.0,-0.002,0.0,0.0137,-0.0024,-0.0028,0.0697,0.0,0.0,0.0,0.0,no_change,0.07,2026-09-25T10:13:14,0.0,0.0600000005215406,339.815,2026-09-28 18:44:43,2026-09-28 14:45:04
AAPL,AAPL270219P00140000,AAPL,2027-02-19,P,140.0,0.01,16.0,0.12,42.0,0.5271,200.0,0.0,-0.0022,0.0001,0.0153,-0.0026,-0.0032,0.078,0.0,0.0,0.0,0.0,down,0.06,2026-09-25T15:46:50,0.0,0.0749999983236194,339.815,2026-09-28 18:44:43,2026-09-28 14:45:04
AAPL,AAPL270219P00145000,AAPL,2027-02-19,P,145.0,0.01,19.0,0.12,42.0,0.5077,48.0,0.0,-0.0025,0.0001,0.0172,-0.0029,-0.0036,0.0872,0.0,0.0,0.0,0.0,down,0.05,2026-09-25T15:01:24,0.0,0.0650000004097819,339.815,2026-09-28 18:44:43,2026-09-28 14:45:04
AAPL,AAPL270219P00150000,AAPL,2027-02-19,P,150.0,0.05,10.0,0.11,17.0,0.4992,34.0,14.0,-0.0029,0.0001,0.0193,-0.0031,-0.004,0.0974,0.0,0.08,0.1,0.06,down,0.07,2026-09-28T14:29:14,3.56564e-06,0.0699999975040555,339.815,2026-09-28 18:44:43,2026-09-28 14:45:04
AAPL,AAPL270219P00155000,AAPL,2027-02-19,P,155.0,0.01,23.0,0.16,359.0,0.4838,57.0,0.0,-0.0033,0.0001,0.0217,-0.0034,-0.0046,0.1088,0.0,0.0,0.0,0.0,down,0.1,2026-09-25T09:30:01,0.0,0.084999998100102,339.815,2026-09-28 18:44:43,2026-09-28 14:45:04
AAPL,AAPL270219P00160000,AAPL,2027-02-19,P,160.0,0.1,3.0,0.18,56.0,0.4917,39.0,0.0,-0.0037,0.0001,0.0244,-0.0038,-0.0052,0.1218,0.0,0.0,0.0,0.0,down,0.18,2026-09-10T11:00:58,0.0,0.140000004321337,339.815,2026-09-28 18:44:43,2026-09-28 14:45:04
AAPL,AAPL270219P00165000,AAPL,2027-02-19,P,165.0,0.1,3.0,0.19,215.0,0.4753,178.0,0.0,-0.0042,0.0001,0.0272,-0.0041,-0.0059,0.1366,0.0,0.0,0.0,0.0,down,0.19,2026-09-16T10:25:15,0.0,0.150000002235174,339.815,2026-09-28 18:44:43,2026-09-28 14:45:04
AAPL,AAPL270219P00170000,AAPL,2027-02-19,P,170.0,0.1,69.0,0.21,389.0,0.461,58.0,0.0,-0.0048,0.0001,0.0306,-0.0045,-0.0067,0.1534,0.0,0.0,0.0,0.0,up,0.36,2026-09-02T14:01:25,0.0,0.165000002831221,339.815,2026-09-28 18:44:43,2026-09-28 14:45:04
AAPL,AAPL270219P00175000,AAPL,2027-02-19,P,175.0,0.12,34.0,0.22,379.0,0.4484,205.0,0.0,-0.0054,0.0002,0.0344,-0.005,-0.0076,0.1727,0.0,0.0,0.0,0.0,no_change,0.3,2026-09-11T15:30:39,0.0,0.185000002384186,339.815,2026-09-28 18:44:43,2026-09-28 14:45:04
AAPL,AAPL270219P00180000,AAPL,2027-02-19,P,180.0,0.08,488.0,0.28,458.0,0.4342,72.0,0.0,-0.0062,0.0002,0.0388,-0.0054,-0.0087,0.1949,0.0,0.0,0.0,0.0,no_change,0.34,2026-09-15T13:54:33,0.0,0.184999994933605,339.815,2026-09-28 18:44:43,2026-09-28 14:45:04
AAPL,AAPL270219P00185000,AAPL,2027-02-19,P,185.0,0.11,230.0,0.32,419.0,0.4267,117.0,0.0,-0.0071,0.0002,0.0436,-0.006,-0.01,0.2209,0.0,0.0,0.0,0.0,down,0.36,2026-09-21T09:57:30,0.0,0.220000006258488,339.815,2026-09-28 18:44:43,2026-09-28 14:45:04
AAPL,AAPL270219P00190000,AAPL,2027-02-19,P,190.0,0.13,244.0,0.35,294.0,0.4158,340.0,0.0,-0.0082,0.0002,0.0491,-0.0066,-0.0114,0.2511,0.0,0.0,0.0,0.0,no_change,0.38,2026-09-22T11:16:29,0.0,0.255000002682209,339.815,2026-09-28 18:44:43,2026-09-28 14:45:04
AAPL,AAPL270219P00195000,AAPL,2027-02-19,P,195.0,0.23,117.0,0.32,195.0,0.4065,101.0,0.0,-0.0094,0.0003,0.0556,-0.0073,-0.0131,0.2864,0.0,0.0,0.0,0.0,down,0.39,2026-09-22T14:01:40,0.0,0.284999996423721,339.815,2026-09-28 18:44:43,2026-09-28 14:45:04
AAPL,AAPL270219P00200000,AAPL,2027-02-19,P,200.0,0.29,125.0,0.35,317.0,0.3983,562.0,2.0,-0.0108,0.0003,0.0631,-0.0081,-0.0151,0.328,-0.025,0.3,0.3,0.3,no_change,0.3,2026-09-28T14:24:32,-7.69231,0.325000002980232,339.815,2026-09-28 18:44:43,2026-09-28 14:45:04
AAPL,AAPL270219P00210000,AAPL,2027-02-19,P,210.0,0.4,360.0,0.47,372.0,0.3827,201.0,60.0,-0.0145,0.0004,0.0808,-0.01,-0.02,0.4347,-0.04,0.4,0.4,0.4,no_change,0.4,2026-09-28T13:20:57,-9.09091,0.439999997615814,339.815,2026-09-28 18:44:43,2026-09-28 14:45:04
AAPL,AAPL270219P00220000,AAPL,2027-02-19,P,220.0,0.55,161.0,0.6,60.0,0.3663,533.0,1.0,-0.0195,0.0006,0.104,-0.0125,-0.027,0.5836,0.025,0.61,0.61,0.61,down,0.61,2026-09-28T09:32:11,4.2735,0.58500000834465,339.815,2026-09-28 18:44:43,2026-09-28 14:45:04
AAPL,AAPL270219P00230000,AAPL,2027-02-19,P,230.0,0.75,190.0,0.82,62.0,0.3528,1158.0,15.0,-0.0262,0.0008,0.1338,-0.0155,-0.0361,0.7861,-0.01,0.83,0.85,0.83,up,0.85,2026-09-28T10:57:28,-1.16279,0.859999984502792,339.815,2026-09-28 18:44:43,2026-09-28 14:45:04
AAPL,AAPL270219P00240000,AAPL,2027-02-19,P,240.0,1.06,1.0,1.14,26.0,0.3417,2706.0,0.0,-0.0355,0.0011,0.171,-0.0192,-0.0488,1.0723,0.0,0.0,0.0,0.0,no_change,1.11,2026-09-25T13:29:25,0.0,1.10499995946884,339.815,2026-09-28 18:44:43,2026-09-28 14:45:04
AAPL,AAPL270219P00250000,AAPL,2027-02-19,P,250.0,1.39,297.0,1.53,66.0,0.3277,2547.0,69.0,-0.048,0.0014,0.2174,-0.0238,-0.0657,1.4678,-0.07,1.41,1.5,1.39,down,1.45,2026-09-28T13:02:13,-4.60526,1.51999998092651,339.815,2026-09-28 18:44:43,2026-09-28 14:45:04
AAPL,AAPL270219P00260000,AAPL,2027-02-19,P,260.0,1.96,67.0,2.18,319.0,0.3194,3416.0,9.0,-0.0645,0.0019,0.2738,-0.0291,-0.088,2.0107,-0.065,1.95,2.0,1.92,up,2.0,2026-09-28T13:26:50,-3.1477,2.06500005722046,339.815,2026-09-28 18:44:43,2026-09-28 14:45:04
AAPL,AAPL270219P00270000,AAPL,2027-02-19,P,270.0,2.63,357.0,2.95,365.0,0.3084,13314.0,9.0,-0.0862,0.0024,0.3411,-0.0353,-0.1171,2.7511,-0.04,2.6,2.72,2.6,up,2.72,2026-09-28T12:02:54,-1.44928,2.75999999046326,339.815,2026-09-28 18:44:43,2026-09-28 14:45:04
AAPL,AAPL270219P00280000,AAPL,2027-02-19,P,280.0,3.7,344.0,3.8,88.0,0.2982,7551.0,26.0,-0.1138,0.0031,0.417,-0.0422,-0.1528,3.7457,0.0,3.7,3.8,3.58,up,3.8,2026-09-28T14:23:54,-1.88225e-06,3.80000007152557,339.815,2026-09-28 18:44:43,2026-09-28 14:45:04
AAPL,AAPL270219P00290000,AAPL,2027-02-19,P,290.0,4.9,290.0,5.3,519.0,0.2904,8810.0,7.0,-0.1488,0.0038,0.499,-0.0496,-0.197,5.0715,0.025,4.8,5.1,4.8,up,5.1,2026-09-28T11:03:50,0.492615,5.07499980926514,339.815,2026-09-28 18:44:43,2026-09-28 14:45:04
AAPL,AAPL270219P00300000,AAPL,2027-02-19,P,300.0,6.65,308.0,7.0,431.0,0.2827,4522.0,14.0,-0.1915,0.0046,0.5846,-0.0571,-0.2493,6.8015,0.05,6.55,6.84,6.0,no_change,6.8,2026-09-28T14:24:08,0.740741,6.75,339.815,2026-09-28 18:44:43,2026-09-28 14:45:04
AAPL,AAPL270219P00310000,AAPL,2027-02-19,P,310.0,8.8,259.0,9.25,487.0,0.2753,3255.0,4.0,-0.2427,0.0054,0.6682,-0.0642,-0.31,9.0317,-0.145,8.85,8.85,8.72,up,8.73,2026-09-28T13:03:26,-1.6338,8.875,339.815,2026-09-28 18:44:43,2026-09-28 14:45:04
AAPL,AAPL270219P00320000,AAPL,2027-02-19,P,320.0,11.6,274.0,12.05,261.0,0.2688,2228.0,49.0,-0.3023,0.0062,0.7425,-0.0705,-0.376,11.8514,0.2,11.43,11.9,11.15,up,11.9,2026-09-28T14:01:22,1.7094,11.6999998092651,339.815,2026-09-28 18:44:43,2026-09-28 14:45:04
AAPL,AAPL270219P00330000,AAPL,2027-02-19,P,330.0,15.1,126.0,15.65,372.0,0.2643,1787.0,14.0,-0.3691,0.007,0.8002,-0.0753,-0.4438,15.3174,-0.07,14.35,15.33,14.35,down,14.98,2026-09-28T13:03:26,-0.465114,15.0499997138977,339.815,2026-09-28 18:44:43,2026-09-28 14:45:04
AAPL,AAPL270219P00340000,AAPL,2027-02-19,P,340.0,19.25,173.0,19.9,315.0,0.2591,810.0,11.0,-0.4422,0.0076,0.8341,-0.0782,-0.5099,19.5229,-0.275,19.18,19.6,18.95,down,18.95,2026-09-28T12:36:39,-1.43043,19.2249994277954,339.815,2026-09-28 18:44:43,2026-09-28 14:45:04
AAPL,AAPL270219P00350000,AAPL,2027-02-19,P,350.0,24.2,218.0,24.75,155.0,0.2533,413.0,12.0,-0.5197,0.008,0.8386,-0.0788,-0.5655,24.5231,0.15,23.0,24.25,23.0,up,24.25,2026-09-28T13:11:10,0.622409,24.0999994277954,339.815,2026-09-28 18:44:43,2026-09-28 14:45:04
AAPL,AAPL270219P00360000,AAPL,2027-02-19,P,360.0,29.4,235.0,30.9,266.0,0.2481,136.0,7.0,-0.5984,0.0081,0.8104,-0.0772,-0.6031,30.3133,-0.32,28.85,29.98,28.85,up,29.98,2026-09-28T13:27:53,-1.0561,30.2999992370606,339.815,2026-09-28 18:44:43,2026-09-28 14:45:04
AAPL,AAPL270219P00370000,AAPL,2027-02-19,P,370.0,36.0,220.0,37.85,399.0,0.247,95.0,3.0,-0.6763,0.008,0.7485,-0.0737,-0.614,36.926,0.075,36.5,36.7,36.5,up,36.7,2026-09-28T11:11:04,0.204778,36.625,339.815,2026-09-28 18:44:43,2026-09-28 14:45:04
AAPL,AAPL270219P00380000,AAPL,2027-02-19,P,380.0,43.45,100.0,44.55,31.0,0.2396,53.0,0.0,-0.751,0.0078,0.6553,-0.0688,-0.5898,44.3162,0.0,0.0,0.0,0.0,down,42.95,2026-09-22T11:24:27,0.0,44.2749996185303,339.815,2026-09-28 18:44:43,2026-09-28 14:45:04
AAPL,AAPL270219P00390000,AAPL,2027-02-19,P,390.0,51.4,156.0,53.35,282.0,0.2421,2.0,55.0,-0.8203,0.0073,0.5351,-0.0632,-0.5238,52.4209,-0.575,51.3,51.3,51.3,down,51.3,2026-09-28T10:36:20,-1.10843,51.875,339.815,2026-09-28 18:44:43,2026-09-28 14:45:04
AAPL,AAPL270219P00400000,AAPL,2027-02-19,P,400.0,60.55,42.0,62.1,209.0,0.2465,46.0,0.0,-0.8838,0.007,0.3953,-0.0561,-0.4186,61.1548,0.0,0.0,0.0,0.0,down,60.15,2026-09-22T13:52:04,0.0,60.625,339.815,2026-09-28 18:44:43,2026-09-28 14:45:04
AAPL,AAPL270219P00410000,AAPL,2027-02-19,P,410.0,69.15,20.0,71.45,117.0,0.234,0.0,0.0,-0.9415,0.0065,0.2328,-0.0567,-0.2569,70.4404,0.0,0.0,0.0,0.0,no_change,78.32,2026-07-24T12:35:46,0.0,70.1000022888184,339.815,2026-09-28 18:44:43,2026-09-28 14:45:04
AAPL,AAPL270219P00420000,AAPL,2027-02-19,P,420.0,79.1,11.0,81.1,103.0,0.0,0.0,0.0,-0.9821,0.0038,0.0651,-0.039,0.0,80.1846,0.0,0.0,0.0,0.0,no_change,0.0,,0.0,79.6499977111816,339.815,2026-09-28 18:44:43,2026-09-28 14:45:04
AAPL,AAPL270219P00430000,AAPL,2027-02-19,P,430.0,89.05,13.0,91.4,89.0,0.2699,0.0,0.0,-0.9992,0.0002,0.0,-0.039,0.0,90.1846,0.0,0.0,0.0,0.0,no_change,0.0,,0.0,89.7999992370606,339.815,2026-09-28 18:44:43,2026-09-28 14:45:04
AAPL,AAPL270219P00440000,AAPL,2027-02-19,P,440.0,99.0,12.0,101.15,85.0,0.0,0.0,0.0,-1.0,0.0,0.0,-0.039,0.0,100.1846,0.0,0.0,0.0,0.0,no_change,0.0,,0.0,99.7749977111816,339.815,2026-09-28 18:44:43,2026-09-28 14:45:04
AAPL,AAPL270219P00450000,AAPL,2027-02-19,P,450.0,109.0,13.0,111.1,87.0,0.0,0.0,0.0,-1.0,0.0,0.0,-0.039,0.0,110.1846,0.0,0.0,0.0,0.0,no_change,0.0,,0.0,109.574996948242,339.815,2026-09-28 18:44:43,2026-09-28 14:45:04
AAPL,AAPL270219P00460000,AAPL,2027-02-19,P,460.0,119.0,10.0,121.4,88.0,0.324,0.0,0.0,-1.0,0.0,0.0,-0.039,0.0,120.1846,0.0,0.0,0.0,0.0,no_change,0.0,,0.0,119.599998474121,339.815,2026-09-28 18:44:43,2026-09-28 14:45:04
AAPL,AAPL270219P00470000,AAPL,2027-02-19,P,470.0,129.0,10.0,131.4,89.0,0.342,0.0,0.0,-1.0,0.0,0.0,-0.039,0.0,130.1846,0.0,0.0,0.0,0.0,no_change,0.0,,0.0,129.599998474121,339.815,2026-09-28 18:44:43,2026-09-28 14:45:04
AAPL,AAPL270219P00480000,AAPL,2027-02-19,P,480.0,139.0,11.0,141.4,89.0,0.3596,0.0,0.0,-1.0,0.0,0.0,-0.039,0.0,140.1846,0.0,0.0,0.0,0.0,no_change,0.0,,0.0,139.599998474121,339.815,2026-09-28 18:44:43,2026-09-28 14:45:04
AAPL,AAPL270219P00490000,AAPL,2027-02-19,P,490.0,148.85,6.0,151.3,88.0,0.0,0.0,0.0,-1.0,0.0,0.0,-0.039,0.0,150.1846,0.0,0.0,0.0,0.0,no_change,0.0,,0.0,149.549995422363,339.815,2026-09-28 18:44:43,2026-09-28 14:45:04
AAPL,AAPL270219P00500000,AAPL,2027-02-19,P,500.0,159.0,6.0,161.3,88.0,0.0,0.0,0.0,-1.0,0.0,0.0,-0.039,0.0,160.1846,0.0,0.0,0.0,0.0,no_change,0.0,,0.0,159.599998474121,339.815,2026-09-28 18:44:43,2026-09-28 14:45:04
AAPL,AAPL270219P00510000,AAPL,2027-02-19,P,510.0,169.0,6.0,171.4,87.0,0.4094,0.0,0.0,-1.0,0.0,0.0,-0.039,0.0,170.1846,0.0,0.0,0.0,0.0,no_change,0.0,,0.0,169.625,339.815,2026-09-28 18:44:43,2026-09-28 14:45:04
AAPL,AAPL270219P00520000,AAPL,2027-02-19,P,520.0,178.15,6.0,181.4,88.0,0.0,0.0,0.0,-1.0,0.0,0.0,-0.039,0.0,180.1846,0.0,0.0,0.0,0.0,no_change,0.0,,0.0,179.599998474121,339.815,2026-09-28 18:44:43,2026-09-28 14:45:04
AAPL,AAPL270219P00530000,AAPL,2027-02-19,P,530.0,189.0,6.0,191.4,86.0,0.4406,0.0,0.0,-1.0,0.0,0.0,-0.039,0.0,190.1846,0.0,0.0,0.0,0.0,no_change,0.0,,0.0,189.599998474121,339.815,2026-09-28 18:44:43,2026-09-28 14:45:04
AAPL,AAPL270219P00540000,AAPL,2027-02-19,P,540.0,199.0,8.0,201.25,88.0,0.0,0.0,0.0,-1.0,0.0,0.0,-0.039,0.0,200.1846,0.0,0.0,0.0,0.0,no_change,0.0,,0.0,199.599998474121,339.815,2026-09-28 18:44:43,2026-09-28 14:45:04
AAPL,AAPL270219P00550000,AAPL,2027-02-19,P,550.0,208.85,6.0,211.3,87.0,0.0,0.0,0.0,-1.0,0.0,0.0,-0.039,0.0,210.1846,0.0,0.0,0.0,0.0,no_change,0.0,,0.0,209.599998474121,339.815,2026-09-28 18:44:43,2026-09-28 14:45:04
AAPL,AAPL270219P00560000,AAPL,2027-02-19,P,560.0,219.0,7.0,221.4,87.0,0.4848,0.0,0.0,-1.0,0.0,0.0,-0.039,0.0,220.1846,0.0,0.0,0.0,0.0,no_change,0.0,,0.0,219.599998474121,339.815,2026-09-28 18:44:43,2026-09-28 14:45:04
AAPL,AAPL270219P00570000,AAPL,2027-02-19,P,570.0,229.0,6.0,231.25,87.0,0.0,0.0,0.0,-1.0,0.0,0.0,-0.039,0.0,230.1846,0.0,0.0,0.0,0.0,no_change,0.0,,0.0,229.599998474121,339.815,2026-09-28 18:44:43,2026-09-28 14:45:04
AAPL,AAPL270219P00580000,AAPL,2027-02-19,P,580.0,239.0,6.0,241.4,87.0,0.5127,0.0,0.0,-1.0,0.0,0.0,-0.039,0.0,240.1846,0.0,0.0,0.0,0.0,no_change,0.0,,0.0,239.599998474121,339.815,2026-09-28 18:44:43,2026-09-28 14:45:04
AAPL,AAPL270219P00590000,AAPL,2027-02-19,P,590.0,249.0,6.0,251.4,87.0,0.5263,0.0,0.0,-1.0,0.0,0.0,-0.039,0.0,250.1846,0.0,0.0,0.0,0.0,no_change,0.0,,0.0,249.599998474121,339.815,2026-09-28 18:44:43,2026-09-28 14:45:04
AAPL,AAPL270219P00600000,AAPL,2027-02-19,P,600.0,258.85,8.0,261.4,87.0,0.0,0.0,0.0,-1.0,0.0,0.0,-0.039,0.0,260.1846,0.0,0.0,0.0,0.0,no_change,0.0,,0.0,259.600006103516,339.815,2026-09-28 18:44:43,2026-09-28 14:45:04
AAPL,AAPL270319C00005000,AAPL,2027-03-19,C,5.0,333.35,76.0,336.9,95.0,2.8786,0.0,0.0,1.0,0.0,0.0001,0.0,0.0065,334.9963,0.0,0.0,0.0,0.0,no_change,299.0,2026-06-08T14:34:55,0.0,335.549987792969,339.815,2026-09-28 18:44:43,2026-09-28 14:45:04
AAPL,AAPL270319C00010000,AAPL,2027-03-19,C,10.0,328.45,75.0,331.9,93.0,2.2544,0.0,0.0,1.0,0.0,0.0001,0.0,0.0146,330.0251,0.0,0.0,0.0,0.0,no_change,0.0,,0.0,330.600006103516,339.815,2026-09-28 18:44:43,2026-09-28 14:45:04
AAPL,AAPL270319C00015000,AAPL,2027-03-19,C,15.0,323.25,85.0,326.95,76.0,1.6685,0.0,0.0,1.0,0.0,0.0001,0.0,0.0352,325.065,0.0,0.0,0.0,0.0,no_change,0.0,,0.0,325.625,339.815,2026-09-28 18:44:43,2026-09-28 14:45:04
AAPL,AAPL270319C00020000,AAPL,2027-03-19,C,20.0,318.5,75.0,322.05,76.0,1.6668,0.0,0.0,1.0,0.0,0.0002,0.0,0.0719,320.1384,0.0,0.0,0.0,0.0,no_change,0.0,,0.0,320.700012207031,339.815,2026-09-28 18:44:43,2026-09-28 14:45:04
AAPL,AAPL270319C00025000,AAPL,2027-03-19,C,25.0,313.35,86.0,317.15,77.0,1.3074,0.0,0.0,1.0,0.0,0.0003,0.0,0.0898,315.2238,0.0,0.0,0.0,0.0,no_change,0.0,,0.0,315.75,339.815,2026-09-28 18:44:43,2026-09-28 14:45:04
AAPL,AAPL270319C00030000,AAPL,2027-03-19,C,30.0,308.7,75.0,312.25,88.0,1.4393,0.0,0.0,1.0,0.0,0.0004,0.0,0.1077,310.3095,0.0,0.0,0.0,0.0,down,218.22,2026-03-20T10:08:17,0.0,310.899993896484,339.815,2026-09-28 18:44:43,2026-09-28 14:45:04
AAPL,AAPL270319C00035000,AAPL,2027-03-19,C,35.0,303.5,81.0,307.3,76.0,1.0233,0.0,0.0,1.0,0.0,0.0006,0.0,0.1257,305.3953,0.0,0.0,0.0,0.0,no_change,0.0,,0.0,306.0,339.815,2026-09-28 18:44:43,2026-09-28 14:45:04
AAPL,AAPL270319C00040000,AAPL,2027-03-19,C,40.0,298.8,76.0,302.45,76.0,1.2402,0.0,0.0,1.0,0.0,0.0008,0.0,0.1438,300.4813,0.0,0.0,0.0,0.0,no_change,0.0,,0.0,301.100006103516,339.815,2026-09-28 18:44:43,2026-09-28 14:45:04
AAPL,AAPL270319C00045000,AAPL,2027-03-19,C,45.0,293.75,97.0,297.55,96.0,1.1064,1.0,0.0,1.0,0.0,0.001,0.0,0.1621,295.5677,0.0,0.0,0.0,0.0,down,264.84,2026-08-25T15:26:10,0.0,296.150009155273,339.815,2026-09-28 18:44:43,2026-09-28 14:45:04
AAPL,AAPL270319C00050000,AAPL,2027-03-19,C,50.0,289.1,75.0,292.65,76.0,1.1596,3.0,0.0,1.0,0.0,0.0013,0.0,0.184,290.6546,0.0,0.0,0.0,0.0,down,255.7,2026-08-17T10:31:49,0.0,291.299987792969,339.815,2026-09-28 18:44:43,2026-09-28 14:45:04
AAPL,AAPL270319C00060000,AAPL,2027-03-19,C,60.0,279.3,76.0,282.9,79.0,1.0588,2.0,0.0,1.0,0.0,0.002,0.0,0.2794,280.8653,0.0,0.0,0.0,0.0,down,237.58,2026-06-15T14:48:45,0.0,281.549987792969,339.815,2026-09-28 18:44:43,2026-09-28 14:45:04
AAPL,AAPL270319C00070000,AAPL,2027-03-19,C,70.0,269.6,76.0,273.1,76.0,0.9786,3.0,0.0,1.0,0.0,0.0028,0.0,0.3266,271.094,0.0,0.0,0.0,0.0,down,243.4,2026-06-04T14:34:12,0.0,271.699996948242,339.815,2026-09-28 18:44:43,2026-09-28 14:45:04
AAPL,AAPL270319C00080000,AAPL,2027-03-19,C,80.0,259.75,75.0,263.35,84.0,0.8881,4.0,0.0,1.0,0.0,0.004,0.0,0.3729,261.3241,0.0,0.0,0.0,0.0,down,245.48,2026-09-02T15:42:22,0.0,261.949996948242,339.815,2026-09-28 18:44:43,2026-09-28 14:45:04
AAPL,AAPL270319C00085000,AAPL,2027-03-19,C,85.0,254.9,76.0,258.45,97.0,0.8575,31.0,0.0,1.0,0.0,0.0046,0.0,0.3961,256.4396,0.0,0.0,0.0,0.0,down,233.32,2026-08-19T11:54:34,0.0,257.100006103516,339.815,2026-09-28 18:44:43,2026-09-28 14:45:04
AAPL,AAPL270319C00090000,AAPL,2027-03-19,C,90.0,249.75,86.0,253.55,78.0,0.7561,7.0,0.0,1.0,0.0,0.0053,0.0,0.4192,251.5555,0.0,0.0,0.0,0.0,up,246.05,2026-09-11T13:24:30,0.0,252.199996948242,339.815,2026-09-28 18:44:43,2026-09-28 14:45:04
AAPL,AAPL270319C00095000,AAPL,2027-03-19,C,95.0,245.1,76.0,248.7,78.0,0.792,1.0,0.0,0.9999,0.0,0.0061,0.0,0.4423,246.6717,0.0,0.0,0.0,0.0,down,187.37,2026-06-25T10:39:13,0.0,247.350006103516,339.815,2026-09-28 18:44:43,2026-09-28 14:45:04
AAPL,AAPL270319C00100000,AAPL,2027-03-19,C,100.0,239.95,97.0,243.8,91.0,0.6992,13.0,0.0,0.9998,0.0,0.0071,0.0,0.4654,241.7885,0.0,0.0,0.0,0.0,no_change,219.21,2026-08-31T15:59:17,0.0,242.449996948242,339.815,2026-09-28 18:44:43,2026-09-28 14:45:04
AAPL,AAPL270319C00105000,AAPL,2027-03-19,C,105.0,235.3,93.0,238.9,82.0,0.7244,46.0,0.0,0.9997,0.0,0.0081,0.0,0.4884,236.9057,0.0,0.0,0.0,0.0,up,208.4,2026-08-18T10:36:10,0.0,237.575004577637,339.815,2026-09-28 18:44:43,2026-09-28 14:45:04
AAPL,AAPL270319C00110000,AAPL,2027-03-19,C,110.0,230.45,75.0,234.05,81.0,0.7102,2.0,0.0,0.9995,0.0,0.0092,0.0,0.5114,232.0235,0.0,0.0,0.0,0.0,up,209.87,2026-07-13T15:54:58,0.0,232.674995422363,339.815,2026-09-28 18:44:43,2026-09-28 14:45:04
AAPL,AAPL270319C00115000,AAPL,2027-03-19,C,115.0,225.65,75.0,229.15,77.0,0.6952,2.0,0.0,0.9993,0.0,0.0105,0.0,0.5344,227.1419,0.0,0.0,0.0,0.0,down,201.29,2026-09-09T13:04:25,0.0,227.75,339.815,2026-09-28 18:44:43,2026-09-28 14:45:04
AAPL,AAPL270319C00120000,AAPL,2027-03-19,C,120.0,220.5,78.0,224.2,76.0,0.6134,6.0,0.0,0.9991,0.0,0.0119,0.0,0.5573,222.2609,0.0,0.0,0.0,0.0,up,194.16,2026-08-21T12:30:11,0.0,222.899993896484,339.815,2026-09-28 18:44:43,2026-09-28 14:45:04
AAPL,AAPL270319C00125000,AAPL,2027-03-19,C,125.0,215.5,95.0,219.35,78.0,0.5727,44.0,0.0,0.9989,0.0,0.0135,0.0,0.5802,217.3808,0.0,0.0,0.0,0.0,up,200.1,2026-08-28T11:50:27,0.0,218.050003051758,339.815,2026-09-28 18:44:43,2026-09-28 14:45:04
AAPL,AAPL270319C00130000,AAPL,2027-03-19,C,130.0,210.95,85.0,214.15,76.0,0.5582,27.0,0.0,0.9987,0.0,0.0152,0.0,0.6031,212.5015,0.0,0.0,0.0,0.0,up,212.1,2026-09-25T12:27:18,0.0,213.049995422363,339.815,2026-09-28 18:44:43,2026-09-28 14:45:04
AAPL,AAPL270319C00135000,AAPL,2027-03-19,C,135.0,205.75,96.0,209.0,95.0,0.0,31.0,0.0,0.9984,0.0001,0.0172,0.0,0.6259,207.6232,0.0,0.0,0.0,0.0,up,183.35,2026-08-31T11:29:55,0.0,208.200004577637,339.815,2026-09-28 18:44:43,2026-09-28 14:45:04
AAPL,AAPL270319C00140000,AAPL,2027-03-19,C,140.0,201.25,81.0,204.15,105.0,0.4721,44.0,0.0,0.9981,0.0001,0.0194,0.0,0.6486,202.7461,0.0,0.0,0.0,0.0,up,178.7,2026-08-31T11:17:08,0.0,203.125,339.815,2026-09-28 18:44:43,2026-09-28 14:45:04
AAPL,AAPL270319C00145000,AAPL,2027-03-19,C,145.0,196.35,80.0,199.25,186.0,0.4429,61.0,0.0,0.9977,0.0001,0.0218,0.0,0.6712,197.8703,0.0,0.0,0.0,0.0,no_change,158.35,2026-06-16T12:10:06,0.0,198.324996948242,339.815,2026-09-28 18:44:43,2026-09-28 14:45:04
AAPL,AAPL270319C00150000,AAPL,2027-03-19,C,150.0,191.4,82.0,194.35,181.0,0.0,62.0,0.0,0.9973,0.0001,0.0246,0.0,0.6938,192.996,0.0,0.0,0.0,0.0,down,189.42,2026-09-23T11:36:22,0.0,193.549995422363,339.815,2026-09-28 18:44:43,2026-09-28 14:45:04
AAPL,AAPL270319C00155000,AAPL,2027-03-19,C,155.0,186.5,105.0,189.5,105.0,0.3749,235.0,0.0,0.9968,0.0001,0.0277,0.0,0.7163,188.1236,0.0,0.0,0.0,0.0,no_change,159.69,2026-08-06T11:22:02,0.0,188.525001525879,339.815,2026-09-28 18:44:43,2026-09-28 14:45:04
AAPL,AAPL270319C00160000,AAPL,2027-03-19,C,160.0,181.75,94.0,184.65,313.0,0.4363,257.0,0.0,0.9962,0.0001,0.0312,0.0,0.7386,183.2534,0.0,0.0,0.0,0.0,no_change,180.67,2026-09-23T14:46:49,0.0,183.650001525879,339.815,2026-09-28 18:44:43,2026-09-28 14:45:04
AAPL,AAPL270319C00165000,AAPL,2027-03-19,C,165.0,176.8,76.0,179.75,423.0,0.4004,551.0,0.0,0.9956,0.0001,0.0351,0.0,0.7608,178.3858,0.0,0.0,0.0,0.0,up,166.32,2026-09-03T15:29:37,0.0,178.875,339.815,2026-09-28 18:44:43,2026-09-28 14:45:04
AAPL,AAPL270319C00170000,AAPL,2027-03-19,C,170.0,172.0,121.0,174.85,423.0,0.4045,524.0,0.0,0.9949,0.0002,0.0396,0.0,0.7828,173.5213,0.0,0.0,0.0,0.0,down,150.41,2026-08-19T10:00:09,0.0,174.024993896484,339.815,2026-09-28 18:44:43,2026-09-28 14:45:04
AAPL,AAPL270319C00175000,AAPL,2027-03-19,C,175.0,167.1,85.0,170.05,301.0,0.4033,123.0,0.0,0.994,0.0002,0.0447,0.0,0.8046,168.6604,0.0,0.0,0.0,0.0,up,161.37,2026-09-17T10:46:45,0.0,169.050003051758,339.815,2026-09-28 18:44:43,2026-09-28 14:45:04
AAPL,AAPL270319C00180000,AAPL,2027-03-19,C,180.0,162.3,93.0,165.2,307.0,0.4055,270.0,0.0,0.9931,0.0002,0.0505,0.0,0.8262,163.8039,0.0,0.0,0.0,0.0,down,160.91,2026-09-24T13:52:01,0.0,164.199996948242,339.815,2026-09-28 18:44:43,2026-09-28 14:45:04
AAPL,AAPL270319C00185000,AAPL,2027-03-19,C,185.0,157.2,78.0,160.35,102.0,0.3648,22.0,0.0,0.9919,0.0002,0.057,0.0,0.8475,158.9527,0.0,0.0,0.0,0.0,up,131.8,2026-08-07T15:46:46,0.0,159.349998474121,339.815,2026-09-28 18:44:43,2026-09-28 14:45:04
AAPL,AAPL270319C00190000,AAPL,2027-03-19,C,190.0,153.0,99.0,155.5,100.0,0.4212,31.0,0.0,0.9906,0.0003,0.0646,0.0,0.8685,154.1076,0.0,0.0,0.0,0.0,down,151.84,2026-09-24T15:14:31,0.0,154.574996948242,339.815,2026-09-28 18:44:43,2026-09-28 14:45:04
AAPL,AAPL270319C00195000,AAPL,2027-03-19,C,195.0,148.05,347.0,150.65,300.0,0.4034,329.0,0.0,0.989,0.0003,0.0732,0.0,0.889,149.2699,0.0,0.0,0.0,0.0,down,126.93,2026-08-06T09:59:04,0.0,149.5,339.815,2026-09-28 18:44:43,2026-09-28 14:45:04
AAPL,AAPL270319C00200000,AAPL,2027-03-19,C,200.0,143.2,323.0,145.7,288.0,0.3859,107.0,0.0,0.9872,0.0004,0.0828,0.0,0.9092,144.4409,0.0,0.0,0.0,0.0,up,141.7,2026-09-21T10:15:27,0.0,144.974998474121,339.815,2026-09-28 18:44:43,2026-09-28 14:45:04
AAPL,AAPL270319C00210000,AAPL,2027-03-19,C,210.0,133.45,337.0,136.2,282.0,0.3714,168.0,0.0,0.9827,0.0005,0.1063,0.0,0.9478,134.8148,0.0,0.0,0.0,0.0,up,131.35,2026-09-18T09:52:16,0.0,135.424995422363,339.815,2026-09-28 18:44:43,2026-09-28 14:45:04
AAPL,AAPL270319C00220000,AAPL,2027-03-19,C,220.0,124.15,334.0,126.65,322.0,0.3688,117.0,0.0,0.9766,0.0007,0.1358,0.0,0.9837,125.244,0.0,0.0,0.0,0.0,up,126.5,2026-09-25T15:45:09,0.0,125.575000762939,339.815,2026-09-28 18:44:43,2026-09-28 14:45:04
AAPL,AAPL270319C00230000,AAPL,2027-03-19,C,230.0,114.65,432.0,117.15,373.0,0.3542,421.0,1.0,0.9685,0.0009,0.1727,-0.001,1.0159,115.7469,-0.43,116.17,116.17,116.17,down,116.17,2026-09-28T11:25:18,-0.368784,116.600002288818,339.815,2026-09-28 18:44:43,2026-09-28 14:45:04
AAPL,AAPL270319C00240000,AAPL,2027-03-19,C,240.0,105.4,389.0,107.7,356.0,0.3435,469.0,1.0,0.9578,0.0012,0.2178,-0.006,1.0436,106.3468,0.5,107.35,107.35,107.35,up,107.35,2026-09-28T09:30:03,0.467947,106.849998474121,339.815,2026-09-28 18:44:43,2026-09-28 14:45:04
AAPL,AAPL270319C00250000,AAPL,2027-03-19,C,250.0,96.4,368.0,98.4,390.0,0.3358,1182.0,6.0,0.9439,0.0015,0.2714,-0.0116,1.0656,97.0739,0.375,98.15,98.3,98.1,up,98.3,2026-09-28T10:53:27,0.382943,97.9250030517578,339.815,2026-09-28 18:44:43,2026-09-28 14:45:04
AAPL,AAPL270319C00260000,AAPL,2027-03-19,C,260.0,87.2,366.0,89.35,379.0,0.3236,2075.0,0.0,0.9262,0.0019,0.3342,-0.0179,1.0804,87.9652,0.0,0.0,0.0,0.0,up,88.0,2026-09-25T15:57:47,0.0,88.2749977111816,339.815,2026-09-28 18:44:43,2026-09-28 14:45:04
AAPL,AAPL270319C00270000,AAPL,2027-03-19,C,270.0,78.1,338.0,80.35,342.0,0.3094,1808.0,0.0,0.9038,0.0024,0.406,-0.0246,1.0865,79.0661,0.0,0.0,0.0,0.0,up,79.9,2026-09-25T15:43:44,0.0,79.9749984741211,339.815,2026-09-28 18:44:43,2026-09-28 14:45:04
AAPL,AAPL270319C00280000,AAPL,2027-03-19,C,280.0,69.7,279.0,71.15,321.0,0.2971,2265.0,17.0,0.876,0.003,0.485,-0.0317,1.0829,70.4305,-0.6,72.25,72.25,70.35,down,70.35,2026-09-28T10:50:42,-0.845667,70.9500007629394,339.815,2026-09-28 18:44:43,2026-09-28 14:45:04
AAPL,AAPL270319C00290000,AAPL,2027-03-19,C,290.0,61.2,309.0,62.9,350.0,0.2884,2083.0,1.0,0.8423,0.0036,0.5688,-0.039,1.0681,62.1198,-0.655,62.27,62.27,62.27,down,62.27,2026-09-28T14:22:28,-1.04092,62.9249992370606,339.815,2026-09-28 18:44:43,2026-09-28 14:45:04
AAPL,AAPL270319C00300000,AAPL,2027-03-19,C,300.0,53.45,165.0,55.25,382.0,0.2851,3754.0,1.0,0.8022,0.0042,0.6539,-0.046,1.0411,54.2006,1.505,56.28,56.28,56.28,up,56.28,2026-09-28T10:05:55,2.7476,54.7750015258789,339.815,2026-09-28 18:44:43,2026-09-28 14:45:04
AAPL,AAPL270319C00310000,AAPL,2027-03-19,C,310.0,45.65,389.0,46.85,45.0,0.2698,5029.0,28.0,0.7557,0.0049,0.7359,-0.0526,1.0012,46.7406,-0.925,48.7,48.7,46.4,down,46.4,2026-09-28T13:57:43,-1.95457,47.3250007629394,339.815,2026-09-28 18:44:43,2026-09-28 14:45:04
AAPL,AAPL270319C00320000,AAPL,2027-03-19,C,320.0,39.3,399.0,40.2,188.0,0.2701,6245.0,13.0,0.7031,0.0055,0.8096,-0.0583,0.9487,39.8046,-0.775,40.87,40.87,39.75,no_change,39.75,2026-09-28T13:51:01,-1.9124,40.5249996185303,339.815,2026-09-28 18:44:43,2026-09-28 14:45:04
AAPL,AAPL270319C00330000,AAPL,2027-03-19,C,330.0,33.15,191.0,34.0,450.0,0.267,8952.0,70.0,0.6451,0.006,0.8694,-0.0627,0.8847,33.4505,-0.76,35.0,35.0,33.54,down,33.54,2026-09-28T13:49:04,-2.21575,34.3000011444092,339.815,2026-09-28 18:44:43,2026-09-28 14:45:04
AAPL,AAPL270319C00340000,AAPL,2027-03-19,C,340.0,27.6,21.0,27.85,98.0,0.2611,5201.0,101.0,0.5829,0.0064,0.9105,-0.0655,0.8107,27.7032,-0.325,28.13,29.45,27.62,no_change,27.85,2026-09-28T14:25:29,-1.15351,28.1750001907349,339.815,2026-09-28 18:44:43,2026-09-28 14:45:04
AAPL,AAPL270319C00350000,AAPL,2027-03-19,C,350.0,22.45,81.0,22.8,109.0,0.2567,7094.0,181.0,0.5184,0.0066,0.9292,-0.0665,0.7301,22.6379,-0.5,23.6,24.01,22.5,no_change,22.75,2026-09-28T14:06:53,-2.15054,23.25,339.815,2026-09-28 18:44:43,2026-09-28 14:45:04
AAPL,AAPL270319C00360000,AAPL,2027-03-19,C,360.0,18.0,237.0,18.65,658.0,0.2539,6804.0,543.0,0.4538,0.0067,0.9242,-0.0657,0.6461,18.2599,-0.425,19.48,19.76,18.15,no_change,18.4,2026-09-28T13:40:17,-2.25764,18.8249998092651,339.815,2026-09-28 18:44:43,2026-09-28 14:45:04
AAPL,AAPL270319C00370000,AAPL,2027-03-19,C,370.0,14.45,3.0,14.7,237.0,0.2508,6454.0,130.0,0.3906,0.0066,0.8962,-0.0632,0.5612,14.5228,-0.525,15.25,15.65,14.45,no_change,14.45,2026-09-28T13:56:16,-3.50584,14.9749999046326,339.815,2026-09-28 18:44:43,2026-09-28 14:45:04
AAPL,AAPL270319C00380000,AAPL,2027-03-19,C,380.0,11.15,732.0,11.6,210.0,0.2474,7335.0,1403.0,0.3307,0.0062,0.8479,-0.0594,0.479,11.4131,-0.3,11.83,12.3,11.35,no_change,11.45,2026-09-28T14:15:59,-2.55319,11.75,339.815,2026-09-28 18:44:43,2026-09-28 14:45:04
AAPL,AAPL270319C00390000,AAPL,2027-03-19,C,390.0,8.7,100.0,9.2,323.0,0.2471,2825.0,90.0,0.2759,0.0058,0.7839,-0.0544,0.4022,8.8775,-0.305,9.0,9.4,8.87,down,8.87,2026-09-28T13:57:14,-3.32425,9.17500019073486,339.815,2026-09-28 18:44:43,2026-09-28 14:45:04
AAPL,AAPL270319C00400000,AAPL,2027-03-19,C,400.0,6.65,448.0,7.05,577.0,0.245,5172.0,126.0,0.2271,0.0053,0.7092,-0.0489,0.3327,6.8478,-0.175,7.55,7.55,6.9,down,6.9,2026-09-28T13:37:37,-2.4735,7.07499980926514,339.815,2026-09-28 18:44:43,2026-09-28 14:45:04
AAPL,AAPL270319C00410000,AAPL,2027-03-19,C,410.0,5.1,93.0,5.5,381.0,0.2452,2812.0,38.0,0.1848,0.0047,0.6296,-0.0432,0.2716,5.2482,0.075,5.7,5.7,5.36,up,5.5,2026-09-28T13:13:29,1.38249,5.42499995231628,339.815,2026-09-28 18:44:43,2026-09-28 14:45:04
AAPL,AAPL270319C00420000,AAPL,2027-03-19,C,420.0,3.85,604.0,4.1,442.0,0.2437,3987.0,311.0,0.149,0.0041,0.5499,-0.0375,0.2194,4.0034,-0.1,4.25,4.4,3.9,up,4.05,2026-09-28T13:49:29,-2.40964,4.15000009536743,339.815,2026-09-28 18:44:43,2026-09-28 14:45:04
AAPL,AAPL270319C00430000,AAPL,2027-03-19,C,430.0,2.85,430.0,3.15,435.0,0.2435,916.0,46.0,0.1191,0.0035,0.474,-0.0322,0.176,3.0444,-0.075,3.28,3.3,3.1,no_change,3.15,2026-09-28T13:34:35,-2.32558,3.22500002384186,339.815,2026-09-28 18:44:43,2026-09-28 14:45:04
AAPL,AAPL270319C00440000,AAPL,2027-03-19,C,440.0,2.24,63.0,2.36,168.0,0.2448,1682.0,119.0,0.0946,0.0029,0.4032,-0.0272,0.1401,2.3076,-0.095,2.5,2.5,2.27,no_change,2.3,2026-09-28T14:06:53,-3.9666,2.39499998092651,339.815,2026-09-28 18:44:43,2026-09-28 14:45:04
AAPL,AAPL270319C00450000,AAPL,2027-03-19,C,450.0,1.71,64.0,1.89,479.0,0.2474,832.0,20.0,0.0749,0.0024,0.3397,-0.0229,0.1109,1.7512,-0.085,1.88,1.88,1.75,down,1.75,2026-09-28T13:06:53,-4.63215,1.83500003814697,339.815,2026-09-28 18:44:43,2026-09-28 14:45:04
AAPL,AAPL270319C00460000,AAPL,2027-03-19,C,460.0,1.24,237.0,1.4,310.0,0.2466,259.0,0.0,0.0592,0.002,0.2848,-0.0191,0.0876,1.3319,0.0,0.0,0.0,0.0,up,1.48,2026-09-25T15:36:07,0.0,1.43999999761581,339.815,2026-09-28 18:44:43,2026-09-28 14:45:04
AAPL,AAPL270319C00470000,AAPL,2027-03-19,C,470.0,1.0,58.0,1.1,472.0,0.25,280.0,3.0,0.0466,0.0017,0.237,-0.0158,0.0691,1.013,-0.075,1.0,1.0,1.0,down,1.0,2026-09-28T14:08:37,-6.97674,1.07499998807907,339.815,2026-09-28 18:44:43,2026-09-28 14:45:04
AAPL,AAPL270319C00480000,AAPL,2027-03-19,C,480.0,0.73,160.0,0.83,346.0,0.2502,279.0,1.0,0.0367,0.0014,0.1961,-0.0131,0.0544,0.7725,-0.01,0.79,0.79,0.79,up,0.79,2026-09-28T10:04:30,-1.25,0.800000011920929,339.815,2026-09-28 18:44:43,2026-09-28 14:45:04
AAPL,AAPL270319C00490000,AAPL,2027-03-19,C,490.0,0.55,174.0,0.61,61.0,0.2508,468.0,2.0,0.0288,0.0011,0.1618,-0.0108,0.0427,0.5895,0.0,0.57,0.61,0.57,up,0.61,2026-09-28T12:22:01,-2.3451e-06,0.610000014305115,339.815,2026-09-28 18:44:43,2026-09-28 14:45:04
AAPL,AAPL270319C00500000,AAPL,2027-03-19,C,500.0,0.41,268.0,0.48,257.0,0.2527,312.0,101.0,0.0228,0.0009,0.1336,-0.0089,0.0338,0.4552,-0.025,0.42,0.49,0.42,down,0.44,2026-09-28T11:24:07,-5.37634,0.464999988675118,339.815,2026-09-28 18:44:43,2026-09-28 14:45:04
AAPL,AAPL270319C00510000,AAPL,2027-03-19,C,510.0,0.21,481.0,0.49,595.0,0.2552,67.0,0.0,0.018,0.0007,0.11,-0.0073,0.0266,0.3501,0.0,0.0,0.0,0.0,down,0.39,2026-09-17T12:02:02,0.0,0.344999991357326,339.815,2026-09-28 18:44:43,2026-09-28 14:45:04
AAPL,AAPL270319C00520000,AAPL,2027-03-19,C,520.0,0.18,312.0,0.32,271.0,0.2544,143.0,1.0,0.0143,0.0006,0.0908,-0.006,0.0212,0.2726,-0.005,0.26,0.26,0.26,down,0.26,2026-09-28T12:09:20,-1.88679,0.265000000596046,339.815,2026-09-28 18:44:43,2026-09-28 14:45:04
AAPL,AAPL270319C00530000,AAPL,2027-03-19,C,530.0,0.09,519.0,0.34,609.0,0.2597,33.0,1.0,0.0115,0.0005,0.0755,-0.005,0.017,0.2153,0.01,0.22,0.22,0.22,up,0.22,2026-09-28T11:02:10,4.7619,0.21000000089407,339.815,2026-09-28 18:44:43,2026-09-28 14:45:04
AAPL,AAPL270319C00540000,AAPL,2027-03-19,C,540.0,0.09,363.0,0.25,638.0,0.2621,245.0,4.0,0.0092,0.0004,0.0622,-0.0041,0.0136,0.1684,0.01,0.17,0.17,0.17,no_change,0.17,2026-09-28T11:20:05,6.25,0.159999996423721,339.815,2026-09-28 18:44:43,2026-09-28 14:45:04
AAPL,AAPL270319C00550000,AAPL,2027-03-19,C,550.0,0.04,425.0,0.24,661.0,0.2655,57.0,0.0,0.0074,0.0003,0.0519,-0.0035,0.0109,0.1342,0.0,0.0,0.0,0.0,up,0.17,2026-09-22T13:37:55,0.0,0.139999996870756,339.815,2026-09-28 18:44:43,2026-09-28 14:45:04
AAPL,AAPL270319C00560000,AAPL,2027-03-19,C,560.0,0.01,337.0,0.22,482.0,0.2687,83.0,0.0,0.0061,0.0003,0.0435,-0.0029,0.0089,0.108,0.0,0.0,0.0,0.0,down,0.1,2026-09-16T15:37:45,0.0,0.120000001974404,339.815,2026-09-28 18:44:43,2026-09-28 14:45:04
AAPL,AAPL270319C00570000,AAPL,2027-03-19,C,570.0,0.02,173.0,0.12,103.0,0.2636,1384.0,0.0,0.005,0.0002,0.0367,-0.0025,0.0073,0.0878,0.0,0.0,0.0,0.0,no_change,0.08,2026-09-22T09:42:46,0.0,0.115000000223517,339.815,2026-09-28 18:44:43,2026-09-28 14:45:04
AAPL,AAPL270319C00580000,AAPL,2027-03-19,C,580.0,0.01,167.0,0.18,494.0,0.2801,128.0,0.0,0.0041,0.0002,0.0312,-0.0021,0.006,0.0722,0.0,0.0,0.0,0.0,down,0.04,2026-09-14T13:06:20,0.0,0.09500000346452,339.815,2026-09-28 18:44:43,2026-09-28 14:45:04
AAPL,AAPL270319C00590000,AAPL,2027-03-19,C,590.0,0.01,90.0,0.16,434.0,0.2851,8.0,0.0,0.0035,0.0002,0.0266,-0.0018,0.0051,0.0601,0.0,0.0,0.0,0.0,down,0.07,2026-09-24T13:48:22,0.0,0.090000000782311,339.815,2026-09-28 18:44:43,2026-09-28 14:45:04
AAPL,AAPL270319C00600000,AAPL,2027-03-19,C,600.0,0.04,3.0,0.06,1.0,0.2785,5953.0,0.0,0.0029,0.0001,0.023,-0.0016,0.0043,0.0505,0.0,0.0,0.0,0.0,down,0.04,2026-09-25T14:00:22,0.0,0.0599999986588955,339.815,2026-09-28 18:44:43,2026-09-28 14:45:04
AAPL,AAPL270319P00005000,AAPL,2027-03-19,P,5.0,0.0,0.0,0.05,17.0,2.1363,3.0,0.0,0.0,0.0,0.0,0.0,0.0,0.0002,0.0,0.0,0.0,0.0,down,0.01,2026-06-16T13:07:30,0.0,0.025000000372529,339.815,2026-09-28 18:44:43,2026-09-28 14:45:04
AAPL,AAPL270319P00010000,AAPL,2027-03-19,P,10.0,0.0,0.0,0.01,1.0,1.5396,1.0,0.0,0.0,0.0,0.0001,0.0,0.0,0.0006,0.0,0.0,0.0,0.0,down,0.01,2026-06-12T13:26:43,0.0,0.00499999988824129,339.815,2026-09-28 18:44:43,2026-09-28 14:45:04
AAPL,AAPL270319P00015000,AAPL,2027-03-19,P,15.0,0.0,0.0,0.28,268.0,1.8216,0.0,0.0,0.0,0.0,0.0001,0.0,0.0,0.001,0.0,0.0,0.0,0.0,up,0.11,2026-05-28T13:44:15,0.0,0.00499999988824129,339.815,2026-09-28 18:44:43,2026-09-28 14:45:04
AAPL,AAPL270319P00020000,AAPL,2027-03-19,P,20.0,0.0,0.0,0.28,267.0,1.6404,0.0,0.0,0.0,0.0,0.0002,-0.0001,0.0,0.0016,0.0,0.0,0.0,0.0,up,0.11,2026-09-25T11:42:13,0.0,0.140000000596046,339.815,2026-09-28 18:44:43,2026-09-28 14:45:04
AAPL,AAPL270319P00025000,AAPL,2027-03-19,P,25.0,0.0,0.0,0.28,590.0,1.5037,1.0,0.0,0.0,0.0,0.0004,-0.0001,-0.0001,0.0022,0.0,0.0,0.0,0.0,down,0.11,2026-09-25T11:43:00,0.0,0.140000000596046,339.815,2026-09-28 18:44:43,2026-09-28 14:45:04
AAPL,AAPL270319P00030000,AAPL,2027-03-19,P,30.0,0.0,0.0,0.28,389.0,1.3941,1.0,0.0,0.0,0.0,0.0005,-0.0001,-0.0001,0.003,0.0,0.0,0.0,0.0,down,0.11,2026-09-25T11:43:53,0.0,0.140000000596046,339.815,2026-09-28 18:44:43,2026-09-28 14:45:04
AAPL,AAPL270319P00035000,AAPL,2027-03-19,P,35.0,0.0,0.0,0.28,432.0,1.3029,2.0,0.0,-0.0001,0.0,0.0007,-0.0002,-0.0001,0.0039,0.0,0.0,0.0,0.0,down,0.11,2026-09-25T11:45:58,0.0,0.140000000596046,339.815,2026-09-28 18:44:43,2026-09-28 14:45:04
AAPL,AAPL270319P00040000,AAPL,2027-03-19,P,40.0,0.0,0.0,0.25,291.0,1.2098,1.0,6.0,-0.0001,0.0,0.0009,-0.0002,-0.0002,0.005,-0.05,0.04,0.14,0.04,down,0.09,2026-09-28T13:27:14,-35.7143,0.140000000596046,339.815,2026-09-28 18:44:43,2026-09-28 14:45:04
AAPL,AAPL270319P00045000,AAPL,2027-03-19,P,45.0,0.0,0.0,0.23,293.0,1.1325,1.0,6.0,-0.0001,0.0,0.0011,-0.0002,-0.0002,0.0062,-0.04,0.2,0.2,0.01,down,0.1,2026-09-28T13:34:15,-28.5714,0.140000000596046,339.815,2026-09-28 18:44:43,2026-09-28 14:45:04
AAPL,AAPL270319P00050000,AAPL,2027-03-19,P,50.0,0.01,1.0,0.15,687.0,1.0343,655.0,10.0,-0.0001,0.0,0.0013,-0.0003,-0.0003,0.0077,0.035,0.12,0.15,0.02,down,0.07,2026-09-28T13:36:35,100.0,0.034999999217689,339.815,2026-09-28 18:44:43,2026-09-28 14:45:04
AAPL,AAPL270319P00060000,AAPL,2027-03-19,P,60.0,0.0,0.0,0.21,400.0,0.963,12.0,8.0,-0.0002,0.0,0.002,-0.0004,-0.0004,0.0111,-0.03,0.19,0.19,0.05,down,0.06,2026-09-28T13:41:08,-33.3333,0.0900000035762787,339.815,2026-09-28 18:44:43,2026-09-28 14:45:04
AAPL,AAPL270319P00070000,AAPL,2027-03-19,P,70.0,0.0,0.0,0.16,574.0,0.8552,43.0,8.0,-0.0003,0.0,0.0028,-0.0006,-0.0006,0.0154,-0.04,0.17,0.17,0.07,down,0.07,2026-09-28T13:43:12,-36.3636,0.109999999403954,339.815,2026-09-28 18:44:43,2026-09-28 14:45:04
AAPL,AAPL270319P00080000,AAPL,2027-03-19,P,80.0,0.0,0.0,0.21,806.0,0.8069,127.0,8.0,-0.0005,0.0,0.004,-0.0007,-0.0008,0.0209,-0.055,0.17,0.17,0.08,down,0.08,2026-09-28T14:03:37,-40.7407,0.135000005364418,339.815,2026-09-28 18:44:43,2026-09-28 14:45:04
AAPL,AAPL270319P00085000,AAPL,2027-03-19,P,85.0,0.0,0.0,0.19,822.0,0.7663,64.0,7.0,-0.0006,0.0,0.0046,-0.0008,-0.0009,0.0242,0.02,0.17,0.17,0.09,up,0.14,2026-09-28T14:03:37,16.6667,0.119999997317791,339.815,2026-09-28 18:44:43,2026-09-28 14:45:04
AAPL,AAPL270319P00090000,AAPL,2027-03-19,P,90.0,0.0,0.0,0.22,758.0,0.7472,9.0,6.0,-0.0006,0.0,0.0053,-0.0009,-0.0011,0.0279,0.02,0.16,0.16,0.09,down,0.1,2026-09-28T12:51:39,25.0,0.0799999982118606,339.815,2026-09-28 18:44:43,2026-09-28 14:45:04
AAPL,AAPL270319P00095000,AAPL,2027-03-19,P,95.0,0.0,0.0,0.21,742.0,0.7147,48.0,6.0,-0.0008,0.0,0.0062,-0.001,-0.0013,0.0319,0.065,0.16,0.16,0.01,down,0.11,2026-09-28T12:58:29,144.444,0.0450000017881393,339.815,2026-09-28 18:44:43,2026-09-28 14:45:04
AAPL,AAPL270319P00100000,AAPL,2027-03-19,P,100.0,0.0,0.0,0.22,827.0,0.6906,93.0,8.0,-0.0009,0.0,0.0071,-0.0012,-0.0015,0.0364,-0.035,0.1,0.16,0.03,down,0.05,2026-09-28T13:03:51,-41.1765,0.0849999999627471,339.815,2026-09-28 18:44:43,2026-09-28 14:45:04
AAPL,AAPL270319P00105000,AAPL,2027-03-19,P,105.0,0.01,4.0,0.11,23.0,0.6254,35.0,3.0,-0.001,0.0,0.0081,-0.0013,-0.0017,0.0413,0.01,0.08,0.11,0.08,up,0.11,2026-09-28T13:03:51,10.0,0.0999999986961484,339.815,2026-09-28 18:44:43,2026-09-28 14:45:04
AAPL,AAPL270319P00110000,AAPL,2027-03-19,P,110.0,0.01,6.0,0.28,853.0,0.659,72.0,6.0,-0.0012,0.0,0.0093,-0.0014,-0.002,0.0469,0.11,0.15,0.16,0.05,up,0.16,2026-09-28T13:13:49,220.0,0.0500000016763806,339.815,2026-09-28 18:44:43,2026-09-28 14:45:04
AAPL,AAPL270319P00115000,AAPL,2027-03-19,P,115.0,0.01,56.0,0.09,454.0,0.5696,62.0,2.0,-0.0013,0.0,0.0105,-0.0016,-0.0023,0.053,-0.015,0.12,0.12,0.05,down,0.05,2026-09-28T10:08:50,-23.0769,0.0649999985471368,339.815,2026-09-28 18:44:43,2026-09-28 14:45:04
AAPL,AAPL270319P00120000,AAPL,2027-03-19,P,120.0,0.05,2.0,0.15,546.0,0.5873,126.0,4.0,-0.0015,0.0,0.012,-0.0018,-0.0026,0.0599,-0.03,0.11,0.11,0.06,down,0.06,2026-09-28T12:08:08,-33.3333,0.0899999979883432,339.815,2026-09-28 18:44:43,2026-09-28 14:45:04
AAPL,AAPL270319P00125000,AAPL,2027-03-19,P,125.0,0.02,6.0,0.13,23.0,0.5494,33.0,0.0,-0.0018,0.0,0.0136,-0.002,-0.003,0.0675,0.0,0.0,0.0,0.0,up,0.07,2026-09-24T11:06:06,0.0,0.0699999975040555,339.815,2026-09-28 18:44:43,2026-09-28 14:45:04
AAPL,AAPL270319P00130000,AAPL,2027-03-19,P,130.0,0.01,9.0,0.13,324.0,0.5257,68.0,1.0,-0.002,0.0,0.0154,-0.0022,-0.0034,0.076,-0.005,0.07,0.07,0.07,down,0.07,2026-09-28T09:41:11,-6.66666,0.0749999983236194,339.815,2026-09-28 18:44:43,2026-09-28 14:45:04
AAPL,AAPL270319P00135000,AAPL,2027-03-19,P,135.0,0.05,6.0,0.14,317.0,0.5224,115.0,0.0,-0.0023,0.0001,0.0173,-0.0024,-0.0039,0.0855,0.0,0.0,0.0,0.0,no_change,0.12,2026-09-22T12:36:51,0.0,0.0950000006705522,339.815,2026-09-28 18:44:43,2026-09-28 14:45:04
AAPL,AAPL270319P00140000,AAPL,2027-03-19,P,140.0,0.03,10.0,0.14,24.0,0.4975,87.0,13.0,-0.0026,0.0001,0.0195,-0.0026,-0.0044,0.0962,0.005,0.1,0.11,0.06,up,0.1,2026-09-28T14:29:14,5.26316,0.0949999978765845,339.815,2026-09-28 18:44:43,2026-09-28 14:45:04
AAPL,AAPL270319P00145000,AAPL,2027-03-19,P,145.0,0.01,333.0,0.18,443.0,0.4849,75.0,1.0,-0.003,0.0001,0.022,-0.0029,-0.005,0.1082,-0.04,0.1,0.1,0.1,down,0.1,2026-09-28T09:30:02,-28.5714,0.140000004321337,339.815,2026-09-28 18:44:43,2026-09-28 14:45:04
AAPL,AAPL270319P00150000,AAPL,2027-03-19,P,150.0,0.1,1.0,0.18,48.0,0.4873,196.0,0.0,-0.0034,0.0001,0.0248,-0.0032,-0.0057,0.1219,0.0,0.0,0.0,0.0,up,0.17,2026-09-22T11:48:06,0.0,0.144999999552965,339.815,2026-09-28 18:44:43,2026-09-28 14:45:04
AAPL,AAPL270319P00155000,AAPL,2027-03-19,P,155.0,0.1,6.0,0.22,373.0,0.4766,63.0,0.0,-0.0039,0.0001,0.0279,-0.0035,-0.0065,0.1374,0.0,0.0,0.0,0.0,no_change,0.25,2026-09-08T09:36:22,0.0,0.165000002831221,339.815,2026-09-28 18:44:43,2026-09-28 14:45:04
AAPL,AAPL270319P00160000,AAPL,2027-03-19,P,160.0,0.1,80.0,0.25,540.0,0.4639,97.0,0.0,-0.0044,0.0001,0.0314,-0.0038,-0.0074,0.1551,0.0,0.0,0.0,0.0,down,0.22,2026-09-11T11:46:36,0.0,0.179999995976686,339.815,2026-09-28 18:44:43,2026-09-28 14:45:04
AAPL,AAPL270319P00165000,AAPL,2027-03-19,P,165.0,0.14,20.0,0.19,235.0,0.4437,1882.0,1.0,-0.0051,0.0001,0.0354,-0.0042,-0.0084,0.1754,0.015,0.18,0.18,0.18,down,0.18,2026-09-28T11:20:11,9.09091,0.16499999910593,339.815,2026-09-28 18:44:43,2026-09-28 14:45:04
AAPL,AAPL270319P00170000,AAPL,2027-03-19,P,170.0,0.08,369.0,0.32,649.0,0.4371,497.0,0.0,-0.0058,0.0002,0.04,-0.0047,-0.0097,0.1988,0.0,0.0,0.0,0.0,down,0.25,2026-09-24T11:54:19,0.0,0.21000000834465,339.815,2026-09-28 18:44:43,2026-09-28 14:45:04
AAPL,AAPL270319P00175000,AAPL,2027-03-19,P,175.0,0.11,358.0,0.36,757.0,0.4292,1560.0,0.0,-0.0067,0.0002,0.0452,-0.0052,-0.0111,0.226,0.0,0.0,0.0,0.0,no_change,0.29,2026-09-23T14:42:54,0.0,0.24999999627471,339.815,2026-09-28 18:44:43,2026-09-28 14:45:04
AAPL,AAPL270319P00180000,AAPL,2027-03-19,P,180.0,0.21,120.0,0.31,330.0,0.4183,746.0,15.0,-0.0077,0.0002,0.0508,-0.0057,-0.0127,0.2571,0.035,0.25,0.28,0.24,up,0.27,2026-09-28T13:43:21,14.8936,0.235000006854534,339.815,2026-09-28 18:44:43,2026-09-28 14:45:04
AAPL,AAPL270319P00185000,AAPL,2027-03-19,P,185.0,0.25,37.0,0.32,105.0,0.4071,595.0,30.0,-0.0088,0.0002,0.0576,-0.0064,-0.0146,0.2946,0.0,0.36,0.36,0.3,down,0.3,2026-09-28T14:00:59,-3.97364e-06,0.300000011920929,339.815,2026-09-28 18:44:43,2026-09-28 14:45:04
AAPL,AAPL270319P00190000,AAPL,2027-03-19,P,190.0,0.3,120.0,0.36,135.0,0.3992,1018.0,93.0,-0.0102,0.0003,0.0653,-0.007,-0.0168,0.3378,-0.02,0.36,0.38,0.31,up,0.32,2026-09-28T13:50:45,-5.88235,0.340000003576279,339.815,2026-09-28 18:44:43,2026-09-28 14:45:04
AAPL,AAPL270319P00195000,AAPL,2027-03-19,P,195.0,0.31,403.0,0.42,113.0,0.389,1023.0,55.0,-0.0118,0.0003,0.0739,-0.0078,-0.0194,0.3886,0.0,0.46,0.46,0.34,down,0.35,2026-09-28T12:50:43,-2.55448e-06,0.350000008940697,339.815,2026-09-28 18:44:43,2026-09-28 14:45:04
AAPL,AAPL270319P00200000,AAPL,2027-03-19,P,200.0,0.4,407.0,0.49,260.0,0.3843,2547.0,11.0,-0.0136,0.0004,0.0835,-0.0087,-0.0223,0.4481,-0.005,0.48,0.48,0.43,down,0.43,2026-09-28T14:00:59,-1.14942,0.434999987483025,339.815,2026-09-28 18:44:43,2026-09-28 14:45:04
AAPL,AAPL270319P00210000,AAPL,2027-03-19,P,210.0,0.56,136.0,0.64,82.0,0.3704,2068.0,7.0,-0.0182,0.0005,0.1075,-0.0108,-0.03,0.5996,0.045,0.65,0.66,0.65,down,0.65,2026-09-28T10:55:47,7.43802,0.604999989271164,339.815,2026-09-28 18:44:43,2026-09-28 14:45:04
AAPL,AAPL270319P00220000,AAPL,2027-03-19,P,220.0,0.77,76.0,0.95,405.0,0.3612,2570.0,189.0,-0.0244,0.0007,0.1374,-0.0135,-0.04,0.8072,-0.05,0.82,0.82,0.77,no_change,0.77,2026-09-28T14:06:54,-6.09756,0.819999992847443,339.815,2026-09-28 18:44:43,2026-09-28 14:45:04
AAPL,AAPL270319P00230000,AAPL,2027-03-19,P,230.0,1.02,308.0,1.13,60.0,0.3443,3564.0,278.0,-0.0327,0.0009,0.1744,-0.0167,-0.0533,1.0905,-0.025,1.06,1.13,1.06,no_change,1.09,2026-09-28T13:48:54,-2.24215,1.11500000953674,339.815,2026-09-28 18:44:43,2026-09-28 14:45:04
AAPL,AAPL270319P00240000,AAPL,2027-03-19,P,240.0,1.46,58.0,1.53,180.0,0.3352,6582.0,319.0,-0.0436,0.0012,0.2205,-0.0204,-0.071,1.4729,-0.055,1.49,1.49,1.39,no_change,1.46,2026-09-28T14:14:53,-3.63036,1.51499998569489,339.815,2026-09-28 18:44:43,2026-09-28 14:45:04
AAPL,AAPL270319P00250000,AAPL,2027-03-19,P,250.0,1.87,356.0,2.05,117.0,0.3229,10495.0,5.0,-0.0577,0.0015,0.2755,-0.0249,-0.0938,1.9819,-0.14,1.91,1.93,1.87,up,1.93,2026-09-28T13:11:25,-6.76329,2.07000005245209,339.815,2026-09-28 18:44:43,2026-09-28 14:45:04
AAPL,AAPL270319P00260000,AAPL,2027-03-19,P,260.0,2.46,400.0,2.72,68.0,0.3121,5973.0,3.0,-0.0759,0.002,0.3385,-0.03,-0.1223,2.662,0.005,2.5,2.68,2.5,up,2.68,2026-09-28T10:54:33,0.186918,2.67499995231628,339.815,2026-09-28 18:44:43,2026-09-28 14:45:04
AAPL,AAPL270319P00270000,AAPL,2027-03-19,P,270.0,3.5,146.0,3.6,79.0,0.3052,7577.0,84.0,-0.0989,0.0025,0.4105,-0.0356,-0.1579,3.5581,0.0,3.44,3.6,3.35,no_change,3.55,2026-09-28T14:29:32,-2.0148e-06,3.55000007152557,339.815,2026-09-28 18:44:43,2026-09-28 14:45:04
AAPL,AAPL270319P00280000,AAPL,2027-03-19,P,280.0,4.55,364.0,5.0,560.0,0.2979,8395.0,302.0,-0.1277,0.0031,0.4917,-0.0417,-0.2021,4.7334,0.1,4.6,4.75,4.42,up,4.75,2026-09-28T13:41:11,2.15054,4.64999985694885,339.815,2026-09-28 18:44:43,2026-09-28 14:45:04
AAPL,AAPL270319P00290000,AAPL,2027-03-19,P,290.0,6.1,287.0,6.35,436.0,0.2896,10011.0,461.0,-0.1623,0.0037,0.577,-0.048,-0.2547,6.2284,0.025,6.05,6.25,5.9,up,6.25,2026-09-28T13:57:45,0.401608,6.22499990463257,339.815,2026-09-28 18:44:43,2026-09-28 14:45:04
AAPL,AAPL270319P00300000,AAPL,2027-03-19,P,300.0,7.9,379.0,8.2,122.0,0.2815,8860.0,703.0,-0.204,0.0044,0.6642,-0.0542,-0.3153,8.1368,0.2,7.85,8.25,7.55,no_change,8.2,2026-09-28T14:11:21,2.5,8.00000023841858,339.815,2026-09-28 18:44:43,2026-09-28 14:45:04
AAPL,AAPL270319P00310000,AAPL,2027-03-19,P,310.0,10.45,24.0,10.6,244.0,0.2762,8354.0,207.0,-0.2531,0.0051,0.7454,-0.0602,-0.3839,10.5425,0.15,9.95,10.65,9.9,up,10.55,2026-09-28T14:23:32,1.44231,10.4000000953674,339.815,2026-09-28 18:44:43,2026-09-28 14:45:04
AAPL,AAPL270319P00320000,AAPL,2027-03-19,P,320.0,13.4,66.0,13.55,210.0,0.2708,6279.0,316.0,-0.3082,0.0058,0.8174,-0.0652,-0.4549,13.4684,0.325,13.02,13.6,12.78,no_change,13.45,2026-09-28T14:07:04,2.47619,13.125,339.815,2026-09-28 18:44:43,2026-09-28 14:45:04
AAPL,AAPL270319P00330000,AAPL,2027-03-19,P,330.0,16.95,23.0,17.1,204.0,0.2655,14362.0,98.0,-0.37,0.0064,0.8735,-0.0692,-0.5266,17.0295,0.15,16.0,17.17,16.0,no_change,17.0,2026-09-28T14:06:53,0.890211,16.8499994277954,339.815,2026-09-28 18:44:43,2026-09-28 14:45:04
AAPL,AAPL270319P00340000,AAPL,2027-03-19,P,340.0,21.1,112.0,21.35,163.0,0.2605,1641.0,291.0,-0.4368,0.0069,0.9089,-0.0717,-0.6,21.2667,0.15,20.4,21.39,20.05,down,21.2,2026-09-28T14:25:56,0.712588,21.0500001907349,339.815,2026-09-28 18:44:43,2026-09-28 14:45:04
AAPL,AAPL270319P00350000,AAPL,2027-03-19,P,350.0,26.05,51.0,26.45,267.0,0.2571,1304.0,12.0,-0.5073,0.0073,0.9173,-0.0726,-0.6592,26.2217,0.025,25.35,26.0,25.05,no_change,26.0,2026-09-28T13:21:47,0.0962449,25.9750003814697,339.815,2026-09-28 18:44:43,2026-09-28 14:45:04
AAPL,AAPL270319P00360000,AAPL,2027-03-19,P,360.0,31.75,47.0,32.0,50.0,0.2528,214.0,40.0,-0.5796,0.0075,0.8954,-0.0717,-0.702,31.9173,0.025,31.15,31.65,30.55,up,31.65,2026-09-28T13:37:34,0.0790514,31.625,339.815,2026-09-28 18:44:43,2026-09-28 14:45:04
AAPL,AAPL270319P00370000,AAPL,2027-03-19,P,370.0,38.2,8.0,38.5,65.0,0.2502,119.0,4.0,-0.6516,0.0075,0.8405,-0.0692,-0.7217,38.3549,0.425,37.25,38.25,37.25,up,38.25,2026-09-28T14:25:47,1.12359,37.8250007629394,339.815,2026-09-28 18:44:43,2026-09-28 14:45:04
AAPL,AAPL270319P00380000,AAPL,2027-03-19,P,380.0,44.65,369.0,46.6,402.0,0.2494,144.0,16.0,-0.7217,0.0074,0.7557,-0.0655,-0.7053,45.5117,0.325,44.45,45.4,43.4,up,45.4,2026-09-28T13:49:10,0.721023,45.0749988555908,339.815,2026-09-28 18:44:43,2026-09-28 14:45:04
AAPL,AAPL270319P00390000,AAPL,2027-03-19,P,390.0,52.5,280.0,54.15,280.0,0.2458,41.0,2.0,-0.7884,0.0071,0.6449,-0.0613,-0.6444,53.3429,-0.875,52.25,52.25,52.2,down,52.2,2026-09-28T09:30:14,-1.64861,53.0750007629394,339.815,2026-09-28 18:44:43,2026-09-28 14:45:04
AAPL,AAPL270319P00400000,AAPL,2027-03-19,P,400.0,60.65,277.0,63.0,262.0,0.2456,26.0,2.0,-0.8508,0.0068,0.5131,-0.0566,-0.5485,61.7929,-0.45,60.5,60.5,60.5,no_change,60.5,2026-09-28T09:30:14,-0.738308,60.9499988555908,339.815,2026-09-28 18:44:43,2026-09-28 14:45:04
AAPL,AAPL270319P00410000,AAPL,2027-03-19,P,410.0,69.9,160.0,71.95,164.0,0.2483,11.0,2.0,-0.9092,0.0068,0.3669,-0.0494,-0.3785,70.7852,-0.8,69.4,69.4,69.4,no_change,69.4,2026-09-28T09:30:15,-1.1396,70.2000007629394,339.815,2026-09-28 18:44:43,2026-09-28 14:45:04
AAPL,AAPL270319P00420000,AAPL,2027-03-19,P,420.0,80.0,39.0,80.5,54.0,0.2411,0.0,2.0,-0.9602,0.0056,0.1735,-0.0588,-0.187,80.2935,-0.95,78.85,78.85,78.8,down,78.8,2026-09-28T09:30:15,-1.19122,79.75,339.815,2026-09-28 18:44:43,2026-09-28 14:45:04
AAPL,AAPL270319P00430000,AAPL,2027-03-19,P,430.0,89.1,104.0,91.4,123.0,0.261,0.0,0.0,-0.9901,0.0019,0.0027,-0.0498,0.0,90.185,0.0,0.0,0.0,0.0,no_change,0.0,,0.0,89.9000015258789,339.815,2026-09-28 18:44:43,2026-09-28 14:45:04
AAPL,AAPL270319P00440000,AAPL,2027-03-19,P,440.0,99.0,100.0,101.4,101.0,0.2748,0.0,0.0,-1.0,0.0,0.0,-0.0498,0.0,100.185,0.0,0.0,0.0,0.0,down,120.21,2026-08-28T13:26:07,0.0,99.625,339.815,2026-09-28 18:44:43,2026-09-28 14:45:04
AAPL,AAPL270319P00450000,AAPL,2027-03-19,P,450.0,109.0,99.0,111.3,95.0,0.0,0.0,0.0,-1.0,0.0,0.0,-0.0498,0.0,110.185,0.0,0.0,0.0,0.0,down,146.15,2026-06-08T14:57:57,0.0,109.625,339.815,2026-09-28 18:44:43,2026-09-28 14:45:04
AAPL,AAPL270319P00460000,AAPL,2027-03-19,P,460.0,119.0,99.0,121.4,100.0,0.3106,0.0,0.0,-1.0,0.0,0.0,-0.0498,0.0,120.185,0.0,0.0,0.0,0.0,no_change,0.0,,0.0,119.949996948242,339.815,2026-09-28 18:44:43,2026-09-28 14:45:04
AAPL,AAPL270319P00470000,AAPL,2027-03-19,P,470.0,128.9,102.0,131.4,90.0,0.0,0.0,0.0,-1.0,0.0,0.0,-0.0498,0.0,130.185,0.0,0.0,0.0,0.0,no_change,0.0,,0.0,129.549999237061,339.815,2026-09-28 18:44:43,2026-09-28 14:45:04
AAPL,AAPL270319P00480000,AAPL,2027-03-19,P,480.0,138.9,96.0,141.4,96.0,0.0,0.0,0.0,-1.0,0.0,0.0,-0.0498,0.0,140.185,0.0,0.0,0.0,0.0,no_change,0.0,,0.0,139.799995422363,339.815,2026-09-28 18:44:43,2026-09-28 14:45:04
AAPL,AAPL270319P00490000,AAPL,2027-03-19,P,490.0,149.0,97.0,151.4,89.0,0.3604,0.0,0.0,-1.0,0.0,0.0,-0.0498,0.0,150.185,0.0,0.0,0.0,0.0,no_change,0.0,,0.0,149.799995422363,339.815,2026-09-28 18:44:43,2026-09-28 14:45:04
AAPL,AAPL270319P00500000,AAPL,2027-03-19,P,500.0,159.0,92.0,161.4,93.0,0.376,0.0,0.0,-1.0,0.0,0.0,-0.0498,0.0,160.185,0.0,0.0,0.0,0.0,no_change,0.0,,0.0,159.799995422363,339.815,2026-09-28 18:44:43,2026-09-28 14:45:04
AAPL,AAPL270319P00510000,AAPL,2027-03-19,P,510.0,169.0,97.0,171.35,97.0,0.0,0.0,0.0,-1.0,0.0,0.0,-0.0498,0.0,170.185,0.0,0.0,0.0,0.0,no_change,0.0,,0.0,169.799995422363,339.815,2026-09-28 18:44:43,2026-09-28 14:45:04
AAPL,AAPL270319P00520000,AAPL,2027-03-19,P,520.0,179.0,102.0,181.4,102.0,0.4062,0.0,0.0,-1.0,0.0,0.0,-0.0498,0.0,180.185,0.0,0.0,0.0,0.0,no_change,0.0,,0.0,179.599998474121,339.815,2026-09-28 18:44:43,2026-09-28 14:45:04
AAPL,AAPL270319P00530000,AAPL,2027-03-19,P,530.0,188.9,92.0,191.4,82.0,0.0,0.0,0.0,-1.0,0.0,0.0,-0.0498,0.0,190.185,0.0,0.0,0.0,0.0,no_change,0.0,,0.0,189.799995422363,339.815,2026-09-28 18:44:43,2026-09-28 14:45:04
AAPL,AAPL270319P00540000,AAPL,2027-03-19,P,540.0,199.0,99.0,201.4,99.0,0.435,0.0,0.0,-1.0,0.0,0.0,-0.0498,0.0,200.185,0.0,0.0,0.0,0.0,no_change,0.0,,0.0,199.799995422363,339.815,2026-09-28 18:44:43,2026-09-28 14:45:04
AAPL,AAPL270319P00550000,AAPL,2027-03-19,P,550.0,209.0,102.0,211.4,102.0,0.449,0.0,0.0,-1.0,0.0,0.0,-0.0498,0.0,210.185,0.0,0.0,0.0,0.0,no_change,0.0,,0.0,209.799995422363,339.815,2026-09-28 18:44:43,2026-09-28 14:45:04
AAPL,AAPL270319P00560000,AAPL,2027-03-19,P,560.0,218.9,92.0,221.4,80.0,0.0,0.0,0.0,-1.0,0.0,0.0,-0.0498,0.0,220.185,0.0,0.0,0.0,0.0,no_change,0.0,,0.0,219.599998474121,339.815,2026-09-28 18:44:43,2026-09-28 14:45:04
AAPL,AAPL270319P00570000,AAPL,2027-03-19,P,570.0,228.9,91.0,231.4,91.0,0.0,0.0,0.0,-1.0,0.0,0.0,-0.0498,0.0,230.185,0.0,0.0,0.0,0.0,no_change,0.0,,0.0,229.549995422363,339.815,2026-09-28 18:44:43,2026-09-28 14:45:04
AAPL,AAPL270319P00580000,AAPL,2027-03-19,P,580.0,239.0,90.0,241.4,91.0,0.489,0.0,0.0,-1.0,0.0,0.0,-0.0498,0.0,240.185,0.0,0.0,0.0,0.0,no_change,0.0,,0.0,239.574996948242,339.815,2026-09-28 18:44:43,2026-09-28 14:45:04
AAPL,AAPL270319P00590000,AAPL,2027-03-19,P,590.0,248.9,97.0,251.4,91.0,0.0,0.0,0.0,-1.0,0.0,0.0,-0.0498,0.0,250.185,0.0,0.0,0.0,0.0,no_change,0.0,,0.0,249.574996948242,339.815,2026-09-28 18:44:43,2026-09-28 14:45:04
AAPL,AAPL270319P00600000,AAPL,2027-03-19,P,600.0,258.15,90.0,261.4,90.0,0.0,0.0,0.0,-1.0,0.0,0.0,-0.0498,0.0,260.185,0.0,0.0,0.0,0.0,up,283.39,2026-09-08T09:48:06,0.0,259.575012207031,339.815,2026-09-28 18:44:43,2026-09-28 14:45:04
AAPL,AAPL270416C00195000,AAPL,2027-04-16,C,195.0,149.2,89.0,151.55,76.0,0.4001,22.0,0.0,0.987,0.0004,0.0915,0.0,1.0231,150.1739,0.0,0.0,0.0,0.0,down,146.78,2026-09-24T11:58:53,0.0,150.699996948242,339.815,2026-09-28 18:44:43,2026-09-28 14:45:04
AAPL,AAPL270416C00200000,AAPL,2027-04-16,C,200.0,144.55,80.0,146.75,80.0,0.3968,3.0,0.0,0.9849,0.0004,0.1033,0.0,1.0458,145.3794,0.0,0.0,0.0,0.0,no_change,140.96,2026-09-18T12:07:00,0.0,145.900001525879,339.815,2026-09-28 18:44:43,2026-09-28 14:45:04
AAPL,AAPL270416C00210000,AAPL,2027-04-16,C,210.0,134.55,81.0,137.2,79.0,0.3631,2.0,0.0,0.9797,0.0006,0.1312,0.0,1.0889,135.8284,0.0,0.0,0.0,0.0,up,136.0,2026-09-22T10:17:16,0.0,136.375,339.815,2026-09-28 18:44:43,2026-09-28 14:45:04
AAPL,AAPL270416C00215000,AAPL,2027-04-16,C,215.0,130.35,129.0,132.5,134.0,0.3757,5.0,0.0,0.9765,0.0006,0.1477,0.0,1.1093,131.0759,0.0,0.0,0.0,0.0,up,112.89,2026-09-04T10:44:47,0.0,131.599998474121,339.815,2026-09-28 18:44:43,2026-09-28 14:45:04
AAPL,AAPL270416C00220000,AAPL,2027-04-16,C,220.0,125.5,176.0,127.75,198.0,0.3642,3.0,7.0,0.9728,0.0007,0.1661,0.0,1.1286,126.3417,-0.05,127.08,127.08,127.0,no_change,127.0,2026-09-28T12:16:09,-0.039351,127.049995422363,339.815,2026-09-28 18:44:43,2026-09-28 14:45:04
AAPL,AAPL270416C00225000,AAPL,2027-04-16,C,225.0,120.65,150.0,123.05,150.0,0.3538,3.0,0.0,0.9686,0.0008,0.1862,-0.0012,1.1469,121.6288,0.0,0.0,0.0,0.0,no_change,119.0,2026-09-18T09:38:53,0.0,122.575000762939,339.815,2026-09-28 18:44:43,2026-09-28 14:45:04
AAPL,AAPL270416C00230000,AAPL,2027-04-16,C,230.0,116.1,138.0,118.0,112.0,0.3421,20.0,0.0,0.9639,0.001,0.2083,-0.0033,1.164,116.9397,0.0,0.0,0.0,0.0,up,114.56,2026-09-24T15:00:40,0.0,117.25,339.815,2026-09-28 18:44:43,2026-09-28 14:45:04
AAPL,AAPL270416C00235000,AAPL,2027-04-16,C,235.0,111.2,136.0,113.7,134.0,0.339,17.0,0.0,0.9584,0.0011,0.2328,-0.0056,1.1796,112.278,0.0,0.0,0.0,0.0,down,109.33,2026-09-23T12:47:49,0.0,112.649997711182,339.815,2026-09-28 18:44:43,2026-09-28 14:45:04
AAPL,AAPL270416C00240000,AAPL,2027-04-16,C,240.0,106.55,141.0,109.05,132.0,0.3326,14.0,0.0,0.9523,0.0012,0.2591,-0.0079,1.1938,107.6476,0.0,0.0,0.0,0.0,down,86.0,2026-09-09T15:15:55,0.0,108.275001525879,339.815,2026-09-28 18:44:43,2026-09-28 14:45:04
AAPL,AAPL270416C00245000,AAPL,2027-04-16,C,245.0,101.95,105.0,104.45,96.0,0.3271,28.0,0.0,0.9453,0.0014,0.2877,-0.0105,1.2063,103.0521,0.0,0.0,0.0,0.0,down,81.14,2026-09-09T09:45:41,0.0,103.375,339.815,2026-09-28 18:44:43,2026-09-28 14:45:04
AAPL,AAPL270416C00250000,AAPL,2027-04-16,C,250.0,97.45,184.0,99.9,156.0,0.323,75.0,0.0,0.9375,0.0016,0.3189,-0.0131,1.2168,98.4965,0.0,0.0,0.0,0.0,down,94.24,2026-09-25T10:13:43,0.0,98.9249992370606,339.815,2026-09-28 18:44:43,2026-09-28 14:45:04
AAPL,AAPL270416C00255000,AAPL,2027-04-16,C,255.0,92.8,153.0,95.0,124.0,0.3104,46.0,0.0,0.9287,0.0017,0.3517,-0.0159,1.2254,93.9857,0.0,0.0,0.0,0.0,up,97.2,2026-09-22T11:07:54,0.0,94.2999992370606,339.815,2026-09-28 18:44:43,2026-09-28 14:45:04
AAPL,AAPL270416C00260000,AAPL,2027-04-16,C,260.0,88.55,387.0,90.9,391.0,0.314,450.0,0.0,0.9189,0.0019,0.387,-0.0188,1.2318,89.5246,0.0,0.0,0.0,0.0,down,89.41,2026-09-25T14:05:14,0.0,90.1749992370606,339.815,2026-09-28 18:44:43,2026-09-28 14:45:04
AAPL,AAPL270416C00265000,AAPL,2027-04-16,C,265.0,84.0,155.0,85.75,13.0,0.2987,11.0,0.0,0.908,0.0022,0.4244,-0.0217,1.2356,85.1197,0.0,0.0,0.0,0.0,up,84.69,2026-09-25T12:41:09,0.0,86.0249977111816,339.815,2026-09-28 18:44:43,2026-09-28 14:45:04
AAPL,AAPL270416C00270000,AAPL,2027-04-16,C,270.0,80.35,47.0,81.9,331.0,0.3084,48.0,6.0,0.8959,0.0024,0.4632,-0.0248,1.2372,80.7768,1.58,82.78,82.78,82.78,up,82.78,2026-09-28T10:09:56,1.94582,81.1999969482422,339.815,2026-09-28 18:44:43,2026-09-28 14:45:04
AAPL,AAPL270416C00275000,AAPL,2027-04-16,C,275.0,75.4,398.0,77.85,388.0,0.2996,67.0,19.0,0.8826,0.0026,0.5042,-0.0279,1.2358,76.502,0.55,77.46,77.75,77.46,no_change,77.75,2026-09-28T11:54:20,0.712434,77.2000007629394,339.815,2026-09-28 18:44:43,2026-09-28 14:45:04
AAPL,AAPL270416C00280000,AAPL,2027-04-16,C,280.0,71.45,320.0,73.65,387.0,0.2982,261.0,0.0,0.868,0.0029,0.546,-0.0311,1.2315,72.303,0.0,0.0,0.0,0.0,down,71.11,2026-09-23T09:55:12,0.0,73.0250015258789,339.815,2026-09-28 18:44:43,2026-09-28 14:45:04
AAPL,AAPL270416C00285000,AAPL,2027-04-16,C,285.0,67.25,356.0,69.5,426.0,0.2934,2182.0,11.0,0.8521,0.0032,0.5887,-0.0343,1.2246,68.1858,-0.025,69.86,69.86,68.86,no_change,69.0,2026-09-28T12:45:12,-0.036221,69.0250015258789,339.815,2026-09-28 18:44:43,2026-09-28 14:45:04
AAPL,AAPL270416C00290000,AAPL,2027-04-16,C,290.0,63.65,106.0,65.25,435.0,0.2916,105.0,13.0,0.8347,0.0034,0.6325,-0.0374,1.214,64.1581,-1.2,65.05,65.17,63.5,down,63.5,2026-09-28T13:59:37,-1.85471,64.6999988555908,339.815,2026-09-28 18:44:43,2026-09-28 14:45:04
AAPL,AAPL270416C00295000,AAPL,2027-04-16,C,295.0,59.5,127.0,61.55,371.0,0.2882,32.0,0.0,0.816,0.0037,0.6756,-0.0406,1.2008,60.2273,0.0,0.0,0.0,0.0,up,58.5,2026-09-21T10:21:07,0.0,60.7250003814697,339.815,2026-09-28 18:44:43,2026-09-28 14:45:04
AAPL,AAPL270416C00300000,AAPL,2027-04-16,C,300.0,55.8,222.0,57.6,452.0,0.285,125.0,0.0,0.7959,0.004,0.7188,-0.0436,1.1841,56.3995,0.0,0.0,0.0,0.0,down,52.85,2026-09-24T09:44:12,0.0,57.3249988555908,339.815,2026-09-28 18:44:43,2026-09-28 14:45:04
AAPL,AAPL270416C00305000,AAPL,2027-04-16,C,305.0,52.0,179.0,53.95,482.0,0.2818,17.0,0.0,0.7744,0.0043,0.7608,-0.0465,1.164,52.6833,0.0,0.0,0.0,0.0,up,50.0,2026-09-18T10:04:55,0.0,53.1000003814697,339.815,2026-09-28 18:44:43,2026-09-28 14:45:04
AAPL,AAPL270416C00310000,AAPL,2027-04-16,C,310.0,48.1,480.0,50.0,488.0,0.2748,87.0,10.0,0.7515,0.0046,0.8009,-0.0492,1.1413,49.084,-0.01,50.65,50.65,49.37,up,49.49,2026-09-28T12:12:47,-0.020202,49.5,339.815,2026-09-28 18:44:43,2026-09-28 14:45:04
AAPL,AAPL270416C00315000,AAPL,2027-04-16,C,315.0,44.8,344.0,46.95,631.0,0.2757,158.0,1764.0,0.7274,0.0048,0.8395,-0.0518,1.1145,45.609,-0.19,45.5,46.4,45.2,up,45.96,2026-09-28T12:12:47,-0.411704,46.1500015258789,339.815,2026-09-28 18:44:43,2026-09-28 14:45:04
AAPL,AAPL270416C00320000,AAPL,2027-04-16,C,320.0,41.65,287.0,43.35,592.0,0.2727,114.0,11.0,0.702,0.0051,0.8746,-0.0541,1.0857,42.2646,0.54,43.19,43.19,43.14,down,43.14,2026-09-28T12:30:12,1.26761,42.5999984741211,339.815,2026-09-28 18:44:43,2026-09-28 14:45:04
AAPL,AAPL270416C00325000,AAPL,2027-04-16,C,325.0,37.95,440.0,39.35,67.0,0.2631,183.0,0.0,0.6756,0.0053,0.9068,-0.0562,1.0534,39.0552,0.0,0.0,0.0,0.0,up,38.7,2026-09-25T13:08:05,0.0,39.375,339.815,2026-09-28 18:44:43,2026-09-28 14:45:04
AAPL,AAPL270416C00330000,AAPL,2027-04-16,C,330.0,35.6,143.0,36.65,428.0,0.2668,127.0,1.0,0.6481,0.0056,0.9349,-0.0579,1.0185,35.9877,-0.28,35.97,35.97,35.97,up,35.97,2026-09-28T13:49:04,-0.772414,36.25,339.815,2026-09-28 18:44:43,2026-09-28 14:45:04
AAPL,AAPL270416C00335000,AAPL,2027-04-16,C,335.0,32.7,134.0,34.05,559.0,0.2664,1012.0,2.0,0.6198,0.0057,0.9586,-0.0594,0.9816,33.0645,0.025,34.89,34.89,33.4,down,33.4,2026-09-28T10:43:52,0.0749064,33.375,339.815,2026-09-28 18:44:43,2026-09-28 14:45:04
AAPL,AAPL270416C00340000,AAPL,2027-04-16,C,340.0,29.7,458.0,31.05,620.0,0.2619,1672.0,20.0,0.5908,0.0059,0.9778,-0.0605,0.9417,30.2908,-0.825,31.8,31.8,30.2,down,30.2,2026-09-28T13:56:40,-2.65914,31.0249996185303,339.815,2026-09-28 18:44:43,2026-09-28 14:45:04
AAPL,AAPL270416C00345000,AAPL,2027-04-16,C,345.0,27.1,477.0,28.05,525.0,0.2581,361.0,2.0,0.5613,0.006,0.9916,-0.0612,0.9011,27.6688,0.365,29.05,29.05,28.49,down,28.49,2026-09-28T12:29:36,1.29778,28.125,339.815,2026-09-28 18:44:43,2026-09-28 14:45:04
AAPL,AAPL270416C00350000,AAPL,2027-04-16,C,350.0,24.85,562.0,25.45,161.0,0.2569,1068.0,6.0,0.5312,0.0061,1.0001,-0.0616,0.8575,25.1806,-0.525,25.45,25.45,25.15,down,25.15,2026-09-28T14:27:26,-2.04479,25.6750001907349,339.815,2026-09-28 18:44:43,2026-09-28 14:45:04
AAPL,AAPL270416C00355000,AAPL,2027-04-16,C,355.0,22.55,116.0,23.1,192.0,0.2551,278.0,34.0,0.5012,0.0062,1.0032,-0.0616,0.8139,22.8669,-0.6,23.45,23.45,22.8,down,22.8,2026-09-28T13:48:16,-2.56411,23.4000005722046,339.815,2026-09-28 18:44:43,2026-09-28 14:45:04
AAPL,AAPL270416C00360000,AAPL,2027-04-16,C,360.0,20.4,268.0,21.05,634.0,0.2541,1596.0,52.0,0.4712,0.0062,1.0007,-0.0613,0.7694,20.7088,-0.65,21.8,22.15,20.5,down,20.5,2026-09-28T13:58:33,-3.07328,21.1499996185303,339.815,2026-09-28 18:44:43,2026-09-28 14:45:04
AAPL,AAPL270416C00365000,AAPL,2027-04-16,C,365.0,18.45,91.0,18.95,298.0,0.2524,305.0,27.0,0.4415,0.0062,0.9927,-0.0606,0.7241,18.7023,-0.15,19.55,19.55,19.05,down,19.05,2026-09-28T13:37:04,-0.781249,19.1999998092651,339.815,2026-09-28 18:44:43,2026-09-28 14:45:04
AAPL,AAPL270416C00370000,AAPL,2027-04-16,C,370.0,16.5,247.0,17.05,134.0,0.2502,435.0,3.0,0.4125,0.0062,0.98,-0.0596,0.6802,16.8625,-0.45,17.69,17.69,16.8,down,16.8,2026-09-28T13:47:57,-2.6087,17.25,339.815,2026-09-28 18:44:43,2026-09-28 14:45:04
AAPL,AAPL270416C00375000,AAPL,2027-04-16,C,375.0,14.95,78.0,15.2,64.0,0.2492,217.0,1.0,0.3837,0.0061,0.9615,-0.0583,0.6348,15.1378,0.025,15.55,15.55,15.55,down,15.55,2026-09-28T13:11:53,0.16103,15.5250000953674,339.815,2026-09-28 18:44:43,2026-09-28 14:45:04
AAPL,AAPL270416C00380000,AAPL,2027-04-16,C,380.0,13.4,173.0,13.8,227.0,0.249,480.0,3.0,0.3562,0.0059,0.9395,-0.0568,0.5919,13.5849,-0.1,14.34,14.34,13.9,down,13.9,2026-09-28T13:13:04,-0.714286,14.0,339.815,2026-09-28 18:44:43,2026-09-28 14:45:04
AAPL,AAPL270416C00385000,AAPL,2027-04-16,C,385.0,11.95,89.0,12.4,338.0,0.2481,185.0,3.0,0.3294,0.0058,0.913,-0.055,0.5493,12.1524,-0.385,12.5,12.5,12.1,up,12.14,2026-09-28T13:47:15,-3.07385,12.5250000953674,339.815,2026-09-28 18:44:43,2026-09-28 14:45:04
AAPL,AAPL270416C00390000,AAPL,2027-04-16,C,390.0,10.65,104.0,11.1,319.0,0.2473,219.0,1.0,0.3037,0.0056,0.8827,-0.053,0.5078,10.8504,-0.35,10.85,10.85,10.85,down,10.85,2026-09-28T13:42:10,-3.125,11.1999998092651,339.815,2026-09-28 18:44:43,2026-09-28 14:45:04
AAPL,AAPL270416C00395000,AAPL,2027-04-16,C,395.0,9.4,625.0,9.9,705.0,0.2461,860.0,4.0,0.2792,0.0054,0.8501,-0.0508,0.4687,9.6698,-0.03,10.25,10.25,9.85,no_change,9.87,2026-09-28T12:17:02,-0.303026,9.89999961853027,339.815,2026-09-28 18:44:43,2026-09-28 14:45:04
AAPL,AAPL270416C00400000,AAPL,2027-04-16,C,400.0,8.35,394.0,8.85,452.0,0.2458,605.0,9.0,0.256,0.0052,0.8145,-0.0486,0.4304,8.6037,0.15,8.8,9.0,8.8,no_change,9.0,2026-09-28T12:24:23,1.69492,8.84999990463257,339.815,2026-09-28 18:44:43,2026-09-28 14:45:04
AAPL,AAPL270416C00405000,AAPL,2027-04-16,C,405.0,7.4,257.0,8.0,635.0,0.2461,201.0,8.0,0.2341,0.005,0.7775,-0.0462,0.3949,7.6442,0.0,7.87,7.87,7.85,no_change,7.85,2026-09-28T12:49:54,-1.82231e-06,7.85000014305115,339.815,2026-09-28 18:44:43,2026-09-28 14:45:04
AAPL,AAPL270416C00410000,AAPL,2027-04-16,C,410.0,6.4,542.0,6.95,160.0,0.2435,123.0,0.0,0.2136,0.0047,0.7394,-0.0438,0.3611,6.7821,0.0,0.0,0.0,0.0,down,7.15,2026-09-25T15:42:29,0.0,6.97500014305115,339.815,2026-09-28 18:44:43,2026-09-28 14:45:04
AAPL,AAPL270416C00420000,AAPL,2027-04-16,C,420.0,5.1,426.0,5.55,498.0,0.2447,312.0,5.0,0.1767,0.0042,0.661,-0.039,0.2999,5.3212,-0.055,5.47,5.48,5.47,no_change,5.47,2026-09-28T12:49:54,-0.995477,5.52500009536743,339.815,2026-09-28 18:44:43,2026-09-28 14:45:04
AAPL,AAPL270416C00430000,AAPL,2027-04-16,C,430.0,4.0,226.0,4.3,344.0,0.2444,187.0,1.0,0.1451,0.0037,0.583,-0.0342,0.2467,4.1595,0.05,4.3,4.3,4.3,down,4.3,2026-09-28T13:31:13,1.17647,4.25,339.815,2026-09-28 18:44:43,2026-09-28 14:45:04
AAPL,AAPL270416C00440000,AAPL,2027-04-16,C,440.0,3.1,158.0,3.5,558.0,0.2459,277.0,5.0,0.1184,0.0032,0.5089,-0.0297,0.2017,3.242,0.025,3.4,3.4,3.4,down,3.4,2026-09-28T12:16:09,0.740741,3.375,339.815,2026-09-28 18:44:43,2026-09-28 14:45:04
AAPL,AAPL270416C00450000,AAPL,2027-04-16,C,450.0,2.44,86.0,2.74,480.0,0.2467,99.0,2.0,0.0961,0.0028,0.4398,-0.0256,0.1642,2.5223,0.11,2.74,2.74,2.74,up,2.74,2026-09-28T09:53:23,4.18251,2.62999999523163,339.815,2026-09-28 18:44:43,2026-09-28 14:45:04
AAPL,AAPL270416C00460000,AAPL,2027-04-16,C,460.0,1.85,255.0,2.17,504.0,0.2471,154.0,0.0,0.0776,0.0023,0.3764,-0.0218,0.1327,1.9603,0.0,0.0,0.0,0.0,up,2.04,2026-09-21T14:23:13,0.0,1.99000006914139,339.815,2026-09-28 18:44:43,2026-09-28 14:45:04
AAPL,AAPL270416C00470000,AAPL,2027-04-16,C,470.0,1.36,494.0,1.57,62.0,0.2446,85.0,15.0,0.0626,0.002,0.3206,-0.0185,0.107,1.523,-0.015,1.55,1.55,1.55,no_change,1.55,2026-09-28T11:00:07,-0.958466,1.56499999761581,339.815,2026-09-28 18:44:43,2026-09-28 14:45:04
AAPL,AAPL270416C00480000,AAPL,2027-04-16,C,480.0,1.0,388.0,1.33,358.0,0.2468,62.0,2.0,0.0503,0.0016,0.2709,-0.0156,0.0861,1.1826,-0.025,1.27,1.27,1.27,no_change,1.27,2026-09-28T09:58:21,-1.9305,1.2950000166893,339.815,2026-09-28 18:44:43,2026-09-28 14:45:04
AAPL,AAPL270416C00490000,AAPL,2027-04-16,C,490.0,0.86,106.0,0.96,102.0,0.248,109.0,0.0,0.0404,0.0014,0.2282,-0.0131,0.069,0.9209,0.0,0.0,0.0,0.0,no_change,1.0,2026-09-23T11:24:10,0.0,1.01500001549721,339.815,2026-09-28 18:44:43,2026-09-28 14:45:04
AAPL,AAPL270416C00500000,AAPL,2027-04-16,C,500.0,0.68,12.0,0.79,98.0,0.2507,255.0,0.0,0.0324,0.0012,0.1919,-0.011,0.0556,0.7192,0.0,0.0,0.0,0.0,down,0.79,2026-09-23T11:24:10,0.0,0.799999982118606,339.815,2026-09-28 18:44:43,2026-09-28 14:45:04
AAPL,AAPL270416P00195000,AAPL,2027-04-16,P,195.0,0.44,202.0,0.53,369.0,0.3781,102.0,0.0,-0.014,0.0004,0.0926,-0.0082,-0.0268,0.4956,0.0,0.0,0.0,0.0,down,0.53,2026-09-25T12:03:02,0.0,0.500000014901161,339.815,2026-09-28 18:44:43,2026-09-28 14:45:04
AAPL,AAPL270416P00200000,AAPL,2027-04-16,P,200.0,0.52,209.0,0.71,486.0,0.3767,684.0,0.0,-0.0161,0.0004,0.1047,-0.0091,-0.031,0.5709,0.0,0.0,0.0,0.0,down,0.57,2026-09-25T14:17:15,0.0,0.580000013113022,339.815,2026-09-28 18:44:43,2026-09-28 14:45:04
AAPL,AAPL270416P00210000,AAPL,2027-04-16,P,210.0,0.69,141.0,0.93,351.0,0.3633,414.0,0.0,-0.0215,0.0006,0.1329,-0.0113,-0.0409,0.7605,0.0,0.0,0.0,0.0,down,0.98,2026-09-23T09:41:03,0.0,0.830000013113022,339.815,2026-09-28 18:44:43,2026-09-28 14:45:04
AAPL,AAPL270416P00215000,AAPL,2027-04-16,P,215.0,0.8,419.0,0.94,29.0,0.3528,172.0,0.0,-0.0247,0.0006,0.1498,-0.0125,-0.047,0.878,0.0,0.0,0.0,0.0,no_change,0.88,2026-09-25T15:03:28,0.0,0.905000001192093,339.815,2026-09-28 18:44:43,2026-09-28 14:45:04
AAPL,AAPL270416P00220000,AAPL,2027-04-16,P,220.0,0.88,574.0,1.17,261.0,0.3481,75.0,0.0,-0.0285,0.0008,0.1684,-0.0139,-0.0543,1.0158,0.0,0.0,0.0,0.0,down,1.05,2026-09-25T14:18:04,0.0,1.05000001192093,339.815,2026-09-28 18:44:43,2026-09-28 14:45:04
AAPL,AAPL270416P00225000,AAPL,2027-04-16,P,225.0,1.13,8.0,1.3,76.0,0.3443,61.0,0.0,-0.0328,0.0008,0.1886,-0.0153,-0.0621,1.1738,0.0,0.0,0.0,0.0,no_change,1.36,2026-09-24T14:03:13,0.0,1.21499997377396,339.815,2026-09-28 18:44:43,2026-09-28 14:45:04
AAPL,AAPL270416P00230000,AAPL,2027-04-16,P,230.0,1.29,37.0,1.47,36.0,0.3377,89.0,3.0,-0.0377,0.001,0.2116,-0.017,-0.0716,1.3577,-0.11,1.37,1.37,1.37,down,1.37,2026-09-28T11:40:56,-7.43243,1.48000001907349,339.815,2026-09-28 18:44:43,2026-09-28 14:45:04
AAPL,AAPL270416P00235000,AAPL,2027-04-16,P,235.0,1.48,52.0,1.64,35.0,0.3311,179.0,0.0,-0.0432,0.0011,0.2363,-0.0187,-0.082,1.5693,0.0,0.0,0.0,0.0,no_change,1.63,2026-09-25T15:08:02,0.0,1.6350000500679,339.815,2026-09-28 18:44:43,2026-09-28 14:45:04
AAPL,AAPL270416P00240000,AAPL,2027-04-16,P,240.0,1.81,1.0,1.87,14.0,0.3278,254.0,5.0,-0.0495,0.0012,0.2627,-0.0206,-0.0932,1.8105,-0.095,1.75,1.79,1.75,up,1.79,2026-09-28T11:40:56,-5.03979,1.88499999046326,339.815,2026-09-28 18:44:43,2026-09-28 14:45:04
AAPL,AAPL270416P00245000,AAPL,2027-04-16,P,245.0,1.89,386.0,2.17,30.0,0.3196,265.0,0.0,-0.0567,0.0014,0.2924,-0.0226,-0.1071,2.0923,0.0,0.0,0.0,0.0,down,2.14,2026-09-25T13:44:48,0.0,2.14999997615814,339.815,2026-09-28 18:44:43,2026-09-28 14:45:04
AAPL,AAPL270416P00250000,AAPL,2027-04-16,P,250.0,2.19,370.0,2.6,43.0,0.3168,185.0,10.0,-0.0647,0.0016,0.3236,-0.0248,-0.1216,2.41,-0.075,2.32,2.32,2.32,no_change,2.32,2026-09-28T12:54:18,-3.13152,2.39499998092651,339.815,2026-09-28 18:44:43,2026-09-28 14:45:04
AAPL,AAPL270416P00255000,AAPL,2027-04-16,P,255.0,2.54,344.0,2.81,8.0,0.3099,210.0,5.0,-0.0738,0.0018,0.3574,-0.0271,-0.1379,2.778,-0.15,2.72,2.72,2.72,no_change,2.72,2026-09-28T12:49:54,-5.22648,2.87000000476837,339.815,2026-09-28 18:44:43,2026-09-28 14:45:04
AAPL,AAPL270416P00260000,AAPL,2027-04-16,P,260.0,3.05,110.0,3.2,8.0,0.3069,3028.0,0.0,-0.0839,0.002,0.3938,-0.0295,-0.1566,3.1958,0.0,0.0,0.0,0.0,no_change,3.2,2026-09-25T15:41:11,0.0,3.17500007152557,339.815,2026-09-28 18:44:43,2026-09-28 14:45:04
AAPL,AAPL270416P00265000,AAPL,2027-04-16,P,265.0,3.45,261.0,3.75,28.0,0.3029,350.0,0.0,-0.0952,0.0022,0.4312,-0.0321,-0.1766,3.6758,0.0,0.0,0.0,0.0,no_change,3.75,2026-09-25T15:21:26,0.0,3.69999992847443,339.815,2026-09-28 18:44:43,2026-09-28 14:45:04
AAPL,AAPL270416P00270000,AAPL,2027-04-16,P,270.0,4.1,12.0,4.3,38.0,0.3006,490.0,0.0,-0.1077,0.0025,0.4707,-0.0347,-0.1993,4.2124,0.0,0.0,0.0,0.0,down,4.2,2026-09-25T13:49:29,0.0,4.22499990463257,339.815,2026-09-28 18:44:43,2026-09-28 14:45:04
AAPL,AAPL270416P00275000,AAPL,2027-04-16,P,275.0,4.55,383.0,5.05,396.0,0.2967,364.0,2.0,-0.1215,0.0027,0.5127,-0.0374,-0.2241,4.8237,-0.075,4.75,4.75,4.75,down,4.75,2026-09-28T10:45:19,-1.5544,4.82499980926514,339.815,2026-09-28 18:44:43,2026-09-28 14:45:04
AAPL,AAPL270416P00280000,AAPL,2027-04-16,P,280.0,5.2,382.0,5.75,370.0,0.2929,235.0,2.0,-0.1367,0.003,0.5549,-0.0402,-0.2501,5.514,0.0,5.25,5.5,5.25,up,5.5,2026-09-28T13:47:49,0.0,5.5,339.815,2026-09-28 18:44:43,2026-09-28 14:45:04
AAPL,AAPL270416P00285000,AAPL,2027-04-16,P,285.0,6.15,186.0,6.5,401.0,0.2908,451.0,105.0,-0.1533,0.0033,0.5988,-0.043,-0.2793,6.2888,0.05,6.25,6.3,6.08,up,6.3,2026-09-28T14:08:12,0.8,6.25,339.815,2026-09-28 18:44:43,2026-09-28 14:45:04
AAPL,AAPL270416P00290000,AAPL,2027-04-16,P,290.0,6.85,309.0,7.3,113.0,0.2855,351.0,0.0,-0.1716,0.0036,0.6431,-0.0458,-0.3095,7.1658,0.0,0.0,0.0,0.0,down,7.1,2026-09-25T13:50:28,0.0,7.125,339.815,2026-09-28 18:44:43,2026-09-28 14:45:04
AAPL,AAPL270416P00295000,AAPL,2027-04-16,P,295.0,7.8,262.0,8.35,245.0,0.283,957.0,0.0,-0.191,0.0039,0.6863,-0.0486,-0.3432,8.1289,0.0,0.0,0.0,0.0,no_change,8.15,2026-09-25T15:37:01,0.0,8.12500023841858,339.815,2026-09-28 18:44:43,2026-09-28 14:45:04
AAPL,AAPL270416P00300000,AAPL,2027-04-16,P,300.0,9.15,20.0,9.25,116.0,0.2808,923.0,54.0,-0.212,0.0042,0.7301,-0.0514,-0.3782,9.2023,0.1,8.7,9.2,8.7,no_change,9.2,2026-09-28T14:29:32,1.0989,9.09999990463257,339.815,2026-09-28 18:44:43,2026-09-28 14:45:04
AAPL,AAPL270416P00305000,AAPL,2027-04-16,P,305.0,10.25,217.0,10.7,502.0,0.2788,787.0,159.0,-0.2349,0.0045,0.772,-0.054,-0.413,10.4055,-0.125,10.37,10.37,10.1,no_change,10.1,2026-09-28T11:25:56,-1.22249,10.2249999046326,339.815,2026-09-28 18:44:43,2026-09-28 14:45:04
AAPL,AAPL270416P00310000,AAPL,2027-04-16,P,310.0,11.65,6.0,12.0,362.0,0.2766,686.0,5.0,-0.2592,0.0048,0.8128,-0.0565,-0.4522,11.7318,0.025,11.8,11.8,11.28,up,11.65,2026-09-28T13:38:59,0.215054,11.625,339.815,2026-09-28 18:44:43,2026-09-28 14:45:04
AAPL,AAPL270416P00315000,AAPL,2027-04-16,P,315.0,12.8,300.0,13.4,262.0,0.2716,504.0,8.0,-0.2847,0.0051,0.8498,-0.0589,-0.4901,13.1809,0.2,12.46,13.15,12.46,up,13.15,2026-09-28T13:45:02,1.5444,12.9500002861023,339.815,2026-09-28 18:44:43,2026-09-28 14:45:04
AAPL,AAPL270416P00320000,AAPL,2027-04-16,P,320.0,14.7,7.0,14.9,282.0,0.2705,342.0,105.0,-0.3116,0.0054,0.8845,-0.061,-0.5291,14.7622,0.15,14.0,14.9,14.0,no_change,14.8,2026-09-28T14:29:27,1.02389,14.6499996185303,339.815,2026-09-28 18:44:43,2026-09-28 14:45:04
AAPL,AAPL270416P00325000,AAPL,2027-04-16,P,325.0,16.2,259.0,16.85,268.0,0.2678,179.0,3.0,-0.3402,0.0057,0.9152,-0.063,-0.5687,16.5104,0.225,15.55,16.35,15.55,up,16.35,2026-09-28T13:25:30,1.39535,16.125,339.815,2026-09-28 18:44:43,2026-09-28 14:45:04
AAPL,AAPL270416P00330000,AAPL,2027-04-16,P,330.0,18.0,264.0,18.7,194.0,0.2648,317.0,2.0,-0.3699,0.006,0.9409,-0.0646,-0.6093,18.4014,0.325,18.45,18.45,18.45,no_change,18.45,2026-09-28T13:45:00,1.7931,18.125,339.815,2026-09-28 18:44:43,2026-09-28 14:45:04
AAPL,AAPL270416P00335000,AAPL,2027-04-16,P,335.0,20.2,155.0,20.8,290.0,0.2636,158.0,3.0,-0.4006,0.0062,0.9615,-0.066,-0.6483,20.4488,0.3,20.0,20.45,20.0,no_change,20.45,2026-09-28T14:08:12,1.48884,20.1499996185303,339.815,2026-09-28 18:44:43,2026-09-28 14:45:04
AAPL,AAPL270416P00340000,AAPL,2027-04-16,P,340.0,22.25,220.0,23.0,260.0,0.2606,255.0,14.0,-0.4324,0.0064,0.9758,-0.0671,-0.681,22.6632,-0.45,22.0,22.0,22.0,no_change,22.0,2026-09-28T11:28:01,-2.00445,22.4499998092651,339.815,2026-09-28 18:44:43,2026-09-28 14:45:04
AAPL,AAPL270416P00345000,AAPL,2027-04-16,P,345.0,24.9,31.0,25.4,250.0,0.2603,196.0,14.0,-0.4648,0.0066,0.9848,-0.0678,-0.7166,25.0252,-0.12,24.1,24.63,24.1,no_change,24.63,2026-09-28T13:17:36,-0.484848,24.75,339.815,2026-09-28 18:44:43,2026-09-28 14:45:04
AAPL,AAPL270416P00350000,AAPL,2027-04-16,P,350.0,27.35,67.0,28.0,222.0,0.2582,76.0,7.0,-0.498,0.0068,0.9858,-0.0682,-0.7448,27.5761,0.5,26.55,27.7,26.4,up,27.7,2026-09-28T14:08:12,1.83824,27.1999998092651,339.815,2026-09-28 18:44:43,2026-09-28 14:45:04
AAPL,AAPL270416P00355000,AAPL,2027-04-16,P,355.0,30.0,7.0,30.6,7.0,0.2555,2.0,1.0,-0.5317,0.0069,0.9812,-0.0683,-0.7702,30.2961,0.065,29.99,29.99,29.99,down,29.99,2026-09-28T13:22:26,0.217209,29.9250001907349,339.815,2026-09-28 18:44:43,2026-09-28 14:45:04
AAPL,AAPL270416P00360000,AAPL,2027-04-16,P,360.0,32.85,147.0,33.8,299.0,0.2553,63.0,25.0,-0.5657,0.007,0.9671,-0.068,-0.7886,33.1911,0.25,33.0,33.15,33.0,no_change,33.05,2026-09-28T14:14:02,0.762197,32.7999992370606,339.815,2026-09-28 18:44:43,2026-09-28 14:45:04
AAPL,AAPL270416P00365000,AAPL,2027-04-16,P,365.0,36.0,2.0,36.8,82.0,0.2537,0.0,0.0,-0.6,0.0071,0.9476,-0.0674,-0.8031,36.2821,0.0,0.0,0.0,0.0,no_change,0.0,,0.0,36.125,339.815,2026-09-28 18:44:43,2026-09-28 14:45:04
AAPL,AAPL270416P00370000,AAPL,2027-04-16,P,370.0,39.05,181.0,40.05,192.0,0.2516,0.0,105.0,-0.6337,0.0071,0.9215,-0.0665,-0.81,39.5021,0.25,38.3,39.6,38.3,up,39.6,2026-09-28T14:25:22,0.635328,39.3499984741211,339.815,2026-09-28 18:44:43,2026-09-28 14:45:04
AAPL,AAPL270416P00375000,AAPL,2027-04-16,P,375.0,42.45,241.0,43.6,267.0,0.2511,5.0,25.0,-0.6673,0.0071,0.8854,-0.0654,-0.8123,42.9195,0.275,42.75,43.0,42.75,up,43.0,2026-09-28T14:25:22,0.64365,42.7250003814697,339.815,2026-09-28 18:44:43,2026-09-28 14:45:04
AAPL,AAPL270416P00380000,AAPL,2027-04-16,P,380.0,45.45,316.0,47.75,286.0,0.25,5.0,0.0,-0.7005,0.0071,0.8454,-0.064,-0.8052,46.4976,0.0,0.0,0.0,0.0,up,45.95,2026-09-22T13:49:55,0.0,46.2750015258789,339.815,2026-09-28 18:44:43,2026-09-28 14:45:04
AAPL,AAPL270416P00385000,AAPL,2027-04-16,P,385.0,49.75,162.0,50.95,132.0,0.2492,3.0,0.0,-0.7332,0.007,0.7917,-0.0625,-0.7862,50.243,0.0,0.0,0.0,0.0,down,55.35,2026-09-14T11:57:05,0.0,50.4500007629394,339.815,2026-09-28 18:44:43,2026-09-28 14:45:04
AAPL,AAPL270416P00390000,AAPL,2027-04-16,P,390.0,53.55,237.0,55.6,343.0,0.253,4.0,14.0,-0.765,0.007,0.7387,-0.0607,-0.7573,54.1422,0.075,53.9,54.0,53.9,no_change,53.95,2026-09-28T14:14:15,0.139211,53.875,339.815,2026-09-28 18:44:43,2026-09-28 14:45:04
AAPL,AAPL270416P00395000,AAPL,2027-04-16,P,395.0,57.75,79.0,59.35,259.0,0.2518,5.0,22.0,-0.7961,0.0069,0.6773,-0.059,-0.709,58.1907,0.15,57.7,58.2,57.65,no_change,58.2,2026-09-28T13:48:49,0.258396,58.0500011444092,339.815,2026-09-28 18:44:43,2026-09-28 14:45:04
AAPL,AAPL270416P00400000,AAPL,2027-04-16,P,400.0,61.75,180.0,63.3,199.0,0.2482,3.0,0.0,-0.8259,0.0067,0.6126,-0.0573,-0.6574,62.3849,0.0,0.0,0.0,0.0,down,66.0,2026-09-21T09:51:16,0.0,62.1999988555908,339.815,2026-09-28 18:44:43,2026-09-28 14:45:04
AAPL,AAPL270416P00405000,AAPL,2027-04-16,P,405.0,65.45,212.0,67.7,227.0,0.2425,0.0,2.0,-0.8562,0.0067,0.5346,-0.0564,-0.6002,66.7183,-1.625,64.75,64.75,64.75,down,64.75,2026-09-28T09:43:21,-2.44821,66.375,339.815,2026-09-28 18:44:43,2026-09-28 14:45:04
AAPL,AAPL270416P00410000,AAPL,2027-04-16,P,410.0,70.15,217.0,71.8,150.0,0.2402,42.0,0.0,-0.8837,0.0065,0.4572,-0.0536,-0.5315,71.1786,0.0,0.0,0.0,0.0,down,70.5,2026-09-25T15:39:57,0.0,70.8999977111816,339.815,2026-09-28 18:44:43,2026-09-28 14:45:04
AAPL,AAPL270416P00420000,AAPL,2027-04-16,P,420.0,79.0,133.0,81.9,118.0,0.244,0.0,0.0,-0.9386,0.0063,0.2843,-0.0514,-0.3356,80.4666,0.0,0.0,0.0,0.0,no_change,0.0,,0.0,80.0249977111816,339.815,2026-09-28 18:44:43,2026-09-28 14:45:04
AAPL,AAPL270416P00430000,AAPL,2027-04-16,P,430.0,88.6,146.0,91.5,100.0,0.0,0.0,0.0,-0.9772,0.0041,0.084,-0.0433,0.0,90.185,0.0,0.0,0.0,0.0,no_change,0.0,,0.0,89.5999984741211,339.815,2026-09-28 18:44:43,2026-09-28 14:45:04
AAPL,AAPL270416P00440000,AAPL,2027-04-16,P,440.0,98.15,76.0,102.0,76.0,0.0,0.0,0.0,-0.9978,0.0004,0.0,-0.0433,0.0,100.185,0.0,0.0,0.0,0.0,no_change,0.0,,0.0,99.5999984741211,339.815,2026-09-28 18:44:43,2026-09-28 14:45:04
AAPL,AAPL270416P00450000,AAPL,2027-04-16,P,450.0,108.75,103.0,111.05,92.0,0.0,0.0,0.0,-1.0,0.0,0.0,-0.0433,0.0,110.185,0.0,0.0,0.0,0.0,no_change,0.0,,0.0,109.599998474121,339.815,2026-09-28 18:44:43,2026-09-28 14:45:04
AAPL,AAPL270416P00460000,AAPL,2027-04-16,P,460.0,118.75,76.0,121.2,95.0,0.0,0.0,0.0,-1.0,0.0,0.0,-0.0433,0.0,120.185,0.0,0.0,0.0,0.0,no_change,0.0,,0.0,119.599998474121,339.815,2026-09-28 18:44:43,2026-09-28 14:45:04
AAPL,AAPL270416P00470000,AAPL,2027-04-16,P,470.0,128.75,91.0,131.6,91.0,0.0,0.0,0.0,-1.0,0.0,0.0,-0.0433,0.0,130.185,0.0,0.0,0.0,0.0,no_change,0.0,,0.0,129.574996948242,339.815,2026-09-28 18:44:43,2026-09-28 14:45:04
AAPL,AAPL270416P00480000,AAPL,2027-04-16,P,480.0,138.75,103.0,141.55,103.0,0.0,0.0,0.0,-1.0,0.0,0.0,-0.0433,0.0,140.185,0.0,0.0,0.0,0.0,no_change,0.0,,0.0,139.574996948242,339.815,2026-09-28 18:44:43,2026-09-28 14:45:04
AAPL,AAPL270416P00490000,AAPL,2027-04-16,P,490.0,148.75,102.0,151.6,102.0,0.0,0.0,0.0,-1.0,0.0,0.0,-0.0433,0.0,150.185,0.0,0.0,0.0,0.0,no_change,0.0,,0.0,149.574996948242,339.815,2026-09-28 18:44:43,2026-09-28 14:45:04
AAPL,AAPL270416P00500000,AAPL,2027-04-16,P,500.0,158.75,91.0,161.65,91.0,0.3644,0.0,0.0,-1.0,0.0,0.0,-0.0433,0.0,160.185,0.0,0.0,0.0,0.0,no_change,0.0,,0.0,159.599998474121,339.815,2026-09-28 18:44:43,2026-09-28 14:45:04
AAPL,AAPL270617C00005000,AAPL,2027-06-17,C,5.0,333.4,92.0,336.9,77.0,1.9937,0.0,0.0,1.0,0.0,0.0003,0.0,0.0132,335.1242,0.0,0.0,0.0,0.0,down,299.91,2026-08-04T10:13:24,0.0,335.574996948242,339.815,2026-09-28 18:44:43,2026-09-28 14:45:04
AAPL,AAPL270617C00010000,AAPL,2027-06-17,C,10.0,328.45,76.0,331.9,76.0,0.0,0.0,0.0,1.0,0.0,0.0001,0.0,0.0333,330.1886,0.0,0.0,0.0,0.0,no_change,0.0,,0.0,330.600006103516,339.815,2026-09-28 18:44:43,2026-09-28 14:45:04
AAPL,AAPL270617C00015000,AAPL,2027-06-17,C,15.0,323.6,102.0,327.0,101.0,1.334,10.0,0.0,1.0,0.0,0.0001,0.0,0.0543,325.2709,0.0,0.0,0.0,0.0,up,291.6,2026-08-04T12:26:37,0.0,325.649993896484,339.815,2026-09-28 18:44:43,2026-09-28 14:45:04
AAPL,AAPL270617C00020000,AAPL,2027-06-17,C,20.0,318.75,97.0,322.15,76.0,1.3053,0.0,0.0,1.0,0.0,0.0004,0.0,0.0752,320.3574,0.0,0.0,0.0,0.0,no_change,0.0,,0.0,320.799987792969,339.815,2026-09-28 18:44:43,2026-09-28 14:45:04
AAPL,AAPL270617C00025000,AAPL,2027-06-17,C,25.0,313.85,86.0,317.3,80.0,1.1799,2.0,0.0,1.0,0.0,0.0007,0.0,0.1487,315.4874,0.0,0.0,0.0,0.0,up,270.32,2026-06-24T14:53:24,0.0,315.975006103516,339.815,2026-09-28 18:44:43,2026-09-28 14:45:04
AAPL,AAPL270617C00030000,AAPL,2027-06-17,C,30.0,309.05,98.0,312.5,76.0,1.1492,1.0,0.0,1.0,0.0,0.001,0.0,0.1786,310.6342,0.0,0.0,0.0,0.0,up,240.67,2026-02-24T09:32:49,0.0,311.125,339.815,2026-09-28 18:44:43,2026-09-28 14:45:04
AAPL,AAPL270617C00035000,AAPL,2027-06-17,C,35.0,304.2,85.0,307.6,80.0,1.0551,2.0,0.0,1.0,0.0,0.0013,0.0,0.2084,305.7816,0.0,0.0,0.0,0.0,down,215.61,2026-04-07T09:55:15,0.0,306.25,339.815,2026-09-28 18:44:43,2026-09-28 14:45:04
AAPL,AAPL270617C00040000,AAPL,2027-06-17,C,40.0,299.4,76.0,302.75,76.0,1.0136,3.0,0.0,1.0,0.0,0.0017,0.0,0.2382,300.9297,0.0,0.0,0.0,0.0,down,271.5,2026-08-25T10:34:40,0.0,301.399993896484,339.815,2026-09-28 18:44:43,2026-09-28 14:45:04
AAPL,AAPL270617C00045000,AAPL,2027-06-17,C,45.0,294.55,85.0,297.95,76.0,0.9744,0.0,0.0,1.0,0.0,0.0022,0.0,0.2681,296.0783,0.0,0.0,0.0,0.0,no_change,0.0,,0.0,296.675003051758,339.815,2026-09-28 18:44:43,2026-09-28 14:45:04
AAPL,AAPL270617C00050000,AAPL,2027-06-17,C,50.0,289.85,102.0,293.1,93.0,0.9619,10.0,1.0,1.0,0.0,0.0028,0.0,0.2988,291.2276,1.25,293.0,293.0,293.0,up,293.0,2026-09-28T09:59:06,0.428449,291.75,339.815,2026-09-28 18:44:43,2026-09-28 14:45:04
AAPL,AAPL270617C00055000,AAPL,2027-06-17,C,55.0,284.95,1.0,288.3,78.0,0.9137,73.0,0.0,1.0,0.0,0.0036,0.0,0.34,286.3793,0.0,0.0,0.0,0.0,down,275.7,2026-09-03T13:02:37,0.0,286.950012207031,339.815,2026-09-28 18:44:43,2026-09-28 14:45:04
AAPL,AAPL270617C00060000,AAPL,2027-06-17,C,60.0,280.15,1.0,283.45,78.0,0.8776,22.0,0.0,1.0,0.0,0.0044,0.0,0.3881,281.5382,0.0,0.0,0.0,0.0,up,246.22,2026-08-17T10:31:49,0.0,282.125,339.815,2026-09-28 18:44:43,2026-09-28 14:45:04
AAPL,AAPL270617C00065000,AAPL,2027-06-17,C,65.0,275.3,98.0,278.65,77.0,0.8423,4.0,0.0,1.0,0.0,0.0053,0.0,0.4357,276.7047,0.0,0.0,0.0,0.0,down,214.35,2026-06-25T12:13:58,0.0,277.274993896484,339.815,2026-09-28 18:44:43,2026-09-28 14:45:04
AAPL,AAPL270617C00070000,AAPL,2027-06-17,C,70.0,270.45,98.0,273.85,78.0,0.8083,7.0,0.0,1.0,0.0,0.0061,0.0,0.4783,271.8772,0.0,0.0,0.0,0.0,up,237.67,2026-08-17T15:58:04,0.0,272.425003051758,339.815,2026-09-28 18:44:43,2026-09-28 14:45:04
AAPL,AAPL270617C00075000,AAPL,2027-06-17,C,75.0,265.65,76.0,269.0,78.0,0.7758,24.0,0.0,1.0,0.0,0.0071,0.0,0.5189,267.0535,0.0,0.0,0.0,0.0,no_change,233.95,2026-08-11T12:39:06,0.0,267.649993896484,339.815,2026-09-28 18:44:43,2026-09-28 14:45:04
AAPL,AAPL270617C00080000,AAPL,2027-06-17,C,80.0,260.8,117.0,264.2,110.0,0.7449,237.0,0.0,1.0,0.0,0.0082,0.0,0.5567,262.2326,0.0,0.0,0.0,0.0,down,237.35,2026-08-06T09:30:01,0.0,262.724990844727,339.815,2026-09-28 18:44:43,2026-09-28 14:45:04
AAPL,AAPL270617C00085000,AAPL,2027-06-17,C,85.0,256.05,1.0,259.4,87.0,0.7293,73.0,0.0,1.0,0.0,0.0094,0.0,0.5935,257.4134,0.0,0.0,0.0,0.0,down,203.49,2026-05-06T12:11:08,0.0,258.024993896484,339.815,2026-09-28 18:44:43,2026-09-28 14:45:04
AAPL,AAPL270617C00090000,AAPL,2027-06-17,C,90.0,251.2,76.0,254.55,78.0,0.6945,30.0,0.0,1.0,0.0,0.0108,0.0,0.6291,252.5957,0.0,0.0,0.0,0.0,up,248.36,2026-09-17T14:40:23,0.0,253.224998474121,339.815,2026-09-28 18:44:43,2026-09-28 14:45:04
AAPL,AAPL270617C00095000,AAPL,2027-06-17,C,95.0,246.35,76.0,249.75,198.0,0.6678,100.0,0.0,0.9998,0.0,0.0124,0.0,0.6639,247.7791,0.0,0.0,0.0,0.0,up,244.69,2026-09-23T15:14:04,0.0,248.300003051758,339.815,2026-09-28 18:44:43,2026-09-28 14:45:04
AAPL,AAPL270617C00100000,AAPL,2027-06-17,C,100.0,241.6,109.0,244.9,233.0,0.6485,165.0,0.0,0.9996,0.0,0.0143,0.0,0.6986,242.9637,0.0,0.0,0.0,0.0,up,240.24,2026-09-17T15:27:07,0.0,243.5,339.815,2026-09-28 18:44:43,2026-09-28 14:45:04
AAPL,AAPL270617C00105000,AAPL,2027-06-17,C,105.0,236.5,94.0,240.1,78.0,0.5915,80.0,0.0,0.9994,0.0,0.0163,0.0,0.733,238.1495,0.0,0.0,0.0,0.0,down,200.0,2026-07-31T11:49:36,0.0,238.75,339.815,2026-09-28 18:44:43,2026-09-28 14:45:04
AAPL,AAPL270617C00110000,AAPL,2027-06-17,C,110.0,231.95,76.0,235.3,78.0,0.6066,54.0,0.0,0.9991,0.0,0.0187,0.0,0.7674,233.3367,0.0,0.0,0.0,0.0,up,220.0,2026-07-20T11:42:16,0.0,233.924995422363,339.815,2026-09-28 18:44:43,2026-09-28 14:45:04
AAPL,AAPL270617C00115000,AAPL,2027-06-17,C,115.0,227.1,1.0,230.5,106.0,0.5844,254.0,0.0,0.9988,0.0,0.0213,0.0,0.8015,228.5254,0.0,0.0,0.0,0.0,up,226.94,2026-09-24T13:06:07,0.0,229.050003051758,339.815,2026-09-28 18:44:43,2026-09-28 14:45:04
AAPL,AAPL270617C00120000,AAPL,2027-06-17,C,120.0,222.35,1.0,225.15,91.0,0.5045,153.0,0.0,0.9984,0.0001,0.0242,0.0,0.8356,223.7158,0.0,0.0,0.0,0.0,up,216.02,2026-07-30T12:31:15,0.0,224.325004577637,339.815,2026-09-28 18:44:43,2026-09-28 14:45:04
AAPL,AAPL270617C00125000,AAPL,2027-06-17,C,125.0,217.55,105.0,220.35,111.0,0.4944,241.0,0.0,0.998,0.0001,0.0275,0.0,0.8695,218.9082,0.0,0.0,0.0,0.0,up,223.8,2026-09-22T09:33:32,0.0,219.425003051758,339.815,2026-09-28 18:44:43,2026-09-28 14:45:04
AAPL,AAPL270617C00130000,AAPL,2027-06-17,C,130.0,212.7,114.0,215.55,128.0,0.4764,308.0,0.0,0.9976,0.0001,0.0313,0.0,0.9032,214.103,0.0,0.0,0.0,0.0,down,190.28,2026-07-09T11:39:48,0.0,214.574996948242,339.815,2026-09-28 18:44:43,2026-09-28 14:45:04
AAPL,AAPL270617C00135000,AAPL,2027-06-17,C,135.0,207.95,100.0,210.75,106.0,0.4729,195.0,0.0,0.9971,0.0001,0.0354,0.0,0.9368,209.3005,0.0,0.0,0.0,0.0,up,189.7,2026-08-28T14:16:28,0.0,209.699996948242,339.815,2026-09-28 18:44:43,2026-09-28 14:45:04
AAPL,AAPL270617C00140000,AAPL,2027-06-17,C,140.0,203.05,114.0,205.95,105.0,0.4494,198.0,0.0,0.9965,0.0001,0.0401,0.0,0.9702,204.5011,0.0,0.0,0.0,0.0,up,200.8,2026-09-24T11:23:29,0.0,205.099998474121,339.815,2026-09-28 18:44:43,2026-09-28 14:45:04
AAPL,AAPL270617C00145000,AAPL,2027-06-17,C,145.0,198.35,98.0,201.15,198.0,0.4504,176.0,0.0,0.9958,0.0001,0.0454,0.0,1.0033,199.7052,0.0,0.0,0.0,0.0,down,181.0,2026-09-04T12:36:20,0.0,200.150001525879,339.815,2026-09-28 18:44:43,2026-09-28 14:45:04
AAPL,AAPL270617C00150000,AAPL,2027-06-17,C,150.0,193.55,103.0,196.25,461.0,0.429,1453.0,0.0,0.995,0.0001,0.0514,0.0,1.0361,194.9134,0.0,0.0,0.0,0.0,up,195.87,2026-09-25T15:51:47,0.0,195.0,339.815,2026-09-28 18:44:43,2026-09-28 14:45:04
AAPL,AAPL270617C00155000,AAPL,2027-06-17,C,155.0,188.7,89.0,191.55,187.0,0.4232,141.0,0.0,0.9941,0.0002,0.058,0.0,1.0687,190.1264,0.0,0.0,0.0,0.0,up,192.0,2026-09-22T09:30:42,0.0,190.699996948242,339.815,2026-09-28 18:44:43,2026-09-28 14:45:04
AAPL,AAPL270617C00160000,AAPL,2027-06-17,C,160.0,183.95,104.0,186.75,402.0,0.4164,319.0,0.0,0.993,0.0002,0.0654,0.0,1.1009,185.3449,0.0,0.0,0.0,0.0,up,184.35,2026-09-21T13:00:34,0.0,185.824996948242,339.815,2026-09-28 18:44:43,2026-09-28 14:45:04
AAPL,AAPL270617C00165000,AAPL,2027-06-17,C,165.0,179.2,114.0,182.0,401.0,0.4122,200.0,1.0,0.9919,0.0002,0.0738,0.0,1.1327,180.5695,0.575,181.6,181.6,181.6,up,181.6,2026-09-28T12:52:42,0.317639,181.024993896484,339.815,2026-09-28 18:44:43,2026-09-28 14:45:04
AAPL,AAPL270617C00170000,AAPL,2027-06-17,C,170.0,174.45,123.0,177.2,403.0,0.4035,267.0,0.0,0.9905,0.0002,0.0832,0.0,1.164,175.8014,0.0,0.0,0.0,0.0,up,162.05,2026-09-10T15:38:59,0.0,176.400001525879,339.815,2026-09-28 18:44:43,2026-09-28 14:45:04
AAPL,AAPL270617C00175000,AAPL,2027-06-17,C,175.0,170.0,93.0,172.45,113.0,0.4123,438.0,0.0,0.989,0.0003,0.0935,0.0,1.1948,171.0416,0.0,0.0,0.0,0.0,no_change,169.16,2026-09-23T11:20:14,0.0,171.625,339.815,2026-09-28 18:44:43,2026-09-28 14:45:04
AAPL,AAPL270617C00180000,AAPL,2027-06-17,C,180.0,164.95,112.0,167.7,128.0,0.3902,920.0,0.0,0.9872,0.0003,0.105,0.0,1.225,166.2911,0.0,0.0,0.0,0.0,up,163.5,2026-09-24T13:54:16,0.0,166.674995422363,339.815,2026-09-28 18:44:43,2026-09-28 14:45:04
AAPL,AAPL270617C00185000,AAPL,2027-06-17,C,185.0,160.15,76.0,162.95,93.0,0.3803,177.0,0.0,0.9852,0.0004,0.1179,0.0,1.2545,161.5512,0.0,0.0,0.0,0.0,up,165.73,2026-09-22T09:32:52,0.0,161.699996948242,339.815,2026-09-28 18:44:43,2026-09-28 14:45:04
AAPL,AAPL270617C00190000,AAPL,2027-06-17,C,190.0,155.5,96.0,158.2,445.0,0.3764,681.0,0.0,0.9829,0.0004,0.1321,0.0,1.2832,156.8235,0.0,0.0,0.0,0.0,up,154.22,2026-09-21T10:27:58,0.0,156.924995422363,339.815,2026-09-28 18:44:43,2026-09-28 14:45:04
AAPL,AAPL270617C00195000,AAPL,2027-06-17,C,195.0,150.7,97.0,153.5,389.0,0.3677,344.0,0.0,0.9804,0.0005,0.1476,0.0,1.3112,152.1096,0.0,0.0,0.0,0.0,up,150.72,2026-09-23T11:17:32,0.0,152.25,339.815,2026-09-28 18:44:43,2026-09-28 14:45:04
AAPL,AAPL270617C00200000,AAPL,2027-06-17,C,200.0,146.5,365.0,148.8,510.0,0.3769,7496.0,3.0,0.9774,0.0005,0.1648,0.0,1.3383,147.4109,0.825,150.3,150.3,148.5,down,148.5,2026-09-28T12:36:50,0.558657,147.675003051758,339.815,2026-09-28 18:44:43,2026-09-28 14:45:04
AAPL,AAPL270617C00210000,AAPL,2027-06-17,C,210.0,136.85,386.0,139.35,464.0,0.3535,3632.0,1.0,0.9705,0.0007,0.2042,0.0,1.389,138.0685,1.0,139.65,139.65,139.65,up,139.65,2026-09-28T09:35:13,0.721239,138.650001525879,339.815,2026-09-28 18:44:43,2026-09-28 14:45:04
AAPL,AAPL270617C00220000,AAPL,2027-06-17,C,220.0,128.15,302.0,129.5,164.0,0.3424,4301.0,0.0,0.9617,0.0009,0.2509,0.0,1.4347,128.814,0.0,0.0,0.0,0.0,down,125.85,2026-09-24T10:40:26,0.0,128.949996948242,339.815,2026-09-28 18:44:43,2026-09-28 14:45:04
AAPL,AAPL270617C00230000,AAPL,2027-06-17,C,230.0,118.35,383.0,120.4,155.0,0.3224,3909.0,1.0,0.9507,0.0011,0.3048,0.0,1.4742,119.6703,1.57,121.57,121.57,121.57,up,121.57,2026-09-28T10:10:21,1.30833,120.0,339.815,2026-09-28 18:44:43,2026-09-28 14:45:04
AAPL,AAPL270617C00240000,AAPL,2027-06-17,C,240.0,110.05,175.0,112.0,438.0,0.3341,1630.0,1.0,0.9371,0.0013,0.367,-0.0026,1.5062,110.6631,0.83,112.03,112.03,112.03,up,112.03,2026-09-28T10:38:29,0.746402,111.200000762939,339.815,2026-09-28 18:44:43,2026-09-28 14:45:04
AAPL,AAPL270617C00250000,AAPL,2027-06-17,C,250.0,101.25,82.0,102.3,117.0,0.3152,2882.0,12.0,0.9206,0.0016,0.4366,-0.0078,1.5301,101.8231,0.795,101.58,103.22,101.58,up,103.22,2026-09-28T12:21:30,0.776175,102.425003051758,339.815,2026-09-28 18:44:43,2026-09-28 14:45:04
AAPL,AAPL270617C00260000,AAPL,2027-06-17,C,260.0,92.5,235.0,93.55,132.0,0.3057,4120.0,19.0,0.9008,0.002,0.5128,-0.0132,1.544,93.1858,-1.35,92.5,92.5,92.5,no_change,92.5,2026-09-28T13:48:19,-1.43847,93.8500022888184,339.815,2026-09-28 18:44:43,2026-09-28 14:45:04
AAPL,AAPL270617C00270000,AAPL,2027-06-17,C,270.0,84.2,192.0,85.25,243.0,0.3011,5722.0,2.0,0.8772,0.0024,0.5953,-0.0188,1.5467,84.7888,-0.665,85.4,85.4,84.56,down,84.56,2026-09-28T11:06:59,-0.780286,85.2249984741211,339.815,2026-09-28 18:44:43,2026-09-28 14:45:04
AAPL,AAPL270617C00280000,AAPL,2027-06-17,C,280.0,76.05,273.0,77.05,96.0,0.2941,8174.0,20.0,0.8497,0.0028,0.681,-0.0245,1.5382,76.6732,0.725,78.92,78.92,77.7,no_change,77.7,2026-09-28T10:24:28,0.941861,76.9750022888184,339.815,2026-09-28 18:44:43,2026-09-28 14:45:04
AAPL,AAPL270617C00290000,AAPL,2027-06-17,C,290.0,68.2,282.0,69.3,216.0,0.2884,5000.0,5.0,0.8181,0.0032,0.7676,-0.03,1.5169,68.8823,0.235,70.8,70.8,69.76,no_change,69.76,2026-09-28T11:40:51,0.338011,69.5249977111816,339.815,2026-09-28 18:44:43,2026-09-28 14:45:04
AAPL,AAPL270617C00300000,AAPL,2027-06-17,C,300.0,60.65,393.0,61.8,190.0,0.2821,9049.0,103.0,0.7824,0.0036,0.8531,-0.0353,1.4823,61.4569,-0.55,62.5,63.2,61.35,no_change,61.5,2026-09-28T14:15:20,-0.886384,62.0500011444092,339.815,2026-09-28 18:44:43,2026-09-28 14:45:04
AAPL,AAPL270617C00310000,AAPL,2027-06-17,C,310.0,53.7,403.0,54.85,349.0,0.2782,6841.0,35.0,0.7428,0.004,0.933,-0.0402,1.4355,54.4369,-0.645,56.05,56.05,54.43,no_change,54.43,2026-09-28T14:18:07,-1.17113,55.0749988555908,339.815,2026-09-28 18:44:43,2026-09-28 14:45:04
AAPL,AAPL270617C00320000,AAPL,2027-06-17,C,320.0,47.45,227.0,48.35,490.0,0.2759,8169.0,9.0,0.6996,0.0044,1.0041,-0.0444,1.377,47.8597,0.6,49.0,50.0,47.62,up,48.9,2026-09-28T13:50:03,1.24223,48.3000011444092,339.815,2026-09-28 18:44:43,2026-09-28 14:45:04
AAPL,AAPL270617C00330000,AAPL,2027-06-17,C,330.0,41.25,483.0,42.0,158.0,0.2702,6747.0,21.0,0.6533,0.0047,1.0638,-0.0479,1.3065,41.7554,-0.09,43.0,43.55,42.01,up,42.06,2026-09-28T14:17:28,-0.213522,42.1499996185303,339.815,2026-09-28 18:44:43,2026-09-28 14:45:04
AAPL,AAPL270617C00340000,AAPL,2027-06-17,C,340.0,35.75,450.0,36.45,140.0,0.2673,5841.0,38.0,0.6047,0.005,1.1088,-0.0505,1.2267,36.1472,-0.36,37.72,37.72,36.29,down,36.29,2026-09-28T13:09:46,-0.982269,36.6500015258789,339.815,2026-09-28 18:44:43,2026-09-28 14:45:04
AAPL,AAPL270617C00350000,AAPL,2027-06-17,C,350.0,30.8,121.0,31.35,162.0,0.2646,10962.0,265.0,0.5546,0.0052,1.137,-0.0521,1.1404,31.0521,-0.57,31.9,32.85,30.65,down,31.08,2026-09-28T14:20:42,-1.80095,31.6500005722046,339.815,2026-09-28 18:44:43,2026-09-28 14:45:04
AAPL,AAPL270617C00360000,AAPL,2027-06-17,C,360.0,26.25,127.0,26.8,254.0,0.262,5707.0,28.0,0.5038,0.0053,1.1475,-0.0528,1.0477,26.458,-0.555,27.5,27.5,26.45,no_change,26.52,2026-09-28T13:19:31,-2.04986,27.0750007629395,339.815,2026-09-28 18:44:43,2026-09-28 14:45:04
AAPL,AAPL270617C00370000,AAPL,2027-06-17,C,370.0,22.2,68.0,22.75,269.0,0.2596,5519.0,141.0,0.4535,0.0053,1.1399,-0.0525,0.9521,22.3981,-0.215,23.73,23.73,22.86,down,22.86,2026-09-28T12:05:28,-0.931744,23.0749998092651,339.815,2026-09-28 18:44:43,2026-09-28 14:45:04
AAPL,AAPL270617C00380000,AAPL,2027-06-17,C,380.0,18.65,68.0,19.3,324.0,0.258,6833.0,11.0,0.4046,0.0052,1.1156,-0.0514,0.8574,18.8372,0.15,19.65,19.77,18.9,no_change,19.5,2026-09-28T12:35:31,0.775192,19.3500003814697,339.815,2026-09-28 18:44:43,2026-09-28 14:45:04
AAPL,AAPL270617C00390000,AAPL,2027-06-17,C,390.0,15.55,102.0,15.85,38.0,0.2545,4614.0,7.0,0.3578,0.0051,1.0762,-0.0495,0.7645,15.751,0.125,16.35,16.35,16.35,no_change,16.35,2026-09-28T11:35:56,0.770414,16.2250003814697,339.815,2026-09-28 18:44:43,2026-09-28 14:45:04
AAPL,AAPL270617C00400000,AAPL,2027-06-17,C,400.0,12.9,80.0,13.35,318.0,0.2538,5841.0,33.0,0.314,0.0048,1.0238,-0.047,0.6746,13.1033,-0.525,13.6,13.75,13.0,down,13.0,2026-09-28T13:45:43,-3.8817,13.5250000953674,339.815,2026-09-28 18:44:43,2026-09-28 14:45:04
AAPL,AAPL270617C00410000,AAPL,2027-06-17,C,410.0,10.6,117.0,11.2,391.0,0.253,1431.0,35.0,0.2735,0.0046,0.9625,-0.0441,0.5914,10.8537,0.15,11.55,11.62,10.95,no_change,11.35,2026-09-28T12:31:48,1.33928,11.2000002861023,339.815,2026-09-28 18:44:43,2026-09-28 14:45:04
AAPL,AAPL270617C00420000,AAPL,2027-06-17,C,420.0,8.8,68.0,9.0,21.0,0.2511,1364.0,34.0,0.2367,0.0042,0.8942,-0.0409,0.5144,8.9587,-0.44,9.4,9.4,8.86,down,8.86,2026-09-28T14:26:40,-4.73118,9.2999997138977,339.815,2026-09-28 18:44:43,2026-09-28 14:45:04
AAPL,AAPL270617C00430000,AAPL,2027-06-17,C,430.0,7.15,111.0,7.65,338.0,0.2517,1370.0,6.0,0.2036,0.0039,0.8222,-0.0375,0.444,7.374,0.2,7.75,7.75,7.75,up,7.75,2026-09-28T10:06:33,2.64901,7.54999995231628,339.815,2026-09-28 18:44:43,2026-09-28 14:45:04
AAPL,AAPL270617C00440000,AAPL,2027-06-17,C,440.0,5.85,116.0,6.3,305.0,0.2514,2043.0,0.0,0.1744,0.0035,0.7497,-0.0341,0.382,6.0557,0.0,0.0,0.0,0.0,up,6.19,2026-09-25T14:05:43,0.0,6.22500014305115,339.815,2026-09-28 18:44:43,2026-09-28 14:45:04
AAPL,AAPL270617C00450000,AAPL,2027-06-17,C,450.0,4.75,303.0,5.2,436.0,0.2513,2505.0,2.0,0.1487,0.0032,0.6771,-0.0308,0.3263,4.9647,-0.07,5.13,5.13,5.03,down,5.03,2026-09-28T12:46:22,-1.37255,5.09999990463257,339.815,2026-09-28 18:44:43,2026-09-28 14:45:04
AAPL,AAPL270617C00460000,AAPL,2027-06-17,C,460.0,3.9,306.0,4.3,470.0,0.2519,519.0,0.0,0.1263,0.0028,0.6081,-0.0275,0.278,4.0652,0.0,0.0,0.0,0.0,down,4.0,2026-09-23T13:12:39,0.0,4.25,339.815,2026-09-28 18:44:43,2026-09-28 14:45:04
AAPL,AAPL270617C00470000,AAPL,2027-06-17,C,470.0,3.1,518.0,3.45,338.0,0.2506,1175.0,0.0,0.1071,0.0025,0.5423,-0.0245,0.2362,3.3308,0.0,0.0,0.0,0.0,up,3.48,2026-09-25T14:52:11,0.0,3.39999997615814,339.815,2026-09-28 18:44:43,2026-09-28 14:45:04
AAPL,AAPL270617C00480000,AAPL,2027-06-17,C,480.0,2.6,77.0,2.91,165.0,0.2529,152.0,0.0,0.0904,0.0022,0.481,-0.0217,0.1996,2.7218,0.0,0.0,0.0,0.0,down,2.75,2026-09-24T10:32:31,0.0,2.81000006198883,339.815,2026-09-28 18:44:43,2026-09-28 14:45:04
AAPL,AAPL270617C00490000,AAPL,2027-06-17,C,490.0,2.08,455.0,2.31,156.0,0.252,226.0,0.0,0.0762,0.002,0.4245,-0.0191,0.1687,2.2276,0.0,0.0,0.0,0.0,no_change,2.29,2026-09-23T14:01:31,0.0,2.35500001907349,339.815,2026-09-28 18:44:43,2026-09-28 14:45:04
AAPL,AAPL270617C00500000,AAPL,2027-06-17,C,500.0,1.73,223.0,2.02,434.0,0.2549,545.0,12.0,0.0642,0.0017,0.3737,-0.0168,0.1422,1.8239,0.02,1.91,1.92,1.91,up,1.92,2026-09-28T09:47:09,1.05263,1.89999997615814,339.815,2026-09-28 18:44:43,2026-09-28 14:45:04
AAPL,AAPL270617C00510000,AAPL,2027-06-17,C,510.0,1.33,455.0,1.57,99.0,0.2528,223.0,0.0,0.0541,0.0015,0.3275,-0.0147,0.1199,1.4955,0.0,0.0,0.0,0.0,down,1.54,2026-09-23T13:12:39,0.0,1.59999996423721,339.815,2026-09-28 18:44:43,2026-09-28 14:45:04
AAPL,AAPL270617C00520000,AAPL,2027-06-17,C,520.0,1.17,193.0,1.38,514.0,0.2569,230.0,5.0,0.0455,0.0013,0.2867,-0.0128,0.1009,1.2278,-0.035,1.29,1.29,1.29,no_change,1.29,2026-09-28T10:26:19,-2.64151,1.32499998807907,339.815,2026-09-28 18:44:43,2026-09-28 14:45:04
AAPL,AAPL270617C00530000,AAPL,2027-06-17,C,530.0,0.96,216.0,1.07,114.0,0.2564,3913.0,10.0,0.0383,0.0011,0.2499,-0.0112,0.0849,1.0088,0.075,1.13,1.14,1.11,no_change,1.11,2026-09-28T10:26:19,7.24638,1.0349999666214,339.815,2026-09-28 18:44:43,2026-09-28 14:45:04
AAPL,AAPL270617C00540000,AAPL,2027-06-17,C,540.0,0.79,269.0,0.89,118.0,0.2576,238.0,5.0,0.0323,0.001,0.2182,-0.0097,0.0716,0.8319,0.045,0.88,0.88,0.88,no_change,0.88,2026-09-28T10:23:45,5.38922,0.83500000834465,339.815,2026-09-28 18:44:43,2026-09-28 14:45:04
AAPL,AAPL270617C00550000,AAPL,2027-06-17,C,550.0,0.65,116.0,0.9,804.0,0.2631,1102.0,0.0,0.0272,0.0008,0.1901,-0.0085,0.0603,0.6881,0.0,0.0,0.0,0.0,up,0.69,2026-09-24T10:47:47,0.0,0.705000013113022,339.815,2026-09-28 18:44:43,2026-09-28 14:45:04
AAPL,AAPL270617C00560000,AAPL,2027-06-17,C,560.0,0.53,19.0,0.62,207.0,0.2599,102.0,0.0,0.023,0.0007,0.1658,-0.0074,0.0511,0.5709,0.0,0.0,0.0,0.0,down,0.55,2026-09-25T10:40:00,0.0,0.580000013113022,339.815,2026-09-28 18:44:43,2026-09-28 14:45:04
AAPL,AAPL270617C00570000,AAPL,2027-06-17,C,570.0,0.43,27.0,0.52,187.0,0.2609,132.0,3.0,0.0195,0.0006,0.1447,-0.0064,0.0432,0.4754,0.005,0.47,0.47,0.47,no_change,0.47,2026-09-28T10:28:33,1.07527,0.464999988675118,339.815,2026-09-28 18:44:43,2026-09-28 14:45:04
AAPL,AAPL270617C00580000,AAPL,2027-06-17,C,580.0,0.35,26.0,0.43,145.0,0.2616,33.0,3.0,0.0166,0.0005,0.1262,-0.0056,0.0367,0.3975,0.07,0.46,0.46,0.46,no_change,0.46,2026-09-28T10:28:33,17.9487,0.390000000596046,339.815,2026-09-28 18:44:43,2026-09-28 14:45:04
AAPL,AAPL270617C00590000,AAPL,2027-06-17,C,590.0,0.24,385.0,0.47,567.0,0.2658,439.0,2.0,0.0142,0.0005,0.1107,-0.0049,0.0314,0.3347,0.04,0.33,0.33,0.33,no_change,0.33,2026-09-28T10:28:53,13.7931,0.290000006556511,339.815,2026-09-28 18:44:43,2026-09-28 14:45:04
AAPL,AAPL270617C00600000,AAPL,2027-06-17,C,600.0,0.25,80.0,0.31,192.0,0.265,3093.0,2.0,0.0121,0.0004,0.097,-0.0043,0.0268,0.2823,0.05,0.32,0.32,0.32,no_change,0.32,2026-09-28T10:28:53,18.5185,0.269999995827675,339.815,2026-09-28 18:44:43,2026-09-28 14:45:04
AAPL,AAPL270617P00005000,AAPL,2027-06-17,P,5.0,0.0,0.0,0.28,265.0,2.0964,13.0,0.0,0.0,0.0,0.0001,0.0,0.0,0.0005,0.0,0.0,0.0,0.0,no_change,0.06,2026-08-19T14:46:08,0.0,0.140000000596046,339.815,2026-09-28 18:44:43,2026-09-28 14:45:04
AAPL,AAPL270617P00010000,AAPL,2027-06-17,P,10.0,0.0,0.0,0.28,295.0,1.6982,10.0,0.0,0.0,0.0,0.0002,0.0,0.0,0.0013,0.0,0.0,0.0,0.0,down,0.01,2026-06-08T12:09:49,0.0,0.140000000596046,339.815,2026-09-28 18:44:43,2026-09-28 14:45:04
AAPL,AAPL270617P00015000,AAPL,2027-06-17,P,15.0,0.0,0.0,0.28,287.0,1.4824,2.0,0.0,0.0,0.0,0.0004,-0.0001,-0.0001,0.0022,0.0,0.0,0.0,0.0,up,0.05,2026-02-05T14:09:34,0.0,0.140000000596046,339.815,2026-09-28 18:44:43,2026-09-28 14:45:04
AAPL,AAPL270617P00020000,AAPL,2027-06-17,P,20.0,0.0,0.0,0.28,246.0,1.3354,15.0,0.0,0.0,0.0,0.0006,-0.0001,-0.0001,0.0033,0.0,0.0,0.0,0.0,no_change,0.02,2026-05-06T11:53:10,0.0,0.140000000596046,339.815,2026-09-28 18:44:43,2026-09-28 14:45:04
AAPL,AAPL270617P00025000,AAPL,2027-06-17,P,25.0,0.0,0.0,0.28,299.0,1.2244,56.0,0.0,-0.0001,0.0,0.0008,-0.0001,-0.0002,0.0046,0.0,0.0,0.0,0.0,no_change,0.03,2026-05-19T14:20:22,0.0,0.140000000596046,339.815,2026-09-28 18:44:43,2026-09-28 14:45:04
AAPL,AAPL270617P00030000,AAPL,2027-06-17,P,30.0,0.0,0.0,0.28,261.0,1.1356,67.0,0.0,-0.0001,0.0,0.0011,-0.0002,-0.0003,0.0061,0.0,0.0,0.0,0.0,no_change,0.04,2026-05-19T13:32:41,0.0,0.140000000596046,339.815,2026-09-28 18:44:43,2026-09-28 14:45:04
AAPL,AAPL270617P00035000,AAPL,2027-06-17,P,35.0,0.0,0.0,0.28,499.0,1.0616,106.0,0.0,-0.0001,0.0,0.0014,-0.0002,-0.0003,0.0079,0.0,0.0,0.0,0.0,no_change,0.11,2025-11-24T11:29:19,0.0,0.140000000596046,339.815,2026-09-28 18:44:43,2026-09-28 14:45:04
AAPL,AAPL270617P00040000,AAPL,2027-06-17,P,40.0,0.0,0.0,0.28,454.0,0.9983,9.0,0.0,-0.0002,0.0,0.0018,-0.0002,-0.0004,0.01,0.0,0.0,0.0,0.0,no_change,0.11,2026-03-12T13:08:09,0.0,0.140000000596046,339.815,2026-09-28 18:44:43,2026-09-28 14:45:04
AAPL,AAPL270617P00045000,AAPL,2027-06-17,P,45.0,0.0,0.0,0.29,497.0,0.9467,83.0,0.0,-0.0002,0.0,0.0023,-0.0003,-0.0006,0.0124,0.0,0.0,0.0,0.0,no_change,0.15,2026-08-03T09:59:31,0.0,0.144999995827675,339.815,2026-09-28 18:44:43,2026-09-28 14:45:04
AAPL,AAPL270617P00050000,AAPL,2027-06-17,P,50.0,0.01,2.0,0.1,36.0,0.8135,717.0,0.0,-0.0003,0.0,0.0028,-0.0004,-0.0007,0.0151,0.0,0.0,0.0,0.0,down,0.03,2026-09-09T13:49:18,0.0,0.0550000006332994,339.815,2026-09-28 18:44:43,2026-09-28 14:45:04
AAPL,AAPL270617P00055000,AAPL,2027-06-17,P,55.0,0.0,0.0,0.29,827.0,0.8533,24.0,0.0,-0.0003,0.0,0.0035,-0.0004,-0.0009,0.0181,0.0,0.0,0.0,0.0,down,0.03,2026-07-10T12:52:14,0.0,0.144999995827675,339.815,2026-09-28 18:44:43,2026-09-28 14:45:04
AAPL,AAPL270617P00060000,AAPL,2027-06-17,P,60.0,0.0,0.0,0.3,742.0,0.8162,76.0,0.0,-0.0004,0.0,0.0042,-0.0005,-0.001,0.0216,0.0,0.0,0.0,0.0,down,0.05,2026-07-31T10:56:18,0.0,0.150000005960464,339.815,2026-09-28 18:44:43,2026-09-28 14:45:04
AAPL,AAPL270617P00065000,AAPL,2027-06-17,P,65.0,0.0,0.0,0.3,731.0,0.7794,49.0,0.0,-0.0005,0.0,0.005,-0.0006,-0.0013,0.0255,0.0,0.0,0.0,0.0,down,0.09,2026-09-04T11:12:01,0.0,0.150000005960464,339.815,2026-09-28 18:44:43,2026-09-28 14:45:04
AAPL,AAPL270617P00070000,AAPL,2027-06-17,P,70.0,0.0,0.0,0.31,726.0,0.7482,42.0,0.0,-0.0006,0.0,0.0059,-0.0006,-0.0015,0.0299,0.0,0.0,0.0,0.0,down,0.05,2026-09-23T11:48:00,0.0,0.155000001192093,339.815,2026-09-28 18:44:43,2026-09-28 14:45:04
AAPL,AAPL270617P00075000,AAPL,2027-06-17,P,75.0,0.0,0.0,0.08,6.0,0.6266,1557.0,0.0,-0.0007,0.0,0.0069,-0.0007,-0.0018,0.0349,0.0,0.0,0.0,0.0,down,0.11,2026-09-24T11:46:21,0.0,0.0399999991059303,339.815,2026-09-28 18:44:43,2026-09-28 14:45:04
AAPL,AAPL270617P00080000,AAPL,2027-06-17,P,80.0,0.0,0.0,0.15,608.0,0.6372,163.0,0.0,-0.0008,0.0,0.0081,-0.0008,-0.0021,0.0404,0.0,0.0,0.0,0.0,down,0.04,2026-09-25T10:17:00,0.0,0.0399999991059303,339.815,2026-09-28 18:44:43,2026-09-28 14:45:04
AAPL,AAPL270617P00085000,AAPL,2027-06-17,P,85.0,0.01,9.0,0.12,23.0,0.6032,76.0,0.0,-0.0009,0.0,0.0094,-0.001,-0.0025,0.0467,0.0,0.0,0.0,0.0,down,0.05,2026-09-25T14:29:01,0.0,0.0550000006332994,339.815,2026-09-28 18:44:43,2026-09-28 14:45:04
AAPL,AAPL270617P00090000,AAPL,2027-06-17,P,90.0,0.01,69.0,0.15,531.0,0.5913,134.0,30.0,-0.0011,0.0,0.0108,-0.0011,-0.0029,0.0538,0.01,0.06,0.08,0.06,no_change,0.08,2026-09-28T09:33:14,14.2857,0.0699999975040555,339.815,2026-09-28 18:44:43,2026-09-28 14:45:04
AAPL,AAPL270617P00095000,AAPL,2027-06-17,P,95.0,0.01,7.0,0.12,12.0,0.557,166.0,14.0,-0.0013,0.0,0.0125,-0.0012,-0.0034,0.0618,-0.02,0.1,0.1,0.05,down,0.05,2026-09-28T14:19:07,-28.5714,0.0699999975040555,339.815,2026-09-28 18:44:43,2026-09-28 14:45:04
AAPL,AAPL270617P00100000,AAPL,2027-06-17,P,100.0,0.05,1.0,0.14,224.0,0.5564,1969.0,0.0,-0.0015,0.0,0.0144,-0.0014,-0.0039,0.0708,0.0,0.0,0.0,0.0,no_change,0.09,2026-09-24T09:34:55,0.0,0.0899999979883432,339.815,2026-09-28 18:44:43,2026-09-28 14:45:04
AAPL,AAPL270617P00105000,AAPL,2027-06-17,P,105.0,0.05,3.0,0.15,33.0,0.5384,521.0,0.0,-0.0017,0.0,0.0165,-0.0015,-0.0045,0.0809,0.0,0.0,0.0,0.0,no_change,0.1,2026-09-21T12:18:24,0.0,0.100000003352761,339.815,2026-09-28 18:44:43,2026-09-28 14:45:04
AAPL,AAPL270617P00110000,AAPL,2027-06-17,P,110.0,0.01,6.0,0.17,33.0,0.5128,191.0,0.0,-0.002,0.0,0.0188,-0.0017,-0.0052,0.0925,0.0,0.0,0.0,0.0,no_change,0.1,2026-09-23T11:33:47,0.0,0.090000000782311,339.815,2026-09-28 18:44:43,2026-09-28 14:45:04
AAPL,AAPL270617P00115000,AAPL,2027-06-17,P,115.0,0.04,7.0,0.19,35.0,0.5068,94.0,0.0,-0.0023,0.0,0.0214,-0.0019,-0.006,0.1055,0.0,0.0,0.0,0.0,no_change,0.11,2026-09-24T12:24:58,0.0,0.114999998360872,339.815,2026-09-28 18:44:43,2026-09-28 14:45:04
AAPL,AAPL270617P00120000,AAPL,2027-06-17,P,120.0,0.1,8.0,0.21,35.0,0.5045,606.0,0.0,-0.0027,0.0001,0.0244,-0.0021,-0.0069,0.1204,0.0,0.0,0.0,0.0,no_change,0.11,2026-09-24T14:46:40,0.0,0.144999999552965,339.815,2026-09-28 18:44:43,2026-09-28 14:45:04
AAPL,AAPL270617P00125000,AAPL,2027-06-17,P,125.0,0.02,12.0,0.23,16.0,0.4748,634.0,0.0,-0.0031,0.0001,0.0279,-0.0023,-0.008,0.1372,0.0,0.0,0.0,0.0,up,0.16,2026-09-22T14:49:08,0.0,0.125000001862645,339.815,2026-09-28 18:44:43,2026-09-28 14:45:04
AAPL,AAPL270617P00130000,AAPL,2027-06-17,P,130.0,0.08,21.0,0.25,324.0,0.472,525.0,0.0,-0.0035,0.0001,0.0316,-0.0026,-0.0092,0.1565,0.0,0.0,0.0,0.0,no_change,0.14,2026-09-25T14:56:28,0.0,0.16499999910593,339.815,2026-09-28 18:44:43,2026-09-28 14:45:04
AAPL,AAPL270617P00135000,AAPL,2027-06-17,P,135.0,0.1,199.0,0.28,380.0,0.4626,532.0,0.0,-0.0041,0.0001,0.0358,-0.0029,-0.0105,0.1785,0.0,0.0,0.0,0.0,no_change,0.31,2026-09-09T12:30:35,0.0,0.194999996572733,339.815,2026-09-28 18:44:43,2026-09-28 14:45:04
AAPL,AAPL270617P00140000,AAPL,2027-06-17,P,140.0,0.1,287.0,0.32,500.0,0.4513,318.0,0.0,-0.0047,0.0001,0.0405,-0.0032,-0.0121,0.2036,0.0,0.0,0.0,0.0,up,0.31,2026-09-21T09:42:59,0.0,0.220000002533197,339.815,2026-09-28 18:44:43,2026-09-28 14:45:04
AAPL,AAPL270617P00145000,AAPL,2027-06-17,P,145.0,0.1,628.0,0.36,650.0,0.44,431.0,0.0,-0.0054,0.0001,0.046,-0.0036,-0.0139,0.2322,0.0,0.0,0.0,0.0,down,0.25,2026-09-25T10:17:21,0.0,0.280000001192093,339.815,2026-09-28 18:44:43,2026-09-28 14:45:04
AAPL,AAPL270617P00150000,AAPL,2027-06-17,P,150.0,0.19,565.0,0.34,333.0,0.4317,4609.0,1.0,-0.0062,0.0001,0.052,-0.0039,-0.016,0.2653,0.0,0.27,0.27,0.27,no_change,0.27,2026-09-28T14:26:38,-1.21417e-06,0.270000003278255,339.815,2026-09-28 18:44:43,2026-09-28 14:45:04
AAPL,AAPL270617P00155000,AAPL,2027-06-17,P,155.0,0.22,375.0,0.4,471.0,0.4247,811.0,0.0,-0.0071,0.0002,0.0586,-0.0044,-0.0183,0.3031,0.0,0.0,0.0,0.0,down,0.37,2026-09-23T11:01:46,0.0,0.300000004470348,339.815,2026-09-28 18:44:43,2026-09-28 14:45:04
AAPL,AAPL270617P00160000,AAPL,2027-06-17,P,160.0,0.21,624.0,0.51,699.0,0.4176,1600.0,0.0,-0.0082,0.0002,0.0661,-0.0048,-0.0209,0.3464,0.0,0.0,0.0,0.0,down,0.4,2026-09-24T13:49:20,0.0,0.379999987781048,339.815,2026-09-28 18:44:43,2026-09-28 14:45:04
AAPL,AAPL270617P00165000,AAPL,2027-06-17,P,165.0,0.36,117.0,0.42,572.0,0.407,1734.0,30.0,-0.0094,0.0002,0.0749,-0.0054,-0.024,0.3961,-0.01,0.38,0.39,0.38,up,0.39,2026-09-28T11:26:14,-2.5,0.399999991059303,339.815,2026-09-28 18:44:43,2026-09-28 14:45:04
AAPL,AAPL270617P00170000,AAPL,2027-06-17,P,170.0,0.41,36.0,0.48,273.0,0.3995,1729.0,0.0,-0.0107,0.0002,0.0842,-0.006,-0.0275,0.4533,0.0,0.0,0.0,0.0,no_change,0.58,2026-09-23T13:45:52,0.0,0.459999993443489,339.815,2026-09-28 18:44:43,2026-09-28 14:45:04
AAPL,AAPL270617P00175000,AAPL,2027-06-17,P,175.0,0.4,361.0,0.56,46.0,0.3891,2169.0,0.0,-0.0123,0.0003,0.0946,-0.0066,-0.0315,0.5188,0.0,0.0,0.0,0.0,no_change,0.76,2026-09-16T13:38:19,0.0,0.540000006556511,339.815,2026-09-28 18:44:43,2026-09-28 14:45:04
AAPL,AAPL270617P00180000,AAPL,2027-06-17,P,180.0,0.55,218.0,0.76,580.0,0.3927,3089.0,0.0,-0.0141,0.0003,0.1065,-0.0073,-0.0359,0.5938,0.0,0.0,0.0,0.0,no_change,0.6,2026-09-25T14:04:15,0.0,0.604999989271164,339.815,2026-09-28 18:44:43,2026-09-28 14:45:04
AAPL,AAPL270617P00185000,AAPL,2027-06-17,P,185.0,0.64,22.0,0.73,68.0,0.3809,995.0,0.0,-0.0162,0.0004,0.1197,-0.0081,-0.0414,0.6798,0.0,0.0,0.0,0.0,down,0.86,2026-09-24T09:34:25,0.0,0.640000015497208,339.815,2026-09-28 18:44:43,2026-09-28 14:45:04
AAPL,AAPL270617P00190000,AAPL,2027-06-17,P,190.0,0.73,346.0,0.8,8.0,0.3732,1666.0,0.0,-0.0185,0.0004,0.134,-0.009,-0.047,0.7784,0.0,0.0,0.0,0.0,up,1.03,2026-09-21T15:33:47,0.0,0.784999996423721,339.815,2026-09-28 18:44:43,2026-09-28 14:45:04
AAPL,AAPL270617P00195000,AAPL,2027-06-17,P,195.0,0.85,432.0,0.94,145.0,0.3686,4933.0,1.0,-0.0211,0.0005,0.1495,-0.0099,-0.0536,0.8909,-0.005,0.89,0.89,0.89,down,0.89,2026-09-28T10:33:58,-0.558657,0.894999980926514,339.815,2026-09-28 18:44:43,2026-09-28 14:45:04
AAPL,AAPL270617P00200000,AAPL,2027-06-17,P,200.0,1.0,119.0,1.07,228.0,0.3636,8819.0,7.0,-0.0241,0.0006,0.1677,-0.0109,-0.0612,1.0189,0.005,1.0,1.04,1.0,up,1.04,2026-09-28T14:28:06,0.483089,1.03500002622604,339.815,2026-09-28 18:44:43,2026-09-28 14:45:04
AAPL,AAPL270617P00210000,AAPL,2027-06-17,P,210.0,1.31,107.0,1.37,60.0,0.3523,5101.0,126.0,-0.0313,0.0007,0.207,-0.0132,-0.079,1.3321,-0.015,1.25,1.41,1.25,up,1.34,2026-09-28T14:28:06,-1.10701,1.35500001907349,339.815,2026-09-28 18:44:43,2026-09-28 14:45:04
AAPL,AAPL270617P00220000,AAPL,2027-06-17,P,220.0,1.68,314.0,1.8,152.0,0.3422,11289.0,52.0,-0.0403,0.0009,0.2552,-0.0158,-0.1015,1.7353,-0.04,1.7,1.85,1.7,up,1.74,2026-09-28T14:27:36,-2.24719,1.77999997138977,339.815,2026-09-28 18:44:43,2026-09-28 14:45:04
AAPL,AAPL270617P00230000,AAPL,2027-06-17,P,230.0,2.21,107.0,2.29,119.0,0.3326,5672.0,314.0,-0.0516,0.0011,0.3104,-0.0188,-0.129,2.2526,-0.02,2.41,2.41,2.21,no_change,2.26,2026-09-28T14:22:25,-0.877192,2.27999997138977,339.815,2026-09-28 18:44:43,2026-09-28 14:45:04
AAPL,AAPL270617P00240000,AAPL,2027-06-17,P,240.0,2.75,365.0,2.98,64.0,0.3229,5933.0,5.0,-0.0657,0.0014,0.3736,-0.0222,-0.1638,2.9126,-0.035,3.0,3.0,2.95,down,2.95,2026-09-28T10:58:36,-1.17253,2.98499989509582,339.815,2026-09-28 18:44:43,2026-09-28 14:45:04
AAPL,AAPL270617P00250000,AAPL,2027-06-17,P,250.0,3.55,408.0,3.85,202.0,0.3151,8491.0,12.0,-0.0829,0.0017,0.4458,-0.0259,-0.2053,3.7498,-0.2,3.53,3.55,3.53,up,3.55,2026-09-28T09:38:35,-5.33333,3.75,339.815,2026-09-28 18:44:43,2026-09-28 14:45:04
AAPL,AAPL270617P00260000,AAPL,2027-06-17,P,260.0,4.65,421.0,4.85,153.0,0.3083,8988.0,28.0,-0.1034,0.002,0.5224,-0.0299,-0.2529,4.7856,0.0,4.58,4.8,4.55,up,4.8,2026-09-28T14:09:55,9.93411e-07,4.79999995231628,339.815,2026-09-28 18:44:43,2026-09-28 14:45:04
AAPL,AAPL270617P00270000,AAPL,2027-06-17,P,270.0,5.8,299.0,6.3,383.0,0.3016,6590.0,9.0,-0.128,0.0024,0.6067,-0.0341,-0.311,6.082,-0.2,5.8,5.9,5.75,up,5.9,2026-09-28T11:38:07,-3.27869,6.09999990463257,339.815,2026-09-28 18:44:43,2026-09-28 14:45:04
AAPL,AAPL270617P00280000,AAPL,2027-06-17,P,280.0,7.5,267.0,8.0,451.0,0.2971,9078.0,12.0,-0.1569,0.0029,0.6947,-0.0384,-0.377,7.6729,-0.25,7.4,7.46,7.35,down,7.35,2026-09-28T13:01:41,-3.28948,7.60000014305115,339.815,2026-09-28 18:44:43,2026-09-28 14:45:04
AAPL,AAPL270617P00290000,AAPL,2027-06-17,P,290.0,9.6,7.0,9.65,47.0,0.2904,12812.0,40.0,-0.1903,0.0033,0.7827,-0.0428,-0.4509,9.6054,0.08,9.15,9.6,9.15,no_change,9.58,2026-09-28T14:28:56,0.842105,9.5,339.815,2026-09-28 18:44:43,2026-09-28 14:45:04
AAPL,AAPL270617P00300000,AAPL,2027-06-17,P,300.0,11.65,347.0,12.15,320.0,0.2844,8377.0,30.0,-0.2286,0.0038,0.8676,-0.0469,-0.5308,11.9434,-0.125,11.5,11.7,11.45,down,11.65,2026-09-28T13:39:48,-1.06157,11.7750000953674,339.815,2026-09-28 18:44:43,2026-09-28 14:45:04
AAPL,AAPL270617P00310000,AAPL,2027-06-17,P,310.0,14.4,340.0,14.8,58.0,0.279,4489.0,27.0,-0.2709,0.0043,0.9478,-0.0506,-0.6164,14.6905,0.17,14.11,14.77,14.11,up,14.77,2026-09-28T14:17:59,1.16438,14.5999999046326,339.815,2026-09-28 18:44:43,2026-09-28 14:45:04
AAPL,AAPL270617P00320000,AAPL,2027-06-17,P,320.0,17.8,61.0,18.2,337.0,0.276,3682.0,29.0,-0.3181,0.0048,1.0187,-0.0539,-0.7071,17.9456,0.08,17.25,17.88,17.14,up,17.88,2026-09-28T14:27:18,0.449437,17.8000001907349,339.815,2026-09-28 18:44:43,2026-09-28 14:45:04
AAPL,AAPL270617P00330000,AAPL,2027-06-17,P,330.0,21.4,301.0,21.9,111.0,0.271,1899.0,15.0,-0.3687,0.0052,1.0711,-0.0566,-0.7865,21.6971,0.2,20.9,21.75,20.7,up,21.75,2026-09-28T13:50:23,0.928073,21.5500001907349,339.815,2026-09-28 18:44:43,2026-09-28 14:45:04
AAPL,AAPL270617P00340000,AAPL,2027-06-17,P,340.0,25.7,154.0,26.5,418.0,0.2687,1504.0,8.0,-0.4226,0.0056,1.1082,-0.0585,-0.8726,25.9938,0.245,24.9,26.07,24.9,up,26.07,2026-09-28T13:50:23,0.948694,25.8249998092651,339.815,2026-09-28 18:44:43,2026-09-28 14:45:04
AAPL,AAPL270617P00350000,AAPL,2027-06-17,P,350.0,30.65,93.0,31.35,250.0,0.2655,687.0,2.0,-0.4793,0.0059,1.1228,-0.0596,-0.9443,30.8786,-1.025,30.0,30.0,29.7,down,29.7,2026-09-28T10:02:23,-3.33605,30.7250003814697,339.815,2026-09-28 18:44:43,2026-09-28 14:45:04
AAPL,AAPL270617P00360000,AAPL,2027-06-17,P,360.0,36.1,75.0,36.75,191.0,0.262,451.0,2.0,-0.5378,0.0061,1.1136,-0.0598,-0.9963,36.3577,-0.15,36.0,36.05,36.0,up,36.05,2026-09-28T13:11:19,-0.414367,36.2000007629394,339.815,2026-09-28 18:44:43,2026-09-28 14:45:04
AAPL,AAPL270617P00370000,AAPL,2027-06-17,P,370.0,42.2,41.0,42.9,173.0,0.2599,251.0,52.0,-0.5972,0.0063,1.0779,-0.0591,-1.0187,42.4394,-0.25,41.15,42.15,41.15,no_change,42.15,2026-09-28T13:11:19,-0.589622,42.3999996185303,339.815,2026-09-28 18:44:43,2026-09-28 14:45:04
AAPL,AAPL270617P00380000,AAPL,2027-06-17,P,380.0,48.85,48.0,49.75,276.0,0.2586,101.0,62.0,-0.6564,0.0064,1.0167,-0.0576,-1.0281,49.1143,-0.175,48.68,48.8,48.3,no_change,48.75,2026-09-28T13:11:20,-0.357693,48.9250011444092,339.815,2026-09-28 18:44:43,2026-09-28 14:45:04
AAPL,AAPL270617P00390000,AAPL,2027-06-17,P,390.0,56.05,51.0,56.95,233.0,0.2564,246.0,11.0,-0.7147,0.0064,0.9333,-0.0554,-0.9991,56.365,-0.125,54.38,56.0,54.38,up,56.0,2026-09-28T14:26:07,-0.222717,56.125,339.815,2026-09-28 18:44:43,2026-09-28 14:45:04
AAPL,AAPL270617P00400000,AAPL,2027-06-17,P,400.0,63.3,354.0,65.0,338.0,0.2533,194.0,28.0,-0.7716,0.0063,0.8179,-0.0528,-0.9254,64.1738,-0.025,63.05,63.75,63.05,up,63.75,2026-09-28T13:31:21,-0.0391997,63.7749996185303,339.815,2026-09-28 18:44:43,2026-09-28 14:45:04
AAPL,AAPL270617P00410000,AAPL,2027-06-17,P,410.0,71.8,274.0,73.1,243.0,0.2518,9.0,2.0,-0.8268,0.0063,0.6786,-0.0508,-0.7894,72.4957,-0.4,71.5,71.55,71.5,up,71.55,2026-09-28T12:50:11,-0.555943,71.9500007629394,339.815,2026-09-28 18:44:43,2026-09-28 14:45:04
AAPL,AAPL270617P00420000,AAPL,2027-06-17,P,420.0,80.15,265.0,82.7,272.0,0.2544,27.0,26.0,-0.8802,0.0063,0.5348,-0.0495,-0.6428,81.2906,-0.275,80.05,80.65,80.05,down,80.6,2026-09-28T13:11:28,-0.340031,80.875,339.815,2026-09-28 18:44:43,2026-09-28 14:45:04
AAPL,AAPL270617P00430000,AAPL,2027-06-17,P,430.0,89.9,108.0,91.3,107.0,0.2534,1.0,0.0,-0.9307,0.0064,0.3713,-0.0399,-0.3453,90.5265,0.0,0.0,0.0,0.0,up,93.1,2026-09-23T13:26:38,0.0,89.9500007629394,339.815,2026-09-28 18:44:43,2026-09-28 14:45:04
AAPL,AAPL270617P00440000,AAPL,2027-06-17,P,440.0,99.25,115.0,101.0,83.0,0.0,0.0,0.0,-0.9691,0.0046,0.1683,-0.0414,-0.1049,100.1955,0.0,0.0,0.0,0.0,down,102.41,2026-09-21T10:34:29,0.0,99.5999984741211,339.815,2026-09-28 18:44:43,2026-09-28 14:45:04
AAPL,AAPL270617P00450000,AAPL,2027-06-17,P,450.0,109.0,99.0,111.4,92.0,0.2676,0.0,0.0,-0.9917,0.0013,0.0,-0.0677,0.0,110.185,0.0,0.0,0.0,0.0,down,136.34,2026-08-26T15:56:55,0.0,109.725002288818,339.815,2026-09-28 18:44:43,2026-09-28 14:45:04
AAPL,AAPL270617P00460000,AAPL,2027-06-17,P,460.0,119.0,102.0,121.1,107.0,0.0,0.0,0.0,-1.0,0.0,0.0,-0.0677,0.0,120.185,0.0,0.0,0.0,0.0,no_change,186.3,2025-12-15T15:39:13,0.0,119.724998474121,339.815,2026-09-28 18:44:43,2026-09-28 14:45:04
AAPL,AAPL270617P00470000,AAPL,2027-06-17,P,470.0,129.0,100.0,131.4,87.0,0.2982,0.0,0.0,-1.0,0.0,0.0,-0.0677,0.0,130.185,0.0,0.0,0.0,0.0,no_change,159.85,2026-06-04T11:52:53,0.0,129.550003051758,339.815,2026-09-28 18:44:43,2026-09-28 14:45:04
AAPL,AAPL270617P00480000,AAPL,2027-06-17,P,480.0,139.0,98.0,141.4,99.0,0.3128,0.0,0.0,-1.0,0.0,0.0,-0.0677,0.0,140.185,0.0,0.0,0.0,0.0,up,150.0,2026-07-20T09:50:10,0.0,139.625,339.815,2026-09-28 18:44:43,2026-09-28 14:45:04
AAPL,AAPL270617P00490000,AAPL,2027-06-17,P,490.0,149.0,99.0,151.4,100.0,0.327,0.0,0.0,-1.0,0.0,0.0,-0.0677,0.0,150.185,0.0,0.0,0.0,0.0,no_change,0.0,,0.0,149.599998474121,339.815,2026-09-28 18:44:43,2026-09-28 14:45:04
AAPL,AAPL270617P00500000,AAPL,2027-06-17,P,500.0,159.0,95.0,161.4,102.0,0.3408,0.0,0.0,-1.0,0.0,0.0,-0.0677,0.0,160.185,0.0,0.0,0.0,0.0,no_change,0.0,,0.0,159.599998474121,339.815,2026-09-28 18:44:43,2026-09-28 14:45:04
AAPL,AAPL270617P00510000,AAPL,2027-06-17,P,510.0,169.0,99.0,171.3,100.0,0.0,0.0,0.0,-1.0,0.0,0.0,-0.0677,0.0,170.185,0.0,0.0,0.0,0.0,no_change,0.0,,0.0,169.75,339.815,2026-09-28 18:44:43,2026-09-28 14:45:04
AAPL,AAPL270617P00520000,AAPL,2027-06-17,P,520.0,178.65,96.0,181.55,96.0,0.0,0.0,0.0,-1.0,0.0,0.0,-0.0677,0.0,180.185,0.0,0.0,0.0,0.0,no_change,0.0,,0.0,179.599998474121,339.815,2026-09-28 18:44:43,2026-09-28 14:45:04
AAPL,AAPL270617P00530000,AAPL,2027-06-17,P,530.0,188.65,83.0,191.5,84.0,0.0,0.0,0.0,-1.0,0.0,0.0,-0.0677,0.0,190.185,0.0,0.0,0.0,0.0,no_change,0.0,,0.0,189.599998474121,339.815,2026-09-28 18:44:43,2026-09-28 14:45:04
AAPL,AAPL270617P00540000,AAPL,2027-06-17,P,540.0,198.65,86.0,201.55,89.0,0.0,0.0,0.0,-1.0,0.0,0.0,-0.0677,0.0,200.185,0.0,0.0,0.0,0.0,no_change,0.0,,0.0,199.650001525879,339.815,2026-09-28 18:44:43,2026-09-28 14:45:04
AAPL,AAPL270617P00550000,AAPL,2027-06-17,P,550.0,208.65,85.0,211.35,85.0,0.0,0.0,0.0,-1.0,0.0,0.0,-0.0677,0.0,210.185,0.0,0.0,0.0,0.0,no_change,0.0,,0.0,209.574996948242,339.815,2026-09-28 18:44:43,2026-09-28 14:45:04
AAPL,AAPL270617P00560000,AAPL,2027-06-17,P,560.0,218.65,92.0,221.6,85.0,0.0,0.0,0.0,-1.0,0.0,0.0,-0.0677,0.0,220.185,0.0,0.0,0.0,0.0,no_change,0.0,,0.0,219.599998474121,339.815,2026-09-28 18:44:43,2026-09-28 14:45:04
AAPL,AAPL270617P00570000,AAPL,2027-06-17,P,570.0,228.65,85.0,231.5,94.0,0.0,0.0,0.0,-1.0,0.0,0.0,-0.0677,0.0,230.185,0.0,0.0,0.0,0.0,no_change,0.0,,0.0,229.549995422363,339.815,2026-09-28 18:44:43,2026-09-28 14:45:04
AAPL,AAPL270617P00580000,AAPL,2027-06-17,P,580.0,238.65,90.0,241.5,90.0,0.0,0.0,0.0,-1.0,0.0,0.0,-0.0677,0.0,240.185,0.0,0.0,0.0,0.0,no_change,0.0,,0.0,239.599998474121,339.815,2026-09-28 18:44:43,2026-09-28 14:45:04
AAPL,AAPL270617P00590000,AAPL,2027-06-17,P,590.0,248.65,96.0,251.55,96.0,0.0,0.0,0.0,-1.0,0.0,0.0,-0.0677,0.0,250.185,0.0,0.0,0.0,0.0,no_change,0.0,,0.0,249.599998474121,339.815,2026-09-28 18:44:43,2026-09-28 14:45:04
AAPL,AAPL270617P00600000,AAPL,2027-06-17,P,600.0,258.65,88.0,261.65,88.0,0.0,0.0,0.0,-1.0,0.0,0.0,-0.0677,0.0,260.185,0.0,0.0,0.0,0.0,no_change,0.0,,0.0,259.600006103516,339.815,2026-09-28 18:44:43,2026-09-28 14:45:04
AAPL,AAPL270917C00100000,AAPL,2027-09-17,C,100.0,242.3,86.0,246.2,86.0,0.4802,8.0,0.0,0.9998,0.0,0.0218,0.0,0.9252,244.2651,0.0,0.0,0.0,0.0,up,245.66,2026-09-25T15:49:24,0.0,244.800003051758,339.815,2026-09-28 18:44:43,2026-09-28 14:45:04
AAPL,AAPL270917C00105000,AAPL,2027-09-17,C,105.0,237.55,92.0,241.45,86.0,0.4673,20.0,0.0,0.9994,0.0,0.0255,0.0,0.9703,239.5244,0.0,0.0,0.0,0.0,down,206.35,2026-08-10T13:41:50,0.0,239.975006103516,339.815,2026-09-28 18:44:43,2026-09-28 14:45:04
AAPL,AAPL270917C00110000,AAPL,2027-09-17,C,110.0,232.9,88.0,236.65,78.0,0.4649,10.0,0.0,0.999,0.0,0.0297,0.0,1.0151,234.7864,0.0,0.0,0.0,0.0,no_change,199.55,2026-08-17T11:34:46,0.0,235.300003051758,339.815,2026-09-28 18:44:43,2026-09-28 14:45:04
AAPL,AAPL270917C00115000,AAPL,2027-09-17,C,115.0,228.2,102.0,232.0,92.0,0.474,5.0,10.0,0.9985,0.0001,0.0344,0.0,1.0596,230.0515,-0.55,230.2,230.2,229.75,down,229.75,2026-09-28T14:18:08,-0.23882,230.300003051758,339.815,2026-09-28 18:44:43,2026-09-28 14:45:04
AAPL,AAPL270917C00120000,AAPL,2027-09-17,C,120.0,223.4,93.0,227.2,92.0,0.4461,0.0,0.0,0.998,0.0001,0.0396,0.0,1.1039,225.3201,0.0,0.0,0.0,0.0,no_change,0.0,,0.0,225.650001525879,339.815,2026-09-28 18:44:43,2026-09-28 14:45:04
AAPL,AAPL270917C00125000,AAPL,2027-09-17,C,125.0,218.7,110.0,222.45,87.0,0.4393,157.0,0.0,0.9973,0.0001,0.0455,0.0,1.1478,220.5926,0.0,0.0,0.0,0.0,no_change,219.15,2026-09-21T12:59:17,0.0,221.049995422363,339.815,2026-09-28 18:44:43,2026-09-28 14:45:04
AAPL,AAPL270917C00130000,AAPL,2027-09-17,C,130.0,213.95,88.0,217.8,90.0,0.4368,11.0,0.0,0.9966,0.0001,0.0521,0.0,1.1915,215.8694,0.0,0.0,0.0,0.0,down,182.05,2026-08-10T12:24:16,0.0,216.150001525879,339.815,2026-09-28 18:44:43,2026-09-28 14:45:04
AAPL,AAPL270917C00135000,AAPL,2027-09-17,C,135.0,209.25,91.0,213.05,98.0,0.4278,33.0,0.0,0.9957,0.0001,0.0594,0.0,1.2347,211.1512,0.0,0.0,0.0,0.0,up,178.45,2026-08-10T13:56:28,0.0,211.599998474121,339.815,2026-09-28 18:44:43,2026-09-28 14:45:04
AAPL,AAPL270917C00140000,AAPL,2027-09-17,C,140.0,204.45,103.0,208.3,84.0,0.4101,9.0,0.0,0.9948,0.0001,0.0674,0.0,1.2776,206.4386,0.0,0.0,0.0,0.0,no_change,187.01,2026-09-10T11:50:20,0.0,206.849998474121,339.815,2026-09-28 18:44:43,2026-09-28 14:45:04
AAPL,AAPL270917C00145000,AAPL,2027-09-17,C,145.0,199.75,101.0,203.55,82.0,0.4015,23.0,0.0,0.9937,0.0002,0.0763,0.0,1.32,201.7321,0.0,0.0,0.0,0.0,up,200.35,2026-09-21T12:59:00,0.0,202.150001525879,339.815,2026-09-28 18:44:43,2026-09-28 14:45:04
AAPL,AAPL270917C00150000,AAPL,2027-09-17,C,150.0,195.1,89.0,198.5,80.0,0.3716,71.0,0.0,0.9925,0.0002,0.0863,0.0,1.3619,197.0325,0.0,0.0,0.0,0.0,up,172.11,2026-08-24T10:56:22,0.0,197.425003051758,339.815,2026-09-28 18:44:43,2026-09-28 14:45:04
AAPL,AAPL270917C00155000,AAPL,2027-09-17,C,155.0,190.35,89.0,194.15,104.0,0.3899,44.0,0.0,0.9912,0.0002,0.0971,0.0,1.4031,192.3409,0.0,0.0,0.0,0.0,down,173.98,2026-09-04T13:45:42,0.0,192.800003051758,339.815,2026-09-28 18:44:43,2026-09-28 14:45:04
AAPL,AAPL270917C00160000,AAPL,2027-09-17,C,160.0,185.7,90.0,189.5,98.0,0.3883,9.0,0.0,0.9896,0.0002,0.1089,0.0,1.4438,187.6579,0.0,0.0,0.0,0.0,up,174.95,2026-09-03T14:22:30,0.0,188.024993896484,339.815,2026-09-28 18:44:43,2026-09-28 14:45:04
AAPL,AAPL270917C00165000,AAPL,2027-09-17,C,165.0,181.05,88.0,184.85,100.0,0.385,24.0,0.0,0.9879,0.0003,0.1221,0.0,1.4838,182.9846,0.0,0.0,0.0,0.0,up,168.68,2026-09-10T15:21:14,0.0,183.425003051758,339.815,2026-09-28 18:44:43,2026-09-28 14:45:04
AAPL,AAPL270917C00170000,AAPL,2027-09-17,C,170.0,176.3,99.0,180.15,88.0,0.3743,10.0,0.0,0.986,0.0003,0.1365,0.0,1.5229,178.3224,0.0,0.0,0.0,0.0,up,169.59,2026-09-16T15:16:44,0.0,178.75,339.815,2026-09-28 18:44:43,2026-09-28 14:45:04
AAPL,AAPL270917C00175000,AAPL,2027-09-17,C,175.0,171.7,88.0,175.1,77.0,0.3556,63.0,0.0,0.9838,0.0004,0.152,0.0,1.5612,173.6724,0.0,0.0,0.0,0.0,up,172.25,2026-09-21T12:59:07,0.0,174.0,339.815,2026-09-28 18:44:43,2026-09-28 14:45:04
AAPL,AAPL270917C00180000,AAPL,2027-09-17,C,180.0,167.0,96.0,170.85,99.0,0.3639,6.0,0.0,0.9814,0.0004,0.1689,0.0,1.5986,169.0359,0.0,0.0,0.0,0.0,down,148.98,2026-09-10T10:31:03,0.0,169.375,339.815,2026-09-28 18:44:43,2026-09-28 14:45:04
AAPL,AAPL270917C00185000,AAPL,2027-09-17,C,185.0,162.9,172.0,165.85,167.0,0.3635,23.0,0.0,0.9787,0.0004,0.1875,0.0,1.6348,164.4145,0.0,0.0,0.0,0.0,down,130.08,2026-08-03T10:01:38,0.0,164.5,339.815,2026-09-28 18:44:43,2026-09-28 14:45:04
AAPL,AAPL270917C00190000,AAPL,2027-09-17,C,190.0,157.85,389.0,161.2,380.0,0.3453,265.0,0.0,0.9758,0.0005,0.2076,0.0,1.6698,159.8101,0.0,0.0,0.0,0.0,up,154.17,2026-09-14T14:04:19,0.0,160.449996948242,339.815,2026-09-28 18:44:43,2026-09-28 14:45:04
AAPL,AAPL270917C00195000,AAPL,2027-09-17,C,195.0,154.2,122.0,156.65,136.0,0.3645,39.0,0.0,0.9724,0.0006,0.229,0.0,1.7037,155.2244,0.0,0.0,0.0,0.0,down,152.73,2026-09-24T10:29:00,0.0,155.375,339.815,2026-09-28 18:44:43,2026-09-28 14:45:04
AAPL,AAPL270917C00200000,AAPL,2027-09-17,C,200.0,149.35,371.0,151.4,196.0,0.3387,107.0,3.0,0.9688,0.0006,0.2522,0.0,1.7363,150.6593,-0.225,150.68,150.85,150.68,up,150.85,2026-09-28T14:17:33,-0.148931,151.074996948242,339.815,2026-09-28 18:44:43,2026-09-28 14:45:04
AAPL,AAPL270917C00205000,AAPL,2027-09-17,C,205.0,145.05,342.0,147.55,521.0,0.3531,491.0,0.0,0.9647,0.0007,0.2774,0.0,1.7671,146.117,0.0,0.0,0.0,0.0,down,146.82,2026-09-22T14:50:28,0.0,146.050003051758,339.815,2026-09-28 18:44:43,2026-09-28 14:45:04
AAPL,AAPL270917C00210000,AAPL,2027-09-17,C,210.0,140.1,246.0,142.95,113.0,0.3395,86.0,0.0,0.9602,0.0008,0.304,0.0,1.7963,141.6003,0.0,0.0,0.0,0.0,down,139.19,2026-09-24T10:29:09,0.0,141.799995422363,339.815,2026-09-28 18:44:43,2026-09-28 14:45:04
AAPL,AAPL270917C00215000,AAPL,2027-09-17,C,215.0,135.95,135.0,138.55,126.0,0.3421,13.0,1.0,0.9553,0.0009,0.3322,0.0,1.824,137.1113,1.555,138.43,138.43,138.43,up,138.43,2026-09-28T09:35:13,1.13607,136.875,339.815,2026-09-28 18:44:43,2026-09-28 14:45:04
AAPL,AAPL270917C00220000,AAPL,2027-09-17,C,220.0,131.85,48.0,134.0,130.0,0.3414,60.0,0.0,0.9498,0.001,0.3626,0.0,1.8497,132.6527,0.0,0.0,0.0,0.0,down,128.91,2026-09-25T10:53:54,0.0,132.75,339.815,2026-09-28 18:44:43,2026-09-28 14:45:04
AAPL,AAPL270917C00225000,AAPL,2027-09-17,C,225.0,127.3,253.0,129.65,310.0,0.3362,152.0,0.0,0.9439,0.001,0.3948,-0.0011,1.873,128.2277,0.0,0.0,0.0,0.0,down,123.64,2026-09-25T09:39:50,0.0,128.375,339.815,2026-09-28 18:44:43,2026-09-28 14:45:04
AAPL,AAPL270917C00230000,AAPL,2027-09-17,C,230.0,122.65,169.0,125.15,107.0,0.3275,96.0,0.0,0.9374,0.0012,0.4283,-0.003,1.8944,123.8395,0.0,0.0,0.0,0.0,down,120.53,2026-09-23T15:23:36,0.0,124.25,339.815,2026-09-28 18:44:43,2026-09-28 14:45:04
AAPL,AAPL270917C00235000,AAPL,2027-09-17,C,235.0,118.65,48.0,120.9,149.0,0.3287,70.0,0.0,0.9303,0.0013,0.4636,-0.005,1.9138,119.4908,0.0,0.0,0.0,0.0,down,117.12,2026-09-23T13:37:05,0.0,119.325000762939,339.815,2026-09-28 18:44:43,2026-09-28 14:45:04
AAPL,AAPL270917C00240000,AAPL,2027-09-17,C,240.0,114.0,349.0,116.55,346.0,0.3208,685.0,1.0,0.9226,0.0014,0.501,-0.007,1.9302,115.1851,-0.18,115.47,115.47,115.47,up,115.47,2026-09-28T11:25:18,-0.155643,115.650001525879,339.815,2026-09-28 18:44:43,2026-09-28 14:45:04
AAPL,AAPL270917C00245000,AAPL,2027-09-17,C,245.0,109.6,194.0,111.35,56.0,0.3069,21.0,0.0,0.9143,0.0015,0.5396,-0.0091,1.944,110.9267,0.0,0.0,0.0,0.0,down,110.8,2026-09-25T14:31:42,0.0,111.399997711182,339.815,2026-09-28 18:44:43,2026-09-28 14:45:04
AAPL,AAPL270917C00250000,AAPL,2027-09-17,C,250.0,106.05,48.0,108.05,373.0,0.3182,280.0,7.0,0.9052,0.0016,0.5792,-0.0112,1.9556,106.7185,1.525,108.92,108.92,108.6,down,108.6,2026-09-28T10:04:17,1.42424,107.074996948242,339.815,2026-09-28 18:44:43,2026-09-28 14:45:04
AAPL,AAPL270917C00255000,AAPL,2027-09-17,C,255.0,101.8,66.0,103.35,201.0,0.3095,54.0,0.0,0.8955,0.0018,0.6207,-0.0133,1.964,102.564,0.0,0.0,0.0,0.0,down,104.17,2026-09-22T13:20:45,0.0,102.599998474121,339.815,2026-09-28 18:44:43,2026-09-28 14:45:04
AAPL,AAPL270917C00260000,AAPL,2027-09-17,C,260.0,97.95,39.0,99.85,334.0,0.3129,2332.0,1.0,0.8851,0.0019,0.6632,-0.0154,1.9691,98.4678,0.245,99.07,99.07,99.07,up,99.07,2026-09-28T11:23:27,0.247916,98.8249969482422,339.815,2026-09-28 18:44:43,2026-09-28 14:45:04
AAPL,AAPL270917C00265000,AAPL,2027-09-17,C,265.0,93.3,315.0,95.85,356.0,0.3055,105.0,77.0,0.874,0.0021,0.706,-0.0175,1.9718,94.4336,0.0,94.85,94.85,94.85,no_change,94.85,2026-09-28T11:16:26,-2.41309e-06,94.8500022888184,339.815,2026-09-28 18:44:43,2026-09-28 14:45:04
AAPL,AAPL270917C00270000,AAPL,2027-09-17,C,270.0,89.15,323.0,91.5,337.0,0.2989,2323.0,6.0,0.8621,0.0022,0.7498,-0.0197,1.9715,90.4644,1.815,92.24,92.24,92.24,up,92.24,2026-09-28T10:06:33,2.00719,90.4249992370606,339.815,2026-09-28 18:44:43,2026-09-28 14:45:04
AAPL,AAPL270917C00275000,AAPL,2027-09-17,C,275.0,85.2,336.0,87.85,324.0,0.2976,108.0,0.0,0.8494,0.0024,0.7944,-0.0218,1.9672,86.565,0.0,0.0,0.0,0.0,down,83.78,2026-09-24T10:32:11,0.0,86.8499984741211,339.815,2026-09-28 18:44:43,2026-09-28 14:45:04
AAPL,AAPL270917C00280000,AAPL,2027-09-17,C,280.0,82.2,43.0,83.95,414.0,0.2996,294.0,7.0,0.836,0.0025,0.8385,-0.0239,1.9601,82.7394,0.775,84.57,84.57,84.05,down,84.05,2026-09-28T12:26:41,0.93065,83.2750015258789,339.815,2026-09-28 18:44:43,2026-09-28 14:45:04
AAPL,AAPL270917C00285000,AAPL,2027-09-17,C,285.0,78.6,60.0,79.55,293.0,0.2941,470.0,2.0,0.8218,0.0027,0.8824,-0.026,1.9503,78.9904,2.675,82.15,82.15,82.15,up,82.15,2026-09-28T10:10:12,3.36584,79.4749984741211,339.815,2026-09-28 18:44:43,2026-09-28 14:45:04
AAPL,AAPL270917C00290000,AAPL,2027-09-17,C,290.0,74.65,55.0,75.5,34.0,0.2882,212.0,0.0,0.807,0.0028,0.9265,-0.028,1.9364,75.3218,0.0,0.0,0.0,0.0,no_change,76.06,2026-09-25T15:58:03,0.0,75.4500007629394,339.815,2026-09-28 18:44:43,2026-09-28 14:45:04
AAPL,AAPL270917C00295000,AAPL,2027-09-17,C,295.0,71.1,100.0,72.7,472.0,0.2903,332.0,0.0,0.7913,0.003,0.9695,-0.03,1.9192,71.7384,0.0,0.0,0.0,0.0,up,70.8,2026-09-25T11:57:39,0.0,72.3249969482422,339.815,2026-09-28 18:44:43,2026-09-28 14:45:04
AAPL,AAPL270917C00300000,AAPL,2027-09-17,C,300.0,67.7,224.0,68.6,257.0,0.2855,1035.0,1.0,0.775,0.0031,1.0109,-0.0319,1.8998,68.2424,-0.365,68.21,68.21,68.21,down,68.21,2026-09-28T10:47:02,-0.532265,68.5750007629394,339.815,2026-09-28 18:44:43,2026-09-28 14:45:04
AAPL,AAPL270917C00305000,AAPL,2027-09-17,C,305.0,64.2,303.0,65.7,450.0,0.2855,423.0,1.0,0.758,0.0033,1.0515,-0.0337,1.8766,64.8365,-0.725,64.3,64.3,64.3,down,64.3,2026-09-28T11:00:09,-1.11496,65.0250015258789,339.815,2026-09-28 18:44:43,2026-09-28 14:45:04
AAPL,AAPL270917C00310000,AAPL,2027-09-17,C,310.0,61.15,58.0,62.95,463.0,0.2872,519.0,0.0,0.7404,0.0034,1.0905,-0.0354,1.8496,61.5253,0.0,0.0,0.0,0.0,no_change,60.16,2026-09-24T14:31:44,0.0,61.9250011444092,339.815,2026-09-28 18:44:43,2026-09-28 14:45:04
AAPL,AAPL270917C00315000,AAPL,2027-09-17,C,315.0,57.45,456.0,59.05,412.0,0.28,593.0,3.0,0.7221,0.0036,1.127,-0.037,1.8209,58.311,-0.575,59.5,59.5,58.15,down,58.15,2026-09-28T12:22:22,-0.979141,58.7250003814697,339.815,2026-09-28 18:44:43,2026-09-28 14:45:04
AAPL,AAPL270917C00320000,AAPL,2027-09-17,C,320.0,54.85,128.0,56.05,433.0,0.2809,2226.0,21.0,0.7033,0.0037,1.1613,-0.0386,1.7892,55.1947,-0.02,55.71,55.71,55.48,down,55.48,2026-09-28T12:09:32,-0.036036,55.5,339.815,2026-09-28 18:44:43,2026-09-28 14:45:04
AAPL,AAPL270917C00325000,AAPL,2027-09-17,C,325.0,51.8,84.0,53.65,499.0,0.2815,660.0,0.0,0.684,0.0038,1.1935,-0.04,1.7537,52.1801,0.0,0.0,0.0,0.0,up,51.95,2026-09-25T12:40:45,0.0,52.75,339.815,2026-09-28 18:44:43,2026-09-28 14:45:04
AAPL,AAPL270917C00330000,AAPL,2027-09-17,C,330.0,48.95,116.0,50.65,536.0,0.2797,967.0,33.0,0.6642,0.004,1.2225,-0.0412,1.7165,49.2696,-0.575,51.15,51.15,48.7,down,48.7,2026-09-28T13:50:03,-1.16692,49.2749996185303,339.815,2026-09-28 18:44:43,2026-09-28 14:45:04
AAPL,AAPL270917C00335000,AAPL,2027-09-17,C,335.0,46.2,75.0,46.85,262.0,0.2742,2711.0,20.0,0.644,0.0041,1.2483,-0.0423,1.6776,46.4628,0.105,47.7,47.75,46.5,no_change,46.58,2026-09-28T14:21:43,0.225927,46.4750003814697,339.815,2026-09-28 18:44:43,2026-09-28 14:45:04
AAPL,AAPL270917C00340000,AAPL,2027-09-17,C,340.0,43.5,53.0,44.7,510.0,0.2749,1262.0,56.0,0.6235,0.0042,1.2713,-0.0433,1.6353,43.7618,-0.555,44.51,45.28,43.5,down,43.82,2026-09-28T13:56:45,-1.2507,44.375,339.815,2026-09-28 18:44:43,2026-09-28 14:45:04
AAPL,AAPL270917C00345000,AAPL,2027-09-17,C,345.0,40.95,31.0,41.85,472.0,0.2726,1080.0,6.0,0.6027,0.0043,1.2907,-0.0442,1.591,41.1687,-0.275,42.55,42.8,41.25,no_change,41.25,2026-09-28T14:12:37,-0.662251,41.5249996185303,339.815,2026-09-28 18:44:43,2026-09-28 14:45:04
AAPL,AAPL270917C00350000,AAPL,2027-09-17,C,350.0,38.4,155.0,38.9,123.0,0.2692,12210.0,131.0,0.5817,0.0043,1.3066,-0.0449,1.5464,38.6825,-0.215,40.25,40.25,38.47,down,38.71,2026-09-28T14:04:50,-0.552347,38.9250011444092,339.815,2026-09-28 18:44:43,2026-09-28 14:45:04
AAPL,AAPL270917C00355000,AAPL,2027-09-17,C,355.0,36.05,55.0,36.6,148.0,0.2683,1063.0,1.0,0.5606,0.0044,1.3188,-0.0454,1.4995,36.303,-0.205,36.47,36.47,36.47,up,36.47,2026-09-28T13:09:46,-0.558962,36.6749992370606,339.815,2026-09-28 18:44:43,2026-09-28 14:45:04
AAPL,AAPL270917C00360000,AAPL,2027-09-17,C,360.0,33.75,110.0,34.3,220.0,0.2669,2350.0,10.0,0.5395,0.0044,1.3275,-0.0458,1.4505,34.0315,0.2,35.45,35.54,34.7,down,34.7,2026-09-28T11:29:49,0.57971,34.5,339.815,2026-09-28 18:44:43,2026-09-28 14:45:04
AAPL,AAPL270917C00365000,AAPL,2027-09-17,C,365.0,31.45,482.0,32.2,523.0,0.2654,1831.0,18.0,0.5183,0.0045,1.3325,-0.046,1.4018,31.8668,0.15,33.35,33.35,32.5,down,32.5,2026-09-28T11:34:15,0.463677,32.3500003814697,339.815,2026-09-28 18:44:43,2026-09-28 14:45:04
AAPL,AAPL270917C00370000,AAPL,2027-09-17,C,370.0,29.5,99.0,30.15,576.0,0.2648,962.0,5.0,0.4972,0.0045,1.3339,-0.0461,1.3524,29.8064,0.025,31.35,31.35,30.25,down,30.25,2026-09-28T10:43:00,0.0827149,30.2249994277954,339.815,2026-09-28 18:44:43,2026-09-28 14:45:04
AAPL,AAPL270917C00375000,AAPL,2027-09-17,C,375.0,27.45,529.0,28.35,554.0,0.264,2378.0,70.0,0.4763,0.0045,1.3315,-0.0461,1.3012,27.8503,-0.35,27.89,29.3,27.89,down,27.95,2026-09-28T13:42:48,-1.23675,28.3000001907349,339.815,2026-09-28 18:44:43,2026-09-28 14:45:04
AAPL,AAPL270917C00380000,AAPL,2027-09-17,C,380.0,25.7,40.0,26.45,326.0,0.2633,1401.0,16.0,0.4556,0.0045,1.3257,-0.0459,1.2503,25.9974,-0.475,27.5,27.5,25.85,down,25.85,2026-09-28T13:49:12,-1.80437,26.3249998092651,339.815,2026-09-28 18:44:43,2026-09-28 14:45:04
AAPL,AAPL270917C00385000,AAPL,2027-09-17,C,385.0,23.85,168.0,24.35,96.0,0.2608,1033.0,4.0,0.4352,0.0045,1.3168,-0.0456,1.2004,24.2438,-0.09,25.4,25.51,24.51,down,24.51,2026-09-28T11:20:17,-0.365855,24.6000003814697,339.815,2026-09-28 18:44:43,2026-09-28 14:45:04
AAPL,AAPL270917C00390000,AAPL,2027-09-17,C,390.0,22.2,348.0,23.0,648.0,0.2611,522.0,7.0,0.4151,0.0045,1.3045,-0.0452,1.1497,22.5874,-0.575,23.85,23.85,22.4,down,22.4,2026-09-28T14:00:24,-2.50272,22.9750003814697,339.815,2026-09-28 18:44:43,2026-09-28 14:45:04
AAPL,AAPL270917C00395000,AAPL,2027-09-17,C,395.0,20.65,142.0,21.45,281.0,0.2605,563.0,7.0,0.3954,0.0044,1.2888,-0.0447,1.0988,21.0268,-0.24,22.2,22.2,20.85,up,21.16,2026-09-28T12:16:24,-1.12149,21.3999996185303,339.815,2026-09-28 18:44:43,2026-09-28 14:45:04
AAPL,AAPL270917C00400000,AAPL,2027-09-17,C,400.0,19.2,131.0,19.85,219.0,0.2594,3200.0,8.0,0.3762,0.0044,1.2708,-0.044,1.0497,19.5584,0.205,20.65,20.67,20.0,up,20.03,2026-09-28T11:36:03,1.03405,19.8249998092651,339.815,2026-09-28 18:44:43,2026-09-28 14:45:04
AAPL,AAPL270917C00410000,AAPL,2027-09-17,C,410.0,16.5,225.0,17.15,190.0,0.258,862.0,2.0,0.3392,0.0042,1.2269,-0.0425,0.9529,16.883,0.7,17.9,17.9,17.9,no_change,17.9,2026-09-28T09:30:30,4.06977,17.1999998092651,339.815,2026-09-28 18:44:43,2026-09-28 14:45:04
AAPL,AAPL270917C00420000,AAPL,2027-09-17,C,420.0,14.15,136.0,14.85,303.0,0.2572,1772.0,6.0,0.3043,0.0041,1.1742,-0.0406,0.8602,14.5254,-0.125,15.35,15.52,14.5,up,14.6,2026-09-28T11:14:23,-0.848896,14.7249999046326,339.815,2026-09-28 18:44:43,2026-09-28 14:45:04
AAPL,AAPL270917C00430000,AAPL,2027-09-17,C,430.0,12.1,254.0,12.8,286.0,0.2565,487.0,2.0,0.2719,0.0039,1.1151,-0.0385,0.7725,12.4777,-0.03,13.4,13.4,12.67,down,12.67,2026-09-28T11:18:55,-0.236223,12.7000002861023,339.815,2026-09-28 18:44:43,2026-09-28 14:45:04
AAPL,AAPL270917C00440000,AAPL,2027-09-17,C,440.0,10.35,214.0,10.9,161.0,0.2554,198.0,0.0,0.2422,0.0036,1.052,-0.0362,0.692,10.7092,0.0,0.0,0.0,0.0,up,11.1,2026-09-25T15:50:12,0.0,10.8000001907349,339.815,2026-09-28 18:44:43,2026-09-28 14:45:04
AAPL,AAPL270917C00450000,AAPL,2027-09-17,C,450.0,8.9,27.0,9.3,92.0,0.2552,480.0,32.0,0.2148,0.0034,0.985,-0.0339,0.6157,9.1623,0.275,9.63,9.69,9.62,down,9.65,2026-09-28T10:07:04,2.93333,9.375,339.815,2026-09-28 18:44:43,2026-09-28 14:45:04
AAPL,AAPL270917C00460000,AAPL,2027-09-17,C,460.0,7.45,439.0,8.15,501.0,0.2551,129.0,6.0,0.1902,0.0032,0.9178,-0.0315,0.5476,7.8442,0.26,8.31,8.31,8.31,up,8.31,2026-09-28T10:09:36,3.22981,8.05000019073486,339.815,2026-09-28 18:44:43,2026-09-28 14:45:04
AAPL,AAPL270917C00470000,AAPL,2027-09-17,C,470.0,6.45,72.0,7.0,339.0,0.2557,344.0,0.0,0.1678,0.0029,0.8504,-0.0291,0.4844,6.7042,0.0,0.0,0.0,0.0,up,7.0,2026-09-22T09:30:00,0.0,6.79999995231628,339.815,2026-09-28 18:44:43,2026-09-28 14:45:04
AAPL,AAPL270917C00480000,AAPL,2027-09-17,C,480.0,5.45,334.0,5.8,33.0,0.2542,166.0,6.0,0.1478,0.0027,0.7839,-0.0268,0.4281,5.728,0.025,5.85,5.85,5.85,no_change,5.85,2026-09-28T09:46:52,0.429184,5.82500004768372,339.815,2026-09-28 18:44:43,2026-09-28 14:45:04
AAPL,AAPL270917C00490000,AAPL,2027-09-17,C,490.0,4.65,275.0,5.25,545.0,0.2565,61.0,0.0,0.1299,0.0025,0.7202,-0.0246,0.3772,4.8922,0.0,0.0,0.0,0.0,down,4.84,2026-09-23T13:36:53,0.0,5.02500009536743,339.815,2026-09-28 18:44:43,2026-09-28 14:45:04
AAPL,AAPL270917C00500000,AAPL,2027-09-17,C,500.0,3.95,44.0,4.4,91.0,0.2559,392.0,0.0,0.1141,0.0022,0.6583,-0.0224,0.3316,4.1795,0.0,0.0,0.0,0.0,down,4.1,2026-09-23T10:23:19,0.0,4.27499985694885,339.815,2026-09-28 18:44:43,2026-09-28 14:45:04
AAPL,AAPL270917C00510000,AAPL,2027-09-17,C,510.0,3.3,169.0,3.9,369.0,0.2568,97.0,0.0,0.1,0.002,0.6009,-0.0204,0.2916,3.5711,0.0,0.0,0.0,0.0,down,3.68,2026-09-23T10:11:38,0.0,3.64999997615814,339.815,2026-09-28 18:44:43,2026-09-28 14:45:04
AAPL,AAPL270917C00520000,AAPL,2027-09-17,C,520.0,2.89,76.0,3.25,123.0,0.257,120.0,0.0,0.0876,0.0018,0.546,-0.0185,0.2555,3.0534,0.0,0.0,0.0,0.0,no_change,3.1,2026-09-23T10:15:08,0.0,3.125,339.815,2026-09-28 18:44:43,2026-09-28 14:45:04
AAPL,AAPL270917C00530000,AAPL,2027-09-17,C,530.0,2.39,380.0,2.87,386.0,0.2576,91.0,0.0,0.0768,0.0017,0.4956,-0.0168,0.2244,2.6127,0.0,0.0,0.0,0.0,no_change,2.65,2026-09-25T14:07:33,0.0,2.70499992370605,339.815,2026-09-28 18:44:43,2026-09-28 14:45:04
AAPL,AAPL270917C00540000,AAPL,2027-09-17,C,540.0,2.07,378.0,2.34,197.0,0.257,75.0,0.0,0.0672,0.0015,0.4489,-0.0152,0.1965,2.2376,0.0,0.0,0.0,0.0,no_change,2.25,2026-09-25T14:07:33,0.0,2.31500005722046,339.815,2026-09-28 18:44:43,2026-09-28 14:45:04
AAPL,AAPL270917C00550000,AAPL,2027-09-17,C,550.0,1.8,248.0,2.17,461.0,0.2602,1251.0,5.0,0.0588,0.0014,0.4055,-0.0137,0.1722,1.919,-0.01,1.97,1.97,1.97,down,1.97,2026-09-28T09:52:20,-0.505048,1.97999995946884,339.815,2026-09-28 18:44:43,2026-09-28 14:45:04
AAPL,AAPL270917C00560000,AAPL,2027-09-17,C,560.0,1.58,110.0,1.74,287.0,0.2595,442.0,1.0,0.0515,0.0012,0.3665,-0.0124,0.1511,1.6478,0.005,1.72,1.72,1.72,down,1.72,2026-09-28T12:50:51,0.291543,1.7150000333786,339.815,2026-09-28 18:44:43,2026-09-28 14:45:04
AAPL,AAPL270917C00570000,AAPL,2027-09-17,C,570.0,1.35,117.0,1.69,522.0,0.2632,41.0,0.0,0.0451,0.0011,0.3306,-0.0111,0.1322,1.4171,0.0,0.0,0.0,0.0,down,1.31,2026-09-25T10:31:28,0.0,1.44999998807907,339.815,2026-09-28 18:44:43,2026-09-28 14:45:04
AAPL,AAPL270917C00580000,AAPL,2027-09-17,C,580.0,1.13,77.0,1.49,354.0,0.264,79.0,0.0,0.0395,0.001,0.2973,-0.01,0.1158,1.2181,0.0,0.0,0.0,0.0,down,1.28,2026-09-24T13:43:18,0.0,1.24500000476837,339.815,2026-09-28 18:44:43,2026-09-28 14:45:04
AAPL,AAPL270917C00590000,AAPL,2027-09-17,C,590.0,1.0,30.0,1.11,11.0,0.2617,90.0,0.0,0.0347,0.0009,0.2682,-0.009,0.1018,1.0512,0.0,0.0,0.0,0.0,down,1.07,2026-09-24T14:03:34,0.0,1.22000002861023,339.815,2026-09-28 18:44:43,2026-09-28 14:45:04
AAPL,AAPL270917C00600000,AAPL,2027-09-17,C,600.0,0.88,52.0,1.15,680.0,0.267,1853.0,46.0,0.0305,0.0008,0.242,-0.0081,0.0894,0.9111,-0.06,0.97,0.97,0.91,down,0.91,2026-09-28T13:22:33,-6.18557,0.969999998807907,339.815,2026-09-28 18:44:43,2026-09-28 14:45:04
AAPL,AAPL270917P00100000,AAPL,2027-09-17,P,100.0,0.01,16.0,0.19,13.0,0.4862,411.0,0.0,-0.002,0.0,0.022,-0.0014,-0.0071,0.1039,0.0,0.0,0.0,0.0,down,0.11,2026-09-24T15:25:44,0.0,0.120000001043081,339.815,2026-09-28 18:44:43,2026-09-28 14:45:04
AAPL,AAPL270917P00105000,AAPL,2027-09-17,P,105.0,0.01,18.0,0.23,14.0,0.4772,94.0,0.0,-0.0024,0.0,0.0257,-0.0016,-0.0085,0.1229,0.0,0.0,0.0,0.0,down,0.37,2026-07-29T09:30:15,0.0,0.124999997206032,339.815,2026-09-28 18:44:43,2026-09-28 14:45:04
AAPL,AAPL270917P00110000,AAPL,2027-09-17,P,110.0,0.02,462.0,0.26,521.0,0.4674,41.0,0.0,-0.0028,0.0001,0.0301,-0.0018,-0.0101,0.1448,0.0,0.0,0.0,0.0,down,0.25,2026-09-02T13:02:31,0.0,0.15500000026077,339.815,2026-09-28 18:44:43,2026-09-28 14:45:04
AAPL,AAPL270917P00115000,AAPL,2027-09-17,P,115.0,0.1,30.0,0.31,600.0,0.4703,6.0,0.0,-0.0033,0.0001,0.0347,-0.0021,-0.0118,0.17,0.0,0.0,0.0,0.0,down,0.25,2026-09-18T11:49:52,0.0,0.205000001937151,339.815,2026-09-28 18:44:43,2026-09-28 14:45:04
AAPL,AAPL270917P00120000,AAPL,2027-09-17,P,120.0,0.1,391.0,0.33,525.0,0.456,151.0,0.0,-0.0039,0.0001,0.04,-0.0024,-0.0138,0.1985,0.0,0.0,0.0,0.0,down,0.37,2026-08-31T10:29:40,0.0,0.224999997764826,339.815,2026-09-28 18:44:43,2026-09-28 14:45:04
AAPL,AAPL270917P00125000,AAPL,2027-09-17,P,125.0,0.09,288.0,0.37,497.0,0.4433,15.0,0.0,-0.0046,0.0001,0.0461,-0.0026,-0.0162,0.231,0.0,0.0,0.0,0.0,down,0.32,2026-09-21T12:46:40,0.0,0.25000000372529,339.815,2026-09-28 18:44:43,2026-09-28 14:45:04
AAPL,AAPL270917P00130000,AAPL,2027-09-17,P,130.0,0.12,490.0,0.42,712.0,0.436,33.0,0.0,-0.0053,0.0001,0.0529,-0.003,-0.0189,0.2681,0.0,0.0,0.0,0.0,down,0.3,2026-09-25T09:30:21,0.0,0.284999996423721,339.815,2026-09-28 18:44:43,2026-09-28 14:45:04
AAPL,AAPL270917P00135000,AAPL,2027-09-17,P,135.0,0.16,374.0,0.48,597.0,0.4297,63.0,0.0,-0.0062,0.0001,0.06,-0.0034,-0.0217,0.3103,0.0,0.0,0.0,0.0,up,0.54,2026-09-14T09:32:24,0.0,0.33500000089407,339.815,2026-09-28 18:44:43,2026-09-28 14:45:04
AAPL,AAPL270917P00140000,AAPL,2027-09-17,P,140.0,0.2,408.0,0.53,577.0,0.4218,36.0,0.0,-0.0071,0.0001,0.0682,-0.0038,-0.0251,0.3579,0.0,0.0,0.0,0.0,down,0.49,2026-09-21T09:42:59,0.0,0.384999997913837,339.815,2026-09-28 18:44:43,2026-09-28 14:45:04
AAPL,AAPL270917P00145000,AAPL,2027-09-17,P,145.0,0.28,282.0,0.45,44.0,0.407,29.0,0.0,-0.0082,0.0002,0.0777,-0.0042,-0.0289,0.4119,0.0,0.0,0.0,0.0,down,0.54,2026-09-21T09:30:10,0.0,0.385000005364418,339.815,2026-09-28 18:44:43,2026-09-28 14:45:04
AAPL,AAPL270917P00150000,AAPL,2027-09-17,P,150.0,0.29,443.0,0.52,41.0,0.3982,74.0,0.0,-0.0095,0.0002,0.0875,-0.0047,-0.0333,0.4733,0.0,0.0,0.0,0.0,no_change,0.65,2026-09-21T11:36:19,0.0,0.464999988675118,339.815,2026-09-28 18:44:43,2026-09-28 14:45:04
AAPL,AAPL270917P00155000,AAPL,2027-09-17,P,155.0,0.49,13.0,0.59,295.0,0.4001,111.0,0.0,-0.0108,0.0002,0.0983,-0.0052,-0.038,0.5426,0.0,0.0,0.0,0.0,no_change,0.65,2026-09-22T09:31:41,0.0,0.534999996423721,339.815,2026-09-28 18:44:43,2026-09-28 14:45:04
AAPL,AAPL270917P00160000,AAPL,2027-09-17,P,160.0,0.57,60.0,0.67,320.0,0.394,62.0,1.0,-0.0124,0.0002,0.1107,-0.0058,-0.0434,0.6205,0.03,0.65,0.65,0.65,down,0.65,2026-09-28T13:33:47,4.83871,0.620000004768372,339.815,2026-09-28 18:44:43,2026-09-28 14:45:04
AAPL,AAPL270917P00165000,AAPL,2027-09-17,P,165.0,0.62,360.0,0.78,127.0,0.3872,60.0,0.0,-0.0142,0.0003,0.1244,-0.0064,-0.0496,0.7088,0.0,0.0,0.0,0.0,down,0.74,2026-09-25T15:16:44,0.0,0.784999996423721,339.815,2026-09-28 18:44:43,2026-09-28 14:45:04
AAPL,AAPL270917P00170000,AAPL,2027-09-17,P,170.0,0.76,48.0,0.88,70.0,0.3829,58.0,0.0,-0.0162,0.0003,0.1385,-0.007,-0.0564,0.809,0.0,0.0,0.0,0.0,no_change,0.96,2026-09-22T11:37:39,0.0,0.810000002384186,339.815,2026-09-28 18:44:43,2026-09-28 14:45:04
AAPL,AAPL270917P00175000,AAPL,2027-09-17,P,175.0,0.84,109.0,0.99,33.0,0.3761,96.0,0.0,-0.0184,0.0004,0.1543,-0.0077,-0.064,0.9205,0.0,0.0,0.0,0.0,down,1.05,2026-09-23T14:15:16,0.0,0.915000021457672,339.815,2026-09-28 18:44:43,2026-09-28 14:45:04
AAPL,AAPL270917P00180000,AAPL,2027-09-17,P,180.0,0.99,118.0,1.12,38.0,0.3716,141.0,0.0,-0.0208,0.0004,0.1722,-0.0085,-0.0726,1.0459,0.0,0.0,0.0,0.0,up,1.19,2026-09-24T09:41:05,0.0,1.0450000166893,339.815,2026-09-28 18:44:43,2026-09-28 14:45:04
AAPL,AAPL270917P00185000,AAPL,2027-09-17,P,185.0,1.16,99.0,1.26,74.0,0.3669,52.0,6.0,-0.0236,0.0005,0.1912,-0.0093,-0.0824,1.1878,-0.015,1.26,1.27,1.22,no_change,1.22,2026-09-28T09:49:31,-1.21458,1.23500001430511,339.815,2026-09-28 18:44:43,2026-09-28 14:45:04
AAPL,AAPL270917P00190000,AAPL,2027-09-17,P,190.0,1.27,271.0,1.61,555.0,0.3651,43.0,0.0,-0.0267,0.0005,0.2108,-0.0102,-0.0923,1.3473,0.0,0.0,0.0,0.0,down,1.47,2026-09-23T09:41:09,0.0,1.41500002145767,339.815,2026-09-28 18:44:43,2026-09-28 14:45:04
AAPL,AAPL270917P00195000,AAPL,2027-09-17,P,195.0,1.5,6.0,1.6,10.0,0.3568,104.0,0.0,-0.0301,0.0006,0.2332,-0.0111,-0.104,1.5252,0.0,0.0,0.0,0.0,down,2.05,2026-09-16T10:03:07,0.0,1.47000002861023,339.815,2026-09-28 18:44:43,2026-09-28 14:45:04
AAPL,AAPL270917P00200000,AAPL,2027-09-17,P,200.0,1.65,21.0,1.8,8.0,0.351,521.0,0.0,-0.0339,0.0006,0.2578,-0.0121,-0.1168,1.7249,0.0,0.0,0.0,0.0,down,1.78,2026-09-25T15:25:46,0.0,1.85500001907349,339.815,2026-09-28 18:44:43,2026-09-28 14:45:04
AAPL,AAPL270917P00205000,AAPL,2027-09-17,P,205.0,1.89,13.0,2.02,3.0,0.3466,486.0,0.0,-0.0381,0.0007,0.2825,-0.0132,-0.1313,1.9503,0.0,0.0,0.0,0.0,down,2.03,2026-09-25T12:15:02,0.0,1.94999998807907,339.815,2026-09-28 18:44:43,2026-09-28 14:45:04
AAPL,AAPL270917P00210000,AAPL,2027-09-17,P,210.0,2.13,17.0,2.43,419.0,0.3448,171.0,0.0,-0.0428,0.0008,0.3095,-0.0143,-0.1468,2.1989,0.0,0.0,0.0,0.0,up,2.4,2026-09-22T13:20:53,0.0,2.13999998569489,339.815,2026-09-28 18:44:43,2026-09-28 14:45:04
AAPL,AAPL270917P00215000,AAPL,2027-09-17,P,215.0,2.21,403.0,2.55,20.0,0.3348,203.0,0.0,-0.0479,0.0009,0.3397,-0.0155,-0.1642,2.4774,0.0,0.0,0.0,0.0,down,2.5,2026-09-25T15:45:13,0.0,2.52999997138977,339.815,2026-09-28 18:44:43,2026-09-28 14:45:04
AAPL,AAPL270917P00220000,AAPL,2027-09-17,P,220.0,2.66,49.0,3.0,77.0,0.3348,957.0,0.0,-0.0536,0.001,0.3715,-0.0168,-0.1836,2.7916,0.0,0.0,0.0,0.0,down,2.8,2026-09-25T14:40:58,0.0,2.7849999666214,339.815,2026-09-28 18:44:43,2026-09-28 14:45:04
AAPL,AAPL270917P00225000,AAPL,2027-09-17,P,225.0,2.93,236.0,3.2,20.0,0.328,279.0,0.0,-0.0597,0.0011,0.4022,-0.0181,-0.2031,3.1353,0.0,0.0,0.0,0.0,down,3.26,2026-09-25T12:02:19,0.0,3.14999997615814,339.815,2026-09-28 18:44:43,2026-09-28 14:45:04
AAPL,AAPL270917P00230000,AAPL,2027-09-17,P,230.0,3.3,314.0,3.55,47.0,0.3239,367.0,12.0,-0.0665,0.0012,0.4381,-0.0195,-0.2255,3.5181,-0.175,3.4,3.4,3.4,no_change,3.4,2026-09-28T10:25:36,-4.89511,3.57500004768372,339.815,2026-09-28 18:44:43,2026-09-28 14:45:04
AAPL,AAPL270917P00235000,AAPL,2027-09-17,P,235.0,3.7,242.0,4.15,74.0,0.322,300.0,0.0,-0.0739,0.0013,0.4754,-0.0209,-0.2507,3.9444,0.0,0.0,0.0,0.0,down,4.32,2026-09-25T09:35:23,0.0,3.95000004768372,339.815,2026-09-28 18:44:43,2026-09-28 14:45:04
AAPL,AAPL270917P00240000,AAPL,2027-09-17,P,240.0,4.2,111.0,4.65,86.0,0.3191,1003.0,0.0,-0.082,0.0014,0.5114,-0.0224,-0.2762,4.4173,0.0,0.0,0.0,0.0,down,4.4,2026-09-25T13:32:56,0.0,4.42500019073486,339.815,2026-09-28 18:44:43,2026-09-28 14:45:04
AAPL,AAPL270917P00245000,AAPL,2027-09-17,P,245.0,4.65,281.0,5.05,40.0,0.314,332.0,1.0,-0.0908,0.0016,0.5516,-0.024,-0.3044,4.9364,-0.2,4.75,4.75,4.75,down,4.75,2026-09-28T10:26:40,-4.0404,4.95000004768372,339.815,2026-09-28 18:44:43,2026-09-28 14:45:04
AAPL,AAPL270917P00250000,AAPL,2027-09-17,P,250.0,5.4,141.0,5.6,137.0,0.3122,1096.0,12.0,-0.1003,0.0017,0.5938,-0.0256,-0.3348,5.5102,-0.075,5.9,5.9,5.3,up,5.45,2026-09-28T13:55:02,-1.35747,5.52500009536743,339.815,2026-09-28 18:44:43,2026-09-28 14:45:04
AAPL,AAPL270917P00255000,AAPL,2027-09-17,P,255.0,5.8,369.0,6.2,67.0,0.307,275.0,2.0,-0.1106,0.0019,0.6359,-0.0272,-0.3681,6.143,-0.225,5.9,6.0,5.9,up,6.0,2026-09-28T10:29:40,-3.61446,6.22499990463257,339.815,2026-09-28 18:44:43,2026-09-28 14:45:04
AAPL,AAPL270917P00260000,AAPL,2027-09-17,P,260.0,6.55,356.0,7.1,418.0,0.3062,318.0,31.0,-0.1216,0.002,0.6783,-0.0289,-0.4005,6.8348,-0.18,6.8,6.8,6.67,no_change,6.67,2026-09-28T09:57:42,-2.62774,6.84999990463257,339.815,2026-09-28 18:44:43,2026-09-28 14:45:04
AAPL,AAPL270917P00265000,AAPL,2027-09-17,P,265.0,7.3,303.0,7.75,123.0,0.3026,844.0,0.0,-0.1335,0.0022,0.7241,-0.0306,-0.4395,7.5924,0.0,0.0,0.0,0.0,down,8.1,2026-09-24T14:04:44,0.0,7.59999990463257,339.815,2026-09-28 18:44:43,2026-09-28 14:45:04
AAPL,AAPL270917P00270000,AAPL,2027-09-17,P,270.0,8.2,217.0,8.6,287.0,0.3004,1104.0,0.0,-0.1463,0.0024,0.7706,-0.0323,-0.4767,8.4272,0.0,0.0,0.0,0.0,no_change,8.95,2026-09-24T14:04:43,0.0,8.375,339.815,2026-09-28 18:44:43,2026-09-28 14:45:04
AAPL,AAPL270917P00275000,AAPL,2027-09-17,P,275.0,9.0,397.0,9.6,488.0,0.2976,1830.0,40.0,-0.1599,0.0025,0.8126,-0.034,-0.5172,9.3374,-0.15,9.2,9.2,9.2,down,9.2,2026-09-28T11:40:08,-1.60428,9.34999990463257,339.815,2026-09-28 18:44:43,2026-09-28 14:45:04
AAPL,AAPL270917P00280000,AAPL,2027-09-17,P,280.0,10.0,363.0,10.6,371.0,0.2954,2156.0,6.0,-0.1743,0.0027,0.8603,-0.0357,-0.5605,10.3185,0.05,9.88,10.2,9.88,up,10.2,2026-09-28T13:19:33,0.492615,10.1499996185303,339.815,2026-09-28 18:44:43,2026-09-28 14:45:04
AAPL,AAPL270917P00285000,AAPL,2027-09-17,P,285.0,11.05,396.0,11.75,412.0,0.2935,728.0,2.0,-0.1894,0.0029,0.9054,-0.0374,-0.6056,11.3744,-0.3,11.1,11.1,11.1,no_change,11.1,2026-09-28T11:54:05,-2.63158,11.4000000953674,339.815,2026-09-28 18:44:43,2026-09-28 14:45:04
AAPL,AAPL270917P00290000,AAPL,2027-09-17,P,290.0,12.2,340.0,12.85,244.0,0.2908,716.0,0.0,-0.2055,0.0031,0.9473,-0.0391,-0.65,12.5303,0.0,0.0,0.0,0.0,up,13.25,2026-09-24T09:30:08,0.0,12.5250000953674,339.815,2026-09-28 18:44:43,2026-09-28 14:45:04
AAPL,AAPL270917P00295000,AAPL,2027-09-17,P,295.0,13.5,314.0,14.05,178.0,0.2886,1069.0,0.0,-0.2225,0.0032,0.9911,-0.0407,-0.6976,13.7728,0.0,0.0,0.0,0.0,down,13.82,2026-09-25T15:40:50,0.0,13.5750002861023,339.815,2026-09-28 18:44:43,2026-09-28 14:45:04
AAPL,AAPL270917P00300000,AAPL,2027-09-17,P,300.0,14.8,344.0,15.4,369.0,0.2863,1622.0,159.0,-0.2404,0.0034,1.0343,-0.0423,-0.7465,15.1154,0.25,15.0,15.25,14.5,up,15.25,2026-09-28T13:40:21,1.66667,15.0,339.815,2026-09-28 18:44:43,2026-09-28 14:45:04
AAPL,AAPL270917P00305000,AAPL,2027-09-17,P,305.0,16.5,4.0,16.75,120.0,0.285,655.0,32.0,-0.2591,0.0036,1.0738,-0.0438,-0.7959,16.5602,0.025,16.1,16.55,16.05,up,16.55,2026-09-28T13:53:53,0.151288,16.5249996185303,339.815,2026-09-28 18:44:43,2026-09-28 14:45:04
AAPL,AAPL270917P00310000,AAPL,2027-09-17,P,310.0,17.75,255.0,18.35,101.0,0.2819,10277.0,0.0,-0.2786,0.0038,1.1115,-0.0453,-0.8451,18.1027,0.0,0.0,0.0,0.0,down,18.6,2026-09-25T11:20:53,0.0,18.1999998092651,339.815,2026-09-28 18:44:43,2026-09-28 14:45:04
AAPL,AAPL270917P00315000,AAPL,2027-09-17,P,315.0,19.4,261.0,20.1,210.0,0.2805,621.0,0.0,-0.2989,0.004,1.1474,-0.0467,-0.8969,19.7568,0.0,0.0,0.0,0.0,down,19.77,2026-09-25T15:40:50,0.0,19.6750001907349,339.815,2026-09-28 18:44:43,2026-09-28 14:45:04
AAPL,AAPL270917P00320000,AAPL,2027-09-17,P,320.0,21.3,237.0,22.0,263.0,0.2796,1228.0,0.0,-0.3203,0.0041,1.1804,-0.048,-0.949,21.547,0.0,0.0,0.0,0.0,no_change,21.68,2026-09-25T14:29:38,0.0,21.4499998092651,339.815,2026-09-28 18:44:43,2026-09-28 14:45:04
AAPL,AAPL270917P00325000,AAPL,2027-09-17,P,325.0,23.25,104.0,23.85,235.0,0.2782,592.0,0.0,-0.3417,0.0043,1.2077,-0.0492,-0.9918,23.4014,0.0,0.0,0.0,0.0,up,23.5,2026-09-25T15:20:47,0.0,23.375,339.815,2026-09-28 18:44:43,2026-09-28 14:45:04
AAPL,AAPL270917P00330000,AAPL,2027-09-17,P,330.0,25.1,235.0,26.05,406.0,0.2768,867.0,1.0,-0.3642,0.0045,1.2344,-0.0503,-1.044,25.3967,-0.625,24.8,24.8,24.8,down,24.8,2026-09-28T10:20:52,-2.45821,25.4250001907349,339.815,2026-09-28 18:44:43,2026-09-28 14:45:04
AAPL,AAPL270917P00335000,AAPL,2027-09-17,P,335.0,27.1,218.0,27.9,230.0,0.2736,797.0,20.0,-0.3873,0.0046,1.2554,-0.0513,-1.0861,27.5149,-0.36,26.74,27.19,26.74,no_change,27.19,2026-09-28T10:39:51,-1.30672,27.5500001907349,339.815,2026-09-28 18:44:43,2026-09-28 14:45:04
AAPL,AAPL270917P00340000,AAPL,2027-09-17,P,340.0,29.45,307.0,30.05,170.0,0.2722,333.0,47.0,-0.4109,0.0048,1.2721,-0.0522,-1.1315,29.7554,0.175,29.0,29.75,28.88,up,29.75,2026-09-28T14:12:09,0.591717,29.5749998092651,339.815,2026-09-28 18:44:43,2026-09-28 14:45:04
AAPL,AAPL270917P00345000,AAPL,2027-09-17,P,345.0,31.85,255.0,32.45,219.0,0.2711,229.0,7.0,-0.4352,0.0049,1.2839,-0.053,-1.17,32.1152,-0.18,31.6,31.72,31.6,up,31.72,2026-09-28T11:36:03,-0.564262,31.8999996185303,339.815,2026-09-28 18:44:43,2026-09-28 14:45:04
AAPL,AAPL270917P00350000,AAPL,2027-09-17,P,350.0,34.35,195.0,35.25,311.0,0.2709,337.0,21.0,-0.4598,0.0051,1.2922,-0.0536,-1.2109,34.6058,0.275,33.5,34.85,33.5,up,34.85,2026-09-28T10:57:24,0.795376,34.5749988555908,339.815,2026-09-28 18:44:43,2026-09-28 14:45:04
AAPL,AAPL270917P00355000,AAPL,2027-09-17,P,355.0,36.75,275.0,37.6,291.0,0.2677,692.0,40.0,-0.4849,0.0052,1.293,-0.0541,-1.2412,37.2258,-0.475,36.51,36.8,36.5,up,36.7,2026-09-28T13:00:23,-1.27774,37.1750011444092,339.815,2026-09-28 18:44:43,2026-09-28 14:45:04
AAPL,AAPL270917P00360000,AAPL,2027-09-17,P,360.0,39.45,17.0,40.9,221.0,0.2685,34.0,0.0,-0.5103,0.0053,1.2897,-0.0546,-1.2648,39.9665,0.0,0.0,0.0,0.0,up,41.52,2026-09-23T11:18:32,0.0,39.625,339.815,2026-09-28 18:44:43,2026-09-28 14:45:04
AAPL,AAPL270917P00365000,AAPL,2027-09-17,P,365.0,42.05,144.0,43.6,145.0,0.2656,18.0,0.0,-0.5361,0.0054,1.2814,-0.0549,-1.2966,42.842,0.0,0.0,0.0,0.0,up,44.45,2026-09-23T13:49:37,0.0,42.5500011444092,339.815,2026-09-28 18:44:43,2026-09-28 14:45:04
AAPL,AAPL270917P00370000,AAPL,2027-09-17,P,370.0,45.3,17.0,46.25,21.0,0.2641,100.0,0.0,-0.5619,0.0055,1.2663,-0.055,-1.3098,45.8461,0.0,0.0,0.0,0.0,down,47.05,2026-09-18T15:53:12,0.0,45.5249996185303,339.815,2026-09-28 18:44:43,2026-09-28 14:45:04
AAPL,AAPL270917P00375000,AAPL,2027-09-17,P,375.0,48.05,197.0,49.75,185.0,0.2631,29.0,0.0,-0.588,0.0056,1.2472,-0.055,-1.3141,48.9754,0.0,0.0,0.0,0.0,down,73.3,2026-08-11T12:54:07,0.0,48.75,339.815,2026-09-28 18:44:43,2026-09-28 14:45:04
AAPL,AAPL270917P00380000,AAPL,2027-09-17,P,380.0,51.1,272.0,52.7,28.0,0.2598,67.0,0.0,-0.6144,0.0056,1.218,-0.0549,-1.3265,52.2581,0.0,0.0,0.0,0.0,down,54.2,2026-09-23T14:43:18,0.0,52.0249996185303,339.815,2026-09-28 18:44:43,2026-09-28 14:45:04
AAPL,AAPL270917P00385000,AAPL,2027-09-17,P,385.0,55.0,189.0,55.95,33.0,0.2606,26.0,141.0,-0.6404,0.0057,1.1881,-0.0547,-1.3198,55.6234,0.05,55.25,55.45,55.25,up,55.35,2026-09-28T14:14:54,0.0904173,55.2999992370606,339.815,2026-09-28 18:44:43,2026-09-28 14:45:04
AAPL,AAPL270917P00390000,AAPL,2027-09-17,P,390.0,58.35,112.0,59.55,16.0,0.2594,12.0,3.0,-0.6665,0.0058,1.1498,-0.0544,-1.3045,59.1362,0.55,59.25,59.25,59.11,up,59.25,2026-09-28T10:56:41,0.936966,58.7000007629394,339.815,2026-09-28 18:44:43,2026-09-28 14:45:04
AAPL,AAPL270917P00395000,AAPL,2027-09-17,P,395.0,61.95,122.0,63.25,21.0,0.2587,4.0,0.0,-0.6926,0.0058,1.1002,-0.0539,-1.2755,62.7735,0.0,0.0,0.0,0.0,up,65.0,2026-09-23T13:32:49,0.0,62.3250007629394,339.815,2026-09-28 18:44:43,2026-09-28 14:45:04
AAPL,AAPL270917P00400000,AAPL,2027-09-17,P,400.0,65.95,32.0,66.75,25.0,0.2579,122.0,0.0,-0.7186,0.0058,1.0538,-0.0536,-1.248,66.5317,0.0,0.0,0.0,0.0,up,68.55,2026-09-23T09:55:23,0.0,66.1749992370606,339.815,2026-09-28 18:44:43,2026-09-28 14:45:04
AAPL,AAPL270917P00410000,AAPL,2027-09-17,P,410.0,73.8,111.0,74.6,60.0,0.2562,117.0,97.0,-0.7701,0.0059,0.9369,-0.0526,-1.1398,74.4014,-0.2,73.3,74.16,73.3,no_change,74.15,2026-09-28T14:14:42,-0.269001,74.3500022888184,339.815,2026-09-28 18:44:43,2026-09-28 14:45:04
AAPL,AAPL270917P00420000,AAPL,2027-09-17,P,420.0,81.4,208.0,83.1,9.0,0.251,0.0,0.0,-0.8204,0.006,0.8001,-0.0504,-1.0228,82.7283,0.0,0.0,0.0,0.0,no_change,89.11,2026-07-27T09:46:50,0.0,82.3250007629394,339.815,2026-09-28 18:44:43,2026-09-28 14:45:04
AAPL,AAPL270917P00430000,AAPL,2027-09-17,P,430.0,89.75,210.0,92.1,153.0,0.246,10.0,0.0,-0.8704,0.006,0.6302,-0.0499,-0.8337,91.4947,0.0,0.0,0.0,0.0,down,104.8,2026-09-02T12:09:07,0.0,91.1499977111816,339.815,2026-09-28 18:44:43,2026-09-28 14:45:04
AAPL,AAPL270917P00440000,AAPL,2027-09-17,P,440.0,99.6,118.0,102.05,113.0,0.26,0.0,0.0,-0.9198,0.0062,0.4571,-0.0509,-0.6345,100.6583,0.0,0.0,0.0,0.0,up,112.8,2026-07-16T09:45:28,0.0,99.75,339.815,2026-09-28 18:44:43,2026-09-28 14:45:04
AAPL,AAPL270917P00450000,AAPL,2027-09-17,P,450.0,108.5,102.0,111.65,101.0,0.0,0.0,0.0,-0.9581,0.0049,0.2381,-0.0499,-0.3418,110.2357,0.0,0.0,0.0,0.0,up,144.45,2026-08-10T12:46:36,0.0,109.5,339.815,2026-09-28 18:44:43,2026-09-28 14:45:04
AAPL,AAPL270917P00460000,AAPL,2027-09-17,P,460.0,118.5,110.0,121.65,110.0,0.0,0.0,0.0,-0.9844,0.002,0.0,-0.0517,0.0,120.1846,0.0,0.0,0.0,0.0,no_change,0.0,,0.0,119.825000762939,339.815,2026-09-28 18:44:43,2026-09-28 14:45:04
AAPL,AAPL270917P00470000,AAPL,2027-09-17,P,470.0,128.5,100.0,131.7,99.0,0.0,0.0,0.0,-0.9979,0.0003,0.0,-0.0517,0.0,130.1846,0.0,0.0,0.0,0.0,no_change,0.0,,0.0,129.774993896484,339.815,2026-09-28 18:44:43,2026-09-28 14:45:04
AAPL,AAPL270917P00480000,AAPL,2027-09-17,P,480.0,138.5,93.0,141.5,99.0,0.0,0.0,0.0,-1.0,0.0,0.0,-0.0517,0.0,140.1846,0.0,0.0,0.0,0.0,no_change,0.0,,0.0,139.549995422363,339.815,2026-09-28 18:44:43,2026-09-28 14:45:04
AAPL,AAPL270917P00490000,AAPL,2027-09-17,P,490.0,148.5,100.0,151.8,101.0,0.0,0.0,0.0,-1.0,0.0,0.0,-0.0517,0.0,150.1846,0.0,0.0,0.0,0.0,no_change,0.0,,0.0,149.650001525879,339.815,2026-09-28 18:44:43,2026-09-28 14:45:04
AAPL,AAPL270917P00500000,AAPL,2027-09-17,P,500.0,158.5,101.0,161.3,84.0,0.0,0.0,0.0,-1.0,0.0,0.0,-0.0517,0.0,160.1846,0.0,0.0,0.0,0.0,no_change,0.0,,0.0,159.774993896484,339.815,2026-09-28 18:44:43,2026-09-28 14:45:04
AAPL,AAPL270917P00510000,AAPL,2027-09-17,P,510.0,168.5,94.0,171.8,95.0,0.0,0.0,0.0,-1.0,0.0,0.0,-0.0517,0.0,170.1846,0.0,0.0,0.0,0.0,no_change,0.0,,0.0,169.699996948242,339.815,2026-09-28 18:44:43,2026-09-28 14:45:04
AAPL,AAPL270917P00520000,AAPL,2027-09-17,P,520.0,178.5,98.0,181.95,99.0,0.3477,0.0,0.0,-1.0,0.0,0.0,-0.0517,0.0,180.1846,0.0,0.0,0.0,0.0,no_change,0.0,,0.0,179.549995422363,339.815,2026-09-28 18:44:43,2026-09-28 14:45:04
AAPL,AAPL270917P00530000,AAPL,2027-09-17,P,530.0,188.5,99.0,191.8,97.0,0.0,0.0,0.0,-1.0,0.0,0.0,-0.0517,0.0,190.1846,0.0,0.0,0.0,0.0,down,223.26,2026-08-11T10:55:54,0.0,189.549995422363,339.815,2026-09-28 18:44:43,2026-09-28 14:45:04
AAPL,AAPL270917P00540000,AAPL,2027-09-17,P,540.0,198.5,99.0,201.5,100.0,0.0,0.0,0.0,-1.0,0.0,0.0,-0.0517,0.0,200.1846,0.0,0.0,0.0,0.0,no_change,0.0,,0.0,199.674995422363,339.815,2026-09-28 18:44:43,2026-09-28 14:45:04
AAPL,AAPL270917P00550000,AAPL,2027-09-17,P,550.0,208.5,101.0,211.4,10.0,0.0,0.0,0.0,-1.0,0.0,0.0,-0.0517,0.0,210.1846,0.0,0.0,0.0,0.0,no_change,0.0,,0.0,209.549995422363,339.815,2026-09-28 18:44:43,2026-09-28 14:45:04
AAPL,AAPL270917P00560000,AAPL,2027-09-17,P,560.0,218.5,99.0,221.95,100.0,0.3934,0.0,0.0,-1.0,0.0,0.0,-0.0517,0.0,220.1846,0.0,0.0,0.0,0.0,no_change,0.0,,0.0,219.549995422363,339.815,2026-09-28 18:44:43,2026-09-28 14:45:04
AAPL,AAPL270917P00570000,AAPL,2027-09-17,P,570.0,228.5,96.0,231.75,96.0,0.0,0.0,0.0,-1.0,0.0,0.0,-0.0517,0.0,230.1846,0.0,0.0,0.0,0.0,no_change,0.0,,0.0,229.549995422363,339.815,2026-09-28 18:44:43,2026-09-28 14:45:04
AAPL,AAPL270917P00580000,AAPL,2027-09-17,P,580.0,238.5,99.0,241.7,87.0,0.0,0.0,0.0,-1.0,0.0,0.0,-0.0517,0.0,240.1846,0.0,0.0,0.0,0.0,no_change,0.0,,0.0,239.549995422363,339.815,2026-09-28 18:44:43,2026-09-28 14:45:04
AAPL,AAPL270917P00590000,AAPL,2027-09-17,P,590.0,248.5,98.0,251.8,90.0,0.0,0.0,0.0,-1.0,0.0,0.0,-0.0517,0.0,250.1846,0.0,0.0,0.0,0.0,no_change,0.0,,0.0,249.549995422363,339.815,2026-09-28 18:44:43,2026-09-28 14:45:04
AAPL,AAPL270917P00600000,AAPL,2027-09-17,P,600.0,258.5,103.0,261.8,74.0,0.0,0.0,0.0,-1.0,0.0,0.0,-0.0517,0.0,260.1846,0.0,0.0,0.0,0.0,no_change,0.0,,0.0,259.550003051758,339.815,2026-09-28 18:44:43,2026-09-28 14:45:04
AAPL,AAPL271217C00005000,AAPL,2027-12-17,C,5.0,333.1,17.0,337.0,17.0,0.0,1.0,0.0,1.0,0.0,0.0005,0.0,0.0212,335.4074,0.0,0.0,0.0,0.0,up,310.06,2026-08-06T09:52:35,0.0,335.524993896484,339.815,2026-09-28 18:44:43,2026-09-28 14:45:04
AAPL,AAPL271217C00010000,AAPL,2027-12-17,C,10.0,328.2,16.0,332.1,16.0,0.0,3.0,0.0,1.0,0.0,0.0004,0.0,0.0487,330.5112,0.0,0.0,0.0,0.0,down,295.0,2026-08-11T15:21:42,0.0,330.625,339.815,2026-09-28 18:44:43,2026-09-28 14:45:04
AAPL,AAPL271217C00015000,AAPL,2027-12-17,C,15.0,323.45,16.0,327.35,16.0,0.0,25.0,0.0,1.0,0.0,0.0005,0.0,0.0883,325.639,0.0,0.0,0.0,0.0,down,231.29,2026-01-21T11:23:55,0.0,325.875,339.815,2026-09-28 18:44:43,2026-09-28 14:45:04
AAPL,AAPL271217C00020000,AAPL,2027-12-17,C,20.0,318.7,16.0,322.6,16.0,0.0,1.0,0.0,1.0,0.0,0.0015,0.0,0.1231,320.7903,0.0,0.0,0.0,0.0,down,227.46,2026-04-07T10:46:03,0.0,321.125,339.815,2026-09-28 18:44:43,2026-09-28 14:45:04
AAPL,AAPL271217C00025000,AAPL,2027-12-17,C,25.0,314.0,16.0,317.9,16.0,0.7516,1.0,0.0,1.0,0.0,0.0033,0.0,0.1971,315.9591,0.0,0.0,0.0,0.0,down,223.24,2026-04-07T10:46:39,0.0,316.399993896484,339.815,2026-09-28 18:44:43,2026-09-28 14:45:04
AAPL,AAPL271217C00030000,AAPL,2027-12-17,C,30.0,309.25,16.0,313.15,16.0,0.7715,9.0,0.0,1.0,0.0,0.0046,0.0,0.289,311.1884,0.0,0.0,0.0,0.0,up,270.6,2026-06-24T12:02:03,0.0,311.674987792969,339.815,2026-09-28 18:44:43,2026-09-28 14:45:04
AAPL,AAPL271217C00035000,AAPL,2027-12-17,C,35.0,304.55,16.0,308.45,16.0,0.7792,0.0,0.0,1.0,0.0,0.0057,0.0,0.3566,306.4492,0.0,0.0,0.0,0.0,no_change,0.0,,0.0,306.924987792969,339.815,2026-09-28 18:44:43,2026-09-28 14:45:04
AAPL,AAPL271217C00040000,AAPL,2027-12-17,C,40.0,299.8,19.0,303.7,16.0,0.719,8.0,0.0,1.0,0.0,0.0071,0.0,0.4141,301.7222,0.0,0.0,0.0,0.0,down,214.49,2026-03-16T12:49:21,0.0,302.225006103516,339.815,2026-09-28 18:44:43,2026-09-28 14:45:04
AAPL,AAPL271217C00045000,AAPL,2027-12-17,C,45.0,295.1,16.0,299.0,16.0,0.704,17.0,0.0,1.0,0.0,0.0087,0.0,0.4811,297.0018,0.0,0.0,0.0,0.0,down,204.68,2026-04-07T10:47:27,0.0,297.475006103516,339.815,2026-09-28 18:44:43,2026-09-28 14:45:04
AAPL,AAPL271217C00050000,AAPL,2027-12-17,C,50.0,290.4,16.0,294.3,40.0,0.6775,820.0,0.0,1.0,0.0,0.0104,0.0,0.5608,292.2966,0.0,0.0,0.0,0.0,up,284.25,2026-09-11T15:57:08,0.0,292.824996948242,339.815,2026-09-28 18:44:43,2026-09-28 14:45:04
AAPL,AAPL271217C00055000,AAPL,2027-12-17,C,55.0,285.7,133.0,289.6,43.0,0.647,411.0,0.0,1.0,0.0,0.0123,0.0,0.6281,287.6032,0.0,0.0,0.0,0.0,down,249.56,2026-07-31T13:40:55,0.0,288.075012207031,339.815,2026-09-28 18:44:43,2026-09-28 14:45:04
AAPL,AAPL271217C00060000,AAPL,2027-12-17,C,60.0,281.0,98.0,284.9,43.0,0.6165,297.0,0.0,1.0,0.0,0.0143,0.0,0.6897,282.9157,0.0,0.0,0.0,0.0,no_change,277.0,2026-09-18T10:11:52,0.0,283.375,339.815,2026-09-28 18:44:43,2026-09-28 14:45:04
AAPL,AAPL271217C00065000,AAPL,2027-12-17,C,65.0,276.3,96.0,280.2,42.0,0.5873,157.0,0.0,1.0,0.0,0.0166,0.0,0.7484,278.2314,0.0,0.0,0.0,0.0,up,246.9,2026-08-21T15:14:24,0.0,278.774993896484,339.815,2026-09-28 18:44:43,2026-09-28 14:45:04
AAPL,AAPL271217C00070000,AAPL,2027-12-17,C,70.0,271.6,115.0,275.5,34.0,0.5599,168.0,0.0,1.0,0.0,0.0192,0.0,0.8058,273.5492,0.0,0.0,0.0,0.0,down,235.95,2026-07-31T10:58:55,0.0,273.975006103516,339.815,2026-09-28 18:44:43,2026-09-28 14:45:04
AAPL,AAPL271217C00075000,AAPL,2027-12-17,C,75.0,267.15,18.0,270.6,35.0,0.5468,132.0,60.0,1.0,0.0,0.022,0.0,0.8627,268.8687,-0.775,268.7,268.85,268.55,down,268.55,2026-09-28T14:16:30,-0.287755,269.324996948242,339.815,2026-09-28 18:44:43,2026-09-28 14:45:04
AAPL,AAPL271217C00080000,AAPL,2027-12-17,C,80.0,262.3,111.0,266.1,31.0,0.5332,427.0,0.0,1.0,0.0,0.0252,0.0,0.9191,264.19,0.0,0.0,0.0,0.0,up,229.45,2026-08-10T12:33:53,0.0,264.625,339.815,2026-09-28 18:44:43,2026-09-28 14:45:04
AAPL,AAPL271217C00085000,AAPL,2027-12-17,C,85.0,257.6,101.0,261.4,7.0,0.5104,435.0,0.0,0.9997,0.0,0.0287,0.0,0.9752,259.5131,0.0,0.0,0.0,0.0,down,257.2,2026-09-23T10:09:15,0.0,259.924987792969,339.815,2026-09-28 18:44:43,2026-09-28 14:45:04
AAPL,AAPL271217C00090000,AAPL,2027-12-17,C,90.0,252.85,96.0,256.75,16.0,0.4888,157.0,0.0,0.9993,0.0,0.0326,0.0,1.031,254.8383,0.0,0.0,0.0,0.0,down,252.85,2026-09-21T12:58:28,0.0,255.300003051758,339.815,2026-09-28 18:44:43,2026-09-28 14:45:04
AAPL,AAPL271217C00095000,AAPL,2027-12-17,C,95.0,248.2,106.0,252.05,45.0,0.4775,156.0,0.0,0.9989,0.0,0.0368,0.0,1.0867,250.1658,0.0,0.0,0.0,0.0,up,247.19,2026-09-24T14:03:00,0.0,250.549995422363,339.815,2026-09-28 18:44:43,2026-09-28 14:45:04
AAPL,AAPL271217C00100000,AAPL,2027-12-17,C,100.0,243.7,115.0,247.15,18.0,0.4582,383.0,2.0,0.9985,0.0001,0.0415,0.0,1.1421,245.4959,-0.425,245.45,245.45,245.45,no_change,245.45,2026-09-28T14:16:41,-0.172852,245.875,339.815,2026-09-28 18:44:43,2026-09-28 14:45:04
AAPL,AAPL271217C00105000,AAPL,2027-12-17,C,105.0,238.8,92.0,242.25,25.0,0.0,102.0,0.0,0.998,0.0001,0.0467,0.0,1.1973,240.8289,0.0,0.0,0.0,0.0,down,238.95,2026-09-21T13:02:39,0.0,241.275001525879,339.815,2026-09-28 18:44:43,2026-09-28 14:45:04
AAPL,AAPL271217C00110000,AAPL,2027-12-17,C,110.0,234.2,116.0,237.5,40.0,0.0,232.0,5.0,0.9974,0.0001,0.0526,0.0,1.2522,236.1653,0.525,237.05,237.05,237.05,up,237.05,2026-09-28T11:36:28,0.221966,236.524993896484,339.815,2026-09-28 18:44:43,2026-09-28 14:45:04
AAPL,AAPL271217C00115000,AAPL,2027-12-17,C,115.0,229.55,115.0,232.9,42.0,0.3559,385.0,0.0,0.9968,0.0001,0.059,0.0,1.3066,231.5057,0.0,0.0,0.0,0.0,down,232.15,2026-09-22T09:57:23,0.0,231.875,339.815,2026-09-28 18:44:43,2026-09-28 14:45:04
AAPL,AAPL271217C00120000,AAPL,2027-12-17,C,120.0,224.9,113.0,228.7,110.0,0.4303,271.0,0.0,0.996,0.0001,0.066,0.0,1.3608,226.8505,0.0,0.0,0.0,0.0,down,193.6,2026-08-11T10:42:30,0.0,227.275001525879,339.815,2026-09-28 18:44:43,2026-09-28 14:45:04
AAPL,AAPL271217C00125000,AAPL,2027-12-17,C,125.0,220.25,108.0,224.0,96.0,0.4186,437.0,0.0,0.9952,0.0001,0.0737,0.0,1.4145,222.2003,0.0,0.0,0.0,0.0,up,221.03,2026-09-21T12:22:36,0.0,222.199996948242,339.815,2026-09-28 18:44:43,2026-09-28 14:45:04
AAPL,AAPL271217C00130000,AAPL,2027-12-17,C,130.0,215.6,111.0,219.25,279.0,0.4032,1054.0,0.0,0.9943,0.0001,0.0824,0.0,1.4677,217.5558,0.0,0.0,0.0,0.0,down,212.23,2026-09-24T09:46:01,0.0,217.824996948242,339.815,2026-09-28 18:44:43,2026-09-28 14:45:04
AAPL,AAPL271217C00135000,AAPL,2027-12-17,C,135.0,211.2,109.0,213.05,1.0,0.0,109.0,126.0,0.9933,0.0001,0.092,0.0,1.5203,212.9179,-0.325,212.95,213.15,212.9,up,212.95,2026-09-28T14:15:19,-0.152386,213.275001525879,339.815,2026-09-28 18:44:43,2026-09-28 14:45:04
AAPL,AAPL271217C00140000,AAPL,2027-12-17,C,140.0,206.55,94.0,210.1,351.0,0.4105,347.0,0.0,0.9921,0.0002,0.1025,0.0,1.5723,208.2874,0.0,0.0,0.0,0.0,up,201.57,2026-09-14T11:18:54,0.0,208.699996948242,339.815,2026-09-28 18:44:43,2026-09-28 14:45:04
AAPL,AAPL271217C00145000,AAPL,2027-12-17,C,145.0,202.25,82.0,205.45,97.0,0.4155,579.0,0.0,0.9908,0.0002,0.1139,0.0,1.6237,203.6651,0.0,0.0,0.0,0.0,up,204.5,2026-09-22T09:57:29,0.0,203.950004577637,339.815,2026-09-28 18:44:43,2026-09-28 14:45:04
AAPL,AAPL271217C00150000,AAPL,2027-12-17,C,150.0,197.1,106.0,200.85,103.0,0.3865,639.0,0.0,0.9894,0.0002,0.1267,0.0,1.6743,199.0522,0.0,0.0,0.0,0.0,up,200.0,2026-09-22T09:57:24,0.0,199.474998474121,339.815,2026-09-28 18:44:43,2026-09-28 14:45:04
AAPL,AAPL271217C00155000,AAPL,2027-12-17,C,155.0,192.4,199.0,195.8,10.0,0.356,100.0,0.0,0.9877,0.0002,0.1407,0.0,1.724,194.4497,0.0,0.0,0.0,0.0,up,167.6,2026-08-26T13:48:41,0.0,194.775001525879,339.815,2026-09-28 18:44:43,2026-09-28 14:45:04
AAPL,AAPL271217C00160000,AAPL,2027-12-17,C,160.0,187.8,246.0,191.2,23.0,0.3529,410.0,0.0,0.9859,0.0003,0.1559,0.0,1.7727,189.8591,0.0,0.0,0.0,0.0,down,187.0,2026-09-25T11:31:56,0.0,190.349998474121,339.815,2026-09-28 18:44:43,2026-09-28 14:45:04
AAPL,AAPL271217C00165000,AAPL,2027-12-17,C,165.0,183.3,99.0,186.7,20.0,0.3564,264.0,0.0,0.9838,0.0003,0.1723,0.0,1.8204,185.2815,0.0,0.0,0.0,0.0,up,185.65,2026-09-22T14:51:23,0.0,185.724998474121,339.815,2026-09-28 18:44:43,2026-09-28 14:45:04
AAPL,AAPL271217C00170000,AAPL,2027-12-17,C,170.0,178.75,104.0,182.15,36.0,0.3539,496.0,1.0,0.9815,0.0004,0.1904,0.0,1.8671,180.7183,1.5,182.7,182.7,182.7,up,182.7,2026-09-28T09:37:38,0.827816,181.199996948242,339.815,2026-09-28 18:44:43,2026-09-28 14:45:04
AAPL,AAPL271217C00175000,AAPL,2027-12-17,C,175.0,174.5,90.0,177.5,72.0,0.3558,341.0,0.0,0.979,0.0004,0.2102,0.0,1.9123,176.1713,0.0,0.0,0.0,0.0,up,166.79,2026-09-15T13:35:31,0.0,176.349998474121,339.815,2026-09-28 18:44:43,2026-09-28 14:45:04
AAPL,AAPL271217C00180000,AAPL,2027-12-17,C,180.0,170.45,219.0,173.0,322.0,0.3634,836.0,4.0,0.9762,0.0004,0.2313,0.0,1.9561,171.6423,0.88,172.8,172.8,172.58,down,172.58,2026-09-28T12:25:55,0.512524,171.699996948242,339.815,2026-09-28 18:44:43,2026-09-28 14:45:04
AAPL,AAPL271217C00185000,AAPL,2027-12-17,C,185.0,165.15,454.0,168.45,251.0,0.3406,1144.0,0.0,0.973,0.0005,0.2539,0.0,1.9987,167.1329,0.0,0.0,0.0,0.0,up,168.88,2026-09-22T13:33:43,0.0,167.099998474121,339.815,2026-09-28 18:44:43,2026-09-28 14:45:04
AAPL,AAPL271217C00190000,AAPL,2027-12-17,C,190.0,161.1,357.0,164.1,306.0,0.349,572.0,0.0,0.9696,0.0006,0.2784,0.0,2.0396,162.6448,0.0,0.0,0.0,0.0,up,162.5,2026-09-25T14:30:14,0.0,162.775001525879,339.815,2026-09-28 18:44:43,2026-09-28 14:45:04
AAPL,AAPL271217C00195000,AAPL,2027-12-17,C,195.0,157.05,294.0,159.4,202.0,0.3479,360.0,2.0,0.9658,0.0006,0.3049,0.0,2.0785,158.1804,1.985,160.27,160.27,160.26,down,160.26,2026-09-28T10:07:04,1.25415,158.275001525879,339.815,2026-09-28 18:44:43,2026-09-28 14:45:04
AAPL,AAPL271217C00200000,AAPL,2027-12-17,C,200.0,152.8,123.0,154.75,163.0,0.3434,3914.0,2.0,0.9616,0.0007,0.3327,0.0,2.1157,153.7421,1.495,155.36,155.42,155.36,up,155.42,2026-09-28T10:26:08,0.97125,153.925003051758,339.815,2026-09-28 18:44:43,2026-09-28 14:45:04
AAPL,AAPL271217C00205000,AAPL,2027-12-17,C,205.0,147.6,414.0,150.3,97.0,0.3272,858.0,0.0,0.9571,0.0008,0.3621,0.0,2.1512,149.3318,0.0,0.0,0.0,0.0,up,149.35,2026-09-25T14:59:48,0.0,149.275001525879,339.815,2026-09-28 18:44:43,2026-09-28 14:45:04
AAPL,AAPL271217C00210000,AAPL,2027-12-17,C,210.0,144.2,40.0,146.45,350.0,0.3443,752.0,0.0,0.9521,0.0008,0.3937,0.0,2.1843,144.9516,0.0,0.0,0.0,0.0,down,141.93,2026-09-25T10:59:52,0.0,144.974998474121,339.815,2026-09-28 18:44:43,2026-09-28 14:45:04
AAPL,AAPL271217C00215000,AAPL,2027-12-17,C,215.0,139.85,114.0,141.55,282.0,0.3336,821.0,1.0,0.9467,0.0009,0.4271,0.0,2.2149,140.6047,2.5,142.7,142.7,142.7,up,142.7,2026-09-28T10:01:13,1.78317,140.199996948242,339.815,2026-09-28 18:44:43,2026-09-28 14:45:04
AAPL,AAPL271217C00220000,AAPL,2027-12-17,C,220.0,135.45,94.0,137.4,206.0,0.3308,987.0,1.0,0.9408,0.001,0.4616,-0.0001,2.2434,136.2935,0.05,136.4,136.4,136.4,down,136.4,2026-09-28T11:12:36,0.0366715,136.349998474121,339.815,2026-09-28 18:44:43,2026-09-28 14:45:04
AAPL,AAPL271217C00225000,AAPL,2027-12-17,C,225.0,131.45,47.0,133.35,279.0,0.3323,2013.0,0.0,0.9344,0.0011,0.4978,-0.0017,2.2698,132.0203,0.0,0.0,0.0,0.0,up,131.25,2026-09-25T12:46:20,0.0,132.075004577637,339.815,2026-09-28 18:44:43,2026-09-28 14:45:04
AAPL,AAPL271217C00230000,AAPL,2027-12-17,C,230.0,127.0,56.0,128.6,237.0,0.3218,1551.0,0.0,0.9275,0.0012,0.5361,-0.0034,2.293,127.7878,0.0,0.0,0.0,0.0,down,125.0,2026-09-25T10:32:55,0.0,127.700000762939,339.815,2026-09-28 18:44:43,2026-09-28 14:45:04
AAPL,AAPL271217C00235000,AAPL,2027-12-17,C,235.0,122.9,60.0,124.85,291.0,0.3234,543.0,0.0,0.9201,0.0013,0.5756,-0.0052,2.3133,123.5995,0.0,0.0,0.0,0.0,up,126.73,2026-09-22T11:45:49,0.0,123.524997711182,339.815,2026-09-28 18:44:43,2026-09-28 14:45:04
AAPL,AAPL271217C00240000,AAPL,2027-12-17,C,240.0,118.65,68.0,120.85,351.0,0.3204,747.0,0.0,0.9122,0.0014,0.6158,-0.007,2.3314,119.4579,0.0,0.0,0.0,0.0,down,114.7,2026-09-25T10:14:08,0.0,119.575000762939,339.815,2026-09-28 18:44:43,2026-09-28 14:45:04
AAPL,AAPL271217C00245000,AAPL,2027-12-17,C,245.0,114.3,258.0,116.15,194.0,0.3107,580.0,0.0,0.9037,0.0015,0.6576,-0.0088,2.3466,115.3652,0.0,0.0,0.0,0.0,down,111.8,2026-09-25T10:53:54,0.0,115.775001525879,339.815,2026-09-28 18:44:43,2026-09-28 14:45:04
AAPL,AAPL271217C00250000,AAPL,2027-12-17,C,250.0,110.4,261.0,111.65,94.0,0.3058,3435.0,2.0,0.8946,0.0016,0.7009,-0.0106,2.3581,111.325,2.0,113.35,113.35,113.35,up,113.35,2026-09-28T09:48:03,1.79614,111.350002288818,339.815,2026-09-28 18:44:43,2026-09-28 14:45:04
AAPL,AAPL271217C00255000,AAPL,2027-12-17,C,255.0,106.15,276.0,108.4,225.0,0.3068,536.0,0.0,0.885,0.0017,0.7445,-0.0124,2.3667,107.3405,0.0,0.0,0.0,0.0,down,103.35,2026-09-25T10:03:14,0.0,107.350002288818,339.815,2026-09-28 18:44:43,2026-09-28 14:45:04
AAPL,AAPL271217C00260000,AAPL,2027-12-17,C,260.0,102.0,364.0,103.95,183.0,0.2995,2235.0,6.0,0.8747,0.0018,0.7884,-0.0142,2.3728,103.414,-0.65,104.45,104.45,103.2,down,103.2,2026-09-28T14:16:14,-0.625905,103.850002288818,339.815,2026-09-28 18:44:43,2026-09-28 14:45:04
AAPL,AAPL271217C00265000,AAPL,2027-12-17,C,265.0,98.75,59.0,100.75,297.0,0.3053,587.0,4.0,0.8639,0.0019,0.8334,-0.016,2.3754,99.5479,-1.215,98.51,98.51,98.51,up,98.51,2026-09-28T10:53:27,-1.21835,99.7249984741211,339.815,2026-09-28 18:44:43,2026-09-28 14:45:04
AAPL,AAPL271217C00270000,AAPL,2027-12-17,C,270.0,95.2,52.0,96.8,316.0,0.3034,2425.0,1.0,0.8525,0.0021,0.8789,-0.0178,2.374,95.746,0.05,96.15,96.15,96.15,up,96.15,2026-09-28T09:30:01,0.0520307,96.0999984741211,339.815,2026-09-28 18:44:43,2026-09-28 14:45:04
AAPL,AAPL271217C00275000,AAPL,2027-12-17,C,275.0,90.65,299.0,92.55,178.0,0.2938,374.0,0.0,0.8406,0.0022,0.9237,-0.0196,2.37,92.0112,0.0,0.0,0.0,0.0,up,91.97,2026-09-25T15:37:46,0.0,92.3999977111816,339.815,2026-09-28 18:44:43,2026-09-28 14:45:04
AAPL,AAPL271217C00280000,AAPL,2027-12-17,C,280.0,87.2,294.0,88.9,283.0,0.2931,2168.0,8.0,0.828,0.0023,0.9682,-0.0213,2.3633,88.3451,0.855,90.3,90.3,88.0,up,89.33,2026-09-28T12:03:39,0.966372,88.4750022888184,339.815,2026-09-28 18:44:43,2026-09-28 14:45:04
AAPL,AAPL271217C00285000,AAPL,2027-12-17,C,285.0,84.0,62.0,86.15,336.0,0.2974,447.0,0.0,0.8149,0.0024,1.0129,-0.023,2.3524,84.7505,0.0,0.0,0.0,0.0,up,82.74,2026-09-24T10:18:13,0.0,85.1999969482422,339.815,2026-09-28 18:44:43,2026-09-28 14:45:04
AAPL,AAPL271217C00290000,AAPL,2027-12-17,C,290.0,80.7,94.0,82.55,462.0,0.2959,1576.0,0.0,0.8012,0.0026,1.0569,-0.0247,2.3379,81.231,0.0,0.0,0.0,0.0,up,81.37,2026-09-25T15:01:30,0.0,81.7000007629394,339.815,2026-09-28 18:44:43,2026-09-28 14:45:04
AAPL,AAPL271217C00295000,AAPL,2027-12-17,C,295.0,76.7,303.0,79.2,452.0,0.2917,437.0,0.0,0.7869,0.0027,1.0994,-0.0263,2.3213,77.7885,0.0,0.0,0.0,0.0,up,76.35,2026-09-21T13:52:38,0.0,77.9750022888184,339.815,2026-09-28 18:44:43,2026-09-28 14:45:04
AAPL,AAPL271217C00300000,AAPL,2027-12-17,C,300.0,73.55,367.0,75.45,455.0,0.289,8555.0,32.0,0.7722,0.0028,1.1408,-0.0279,2.3017,74.4242,0.025,75.2,75.2,74.6,no_change,74.6,2026-09-28T13:56:16,0.0335223,74.5750007629394,339.815,2026-09-28 18:44:43,2026-09-28 14:45:04
AAPL,AAPL271217C00305000,AAPL,2027-12-17,C,305.0,70.7,45.0,72.4,407.0,0.29,757.0,0.0,0.757,0.0029,1.1815,-0.0294,2.2777,71.1412,0.0,0.0,0.0,0.0,down,68.8,2026-09-25T10:49:01,0.0,71.6999969482422,339.815,2026-09-28 18:44:43,2026-09-28 14:45:04
AAPL,AAPL271217C00310000,AAPL,2027-12-17,C,310.0,67.45,178.0,68.55,394.0,0.2853,6403.0,1.0,0.7412,0.003,1.2202,-0.0308,2.2509,67.9424,1.6,69.75,69.75,69.75,up,69.75,2026-09-28T10:06:08,2.34776,68.1500015258789,339.815,2026-09-28 18:44:43,2026-09-28 14:45:04
AAPL,AAPL271217C00315000,AAPL,2027-12-17,C,315.0,63.45,453.0,65.45,398.0,0.2802,776.0,14.0,0.7251,0.0032,1.2566,-0.0322,2.2225,64.8282,-0.105,66.15,66.15,65.32,down,65.32,2026-09-28T12:15:38,-0.160488,65.4249992370606,339.815,2026-09-28 18:44:43,2026-09-28 14:45:04
AAPL,AAPL271217C00320000,AAPL,2027-12-17,C,320.0,60.5,459.0,62.3,315.0,0.2785,3970.0,18.0,0.7085,0.0033,1.2912,-0.0334,2.1908,61.7998,-0.5,62.7,63.2,61.7,down,61.7,2026-09-28T13:56:16,-0.80386,62.2000007629394,339.815,2026-09-28 18:44:43,2026-09-28 14:45:04
AAPL,AAPL271217C00325000,AAPL,2027-12-17,C,325.0,58.55,76.0,59.25,181.0,0.2803,592.0,6.0,0.6916,0.0034,1.324,-0.0346,2.1552,58.8601,0.79,60.15,60.3,59.89,down,59.89,2026-09-28T10:17:09,1.33672,59.1000003814697,339.815,2026-09-28 18:44:43,2026-09-28 14:45:04
AAPL,AAPL271217C00330000,AAPL,2027-12-17,C,330.0,55.7,90.0,56.95,425.0,0.2809,1396.0,2.0,0.6743,0.0035,1.3539,-0.0357,2.1179,56.0106,1.275,57.6,57.6,57.45,down,57.45,2026-09-28T09:30:19,2.26969,56.1750011444092,339.815,2026-09-28 18:44:43,2026-09-28 14:45:04
AAPL,AAPL271217C00335000,AAPL,2027-12-17,C,335.0,52.95,75.0,53.55,135.0,0.2771,2447.0,30.0,0.6567,0.0036,1.3811,-0.0367,2.0793,53.2509,0.4,54.95,54.95,53.7,up,53.9,2026-09-28T10:41:16,0.747664,53.5,339.815,2026-09-28 18:44:43,2026-09-28 14:45:04
AAPL,AAPL271217C00340000,AAPL,2027-12-17,C,340.0,50.25,136.0,51.65,491.0,0.2784,1970.0,33.0,0.6389,0.0036,1.4058,-0.0376,2.0375,50.5818,-0.175,51.95,52.0,50.4,up,50.7,2026-09-28T14:20:05,-0.34398,50.875,339.815,2026-09-28 18:44:43,2026-09-28 14:45:04
AAPL,AAPL271217C00345000,AAPL,2027-12-17,C,345.0,47.7,67.0,48.45,241.0,0.2749,762.0,9.0,0.6208,0.0037,1.4277,-0.0384,1.9927,48.0054,-0.275,49.6,49.6,48.1,down,48.1,2026-09-28T14:20:05,-0.568475,48.375,339.815,2026-09-28 18:44:43,2026-09-28 14:45:04
AAPL,AAPL271217C00350000,AAPL,2027-12-17,C,350.0,45.2,107.0,46.45,471.0,0.2753,2127.0,41.0,0.6026,0.0038,1.4465,-0.0391,1.9473,45.5218,-0.1,45.93,46.83,45.29,up,46.0,2026-09-28T12:37:17,-0.216921,46.1000003814697,339.815,2026-09-28 18:44:43,2026-09-28 14:45:04
AAPL,AAPL271217C00355000,AAPL,2027-12-17,C,355.0,42.85,177.0,43.85,545.0,0.2735,2240.0,3.0,0.5843,0.0038,1.4622,-0.0396,1.901,43.1296,0.75,44.2,44.2,44.0,down,44.0,2026-09-28T12:21:29,1.7341,43.25,339.815,2026-09-28 18:44:43,2026-09-28 14:45:04
AAPL,AAPL271217C00360000,AAPL,2027-12-17,C,360.0,40.55,146.0,41.5,598.0,0.2722,1343.0,18.0,0.5659,0.0039,1.4749,-0.0401,1.8521,40.8293,-0.925,41.9,41.9,40.35,down,40.35,2026-09-28T13:56:16,-2.24107,41.2749996185303,339.815,2026-09-28 18:44:43,2026-09-28 14:45:04
AAPL,AAPL271217C00365000,AAPL,2027-12-17,C,365.0,38.1,464.0,39.2,391.0,0.2699,1595.0,3.0,0.5475,0.0039,1.4844,-0.0405,1.8012,38.6218,0.87,39.92,39.92,39.92,up,39.92,2026-09-28T10:15:43,2.22791,39.0500011444092,339.815,2026-09-28 18:44:43,2026-09-28 14:45:04
AAPL,AAPL271217C00370000,AAPL,2027-12-17,C,370.0,36.2,234.0,37.0,552.0,0.2693,1269.0,2.0,0.5291,0.004,1.4909,-0.0408,1.7506,36.5058,1.13,38.1,38.1,37.98,down,37.98,2026-09-28T09:30:30,3.06649,36.8499984741211,339.815,2026-09-28 18:44:43,2026-09-28 14:45:04
AAPL,AAPL271217C00375000,AAPL,2027-12-17,C,375.0,34.15,210.0,35.0,593.0,0.2684,1197.0,17.0,0.5107,0.004,1.4943,-0.0409,1.6998,34.4791,0.36,35.85,35.91,35.16,no_change,35.21,2026-09-28T12:29:05,1.033,34.8500003814697,339.815,2026-09-28 18:44:43,2026-09-28 14:45:04
AAPL,AAPL271217C00380000,AAPL,2027-12-17,C,380.0,32.25,30.0,32.85,171.0,0.2669,826.0,0.0,0.4925,0.004,1.4945,-0.041,1.647,32.5413,0.0,0.0,0.0,0.0,up,32.75,2026-09-25T15:09:22,0.0,32.9500007629394,339.815,2026-09-28 18:44:43,2026-09-28 14:45:04
AAPL,AAPL271217C00385000,AAPL,2027-12-17,C,385.0,30.2,471.0,30.95,150.0,0.2652,560.0,0.0,0.4744,0.004,1.4916,-0.041,1.5932,30.6923,0.0,0.0,0.0,0.0,no_change,29.25,2026-09-23T15:39:01,0.0,31.0249996185303,339.815,2026-09-28 18:44:43,2026-09-28 14:45:04
AAPL,AAPL271217C00390000,AAPL,2027-12-17,C,390.0,28.5,477.0,29.25,283.0,0.2648,1061.0,0.0,0.4566,0.004,1.486,-0.0409,1.5406,28.9297,0.0,0.0,0.0,0.0,up,28.75,2026-09-25T14:58:29,0.0,29.1999998092651,339.815,2026-09-28 18:44:43,2026-09-28 14:45:04
AAPL,AAPL271217C00395000,AAPL,2027-12-17,C,395.0,26.9,316.0,27.5,149.0,0.264,877.0,49.0,0.4389,0.004,1.4778,-0.0407,1.4884,27.2505,-0.425,27.19,27.49,27.14,up,27.2,2026-09-28T14:16:03,-1.53846,27.625,339.815,2026-09-28 18:44:43,2026-09-28 14:45:04
AAPL,AAPL271217C00400000,AAPL,2027-12-17,C,400.0,25.35,49.0,25.85,196.0,0.2633,5766.0,12.0,0.4216,0.004,1.4666,-0.0404,1.4351,25.6534,-0.2,26.4,26.4,25.5,down,25.85,2026-09-28T13:13:22,-0.767755,26.0500001907349,339.815,2026-09-28 18:44:43,2026-09-28 14:45:04
AAPL,AAPL271217C00405000,AAPL,2027-12-17,C,405.0,23.6,144.0,24.2,10.0,0.2614,519.0,4.0,0.4045,0.0039,1.4527,-0.04,1.3815,24.1373,0.195,23.96,24.57,23.96,up,24.57,2026-09-28T12:06:04,0.8,24.375,339.815,2026-09-28 18:44:43,2026-09-28 14:45:04
AAPL,AAPL271217C00410000,AAPL,2027-12-17,C,410.0,22.25,531.0,22.8,71.0,0.2612,259.0,0.0,0.3878,0.0039,1.4366,-0.0396,1.3296,22.6993,0.0,0.0,0.0,0.0,down,21.83,2026-09-23T12:45:01,0.0,22.8999996185303,339.815,2026-09-28 18:44:43,2026-09-28 14:45:04
AAPL,AAPL271217C00415000,AAPL,2027-12-17,C,415.0,20.85,506.0,21.75,606.0,0.2616,181.0,0.0,0.3714,0.0038,1.4187,-0.0391,1.279,21.336,0.0,0.0,0.0,0.0,up,21.56,2026-09-25T15:28:54,0.0,21.6999998092651,339.815,2026-09-28 18:44:43,2026-09-28 14:45:04
AAPL,AAPL271217C00420000,AAPL,2027-12-17,C,420.0,19.55,386.0,20.4,526.0,0.2608,989.0,101.0,0.3555,0.0038,1.3985,-0.0386,1.2281,20.0449,-0.475,20.35,20.35,19.8,down,19.8,2026-09-28T14:22:33,-2.34279,20.2750005722046,339.815,2026-09-28 18:44:43,2026-09-28 14:45:04
AAPL,AAPL271217C00425000,AAPL,2027-12-17,C,425.0,18.4,239.0,19.3,260.0,0.261,393.0,0.0,0.3399,0.0037,1.3758,-0.0379,1.1772,18.8247,0.0,0.0,0.0,0.0,up,19.1,2026-09-25T15:57:30,0.0,19.0,339.815,2026-09-28 18:44:43,2026-09-28 14:45:04
AAPL,AAPL271217C00430000,AAPL,2027-12-17,C,430.0,17.2,245.0,18.1,533.0,0.2602,697.0,0.0,0.3248,0.0037,1.3518,-0.0373,1.1282,17.6724,0.0,0.0,0.0,0.0,up,18.1,2026-09-25T14:58:29,0.0,17.875,339.815,2026-09-28 18:44:43,2026-09-28 14:45:04
AAPL,AAPL271217C00435000,AAPL,2027-12-17,C,435.0,16.15,247.0,17.0,323.0,0.26,350.0,2.0,0.3101,0.0036,1.3267,-0.0366,1.0811,16.5843,-0.025,16.8,16.8,16.8,up,16.8,2026-09-28T12:18:10,-0.148587,16.8249998092651,339.815,2026-09-28 18:44:43,2026-09-28 14:45:04
AAPL,AAPL271217C00440000,AAPL,2027-12-17,C,440.0,15.15,163.0,15.8,194.0,0.259,7498.0,0.0,0.2959,0.0035,1.3002,-0.0358,1.0347,15.5575,0.0,0.0,0.0,0.0,up,15.8,2026-09-25T15:37:46,0.0,15.7999997138977,339.815,2026-09-28 18:44:43,2026-09-28 14:45:04
AAPL,AAPL271217C00450000,AAPL,2027-12-17,C,450.0,13.3,170.0,13.95,204.0,0.2586,2972.0,0.0,0.2689,0.0034,1.2425,-0.0342,0.9437,13.6799,0.0,0.0,0.0,0.0,down,13.9,2026-09-25T15:59:31,0.0,13.9499998092651,339.815,2026-09-28 18:44:43,2026-09-28 14:45:04
AAPL,AAPL271217C00460000,AAPL,2027-12-17,C,460.0,11.7,249.0,12.4,315.0,0.2589,596.0,0.0,0.2437,0.0032,1.1827,-0.0325,0.8603,12.0172,0.0,0.0,0.0,0.0,no_change,12.2,2026-09-25T15:12:49,0.0,12.2249999046326,339.815,2026-09-28 18:44:43,2026-09-28 14:45:04
AAPL,AAPL271217C00470000,AAPL,2027-12-17,C,470.0,10.3,89.0,10.9,399.0,0.2588,133.0,1.0,0.2204,0.0031,1.1198,-0.0308,0.7805,10.548,0.15,11.0,11.0,11.0,up,11.0,2026-09-28T09:30:14,1.38249,10.8499999046326,339.815,2026-09-28 18:44:43,2026-09-28 14:45:04
AAPL,AAPL271217C00480000,AAPL,2027-12-17,C,480.0,8.95,152.0,9.6,357.0,0.2583,126.0,0.0,0.1989,0.0029,1.0557,-0.029,0.7071,9.2473,0.0,0.0,0.0,0.0,down,9.0,2026-09-24T15:51:22,0.0,9.59999990463257,339.815,2026-09-28 18:44:43,2026-09-28 14:45:04
AAPL,AAPL271217C00490000,AAPL,2027-12-17,C,490.0,7.85,181.0,8.45,461.0,0.2584,296.0,1.0,0.1792,0.0027,0.9924,-0.0272,0.6395,8.1087,0.03,8.23,8.23,8.23,up,8.23,2026-09-28T13:00:15,0.365856,8.19999980926514,339.815,2026-09-28 18:44:43,2026-09-28 14:45:04
AAPL,AAPL271217C00500000,AAPL,2027-12-17,C,500.0,6.9,180.0,7.35,397.0,0.2581,846.0,27.0,0.1613,0.0025,0.9286,-0.0254,0.5766,7.1096,0.015,7.49,7.55,7.0,up,7.34,2026-09-28T11:38:18,0.204778,7.32500004768372,339.815,2026-09-28 18:44:43,2026-09-28 14:45:04
AAPL,AAPL271217C00510000,AAPL,2027-12-17,C,510.0,6.0,368.0,6.3,40.0,0.257,430.0,1.0,0.145,0.0024,0.8675,-0.0237,0.5204,6.2331,0.25,6.65,6.65,6.65,up,6.65,2026-09-28T09:42:38,3.90625,6.40000009536743,339.815,2026-09-28 18:44:43,2026-09-28 14:45:04
AAPL,AAPL271217C00520000,AAPL,2027-12-17,C,520.0,5.3,39.0,5.85,451.0,0.2594,78.0,2.0,0.1301,0.0022,0.8075,-0.022,0.4678,5.465,0.12,5.62,5.72,5.62,up,5.72,2026-09-28T10:26:08,2.14286,5.59999990463257,339.815,2026-09-28 18:44:43,2026-09-28 14:45:04
AAPL,AAPL271217C00530000,AAPL,2027-12-17,C,530.0,4.5,432.0,5.15,430.0,0.2587,344.0,0.0,0.1168,0.002,0.7496,-0.0204,0.4207,4.7936,0.0,0.0,0.0,0.0,up,5.25,2026-09-17T15:36:17,0.0,5.0,339.815,2026-09-28 18:44:43,2026-09-28 14:45:04
AAPL,AAPL271217C00540000,AAPL,2027-12-17,C,540.0,3.95,130.0,4.65,279.0,0.2599,168.0,0.0,0.1047,0.0019,0.6953,-0.0189,0.3783,4.2059,0.0,0.0,0.0,0.0,down,4.15,2026-09-24T11:56:30,0.0,4.32500004768372,339.815,2026-09-28 18:44:43,2026-09-28 14:45:04
AAPL,AAPL271217C00550000,AAPL,2027-12-17,C,550.0,3.55,11.0,3.85,14.0,0.2589,776.0,0.0,0.0938,0.0017,0.643,-0.0175,0.3392,3.6927,0.0,0.0,0.0,0.0,no_change,3.79,2026-09-18T13:51:47,0.0,3.82500004768372,339.815,2026-09-28 18:44:43,2026-09-28 14:45:04
AAPL,AAPL271217C00560000,AAPL,2027-12-17,C,560.0,3.1,198.0,3.65,490.0,0.2614,31.0,0.0,0.0842,0.0016,0.5939,-0.0161,0.3048,3.2473,0.0,0.0,0.0,0.0,up,3.27,2026-09-24T10:27:28,0.0,3.29999995231628,339.815,2026-09-28 18:44:43,2026-09-28 14:45:04
AAPL,AAPL271217C00570000,AAPL,2027-12-17,C,570.0,2.65,378.0,3.2,391.0,0.2609,63.0,6.0,0.0754,0.0014,0.5484,-0.0148,0.2737,2.8554,0.23,3.15,3.15,3.15,up,3.15,2026-09-28T10:04:17,7.87671,2.91999995708466,339.815,2026-09-28 18:44:43,2026-09-28 14:45:04
AAPL,AAPL271217C00580000,AAPL,2027-12-17,C,580.0,2.4,124.0,2.77,405.0,0.2615,21.0,0.0,0.0676,0.0013,0.5051,-0.0137,0.2452,2.5136,0.0,0.0,0.0,0.0,up,2.7,2026-09-03T10:40:50,0.0,2.63499999046326,339.815,2026-09-28 18:44:43,2026-09-28 14:45:04
AAPL,AAPL271217C00590000,AAPL,2027-12-17,C,590.0,2.02,417.0,2.39,360.0,0.2603,76.0,0.0,0.0606,0.0012,0.4647,-0.0126,0.2201,2.2155,0.0,0.0,0.0,0.0,down,2.19,2026-09-25T12:28:24,0.0,2.34999990463257,339.815,2026-09-28 18:44:43,2026-09-28 14:45:04
AAPL,AAPL271217C00600000,AAPL,2027-12-17,C,600.0,1.81,348.0,2.14,334.0,0.2616,624.0,0.0,0.0544,0.0011,0.4279,-0.0116,0.1978,1.9549,0.0,0.0,0.0,0.0,up,2.03,2026-09-25T12:02:01,0.0,2.06000000238419,339.815,2026-09-28 18:44:43,2026-09-28 14:45:04
AAPL,AAPL271217P00005000,AAPL,2027-12-17,P,5.0,0.0,0.0,0.28,276.0,1.6208,41.0,0.0,0.0,0.0,0.0004,0.0,-0.0001,0.0029,0.0,0.0,0.0,0.0,down,0.01,2026-07-09T09:30:07,0.0,0.140000000596046,339.815,2026-09-28 18:44:43,2026-09-28 14:45:04
AAPL,AAPL271217P00010000,AAPL,2027-12-17,P,10.0,0.0,0.0,0.28,245.0,1.3141,0.0,0.0,-0.0001,0.0,0.0009,-0.0001,-0.0003,0.0062,0.0,0.0,0.0,0.0,no_change,0.0,,0.0,0.140000000596046,339.815,2026-09-28 18:44:43,2026-09-28 14:45:04
AAPL,AAPL271217P00015000,AAPL,2027-12-17,P,15.0,0.0,0.0,0.28,261.0,1.148,0.0,0.0,-0.0001,0.0,0.0016,-0.0001,-0.0005,0.0102,0.0,0.0,0.0,0.0,no_change,0.0,,0.0,0.140000000596046,339.815,2026-09-28 18:44:43,2026-09-28 14:45:04
AAPL,AAPL271217P00020000,AAPL,2027-12-17,P,20.0,0.0,0.0,0.28,245.0,1.0348,62.0,0.0,-0.0002,0.0,0.0023,-0.0002,-0.0008,0.0147,0.0,0.0,0.0,0.0,no_change,0.03,2026-06-04T12:43:23,0.0,0.140000000596046,339.815,2026-09-28 18:44:43,2026-09-28 14:45:04
AAPL,AAPL271217P00025000,AAPL,2027-12-17,P,25.0,0.0,0.0,0.29,263.0,0.9532,40.0,0.0,-0.0002,0.0,0.0033,-0.0003,-0.0011,0.0199,0.0,0.0,0.0,0.0,no_change,0.06,2026-05-19T13:12:41,0.0,0.144999995827675,339.815,2026-09-28 18:44:43,2026-09-28 14:45:04
AAPL,AAPL271217P00030000,AAPL,2027-12-17,P,30.0,0.0,0.0,0.44,242.0,0.9284,174.0,0.0,-0.0003,0.0,0.0043,-0.0003,-0.0015,0.0258,0.0,0.0,0.0,0.0,down,0.01,2026-09-03T14:34:56,0.0,0.144999995827675,339.815,2026-09-28 18:44:43,2026-09-28 14:45:04
AAPL,AAPL271217P00035000,AAPL,2027-12-17,P,35.0,0.02,149.0,0.11,74.0,0.7613,847.0,1.0,-0.0004,0.0,0.0055,-0.0004,-0.002,0.0325,-0.045,0.11,0.11,0.11,down,0.11,2026-09-28T09:37:08,-29.0323,0.154999995604157,339.815,2026-09-28 18:44:43,2026-09-28 14:45:04
AAPL,AAPL271217P00040000,AAPL,2027-12-17,P,40.0,0.0,0.0,0.3,555.0,0.7814,12.0,0.0,-0.0005,0.0,0.0069,-0.0005,-0.0025,0.0399,0.0,0.0,0.0,0.0,up,0.06,2026-06-17T13:35:02,0.0,0.150000005960464,339.815,2026-09-28 18:44:43,2026-09-28 14:45:04
AAPL,AAPL271217P00045000,AAPL,2027-12-17,P,45.0,0.0,0.0,0.31,544.0,0.7413,6.0,0.0,-0.0006,0.0,0.0085,-0.0006,-0.0031,0.0482,0.0,0.0,0.0,0.0,down,0.13,2026-08-05T15:18:02,0.0,0.155000001192093,339.815,2026-09-28 18:44:43,2026-09-28 14:45:04
AAPL,AAPL271217P00050000,AAPL,2027-12-17,P,50.0,0.0,0.0,0.08,172.0,0.6146,1241.0,1.0,-0.0008,0.0,0.0102,-0.0007,-0.0037,0.0574,0.03,0.07,0.07,0.07,up,0.07,2026-09-28T09:37:28,75.0,0.0399999991059303,339.815,2026-09-28 18:44:43,2026-09-28 14:45:04
AAPL,AAPL271217P00055000,AAPL,2027-12-17,P,55.0,0.06,1.0,0.15,441.0,0.6415,43.0,1.0,-0.0009,0.0,0.0121,-0.0008,-0.0044,0.0675,0.07,0.15,0.15,0.15,up,0.15,2026-09-28T10:15:12,87.5,0.0800000000745058,339.815,2026-09-28 18:44:43,2026-09-28 14:45:04
AAPL,AAPL271217P00060000,AAPL,2027-12-17,P,60.0,0.05,2.0,0.17,478.0,0.6148,94.0,1.0,-0.0011,0.0,0.0143,-0.0009,-0.0053,0.0787,-0.015,0.1,0.1,0.1,up,0.1,2026-09-28T10:15:24,-13.0435,0.115000003948808,339.815,2026-09-28 18:44:43,2026-09-28 14:45:04
AAPL,AAPL271217P00065000,AAPL,2027-12-17,P,65.0,0.05,3.0,0.15,10.0,0.5816,537.0,0.0,-0.0013,0.0,0.0167,-0.001,-0.0062,0.0911,0.0,0.0,0.0,0.0,up,0.14,2026-09-14T09:30:02,0.0,0.100000003352761,339.815,2026-09-28 18:44:43,2026-09-28 14:45:04
AAPL,AAPL271217P00070000,AAPL,2027-12-17,P,70.0,0.05,2.0,0.17,174.0,0.5622,213.0,0.0,-0.0016,0.0,0.0193,-0.0011,-0.0072,0.1048,0.0,0.0,0.0,0.0,down,0.1,2026-09-22T10:25:17,0.0,0.10499999858439,339.815,2026-09-28 18:44:43,2026-09-28 14:45:04
AAPL,AAPL271217P00075000,AAPL,2027-12-17,P,75.0,0.01,18.0,0.18,271.0,0.5307,90.0,0.0,-0.0018,0.0,0.0222,-0.0012,-0.0084,0.12,0.0,0.0,0.0,0.0,no_change,0.1,2026-09-24T11:07:17,0.0,0.09500000346452,339.815,2026-09-28 18:44:43,2026-09-28 14:45:04
AAPL,AAPL271217P00080000,AAPL,2027-12-17,P,80.0,0.1,4.0,0.2,12.0,0.5345,298.0,0.0,-0.0021,0.0,0.0254,-0.0014,-0.0097,0.1367,0.0,0.0,0.0,0.0,up,0.17,2026-09-22T15:33:32,0.0,0.150000002235174,339.815,2026-09-28 18:44:43,2026-09-28 14:45:04
AAPL,AAPL271217P00085000,AAPL,2027-12-17,P,85.0,0.1,6.0,0.23,223.0,0.5189,71.0,0.0,-0.0024,0.0,0.0291,-0.0015,-0.0112,0.1552,0.0,0.0,0.0,0.0,up,0.25,2026-09-04T15:11:00,0.0,0.160000000149012,339.815,2026-09-28 18:44:43,2026-09-28 14:45:04
AAPL,AAPL271217P00090000,AAPL,2027-12-17,P,90.0,0.1,10.0,0.24,144.0,0.5005,105.0,0.0,-0.0028,0.0,0.0329,-0.0017,-0.0129,0.1759,0.0,0.0,0.0,0.0,down,0.22,2026-09-10T15:07:44,0.0,0.175000000745058,339.815,2026-09-28 18:44:43,2026-09-28 14:45:04
AAPL,AAPL271217P00095000,AAPL,2027-12-17,P,95.0,0.1,14.0,0.25,40.0,0.4831,54.0,0.0,-0.0032,0.0,0.0372,-0.0019,-0.0146,0.199,0.0,0.0,0.0,0.0,up,0.2,2026-09-17T10:39:01,0.0,0.190000001341104,339.815,2026-09-28 18:44:43,2026-09-28 14:45:04
AAPL,AAPL271217P00100000,AAPL,2027-12-17,P,100.0,0.1,216.0,0.28,271.0,0.4695,1378.0,0.0,-0.0036,0.0001,0.042,-0.0021,-0.0167,0.2245,0.0,0.0,0.0,0.0,down,0.11,2026-09-25T15:58:26,0.0,0.169999998062849,339.815,2026-09-28 18:44:43,2026-09-28 14:45:04
AAPL,AAPL271217P00105000,AAPL,2027-12-17,P,105.0,0.1,457.0,0.34,542.0,0.4601,149.0,0.0,-0.0042,0.0001,0.0473,-0.0023,-0.019,0.2532,0.0,0.0,0.0,0.0,down,0.48,2026-08-06T14:35:26,0.0,0.230000007897615,339.815,2026-09-28 18:44:43,2026-09-28 14:45:04
AAPL,AAPL271217P00110000,AAPL,2027-12-17,P,110.0,0.14,418.0,0.35,388.0,0.4492,869.0,0.0,-0.0047,0.0001,0.0534,-0.0025,-0.0216,0.2854,0.0,0.0,0.0,0.0,down,0.33,2026-09-11T14:21:55,0.0,0.25000000372529,339.815,2026-09-28 18:44:43,2026-09-28 14:45:04
AAPL,AAPL271217P00115000,AAPL,2027-12-17,P,115.0,0.25,1.0,0.34,183.0,0.4431,881.0,0.0,-0.0054,0.0001,0.0597,-0.0028,-0.0246,0.3217,0.0,0.0,0.0,0.0,down,0.36,2026-09-17T11:39:18,0.0,0.280000004917383,339.815,2026-09-28 18:44:43,2026-09-28 14:45:04
AAPL,AAPL271217P00120000,AAPL,2027-12-17,P,120.0,0.33,3.0,0.39,53.0,0.4384,1254.0,0.0,-0.0061,0.0001,0.0669,-0.0031,-0.0278,0.3623,0.0,0.0,0.0,0.0,down,0.37,2026-09-22T13:44:27,0.0,0.359999999403954,339.815,2026-09-28 18:44:43,2026-09-28 14:45:04
AAPL,AAPL271217P00125000,AAPL,2027-12-17,P,125.0,0.17,575.0,0.55,523.0,0.423,834.0,0.0,-0.007,0.0001,0.0748,-0.0034,-0.0315,0.4082,0.0,0.0,0.0,0.0,down,0.42,2026-09-22T12:33:15,0.0,0.375,339.815,2026-09-28 18:44:43,2026-09-28 14:45:04
AAPL,AAPL271217P00130000,AAPL,2027-12-17,P,130.0,0.38,42.0,0.53,338.0,0.4213,499.0,0.0,-0.0079,0.0001,0.084,-0.0037,-0.0357,0.4599,0.0,0.0,0.0,0.0,up,0.49,2026-09-25T13:28:21,0.0,0.424999997019768,339.815,2026-09-28 18:44:43,2026-09-28 14:45:04
AAPL,AAPL271217P00135000,AAPL,2027-12-17,P,135.0,0.45,10.0,0.61,343.0,0.4154,2953.0,0.0,-0.009,0.0002,0.0934,-0.004,-0.0405,0.5186,0.0,0.0,0.0,0.0,down,0.53,2026-09-25T09:30:33,0.0,0.484999999403954,339.815,2026-09-28 18:44:43,2026-09-28 14:45:04
AAPL,AAPL271217P00140000,AAPL,2027-12-17,P,140.0,0.51,72.0,0.67,235.0,0.4072,3722.0,0.0,-0.0102,0.0002,0.1041,-0.0044,-0.0456,0.5847,0.0,0.0,0.0,0.0,down,0.65,2026-09-22T11:37:41,0.0,0.564999997615814,339.815,2026-09-28 18:44:43,2026-09-28 14:45:04
AAPL,AAPL271217P00145000,AAPL,2027-12-17,P,145.0,0.65,1.0,0.75,53.0,0.4033,611.0,0.0,-0.0115,0.0002,0.1158,-0.0049,-0.0516,0.6593,0.0,0.0,0.0,0.0,down,0.76,2026-09-21T13:50:14,0.0,0.694999992847443,339.815,2026-09-28 18:44:43,2026-09-28 14:45:04
AAPL,AAPL271217P00150000,AAPL,2027-12-17,P,150.0,0.67,3.0,0.81,13.0,0.3928,920.0,0.0,-0.013,0.0002,0.1293,-0.0053,-0.058,0.7434,0.0,0.0,0.0,0.0,up,0.83,2026-09-21T13:49:21,0.0,0.730000019073486,339.815,2026-09-28 18:44:43,2026-09-28 14:45:04
AAPL,AAPL271217P00155000,AAPL,2027-12-17,P,155.0,0.72,349.0,1.09,621.0,0.3915,1077.0,0.0,-0.0147,0.0003,0.1432,-0.0058,-0.0658,0.8388,0.0,0.0,0.0,0.0,down,0.91,2026-09-25T11:35:19,0.0,0.859999984502792,339.815,2026-09-28 18:44:43,2026-09-28 14:45:04
AAPL,AAPL271217P00160000,AAPL,2027-12-17,P,160.0,0.71,384.0,1.08,6.0,0.3774,1058.0,0.0,-0.0166,0.0003,0.1587,-0.0064,-0.0738,0.9461,0.0,0.0,0.0,0.0,up,1.04,2026-09-22T15:48:44,0.0,1.05000001192093,339.815,2026-09-28 18:44:43,2026-09-28 14:45:04
AAPL,AAPL271217P00165000,AAPL,2027-12-17,P,165.0,0.94,270.0,1.17,11.0,0.3744,1023.0,0.0,-0.0187,0.0003,0.1757,-0.007,-0.0833,1.0667,0.0,0.0,0.0,0.0,no_change,1.09,2026-09-25T13:32:56,0.0,0.974999994039536,339.815,2026-09-28 18:44:43,2026-09-28 14:45:04
AAPL,AAPL271217P00170000,AAPL,2027-12-17,P,170.0,1.11,15.0,1.31,15.0,0.3701,1046.0,0.0,-0.0211,0.0004,0.1949,-0.0076,-0.0932,1.2027,0.0,0.0,0.0,0.0,down,1.44,2026-09-21T09:30:10,0.0,1.28500002622604,339.815,2026-09-28 18:44:43,2026-09-28 14:45:04
AAPL,AAPL271217P00175000,AAPL,2027-12-17,P,175.0,1.12,493.0,1.64,430.0,0.3658,1870.0,0.0,-0.0237,0.0004,0.2144,-0.0083,-0.1052,1.3559,0.0,0.0,0.0,0.0,down,1.47,2026-09-23T09:41:09,0.0,1.43000000715256,339.815,2026-09-28 18:44:43,2026-09-28 14:45:04
AAPL,AAPL271217P00180000,AAPL,2027-12-17,P,180.0,1.36,418.0,1.82,356.0,0.3625,3475.0,0.0,-0.0266,0.0005,0.2361,-0.009,-0.1174,1.5267,0.0,0.0,0.0,0.0,down,1.64,2026-09-23T09:31:07,0.0,1.62999999523163,339.815,2026-09-28 18:44:43,2026-09-28 14:45:04
AAPL,AAPL271217P00185000,AAPL,2027-12-17,P,185.0,1.6,46.0,1.97,37.0,0.3577,1013.0,0.0,-0.0299,0.0005,0.2594,-0.0098,-0.1317,1.7183,0.0,0.0,0.0,0.0,down,1.85,2026-09-22T10:51:54,0.0,1.74500000476837,339.815,2026-09-28 18:44:43,2026-09-28 14:45:04
AAPL,AAPL271217P00190000,AAPL,2027-12-17,P,190.0,1.79,280.0,2.22,41.0,0.3532,1426.0,0.0,-0.0335,0.0006,0.2856,-0.0107,-0.1472,1.9323,0.0,0.0,0.0,0.0,no_change,1.99,2026-09-25T14:31:05,0.0,2.01499992609024,339.815,2026-09-28 18:44:43,2026-09-28 14:45:04
AAPL,AAPL271217P00195000,AAPL,2027-12-17,P,195.0,2.02,271.0,2.32,13.0,0.3463,1828.0,0.0,-0.0374,0.0006,0.3116,-0.0116,-0.164,2.1719,0.0,0.0,0.0,0.0,down,2.3,2026-09-22T11:34:39,0.0,2.24500000476837,339.815,2026-09-28 18:44:43,2026-09-28 14:45:04
AAPL,AAPL271217P00200000,AAPL,2027-12-17,P,200.0,2.25,427.0,2.7,291.0,0.3435,5646.0,0.0,-0.0418,0.0007,0.3409,-0.0125,-0.1826,2.4375,0.0,0.0,0.0,0.0,up,2.69,2026-09-25T09:31:51,0.0,2.55000007152557,339.815,2026-09-28 18:44:43,2026-09-28 14:45:04
AAPL,AAPL271217P00205000,AAPL,2027-12-17,P,205.0,2.44,448.0,2.8,1.0,0.3353,613.0,0.0,-0.0466,0.0008,0.3711,-0.0135,-0.2027,2.7337,0.0,0.0,0.0,0.0,up,3.02,2026-09-23T12:42:44,0.0,2.7849999666214,339.815,2026-09-28 18:44:43,2026-09-28 14:45:04
AAPL,AAPL271217P00210000,AAPL,2027-12-17,P,210.0,3.0,148.0,3.2,61.0,0.3358,1218.0,1.0,-0.0518,0.0009,0.4047,-0.0146,-0.2251,3.0603,-0.1,3.0,3.0,3.0,down,3.0,2026-09-28T09:39:06,-3.22581,3.10000002384186,339.815,2026-09-28 18:44:43,2026-09-28 14:45:04
AAPL,AAPL271217P00215000,AAPL,2027-12-17,P,215.0,3.25,55.0,3.75,72.0,0.333,943.0,15.0,-0.0575,0.0009,0.4377,-0.0157,-0.2484,3.4234,-0.2,3.35,3.35,3.35,down,3.35,2026-09-28T10:44:28,-5.6338,3.54999995231628,339.815,2026-09-28 18:44:43,2026-09-28 14:45:04
AAPL,AAPL271217P00220000,AAPL,2027-12-17,P,220.0,3.7,170.0,3.95,92.0,0.3279,1400.0,17.0,-0.0637,0.001,0.4742,-0.0169,-0.2746,3.8238,-0.07,3.75,3.78,3.73,down,3.73,2026-09-28T12:52:00,-1.8421,3.79999995231628,339.815,2026-09-28 18:44:43,2026-09-28 14:45:04
AAPL,AAPL271217P00225000,AAPL,2027-12-17,P,225.0,4.05,264.0,4.35,12.0,0.3234,686.0,0.0,-0.0704,0.0011,0.512,-0.0181,-0.302,4.2622,0.0,0.0,0.0,0.0,up,5.49,2026-09-15T15:36:17,0.0,4.39999985694885,339.815,2026-09-28 18:44:43,2026-09-28 14:45:04
AAPL,AAPL271217P00230000,AAPL,2027-12-17,P,230.0,4.5,315.0,5.0,148.0,0.3215,2683.0,1.0,-0.0778,0.0012,0.5511,-0.0193,-0.3336,4.7492,-0.305,4.52,4.52,4.52,down,4.52,2026-09-28T10:26:40,-6.32124,4.82499980926514,339.815,2026-09-28 18:44:43,2026-09-28 14:45:04
AAPL,AAPL271217P00235000,AAPL,2027-12-17,P,235.0,5.0,377.0,5.55,392.0,0.3184,679.0,2.0,-0.0856,0.0013,0.5915,-0.0206,-0.3643,5.2799,-0.125,5.2,5.2,5.2,no_change,5.2,2026-09-28T10:54:38,-2.34741,5.32499980926514,339.815,2026-09-28 18:44:43,2026-09-28 14:45:04
AAPL,AAPL271217P00240000,AAPL,2027-12-17,P,240.0,5.45,370.0,6.05,85.0,0.3138,1700.0,1.0,-0.0941,0.0014,0.6334,-0.022,-0.3996,5.8604,-0.265,5.61,5.61,5.61,down,5.61,2026-09-28T10:26:40,-4.51064,5.875,339.815,2026-09-28 18:44:43,2026-09-28 14:45:04
AAPL,AAPL271217P00245000,AAPL,2027-12-17,P,245.0,6.2,353.0,6.65,235.0,0.3118,841.0,3.0,-0.1032,0.0016,0.6784,-0.0233,-0.4359,6.4936,-0.175,6.35,6.35,6.35,down,6.35,2026-09-28T09:30:32,-2.68199,6.52500009536743,339.815,2026-09-28 18:44:43,2026-09-28 14:45:04
AAPL,AAPL271217P00250000,AAPL,2027-12-17,P,250.0,6.9,275.0,7.4,267.0,0.3097,12935.0,1.0,-0.1129,0.0017,0.7211,-0.0247,-0.473,7.185,-0.1,7.1,7.1,7.1,down,7.1,2026-09-28T11:08:44,-1.38889,7.20000004768372,339.815,2026-09-28 18:44:43,2026-09-28 14:45:04
AAPL,AAPL271217P00255000,AAPL,2027-12-17,P,255.0,7.55,459.0,8.0,38.0,0.3055,706.0,9.0,-0.1233,0.0018,0.767,-0.0261,-0.5154,7.9333,-0.285,7.64,7.64,7.64,no_change,7.64,2026-09-28T10:04:19,-3.59622,7.92500019073486,339.815,2026-09-28 18:44:43,2026-09-28 14:45:04
AAPL,AAPL271217P00260000,AAPL,2027-12-17,P,260.0,8.35,337.0,9.0,387.0,0.3043,1487.0,0.0,-0.1344,0.002,0.8122,-0.0276,-0.5568,8.7469,0.0,0.0,0.0,0.0,down,8.7,2026-09-25T14:21:11,0.0,8.64999961853027,339.815,2026-09-28 18:44:43,2026-09-28 14:45:04
AAPL,AAPL271217P00265000,AAPL,2027-12-17,P,265.0,9.35,265.0,9.9,283.0,0.3028,2396.0,0.0,-0.1461,0.0021,0.8599,-0.029,-0.6041,9.626,0.0,0.0,0.0,0.0,down,9.6,2026-09-25T15:38:37,0.0,9.52500009536743,339.815,2026-09-28 18:44:43,2026-09-28 14:45:04
AAPL,AAPL271217P00270000,AAPL,2027-12-17,P,270.0,10.25,392.0,10.85,377.0,0.3004,1071.0,1.0,-0.1584,0.0022,0.9043,-0.0304,-0.648,10.5661,-0.15,10.3,10.3,10.3,down,10.3,2026-09-28T10:13:19,-1.4354,10.4499998092651,339.815,2026-09-28 18:44:43,2026-09-28 14:45:04
AAPL,AAPL271217P00275000,AAPL,2027-12-17,P,275.0,11.25,325.0,11.9,305.0,0.2981,1116.0,2.0,-0.1716,0.0024,0.9518,-0.0319,-0.6987,11.597,0.095,11.57,11.57,11.57,down,11.57,2026-09-28T11:04:02,0.827888,11.4749999046326,339.815,2026-09-28 18:44:43,2026-09-28 14:45:04
AAPL,AAPL271217P00280000,AAPL,2027-12-17,P,280.0,12.2,367.0,13.0,452.0,0.2954,2960.0,10.0,-0.1852,0.0025,0.9971,-0.0333,-0.7469,12.6829,-0.07,12.28,12.69,12.28,down,12.53,2026-09-28T12:10:50,-0.555555,12.5999999046326,339.815,2026-09-28 18:44:43,2026-09-28 14:45:04
AAPL,AAPL271217P00285000,AAPL,2027-12-17,P,285.0,13.4,399.0,14.3,409.0,0.294,476.0,2.0,-0.1997,0.0027,1.0422,-0.0347,-0.7962,13.8625,0.05,13.9,13.9,13.9,no_change,13.9,2026-09-28T13:57:21,0.361012,13.8499999046326,339.815,2026-09-28 18:44:43,2026-09-28 14:45:04
AAPL,AAPL271217P00290000,AAPL,2027-12-17,P,290.0,14.65,360.0,15.45,412.0,0.2914,993.0,16.0,-0.215,0.0028,1.0863,-0.0361,-0.8516,15.127,0.07,14.85,15.16,14.85,no_change,15.07,2026-09-28T13:18:51,0.466667,15.0,339.815,2026-09-28 18:44:43,2026-09-28 14:45:04
AAPL,AAPL271217P00295000,AAPL,2027-12-17,P,295.0,16.0,312.0,16.75,240.0,0.2894,888.0,49.0,-0.2307,0.003,1.1295,-0.0375,-0.9056,16.467,-0.035,16.51,16.51,16.37,up,16.49,2026-09-28T14:16:03,-0.211804,16.5250005722046,339.815,2026-09-28 18:44:43,2026-09-28 14:45:04
AAPL,AAPL271217P00300000,AAPL,2027-12-17,P,300.0,17.6,325.0,18.25,350.0,0.2886,2009.0,10.0,-0.2472,0.0031,1.173,-0.0388,-0.9584,17.9002,0.2,17.66,18.05,17.3,up,18.05,2026-09-28T13:40:21,1.12045,17.8500003814697,339.815,2026-09-28 18:44:43,2026-09-28 14:45:04
AAPL,AAPL271217P00305000,AAPL,2027-12-17,P,305.0,19.2,215.0,19.6,86.0,0.2863,561.0,1.0,-0.2644,0.0033,1.2104,-0.0401,-1.0132,19.4303,-0.295,19.13,19.13,19.13,down,19.13,2026-09-28T11:15:44,-1.51866,19.4250001907349,339.815,2026-09-28 18:44:43,2026-09-28 14:45:04
AAPL,AAPL271217P00310000,AAPL,2027-12-17,P,310.0,20.65,327.0,21.35,312.0,0.2844,3604.0,2.0,-0.2823,0.0034,1.2487,-0.0413,-1.0672,21.05,-0.825,20.8,20.8,20.25,down,20.25,2026-09-28T10:06:08,-3.91459,21.0749998092651,339.815,2026-09-28 18:44:43,2026-09-28 14:45:04
AAPL,AAPL271217P00315000,AAPL,2027-12-17,P,315.0,22.5,188.0,23.3,383.0,0.2842,353.0,0.0,-0.3007,0.0036,1.2822,-0.0425,-1.1258,22.7686,0.0,0.0,0.0,0.0,up,22.95,2026-09-22T12:10:53,0.0,22.6499996185303,339.815,2026-09-28 18:44:43,2026-09-28 14:45:04
AAPL,AAPL271217P00320000,AAPL,2027-12-17,P,320.0,24.1,221.0,25.2,361.0,0.2818,494.0,0.0,-0.32,0.0037,1.316,-0.0436,-1.1757,24.612,0.0,0.0,0.0,0.0,up,24.38,2026-09-25T15:58:03,0.0,24.4749994277954,339.815,2026-09-28 18:44:43,2026-09-28 14:45:04
AAPL,AAPL271217P00325000,AAPL,2027-12-17,P,325.0,26.0,280.0,27.15,501.0,0.2805,834.0,15.0,-0.3394,0.0039,1.344,-0.0446,-1.2295,26.5122,-0.225,26.15,26.15,26.15,no_change,26.15,2026-09-28T11:13:08,-0.853081,26.375,339.815,2026-09-28 18:44:43,2026-09-28 14:45:04
AAPL,AAPL271217P00330000,AAPL,2027-12-17,P,330.0,28.1,290.0,29.15,442.0,0.2792,266.0,5.0,-0.3596,0.004,1.3706,-0.0456,-1.2873,28.538,-0.375,28.15,28.15,28.15,up,28.15,2026-09-28T11:13:07,-1.31463,28.5249996185303,339.815,2026-09-28 18:44:43,2026-09-28 14:45:04
AAPL,AAPL271217P00335000,AAPL,2027-12-17,P,335.0,30.15,295.0,30.9,61.0,0.276,70.0,0.0,-0.3804,0.0042,1.3917,-0.0465,-1.3283,30.6794,0.0,0.0,0.0,0.0,no_change,31.05,2026-09-25T14:58:38,0.0,30.625,339.815,2026-09-28 18:44:43,2026-09-28 14:45:04
AAPL,AAPL271217P00340000,AAPL,2027-12-17,P,340.0,32.7,122.0,33.6,431.0,0.2773,2774.0,8.0,-0.4017,0.0043,1.4093,-0.0474,-1.3736,32.9296,-0.275,31.55,32.99,31.55,up,32.7,2026-09-28T13:23:18,-0.833966,32.9750003814697,339.815,2026-09-28 18:44:43,2026-09-28 14:45:04
AAPL,AAPL271217P00345000,AAPL,2027-12-17,P,345.0,34.7,216.0,35.7,159.0,0.274,61.0,0.0,-0.4233,0.0044,1.4233,-0.0482,-1.4184,35.2685,0.0,0.0,0.0,0.0,no_change,38.18,2026-09-17T14:18:26,0.0,35.2750015258789,339.815,2026-09-28 18:44:43,2026-09-28 14:45:04
AAPL,AAPL271217P00350000,AAPL,2027-12-17,P,350.0,37.35,192.0,38.55,280.0,0.2746,423.0,0.0,-0.4454,0.0045,1.4349,-0.0488,-1.4728,37.7461,0.0,0.0,0.0,0.0,no_change,37.15,2026-09-22T11:01:06,0.0,37.4500007629394,339.815,2026-09-28 18:44:43,2026-09-28 14:45:04
AAPL,AAPL271217P00355000,AAPL,2027-12-17,P,355.0,39.95,194.0,40.6,81.0,0.2717,63.0,0.0,-0.4677,0.0046,1.4365,-0.0494,-1.4959,40.3078,0.0,0.0,0.0,0.0,up,45.75,2026-09-11T15:04:44,0.0,40.2000007629394,339.815,2026-09-28 18:44:43,2026-09-28 14:45:04
AAPL,AAPL271217P00360000,AAPL,2027-12-17,P,360.0,42.7,147.0,43.2,73.0,0.2704,272.0,6.0,-0.4907,0.0048,1.4349,-0.05,-1.5235,43.0086,-0.525,42.3,42.35,42.3,up,42.35,2026-09-28T10:42:52,-1.22449,42.875,339.815,2026-09-28 18:44:43,2026-09-28 14:45:04
AAPL,AAPL271217P00365000,AAPL,2027-12-17,P,365.0,45.5,74.0,46.45,234.0,0.2707,90.0,20.0,-0.514,0.0049,1.4311,-0.0505,-1.564,45.8317,-0.35,45.15,45.2,45.15,up,45.2,2026-09-28T10:43:16,-0.768385,45.5499992370606,339.815,2026-09-28 18:44:43,2026-09-28 14:45:04
AAPL,AAPL271217P00370000,AAPL,2027-12-17,P,370.0,48.0,178.0,49.4,166.0,0.2685,95.0,0.0,-0.537,0.005,1.4257,-0.0508,-1.5814,48.7305,0.0,0.0,0.0,0.0,down,59.35,2026-09-01T13:56:16,0.0,48.6000003814697,339.815,2026-09-28 18:44:43,2026-09-28 14:45:04
AAPL,AAPL271217P00375000,AAPL,2027-12-17,P,375.0,51.15,56.0,52.75,192.0,0.269,123.0,0.0,-0.5605,0.0051,1.4034,-0.051,-1.5832,51.771,0.0,0.0,0.0,0.0,up,51.85,2026-09-25T13:54:12,0.0,51.5750007629394,339.815,2026-09-28 18:44:43,2026-09-28 14:45:04
AAPL,AAPL271217P00380000,AAPL,2027-12-17,P,380.0,53.6,249.0,55.35,13.0,0.2634,45.0,0.0,-0.5847,0.0052,1.3781,-0.0513,-1.5885,54.9385,0.0,0.0,0.0,0.0,no_change,57.6,2026-09-25T10:25:14,0.0,54.6749992370606,339.815,2026-09-28 18:44:43,2026-09-28 14:45:04
AAPL,AAPL271217P00385000,AAPL,2027-12-17,P,385.0,56.65,342.0,58.85,110.0,0.2626,33.0,0.0,-0.6086,0.0052,1.3592,-0.0515,-1.6207,58.205,0.0,0.0,0.0,0.0,up,60.15,2026-09-23T13:33:31,0.0,57.8249988555908,339.815,2026-09-28 18:44:43,2026-09-28 14:45:04
AAPL,AAPL271217P00390000,AAPL,2027-12-17,P,390.0,61.2,5.0,62.7,315.0,0.268,25.0,20.0,-0.6323,0.0053,1.3298,-0.0514,-1.5883,61.5772,-0.15,61.15,61.3,61.15,down,61.2,2026-09-28T14:15:38,-0.244496,61.3499984741211,339.815,2026-09-28 18:44:43,2026-09-28 14:45:04
AAPL,AAPL271217P00395000,AAPL,2027-12-17,P,395.0,64.7,51.0,65.55,126.0,0.2648,80.0,15.0,-0.6561,0.0054,1.2845,-0.0512,-1.5262,65.0762,0.025,64.65,64.7,64.65,no_change,64.65,2026-09-28T14:15:38,0.0386847,64.625,339.815,2026-09-28 18:44:43,2026-09-28 14:45:04
AAPL,AAPL271217P00400000,AAPL,2027-12-17,P,400.0,67.95,190.0,69.4,201.0,0.2634,89.0,44.0,-0.681,0.0054,1.2281,-0.0513,-1.5312,68.7092,-0.4,67.55,67.95,67.55,no_change,67.8,2026-09-28T13:13:04,-0.586511,68.2000007629394,339.815,2026-09-28 18:44:43,2026-09-28 14:45:04
AAPL,AAPL271217P00405000,AAPL,2027-12-17,P,405.0,71.6,106.0,73.4,329.0,0.2636,72.0,2.0,-0.7051,0.0055,1.199,-0.0512,-1.5486,72.4245,-0.275,71.95,72.0,71.95,up,72.0,2026-09-28T14:15:37,-0.380493,72.2750015258789,339.815,2026-09-28 18:44:43,2026-09-28 14:45:04
AAPL,AAPL271217P00410000,AAPL,2027-12-17,P,410.0,75.2,308.0,76.65,84.0,0.2596,79.0,25.0,-0.7286,0.0056,1.1506,-0.0508,-1.4788,76.2379,-0.225,75.5,75.5,75.5,down,75.5,2026-09-28T11:42:32,-0.297126,75.7249984741211,339.815,2026-09-28 18:44:43,2026-09-28 14:45:04
AAPL,AAPL271217P00415000,AAPL,2027-12-17,P,415.0,79.05,218.0,80.9,105.0,0.2599,1.0,0.0,-0.752,0.0056,1.0806,-0.0503,-1.325,80.1719,0.0,0.0,0.0,0.0,up,79.85,2026-09-22T14:05:07,0.0,79.6500015258789,339.815,2026-09-28 18:44:43,2026-09-28 14:45:04
AAPL,AAPL271217P00420000,AAPL,2027-12-17,P,420.0,83.45,99.0,85.75,386.0,0.2649,16.0,6.0,-0.7772,0.0057,0.9728,-0.0505,-1.2934,84.2577,-0.375,83.8,83.95,83.8,up,83.95,2026-09-28T14:18:16,-0.444709,84.3250007629394,339.815,2026-09-28 18:44:43,2026-09-28 14:45:04
AAPL,AAPL271217P00425000,AAPL,2027-12-17,P,425.0,86.65,290.0,89.0,118.0,0.2545,6.0,4.0,-0.8015,0.0057,0.939,-0.0506,-1.2962,88.4058,-1.65,86.9,86.9,86.25,no_change,86.25,2026-09-28T09:46:51,-1.87713,87.9000015258789,339.815,2026-09-28 18:44:43,2026-09-28 14:45:04
AAPL,AAPL271217P00430000,AAPL,2027-12-17,P,430.0,90.9,235.0,93.75,186.0,0.2568,6.0,0.0,-0.8245,0.0058,0.8922,-0.0501,-1.2157,92.6259,0.0,0.0,0.0,0.0,no_change,92.9,2026-09-25T12:23:35,0.0,92.3000030517578,339.815,2026-09-28 18:44:43,2026-09-28 14:45:04
AAPL,AAPL271217P00435000,AAPL,2027-12-17,P,435.0,95.65,231.0,98.45,212.0,0.2613,3.0,0.0,-0.8469,0.0058,0.8025,-0.0494,-1.0358,96.9542,0.0,0.0,0.0,0.0,no_change,94.38,2026-09-22T11:23:31,0.0,96.4249992370606,339.815,2026-09-28 18:44:43,2026-09-28 14:45:04
AAPL,AAPL271217P00440000,AAPL,2027-12-17,P,440.0,100.45,342.0,102.3,265.0,0.258,2.0,2.0,-0.872,0.0058,0.6239,-0.0496,-0.8093,101.47,-1.175,100.35,100.35,100.35,no_change,100.35,2026-09-28T13:13:19,-1.15735,101.525001525879,339.815,2026-09-28 18:44:43,2026-09-28 14:45:04
AAPL,AAPL271217P00450000,AAPL,2027-12-17,P,450.0,108.9,129.0,111.35,8.0,0.0,1.0,0.0,-0.9196,0.006,0.5292,-0.0497,-0.7806,110.6459,0.0,0.0,0.0,0.0,no_change,110.1,2026-09-22T15:33:43,0.0,109.925003051758,339.815,2026-09-28 18:44:43,2026-09-28 14:45:04
AAPL,AAPL271217P00460000,AAPL,2027-12-17,P,460.0,119.45,8.0,121.3,83.0,0.2673,0.0,0.0,-0.9556,0.005,0.2516,-0.0485,0.0,120.185,0.0,0.0,0.0,0.0,up,124.1,2026-07-27T12:11:38,0.0,119.650001525879,339.815,2026-09-28 18:44:43,2026-09-28 14:45:04
AAPL,AAPL271217P00470000,AAPL,2027-12-17,P,470.0,128.5,111.0,131.95,110.0,0.276,0.0,0.0,-0.98,0.0023,0.0,-0.0485,0.0,130.185,0.0,0.0,0.0,0.0,no_change,0.0,,0.0,129.799995422363,339.815,2026-09-28 18:44:43,2026-09-28 14:45:04
AAPL,AAPL271217P00480000,AAPL,2027-12-17,P,480.0,138.5,86.0,141.75,101.0,0.0,0.0,0.0,-0.9986,0.0002,0.0,-0.0485,0.0,140.185,0.0,0.0,0.0,0.0,no_change,0.0,,0.0,139.574996948242,339.815,2026-09-28 18:44:43,2026-09-28 14:45:04
AAPL,AAPL271217P00490000,AAPL,2027-12-17,P,490.0,148.5,99.0,151.6,89.0,0.0,0.0,0.0,-1.0,0.0,0.0,-0.0485,0.0,150.185,0.0,0.0,0.0,0.0,no_change,0.0,,0.0,149.574996948242,339.815,2026-09-28 18:44:43,2026-09-28 14:45:04
AAPL,AAPL271217P00500000,AAPL,2027-12-17,P,500.0,158.5,100.0,161.95,101.0,0.3134,0.0,0.0,-1.0,0.0,0.0,-0.0485,0.0,160.185,0.0,0.0,0.0,0.0,no_change,0.0,,0.0,159.574996948242,339.815,2026-09-28 18:44:43,2026-09-28 14:45:04
AAPL,AAPL271217P00510000,AAPL,2027-12-17,P,510.0,168.5,95.0,171.95,96.0,0.3252,0.0,0.0,-1.0,0.0,0.0,-0.0485,0.0,170.185,0.0,0.0,0.0,0.0,no_change,0.0,,0.0,169.574996948242,339.815,2026-09-28 18:44:43,2026-09-28 14:45:04
AAPL,AAPL271217P00520000,AAPL,2027-12-17,P,520.0,178.5,94.0,181.6,86.0,0.0,0.0,0.0,-1.0,0.0,0.0,-0.0485,0.0,180.185,0.0,0.0,0.0,0.0,no_change,0.0,,0.0,179.574996948242,339.815,2026-09-28 18:44:43,2026-09-28 14:45:04
AAPL,AAPL271217P00530000,AAPL,2027-12-17,P,530.0,188.5,84.0,191.95,93.0,0.348,0.0,0.0,-1.0,0.0,0.0,-0.0485,0.0,190.185,0.0,0.0,0.0,0.0,no_change,0.0,,0.0,189.574996948242,339.815,2026-09-28 18:44:43,2026-09-28 14:45:04
AAPL,AAPL271217P00540000,AAPL,2027-12-17,P,540.0,198.5,85.0,201.6,12.0,0.0,0.0,0.0,-1.0,0.0,0.0,-0.0485,0.0,200.185,0.0,0.0,0.0,0.0,no_change,0.0,,0.0,199.574996948242,339.815,2026-09-28 18:44:43,2026-09-28 14:45:04
AAPL,AAPL271217P00550000,AAPL,2027-12-17,P,550.0,208.5,85.0,211.7,13.0,0.0,0.0,0.0,-1.0,0.0,0.0,-0.0485,0.0,210.185,0.0,0.0,0.0,0.0,no_change,0.0,,0.0,209.574996948242,339.815,2026-09-28 18:44:43,2026-09-28 14:45:04
AAPL,AAPL271217P00560000,AAPL,2027-12-17,P,560.0,218.65,11.0,221.8,77.0,0.3801,0.0,0.0,-1.0,0.0,0.0,-0.0485,0.0,220.185,0.0,0.0,0.0,0.0,no_change,0.0,,0.0,219.574996948242,339.815,2026-09-28 18:44:43,2026-09-28 14:45:04
AAPL,AAPL271217P00570000,AAPL,2027-12-17,P,570.0,228.5,19.0,231.8,13.0,0.0,0.0,0.0,-1.0,0.0,0.0,-0.0485,0.0,230.185,0.0,0.0,0.0,0.0,no_change,0.0,,0.0,229.574996948242,339.815,2026-09-28 18:44:43,2026-09-28 14:45:04
AAPL,AAPL271217P00580000,AAPL,2027-12-17,P,580.0,238.5,9.0,241.8,11.0,0.0,0.0,0.0,-1.0,0.0,0.0,-0.0485,0.0,240.185,0.0,0.0,0.0,0.0,no_change,0.0,,0.0,239.574996948242,339.815,2026-09-28 18:44:43,2026-09-28 14:45:04
AAPL,AAPL271217P00590000,AAPL,2027-12-17,P,590.0,248.5,9.0,251.8,10.0,0.0,0.0,0.0,-1.0,0.0,0.0,-0.0485,0.0,250.185,0.0,0.0,0.0,0.0,no_change,0.0,,0.0,249.574996948242,339.815,2026-09-28 18:44:43,2026-09-28 14:45:04
AAPL,AAPL271217P00600000,AAPL,2027-12-17,P,600.0,258.5,9.0,261.95,9.0,0.4198,0.0,0.0,-1.0,0.0,0.0,-0.0485,0.0,260.185,0.0,0.0,0.0,0.0,no_change,0.0,,0.0,259.575012207031,339.815,2026-09-28 18:44:43,2026-09-28 14:45:04
AAPL,AAPL280121C00005000,AAPL,2028-01-21,C,5.0,333.1,12.0,337.0,17.0,0.0,58.0,0.0,1.0,0.0,0.0005,0.0,0.0219,335.4305,0.0,0.0,0.0,0.0,down,325.76,2026-09-15T12:27:19,0.0,335.524993896484,339.815,2026-09-28 18:44:43,2026-09-28 14:45:04
AAPL,AAPL280121C00010000,AAPL,2028-01-21,C,10.0,328.25,11.0,332.1,16.0,0.0,24.0,0.0,1.0,0.0,0.0004,0.0,0.0506,330.5372,0.0,0.0,0.0,0.0,up,303.35,2026-08-07T13:47:58,0.0,330.674987792969,339.815,2026-09-28 18:44:43,2026-09-28 14:45:04
AAPL,AAPL280121C00015000,AAPL,2028-01-21,C,15.0,323.5,11.0,327.35,16.0,0.0,0.0,0.0,1.0,0.0,0.0007,0.0,0.0909,325.6685,0.0,0.0,0.0,0.0,up,245.12,2026-02-19T15:28:14,0.0,325.899993896484,339.815,2026-09-28 18:44:43,2026-09-28 14:45:04
AAPL,AAPL280121C00020000,AAPL,2028-01-21,C,20.0,318.8,16.0,322.7,16.0,0.0,8.0,0.0,1.0,0.0,0.002,0.0,0.1251,320.8213,0.0,0.0,0.0,0.0,down,308.2,2026-07-21T11:25:38,0.0,321.199996948242,339.815,2026-09-28 18:44:43,2026-09-28 14:45:04
AAPL,AAPL280121C00025000,AAPL,2028-01-21,C,25.0,314.1,19.0,317.95,6.0,0.82,10.0,2.0,1.0,0.0,0.0041,0.0,0.2166,315.9999,-1.175,316.0,316.0,315.35,down,315.35,2026-09-28T14:17:21,-0.371217,316.524993896484,339.815,2026-09-28 18:44:43,2026-09-28 14:45:04
AAPL,AAPL280121C00030000,AAPL,2028-01-21,C,30.0,309.45,16.0,313.35,16.0,0.8668,12.0,0.0,1.0,0.0,0.0057,0.0,0.3252,311.2563,0.0,0.0,0.0,0.0,down,229.09,2026-04-09T11:52:31,0.0,311.850006103516,339.815,2026-09-28 18:44:43,2026-09-28 14:45:04
AAPL,AAPL280121C00035000,AAPL,2028-01-21,C,35.0,304.75,16.0,308.65,16.0,0.8149,4.0,0.0,1.0,0.0,0.0072,0.0,0.4119,306.5573,0.0,0.0,0.0,0.0,down,241.75,2026-02-11T09:45:54,0.0,307.174987792969,339.815,2026-09-28 18:44:43,2026-09-28 14:45:04
AAPL,AAPL280121C00040000,AAPL,2028-01-21,C,40.0,300.1,16.0,304.0,16.0,0.7851,15.0,0.0,1.0,0.0,0.0086,0.0,0.486,301.8784,0.0,0.0,0.0,0.0,up,252.2,2026-05-08T12:46:39,0.0,302.475006103516,339.815,2026-09-28 18:44:43,2026-09-28 14:45:04
AAPL,AAPL280121C00045000,AAPL,2028-01-21,C,45.0,295.4,16.0,299.3,16.0,0.7342,4.0,0.0,1.0,0.0,0.0102,0.0,0.5531,297.2096,0.0,0.0,0.0,0.0,down,262.25,2026-08-10T12:32:32,0.0,297.824996948242,339.815,2026-09-28 18:44:43,2026-09-28 14:45:04
AAPL,AAPL280121C00050000,AAPL,2028-01-21,C,50.0,290.75,16.0,294.65,16.0,0.7067,129.0,0.0,1.0,0.0,0.012,0.0,0.6177,292.5459,0.0,0.0,0.0,0.0,down,285.65,2026-09-14T14:01:26,0.0,293.125,339.815,2026-09-28 18:44:43,2026-09-28 14:45:04
AAPL,AAPL280121C00060000,AAPL,2028-01-21,C,60.0,281.4,16.0,285.3,16.0,0.6396,5.0,0.0,1.0,0.0,0.0165,0.0,0.7415,283.2268,0.0,0.0,0.0,0.0,down,249.74,2026-08-10T10:25:23,0.0,283.824996948242,339.815,2026-09-28 18:44:43,2026-09-28 14:45:04
AAPL,AAPL280121C00070000,AAPL,2028-01-21,C,70.0,272.05,19.0,275.95,16.0,0.5825,141.0,0.0,1.0,0.0,0.0221,0.0,0.8632,273.915,0.0,0.0,0.0,0.0,up,274.22,2026-09-22T15:39:55,0.0,274.424987792969,339.815,2026-09-28 18:44:43,2026-09-28 14:45:04
AAPL,AAPL280121C00080000,AAPL,2028-01-21,C,80.0,262.75,16.0,266.6,16.0,0.5407,183.0,0.0,0.9998,0.0,0.029,0.0,0.9837,264.61,0.0,0.0,0.0,0.0,down,237.5,2026-08-26T13:27:20,0.0,265.100006103516,339.815,2026-09-28 18:44:43,2026-09-28 14:45:04
AAPL,AAPL280121C00090000,AAPL,2028-01-21,C,90.0,253.4,109.0,257.3,16.0,0.5038,184.0,0.0,0.999,0.0,0.0374,0.0,1.1033,255.3133,0.0,0.0,0.0,0.0,down,224.95,2026-08-27T10:23:48,0.0,255.824996948242,339.815,2026-09-28 18:44:43,2026-09-28 14:45:04
AAPL,AAPL280121C00100000,AAPL,2028-01-21,C,100.0,244.1,132.0,248.0,39.0,0.476,1125.0,0.0,0.9981,0.0001,0.0475,0.0,1.2219,246.0269,0.0,0.0,0.0,0.0,down,246.7,2026-09-25T15:54:35,0.0,246.475006103516,339.815,2026-09-28 18:44:43,2026-09-28 14:45:04
AAPL,AAPL280121C00110000,AAPL,2028-01-21,C,110.0,234.85,123.0,238.25,39.0,0.4014,315.0,0.0,0.9969,0.0001,0.0599,0.0,1.3393,236.7539,0.0,0.0,0.0,0.0,up,200.6,2026-08-13T11:32:01,0.0,237.275001525879,339.815,2026-09-28 18:44:43,2026-09-28 14:45:04
AAPL,AAPL280121C00115000,AAPL,2028-01-21,C,115.0,230.5,36.0,233.95,20.0,0.4559,19.0,2.0,0.9962,0.0001,0.0669,0.0,1.3974,232.1235,-1.025,232.1,232.1,231.5,down,231.5,2026-09-28T14:16:49,-0.44081,232.524993896484,339.815,2026-09-28 18:44:43,2026-09-28 14:45:04
AAPL,AAPL280121C00120000,AAPL,2028-01-21,C,120.0,225.75,104.0,228.95,11.0,0.4081,94.0,2.0,0.9954,0.0001,0.0747,0.0,1.4552,227.498,-1.025,227.45,227.45,226.9,down,226.9,2026-09-28T14:21:52,-0.449711,227.925003051758,339.815,2026-09-28 18:44:43,2026-09-28 14:45:04
AAPL,AAPL280121C00125000,AAPL,2028-01-21,C,125.0,220.95,89.0,224.3,10.0,0.3828,38.0,0.0,0.9945,0.0001,0.0834,0.0,1.5124,222.878,0.0,0.0,0.0,0.0,down,221.29,2026-09-21T13:00:33,0.0,223.324996948242,339.815,2026-09-28 18:44:43,2026-09-28 14:45:04
AAPL,AAPL280121C00130000,AAPL,2028-01-21,C,130.0,216.35,113.0,219.75,10.0,0.3871,133.0,0.0,0.9936,0.0001,0.093,0.0,1.569,218.2642,0.0,0.0,0.0,0.0,down,184.95,2026-08-10T14:46:03,0.0,218.75,339.815,2026-09-28 18:44:43,2026-09-28 14:45:04
AAPL,AAPL280121C00135000,AAPL,2028-01-21,C,135.0,211.8,95.0,215.45,66.0,0.4049,119.0,0.0,0.9924,0.0002,0.1034,0.0,1.6249,213.6576,0.0,0.0,0.0,0.0,up,199.52,2026-09-10T15:33:38,0.0,214.074996948242,339.815,2026-09-28 18:44:43,2026-09-28 14:45:04
AAPL,AAPL280121C00140000,AAPL,2028-01-21,C,140.0,207.35,99.0,210.5,25.0,0.388,69.0,1.0,0.9912,0.0002,0.1148,0.0,1.6803,209.0589,-2.455,207.02,207.02,207.02,down,207.02,2026-09-28T14:05:07,-1.17198,209.475006103516,339.815,2026-09-28 18:44:43,2026-09-28 14:45:04
AAPL,AAPL280121C00145000,AAPL,2028-01-21,C,145.0,202.65,87.0,205.75,14.0,0.3688,18.0,2.0,0.9898,0.0002,0.1274,0.0,1.7349,204.469,-0.3,204.5,204.55,204.5,up,204.55,2026-09-28T14:21:45,-0.146448,204.849998474121,339.815,2026-09-28 18:44:43,2026-09-28 14:45:04
AAPL,AAPL280121C00150000,AAPL,2028-01-21,C,150.0,197.95,125.0,201.35,21.0,0.3682,287.0,0.0,0.9883,0.0002,0.1412,0.0,1.7886,199.8892,0.0,0.0,0.0,0.0,up,199.0,2026-09-22T15:55:01,0.0,200.275001525879,339.815,2026-09-28 18:44:43,2026-09-28 14:45:04
AAPL,AAPL280121C00155000,AAPL,2028-01-21,C,155.0,193.35,109.0,196.7,10.0,0.3596,73.0,0.0,0.9866,0.0003,0.1563,0.0,1.8412,195.3207,0.0,0.0,0.0,0.0,up,163.96,2026-08-18T10:02:33,0.0,195.75,339.815,2026-09-28 18:44:43,2026-09-28 14:45:04
AAPL,AAPL280121C00160000,AAPL,2028-01-21,C,160.0,189.05,95.0,192.2,36.0,0.3672,1254.0,2.0,0.9846,0.0003,0.1725,0.0,1.8929,190.7646,-0.48,190.77,190.77,190.77,down,190.77,2026-09-28T11:47:33,-0.25098,191.25,339.815,2026-09-28 18:44:43,2026-09-28 14:45:04
AAPL,AAPL280121C00165000,AAPL,2028-01-21,C,165.0,184.25,189.0,187.65,20.0,0.3544,806.0,0.0,0.9825,0.0003,0.1902,0.0,1.9436,186.2222,0.0,0.0,0.0,0.0,down,182.87,2026-09-23T15:22:24,0.0,186.675003051758,339.815,2026-09-28 18:44:43,2026-09-28 14:45:04
AAPL,AAPL280121C00170000,AAPL,2028-01-21,C,170.0,180.15,125.0,183.3,60.0,0.3668,211.0,35.0,0.9801,0.0004,0.2097,0.0,1.9928,181.6951,-0.555,183.7,183.7,181.67,down,181.67,2026-09-28T14:17:14,-0.304568,182.224998474121,339.815,2026-09-28 18:44:43,2026-09-28 14:45:04
AAPL,AAPL280121C00175000,AAPL,2028-01-21,C,175.0,175.65,239.0,178.6,243.0,0.3576,109.0,0.0,0.9774,0.0004,0.2306,0.0,2.0406,177.1852,0.0,0.0,0.0,0.0,down,175.35,2026-09-25T13:31:13,0.0,177.400001525879,339.815,2026-09-28 18:44:43,2026-09-28 14:45:04
AAPL,AAPL280121C00180000,AAPL,2028-01-21,C,180.0,171.5,118.0,174.1,278.0,0.3599,510.0,0.0,0.9745,0.0005,0.2528,0.0,2.0871,172.6939,0.0,0.0,0.0,0.0,up,171.71,2026-09-21T12:48:14,0.0,172.900001525879,339.815,2026-09-28 18:44:43,2026-09-28 14:45:04
AAPL,AAPL280121C00185000,AAPL,2028-01-21,C,185.0,167.05,282.0,169.6,233.0,0.3548,358.0,2.0,0.9713,0.0005,0.2768,0.0,2.132,168.2228,1.255,169.89,169.98,169.89,up,169.98,2026-09-28T10:25:22,0.743815,168.724998474121,339.815,2026-09-28 18:44:43,2026-09-28 14:45:04
AAPL,AAPL280121C00190000,AAPL,2028-01-21,C,190.0,162.6,320.0,165.55,378.0,0.3567,142.0,50.0,0.9678,0.0006,0.3028,0.0,2.175,163.7742,1.58,165.14,165.53,165.14,up,165.53,2026-09-28T10:25:08,0.96371,163.949996948242,339.815,2026-09-28 18:44:43,2026-09-28 14:45:04
AAPL,AAPL280121C00195000,AAPL,2028-01-21,C,195.0,158.75,33.0,160.75,227.0,0.3547,289.0,0.0,0.9639,0.0006,0.3303,0.0,2.216,159.3502,0.0,0.0,0.0,0.0,down,156.07,2026-09-24T09:30:12,0.0,159.625,339.815,2026-09-28 18:44:43,2026-09-28 14:45:04
AAPL,AAPL280121C00200000,AAPL,2028-01-21,C,200.0,153.55,375.0,156.4,335.0,0.3394,1088.0,16.0,0.9596,0.0007,0.3592,0.0,2.2554,154.9529,0.135,156.72,156.72,155.31,down,155.31,2026-09-28T14:15:08,0.0869966,155.175003051758,339.815,2026-09-28 18:44:43,2026-09-28 14:45:04
AAPL,AAPL280121C00210000,AAPL,2028-01-21,C,210.0,145.85,34.0,146.7,40.0,0.3321,253.0,0.0,0.9499,0.0008,0.4231,0.0,2.3273,146.2465,0.0,0.0,0.0,0.0,up,142.51,2026-09-25T10:27:53,0.0,146.700004577637,339.815,2026-09-28 18:44:43,2026-09-28 14:45:04
AAPL,AAPL280121C00220000,AAPL,2028-01-21,C,220.0,137.25,117.0,138.1,117.0,0.3247,855.0,13.0,0.9385,0.001,0.4929,0.0,2.3898,137.6755,3.2,140.85,140.85,140.85,no_change,140.85,2026-09-28T10:10:15,2.32474,137.650001525879,339.815,2026-09-28 18:44:43,2026-09-28 14:45:04
AAPL,AAPL280121C00230000,AAPL,2028-01-21,C,230.0,128.55,177.0,130.0,231.0,0.3189,3161.0,5.0,0.9252,0.0012,0.5698,-0.0019,2.4416,129.2587,0.0,131.25,131.25,129.35,down,129.35,2026-09-28T14:16:58,1.17965e-06,129.349998474121,339.815,2026-09-28 18:44:43,2026-09-28 14:45:04
AAPL,AAPL280121C00240000,AAPL,2028-01-21,C,240.0,119.75,394.0,122.15,318.0,0.3118,2820.0,93.0,0.91,0.0014,0.6512,-0.0053,2.4824,121.0189,0.45,121.86,122.1,121.86,down,121.9,2026-09-28T12:59:27,0.370522,121.450000762939,339.815,2026-09-28 18:44:43,2026-09-28 14:45:04
AAPL,AAPL280121C00250000,AAPL,2028-01-21,C,250.0,111.7,360.0,113.75,239.0,0.3042,1925.0,4.0,0.8926,0.0016,0.738,-0.0088,2.5104,112.9766,-0.525,115.35,115.35,112.8,down,112.8,2026-09-28T13:37:42,-0.46327,113.325000762939,339.815,2026-09-28 18:44:43,2026-09-28 14:45:04
AAPL,AAPL280121C00260000,AAPL,2028-01-21,C,260.0,104.35,222.0,106.45,328.0,0.3059,2249.0,9.0,0.873,0.0018,0.8267,-0.0123,2.5267,105.1548,0.35,107.13,107.13,105.12,up,105.75,2026-09-28T12:45:26,0.332067,105.400001525879,339.815,2026-09-28 18:44:43,2026-09-28 14:45:04
AAPL,AAPL280121C00270000,AAPL,2028-01-21,C,270.0,96.9,109.0,98.8,370.0,0.3014,3794.0,10.0,0.8512,0.002,0.9182,-0.0158,2.5285,97.5742,0.575,99.98,100.01,98.0,down,98.0,2026-09-28T12:45:52,0.590198,97.4249992370606,339.815,2026-09-28 18:44:43,2026-09-28 14:45:04
AAPL,AAPL280121C00280000,AAPL,2028-01-21,C,280.0,89.6,157.0,91.4,342.0,0.2967,2355.0,4.0,0.8272,0.0022,1.0084,-0.0191,2.5186,90.2562,0.13,91.0,91.0,90.1,up,90.58,2026-09-28T13:23:27,0.143725,90.4500007629394,339.815,2026-09-28 18:44:43,2026-09-28 14:45:04
AAPL,AAPL280121C00290000,AAPL,2028-01-21,C,290.0,82.35,274.0,84.0,310.0,0.29,5434.0,34.0,0.8011,0.0025,1.0979,-0.0224,2.4934,83.22,0.35,85.19,85.19,83.7,no_change,83.7,2026-09-28T13:13:02,0.419918,83.3499984741211,339.815,2026-09-28 18:44:43,2026-09-28 14:45:04
AAPL,AAPL280121C00300000,AAPL,2028-01-21,C,300.0,76.25,53.0,76.95,214.0,0.2878,21640.0,51.0,0.773,0.0027,1.1825,-0.0255,2.4574,76.4837,-0.525,77.6,78.5,76.25,down,76.45,2026-09-28T14:26:04,-0.682043,76.9750022888184,339.815,2026-09-28 18:44:43,2026-09-28 14:45:04
AAPL,AAPL280121C00310000,AAPL,2028-01-21,C,310.0,69.9,61.0,70.5,209.0,0.2846,2439.0,44.0,0.7431,0.0029,1.2626,-0.0283,2.4066,70.0635,-0.475,71.6,71.68,69.75,down,70.15,2026-09-28T14:15:47,-0.672566,70.625,339.815,2026-09-28 18:44:43,2026-09-28 14:45:04
AAPL,AAPL280121C00320000,AAPL,2028-01-21,C,320.0,63.75,40.0,65.0,465.0,0.2834,3889.0,176.0,0.7116,0.0031,1.3346,-0.0308,2.3464,63.9722,1.735,65.5,66.21,63.36,up,66.21,2026-09-28T09:54:40,2.69097,64.4749984741211,339.815,2026-09-28 18:44:43,2026-09-28 14:45:04
AAPL,AAPL280121C00330000,AAPL,2028-01-21,C,330.0,57.5,444.0,58.8,397.0,0.277,3818.0,8.0,0.6787,0.0033,1.3986,-0.0331,2.273,58.2219,-0.65,59.6,59.83,58.05,down,58.05,2026-09-28T13:48:21,-1.10732,58.6999988555908,339.815,2026-09-28 18:44:43,2026-09-28 14:45:04
AAPL,AAPL280121C00340000,AAPL,2028-01-21,C,340.0,52.75,37.0,53.0,55.0,0.2753,3651.0,1093.0,0.6446,0.0035,1.4521,-0.035,2.1926,52.8188,0.03,54.2,54.7,52.35,up,53.08,2026-09-28T14:13:59,0.0565483,53.0500011444092,339.815,2026-09-28 18:44:43,2026-09-28 14:45:04
AAPL,AAPL280121C00350000,AAPL,2028-01-21,C,350.0,47.4,212.0,47.95,19.0,0.2718,8099.0,29.0,0.6098,0.0036,1.495,-0.0365,2.1014,47.7696,-0.375,48.5,49.25,47.35,up,47.85,2026-09-28T13:49:06,-0.777606,48.2250003814697,339.815,2026-09-28 18:44:43,2026-09-28 14:45:04
AAPL,AAPL280121C00360000,AAPL,2028-01-21,C,360.0,42.55,467.0,43.55,251.0,0.2701,3283.0,31.0,0.5746,0.0037,1.526,-0.0376,2.006,43.0731,-0.25,43.32,43.32,43.1,no_change,43.25,2026-09-28T14:11:08,-0.574713,43.5,339.815,2026-09-28 18:44:43,2026-09-28 14:45:04
AAPL,AAPL280121C00370000,AAPL,2028-01-21,C,370.0,38.3,233.0,38.9,33.0,0.2674,1238.0,16.0,0.5392,0.0038,1.5451,-0.0384,1.9027,38.7294,0.0,39.75,39.85,39.15,down,39.15,2026-09-28T12:13:23,-3.89752e-06,39.1500015258789,339.815,2026-09-28 18:44:43,2026-09-28 14:45:04
AAPL,AAPL280121C00380000,AAPL,2028-01-21,C,380.0,34.3,258.0,34.9,49.0,0.2656,4943.0,8.0,0.504,0.0038,1.5524,-0.0388,1.7985,34.7301,0.025,35.94,35.94,34.88,up,35.25,2026-09-28T13:56:07,0.0709712,35.2250003814697,339.815,2026-09-28 18:44:43,2026-09-28 14:45:04
AAPL,AAPL280121C00390000,AAPL,2028-01-21,C,390.0,30.65,210.0,31.25,48.0,0.2641,1540.0,14.0,0.4694,0.0039,1.5478,-0.0388,1.6894,31.0681,-0.8,30.87,30.87,30.65,down,30.65,2026-09-28T11:09:16,-2.54372,31.4499998092651,339.815,2026-09-28 18:44:43,2026-09-28 14:45:04
AAPL,AAPL280121C00400000,AAPL,2028-01-21,C,400.0,27.5,45.0,27.95,173.0,0.2634,4754.0,18.0,0.4355,0.0038,1.5328,-0.0386,1.5826,27.7294,0.3,29.35,29.35,27.74,no_change,28.4,2026-09-28T12:21:16,1.06762,28.0999994277954,339.815,2026-09-28 18:44:43,2026-09-28 14:45:04
AAPL,AAPL280121C00410000,AAPL,2028-01-21,C,410.0,24.2,245.0,24.9,136.0,0.2612,948.0,5.0,0.4027,0.0038,1.5071,-0.038,1.4736,24.6999,0.3,25.25,25.25,25.25,no_change,25.25,2026-09-28T11:33:37,1.20241,24.9499998092651,339.815,2026-09-28 18:44:43,2026-09-28 14:45:04
AAPL,AAPL280121C00420000,AAPL,2028-01-21,C,420.0,21.55,331.0,22.15,153.0,0.2603,3135.0,13.0,0.3712,0.0037,1.4733,-0.0372,1.3694,21.9622,0.12,22.33,22.45,22.32,down,22.32,2026-09-28T12:16:07,0.540541,22.1999998092651,339.815,2026-09-28 18:44:43,2026-09-28 14:45:04
AAPL,AAPL280121C00430000,AAPL,2028-01-21,C,430.0,19.25,118.0,20.0,344.0,0.2611,519.0,12.0,0.3412,0.0036,1.4309,-0.0362,1.2655,19.4969,0.3,19.8,20.0,19.8,up,20.0,2026-09-28T12:50:55,1.52284,19.6999998092651,339.815,2026-09-28 18:44:43,2026-09-28 14:45:04
AAPL,AAPL280121C00440000,AAPL,2028-01-21,C,440.0,16.9,320.0,17.85,288.0,0.2601,1317.0,2.0,0.3127,0.0035,1.3827,-0.035,1.1674,17.2863,0.51,18.11,18.11,18.11,no_change,18.11,2026-09-28T10:15:45,2.89773,17.6000003814697,339.815,2026-09-28 18:44:43,2026-09-28 14:45:04
AAPL,AAPL280121C00450000,AAPL,2028-01-21,C,450.0,15.05,116.0,15.5,344.0,0.2586,7632.0,46.0,0.2859,0.0034,1.3292,-0.0336,1.0728,15.3078,-0.155,15.76,15.76,15.29,no_change,15.37,2026-09-28T13:18:51,-0.998387,15.5249996185303,339.815,2026-09-28 18:44:43,2026-09-28 14:45:04
AAPL,AAPL280121C00460000,AAPL,2028-01-21,C,460.0,13.25,141.0,13.75,253.0,0.258,850.0,0.0,0.2608,0.0032,1.2712,-0.0322,0.9829,13.5445,0.0,0.0,0.0,0.0,up,13.05,2026-09-23T15:29:21,0.0,13.6750001907349,339.815,2026-09-28 18:44:43,2026-09-28 14:45:04
AAPL,AAPL280121C00470000,AAPL,2028-01-21,C,470.0,11.7,178.0,12.4,319.0,0.2586,633.0,0.0,0.2374,0.0031,1.2116,-0.0306,0.8994,11.9744,0.0,0.0,0.0,0.0,no_change,11.6,2026-09-24T10:46:51,0.0,12.2750000953674,339.815,2026-09-28 18:44:43,2026-09-28 14:45:04
AAPL,AAPL280121C00480000,AAPL,2028-01-21,C,480.0,10.25,360.0,10.95,405.0,0.2578,267.0,53.0,0.2157,0.0029,1.1489,-0.029,0.8195,10.5811,-0.05,10.77,11.03,10.7,down,10.7,2026-09-28T12:48:06,-0.465116,10.75,339.815,2026-09-28 18:44:43,2026-09-28 14:45:04
AAPL,AAPL280121C00490000,AAPL,2028-01-21,C,490.0,9.05,297.0,9.5,143.0,0.2568,338.0,0.0,0.1957,0.0028,1.0865,-0.0274,0.7469,9.3465,0.0,0.0,0.0,0.0,down,9.05,2026-09-23T15:29:17,0.0,9.44999980926514,339.815,2026-09-28 18:44:43,2026-09-28 14:45:04
AAPL,AAPL280121C00500000,AAPL,2028-01-21,C,500.0,8.05,59.0,8.6,405.0,0.2581,5082.0,22.0,0.1773,0.0026,1.024,-0.0258,0.6786,8.2533,-0.15,8.7,8.8,8.5,no_change,8.5,2026-09-28T10:28:24,-1.73411,8.65000009536743,339.815,2026-09-28 18:44:43,2026-09-28 14:45:04
AAPL,AAPL280121C00510000,AAPL,2028-01-21,C,510.0,7.2,1.0,7.65,384.0,0.2588,1250.0,1.0,0.1604,0.0024,0.9614,-0.0242,0.6155,7.2886,-0.15,7.3,7.3,7.3,down,7.3,2026-09-28T13:51:12,-2.01342,7.45000004768372,339.815,2026-09-28 18:44:43,2026-09-28 14:45:04
AAPL,AAPL280121C00520000,AAPL,2028-01-21,C,520.0,6.2,298.0,6.9,363.0,0.2587,581.0,2.0,0.145,0.0023,0.9015,-0.0227,0.5586,6.4367,0.055,6.68,6.73,6.68,up,6.73,2026-09-28T10:24:30,0.823971,6.67499995231628,339.815,2026-09-28 18:44:43,2026-09-28 14:45:04
AAPL,AAPL280121C00530000,AAPL,2028-01-21,C,530.0,5.4,399.0,6.05,349.0,0.258,2803.0,0.0,0.131,0.0021,0.8426,-0.0212,0.5052,5.6857,0.0,0.0,0.0,0.0,up,5.7,2026-09-25T12:46:12,0.0,5.85000014305115,339.815,2026-09-28 18:44:43,2026-09-28 14:45:04
AAPL,AAPL280121C00540000,AAPL,2028-01-21,C,540.0,4.7,549.0,5.2,340.0,0.2567,175.0,6.0,0.1183,0.002,0.7856,-0.0197,0.4571,5.0249,0.09,5.29,5.29,5.29,up,5.29,2026-09-28T10:05:04,1.73077,5.20000004768372,339.815,2026-09-28 18:44:43,2026-09-28 14:45:04
AAPL,AAPL280121C00550000,AAPL,2028-01-21,C,550.0,4.15,472.0,4.95,466.0,0.2595,429.0,6.0,0.1067,0.0018,0.7318,-0.0184,0.4135,4.44,-0.08,4.57,4.57,4.57,down,4.57,2026-09-28T10:04:49,-1.72043,4.65000009536743,339.815,2026-09-28 18:44:43,2026-09-28 14:45:04
AAPL,AAPL280121C00560000,AAPL,2028-01-21,C,560.0,3.8,11.0,4.25,294.0,0.2598,98.0,0.0,0.0962,0.0017,0.6802,-0.017,0.3732,3.9284,0.0,0.0,0.0,0.0,up,4.08,2026-09-25T14:25:03,0.0,4.02499985694885,339.815,2026-09-28 18:44:43,2026-09-28 14:45:04
AAPL,AAPL280121C00570000,AAPL,2028-01-21,C,570.0,3.35,64.0,3.75,398.0,0.2598,122.0,16.0,0.0868,0.0016,0.6311,-0.0158,0.3372,3.479,0.05,3.6,3.65,3.6,down,3.6,2026-09-28T11:27:15,1.40845,3.54999995231628,339.815,2026-09-28 18:44:43,2026-09-28 14:45:04
AAPL,AAPL280121C00580000,AAPL,2028-01-21,C,580.0,2.87,422.0,3.25,323.0,0.2586,25.0,0.0,0.0783,0.0014,0.5857,-0.0146,0.305,3.0836,0.0,0.0,0.0,0.0,down,3.1,2026-09-17T11:28:17,0.0,3.17499995231628,339.815,2026-09-28 18:44:43,2026-09-28 14:45:04
AAPL,AAPL280121C00590000,AAPL,2028-01-21,C,590.0,2.64,12.0,3.15,462.0,0.2626,340.0,0.0,0.0707,0.0013,0.5428,-0.0136,0.2753,2.7361,0.0,0.0,0.0,0.0,up,2.78,2026-09-24T10:25:02,0.0,2.79499995708466,339.815,2026-09-28 18:44:43,2026-09-28 14:45:04
AAPL,AAPL280121C00600000,AAPL,2028-01-21,C,600.0,2.38,45.0,2.5,88.0,0.2602,1821.0,38.0,0.0638,0.0012,0.5022,-0.0125,0.2486,2.431,-0.115,2.67,2.67,2.41,up,2.5,2026-09-28T14:11:14,-4.39771,2.61500000953674,339.815,2026-09-28 18:44:43,2026-09-28 14:45:04
AAPL,AAPL280121P00005000,AAPL,2028-01-21,P,5.0,0.0,0.0,0.06,15.0,1.3166,274.0,0.0,0.0,0.0,0.0005,0.0,-0.0002,0.0035,0.0,0.0,0.0,0.0,no_change,0.01,2026-08-26T11:49:14,0.0,0.0299999993294477,339.815,2026-09-28 18:44:43,2026-09-28 14:45:04
AAPL,AAPL280121P00010000,AAPL,2028-01-21,P,10.0,0.0,0.0,0.28,435.0,1.2672,34.0,0.0,-0.0001,0.0,0.0011,-0.0001,-0.0004,0.0074,0.0,0.0,0.0,0.0,up,0.03,2026-06-10T11:17:12,0.0,0.140000000596046,339.815,2026-09-28 18:44:43,2026-09-28 14:45:04
AAPL,AAPL280121P00015000,AAPL,2028-01-21,P,15.0,0.0,0.0,0.28,269.0,1.1072,369.0,0.0,-0.0001,0.0,0.0019,-0.0002,-0.0007,0.0121,0.0,0.0,0.0,0.0,no_change,0.03,2026-06-01T14:22:00,0.0,0.140000000596046,339.815,2026-09-28 18:44:43,2026-09-28 14:45:04
AAPL,AAPL280121P00020000,AAPL,2028-01-21,P,20.0,0.0,0.0,0.28,259.0,0.9982,316.0,0.0,-0.0002,0.0,0.0028,-0.0002,-0.001,0.0175,0.0,0.0,0.0,0.0,up,0.05,2026-06-10T11:01:07,0.0,0.140000000596046,339.815,2026-09-28 18:44:43,2026-09-28 14:45:04
AAPL,AAPL280121P00025000,AAPL,2028-01-21,P,25.0,0.0,0.0,0.29,308.0,0.9196,580.0,0.0,-0.0003,0.0,0.0039,-0.0003,-0.0014,0.0236,0.0,0.0,0.0,0.0,no_change,0.07,2026-05-04T15:15:59,0.0,0.144999995827675,339.815,2026-09-28 18:44:43,2026-09-28 14:45:04
AAPL,AAPL280121P00030000,AAPL,2028-01-21,P,30.0,0.0,0.0,0.29,475.0,0.8534,397.0,0.0,-0.0004,0.0,0.0051,-0.0004,-0.0019,0.0306,0.0,0.0,0.0,0.0,down,0.02,2026-09-10T14:31:49,0.0,0.144999995827675,339.815,2026-09-28 18:44:43,2026-09-28 14:45:04
AAPL,AAPL280121P00035000,AAPL,2028-01-21,P,35.0,0.0,0.0,0.3,272.0,0.8014,75.0,0.0,-0.0005,0.0,0.0065,-0.0004,-0.0024,0.0384,0.0,0.0,0.0,0.0,no_change,0.05,2026-06-17T13:33:59,0.0,0.150000005960464,339.815,2026-09-28 18:44:43,2026-09-28 14:45:04
AAPL,AAPL280121P00040000,AAPL,2028-01-21,P,40.0,0.0,0.0,0.3,245.0,0.7541,86.0,0.0,-0.0006,0.0,0.0081,-0.0005,-0.0031,0.047,0.0,0.0,0.0,0.0,down,0.01,2026-09-09T15:24:05,0.0,0.150000005960464,339.815,2026-09-28 18:44:43,2026-09-28 14:45:04
AAPL,AAPL280121P00045000,AAPL,2028-01-21,P,45.0,0.0,0.0,0.31,278.0,0.7155,13.0,0.0,-0.0007,0.0,0.0099,-0.0006,-0.0037,0.0567,0.0,0.0,0.0,0.0,down,0.1,2026-08-18T12:27:41,0.0,0.155000001192093,339.815,2026-09-28 18:44:43,2026-09-28 14:45:04
AAPL,AAPL280121P00050000,AAPL,2028-01-21,P,50.0,0.04,1.0,0.11,11.0,0.6292,2629.0,0.0,-0.0009,0.0,0.0119,-0.0007,-0.0045,0.0674,0.0,0.0,0.0,0.0,down,0.06,2026-09-14T10:05:30,0.0,0.0749999992549419,339.815,2026-09-28 18:44:43,2026-09-28 14:45:04
AAPL,AAPL280121P00060000,AAPL,2028-01-21,P,60.0,0.0,0.0,0.17,37.0,0.5782,94.0,0.0,-0.0013,0.0,0.0167,-0.0009,-0.0065,0.0922,0.0,0.0,0.0,0.0,up,0.17,2026-08-10T10:12:40,0.0,0.0799999982118606,339.815,2026-09-28 18:44:43,2026-09-28 14:45:04
AAPL,AAPL280121P00070000,AAPL,2028-01-21,P,70.0,0.1,2.0,0.18,12.0,0.557,70.0,0.0,-0.0017,0.0,0.0223,-0.0012,-0.0088,0.1225,0.0,0.0,0.0,0.0,no_change,0.14,2026-09-25T10:27:37,0.0,0.140000004321337,339.815,2026-09-28 18:44:43,2026-09-28 14:45:04
AAPL,AAPL280121P00080000,AAPL,2028-01-21,P,80.0,0.1,6.0,0.24,245.0,0.5235,44.0,0.0,-0.0024,0.0,0.0294,-0.0015,-0.0118,0.1593,0.0,0.0,0.0,0.0,down,0.18,2026-09-10T15:07:42,0.0,0.165000002831221,339.815,2026-09-28 18:44:43,2026-09-28 14:45:04
AAPL,AAPL280121P00090000,AAPL,2028-01-21,P,90.0,0.1,9.0,0.28,279.0,0.4897,119.0,0.0,-0.0031,0.0,0.0379,-0.0018,-0.0155,0.2046,0.0,0.0,0.0,0.0,down,0.2,2026-09-21T13:30:57,0.0,0.194999996572733,339.815,2026-09-28 18:44:43,2026-09-28 14:45:04
AAPL,AAPL280121P00100000,AAPL,2028-01-21,P,100.0,0.2,4.0,0.32,852.0,0.4709,1654.0,0.0,-0.0041,0.0001,0.0482,-0.0022,-0.0201,0.2604,0.0,0.0,0.0,0.0,down,0.21,2026-09-24T14:19:56,0.0,0.259999997913837,339.815,2026-09-28 18:44:43,2026-09-28 14:45:04
AAPL,AAPL280121P00110000,AAPL,2028-01-21,P,110.0,0.23,118.0,0.39,446.0,0.447,441.0,1.0,-0.0053,0.0001,0.0607,-0.0026,-0.026,0.3299,0.045,0.33,0.33,0.33,down,0.33,2026-09-28T12:57:32,15.7895,0.284999996423721,339.815,2026-09-28 18:44:43,2026-09-28 14:45:04
AAPL,AAPL280121P00115000,AAPL,2028-01-21,P,115.0,0.1,833.0,0.5,729.0,0.4293,12.0,0.0,-0.006,0.0001,0.0681,-0.0029,-0.0294,0.371,0.0,0.0,0.0,0.0,down,0.5,2026-09-02T09:59:25,0.0,0.314999990165234,339.815,2026-09-28 18:44:43,2026-09-28 14:45:04
AAPL,AAPL280121P00120000,AAPL,2028-01-21,P,120.0,0.13,847.0,0.47,331.0,0.4141,821.0,0.0,-0.0068,0.0001,0.0759,-0.0032,-0.0332,0.4171,0.0,0.0,0.0,0.0,up,0.47,2026-09-18T09:32:23,0.0,0.305000007152557,339.815,2026-09-28 18:44:43,2026-09-28 14:45:04
AAPL,AAPL280121P00125000,AAPL,2028-01-21,P,125.0,0.19,872.0,0.63,759.0,0.4162,305.0,0.0,-0.0077,0.0001,0.085,-0.0035,-0.0375,0.4688,0.0,0.0,0.0,0.0,down,0.61,2026-09-11T14:36:35,0.0,0.429999984800816,339.815,2026-09-28 18:44:43,2026-09-28 14:45:04
AAPL,AAPL280121P00130000,AAPL,2028-01-21,P,130.0,0.43,64.0,0.56,246.0,0.4122,215.0,0.0,-0.0087,0.0001,0.0947,-0.0038,-0.0426,0.5271,0.0,0.0,0.0,0.0,down,0.51,2026-09-25T09:30:16,0.0,0.480000004172325,339.815,2026-09-28 18:44:43,2026-09-28 14:45:04
AAPL,AAPL280121P00135000,AAPL,2028-01-21,P,135.0,0.48,69.0,0.64,218.0,0.405,2871.0,0.0,-0.0098,0.0002,0.1054,-0.0042,-0.0479,0.5926,0.0,0.0,0.0,0.0,down,0.59,2026-09-25T09:30:16,0.0,0.629999995231628,339.815,2026-09-28 18:44:43,2026-09-28 14:45:04
AAPL,AAPL280121P00140000,AAPL,2028-01-21,P,140.0,0.58,37.0,0.91,870.0,0.408,1569.0,0.0,-0.0111,0.0002,0.117,-0.0046,-0.054,0.6664,0.0,0.0,0.0,0.0,down,0.85,2026-09-15T15:34:19,0.0,0.724999994039536,339.815,2026-09-28 18:44:43,2026-09-28 14:45:04
AAPL,AAPL280121P00145000,AAPL,2028-01-21,P,145.0,0.7,1.0,0.8,14.0,0.3944,495.0,0.0,-0.0126,0.0002,0.13,-0.005,-0.0606,0.7494,0.0,0.0,0.0,0.0,down,0.85,2026-09-21T14:43:22,0.0,0.83500000834465,339.815,2026-09-28 18:44:43,2026-09-28 14:45:04
AAPL,AAPL280121P00150000,AAPL,2028-01-21,P,150.0,0.84,100.0,0.9,53.0,0.3899,1824.0,13.0,-0.0142,0.0002,0.1442,-0.0054,-0.0686,0.8426,0.08,0.91,0.91,0.91,up,0.91,2026-09-28T10:09:28,9.63856,0.8299999833107,339.815,2026-09-28 18:44:43,2026-09-28 14:45:04
AAPL,AAPL280121P00155000,AAPL,2028-01-21,P,155.0,0.89,13.0,1.22,701.0,0.3886,520.0,0.0,-0.016,0.0003,0.1597,-0.0059,-0.0768,0.9481,0.0,0.0,0.0,0.0,down,1.02,2026-09-22T15:50:47,0.0,0.935000002384186,339.815,2026-09-28 18:44:43,2026-09-28 14:45:04
AAPL,AAPL280121P00160000,AAPL,2028-01-21,P,160.0,0.99,10.0,1.34,532.0,0.3818,941.0,1.0,-0.018,0.0003,0.1764,-0.0065,-0.0863,1.0657,-0.09,1.06,1.06,1.06,down,1.06,2026-09-28T09:30:03,-7.82609,1.14999997615814,339.815,2026-09-28 18:44:43,2026-09-28 14:45:04
AAPL,AAPL280121P00165000,AAPL,2028-01-21,P,165.0,1.08,56.0,1.29,12.0,0.3698,456.0,0.0,-0.0202,0.0003,0.1945,-0.0071,-0.0966,1.1981,0.0,0.0,0.0,0.0,down,1.51,2026-09-16T13:38:31,0.0,1.31499999761581,339.815,2026-09-28 18:44:43,2026-09-28 14:45:04
AAPL,AAPL280121P00170000,AAPL,2028-01-21,P,170.0,1.22,189.0,1.43,11.0,0.3643,1274.0,0.0,-0.0226,0.0004,0.2147,-0.0077,-0.1089,1.3461,0.0,0.0,0.0,0.0,up,1.5,2026-09-21T15:38:00,0.0,1.46499997377396,339.815,2026-09-28 18:44:43,2026-09-28 14:45:04
AAPL,AAPL280121P00175000,AAPL,2028-01-21,P,175.0,1.36,342.0,1.7,15.0,0.3611,570.0,0.0,-0.0254,0.0004,0.2362,-0.0084,-0.1212,1.5123,0.0,0.0,0.0,0.0,down,1.61,2026-09-23T09:31:07,0.0,1.54999995231628,339.815,2026-09-28 18:44:43,2026-09-28 14:45:04
AAPL,AAPL280121P00180000,AAPL,2028-01-21,P,180.0,1.56,126.0,2.0,291.0,0.3588,2016.0,0.0,-0.0284,0.0005,0.259,-0.0091,-0.1357,1.698,0.0,0.0,0.0,0.0,no_change,1.9,2026-09-24T15:59:28,0.0,1.74500000476837,339.815,2026-09-28 18:44:43,2026-09-28 14:45:04
AAPL,AAPL280121P00185000,AAPL,2028-01-21,P,185.0,1.78,178.0,2.0,4.0,0.3505,934.0,0.0,-0.0318,0.0005,0.2838,-0.0098,-0.1508,1.9048,0.0,0.0,0.0,0.0,down,1.95,2026-09-25T12:44:36,0.0,1.9549999833107,339.815,2026-09-28 18:44:43,2026-09-28 14:45:04
AAPL,AAPL280121P00190000,AAPL,2028-01-21,P,190.0,1.85,475.0,2.32,15.0,0.3451,1193.0,0.0,-0.0355,0.0006,0.3106,-0.0107,-0.1689,2.1351,0.0,0.0,0.0,0.0,no_change,2.23,2026-09-25T11:56:32,0.0,2.13999998569489,339.815,2026-09-28 18:44:43,2026-09-28 14:45:04
AAPL,AAPL280121P00195000,AAPL,2028-01-21,P,195.0,2.26,345.0,2.48,24.0,0.342,1235.0,3.0,-0.0396,0.0006,0.3395,-0.0115,-0.1873,2.3914,0.05,2.45,2.46,2.45,up,2.46,2026-09-28T14:23:32,2.07469,2.41000008583069,339.815,2026-09-28 18:44:43,2026-09-28 14:45:04
AAPL,AAPL280121P00200000,AAPL,2028-01-21,P,200.0,2.6,84.0,2.76,33.0,0.3388,2851.0,10.0,-0.0441,0.0007,0.3686,-0.0124,-0.2076,2.6762,0.025,2.76,2.76,2.66,up,2.74,2026-09-28T14:23:32,0.920814,2.71499991416931,339.815,2026-09-28 18:44:43,2026-09-28 14:45:04
AAPL,AAPL280121P00210000,AAPL,2028-01-21,P,210.0,3.2,358.0,3.4,64.0,0.3305,2317.0,52.0,-0.0543,0.0009,0.4352,-0.0144,-0.2546,3.339,-0.05,3.4,3.4,3.2,no_change,3.4,2026-09-28T14:24:46,-1.44927,3.44999992847443,339.815,2026-09-28 18:44:43,2026-09-28 14:45:04
AAPL,AAPL280121P00220000,AAPL,2028-01-21,P,220.0,4.05,264.0,4.4,402.0,0.3263,5646.0,516.0,-0.0664,0.001,0.5066,-0.0166,-0.3083,4.1441,-0.025,4.19,4.2,4.09,up,4.2,2026-09-28T14:23:32,-0.591714,4.22499990463257,339.815,2026-09-28 18:44:43,2026-09-28 14:45:04
AAPL,AAPL280121P00230000,AAPL,2028-01-21,P,230.0,4.95,313.0,5.25,73.0,0.3183,4218.0,3.0,-0.0806,0.0012,0.5881,-0.0189,-0.3711,5.1156,0.025,5.0,5.15,5.0,no_change,5.15,2026-09-28T14:23:33,0.487805,5.125,339.815,2026-09-28 18:44:43,2026-09-28 14:45:04
AAPL,AAPL280121P00240000,AAPL,2028-01-21,P,240.0,6.2,129.0,6.4,66.0,0.3133,4521.0,143.0,-0.0969,0.0014,0.6704,-0.0214,-0.4415,6.2746,-0.05,6.2,6.35,6.15,no_change,6.3,2026-09-28T14:19:22,-0.7874,6.34999990463257,339.815,2026-09-28 18:44:43,2026-09-28 14:45:04
AAPL,AAPL280121P00250000,AAPL,2028-01-21,P,250.0,7.5,417.0,7.85,181.0,0.308,11145.0,1.0,-0.1157,0.0017,0.7634,-0.024,-0.5214,7.6506,-0.235,7.49,7.49,7.49,down,7.49,2026-09-28T10:21:57,-3.04207,7.72499990463257,339.815,2026-09-28 18:44:43,2026-09-28 14:45:04
AAPL,AAPL280121P00260000,AAPL,2028-01-21,P,260.0,8.95,340.0,9.6,317.0,0.303,3232.0,0.0,-0.137,0.0019,0.853,-0.0266,-0.6101,9.2613,0.0,0.0,0.0,0.0,down,9.45,2026-09-25T15:39:07,0.0,9.34999990463257,339.815,2026-09-28 18:44:43,2026-09-28 14:45:04
AAPL,AAPL280121P00270000,AAPL,2028-01-21,P,270.0,10.9,391.0,11.35,134.0,0.2982,1941.0,24.0,-0.1609,0.0022,0.9485,-0.0293,-0.7077,11.1455,-0.1,10.9,11.1,10.9,up,11.1,2026-09-28T13:26:24,-0.89286,11.2000002861023,339.815,2026-09-28 18:44:43,2026-09-28 14:45:04
AAPL,AAPL280121P00280000,AAPL,2028-01-21,P,280.0,12.85,330.0,13.5,31.0,0.293,5500.0,0.0,-0.1873,0.0025,1.0425,-0.032,-0.8093,13.3067,0.0,0.0,0.0,0.0,down,14.03,2026-09-24T13:42:00,0.0,13.375,339.815,2026-09-28 18:44:43,2026-09-28 14:45:04
AAPL,AAPL280121P00290000,AAPL,2028-01-21,P,290.0,15.45,411.0,16.05,62.0,0.2899,3861.0,6.0,-0.2165,0.0028,1.1314,-0.0346,-0.9211,15.801,-0.3,15.55,15.55,15.55,down,15.55,2026-09-28T12:22:16,-1.89274,15.8499999046326,339.815,2026-09-28 18:44:43,2026-09-28 14:45:04
AAPL,AAPL280121P00300000,AAPL,2028-01-21,P,300.0,18.45,316.0,19.05,468.0,0.2879,2219.0,13.0,-0.2481,0.0031,1.2189,-0.0372,-1.0345,18.6141,-0.15,18.26,18.5,18.26,up,18.5,2026-09-28T13:04:44,-0.804287,18.6499996185303,339.815,2026-09-28 18:44:43,2026-09-28 14:45:04
AAPL,AAPL280121P00310000,AAPL,2028-01-21,P,310.0,21.35,262.0,22.1,73.0,0.2828,4551.0,0.0,-0.2825,0.0033,1.295,-0.0395,-1.144,21.8108,0.0,0.0,0.0,0.0,down,22.15,2026-09-25T11:57:56,0.0,21.9250001907349,339.815,2026-09-28 18:44:43,2026-09-28 14:45:04
AAPL,AAPL280121P00320000,AAPL,2028-01-21,P,320.0,24.85,278.0,26.15,427.0,0.2814,1819.0,0.0,-0.3189,0.0036,1.3627,-0.0417,-1.261,25.3677,0.0,0.0,0.0,0.0,down,26.55,2026-09-24T10:51:19,0.0,25.2999992370605,339.815,2026-09-28 18:44:43,2026-09-28 14:45:04
AAPL,AAPL280121P00330000,AAPL,2028-01-21,P,330.0,29.05,236.0,30.15,454.0,0.2794,4514.0,14.0,-0.3577,0.0039,1.4172,-0.0436,-1.3677,29.3397,-0.45,28.05,28.8,28.05,up,28.8,2026-09-28T09:44:34,-1.53846,29.25,339.815,2026-09-28 18:44:43,2026-09-28 14:45:04
AAPL,AAPL280121P00340000,AAPL,2028-01-21,P,340.0,33.45,198.0,34.5,353.0,0.2765,841.0,0.0,-0.3987,0.0042,1.4574,-0.0453,-1.4638,33.7326,0.0,0.0,0.0,0.0,no_change,33.83,2026-09-25T13:53:44,0.0,33.8000011444092,339.815,2026-09-28 18:44:43,2026-09-28 14:45:04
AAPL,AAPL280121P00350000,AAPL,2028-01-21,P,350.0,38.3,185.0,39.5,314.0,0.2749,643.0,0.0,-0.4411,0.0044,1.4822,-0.0468,-1.5552,38.5394,0.0,0.0,0.0,0.0,up,40.85,2026-09-25T09:43:43,0.0,38.6749992370606,339.815,2026-09-28 18:44:43,2026-09-28 14:45:04
AAPL,AAPL280121P00360000,AAPL,2028-01-21,P,360.0,43.6,59.0,44.25,269.0,0.2711,356.0,1.0,-0.4852,0.0046,1.4854,-0.0479,-1.6226,43.7937,-0.985,42.69,42.69,42.69,down,42.69,2026-09-28T09:42:57,-2.25529,43.6749992370606,339.815,2026-09-28 18:44:43,2026-09-28 14:45:04
AAPL,AAPL280121P00370000,AAPL,2028-01-21,P,370.0,48.85,208.0,50.0,126.0,0.2678,452.0,6.0,-0.5305,0.0049,1.4736,-0.0488,-1.6757,49.496,-0.865,48.56,48.56,48.56,down,48.56,2026-09-28T09:43:26,-1.75012,49.4249992370606,339.815,2026-09-28 18:44:43,2026-09-28 14:45:04
AAPL,AAPL280121P00380000,AAPL,2028-01-21,P,380.0,55.15,129.0,56.45,272.0,0.2675,438.0,39.0,-0.5768,0.005,1.4338,-0.0494,-1.6966,55.6479,-0.325,54.95,55.1,54.95,up,55.05,2026-09-28T13:12:35,-0.586907,55.375,339.815,2026-09-28 18:44:43,2026-09-28 14:45:04
AAPL,AAPL280121P00390000,AAPL,2028-01-21,P,390.0,61.75,60.0,62.75,129.0,0.2648,329.0,21.0,-0.6238,0.0052,1.3787,-0.0497,-1.686,62.2486,-0.175,60.85,62.15,60.85,no_change,62.05,2026-09-28T14:24:44,-0.281235,62.2249984741211,339.815,2026-09-28 18:44:43,2026-09-28 14:45:04
AAPL,AAPL280121P00400000,AAPL,2028-01-21,P,400.0,68.65,54.0,70.6,441.0,0.266,351.0,38.0,-0.6711,0.0054,1.2938,-0.0496,-1.6392,69.292,0.175,67.8,69.05,67.8,down,69.0,2026-09-28T14:15:37,0.254267,68.8250007629394,339.815,2026-09-28 18:44:43,2026-09-28 14:45:04
AAPL,AAPL280121P00410000,AAPL,2028-01-21,P,410.0,76.2,33.0,78.0,416.0,0.2649,31.0,24.0,-0.7184,0.0055,1.1917,-0.0493,-1.5436,76.7737,-0.7,75.25,76.0,75.25,up,76.0,2026-09-28T13:12:08,-0.912648,76.7000007629394,339.815,2026-09-28 18:44:43,2026-09-28 14:45:04
AAPL,AAPL280121P00420000,AAPL,2028-01-21,P,420.0,84.15,28.0,85.75,296.0,0.2638,3.0,0.0,-0.7659,0.0056,1.0684,-0.0493,-1.3925,84.676,0.0,0.0,0.0,0.0,down,90.79,2026-09-16T11:17:42,0.0,84.2249984741211,339.815,2026-09-28 18:44:43,2026-09-28 14:45:04
AAPL,AAPL280121P00430000,AAPL,2028-01-21,P,430.0,92.35,127.0,93.45,93.0,0.2591,14.0,2.0,-0.8129,0.0057,0.925,-0.0487,-1.2748,92.9965,-1.425,91.15,91.15,91.1,down,91.1,2026-09-28T10:23:43,-1.54013,92.5250015258789,339.815,2026-09-28 18:44:43,2026-09-28 14:45:04
AAPL,AAPL280121P00440000,AAPL,2028-01-21,P,440.0,101.1,177.0,102.05,75.0,0.2575,44.0,20.0,-0.8598,0.0058,0.7659,-0.0472,-0.9222,101.6947,-0.1,100.9,101.4,100.86,down,101.35,2026-09-28T14:18:38,-0.0985677,101.449996948242,339.815,2026-09-28 18:44:43,2026-09-28 14:45:04
AAPL,AAPL280121P00450000,AAPL,2028-01-21,P,450.0,109.95,161.0,111.85,133.0,0.2603,1.0,2.0,-0.9081,0.006,0.5615,-0.0476,-0.7982,110.8232,-0.75,109.95,110.0,109.95,up,110.0,2026-09-28T13:12:22,-0.677201,110.75,339.815,2026-09-28 18:44:43,2026-09-28 14:45:04
AAPL,AAPL280121P00460000,AAPL,2028-01-21,P,460.0,119.85,22.0,121.75,132.0,0.2721,20.0,0.0,-0.9464,0.0055,0.3747,-0.0448,-0.4864,120.2377,0.0,0.0,0.0,0.0,down,120.97,2026-09-21T15:43:38,0.0,119.474998474121,339.815,2026-09-28 18:44:43,2026-09-28 14:45:04
AAPL,AAPL280121P00470000,AAPL,2028-01-21,P,470.0,128.5,123.0,131.95,116.0,0.2709,0.0,0.0,-0.9735,0.0029,0.0,-0.0515,0.0,130.1846,0.0,0.0,0.0,0.0,up,139.6,2026-07-16T10:38:22,0.0,129.974998474121,339.815,2026-09-28 18:44:43,2026-09-28 14:45:04
AAPL,AAPL280121P00480000,AAPL,2028-01-21,P,480.0,138.5,81.0,141.95,82.0,0.2834,0.0,0.0,-0.9935,0.0007,0.0,-0.0515,0.0,140.1846,0.0,0.0,0.0,0.0,no_change,0.0,,0.0,139.674995422363,339.815,2026-09-28 18:44:43,2026-09-28 14:45:04
AAPL,AAPL280121P00490000,AAPL,2028-01-21,P,490.0,148.5,97.0,151.95,95.0,0.2956,0.0,0.0,-1.0,0.0,0.0,-0.0515,0.0,150.1846,0.0,0.0,0.0,0.0,no_change,0.0,,0.0,149.574996948242,339.815,2026-09-28 18:44:43,2026-09-28 14:45:04
AAPL,AAPL280121P00500000,AAPL,2028-01-21,P,500.0,158.5,97.0,161.55,81.0,0.0,0.0,0.0,-1.0,0.0,0.0,-0.0515,0.0,160.1846,0.0,0.0,0.0,0.0,up,167.23,2026-09-11T14:27:55,0.0,159.724998474121,339.815,2026-09-28 18:44:43,2026-09-28 14:45:04
AAPL,AAPL280121P00510000,AAPL,2028-01-21,P,510.0,168.5,86.0,171.95,96.0,0.319,0.0,0.0,-1.0,0.0,0.0,-0.0515,0.0,170.1846,0.0,0.0,0.0,0.0,no_change,0.0,,0.0,169.574996948242,339.815,2026-09-28 18:44:43,2026-09-28 14:45:04
AAPL,AAPL280121P00520000,AAPL,2028-01-21,P,520.0,178.5,84.0,181.75,81.0,0.0,0.0,0.0,-1.0,0.0,0.0,-0.0515,0.0,180.1846,0.0,0.0,0.0,0.0,no_change,0.0,,0.0,179.574996948242,339.815,2026-09-28 18:44:43,2026-09-28 14:45:04
AAPL,AAPL280121P00530000,AAPL,2028-01-21,P,530.0,188.5,84.0,191.95,84.0,0.3412,0.0,0.0,-1.0,0.0,0.0,-0.0515,0.0,190.1846,0.0,0.0,0.0,0.0,up,253.67,2025-11-25T09:30:10,0.0,189.574996948242,339.815,2026-09-28 18:44:43,2026-09-28 14:45:04
AAPL,AAPL280121P00540000,AAPL,2028-01-21,P,540.0,198.5,89.0,201.75,11.0,0.0,0.0,0.0,-1.0,0.0,0.0,-0.0515,0.0,200.1846,0.0,0.0,0.0,0.0,no_change,0.0,,0.0,199.574996948242,339.815,2026-09-28 18:44:43,2026-09-28 14:45:04
AAPL,AAPL280121P00550000,AAPL,2028-01-21,P,550.0,208.5,89.0,211.8,11.0,0.0,0.0,0.0,-1.0,0.0,0.0,-0.0515,0.0,210.1846,0.0,0.0,0.0,0.0,no_change,0.0,,0.0,209.574996948242,339.815,2026-09-28 18:44:43,2026-09-28 14:45:04
AAPL,AAPL280121P00560000,AAPL,2028-01-21,P,560.0,218.5,9.0,221.8,10.0,0.0,0.0,0.0,-1.0,0.0,0.0,-0.0515,0.0,220.1846,0.0,0.0,0.0,0.0,no_change,0.0,,0.0,219.574996948242,339.815,2026-09-28 18:44:43,2026-09-28 14:45:04
AAPL,AAPL280121P00570000,AAPL,2028-01-21,P,570.0,228.5,9.0,231.95,11.0,0.3827,0.0,0.0,-1.0,0.0,0.0,-0.0515,0.0,230.1846,0.0,0.0,0.0,0.0,no_change,0.0,,0.0,229.574996948242,339.815,2026-09-28 18:44:43,2026-09-28 14:45:04
AAPL,AAPL280121P00580000,AAPL,2028-01-21,P,580.0,238.5,10.0,241.95,10.0,0.3925,0.0,0.0,-1.0,0.0,0.0,-0.0515,0.0,240.1846,0.0,0.0,0.0,0.0,no_change,0.0,,0.0,239.574996948242,339.815,2026-09-28 18:44:43,2026-09-28 14:45:04
AAPL,AAPL280121P00590000,AAPL,2028-01-21,P,590.0,248.5,12.0,251.95,12.0,0.4022,5.0,0.0,-1.0,0.0,0.0,-0.0515,0.0,250.1846,0.0,0.0,0.0,0.0,down,250.37,2026-07-28T14:00:38,0.0,249.574996948242,339.815,2026-09-28 18:44:43,2026-09-28 14:45:04
AAPL,AAPL280121P00600000,AAPL,2028-01-21,P,600.0,258.5,12.0,261.95,12.0,0.4116,0.0,0.0,-1.0,0.0,0.0,-0.0515,0.0,260.1846,0.0,0.0,0.0,0.0,up,264.41,2026-07-27T09:42:03,0.0,259.575012207031,339.815,2026-09-28 18:44:43,2026-09-28 14:45:04
AAPL,AAPL280317C00100000,AAPL,2028-03-17,C,100.0,244.5,99.0,248.45,102.0,0.4217,798.0,2.0,0.9979,0.0001,0.0551,0.0,1.3493,246.6195,0.75,247.7,247.75,247.7,up,247.75,2026-09-28T11:57:35,0.303644,247.0,339.815,2026-09-28 18:44:43,2026-09-28 14:45:04
AAPL,AAPL280317C00105000,AAPL,2028-03-17,C,105.0,239.8,10.0,244.5,83.0,0.4661,23.0,0.0,0.9972,0.0001,0.0622,0.0,1.4137,242.0241,0.0,0.0,0.0,0.0,down,231.1,2026-09-15T11:48:01,0.0,242.675003051758,339.815,2026-09-28 18:44:43,2026-09-28 14:45:04
AAPL,AAPL280317C00110000,AAPL,2028-03-17,C,110.0,235.0,83.0,239.5,10.0,0.402,44.0,0.0,0.9965,0.0001,0.0699,0.0,1.4778,237.4405,0.0,0.0,0.0,0.0,up,235.5,2026-09-21T12:17:13,0.0,238.0,339.815,2026-09-28 18:44:43,2026-09-28 14:45:04
AAPL,AAPL280317C00115000,AAPL,2028-03-17,C,115.0,230.5,76.0,235.0,10.0,0.4134,18.0,0.0,0.9957,0.0001,0.0784,0.0,1.5414,232.8587,0.0,0.0,0.0,0.0,down,231.0,2026-09-21T13:01:19,0.0,233.449996948242,339.815,2026-09-28 18:44:43,2026-09-28 14:45:04
AAPL,AAPL280317C00120000,AAPL,2028-03-17,C,120.0,226.0,81.0,230.5,80.0,0.4179,35.0,0.0,0.9948,0.0001,0.0879,0.0,1.6042,228.2799,0.0,0.0,0.0,0.0,down,203.75,2026-09-08T12:22:29,0.0,228.949996948242,339.815,2026-09-28 18:44:43,2026-09-28 14:45:04
AAPL,AAPL280317C00125000,AAPL,2028-03-17,C,125.0,221.5,79.0,226.0,78.0,0.4181,22.0,0.0,0.9938,0.0001,0.0982,0.0,1.6665,223.7111,0.0,0.0,0.0,0.0,up,227.95,2026-09-22T09:33:32,0.0,224.349998474121,339.815,2026-09-28 18:44:43,2026-09-28 14:45:04
AAPL,AAPL280317C00130000,AAPL,2028-03-17,C,130.0,217.0,84.0,221.5,86.0,0.416,75.0,0.0,0.9926,0.0001,0.1095,0.0,1.728,219.15,0.0,0.0,0.0,0.0,up,190.95,2026-09-09T13:42:02,0.0,219.949996948242,339.815,2026-09-28 18:44:43,2026-09-28 14:45:04
AAPL,AAPL280317C00135000,AAPL,2028-03-17,C,135.0,212.5,103.0,217.0,105.0,0.4124,191.0,0.0,0.9914,0.0002,0.1218,0.0,1.7889,214.5974,0.0,0.0,0.0,0.0,up,189.95,2026-09-08T12:11:40,0.0,215.174995422363,339.815,2026-09-28 18:44:43,2026-09-28 14:45:04
AAPL,AAPL280317C00140000,AAPL,2028-03-17,C,140.0,208.0,80.0,212.5,87.0,0.4078,51.0,0.0,0.99,0.0002,0.1354,0.0,1.8489,210.0542,0.0,0.0,0.0,0.0,up,208.11,2026-09-18T09:30:01,0.0,210.599998474121,339.815,2026-09-28 18:44:43,2026-09-28 14:45:04
AAPL,AAPL280317C00145000,AAPL,2028-03-17,C,145.0,203.0,208.0,208.0,91.0,0.3859,127.0,0.0,0.9884,0.0002,0.1502,0.0,1.9078,205.5216,0.0,0.0,0.0,0.0,no_change,181.05,2026-09-08T12:26:33,0.0,206.0,339.815,2026-09-28 18:44:43,2026-09-28 14:45:04
AAPL,AAPL280317C00150000,AAPL,2028-03-17,C,150.0,199.0,101.0,203.5,180.0,0.3963,246.0,0.0,0.9866,0.0002,0.1661,0.0,1.9656,201.0008,0.0,0.0,0.0,0.0,up,201.16,2026-09-25T15:21:49,0.0,201.5,339.815,2026-09-28 18:44:43,2026-09-28 14:45:04
AAPL,AAPL280317C00155000,AAPL,2028-03-17,C,155.0,194.25,52.0,199.0,84.0,0.3834,27.0,0.0,0.9847,0.0003,0.1833,0.0,2.0226,196.493,0.0,0.0,0.0,0.0,up,190.65,2026-09-14T14:13:12,0.0,197.0,339.815,2026-09-28 18:44:43,2026-09-28 14:45:04
AAPL,AAPL280317C00160000,AAPL,2028-03-17,C,160.0,189.5,211.0,194.5,100.0,0.3709,175.0,0.0,0.9825,0.0003,0.2022,0.0,2.0782,191.9993,0.0,0.0,0.0,0.0,up,186.15,2026-09-14T14:13:12,0.0,192.75,339.815,2026-09-28 18:44:43,2026-09-28 14:45:04
AAPL,AAPL280317C00165000,AAPL,2028-03-17,C,165.0,185.5,47.0,190.0,274.0,0.3761,1204.0,0.0,0.9802,0.0004,0.2226,0.0,2.1322,187.5214,0.0,0.0,0.0,0.0,down,183.8,2026-09-23T15:27:54,0.0,187.849998474121,339.815,2026-09-28 18:44:43,2026-09-28 14:45:04
AAPL,AAPL280317C00170000,AAPL,2028-03-17,C,170.0,181.25,167.0,185.5,181.0,0.3738,26.0,0.0,0.9775,0.0004,0.2443,0.0,2.1849,183.0609,0.0,0.0,0.0,0.0,down,177.7,2026-09-14T13:48:41,0.0,183.474998474121,339.815,2026-09-28 18:44:43,2026-09-28 14:45:04
AAPL,AAPL280317C00175000,AAPL,2028-03-17,C,175.0,177.3,27.0,180.9,186.0,0.374,98.0,0.0,0.9746,0.0004,0.2674,0.0,2.2362,178.6193,0.0,0.0,0.0,0.0,up,173.2,2026-09-14T14:30:18,0.0,178.974998474121,339.815,2026-09-28 18:44:43,2026-09-28 14:45:04
AAPL,AAPL280317C00180000,AAPL,2028-03-17,C,180.0,172.5,175.0,176.5,182.0,0.3625,39.0,0.0,0.9715,0.0005,0.2924,0.0,2.2858,174.198,0.0,0.0,0.0,0.0,up,167.45,2026-09-16T12:06:58,0.0,174.5,339.815,2026-09-28 18:44:43,2026-09-28 14:45:04
AAPL,AAPL280317C00185000,AAPL,2028-03-17,C,185.0,168.0,143.0,172.0,145.0,0.3544,8.0,16.0,0.968,0.0005,0.3193,0.0,2.3332,169.7993,1.54,171.69,171.79,171.69,up,171.79,2026-09-28T10:19:47,0.904552,170.25,339.815,2026-09-28 18:44:43,2026-09-28 14:45:04
AAPL,AAPL280317C00190000,AAPL,2028-03-17,C,190.0,164.4,68.0,166.35,189.0,0.3426,505.0,2.0,0.9642,0.0006,0.3475,0.0,2.3787,165.4252,2.325,167.8,168.1,167.8,up,168.1,2026-09-28T09:53:13,1.4025,165.775001525879,339.815,2026-09-28 18:44:43,2026-09-28 14:45:04
AAPL,AAPL280317C00195000,AAPL,2028-03-17,C,195.0,159.35,172.0,162.0,48.0,0.3288,57.0,0.0,0.9601,0.0006,0.3771,0.0,2.4225,161.0775,0.0,0.0,0.0,0.0,up,152.3,2026-09-15T09:57:08,0.0,161.300003051758,339.815,2026-09-28 18:44:43,2026-09-28 14:45:04
AAPL,AAPL280317C00200000,AAPL,2028-03-17,C,200.0,155.8,49.0,157.95,149.0,0.3396,193.0,50.0,0.9556,0.0007,0.4087,0.0,2.4641,156.7579,1.38,158.76,158.76,158.68,down,158.68,2026-09-28T10:18:42,0.877303,157.300003051758,339.815,2026-09-28 18:44:43,2026-09-28 14:45:04
AAPL,AAPL280317C00210000,AAPL,2028-03-17,C,210.0,146.95,263.0,149.1,68.0,0.3258,131.0,50.0,0.9456,0.0008,0.477,0.0,2.5393,148.2137,1.445,150.15,150.22,150.15,up,150.22,2026-09-28T10:19:03,0.971264,148.775001525879,339.815,2026-09-28 18:44:43,2026-09-28 14:45:04
AAPL,AAPL280317C00220000,AAPL,2028-03-17,C,220.0,139.15,59.0,140.7,85.0,0.3258,282.0,0.0,0.9338,0.001,0.551,0.0,2.6053,139.8103,0.0,0.0,0.0,0.0,up,136.77,2026-09-25T10:33:13,0.0,140.450004577637,339.815,2026-09-28 18:44:43,2026-09-28 14:45:04
AAPL,AAPL280317C00230000,AAPL,2028-03-17,C,230.0,130.7,52.0,132.25,115.0,0.3165,585.0,2.0,0.9203,0.0012,0.6311,-0.0014,2.6589,131.5678,0.885,133.43,133.43,133.31,down,133.31,2026-09-28T10:18:07,0.668301,132.425003051758,339.815,2026-09-28 18:44:43,2026-09-28 14:45:04
AAPL,AAPL280317C00240000,AAPL,2028-03-17,C,240.0,122.5,145.0,124.2,122.0,0.3106,482.0,0.0,0.905,0.0013,0.7154,-0.0046,2.7018,123.5052,0.0,0.0,0.0,0.0,down,123.72,2026-09-25T15:03:46,0.0,123.849998474121,339.815,2026-09-28 18:44:43,2026-09-28 14:45:04
AAPL,AAPL280317C00250000,AAPL,2028-03-17,C,250.0,115.0,35.0,117.8,415.0,0.3174,650.0,0.0,0.8877,0.0015,0.8039,-0.0078,2.7308,115.6436,0.0,0.0,0.0,0.0,no_change,114.05,2026-09-24T12:30:31,0.0,115.950000762939,339.815,2026-09-28 18:44:43,2026-09-28 14:45:04
AAPL,AAPL280317C00260000,AAPL,2028-03-17,C,260.0,106.1,358.0,109.9,368.0,0.3035,713.0,0.0,0.8685,0.0017,0.8943,-0.0111,2.7481,108.0017,0.0,0.0,0.0,0.0,no_change,108.46,2026-09-25T15:44:15,0.0,107.849998474121,339.815,2026-09-28 18:44:43,2026-09-28 14:45:04
AAPL,AAPL280317C00270000,AAPL,2028-03-17,C,270.0,99.9,35.0,101.4,157.0,0.2999,713.0,0.0,0.8473,0.0019,0.9862,-0.0143,2.7504,100.6002,0.0,0.0,0.0,0.0,down,100.2,2026-09-25T12:37:02,0.0,101.099998474121,339.815,2026-09-28 18:44:43,2026-09-28 14:45:04
AAPL,AAPL280317C00280000,AAPL,2028-03-17,C,280.0,92.65,214.0,94.1,218.0,0.2948,1170.0,3.0,0.8242,0.0022,1.077,-0.0175,2.741,93.4553,0.015,93.4,93.64,93.4,up,93.64,2026-09-28T13:08:27,0.0160214,93.625,339.815,2026-09-28 18:44:43,2026-09-28 14:45:04
AAPL,AAPL280317C00290000,AAPL,2028-03-17,C,290.0,85.7,216.0,88.85,565.0,0.298,676.0,2.0,0.7992,0.0024,1.166,-0.0205,2.7165,86.5859,1.715,88.03,88.14,88.03,up,88.14,2026-09-28T09:45:47,1.98438,86.4250030517578,339.815,2026-09-28 18:44:43,2026-09-28 14:45:04
AAPL,AAPL280317C00300000,AAPL,2028-03-17,C,300.0,79.35,257.0,80.9,357.0,0.2898,2162.0,7.0,0.7726,0.0026,1.2505,-0.0233,2.681,80.0046,1.435,80.95,81.71,80.95,up,81.71,2026-09-28T10:04:35,1.7876,80.2750015258789,339.815,2026-09-28 18:44:43,2026-09-28 14:45:04
AAPL,AAPL280317C00310000,AAPL,2028-03-17,C,310.0,73.45,53.0,74.4,328.0,0.2873,838.0,3.0,0.7443,0.0028,1.3303,-0.026,2.631,73.7262,-0.465,74.95,74.95,73.9,up,73.91,2026-09-28T14:15:17,-0.62521,74.375,339.815,2026-09-28 18:44:43,2026-09-28 14:45:04
AAPL,AAPL280317C00320000,AAPL,2028-03-17,C,320.0,67.5,81.0,68.45,368.0,0.2846,820.0,7.0,0.7147,0.0029,1.4024,-0.0283,2.5717,67.7487,1.7,69.65,69.65,69.25,down,69.25,2026-09-28T10:04:49,2.51666,67.5499992370606,339.815,2026-09-28 18:44:43,2026-09-28 14:45:04
AAPL,AAPL280317C00330000,AAPL,2028-03-17,C,330.0,61.6,231.0,63.15,401.0,0.2823,721.0,20.0,0.684,0.0031,1.467,-0.0305,2.4995,62.1027,0.305,63.55,63.55,62.97,no_change,62.98,2026-09-28T13:15:19,0.486639,62.6749992370606,339.815,2026-09-28 18:44:43,2026-09-28 14:45:04
AAPL,AAPL280317C00340000,AAPL,2028-03-17,C,340.0,56.45,80.0,57.4,291.0,0.279,1096.0,4.0,0.6523,0.0032,1.5217,-0.0323,2.4208,56.7806,0.325,57.64,57.65,57.64,no_change,57.65,2026-09-28T13:15:19,0.566942,57.3250007629394,339.815,2026-09-28 18:44:43,2026-09-28 14:45:04
AAPL,AAPL280317C00350000,AAPL,2028-03-17,C,350.0,51.5,143.0,52.2,121.0,0.2763,4328.0,3.0,0.62,0.0034,1.5668,-0.0338,2.3308,51.7859,0.99,53.2,53.2,53.14,down,53.14,2026-09-28T09:50:53,1.89837,52.1500015258789,339.815,2026-09-28 18:44:43,2026-09-28 14:45:04
AAPL,AAPL280317C00360000,AAPL,2028-03-17,C,360.0,46.05,443.0,48.7,549.0,0.2755,764.0,9.0,0.5873,0.0035,1.6009,-0.035,2.2373,47.1171,0.05,48.41,48.41,47.0,down,47.0,2026-09-28T11:00:55,0.106495,46.9500007629394,339.815,2026-09-28 18:44:43,2026-09-28 14:45:04
AAPL,AAPL280317C00370000,AAPL,2028-03-17,C,370.0,42.45,49.0,43.25,209.0,0.2726,748.0,7.0,0.5546,0.0035,1.6243,-0.0359,2.1353,42.7707,0.91,42.61,43.76,42.61,up,43.76,2026-09-28T12:21:41,2.12369,42.8500003814697,339.815,2026-09-28 18:44:43,2026-09-28 14:45:04
AAPL,AAPL280317C00380000,AAPL,2028-03-17,C,380.0,38.4,65.0,39.3,480.0,0.2711,641.0,1.0,0.5219,0.0036,1.6369,-0.0365,2.0322,38.7416,0.515,39.29,39.29,39.29,up,39.29,2026-09-28T12:56:18,1.32817,38.7750015258789,339.815,2026-09-28 18:44:43,2026-09-28 14:45:04
AAPL,AAPL280317C00390000,AAPL,2028-03-17,C,390.0,34.7,37.0,35.4,89.0,0.269,298.0,4.0,0.4897,0.0036,1.6386,-0.0367,1.9244,35.0261,1.025,36.15,36.15,36.15,up,36.15,2026-09-28T09:30:15,2.91815,35.125,339.815,2026-09-28 18:44:43,2026-09-28 14:45:04
AAPL,AAPL280317C00400000,AAPL,2028-03-17,C,400.0,30.55,474.0,32.55,500.0,0.2672,948.0,3.0,0.4579,0.0036,1.6303,-0.0367,1.8163,31.596,0.385,32.07,32.46,32.07,no_change,32.46,2026-09-28T09:38:10,1.20032,32.0749988555908,339.815,2026-09-28 18:44:43,2026-09-28 14:45:04
AAPL,AAPL280317C00410000,AAPL,2028-03-17,C,410.0,28.05,341.0,28.85,116.0,0.2662,1123.0,8.0,0.4271,0.0036,1.6125,-0.0365,1.7081,28.4559,-0.245,29.35,29.35,28.23,down,28.23,2026-09-28T13:51:05,-0.860402,28.4749994277954,339.815,2026-09-28 18:44:43,2026-09-28 14:45:04
AAPL,AAPL280317C00420000,AAPL,2028-03-17,C,420.0,25.2,86.0,26.7,607.0,0.2675,682.0,0.0,0.3972,0.0035,1.5857,-0.036,1.5997,25.5888,0.0,0.0,0.0,0.0,down,26.7,2026-09-22T12:25:29,0.0,25.8999996185303,339.815,2026-09-28 18:44:43,2026-09-28 14:45:04
AAPL,AAPL280317C00430000,AAPL,2028-03-17,C,430.0,22.45,184.0,24.1,595.0,0.2662,493.0,0.0,0.3685,0.0035,1.552,-0.0352,1.4956,22.9767,0.0,0.0,0.0,0.0,down,22.25,2026-09-23T13:16:55,0.0,23.0500001907349,339.815,2026-09-28 18:44:43,2026-09-28 14:45:04
AAPL,AAPL280317C00440000,AAPL,2028-03-17,C,440.0,20.2,93.0,21.7,516.0,0.2657,352.0,0.0,0.341,0.0034,1.5104,-0.0344,1.3914,20.6055,0.0,0.0,0.0,0.0,down,21.63,2026-09-22T13:27:04,0.0,20.75,339.815,2026-09-28 18:44:43,2026-09-28 14:45:04
AAPL,AAPL280317C00450000,AAPL,2028-03-17,C,450.0,17.9,219.0,19.55,545.0,0.2644,792.0,0.0,0.3149,0.0033,1.4642,-0.0333,1.2933,18.4592,0.0,0.0,0.0,0.0,up,17.68,2026-09-23T12:27:37,0.0,18.4750003814697,339.815,2026-09-28 18:44:43,2026-09-28 14:45:04
AAPL,AAPL280317C00460000,AAPL,2028-03-17,C,460.0,15.95,218.0,17.35,571.0,0.2629,140.0,0.0,0.2902,0.0032,1.413,-0.0322,1.1978,16.5197,0.0,0.0,0.0,0.0,down,15.9,2026-09-23T15:59:55,0.0,16.6499996185303,339.815,2026-09-28 18:44:43,2026-09-28 14:45:04
AAPL,AAPL280317C00470000,AAPL,2028-03-17,C,470.0,14.25,80.0,15.1,93.0,0.2607,237.0,0.0,0.2669,0.0031,1.3576,-0.0309,1.1064,14.7739,0.0,0.0,0.0,0.0,down,13.5,2026-09-17T09:48:40,0.0,14.9500002861023,339.815,2026-09-28 18:44:43,2026-09-28 14:45:04
AAPL,AAPL280317C00480000,AAPL,2028-03-17,C,480.0,12.6,17.0,13.7,16.0,0.2606,67.0,0.0,0.245,0.0029,1.3009,-0.0296,1.0216,13.2035,0.0,0.0,0.0,0.0,up,13.1,2026-09-21T15:08:09,0.0,13.4500002861023,339.815,2026-09-28 18:44:43,2026-09-28 14:45:04
AAPL,AAPL280317C00490000,AAPL,2028-03-17,C,490.0,11.3,281.0,12.45,578.0,0.2613,96.0,0.0,0.2247,0.0028,1.2412,-0.0282,0.9394,11.7958,0.0,0.0,0.0,0.0,down,11.15,2026-09-17T11:59:29,0.0,12.0250000953674,339.815,2026-09-28 18:44:43,2026-09-28 14:45:04
AAPL,AAPL280317C00500000,AAPL,2028-03-17,C,500.0,10.05,311.0,11.1,358.0,0.2607,406.0,16.0,0.2057,0.0026,1.1807,-0.0269,0.8636,10.5345,0.275,10.86,11.05,10.86,up,11.05,2026-09-28T10:19:47,2.5522,10.7750000953674,339.815,2026-09-28 18:44:43,2026-09-28 14:45:04
AAPL,AAPL280317C00510000,AAPL,2028-03-17,C,510.0,9.0,401.0,9.75,398.0,0.2599,268.0,50.0,0.1881,0.0025,1.1209,-0.0255,0.793,9.4054,0.295,9.71,9.87,9.71,up,9.87,2026-09-28T10:19:03,3.08094,9.5750002861023,339.815,2026-09-28 18:44:43,2026-09-28 14:45:04
AAPL,AAPL280317C00520000,AAPL,2028-03-17,C,520.0,8.0,363.0,9.05,457.0,0.2613,169.0,1.0,0.1719,0.0024,1.0602,-0.0241,0.7258,8.3975,-0.1,8.5,8.5,8.5,down,8.5,2026-09-28T11:51:04,-1.16279,8.59999990463257,339.815,2026-09-28 18:44:43,2026-09-28 14:45:04
AAPL,AAPL280317C00530000,AAPL,2028-03-17,C,530.0,7.2,118.0,7.95,425.0,0.2608,220.0,52.0,0.1569,0.0022,1.001,-0.0227,0.6649,7.5,0.145,7.69,7.97,7.69,up,7.97,2026-09-28T10:18:42,1.85304,7.82499980926514,339.815,2026-09-28 18:44:43,2026-09-28 14:45:04
AAPL,AAPL280317C00540000,AAPL,2028-03-17,C,540.0,6.35,395.0,7.4,464.0,0.2619,102.0,0.0,0.1431,0.0021,0.9438,-0.0214,0.6085,6.6982,0.0,0.0,0.0,0.0,up,6.75,2026-09-14T11:29:02,0.0,6.79999995231628,339.815,2026-09-28 18:44:43,2026-09-28 14:45:04
AAPL,AAPL280317C00550000,AAPL,2028-03-17,C,550.0,5.7,367.0,6.1,62.0,0.2591,1564.0,1.0,0.1305,0.002,0.8871,-0.0201,0.5553,5.9848,-0.1,6.0,6.0,6.0,down,6.0,2026-09-28T11:40:17,-1.63934,6.09999990463257,339.815,2026-09-28 18:44:43,2026-09-28 14:45:04
AAPL,AAPL280317C00560000,AAPL,2028-03-17,C,560.0,5.1,281.0,5.5,16.0,0.2596,149.0,2.0,0.1189,0.0018,0.8325,-0.0188,0.5073,5.3488,0.005,5.31,5.48,5.31,up,5.48,2026-09-28T12:21:41,0.0913216,5.47500014305115,339.815,2026-09-28 18:44:43,2026-09-28 14:45:04
AAPL,AAPL280317C00570000,AAPL,2028-03-17,C,570.0,4.55,249.0,5.25,451.0,0.2619,34.0,0.0,0.1084,0.0017,0.7813,-0.0176,0.4638,4.7856,0.0,0.0,0.0,0.0,down,5.0,2026-09-16T09:30:00,0.0,4.82500004768372,339.815,2026-09-28 18:44:43,2026-09-28 14:45:04
AAPL,AAPL280317C00580000,AAPL,2028-03-17,C,580.0,4.0,351.0,4.45,209.0,0.2598,186.0,0.0,0.0988,0.0016,0.7315,-0.0165,0.4228,4.2837,0.0,0.0,0.0,0.0,no_change,4.25,2026-09-24T10:18:14,0.0,4.32500004768372,339.815,2026-09-28 18:44:43,2026-09-28 14:45:04
AAPL,AAPL280317C00590000,AAPL,2028-03-17,C,590.0,3.6,314.0,4.2,428.0,0.2619,213.0,2.0,0.09,0.0015,0.6838,-0.0154,0.3857,3.8381,0.245,3.85,4.12,3.85,up,4.12,2026-09-28T09:53:13,6.32258,3.87499988079071,339.815,2026-09-28 18:44:43,2026-09-28 14:45:04
AAPL,AAPL280317C00600000,AAPL,2028-03-17,C,600.0,3.3,88.0,3.6,197.0,0.2614,638.0,2.0,0.082,0.0014,0.6395,-0.0144,0.3526,3.4419,0.225,3.69,3.85,3.69,up,3.85,2026-09-28T09:45:47,6.2069,3.625,339.815,2026-09-28 18:44:43,2026-09-28 14:45:04
AAPL,AAPL280317P00100000,AAPL,2028-03-17,P,100.0,0.16,40.0,0.44,670.0,0.4562,681.0,0.0,-0.0045,0.0001,0.0559,-0.0022,-0.0252,0.3003,0.0,0.0,0.0,0.0,down,0.24,2026-09-24T14:45:14,0.0,0.309999991208315,339.815,2026-09-28 18:44:43,2026-09-28 14:45:04
AAPL,AAPL280317P00105000,AAPL,2028-03-17,P,105.0,0.1,586.0,0.55,694.0,0.4442,123.0,0.0,-0.0052,0.0001,0.0631,-0.0024,-0.0287,0.341,0.0,0.0,0.0,0.0,no_change,0.45,2026-08-28T14:05:25,0.0,0.334999997168779,339.815,2026-09-28 18:44:43,2026-09-28 14:45:04
AAPL,AAPL280317P00110000,AAPL,2028-03-17,P,110.0,0.18,335.0,0.5,289.0,0.4307,18.0,0.0,-0.0059,0.0001,0.0709,-0.0027,-0.0326,0.3865,0.0,0.0,0.0,0.0,up,0.48,2026-09-10T10:16:16,0.0,0.33500000089407,339.815,2026-09-28 18:44:43,2026-09-28 14:45:04
AAPL,AAPL280317P00115000,AAPL,2028-03-17,P,115.0,0.11,675.0,0.67,603.0,0.423,431.0,0.0,-0.0067,0.0001,0.0798,-0.003,-0.0371,0.4376,0.0,0.0,0.0,0.0,no_change,0.82,2026-08-20T14:59:42,0.0,0.41499999165535,339.815,2026-09-28 18:44:43,2026-09-28 14:45:04
AAPL,AAPL280317P00120000,AAPL,2028-03-17,P,120.0,0.18,557.0,0.74,577.0,0.4173,132.0,0.0,-0.0077,0.0001,0.0895,-0.0032,-0.0422,0.4949,0.0,0.0,0.0,0.0,down,0.5,2026-09-18T09:32:12,0.0,0.489999987185001,339.815,2026-09-28 18:44:43,2026-09-28 14:45:04
AAPL,AAPL280317P00125000,AAPL,2028-03-17,P,125.0,0.44,16.0,0.6,16.0,0.4097,17.0,0.0,-0.0087,0.0001,0.0999,-0.0036,-0.0478,0.5594,0.0,0.0,0.0,0.0,down,0.55,2026-09-23T09:32:31,0.0,0.509999990463257,339.815,2026-09-28 18:44:43,2026-09-28 14:45:04
AAPL,AAPL280317P00130000,AAPL,2028-03-17,P,130.0,0.49,129.0,0.88,545.0,0.4117,119.0,0.0,-0.0099,0.0002,0.1114,-0.0039,-0.0542,0.6317,0.0,0.0,0.0,0.0,down,0.61,2026-09-23T14:41:33,0.0,0.594999998807907,339.815,2026-09-28 18:44:43,2026-09-28 14:45:04
AAPL,AAPL280317P00135000,AAPL,2028-03-17,P,135.0,0.54,200.0,0.96,514.0,0.4031,128.0,0.0,-0.0112,0.0002,0.1242,-0.0043,-0.0611,0.7127,0.0,0.0,0.0,0.0,down,0.8,2026-09-21T15:03:50,0.0,0.659999996423721,339.815,2026-09-28 18:44:43,2026-09-28 14:45:04
AAPL,AAPL280317P00140000,AAPL,2028-03-17,P,140.0,0.65,143.0,0.89,13.0,0.391,237.0,0.0,-0.0126,0.0002,0.1382,-0.0047,-0.0689,0.8036,0.0,0.0,0.0,0.0,up,1.05,2026-09-15T14:14:20,0.0,0.715000003576279,339.815,2026-09-28 18:44:43,2026-09-28 14:45:04
AAPL,AAPL280317P00145000,AAPL,2028-03-17,P,145.0,0.84,19.0,0.98,8.0,0.3878,123.0,0.0,-0.0143,0.0002,0.1532,-0.0052,-0.0777,0.9056,0.0,0.0,0.0,0.0,down,0.95,2026-09-24T14:41:32,0.0,0.8299999833107,339.815,2026-09-28 18:44:43,2026-09-28 14:45:04
AAPL,AAPL280317P00150000,AAPL,2028-03-17,P,150.0,0.9,345.0,1.29,833.0,0.3862,718.0,1.0,-0.0161,0.0003,0.1695,-0.0056,-0.0874,1.0197,-0.075,1.0,1.0,1.0,down,1.0,2026-09-28T09:38:50,-6.97674,1.07499998807907,339.815,2026-09-28 18:44:43,2026-09-28 14:45:04
AAPL,AAPL280317P00155000,AAPL,2028-03-17,P,155.0,1.08,32.0,1.23,12.0,0.3765,135.0,0.0,-0.0181,0.0003,0.1876,-0.0062,-0.098,1.1471,0.0,0.0,0.0,0.0,up,1.29,2026-09-22T12:37:21,0.0,1.19499999284744,339.815,2026-09-28 18:44:43,2026-09-28 14:45:04
AAPL,AAPL280317P00160000,AAPL,2028-03-17,P,160.0,1.06,274.0,1.47,6.0,0.3696,127.0,0.0,-0.0203,0.0003,0.207,-0.0067,-0.1099,1.2896,0.0,0.0,0.0,0.0,down,1.55,2026-09-23T10:14:06,0.0,1.45500004291534,339.815,2026-09-28 18:44:43,2026-09-28 14:45:04
AAPL,AAPL280317P00165000,AAPL,2028-03-17,P,165.0,1.3,186.0,1.75,387.0,0.3693,599.0,0.0,-0.0228,0.0004,0.2277,-0.0073,-0.1228,1.4486,0.0,0.0,0.0,0.0,up,1.85,2026-09-14T14:29:45,0.0,1.53999996185303,339.815,2026-09-28 18:44:43,2026-09-28 14:45:04
AAPL,AAPL280317P00170000,AAPL,2028-03-17,P,170.0,1.56,11.0,1.85,17.0,0.3643,220.0,0.0,-0.0255,0.0004,0.25,-0.0079,-0.1374,1.6256,0.0,0.0,0.0,0.0,no_change,1.94,2026-09-17T13:48:14,0.0,1.67500001192093,339.815,2026-09-28 18:44:43,2026-09-28 14:45:04
AAPL,AAPL280317P00175000,AAPL,2028-03-17,P,175.0,1.55,308.0,2.14,105.0,0.3574,888.0,0.0,-0.0286,0.0004,0.2743,-0.0086,-0.1531,1.8222,0.0,0.0,0.0,0.0,down,1.97,2026-09-23T09:30:00,0.0,1.90499997138977,339.815,2026-09-28 18:44:43,2026-09-28 14:45:04
AAPL,AAPL280317P00180000,AAPL,2028-03-17,P,180.0,1.84,367.0,2.36,23.0,0.3542,224.0,0.0,-0.0319,0.0005,0.3003,-0.0093,-0.1704,2.0406,0.0,0.0,0.0,0.0,down,2.47,2026-09-17T10:10:30,0.0,2.13999998569489,339.815,2026-09-28 18:44:43,2026-09-28 14:45:04
AAPL,AAPL280317P00185000,AAPL,2028-03-17,P,185.0,2.15,200.0,2.46,13.0,0.3487,148.0,0.0,-0.0355,0.0006,0.3275,-0.0101,-0.189,2.283,0.0,0.0,0.0,0.0,up,2.54,2026-09-21T12:59:11,0.0,2.44500005245209,339.815,2026-09-28 18:44:43,2026-09-28 14:45:04
AAPL,AAPL280317P00190000,AAPL,2028-03-17,P,190.0,2.4,256.0,2.85,19.0,0.3462,247.0,0.0,-0.0395,0.0006,0.3567,-0.0109,-0.2097,2.5507,0.0,0.0,0.0,0.0,up,2.83,2026-09-21T12:59:11,0.0,2.66499996185303,339.815,2026-09-28 18:44:43,2026-09-28 14:45:04
AAPL,AAPL280317P00195000,AAPL,2028-03-17,P,195.0,2.56,396.0,3.2,180.0,0.3412,314.0,0.0,-0.0438,0.0007,0.3879,-0.0117,-0.2322,2.8464,0.0,0.0,0.0,0.0,down,3.5,2026-09-21T10:12:40,0.0,2.97499990463257,339.815,2026-09-28 18:44:43,2026-09-28 14:45:04
AAPL,AAPL280317P00200000,AAPL,2028-03-17,P,200.0,2.99,308.0,3.3,10.0,0.336,2214.0,0.0,-0.0485,0.0007,0.421,-0.0126,-0.256,3.1721,0.0,0.0,0.0,0.0,down,3.5,2026-09-24T15:55:11,0.0,3.20000004768372,339.815,2026-09-28 18:44:43,2026-09-28 14:45:04
AAPL,AAPL280317P00210000,AAPL,2028-03-17,P,210.0,3.8,81.0,4.05,10.0,0.3299,1235.0,0.0,-0.0592,0.0009,0.4909,-0.0145,-0.3104,3.9247,0.0,0.0,0.0,0.0,up,4.35,2026-09-25T10:00:07,0.0,4.0,339.815,2026-09-28 18:44:43,2026-09-28 14:45:04
AAPL,AAPL280317P00220000,AAPL,2028-03-17,P,220.0,4.65,31.0,5.05,12.0,0.3241,597.0,2.0,-0.0718,0.001,0.5688,-0.0166,-0.3725,4.8272,-0.035,5.12,5.12,4.94,down,4.94,2026-09-28T09:44:20,-0.70352,4.97500014305115,339.815,2026-09-28 18:44:43,2026-09-28 14:45:04
AAPL,AAPL280317P00230000,AAPL,2028-03-17,P,230.0,5.7,38.0,6.25,68.0,0.3191,805.0,1.0,-0.0862,0.0012,0.6509,-0.0188,-0.4439,5.9034,-0.15,5.85,5.85,5.85,down,5.85,2026-09-28T12:52:00,-2.5,6.0,339.815,2026-09-28 18:44:43,2026-09-28 14:45:04
AAPL,AAPL280317P00240000,AAPL,2028-03-17,P,240.0,7.0,14.0,7.4,17.0,0.3131,595.0,0.0,-0.1028,0.0014,0.74,-0.0211,-0.5251,7.1732,0.0,0.0,0.0,0.0,up,7.7,2026-09-24T11:43:03,0.0,7.19999980926514,339.815,2026-09-28 18:44:43,2026-09-28 14:45:04
AAPL,AAPL280317P00250000,AAPL,2028-03-17,P,250.0,8.15,401.0,9.05,411.0,0.3072,704.0,3.0,-0.1216,0.0017,0.8312,-0.0235,-0.6132,8.663,-0.225,8.62,8.62,8.5,down,8.5,2026-09-28T12:52:24,-2.5788,8.72499990463257,339.815,2026-09-28 18:44:43,2026-09-28 14:45:04
AAPL,AAPL280317P00260000,AAPL,2028-03-17,P,260.0,9.6,398.0,10.7,23.0,0.3008,630.0,0.0,-0.1427,0.0019,0.9254,-0.0259,-0.7137,10.3941,0.0,0.0,0.0,0.0,up,10.52,2026-09-22T14:05:05,0.0,10.4750003814697,339.815,2026-09-28 18:44:43,2026-09-28 14:45:04
AAPL,AAPL280317P00270000,AAPL,2028-03-17,P,270.0,11.8,305.0,12.8,54.0,0.2985,539.0,0.0,-0.1662,0.0021,1.021,-0.0284,-0.8156,12.3906,0.0,0.0,0.0,0.0,up,17.4,2026-09-08T09:30:00,0.0,12.3499999046326,339.815,2026-09-28 18:44:43,2026-09-28 14:45:04
AAPL,AAPL280317P00280000,AAPL,2028-03-17,P,280.0,13.95,321.0,15.1,48.0,0.2942,655.0,0.0,-0.192,0.0024,1.1138,-0.0309,-0.9294,14.676,0.0,0.0,0.0,0.0,up,16.37,2026-09-17T13:10:05,0.0,14.6500000953674,339.815,2026-09-28 18:44:43,2026-09-28 14:45:04
AAPL,AAPL280317P00290000,AAPL,2028-03-17,P,290.0,16.8,70.0,17.7,31.0,0.2919,661.0,0.0,-0.2202,0.0026,1.2051,-0.0333,-1.0407,17.2717,0.0,0.0,0.0,0.0,down,17.03,2026-09-25T15:49:44,0.0,17.1999998092651,339.815,2026-09-28 18:44:43,2026-09-28 14:45:04
AAPL,AAPL280317P00300000,AAPL,2028-03-17,P,300.0,19.55,336.0,20.5,60.0,0.2875,1385.0,1.0,-0.2507,0.0029,1.2889,-0.0356,-1.163,20.1986,-0.175,19.9,19.9,19.9,down,19.9,2026-09-28T12:36:13,-0.87173,20.0749998092651,339.815,2026-09-28 18:44:43,2026-09-28 14:45:04
AAPL,AAPL280317P00310000,AAPL,2028-03-17,P,310.0,22.75,264.0,23.85,39.0,0.2845,251.0,0.0,-0.2834,0.0032,1.3661,-0.0378,-1.2794,23.4768,0.0,0.0,0.0,0.0,down,24.53,2026-09-25T11:07:01,0.0,23.3500003814697,339.815,2026-09-28 18:44:43,2026-09-28 14:45:04
AAPL,AAPL280317P00320000,AAPL,2028-03-17,P,320.0,26.2,186.0,27.75,185.0,0.282,370.0,1.0,-0.3182,0.0034,1.4332,-0.0398,-1.4012,27.1203,-0.155,26.82,26.82,26.82,down,26.82,2026-09-28T13:21:30,-0.574604,26.9749994277954,339.815,2026-09-28 18:44:43,2026-09-28 14:45:04
AAPL,AAPL280317P00330000,AAPL,2028-03-17,P,330.0,30.6,50.0,31.9,213.0,0.2811,136.0,11.0,-0.355,0.0037,1.4878,-0.0416,-1.5094,31.1495,0.095,30.82,31.17,30.82,up,31.17,2026-09-28T14:13:23,0.305713,31.0749998092651,339.815,2026-09-28 18:44:43,2026-09-28 14:45:04
AAPL,AAPL280317P00340000,AAPL,2028-03-17,P,340.0,35.0,97.0,36.0,20.0,0.2776,40.0,0.0,-0.3935,0.0039,1.53,-0.0433,-1.6186,35.5688,0.0,0.0,0.0,0.0,down,35.6,2026-09-22T10:53:49,0.0,35.5249996185303,339.815,2026-09-28 18:44:43,2026-09-28 14:45:04
AAPL,AAPL280317P00350000,AAPL,2028-03-17,P,350.0,39.8,120.0,40.85,28.0,0.2754,266.0,0.0,-0.4338,0.0042,1.5544,-0.0447,-1.7054,40.4002,0.0,0.0,0.0,0.0,no_change,41.6,2026-09-23T13:42:14,0.0,40.375,339.815,2026-09-28 18:44:43,2026-09-28 14:45:04
AAPL,AAPL280317P00360000,AAPL,2028-03-17,P,360.0,45.05,50.0,46.15,123.0,0.2736,306.0,0.0,-0.4753,0.0044,1.5636,-0.0459,-1.7809,45.6426,0.0,0.0,0.0,0.0,no_change,46.95,2026-09-23T13:39:40,0.0,45.375,339.815,2026-09-28 18:44:43,2026-09-28 14:45:04
AAPL,AAPL280317P00370000,AAPL,2028-03-17,P,370.0,50.7,133.0,51.55,75.0,0.271,23.0,2.0,-0.5181,0.0046,1.5516,-0.0469,-1.8291,51.2994,-0.45,50.6,50.6,50.6,no_change,50.6,2026-09-28T13:15:31,-0.881487,51.0499992370606,339.815,2026-09-28 18:44:43,2026-09-28 14:45:04
AAPL,AAPL280317P00380000,AAPL,2028-03-17,P,380.0,56.75,8.0,58.4,207.0,0.2717,64.0,0.0,-0.5618,0.0048,1.522,-0.0477,-1.8569,57.3805,0.0,0.0,0.0,0.0,no_change,62.65,2026-09-11T11:38:28,0.0,57.2999992370606,339.815,2026-09-28 18:44:43,2026-09-28 14:45:04
AAPL,AAPL280317P00390000,AAPL,2028-03-17,P,390.0,63.3,2.0,64.75,185.0,0.2699,97.0,0.0,-0.6061,0.0049,1.4666,-0.0481,-1.8424,63.8762,0.0,0.0,0.0,0.0,up,64.04,2026-09-25T12:33:30,0.0,63.5249996185303,339.815,2026-09-28 18:44:43,2026-09-28 14:45:04
AAPL,AAPL280317P00400000,AAPL,2028-03-17,P,400.0,69.9,32.0,71.8,235.0,0.268,11.0,0.0,-0.651,0.0051,1.4026,-0.0483,-1.8111,70.7818,0.0,0.0,0.0,0.0,up,70.9,2026-09-25T12:33:30,0.0,70.1749992370606,339.815,2026-09-28 18:44:43,2026-09-28 14:45:04
AAPL,AAPL280317P00410000,AAPL,2028-03-17,P,410.0,77.45,32.0,78.55,144.0,0.2654,6.0,2.0,-0.6962,0.0052,1.3022,-0.0482,-1.7182,78.1103,-1.1,76.75,76.75,76.75,no_change,76.75,2026-09-28T09:35:18,-1.41297,77.8499984741211,339.815,2026-09-28 18:44:43,2026-09-28 14:45:04
AAPL,AAPL280317P00420000,AAPL,2028-03-17,P,420.0,85.15,133.0,85.85,40.0,0.2623,64.0,4.0,-0.7417,0.0054,1.2039,-0.0483,-1.6343,85.8319,-0.35,84.36,85.5,83.96,down,85.4,2026-09-28T14:25:08,-0.408163,85.75,339.815,2026-09-28 18:44:43,2026-09-28 14:45:04
AAPL,AAPL280317P00430000,AAPL,2028-03-17,P,430.0,92.55,237.0,95.0,240.0,0.2624,59.0,0.0,-0.7877,0.0055,1.0508,-0.0484,-1.4797,93.9591,0.0,0.0,0.0,0.0,down,95.3,2026-09-21T14:48:31,0.0,93.6999969482422,339.815,2026-09-28 18:44:43,2026-09-28 14:45:04
AAPL,AAPL280317P00440000,AAPL,2028-03-17,P,440.0,101.0,229.0,103.35,221.0,0.2598,3.0,0.0,-0.8325,0.0055,0.8766,-0.0483,-1.3017,102.4842,0.0,0.0,0.0,0.0,no_change,100.14,2026-09-22T11:22:03,0.0,102.099998474121,339.815,2026-09-28 18:44:43,2026-09-28 14:45:04
AAPL,AAPL280317P00450000,AAPL,2028-03-17,P,450.0,110.15,307.0,111.6,59.0,0.2544,3.0,2.0,-0.8804,0.0059,0.6863,-0.048,-0.9625,111.3691,-0.4,110.5,110.55,110.5,up,110.55,2026-09-28T12:06:49,-0.36052,110.949996948242,339.815,2026-09-28 18:44:43,2026-09-28 14:45:04
AAPL,AAPL280317P00460000,AAPL,2028-03-17,P,460.0,119.7,53.0,122.15,155.0,0.2687,0.0,4.0,-0.9224,0.0058,0.5241,-0.0442,-0.6811,120.5935,-1.075,119.15,119.3,119.15,down,119.15,2026-09-28T11:55:48,-0.894156,120.224998474121,339.815,2026-09-28 18:44:43,2026-09-28 14:45:04
AAPL,AAPL280317P00470000,AAPL,2028-03-17,P,470.0,128.65,97.0,131.6,84.0,0.0,0.0,0.0,-0.956,0.0045,0.2499,-0.0499,0.0,130.2199,0.0,0.0,0.0,0.0,no_change,0.0,,0.0,130.050003051758,339.815,2026-09-28 18:44:43,2026-09-28 14:45:04
AAPL,AAPL280317P00480000,AAPL,2028-03-17,P,480.0,138.0,106.0,142.5,118.0,0.277,0.0,0.0,-0.9797,0.0021,0.0,-0.0522,0.0,140.2199,0.0,0.0,0.0,0.0,up,148.0,2026-07-24T13:13:07,0.0,139.5,339.815,2026-09-28 18:44:43,2026-09-28 14:45:04
AAPL,AAPL280317P00490000,AAPL,2028-03-17,P,490.0,148.0,95.0,152.5,97.0,0.2889,0.0,0.0,-0.9953,0.0005,0.0,-0.0522,0.0,150.2199,0.0,0.0,0.0,0.0,down,209.65,2026-02-06T09:52:18,0.0,149.599998474121,339.815,2026-09-28 18:44:43,2026-09-28 14:45:04
AAPL,AAPL280317P00500000,AAPL,2028-03-17,P,500.0,158.0,101.0,162.0,89.0,0.0,0.0,0.0,-1.0,0.0,0.0,-0.0522,0.0,160.2199,0.0,0.0,0.0,0.0,no_change,0.0,,0.0,159.550003051758,339.815,2026-09-28 18:44:43,2026-09-28 14:45:04
AAPL,AAPL280317P00510000,AAPL,2028-03-17,P,510.0,168.0,97.0,171.7,83.0,0.0,0.0,0.0,-1.0,0.0,0.0,-0.0522,0.0,170.2199,0.0,0.0,0.0,0.0,no_change,0.0,,0.0,169.574996948242,339.815,2026-09-28 18:44:43,2026-09-28 14:45:04
AAPL,AAPL280317P00520000,AAPL,2028-03-17,P,520.0,178.0,95.0,182.15,89.0,0.0,0.0,0.0,-1.0,0.0,0.0,-0.0522,0.0,180.2199,0.0,0.0,0.0,0.0,no_change,0.0,,0.0,179.650001525879,339.815,2026-09-28 18:44:43,2026-09-28 14:45:04
AAPL,AAPL280317P00530000,AAPL,2028-03-17,P,530.0,188.3,76.0,192.2,86.0,0.3331,0.0,0.0,-1.0,0.0,0.0,-0.0522,0.0,190.2199,0.0,0.0,0.0,0.0,no_change,0.0,,0.0,189.474998474121,339.815,2026-09-28 18:44:43,2026-09-28 14:45:04
AAPL,AAPL280317P00540000,AAPL,2028-03-17,P,540.0,198.0,86.0,201.85,11.0,0.0,0.0,0.0,-1.0,0.0,0.0,-0.0522,0.0,200.2199,0.0,0.0,0.0,0.0,no_change,0.0,,0.0,199.525001525879,339.815,2026-09-28 18:44:43,2026-09-28 14:45:04
AAPL,AAPL280317P00550000,AAPL,2028-03-17,P,550.0,208.0,86.0,212.15,84.0,0.0,0.0,0.0,-1.0,0.0,0.0,-0.0522,0.0,210.2199,0.0,0.0,0.0,0.0,up,277.5,2025-12-31T12:39:47,0.0,209.5,339.815,2026-09-28 18:44:43,2026-09-28 14:45:04
AAPL,AAPL280317P00560000,AAPL,2028-03-17,P,560.0,218.05,84.0,222.2,82.0,0.0,0.0,0.0,-1.0,0.0,0.0,-0.0522,0.0,220.2199,0.0,0.0,0.0,0.0,no_change,0.0,,0.0,219.474998474121,339.815,2026-09-28 18:44:43,2026-09-28 14:45:04
AAPL,AAPL280317P00570000,AAPL,2028-03-17,P,570.0,228.0,81.0,232.5,83.0,0.3733,0.0,0.0,-1.0,0.0,0.0,-0.0522,0.0,230.2199,0.0,0.0,0.0,0.0,no_change,0.0,,0.0,229.474998474121,339.815,2026-09-28 18:44:43,2026-09-28 14:45:04
AAPL,AAPL280317P00580000,AAPL,2028-03-17,P,580.0,238.0,81.0,242.4,81.0,0.0,0.0,0.0,-1.0,0.0,0.0,-0.0522,0.0,240.2199,0.0,0.0,0.0,0.0,no_change,0.0,,0.0,239.324996948242,339.815,2026-09-28 18:44:43,2026-09-28 14:45:04
AAPL,AAPL280317P00590000,AAPL,2028-03-17,P,590.0,248.0,13.0,252.2,12.0,0.0,0.0,0.0,-1.0,0.0,0.0,-0.0522,0.0,250.2199,0.0,0.0,0.0,0.0,no_change,0.0,,0.0,249.300003051758,339.815,2026-09-28 18:44:43,2026-09-28 14:45:04
AAPL,AAPL280317P00600000,AAPL,2028-03-17,P,600.0,258.0,13.0,262.5,83.0,0.4013,0.0,0.0,-1.0,0.0,0.0,-0.0522,0.0,260.2199,0.0,0.0,0.0,0.0,no_change,0.0,,0.0,259.274993896484,339.815,2026-09-28 18:44:43,2026-09-28 14:45:04
AAPL,AAPL280616C00050000,AAPL,2028-06-16,C,50.0,291.0,6.0,295.7,7.0,0.6333,0.0,0.0,1.0,0.0,0.0173,0.0,0.7514,293.201,0.0,0.0,0.0,0.0,no_change,0.0,,0.0,294.0,339.815,2026-09-28 18:44:43,2026-09-28 14:45:04
AAPL,AAPL280616C00055000,AAPL,2028-06-16,C,55.0,286.0,11.0,291.0,6.0,0.0,0.0,0.0,1.0,0.0,0.0206,0.0,0.8417,288.6262,0.0,0.0,0.0,0.0,no_change,0.0,,0.0,289.5,339.815,2026-09-28 18:44:43,2026-09-28 14:45:04
AAPL,AAPL280616C00060000,AAPL,2028-06-16,C,60.0,281.5,6.0,286.5,7.0,0.4955,0.0,0.0,1.0,0.0,0.0243,0.0,0.949,284.0721,0.0,0.0,0.0,0.0,no_change,0.0,,0.0,285.0,339.815,2026-09-28 18:44:43,2026-09-28 14:45:04
AAPL,AAPL280616C00065000,AAPL,2028-06-16,C,65.0,277.0,11.0,282.0,9.0,0.5117,0.0,0.0,1.0,0.0,0.0285,0.0,1.026,279.5251,0.0,0.0,0.0,0.0,no_change,0.0,,0.0,280.5,339.815,2026-09-28 18:44:43,2026-09-28 14:45:04
AAPL,AAPL280616C00070000,AAPL,2028-06-16,C,70.0,272.5,10.0,277.5,6.0,0.5139,1.0,0.0,1.0,0.0,0.0331,0.0,1.1024,274.9807,0.0,0.0,0.0,0.0,down,272.45,2026-09-21T14:19:42,0.0,276.0,339.815,2026-09-28 18:44:43,2026-09-28 14:45:04
AAPL,AAPL280616C00075000,AAPL,2028-06-16,C,75.0,268.0,11.0,273.0,9.0,0.5107,0.0,0.0,1.0,0.0,0.0381,0.0,1.1784,270.4392,0.0,0.0,0.0,0.0,no_change,0.0,,0.0,271.350006103516,339.815,2026-09-28 18:44:43,2026-09-28 14:45:04
AAPL,AAPL280616C00080000,AAPL,2028-06-16,C,80.0,263.5,11.0,268.5,6.0,0.5046,0.0,0.0,0.9995,0.0,0.0436,0.0,1.2542,265.9007,0.0,0.0,0.0,0.0,no_change,0.0,,0.0,267.0,339.815,2026-09-28 18:44:43,2026-09-28 14:45:04
AAPL,AAPL280616C00085000,AAPL,2028-06-16,C,85.0,259.0,9.0,264.0,11.0,0.497,15.0,0.0,0.999,0.0,0.0497,0.0,1.3295,261.3657,0.0,0.0,0.0,0.0,no_change,260.8,2026-09-25T12:20:03,0.0,262.25,339.815,2026-09-28 18:44:43,2026-09-28 14:45:04
AAPL,AAPL280616C00090000,AAPL,2028-06-16,C,90.0,254.5,11.0,259.5,6.0,0.4884,7.0,0.0,0.9985,0.0001,0.0565,0.0,1.4044,256.8345,0.0,0.0,0.0,0.0,down,259.25,2026-09-22T11:36:03,0.0,258.0,339.815,2026-09-28 18:44:43,2026-09-28 14:45:04
AAPL,AAPL280616C00095000,AAPL,2028-06-16,C,95.0,250.0,9.0,254.5,9.0,0.4417,3.0,0.0,0.9978,0.0001,0.0639,0.0,1.4789,252.3077,0.0,0.0,0.0,0.0,down,254.75,2026-09-22T11:36:03,0.0,253.25,339.815,2026-09-28 18:44:43,2026-09-28 14:45:04
AAPL,AAPL280616C00100000,AAPL,2028-06-16,C,100.0,245.5,10.0,250.0,10.0,0.4372,11.0,0.0,0.9972,0.0001,0.0719,0.0,1.5529,247.7857,0.0,0.0,0.0,0.0,down,250.1,2026-09-22T11:36:03,0.0,248.75,339.815,2026-09-28 18:44:43,2026-09-28 14:45:04
AAPL,AAPL280616C00105000,AAPL,2028-06-16,C,105.0,241.0,12.0,245.5,10.0,0.4314,7.0,0.0,0.9964,0.0001,0.0808,0.0,1.6264,243.2691,0.0,0.0,0.0,0.0,down,245.55,2026-09-22T11:36:04,0.0,244.125,339.815,2026-09-28 18:44:43,2026-09-28 14:45:04
AAPL,AAPL280616C00110000,AAPL,2028-06-16,C,110.0,236.5,15.0,241.0,10.0,0.4247,0.0,0.0,0.9955,0.0001,0.0907,0.0,1.6991,238.7585,0.0,0.0,0.0,0.0,no_change,0.0,,0.0,239.675003051758,339.815,2026-09-28 18:44:43,2026-09-28 14:45:04
AAPL,AAPL280616C00115000,AAPL,2028-06-16,C,115.0,232.0,19.0,236.5,10.0,0.4174,0.0,0.0,0.9946,0.0001,0.1014,0.0,1.7712,234.2548,0.0,0.0,0.0,0.0,no_change,0.0,,0.0,235.074996948242,339.815,2026-09-28 18:44:43,2026-09-28 14:45:04
AAPL,AAPL280616C00120000,AAPL,2028-06-16,C,120.0,227.5,68.0,232.0,10.0,0.4097,0.0,0.0,0.9935,0.0001,0.1129,0.0,1.8425,229.7586,0.0,0.0,0.0,0.0,no_change,0.0,,0.0,230.5,339.815,2026-09-28 18:44:43,2026-09-28 14:45:04
AAPL,AAPL280616C00125000,AAPL,2028-06-16,C,125.0,223.2,10.0,227.5,10.0,0.41,0.0,0.0,0.9923,0.0001,0.1255,0.0,1.9131,225.2707,0.0,0.0,0.0,0.0,no_change,0.0,,0.0,226.0,339.815,2026-09-28 18:44:43,2026-09-28 14:45:04
AAPL,AAPL280616C00130000,AAPL,2028-06-16,C,130.0,218.5,74.0,223.0,11.0,0.3938,0.0,0.0,0.991,0.0002,0.1393,0.0,1.9828,220.7921,0.0,0.0,0.0,0.0,no_change,0.0,,0.0,221.5,339.815,2026-09-28 18:44:43,2026-09-28 14:45:04
AAPL,AAPL280616C00135000,AAPL,2028-06-16,C,135.0,214.35,14.0,218.5,14.0,0.3974,1.0,0.0,0.9895,0.0002,0.1544,0.0,2.0512,216.3238,0.0,0.0,0.0,0.0,up,212.82,2026-09-25T10:37:00,0.0,217.050003051758,339.815,2026-09-28 18:44:43,2026-09-28 14:45:04
AAPL,AAPL280616C00140000,AAPL,2028-06-16,C,140.0,210.0,12.0,214.0,10.0,0.3927,1.0,0.0,0.9879,0.0002,0.1706,0.0,2.1186,211.8671,0.0,0.0,0.0,0.0,down,207.49,2026-09-25T10:01:44,0.0,212.625,339.815,2026-09-28 18:44:43,2026-09-28 14:45:04
AAPL,AAPL280616C00145000,AAPL,2028-06-16,C,145.0,205.5,10.0,210.0,74.0,0.3961,0.0,0.0,0.9861,0.0002,0.188,0.0,2.185,207.4229,0.0,0.0,0.0,0.0,no_change,0.0,,0.0,208.0,339.815,2026-09-28 18:44:43,2026-09-28 14:45:04
AAPL,AAPL280616C00150000,AAPL,2028-06-16,C,150.0,201.0,58.0,205.5,78.0,0.3862,1.0,0.0,0.9841,0.0003,0.2069,0.0,2.25,202.9923,0.0,0.0,0.0,0.0,up,202.5,2026-09-22T15:48:04,0.0,203.724998474121,339.815,2026-09-28 18:44:43,2026-09-28 14:45:04
AAPL,AAPL280616C00155000,AAPL,2028-06-16,C,155.0,196.55,68.0,201.0,77.0,0.3776,0.0,0.0,0.9819,0.0003,0.2274,0.0,2.3134,198.5769,0.0,0.0,0.0,0.0,no_change,0.0,,0.0,199.224998474121,339.815,2026-09-28 18:44:43,2026-09-28 14:45:04
AAPL,AAPL280616C00160000,AAPL,2028-06-16,C,160.0,192.3,57.0,196.5,68.0,0.3729,0.0,0.0,0.9795,0.0003,0.2493,0.0,2.3753,194.1783,0.0,0.0,0.0,0.0,no_change,0.0,,0.0,194.775001525879,339.815,2026-09-28 18:44:43,2026-09-28 14:45:04
AAPL,AAPL280616C00165000,AAPL,2028-06-16,C,165.0,188.2,48.0,192.0,118.0,0.3705,0.0,0.0,0.9769,0.0004,0.2724,0.0,2.4357,189.7977,0.0,0.0,0.0,0.0,no_change,0.0,,0.0,190.099998474121,339.815,2026-09-28 18:44:43,2026-09-28 14:45:04
AAPL,AAPL280616C00170000,AAPL,2028-06-16,C,170.0,183.7,48.0,188.0,152.0,0.3688,0.0,0.0,0.974,0.0004,0.2973,0.0,2.4944,185.4365,0.0,0.0,0.0,0.0,no_change,0.0,,0.0,185.724998474121,339.815,2026-09-28 18:44:43,2026-09-28 14:45:04
AAPL,AAPL280616C00175000,AAPL,2028-06-16,C,175.0,179.45,48.0,183.5,105.0,0.3625,1.0,0.0,0.9709,0.0005,0.324,0.0,2.551,181.0966,0.0,0.0,0.0,0.0,up,181.87,2026-09-22T14:41:24,0.0,181.224998474121,339.815,2026-09-28 18:44:43,2026-09-28 14:45:04
AAPL,AAPL280616C00180000,AAPL,2028-06-16,C,180.0,175.1,48.0,179.0,90.0,0.3547,0.0,0.0,0.9675,0.0005,0.3522,0.0,2.6054,176.7799,0.0,0.0,0.0,0.0,no_change,0.0,,0.0,177.324996948242,339.815,2026-09-28 18:44:43,2026-09-28 14:45:04
AAPL,AAPL280616C00185000,AAPL,2028-06-16,C,185.0,171.0,48.0,173.9,48.0,0.3421,0.0,0.0,0.9638,0.0006,0.3817,0.0,2.658,172.4882,0.0,0.0,0.0,0.0,no_change,0.0,,0.0,172.724998474121,339.815,2026-09-28 18:44:43,2026-09-28 14:45:04
AAPL,AAPL280616C00190000,AAPL,2028-06-16,C,190.0,166.4,102.0,170.5,99.0,0.3451,0.0,0.0,0.9598,0.0006,0.4129,0.0,2.7085,168.2228,0.0,0.0,0.0,0.0,no_change,0.0,,0.0,168.599998474121,339.815,2026-09-28 18:44:43,2026-09-28 14:45:04
AAPL,AAPL280616C00195000,AAPL,2028-06-16,C,195.0,162.45,20.0,166.0,83.0,0.3415,0.0,2.0,0.9554,0.0007,0.4461,0.0,2.7563,163.986,1.53,165.98,165.98,165.78,down,165.78,2026-09-28T10:20:43,0.931507,164.25,339.815,2026-09-28 18:44:43,2026-09-28 14:45:04
AAPL,AAPL280616C00200000,AAPL,2028-06-16,C,200.0,158.15,80.0,161.75,88.0,0.3364,0.0,0.0,0.9508,0.0007,0.4808,0.0,2.8013,159.7801,0.0,0.0,0.0,0.0,down,161.8,2026-09-22T12:38:10,0.0,159.974998474121,339.815,2026-09-28 18:44:43,2026-09-28 14:45:04
AAPL,AAPL280616C00210000,AAPL,2028-06-16,C,210.0,149.75,90.0,153.25,83.0,0.3273,10.0,0.0,0.9403,0.0008,0.5537,0.0,2.8844,151.4684,0.0,0.0,0.0,0.0,up,149.1,2026-09-24T10:21:07,0.0,151.900001525879,339.815,2026-09-28 18:44:43,2026-09-28 14:45:04
AAPL,AAPL280616C00220000,AAPL,2028-06-16,C,220.0,141.3,148.0,145.85,156.0,0.3254,8.0,0.0,0.9284,0.001,0.6333,0.0,2.9553,143.3038,0.0,0.0,0.0,0.0,down,140.81,2026-09-24T10:18:39,0.0,143.375,339.815,2026-09-28 18:44:43,2026-09-28 14:45:04
AAPL,AAPL280616C00230000,AAPL,2028-06-16,C,230.0,133.35,156.0,136.65,65.0,0.3115,8.0,0.0,0.9149,0.0011,0.7166,-0.0011,3.015,135.3046,0.0,0.0,0.0,0.0,no_change,133.05,2026-09-23T15:42:28,0.0,135.474998474121,339.815,2026-09-28 18:44:43,2026-09-28 14:45:04
AAPL,AAPL280616C00240000,AAPL,2028-06-16,C,240.0,126.65,18.0,128.35,52.0,0.3113,10.0,0.0,0.8997,0.0013,0.8051,-0.004,3.061,127.4866,0.0,0.0,0.0,0.0,down,125.15,2026-09-24T10:29:13,0.0,127.5,339.815,2026-09-28 18:44:43,2026-09-28 14:45:04
AAPL,AAPL280616C00250000,AAPL,2028-06-16,C,250.0,118.0,280.0,122.15,316.0,0.3091,2.0,0.0,0.8829,0.0015,0.8952,-0.0069,3.0944,119.8686,0.0,0.0,0.0,0.0,up,118.58,2026-09-25T11:50:50,0.0,120.274997711182,339.815,2026-09-28 18:44:43,2026-09-28 14:45:04
AAPL,AAPL280616C00260000,AAPL,2028-06-16,C,260.0,110.85,274.0,114.6,309.0,0.3054,4.0,0.0,0.8644,0.0016,0.9881,-0.0098,3.1137,112.465,0.0,0.0,0.0,0.0,down,109.45,2026-09-23T15:27:07,0.0,113.200000762939,339.815,2026-09-28 18:44:43,2026-09-28 14:45:04
AAPL,AAPL280616C00270000,AAPL,2028-06-16,C,270.0,103.7,267.0,106.8,287.0,0.2986,5.0,7.0,0.8442,0.0018,1.0804,-0.0127,3.1196,105.2938,1.835,106.41,107.31,106.41,up,107.31,2026-09-28T10:11:13,1.73975,105.475002288818,339.815,2026-09-28 18:44:43,2026-09-28 14:45:04
AAPL,AAPL280616C00280000,AAPL,2028-06-16,C,280.0,97.6,21.0,100.25,303.0,0.3004,11.0,0.0,0.8225,0.002,1.1722,-0.0154,3.1118,98.3665,0.0,0.0,0.0,0.0,down,96.5,2026-09-24T10:18:07,0.0,98.25,339.815,2026-09-28 18:44:43,2026-09-28 14:45:04
AAPL,AAPL280616C00290000,AAPL,2028-06-16,C,290.0,90.95,28.0,93.35,265.0,0.296,5.0,0.0,0.7992,0.0022,1.2612,-0.0181,3.0901,91.6993,0.0,0.0,0.0,0.0,up,92.35,2026-09-25T15:40:51,0.0,92.1749992370606,339.815,2026-09-28 18:44:43,2026-09-28 14:45:04
AAPL,AAPL280616C00300000,AAPL,2028-06-16,C,300.0,84.05,352.0,86.0,104.0,0.2874,50.0,0.0,0.7745,0.0024,1.3462,-0.0206,3.0566,85.3001,0.0,0.0,0.0,0.0,no_change,82.87,2026-09-25T10:55:31,0.0,85.5249977111816,339.815,2026-09-28 18:44:43,2026-09-28 14:45:04
AAPL,AAPL280616C00310000,AAPL,2028-06-16,C,310.0,78.2,223.0,80.6,305.0,0.2882,7.0,0.0,0.7486,0.0025,1.4264,-0.0229,3.0089,79.1814,0.0,0.0,0.0,0.0,up,79.38,2026-09-25T15:42:29,0.0,79.3500022888184,339.815,2026-09-28 18:44:43,2026-09-28 14:45:04
AAPL,AAPL280616C00320000,AAPL,2028-06-16,C,320.0,71.85,384.0,74.7,365.0,0.2837,15.0,0.0,0.7215,0.0027,1.4995,-0.025,2.9523,73.3477,0.0,0.0,0.0,0.0,up,72.31,2026-09-25T12:09:53,0.0,73.3500022888184,339.815,2026-09-28 18:44:43,2026-09-28 14:45:04
AAPL,AAPL280616C00330000,AAPL,2028-06-16,C,330.0,66.5,331.0,69.05,397.0,0.2816,23.0,0.0,0.6935,0.0028,1.566,-0.027,2.882,67.8064,0.0,0.0,0.0,0.0,up,67.87,2026-09-25T14:34:47,0.0,68.0749969482422,339.815,2026-09-28 18:44:43,2026-09-28 14:45:04
AAPL,AAPL280616C00340000,AAPL,2028-06-16,C,340.0,61.9,193.0,64.3,446.0,0.283,15.0,0.0,0.6647,0.0029,1.6233,-0.0287,2.8056,62.5596,0.0,0.0,0.0,0.0,down,62.67,2026-09-25T14:18:35,0.0,62.7000007629394,339.815,2026-09-28 18:44:43,2026-09-28 14:45:04
AAPL,AAPL280616C00350000,AAPL,2028-06-16,C,350.0,57.15,82.0,58.95,417.0,0.2803,328.0,18.0,0.6355,0.0031,1.6722,-0.0301,2.7177,57.6075,-0.45,58.18,58.18,57.65,down,57.65,2026-09-28T14:13:59,-0.774527,58.1000003814697,339.815,2026-09-28 18:44:43,2026-09-28 14:45:04
AAPL,AAPL280616C00360000,AAPL,2028-06-16,C,360.0,51.7,372.0,54.05,365.0,0.2753,54.0,0.0,0.6058,0.0032,1.7113,-0.0313,2.6249,52.9512,0.0,0.0,0.0,0.0,up,50.71,2026-09-25T10:01:44,0.0,52.9750003814697,339.815,2026-09-28 18:44:43,2026-09-28 14:45:04
AAPL,AAPL280616C00370000,AAPL,2028-06-16,C,370.0,47.55,362.0,49.5,345.0,0.2737,30.0,0.0,0.576,0.0032,1.7408,-0.0323,2.5255,48.5837,0.0,0.0,0.0,0.0,down,46.5,2026-09-24T10:39:07,0.0,48.8250007629394,339.815,2026-09-28 18:44:43,2026-09-28 14:45:04
AAPL,AAPL280616C00380000,AAPL,2028-06-16,C,380.0,43.85,315.0,45.4,382.0,0.2732,5.0,0.0,0.5463,0.0033,1.7604,-0.033,2.4204,44.5042,0.0,0.0,0.0,0.0,up,42.95,2026-09-25T10:37:00,0.0,44.4750003814697,339.815,2026-09-28 18:44:43,2026-09-28 14:45:04
AAPL,AAPL280616C00390000,AAPL,2028-06-16,C,390.0,39.65,386.0,42.35,511.0,0.2727,108.0,0.0,0.5168,0.0033,1.7706,-0.0334,2.3146,40.702,0.0,0.0,0.0,0.0,up,40.17,2026-09-25T12:01:55,0.0,40.7750015258789,339.815,2026-09-28 18:44:43,2026-09-28 14:45:04
AAPL,AAPL280616C00400000,AAPL,2028-06-16,C,400.0,36.85,69.0,37.6,54.0,0.27,4.0,36.0,0.4878,0.0033,1.771,-0.0337,2.203,37.1706,0.225,37.6,37.6,37.5,no_change,37.55,2026-09-28T13:15:54,0.602811,37.3250007629394,339.815,2026-09-28 18:44:43,2026-09-28 14:45:04
AAPL,AAPL280616C00410000,AAPL,2028-06-16,C,410.0,33.8,5.0,35.05,362.0,0.2715,1.0,1.0,0.4593,0.0033,1.763,-0.0337,2.0936,33.9006,0.525,34.55,34.55,34.55,up,34.55,2026-09-28T12:22:19,1.54298,34.0249996185303,339.815,2026-09-28 18:44:43,2026-09-28 14:45:04
AAPL,AAPL280616C00420000,AAPL,2028-06-16,C,420.0,30.0,242.0,32.05,368.0,0.2683,34.0,73.0,0.4315,0.0033,1.7464,-0.0335,1.9825,30.8784,0.25,30.48,31.5,30.48,no_change,31.05,2026-09-28T13:17:24,0.811688,30.8000001907349,339.815,2026-09-28 18:44:43,2026-09-28 14:45:04
AAPL,AAPL280616C00430000,AAPL,2028-06-16,C,430.0,27.35,190.0,29.1,579.0,0.2672,0.0,0.0,0.4046,0.0033,1.722,-0.0332,1.8714,28.096,0.0,0.0,0.0,0.0,no_change,0.0,,0.0,28.1499996185303,339.815,2026-09-28 18:44:43,2026-09-28 14:45:04
AAPL,AAPL280616C00440000,AAPL,2028-06-16,C,440.0,24.8,37.0,26.4,162.0,0.266,0.0,0.0,0.3785,0.0032,1.6916,-0.0327,1.7647,25.5378,0.0,0.0,0.0,0.0,no_change,0.0,,0.0,25.6999998092651,339.815,2026-09-28 18:44:43,2026-09-28 14:45:04
AAPL,AAPL280616C00450000,AAPL,2028-06-16,C,450.0,22.4,38.0,23.9,126.0,0.2646,0.0,0.0,0.3536,0.0032,1.6542,-0.032,1.6573,23.1919,0.0,0.0,0.0,0.0,no_change,0.0,,0.0,23.4499998092651,339.815,2026-09-28 18:44:43,2026-09-28 14:45:04
AAPL,AAPL280616C00460000,AAPL,2028-06-16,C,460.0,20.35,186.0,21.6,435.0,0.2637,0.0,0.0,0.3297,0.0031,1.6119,-0.0313,1.5544,21.0469,0.0,0.0,0.0,0.0,no_change,0.0,,0.0,21.1750001907349,339.815,2026-09-28 18:44:43,2026-09-28 14:45:04
AAPL,AAPL280616C00470000,AAPL,2028-06-16,C,470.0,18.45,140.0,19.95,394.0,0.2643,0.0,117.0,0.3069,0.003,1.566,-0.0304,1.4561,19.0866,-0.025,19.0,19.15,18.65,up,19.15,2026-09-28T11:13:56,-0.130379,19.1750001907349,339.815,2026-09-28 18:44:43,2026-09-28 14:45:04
AAPL,AAPL280616C00480000,AAPL,2028-06-16,C,480.0,16.5,319.0,17.8,184.0,0.262,3.0,121.0,0.2853,0.0029,1.5152,-0.0294,1.3589,17.3003,-0.575,16.85,16.85,16.75,up,16.8,2026-09-28T10:58:07,-3.30935,17.375,339.815,2026-09-28 18:44:43,2026-09-28 14:45:04
AAPL,AAPL280616C00490000,AAPL,2028-06-16,C,490.0,14.7,274.0,16.45,304.0,0.2619,119.0,143.0,0.2649,0.0028,1.4623,-0.0284,1.2679,15.6757,-0.3,15.25,15.4,15.15,no_change,15.4,2026-09-28T11:13:38,-1.91083,15.6999998092651,339.815,2026-09-28 18:44:43,2026-09-28 14:45:04
AAPL,AAPL280616C00500000,AAPL,2028-06-16,C,500.0,13.5,412.0,14.75,406.0,0.2617,31.0,21.0,0.2457,0.0027,1.408,-0.0274,1.1816,14.1983,-0.3,13.85,13.85,13.85,no_change,13.85,2026-09-28T11:07:10,-2.12014,14.1500000953674,339.815,2026-09-28 18:44:43,2026-09-28 14:45:04
AAPL,AAPL280616C00510000,AAPL,2028-06-16,C,510.0,12.3,139.0,13.5,333.0,0.2622,21.0,85.0,0.2276,0.0026,1.3509,-0.0263,1.0977,12.8582,-0.5,12.85,12.85,12.4,no_change,12.4,2026-09-28T11:00:36,-3.87597,12.9000000953674,339.815,2026-09-28 18:44:43,2026-09-28 14:45:04
AAPL,AAPL280616C00520000,AAPL,2028-06-16,C,520.0,11.1,408.0,12.25,533.0,0.2619,180.0,16.0,0.2106,0.0025,1.2936,-0.0251,1.0199,11.6445,-0.45,11.45,12.08,11.25,down,11.25,2026-09-28T11:06:32,-3.84615,11.6999998092651,339.815,2026-09-28 18:44:43,2026-09-28 14:45:04
AAPL,AAPL280616C00530000,AAPL,2028-06-16,C,530.0,10.1,102.0,11.05,363.0,0.2618,62.0,24.0,0.1948,0.0024,1.237,-0.024,0.9473,10.5446,-0.25,10.5,10.5,10.5,no_change,10.5,2026-09-28T10:40:40,-2.32558,10.75,339.815,2026-09-28 18:44:43,2026-09-28 14:45:04
AAPL,AAPL280616C00540000,AAPL,2028-06-16,C,540.0,9.0,355.0,10.0,369.0,0.261,180.0,0.0,0.18,0.0022,1.1794,-0.0229,0.8772,9.55,0.0,0.0,0.0,0.0,no_change,9.45,2026-09-25T12:02:29,0.0,9.77500009536743,339.815,2026-09-28 18:44:43,2026-09-28 14:45:04
AAPL,AAPL280616C00550000,AAPL,2028-06-16,C,550.0,8.05,85.0,9.6,331.0,0.2629,1.0,0.0,0.1663,0.0021,1.1223,-0.0218,0.8124,8.6521,0.0,0.0,0.0,0.0,down,8.6,2026-09-21T13:12:21,0.0,8.875,339.815,2026-09-28 18:44:43,2026-09-28 14:45:04
AAPL,AAPL280616C00560000,AAPL,2028-06-16,C,560.0,7.15,227.0,8.15,42.0,0.2595,0.0,0.0,0.1537,0.002,1.0679,-0.0207,0.7535,7.847,0.0,0.0,0.0,0.0,no_change,0.0,,0.0,7.97500014305115,339.815,2026-09-28 18:44:43,2026-09-28 14:45:04
AAPL,AAPL280616C00570000,AAPL,2028-06-16,C,570.0,6.7,310.0,7.7,462.0,0.2623,1.0,0.0,0.1418,0.0019,1.014,-0.0196,0.6969,7.1136,0.0,0.0,0.0,0.0,down,6.78,2026-09-24T10:18:39,0.0,7.15000009536743,339.815,2026-09-28 18:44:43,2026-09-28 14:45:04
AAPL,AAPL280616C00580000,AAPL,2028-06-16,C,580.0,6.05,318.0,6.8,301.0,0.2612,0.0,2.0,0.1309,0.0018,0.9606,-0.0186,0.6439,6.4527,0.005,6.5,6.63,6.5,up,6.63,2026-09-28T09:59:44,0.0754717,6.625,339.815,2026-09-28 18:44:43,2026-09-28 14:45:04
AAPL,AAPL280616C00590000,AAPL,2028-06-16,C,590.0,5.35,341.0,6.4,349.0,0.2619,0.0,0.0,0.1208,0.0017,0.9096,-0.0176,0.5958,5.8568,0.0,0.0,0.0,0.0,no_change,0.0,,0.0,6.42499995231628,339.815,2026-09-28 18:44:43,2026-09-28 14:45:04
AAPL,AAPL280616C00600000,AAPL,2028-06-16,C,600.0,4.9,91.0,6.35,395.0,0.2655,1.0,0.0,0.1115,0.0016,0.8611,-0.0167,0.5514,5.319,0.0,0.0,0.0,0.0,no_change,5.4,2026-09-23T09:45:14,0.0,5.75,339.815,2026-09-28 18:44:43,2026-09-28 14:45:04
AAPL,AAPL280616C00610000,AAPL,2028-06-16,C,610.0,4.45,97.0,5.6,379.0,0.2645,0.0,0.0,0.1029,0.0015,0.814,-0.0158,0.5092,4.8342,0.0,0.0,0.0,0.0,no_change,0.0,,0.0,5.04999995231628,339.815,2026-09-28 18:44:43,2026-09-28 14:45:04
AAPL,AAPL280616C00620000,AAPL,2028-06-16,C,620.0,4.15,144.0,4.7,373.0,0.2628,1.0,0.0,0.095,0.0014,0.7684,-0.0149,0.4704,4.3978,0.0,0.0,0.0,0.0,up,4.44,2026-09-25T12:34:29,0.0,4.47500014305115,339.815,2026-09-28 18:44:43,2026-09-28 14:45:04
AAPL,AAPL280616C00630000,AAPL,2028-06-16,C,630.0,3.65,145.0,4.3,67.0,0.2623,0.0,0.0,0.0877,0.0014,0.7254,-0.014,0.4354,4.0043,0.0,0.0,0.0,0.0,no_change,0.0,,0.0,4.14999997615814,339.815,2026-09-28 18:44:43,2026-09-28 14:45:04
AAPL,AAPL280616C00640000,AAPL,2028-06-16,C,640.0,3.4,63.0,5.0,601.0,0.2712,0.0,0.0,0.081,0.0013,0.6851,-0.0132,0.403,3.6492,0.0,0.0,0.0,0.0,no_change,0.0,,0.0,3.75,339.815,2026-09-28 18:44:43,2026-09-28 14:45:04
AAPL,AAPL280616C00650000,AAPL,2028-06-16,C,650.0,3.15,29.0,3.6,66.0,0.2642,25.0,0.0,0.0749,0.0012,0.6464,-0.0125,0.3726,3.3291,0.0,0.0,0.0,0.0,down,3.3,2026-09-24T10:15:08,0.0,3.44999992847443,339.815,2026-09-28 18:44:43,2026-09-28 14:45:04
AAPL,AAPL280616C00660000,AAPL,2028-06-16,C,660.0,2.67,276.0,3.4,68.0,0.2638,25.0,0.0,0.0692,0.0011,0.6092,-0.0118,0.3445,3.0408,0.0,0.0,0.0,0.0,down,3.33,2026-09-22T13:52:33,0.0,3.2150000333786,339.815,2026-09-28 18:44:43,2026-09-28 14:45:04
AAPL,AAPL280616C00670000,AAPL,2028-06-16,C,670.0,2.46,426.0,3.1,347.0,0.2644,5.0,0.0,0.0641,0.0011,0.5744,-0.0111,0.3192,2.7806,0.0,0.0,0.0,0.0,up,2.8,2026-09-25T15:01:52,0.0,2.89000010490418,339.815,2026-09-28 18:44:43,2026-09-28 14:45:04
AAPL,AAPL280616P00050000,AAPL,2028-06-16,P,50.0,0.0,0.0,2.65,311.0,0.8073,0.0,0.0,-0.0012,0.0,0.0174,-0.0007,-0.0079,0.0956,0.0,0.0,0.0,0.0,no_change,0.0,,0.0,1.32500004768372,339.815,2026-09-28 18:44:43,2026-09-28 14:45:04
AAPL,AAPL280616P00055000,AAPL,2028-06-16,P,55.0,0.0,0.0,4.3,444.0,0.839,0.0,0.0,-0.0014,0.0,0.0208,-0.0008,-0.0095,0.1137,0.0,0.0,0.0,0.0,no_change,0.0,,0.0,1.42999994754791,339.815,2026-09-28 18:44:43,2026-09-28 14:45:04
AAPL,AAPL280616P00060000,AAPL,2028-06-16,P,60.0,0.0,0.0,2.65,351.0,0.7318,0.0,0.0,-0.0017,0.0,0.0246,-0.001,-0.0113,0.1338,0.0,0.0,0.0,0.0,no_change,0.0,,0.0,1.33000004291534,339.815,2026-09-28 18:44:43,2026-09-28 14:45:04
AAPL,AAPL280616P00065000,AAPL,2028-06-16,P,65.0,0.0,0.0,2.66,534.0,0.6997,0.0,0.0,-0.002,0.0,0.0289,-0.0011,-0.0134,0.1564,0.0,0.0,0.0,0.0,no_change,0.0,,0.0,1.33000004291534,339.815,2026-09-28 18:44:43,2026-09-28 14:45:04
AAPL,AAPL280616P00070000,AAPL,2028-06-16,P,70.0,0.0,0.0,2.66,436.0,0.6698,0.0,0.0,-0.0023,0.0,0.0334,-0.0012,-0.0158,0.1816,0.0,0.0,0.0,0.0,no_change,0.0,,0.0,1.33000004291534,339.815,2026-09-28 18:44:43,2026-09-28 14:45:04
AAPL,AAPL280616P00075000,AAPL,2028-06-16,P,75.0,0.0,0.0,2.66,528.0,0.6422,0.0,0.0,-0.0027,0.0,0.0385,-0.0014,-0.0183,0.2096,0.0,0.0,0.0,0.0,no_change,0.0,,0.0,1.33000004291534,339.815,2026-09-28 18:44:43,2026-09-28 14:45:04
AAPL,AAPL280616P00080000,AAPL,2028-06-16,P,80.0,0.0,0.0,2.66,588.0,0.6166,0.0,0.0,-0.0032,0.0,0.0443,-0.0016,-0.0213,0.2406,0.0,0.0,0.0,0.0,no_change,0.0,,0.0,1.33000004291534,339.815,2026-09-28 18:44:43,2026-09-28 14:45:04
AAPL,AAPL280616P00085000,AAPL,2028-06-16,P,85.0,0.0,0.0,2.66,573.0,0.5926,0.0,0.0,-0.0037,0.0,0.0506,-0.0018,-0.0246,0.2754,0.0,0.0,0.0,0.0,no_change,0.0,,0.0,1.33000004291534,339.815,2026-09-28 18:44:43,2026-09-28 14:45:04
AAPL,AAPL280616P00090000,AAPL,2028-06-16,P,90.0,0.0,0.0,0.51,620.0,0.45,0.0,0.0,-0.0043,0.0001,0.0574,-0.0019,-0.0283,0.3142,0.0,0.0,0.0,0.0,no_change,0.0,,0.0,0.360000014305115,339.815,2026-09-28 18:44:43,2026-09-28 14:45:04
AAPL,AAPL280616P00095000,AAPL,2028-06-16,P,95.0,0.0,0.0,0.75,737.0,0.4547,80.0,0.0,-0.0049,0.0001,0.0648,-0.0022,-0.0322,0.3575,0.0,0.0,0.0,0.0,up,0.32,2026-09-21T10:42:21,0.0,0.479999989271164,339.815,2026-09-28 18:44:43,2026-09-28 14:45:04
AAPL,AAPL280616P00100000,AAPL,2028-06-16,P,100.0,0.0,0.0,0.8,736.0,0.4419,0.0,0.0,-0.0056,0.0001,0.0732,-0.0024,-0.0367,0.4054,0.0,0.0,0.0,0.0,no_change,0.0,,0.0,0.409999996423721,339.815,2026-09-28 18:44:43,2026-09-28 14:45:04
AAPL,AAPL280616P00105000,AAPL,2028-06-16,P,105.0,0.01,654.0,1.07,752.0,0.4437,0.0,0.0,-0.0064,0.0001,0.0826,-0.0026,-0.0419,0.4591,0.0,0.0,0.0,0.0,no_change,0.0,,0.0,0.449999988079071,339.815,2026-09-28 18:44:43,2026-09-28 14:45:04
AAPL,AAPL280616P00110000,AAPL,2028-06-16,P,110.0,0.0,0.0,1.14,770.0,0.4313,0.0,0.0,-0.0073,0.0001,0.0925,-0.0029,-0.0478,0.5192,0.0,0.0,0.0,0.0,no_change,0.0,,0.0,0.515000013634562,339.815,2026-09-28 18:44:43,2026-09-28 14:45:04
AAPL,AAPL280616P00115000,AAPL,2028-06-16,P,115.0,0.03,703.0,0.82,588.0,0.3997,0.0,0.0,-0.0083,0.0001,0.103,-0.0032,-0.0538,0.5865,0.0,0.0,0.0,0.0,no_change,0.0,,0.0,0.625,339.815,2026-09-28 18:44:43,2026-09-28 14:45:04
AAPL,AAPL280616P00120000,AAPL,2028-06-16,P,120.0,0.1,708.0,0.91,588.0,0.395,0.0,0.0,-0.0094,0.0001,0.115,-0.0035,-0.0608,0.6612,0.0,0.0,0.0,0.0,no_change,0.0,,0.0,0.760000020265579,339.815,2026-09-28 18:44:43,2026-09-28 14:45:04
AAPL,AAPL280616P00125000,AAPL,2028-06-16,P,125.0,0.23,678.0,1.23,703.0,0.4024,0.0,0.0,-0.0106,0.0002,0.1283,-0.0038,-0.0686,0.7446,0.0,0.0,0.0,0.0,no_change,0.0,,0.0,0.845000021159649,339.815,2026-09-28 18:44:43,2026-09-28 14:45:04
AAPL,AAPL280616P00130000,AAPL,2028-06-16,P,130.0,0.6,163.0,1.02,165.0,0.3949,0.0,0.0,-0.012,0.0002,0.1428,-0.0042,-0.0773,0.838,0.0,0.0,0.0,0.0,no_change,0.0,,0.0,0.819999992847443,339.815,2026-09-28 18:44:43,2026-09-28 14:45:04
AAPL,AAPL280616P00135000,AAPL,2028-06-16,P,135.0,0.67,282.0,1.13,146.0,0.3879,0.0,0.0,-0.0135,0.0002,0.1576,-0.0046,-0.087,0.9424,0.0,0.0,0.0,0.0,no_change,0.0,,0.0,1.00499999523163,339.815,2026-09-28 18:44:43,2026-09-28 14:45:04
AAPL,AAPL280616P00140000,AAPL,2028-06-16,P,140.0,0.86,118.0,1.34,491.0,0.3873,2.0,0.0,-0.0152,0.0002,0.1743,-0.005,-0.0972,1.0581,0.0,0.0,0.0,0.0,up,1.0,2026-09-21T13:47:11,0.0,1.07500001788139,339.815,2026-09-28 18:44:43,2026-09-28 14:45:04
AAPL,AAPL280616P00145000,AAPL,2028-06-16,P,145.0,0.97,152.0,1.44,360.0,0.3802,0.0,0.0,-0.0171,0.0002,0.1928,-0.0054,-0.1093,1.187,0.0,0.0,0.0,0.0,no_change,0.0,,0.0,1.18500000238419,339.815,2026-09-28 18:44:43,2026-09-28 14:45:04
AAPL,AAPL280616P00150000,AAPL,2028-06-16,P,150.0,1.06,285.0,1.74,561.0,0.3773,0.0,0.0,-0.0191,0.0003,0.2128,-0.0059,-0.1222,1.3307,0.0,0.0,0.0,0.0,no_change,0.0,,0.0,1.375,339.815,2026-09-28 18:44:43,2026-09-28 14:45:04
AAPL,AAPL280616P00155000,AAPL,2028-06-16,P,155.0,1.33,77.0,1.85,431.0,0.3732,0.0,0.0,-0.0214,0.0003,0.2332,-0.0064,-0.1368,1.4907,0.0,0.0,0.0,0.0,no_change,0.0,,0.0,1.52499997615814,339.815,2026-09-28 18:44:43,2026-09-28 14:45:04
AAPL,AAPL280616P00160000,AAPL,2028-06-16,P,160.0,1.35,330.0,2.07,458.0,0.3657,0.0,0.0,-0.0239,0.0004,0.2553,-0.007,-0.1514,1.6675,0.0,0.0,0.0,0.0,no_change,0.0,,0.0,1.71499997377396,339.815,2026-09-28 18:44:43,2026-09-28 14:45:04
AAPL,AAPL280616P00165000,AAPL,2028-06-16,P,165.0,1.48,429.0,2.27,427.0,0.3599,0.0,0.0,-0.0267,0.0004,0.2803,-0.0076,-0.1693,1.8628,0.0,0.0,0.0,0.0,no_change,0.0,,0.0,1.91000002622604,339.815,2026-09-28 18:44:43,2026-09-28 14:45:04
AAPL,AAPL280616P00170000,AAPL,2028-06-16,P,170.0,1.83,55.0,2.47,178.0,0.3574,0.0,0.0,-0.0297,0.0004,0.3066,-0.0082,-0.1879,2.0798,0.0,0.0,0.0,0.0,no_change,0.0,,0.0,2.19999998807907,339.815,2026-09-28 18:44:43,2026-09-28 14:45:04
AAPL,AAPL280616P00175000,AAPL,2028-06-16,P,175.0,1.99,418.0,2.81,544.0,0.3534,0.0,0.0,-0.033,0.0005,0.3336,-0.0088,-0.2084,2.3197,0.0,0.0,0.0,0.0,no_change,0.0,,0.0,2.375,339.815,2026-09-28 18:44:43,2026-09-28 14:45:04
AAPL,AAPL280616P00180000,AAPL,2028-06-16,P,180.0,2.18,491.0,3.05,483.0,0.3478,0.0,2.0,-0.0366,0.0005,0.3618,-0.0095,-0.2291,2.5844,-0.095,2.73,2.73,2.53,down,2.53,2026-09-28T13:18:56,-3.61905,2.625,339.815,2026-09-28 18:44:43,2026-09-28 14:45:04
AAPL,AAPL280616P00185000,AAPL,2028-06-16,P,185.0,2.6,349.0,3.35,474.0,0.3458,0.0,0.0,-0.0406,0.0006,0.3942,-0.0103,-0.254,2.8744,0.0,0.0,0.0,0.0,no_change,0.0,,0.0,2.95000004768372,339.815,2026-09-28 18:44:43,2026-09-28 14:45:04
AAPL,AAPL280616P00190000,AAPL,2028-06-16,P,190.0,2.95,304.0,3.6,350.0,0.3415,0.0,0.0,-0.0448,0.0006,0.4273,-0.011,-0.2804,3.1927,0.0,0.0,0.0,0.0,no_change,0.0,,0.0,3.25,339.815,2026-09-28 18:44:43,2026-09-28 14:45:04
AAPL,AAPL280616P00195000,AAPL,2028-06-16,P,195.0,3.2,337.0,3.95,180.0,0.3368,0.0,0.0,-0.0495,0.0007,0.4613,-0.0118,-0.3083,3.543,0.0,0.0,0.0,0.0,no_change,0.0,,0.0,3.64999997615814,339.815,2026-09-28 18:44:43,2026-09-28 14:45:04
AAPL,AAPL280616P00200000,AAPL,2028-06-16,P,200.0,3.55,328.0,4.45,302.0,0.3344,0.0,0.0,-0.0545,0.0008,0.4954,-0.0127,-0.3361,3.9256,0.0,0.0,0.0,0.0,no_change,0.0,,0.0,4.07499992847443,339.815,2026-09-28 18:44:43,2026-09-28 14:45:04
AAPL,AAPL280616P00210000,AAPL,2028-06-16,P,210.0,4.55,304.0,5.2,241.0,0.3281,20.0,6.0,-0.0657,0.0009,0.5744,-0.0144,-0.4048,4.797,-0.145,4.85,5.08,4.67,up,4.73,2026-09-28T13:18:25,-2.97436,4.875,339.815,2026-09-28 18:44:43,2026-09-28 14:45:04
AAPL,AAPL280616P00220000,AAPL,2028-06-16,P,220.0,5.55,43.0,6.45,287.0,0.3237,0.0,0.0,-0.0785,0.0011,0.6545,-0.0163,-0.4771,5.8286,0.0,0.0,0.0,0.0,no_change,0.0,,0.0,5.90000009536743,339.815,2026-09-28 18:44:43,2026-09-28 14:45:04
AAPL,AAPL280616P00230000,AAPL,2028-06-16,P,230.0,6.8,241.0,7.2,60.0,0.3153,12.0,10.0,-0.0933,0.0012,0.7448,-0.0183,-0.5649,7.0387,-0.175,6.9,7.3,6.9,down,7.0,2026-09-28T14:23:07,-2.43902,7.17499995231628,339.815,2026-09-28 18:44:43,2026-09-28 14:45:04
AAPL,AAPL280616P00240000,AAPL,2028-06-16,P,240.0,7.65,388.0,9.0,56.0,0.3095,0.0,1.0,-0.1099,0.0014,0.8345,-0.0204,-0.6542,8.4523,-0.225,8.25,8.25,8.25,down,8.25,2026-09-28T13:02:29,-2.65487,8.47499990463257,339.815,2026-09-28 18:44:43,2026-09-28 14:45:04
AAPL,AAPL280616P00250000,AAPL,2028-06-16,P,250.0,9.35,348.0,10.55,25.0,0.3053,10.0,0.0,-0.1285,0.0016,0.932,-0.0225,-0.7563,10.0811,0.0,0.0,0.0,0.0,up,10.23,2026-09-25T14:37:58,0.0,10.1500000953674,339.815,2026-09-28 18:44:43,2026-09-28 14:45:04
AAPL,AAPL280616P00260000,AAPL,2028-06-16,P,260.0,11.2,346.0,12.5,28.0,0.3016,1.0,0.0,-0.1492,0.0018,1.0257,-0.0247,-0.8648,11.9576,0.0,0.0,0.0,0.0,up,12.5,2026-09-21T12:50:33,0.0,12.0500001907349,339.815,2026-09-28 18:44:43,2026-09-28 14:45:04
AAPL,AAPL280616P00270000,AAPL,2028-06-16,P,270.0,13.55,275.0,14.5,142.0,0.2983,0.0,138.0,-0.172,0.002,1.1244,-0.0269,-0.9824,14.0879,-0.43,14.2,14.25,14.02,down,14.02,2026-09-28T14:01:36,-2.97578,14.4499998092651,339.815,2026-09-28 18:44:43,2026-09-28 14:45:04
AAPL,AAPL280616P00280000,AAPL,2028-06-16,P,280.0,15.85,413.0,17.05,274.0,0.295,504.0,225.0,-0.1968,0.0023,1.2167,-0.0291,-1.1037,16.5068,-0.115,15.1,16.41,15.1,up,16.41,2026-09-28T13:29:51,-0.695919,16.5250005722046,339.815,2026-09-28 18:44:43,2026-09-28 14:45:04
AAPL,AAPL280616P00290000,AAPL,2028-06-16,P,290.0,18.65,113.0,19.6,10.0,0.2916,2.0,0.0,-0.2236,0.0025,1.3078,-0.0312,-1.232,19.2222,0.0,0.0,0.0,0.0,up,19.46,2026-09-25T12:01:55,0.0,19.5,339.815,2026-09-28 18:44:43,2026-09-28 14:45:04
AAPL,AAPL280616P00300000,AAPL,2028-06-16,P,300.0,21.75,310.0,22.5,60.0,0.2884,16.0,308.0,-0.2526,0.0027,1.3926,-0.0333,-1.358,22.2507,-0.15,21.65,22.2,21.65,up,22.15,2026-09-28T13:52:43,-0.672647,22.3000001907349,339.815,2026-09-28 18:44:43,2026-09-28 14:45:04
AAPL,AAPL280616P00310000,AAPL,2028-06-16,P,310.0,24.65,338.0,25.95,170.0,0.2844,2.0,93.0,-0.2835,0.003,1.4702,-0.0352,-1.4876,25.6072,-0.35,25.3,25.4,25.3,no_change,25.35,2026-09-28T10:40:59,-1.36187,25.6999998092651,339.815,2026-09-28 18:44:43,2026-09-28 14:45:04
AAPL,AAPL280616P00320000,AAPL,2028-06-16,P,320.0,28.65,63.0,30.0,53.0,0.2841,1.0,6.0,-0.3161,0.0032,1.5376,-0.0371,-1.613,29.3351,-0.28,29.24,29.24,29.08,up,29.17,2026-09-28T14:01:36,-0.950767,29.4500007629394,339.815,2026-09-28 18:44:43,2026-09-28 14:45:04
AAPL,AAPL280616P00330000,AAPL,2028-06-16,P,330.0,32.7,42.0,34.1,100.0,0.2817,1.0,0.0,-0.3506,0.0034,1.5923,-0.0388,-1.7253,33.4094,0.0,0.0,0.0,0.0,up,33.92,2026-09-21T13:31:09,0.0,33.8249988555908,339.815,2026-09-28 18:44:43,2026-09-28 14:45:04
AAPL,AAPL280616P00340000,AAPL,2028-06-16,P,340.0,37.3,34.0,38.6,269.0,0.2802,6.0,4.0,-0.3866,0.0037,1.6374,-0.0404,-1.8392,37.8473,-0.175,36.7,37.6,36.7,up,37.6,2026-09-28T13:47:23,-0.463268,37.7749996185303,339.815,2026-09-28 18:44:43,2026-09-28 14:45:04
AAPL,AAPL280616P00350000,AAPL,2028-06-16,P,350.0,41.75,72.0,43.5,178.0,0.2773,0.0,0.0,-0.4242,0.0039,1.6633,-0.0419,-1.9273,42.6701,0.0,0.0,0.0,0.0,no_change,0.0,,0.0,42.6000003814697,339.815,2026-09-28 18:44:43,2026-09-28 14:45:04
AAPL,AAPL280616P00360000,AAPL,2028-06-16,P,360.0,47.3,11.0,48.65,148.0,0.2764,0.0,0.0,-0.463,0.0041,1.677,-0.0432,-2.019,47.866,0.0,0.0,0.0,0.0,no_change,0.0,,0.0,47.6499996185303,339.815,2026-09-28 18:44:43,2026-09-28 14:45:04
AAPL,AAPL280616P00370000,AAPL,2028-06-16,P,370.0,52.45,50.0,54.45,150.0,0.274,20.0,2.0,-0.503,0.0043,1.6703,-0.0443,-2.0695,53.4513,0.11,53.11,53.36,53.11,up,53.36,2026-09-28T13:17:43,0.206573,53.25,339.815,2026-09-28 18:44:43,2026-09-28 14:45:04
AAPL,AAPL280616P00380000,AAPL,2028-06-16,P,380.0,58.3,93.0,60.55,184.0,0.2725,23.0,0.0,-0.544,0.0045,1.6437,-0.0453,-2.1062,59.4264,0.0,0.0,0.0,0.0,no_change,60.25,2026-09-21T15:14:03,0.0,59.125,339.815,2026-09-28 18:44:43,2026-09-28 14:45:04
AAPL,AAPL280616P00390000,AAPL,2028-06-16,P,390.0,63.35,343.0,66.4,64.0,0.2653,0.0,0.0,-0.5858,0.0047,1.5898,-0.046,-2.0831,65.8004,0.0,0.0,0.0,0.0,no_change,0.0,,0.0,65.5,339.815,2026-09-28 18:44:43,2026-09-28 14:45:04
AAPL,AAPL280616P00400000,AAPL,2028-06-16,P,400.0,70.95,218.0,74.3,250.0,0.2701,0.0,2.0,-0.6283,0.0048,1.5365,-0.0466,-2.0439,72.5658,-0.715,71.79,71.79,71.66,down,71.66,2026-09-28T13:18:25,-0.98791,72.375,339.815,2026-09-28 18:44:43,2026-09-28 14:45:04
AAPL,AAPL280616P00410000,AAPL,2028-06-16,P,410.0,77.0,180.0,80.45,114.0,0.2614,0.0,0.0,-0.6714,0.005,1.4591,-0.0469,-1.9728,79.7221,0.0,0.0,0.0,0.0,no_change,0.0,,0.0,79.75,339.815,2026-09-28 18:44:43,2026-09-28 14:45:04
AAPL,AAPL280616P00420000,AAPL,2028-06-16,P,420.0,85.9,172.0,88.55,227.0,0.2672,0.0,0.0,-0.715,0.0052,1.346,-0.0469,-1.9392,87.2606,0.0,0.0,0.0,0.0,no_change,0.0,,0.0,86.8999977111816,339.815,2026-09-28 18:44:43,2026-09-28 14:45:04
AAPL,AAPL280616P00430000,AAPL,2028-06-16,P,430.0,93.35,304.0,96.15,231.0,0.2627,0.0,0.0,-0.7595,0.0053,1.2028,-0.0476,-1.7813,95.1957,0.0,0.0,0.0,0.0,no_change,0.0,,0.0,94.6499977111816,339.815,2026-09-28 18:44:43,2026-09-28 14:45:04
AAPL,AAPL280616P00440000,AAPL,2028-06-16,P,440.0,101.05,107.0,104.95,105.0,0.2606,1.0,0.0,-0.8028,0.0054,1.0388,-0.048,-1.5068,103.4844,0.0,0.0,0.0,0.0,down,104.15,2026-09-21T13:01:26,0.0,103.075000762939,339.815,2026-09-28 18:44:43,2026-09-28 14:45:04
AAPL,AAPL280616P00450000,AAPL,2028-06-16,P,450.0,110.95,10.0,113.3,104.0,0.2648,0.0,0.0,-0.8475,0.0056,0.901,-0.0477,-1.1384,112.1253,0.0,0.0,0.0,0.0,no_change,0.0,,0.0,111.625,339.815,2026-09-28 18:44:43,2026-09-28 14:45:04
AAPL,AAPL280616P00460000,AAPL,2028-06-16,P,460.0,118.5,119.0,122.4,119.0,0.2496,0.0,0.0,-0.8936,0.0058,0.703,-0.0488,-1.0766,121.1462,0.0,0.0,0.0,0.0,no_change,0.0,,0.0,120.674999237061,339.815,2026-09-28 18:44:43,2026-09-28 14:45:04
AAPL,AAPL280616P00470000,AAPL,2028-06-16,P,470.0,129.05,112.0,132.0,107.0,0.2638,0.0,0.0,-0.9305,0.0053,0.4414,-0.0466,-0.6304,130.5157,0.0,0.0,0.0,0.0,no_change,0.0,,0.0,129.925003051758,339.815,2026-09-28 18:44:43,2026-09-28 14:45:04
AAPL,AAPL280616P00480000,AAPL,2028-06-16,P,480.0,138.35,95.0,141.7,86.0,0.0,0.0,0.0,-0.9598,0.0037,0.1657,-0.0499,0.0,140.265,0.0,0.0,0.0,0.0,no_change,0.0,,0.0,139.75,339.815,2026-09-28 18:44:43,2026-09-28 14:45:04
AAPL,AAPL280616P00490000,AAPL,2028-06-16,P,490.0,148.1,123.0,152.3,120.0,0.0,0.0,0.0,-0.9821,0.0017,0.0,-0.0499,0.0,150.265,0.0,0.0,0.0,0.0,no_change,0.0,,0.0,149.0,339.815,2026-09-28 18:44:43,2026-09-28 14:45:04
AAPL,AAPL280616P00500000,AAPL,2028-06-16,P,500.0,158.0,81.0,161.8,6.0,0.0,0.0,0.0,-0.9954,0.0004,0.0,-0.0499,0.0,160.265,0.0,0.0,0.0,0.0,no_change,0.0,,0.0,159.224998474121,339.815,2026-09-28 18:44:43,2026-09-28 14:45:04
AAPL,AAPL280616P00510000,AAPL,2028-06-16,P,510.0,168.0,76.0,172.2,76.0,0.0,0.0,0.0,-1.0,0.0,0.0,-0.0499,0.0,170.265,0.0,0.0,0.0,0.0,no_change,0.0,,0.0,169.449996948242,339.815,2026-09-28 18:44:43,2026-09-28 14:45:04
AAPL,AAPL280616P00520000,AAPL,2028-06-16,P,520.0,178.0,81.0,182.5,81.0,0.0,0.0,0.0,-1.0,0.0,0.0,-0.0499,0.0,180.265,0.0,0.0,0.0,0.0,no_change,0.0,,0.0,179.300003051758,339.815,2026-09-28 18:44:43,2026-09-28 14:45:04
AAPL,AAPL280616P00530000,AAPL,2028-06-16,P,530.0,188.1,81.0,192.0,7.0,0.0,0.0,0.0,-1.0,0.0,0.0,-0.0499,0.0,190.265,0.0,0.0,0.0,0.0,no_change,0.0,,0.0,189.375,339.815,2026-09-28 18:44:43,2026-09-28 14:45:04
AAPL,AAPL280616P00540000,AAPL,2028-06-16,P,540.0,198.0,81.0,202.5,81.0,0.0,0.0,0.0,-1.0,0.0,0.0,-0.0499,0.0,200.265,0.0,0.0,0.0,0.0,no_change,0.0,,0.0,199.300003051758,339.815,2026-09-28 18:44:43,2026-09-28 14:45:04
AAPL,AAPL280616P00550000,AAPL,2028-06-16,P,550.0,208.0,76.0,212.5,81.0,0.0,0.0,0.0,-1.0,0.0,0.0,-0.0499,0.0,210.265,0.0,0.0,0.0,0.0,no_change,0.0,,0.0,209.25,339.815,2026-09-28 18:44:43,2026-09-28 14:45:04
AAPL,AAPL280616P00560000,AAPL,2028-06-16,P,560.0,218.0,9.0,222.5,81.0,0.0,0.0,0.0,-1.0,0.0,0.0,-0.0499,0.0,220.265,0.0,0.0,0.0,0.0,no_change,0.0,,0.0,219.25,339.815,2026-09-28 18:44:43,2026-09-28 14:45:04
AAPL,AAPL280616P00570000,AAPL,2028-06-16,P,570.0,228.0,9.0,232.3,10.0,0.0,0.0,0.0,-1.0,0.0,0.0,-0.0499,0.0,230.265,0.0,0.0,0.0,0.0,no_change,0.0,,0.0,229.150001525879,339.815,2026-09-28 18:44:43,2026-09-28 14:45:04
AAPL,AAPL280616P00580000,AAPL,2028-06-16,P,580.0,238.0,10.0,242.35,10.0,0.0,0.0,0.0,-1.0,0.0,0.0,-0.0499,0.0,240.265,0.0,0.0,0.0,0.0,no_change,0.0,,0.0,239.25,339.815,2026-09-28 18:44:43,2026-09-28 14:45:04
AAPL,AAPL280616P00590000,AAPL,2028-06-16,P,590.0,248.0,10.0,252.5,11.0,0.0,0.0,0.0,-1.0,0.0,0.0,-0.0499,0.0,250.265,0.0,0.0,0.0,0.0,no_change,0.0,,0.0,249.0,339.815,2026-09-28 18:44:43,2026-09-28 14:45:04
AAPL,AAPL280616P00600000,AAPL,2028-06-16,P,600.0,258.0,8.0,262.5,10.0,0.0,0.0,0.0,-1.0,0.0,0.0,-0.0499,0.0,260.265,0.0,0.0,0.0,0.0,no_change,0.0,,0.0,259.0,339.815,2026-09-28 18:44:43,2026-09-28 14:45:04
AAPL,AAPL280616P00610000,AAPL,2028-06-16,P,610.0,268.0,6.0,272.5,9.0,0.0,0.0,0.0,-1.0,0.0,0.0,-0.0499,0.0,270.265,0.0,0.0,0.0,0.0,no_change,0.0,,0.0,269.0,339.815,2026-09-28 18:44:43,2026-09-28 14:45:04
AAPL,AAPL280616P00620000,AAPL,2028-06-16,P,620.0,278.0,6.0,282.5,10.0,0.0,0.0,0.0,-1.0,0.0,0.0,-0.0499,0.0,280.265,0.0,0.0,0.0,0.0,no_change,0.0,,0.0,279.0,339.815,2026-09-28 18:44:43,2026-09-28 14:45:04
AAPL,AAPL280616P00630000,AAPL,2028-06-16,P,630.0,288.0,6.0,292.5,9.0,0.0,0.0,0.0,-1.0,0.0,0.0,-0.0499,0.0,290.265,0.0,0.0,0.0,0.0,no_change,0.0,,0.0,289.0,339.815,2026-09-28 18:44:43,2026-09-28 14:45:04
AAPL,AAPL280616P00640000,AAPL,2028-06-16,P,640.0,298.0,6.0,302.5,9.0,0.0,0.0,0.0,-1.0,0.0,0.0,-0.0499,0.0,300.265,0.0,0.0,0.0,0.0,no_change,0.0,,0.0,299.0,339.815,2026-09-28 18:44:43,2026-09-28 14:45:04
AAPL,AAPL280616P00650000,AAPL,2028-06-16,P,650.0,308.0,8.0,312.5,9.0,0.0,0.0,0.0,-1.0,0.0,0.0,-0.0499,0.0,310.265,0.0,0.0,0.0,0.0,no_change,0.0,,0.0,309.024993896484,339.815,2026-09-28 18:44:43,2026-09-28 14:45:04
AAPL,AAPL280616P00660000,AAPL,2028-06-16,P,660.0,317.8,6.0,322.5,9.0,0.0,0.0,0.0,-1.0,0.0,0.0,-0.0499,0.0,320.265,0.0,0.0,0.0,0.0,no_change,0.0,,0.0,319.0,339.815,2026-09-28 18:44:43,2026-09-28 14:45:04
AAPL,AAPL280616P00670000,AAPL,2028-06-16,P,670.0,327.5,8.0,332.5,2.0,0.0,0.0,0.0,-1.0,0.0,0.0,-0.0499,0.0,330.265,0.0,0.0,0.0,0.0,no_change,0.0,,0.0,329.0,339.815,2026-09-28 18:44:43,2026-09-28 14:45:04
AAPL,AAPL281215C00005000,AAPL,2028-12-15,C,5.0,332.5,2.0,337.5,2.0,0.0,57.0,0.0,1.0,0.0,0.0005,0.0,0.0264,335.5984,0.0,0.0,0.0,0.0,up,333.0,2026-09-24T10:07:21,0.0,336.0,339.815,2026-09-28 18:44:43,2026-09-28 14:45:04
AAPL,AAPL281215C00010000,AAPL,2028-12-15,C,10.0,327.5,2.0,332.5,2.0,0.0,48.0,0.0,1.0,0.0,0.0003,0.0,0.058,330.7232,0.0,0.0,0.0,0.0,down,331.65,2026-09-22T13:53:57,0.0,331.0,339.815,2026-09-28 18:44:43,2026-09-28 14:45:04
AAPL,AAPL281215C00015000,AAPL,2028-12-15,C,15.0,323.0,2.0,328.0,2.0,0.0,74.0,0.0,1.0,0.0,0.0005,0.0,0.0944,325.8674,0.0,0.0,0.0,0.0,up,318.15,2026-07-16T14:55:37,0.0,326.5,339.815,2026-09-28 18:44:43,2026-09-28 14:45:04
AAPL,AAPL281215C00020000,AAPL,2028-12-15,C,20.0,318.5,2.0,323.5,2.0,0.0,2.0,0.0,1.0,0.0,0.0038,0.0,0.1837,321.0572,0.0,0.0,0.0,0.0,down,242.96,2026-03-03T15:33:09,0.0,322.0,339.815,2026-09-28 18:44:43,2026-09-28 14:45:04
AAPL,AAPL281215C00025000,AAPL,2028-12-15,C,25.0,314.0,2.0,319.0,2.0,0.6821,17.0,2.0,1.0,0.0,0.0076,0.0,0.4848,316.4569,-1.0,317.3,317.3,316.5,down,316.5,2026-09-28T11:56:28,-0.314961,317.5,339.815,2026-09-28 18:44:43,2026-09-28 14:45:04
AAPL,AAPL281215C00030000,AAPL,2028-12-15,C,30.0,309.5,2.0,314.5,2.0,0.6127,101.0,0.0,1.0,0.0,0.01,0.0,0.5847,311.9949,0.0,0.0,0.0,0.0,up,312.07,2026-09-22T13:52:33,0.0,313.0,339.815,2026-09-28 18:44:43,2026-09-28 14:45:04
AAPL,AAPL281215C00035000,AAPL,2028-12-15,C,35.0,305.0,2.0,310.0,2.0,0.5428,1.0,0.0,1.0,0.0,0.013,0.0,0.6802,307.5378,0.0,0.0,0.0,0.0,down,221.31,2026-01-26T11:18:50,0.0,308.5,339.815,2026-09-28 18:44:43,2026-09-28 14:45:04
AAPL,AAPL281215C00040000,AAPL,2028-12-15,C,40.0,300.5,2.0,305.5,2.0,0.4375,9.0,0.0,1.0,0.0,0.0166,0.0,0.7797,303.0853,0.0,0.0,0.0,0.0,down,244.55,2026-06-29T14:27:41,0.0,304.0,339.815,2026-09-28 18:44:43,2026-09-28 14:45:04
AAPL,AAPL281215C00045000,AAPL,2028-12-15,C,45.0,296.0,2.0,301.0,2.0,0.0,6.0,0.0,1.0,0.0,0.0202,0.0,0.894,298.6424,0.0,0.0,0.0,0.0,up,267.35,2026-08-10T09:30:01,0.0,299.5,339.815,2026-09-28 18:44:43,2026-09-28 14:45:04
AAPL,AAPL281215C00050000,AAPL,2028-12-15,C,50.0,291.5,2.0,296.5,2.0,0.0,1370.0,1.0,1.0,0.0,0.0244,0.0,1.0011,294.2148,-1.5,293.5,293.5,293.5,up,293.5,2026-09-28T10:49:22,-0.508475,295.0,339.815,2026-09-28 18:44:43,2026-09-28 14:45:04
AAPL,AAPL281215C00060000,AAPL,2028-12-15,C,60.0,283.0,2.0,288.0,2.0,0.5294,201.0,0.0,1.0,0.0,0.0344,0.0,1.1926,285.3714,0.0,0.0,0.0,0.0,down,275.05,2026-09-15T12:18:23,0.0,286.0,339.815,2026-09-28 18:44:43,2026-09-28 14:45:04
AAPL,AAPL281215C00070000,AAPL,2028-12-15,C,70.0,274.0,2.0,279.0,2.0,0.462,256.0,0.0,1.0,0.0,0.0465,0.0,1.3826,276.5413,0.0,0.0,0.0,0.0,no_change,274.2,2026-09-21T15:12:59,0.0,277.5,339.815,2026-09-28 18:44:43,2026-09-28 14:45:04
AAPL,AAPL281215C00080000,AAPL,2028-12-15,C,80.0,265.0,2.0,270.0,2.0,0.3949,263.0,0.0,0.9994,0.0,0.0614,0.0,1.5706,267.7275,0.0,0.0,0.0,0.0,down,264.4,2026-09-24T14:54:19,0.0,268.5,339.815,2026-09-28 18:44:43,2026-09-28 14:45:04
AAPL,AAPL281215C00090000,AAPL,2028-12-15,C,90.0,256.5,2.0,260.8,2.0,0.3803,193.0,0.0,0.998,0.0001,0.0791,0.0,1.7562,258.9337,0.0,0.0,0.0,0.0,up,251.56,2026-09-16T11:42:30,0.0,259.074996948242,339.815,2026-09-28 18:44:43,2026-09-28 14:45:04
AAPL,AAPL281215C00100000,AAPL,2028-12-15,C,100.0,249.0,2.0,252.1,10.0,0.4502,3230.0,326.0,0.9964,0.0001,0.1006,0.0,1.9388,250.1646,-0.65,251.3,251.4,250.1,down,250.1,2026-09-28T12:12:20,-0.259222,250.75,339.815,2026-09-28 18:44:43,2026-09-28 14:45:04
AAPL,AAPL281215C00110000,AAPL,2028-12-15,C,110.0,239.0,15.0,243.85,20.0,0.402,1271.0,0.0,0.9944,0.0001,0.1258,0.0,2.1179,241.426,0.0,0.0,0.0,0.0,down,240.7,2026-09-22T15:15:37,0.0,241.75,339.815,2026-09-28 18:44:43,2026-09-28 14:45:04
AAPL,AAPL281215C00120000,AAPL,2028-12-15,C,120.0,230.5,10.0,235.0,15.0,0.3911,190.0,0.0,0.9919,0.0001,0.1558,0.0,2.2927,232.7244,0.0,0.0,0.0,0.0,down,227.2,2026-09-23T15:11:06,0.0,233.425003051758,339.815,2026-09-28 18:44:43,2026-09-28 14:45:04
AAPL,AAPL281215C00125000,AAPL,2028-12-15,C,125.0,226.0,10.0,231.0,10.0,0.39,71.0,1.0,0.9904,0.0002,0.1727,0.0,2.3781,228.39,-0.19,228.66,228.66,228.66,up,228.66,2026-09-28T09:30:02,-0.0830231,228.849998474121,339.815,2026-09-28 18:44:43,2026-09-28 14:45:04
AAPL,AAPL281215C00130000,AAPL,2028-12-15,C,130.0,221.55,10.0,226.5,10.0,0.3757,109.0,1.0,0.9889,0.0002,0.1906,0.0,2.4623,224.0679,-0.3,224.7,224.7,224.7,up,224.7,2026-09-28T12:56:58,-0.133333,225.0,339.815,2026-09-28 18:44:43,2026-09-28 14:45:04
AAPL,AAPL281215C00135000,AAPL,2028-12-15,C,135.0,217.5,10.0,221.55,10.0,0.3605,55.0,0.0,0.9871,0.0002,0.21,0.0,2.5452,219.7591,0.0,0.0,0.0,0.0,down,220.3,2026-09-22T10:55:45,0.0,219.974998474121,339.815,2026-09-28 18:44:43,2026-09-28 14:45:04
AAPL,AAPL281215C00140000,AAPL,2028-12-15,C,140.0,213.0,10.0,218.0,10.0,0.3695,153.0,0.0,0.9852,0.0002,0.231,0.0,2.6263,215.4648,0.0,0.0,0.0,0.0,down,209.81,2026-09-25T09:30:21,0.0,216.449996948242,339.815,2026-09-28 18:44:43,2026-09-28 14:45:04
AAPL,AAPL281215C00145000,AAPL,2028-12-15,C,145.0,209.0,10.0,213.5,10.0,0.3658,207.0,0.0,0.9831,0.0003,0.2535,0.0,2.7055,211.1866,0.0,0.0,0.0,0.0,up,207.45,2026-09-21T10:19:02,0.0,211.699996948242,339.815,2026-09-28 18:44:43,2026-09-28 14:45:04
AAPL,AAPL281215C00150000,AAPL,2028-12-15,C,150.0,204.5,16.0,208.35,10.0,0.3383,633.0,49.0,0.9808,0.0003,0.2772,0.0,2.783,206.9257,-0.8,209.52,209.52,206.75,down,206.75,2026-09-28T14:27:09,-0.385451,207.550003051758,339.815,2026-09-28 18:44:43,2026-09-28 14:45:04
AAPL,AAPL281215C00155000,AAPL,2028-12-15,C,155.0,200.5,41.0,205.0,161.0,0.3569,133.0,0.0,0.9783,0.0003,0.3023,0.0,2.8589,202.6833,0.0,0.0,0.0,0.0,up,190.95,2026-09-11T09:31:07,0.0,202.800003051758,339.815,2026-09-28 18:44:43,2026-09-28 14:45:04
AAPL,AAPL281215C00160000,AAPL,2028-12-15,C,160.0,196.5,12.0,200.9,22.0,0.358,293.0,0.0,0.9756,0.0004,0.3293,0.0,2.9325,198.4608,0.0,0.0,0.0,0.0,up,192.36,2026-09-14T14:44:16,0.0,198.949996948242,339.815,2026-09-28 18:44:43,2026-09-28 14:45:04
AAPL,AAPL281215C00165000,AAPL,2028-12-15,C,165.0,192.1,30.0,196.5,18.0,0.348,305.0,0.0,0.9726,0.0004,0.358,0.0,3.0036,194.2599,0.0,0.0,0.0,0.0,up,192.5,2026-09-21T14:47:49,0.0,194.324996948242,339.815,2026-09-28 18:44:43,2026-09-28 14:45:04
AAPL,AAPL281215C00170000,AAPL,2028-12-15,C,170.0,188.0,37.0,192.5,18.0,0.3477,123.0,0.0,0.9694,0.0004,0.388,0.0,3.0724,190.0823,0.0,0.0,0.0,0.0,up,183.02,2026-09-17T11:15:38,0.0,190.175003051758,339.815,2026-09-28 18:44:43,2026-09-28 14:45:04
AAPL,AAPL281215C00175000,AAPL,2028-12-15,C,175.0,184.0,47.0,188.5,238.0,0.3475,561.0,0.0,0.966,0.0005,0.4193,0.0,3.1392,185.9293,0.0,0.0,0.0,0.0,up,183.0,2026-09-23T14:01:26,0.0,186.099998474121,339.815,2026-09-28 18:44:43,2026-09-28 14:45:04
AAPL,AAPL281215C00180000,AAPL,2028-12-15,C,180.0,180.0,15.0,184.0,306.0,0.341,445.0,0.0,0.9623,0.0005,0.4524,0.0,3.2036,181.8023,0.0,0.0,0.0,0.0,down,179.75,2026-09-21T14:47:44,0.0,181.849998474121,339.815,2026-09-28 18:44:43,2026-09-28 14:45:04
AAPL,AAPL281215C00185000,AAPL,2028-12-15,C,185.0,175.7,46.0,180.0,177.0,0.3365,149.0,50.0,0.9583,0.0006,0.4873,0.0,3.2648,177.7032,1.56,179.17,179.31,179.17,up,179.31,2026-09-28T10:22:30,0.877637,177.75,339.815,2026-09-28 18:44:43,2026-09-28 14:45:04
AAPL,AAPL281215C00190000,AAPL,2028-12-15,C,190.0,171.5,159.0,176.0,319.0,0.3327,1175.0,0.0,0.9541,0.0006,0.5236,0.0,3.323,173.634,0.0,0.0,0.0,0.0,down,173.15,2026-09-22T15:07:02,0.0,173.575004577637,339.815,2026-09-28 18:44:43,2026-09-28 14:45:04
AAPL,AAPL281215C00195000,AAPL,2028-12-15,C,195.0,168.2,77.0,172.0,454.0,0.3366,2000.0,0.0,0.9495,0.0007,0.5609,0.0,3.3787,169.5963,0.0,0.0,0.0,0.0,down,165.95,2026-09-24T10:33:09,0.0,169.550003051758,339.815,2026-09-28 18:44:43,2026-09-28 14:45:04
AAPL,AAPL281215C00200000,AAPL,2028-12-15,C,200.0,163.8,44.0,167.4,171.0,0.325,2849.0,2.0,0.9447,0.0007,0.5995,0.0,3.4318,165.5912,1.53,167.13,167.18,167.13,up,167.18,2026-09-28T10:22:16,0.923633,165.650001525879,339.815,2026-09-28 18:44:43,2026-09-28 14:45:04
AAPL,AAPL281215C00210000,AAPL,2028-12-15,C,210.0,155.8,128.0,158.8,48.0,0.3139,561.0,0.0,0.9341,0.0008,0.6818,0.0,3.5275,157.6867,0.0,0.0,0.0,0.0,up,155.0,2026-09-25T10:50:54,0.0,157.5,339.815,2026-09-28 18:44:43,2026-09-28 14:45:04
AAPL,AAPL281215C00220000,AAPL,2028-12-15,C,220.0,148.0,178.0,151.3,134.0,0.3113,1749.0,0.0,0.9222,0.001,0.7674,0.0,3.6107,149.9357,0.0,0.0,0.0,0.0,up,150.2,2026-09-25T15:16:41,0.0,150.550003051758,339.815,2026-09-28 18:44:43,2026-09-28 14:45:04
AAPL,AAPL281215C00230000,AAPL,2028-12-15,C,230.0,140.45,280.0,144.55,311.0,0.3126,898.0,12.0,0.909,0.0011,0.8577,0.0,3.6803,142.3496,1.27,143.87,143.87,143.87,up,143.87,2026-09-28T09:30:33,0.890599,142.600006103516,339.815,2026-09-28 18:44:43,2026-09-28 14:45:04
AAPL,AAPL281215C00240000,AAPL,2028-12-15,C,240.0,133.9,60.0,137.0,282.0,0.3123,1738.0,0.0,0.8945,0.0012,0.9502,-0.0011,3.7353,134.9438,0.0,0.0,0.0,0.0,up,134.7,2026-09-25T15:02:49,0.0,135.700004577637,339.815,2026-09-28 18:44:43,2026-09-28 14:45:04
AAPL,AAPL281215C00250000,AAPL,2028-12-15,C,250.0,126.7,70.0,129.45,302.0,0.3066,2592.0,2.0,0.8787,0.0014,1.0444,-0.0036,3.7776,127.7282,1.55,129.55,129.55,129.55,no_change,129.55,2026-09-28T10:09:16,1.21094,128.0,339.815,2026-09-28 18:44:43,2026-09-28 14:45:04
AAPL,AAPL281215C00260000,AAPL,2028-12-15,C,260.0,119.95,47.0,122.5,318.0,0.3044,1481.0,22.0,0.8616,0.0015,1.14,-0.006,3.8034,120.7164,-0.36,122.85,123.1,120.79,down,120.79,2026-09-28T13:56:26,-0.297154,121.150001525879,339.815,2026-09-28 18:44:43,2026-09-28 14:45:04
AAPL,AAPL281215C00270000,AAPL,2028-12-15,C,270.0,112.8,95.0,114.15,12.0,0.2932,2266.0,4.0,0.8432,0.0016,1.2339,-0.0084,3.8176,113.9178,0.75,114.95,114.95,114.95,up,114.95,2026-09-28T11:31:32,0.656745,114.199996948242,339.815,2026-09-28 18:44:43,2026-09-28 14:45:04
AAPL,AAPL281215C00280000,AAPL,2028-12-15,C,280.0,106.35,135.0,109.1,316.0,0.2968,2095.0,123.0,0.8237,0.0018,1.3277,-0.0108,3.8153,107.3415,1.0,109.5,109.5,108.0,up,108.75,2026-09-28T11:51:45,0.928074,107.75,339.815,2026-09-28 18:44:43,2026-09-28 14:45:04
AAPL,AAPL281215C00290000,AAPL,2028-12-15,C,290.0,100.2,100.0,102.05,213.0,0.2921,1901.0,1.0,0.803,0.0019,1.4175,-0.013,3.8012,100.9976,1.475,102.5,102.5,102.5,up,102.5,2026-09-28T09:34:38,1.46003,101.025001525879,339.815,2026-09-28 18:44:43,2026-09-28 14:45:04
AAPL,AAPL281215C00300000,AAPL,2028-12-15,C,300.0,94.3,53.0,95.85,287.0,0.2899,3767.0,10.0,0.7814,0.002,1.5041,-0.0151,3.7739,94.8896,-0.095,95.69,96.04,94.63,up,95.13,2026-09-28T14:21:49,-0.0997621,95.2249984741211,339.815,2026-09-28 18:44:43,2026-09-28 14:45:04
AAPL,AAPL281215C00310000,AAPL,2028-12-15,C,310.0,88.15,71.0,89.5,61.0,0.2851,2680.0,7.0,0.7588,0.0022,1.5862,-0.0171,3.7325,89.0265,-0.025,89.78,89.78,88.75,down,88.75,2026-09-28T14:21:49,-0.0281585,88.7749977111816,339.815,2026-09-28 18:44:43,2026-09-28 14:45:04
AAPL,AAPL281215C00320000,AAPL,2028-12-15,C,320.0,82.55,123.0,84.3,279.0,0.2843,3572.0,2.0,0.7354,0.0023,1.6618,-0.019,3.6828,83.4095,0.045,86.2,86.2,83.97,down,83.97,2026-09-28T10:56:00,0.0536202,83.9249992370606,339.815,2026-09-28 18:44:43,2026-09-28 14:45:04
AAPL,AAPL281215C00330000,AAPL,2028-12-15,C,330.0,77.2,155.0,79.3,398.0,0.2834,3037.0,9.0,0.7114,0.0024,1.7321,-0.0207,3.6187,78.0417,-0.55,79.52,79.52,77.8,no_change,77.8,2026-09-28T14:01:17,-0.701981,78.3500022888184,339.815,2026-09-28 18:44:43,2026-09-28 14:45:04
AAPL,AAPL281215C00340000,AAPL,2028-12-15,C,340.0,72.15,242.0,73.75,331.0,0.2804,8219.0,22.0,0.6868,0.0025,1.7946,-0.0222,3.5471,72.9261,-0.345,74.75,74.75,72.93,down,72.93,2026-09-28T14:25:05,-0.470831,73.2750015258789,339.815,2026-09-28 18:44:43,2026-09-28 14:45:04
AAPL,AAPL281215C00350000,AAPL,2028-12-15,C,350.0,67.05,343.0,69.25,393.0,0.279,4276.0,14.0,0.6618,0.0026,1.8497,-0.0236,3.4671,68.0587,0.575,68.33,69.19,68.33,no_change,69.0,2026-09-28T11:53:15,0.840337,68.4249992370606,339.815,2026-09-28 18:44:43,2026-09-28 14:45:04
AAPL,AAPL281215C00360000,AAPL,2028-12-15,C,360.0,63.0,147.0,63.9,98.0,0.2769,1626.0,4.0,0.6364,0.0027,1.8972,-0.0248,3.3764,63.4415,0.35,63.67,64.05,63.67,up,64.05,2026-09-28T12:53:17,0.549449,63.7000007629394,339.815,2026-09-28 18:44:43,2026-09-28 14:45:04
AAPL,AAPL281215C00370000,AAPL,2028-12-15,C,370.0,58.45,164.0,59.8,348.0,0.2756,2765.0,5.0,0.611,0.0028,1.9362,-0.0258,3.2829,59.07,-0.4,59.0,59.0,59.0,up,59.0,2026-09-28T13:19:31,-0.6734,59.3999996185303,339.815,2026-09-28 18:44:43,2026-09-28 14:45:04
AAPL,AAPL281215C00380000,AAPL,2028-12-15,C,380.0,54.55,77.0,55.6,192.0,0.2746,1794.0,0.0,0.5855,0.0028,1.9671,-0.0267,3.1814,54.9385,0.0,0.0,0.0,0.0,up,55.0,2026-09-25T14:32:30,0.0,55.3250007629394,339.815,2026-09-28 18:44:43,2026-09-28 14:45:04
AAPL,AAPL281215C00390000,AAPL,2028-12-15,C,390.0,50.55,183.0,52.1,448.0,0.274,2957.0,41.0,0.5601,0.0029,1.9897,-0.0274,3.0744,51.0457,0.375,50.47,51.3,50.47,up,51.3,2026-09-28T11:20:45,0.736379,50.9249992370606,339.815,2026-09-28 18:44:43,2026-09-28 14:45:04
AAPL,AAPL281215C00400000,AAPL,2028-12-15,C,400.0,47.0,112.0,48.15,244.0,0.2724,4968.0,0.0,0.5348,0.0029,2.0044,-0.0279,2.9675,47.3823,0.0,0.0,0.0,0.0,no_change,47.0,2026-09-25T13:14:52,0.0,47.3249988555908,339.815,2026-09-28 18:44:43,2026-09-28 14:45:04
AAPL,AAPL281215C00410000,AAPL,2028-12-15,C,410.0,43.6,78.0,44.75,264.0,0.2714,1100.0,0.0,0.5099,0.0029,2.011,-0.0283,2.8545,43.9417,0.0,0.0,0.0,0.0,up,44.6,2026-09-25T15:53:43,0.0,44.2000007629394,339.815,2026-09-28 18:44:43,2026-09-28 14:45:04
AAPL,AAPL281215C00420000,AAPL,2028-12-15,C,420.0,40.15,232.0,41.6,502.0,0.27,906.0,4.0,0.4854,0.0029,2.01,-0.0286,2.7399,40.7191,0.725,40.82,41.75,40.82,up,41.75,2026-09-28T14:13:52,1.76722,41.0249996185303,339.815,2026-09-28 18:44:43,2026-09-28 14:45:04
AAPL,AAPL281215C00430000,AAPL,2028-12-15,C,430.0,36.75,299.0,38.1,26.0,0.2669,1519.0,0.0,0.4614,0.0029,2.0025,-0.0286,2.6277,37.7032,0.0,0.0,0.0,0.0,up,37.82,2026-09-25T14:13:33,0.0,37.75,339.815,2026-09-28 18:44:43,2026-09-28 14:45:04
AAPL,AAPL281215C00440000,AAPL,2028-12-15,C,440.0,34.45,150.0,35.8,452.0,0.2686,1285.0,0.0,0.438,0.0029,1.9876,-0.0286,2.5121,34.8859,0.0,0.0,0.0,0.0,down,32.9,2026-09-24T09:47:34,0.0,34.8249988555908,339.815,2026-09-28 18:44:43,2026-09-28 14:45:04
AAPL,AAPL281215C00450000,AAPL,2028-12-15,C,450.0,31.8,410.0,32.8,241.0,0.2668,5674.0,305.0,0.4152,0.0029,1.9666,-0.0285,2.3971,32.2608,0.375,33.0,33.35,32.25,up,32.75,2026-09-28T12:19:20,1.1583,32.3750009536743,339.815,2026-09-28 18:44:43,2026-09-28 14:45:04
AAPL,AAPL281215C00460000,AAPL,2028-12-15,C,460.0,29.1,212.0,30.85,550.0,0.2666,606.0,0.0,0.3931,0.0029,1.9408,-0.0282,2.2865,29.8161,0.0,0.0,0.0,0.0,up,30.75,2026-09-22T09:36:54,0.0,29.9000005722046,339.815,2026-09-28 18:44:43,2026-09-28 14:45:04
AAPL,AAPL281215C00470000,AAPL,2028-12-15,C,470.0,27.15,333.0,27.9,137.0,0.265,439.0,1.0,0.3717,0.0028,1.9094,-0.0279,2.1751,27.5424,0.575,28.0,28.0,28.0,no_change,28.0,2026-09-28T09:32:25,2.09663,27.4250001907349,339.815,2026-09-28 18:44:43,2026-09-28 14:45:04
AAPL,AAPL281215C00480000,AAPL,2028-12-15,C,480.0,24.8,439.0,25.9,179.0,0.2641,434.0,6.0,0.3511,0.0028,1.8728,-0.0274,2.065,25.433,0.395,25.87,25.87,25.87,up,25.87,2026-09-28T09:43:31,1.55054,25.4750003814697,339.815,2026-09-28 18:44:43,2026-09-28 14:45:04
AAPL,AAPL281215C00490000,AAPL,2028-12-15,C,490.0,22.9,412.0,23.9,178.0,0.2635,321.0,0.0,0.3314,0.0027,1.8335,-0.0269,1.9607,23.477,0.0,0.0,0.0,0.0,no_change,22.81,2026-09-24T12:10:36,0.0,23.7250003814697,339.815,2026-09-28 18:44:43,2026-09-28 14:45:04
AAPL,AAPL281215C00500000,AAPL,2028-12-15,C,500.0,21.1,205.0,22.55,547.0,0.2643,2169.0,50.0,0.3124,0.0027,1.7909,-0.0263,1.8585,21.6641,0.4,21.85,22.15,21.85,up,22.15,2026-09-28T10:22:30,1.83908,21.75,339.815,2026-09-28 18:44:43,2026-09-28 14:45:04
AAPL,AAPL281215C00510000,AAPL,2028-12-15,C,510.0,19.4,251.0,20.8,594.0,0.2636,315.0,0.0,0.2942,0.0026,1.7443,-0.0257,1.7572,19.9876,0.0,0.0,0.0,0.0,up,20.7,2026-09-22T12:57:40,0.0,20.2250003814697,339.815,2026-09-28 18:44:43,2026-09-28 14:45:04
AAPL,AAPL281215C00520000,AAPL,2028-12-15,C,520.0,17.75,433.0,19.15,406.0,0.2627,1977.0,1.0,0.277,0.0025,1.6959,-0.025,1.6614,18.4389,-0.06,18.54,18.54,18.54,down,18.54,2026-09-28T13:34:45,-0.322583,18.6000003814697,339.815,2026-09-28 18:44:43,2026-09-28 14:45:04
AAPL,AAPL281215C00530000,AAPL,2028-12-15,C,530.0,16.75,81.0,17.3,117.0,0.2624,172.0,0.0,0.2605,0.0024,1.6467,-0.0243,1.5707,17.0076,0.0,0.0,0.0,0.0,down,16.25,2026-09-24T09:53:32,0.0,17.1750001907349,339.815,2026-09-28 18:44:43,2026-09-28 14:45:04
AAPL,AAPL281215C00540000,AAPL,2028-12-15,C,540.0,15.4,110.0,16.55,484.0,0.2638,80.0,0.0,0.2449,0.0024,1.5954,-0.0236,1.4815,15.6866,0.0,0.0,0.0,0.0,up,15.17,2026-09-25T11:18:44,0.0,15.9250001907349,339.815,2026-09-28 18:44:43,2026-09-28 14:45:04
AAPL,AAPL281215C00550000,AAPL,2028-12-15,C,550.0,14.0,435.0,15.15,432.0,0.2624,372.0,2.0,0.23,0.0023,1.5422,-0.0228,1.3956,14.4696,0.175,14.65,14.7,14.65,up,14.7,2026-09-28T13:13:13,1.20482,14.5250000953674,339.815,2026-09-28 18:44:43,2026-09-28 14:45:04
AAPL,AAPL281215C00560000,AAPL,2028-12-15,C,560.0,13.15,86.0,13.9,498.0,0.2627,108.0,6.0,0.216,0.0022,1.4895,-0.022,1.3157,13.3483,0.05,14.1,14.1,13.59,down,13.6,2026-09-28T12:16:33,0.369002,13.5500001907349,339.815,2026-09-28 18:44:43,2026-09-28 14:45:04
AAPL,AAPL281215C00570000,AAPL,2028-12-15,C,570.0,12.05,98.0,12.6,201.0,0.2614,62.0,0.0,0.2027,0.0021,1.4373,-0.0213,1.2399,12.3147,0.0,0.0,0.0,0.0,up,12.24,2026-09-24T10:20:05,0.0,12.5,339.815,2026-09-28 18:44:43,2026-09-28 14:45:04
AAPL,AAPL281215C00580000,AAPL,2028-12-15,C,580.0,10.95,419.0,11.7,213.0,0.2609,176.0,2.0,0.1902,0.0021,1.3842,-0.0205,1.166,11.3633,0.375,11.73,11.9,11.73,up,11.9,2026-09-28T09:56:55,3.2538,11.5250000953674,339.815,2026-09-28 18:44:43,2026-09-28 14:45:04
AAPL,AAPL281215C00590000,AAPL,2028-12-15,C,590.0,10.1,390.0,10.7,95.0,0.2604,198.0,0.0,0.1784,0.002,1.3309,-0.0197,1.0959,10.4887,0.0,0.0,0.0,0.0,no_change,10.24,2026-09-24T15:57:40,0.0,10.6500000953674,339.815,2026-09-28 18:44:43,2026-09-28 14:45:04
AAPL,AAPL281215C00600000,AAPL,2028-12-15,C,600.0,9.3,447.0,9.9,157.0,0.2604,4410.0,227.0,0.1673,0.0019,1.279,-0.019,1.031,9.6844,0.0,9.8,10.05,9.7,no_change,9.95,2026-09-28T12:35:40,1.91693e-06,9.94999980926514,339.815,2026-09-28 18:44:43,2026-09-28 14:45:04
AAPL,AAPL281215P00005000,AAPL,2028-12-15,P,5.0,0.0,0.0,0.03,15.0,0.9642,855.0,0.0,0.0,0.0,0.0008,0.0,-0.0004,0.0052,0.0,0.0,0.0,0.0,no_change,0.01,2026-08-28T12:19:50,0.0,0.0649999976158142,339.815,2026-09-28 18:44:43,2026-09-28 14:45:04
AAPL,AAPL281215P00010000,AAPL,2028-12-15,P,10.0,0.0,0.0,0.28,168.0,0.9911,26.0,0.0,-0.0001,0.0,0.002,-0.0001,-0.001,0.012,0.0,0.0,0.0,0.0,up,0.02,2026-09-03T10:22:37,0.0,0.144999995827675,339.815,2026-09-28 18:44:43,2026-09-28 14:45:04
AAPL,AAPL281215P00015000,AAPL,2028-12-15,P,15.0,0.0,0.0,0.49,267.0,0.9288,6.0,0.0,-0.0002,0.0,0.0036,-0.0001,-0.0017,0.0203,0.0,0.0,0.0,0.0,up,0.04,2026-03-20T14:44:02,0.0,0.144999995827675,339.815,2026-09-28 18:44:43,2026-09-28 14:45:04
AAPL,AAPL281215P00020000,AAPL,2028-12-15,P,20.0,0.0,0.0,0.25,122.0,0.7726,64.0,0.0,-0.0003,0.0,0.0054,-0.0002,-0.0027,0.0303,0.0,0.0,0.0,0.0,no_change,0.06,2026-09-25T13:52:27,0.0,0.119999997317791,339.815,2026-09-28 18:44:43,2026-09-28 14:45:04
AAPL,AAPL281215P00025000,AAPL,2028-12-15,P,25.0,0.02,3.0,0.3,258.0,0.7299,92.0,0.0,-0.0004,0.0,0.0077,-0.0003,-0.0038,0.042,0.0,0.0,0.0,0.0,no_change,0.05,2026-08-25T14:44:32,0.0,0.160000005736947,339.815,2026-09-28 18:44:43,2026-09-28 14:45:04
AAPL,AAPL281215P00030000,AAPL,2028-12-15,P,30.0,0.0,0.0,0.51,580.0,0.7167,76.0,0.0,-0.0006,0.0,0.0102,-0.0004,-0.0052,0.0557,0.0,0.0,0.0,0.0,down,0.39,2026-07-27T09:47:41,0.0,0.155000001192093,339.815,2026-09-28 18:44:43,2026-09-28 14:45:04
AAPL,AAPL281215P00035000,AAPL,2028-12-15,P,35.0,0.0,0.0,0.49,577.0,0.6675,426.0,0.0,-0.0007,0.0,0.0132,-0.0004,-0.0068,0.0713,0.0,0.0,0.0,0.0,up,0.07,2026-08-12T11:18:24,0.0,0.245000004768372,339.815,2026-09-28 18:44:43,2026-09-28 14:45:04
AAPL,AAPL281215P00040000,AAPL,2028-12-15,P,40.0,0.0,0.0,0.33,520.0,0.6,1107.0,0.0,-0.001,0.0,0.0166,-0.0005,-0.0086,0.089,0.0,0.0,0.0,0.0,down,0.1,2026-08-10T12:45:08,0.0,0.264999985694885,339.815,2026-09-28 18:44:43,2026-09-28 14:45:04
AAPL,AAPL281215P00045000,AAPL,2028-12-15,P,45.0,0.0,0.0,0.55,589.0,0.603,74.0,0.0,-0.0012,0.0,0.0204,-0.0006,-0.0107,0.1092,0.0,0.0,0.0,0.0,down,0.11,2026-09-08T14:23:31,0.0,0.6700000166893,339.815,2026-09-28 18:44:43,2026-09-28 14:45:04
AAPL,AAPL281215P00050000,AAPL,2028-12-15,P,50.0,0.0,0.0,0.52,568.0,0.5685,276.0,0.0,-0.0015,0.0,0.0247,-0.0007,-0.0131,0.1318,0.0,0.0,0.0,0.0,down,0.14,2026-09-14T12:25:21,0.0,0.485000014305115,339.815,2026-09-28 18:44:43,2026-09-28 14:45:04
AAPL,AAPL281215P00060000,AAPL,2028-12-15,P,60.0,0.01,6.0,0.58,565.0,0.5248,557.0,0.0,-0.0021,0.0,0.0348,-0.001,-0.0189,0.1858,0.0,0.0,0.0,0.0,down,0.17,2026-09-21T13:01:36,0.0,0.299999986775219,339.815,2026-09-28 18:44:43,2026-09-28 14:45:04
AAPL,AAPL281215P00070000,AAPL,2028-12-15,P,70.0,0.15,1.0,0.63,569.0,0.4983,63.0,0.0,-0.003,0.0,0.0473,-0.0013,-0.0262,0.2536,0.0,0.0,0.0,0.0,up,0.43,2026-08-10T10:25:23,0.0,0.390000000596046,339.815,2026-09-28 18:44:43,2026-09-28 14:45:04
AAPL,AAPL281215P00080000,AAPL,2028-12-15,P,80.0,0.17,89.0,0.45,379.0,0.446,136.0,0.0,-0.0041,0.0,0.0625,-0.0016,-0.0354,0.3382,0.0,0.0,0.0,0.0,down,0.54,2026-08-10T13:00:19,0.0,0.415000010281801,339.815,2026-09-28 18:44:43,2026-09-28 14:45:04
AAPL,AAPL281215P00090000,AAPL,2028-12-15,P,90.0,0.11,481.0,0.63,524.0,0.4222,199.0,0.0,-0.0054,0.0001,0.0807,-0.002,-0.0468,0.4437,0.0,0.0,0.0,0.0,down,0.49,2026-09-15T10:12:27,0.0,0.379999987781048,339.815,2026-09-28 18:44:43,2026-09-28 14:45:04
AAPL,AAPL281215P00100000,AAPL,2028-12-15,P,100.0,0.5,6.0,0.63,14.0,0.4153,1270.0,0.0,-0.0071,0.0001,0.1029,-0.0024,-0.0613,0.575,0.0,0.0,0.0,0.0,down,0.53,2026-09-23T10:01:04,0.0,0.5799999833107,339.815,2026-09-28 18:44:43,2026-09-28 14:45:04
AAPL,AAPL281215P00110000,AAPL,2028-12-15,P,110.0,0.65,1.0,0.82,155.0,0.4018,839.0,0.0,-0.0092,0.0001,0.1289,-0.003,-0.0788,0.7382,0.0,0.0,0.0,0.0,up,0.7,2026-09-22T13:23:03,0.0,0.724999994039536,339.815,2026-09-28 18:44:43,2026-09-28 14:45:04
AAPL,AAPL281215P00120000,AAPL,2028-12-15,P,120.0,0.81,70.0,1.09,138.0,0.39,173.0,0.0,-0.0118,0.0002,0.1602,-0.0036,-0.1008,0.9402,0.0,0.0,0.0,0.0,down,0.84,2026-09-21T15:49:00,0.0,0.979999989271164,339.815,2026-09-28 18:44:43,2026-09-28 14:45:04
AAPL,AAPL281215P00125000,AAPL,2028-12-15,P,125.0,0.97,73.0,1.36,415.0,0.3896,53.0,1.0,-0.0134,0.0002,0.1774,-0.0039,-0.113,1.0587,-0.03,1.06,1.06,1.06,down,1.06,2026-09-28T09:30:03,-2.75229,1.09000000357628,339.815,2026-09-28 18:44:43,2026-09-28 14:45:04
AAPL,AAPL281215P00130000,AAPL,2028-12-15,P,130.0,1.1,102.0,1.38,132.0,0.3807,323.0,0.0,-0.015,0.0002,0.196,-0.0043,-0.1261,1.1899,0.0,0.0,0.0,0.0,up,1.98,2026-08-28T09:33:35,0.0,1.22500002384186,339.815,2026-09-28 18:44:43,2026-09-28 14:45:04
AAPL,AAPL281215P00135000,AAPL,2028-12-15,P,135.0,1.06,336.0,1.49,83.0,0.3699,314.0,0.0,-0.0169,0.0002,0.2165,-0.0046,-0.141,1.3352,0.0,0.0,0.0,0.0,down,1.35,2026-09-25T13:45:55,0.0,1.31499999761581,339.815,2026-09-28 18:44:43,2026-09-28 14:45:04
AAPL,AAPL281215P00140000,AAPL,2028-12-15,P,140.0,1.25,311.0,1.82,497.0,0.3696,496.0,0.0,-0.0189,0.0002,0.2387,-0.0051,-0.1578,1.4962,0.0,0.0,0.0,0.0,down,1.59,2026-09-22T10:52:21,0.0,1.48000001907349,339.815,2026-09-28 18:44:43,2026-09-28 14:45:04
AAPL,AAPL281215P00145000,AAPL,2028-12-15,P,145.0,1.34,294.0,1.84,3.0,0.3598,461.0,0.0,-0.0211,0.0003,0.2617,-0.0055,-0.1759,1.6746,0.0,0.0,0.0,0.0,up,1.8,2026-09-21T12:31:36,0.0,1.63999998569489,339.815,2026-09-28 18:44:43,2026-09-28 14:45:04
AAPL,AAPL281215P00150000,AAPL,2028-12-15,P,150.0,1.74,22.0,2.09,28.0,0.3604,850.0,1.0,-0.0236,0.0003,0.286,-0.006,-0.1954,1.8709,0.03,1.89,1.89,1.89,down,1.89,2026-09-28T14:28:49,1.61291,1.85999995470047,339.815,2026-09-28 18:44:43,2026-09-28 14:45:04
AAPL,AAPL281215P00155000,AAPL,2028-12-15,P,155.0,1.87,140.0,2.3,6.0,0.3545,492.0,0.0,-0.0262,0.0004,0.313,-0.0064,-0.2166,2.087,0.0,0.0,0.0,0.0,up,2.6,2026-09-21T15:53:01,0.0,2.16500002145767,339.815,2026-09-28 18:44:43,2026-09-28 14:45:04
AAPL,AAPL281215P00160000,AAPL,2028-12-15,P,160.0,2.12,46.0,2.6,6.0,0.3517,600.0,0.0,-0.0291,0.0004,0.3417,-0.007,-0.24,2.3252,0.0,0.0,0.0,0.0,up,2.45,2026-09-24T12:11:54,0.0,2.37999999523163,339.815,2026-09-28 18:44:43,2026-09-28 14:45:04
AAPL,AAPL281215P00165000,AAPL,2028-12-15,P,165.0,2.44,14.0,2.81,6.0,0.3479,561.0,0.0,-0.0323,0.0004,0.3715,-0.0075,-0.2657,2.5862,0.0,0.0,0.0,0.0,down,2.65,2026-09-25T15:41:03,0.0,2.59499990940094,339.815,2026-09-28 18:44:43,2026-09-28 14:45:04
AAPL,AAPL281215P00170000,AAPL,2028-12-15,P,170.0,2.8,11.0,3.1,6.0,0.3452,816.0,0.0,-0.0357,0.0005,0.4022,-0.0081,-0.2924,2.8729,0.0,0.0,0.0,0.0,up,3.01,2026-09-24T14:47:55,0.0,3.04999995231628,339.815,2026-09-28 18:44:43,2026-09-28 14:45:04
AAPL,AAPL281215P00175000,AAPL,2028-12-15,P,175.0,2.95,167.0,3.4,7.0,0.3396,317.0,0.0,-0.0394,0.0005,0.436,-0.0087,-0.3217,3.1841,0.0,0.0,0.0,0.0,no_change,3.53,2026-09-25T09:56:33,0.0,3.22500002384186,339.815,2026-09-28 18:44:43,2026-09-28 14:45:04
AAPL,AAPL281215P00180000,AAPL,2028-12-15,P,180.0,3.3,146.0,3.75,7.0,0.3365,2199.0,0.0,-0.0434,0.0006,0.471,-0.0093,-0.353,3.5257,0.0,0.0,0.0,0.0,down,3.72,2026-09-25T12:28:46,0.0,3.70000004768372,339.815,2026-09-28 18:44:43,2026-09-28 14:45:04
AAPL,AAPL281215P00185000,AAPL,2028-12-15,P,185.0,3.7,37.0,4.1,6.0,0.3334,428.0,0.0,-0.0477,0.0006,0.5083,-0.01,-0.3876,3.8983,0.0,0.0,0.0,0.0,down,4.06,2026-09-25T11:38:16,0.0,3.90000009536743,339.815,2026-09-28 18:44:43,2026-09-28 14:45:04
AAPL,AAPL281215P00190000,AAPL,2028-12-15,P,190.0,4.1,329.0,4.6,106.0,0.3313,2011.0,6.0,-0.0524,0.0007,0.5444,-0.0106,-0.4227,4.3023,-0.005,4.27,4.32,4.2,up,4.32,2026-09-28T10:58:24,-0.115608,4.32500004768372,339.815,2026-09-28 18:44:43,2026-09-28 14:45:04
AAPL,AAPL281215P00195000,AAPL,2028-12-15,P,195.0,4.55,192.0,5.05,15.0,0.3286,850.0,0.0,-0.0573,0.0007,0.5856,-0.0114,-0.4616,4.7407,0.0,0.0,0.0,0.0,up,4.9,2026-09-23T10:36:59,0.0,4.82500004768372,339.815,2026-09-28 18:44:43,2026-09-28 14:45:04
AAPL,AAPL281215P00200000,AAPL,2028-12-15,P,200.0,5.1,132.0,5.4,72.0,0.3254,4097.0,7.0,-0.0626,0.0008,0.6256,-0.0121,-0.5022,5.2158,-0.15,5.27,5.27,5.05,up,5.25,2026-09-28T13:48:33,-2.77778,5.40000009536743,339.815,2026-09-28 18:44:43,2026-09-28 14:45:04
AAPL,AAPL281215P00210000,AAPL,2028-12-15,P,210.0,6.0,291.0,6.45,8.0,0.319,2085.0,10.0,-0.0743,0.0009,0.7115,-0.0136,-0.5884,6.2801,-0.215,6.25,6.25,6.13,up,6.16,2026-09-28T12:17:36,-3.37255,6.375,339.815,2026-09-28 18:44:43,2026-09-28 14:45:04
AAPL,AAPL281215P00220000,AAPL,2028-12-15,P,220.0,7.3,192.0,7.85,14.0,0.3158,2164.0,10.0,-0.0876,0.001,0.803,-0.0152,-0.6852,7.5211,-0.325,7.39,7.49,7.39,down,7.4,2026-09-28T13:02:29,-4.20712,7.72499990463257,339.815,2026-09-28 18:44:43,2026-09-28 14:45:04
AAPL,AAPL281215P00230000,AAPL,2028-12-15,P,230.0,8.55,396.0,9.25,93.0,0.3103,1149.0,355.0,-0.1024,0.0012,0.8986,-0.0169,-0.7943,8.9473,-0.165,8.9,8.9,8.76,down,8.76,2026-09-28T12:13:40,-1.84874,8.9249997138977,339.815,2026-09-28 18:44:43,2026-09-28 14:45:04
AAPL,AAPL281215P00240000,AAPL,2028-12-15,P,240.0,10.35,110.0,10.95,359.0,0.3077,1511.0,1.0,-0.1188,0.0014,0.9969,-0.0187,-0.9102,10.575,-1.1,9.65,9.65,9.65,down,9.65,2026-09-28T09:58:34,-10.2326,10.75,339.815,2026-09-28 18:44:43,2026-09-28 14:45:04
AAPL,AAPL281215P00250000,AAPL,2028-12-15,P,250.0,12.1,282.0,12.75,142.0,0.3033,1763.0,1.0,-0.1369,0.0015,1.0991,-0.0204,-1.038,12.4206,0.125,12.65,12.65,12.65,down,12.65,2026-09-28T13:39:35,0.998003,12.5250000953674,339.815,2026-09-28 18:44:43,2026-09-28 14:45:04
AAPL,AAPL281215P00260000,AAPL,2028-12-15,P,260.0,13.95,337.0,14.8,81.0,0.2988,9975.0,13.0,-0.1568,0.0017,1.1989,-0.0222,-1.1641,14.5081,0.025,14.44,14.65,14.44,up,14.65,2026-09-28T10:51:55,0.17094,14.625,339.815,2026-09-28 18:44:43,2026-09-28 14:45:04
AAPL,AAPL281215P00270000,AAPL,2028-12-15,P,270.0,16.45,287.0,17.15,154.0,0.2966,835.0,15.0,-0.1782,0.0019,1.2975,-0.0241,-1.3023,16.8311,-0.175,16.51,16.95,16.5,down,16.8,2026-09-28T10:45:29,-1.03093,16.9750003814697,339.815,2026-09-28 18:44:43,2026-09-28 14:45:04
AAPL,AAPL281215P00280000,AAPL,2028-12-15,P,280.0,19.2,94.0,19.7,70.0,0.294,2816.0,4.0,-0.2015,0.0021,1.3917,-0.0259,-1.445,19.4365,-0.225,19.35,19.35,19.25,down,19.25,2026-09-28T11:22:18,-1.15533,19.4750003814697,339.815,2026-09-28 18:44:43,2026-09-28 14:45:04
AAPL,AAPL281215P00290000,AAPL,2028-12-15,P,290.0,21.85,95.0,22.75,284.0,0.2911,883.0,1.0,-0.2264,0.0023,1.484,-0.0276,-1.5782,22.3131,-0.625,21.85,21.85,21.85,down,21.85,2026-09-28T13:39:48,-2.78087,22.4749994277954,339.815,2026-09-28 18:44:43,2026-09-28 14:45:04
AAPL,AAPL281215P00300000,AAPL,2028-12-15,P,300.0,25.1,82.0,25.85,404.0,0.2886,2441.0,1.0,-0.253,0.0025,1.5672,-0.0294,-1.7258,25.4904,-0.125,25.4,25.4,25.4,no_change,25.4,2026-09-28T13:32:04,-0.489718,25.5250005722046,339.815,2026-09-28 18:44:43,2026-09-28 14:45:04
AAPL,AAPL281215P00310000,AAPL,2028-12-15,P,310.0,28.3,224.0,29.55,213.0,0.286,1282.0,0.0,-0.2812,0.0027,1.6464,-0.031,-1.8688,28.9809,0.0,0.0,0.0,0.0,up,30.55,2026-09-25T10:10:59,0.0,28.9749994277954,339.815,2026-09-28 18:44:43,2026-09-28 14:45:04
AAPL,AAPL281215P00320000,AAPL,2028-12-15,P,320.0,32.35,69.0,33.2,257.0,0.2843,909.0,37.0,-0.3108,0.0029,1.7168,-0.0327,-2.0058,32.7585,-0.02,32.49,32.83,31.7,up,32.83,2026-09-28T14:13:23,-0.060884,32.8500003814697,339.815,2026-09-28 18:44:43,2026-09-28 14:45:04
AAPL,AAPL281215P00330000,AAPL,2028-12-15,P,330.0,35.75,599.0,37.55,202.0,0.2809,1940.0,0.0,-0.3421,0.0031,1.7739,-0.0342,-2.145,36.8765,0.0,0.0,0.0,0.0,up,38.2,2026-09-25T10:31:08,0.0,36.8249988555908,339.815,2026-09-28 18:44:43,2026-09-28 14:45:04
AAPL,AAPL281215P00340000,AAPL,2028-12-15,P,340.0,41.0,60.0,42.0,263.0,0.2812,337.0,1.0,-0.3747,0.0033,1.8193,-0.0357,-2.258,41.3275,-0.35,40.9,40.9,40.9,down,40.9,2026-09-28T13:12:29,-0.848485,41.25,339.815,2026-09-28 18:44:43,2026-09-28 14:45:04
AAPL,AAPL281215P00350000,AAPL,2028-12-15,P,350.0,45.35,186.0,46.75,175.0,0.278,705.0,6.0,-0.4088,0.0035,1.8484,-0.0371,-2.3491,46.1435,-0.475,45.65,45.8,45.55,down,45.55,2026-09-28T13:13:18,-1.03205,46.0249996185303,339.815,2026-09-28 18:44:43,2026-09-28 14:45:04
AAPL,AAPL281215P00360000,AAPL,2028-12-15,P,360.0,50.4,550.0,51.7,128.0,0.2758,1761.0,0.0,-0.4437,0.0037,1.8646,-0.0383,-2.4101,51.2513,0.0,0.0,0.0,0.0,no_change,52.7,2026-09-25T10:44:12,0.0,51.3000011444092,339.815,2026-09-28 18:44:43,2026-09-28 14:45:04
AAPL,AAPL281215P00370000,AAPL,2028-12-15,P,370.0,55.3,195.0,57.65,133.0,0.274,284.0,0.0,-0.4801,0.0039,1.8725,-0.0396,-2.5058,56.7326,0.0,0.0,0.0,0.0,down,56.79,2026-09-25T14:05:40,0.0,56.875,339.815,2026-09-28 18:44:43,2026-09-28 14:45:04
AAPL,AAPL281215P00380000,AAPL,2028-12-15,P,380.0,62.05,130.0,62.8,81.0,0.2735,1201.0,15.0,-0.5176,0.0041,1.8553,-0.0407,-2.5803,62.5784,-0.05,62.35,62.56,62.35,down,62.5,2026-09-28T14:29:22,-0.0799348,62.5499992370606,339.815,2026-09-28 18:44:43,2026-09-28 14:45:04
AAPL,AAPL281215P00390000,AAPL,2028-12-15,P,390.0,67.7,247.0,69.3,64.0,0.2709,463.0,1.0,-0.5563,0.0043,1.8035,-0.0418,-2.5451,68.8104,0.65,69.5,69.5,69.5,down,69.5,2026-09-28T09:52:55,0.944084,68.8499984741211,339.815,2026-09-28 18:44:43,2026-09-28 14:45:04
AAPL,AAPL281215P00400000,AAPL,2028-12-15,P,400.0,74.0,186.0,76.55,169.0,0.2711,174.0,0.0,-0.5951,0.0045,1.7491,-0.0427,-2.4834,75.3281,0.0,0.0,0.0,0.0,down,76.75,2026-09-24T14:27:50,0.0,75.2750015258789,339.815,2026-09-28 18:44:43,2026-09-28 14:45:04
AAPL,AAPL281215P00410000,AAPL,2028-12-15,P,410.0,80.85,139.0,83.05,40.0,0.2687,12.0,0.0,-0.635,0.0047,1.7042,-0.0433,-2.5294,82.2216,0.0,0.0,0.0,0.0,up,84.37,2026-09-24T15:48:56,0.0,82.0499992370606,339.815,2026-09-28 18:44:43,2026-09-28 14:45:04
AAPL,AAPL281215P00420000,AAPL,2028-12-15,P,420.0,88.15,105.0,90.6,162.0,0.2684,19.0,0.0,-0.6762,0.0048,1.5798,-0.0438,-2.3989,89.511,0.0,0.0,0.0,0.0,up,93.7,2026-09-18T12:18:50,0.0,89.3499984741211,339.815,2026-09-28 18:44:43,2026-09-28 14:45:04
AAPL,AAPL281215P00430000,AAPL,2028-12-15,P,430.0,95.45,176.0,98.6,261.0,0.2675,8.0,0.0,-0.7176,0.005,1.4448,-0.0443,-2.1826,97.1308,0.0,0.0,0.0,0.0,down,98.7,2026-09-24T15:29:35,0.0,96.9750022888184,339.815,2026-09-28 18:44:43,2026-09-28 14:45:04
AAPL,AAPL281215P00440000,AAPL,2028-12-15,P,440.0,102.6,290.0,106.9,321.0,0.2648,7.0,0.0,-0.7592,0.0052,1.372,-0.0448,-1.9544,105.057,0.0,0.0,0.0,0.0,up,129.98,2026-08-24T12:42:51,0.0,105.224998474121,339.815,2026-09-28 18:44:43,2026-09-28 14:45:04
AAPL,AAPL281215P00450000,AAPL,2028-12-15,P,450.0,111.0,210.0,114.95,237.0,0.2626,8.0,0.0,-0.8025,0.0054,1.1496,-0.0457,-1.8641,113.4226,0.0,0.0,0.0,0.0,down,114.5,2026-09-21T14:46:50,0.0,113.25,339.815,2026-09-28 18:44:43,2026-09-28 14:45:04
AAPL,AAPL281215P00460000,AAPL,2028-12-15,P,460.0,120.1,206.0,124.0,196.0,0.2652,1.0,0.0,-0.8468,0.0057,0.9413,-0.0474,-1.4212,122.1,0.0,0.0,0.0,0.0,up,148.54,2026-08-24T12:41:57,0.0,121.75,339.815,2026-09-28 18:44:43,2026-09-28 14:45:04
AAPL,AAPL281215P00470000,AAPL,2028-12-15,P,470.0,128.5,144.0,132.6,20.0,0.2552,0.0,0.0,-0.8902,0.0059,0.8353,-0.0486,-1.0849,131.046,0.0,0.0,0.0,0.0,up,158.23,2026-08-24T12:42:51,0.0,130.650001525879,339.815,2026-09-28 18:44:43,2026-09-28 14:45:04
AAPL,AAPL281215P00480000,AAPL,2028-12-15,P,480.0,138.25,115.0,142.5,145.0,0.2624,4.0,0.0,-0.9246,0.0051,0.465,-0.049,-0.7936,140.4678,0.0,0.0,0.0,0.0,up,141.9,2026-09-25T11:40:41,0.0,140.099998474121,339.815,2026-09-28 18:44:43,2026-09-28 14:45:04
AAPL,AAPL281215P00490000,AAPL,2028-12-15,P,490.0,147.75,95.0,152.5,94.0,0.0,0.0,0.0,-0.9535,0.0038,0.2236,-0.0506,0.0,150.1846,0.0,0.0,0.0,0.0,down,156.6,2026-09-16T10:42:28,0.0,149.550003051758,339.815,2026-09-28 18:44:43,2026-09-28 14:45:04
AAPL,AAPL281215P00500000,AAPL,2028-12-15,P,500.0,158.0,107.0,162.5,114.0,0.2808,0.0,0.0,-0.9761,0.002,0.0,-0.0506,0.0,160.1846,0.0,0.0,0.0,0.0,down,167.0,2026-09-14T11:17:34,0.0,159.400001525879,339.815,2026-09-28 18:44:43,2026-09-28 14:45:04
AAPL,AAPL281215P00510000,AAPL,2028-12-15,P,510.0,168.0,11.0,172.45,14.0,0.2903,0.0,0.0,-0.9904,0.0008,0.0,-0.0506,0.0,170.1846,0.0,0.0,0.0,0.0,down,177.95,2026-09-11T09:56:11,0.0,169.449996948242,339.815,2026-09-28 18:44:43,2026-09-28 14:45:04
AAPL,AAPL281215P00520000,AAPL,2028-12-15,P,520.0,178.05,10.0,182.5,13.0,0.3014,0.0,0.0,-1.0,0.0,0.0,-0.0506,0.0,180.1846,0.0,0.0,0.0,0.0,down,191.8,2026-09-03T10:18:15,0.0,179.300003051758,339.815,2026-09-28 18:44:43,2026-09-28 14:45:04
AAPL,AAPL281215P00530000,AAPL,2028-12-15,P,530.0,188.0,10.0,192.5,11.0,0.3104,0.0,0.0,-1.0,0.0,0.0,-0.0506,0.0,190.1846,0.0,0.0,0.0,0.0,down,205.0,2026-09-01T11:23:27,0.0,189.300003051758,339.815,2026-09-28 18:44:43,2026-09-28 14:45:04
AAPL,AAPL281215P00540000,AAPL,2028-12-15,P,540.0,198.0,9.0,202.45,11.0,0.3192,0.0,0.0,-1.0,0.0,0.0,-0.0506,0.0,200.1846,0.0,0.0,0.0,0.0,down,207.0,2026-09-11T14:24:20,0.0,199.175003051758,339.815,2026-09-28 18:44:43,2026-09-28 14:45:04
AAPL,AAPL281215P00550000,AAPL,2028-12-15,P,550.0,208.0,12.0,212.5,12.0,0.3289,0.0,0.0,-1.0,0.0,0.0,-0.0506,0.0,210.1846,0.0,0.0,0.0,0.0,up,216.5,2026-09-17T12:19:00,0.0,209.224998474121,339.815,2026-09-28 18:44:43,2026-09-28 14:45:04
AAPL,AAPL281215P00560000,AAPL,2028-12-15,P,560.0,218.0,12.0,222.5,11.0,0.3379,0.0,0.0,-1.0,0.0,0.0,-0.0506,0.0,220.1846,0.0,0.0,0.0,0.0,no_change,0.0,,0.0,219.224998474121,339.815,2026-09-28 18:44:43,2026-09-28 14:45:04
AAPL,AAPL281215P00570000,AAPL,2028-12-15,P,570.0,228.0,10.0,232.5,10.0,0.3466,0.0,0.0,-1.0,0.0,0.0,-0.0506,0.0,230.1846,0.0,0.0,0.0,0.0,up,241.93,2026-07-21T15:54:13,0.0,229.199996948242,339.815,2026-09-28 18:44:43,2026-09-28 14:45:04
AAPL,AAPL281215P00580000,AAPL,2028-12-15,P,580.0,238.0,13.0,242.5,11.0,0.3552,0.0,0.0,-1.0,0.0,0.0,-0.0506,0.0,240.1846,0.0,0.0,0.0,0.0,up,252.6,2026-07-21T15:53:36,0.0,239.150001525879,339.815,2026-09-28 18:44:43,2026-09-28 14:45:04
AAPL,AAPL281215P00590000,AAPL,2028-12-15,P,590.0,248.0,6.0,252.5,11.0,0.3636,0.0,0.0,-1.0,0.0,0.0,-0.0506,0.0,250.1846,0.0,0.0,0.0,0.0,no_change,264.5,2026-07-21T15:36:46,0.0,249.150001525879,339.815,2026-09-28 18:44:43,2026-09-28 14:45:04
AAPL,AAPL281215P00600000,AAPL,2028-12-15,P,600.0,258.0,6.0,262.5,12.0,0.3718,0.0,0.0,-1.0,0.0,0.0,-0.0506,0.0,260.1846,0.0,0.0,0.0,0.0,down,262.2,2026-09-24T12:22:50,0.0,259.149993896484,339.815,2026-09-28 18:44:43,2026-09-28 14:45:04
AAPL,AAPL290119C00005000,AAPL,2029-01-19,C,5.0,332.5,2.0,337.5,2.0,0.0,1.0,0.0,1.0,0.0,0.0005,0.0,0.0254,335.5693,0.0,0.0,0.0,0.0,down,331.22,2026-09-25T09:30:16,0.0,336.024993896484,339.815,2026-09-28 18:44:43,2026-09-28 14:45:04
AAPL,AAPL290119C00010000,AAPL,2029-01-19,C,10.0,327.5,2.0,332.5,2.0,0.0,0.0,1.0,1.0,0.0,0.0002,0.0,0.0593,330.6994,1.64,332.64,332.64,332.64,up,332.64,2026-09-28T10:09:01,0.495468,331.0,339.815,2026-09-28 18:44:43,2026-09-28 14:45:04
AAPL,AAPL290119C00015000,AAPL,2029-01-19,C,15.0,323.0,2.0,328.0,2.0,0.0,0.0,0.0,1.0,0.0,0.0004,0.0,0.0914,325.8449,0.0,0.0,0.0,0.0,no_change,0.0,,0.0,326.5,339.815,2026-09-28 18:44:43,2026-09-28 14:45:04
AAPL,AAPL290119C00020000,AAPL,2029-01-19,C,20.0,318.5,2.0,323.5,2.0,0.5102,0.0,0.0,1.0,0.0,0.0037,0.0,0.1829,321.0165,0.0,0.0,0.0,0.0,no_change,0.0,,0.0,322.0,339.815,2026-09-28 18:44:43,2026-09-28 14:45:04
AAPL,AAPL290119C00025000,AAPL,2029-01-19,C,25.0,314.0,2.0,319.0,2.0,0.7048,1.0,1.0,1.0,0.0,0.0081,0.0,0.5226,316.4031,1.35,318.85,318.85,318.85,up,318.85,2026-09-28T10:09:01,0.425197,317.5,339.815,2026-09-28 18:44:43,2026-09-28 14:45:04
AAPL,AAPL290119C00030000,AAPL,2029-01-19,C,30.0,309.5,2.0,314.5,2.0,0.6087,0.0,0.0,1.0,0.0,0.0106,0.0,0.6359,311.9883,0.0,0.0,0.0,0.0,no_change,0.0,,0.0,313.0,339.815,2026-09-28 18:44:43,2026-09-28 14:45:04
AAPL,AAPL290119C00035000,AAPL,2029-01-19,C,35.0,305.5,3.0,310.5,2.0,0.7193,1.0,0.0,1.0,0.0,0.0137,0.0,0.7368,307.5787,0.0,0.0,0.0,0.0,up,303.7,2026-09-23T15:32:22,0.0,308.5,339.815,2026-09-28 18:44:43,2026-09-28 14:45:04
AAPL,AAPL290119C00040000,AAPL,2029-01-19,C,40.0,301.0,2.0,306.0,2.0,0.6619,0.0,0.0,1.0,0.0,0.0172,0.0,0.8373,303.1714,0.0,0.0,0.0,0.0,no_change,0.0,,0.0,304.0,339.815,2026-09-28 18:44:43,2026-09-28 14:45:04
AAPL,AAPL290119C00045000,AAPL,2029-01-19,C,45.0,296.5,2.0,301.5,2.0,0.61,0.0,0.0,1.0,0.0,0.0211,0.0,0.9375,298.7665,0.0,0.0,0.0,0.0,no_change,0.0,,0.0,299.5,339.815,2026-09-28 18:44:43,2026-09-28 14:45:04
AAPL,AAPL290119C00050000,AAPL,2029-01-19,C,50.0,292.0,2.0,297.0,2.0,0.5617,150.0,0.0,1.0,0.0,0.0255,0.0,1.0374,294.3642,0.0,0.0,0.0,0.0,up,292.35,2026-09-24T12:16:27,0.0,295.5,339.815,2026-09-28 18:44:43,2026-09-28 14:45:04
AAPL,AAPL290119C00060000,AAPL,2029-01-19,C,60.0,283.0,4.0,288.0,6.0,0.4663,1.0,0.0,1.0,0.0,0.036,0.0,1.2359,285.5684,0.0,0.0,0.0,0.0,down,280.14,2026-09-18T14:19:59,0.0,286.5,339.815,2026-09-28 18:44:43,2026-09-28 14:45:04
AAPL,AAPL290119C00070000,AAPL,2029-01-19,C,70.0,274.5,2.0,279.5,2.0,0.5032,4.0,0.0,1.0,0.0,0.0487,0.0,1.4328,276.7866,0.0,0.0,0.0,0.0,down,273.06,2026-09-24T09:33:00,0.0,277.5,339.815,2026-09-28 18:44:43,2026-09-28 14:45:04
AAPL,AAPL290119C00080000,AAPL,2029-01-19,C,80.0,265.5,8.0,270.5,2.0,0.4416,105.0,2.0,0.999,0.0,0.0643,0.0,1.6275,268.0217,-1.05,268.1,268.1,267.95,down,267.95,2026-09-28T14:21:50,-0.390335,269.0,339.815,2026-09-28 18:44:43,2026-09-28 14:45:04
AAPL,AAPL290119C00090000,AAPL,2029-01-19,C,90.0,257.0,2.0,262.0,6.0,0.452,0.0,0.0,0.9977,0.0001,0.0829,0.0,1.8197,259.2778,0.0,0.0,0.0,0.0,no_change,0.0,,0.0,260.0,339.815,2026-09-28 18:44:43,2026-09-28 14:45:04
AAPL,AAPL290119C00100000,AAPL,2029-01-19,C,100.0,248.05,10.0,253.0,10.0,0.408,7.0,0.0,0.996,0.0001,0.1053,0.0,2.0086,250.5595,0.0,0.0,0.0,0.0,no_change,253.2,2026-09-22T11:36:02,0.0,251.224998474121,339.815,2026-09-28 18:44:43,2026-09-28 14:45:04
AAPL,AAPL290119C00110000,AAPL,2029-01-19,C,110.0,239.5,10.0,244.5,10.0,0.4073,1.0,0.0,0.9939,0.0001,0.1315,0.0,2.1939,241.8729,0.0,0.0,0.0,0.0,down,233.95,2026-09-16T12:16:22,0.0,242.849998474121,339.815,2026-09-28 18:44:43,2026-09-28 14:45:04
AAPL,AAPL290119C00115000,AAPL,2029-01-19,C,115.0,235.5,10.0,239.3,10.0,0.3804,0.0,0.0,0.9927,0.0001,0.1465,0.0,2.2849,237.5433,0.0,0.0,0.0,0.0,down,232.8,2026-09-25T10:26:39,0.0,238.25,339.815,2026-09-28 18:44:43,2026-09-28 14:45:04
AAPL,AAPL290119C00120000,AAPL,2029-01-19,C,120.0,231.0,10.0,235.65,10.0,0.3916,10.0,0.0,0.9914,0.0001,0.1628,0.0,2.3745,233.2244,0.0,0.0,0.0,0.0,up,223.59,2026-09-15T14:30:30,0.0,233.75,339.815,2026-09-28 18:44:43,2026-09-28 14:45:04
AAPL,AAPL290119C00125000,AAPL,2029-01-19,C,125.0,226.55,10.0,231.5,10.0,0.3858,35.0,0.0,0.9899,0.0002,0.1801,0.0,2.4628,228.917,0.0,0.0,0.0,0.0,down,223.93,2026-09-18T09:56:32,0.0,229.775001525879,339.815,2026-09-28 18:44:43,2026-09-28 14:45:04
AAPL,AAPL290119C00130000,AAPL,2029-01-19,C,130.0,222.5,10.0,227.0,10.0,0.3808,2.0,1.0,0.9883,0.0002,0.1987,0.0,2.5498,224.6223,-0.76,224.74,224.74,224.74,up,224.74,2026-09-28T09:30:02,-0.337029,225.5,339.815,2026-09-28 18:44:43,2026-09-28 14:45:04
AAPL,AAPL290119C00135000,AAPL,2029-01-19,C,135.0,218.0,10.0,223.0,10.0,0.3766,5.0,0.0,0.9865,0.0002,0.2188,0.0,2.6354,220.3412,0.0,0.0,0.0,0.0,up,209.4,2026-09-15T14:37:04,0.0,221.324996948242,339.815,2026-09-28 18:44:43,2026-09-28 14:45:04
AAPL,AAPL290119C00140000,AAPL,2029-01-19,C,140.0,214.0,10.0,218.35,11.0,0.3687,2.0,1.0,0.9845,0.0002,0.2405,0.0,2.719,216.0751,0.75,217.5,217.5,217.5,up,217.5,2026-09-28T09:57:09,0.346021,216.75,339.815,2026-09-28 18:44:43,2026-09-28 14:45:04
AAPL,AAPL290119C00145000,AAPL,2029-01-19,C,145.0,209.5,11.0,213.05,10.0,0.3356,18.0,4.0,0.9824,0.0003,0.2636,0.0,2.8008,211.8253,-0.875,212.11,212.11,211.8,down,211.8,2026-09-28T14:17:04,-0.411427,212.675003051758,339.815,2026-09-28 18:44:43,2026-09-28 14:45:04
AAPL,AAPL290119C00150000,AAPL,2029-01-19,C,150.0,205.5,10.0,208.5,10.0,0.3318,11.0,54.0,0.9801,0.0003,0.2879,0.0,2.8808,207.5932,-0.625,209.77,209.9,207.15,up,207.2,2026-09-28T14:00:50,-0.300732,207.824996948242,339.815,2026-09-28 18:44:43,2026-09-28 14:45:04
AAPL,AAPL290119C00155000,AAPL,2029-01-19,C,155.0,201.15,13.0,204.05,7.0,0.3223,1.0,12.0,0.9776,0.0003,0.3138,0.0,2.959,203.3799,-1.25,202.95,203.1,202.4,down,202.4,2026-09-28T14:01:43,-0.613799,203.650001525879,339.815,2026-09-28 18:44:43,2026-09-28 14:45:04
AAPL,AAPL290119C00160000,AAPL,2029-01-19,C,160.0,197.6,20.0,200.65,12.0,0.3458,3.0,23.0,0.9748,0.0004,0.3417,0.0,3.0349,199.1869,-2.275,198.8,198.95,197.1,down,197.1,2026-09-28T14:03:37,-1.14107,199.375,339.815,2026-09-28 18:44:43,2026-09-28 14:45:04
AAPL,AAPL290119C00165000,AAPL,2029-01-19,C,165.0,194.05,6.0,196.0,18.0,0.3442,15.0,16.0,0.9718,0.0004,0.3711,0.0,3.1081,195.0158,-0.175,194.65,195.5,194.65,down,195.05,2026-09-28T14:19:23,-0.0896394,195.224998474121,339.815,2026-09-28 18:44:43,2026-09-28 14:45:04
AAPL,AAPL290119C00170000,AAPL,2029-01-19,C,170.0,189.75,17.0,191.75,17.0,0.3374,43.0,359.0,0.9686,0.0004,0.4017,0.0,3.1791,190.8684,-0.19,190.6,191.19,190.35,down,190.91,2026-09-28T14:25:16,-0.0994236,191.099998474121,339.815,2026-09-28 18:44:43,2026-09-28 14:45:04
AAPL,AAPL290119C00175000,AAPL,2029-01-19,C,175.0,185.95,1.0,187.5,15.0,0.3366,9.0,2.0,0.9652,0.0005,0.4337,0.0,3.248,186.7458,0.0,187.05,187.05,187.05,no_change,187.05,2026-09-28T14:17:40,-1.63152e-06,187.050003051758,339.815,2026-09-28 18:44:43,2026-09-28 14:45:04
AAPL,AAPL290119C00180000,AAPL,2029-01-19,C,180.0,180.75,22.0,183.4,12.0,0.3207,4.0,3.0,0.9615,0.0005,0.4675,0.0,3.3142,182.6495,1.15,184.73,184.75,184.0,down,184.0,2026-09-28T10:37:38,0.628932,182.849998474121,339.815,2026-09-28 18:44:43,2026-09-28 14:45:04
AAPL,AAPL290119C00185000,AAPL,2029-01-19,C,185.0,177.0,10.0,179.25,11.0,0.3218,89.0,2.0,0.9575,0.0006,0.5032,0.0,3.3772,178.5814,-0.6,180.44,180.44,178.25,down,178.25,2026-09-28T14:29:34,-0.335476,178.849998474121,339.815,2026-09-28 18:44:43,2026-09-28 14:45:04
AAPL,AAPL290119C00190000,AAPL,2029-01-19,C,190.0,172.8,18.0,176.35,18.0,0.3286,7.0,6.0,0.9532,0.0006,0.5401,0.0,3.4371,174.5435,1.305,177.01,177.2,176.13,down,176.13,2026-09-28T10:14:37,0.746463,174.824996948242,339.815,2026-09-28 18:44:43,2026-09-28 14:45:04
AAPL,AAPL290119C00195000,AAPL,2029-01-19,C,195.0,169.75,49.0,171.65,19.0,0.3281,63.0,63.0,0.9487,0.0007,0.5779,0.0,3.4947,170.5372,0.715,172.31,172.37,171.54,down,171.54,2026-09-28T12:55:45,0.418559,170.824996948242,339.815,2026-09-28 18:44:43,2026-09-28 14:45:04
AAPL,AAPL290119C00200000,AAPL,2029-01-19,C,200.0,165.1,51.0,167.4,24.0,0.3173,158.0,32.0,0.9438,0.0007,0.6172,0.0,3.5494,166.5637,1.67,168.42,168.74,168.23,up,168.47,2026-09-28T09:59:09,1.0012,166.800003051758,339.815,2026-09-28 18:44:43,2026-09-28 14:45:04
AAPL,AAPL290119C00210000,AAPL,2029-01-19,C,210.0,157.85,48.0,159.6,59.0,0.3177,59.0,16.0,0.9333,0.0008,0.7007,0.0,3.6478,158.7227,-0.79,161.05,161.05,158.31,down,158.31,2026-09-28T14:15:08,-0.496542,159.099998474121,339.815,2026-09-28 18:44:43,2026-09-28 14:45:04
AAPL,AAPL290119C00220000,AAPL,2029-01-19,C,220.0,149.1,55.0,152.6,62.0,0.3108,18.0,2.0,0.9214,0.0009,0.7873,0.0,3.7339,151.0352,2.125,153.3,153.35,153.3,up,153.35,2026-09-28T09:56:55,1.40519,151.224998474121,339.815,2026-09-28 18:44:43,2026-09-28 14:45:04
AAPL,AAPL290119C00230000,AAPL,2029-01-19,C,230.0,142.3,103.0,144.6,120.0,0.3083,17.0,859.0,0.9084,0.0011,0.8787,0.0,3.8057,143.5123,-0.025,144.91,145.77,143.33,up,143.4,2026-09-28T13:58:40,-0.0174328,143.425003051758,339.815,2026-09-28 18:44:43,2026-09-28 14:45:04
AAPL,AAPL290119C00240000,AAPL,2029-01-19,C,240.0,134.4,166.0,137.1,89.0,0.3008,47.0,14.0,0.894,0.0012,0.972,0.0,3.863,136.1688,2.2,137.82,138.35,137.82,no_change,138.35,2026-09-28T09:56:48,1.61586,136.150001525879,339.815,2026-09-28 18:44:43,2026-09-28 14:45:04
AAPL,AAPL290119C00250000,AAPL,2029-01-19,C,250.0,127.3,317.0,129.8,161.0,0.2973,420.0,29.0,0.8784,0.0013,1.0671,-0.0024,3.9071,129.0141,0.425,130.88,130.9,129.6,no_change,129.6,2026-09-28T10:10:15,0.329009,129.175003051758,339.815,2026-09-28 18:44:43,2026-09-28 14:45:04
AAPL,AAPL290119C00260000,AAPL,2029-01-19,C,260.0,121.4,74.0,122.8,184.0,0.2988,12.0,8.0,0.8615,0.0015,1.1633,-0.0048,3.9345,122.0615,0.045,124.44,124.44,122.12,down,122.12,2026-09-28T14:20:06,0.036862,122.075000762939,339.815,2026-09-28 18:44:43,2026-09-28 14:45:04
AAPL,AAPL290119C00270000,AAPL,2029-01-19,C,270.0,114.0,138.0,116.75,219.0,0.2959,126.0,0.0,0.8435,0.0016,1.2578,-0.0072,3.9504,115.3195,0.0,0.0,0.0,0.0,up,115.05,2026-09-25T13:37:16,0.0,115.424999237061,339.815,2026-09-28 18:44:43,2026-09-28 14:45:04
AAPL,AAPL290119C00280000,AAPL,2029-01-19,C,280.0,108.0,136.0,109.25,59.0,0.2914,137.0,130.0,0.8243,0.0017,1.3521,-0.0095,3.9495,108.7968,0.545,111.0,111.0,109.0,no_change,109.42,2026-09-28T13:13:10,0.500574,108.875,339.815,2026-09-28 18:44:43,2026-09-28 14:45:04
AAPL,AAPL290119C00290000,AAPL,2029-01-19,C,290.0,101.25,239.0,103.85,308.0,0.2904,78.0,8.0,0.804,0.0019,1.4424,-0.0117,3.9367,102.5029,0.465,103.02,103.85,103.01,no_change,103.04,2026-09-28T13:13:10,0.45333,102.574996948242,339.815,2026-09-28 18:44:43,2026-09-28 14:45:04
AAPL,AAPL290119C00300000,AAPL,2029-01-19,C,300.0,94.8,380.0,97.3,243.0,0.2851,289.0,2.0,0.7828,0.002,1.5297,-0.0138,3.9107,96.4409,1.7,98.0,98.0,98.0,up,98.0,2026-09-28T10:03:03,1.76531,96.3000030517578,339.815,2026-09-28 18:44:43,2026-09-28 14:45:04
AAPL,AAPL290119C00310000,AAPL,2029-01-19,C,310.0,89.4,196.0,91.45,223.0,0.2842,335.0,7.0,0.7607,0.0021,1.6124,-0.0157,3.8702,90.6193,1.2,91.33,91.5,91.33,up,91.5,2026-09-28T12:03:39,1.3289,90.3000030517578,339.815,2026-09-28 18:44:43,2026-09-28 14:45:04
AAPL,AAPL290119C00320000,AAPL,2029-01-19,C,320.0,83.95,283.0,85.75,238.0,0.2822,179.0,22.0,0.7378,0.0022,1.6888,-0.0176,3.8216,85.0389,0.85,86.84,86.84,85.5,up,85.8,2026-09-28T12:18:28,1.00059,84.9500007629394,339.815,2026-09-28 18:44:43,2026-09-28 14:45:04
AAPL,AAPL290119C00330000,AAPL,2029-01-19,C,330.0,78.2,333.0,80.55,213.0,0.2795,116.0,0.0,0.7143,0.0024,1.7599,-0.0193,3.7586,79.7023,0.0,0.0,0.0,0.0,up,80.0,2026-09-25T15:58:47,0.0,79.3499984741211,339.815,2026-09-28 18:44:43,2026-09-28 14:45:04
AAPL,AAPL290119C00340000,AAPL,2029-01-19,C,340.0,73.8,286.0,75.35,312.0,0.2793,307.0,12.0,0.6903,0.0025,1.8235,-0.0208,3.6874,74.6125,0.115,75.15,75.85,74.59,no_change,74.59,2026-09-28T14:06:17,0.154416,74.4749984741211,339.815,2026-09-28 18:44:43,2026-09-28 14:45:04
AAPL,AAPL290119C00350000,AAPL,2029-01-19,C,350.0,68.2,416.0,70.9,416.0,0.2767,672.0,20.0,0.6659,0.0026,1.8797,-0.0222,3.6087,69.7652,1.0,71.0,71.0,69.8,up,70.8,2026-09-28T11:40:23,1.43267,69.7999992370606,339.815,2026-09-28 18:44:43,2026-09-28 14:45:04
AAPL,AAPL290119C00360000,AAPL,2029-01-19,C,360.0,64.45,233.0,66.35,428.0,0.2775,167.0,44.0,0.6412,0.0026,1.9286,-0.0234,3.5184,65.1618,0.325,66.1,66.1,64.75,up,65.35,2026-09-28T11:01:30,0.499805,65.0250015258789,339.815,2026-09-28 18:44:43,2026-09-28 14:45:04
AAPL,AAPL290119C00370000,AAPL,2029-01-19,C,370.0,59.85,361.0,62.2,461.0,0.276,88.0,2.0,0.6163,0.0027,1.9692,-0.0245,3.4251,60.7988,1.225,62.0,62.15,62.0,up,62.15,2026-09-28T10:00:53,2.01067,60.9249992370606,339.815,2026-09-28 18:44:43,2026-09-28 14:45:04
AAPL,AAPL290119C00380000,AAPL,2029-01-19,C,380.0,55.3,372.0,58.15,430.0,0.2737,47.0,0.0,0.5914,0.0028,2.0019,-0.0254,3.325,56.6696,0.0,0.0,0.0,0.0,no_change,54.54,2026-09-24T10:06:56,0.0,56.7250003814697,339.815,2026-09-28 18:44:43,2026-09-28 14:45:04
AAPL,AAPL290119C00390000,AAPL,2029-01-19,C,390.0,52.4,50.0,53.45,223.0,0.2729,74.0,3.0,0.5666,0.0028,2.0265,-0.0261,3.2175,52.773,0.525,53.12,53.15,53.12,up,53.15,2026-09-28T13:03:39,0.997625,52.625,339.815,2026-09-28 18:44:43,2026-09-28 14:45:04
AAPL,AAPL290119C00400000,AAPL,2029-01-19,C,400.0,48.65,58.0,50.05,451.0,0.2722,657.0,54.0,0.542,0.0028,2.0433,-0.0267,3.1104,49.1012,-0.35,50.0,50.0,49.0,down,49.0,2026-09-28T13:55:09,-0.709217,49.3499984741211,339.815,2026-09-28 18:44:43,2026-09-28 14:45:04
AAPL,AAPL290119C00410000,AAPL,2029-01-19,C,410.0,45.15,82.0,46.9,449.0,0.2718,39.0,10.0,0.5176,0.0029,2.0523,-0.0272,2.9984,45.646,0.015,46.44,46.44,45.84,no_change,45.84,2026-09-28T13:06:17,0.0327316,45.8250007629394,339.815,2026-09-28 18:44:43,2026-09-28 14:45:04
AAPL,AAPL290119C00420000,AAPL,2029-01-19,C,420.0,41.6,169.0,43.3,405.0,0.2692,21.0,1.0,0.4936,0.0029,2.0536,-0.0274,2.8826,42.4037,0.675,43.1,43.1,43.1,up,43.1,2026-09-28T10:12:05,1.59104,42.4249992370606,339.815,2026-09-28 18:44:43,2026-09-28 14:45:04
AAPL,AAPL290119C00430000,AAPL,2029-01-19,C,430.0,38.95,63.0,40.05,187.0,0.2687,5.0,0.0,0.4701,0.0029,2.0485,-0.0276,2.7696,39.3644,0.0,0.0,0.0,0.0,up,38.98,2026-09-22T10:37:15,0.0,39.3249988555908,339.815,2026-09-28 18:44:43,2026-09-28 14:45:04
AAPL,AAPL290119C00440000,AAPL,2029-01-19,C,440.0,35.8,336.0,37.1,82.0,0.2668,2.0,4.0,0.4471,0.0029,2.0366,-0.0277,2.6546,36.5185,0.04,36.44,36.44,36.44,no_change,36.44,2026-09-28T14:06:17,0.109886,36.4000015258789,339.815,2026-09-28 18:44:43,2026-09-28 14:45:04
AAPL,AAPL290119C00450000,AAPL,2029-01-19,C,450.0,33.35,90.0,34.95,646.0,0.2678,27.0,9.0,0.4247,0.0029,2.018,-0.0276,2.5376,33.8608,-0.06,34.15,34.15,33.84,no_change,33.84,2026-09-28T13:06:17,-0.17699,33.8999996185303,339.815,2026-09-28 18:44:43,2026-09-28 14:45:04
AAPL,AAPL290119C00460000,AAPL,2029-01-19,C,460.0,30.75,149.0,32.55,517.0,0.267,108.0,0.0,0.403,0.0028,1.9946,-0.0274,2.4252,31.3813,0.0,0.0,0.0,0.0,down,30.2,2026-09-23T11:43:49,0.0,31.3000001907349,339.815,2026-09-28 18:44:43,2026-09-28 14:45:04
AAPL,AAPL290119C00470000,AAPL,2029-01-19,C,470.0,28.25,204.0,29.85,449.0,0.2649,20.0,13.0,0.3819,0.0028,1.9662,-0.0272,2.314,29.0691,0.67,29.52,29.63,29.52,no_change,29.52,2026-09-28T12:18:28,2.32236,28.8499994277954,339.815,2026-09-28 18:44:43,2026-09-28 14:45:04
AAPL,AAPL290119C00480000,AAPL,2029-01-19,C,480.0,26.15,332.0,27.4,37.0,0.2636,5.0,0.0,0.3616,0.0028,1.9322,-0.0268,2.2018,26.918,0.0,0.0,0.0,0.0,down,27.16,2026-09-22T10:54:36,0.0,26.9250001907349,339.815,2026-09-28 18:44:43,2026-09-28 14:45:04
AAPL,AAPL290119C00490000,AAPL,2029-01-19,C,490.0,24.2,218.0,25.8,574.0,0.2643,1.0,2.0,0.342,0.0027,1.8948,-0.0264,2.0942,24.9194,0.68,25.6,25.6,25.53,down,25.53,2026-09-28T10:24:13,2.73642,24.8499994277954,339.815,2026-09-28 18:44:43,2026-09-28 14:45:04
AAPL,AAPL290119C00500000,AAPL,2029-01-19,C,500.0,22.65,56.0,23.75,407.0,0.2641,57.0,5.0,0.3232,0.0026,1.8547,-0.0259,1.9911,23.0622,0.18,23.02,23.23,23.02,up,23.23,2026-09-28T10:32:37,0.78091,23.0500001907349,339.815,2026-09-28 18:44:43,2026-09-28 14:45:04
AAPL,AAPL290119C00510000,AAPL,2029-01-19,C,510.0,21.05,38.0,22.15,402.0,0.2644,15.0,61.0,0.3052,0.0026,1.8108,-0.0253,1.8884,21.339,0.025,21.26,21.6,21.26,down,21.55,2026-09-28T10:32:37,0.116141,21.5250005722046,339.815,2026-09-28 18:44:43,2026-09-28 14:45:04
AAPL,AAPL290119C00520000,AAPL,2029-01-19,C,520.0,19.35,124.0,20.2,38.0,0.2627,21.0,30.0,0.288,0.0025,1.7639,-0.0247,1.7886,19.7432,0.375,19.73,20.25,19.73,up,20.25,2026-09-28T09:49:44,1.88679,19.875,339.815,2026-09-28 18:44:43,2026-09-28 14:45:04
AAPL,AAPL290119C00530000,AAPL,2029-01-19,C,530.0,17.85,60.0,18.85,480.0,0.2627,42.0,2.0,0.2716,0.0024,1.7161,-0.0241,1.695,18.2653,0.405,18.56,18.73,18.56,up,18.73,2026-09-28T09:49:15,2.2101,18.3249998092651,339.815,2026-09-28 18:44:43,2026-09-28 14:45:04
AAPL,AAPL290119C00540000,AAPL,2029-01-19,C,540.0,16.5,55.0,17.8,486.0,0.2635,0.0,2.0,0.2559,0.0024,1.667,-0.0234,1.6046,16.8967,0.2,16.88,17.15,16.88,up,17.15,2026-09-28T11:29:25,1.17994,16.9499998092651,339.815,2026-09-28 18:44:43,2026-09-28 14:45:04
AAPL,AAPL290119C00550000,AAPL,2029-01-19,C,550.0,15.2,157.0,16.15,410.0,0.2619,60.0,0.0,0.241,0.0023,1.6157,-0.0227,1.5157,15.6314,0.0,0.0,0.0,0.0,up,15.3,2026-09-24T10:22:17,0.0,15.7249999046326,339.815,2026-09-28 18:44:43,2026-09-28 14:45:04
AAPL,AAPL290119C00560000,AAPL,2029-01-19,C,560.0,14.15,44.0,15.05,476.0,0.2624,2.0,1.0,0.2269,0.0022,1.5634,-0.022,1.4313,14.463,0.02,14.57,14.57,14.57,up,14.57,2026-09-28T10:46:22,0.137459,14.5499997138977,339.815,2026-09-28 18:44:43,2026-09-28 14:45:04
AAPL,AAPL290119C00570000,AAPL,2029-01-19,C,570.0,12.85,266.0,14.2,523.0,0.2622,2.0,0.0,0.2136,0.0022,1.5119,-0.0213,1.3526,13.3835,0.0,0.0,0.0,0.0,down,13.13,2026-09-24T10:22:46,0.0,13.5,339.815,2026-09-28 18:44:43,2026-09-28 14:45:04
AAPL,AAPL290119C00580000,AAPL,2029-01-19,C,580.0,11.95,277.0,12.75,45.0,0.2609,25.0,2.0,0.2009,0.0021,1.4604,-0.0206,1.277,12.3861,0.03,13.0,13.0,12.53,down,12.53,2026-09-28T09:48:40,0.24,12.5,339.815,2026-09-28 18:44:43,2026-09-28 14:45:04
AAPL,AAPL290119C00590000,AAPL,2029-01-19,C,590.0,10.95,445.0,11.75,7.0,0.2602,3.0,1.0,0.189,0.002,1.4081,-0.0199,1.2034,11.4659,-0.015,11.56,11.56,11.56,up,11.56,2026-09-28T10:46:22,-0.129588,11.5749998092651,339.815,2026-09-28 18:44:43,2026-09-28 14:45:04
AAPL,AAPL290119C00600000,AAPL,2029-01-19,C,600.0,10.3,98.0,11.25,495.0,0.2622,60.0,1.0,0.1777,0.0019,1.3558,-0.0192,1.134,10.6178,-0.275,10.5,10.5,10.5,no_change,10.5,2026-09-28T10:47:38,-2.55221,10.7750000953674,339.815,2026-09-28 18:44:43,2026-09-28 14:45:04
AAPL,AAPL290119C00610000,AAPL,2029-01-19,C,610.0,9.55,71.0,10.35,463.0,0.2619,7.0,1.0,0.167,0.0019,1.3051,-0.0184,1.0696,9.8355,-0.025,9.9,9.9,9.9,down,9.9,2026-09-28T10:40:20,-0.251891,9.92500019073486,339.815,2026-09-28 18:44:43,2026-09-28 14:45:04
AAPL,AAPL290119C00620000,AAPL,2029-01-19,C,620.0,8.7,214.0,9.6,412.0,0.2613,15.0,0.0,0.157,0.0018,1.2557,-0.0177,1.0087,9.1135,0.0,0.0,0.0,0.0,up,9.25,2026-09-22T15:54:23,0.0,9.17500019073486,339.815,2026-09-28 18:44:43,2026-09-28 14:45:04
AAPL,AAPL290119C00630000,AAPL,2029-01-19,C,630.0,8.0,315.0,9.05,344.0,0.2617,9.0,0.0,0.1476,0.0017,1.2066,-0.017,0.9497,8.4478,0.0,0.0,0.0,0.0,up,8.48,2026-09-25T14:25:03,0.0,8.47500038146973,339.815,2026-09-28 18:44:43,2026-09-28 14:45:04
AAPL,AAPL290119C00640000,AAPL,2029-01-19,C,640.0,7.4,299.0,8.3,337.0,0.2612,7.0,0.0,0.1387,0.0016,1.1579,-0.0164,0.8937,7.8348,0.0,0.0,0.0,0.0,up,7.9,2026-09-25T15:12:45,0.0,7.95000004768372,339.815,2026-09-28 18:44:43,2026-09-28 14:45:04
AAPL,AAPL290119C00650000,AAPL,2029-01-19,C,650.0,6.95,268.0,7.5,18.0,0.2608,6.0,0.0,0.1304,0.0016,1.1105,-0.0157,0.8417,7.2681,0.0,0.0,0.0,0.0,up,7.05,2026-09-25T10:07:20,0.0,7.29999995231628,339.815,2026-09-28 18:44:43,2026-09-28 14:45:04
AAPL,AAPL290119C00660000,AAPL,2029-01-19,C,660.0,6.3,416.0,7.35,342.0,0.262,1.0,6.0,0.1226,0.0015,1.0655,-0.0151,0.7936,6.7473,0.19,6.84,6.84,6.84,down,6.84,2026-09-28T09:42:59,2.85715,6.64999985694885,339.815,2026-09-28 18:44:43,2026-09-28 14:45:04
AAPL,AAPL290119C00670000,AAPL,2029-01-19,C,670.0,6.0,103.0,6.55,162.0,0.2615,213.0,6.0,0.1153,0.0014,1.0219,-0.0144,0.7477,6.2669,0.305,6.4,6.63,6.4,down,6.58,2026-09-28T10:14:37,4.86056,6.27499985694885,339.815,2026-09-28 18:44:43,2026-09-28 14:45:04
AAPL,AAPL290119P00005000,AAPL,2029-01-19,P,5.0,0.0,0.0,0.15,10.0,1.1085,15.0,0.0,0.0,0.0,0.0009,0.0,-0.0004,0.0053,0.0,0.0,0.0,0.0,down,0.03,2026-09-22T15:59:55,0.0,0.0750000029802322,339.815,2026-09-28 18:44:43,2026-09-28 14:45:04
AAPL,AAPL290119P00010000,AAPL,2029-01-19,P,10.0,0.0,0.0,0.69,533.0,1.0954,0.0,0.0,-0.0001,0.0,0.0021,-0.0001,-0.001,0.0123,0.0,0.0,0.0,0.0,no_change,0.0,,0.0,0.444999992847443,339.815,2026-09-28 18:44:43,2026-09-28 14:45:04
AAPL,AAPL290119P00015000,AAPL,2029-01-19,P,15.0,0.0,0.0,0.69,369.0,0.9537,0.0,0.0,-0.0002,0.0,0.0037,-0.0001,-0.0018,0.0209,0.0,0.0,0.0,0.0,no_change,0.0,,0.0,0.444999992847443,339.815,2026-09-28 18:44:43,2026-09-28 14:45:04
AAPL,AAPL290119P00020000,AAPL,2029-01-19,P,20.0,0.01,5.0,0.7,347.0,0.8619,0.0,0.0,-0.0003,0.0,0.0057,-0.0002,-0.0029,0.0313,0.0,0.0,0.0,0.0,no_change,0.0,,0.0,0.354999993927777,339.815,2026-09-28 18:44:43,2026-09-28 14:45:04
AAPL,AAPL290119P00025000,AAPL,2029-01-19,P,25.0,0.01,5.0,0.71,486.0,0.7919,13.0,0.0,-0.0004,0.0,0.008,-0.0003,-0.0041,0.0435,0.0,0.0,0.0,0.0,up,0.14,2026-09-22T15:59:55,0.0,0.365000014193356,339.815,2026-09-28 18:44:43,2026-09-28 14:45:04
AAPL,AAPL290119P00030000,AAPL,2029-01-19,P,30.0,0.01,5.0,0.72,483.0,0.7362,3.0,0.0,-0.0006,0.0,0.0107,-0.0003,-0.0055,0.0577,0.0,0.0,0.0,0.0,down,0.09,2026-09-17T12:49:58,0.0,0.465000008232892,339.815,2026-09-28 18:44:43,2026-09-28 14:45:04
AAPL,AAPL290119P00035000,AAPL,2029-01-19,P,35.0,0.0,0.0,3.85,459.0,0.9006,4.0,0.0,-0.0008,0.0,0.014,-0.0004,-0.0073,0.0746,0.0,0.0,0.0,0.0,down,0.15,2026-09-22T15:15:28,0.0,2.17499995231628,339.815,2026-09-28 18:44:43,2026-09-28 14:45:04
AAPL,AAPL290119P00040000,AAPL,2029-01-19,P,40.0,0.0,0.0,4.15,465.0,0.858,0.0,0.0,-0.001,0.0,0.0175,-0.0005,-0.0093,0.0933,0.0,0.0,0.0,0.0,no_change,0.0,,0.0,2.17499995231628,339.815,2026-09-28 18:44:43,2026-09-28 14:45:04
AAPL,AAPL290119P00045000,AAPL,2029-01-19,P,45.0,0.0,0.0,3.65,465.0,0.7898,0.0,0.0,-0.0012,0.0,0.0215,-0.0006,-0.0115,0.1144,0.0,0.0,0.0,0.0,no_change,0.0,,0.0,2.17499995231628,339.815,2026-09-28 18:44:43,2026-09-28 14:45:04
AAPL,AAPL290119P00050000,AAPL,2029-01-19,P,50.0,0.0,0.0,0.61,519.0,0.5689,0.0,0.0,-0.0015,0.0,0.0261,-0.0007,-0.0141,0.1382,0.0,0.0,0.0,0.0,no_change,0.0,,0.0,0.479999989271164,339.815,2026-09-28 18:44:43,2026-09-28 14:45:04
AAPL,AAPL290119P00060000,AAPL,2029-01-19,P,60.0,0.0,0.0,0.75,530.0,0.5309,0.0,0.0,-0.0022,0.0,0.0367,-0.001,-0.0203,0.195,0.0,0.0,0.0,0.0,no_change,0.0,,0.0,0.400000005960464,339.815,2026-09-28 18:44:43,2026-09-28 14:45:04
AAPL,AAPL290119P00070000,AAPL,2029-01-19,P,70.0,0.0,0.0,0.85,432.0,0.4946,0.0,0.0,-0.0031,0.0,0.0498,-0.0012,-0.0281,0.2651,0.0,0.0,0.0,0.0,no_change,0.0,,0.0,0.324999988079071,339.815,2026-09-28 18:44:43,2026-09-28 14:45:04
AAPL,AAPL290119P00080000,AAPL,2029-01-19,P,80.0,0.01,461.0,0.56,589.0,0.4332,0.0,0.0,-0.0042,0.0,0.0656,-0.0016,-0.0381,0.354,0.0,0.0,0.0,0.0,no_change,0.0,,0.0,0.479999993927777,339.815,2026-09-28 18:44:43,2026-09-28 14:45:04
AAPL,AAPL290119P00090000,AAPL,2029-01-19,P,90.0,0.01,708.0,0.67,529.0,0.4101,0.0,0.0,-0.0056,0.0001,0.0849,-0.002,-0.0504,0.4646,0.0,0.0,0.0,0.0,no_change,0.0,,0.0,0.390000000596046,339.815,2026-09-28 18:44:43,2026-09-28 14:45:04
AAPL,AAPL290119P00100000,AAPL,2029-01-19,P,100.0,0.04,707.0,1.01,688.0,0.4036,18.0,0.0,-0.0074,0.0001,0.1079,-0.0024,-0.0658,0.6023,0.0,0.0,0.0,0.0,up,0.54,2026-09-25T15:55:32,0.0,0.415000005625188,339.815,2026-09-28 18:44:43,2026-09-28 14:45:04
AAPL,AAPL290119P00110000,AAPL,2029-01-19,P,110.0,0.53,136.0,0.95,150.0,0.395,3.0,0.0,-0.0095,0.0001,0.1353,-0.0029,-0.0847,0.7731,0.0,0.0,0.0,0.0,down,0.72,2026-09-21T15:52:07,0.0,0.705000016838312,339.815,2026-09-28 18:44:43,2026-09-28 14:45:04
AAPL,AAPL290119P00115000,AAPL,2029-01-19,P,115.0,0.66,27.0,1.06,135.0,0.3904,1.0,0.0,-0.0108,0.0001,0.151,-0.0032,-0.0957,0.8741,0.0,0.0,0.0,0.0,down,0.96,2026-09-18T14:29:41,0.0,0.825000017881394,339.815,2026-09-28 18:44:43,2026-09-28 14:45:04
AAPL,AAPL290119P00120000,AAPL,2029-01-19,P,120.0,0.79,27.0,1.2,158.0,0.386,5.0,0.0,-0.0122,0.0002,0.1676,-0.0035,-0.108,0.9843,0.0,0.0,0.0,0.0,up,0.93,2026-09-25T13:47:45,0.0,1.03999996185303,339.815,2026-09-28 18:44:43,2026-09-28 14:45:04
AAPL,AAPL290119P00125000,AAPL,2029-01-19,P,125.0,0.81,253.0,1.34,176.0,0.3778,66.0,0.0,-0.0138,0.0002,0.1857,-0.0039,-0.1211,1.1077,0.0,0.0,0.0,0.0,down,1.05,2026-09-24T15:37:42,0.0,1.08999997377396,339.815,2026-09-28 18:44:43,2026-09-28 14:45:04
AAPL,AAPL290119P00130000,AAPL,2029-01-19,P,130.0,1.08,16.0,1.43,15.0,0.3748,2.0,0.0,-0.0155,0.0002,0.2053,-0.0042,-0.136,1.2453,0.0,0.0,0.0,0.0,up,1.5,2026-09-22T12:17:13,0.0,1.30000001192093,339.815,2026-09-28 18:44:43,2026-09-28 14:45:04
AAPL,AAPL290119P00135000,AAPL,2029-01-19,P,135.0,1.2,101.0,1.67,161.0,0.371,7.0,0.0,-0.0174,0.0002,0.2264,-0.0046,-0.1519,1.3966,0.0,0.0,0.0,0.0,down,1.51,2026-09-21T14:27:14,0.0,1.5799999833107,339.815,2026-09-28 18:44:43,2026-09-28 14:45:04
AAPL,AAPL290119P00140000,AAPL,2029-01-19,P,140.0,1.25,286.0,1.93,356.0,0.3656,6.0,0.0,-0.0194,0.0003,0.249,-0.005,-0.1698,1.5639,0.0,0.0,0.0,0.0,down,1.54,2026-09-22T12:51:04,0.0,1.63999998569489,339.815,2026-09-28 18:44:43,2026-09-28 14:45:04
AAPL,AAPL290119P00145000,AAPL,2029-01-19,P,145.0,1.42,275.0,2.15,361.0,0.3613,18.0,0.0,-0.0217,0.0003,0.2729,-0.0054,-0.1887,1.7482,0.0,0.0,0.0,0.0,up,2.19,2026-09-15T11:06:10,0.0,1.83999997377396,339.815,2026-09-28 18:44:43,2026-09-28 14:45:04
AAPL,AAPL290119P00150000,AAPL,2029-01-19,P,150.0,1.82,31.0,2.31,139.0,0.3595,14.0,0.0,-0.0242,0.0003,0.2986,-0.0059,-0.2088,1.9522,0.0,0.0,0.0,0.0,down,2.14,2026-09-24T12:54:25,0.0,2.25999999046326,339.815,2026-09-28 18:44:43,2026-09-28 14:45:04
AAPL,AAPL290119P00155000,AAPL,2029-01-19,P,155.0,2.02,100.0,2.53,113.0,0.3546,6.0,0.0,-0.0269,0.0004,0.3262,-0.0064,-0.2323,2.1759,0.0,0.0,0.0,0.0,up,2.44,2026-09-22T14:26:06,0.0,2.3199999332428,339.815,2026-09-28 18:44:43,2026-09-28 14:45:04
AAPL,AAPL290119P00160000,AAPL,2029-01-19,P,160.0,2.17,104.0,2.72,10.0,0.3483,3.0,0.0,-0.0298,0.0004,0.3551,-0.0069,-0.2564,2.4219,0.0,0.0,0.0,0.0,down,2.9,2026-09-16T13:33:48,0.0,2.53999996185303,339.815,2026-09-28 18:44:43,2026-09-28 14:45:04
AAPL,AAPL290119P00165000,AAPL,2029-01-19,P,165.0,2.42,239.0,3.1,109.0,0.3458,6.0,0.0,-0.033,0.0004,0.3861,-0.0074,-0.283,2.6918,0.0,0.0,0.0,0.0,down,2.65,2026-09-22T14:26:06,0.0,3.125,339.815,2026-09-28 18:44:43,2026-09-28 14:45:04
AAPL,AAPL290119P00170000,AAPL,2029-01-19,P,170.0,2.85,4.0,3.3,10.0,0.3426,21.0,0.0,-0.0365,0.0005,0.4178,-0.008,-0.3114,2.9871,0.0,0.0,0.0,0.0,no_change,3.23,2026-09-23T11:53:29,0.0,3.125,339.815,2026-09-28 18:44:43,2026-09-28 14:45:04
AAPL,AAPL290119P00175000,AAPL,2029-01-19,P,175.0,2.97,275.0,3.65,29.0,0.3372,0.0,1.0,-0.0402,0.0005,0.4523,-0.0086,-0.3419,3.3076,0.15,3.7,3.7,3.7,up,3.7,2026-09-28T12:02:07,4.22535,3.55000007152557,339.815,2026-09-28 18:44:43,2026-09-28 14:45:04
AAPL,AAPL290119P00180000,AAPL,2029-01-19,P,180.0,3.1,309.0,4.1,18.0,0.3327,4.0,0.0,-0.0442,0.0006,0.488,-0.0092,-0.3754,3.6593,0.0,0.0,0.0,0.0,up,3.91,2026-09-24T15:49:22,0.0,3.77500009536743,339.815,2026-09-28 18:44:43,2026-09-28 14:45:04
AAPL,AAPL290119P00185000,AAPL,2029-01-19,P,185.0,3.75,117.0,4.6,122.0,0.3335,5.0,0.0,-0.0486,0.0006,0.526,-0.0098,-0.4107,4.0428,0.0,0.0,0.0,0.0,down,4.15,2026-09-25T14:48:38,0.0,4.20000004768372,339.815,2026-09-28 18:44:43,2026-09-28 14:45:04
AAPL,AAPL290119P00190000,AAPL,2029-01-19,P,190.0,4.1,288.0,4.8,11.0,0.3278,9.0,1.0,-0.0532,0.0007,0.5639,-0.0105,-0.4478,4.4583,-0.105,4.42,4.42,4.42,down,4.42,2026-09-28T10:24:51,-2.32044,4.52499985694885,339.815,2026-09-28 18:44:43,2026-09-28 14:45:04
AAPL,AAPL290119P00195000,AAPL,2029-01-19,P,195.0,4.5,308.0,5.35,12.0,0.3255,7.0,0.0,-0.0582,0.0007,0.6053,-0.0112,-0.4888,4.9075,0.0,0.0,0.0,0.0,down,5.0,2026-09-22T11:32:45,0.0,5.15000009536743,339.815,2026-09-28 18:44:43,2026-09-28 14:45:04
AAPL,AAPL290119P00200000,AAPL,2029-01-19,P,200.0,5.0,288.0,5.8,10.0,0.3227,133.0,7.0,-0.0635,0.0008,0.6463,-0.0119,-0.5308,5.3915,-0.12,5.53,5.53,5.53,down,5.53,2026-09-28T12:06:56,-2.1239,5.65000009536743,339.815,2026-09-28 18:44:43,2026-09-28 14:45:04
AAPL,AAPL290119P00210000,AAPL,2029-01-19,P,210.0,6.1,254.0,6.85,10.0,0.3176,3.0,14.0,-0.0753,0.0009,0.7341,-0.0134,-0.6227,6.4848,-0.195,6.52,6.53,6.52,up,6.53,2026-09-28T12:06:56,-2.89963,6.72500014305115,339.815,2026-09-28 18:44:43,2026-09-28 14:45:04
AAPL,AAPL290119P00220000,AAPL,2029-01-19,P,220.0,7.4,195.0,8.3,23.0,0.3144,6.0,0.0,-0.0885,0.001,0.8279,-0.0149,-0.7212,7.7474,0.0,0.0,0.0,0.0,down,8.0,2026-09-22T09:37:36,0.0,7.875,339.815,2026-09-28 18:44:43,2026-09-28 14:45:04
AAPL,AAPL290119P00230000,AAPL,2029-01-19,P,230.0,8.8,348.0,9.7,138.0,0.3096,142.0,7.0,-0.1032,0.0012,0.924,-0.0165,-0.8341,9.1961,-0.1,9.9,9.9,9.3,down,9.3,2026-09-28T10:45:19,-1.06383,9.40000009536743,339.815,2026-09-28 18:44:43,2026-09-28 14:45:04
AAPL,AAPL290119P00240000,AAPL,2029-01-19,P,240.0,10.25,520.0,11.3,51.0,0.3045,32.0,13.0,-0.1196,0.0014,1.0229,-0.0182,-0.9532,10.8504,-0.19,10.91,10.91,10.91,down,10.91,2026-09-28T10:09:28,-1.71171,11.0999999046326,339.815,2026-09-28 18:44:43,2026-09-28 14:45:04
AAPL,AAPL290119P00250000,AAPL,2029-01-19,P,250.0,12.3,417.0,13.0,57.0,0.301,384.0,5.0,-0.1377,0.0015,1.1254,-0.0199,-1.0822,12.7238,-0.125,12.7,12.7,12.7,down,12.7,2026-09-28T10:17:06,-0.974657,12.8249998092651,339.815,2026-09-28 18:44:43,2026-09-28 14:45:04
AAPL,AAPL290119P00260000,AAPL,2029-01-19,P,260.0,14.4,479.0,15.3,203.0,0.2985,31.0,76.0,-0.1574,0.0017,1.2266,-0.0217,-1.2139,14.837,-0.035,14.8,14.99,14.8,up,14.99,2026-09-28T14:03:29,-0.232946,15.0250000953674,339.815,2026-09-28 18:44:43,2026-09-28 14:45:04
AAPL,AAPL290119P00270000,AAPL,2029-01-19,P,270.0,16.7,414.0,17.7,139.0,0.2955,118.0,1.0,-0.1787,0.0019,1.3242,-0.0234,-1.3602,17.1939,-0.495,16.93,16.93,16.93,down,16.93,2026-09-28T10:24:51,-2.84074,17.4249992370605,339.815,2026-09-28 18:44:43,2026-09-28 14:45:04
AAPL,AAPL290119P00280000,AAPL,2029-01-19,P,280.0,19.65,25.0,20.25,200.0,0.2934,170.0,9.0,-0.2019,0.0021,1.4201,-0.0252,-1.5058,19.8224,-0.6,19.56,19.56,19.4,down,19.4,2026-09-28T09:55:41,-3.0,20.0,339.815,2026-09-28 18:44:43,2026-09-28 14:45:04
AAPL,AAPL290119P00290000,AAPL,2029-01-19,P,290.0,22.4,127.0,23.3,486.0,0.2909,124.0,0.0,-0.2265,0.0023,1.514,-0.0269,-1.6452,22.723,0.0,0.0,0.0,0.0,up,22.8,2026-09-25T14:23:05,0.0,23.0249996185303,339.815,2026-09-28 18:44:43,2026-09-28 14:45:04
AAPL,AAPL290119P00300000,AAPL,2029-01-19,P,300.0,25.45,486.0,26.2,60.0,0.287,107.0,55.0,-0.2527,0.0025,1.5989,-0.0286,-1.7946,25.9175,-0.35,25.85,25.85,25.8,down,25.8,2026-09-28T10:45:19,-1.33843,26.1500005722046,339.815,2026-09-28 18:44:43,2026-09-28 14:45:04
AAPL,AAPL290119P00310000,AAPL,2029-01-19,P,310.0,28.8,527.0,29.95,192.0,0.2852,76.0,0.0,-0.2806,0.0027,1.6773,-0.0302,-1.9361,29.4132,0.0,0.0,0.0,0.0,down,30.5,2026-09-25T10:33:54,0.0,29.6000003814697,339.815,2026-09-28 18:44:43,2026-09-28 14:45:04
AAPL,AAPL290119P00320000,AAPL,2029-01-19,P,320.0,32.6,526.0,33.8,189.0,0.2831,41.0,0.0,-0.31,0.0029,1.7468,-0.0318,-2.0739,33.2314,0.0,0.0,0.0,0.0,up,34.3,2026-09-24T15:30:15,0.0,33.3999996185303,339.815,2026-09-28 18:44:43,2026-09-28 14:45:04
AAPL,AAPL290119P00330000,AAPL,2029-01-19,P,330.0,36.7,593.0,37.95,529.0,0.2811,97.0,2.0,-0.3408,0.0031,1.8057,-0.0333,-2.2132,37.3591,-0.085,37.24,37.24,37.24,no_change,37.24,2026-09-28T11:07:19,-0.227731,37.3250007629394,339.815,2026-09-28 18:44:43,2026-09-28 14:45:04
AAPL,AAPL290119P00340000,AAPL,2029-01-19,P,340.0,41.2,333.0,42.2,121.0,0.279,57.0,2.0,-0.373,0.0033,1.8515,-0.0347,-2.3398,41.803,-0.8,41.15,41.15,41.15,no_change,41.15,2026-09-28T11:50:32,-1.90703,41.9500007629394,339.815,2026-09-28 18:44:43,2026-09-28 14:45:04
AAPL,AAPL290119P00350000,AAPL,2029-01-19,P,350.0,46.0,398.0,47.3,362.0,0.278,17.0,6.0,-0.4066,0.0035,1.8815,-0.036,-2.4332,46.6164,-0.3,45.73,46.4,45.73,up,46.4,2026-09-28T10:46:04,-0.6424,46.7000007629394,339.815,2026-09-28 18:44:43,2026-09-28 14:45:04
AAPL,AAPL290119P00360000,AAPL,2029-01-19,P,360.0,51.1,541.0,52.4,347.0,0.2763,25.0,21.0,-0.4412,0.0037,1.8936,-0.0373,-2.4909,51.7503,-0.475,51.06,51.06,51.0,down,51.0,2026-09-28T10:35:10,-0.922779,51.4750003814697,339.815,2026-09-28 18:44:43,2026-09-28 14:45:04
AAPL,AAPL290119P00370000,AAPL,2029-01-19,P,370.0,56.8,7.0,58.2,150.0,0.2764,20.0,0.0,-0.4768,0.0039,1.908,-0.0385,-2.5962,57.192,0.0,0.0,0.0,0.0,down,59.81,2026-09-21T10:11:55,0.0,57.3500003814697,339.815,2026-09-28 18:44:43,2026-09-28 14:45:04
AAPL,AAPL290119P00380000,AAPL,2029-01-19,P,380.0,62.05,113.0,64.15,230.0,0.2738,384.0,0.0,-0.5138,0.0041,1.8901,-0.0396,-2.6603,63.0266,0.0,0.0,0.0,0.0,no_change,61.82,2026-09-22T11:03:54,0.0,63.0249977111816,339.815,2026-09-28 18:44:43,2026-09-28 14:45:04
AAPL,AAPL290119P00390000,AAPL,2029-01-19,P,390.0,67.95,286.0,70.15,194.0,0.2713,535.0,0.0,-0.5518,0.0042,1.8411,-0.0406,-2.6311,69.2144,0.0,0.0,0.0,0.0,up,69.9,2026-09-22T14:10:37,0.0,69.0,339.815,2026-09-28 18:44:43,2026-09-28 14:45:04
AAPL,AAPL290119P00400000,AAPL,2029-01-19,P,400.0,74.7,22.0,76.55,90.0,0.2704,38.0,0.0,-0.5904,0.0044,1.792,-0.0415,-2.5567,75.7266,0.0,0.0,0.0,0.0,up,74.57,2026-09-22T12:04:14,0.0,75.7000007629394,339.815,2026-09-28 18:44:43,2026-09-28 14:45:04
AAPL,AAPL290119P00410000,AAPL,2029-01-19,P,410.0,81.25,66.0,83.4,62.0,0.2684,2.0,0.0,-0.6299,0.0046,1.7424,-0.0422,-2.6051,82.5978,0.0,0.0,0.0,0.0,up,88.6,2026-09-14T11:08:24,0.0,82.5250015258789,339.815,2026-09-28 18:44:43,2026-09-28 14:45:04
AAPL,AAPL290119P00420000,AAPL,2029-01-19,P,420.0,88.15,180.0,90.7,46.0,0.2662,4.0,0.0,-0.6707,0.0048,1.616,-0.043,-2.4796,89.8601,0.0,0.0,0.0,0.0,up,91.99,2026-09-24T15:48:56,0.0,89.8499984741211,339.815,2026-09-28 18:44:43,2026-09-28 14:45:04
AAPL,AAPL290119P00430000,AAPL,2029-01-19,P,430.0,96.4,26.0,98.55,151.0,0.2683,5.0,0.0,-0.7116,0.005,1.4947,-0.0438,-2.268,97.4304,0.0,0.0,0.0,0.0,down,99.12,2026-09-23T11:24:44,0.0,97.5250015258789,339.815,2026-09-28 18:44:43,2026-09-28 14:45:04
AAPL,AAPL290119P00440000,AAPL,2029-01-19,P,440.0,103.6,264.0,106.4,24.0,0.2646,0.0,0.0,-0.753,0.0052,1.4079,-0.0444,-2.1084,105.3302,0.0,0.0,0.0,0.0,no_change,0.0,,0.0,105.275001525879,339.815,2026-09-28 18:44:43,2026-09-28 14:45:04
AAPL,AAPL290119P00450000,AAPL,2029-01-19,P,450.0,111.5,193.0,115.65,193.0,0.2656,0.0,0.0,-0.7963,0.0054,1.178,-0.0454,-1.9238,113.6626,0.0,0.0,0.0,0.0,no_change,0.0,,0.0,113.549999237061,339.815,2026-09-28 18:44:43,2026-09-28 14:45:04
AAPL,AAPL290119P00460000,AAPL,2029-01-19,P,460.0,121.0,31.0,123.65,27.0,0.2663,1.0,0.0,-0.8401,0.0057,1.0227,-0.0457,-1.4792,122.2621,0.0,0.0,0.0,0.0,down,119.3,2026-09-22T11:33:12,0.0,121.900001525879,339.815,2026-09-28 18:44:43,2026-09-28 14:45:04
AAPL,AAPL290119P00470000,AAPL,2029-01-19,P,470.0,129.05,117.0,133.45,113.0,0.2656,0.0,0.0,-0.8833,0.0058,0.8539,-0.0464,-1.4097,131.1949,0.0,0.0,0.0,0.0,no_change,0.0,,0.0,131.0,339.815,2026-09-28 18:44:43,2026-09-28 14:45:04
AAPL,AAPL290119P00480000,AAPL,2029-01-19,P,480.0,138.5,119.0,142.5,11.0,0.2629,0.0,0.0,-0.9184,0.0052,0.4816,-0.0471,-0.8151,140.5708,0.0,0.0,0.0,0.0,no_change,0.0,,0.0,140.050003051758,339.815,2026-09-28 18:44:43,2026-09-28 14:45:04
AAPL,AAPL290119P00490000,AAPL,2029-01-19,P,490.0,147.5,101.0,152.5,100.0,0.0,0.0,0.0,-0.949,0.0041,0.331,-0.0521,0.0,150.1846,0.0,0.0,0.0,0.0,no_change,0.0,,0.0,149.25,339.815,2026-09-28 18:44:43,2026-09-28 14:45:04
AAPL,AAPL290119P00500000,AAPL,2029-01-19,P,500.0,157.5,109.0,162.5,108.0,0.0,0.0,0.0,-0.9715,0.0023,0.0,-0.0521,0.0,160.1846,0.0,0.0,0.0,0.0,no_change,0.0,,0.0,159.0,339.815,2026-09-28 18:44:43,2026-09-28 14:45:04
AAPL,AAPL290119P00510000,AAPL,2029-01-19,P,510.0,168.0,10.0,172.2,9.0,0.0,0.0,0.0,-0.9874,0.001,0.0,-0.0521,0.0,170.1846,0.0,0.0,0.0,0.0,no_change,0.0,,0.0,169.25,339.815,2026-09-28 18:44:43,2026-09-28 14:45:04
AAPL,AAPL290119P00520000,AAPL,2029-01-19,P,520.0,178.0,10.0,182.5,9.0,0.2982,0.0,0.0,-0.9984,0.0001,0.0,-0.0521,0.0,180.1846,0.0,0.0,0.0,0.0,no_change,0.0,,0.0,179.199996948242,339.815,2026-09-28 18:44:43,2026-09-28 14:45:04
AAPL,AAPL290119P00530000,AAPL,2029-01-19,P,530.0,188.0,10.0,192.5,10.0,0.3077,0.0,0.0,-1.0,0.0,0.0,-0.0521,0.0,190.1846,0.0,0.0,0.0,0.0,no_change,0.0,,0.0,189.400001525879,339.815,2026-09-28 18:44:43,2026-09-28 14:45:04
AAPL,AAPL290119P00540000,AAPL,2029-01-19,P,540.0,198.0,10.0,202.5,9.0,0.317,0.0,0.0,-1.0,0.0,0.0,-0.0521,0.0,200.1846,0.0,0.0,0.0,0.0,no_change,0.0,,0.0,199.0,339.815,2026-09-28 18:44:43,2026-09-28 14:45:04
AAPL,AAPL290119P00550000,AAPL,2029-01-19,P,550.0,208.0,10.0,212.5,10.0,0.326,0.0,0.0,-1.0,0.0,0.0,-0.0521,0.0,210.1846,0.0,0.0,0.0,0.0,no_change,0.0,,0.0,209.0,339.815,2026-09-28 18:44:43,2026-09-28 14:45:04
AAPL,AAPL290119P00560000,AAPL,2029-01-19,P,560.0,218.0,10.0,222.5,9.0,0.3349,0.0,0.0,-1.0,0.0,0.0,-0.0521,0.0,220.1846,0.0,0.0,0.0,0.0,no_change,0.0,,0.0,219.0,339.815,2026-09-28 18:44:43,2026-09-28 14:45:04
AAPL,AAPL290119P00570000,AAPL,2029-01-19,P,570.0,228.0,10.0,232.5,9.0,0.3436,0.0,0.0,-1.0,0.0,0.0,-0.0521,0.0,230.1846,0.0,0.0,0.0,0.0,no_change,0.0,,0.0,229.0,339.815,2026-09-28 18:44:43,2026-09-28 14:45:04
AAPL,AAPL290119P00580000,AAPL,2029-01-19,P,580.0,237.8,7.0,242.5,9.0,0.0,0.0,0.0,-1.0,0.0,0.0,-0.0521,0.0,240.1846,0.0,0.0,0.0,0.0,no_change,0.0,,0.0,239.0,339.815,2026-09-28 18:44:43,2026-09-28 14:45:04
AAPL,AAPL290119P00590000,AAPL,2029-01-19,P,590.0,247.5,8.0,252.5,2.0,0.0,0.0,0.0,-1.0,0.0,0.0,-0.0521,0.0,250.1846,0.0,0.0,0.0,0.0,no_change,0.0,,0.0,249.0,339.815,2026-09-28 18:44:43,2026-09-28 14:45:04
AAPL,AAPL290119P00600000,AAPL,2029-01-19,P,600.0,257.5,7.0,262.5,2.0,0.0,0.0,0.0,-1.0,0.0,0.0,-0.0521,0.0,260.1846,0.0,0.0,0.0,0.0,no_change,0.0,,0.0,259.0,339.815,2026-09-28 18:44:43,2026-09-28 14:45:04
AAPL,AAPL290119P00610000,AAPL,2029-01-19,P,610.0,267.5,6.0,272.5,2.0,0.0,0.0,0.0,-1.0,0.0,0.0,-0.0521,0.0,270.1846,0.0,0.0,0.0,0.0,no_change,0.0,,0.0,269.0,339.815,2026-09-28 18:44:43,2026-09-28 14:45:04
AAPL,AAPL290119P00620000,AAPL,2029-01-19,P,620.0,277.5,6.0,282.5,2.0,0.0,0.0,0.0,-1.0,0.0,0.0,-0.0521,0.0,280.1846,0.0,0.0,0.0,0.0,no_change,0.0,,0.0,279.0,339.815,2026-09-28 18:44:43,2026-09-28 14:45:04
AAPL,AAPL290119P00630000,AAPL,2029-01-19,P,630.0,287.5,2.0,292.5,2.0,0.0,0.0,0.0,-1.0,0.0,0.0,-0.0521,0.0,290.1846,0.0,0.0,0.0,0.0,no_change,0.0,,0.0,289.0,339.815,2026-09-28 18:44:43,2026-09-28 14:45:04
AAPL,AAPL290119P00640000,AAPL,2029-01-19,P,640.0,297.5,2.0,302.5,2.0,0.0,0.0,0.0,-1.0,0.0,0.0,-0.0521,0.0,300.1846,0.0,0.0,0.0,0.0,up,296.95,2026-09-22T11:32:59,0.0,299.0,339.815,2026-09-28 18:44:43,2026-09-28 14:45:04
AAPL,AAPL290119P00650000,AAPL,2029-01-19,P,650.0,307.5,2.0,312.5,2.0,0.0,0.0,0.0,-1.0,0.0,0.0,-0.0521,0.0,310.1846,0.0,0.0,0.0,0.0,no_change,0.0,,0.0,309.0,339.815,2026-09-28 18:44:43,2026-09-28 14:45:04
AAPL,AAPL290119P00660000,AAPL,2029-01-19,P,660.0,317.5,3.0,322.5,2.0,0.0,0.0,0.0,-1.0,0.0,0.0,-0.0521,0.0,320.1846,0.0,0.0,0.0,0.0,no_change,0.0,,0.0,319.0,339.815,2026-09-28 18:44:43,2026-09-28 14:45:04
AAPL,AAPL290119P00670000,AAPL,2029-01-19,P,670.0,327.5,2.0,332.5,2.0,0.0,0.0,0.0,-1.0,0.0,0.0,-0.0521,0.0,330.1846,0.0,0.0,0.0,0.0,no_change,0.0,,0.0,329.0,339.815,2026-09-28 18:44:43,2026-09-28 14:45:04
